id	groupId	place	unlockPlace	levelList	hardLevel1	hardLevel2	starCondition	starConditionNum	starConditionRound	fristRewards	fristRewardsNum	hardRewards1	hardRewardsNum1	hardRewards2	hardRewardsNum2	status	name	name_zh_TW	name_en_UK	name_ja_JP	name_ko_KR	name_th_TH
int	int	int	int	int	int	int	int	int	int	int	int	int	int	int	int	int	int	int	int	int	int	int
1001001	1	1	0	90101			300;300;200	0;0;0	6;10;0	4100032;5112001;4105023;3000003	5;50;5;50000					1	灰暗之域·一	灰暗之域·一	Void Domain I	闇ノ領域Ⅰ	그레이 존Ⅰ	แดนมืดมัว·1
1001002	1	2	1001001	90102			300;300;200	0;0;0	6;10;0	4100032;5112001;4105023;3000003	5;60;5;100000					1	灰暗之域·二	灰暗之域·二	Void Domain II	闇ノ領域Ⅱ	그레이 존Ⅱ	แดนมืดมัว·2
1001003	1	3	1001002	90103			300;300;200	0;0;0	6;10;0	4100032;5112001;4105023;3000003	5;70;5;150000					1	灰暗之域·三	灰暗之域·三	Void Domain III	闇ノ領域Ⅲ	그레이 존Ⅲ	แดนมืดมัว·3
1001004	1	4	1001003	90104			300;300;200	0;0;0	6;10;0	4100032;5112001;4105023;3000003	5;80;10;200000					1	灰暗之域·四	灰暗之域·四	Void Domain IV	闇ノ領域Ⅳ	그레이 존Ⅳ	แดนมืดมัว·4
1001005	1	5	1001004	90105			300;300;200	0;0;0	6;10;0	4100032;5112001;4105023;3000003	5;90;10;250000					1	灰暗之域·五	灰暗之域·五	Void Domain V	闇ノ領域Ⅴ	그레이 존Ⅴ	แดนมืดมัว·5
1001006	1	6	1001005	90106			300;300;200	0;0;0	6;10;0	4100032;5112001;4105023;3000003	5;100;10;300000					1	灰暗之域·六	灰暗之域·六	Void Domain VI	闇ノ領域Ⅵ	그레이 존Ⅵ	แดนมืดมัว·6
1001007	1	7	1001006	90108			300;300;200	0;0;0	6;10;0	4100032;5112001;4105023;3000003	5;110;20;350000					1	灰暗之域·七	灰暗之域·七	Void Domain VII	闇ノ領域Ⅶ	그레이 존Ⅶ	แดนมืดมัว·7
1001008	1	8	1001007	90111			300;300;200	0;0;0	6;10;0	4100032;5112001;4105023;3000003	5;120;20;400000					1	灰暗之域·八	灰暗之域·八	Void Domain VIII	闇ノ領域Ⅷ	그레이 존Ⅷ	แดนมืดมัว·8
1001009	1	9	1001008	90112			300;300;200	0;0;0	8;12;0	4100032;5112001;4105023;3000003	5;130;20;450000					1	灰暗之域·九	灰暗之域·九	Void Domain IX	闇ノ領域Ⅸ	그레이 존Ⅸ	แดนมืดมัว·9
1001010	1	10	1001009	90115			300;300;200	0;0;0	8;12;0	4100032;5112001;4105023;3000003	5;150;30;500000					1	灰暗之域·十	灰暗之域·十	Void Domain X	闇ノ領域Ⅹ	그레이 존Ⅹ	แดนมืดมัว·10
2101001	101	1	0	91101			300;300;200	0;0;0	6;10;0	4100032;5112001;4105023;3000003	2;20;1;5000					1	冰峰·一	冰峰·一	Icepeaks I	氷峰Ⅰ	서리I 	ยอดน้ำแข็ง·1
2101002	101	2	2101001	91103			300;300;200	0;0;0	6;10;0	4100032;5112001;4105023;3000003	2;25;2;10000					1	冰峰·二	冰峰·二	Icepeaks II	氷峰Ⅱ	서리II	ยอดน้ำแข็ง·2
2101003	101	3	2101002	91105			300;300;200	0;0;0	6;10;0	4100032;5112001;4105023;3000003	2;30;3;15000					1	冰峰·三	冰峰·三	Icepeaks III	氷峰Ⅲ	서리III	ยอดน้ำแข็ง·3
2101004	101	4	2101003	91107			300;300;200	0;0;0	6;10;0	4100032;5112001;4105023;3000003	2;35;4;20000					1	冰峰·四	冰峰·四	Icepeaks IV	氷峰Ⅳ	서리IV	ยอดน้ำแข็ง·4
2101005	101	5	2101004	91109			300;300;200	0;0;0	6;10;0	4100032;5112001;4105023;3000003	2;40;5;25000					1	冰峰·五	冰峰·五	Icepeaks V	氷峰Ⅴ	서리V	ยอดน้ำแข็ง·5
2101006	101	6	2101005	91111			300;300;200	0;0;0	6;10;0	4100032;5112001;4105023;3000003	2;45;6;30000					1	冰峰·六	冰峰·六	Icepeaks VI	氷峰Ⅵ	서리VI 	ยอดน้ำแข็ง·6
2101007	101	7	2101006	91113			300;300;200	0;0;0	6;10;0	4100032;5112001;4105023;3000003	2;50;7;35000					1	冰峰·七	冰峰·七	Icepeaks VII	氷峰Ⅶ	서리VII	ยอดน้ำแข็ง·7
2101008	101	8	2101007	91115			300;300;200	0;0;0	6;10;0	4100032;5112001;4105023;3000003	2;55;8;40000					1	冰峰·八	冰峰·八	Icepeaks VIII	氷峰Ⅷ	서리VIII	ยอดน้ำแข็ง·8
2101009	101	9	2101008	91117			300;300;200	0;0;0	8;12;0	4100032;5112001;4105023;3000003	2;60;9;45000					1	冰峰·九	冰峰·九	Icepeaks IX	氷峰Ⅸ	서리IX	ยอดน้ำแข็ง·9
2101010	101	10	2101009	91119			300;300;200	0;0;0	8;12;0	4100032;5112001;4105023;3000003	2;70;10;50000					1	冰峰·十	冰峰·十	Icepeaks X	氷峰Ⅹ	서리X	ยอดน้ำแข็ง·10
2102001	102	1	0	91201;91202			300;300;200	0;0;0	8;12;0	4100032;5112001;4105023;3000003	2;20;1;5000					1	永夜·一	永夜·一	Evernight I	永夜Ⅰ	영원한 밤I 	คืนนิรันดร์·1
2102002	102	2	2102001	91203;91204			300;300;200	0;0;0	8;12;0	4100032;5112001;4105023;3000003	2;25;2;10000					1	永夜·二	永夜·二	Evernight II	永夜Ⅱ	영원한 밤II	คืนนิรันดร์·2
2102003	102	3	2102002	91205;91206			300;300;200	0;0;0	8;12;0	4100032;5112001;4105023;3000003	2;30;3;15000					1	永夜·三	永夜·三	Evernight III	永夜Ⅲ	영원한 밤III	คืนนิรันดร์·3
2102004	102	4	2102003	91207;91208			300;300;200	0;0;0	8;12;0	4100032;5112001;4105023;3000003	2;35;4;20000					1	永夜·四	永夜·四	Evernight IV	永夜Ⅳ	영원한 밤IV	คืนนิรันดร์·4
2102005	102	5	2102004	91209;91210			300;300;200	0;0;0	8;12;0	4100032;5112001;4105023;3000003	2;40;5;25000					1	永夜·五	永夜·五	Evernight V	永夜Ⅴ	영원한 밤V	คืนนิรันดร์·5
2102006	102	6	2102005	91211;91212			300;300;200	0;0;0	8;12;0	4100032;5112001;4105023;3000003	2;45;6;30000					1	永夜·六	永夜·六	Evernight VI	永夜Ⅵ	영원한 밤VI 	คืนนิรันดร์·6
2102007	102	7	2102006	91213;91214			300;300;200	0;0;0	8;12;0	4100032;5112001;4105023;3000003	2;50;7;35000					1	永夜·七	永夜·七	Evernight VII	永夜Ⅶ	영원한 밤VII	คืนนิรันดร์·7
2102008	102	8	2102007	91215;91216			300;300;200	0;0;0	8;12;0	4100032;5112001;4105023;3000003	2;55;8;40000					1	永夜·八	永夜·八	Evernight VIII	永夜Ⅷ	영원한 밤VIII	คืนนิรันดร์·8
2102009	102	9	2102008	91217;91218			300;300;200	0;0;0	12;18;0	4100032;5112001;4105023;3000003	2;60;9;45000					1	永夜·九	永夜·九	Evernight IX	永夜Ⅸ	영원한 밤IX	คืนนิรันดร์·9
2102010	102	10	2102009	91219;91220			300;300;200	0;0;0	12;18;0	4100032;5112001;4105023;3000003	2;70;10;50000					1	永夜·十	永夜·十	Evernight X	永夜Ⅹ	영원한 밤X	คืนนิรันดร์·10
2103001	103	1	0	91301;91302			300;300;200	0;0;0	8;12;0	4100032;5112001;4105023;3000003	2;20;1;5000					1	雾沼·一	霧沼·一	Fogmarsh I	霧沼Ⅰ	안개의 늪I 	บึงแห่งหมอก·1
2103002	103	2	2103001	91303;91304			300;300;200	0;0;0	8;12;0	4100032;5112001;4105023;3000003	2;25;2;10000					1	雾沼·二	霧沼·二	Fogmarsh II	霧沼Ⅱ	안개의 늪II	บึงแห่งหมอก·2
2103003	103	3	2103002	91305;91306			300;300;200	0;0;0	8;12;0	4100032;5112001;4105023;3000003	2;30;3;15000					1	雾沼·三	霧沼·三	Fogmarsh III	霧沼Ⅲ	안개의 늪III	บึงแห่งหมอก·3
2103004	103	4	2103003	91307;91308			300;300;200	0;0;0	8;12;0	4100032;5112001;4105023;3000003	2;35;4;20000					1	雾沼·四	霧沼·四	Fogmarsh IV	霧沼Ⅳ	안개의 늪IV	บึงแห่งหมอก·4
2103005	103	5	2103004	91309;91310			300;300;200	0;0;0	8;12;0	4100032;5112001;4105023;3000003	2;40;5;25000					1	雾沼·五	霧沼·五	Fogmarsh V	霧沼Ⅴ	안개의 늪V	บึงแห่งหมอก·5
2103006	103	6	2103005	91311;91312			300;300;200	0;0;0	8;12;0	4100032;5112001;4105023;3000003	2;45;6;30000					1	雾沼·六	霧沼·六	Fogmarsh VI	霧沼Ⅵ	안개의 늪VI 	บึงแห่งหมอก·6
2103007	103	7	2103006	91313;91314			300;300;200	0;0;0	8;12;0	4100032;5112001;4105023;3000003	2;50;7;35000					1	雾沼·七	霧沼·七	Fogmarsh VII	霧沼Ⅶ	안개의 늪VII	บึงแห่งหมอก·7
2103008	103	8	2103007	91315;91316			300;300;200	0;0;0	8;12;0	4100032;5112001;4105023;3000003	2;55;8;40000					1	雾沼·八	霧沼·八	Fogmarsh VIII	霧沼Ⅷ	안개의 늪VIII	บึงแห่งหมอก·8
2103009	103	9	2103008	91317;91318			300;300;200	0;0;0	12;18;0	4100032;5112001;4105023;3000003	2;60;9;45000					1	雾沼·九	霧沼·九	Fogmarsh IX	霧沼Ⅸ	안개의 늪IX	บึงแห่งหมอก·9
2103010	103	10	2103009	91319;91320			300;300;200	0;0;0	12;18;0	4100032;5112001;4105023;3000003	2;70;10;50000					1	雾沼·十	霧沼·十	Fogmarsh X	霧沼Ⅹ	안개의 늪X	บึงแห่งหมอก·10
2104001	104	1	0	91401;91402			300;300;200	0;0;0	8;12;0	4100032;5112001;4105023;3000003	2;20;1;5000					1	迷心·一	迷心·一	Mindmaze I	迷心Ⅰ	미혹I 	วงกตดวงใจ·1
2104002	104	2	2104001	91403;91404			300;300;200	0;0;0	8;12;0	4100032;5112001;4105023;3000003	2;25;2;10000					1	迷心·二	迷心·二	Mindmaze II	迷心Ⅱ	미혹II 	วงกตดวงใจ·2
2104003	104	3	2104002	91405;91406			300;300;200	0;0;0	8;12;0	4100032;5112001;4105023;3000003	2;30;3;15000					1	迷心·三	迷心·三	Mindmaze III	迷心Ⅲ	미혹III 	วงกตดวงใจ·3
2104004	104	4	2104003	91407;91408			300;300;200	0;0;0	8;12;0	4100032;5112001;4105023;3000003	2;35;4;20000					1	迷心·四	迷心·四	Mindmaze IV	迷心Ⅳ	미혹IV	วงกตดวงใจ·4
2104005	104	5	2104004	91409;91410			300;300;200	0;0;0	8;12;0	4100032;5112001;4105023;3000003	2;40;5;25000					1	迷心·五	迷心·五	Mindmaze V	迷心Ⅴ	미혹V	วงกตดวงใจ·5
2104006	104	6	2104005	91411;91412			300;300;200	0;0;0	8;12;0	4100032;5112001;4105023;3000003	2;45;6;30000					1	迷心·六	迷心·六	Mindmaze VI	迷心Ⅵ	미혹VI 	วงกตดวงใจ·6
2104007	104	7	2104006	91413;91414			300;300;200	0;0;0	8;12;0	4100032;5112001;4105023;3000003	2;50;7;35000					1	迷心·七	迷心·七	Mindmaze VII	迷心Ⅶ	미혹VII 	วงกตดวงใจ·7
2104008	104	8	2104007	91415;91416			300;300;200	0;0;0	8;12;0	4100032;5112001;4105023;3000003	2;55;8;40000					1	迷心·八	迷心·八	Mindmaze VIII	迷心Ⅷ	미혹VIII 	วงกตดวงใจ·8
2104009	104	9	2104008	91417;91418			300;300;200	0;0;0	12;18;0	4100032;5112001;4105023;3000003	2;60;9;45000					1	迷心·九	迷心·九	Mindmaze IX	迷心Ⅸ	미혹IX	วงกตดวงใจ·9
2104010	104	10	2104009	91419;91420			300;300;200	0;0;0	12;18;0	4100032;5112001;4105023;3000003	2;70;10;50000					1	迷心·十	迷心·十	Mindmaze X	迷心Ⅹ	미혹X	วงกตดวงใจ·10
2105001	105	1	0	91501;91502			300;300;200	0;0;0	8;12;0	4100032;5112001;4105023;3000003	2;20;1;5000					1	尘劫·一	塵劫·一	Tribulation I	劫火Ⅰ	더스트I 	เถ้าธุลี·1
2105002	105	2	0	91503;91504			300;300;200	0;0;0	8;12;0	4100032;5112001;4105023;3000003	2;25;2;10000					1	尘劫·二	塵劫·二	Tribulation II	劫火Ⅱ	더스트II 	เถ้าธุลี·2
2105003	105	3	0	91505;91506			300;300;200	0;0;0	8;12;0	4100032;5112001;4105023;3000003	2;30;3;15000					1	尘劫·三	塵劫·三	Tribulation III	劫火Ⅲ	더스트III 	เถ้าธุลี·3
2105004	105	4	0	91507;91508			300;300;200	0;0;0	8;12;0	4100032;5112001;4105023;3000003	2;35;4;20000					1	尘劫·四	塵劫·四	Tribulation IV	劫火Ⅳ	더스트IV	เถ้าธุลี·4
2105005	105	5	0	91509;91510			300;300;200	0;0;0	8;12;0	4100032;5112001;4105023;3000003	2;40;5;25000					1	尘劫·五	塵劫·五	Tribulation V	劫火Ⅴ	더스트V	เถ้าธุลี·5
2105006	105	6	0	91511;91512			300;300;200	0;0;0	8;12;0	4100032;5112001;4105023;3000003	2;45;6;30000					1	尘劫·六	塵劫·六	Tribulation VI	劫火Ⅵ	더스트VI 	เถ้าธุลี·6
2105007	105	7	0	91513;91514			300;300;200	0;0;0	8;12;0	4100032;5112001;4105023;3000003	2;50;7;35000					1	尘劫·七	塵劫·七	Tribulation VII	劫火Ⅶ	더스트VII 	เถ้าธุลี·7
2105008	105	8	0	91515;91516			300;300;200	0;0;0	8;12;0	4100032;5112001;4105023;3000003	2;55;8;40000					1	尘劫·八	塵劫·八	Tribulation VIII	劫火Ⅷ	더스트VIII 	เถ้าธุลี·8
2105009	105	9	0	91517;91518			300;300;200	0;0;0	12;18;0	4100032;5112001;4105023;3000003	2;60;9;45000					1	尘劫·九	塵劫·九	Tribulation IX	劫火Ⅸ	더스트IX	เถ้าธุลี·9
2105010	105	10	2105009	91519;91520			300;300;200	0;0;0	12;18;0	4100032;5112001;4105023;3000003	2;70;10;50000					1	尘劫·十	塵劫·十	Tribulation X	劫火Ⅹ	더스트X	เถ้าธุลี·10
2106001	106	1	0	91601;91602			300;300;200	0;0;0	8;12;0	4100032;5112001;4105023;3000003	2;20;1;5000					1	蝶变·一	蝶變·一	Metamorphosis I	蝶変Ⅰ	버터플라이I 	วัฏจักรผีเสื้อ·1
2106002	106	2	0	91603;91604			300;300;200	0;0;0	8;12;0	4100032;5112001;4105023;3000003	2;25;2;10000					1	蝶变·二	蝶變·二	Metamorphosis II	蝶変Ⅱ	버터플라이II 	วัฏจักรผีเสื้อ·2
2106003	106	3	0	91605;91606			300;300;200	0;0;0	8;12;0	4100032;5112001;4105023;3000003	2;30;3;15000					1	蝶变·三	蝶變·三	Metamorphosis III	蝶変Ⅲ	버터플라이III 	วัฏจักรผีเสื้อ·3
2106004	106	4	0	91607;91608			300;300;200	0;0;0	8;12;0	4100032;5112001;4105023;3000003	2;35;4;20000					1	蝶变·四	蝶變·四	Metamorphosis IV	蝶変Ⅳ	버터플라이IV	วัฏจักรผีเสื้อ·4
2106005	106	5	0	91609;91610			300;300;200	0;0;0	8;12;0	4100032;5112001;4105023;3000003	2;40;5;25000					1	蝶变·五	蝶變·五	Metamorphosis V	蝶変Ⅴ	버터플라이V	วัฏจักรผีเสื้อ·5
2106006	106	6	0	91611;91612			300;300;200	0;0;0	8;12;0	4100032;5112001;4105023;3000003	2;45;6;30000					1	蝶变·六	蝶變·六	Metamorphosis VI	蝶変Ⅵ	버터플라이VI 	วัฏจักรผีเสื้อ·6
2106007	106	7	0	91613;91614			300;300;200	0;0;0	8;12;0	4100032;5112001;4105023;3000003	2;50;7;35000					1	蝶变·七	蝶變·七	Metamorphosis VII	蝶変Ⅶ	버터플라이VII 	วัฏจักรผีเสื้อ·7
2106008	106	8	0	91615;91616			300;300;200	0;0;0	8;12;0	4100032;5112001;4105023;3000003	2;55;8;40000					1	蝶变·八	蝶變·八	Metamorphosis VII	蝶変Ⅷ	버터플라이VIII 	วัฏจักรผีเสื้อ·8
2106009	106	9	0	91617;91618			300;300;200	0;0;0	12;18;0	4100032;5112001;4105023;3000003	2;60;9;45000					1	蝶变·九	蝶變·九	Metamorphosis IX	蝶変Ⅸ	버터플라이IX	วัฏจักรผีเสื้อ·9
2106010	106	10	2106009	91619;91620			300;300;200	0;0;0	12;18;0	4100032;5112001;4105023;3000003	2;70;10;50000					1	蝶变·十	蝶變·十	Metamorphosis X	蝶変Ⅹ	버터플라이X	วัฏจักรผีเสื้อ·10
2201001	201	1	0	91131			300;300;200	0;0;0	6;10;0	4100032;5112001;4105023;3000003	5;50;5;50000					1	困难·冰峰·一	困難·冰峰·一	Hard (Icepeaks) I	困難・氷峰Ⅰ	서리·하드I 	ยาก·ยอดน้ำแข็ง·1
2201002	201	2	2201001	91133			300;300;200	0;0;0	6;10;0	4100032;5112001;4105023;3000003	5;55;5;60000					1	困难·冰峰·二	困難·冰峰·二	Hard (Icepeaks) II	困難・氷峰Ⅱ	서리·하드II 	ยาก·ยอดน้ำแข็ง·2
2201003	201	3	2201002	91135			300;300;200	0;0;0	6;10;0	4100032;5112001;4105023;3000003	5;60;5;70000					1	困难·冰峰·三	困難·冰峰·三	Hard (Icepeaks) III	困難・氷峰Ⅲ	서리·하드III 	ยาก·ยอดน้ำแข็ง·3
2201004	201	4	2201003	91137			300;300;200	0;0;0	6;10;0	4100032;5112001;4105023;3000003	5;65;10;80000					1	困难·冰峰·四	困難·冰峰·四	Hard (Icepeaks) IV	困難・氷峰Ⅳ	서리·하드IV	ยาก·ยอดน้ำแข็ง·4
2201005	201	5	2201004	91139			300;300;200	0;0;0	6;10;0	4100032;5112001;4105023;3000003	5;70;10;90000					1	困难·冰峰·五	困難·冰峰·五	Hard (Icepeaks) V	困難・氷峰Ⅴ	서리·하드V	ยาก·ยอดน้ำแข็ง·5
2201006	201	6	2201005	91141			300;300;200	0;0;0	6;10;0	4100032;5112001;4105023;3000003	5;75;10;100000					1	困难·冰峰·六	困難·冰峰·六	Hard (Icepeaks) VI	困難・氷峰Ⅵ	서리·하드VI 	ยาก·ยอดน้ำแข็ง·6
2201007	201	7	2201006	91143			300;300;200	0;0;0	6;10;0	4100032;5112001;4105023;3000003	5;80;20;110000					1	困难·冰峰·七	困難·冰峰·七	Hard (Icepeaks) VII	困難・氷峰Ⅶ	서리·하드VII 	ยาก·ยอดน้ำแข็ง·7
2201008	201	8	2201007	91145			300;300;200	0;0;0	6;10;0	4100032;5112001;4105023;3000003	5;85;20;120000					1	困难·冰峰·八	困難·冰峰·八	Hard (Icepeaks) VIII	困難・氷峰Ⅷ	서리·하드VIII 	ยาก·ยอดน้ำแข็ง·8
2201009	201	9	2201008	91147			300;300;200	0;0;0	8;12;0	4100032;5112001;4105023;3000003	5;90;20;130000					1	困难·冰峰·九	困難·冰峰·九	Hard (Icepeaks) IX	困難・氷峰Ⅸ	서리·하드IX	ยาก·ยอดน้ำแข็ง·9
2201010	201	10	2201009	91149			300;300;200	0;0;0	8;12;0	4100032;5112001;4105023;3000003	5;100;30;150000					1	困难·冰峰·十	困難·冰峰·十	Hard (Icepeaks) X	困難・氷峰Ⅹ	서리·하드X	ยาก·ยอดน้ำแข็ง·10
2202001	202	1	0	91231;91232			300;300;200	0;0;0	8;12;0	4100032;5112001;4105023;3000003	5;50;5;50000					1	困难·永夜·一	困難·永夜·一	Hard (Evernight)  I	困難・永夜Ⅰ	영원한 밤·하드I 	ยาก·คืนนิรันดร์·1
2202002	202	2	2202001	91233;91234			300;300;200	0;0;0	8;12;0	4100032;5112001;4105023;3000003	5;55;5;60000					1	困难·永夜·二	困難·永夜·二	Hard (Evernight) II	困難・永夜Ⅱ	영원한 밤·하드II 	ยาก·คืนนิรันดร์·2
2202003	202	3	2202002	91235;91236			300;300;200	0;0;0	8;12;0	4100032;5112001;4105023;3000003	5;60;5;70000					1	困难·永夜·三	困難·永夜·三	Hard (Evernight) III	困難・永夜Ⅲ	영원한 밤·하드III 	ยาก·คืนนิรันดร์·3
2202004	202	4	2202003	91237;91238			300;300;200	0;0;0	8;12;0	4100032;5112001;4105023;3000003	5;65;10;80000					1	困难·永夜·四	困難·永夜·四	Hard (Evernight) IV	困難・永夜Ⅳ	영원한 밤·하드IV	ยาก·คืนนิรันดร์·4
2202005	202	5	2202004	91239;91240			300;300;200	0;0;0	8;12;0	4100032;5112001;4105023;3000003	5;70;10;90000					1	困难·永夜·五	困難·永夜·五	Hard (Evernight) V	困難・永夜Ⅴ	영원한 밤·하드V	ยาก·คืนนิรันดร์·5
2202006	202	6	2202005	91241;91242			300;300;200	0;0;0	8;12;0	4100032;5112001;4105023;3000003	5;75;10;100000					1	困难·永夜·六	困難·永夜·六	Hard (Evernight) VI	困難・永夜Ⅵ	영원한 밤·하드VI 	ยาก·คืนนิรันดร์·6
2202007	202	7	2202006	91243;91244			300;300;200	0;0;0	8;12;0	4100032;5112001;4105023;3000003	5;80;20;110000					1	困难·永夜·七	困難·永夜·七	Hard (Evernight) VII	困難・永夜Ⅶ	영원한 밤·하드VII 	ยาก·คืนนิรันดร์·7
2202008	202	8	2202007	91245;91246			300;300;200	0;0;0	8;12;0	4100032;5112001;4105023;3000003	5;85;20;120000					1	困难·永夜·八	困難·永夜·八	Hard (Evernight) VIII	困難・永夜Ⅷ	영원한 밤·하드VIII 	ยาก·คืนนิรันดร์·8
2202009	202	9	2202008	91247;91248			300;300;200	0;0;0	12;18;0	4100032;5112001;4105023;3000003	5;90;20;130000					1	困难·永夜·九	困難·永夜·九	Hard (Evernight) IX	困難・永夜Ⅸ	영원한 밤·하드IX	ยาก·คืนนิรันดร์·9
2202010	202	10	2202009	91249;91250			300;300;200	0;0;0	12;18;0	4100032;5112001;4105023;3000003	5;100;30;150000					1	困难·永夜·十	困難·永夜·十	Hard (Evernight) X	困難・永夜Ⅹ	영원한 밤·하드X	ยาก·คืนนิรันดร์·10
2203001	203	1	0	91331;91332			300;300;200	0;0;0	8;12;0	4100032;5112001;4105023;3000003	5;50;5;50000					1	困难·雾沼·一	困難·霧沼·一	Hard (Fogmarsh) I	困難・霧沼Ⅰ	안개의 늪·하드I 	ยาก·บึงแห่งหมอก·1
2203002	203	2	2203001	91333;91334			300;300;200	0;0;0	8;12;0	4100032;5112001;4105023;3000003	5;55;5;60000					1	困难·雾沼·二	困難·霧沼·二	Hard (Fogmarsh) II	困難・霧沼Ⅱ	안개의 늪·하드II 	ยาก·บึงแห่งหมอก·2
2203003	203	3	2203002	91335;91336			300;300;200	0;0;0	8;12;0	4100032;5112001;4105023;3000003	5;60;5;70000					1	困难·雾沼·三	困難·霧沼·三	Hard (Fogmarsh) III	困難・霧沼Ⅲ	안개의 늪·하드III 	ยาก·บึงแห่งหมอก·3
2203004	203	4	2203003	91337;91338			300;300;200	0;0;0	8;12;0	4100032;5112001;4105023;3000003	5;65;10;80000					1	困难·雾沼·四	困難·霧沼·四	Hard (Fogmarsh) IV	困難・霧沼Ⅳ	안개의 늪·하드IV	ยาก·บึงแห่งหมอก·4
2203005	203	5	2203004	91339;91340			300;300;200	0;0;0	8;12;0	4100032;5112001;4105023;3000003	5;70;10;90000					1	困难·雾沼·五	困難·霧沼·五	Hard (Fogmarsh) V	困難・霧沼Ⅴ	안개의 늪·하드V	ยาก·บึงแห่งหมอก·5
2203006	203	6	2203005	91341;91342			300;300;200	0;0;0	8;12;0	4100032;5112001;4105023;3000003	5;75;10;100000					1	困难·雾沼·六	困難·霧沼·六	Hard (Fogmarsh) VI	困難・霧沼Ⅵ	안개의 늪·하드VI 	ยาก·บึงแห่งหมอก·6
2203007	203	7	2203006	91343;91344			300;300;200	0;0;0	8;12;0	4100032;5112001;4105023;3000003	5;80;20;110000					1	困难·雾沼·七	困難·霧沼·七	Hard (Fogmarsh) VII	困難・霧沼Ⅶ	안개의 늪·하드VII 	ยาก·บึงแห่งหมอก·7
2203008	203	8	2203007	91345;91346			300;300;200	0;0;0	8;12;0	4100032;5112001;4105023;3000003	5;85;20;120000					1	困难·雾沼·八	困難·霧沼·八	Hard (Fogmarsh) VIII	困難・霧沼Ⅷ	안개의 늪·하드VIII 	ยาก·บึงแห่งหมอก·8
2203009	203	9	2203008	91347;91348			300;300;200	0;0;0	12;18;0	4100032;5112001;4105023;3000003	5;90;20;130000					1	困难·雾沼·九	困難·霧沼·九	Hard (Fogmarsh) IX	困難・霧沼Ⅸ	안개의 늪·하드IX	ยาก·บึงแห่งหมอก·9
2203010	203	10	2203009	91349;91350			300;300;200	0;0;0	12;18;0	4100032;5112001;4105023;3000003	5;100;30;150000					1	困难·雾沼·十	困難·霧沼·十	Hard (Fogmarsh) X	困難・霧沼Ⅹ	안개의 늪·하드X	ยาก·บึงแห่งหมอก·10
2204001	204	1	0	91431;91432			300;300;200	0;0;0	8;12;0	4100032;5112001;4105023;3000003	5;50;5;50000					1	困难·迷心·一	困難·迷心·一	Hard (Mindmaze) I	困難・迷心Ⅰ	미혹·하드I 	ยาก·วงกตดวงใจ·1
2204002	204	2	2204001	91433;91434			300;300;200	0;0;0	8;12;0	4100032;5112001;4105023;3000003	5;55;5;60000					1	困难·迷心·二	困難·迷心·二	Hard (Mindmaze) II	困難・迷心Ⅱ	미혹·하드II 	ยาก·วงกตดวงใจ·2
2204003	204	3	2204002	91435;91436			300;300;200	0;0;0	8;12;0	4100032;5112001;4105023;3000003	5;60;5;70000					1	困难·迷心·三	困難·迷心·三	Hard (Mindmaze) III	困難・迷心Ⅲ	미혹·하드III 	ยาก·วงกตดวงใจ·3
2204004	204	4	2204003	91437;91438			300;300;200	0;0;0	8;12;0	4100032;5112001;4105023;3000003	5;65;10;80000					1	困难·迷心·四	困難·迷心·四	Hard (Mindmaze) IV	困難・迷心Ⅳ	미혹·하드IV	ยาก·วงกตดวงใจ·4
2204005	204	5	2204004	91439;91440			300;300;200	0;0;0	8;12;0	4100032;5112001;4105023;3000003	5;70;10;90000					1	困难·迷心·五	困難·迷心·五	Hard (Mindmaze) V	困難・迷心Ⅴ	미혹·하드V	ยาก·วงกตดวงใจ·5
2204006	204	6	2204005	91441;91442			300;300;200	0;0;0	8;12;0	4100032;5112001;4105023;3000003	5;75;10;100000					1	困难·迷心·六	困難·迷心·六	Hard (Mindmaze) VI	困難・迷心Ⅵ	미혹·하드VI 	ยาก·วงกตดวงใจ·6
2204007	204	7	2204006	91443;91444			300;300;200	0;0;0	8;12;0	4100032;5112001;4105023;3000003	5;80;20;110000					1	困难·迷心·七	困難·迷心·七	Hard (Mindmaze) VII	困難・迷心Ⅶ	미혹·하드VII 	ยาก·วงกตดวงใจ·7
2204008	204	8	2204007	91445;91446			300;300;200	0;0;0	8;12;0	4100032;5112001;4105023;3000003	5;85;20;120000					1	困难·迷心·八	困難·迷心·八	Hard (Mindmaze) VIII	困難・迷心Ⅷ	미혹·하드VIII 	ยาก·วงกตดวงใจ·8
2204009	204	9	2204008	91447;91448			300;300;200	0;0;0	12;18;0	4100032;5112001;4105023;3000003	5;90;20;130000					1	困难·迷心·九	困難·迷心·九	Hard (Mindmaze) IX	困難・迷心Ⅸ	미혹·하드IX	ยาก·วงกตดวงใจ·9
2204010	204	10	2204009	91449;91450			300;300;200	0;0;0	12;18;0	4100032;5112001;4105023;3000003	5;100;30;150000					1	困难·迷心·十	困難·迷心·十	Hard (Mindmaze) X	困難・迷心Ⅹ	미혹·하드X	ยาก·วงกตดวงใจ·10
2205001	205	1	0	91531;91532			300;300;200	0;0;0	8;12;0	4100032;5112001;4105023;3000003	5;50;5;50000					1	困难·尘劫·一	困難·塵劫·一	Hard (Tribulation) I	困難・劫火Ⅰ	더스트·하드I 	ยาก·เถ้าธุลี·1
2205002	205	2	0	91533;91534			300;300;200	0;0;0	8;12;0	4100032;5112001;4105023;3000003	5;55;5;60000					1	困难·尘劫·二	困難·塵劫·二	Hard (Tribulation) II	困難・劫火Ⅱ	더스트·하드II 	ยาก·เถ้าธุลี·2
2205003	205	3	0	91535;91536			300;300;200	0;0;0	8;12;0	4100032;5112001;4105023;3000003	5;60;5;70000					1	困难·尘劫·三	困難·塵劫·三	Hard (Tribulation) III	困難・劫火Ⅲ	더스트·하드III 	ยาก·เถ้าธุลี·3
2205004	205	4	0	91537;91538			300;300;200	0;0;0	8;12;0	4100032;5112001;4105023;3000003	5;65;10;80000					1	困难·尘劫·四	困難·塵劫·四	Hard (Tribulation) IV	困難・劫火Ⅳ	더스트·하드IV	ยาก·เถ้าธุลี·4
2205005	205	5	0	91539;91540			300;300;200	0;0;0	8;12;0	4100032;5112001;4105023;3000003	5;70;10;90000					1	困难·尘劫·五	困難·塵劫·五	Hard (Tribulation) V	困難・劫火Ⅴ	더스트·하드V	ยาก·เถ้าธุลี·5
2205006	205	6	0	91541;91542			300;300;200	0;0;0	8;12;0	4100032;5112001;4105023;3000003	5;75;10;100000					1	困难·尘劫·六	困難·塵劫·六	Hard (Tribulation) VI	困難・劫火Ⅵ	더스트·하드VI 	ยาก·เถ้าธุลี·6
2205007	205	7	2205006	91543;91544			300;300;200	0;0;0	8;12;0	4100032;5112001;4105023;3000003	5;80;20;110000					1	困难·尘劫·七	困難·塵劫·七	Hard (Tribulation) VII	困難・劫火Ⅶ	더스트·하드VII 	ยาก·เถ้าธุลี·7
2205008	205	8	2205007	91545;91546			300;300;200	0;0;0	8;12;0	4100032;5112001;4105023;3000003	5;85;20;120000					1	困难·尘劫·八	困難·塵劫·八	Hard (Tribulation) VIII	困難・劫火Ⅷ	더스트·하드VIII 	ยาก·เถ้าธุลี·8
2205009	205	9	2205008	91547;91548			300;300;200	0;0;0	12;18;0	4100032;5112001;4105023;3000003	5;90;20;130000					1	困难·尘劫·九	困難·塵劫·九	Hard (Tribulation) IX	困難・劫火Ⅸ	더스트·하드IX	ยาก·เถ้าธุลี·9
2205010	205	10	2205009	91549;91550			300;300;200	0;0;0	12;18;0	4100032;5112001;4105023;3000003	5;100;30;150000					1	困难·尘劫·十	困難·塵劫·十	Hard (Tribulation) X	困難・劫火Ⅹ	더스트·하드X	ยาก·เถ้าธุลี·10
2206001	206	1	0	91631;91632			300;300;200	0;0;0	8;12;0	4100032;5112001;4105023;3000003	5;50;5;50000					1	困难·蝶变·一	困難·蝶變·一	Hard (Metamorphosis) I	困難・蝶変Ⅰ	버터플라이·하드I 	ยาก·วัฏจักรผีเสื้อ·1
2206002	206	2	0	91633;91634			300;300;200	0;0;0	8;12;0	4100032;5112001;4105023;3000003	5;55;5;60000					1	困难·蝶变·二	困難·蝶變·二	Hard (Metamorphosis) II	困難・蝶変Ⅱ	버터플라이·하드II 	ยาก·วัฏจักรผีเสื้อ·2
2206003	206	3	0	91635;91636			300;300;200	0;0;0	8;12;0	4100032;5112001;4105023;3000003	5;60;5;70000					1	困难·蝶变·三	困難·蝶變·三	Hard (Metamorphosis) III	困難・蝶変Ⅲ	버터플라이·하드III 	ยาก·วัฏจักรผีเสื้อ·3
2206004	206	4	0	91637;91638			300;300;200	0;0;0	8;12;0	4100032;5112001;4105023;3000003	5;65;10;80000					1	困难·蝶变·四	困難·蝶變·四	Hard (Metamorphosis) IV	困難・蝶変Ⅳ	버터플라이·하드IV	ยาก·วัฏจักรผีเสื้อ·4
2206005	206	5	0	91639;91640			300;300;200	0;0;0	8;12;0	4100032;5112001;4105023;3000003	5;70;10;90000					1	困难·蝶变·五	困難·蝶變·五	Hard (Metamorphosis) V	困難・蝶変Ⅴ	버터플라이·하드V	ยาก·วัฏจักรผีเสื้อ·5
2206006	206	6	0	91641;91642			300;300;200	0;0;0	8;12;0	4100032;5112001;4105023;3000003	5;75;10;100000					1	困难·蝶变·六	困難·蝶變·六	Hard (Metamorphosis) VI	困難・蝶変Ⅵ	버터플라이·하드VI 	ยาก·วัฏจักรผีเสื้อ·6
2206007	206	7	2206006	91643;91644			300;300;200	0;0;0	8;12;0	4100032;5112001;4105023;3000003	5;80;20;110000					1	困难·蝶变·七	困難·蝶變·七	Hard (Metamorphosis) VII	困難・蝶変Ⅶ	버터플라이·하드VII 	ยาก·วัฏจักรผีเสื้อ·7
2206008	206	8	2206007	91645;91646			300;300;200	0;0;0	8;12;0	4100032;5112001;4105023;3000003	5;85;20;120000					1	困难·蝶变·八	困難·蝶變·八	Hard (Metamorphosis) VIII	困難・蝶変Ⅷ	버터플라이·하드VIII 	ยาก·วัฏจักรผีเสื้อ·8
2206009	206	9	2206008	91647;91648			300;300;200	0;0;0	12;18;0	4100032;5112001;4105023;3000003	5;90;20;130000					1	困难·蝶变·九	困難·蝶變·九	Hard (Metamorphosis) IX	困難・蝶変Ⅸ	버터플라이·하드IX	ยาก·วัฏจักรผีเสื้อ·9
2206010	206	10	2206009	91649;91650			300;300;200	0;0;0	12;18;0	4100032;5112001;4105023;3000003	5;100;30;150000					1	困难·蝶变·十	困難·蝶變·十	Hard (Metamorphosis) X	困難・蝶変Ⅹ	버터플라이·하드X	ยาก·วัฏจักรผีเสื้อ·10
2107001	107	1	0	91701;91702			300;300;200	0;0;0	8;12;0	4100032;5112001;4105023;3000003	2;20;1;5000					1	月食·一	月食·一	Eclipse I	月蝕Ⅰ	이클립스I 	กลืนจันทร์·1
2107002	107	2	0	91703;91704			300;300;200	0;0;0	8;12;0	4100032;5112001;4105023;3000003	2;25;2;10000					1	月食·二	月食·二	Eclipse II	月蝕Ⅱ	이클립스II 	กลืนจันทร์·2
2107003	107	3	0	91705;91706			300;300;200	0;0;0	8;12;0	4100032;5112001;4105023;3000003	2;30;3;15000					1	月食·三	月食·三	Eclipse III	月蝕Ⅲ	이클립스III 	กลืนจันทร์·3
2107004	107	4	0	91707;91708			300;300;200	0;0;0	8;12;0	4100032;5112001;4105023;3000003	2;35;4;20000					1	月食·四	月食·四	Eclipse IV	月蝕Ⅳ	이클립스IV	กลืนจันทร์·4
2107005	107	5	0	91709;91710			300;300;200	0;0;0	8;12;0	4100032;5112001;4105023;3000003	2;40;5;25000					1	月食·五	月食·五	Eclipse V	月蝕Ⅴ	이클립스V	กลืนจันทร์·5
2107006	107	6	0	91711;91712			300;300;200	0;0;0	8;12;0	4100032;5112001;4105023;3000003	2;45;6;30000					1	月食·六	月食·六	Eclipse VI	月蝕Ⅵ	이클립스VI 	กลืนจันทร์·6
2107007	107	7	0	91713;91714			300;300;200	0;0;0	8;12;0	4100032;5112001;4105023;3000003	2;50;7;35000					1	月食·七	月食·七	Eclipse VII	月蝕Ⅶ	이클립스VII 	กลืนจันทร์·7
2107008	107	8	0	91715;91716			300;300;200	0;0;0	8;12;0	4100032;5112001;4105023;3000003	2;55;8;40000					1	月食·八	月食·八	Eclipse VIII	月蝕Ⅷ	이클립스VIII 	กลืนจันทร์·8
2107009	107	9	0	91717;91718			300;300;200	0;0;0	12;18;0	4100032;5112001;4105023;3000003	2;60;9;45000					1	月食·九	月食·九	Eclipse IX	月蝕Ⅸ	이클립스IX	กลืนจันทร์·9
2107010	107	10	2107009	91719;91720			300;300;200	0;0;0	12;18;0	4100032;5112001;4105023;3000003	2;70;10;50000					1	月食·十	月食·十	Eclipse X	月蝕Ⅹ	이클립스X	กลืนจันทร์·10
2207001	207	1	0	91731;91732			300;300;200	0;0;0	8;12;0	4100032;5112001;4105023;3000003	5;50;5;50000					1	困难·月食·一	困難·月食·一	Hard (Eclipse) I	困難・月蝕Ⅰ	이클립스·하드I 	ยาก·กลืนจันทร์·1
2207002	207	2	0	91733;91734			300;300;200	0;0;0	8;12;0	4100032;5112001;4105023;3000003	5;55;5;60000					1	困难·月食·二	困難·月食·二	Hard (Eclipse) II	困難・月蝕Ⅱ	이클립스·하드II 	ยาก·กลืนจันทร์·2
2207003	207	3	0	91735;91736			300;300;200	0;0;0	8;12;0	4100032;5112001;4105023;3000003	5;60;5;70000					1	困难·月食·三	困難·月食·三	Hard (Eclipse) III	絶境・月蝕Ⅲ	이클립스·하드III 	ยาก·กลืนจันทร์·3
2207004	207	4	0	91737;91738			300;300;200	0;0;0	8;12;0	4100032;5112001;4105023;3000003	5;65;10;80000					1	困难·月食·四	困難·月食·四	Hard (Eclipse) IV	絶境・月蝕Ⅳ	이클립스·하드IV	ยาก·กลืนจันทร์·4
2207005	207	5	0	91739;91740			300;300;200	0;0;0	8;12;0	4100032;5112001;4105023;3000003	5;70;10;90000					1	困难·月食·五	困難·月食·五	Hard (Eclipse) V	絶境・月蝕Ⅴ	이클립스·하드V	ยาก·กลืนจันทร์·5
2207006	207	6	0	91741;91742			300;300;200	0;0;0	8;12;0	4100032;5112001;4105023;3000003	5;75;10;100000					1	困难·月食·六	困難·月食·六	Hard (Eclipse) VI	絶境・月蝕Ⅵ	이클립스·하드VI 	ยาก·กลืนจันทร์·6
2207007	207	7	2207006	91743;91744			300;300;200	0;0;0	8;12;0	4100032;5112001;4105023;3000003	5;80;20;110000					1	困难·月食·七	困難·月食·七	Hard (Eclipse) VII	絶境・月蝕Ⅶ	이클립스·하드VII 	ยาก·กลืนจันทร์·7
2207008	207	8	2207007	91745;91746			300;300;200	0;0;0	8;12;0	4100032;5112001;4105023;3000003	5;85;20;120000					1	困难·月食·八	困難·月食·八	Hard (Eclipse) VIII	絶境・月蝕Ⅷ	이클립스·하드VIII 	ยาก·กลืนจันทร์·8
2207009	207	9	2207008	91747;91748			300;300;200	0;0;0	12;18;0	4100032;5112001;4105023;3000003	5;90;20;130000					1	困难·月食·九	困難·月食·九	Hard (Eclipse) IX	絶境・月蝕Ⅸ	이클립스·하드IX	ยาก·กลืนจันทร์·9
2207010	207	10	2207009	91749;91750			300;300;200	0;0;0	12;18;0	4100032;5112001;4105023;3000003	5;100;30;150000					1	困难·月食·十	困難·月食·十	Hard (Eclipse) X	絶境・月蝕Ⅹ	이클립스·하드X	ยาก·กลืนจันทร์·10
2305001	305	1	0	91561;91562			300;300;200	0;0;0	8;12;0	4100032;5112001;4105023;3000003	5;50;5;50000					1	绝境·尘劫·一	絕境·塵劫·一	Abyssal (Tribulation) I	絶境・劫火Ⅰ	더스트·인페르노I 	วิกฤต·เถ้าธุลี·1
2305002	305	2	0	91563;91564			300;300;200	0;0;0	8;12;0	4100032;5112001;4105023;3000003	5;55;5;60000					1	绝境·尘劫·二	絕境·塵劫·二	Abyssal (Tribulation) II	絶境・劫火Ⅱ	더스트·인페르노II 	วิกฤต·เถ้าธุลี·2
2305003	305	3	0	91565;91566			300;300;200	0;0;0	8;12;0	4100032;5112001;4105023;3000003	5;60;5;70000					1	绝境·尘劫·三	絕境·塵劫·三	Abyssal (Tribulation) III	絶境・劫火Ⅲ	더스트·인페르노III 	วิกฤต·เถ้าธุลี·3
2305004	305	4	0	91567;91568			300;300;200	0;0;0	8;12;0	4100032;5112001;4105023;3000003	5;65;10;80000					1	绝境·尘劫·四	絕境·塵劫·四	Abyssal (Tribulation) IV	絶境・劫火Ⅳ	더스트·인페르노IV	วิกฤต·เถ้าธุลี·4
2305005	305	5	0	91569;91570			300;300;200	0;0;0	8;12;0	4100032;5112001;4105023;3000003	5;70;10;90000					1	绝境·尘劫·五	絕境·塵劫·五	Abyssal (Tribulation) V	絶境・劫火Ⅴ	더스트·인페르노V	วิกฤต·เถ้าธุลี·5
2305006	305	6	0	91571;91572			300;300;200	0;0;0	8;12;0	4100032;5112001;4105023;3000003	5;75;10;100000					1	绝境·尘劫·六	絕境·塵劫·六	Abyssal (Tribulation) VI	絶境・劫火Ⅵ	더스트·인페르노VI 	วิกฤต·เถ้าธุลี·6
2305007	305	7	2305006	91573;91574			300;300;200	0;0;0	8;12;0	4100032;5112001;4105023;3000003	5;80;20;110000					1	绝境·尘劫·七	絕境·塵劫·七	Abyssal (Tribulation) VII	絶境・劫火Ⅶ	더스트·인페르노VII 	วิกฤต·เถ้าธุลี·7
2305008	305	8	2305007	91575;91576			300;300;200	0;0;0	8;12;0	4100032;5112001;4105023;3000003	5;85;20;120000					1	绝境·尘劫·八	絕境·塵劫·八	Abyssal (Tribulation) VIII	絶境・劫火Ⅷ	더스트·인페르노VIII 	วิกฤต·เถ้าธุลี·8
2305009	305	9	2305008	91577;91578			300;300;200	0;0;0	12;18;0	4100032;5112001;4105023;3000003	5;90;20;130000					1	绝境·尘劫·九	絕境·塵劫·九	Abyssal (Tribulation) IX	絶境・劫火Ⅸ	더스트·인페르노IX	วิกฤต·เถ้าธุลี·9
2305010	305	10	2305009	91579;91580			300;300;200	0;0;0	12;18;0	4100032;5112001;4105023;3000003	5;100;30;150000					1	绝境·尘劫·十	絕境·塵劫·十	Abyssal (Tribulation) X	絶境・劫火Ⅹ	더스트·인페르노X	วิกฤต·เถ้าธุลี·10
2306001	306	1	0	91661;91662			300;300;200	0;0;0	8;12;0	4100032;5112001;4105023;3000003	5;50;5;50000					1	绝境·蝶变·一	絕境·蝶變·一	Abyssal (Metamorphosis) I	絶境・蝶変Ⅰ	버터플라이·인페르노I 	วิกฤต·วัฏจักรผีเสื้อ·1
2306002	306	2	0	91663;91664			300;300;200	0;0;0	8;12;0	4100032;5112001;4105023;3000003	5;55;5;60000					1	绝境·蝶变·二	絕境·蝶變·二	Abyssal (Metamorphosis) II	絶境・蝶変Ⅱ	버터플라이·인페르노II 	วิกฤต·วัฏจักรผีเสื้อ·2
2306003	306	3	0	91665;91666			300;300;200	0;0;0	8;12;0	4100032;5112001;4105023;3000003	5;60;5;70000					1	绝境·蝶变·三	絕境·蝶變·三	Abyssal (Metamorphosis) III	絶境・蝶変Ⅲ	버터플라이·인페르노III 	วิกฤต·วัฏจักรผีเสื้อ·3
2306004	306	4	0	91667;91668			300;300;200	0;0;0	8;12;0	4100032;5112001;4105023;3000003	5;65;10;80000					1	绝境·蝶变·四	絕境·蝶變·四	Abyssal (Metamorphosis) IV	絶境・蝶変Ⅳ	버터플라이·인페르노IV	วิกฤต·วัฏจักรผีเสื้อ·4
2306005	306	5	0	91669;91670			300;300;200	0;0;0	8;12;0	4100032;5112001;4105023;3000003	5;70;10;90000					1	绝境·蝶变·五	絕境·蝶變·五	Abyssal (Metamorphosis) V	絶境・蝶変Ⅴ	버터플라이·인페르노V	วิกฤต·วัฏจักรผีเสื้อ·5
2306006	306	6	0	91671;91672			300;300;200	0;0;0	8;12;0	4100032;5112001;4105023;3000003	5;75;10;100000					1	绝境·蝶变·六	絕境·蝶變·六	Abyssal (Metamorphosis) VI	絶境・蝶変Ⅵ	버터플라이·인페르노VI 	วิกฤต·วัฏจักรผีเสื้อ·6
2306007	306	7	2306006	91673;91674			300;300;200	0;0;0	8;12;0	4100032;5112001;4105023;3000003	5;80;20;110000					1	绝境·蝶变·七	絕境·蝶變·七	Abyssal (Metamorphosis) VII	絶境・蝶変Ⅶ	버터플라이·인페르노VII 	วิกฤต·วัฏจักรผีเสื้อ·7
2306008	306	8	2306007	91675;91676			300;300;200	0;0;0	8;12;0	4100032;5112001;4105023;3000003	5;85;20;120000					1	绝境·蝶变·八	絕境·蝶變·八	Abyssal (Metamorphosis) VIII	絶境・蝶変Ⅷ	버터플라이·인페르노VIII 	วิกฤต·วัฏจักรผีเสื้อ·8
2306009	306	9	2306008	91677;91678			300;300;200	0;0;0	12;18;0	4100032;5112001;4105023;3000003	5;90;20;130000					1	绝境·蝶变·九	絕境·蝶變·九	Abyssal (Metamorphosis) IX	絶境・蝶変Ⅸ	버터플라이·인페르노IX	วิกฤต·วัฏจักรผีเสื้อ·9
2306010	306	10	2306009	91679;91680			300;300;200	0;0;0	12;18;0	4100032;5112001;4105023;3000003	5;100;30;150000					1	绝境·蝶变·十	絕境·蝶變·十	Abyssal (Metamorphosis) X	絶境・蝶変Ⅹ	버터플라이·인페르노X	วิกฤต·วัฏจักรผีเสื้อ·10
2307001	307	1	0	91761;91762			300;300;200	0;0;0	8;12;0	4100032;5112001;4105023;3000003	5;50;5;50000					1	绝境·月食·一	絕境·月食·一	Abyssal (Eclipse) I	絶境・月蝕Ⅰ	이클립스·인페르노I 	วิกฤต·กลืนจันทร์·1
2307002	307	2	0	91763;91764			300;300;200	0;0;0	8;12;0	4100032;5112001;4105023;3000003	5;55;5;60000					1	绝境·月食·二	絕境·月食·二	Abyssal (Eclipse) II	絶境・月蝕Ⅱ	이클립스·인페르노II 	วิกฤต·กลืนจันทร์·2
2307003	307	3	0	91765;91766			300;300;200	0;0;0	8;12;0	4100032;5112001;4105023;3000003	5;60;5;70000					1	绝境·月食·三	絕境·月食·三	Abyssal (Eclipse) III	絶境・月蝕Ⅲ	이클립스·인페르노III 	วิกฤต·กลืนจันทร์·3
2307004	307	4	0	91767;91768			300;300;200	0;0;0	8;12;0	4100032;5112001;4105023;3000003	5;65;10;80000					1	绝境·月食·四	絕境·月食·四	Abyssal (Eclipse) IV	絶境・月蝕Ⅳ	이클립스·인페르노IV	วิกฤต·กลืนจันทร์·4
2307005	307	5	0	91769;91770			300;300;200	0;0;0	8;12;0	4100032;5112001;4105023;3000003	5;70;10;90000					1	绝境·月食·五	絕境·月食·五	Abyssal (Eclipse) V	絶境・月蝕Ⅴ	이클립스·인페르노V	วิกฤต·กลืนจันทร์·5
2307006	307	6	0	91771;91772			300;300;200	0;0;0	8;12;0	4100032;5112001;4105023;3000003	5;75;10;100000					1	绝境·月食·六	絕境·月食·六	Abyssal (Eclipse) VI	絶境・月蝕Ⅵ	이클립스·인페르노VI 	วิกฤต·กลืนจันทร์·6
2307007	307	7	2307006	91773;91774			300;300;200	0;0;0	8;12;0	4100032;5112001;4105023;3000003	5;80;20;110000					1	绝境·月食·七	絕境·月食·七	Abyssal (Eclipse) VII	絶境・月蝕Ⅶ	이클립스·인페르노VII 	วิกฤต·กลืนจันทร์·7
2307008	307	8	2307007	91775;91776			300;300;200	0;0;0	8;12;0	4100032;5112001;4105023;3000003	5;85;20;120000					1	绝境·月食·八	絕境·月食·八	Abyssal (Eclipse) VIII	絶境・月蝕Ⅷ	이클립스·인페르노VIII 	วิกฤต·กลืนจันทร์·8
2307009	307	9	2307008	91777;91778			300;300;200	0;0;0	12;18;0	4100032;5112001;4105023;3000003	5;90;20;130000					1	绝境·月食·九	絕境·月食·九	Abyssal (Eclipse) IX	絶境・月蝕Ⅸ	이클립스·인페르노IX	วิกฤต·กลืนจันทร์·9
2307010	307	10	2307009	91779;91780			300;300;200	0;0;0	12;18;0	4100032;5112001;4105023;3000003	5;100;30;150000					1	绝境·月食·十	絕境·月食·十	Abyssal (Eclipse) X	絶境・月蝕Ⅹ	이클립스·인페르노X	วิกฤต·กลืนจันทร์·10
2108001	108	1	0	91801;91802			300;300;200	0;0;0	8;12;0	4100032;5112001;4105023;3000003	2;20;1;5000					1	野火·一	野火·一	Wildfire I	野火Ⅰ	야화·1	ไฟป่า·1
2108002	108	2	0	91803;91804			300;300;200	0;0;0	8;12;0	4100032;5112001;4105023;3000003	2;25;2;10000					1	野火·二	野火·二	Wildfire II	野火Ⅱ	야화·2	ไฟป่า·2
2108003	108	3	0	91805;91806			300;300;200	0;0;0	8;12;0	4100032;5112001;4105023;3000003	2;30;3;15000					1	野火·三	野火·三	Wildfire III	野火Ⅲ	야화·3	ไฟป่า·3
2108004	108	4	0	91807;91808			300;300;200	0;0;0	8;12;0	4100032;5112001;4105023;3000003	2;35;4;20000					1	野火·四	野火·四	Wildfire IV	野火Ⅳ	야화·4	ไฟป่า·4
2108005	108	5	0	91809;91810			300;300;200	0;0;0	8;12;0	4100032;5112001;4105023;3000003	2;40;5;25000					1	野火·五	野火·五	Wildfire V	野火Ⅴ	야화·5	ไฟป่า·5
2108006	108	6	0	91811;91812			300;300;200	0;0;0	8;12;0	4100032;5112001;4105023;3000003	2;45;6;30000					1	野火·六	野火·六	Wildfire VI	野火Ⅵ	야화·6	ไฟป่า·6
2108007	108	7	0	91813;91814			300;300;200	0;0;0	8;12;0	4100032;5112001;4105023;3000003	2;50;7;35000					1	野火·七	野火·七	Wildfire VII	野火Ⅶ	야화·7	ไฟป่า·7
2108008	108	8	0	91815;91816			300;300;200	0;0;0	8;12;0	4100032;5112001;4105023;3000003	2;55;8;40000					1	野火·八	野火·八	Wildfire VIII	野火Ⅷ	야화·8	ไฟป่า·8
2108009	108	9	0	91817;91818			300;300;200	0;0;0	12;18;0	4100032;5112001;4105023;3000003	2;60;9;45000					1	野火·九	野火·九	Wildfire IX	野火Ⅸ	야화·9	ไฟป่า·9
2108010	108	10	2108009	91819;91820			300;300;200	0;0;0	12;18;0	4100032;5112001;4105023;3000003	2;70;10;50000					1	野火·十	野火·十	Wildfire X	野火Ⅹ	야화·10	ไฟป่า·10
2208001	208	1	0	91831;91832			300;300;200	0;0;0	8;12;0	4100032;5112001;4105023;3000003	5;50;5;50000					1	困难·野火·一	困難·野火·一	Hard (Wildfire) I	困難・野火Ⅰ	어려움·야화·1	ยาก·ไฟป่า·1
2208002	208	2	0	91833;91834			300;300;200	0;0;0	8;12;0	4100032;5112001;4105023;3000003	5;55;5;60000					1	困难·野火·二	困難·野火·二	Hard (Wildfire) II	困難・野火Ⅱ	어려움·야화·2	ยาก·ไฟป่า·2
2208003	208	3	0	91835;91836			300;300;200	0;0;0	8;12;0	4100032;5112001;4105023;3000003	5;60;5;70000					1	困难·野火·三	困難·野火·三	Hard (Wildfire) III	困難・野火Ⅲ	어려움·야화·3	ยาก·ไฟป่า·3
2208004	208	4	0	91837;91838			300;300;200	0;0;0	8;12;0	4100032;5112001;4105023;3000003	5;65;10;80000					1	困难·野火·四	困難·野火·四	Hard (Wildfire) IV	困難・野火Ⅳ	어려움·야화·4	ยาก·ไฟป่า·4
2208005	208	5	0	91839;91840			300;300;200	0;0;0	8;12;0	4100032;5112001;4105023;3000003	5;70;10;90000					1	困难·野火·五	困難·野火·五	Hard (Wildfire) V	困難・野火Ⅴ	어려움·야화·5	ยาก·ไฟป่า·5
2208006	208	6	0	91841;91842			300;300;200	0;0;0	8;12;0	4100032;5112001;4105023;3000003	5;75;10;100000					1	困难·野火·六	困難·野火·六	Hard (Wildfire) VI	困難・野火Ⅵ	어려움·야화·6	ยาก·ไฟป่า·6
2208007	208	7	2208006	91843;91844			300;300;200	0;0;0	8;12;0	4100032;5112001;4105023;3000003	5;80;20;110000					1	困难·野火·七	困難·野火·七	Hard (Wildfire) VII	困難・野火Ⅶ	어려움·야화·7	ยาก·ไฟป่า·7
2208008	208	8	2208007	91845;91846			300;300;200	0;0;0	8;12;0	4100032;5112001;4105023;3000003	5;85;20;120000					1	困难·野火·八	困難·野火·八	Hard (Wildfire) VIII	困難・野火Ⅷ	어려움·야화·8	ยาก·ไฟป่า·8
2208009	208	9	2208008	91847;91848			300;300;200	0;0;0	12;18;0	4100032;5112001;4105023;3000003	5;90;20;130000					1	困难·野火·九	困難·野火·九	Hard (Wildfire) IX	困難・野火Ⅸ	어려움·야화·9	ยาก·ไฟป่า·9
2208010	208	10	2208009	91849;91850			300;300;200	0;0;0	12;18;0	4100032;5112001;4105023;3000003	5;100;30;150000					1	困难·野火·十	困難·野火·十	Hard (Wildfire) X	困難・野火Ⅹ	어려움·야화·10	ยาก·ไฟป่า·10
2308001	308	1	0	91861;91862			300;300;200	0;0;0	8;12;0	4100032;5112001;4105023;3000003	5;50;5;50000					1	绝境·野火·一	絕境·野火·一	Abyssal (Wildfire) I	絶境・野火Ⅰ	절경·야화·1	วิกฤต·ไฟป่า·1
2308002	308	2	0	91863;91864			300;300;200	0;0;0	8;12;0	4100032;5112001;4105023;3000003	5;55;5;60000					1	绝境·野火·二	絕境·野火·二	Abyssal (Wildfire) II	絶境・野火Ⅱ	절경·야화·2	วิกฤต·ไฟป่า·2
2308003	308	3	0	91865;91866			300;300;200	0;0;0	8;12;0	4100032;5112001;4105023;3000003	5;60;5;70000					1	绝境·野火·三	絕境·野火·三	Abyssal (Wildfire) III	絶境・野火Ⅲ	절경·야화·3	วิกฤต·ไฟป่า·3
2308004	308	4	0	91867;91868			300;300;200	0;0;0	8;12;0	4100032;5112001;4105023;3000003	5;65;10;80000					1	绝境·野火·四	絕境·野火·四	Abyssal (Wildfire) IV	絶境・野火Ⅳ	절경·야화·4	วิกฤต·ไฟป่า·4
2308005	308	5	0	91869;91870			300;300;200	0;0;0	8;12;0	4100032;5112001;4105023;3000003	5;70;10;90000					1	绝境·野火·五	絕境·野火·五	Abyssal (Wildfire) V	絶境・野火Ⅴ	절경·야화·5	วิกฤต·ไฟป่า·5
2308006	308	6	0	91871;91872			300;300;200	0;0;0	8;12;0	4100032;5112001;4105023;3000003	5;75;10;100000					1	绝境·野火·六	絕境·野火·六	Abyssal (Wildfire) VI	絶境・野火Ⅵ	절경·야화·6	วิกฤต·ไฟป่า·6
2308007	308	7	2308006	91873;91874			300;300;200	0;0;0	8;12;0	4100032;5112001;4105023;3000003	5;80;20;110000					1	绝境·野火·七	絕境·野火·七	Abyssal (Wildfire) VII	絶境・野火Ⅶ	절경·야화·7	วิกฤต·ไฟป่า·7
2308008	308	8	2308007	91875;91876			300;300;200	0;0;0	8;12;0	4100032;5112001;4105023;3000003	5;85;20;120000					1	绝境·野火·八	絕境·野火·八	Abyssal (Wildfire) VIII	絶境・野火Ⅷ	절경·야화·8	วิกฤต·ไฟป่า·8
2308009	308	9	2308008	91877;91878			300;300;200	0;0;0	12;18;0	4100032;5112001;4105023;3000003	5;90;20;130000					1	绝境·野火·九	絕境·野火·九	Abyssal (Wildfire) IX	絶境・野火Ⅸ	절경·야화·9	วิกฤต·ไฟป่า·9
2308010	308	10	2308009	91879;91880			300;300;200	0;0;0	12;18;0	4100032;5112001;4105023;3000003	5;100;30;150000					1	绝境·野火·十	絕境·野火·十	Abyssal (Wildfire) X	絶境・野火Ⅹ	절경·야화·10	วิกฤต·ไฟป่า·10
2109001	109	1	0	91901;91902			300;300;200	0;0;0	8;12;0	4100032;5112001;4105023;3000003	2;20;1;5000					1	幻灭·一	幻滅·一	Evanescence I	幻滅Ⅰ	환멸·1	ดับสูญ·1
2109002	109	2	0	91903;91904			300;300;200	0;0;0	8;12;0	4100032;5112001;4105023;3000003	2;25;2;10000					1	幻灭·二	幻滅·二	Evanescence II	幻滅Ⅱ	환멸·2	ดับสูญ·2
2109003	109	3	0	91905;91906			300;300;200	0;0;0	8;12;0	4100032;5112001;4105023;3000003	2;30;3;15000					1	幻灭·三	幻滅·三	Evanescence III	幻滅Ⅲ	환멸·3	ดับสูญ·3
2109004	109	4	0	91907;91908			300;300;200	0;0;0	8;12;0	4100032;5112001;4105023;3000003	2;35;4;20000					1	幻灭·四	幻滅·四	Evanescence IV	幻滅Ⅳ	환멸·4	ดับสูญ·4
2109005	109	5	0	91909;91910			300;300;200	0;0;0	8;12;0	4100032;5112001;4105023;3000003	2;40;5;25000					1	幻灭·五	幻滅·五	Evanescence V	幻滅Ⅴ	환멸·5	ดับสูญ·5
2109006	109	6	0	91911;91912			300;300;200	0;0;0	8;12;0	4100032;5112001;4105023;3000003	2;45;6;30000					1	幻灭·六	幻滅·六	Evanescence VI	幻滅Ⅵ	환멸·6	ดับสูญ·6
2109007	109	7	0	91913;91914			300;300;200	0;0;0	8;12;0	4100032;5112001;4105023;3000003	2;50;7;35000					1	幻灭·七	幻滅·七	Evanescence VII	幻滅Ⅶ	환멸·7	ดับสูญ·7
2109008	109	8	0	91915;91916			300;300;200	0;0;0	8;12;0	4100032;5112001;4105023;3000003	2;55;8;40000					1	幻灭·八	幻滅·八	Evanescence VIII	幻滅Ⅷ	환멸·8	ดับสูญ·8
2109009	109	9	0	91917;91918			300;300;200	0;0;0	12;18;0	4100032;5112001;4105023;3000003	2;60;9;45000					1	幻灭·九	幻滅·九	Evanescence IX	幻滅Ⅸ	환멸·9	ดับสูญ·9
2109010	109	10	2109009	91919;91920			300;300;200	0;0;0	12;18;0	4100032;5112001;4105023;3000003	2;70;10;50000					1	幻灭·十	幻滅·十	Evanescence X	幻滅Ⅹ	환멸·10	ดับสูญ·10
2209001	209	1	0	91931;91932			300;300;200	0;0;0	8;12;0	4100032;5112001;4105023;3000003	5;50;5;50000					1	困难·幻灭·一	困難·幻滅·一	Hard (Evanescence) I	困難・幻滅Ⅰ	어려움·환멸·1	ยาก·ดับสูญ·1
2209002	209	2	0	91933;91934			300;300;200	0;0;0	8;12;0	4100032;5112001;4105023;3000003	5;55;5;60000					1	困难·幻灭·二	困難·幻滅·二	Hard (Evanescence) II	困難・幻滅Ⅱ	어려움·환멸·2	ยาก·ดับสูญ·2
2209003	209	3	0	91935;91936			300;300;200	0;0;0	8;12;0	4100032;5112001;4105023;3000003	5;60;5;70000					1	困难·幻灭·三	困難·幻滅·三	Hard (Evanescence) III	困難・幻滅Ⅲ	어려움·환멸·3	ยาก·ดับสูญ·3
2209004	209	4	0	91937;91938			300;300;200	0;0;0	8;12;0	4100032;5112001;4105023;3000003	5;65;10;80000					1	困难·幻灭·四	困難·幻滅·四	Hard (Evanescence) IV	困難・幻滅Ⅳ	어려움·환멸·4	ยาก·ดับสูญ·4
2209005	209	5	0	91939;91940			300;300;200	0;0;0	8;12;0	4100032;5112001;4105023;3000003	5;70;10;90000					1	困难·幻灭·五	困難·幻滅·五	Hard (Evanescence) V	困難・幻滅Ⅴ	어려움·환멸·5	ยาก·ดับสูญ·5
2209006	209	6	0	91941;91942			300;300;200	0;0;0	8;12;0	4100032;5112001;4105023;3000003	5;75;10;100000					1	困难·幻灭·六	困難·幻滅·六	Hard (Evanescence) VI	困難・幻滅Ⅵ	어려움·환멸·6	ยาก·ดับสูญ·6
2209007	209	7	2209006	91943;91944			300;300;200	0;0;0	8;12;0	4100032;5112001;4105023;3000003	5;80;20;110000					1	困难·幻灭·七	困難·幻滅·七	Hard (Evanescence) VII	困難・幻滅Ⅶ	어려움·환멸·7	ยาก·ดับสูญ·7
2209008	209	8	2209007	91945;91946			300;300;200	0;0;0	8;12;0	4100032;5112001;4105023;3000003	5;85;20;120000					1	困难·幻灭·八	困難·幻滅·八	Hard (Evanescence) VIII	困難・幻滅Ⅷ	어려움·환멸·8	ยาก·ดับสูญ·8
2209009	209	9	2209008	91947;91948			300;300;200	0;0;0	12;18;0	4100032;5112001;4105023;3000003	5;90;20;130000					1	困难·幻灭·九	困難·幻滅·九	Hard (Evanescence) IX	困難・幻滅Ⅸ	어려움·환멸·9	ยาก·ดับสูญ·9
2209010	209	10	2209009	91949;91950			300;300;200	0;0;0	12;18;0	4100032;5112001;4105023;3000003	5;100;30;150000					1	困难·幻灭·十	困難·幻滅·十	Hard (Evanescence) X	困難・幻滅Ⅹ	어려움·환멸·10	ยาก·ดับสูญ·10
2309001	309	1	0	91961;91962			300;300;200	0;0;0	8;12;0	4100032;5112001;4105023;3000003	5;50;5;50000					1	绝境·幻灭·一	絕境·幻滅·一	Abyssal (Evanescence) I	絶境・幻滅Ⅰ	절경·환멸·1	วิกฤต·ดับสูญ·1
2309002	309	2	0	91963;91964			300;300;200	0;0;0	8;12;0	4100032;5112001;4105023;3000003	5;55;5;60000					1	绝境·幻灭·二	絕境·幻滅·二	Abyssal (Evanescence) II	絶境・幻滅Ⅱ	절경·환멸·2	วิกฤต·ดับสูญ·2
2309003	309	3	0	91965;91966			300;300;200	0;0;0	8;12;0	4100032;5112001;4105023;3000003	5;60;5;70000					1	绝境·幻灭·三	絕境·幻滅·三	Abyssal (Evanescence) III	絶境・幻滅Ⅲ	절경·환멸·3	วิกฤต·ดับสูญ·3
2309004	309	4	0	91967;91968			300;300;200	0;0;0	8;12;0	4100032;5112001;4105023;3000003	5;65;10;80000					1	绝境·幻灭·四	絕境·幻滅·四	Abyssal (Evanescence) IV	絶境・幻滅Ⅳ	절경·환멸·4	วิกฤต·ดับสูญ·4
2309005	309	5	0	91969;91970			300;300;200	0;0;0	8;12;0	4100032;5112001;4105023;3000003	5;70;10;90000					1	绝境·幻灭·五	絕境·幻滅·五	Abyssal (Evanescence) V	絶境・幻滅Ⅴ	절경·환멸·5	วิกฤต·ดับสูญ·5
2309006	309	6	0	91971;91972			300;300;200	0;0;0	8;12;0	4100032;5112001;4105023;3000003	5;75;10;100000					1	绝境·幻灭·六	絕境·幻滅·六	Abyssal (Evanescence) VI	絶境・幻滅Ⅵ	절경·환멸·6	วิกฤต·ดับสูญ·6
2309007	309	7	2309006	91973;91974			300;300;200	0;0;0	8;12;0	4100032;5112001;4105023;3000003	5;80;20;110000					1	绝境·幻灭·七	絕境·幻滅·七	Abyssal (Evanescence) VII	絶境・幻滅Ⅶ	절경·환멸·7	วิกฤต·ดับสูญ·7
2309008	309	8	2309007	91975;91976			300;300;200	0;0;0	8;12;0	4100032;5112001;4105023;3000003	5;85;20;120000					1	绝境·幻灭·八	絕境·幻滅·八	Abyssal (Evanescence) VIII	絶境・幻滅Ⅷ	절경·환멸·8	วิกฤต·ดับสูญ·8
2309009	309	9	2309008	91977;91978			300;300;200	0;0;0	12;18;0	4100032;5112001;4105023;3000003	5;90;20;130000					1	绝境·幻灭·九	絕境·幻滅·九	Abyssal (Evanescence) IX	絶境・幻滅Ⅸ	절경·환멸·9	วิกฤต·ดับสูญ·9
2309010	309	10	2309009	91979;91980			300;300;200	0;0;0	12;18;0	4100032;5112001;4105023;3000003	5;100;30;150000					1	绝境·幻灭·十	絕境·幻滅·十	Abyssal (Evanescence) X	絶境・幻滅Ⅹ	절경·환멸·10	วิกฤต·ดับสูญ·10
2110001	110	1	0	92001;92002			300;300;200	0;0;0	8;12;0	4100032;5112001;4105023;3000003	2;20;1;5000					1	无音·一	無音·一	Silence I	無音Ⅰ	무음·1	เงียบงัน·1
2110002	110	2	0	92003;92004			300;300;200	0;0;0	8;12;0	4100032;5112001;4105023;3000003	2;25;2;10000					1	无音·二	無音·二	Silence II	無音Ⅱ	무음·2	เงียบงัน·2
2110003	110	3	0	92005;92006			300;300;200	0;0;0	8;12;0	4100032;5112001;4105023;3000003	2;30;3;15000					1	无音·三	無音·三	Silence III	無音Ⅲ	무음·3	เงียบงัน·3
2110004	110	4	0	92007;92008			300;300;200	0;0;0	8;12;0	4100032;5112001;4105023;3000003	2;35;4;20000					1	无音·四	無音·四	Silence IV	無音Ⅳ	무음·4	เงียบงัน·4
2110005	110	5	0	92009;92010			300;300;200	0;0;0	8;12;0	4100032;5112001;4105023;3000003	2;40;5;25000					1	无音·五	無音·五	Silence V	無音Ⅴ	무음·5	เงียบงัน·5
2110006	110	6	0	92011;92012			300;300;200	0;0;0	8;12;0	4100032;5112001;4105023;3000003	2;45;6;30000					1	无音·六	無音·六	Silence VI	無音Ⅵ	무음·6	เงียบงัน·6
2110007	110	7	0	92013;92014			300;300;200	0;0;0	8;12;0	4100032;5112001;4105023;3000003	2;50;7;35000					1	无音·七	無音·七	Silence VII	無音Ⅶ	무음·7	เงียบงัน·7
2110008	110	8	0	92015;92016			300;300;200	0;0;0	8;12;0	4100032;5112001;4105023;3000003	2;55;8;40000					1	无音·八	無音·八	Silence VIII	無音Ⅷ	무음·8	เงียบงัน·8
2110009	110	9	0	92017;92018			300;300;200	0;0;0	12;18;0	4100032;5112001;4105023;3000003	2;60;9;45000					1	无音·九	無音·九	Silence IX	無音Ⅸ	무음·9	เงียบงัน·9
2110010	110	10	2110009	92019;92020			300;300;200	0;0;0	12;18;0	4100032;5112001;4105023;3000003	2;70;10;50000					1	无音·十	無音·十	Silence X	無音Ⅹ	무음·10	เงียบงัน·10
2210001	210	1	0	92031;92032			300;300;200	0;0;0	8;12;0	4100032;5112001;4105023;3000003	5;50;5;50000					1	困难·无音·一	困難·無音·一	Hard (Silence) I	困難・無音Ⅰ	어려움·무음·1	ยาก·เงียบงัน·1
2210002	210	2	0	92033;92034			300;300;200	0;0;0	8;12;0	4100032;5112001;4105023;3000003	5;55;5;60000					1	困难·无音·二	困難·無音·二	Hard (Silence) II	困難・無音Ⅱ	어려움·무음·2	ยาก·เงียบงัน·2
2210003	210	3	0	92035;92036			300;300;200	0;0;0	8;12;0	4100032;5112001;4105023;3000003	5;60;5;70000					1	困难·无音·三	困難·無音·三	Hard (Silence) III	困難・無音Ⅲ	어려움·무음·3	ยาก·เงียบงัน·3
2210004	210	4	0	92037;92038			300;300;200	0;0;0	8;12;0	4100032;5112001;4105023;3000003	5;65;10;80000					1	困难·无音·四	困難·無音·四	Hard (Silence) IV	困難・無音Ⅳ	어려움·무음·4	ยาก·เงียบงัน·4
2210005	210	5	0	92039;92040			300;300;200	0;0;0	8;12;0	4100032;5112001;4105023;3000003	5;70;10;90000					1	困难·无音·五	困難·無音·五	Hard (Silence) V	困難・無音Ⅴ	어려움·무음·5	ยาก·เงียบงัน·5
2210006	210	6	0	92041;92042			300;300;200	0;0;0	8;12;0	4100032;5112001;4105023;3000003	5;75;10;100000					1	困难·无音·六	困難·無音·六	Hard (Silence) VI	困難・無音Ⅵ	어려움·무음·6	ยาก·เงียบงัน·6
2210007	210	7	2210006	92043;92044			300;300;200	0;0;0	8;12;0	4100032;5112001;4105023;3000003	5;80;20;110000					1	困难·无音·七	困難·無音·七	Hard (Silence) VII	困難・無音Ⅶ	어려움·무음·7	ยาก·เงียบงัน·7
2210008	210	8	2210007	92045;92046			300;300;200	0;0;0	8;12;0	4100032;5112001;4105023;3000003	5;85;20;120000					1	困难·无音·八	困難·無音·八	Hard (Silence) VIII	困難・無音Ⅷ	어려움·무음·8	ยาก·เงียบงัน·8
2210009	210	9	2210008	92047;92048			300;300;200	0;0;0	12;18;0	4100032;5112001;4105023;3000003	5;90;20;130000					1	困难·无音·九	困難·無音·九	Hard (Silence) IX	困難・無音Ⅸ	어려움·무음·9	ยาก·เงียบงัน·9
2210010	210	10	2210009	92049;92050			300;300;200	0;0;0	12;18;0	4100032;5112001;4105023;3000003	5;100;30;150000					1	困难·无音·十	困難·無音·十	Hard (Silence) X	困難・無音Ⅹ	어려움·무음·10	ยาก·เงียบงัน·10
2310001	310	1	0	92061;92062			300;300;200	0;0;0	8;12;0	4100032;5112001;4105023;3000003	5;50;5;50000					1	绝境·无音·一	絕境·無音·一	Abyssal (Silence) I	絶境・無音Ⅰ	절경·무음·1	วิกฤต·เงียบงัน·1
2310002	310	2	0	92063;92064			300;300;200	0;0;0	8;12;0	4100032;5112001;4105023;3000003	5;55;5;60000					1	绝境·无音·二	絕境·無音·二	Abyssal (Silence) II	絶境・無音Ⅱ	절경·무음·2	วิกฤต·เงียบงัน·2
2310003	310	3	0	92065;92066			300;300;200	0;0;0	8;12;0	4100032;5112001;4105023;3000003	5;60;5;70000					1	绝境·无音·三	絕境·無音·三	Abyssal (Silence) III	絶境・無音Ⅲ	절경·무음·3	วิกฤต·เงียบงัน·3
2310004	310	4	0	92067;92068			300;300;200	0;0;0	8;12;0	4100032;5112001;4105023;3000003	5;65;10;80000					1	绝境·无音·四	絕境·無音·四	Abyssal (Silence) IV	絶境・無音Ⅳ	절경·무음·4	วิกฤต·เงียบงัน·4
2310005	310	5	0	92069;92070			300;300;200	0;0;0	8;12;0	4100032;5112001;4105023;3000003	5;70;10;90000					1	绝境·无音·五	絕境·無音·五	Abyssal (Silence) V	絶境・無音Ⅴ	절경·무음·5	วิกฤต·เงียบงัน·5
2310006	310	6	0	92071;92072			300;300;200	0;0;0	8;12;0	4100032;5112001;4105023;3000003	5;75;10;100000					1	绝境·无音·六	絕境·無音·六	Abyssal (Silence) VI	絶境・無音Ⅵ	절경·무음·6	วิกฤต·เงียบงัน·6
2310007	310	7	2310006	92073;92074			300;300;200	0;0;0	8;12;0	4100032;5112001;4105023;3000003	5;80;20;110000					1	绝境·无音·七	絕境·無音·七	Abyssal (Silence) VII	絶境・無音Ⅶ	절경·무음·7	วิกฤต·เงียบงัน·7
2310008	310	8	2310007	92075;92076			300;300;200	0;0;0	8;12;0	4100032;5112001;4105023;3000003	5;85;20;120000					1	绝境·无音·八	絕境·無音·八	Abyssal (Silence) VIII	絶境・無音Ⅷ	절경·무음·8	วิกฤต·เงียบงัน·8
2310009	310	9	2310008	92077;92078			300;300;200	0;0;0	12;18;0	4100032;5112001;4105023;3000003	5;90;20;130000					1	绝境·无音·九	絕境·無音·九	Abyssal (Silence) IX	絶境・無音Ⅸ	절경·무음·9	วิกฤต·เงียบงัน·9
2310010	310	10	2310009	92079;92080			300;300;200	0;0;0	12;18;0	4100032;5112001;4105023;3000003	5;100;30;150000					1	绝境·无音·十	絕境·無音·十	Abyssal (Silence) X	絶境・無音Ⅹ	절경·무음·10	วิกฤต·เงียบงัน·10
2111001	111	1	0	92101;92102			300;300;200	0;0;0	8;12;0	4100032;5112001;4105023;3000003	2;20;1;5000					1	蜜罐·一	蜜罐·一	Honeypot I	ハニーポットⅠ	허니I 	โถน้ำผึ้ง·1
2111002	111	2	0	92103;92104			300;300;200	0;0;0	8;12;0	4100032;5112001;4105023;3000003	2;25;2;10000					1	蜜罐·二	蜜罐·二	Honeypot II	ハニーポットⅡ	허니II 	โถน้ำผึ้ง·2
2111003	111	3	0	92105;92106			300;300;200	0;0;0	8;12;0	4100032;5112001;4105023;3000003	2;30;3;15000					1	蜜罐·三	蜜罐·三	Honeypot III	ハニーポットⅢ	허니III 	โถน้ำผึ้ง·3
2111004	111	4	0	92107;92108			300;300;200	0;0;0	8;12;0	4100032;5112001;4105023;3000003	2;35;4;20000					1	蜜罐·四	蜜罐·四	Honeypot IV	ハニーポットⅣ	허니IV	โถน้ำผึ้ง·4
2111005	111	5	0	92109;92110			300;300;200	0;0;0	8;12;0	4100032;5112001;4105023;3000003	2;40;5;25000					1	蜜罐·五	蜜罐·五	Honeypot V	ハニーポットⅤ	허니V	โถน้ำผึ้ง·5
2111006	111	6	0	92111;92112			300;300;200	0;0;0	8;12;0	4100032;5112001;4105023;3000003	2;45;6;30000					1	蜜罐·六	蜜罐·六	Honeypot VI	ハニーポットⅥ	허니VI 	โถน้ำผึ้ง·6
2111007	111	7	2111006	92113;92114			300;300;200	0;0;0	8;12;0	4100032;5112001;4105023;3000003	2;50;7;35000					1	蜜罐·七	蜜罐·七	Honeypot VII	ハニーポットⅦ	허니VII 	โถน้ำผึ้ง·7
2111008	111	8	2111007	92115;92116			300;300;200	0;0;0	8;12;0	4100032;5112001;4105023;3000003	2;55;8;40000					1	蜜罐·八	蜜罐·八	Honeypot VIII	ハニーポットⅧ	허니VIII 	โถน้ำผึ้ง·8
2111009	111	9	2111008	92117;92118			300;300;200	0;0;0	12;18;0	4100032;5112001;4105023;3000003	2;60;9;45000					1	蜜罐·九	蜜罐·九	Honeypot IX	ハニーポットⅨ	허니IX	โถน้ำผึ้ง·9
2111010	111	10	2111009	92119;92120			300;300;200	0;0;0	12;18;0	4100032;5112001;4105023;3000003	2;70;10;50000					1	蜜罐·十	蜜罐·十	Honeypot X	ハニーポットⅩ	허니X	โถน้ำผึ้ง·10
2211001	211	1	0	92131;92132			300;300;200	0;0;0	8;12;0	4100032;5112001;4105023;3000003	5;50;5;50000					1	困难·蜜罐·一	困難·蜜罐·一	Hard (Honeypot) I	困難・ハニーポットⅠ	허니·하드I 	ยาก·โถน้ำผึ้ง·1
2211002	211	2	0	92133;92134			300;300;200	0;0;0	8;12;0	4100032;5112001;4105023;3000003	5;55;5;60000					1	困难·蜜罐·二	困難·蜜罐·二	Hard (Honeypot) II	困難・ハニーポットⅡ	허니·하드II 	ยาก·โถน้ำผึ้ง·2
2211003	211	3	0	92135;92136			300;300;200	0;0;0	8;12;0	4100032;5112001;4105023;3000003	5;60;5;70000					1	困难·蜜罐·三	困難·蜜罐·三	Hard (Honeypot) III	困難・ハニーポットⅢ	허니·하드III 	ยาก·โถน้ำผึ้ง·3
2211004	211	4	0	92137;92138			300;300;200	0;0;0	8;12;0	4100032;5112001;4105023;3000003	5;65;10;80000					1	困难·蜜罐·四	困難·蜜罐·四	Hard (Honeypot) IV	困難・ハニーポットⅣ	허니·하드IV	ยาก·โถน้ำผึ้ง·4
2211005	211	5	0	92139;92140			300;300;200	0;0;0	8;12;0	4100032;5112001;4105023;3000003	5;70;10;90000					1	困难·蜜罐·五	困難·蜜罐·五	Hard (Honeypot) V	困難・ハニーポットⅤ	허니·하드V	ยาก·โถน้ำผึ้ง·5
2211006	211	6	0	92141;92142			300;300;200	0;0;0	8;12;0	4100032;5112001;4105023;3000003	5;75;10;100000					1	困难·蜜罐·六	困難·蜜罐·六	Hard (Honeypot) VI	困難・ハニーポットⅥ	허니·하드VI 	ยาก·โถน้ำผึ้ง·6
2211007	211	7	2211006	92143;92144			300;300;200	0;0;0	8;12;0	4100032;5112001;4105023;3000003	5;80;20;110000					1	困难·蜜罐·七	困難·蜜罐·七	Hard (Honeypot) VII	困難・ハニーポットⅦ	허니·하드VII 	ยาก·โถน้ำผึ้ง·7
2211008	211	8	2211007	92145;92146			300;300;200	0;0;0	8;12;0	4100032;5112001;4105023;3000003	5;85;20;120000					1	困难·蜜罐·八	困難·蜜罐·八	Hard (Honeypot) VIII	困難・ハニーポットⅧ	허니·하드VIII 	ยาก·โถน้ำผึ้ง·8
2211009	211	9	2211008	92147;92148			300;300;200	0;0;0	12;18;0	4100032;5112001;4105023;3000003	5;90;20;130000					1	困难·蜜罐·九	困難·蜜罐·九	Hard (Honeypot) IX	困難・ハニーポットⅨ	허니·하드IX	ยาก·โถน้ำผึ้ง·9
2211010	211	10	2211009	92149;92150			300;300;200	0;0;0	12;18;0	4100032;5112001;4105023;3000003	5;100;30;150000					1	困难·蜜罐·十	困難·蜜罐·十	Hard (Honeypot) X	困難・ハニーポットⅩ	허니·하드X	ยาก·โถน้ำผึ้ง·10
2311001	311	1	0	92161;92162			300;300;200	0;0;0	8;12;0	4100032;5112001;4105023;3000003	5;50;5;50000					1	绝境·蜜罐·一	絕境·蜜罐·一	Abyssal (Honeypot) I	絶境・ハニーポットⅠ	허니·인페르노I 	วิกฤต·โถน้ำผึ้ง·1
2311002	311	2	0	92163;92164			300;300;200	0;0;0	8;12;0	4100032;5112001;4105023;3000003	5;55;5;60000					1	绝境·蜜罐·二	絕境·蜜罐·二	Abyssal (Honeypot) II	絶境・ハニーポットⅡ	허니·인페르노II 	วิกฤต·โถน้ำผึ้ง·2
2311003	311	3	0	92165;92166			300;300;200	0;0;0	8;12;0	4100032;5112001;4105023;3000003	5;60;5;70000					1	绝境·蜜罐·三	絕境·蜜罐·三	Abyssal (Honeypot) III	絶境・ハニーポットⅢ	허니·인페르노III 	วิกฤต·โถน้ำผึ้ง·3
2311004	311	4	0	92167;92168			300;300;200	0;0;0	8;12;0	4100032;5112001;4105023;3000003	5;65;10;80000					1	绝境·蜜罐·四	絕境·蜜罐·四	Abyssal (Honeypot) IV	絶境・ハニーポットⅣ	허니·인페르노IV	วิกฤต·โถน้ำผึ้ง·4
2311005	311	5	0	92169;92170			300;300;200	0;0;0	8;12;0	4100032;5112001;4105023;3000003	5;70;10;90000					1	绝境·蜜罐·五	絕境·蜜罐·五	Abyssal (Honeypot) V	絶境・ハニーポットⅤ	허니·인페르노V	วิกฤต·โถน้ำผึ้ง·5
2311006	311	6	0	92171;92172			300;300;200	0;0;0	8;12;0	4100032;5112001;4105023;3000003	5;75;10;100000					1	绝境·蜜罐·六	絕境·蜜罐·六	Abyssal (Honeypot) VI	絶境・ハニーポットⅥ	허니·인페르노VI 	วิกฤต·โถน้ำผึ้ง·6
2311007	311	7	2311006	92173;92174			300;300;200	0;0;0	8;12;0	4100032;5112001;4105023;3000003	5;80;20;110000					1	绝境·蜜罐·七	絕境·蜜罐·七	Abyssal (Honeypot) VII	絶境・ハニーポットⅦ	허니·인페르노VII 	วิกฤต·โถน้ำผึ้ง·7
2311008	311	8	2311007	92175;92176			300;300;200	0;0;0	8;12;0	4100032;5112001;4105023;3000003	5;85;20;120000					1	绝境·蜜罐·八	絕境·蜜罐·八	Abyssal (Honeypot) VIII	絶境・ハニーポットⅧ	허니·인페르노VIII 	วิกฤต·โถน้ำผึ้ง·8
2311009	311	9	2311008	92177;92178			300;300;200	0;0;0	12;18;0	4100032;5112001;4105023;3000003	5;90;20;130000					1	绝境·蜜罐·九	絕境·蜜罐·九	Abyssal (Honeypot) IX	絶境・ハニーポットⅨ	허니·인페르노IX	วิกฤต·โถน้ำผึ้ง·9
2311010	311	10	2311009	92179;92180			300;300;200	0;0;0	12;18;0	4100032;5112001;4105023;3000003	5;100;30;150000					1	绝境·蜜罐·十	絕境·蜜罐·十	Abyssal (Honeypot) X	絶境・ハニーポットⅩ	허니·인페르노X	วิกฤต·โถน้ำผึ้ง·10
2112001	112	1	0	92201;92202			300;300;200	0;0;0	8;12;0	4100032;5112001;4105023;3000003	2;20;1;5000					1	雾沼·一	霧沼·一	Fogmarsh I	霧沼Ⅰ	안개의 늪I 	บึงแห่งหมอก·1
2112002	112	2	0	92203;92204			300;300;200	0;0;0	8;12;0	4100032;5112001;4105023;3000003	2;25;2;10000					1	雾沼·二	霧沼·二	Fogmarsh II	霧沼Ⅱ	안개의 늪II	บึงแห่งหมอก·2
2112003	112	3	0	92205;92206			300;300;200	0;0;0	8;12;0	4100032;5112001;4105023;3000003	2;30;3;15000					1	雾沼·三	霧沼·三	Fogmarsh III	霧沼Ⅲ	안개의 늪III	บึงแห่งหมอก·3
2112004	112	4	0	92207;92208			300;300;200	0;0;0	8;12;0	4100032;5112001;4105023;3000003	2;35;4;20000					1	雾沼·四	霧沼·四	Fogmarsh IV	霧沼Ⅳ	안개의 늪IV	บึงแห่งหมอก·4
2112005	112	5	0	92209;92210			300;300;200	0;0;0	8;12;0	4100032;5112001;4105023;3000003	2;40;5;25000					1	雾沼·五	霧沼·五	Fogmarsh V	霧沼Ⅴ	안개의 늪V	บึงแห่งหมอก·5
2112006	112	6	0	92211;92212			300;300;200	0;0;0	8;12;0	4100032;5112001;4105023;3000003	2;45;6;30000					1	雾沼·六	霧沼·六	Fogmarsh VI	霧沼Ⅵ	안개의 늪VI 	บึงแห่งหมอก·6
2112007	112	7	0	92213;92214			300;300;200	0;0;0	8;12;0	4100032;5112001;4105023;3000003	2;50;7;35000					1	雾沼·七	霧沼·七	Fogmarsh VII	霧沼Ⅶ	안개의 늪VII	บึงแห่งหมอก·7
2112008	112	8	0	92215;92216			300;300;200	0;0;0	8;12;0	4100032;5112001;4105023;3000003	2;55;8;40000					1	雾沼·八	霧沼·八	Fogmarsh VIII	霧沼Ⅷ	안개의 늪VIII	บึงแห่งหมอก·8
2112009	112	9	0	92217;92218			300;300;200	0;0;0	12;18;0	4100032;5112001;4105023;3000003	2;60;9;45000					1	雾沼·九	霧沼·九	Fogmarsh IX	霧沼Ⅸ	안개의 늪IX	บึงแห่งหมอก·9
2112010	112	10	2112009	92219;92220			300;300;200	0;0;0	12;18;0	4100032;5112001;4105023;3000003	2;70;10;50000					1	雾沼·十	霧沼·十	Fogmarsh X	霧沼Ⅹ	안개의 늪X	บึงแห่งหมอก·10
2212001	212	1	0	92231;92232			300;300;200	0;0;0	8;12;0	4100032;5112001;4105023;3000003	5;50;5;50000					1	困难·雾沼·一	困難·霧沼·一	Hard (Fogmarsh) I	困難・霧沼Ⅰ	안개의 늪·하드I 	ยาก·บึงแห่งหมอก·1
2212002	212	2	0	92233;92234			300;300;200	0;0;0	8;12;0	4100032;5112001;4105023;3000003	5;55;5;60000					1	困难·雾沼·二	困難·霧沼·二	Hard (Fogmarsh) II	困難・霧沼Ⅱ	안개의 늪·하드II 	ยาก·บึงแห่งหมอก·2
2212003	212	3	0	92235;92236			300;300;200	0;0;0	8;12;0	4100032;5112001;4105023;3000003	5;60;5;70000					1	困难·雾沼·三	困難·霧沼·三	Hard (Fogmarsh) III	困難・霧沼Ⅲ	안개의 늪·하드III 	ยาก·บึงแห่งหมอก·3
2212004	212	4	0	92237;92238			300;300;200	0;0;0	8;12;0	4100032;5112001;4105023;3000003	5;65;10;80000					1	困难·雾沼·四	困難·霧沼·四	Hard (Fogmarsh) IV	困難・霧沼Ⅳ	안개의 늪·하드IV	ยาก·บึงแห่งหมอก·4
2212005	212	5	0	92239;92240			300;300;200	0;0;0	8;12;0	4100032;5112001;4105023;3000003	5;70;10;90000					1	困难·雾沼·五	困難·霧沼·五	Hard (Fogmarsh) V	困難・霧沼Ⅴ	안개의 늪·하드V	ยาก·บึงแห่งหมอก·5
2212006	212	6	0	92241;92242			300;300;200	0;0;0	8;12;0	4100032;5112001;4105023;3000003	5;75;10;100000					1	困难·雾沼·六	困難·霧沼·六	Hard (Fogmarsh) VI	困難・霧沼Ⅵ	안개의 늪·하드VI 	ยาก·บึงแห่งหมอก·6
2212007	212	7	2212006	92243;92244			300;300;200	0;0;0	8;12;0	4100032;5112001;4105023;3000003	5;80;20;110000					1	困难·雾沼·七	困難·霧沼·七	Hard (Fogmarsh) VII	困難・霧沼Ⅶ	안개의 늪·하드VII 	ยาก·บึงแห่งหมอก·7
2212008	212	8	2212007	92245;92246			300;300;200	0;0;0	8;12;0	4100032;5112001;4105023;3000003	5;85;20;120000					1	困难·雾沼·八	困難·霧沼·八	Hard (Fogmarsh) VIII	困難・霧沼Ⅷ	안개의 늪·하드VIII 	ยาก·บึงแห่งหมอก·8
2212009	212	9	2212008	92247;92248			300;300;200	0;0;0	12;18;0	4100032;5112001;4105023;3000003	5;90;20;130000					1	困难·雾沼·九	困難·霧沼·九	Hard (Fogmarsh) IX	困難・霧沼Ⅸ	안개의 늪·하드IX	ยาก·บึงแห่งหมอก·9
2212010	212	10	2212009	92249;92250			300;300;200	0;0;0	12;18;0	4100032;5112001;4105023;3000003	5;100;30;150000					1	困难·雾沼·十	困難·霧沼·十	Hard (Fogmarsh) X	困難・霧沼Ⅹ	안개의 늪·하드X	ยาก·บึงแห่งหมอก·10
2312001	312	1	0	92261;92262			300;300;200	0;0;0	8;12;0	4100032;5112001;4105023;3000003	5;50;5;50000					1	绝境·雾沼·一	絕境·霧沼·一	Abyssal (Fogmarsh) I	絶境・霧沼Ⅰ	인페르노·안개의 늪I 	วิกฤต·บึงแห่งหมอก·1
2312002	312	2	0	92263;92264			300;300;200	0;0;0	8;12;0	4100032;5112001;4105023;3000003	5;55;5;60000					1	绝境·雾沼·二	絕境·霧沼·二	Abyssal (Fogmarsh) II	絶境・霧沼Ⅱ	인페르노·안개의 늪II	วิกฤต·บึงแห่งหมอก·2
2312003	312	3	0	92265;92266			300;300;200	0;0;0	8;12;0	4100032;5112001;4105023;3000003	5;60;5;70000					1	绝境·雾沼·三	絕境·霧沼·三	Abyssal (Fogmarsh) III	絶境・霧沼Ⅲ	인페르노·안개의 늪III	วิกฤต·บึงแห่งหมอก·3
2312004	312	4	0	92267;92268			300;300;200	0;0;0	8;12;0	4100032;5112001;4105023;3000003	5;65;10;80000					1	绝境·雾沼·四	絕境·霧沼·四	Abyssal (Fogmarsh) IV	絶境・霧沼Ⅳ	인페르노·안개의 늪IV	วิกฤต·บึงแห่งหมอก·4
2312005	312	5	0	92269;92270			300;300;200	0;0;0	8;12;0	4100032;5112001;4105023;3000003	5;70;10;90000					1	绝境·雾沼·五	絕境·霧沼·五	Abyssal (Fogmarsh) V	絶境・霧沼Ⅴ	인페르노·안개의 늪V	วิกฤต·บึงแห่งหมอก·5
2312006	312	6	0	92271;92272			300;300;200	0;0;0	8;12;0	4100032;5112001;4105023;3000003	5;75;10;100000					1	绝境·雾沼·六	絕境·霧沼·六	Abyssal (Fogmarsh) VI	絶境・霧沼Ⅵ	인페르노·안개의 늪VI 	วิกฤต·บึงแห่งหมอก·6
2312007	312	7	2312006	92273;92274			300;300;200	0;0;0	8;12;0	4100032;5112001;4105023;3000003	5;80;20;110000					1	绝境·雾沼·七	絕境·霧沼·七	Abyssal (Fogmarsh) VII	絶境・霧沼Ⅶ	인페르노·안개의 늪VII	วิกฤต·บึงแห่งหมอก·7
2312008	312	8	2312007	92275;92276			300;300;200	0;0;0	8;12;0	4100032;5112001;4105023;3000003	5;85;20;120000					1	绝境·雾沼·八	絕境·霧沼·八	Abyssal (Fogmarsh) VIII	絶境・霧沼Ⅷ	인페르노·안개의 늪VIII	วิกฤต·บึงแห่งหมอก·8
2312009	312	9	2312008	92277;92278			300;300;200	0;0;0	12;18;0	4100032;5112001;4105023;3000003	5;90;20;130000					1	绝境·雾沼·九	絕境·霧沼·九	Abyssal (Fogmarsh) IX	絶境・霧沼Ⅸ	인페르노·안개의 늪IX	วิกฤต·บึงแห่งหมอก·9
2312010	312	10	2312009	92279;92280			300;300;200	0;0;0	12;18;0	4100032;5112001;4105023;3000003	5;100;30;150000					1	绝境·雾沼·十	絕境·霧沼·十	Abyssal (Fogmarsh) X	絶境・霧沼Ⅹ	인페르노·안개의 늪X	วิกฤต·บึงแห่งหมอก·10
2113001	113	1	0	92301;92302			300;300;200	0;0;0	8;12;0	4100032;5112001;4105023;3000003	2;20;1;5000					1	苦海·一	苦海·一	Torture I	苦海Ⅰ	고해I 	ทะเลทุกข์·1
2113002	113	2	0	92303;92304			300;300;200	0;0;0	8;12;0	4100032;5112001;4105023;3000003	2;25;2;10000					1	苦海·二	苦海·二	Torture II	苦海Ⅱ	고해II	ทะเลทุกข์·2
2113003	113	3	0	92305;92306			300;300;200	0;0;0	8;12;0	4100032;5112001;4105023;3000003	2;30;3;15000					1	苦海·三	苦海·三	Torture III	苦海Ⅲ	고해III	ทะเลทุกข์·3
2113004	113	4	0	92307;92308			300;300;200	0;0;0	8;12;0	4100032;5112001;4105023;3000003	2;35;4;20000					1	苦海·四	苦海·四	Torture IV	苦海Ⅳ	고해IV	ทะเลทุกข์·4
2113005	113	5	0	92309;92310			300;300;200	0;0;0	8;12;0	4100032;5112001;4105023;3000003	2;40;5;25000					1	苦海·五	苦海·五	Torture V	苦海Ⅴ	고해V	ทะเลทุกข์·5
2113006	113	6	0	92311;92312			300;300;200	0;0;0	8;12;0	4100032;5112001;4105023;3000003	2;45;6;30000					1	苦海·六	苦海·六	Torture VI	苦海Ⅵ	고해VI 	ทะเลทุกข์·6
2113007	113	7	0	92313;92314			300;300;200	0;0;0	8;12;0	4100032;5112001;4105023;3000003	2;50;7;35000					1	苦海·七	苦海·七	Torture VII	苦海Ⅶ	고해VII	ทะเลทุกข์·7
2113008	113	8	0	92315;92316			300;300;200	0;0;0	8;12;0	4100032;5112001;4105023;3000003	2;55;8;40000					1	苦海·八	苦海·八	Torture VIII	苦海Ⅷ	고해VIII	ทะเลทุกข์·8
2113009	113	9	0	92317;92318			300;300;200	0;0;0	12;18;0	4100032;5112001;4105023;3000003	2;60;9;45000					1	苦海·九	苦海·九	Torture IX	苦海Ⅸ	고해IX	ทะเลทุกข์·9
2113010	113	10	2113009	92319;92320			300;300;200	0;0;0	12;18;0	4100032;5112001;4105023;3000003	2;70;10;50000					1	苦海·十	苦海·十	Torture X	苦海Ⅹ	고해X	ทะเลทุกข์·10
2213001	213	1	0	92331;92332			300;300;200	0;0;0	8;12;0	4100032;5112001;4105023;3000003	5;50;5;50000					1	困难·苦海·一	困難·苦海·一	Hard (Torture) I	困難・苦海Ⅰ	고해·하드I 	ยาก·ทะเลทุกข์·1
2213002	213	2	0	92333;92334			300;300;200	0;0;0	8;12;0	4100032;5112001;4105023;3000003	5;55;5;60000					1	困难·苦海·二	困難·苦海·二	Hard (Torture) II	困難・苦海Ⅱ	고해·하드II 	ยาก·ทะเลทุกข์·2
2213003	213	3	0	92335;92336			300;300;200	0;0;0	8;12;0	4100032;5112001;4105023;3000003	5;60;5;70000					1	困难·苦海·三	困難·苦海·三	Hard (Torture) III	困難・苦海Ⅲ	고해·하드III 	ยาก·ทะเลทุกข์·3
2213004	213	4	0	92337;92338			300;300;200	0;0;0	8;12;0	4100032;5112001;4105023;3000003	5;65;10;80000					1	困难·苦海·四	困難·苦海·四	Hard (Torture) IV	困難・苦海Ⅳ	고해·하드IV	ยาก·ทะเลทุกข์·4
2213005	213	5	0	92339;92340			300;300;200	0;0;0	8;12;0	4100032;5112001;4105023;3000003	5;70;10;90000					1	困难·苦海·五	困難·苦海·五	Hard (Torture) V	困難・苦海Ⅴ	고해·하드V	ยาก·ทะเลทุกข์·5
2213006	213	6	0	92341;92342			300;300;200	0;0;0	8;12;0	4100032;5112001;4105023;3000003	5;75;10;100000					1	困难·苦海·六	困難·苦海·六	Hard (Torture) VI	困難・苦海Ⅵ	고해·하드VI 	ยาก·ทะเลทุกข์·6
2213007	213	7	2213006	92343;92344			300;300;200	0;0;0	8;12;0	4100032;5112001;4105023;3000003	5;80;20;110000					1	困难·苦海·七	困難·苦海·七	Hard (Torture) VII	困難・苦海Ⅶ	고해·하드VII 	ยาก·ทะเลทุกข์·7
2213008	213	8	2213007	92345;92346			300;300;200	0;0;0	8;12;0	4100032;5112001;4105023;3000003	5;85;20;120000					1	困难·苦海·八	困難·苦海·八	Hard (Torture) VIII	困難・苦海Ⅷ	고해·하드VIII 	ยาก·ทะเลทุกข์·8
2213009	213	9	2213008	92347;92348			300;300;200	0;0;0	12;18;0	4100032;5112001;4105023;3000003	5;90;20;130000					1	困难·苦海·九	困難·苦海·九	Hard (Torture) IX	困難・苦海Ⅸ	고해·하드IX	ยาก·ทะเลทุกข์·9
2213010	213	10	2213009	92349;92350			300;300;200	0;0;0	12;18;0	4100032;5112001;4105023;3000003	5;100;30;150000					1	困难·苦海·十	困難·苦海·十	Hard (Torture) X	困難・苦海Ⅹ	고해·하드X	ยาก·ทะเลทุกข์·10
2313001	313	1	0	92361;92362			300;300;200	0;0;0	8;12;0	4100032;5112001;4105023;3000003	5;50;5;50000					1	绝境·苦海·一	絕境·苦海·一	Abyssal (Torture) I	絶境・苦海Ⅰ	고해·인페르노I 	วิกฤต·ทะเลทุกข์·1
2313002	313	2	0	92363;92364			300;300;200	0;0;0	8;12;0	4100032;5112001;4105023;3000003	5;55;5;60000					1	绝境·苦海·二	絕境·苦海·二	Abyssal (Torture) II	絶境・苦海Ⅱ	고해·인페르노II 	วิกฤต·ทะเลทุกข์·2
2313003	313	3	0	92365;92366			300;300;200	0;0;0	8;12;0	4100032;5112001;4105023;3000003	5;60;5;70000					1	绝境·苦海·三	絕境·苦海·三	Abyssal (Torture) III	絶境・苦海Ⅲ	고해·인페르노III 	วิกฤต·ทะเลทุกข์·3
2313004	313	4	0	92367;92368			300;300;200	0;0;0	8;12;0	4100032;5112001;4105023;3000003	5;65;10;80000					1	绝境·苦海·四	絕境·苦海·四	Abyssal (Torture) IV	絶境・苦海Ⅳ	고해·인페르노IV	วิกฤต·ทะเลทุกข์·4
2313005	313	5	0	92369;92370			300;300;200	0;0;0	8;12;0	4100032;5112001;4105023;3000003	5;70;10;90000					1	绝境·苦海·五	絕境·苦海·五	Abyssal (Torture) V	絶境・苦海Ⅴ	고해·인페르노V	วิกฤต·ทะเลทุกข์·5
2313006	313	6	0	92371;92372			300;300;200	0;0;0	8;12;0	4100032;5112001;4105023;3000003	5;75;10;100000					1	绝境·苦海·六	絕境·苦海·六	Abyssal (Torture) VI	絶境・苦海Ⅵ	고해·인페르노VI 	วิกฤต·ทะเลทุกข์·6
2313007	313	7	2313006	92373;92374			300;300;200	0;0;0	8;12;0	4100032;5112001;4105023;3000003	5;80;20;110000					1	绝境·苦海·七	絕境·苦海·七	Abyssal (Torture) VII	絶境・苦海Ⅶ	고해·인페르노VII 	วิกฤต·ทะเลทุกข์·7
2313008	313	8	2313007	92375;92376			300;300;200	0;0;0	8;12;0	4100032;5112001;4105023;3000003	5;85;20;120000					1	绝境·苦海·八	絕境·苦海·八	Abyssal (Torture) VIII	絶境・苦海Ⅷ	고해·인페르노VIII 	วิกฤต·ทะเลทุกข์·8
2313009	313	9	2313008	92377;92378			300;300;200	0;0;0	12;18;0	4100032;5112001;4105023;3000003	5;90;20;130000					1	绝境·苦海·九	絕境·苦海·九	Abyssal (Torture) IX	絶境・苦海Ⅸ	고해·인페르노IX	วิกฤต·ทะเลทุกข์·9
2313010	313	10	2313009	92379;92380			300;300;200	0;0;0	12;18;0	4100032;5112001;4105023;3000003	5;100;30;150000					1	绝境·苦海·十	絕境·苦海·十	Abyssal (Torture) X	絶境・苦海Ⅹ	고해·인페르노X	วิกฤต·ทะเลทุกข์·10
2114001	114	1	0	92401;92402			300;300;200	0;0;0	8;12;0	4100032;5112001;4105023;3000003	2;20;1;5000					1	沉璧·一	沉璧·一	Obscurity I	破離Ⅰ	침벽·1	หยกก้นบึ้ง·1
2114002	114	2	0	92403;92404			300;300;200	0;0;0	8;12;0	4100032;5112001;4105023;3000003	2;25;2;10000					1	沉璧·二	沉璧·二	Obscurity II	破離Ⅱ	침벽·2	หยกก้นบึ้ง·2
2114003	114	3	0	92405;92406			300;300;200	0;0;0	8;12;0	4100032;5112001;4105023;3000003	2;30;3;15000					1	沉璧·三	沉璧·三	Obscurity III	破離Ⅲ	침벽·3	หยกก้นบึ้ง·3
2114004	114	4	0	92407;92408			300;300;200	0;0;0	8;12;0	4100032;5112001;4105023;3000003	2;35;4;20000					1	沉璧·四	沉璧·四	Obscurity IV	破離Ⅳ	침벽·4	หยกก้นบึ้ง·4
2114005	114	5	0	92409;92410			300;300;200	0;0;0	8;12;0	4100032;5112001;4105023;3000003	2;40;5;25000					1	沉璧·五	沉璧·五	Obscurity V	破離Ⅴ	침벽·5	หยกก้นบึ้ง·5
2114006	114	6	0	92411;92412			300;300;200	0;0;0	8;12;0	4100032;5112001;4105023;3000003	2;45;6;30000					1	沉璧·六	沉璧·六	Obscurity VI	破離Ⅵ	침벽·6	หยกก้นบึ้ง·6
2114007	114	7	0	92413;92414			300;300;200	0;0;0	8;12;0	4100032;5112001;4105023;3000003	2;50;7;35000					1	沉璧·七	沉璧·七	Obscurity VII	破離Ⅶ	침벽·7	หยกก้นบึ้ง·7
2114008	114	8	0	92415;92416			300;300;200	0;0;0	8;12;0	4100032;5112001;4105023;3000003	2;55;8;40000					1	沉璧·八	沉璧·八	Obscurity VIII	破離Ⅷ	침벽·8	หยกก้นบึ้ง·8
2114009	114	9	0	92417;92418			300;300;200	0;0;0	12;18;0	4100032;5112001;4105023;3000003	2;60;9;45000					1	沉璧·九	沉璧·九	Obscurity IX	破離Ⅸ	침벽·9	หยกก้นบึ้ง·9
2114010	114	10	2114009	92419;92420			300;300;200	0;0;0	12;18;0	4100032;5112001;4105023;3000003	2;70;10;50000					1	沉璧·十	沉璧·十	Obscurity X	破離Ⅹ	침벽·10	หยกก้นบึ้ง·10
2214001	214	1	0	92431;92432			300;300;200	0;0;0	8;12;0	4100032;5112001;4105023;3000003	5;50;5;50000					1	困难·沉璧·一	困難·沉璧·一	Hard (Obscurity) I	困難・破離Ⅰ	어려움·침벽·1	ยาก·หยกก้นบึ้ง·1
2214002	214	2	0	92433;92434			300;300;200	0;0;0	8;12;0	4100032;5112001;4105023;3000003	5;55;5;60000					1	困难·沉璧·二	困難·沉璧·二	Hard (Obscurity) II	困難・破離Ⅱ	어려움·침벽·2	ยาก·หยกก้นบึ้ง·2
2214003	214	3	0	92435;92436			300;300;200	0;0;0	8;12;0	4100032;5112001;4105023;3000003	5;60;5;70000					1	困难·沉璧·三	困難·沉璧·三	Hard (Obscurity) III	困難・破離Ⅲ	어려움·침벽·3	ยาก·หยกก้นบึ้ง·3
2214004	214	4	0	92437;92438			300;300;200	0;0;0	8;12;0	4100032;5112001;4105023;3000003	5;65;10;80000					1	困难·沉璧·四	困難·沉璧·四	Hard (Obscurity) IV	困難・破離Ⅳ	어려움·침벽·4	ยาก·หยกก้นบึ้ง·4
2214005	214	5	0	92439;92440			300;300;200	0;0;0	8;12;0	4100032;5112001;4105023;3000003	5;70;10;90000					1	困难·沉璧·五	困難·沉璧·五	Hard (Obscurity) V	困難・破離Ⅴ	어려움·침벽·5	ยาก·หยกก้นบึ้ง·5
2214006	214	6	0	92441;92442			300;300;200	0;0;0	8;12;0	4100032;5112001;4105023;3000003	5;75;10;100000					1	困难·沉璧·六	困難·沉璧·六	Hard (Obscurity) VI	困難・破離Ⅵ	어려움·침벽·6	ยาก·หยกก้นบึ้ง·6
2214007	214	7	2214006	92443;92444			300;300;200	0;0;0	8;12;0	4100032;5112001;4105023;3000003	5;80;20;110000					1	困难·沉璧·七	困難·沉璧·七	Hard (Obscurity) VII	困難・破離Ⅶ	어려움·침벽·7	ยาก·หยกก้นบึ้ง·7
2214008	214	8	2214007	92445;92446			300;300;200	0;0;0	8;12;0	4100032;5112001;4105023;3000003	5;85;20;120000					1	困难·沉璧·八	困難·沉璧·八	Hard (Obscurity) VIII	困難・破離Ⅷ	어려움·침벽·8	ยาก·หยกก้นบึ้ง·8
2214009	214	9	2214008	92447;92448			300;300;200	0;0;0	12;18;0	4100032;5112001;4105023;3000003	5;90;20;130000					1	困难·沉璧·九	困難·沉璧·九	Hard (Obscurity) IX	困難・破離Ⅸ	어려움·침벽·9	ยาก·หยกก้นบึ้ง·9
2214010	214	10	2214009	92449;92450			300;300;200	0;0;0	12;18;0	4100032;5112001;4105023;3000003	5;100;30;150000					1	困难·沉璧·十	困難·沉璧·十	Hard (Obscurity) X	困難・破離Ⅹ	어려움·침벽·10	ยาก·หยกก้นบึ้ง·10
2314001	314	1	0	92461;92462			300;300;200	0;0;0	8;12;0	4100032;5112001;4105023;3000003	5;50;5;50000					1	绝境·沉璧·一	絕境·沉璧·一	Abyssal (Obscurity) I	絶境・破離Ⅰ	절경·침벽·1	วิกฤต·หยกก้นบึ้ง·1
2314002	314	2	0	92463;92464			300;300;200	0;0;0	8;12;0	4100032;5112001;4105023;3000003	5;55;5;60000					1	绝境·沉璧·二	絕境·沉璧·二	Abyssal (Obscurity) II	絶境・破離Ⅱ	절경·침벽·2	วิกฤต·หยกก้นบึ้ง·2
2314003	314	3	0	92465;92466			300;300;200	0;0;0	8;12;0	4100032;5112001;4105023;3000003	5;60;5;70000					1	绝境·沉璧·三	絕境·沉璧·三	Abyssal (Obscurity) III	絶境・破離Ⅲ	절경·침벽·3	วิกฤต·หยกก้นบึ้ง·3
2314004	314	4	0	92467;92468			300;300;200	0;0;0	8;12;0	4100032;5112001;4105023;3000003	5;65;10;80000					1	绝境·沉璧·四	絕境·沉璧·四	Abyssal (Obscurity) IV	絶境・破離Ⅳ	절경·침벽·4	วิกฤต·หยกก้นบึ้ง·4
2314005	314	5	0	92469;92470			300;300;200	0;0;0	8;12;0	4100032;5112001;4105023;3000003	5;70;10;90000					1	绝境·沉璧·五	絕境·沉璧·五	Abyssal (Obscurity) V	絶境・破離Ⅴ	절경·침벽·5	วิกฤต·หยกก้นบึ้ง·5
2314006	314	6	0	92471;92472			300;300;200	0;0;0	8;12;0	4100032;5112001;4105023;3000003	5;75;10;100000					1	绝境·沉璧·六	絕境·沉璧·六	Abyssal (Obscurity) VI	絶境・破離Ⅵ	절경·침벽·6	วิกฤต·หยกก้นบึ้ง·6
2314007	314	7	2314006	92473;92474			300;300;200	0;0;0	8;12;0	4100032;5112001;4105023;3000003	5;80;20;110000					1	绝境·沉璧·七	絕境·沉璧·七	Abyssal (Obscurity) VII	絶境・破離Ⅶ	절경·침벽·7	วิกฤต·หยกก้นบึ้ง·7
2314008	314	8	2314007	92475;92476			300;300;200	0;0;0	8;12;0	4100032;5112001;4105023;3000003	5;85;20;120000					1	绝境·沉璧·八	絕境·沉璧·八	Abyssal (Obscurity) VIII	絶境・破離Ⅷ	절경·침벽·8	วิกฤต·หยกก้นบึ้ง·8
2314009	314	9	2314008	92477;92478			300;300;200	0;0;0	12;18;0	4100032;5112001;4105023;3000003	5;90;20;130000					1	绝境·沉璧·九	絕境·沉璧·九	Abyssal (Obscurity) IX	絶境・破離Ⅸ	절경·침벽·9	วิกฤต·หยกก้นบึ้ง·9
2314010	314	10	2314009	92479;92480			300;300;200	0;0;0	12;18;0	4100032;5112001;4105023;3000003	5;100;30;150000					1	绝境·沉璧·十	絕境·沉璧·十	Abyssal (Obscurity) X	絶境・破離Ⅹ	절경·침벽·10	วิกฤต·หยกก้นบึ้ง·10
2115001	115	1	0	92501;92502			300;300;200	0;0;0	8;12;0	4100032;5112001;4105023;3000003	2;20;1;5000					1	阑珊·一	闌珊·一	Owl-light I	薄明Ⅰ	난산·1	แสงริบหรี่·1
2115002	115	2	0	92503;92504			300;300;200	0;0;0	8;12;0	4100032;5112001;4105023;3000003	2;25;2;10000					1	阑珊·二	闌珊·二	Owl-light II	薄明Ⅱ	난산·2	แสงริบหรี่·2
2115003	115	3	0	92505;92506			300;300;200	0;0;0	8;12;0	4100032;5112001;4105023;3000003	2;30;3;15000					1	阑珊·三	闌珊·三	Owl-light III	薄明Ⅲ	난산·3	แสงริบหรี่·3
2115004	115	4	0	92507;92508			300;300;200	0;0;0	8;12;0	4100032;5112001;4105023;3000003	2;35;4;20000					1	阑珊·四	闌珊·四	Owl-light IV	薄明Ⅳ	난산·4	แสงริบหรี่·4
2115005	115	5	0	92509;92510			300;300;200	0;0;0	8;12;0	4100032;5112001;4105023;3000003	2;40;5;25000					1	阑珊·五	闌珊·五	Owl-light V	薄明Ⅴ	난산·5	แสงริบหรี่·5
2115006	115	6	0	92511;92512			300;300;200	0;0;0	8;12;0	4100032;5112001;4105023;3000003	2;45;6;30000					1	阑珊·六	闌珊·六	Owl-light VI	薄明Ⅵ	난산·6	แสงริบหรี่·6
2115007	115	7	0	92513;92514			300;300;200	0;0;0	8;12;0	4100032;5112001;4105023;3000003	2;50;7;35000					1	阑珊·七	闌珊·七	Owl-light VII	薄明Ⅶ	난산·7	แสงริบหรี่·7
2115008	115	8	0	92515;92516			300;300;200	0;0;0	8;12;0	4100032;5112001;4105023;3000003	2;55;8;40000					1	阑珊·八	闌珊·八	Owl-light VIII	薄明Ⅷ	난산·8	แสงริบหรี่·8
2115009	115	9	0	92517;92518			300;300;200	0;0;0	12;18;0	4100032;5112001;4105023;3000003	2;60;9;45000					1	阑珊·九	闌珊·九	Owl-light IX	薄明Ⅸ	난산·9	แสงริบหรี่·9
2115010	115	10	2115009	92519;92520			300;300;200	0;0;0	12;18;0	4100032;5112001;4105023;3000003	2;70;10;50000					1	阑珊·十	闌珊·十	Owl-light X	薄明Ⅹ	난산·10	แสงริบหรี่·10
2215001	215	1	0	92531;92532			300;300;200	0;0;0	8;12;0	4100032;5112001;4105023;3000003	5;50;5;50000					1	困难·阑珊·一	困難·闌珊·一	Hard (Owl-light) I	困難・薄明Ⅰ	어려움·난산·1	ยาก·แสงริบหรี่·1
2215002	215	2	0	92533;92534			300;300;200	0;0;0	8;12;0	4100032;5112001;4105023;3000003	5;55;5;60000					1	困难·阑珊·二	困難·闌珊·二	Hard (Owl-light) II	困難・薄明Ⅱ	어려움·난산·2	ยาก·แสงริบหรี่·2
2215003	215	3	0	92535;92536			300;300;200	0;0;0	8;12;0	4100032;5112001;4105023;3000003	5;60;5;70000					1	困难·阑珊·三	困難·闌珊·三	Hard (Owl-light) III	困難・薄明Ⅲ	어려움·난산·3	ยาก·แสงริบหรี่·3
2215004	215	4	0	92537;92538			300;300;200	0;0;0	8;12;0	4100032;5112001;4105023;3000003	5;65;10;80000					1	困难·阑珊·四	困難·闌珊·四	Hard (Owl-light) IV	困難・薄明Ⅳ	어려움·난산·4	ยาก·แสงริบหรี่·4
2215005	215	5	0	92539;92540			300;300;200	0;0;0	8;12;0	4100032;5112001;4105023;3000003	5;70;10;90000					1	困难·阑珊·五	困難·闌珊·五	Hard (Owl-light) V	困難・薄明Ⅴ	어려움·난산·5	ยาก·แสงริบหรี่·5
2215006	215	6	0	92541;92542			300;300;200	0;0;0	8;12;0	4100032;5112001;4105023;3000003	5;75;10;100000					1	困难·阑珊·六	困難·闌珊·六	Hard (Owl-light) VI	困難・薄明Ⅵ	어려움·난산·6	ยาก·แสงริบหรี่·6
2215007	215	7	2215006	92543;92544			300;300;200	0;0;0	8;12;0	4100032;5112001;4105023;3000003	5;80;20;110000					1	困难·阑珊·七	困難·闌珊·七	Hard (Owl-light) VII	困難・薄明Ⅶ	어려움·난산·7	ยาก·แสงริบหรี่·7
2215008	215	8	2215007	92545;92546			300;300;200	0;0;0	8;12;0	4100032;5112001;4105023;3000003	5;85;20;120000					1	困难·阑珊·八	困難·闌珊·八	Hard (Owl-light) VIII	困難・薄明Ⅷ	어려움·난산·8	ยาก·แสงริบหรี่·8
2215009	215	9	2215008	92547;92548			300;300;200	0;0;0	12;18;0	4100032;5112001;4105023;3000003	5;90;20;130000					1	困难·阑珊·九	困難·闌珊·九	Hard (Owl-light) IX	困難・薄明Ⅸ	어려움·난산·9	ยาก·แสงริบหรี่·9
2215010	215	10	2215009	92549;92550			300;300;200	0;0;0	12;18;0	4100032;5112001;4105023;3000003	5;100;30;150000					1	困难·阑珊·十	困難·闌珊·十	Hard (Owl-light) X	困難・薄明Ⅹ	어려움·난산·10	ยาก·แสงริบหรี่·10
2315001	315	1	0	92561;92562			300;300;200	0;0;0	8;12;0	4100032;5112001;4105023;3000003	5;50;5;50000					1	绝境·阑珊·一	絕境·闌珊·一	Abyssal (Owl-light) I	絶境・薄明Ⅰ	절경·난산·1	วิกฤต·แสงริบหรี่·1
2315002	315	2	0	92563;92564			300;300;200	0;0;0	8;12;0	4100032;5112001;4105023;3000003	5;55;5;60000					1	绝境·阑珊·二	絕境·闌珊·二	Abyssal (Owl-light) II	絶境・薄明Ⅱ	절경·난산·2	วิกฤต·แสงริบหรี่·2
2315003	315	3	0	92565;92566			300;300;200	0;0;0	8;12;0	4100032;5112001;4105023;3000003	5;60;5;70000					1	绝境·阑珊·三	絕境·闌珊·三	Abyssal (Owl-light) III	絶境・薄明Ⅲ	절경·난산·3	วิกฤต·แสงริบหรี่·3
2315004	315	4	0	92567;92568			300;300;200	0;0;0	8;12;0	4100032;5112001;4105023;3000003	5;65;10;80000					1	绝境·阑珊·四	絕境·闌珊·四	Abyssal (Owl-light) IV	絶境・薄明Ⅳ	절경·난산·4	วิกฤต·แสงริบหรี่·4
2315005	315	5	0	92569;92570			300;300;200	0;0;0	8;12;0	4100032;5112001;4105023;3000003	5;70;10;90000					1	绝境·阑珊·五	絕境·闌珊·五	Abyssal (Owl-light) V	絶境・薄明Ⅴ	절경·난산·5	วิกฤต·แสงริบหรี่·5
2315006	315	6	0	92571;92572			300;300;200	0;0;0	8;12;0	4100032;5112001;4105023;3000003	5;75;10;100000					1	绝境·阑珊·六	絕境·闌珊·六	Abyssal (Owl-light) VI	絶境・薄明Ⅵ	절경·난산·6	วิกฤต·แสงริบหรี่·6
2315007	315	7	2315006	92573;92574			300;300;200	0;0;0	8;12;0	4100032;5112001;4105023;3000003	5;80;20;110000					1	绝境·阑珊·七	絕境·闌珊·七	Abyssal (Owl-light) VII	絶境・薄明Ⅶ	절경·난산·7	วิกฤต·แสงริบหรี่·7
2315008	315	8	2315007	92575;92576			300;300;200	0;0;0	8;12;0	4100032;5112001;4105023;3000003	5;85;20;120000					1	绝境·阑珊·八	絕境·闌珊·八	Abyssal (Owl-light) VIII	絶境・薄明Ⅷ	절경·난산·8	วิกฤต·แสงริบหรี่·8
2315009	315	9	2315008	92577;92578			300;300;200	0;0;0	12;18;0	4100032;5112001;4105023;3000003	5;90;20;130000					1	绝境·阑珊·九	絕境·闌珊·九	Abyssal (Owl-light) IX	絶境・薄明Ⅸ	절경·난산·9	วิกฤต·แสงริบหรี่·9
2315010	315	10	2315009	92579;92580			300;300;200	0;0;0	12;18;0	4100032;5112001;4105023;3000003	5;100;30;150000					1	绝境·阑珊·十	絕境·闌珊·十	Abyssal (Owl-light) X	絶境・薄明Ⅹ	절경·난산·10	วิกฤต·แสงริบหรี่·10
2116001	116	1	0	92601;92602			300;300;200	0;0;0	8;12;0	4100032;5112001;4105023;3000003	2;20;1;5000					1	怒涛·一	怒濤·一	Riptide I	怒涛Ⅰ	노도·1	กระแสน้ำ·1
2116002	116	2	0	92603;92604			300;300;200	0;0;0	8;12;0	4100032;5112001;4105023;3000003	2;25;2;10000					1	怒涛·二	怒濤·二	Riptide II	怒涛Ⅱ	노도·2	กระแสน้ำ·2
2116003	116	3	0	92605;92606			300;300;200	0;0;0	8;12;0	4100032;5112001;4105023;3000003	2;30;3;15000					1	怒涛·三	怒濤·三	Riptide III	怒涛Ⅲ	노도·3	กระแสน้ำ·3
2116004	116	4	0	92607;92608			300;300;200	0;0;0	8;12;0	4100032;5112001;4105023;3000003	2;35;4;20000					1	怒涛·四	怒濤·四	Riptide IV	怒涛Ⅳ	노도·4	กระแสน้ำ·4
2116005	116	5	0	92609;92610			300;300;200	0;0;0	8;12;0	4100032;5112001;4105023;3000003	2;40;5;25000					1	怒涛·五	怒濤·五	Riptide V	怒涛Ⅴ	노도·5	กระแสน้ำ·5
2116006	116	6	0	92611;92612			300;300;200	0;0;0	8;12;0	4100032;5112001;4105023;3000003	2;45;6;30000					1	怒涛·六	怒濤·六	Riptide VI	怒涛Ⅵ	노도·6	กระแสน้ำ·6
2116007	116	7	0	92613;92614			300;300;200	0;0;0	8;12;0	4100032;5112001;4105023;3000003	2;50;7;35000					1	怒涛·七	怒濤·七	Riptide VII	怒涛Ⅶ	노도·7	กระแสน้ำ·7
2116008	116	8	0	92615;92616			300;300;200	0;0;0	8;12;0	4100032;5112001;4105023;3000003	2;55;8;40000					1	怒涛·八	怒濤·八	Riptide VIII	怒涛Ⅷ	노도·8	กระแสน้ำ·8
2116009	116	9	0	92617;92618			300;300;200	0;0;0	12;18;0	4100032;5112001;4105023;3000003	2;60;9;45000					1	怒涛·九	怒濤·九	Riptide IX	怒涛Ⅸ	노도·9	กระแสน้ำ·9
2116010	116	10	2116009	92619;92620			300;300;200	0;0;0	12;18;0	4100032;5112001;4105023;3000003	2;70;10;50000					1	怒涛·十	怒濤·十	Riptide X	怒涛Ⅹ	노도·10	กระแสน้ำ·10
2216001	216	1	0	92631;92632			300;300;200	0;0;0	8;12;0	4100032;5112001;4105023;3000003	5;50;5;50000					1	困难·怒涛·一	困難·怒濤·一	Hard (Riptide) I	困難・怒涛Ⅰ	어려움·노도·1	ยาก·กระแสน้ำ·1
2216002	216	2	0	92633;92634			300;300;200	0;0;0	8;12;0	4100032;5112001;4105023;3000003	5;55;5;60000					1	困难·怒涛·二	困難·怒濤·二	Hard (Riptide) II	困難・怒涛Ⅱ	어려움·노도·2	ยาก·กระแสน้ำ·2
2216003	216	3	0	92635;92636			300;300;200	0;0;0	8;12;0	4100032;5112001;4105023;3000003	5;60;5;70000					1	困难·怒涛·三	困難·怒濤·三	Hard (Riptide) III	困難・怒涛Ⅲ	어려움·노도·3	ยาก·กระแสน้ำ·3
2216004	216	4	0	92637;92638			300;300;200	0;0;0	8;12;0	4100032;5112001;4105023;3000003	5;65;10;80000					1	困难·怒涛·四	困難·怒濤·四	Hard (Riptide) IV	困難・怒涛Ⅳ	어려움·노도·4	ยาก·กระแสน้ำ·4
2216005	216	5	0	92639;92640			300;300;200	0;0;0	8;12;0	4100032;5112001;4105023;3000003	5;70;10;90000					1	困难·怒涛·五	困難·怒濤·五	Hard (Riptide) V	困難・怒涛Ⅴ	어려움·노도·5	ยาก·กระแสน้ำ·5
2216006	216	6	0	92641;92642			300;300;200	0;0;0	8;12;0	4100032;5112001;4105023;3000003	5;75;10;100000					1	困难·怒涛·六	困難·怒濤·六	Hard (Riptide) VI	困難・怒涛Ⅵ	어려움·노도·6	ยาก·กระแสน้ำ·6
2216007	216	7	2216006	92643;92644			300;300;200	0;0;0	8;12;0	4100032;5112001;4105023;3000003	5;80;20;110000					1	困难·怒涛·七	困難·怒濤·七	Hard (Riptide) VII	困難・怒涛Ⅶ	어려움·노도·7	ยาก·กระแสน้ำ·7
2216008	216	8	2216007	92645;92646			300;300;200	0;0;0	8;12;0	4100032;5112001;4105023;3000003	5;85;20;120000					1	困难·怒涛·八	困難·怒濤·八	Hard (Riptide) VIII	困難・怒涛Ⅷ	어려움·노도·8	ยาก·กระแสน้ำ·8
2216009	216	9	2216008	92647;92648			300;300;200	0;0;0	12;18;0	4100032;5112001;4105023;3000003	5;90;20;130000					1	困难·怒涛·九	困難·怒濤·九	Hard (Riptide) IX	困難・怒涛Ⅸ	어려움·노도·9	ยาก·กระแสน้ำ·9
2216010	216	10	2216009	92649;92650			300;300;200	0;0;0	12;18;0	4100032;5112001;4105023;3000003	5;100;30;150000					1	困难·怒涛·十	困難·怒濤·十	Hard (Riptide) X	困難・怒涛Ⅹ	어려움·노도·10	ยาก·กระแสน้ำ·10
2316001	316	1	0	92661;92662			300;300;200	0;0;0	8;12;0	4100032;5112001;4105023;3000003	5;50;5;50000					1	绝境·怒涛·一	絕境·怒濤·一	Abyssal (Riptide) I	絶境・怒涛Ⅰ	절경·노도·1	วิกฤต·กระแสน้ำ·1
2316002	316	2	0	92663;92664			300;300;200	0;0;0	8;12;0	4100032;5112001;4105023;3000003	5;55;5;60000					1	绝境·怒涛·二	絕境·怒濤·二	Abyssal (Riptide) II	絶境・怒涛Ⅱ	절경·노도·2	วิกฤต·กระแสน้ำ·2
2316003	316	3	0	92665;92666			300;300;200	0;0;0	8;12;0	4100032;5112001;4105023;3000003	5;60;5;70000					1	绝境·怒涛·三	絕境·怒濤·三	Abyssal (Riptide) III	絶境・怒涛Ⅲ	절경·노도·3	วิกฤต·กระแสน้ำ·3
2316004	316	4	0	92667;92668			300;300;200	0;0;0	8;12;0	4100032;5112001;4105023;3000003	5;65;10;80000					1	绝境·怒涛·四	絕境·怒濤·四	Abyssal (Riptide) IV	絶境・怒涛Ⅳ	절경·노도·4	วิกฤต·กระแสน้ำ·4
2316005	316	5	0	92669;92670			300;300;200	0;0;0	8;12;0	4100032;5112001;4105023;3000003	5;70;10;90000					1	绝境·怒涛·五	絕境·怒濤·五	Abyssal (Riptide) V	絶境・怒涛Ⅴ	절경·노도·5	วิกฤต·กระแสน้ำ·5
2316006	316	6	0	92671;92672			300;300;200	0;0;0	8;12;0	4100032;5112001;4105023;3000003	5;75;10;100000					1	绝境·怒涛·六	絕境·怒濤·六	Abyssal (Riptide) VI	絶境・怒涛Ⅵ	절경·노도·6	วิกฤต·กระแสน้ำ·6
2316007	316	7	2316006	92673;92674			300;300;200	0;0;0	8;12;0	4100032;5112001;4105023;3000003	5;80;20;110000					1	绝境·怒涛·七	絕境·怒濤·七	Abyssal (Riptide) VII	絶境・怒涛Ⅶ	절경·노도·7	วิกฤต·กระแสน้ำ·7
2316008	316	8	2316007	92675;92676			300;300;200	0;0;0	8;12;0	4100032;5112001;4105023;3000003	5;85;20;120000					1	绝境·怒涛·八	絕境·怒濤·八	Abyssal (Riptide) VIII	絶境・怒涛Ⅷ	절경·노도·8	วิกฤต·กระแสน้ำ·8
2316009	316	9	2316008	92677;92678			300;300;200	0;0;0	12;18;0	4100032;5112001;4105023;3000003	5;90;20;130000					1	绝境·怒涛·九	絕境·怒濤·九	Abyssal (Riptide) IX	絶境・怒涛Ⅸ	절경·노도·9	วิกฤต·กระแสน้ำ·9
2316010	316	10	2316009	92679;92680			300;300;200	0;0;0	12;18;0	4100032;5112001;4105023;3000003	5;100;30;150000					1	绝境·怒涛·十	絕境·怒濤·十	Abyssal (Riptide) X	絶境・怒涛Ⅹ	절경·노도·10	วิกฤต·กระแสน้ำ·10
2117001	117	1	0	92701;92702			300;300;200	0;0;0	8;12;0	4100032;5112001;4105023;3000003	2;20;1;5000					1	急潮·一	急潮·一	Surge I	急潮Ⅰ	급조·1	น้ำเชี่ยว·1
2117002	117	2	0	92703;92704			300;300;200	0;0;0	8;12;0	4100032;5112001;4105023;3000003	2;25;2;10000					1	急潮·二	急潮·二	Surge II	急潮Ⅱ	급조·2	น้ำเชี่ยว·2
2117003	117	3	0	92705;92706			300;300;200	0;0;0	8;12;0	4100032;5112001;4105023;3000003	2;30;3;15000					1	急潮·三	急潮·三	Surge III	急潮Ⅲ	급조·3	น้ำเชี่ยว·3
2117004	117	4	0	92707;92708			300;300;200	0;0;0	8;12;0	4100032;5112001;4105023;3000003	2;35;4;20000					1	急潮·四	急潮·四	Surge IV	急潮Ⅳ	급조·4	น้ำเชี่ยว·4
2117005	117	5	0	92709;92710			300;300;200	0;0;0	8;12;0	4100032;5112001;4105023;3000003	2;40;5;25000					1	急潮·五	急潮·五	Surge V	急潮Ⅴ	급조·5	น้ำเชี่ยว·5
2117006	117	6	0	92711;92712			300;300;200	0;0;0	8;12;0	4100032;5112001;4105023;3000003	2;45;6;30000					1	急潮·六	急潮·六	Surge VI	急潮Ⅵ	급조·6	น้ำเชี่ยว·6
2117007	117	7	0	92713;92714			300;300;200	0;0;0	8;12;0	4100032;5112001;4105023;3000003	2;50;7;35000					1	急潮·七	急潮·七	Surge VII	急潮Ⅶ	급조·7	น้ำเชี่ยว·7
2117008	117	8	0	92715;92716			300;300;200	0;0;0	8;12;0	4100032;5112001;4105023;3000003	2;55;8;40000					1	急潮·八	急潮·八	Surge VIII	急潮Ⅷ	급조·8	น้ำเชี่ยว·8
2117009	117	9	0	92717;92718			300;300;200	0;0;0	12;18;0	4100032;5112001;4105023;3000003	2;60;9;45000					1	急潮·九	急潮·九	Surge IX	急潮Ⅸ	급조·9	น้ำเชี่ยว·9
2117010	117	10	2117009	92719;92720			300;300;200	0;0;0	12;18;0	4100032;5112001;4105023;3000003	2;70;10;50000					1	急潮·十	急潮·十	Surge X	急潮Ⅹ	급조·10	น้ำเชี่ยว·10
2217001	217	1	0	92731;92732			300;300;200	0;0;0	8;12;0	4100032;5112001;4105023;3000003	5;50;5;50000					1	困难·急潮·一	困難·急潮·一	Hard (Surge) I	困難・急潮Ⅰ	어려움·급조·1	ยาก·น้ำเชี่ยว·1
2217002	217	2	0	92733;92734			300;300;200	0;0;0	8;12;0	4100032;5112001;4105023;3000003	5;55;5;60000					1	困难·急潮·二	困難·急潮·二	Hard (Surge) II	困難・急潮Ⅱ	어려움·급조·2	ยาก·น้ำเชี่ยว·2
2217003	217	3	0	92735;92736			300;300;200	0;0;0	8;12;0	4100032;5112001;4105023;3000003	5;60;5;70000					1	困难·急潮·三	困難·急潮·三	Hard (Surge) III	困難・急潮Ⅲ	어려움·급조·3	ยาก·น้ำเชี่ยว·3
2217004	217	4	0	92737;92738			300;300;200	0;0;0	8;12;0	4100032;5112001;4105023;3000003	5;65;10;80000					1	困难·急潮·四	困難·急潮·四	Hard (Surge) IV	困難・急潮Ⅳ	어려움·급조·4	ยาก·น้ำเชี่ยว·4
2217005	217	5	0	92739;92740			300;300;200	0;0;0	8;12;0	4100032;5112001;4105023;3000003	5;70;10;90000					1	困难·急潮·五	困難·急潮·五	Hard (Surge) V	困難・急潮Ⅴ	어려움·급조·5	ยาก·น้ำเชี่ยว·5
2217006	217	6	0	92741;92742			300;300;200	0;0;0	8;12;0	4100032;5112001;4105023;3000003	5;75;10;100000					1	困难·急潮·六	困難·急潮·六	Hard (Surge) VI	困難・急潮Ⅵ	어려움·급조·6	ยาก·น้ำเชี่ยว·6
2217007	217	7	2217006	92743;92744			300;300;200	0;0;0	8;12;0	4100032;5112001;4105023;3000003	5;80;20;110000					1	困难·急潮·七	困難·急潮·七	Hard (Surge) VII	困難・急潮Ⅶ	어려움·급조·7	ยาก·น้ำเชี่ยว·7
2217008	217	8	2217007	92745;92746			300;300;200	0;0;0	8;12;0	4100032;5112001;4105023;3000003	5;85;20;120000					1	困难·急潮·八	困難·急潮·八	Hard (Surge) VIII	困難・急潮Ⅷ	어려움·급조·8	ยาก·น้ำเชี่ยว·8
2217009	217	9	2217008	92747;92748			300;300;200	0;0;0	12;18;0	4100032;5112001;4105023;3000003	5;90;20;130000					1	困难·急潮·九	困難·急潮·九	Hard (Surge) IX	困難・急潮Ⅸ	어려움·급조·9	ยาก·น้ำเชี่ยว·9
2217010	217	10	2217009	92749;92750			300;300;200	0;0;0	12;18;0	4100032;5112001;4105023;3000003	5;100;30;150000					1	困难·急潮·十	困難·急潮·十	Hard (Surge) X	困難・急潮Ⅹ	어려움·급조·10	ยาก·น้ำเชี่ยว·10
2317001	317	1	0	92761;92762			300;300;200	0;0;0	8;12;0	4100032;5112001;4105023;3000003	5;50;5;50000					1	绝境·急潮·一	絕境·急潮·一	Abyssal (Surge) I	絶境・急潮Ⅰ	절경·급조·1	วิกฤต·น้ำเชี่ยว·1
2317002	317	2	0	92763;92764			300;300;200	0;0;0	8;12;0	4100032;5112001;4105023;3000003	5;55;5;60000					1	绝境·急潮·二	絕境·急潮·二	Abyssal (Surge) II	絶境・急潮Ⅱ	절경·급조·2	วิกฤต·น้ำเชี่ยว·2
2317003	317	3	0	92765;92766			300;300;200	0;0;0	8;12;0	4100032;5112001;4105023;3000003	5;60;5;70000					1	绝境·急潮·三	絕境·急潮·三	Abyssal (Surge) III	絶境・急潮Ⅲ	절경·급조·3	วิกฤต·น้ำเชี่ยว·3
2317004	317	4	0	92767;92768			300;300;200	0;0;0	8;12;0	4100032;5112001;4105023;3000003	5;65;10;80000					1	绝境·急潮·四	絕境·急潮·四	Abyssal (Surge) IV	絶境・急潮Ⅳ	절경·급조·4	วิกฤต·น้ำเชี่ยว·4
2317005	317	5	0	92769;92770			300;300;200	0;0;0	8;12;0	4100032;5112001;4105023;3000003	5;70;10;90000					1	绝境·急潮·五	絕境·急潮·五	Abyssal (Surge) V	絶境・急潮Ⅴ	절경·급조·5	วิกฤต·น้ำเชี่ยว·5
2317006	317	6	0	92771;92772			300;300;200	0;0;0	8;12;0	4100032;5112001;4105023;3000003	5;75;10;100000					1	绝境·急潮·六	絕境·急潮·六	Abyssal (Surge) VI	絶境・急潮Ⅵ	절경·급조·6	วิกฤต·น้ำเชี่ยว·6
2317007	317	7	2317006	92773;92774			300;300;200	0;0;0	8;12;0	4100032;5112001;4105023;3000003	5;80;20;110000					1	绝境·急潮·七	絕境·急潮·七	Abyssal (Surge) VII	絶境・急潮Ⅶ	절경·급조·7	วิกฤต·น้ำเชี่ยว·7
2317008	317	8	2317007	92775;92776			300;300;200	0;0;0	8;12;0	4100032;5112001;4105023;3000003	5;85;20;120000					1	绝境·急潮·八	絕境·急潮·八	Abyssal (Surge) VIII	絶境・急潮Ⅷ	절경·급조·8	วิกฤต·น้ำเชี่ยว·8
2317009	317	9	2317008	92777;92778			300;300;200	0;0;0	12;18;0	4100032;5112001;4105023;3000003	5;90;20;130000					1	绝境·急潮·九	絕境·急潮·九	Abyssal (Surge) IX	絶境・急潮Ⅸ	절경·급조·9	วิกฤต·น้ำเชี่ยว·9
2317010	317	10	2317009	92779;92780			300;300;200	0;0;0	12;18;0	4100032;5112001;4105023;3000003	5;100;30;150000					1	绝境·急潮·十	絕境·急潮·十	Abyssal (Surge) X	絶境・急潮Ⅹ	절경·급조·10	วิกฤต·น้ำเชี่ยว·10
2118001	118	1	0	92801;92802			300;300;200	0;0;0	8;12;0	4100032;5112001;4105023;3000003	2;20;1;5000					1	蜜罐·一	蜜罐·一	Honeypot I	ハニーポットⅠ	허니I 	โถน้ำผึ้ง·1
2118002	118	2	0	92803;92804			300;300;200	0;0;0	8;12;0	4100032;5112001;4105023;3000003	2;25;2;10000					1	蜜罐·二	蜜罐·二	Honeypot II	ハニーポットⅡ	허니II 	โถน้ำผึ้ง·2
2118003	118	3	0	92805;92806			300;300;200	0;0;0	8;12;0	4100032;5112001;4105023;3000003	2;30;3;15000					1	蜜罐·三	蜜罐·三	Honeypot III	ハニーポットⅢ	허니III 	โถน้ำผึ้ง·3
2118004	118	4	0	92807;92808			300;300;200	0;0;0	8;12;0	4100032;5112001;4105023;3000003	2;35;4;20000					1	蜜罐·四	蜜罐·四	Honeypot IV	ハニーポットⅣ	허니IV	โถน้ำผึ้ง·4
2118005	118	5	0	92809;92810			300;300;200	0;0;0	8;12;0	4100032;5112001;4105023;3000003	2;40;5;25000					1	蜜罐·五	蜜罐·五	Honeypot V	ハニーポットⅤ	허니V	โถน้ำผึ้ง·5
2118006	118	6	0	92811;92812			300;300;200	0;0;0	8;12;0	4100032;5112001;4105023;3000003	2;45;6;30000					1	蜜罐·六	蜜罐·六	Honeypot VI	ハニーポットⅥ	허니VI 	โถน้ำผึ้ง·6
2118007	118	7	2118006	92813;92814			300;300;200	0;0;0	8;12;0	4100032;5112001;4105023;3000003	2;50;7;35000					1	蜜罐·七	蜜罐·七	Honeypot VII	ハニーポットⅦ	허니VII 	โถน้ำผึ้ง·7
2118008	118	8	2118007	92815;92816			300;300;200	0;0;0	8;12;0	4100032;5112001;4105023;3000003	2;55;8;40000					1	蜜罐·八	蜜罐·八	Honeypot VIII	ハニーポットⅧ	허니VIII 	โถน้ำผึ้ง·8
2118009	118	9	2118008	92817;92818			300;300;200	0;0;0	12;18;0	4100032;5112001;4105023;3000003	2;60;9;45000					1	蜜罐·九	蜜罐·九	Honeypot IX	ハニーポットⅨ	허니IX	โถน้ำผึ้ง·9
2118010	118	10	2118009	92819;92820			300;300;200	0;0;0	12;18;0	4100032;5112001;4105023;3000003	2;70;10;50000					1	蜜罐·十	蜜罐·十	Honeypot X	ハニーポットⅩ	허니X	โถน้ำผึ้ง·10
2218001	218	1	0	92831;92832			300;300;200	0;0;0	8;12;0	4100032;5112001;4105023;3000003	5;50;5;50000					1	困难·蜜罐·一	困難·蜜罐·一	Hard (Honeypot) I	困難・ハニーポットⅠ	허니·하드I 	ยาก·โถน้ำผึ้ง·1
2218002	218	2	0	92833;92834			300;300;200	0;0;0	8;12;0	4100032;5112001;4105023;3000003	5;55;5;60000					1	困难·蜜罐·二	困難·蜜罐·二	Hard (Honeypot) II	困難・ハニーポットⅡ	허니·하드II 	ยาก·โถน้ำผึ้ง·2
2218003	218	3	0	92835;92836			300;300;200	0;0;0	8;12;0	4100032;5112001;4105023;3000003	5;60;5;70000					1	困难·蜜罐·三	困難·蜜罐·三	Hard (Honeypot) III	困難・ハニーポットⅢ	허니·하드III 	ยาก·โถน้ำผึ้ง·3
2218004	218	4	0	92837;92838			300;300;200	0;0;0	8;12;0	4100032;5112001;4105023;3000003	5;65;10;80000					1	困难·蜜罐·四	困難·蜜罐·四	Hard (Honeypot) IV	困難・ハニーポットⅣ	허니·하드IV	ยาก·โถน้ำผึ้ง·4
2218005	218	5	0	92839;92840			300;300;200	0;0;0	8;12;0	4100032;5112001;4105023;3000003	5;70;10;90000					1	困难·蜜罐·五	困難·蜜罐·五	Hard (Honeypot) V	困難・ハニーポットⅤ	허니·하드V	ยาก·โถน้ำผึ้ง·5
2218006	218	6	0	92841;92842			300;300;200	0;0;0	8;12;0	4100032;5112001;4105023;3000003	5;75;10;100000					1	困难·蜜罐·六	困難·蜜罐·六	Hard (Honeypot) VI	困難・ハニーポットⅥ	허니·하드VI 	ยาก·โถน้ำผึ้ง·6
2218007	218	7	2218006	92843;92844			300;300;200	0;0;0	8;12;0	4100032;5112001;4105023;3000003	5;80;20;110000					1	困难·蜜罐·七	困難·蜜罐·七	Hard (Honeypot) VII	困難・ハニーポットⅦ	허니·하드VII 	ยาก·โถน้ำผึ้ง·7
2218008	218	8	2218007	92845;92846			300;300;200	0;0;0	8;12;0	4100032;5112001;4105023;3000003	5;85;20;120000					1	困难·蜜罐·八	困難·蜜罐·八	Hard (Honeypot) VIII	困難・ハニーポットⅧ	허니·하드VIII 	ยาก·โถน้ำผึ้ง·8
2218009	218	9	2218008	92847;92848			300;300;200	0;0;0	12;18;0	4100032;5112001;4105023;3000003	5;90;20;130000					1	困难·蜜罐·九	困難·蜜罐·九	Hard (Honeypot) IX	困難・ハニーポットⅨ	허니·하드IX	ยาก·โถน้ำผึ้ง·9
2218010	218	10	2218009	92849;92850			300;300;200	0;0;0	12;18;0	4100032;5112001;4105023;3000003	5;100;30;150000					1	困难·蜜罐·十	困難·蜜罐·十	Hard (Honeypot) X	困難・ハニーポットⅩ	허니·하드X	ยาก·โถน้ำผึ้ง·10
2318001	318	1	0	92861;92862			300;300;200	0;0;0	8;12;0	4100032;5112001;4105023;3000003	5;50;5;50000					1	绝境·蜜罐·一	絕境·蜜罐·一	Abyssal (Honeypot) I	絶境・ハニーポットⅠ	허니·인페르노I 	วิกฤต·โถน้ำผึ้ง·1
2318002	318	2	0	92863;92864			300;300;200	0;0;0	8;12;0	4100032;5112001;4105023;3000003	5;55;5;60000					1	绝境·蜜罐·二	絕境·蜜罐·二	Abyssal (Honeypot) II	絶境・ハニーポットⅡ	허니·인페르노II 	วิกฤต·โถน้ำผึ้ง·2
2318003	318	3	0	92865;92866			300;300;200	0;0;0	8;12;0	4100032;5112001;4105023;3000003	5;60;5;70000					1	绝境·蜜罐·三	絕境·蜜罐·三	Abyssal (Honeypot) III	絶境・ハニーポットⅢ	허니·인페르노III 	วิกฤต·โถน้ำผึ้ง·3
2318004	318	4	0	92867;92868			300;300;200	0;0;0	8;12;0	4100032;5112001;4105023;3000003	5;65;10;80000					1	绝境·蜜罐·四	絕境·蜜罐·四	Abyssal (Honeypot) IV	絶境・ハニーポットⅣ	허니·인페르노IV	วิกฤต·โถน้ำผึ้ง·4
2318005	318	5	0	92869;92870			300;300;200	0;0;0	8;12;0	4100032;5112001;4105023;3000003	5;70;10;90000					1	绝境·蜜罐·五	絕境·蜜罐·五	Abyssal (Honeypot) V	絶境・ハニーポットⅤ	허니·인페르노V	วิกฤต·โถน้ำผึ้ง·5
2318006	318	6	0	92871;92872			300;300;200	0;0;0	8;12;0	4100032;5112001;4105023;3000003	5;75;10;100000					1	绝境·蜜罐·六	絕境·蜜罐·六	Abyssal (Honeypot) VI	絶境・ハニーポットⅥ	허니·인페르노VI 	วิกฤต·โถน้ำผึ้ง·6
2318007	318	7	2318006	92873;92874			300;300;200	0;0;0	8;12;0	4100032;5112001;4105023;3000003	5;80;20;110000					1	绝境·蜜罐·七	絕境·蜜罐·七	Abyssal (Honeypot) VII	絶境・ハニーポットⅦ	허니·인페르노VII 	วิกฤต·โถน้ำผึ้ง·7
2318008	318	8	2318007	92875;92876			300;300;200	0;0;0	8;12;0	4100032;5112001;4105023;3000003	5;85;20;120000					1	绝境·蜜罐·八	絕境·蜜罐·八	Abyssal (Honeypot) VIII	絶境・ハニーポットⅧ	허니·인페르노VIII 	วิกฤต·โถน้ำผึ้ง·8
2318009	318	9	2318008	92877;92878			300;300;200	0;0;0	12;18;0	4100032;5112001;4105023;3000003	5;90;20;130000					1	绝境·蜜罐·九	絕境·蜜罐·九	Abyssal (Honeypot) IX	絶境・ハニーポットⅨ	허니·인페르노IX	วิกฤต·โถน้ำผึ้ง·9
2318010	318	10	2318009	92879;92880			300;300;200	0;0;0	12;18;0	4100032;5112001;4105023;3000003	5;100;30;150000					1	绝境·蜜罐·十	絕境·蜜罐·十	Abyssal (Honeypot) X	絶境・ハニーポットⅩ	허니·인페르노X	วิกฤต·โถน้ำผึ้ง·10
2119001	119	1	0	92901;92902			300;300;200	0;0;0	8;12;0	4100032;5112001;4105023;3000003	2;20;1;5000					1	无音·一	無音·一	Silence I	無音Ⅰ	무음·1	เงียบงัน·1
2119002	119	2	0	92903;92904			300;300;200	0;0;0	8;12;0	4100032;5112001;4105023;3000003	2;25;2;10000					1	无音·二	無音·二	Silence II	無音Ⅱ	무음·2	เงียบงัน·2
2119003	119	3	0	92905;92906			300;300;200	0;0;0	8;12;0	4100032;5112001;4105023;3000003	2;30;3;15000					1	无音·三	無音·三	Silence III	無音Ⅲ	무음·3	เงียบงัน·3
2119004	119	4	0	92907;92908			300;300;200	0;0;0	8;12;0	4100032;5112001;4105023;3000003	2;35;4;20000					1	无音·四	無音·四	Silence IV	無音Ⅳ	무음·4	เงียบงัน·4
2119005	119	5	0	92909;92910			300;300;200	0;0;0	8;12;0	4100032;5112001;4105023;3000003	2;40;5;25000					1	无音·五	無音·五	Silence V	無音Ⅴ	무음·5	เงียบงัน·5
2119006	119	6	0	92911;92912			300;300;200	0;0;0	8;12;0	4100032;5112001;4105023;3000003	2;45;6;30000					1	无音·六	無音·六	Silence VI	無音Ⅵ	무음·6	เงียบงัน·6
2119007	119	7	0	92913;92914			300;300;200	0;0;0	8;12;0	4100032;5112001;4105023;3000003	2;50;7;35000					1	无音·七	無音·七	Silence VII	無音Ⅶ	무음·7	เงียบงัน·7
2119008	119	8	0	92915;92916			300;300;200	0;0;0	8;12;0	4100032;5112001;4105023;3000003	2;55;8;40000					1	无音·八	無音·八	Silence VIII	無音Ⅷ	무음·8	เงียบงัน·8
2119009	119	9	0	92917;92918			300;300;200	0;0;0	12;18;0	4100032;5112001;4105023;3000003	2;60;9;45000					1	无音·九	無音·九	Silence IX	無音Ⅸ	무음·9	เงียบงัน·9
2119010	119	10	2119009	92919;92920			300;300;200	0;0;0	12;18;0	4100032;5112001;4105023;3000003	2;70;10;50000					1	无音·十	無音·十	Silence X	無音Ⅹ	무음·10	เงียบงัน·10
2219001	219	1	0	92931;92932			300;300;200	0;0;0	8;12;0	4100032;5112001;4105023;3000003	5;50;5;50000					1	困难·无音·一	困難·無音·一	Hard (Silence) I	困難・無音Ⅰ	어려움·무음·1	ยาก·เงียบงัน·1
2219002	219	2	0	92933;92934			300;300;200	0;0;0	8;12;0	4100032;5112001;4105023;3000003	5;55;5;60000					1	困难·无音·二	困難·無音·二	Hard (Silence) II	困難・無音Ⅱ	어려움·무음·2	ยาก·เงียบงัน·2
2219003	219	3	0	92935;92936			300;300;200	0;0;0	8;12;0	4100032;5112001;4105023;3000003	5;60;5;70000					1	困难·无音·三	困難·無音·三	Hard (Silence) III	困難・無音Ⅲ	어려움·무음·3	ยาก·เงียบงัน·3
2219004	219	4	0	92937;92938			300;300;200	0;0;0	8;12;0	4100032;5112001;4105023;3000003	5;65;10;80000					1	困难·无音·四	困難·無音·四	Hard (Silence) IV	困難・無音Ⅳ	어려움·무음·4	ยาก·เงียบงัน·4
2219005	219	5	0	92939;92940			300;300;200	0;0;0	8;12;0	4100032;5112001;4105023;3000003	5;70;10;90000					1	困难·无音·五	困難·無音·五	Hard (Silence) V	困難・無音Ⅴ	어려움·무음·5	ยาก·เงียบงัน·5
2219006	219	6	0	92941;92942			300;300;200	0;0;0	8;12;0	4100032;5112001;4105023;3000003	5;75;10;100000					1	困难·无音·六	困難·無音·六	Hard (Silence) VI	困難・無音Ⅵ	어려움·무음·6	ยาก·เงียบงัน·6
2219007	219	7	2219006	92943;92944			300;300;200	0;0;0	8;12;0	4100032;5112001;4105023;3000003	5;80;20;110000					1	困难·无音·七	困難·無音·七	Hard (Silence) VII	困難・無音Ⅶ	어려움·무음·7	ยาก·เงียบงัน·7
2219008	219	8	2219007	92945;92946			300;300;200	0;0;0	8;12;0	4100032;5112001;4105023;3000003	5;85;20;120000					1	困难·无音·八	困難·無音·八	Hard (Silence) VIII	困難・無音Ⅷ	어려움·무음·8	ยาก·เงียบงัน·8
2219009	219	9	2219008	92947;92948			300;300;200	0;0;0	12;18;0	4100032;5112001;4105023;3000003	5;90;20;130000					1	困难·无音·九	困難·無音·九	Hard (Silence) IX	困難・無音Ⅸ	어려움·무음·9	ยาก·เงียบงัน·9
2219010	219	10	2219009	92949;92950			300;300;200	0;0;0	12;18;0	4100032;5112001;4105023;3000003	5;100;30;150000					1	困难·无音·十	困難·無音·十	Hard (Silence) X	困難・無音Ⅹ	어려움·무음·10	ยาก·เงียบงัน·10
2319001	319	1	0	92961;92962			300;300;200	0;0;0	8;12;0	4100032;5112001;4105023;3000003	5;50;5;50000					1	绝境·无音·一	絕境·無音·一	Abyssal (Silence) I	絶境・無音Ⅰ	절경·무음·1	วิกฤต·เงียบงัน·1
2319002	319	2	0	92963;92964			300;300;200	0;0;0	8;12;0	4100032;5112001;4105023;3000003	5;55;5;60000					1	绝境·无音·二	絕境·無音·二	Abyssal (Silence) II	絶境・無音Ⅱ	절경·무음·2	วิกฤต·เงียบงัน·2
2319003	319	3	0	92965;92966			300;300;200	0;0;0	8;12;0	4100032;5112001;4105023;3000003	5;60;5;70000					1	绝境·无音·三	絕境·無音·三	Abyssal (Silence) III	絶境・無音Ⅲ	절경·무음·3	วิกฤต·เงียบงัน·3
2319004	319	4	0	92967;92968			300;300;200	0;0;0	8;12;0	4100032;5112001;4105023;3000003	5;65;10;80000					1	绝境·无音·四	絕境·無音·四	Abyssal (Silence) IV	絶境・無音Ⅳ	절경·무음·4	วิกฤต·เงียบงัน·4
2319005	319	5	0	92969;92970			300;300;200	0;0;0	8;12;0	4100032;5112001;4105023;3000003	5;70;10;90000					1	绝境·无音·五	絕境·無音·五	Abyssal (Silence) V	絶境・無音Ⅴ	절경·무음·5	วิกฤต·เงียบงัน·5
2319006	319	6	0	92971;92972			300;300;200	0;0;0	8;12;0	4100032;5112001;4105023;3000003	5;75;10;100000					1	绝境·无音·六	絕境·無音·六	Abyssal (Silence) VI	絶境・無音Ⅵ	절경·무음·6	วิกฤต·เงียบงัน·6
2319007	319	7	2319006	92973;92974			300;300;200	0;0;0	8;12;0	4100032;5112001;4105023;3000003	5;80;20;110000					1	绝境·无音·七	絕境·無音·七	Abyssal (Silence) VII	絶境・無音Ⅶ	절경·무음·7	วิกฤต·เงียบงัน·7
2319008	319	8	2319007	92975;92976			300;300;200	0;0;0	8;12;0	4100032;5112001;4105023;3000003	5;85;20;120000					1	绝境·无音·八	絕境·無音·八	Abyssal (Silence) VIII	絶境・無音Ⅷ	절경·무음·8	วิกฤต·เงียบงัน·8
2319009	319	9	2319008	92977;92978			300;300;200	0;0;0	12;18;0	4100032;5112001;4105023;3000003	5;90;20;130000					1	绝境·无音·九	絕境·無音·九	Abyssal (Silence) IX	絶境・無音Ⅸ	절경·무음·9	วิกฤต·เงียบงัน·9
2319010	319	10	2319009	92979;92980			300;300;200	0;0;0	12;18;0	4100032;5112001;4105023;3000003	5;100;30;150000					1	绝境·无音·十	絕境·無音·十	Abyssal (Silence) X	絶境・無音Ⅹ	절경·무음·10	วิกฤต·เงียบงัน·10
2120001	120	1	0	93001;93002			300;300;200	0;0;0	8;12;0	4100032;5112001;4105023;3000003	2;20;1;5000					1	失序·一	失序·一	Disorder I	混沌Ⅰ	디소더I 	สูญสมดุล·1
2120002	120	2	0	93003;93004			300;300;200	0;0;0	8;12;0	4100032;5112001;4105023;3000003	2;25;2;10000					1	失序·二	失序·二	Disorder II	混沌Ⅱ	디소더II	สูญสมดุล·2
2120003	120	3	0	93005;93006			300;300;200	0;0;0	8;12;0	4100032;5112001;4105023;3000003	2;30;3;15000					1	失序·三	失序·三	Disorder III	混沌Ⅲ	디소더III	สูญสมดุล·3
2120004	120	4	0	93007;93008			300;300;200	0;0;0	8;12;0	4100032;5112001;4105023;3000003	2;35;4;20000					1	失序·四	失序·四	Disorder IV	混沌Ⅳ	디소더IV	สูญสมดุล·4
2120005	120	5	0	93009;93010			300;300;200	0;0;0	8;12;0	4100032;5112001;4105023;3000003	2;40;5;25000					1	失序·五	失序·五	Disorder V	混沌Ⅴ	디소더V	สูญสมดุล·5
2120006	120	6	0	93011;93012			300;300;200	0;0;0	8;12;0	4100032;5112001;4105023;3000003	2;45;6;30000					1	失序·六	失序·六	Disorder VI	混沌Ⅵ	디소더VI 	สูญสมดุล·6
2120007	120	7	0	93013;93014			300;300;200	0;0;0	8;12;0	4100032;5112001;4105023;3000003	2;50;7;35000					1	失序·七	失序·七	Disorder VII	混沌Ⅶ	디소더VII	สูญสมดุล·7
2120008	120	8	0	93015;93016			300;300;200	0;0;0	8;12;0	4100032;5112001;4105023;3000003	2;55;8;40000					1	失序·八	失序·八	Disorder VIII	混沌Ⅷ	디소더VIII	สูญสมดุล·8
2120009	120	9	0	93017;93018			300;300;200	0;0;0	12;18;0	4100032;5112001;4105023;3000003	2;60;9;45000					1	失序·九	失序·九	Disorder IX	混沌Ⅸ	디소더IX	สูญสมดุล·9
2120010	120	10	2120009	93019;93020			300;300;200	0;0;0	12;18;0	4100032;5112001;4105023;3000003	2;70;10;50000					1	失序·十	失序·十	Disorder X	混沌Ⅹ	디소더X	สูญสมดุล·10
2220001	220	1	0	93031;93032			300;300;200	0;0;0	8;12;0	4100032;5112001;4105023;3000003	5;50;5;50000					1	困难·失序·一	困難·失序·一	Hard (Disorder) I	困難・混沌Ⅰ	디소더·하드I 	ยาก·สูญสมดุล·1
2220002	220	2	0	93033;93034			300;300;200	0;0;0	8;12;0	4100032;5112001;4105023;3000003	5;55;5;60000					1	困难·失序·二	困難·失序·二	Hard (Disorder) II	困難・混沌Ⅱ	디소더·하드II	ยาก·สูญสมดุล·2
2220003	220	3	0	93035;93036			300;300;200	0;0;0	8;12;0	4100032;5112001;4105023;3000003	5;60;5;70000					1	困难·失序·三	困難·失序·三	Hard (Disorder) III	困難・混沌Ⅲ	디소더·하드III	ยาก·สูญสมดุล·3
2220004	220	4	0	93037;93038			300;300;200	0;0;0	8;12;0	4100032;5112001;4105023;3000003	5;65;10;80000					1	困难·失序·四	困難·失序·四	Hard (Disorder) IV	困難・混沌Ⅳ	디소더·하드IV	ยาก·สูญสมดุล·4
2220005	220	5	0	93039;93040			300;300;200	0;0;0	8;12;0	4100032;5112001;4105023;3000003	5;70;10;90000					1	困难·失序·五	困難·失序·五	Hard (Disorder) V	困難・混沌Ⅴ	디소더·하드V	ยาก·สูญสมดุล·5
2220006	220	6	0	93041;93042			300;300;200	0;0;0	8;12;0	4100032;5112001;4105023;3000003	5;75;10;100000					1	困难·失序·六	困難·失序·六	Hard (Disorder) VI	困難・混沌Ⅵ	디소더·하드VI 	ยาก·สูญสมดุล·6
2220007	220	7	2220006	93043;93044			300;300;200	0;0;0	8;12;0	4100032;5112001;4105023;3000003	5;80;20;110000					1	困难·失序·七	困難·失序·七	Hard (Disorder) VII	困難・混沌Ⅶ	디소더·하드VII	ยาก·สูญสมดุล·7
2220008	220	8	2220007	93045;93046			300;300;200	0;0;0	8;12;0	4100032;5112001;4105023;3000003	5;85;20;120000					1	困难·失序·八	困難·失序·八	Hard (Disorder) VIII	困難・混沌Ⅷ	디소더·하드VIII	ยาก·สูญสมดุล·8
2220009	220	9	2220008	93047;93048			300;300;200	0;0;0	12;18;0	4100032;5112001;4105023;3000003	5;90;20;130000					1	困难·失序·九	困難·失序·九	Hard (Disorder) IX	困難・混沌Ⅸ	디소더·하드IX	ยาก·สูญสมดุล·9
2220010	220	10	2220009	93049;93050			300;300;200	0;0;0	12;18;0	4100032;5112001;4105023;3000003	5;100;30;150000					1	困难·失序·十	困難·失序·十	Hard (Disorder) X	困難・混沌Ⅹ	디소더·하드X	ยาก·สูญสมดุล·10
2320001	320	1	0	93061;93062			300;300;200	0;0;0	8;12;0	4100032;5112001;4105023;3000003	5;50;5;50000					1	绝境·失序·一	絕境·失序·一	Abyssal (Disorder) I	絶境・混沌Ⅰ	디소더·인페르노I 	วิกฤต·สูญสมดุล·1
2320002	320	2	0	93063;93064			300;300;200	0;0;0	8;12;0	4100032;5112001;4105023;3000003	5;55;5;60000					1	绝境·失序·二	絕境·失序·二	Abyssal (Disorder) II	絶境・混沌Ⅱ	디소더·인페르노II	วิกฤต·สูญสมดุล·2
2320003	320	3	0	93065;93066			300;300;200	0;0;0	8;12;0	4100032;5112001;4105023;3000003	5;60;5;70000					1	绝境·失序·三	絕境·失序·三	Abyssal (Disorder) III	絶境・混沌Ⅲ	디소더·인페르노III	วิกฤต·สูญสมดุล·3
2320004	320	4	0	93067;93068			300;300;200	0;0;0	8;12;0	4100032;5112001;4105023;3000003	5;65;10;80000					1	绝境·失序·四	絕境·失序·四	Abyssal (Disorder) IV	絶境・混沌Ⅳ	디소더·인페르노IV	วิกฤต·สูญสมดุล·4
2320005	320	5	0	93069;93070			300;300;200	0;0;0	8;12;0	4100032;5112001;4105023;3000003	5;70;10;90000					1	绝境·失序·五	絕境·失序·五	Abyssal (Disorder) V	絶境・混沌Ⅴ	디소더·인페르노V	วิกฤต·สูญสมดุล·5
2320006	320	6	0	93071;93072			300;300;200	0;0;0	8;12;0	4100032;5112001;4105023;3000003	5;75;10;100000					1	绝境·失序·六	絕境·失序·六	Abyssal (Disorder) VI	絶境・混沌Ⅵ	디소더·인페르노VI 	วิกฤต·สูญสมดุล·6
2320007	320	7	2320006	93073;93074			300;300;200	0;0;0	8;12;0	4100032;5112001;4105023;3000003	5;80;20;110000					1	绝境·失序·七	絕境·失序·七	Abyssal (Disorder) VII	絶境・混沌Ⅶ	디소더·인페르노VII	วิกฤต·สูญสมดุล·7
2320008	320	8	2320007	93075;93076			300;300;200	0;0;0	8;12;0	4100032;5112001;4105023;3000003	5;85;20;120000					1	绝境·失序·八	絕境·失序·八	Abyssal (Disorder) VIII	絶境・混沌Ⅷ	디소더·인페르노VIII	วิกฤต·สูญสมดุล·8
2320009	320	9	2320008	93077;93078			300;300;200	0;0;0	12;18;0	4100032;5112001;4105023;3000003	5;90;20;130000					1	绝境·失序·九	絕境·失序·九	Abyssal (Disorder) IX	絶境・混沌Ⅸ	디소더·인페르노IX	วิกฤต·สูญสมดุล·9
2320010	320	10	2320009	93079;93080			300;300;200	0;0;0	12;18;0	4100032;5112001;4105023;3000003	5;100;30;150000					1	绝境·失序·十	絕境·失序·十	Abyssal (Disorder) X	絶境・混沌Ⅹ	디소더·인페르노X	วิกฤต·สูญสมดุล·10
2420001	420	1	0	93081;93082			300;300;200	0;0;0	12;18;0	4100032;5112001;4105023;3000003	5;50;5;50000					1	挑战·失序·一	挑戰·失序·一	Challenge (Disorder) I	挑戦・混沌Ⅰ	도전·디소더I 	ท้าทาย·สูญสมดุล·1
2420002	420	2	2420001	93083;93084			300;300;200	0;0;0	12;18;0	4100032;5112001;4105023;3000003	5;55;5;60000					1	挑战·失序·二	挑戰·失序·二	Challenge (Disorder) II	挑戦・混沌Ⅱ	도전·디소더II	ท้าทาย·สูญสมดุล·2
2420003	420	3	2420002	93085;93086						4100032;5112001;4105023;3000003	5;60;5;70000					1	挑战·失序·三	挑戰·失序·三	Challenge (Disorder) III	挑戦・混沌Ⅲ	도전·디소더III	ท้าทาย·สูญสมดุล·3
2121001	121	1	0	93101;93102			300;300;200	0;0;0	8;12;0	4100032;5112001;4105023;3000003	2;20;1;5000					1	无归·一	無歸·一	Marooned I	不帰Ⅰ	논레페토I 	ไร้ทางกลับ·1
2121002	121	2	0	93103;93104			300;300;200	0;0;0	8;12;0	4100032;5112001;4105023;3000003	2;25;2;10000					1	无归·二	無歸·二	Marooned II	不帰Ⅱ	논레페토II	ไร้ทางกลับ·2
2121003	121	3	0	93105;93106			300;300;200	0;0;0	8;12;0	4100032;5112001;4105023;3000003	2;30;3;15000					1	无归·三	無歸·三	Marooned III	不帰Ⅲ	논레페토III	ไร้ทางกลับ·3
2121004	121	4	0	93107;93108			300;300;200	0;0;0	8;12;0	4100032;5112001;4105023;3000003	2;35;4;20000					1	无归·四	無歸·四	Marooned IV	不帰Ⅳ	논레페토IV	ไร้ทางกลับ·4
2121005	121	5	0	93109;93110			300;300;200	0;0;0	8;12;0	4100032;5112001;4105023;3000003	2;40;5;25000					1	无归·五	無歸·五	Marooned V	不帰Ⅴ	논레페토V	ไร้ทางกลับ·5
2121006	121	6	0	93111;93112			300;300;200	0;0;0	8;12;0	4100032;5112001;4105023;3000003	2;45;6;30000					1	无归·六	無歸·六	Marooned VI	不帰Ⅵ	논레페토VI 	ไร้ทางกลับ·6
2121007	121	7	0	93113;93114			300;300;200	0;0;0	8;12;0	4100032;5112001;4105023;3000003	2;50;7;35000					1	无归·七	無歸·七	Marooned VII	不帰Ⅶ	논레페토VII	ไร้ทางกลับ·7
2121008	121	8	0	93115;93116			300;300;200	0;0;0	8;12;0	4100032;5112001;4105023;3000003	2;55;8;40000					1	无归·八	無歸·八	Marooned VIII	不帰Ⅷ	논레페토VIII	ไร้ทางกลับ·8
2121009	121	9	0	93117;93118			300;300;200	0;0;0	12;18;0	4100032;5112001;4105023;3000003	2;60;9;45000					1	无归·九	無歸·九	Marooned IX	不帰Ⅸ	논레페토IX	ไร้ทางกลับ·9
2121010	121	10	2121009	93119;93120			300;300;200	0;0;0	12;18;0	4100032;5112001;4105023;3000003	2;70;10;50000					1	无归·十	無歸·十	Marooned X	不帰Ⅹ	논레페토X	ไร้ทางกลับ·10
2421001	421	1	0	93181;93182			300;300;200	0;0;0	12;18;0	4100032;5112001;4105023;3000003	5;50;5;50000					1	挑战·无归·一	挑戰·無歸·一	Challenge (Marooned) I	挑戦・不帰Ⅰ	도전·논레페토I 	ท้าทาย·ไร้ทางกลับ·1
2421002	421	2	2421001	93183;93184			300;300;200	0;0;0	12;18;0	4100032;5112001;4105023;3000003	5;55;5;60000					1	挑战·无归·二	挑戰·無歸·二	Challenge (Marooned) II	挑戦・不帰Ⅱ	도전·논레페토II	ท้าทาย·ไร้ทางกลับ·2
2421003	421	3	2421002	93185;93186						4100032;5112001;4105023;3000003	5;60;5;70000					1	挑战·无归·三	挑戰·無歸·三	Challenge (Marooned) III	挑戦・不帰Ⅲ	도전·논레페토III	ท้าทาย·ไร้ทางกลับ·3
2221001	221	1	0	93131;93132			300;300;200	0;0;0	8;12;0	4100032;5112001;4105023;3000003	5;50;5;50000					1	困难·无归·一	困難·無歸·一	Hard (Marooned) I	困難・不帰Ⅰ	논레페토·하드I 	ยาก·ไร้ทางกลับ·1
2221002	221	2	0	93133;93134			300;300;200	0;0;0	8;12;0	4100032;5112001;4105023;3000003	5;55;5;60000					1	困难·无归·二	困難·無歸·二	Hard (Marooned) II	困難・不帰Ⅱ	논레페토·하드II	ยาก·ไร้ทางกลับ·2
2221003	221	3	0	93135;93136			300;300;200	0;0;0	8;12;0	4100032;5112001;4105023;3000003	5;60;5;70000					1	困难·无归·三	困難·無歸·三	Hard (Marooned) III	困難・不帰Ⅲ	논레페토·하드III	ยาก·ไร้ทางกลับ·3
2221004	221	4	0	93137;93138			300;300;200	0;0;0	8;12;0	4100032;5112001;4105023;3000003	5;65;10;80000					1	困难·无归·四	困難·無歸·四	Hard (Marooned) IV	困難・不帰Ⅳ	논레페토·하드IV	ยาก·ไร้ทางกลับ·4
2221005	221	5	0	93139;93140			300;300;200	0;0;0	8;12;0	4100032;5112001;4105023;3000003	5;70;10;90000					1	困难·无归·五	困難·無歸·五	Hard (Marooned) V	困難・不帰Ⅴ	논레페토·하드V	ยาก·ไร้ทางกลับ·5
2221006	221	6	0	93141;93142			300;300;200	0;0;0	8;12;0	4100032;5112001;4105023;3000003	5;75;10;100000					1	困难·无归·六	困難·無歸·六	Hard (Marooned) VI	困難・不帰Ⅵ	논레페토·하드VI 	ยาก·ไร้ทางกลับ·6
2221007	221	7	2221006	93143;93144			300;300;200	0;0;0	8;12;0	4100032;5112001;4105023;3000003	5;80;20;110000					1	困难·无归·七	困難·無歸·七	Hard (Marooned) VII	困難・不帰Ⅶ	논레페토·하드VII	ยาก·ไร้ทางกลับ·7
2221008	221	8	2221007	93145;93146			300;300;200	0;0;0	8;12;0	4100032;5112001;4105023;3000003	5;85;20;120000					1	困难·无归·八	困難·無歸·八	Hard (Marooned) VIII	困難・不帰Ⅷ	논레페토·하드VIII	ยาก·ไร้ทางกลับ·8
2221009	221	9	2221008	93147;93148			300;300;200	0;0;0	12;18;0	4100032;5112001;4105023;3000003	5;90;20;130000					1	困难·无归·九	困難·無歸·九	Hard (Marooned) IX	困難・不帰Ⅸ	논레페토·하드IX	ยาก·ไร้ทางกลับ·9
2221010	221	10	2221009	93149;93150			300;300;200	0;0;0	12;18;0	4100032;5112001;4105023;3000003	5;100;30;150000					1	困难·无归·十	困難·無歸·十	Hard (Marooned) X	困難・不帰Ⅹ	논레페토·하드X	ยาก·ไร้ทางกลับ·10
2321001	321	1	0	93161;93162			300;300;200	0;0;0	8;12;0	4100032;5112001;4105023;3000003	5;50;5;50000					1	绝境·无归·一	絕境·無歸·一	Abyssal (Marooned) I	絶境・不帰Ⅰ	논레페토·인페르노I 	วิกฤต·ไร้ทางกลับ·1
2321002	321	2	0	93163;93164			300;300;200	0;0;0	8;12;0	4100032;5112001;4105023;3000003	5;55;5;60000					1	绝境·无归·二	絕境·無歸·二	Abyssal (Marooned) II	絶境・不帰Ⅱ	논레페토·인페르노II	วิกฤต·ไร้ทางกลับ·2
2321003	321	3	0	93165;93166			300;300;200	0;0;0	8;12;0	4100032;5112001;4105023;3000003	5;60;5;70000					1	绝境·无归·三	絕境·無歸·三	Abyssal (Marooned) III	絶境・不帰Ⅲ	논레페토·인페르노III	วิกฤต·ไร้ทางกลับ·3
2321004	321	4	0	93167;93168			300;300;200	0;0;0	8;12;0	4100032;5112001;4105023;3000003	5;65;10;80000					1	绝境·无归·四	絕境·無歸·四	Abyssal (Marooned) IV	絶境・不帰Ⅳ	논레페토·인페르노IV	วิกฤต·ไร้ทางกลับ·4
2321005	321	5	0	93169;93170			300;300;200	0;0;0	8;12;0	4100032;5112001;4105023;3000003	5;70;10;90000					1	绝境·无归·五	絕境·無歸·五	Abyssal (Marooned) V	絶境・不帰Ⅴ	논레페토·인페르노V	วิกฤต·ไร้ทางกลับ·5
2321006	321	6	0	93171;93172			300;300;200	0;0;0	8;12;0	4100032;5112001;4105023;3000003	5;75;10;100000					1	绝境·无归·六	絕境·無歸·六	Abyssal (Marooned) VI	絶境・不帰Ⅵ	논레페토·인페르노VI 	วิกฤต·ไร้ทางกลับ·6
2321007	321	7	2321006	93173;93174			300;300;200	0;0;0	8;12;0	4100032;5112001;4105023;3000003	5;80;20;110000					1	绝境·无归·七	絕境·無歸·七	Abyssal (Marooned) VII	絶境・不帰Ⅶ	논레페토·인페르노VII	วิกฤต·ไร้ทางกลับ·7
2321008	321	8	2321007	93175;93176			300;300;200	0;0;0	8;12;0	4100032;5112001;4105023;3000003	5;85;20;120000					1	绝境·无归·八	絕境·無歸·八	Abyssal (Marooned) VIII	絶境・不帰Ⅷ	논레페토·인페르노VIII	วิกฤต·ไร้ทางกลับ·8
2321009	321	9	2321008	93177;93178			300;300;200	0;0;0	12;18;0	4100032;5112001;4105023;3000003	5;90;20;130000					1	绝境·无归·九	絕境·無歸·九	Abyssal (Marooned) IX	絶境・不帰Ⅸ	논레페토·인페르노IX	วิกฤต·ไร้ทางกลับ·9
2321010	321	10	2321009	93179;93180			300;300;200	0;0;0	12;18;0	4100032;5112001;4105023;3000003	5;100;30;150000					1	绝境·无归·十	絕境·無歸·十	Abyssal (Marooned) X	絶境・不帰Ⅹ	논레페토·인페르노X	วิกฤต·ไร้ทางกลับ·10
2122001	122	1	0	93201;93202			300;300;200	0;0;0	8;12;0	4100032;5112001;4105023;3000003	2;20;1;5000					1	无眠·一	無眠·一	Insomnia I	不眠Ⅰ	불면I 	ขอบตาดำ·1
2122002	122	2	0	93203;93204			300;300;200	0;0;0	8;12;0	4100032;5112001;4105023;3000003	2;25;2;10000					1	无眠·二	無眠·二	Insomnia II	不眠Ⅱ	불면II 	ขอบตาดำ·2
2122003	122	3	0	93205;93206			300;300;200	0;0;0	8;12;0	4100032;5112001;4105023;3000003	2;30;3;15000					1	无眠·三	無眠·三	Insomnia III	不眠Ⅲ	불면III 	ขอบตาดำ·3
2122004	122	4	0	93207;93208			300;300;200	0;0;0	8;12;0	4100032;5112001;4105023;3000003	2;35;4;20000					1	无眠·四	無眠·四	Insomnia IV	不眠Ⅳ	불면IV	ขอบตาดำ·4
2122005	122	5	0	93209;93210			300;300;200	0;0;0	8;12;0	4100032;5112001;4105023;3000003	2;40;5;25000					1	无眠·五	無眠·五	Insomnia V	不眠Ⅴ	불면V	ขอบตาดำ·5
2122006	122	6	0	93211;93212			300;300;200	0;0;0	8;12;0	4100032;5112001;4105023;3000003	2;45;6;30000					1	无眠·六	無眠·六	Insomnia VI	不眠Ⅵ	불면VI 	ขอบตาดำ·6
2122007	122	7	0	93213;93214			300;300;200	0;0;0	8;12;0	4100032;5112001;4105023;3000003	2;50;7;35000					1	无眠·七	無眠·七	Insomnia VII	不眠Ⅶ	불면VII 	ขอบตาดำ·7
2122008	122	8	0	93215;93216			300;300;200	0;0;0	8;12;0	4100032;5112001;4105023;3000003	2;55;8;40000					1	无眠·八	無眠·八	Insomnia VIII	不眠Ⅷ	불면VIII 	ขอบตาดำ·8
2122009	122	9	0	93217;93218			300;300;200	0;0;0	12;18;0	4100032;5112001;4105023;3000003	2;60;9;45000					1	无眠·九	無眠·九	Insomnia IX	不眠Ⅸ	불면IX	ขอบตาดำ·9
2122010	122	10	2122009	93219;93220			300;300;200	0;0;0	12;18;0	4100032;5112001;4105023;3000003	2;70;10;50000					1	无眠·十	無眠·十	Insomnia X	不眠Ⅹ	불면X	ขอบตาดำ·10
2222001	222	1	0	93231;93232			300;300;200	0;0;0	8;12;0	4100032;5112001;4105023;3000003	5;50;5;50000					1	困难·无眠·一	困難·無眠·一	Hard (Insomnia) I	困難・不眠Ⅰ	불면·하드I 	ยาก·ขอบตาดำ·1
2222002	222	2	0	93233;93234			300;300;200	0;0;0	8;12;0	4100032;5112001;4105023;3000003	5;55;5;60000					1	困难·无眠·二	困難·無眠·二	Hard (Insomnia) II	困難・不眠Ⅱ	불면·하드II 	ยาก·ขอบตาดำ·2
2222003	222	3	0	93235;93236			300;300;200	0;0;0	8;12;0	4100032;5112001;4105023;3000003	5;60;5;70000					1	困难·无眠·三	困難·無眠·三	Hard (Insomnia) III	困難・不眠Ⅲ	불면·하드III 	ยาก·ขอบตาดำ·3
2222004	222	4	0	93237;93238			300;300;200	0;0;0	8;12;0	4100032;5112001;4105023;3000003	5;65;10;80000					1	困难·无眠·四	困難·無眠·四	Hard (Insomnia) IV	困難・不眠Ⅳ	불면·하드IV	ยาก·ขอบตาดำ·4
2222005	222	5	0	93239;93240			300;300;200	0;0;0	8;12;0	4100032;5112001;4105023;3000003	5;70;10;90000					1	困难·无眠·五	困難·無眠·五	Hard (Insomnia) V	困難・不眠Ⅴ	불면·하드V	ยาก·ขอบตาดำ·5
2222006	222	6	0	93241;93242			300;300;200	0;0;0	8;12;0	4100032;5112001;4105023;3000003	5;75;10;100000					1	困难·无眠·六	困難·無眠·六	Hard (Insomnia) VI	困難・不眠Ⅵ	불면·하드VI 	ยาก·ขอบตาดำ·6
2222007	222	7	2222006	93243;93244			300;300;200	0;0;0	8;12;0	4100032;5112001;4105023;3000003	5;80;20;110000					1	困难·无眠·七	困難·無眠·七	Hard (Insomnia) VII	困難・不眠Ⅶ	불면·하드VII 	ยาก·ขอบตาดำ·7
2222008	222	8	2222007	93245;93246			300;300;200	0;0;0	8;12;0	4100032;5112001;4105023;3000003	5;85;20;120000					1	困难·无眠·八	困難·無眠·八	Hard (Insomnia) VIII	困難・不眠Ⅷ	불면·하드VIII 	ยาก·ขอบตาดำ·8
2222009	222	9	2222008	93247;93248			300;300;200	0;0;0	12;18;0	4100032;5112001;4105023;3000003	5;90;20;130000					1	困难·无眠·九	困難·無眠·九	Hard (Insomnia) IX	困難・不眠Ⅸ	불면·하드IX	ยาก·ขอบตาดำ·9
2222010	222	10	2222009	93249;93250			300;300;200	0;0;0	12;18;0	4100032;5112001;4105023;3000003	5;100;30;150000					1	困难·无眠·十	困難·無眠·十	Hard (Insomnia) X	困難・不眠Ⅹ	불면·하드X	ยาก·ขอบตาดำ·10
2322001	322	1	0	93261;93262			300;300;200	0;0;0	8;12;0	4100032;5112001;4105023;3000003	5;50;5;50000					1	绝境·无眠·一	絕境·無眠·一	Abyssal (Insomnia) I	絶境・不眠Ⅰ	불면·인페르노I 	วิกฤต·ขอบตาดำ·1
2322002	322	2	0	93263;93264			300;300;200	0;0;0	8;12;0	4100032;5112001;4105023;3000003	5;55;5;60000					1	绝境·无眠·二	絕境·無眠·二	Abyssal (Insomnia) II	絶境・不眠Ⅱ	불면·인페르노II 	วิกฤต·ขอบตาดำ·2
2322003	322	3	0	93265;93266			300;300;200	0;0;0	8;12;0	4100032;5112001;4105023;3000003	5;60;5;70000					1	绝境·无眠·三	絕境·無眠·三	Abyssal (Insomnia) III	絶境・不眠Ⅲ	불면·인페르노III 	วิกฤต·ขอบตาดำ·3
2322004	322	4	0	93267;93268			300;300;200	0;0;0	8;12;0	4100032;5112001;4105023;3000003	5;65;10;80000					1	绝境·无眠·四	絕境·無眠·四	Abyssal (Insomnia) IV	絶境・不眠Ⅳ	불면·인페르노IV	วิกฤต·ขอบตาดำ·4
2322005	322	5	0	93269;93270			300;300;200	0;0;0	8;12;0	4100032;5112001;4105023;3000003	5;70;10;90000					1	绝境·无眠·五	絕境·無眠·五	Abyssal (Insomnia) V	絶境・不眠Ⅴ	불면·인페르노V	วิกฤต·ขอบตาดำ·5
2322006	322	6	0	93271;93272			300;300;200	0;0;0	8;12;0	4100032;5112001;4105023;3000003	5;75;10;100000					1	绝境·无眠·六	絕境·無眠·六	Abyssal (Insomnia) VI	絶境・不眠Ⅵ	불면·인페르노VI 	วิกฤต·ขอบตาดำ·6
2322007	322	7	2322006	93273;93274			300;300;200	0;0;0	8;12;0	4100032;5112001;4105023;3000003	5;80;20;110000					1	绝境·无眠·七	絕境·無眠·七	Abyssal (Insomnia) VII	絶境・不眠Ⅶ	불면·인페르노VII 	วิกฤต·ขอบตาดำ·7
2322008	322	8	2322007	93275;93276			300;300;200	0;0;0	8;12;0	4100032;5112001;4105023;3000003	5;85;20;120000					1	绝境·无眠·八	絕境·無眠·八	Abyssal (Insomnia) VIII	絶境・不眠Ⅷ	불면·인페르노VIII 	วิกฤต·ขอบตาดำ·8
2322009	322	9	2322008	93277;93278			300;300;200	0;0;0	12;18;0	4100032;5112001;4105023;3000003	5;90;20;130000					1	绝境·无眠·九	絕境·無眠·九	Abyssal (Insomnia) IX	絶境・不眠Ⅸ	불면·인페르노IX	วิกฤต·ขอบตาดำ·9
2322010	322	10	2322009	93279;93280			300;300;200	0;0;0	12;18;0	4100032;5112001;4105023;3000003	5;100;30;150000					1	绝境·无眠·十	絕境·無眠·十	Abyssal (Insomnia) X	絶境・不眠Ⅹ	불면·인페르노X	วิกฤต·ขอบตาดำ·10
2123001	123	1	0	93301;93302			300;300;200	0;0;0	8;12;0	4100032;5112001;4105023;3000003	2;20;1;5000					1	迷心·一	迷心·一	Mindmaze I	迷心Ⅰ	미혹I 	วงกตดวงใจ·1
2123002	123	2	0	93303;93304			300;300;200	0;0;0	8;12;0	4100032;5112001;4105023;3000003	2;25;2;10000					1	迷心·二	迷心·二	Mindmaze II	迷心Ⅱ	미혹II 	วงกตดวงใจ·2
2123003	123	3	0	93305;93306			300;300;200	0;0;0	8;12;0	4100032;5112001;4105023;3000003	2;30;3;15000					1	迷心·三	迷心·三	Mindmaze III	迷心Ⅲ	미혹III 	วงกตดวงใจ·3
2123004	123	4	0	93307;93308			300;300;200	0;0;0	8;12;0	4100032;5112001;4105023;3000003	2;35;4;20000					1	迷心·四	迷心·四	Mindmaze IV	迷心Ⅳ	미혹IV	วงกตดวงใจ·4
2123005	123	5	0	93309;93310			300;300;200	0;0;0	8;12;0	4100032;5112001;4105023;3000003	2;40;5;25000					1	迷心·五	迷心·五	Mindmaze V	迷心Ⅴ	미혹V	วงกตดวงใจ·5
2123006	123	6	0	93311;93312			300;300;200	0;0;0	8;12;0	4100032;5112001;4105023;3000003	2;45;6;30000					1	迷心·六	迷心·六	Mindmaze VI	迷心Ⅵ	미혹VI 	วงกตดวงใจ·6
2123007	123	7	0	93313;93314			300;300;200	0;0;0	8;12;0	4100032;5112001;4105023;3000003	2;50;7;35000					1	迷心·七	迷心·七	Mindmaze VII	迷心Ⅶ	미혹VII 	วงกตดวงใจ·7
2123008	123	8	0	93315;93316			300;300;200	0;0;0	8;12;0	4100032;5112001;4105023;3000003	2;55;8;40000					1	迷心·八	迷心·八	Mindmaze VIII	迷心Ⅷ	미혹VIII 	วงกตดวงใจ·8
2123009	123	9	0	93317;93318			300;300;200	0;0;0	12;18;0	4100032;5112001;4105023;3000003	2;60;9;45000					1	迷心·九	迷心·九	Mindmaze IX	迷心Ⅸ	미혹IX	วงกตดวงใจ·9
2123010	123	10	2123009	93319;93320			300;300;200	0;0;0	12;18;0	4100032;5112001;4105023;3000003	2;70;10;50000					1	迷心·十	迷心·十	Mindmaze X	迷心Ⅹ	미혹X	วงกตดวงใจ·10
2223001	223	1	0	93331;93332			300;300;200	0;0;0	8;12;0	4100032;5112001;4105023;3000003	5;50;5;50000					1	困难·迷心·一	困難·迷心·一	Hard (Mindmaze) I	困難・迷心Ⅰ	미혹·하드I 	ยาก·วงกตดวงใจ·1
2223002	223	2	0	93333;93334			300;300;200	0;0;0	8;12;0	4100032;5112001;4105023;3000003	5;55;5;60000					1	困难·迷心·二	困難·迷心·二	Hard (Mindmaze) II	困難・迷心Ⅱ	미혹·하드II 	ยาก·วงกตดวงใจ·2
2223003	223	3	0	93335;93336			300;300;200	0;0;0	8;12;0	4100032;5112001;4105023;3000003	5;60;5;70000					1	困难·迷心·三	困難·迷心·三	Hard (Mindmaze) III	困難・迷心Ⅲ	미혹·하드III 	ยาก·วงกตดวงใจ·3
2223004	223	4	0	93337;93338			300;300;200	0;0;0	8;12;0	4100032;5112001;4105023;3000003	5;65;10;80000					1	困难·迷心·四	困難·迷心·四	Hard (Mindmaze) IV	困難・迷心Ⅳ	미혹·하드IV	ยาก·วงกตดวงใจ·4
2223005	223	5	0	93339;93340			300;300;200	0;0;0	8;12;0	4100032;5112001;4105023;3000003	5;70;10;90000					1	困难·迷心·五	困難·迷心·五	Hard (Mindmaze) V	困難・迷心Ⅴ	미혹·하드V	ยาก·วงกตดวงใจ·5
2223006	223	6	0	93341;93342			300;300;200	0;0;0	8;12;0	4100032;5112001;4105023;3000003	5;75;10;100000					1	困难·迷心·六	困難·迷心·六	Hard (Mindmaze) VI	困難・迷心Ⅵ	미혹·하드VI 	ยาก·วงกตดวงใจ·6
2223007	223	7	2223006	93343;93344			300;300;200	0;0;0	8;12;0	4100032;5112001;4105023;3000003	5;80;20;110000					1	困难·迷心·七	困難·迷心·七	Hard (Mindmaze) VII	困難・迷心Ⅶ	미혹·하드VII 	ยาก·วงกตดวงใจ·7
2223008	223	8	2223007	93345;93346			300;300;200	0;0;0	8;12;0	4100032;5112001;4105023;3000003	5;85;20;120000					1	困难·迷心·八	困難·迷心·八	Hard (Mindmaze) VIII	困難・迷心Ⅷ	미혹·하드VIII 	ยาก·วงกตดวงใจ·8
2223009	223	9	2223008	93347;93348			300;300;200	0;0;0	12;18;0	4100032;5112001;4105023;3000003	5;90;20;130000					1	困难·迷心·九	困難·迷心·九	Hard (Mindmaze) IX	困難・迷心Ⅸ	미혹·하드IX	ยาก·วงกตดวงใจ·9
2223010	223	10	2223009	93349;93350			300;300;200	0;0;0	12;18;0	4100032;5112001;4105023;3000003	5;100;30;150000					1	困难·迷心·十	困難·迷心·十	Hard (Mindmaze) X	困難・迷心Ⅹ	미혹·하드X	ยาก·วงกตดวงใจ·10
2323001	323	1	0	93361;93362			300;300;200	0;0;0	8;12;0	4100032;5112001;4105023;3000003	5;50;5;50000					1	绝境·迷心·一	絕境·迷心·一	Abyssal (Mindmaze) I	絶境・迷心Ⅰ	미혹·인페르노I 	วิกฤต·วงกตดวงใจ·1
2323002	323	2	0	93363;93364			300;300;200	0;0;0	8;12;0	4100032;5112001;4105023;3000003	5;55;5;60000					1	绝境·迷心·二	絕境·迷心·二	Abyssal (Mindmaze) II	絶境・迷心Ⅱ	미혹·인페르노II 	วิกฤต·วงกตดวงใจ·2
2323003	323	3	0	93365;93366			300;300;200	0;0;0	8;12;0	4100032;5112001;4105023;3000003	5;60;5;70000					1	绝境·迷心·三	絕境·迷心·三	Abyssal (Mindmaze) III	絶境・迷心Ⅲ	미혹·인페르노III 	วิกฤต·วงกตดวงใจ·3
2323004	323	4	0	93367;93368			300;300;200	0;0;0	8;12;0	4100032;5112001;4105023;3000003	5;65;10;80000					1	绝境·迷心·四	絕境·迷心·四	Abyssal (Mindmaze) IV	絶境・迷心Ⅳ	미혹·인페르노IV	วิกฤต·วงกตดวงใจ·4
2323005	323	5	0	93369;93370			300;300;200	0;0;0	8;12;0	4100032;5112001;4105023;3000003	5;70;10;90000					1	绝境·迷心·五	絕境·迷心·五	Abyssal (Mindmaze) V	絶境・迷心Ⅴ	미혹·인페르노V	วิกฤต·วงกตดวงใจ·5
2323006	323	6	0	93371;93372			300;300;200	0;0;0	8;12;0	4100032;5112001;4105023;3000003	5;75;10;100000					1	绝境·迷心·六	絕境·迷心·六	Abyssal (Mindmaze) VI	絶境・迷心Ⅵ	미혹·인페르노VI 	วิกฤต·วงกตดวงใจ·6
2323007	323	7	2323006	93373;93374			300;300;200	0;0;0	8;12;0	4100032;5112001;4105023;3000003	5;80;20;110000					1	绝境·迷心·七	絕境·迷心·七	Abyssal (Mindmaze) VII	絶境・迷心Ⅶ	미혹·인페르노VII 	วิกฤต·วงกตดวงใจ·7
2323008	323	8	2323007	93375;93376			300;300;200	0;0;0	8;12;0	4100032;5112001;4105023;3000003	5;85;20;120000					1	绝境·迷心·八	絕境·迷心·八	Abyssal (Mindmaze) VIII	絶境・迷心Ⅷ	미혹·인페르노VIII 	วิกฤต·วงกตดวงใจ·8
2323009	323	9	2323008	93377;93378			300;300;200	0;0;0	12;18;0	4100032;5112001;4105023;3000003	5;90;20;130000					1	绝境·迷心·九	絕境·迷心·九	Abyssal (Mindmaze) IX	絶境・迷心Ⅸ	미혹·인페르노IX	วิกฤต·วงกตดวงใจ·9
2323010	323	10	2323009	93379;93380			300;300;200	0;0;0	12;18;0	4100032;5112001;4105023;3000003	5;100;30;150000					1	绝境·迷心·十	絕境·迷心·十	Abyssal (Mindmaze) X	絶境・迷心Ⅹ	미혹·인페르노X	วิกฤต·วงกตดวงใจ·10
2124001	124	1	0	93401;93402			300;300;200	0;0;0	8;12;0	4100032;5112001;4105023;3000003	2;20;1;5000					1	虚空·一	虛空·一	Void I	虚空Ⅰ	허공·1	สุญญากาศ·1
2124002	124	2	0	93403;93404			300;300;200	0;0;0	8;12;0	4100032;5112001;4105023;3000003	2;25;2;10000					1	虚空·二	虛空·二	Void II	虚空Ⅱ	허공·2	สุญญากาศ·2
2124003	124	3	0	93405;93406			300;300;200	0;0;0	8;12;0	4100032;5112001;4105023;3000003	2;30;3;15000					1	虚空·三	虛空·三	Void III	虚空Ⅲ	허공·3	สุญญากาศ·3
2124004	124	4	0	93407;93408			300;300;200	0;0;0	8;12;0	4100032;5112001;4105023;3000003	2;35;4;20000					1	虚空·四	虛空·四	Void IV	虚空Ⅳ	허공·4	สุญญากาศ·4
2124005	124	5	0	93409;93410			300;300;200	0;0;0	8;12;0	4100032;5112001;4105023;3000003	2;40;5;25000					1	虚空·五	虛空·五	Void V	虚空Ⅴ	허공·5	สุญญากาศ·5
2124006	124	6	0	93411;93412			300;300;200	0;0;0	8;12;0	4100032;5112001;4105023;3000003	2;45;6;30000					1	虚空·六	虛空·六	Void VI	虚空Ⅵ	허공·6	สุญญากาศ·6
2124007	124	7	0	93413;93414			300;300;200	0;0;0	8;12;0	4100032;5112001;4105023;3000003	2;50;7;35000					1	虚空·七	虛空·七	Void VII	虚空Ⅶ	허공·7	สุญญากาศ·7
2124008	124	8	0	93415;93416			300;300;200	0;0;0	8;12;0	4100032;5112001;4105023;3000003	2;55;8;40000					1	虚空·八	虛空·八	Void VIII	虚空Ⅷ	허공·8	สุญญากาศ·8
2124009	124	9	0	93417;93418			300;300;200	0;0;0	12;18;0	4100032;5112001;4105023;3000003	2;60;9;45000					1	虚空·九	虛空·九	Void IX	虚空Ⅸ	허공·9	สุญญากาศ·9
2124010	124	10	2124009	93419;93420			300;300;200	0;0;0	12;18;0	4100032;5112001;4105023;3000003	2;70;10;50000					1	虚空·十	虛空·十	Void X	虚空Ⅹ	허공·10	สุญญากาศ·10
2224001	224	1	0	93431;93432			300;300;200	0;0;0	8;12;0	4100032;5112001;4105023;3000003	5;50;5;50000					1	困难·虚空·一	困難·虛空·一	Hard (Void) I	困難・虚空Ⅰ	어려움·허공·1	ยาก·สุญญากาศ·1
2224002	224	2	0	93433;93434			300;300;200	0;0;0	8;12;0	4100032;5112001;4105023;3000003	5;55;5;60000					1	困难·虚空·二	困難·虛空·二	Hard (Void) II	困難・虚空Ⅱ	어려움·허공·2	ยาก·สุญญากาศ·2
2224003	224	3	0	93435;93436			300;300;200	0;0;0	8;12;0	4100032;5112001;4105023;3000003	5;60;5;70000					1	困难·虚空·三	困難·虛空·三	Hard (Void) III	困難・虚空Ⅲ	어려움·허공·3	ยาก·สุญญากาศ·3
2224004	224	4	0	93437;93438			300;300;200	0;0;0	8;12;0	4100032;5112001;4105023;3000003	5;65;10;80000					1	困难·虚空·四	困難·虛空·四	Hard (Void) IV	困難・虚空Ⅳ	어려움·허공·4	ยาก·สุญญากาศ·4
2224005	224	5	0	93439;93440			300;300;200	0;0;0	8;12;0	4100032;5112001;4105023;3000003	5;70;10;90000					1	困难·虚空·五	困難·虛空·五	Hard (Void) V	困難・虚空Ⅴ	어려움·허공·5	ยาก·สุญญากาศ·5
2224006	224	6	0	93441;93442			300;300;200	0;0;0	8;12;0	4100032;5112001;4105023;3000003	5;75;10;100000					1	困难·虚空·六	困難·虛空·六	Hard (Void) VI	困難・虚空Ⅵ	어려움·허공·6	ยาก·สุญญากาศ·6
2224007	224	7	2224006	93443;93444			300;300;200	0;0;0	8;12;0	4100032;5112001;4105023;3000003	5;80;20;110000					1	困难·虚空·七	困難·虛空·七	Hard (Void) VII	困難・虚空Ⅶ	어려움·허공·7	ยาก·สุญญากาศ·7
2224008	224	8	2224007	93445;93446			300;300;200	0;0;0	8;12;0	4100032;5112001;4105023;3000003	5;85;20;120000					1	困难·虚空·八	困難·虛空·八	Hard (Void) VIII	困難・虚空Ⅷ	어려움·허공·8	ยาก·สุญญากาศ·8
2224009	224	9	2224008	93447;93448			300;300;200	0;0;0	12;18;0	4100032;5112001;4105023;3000003	5;90;20;130000					1	困难·虚空·九	困難·虛空·九	Hard (Void) IX	困難・虚空Ⅸ	어려움·허공·9	ยาก·สุญญากาศ·9
2224010	224	10	2224009	93449;93450			300;300;200	0;0;0	12;18;0	4100032;5112001;4105023;3000003	5;100;30;150000					1	困难·虚空·十	困難·虛空·十	Hard (Void) X	困難・虚空Ⅹ	어려움·허공·10	ยาก·สุญญากาศ·10
2324001	324	1	0	93461;93462			300;300;200	0;0;0	8;12;0	4100032;5112001;4105023;3000003	5;50;5;50000					1	绝境·虚空·一	絕境·虛空·一	Abyssal (Void) I	絶境・虚空Ⅰ	절경·허공·1	วิกฤต·สุญญากาศ·1
2324002	324	2	0	93463;93464			300;300;200	0;0;0	8;12;0	4100032;5112001;4105023;3000003	5;55;5;60000					1	绝境·虚空·二	絕境·虛空·二	Abyssal (Void) II	絶境・虚空Ⅱ	절경·허공·2	วิกฤต·สุญญากาศ·2
2324003	324	3	0	93465;93466			300;300;200	0;0;0	8;12;0	4100032;5112001;4105023;3000003	5;60;5;70000					1	绝境·虚空·三	絕境·虛空·三	Abyssal (Void) III	絶境・虚空Ⅲ	절경·허공·3	วิกฤต·สุญญากาศ·3
2324004	324	4	0	93467;93468			300;300;200	0;0;0	8;12;0	4100032;5112001;4105023;3000003	5;65;10;80000					1	绝境·虚空·四	絕境·虛空·四	Abyssal (Void) IV	絶境・虚空Ⅳ	절경·허공·4	วิกฤต·สุญญากาศ·4
2324005	324	5	0	93469;93470			300;300;200	0;0;0	8;12;0	4100032;5112001;4105023;3000003	5;70;10;90000					1	绝境·虚空·五	絕境·虛空·五	Abyssal (Void) V	絶境・虚空Ⅴ	절경·허공·5	วิกฤต·สุญญากาศ·5
2324006	324	6	0	93471;93472			300;300;200	0;0;0	8;12;0	4100032;5112001;4105023;3000003	5;75;10;100000					1	绝境·虚空·六	絕境·虛空·六	Abyssal (Void) VI	絶境・虚空Ⅵ	절경·허공·6	วิกฤต·สุญญากาศ·6
2324007	324	7	2324006	93473;93474			300;300;200	0;0;0	8;12;0	4100032;5112001;4105023;3000003	5;80;20;110000					1	绝境·虚空·七	絕境·虛空·七	Abyssal (Void) VII	絶境・虚空Ⅶ	절경·허공·7	วิกฤต·สุญญากาศ·7
2324008	324	8	2324007	93475;93476			300;300;200	0;0;0	8;12;0	4100032;5112001;4105023;3000003	5;85;20;120000					1	绝境·虚空·八	絕境·虛空·八	Abyssal (Void) VIII	絶境・虚空Ⅷ	절경·허공·8	วิกฤต·สุญญากาศ·8
2324009	324	9	2324008	93477;93478			300;300;200	0;0;0	12;18;0	4100032;5112001;4105023;3000003	5;90;20;130000					1	绝境·虚空·九	絕境·虛空·九	Abyssal (Void) IX	絶境・虚空Ⅸ	절경·허공·9	วิกฤต·สุญญากาศ·9
2324010	324	10	2324009	93479;93480			300;300;200	0;0;0	12;18;0	4100032;5112001;4105023;3000003	5;100;30;150000					1	绝境·虚空·十	絕境·虛空·十	Abyssal (Void) X	絶境・虚空Ⅹ	절경·허공·10	วิกฤต·สุญญากาศ·10
2125001	125	1	0	93501;93502			300;300;200	0;0;0	8;12;0	4100032;5112001;4105023;3000003	2;20;1;5000					1	迷心·一	迷心·一	Mindmaze I	迷心Ⅰ	미혹I 	วงกตดวงใจ·1
2125002	125	2	0	93503;93504			300;300;200	0;0;0	8;12;0	4100032;5112001;4105023;3000003	2;25;2;10000					1	迷心·二	迷心·二	Mindmaze II	迷心Ⅱ	미혹II 	วงกตดวงใจ·2
2125003	125	3	0	93505;93506			300;300;200	0;0;0	8;12;0	4100032;5112001;4105023;3000003	2;30;3;15000					1	迷心·三	迷心·三	Mindmaze III	迷心Ⅲ	미혹III 	วงกตดวงใจ·3
2125004	125	4	0	93507;93508			300;300;200	0;0;0	8;12;0	4100032;5112001;4105023;3000003	2;35;4;20000					1	迷心·四	迷心·四	Mindmaze IV	迷心Ⅳ	미혹IV	วงกตดวงใจ·4
2125005	125	5	0	93509;93510			300;300;200	0;0;0	8;12;0	4100032;5112001;4105023;3000003	2;40;5;25000					1	迷心·五	迷心·五	Mindmaze V	迷心Ⅴ	미혹V	วงกตดวงใจ·5
2125006	125	6	0	93511;93512			300;300;200	0;0;0	8;12;0	4100032;5112001;4105023;3000003	2;45;6;30000					1	迷心·六	迷心·六	Mindmaze VI	迷心Ⅵ	미혹VI 	วงกตดวงใจ·6
2125007	125	7	2125006	93513;93514			300;300;200	0;0;0	8;12;0	4100032;5112001;4105023;3000003	2;50;7;35000					1	迷心·七	迷心·七	Mindmaze VII	迷心Ⅶ	미혹VII 	วงกตดวงใจ·7
2125008	125	8	2125007	93515;93516			300;300;200	0;0;0	8;12;0	4100032;5112001;4105023;3000003	2;55;8;40000					1	迷心·八	迷心·八	Mindmaze VIII	迷心Ⅷ	미혹VIII 	วงกตดวงใจ·8
2125009	125	9	2125008	93517;93518			300;300;200	0;0;0	12;18;0	4100032;5112001;4105023;3000003	2;60;9;45000					1	迷心·九	迷心·九	Mindmaze IX	迷心Ⅸ	미혹IX	วงกตดวงใจ·9
2125010	125	10	2125009	93519;93520			300;300;200	0;0;0	12;18;0	4100032;5112001;4105023;3000003	2;70;10;50000					1	迷心·十	迷心·十	Mindmaze X	迷心Ⅹ	미혹X	วงกตดวงใจ·10
2225001	225	1	0	93531;93532			300;300;200	0;0;0	8;12;0	4100032;5112001;4105023;3000003	5;50;5;50000					1	困难·迷心·一	困難·迷心·一	Hard (Mindmaze) I	困難・迷心Ⅰ	미혹·하드I 	ยาก·วงกตดวงใจ·1
2225002	225	2	0	93533;93534			300;300;200	0;0;0	8;12;0	4100032;5112001;4105023;3000003	5;55;5;60000					1	困难·迷心·二	困難·迷心·二	Hard (Mindmaze) II	困難・迷心Ⅱ	미혹·하드II 	ยาก·วงกตดวงใจ·2
2225003	225	3	0	93535;93536			300;300;200	0;0;0	8;12;0	4100032;5112001;4105023;3000003	5;60;5;70000					1	困难·迷心·三	困難·迷心·三	Hard (Mindmaze) III	困難・迷心Ⅲ	미혹·하드III 	ยาก·วงกตดวงใจ·3
2225004	225	4	0	93537;93538			300;300;200	0;0;0	8;12;0	4100032;5112001;4105023;3000003	5;65;10;80000					1	困难·迷心·四	困難·迷心·四	Hard (Mindmaze) IV	困難・迷心Ⅳ	미혹·하드IV	ยาก·วงกตดวงใจ·4
2225005	225	5	0	93539;93540			300;300;200	0;0;0	8;12;0	4100032;5112001;4105023;3000003	5;70;10;90000					1	困难·迷心·五	困難·迷心·五	Hard (Mindmaze) V	困難・迷心Ⅴ	미혹·하드V	ยาก·วงกตดวงใจ·5
2225006	225	6	0	93541;93542			300;300;200	0;0;0	8;12;0	4100032;5112001;4105023;3000003	5;75;10;100000					1	困难·迷心·六	困難·迷心·六	Hard (Mindmaze) VI	困難・迷心Ⅵ	미혹·하드VI 	ยาก·วงกตดวงใจ·6
2225007	225	7	2225006	93543;93544			300;300;200	0;0;0	8;12;0	4100032;5112001;4105023;3000003	5;80;20;110000					1	困难·迷心·七	困難·迷心·七	Hard (Mindmaze) VII	困難・迷心Ⅶ	미혹·하드VII 	ยาก·วงกตดวงใจ·7
2225008	225	8	2225007	93545;93546			300;300;200	0;0;0	8;12;0	4100032;5112001;4105023;3000003	5;85;20;120000					1	困难·迷心·八	困難·迷心·八	Hard (Mindmaze) VIII	困難・迷心Ⅷ	미혹·하드VIII 	ยาก·วงกตดวงใจ·8
2225009	225	9	2225008	93547;93548			300;300;200	0;0;0	12;18;0	4100032;5112001;4105023;3000003	5;90;20;130000					1	困难·迷心·九	困難·迷心·九	Hard (Mindmaze) IX	困難・迷心Ⅸ	미혹·하드IX	ยาก·วงกตดวงใจ·9
2225010	225	10	2225009	93549;93550			300;300;200	0;0;0	12;18;0	4100032;5112001;4105023;3000003	5;100;30;150000					1	困难·迷心·十	困難·迷心·十	Hard (Mindmaze) X	困難・迷心Ⅹ	미혹·하드X	ยาก·วงกตดวงใจ·10
2325001	325	1	0	93561;93562			300;300;200	0;0;0	8;12;0	4100032;5112001;4105023;3000003	5;50;5;50000					1	绝境·迷心·一	絕境·迷心·一	Abyssal (Mindmaze) I	絶境・迷心Ⅰ	미혹·인페르노I 	วิกฤต·วงกตดวงใจ·1
2325002	325	2	0	93563;93564			300;300;200	0;0;0	8;12;0	4100032;5112001;4105023;3000003	5;55;5;60000					1	绝境·迷心·二	絕境·迷心·二	Abyssal (Mindmaze) II	絶境・迷心Ⅱ	미혹·인페르노II 	วิกฤต·วงกตดวงใจ·2
2325003	325	3	0	93565;93566			300;300;200	0;0;0	8;12;0	4100032;5112001;4105023;3000003	5;60;5;70000					1	绝境·迷心·三	絕境·迷心·三	Abyssal (Mindmaze) III	絶境・迷心Ⅲ	미혹·인페르노III 	วิกฤต·วงกตดวงใจ·3
2325004	325	4	0	93567;93568			300;300;200	0;0;0	8;12;0	4100032;5112001;4105023;3000003	5;65;10;80000					1	绝境·迷心·四	絕境·迷心·四	Abyssal (Mindmaze) IV	絶境・迷心Ⅳ	미혹·인페르노IV	วิกฤต·วงกตดวงใจ·4
2325005	325	5	0	93569;93570			300;300;200	0;0;0	8;12;0	4100032;5112001;4105023;3000003	5;70;10;90000					1	绝境·迷心·五	絕境·迷心·五	Abyssal (Mindmaze) V	絶境・迷心Ⅴ	미혹·인페르노V	วิกฤต·วงกตดวงใจ·5
2325006	325	6	0	93571;93572			300;300;200	0;0;0	8;12;0	4100032;5112001;4105023;3000003	5;75;10;100000					1	绝境·迷心·六	絕境·迷心·六	Abyssal (Mindmaze) VI	絶境・迷心Ⅵ	미혹·인페르노VI 	วิกฤต·วงกตดวงใจ·6
2325007	325	7	2325006	93573;93574			300;300;200	0;0;0	8;12;0	4100032;5112001;4105023;3000003	5;80;20;110000					1	绝境·迷心·七	絕境·迷心·七	Abyssal (Mindmaze) VII	絶境・迷心Ⅶ	미혹·인페르노VII 	วิกฤต·วงกตดวงใจ·7
2325008	325	8	2325007	93575;93576			300;300;200	0;0;0	8;12;0	4100032;5112001;4105023;3000003	5;85;20;120000					1	绝境·迷心·八	絕境·迷心·八	Abyssal (Mindmaze) VIII	絶境・迷心Ⅷ	미혹·인페르노VIII 	วิกฤต·วงกตดวงใจ·8
2325009	325	9	2325008	93577;93578			300;300;200	0;0;0	12;18;0	4100032;5112001;4105023;3000003	5;90;20;130000					1	绝境·迷心·九	絕境·迷心·九	Abyssal (Mindmaze) IX	絶境・迷心Ⅸ	미혹·인페르노IX	วิกฤต·วงกตดวงใจ·9
2325010	325	10	2325009	93579;93580			300;300;200	0;0;0	12;18;0	4100032;5112001;4105023;3000003	5;100;30;150000					1	绝境·迷心·十	絕境·迷心·十	Abyssal (Mindmaze) X	絶境・迷心Ⅹ	미혹·인페르노X	วิกฤต·วงกตดวงใจ·10
2126001	126	1	0	93601;93602			300;300;200	0;0;0	8;12;0	4100032;5112001;4105023;3000003	2;20;1;5000					1	蜜罐·一	蜜罐·一	Honeypot I	ハニーポットⅠ	허니I 	โถน้ำผึ้ง·1
2126002	126	2	0	93603;93604			300;300;200	0;0;0	8;12;0	4100032;5112001;4105023;3000003	2;25;2;10000					1	蜜罐·二	蜜罐·二	Honeypot II	ハニーポットⅡ	허니II 	โถน้ำผึ้ง·2
2126003	126	3	0	93605;93606			300;300;200	0;0;0	8;12;0	4100032;5112001;4105023;3000003	2;30;3;15000					1	蜜罐·三	蜜罐·三	Honeypot III	ハニーポットⅢ	허니III 	โถน้ำผึ้ง·3
2126004	126	4	0	93607;93608			300;300;200	0;0;0	8;12;0	4100032;5112001;4105023;3000003	2;35;4;20000					1	蜜罐·四	蜜罐·四	Honeypot IV	ハニーポットⅣ	허니IV	โถน้ำผึ้ง·4
2126005	126	5	0	93609;93610			300;300;200	0;0;0	8;12;0	4100032;5112001;4105023;3000003	2;40;5;25000					1	蜜罐·五	蜜罐·五	Honeypot V	ハニーポットⅤ	허니V	โถน้ำผึ้ง·5
2126006	126	6	0	93611;93612			300;300;200	0;0;0	8;12;0	4100032;5112001;4105023;3000003	2;45;6;30000					1	蜜罐·六	蜜罐·六	Honeypot VI	ハニーポットⅥ	허니VI 	โถน้ำผึ้ง·6
2126007	126	7	0	93613;93614			300;300;200	0;0;0	8;12;0	4100032;5112001;4105023;3000003	2;50;7;35000					1	蜜罐·七	蜜罐·七	Honeypot VII	ハニーポットⅦ	허니VII 	โถน้ำผึ้ง·7
2126008	126	8	0	93615;93616			300;300;200	0;0;0	8;12;0	4100032;5112001;4105023;3000003	2;55;8;40000					1	蜜罐·八	蜜罐·八	Honeypot VIII	ハニーポットⅧ	허니VIII 	โถน้ำผึ้ง·8
2126009	126	9	0	93617;93618			300;300;200	0;0;0	12;18;0	4100032;5112001;4105023;3000003	2;60;9;45000					1	蜜罐·九	蜜罐·九	Honeypot IX	ハニーポットⅨ	허니IX	โถน้ำผึ้ง·9
2126010	126	10	2126009	93619;93620			300;300;200	0;0;0	12;18;0	4100032;5112001;4105023;3000003	2;70;10;50000					1	蜜罐·十	蜜罐·十	Honeypot X	ハニーポットⅩ	허니X	โถน้ำผึ้ง·10
2226001	226	1	0	93631;93632			300;300;200	0;0;0	8;12;0	4100032;5112001;4105023;3000003	5;50;5;50000					1	困难·蜜罐·一	困難·蜜罐·一	Hard (Honeypot) I	困難・ハニーポットⅠ	허니·하드I 	ยาก·โถน้ำผึ้ง·1
2226002	226	2	0	93633;93634			300;300;200	0;0;0	8;12;0	4100032;5112001;4105023;3000003	5;55;5;60000					1	困难·蜜罐·二	困難·蜜罐·二	Hard (Honeypot) II	困難・ハニーポットⅡ	허니·하드II 	ยาก·โถน้ำผึ้ง·2
2226003	226	3	0	93635;93636			300;300;200	0;0;0	8;12;0	4100032;5112001;4105023;3000003	5;60;5;70000					1	困难·蜜罐·三	困難·蜜罐·三	Hard (Honeypot) III	困難・ハニーポットⅢ	허니·하드III 	ยาก·โถน้ำผึ้ง·3
2226004	226	4	0	93637;93638			300;300;200	0;0;0	8;12;0	4100032;5112001;4105023;3000003	5;65;10;80000					1	困难·蜜罐·四	困難·蜜罐·四	Hard (Honeypot) IV	困難・ハニーポットⅣ	허니·하드IV	ยาก·โถน้ำผึ้ง·4
2226005	226	5	0	93639;93640			300;300;200	0;0;0	8;12;0	4100032;5112001;4105023;3000003	5;70;10;90000					1	困难·蜜罐·五	困難·蜜罐·五	Hard (Honeypot) V	困難・ハニーポットⅤ	허니·하드V	ยาก·โถน้ำผึ้ง·5
2226006	226	6	0	93641;93642			300;300;200	0;0;0	8;12;0	4100032;5112001;4105023;3000003	5;75;10;100000					1	困难·蜜罐·六	困難·蜜罐·六	Hard (Honeypot) VI	困難・ハニーポットⅥ	허니·하드VI 	ยาก·โถน้ำผึ้ง·6
2226007	226	7	2226006	93643;93644			300;300;200	0;0;0	8;12;0	4100032;5112001;4105023;3000003	5;80;20;110000					1	困难·蜜罐·七	困難·蜜罐·七	Hard (Honeypot) VII	困難・ハニーポットⅦ	허니·하드VII 	ยาก·โถน้ำผึ้ง·7
2226008	226	8	2226007	93645;93646			300;300;200	0;0;0	8;12;0	4100032;5112001;4105023;3000003	5;85;20;120000					1	困难·蜜罐·八	困難·蜜罐·八	Hard (Honeypot) VIII	困難・ハニーポットⅧ	허니·하드VIII 	ยาก·โถน้ำผึ้ง·8
2226009	226	9	2226008	93647;93648			300;300;200	0;0;0	12;18;0	4100032;5112001;4105023;3000003	5;90;20;130000					1	困难·蜜罐·九	困難·蜜罐·九	Hard (Honeypot) IX	困難・ハニーポットⅨ	허니·하드IX	ยาก·โถน้ำผึ้ง·9
2226010	226	10	2226009	93649;93650			300;300;200	0;0;0	12;18;0	4100032;5112001;4105023;3000003	5;100;30;150000					1	困难·蜜罐·十	困難·蜜罐·十	Hard (Honeypot) X	困難・ハニーポットⅩ	허니·하드X	ยาก·โถน้ำผึ้ง·10
2326001	326	1	0	93661;93662			300;300;200	0;0;0	8;12;0	4100032;5112001;4105023;3000003	5;50;5;50000					1	绝境·蜜罐·一	絕境·蜜罐·一	Abyssal (Honeypot) I	絶境・ハニーポットⅠ	허니·인페르노I 	วิกฤต·โถน้ำผึ้ง·1
2326002	326	2	0	93663;93664			300;300;200	0;0;0	8;12;0	4100032;5112001;4105023;3000003	5;55;5;60000					1	绝境·蜜罐·二	絕境·蜜罐·二	Abyssal (Honeypot) II	絶境・ハニーポットⅡ	허니·인페르노II 	วิกฤต·โถน้ำผึ้ง·2
2326003	326	3	0	93665;93666			300;300;200	0;0;0	8;12;0	4100032;5112001;4105023;3000003	5;60;5;70000					1	绝境·蜜罐·三	絕境·蜜罐·三	Abyssal (Honeypot) III	絶境・ハニーポットⅢ	허니·인페르노III 	วิกฤต·โถน้ำผึ้ง·3
2326004	326	4	0	93667;93668			300;300;200	0;0;0	8;12;0	4100032;5112001;4105023;3000003	5;65;10;80000					1	绝境·蜜罐·四	絕境·蜜罐·四	Abyssal (Honeypot) IV	絶境・ハニーポットⅣ	허니·인페르노IV	วิกฤต·โถน้ำผึ้ง·4
2326005	326	5	0	93669;93670			300;300;200	0;0;0	8;12;0	4100032;5112001;4105023;3000003	5;70;10;90000					1	绝境·蜜罐·五	絕境·蜜罐·五	Abyssal (Honeypot) V	絶境・ハニーポットⅤ	허니·인페르노V	วิกฤต·โถน้ำผึ้ง·5
2326006	326	6	0	93671;93672			300;300;200	0;0;0	8;12;0	4100032;5112001;4105023;3000003	5;75;10;100000					1	绝境·蜜罐·六	絕境·蜜罐·六	Abyssal (Honeypot) VI	絶境・ハニーポットⅥ	허니·인페르노VI 	วิกฤต·โถน้ำผึ้ง·6
2326007	326	7	2326006	93673;93674			300;300;200	0;0;0	8;12;0	4100032;5112001;4105023;3000003	5;80;20;110000					1	绝境·蜜罐·七	絕境·蜜罐·七	Abyssal (Honeypot) VII	絶境・ハニーポットⅦ	허니·인페르노VII 	วิกฤต·โถน้ำผึ้ง·7
2326008	326	8	2326007	93675;93676			300;300;200	0;0;0	8;12;0	4100032;5112001;4105023;3000003	5;85;20;120000					1	绝境·蜜罐·八	絕境·蜜罐·八	Abyssal (Honeypot) VIII	絶境・ハニーポットⅧ	허니·인페르노VIII 	วิกฤต·โถน้ำผึ้ง·8
2326009	326	9	2326008	93677;93678			300;300;200	0;0;0	12;18;0	4100032;5112001;4105023;3000003	5;90;20;130000					1	绝境·蜜罐·九	絕境·蜜罐·九	Abyssal (Honeypot) IX	絶境・ハニーポットⅨ	허니·인페르노IX	วิกฤต·โถน้ำผึ้ง·9
2326010	326	10	2326009	93679;93680			300;300;200	0;0;0	12;18;0	4100032;5112001;4105023;3000003	5;100;30;150000					1	绝境·蜜罐·十	絕境·蜜罐·十	Abyssal (Honeypot) X	絶境・ハニーポットⅩ	허니·인페르노X	วิกฤต·โถน้ำผึ้ง·10
2127001	127	1	0	93701;93702			300;300;200	0;0;0	8;12;0	4100032;5112001;4105023;3000003	2;20;1;5000					1	幻灭·一	幻滅·一	Evanescence I	幻滅Ⅰ	환멸·1	ดับสูญ·1
2127002	127	2	0	93703;93704			300;300;200	0;0;0	8;12;0	4100032;5112001;4105023;3000003	2;25;2;10000					1	幻灭·二	幻滅·二	Evanescence II	幻滅Ⅱ	환멸·2	ดับสูญ·2
2127003	127	3	0	93705;93706			300;300;200	0;0;0	8;12;0	4100032;5112001;4105023;3000003	2;30;3;15000					1	幻灭·三	幻滅·三	Evanescence III	幻滅Ⅲ	환멸·3	ดับสูญ·3
2127004	127	4	0	93707;93708			300;300;200	0;0;0	8;12;0	4100032;5112001;4105023;3000003	2;35;4;20000					1	幻灭·四	幻滅·四	Evanescence IV	幻滅Ⅳ	환멸·4	ดับสูญ·4
2127005	127	5	0	93709;93710			300;300;200	0;0;0	8;12;0	4100032;5112001;4105023;3000003	2;40;5;25000					1	幻灭·五	幻滅·五	Evanescence V	幻滅Ⅴ	환멸·5	ดับสูญ·5
2127006	127	6	0	93711;93712			300;300;200	0;0;0	8;12;0	4100032;5112001;4105023;3000003	2;45;6;30000					1	幻灭·六	幻滅·六	Evanescence VI	幻滅Ⅵ	환멸·6	ดับสูญ·6
2127007	127	7	0	93713;93714			300;300;200	0;0;0	8;12;0	4100032;5112001;4105023;3000003	2;50;7;35000					1	幻灭·七	幻滅·七	Evanescence VII	幻滅Ⅶ	환멸·7	ดับสูญ·7
2127008	127	8	0	93715;93716			300;300;200	0;0;0	8;12;0	4100032;5112001;4105023;3000003	2;55;8;40000					1	幻灭·八	幻滅·八	Evanescence VIII	幻滅Ⅷ	환멸·8	ดับสูญ·8
2127009	127	9	0	93717;93718			300;300;200	0;0;0	12;18;0	4100032;5112001;4105023;3000003	2;60;9;45000					1	幻灭·九	幻滅·九	Evanescence IX	幻滅Ⅸ	환멸·9	ดับสูญ·9
2127010	127	10	2127009	93719;93720			300;300;200	0;0;0	12;18;0	4100032;5112001;4105023;3000003	2;70;10;50000					1	幻灭·十	幻滅·十	Evanescence X	幻滅Ⅹ	환멸·10	ดับสูญ·10
2227001	227	1	0	93731;93732			300;300;200	0;0;0	8;12;0	4100032;5112001;4105023;3000003	5;50;5;50000					1	困难·幻灭·一	困難·幻滅·一	Hard (Evanescence) I	困難・幻滅Ⅰ	어려움·환멸·1	ยาก·ดับสูญ·1
2227002	227	2	0	93733;93734			300;300;200	0;0;0	8;12;0	4100032;5112001;4105023;3000003	5;55;5;60000					1	困难·幻灭·二	困難·幻滅·二	Hard (Evanescence) II	困難・幻滅Ⅱ	어려움·환멸·2	ยาก·ดับสูญ·2
2227003	227	3	0	93735;93736			300;300;200	0;0;0	8;12;0	4100032;5112001;4105023;3000003	5;60;5;70000					1	困难·幻灭·三	困難·幻滅·三	Hard (Evanescence) III	困難・幻滅Ⅲ	어려움·환멸·3	ยาก·ดับสูญ·3
2227004	227	4	0	93737;93738			300;300;200	0;0;0	8;12;0	4100032;5112001;4105023;3000003	5;65;10;80000					1	困难·幻灭·四	困難·幻滅·四	Hard (Evanescence) IV	困難・幻滅Ⅳ	어려움·환멸·4	ยาก·ดับสูญ·4
2227005	227	5	0	93739;93740			300;300;200	0;0;0	8;12;0	4100032;5112001;4105023;3000003	5;70;10;90000					1	困难·幻灭·五	困難·幻滅·五	Hard (Evanescence) V	困難・幻滅Ⅴ	어려움·환멸·5	ยาก·ดับสูญ·5
2227006	227	6	0	93741;93742			300;300;200	0;0;0	8;12;0	4100032;5112001;4105023;3000003	5;75;10;100000					1	困难·幻灭·六	困難·幻滅·六	Hard (Evanescence) VI	困難・幻滅Ⅵ	어려움·환멸·6	ยาก·ดับสูญ·6
2227007	227	7	2227006	93743;93744			300;300;200	0;0;0	8;12;0	4100032;5112001;4105023;3000003	5;80;20;110000					1	困难·幻灭·七	困難·幻滅·七	Hard (Evanescence) VII	困難・幻滅Ⅶ	어려움·환멸·7	ยาก·ดับสูญ·7
2227008	227	8	2227007	93745;93746			300;300;200	0;0;0	8;12;0	4100032;5112001;4105023;3000003	5;85;20;120000					1	困难·幻灭·八	困難·幻滅·八	Hard (Evanescence) VIII	困難・幻滅Ⅷ	어려움·환멸·8	ยาก·ดับสูญ·8
2227009	227	9	2227008	93747;93748			300;300;200	0;0;0	12;18;0	4100032;5112001;4105023;3000003	5;90;20;130000					1	困难·幻灭·九	困難·幻滅·九	Hard (Evanescence) IX	困難・幻滅Ⅸ	어려움·환멸·9	ยาก·ดับสูญ·9
2227010	227	10	2227009	93749;93750			300;300;200	0;0;0	12;18;0	4100032;5112001;4105023;3000003	5;100;30;150000					1	困难·幻灭·十	困難·幻滅·十	Hard (Evanescence) X	困難・幻滅Ⅹ	어려움·환멸·10	ยาก·ดับสูญ·10
2327001	327	1	0	93761;93762			300;300;200	0;0;0	8;12;0	4100032;5112001;4105023;3000003	5;50;5;50000					1	绝境·幻灭·一	絕境·幻滅·一	Abyssal (Evanescence) I	絶境・幻滅Ⅰ	절경·환멸·1	วิกฤต·ดับสูญ·1
2327002	327	2	0	93763;93764			300;300;200	0;0;0	8;12;0	4100032;5112001;4105023;3000003	5;55;5;60000					1	绝境·幻灭·二	絕境·幻滅·二	Abyssal (Evanescence) II	絶境・幻滅Ⅱ	절경·환멸·2	วิกฤต·ดับสูญ·2
2327003	327	3	0	93765;93766			300;300;200	0;0;0	8;12;0	4100032;5112001;4105023;3000003	5;60;5;70000					1	绝境·幻灭·三	絕境·幻滅·三	Abyssal (Evanescence) III	絶境・幻滅Ⅲ	절경·환멸·3	วิกฤต·ดับสูญ·3
2327004	327	4	0	93767;93768			300;300;200	0;0;0	8;12;0	4100032;5112001;4105023;3000003	5;65;10;80000					1	绝境·幻灭·四	絕境·幻滅·四	Abyssal (Evanescence) IV	絶境・幻滅Ⅳ	절경·환멸·4	วิกฤต·ดับสูญ·4
2327005	327	5	0	93769;93770			300;300;200	0;0;0	8;12;0	4100032;5112001;4105023;3000003	5;70;10;90000					1	绝境·幻灭·五	絕境·幻滅·五	Abyssal (Evanescence) V	絶境・幻滅Ⅴ	절경·환멸·5	วิกฤต·ดับสูญ·5
2327006	327	6	0	93771;93772			300;300;200	0;0;0	8;12;0	4100032;5112001;4105023;3000003	5;75;10;100000					1	绝境·幻灭·六	絕境·幻滅·六	Abyssal (Evanescence) VI	絶境・幻滅Ⅵ	절경·환멸·6	วิกฤต·ดับสูญ·6
2327007	327	7	2327006	93773;93774			300;300;200	0;0;0	8;12;0	4100032;5112001;4105023;3000003	5;80;20;110000					1	绝境·幻灭·七	絕境·幻滅·七	Abyssal (Evanescence) VII	絶境・幻滅Ⅶ	절경·환멸·7	วิกฤต·ดับสูญ·7
2327008	327	8	2327007	93775;93776			300;300;200	0;0;0	8;12;0	4100032;5112001;4105023;3000003	5;85;20;120000					1	绝境·幻灭·八	絕境·幻滅·八	Abyssal (Evanescence) VIII	絶境・幻滅Ⅷ	절경·환멸·8	วิกฤต·ดับสูญ·8
2327009	327	9	2327008	93777;93778			300;300;200	0;0;0	12;18;0	4100032;5112001;4105023;3000003	5;90;20;130000					1	绝境·幻灭·九	絕境·幻滅·九	Abyssal (Evanescence) IX	絶境・幻滅Ⅸ	절경·환멸·9	วิกฤต·ดับสูญ·9
2327010	327	10	2327009	93779;93780			300;300;200	0;0;0	12;18;0	4100032;5112001;4105023;3000003	5;100;30;150000					1	绝境·幻灭·十	絕境·幻滅·十	Abyssal (Evanescence) X	絶境・幻滅Ⅹ	절경·환멸·10	วิกฤต·ดับสูญ·10
2128001	128	1	0	93801;93802			300;300;200	0;0;0	8;12;0	4100032;5112001;4105023;3000003	2;20;1;5000					1	蝶变·一	蝶變·一	Metamorphosis I	蝶変Ⅰ	버터플라이I 	วัฏจักรผีเสื้อ·1
2128002	128	2	0	93803;93804			300;300;200	0;0;0	8;12;0	4100032;5112001;4105023;3000003	2;25;2;10000					1	蝶变·二	蝶變·二	Metamorphosis II	蝶変Ⅱ	버터플라이II 	วัฏจักรผีเสื้อ·2
2128003	128	3	0	93805;93806			300;300;200	0;0;0	8;12;0	4100032;5112001;4105023;3000003	2;30;3;15000					1	蝶变·三	蝶變·三	Metamorphosis III	蝶変Ⅲ	버터플라이III 	วัฏจักรผีเสื้อ·3
2128004	128	4	0	93807;93808			300;300;200	0;0;0	8;12;0	4100032;5112001;4105023;3000003	2;35;4;20000					1	蝶变·四	蝶變·四	Metamorphosis IV	蝶変Ⅳ	버터플라이IV	วัฏจักรผีเสื้อ·4
2128005	128	5	0	93809;93810			300;300;200	0;0;0	8;12;0	4100032;5112001;4105023;3000003	2;40;5;25000					1	蝶变·五	蝶變·五	Metamorphosis V	蝶変Ⅴ	버터플라이V	วัฏจักรผีเสื้อ·5
2128006	128	6	0	93811;93812			300;300;200	0;0;0	8;12;0	4100032;5112001;4105023;3000003	2;45;6;30000					1	蝶变·六	蝶變·六	Metamorphosis VI	蝶変Ⅵ	버터플라이VI 	วัฏจักรผีเสื้อ·6
2128007	128	7	0	93813;93814			300;300;200	0;0;0	8;12;0	4100032;5112001;4105023;3000003	2;50;7;35000					1	蝶变·七	蝶變·七	Metamorphosis VII	蝶変Ⅶ	버터플라이VII 	วัฏจักรผีเสื้อ·7
2128008	128	8	0	93815;93816			300;300;200	0;0;0	8;12;0	4100032;5112001;4105023;3000003	2;55;8;40000					1	蝶变·八	蝶變·八	Metamorphosis VII	蝶変Ⅷ	버터플라이VIII 	วัฏจักรผีเสื้อ·8
2128009	128	9	0	93817;93818			300;300;200	0;0;0	12;18;0	4100032;5112001;4105023;3000003	2;60;9;45000					1	蝶变·九	蝶變·九	Metamorphosis IX	蝶変Ⅸ	버터플라이IX	วัฏจักรผีเสื้อ·9
2128010	128	10	2128009	93819;93820			300;300;200	0;0;0	12;18;0	4100032;5112001;4105023;3000003	2;70;10;50000					1	蝶变·十	蝶變·十	Metamorphosis X	蝶変Ⅹ	버터플라이X	วัฏจักรผีเสื้อ·10
2228001	228	1	0	93831;93832			300;300;200	0;0;0	8;12;0	4100032;5112001;4105023;3000003	5;50;5;50000					1	困难·蝶变·一	困難·蝶變·一	Hard (Metamorphosis) I	困難・蝶変Ⅰ	버터플라이·하드I 	ยาก·วัฏจักรผีเสื้อ·1
2228002	228	2	0	93833;93834			300;300;200	0;0;0	8;12;0	4100032;5112001;4105023;3000003	5;55;5;60000					1	困难·蝶变·二	困難·蝶變·二	Hard (Metamorphosis) II	困難・蝶変Ⅱ	버터플라이·하드II 	ยาก·วัฏจักรผีเสื้อ·2
2228003	228	3	0	93835;93836			300;300;200	0;0;0	8;12;0	4100032;5112001;4105023;3000003	5;60;5;70000					1	困难·蝶变·三	困難·蝶變·三	Hard (Metamorphosis) III	困難・蝶変Ⅲ	버터플라이·하드III 	ยาก·วัฏจักรผีเสื้อ·3
2228004	228	4	0	93837;93838			300;300;200	0;0;0	8;12;0	4100032;5112001;4105023;3000003	5;65;10;80000					1	困难·蝶变·四	困難·蝶變·四	Hard (Metamorphosis) IV	困難・蝶変Ⅳ	버터플라이·하드IV	ยาก·วัฏจักรผีเสื้อ·4
2228005	228	5	0	93839;93840			300;300;200	0;0;0	8;12;0	4100032;5112001;4105023;3000003	5;70;10;90000					1	困难·蝶变·五	困難·蝶變·五	Hard (Metamorphosis) V	困難・蝶変Ⅴ	버터플라이·하드V	ยาก·วัฏจักรผีเสื้อ·5
2228006	228	6	0	93841;93842			300;300;200	0;0;0	8;12;0	4100032;5112001;4105023;3000003	5;75;10;100000					1	困难·蝶变·六	困難·蝶變·六	Hard (Metamorphosis) VI	困難・蝶変Ⅵ	버터플라이·하드VI 	ยาก·วัฏจักรผีเสื้อ·6
2228007	228	7	2228006	93843;93844			300;300;200	0;0;0	8;12;0	4100032;5112001;4105023;3000003	5;80;20;110000					1	困难·蝶变·七	困難·蝶變·七	Hard (Metamorphosis) VII	困難・蝶変Ⅶ	버터플라이·하드VII 	ยาก·วัฏจักรผีเสื้อ·7
2228008	228	8	2228007	93845;93846			300;300;200	0;0;0	8;12;0	4100032;5112001;4105023;3000003	5;85;20;120000					1	困难·蝶变·八	困難·蝶變·八	Hard (Metamorphosis) VIII	困難・蝶変Ⅷ	버터플라이·하드VIII 	ยาก·วัฏจักรผีเสื้อ·8
2228009	228	9	2228008	93847;93848			300;300;200	0;0;0	12;18;0	4100032;5112001;4105023;3000003	5;90;20;130000					1	困难·蝶变·九	困難·蝶變·九	Hard (Metamorphosis) IX	困難・蝶変Ⅸ	버터플라이·하드IX	ยาก·วัฏจักรผีเสื้อ·9
2228010	228	10	2228009	93849;93850			300;300;200	0;0;0	12;18;0	4100032;5112001;4105023;3000003	5;100;30;150000					1	困难·蝶变·十	困難·蝶變·十	Hard (Metamorphosis) X	困難・蝶変Ⅹ	버터플라이·하드X	ยาก·วัฏจักรผีเสื้อ·10
2328001	328	1	0	93861;93862			300;300;200	0;0;0	8;12;0	4100032;5112001;4105023;3000003	5;50;5;50000					1	绝境·蝶变·一	絕境·蝶變·一	Abyssal (Metamorphosis) I	絶境・蝶変Ⅰ	버터플라이·인페르노I 	วิกฤต·วัฏจักรผีเสื้อ·1
2328002	328	2	0	93863;93864			300;300;200	0;0;0	8;12;0	4100032;5112001;4105023;3000003	5;55;5;60000					1	绝境·蝶变·二	絕境·蝶變·二	Abyssal (Metamorphosis) II	絶境・蝶変Ⅱ	버터플라이·인페르노II 	วิกฤต·วัฏจักรผีเสื้อ·2
2328003	328	3	0	93865;93866			300;300;200	0;0;0	8;12;0	4100032;5112001;4105023;3000003	5;60;5;70000					1	绝境·蝶变·三	絕境·蝶變·三	Abyssal (Metamorphosis) III	絶境・蝶変Ⅲ	버터플라이·인페르노III 	วิกฤต·วัฏจักรผีเสื้อ·3
2328004	328	4	0	93867;93868			300;300;200	0;0;0	8;12;0	4100032;5112001;4105023;3000003	5;65;10;80000					1	绝境·蝶变·四	絕境·蝶變·四	Abyssal (Metamorphosis) IV	絶境・蝶変Ⅳ	버터플라이·인페르노IV	วิกฤต·วัฏจักรผีเสื้อ·4
2328005	328	5	0	93869;93870			300;300;200	0;0;0	8;12;0	4100032;5112001;4105023;3000003	5;70;10;90000					1	绝境·蝶变·五	絕境·蝶變·五	Abyssal (Metamorphosis) V	絶境・蝶変Ⅴ	버터플라이·인페르노V	วิกฤต·วัฏจักรผีเสื้อ·5
2328006	328	6	0	93871;93872			300;300;200	0;0;0	8;12;0	4100032;5112001;4105023;3000003	5;75;10;100000					1	绝境·蝶变·六	絕境·蝶變·六	Abyssal (Metamorphosis) VI	絶境・蝶変Ⅵ	버터플라이·인페르노VI 	วิกฤต·วัฏจักรผีเสื้อ·6
2328007	328	7	2328006	93873;93874			300;300;200	0;0;0	8;12;0	4100032;5112001;4105023;3000003	5;80;20;110000					1	绝境·蝶变·七	絕境·蝶變·七	Abyssal (Metamorphosis) VII	絶境・蝶変Ⅶ	버터플라이·인페르노VII 	วิกฤต·วัฏจักรผีเสื้อ·7
2328008	328	8	2328007	93875;93876			300;300;200	0;0;0	8;12;0	4100032;5112001;4105023;3000003	5;85;20;120000					1	绝境·蝶变·八	絕境·蝶變·八	Abyssal (Metamorphosis) VIII	絶境・蝶変Ⅷ	버터플라이·인페르노VIII 	วิกฤต·วัฏจักรผีเสื้อ·8
2328009	328	9	2328008	93877;93878			300;300;200	0;0;0	12;18;0	4100032;5112001;4105023;3000003	5;90;20;130000					1	绝境·蝶变·九	絕境·蝶變·九	Abyssal (Metamorphosis) IX	絶境・蝶変Ⅸ	버터플라이·인페르노IX	วิกฤต·วัฏจักรผีเสื้อ·9
2328010	328	10	2328009	93879;93880			300;300;200	0;0;0	12;18;0	4100032;5112001;4105023;3000003	5;100;30;150000					1	绝境·蝶变·十	絕境·蝶變·十	Abyssal (Metamorphosis) X	絶境・蝶変Ⅹ	버터플라이·인페르노X	วิกฤต·วัฏจักรผีเสื้อ·10
2129001	129	1	0	93901;93902			300;300;200	0;0;0	8;12;0	4100032;5112001;4105023;3000003	2;20;1;5000					1	断罪·一	斷罪·一	Judgement I	断罪Ⅰ	단죄I 	นักโทษ·1
2129002	129	2	0	93903;93904			300;300;200	0;0;0	8;12;0	4100032;5112001;4105023;3000003	2;25;2;10000					1	断罪·二	斷罪·二	Judgement II	断罪Ⅱ	단죄II	นักโทษ·2
2129003	129	3	0	93905;93906			300;300;200	0;0;0	8;12;0	4100032;5112001;4105023;3000003	2;30;3;15000					1	断罪·三	斷罪·三	Judgement III	断罪Ⅲ	단죄III	นักโทษ·3
2129004	129	4	0	93907;93908			300;300;200	0;0;0	8;12;0	4100032;5112001;4105023;3000003	2;35;4;20000					1	断罪·四	斷罪·四	Judgement IV	断罪Ⅳ	단죄IV	นักโทษ·4
2129005	129	5	0	93909;93910			300;300;200	0;0;0	8;12;0	4100032;5112001;4105023;3000003	2;40;5;25000					1	断罪·五	斷罪·五	Judgement V	断罪Ⅴ	단죄V	นักโทษ·5
2129006	129	6	0	93911;93912			300;300;200	0;0;0	8;12;0	4100032;5112001;4105023;3000003	2;45;6;30000					1	断罪·六	斷罪·六	Judgement VI	断罪Ⅵ	단죄VI 	นักโทษ·6
2129007	129	7	0	93913;93914			300;300;200	0;0;0	8;12;0	4100032;5112001;4105023;3000003	2;50;7;35000					1	断罪·七	斷罪·七	Judgement VII	断罪Ⅶ	단죄VII	นักโทษ·7
2129008	129	8	0	93915;93916			300;300;200	0;0;0	8;12;0	4100032;5112001;4105023;3000003	2;55;8;40000					1	断罪·八	斷罪·八	Judgement VIII	断罪Ⅷ	단죄VIII	นักโทษ·8
2129009	129	9	0	93917;93918			300;300;200	0;0;0	12;18;0	4100032;5112001;4105023;3000003	2;60;9;45000					1	断罪·九	斷罪·九	Judgement IX	断罪Ⅸ	단죄IX	นักโทษ·9
2129010	129	10	2129009	93919;93920			300;300;200	0;0;0	12;18;0	4100032;5112001;4105023;3000003	2;70;10;50000					1	断罪·十	斷罪·十	Judgement X	断罪Ⅹ	단죄X	นักโทษ·10
2229001	229	1	0	93931;93932			300;300;200	0;0;0	8;12;0	4100032;5112001;4105023;3000003	5;50;5;50000					1	困难·断罪·一	困難·斷罪·一	Hard (Judgement) I	困難・断罪Ⅰ	단죄·하드I 	ยาก·นักโทษ·1
2229002	229	2	0	93933;93934			300;300;200	0;0;0	8;12;0	4100032;5112001;4105023;3000003	5;55;5;60000					1	困难·断罪·二	困難·斷罪·二	Hard (Judgement) II	困難・断罪Ⅱ	단죄·하드II 	ยาก·นักโทษ·2
2229003	229	3	0	93935;93936			300;300;200	0;0;0	8;12;0	4100032;5112001;4105023;3000003	5;60;5;70000					1	困难·断罪·三	困難·斷罪·三	Hard (Judgement) III	困難・断罪Ⅲ	단죄·하드III 	ยาก·นักโทษ·3
2229004	229	4	0	93937;93938			300;300;200	0;0;0	8;12;0	4100032;5112001;4105023;3000003	5;65;10;80000					1	困难·断罪·四	困難·斷罪·四	Hard (Judgement) IV	困難・断罪Ⅳ	단죄·하드IV	ยาก·นักโทษ·4
2229005	229	5	0	93939;93940			300;300;200	0;0;0	8;12;0	4100032;5112001;4105023;3000003	5;70;10;90000					1	困难·断罪·五	困難·斷罪·五	Hard (Judgement) V	困難・断罪Ⅴ	단죄·하드V	ยาก·นักโทษ·5
2229006	229	6	0	93941;93942			300;300;200	0;0;0	8;12;0	4100032;5112001;4105023;3000003	5;75;10;100000					1	困难·断罪·六	困難·斷罪·六	Hard (Judgement) VI	困難・断罪Ⅵ	단죄·하드VI 	ยาก·นักโทษ·6
2229007	229	7	2229006	93943;93944			300;300;200	0;0;0	8;12;0	4100032;5112001;4105023;3000003	5;80;20;110000					1	困难·断罪·七	困難·斷罪·七	Hard (Judgement) VII	困難・断罪Ⅶ	단죄·하드VII 	ยาก·นักโทษ·7
2229008	229	8	2229007	93945;93946			300;300;200	0;0;0	8;12;0	4100032;5112001;4105023;3000003	5;85;20;120000					1	困难·断罪·八	困難·斷罪·八	Hard (Judgement) VIII	困難・断罪Ⅷ	단죄·하드VIII 	ยาก·นักโทษ·8
2229009	229	9	2229008	93947;93948			300;300;200	0;0;0	12;18;0	4100032;5112001;4105023;3000003	5;90;20;130000					1	困难·断罪·九	困難·斷罪·九	Hard (Judgement) IX	困難・断罪Ⅸ	단죄·하드IX	ยาก·นักโทษ·9
2229010	229	10	2229009	93949;93950			300;300;200	0;0;0	12;18;0	4100032;5112001;4105023;3000003	5;100;30;150000					1	困难·断罪·十	困難·斷罪·十	Hard (Judgement) X	困難・断罪Ⅹ	단죄·하드X	ยาก·นักโทษ·10
2329001	329	1	0	93961;93962			300;300;200	0;0;0	8;12;0	4100032;5112001;4105023;3000003	5;50;5;50000					1	绝境·断罪·一	絕境·斷罪·一	Abyssal (Judgement) I	絶境・断罪Ⅰ	단죄·인페르노I 	วิกฤต·นักโทษ·1
2329002	329	2	0	93963;93964			300;300;200	0;0;0	8;12;0	4100032;5112001;4105023;3000003	5;55;5;60000					1	绝境·断罪·二	絕境·斷罪·二	Abyssal (Judgement) II	絶境・断罪Ⅱ	단죄·인페르노II 	วิกฤต·นักโทษ·2
2329003	329	3	0	93965;93966			300;300;200	0;0;0	8;12;0	4100032;5112001;4105023;3000003	5;60;5;70000					1	绝境·断罪·三	絕境·斷罪·三	Abyssal (Judgement) III	絶境・断罪Ⅲ	단죄·인페르노III 	วิกฤต·นักโทษ·3
2329004	329	4	0	93967;93968			300;300;200	0;0;0	8;12;0	4100032;5112001;4105023;3000003	5;65;10;80000					1	绝境·断罪·四	絕境·斷罪·四	Abyssal (Judgement) IV	絶境・断罪Ⅳ	단죄·인페르노IV	วิกฤต·นักโทษ·4
2329005	329	5	0	93969;93970			300;300;200	0;0;0	8;12;0	4100032;5112001;4105023;3000003	5;70;10;90000					1	绝境·断罪·五	絕境·斷罪·五	Abyssal (Judgement) V	絶境・断罪Ⅴ	단죄·인페르노V	วิกฤต·นักโทษ·5
2329006	329	6	0	93971;93972			300;300;200	0;0;0	8;12;0	4100032;5112001;4105023;3000003	5;75;10;100000					1	绝境·断罪·六	絕境·斷罪·六	Abyssal (Judgement) VI	絶境・断罪Ⅵ	단죄·인페르노VI 	วิกฤต·นักโทษ·6
2329007	329	7	2329006	93973;93974			300;300;200	0;0;0	8;12;0	4100032;5112001;4105023;3000003	5;80;20;110000					1	绝境·断罪·七	絕境·斷罪·七	Abyssal (Judgement) VII	絶境・断罪Ⅶ	단죄·인페르노VII 	วิกฤต·นักโทษ·7
2329008	329	8	2329007	93975;93976			300;300;200	0;0;0	8;12;0	4100032;5112001;4105023;3000003	5;85;20;120000					1	绝境·断罪·八	絕境·斷罪·八	Abyssal (Judgement) VIII	絶境・断罪Ⅷ	단죄·인페르노VIII 	วิกฤต·นักโทษ·8
2329009	329	9	2329008	93977;93978			300;300;200	0;0;0	12;18;0	4100032;5112001;4105023;3000003	5;90;20;130000					1	绝境·断罪·九	絕境·斷罪·九	Abyssal (Judgement) IX	絶境・断罪Ⅸ	단죄·인페르노IX	วิกฤต·นักโทษ·9
2329010	329	10	2329009	93979;93980			300;300;200	0;0;0	12;18;0	4100032;5112001;4105023;3000003	5;100;30;150000					1	绝境·断罪·十	絕境·斷罪·十	Abyssal (Judgement) X	絶境・断罪Ⅹ	단죄·인페르노X	วิกฤต·นักโทษ·10
2131001	131	1	0	94101;94102			300;300;200	0;0;0	8;12;0	4100032;5112001;4105023;3000003	2;20;1;5000					1	无眠·一	無眠·一	Insomnia I	不眠Ⅰ	불면I 	ขอบตาดำ·1
2131002	131	2	0	94103;94104			300;300;200	0;0;0	8;12;0	4100032;5112001;4105023;3000003	2;25;2;10000					1	无眠·二	無眠·二	Insomnia II	不眠Ⅱ	불면II 	ขอบตาดำ·2
2131003	131	3	0	94105;94106			300;300;200	0;0;0	8;12;0	4100032;5112001;4105023;3000003	2;30;3;15000					1	无眠·三	無眠·三	Insomnia III	不眠Ⅲ	불면III 	ขอบตาดำ·3
2131004	131	4	0	94107;94108			300;300;200	0;0;0	8;12;0	4100032;5112001;4105023;3000003	2;35;4;20000					1	无眠·四	無眠·四	Insomnia IV	不眠Ⅳ	불면IV	ขอบตาดำ·4
2131005	131	5	0	94109;94110			300;300;200	0;0;0	8;12;0	4100032;5112001;4105023;3000003	2;40;5;25000					1	无眠·五	無眠·五	Insomnia V	不眠Ⅴ	불면V	ขอบตาดำ·5
2131006	131	6	0	94111;94112			300;300;200	0;0;0	8;12;0	4100032;5112001;4105023;3000003	2;45;6;30000					1	无眠·六	無眠·六	Insomnia VI	不眠Ⅵ	불면VI 	ขอบตาดำ·6
2131007	131	7	0	94113;94114			300;300;200	0;0;0	8;12;0	4100032;5112001;4105023;3000003	2;50;7;35000					1	无眠·七	無眠·七	Insomnia VII	不眠Ⅶ	불면VII 	ขอบตาดำ·7
2131008	131	8	0	94115;94116			300;300;200	0;0;0	8;12;0	4100032;5112001;4105023;3000003	2;55;8;40000					1	无眠·八	無眠·八	Insomnia VIII	不眠Ⅷ	불면VIII 	ขอบตาดำ·8
2131009	131	9	0	94117;94118			300;300;200	0;0;0	12;18;0	4100032;5112001;4105023;3000003	2;60;9;45000					1	无眠·九	無眠·九	Insomnia IX	不眠Ⅸ	불면IX	ขอบตาดำ·9
2131010	131	10	2131009	94119;94120			300;300;200	0;0;0	12;18;0	4100032;5112001;4105023;3000003	2;70;10;50000					1	无眠·十	無眠·十	Insomnia X	不眠Ⅹ	불면X	ขอบตาดำ·10
2231001	231	1	0	94131;94132			300;300;200	0;0;0	8;12;0	4100032;5112001;4105023;3000003	5;50;5;50000					1	困难·无眠·一	困難·無眠·一	Hard (Insomnia) I	困難・不眠Ⅰ	불면·하드I 	ยาก·ขอบตาดำ·1
2231002	231	2	0	94133;94134			300;300;200	0;0;0	8;12;0	4100032;5112001;4105023;3000003	5;55;5;60000					1	困难·无眠·二	困難·無眠·二	Hard (Insomnia) II	困難・不眠Ⅱ	불면·하드II 	ยาก·ขอบตาดำ·2
2231003	231	3	0	94135;94136			300;300;200	0;0;0	8;12;0	4100032;5112001;4105023;3000003	5;60;5;70000					1	困难·无眠·三	困難·無眠·三	Hard (Insomnia) III	困難・不眠Ⅲ	불면·하드III 	ยาก·ขอบตาดำ·3
2231004	231	4	0	94137;94138			300;300;200	0;0;0	8;12;0	4100032;5112001;4105023;3000003	5;65;10;80000					1	困难·无眠·四	困難·無眠·四	Hard (Insomnia) IV	困難・不眠Ⅳ	불면·하드IV	ยาก·ขอบตาดำ·4
2231005	231	5	0	94139;94140			300;300;200	0;0;0	8;12;0	4100032;5112001;4105023;3000003	5;70;10;90000					1	困难·无眠·五	困難·無眠·五	Hard (Insomnia) V	困難・不眠Ⅴ	불면·하드V	ยาก·ขอบตาดำ·5
2231006	231	6	0	94141;94142			300;300;200	0;0;0	8;12;0	4100032;5112001;4105023;3000003	5;75;10;100000					1	困难·无眠·六	困難·無眠·六	Hard (Insomnia) VI	困難・不眠Ⅵ	불면·하드VI 	ยาก·ขอบตาดำ·6
2231007	231	7	2231006	94143;94144			300;300;200	0;0;0	8;12;0	4100032;5112001;4105023;3000003	5;80;20;110000					1	困难·无眠·七	困難·無眠·七	Hard (Insomnia) VII	困難・不眠Ⅶ	불면·하드VII 	ยาก·ขอบตาดำ·7
2231008	231	8	2231007	94145;94146			300;300;200	0;0;0	8;12;0	4100032;5112001;4105023;3000003	5;85;20;120000					1	困难·无眠·八	困難·無眠·八	Hard (Insomnia) VIII	困難・不眠Ⅷ	불면·하드VIII 	ยาก·ขอบตาดำ·8
2231009	231	9	2231008	94147;94148			300;300;200	0;0;0	12;18;0	4100032;5112001;4105023;3000003	5;90;20;130000					1	困难·无眠·九	困難·無眠·九	Hard (Insomnia) IX	困難・不眠Ⅸ	불면·하드IX	ยาก·ขอบตาดำ·9
2231010	231	10	2231009	94149;94150			300;300;200	0;0;0	12;18;0	4100032;5112001;4105023;3000003	5;100;30;150000					1	困难·无眠·十	困難·無眠·十	Hard (Insomnia) X	困難・不眠Ⅹ	불면·하드X	ยาก·ขอบตาดำ·10
2331001	331	1	0	94161;94162			300;300;200	0;0;0	8;12;0	4100032;5112001;4105023;3000003	5;50;5;50000					1	绝境·无眠·一	絕境·無眠·一	Abyssal (Insomnia) I	絶境・不眠Ⅰ	불면·인페르노I 	วิกฤต·ขอบตาดำ·1
2331002	331	2	0	94163;94164			300;300;200	0;0;0	8;12;0	4100032;5112001;4105023;3000003	5;55;5;60000					1	绝境·无眠·二	絕境·無眠·二	Abyssal (Insomnia) II	絶境・不眠Ⅱ	불면·인페르노II 	วิกฤต·ขอบตาดำ·2
2331003	331	3	0	94165;94166			300;300;200	0;0;0	8;12;0	4100032;5112001;4105023;3000003	5;60;5;70000					1	绝境·无眠·三	絕境·無眠·三	Abyssal (Insomnia) III	絶境・不眠Ⅲ	불면·인페르노III 	วิกฤต·ขอบตาดำ·3
2331004	331	4	0	94167;94168			300;300;200	0;0;0	8;12;0	4100032;5112001;4105023;3000003	5;65;10;80000					1	绝境·无眠·四	絕境·無眠·四	Abyssal (Insomnia) IV	絶境・不眠Ⅳ	불면·인페르노IV	วิกฤต·ขอบตาดำ·4
2331005	331	5	0	94169;94170			300;300;200	0;0;0	8;12;0	4100032;5112001;4105023;3000003	5;70;10;90000					1	绝境·无眠·五	絕境·無眠·五	Abyssal (Insomnia) V	絶境・不眠Ⅴ	불면·인페르노V	วิกฤต·ขอบตาดำ·5
2331006	331	6	0	94171;94172			300;300;200	0;0;0	8;12;0	4100032;5112001;4105023;3000003	5;75;10;100000					1	绝境·无眠·六	絕境·無眠·六	Abyssal (Insomnia) VI	絶境・不眠Ⅵ	불면·인페르노VI 	วิกฤต·ขอบตาดำ·6
2331007	331	7	2331006	94173;94174			300;300;200	0;0;0	8;12;0	4100032;5112001;4105023;3000003	5;80;20;110000					1	绝境·无眠·七	絕境·無眠·七	Abyssal (Insomnia) VII	絶境・不眠Ⅶ	불면·인페르노VII 	วิกฤต·ขอบตาดำ·7
2331008	331	8	2331007	94175;94176			300;300;200	0;0;0	8;12;0	4100032;5112001;4105023;3000003	5;85;20;120000					1	绝境·无眠·八	絕境·無眠·八	Abyssal (Insomnia) VIII	絶境・不眠Ⅷ	불면·인페르노VIII 	วิกฤต·ขอบตาดำ·8
2331009	331	9	2331008	94177;94178			300;300;200	0;0;0	12;18;0	4100032;5112001;4105023;3000003	5;90;20;130000					1	绝境·无眠·九	絕境·無眠·九	Abyssal (Insomnia) IX	絶境・不眠Ⅸ	불면·인페르노IX	วิกฤต·ขอบตาดำ·9
2331010	331	10	2331009	94179;94180			300;300;200	0;0;0	12;18;0	4100032;5112001;4105023;3000003	5;100;30;150000					1	绝境·无眠·十	絕境·無眠·十	Abyssal (Insomnia) X	絶境・不眠Ⅹ	불면·인페르노X	วิกฤต·ขอบตาดำ·10
2130001	130	1	0	94001;94002			300;300;200	0;0;0	8;12;0	4100032;5112001;4105023;3000003	2;20;1;5000					1	烟烬·一	煙燼·一	Emberfall I	灰燼Ⅰ	애시즈I 	เถ้าควัน·1
2130002	130	2	0	94003;94004			300;300;200	0;0;0	8;12;0	4100032;5112001;4105023;3000003	2;25;2;10000					1	烟烬·二	煙燼·二	Emberfall II	灰燼Ⅱ	애시즈II 	เถ้าควัน·2
2130003	130	3	0	94005;94006			300;300;200	0;0;0	8;12;0	4100032;5112001;4105023;3000003	2;30;3;15000					1	烟烬·三	煙燼·三	Emberfall III	灰燼Ⅲ	애시즈III 	เถ้าควัน·3
2130004	130	4	0	94007;94008			300;300;200	0;0;0	8;12;0	4100032;5112001;4105023;3000003	2;35;4;20000					1	烟烬·四	煙燼·四	Emberfall IV	灰燼Ⅳ	애시즈IV	เถ้าควัน·4
2130005	130	5	0	94009;94010			300;300;200	0;0;0	8;12;0	4100032;5112001;4105023;3000003	2;40;5;25000					1	烟烬·五	煙燼·五	Emberfall V	灰燼Ⅴ	애시즈V	เถ้าควัน·5
2130006	130	6	0	94011;94012			300;300;200	0;0;0	8;12;0	4100032;5112001;4105023;3000003	2;45;6;30000					1	烟烬·六	煙燼·六	Emberfall VI	灰燼Ⅵ	애시즈VI 	เถ้าควัน·6
2130007	130	7	0	94013;94014			300;300;200	0;0;0	8;12;0	4100032;5112001;4105023;3000003	2;50;7;35000					1	烟烬·七	煙燼·七	Emberfall VII	灰燼Ⅶ	애시즈VII 	เถ้าควัน·7
2130008	130	8	0	94015;94016			300;300;200	0;0;0	8;12;0	4100032;5112001;4105023;3000003	2;55;8;40000					1	烟烬·八	煙燼·八	Emberfall VIII	灰燼Ⅷ	애시즈VIII 	เถ้าควัน·8
2130009	130	9	0	94017;94018			300;300;200	0;0;0	12;18;0	4100032;5112001;4105023;3000003	2;60;9;45000					1	烟烬·九	煙燼·九	Emberfall IX	灰燼Ⅸ	애시즈IX	เถ้าควัน·9
2130010	130	10	2130009	94019;94020			300;300;200	0;0;0	12;18;0	4100032;5112001;4105023;3000003	2;70;10;50000					1	烟烬·十	煙燼·十	Emberfall X	灰燼Ⅹ	애시즈X	เถ้าควัน·10
2230001	230	1	0	94031;94032			300;300;200	0;0;0	8;12;0	4100032;5112001;4105023;3000003	5;50;5;50000					1	困难·烟烬·一	困難·煙燼·一	Hard (Emberfall) I	困難・灰燼Ⅰ	애시즈·하드I 	ยาก·เถ้าควัน·1
2230002	230	2	0	94033;94034			300;300;200	0;0;0	8;12;0	4100032;5112001;4105023;3000003	5;55;5;60000					1	困难·烟烬·二	困難·煙燼·二	Hard (Emberfall) II	困難・灰燼Ⅱ	애시즈·하드II 	ยาก·เถ้าควัน·2
2230003	230	3	0	94035;94036			300;300;200	0;0;0	8;12;0	4100032;5112001;4105023;3000003	5;60;5;70000					1	困难·烟烬·三	困難·煙燼·三	Hard (Emberfall) III	困難・灰燼Ⅲ	애시즈·하드III 	ยาก·เถ้าควัน·3
2230004	230	4	0	94037;94038			300;300;200	0;0;0	8;12;0	4100032;5112001;4105023;3000003	5;65;10;80000					1	困难·烟烬·四	困難·煙燼·四	Hard (Emberfall) IV	困難・灰燼Ⅳ	애시즈·하드IV	ยาก·เถ้าควัน·4
2230005	230	5	0	94039;94040			300;300;200	0;0;0	8;12;0	4100032;5112001;4105023;3000003	5;70;10;90000					1	困难·烟烬·五	困難·煙燼·五	Hard (Emberfall) V	困難・灰燼Ⅴ	애시즈·하드V	ยาก·เถ้าควัน·5
2230006	230	6	0	94041;94042			300;300;200	0;0;0	8;12;0	4100032;5112001;4105023;3000003	5;75;10;100000					1	困难·烟烬·六	困難·煙燼·六	Hard (Emberfall) VI	困難・灰燼Ⅵ	애시즈·하드VI 	ยาก·เถ้าควัน·6
2230007	230	7	2230006	94043;94044			300;300;200	0;0;0	8;12;0	4100032;5112001;4105023;3000003	5;80;20;110000					1	困难·烟烬·七	困難·煙燼·七	Hard (Emberfall) VII	困難・灰燼Ⅶ	애시즈·하드VII 	ยาก·เถ้าควัน·7
2230008	230	8	2230007	94045;94046			300;300;200	0;0;0	8;12;0	4100032;5112001;4105023;3000003	5;85;20;120000					1	困难·烟烬·八	困難·煙燼·八	Hard (Emberfall) VIII	困難・灰燼Ⅷ	애시즈·하드VIII 	ยาก·เถ้าควัน·8
2230009	230	9	2230008	94047;94048			300;300;200	0;0;0	12;18;0	4100032;5112001;4105023;3000003	5;90;20;130000					1	困难·烟烬·九	困難·煙燼·九	Hard (Emberfall) IX	困難・灰燼Ⅸ	애시즈·하드IX	ยาก·เถ้าควัน·9
2230010	230	10	2230009	94049;94050			300;300;200	0;0;0	12;18;0	4100032;5112001;4105023;3000003	5;100;30;150000					1	困难·烟烬·十	困難·煙燼·十	Hard (Emberfall) X	困難・灰燼Ⅹ	애시즈·하드X	ยาก·เถ้าควัน·10
2330001	330	1	0	94061;94062			300;300;200	0;0;0	8;12;0	4100032;5112001;4105023;3000003	5;50;5;50000					1	绝境·烟烬·一	絕境·煙燼·一	Abyssal (Emberfall) I	絶境・灰燼Ⅰ	애시즈·인페르노I 	วิกฤต·เถ้าควัน·1
2330002	330	2	0	94063;94064			300;300;200	0;0;0	8;12;0	4100032;5112001;4105023;3000003	5;55;5;60000					1	绝境·烟烬·二	絕境·煙燼·二	Abyssal (Emberfall) II	絶境・灰燼Ⅱ	애시즈·인페르노II 	วิกฤต·เถ้าควัน·2
2330003	330	3	0	94065;94066			300;300;200	0;0;0	8;12;0	4100032;5112001;4105023;3000003	5;60;5;70000					1	绝境·烟烬·三	絕境·煙燼·三	Abyssal (Emberfall) III	絶境・灰燼Ⅲ	애시즈·인페르노III 	วิกฤต·เถ้าควัน·3
2330004	330	4	0	94067;94068			300;300;200	0;0;0	8;12;0	4100032;5112001;4105023;3000003	5;65;10;80000					1	绝境·烟烬·四	絕境·煙燼·四	Abyssal (Emberfall) IV	絶境・灰燼Ⅳ	애시즈·인페르노IV	วิกฤต·เถ้าควัน·4
2330005	330	5	0	94069;94070			300;300;200	0;0;0	8;12;0	4100032;5112001;4105023;3000003	5;70;10;90000					1	绝境·烟烬·五	絕境·煙燼·五	Abyssal (Emberfall) V	絶境・灰燼Ⅴ	애시즈·인페르노V	วิกฤต·เถ้าควัน·5
2330006	330	6	0	94071;94072			300;300;200	0;0;0	8;12;0	4100032;5112001;4105023;3000003	5;75;10;100000					1	绝境·烟烬·六	絕境·煙燼·六	Abyssal (Emberfall) VI	絶境・灰燼Ⅵ	애시즈·인페르노VI 	วิกฤต·เถ้าควัน·6
2330007	330	7	2330006	94073;94074			300;300;200	0;0;0	8;12;0	4100032;5112001;4105023;3000003	5;80;20;110000					1	绝境·烟烬·七	絕境·煙燼·七	Abyssal (Emberfall) VII	絶境・灰燼Ⅶ	애시즈·인페르노VII 	วิกฤต·เถ้าควัน·7
2330008	330	8	2330007	94075;94076			300;300;200	0;0;0	8;12;0	4100032;5112001;4105023;3000003	5;85;20;120000					1	绝境·烟烬·八	絕境·煙燼·八	Abyssal (Emberfall) VIII	絶境・灰燼Ⅷ	애시즈·인페르노VIII 	วิกฤต·เถ้าควัน·8
2330009	330	9	2330008	94077;94078			300;300;200	0;0;0	12;18;0	4100032;5112001;4105023;3000003	5;90;20;130000					1	绝境·烟烬·九	絕境·煙燼·九	Abyssal (Emberfall) IX	絶境・灰燼Ⅸ	애시즈·인페르노IX	วิกฤต·เถ้าควัน·9
2330010	330	10	2330009	94079;94080			300;300;200	0;0;0	12;18;0	4100032;5112001;4105023;3000003	5;100;30;150000					1	绝境·烟烬·十	絕境·煙燼·十	Abyssal (Emberfall) X	絶境・灰燼Ⅹ	애시즈·인페르노X	วิกฤต·เถ้าควัน·10
2133001	133	1	0	94301;94302			300;300;200	0;0;0	8;12;0	4100032;5112001;4105023;3000003	2;20;1;5000					1	蜜罐·一	蜜罐·一	Honeypot I	ハニーポットⅠ	허니I 	โถน้ำผึ้ง·1
2133002	133	2	0	94303;94304			300;300;200	0;0;0	8;12;0	4100032;5112001;4105023;3000003	2;25;2;10000					1	蜜罐·二	蜜罐·二	Honeypot II	ハニーポットⅡ	허니II 	โถน้ำผึ้ง·2
2133003	133	3	0	94305;94306			300;300;200	0;0;0	8;12;0	4100032;5112001;4105023;3000003	2;30;3;15000					1	蜜罐·三	蜜罐·三	Honeypot III	ハニーポットⅢ	허니III 	โถน้ำผึ้ง·3
2133004	133	4	0	94307;94308			300;300;200	0;0;0	8;12;0	4100032;5112001;4105023;3000003	2;35;4;20000					1	蜜罐·四	蜜罐·四	Honeypot IV	ハニーポットⅣ	허니IV	โถน้ำผึ้ง·4
2133005	133	5	0	94309;94310			300;300;200	0;0;0	8;12;0	4100032;5112001;4105023;3000003	2;40;5;25000					1	蜜罐·五	蜜罐·五	Honeypot V	ハニーポットⅤ	허니V	โถน้ำผึ้ง·5
2133006	133	6	0	94311;94312			300;300;200	0;0;0	8;12;0	4100032;5112001;4105023;3000003	2;45;6;30000					1	蜜罐·六	蜜罐·六	Honeypot VI	ハニーポットⅥ	허니VI 	โถน้ำผึ้ง·6
2133007	133	7	0	94313;94314			300;300;200	0;0;0	8;12;0	4100032;5112001;4105023;3000003	2;50;7;35000					1	蜜罐·七	蜜罐·七	Honeypot VII	ハニーポットⅦ	허니VII 	โถน้ำผึ้ง·7
2133008	133	8	0	94315;94316			300;300;200	0;0;0	8;12;0	4100032;5112001;4105023;3000003	2;55;8;40000					1	蜜罐·八	蜜罐·八	Honeypot VIII	ハニーポットⅧ	허니VIII 	โถน้ำผึ้ง·8
2133009	133	9	0	94317;94318			300;300;200	0;0;0	12;18;0	4100032;5112001;4105023;3000003	2;60;9;45000					1	蜜罐·九	蜜罐·九	Honeypot IX	ハニーポットⅨ	허니IX	โถน้ำผึ้ง·9
2133010	133	10	2133009	94319;94320			300;300;200	0;0;0	12;18;0	4100032;5112001;4105023;3000003	2;70;10;50000					1	蜜罐·十	蜜罐·十	Honeypot X	ハニーポットⅩ	허니X	โถน้ำผึ้ง·10
2233001	233	1	0	94331;94332			300;300;200	0;0;0	8;12;0	4100032;5112001;4105023;3000003	5;50;5;50000					1	困难·蜜罐·一	困難·蜜罐·一	Hard (Honeypot) I	困難・ハニーポットⅠ	허니·하드I 	ยาก·โถน้ำผึ้ง·1
2233002	233	2	0	94333;94334			300;300;200	0;0;0	8;12;0	4100032;5112001;4105023;3000003	5;55;5;60000					1	困难·蜜罐·二	困難·蜜罐·二	Hard (Honeypot) II	困難・ハニーポットⅡ	허니·하드II 	ยาก·โถน้ำผึ้ง·2
2233003	233	3	0	94335;94336			300;300;200	0;0;0	8;12;0	4100032;5112001;4105023;3000003	5;60;5;70000					1	困难·蜜罐·三	困難·蜜罐·三	Hard (Honeypot) III	困難・ハニーポットⅢ	허니·하드III 	ยาก·โถน้ำผึ้ง·3
2233004	233	4	0	94337;94338			300;300;200	0;0;0	8;12;0	4100032;5112001;4105023;3000003	5;65;10;80000					1	困难·蜜罐·四	困難·蜜罐·四	Hard (Honeypot) IV	困難・ハニーポットⅣ	허니·하드IV	ยาก·โถน้ำผึ้ง·4
2233005	233	5	0	94339;94340			300;300;200	0;0;0	8;12;0	4100032;5112001;4105023;3000003	5;70;10;90000					1	困难·蜜罐·五	困難·蜜罐·五	Hard (Honeypot) V	困難・ハニーポットⅤ	허니·하드V	ยาก·โถน้ำผึ้ง·5
2233006	233	6	0	94341;94342			300;300;200	0;0;0	8;12;0	4100032;5112001;4105023;3000003	5;75;10;100000					1	困难·蜜罐·六	困難·蜜罐·六	Hard (Honeypot) VI	困難・ハニーポットⅥ	허니·하드VI 	ยาก·โถน้ำผึ้ง·6
2233007	233	7	2233006	94343;94344			300;300;200	0;0;0	8;12;0	4100032;5112001;4105023;3000003	5;80;20;110000					1	困难·蜜罐·七	困難·蜜罐·七	Hard (Honeypot) VII	困難・ハニーポットⅦ	허니·하드VII 	ยาก·โถน้ำผึ้ง·7
2233008	233	8	2233007	94345;94346			300;300;200	0;0;0	8;12;0	4100032;5112001;4105023;3000003	5;85;20;120000					1	困难·蜜罐·八	困難·蜜罐·八	Hard (Honeypot) VIII	困難・ハニーポットⅧ	허니·하드VIII 	ยาก·โถน้ำผึ้ง·8
2233009	233	9	2233008	94347;94348			300;300;200	0;0;0	12;18;0	4100032;5112001;4105023;3000003	5;90;20;130000					1	困难·蜜罐·九	困難·蜜罐·九	Hard (Honeypot) IX	困難・ハニーポットⅨ	허니·하드IX	ยาก·โถน้ำผึ้ง·9
2233010	233	10	2233009	94349;94350			300;300;200	0;0;0	12;18;0	4100032;5112001;4105023;3000003	5;100;30;150000					1	困难·蜜罐·十	困難·蜜罐·十	Hard (Honeypot) X	困難・ハニーポットⅩ	허니·하드X	ยาก·โถน้ำผึ้ง·10
2333001	333	1	0	94361;94362			300;300;200	0;0;0	8;12;0	4100032;5112001;4105023;3000003	5;50;5;50000					1	绝境·蜜罐·一	絕境·蜜罐·一	Abyssal (Honeypot) I	絶境・ハニーポットⅠ	허니·인페르노I 	วิกฤต·โถน้ำผึ้ง·1
2333002	333	2	0	94363;94364			300;300;200	0;0;0	8;12;0	4100032;5112001;4105023;3000003	5;55;5;60000					1	绝境·蜜罐·二	絕境·蜜罐·二	Abyssal (Honeypot) II	絶境・ハニーポットⅡ	허니·인페르노II 	วิกฤต·โถน้ำผึ้ง·2
2333003	333	3	0	94365;94366			300;300;200	0;0;0	8;12;0	4100032;5112001;4105023;3000003	5;60;5;70000					1	绝境·蜜罐·三	絕境·蜜罐·三	Abyssal (Honeypot) III	絶境・ハニーポットⅢ	허니·인페르노III 	วิกฤต·โถน้ำผึ้ง·3
2333004	333	4	0	94367;94368			300;300;200	0;0;0	8;12;0	4100032;5112001;4105023;3000003	5;65;10;80000					1	绝境·蜜罐·四	絕境·蜜罐·四	Abyssal (Honeypot) IV	絶境・ハニーポットⅣ	허니·인페르노IV	วิกฤต·โถน้ำผึ้ง·4
2333005	333	5	0	94369;94370			300;300;200	0;0;0	8;12;0	4100032;5112001;4105023;3000003	5;70;10;90000					1	绝境·蜜罐·五	絕境·蜜罐·五	Abyssal (Honeypot) V	絶境・ハニーポットⅤ	허니·인페르노V	วิกฤต·โถน้ำผึ้ง·5
2333006	333	6	0	94371;94372			300;300;200	0;0;0	8;12;0	4100032;5112001;4105023;3000003	5;75;10;100000					1	绝境·蜜罐·六	絕境·蜜罐·六	Abyssal (Honeypot) VI	絶境・ハニーポットⅥ	허니·인페르노VI 	วิกฤต·โถน้ำผึ้ง·6
2333007	333	7	2333006	94373;94374			300;300;200	0;0;0	8;12;0	4100032;5112001;4105023;3000003	5;80;20;110000					1	绝境·蜜罐·七	絕境·蜜罐·七	Abyssal (Honeypot) VII	絶境・ハニーポットⅦ	허니·인페르노VII 	วิกฤต·โถน้ำผึ้ง·7
2333008	333	8	2333007	94375;94376			300;300;200	0;0;0	8;12;0	4100032;5112001;4105023;3000003	5;85;20;120000					1	绝境·蜜罐·八	絕境·蜜罐·八	Abyssal (Honeypot) VIII	絶境・ハニーポットⅧ	허니·인페르노VIII 	วิกฤต·โถน้ำผึ้ง·8
2333009	333	9	2333008	94377;94378			300;300;200	0;0;0	12;18;0	4100032;5112001;4105023;3000003	5;90;20;130000					1	绝境·蜜罐·九	絕境·蜜罐·九	Abyssal (Honeypot) IX	絶境・ハニーポットⅨ	허니·인페르노IX	วิกฤต·โถน้ำผึ้ง·9
2333010	333	10	2333009	94379;94380			300;300;200	0;0;0	12;18;0	4100032;5112001;4105023;3000003	5;100;30;150000					1	绝境·蜜罐·十	絕境·蜜罐·十	Abyssal (Honeypot) X	絶境・ハニーポットⅩ	허니·인페르노X	วิกฤต·โถน้ำผึ้ง·10
2132001	132	1	0	94201;94202			300;300;200	0;0;0	8;12;0	4100032;5112001;4105023;3000003	2;20;1;5000					1	幻灭·一	幻滅·一	Evanescence I	幻滅Ⅰ	환멸·1	ดับสูญ·1
2132002	132	2	0	94203;94204			300;300;200	0;0;0	8;12;0	4100032;5112001;4105023;3000003	2;25;2;10000					1	幻灭·二	幻滅·二	Evanescence II	幻滅Ⅱ	환멸·2	ดับสูญ·2
2132003	132	3	0	94205;94206			300;300;200	0;0;0	8;12;0	4100032;5112001;4105023;3000003	2;30;3;15000					1	幻灭·三	幻滅·三	Evanescence III	幻滅Ⅲ	환멸·3	ดับสูญ·3
2132004	132	4	0	94207;94208			300;300;200	0;0;0	8;12;0	4100032;5112001;4105023;3000003	2;35;4;20000					1	幻灭·四	幻滅·四	Evanescence IV	幻滅Ⅳ	환멸·4	ดับสูญ·4
2132005	132	5	0	94209;94210			300;300;200	0;0;0	8;12;0	4100032;5112001;4105023;3000003	2;40;5;25000					1	幻灭·五	幻滅·五	Evanescence V	幻滅Ⅴ	환멸·5	ดับสูญ·5
2132006	132	6	0	94211;94212			300;300;200	0;0;0	8;12;0	4100032;5112001;4105023;3000003	2;45;6;30000					1	幻灭·六	幻滅·六	Evanescence VI	幻滅Ⅵ	환멸·6	ดับสูญ·6
2132007	132	7	0	94213;94214			300;300;200	0;0;0	8;12;0	4100032;5112001;4105023;3000003	2;50;7;35000					1	幻灭·七	幻滅·七	Evanescence VII	幻滅Ⅶ	환멸·7	ดับสูญ·7
2132008	132	8	0	94215;94216			300;300;200	0;0;0	8;12;0	4100032;5112001;4105023;3000003	2;55;8;40000					1	幻灭·八	幻滅·八	Evanescence VIII	幻滅Ⅷ	환멸·8	ดับสูญ·8
2132009	132	9	0	94217;94218			300;300;200	0;0;0	12;18;0	4100032;5112001;4105023;3000003	2;60;9;45000					1	幻灭·九	幻滅·九	Evanescence IX	幻滅Ⅸ	환멸·9	ดับสูญ·9
2132010	132	10	2132009	94219;94220			300;300;200	0;0;0	12;18;0	4100032;5112001;4105023;3000003	2;70;10;50000					1	幻灭·十	幻滅·十	Evanescence X	幻滅Ⅹ	환멸·10	ดับสูญ·10
2232001	232	1	0	94231;94232			300;300;200	0;0;0	8;12;0	4100032;5112001;4105023;3000003	5;50;5;50000					1	困难·幻灭·一	困難·幻滅·一	Hard (Evanescence) I	困難・幻滅Ⅰ	어려움·환멸·1	ยาก·ดับสูญ·1
2232002	232	2	0	94233;94234			300;300;200	0;0;0	8;12;0	4100032;5112001;4105023;3000003	5;55;5;60000					1	困难·幻灭·二	困難·幻滅·二	Hard (Evanescence) II	困難・幻滅Ⅱ	어려움·환멸·2	ยาก·ดับสูญ·2
2232003	232	3	0	94235;94236			300;300;200	0;0;0	8;12;0	4100032;5112001;4105023;3000003	5;60;5;70000					1	困难·幻灭·三	困難·幻滅·三	Hard (Evanescence) III	困難・幻滅Ⅲ	어려움·환멸·3	ยาก·ดับสูญ·3
2232004	232	4	0	94237;94238			300;300;200	0;0;0	8;12;0	4100032;5112001;4105023;3000003	5;65;10;80000					1	困难·幻灭·四	困難·幻滅·四	Hard (Evanescence) IV	困難・幻滅Ⅳ	어려움·환멸·4	ยาก·ดับสูญ·4
2232005	232	5	0	94239;94240			300;300;200	0;0;0	8;12;0	4100032;5112001;4105023;3000003	5;70;10;90000					1	困难·幻灭·五	困難·幻滅·五	Hard (Evanescence) V	困難・幻滅Ⅴ	어려움·환멸·5	ยาก·ดับสูญ·5
2232006	232	6	0	94241;94242			300;300;200	0;0;0	8;12;0	4100032;5112001;4105023;3000003	5;75;10;100000					1	困难·幻灭·六	困難·幻滅·六	Hard (Evanescence) VI	困難・幻滅Ⅵ	어려움·환멸·6	ยาก·ดับสูญ·6
2232007	232	7	2232006	94243;94244			300;300;200	0;0;0	8;12;0	4100032;5112001;4105023;3000003	5;80;20;110000					1	困难·幻灭·七	困難·幻滅·七	Hard (Evanescence) VII	困難・幻滅Ⅶ	어려움·환멸·7	ยาก·ดับสูญ·7
2232008	232	8	2232007	94245;94246			300;300;200	0;0;0	8;12;0	4100032;5112001;4105023;3000003	5;85;20;120000					1	困难·幻灭·八	困難·幻滅·八	Hard (Evanescence) VIII	困難・幻滅Ⅷ	어려움·환멸·8	ยาก·ดับสูญ·8
2232009	232	9	2232008	94247;94248			300;300;200	0;0;0	12;18;0	4100032;5112001;4105023;3000003	5;90;20;130000					1	困难·幻灭·九	困難·幻滅·九	Hard (Evanescence) IX	困難・幻滅Ⅸ	어려움·환멸·9	ยาก·ดับสูญ·9
2232010	232	10	2232009	94249;94250			300;300;200	0;0;0	12;18;0	4100032;5112001;4105023;3000003	5;100;30;150000					1	困难·幻灭·十	困難·幻滅·十	Hard (Evanescence) X	困難・幻滅Ⅹ	어려움·환멸·10	ยาก·ดับสูญ·10
2332001	332	1	0	94261;94262			300;300;200	0;0;0	8;12;0	4100032;5112001;4105023;3000003	5;50;5;50000					1	绝境·幻灭·一	絕境·幻滅·一	Abyssal (Evanescence) I	絶境・幻滅Ⅰ	절경·환멸·1	วิกฤต·ดับสูญ·1
2332002	332	2	0	94263;94264			300;300;200	0;0;0	8;12;0	4100032;5112001;4105023;3000003	5;55;5;60000					1	绝境·幻灭·二	絕境·幻滅·二	Abyssal (Evanescence) II	絶境・幻滅Ⅱ	절경·환멸·2	วิกฤต·ดับสูญ·2
2332003	332	3	0	94265;94266			300;300;200	0;0;0	8;12;0	4100032;5112001;4105023;3000003	5;60;5;70000					1	绝境·幻灭·三	絕境·幻滅·三	Abyssal (Evanescence) III	絶境・幻滅Ⅲ	절경·환멸·3	วิกฤต·ดับสูญ·3
2332004	332	4	0	94267;94268			300;300;200	0;0;0	8;12;0	4100032;5112001;4105023;3000003	5;65;10;80000					1	绝境·幻灭·四	絕境·幻滅·四	Abyssal (Evanescence) IV	絶境・幻滅Ⅳ	절경·환멸·4	วิกฤต·ดับสูญ·4
2332005	332	5	0	94269;94270			300;300;200	0;0;0	8;12;0	4100032;5112001;4105023;3000003	5;70;10;90000					1	绝境·幻灭·五	絕境·幻滅·五	Abyssal (Evanescence) V	絶境・幻滅Ⅴ	절경·환멸·5	วิกฤต·ดับสูญ·5
2332006	332	6	0	94271;94272			300;300;200	0;0;0	8;12;0	4100032;5112001;4105023;3000003	5;75;10;100000					1	绝境·幻灭·六	絕境·幻滅·六	Abyssal (Evanescence) VI	絶境・幻滅Ⅵ	절경·환멸·6	วิกฤต·ดับสูญ·6
2332007	332	7	2332006	94273;94274			300;300;200	0;0;0	8;12;0	4100032;5112001;4105023;3000003	5;80;20;110000					1	绝境·幻灭·七	絕境·幻滅·七	Abyssal (Evanescence) VII	絶境・幻滅Ⅶ	절경·환멸·7	วิกฤต·ดับสูญ·7
2332008	332	8	2332007	94275;94276			300;300;200	0;0;0	8;12;0	4100032;5112001;4105023;3000003	5;85;20;120000					1	绝境·幻灭·八	絕境·幻滅·八	Abyssal (Evanescence) VIII	絶境・幻滅Ⅷ	절경·환멸·8	วิกฤต·ดับสูญ·8
2332009	332	9	2332008	94277;94278			300;300;200	0;0;0	12;18;0	4100032;5112001;4105023;3000003	5;90;20;130000					1	绝境·幻灭·九	絕境·幻滅·九	Abyssal (Evanescence) IX	絶境・幻滅Ⅸ	절경·환멸·9	วิกฤต·ดับสูญ·9
2332010	332	10	2332009	94279;94280			300;300;200	0;0;0	12;18;0	4100032;5112001;4105023;3000003	5;100;30;150000					1	绝境·幻灭·十	絕境·幻滅·十	Abyssal (Evanescence) X	絶境・幻滅Ⅹ	절경·환멸·10	วิกฤต·ดับสูญ·10
2432001	432	1	0	94281;94282			300;300;200	0;0;0	12;18;0	4100032;5112001;4105023;3000003	5;50;5;50000					1	纯黑之界·幻灭·一	純黑之界·幻滅·一	Abyssal Realm (Evanescence) 1	純黒ノ境・幻滅Ⅰ	순흑의 경계·환멸I	ดินแดนทมิฬ·ดับสูญ·1
2432002	432	2	2432001	94283;94284			300;300;200	0;0;0	12;18;0	4100032;5112001;4105023;3000003	5;55;5;60000					1	纯黑之界·幻灭·二	純黑之界·幻滅·二	Abyssal Realm (Evanescence) 2	純黒ノ境・幻滅Ⅱ	순흑의 경계·환멸II	ดินแดนทมิฬ·ดับสูญ·2
2432003	432	3	2432002	94285;94286						4100032;5112001;4105023;3000003	5;60;5;70000					1	纯黑之界·幻灭·三	純黑之界·幻滅·三	Abyssal Realm (Evanescence) 3	純黒ノ境・幻滅Ⅲ	순흑의 경계·환멸III	ดินแดนทมิฬ·ดับสูญ·3
2134001	134	1	0	94401;94402			300;300;200	0;0;0	8;12;0	4100032;5112001;4105023;3000003	2;20;1;5000					1	黄梁·一	黃梁·一	Phantasm I	白昼夢Ⅰ	와이드I 	โกลเด้นดรีม·1
2134002	134	2	0	94403;94404			300;300;200	0;0;0	8;12;0	4100032;5112001;4105023;3000003	2;25;2;10000					1	黄梁·二	黃梁·二	Phantasm II	白昼夢Ⅱ	와이드II	โกลเด้นดรีม·2
2134003	134	3	0	94405;94406			300;300;200	0;0;0	8;12;0	4100032;5112001;4105023;3000003	2;30;3;15000					1	黄梁·三	黃梁·三	Phantasm III	白昼夢Ⅲ	와이드III	โกลเด้นดรีม·3
2134004	134	4	0	94407;94408			300;300;200	0;0;0	8;12;0	4100032;5112001;4105023;3000003	2;35;4;20000					1	黄梁·四	黃梁·四	Phantasm IV	白昼夢Ⅳ	와이드IV	โกลเด้นดรีม·4
2134005	134	5	0	94409;94410			300;300;200	0;0;0	8;12;0	4100032;5112001;4105023;3000003	2;40;5;25000					1	黄梁·五	黃梁·五	Phantasm V	白昼夢Ⅴ	와이드V	โกลเด้นดรีม·5
2134006	134	6	0	94411;94412			300;300;200	0;0;0	8;12;0	4100032;5112001;4105023;3000003	2;45;6;30000					1	黄梁·六	黃梁·六	Phantasm VI	白昼夢Ⅵ	와이드VI 	โกลเด้นดรีม·6
2134007	134	7	0	94413;94414			300;300;200	0;0;0	8;12;0	4100032;5112001;4105023;3000003	2;50;7;35000					1	黄梁·七	黃梁·七	Phantasm VII	白昼夢Ⅶ	와이드VII	โกลเด้นดรีม·7
2134008	134	8	0	94415;94416			300;300;200	0;0;0	8;12;0	4100032;5112001;4105023;3000003	2;55;8;40000					1	黄梁·八	黃梁·八	Phantasm VII	白昼夢Ⅷ	와이드VIII	โกลเด้นดรีม·8
2134009	134	9	0	94417;94418			300;300;200	0;0;0	12;18;0	4100032;5112001;4105023;3000003	2;60;9;45000					1	黄梁·九	黃梁·九	Phantasm IX	白昼夢Ⅸ	와이드IX	โกลเด้นดรีม·9
2134010	134	10	2134009	94419;94420			300;300;200	0;0;0	12;18;0	4100032;5112001;4105023;3000003	2;70;10;50000					1	黄梁·十	黃梁·十	Phantasm X	白昼夢Ⅹ	와이드X	โกลเด้นดรีม·10
2234001	234	1	0	94431;94432			300;300;200	0;0;0	8;12;0	4100032;5112001;4105023;3000003	5;50;5;50000					1	困难·黄梁·一	困難·黃梁·一	Hard (Phantasm) I	困難・白昼夢Ⅰ	와이드·하드I 	ยาก·โกลเด้นดรีม·1
2234002	234	2	0	94433;94434			300;300;200	0;0;0	8;12;0	4100032;5112001;4105023;3000003	5;55;5;60000					1	困难·黄梁·二	困難·黃梁·二	Hard (Phantasm) II	困難・白昼夢Ⅱ	와이드·하드II 	ยาก·โกลเด้นดรีม·2
2234003	234	3	0	94435;94436			300;300;200	0;0;0	8;12;0	4100032;5112001;4105023;3000003	5;60;5;70000					1	困难·黄梁·三	困難·黃梁·三	Hard (Phantasm) III	困難・白昼夢Ⅲ	와이드·하드III 	ยาก·โกลเด้นดรีม·3
2234004	234	4	0	94437;94438			300;300;200	0;0;0	8;12;0	4100032;5112001;4105023;3000003	5;65;10;80000					1	困难·黄梁·四	困難·黃梁·四	Hard (Phantasm) IV	困難・白昼夢Ⅳ	와이드·하드IV	ยาก·โกลเด้นดรีม·4
2234005	234	5	0	94439;94440			300;300;200	0;0;0	8;12;0	4100032;5112001;4105023;3000003	5;70;10;90000					1	困难·黄梁·五	困難·黃梁·五	Hard (Phantasm) V	困難・白昼夢Ⅴ	와이드·하드V	ยาก·โกลเด้นดรีม·5
2234006	234	6	0	94441;94442			300;300;200	0;0;0	8;12;0	4100032;5112001;4105023;3000003	5;75;10;100000					1	困难·黄梁·六	困難·黃梁·六	Hard (Phantasm) VI	困難・白昼夢Ⅵ	와이드·하드VI 	ยาก·โกลเด้นดรีม·6
2234007	234	7	2234006	94443;94444			300;300;200	0;0;0	8;12;0	4100032;5112001;4105023;3000003	5;80;20;110000					1	困难·黄梁·七	困難·黃梁·七	Hard (Phantasm) VII	困難・白昼夢Ⅶ	와이드·하드VII 	ยาก·โกลเด้นดรีม·7
2234008	234	8	2234007	94445;94446			300;300;200	0;0;0	8;12;0	4100032;5112001;4105023;3000003	5;85;20;120000					1	困难·黄梁·八	困難·黃梁·八	Hard (Phantasm) VIII	困難・白昼夢Ⅷ	와이드·하드VIII 	ยาก·โกลเด้นดรีม·8
2234009	234	9	2234008	94447;94448			300;300;200	0;0;0	12;18;0	4100032;5112001;4105023;3000003	5;90;20;130000					1	困难·黄梁·九	困難·黃梁·九	Hard (Phantasm) IX	困難・白昼夢Ⅸ	와이드·하드IX	ยาก·โกลเด้นดรีม·9
2234010	234	10	2234009	94449;94450			300;300;200	0;0;0	12;18;0	4100032;5112001;4105023;3000003	5;100;30;150000					1	困难·黄梁·十	困難·黃梁·十	Hard (Phantasm) X	困難・白昼夢Ⅹ	와이드·하드X	ยาก·โกลเด้นดรีม·10
2334001	334	1	0	94461;94462			300;300;200	0;0;0	8;12;0	4100032;5112001;4105023;3000003	5;50;5;50000					1	绝境·黄梁·一	絕境·黃梁·一	Abyssal (Phantasm) I	絶境・白昼夢Ⅰ	와이드·인페르노I 	วิกฤต·โกลเด้นดรีม·1
2334002	334	2	0	94463;94464			300;300;200	0;0;0	8;12;0	4100032;5112001;4105023;3000003	5;55;5;60000					1	绝境·黄梁·二	絕境·黃梁·二	Abyssal (Phantasm) II	絶境・白昼夢Ⅱ	와이드·인페르노II 	วิกฤต·โกลเด้นดรีม·2
2334003	334	3	0	94465;94466			300;300;200	0;0;0	8;12;0	4100032;5112001;4105023;3000003	5;60;5;70000					1	绝境·黄梁·三	絕境·黃梁·三	Abyssal (Phantasm) III	絶境・白昼夢Ⅲ	와이드·인페르노III 	วิกฤต·โกลเด้นดรีม·3
2334004	334	4	0	94467;94468			300;300;200	0;0;0	8;12;0	4100032;5112001;4105023;3000003	5;65;10;80000					1	绝境·黄梁·四	絕境·黃梁·四	Abyssal (Phantasm) IV	絶境・白昼夢Ⅳ	와이드·인페르노IV	วิกฤต·โกลเด้นดรีม·4
2334005	334	5	0	94469;94470			300;300;200	0;0;0	8;12;0	4100032;5112001;4105023;3000003	5;70;10;90000					1	绝境·黄梁·五	絕境·黃梁·五	Abyssal (Phantasm) V	絶境・白昼夢Ⅴ	와이드·인페르노V	วิกฤต·โกลเด้นดรีม·5
2334006	334	6	0	94471;94472			300;300;200	0;0;0	8;12;0	4100032;5112001;4105023;3000003	5;75;10;100000					1	绝境·黄梁·六	絕境·黃梁·六	Abyssal (Phantasm) VI	絶境・白昼夢Ⅵ	와이드·인페르노VI 	วิกฤต·โกลเด้นดรีม·6
2334007	334	7	2334006	94473;94474			300;300;200	0;0;0	8;12;0	4100032;5112001;4105023;3000003	5;80;20;110000					1	绝境·黄梁·七	絕境·黃梁·七	Abyssal (Phantasm) VII	絶境・白昼夢Ⅶ	와이드·인페르노VII 	วิกฤต·โกลเด้นดรีม·7
2334008	334	8	2334007	94475;94476			300;300;200	0;0;0	8;12;0	4100032;5112001;4105023;3000003	5;85;20;120000					1	绝境·黄梁·八	絕境·黃梁·八	Abyssal (Phantasm) VIII	絶境・白昼夢Ⅷ	와이드·인페르노VIII 	วิกฤต·โกลเด้นดรีม·8
2334009	334	9	2334008	94477;94478			300;300;200	0;0;0	12;18;0	4100032;5112001;4105023;3000003	5;90;20;130000					1	绝境·黄梁·九	絕境·黃梁·九	Abyssal (Phantasm) IX	絶境・白昼夢Ⅸ	와이드·인페르노IX	วิกฤต·โกลเด้นดรีม·9
2334010	334	10	2334009	94479;94480			300;300;200	0;0;0	12;18;0	4100032;5112001;4105023;3000003	5;100;30;150000					1	绝境·黄梁·十	絕境·黃梁·十	Abyssal (Phantasm) X	絶境・白昼夢Ⅹ	와이드·인페르노X	วิกฤต·โกลเด้นดรีม·10
2434001	434	1	0	94481;94482			300;300;200	0;0;0	12;18;0	4100032;5112001;4105023;3000003	5;50;5;50000					1	纯黑之界·黄梁·一	純黑之界·黃梁·一	Abyssal Realm (Phantasm) I	純黒ノ境・白昼夢Ⅰ	와이드·인페르노I 	ดินแดนทมิฬ·โกลเด้นดรีม·1
2434002	434	2	2434001	94483;94484			300;300;200	0;0;0	12;18;0	4100032;5112001;4105023;3000003	5;55;5;60000					1	纯黑之界·黄梁·二	純黑之界·黃梁·二	Abyssal Realm (Phantasm) II	純黒ノ境・白昼夢Ⅱ	와이드·인페르노II 	ดินแดนทมิฬ·โกลเด้นดรีม·2
2434003	434	3	2434002	94485;94486						4100032;5112001;4105023;3000003	5;60;5;70000					1	纯黑之界·黄梁·三	純黑之界·黃梁·三	Abyssal Realm (Phantasm) III	純黒ノ境・白昼夢Ⅲ	와이드·인페르노III 	ดินแดนทมิฬ·โกลเด้นดรีม·3
2135001	135	1	0	94501;94502			300;300;200	0;0;0	8;12;0	4100032;5112001;4105023;3000003	2;20;1;5000					1	黄梁·一	黃梁·一	Phantasm I	白昼夢Ⅰ	와이드I 	โกลเด้นดรีม·1
2135002	135	2	0	94503;94504			300;300;200	0;0;0	8;12;0	4100032;5112001;4105023;3000003	2;25;2;10000					1	黄梁·二	黃梁·二	Phantasm II	白昼夢Ⅱ	와이드II	โกลเด้นดรีม·2
2135003	135	3	0	94505;94506			300;300;200	0;0;0	8;12;0	4100032;5112001;4105023;3000003	2;30;3;15000					1	黄梁·三	黃梁·三	Phantasm III	白昼夢Ⅲ	와이드III	โกลเด้นดรีม·3
2135004	135	4	0	94507;94508			300;300;200	0;0;0	8;12;0	4100032;5112001;4105023;3000003	2;35;4;20000					1	黄梁·四	黃梁·四	Phantasm IV	白昼夢Ⅳ	와이드IV	โกลเด้นดรีม·4
2135005	135	5	0	94509;94510			300;300;200	0;0;0	8;12;0	4100032;5112001;4105023;3000003	2;40;5;25000					1	黄梁·五	黃梁·五	Phantasm V	白昼夢Ⅴ	와이드V	โกลเด้นดรีม·5
2135006	135	6	0	94511;94512			300;300;200	0;0;0	8;12;0	4100032;5112001;4105023;3000003	2;45;6;30000					1	黄梁·六	黃梁·六	Phantasm VI	白昼夢Ⅵ	와이드VI 	โกลเด้นดรีม·6
2135007	135	7	0	94513;94514			300;300;200	0;0;0	8;12;0	4100032;5112001;4105023;3000003	2;50;7;35000					1	黄梁·七	黃梁·七	Phantasm VII	白昼夢Ⅶ	와이드VII	โกลเด้นดรีม·7
2135008	135	8	0	94515;94516			300;300;200	0;0;0	8;12;0	4100032;5112001;4105023;3000003	2;55;8;40000					1	黄梁·八	黃梁·八	Phantasm VII	白昼夢Ⅷ	와이드VIII	โกลเด้นดรีม·8
2135009	135	9	0	94517;94518			300;300;200	0;0;0	12;18;0	4100032;5112001;4105023;3000003	2;60;9;45000					1	黄梁·九	黃梁·九	Phantasm IX	白昼夢Ⅸ	와이드IX	โกลเด้นดรีม·9
2135010	135	10	2135009	94519;94520			300;300;200	0;0;0	12;18;0	4100032;5112001;4105023;3000003	2;70;10;50000					1	黄梁·十	黃梁·十	Phantasm X	白昼夢Ⅹ	와이드X	โกลเด้นดรีม·10
2235001	235	1	0	94531;94532			300;300;200	0;0;0	8;12;0	4100032;5112001;4105023;3000003	5;50;5;50000					1	困难·黄梁·一	困難·黃梁·一	Hard (Phantasm) I	困難・白昼夢Ⅰ	와이드·하드I 	ยาก·โกลเด้นดรีม·1
2235002	235	2	0	94533;94534			300;300;200	0;0;0	8;12;0	4100032;5112001;4105023;3000003	5;55;5;60000					1	困难·黄梁·二	困難·黃梁·二	Hard (Phantasm) II	困難・白昼夢Ⅱ	와이드·하드II 	ยาก·โกลเด้นดรีม·2
2235003	235	3	0	94535;94536			300;300;200	0;0;0	8;12;0	4100032;5112001;4105023;3000003	5;60;5;70000					1	困难·黄梁·三	困難·黃梁·三	Hard (Phantasm) III	困難・白昼夢Ⅲ	와이드·하드III 	ยาก·โกลเด้นดรีม·3
2235004	235	4	0	94537;94538			300;300;200	0;0;0	8;12;0	4100032;5112001;4105023;3000003	5;65;10;80000					1	困难·黄梁·四	困難·黃梁·四	Hard (Phantasm) IV	困難・白昼夢Ⅳ	와이드·하드IV	ยาก·โกลเด้นดรีม·4
2235005	235	5	0	94539;94540			300;300;200	0;0;0	8;12;0	4100032;5112001;4105023;3000003	5;70;10;90000					1	困难·黄梁·五	困難·黃梁·五	Hard (Phantasm) V	困難・白昼夢Ⅴ	와이드·하드V	ยาก·โกลเด้นดรีม·5
2235006	235	6	0	94541;94542			300;300;200	0;0;0	8;12;0	4100032;5112001;4105023;3000003	5;75;10;100000					1	困难·黄梁·六	困難·黃梁·六	Hard (Phantasm) VI	困難・白昼夢Ⅵ	와이드·하드VI 	ยาก·โกลเด้นดรีม·6
2235007	235	7	2235006	94543;94544			300;300;200	0;0;0	8;12;0	4100032;5112001;4105023;3000003	5;80;20;110000					1	困难·黄梁·七	困難·黃梁·七	Hard (Phantasm) VII	困難・白昼夢Ⅶ	와이드·하드VII 	ยาก·โกลเด้นดรีม·7
2235008	235	8	2235007	94545;94546			300;300;200	0;0;0	8;12;0	4100032;5112001;4105023;3000003	5;85;20;120000					1	困难·黄梁·八	困難·黃梁·八	Hard (Phantasm) VIII	困難・白昼夢Ⅷ	와이드·하드VIII 	ยาก·โกลเด้นดรีม·8
2235009	235	9	2235008	94547;94548			300;300;200	0;0;0	12;18;0	4100032;5112001;4105023;3000003	5;90;20;130000					1	困难·黄梁·九	困難·黃梁·九	Hard (Phantasm) IX	困難・白昼夢Ⅸ	와이드·하드IX	ยาก·โกลเด้นดรีม·9
2235010	235	10	2235009	94549;94550			300;300;200	0;0;0	12;18;0	4100032;5112001;4105023;3000003	5;100;30;150000					1	困难·黄梁·十	困難·黃梁·十	Hard (Phantasm) X	困難・白昼夢Ⅹ	와이드·하드X	ยาก·โกลเด้นดรีม·10
2335001	335	1	0	94561;94562			300;300;200	0;0;0	8;12;0	4100032;5112001;4105023;3000003	5;50;5;50000					1	绝境·黄梁·一	絕境·黃梁·一	Abyssal (Phantasm) I	絶境・白昼夢Ⅰ	와이드·인페르노I 	วิกฤต·โกลเด้นดรีม·1
2335002	335	2	0	94563;94564			300;300;200	0;0;0	8;12;0	4100032;5112001;4105023;3000003	5;55;5;60000					1	绝境·黄梁·二	絕境·黃梁·二	Abyssal (Phantasm) II	絶境・白昼夢Ⅱ	와이드·인페르노II 	วิกฤต·โกลเด้นดรีม·2
2335003	335	3	0	94565;94566			300;300;200	0;0;0	8;12;0	4100032;5112001;4105023;3000003	5;60;5;70000					1	绝境·黄梁·三	絕境·黃梁·三	Abyssal (Phantasm) III	絶境・白昼夢Ⅲ	와이드·인페르노III 	วิกฤต·โกลเด้นดรีม·3
2335004	335	4	0	94567;94568			300;300;200	0;0;0	8;12;0	4100032;5112001;4105023;3000003	5;65;10;80000					1	绝境·黄梁·四	絕境·黃梁·四	Abyssal (Phantasm) IV	絶境・白昼夢Ⅳ	와이드·인페르노IV	วิกฤต·โกลเด้นดรีม·4
2335005	335	5	0	94569;94570			300;300;200	0;0;0	8;12;0	4100032;5112001;4105023;3000003	5;70;10;90000					1	绝境·黄梁·五	絕境·黃梁·五	Abyssal (Phantasm) V	絶境・白昼夢Ⅴ	와이드·인페르노V	วิกฤต·โกลเด้นดรีม·5
2335006	335	6	0	94571;94572			300;300;200	0;0;0	8;12;0	4100032;5112001;4105023;3000003	5;75;10;100000					1	绝境·黄梁·六	絕境·黃梁·六	Abyssal (Phantasm) VI	絶境・白昼夢Ⅵ	와이드·인페르노VI 	วิกฤต·โกลเด้นดรีม·6
2335007	335	7	2335006	94573;94574			300;300;200	0;0;0	8;12;0	4100032;5112001;4105023;3000003	5;80;20;110000					1	绝境·黄梁·七	絕境·黃梁·七	Abyssal (Phantasm) VII	絶境・白昼夢Ⅶ	와이드·인페르노VII 	วิกฤต·โกลเด้นดรีม·7
2335008	335	8	2335007	94575;94576			300;300;200	0;0;0	8;12;0	4100032;5112001;4105023;3000003	5;85;20;120000					1	绝境·黄梁·八	絕境·黃梁·八	Abyssal (Phantasm) VIII	絶境・白昼夢Ⅷ	와이드·인페르노VIII 	วิกฤต·โกลเด้นดรีม·8
2335009	335	9	2335008	94577;94578			300;300;200	0;0;0	12;18;0	4100032;5112001;4105023;3000003	5;90;20;130000					1	绝境·黄梁·九	絕境·黃梁·九	Abyssal (Phantasm) IX	絶境・白昼夢Ⅸ	와이드·인페르노IX	วิกฤต·โกลเด้นดรีม·9
2335010	335	10	2335009	94579;94580			300;300;200	0;0;0	12;18;0	4100032;5112001;4105023;3000003	5;100;30;150000					1	绝境·黄梁·十	絕境·黃梁·十	Abyssal (Phantasm) X	絶境・白昼夢Ⅹ	와이드·인페르노X	วิกฤต·โกลเด้นดรีม·10
2435001	435	1	0	94581;94582			300;300;200	0;0;0	12;18;0	4100032;5112001;4105023;3000003	5;50;5;50000					1	纯黑之界·黄梁·一	純黑之界·黃梁·一	Abyssal Realm (Phantasm) I	純黒ノ境・白昼夢Ⅰ	와이드·인페르노I 	ดินแดนทมิฬ·โกลเด้นดรีม·1
2435002	435	2	2435001	94583;94584			300;300;200	0;0;0	12;18;0	4100032;5112001;4105023;3000003	5;55;5;60000					1	纯黑之界·黄梁·二	純黑之界·黃梁·二	Abyssal Realm (Phantasm) II	純黒ノ境・白昼夢Ⅱ	와이드·인페르노II 	ดินแดนทมิฬ·โกลเด้นดรีม·2
2435003	435	3	2435002	94585;94586						4100032;5112001;4105023;3000003	5;60;5;70000					1	纯黑之界·黄梁·三	純黑之界·黃梁·三	Abyssal Realm (Phantasm) III	純黒ノ境・白昼夢Ⅲ	와이드·인페르노III 	ดินแดนทมิฬ·โกลเด้นดรีม·3
2136001	136	1	0	94601;94602			300;300;200	0;0;0	8;12;0	4100032;5112001;4105023;3000003	2;20;1;5000					1	欲妄·一	欲妄·一	Blind Folly I	妄執Ⅰ	디자이어I 	ลวงตา·1
2136002	136	2	0	94603;94604			300;300;200	0;0;0	8;12;0	4100032;5112001;4105023;3000003	2;25;2;10000					1	欲妄·二	欲妄·二	Blind Folly II	妄執Ⅱ	디자이어II 	ลวงตา·2
2136003	136	3	0	94605;94606			300;300;200	0;0;0	8;12;0	4100032;5112001;4105023;3000003	2;30;3;15000					1	欲妄·三	欲妄·三	Blind Folly III	妄執Ⅲ	디자이어III 	ลวงตา·3
2136004	136	4	0	94607;94608			300;300;200	0;0;0	8;12;0	4100032;5112001;4105023;3000003	2;35;4;20000					1	欲妄·四	欲妄·四	Blind Folly IV	妄執Ⅳ	디자이어IV	ลวงตา·4
2136005	136	5	0	94609;94610			300;300;200	0;0;0	8;12;0	4100032;5112001;4105023;3000003	2;40;5;25000					1	欲妄·五	欲妄·五	Blind Folly V	妄執Ⅴ	디자이어V	ลวงตา·5
2136006	136	6	0	94611;94612			300;300;200	0;0;0	8;12;0	4100032;5112001;4105023;3000003	2;45;6;30000					1	欲妄·六	欲妄·六	Blind Folly VI	妄執Ⅵ	디자이어VI 	ลวงตา·6
2136007	136	7	0	94613;94614			300;300;200	0;0;0	8;12;0	4100032;5112001;4105023;3000003	2;50;7;35000					1	欲妄·七	欲妄·七	Blind Folly VII	妄執Ⅶ	디자이어VII 	ลวงตา·7
2136008	136	8	0	94615;94616			300;300;200	0;0;0	8;12;0	4100032;5112001;4105023;3000003	2;55;8;40000					1	欲妄·八	欲妄·八	Blind Folly VIII	妄執Ⅷ	디자이어VIII 	ลวงตา·8
2136009	136	9	0	94617;94618			300;300;200	0;0;0	12;18;0	4100032;5112001;4105023;3000003	2;60;9;45000					1	欲妄·九	欲妄·九	Blind Folly IX	妄執Ⅸ	디자이어IX	ลวงตา·9
2136010	136	10	2136009	94619;94620			300;300;200	0;0;0	12;18;0	4100032;5112001;4105023;3000003	2;70;10;50000					1	欲妄·十	欲妄·十	Blind Folly X	妄執Ⅹ	디자이어X	ลวงตา·10
2236001	236	1	0	94631;94632			300;300;200	0;0;0	8;12;0	4100032;5112001;4105023;3000003	5;50;5;50000					1	困难·欲妄·一	困難·欲妄·一	Hard (Blind Folly) I	困難・妄執Ⅰ	디자이어·하드I 	ยาก·ลวงตา·1
2236002	236	2	0	94633;94634			300;300;200	0;0;0	8;12;0	4100032;5112001;4105023;3000003	5;55;5;60000					1	困难·欲妄·二	困難·欲妄·二	Hard (Blind Folly) II	困難・妄執Ⅱ	디자이어·하드II 	ยาก·ลวงตา·2
2236003	236	3	0	94635;94636			300;300;200	0;0;0	8;12;0	4100032;5112001;4105023;3000003	5;60;5;70000					1	困难·欲妄·三	困難·欲妄·三	Hard (Blind Folly) III	困難・妄執Ⅲ	디자이어·하드III 	ยาก·ลวงตา·3
2236004	236	4	0	94637;94638			300;300;200	0;0;0	8;12;0	4100032;5112001;4105023;3000003	5;65;10;80000					1	困难·欲妄·四	困難·欲妄·四	Hard (Blind Folly) IV	困難・妄執Ⅳ	디자이어·하드IV	ยาก·ลวงตา·4
2236005	236	5	0	94639;94640			300;300;200	0;0;0	8;12;0	4100032;5112001;4105023;3000003	5;70;10;90000					1	困难·欲妄·五	困難·欲妄·五	Hard (Blind Folly) V	困難・妄執Ⅴ	디자이어·하드V	ยาก·ลวงตา·5
2236006	236	6	0	94641;94642			300;300;200	0;0;0	8;12;0	4100032;5112001;4105023;3000003	5;75;10;100000					1	困难·欲妄·六	困難·欲妄·六	Hard (Blind Folly) VI	困難・妄執Ⅵ	디자이어·하드VI 	ยาก·ลวงตา·6
2236007	236	7	2236006	94643;94644			300;300;200	0;0;0	8;12;0	4100032;5112001;4105023;3000003	5;80;20;110000					1	困难·欲妄·七	困難·欲妄·七	Hard (Blind Folly) VII	困難・妄執Ⅶ	디자이어·하드VII 	ยาก·ลวงตา·7
2236008	236	8	2236007	94645;94646			300;300;200	0;0;0	8;12;0	4100032;5112001;4105023;3000003	5;85;20;120000					1	困难·欲妄·八	困難·欲妄·八	Hard (Blind Folly) VIII	困難・妄執Ⅷ	디자이어·하드VIII 	ยาก·ลวงตา·8
2236009	236	9	2236008	94647;94648			300;300;200	0;0;0	12;18;0	4100032;5112001;4105023;3000003	5;90;20;130000					1	困难·欲妄·九	困難·欲妄·九	Hard (Blind Folly) IX	困難・妄執Ⅸ	디자이어·하드IX	ยาก·ลวงตา·9
2236010	236	10	2236009	94649;94650			300;300;200	0;0;0	12;18;0	4100032;5112001;4105023;3000003	5;100;30;150000					1	困难·欲妄·十	困難·欲妄·十	Hard (Blind Folly) X	困難・妄執Ⅹ	디자이어·하드X	ยาก·ลวงตา·10
2336001	336	1	0	94661;94662			300;300;200	0;0;0	8;12;0	4100032;5112001;4105023;3000003	5;50;5;50000					1	绝境·欲妄·一	絕境·欲妄·一	Abyssal (Blind Folly) I	絶境・妄執Ⅰ	디자이어·인페르노I 	วิกฤต·ลวงตา·1
2336002	336	2	0	94663;94664			300;300;200	0;0;0	8;12;0	4100032;5112001;4105023;3000003	5;55;5;60000					1	绝境·欲妄·二	絕境·欲妄·二	Abyssal (Blind Folly) II	絶境・妄執Ⅱ	디자이어·인페르노II 	วิกฤต·ลวงตา·2
2336003	336	3	0	94665;94666			300;300;200	0;0;0	8;12;0	4100032;5112001;4105023;3000003	5;60;5;70000					1	绝境·欲妄·三	絕境·欲妄·三	Abyssal (Blind Folly) III	絶境・妄執Ⅲ	디자이어·인페르노III 	วิกฤต·ลวงตา·3
2336004	336	4	0	94667;94668			300;300;200	0;0;0	8;12;0	4100032;5112001;4105023;3000003	5;65;10;80000					1	绝境·欲妄·四	絕境·欲妄·四	Abyssal (Blind Folly) IV	絶境・妄執Ⅳ	디자이어·인페르노IV	วิกฤต·ลวงตา·4
2336005	336	5	0	94669;94670			300;300;200	0;0;0	8;12;0	4100032;5112001;4105023;3000003	5;70;10;90000					1	绝境·欲妄·五	絕境·欲妄·五	Abyssal (Blind Folly) V	絶境・妄執Ⅴ	디자이어·인페르노V	วิกฤต·ลวงตา·5
2336006	336	6	0	94671;94672			300;300;200	0;0;0	8;12;0	4100032;5112001;4105023;3000003	5;75;10;100000					1	绝境·欲妄·六	絕境·欲妄·六	Abyssal (Blind Folly) VI	絶境・妄執Ⅵ	디자이어·인페르노VI 	วิกฤต·ลวงตา·6
2336007	336	7	2336006	94673;94674			300;300;200	0;0;0	8;12;0	4100032;5112001;4105023;3000003	5;80;20;110000					1	绝境·欲妄·七	絕境·欲妄·七	Abyssal (Blind Folly) VII	絶境・妄執Ⅶ	디자이어·인페르노VII 	วิกฤต·ลวงตา·7
2336008	336	8	2336007	94675;94676			300;300;200	0;0;0	8;12;0	4100032;5112001;4105023;3000003	5;85;20;120000					1	绝境·欲妄·八	絕境·欲妄·八	Abyssal (Blind Folly) VIII	絶境・妄執Ⅷ	디자이어·인페르노VIII 	วิกฤต·ลวงตา·8
2336009	336	9	2336008	94677;94678			300;300;200	0;0;0	12;18;0	4100032;5112001;4105023;3000003	5;90;20;130000					1	绝境·欲妄·九	絕境·欲妄·九	Abyssal (Blind Folly) IX	絶境・妄執Ⅸ	디자이어·인페르노IX	วิกฤต·ลวงตา·9
2336010	336	10	2336009	94679;94680			300;300;200	0;0;0	12;18;0	4100032;5112001;4105023;3000003	5;100;30;150000					1	绝境·欲妄·十	絕境·欲妄·十	Abyssal (Blind Folly) X	絶境・妄執Ⅹ	디자이어·인페르노X	วิกฤต·ลวงตา·10
2137001	137	1	0	94701;94702			300;300;200	0;0;0	8;12;0	4100032;5112001;4105023;3000003	2;20;1;5000					1	尘劫·一	塵劫·一	Tribulation I	劫火Ⅰ	더스트I 	เถ้าธุลี·1
2137002	137	2	0	94703;94704			300;300;200	0;0;0	8;12;0	4100032;5112001;4105023;3000003	2;25;2;10000					1	尘劫·二	塵劫·二	Tribulation II	劫火Ⅱ	더스트II 	เถ้าธุลี·2
2137003	137	3	0	94705;94706			300;300;200	0;0;0	8;12;0	4100032;5112001;4105023;3000003	2;30;3;15000					1	尘劫·三	塵劫·三	Tribulation III	劫火Ⅲ	더스트III 	เถ้าธุลี·3
2137004	137	4	0	94707;94708			300;300;200	0;0;0	8;12;0	4100032;5112001;4105023;3000003	2;35;4;20000					1	尘劫·四	塵劫·四	Tribulation IV	劫火Ⅳ	더스트IV	เถ้าธุลี·4
2137005	137	5	0	94709;94710			300;300;200	0;0;0	8;12;0	4100032;5112001;4105023;3000003	2;40;5;25000					1	尘劫·五	塵劫·五	Tribulation V	劫火Ⅴ	더스트V	เถ้าธุลี·5
2137006	137	6	0	94711;94712			300;300;200	0;0;0	8;12;0	4100032;5112001;4105023;3000003	2;45;6;30000					1	尘劫·六	塵劫·六	Tribulation VI	劫火Ⅵ	더스트VI 	เถ้าธุลี·6
2137007	137	7	0	94713;94714			300;300;200	0;0;0	8;12;0	4100032;5112001;4105023;3000003	2;50;7;35000					1	尘劫·七	塵劫·七	Tribulation VII	劫火Ⅶ	더스트VII 	เถ้าธุลี·7
2137008	137	8	0	94715;94716			300;300;200	0;0;0	8;12;0	4100032;5112001;4105023;3000003	2;55;8;40000					1	尘劫·八	塵劫·八	Tribulation VIII	劫火Ⅷ	더스트VIII 	เถ้าธุลี·8
2137009	137	9	0	94717;94718			300;300;200	0;0;0	12;18;0	4100032;5112001;4105023;3000003	2;60;9;45000					1	尘劫·九	塵劫·九	Tribulation IX	劫火Ⅸ	더스트IX	เถ้าธุลี·9
2137010	137	10	2137009	94719;94720			300;300;200	0;0;0	12;18;0	4100032;5112001;4105023;3000003	2;70;10;50000					1	尘劫·十	塵劫·十	Tribulation X	劫火Ⅹ	더스트X	เถ้าธุลี·10
2237001	237	1	0	94731;94732			300;300;200	0;0;0	8;12;0	4100032;5112001;4105023;3000003	5;50;5;50000					1	困难·尘劫·一	困難·塵劫·一	Hard (Tribulation) I	困難・劫火Ⅰ	더스트·하드I 	ยาก·เถ้าธุลี·1
2237002	237	2	0	94733;94734			300;300;200	0;0;0	8;12;0	4100032;5112001;4105023;3000003	5;55;5;60000					1	困难·尘劫·二	困難·塵劫·二	Hard (Tribulation) II	困難・劫火Ⅱ	더스트·하드II 	ยาก·เถ้าธุลี·2
2237003	237	3	0	94735;94736			300;300;200	0;0;0	8;12;0	4100032;5112001;4105023;3000003	5;60;5;70000					1	困难·尘劫·三	困難·塵劫·三	Hard (Tribulation) III	困難・劫火Ⅲ	더스트·하드III 	ยาก·เถ้าธุลี·3
2237004	237	4	0	94737;94738			300;300;200	0;0;0	8;12;0	4100032;5112001;4105023;3000003	5;65;10;80000					1	困难·尘劫·四	困難·塵劫·四	Hard (Tribulation) IV	困難・劫火Ⅳ	더스트·하드IV	ยาก·เถ้าธุลี·4
2237005	237	5	0	94739;94740			300;300;200	0;0;0	8;12;0	4100032;5112001;4105023;3000003	5;70;10;90000					1	困难·尘劫·五	困難·塵劫·五	Hard (Tribulation) V	困難・劫火Ⅴ	더스트·하드V	ยาก·เถ้าธุลี·5
2237006	237	6	0	94741;94742			300;300;200	0;0;0	8;12;0	4100032;5112001;4105023;3000003	5;75;10;100000					1	困难·尘劫·六	困難·塵劫·六	Hard (Tribulation) VI	困難・劫火Ⅵ	더스트·하드VI 	ยาก·เถ้าธุลี·6
2237007	237	7	2237006	94743;94744			300;300;200	0;0;0	8;12;0	4100032;5112001;4105023;3000003	5;80;20;110000					1	困难·尘劫·七	困難·塵劫·七	Hard (Tribulation) VII	困難・劫火Ⅶ	더스트·하드VII 	ยาก·เถ้าธุลี·7
2237008	237	8	2237007	94745;94746			300;300;200	0;0;0	8;12;0	4100032;5112001;4105023;3000003	5;85;20;120000					1	困难·尘劫·八	困難·塵劫·八	Hard (Tribulation) VIII	困難・劫火Ⅷ	더스트·하드VIII 	ยาก·เถ้าธุลี·8
2237009	237	9	2237008	94747;94748			300;300;200	0;0;0	12;18;0	4100032;5112001;4105023;3000003	5;90;20;130000					1	困难·尘劫·九	困難·塵劫·九	Hard (Tribulation) IX	困難・劫火Ⅸ	더스트·하드IX	ยาก·เถ้าธุลี·9
2237010	237	10	2237009	94749;94750			300;300;200	0;0;0	12;18;0	4100032;5112001;4105023;3000003	5;100;30;150000					1	困难·尘劫·十	困難·塵劫·十	Hard (Tribulation) X	困難・劫火Ⅹ	더스트·하드X	ยาก·เถ้าธุลี·10
2337001	337	1	0	94761;94762			300;300;200	0;0;0	8;12;0	4100032;5112001;4105023;3000003	5;50;5;50000					1	绝境·尘劫·一	絕境·塵劫·一	Abyssal (Tribulation) I	絶境・劫火Ⅰ	더스트·인페르노I 	วิกฤต·เถ้าธุลี·1
2337002	337	2	0	94763;94764			300;300;200	0;0;0	8;12;0	4100032;5112001;4105023;3000003	5;55;5;60000					1	绝境·尘劫·二	絕境·塵劫·二	Abyssal (Tribulation) II	絶境・劫火Ⅱ	더스트·인페르노II 	วิกฤต·เถ้าธุลี·2
2337003	337	3	0	94765;94766			300;300;200	0;0;0	8;12;0	4100032;5112001;4105023;3000003	5;60;5;70000					1	绝境·尘劫·三	絕境·塵劫·三	Abyssal (Tribulation) III	絶境・劫火Ⅲ	더스트·인페르노III 	วิกฤต·เถ้าธุลี·3
2337004	337	4	0	94767;94768			300;300;200	0;0;0	8;12;0	4100032;5112001;4105023;3000003	5;65;10;80000					1	绝境·尘劫·四	絕境·塵劫·四	Abyssal (Tribulation) IV	絶境・劫火Ⅳ	더스트·인페르노IV	วิกฤต·เถ้าธุลี·4
2337005	337	5	0	94769;94770			300;300;200	0;0;0	8;12;0	4100032;5112001;4105023;3000003	5;70;10;90000					1	绝境·尘劫·五	絕境·塵劫·五	Abyssal (Tribulation) V	絶境・劫火Ⅴ	더스트·인페르노V	วิกฤต·เถ้าธุลี·5
2337006	337	6	0	94771;94772			300;300;200	0;0;0	8;12;0	4100032;5112001;4105023;3000003	5;75;10;100000					1	绝境·尘劫·六	絕境·塵劫·六	Abyssal (Tribulation) VI	絶境・劫火Ⅵ	더스트·인페르노VI 	วิกฤต·เถ้าธุลี·6
2337007	337	7	2337006	94773;94774			300;300;200	0;0;0	8;12;0	4100032;5112001;4105023;3000003	5;80;20;110000					1	绝境·尘劫·七	絕境·塵劫·七	Abyssal (Tribulation) VII	絶境・劫火Ⅶ	더스트·인페르노VII 	วิกฤต·เถ้าธุลี·7
2337008	337	8	2337007	94775;94776			300;300;200	0;0;0	8;12;0	4100032;5112001;4105023;3000003	5;85;20;120000					1	绝境·尘劫·八	絕境·塵劫·八	Abyssal (Tribulation) VIII	絶境・劫火Ⅷ	더스트·인페르노VIII 	วิกฤต·เถ้าธุลี·8
2337009	337	9	2337008	94777;94778			300;300;200	0;0;0	12;18;0	4100032;5112001;4105023;3000003	5;90;20;130000					1	绝境·尘劫·九	絕境·塵劫·九	Abyssal (Tribulation) IX	絶境・劫火Ⅸ	더스트·인페르노IX	วิกฤต·เถ้าธุลี·9
2337010	337	10	2337009	94779;94780			300;300;200	0;0;0	12;18;0	4100032;5112001;4105023;3000003	5;100;30;150000					1	绝境·尘劫·十	絕境·塵劫·十	Abyssal (Tribulation) X	絶境・劫火Ⅹ	더스트·인페르노X	วิกฤต·เถ้าธุลี·10
2437001	437	1	0	94781;94782			300;300;200	0;0;0	12;18;0	4100032;5112001;4105023;3000003	5;50;5;50000					1	纯黑之界·尘劫·一	純黑之界·塵劫·一	Abyssal Realm (Tribulation) I	純黒ノ境・劫火Ⅰ	와이드·더스트I 	ดินแดนทมิฬ·เถ้าธุลี·1
2437002	437	2	2437001	94783;94784			300;300;200	0;0;0	12;18;0	4100032;5112001;4105023;3000003	5;55;5;60000					1	纯黑之界·尘劫·二	純黑之界·塵劫·二	Abyssal Realm (Tribulation) II	純黒ノ境・劫火Ⅱ	와이드·더스트II 	ดินแดนทมิฬ·เถ้าธุลี·2
2437003	437	3	2437002	94785;94786						4100032;5112001;4105023;3000003	5;60;5;70000					1	纯黑之界·尘劫·三	純黑之界·塵劫·三	Abyssal Realm (Tribulation) III	純黒ノ境・劫火Ⅲ	와이드·더스트III 	ดินแดนทมิฬ·เถ้าธุลี·3
2138001	138	1	0	94801;94802			300;300;200	0;0;0	8;12;0	4100032;5112001;4105023;3000003	2;20;1;5000					1	万壑·一	萬壑·一	Endless Gullies I	万壑Ⅰ	골짜기I 	เหวลึก·1
2138002	138	2	0	94803;94804			300;300;200	0;0;0	8;12;0	4100032;5112001;4105023;3000003	2;25;2;10000					1	万壑·二	萬壑·二	Endless Gullies II	万壑Ⅱ	골짜기II	เหวลึก·2
2138003	138	3	0	94805;94806			300;300;200	0;0;0	8;12;0	4100032;5112001;4105023;3000003	2;30;3;15000					1	万壑·三	萬壑·三	Endless Gullies III	万壑Ⅲ	골짜기III	เหวลึก·3
2138004	138	4	0	94807;94808			300;300;200	0;0;0	8;12;0	4100032;5112001;4105023;3000003	2;35;4;20000					1	万壑·四	萬壑·四	Endless Gullies IV	万壑Ⅳ	골짜기IV	เหวลึก·4
2138005	138	5	0	94809;94810			300;300;200	0;0;0	8;12;0	4100032;5112001;4105023;3000003	2;40;5;25000					1	万壑·五	萬壑·五	Endless Gullies V	万壑Ⅴ	골짜기V	เหวลึก·5
2138006	138	6	0	94811;94812			300;300;200	0;0;0	8;12;0	4100032;5112001;4105023;3000003	2;45;6;30000					1	万壑·六	萬壑·六	Endless Gullies VI	万壑Ⅵ	골짜기VI 	เหวลึก·6
2138007	138	7	0	94813;94814			300;300;200	0;0;0	8;12;0	4100032;5112001;4105023;3000003	2;50;7;35000					1	万壑·七	萬壑·七	Endless Gullies VII	万壑Ⅶ	골짜기VII	เหวลึก·7
2138008	138	8	0	94815;94816			300;300;200	0;0;0	8;12;0	4100032;5112001;4105023;3000003	2;55;8;40000					1	万壑·八	萬壑·八	Endless Gullies VIII	万壑Ⅷ	골짜기VIII	เหวลึก·8
2138009	138	9	0	94817;94818			300;300;200	0;0;0	12;18;0	4100032;5112001;4105023;3000003	2;60;9;45000					1	万壑·九	萬壑·九	Endless Gullies IX	万壑Ⅸ	골짜기IX	เหวลึก·9
2138010	138	10	2138009	94819;94820			300;300;200	0;0;0	12;18;0	4100032;5112001;4105023;3000003	2;70;10;50000					1	万壑·十	萬壑·十	Endless Gullies X	万壑Ⅹ	골짜기X	เหวลึก·10
2238001	238	1	0	94831;94832			300;300;200	0;0;0	8;12;0	4100032;5112001;4105023;3000003	5;50;5;50000					1	困难·万壑·一	困難·萬壑·一	Hard (Endless Gullies) I	困難・万壑Ⅰ	골짜기·하드I 	ยาก·เหวลึก·1
2238002	238	2	0	94833;94834			300;300;200	0;0;0	8;12;0	4100032;5112001;4105023;3000003	5;55;5;60000					1	困难·万壑·二	困難·萬壑·二	Hard (Endless Gullies) II	困難・万壑Ⅱ	골짜기·하드II 	ยาก·เหวลึก·2
2238003	238	3	0	94835;94836			300;300;200	0;0;0	8;12;0	4100032;5112001;4105023;3000003	5;60;5;70000					1	困难·万壑·三	困難·萬壑·三	Hard (Endless Gullies) III	困難・万壑Ⅲ	골짜기·하드III 	ยาก·เหวลึก·3
2238004	238	4	0	94837;94838			300;300;200	0;0;0	8;12;0	4100032;5112001;4105023;3000003	5;65;10;80000					1	困难·万壑·四	困難·萬壑·四	Hard (Endless Gullies) IV	困難・万壑Ⅳ	골짜기·하드IV	ยาก·เหวลึก·4
2238005	238	5	0	94839;94840			300;300;200	0;0;0	8;12;0	4100032;5112001;4105023;3000003	5;70;10;90000					1	困难·万壑·五	困難·萬壑·五	Hard (Endless Gullies) V	困難・万壑Ⅴ	골짜기·하드V	ยาก·เหวลึก·5
2238006	238	6	0	94841;94842			300;300;200	0;0;0	8;12;0	4100032;5112001;4105023;3000003	5;75;10;100000					1	困难·万壑·六	困難·萬壑·六	Hard (Endless Gullies) VI	困難・万壑Ⅵ	골짜기·하드VI 	ยาก·เหวลึก·6
2238007	238	7	2238006	94843;94844			300;300;200	0;0;0	8;12;0	4100032;5112001;4105023;3000003	5;80;20;110000					1	困难·万壑·七	困難·萬壑·七	Hard (Endless Gullies) VII	困難・万壑Ⅶ	골짜기·하드VII 	ยาก·เหวลึก·7
2238008	238	8	2238007	94845;94846			300;300;200	0;0;0	8;12;0	4100032;5112001;4105023;3000003	5;85;20;120000					1	困难·万壑·八	困難·萬壑·八	Hard (Endless Gullies) VIII	困難・万壑Ⅷ	골짜기·하드VIII 	ยาก·เหวลึก·8
2238009	238	9	2238008	94847;94848			300;300;200	0;0;0	12;18;0	4100032;5112001;4105023;3000003	5;90;20;130000					1	困难·万壑·九	困難·萬壑·九	Hard (Endless Gullies) IX	困難・万壑Ⅸ	골짜기·하드IX	ยาก·เหวลึก·9
2238010	238	10	2238009	94849;94850			300;300;200	0;0;0	12;18;0	4100032;5112001;4105023;3000003	5;100;30;150000					1	困难·万壑·十	困難·萬壑·十	Hard (Endless Gullies) X	困難・万壑Ⅹ	골짜기·하드X	ยาก·เหวลึก·10
2338001	338	1	0	94861;94862			300;300;200	0;0;0	8;12;0	4100032;5112001;4105023;3000003	5;50;5;50000					1	绝境·万壑·一	絕境·萬壑·一	Abyssal (Endless Gullies) I	絶境・万壑Ⅰ	골짜기·인페르노I 	วิกฤต·เหวลึก·1
2338002	338	2	0	94863;94864			300;300;200	0;0;0	8;12;0	4100032;5112001;4105023;3000003	5;55;5;60000					1	绝境·万壑·二	絕境·萬壑·二	Abyssal (Endless Gullies) II	絶境・万壑Ⅱ	골짜기·인페르노II 	วิกฤต·เหวลึก·2
2338003	338	3	0	94865;94866			300;300;200	0;0;0	8;12;0	4100032;5112001;4105023;3000003	5;60;5;70000					1	绝境·万壑·三	絕境·萬壑·三	Abyssal (Endless Gullies) III	絶境・万壑Ⅲ	골짜기·인페르노III 	วิกฤต·เหวลึก·3
2338004	338	4	0	94867;94868			300;300;200	0;0;0	8;12;0	4100032;5112001;4105023;3000003	5;65;10;80000					1	绝境·万壑·四	絕境·萬壑·四	Abyssal (Endless Gullies) IV	絶境・万壑Ⅳ	골짜기·인페르노IV	วิกฤต·เหวลึก·4
2338005	338	5	0	94869;94870			300;300;200	0;0;0	8;12;0	4100032;5112001;4105023;3000003	5;70;10;90000					1	绝境·万壑·五	絕境·萬壑·五	Abyssal (Endless Gullies) V	絶境・万壑Ⅴ	골짜기·인페르노V	วิกฤต·เหวลึก·5
2338006	338	6	0	94871;94872			300;300;200	0;0;0	8;12;0	4100032;5112001;4105023;3000003	5;75;10;100000					1	绝境·万壑·六	絕境·萬壑·六	Abyssal (Endless Gullies) VI	絶境・万壑Ⅵ	골짜기·인페르노VI 	วิกฤต·เหวลึก·6
2338007	338	7	2338006	94873;94874			300;300;200	0;0;0	8;12;0	4100032;5112001;4105023;3000003	5;80;20;110000					1	绝境·万壑·七	絕境·萬壑·七	Abyssal (Endless Gullies) VII	絶境・万壑Ⅶ	골짜기·인페르노VII 	วิกฤต·เหวลึก·7
2338008	338	8	2338007	94875;94876			300;300;200	0;0;0	8;12;0	4100032;5112001;4105023;3000003	5;85;20;120000					1	绝境·万壑·八	絕境·萬壑·八	Abyssal (Endless Gullies) VIII	絶境・万壑Ⅷ	골짜기·인페르노VIII 	วิกฤต·เหวลึก·8
2338009	338	9	2338008	94877;94878			300;300;200	0;0;0	12;18;0	4100032;5112001;4105023;3000003	5;90;20;130000					1	绝境·万壑·九	絕境·萬壑·九	Abyssal (Endless Gullies) IX	絶境・万壑Ⅸ	골짜기·인페르노IX	วิกฤต·เหวลึก·9
2338010	338	10	2338009	94879;94880			300;300;200	0;0;0	12;18;0	4100032;5112001;4105023;3000003	5;100;30;150000					1	绝境·万壑·十	絕境·萬壑·十	Abyssal (Endless Gullies) X	絶境・万壑Ⅹ	골짜기·인페르노X	วิกฤต·เหวลึก·10
2139001	139	1	0	94901;94902			300;300;200	0;0;0	8;12;0	4100032;5112001;4105023;3000003	5;50;5;50000					1	沉壁·一	沉壁·一	Obscurity I	絶壁Ⅰ	머월I 	กำแพงหนา·1
2139002	139	2	0	94903;94904			300;300;200	0;0;0	8;12;0	4100032;5112001;4105023;3000003	5;55;5;60000					1	沉壁·二	沉壁·二	Obscurity II	絶壁Ⅱ	머월II 	กำแพงหนา·2
2139003	139	3	0	94905;94906			300;300;200	0;0;0	8;12;0	4100032;5112001;4105023;3000003	5;60;5;70000					1	沉壁·三	沉壁·三	Obscurity III	絶壁Ⅲ	머월III 	กำแพงหนา·3
2139004	139	4	0	94907;94908			300;300;200	0;0;0	8;12;0	4100032;5112001;4105023;3000003	5;65;10;80000					1	沉壁·四	沉壁·四	Obscurity IV	絶壁Ⅳ	머월IV	กำแพงหนา·4
2139005	139	5	0	94909;94910			300;300;200	0;0;0	8;12;0	4100032;5112001;4105023;3000003	5;70;10;90000					1	沉壁·五	沉壁·五	Obscurity V	絶壁Ⅴ	머월V	กำแพงหนา·5
2139006	139	6	0	94911;94912			300;300;200	0;0;0	8;12;0	4100032;5112001;4105023;3000003	5;75;10;100000					1	沉壁·六	沉壁·六	Obscurity VI	絶壁Ⅵ	머월VI 	กำแพงหนา·6
2139007	139	7	0	94913;94914			300;300;200	0;0;0	8;12;0	4100032;5112001;4105023;3000003	5;80;20;110000					1	沉壁·七	沉壁·七	Obscurity VII	絶壁Ⅶ	머월VII 	กำแพงหนา·7
2139008	139	8	0	94915;94916			300;300;200	0;0;0	8;12;0	4100032;5112001;4105023;3000003	5;85;20;120000					1	沉壁·八	沉壁·八	Obscurity VIII	絶壁Ⅷ	머월VIII 	กำแพงหนา·8
2139009	139	9	0	94917;94918			300;300;200	0;0;0	12;18;0	4100032;5112001;4105023;3000003	5;90;20;130000					1	沉壁·九	沉壁·九	Obscurity IX	絶壁Ⅸ	머월IX	กำแพงหนา·9
2139010	139	10	2339009	94919;94920			300;300;200	0;0;0	12;18;0	4100032;5112001;4105023;3000003	5;100;30;150000					1	沉壁·十	沉壁·十	Obscurity X	絶壁Ⅹ	머월X	กำแพงหนา·10
2239001	239	1	0	94931;94932			300;300;200	0;0;0	8;12;0	4100032;5112001;4105023;3000003	5;50;5;50000					1	困难·沉壁·一	困難·沉壁·一	Hard (Obscurity) I	困難・絶壁Ⅰ	머월·하드I 	ยาก·กำแพงหนา·1
2239002	239	2	0	94933;94934			300;300;200	0;0;0	8;12;0	4100032;5112001;4105023;3000003	5;55;5;60000					1	困难·沉壁·二	困難·沉壁·二	Hard (Obscurity) II	困難・絶壁Ⅱ	머월·하드II 	ยาก·กำแพงหนา·2
2239003	239	3	0	94935;94936			300;300;200	0;0;0	8;12;0	4100032;5112001;4105023;3000003	5;60;5;70000					1	困难·沉壁·三	困難·沉壁·三	Hard (Obscurity) III	困難・絶壁Ⅲ	머월·하드III 	ยาก·กำแพงหนา·3
2239004	239	4	0	94937;94938			300;300;200	0;0;0	8;12;0	4100032;5112001;4105023;3000003	5;65;10;80000					1	困难·沉壁·四	困難·沉壁·四	Hard (Obscurity) IV	困難・絶壁Ⅳ	머월·하드IV	ยาก·กำแพงหนา·4
2239005	239	5	0	94939;94940			300;300;200	0;0;0	8;12;0	4100032;5112001;4105023;3000003	5;70;10;90000					1	困难·沉壁·五	困難·沉壁·五	Hard (Obscurity) V	困難・絶壁Ⅴ	머월·하드V	ยาก·กำแพงหนา·5
2239006	239	6	0	94941;94942			300;300;200	0;0;0	8;12;0	4100032;5112001;4105023;3000003	5;75;10;100000					1	困难·沉壁·六	困難·沉壁·六	Hard (Obscurity) VI	困難・絶壁Ⅵ	머월·하드VI 	ยาก·กำแพงหนา·6
2239007	239	7	2239006	94943;94944			300;300;200	0;0;0	8;12;0	4100032;5112001;4105023;3000003	5;80;20;110000					1	困难·沉壁·七	困難·沉壁·七	Hard (Obscurity) VII	困難・絶壁Ⅶ	머월·하드VII 	ยาก·กำแพงหนา·7
2239008	239	8	2239007	94945;94946			300;300;200	0;0;0	8;12;0	4100032;5112001;4105023;3000003	5;85;20;120000					1	困难·沉壁·八	困難·沉壁·八	Hard (Obscurity) VIII	困難・絶壁Ⅷ	머월·하드VIII 	ยาก·กำแพงหนา·8
2239009	239	9	2239008	94947;94948			300;300;200	0;0;0	12;18;0	4100032;5112001;4105023;3000003	5;90;20;130000					1	困难·沉壁·九	困難·沉壁·九	Hard (Obscurity) IX	困難・絶壁Ⅸ	머월·하드IX	ยาก·กำแพงหนา·9
2239010	239	10	2239009	94949;94950			300;300;200	0;0;0	12;18;0	4100032;5112001;4105023;3000003	5;100;30;150000					1	困难·沉壁·十	困難·沉壁·十	Hard (Obscurity) X	困難・絶壁Ⅹ	머월·하드X	ยาก·กำแพงหนา·10
2339001	339	1	0	94961;94962			300;300;200	0;0;0	8;12;0	4100032;5112001;4105023;3000003	5;50;5;50000					1	绝境·沉壁·一	絕境·沉壁·一	Abyssal (Obscurity) I	絶境・絶壁Ⅰ	머월·인페르노I 	วิกฤต·กำแพงหนา·1
2339002	339	2	0	94963;94964			300;300;200	0;0;0	8;12;0	4100032;5112001;4105023;3000003	5;55;5;60000					1	绝境·沉壁·二	絕境·沉壁·二	Abyssal (Obscurity) II	絶境・絶壁Ⅱ	머월·인페르노II 	วิกฤต·กำแพงหนา·2
2339003	339	3	0	94965;94966			300;300;200	0;0;0	8;12;0	4100032;5112001;4105023;3000003	5;60;5;70000					1	绝境·沉壁·三	絕境·沉壁·三	Abyssal (Obscurity) III	絶境・絶壁Ⅲ	머월·인페르노III 	วิกฤต·กำแพงหนา·3
2339004	339	4	0	94967;94968			300;300;200	0;0;0	8;12;0	4100032;5112001;4105023;3000003	5;65;10;80000					1	绝境·沉壁·四	絕境·沉壁·四	Abyssal (Obscurity) IV	絶境・絶壁Ⅳ	머월·인페르노IV	วิกฤต·กำแพงหนา·4
2339005	339	5	0	94969;94970			300;300;200	0;0;0	8;12;0	4100032;5112001;4105023;3000003	5;70;10;90000					1	绝境·沉壁·五	絕境·沉壁·五	Abyssal (Obscurity) V	絶境・絶壁Ⅴ	머월·인페르노V	วิกฤต·กำแพงหนา·5
2339006	339	6	0	94971;94972			300;300;200	0;0;0	8;12;0	4100032;5112001;4105023;3000003	5;75;10;100000					1	绝境·沉壁·六	絕境·沉壁·六	Abyssal (Obscurity) VI	絶境・絶壁Ⅵ	머월·인페르노VI 	วิกฤต·กำแพงหนา·6
2339007	339	7	2339006	94973;94974			300;300;200	0;0;0	8;12;0	4100032;5112001;4105023;3000003	5;80;20;110000					1	绝境·沉壁·七	絕境·沉壁·七	Abyssal (Obscurity) VII	絶境・絶壁Ⅶ	머월·인페르노VII 	วิกฤต·กำแพงหนา·7
2339008	339	8	2339007	94975;94976			300;300;200	0;0;0	8;12;0	4100032;5112001;4105023;3000003	5;85;20;120000					1	绝境·沉壁·八	絕境·沉壁·八	Abyssal (Obscurity) VIII	絶境・絶壁Ⅷ	머월·인페르노VIII 	วิกฤต·กำแพงหนา·8
2339009	339	9	2339008	94977;94978			300;300;200	0;0;0	12;18;0	4100032;5112001;4105023;3000003	5;90;20;130000					1	绝境·沉壁·九	絕境·沉壁·九	Abyssal (Obscurity) IX	絶境・絶壁Ⅸ	머월·인페르노IX	วิกฤต·กำแพงหนา·9
2339010	339	10	2339009	94979;94980			300;300;200	0;0;0	12;18;0	4100032;5112001;4105023;3000003	5;100;30;150000					1	绝境·沉壁·十	絕境·沉壁·十	Abyssal (Obscurity) X	絶境・絶壁Ⅹ	머월·인페르노X	วิกฤต·กำแพงหนา·10
2439001	439	1	0	94981;94982			300;300;200	0;0;0	12;18;0	4100032;5112001;4105023;3000003	5;50;5;50000					1	纯黑之界·沉壁·一	純黑之界·沉壁·一	Abyssal Realm (Obscurity) I	純黒ノ境・絶壁Ⅰ	순흑의 경계·머월I	ดินแดนทมิฬ·กำแพงหนา·1
2439002	439	2	2439001	94983;94984			300;300;200	0;0;0	12;18;0	4100032;5112001;4105023;3000003	5;55;5;60000					1	纯黑之界·沉壁·二	純黑之界·沉壁·二	Abyssal Realm (Obscurity) II	純黒ノ境・絶壁Ⅱ	순흑의 경계·머월II	ดินแดนทมิฬ·กำแพงหนา·2
2439003	439	3	2439002	94985;94986						4100032;5112001;4105023;3000003	5;60;5;70000					1	纯黑之界·沉壁·三	純黑之界·沉壁·三	Abyssal Realm (Obscurity) III	純黒ノ境・絶壁Ⅲ	순흑의 경계·머월III	ดินแดนทมิฬ·กำแพงหนา·3
2412001	412	1	0	92281;92282			300;300;200	0;0;0	12;18;0	4100032;5112001;4105023;3000003	5;50;5;50000					1	纯黑之界·雾沼·一	純黑之界·霧沼·一	Abyssal Realm (Fogmarsh) I	純黒ノ境・霧沼Ⅰ	순흑의 경계·안개의 늪I	ดินแดนทมิฬ·บึงแห่งหมอก·1
2412002	412	2	2412001	92283;92284			300;300;200	0;0;0	12;18;0	4100032;5112001;4105023;3000003	5;55;5;60000					1	纯黑之界·雾沼·二	純黑之界·霧沼·二	Abyssal Realm (Fogmarsh) II	純黒ノ境・霧沼Ⅱ	순흑의 경계·안개의 늪II	ดินแดนทมิฬ·บึงแห่งหมอก·2
2412003	412	3	2412002	92285;92286						4100032;5112001;4105023;3000003	5;60;5;70000					1	纯黑之界·雾沼·三	純黑之界·霧沼·三	Abyssal Realm (Fogmarsh) III	純黒ノ境・霧沼Ⅲ	순흑의 경계·안개의 늪III	ดินแดนทมิฬ·บึงแห่งหมอก·3
2140001	140	1	0	93001;93002			300;300;200	0;0;0	8;12;0	4100032;5112001;4105023;3000003	2;20;1;5000					1	失序·一	失序·一	Disorder I	混沌Ⅰ	디소더I 	สูญสมดุล·1
2140002	140	2	0	93003;93004			300;300;200	0;0;0	8;12;0	4100032;5112001;4105023;3000003	2;25;2;10000					1	失序·二	失序·二	Disorder II	混沌Ⅱ	디소더II	สูญสมดุล·2
2140003	140	3	0	93005;93006			300;300;200	0;0;0	8;12;0	4100032;5112001;4105023;3000003	2;30;3;15000					1	失序·三	失序·三	Disorder III	混沌Ⅲ	디소더III	สูญสมดุล·3
2140004	140	4	0	93007;93008			300;300;200	0;0;0	8;12;0	4100032;5112001;4105023;3000003	2;35;4;20000					1	失序·四	失序·四	Disorder IV	混沌Ⅳ	디소더IV	สูญสมดุล·4
2140005	140	5	0	93009;93010			300;300;200	0;0;0	8;12;0	4100032;5112001;4105023;3000003	2;40;5;25000					1	失序·五	失序·五	Disorder V	混沌Ⅴ	디소더V	สูญสมดุล·5
2140006	140	6	0	93011;93012			300;300;200	0;0;0	8;12;0	4100032;5112001;4105023;3000003	2;45;6;30000					1	失序·六	失序·六	Disorder VI	混沌Ⅵ	디소더VI 	สูญสมดุล·6
2140007	140	7	0	93013;93014			300;300;200	0;0;0	8;12;0	4100032;5112001;4105023;3000003	2;50;7;35000					1	失序·七	失序·七	Disorder VII	混沌Ⅶ	디소더VII	สูญสมดุล·7
2140008	140	8	0	93015;93016			300;300;200	0;0;0	8;12;0	4100032;5112001;4105023;3000003	2;55;8;40000					1	失序·八	失序·八	Disorder VIII	混沌Ⅷ	디소더VIII	สูญสมดุล·8
2140009	140	9	0	93017;93018			300;300;200	0;0;0	12;18;0	4100032;5112001;4105023;3000003	2;60;9;45000					1	失序·九	失序·九	Disorder IX	混沌Ⅸ	디소더IX	สูญสมดุล·9
2140010	140	10	2140009	93019;93020			300;300;200	0;0;0	12;18;0	4100032;5112001;4105023;3000003	2;70;10;50000					1	失序·十	失序·十	Disorder X	混沌Ⅹ	디소더X	สูญสมดุล·10
2240001	240	1	0	93031;93032			300;300;200	0;0;0	8;12;0	4100032;5112001;4105023;3000003	5;50;5;50000					1	困难·失序·一	困難·失序·一	Hard (Disorder) I	困難・混沌Ⅰ	디소더·하드I 	ยาก·สูญสมดุล·1
2240002	240	2	0	93033;93034			300;300;200	0;0;0	8;12;0	4100032;5112001;4105023;3000003	5;55;5;60000					1	困难·失序·二	困難·失序·二	Hard (Disorder) II	困難・混沌Ⅱ	디소더·하드II	ยาก·สูญสมดุล·2
2240003	240	3	0	93035;93036			300;300;200	0;0;0	8;12;0	4100032;5112001;4105023;3000003	5;60;5;70000					1	困难·失序·三	困難·失序·三	Hard (Disorder) III	困難・混沌Ⅲ	디소더·하드III	ยาก·สูญสมดุล·3
2240004	240	4	0	93037;93038			300;300;200	0;0;0	8;12;0	4100032;5112001;4105023;3000003	5;65;10;80000					1	困难·失序·四	困難·失序·四	Hard (Disorder) IV	困難・混沌Ⅳ	디소더·하드IV	ยาก·สูญสมดุล·4
2240005	240	5	0	93039;93040			300;300;200	0;0;0	8;12;0	4100032;5112001;4105023;3000003	5;70;10;90000					1	困难·失序·五	困難·失序·五	Hard (Disorder) V	困難・混沌Ⅴ	디소더·하드V	ยาก·สูญสมดุล·5
2240006	240	6	0	93041;93042			300;300;200	0;0;0	8;12;0	4100032;5112001;4105023;3000003	5;75;10;100000					1	困难·失序·六	困難·失序·六	Hard (Disorder) VI	困難・混沌Ⅵ	디소더·하드VI 	ยาก·สูญสมดุล·6
2240007	240	7	2240006	93043;93044			300;300;200	0;0;0	8;12;0	4100032;5112001;4105023;3000003	5;80;20;110000					1	困难·失序·七	困難·失序·七	Hard (Disorder) VII	困難・混沌Ⅶ	디소더·하드VII	ยาก·สูญสมดุล·7
2240008	240	8	2240007	93045;93046			300;300;200	0;0;0	8;12;0	4100032;5112001;4105023;3000003	5;85;20;120000					1	困难·失序·八	困難·失序·八	Hard (Disorder) VIII	困難・混沌Ⅷ	디소더·하드VIII	ยาก·สูญสมดุล·8
2240009	240	9	2240008	93047;93048			300;300;200	0;0;0	12;18;0	4100032;5112001;4105023;3000003	5;90;20;130000					1	困难·失序·九	困難·失序·九	Hard (Disorder) IX	困難・混沌Ⅸ	디소더·하드IX	ยาก·สูญสมดุล·9
2240010	240	10	2240009	93049;93050			300;300;200	0;0;0	12;18;0	4100032;5112001;4105023;3000003	5;100;30;150000					1	困难·失序·十	困難·失序·十	Hard (Disorder) X	困難・混沌Ⅹ	디소더·하드X	ยาก·สูญสมดุล·10
2340001	340	1	0	93061;93062			300;300;200	0;0;0	8;12;0	4100032;5112001;4105023;3000003	5;50;5;50000					1	绝境·失序·一	絕境·失序·一	Abyssal (Disorder) I	絶境・混沌Ⅰ	디소더·인페르노I 	วิกฤต·สูญสมดุล·1
2340002	340	2	0	93063;93064			300;300;200	0;0;0	8;12;0	4100032;5112001;4105023;3000003	5;55;5;60000					1	绝境·失序·二	絕境·失序·二	Abyssal (Disorder) II	絶境・混沌Ⅱ	디소더·인페르노II	วิกฤต·สูญสมดุล·2
2340003	340	3	0	93065;93066			300;300;200	0;0;0	8;12;0	4100032;5112001;4105023;3000003	5;60;5;70000					1	绝境·失序·三	絕境·失序·三	Abyssal (Disorder) III	絶境・混沌Ⅲ	디소더·인페르노III	วิกฤต·สูญสมดุล·3
2340004	340	4	0	93067;93068			300;300;200	0;0;0	8;12;0	4100032;5112001;4105023;3000003	5;65;10;80000					1	绝境·失序·四	絕境·失序·四	Abyssal (Disorder) IV	絶境・混沌Ⅳ	디소더·인페르노IV	วิกฤต·สูญสมดุล·4
2340005	340	5	0	93069;93070			300;300;200	0;0;0	8;12;0	4100032;5112001;4105023;3000003	5;70;10;90000					1	绝境·失序·五	絕境·失序·五	Abyssal (Disorder) V	絶境・混沌Ⅴ	디소더·인페르노V	วิกฤต·สูญสมดุล·5
2340006	340	6	0	93071;93072			300;300;200	0;0;0	8;12;0	4100032;5112001;4105023;3000003	5;75;10;100000					1	绝境·失序·六	絕境·失序·六	Abyssal (Disorder) VI	絶境・混沌Ⅵ	디소더·인페르노VI 	วิกฤต·สูญสมดุล·6
2340007	340	7	2340006	93073;93074			300;300;200	0;0;0	8;12;0	4100032;5112001;4105023;3000003	5;80;20;110000					1	绝境·失序·七	絕境·失序·七	Abyssal (Disorder) VII	絶境・混沌Ⅶ	디소더·인페르노VII	วิกฤต·สูญสมดุล·7
2340008	340	8	2340007	93075;93076			300;300;200	0;0;0	8;12;0	4100032;5112001;4105023;3000003	5;85;20;120000					1	绝境·失序·八	絕境·失序·八	Abyssal (Disorder) VIII	絶境・混沌Ⅷ	디소더·인페르노VIII	วิกฤต·สูญสมดุล·8
2340009	340	9	2340008	93077;93078			300;300;200	0;0;0	12;18;0	4100032;5112001;4105023;3000003	5;90;20;130000					1	绝境·失序·九	絕境·失序·九	Abyssal (Disorder) IX	絶境・混沌Ⅸ	디소더·인페르노IX	วิกฤต·สูญสมดุล·9
2340010	340	10	2340009	93079;93080			300;300;200	0;0;0	12;18;0	4100032;5112001;4105023;3000003	5;100;30;150000					1	绝境·失序·十	絕境·失序·十	Abyssal (Disorder) X	絶境・混沌Ⅹ	디소더·인페르노X	วิกฤต·สูญสมดุล·10
2440001	440	1	0	93081;93082			300;300;200	0;0;0	12;18;0	4100032;5112001;4105023;3000003	5;50;5;50000					1	挑战·失序·一	挑戰·失序·一	Challenge (Disorder) I	挑戦・混沌Ⅰ	도전·디소더I 	ท้าทาย·สูญสมดุล·1
2440002	440	2	2440001	93083;93084			300;300;200	0;0;0	12;18;0	4100032;5112001;4105023;3000003	5;55;5;60000					1	挑战·失序·二	挑戰·失序·二	Challenge (Disorder) II	挑戦・混沌Ⅱ	도전·디소더II	ท้าทาย·สูญสมดุล·2
2440003	440	3	2440002	93085;93086						4100032;5112001;4105023;3000003	5;60;5;70000					1	挑战·失序·三	挑戰·失序·三	Challenge (Disorder) III	挑戦・混沌Ⅲ	도전·디소더III	ท้าทาย·สูญสมดุล·3
2141001	141	1	0	93101;93102			300;300;200	0;0;0	8;12;0	4100032;5112001;4105023;3000003	2;20;1;5000					1	无归·一	無歸·一	Marooned I	不帰Ⅰ	논레페토I 	ไร้ทางกลับ·1
2141002	141	2	0	93103;93104			300;300;200	0;0;0	8;12;0	4100032;5112001;4105023;3000003	2;25;2;10000					1	无归·二	無歸·二	Marooned II	不帰Ⅱ	논레페토II	ไร้ทางกลับ·2
2141003	141	3	0	93105;93106			300;300;200	0;0;0	8;12;0	4100032;5112001;4105023;3000003	2;30;3;15000					1	无归·三	無歸·三	Marooned III	不帰Ⅲ	논레페토III	ไร้ทางกลับ·3
2141004	141	4	0	93107;93108			300;300;200	0;0;0	8;12;0	4100032;5112001;4105023;3000003	2;35;4;20000					1	无归·四	無歸·四	Marooned IV	不帰Ⅳ	논레페토IV	ไร้ทางกลับ·4
2141005	141	5	0	93109;93110			300;300;200	0;0;0	8;12;0	4100032;5112001;4105023;3000003	2;40;5;25000					1	无归·五	無歸·五	Marooned V	不帰Ⅴ	논레페토V	ไร้ทางกลับ·5
2141006	141	6	0	93111;93112			300;300;200	0;0;0	8;12;0	4100032;5112001;4105023;3000003	2;45;6;30000					1	无归·六	無歸·六	Marooned VI	不帰Ⅵ	논레페토VI 	ไร้ทางกลับ·6
2141007	141	7	0	93113;93114			300;300;200	0;0;0	8;12;0	4100032;5112001;4105023;3000003	2;50;7;35000					1	无归·七	無歸·七	Marooned VII	不帰Ⅶ	논레페토VII	ไร้ทางกลับ·7
2141008	141	8	0	93115;93116			300;300;200	0;0;0	8;12;0	4100032;5112001;4105023;3000003	2;55;8;40000					1	无归·八	無歸·八	Marooned VIII	不帰Ⅷ	논레페토VIII	ไร้ทางกลับ·8
2141009	141	9	0	93117;93118			300;300;200	0;0;0	12;18;0	4100032;5112001;4105023;3000003	2;60;9;45000					1	无归·九	無歸·九	Marooned IX	不帰Ⅸ	논레페토IX	ไร้ทางกลับ·9
2141010	141	10	2141009	93119;93120			300;300;200	0;0;0	12;18;0	4100032;5112001;4105023;3000003	2;70;10;50000					1	无归·十	無歸·十	Marooned X	不帰Ⅹ	논레페토X	ไร้ทางกลับ·10
2441001	441	1	0	93181;93182			300;300;200	0;0;0	12;18;0	4100032;5112001;4105023;3000003	5;50;5;50000					1	挑战·无归·一	挑戰·無歸·一	Challenge (Marooned) I	挑戦・不帰Ⅰ	도전·논레페토I 	ท้าทาย·ไร้ทางกลับ·1
2441002	441	2	2441001	93183;93184			300;300;200	0;0;0	12;18;0	4100032;5112001;4105023;3000003	5;55;5;60000					1	挑战·无归·二	挑戰·無歸·二	Challenge (Marooned) II	挑戦・不帰Ⅱ	도전·논레페토II	ท้าทาย·ไร้ทางกลับ·2
2441003	441	3	2441002	93185;93186						4100032;5112001;4105023;3000003	5;60;5;70000					1	挑战·无归·三	挑戰·無歸·三	Challenge (Marooned) III	挑戦・不帰Ⅲ	도전·논레페토III	ท้าทาย·ไร้ทางกลับ·3
2241001	241	1	0	93131;93132			300;300;200	0;0;0	8;12;0	4100032;5112001;4105023;3000003	5;50;5;50000					1	困难·无归·一	困難·無歸·一	Hard (Marooned) I	困難・不帰Ⅰ	논레페토·하드I 	ยาก·ไร้ทางกลับ·1
2241002	241	2	0	93133;93134			300;300;200	0;0;0	8;12;0	4100032;5112001;4105023;3000003	5;55;5;60000					1	困难·无归·二	困難·無歸·二	Hard (Marooned) II	困難・不帰Ⅱ	논레페토·하드II	ยาก·ไร้ทางกลับ·2
2241003	241	3	0	93135;93136			300;300;200	0;0;0	8;12;0	4100032;5112001;4105023;3000003	5;60;5;70000					1	困难·无归·三	困難·無歸·三	Hard (Marooned) III	困難・不帰Ⅲ	논레페토·하드III	ยาก·ไร้ทางกลับ·3
2241004	241	4	0	93137;93138			300;300;200	0;0;0	8;12;0	4100032;5112001;4105023;3000003	5;65;10;80000					1	困难·无归·四	困難·無歸·四	Hard (Marooned) IV	困難・不帰Ⅳ	논레페토·하드IV	ยาก·ไร้ทางกลับ·4
2241005	241	5	0	93139;93140			300;300;200	0;0;0	8;12;0	4100032;5112001;4105023;3000003	5;70;10;90000					1	困难·无归·五	困難·無歸·五	Hard (Marooned) V	困難・不帰Ⅴ	논레페토·하드V	ยาก·ไร้ทางกลับ·5
2241006	241	6	0	93141;93142			300;300;200	0;0;0	8;12;0	4100032;5112001;4105023;3000003	5;75;10;100000					1	困难·无归·六	困難·無歸·六	Hard (Marooned) VI	困難・不帰Ⅵ	논레페토·하드VI 	ยาก·ไร้ทางกลับ·6
2241007	241	7	2241006	93143;93144			300;300;200	0;0;0	8;12;0	4100032;5112001;4105023;3000003	5;80;20;110000					1	困难·无归·七	困難·無歸·七	Hard (Marooned) VII	困難・不帰Ⅶ	논레페토·하드VII	ยาก·ไร้ทางกลับ·7
2241008	241	8	2241007	93145;93146			300;300;200	0;0;0	8;12;0	4100032;5112001;4105023;3000003	5;85;20;120000					1	困难·无归·八	困難·無歸·八	Hard (Marooned) VIII	困難・不帰Ⅷ	논레페토·하드VIII	ยาก·ไร้ทางกลับ·8
2241009	241	9	2241008	93147;93148			300;300;200	0;0;0	12;18;0	4100032;5112001;4105023;3000003	5;90;20;130000					1	困难·无归·九	困難·無歸·九	Hard (Marooned) IX	困難・不帰Ⅸ	논레페토·하드IX	ยาก·ไร้ทางกลับ·9
2241010	241	10	2241009	93149;93150			300;300;200	0;0;0	12;18;0	4100032;5112001;4105023;3000003	5;100;30;150000					1	困难·无归·十	困難·無歸·十	Hard (Marooned) X	困難・不帰Ⅹ	논레페토·하드X	ยาก·ไร้ทางกลับ·10
2341001	341	1	0	93161;93162			300;300;200	0;0;0	8;12;0	4100032;5112001;4105023;3000003	5;50;5;50000					1	绝境·无归·一	絕境·無歸·一	Abyssal (Marooned) I	絶境・不帰Ⅰ	논레페토·인페르노I 	วิกฤต·ไร้ทางกลับ·1
2341002	341	2	0	93163;93164			300;300;200	0;0;0	8;12;0	4100032;5112001;4105023;3000003	5;55;5;60000					1	绝境·无归·二	絕境·無歸·二	Abyssal (Marooned) II	絶境・不帰Ⅱ	논레페토·인페르노II	วิกฤต·ไร้ทางกลับ·2
2341003	341	3	0	93165;93166			300;300;200	0;0;0	8;12;0	4100032;5112001;4105023;3000003	5;60;5;70000					1	绝境·无归·三	絕境·無歸·三	Abyssal (Marooned) III	絶境・不帰Ⅲ	논레페토·인페르노III	วิกฤต·ไร้ทางกลับ·3
2341004	341	4	0	93167;93168			300;300;200	0;0;0	8;12;0	4100032;5112001;4105023;3000003	5;65;10;80000					1	绝境·无归·四	絕境·無歸·四	Abyssal (Marooned) IV	絶境・不帰Ⅳ	논레페토·인페르노IV	วิกฤต·ไร้ทางกลับ·4
2341005	341	5	0	93169;93170			300;300;200	0;0;0	8;12;0	4100032;5112001;4105023;3000003	5;70;10;90000					1	绝境·无归·五	絕境·無歸·五	Abyssal (Marooned) V	絶境・不帰Ⅴ	논레페토·인페르노V	วิกฤต·ไร้ทางกลับ·5
2341006	341	6	0	93171;93172			300;300;200	0;0;0	8;12;0	4100032;5112001;4105023;3000003	5;75;10;100000					1	绝境·无归·六	絕境·無歸·六	Abyssal (Marooned) VI	絶境・不帰Ⅵ	논레페토·인페르노VI 	วิกฤต·ไร้ทางกลับ·6
2341007	341	7	2341006	93173;93174			300;300;200	0;0;0	8;12;0	4100032;5112001;4105023;3000003	5;80;20;110000					1	绝境·无归·七	絕境·無歸·七	Abyssal (Marooned) VII	絶境・不帰Ⅶ	논레페토·인페르노VII	วิกฤต·ไร้ทางกลับ·7
2341008	341	8	2341007	93175;93176			300;300;200	0;0;0	8;12;0	4100032;5112001;4105023;3000003	5;85;20;120000					1	绝境·无归·八	絕境·無歸·八	Abyssal (Marooned) VIII	絶境・不帰Ⅷ	논레페토·인페르노VIII	วิกฤต·ไร้ทางกลับ·8
2341009	341	9	2341008	93177;93178			300;300;200	0;0;0	12;18;0	4100032;5112001;4105023;3000003	5;90;20;130000					1	绝境·无归·九	絕境·無歸·九	Abyssal (Marooned) IX	絶境・不帰Ⅸ	논레페토·인페르노IX	วิกฤต·ไร้ทางกลับ·9
2341010	341	10	2341009	93179;93180			300;300;200	0;0;0	12;18;0	4100032;5112001;4105023;3000003	5;100;30;150000					1	绝境·无归·十	絕境·無歸·十	Abyssal (Marooned) X	絶境・不帰Ⅹ	논레페토·인페르노X	วิกฤต·ไร้ทางกลับ·10
2142001	142	1	0	95201;95202			300;300;200	0;0;0	8;12;0	4100032;5112001;4105023;3000003	2;20;1;5000					1	磐云·一	磐雲·一	Cloudborn I	盤石Ⅰ	솔리드I 	เมฆศิลา·1
2142002	142	2	0	95203;95204			300;300;200	0;0;0	8;12;0	4100032;5112001;4105023;3000003	2;25;2;10000					1	磐云·二	磐雲·二	Cloudborn II	盤石Ⅱ	솔리드II	เมฆศิลา·2
2142003	142	3	0	95205;95206			300;300;200	0;0;0	8;12;0	4100032;5112001;4105023;3000003	2;30;3;15000					1	磐云·三	磐雲·三	Cloudborn III	盤石Ⅲ	솔리드III	เมฆศิลา·3
2142004	142	4	0	95207;95208			300;300;200	0;0;0	8;12;0	4100032;5112001;4105023;3000003	2;35;4;20000					1	磐云·四	磐雲·四	Cloudborn IV	盤石Ⅳ	솔리드IV	เมฆศิลา·4
2142005	142	5	0	95209;95210			300;300;200	0;0;0	8;12;0	4100032;5112001;4105023;3000003	2;40;5;25000					1	磐云·五	磐雲·五	Cloudborn V	盤石Ⅴ	솔리드V	เมฆศิลา·5
2142006	142	6	0	95211;95212			300;300;200	0;0;0	8;12;0	4100032;5112001;4105023;3000003	2;45;6;30000					1	磐云·六	磐雲·六	Cloudborn VI	盤石Ⅵ	솔리드VI 	เมฆศิลา·6
2142007	142	7	0	95213;95214			300;300;200	0;0;0	8;12;0	4100032;5112001;4105023;3000003	2;50;7;35000					1	磐云·七	磐雲·七	Cloudborn VII	盤石Ⅶ	솔리드VII	เมฆศิลา·7
2142008	142	8	0	95215;95216			300;300;200	0;0;0	8;12;0	4100032;5112001;4105023;3000003	2;55;8;40000					1	磐云·八	磐雲·八	Cloudborn VIII	盤石Ⅷ	솔리드VIII	เมฆศิลา·8
2142009	142	9	0	95217;95218			300;300;200	0;0;0	12;18;0	4100032;5112001;4105023;3000003	2;60;9;45000					1	磐云·九	磐雲·九	Cloudborn IX	盤石Ⅸ	솔리드IX	เมฆศิลา·9
2142010	142	10	2142009	95219;95220			300;300;200	0;0;0	12;18;0	4100032;5112001;4105023;3000003	2;70;10;50000					1	磐云·十	磐雲·十	Cloudborn X	盤石Ⅹ	솔리드X	เมฆศิลา·10
2242001	242	1	0	95231;95232			300;300;200	0;0;0	8;12;0	4100032;5112001;4105023;3000003	5;50;5;50000					1	困难·磐云·一	困難·磐雲·一	Hard (Cloudborn) I	困難・盤石Ⅰ	솔리드·하드I 	ยาก·เมฆศิลา·1
2242002	242	2	0	95233;95234			300;300;200	0;0;0	8;12;0	4100032;5112001;4105023;3000003	5;55;5;60000					1	困难·磐云·二	困難·磐雲·二	Hard (Cloudborn) II	困難・盤石Ⅱ	솔리드·하드II 	ยาก·เมฆศิลา·2
2242003	242	3	0	95235;95236			300;300;200	0;0;0	8;12;0	4100032;5112001;4105023;3000003	5;60;5;70000					1	困难·磐云·三	困難·磐雲·三	Hard (Cloudborn) III	困難・盤石Ⅲ	솔리드·하드III 	ยาก·เมฆศิลา·3
2242004	242	4	0	95237;95238			300;300;200	0;0;0	8;12;0	4100032;5112001;4105023;3000003	5;65;10;80000					1	困难·磐云·四	困難·磐雲·四	Hard (Cloudborn) IV	困難・盤石Ⅳ	솔리드·하드IV	ยาก·เมฆศิลา·4
2242005	242	5	0	95239;95240			300;300;200	0;0;0	8;12;0	4100032;5112001;4105023;3000003	5;70;10;90000					1	困难·磐云·五	困難·磐雲·五	Hard (Cloudborn) V	困難・盤石Ⅴ	솔리드·하드V	ยาก·เมฆศิลา·5
2242006	242	6	0	95241;95242			300;300;200	0;0;0	8;12;0	4100032;5112001;4105023;3000003	5;75;10;100000					1	困难·磐云·六	困難·磐雲·六	Hard (Cloudborn) VI	困難・盤石Ⅵ	솔리드·하드VI 	ยาก·เมฆศิลา·6
2242007	242	7	2242006	95243;95244			300;300;200	0;0;0	8;12;0	4100032;5112001;4105023;3000003	5;80;20;110000					1	困难·磐云·七	困難·磐雲·七	Hard (Cloudborn) VII	困難・盤石Ⅶ	솔리드·하드VII 	ยาก·เมฆศิลา·7
2242008	242	8	2242007	95245;95246			300;300;200	0;0;0	8;12;0	4100032;5112001;4105023;3000003	5;85;20;120000					1	困难·磐云·八	困難·磐雲·八	Hard (Cloudborn) VIII	困難・盤石Ⅷ	솔리드·하드VIII 	ยาก·เมฆศิลา·8
2242009	242	9	2242008	95247;95248			300;300;200	0;0;0	12;18;0	4100032;5112001;4105023;3000003	5;90;20;130000					1	困难·磐云·九	困難·磐雲·九	Hard (Cloudborn) IX	困難・盤石Ⅸ	솔리드·하드IX	ยาก·เมฆศิลา·9
2242010	242	10	2242009	95249;95250			300;300;200	0;0;0	12;18;0	4100032;5112001;4105023;3000003	5;100;30;150000					1	困难·磐云·十	困難·磐雲·十	Hard (Cloudborn) X	困難・盤石Ⅹ	솔리드·하드X	ยาก·เมฆศิลา·10
2342001	342	1	0	95261;95262			300;300;200	0;0;0	8;12;0	4100032;5112001;4105023;3000003	5;50;5;50000					1	绝境·磐云·一	絕境·磐雲·一	Abyssal (Cloudborn) I	絶境・盤石Ⅰ	솔리드·인페르노I 	วิกฤต·เมฆศิลา·1
2342002	342	2	0	95263;95264			300;300;200	0;0;0	8;12;0	4100032;5112001;4105023;3000003	5;55;5;60000					1	绝境·磐云·二	絕境·磐雲·二	Abyssal (Cloudborn) II	絶境・盤石Ⅱ	솔리드·인페르노II 	วิกฤต·เมฆศิลา·2
2342003	342	3	0	95265;95266			300;300;200	0;0;0	8;12;0	4100032;5112001;4105023;3000003	5;60;5;70000					1	绝境·磐云·三	絕境·磐雲·三	Abyssal (Cloudborn) III	絶境・盤石Ⅲ	솔리드·인페르노III 	วิกฤต·เมฆศิลา·3
2342004	342	4	0	95267;95268			300;300;200	0;0;0	8;12;0	4100032;5112001;4105023;3000003	5;65;10;80000					1	绝境·磐云·四	絕境·磐雲·四	Abyssal (Cloudborn) IV	絶境・盤石Ⅳ	솔리드·인페르노IV	วิกฤต·เมฆศิลา·4
2342005	342	5	0	95269;95270			300;300;200	0;0;0	8;12;0	4100032;5112001;4105023;3000003	5;70;10;90000					1	绝境·磐云·五	絕境·磐雲·五	Abyssal (Cloudborn) V	絶境・盤石Ⅴ	솔리드·인페르노V	วิกฤต·เมฆศิลา·5
2342006	342	6	0	95271;95272			300;300;200	0;0;0	8;12;0	4100032;5112001;4105023;3000003	5;75;10;100000					1	绝境·磐云·六	絕境·磐雲·六	Abyssal (Cloudborn) VI	絶境・盤石Ⅵ	솔리드·인페르노VI 	วิกฤต·เมฆศิลา·6
2342007	342	7	2342006	95273;95274			300;300;200	0;0;0	8;12;0	4100032;5112001;4105023;3000003	5;80;20;110000					1	绝境·磐云·七	絕境·磐雲·七	Abyssal (Cloudborn) VII	絶境・盤石Ⅶ	솔리드·인페르노VII 	วิกฤต·เมฆศิลา·7
2342008	342	8	2342007	95275;95276			300;300;200	0;0;0	8;12;0	4100032;5112001;4105023;3000003	5;85;20;120000					1	绝境·磐云·八	絕境·磐雲·八	Abyssal (Cloudborn) VIII	絶境・盤石Ⅷ	솔리드·인페르노VIII 	วิกฤต·เมฆศิลา·8
2342009	342	9	2342008	95277;95278			300;300;200	0;0;0	12;18;0	4100032;5112001;4105023;3000003	5;90;20;130000					1	绝境·磐云·九	絕境·磐雲·九	Abyssal (Cloudborn) IX	絶境・盤石Ⅸ	솔리드·인페르노IX	วิกฤต·เมฆศิลา·9
2342010	342	10	2342009	95279;95280			300;300;200	0;0;0	12;18;0	4100032;5112001;4105023;3000003	5;100;30;150000					1	绝境·磐云·十	絕境·磐雲·十	Abyssal (Cloudborn) X	絶境・盤石Ⅹ	솔리드·인페르노X	วิกฤต·เมฆศิลา·10
2442001	442	1	0	95281;95282			300;300;200	0;0;0	12;18;0	4100032;5112001;4105023;3000003	5;50;5;50000					1	挑战·磐云·一	挑戰·磐雲·一	Challenge (Cloudborn) I	挑戦・盤石Ⅰ	솔리드·도전I 	ท้าทาย·เมฆศิลา·1
2442002	442	2	2442001	95283;95284			300;300;200	0;0;0	12;18;0	4100032;5112001;4105023;3000003	5;55;5;60000					1	挑战·磐云·二	挑戰·磐雲·二	Challenge (Cloudborn) II	挑戦・盤石Ⅱ	솔리드·도전II	ท้าทาย·เมฆศิลา·2
2442003	442	3	2442002	95285;95286						4100032;5112001;4105023;3000003	5;60;5;70000					1	挑战·磐云·三	挑戰·磐雲·三	Challenge (Cloudborn) III	挑戦・盤石Ⅲ	솔리드·도전III 	ท้าทาย·เมฆศิลา·3
2143001	143	1	0	95301;95302			300;300;200	0;0;0	8;12;0	4100032;5112001;4105023;3000003	2;20;1;5000					1	浊尘·一	濁塵·一	Fouldust I	汚塵Ⅰ	머디I 	ฝุ่นมัวหมอง·1
2143002	143	2	0	95303;95304			300;300;200	0;0;0	8;12;0	4100032;5112001;4105023;3000003	2;25;2;10000					1	浊尘·二	濁塵·二	Fouldust II	汚塵Ⅱ	머디II	ฝุ่นมัวหมอง·2
2143003	143	3	0	95305;95306			300;300;200	0;0;0	8;12;0	4100032;5112001;4105023;3000003	2;30;3;15000					1	浊尘·三	濁塵·三	Fouldust III	汚塵Ⅲ	머디III	ฝุ่นมัวหมอง·3
2143004	143	4	0	95307;95308			300;300;200	0;0;0	8;12;0	4100032;5112001;4105023;3000003	2;35;4;20000					1	浊尘·四	濁塵·四	Fouldust IV	汚塵Ⅳ	머디IV	ฝุ่นมัวหมอง·4
2143005	143	5	0	95309;95310			300;300;200	0;0;0	8;12;0	4100032;5112001;4105023;3000003	2;40;5;25000					1	浊尘·五	濁塵·五	Fouldust V	汚塵Ⅴ	머디V	ฝุ่นมัวหมอง·5
2143006	143	6	0	95311;95312			300;300;200	0;0;0	8;12;0	4100032;5112001;4105023;3000003	2;45;6;30000					1	浊尘·六	濁塵·六	Fouldust VI	汚塵Ⅵ	머디VI 	ฝุ่นมัวหมอง·6
2143007	143	7	0	95313;95314			300;300;200	0;0;0	8;12;0	4100032;5112001;4105023;3000003	2;50;7;35000					1	浊尘·七	濁塵·七	Fouldust VII	汚塵Ⅶ	머디VII	ฝุ่นมัวหมอง·7
2143008	143	8	0	95315;95316			300;300;200	0;0;0	8;12;0	4100032;5112001;4105023;3000003	2;55;8;40000					1	浊尘·八	濁塵·八	Fouldust VIII	汚塵Ⅷ	머디VIII	ฝุ่นมัวหมอง·8
2143009	143	9	0	95317;95318			300;300;200	0;0;0	12;18;0	4100032;5112001;4105023;3000003	2;60;9;45000					1	浊尘·九	濁塵·九	Fouldust IX	汚塵Ⅸ	머디IX	ฝุ่นมัวหมอง·9
2143010	143	10	2143009	95319;95320			300;300;200	0;0;0	12;18;0	4100032;5112001;4105023;3000003	2;70;10;50000					1	浊尘·十	濁塵·十	Fouldust X	汚塵Ⅹ	머디X	ฝุ่นมัวหมอง·10
2243001	243	1	0	95331;95332			300;300;200	0;0;0	8;12;0	4100032;5112001;4105023;3000003	5;50;5;50000					1	困难·浊尘·一	困難·濁塵·一	Hard (Fouldust) I	困難・汚塵Ⅰ	머디·하드I 	ยาก·ฝุ่นมัวหมอง·1
2243002	243	2	0	95333;95334			300;300;200	0;0;0	8;12;0	4100032;5112001;4105023;3000003	5;55;5;60000					1	困难·浊尘·二	困難·濁塵·二	Hard (Fouldust) II	困難・汚塵Ⅱ	머디·하드II 	ยาก·ฝุ่นมัวหมอง·2
2243003	243	3	0	95335;95336			300;300;200	0;0;0	8;12;0	4100032;5112001;4105023;3000003	5;60;5;70000					1	困难·浊尘·三	困難·濁塵·三	Hard (Fouldust) III	困難・汚塵Ⅲ	머디·하드III 	ยาก·ฝุ่นมัวหมอง·3
2243004	243	4	0	95337;95338			300;300;200	0;0;0	8;12;0	4100032;5112001;4105023;3000003	5;65;10;80000					1	困难·浊尘·四	困難·濁塵·四	Hard (Fouldust) IV	困難・汚塵Ⅳ	머디·하드IV	ยาก·ฝุ่นมัวหมอง·4
2243005	243	5	0	95339;95340			300;300;200	0;0;0	8;12;0	4100032;5112001;4105023;3000003	5;70;10;90000					1	困难·浊尘·五	困難·濁塵·五	Hard (Fouldust) V	困難・汚塵Ⅴ	머디·하드V	ยาก·ฝุ่นมัวหมอง·5
2243006	243	6	0	95341;95342			300;300;200	0;0;0	8;12;0	4100032;5112001;4105023;3000003	5;75;10;100000					1	困难·浊尘·六	困難·濁塵·六	Hard (Fouldust) VI	困難・汚塵Ⅵ	머디·하드VI 	ยาก·ฝุ่นมัวหมอง·6
2243007	243	7	2243006	95343;95344			300;300;200	0;0;0	8;12;0	4100032;5112001;4105023;3000003	5;80;20;110000					1	困难·浊尘·七	困難·濁塵·七	Hard (Fouldust) VII	困難・汚塵Ⅶ	머디·하드VII 	ยาก·ฝุ่นมัวหมอง·7
2243008	243	8	2243007	95345;95346			300;300;200	0;0;0	8;12;0	4100032;5112001;4105023;3000003	5;85;20;120000					1	困难·浊尘·八	困難·濁塵·八	Hard (Fouldust) VIII	困難・汚塵Ⅷ	머디·하드VIII 	ยาก·ฝุ่นมัวหมอง·8
2243009	243	9	2243008	95347;95348			300;300;200	0;0;0	12;18;0	4100032;5112001;4105023;3000003	5;90;20;130000					1	困难·浊尘·九	困難·濁塵·九	Hard (Fouldust) IX	困難・汚塵Ⅸ	머디·하드IX	ยาก·ฝุ่นมัวหมอง·9
2243010	243	10	2243009	95349;95350			300;300;200	0;0;0	12;18;0	4100032;5112001;4105023;3000003	5;100;30;150000					1	困难·浊尘·十	困難·濁塵·十	Hard (Fouldust) X	困難・汚塵Ⅹ	머디·하드X	ยาก·ฝุ่นมัวหมอง·10
2343001	343	1	0	95361;95362			300;300;200	0;0;0	8;12;0	4100032;5112001;4105023;3000003	5;50;5;50000					1	绝境·浊尘·一	絕境·濁塵·一	Abyssal (Fouldust) I	絶境・汚塵Ⅰ	머디·인페르노I 	วิกฤต·ฝุ่นมัวหมอง·1
2343002	343	2	0	95363;95364			300;300;200	0;0;0	8;12;0	4100032;5112001;4105023;3000003	5;55;5;60000					1	绝境·浊尘·二	絕境·濁塵·二	Abyssal (Fouldust) II	絶境・汚塵Ⅱ	머디·인페르노II 	วิกฤต·ฝุ่นมัวหมอง·2
2343003	343	3	0	95365;95366			300;300;200	0;0;0	8;12;0	4100032;5112001;4105023;3000003	5;60;5;70000					1	绝境·浊尘·三	絕境·濁塵·三	Abyssal (Fouldust) III	絶境・汚塵Ⅲ	머디·인페르노III 	วิกฤต·ฝุ่นมัวหมอง·3
2343004	343	4	0	95367;95368			300;300;200	0;0;0	8;12;0	4100032;5112001;4105023;3000003	5;65;10;80000					1	绝境·浊尘·四	絕境·濁塵·四	Abyssal (Fouldust) IV	絶境・汚塵Ⅳ	머디·인페르노IV	วิกฤต·ฝุ่นมัวหมอง·4
2343005	343	5	0	95369;95370			300;300;200	0;0;0	8;12;0	4100032;5112001;4105023;3000003	5;70;10;90000					1	绝境·浊尘·五	絕境·濁塵·五	Abyssal (Fouldust) V	絶境・汚塵Ⅴ	머디·인페르노V	วิกฤต·ฝุ่นมัวหมอง·5
2343006	343	6	0	95371;95372			300;300;200	0;0;0	8;12;0	4100032;5112001;4105023;3000003	5;75;10;100000					1	绝境·浊尘·六	絕境·濁塵·六	Abyssal (Fouldust) VI	絶境・汚塵Ⅵ	머디·인페르노VI 	วิกฤต·ฝุ่นมัวหมอง·6
2343007	343	7	2343006	95373;95374			300;300;200	0;0;0	8;12;0	4100032;5112001;4105023;3000003	5;80;20;110000					1	绝境·浊尘·七	絕境·濁塵·七	Abyssal (Fouldust) VII	絶境・汚塵Ⅶ	머디·인페르노VII 	วิกฤต·ฝุ่นมัวหมอง·7
2343008	343	8	2343007	95375;95376			300;300;200	0;0;0	8;12;0	4100032;5112001;4105023;3000003	5;85;20;120000					1	绝境·浊尘·八	絕境·濁塵·八	Abyssal (Fouldust) VIII	絶境・汚塵Ⅷ	머디·인페르노VIII 	วิกฤต·ฝุ่นมัวหมอง·8
2343009	343	9	2343008	95377;95378			300;300;200	0;0;0	12;18;0	4100032;5112001;4105023;3000003	5;90;20;130000					1	绝境·浊尘·九	絕境·濁塵·九	Abyssal (Fouldust) IX	絶境・汚塵Ⅸ	머디·인페르노IX	วิกฤต·ฝุ่นมัวหมอง·9
2343010	343	10	2343009	95379;95380			300;300;200	0;0;0	12;18;0	4100032;5112001;4105023;3000003	5;100;30;150000					1	绝境·浊尘·十	絕境·濁塵·十	Abyssal (Fouldust) X	絶境・汚塵Ⅹ	머디·인페르노X	วิกฤต·ฝุ่นมัวหมอง·10
2443001	443	1	0	95381;95382			300;300;200	0;0;0	12;18;0	4100032;5112001;4105023;3000003	5;50;5;50000					1	挑战·浊尘·一	挑戰·濁塵·一	Challenge (Fouldust) I	挑戦・汚塵Ⅰ	머디·도전I 	ท้าทาย·ฝุ่นมัวหมอง·1
2443002	443	2	2443001	95383;95384			300;300;200	0;0;0	12;18;0	4100032;5112001;4105023;3000003	5;55;5;60000					1	挑战·浊尘·二	挑戰·濁塵·二	Challenge (Fouldust) II	挑戦・汚塵Ⅱ	머디·도전II	ท้าทาย·ฝุ่นมัวหมอง·2
2443003	443	3	2443002	95385;95386						4100032;5112001;4105023;3000003	5;60;5;70000					1	挑战·浊尘·三	挑戰·濁塵·三	Challenge (Fouldust) III	挑戦・汚塵Ⅲ	머디·도전III 	ท้าทาย·ฝุ่นมัวหมอง·3
2144001	144	1	0	95401;95402			300;300;200	0;0;0	8;12;0	4100032;5112001;4105023;3000003	2;20;1;5000					1	磐云·一	磐雲·一	Cloudborn I	盤石Ⅰ	솔리드I 	เมฆศิลา·1
2144002	144	2	0	95403;95404			300;300;200	0;0;0	8;12;0	4100032;5112001;4105023;3000003	2;25;2;10000					1	磐云·二	磐雲·二	Cloudborn II	盤石Ⅱ	솔리드II	เมฆศิลา·2
2144003	144	3	0	95405;95406			300;300;200	0;0;0	8;12;0	4100032;5112001;4105023;3000003	2;30;3;15000					1	磐云·三	磐雲·三	Cloudborn III	盤石Ⅲ	솔리드III	เมฆศิลา·3
2144004	144	4	0	95407;95408			300;300;200	0;0;0	8;12;0	4100032;5112001;4105023;3000003	2;35;4;20000					1	磐云·四	磐雲·四	Cloudborn IV	盤石Ⅳ	솔리드IV	เมฆศิลา·4
2144005	144	5	0	95409;95410			300;300;200	0;0;0	8;12;0	4100032;5112001;4105023;3000003	2;40;5;25000					1	磐云·五	磐雲·五	Cloudborn V	盤石Ⅴ	솔리드V	เมฆศิลา·5
2144006	144	6	0	95411;95412			300;300;200	0;0;0	8;12;0	4100032;5112001;4105023;3000003	2;45;6;30000					1	磐云·六	磐雲·六	Cloudborn VI	盤石Ⅵ	솔리드VI 	เมฆศิลา·6
2144007	144	7	0	95413;95414			300;300;200	0;0;0	8;12;0	4100032;5112001;4105023;3000003	2;50;7;35000					1	磐云·七	磐雲·七	Cloudborn VII	盤石Ⅶ	솔리드VII	เมฆศิลา·7
2144008	144	8	0	95415;95416			300;300;200	0;0;0	8;12;0	4100032;5112001;4105023;3000003	2;55;8;40000					1	磐云·八	磐雲·八	Cloudborn VIII	盤石Ⅷ	솔리드VIII	เมฆศิลา·8
2144009	144	9	0	95417;95418			300;300;200	0;0;0	12;18;0	4100032;5112001;4105023;3000003	2;60;9;45000					1	磐云·九	磐雲·九	Cloudborn IX	盤石Ⅸ	솔리드IX	เมฆศิลา·9
2144010	144	10	2144009	95419;95420			300;300;200	0;0;0	12;18;0	4100032;5112001;4105023;3000003	2;70;10;50000					1	磐云·十	磐雲·十	Cloudborn X	盤石Ⅹ	솔리드X	เมฆศิลา·10
2244001	244	1	0	95431;95432			300;300;200	0;0;0	8;12;0	4100032;5112001;4105023;3000003	5;50;5;50000					1	困难·磐云·一	困難·磐雲·一	Hard (Cloudborn) I	困難・盤石Ⅰ	솔리드·하드I 	ยาก·เมฆศิลา·1
2244002	244	2	0	95433;95434			300;300;200	0;0;0	8;12;0	4100032;5112001;4105023;3000003	5;55;5;60000					1	困难·磐云·二	困難·磐雲·二	Hard (Cloudborn) II	困難・盤石Ⅱ	솔리드·하드II 	ยาก·เมฆศิลา·2
2244003	244	3	0	95435;95436			300;300;200	0;0;0	8;12;0	4100032;5112001;4105023;3000003	5;60;5;70000					1	困难·磐云·三	困難·磐雲·三	Hard (Cloudborn) III	困難・盤石Ⅲ	솔리드·하드III 	ยาก·เมฆศิลา·3
2244004	244	4	0	95437;95438			300;300;200	0;0;0	8;12;0	4100032;5112001;4105023;3000003	5;65;10;80000					1	困难·磐云·四	困難·磐雲·四	Hard (Cloudborn) IV	困難・盤石Ⅳ	솔리드·하드IV	ยาก·เมฆศิลา·4
2244005	244	5	0	95439;95440			300;300;200	0;0;0	8;12;0	4100032;5112001;4105023;3000003	5;70;10;90000					1	困难·磐云·五	困難·磐雲·五	Hard (Cloudborn) V	困難・盤石Ⅴ	솔리드·하드V	ยาก·เมฆศิลา·5
2244006	244	6	0	95441;95442			300;300;200	0;0;0	8;12;0	4100032;5112001;4105023;3000003	5;75;10;100000					1	困难·磐云·六	困難·磐雲·六	Hard (Cloudborn) VI	困難・盤石Ⅵ	솔리드·하드VI 	ยาก·เมฆศิลา·6
2244007	244	7	2244006	95443;95444			300;300;200	0;0;0	8;12;0	4100032;5112001;4105023;3000003	5;80;20;110000					1	困难·磐云·七	困難·磐雲·七	Hard (Cloudborn) VII	困難・盤石Ⅶ	솔리드·하드VII 	ยาก·เมฆศิลา·7
2244008	244	8	2244007	95445;95446			300;300;200	0;0;0	8;12;0	4100032;5112001;4105023;3000003	5;85;20;120000					1	困难·磐云·八	困難·磐雲·八	Hard (Cloudborn) VIII	困難・盤石Ⅷ	솔리드·하드VIII 	ยาก·เมฆศิลา·8
2244009	244	9	2244008	95447;95448			300;300;200	0;0;0	12;18;0	4100032;5112001;4105023;3000003	5;90;20;130000					1	困难·磐云·九	困難·磐雲·九	Hard (Cloudborn) IX	困難・盤石Ⅸ	솔리드·하드IX	ยาก·เมฆศิลา·9
2244010	244	10	2244009	95449;95450			300;300;200	0;0;0	12;18;0	4100032;5112001;4105023;3000003	5;100;30;150000					1	困难·磐云·十	困難·磐雲·十	Hard (Cloudborn) X	困難・盤石Ⅹ	솔리드·하드X	ยาก·เมฆศิลา·10
2344001	344	1	0	95461;95462			300;300;200	0;0;0	8;12;0	4100032;5112001;4105023;3000003	5;50;5;50000					1	绝境·磐云·一	絕境·磐雲·一	Abyssal (Cloudborn) I	絶境・盤石Ⅰ	솔리드·인페르노I 	วิกฤต·เมฆศิลา·1
2344002	344	2	0	95463;95464			300;300;200	0;0;0	8;12;0	4100032;5112001;4105023;3000003	5;55;5;60000					1	绝境·磐云·二	絕境·磐雲·二	Abyssal (Cloudborn) II	絶境・盤石Ⅱ	솔리드·인페르노II 	วิกฤต·เมฆศิลา·2
2344003	344	3	0	95465;95466			300;300;200	0;0;0	8;12;0	4100032;5112001;4105023;3000003	5;60;5;70000					1	绝境·磐云·三	絕境·磐雲·三	Abyssal (Cloudborn) III	絶境・盤石Ⅲ	솔리드·인페르노III 	วิกฤต·เมฆศิลา·3
2344004	344	4	0	95467;95468			300;300;200	0;0;0	8;12;0	4100032;5112001;4105023;3000003	5;65;10;80000					1	绝境·磐云·四	絕境·磐雲·四	Abyssal (Cloudborn) IV	絶境・盤石Ⅳ	솔리드·인페르노IV	วิกฤต·เมฆศิลา·4
2344005	344	5	0	95469;95470			300;300;200	0;0;0	8;12;0	4100032;5112001;4105023;3000003	5;70;10;90000					1	绝境·磐云·五	絕境·磐雲·五	Abyssal (Cloudborn) V	絶境・盤石Ⅴ	솔리드·인페르노V	วิกฤต·เมฆศิลา·5
2344006	344	6	0	95471;95472			300;300;200	0;0;0	8;12;0	4100032;5112001;4105023;3000003	5;75;10;100000					1	绝境·磐云·六	絕境·磐雲·六	Abyssal (Cloudborn) VI	絶境・盤石Ⅵ	솔리드·인페르노VI 	วิกฤต·เมฆศิลา·6
2344007	344	7	2344006	95473;95474			300;300;200	0;0;0	8;12;0	4100032;5112001;4105023;3000003	5;80;20;110000					1	绝境·磐云·七	絕境·磐雲·七	Abyssal (Cloudborn) VII	絶境・盤石Ⅶ	솔리드·인페르노VII 	วิกฤต·เมฆศิลา·7
2344008	344	8	2344007	95475;95476			300;300;200	0;0;0	8;12;0	4100032;5112001;4105023;3000003	5;85;20;120000					1	绝境·磐云·八	絕境·磐雲·八	Abyssal (Cloudborn) VIII	絶境・盤石Ⅷ	솔리드·인페르노VIII 	วิกฤต·เมฆศิลา·8
2344009	344	9	2344008	95477;95478			300;300;200	0;0;0	12;18;0	4100032;5112001;4105023;3000003	5;90;20;130000					1	绝境·磐云·九	絕境·磐雲·九	Abyssal (Cloudborn) IX	絶境・盤石Ⅸ	솔리드·인페르노IX	วิกฤต·เมฆศิลา·9
2344010	344	10	2344009	95479;95480			300;300;200	0;0;0	12;18;0	4100032;5112001;4105023;3000003	5;100;30;150000					1	绝境·磐云·十	絕境·磐雲·十	Abyssal (Cloudborn) X	絶境・盤石Ⅹ	솔리드·인페르노X	วิกฤต·เมฆศิลา·10
2444001	444	1	0	95481;95482			300;300;200	0;0;0	12;18;0	4100032;5112001;4105023;3000003	5;50;5;50000					1	挑战·磐云·一	挑戰·磐雲·一	Challenge (Cloudborn) I	挑戦・盤石Ⅰ	솔리드·도전I 	ท้าทาย·เมฆศิลา·1
2444002	444	2	2444001	95483;95484			300;300;200	0;0;0	12;18;0	4100032;5112001;4105023;3000003	5;55;5;60000					1	挑战·磐云·二	挑戰·磐雲·二	Challenge (Cloudborn) II	挑戦・盤石Ⅱ	솔리드·도전II	ท้าทาย·เมฆศิลา·2
2444003	444	3	2444002	95485;95486						4100032;5112001;4105023;3000003	5;60;5;70000					1	挑战·磐云·三	挑戰·磐雲·三	Challenge (Cloudborn) III	挑戦・盤石Ⅲ	솔리드·도전III 	ท้าทาย·เมฆศิลา·3
2145001	145	1	0	95501;95502			300;300;200	0;0;0	8;12;0	4100032;5112001;4105023;3000003	2;20;1;5000					1	蜜茧·一	蜜繭·一	Honeycomb I	蜜繭Ⅰ	코쿤I 	รังน้ำผึ้ง·1
2145002	145	2	0	95503;95504			300;300;200	0;0;0	8;12;0	4100032;5112001;4105023;3000003	2;25;2;10000					1	蜜茧·二	蜜繭·二	Honeycomb II	蜜繭Ⅱ	코쿤II	รังน้ำผึ้ง·2
2145003	145	3	0	95505;95506			300;300;200	0;0;0	8;12;0	4100032;5112001;4105023;3000003	2;30;3;15000					1	蜜茧·三	蜜繭·三	Honeycomb III	蜜繭Ⅲ	코쿤III	รังน้ำผึ้ง·3
2145004	145	4	0	95507;95508			300;300;200	0;0;0	8;12;0	4100032;5112001;4105023;3000003	2;35;4;20000					1	蜜茧·四	蜜繭·四	Honeycomb IV	蜜繭Ⅳ	코쿤IV	รังน้ำผึ้ง·4
2145005	145	5	0	95509;95510			300;300;200	0;0;0	8;12;0	4100032;5112001;4105023;3000003	2;40;5;25000					1	蜜茧·五	蜜繭·五	Honeycomb V	蜜繭Ⅴ	코쿤V	รังน้ำผึ้ง·5
2145006	145	6	0	95511;95512			300;300;200	0;0;0	8;12;0	4100032;5112001;4105023;3000003	2;45;6;30000					1	蜜茧·六	蜜繭·六	Honeycomb VI	蜜繭Ⅵ	코쿤VI 	รังน้ำผึ้ง·6
2145007	145	7	0	95513;95514			300;300;200	0;0;0	8;12;0	4100032;5112001;4105023;3000003	2;50;7;35000					1	蜜茧·七	蜜繭·七	Honeycomb VII	蜜繭Ⅶ	코쿤VII	รังน้ำผึ้ง·7
2145008	145	8	0	95515;95516			300;300;200	0;0;0	8;12;0	4100032;5112001;4105023;3000003	2;55;8;40000					1	蜜茧·八	蜜繭·八	Honeycomb VIII	蜜繭Ⅷ	코쿤VIII	รังน้ำผึ้ง·8
2145009	145	9	0	95517;95518			300;300;200	0;0;0	12;18;0	4100032;5112001;4105023;3000003	2;60;9;45000					1	蜜茧·九	蜜繭·九	Honeycomb IX	蜜繭Ⅸ	코쿤IX	รังน้ำผึ้ง·9
2145010	145	10	2145009	95519;95520			300;300;200	0;0;0	12;18;0	4100032;5112001;4105023;3000003	2;70;10;50000					1	蜜茧·十	蜜繭·十	Honeycomb X	蜜繭Ⅹ	코쿤X	รังน้ำผึ้ง·10
2245001	245	1	0	95531;95532			300;300;200	0;0;0	8;12;0	4100032;5112001;4105023;3000003	5;50;5;50000					1	困难·蜜茧·一	困難·蜜繭·一	Hard (Honeycomb) I	困難・蜜繭Ⅰ	코쿤·하드I 	ยาก·รังน้ำผึ้ง·1
2245002	245	2	0	95533;95534			300;300;200	0;0;0	8;12;0	4100032;5112001;4105023;3000003	5;55;5;60000					1	困难·蜜茧·二	困難·蜜繭·二	Hard (Honeycomb) II	困難・蜜繭Ⅱ	코쿤·하드II 	ยาก·รังน้ำผึ้ง·2
2245003	245	3	0	95535;95536			300;300;200	0;0;0	8;12;0	4100032;5112001;4105023;3000003	5;60;5;70000					1	困难·蜜茧·三	困難·蜜繭·三	Hard (Honeycomb) III	困難・蜜繭Ⅲ	코쿤·하드III 	ยาก·รังน้ำผึ้ง·3
2245004	245	4	0	95537;95538			300;300;200	0;0;0	8;12;0	4100032;5112001;4105023;3000003	5;65;10;80000					1	困难·蜜茧·四	困難·蜜繭·四	Hard (Honeycomb) IV	困難・蜜繭Ⅳ	코쿤·하드IV	ยาก·รังน้ำผึ้ง·4
2245005	245	5	0	95539;95540			300;300;200	0;0;0	8;12;0	4100032;5112001;4105023;3000003	5;70;10;90000					1	困难·蜜茧·五	困難·蜜繭·五	Hard (Honeycomb) V	困難・蜜繭Ⅴ	코쿤·하드V	ยาก·รังน้ำผึ้ง·5
2245006	245	6	0	95541;95542			300;300;200	0;0;0	8;12;0	4100032;5112001;4105023;3000003	5;75;10;100000					1	困难·蜜茧·六	困難·蜜繭·六	Hard (Honeycomb) VI	困難・蜜繭Ⅵ	코쿤·하드VI 	ยาก·รังน้ำผึ้ง·6
2245007	245	7	2245006	95543;95544			300;300;200	0;0;0	8;12;0	4100032;5112001;4105023;3000003	5;80;20;110000					1	困难·蜜茧·七	困難·蜜繭·七	Hard (Honeycomb) VII	困難・蜜繭Ⅶ	코쿤·하드VII 	ยาก·รังน้ำผึ้ง·7
2245008	245	8	2245007	95545;95546			300;300;200	0;0;0	8;12;0	4100032;5112001;4105023;3000003	5;85;20;120000					1	困难·蜜茧·八	困難·蜜繭·八	Hard (Honeycomb) VIII	困難・蜜繭Ⅷ	코쿤·하드VIII 	ยาก·รังน้ำผึ้ง·8
2245009	245	9	2245008	95547;95548			300;300;200	0;0;0	12;18;0	4100032;5112001;4105023;3000003	5;90;20;130000					1	困难·蜜茧·九	困難·蜜繭·九	Hard (Honeycomb) IX	困難・蜜繭Ⅸ	코쿤·하드IX	ยาก·รังน้ำผึ้ง·9
2245010	245	10	2245009	95549;95550			300;300;200	0;0;0	12;18;0	4100032;5112001;4105023;3000003	5;100;30;150000					1	困难·蜜茧·十	困難·蜜繭·十	Hard (Honeycomb) X	困難・蜜繭Ⅹ	코쿤·하드X	ยาก·รังน้ำผึ้ง·10
2345001	345	1	0	95561;95562			300;300;200	0;0;0	8;12;0	4100032;5112001;4105023;3000003	5;50;5;50000					1	绝境·蜜茧·一	絕境·蜜繭·一	Abyssal (Honeycomb) I	絶境・蜜繭Ⅰ	코쿤·인페르노I 	วิกฤต·รังน้ำผึ้ง·1
2345002	345	2	0	95563;95564			300;300;200	0;0;0	8;12;0	4100032;5112001;4105023;3000003	5;55;5;60000					1	绝境·蜜茧·二	絕境·蜜繭·二	Abyssal (Honeycomb) II	絶境・蜜繭Ⅱ	코쿤·인페르노II 	วิกฤต·รังน้ำผึ้ง·2
2345003	345	3	0	95565;95566			300;300;200	0;0;0	8;12;0	4100032;5112001;4105023;3000003	5;60;5;70000					1	绝境·蜜茧·三	絕境·蜜繭·三	Abyssal (Honeycomb) III	絶境・蜜繭Ⅲ	코쿤·인페르노III 	วิกฤต·รังน้ำผึ้ง·3
2345004	345	4	0	95567;95568			300;300;200	0;0;0	8;12;0	4100032;5112001;4105023;3000003	5;65;10;80000					1	绝境·蜜茧·四	絕境·蜜繭·四	Abyssal (Honeycomb) IV	絶境・蜜繭Ⅳ	코쿤·인페르노IV	วิกฤต·รังน้ำผึ้ง·4
2345005	345	5	0	95569;95570			300;300;200	0;0;0	8;12;0	4100032;5112001;4105023;3000003	5;70;10;90000					1	绝境·蜜茧·五	絕境·蜜繭·五	Abyssal (Honeycomb) V	絶境・蜜繭Ⅴ	코쿤·인페르노V	วิกฤต·รังน้ำผึ้ง·5
2345006	345	6	0	95571;95572			300;300;200	0;0;0	8;12;0	4100032;5112001;4105023;3000003	5;75;10;100000					1	绝境·蜜茧·六	絕境·蜜繭·六	Abyssal (Honeycomb) VI	絶境・蜜繭Ⅵ	코쿤·인페르노VI 	วิกฤต·รังน้ำผึ้ง·6
2345007	345	7	2345006	95573;95574			300;300;200	0;0;0	8;12;0	4100032;5112001;4105023;3000003	5;80;20;110000					1	绝境·蜜茧·七	絕境·蜜繭·七	Abyssal (Honeycomb) VII	絶境・蜜繭Ⅶ	코쿤·인페르노VII 	วิกฤต·รังน้ำผึ้ง·7
2345008	345	8	2345007	95575;95576			300;300;200	0;0;0	8;12;0	4100032;5112001;4105023;3000003	5;85;20;120000					1	绝境·蜜茧·八	絕境·蜜繭·八	Abyssal (Honeycomb) VIII	絶境・蜜繭Ⅷ	코쿤·인페르노VIII 	วิกฤต·รังน้ำผึ้ง·8
2345009	345	9	2345008	95577;95578			300;300;200	0;0;0	12;18;0	4100032;5112001;4105023;3000003	5;90;20;130000					1	绝境·蜜茧·九	絕境·蜜繭·九	Abyssal (Honeycomb) IX	絶境・蜜繭Ⅸ	코쿤·인페르노IX	วิกฤต·รังน้ำผึ้ง·9
2345010	345	10	2345009	95579;95580			300;300;200	0;0;0	12;18;0	4100032;5112001;4105023;3000003	5;100;30;150000					1	绝境·蜜茧·十	絕境·蜜繭·十	Abyssal (Honeycomb) X	絶境・蜜繭Ⅹ	코쿤·인페르노X	วิกฤต·รังน้ำผึ้ง·10
2445001	445	1	0	95581;95582			300;300;200	0;0;0	12;18;0	4100032;5112001;4105023;3000003	5;50;5;50000					1	挑战·蜜茧·一	挑戰·蜜繭·一	Challenge (Honeycomb) I	挑戦・蜜繭Ⅰ	코쿤·도전I 	ท้าทาย·รังน้ำผึ้ง·1
2445002	445	2	2445001	95583;95584			300;300;200	0;0;0	12;18;0	4100032;5112001;4105023;3000003	5;55;5;60000					1	挑战·蜜茧·二	挑戰·蜜繭·二	Challenge (Honeycomb) II	挑戦・蜜繭Ⅱ	코쿤·도전II	ท้าทาย·รังน้ำผึ้ง·2
2445003	445	3	2445002	95585;95586						4100032;5112001;4105023;3000003	5;60;5;70000					1	挑战·蜜茧·三	挑戰·蜜繭·三	Challenge (Honeycomb) III	挑戦・蜜繭Ⅲ	코쿤·도전III 	ท้าทาย·รังน้ำผึ้ง·3
2146001	146	1	0	95501;95502			300;300;200	0;0;0	8;12;0	4100032;5112001;4105023;3000003	2;20;1;5000					1	蜜茧·一	蜜繭·一	Honeycomb I	蜜繭Ⅰ	코쿤I 	รังน้ำผึ้ง·1
2146002	146	2	0	95503;95504			300;300;200	0;0;0	8;12;0	4100032;5112001;4105023;3000003	2;25;2;10000					1	蜜茧·二	蜜繭·二	Honeycomb II	蜜繭Ⅱ	코쿤II	รังน้ำผึ้ง·2
2146003	146	3	0	95505;95506			300;300;200	0;0;0	8;12;0	4100032;5112001;4105023;3000003	2;30;3;15000					1	蜜茧·三	蜜繭·三	Honeycomb III	蜜繭Ⅲ	코쿤III	รังน้ำผึ้ง·3
2146004	146	4	0	95507;95508			300;300;200	0;0;0	8;12;0	4100032;5112001;4105023;3000003	2;35;4;20000					1	蜜茧·四	蜜繭·四	Honeycomb IV	蜜繭Ⅳ	코쿤IV	รังน้ำผึ้ง·4
2146005	146	5	0	95509;95510			300;300;200	0;0;0	8;12;0	4100032;5112001;4105023;3000003	2;40;5;25000					1	蜜茧·五	蜜繭·五	Honeycomb V	蜜繭Ⅴ	코쿤V	รังน้ำผึ้ง·5
2146006	146	6	0	95511;95512			300;300;200	0;0;0	8;12;0	4100032;5112001;4105023;3000003	2;45;6;30000					1	蜜茧·六	蜜繭·六	Honeycomb VI	蜜繭Ⅵ	코쿤VI 	รังน้ำผึ้ง·6
2146007	146	7	0	95513;95514			300;300;200	0;0;0	8;12;0	4100032;5112001;4105023;3000003	2;50;7;35000					1	蜜茧·七	蜜繭·七	Honeycomb VII	蜜繭Ⅶ	코쿤VII	รังน้ำผึ้ง·7
2146008	146	8	0	95515;95516			300;300;200	0;0;0	8;12;0	4100032;5112001;4105023;3000003	2;55;8;40000					1	蜜茧·八	蜜繭·八	Honeycomb VIII	蜜繭Ⅷ	코쿤VIII	รังน้ำผึ้ง·8
2146009	146	9	0	95517;95518			300;300;200	0;0;0	12;18;0	4100032;5112001;4105023;3000003	2;60;9;45000					1	蜜茧·九	蜜繭·九	Honeycomb IX	蜜繭Ⅸ	코쿤IX	รังน้ำผึ้ง·9
2146010	146	10	2146009	95519;95520			300;300;200	0;0;0	12;18;0	4100032;5112001;4105023;3000003	2;70;10;50000					1	蜜茧·十	蜜繭·十	Honeycomb X	蜜繭Ⅹ	코쿤X	รังน้ำผึ้ง·10
2246001	246	1	0	95531;95532			300;300;200	0;0;0	8;12;0	4100032;5112001;4105023;3000003	5;50;5;50000					1	困难·蜜茧·一	困難·蜜繭·一	Hard (Honeycomb) I	困難・蜜繭Ⅰ	코쿤·하드I 	ยาก·รังน้ำผึ้ง·1
2246002	246	2	0	95533;95534			300;300;200	0;0;0	8;12;0	4100032;5112001;4105023;3000003	5;55;5;60000					1	困难·蜜茧·二	困難·蜜繭·二	Hard (Honeycomb) II	困難・蜜繭Ⅱ	코쿤·하드II 	ยาก·รังน้ำผึ้ง·2
2246003	246	3	0	95535;95536			300;300;200	0;0;0	8;12;0	4100032;5112001;4105023;3000003	5;60;5;70000					1	困难·蜜茧·三	困難·蜜繭·三	Hard (Honeycomb) III	困難・蜜繭Ⅲ	코쿤·하드III 	ยาก·รังน้ำผึ้ง·3
2246004	246	4	0	95537;95538			300;300;200	0;0;0	8;12;0	4100032;5112001;4105023;3000003	5;65;10;80000					1	困难·蜜茧·四	困難·蜜繭·四	Hard (Honeycomb) IV	困難・蜜繭Ⅳ	코쿤·하드IV	ยาก·รังน้ำผึ้ง·4
2246005	246	5	0	95539;95540			300;300;200	0;0;0	8;12;0	4100032;5112001;4105023;3000003	5;70;10;90000					1	困难·蜜茧·五	困難·蜜繭·五	Hard (Honeycomb) V	困難・蜜繭Ⅴ	코쿤·하드V	ยาก·รังน้ำผึ้ง·5
2246006	246	6	0	95541;95542			300;300;200	0;0;0	8;12;0	4100032;5112001;4105023;3000003	5;75;10;100000					1	困难·蜜茧·六	困難·蜜繭·六	Hard (Honeycomb) VI	困難・蜜繭Ⅵ	코쿤·하드VI 	ยาก·รังน้ำผึ้ง·6
2246007	246	7	2246006	95543;95544			300;300;200	0;0;0	8;12;0	4100032;5112001;4105023;3000003	5;80;20;110000					1	困难·蜜茧·七	困難·蜜繭·七	Hard (Honeycomb) VII	困難・蜜繭Ⅶ	코쿤·하드VII 	ยาก·รังน้ำผึ้ง·7
2246008	246	8	2246007	95545;95546			300;300;200	0;0;0	8;12;0	4100032;5112001;4105023;3000003	5;85;20;120000					1	困难·蜜茧·八	困難·蜜繭·八	Hard (Honeycomb) VIII	困難・蜜繭Ⅷ	코쿤·하드VIII 	ยาก·รังน้ำผึ้ง·8
2246009	246	9	2246008	95547;95548			300;300;200	0;0;0	12;18;0	4100032;5112001;4105023;3000003	5;90;20;130000					1	困难·蜜茧·九	困難·蜜繭·九	Hard (Honeycomb) IX	困難・蜜繭Ⅸ	코쿤·하드IX	ยาก·รังน้ำผึ้ง·9
2246010	246	10	2246009	95549;95550			300;300;200	0;0;0	12;18;0	4100032;5112001;4105023;3000003	5;100;30;150000					1	困难·蜜茧·十	困難·蜜繭·十	Hard (Honeycomb) X	困難・蜜繭Ⅹ	코쿤·하드X	ยาก·รังน้ำผึ้ง·10
2346001	346	1	0	95561;95562			300;300;200	0;0;0	8;12;0	4100032;5112001;4105023;3000003	5;50;5;50000					1	绝境·蜜茧·一	絕境·蜜繭·一	Abyssal (Honeycomb) I	絶境・蜜繭Ⅰ	코쿤·인페르노I 	วิกฤต·รังน้ำผึ้ง·1
2346002	346	2	0	95563;95564			300;300;200	0;0;0	8;12;0	4100032;5112001;4105023;3000003	5;55;5;60000					1	绝境·蜜茧·二	絕境·蜜繭·二	Abyssal (Honeycomb) II	絶境・蜜繭Ⅱ	코쿤·인페르노II 	วิกฤต·รังน้ำผึ้ง·2
2346003	346	3	0	95565;95566			300;300;200	0;0;0	8;12;0	4100032;5112001;4105023;3000003	5;60;5;70000					1	绝境·蜜茧·三	絕境·蜜繭·三	Abyssal (Honeycomb) III	絶境・蜜繭Ⅲ	코쿤·인페르노III 	วิกฤต·รังน้ำผึ้ง·3
2346004	346	4	0	95567;95568			300;300;200	0;0;0	8;12;0	4100032;5112001;4105023;3000003	5;65;10;80000					1	绝境·蜜茧·四	絕境·蜜繭·四	Abyssal (Honeycomb) IV	絶境・蜜繭Ⅳ	코쿤·인페르노IV	วิกฤต·รังน้ำผึ้ง·4
2346005	346	5	0	95569;95570			300;300;200	0;0;0	8;12;0	4100032;5112001;4105023;3000003	5;70;10;90000					1	绝境·蜜茧·五	絕境·蜜繭·五	Abyssal (Honeycomb) V	絶境・蜜繭Ⅴ	코쿤·인페르노V	วิกฤต·รังน้ำผึ้ง·5
2346006	346	6	0	95571;95572			300;300;200	0;0;0	8;12;0	4100032;5112001;4105023;3000003	5;75;10;100000					1	绝境·蜜茧·六	絕境·蜜繭·六	Abyssal (Honeycomb) VI	絶境・蜜繭Ⅵ	코쿤·인페르노VI 	วิกฤต·รังน้ำผึ้ง·6
2346007	346	7	2346006	95573;95574			300;300;200	0;0;0	8;12;0	4100032;5112001;4105023;3000003	5;80;20;110000					1	绝境·蜜茧·七	絕境·蜜繭·七	Abyssal (Honeycomb) VII	絶境・蜜繭Ⅶ	코쿤·인페르노VII 	วิกฤต·รังน้ำผึ้ง·7
2346008	346	8	2346007	95575;95576			300;300;200	0;0;0	8;12;0	4100032;5112001;4105023;3000003	5;85;20;120000					1	绝境·蜜茧·八	絕境·蜜繭·八	Abyssal (Honeycomb) VIII	絶境・蜜繭Ⅷ	코쿤·인페르노VIII 	วิกฤต·รังน้ำผึ้ง·8
2346009	346	9	2346008	95577;95578			300;300;200	0;0;0	12;18;0	4100032;5112001;4105023;3000003	5;90;20;130000					1	绝境·蜜茧·九	絕境·蜜繭·九	Abyssal (Honeycomb) IX	絶境・蜜繭Ⅸ	코쿤·인페르노IX	วิกฤต·รังน้ำผึ้ง·9
2346010	346	10	2346009	95579;95580			300;300;200	0;0;0	12;18;0	4100032;5112001;4105023;3000003	5;100;30;150000					1	绝境·蜜茧·十	絕境·蜜繭·十	Abyssal (Honeycomb) X	絶境・蜜繭Ⅹ	코쿤·인페르노X	วิกฤต·รังน้ำผึ้ง·10
2446001	446	1	0	95581;95582			300;300;200	0;0;0	12;18;0	4100032;5112001;4105023;3000003	5;50;5;50000					1	挑战·蜜茧·一	挑戰·蜜繭·一	Challenge (Honeycomb) I	挑戦・蜜繭Ⅰ	코쿤·도전I 	ท้าทาย·รังน้ำผึ้ง·1
2446002	446	2	2446001	95583;95584			300;300;200	0;0;0	12;18;0	4100032;5112001;4105023;3000003	5;55;5;60000					1	挑战·蜜茧·二	挑戰·蜜繭·二	Challenge (Honeycomb) II	挑戦・蜜繭Ⅱ	코쿤·도전II	ท้าทาย·รังน้ำผึ้ง·2
2446003	446	3	2446002	95585;95586						4100032;5112001;4105023;3000003	5;60;5;70000					1	挑战·蜜茧·三	挑戰·蜜繭·三	Challenge (Honeycomb) III	挑戦・蜜繭Ⅲ	코쿤·도전III 	ท้าทาย·รังน้ำผึ้ง·3
2147001	147	1	0	95701;95702			300;300;200	0;0;0	8;12;0	4100032;5112001;4105023;3000003	2;20;1;5000					1	断罪·一	斷罪·一	Judgement I	断罪Ⅰ	단죄I 	นักโทษ·1
2147002	147	2	0	95703;95704			300;300;200	0;0;0	8;12;0	4100032;5112001;4105023;3000003	2;25;2;10000					1	断罪·二	斷罪·二	Judgement II	断罪Ⅱ	단죄II	นักโทษ·2
2147003	147	3	0	95705;95706			300;300;200	0;0;0	8;12;0	4100032;5112001;4105023;3000003	2;30;3;15000					1	断罪·三	斷罪·三	Judgement III	断罪Ⅲ	단죄III	นักโทษ·3
2147004	147	4	0	95707;95708			300;300;200	0;0;0	8;12;0	4100032;5112001;4105023;3000003	2;35;4;20000					1	断罪·四	斷罪·四	Judgement IV	断罪Ⅳ	단죄IV	นักโทษ·4
2147005	147	5	0	95709;95710			300;300;200	0;0;0	8;12;0	4100032;5112001;4105023;3000003	2;40;5;25000					1	断罪·五	斷罪·五	Judgement V	断罪Ⅴ	단죄V	นักโทษ·5
2147006	147	6	0	95711;95712			300;300;200	0;0;0	8;12;0	4100032;5112001;4105023;3000003	2;45;6;30000					1	断罪·六	斷罪·六	Judgement VI	断罪Ⅵ	단죄VI 	นักโทษ·6
2147007	147	7	0	95713;95714			300;300;200	0;0;0	8;12;0	4100032;5112001;4105023;3000003	2;50;7;35000					1	断罪·七	斷罪·七	Judgement VII	断罪Ⅶ	단죄VII	นักโทษ·7
2147008	147	8	0	95715;95716			300;300;200	0;0;0	8;12;0	4100032;5112001;4105023;3000003	2;55;8;40000					1	断罪·八	斷罪·八	Judgement VIII	断罪Ⅷ	단죄VIII	นักโทษ·8
2147009	147	9	0	95717;95718			300;300;200	0;0;0	12;18;0	4100032;5112001;4105023;3000003	2;60;9;45000					1	断罪·九	斷罪·九	Judgement IX	断罪Ⅸ	단죄IX	นักโทษ·9
2147010	147	10	2147009	95719;95720			300;300;200	0;0;0	12;18;0	4100032;5112001;4105023;3000003	2;70;10;50000					1	断罪·十	斷罪·十	Judgement X	断罪Ⅹ	단죄X	นักโทษ·10
2247001	247	1	0	95731;95732			300;300;200	0;0;0	8;12;0	4100032;5112001;4105023;3000003	5;50;5;50000					1	困难·断罪·一	困難·斷罪·一	Hard (Judgement) I	困難・断罪Ⅰ	단죄·하드I 	ยาก·นักโทษ·1
2247002	247	2	0	95733;95734			300;300;200	0;0;0	8;12;0	4100032;5112001;4105023;3000003	5;55;5;60000					1	困难·断罪·二	困難·斷罪·二	Hard (Judgement) II	困難・断罪Ⅱ	단죄·하드II 	ยาก·นักโทษ·2
2247003	247	3	0	95735;95736			300;300;200	0;0;0	8;12;0	4100032;5112001;4105023;3000003	5;60;5;70000					1	困难·断罪·三	困難·斷罪·三	Hard (Judgement) III	困難・断罪Ⅲ	단죄·하드III 	ยาก·นักโทษ·3
2247004	247	4	0	95737;95738			300;300;200	0;0;0	8;12;0	4100032;5112001;4105023;3000003	5;65;10;80000					1	困难·断罪·四	困難·斷罪·四	Hard (Judgement) IV	困難・断罪Ⅳ	단죄·하드IV	ยาก·นักโทษ·4
2247005	247	5	0	95739;95740			300;300;200	0;0;0	8;12;0	4100032;5112001;4105023;3000003	5;70;10;90000					1	困难·断罪·五	困難·斷罪·五	Hard (Judgement) V	困難・断罪Ⅴ	단죄·하드V	ยาก·นักโทษ·5
2247006	247	6	0	95741;95742			300;300;200	0;0;0	8;12;0	4100032;5112001;4105023;3000003	5;75;10;100000					1	困难·断罪·六	困難·斷罪·六	Hard (Judgement) VI	困難・断罪Ⅵ	단죄·하드VI 	ยาก·นักโทษ·6
2247007	247	7	2247006	95743;95744			300;300;200	0;0;0	8;12;0	4100032;5112001;4105023;3000003	5;80;20;110000					1	困难·断罪·七	困難·斷罪·七	Hard (Judgement) VII	困難・断罪Ⅶ	단죄·하드VII 	ยาก·นักโทษ·7
2247008	247	8	2247007	95745;95746			300;300;200	0;0;0	8;12;0	4100032;5112001;4105023;3000003	5;85;20;120000					1	困难·断罪·八	困難·斷罪·八	Hard (Judgement) VIII	困難・断罪Ⅷ	단죄·하드VIII 	ยาก·นักโทษ·8
2247009	247	9	2247008	95747;95748			300;300;200	0;0;0	12;18;0	4100032;5112001;4105023;3000003	5;90;20;130000					1	困难·断罪·九	困難·斷罪·九	Hard (Judgement) IX	困難・断罪Ⅸ	단죄·하드IX	ยาก·นักโทษ·9
2247010	247	10	2247009	95749;95750			300;300;200	0;0;0	12;18;0	4100032;5112001;4105023;3000003	5;100;30;150000					1	困难·断罪·十	困難·斷罪·十	Hard (Judgement) X	困難・断罪Ⅹ	단죄·하드X	ยาก·นักโทษ·10
2347001	347	1	0	95761;95762			300;300;200	0;0;0	8;12;0	4100032;5112001;4105023;3000003	5;50;5;50000					1	绝境·断罪·一	絕境·斷罪·一	Abyssal (Judgement) I	絶境・断罪Ⅰ	단죄·인페르노I 	วิกฤต·นักโทษ·1
2347002	347	2	0	95763;95764			300;300;200	0;0;0	8;12;0	4100032;5112001;4105023;3000003	5;55;5;60000					1	绝境·断罪·二	絕境·斷罪·二	Abyssal (Judgement) II	絶境・断罪Ⅱ	단죄·인페르노II 	วิกฤต·นักโทษ·2
2347003	347	3	0	95765;95766			300;300;200	0;0;0	8;12;0	4100032;5112001;4105023;3000003	5;60;5;70000					1	绝境·断罪·三	絕境·斷罪·三	Abyssal (Judgement) III	絶境・断罪Ⅲ	단죄·인페르노III 	วิกฤต·นักโทษ·3
2347004	347	4	0	95767;95768			300;300;200	0;0;0	8;12;0	4100032;5112001;4105023;3000003	5;65;10;80000					1	绝境·断罪·四	絕境·斷罪·四	Abyssal (Judgement) IV	絶境・断罪Ⅳ	단죄·인페르노IV	วิกฤต·นักโทษ·4
2347005	347	5	0	95769;95770			300;300;200	0;0;0	8;12;0	4100032;5112001;4105023;3000003	5;70;10;90000					1	绝境·断罪·五	絕境·斷罪·五	Abyssal (Judgement) V	絶境・断罪Ⅴ	단죄·인페르노V	วิกฤต·นักโทษ·5
2347006	347	6	0	95771;95772			300;300;200	0;0;0	8;12;0	4100032;5112001;4105023;3000003	5;75;10;100000					1	绝境·断罪·六	絕境·斷罪·六	Abyssal (Judgement) VI	絶境・断罪Ⅵ	단죄·인페르노VI 	วิกฤต·นักโทษ·6
2347007	347	7	2347006	95773;95774			300;300;200	0;0;0	8;12;0	4100032;5112001;4105023;3000003	5;80;20;110000					1	绝境·断罪·七	絕境·斷罪·七	Abyssal (Judgement) VII	絶境・断罪Ⅶ	단죄·인페르노VII 	วิกฤต·นักโทษ·7
2347008	347	8	2347007	95775;95776			300;300;200	0;0;0	8;12;0	4100032;5112001;4105023;3000003	5;85;20;120000					1	绝境·断罪·八	絕境·斷罪·八	Abyssal (Judgement) VIII	絶境・断罪Ⅷ	단죄·인페르노VIII 	วิกฤต·นักโทษ·8
2347009	347	9	2347008	95777;95778			300;300;200	0;0;0	12;18;0	4100032;5112001;4105023;3000003	5;90;20;130000					1	绝境·断罪·九	絕境·斷罪·九	Abyssal (Judgement) IX	絶境・断罪Ⅸ	단죄·인페르노IX	วิกฤต·นักโทษ·9
2347010	347	10	2347009	95779;95780			300;300;200	0;0;0	12;18;0	4100032;5112001;4105023;3000003	5;100;30;150000					1	绝境·断罪·十	絕境·斷罪·十	Abyssal (Judgement) X	絶境・断罪Ⅹ	단죄·인페르노X	วิกฤต·นักโทษ·10
2447001	447	1	0	95781;95782			300;300;200	0;0;0	12;18;0	4100032;5112001;4105023;3000003	5;50;5;50000					1	挑战·断罪·一	挑戰·斷罪·一	Challenge (Judgement) I	挑戦・断罪Ⅰ	단죄·도전I 	ท้าทาย·นักโทษ·1
2447002	447	2	2447001	95783;95784			300;300;200	0;0;0	12;18;0	4100032;5112001;4105023;3000003	5;55;5;60000					1	挑战·断罪·二	挑戰·斷罪·二	Challenge (Judgement) II	挑戦・断罪Ⅱ	단죄·도전II	ท้าทาย·นักโทษ·2
2447003	447	3	2447002	95785;95786						4100032;5112001;4105023;3000003	5;60;5;70000					1	挑战·断罪·三	挑戰·斷罪·三	Challenge (Judgement) III	挑戦・断罪Ⅲ	단죄·도전III 	ท้าทาย·นักโทษ·3
2148001	148	1	0	95801;95802			300;300;200	0;0;0	8;12;0	4100032;5112001;4105023;3000003	2;20;1;5000					1	烟烬·一	煙燼·一	Emberfall I	灰燼Ⅰ	애시즈I 	เถ้าควัน·1
2148002	148	2	0	95803;95804			300;300;200	0;0;0	8;12;0	4100032;5112001;4105023;3000003	2;25;2;10000					1	烟烬·二	煙燼·二	Emberfall II	灰燼Ⅱ	애시즈II 	เถ้าควัน·2
2148003	148	3	0	95805;95806			300;300;200	0;0;0	8;12;0	4100032;5112001;4105023;3000003	2;30;3;15000					1	烟烬·三	煙燼·三	Emberfall III	灰燼Ⅲ	애시즈III 	เถ้าควัน·3
2148004	148	4	0	95807;95808			300;300;200	0;0;0	8;12;0	4100032;5112001;4105023;3000003	2;35;4;20000					1	烟烬·四	煙燼·四	Emberfall IV	灰燼Ⅳ	애시즈IV	เถ้าควัน·4
2148005	148	5	0	95809;95810			300;300;200	0;0;0	8;12;0	4100032;5112001;4105023;3000003	2;40;5;25000					1	烟烬·五	煙燼·五	Emberfall V	灰燼Ⅴ	애시즈V	เถ้าควัน·5
2148006	148	6	0	95811;95812			300;300;200	0;0;0	8;12;0	4100032;5112001;4105023;3000003	2;45;6;30000					1	烟烬·六	煙燼·六	Emberfall VI	灰燼Ⅵ	애시즈VI 	เถ้าควัน·6
2148007	148	7	0	95813;95814			300;300;200	0;0;0	8;12;0	4100032;5112001;4105023;3000003	2;50;7;35000					1	烟烬·七	煙燼·七	Emberfall VII	灰燼Ⅶ	애시즈VII 	เถ้าควัน·7
2148008	148	8	0	95815;95816			300;300;200	0;0;0	8;12;0	4100032;5112001;4105023;3000003	2;55;8;40000					1	烟烬·八	煙燼·八	Emberfall VIII	灰燼Ⅷ	애시즈VIII 	เถ้าควัน·8
2148009	148	9	0	95817;95818			300;300;200	0;0;0	12;18;0	4100032;5112001;4105023;3000003	2;60;9;45000					1	烟烬·九	煙燼·九	Emberfall IX	灰燼Ⅸ	애시즈IX	เถ้าควัน·9
2148010	148	10	2148009	95819;95820			300;300;200	0;0;0	12;18;0	4100032;5112001;4105023;3000003	2;70;10;50000					1	烟烬·十	煙燼·十	Emberfall X	灰燼Ⅹ	애시즈X	เถ้าควัน·10
2248001	248	1	0	95831;95832			300;300;200	0;0;0	8;12;0	4100032;5112001;4105023;3000003	5;50;5;50000					1	困难·烟烬·一	困難·煙燼·一	Hard (Emberfall) I	困難・灰燼Ⅰ	애시즈·하드I 	ยาก·เถ้าควัน·1
2248002	248	2	0	95833;95834			300;300;200	0;0;0	8;12;0	4100032;5112001;4105023;3000003	5;55;5;60000					1	困难·烟烬·二	困難·煙燼·二	Hard (Emberfall) II	困難・灰燼Ⅱ	애시즈·하드II 	ยาก·เถ้าควัน·2
2248003	248	3	0	95835;95836			300;300;200	0;0;0	8;12;0	4100032;5112001;4105023;3000003	5;60;5;70000					1	困难·烟烬·三	困難·煙燼·三	Hard (Emberfall) III	困難・灰燼Ⅲ	애시즈·하드III 	ยาก·เถ้าควัน·3
2248004	248	4	0	95837;95838			300;300;200	0;0;0	8;12;0	4100032;5112001;4105023;3000003	5;65;10;80000					1	困难·烟烬·四	困難·煙燼·四	Hard (Emberfall) IV	困難・灰燼Ⅳ	애시즈·하드IV	ยาก·เถ้าควัน·4
2248005	248	5	0	95839;95840			300;300;200	0;0;0	8;12;0	4100032;5112001;4105023;3000003	5;70;10;90000					1	困难·烟烬·五	困難·煙燼·五	Hard (Emberfall) V	困難・灰燼Ⅴ	애시즈·하드V	ยาก·เถ้าควัน·5
2248006	248	6	0	95841;95842			300;300;200	0;0;0	8;12;0	4100032;5112001;4105023;3000003	5;75;10;100000					1	困难·烟烬·六	困難·煙燼·六	Hard (Emberfall) VI	困難・灰燼Ⅵ	애시즈·하드VI 	ยาก·เถ้าควัน·6
2248007	248	7	0	95843;95844			300;300;200	0;0;0	8;12;0	4100032;5112001;4105023;3000003	5;80;20;110000					1	困难·烟烬·七	困難·煙燼·七	Hard (Emberfall) VII	困難・灰燼Ⅶ	애시즈·하드VII 	ยาก·เถ้าควัน·7
2248008	248	8	0	95845;95846			300;300;200	0;0;0	8;12;0	4100032;5112001;4105023;3000003	5;85;20;120000					1	困难·烟烬·八	困難·煙燼·八	Hard (Emberfall) VIII	困難・灰燼Ⅷ	애시즈·하드VIII 	ยาก·เถ้าควัน·8
2248009	248	9	0	95847;95848			300;300;200	0;0;0	12;18;0	4100032;5112001;4105023;3000003	5;90;20;130000					1	困难·烟烬·九	困難·煙燼·九	Hard (Emberfall) IX	困難・灰燼Ⅸ	애시즈·하드IX	ยาก·เถ้าควัน·9
2248010	248	10	2248009	95849;95850			300;300;200	0;0;0	12;18;0	4100032;5112001;4105023;3000003	5;100;30;150000					1	困难·烟烬·十	困難·煙燼·十	Hard (Emberfall) X	困難・灰燼Ⅹ	애시즈·하드X	ยาก·เถ้าควัน·10
2348001	348	1	0	95861;95862			300;300;200	0;0;0	8;12;0	4100032;5112001;4105023;3000003	5;50;5;50000					1	绝境·烟烬·一	絕境·煙燼·一	Abyssal (Emberfall) I	絶境・灰燼Ⅰ	애시즈·인페르노I 	วิกฤต·เถ้าควัน·1
2348002	348	2	0	95863;95864			300;300;200	0;0;0	8;12;0	4100032;5112001;4105023;3000003	5;55;5;60000					1	绝境·烟烬·二	絕境·煙燼·二	Abyssal (Emberfall) II	絶境・灰燼Ⅱ	애시즈·인페르노II 	วิกฤต·เถ้าควัน·2
2348003	348	3	0	95865;95866			300;300;200	0;0;0	8;12;0	4100032;5112001;4105023;3000003	5;60;5;70000					1	绝境·烟烬·三	絕境·煙燼·三	Abyssal (Emberfall) III	絶境・灰燼Ⅲ	애시즈·인페르노III 	วิกฤต·เถ้าควัน·3
2348004	348	4	0	95867;95868			300;300;200	0;0;0	8;12;0	4100032;5112001;4105023;3000003	5;65;10;80000					1	绝境·烟烬·四	絕境·煙燼·四	Abyssal (Emberfall) IV	絶境・灰燼Ⅳ	애시즈·인페르노IV	วิกฤต·เถ้าควัน·4
2348005	348	5	0	95869;95870			300;300;200	0;0;0	8;12;0	4100032;5112001;4105023;3000003	5;70;10;90000					1	绝境·烟烬·五	絕境·煙燼·五	Abyssal (Emberfall) V	絶境・灰燼Ⅴ	애시즈·인페르노V	วิกฤต·เถ้าควัน·5
2348006	348	6	0	95871;95872			300;300;200	0;0;0	8;12;0	4100032;5112001;4105023;3000003	5;75;10;100000					1	绝境·烟烬·六	絕境·煙燼·六	Abyssal (Emberfall) VI	絶境・灰燼Ⅵ	애시즈·인페르노VI 	วิกฤต·เถ้าควัน·6
2348007	348	7	2348006	95873;95874			300;300;200	0;0;0	8;12;0	4100032;5112001;4105023;3000003	5;80;20;110000					1	绝境·烟烬·七	絕境·煙燼·七	Abyssal (Emberfall) VII	絶境・灰燼Ⅶ	애시즈·인페르노VII 	วิกฤต·เถ้าควัน·7
2348008	348	8	2348007	95875;95876			300;300;200	0;0;0	8;12;0	4100032;5112001;4105023;3000003	5;85;20;120000					1	绝境·烟烬·八	絕境·煙燼·八	Abyssal (Emberfall) VIII	絶境・灰燼Ⅷ	애시즈·인페르노VIII 	วิกฤต·เถ้าควัน·8
2348009	348	9	2348008	95877;95878			300;300;200	0;0;0	12;18;0	4100032;5112001;4105023;3000003	5;90;20;130000					1	绝境·烟烬·九	絕境·煙燼·九	Abyssal (Emberfall) IX	絶境・灰燼Ⅸ	애시즈·인페르노IX	วิกฤต·เถ้าควัน·9
2348010	348	10	2348009	95879;95880			300;300;200	0;0;0	12;18;0	4100032;5112001;4105023;3000003	5;100;30;150000					1	绝境·烟烬·十	絕境·煙燼·十	Abyssal (Emberfall) X	絶境・灰燼Ⅹ	애시즈·인페르노X	วิกฤต·เถ้าควัน·10
2448001	448	1	0	95881;95882			300;300;200	0;0;0	12;18;0	4100032;5112001;4105023;3000003	5;50;5;50000					1	挑战·烟烬·一	挑戰·煙燼·一	Challenge (Emberfall) I	挑戦・灰燼Ⅰ	도전·애시즈I 	ท้าทาย·เถ้าควัน·1
2448002	448	2	2448001	95883;95884			300;300;200	0;0;0	12;18;0	4100032;5112001;4105023;3000003	5;55;5;60000					1	挑战·烟烬·二	挑戰·煙燼·二	Challenge (Emberfall) II	挑戦・灰燼Ⅱ	도전·애시즈II  	ท้าทาย·เถ้าควัน·2
2448003	448	3	2448002	95885;95886						4100032;5112001;4105023;3000003	5;60;5;70000					1	挑战·烟烬·三	挑戰·煙燼·三	Challenge (Emberfall) III	挑戦・灰燼Ⅲ	도전·애시즈III 	ท้าทาย·เถ้าควัน·3
2149001	149	1	0	95901;95902			300;300;200	0;0;0	8;12;0	4100032;5112001;4105023;3000003	2;20;1;5000					1	欲妄·一	欲妄·一	Blind Folly I	妄執Ⅰ	디자이어I 	ลวงตา·1
2149002	149	2	0	95903;95904			300;300;200	0;0;0	8;12;0	4100032;5112001;4105023;3000003	2;25;2;10000					1	欲妄·二	欲妄·二	Blind Folly II	妄執Ⅱ	디자이어II 	ลวงตา·2
2149003	149	3	0	95905;95906			300;300;200	0;0;0	8;12;0	4100032;5112001;4105023;3000003	2;30;3;15000					1	欲妄·三	欲妄·三	Blind Folly III	妄執Ⅲ	디자이어III 	ลวงตา·3
2149004	149	4	0	95907;95908			300;300;200	0;0;0	8;12;0	4100032;5112001;4105023;3000003	2;35;4;20000					1	欲妄·四	欲妄·四	Blind Folly IV	妄執Ⅳ	디자이어IV	ลวงตา·4
2149005	149	5	0	95909;95910			300;300;200	0;0;0	8;12;0	4100032;5112001;4105023;3000003	2;40;5;25000					1	欲妄·五	欲妄·五	Blind Folly V	妄執Ⅴ	디자이어V	ลวงตา·5
2149006	149	6	0	95911;95912			300;300;200	0;0;0	8;12;0	4100032;5112001;4105023;3000003	2;45;6;30000					1	欲妄·六	欲妄·六	Blind Folly VI	妄執Ⅵ	디자이어VI 	ลวงตา·6
2149007	149	7	0	95913;95914			300;300;200	0;0;0	8;12;0	4100032;5112001;4105023;3000003	2;50;7;35000					1	欲妄·七	欲妄·七	Blind Folly VII	妄執Ⅶ	디자이어VII 	ลวงตา·7
2149008	149	8	0	95915;95916			300;300;200	0;0;0	8;12;0	4100032;5112001;4105023;3000003	2;55;8;40000					1	欲妄·八	欲妄·八	Blind Folly VIII	妄執Ⅷ	디자이어VIII 	ลวงตา·8
2149009	149	9	0	95917;95918			300;300;200	0;0;0	12;18;0	4100032;5112001;4105023;3000003	2;60;9;45000					1	欲妄·九	欲妄·九	Blind Folly IX	妄執Ⅸ	디자이어IX	ลวงตา·9
2149010	149	10	2149009	95919;95920			300;300;200	0;0;0	12;18;0	4100032;5112001;4105023;3000003	2;70;10;50000					1	欲妄·十	欲妄·十	Blind Folly X	妄執Ⅹ	디자이어X	ลวงตา·10
2249001	249	1	0	95931;95932			300;300;200	0;0;0	8;12;0	4100032;5112001;4105023;3000003	5;50;5;50000					1	困难·欲妄·一	困難·欲妄·一	Hard (Blind Folly) I	困難・妄執Ⅰ	디자이어·하드I 	ยาก·ลวงตา·1
2249002	249	2	0	95933;95934			300;300;200	0;0;0	8;12;0	4100032;5112001;4105023;3000003	5;55;5;60000					1	困难·欲妄·二	困難·欲妄·二	Hard (Blind Folly) II	困難・妄執Ⅱ	디자이어·하드II 	ยาก·ลวงตา·2
2249003	249	3	0	95935;95936			300;300;200	0;0;0	8;12;0	4100032;5112001;4105023;3000003	5;60;5;70000					1	困难·欲妄·三	困難·欲妄·三	Hard (Blind Folly) III	困難・妄執Ⅲ	디자이어·하드III 	ยาก·ลวงตา·3
2249004	249	4	0	95937;95938			300;300;200	0;0;0	8;12;0	4100032;5112001;4105023;3000003	5;65;10;80000					1	困难·欲妄·四	困難·欲妄·四	Hard (Blind Folly) IV	困難・妄執Ⅳ	디자이어·하드IV	ยาก·ลวงตา·4
2249005	249	5	0	95939;95940			300;300;200	0;0;0	8;12;0	4100032;5112001;4105023;3000003	5;70;10;90000					1	困难·欲妄·五	困難·欲妄·五	Hard (Blind Folly) V	困難・妄執Ⅴ	디자이어·하드V	ยาก·ลวงตา·5
2249006	249	6	0	95941;95942			300;300;200	0;0;0	8;12;0	4100032;5112001;4105023;3000003	5;75;10;100000					1	困难·欲妄·六	困難·欲妄·六	Hard (Blind Folly) VI	困難・妄執Ⅵ	디자이어·하드VI 	ยาก·ลวงตา·6
2249007	249	7	0	95943;95944			300;300;200	0;0;0	8;12;0	4100032;5112001;4105023;3000003	5;80;20;110000					1	困难·欲妄·七	困難·欲妄·七	Hard (Blind Folly) VII	困難・妄執Ⅶ	디자이어·하드VII 	ยาก·ลวงตา·7
2249008	249	8	0	95945;95946			300;300;200	0;0;0	8;12;0	4100032;5112001;4105023;3000003	5;85;20;120000					1	困难·欲妄·八	困難·欲妄·八	Hard (Blind Folly) VIII	困難・妄執Ⅷ	디자이어·하드VIII 	ยาก·ลวงตา·8
2249009	249	9	0	95947;95948			300;300;200	0;0;0	12;18;0	4100032;5112001;4105023;3000003	5;90;20;130000					1	困难·欲妄·九	困難·欲妄·九	Hard (Blind Folly) IX	困難・妄執Ⅸ	디자이어·하드IX	ยาก·ลวงตา·9
2249010	249	10	2249009	95949;95950			300;300;200	0;0;0	12;18;0	4100032;5112001;4105023;3000003	5;100;30;150000					1	困难·欲妄·十	困難·欲妄·十	Hard (Blind Folly) X	困難・妄執Ⅹ	디자이어·하드X	ยาก·ลวงตา·10
2349001	349	1	0	95961;95962			300;300;200	0;0;0	8;12;0	4100032;5112001;4105023;3000003	5;50;5;50000					1	绝境·欲妄·一	絕境·欲妄·一	Abyssal (Blind Folly) I	絶境・妄執Ⅰ	디자이어·인페르노I 	วิกฤต·ลวงตา·1
2349002	349	2	0	95963;95964			300;300;200	0;0;0	8;12;0	4100032;5112001;4105023;3000003	5;55;5;60000					1	绝境·欲妄·二	絕境·欲妄·二	Abyssal (Blind Folly) II	絶境・妄執Ⅱ	디자이어·인페르노II 	วิกฤต·ลวงตา·2
2349003	349	3	0	95965;95966			300;300;200	0;0;0	8;12;0	4100032;5112001;4105023;3000003	5;60;5;70000					1	绝境·欲妄·三	絕境·欲妄·三	Abyssal (Blind Folly) III	絶境・妄執Ⅲ	디자이어·인페르노III 	วิกฤต·ลวงตา·3
2349004	349	4	0	95967;95968			300;300;200	0;0;0	8;12;0	4100032;5112001;4105023;3000003	5;65;10;80000					1	绝境·欲妄·四	絕境·欲妄·四	Abyssal (Blind Folly) IV	絶境・妄執Ⅳ	디자이어·인페르노IV	วิกฤต·ลวงตา·4
2349005	349	5	0	95969;95970			300;300;200	0;0;0	8;12;0	4100032;5112001;4105023;3000003	5;70;10;90000					1	绝境·欲妄·五	絕境·欲妄·五	Abyssal (Blind Folly) V	絶境・妄執Ⅴ	디자이어·인페르노V	วิกฤต·ลวงตา·5
2349006	349	6	0	95971;95972			300;300;200	0;0;0	8;12;0	4100032;5112001;4105023;3000003	5;75;10;100000					1	绝境·欲妄·六	絕境·欲妄·六	Abyssal (Blind Folly) VI	絶境・妄執Ⅵ	디자이어·인페르노VI 	วิกฤต·ลวงตา·6
2349007	349	7	2349006	95973;95974			300;300;200	0;0;0	8;12;0	4100032;5112001;4105023;3000003	5;80;20;110000					1	绝境·欲妄·七	絕境·欲妄·七	Abyssal (Blind Folly) VII	絶境・妄執Ⅶ	디자이어·인페르노VII 	วิกฤต·ลวงตา·7
2349008	349	8	2349007	95975;95976			300;300;200	0;0;0	8;12;0	4100032;5112001;4105023;3000003	5;85;20;120000					1	绝境·欲妄·八	絕境·欲妄·八	Abyssal (Blind Folly) VIII	絶境・妄執Ⅷ	디자이어·인페르노VIII 	วิกฤต·ลวงตา·8
2349009	349	9	2349008	95977;95978			300;300;200	0;0;0	12;18;0	4100032;5112001;4105023;3000003	5;90;20;130000					1	绝境·欲妄·九	絕境·欲妄·九	Abyssal (Blind Folly) IX	絶境・妄執Ⅸ	디자이어·인페르노IX	วิกฤต·ลวงตา·9
2349010	349	10	2349009	95979;95980			300;300;200	0;0;0	12;18;0	4100032;5112001;4105023;3000003	5;100;30;150000					1	绝境·欲妄·十	絕境·欲妄·十	Abyssal (Blind Folly) X	絶境・妄執Ⅹ	디자이어·인페르노X	วิกฤต·ลวงตา·10
2449001	449	1	0	95981;95982			300;300;200	0;0;0	12;18;0	4100032;5112001;4105023;3000003	5;50;5;50000					1	挑战·欲妄·一	挑戰·欲妄·一	Challenge (Blind Folly) I	挑戦・妄執Ⅰ	도전·디자이어I 	ท้าทาย·ลวงตา·1
2449002	449	2	2449001	95983;95984			300;300;200	0;0;0	12;18;0	4100032;5112001;4105023;3000003	5;55;5;60000					1	挑战·欲妄·二	挑戰·欲妄·二	Challenge (Blind Folly) II	挑戦・妄執Ⅱ	도전·디자이어II 	ท้าทาย·ลวงตา·2
2449003	449	3	2449002	95985;95986						4100032;5112001;4105023;3000003	5;60;5;70000					1	挑战·欲妄·三	挑戰·欲妄·三	Challenge (Blind Folly) III	挑戦・妄執Ⅲ	도전·디자이어III 	ท้าทาย·ลวงตา·3
2150001	150	1	0	96001;96002			300;300;200	0;0;0	8;12;0	4100032;5112001;4105023;3000003	2;20;1;5000					1	森泽·一	森澤·一	Sylvan Grace I	沼沢林Ⅰ	숲늪I 	ป่าดิบชื้น·1
2150002	150	2	0	96003;96004			300;300;200	0;0;0	8;12;0	4100032;5112001;4105023;3000003	2;25;2;10000					1	森泽·二	森澤·二	Sylvan Grace II	沼沢林Ⅱ	숲늪II	ป่าดิบชื้น·2
2150003	150	3	0	96005;96006			300;300;200	0;0;0	8;12;0	4100032;5112001;4105023;3000003	2;30;3;15000					1	森泽·三	森澤·三	Sylvan Grace III	沼沢林Ⅲ	숲늪III	ป่าดิบชื้น·3
2150004	150	4	0	96007;96008			300;300;200	0;0;0	8;12;0	4100032;5112001;4105023;3000003	2;35;4;20000					1	森泽·四	森澤·四	Sylvan Grace IV	沼沢林Ⅳ	숲늪IV	ป่าดิบชื้น·4
2150005	150	5	0	96009;96010			300;300;200	0;0;0	8;12;0	4100032;5112001;4105023;3000003	2;40;5;25000					1	森泽·五	森澤·五	Sylvan Grace V	沼沢林Ⅴ	숲늪V	ป่าดิบชื้น·5
2150006	150	6	0	96011;96012			300;300;200	0;0;0	8;12;0	4100032;5112001;4105023;3000003	2;45;6;30000					1	森泽·六	森澤·六	Sylvan Grace VI	沼沢林Ⅵ	숲늪VI	ป่าดิบชื้น·6
2150007	150	7	0	96013;96014			300;300;200	0;0;0	8;12;0	4100032;5112001;4105023;3000003	2;50;7;35000					1	森泽·七	森澤·七	Sylvan Grace VII	沼沢林Ⅶ	숲늪VII	ป่าดิบชื้น·7
2150008	150	8	0	96015;96016			300;300;200	0;0;0	8;12;0	4100032;5112001;4105023;3000003	2;55;8;40000					1	森泽·八	森澤·八	Sylvan Grace VIII	沼沢林Ⅷ	숲늪VIII	ป่าดิบชื้น·8
2150009	150	9	0	96017;96018			300;300;200	0;0;0	12;18;0	4100032;5112001;4105023;3000003	2;60;9;45000					1	森泽·九	森澤·九	Sylvan Grace IX	沼沢林Ⅸ	숲늪IX	ป่าดิบชื้น·9
2150010	150	10	2150009	96019;96020			300;300;200	0;0;0	12;18;0	4100032;5112001;4105023;3000003	2;70;10;50000					1	森泽·十	森澤·十	Sylvan Grace X	沼沢林Ⅹ	숲늪X	ป่าดิบชื้น·10
2250001	250	1	0	96031;96032			300;300;200	0;0;0	8;12;0	4100032;5112001;4105023;3000003	5;50;5;50000					1	困难·森泽·一	困難·森澤·一	Hard (Sylvan Grace) I	困難・沼沢林Ⅰ	숲늪·하드I 	ยาก·ป่าดิบชื้น·1
2250002	250	2	0	96033;96034			300;300;200	0;0;0	8;12;0	4100032;5112001;4105023;3000003	5;55;5;60000					1	困难·森泽·二	困難·森澤·二	Hard (Sylvan Grace) II	困難・沼沢林Ⅱ	숲늪·하드II	ยาก·ป่าดิบชื้น·2
2250003	250	3	0	96035;96036			300;300;200	0;0;0	8;12;0	4100032;5112001;4105023;3000003	5;60;5;70000					1	困难·森泽·三	困難·森澤·三	Hard (Sylvan Grace) III	困難・沼沢林Ⅲ	숲늪·하드III	ยาก·ป่าดิบชื้น·3
2250004	250	4	0	96037;96038			300;300;200	0;0;0	8;12;0	4100032;5112001;4105023;3000003	5;65;10;80000					1	困难·森泽·四	困難·森澤·四	Hard (Sylvan Grace) IV	困難・沼沢林Ⅳ	숲늪·하드IV	ยาก·ป่าดิบชื้น·4
2250005	250	5	0	96039;96040			300;300;200	0;0;0	8;12;0	4100032;5112001;4105023;3000003	5;70;10;90000					1	困难·森泽·五	困難·森澤·五	Hard (Sylvan Grace) V	困難・沼沢林Ⅴ	숲늪·하드V	ยาก·ป่าดิบชื้น·5
2250006	250	6	0	96041;96042			300;300;200	0;0;0	8;12;0	4100032;5112001;4105023;3000003	5;75;10;100000					1	困难·森泽·六	困難·森澤·六	Hard (Sylvan Grace) VI	困難・沼沢林Ⅵ	숲늪·하드VI	ยาก·ป่าดิบชื้น·6
2250007	250	7	2250006	96043;96044			300;300;200	0;0;0	8;12;0	4100032;5112001;4105023;3000003	5;80;20;110000					1	困难·森泽·七	困難·森澤·七	Hard (Sylvan Grace) VII	困難・沼沢林Ⅶ	숲늪·하드VII	ยาก·ป่าดิบชื้น·7
2250008	250	8	2250007	96045;96046			300;300;200	0;0;0	8;12;0	4100032;5112001;4105023;3000003	5;85;20;120000					1	困难·森泽·八	困難·森澤·八	Hard (Sylvan Grace) VIII	困難・沼沢林Ⅷ	숲늪·하드VIII	ยาก·ป่าดิบชื้น·8
2250009	250	9	2250008	96047;96048			300;300;200	0;0;0	12;18;0	4100032;5112001;4105023;3000003	5;90;20;130000					1	困难·森泽·九	困難·森澤·九	Hard (Sylvan Grace) IX	困難・沼沢林Ⅸ	숲늪·하드IX	ยาก·ป่าดิบชื้น·9
2250010	250	10	2250009	96049;96050			300;300;200	0;0;0	12;18;0	4100032;5112001;4105023;3000003	5;100;30;150000					1	困难·森泽·十	困難·森澤·十	Hard (Sylvan Grace) X	困難・沼沢林Ⅹ	숲늪·하드X	ยาก·ป่าดิบชื้น·10
2350001	350	1	0	96061;96062			300;300;200	0;0;0	8;12;0	4100032;5112001;4105023;3000003	5;50;5;50000					1	绝境·森泽·一	絕境·森澤·一	Abyssal (Sylvan Grace) I	絶境・沼沢林Ⅰ	숲늪·인페르노I 	วิกฤต·ป่าดิบชื้น·1
2350002	350	2	0	96063;96064			300;300;200	0;0;0	8;12;0	4100032;5112001;4105023;3000003	5;55;5;60000					1	绝境·森泽·二	絕境·森澤·二	Abyssal (Sylvan Grace) II	絶境・沼沢林Ⅱ	숲늪·인페르노II	วิกฤต·ป่าดิบชื้น·2
2350003	350	3	0	96065;96066			300;300;200	0;0;0	8;12;0	4100032;5112001;4105023;3000003	5;60;5;70000					1	绝境·森泽·三	絕境·森澤·三	Abyssal (Sylvan Grace) III	絶境・沼沢林Ⅲ	숲늪·인페르노III	วิกฤต·ป่าดิบชื้น·3
2350004	350	4	0	96067;96068			300;300;200	0;0;0	8;12;0	4100032;5112001;4105023;3000003	5;65;10;80000					1	绝境·森泽·四	絕境·森澤·四	Abyssal (Sylvan Grace) IV	絶境・沼沢林Ⅳ	숲늪·인페르노IV	วิกฤต·ป่าดิบชื้น·4
2350005	350	5	0	96069;96070			300;300;200	0;0;0	8;12;0	4100032;5112001;4105023;3000003	5;70;10;90000					1	绝境·森泽·五	絕境·森澤·五	Abyssal (Sylvan Grace) V	絶境・沼沢林Ⅴ	숲늪·인페르노V	วิกฤต·ป่าดิบชื้น·5
2350006	350	6	0	96071;96072			300;300;200	0;0;0	8;12;0	4100032;5112001;4105023;3000003	5;75;10;100000					1	绝境·森泽·六	絕境·森澤·六	Abyssal (Sylvan Grace) VI	絶境・沼沢林Ⅵ	숲늪·인페르노VI	วิกฤต·ป่าดิบชื้น·6
2350007	350	7	2350006	96073;96074			300;300;200	0;0;0	8;12;0	4100032;5112001;4105023;3000003	5;80;20;110000					1	绝境·森泽·七	絕境·森澤·七	Abyssal (Sylvan Grace) VII	絶境・沼沢林Ⅶ	숲늪·인페르노VII	วิกฤต·ป่าดิบชื้น·7
2350008	350	8	2350007	96075;96076			300;300;200	0;0;0	8;12;0	4100032;5112001;4105023;3000003	5;85;20;120000					1	绝境·森泽·八	絕境·森澤·八	Abyssal (Sylvan Grace) VIII	絶境・沼沢林Ⅷ	숲늪·인페르노VIII	วิกฤต·ป่าดิบชื้น·8
2350009	350	9	2350008	96077;96078			300;300;200	0;0;0	12;18;0	4100032;5112001;4105023;3000003	5;90;20;130000					1	绝境·森泽·九	絕境·森澤·九	Abyssal (Sylvan Grace) IX	絶境・沼沢林Ⅸ	숲늪·인페르노IX	วิกฤต·ป่าดิบชื้น·9
2350010	350	10	2350009	96079;96080			300;300;200	0;0;0	12;18;0	4100032;5112001;4105023;3000003	5;100;30;150000					1	绝境·森泽·十	絕境·森澤·十	Abyssal (Sylvan Grace) X	絶境・沼沢林Ⅹ	숲늪·인페르노X	วิกฤต·ป่าดิบชื้น·10
2450001	450	1	0	96081;96082			300;300;200	0;0;0	12;18;0	4100032;5112001;4105023;3000003	5;50;5;50000					1	挑战·森泽·一	挑戰·森澤·一	Challenge (Sylvan Grace) I	挑戦・沼沢林Ⅰ	숲늪·도전I	ท้าทาย·ป่าดิบชื้น·1
2450002	450	2	2450001	96083;96084			300;300;200	0;0;0	12;18;0	4100032;5112001;4105023;3000003	5;55;5;60000					1	挑战·森泽·二	挑戰·森澤·二	Challenge (Sylvan Grace) II	挑戦・沼沢林Ⅱ	숲늪·도전II	ท้าทาย·ป่าดิบชื้น·2
2450003	450	3	2450002	96085;96086						4100032;5112001;4105023;3000003	5;60;5;70000					1	挑战·森泽·三	挑戰·森澤·三	Challenge (Sylvan Grace) III	挑戦・沼沢林Ⅲ	숲늪·도전III	ท้าทาย·ป่าดิบชื้น·3
2151001	151	1	0	96101;96102			300;300;200	0;0;0	8;12;0	4100032;5112001;4105023;3000003	2;20;1;5000					1	森泽·一	森澤·一	Sylvan Grace I	沼沢林Ⅰ	숲늪I 	ป่าดิบชื้น·1
2151002	151	2	0	96103;96104			300;300;200	0;0;0	8;12;0	4100032;5112001;4105023;3000003	2;25;2;10000					1	森泽·二	森澤·二	Sylvan Grace II	沼沢林Ⅱ	숲늪II	ป่าดิบชื้น·2
2151003	151	3	0	96105;96106			300;300;200	0;0;0	8;12;0	4100032;5112001;4105023;3000003	2;30;3;15000					1	森泽·三	森澤·三	Sylvan Grace III	沼沢林Ⅲ	숲늪III	ป่าดิบชื้น·3
2151004	151	4	0	96107;96108			300;300;200	0;0;0	8;12;0	4100032;5112001;4105023;3000003	2;35;4;20000					1	森泽·四	森澤·四	Sylvan Grace IV	沼沢林Ⅳ	숲늪IV	ป่าดิบชื้น·4
2151005	151	5	0	96109;96110			300;300;200	0;0;0	8;12;0	4100032;5112001;4105023;3000003	2;40;5;25000					1	森泽·五	森澤·五	Sylvan Grace V	沼沢林Ⅴ	숲늪V	ป่าดิบชื้น·5
2151006	151	6	0	96111;96112			300;300;200	0;0;0	8;12;0	4100032;5112001;4105023;3000003	2;45;6;30000					1	森泽·六	森澤·六	Sylvan Grace VI	沼沢林Ⅵ	숲늪VI	ป่าดิบชื้น·6
2151007	151	7	0	96113;96114			300;300;200	0;0;0	8;12;0	4100032;5112001;4105023;3000003	2;50;7;35000					1	森泽·七	森澤·七	Sylvan Grace VII	沼沢林Ⅶ	숲늪VII	ป่าดิบชื้น·7
2151008	151	8	0	96115;96116			300;300;200	0;0;0	8;12;0	4100032;5112001;4105023;3000003	2;55;8;40000					1	森泽·八	森澤·八	Sylvan Grace VIII	沼沢林Ⅷ	숲늪VIII	ป่าดิบชื้น·8
2151009	151	9	0	96117;96118			300;300;200	0;0;0	12;18;0	4100032;5112001;4105023;3000003	2;60;9;45000					1	森泽·九	森澤·九	Sylvan Grace IX	沼沢林Ⅸ	숲늪IX	ป่าดิบชื้น·9
2151010	151	10	2150009	96119;96120			300;300;200	0;0;0	12;18;0	4100032;5112001;4105023;3000003	2;70;10;50000					1	森泽·十	森澤·十	Sylvan Grace X	沼沢林Ⅹ	숲늪X	ป่าดิบชื้น·10
2251001	251	1	0	96131;96132			300;300;200	0;0;0	8;12;0	4100032;5112001;4105023;3000003	5;50;5;50000					1	困难·森泽·一	困難·森澤·一	Hard (Sylvan Grace) I	困難・沼沢林Ⅰ	숲늪·하드I 	ยาก·ป่าดิบชื้น·1
2251002	251	2	0	96133;96134			300;300;200	0;0;0	8;12;0	4100032;5112001;4105023;3000003	5;55;5;60000					1	困难·森泽·二	困難·森澤·二	Hard (Sylvan Grace) II	困難・沼沢林Ⅱ	숲늪·하드II	ยาก·ป่าดิบชื้น·2
2251003	251	3	0	96135;96136			300;300;200	0;0;0	8;12;0	4100032;5112001;4105023;3000003	5;60;5;70000					1	困难·森泽·三	困難·森澤·三	Hard (Sylvan Grace) III	困難・沼沢林Ⅲ	숲늪·하드III	ยาก·ป่าดิบชื้น·3
2251004	251	4	0	96137;96138			300;300;200	0;0;0	8;12;0	4100032;5112001;4105023;3000003	5;65;10;80000					1	困难·森泽·四	困難·森澤·四	Hard (Sylvan Grace) IV	困難・沼沢林Ⅳ	숲늪·하드IV	ยาก·ป่าดิบชื้น·4
2251005	251	5	0	96139;96140			300;300;200	0;0;0	8;12;0	4100032;5112001;4105023;3000003	5;70;10;90000					1	困难·森泽·五	困難·森澤·五	Hard (Sylvan Grace) V	困難・沼沢林Ⅴ	숲늪·하드V	ยาก·ป่าดิบชื้น·5
2251006	251	6	0	96141;96142			300;300;200	0;0;0	8;12;0	4100032;5112001;4105023;3000003	5;75;10;100000					1	困难·森泽·六	困難·森澤·六	Hard (Sylvan Grace) VI	困難・沼沢林Ⅵ	숲늪·하드VI	ยาก·ป่าดิบชื้น·6
2251007	251	7	0	96143;96144			300;300;200	0;0;0	8;12;0	4100032;5112001;4105023;3000003	5;80;20;110000					1	困难·森泽·七	困難·森澤·七	Hard (Sylvan Grace) VII	困難・沼沢林Ⅶ	숲늪·하드VII	ยาก·ป่าดิบชื้น·7
2251008	251	8	0	96145;96146			300;300;200	0;0;0	8;12;0	4100032;5112001;4105023;3000003	5;85;20;120000					1	困难·森泽·八	困難·森澤·八	Hard (Sylvan Grace) VIII	困難・沼沢林Ⅷ	숲늪·하드VIII	ยาก·ป่าดิบชื้น·8
2251009	251	9	0	96147;96148			300;300;200	0;0;0	12;18;0	4100032;5112001;4105023;3000003	5;90;20;130000					1	困难·森泽·九	困難·森澤·九	Hard (Sylvan Grace) IX	困難・沼沢林Ⅸ	숲늪·하드IX	ยาก·ป่าดิบชื้น·9
2251010	251	10	2250009	96149;96150			300;300;200	0;0;0	12;18;0	4100032;5112001;4105023;3000003	5;100;30;150000					1	困难·森泽·十	困難·森澤·十	Hard (Sylvan Grace) X	困難・沼沢林Ⅹ	숲늪·하드X	ยาก·ป่าดิบชื้น·10
2351001	351	1	0	96161;96162			300;300;200	0;0;0	8;12;0	4100032;5112001;4105023;3000003	5;50;5;50000					1	绝境·森泽·一	絕境·森澤·一	Abyssal (Sylvan Grace) I	絶境・沼沢林Ⅰ	숲늪·인페르노I 	วิกฤต·ป่าดิบชื้น·1
2351002	351	2	0	96163;96164			300;300;200	0;0;0	8;12;0	4100032;5112001;4105023;3000003	5;55;5;60000					1	绝境·森泽·二	絕境·森澤·二	Abyssal (Sylvan Grace) II	絶境・沼沢林Ⅱ	숲늪·인페르노II	วิกฤต·ป่าดิบชื้น·2
2351003	351	3	0	96165;96166			300;300;200	0;0;0	8;12;0	4100032;5112001;4105023;3000003	5;60;5;70000					1	绝境·森泽·三	絕境·森澤·三	Abyssal (Sylvan Grace) III	絶境・沼沢林Ⅲ	숲늪·인페르노III	วิกฤต·ป่าดิบชื้น·3
2351004	351	4	0	96167;96168			300;300;200	0;0;0	8;12;0	4100032;5112001;4105023;3000003	5;65;10;80000					1	绝境·森泽·四	絕境·森澤·四	Abyssal (Sylvan Grace) IV	絶境・沼沢林Ⅳ	숲늪·인페르노IV	วิกฤต·ป่าดิบชื้น·4
2351005	351	5	0	96169;96170			300;300;200	0;0;0	8;12;0	4100032;5112001;4105023;3000003	5;70;10;90000					1	绝境·森泽·五	絕境·森澤·五	Abyssal (Sylvan Grace) V	絶境・沼沢林Ⅴ	숲늪·인페르노V	วิกฤต·ป่าดิบชื้น·5
2351006	351	6	0	96171;96172			300;300;200	0;0;0	8;12;0	4100032;5112001;4105023;3000003	5;75;10;100000					1	绝境·森泽·六	絕境·森澤·六	Abyssal (Sylvan Grace) VI	絶境・沼沢林Ⅵ	숲늪·인페르노VI	วิกฤต·ป่าดิบชื้น·6
2351007	351	7	2350006	96173;96174			300;300;200	0;0;0	8;12;0	4100032;5112001;4105023;3000003	5;80;20;110000					1	绝境·森泽·七	絕境·森澤·七	Abyssal (Sylvan Grace) VII	絶境・沼沢林Ⅶ	숲늪·인페르노VII	วิกฤต·ป่าดิบชื้น·7
2351008	351	8	2350007	96175;96176			300;300;200	0;0;0	8;12;0	4100032;5112001;4105023;3000003	5;85;20;120000					1	绝境·森泽·八	絕境·森澤·八	Abyssal (Sylvan Grace) VIII	絶境・沼沢林Ⅷ	숲늪·인페르노VIII	วิกฤต·ป่าดิบชื้น·8
2351009	351	9	2350008	96177;96178			300;300;200	0;0;0	12;18;0	4100032;5112001;4105023;3000003	5;90;20;130000					1	绝境·森泽·九	絕境·森澤·九	Abyssal (Sylvan Grace) IX	絶境・沼沢林Ⅸ	숲늪·인페르노IX	วิกฤต·ป่าดิบชื้น·9
2351010	351	10	2350009	96179;96180			300;300;200	0;0;0	12;18;0	4100032;5112001;4105023;3000003	5;100;30;150000					1	绝境·森泽·十	絕境·森澤·十	Abyssal (Sylvan Grace) X	絶境・沼沢林Ⅹ	숲늪·인페르노X	วิกฤต·ป่าดิบชื้น·10
2451001	451	1	0	96181;96182			300;300;200	0;0;0	12;18;0	4100032;5112001;4105023;3000003	5;50;5;50000					1	挑战·森泽·一	挑戰·森澤·一	Challenge (Sylvan Grace) I	挑戦・沼沢林Ⅰ	숲늪·도전I	ท้าทาย·ป่าดิบชื้น·1
2451002	451	2	2450001	96183;96184			300;300;200	0;0;0	12;18;0	4100032;5112001;4105023;3000003	5;55;5;60000					1	挑战·森泽·二	挑戰·森澤·二	Challenge (Sylvan Grace) II	挑戦・沼沢林Ⅱ	숲늪·도전II	ท้าทาย·ป่าดิบชื้น·2
2451003	451	3	2450002	96185;96186						4100032;5112001;4105023;3000003	5;60;5;70000					1	挑战·森泽·三	挑戰·森澤·三	Challenge (Sylvan Grace) III	挑戦・沼沢林Ⅲ	숲늪·도전III	ท้าทาย·ป่าดิบชื้น·3
2152001	152	1	0	96201;96202			300;300;200	0;0;0	8;12;0	4100032;5112001;4105023;3000003	2;20;1;5000					1	无音·一	無音·一	Silence I	無音Ⅰ	무음·1	เงียบงัน·1
2152002	152	2	0	96203;96204			300;300;200	0;0;0	8;12;0	4100032;5112001;4105023;3000003	2;25;2;10000					1	无音·二	無音·二	Silence II	無音Ⅱ	무음·2	เงียบงัน·2
2152003	152	3	0	96205;96206			300;300;200	0;0;0	8;12;0	4100032;5112001;4105023;3000003	2;30;3;15000					1	无音·三	無音·三	Silence III	無音Ⅲ	무음·3	เงียบงัน·3
2152004	152	4	0	96207;96208			300;300;200	0;0;0	8;12;0	4100032;5112001;4105023;3000003	2;35;4;20000					1	无音·四	無音·四	Silence IV	無音Ⅳ	무음·4	เงียบงัน·4
2152005	152	5	0	96209;96210			300;300;200	0;0;0	8;12;0	4100032;5112001;4105023;3000003	2;40;5;25000					1	无音·五	無音·五	Silence V	無音Ⅴ	무음·5	เงียบงัน·5
2152006	152	6	0	96211;96212			300;300;200	0;0;0	8;12;0	4100032;5112001;4105023;3000003	2;45;6;30000					1	无音·六	無音·六	Silence VI	無音Ⅵ	무음·6	เงียบงัน·6
2152007	152	7	0	96213;96214			300;300;200	0;0;0	8;12;0	4100032;5112001;4105023;3000003	2;50;7;35000					1	无音·七	無音·七	Silence VII	無音Ⅶ	무음·7	เงียบงัน·7
2152008	152	8	0	96215;96216			300;300;200	0;0;0	8;12;0	4100032;5112001;4105023;3000003	2;55;8;40000					1	无音·八	無音·八	Silence VIII	無音Ⅷ	무음·8	เงียบงัน·8
2152009	152	9	0	96217;96218			300;300;200	0;0;0	12;18;0	4100032;5112001;4105023;3000003	2;60;9;45000					1	无音·九	無音·九	Silence IX	無音Ⅸ	무음·9	เงียบงัน·9
2152010	152	10	2152009	96219;96220			300;300;200	0;0;0	12;18;0	4100032;5112001;4105023;3000003	2;70;10;50000					1	无音·十	無音·十	Silence X	無音Ⅹ	무음·10	เงียบงัน·10
2252001	252	1	0	96231;96232			300;300;200	0;0;0	8;12;0	4100032;5112001;4105023;3000003	5;50;5;50000					1	困难·无音·一	困難·無音·一	Hard (Silence) I	困難・無音Ⅰ	어려움·무음·1	ยาก·เงียบงัน·1
2252002	252	2	0	96233;96234			300;300;200	0;0;0	8;12;0	4100032;5112001;4105023;3000003	5;55;5;60000					1	困难·无音·二	困難·無音·二	Hard (Silence) II	困難・無音Ⅱ	어려움·무음·2	ยาก·เงียบงัน·2
2252003	252	3	0	96235;96236			300;300;200	0;0;0	8;12;0	4100032;5112001;4105023;3000003	5;60;5;70000					1	困难·无音·三	困難·無音·三	Hard (Silence) III	困難・無音Ⅲ	어려움·무음·3	ยาก·เงียบงัน·3
2252004	252	4	0	96237;96238			300;300;200	0;0;0	8;12;0	4100032;5112001;4105023;3000003	5;65;10;80000					1	困难·无音·四	困難·無音·四	Hard (Silence) IV	困難・無音Ⅳ	어려움·무음·4	ยาก·เงียบงัน·4
2252005	252	5	0	96239;96240			300;300;200	0;0;0	8;12;0	4100032;5112001;4105023;3000003	5;70;10;90000					1	困难·无音·五	困難·無音·五	Hard (Silence) V	困難・無音Ⅴ	어려움·무음·5	ยาก·เงียบงัน·5
2252006	252	6	0	96241;96242			300;300;200	0;0;0	8;12;0	4100032;5112001;4105023;3000003	5;75;10;100000					1	困难·无音·六	困難·無音·六	Hard (Silence) VI	困難・無音Ⅵ	어려움·무음·6	ยาก·เงียบงัน·6
2252007	252	7	2252006	96243;96244			300;300;200	0;0;0	8;12;0	4100032;5112001;4105023;3000003	5;80;20;110000					1	困难·无音·七	困難·無音·七	Hard (Silence) VII	困難・無音Ⅶ	어려움·무음·7	ยาก·เงียบงัน·7
2252008	252	8	2252007	96245;96246			300;300;200	0;0;0	8;12;0	4100032;5112001;4105023;3000003	5;85;20;120000					1	困难·无音·八	困難·無音·八	Hard (Silence) VIII	困難・無音Ⅷ	어려움·무음·8	ยาก·เงียบงัน·8
2252009	252	9	2252008	96247;96248			300;300;200	0;0;0	12;18;0	4100032;5112001;4105023;3000003	5;90;20;130000					1	困难·无音·九	困難·無音·九	Hard (Silence) IX	困難・無音Ⅸ	어려움·무음·9	ยาก·เงียบงัน·9
2252010	252	10	2252009	96249;96250			300;300;200	0;0;0	12;18;0	4100032;5112001;4105023;3000003	5;100;30;150000					1	困难·无音·十	困難·無音·十	Hard (Silence) X	困難・無音Ⅹ	어려움·무음·10	ยาก·เงียบงัน·10
2352001	352	1	0	96261;96262			300;300;200	0;0;0	8;12;0	4100032;5112001;4105023;3000003	5;50;5;50000					1	绝境·无音·一	絕境·無音·一	Abyssal (Silence) I	絶境・無音Ⅰ	절경·무음·1	วิกฤต·เงียบงัน·1
2352002	352	2	0	96263;96264			300;300;200	0;0;0	8;12;0	4100032;5112001;4105023;3000003	5;55;5;60000					1	绝境·无音·二	絕境·無音·二	Abyssal (Silence) II	絶境・無音Ⅱ	절경·무음·2	วิกฤต·เงียบงัน·2
2352003	352	3	0	96265;96266			300;300;200	0;0;0	8;12;0	4100032;5112001;4105023;3000003	5;60;5;70000					1	绝境·无音·三	絕境·無音·三	Abyssal (Silence) III	絶境・無音Ⅲ	절경·무음·3	วิกฤต·เงียบงัน·3
2352004	352	4	0	96267;96268			300;300;200	0;0;0	8;12;0	4100032;5112001;4105023;3000003	5;65;10;80000					1	绝境·无音·四	絕境·無音·四	Abyssal (Silence) IV	絶境・無音Ⅳ	절경·무음·4	วิกฤต·เงียบงัน·4
2352005	352	5	0	96269;96270			300;300;200	0;0;0	8;12;0	4100032;5112001;4105023;3000003	5;70;10;90000					1	绝境·无音·五	絕境·無音·五	Abyssal (Silence) V	絶境・無音Ⅴ	절경·무음·5	วิกฤต·เงียบงัน·5
2352006	352	6	0	96271;96272			300;300;200	0;0;0	8;12;0	4100032;5112001;4105023;3000003	5;75;10;100000					1	绝境·无音·六	絕境·無音·六	Abyssal (Silence) VI	絶境・無音Ⅵ	절경·무음·6	วิกฤต·เงียบงัน·6
2352007	352	7	2352006	96273;96274			300;300;200	0;0;0	8;12;0	4100032;5112001;4105023;3000003	5;80;20;110000					1	绝境·无音·七	絕境·無音·七	Abyssal (Silence) VII	絶境・無音Ⅶ	절경·무음·7	วิกฤต·เงียบงัน·7
2352008	352	8	2352007	96275;96276			300;300;200	0;0;0	8;12;0	4100032;5112001;4105023;3000003	5;85;20;120000					1	绝境·无音·八	絕境·無音·八	Abyssal (Silence) VIII	絶境・無音Ⅷ	절경·무음·8	วิกฤต·เงียบงัน·8
2352009	352	9	2352008	96277;96278			300;300;200	0;0;0	12;18;0	4100032;5112001;4105023;3000003	5;90;20;130000					1	绝境·无音·九	絕境·無音·九	Abyssal (Silence) IX	絶境・無音Ⅸ	절경·무음·9	วิกฤต·เงียบงัน·9
2352010	352	10	2352009	96279;96280			300;300;200	0;0;0	12;18;0	4100032;5112001;4105023;3000003	5;100;30;150000					1	绝境·无音·十	絕境·無音·十	Abyssal (Silence) X	絶境・無音Ⅹ	절경·무음·10	วิกฤต·เงียบงัน·10
2452001	452	1	0	96281;96282			300;300;200	0;0;0	12;18;0	4100032;5112001;4105023;3000003	5;50;5;50000					1	挑战·无音·一	挑戰·無音·一	Challenge (Silence) I	挑戦・無音Ⅰ	도전·무음·1	ท้าทาย·เงียบงัน·1
2452002	452	2	2452001	96283;96284			300;300;200	0;0;0	12;18;0	4100032;5112001;4105023;3000003	5;55;5;60000					1	挑战·无音·二	挑戰·無音·二	Challenge (Silence) II	挑戦・無音Ⅱ	도전·무음·2	ท้าทาย·เงียบงัน·2
2452003	452	3	2452002	96285;96286						4100032;5112001;4105023;3000003	5;60;5;70000					1	挑战·无音·三	挑戰·無音·三	Challenge (Silence) III	挑戦・無音Ⅲ	도전·무음·3	ท้าทาย·เงียบงัน·3
2153001	153	1	0	96301;96302			300;300;200	0;0;0	8;12;0	4100032;5112001;4105023;3000003	2;20;1;5000					1	蜜罐·一	蜜罐·一	Honeypot I	ハニーポットⅠ	허니I 	โถน้ำผึ้ง·1
2153002	153	2	0	96303;96304			300;300;200	0;0;0	8;12;0	4100032;5112001;4105023;3000003	2;25;2;10000					1	蜜罐·二	蜜罐·二	Honeypot II	ハニーポットⅡ	허니II 	โถน้ำผึ้ง·2
2153003	153	3	0	96305;96306			300;300;200	0;0;0	8;12;0	4100032;5112001;4105023;3000003	2;30;3;15000					1	蜜罐·三	蜜罐·三	Honeypot III	ハニーポットⅢ	허니III 	โถน้ำผึ้ง·3
2153004	153	4	0	96307;96308			300;300;200	0;0;0	8;12;0	4100032;5112001;4105023;3000003	2;35;4;20000					1	蜜罐·四	蜜罐·四	Honeypot IV	ハニーポットⅣ	허니IV	โถน้ำผึ้ง·4
2153005	153	5	0	96309;96310			300;300;200	0;0;0	8;12;0	4100032;5112001;4105023;3000003	2;40;5;25000					1	蜜罐·五	蜜罐·五	Honeypot V	ハニーポットⅤ	허니V	โถน้ำผึ้ง·5
2153006	153	6	0	96311;96312			300;300;200	0;0;0	8;12;0	4100032;5112001;4105023;3000003	2;45;6;30000					1	蜜罐·六	蜜罐·六	Honeypot VI	ハニーポットⅥ	허니VI 	โถน้ำผึ้ง·6
2153007	153	7	0	96313;96314			300;300;200	0;0;0	8;12;0	4100032;5112001;4105023;3000003	2;50;7;35000					1	蜜罐·七	蜜罐·七	Honeypot VII	ハニーポットⅦ	허니VII 	โถน้ำผึ้ง·7
2153008	153	8	0	96315;96316			300;300;200	0;0;0	8;12;0	4100032;5112001;4105023;3000003	2;55;8;40000					1	蜜罐·八	蜜罐·八	Honeypot VIII	ハニーポットⅧ	허니VIII 	โถน้ำผึ้ง·8
2153009	153	9	0	96317;96318			300;300;200	0;0;0	12;18;0	4100032;5112001;4105023;3000003	2;60;9;45000					1	蜜罐·九	蜜罐·九	Honeypot IX	ハニーポットⅨ	허니IX	โถน้ำผึ้ง·9
2153010	153	10	2153009	96319;96320			300;300;200	0;0;0	12;18;0	4100032;5112001;4105023;3000003	2;70;10;50000					1	蜜罐·十	蜜罐·十	Honeypot X	ハニーポットⅩ	허니X	โถน้ำผึ้ง·10
2253001	253	1	0	96331;96332			300;300;200	0;0;0	8;12;0	4100032;5112001;4105023;3000003	5;50;5;50000					1	困难·蜜罐·一	困難·蜜罐·一	Hard (Honeypot) I	困難・ハニーポットⅠ	허니·하드I 	ยาก·โถน้ำผึ้ง·1
2253002	253	2	0	96333;96334			300;300;200	0;0;0	8;12;0	4100032;5112001;4105023;3000003	5;55;5;60000					1	困难·蜜罐·二	困難·蜜罐·二	Hard (Honeypot) II	困難・ハニーポットⅡ	허니·하드II 	ยาก·โถน้ำผึ้ง·2
2253003	253	3	0	96335;96336			300;300;200	0;0;0	8;12;0	4100032;5112001;4105023;3000003	5;60;5;70000					1	困难·蜜罐·三	困難·蜜罐·三	Hard (Honeypot) III	困難・ハニーポットⅢ	허니·하드III 	ยาก·โถน้ำผึ้ง·3
2253004	253	4	0	96337;96338			300;300;200	0;0;0	8;12;0	4100032;5112001;4105023;3000003	5;65;10;80000					1	困难·蜜罐·四	困難·蜜罐·四	Hard (Honeypot) IV	困難・ハニーポットⅣ	허니·하드IV	ยาก·โถน้ำผึ้ง·4
2253005	253	5	0	96339;96340			300;300;200	0;0;0	8;12;0	4100032;5112001;4105023;3000003	5;70;10;90000					1	困难·蜜罐·五	困難·蜜罐·五	Hard (Honeypot) V	困難・ハニーポットⅤ	허니·하드V	ยาก·โถน้ำผึ้ง·5
2253006	253	6	0	96341;96342			300;300;200	0;0;0	8;12;0	4100032;5112001;4105023;3000003	5;75;10;100000					1	困难·蜜罐·六	困難·蜜罐·六	Hard (Honeypot) VI	困難・ハニーポットⅥ	허니·하드VI 	ยาก·โถน้ำผึ้ง·6
2253007	253	7	2253006	96343;96344			300;300;200	0;0;0	8;12;0	4100032;5112001;4105023;3000003	5;80;20;110000					1	困难·蜜罐·七	困難·蜜罐·七	Hard (Honeypot) VII	困難・ハニーポットⅦ	허니·하드VII 	ยาก·โถน้ำผึ้ง·7
2253008	253	8	2253007	96345;96346			300;300;200	0;0;0	8;12;0	4100032;5112001;4105023;3000003	5;85;20;120000					1	困难·蜜罐·八	困難·蜜罐·八	Hard (Honeypot) VIII	困難・ハニーポットⅧ	허니·하드VIII 	ยาก·โถน้ำผึ้ง·8
2253009	253	9	2253008	96347;96348			300;300;200	0;0;0	12;18;0	4100032;5112001;4105023;3000003	5;90;20;130000					1	困难·蜜罐·九	困難·蜜罐·九	Hard (Honeypot) IX	困難・ハニーポットⅨ	허니·하드IX	ยาก·โถน้ำผึ้ง·9
2253010	253	10	2253009	96349;96350			300;300;200	0;0;0	12;18;0	4100032;5112001;4105023;3000003	5;100;30;150000					1	困难·蜜罐·十	困難·蜜罐·十	Hard (Honeypot) X	困難・ハニーポットⅩ	허니·하드X	ยาก·โถน้ำผึ้ง·10
2353001	353	1	0	96361;96362			300;300;200	0;0;0	8;12;0	4100032;5112001;4105023;3000003	5;50;5;50000					1	绝境·蜜罐·一	絕境·蜜罐·一	Abyssal (Honeypot) I	絶境・ハニーポットⅠ	허니·인페르노I 	วิกฤต·โถน้ำผึ้ง·1
2353002	353	2	0	96363;96364			300;300;200	0;0;0	8;12;0	4100032;5112001;4105023;3000003	5;55;5;60000					1	绝境·蜜罐·二	絕境·蜜罐·二	Abyssal (Honeypot) II	絶境・ハニーポットⅡ	허니·인페르노II 	วิกฤต·โถน้ำผึ้ง·2
2353003	353	3	0	96365;96366			300;300;200	0;0;0	8;12;0	4100032;5112001;4105023;3000003	5;60;5;70000					1	绝境·蜜罐·三	絕境·蜜罐·三	Abyssal (Honeypot) III	絶境・ハニーポットⅢ	허니·인페르노III 	วิกฤต·โถน้ำผึ้ง·3
2353004	353	4	0	96367;96368			300;300;200	0;0;0	8;12;0	4100032;5112001;4105023;3000003	5;65;10;80000					1	绝境·蜜罐·四	絕境·蜜罐·四	Abyssal (Honeypot) IV	絶境・ハニーポットⅣ	허니·인페르노IV	วิกฤต·โถน้ำผึ้ง·4
2353005	353	5	0	96369;96370			300;300;200	0;0;0	8;12;0	4100032;5112001;4105023;3000003	5;70;10;90000					1	绝境·蜜罐·五	絕境·蜜罐·五	Abyssal (Honeypot) V	絶境・ハニーポットⅤ	허니·인페르노V	วิกฤต·โถน้ำผึ้ง·5
2353006	353	6	0	96371;96372			300;300;200	0;0;0	8;12;0	4100032;5112001;4105023;3000003	5;75;10;100000					1	绝境·蜜罐·六	絕境·蜜罐·六	Abyssal (Honeypot) VI	絶境・ハニーポットⅥ	허니·인페르노VI 	วิกฤต·โถน้ำผึ้ง·6
2353007	353	7	2353006	96373;96374			300;300;200	0;0;0	8;12;0	4100032;5112001;4105023;3000003	5;80;20;110000					1	绝境·蜜罐·七	絕境·蜜罐·七	Abyssal (Honeypot) VII	絶境・ハニーポットⅦ	허니·인페르노VII 	วิกฤต·โถน้ำผึ้ง·7
2353008	353	8	2353007	96375;96376			300;300;200	0;0;0	8;12;0	4100032;5112001;4105023;3000003	5;85;20;120000					1	绝境·蜜罐·八	絕境·蜜罐·八	Abyssal (Honeypot) VIII	絶境・ハニーポットⅧ	허니·인페르노VIII 	วิกฤต·โถน้ำผึ้ง·8
2353009	353	9	2353008	96377;96378			300;300;200	0;0;0	12;18;0	4100032;5112001;4105023;3000003	5;90;20;130000					1	绝境·蜜罐·九	絕境·蜜罐·九	Abyssal (Honeypot) IX	絶境・ハニーポットⅨ	허니·인페르노IX	วิกฤต·โถน้ำผึ้ง·9
2353010	353	10	2353009	96379;96380			300;300;200	0;0;0	12;18;0	4100032;5112001;4105023;3000003	5;100;30;150000					1	绝境·蜜罐·十	絕境·蜜罐·十	Abyssal (Honeypot) X	絶境・ハニーポットⅩ	허니·인페르노X	วิกฤต·โถน้ำผึ้ง·10
2453001	453	1	0	96381;96382			300;300;200	0;0;0	12;18;0	4100032;5112001;4105023;3000003	5;50;5;50000					1	挑战·蜜罐·一	挑戰·蜜罐·一	Challenge (Honeypot) I	挑戦・ハニーポットⅠ	도전·허니I 	ท้าทาย·โถน้ำผึ้ง·1
2453002	453	2	2453001	96383;96384			300;300;200	0;0;0	12;18;0	4100032;5112001;4105023;3000003	5;55;5;60000					1	挑战·蜜罐·二	挑戰·蜜罐·二	Challenge (Honeypot) II	挑戦・ハニーポットⅡ	도전·허니II	ท้าทาย·โถน้ำผึ้ง·3
2453003	453	3	2453002	96385;96386						4100032;5112001;4105023;3000003	5;60;5;70000					1	挑战·蜜罐·三	挑戰·蜜罐·三	Challenge (Honeypot) III	挑戦・ハニーポットⅢ	도전·허니III	ท้าทาย·โถน้ำผึ้ง·3
2154001	154	1	0	96401;96402			300;300;200	0;0;0	8;12;0	4100032;5112001;4105023;3000003	2;20;1;5000					1	迷心·一	迷心·一	Mindmaze I	迷心Ⅰ	미혹I 	วงกตดวงใจ·1
2154002	154	2	0	96403;96404			300;300;200	0;0;0	8;12;0	4100032;5112001;4105023;3000003	2;25;2;10000					1	迷心·二	迷心·二	Mindmaze II	迷心Ⅱ	미혹II 	วงกตดวงใจ·2
2154003	154	3	0	96405;96406			300;300;200	0;0;0	8;12;0	4100032;5112001;4105023;3000003	2;30;3;15000					1	迷心·三	迷心·三	Mindmaze III	迷心Ⅲ	미혹III 	วงกตดวงใจ·3
2154004	154	4	0	96407;96408			300;300;200	0;0;0	8;12;0	4100032;5112001;4105023;3000003	2;35;4;20000					1	迷心·四	迷心·四	Mindmaze IV	迷心Ⅳ	미혹IV	วงกตดวงใจ·4
2154005	154	5	0	96409;96410			300;300;200	0;0;0	8;12;0	4100032;5112001;4105023;3000003	2;40;5;25000					1	迷心·五	迷心·五	Mindmaze V	迷心Ⅴ	미혹V	วงกตดวงใจ·5
2154006	154	6	0	96411;96412			300;300;200	0;0;0	8;12;0	4100032;5112001;4105023;3000003	2;45;6;30000					1	迷心·六	迷心·六	Mindmaze VI	迷心Ⅵ	미혹VI 	วงกตดวงใจ·6
2154007	154	7	0	96413;96414			300;300;200	0;0;0	8;12;0	4100032;5112001;4105023;3000003	2;50;7;35000					1	迷心·七	迷心·七	Mindmaze VII	迷心Ⅶ	미혹VII 	วงกตดวงใจ·7
2154008	154	8	0	96415;96416			300;300;200	0;0;0	8;12;0	4100032;5112001;4105023;3000003	2;55;8;40000					1	迷心·八	迷心·八	Mindmaze VIII	迷心Ⅷ	미혹VIII 	วงกตดวงใจ·8
2154009	154	9	0	96417;96418			300;300;200	0;0;0	12;18;0	4100032;5112001;4105023;3000003	2;60;9;45000					1	迷心·九	迷心·九	Mindmaze IX	迷心Ⅸ	미혹IX	วงกตดวงใจ·9
2154010	154	10	2154009	96419;96420			300;300;200	0;0;0	12;18;0	4100032;5112001;4105023;3000003	2;70;10;50000					1	迷心·十	迷心·十	Mindmaze X	迷心Ⅹ	미혹X	วงกตดวงใจ·10
2254001	254	1	0	96431;96432			300;300;200	0;0;0	8;12;0	4100032;5112001;4105023;3000003	5;50;5;50000					1	困难·迷心·一	困難·迷心·一	Hard (Mindmaze) I	困難・迷心Ⅰ	미혹·하드I 	ยาก·วงกตดวงใจ·1
2254002	254	2	0	96433;96434			300;300;200	0;0;0	8;12;0	4100032;5112001;4105023;3000003	5;55;5;60000					1	困难·迷心·二	困難·迷心·二	Hard (Mindmaze) II	困難・迷心Ⅱ	미혹·하드II 	ยาก·วงกตดวงใจ·2
2254003	254	3	0	96435;96436			300;300;200	0;0;0	8;12;0	4100032;5112001;4105023;3000003	5;60;5;70000					1	困难·迷心·三	困難·迷心·三	Hard (Mindmaze) III	困難・迷心Ⅲ	미혹·하드III 	ยาก·วงกตดวงใจ·3
2254004	254	4	0	96437;96438			300;300;200	0;0;0	8;12;0	4100032;5112001;4105023;3000003	5;65;10;80000					1	困难·迷心·四	困難·迷心·四	Hard (Mindmaze) IV	困難・迷心Ⅳ	미혹·하드IV	ยาก·วงกตดวงใจ·4
2254005	254	5	0	96439;96440			300;300;200	0;0;0	8;12;0	4100032;5112001;4105023;3000003	5;70;10;90000					1	困难·迷心·五	困難·迷心·五	Hard (Mindmaze) V	困難・迷心Ⅴ	미혹·하드V	ยาก·วงกตดวงใจ·5
2254006	254	6	0	96441;96442			300;300;200	0;0;0	8;12;0	4100032;5112001;4105023;3000003	5;75;10;100000					1	困难·迷心·六	困難·迷心·六	Hard (Mindmaze) VI	困難・迷心Ⅵ	미혹·하드VI 	ยาก·วงกตดวงใจ·6
2254007	254	7	2254006	96443;96444			300;300;200	0;0;0	8;12;0	4100032;5112001;4105023;3000003	5;80;20;110000					1	困难·迷心·七	困難·迷心·七	Hard (Mindmaze) VII	困難・迷心Ⅶ	미혹·하드VII 	ยาก·วงกตดวงใจ·7
2254008	254	8	2254007	96445;96446			300;300;200	0;0;0	8;12;0	4100032;5112001;4105023;3000003	5;85;20;120000					1	困难·迷心·八	困難·迷心·八	Hard (Mindmaze) VIII	困難・迷心Ⅷ	미혹·하드VIII 	ยาก·วงกตดวงใจ·8
2254009	254	9	2254008	96447;96448			300;300;200	0;0;0	12;18;0	4100032;5112001;4105023;3000003	5;90;20;130000					1	困难·迷心·九	困難·迷心·九	Hard (Mindmaze) IX	困難・迷心Ⅸ	미혹·하드IX	ยาก·วงกตดวงใจ·9
2254010	254	10	2254009	96449;96450			300;300;200	0;0;0	12;18;0	4100032;5112001;4105023;3000003	5;100;30;150000					1	困难·迷心·十	困難·迷心·十	Hard (Mindmaze) X	困難・迷心Ⅹ	미혹·하드X	ยาก·วงกตดวงใจ·10
2354001	354	1	0	96461;96462			300;300;200	0;0;0	8;12;0	4100032;5112001;4105023;3000003	5;50;5;50000					1	绝境·迷心·一	絕境·迷心·一	Abyssal (Mindmaze) I	絶境・迷心Ⅰ	미혹·인페르노I 	วิกฤต·วงกตดวงใจ·1
2354002	354	2	0	96463;96464			300;300;200	0;0;0	8;12;0	4100032;5112001;4105023;3000003	5;55;5;60000					1	绝境·迷心·二	絕境·迷心·二	Abyssal (Mindmaze) II	絶境・迷心Ⅱ	미혹·인페르노II 	วิกฤต·วงกตดวงใจ·2
2354003	354	3	0	96465;96466			300;300;200	0;0;0	8;12;0	4100032;5112001;4105023;3000003	5;60;5;70000					1	绝境·迷心·三	絕境·迷心·三	Abyssal (Mindmaze) III	絶境・迷心Ⅲ	미혹·인페르노III 	วิกฤต·วงกตดวงใจ·3
2354004	354	4	0	96467;96468			300;300;200	0;0;0	8;12;0	4100032;5112001;4105023;3000003	5;65;10;80000					1	绝境·迷心·四	絕境·迷心·四	Abyssal (Mindmaze) IV	絶境・迷心Ⅳ	미혹·인페르노IV	วิกฤต·วงกตดวงใจ·4
2354005	354	5	0	96469;96470			300;300;200	0;0;0	8;12;0	4100032;5112001;4105023;3000003	5;70;10;90000					1	绝境·迷心·五	絕境·迷心·五	Abyssal (Mindmaze) V	絶境・迷心Ⅴ	미혹·인페르노V	วิกฤต·วงกตดวงใจ·5
2354006	354	6	0	96471;96472			300;300;200	0;0;0	8;12;0	4100032;5112001;4105023;3000003	5;75;10;100000					1	绝境·迷心·六	絕境·迷心·六	Abyssal (Mindmaze) VI	絶境・迷心Ⅵ	미혹·인페르노VI 	วิกฤต·วงกตดวงใจ·6
2354007	354	7	2354006	96473;96474			300;300;200	0;0;0	8;12;0	4100032;5112001;4105023;3000003	5;80;20;110000					1	绝境·迷心·七	絕境·迷心·七	Abyssal (Mindmaze) VII	絶境・迷心Ⅶ	미혹·인페르노VII 	วิกฤต·วงกตดวงใจ·7
2354008	354	8	2354007	96475;96476			300;300;200	0;0;0	8;12;0	4100032;5112001;4105023;3000003	5;85;20;120000					1	绝境·迷心·八	絕境·迷心·八	Abyssal (Mindmaze) VIII	絶境・迷心Ⅷ	미혹·인페르노VIII 	วิกฤต·วงกตดวงใจ·8
2354009	354	9	2354008	96477;96478			300;300;200	0;0;0	12;18;0	4100032;5112001;4105023;3000003	5;90;20;130000					1	绝境·迷心·九	絕境·迷心·九	Abyssal (Mindmaze) IX	絶境・迷心Ⅸ	미혹·인페르노IX	วิกฤต·วงกตดวงใจ·9
2354010	354	10	2354009	96479;96480			300;300;200	0;0;0	12;18;0	4100032;5112001;4105023;3000003	5;100;30;150000					1	绝境·迷心·十	絕境·迷心·十	Abyssal (Mindmaze) X	絶境・迷心Ⅹ	미혹·인페르노X	วิกฤต·วงกตดวงใจ·10
2454001	454	1	0	96481;96482			300;300;200	0;0;0	12;18;0	4100032;5112001;4105023;3000003	5;50;5;50000					1	挑战·迷心·一	挑戰·迷心·一	Mindmaze (Challenge) 1	挑戦・迷心Ⅰ	도전·미혹I	ท้าทาย·วงกตดวงใจ·1
2454002	454	2	2454001	96483;96484			300;300;200	0;0;0	12;18;0	4100032;5112001;4105023;3000003	5;55;5;60000					1	挑战·迷心·二	挑戰·迷心·二	Mindmaze (Challenge) 2	挑戦・迷心Ⅱ	도전·미혹II	ท้าทาย·วงกตดวงใจ·2
2454003	454	3	2454002	96485;96486						4100032;5112001;4105023;3000003	5;60;5;70000					1	挑战·迷心·三	挑戰·迷心·三	Mindmaze (Challenge) 3	挑戦・迷心Ⅲ	도전·미혹III	ท้าทาย·วงกตดวงใจ·3
2155001	155	1	0	96501;96502			300;300;200	0;0;0	8;12;0	4100032;5112001;4105023;3000003	2;20;1;5000					1	幽夜·一	幽夜·一	Nocturne I	幽夜Ⅰ	칠야I	คืนทมิฬ·1
2155002	155	2	0	96503;96504			300;300;200	0;0;0	8;12;0	4100032;5112001;4105023;3000003	2;25;2;10000					1	幽夜·二	幽夜·二	Nocturne II	幽夜Ⅱ	칠야II	คืนทมิฬ·2
2155003	155	3	0	96505;96506			300;300;200	0;0;0	8;12;0	4100032;5112001;4105023;3000003	2;30;3;15000					1	幽夜·三	幽夜·三	Nocturne III	幽夜Ⅲ	칠야III	คืนทมิฬ·3
2155004	155	4	0	96507;96508			300;300;200	0;0;0	8;12;0	4100032;5112001;4105023;3000003	2;35;4;20000					1	幽夜·四	幽夜·四	Nocturne IV	幽夜Ⅳ	칠야IV	คืนทมิฬ·4
2155005	155	5	0	96509;96510			300;300;200	0;0;0	8;12;0	4100032;5112001;4105023;3000003	2;40;5;25000					1	幽夜·五	幽夜·五	Nocturne V	幽夜Ⅴ	칠야V	คืนทมิฬ·5
2155006	155	6	0	96511;96512			300;300;200	0;0;0	8;12;0	4100032;5112001;4105023;3000003	2;45;6;30000					1	幽夜·六	幽夜·六	Nocturne VI	幽夜Ⅵ	칠야VI	คืนทมิฬ·6
2155007	155	7	0	96513;96514			300;300;200	0;0;0	8;12;0	4100032;5112001;4105023;3000003	2;50;7;35000					1	幽夜·七	幽夜·七	Nocturne VII	幽夜Ⅶ	칠야VII	คืนทมิฬ·7
2155008	155	8	0	96515;96516			300;300;200	0;0;0	8;12;0	4100032;5112001;4105023;3000003	2;55;8;40000					1	幽夜·八	幽夜·八	Nocturne VIII	幽夜Ⅷ	칠야VIII	คืนทมิฬ·8
2155009	155	9	0	96517;96518			300;300;200	0;0;0	12;18;0	4100032;5112001;4105023;3000003	2;60;9;45000					1	幽夜·九	幽夜·九	Nocturne IX	幽夜Ⅸ	칠야IX	คืนทมิฬ·9
2155010	155	10	2155009	96519;96520			300;300;200	0;0;0	12;18;0	4100032;5112001;4105023;3000003	2;70;10;50000					1	幽夜·十	幽夜·十	Nocturne X	幽夜Ⅹ	칠야X	คืนทมิฬ·10
2255001	255	1	0	96531;96532			300;300;200	0;0;0	8;12;0	4100032;5112001;4105023;3000003	5;50;5;50000					1	困难·幽夜·一	困難·幽夜·一	Hard (Nocturne) I	困難・幽夜Ⅰ	칠야·하드I	ยาก·คืนทมิฬ·1
2255002	255	2	0	96533;96534			300;300;200	0;0;0	8;12;0	4100032;5112001;4105023;3000003	5;55;5;60000					1	困难·幽夜·二	困難·幽夜·二	Hard (Nocturne) II	困難・幽夜Ⅱ	칠야·하드II	ยาก·คืนทมิฬ·2
2255003	255	3	0	96535;96536			300;300;200	0;0;0	8;12;0	4100032;5112001;4105023;3000003	5;60;5;70000					1	困难·幽夜·三	困難·幽夜·三	Hard (Nocturne) III	困難・幽夜Ⅲ	칠야·하드III	ยาก·คืนทมิฬ·3
2255004	255	4	0	96537;96538			300;300;200	0;0;0	8;12;0	4100032;5112001;4105023;3000003	5;65;10;80000					1	困难·幽夜·四	困難·幽夜·四	Hard (Nocturne) IV	困難・幽夜Ⅳ	칠야·하드IV	ยาก·คืนทมิฬ·4
2255005	255	5	0	96539;96540			300;300;200	0;0;0	8;12;0	4100032;5112001;4105023;3000003	5;70;10;90000					1	困难·幽夜·五	困難·幽夜·五	Hard (Nocturne) V	困難・幽夜Ⅴ	칠야·하드V	ยาก·คืนทมิฬ·5
2255006	255	6	0	96541;96542			300;300;200	0;0;0	8;12;0	4100032;5112001;4105023;3000003	5;75;10;100000					1	困难·幽夜·六	困難·幽夜·六	Hard (Nocturne) VI	困難・幽夜Ⅵ	칠야·하드VI	ยาก·คืนทมิฬ·6
2255007	255	7	0	96543;96544			300;300;200	0;0;0	8;12;0	4100032;5112001;4105023;3000003	5;80;20;110000					1	困难·幽夜·七	困難·幽夜·七	Hard (Nocturne) VII	困難・幽夜Ⅶ	칠야·하드VII	ยาก·คืนทมิฬ·7
2255008	255	8	0	96545;96546			300;300;200	0;0;0	8;12;0	4100032;5112001;4105023;3000003	5;85;20;120000					1	困难·幽夜·八	困難·幽夜·八	Hard (Nocturne) VIII	困難・幽夜Ⅷ	칠야·하드VIII	ยาก·คืนทมิฬ·8
2255009	255	9	0	96547;96548			300;300;200	0;0;0	12;18;0	4100032;5112001;4105023;3000003	5;90;20;130000					1	困难·幽夜·九	困難·幽夜·九	Hard (Nocturne) IX	困難・幽夜Ⅸ	칠야·하드IX	ยาก·คืนทมิฬ·9
2255010	255	10	2255009	96549;96550			300;300;200	0;0;0	12;18;0	4100032;5112001;4105023;3000003	5;100;30;150000					1	困难·幽夜·十	困難·幽夜·十	Hard (Nocturne) X	困難・幽夜Ⅹ	칠야·하드X	ยาก·คืนทมิฬ·10
2355001	355	1	0	96561;96562			300;300;200	0;0;0	8;12;0	4100032;5112001;4105023;3000003	5;50;5;50000					1	绝境·幽夜·一	絕境·幽夜·一	Abyssal (Nocturne) I	絶境・幽夜Ⅰ	칠야·인페르노I	วิกฤต·คืนทมิฬ·1
2355002	355	2	0	96563;96564			300;300;200	0;0;0	8;12;0	4100032;5112001;4105023;3000003	5;55;5;60000					1	绝境·幽夜·二	絕境·幽夜·二	Abyssal (Nocturne) II	絶境・幽夜Ⅱ	칠야·인페르노II	วิกฤต·คืนทมิฬ·2
2355003	355	3	0	96565;96566			300;300;200	0;0;0	8;12;0	4100032;5112001;4105023;3000003	5;60;5;70000					1	绝境·幽夜·三	絕境·幽夜·三	Abyssal (Nocturne) III	絶境・幽夜Ⅲ	칠야·인페르노III	วิกฤต·คืนทมิฬ·3
2355004	355	4	0	96567;96568			300;300;200	0;0;0	8;12;0	4100032;5112001;4105023;3000003	5;65;10;80000					1	绝境·幽夜·四	絕境·幽夜·四	Abyssal (Nocturne) IV	絶境・幽夜Ⅳ	칠야·인페르노IV	วิกฤต·คืนทมิฬ·4
2355005	355	5	0	96569;96570			300;300;200	0;0;0	8;12;0	4100032;5112001;4105023;3000003	5;70;10;90000					1	绝境·幽夜·五	絕境·幽夜·五	Abyssal (Nocturne) V	絶境・幽夜Ⅴ	칠야·인페르노V	วิกฤต·คืนทมิฬ·5
2355006	355	6	0	96571;96572			300;300;200	0;0;0	8;12;0	4100032;5112001;4105023;3000003	5;75;10;100000					1	绝境·幽夜·六	絕境·幽夜·六	Abyssal (Nocturne) VI	絶境・幽夜Ⅵ	칠야·인페르노VI	วิกฤต·คืนทมิฬ·6
2355007	355	7	2355006	96573;96574			300;300;200	0;0;0	8;12;0	4100032;5112001;4105023;3000003	5;80;20;110000					1	绝境·幽夜·七	絕境·幽夜·七	Abyssal (Nocturne) VII	絶境・幽夜Ⅶ	칠야·인페르노VII	วิกฤต·คืนทมิฬ·7
2355008	355	8	2355007	96575;96576			300;300;200	0;0;0	8;12;0	4100032;5112001;4105023;3000003	5;85;20;120000					1	绝境·幽夜·八	絕境·幽夜·八	Abyssal (Nocturne) VIII	絶境・幽夜Ⅷ	칠야·인페르노VIII	วิกฤต·คืนทมิฬ·8
2355009	355	9	2355008	96577;96578			300;300;200	0;0;0	12;18;0	4100032;5112001;4105023;3000003	5;90;20;130000					1	绝境·幽夜·九	絕境·幽夜·九	Abyssal (Nocturne) IX	絶境・幽夜Ⅸ	칠야·인페르노IX	วิกฤต·คืนทมิฬ·9
2355010	355	10	2355009	96579;96580			300;300;200	0;0;0	12;18;0	4100032;5112001;4105023;3000003	5;100;30;150000					1	绝境·幽夜·十	絕境·幽夜·十	Abyssal (Nocturne) X	絶境・幽夜Ⅹ	칠야·인페르노X	วิกฤต·คืนทมิฬ·10
2455001	455	1	0	96581;96582			300;300;200	0;0;0	12;18;0	4100032;5112001;4105023;3000003	5;50;5;50000					1	挑战·幽夜·一	挑戰·幽夜·一	Challenge (Nocturne) I	挑戦・幽夜Ⅰ	도전·칠야I 	ท้าทาย·คืนทมิฬ·1
2455002	455	2	2455001	96583;96584			300;300;200	0;0;0	12;18;0	4100032;5112001;4105023;3000003	5;55;5;60000					1	挑战·幽夜·二	挑戰·幽夜·二	Challenge (Nocturne) II	挑戦・幽夜Ⅱ	도전·칠야II	ท้าทาย·คืนทมิฬ·2
2455003	455	3	2455002	96585;96586						4100032;5112001;4105023;3000003	5;60;5;70000					1	挑战·幽夜·三	挑戰·幽夜·三	Challenge (Nocturne) III	挑戦・幽夜Ⅲ	도전·칠야III	ท้าทาย·คืนทมิฬ·3
2156001	156	1	0	96601;96602			300;300;200	0;0;0	8;12;0	4100032;5112001;4105023;3000003	2;20;1;5000					1	溺梦·一	溺夢·一	Abysslumber I	酔夢Ⅰ	미몽I	ฝันจมดิ่ง·1
2156002	156	2	0	96603;96604			300;300;200	0;0;0	8;12;0	4100032;5112001;4105023;3000003	2;25;2;10000					1	溺梦·二	溺夢·二	Abysslumber II	酔夢Ⅱ	미몽II	ฝันจมดิ่ง·2
2156003	156	3	0	96605;96606			300;300;200	0;0;0	8;12;0	4100032;5112001;4105023;3000003	2;30;3;15000					1	溺梦·三	溺夢·三	Abysslumber III	酔夢Ⅲ	미몽III	ฝันจมดิ่ง·1
2156004	156	4	0	96607;96608			300;300;200	0;0;0	8;12;0	4100032;5112001;4105023;3000003	2;35;4;20000					1	溺梦·四	溺夢·四	Abysslumber IV	酔夢Ⅳ	미몽IV	ฝันจมดิ่ง·4
2156005	156	5	0	96609;96610			300;300;200	0;0;0	8;12;0	4100032;5112001;4105023;3000003	2;40;5;25000					1	溺梦·五	溺夢·五	Abysslumber V	酔夢Ⅴ	미몽V	ฝันจมดิ่ง·5
2156006	156	6	0	96611;96612			300;300;200	0;0;0	8;12;0	4100032;5112001;4105023;3000003	2;45;6;30000					1	溺梦·六	溺夢·六	Abysslumber VI	酔夢Ⅵ	미몽VI	ฝันจมดิ่ง·6
2156007	156	7	0	96613;96614			300;300;200	0;0;0	8;12;0	4100032;5112001;4105023;3000003	2;50;7;35000					1	溺梦·七	溺夢·七	Abysslumber VII	酔夢Ⅶ	미몽VII	ฝันจมดิ่ง·7
2156008	156	8	0	96615;96616			300;300;200	0;0;0	8;12;0	4100032;5112001;4105023;3000003	2;55;8;40000					1	溺梦·八	溺夢·八	Abysslumber VIII	酔夢Ⅷ	미몽VIII	ฝันจมดิ่ง·8
2156009	156	9	0	96617;96618			300;300;200	0;0;0	12;18;0	4100032;5112001;4105023;3000003	2;60;9;45000					1	溺梦·九	溺夢·九	Abysslumber IX	酔夢Ⅸ	미몽IX	ฝันจมดิ่ง·9
2156010	156	10	2156009	96619;96620			300;300;200	0;0;0	12;18;0	4100032;5112001;4105023;3000003	2;70;10;50000					1	溺梦·十	溺夢·十	Abysslumber X	酔夢Ⅹ	미몽X	ฝันจมดิ่ง·10
2256001	256	1	0	96631;96632			300;300;200	0;0;0	8;12;0	4100032;5112001;4105023;3000003	5;50;5;50000					1	困难·溺梦·一	困難·溺夢·一	Hard (Abysslumber) I	困難・酔夢Ⅰ	미몽·하드I	ยาก·ฝันจมดิ่ง·1
2256002	256	2	0	96633;96634			300;300;200	0;0;0	8;12;0	4100032;5112001;4105023;3000003	5;55;5;60000					1	困难·溺梦·二	困難·溺夢·二	Hard (Abysslumber) II	困難・酔夢Ⅱ	미몽·하드II	ยาก·ฝันจมดิ่ง·2
2256003	256	3	0	96635;96636			300;300;200	0;0;0	8;12;0	4100032;5112001;4105023;3000003	5;60;5;70000					1	困难·溺梦·三	困難·溺夢·三	Hard (Abysslumber) III	困難・酔夢Ⅲ	미몽·하드III	ยาก·ฝันจมดิ่ง·3
2256004	256	4	0	96637;96638			300;300;200	0;0;0	8;12;0	4100032;5112001;4105023;3000003	5;65;10;80000					1	困难·溺梦·四	困難·溺夢·四	Hard (Abysslumber) IV	困難・酔夢Ⅳ	미몽·하드IV	ยาก·ฝันจมดิ่ง·4
2256005	256	5	0	96639;96640			300;300;200	0;0;0	8;12;0	4100032;5112001;4105023;3000003	5;70;10;90000					1	困难·溺梦·五	困難·溺夢·五	Hard (Abysslumber) V	困難・酔夢Ⅴ	미몽·하드V	ยาก·ฝันจมดิ่ง·5
2256006	256	6	0	96641;96642			300;300;200	0;0;0	8;12;0	4100032;5112001;4105023;3000003	5;75;10;100000					1	困难·溺梦·六	困難·溺夢·六	Hard (Abysslumber) VI	困難・酔夢Ⅵ	미몽·하드VI	ยาก·ฝันจมดิ่ง·6
2256007	256	7	0	96643;96644			300;300;200	0;0;0	8;12;0	4100032;5112001;4105023;3000003	5;80;20;110000					1	困难·溺梦·七	困難·溺夢·七	Hard (Abysslumber) VII	困難・酔夢Ⅶ	미몽·하드VII	ยาก·ฝันจมดิ่ง·7
2256008	256	8	0	96645;96646			300;300;200	0;0;0	8;12;0	4100032;5112001;4105023;3000003	5;85;20;120000					1	困难·溺梦·八	困難·溺夢·八	Hard (Abysslumber) VIII	困難・酔夢Ⅷ	미몽·하드VIII	ยาก·ฝันจมดิ่ง·8
2256009	256	9	0	96647;96648			300;300;200	0;0;0	12;18;0	4100032;5112001;4105023;3000003	5;90;20;130000					1	困难·溺梦·九	困難·溺夢·九	Hard (Abysslumber) IX	困難・酔夢Ⅸ	미몽·하드IX	ยาก·ฝันจมดิ่ง·9
2256010	256	10	2256009	96649;96650			300;300;200	0;0;0	12;18;0	4100032;5112001;4105023;3000003	5;100;30;150000					1	困难·溺梦·十	困難·溺夢·十	Hard (Abysslumber) X	困難・酔夢Ⅹ	미몽·하드X	ยาก·ฝันจมดิ่ง·10
2356001	356	1	0	96661;96662			300;300;200	0;0;0	8;12;0	4100032;5112001;4105023;3000003	5;50;5;50000					1	绝境·溺梦·一	絕境·溺夢·一	Abyssal (Abysslumber) I	絶境・酔夢Ⅰ	미몽·인페르노I	วิกฤต·ฝันจมดิ่ง·1
2356002	356	2	0	96663;96664			300;300;200	0;0;0	8;12;0	4100032;5112001;4105023;3000003	5;55;5;60000					1	绝境·溺梦·二	絕境·溺夢·二	Abyssal (Abysslumber) II	絶境・酔夢Ⅱ	미몽·인페르노II	วิกฤต·ฝันจมดิ่ง·2
2356003	356	3	0	96665;96666			300;300;200	0;0;0	8;12;0	4100032;5112001;4105023;3000003	5;60;5;70000					1	绝境·溺梦·三	絕境·溺夢·三	Abyssal (Abysslumber) III	絶境・酔夢Ⅲ	미몽·인페르노III	วิกฤต·ฝันจมดิ่ง·3
2356004	356	4	0	96667;96668			300;300;200	0;0;0	8;12;0	4100032;5112001;4105023;3000003	5;65;10;80000					1	绝境·溺梦·四	絕境·溺夢·四	Abyssal (Abysslumber) IV	絶境・酔夢Ⅳ	미몽·인페르노IV	วิกฤต·ฝันจมดิ่ง·4
2356005	356	5	0	96669;96670			300;300;200	0;0;0	8;12;0	4100032;5112001;4105023;3000003	5;70;10;90000					1	绝境·溺梦·五	絕境·溺夢·五	Abyssal (Abysslumber) V	絶境・酔夢Ⅴ	미몽·인페르노V	วิกฤต·ฝันจมดิ่ง·5
2356006	356	6	0	96671;96672			300;300;200	0;0;0	8;12;0	4100032;5112001;4105023;3000003	5;75;10;100000					1	绝境·溺梦·六	絕境·溺夢·六	Abyssal (Abysslumber) VI	絶境・酔夢Ⅵ	미몽·인페르노VI	วิกฤต·ฝันจมดิ่ง·6
2356007	356	7	2356006	96673;96674			300;300;200	0;0;0	8;12;0	4100032;5112001;4105023;3000003	5;80;20;110000					1	绝境·溺梦·七	絕境·溺夢·七	Abyssal (Abysslumber) VII	絶境・酔夢Ⅶ	미몽·인페르노VII	วิกฤต·ฝันจมดิ่ง·7
2356008	356	8	2356007	96675;96676			300;300;200	0;0;0	8;12;0	4100032;5112001;4105023;3000003	5;85;20;120000					1	绝境·溺梦·八	絕境·溺夢·八	Abyssal (Abysslumber) VIII	絶境・酔夢Ⅷ	미몽·인페르노VIII	วิกฤต·ฝันจมดิ่ง·8
2356009	356	9	2356008	96677;96678			300;300;200	0;0;0	12;18;0	4100032;5112001;4105023;3000003	5;90;20;130000					1	绝境·溺梦·九	絕境·溺夢·九	Abyssal (Abysslumber) IX	絶境・酔夢Ⅸ	미몽·인페르노IX	วิกฤต·ฝันจมดิ่ง·9
2356010	356	10	2356009	96679;96680			300;300;200	0;0;0	12;18;0	4100032;5112001;4105023;3000003	5;100;30;150000					1	绝境·溺梦·十	絕境·溺夢·十	Abyssal (Abysslumber) X	絶境・酔夢Ⅹ	미몽·인페르노X	วิกฤต·ฝันจมดิ่ง·10
2456001	456	1	0	96681;96682			300;300;200	0;0;0	12;18;0	4100032;5112001;4105023;3000003	5;50;5;50000					1	挑战·溺梦·一	挑戰·溺夢·一	Challenge (Abysslumber) I	挑戦・酔夢Ⅰ	도전·미몽I 	ท้าทาย·ฝันจมดิ่ง·1
2456002	456	2	2456001	96683;96684			300;300;200	0;0;0	12;18;0	4100032;5112001;4105023;3000003	5;55;5;60000					1	挑战·溺梦·二	挑戰·溺夢·二	Challenge (Abysslumber) II	挑戦・酔夢Ⅱ	도전·미몽II	ท้าทาย·ฝันจมดิ่ง·2
2456003	456	3	2456002	96685;96686						4100032;5112001;4105023;3000003	5;60;5;70000					1	挑战·溺梦·三	挑戰·溺夢·三	Challenge (Abysslumber) III	挑戦・酔夢Ⅲ	도전·미몽III	ท้าทาย·ฝันจมดิ่ง·3
2157001	157	1	0	96701;96702			300;300;200	0;0;0	8;12;0	4100032;5112001;4105023;3000003	2;20;1;5000					1	失序·一	失序·一	Disorder I	混沌Ⅰ	디소더I 	สูญสมดุล·1
2157002	157	2	0	96703;96704			300;300;200	0;0;0	8;12;0	4100032;5112001;4105023;3000003	2;25;2;10000					1	失序·二	失序·二	Disorder II	混沌Ⅱ	디소더II	สูญสมดุล·2
2157003	157	3	0	96705;96706			300;300;200	0;0;0	8;12;0	4100032;5112001;4105023;3000003	2;30;3;15000					1	失序·三	失序·三	Disorder III	混沌Ⅲ	디소더III	สูญสมดุล·3
2157004	157	4	0	96707;96708			300;300;200	0;0;0	8;12;0	4100032;5112001;4105023;3000003	2;35;4;20000					1	失序·四	失序·四	Disorder IV	混沌Ⅳ	디소더IV	สูญสมดุล·4
2157005	157	5	0	96709;96710			300;300;200	0;0;0	8;12;0	4100032;5112001;4105023;3000003	2;40;5;25000					1	失序·五	失序·五	Disorder V	混沌Ⅴ	디소더V	สูญสมดุล·5
2157006	157	6	0	96711;96712			300;300;200	0;0;0	8;12;0	4100032;5112001;4105023;3000003	2;45;6;30000					1	失序·六	失序·六	Disorder VI	混沌Ⅵ	디소더VI 	สูญสมดุล·6
2157007	157	7	0	96713;96714			300;300;200	0;0;0	8;12;0	4100032;5112001;4105023;3000003	2;50;7;35000					1	失序·七	失序·七	Disorder VII	混沌Ⅶ	디소더VII	สูญสมดุล·7
2157008	157	8	0	96715;96716			300;300;200	0;0;0	8;12;0	4100032;5112001;4105023;3000003	2;55;8;40000					1	失序·八	失序·八	Disorder VIII	混沌Ⅷ	디소더VIII	สูญสมดุล·8
2157009	157	9	0	96717;96718			300;300;200	0;0;0	12;18;0	4100032;5112001;4105023;3000003	2;60;9;45000					1	失序·九	失序·九	Disorder IX	混沌Ⅸ	디소더IX	สูญสมดุล·9
2157010	157	10	2157009	96719;96720			300;300;200	0;0;0	12;18;0	4100032;5112001;4105023;3000003	2;70;10;50000					1	失序·十	失序·十	Disorder X	混沌Ⅹ	디소더X	สูญสมดุล·10
2257001	257	1	0	96731;96732			300;300;200	0;0;0	8;12;0	4100032;5112001;4105023;3000003	5;50;5;50000					1	困难·失序·一	困難·失序·一	Hard (Disorder) I	困難・混沌Ⅰ	디소더·하드I 	ยาก·สูญสมดุล·1
2257002	257	2	0	96733;96734			300;300;200	0;0;0	8;12;0	4100032;5112001;4105023;3000003	5;55;5;60000					1	困难·失序·二	困難·失序·二	Hard (Disorder) II	困難・混沌Ⅱ	디소더·하드II	ยาก·สูญสมดุล·2
2257003	257	3	0	96735;96736			300;300;200	0;0;0	8;12;0	4100032;5112001;4105023;3000003	5;60;5;70000					1	困难·失序·三	困難·失序·三	Hard (Disorder) III	困難・混沌Ⅲ	디소더·하드III	ยาก·สูญสมดุล·3
2257004	257	4	0	96737;96738			300;300;200	0;0;0	8;12;0	4100032;5112001;4105023;3000003	5;65;10;80000					1	困难·失序·四	困難·失序·四	Hard (Disorder) IV	困難・混沌Ⅳ	디소더·하드IV	ยาก·สูญสมดุล·4
2257005	257	5	0	96739;96740			300;300;200	0;0;0	8;12;0	4100032;5112001;4105023;3000003	5;70;10;90000					1	困难·失序·五	困難·失序·五	Hard (Disorder) V	困難・混沌Ⅴ	디소더·하드V	ยาก·สูญสมดุล·5
2257006	257	6	0	96741;96742			300;300;200	0;0;0	8;12;0	4100032;5112001;4105023;3000003	5;75;10;100000					1	困难·失序·六	困難·失序·六	Hard (Disorder) VI	困難・混沌Ⅵ	디소더·하드VI 	ยาก·สูญสมดุล·6
2257007	257	7	2257006	96743;96744			300;300;200	0;0;0	8;12;0	4100032;5112001;4105023;3000003	5;80;20;110000					1	困难·失序·七	困難·失序·七	Hard (Disorder) VII	困難・混沌Ⅶ	디소더·하드VII	ยาก·สูญสมดุล·7
2257008	257	8	2257007	96745;96746			300;300;200	0;0;0	8;12;0	4100032;5112001;4105023;3000003	5;85;20;120000					1	困难·失序·八	困難·失序·八	Hard (Disorder) VIII	困難・混沌Ⅷ	디소더·하드VIII	ยาก·สูญสมดุล·8
2257009	257	9	2257008	96747;96748			300;300;200	0;0;0	12;18;0	4100032;5112001;4105023;3000003	5;90;20;130000					1	困难·失序·九	困難·失序·九	Hard (Disorder) IX	困難・混沌Ⅸ	디소더·하드IX	ยาก·สูญสมดุล·9
2257010	257	10	2257009	96749;96750			300;300;200	0;0;0	12;18;0	4100032;5112001;4105023;3000003	5;100;30;150000					1	困难·失序·十	困難·失序·十	Hard (Disorder) X	困難・混沌Ⅹ	디소더·하드X	ยาก·สูญสมดุล·10
2357001	357	1	0	96761;96762			300;300;200	0;0;0	8;12;0	4100032;5112001;4105023;3000003	5;50;5;50000					1	绝境·失序·一	絕境·失序·一	Abyssal (Disorder) I	絶境・混沌Ⅰ	디소더·인페르노I 	วิกฤต·สูญสมดุล·1
2357002	357	2	0	96763;96764			300;300;200	0;0;0	8;12;0	4100032;5112001;4105023;3000003	5;55;5;60000					1	绝境·失序·二	絕境·失序·二	Abyssal (Disorder) II	絶境・混沌Ⅱ	디소더·인페르노II	วิกฤต·สูญสมดุล·2
2357003	357	3	0	96765;96766			300;300;200	0;0;0	8;12;0	4100032;5112001;4105023;3000003	5;60;5;70000					1	绝境·失序·三	絕境·失序·三	Abyssal (Disorder) III	絶境・混沌Ⅲ	디소더·인페르노III	วิกฤต·สูญสมดุล·3
2357004	357	4	0	96767;96768			300;300;200	0;0;0	8;12;0	4100032;5112001;4105023;3000003	5;65;10;80000					1	绝境·失序·四	絕境·失序·四	Abyssal (Disorder) IV	絶境・混沌Ⅳ	디소더·인페르노IV	วิกฤต·สูญสมดุล·4
2357005	357	5	0	96769;96770			300;300;200	0;0;0	8;12;0	4100032;5112001;4105023;3000003	5;70;10;90000					1	绝境·失序·五	絕境·失序·五	Abyssal (Disorder) V	絶境・混沌Ⅴ	디소더·인페르노V	วิกฤต·สูญสมดุล·5
2357006	357	6	0	96771;96772			300;300;200	0;0;0	8;12;0	4100032;5112001;4105023;3000003	5;75;10;100000					1	绝境·失序·六	絕境·失序·六	Abyssal (Disorder) VI	絶境・混沌Ⅵ	디소더·인페르노VI 	วิกฤต·สูญสมดุล·6
2357007	357	7	2357006	96773;96774			300;300;200	0;0;0	8;12;0	4100032;5112001;4105023;3000003	5;80;20;110000					1	绝境·失序·七	絕境·失序·七	Abyssal (Disorder) VII	絶境・混沌Ⅶ	디소더·인페르노VII	วิกฤต·สูญสมดุล·7
2357008	357	8	2357007	96775;96776			300;300;200	0;0;0	8;12;0	4100032;5112001;4105023;3000003	5;85;20;120000					1	绝境·失序·八	絕境·失序·八	Abyssal (Disorder) VIII	絶境・混沌Ⅷ	디소더·인페르노VIII	วิกฤต·สูญสมดุล·8
2357009	357	9	2357008	96777;96778			300;300;200	0;0;0	12;18;0	4100032;5112001;4105023;3000003	5;90;20;130000					1	绝境·失序·九	絕境·失序·九	Abyssal (Disorder) IX	絶境・混沌Ⅸ	디소더·인페르노IX	วิกฤต·สูญสมดุล·9
2357010	357	10	2357009	96779;96780			300;300;200	0;0;0	12;18;0	4100032;5112001;4105023;3000003	5;100;30;150000					1	绝境·失序·十	絕境·失序·十	Abyssal (Disorder) X	絶境・混沌Ⅹ	디소더·인페르노X	วิกฤต·สูญสมดุล·10
2457001	457	1	0	96781;96782			300;300;200	0;0;0	12;18;0	4100032;5112001;4105023;3000003	5;50;5;50000					1	挑战·失序·一	挑戰·失序·一	Challenge (Disorder) I	挑戦・混沌Ⅰ	도전·디소더I 	ท้าทาย·สูญสมดุล·1
2457002	457	2	2457001	96783;96784			300;300;200	0;0;0	12;18;0	4100032;5112001;4105023;3000003	5;55;5;60000					1	挑战·失序·二	挑戰·失序·二	Challenge (Disorder) II	挑戦・混沌Ⅱ	도전·디소더II	ท้าทาย·สูญสมดุล·2
2457003	457	3	2457002	96785;96786						4100032;5112001;4105023;3000003	5;60;5;70000					1	挑战·失序·三	挑戰·失序·三	Challenge (Disorder) III	挑戦・混沌Ⅲ	도전·디소더III	ท้าทาย·สูญสมดุล·3
2158001	158	1	0	96801;96802			300;300;200	0;0;0	8;12;0	4100032;5112001;4105023;3000003	2;20;1;5000					1	黯焰·一	黯焰·一	Umbral Blaze I	黒炎Ⅰ	암염I 	เพลิงสีหม่น·1
2158002	158	2	0	96803;96804			300;300;200	0;0;0	8;12;0	4100032;5112001;4105023;3000003	2;25;2;10000					1	黯焰·二	黯焰·二	Umbral Blaze II	黒炎Ⅱ	암염II	เพลิงสีหม่น·2
2158003	158	3	0	96805;96806			300;300;200	0;0;0	8;12;0	4100032;5112001;4105023;3000003	2;30;3;15000					1	黯焰·三	黯焰·三	Umbral Blaze III	黒炎Ⅲ	암염III 	เพลิงสีหม่น·3
2158004	158	4	0	96807;96808			300;300;200	0;0;0	8;12;0	4100032;5112001;4105023;3000003	2;35;4;20000					1	黯焰·四	黯焰·四	Umbral Blaze IV	黒炎Ⅳ	암염IV 	เพลิงสีหม่น·4
2158005	158	5	0	96809;96810			300;300;200	0;0;0	8;12;0	4100032;5112001;4105023;3000003	2;40;5;25000					1	黯焰·五	黯焰·五	Umbral Blaze V	黒炎Ⅴ	암염V	เพลิงสีหม่น·5
2158006	158	6	0	96811;96812			300;300;200	0;0;0	8;12;0	4100032;5112001;4105023;3000003	2;45;6;30000					1	黯焰·六	黯焰·六	Umbral Blaze VI	黒炎Ⅵ	암염VI 	เพลิงสีหม่น·6
2158007	158	7	0	96813;96814			300;300;200	0;0;0	8;12;0	4100032;5112001;4105023;3000003	2;50;7;35000					1	黯焰·七	黯焰·七	Umbral Blaze VII	黒炎Ⅶ	암염VII	เพลิงสีหม่น·7
2158008	158	8	0	96815;96816			300;300;200	0;0;0	8;12;0	4100032;5112001;4105023;3000003	2;55;8;40000					1	黯焰·八	黯焰·八	Umbral Blaze VIII	黒炎Ⅷ	암염VIII	เพลิงสีหม่น·8
2158009	158	9	0	96817;96818			300;300;200	0;0;0	12;18;0	4100032;5112001;4105023;3000003	2;60;9;45000					1	黯焰·九	黯焰·九	Umbral Blaze IX	黒炎Ⅸ	암염IX	เพลิงสีหม่น·9
2158010	158	10	2158009	96819;96820			300;300;200	0;0;0	12;18;0	4100032;5112001;4105023;3000003	2;70;10;50000					1	黯焰·十	黯焰·十	Umbral Blaze X	黒炎Ⅹ	암염X	เพลิงสีหม่น·10
2258001	258	1	0	96831;96832			300;300;200	0;0;0	8;12;0	4100032;5112001;4105023;3000003	5;50;5;50000					1	困难·黯焰·一	困難·黯焰·一	Hard (Umbral Blaze) I	困難・黒炎Ⅰ	하드·암염I 	ยาก·เพลิงสีหม่น·1
2258002	258	2	0	96833;96834			300;300;200	0;0;0	8;12;0	4100032;5112001;4105023;3000003	5;55;5;60000					1	困难·黯焰·二	困難·黯焰·二	Hard (Umbral Blaze) II	困難・黒炎Ⅱ	하드·암염II	ยาก·เพลิงสีหม่น·2
2258003	258	3	0	96835;96836			300;300;200	0;0;0	8;12;0	4100032;5112001;4105023;3000003	5;60;5;70000					1	困难·黯焰·三	困難·黯焰·三	Hard (Umbral Blaze) III	困難・黒炎Ⅲ	하드·암염III 	ยาก·เพลิงสีหม่น·3
2258004	258	4	0	96837;96838			300;300;200	0;0;0	8;12;0	4100032;5112001;4105023;3000003	5;65;10;80000					1	困难·黯焰·四	困難·黯焰·四	Hard (Umbral Blaze) IV	困難・黒炎Ⅳ	하드·암염IV 	ยาก·เพลิงสีหม่น·4
2258005	258	5	0	96839;96840			300;300;200	0;0;0	8;12;0	4100032;5112001;4105023;3000003	5;70;10;90000					1	困难·黯焰·五	困難·黯焰·五	Hard (Umbral Blaze) V	困難・黒炎Ⅴ	하드·암염V	ยาก·เพลิงสีหม่น·5
2258006	258	6	0	96841;96842			300;300;200	0;0;0	8;12;0	4100032;5112001;4105023;3000003	5;75;10;100000					1	困难·黯焰·六	困難·黯焰·六	Hard (Umbral Blaze) VI	困難・黒炎Ⅵ	하드·암염VI 	ยาก·เพลิงสีหม่น·6
2258007	258	7	0	96843;96844			300;300;200	0;0;0	8;12;0	4100032;5112001;4105023;3000003	5;80;20;110000					1	困难·黯焰·七	困難·黯焰·七	Hard (Umbral Blaze) VII	困難・黒炎Ⅶ	하드·암염VII	ยาก·เพลิงสีหม่น·7
2258008	258	8	0	96845;96846			300;300;200	0;0;0	8;12;0	4100032;5112001;4105023;3000003	5;85;20;120000					1	困难·黯焰·八	困難·黯焰·八	Hard (Umbral Blaze) VIII	困難・黒炎Ⅷ	하드·암염VIII	ยาก·เพลิงสีหม่น·8
2258009	258	9	0	96847;96848			300;300;200	0;0;0	12;18;0	4100032;5112001;4105023;3000003	5;90;20;130000					1	困难·黯焰·九	困難·黯焰·九	Hard (Umbral Blaze) IX	困難・黒炎Ⅸ	하드·암염IX	ยาก·เพลิงสีหม่น·9
2258010	258	10	2258009	96849;96850			300;300;200	0;0;0	12;18;0	4100032;5112001;4105023;3000003	5;100;30;150000					1	困难·黯焰·十	困難·黯焰·十	Hard (Umbral Blaze) X	困難・黒炎Ⅹ	하드·암염X	ยาก·เพลิงสีหม่น·10
2358001	358	1	0	96861;96862			300;300;200	0;0;0	8;12;0	4100032;5112001;4105023;3000003	5;50;5;50000					1	绝境·黯焰·一	絕境·黯焰·一	Abyssal (Umbral Blaze) I	絶境・黒炎Ⅰ	인페르노·암염I 	วิกฤต·เพลิงสีหม่น·1
2358002	358	2	0	96863;96864			300;300;200	0;0;0	8;12;0	4100032;5112001;4105023;3000003	5;55;5;60000					1	绝境·黯焰·二	絕境·黯焰·二	Abyssal (Umbral Blaze) II	絶境・黒炎Ⅱ	인페르노·암염II	วิกฤต·เพลิงสีหม่น·2
2358003	358	3	0	96865;96866			300;300;200	0;0;0	8;12;0	4100032;5112001;4105023;3000003	5;60;5;70000					1	绝境·黯焰·三	絕境·黯焰·三	Abyssal (Umbral Blaze) III	絶境・黒炎Ⅲ	인페르노·암염III 	วิกฤต·เพลิงสีหม่น·3
2358004	358	4	0	96867;96868			300;300;200	0;0;0	8;12;0	4100032;5112001;4105023;3000003	5;65;10;80000					1	绝境·黯焰·四	絕境·黯焰·四	Abyssal (Umbral Blaze) IV	絶境・黒炎Ⅳ	인페르노·암염IV 	วิกฤต·เพลิงสีหม่น·4
2358005	358	5	0	96869;96870			300;300;200	0;0;0	8;12;0	4100032;5112001;4105023;3000003	5;70;10;90000					1	绝境·黯焰·五	絕境·黯焰·五	Abyssal (Umbral Blaze) V	絶境・黒炎Ⅴ	인페르노·암염V	วิกฤต·เพลิงสีหม่น·5
2358006	358	6	0	96871;96872			300;300;200	0;0;0	8;12;0	4100032;5112001;4105023;3000003	5;75;10;100000					1	绝境·黯焰·六	絕境·黯焰·六	Abyssal (Umbral Blaze) VI	絶境・黒炎Ⅵ	인페르노·암염VI 	วิกฤต·เพลิงสีหม่น·6
2358007	358	7	2358006	96873;96874			300;300;200	0;0;0	8;12;0	4100032;5112001;4105023;3000003	5;80;20;110000					1	绝境·黯焰·七	絕境·黯焰·七	Abyssal (Umbral Blaze) VII	絶境・黒炎Ⅶ	인페르노·암염VII	วิกฤต·เพลิงสีหม่น·7
2358008	358	8	2358007	96875;96876			300;300;200	0;0;0	8;12;0	4100032;5112001;4105023;3000003	5;85;20;120000					1	绝境·黯焰·八	絕境·黯焰·八	Abyssal (Umbral Blaze) VIII	絶境・黒炎Ⅷ	인페르노·암염VIII	วิกฤต·เพลิงสีหม่น·8
2358009	358	9	2358008	96877;96878			300;300;200	0;0;0	12;18;0	4100032;5112001;4105023;3000003	5;90;20;130000					1	绝境·黯焰·九	絕境·黯焰·九	Abyssal (Umbral Blaze) IX	絶境・黒炎Ⅸ	인페르노·암염IX	วิกฤต·เพลิงสีหม่น·9
2358010	358	10	2358009	96879;96880			300;300;200	0;0;0	12;18;0	4100032;5112001;4105023;3000003	5;100;30;150000					1	绝境·黯焰·十	絕境·黯焰·十	Abyssal (Umbral Blaze) X	絶境・黒炎Ⅹ	인페르노·암염X	วิกฤต·เพลิงสีหม่น·10
2458001	458	1	0	96881;96882			300;300;200	0;0;0	12;18;0	4100032;5112001;4105023;3000003	5;50;5;50000					1	挑战·黯焰·一	挑戰·黯焰·一	Challenge (Umbral Blaze) I	挑戦・黒炎Ⅰ	도전·암염I 	ท้าทาย·เพลิงสีหม่น·1
2458002	458	2	2458001	96883;96884			300;300;200	0;0;0	12;18;0	4100032;5112001;4105023;3000003	5;55;5;60000					1	挑战·黯焰·二	挑戰·黯焰·二	Challenge (Umbral Blaze) II	挑戦・黒炎Ⅱ	도전·암염II	ท้าทาย·เพลิงสีหม่น·2
2458003	458	3	2458002	96885;96886						4100032;5112001;4105023;3000003	5;60;5;70000					1	挑战·黯焰·三	挑戰·黯焰·三	Challenge (Umbral Blaze) III	挑戦・黒炎Ⅲ	도전·암염III 	ท้าทาย·เพลิงสีหม่น·3
2159001	159	1	0	96901;96902			300;300;200	0;0;0	8;12;0	4100032;5112001;4105023;3000003	2;20;1;5000					1	乱界·一	亂界·一	Fractured Expanse I	乱界Ⅰ	혼돈계I 	แดนมรณา·1
2159002	159	2	0	96903;96904			300;300;200	0;0;0	8;12;0	4100032;5112001;4105023;3000003	2;25;2;10000					1	乱界·二	亂界·二	Fractured Expanse II	乱界Ⅱ	혼돈계II 	แดนมรณา·2
2159003	159	3	0	96905;96906			300;300;200	0;0;0	8;12;0	4100032;5112001;4105023;3000003	2;30;3;15000					1	乱界·三	亂界·三	Fractured Expanse III	乱界Ⅲ	혼돈계III 	แดนมรณา·3
2159004	159	4	0	96907;96908			300;300;200	0;0;0	8;12;0	4100032;5112001;4105023;3000003	2;35;4;20000					1	乱界·四	亂界·四	Fractured Expanse IV	乱界Ⅳ	혼돈계IV	แดนมรณา·4
2159005	159	5	0	96909;96910			300;300;200	0;0;0	8;12;0	4100032;5112001;4105023;3000003	2;40;5;25000					1	乱界·五	亂界·五	Fractured Expanse V	乱界Ⅴ	혼돈계V	แดนมรณา·5
2159006	159	6	0	96911;96912			300;300;200	0;0;0	8;12;0	4100032;5112001;4105023;3000003	2;45;6;30000					1	乱界·六	亂界·六	Fractured Expanse VI	乱界Ⅵ	혼돈계VI 	แดนมรณา·6
2159007	159	7	0	96913;96914			300;300;200	0;0;0	8;12;0	4100032;5112001;4105023;3000003	2;50;7;35000					1	乱界·七	亂界·七	Fractured Expanse VII	乱界Ⅶ	혼돈계VII 	แดนมรณา·7
2159008	159	8	0	96915;96916			300;300;200	0;0;0	8;12;0	4100032;5112001;4105023;3000003	2;55;8;40000					1	乱界·八	亂界·八	Fractured Expanse VIII	乱界Ⅷ	혼돈계VIII 	แดนมรณา·8
2159009	159	9	0	96917;96918			300;300;200	0;0;0	12;18;0	4100032;5112001;4105023;3000003	2;60;9;45000					1	乱界·九	亂界·九	Fractured Expanse IX	乱界Ⅸ	혼돈계IX	แดนมรณา·9
2159010	159	10	2159009	96919;96920			300;300;200	0;0;0	12;18;0	4100032;5112001;4105023;3000003	2;70;10;50000					1	乱界·十	亂界·十	Fractured Expanse X	乱界Ⅹ	혼돈계X	แดนมรณา·10
2259001	259	1	0	96931;96932			300;300;200	0;0;0	8;12;0	4100032;5112001;4105023;3000003	5;50;5;50000					1	困难·乱界·一	困難·亂界·一	Hard (Fractured Expanse) I	困難・乱界Ⅰ	혼돈계·하드I 	ยาก·แดนมรณา·1
2259002	259	2	0	96933;96934			300;300;200	0;0;0	8;12;0	4100032;5112001;4105023;3000003	5;55;5;60000					1	困难·乱界·二	困難·亂界·二	Hard (Fractured Expanse) II	困難・乱界Ⅱ	혼돈계·하드II 	ยาก·แดนมรณา·2
2259003	259	3	0	96935;96936			300;300;200	0;0;0	8;12;0	4100032;5112001;4105023;3000003	5;60;5;70000					1	困难·乱界·三	困難·亂界·三	Hard (Fractured Expanse) III	困難・乱界Ⅲ	혼돈계·하드III 	ยาก·แดนมรณา·3
2259004	259	4	0	96937;96938			300;300;200	0;0;0	8;12;0	4100032;5112001;4105023;3000003	5;65;10;80000					1	困难·乱界·四	困難·亂界·四	Hard (Fractured Expanse) IV	困難・乱界Ⅳ	혼돈계·하드IV	ยาก·แดนมรณา·4
2259005	259	5	0	96939;96940			300;300;200	0;0;0	8;12;0	4100032;5112001;4105023;3000003	5;70;10;90000					1	困难·乱界·五	困難·亂界·五	Hard (Fractured Expanse) V	困難・乱界Ⅴ	혼돈계·하드V	ยาก·แดนมรณา·5
2259006	259	6	0	96941;96942			300;300;200	0;0;0	8;12;0	4100032;5112001;4105023;3000003	5;75;10;100000					1	困难·乱界·六	困難·亂界·六	Hard (Fractured Expanse) VI	困難・乱界Ⅵ	혼돈계·하드VI 	ยาก·แดนมรณา·6
2259007	259	7	0	96943;96944			300;300;200	0;0;0	8;12;0	4100032;5112001;4105023;3000003	5;80;20;110000					1	困难·乱界·七	困難·亂界·七	Hard (Fractured Expanse) VII	困難・乱界Ⅶ	혼돈계·하드VII 	ยาก·แดนมรณา·7
2259008	259	8	0	96945;96946			300;300;200	0;0;0	8;12;0	4100032;5112001;4105023;3000003	5;85;20;120000					1	困难·乱界·八	困難·亂界·八	Hard (Fractured Expanse) VIII	困難・乱界Ⅷ	혼돈계·하드VIII 	ยาก·แดนมรณา·8
2259009	259	9	0	96947;96948			300;300;200	0;0;0	12;18;0	4100032;5112001;4105023;3000003	5;90;20;130000					1	困难·乱界·九	困難·亂界·九	Hard (Fractured Expanse) IX	困難・乱界Ⅸ	혼돈계·하드IX	ยาก·แดนมรณา·9
2259010	259	10	2259009	96949;96950			300;300;200	0;0;0	12;18;0	4100032;5112001;4105023;3000003	5;100;30;150000					1	困难·乱界·十	困難·亂界·十	Hard (Fractured Expanse) X	困難・乱界Ⅹ	혼돈계·하드X	ยาก·แดนมรณา·10
2359001	359	1	0	96961;96962			300;300;200	0;0;0	8;12;0	4100032;5112001;4105023;3000003	5;50;5;50000					1	绝境·乱界·一	絕境·亂界·一	Abyssal (Fractured Expanse) I	絶境・乱界Ⅰ	혼돈계·인페르노I 	วิกฤต·แดนมรณา·1
2359002	359	2	0	96963;96964			300;300;200	0;0;0	8;12;0	4100032;5112001;4105023;3000003	5;55;5;60000					1	绝境·乱界·二	絕境·亂界·二	Abyssal (Fractured Expanse) II	絶境・乱界Ⅱ	혼돈계·인페르노II 	วิกฤต·แดนมรณา·2
2359003	359	3	0	96965;96966			300;300;200	0;0;0	8;12;0	4100032;5112001;4105023;3000003	5;60;5;70000					1	绝境·乱界·三	絕境·亂界·三	Abyssal (Fractured Expanse) III	絶境・乱界Ⅲ	혼돈계·인페르노III 	วิกฤต·แดนมรณา·3
2359004	359	4	0	96967;96968			300;300;200	0;0;0	8;12;0	4100032;5112001;4105023;3000003	5;65;10;80000					1	绝境·乱界·四	絕境·亂界·四	Abyssal (Fractured Expanse) IV	絶境・乱界Ⅳ	혼돈계·인페르노IV	วิกฤต·แดนมรณา·4
2359005	359	5	0	96969;96970			300;300;200	0;0;0	8;12;0	4100032;5112001;4105023;3000003	5;70;10;90000					1	绝境·乱界·五	絕境·亂界·五	Abyssal (Fractured Expanse) V	絶境・乱界Ⅴ	혼돈계·인페르노V	วิกฤต·แดนมรณา·5
2359006	359	6	0	96971;96972			300;300;200	0;0;0	8;12;0	4100032;5112001;4105023;3000003	5;75;10;100000					1	绝境·乱界·六	絕境·亂界·六	Abyssal (Fractured Expanse) VI	絶境・乱界Ⅵ	혼돈계·인페르노VI 	วิกฤต·แดนมรณา·6
2359007	359	7	2359006	96973;96974			300;300;200	0;0;0	8;12;0	4100032;5112001;4105023;3000003	5;80;20;110000					1	绝境·乱界·七	絕境·亂界·七	Abyssal (Fractured Expanse) VII	絶境・乱界Ⅶ	혼돈계·인페르노VII 	วิกฤต·แดนมรณา·7
2359008	359	8	2359007	96975;96976			300;300;200	0;0;0	8;12;0	4100032;5112001;4105023;3000003	5;85;20;120000					1	绝境·乱界·八	絕境·亂界·八	Abyssal (Fractured Expanse) VIII	絶境・乱界Ⅷ	혼돈계·인페르노VIII 	วิกฤต·แดนมรณา·8
2359009	359	9	2359008	96977;96978			300;300;200	0;0;0	12;18;0	4100032;5112001;4105023;3000003	5;90;20;130000					1	绝境·乱界·九	絕境·亂界·九	Abyssal (Fractured Expanse) IX	絶境・乱界Ⅸ	혼돈계·인페르노IX	วิกฤต·แดนมรณา·9
2359010	359	10	2359009	96979;96980			300;300;200	0;0;0	12;18;0	4100032;5112001;4105023;3000003	5;100;30;150000					1	绝境·乱界·十	絕境·亂界·十	Abyssal (Fractured Expanse) X	絶境・乱界Ⅹ	혼돈계·인페르노X	วิกฤต·แดนมรณา·10
2459001	459	1	0	96981;96982			300;300;200	0;0;0	12;18;0	4100032;5112001;4105023;3000003	5;50;5;50000					1	挑战·乱界·一	挑戰·亂界·一	Challenge (Fractured Expanse) I	挑戦・乱界Ⅰ	혼돈계·도전I 	ท้าทาย·แดนมรณา·1
2459002	459	2	2459001	96983;96984			300;300;200	0;0;0	12;18;0	4100032;5112001;4105023;3000003	5;55;5;60000					1	挑战·乱界·二	挑戰·亂界·二	Challenge (Fractured Expanse) II	挑戦・乱界Ⅱ	혼돈계·도전II 	ท้าทาย·แดนมรณา·2
2459003	459	3	2459002	96985;96986						4100032;5112001;4105023;3000003	5;60;5;70000					1	挑战·乱界·三	挑戰·亂界·三	Challenge (Fractured Expanse) III	挑戦・乱界Ⅲ	혼돈계·도전III 	ท้าทาย·แดนมรณา·3
2160001	160	1	0	97001;97002			300;300;200	0;0;0	8;12;0	4100032;5112001;4105023;3000003	2;20;1;5000					1	尘劫·一	塵劫·一	Tribulation I	劫火Ⅰ	더스트I 	เถ้าธุลี·1
2160002	160	2	0	97003;97004			300;300;200	0;0;0	8;12;0	4100032;5112001;4105023;3000003	2;25;2;10000					1	尘劫·二	塵劫·二	Tribulation II	劫火Ⅱ	더스트II 	เถ้าธุลี·2
2160003	160	3	0	97005;97006			300;300;200	0;0;0	8;12;0	4100032;5112001;4105023;3000003	2;30;3;15000					1	尘劫·三	塵劫·三	Tribulation III	劫火Ⅲ	더스트III 	เถ้าธุลี·3
2160004	160	4	0	97007;97008			300;300;200	0;0;0	8;12;0	4100032;5112001;4105023;3000003	2;35;4;20000					1	尘劫·四	塵劫·四	Tribulation IV	劫火Ⅳ	더스트IV	เถ้าธุลี·4
2160005	160	5	0	97009;97010			300;300;200	0;0;0	8;12;0	4100032;5112001;4105023;3000003	2;40;5;25000					1	尘劫·五	塵劫·五	Tribulation V	劫火Ⅴ	더스트V	เถ้าธุลี·5
2160006	160	6	0	97011;97012			300;300;200	0;0;0	8;12;0	4100032;5112001;4105023;3000003	2;45;6;30000					1	尘劫·六	塵劫·六	Tribulation VI	劫火Ⅵ	더스트VI 	เถ้าธุลี·6
2160007	160	7	0	97013;97014			300;300;200	0;0;0	8;12;0	4100032;5112001;4105023;3000003	2;50;7;35000					1	尘劫·七	塵劫·七	Tribulation VII	劫火Ⅶ	더스트VII 	เถ้าธุลี·7
2160008	160	8	0	97015;97016			300;300;200	0;0;0	8;12;0	4100032;5112001;4105023;3000003	2;55;8;40000					1	尘劫·八	塵劫·八	Tribulation VIII	劫火Ⅷ	더스트VIII 	เถ้าธุลี·8
2160009	160	9	0	97017;97018			300;300;200	0;0;0	12;18;0	4100032;5112001;4105023;3000003	2;60;9;45000					1	尘劫·九	塵劫·九	Tribulation IX	劫火Ⅸ	더스트IX	เถ้าธุลี·9
2160010	160	10	2160009	97019;97020			300;300;200	0;0;0	12;18;0	4100032;5112001;4105023;3000003	2;70;10;50000					1	尘劫·十	塵劫·十	Tribulation X	劫火Ⅹ	더스트X	เถ้าธุลี·10
2260001	260	1	0	97031;97032			300;300;200	0;0;0	8;12;0	4100032;5112001;4105023;3000003	5;50;5;50000					1	困难·尘劫·一	困難·塵劫·一	Hard (Tribulation) I	困難・劫火Ⅰ	더스트·하드I 	ยาก·เถ้าธุลี·1
2260002	260	2	0	97033;97034			300;300;200	0;0;0	8;12;0	4100032;5112001;4105023;3000003	5;55;5;60000					1	困难·尘劫·二	困難·塵劫·二	Hard (Tribulation) II	困難・劫火Ⅱ	더스트·하드II 	ยาก·เถ้าธุลี·2
2260003	260	3	0	97035;97036			300;300;200	0;0;0	8;12;0	4100032;5112001;4105023;3000003	5;60;5;70000					1	困难·尘劫·三	困難·塵劫·三	Hard (Tribulation) III	困難・劫火Ⅲ	더스트·하드III 	ยาก·เถ้าธุลี·3
2260004	260	4	0	97037;97038			300;300;200	0;0;0	8;12;0	4100032;5112001;4105023;3000003	5;65;10;80000					1	困难·尘劫·四	困難·塵劫·四	Hard (Tribulation) IV	困難・劫火Ⅳ	더스트·하드IV	ยาก·เถ้าธุลี·4
2260005	260	5	0	97039;97040			300;300;200	0;0;0	8;12;0	4100032;5112001;4105023;3000003	5;70;10;90000					1	困难·尘劫·五	困難·塵劫·五	Hard (Tribulation) V	困難・劫火Ⅴ	더스트·하드V	ยาก·เถ้าธุลี·5
2260006	260	6	0	97041;97042			300;300;200	0;0;0	8;12;0	4100032;5112001;4105023;3000003	5;75;10;100000					1	困难·尘劫·六	困難·塵劫·六	Hard (Tribulation) VI	困難・劫火Ⅵ	더스트·하드VI 	ยาก·เถ้าธุลี·6
2260007	260	7	2260006	97043;97044			300;300;200	0;0;0	8;12;0	4100032;5112001;4105023;3000003	5;80;20;110000					1	困难·尘劫·七	困難·塵劫·七	Hard (Tribulation) VII	困難・劫火Ⅶ	더스트·하드VII 	ยาก·เถ้าธุลี·7
2260008	260	8	2260007	97045;97046			300;300;200	0;0;0	8;12;0	4100032;5112001;4105023;3000003	5;85;20;120000					1	困难·尘劫·八	困難·塵劫·八	Hard (Tribulation) VIII	困難・劫火Ⅷ	더스트·하드VIII 	ยาก·เถ้าธุลี·8
2260009	260	9	2260008	97047;97048			300;300;200	0;0;0	12;18;0	4100032;5112001;4105023;3000003	5;90;20;130000					1	困难·尘劫·九	困難·塵劫·九	Hard (Tribulation) IX	困難・劫火Ⅸ	더스트·하드IX	ยาก·เถ้าธุลี·9
2260010	260	10	2260009	97049;97050			300;300;200	0;0;0	12;18;0	4100032;5112001;4105023;3000003	5;100;30;150000					1	困难·尘劫·十	困難·塵劫·十	Hard (Tribulation) X	困難・劫火Ⅹ	더스트·하드X	ยาก·เถ้าธุลี·10
2360001	360	1	0	97061;97062			300;300;200	0;0;0	8;12;0	4100032;5112001;4105023;3000003	5;50;5;50000					1	绝境·尘劫·一	絕境·塵劫·一	Abyssal (Tribulation) I	絶境・劫火Ⅰ	더스트·인페르노I 	วิกฤต·เถ้าธุลี·1
2360002	360	2	0	97063;97064			300;300;200	0;0;0	8;12;0	4100032;5112001;4105023;3000003	5;55;5;60000					1	绝境·尘劫·二	絕境·塵劫·二	Abyssal (Tribulation) II	絶境・劫火Ⅱ	더스트·인페르노II 	วิกฤต·เถ้าธุลี·2
2360003	360	3	0	97065;97066			300;300;200	0;0;0	8;12;0	4100032;5112001;4105023;3000003	5;60;5;70000					1	绝境·尘劫·三	絕境·塵劫·三	Abyssal (Tribulation) III	絶境・劫火Ⅲ	더스트·인페르노III 	วิกฤต·เถ้าธุลี·3
2360004	360	4	0	97067;97068			300;300;200	0;0;0	8;12;0	4100032;5112001;4105023;3000003	5;65;10;80000					1	绝境·尘劫·四	絕境·塵劫·四	Abyssal (Tribulation) IV	絶境・劫火Ⅳ	더스트·인페르노IV	วิกฤต·เถ้าธุลี·4
2360005	360	5	0	97069;97070			300;300;200	0;0;0	8;12;0	4100032;5112001;4105023;3000003	5;70;10;90000					1	绝境·尘劫·五	絕境·塵劫·五	Abyssal (Tribulation) V	絶境・劫火Ⅴ	더스트·인페르노V	วิกฤต·เถ้าธุลี·5
2360006	360	6	0	97071;97072			300;300;200	0;0;0	8;12;0	4100032;5112001;4105023;3000003	5;75;10;100000					1	绝境·尘劫·六	絕境·塵劫·六	Abyssal (Tribulation) VI	絶境・劫火Ⅵ	더스트·인페르노VI 	วิกฤต·เถ้าธุลี·6
2360007	360	7	2360006	97073;97074			300;300;200	0;0;0	8;12;0	4100032;5112001;4105023;3000003	5;80;20;110000					1	绝境·尘劫·七	絕境·塵劫·七	Abyssal (Tribulation) VII	絶境・劫火Ⅶ	더스트·인페르노VII 	วิกฤต·เถ้าธุลี·7
2360008	360	8	2360007	97075;97076			300;300;200	0;0;0	8;12;0	4100032;5112001;4105023;3000003	5;85;20;120000					1	绝境·尘劫·八	絕境·塵劫·八	Abyssal (Tribulation) VIII	絶境・劫火Ⅷ	더스트·인페르노VIII 	วิกฤต·เถ้าธุลี·8
2360009	360	9	2360008	97077;97078			300;300;200	0;0;0	12;18;0	4100032;5112001;4105023;3000003	5;90;20;130000					1	绝境·尘劫·九	絕境·塵劫·九	Abyssal (Tribulation) IX	絶境・劫火Ⅸ	더스트·인페르노IX	วิกฤต·เถ้าธุลี·9
2360010	360	10	2360009	97079;97080			300;300;200	0;0;0	12;18;0	4100032;5112001;4105023;3000003	5;100;30;150000					1	绝境·尘劫·十	絕境·塵劫·十	Abyssal (Tribulation) X	絶境・劫火Ⅹ	더스트·인페르노X	วิกฤต·เถ้าธุลี·10
2460001	460	1	0	97081;97082			300;300;200	0;0;0	12;18;0	4100032;5112001;4105023;3000003	5;50;5;50000					1	挑战·尘劫·一	挑戰·塵劫·一	Challenge (Tribulation) I	挑戦・劫火Ⅰ	도전·더스트I 	ท้าทาย·เถ้าธุลี·1
2460002	460	2	2460001	97083;97084			300;300;200	0;0;0	12;18;0	4100032;5112001;4105023;3000003	5;55;5;60000					1	挑战·尘劫·二	挑戰·塵劫·二	Challenge (Tribulation) II	挑戦・劫火Ⅱ	도전·더스트II	ท้าทาย·เถ้าธุลี·2
2460003	460	3	2460002	97085;97086						4100032;5112001;4105023;3000003	5;60;5;70000					1	挑战·尘劫·三	挑戰·塵劫·三	Challenge (Tribulation) III	挑戦・劫火Ⅲ	도전·더스트III	ท้าทาย·เถ้าธุลี·3
2161001	161	1	0	97101;97102			300;300;200	0;0;0	8;12;0	4100032;5112001;4105023;3000003	2;20;1;5000					1	蝶变·一	蝶變·一	Metamorphosis I	蝶変Ⅰ	버터플라이I 	วัฏจักรผีเสื้อ·1
2161002	161	2	0	97103;97104			300;300;200	0;0;0	8;12;0	4100032;5112001;4105023;3000003	2;25;2;10000					1	蝶变·二	蝶變·二	Metamorphosis II	蝶変Ⅱ	버터플라이II 	วัฏจักรผีเสื้อ·2
2161003	161	3	0	97105;97106			300;300;200	0;0;0	8;12;0	4100032;5112001;4105023;3000003	2;30;3;15000					1	蝶变·三	蝶變·三	Metamorphosis III	蝶変Ⅲ	버터플라이III 	วัฏจักรผีเสื้อ·3
2161004	161	4	0	97107;97108			300;300;200	0;0;0	8;12;0	4100032;5112001;4105023;3000003	2;35;4;20000					1	蝶变·四	蝶變·四	Metamorphosis IV	蝶変Ⅳ	버터플라이IV	วัฏจักรผีเสื้อ·4
2161005	161	5	0	97109;97110			300;300;200	0;0;0	8;12;0	4100032;5112001;4105023;3000003	2;40;5;25000					1	蝶变·五	蝶變·五	Metamorphosis V	蝶変Ⅴ	버터플라이V	วัฏจักรผีเสื้อ·5
2161006	161	6	0	97111;97112			300;300;200	0;0;0	8;12;0	4100032;5112001;4105023;3000003	2;45;6;30000					1	蝶变·六	蝶變·六	Metamorphosis VI	蝶変Ⅵ	버터플라이VI 	วัฏจักรผีเสื้อ·6
2161007	161	7	0	97113;97114			300;300;200	0;0;0	8;12;0	4100032;5112001;4105023;3000003	2;50;7;35000					1	蝶变·七	蝶變·七	Metamorphosis VII	蝶変Ⅶ	버터플라이VII 	วัฏจักรผีเสื้อ·7
2161008	161	8	0	97115;97116			300;300;200	0;0;0	8;12;0	4100032;5112001;4105023;3000003	2;55;8;40000					1	蝶变·八	蝶變·八	Metamorphosis VII	蝶変Ⅷ	버터플라이VIII 	วัฏจักรผีเสื้อ·8
2161009	161	9	0	97117;97118			300;300;200	0;0;0	12;18;0	4100032;5112001;4105023;3000003	2;60;9;45000					1	蝶变·九	蝶變·九	Metamorphosis IX	蝶変Ⅸ	버터플라이IX	วัฏจักรผีเสื้อ·9
2161010	161	10	2161009	97119;97120			300;300;200	0;0;0	12;18;0	4100032;5112001;4105023;3000003	2;70;10;50000					1	蝶变·十	蝶變·十	Metamorphosis X	蝶変Ⅹ	버터플라이X	วัฏจักรผีเสื้อ·10
2261001	261	1	0	97131;97132			300;300;200	0;0;0	8;12;0	4100032;5112001;4105023;3000003	5;50;5;50000					1	困难·蝶变·一	困難·蝶變·一	Hard (Metamorphosis) I	困難・蝶変Ⅰ	버터플라이·하드I 	ยาก·วัฏจักรผีเสื้อ·1
2261002	261	2	0	97133;97134			300;300;200	0;0;0	8;12;0	4100032;5112001;4105023;3000003	5;55;5;60000					1	困难·蝶变·二	困難·蝶變·二	Hard (Metamorphosis) II	困難・蝶変Ⅱ	버터플라이·하드II 	ยาก·วัฏจักรผีเสื้อ·2
2261003	261	3	0	97135;97136			300;300;200	0;0;0	8;12;0	4100032;5112001;4105023;3000003	5;60;5;70000					1	困难·蝶变·三	困難·蝶變·三	Hard (Metamorphosis) III	困難・蝶変Ⅲ	버터플라이·하드III 	ยาก·วัฏจักรผีเสื้อ·3
2261004	261	4	0	97137;97138			300;300;200	0;0;0	8;12;0	4100032;5112001;4105023;3000003	5;65;10;80000					1	困难·蝶变·四	困難·蝶變·四	Hard (Metamorphosis) IV	困難・蝶変Ⅳ	버터플라이·하드IV	ยาก·วัฏจักรผีเสื้อ·4
2261005	261	5	0	97139;97140			300;300;200	0;0;0	8;12;0	4100032;5112001;4105023;3000003	5;70;10;90000					1	困难·蝶变·五	困難·蝶變·五	Hard (Metamorphosis) V	困難・蝶変Ⅴ	버터플라이·하드V	ยาก·วัฏจักรผีเสื้อ·5
2261006	261	6	0	97141;97142			300;300;200	0;0;0	8;12;0	4100032;5112001;4105023;3000003	5;75;10;100000					1	困难·蝶变·六	困難·蝶變·六	Hard (Metamorphosis) VI	困難・蝶変Ⅵ	버터플라이·하드VI 	ยาก·วัฏจักรผีเสื้อ·6
2261007	261	7	0	97143;97144			300;300;200	0;0;0	8;12;0	4100032;5112001;4105023;3000003	5;80;20;110000					1	困难·蝶变·七	困難·蝶變·七	Hard (Metamorphosis) VII	困難・蝶変Ⅶ	버터플라이·하드VII 	ยาก·วัฏจักรผีเสื้อ·7
2261008	261	8	0	97145;97146			300;300;200	0;0;0	8;12;0	4100032;5112001;4105023;3000003	5;85;20;120000					1	困难·蝶变·八	困難·蝶變·八	Hard (Metamorphosis) VIII	困難・蝶変Ⅷ	버터플라이·하드VIII 	ยาก·วัฏจักรผีเสื้อ·8
2261009	261	9	0	97147;97148			300;300;200	0;0;0	12;18;0	4100032;5112001;4105023;3000003	5;90;20;130000					1	困难·蝶变·九	困難·蝶變·九	Hard (Metamorphosis) IX	困難・蝶変Ⅸ	버터플라이·하드IX	ยาก·วัฏจักรผีเสื้อ·9
2261010	261	10	2261009	97149;97150			300;300;200	0;0;0	12;18;0	4100032;5112001;4105023;3000003	5;100;30;150000					1	困难·蝶变·十	困難·蝶變·十	Hard (Metamorphosis) X	困難・蝶変Ⅹ	버터플라이·하드X	ยาก·วัฏจักรผีเสื้อ·10
2361001	361	1	0	97161;97162			300;300;200	0;0;0	8;12;0	4100032;5112001;4105023;3000003	5;50;5;50000					1	绝境·蝶变·一	絕境·蝶變·一	Abyssal (Metamorphosis) I	絶境・蝶変Ⅰ	버터플라이·인페르노I 	วิกฤต·วัฏจักรผีเสื้อ·1
2361002	361	2	0	97163;97164			300;300;200	0;0;0	8;12;0	4100032;5112001;4105023;3000003	5;55;5;60000					1	绝境·蝶变·二	絕境·蝶變·二	Abyssal (Metamorphosis) II	絶境・蝶変Ⅱ	버터플라이·인페르노II 	วิกฤต·วัฏจักรผีเสื้อ·2
2361003	361	3	0	97165;97166			300;300;200	0;0;0	8;12;0	4100032;5112001;4105023;3000003	5;60;5;70000					1	绝境·蝶变·三	絕境·蝶變·三	Abyssal (Metamorphosis) III	絶境・蝶変Ⅲ	버터플라이·인페르노III 	วิกฤต·วัฏจักรผีเสื้อ·3
2361004	361	4	0	97167;97168			300;300;200	0;0;0	8;12;0	4100032;5112001;4105023;3000003	5;65;10;80000					1	绝境·蝶变·四	絕境·蝶變·四	Abyssal (Metamorphosis) IV	絶境・蝶変Ⅳ	버터플라이·인페르노IV	วิกฤต·วัฏจักรผีเสื้อ·4
2361005	361	5	0	97169;97170			300;300;200	0;0;0	8;12;0	4100032;5112001;4105023;3000003	5;70;10;90000					1	绝境·蝶变·五	絕境·蝶變·五	Abyssal (Metamorphosis) V	絶境・蝶変Ⅴ	버터플라이·인페르노V	วิกฤต·วัฏจักรผีเสื้อ·5
2361006	361	6	0	97171;97172			300;300;200	0;0;0	8;12;0	4100032;5112001;4105023;3000003	5;75;10;100000					1	绝境·蝶变·六	絕境·蝶變·六	Abyssal (Metamorphosis) VI	絶境・蝶変Ⅵ	버터플라이·인페르노VI 	วิกฤต·วัฏจักรผีเสื้อ·6
2361007	361	7	2361006	97173;97174			300;300;200	0;0;0	8;12;0	4100032;5112001;4105023;3000003	5;80;20;110000					1	绝境·蝶变·七	絕境·蝶變·七	Abyssal (Metamorphosis) VII	絶境・蝶変Ⅶ	버터플라이·인페르노VII 	วิกฤต·วัฏจักรผีเสื้อ·7
2361008	361	8	2361007	97175;97176			300;300;200	0;0;0	8;12;0	4100032;5112001;4105023;3000003	5;85;20;120000					1	绝境·蝶变·八	絕境·蝶變·八	Abyssal (Metamorphosis) VIII	絶境・蝶変Ⅷ	버터플라이·인페르노VIII 	วิกฤต·วัฏจักรผีเสื้อ·8
2361009	361	9	2361008	97177;97178			300;300;200	0;0;0	12;18;0	4100032;5112001;4105023;3000003	5;90;20;130000					1	绝境·蝶变·九	絕境·蝶變·九	Abyssal (Metamorphosis) IX	絶境・蝶変Ⅸ	버터플라이·인페르노IX	วิกฤต·วัฏจักรผีเสื้อ·9
2361010	361	10	2361009	97179;97180			300;300;200	0;0;0	12;18;0	4100032;5112001;4105023;3000003	5;100;30;150000					1	绝境·蝶变·十	絕境·蝶變·十	Abyssal (Metamorphosis) X	絶境・蝶変Ⅹ	버터플라이·인페르노X	วิกฤต·วัฏจักรผีเสื้อ·10
2461001	461	1	0	97181;97182			300;300;200	0;0;0	12;18;0	4100032;5112001;4105023;3000003	5;50;5;50000					1	挑战·蝶变·一	挑戰·蝶變·一	Challenge (Metamorphosis) I	挑戦・蝶変Ⅰ	도전·버터플라이I 	ท้าทาย·วัฏจักรผีเสื้อ·1
2461002	461	2	2461001	97183;97184			300;300;200	0;0;0	12;18;0	4100032;5112001;4105023;3000003	5;55;5;60000					1	挑战·蝶变·二	挑戰·蝶變·二	Challenge (Metamorphosis) II	挑戦・蝶変Ⅱ	도전·버터플라이II 	ท้าทาย·วัฏจักรผีเสื้อ·2
2461003	461	3	2461002	97185;97186						4100032;5112001;4105023;3000003	5;60;5;70000					1	挑战·蝶变·三	挑戰·蝶變·三	Challenge (Metamorphosis) III	挑戦・蝶変Ⅲ	도전·버터플라이III 	ท้าทาย·วัฏจักรผีเสื้อ·3
2162001	162	1	0	97201;97202			300;300;200	0;0;0	8;12;0	4100032;5112001;4105023;3000003	2;20;1;5000					1	墟渊·一	墟淵·一	Riven Depths I	故墟Ⅰ	붕락 심연I 	เหวทลาย·1
2162002	162	2	0	97203;97204			300;300;200	0;0;0	8;12;0	4100032;5112001;4105023;3000003	2;25;2;10000					1	墟渊·二	墟淵·二	Riven Depths II	故墟Ⅱ	붕락 심연II 	เหวทลาย·2
2162003	162	3	0	97205;97206			300;300;200	0;0;0	8;12;0	4100032;5112001;4105023;3000003	2;30;3;15000					1	墟渊·三	墟淵·三	Riven Depths III	故墟Ⅲ	붕락 심연III 	เหวทลาย·3
2162004	162	4	0	97207;97208			300;300;200	0;0;0	8;12;0	4100032;5112001;4105023;3000003	2;35;4;20000					1	墟渊·四	墟淵·四	Riven Depths IV	故墟Ⅳ	붕락 심연IV	เหวทลาย·4
2162005	162	5	0	97209;97210			300;300;200	0;0;0	8;12;0	4100032;5112001;4105023;3000003	2;40;5;25000					1	墟渊·五	墟淵·五	Riven Depths V	故墟Ⅴ	붕락 심연V	เหวทลาย·5
2162006	162	6	0	97211;97212			300;300;200	0;0;0	8;12;0	4100032;5112001;4105023;3000003	2;45;6;30000					1	墟渊·六	墟淵·六	Riven Depths VI	故墟Ⅵ	붕락 심연VI 	เหวทลาย·6
2162007	162	7	0	97213;97214			300;300;200	0;0;0	8;12;0	4100032;5112001;4105023;3000003	2;50;7;35000					1	墟渊·七	墟淵·七	Riven Depths VII	故墟Ⅶ	붕락 심연VII 	เหวทลาย·7
2162008	162	8	0	97215;97216			300;300;200	0;0;0	8;12;0	4100032;5112001;4105023;3000003	2;55;8;40000					1	墟渊·八	墟淵·八	Riven Depths VIII	故墟Ⅷ	붕락 심연VIII 	เหวทลาย·8
2162009	162	9	0	97217;97218			300;300;200	0;0;0	12;18;0	4100032;5112001;4105023;3000003	2;60;9;45000					1	墟渊·九	墟淵·九	Riven Depths IX	故墟Ⅸ	붕락 심연IX	เหวทลาย·9
2162010	162	10	2162009	97219;97220			300;300;200	0;0;0	12;18;0	4100032;5112001;4105023;3000003	2;70;10;50000					1	墟渊·十	墟淵·十	Riven Depths X	故墟Ⅹ	붕락 심연X	เหวทลาย·10
2262001	262	1	0	97231;97232			300;300;200	0;0;0	8;12;0	4100032;5112001;4105023;3000003	5;50;5;50000					1	困难·墟渊·一	困難·墟淵·一	Hard (Riven Depths) I	困難・故墟Ⅰ	붕락 심연·하드I 	ยาก·เหวทลาย·1
2262002	262	2	0	97233;97234			300;300;200	0;0;0	8;12;0	4100032;5112001;4105023;3000003	5;55;5;60000					1	困难·墟渊·二	困難·墟淵·二	Hard (Riven Depths) II	困難・故墟Ⅱ	붕락 심연·하드II 	ยาก·เหวทลาย·2
2262003	262	3	0	97235;97236			300;300;200	0;0;0	8;12;0	4100032;5112001;4105023;3000003	5;60;5;70000					1	困难·墟渊·三	困難·墟淵·三	Hard (Riven Depths) III	困難・故墟Ⅲ	붕락 심연·하드III 	ยาก·เหวทลาย·3
2262004	262	4	0	97237;97238			300;300;200	0;0;0	8;12;0	4100032;5112001;4105023;3000003	5;65;10;80000					1	困难·墟渊·四	困難·墟淵·四	Hard (Riven Depths) IV	困難・故墟Ⅳ	붕락 심연·하드IV	ยาก·เหวทลาย·4
2262005	262	5	0	97239;97240			300;300;200	0;0;0	8;12;0	4100032;5112001;4105023;3000003	5;70;10;90000					1	困难·墟渊·五	困難·墟淵·五	Hard (Riven Depths) V	困難・故墟Ⅴ	붕락 심연·하드V	ยาก·เหวทลาย·5
2262006	262	6	0	97241;97242			300;300;200	0;0;0	8;12;0	4100032;5112001;4105023;3000003	5;75;10;100000					1	困难·墟渊·六	困難·墟淵·六	Hard (Riven Depths) VI	困難・故墟Ⅵ	붕락 심연·하드VI 	ยาก·เหวทลาย·6
2262007	262	7	0	97243;97244			300;300;200	0;0;0	8;12;0	4100032;5112001;4105023;3000003	5;80;20;110000					1	困难·墟渊·七	困難·墟淵·七	Hard (Riven Depths) VII	困難・故墟Ⅶ	붕락 심연·하드VII 	ยาก·เหวทลาย·7
2262008	262	8	0	97245;97246			300;300;200	0;0;0	8;12;0	4100032;5112001;4105023;3000003	5;85;20;120000					1	困难·墟渊·八	困難·墟淵·八	Hard (Riven Depths) VIII	困難・故墟Ⅷ	붕락 심연·하드VIII 	ยาก·เหวทลาย·8
2262009	262	9	0	97247;97248			300;300;200	0;0;0	12;18;0	4100032;5112001;4105023;3000003	5;90;20;130000					1	困难·墟渊·九	困難·墟淵·九	Hard (Riven Depths) IX	困難・故墟Ⅸ	붕락 심연·하드IX	ยาก·เหวทลาย·9
2262010	262	10	2262009	97249;97250			300;300;200	0;0;0	12;18;0	4100032;5112001;4105023;3000003	5;100;30;150000					1	困难·墟渊·十	困難·墟淵·十	Hard (Riven Depths) X	困難・故墟Ⅹ	붕락 심연·하드X	ยาก·เหวทลาย·10
2362001	362	1	0	97261;97262			300;300;200	0;0;0	8;12;0	4100032;5112001;4105023;3000003	5;50;5;50000					1	绝境·墟渊·一	絕境·墟淵·一	Abyssal (Riven Depths) I	絶境・故墟Ⅰ	붕락 심연·인페르노I 	วิกฤต·เหวทลาย·1
2362002	362	2	0	97263;97264			300;300;200	0;0;0	8;12;0	4100032;5112001;4105023;3000003	5;55;5;60000					1	绝境·墟渊·二	絕境·墟淵·二	Abyssal (Riven Depths) II	絶境・故墟Ⅱ	붕락 심연·인페르노II 	วิกฤต·เหวทลาย·2
2362003	362	3	0	97265;97266			300;300;200	0;0;0	8;12;0	4100032;5112001;4105023;3000003	5;60;5;70000					1	绝境·墟渊·三	絕境·墟淵·三	Abyssal (Riven Depths) III	絶境・故墟Ⅲ	붕락 심연·인페르노III 	วิกฤต·เหวทลาย·3
2362004	362	4	0	97267;97268			300;300;200	0;0;0	8;12;0	4100032;5112001;4105023;3000003	5;65;10;80000					1	绝境·墟渊·四	絕境·墟淵·四	Abyssal (Riven Depths) IV	絶境・故墟Ⅳ	붕락 심연·인페르노IV	วิกฤต·เหวทลาย·4
2362005	362	5	0	97269;97270			300;300;200	0;0;0	8;12;0	4100032;5112001;4105023;3000003	5;70;10;90000					1	绝境·墟渊·五	絕境·墟淵·五	Abyssal (Riven Depths) V	絶境・故墟Ⅴ	붕락 심연·인페르노V	วิกฤต·เหวทลาย·5
2362006	362	6	0	97271;97272			300;300;200	0;0;0	8;12;0	4100032;5112001;4105023;3000003	5;75;10;100000					1	绝境·墟渊·六	絕境·墟淵·六	Abyssal (Riven Depths) VI	絶境・故墟Ⅵ	붕락 심연·인페르노VI 	วิกฤต·เหวทลาย·6
2362007	362	7	2362006	97273;97274			300;300;200	0;0;0	8;12;0	4100032;5112001;4105023;3000003	5;80;20;110000					1	绝境·墟渊·七	絕境·墟淵·七	Abyssal (Riven Depths) VII	絶境・故墟Ⅶ	붕락 심연·인페르노VII 	วิกฤต·เหวทลาย·7
2362008	362	8	2362007	97275;97276			300;300;200	0;0;0	8;12;0	4100032;5112001;4105023;3000003	5;85;20;120000					1	绝境·墟渊·八	絕境·墟淵·八	Abyssal (Riven Depths) VIII	絶境・故墟Ⅷ	붕락 심연·인페르노VIII 	วิกฤต·เหวทลาย·8
2362009	362	9	2362008	97277;97278			300;300;200	0;0;0	12;18;0	4100032;5112001;4105023;3000003	5;90;20;130000					1	绝境·墟渊·九	絕境·墟淵·九	Abyssal (Riven Depths) IX	絶境・故墟Ⅸ	붕락 심연·인페르노IX	วิกฤต·เหวทลาย·9
2362010	362	10	2362009	97279;97280			300;300;200	0;0;0	12;18;0	4100032;5112001;4105023;3000003	5;100;30;150000					1	绝境·墟渊·十	絕境·墟淵·十	Abyssal (Riven Depths) X	絶境・故墟Ⅹ	붕락 심연·인페르노X	วิกฤต·เหวทลาย·10
2462001	462	1	0	97281;97282			300;300;200	0;0;0	12;18;0	4100032;5112001;4105023;3000003	5;50;5;50000					1	挑战·墟渊·一	挑戰·墟淵·一	Challenge (Riven Depths) I	挑戦・故墟Ⅰ	붕락 심연·도전I 	ท้าทาย·เหวทลาย·1
2462002	462	2	2462001	97283;97284			300;300;200	0;0;0	12;18;0	4100032;5112001;4105023;3000003	5;55;5;60000					1	挑战·墟渊·二	挑戰·墟淵·二	Challenge (Riven Depths) II	挑戦・故墟Ⅱ	붕락 심연·도전II 	ท้าทาย·เหวทลาย·2
2462003	462	3	2462002	97285;97286						4100032;5112001;4105023;3000003	5;60;5;70000					1	挑战·墟渊·三	挑戰·墟淵·三	Challenge (Riven Depths) III	挑戦・故墟Ⅲ	붕락 심연·도전III 	ท้าทาย·เหวทลาย·3
2163001	163	1	0	97301;97302			300;300;200	0;0;0	8;12;0	4100032;5112001;4105023;3000003	2;20;1;5000					1	黄梁·一	黃梁·一	Phantasm I	白昼夢Ⅰ	와이드I 	โกลเด้นดรีม·1
2163002	163	2	0	97303;97304			300;300;200	0;0;0	8;12;0	4100032;5112001;4105023;3000003	2;25;2;10000					1	黄梁·二	黃梁·二	Phantasm II	白昼夢Ⅱ	와이드II	โกลเด้นดรีม·2
2163003	163	3	0	97305;97306			300;300;200	0;0;0	8;12;0	4100032;5112001;4105023;3000003	2;30;3;15000					1	黄梁·三	黃梁·三	Phantasm III	白昼夢Ⅲ	와이드III	โกลเด้นดรีม·3
2163004	163	4	0	97307;97308			300;300;200	0;0;0	8;12;0	4100032;5112001;4105023;3000003	2;35;4;20000					1	黄梁·四	黃梁·四	Phantasm IV	白昼夢Ⅳ	와이드IV	โกลเด้นดรีม·4
2163005	163	5	0	97309;97310			300;300;200	0;0;0	8;12;0	4100032;5112001;4105023;3000003	2;40;5;25000					1	黄梁·五	黃梁·五	Phantasm V	白昼夢Ⅴ	와이드V	โกลเด้นดรีม·5
2163006	163	6	0	97311;97312			300;300;200	0;0;0	8;12;0	4100032;5112001;4105023;3000003	2;45;6;30000					1	黄梁·六	黃梁·六	Phantasm VI	白昼夢Ⅵ	와이드VI 	โกลเด้นดรีม·6
2163007	163	7	0	97313;97314			300;300;200	0;0;0	8;12;0	4100032;5112001;4105023;3000003	2;50;7;35000					1	黄梁·七	黃梁·七	Phantasm VII	白昼夢Ⅶ	와이드VII	โกลเด้นดรีม·7
2163008	163	8	0	97315;97316			300;300;200	0;0;0	8;12;0	4100032;5112001;4105023;3000003	2;55;8;40000					1	黄梁·八	黃梁·八	Phantasm VII	白昼夢Ⅷ	와이드VIII	โกลเด้นดรีม·8
2163009	163	9	0	97317;97318			300;300;200	0;0;0	12;18;0	4100032;5112001;4105023;3000003	2;60;9;45000					1	黄梁·九	黃梁·九	Phantasm IX	白昼夢Ⅸ	와이드IX	โกลเด้นดรีม·9
2163010	163	10	2163009	97319;97320			300;300;200	0;0;0	12;18;0	4100032;5112001;4105023;3000003	2;70;10;50000					1	黄梁·十	黃梁·十	Phantasm X	白昼夢Ⅹ	와이드X	โกลเด้นดรีม·10
2263001	263	1	0	97331;97332			300;300;200	0;0;0	8;12;0	4100032;5112001;4105023;3000003	5;50;5;50000					1	困难·黄梁·一	困難·黃梁·一	Hard (Phantasm) I	困難・白昼夢Ⅰ	와이드·하드I 	ยาก·โกลเด้นดรีม·1
2263002	263	2	0	97333;97334			300;300;200	0;0;0	8;12;0	4100032;5112001;4105023;3000003	5;55;5;60000					1	困难·黄梁·二	困難·黃梁·二	Hard (Phantasm) II	困難・白昼夢Ⅱ	와이드·하드II 	ยาก·โกลเด้นดรีม·2
2263003	263	3	0	97335;97336			300;300;200	0;0;0	8;12;0	4100032;5112001;4105023;3000003	5;60;5;70000					1	困难·黄梁·三	困難·黃梁·三	Hard (Phantasm) III	困難・白昼夢Ⅲ	와이드·하드III 	ยาก·โกลเด้นดรีม·3
2263004	263	4	0	97337;97338			300;300;200	0;0;0	8;12;0	4100032;5112001;4105023;3000003	5;65;10;80000					1	困难·黄梁·四	困難·黃梁·四	Hard (Phantasm) IV	困難・白昼夢Ⅳ	와이드·하드IV	ยาก·โกลเด้นดรีม·4
2263005	263	5	0	97339;97340			300;300;200	0;0;0	8;12;0	4100032;5112001;4105023;3000003	5;70;10;90000					1	困难·黄梁·五	困難·黃梁·五	Hard (Phantasm) V	困難・白昼夢Ⅴ	와이드·하드V	ยาก·โกลเด้นดรีม·5
2263006	263	6	0	97341;97342			300;300;200	0;0;0	8;12;0	4100032;5112001;4105023;3000003	5;75;10;100000					1	困难·黄梁·六	困難·黃梁·六	Hard (Phantasm) VI	困難・白昼夢Ⅵ	와이드·하드VI 	ยาก·โกลเด้นดรีม·6
2263007	263	7	0	97343;97344			300;300;200	0;0;0	8;12;0	4100032;5112001;4105023;3000003	5;80;20;110000					1	困难·黄梁·七	困難·黃梁·七	Hard (Phantasm) VII	困難・白昼夢Ⅶ	와이드·하드VII 	ยาก·โกลเด้นดรีม·7
2263008	263	8	0	97345;97346			300;300;200	0;0;0	8;12;0	4100032;5112001;4105023;3000003	5;85;20;120000					1	困难·黄梁·八	困難·黃梁·八	Hard (Phantasm) VIII	困難・白昼夢Ⅷ	와이드·하드VIII 	ยาก·โกลเด้นดรีม·8
2263009	263	9	0	97347;97348			300;300;200	0;0;0	12;18;0	4100032;5112001;4105023;3000003	5;90;20;130000					1	困难·黄梁·九	困難·黃梁·九	Hard (Phantasm) IX	困難・白昼夢Ⅸ	와이드·하드IX	ยาก·โกลเด้นดรีม·9
2263010	263	10	2263009	97349;97350			300;300;200	0;0;0	12;18;0	4100032;5112001;4105023;3000003	5;100;30;150000					1	困难·黄梁·十	困難·黃梁·十	Hard (Phantasm) X	困難・白昼夢Ⅹ	와이드·하드X	ยาก·โกลเด้นดรีม·10
2363001	363	1	0	97361;97362			300;300;200	0;0;0	8;12;0	4100032;5112001;4105023;3000003	5;50;5;50000					1	绝境·黄梁·一	絕境·黃梁·一	Abyssal (Phantasm) I	絶境・白昼夢Ⅰ	와이드·인페르노I 	วิกฤต·โกลเด้นดรีม·1
2363002	363	2	0	97363;97364			300;300;200	0;0;0	8;12;0	4100032;5112001;4105023;3000003	5;55;5;60000					1	绝境·黄梁·二	絕境·黃梁·二	Abyssal (Phantasm) II	絶境・白昼夢Ⅱ	와이드·인페르노II 	วิกฤต·โกลเด้นดรีม·2
2363003	363	3	0	97365;97366			300;300;200	0;0;0	8;12;0	4100032;5112001;4105023;3000003	5;60;5;70000					1	绝境·黄梁·三	絕境·黃梁·三	Abyssal (Phantasm) III	絶境・白昼夢Ⅲ	와이드·인페르노III 	วิกฤต·โกลเด้นดรีม·3
2363004	363	4	0	97367;97368			300;300;200	0;0;0	8;12;0	4100032;5112001;4105023;3000003	5;65;10;80000					1	绝境·黄梁·四	絕境·黃梁·四	Abyssal (Phantasm) IV	絶境・白昼夢Ⅳ	와이드·인페르노IV	วิกฤต·โกลเด้นดรีม·4
2363005	363	5	0	97369;97370			300;300;200	0;0;0	8;12;0	4100032;5112001;4105023;3000003	5;70;10;90000					1	绝境·黄梁·五	絕境·黃梁·五	Abyssal (Phantasm) V	絶境・白昼夢Ⅴ	와이드·인페르노V	วิกฤต·โกลเด้นดรีม·5
2363006	363	6	0	97371;97372			300;300;200	0;0;0	8;12;0	4100032;5112001;4105023;3000003	5;75;10;100000					1	绝境·黄梁·六	絕境·黃梁·六	Abyssal (Phantasm) VI	絶境・白昼夢Ⅵ	와이드·인페르노VI 	วิกฤต·โกลเด้นดรีม·6
2363007	363	7	2363006	97373;97374			300;300;200	0;0;0	8;12;0	4100032;5112001;4105023;3000003	5;80;20;110000					1	绝境·黄梁·七	絕境·黃梁·七	Abyssal (Phantasm) VII	絶境・白昼夢Ⅶ	와이드·인페르노VII 	วิกฤต·โกลเด้นดรีม·7
2363008	363	8	2363007	97375;97376			300;300;200	0;0;0	8;12;0	4100032;5112001;4105023;3000003	5;85;20;120000					1	绝境·黄梁·八	絕境·黃梁·八	Abyssal (Phantasm) VIII	絶境・白昼夢Ⅷ	와이드·인페르노VIII 	วิกฤต·โกลเด้นดรีม·8
2363009	363	9	2363008	97377;97378			300;300;200	0;0;0	12;18;0	4100032;5112001;4105023;3000003	5;90;20;130000					1	绝境·黄梁·九	絕境·黃梁·九	Abyssal (Phantasm) IX	絶境・白昼夢Ⅸ	와이드·인페르노IX	วิกฤต·โกลเด้นดรีม·9
2363010	363	10	2363009	97379;97380			300;300;200	0;0;0	12;18;0	4100032;5112001;4105023;3000003	5;100;30;150000					1	绝境·黄梁·十	絕境·黃梁·十	Abyssal (Phantasm) X	絶境・白昼夢Ⅹ	와이드·인페르노X	วิกฤต·โกลเด้นดรีม·10
2463001	463	1	0	97381;97382			300;300;200	0;0;0	12;18;0	4100032;5112001;4105023;3000003	5;50;5;50000					1	挑战·黄梁·一	挑戰·黃梁·一	Challenge (Phantasm) I	挑戦・白昼夢Ⅰ	도전·와이드I 	ท้าทาย·โกลเด้นดรีม·1
2463002	463	2	2463001	97383;97384			300;300;200	0;0;0	12;18;0	4100032;5112001;4105023;3000003	5;55;5;60000					1	挑战·黄梁·二	挑戰·黃梁·二	Challenge (Phantasm) II	挑戦・白昼夢Ⅱ	도전·와이드II	ท้าทาย·โกลเด้นดรีม·2
2463003	463	3	2463002	97385;97386						4100032;5112001;4105023;3000003	5;60;5;70000					1	挑战·黄梁·三	挑戰·黃梁·三	Challenge (Phantasm) III	挑戦・白昼夢Ⅲ	도전·와이드III	ท้าทาย·โกลเด้นดรีม·3
2164001	164	1	0	97401;97402			300;300;200	0;0;0	8;12;0	4100032;5112001;4105023;3000003	2;20;1;5000					1	无眠·一	無眠·一	Insomnia I	不眠Ⅰ	불면I 	ขอบตาดำ·1
2164002	164	2	0	97403;97404			300;300;200	0;0;0	8;12;0	4100032;5112001;4105023;3000003	2;25;2;10000					1	无眠·二	無眠·二	Insomnia II	不眠Ⅱ	불면II 	ขอบตาดำ·2
2164003	164	3	0	97405;97406			300;300;200	0;0;0	8;12;0	4100032;5112001;4105023;3000003	2;30;3;15000					1	无眠·三	無眠·三	Insomnia III	不眠Ⅲ	불면III 	ขอบตาดำ·3
2164004	164	4	0	97407;97408			300;300;200	0;0;0	8;12;0	4100032;5112001;4105023;3000003	2;35;4;20000					1	无眠·四	無眠·四	Insomnia IV	不眠Ⅳ	불면IV	ขอบตาดำ·4
2164005	164	5	0	97409;97410			300;300;200	0;0;0	8;12;0	4100032;5112001;4105023;3000003	2;40;5;25000					1	无眠·五	無眠·五	Insomnia V	不眠Ⅴ	불면V	ขอบตาดำ·5
2164006	164	6	0	97411;97412			300;300;200	0;0;0	8;12;0	4100032;5112001;4105023;3000003	2;45;6;30000					1	无眠·六	無眠·六	Insomnia VI	不眠Ⅵ	불면VI 	ขอบตาดำ·6
2164007	164	7	0	97413;97414			300;300;200	0;0;0	8;12;0	4100032;5112001;4105023;3000003	2;50;7;35000					1	无眠·七	無眠·七	Insomnia VII	不眠Ⅶ	불면VII 	ขอบตาดำ·7
2164008	164	8	0	97415;97416			300;300;200	0;0;0	8;12;0	4100032;5112001;4105023;3000003	2;55;8;40000					1	无眠·八	無眠·八	Insomnia VIII	不眠Ⅷ	불면VIII 	ขอบตาดำ·8
2164009	164	9	0	97417;97418			300;300;200	0;0;0	12;18;0	4100032;5112001;4105023;3000003	2;60;9;45000					1	无眠·九	無眠·九	Insomnia IX	不眠Ⅸ	불면IX	ขอบตาดำ·9
2164010	164	10	2164009	97419;97420			300;300;200	0;0;0	12;18;0	4100032;5112001;4105023;3000003	2;70;10;50000					1	无眠·十	無眠·十	Insomnia X	不眠Ⅹ	불면X	ขอบตาดำ·10
2264001	264	1	0	97431;97432			300;300;200	0;0;0	8;12;0	4100032;5112001;4105023;3000003	5;50;5;50000					1	困难·无眠·一	困難·無眠·一	Hard (Insomnia) I	困難・不眠Ⅰ	불면·하드I 	ยาก·ขอบตาดำ·1
2264002	264	2	0	97433;97434			300;300;200	0;0;0	8;12;0	4100032;5112001;4105023;3000003	5;55;5;60000					1	困难·无眠·二	困難·無眠·二	Hard (Insomnia) II	困難・不眠Ⅱ	불면·하드II 	ยาก·ขอบตาดำ·2
2264003	264	3	0	97435;97436			300;300;200	0;0;0	8;12;0	4100032;5112001;4105023;3000003	5;60;5;70000					1	困难·无眠·三	困難·無眠·三	Hard (Insomnia) III	困難・不眠Ⅲ	불면·하드III 	ยาก·ขอบตาดำ·3
2264004	264	4	0	97437;97438			300;300;200	0;0;0	8;12;0	4100032;5112001;4105023;3000003	5;65;10;80000					1	困难·无眠·四	困難·無眠·四	Hard (Insomnia) IV	困難・不眠Ⅳ	불면·하드IV	ยาก·ขอบตาดำ·4
2264005	264	5	0	97439;97440			300;300;200	0;0;0	8;12;0	4100032;5112001;4105023;3000003	5;70;10;90000					1	困难·无眠·五	困難·無眠·五	Hard (Insomnia) V	困難・不眠Ⅴ	불면·하드V	ยาก·ขอบตาดำ·5
2264006	264	6	0	97441;97442			300;300;200	0;0;0	8;12;0	4100032;5112001;4105023;3000003	5;75;10;100000					1	困难·无眠·六	困難·無眠·六	Hard (Insomnia) VI	困難・不眠Ⅵ	불면·하드VI 	ยาก·ขอบตาดำ·6
2264007	264	7	0	97443;97444			300;300;200	0;0;0	8;12;0	4100032;5112001;4105023;3000003	5;80;20;110000					1	困难·无眠·七	困難·無眠·七	Hard (Insomnia) VII	困難・不眠Ⅶ	불면·하드VII 	ยาก·ขอบตาดำ·7
2264008	264	8	0	97445;97446			300;300;200	0;0;0	8;12;0	4100032;5112001;4105023;3000003	5;85;20;120000					1	困难·无眠·八	困難·無眠·八	Hard (Insomnia) VIII	困難・不眠Ⅷ	불면·하드VIII 	ยาก·ขอบตาดำ·8
2264009	264	9	0	97447;97448			300;300;200	0;0;0	12;18;0	4100032;5112001;4105023;3000003	5;90;20;130000					1	困难·无眠·九	困難·無眠·九	Hard (Insomnia) IX	困難・不眠Ⅸ	불면·하드IX	ยาก·ขอบตาดำ·9
2264010	264	10	2264009	97449;97450			300;300;200	0;0;0	12;18;0	4100032;5112001;4105023;3000003	5;100;30;150000					1	困难·无眠·十	困難·無眠·十	Hard (Insomnia) X	困難・不眠Ⅹ	불면·하드X	ยาก·ขอบตาดำ·10
2364001	364	1	0	97461;97462			300;300;200	0;0;0	8;12;0	4100032;5112001;4105023;3000003	5;50;5;50000					1	绝境·无眠·一	絕境·無眠·一	Abyssal (Insomnia) I	絶境・不眠Ⅰ	불면·인페르노I 	วิกฤต·ขอบตาดำ·1
2364002	364	2	0	97463;97464			300;300;200	0;0;0	8;12;0	4100032;5112001;4105023;3000003	5;55;5;60000					1	绝境·无眠·二	絕境·無眠·二	Abyssal (Insomnia) II	絶境・不眠Ⅱ	불면·인페르노II 	วิกฤต·ขอบตาดำ·2
2364003	364	3	0	97465;97466			300;300;200	0;0;0	8;12;0	4100032;5112001;4105023;3000003	5;60;5;70000					1	绝境·无眠·三	絕境·無眠·三	Abyssal (Insomnia) III	絶境・不眠Ⅲ	불면·인페르노III 	วิกฤต·ขอบตาดำ·3
2364004	364	4	0	97467;97468			300;300;200	0;0;0	8;12;0	4100032;5112001;4105023;3000003	5;65;10;80000					1	绝境·无眠·四	絕境·無眠·四	Abyssal (Insomnia) IV	絶境・不眠Ⅳ	불면·인페르노IV	วิกฤต·ขอบตาดำ·4
2364005	364	5	0	97469;97470			300;300;200	0;0;0	8;12;0	4100032;5112001;4105023;3000003	5;70;10;90000					1	绝境·无眠·五	絕境·無眠·五	Abyssal (Insomnia) V	絶境・不眠Ⅴ	불면·인페르노V	วิกฤต·ขอบตาดำ·5
2364006	364	6	0	97471;97472			300;300;200	0;0;0	8;12;0	4100032;5112001;4105023;3000003	5;75;10;100000					1	绝境·无眠·六	絕境·無眠·六	Abyssal (Insomnia) VI	絶境・不眠Ⅵ	불면·인페르노VI 	วิกฤต·ขอบตาดำ·6
2364007	364	7	2364006	97473;97474			300;300;200	0;0;0	8;12;0	4100032;5112001;4105023;3000003	5;80;20;110000					1	绝境·无眠·七	絕境·無眠·七	Abyssal (Insomnia) VII	絶境・不眠Ⅶ	불면·인페르노VII 	วิกฤต·ขอบตาดำ·7
2364008	364	8	2364007	97475;97476			300;300;200	0;0;0	8;12;0	4100032;5112001;4105023;3000003	5;85;20;120000					1	绝境·无眠·八	絕境·無眠·八	Abyssal (Insomnia) VIII	絶境・不眠Ⅷ	불면·인페르노VIII 	วิกฤต·ขอบตาดำ·8
2364009	364	9	2364008	97477;97478			300;300;200	0;0;0	12;18;0	4100032;5112001;4105023;3000003	5;90;20;130000					1	绝境·无眠·九	絕境·無眠·九	Abyssal (Insomnia) IX	絶境・不眠Ⅸ	불면·인페르노IX	วิกฤต·ขอบตาดำ·9
2364010	364	10	2364009	97479;97480			300;300;200	0;0;0	12;18;0	4100032;5112001;4105023;3000003	5;100;30;150000					1	绝境·无眠·十	絕境·無眠·十	Abyssal (Insomnia) X	絶境・不眠Ⅹ	불면·인페르노X	วิกฤต·ขอบตาดำ·10
2464001	464	1	0	97481;97482			300;300;200	0;0;0	12;18;0	4100032;5112001;4105023;3000003	5;50;5;50000					1	挑战·无眠·一	挑戰·無眠·一	Challenge (Insomnia) I	挑戦・不眠Ⅰ	도전·불면I 	ท้าทาย·ขอบตาดำ·1
2464002	464	2	2464001	97483;97484			300;300;200	0;0;0	12;18;0	4100032;5112001;4105023;3000003	5;55;5;60000					1	挑战·无眠·二	挑戰·無眠·二	Challenge (Insomnia) II	挑戦・不眠Ⅱ	도전·불면II 	ท้าทาย·ขอบตาดำ·2
2464003	464	3	2464002	97485;97486						4100032;5112001;4105023;3000003	5;60;5;70000					1	挑战·无眠·三	挑戰·無眠·三	Challenge (Insomnia) III	挑戦・不眠Ⅲ	도전·불면III 	ท้าทาย·ขอบตาดำ·3
2165001	165	1	0	97501;97502			300;300;200	0;0;0	8;12;0	4100032;5112001;4105023;3000003	2;20;1;5000					1	荒原·一	荒原·一	Wasteland I	荒原Ⅰ	광야I 	แดนรกร้าง·1
2165002	165	2	0	97503;97504			300;300;200	0;0;0	8;12;0	4100032;5112001;4105023;3000003	2;25;2;10000					1	荒原·二	荒原·二	Wasteland II	荒原Ⅱ	광야II 	แดนรกร้าง·2
2165003	165	3	0	97505;97506			300;300;200	0;0;0	8;12;0	4100032;5112001;4105023;3000003	2;30;3;15000					1	荒原·三	荒原·三	Wasteland III	荒原Ⅲ	광야III 	แดนรกร้าง·3
2165004	165	4	0	97507;97508			300;300;200	0;0;0	8;12;0	4100032;5112001;4105023;3000003	2;35;4;20000					1	荒原·四	荒原·四	Wasteland IV	荒原Ⅳ	광야IV	แดนรกร้าง·4
2165005	165	5	0	97509;97510			300;300;200	0;0;0	8;12;0	4100032;5112001;4105023;3000003	2;40;5;25000					1	荒原·五	荒原·五	Wasteland V	荒原Ⅴ	광야V	แดนรกร้าง·5
2165006	165	6	0	97511;97512			300;300;200	0;0;0	8;12;0	4100032;5112001;4105023;3000003	2;45;6;30000					1	荒原·六	荒原·六	Wasteland VI	荒原Ⅵ	광야VI 	แดนรกร้าง·6
2165007	165	7	0	97513;97514			300;300;200	0;0;0	8;12;0	4100032;5112001;4105023;3000003	2;50;7;35000					1	荒原·七	荒原·七	Wasteland VII	荒原Ⅶ	광야VII 	แดนรกร้าง·7
2165008	165	8	0	97515;97516			300;300;200	0;0;0	8;12;0	4100032;5112001;4105023;3000003	2;55;8;40000					1	荒原·八	荒原·八	Wasteland VIII	荒原Ⅷ	광야VIII 	แดนรกร้าง·8
2165009	165	9	0	97517;97518			300;300;200	0;0;0	12;18;0	4100032;5112001;4105023;3000003	2;60;9;45000					1	荒原·九	荒原·九	Wasteland IV	荒原Ⅸ	광야IX	แดนรกร้าง·9
2165010	165	10	2165009	97519;97520			300;300;200	0;0;0	12;18;0	4100032;5112001;4105023;3000003	2;70;10;50000					1	荒原·十	荒原·十	Wasteland V	荒原Ⅹ	광야X	แดนรกร้าง·10
2265001	265	1	0	97531;97532			300;300;200	0;0;0	8;12;0	4100032;5112001;4105023;3000003	5;50;5;50000					1	困难·荒原·一	困難·荒原·一	Hard (Wasteland) I	困難・荒原Ⅰ	광야·하드I 	ยาก·แดนรกร้าง·1
2265002	265	2	0	97533;97534			300;300;200	0;0;0	8;12;0	4100032;5112001;4105023;3000003	5;55;5;60000					1	困难·荒原·二	困難·荒原·二	Hard (Wasteland) II	困難・荒原Ⅱ	광야·하드II 	ยาก·แดนรกร้าง·2
2265003	265	3	0	97535;97536			300;300;200	0;0;0	8;12;0	4100032;5112001;4105023;3000003	5;60;5;70000					1	困难·荒原·三	困難·荒原·三	Hard (Wasteland) III	困難・荒原Ⅲ	광야·하드III 	ยาก·แดนรกร้าง·3
2265004	265	4	0	97537;97538			300;300;200	0;0;0	8;12;0	4100032;5112001;4105023;3000003	5;65;10;80000					1	困难·荒原·四	困難·荒原·四	Hard (Wasteland) IV	困難・荒原Ⅳ	광야·하드IV	ยาก·แดนรกร้าง·4
2265005	265	5	0	97539;97540			300;300;200	0;0;0	8;12;0	4100032;5112001;4105023;3000003	5;70;10;90000					1	困难·荒原·五	困難·荒原·五	Hard (Wasteland) V	困難・荒原Ⅴ	광야·하드V	ยาก·แดนรกร้าง·5
2265006	265	6	0	97541;97542			300;300;200	0;0;0	8;12;0	4100032;5112001;4105023;3000003	5;75;10;100000					1	困难·荒原·六	困難·荒原·六	Hard (Wasteland) VI	困難・荒原Ⅵ	광야·하드VI 	ยาก·แดนรกร้าง·6
2265007	265	7	0	97543;97544			300;300;200	0;0;0	8;12;0	4100032;5112001;4105023;3000003	5;80;20;110000					1	困难·荒原·七	困難·荒原·七	Hard (Wasteland) VII	困難・荒原Ⅶ	광야·하드VII 	ยาก·แดนรกร้าง·7
2265008	265	8	0	97545;97546			300;300;200	0;0;0	8;12;0	4100032;5112001;4105023;3000003	5;85;20;120000					1	困难·荒原·八	困難·荒原·八	Hard (Wasteland) VIII	困難・荒原Ⅷ	광야·하드VIII 	ยาก·แดนรกร้าง·8
2265009	265	9	0	97547;97548			300;300;200	0;0;0	12;18;0	4100032;5112001;4105023;3000003	5;90;20;130000					1	困难·荒原·九	困難·荒原·九	Hard (Wasteland) IX	困難・荒原Ⅸ	광야·하드IX	ยาก·แดนรกร้าง·9
2265010	265	10	2265009	97549;97550			300;300;200	0;0;0	12;18;0	4100032;5112001;4105023;3000003	5;100;30;150000					1	困难·荒原·十	困難·荒原·十	Hard (Wasteland) X	困難・荒原Ⅹ	광야·하드X	ยาก·แดนรกร้าง·10
2365001	365	1	0	97561;97562			300;300;200	0;0;0	8;12;0	4100032;5112001;4105023;3000003	5;50;5;50000					1	绝境·荒原·一	絕境·荒原·一	Abyssal (Wasteland) I	絶境・荒原Ⅰ	광야·인페르노I 	วิกฤต·แดนรกร้าง·1
2365002	365	2	0	97563;97564			300;300;200	0;0;0	8;12;0	4100032;5112001;4105023;3000003	5;55;5;60000					1	绝境·荒原·二	絕境·荒原·二	Abyssal (Wasteland) II	絶境・荒原Ⅱ	광야·인페르노II 	วิกฤต·แดนรกร้าง·2
2365003	365	3	0	97565;97566			300;300;200	0;0;0	8;12;0	4100032;5112001;4105023;3000003	5;60;5;70000					1	绝境·荒原·三	絕境·荒原·三	Abyssal (Wasteland) III	絶境・荒原Ⅲ	광야·인페르노III 	วิกฤต·แดนรกร้าง·3
2365004	365	4	0	97567;97568			300;300;200	0;0;0	8;12;0	4100032;5112001;4105023;3000003	5;65;10;80000					1	绝境·荒原·四	絕境·荒原·四	Abyssal (Wasteland) IV	絶境・荒原Ⅳ	광야·인페르노IV	วิกฤต·แดนรกร้าง·4
2365005	365	5	0	97569;97570			300;300;200	0;0;0	8;12;0	4100032;5112001;4105023;3000003	5;70;10;90000					1	绝境·荒原·五	絕境·荒原·五	Abyssal (Wasteland) V	絶境・荒原Ⅴ	광야·인페르노V	วิกฤต·แดนรกร้าง·5
2365006	365	6	0	97571;97572			300;300;200	0;0;0	8;12;0	4100032;5112001;4105023;3000003	5;75;10;100000					1	绝境·荒原·六	絕境·荒原·六	Abyssal (Wasteland) VI	絶境・荒原Ⅵ	광야·인페르노VI 	วิกฤต·แดนรกร้าง·6
2365007	365	7	2365006	97573;97574			300;300;200	0;0;0	8;12;0	4100032;5112001;4105023;3000003	5;80;20;110000					1	绝境·荒原·七	絕境·荒原·七	Abyssal (Wasteland) VII	絶境・荒原Ⅶ	광야·인페르노VII 	วิกฤต·แดนรกร้าง·7
2365008	365	8	2365007	97575;97576			300;300;200	0;0;0	8;12;0	4100032;5112001;4105023;3000003	5;85;20;120000					1	绝境·荒原·八	絕境·荒原·八	Abyssal (Wasteland) VIII	絶境・荒原Ⅷ	광야·인페르노VIII 	วิกฤต·แดนรกร้าง·8
2365009	365	9	2365008	97577;97578			300;300;200	0;0;0	12;18;0	4100032;5112001;4105023;3000003	5;90;20;130000					1	绝境·荒原·九	絕境·荒原·九	Abyssal (Wasteland) IX	絶境・荒原Ⅸ	광야·인페르노IX	วิกฤต·แดนรกร้าง·9
2365010	365	10	2365009	97579;97580			300;300;200	0;0;0	12;18;0	4100032;5112001;4105023;3000003	5;100;30;150000					1	绝境·荒原·十	絕境·荒原·十	Abyssal (Wasteland) X	絶境・荒原Ⅹ	광야·인페르노X	วิกฤต·แดนรกร้าง·10
2465001	465	1	0	97581;97582			300;300;200	0;0;0	12;18;0	4100032;5112001;4105023;3000003	5;50;5;50000					1	挑战·荒原·一	挑戰·荒原·一	Challenge (Wasteland) I	挑戦・荒原Ⅰ	광야·도전I 	ท้าทาย·แดนรกร้าง·1
2465002	465	2	2465001	97583;97584			300;300;200	0;0;0	12;18;0	4100032;5112001;4105023;3000003	5;55;5;60000					1	挑战·荒原·二	挑戰·荒原·二	Challenge (Wasteland) II	挑戦・荒原Ⅱ	광야·도전II 	ท้าทาย·แดนรกร้าง·2
2465003	465	3	2465002	97585;97586						4100032;5112001;4105023;3000003	5;60;5;70000					1	挑战·荒原·三	挑戰·荒原·三	Challenge (Wasteland) III	挑戦・荒原Ⅲ	광야·도전III 	ท้าทาย·แดนรกร้าง·3
2166001	166	1	0	97601;97602			300;300;200	0;0;0	8;12;0	4100032;5112001;4105023;3000003	2;20;1;5000					1	灼华·一	灼華·一	Blazing Bloom I	灼灼Ⅰ	작화I	จรัสร้อนแรง·1
2166002	166	2	0	97603;97604			300;300;200	0;0;0	8;12;0	4100032;5112001;4105023;3000003	2;25;2;10000					1	灼华·二	灼華·二	Blazing Bloom II	灼灼Ⅱ	작화II	จรัสร้อนแรง·2
2166003	166	3	0	97605;97606			300;300;200	0;0;0	8;12;0	4100032;5112001;4105023;3000003	2;30;3;15000					1	灼华·三	灼華·三	Blazing Bloom III	灼灼Ⅲ	작화III	จรัสร้อนแรง·3
2166004	166	4	0	97607;97608			300;300;200	0;0;0	8;12;0	4100032;5112001;4105023;3000003	2;35;4;20000					1	灼华·四	灼華·四	Blazing Bloom IV	灼灼Ⅳ	작화IV	จรัสร้อนแรง·4
2166005	166	5	0	97609;97610			300;300;200	0;0;0	8;12;0	4100032;5112001;4105023;3000003	2;40;5;25000					1	灼华·五	灼華·五	Blazing Bloom V	灼灼Ⅴ	작화V	จรัสร้อนแรง·5
2166006	166	6	0	97611;97612			300;300;200	0;0;0	8;12;0	4100032;5112001;4105023;3000003	2;45;6;30000					1	灼华·六	灼華·六	Blazing Bloom VI	灼灼Ⅵ	작화VI	จรัสร้อนแรง·6
2166007	166	7	0	97613;97614			300;300;200	0;0;0	8;12;0	4100032;5112001;4105023;3000003	2;50;7;35000					1	灼华·七	灼華·七	Blazing Bloom VII	灼灼Ⅶ	작화VII	จรัสร้อนแรง·7
2166008	166	8	0	97615;97616			300;300;200	0;0;0	8;12;0	4100032;5112001;4105023;3000003	2;55;8;40000					1	灼华·八	灼華·八	Blazing Bloom VIII	灼灼Ⅷ	작화VIII	จรัสร้อนแรง·8
2166009	166	9	0	97617;97618			300;300;200	0;0;0	12;18;0	4100032;5112001;4105023;3000003	2;60;9;45000					1	灼华·九	灼華·九	Blazing Bloom IX	灼灼Ⅸ	작화IX	จรัสร้อนแรง·9
2166010	166	10	2166009	97619;97620			300;300;200	0;0;0	12;18;0	4100032;5112001;4105023;3000003	2;70;10;50000					1	灼华·十	灼華·十	Blazing Bloom X	灼灼Ⅹ	작화X	จรัสร้อนแรง·10
2266001	266	1	0	97631;97632			300;300;200	0;0;0	8;12;0	4100032;5112001;4105023;3000003	5;50;5;50000					1	困难·灼华·一	困難·灼華·一	Blazing Bloom (Hard) I	困難・灼灼Ⅰ	작화·하드I	ยาก·จรัสร้อนแรง·1
2266002	266	2	0	97633;97634			300;300;200	0;0;0	8;12;0	4100032;5112001;4105023;3000003	5;55;5;60000					1	困难·灼华·二	困難·灼華·二	Blazing Bloom (Hard) II	困難・灼灼Ⅱ	작화·하드II	ยาก·จรัสร้อนแรง·2
2266003	266	3	0	97635;97636			300;300;200	0;0;0	8;12;0	4100032;5112001;4105023;3000003	5;60;5;70000					1	困难·灼华·三	困難·灼華·三	Blazing Bloom (Hard) III	困難・灼灼Ⅲ	작화·하드III	ยาก·จรัสร้อนแรง·3
2266004	266	4	0	97637;97638			300;300;200	0;0;0	8;12;0	4100032;5112001;4105023;3000003	5;65;10;80000					1	困难·灼华·四	困難·灼華·四	Blazing Bloom (Hard) IV	困難・灼灼Ⅳ	작화·하드IV	ยาก·จรัสร้อนแรง·4
2266005	266	5	0	97639;97640			300;300;200	0;0;0	8;12;0	4100032;5112001;4105023;3000003	5;70;10;90000					1	困难·灼华·五	困難·灼華·五	Blazing Bloom (Hard) V	困難・灼灼Ⅴ	작화·하드V	ยาก·จรัสร้อนแรง·5
2266006	266	6	0	97641;97642			300;300;200	0;0;0	8;12;0	4100032;5112001;4105023;3000003	5;75;10;100000					1	困难·灼华·六	困難·灼華·六	Blazing Bloom (Hard) VI	困難・灼灼Ⅵ	작화·하드VI	ยาก·จรัสร้อนแรง·6
2266007	266	7	0	97643;97644			300;300;200	0;0;0	8;12;0	4100032;5112001;4105023;3000003	5;80;20;110000					1	困难·灼华·七	困難·灼華·七	Blazing Bloom (Hard) VII	困難・灼灼Ⅶ	작화·하드VII	ยาก·จรัสร้อนแรง·7
2266008	266	8	0	97645;97646			300;300;200	0;0;0	8;12;0	4100032;5112001;4105023;3000003	5;85;20;120000					1	困难·灼华·八	困難·灼華·八	Blazing Bloom (Hard) VIII	困難・灼灼Ⅷ	작화·하드VIII	ยาก·จรัสร้อนแรง·8
2266009	266	9	0	97647;97648			300;300;200	0;0;0	12;18;0	4100032;5112001;4105023;3000003	5;90;20;130000					1	困难·灼华·九	困難·灼華·九	Blazing Bloom (Hard) IX	困難・灼灼Ⅸ	작화·하드IX	ยาก·จรัสร้อนแรง·9
2266010	266	10	2266009	97649;97650			300;300;200	0;0;0	12;18;0	4100032;5112001;4105023;3000003	5;100;30;150000					1	困难·灼华·十	困難·灼華·十	Blazing Bloom (Hard) X	困難・灼灼Ⅹ	작화·하드X	ยาก·จรัสร้อนแรง·10
2366001	366	1	0	97661;97662			300;300;200	0;0;0	8;12;0	4100032;5112001;4105023;3000003	5;50;5;50000					1	绝境·灼华·一	絕境·灼華·一	Blazing Bloom (Abyssal) I	絶境・灼灼Ⅰ	작화·인페르노I	วิกฤต·จรัสร้อนแรง·1
2366002	366	2	0	97663;97664			300;300;200	0;0;0	8;12;0	4100032;5112001;4105023;3000003	5;55;5;60000					1	绝境·灼华·二	絕境·灼華·二	Blazing Bloom (Abyssal) II	絶境・灼灼Ⅱ	작화·인페르노II	วิกฤต·จรัสร้อนแรง·2
2366003	366	3	0	97665;97666			300;300;200	0;0;0	8;12;0	4100032;5112001;4105023;3000003	5;60;5;70000					1	绝境·灼华·三	絕境·灼華·三	Blazing Bloom (Abyssal) III	絶境・灼灼Ⅲ	작화·인페르노III	วิกฤต·จรัสร้อนแรง·3
2366004	366	4	0	97667;97668			300;300;200	0;0;0	8;12;0	4100032;5112001;4105023;3000003	5;65;10;80000					1	绝境·灼华·四	絕境·灼華·四	Blazing Bloom (Abyssal) IV	絶境・灼灼Ⅳ	작화·인페르노IV	วิกฤต·จรัสร้อนแรง·4
2366005	366	5	0	97669;97670			300;300;200	0;0;0	8;12;0	4100032;5112001;4105023;3000003	5;70;10;90000					1	绝境·灼华·五	絕境·灼華·五	Blazing Bloom (Abyssal) V	絶境・灼灼Ⅴ	작화·인페르노V	วิกฤต·จรัสร้อนแรง·5
2366006	366	6	0	97671;97672			300;300;200	0;0;0	8;12;0	4100032;5112001;4105023;3000003	5;75;10;100000					1	绝境·灼华·六	絕境·灼華·六	Blazing Bloom (Abyssal) VI	絶境・灼灼Ⅵ	작화·인페르노VI	วิกฤต·จรัสร้อนแรง·6
2366007	366	7	2366006	97673;97674			300;300;200	0;0;0	8;12;0	4100032;5112001;4105023;3000003	5;80;20;110000					1	绝境·灼华·七	絕境·灼華·七	Blazing Bloom (Abyssal) VII	絶境・灼灼Ⅶ	작화·인페르노VII	วิกฤต·จรัสร้อนแรง·7
2366008	366	8	2366007	97675;97676			300;300;200	0;0;0	8;12;0	4100032;5112001;4105023;3000003	5;85;20;120000					1	绝境·灼华·八	絕境·灼華·八	Blazing Bloom (Abyssal) VIII	絶境・灼灼Ⅷ	작화·인페르노VIII	วิกฤต·จรัสร้อนแรง·8
2366009	366	9	2366008	97677;97678			300;300;200	0;0;0	12;18;0	4100032;5112001;4105023;3000003	5;90;20;130000					1	绝境·灼华·九	絕境·灼華·九	Blazing Bloom (Abyssal) IX	絶境・灼灼Ⅸ	작화·인페르노IX	วิกฤต·จรัสร้อนแรง·9
2366010	366	10	2366009	97679;97680			300;300;200	0;0;0	12;18;0	4100032;5112001;4105023;3000003	5;100;30;150000					1	绝境·灼华·十	絕境·灼華·十	Blazing Bloom (Abyssal) X	絶境・灼灼Ⅹ	작화·인페르노X	วิกฤต·จรัสร้อนแรง·10
2466001	466	1	0	97681;97682			300;300;200	0;0;0	12;18;0	4100032;5112001;4105023;3000003	5;50;5;50000					1	挑战·灼华·一	挑戰·灼華·一	Blazing Bloom (Challenge) I	挑戦・灼灼Ⅰ	도전·작화I 	ท้าทาย·จรัสร้อนแรง·1
2466002	466	2	2466001	97683;97684			300;300;200	0;0;0	12;18;0	4100032;5112001;4105023;3000003	5;55;5;60000					1	挑战·灼华·二	挑戰·灼華·二	Blazing Bloom (Challenge) II	挑戦・灼灼Ⅱ	도전·작화II	ท้าทาย·จรัสร้อนแรง·2
2466003	466	3	2466002	97685;97686						4100032;5112001;4105023;3000003	5;60;5;70000					1	挑战·灼华·三	挑戰·灼華·三	Blazing Bloom (Challenge) III	挑戦・灼灼Ⅲ	도전·작화III	ท้าทาย·จรัสร้อนแรง·3
2167001	167	1	0	97701;97702			300;300;200	0;0;0	8;12;0	4100032;5112001;4105023;3000003	2;20;1;5000					1	鲸澜·一	鯨瀾·一	Whalecrest I	鯨波Ⅰ	웨일I 	คลื่นยักษ์วาฬ·1
2167002	167	2	0	97703;97704			300;300;200	0;0;0	8;12;0	4100032;5112001;4105023;3000003	2;25;2;10000					1	鲸澜·二	鯨瀾·二	Whalecrest II	鯨波Ⅱ	웨일II 	คลื่นยักษ์วาฬ·2
2167003	167	3	0	97705;97706			300;300;200	0;0;0	8;12;0	4100032;5112001;4105023;3000003	2;30;3;15000					1	鲸澜·三	鯨瀾·三	Whalecrest III	鯨波Ⅲ	웨일III 	คลื่นยักษ์วาฬ·3
2167004	167	4	0	97707;97708			300;300;200	0;0;0	8;12;0	4100032;5112001;4105023;3000003	2;35;4;20000					1	鲸澜·四	鯨瀾·四	Whalecrest IV	鯨波Ⅳ	웨일IV	คลื่นยักษ์วาฬ·4
2167005	167	5	0	97709;97710			300;300;200	0;0;0	8;12;0	4100032;5112001;4105023;3000003	2;40;5;25000					1	鲸澜·五	鯨瀾·五	Whalecrest V	鯨波Ⅴ	웨일V	คลื่นยักษ์วาฬ·5
2167006	167	6	0	97711;97712			300;300;200	0;0;0	8;12;0	4100032;5112001;4105023;3000003	2;45;6;30000					1	鲸澜·六	鯨瀾·六	Whalecrest VI	鯨波Ⅵ	웨일VI 	คลื่นยักษ์วาฬ·6
2167007	167	7	0	97713;97714			300;300;200	0;0;0	8;12;0	4100032;5112001;4105023;3000003	2;50;7;35000					1	鲸澜·七	鯨瀾·七	Whalecrest VII	鯨波Ⅶ	웨일VII 	คลื่นยักษ์วาฬ·7
2167008	167	8	0	97715;97716			300;300;200	0;0;0	8;12;0	4100032;5112001;4105023;3000003	2;55;8;40000					1	鲸澜·八	鯨瀾·八	Whalecrest VIII	鯨波Ⅷ	웨일VIII 	คลื่นยักษ์วาฬ·8
2167009	167	9	0	97717;97718			300;300;200	0;0;0	12;18;0	4100032;5112001;4105023;3000003	2;60;9;45000					1	鲸澜·九	鯨瀾·九	Whalecrest IX	鯨波Ⅸ	웨일IX	คลื่นยักษ์วาฬ·9
2167010	167	10	2166009	97719;97720			300;300;200	0;0;0	12;18;0	4100032;5112001;4105023;3000003	2;70;10;50000					1	鲸澜·十	鯨瀾·十	Whalecrest X	鯨波Ⅹ	웨일X	คลื่นยักษ์วาฬ·10
2267001	267	1	0	97731;97732			300;300;200	0;0;0	8;12;0	4100032;5112001;4105023;3000003	5;50;5;50000					1	困难·鲸澜·一	困難·鯨瀾·一	Whalecrest (Hard) I	困難・鯨波Ⅰ	웨일·하드I 	ยาก·คลื่นยักษ์วาฬ·1
2267002	267	2	0	97733;97734			300;300;200	0;0;0	8;12;0	4100032;5112001;4105023;3000003	5;55;5;60000					1	困难·鲸澜·二	困難·鯨瀾·二	Whalecrest (Hard) II	困難・鯨波Ⅱ	웨일·하드II 	ยาก·คลื่นยักษ์วาฬ·2
2267003	267	3	0	97735;97736			300;300;200	0;0;0	8;12;0	4100032;5112001;4105023;3000003	5;60;5;70000					1	困难·鲸澜·三	困難·鯨瀾·三	Whalecrest (Hard) III	困難・鯨波Ⅲ	웨일·하드III 	ยาก·คลื่นยักษ์วาฬ·3
2267004	267	4	0	97737;97738			300;300;200	0;0;0	8;12;0	4100032;5112001;4105023;3000003	5;65;10;80000					1	困难·鲸澜·四	困難·鯨瀾·四	Whalecrest (Hard) IV	困難・鯨波Ⅳ	웨일·하드IV	ยาก·คลื่นยักษ์วาฬ·4
2267005	267	5	0	97739;97740			300;300;200	0;0;0	8;12;0	4100032;5112001;4105023;3000003	5;70;10;90000					1	困难·鲸澜·五	困難·鯨瀾·五	Whalecrest (Hard) V	困難・鯨波Ⅴ	웨일·하드V	ยาก·คลื่นยักษ์วาฬ·5
2267006	267	6	0	97741;97742			300;300;200	0;0;0	8;12;0	4100032;5112001;4105023;3000003	5;75;10;100000					1	困难·鲸澜·六	困難·鯨瀾·六	Whalecrest (Hard) VI	困難・鯨波Ⅵ	웨일·하드VI 	ยาก·คลื่นยักษ์วาฬ·6
2267007	267	7	0	97743;97744			300;300;200	0;0;0	8;12;0	4100032;5112001;4105023;3000003	5;80;20;110000					1	困难·鲸澜·七	困難·鯨瀾·七	Whalecrest (Hard) VII	困難・鯨波Ⅶ	웨일·하드VII 	ยาก·คลื่นยักษ์วาฬ·7
2267008	267	8	0	97745;97746			300;300;200	0;0;0	8;12;0	4100032;5112001;4105023;3000003	5;85;20;120000					1	困难·鲸澜·八	困難·鯨瀾·八	Whalecrest (Hard) VIII	困難・鯨波Ⅷ	웨일·하드VIII 	ยาก·คลื่นยักษ์วาฬ·8
2267009	267	9	0	97747;97748			300;300;200	0;0;0	12;18;0	4100032;5112001;4105023;3000003	5;90;20;130000					1	困难·鲸澜·九	困難·鯨瀾·九	Whalecrest (Hard) IX	困難・鯨波Ⅸ	웨일·하드IX	ยาก·คลื่นยักษ์วาฬ·9
2267010	267	10	2267009	97749;97750			300;300;200	0;0;0	12;18;0	4100032;5112001;4105023;3000003	5;100;30;150000					1	困难·鲸澜·十	困難·鯨瀾·十	Whalecrest (Hard) X	困難・鯨波Ⅹ	웨일·하드X	ยาก·คลื่นยักษ์วาฬ·10
2367001	367	1	0	97761;97762			300;300;200	0;0;0	8;12;0	4100032;5112001;4105023;3000003	5;50;5;50000					1	绝境·鲸澜·一	絕境·鯨瀾·一	Whalecrest (Abyssal) I	絶境・鯨波Ⅰ	웨일·인페르노I 	วิกฤต·คลื่นยักษ์วาฬ·1
2367002	367	2	0	97763;97764			300;300;200	0;0;0	8;12;0	4100032;5112001;4105023;3000003	5;55;5;60000					1	绝境·鲸澜·二	絕境·鯨瀾·二	Whalecrest (Abyssal) II	絶境・鯨波Ⅱ	웨일·인페르노II 	วิกฤต·คลื่นยักษ์วาฬ·2
2367003	367	3	0	97765;97766			300;300;200	0;0;0	8;12;0	4100032;5112001;4105023;3000003	5;60;5;70000					1	绝境·鲸澜·三	絕境·鯨瀾·三	Whalecrest (Abyssal) III	絶境・鯨波Ⅲ	웨일·인페르노III 	วิกฤต·คลื่นยักษ์วาฬ·3
2367004	367	4	0	97767;97768			300;300;200	0;0;0	8;12;0	4100032;5112001;4105023;3000003	5;65;10;80000					1	绝境·鲸澜·四	絕境·鯨瀾·四	Whalecrest (Abyssal) IV	絶境・鯨波Ⅳ	웨일·인페르노IV	วิกฤต·คลื่นยักษ์วาฬ·4
2367005	367	5	0	97769;97770			300;300;200	0;0;0	8;12;0	4100032;5112001;4105023;3000003	5;70;10;90000					1	绝境·鲸澜·五	絕境·鯨瀾·五	Whalecrest (Abyssal) V	絶境・鯨波Ⅴ	웨일·인페르노V	วิกฤต·คลื่นยักษ์วาฬ·5
2367006	367	6	0	97771;97772			300;300;200	0;0;0	8;12;0	4100032;5112001;4105023;3000003	5;75;10;100000					1	绝境·鲸澜·六	絕境·鯨瀾·六	Whalecrest (Abyssal) VI	絶境・鯨波Ⅵ	웨일·인페르노VI 	วิกฤต·คลื่นยักษ์วาฬ·6
2367007	367	7	2367006	97773;97774			300;300;200	0;0;0	8;12;0	4100032;5112001;4105023;3000003	5;80;20;110000					1	绝境·鲸澜·七	絕境·鯨瀾·七	Whalecrest (Abyssal) VII	絶境・鯨波Ⅶ	웨일·인페르노VII 	วิกฤต·คลื่นยักษ์วาฬ·7
2367008	367	8	2367007	97775;97776			300;300;200	0;0;0	8;12;0	4100032;5112001;4105023;3000003	5;85;20;120000					1	绝境·鲸澜·八	絕境·鯨瀾·八	Whalecrest (Abyssal) VIII	絶境・鯨波Ⅷ	웨일·인페르노VIII 	วิกฤต·คลื่นยักษ์วาฬ·8
2367009	367	9	2367008	97777;97778			300;300;200	0;0;0	12;18;0	4100032;5112001;4105023;3000003	5;90;20;130000					1	绝境·鲸澜·九	絕境·鯨瀾·九	Whalecrest (Abyssal) IX	絶境・鯨波Ⅸ	웨일·인페르노IX	วิกฤต·คลื่นยักษ์วาฬ·9
2367010	367	10	2367009	97779;97780			300;300;200	0;0;0	12;18;0	4100032;5112001;4105023;3000003	5;100;30;150000					1	绝境·鲸澜·十	絕境·鯨瀾·十	Whalecrest (Abyssal) X	絶境・鯨波Ⅹ	웨일·인페르노X	วิกฤต·คลื่นยักษ์วาฬ·10
2467001	467	1	0	97781;97782			300;300;200	0;0;0	12;18;0	4100032;5112001;4105023;3000003	5;50;5;50000					1	挑战·鲸澜·一	挑戰·鯨瀾·一	Whalecrest (Challenge) I	挑戦・鯨波Ⅰ	웨일·도전I 	ท้าทาย​·​คลื่น​ยักษ์​วาฬ​·1​
2467002	467	2	2467001	97783;97784			300;300;200	0;0;0	12;18;0	4100032;5112001;4105023;3000003	5;55;5;60000					1	挑战·鲸澜·二	挑戰·鯨瀾·二	Whalecrest (Challenge) II	挑戦・鯨波Ⅱ	웨일·도전II 	ท้าทาย​·​คลื่น​ยักษ์​วาฬ​·2​
2467003	467	3	2467002	97785;97786						4100032;5112001;4105023;3000003	5;60;5;70000					1	挑战·鲸澜·三	挑戰·鯨瀾·三	Whalecrest (Challenge) III	挑戦・鯨波Ⅲ	웨일·도전III 	ท้าทาย​·​คลื่น​ยักษ์​วาฬ​·3​
2168001	168	1	0	97801;97802			300;300;200	0;0;0	8;12;0	4100032;5112001;4105023;3000003	2;20;1;5000					1	沉璧·一	沉璧·一	Obscurity I	破離Ⅰ	침벽·1	หยกก้นบึ้ง·1
2168002	168	2	0	97803;97804			300;300;200	0;0;0	8;12;0	4100032;5112001;4105023;3000003	2;25;2;10000					1	沉璧·二	沉璧·二	Obscurity II	破離Ⅱ	침벽·2	หยกก้นบึ้ง·2
2168003	168	3	0	97805;97806			300;300;200	0;0;0	8;12;0	4100032;5112001;4105023;3000003	2;30;3;15000					1	沉璧·三	沉璧·三	Obscurity III	破離Ⅲ	침벽·3	หยกก้นบึ้ง·3
2168004	168	4	0	97807;97808			300;300;200	0;0;0	8;12;0	4100032;5112001;4105023;3000003	2;35;4;20000					1	沉璧·四	沉璧·四	Obscurity IV	破離Ⅳ	침벽·4	หยกก้นบึ้ง·4
2168005	168	5	0	97809;97810			300;300;200	0;0;0	8;12;0	4100032;5112001;4105023;3000003	2;40;5;25000					1	沉璧·五	沉璧·五	Obscurity V	破離Ⅴ	침벽·5	หยกก้นบึ้ง·5
2168006	168	6	0	97811;97812			300;300;200	0;0;0	8;12;0	4100032;5112001;4105023;3000003	2;45;6;30000					1	沉璧·六	沉璧·六	Obscurity VI	破離Ⅵ	침벽·6	หยกก้นบึ้ง·6
2168007	168	7	0	97813;97814			300;300;200	0;0;0	8;12;0	4100032;5112001;4105023;3000003	2;50;7;35000					1	沉璧·七	沉璧·七	Obscurity VII	破離Ⅶ	침벽·7	หยกก้นบึ้ง·7
2168008	168	8	0	97815;97816			300;300;200	0;0;0	8;12;0	4100032;5112001;4105023;3000003	2;55;8;40000					1	沉璧·八	沉璧·八	Obscurity VIII	破離Ⅷ	침벽·8	หยกก้นบึ้ง·8
2168009	168	9	0	97817;97818			300;300;200	0;0;0	12;18;0	4100032;5112001;4105023;3000003	2;60;9;45000					1	沉璧·九	沉璧·九	Obscurity IX	破離Ⅸ	침벽·9	หยกก้นบึ้ง·9
2168010	168	10	2166009	97819;97820			300;300;200	0;0;0	12;18;0	4100032;5112001;4105023;3000003	2;70;10;50000					1	沉璧·十	沉璧·十	Obscurity X	破離Ⅹ	침벽·10	หยกก้นบึ้ง·10
2268001	268	1	0	97831;97832			300;300;200	0;0;0	8;12;0	4100032;5112001;4105023;3000003	5;50;5;50000					1	困难·沉璧·一	困難·沉璧·一	Hard (Obscurity) I	困難・破離Ⅰ	어려움·침벽·1	ยาก·หยกก้นบึ้ง·1
2268002	268	2	0	97833;97834			300;300;200	0;0;0	8;12;0	4100032;5112001;4105023;3000003	5;55;5;60000					1	困难·沉璧·二	困難·沉璧·二	Hard (Obscurity) II	困難・破離Ⅱ	어려움·침벽·2	ยาก·หยกก้นบึ้ง·2
2268003	268	3	0	97835;97836			300;300;200	0;0;0	8;12;0	4100032;5112001;4105023;3000003	5;60;5;70000					1	困难·沉璧·三	困難·沉璧·三	Hard (Obscurity) III	困難・破離Ⅲ	어려움·침벽·3	ยาก·หยกก้นบึ้ง·3
2268004	268	4	0	97837;97838			300;300;200	0;0;0	8;12;0	4100032;5112001;4105023;3000003	5;65;10;80000					1	困难·沉璧·四	困難·沉璧·四	Hard (Obscurity) IV	困難・破離Ⅳ	어려움·침벽·4	ยาก·หยกก้นบึ้ง·4
2268005	268	5	0	97839;97840			300;300;200	0;0;0	8;12;0	4100032;5112001;4105023;3000003	5;70;10;90000					1	困难·沉璧·五	困難·沉璧·五	Hard (Obscurity) V	困難・破離Ⅴ	어려움·침벽·5	ยาก·หยกก้นบึ้ง·5
2268006	268	6	0	97841;97842			300;300;200	0;0;0	8;12;0	4100032;5112001;4105023;3000003	5;75;10;100000					1	困难·沉璧·六	困難·沉璧·六	Hard (Obscurity) VI	困難・破離Ⅵ	어려움·침벽·6	ยาก·หยกก้นบึ้ง·6
2268007	268	7	0	97843;97844			300;300;200	0;0;0	8;12;0	4100032;5112001;4105023;3000003	5;80;20;110000					1	困难·沉璧·七	困難·沉璧·七	Hard (Obscurity) VII	困難・破離Ⅶ	어려움·침벽·7	ยาก·หยกก้นบึ้ง·7
2268008	268	8	0	97845;97846			300;300;200	0;0;0	8;12;0	4100032;5112001;4105023;3000003	5;85;20;120000					1	困难·沉璧·八	困難·沉璧·八	Hard (Obscurity) VIII	困難・破離Ⅷ	어려움·침벽·8	ยาก·หยกก้นบึ้ง·8
2268009	268	9	0	97847;97848			300;300;200	0;0;0	12;18;0	4100032;5112001;4105023;3000003	5;90;20;130000					1	困难·沉璧·九	困難·沉璧·九	Hard (Obscurity) IX	困難・破離Ⅸ	어려움·침벽·9	ยาก·หยกก้นบึ้ง·9
2268010	268	10	2268009	97849;97850			300;300;200	0;0;0	12;18;0	4100032;5112001;4105023;3000003	5;100;30;150000					1	困难·沉璧·十	困難·沉璧·十	Hard (Obscurity) X	困難・破離Ⅹ	어려움·침벽·10	ยาก·หยกก้นบึ้ง·10
2368001	368	1	0	97861;97862			300;300;200	0;0;0	8;12;0	4100032;5112001;4105023;3000003	5;50;5;50000					1	绝境·沉璧·一	絕境·沉璧·一	Abyssal (Obscurity) I	絶境・破離Ⅰ	절경·침벽·1	วิกฤต·หยกก้นบึ้ง·1
2368002	368	2	0	97863;97864			300;300;200	0;0;0	8;12;0	4100032;5112001;4105023;3000003	5;55;5;60000					1	绝境·沉璧·二	絕境·沉璧·二	Abyssal (Obscurity) II	絶境・破離Ⅱ	절경·침벽·2	วิกฤต·หยกก้นบึ้ง·2
2368003	368	3	0	97865;97866			300;300;200	0;0;0	8;12;0	4100032;5112001;4105023;3000003	5;60;5;70000					1	绝境·沉璧·三	絕境·沉璧·三	Abyssal (Obscurity) III	絶境・破離Ⅲ	절경·침벽·3	วิกฤต·หยกก้นบึ้ง·3
2368004	368	4	0	97867;97868			300;300;200	0;0;0	8;12;0	4100032;5112001;4105023;3000003	5;65;10;80000					1	绝境·沉璧·四	絕境·沉璧·四	Abyssal (Obscurity) IV	絶境・破離Ⅳ	절경·침벽·4	วิกฤต·หยกก้นบึ้ง·4
2368005	368	5	0	97869;97870			300;300;200	0;0;0	8;12;0	4100032;5112001;4105023;3000003	5;70;10;90000					1	绝境·沉璧·五	絕境·沉璧·五	Abyssal (Obscurity) V	絶境・破離Ⅴ	절경·침벽·5	วิกฤต·หยกก้นบึ้ง·5
2368006	368	6	0	97871;97872			300;300;200	0;0;0	8;12;0	4100032;5112001;4105023;3000003	5;75;10;100000					1	绝境·沉璧·六	絕境·沉璧·六	Abyssal (Obscurity) VI	絶境・破離Ⅵ	절경·침벽·6	วิกฤต·หยกก้นบึ้ง·6
2368007	368	7	2368006	97873;97874			300;300;200	0;0;0	8;12;0	4100032;5112001;4105023;3000003	5;80;20;110000					1	绝境·沉璧·七	絕境·沉璧·七	Abyssal (Obscurity) VII	絶境・破離Ⅶ	절경·침벽·7	วิกฤต·หยกก้นบึ้ง·7
2368008	368	8	2368007	97875;97876			300;300;200	0;0;0	8;12;0	4100032;5112001;4105023;3000003	5;85;20;120000					1	绝境·沉璧·八	絕境·沉璧·八	Abyssal (Obscurity) VIII	絶境・破離Ⅷ	절경·침벽·8	วิกฤต·หยกก้นบึ้ง·8
2368009	368	9	2368008	97877;97878			300;300;200	0;0;0	12;18;0	4100032;5112001;4105023;3000003	5;90;20;130000					1	绝境·沉璧·九	絕境·沉璧·九	Abyssal (Obscurity) IX	絶境・破離Ⅸ	절경·침벽·9	วิกฤต·หยกก้นบึ้ง·9
2368010	368	10	2368009	97879;97880			300;300;200	0;0;0	12;18;0	4100032;5112001;4105023;3000003	5;100;30;150000					1	绝境·沉璧·十	絕境·沉璧·十	Abyssal (Obscurity) X	絶境・破離Ⅹ	절경·침벽·10	วิกฤต·หยกก้นบึ้ง·10
2468001	468	1	0	97881;97882			300;300;200	0;0;0	12;18;0	4100032;5112001;4105023;3000003	5;50;5;50000					1	挑战·沉璧·一	挑戰·沉璧·一	Challenge (Obscurity) I	挑戦・破離Ⅰ	도전·침벽·1	ท้าทาย·หยกก้นบึ้ง·1
2468002	468	2	2468001	97883;97884			300;300;200	0;0;0	12;18;0	4100032;5112001;4105023;3000003	5;55;5;60000					1	挑战·沉璧·二	挑戰·沉璧·二	Challenge (Obscurity) II	挑戦・破離Ⅱ	도전·침벽·2	ท้าทาย·หยกก้นบึ้ง·2
2468003	468	3	2468002	97885;97886						4100032;5112001;4105023;3000003	5;60;5;70000					1	挑战·沉璧·三	挑戰·沉璧·三	Challenge (Obscurity) III	挑戦・破離Ⅲ	도전·침벽·3	ท้าทาย·หยกก้นบึ้ง·3