id	groupId	starLevel	Rewards	ItemNum	status
int	int	int	int	int	int
1	1	3	3000002;5200005;4199001	50;5;5	1
2	1	6	3000002;5200005;4199001	50;5;5	1
3	1	9	3000002;5200005;4199001	50;5;5	1
4	1	12	3000002;5200005;4199001	100;5;5	1
5	1	15	3000002;5200005;4199001	100;5;5	1
6	1	18	3000002;5200005;4199001	100;5;5	1
7	1	21	3000002;5200005;4199001	100;5;5	1
8	1	24	3000002;5200005;4199001	150;5;5	1
9	1	27	3000002;5200005;4199001	150;5;5	1
10	1	30	3000002;5200005;4199001	150;5;5	1
11	101	3	3000002;5200005;4199001	20;1;5	1
12	101	6	3000002;5200005;4199001	20;1;5	1
13	101	9	3000002;5200005;4199001	20;1;5	1
14	101	12	3000002;5200005;4199001	50;1;5	1
15	101	15	3000002;5200005;4199001	50;1;5	1
16	101	18	3000002;5200005;4199001	50;1;5	1
17	101	21	3000002;5200005;4199001	50;1;5	1
18	101	24	3000002;5200005;4199001	80;1;5	1
19	101	27	3000002;5200005;4199001	80;1;5	1
20	101	30	3000002;5200005;4199001	80;1;5	1
21	201	3	3000002;5200005;4199001	50;2;5	1
22	201	6	3000002;5200005;4199001	50;2;5	1
23	201	9	3000002;5200005;4199001	50;2;5	1
24	201	12	3000002;5200005;4199001	80;2;5	1
25	201	15	3000002;5200005;4199001	80;2;5	1
26	201	18	3000002;5200005;4199001	80;2;5	1
27	201	21	3000002;5200005;4199001	80;2;5	1
28	201	24	3000002;5200005;4199001	100;2;5	1
29	201	27	3000002;5200005;4199001	100;2;5	1
30	201	30	3000002;5200005;4199001	100;2;5	1
31	301	3	3000002;5200005;4199001	80;3;5	1
32	301	6	3000002;5200005;4199001	80;3;5	1
33	301	9	3000002;5200005;4199001	80;3;5	1
34	301	12	3000002;5200005;4199001	100;3;5	1
35	301	15	3000002;5200005;4199001	100;3;5	1
36	301	18	3000002;5200005;4199001	100;3;5	1
37	301	21	3000002;5200005;4199001	100;3;5	1
38	301	24	3000002;5200005;4199001	120;3;5	1
39	301	27	3000002;5200005;4199001	120;3;5	1
40	301	30	3000002;5200005;4199001	120;3;5	1
41	102	3	3000002;5200005;4199001	20;1;5	1
42	102	6	3000002;5200005;4199001	20;1;5	1
43	102	9	3000002;5200005;4199001	20;1;5	1
44	102	12	3000002;5200005;4199001	50;1;5	1
45	102	15	3000002;5200005;4199001	50;1;5	1
46	102	18	3000002;5200005;4199001	50;1;5	1
47	102	21	3000002;5200005;4199001	50;1;5	1
48	102	24	3000002;5200005;4199001	80;1;5	1
49	102	27	3000002;5200005;4199001	80;1;5	1
50	102	30	3000002;5200005;4199001	80;1;5	1
51	202	3	3000002;5200005;4199001	50;2;5	1
52	202	6	3000002;5200005;4199001	50;2;5	1
53	202	9	3000002;5200005;4199001	50;2;5	1
54	202	12	3000002;5200005;4199001	80;2;5	1
55	202	15	3000002;5200005;4199001	80;2;5	1
56	202	18	3000002;5200005;4199001	80;2;5	1
57	202	21	3000002;5200005;4199001	80;2;5	1
58	202	24	3000002;5200005;4199001	100;2;5	1
59	202	27	3000002;5200005;4199001	100;2;5	1
60	202	30	3000002;5200005;4199001	100;2;5	1
61	302	3	3000002;5200005;4199001	80;3;5	1
62	302	6	3000002;5200005;4199001	80;3;5	1
63	302	9	3000002;5200005;4199001	80;3;5	1
64	302	12	3000002;5200005;4199001	100;3;5	1
65	302	15	3000002;5200005;4199001	100;3;5	1
66	302	18	3000002;5200005;4199001	100;3;5	1
67	302	21	3000002;5200005;4199001	100;3;5	1
68	302	24	3000002;5200005;4199001	120;3;5	1
69	302	27	3000002;5200005;4199001	120;3;5	1
70	302	30	3000002;5200005;4199001	120;3;5	1
71	103	3	3000002;5200005;4199001	20;1;5	1
72	103	6	3000002;5200005;4199001	20;1;5	1
73	103	9	3000002;5200005;4199001	20;1;5	1
74	103	12	3000002;5200005;4199001	50;1;5	1
75	103	15	3000002;5200005;4199001	50;1;5	1
76	103	18	3000002;5200005;4199001	50;1;5	1
77	103	21	3000002;5200005;4199001	50;1;5	1
78	103	24	3000002;5200005;4199001	80;1;5	1
79	103	27	3000002;5200005;4199001	80;1;5	1
80	103	30	3000002;5200005;4199001	80;1;5	1
81	203	3	3000002;5200005;4199001	50;2;5	1
82	203	6	3000002;5200005;4199001	50;2;5	1
83	203	9	3000002;5200005;4199001	50;2;5	1
84	203	12	3000002;5200005;4199001	80;2;5	1
85	203	15	3000002;5200005;4199001	80;2;5	1
86	203	18	3000002;5200005;4199001	80;2;5	1
87	203	21	3000002;5200005;4199001	80;2;5	1
88	203	24	3000002;5200005;4199001	100;2;5	1
89	203	27	3000002;5200005;4199001	100;2;5	1
90	203	30	3000002;5200005;4199001	100;2;5	1
91	303	3	3000002;5200005;4199001	80;3;5	1
92	303	6	3000002;5200005;4199001	80;3;5	1
93	303	9	3000002;5200005;4199001	80;3;5	1
94	303	12	3000002;5200005;4199001	100;3;5	1
95	303	15	3000002;5200005;4199001	100;3;5	1
96	303	18	3000002;5200005;4199001	100;3;5	1
97	303	21	3000002;5200005;4199001	100;3;5	1
98	303	24	3000002;5200005;4199001	120;3;5	1
99	303	27	3000002;5200005;4199001	120;3;5	1
100	303	30	3000002;5200005;4199001	120;3;5	1
101	104	3	3000002;5200005;4199001	20;1;5	1
102	104	6	3000002;5200005;4199001	20;1;5	1
103	104	9	3000002;5200005;4199001	20;1;5	1
104	104	12	3000002;5200005;4199001	50;1;5	1
105	104	15	3000002;5200005;4199001	50;1;5	1
106	104	18	3000002;5200005;4199001	50;1;5	1
107	104	21	3000002;5200005;4199001	50;1;5	1
108	104	24	3000002;5200005;4199001	80;1;5	1
109	104	27	3000002;5200005;4199001	80;1;5	1
110	104	30	3000002;5200005;4199001	80;1;5	1
111	204	3	3000002;5200005;4199001	50;2;5	1
112	204	6	3000002;5200005;4199001	50;2;5	1
113	204	9	3000002;5200005;4199001	50;2;5	1
114	204	12	3000002;5200005;4199001	80;2;5	1
115	204	15	3000002;5200005;4199001	80;2;5	1
116	204	18	3000002;5200005;4199001	80;2;5	1
117	204	21	3000002;5200005;4199001	80;2;5	1
118	204	24	3000002;5200005;4199001	100;2;5	1
119	204	27	3000002;5200005;4199001	100;2;5	1
120	204	30	3000002;5200005;4199001	100;2;5	1
121	304	3	3000002;5200005;4199001	80;3;5	1
122	304	6	3000002;5200005;4199001	80;3;5	1
123	304	9	3000002;5200005;4199001	80;3;5	1
124	304	12	3000002;5200005;4199001	100;3;5	1
125	304	15	3000002;5200005;4199001	100;3;5	1
126	304	18	3000002;5200005;4199001	100;3;5	1
127	304	21	3000002;5200005;4199001	100;3;5	1
128	304	24	3000002;5200005;4199001	120;3;5	1
129	304	27	3000002;5200005;4199001	120;3;5	1
130	304	30	3000002;5200005;4199001	120;3;5	1
131	105	3	3000002;5200005;4199001	20;1;5	1
132	105	6	3000002;5200005;4199001	20;1;5	1
133	105	9	3000002;5200005;4199001	20;1;5	1
134	105	12	3000002;5200005;4199001	50;1;5	1
135	105	15	3000002;5200005;4199001	50;1;5	1
136	105	18	3000002;5200005;4199001	50;1;5	1
137	105	21	3000002;5200005;4199001	50;1;5	1
138	105	24	3000002;5200005;4199001	80;1;5	1
139	105	27	3000002;5200005;4199001	80;1;5	1
140	105	30	3000002;5200005;4199001	80;1;5	1
141	205	3	3000002;5200005;4199001	50;2;5	1
142	205	6	3000002;5200005;4199001	50;2;5	1
143	205	9	3000002;5200005;4199001	50;2;5	1
144	205	12	3000002;5200005;4199001	80;2;5	1
145	205	15	3000002;5200005;4199001	80;2;5	1
146	205	18	3000002;5200005;4199001	80;2;5	1
147	205	21	3000002;5200005;4199001	80;2;5	1
148	205	24	3000002;5200005;4199001	100;2;5	1
149	205	27	3000002;5200005;4199001	100;2;5	1
150	205	30	3000002;5200005;4199001	100;2;5	1
151	305	3	3000002;5200005;4199001	80;3;5	1
152	305	6	3000002;5200005;4199001	80;3;5	1
153	305	9	3000002;5200005;4199001	80;3;5	1
154	305	12	3000002;5200005;4199001	100;3;5	1
155	305	15	3000002;5200005;4199001	100;3;5	1
156	305	18	3000002;5200005;4199001	100;3;5	1
157	305	21	3000002;5200005;4199001	100;3;5	1
158	305	24	3000002;5200005;4199001	120;3;5	1
159	305	27	3000002;5200005;4199001	120;3;5	1
160	305	30	3000002;5200005;4199001	120;3;5	1
161	106	3	3000002;5200005;4199001	20;1;5	1
162	106	6	3000002;5200005;4199001	20;1;5	1
163	106	9	3000002;5200005;4199001	20;1;5	1
164	106	12	3000002;5200005;4199001	50;1;5	1
165	106	15	3000002;5200005;4199001	50;1;5	1
166	106	18	3000002;5200005;4199001	50;1;5	1
167	106	21	3000002;5200005;4199001	50;1;5	1
168	106	24	3000002;5200005;4199001	80;1;5	1
169	106	27	3000002;5200005;4199001	80;1;5	1
170	106	30	3000002;5200005;4199001	80;1;5	1
171	206	3	3000002;5200005;4199001	50;2;5	1
172	206	6	3000002;5200005;4199001	50;2;5	1
173	206	9	3000002;5200005;4199001	50;2;5	1
174	206	12	3000002;5200005;4199001	80;2;5	1
175	206	15	3000002;5200005;4199001	80;2;5	1
176	206	18	3000002;5200005;4199001	80;2;5	1
177	206	21	3000002;5200005;4199001	80;2;5	1
178	206	24	3000002;5200005;4199001	100;2;5	1
179	206	27	3000002;5200005;4199001	100;2;5	1
180	206	30	3000002;5200005;4199001	100;2;5	1
181	306	3	3000002;5200005;4199001	80;3;5	1
182	306	6	3000002;5200005;4199001	80;3;5	1
183	306	9	3000002;5200005;4199001	80;3;5	1
184	306	12	3000002;5200005;4199001	100;3;5	1
185	306	15	3000002;5200005;4199001	100;3;5	1
186	306	18	3000002;5200005;4199001	100;3;5	1
187	306	21	3000002;5200005;4199001	100;3;5	1
188	306	24	3000002;5200005;4199001	120;3;5	1
189	306	27	3000002;5200005;4199001	120;3;5	1
190	306	30	3000002;5200005;4199001	120;3;5	1
191	107	3	3000002;5200005;4199001	20;1;5	1
192	107	6	3000002;5200005;4199001	20;1;5	1
193	107	9	3000002;5200005;4199001	20;1;5	1
194	107	12	3000002;5200005;4199001	50;1;5	1
195	107	15	3000002;5200005;4199001	50;1;5	1
196	107	18	3000002;5200005;4199001	50;1;5	1
197	107	21	3000002;5200005;4199001	50;1;5	1
198	107	24	3000002;5200005;4199001	80;1;5	1
199	107	27	3000002;5200005;4199001	80;1;5	1
200	107	30	3000002;5200005;4199001	80;1;5	1
201	207	3	3000002;5200005;4199001	50;2;5	1
202	207	6	3000002;5200005;4199001	50;2;5	1
203	207	9	3000002;5200005;4199001	50;2;5	1
204	207	12	3000002;5200005;4199001	80;2;5	1
205	207	15	3000002;5200005;4199001	80;2;5	1
206	207	18	3000002;5200005;4199001	80;2;5	1
207	207	21	3000002;5200005;4199001	80;2;5	1
208	207	24	3000002;5200005;4199001	100;2;5	1
209	207	27	3000002;5200005;4199001	100;2;5	1
210	207	30	3000002;5200005;4199001	100;2;5	1
211	307	3	3000002;5200005;4199001	80;3;5	1
212	307	6	3000002;5200005;4199001	80;3;5	1
213	307	9	3000002;5200005;4199001	80;3;5	1
214	307	12	3000002;5200005;4199001	100;3;5	1
215	307	15	3000002;5200005;4199001	100;3;5	1
216	307	18	3000002;5200005;4199001	100;3;5	1
217	307	21	3000002;5200005;4199001	100;3;5	1
218	307	24	3000002;5200005;4199001	120;3;5	1
219	307	27	3000002;5200005;4199001	120;3;5	1
220	307	30	3000002;5200005;4199001	120;3;5	1
221	108	3	3000002;5200005;4199001	20;1;5	1
222	108	6	3000002;5200005;4199001	20;1;5	1
223	108	9	3000002;5200005;4199001	20;1;5	1
224	108	12	3000002;5200005;4199001	50;1;5	1
225	108	15	3000002;5200005;4199001	50;1;5	1
226	108	18	3000002;5200005;4199001	50;1;5	1
227	108	21	3000002;5200005;4199001	50;1;5	1
228	108	24	3000002;5200005;4199001	80;1;5	1
229	108	27	3000002;5200005;4199001	80;1;5	1
230	108	30	3000002;5200005;4199001	80;1;5	1
231	208	3	3000002;5200005;4199001	50;2;5	1
232	208	6	3000002;5200005;4199001	50;2;5	1
233	208	9	3000002;5200005;4199001	50;2;5	1
234	208	12	3000002;5200005;4199001	80;2;5	1
235	208	15	3000002;5200005;4199001	80;2;5	1
236	208	18	3000002;5200005;4199001	80;2;5	1
237	208	21	3000002;5200005;4199001	80;2;5	1
238	208	24	3000002;5200005;4199001	100;2;5	1
239	208	27	3000002;5200005;4199001	100;2;5	1
240	208	30	3000002;5200005;4199001	100;2;5	1
241	308	3	3000002;5200005;4199001	80;3;5	1
242	308	6	3000002;5200005;4199001	80;3;5	1
243	308	9	3000002;5200005;4199001	80;3;5	1
244	308	12	3000002;5200005;4199001	100;3;5	1
245	308	15	3000002;5200005;4199001	100;3;5	1
246	308	18	3000002;5200005;4199001	100;3;5	1
247	308	21	3000002;5200005;4199001	100;3;5	1
248	308	24	3000002;5200005;4199001	120;3;5	1
249	308	27	3000002;5200005;4199001	120;3;5	1
250	308	30	3000002;5200005;4199001	120;3;5	1
251	109	3	3000002;5200005;4199001	20;1;5	1
252	109	6	3000002;5200005;4199001	20;1;5	1
253	109	9	3000002;5200005;4199001	20;1;5	1
254	109	12	3000002;5200005;4199001	50;1;5	1
255	109	15	3000002;5200005;4199001	50;1;5	1
256	109	18	3000002;5200005;4199001	50;1;5	1
257	109	21	3000002;5200005;4199001	50;1;5	1
258	109	24	3000002;5200005;4199001	80;1;5	1
259	109	27	3000002;5200005;4199001	80;1;5	1
260	109	30	3000002;5200005;4199001	80;1;5	1
261	209	3	3000002;5200005;4199001	50;2;5	1
262	209	6	3000002;5200005;4199001	50;2;5	1
263	209	9	3000002;5200005;4199001	50;2;5	1
264	209	12	3000002;5200005;4199001	80;2;5	1
265	209	15	3000002;5200005;4199001	80;2;5	1
266	209	18	3000002;5200005;4199001	80;2;5	1
267	209	21	3000002;5200005;4199001	80;2;5	1
268	209	24	3000002;5200005;4199001	100;2;5	1
269	209	27	3000002;5200005;4199001	100;2;5	1
270	209	30	3000002;5200005;4199001	100;2;5	1
271	309	3	3000002;5200005;4199001	80;3;5	1
272	309	6	3000002;5200005;4199001	80;3;5	1
273	309	9	3000002;5200005;4199001	80;3;5	1
274	309	12	3000002;5200005;4199001	100;3;5	1
275	309	15	3000002;5200005;4199001	100;3;5	1
276	309	18	3000002;5200005;4199001	100;3;5	1
277	309	21	3000002;5200005;4199001	100;3;5	1
278	309	24	3000002;5200005;4199001	120;3;5	1
279	309	27	3000002;5200005;4199001	120;3;5	1
280	309	30	3000002;5200005;4199001	120;3;5	1
281	110	3	3000002;5200005;4199001	20;1;5	1
282	110	6	3000002;5200005;4199001	20;1;5	1
283	110	9	3000002;5200005;4199001	20;1;5	1
284	110	12	3000002;5200005;4199001	50;1;5	1
285	110	15	3000002;5200005;4199001	50;1;5	1
286	110	18	3000002;5200005;4199001	50;1;5	1
287	110	21	3000002;5200005;4199001	50;1;5	1
288	110	24	3000002;5200005;4199001	80;1;5	1
289	110	27	3000002;5200005;4199001	80;1;5	1
290	110	30	3000002;5200005;4199001	80;1;5	1
291	210	3	3000002;5200005;4199001	50;2;5	1
292	210	6	3000002;5200005;4199001	50;2;5	1
293	210	9	3000002;5200005;4199001	50;2;5	1
294	210	12	3000002;5200005;4199001	80;2;5	1
295	210	15	3000002;5200005;4199001	80;2;5	1
296	210	18	3000002;5200005;4199001	80;2;5	1
297	210	21	3000002;5200005;4199001	80;2;5	1
298	210	24	3000002;5200005;4199001	100;2;5	1
299	210	27	3000002;5200005;4199001	100;2;5	1
300	210	30	3000002;5200005;4199001	100;2;5	1
301	310	3	3000002;5200005;4199001	80;3;5	1
302	310	6	3000002;5200005;4199001	80;3;5	1
303	310	9	3000002;5200005;4199001	80;3;5	1
304	310	12	3000002;5200005;4199001	100;3;5	1
305	310	15	3000002;5200005;4199001	100;3;5	1
306	310	18	3000002;5200005;4199001	100;3;5	1
307	310	21	3000002;5200005;4199001	100;3;5	1
308	310	24	3000002;5200005;4199001	120;3;5	1
309	310	27	3000002;5200005;4199001	120;3;5	1
310	310	30	3000002;5200005;4199001	120;3;5	1
311	111	3	3000002;5200005;4199001	20;1;5	1
312	111	6	3000002;5200005;4199001	20;1;5	1
313	111	9	3000002;5200005;4199001	20;1;5	1
314	111	12	3000002;5200005;4199001	50;1;5	1
315	111	15	3000002;5200005;4199001	50;1;5	1
316	111	18	3000002;5200005;4199001	50;1;5	1
317	111	21	3000002;5200005;4199001	50;1;5	1
318	111	24	3000002;5200005;4199001	80;1;5	1
319	111	27	3000002;5200005;4199001	80;1;5	1
320	111	30	3000002;5200005;4199001	80;1;5	1
321	211	3	3000002;5200005;4199001	50;2;5	1
322	211	6	3000002;5200005;4199001	50;2;5	1
323	211	9	3000002;5200005;4199001	50;2;5	1
324	211	12	3000002;5200005;4199001	80;2;5	1
325	211	15	3000002;5200005;4199001	80;2;5	1
326	211	18	3000002;5200005;4199001	80;2;5	1
327	211	21	3000002;5200005;4199001	80;2;5	1
328	211	24	3000002;5200005;4199001	100;2;5	1
329	211	27	3000002;5200005;4199001	100;2;5	1
330	211	30	3000002;5200005;4199001	100;2;5	1
331	311	3	3000002;5200005;4199001	80;3;5	1
332	311	6	3000002;5200005;4199001	80;3;5	1
333	311	9	3000002;5200005;4199001	80;3;5	1
334	311	12	3000002;5200005;4199001	100;3;5	1
335	311	15	3000002;5200005;4199001	100;3;5	1
336	311	18	3000002;5200005;4199001	100;3;5	1
337	311	21	3000002;5200005;4199001	100;3;5	1
338	311	24	3000002;5200005;4199001	120;3;5	1
339	311	27	3000002;5200005;4199001	120;3;5	1
340	311	30	3000002;5200005;4199001	120;3;5	1
341	112	3	3000002;5200005;4199001	20;1;5	1
342	112	6	3000002;5200005;4199001	20;1;5	1
343	112	9	3000002;5200005;4199001	20;1;5	1
344	112	12	3000002;5200005;4199001	50;1;5	1
345	112	15	3000002;5200005;4199001	50;1;5	1
346	112	18	3000002;5200005;4199001	50;1;5	1
347	112	21	3000002;5200005;4199001	50;1;5	1
348	112	24	3000002;5200005;4199001	80;1;5	1
349	112	27	3000002;5200005;4199001	80;1;5	1
350	112	30	3000002;5200005;4199001	80;1;5	1
351	212	3	3000002;5200005;4199001	50;2;5	1
352	212	6	3000002;5200005;4199001	50;2;5	1
353	212	9	3000002;5200005;4199001	50;2;5	1
354	212	12	3000002;5200005;4199001	80;2;5	1
355	212	15	3000002;5200005;4199001	80;2;5	1
356	212	18	3000002;5200005;4199001	80;2;5	1
357	212	21	3000002;5200005;4199001	80;2;5	1
358	212	24	3000002;5200005;4199001	100;2;5	1
359	212	27	3000002;5200005;4199001	100;2;5	1
360	212	30	3000002;5200005;4199001	100;2;5	1
361	312	3	3000002;5200005;4199001	80;3;5	1
362	312	6	3000002;5200005;4199001	80;3;5	1
363	312	9	3000002;5200005;4199001	80;3;5	1
364	312	12	3000002;5200005;4199001	100;3;5	1
365	312	15	3000002;5200005;4199001	100;3;5	1
366	312	18	3000002;5200005;4199001	100;3;5	1
367	312	21	3000002;5200005;4199001	100;3;5	1
368	312	24	3000002;5200005;4199001	120;3;5	1
369	312	27	3000002;5200005;4199001	120;3;5	1
370	312	30	3000002;5200005;4199001	120;3;5	1
371	113	3	3000002;5200005;4199001	20;1;5	1
372	113	6	3000002;5200005;4199001	20;1;5	1
373	113	9	3000002;5200005;4199001	20;1;5	1
374	113	12	3000002;5200005;4199001	50;1;5	1
375	113	15	3000002;5200005;4199001	50;1;5	1
376	113	18	3000002;5200005;4199001	50;1;5	1
377	113	21	3000002;5200005;4199001	50;1;5	1
378	113	24	3000002;5200005;4199001	80;1;5	1
379	113	27	3000002;5200005;4199001	80;1;5	1
380	113	30	3000002;5200005;4199001	80;1;5	1
381	213	3	3000002;5200005;4199001	50;2;5	1
382	213	6	3000002;5200005;4199001	50;2;5	1
383	213	9	3000002;5200005;4199001	50;2;5	1
384	213	12	3000002;5200005;4199001	80;2;5	1
385	213	15	3000002;5200005;4199001	80;2;5	1
386	213	18	3000002;5200005;4199001	80;2;5	1
387	213	21	3000002;5200005;4199001	80;2;5	1
388	213	24	3000002;5200005;4199001	100;2;5	1
389	213	27	3000002;5200005;4199001	100;2;5	1
390	213	30	3000002;5200005;4199001	100;2;5	1
391	313	3	3000002;5200005;4199001	80;3;5	1
392	313	6	3000002;5200005;4199001	80;3;5	1
393	313	9	3000002;5200005;4199001	80;3;5	1
394	313	12	3000002;5200005;4199001	100;3;5	1
395	313	15	3000002;5200005;4199001	100;3;5	1
396	313	18	3000002;5200005;4199001	100;3;5	1
397	313	21	3000002;5200005;4199001	100;3;5	1
398	313	24	3000002;5200005;4199001	120;3;5	1
399	313	27	3000002;5200005;4199001	120;3;5	1
400	313	30	3000002;5200005;4199001	120;3;5	1
401	114	3	3000002;5200005;4199001	20;1;5	1
402	114	6	3000002;5200005;4199001	20;1;5	1
403	114	9	3000002;5200005;4199001	20;1;5	1
404	114	12	3000002;5200005;4199001	50;1;5	1
405	114	15	3000002;5200005;4199001	50;1;5	1
406	114	18	3000002;5200005;4199001	50;1;5	1
407	114	21	3000002;5200005;4199001	50;1;5	1
408	114	24	3000002;5200005;4199001	80;1;5	1
409	114	27	3000002;5200005;4199001	80;1;5	1
410	114	30	3000002;5200005;4199001	80;1;5	1
411	214	3	3000002;5200005;4199001	50;2;5	1
412	214	6	3000002;5200005;4199001	50;2;5	1
413	214	9	3000002;5200005;4199001	50;2;5	1
414	214	12	3000002;5200005;4199001	80;2;5	1
415	214	15	3000002;5200005;4199001	80;2;5	1
416	214	18	3000002;5200005;4199001	80;2;5	1
417	214	21	3000002;5200005;4199001	80;2;5	1
418	214	24	3000002;5200005;4199001	100;2;5	1
419	214	27	3000002;5200005;4199001	100;2;5	1
420	214	30	3000002;5200005;4199001	100;2;5	1
421	314	3	3000002;5200005;4199001	80;3;5	1
422	314	6	3000002;5200005;4199001	80;3;5	1
423	314	9	3000002;5200005;4199001	80;3;5	1
424	314	12	3000002;5200005;4199001	100;3;5	1
425	314	15	3000002;5200005;4199001	100;3;5	1
426	314	18	3000002;5200005;4199001	100;3;5	1
427	314	21	3000002;5200005;4199001	100;3;5	1
428	314	24	3000002;5200005;4199001	120;3;5	1
429	314	27	3000002;5200005;4199001	120;3;5	1
430	314	30	3000002;5200005;4199001	120;3;5	1
431	115	3	3000002;5200005;4199001	20;1;5	1
432	115	6	3000002;5200005;4199001	20;1;5	1
433	115	9	3000002;5200005;4199001	20;1;5	1
434	115	12	3000002;5200005;4199001	50;1;5	1
435	115	15	3000002;5200005;4199001	50;1;5	1
436	115	18	3000002;5200005;4199001	50;1;5	1
437	115	21	3000002;5200005;4199001	50;1;5	1
438	115	24	3000002;5200005;4199001	80;1;5	1
439	115	27	3000002;5200005;4199001	80;1;5	1
440	115	30	3000002;5200005;4199001	80;1;5	1
441	215	3	3000002;5200005;4199001	50;2;5	1
442	215	6	3000002;5200005;4199001	50;2;5	1
443	215	9	3000002;5200005;4199001	50;2;5	1
444	215	12	3000002;5200005;4199001	80;2;5	1
445	215	15	3000002;5200005;4199001	80;2;5	1
446	215	18	3000002;5200005;4199001	80;2;5	1
447	215	21	3000002;5200005;4199001	80;2;5	1
448	215	24	3000002;5200005;4199001	100;2;5	1
449	215	27	3000002;5200005;4199001	100;2;5	1
450	215	30	3000002;5200005;4199001	100;2;5	1
451	315	3	3000002;5200005;4199001	80;3;5	1
452	315	6	3000002;5200005;4199001	80;3;5	1
453	315	9	3000002;5200005;4199001	80;3;5	1
454	315	12	3000002;5200005;4199001	100;3;5	1
455	315	15	3000002;5200005;4199001	100;3;5	1
456	315	18	3000002;5200005;4199001	100;3;5	1
457	315	21	3000002;5200005;4199001	100;3;5	1
458	315	24	3000002;5200005;4199001	120;3;5	1
459	315	27	3000002;5200005;4199001	120;3;5	1
460	315	30	3000002;5200005;4199001	120;3;5	1
461	116	3	3000002;5200005;4199001	20;1;5	1
462	116	6	3000002;5200005;4199001	20;1;5	1
463	116	9	3000002;5200005;4199001	20;1;5	1
464	116	12	3000002;5200005;4199001	50;1;5	1
465	116	15	3000002;5200005;4199001	50;1;5	1
466	116	18	3000002;5200005;4199001	50;1;5	1
467	116	21	3000002;5200005;4199001	50;1;5	1
468	116	24	3000002;5200005;4199001	80;1;5	1
469	116	27	3000002;5200005;4199001	80;1;5	1
470	116	30	3000002;5200005;4199001	80;1;5	1
471	216	3	3000002;5200005;4199001	50;2;5	1
472	216	6	3000002;5200005;4199001	50;2;5	1
473	216	9	3000002;5200005;4199001	50;2;5	1
474	216	12	3000002;5200005;4199001	80;2;5	1
475	216	15	3000002;5200005;4199001	80;2;5	1
476	216	18	3000002;5200005;4199001	80;2;5	1
477	216	21	3000002;5200005;4199001	80;2;5	1
478	216	24	3000002;5200005;4199001	100;2;5	1
479	216	27	3000002;5200005;4199001	100;2;5	1
480	216	30	3000002;5200005;4199001	100;2;5	1
481	316	3	3000002;5200005;4199001	80;3;5	1
482	316	6	3000002;5200005;4199001	80;3;5	1
483	316	9	3000002;5200005;4199001	80;3;5	1
484	316	12	3000002;5200005;4199001	100;3;5	1
485	316	15	3000002;5200005;4199001	100;3;5	1
486	316	18	3000002;5200005;4199001	100;3;5	1
487	316	21	3000002;5200005;4199001	100;3;5	1
488	316	24	3000002;5200005;4199001	120;3;5	1
489	316	27	3000002;5200005;4199001	120;3;5	1
490	316	30	3000002;5200005;4199001	120;3;5	1
491	117	3	3000002;5200005;4199001	20;1;5	1
492	117	6	3000002;5200005;4199001	20;1;5	1
493	117	9	3000002;5200005;4199001	20;1;5	1
494	117	12	3000002;5200005;4199001	50;1;5	1
495	117	15	3000002;5200005;4199001	50;1;5	1
496	117	18	3000002;5200005;4199001	50;1;5	1
497	117	21	3000002;5200005;4199001	50;1;5	1
498	117	24	3000002;5200005;4199001	80;1;5	1
499	117	27	3000002;5200005;4199001	80;1;5	1
500	117	30	3000002;5200005;4199001	80;1;5	1
501	217	3	3000002;5200005;4199001	50;2;5	1
502	217	6	3000002;5200005;4199001	50;2;5	1
503	217	9	3000002;5200005;4199001	50;2;5	1
504	217	12	3000002;5200005;4199001	80;2;5	1
505	217	15	3000002;5200005;4199001	80;2;5	1
506	217	18	3000002;5200005;4199001	80;2;5	1
507	217	21	3000002;5200005;4199001	80;2;5	1
508	217	24	3000002;5200005;4199001	100;2;5	1
509	217	27	3000002;5200005;4199001	100;2;5	1
510	217	30	3000002;5200005;4199001	100;2;5	1
511	317	3	3000002;5200005;4199001	80;3;5	1
512	317	6	3000002;5200005;4199001	80;3;5	1
513	317	9	3000002;5200005;4199001	80;3;5	1
514	317	12	3000002;5200005;4199001	100;3;5	1
515	317	15	3000002;5200005;4199001	100;3;5	1
516	317	18	3000002;5200005;4199001	100;3;5	1
517	317	21	3000002;5200005;4199001	100;3;5	1
518	317	24	3000002;5200005;4199001	120;3;5	1
519	317	27	3000002;5200005;4199001	120;3;5	1
520	317	30	3000002;5200005;4199001	120;3;5	1
521	118	3	3000002;5200005;4199001	20;1;5	1
522	118	6	3000002;5200005;4199001	20;1;5	1
523	118	9	3000002;5200005;4199001	20;1;5	1
524	118	12	3000002;5200005;4199001	50;1;5	1
525	118	15	3000002;5200005;4199001	50;1;5	1
526	118	18	3000002;5200005;4199001	50;1;5	1
527	118	21	3000002;5200005;4199001	50;1;5	1
528	118	24	3000002;5200005;4199001	80;1;5	1
529	118	27	3000002;5200005;4199001	80;1;5	1
530	118	30	3000002;5200005;4199001	80;1;5	1
531	218	3	3000002;5200005;4199001	50;2;5	1
532	218	6	3000002;5200005;4199001	50;2;5	1
533	218	9	3000002;5200005;4199001	50;2;5	1
534	218	12	3000002;5200005;4199001	80;2;5	1
535	218	15	3000002;5200005;4199001	80;2;5	1
536	218	18	3000002;5200005;4199001	80;2;5	1
537	218	21	3000002;5200005;4199001	80;2;5	1
538	218	24	3000002;5200005;4199001	100;2;5	1
539	218	27	3000002;5200005;4199001	100;2;5	1
540	218	30	3000002;5200005;4199001	100;2;5	1
541	318	3	3000002;5200005;4199001	80;3;5	1
542	318	6	3000002;5200005;4199001	80;3;5	1
543	318	9	3000002;5200005;4199001	80;3;5	1
544	318	12	3000002;5200005;4199001	100;3;5	1
545	318	15	3000002;5200005;4199001	100;3;5	1
546	318	18	3000002;5200005;4199001	100;3;5	1
547	318	21	3000002;5200005;4199001	100;3;5	1
548	318	24	3000002;5200005;4199001	120;3;5	1
549	318	27	3000002;5200005;4199001	120;3;5	1
550	318	30	3000002;5200005;4199001	120;3;5	1
551	119	3	3000002;5200005;4199001	20;1;5	1
552	119	6	3000002;5200005;4199001	20;1;5	1
553	119	9	3000002;5200005;4199001	20;1;5	1
554	119	12	3000002;5200005;4199001	50;1;5	1
555	119	15	3000002;5200005;4199001	50;1;5	1
556	119	18	3000002;5200005;4199001	50;1;5	1
557	119	21	3000002;5200005;4199001	50;1;5	1
558	119	24	3000002;5200005;4199001	80;1;5	1
559	119	27	3000002;5200005;4199001	80;1;5	1
560	119	30	3000002;5200005;4199001	80;1;5	1
561	219	3	3000002;5200005;4199001	50;2;5	1
562	219	6	3000002;5200005;4199001	50;2;5	1
563	219	9	3000002;5200005;4199001	50;2;5	1
564	219	12	3000002;5200005;4199001	80;2;5	1
565	219	15	3000002;5200005;4199001	80;2;5	1
566	219	18	3000002;5200005;4199001	80;2;5	1
567	219	21	3000002;5200005;4199001	80;2;5	1
568	219	24	3000002;5200005;4199001	100;2;5	1
569	219	27	3000002;5200005;4199001	100;2;5	1
570	219	30	3000002;5200005;4199001	100;2;5	1
571	319	3	3000002;5200005;4199001	80;3;5	1
572	319	6	3000002;5200005;4199001	80;3;5	1
573	319	9	3000002;5200005;4199001	80;3;5	1
574	319	12	3000002;5200005;4199001	100;3;5	1
575	319	15	3000002;5200005;4199001	100;3;5	1
576	319	18	3000002;5200005;4199001	100;3;5	1
577	319	21	3000002;5200005;4199001	100;3;5	1
578	319	24	3000002;5200005;4199001	120;3;5	1
579	319	27	3000002;5200005;4199001	120;3;5	1
580	319	30	3000002;5200005;4199001	120;3;5	1
581	120	3	3000002;5200005;4199001	20;1;5	1
582	120	6	3000002;5200005;4199001	20;1;5	1
583	120	9	3000002;5200005;4199001	20;1;5	1
584	120	12	3000002;5200005;4199001	50;1;5	1
585	120	15	3000002;5200005;4199001	50;1;5	1
586	120	18	3000002;5200005;4199001	50;1;5	1
587	120	21	3000002;5200005;4199001	50;1;5	1
588	120	24	3000002;5200005;4199001	80;1;5	1
589	120	27	3000002;5200005;4199001	80;1;5	1
590	120	30	3000002;5200005;4199001	80;1;5	1
591	220	3	3000002;5200005;4199001	50;2;5	1
592	220	6	3000002;5200005;4199001	50;2;5	1
593	220	9	3000002;5200005;4199001	50;2;5	1
594	220	12	3000002;5200005;4199001	80;2;5	1
595	220	15	3000002;5200005;4199001	80;2;5	1
596	220	18	3000002;5200005;4199001	80;2;5	1
597	220	21	3000002;5200005;4199001	80;2;5	1
598	220	24	3000002;5200005;4199001	100;2;5	1
599	220	27	3000002;5200005;4199001	100;2;5	1
600	220	30	3000002;5200005;4199001	100;2;5	1
601	320	3	3000002;5200005;4199001	80;3;5	1
602	320	6	3000002;5200005;4199001	80;3;5	1
603	320	9	3000002;5200005;4199001	80;3;5	1
604	320	12	3000002;5200005;4199001	100;3;5	1
605	320	15	3000002;5200005;4199001	100;3;5	1
606	320	18	3000002;5200005;4199001	100;3;5	1
607	320	21	3000002;5200005;4199001	100;3;5	1
608	320	24	3000002;5200005;4199001	120;3;5	1
609	320	27	3000002;5200005;4199001	120;3;5	1
610	320	30	3000002;5200005;4199001	120;3;5	1
611	121	3	3000002;5200005;4199001	20;1;5	1
612	121	6	3000002;5200005;4199001	20;1;5	1
613	121	9	3000002;5200005;4199001	20;1;5	1
614	121	12	3000002;5200005;4199001	50;1;5	1
615	121	15	3000002;5200005;4199001	50;1;5	1
616	121	18	3000002;5200005;4199001	50;1;5	1
617	121	21	3000002;5200005;4199001	50;1;5	1
618	121	24	3000002;5200005;4199001	80;1;5	1
619	121	27	3000002;5200005;4199001	80;1;5	1
620	121	30	3000002;5200005;4199001	80;1;5	1
621	221	3	3000002;5200005;4199001	50;2;5	1
622	221	6	3000002;5200005;4199001	50;2;5	1
623	221	9	3000002;5200005;4199001	50;2;5	1
624	221	12	3000002;5200005;4199001	80;2;5	1
625	221	15	3000002;5200005;4199001	80;2;5	1
626	221	18	3000002;5200005;4199001	80;2;5	1
627	221	21	3000002;5200005;4199001	80;2;5	1
628	221	24	3000002;5200005;4199001	100;2;5	1
629	221	27	3000002;5200005;4199001	100;2;5	1
630	221	30	3000002;5200005;4199001	100;2;5	1
631	321	3	3000002;5200005;4199001	80;3;5	1
632	321	6	3000002;5200005;4199001	80;3;5	1
633	321	9	3000002;5200005;4199001	80;3;5	1
634	321	12	3000002;5200005;4199001	100;3;5	1
635	321	15	3000002;5200005;4199001	100;3;5	1
636	321	18	3000002;5200005;4199001	100;3;5	1
637	321	21	3000002;5200005;4199001	100;3;5	1
638	321	24	3000002;5200005;4199001	120;3;5	1
639	321	27	3000002;5200005;4199001	120;3;5	1
640	321	30	3000002;5200005;4199001	120;3;5	1
641	122	3	3000002;5200005;4199001	20;1;5	1
642	122	6	3000002;5200005;4199001	20;1;5	1
643	122	9	3000002;5200005;4199001	20;1;5	1
644	122	12	3000002;5200005;4199001	50;1;5	1
645	122	15	3000002;5200005;4199001	50;1;5	1
646	122	18	3000002;5200005;4199001	50;1;5	1
647	122	21	3000002;5200005;4199001	50;1;5	1
648	122	24	3000002;5200005;4199001	80;1;5	1
649	122	27	3000002;5200005;4199001	80;1;5	1
650	122	30	3000002;5200005;4199001	80;1;5	1
651	222	3	3000002;5200005;4199001	50;2;5	1
652	222	6	3000002;5200005;4199001	50;2;5	1
653	222	9	3000002;5200005;4199001	50;2;5	1
654	222	12	3000002;5200005;4199001	80;2;5	1
655	222	15	3000002;5200005;4199001	80;2;5	1
656	222	18	3000002;5200005;4199001	80;2;5	1
657	222	21	3000002;5200005;4199001	80;2;5	1
658	222	24	3000002;5200005;4199001	100;2;5	1
659	222	27	3000002;5200005;4199001	100;2;5	1
660	222	30	3000002;5200005;4199001	100;2;5	1
661	322	3	3000002;5200005;4199001	80;3;5	1
662	322	6	3000002;5200005;4199001	80;3;5	1
663	322	9	3000002;5200005;4199001	80;3;5	1
664	322	12	3000002;5200005;4199001	100;3;5	1
665	322	15	3000002;5200005;4199001	100;3;5	1
666	322	18	3000002;5200005;4199001	100;3;5	1
667	322	21	3000002;5200005;4199001	100;3;5	1
668	322	24	3000002;5200005;4199001	120;3;5	1
669	322	27	3000002;5200005;4199001	120;3;5	1
670	322	30	3000002;5200005;4199001	120;3;5	1
671	123	3	3000002;5200005;4199001	20;1;5	1
672	123	6	3000002;5200005;4199001	20;1;5	1
673	123	9	3000002;5200005;4199001	20;1;5	1
674	123	12	3000002;5200005;4199001	50;1;5	1
675	123	15	3000002;5200005;4199001	50;1;5	1
676	123	18	3000002;5200005;4199001	50;1;5	1
677	123	21	3000002;5200005;4199001	50;1;5	1
678	123	24	3000002;5200005;4199001	80;1;5	1
679	123	27	3000002;5200005;4199001	80;1;5	1
680	123	30	3000002;5200005;4199001	80;1;5	1
681	223	3	3000002;5200005;4199001	50;2;5	1
682	223	6	3000002;5200005;4199001	50;2;5	1
683	223	9	3000002;5200005;4199001	50;2;5	1
684	223	12	3000002;5200005;4199001	80;2;5	1
685	223	15	3000002;5200005;4199001	80;2;5	1
686	223	18	3000002;5200005;4199001	80;2;5	1
687	223	21	3000002;5200005;4199001	80;2;5	1
688	223	24	3000002;5200005;4199001	100;2;5	1
689	223	27	3000002;5200005;4199001	100;2;5	1
690	223	30	3000002;5200005;4199001	100;2;5	1
691	323	3	3000002;5200005;4199001	80;3;5	1
692	323	6	3000002;5200005;4199001	80;3;5	1
693	323	9	3000002;5200005;4199001	80;3;5	1
694	323	12	3000002;5200005;4199001	100;3;5	1
695	323	15	3000002;5200005;4199001	100;3;5	1
696	323	18	3000002;5200005;4199001	100;3;5	1
697	323	21	3000002;5200005;4199001	100;3;5	1
698	323	24	3000002;5200005;4199001	120;3;5	1
699	323	27	3000002;5200005;4199001	120;3;5	1
700	323	30	3000002;5200005;4199001	120;3;5	1
701	124	3	3000002;5200005;4199001	20;1;5	1
702	124	6	3000002;5200005;4199001	20;1;5	1
703	124	9	3000002;5200005;4199001	20;1;5	1
704	124	12	3000002;5200005;4199001	50;1;5	1
705	124	15	3000002;5200005;4199001	50;1;5	1
706	124	18	3000002;5200005;4199001	50;1;5	1
707	124	21	3000002;5200005;4199001	50;1;5	1
708	124	24	3000002;5200005;4199001	80;1;5	1
709	124	27	3000002;5200005;4199001	80;1;5	1
710	124	30	3000002;5200005;4199001	80;1;5	1
711	224	3	3000002;5200005;4199001	50;2;5	1
712	224	6	3000002;5200005;4199001	50;2;5	1
713	224	9	3000002;5200005;4199001	50;2;5	1
714	224	12	3000002;5200005;4199001	80;2;5	1
715	224	15	3000002;5200005;4199001	80;2;5	1
716	224	18	3000002;5200005;4199001	80;2;5	1
717	224	21	3000002;5200005;4199001	80;2;5	1
718	224	24	3000002;5200005;4199001	100;2;5	1
719	224	27	3000002;5200005;4199001	100;2;5	1
720	224	30	3000002;5200005;4199001	100;2;5	1
721	324	3	3000002;5200005;4199001	80;3;5	1
722	324	6	3000002;5200005;4199001	80;3;5	1
723	324	9	3000002;5200005;4199001	80;3;5	1
724	324	12	3000002;5200005;4199001	100;3;5	1
725	324	15	3000002;5200005;4199001	100;3;5	1
726	324	18	3000002;5200005;4199001	100;3;5	1
727	324	21	3000002;5200005;4199001	100;3;5	1
728	324	24	3000002;5200005;4199001	120;3;5	1
729	324	27	3000002;5200005;4199001	120;3;5	1
730	324	30	3000002;5200005;4199001	120;3;5	1
731	125	3	3000002;5200005;4199001	20;1;5	1
732	125	6	3000002;5200005;4199001	20;1;5	1
733	125	9	3000002;5200005;4199001	20;1;5	1
734	125	12	3000002;5200005;4199001	50;1;5	1
735	125	15	3000002;5200005;4199001	50;1;5	1
736	125	18	3000002;5200005;4199001	50;1;5	1
737	125	21	3000002;5200005;4199001	50;1;5	1
738	125	24	3000002;5200005;4199001	80;1;5	1
739	125	27	3000002;5200005;4199001	80;1;5	1
740	125	30	3000002;5200005;4199001	80;1;5	1
741	225	3	3000002;5200005;4199001	50;2;5	1
742	225	6	3000002;5200005;4199001	50;2;5	1
743	225	9	3000002;5200005;4199001	50;2;5	1
744	225	12	3000002;5200005;4199001	80;2;5	1
745	225	15	3000002;5200005;4199001	80;2;5	1
746	225	18	3000002;5200005;4199001	80;2;5	1
747	225	21	3000002;5200005;4199001	80;2;5	1
748	225	24	3000002;5200005;4199001	100;2;5	1
749	225	27	3000002;5200005;4199001	100;2;5	1
750	225	30	3000002;5200005;4199001	100;2;5	1
751	325	3	3000002;5200005;4199001	80;3;5	1
752	325	6	3000002;5200005;4199001	80;3;5	1
753	325	9	3000002;5200005;4199001	80;3;5	1
754	325	12	3000002;5200005;4199001	100;3;5	1
755	325	15	3000002;5200005;4199001	100;3;5	1
756	325	18	3000002;5200005;4199001	100;3;5	1
757	325	21	3000002;5200005;4199001	100;3;5	1
758	325	24	3000002;5200005;4199001	120;3;5	1
759	325	27	3000002;5200005;4199001	120;3;5	1
760	325	30	3000002;5200005;4199001	120;3;5	1
761	126	3	3000002;5200005;4199001	20;1;5	1
762	126	6	3000002;5200005;4199001	20;1;5	1
763	126	9	3000002;5200005;4199001	20;1;5	1
764	126	12	3000002;5200005;4199001	50;1;5	1
765	126	15	3000002;5200005;4199001	50;1;5	1
766	126	18	3000002;5200005;4199001	50;1;5	1
767	126	21	3000002;5200005;4199001	50;1;5	1
768	126	24	3000002;5200005;4199001	80;1;5	1
769	126	27	3000002;5200005;4199001	80;1;5	1
770	126	30	3000002;5200005;4199001	80;1;5	1
771	226	3	3000002;5200005;4199001	50;2;5	1
772	226	6	3000002;5200005;4199001	50;2;5	1
773	226	9	3000002;5200005;4199001	50;2;5	1
774	226	12	3000002;5200005;4199001	80;2;5	1
775	226	15	3000002;5200005;4199001	80;2;5	1
776	226	18	3000002;5200005;4199001	80;2;5	1
777	226	21	3000002;5200005;4199001	80;2;5	1
778	226	24	3000002;5200005;4199001	100;2;5	1
779	226	27	3000002;5200005;4199001	100;2;5	1
780	226	30	3000002;5200005;4199001	100;2;5	1
781	326	3	3000002;5200005;4199001	80;3;5	1
782	326	6	3000002;5200005;4199001	80;3;5	1
783	326	9	3000002;5200005;4199001	80;3;5	1
784	326	12	3000002;5200005;4199001	100;3;5	1
785	326	15	3000002;5200005;4199001	100;3;5	1
786	326	18	3000002;5200005;4199001	100;3;5	1
787	326	21	3000002;5200005;4199001	100;3;5	1
788	326	24	3000002;5200005;4199001	120;3;5	1
789	326	27	3000002;5200005;4199001	120;3;5	1
790	326	30	3000002;5200005;4199001	120;3;5	1
791	127	3	3000002;5200005;4199001	20;1;5	1
792	127	6	3000002;5200005;4199001	20;1;5	1
793	127	9	3000002;5200005;4199001	20;1;5	1
794	127	12	3000002;5200005;4199001	50;1;5	1
795	127	15	3000002;5200005;4199001	50;1;5	1
796	127	18	3000002;5200005;4199001	50;1;5	1
797	127	21	3000002;5200005;4199001	50;1;5	1
798	127	24	3000002;5200005;4199001	80;1;5	1
799	127	27	3000002;5200005;4199001	80;1;5	1
800	127	30	3000002;5200005;4199001	80;1;5	1
801	227	3	3000002;5200005;4199001	50;2;5	1
802	227	6	3000002;5200005;4199001	50;2;5	1
803	227	9	3000002;5200005;4199001	50;2;5	1
804	227	12	3000002;5200005;4199001	80;2;5	1
805	227	15	3000002;5200005;4199001	80;2;5	1
806	227	18	3000002;5200005;4199001	80;2;5	1
807	227	21	3000002;5200005;4199001	80;2;5	1
808	227	24	3000002;5200005;4199001	100;2;5	1
809	227	27	3000002;5200005;4199001	100;2;5	1
810	227	30	3000002;5200005;4199001	100;2;5	1
811	327	3	3000002;5200005;4199001	80;3;5	1
812	327	6	3000002;5200005;4199001	80;3;5	1
813	327	9	3000002;5200005;4199001	80;3;5	1
814	327	12	3000002;5200005;4199001	100;3;5	1
815	327	15	3000002;5200005;4199001	100;3;5	1
816	327	18	3000002;5200005;4199001	100;3;5	1
817	327	21	3000002;5200005;4199001	100;3;5	1
818	327	24	3000002;5200005;4199001	120;3;5	1
819	327	27	3000002;5200005;4199001	120;3;5	1
820	327	30	3000002;5200005;4199001	120;3;5	1
821	128	3	3000002;5200005;4199001	20;1;5	1
822	128	6	3000002;5200005;4199001	20;1;5	1
823	128	9	3000002;5200005;4199001	20;1;5	1
824	128	12	3000002;5200005;4199001	50;1;5	1
825	128	15	3000002;5200005;4199001	50;1;5	1
826	128	18	3000002;5200005;4199001	50;1;5	1
827	128	21	3000002;5200005;4199001	50;1;5	1
828	128	24	3000002;5200005;4199001	80;1;5	1
829	128	27	3000002;5200005;4199001	80;1;5	1
830	128	30	3000002;5200005;4199001	80;1;5	1
831	228	3	3000002;5200005;4199001	50;2;5	1
832	228	6	3000002;5200005;4199001	50;2;5	1
833	228	9	3000002;5200005;4199001	50;2;5	1
834	228	12	3000002;5200005;4199001	80;2;5	1
835	228	15	3000002;5200005;4199001	80;2;5	1
836	228	18	3000002;5200005;4199001	80;2;5	1
837	228	21	3000002;5200005;4199001	80;2;5	1
838	228	24	3000002;5200005;4199001	100;2;5	1
839	228	27	3000002;5200005;4199001	100;2;5	1
840	228	30	3000002;5200005;4199001	100;2;5	1
841	328	3	3000002;5200005;4199001	80;3;5	1
842	328	6	3000002;5200005;4199001	80;3;5	1
843	328	9	3000002;5200005;4199001	80;3;5	1
844	328	12	3000002;5200005;4199001	100;3;5	1
845	328	15	3000002;5200005;4199001	100;3;5	1
846	328	18	3000002;5200005;4199001	100;3;5	1
847	328	21	3000002;5200005;4199001	100;3;5	1
848	328	24	3000002;5200005;4199001	120;3;5	1
849	328	27	3000002;5200005;4199001	120;3;5	1
850	328	30	3000002;5200005;4199001	120;3;5	1
851	129	3	3000002;5200005;4199001	20;1;5	1
852	129	6	3000002;5200005;4199001	20;1;5	1
853	129	9	3000002;5200005;4199001	20;1;5	1
854	129	12	3000002;5200005;4199001	50;1;5	1
855	129	15	3000002;5200005;4199001	50;1;5	1
856	129	18	3000002;5200005;4199001	50;1;5	1
857	129	21	3000002;5200005;4199001	50;1;5	1
858	129	24	3000002;5200005;4199001	80;1;5	1
859	129	27	3000002;5200005;4199001	80;1;5	1
860	129	30	3000002;5200005;4199001	80;1;5	1
861	229	3	3000002;5200005;4199001	50;2;5	1
862	229	6	3000002;5200005;4199001	50;2;5	1
863	229	9	3000002;5200005;4199001	50;2;5	1
864	229	12	3000002;5200005;4199001	80;2;5	1
865	229	15	3000002;5200005;4199001	80;2;5	1
866	229	18	3000002;5200005;4199001	80;2;5	1
867	229	21	3000002;5200005;4199001	80;2;5	1
868	229	24	3000002;5200005;4199001	100;2;5	1
869	229	27	3000002;5200005;4199001	100;2;5	1
870	229	30	3000002;5200005;4199001	100;2;5	1
871	329	3	3000002;5200005;4199001	80;3;5	1
872	329	6	3000002;5200005;4199001	80;3;5	1
873	329	9	3000002;5200005;4199001	80;3;5	1
874	329	12	3000002;5200005;4199001	100;3;5	1
875	329	15	3000002;5200005;4199001	100;3;5	1
876	329	18	3000002;5200005;4199001	100;3;5	1
877	329	21	3000002;5200005;4199001	100;3;5	1
878	329	24	3000002;5200005;4199001	120;3;5	1
879	329	27	3000002;5200005;4199001	120;3;5	1
880	329	30	3000002;5200005;4199001	120;3;5	1
881	130	3	3000002;5200005;4199001	20;1;5	1
882	130	6	3000002;5200005;4199001	20;1;5	1
883	130	9	3000002;5200005;4199001	20;1;5	1
884	130	12	3000002;5200005;4199001	50;1;5	1
885	130	15	3000002;5200005;4199001	50;1;5	1
886	130	18	3000002;5200005;4199001	50;1;5	1
887	130	21	3000002;5200005;4199001	50;1;5	1
888	130	24	3000002;5200005;4199001	80;1;5	1
889	130	27	3000002;5200005;4199001	80;1;5	1
890	130	30	3000002;5200005;4199001	80;1;5	1
891	230	3	3000002;5200005;4199001	50;2;5	1
892	230	6	3000002;5200005;4199001	50;2;5	1
893	230	9	3000002;5200005;4199001	50;2;5	1
894	230	12	3000002;5200005;4199001	80;2;5	1
895	230	15	3000002;5200005;4199001	80;2;5	1
896	230	18	3000002;5200005;4199001	80;2;5	1
897	230	21	3000002;5200005;4199001	80;2;5	1
898	230	24	3000002;5200005;4199001	100;2;5	1
899	230	27	3000002;5200005;4199001	100;2;5	1
900	230	30	3000002;5200005;4199001	100;2;5	1
901	330	3	3000002;5200005;4199001	80;3;5	1
902	330	6	3000002;5200005;4199001	80;3;5	1
903	330	9	3000002;5200005;4199001	80;3;5	1
904	330	12	3000002;5200005;4199001	100;3;5	1
905	330	15	3000002;5200005;4199001	100;3;5	1
906	330	18	3000002;5200005;4199001	100;3;5	1
907	330	21	3000002;5200005;4199001	100;3;5	1
908	330	24	3000002;5200005;4199001	120;3;5	1
909	330	27	3000002;5200005;4199001	120;3;5	1
910	330	30	3000002;5200005;4199001	120;3;5	1
911	131	3	3000002;5200005;4199001	20;1;5	1
912	131	6	3000002;5200005;4199001	20;1;5	1
913	131	9	3000002;5200005;4199001	20;1;5	1
914	131	12	3000002;5200005;4199001	50;1;5	1
915	131	15	3000002;5200005;4199001	50;1;5	1
916	131	18	3000002;5200005;4199001	50;1;5	1
917	131	21	3000002;5200005;4199001	50;1;5	1
918	131	24	3000002;5200005;4199001	80;1;5	1
919	131	27	3000002;5200005;4199001	80;1;5	1
920	131	30	3000002;5200005;4199001	80;1;5	1
921	231	3	3000002;5200005;4199001	50;2;5	1
922	231	6	3000002;5200005;4199001	50;2;5	1
923	231	9	3000002;5200005;4199001	50;2;5	1
924	231	12	3000002;5200005;4199001	80;2;5	1
925	231	15	3000002;5200005;4199001	80;2;5	1
926	231	18	3000002;5200005;4199001	80;2;5	1
927	231	21	3000002;5200005;4199001	80;2;5	1
928	231	24	3000002;5200005;4199001	100;2;5	1
929	231	27	3000002;5200005;4199001	100;2;5	1
930	231	30	3000002;5200005;4199001	100;2;5	1
931	331	3	3000002;5200005;4199001	80;3;5	1
932	331	6	3000002;5200005;4199001	80;3;5	1
933	331	9	3000002;5200005;4199001	80;3;5	1
934	331	12	3000002;5200005;4199001	100;3;5	1
935	331	15	3000002;5200005;4199001	100;3;5	1
936	331	18	3000002;5200005;4199001	100;3;5	1
937	331	21	3000002;5200005;4199001	100;3;5	1
938	331	24	3000002;5200005;4199001	120;3;5	1
939	331	27	3000002;5200005;4199001	120;3;5	1
940	331	30	3000002;5200005;4199001	120;3;5	1
941	431	1	4197005;4100032;4199001	1;5;5	1
942	431	2	4197005;4100032;4199001	1;5;5	1
943	431	3	4197005;4100032;4199001	2;5;5	1
944	431	4	4197005;4100032;4199001	1;5;5	1
945	431	5	4197005;4100032;4199001	1;5;5	1
946	431	6	4197005;4100032;4199001	2;5;5	1
947	132	3	3000002;5200005;4199001	20;1;5	1
948	132	6	3000002;5200005;4199001	20;1;5	1
949	132	9	3000002;5200005;4199001	20;1;5	1
950	132	12	3000002;5200005;4199001	50;1;5	1
951	132	15	3000002;5200005;4199001	50;1;5	1
952	132	18	3000002;5200005;4199001	50;1;5	1
953	132	21	3000002;5200005;4199001	50;1;5	1
954	132	24	3000002;5200005;4199001	80;1;5	1
955	132	27	3000002;5200005;4199001	80;1;5	1
956	132	30	3000002;5200005;4199001	80;1;5	1
957	232	3	3000002;5200005;4199001	50;2;5	1
958	232	6	3000002;5200005;4199001	50;2;5	1
959	232	9	3000002;5200005;4199001	50;2;5	1
960	232	12	3000002;5200005;4199001	80;2;5	1
961	232	15	3000002;5200005;4199001	80;2;5	1
962	232	18	3000002;5200005;4199001	80;2;5	1
963	232	21	3000002;5200005;4199001	80;2;5	1
964	232	24	3000002;5200005;4199001	100;2;5	1
965	232	27	3000002;5200005;4199001	100;2;5	1
966	232	30	3000002;5200005;4199001	100;2;5	1
967	332	3	3000002;5200005;4199001	80;3;5	1
968	332	6	3000002;5200005;4199001	80;3;5	1
969	332	9	3000002;5200005;4199001	80;3;5	1
970	332	12	3000002;5200005;4199001	100;3;5	1
971	332	15	3000002;5200005;4199001	100;3;5	1
972	332	18	3000002;5200005;4199001	100;3;5	1
973	332	21	3000002;5200005;4199001	100;3;5	1
974	332	24	3000002;5200005;4199001	120;3;5	1
975	332	27	3000002;5200005;4199001	120;3;5	1
976	332	30	3000002;5200005;4199001	120;3;5	1
977	432	1	4197005;4100032;4199001	1;5;5	1
978	432	2	4197005;4100032;4199001	1;5;5	1
979	432	3	4197005;4100032;4199001	2;5;5	1
980	432	4	4197005;4100032;4199001	1;5;5	1
981	432	5	4197005;4100032;4199001	1;5;5	1
982	432	6	4197005;4100032;4199001	2;5;5	1
983	133	3	3000002;5200005;4199001	20;1;5	1
984	133	6	3000002;5200005;4199001	20;1;5	1
985	133	9	3000002;5200005;4199001	20;1;5	1
986	133	12	3000002;5200005;4199001	50;1;5	1
987	133	15	3000002;5200005;4199001	50;1;5	1
988	133	18	3000002;5200005;4199001	50;1;5	1
989	133	21	3000002;5200005;4199001	50;1;5	1
990	133	24	3000002;5200005;4199001	80;1;5	1
991	133	27	3000002;5200005;4199001	80;1;5	1
992	133	30	3000002;5200005;4199001	80;1;5	1
993	233	3	3000002;5200005;4199001	50;2;5	1
994	233	6	3000002;5200005;4199001	50;2;5	1
995	233	9	3000002;5200005;4199001	50;2;5	1
996	233	12	3000002;5200005;4199001	80;2;5	1
997	233	15	3000002;5200005;4199001	80;2;5	1
998	233	18	3000002;5200005;4199001	80;2;5	1
999	233	21	3000002;5200005;4199001	80;2;5	1
1000	233	24	3000002;5200005;4199001	100;2;5	1
1001	233	27	3000002;5200005;4199001	100;2;5	1
1002	233	30	3000002;5200005;4199001	100;2;5	1
1003	333	3	3000002;5200005;4199001	80;3;5	1
1004	333	6	3000002;5200005;4199001	80;3;5	1
1005	333	9	3000002;5200005;4199001	80;3;5	1
1006	333	12	3000002;5200005;4199001	100;3;5	1
1007	333	15	3000002;5200005;4199001	100;3;5	1
1008	333	18	3000002;5200005;4199001	100;3;5	1
1009	333	21	3000002;5200005;4199001	100;3;5	1
1010	333	24	3000002;5200005;4199001	120;3;5	1
1011	333	27	3000002;5200005;4199001	120;3;5	1
1012	333	30	3000002;5200005;4199001	120;3;5	1
1013	433	1	4197005;4100032;4199001	1;5;5	1
1014	433	2	4197005;4100032;4199001	1;5;5	1
1015	433	3	4197005;4100032;4199001	2;5;5	1
1016	433	4	4197005;4100032;4199001	1;5;5	1
1017	433	5	4197005;4100032;4199001	1;5;5	1
1018	433	6	4197005;4100032;4199001	2;5;5	1
1019	134	3	3000002;5200005;4199001	20;1;5	1
1020	134	6	3000002;5200005;4199001	20;1;5	1
1021	134	9	3000002;5200005;4199001	20;1;5	1
1022	134	12	3000002;5200005;4199001	50;1;5	1
1023	134	15	3000002;5200005;4199001	50;1;5	1
1024	134	18	3000002;5200005;4199001	50;1;5	1
1025	134	21	3000002;5200005;4199001	50;1;5	1
1026	134	24	3000002;5200005;4199001	80;1;5	1
1027	134	27	3000002;5200005;4199001	80;1;5	1
1028	134	30	3000002;5200005;4199001	80;1;5	1
1029	234	3	3000002;5200005;4199001	50;2;5	1
1030	234	6	3000002;5200005;4199001	50;2;5	1
1031	234	9	3000002;5200005;4199001	50;2;5	1
1032	234	12	3000002;5200005;4199001	80;2;5	1
1033	234	15	3000002;5200005;4199001	80;2;5	1
1034	234	18	3000002;5200005;4199001	80;2;5	1
1035	234	21	3000002;5200005;4199001	80;2;5	1
1036	234	24	3000002;5200005;4199001	100;2;5	1
1037	234	27	3000002;5200005;4199001	100;2;5	1
1038	234	30	3000002;5200005;4199001	100;2;5	1
1039	334	3	3000002;5200005;4199001	80;3;5	1
1040	334	6	3000002;5200005;4199001	80;3;5	1
1041	334	9	3000002;5200005;4199001	80;3;5	1
1042	334	12	3000002;5200005;4199001	100;3;5	1
1043	334	15	3000002;5200005;4199001	100;3;5	1
1044	334	18	3000002;5200005;4199001	100;3;5	1
1045	334	21	3000002;5200005;4199001	100;3;5	1
1046	334	24	3000002;5200005;4199001	120;3;5	1
1047	334	27	3000002;5200005;4199001	120;3;5	1
1048	334	30	3000002;5200005;4199001	120;3;5	1
1049	434	1	4197005;4100032;4199001	1;5;5	1
1050	434	2	4197005;4100032;4199001	1;5;5	1
1051	434	3	4197005;4100032;4199001	2;5;5	1
1052	434	4	4197005;4100032;4199001	1;5;5	1
1053	434	5	4197005;4100032;4199001	1;5;5	1
1054	434	6	4197005;4100032;4199001	2;5;5	1
1055	135	3	3000002;5200005;4199001	20;1;5	1
1056	135	6	3000002;5200005;4199001	20;1;5	1
1057	135	9	3000002;5200005;4199001	20;1;5	1
1058	135	12	3000002;5200005;4199001	50;1;5	1
1059	135	15	3000002;5200005;4199001	50;1;5	1
1060	135	18	3000002;5200005;4199001	50;1;5	1
1061	135	21	3000002;5200005;4199001	50;1;5	1
1062	135	24	3000002;5200005;4199001	80;1;5	1
1063	135	27	3000002;5200005;4199001	80;1;5	1
1064	135	30	3000002;5200005;4199001	80;1;5	1
1065	235	3	3000002;5200005;4199001	50;2;5	1
1066	235	6	3000002;5200005;4199001	50;2;5	1
1067	235	9	3000002;5200005;4199001	50;2;5	1
1068	235	12	3000002;5200005;4199001	80;2;5	1
1069	235	15	3000002;5200005;4199001	80;2;5	1
1070	235	18	3000002;5200005;4199001	80;2;5	1
1071	235	21	3000002;5200005;4199001	80;2;5	1
1072	235	24	3000002;5200005;4199001	100;2;5	1
1073	235	27	3000002;5200005;4199001	100;2;5	1
1074	235	30	3000002;5200005;4199001	100;2;5	1
1075	335	3	3000002;5200005;4199001	80;3;5	1
1076	335	6	3000002;5200005;4199001	80;3;5	1
1077	335	9	3000002;5200005;4199001	80;3;5	1
1078	335	12	3000002;5200005;4199001	100;3;5	1
1079	335	15	3000002;5200005;4199001	100;3;5	1
1080	335	18	3000002;5200005;4199001	100;3;5	1
1081	335	21	3000002;5200005;4199001	100;3;5	1
1082	335	24	3000002;5200005;4199001	120;3;5	1
1083	335	27	3000002;5200005;4199001	120;3;5	1
1084	335	30	3000002;5200005;4199001	120;3;5	1
1085	435	1	4197005;4100032;4199001	1;5;5	1
1086	435	2	4197005;4100032;4199001	1;5;5	1
1087	435	3	4197005;4100032;4199001	2;5;5	1
1088	435	4	4197005;4100032;4199001	1;5;5	1
1089	435	5	4197005;4100032;4199001	1;5;5	1
1090	435	6	4197005;4100032;4199001	2;5;5	1
1091	136	3	3000002;5200005;4199001	20;1;5	1
1092	136	6	3000002;5200005;4199001	20;1;5	1
1093	136	9	3000002;5200005;4199001	20;1;5	1
1094	136	12	3000002;5200005;4199001	50;1;5	1
1095	136	15	3000002;5200005;4199001	50;1;5	1
1096	136	18	3000002;5200005;4199001	50;1;5	1
1097	136	21	3000002;5200005;4199001	50;1;5	1
1098	136	24	3000002;5200005;4199001	80;1;5	1
1099	136	27	3000002;5200005;4199001	80;1;5	1
1100	136	30	3000002;5200005;4199001	80;1;5	1
1101	236	3	3000002;5200005;4199001	50;2;5	1
1102	236	6	3000002;5200005;4199001	50;2;5	1
1103	236	9	3000002;5200005;4199001	50;2;5	1
1104	236	12	3000002;5200005;4199001	80;2;5	1
1105	236	15	3000002;5200005;4199001	80;2;5	1
1106	236	18	3000002;5200005;4199001	80;2;5	1
1107	236	21	3000002;5200005;4199001	80;2;5	1
1108	236	24	3000002;5200005;4199001	100;2;5	1
1109	236	27	3000002;5200005;4199001	100;2;5	1
1110	236	30	3000002;5200005;4199001	100;2;5	1
1111	336	3	3000002;5200005;4199001	80;3;5	1
1112	336	6	3000002;5200005;4199001	80;3;5	1
1113	336	9	3000002;5200005;4199001	80;3;5	1
1114	336	12	3000002;5200005;4199001	100;3;5	1
1115	336	15	3000002;5200005;4199001	100;3;5	1
1116	336	18	3000002;5200005;4199001	100;3;5	1
1117	336	21	3000002;5200005;4199001	100;3;5	1
1118	336	24	3000002;5200005;4199001	120;3;5	1
1119	336	27	3000002;5200005;4199001	120;3;5	1
1120	336	30	3000002;5200005;4199001	120;3;5	1
1121	436	1	4197005;4100032;4199001	1;5;5	1
1122	436	2	4197005;4100032;4199001	1;5;5	1
1123	436	3	4197005;4100032;4199001	2;5;5	1
1124	436	4	4197005;4100032;4199001	1;5;5	1
1125	436	5	4197005;4100032;4199001	1;5;5	1
1126	436	6	4197005;4100032;4199001	2;5;5	1
1127	137	3	3000002;5200005;4199001	20;1;5	1
1128	137	6	3000002;5200005;4199001	20;1;5	1
1129	137	9	3000002;5200005;4199001	20;1;5	1
1130	137	12	3000002;5200005;4199001	50;1;5	1
1131	137	15	3000002;5200005;4199001	50;1;5	1
1132	137	18	3000002;5200005;4199001	50;1;5	1
1133	137	21	3000002;5200005;4199001	50;1;5	1
1134	137	24	3000002;5200005;4199001	80;1;5	1
1135	137	27	3000002;5200005;4199001	80;1;5	1
1136	137	30	3000002;5200005;4199001	80;1;5	1
1137	237	3	3000002;5200005;4199001	50;2;5	1
1138	237	6	3000002;5200005;4199001	50;2;5	1
1139	237	9	3000002;5200005;4199001	50;2;5	1
1140	237	12	3000002;5200005;4199001	80;2;5	1
1141	237	15	3000002;5200005;4199001	80;2;5	1
1142	237	18	3000002;5200005;4199001	80;2;5	1
1143	237	21	3000002;5200005;4199001	80;2;5	1
1144	237	24	3000002;5200005;4199001	100;2;5	1
1145	237	27	3000002;5200005;4199001	100;2;5	1
1146	237	30	3000002;5200005;4199001	100;2;5	1
1147	337	3	3000002;5200005;4199001	80;3;5	1
1148	337	6	3000002;5200005;4199001	80;3;5	1
1149	337	9	3000002;5200005;4199001	80;3;5	1
1150	337	12	3000002;5200005;4199001	100;3;5	1
1151	337	15	3000002;5200005;4199001	100;3;5	1
1152	337	18	3000002;5200005;4199001	100;3;5	1
1153	337	21	3000002;5200005;4199001	100;3;5	1
1154	337	24	3000002;5200005;4199001	120;3;5	1
1155	337	27	3000002;5200005;4199001	120;3;5	1
1156	337	30	3000002;5200005;4199001	120;3;5	1
1157	437	1	4197005;4100032;4199001	1;5;5	1
1158	437	2	4197005;4100032;4199001	1;5;5	1
1159	437	3	4197005;4100032;4199001	2;5;5	1
1160	437	4	4197005;4100032;4199001	1;5;5	1
1161	437	5	4197005;4100032;4199001	1;5;5	1
1162	437	6	4197005;4100032;4199001	2;5;5	1
1163	138	3	3000002;5200005;4199001	20;1;5	1
1164	138	6	3000002;5200005;4199001	20;1;5	1
1165	138	9	3000002;5200005;4199001	20;1;5	1
1166	138	12	3000002;5200005;4199001	50;1;5	1
1167	138	15	3000002;5200005;4199001	50;1;5	1
1168	138	18	3000002;5200005;4199001	50;1;5	1
1169	138	21	3000002;5200005;4199001	50;1;5	1
1170	138	24	3000002;5200005;4199001	80;1;5	1
1171	138	27	3000002;5200005;4199001	80;1;5	1
1172	138	30	3000002;5200005;4199001	80;1;5	1
1173	238	3	3000002;5200005;4199001	50;2;5	1
1174	238	6	3000002;5200005;4199001	50;2;5	1
1175	238	9	3000002;5200005;4199001	50;2;5	1
1176	238	12	3000002;5200005;4199001	80;2;5	1
1177	238	15	3000002;5200005;4199001	80;2;5	1
1178	238	18	3000002;5200005;4199001	80;2;5	1
1179	238	21	3000002;5200005;4199001	80;2;5	1
1180	238	24	3000002;5200005;4199001	100;2;5	1
1181	238	27	3000002;5200005;4199001	100;2;5	1
1182	238	30	3000002;5200005;4199001	100;2;5	1
1183	338	3	3000002;5200005;4199001	80;3;5	1
1184	338	6	3000002;5200005;4199001	80;3;5	1
1185	338	9	3000002;5200005;4199001	80;3;5	1
1186	338	12	3000002;5200005;4199001	100;3;5	1
1187	338	15	3000002;5200005;4199001	100;3;5	1
1188	338	18	3000002;5200005;4199001	100;3;5	1
1189	338	21	3000002;5200005;4199001	100;3;5	1
1190	338	24	3000002;5200005;4199001	120;3;5	1
1191	338	27	3000002;5200005;4199001	120;3;5	1
1192	338	30	3000002;5200005;4199001	120;3;5	1
1193	438	1	4197005;4100032;4199001	1;5;5	1
1194	438	2	4197005;4100032;4199001	1;5;5	1
1195	438	3	4197005;4100032;4199001	2;5;5	1
1196	438	4	4197005;4100032;4199001	1;5;5	1
1197	438	5	4197005;4100032;4199001	1;5;5	1
1198	438	6	4197005;4100032;4199001	2;5;5	1
1199	139	3	3000002;5200005;4199001	20;1;5	1
1200	139	6	3000002;5200005;4199001	20;1;5	1
1201	139	9	3000002;5200005;4199001	20;1;5	1
1202	139	12	3000002;5200005;4199001	50;1;5	1
1203	139	15	3000002;5200005;4199001	50;1;5	1
1204	139	18	3000002;5200005;4199001	50;1;5	1
1205	139	21	3000002;5200005;4199001	50;1;5	1
1206	139	24	3000002;5200005;4199001	80;1;5	1
1207	139	27	3000002;5200005;4199001	80;1;5	1
1208	139	30	3000002;5200005;4199001	80;1;5	1
1209	239	3	3000002;5200005;4199001	50;2;5	1
1210	239	6	3000002;5200005;4199001	50;2;5	1
1211	239	9	3000002;5200005;4199001	50;2;5	1
1212	239	12	3000002;5200005;4199001	80;2;5	1
1213	239	15	3000002;5200005;4199001	80;2;5	1
1214	239	18	3000002;5200005;4199001	80;2;5	1
1215	239	21	3000002;5200005;4199001	80;2;5	1
1216	239	24	3000002;5200005;4199001	100;2;5	1
1217	239	27	3000002;5200005;4199001	100;2;5	1
1218	239	30	3000002;5200005;4199001	100;2;5	1
1219	339	3	3000002;5200005;4199001	80;3;5	1
1220	339	6	3000002;5200005;4199001	80;3;5	1
1221	339	9	3000002;5200005;4199001	80;3;5	1
1222	339	12	3000002;5200005;4199001	100;3;5	1
1223	339	15	3000002;5200005;4199001	100;3;5	1
1224	339	18	3000002;5200005;4199001	100;3;5	1
1225	339	21	3000002;5200005;4199001	100;3;5	1
1226	339	24	3000002;5200005;4199001	120;3;5	1
1227	339	27	3000002;5200005;4199001	120;3;5	1
1228	339	30	3000002;5200005;4199001	120;3;5	1
1229	439	1	4197005;4100032;4199001	1;5;5	1
1230	439	2	4197005;4100032;4199001	1;5;5	1
1231	439	3	4197005;4100032;4199001	2;5;5	1
1232	439	4	4197005;4100032;4199001	1;5;5	1
1233	439	5	4197005;4100032;4199001	1;5;5	1
1234	439	6	4197005;4100032;4199001	2;5;5	1
1235	140	3	3000002;5200005;4199001	20;1;5	1
1236	140	6	3000002;5200005;4199001	20;1;5	1
1237	140	9	3000002;5200005;4199001	20;1;5	1
1238	140	12	3000002;5200005;4199001	50;1;5	1
1239	140	15	3000002;5200005;4199001	50;1;5	1
1240	140	18	3000002;5200005;4199001	50;1;5	1
1241	140	21	3000002;5200005;4199001	50;1;5	1
1242	140	24	3000002;5200005;4199001	80;1;5	1
1243	140	27	3000002;5200005;4199001	80;1;5	1
1244	140	30	3000002;5200005;4199001	80;1;5	1
1245	240	3	3000002;5200005;4199001	50;2;5	1
1246	240	6	3000002;5200005;4199001	50;2;5	1
1247	240	9	3000002;5200005;4199001	50;2;5	1
1248	240	12	3000002;5200005;4199001	80;2;5	1
1249	240	15	3000002;5200005;4199001	80;2;5	1
1250	240	18	3000002;5200005;4199001	80;2;5	1
1251	240	21	3000002;5200005;4199001	80;2;5	1
1252	240	24	3000002;5200005;4199001	100;2;5	1
1253	240	27	3000002;5200005;4199001	100;2;5	1
1254	240	30	3000002;5200005;4199001	100;2;5	1
1255	340	3	3000002;5200005;4199001	80;3;5	1
1256	340	6	3000002;5200005;4199001	80;3;5	1
1257	340	9	3000002;5200005;4199001	80;3;5	1
1258	340	12	3000002;5200005;4199001	100;3;5	1
1259	340	15	3000002;5200005;4199001	100;3;5	1
1260	340	18	3000002;5200005;4199001	100;3;5	1
1261	340	21	3000002;5200005;4199001	100;3;5	1
1262	340	24	3000002;5200005;4199001	120;3;5	1
1263	340	27	3000002;5200005;4199001	120;3;5	1
1264	340	30	3000002;5200005;4199001	120;3;5	1
1265	440	1	4197005;4100032;4199001	1;5;5	1
1266	440	2	4197005;4100032;4199001	1;5;5	1
1267	440	3	4197005;4100032;4199001	2;5;5	1
1268	440	4	4197005;4100032;4199001	1;5;5	1
1269	440	5	4197005;4100032;4199001	1;5;5	1
1270	440	6	4197005;4100032;4199001	2;5;5	1
1271	141	3	3000002;5200005;4199001	20;1;5	1
1272	141	6	3000002;5200005;4199001	20;1;5	1
1273	141	9	3000002;5200005;4199001	20;1;5	1
1274	141	12	3000002;5200005;4199001	50;1;5	1
1275	141	15	3000002;5200005;4199001	50;1;5	1
1276	141	18	3000002;5200005;4199001	50;1;5	1
1277	141	21	3000002;5200005;4199001	50;1;5	1
1278	141	24	3000002;5200005;4199001	80;1;5	1
1279	141	27	3000002;5200005;4199001	80;1;5	1
1280	141	30	3000002;5200005;4199001	80;1;5	1
1281	241	3	3000002;5200005;4199001	50;2;5	1
1282	241	6	3000002;5200005;4199001	50;2;5	1
1283	241	9	3000002;5200005;4199001	50;2;5	1
1284	241	12	3000002;5200005;4199001	80;2;5	1
1285	241	15	3000002;5200005;4199001	80;2;5	1
1286	241	18	3000002;5200005;4199001	80;2;5	1
1287	241	21	3000002;5200005;4199001	80;2;5	1
1288	241	24	3000002;5200005;4199001	100;2;5	1
1289	241	27	3000002;5200005;4199001	100;2;5	1
1290	241	30	3000002;5200005;4199001	100;2;5	1
1291	341	3	3000002;5200005;4199001	80;3;5	1
1292	341	6	3000002;5200005;4199001	80;3;5	1
1293	341	9	3000002;5200005;4199001	80;3;5	1
1294	341	12	3000002;5200005;4199001	100;3;5	1
1295	341	15	3000002;5200005;4199001	100;3;5	1
1296	341	18	3000002;5200005;4199001	100;3;5	1
1297	341	21	3000002;5200005;4199001	100;3;5	1
1298	341	24	3000002;5200005;4199001	120;3;5	1
1299	341	27	3000002;5200005;4199001	120;3;5	1
1300	341	30	3000002;5200005;4199001	120;3;5	1
1301	441	1	4197005;4100032;4199001	1;5;5	1
1302	441	2	4197005;4100032;4199001	1;5;5	1
1303	441	3	4197005;4100032;4199001	2;5;5	1
1304	441	4	4197005;4100032;4199001	1;5;5	1
1305	441	5	4197005;4100032;4199001	1;5;5	1
1306	441	6	4197005;4100032;4199001	2;5;5	1
1307	142	3	3000002;5200005;4199001	20;1;5	1
1308	142	6	3000002;5200005;4199001	20;1;5	1
1309	142	9	3000002;5200005;4199001	20;1;5	1
1310	142	12	3000002;5200005;4199001	50;1;5	1
1311	142	15	3000002;5200005;4199001	50;1;5	1
1312	142	18	3000002;5200005;4199001	50;1;5	1
1313	142	21	3000002;5200005;4199001	50;1;5	1
1314	142	24	3000002;5200005;4199001	80;1;5	1
1315	142	27	3000002;5200005;4199001	80;1;5	1
1316	142	30	3000002;5200005;4199001	80;1;5	1
1317	242	3	3000002;5200005;4199001	50;2;5	1
1318	242	6	3000002;5200005;4199001	50;2;5	1
1319	242	9	3000002;5200005;4199001	50;2;5	1
1320	242	12	3000002;5200005;4199001	80;2;5	1
1321	242	15	3000002;5200005;4199001	80;2;5	1
1322	242	18	3000002;5200005;4199001	80;2;5	1
1323	242	21	3000002;5200005;4199001	80;2;5	1
1324	242	24	3000002;5200005;4199001	100;2;5	1
1325	242	27	3000002;5200005;4199001	100;2;5	1
1326	242	30	3000002;5200005;4199001	100;2;5	1
1327	342	3	3000002;5200005;4199001	80;3;5	1
1328	342	6	3000002;5200005;4199001	80;3;5	1
1329	342	9	3000002;5200005;4199001	80;3;5	1
1330	342	12	3000002;5200005;4199001	100;3;5	1
1331	342	15	3000002;5200005;4199001	100;3;5	1
1332	342	18	3000002;5200005;4199001	100;3;5	1
1333	342	21	3000002;5200005;4199001	100;3;5	1
1334	342	24	3000002;5200005;4199001	120;3;5	1
1335	342	27	3000002;5200005;4199001	120;3;5	1
1336	342	30	3000002;5200005;4199001	120;3;5	1
1337	442	1	4197005;4100032;4199001	1;5;5	1
1338	442	2	4197005;4100032;4199001	1;5;5	1
1339	442	3	4197005;4100032;4199001	2;5;5	1
1340	442	4	4197005;4100032;4199001	1;5;5	1
1341	442	5	4197005;4100032;4199001	1;5;5	1
1342	442	6	4197005;4100032;4199001	2;5;5	1
1343	143	3	3000002;5200005;4199001	20;1;5	1
1344	143	6	3000002;5200005;4199001	20;1;5	1
1345	143	9	3000002;5200005;4199001	20;1;5	1
1346	143	12	3000002;5200005;4199001	50;1;5	1
1347	143	15	3000002;5200005;4199001	50;1;5	1
1348	143	18	3000002;5200005;4199001	50;1;5	1
1349	143	21	3000002;5200005;4199001	50;1;5	1
1350	143	24	3000002;5200005;4199001	80;1;5	1
1351	143	27	3000002;5200005;4199001	80;1;5	1
1352	143	30	3000002;5200005;4199001	80;1;5	1
1353	243	3	3000002;5200005;4199001	50;2;5	1
1354	243	6	3000002;5200005;4199001	50;2;5	1
1355	243	9	3000002;5200005;4199001	50;2;5	1
1356	243	12	3000002;5200005;4199001	80;2;5	1
1357	243	15	3000002;5200005;4199001	80;2;5	1
1358	243	18	3000002;5200005;4199001	80;2;5	1
1359	243	21	3000002;5200005;4199001	80;2;5	1
1360	243	24	3000002;5200005;4199001	100;2;5	1
1361	243	27	3000002;5200005;4199001	100;2;5	1
1362	243	30	3000002;5200005;4199001	100;2;5	1
1363	343	3	3000002;5200005;4199001	80;3;5	1
1364	343	6	3000002;5200005;4199001	80;3;5	1
1365	343	9	3000002;5200005;4199001	80;3;5	1
1366	343	12	3000002;5200005;4199001	100;3;5	1
1367	343	15	3000002;5200005;4199001	100;3;5	1
1368	343	18	3000002;5200005;4199001	100;3;5	1
1369	343	21	3000002;5200005;4199001	100;3;5	1
1370	343	24	3000002;5200005;4199001	120;3;5	1
1371	343	27	3000002;5200005;4199001	120;3;5	1
1372	343	30	3000002;5200005;4199001	120;3;5	1
1373	443	1	4197005;4100032;4199001	1;5;5	1
1374	443	2	4197005;4100032;4199001	1;5;5	1
1375	443	3	4197005;4100032;4199001	2;5;5	1
1376	443	4	4197005;4100032;4199001	1;5;5	1
1377	443	5	4197005;4100032;4199001	1;5;5	1
1378	443	6	4197005;4100032;4199001	2;5;5	1
1379	144	3	3000002;5200005;4199001	20;1;5	1
1380	144	6	3000002;5200005;4199001	20;1;5	1
1381	144	9	3000002;5200005;4199001	20;1;5	1
1382	144	12	3000002;5200005;4199001	50;1;5	1
1383	144	15	3000002;5200005;4199001	50;1;5	1
1384	144	18	3000002;5200005;4199001	50;1;5	1
1385	144	21	3000002;5200005;4199001	50;1;5	1
1386	144	24	3000002;5200005;4199001	80;1;5	1
1387	144	27	3000002;5200005;4199001	80;1;5	1
1388	144	30	3000002;5200005;4199001	80;1;5	1
1389	244	3	3000002;5200005;4199001	50;2;5	1
1390	244	6	3000002;5200005;4199001	50;2;5	1
1391	244	9	3000002;5200005;4199001	50;2;5	1
1392	244	12	3000002;5200005;4199001	80;2;5	1
1393	244	15	3000002;5200005;4199001	80;2;5	1
1394	244	18	3000002;5200005;4199001	80;2;5	1
1395	244	21	3000002;5200005;4199001	80;2;5	1
1396	244	24	3000002;5200005;4199001	100;2;5	1
1397	244	27	3000002;5200005;4199001	100;2;5	1
1398	244	30	3000002;5200005;4199001	100;2;5	1
1399	344	3	3000002;5200005;4199001	80;3;5	1
1400	344	6	3000002;5200005;4199001	80;3;5	1
1401	344	9	3000002;5200005;4199001	80;3;5	1
1402	344	12	3000002;5200005;4199001	100;3;5	1
1403	344	15	3000002;5200005;4199001	100;3;5	1
1404	344	18	3000002;5200005;4199001	100;3;5	1
1405	344	21	3000002;5200005;4199001	100;3;5	1
1406	344	24	3000002;5200005;4199001	120;3;5	1
1407	344	27	3000002;5200005;4199001	120;3;5	1
1408	344	30	3000002;5200005;4199001	120;3;5	1
1409	444	1	4197005;4100032;4199001	1;5;5	1
1410	444	2	4197005;4100032;4199001	1;5;5	1
1411	444	3	4197005;4100032;4199001	2;5;5	1
1412	444	4	4197005;4100032;4199001	1;5;5	1
1413	444	5	4197005;4100032;4199001	1;5;5	1
1414	444	6	4197005;4100032;4199001	2;5;5	1
1415	145	3	3000002;5200005;4199001	20;1;5	1
1416	145	6	3000002;5200005;4199001	20;1;5	1
1417	145	9	3000002;5200005;4199001	20;1;5	1
1418	145	12	3000002;5200005;4199001	50;1;5	1
1419	145	15	3000002;5200005;4199001	50;1;5	1
1420	145	18	3000002;5200005;4199001	50;1;5	1
1421	145	21	3000002;5200005;4199001	50;1;5	1
1422	145	24	3000002;5200005;4199001	80;1;5	1
1423	145	27	3000002;5200005;4199001	80;1;5	1
1424	145	30	3000002;5200005;4199001	80;1;5	1
1425	245	3	3000002;5200005;4199001	50;2;5	1
1426	245	6	3000002;5200005;4199001	50;2;5	1
1427	245	9	3000002;5200005;4199001	50;2;5	1
1428	245	12	3000002;5200005;4199001	80;2;5	1
1429	245	15	3000002;5200005;4199001	80;2;5	1
1430	245	18	3000002;5200005;4199001	80;2;5	1
1431	245	21	3000002;5200005;4199001	80;2;5	1
1432	245	24	3000002;5200005;4199001	100;2;5	1
1433	245	27	3000002;5200005;4199001	100;2;5	1
1434	245	30	3000002;5200005;4199001	100;2;5	1
1435	345	3	3000002;5200005;4199001	80;3;5	1
1436	345	6	3000002;5200005;4199001	80;3;5	1
1437	345	9	3000002;5200005;4199001	80;3;5	1
1438	345	12	3000002;5200005;4199001	100;3;5	1
1439	345	15	3000002;5200005;4199001	100;3;5	1
1440	345	18	3000002;5200005;4199001	100;3;5	1
1441	345	21	3000002;5200005;4199001	100;3;5	1
1442	345	24	3000002;5200005;4199001	120;3;5	1
1443	345	27	3000002;5200005;4199001	120;3;5	1
1444	345	30	3000002;5200005;4199001	120;3;5	1
1445	445	1	4197005;4100032;4199001	1;5;5	1
1446	445	2	4197005;4100032;4199001	1;5;5	1
1447	445	3	4197005;4100032;4199001	2;5;5	1
1448	445	4	4197005;4100032;4199001	1;5;5	1
1449	445	5	4197005;4100032;4199001	1;5;5	1
1450	445	6	4197005;4100032;4199001	2;5;5	1
1451	146	3	3000002;5200005;4199001	20;1;5	1
1452	146	6	3000002;5200005;4199001	20;1;5	1
1453	146	9	3000002;5200005;4199001	20;1;5	1
1454	146	12	3000002;5200005;4199001	50;1;5	1
1455	146	15	3000002;5200005;4199001	50;1;5	1
1456	146	18	3000002;5200005;4199001	50;1;5	1
1457	146	21	3000002;5200005;4199001	50;1;5	1
1458	146	24	3000002;5200005;4199001	80;1;5	1
1459	146	27	3000002;5200005;4199001	80;1;5	1
1460	146	30	3000002;5200005;4199001	80;1;5	1
1461	246	3	3000002;5200005;4199001	50;2;5	1
1462	246	6	3000002;5200005;4199001	50;2;5	1
1463	246	9	3000002;5200005;4199001	50;2;5	1
1464	246	12	3000002;5200005;4199001	80;2;5	1
1465	246	15	3000002;5200005;4199001	80;2;5	1
1466	246	18	3000002;5200005;4199001	80;2;5	1
1467	246	21	3000002;5200005;4199001	80;2;5	1
1468	246	24	3000002;5200005;4199001	100;2;5	1
1469	246	27	3000002;5200005;4199001	100;2;5	1
1470	246	30	3000002;5200005;4199001	100;2;5	1
1471	346	3	3000002;5200005;4199001	80;3;5	1
1472	346	6	3000002;5200005;4199001	80;3;5	1
1473	346	9	3000002;5200005;4199001	80;3;5	1
1474	346	12	3000002;5200005;4199001	100;3;5	1
1475	346	15	3000002;5200005;4199001	100;3;5	1
1476	346	18	3000002;5200005;4199001	100;3;5	1
1477	346	21	3000002;5200005;4199001	100;3;5	1
1478	346	24	3000002;5200005;4199001	120;3;5	1
1479	346	27	3000002;5200005;4199001	120;3;5	1
1480	346	30	3000002;5200005;4199001	120;3;5	1
1481	446	1	4197005;4100032;4199001	1;5;5	1
1482	446	2	4197005;4100032;4199001	1;5;5	1
1483	446	3	4197005;4100032;4199001	2;5;5	1
1484	446	4	4197005;4100032;4199001	1;5;5	1
1485	446	5	4197005;4100032;4199001	1;5;5	1
1486	446	6	4197005;4100032;4199001	2;5;5	1
1487	147	3	3000002;5200005;4199001	20;1;5	1
1488	147	6	3000002;5200005;4199001	20;1;5	1
1489	147	9	3000002;5200005;4199001	20;1;5	1
1490	147	12	3000002;5200005;4199001	50;1;5	1
1491	147	15	3000002;5200005;4199001	50;1;5	1
1492	147	18	3000002;5200005;4199001	50;1;5	1
1493	147	21	3000002;5200005;4199001	50;1;5	1
1494	147	24	3000002;5200005;4199001	80;1;5	1
1495	147	27	3000002;5200005;4199001	80;1;5	1
1496	147	30	3000002;5200005;4199001	80;1;5	1
1497	247	3	3000002;5200005;4199001	50;2;5	1
1498	247	6	3000002;5200005;4199001	50;2;5	1
1499	247	9	3000002;5200005;4199001	50;2;5	1
1500	247	12	3000002;5200005;4199001	80;2;5	1
1501	247	15	3000002;5200005;4199001	80;2;5	1
1502	247	18	3000002;5200005;4199001	80;2;5	1
1503	247	21	3000002;5200005;4199001	80;2;5	1
1504	247	24	3000002;5200005;4199001	100;2;5	1
1505	247	27	3000002;5200005;4199001	100;2;5	1
1506	247	30	3000002;5200005;4199001	100;2;5	1
1507	347	3	3000002;5200005;4199001	80;3;5	1
1508	347	6	3000002;5200005;4199001	80;3;5	1
1509	347	9	3000002;5200005;4199001	80;3;5	1
1510	347	12	3000002;5200005;4199001	100;3;5	1
1511	347	15	3000002;5200005;4199001	100;3;5	1
1512	347	18	3000002;5200005;4199001	100;3;5	1
1513	347	21	3000002;5200005;4199001	100;3;5	1
1514	347	24	3000002;5200005;4199001	120;3;5	1
1515	347	27	3000002;5200005;4199001	120;3;5	1
1516	347	30	3000002;5200005;4199001	120;3;5	1
1517	447	1	4197005;4100032;4199001	1;5;5	1
1518	447	2	4197005;4100032;4199001	1;5;5	1
1519	447	3	4197005;4100032;4199001	2;5;5	1
1520	447	4	4197005;4100032;4199001	1;5;5	1
1521	447	5	4197005;4100032;4199001	1;5;5	1
1522	447	6	4197005;4100032;4199001	2;5;5	1
1523	148	3	3000002;5200005;4199001	20;1;5	1
1524	148	6	3000002;5200005;4199001	20;1;5	1
1525	148	9	3000002;5200005;4199001	20;1;5	1
1526	148	12	3000002;5200005;4199001	50;1;5	1
1527	148	15	3000002;5200005;4199001	50;1;5	1
1528	148	18	3000002;5200005;4199001	50;1;5	1
1529	148	21	3000002;5200005;4199001	50;1;5	1
1530	148	24	3000002;5200005;4199001	80;1;5	1
1531	148	27	3000002;5200005;4199001	80;1;5	1
1532	148	30	3000002;5200005;4199001	80;1;5	1
1533	248	3	3000002;5200005;4199001	50;2;5	1
1534	248	6	3000002;5200005;4199001	50;2;5	1
1535	248	9	3000002;5200005;4199001	50;2;5	1
1536	248	12	3000002;5200005;4199001	80;2;5	1
1537	248	15	3000002;5200005;4199001	80;2;5	1
1538	248	18	3000002;5200005;4199001	80;2;5	1
1539	248	21	3000002;5200005;4199001	80;2;5	1
1540	248	24	3000002;5200005;4199001	100;2;5	1
1541	248	27	3000002;5200005;4199001	100;2;5	1
1542	248	30	3000002;5200005;4199001	100;2;5	1
1543	348	3	3000002;5200005;4199001	80;3;5	1
1544	348	6	3000002;5200005;4199001	80;3;5	1
1545	348	9	3000002;5200005;4199001	80;3;5	1
1546	348	12	3000002;5200005;4199001	100;3;5	1
1547	348	15	3000002;5200005;4199001	100;3;5	1
1548	348	18	3000002;5200005;4199001	100;3;5	1
1549	348	21	3000002;5200005;4199001	100;3;5	1
1550	348	24	3000002;5200005;4199001	120;3;5	1
1551	348	27	3000002;5200005;4199001	120;3;5	1
1552	348	30	3000002;5200005;4199001	120;3;5	1
1553	448	1	4197005;4100032;4199001	1;5;5	1
1554	448	2	4197005;4100032;4199001	1;5;5	1
1555	448	3	4197005;4100032;4199001	2;5;5	1
1556	448	4	4197005;4100032;4199001	1;5;5	1
1557	448	5	4197005;4100032;4199001	1;5;5	1
1558	448	6	4197005;4100032;4199001	2;5;5	1
1559	149	3	3000002;5200005;4199001	20;1;5	1
1560	149	6	3000002;5200005;4199001	20;1;5	1
1561	149	9	3000002;5200005;4199001	20;1;5	1
1562	149	12	3000002;5200005;4199001	50;1;5	1
1563	149	15	3000002;5200005;4199001	50;1;5	1
1564	149	18	3000002;5200005;4199001	50;1;5	1
1565	149	21	3000002;5200005;4199001	50;1;5	1
1566	149	24	3000002;5200005;4199001	80;1;5	1
1567	149	27	3000002;5200005;4199001	80;1;5	1
1568	149	30	3000002;5200005;4199001	80;1;5	1
1569	249	3	3000002;5200005;4199001	50;2;5	1
1570	249	6	3000002;5200005;4199001	50;2;5	1
1571	249	9	3000002;5200005;4199001	50;2;5	1
1572	249	12	3000002;5200005;4199001	80;2;5	1
1573	249	15	3000002;5200005;4199001	80;2;5	1
1574	249	18	3000002;5200005;4199001	80;2;5	1
1575	249	21	3000002;5200005;4199001	80;2;5	1
1576	249	24	3000002;5200005;4199001	100;2;5	1
1577	249	27	3000002;5200005;4199001	100;2;5	1
1578	249	30	3000002;5200005;4199001	100;2;5	1
1579	349	3	3000002;5200005;4199001	80;3;5	1
1580	349	6	3000002;5200005;4199001	80;3;5	1
1581	349	9	3000002;5200005;4199001	80;3;5	1
1582	349	12	3000002;5200005;4199001	100;3;5	1
1583	349	15	3000002;5200005;4199001	100;3;5	1
1584	349	18	3000002;5200005;4199001	100;3;5	1
1585	349	21	3000002;5200005;4199001	100;3;5	1
1586	349	24	3000002;5200005;4199001	120;3;5	1
1587	349	27	3000002;5200005;4199001	120;3;5	1
1588	349	30	3000002;5200005;4199001	120;3;5	1
1589	449	1	4197005;4100032;4199001	1;5;5	1
1590	449	2	4197005;4100032;4199001	1;5;5	1
1591	449	3	4197005;4100032;4199001	2;5;5	1
1592	449	4	4197005;4100032;4199001	1;5;5	1
1593	449	5	4197005;4100032;4199001	1;5;5	1
1594	449	6	4197005;4100032;4199001	2;5;5	1
1595	150	3	3000002;5200005;4199001	20;1;5	1
1596	150	6	3000002;5200005;4199001	20;1;5	1
1597	150	9	3000002;5200005;4199001	20;1;5	1
1598	150	12	3000002;5200005;4199001	50;1;5	1
1599	150	15	3000002;5200005;4199001	50;1;5	1
1600	150	18	3000002;5200005;4199001	50;1;5	1
1601	150	21	3000002;5200005;4199001	50;1;5	1
1602	150	24	3000002;5200005;4199001	80;1;5	1
1603	150	27	3000002;5200005;4199001	80;1;5	1
1604	150	30	3000002;5200005;4199001	80;1;5	1
1605	250	3	3000002;5200005;4199001	50;2;5	1
1606	250	6	3000002;5200005;4199001	50;2;5	1
1607	250	9	3000002;5200005;4199001	50;2;5	1
1608	250	12	3000002;5200005;4199001	80;2;5	1
1609	250	15	3000002;5200005;4199001	80;2;5	1
1610	250	18	3000002;5200005;4199001	80;2;5	1
1611	250	21	3000002;5200005;4199001	80;2;5	1
1612	250	24	3000002;5200005;4199001	100;2;5	1
1613	250	27	3000002;5200005;4199001	100;2;5	1
1614	250	30	3000002;5200005;4199001	100;2;5	1
1615	350	3	3000002;5200005;4199001	80;3;5	1
1616	350	6	3000002;5200005;4199001	80;3;5	1
1617	350	9	3000002;5200005;4199001	80;3;5	1
1618	350	12	3000002;5200005;4199001	100;3;5	1
1619	350	15	3000002;5200005;4199001	100;3;5	1
1620	350	18	3000002;5200005;4199001	100;3;5	1
1621	350	21	3000002;5200005;4199001	100;3;5	1
1622	350	24	3000002;5200005;4199001	120;3;5	1
1623	350	27	3000002;5200005;4199001	120;3;5	1
1624	350	30	3000002;5200005;4199001	120;3;5	1
1625	450	1	4197005;4100032;4199001	1;5;5	1
1626	450	2	4197005;4100032;4199001	1;5;5	1
1627	450	3	4197005;4100032;4199001	2;5;5	1
1628	450	4	4197005;4100032;4199001	1;5;5	1
1629	450	5	4197005;4100032;4199001	1;5;5	1
1630	450	6	4197005;4100032;4199001	2;5;5	1
1631	151	3	3000002;5200005;4199001	20;1;5	1
1632	151	6	3000002;5200005;4199001	20;1;5	1
1633	151	9	3000002;5200005;4199001	20;1;5	1
1634	151	12	3000002;5200005;4199001	50;1;5	1
1635	151	15	3000002;5200005;4199001	50;1;5	1
1636	151	18	3000002;5200005;4199001	50;1;5	1
1637	151	21	3000002;5200005;4199001	50;1;5	1
1638	151	24	3000002;5200005;4199001	80;1;5	1
1639	151	27	3000002;5200005;4199001	80;1;5	1
1640	151	30	3000002;5200005;4199001	80;1;5	1
1641	251	3	3000002;5200005;4199001	50;2;5	1
1642	251	6	3000002;5200005;4199001	50;2;5	1
1643	251	9	3000002;5200005;4199001	50;2;5	1
1644	251	12	3000002;5200005;4199001	80;2;5	1
1645	251	15	3000002;5200005;4199001	80;2;5	1
1646	251	18	3000002;5200005;4199001	80;2;5	1
1647	251	21	3000002;5200005;4199001	80;2;5	1
1648	251	24	3000002;5200005;4199001	100;2;5	1
1649	251	27	3000002;5200005;4199001	100;2;5	1
1650	251	30	3000002;5200005;4199001	100;2;5	1
1651	351	3	3000002;5200005;4199001	80;3;5	1
1652	351	6	3000002;5200005;4199001	80;3;5	1
1653	351	9	3000002;5200005;4199001	80;3;5	1
1654	351	12	3000002;5200005;4199001	100;3;5	1
1655	351	15	3000002;5200005;4199001	100;3;5	1
1656	351	18	3000002;5200005;4199001	100;3;5	1
1657	351	21	3000002;5200005;4199001	100;3;5	1
1658	351	24	3000002;5200005;4199001	120;3;5	1
1659	351	27	3000002;5200005;4199001	120;3;5	1
1660	351	30	3000002;5200005;4199001	120;3;5	1
1661	451	1	4197005;4100032;4199001	1;5;5	1
1662	451	2	4197005;4100032;4199001	1;5;5	1
1663	451	3	4197005;4100032;4199001	2;5;5	1
1664	451	4	4197005;4100032;4199001	1;5;5	1
1665	451	5	4197005;4100032;4199001	1;5;5	1
1666	451	6	4197005;4100032;4199001	2;5;5	1
1667	152	3	3000002;5200005;4199001	20;1;5	1
1668	152	6	3000002;5200005;4199001	20;1;5	1
1669	152	9	3000002;5200005;4199001	20;1;5	1
1670	152	12	3000002;5200005;4199001	50;1;5	1
1671	152	15	3000002;5200005;4199001	50;1;5	1
1672	152	18	3000002;5200005;4199001	50;1;5	1
1673	152	21	3000002;5200005;4199001	50;1;5	1
1674	152	24	3000002;5200005;4199001	80;1;5	1
1675	152	27	3000002;5200005;4199001	80;1;5	1
1676	152	30	3000002;5200005;4199001	80;1;5	1
1677	252	3	3000002;5200005;4199001	50;2;5	1
1678	252	6	3000002;5200005;4199001	50;2;5	1
1679	252	9	3000002;5200005;4199001	50;2;5	1
1680	252	12	3000002;5200005;4199001	80;2;5	1
1681	252	15	3000002;5200005;4199001	80;2;5	1
1682	252	18	3000002;5200005;4199001	80;2;5	1
1683	252	21	3000002;5200005;4199001	80;2;5	1
1684	252	24	3000002;5200005;4199001	100;2;5	1
1685	252	27	3000002;5200005;4199001	100;2;5	1
1686	252	30	3000002;5200005;4199001	100;2;5	1
1687	352	3	3000002;5200005;4199001	80;3;5	1
1688	352	6	3000002;5200005;4199001	80;3;5	1
1689	352	9	3000002;5200005;4199001	80;3;5	1
1690	352	12	3000002;5200005;4199001	100;3;5	1
1691	352	15	3000002;5200005;4199001	100;3;5	1
1692	352	18	3000002;5200005;4199001	100;3;5	1
1693	352	21	3000002;5200005;4199001	100;3;5	1
1694	352	24	3000002;5200005;4199001	120;3;5	1
1695	352	27	3000002;5200005;4199001	120;3;5	1
1696	352	30	3000002;5200005;4199001	120;3;5	1
1697	452	1	4197005;4100032;4199001	1;5;5	1
1698	452	2	4197005;4100032;4199001	1;5;5	1
1699	452	3	4197005;4100032;4199001	2;5;5	1
1700	452	4	4197005;4100032;4199001	1;5;5	1
1701	452	5	4197005;4100032;4199001	1;5;5	1
1702	452	6	4197005;4100032;4199001	2;5;5	1
1703	153	3	3000002;5200005;4199001	20;1;5	1
1704	153	6	3000002;5200005;4199001	20;1;5	1
1705	153	9	3000002;5200005;4199001	20;1;5	1
1706	153	12	3000002;5200005;4199001	50;1;5	1
1707	153	15	3000002;5200005;4199001	50;1;5	1
1708	153	18	3000002;5200005;4199001	50;1;5	1
1709	153	21	3000002;5200005;4199001	50;1;5	1
1710	153	24	3000002;5200005;4199001	80;1;5	1
1711	153	27	3000002;5200005;4199001	80;1;5	1
1712	153	30	3000002;5200005;4199001	80;1;5	1
1713	253	3	3000002;5200005;4199001	50;2;5	1
1714	253	6	3000002;5200005;4199001	50;2;5	1
1715	253	9	3000002;5200005;4199001	50;2;5	1
1716	253	12	3000002;5200005;4199001	80;2;5	1
1717	253	15	3000002;5200005;4199001	80;2;5	1
1718	253	18	3000002;5200005;4199001	80;2;5	1
1719	253	21	3000002;5200005;4199001	80;2;5	1
1720	253	24	3000002;5200005;4199001	100;2;5	1
1721	253	27	3000002;5200005;4199001	100;2;5	1
1722	253	30	3000002;5200005;4199001	100;2;5	1
1723	353	3	3000002;5200005;4199001	80;3;5	1
1724	353	6	3000002;5200005;4199001	80;3;5	1
1725	353	9	3000002;5200005;4199001	80;3;5	1
1726	353	12	3000002;5200005;4199001	100;3;5	1
1727	353	15	3000002;5200005;4199001	100;3;5	1
1728	353	18	3000002;5200005;4199001	100;3;5	1
1729	353	21	3000002;5200005;4199001	100;3;5	1
1730	353	24	3000002;5200005;4199001	120;3;5	1
1731	353	27	3000002;5200005;4199001	120;3;5	1
1732	353	30	3000002;5200005;4199001	120;3;5	1
1733	453	1	4197005;4100032;4199001	1;5;5	1
1734	453	2	4197005;4100032;4199001	1;5;5	1
1735	453	3	4197005;4100032;4199001	2;5;5	1
1736	453	4	4197005;4100032;4199001	1;5;5	1
1737	453	5	4197005;4100032;4199001	1;5;5	1
1738	453	6	4197005;4100032;4199001	2;5;5	1
1739	154	3	3000002;5200005;4199001	20;1;5	1
1740	154	6	3000002;5200005;4199001	20;1;5	1
1741	154	9	3000002;5200005;4199001	20;1;5	1
1742	154	12	3000002;5200005;4199001	50;1;5	1
1743	154	15	3000002;5200005;4199001	50;1;5	1
1744	154	18	3000002;5200005;4199001	50;1;5	1
1745	154	21	3000002;5200005;4199001	50;1;5	1
1746	154	24	3000002;5200005;4199001	80;1;5	1
1747	154	27	3000002;5200005;4199001	80;1;5	1
1748	154	30	3000002;5200005;4199001	80;1;5	1
1749	254	3	3000002;5200005;4199001	50;2;5	1
1750	254	6	3000002;5200005;4199001	50;2;5	1
1751	254	9	3000002;5200005;4199001	50;2;5	1
1752	254	12	3000002;5200005;4199001	80;2;5	1
1753	254	15	3000002;5200005;4199001	80;2;5	1
1754	254	18	3000002;5200005;4199001	80;2;5	1
1755	254	21	3000002;5200005;4199001	80;2;5	1
1756	254	24	3000002;5200005;4199001	100;2;5	1
1757	254	27	3000002;5200005;4199001	100;2;5	1
1758	254	30	3000002;5200005;4199001	100;2;5	1
1759	354	3	3000002;5200005;4199001	80;3;5	1
1760	354	6	3000002;5200005;4199001	80;3;5	1
1761	354	9	3000002;5200005;4199001	80;3;5	1
1762	354	12	3000002;5200005;4199001	100;3;5	1
1763	354	15	3000002;5200005;4199001	100;3;5	1
1764	354	18	3000002;5200005;4199001	100;3;5	1
1765	354	21	3000002;5200005;4199001	100;3;5	1
1766	354	24	3000002;5200005;4199001	120;3;5	1
1767	354	27	3000002;5200005;4199001	120;3;5	1
1768	354	30	3000002;5200005;4199001	120;3;5	1
1769	454	1	4197005;4100032;4199001	1;5;5	1
1770	454	2	4197005;4100032;4199001	1;5;5	1
1771	454	3	4197005;4100032;4199001	2;5;5	1
1772	454	4	4197005;4100032;4199001	1;5;5	1
1773	454	5	4197005;4100032;4199001	1;5;5	1
1774	454	6	4197005;4100032;4199001	2;5;5	1
1775	155	3	3000002;5200005;4199001	20;1;5	1
1776	155	6	3000002;5200005;4199001	20;1;5	1
1777	155	9	3000002;5200005;4199001	20;1;5	1
1778	155	12	3000002;5200005;4199001	50;1;5	1
1779	155	15	3000002;5200005;4199001	50;1;5	1
1780	155	18	3000002;5200005;4199001	50;1;5	1
1781	155	21	3000002;5200005;4199001	50;1;5	1
1782	155	24	3000002;5200005;4199001	80;1;5	1
1783	155	27	3000002;5200005;4199001	80;1;5	1
1784	155	30	3000002;5200005;4199001	80;1;5	1
1785	255	3	3000002;5200005;4199001	50;2;5	1
1786	255	6	3000002;5200005;4199001	50;2;5	1
1787	255	9	3000002;5200005;4199001	50;2;5	1
1788	255	12	3000002;5200005;4199001	80;2;5	1
1789	255	15	3000002;5200005;4199001	80;2;5	1
1790	255	18	3000002;5200005;4199001	80;2;5	1
1791	255	21	3000002;5200005;4199001	80;2;5	1
1792	255	24	3000002;5200005;4199001	100;2;5	1
1793	255	27	3000002;5200005;4199001	100;2;5	1
1794	255	30	3000002;5200005;4199001	100;2;5	1
1795	355	3	3000002;5200005;4199001	80;3;5	1
1796	355	6	3000002;5200005;4199001	80;3;5	1
1797	355	9	3000002;5200005;4199001	80;3;5	1
1798	355	12	3000002;5200005;4199001	100;3;5	1
1799	355	15	3000002;5200005;4199001	100;3;5	1
1800	355	18	3000002;5200005;4199001	100;3;5	1
1801	355	21	3000002;5200005;4199001	100;3;5	1
1802	355	24	3000002;5200005;4199001	120;3;5	1
1803	355	27	3000002;5200005;4199001	120;3;5	1
1804	355	30	3000002;5200005;4199001	120;3;5	1
1805	455	1	4197005;4100032;4199001	1;5;5	1
1806	455	2	4197005;4100032;4199001	1;5;5	1
1807	455	3	4197005;4100032;4199001	2;5;5	1
1808	455	4	4197005;4100032;4199001	1;5;5	1
1809	455	5	4197005;4100032;4199001	1;5;5	1
1810	455	6	4197005;4100032;4199001	2;5;5	1
1811	156	3	3000002;5200005;4199001	20;1;5	1
1812	156	6	3000002;5200005;4199001	20;1;5	1
1813	156	9	3000002;5200005;4199001	20;1;5	1
1814	156	12	3000002;5200005;4199001	50;1;5	1
1815	156	15	3000002;5200005;4199001	50;1;5	1
1816	156	18	3000002;5200005;4199001	50;1;5	1
1817	156	21	3000002;5200005;4199001	50;1;5	1
1818	156	24	3000002;5200005;4199001	80;1;5	1
1819	156	27	3000002;5200005;4199001	80;1;5	1
1820	156	30	3000002;5200005;4199001	80;1;5	1
1821	256	3	3000002;5200005;4199001	50;2;5	1
1822	256	6	3000002;5200005;4199001	50;2;5	1
1823	256	9	3000002;5200005;4199001	50;2;5	1
1824	256	12	3000002;5200005;4199001	80;2;5	1
1825	256	15	3000002;5200005;4199001	80;2;5	1
1826	256	18	3000002;5200005;4199001	80;2;5	1
1827	256	21	3000002;5200005;4199001	80;2;5	1
1828	256	24	3000002;5200005;4199001	100;2;5	1
1829	256	27	3000002;5200005;4199001	100;2;5	1
1830	256	30	3000002;5200005;4199001	100;2;5	1
1831	356	3	3000002;5200005;4199001	80;3;5	1
1832	356	6	3000002;5200005;4199001	80;3;5	1
1833	356	9	3000002;5200005;4199001	80;3;5	1
1834	356	12	3000002;5200005;4199001	100;3;5	1
1835	356	15	3000002;5200005;4199001	100;3;5	1
1836	356	18	3000002;5200005;4199001	100;3;5	1
1837	356	21	3000002;5200005;4199001	100;3;5	1
1838	356	24	3000002;5200005;4199001	120;3;5	1
1839	356	27	3000002;5200005;4199001	120;3;5	1
1840	356	30	3000002;5200005;4199001	120;3;5	1
1841	456	1	4197005;4100032;4199001	1;5;5	1
1842	456	2	4197005;4100032;4199001	1;5;5	1
1843	456	3	4197005;4100032;4199001	2;5;5	1
1844	456	4	4197005;4100032;4199001	1;5;5	1
1845	456	5	4197005;4100032;4199001	1;5;5	1
1846	456	6	4197005;4100032;4199001	2;5;5	1
1847	157	3	3000002;5200005;4199001	20;1;5	1
1848	157	6	3000002;5200005;4199001	20;1;5	1
1849	157	9	3000002;5200005;4199001	20;1;5	1
1850	157	12	3000002;5200005;4199001	50;1;5	1
1851	157	15	3000002;5200005;4199001	50;1;5	1
1852	157	18	3000002;5200005;4199001	50;1;5	1
1853	157	21	3000002;5200005;4199001	50;1;5	1
1854	157	24	3000002;5200005;4199001	80;1;5	1
1855	157	27	3000002;5200005;4199001	80;1;5	1
1856	157	30	3000002;5200005;4199001	80;1;5	1
1857	257	3	3000002;5200005;4199001	50;2;5	1
1858	257	6	3000002;5200005;4199001	50;2;5	1
1859	257	9	3000002;5200005;4199001	50;2;5	1
1860	257	12	3000002;5200005;4199001	80;2;5	1
1861	257	15	3000002;5200005;4199001	80;2;5	1
1862	257	18	3000002;5200005;4199001	80;2;5	1
1863	257	21	3000002;5200005;4199001	80;2;5	1
1864	257	24	3000002;5200005;4199001	100;2;5	1
1865	257	27	3000002;5200005;4199001	100;2;5	1
1866	257	30	3000002;5200005;4199001	100;2;5	1
1867	357	3	3000002;5200005;4199001	80;3;5	1
1868	357	6	3000002;5200005;4199001	80;3;5	1
1869	357	9	3000002;5200005;4199001	80;3;5	1
1870	357	12	3000002;5200005;4199001	100;3;5	1
1871	357	15	3000002;5200005;4199001	100;3;5	1
1872	357	18	3000002;5200005;4199001	100;3;5	1
1873	357	21	3000002;5200005;4199001	100;3;5	1
1874	357	24	3000002;5200005;4199001	120;3;5	1
1875	357	27	3000002;5200005;4199001	120;3;5	1
1876	357	30	3000002;5200005;4199001	120;3;5	1
1877	457	1	4197005;4100032;4199001	1;5;5	1
1878	457	2	4197005;4100032;4199001	1;5;5	1
1879	457	3	4197005;4100032;4199001	2;5;5	1
1880	457	4	4197005;4100032;4199001	1;5;5	1
1881	457	5	4197005;4100032;4199001	1;5;5	1
1882	457	6	4197005;4100032;4199001	2;5;5	1
1883	158	3	3000002;5200005;4199001	20;1;5	1
1884	158	6	3000002;5200005;4199001	20;1;5	1
1885	158	9	3000002;5200005;4199001	20;1;5	1
1886	158	12	3000002;5200005;4199001	50;1;5	1
1887	158	15	3000002;5200005;4199001	50;1;5	1
1888	158	18	3000002;5200005;4199001	50;1;5	1
1889	158	21	3000002;5200005;4199001	50;1;5	1
1890	158	24	3000002;5200005;4199001	80;1;5	1
1891	158	27	3000002;5200005;4199001	80;1;5	1
1892	158	30	3000002;5200005;4199001	80;1;5	1
1893	258	3	3000002;5200005;4199001	50;2;5	1
1894	258	6	3000002;5200005;4199001	50;2;5	1
1895	258	9	3000002;5200005;4199001	50;2;5	1
1896	258	12	3000002;5200005;4199001	80;2;5	1
1897	258	15	3000002;5200005;4199001	80;2;5	1
1898	258	18	3000002;5200005;4199001	80;2;5	1
1899	258	21	3000002;5200005;4199001	80;2;5	1
1900	258	24	3000002;5200005;4199001	100;2;5	1
1901	258	27	3000002;5200005;4199001	100;2;5	1
1902	258	30	3000002;5200005;4199001	100;2;5	1
1903	358	3	3000002;5200005;4199001	80;3;5	1
1904	358	6	3000002;5200005;4199001	80;3;5	1
1905	358	9	3000002;5200005;4199001	80;3;5	1
1906	358	12	3000002;5200005;4199001	100;3;5	1
1907	358	15	3000002;5200005;4199001	100;3;5	1
1908	358	18	3000002;5200005;4199001	100;3;5	1
1909	358	21	3000002;5200005;4199001	100;3;5	1
1910	358	24	3000002;5200005;4199001	120;3;5	1
1911	358	27	3000002;5200005;4199001	120;3;5	1
1912	358	30	3000002;5200005;4199001	120;3;5	1
1913	458	1	4197005;4100032;4199001	1;5;5	1
1914	458	2	4197005;4100032;4199001	1;5;5	1
1915	458	3	4197005;4100032;4199001	2;5;5	1
1916	458	4	4197005;4100032;4199001	1;5;5	1
1917	458	5	4197005;4100032;4199001	1;5;5	1
1918	458	6	4197005;4100032;4199001	2;5;5	1
1919	159	3	3000002;5200005;4199001	20;1;5	1
1920	159	6	3000002;5200005;4199001	20;1;5	1
1921	159	9	3000002;5200005;4199001	20;1;5	1
1922	159	12	3000002;5200005;4199001	50;1;5	1
1923	159	15	3000002;5200005;4199001	50;1;5	1
1924	159	18	3000002;5200005;4199001	50;1;5	1
1925	159	21	3000002;5200005;4199001	50;1;5	1
1926	159	24	3000002;5200005;4199001	80;1;5	1
1927	159	27	3000002;5200005;4199001	80;1;5	1
1928	159	30	3000002;5200005;4199001	80;1;5	1
1929	259	3	3000002;5200005;4199001	50;2;5	1
1930	259	6	3000002;5200005;4199001	50;2;5	1
1931	259	9	3000002;5200005;4199001	50;2;5	1
1932	259	12	3000002;5200005;4199001	80;2;5	1
1933	259	15	3000002;5200005;4199001	80;2;5	1
1934	259	18	3000002;5200005;4199001	80;2;5	1
1935	259	21	3000002;5200005;4199001	80;2;5	1
1936	259	24	3000002;5200005;4199001	100;2;5	1
1937	259	27	3000002;5200005;4199001	100;2;5	1
1938	259	30	3000002;5200005;4199001	100;2;5	1
1939	359	3	3000002;5200005;4199001	80;3;5	1
1940	359	6	3000002;5200005;4199001	80;3;5	1
1941	359	9	3000002;5200005;4199001	80;3;5	1
1942	359	12	3000002;5200005;4199001	100;3;5	1
1943	359	15	3000002;5200005;4199001	100;3;5	1
1944	359	18	3000002;5200005;4199001	100;3;5	1
1945	359	21	3000002;5200005;4199001	100;3;5	1
1946	359	24	3000002;5200005;4199001	120;3;5	1
1947	359	27	3000002;5200005;4199001	120;3;5	1
1948	359	30	3000002;5200005;4199001	120;3;5	1
1949	459	1	4197005;4100032;4199001	1;5;5	1
1950	459	2	4197005;4100032;4199001	1;5;5	1
1951	459	3	4197005;4100032;4199001	2;5;5	1
1952	459	4	4197005;4100032;4199001	1;5;5	1
1953	459	5	4197005;4100032;4199001	1;5;5	1
1954	459	6	4197005;4100032;4199001	2;5;5	1
1955	160	3	3000002;5200005;4199001	20;1;5	1
1956	160	6	3000002;5200005;4199001	20;1;5	1
1957	160	9	3000002;5200005;4199001	20;1;5	1
1958	160	12	3000002;5200005;4199001	50;1;5	1
1959	160	15	3000002;5200005;4199001	50;1;5	1
1960	160	18	3000002;5200005;4199001	50;1;5	1
1961	160	21	3000002;5200005;4199001	50;1;5	1
1962	160	24	3000002;5200005;4199001	80;1;5	1
1963	160	27	3000002;5200005;4199001	80;1;5	1
1964	160	30	3000002;5200005;4199001	80;1;5	1
1965	260	3	3000002;5200005;4199001	50;2;5	1
1966	260	6	3000002;5200005;4199001	50;2;5	1
1967	260	9	3000002;5200005;4199001	50;2;5	1
1968	260	12	3000002;5200005;4199001	80;2;5	1
1969	260	15	3000002;5200005;4199001	80;2;5	1
1970	260	18	3000002;5200005;4199001	80;2;5	1
1971	260	21	3000002;5200005;4199001	80;2;5	1
1972	260	24	3000002;5200005;4199001	100;2;5	1
1973	260	27	3000002;5200005;4199001	100;2;5	1
1974	260	30	3000002;5200005;4199001	100;2;5	1
1975	360	3	3000002;5200005;4199001	80;3;5	1
1976	360	6	3000002;5200005;4199001	80;3;5	1
1977	360	9	3000002;5200005;4199001	80;3;5	1
1978	360	12	3000002;5200005;4199001	100;3;5	1
1979	360	15	3000002;5200005;4199001	100;3;5	1
1980	360	18	3000002;5200005;4199001	100;3;5	1
1981	360	21	3000002;5200005;4199001	100;3;5	1
1982	360	24	3000002;5200005;4199001	120;3;5	1
1983	360	27	3000002;5200005;4199001	120;3;5	1
1984	360	30	3000002;5200005;4199001	120;3;5	1
1985	460	1	4197005;4100032;4199001	1;5;5	1
1986	460	2	4197005;4100032;4199001	1;5;5	1
1987	460	3	4197005;4100032;4199001	2;5;5	1
1988	460	4	4197005;4100032;4199001	1;5;5	1
1989	460	5	4197005;4100032;4199001	1;5;5	1
1990	460	6	4197005;4100032;4199001	2;5;5	1
1991	161	3	3000002;5200005;4199001	20;1;5	1
1992	161	6	3000002;5200005;4199001	20;1;5	1
1993	161	9	3000002;5200005;4199001	20;1;5	1
1994	161	12	3000002;5200005;4199001	50;1;5	1
1995	161	15	3000002;5200005;4199001	50;1;5	1
1996	161	18	3000002;5200005;4199001	50;1;5	1
1997	161	21	3000002;5200005;4199001	50;1;5	1
1998	161	24	3000002;5200005;4199001	80;1;5	1
1999	161	27	3000002;5200005;4199001	80;1;5	1
2000	161	30	3000002;5200005;4199001	80;1;5	1
2001	261	3	3000002;5200005;4199001	50;2;5	1
2002	261	6	3000002;5200005;4199001	50;2;5	1
2003	261	9	3000002;5200005;4199001	50;2;5	1
2004	261	12	3000002;5200005;4199001	80;2;5	1
2005	261	15	3000002;5200005;4199001	80;2;5	1
2006	261	18	3000002;5200005;4199001	80;2;5	1
2007	261	21	3000002;5200005;4199001	80;2;5	1
2008	261	24	3000002;5200005;4199001	100;2;5	1
2009	261	27	3000002;5200005;4199001	100;2;5	1
2010	261	30	3000002;5200005;4199001	100;2;5	1
2011	361	3	3000002;5200005;4199001	80;3;5	1
2012	361	6	3000002;5200005;4199001	80;3;5	1
2013	361	9	3000002;5200005;4199001	80;3;5	1
2014	361	12	3000002;5200005;4199001	100;3;5	1
2015	361	15	3000002;5200005;4199001	100;3;5	1
2016	361	18	3000002;5200005;4199001	100;3;5	1
2017	361	21	3000002;5200005;4199001	100;3;5	1
2018	361	24	3000002;5200005;4199001	120;3;5	1
2019	361	27	3000002;5200005;4199001	120;3;5	1
2020	361	30	3000002;5200005;4199001	120;3;5	1
2021	461	1	4197005;4100032;4199001	1;5;5	1
2022	461	2	4197005;4100032;4199001	1;5;5	1
2023	461	3	4197005;4100032;4199001	2;5;5	1
2024	461	4	4197005;4100032;4199001	1;5;5	1
2025	461	5	4197005;4100032;4199001	1;5;5	1
2026	461	6	4197005;4100032;4199001	2;5;5	1
2027	162	3	3000002;5200005;4199001	20;1;5	1
2028	162	6	3000002;5200005;4199001	20;1;5	1
2029	162	9	3000002;5200005;4199001	20;1;5	1
2030	162	12	3000002;5200005;4199001	50;1;5	1
2031	162	15	3000002;5200005;4199001	50;1;5	1
2032	162	18	3000002;5200005;4199001	50;1;5	1
2033	162	21	3000002;5200005;4199001	50;1;5	1
2034	162	24	3000002;5200005;4199001	80;1;5	1
2035	162	27	3000002;5200005;4199001	80;1;5	1
2036	162	30	3000002;5200005;4199001	80;1;5	1
2037	262	3	3000002;5200005;4199001	50;2;5	1
2038	262	6	3000002;5200005;4199001	50;2;5	1
2039	262	9	3000002;5200005;4199001	50;2;5	1
2040	262	12	3000002;5200005;4199001	80;2;5	1
2041	262	15	3000002;5200005;4199001	80;2;5	1
2042	262	18	3000002;5200005;4199001	80;2;5	1
2043	262	21	3000002;5200005;4199001	80;2;5	1
2044	262	24	3000002;5200005;4199001	100;2;5	1
2045	262	27	3000002;5200005;4199001	100;2;5	1
2046	262	30	3000002;5200005;4199001	100;2;5	1
2047	362	3	3000002;5200005;4199001	80;3;5	1
2048	362	6	3000002;5200005;4199001	80;3;5	1
2049	362	9	3000002;5200005;4199001	80;3;5	1
2050	362	12	3000002;5200005;4199001	100;3;5	1
2051	362	15	3000002;5200005;4199001	100;3;5	1
2052	362	18	3000002;5200005;4199001	100;3;5	1
2053	362	21	3000002;5200005;4199001	100;3;5	1
2054	362	24	3000002;5200005;4199001	120;3;5	1
2055	362	27	3000002;5200005;4199001	120;3;5	1
2056	362	30	3000002;5200005;4199001	120;3;5	1
2057	462	1	4197005;4100032;4199001	1;5;5	1
2058	462	2	4197005;4100032;4199001	1;5;5	1
2059	462	3	4197005;4100032;4199001	2;5;5	1
2060	462	4	4197005;4100032;4199001	1;5;5	1
2061	462	5	4197005;4100032;4199001	1;5;5	1
2062	462	6	4197005;4100032;4199001	2;5;5	1
2063	163	3	3000002;5200005;4199001	20;1;5	1
2064	163	6	3000002;5200005;4199001	20;1;5	1
2065	163	9	3000002;5200005;4199001	20;1;5	1
2066	163	12	3000002;5200005;4199001	50;1;5	1
2067	163	15	3000002;5200005;4199001	50;1;5	1
2068	163	18	3000002;5200005;4199001	50;1;5	1
2069	163	21	3000002;5200005;4199001	50;1;5	1
2070	163	24	3000002;5200005;4199001	80;1;5	1
2071	163	27	3000002;5200005;4199001	80;1;5	1
2072	163	30	3000002;5200005;4199001	80;1;5	1
2073	263	3	3000002;5200005;4199001	50;2;5	1
2074	263	6	3000002;5200005;4199001	50;2;5	1
2075	263	9	3000002;5200005;4199001	50;2;5	1
2076	263	12	3000002;5200005;4199001	80;2;5	1
2077	263	15	3000002;5200005;4199001	80;2;5	1
2078	263	18	3000002;5200005;4199001	80;2;5	1
2079	263	21	3000002;5200005;4199001	80;2;5	1
2080	263	24	3000002;5200005;4199001	100;2;5	1
2081	263	27	3000002;5200005;4199001	100;2;5	1
2082	263	30	3000002;5200005;4199001	100;2;5	1
2083	363	3	3000002;5200005;4199001	80;3;5	1
2084	363	6	3000002;5200005;4199001	80;3;5	1
2085	363	9	3000002;5200005;4199001	80;3;5	1
2086	363	12	3000002;5200005;4199001	100;3;5	1
2087	363	15	3000002;5200005;4199001	100;3;5	1
2088	363	18	3000002;5200005;4199001	100;3;5	1
2089	363	21	3000002;5200005;4199001	100;3;5	1
2090	363	24	3000002;5200005;4199001	120;3;5	1
2091	363	27	3000002;5200005;4199001	120;3;5	1
2092	363	30	3000002;5200005;4199001	120;3;5	1
2093	463	1	4197005;4100032;4199001	1;5;5	1
2094	463	2	4197005;4100032;4199001	1;5;5	1
2095	463	3	4197005;4100032;4199001	2;5;5	1
2096	463	4	4197005;4100032;4199001	1;5;5	1
2097	463	5	4197005;4100032;4199001	1;5;5	1
2098	463	6	4197005;4100032;4199001	2;5;5	1
2099	164	3	3000002;5200005;4199001	20;1;5	1
2100	164	6	3000002;5200005;4199001	20;1;5	1
2101	164	9	3000002;5200005;4199001	20;1;5	1
2102	164	12	3000002;5200005;4199001	50;1;5	1
2103	164	15	3000002;5200005;4199001	50;1;5	1
2104	164	18	3000002;5200005;4199001	50;1;5	1
2105	164	21	3000002;5200005;4199001	50;1;5	1
2106	164	24	3000002;5200005;4199001	80;1;5	1
2107	164	27	3000002;5200005;4199001	80;1;5	1
2108	164	30	3000002;5200005;4199001	80;1;5	1
2109	264	3	3000002;5200005;4199001	50;2;5	1
2110	264	6	3000002;5200005;4199001	50;2;5	1
2111	264	9	3000002;5200005;4199001	50;2;5	1
2112	264	12	3000002;5200005;4199001	80;2;5	1
2113	264	15	3000002;5200005;4199001	80;2;5	1
2114	264	18	3000002;5200005;4199001	80;2;5	1
2115	264	21	3000002;5200005;4199001	80;2;5	1
2116	264	24	3000002;5200005;4199001	100;2;5	1
2117	264	27	3000002;5200005;4199001	100;2;5	1
2118	264	30	3000002;5200005;4199001	100;2;5	1
2119	364	3	3000002;5200005;4199001	80;3;5	1
2120	364	6	3000002;5200005;4199001	80;3;5	1
2121	364	9	3000002;5200005;4199001	80;3;5	1
2122	364	12	3000002;5200005;4199001	100;3;5	1
2123	364	15	3000002;5200005;4199001	100;3;5	1
2124	364	18	3000002;5200005;4199001	100;3;5	1
2125	364	21	3000002;5200005;4199001	100;3;5	1
2126	364	24	3000002;5200005;4199001	120;3;5	1
2127	364	27	3000002;5200005;4199001	120;3;5	1
2128	364	30	3000002;5200005;4199001	120;3;5	1
2129	464	1	4197005;4100032;4199001	1;5;5	1
2130	464	2	4197005;4100032;4199001	1;5;5	1
2131	464	3	4197005;4100032;4199001	2;5;5	1
2132	464	4	4197005;4100032;4199001	1;5;5	1
2133	464	5	4197005;4100032;4199001	1;5;5	1
2134	464	6	4197005;4100032;4199001	2;5;5	1
2135	165	3	3000002;5200005;4199001	20;1;5	1
2136	165	6	3000002;5200005;4199001	20;1;5	1
2137	165	9	3000002;5200005;4199001	20;1;5	1
2138	165	12	3000002;5200005;4199001	50;1;5	1
2139	165	15	3000002;5200005;4199001	50;1;5	1
2140	165	18	3000002;5200005;4199001	50;1;5	1
2141	165	21	3000002;5200005;4199001	50;1;5	1
2142	165	24	3000002;5200005;4199001	80;1;5	1
2143	165	27	3000002;5200005;4199001	80;1;5	1
2144	165	30	3000002;5200005;4199001	80;1;5	1
2145	265	3	3000002;5200005;4199001	50;2;5	1
2146	265	6	3000002;5200005;4199001	50;2;5	1
2147	265	9	3000002;5200005;4199001	50;2;5	1
2148	265	12	3000002;5200005;4199001	80;2;5	1
2149	265	15	3000002;5200005;4199001	80;2;5	1
2150	265	18	3000002;5200005;4199001	80;2;5	1
2151	265	21	3000002;5200005;4199001	80;2;5	1
2152	265	24	3000002;5200005;4199001	100;2;5	1
2153	265	27	3000002;5200005;4199001	100;2;5	1
2154	265	30	3000002;5200005;4199001	100;2;5	1
2155	365	3	3000002;5200005;4199001	80;3;5	1
2156	365	6	3000002;5200005;4199001	80;3;5	1
2157	365	9	3000002;5200005;4199001	80;3;5	1
2158	365	12	3000002;5200005;4199001	100;3;5	1
2159	365	15	3000002;5200005;4199001	100;3;5	1
2160	365	18	3000002;5200005;4199001	100;3;5	1
2161	365	21	3000002;5200005;4199001	100;3;5	1
2162	365	24	3000002;5200005;4199001	120;3;5	1
2163	365	27	3000002;5200005;4199001	120;3;5	1
2164	365	30	3000002;5200005;4199001	120;3;5	1
2165	465	1	4197005;4100032;4199001	1;5;5	1
2166	465	2	4197005;4100032;4199001	1;5;5	1
2167	465	3	4197005;4100032;4199001	2;5;5	1
2168	465	4	4197005;4100032;4199001	1;5;5	1
2169	465	5	4197005;4100032;4199001	1;5;5	1
2170	465	6	4197005;4100032;4199001	2;5;5	1
2171	166	3	3000002;5200005;4199001	20;1;5	1
2172	166	6	3000002;5200005;4199001	20;1;5	1
2173	166	9	3000002;5200005;4199001	20;1;5	1
2174	166	12	3000002;5200005;4199001	50;1;5	1
2175	166	15	3000002;5200005;4199001	50;1;5	1
2176	166	18	3000002;5200005;4199001	50;1;5	1
2177	166	21	3000002;5200005;4199001	50;1;5	1
2178	166	24	3000002;5200005;4199001	80;1;5	1
2179	166	27	3000002;5200005;4199001	80;1;5	1
2180	166	30	3000002;5200005;4199001	80;1;5	1
2181	266	3	3000002;5200005;4199001	50;2;5	1
2182	266	6	3000002;5200005;4199001	50;2;5	1
2183	266	9	3000002;5200005;4199001	50;2;5	1
2184	266	12	3000002;5200005;4199001	80;2;5	1
2185	266	15	3000002;5200005;4199001	80;2;5	1
2186	266	18	3000002;5200005;4199001	80;2;5	1
2187	266	21	3000002;5200005;4199001	80;2;5	1
2188	266	24	3000002;5200005;4199001	100;2;5	1
2189	266	27	3000002;5200005;4199001	100;2;5	1
2190	266	30	3000002;5200005;4199001	100;2;5	1
2191	366	3	3000002;5200005;4199001	80;3;5	1
2192	366	6	3000002;5200005;4199001	80;3;5	1
2193	366	9	3000002;5200005;4199001	80;3;5	1
2194	366	12	3000002;5200005;4199001	100;3;5	1
2195	366	15	3000002;5200005;4199001	100;3;5	1
2196	366	18	3000002;5200005;4199001	100;3;5	1
2197	366	21	3000002;5200005;4199001	100;3;5	1
2198	366	24	3000002;5200005;4199001	120;3;5	1
2199	366	27	3000002;5200005;4199001	120;3;5	1
2200	366	30	3000002;5200005;4199001	120;3;5	1
2201	466	1	4197005;4100032;4199001	1;5;5	1
2202	466	2	4197005;4100032;4199001	1;5;5	1
2203	466	3	4197005;4100032;4199001	2;5;5	1
2204	466	4	4197005;4100032;4199001	1;5;5	1
2205	466	5	4197005;4100032;4199001	1;5;5	1
2206	466	6	4197005;4100032;4199001	2;5;5	1
2207	167	3	3000002;5200005;4199001	20;1;5	1
2208	167	6	3000002;5200005;4199001	20;1;5	1
2209	167	9	3000002;5200005;4199001	20;1;5	1
2210	167	12	3000002;5200005;4199001	50;1;5	1
2211	167	15	3000002;5200005;4199001	50;1;5	1
2212	167	18	3000002;5200005;4199001	50;1;5	1
2213	167	21	3000002;5200005;4199001	50;1;5	1
2214	167	24	3000002;5200005;4199001	80;1;5	1
2215	167	27	3000002;5200005;4199001	80;1;5	1
2216	167	30	3000002;5200005;4199001	80;1;5	1
2217	267	3	3000002;5200005;4199001	50;2;5	1
2218	267	6	3000002;5200005;4199001	50;2;5	1
2219	267	9	3000002;5200005;4199001	50;2;5	1
2220	267	12	3000002;5200005;4199001	80;2;5	1
2221	267	15	3000002;5200005;4199001	80;2;5	1
2222	267	18	3000002;5200005;4199001	80;2;5	1
2223	267	21	3000002;5200005;4199001	80;2;5	1
2224	267	24	3000002;5200005;4199001	100;2;5	1
2225	267	27	3000002;5200005;4199001	100;2;5	1
2226	267	30	3000002;5200005;4199001	100;2;5	1
2227	367	3	3000002;5200005;4199001	80;3;5	1
2228	367	6	3000002;5200005;4199001	80;3;5	1
2229	367	9	3000002;5200005;4199001	80;3;5	1
2230	367	12	3000002;5200005;4199001	100;3;5	1
2231	367	15	3000002;5200005;4199001	100;3;5	1
2232	367	18	3000002;5200005;4199001	100;3;5	1
2233	367	21	3000002;5200005;4199001	100;3;5	1
2234	367	24	3000002;5200005;4199001	120;3;5	1
2235	367	27	3000002;5200005;4199001	120;3;5	1
2236	367	30	3000002;5200005;4199001	120;3;5	1
2237	467	1	4197005;4100032;4199001	1;5;5	1
2238	467	2	4197005;4100032;4199001	1;5;5	1
2239	467	3	4197005;4100032;4199001	2;5;5	1
2240	467	4	4197005;4100032;4199001	1;5;5	1
2241	467	5	4197005;4100032;4199001	1;5;5	1
2242	467	6	4197005;4100032;4199001	2;5;5	1
2243	168	3	3000002;5200005;4199001	20;1;5	1
2244	168	6	3000002;5200005;4199001	20;1;5	1
2245	168	9	3000002;5200005;4199001	20;1;5	1
2246	168	12	3000002;5200005;4199001	50;1;5	1
2247	168	15	3000002;5200005;4199001	50;1;5	1
2248	168	18	3000002;5200005;4199001	50;1;5	1
2249	168	21	3000002;5200005;4199001	50;1;5	1
2250	168	24	3000002;5200005;4199001	80;1;5	1
2251	168	27	3000002;5200005;4199001	80;1;5	1
2252	168	30	3000002;5200005;4199001	80;1;5	1
2253	268	3	3000002;5200005;4199001	50;2;5	1
2254	268	6	3000002;5200005;4199001	50;2;5	1
2255	268	9	3000002;5200005;4199001	50;2;5	1
2256	268	12	3000002;5200005;4199001	80;2;5	1
2257	268	15	3000002;5200005;4199001	80;2;5	1
2258	268	18	3000002;5200005;4199001	80;2;5	1
2259	268	21	3000002;5200005;4199001	80;2;5	1
2260	268	24	3000002;5200005;4199001	100;2;5	1
2261	268	27	3000002;5200005;4199001	100;2;5	1
2262	268	30	3000002;5200005;4199001	100;2;5	1
2263	368	3	3000002;5200005;4199001	80;3;5	1
2264	368	6	3000002;5200005;4199001	80;3;5	1
2265	368	9	3000002;5200005;4199001	80;3;5	1
2266	368	12	3000002;5200005;4199001	100;3;5	1
2267	368	15	3000002;5200005;4199001	100;3;5	1
2268	368	18	3000002;5200005;4199001	100;3;5	1
2269	368	21	3000002;5200005;4199001	100;3;5	1
2270	368	24	3000002;5200005;4199001	120;3;5	1
2271	368	27	3000002;5200005;4199001	120;3;5	1
2272	368	30	3000002;5200005;4199001	120;3;5	1
2273	468	1	4197005;4100032;4199001	1;5;5	1
2274	468	2	4197005;4100032;4199001	1;5;5	1
2275	468	3	4197005;4100032;4199001	2;5;5	1
2276	468	4	4197005;4100032;4199001	1;5;5	1
2277	468	5	4197005;4100032;4199001	1;5;5	1
2278	468	6	4197005;4100032;4199001	2;5;5	1
2279	169	3	3000002;5200005;4199001	20;1;5	1
2280	169	6	3000002;5200005;4199001	20;1;5	1
2281	169	9	3000002;5200005;4199001	20;1;5	1
2282	169	12	3000002;5200005;4199001	50;1;5	1
2283	169	15	3000002;5200005;4199001	50;1;5	1
2284	169	18	3000002;5200005;4199001	50;1;5	1
2285	169	21	3000002;5200005;4199001	50;1;5	1
2286	169	24	3000002;5200005;4199001	80;1;5	1
2287	169	27	3000002;5200005;4199001	80;1;5	1
2288	169	30	3000002;5200005;4199001	80;1;5	1
2289	269	3	3000002;5200005;4199001	50;2;5	1
2290	269	6	3000002;5200005;4199001	50;2;5	1
2291	269	9	3000002;5200005;4199001	50;2;5	1
2292	269	12	3000002;5200005;4199001	80;2;5	1
2293	269	15	3000002;5200005;4199001	80;2;5	1
2294	269	18	3000002;5200005;4199001	80;2;5	1
2295	269	21	3000002;5200005;4199001	80;2;5	1
2296	269	24	3000002;5200005;4199001	100;2;5	1
2297	269	27	3000002;5200005;4199001	100;2;5	1
2298	269	30	3000002;5200005;4199001	100;2;5	1
2299	369	3	3000002;5200005;4199001	80;3;5	1
2300	369	6	3000002;5200005;4199001	80;3;5	1
2301	369	9	3000002;5200005;4199001	80;3;5	1
2302	369	12	3000002;5200005;4199001	100;3;5	1
2303	369	15	3000002;5200005;4199001	100;3;5	1
2304	369	18	3000002;5200005;4199001	100;3;5	1
2305	369	21	3000002;5200005;4199001	100;3;5	1
2306	369	24	3000002;5200005;4199001	120;3;5	1
2307	369	27	3000002;5200005;4199001	120;3;5	1
2308	369	30	3000002;5200005;4199001	120;3;5	1
2309	469	1	4197005;4100032;4199001	1;5;5	1
2310	469	2	4197005;4100032;4199001	1;5;5	1
2311	469	3	4197005;4100032;4199001	2;5;5	1
2312	469	4	4197005;4100032;4199001	1;5;5	1
2313	469	5	4197005;4100032;4199001	1;5;5	1
2314	469	6	4197005;4100032;4199001	2;5;5	1
2315	170	3	3000002;5200005;4199001	20;1;5	1
2316	170	6	3000002;5200005;4199001	20;1;5	1
2317	170	9	3000002;5200005;4199001	20;1;5	1
2318	170	12	3000002;5200005;4199001	50;1;5	1
2319	170	15	3000002;5200005;4199001	50;1;5	1
2320	170	18	3000002;5200005;4199001	50;1;5	1
2321	170	21	3000002;5200005;4199001	50;1;5	1
2322	170	24	3000002;5200005;4199001	80;1;5	1
2323	170	27	3000002;5200005;4199001	80;1;5	1
2324	170	30	3000002;5200005;4199001	80;1;5	1
2325	270	3	3000002;5200005;4199001	50;2;5	1
2326	270	6	3000002;5200005;4199001	50;2;5	1
2327	270	9	3000002;5200005;4199001	50;2;5	1
2328	270	12	3000002;5200005;4199001	80;2;5	1
2329	270	15	3000002;5200005;4199001	80;2;5	1
2330	270	18	3000002;5200005;4199001	80;2;5	1
2331	270	21	3000002;5200005;4199001	80;2;5	1
2332	270	24	3000002;5200005;4199001	100;2;5	1
2333	270	27	3000002;5200005;4199001	100;2;5	1
2334	270	30	3000002;5200005;4199001	100;2;5	1
2335	370	3	3000002;5200005;4199001	80;3;5	1
2336	370	6	3000002;5200005;4199001	80;3;5	1
2337	370	9	3000002;5200005;4199001	80;3;5	1
2338	370	12	3000002;5200005;4199001	100;3;5	1
2339	370	15	3000002;5200005;4199001	100;3;5	1
2340	370	18	3000002;5200005;4199001	100;3;5	1
2341	370	21	3000002;5200005;4199001	100;3;5	1
2342	370	24	3000002;5200005;4199001	120;3;5	1
2343	370	27	3000002;5200005;4199001	120;3;5	1
2344	370	30	3000002;5200005;4199001	120;3;5	1
2345	470	1	4197005;4100032;4199001	1;5;5	1
2346	470	2	4197005;4100032;4199001	1;5;5	1
2347	470	3	4197005;4100032;4199001	2;5;5	1
2348	470	4	4197005;4100032;4199001	1;5;5	1
2349	470	5	4197005;4100032;4199001	1;5;5	1
2350	470	6	4197005;4100032;4199001	2;5;5	1
2351	420	1	4197005;4100032;4199001	1;5;5	1
2352	420	2	4197005;4100032;4199001	1;5;5	1
2353	420	3	4197005;4100032;4199001	2;5;5	1
2354	420	4	4197005;4100032;4199001	1;5;5	1
2355	420	5	4197005;4100032;4199001	1;5;5	1
2356	420	6	4197005;4100032;4199001	2;5;5	1
2357	412	1	4197005;4100032;4199001	1;5;5	1
2358	412	2	4197005;4100032;4199001	1;5;5	1
2359	412	3	4197005;4100032;4199001	2;5;5	1
2360	412	4	4197005;4100032;4199001	1;5;5	1
2361	412	5	4197005;4100032;4199001	1;5;5	1
2362	412	6	4197005;4100032;4199001	2;5;5	1
2363	421	1	4197005;4100032;4199001	1;5;5	1
2364	421	2	4197005;4100032;4199001	1;5;5	1
2365	421	3	4197005;4100032;4199001	2;5;5	1
2366	421	4	4197005;4100032;4199001	1;5;5	1
2367	421	5	4197005;4100032;4199001	1;5;5	1
2368	421	6	4197005;4100032;4199001	2;5;5	1
2369	171	3	3000002;5200005;4199001	20;1;5	1
2370	171	6	3000002;5200005;4199001	20;1;5	1
2371	171	9	3000002;5200005;4199001	20;1;5	1
2372	171	12	3000002;5200005;4199001	50;1;5	1
2373	171	15	3000002;5200005;4199001	50;1;5	1
2374	171	18	3000002;5200005;4199001	50;1;5	1
2375	171	21	3000002;5200005;4199001	50;1;5	1
2376	171	24	3000002;5200005;4199001	80;1;5	1
2377	171	27	3000002;5200005;4199001	80;1;5	1
2378	171	30	3000002;5200005;4199001	80;1;5	1
2379	271	3	3000002;5200005;4199001	50;2;5	1
2380	271	6	3000002;5200005;4199001	50;2;5	1
2381	271	9	3000002;5200005;4199001	50;2;5	1
2382	271	12	3000002;5200005;4199001	80;2;5	1
2383	271	15	3000002;5200005;4199001	80;2;5	1
2384	271	18	3000002;5200005;4199001	80;2;5	1
2385	271	21	3000002;5200005;4199001	80;2;5	1
2386	271	24	3000002;5200005;4199001	100;2;5	1
2387	271	27	3000002;5200005;4199001	100;2;5	1
2388	271	30	3000002;5200005;4199001	100;2;5	1
2389	371	3	3000002;5200005;4199001	80;3;5	1
2390	371	6	3000002;5200005;4199001	80;3;5	1
2391	371	9	3000002;5200005;4199001	80;3;5	1
2392	371	12	3000002;5200005;4199001	100;3;5	1
2393	371	15	3000002;5200005;4199001	100;3;5	1
2394	371	18	3000002;5200005;4199001	100;3;5	1
2395	371	21	3000002;5200005;4199001	100;3;5	1
2396	371	24	3000002;5200005;4199001	120;3;5	1
2397	371	27	3000002;5200005;4199001	120;3;5	1
2398	371	30	3000002;5200005;4199001	120;3;5	1
2399	471	1	4197005;4100032;4199001	1;5;5	1
2400	471	2	4197005;4100032;4199001	1;5;5	1
2401	471	3	4197005;4100032;4199001	2;5;5	1
2402	471	4	4197005;4100032;4199001	1;5;5	1
2403	471	5	4197005;4100032;4199001	1;5;5	1
2404	471	6	4197005;4100032;4199001	2;5;5	1
2405	172	3	3000002;5200005;4199001	20;1;5	1
2406	172	6	3000002;5200005;4199001	20;1;5	1
2407	172	9	3000002;5200005;4199001	20;1;5	1
2408	172	12	3000002;5200005;4199001	50;1;5	1
2409	172	15	3000002;5200005;4199001	50;1;5	1
2410	172	18	3000002;5200005;4199001	50;1;5	1
2411	172	21	3000002;5200005;4199001	50;1;5	1
2412	172	24	3000002;5200005;4199001	80;1;5	1
2413	172	27	3000002;5200005;4199001	80;1;5	1
2414	172	30	3000002;5200005;4199001	80;1;5	1
2415	272	3	3000002;5200005;4199001	50;2;5	1
2416	272	6	3000002;5200005;4199001	50;2;5	1
2417	272	9	3000002;5200005;4199001	50;2;5	1
2418	272	12	3000002;5200005;4199001	80;2;5	1
2419	272	15	3000002;5200005;4199001	80;2;5	1
2420	272	18	3000002;5200005;4199001	80;2;5	1
2421	272	21	3000002;5200005;4199001	80;2;5	1
2422	272	24	3000002;5200005;4199001	100;2;5	1
2423	272	27	3000002;5200005;4199001	100;2;5	1
2424	272	30	3000002;5200005;4199001	100;2;5	1
2425	372	3	3000002;5200005;4199001	80;3;5	1
2426	372	6	3000002;5200005;4199001	80;3;5	1
2427	372	9	3000002;5200005;4199001	80;3;5	1
2428	372	12	3000002;5200005;4199001	100;3;5	1
2429	372	15	3000002;5200005;4199001	100;3;5	1
2430	372	18	3000002;5200005;4199001	100;3;5	1
2431	372	21	3000002;5200005;4199001	100;3;5	1
2432	372	24	3000002;5200005;4199001	120;3;5	1
2433	372	27	3000002;5200005;4199001	120;3;5	1
2434	372	30	3000002;5200005;4199001	120;3;5	1
2435	472	1	4197005;4100032;4199001	1;5;5	1
2436	472	2	4197005;4100032;4199001	1;5;5	1
2437	472	3	4197005;4100032;4199001	2;5;5	1
2438	472	4	4197005;4100032;4199001	1;5;5	1
2439	472	5	4197005;4100032;4199001	1;5;5	1
2440	472	6	4197005;4100032;4199001	2;5;5	1
2441	173	3	3000002;5200005;4199001	20;1;5	1
2442	173	6	3000002;5200005;4199001	20;1;5	1
2443	173	9	3000002;5200005;4199001	20;1;5	1
2444	173	12	3000002;5200005;4199001	50;1;5	1
2445	173	15	3000002;5200005;4199001	50;1;5	1
2446	173	18	3000002;5200005;4199001	50;1;5	1
2447	173	21	3000002;5200005;4199001	50;1;5	1
2448	173	24	3000002;5200005;4199001	80;1;5	1
2449	173	27	3000002;5200005;4199001	80;1;5	1
2450	173	30	3000002;5200005;4199001	80;1;5	1
2451	273	3	3000002;5200005;4199001	50;2;5	1
2452	273	6	3000002;5200005;4199001	50;2;5	1
2453	273	9	3000002;5200005;4199001	50;2;5	1
2454	273	12	3000002;5200005;4199001	80;2;5	1
2455	273	15	3000002;5200005;4199001	80;2;5	1
2456	273	18	3000002;5200005;4199001	80;2;5	1
2457	273	21	3000002;5200005;4199001	80;2;5	1
2458	273	24	3000002;5200005;4199001	100;2;5	1
2459	273	27	3000002;5200005;4199001	100;2;5	1
2460	273	30	3000002;5200005;4199001	100;2;5	1
2461	373	3	3000002;5200005;4199001	80;3;5	1
2462	373	6	3000002;5200005;4199001	80;3;5	1
2463	373	9	3000002;5200005;4199001	80;3;5	1
2464	373	12	3000002;5200005;4199001	100;3;5	1
2465	373	15	3000002;5200005;4199001	100;3;5	1
2466	373	18	3000002;5200005;4199001	100;3;5	1
2467	373	21	3000002;5200005;4199001	100;3;5	1
2468	373	24	3000002;5200005;4199001	120;3;5	1
2469	373	27	3000002;5200005;4199001	120;3;5	1
2470	373	30	3000002;5200005;4199001	120;3;5	1
2471	473	1	4197005;4100032;4199001	1;5;5	1
2472	473	2	4197005;4100032;4199001	1;5;5	1
2473	473	3	4197005;4100032;4199001	2;5;5	1
2474	473	4	4197005;4100032;4199001	1;5;5	1
2475	473	5	4197005;4100032;4199001	1;5;5	1
2476	473	6	4197005;4100032;4199001	2;5;5	1
2477	174	3	3000002;5200005;4199001	20;1;5	1
2478	174	6	3000002;5200005;4199001	20;1;5	1
2479	174	9	3000002;5200005;4199001	20;1;5	1
2480	174	12	3000002;5200005;4199001	50;1;5	1
2481	174	15	3000002;5200005;4199001	50;1;5	1
2482	174	18	3000002;5200005;4199001	50;1;5	1
2483	174	21	3000002;5200005;4199001	50;1;5	1
2484	174	24	3000002;5200005;4199001	80;1;5	1
2485	174	27	3000002;5200005;4199001	80;1;5	1
2486	174	30	3000002;5200005;4199001	80;1;5	1
2487	274	3	3000002;5200005;4199001	50;2;5	1
2488	274	6	3000002;5200005;4199001	50;2;5	1
2489	274	9	3000002;5200005;4199001	50;2;5	1
2490	274	12	3000002;5200005;4199001	80;2;5	1
2491	274	15	3000002;5200005;4199001	80;2;5	1
2492	274	18	3000002;5200005;4199001	80;2;5	1
2493	274	21	3000002;5200005;4199001	80;2;5	1
2494	274	24	3000002;5200005;4199001	100;2;5	1
2495	274	27	3000002;5200005;4199001	100;2;5	1
2496	274	30	3000002;5200005;4199001	100;2;5	1
2497	374	3	3000002;5200005;4199001	80;3;5	1
2498	374	6	3000002;5200005;4199001	80;3;5	1
2499	374	9	3000002;5200005;4199001	80;3;5	1
2500	374	12	3000002;5200005;4199001	100;3;5	1
2501	374	15	3000002;5200005;4199001	100;3;5	1
2502	374	18	3000002;5200005;4199001	100;3;5	1
2503	374	21	3000002;5200005;4199001	100;3;5	1
2504	374	24	3000002;5200005;4199001	120;3;5	1
2505	374	27	3000002;5200005;4199001	120;3;5	1
2506	374	30	3000002;5200005;4199001	120;3;5	1
2507	474	1	4197005;4100032;4199001	1;5;5	1
2508	474	2	4197005;4100032;4199001	1;5;5	1
2509	474	3	4197005;4100032;4199001	2;5;5	1
2510	474	4	4197005;4100032;4199001	1;5;5	1
2511	474	5	4197005;4100032;4199001	1;5;5	1
2512	474	6	4197005;4100032;4199001	2;5;5	1
2513	175	3	3000002;5200005;4199001	20;1;5	1
2514	175	6	3000002;5200005;4199001	20;1;5	1
2515	175	9	3000002;5200005;4199001	20;1;5	1
2516	175	12	3000002;5200005;4199001	50;1;5	1
2517	175	15	3000002;5200005;4199001	50;1;5	1
2518	175	18	3000002;5200005;4199001	50;1;5	1
2519	175	21	3000002;5200005;4199001	50;1;5	1
2520	175	24	3000002;5200005;4199001	80;1;5	1
2521	175	27	3000002;5200005;4199001	80;1;5	1
2522	175	30	3000002;5200005;4199001	80;1;5	1
2523	275	3	3000002;5200005;4199001	50;2;5	1
2524	275	6	3000002;5200005;4199001	50;2;5	1
2525	275	9	3000002;5200005;4199001	50;2;5	1
2526	275	12	3000002;5200005;4199001	80;2;5	1
2527	275	15	3000002;5200005;4199001	80;2;5	1
2528	275	18	3000002;5200005;4199001	80;2;5	1
2529	275	21	3000002;5200005;4199001	80;2;5	1
2530	275	24	3000002;5200005;4199001	100;2;5	1
2531	275	27	3000002;5200005;4199001	100;2;5	1
2532	275	30	3000002;5200005;4199001	100;2;5	1
2533	375	3	3000002;5200005;4199001	80;3;5	1
2534	375	6	3000002;5200005;4199001	80;3;5	1
2535	375	9	3000002;5200005;4199001	80;3;5	1
2536	375	12	3000002;5200005;4199001	100;3;5	1
2537	375	15	3000002;5200005;4199001	100;3;5	1
2538	375	18	3000002;5200005;4199001	100;3;5	1
2539	375	21	3000002;5200005;4199001	100;3;5	1
2540	375	24	3000002;5200005;4199001	120;3;5	1
2541	375	27	3000002;5200005;4199001	120;3;5	1
2542	375	30	3000002;5200005;4199001	120;3;5	1
2543	475	1	4197005;4100032;4199001	1;5;5	1
2544	475	2	4197005;4100032;4199001	1;5;5	1
2545	475	3	4197005;4100032;4199001	2;5;5	1
2546	475	4	4197005;4100032;4199001	1;5;5	1
2547	475	5	4197005;4100032;4199001	1;5;5	1
2548	475	6	4197005;4100032;4199001	2;5;5	1
2549	176	3	3000002;5200005;4199001	20;1;5	1
2550	176	6	3000002;5200005;4199001	20;1;5	1
2551	176	9	3000002;5200005;4199001	20;1;5	1
2552	176	12	3000002;5200005;4199001	50;1;5	1
2553	176	15	3000002;5200005;4199001	50;1;5	1
2554	176	18	3000002;5200005;4199001	50;1;5	1
2555	176	21	3000002;5200005;4199001	50;1;5	1
2556	176	24	3000002;5200005;4199001	80;1;5	1
2557	176	27	3000002;5200005;4199001	80;1;5	1
2558	176	30	3000002;5200005;4199001	80;1;5	1
2559	276	3	3000002;5200005;4199001	50;2;5	1
2560	276	6	3000002;5200005;4199001	50;2;5	1
2561	276	9	3000002;5200005;4199001	50;2;5	1
2562	276	12	3000002;5200005;4199001	80;2;5	1
2563	276	15	3000002;5200005;4199001	80;2;5	1
2564	276	18	3000002;5200005;4199001	80;2;5	1
2565	276	21	3000002;5200005;4199001	80;2;5	1
2566	276	24	3000002;5200005;4199001	100;2;5	1
2567	276	27	3000002;5200005;4199001	100;2;5	1
2568	276	30	3000002;5200005;4199001	100;2;5	1
2569	376	3	3000002;5200005;4199001	80;3;5	1
2570	376	6	3000002;5200005;4199001	80;3;5	1
2571	376	9	3000002;5200005;4199001	80;3;5	1
2572	376	12	3000002;5200005;4199001	100;3;5	1
2573	376	15	3000002;5200005;4199001	100;3;5	1
2574	376	18	3000002;5200005;4199001	100;3;5	1
2575	376	21	3000002;5200005;4199001	100;3;5	1
2576	376	24	3000002;5200005;4199001	120;3;5	1
2577	376	27	3000002;5200005;4199001	120;3;5	1
2578	376	30	3000002;5200005;4199001	120;3;5	1
2579	476	1	4197005;4100032;4199001	1;5;5	1
2580	476	2	4197005;4100032;4199001	1;5;5	1
2581	476	3	4197005;4100032;4199001	2;5;5	1
2582	476	4	4197005;4100032;4199001	1;5;5	1
2583	476	5	4197005;4100032;4199001	1;5;5	1
2584	476	6	4197005;4100032;4199001	2;5;5	1
2585	177	3	3000002;5200005;4199001	20;1;5	1
2586	177	6	3000002;5200005;4199001	20;1;5	1
2587	177	9	3000002;5200005;4199001	20;1;5	1
2588	177	12	3000002;5200005;4199001	50;1;5	1
2589	177	15	3000002;5200005;4199001	50;1;5	1
2590	177	18	3000002;5200005;4199001	50;1;5	1
2591	177	21	3000002;5200005;4199001	50;1;5	1
2592	177	24	3000002;5200005;4199001	80;1;5	1
2593	177	27	3000002;5200005;4199001	80;1;5	1
2594	177	30	3000002;5200005;4199001	80;1;5	1
2595	277	3	3000002;5200005;4199001	50;2;5	1
2596	277	6	3000002;5200005;4199001	50;2;5	1
2597	277	9	3000002;5200005;4199001	50;2;5	1
2598	277	12	3000002;5200005;4199001	80;2;5	1
2599	277	15	3000002;5200005;4199001	80;2;5	1
2600	277	18	3000002;5200005;4199001	80;2;5	1
2601	277	21	3000002;5200005;4199001	80;2;5	1
2602	277	24	3000002;5200005;4199001	100;2;5	1
2603	277	27	3000002;5200005;4199001	100;2;5	1
2604	277	30	3000002;5200005;4199001	100;2;5	1
2605	377	3	3000002;5200005;4199001	80;3;5	1
2606	377	6	3000002;5200005;4199001	80;3;5	1
2607	377	9	3000002;5200005;4199001	80;3;5	1
2608	377	12	3000002;5200005;4199001	100;3;5	1
2609	377	15	3000002;5200005;4199001	100;3;5	1
2610	377	18	3000002;5200005;4199001	100;3;5	1
2611	377	21	3000002;5200005;4199001	100;3;5	1
2612	377	24	3000002;5200005;4199001	120;3;5	1
2613	377	27	3000002;5200005;4199001	120;3;5	1
2614	377	30	3000002;5200005;4199001	120;3;5	1
2615	477	1	4197005;4100032;4199001	1;5;5	1
2616	477	2	4197005;4100032;4199001	1;5;5	1
2617	477	3	4197005;4100032;4199001	2;5;5	1
2618	477	4	4197005;4100032;4199001	1;5;5	1
2619	477	5	4197005;4100032;4199001	1;5;5	1
2620	477	6	4197005;4100032;4199001	2;5;5	1
2621	178	3	3000002;5200005;4199001	20;1;5	1
2622	178	6	3000002;5200005;4199001	20;1;5	1
2623	178	9	3000002;5200005;4199001	20;1;5	1
2624	178	12	3000002;5200005;4199001	50;1;5	1
2625	178	15	3000002;5200005;4199001	50;1;5	1
2626	178	18	3000002;5200005;4199001	50;1;5	1
2627	178	21	3000002;5200005;4199001	50;1;5	1
2628	178	24	3000002;5200005;4199001	80;1;5	1
2629	178	27	3000002;5200005;4199001	80;1;5	1
2630	178	30	3000002;5200005;4199001	80;1;5	1
2631	278	3	3000002;5200005;4199001	50;2;5	1
2632	278	6	3000002;5200005;4199001	50;2;5	1
2633	278	9	3000002;5200005;4199001	50;2;5	1
2634	278	12	3000002;5200005;4199001	80;2;5	1
2635	278	15	3000002;5200005;4199001	80;2;5	1
2636	278	18	3000002;5200005;4199001	80;2;5	1
2637	278	21	3000002;5200005;4199001	80;2;5	1
2638	278	24	3000002;5200005;4199001	100;2;5	1
2639	278	27	3000002;5200005;4199001	100;2;5	1
2640	278	30	3000002;5200005;4199001	100;2;5	1
2641	378	3	3000002;5200005;4199001	80;3;5	1
2642	378	6	3000002;5200005;4199001	80;3;5	1
2643	378	9	3000002;5200005;4199001	80;3;5	1
2644	378	12	3000002;5200005;4199001	100;3;5	1
2645	378	15	3000002;5200005;4199001	100;3;5	1
2646	378	18	3000002;5200005;4199001	100;3;5	1
2647	378	21	3000002;5200005;4199001	100;3;5	1
2648	378	24	3000002;5200005;4199001	120;3;5	1
2649	378	27	3000002;5200005;4199001	120;3;5	1
2650	378	30	3000002;5200005;4199001	120;3;5	1
2651	478	1	4197005;4100032;4199001	1;5;5	1
2652	478	2	4197005;4100032;4199001	1;5;5	1
2653	478	3	4197005;4100032;4199001	2;5;5	1
2654	478	4	4197005;4100032;4199001	1;5;5	1
2655	478	5	4197005;4100032;4199001	1;5;5	1
2656	478	6	4197005;4100032;4199001	2;5;5	1
2657	179	3	3000002;5200005;4199001	20;1;5	1
2658	179	6	3000002;5200005;4199001	20;1;5	1
2659	179	9	3000002;5200005;4199001	20;1;5	1
2660	179	12	3000002;5200005;4199001	50;1;5	1
2661	179	15	3000002;5200005;4199001	50;1;5	1
2662	179	18	3000002;5200005;4199001	50;1;5	1
2663	179	21	3000002;5200005;4199001	50;1;5	1
2664	179	24	3000002;5200005;4199001	80;1;5	1
2665	179	27	3000002;5200005;4199001	80;1;5	1
2666	179	30	3000002;5200005;4199001	80;1;5	1
2667	279	3	3000002;5200005;4199001	50;2;5	1
2668	279	6	3000002;5200005;4199001	50;2;5	1
2669	279	9	3000002;5200005;4199001	50;2;5	1
2670	279	12	3000002;5200005;4199001	80;2;5	1
2671	279	15	3000002;5200005;4199001	80;2;5	1
2672	279	18	3000002;5200005;4199001	80;2;5	1
2673	279	21	3000002;5200005;4199001	80;2;5	1
2674	279	24	3000002;5200005;4199001	100;2;5	1
2675	279	27	3000002;5200005;4199001	100;2;5	1
2676	279	30	3000002;5200005;4199001	100;2;5	1
2677	379	3	3000002;5200005;4199001	80;3;5	1
2678	379	6	3000002;5200005;4199001	80;3;5	1
2679	379	9	3000002;5200005;4199001	80;3;5	1
2680	379	12	3000002;5200005;4199001	100;3;5	1
2681	379	15	3000002;5200005;4199001	100;3;5	1
2682	379	18	3000002;5200005;4199001	100;3;5	1
2683	379	21	3000002;5200005;4199001	100;3;5	1
2684	379	24	3000002;5200005;4199001	120;3;5	1
2685	379	27	3000002;5200005;4199001	120;3;5	1
2686	379	30	3000002;5200005;4199001	120;3;5	1
2687	479	1	4197005;4100032;4199001	1;5;5	1
2688	479	2	4197005;4100032;4199001	1;5;5	1
2689	479	3	4197005;4100032;4199001	2;5;5	1
2690	479	4	4197005;4100032;4199001	1;5;5	1
2691	479	5	4197005;4100032;4199001	1;5;5	1
2692	479	6	4197005;4100032;4199001	2;5;5	1
2693	180	3	3000002;5200005;4199001	20;1;5	1
2694	180	6	3000002;5200005;4199001	20;1;5	1
2695	180	9	3000002;5200005;4199001	20;1;5	1
2696	180	12	3000002;5200005;4199001	50;1;5	1
2697	180	15	3000002;5200005;4199001	50;1;5	1
2698	180	18	3000002;5200005;4199001	50;1;5	1
2699	180	21	3000002;5200005;4199001	50;1;5	1
2700	180	24	3000002;5200005;4199001	80;1;5	1
2701	180	27	3000002;5200005;4199001	80;1;5	1
2702	180	30	3000002;5200005;4199001	80;1;5	1
2703	280	3	3000002;5200005;4199001	50;2;5	1
2704	280	6	3000002;5200005;4199001	50;2;5	1
2705	280	9	3000002;5200005;4199001	50;2;5	1
2706	280	12	3000002;5200005;4199001	80;2;5	1
2707	280	15	3000002;5200005;4199001	80;2;5	1
2708	280	18	3000002;5200005;4199001	80;2;5	1
2709	280	21	3000002;5200005;4199001	80;2;5	1
2710	280	24	3000002;5200005;4199001	100;2;5	1
2711	280	27	3000002;5200005;4199001	100;2;5	1
2712	280	30	3000002;5200005;4199001	100;2;5	1
2713	380	3	3000002;5200005;4199001	80;3;5	1
2714	380	6	3000002;5200005;4199001	80;3;5	1
2715	380	9	3000002;5200005;4199001	80;3;5	1
2716	380	12	3000002;5200005;4199001	100;3;5	1
2717	380	15	3000002;5200005;4199001	100;3;5	1
2718	380	18	3000002;5200005;4199001	100;3;5	1
2719	380	21	3000002;5200005;4199001	100;3;5	1
2720	380	24	3000002;5200005;4199001	120;3;5	1
2721	380	27	3000002;5200005;4199001	120;3;5	1
2722	380	30	3000002;5200005;4199001	120;3;5	1
2723	480	1	4197005;4100032;4199001	1;5;5	1
2724	480	2	4197005;4100032;4199001	1;5;5	1
2725	480	3	4197005;4100032;4199001	2;5;5	1
2726	480	4	4197005;4100032;4199001	1;5;5	1
2727	480	5	4197005;4100032;4199001	1;5;5	1
2728	480	6	4197005;4100032;4199001	2;5;5	1
2729	181	3	3000002;5200005;4199001	20;1;5	1
2730	181	6	3000002;5200005;4199001	20;1;5	1
2731	181	9	3000002;5200005;4199001	20;1;5	1
2732	181	12	3000002;5200005;4199001	50;1;5	1
2733	181	15	3000002;5200005;4199001	50;1;5	1
2734	181	18	3000002;5200005;4199001	50;1;5	1
2735	181	21	3000002;5200005;4199001	50;1;5	1
2736	181	24	3000002;5200005;4199001	80;1;5	1
2737	181	27	3000002;5200005;4199001	80;1;5	1
2738	181	30	3000002;5200005;4199001	80;1;5	1
2739	281	3	3000002;5200005;4199001	50;2;5	1
2740	281	6	3000002;5200005;4199001	50;2;5	1
2741	281	9	3000002;5200005;4199001	50;2;5	1
2742	281	12	3000002;5200005;4199001	80;2;5	1
2743	281	15	3000002;5200005;4199001	80;2;5	1
2744	281	18	3000002;5200005;4199001	80;2;5	1
2745	281	21	3000002;5200005;4199001	80;2;5	1
2746	281	24	3000002;5200005;4199001	100;2;5	1
2747	281	27	3000002;5200005;4199001	100;2;5	1
2748	281	30	3000002;5200005;4199001	100;2;5	1
2749	381	3	3000002;5200005;4199001	80;3;5	1
2750	381	6	3000002;5200005;4199001	80;3;5	1
2751	381	9	3000002;5200005;4199001	80;3;5	1
2752	381	12	3000002;5200005;4199001	100;3;5	1
2753	381	15	3000002;5200005;4199001	100;3;5	1
2754	381	18	3000002;5200005;4199001	100;3;5	1
2755	381	21	3000002;5200005;4199001	100;3;5	1
2756	381	24	3000002;5200005;4199001	120;3;5	1
2757	381	27	3000002;5200005;4199001	120;3;5	1
2758	381	30	3000002;5200005;4199001	120;3;5	1
2759	481	1	4197005;4100032;4199001	1;5;5	1
2760	481	2	4197005;4100032;4199001	1;5;5	1
2761	481	3	4197005;4100032;4199001	2;5;5	1
2762	481	4	4197005;4100032;4199001	1;5;5	1
2763	481	5	4197005;4100032;4199001	1;5;5	1
2764	481	6	4197005;4100032;4199001	2;5;5	1
2765	182	3	3000002;5200005;4199001	20;1;5	1
2766	182	6	3000002;5200005;4199001	20;1;5	1
2767	182	9	3000002;5200005;4199001	20;1;5	1
2768	182	12	3000002;5200005;4199001	50;1;5	1
2769	182	15	3000002;5200005;4199001	50;1;5	1
2770	182	18	3000002;5200005;4199001	50;1;5	1
2771	182	21	3000002;5200005;4199001	50;1;5	1
2772	182	24	3000002;5200005;4199001	80;1;5	1
2773	182	27	3000002;5200005;4199001	80;1;5	1
2774	182	30	3000002;5200005;4199001	80;1;5	1
2775	282	3	3000002;5200005;4199001	50;2;5	1
2776	282	6	3000002;5200005;4199001	50;2;5	1
2777	282	9	3000002;5200005;4199001	50;2;5	1
2778	282	12	3000002;5200005;4199001	80;2;5	1
2779	282	15	3000002;5200005;4199001	80;2;5	1
2780	282	18	3000002;5200005;4199001	80;2;5	1
2781	282	21	3000002;5200005;4199001	80;2;5	1
2782	282	24	3000002;5200005;4199001	100;2;5	1
2783	282	27	3000002;5200005;4199001	100;2;5	1
2784	282	30	3000002;5200005;4199001	100;2;5	1
2785	382	3	3000002;5200005;4199001	80;3;5	1
2786	382	6	3000002;5200005;4199001	80;3;5	1
2787	382	9	3000002;5200005;4199001	80;3;5	1
2788	382	12	3000002;5200005;4199001	100;3;5	1
2789	382	15	3000002;5200005;4199001	100;3;5	1
2790	382	18	3000002;5200005;4199001	100;3;5	1
2791	382	21	3000002;5200005;4199001	100;3;5	1
2792	382	24	3000002;5200005;4199001	120;3;5	1
2793	382	27	3000002;5200005;4199001	120;3;5	1
2794	382	30	3000002;5200005;4199001	120;3;5	1
2795	482	1	4197005;4100032;4199001	1;5;5	1
2796	482	2	4197005;4100032;4199001	1;5;5	1
2797	482	3	4197005;4100032;4199001	2;5;5	1
2798	482	4	4197005;4100032;4199001	1;5;5	1
2799	482	5	4197005;4100032;4199001	1;5;5	1
2800	482	6	4197005;4100032;4199001	2;5;5	1
2801	183	3	3000002;5200005;4199001	20;1;5	1
2802	183	6	3000002;5200005;4199001	20;1;5	1
2803	183	9	3000002;5200005;4199001	20;1;5	1
2804	183	12	3000002;5200005;4199001	50;1;5	1
2805	183	15	3000002;5200005;4199001	50;1;5	1
2806	183	18	3000002;5200005;4199001	50;1;5	1
2807	183	21	3000002;5200005;4199001	50;1;5	1
2808	183	24	3000002;5200005;4199001	80;1;5	1
2809	183	27	3000002;5200005;4199001	80;1;5	1
2810	183	30	3000002;5200005;4199001	80;1;5	1
2811	283	3	3000002;5200005;4199001	50;2;5	1
2812	283	6	3000002;5200005;4199001	50;2;5	1
2813	283	9	3000002;5200005;4199001	50;2;5	1
2814	283	12	3000002;5200005;4199001	80;2;5	1
2815	283	15	3000002;5200005;4199001	80;2;5	1
2816	283	18	3000002;5200005;4199001	80;2;5	1
2817	283	21	3000002;5200005;4199001	80;2;5	1
2818	283	24	3000002;5200005;4199001	100;2;5	1
2819	283	27	3000002;5200005;4199001	100;2;5	1
2820	283	30	3000002;5200005;4199001	100;2;5	1
2821	383	3	3000002;5200005;4199001	80;3;5	1
2822	383	6	3000002;5200005;4199001	80;3;5	1
2823	383	9	3000002;5200005;4199001	80;3;5	1
2824	383	12	3000002;5200005;4199001	100;3;5	1
2825	383	15	3000002;5200005;4199001	100;3;5	1
2826	383	18	3000002;5200005;4199001	100;3;5	1
2827	383	21	3000002;5200005;4199001	100;3;5	1
2828	383	24	3000002;5200005;4199001	120;3;5	1
2829	383	27	3000002;5200005;4199001	120;3;5	1
2830	383	30	3000002;5200005;4199001	120;3;5	1
2831	483	1	4197005;4100032;4199001	1;5;5	1
2832	483	2	4197005;4100032;4199001	1;5;5	1
2833	483	3	4197005;4100032;4199001	2;5;5	1
2834	483	4	4197005;4100032;4199001	1;5;5	1
2835	483	5	4197005;4100032;4199001	1;5;5	1
2836	483	6	4197005;4100032;4199001	2;5;5	1
2837	184	3	3000002;5200005;4199001	20;1;5	1
2838	184	6	3000002;5200005;4199001	20;1;5	1
2839	184	9	3000002;5200005;4199001	20;1;5	1
2840	184	12	3000002;5200005;4199001	50;1;5	1
2841	184	15	3000002;5200005;4199001	50;1;5	1
2842	184	18	3000002;5200005;4199001	50;1;5	1
2843	184	21	3000002;5200005;4199001	50;1;5	1
2844	184	24	3000002;5200005;4199001	80;1;5	1
2845	184	27	3000002;5200005;4199001	80;1;5	1
2846	184	30	3000002;5200005;4199001	80;1;5	1
2847	284	3	3000002;5200005;4199001	50;2;5	1
2848	284	6	3000002;5200005;4199001	50;2;5	1
2849	284	9	3000002;5200005;4199001	50;2;5	1
2850	284	12	3000002;5200005;4199001	80;2;5	1
2851	284	15	3000002;5200005;4199001	80;2;5	1
2852	284	18	3000002;5200005;4199001	80;2;5	1
2853	284	21	3000002;5200005;4199001	80;2;5	1
2854	284	24	3000002;5200005;4199001	100;2;5	1
2855	284	27	3000002;5200005;4199001	100;2;5	1
2856	284	30	3000002;5200005;4199001	100;2;5	1
2857	384	3	3000002;5200005;4199001	80;3;5	1
2858	384	6	3000002;5200005;4199001	80;3;5	1
2859	384	9	3000002;5200005;4199001	80;3;5	1
2860	384	12	3000002;5200005;4199001	100;3;5	1
2861	384	15	3000002;5200005;4199001	100;3;5	1
2862	384	18	3000002;5200005;4199001	100;3;5	1
2863	384	21	3000002;5200005;4199001	100;3;5	1
2864	384	24	3000002;5200005;4199001	120;3;5	1
2865	384	27	3000002;5200005;4199001	120;3;5	1
2866	384	30	3000002;5200005;4199001	120;3;5	1
2867	484	1	4197005;4100032;4199001	1;5;5	1
2868	484	2	4197005;4100032;4199001	1;5;5	1
2869	484	3	4197005;4100032;4199001	2;5;5	1
2870	484	4	4197005;4100032;4199001	1;5;5	1
2871	484	5	4197005;4100032;4199001	1;5;5	1
2872	484	6	4197005;4100032;4199001	2;5;5	1