"SkillLvUp_Main_Red_Cellarn_01","SkillLvUp_Main_Red_Cellarn","1","Item_Material_SkillLvUp_AttributeRed_01","0","","","","","","","0"
"SkillLvUp_Main_Red_Cellarn_02","SkillLvUp_Main_Red_Cellarn","2","Item_Material_SkillLvUp_AttributeRed_01","5","","","","","","","6000"
"SkillLvUp_Main_Red_Cellarn_03","SkillLvUp_Main_Red_Cellarn","3","Item_Material_SkillLvUp_AttributeRed_01","10","Item_Material_SkillLvUp_Common","20","","","","","16000"
"SkillLvUp_Main_Red_Cellarn_04","SkillLvUp_Main_Red_Cellarn","4","Item_Material_SkillLvUp_AttributeRed_02","5","Item_Material_SkillLvUp_AttributeRed_01","15","Item_Material_SkillLvUp_Common","40","","","60000"
"SkillLvUp_Main_Red_Cellarn_05","SkillLvUp_Main_Red_Cellarn","5","Item_Material_SkillLvUp_AttributeRed_02","10","Item_Material_SkillLvUp_Common","60","","","","","200000"
"SkillLvUp_Main_Red_Cellarn_06","SkillLvUp_Main_Red_Cellarn","6","Item_Material_SkillLvUp_AttributeRed_03","5","Item_Material_SkillLvUp_AttributeRed_02","15","Item_Material_SkillLvUp_Common","80","","","600000"
"SkillLvUp_Main_Red_Cellarn_07","SkillLvUp_Main_Red_Cellarn","7","Item_Material_SkillLvUp_AttributeRed_03","10","Item_Material_SkillLvUp_Common","100","","","","","1000000"
"SkillLvUp_Main_Red_Cellarn_08","SkillLvUp_Main_Red_Cellarn","8","Item_Material_SkillLvUp_AttributeRed_04","5","Item_Material_SkillLvUp_AttributeRed_03","15","Item_Material_SkillLvUp_Common","120","","","2000000"
"SkillLvUp_Main_Red_Cellarn_09","SkillLvUp_Main_Red_Cellarn","9","Item_Material_SkillLvUp_AttributeRed_04","10","Item_Material_SkillLvUp_Common","150","","","","","3500000"
"SkillLvUp_Main_Red_Cellarn_10","SkillLvUp_Main_Red_Cellarn","10","Item_Material_SkillLvUp_AttributeRed_04","15","Item_Material_SkillLvUp_Cellarn_Emblem","3","","","","","5000000"
"SkillLvUp_Main_Red_Elvinzia_01","SkillLvUp_Main_Red_Elvinzia","1","Item_Material_SkillLvUp_AttributeRed_01","0","","","","","","","0"
"SkillLvUp_Main_Red_Elvinzia_02","SkillLvUp_Main_Red_Elvinzia","2","Item_Material_SkillLvUp_AttributeRed_01","5","","","","","","","6000"
"SkillLvUp_Main_Red_Elvinzia_03","SkillLvUp_Main_Red_Elvinzia","3","Item_Material_SkillLvUp_AttributeRed_01","10","Item_Material_SkillLvUp_Common","20","","","","","16000"
"SkillLvUp_Main_Red_Elvinzia_04","SkillLvUp_Main_Red_Elvinzia","4","Item_Material_SkillLvUp_AttributeRed_02","5","Item_Material_SkillLvUp_AttributeRed_01","15","Item_Material_SkillLvUp_Common","40","","","60000"
"SkillLvUp_Main_Red_Elvinzia_05","SkillLvUp_Main_Red_Elvinzia","5","Item_Material_SkillLvUp_AttributeRed_02","10","Item_Material_SkillLvUp_Common","60","","","","","200000"
"SkillLvUp_Main_Red_Elvinzia_06","SkillLvUp_Main_Red_Elvinzia","6","Item_Material_SkillLvUp_AttributeRed_03","5","Item_Material_SkillLvUp_AttributeRed_02","15","Item_Material_SkillLvUp_Common","80","","","600000"
"SkillLvUp_Main_Red_Elvinzia_07","SkillLvUp_Main_Red_Elvinzia","7","Item_Material_SkillLvUp_AttributeRed_03","10","Item_Material_SkillLvUp_Common","100","","","","","1000000"
"SkillLvUp_Main_Red_Elvinzia_08","SkillLvUp_Main_Red_Elvinzia","8","Item_Material_SkillLvUp_AttributeRed_04","5","Item_Material_SkillLvUp_AttributeRed_03","15","Item_Material_SkillLvUp_Common","120","","","2000000"
"SkillLvUp_Main_Red_Elvinzia_09","SkillLvUp_Main_Red_Elvinzia","9","Item_Material_SkillLvUp_AttributeRed_04","10","Item_Material_SkillLvUp_Common","150","","","","","3500000"
"SkillLvUp_Main_Red_Elvinzia_10","SkillLvUp_Main_Red_Elvinzia","10","Item_Material_SkillLvUp_AttributeRed_04","15","Item_Material_SkillLvUp_Elvinzia_Emblem","3","","","","","5000000"
"SkillLvUp_Main_Red_Paulhill_01","SkillLvUp_Main_Red_Paulhill","1","Item_Material_SkillLvUp_AttributeRed_01","0","","","","","","","0"
"SkillLvUp_Main_Red_Paulhill_02","SkillLvUp_Main_Red_Paulhill","2","Item_Material_SkillLvUp_AttributeRed_01","5","","","","","","","6000"
"SkillLvUp_Main_Red_Paulhill_03","SkillLvUp_Main_Red_Paulhill","3","Item_Material_SkillLvUp_AttributeRed_01","10","Item_Material_SkillLvUp_Common","20","","","","","16000"
"SkillLvUp_Main_Red_Paulhill_04","SkillLvUp_Main_Red_Paulhill","4","Item_Material_SkillLvUp_AttributeRed_02","5","Item_Material_SkillLvUp_AttributeRed_01","15","Item_Material_SkillLvUp_Common","40","","","60000"
"SkillLvUp_Main_Red_Paulhill_05","SkillLvUp_Main_Red_Paulhill","5","Item_Material_SkillLvUp_AttributeRed_02","10","Item_Material_SkillLvUp_Common","60","","","","","200000"
"SkillLvUp_Main_Red_Paulhill_06","SkillLvUp_Main_Red_Paulhill","6","Item_Material_SkillLvUp_AttributeRed_03","5","Item_Material_SkillLvUp_AttributeRed_02","15","Item_Material_SkillLvUp_Common","80","","","600000"
"SkillLvUp_Main_Red_Paulhill_07","SkillLvUp_Main_Red_Paulhill","7","Item_Material_SkillLvUp_AttributeRed_03","10","Item_Material_SkillLvUp_Common","100","","","","","1000000"
"SkillLvUp_Main_Red_Paulhill_08","SkillLvUp_Main_Red_Paulhill","8","Item_Material_SkillLvUp_AttributeRed_04","5","Item_Material_SkillLvUp_AttributeRed_03","15","Item_Material_SkillLvUp_Common","120","","","2000000"
"SkillLvUp_Main_Red_Paulhill_09","SkillLvUp_Main_Red_Paulhill","9","Item_Material_SkillLvUp_AttributeRed_04","10","Item_Material_SkillLvUp_Common","150","","","","","3500000"
"SkillLvUp_Main_Red_Paulhill_10","SkillLvUp_Main_Red_Paulhill","10","Item_Material_SkillLvUp_AttributeRed_04","15","Item_Material_SkillLvUp_Paulhill_Emblem","3","","","","","5000000"
"SkillLvUp_Main_Red_Cyberia_01","SkillLvUp_Main_Red_Cyberia","1","Item_Material_SkillLvUp_AttributeRed_01","0","","","","","","","0"
"SkillLvUp_Main_Red_Cyberia_02","SkillLvUp_Main_Red_Cyberia","2","Item_Material_SkillLvUp_AttributeRed_01","5","","","","","","","6000"
"SkillLvUp_Main_Red_Cyberia_03","SkillLvUp_Main_Red_Cyberia","3","Item_Material_SkillLvUp_AttributeRed_01","10","Item_Material_SkillLvUp_Common","20","","","","","16000"
"SkillLvUp_Main_Red_Cyberia_04","SkillLvUp_Main_Red_Cyberia","4","Item_Material_SkillLvUp_AttributeRed_02","5","Item_Material_SkillLvUp_AttributeRed_01","15","Item_Material_SkillLvUp_Common","40","","","60000"
"SkillLvUp_Main_Red_Cyberia_05","SkillLvUp_Main_Red_Cyberia","5","Item_Material_SkillLvUp_AttributeRed_02","10","Item_Material_SkillLvUp_Common","60","","","","","200000"
"SkillLvUp_Main_Red_Cyberia_06","SkillLvUp_Main_Red_Cyberia","6","Item_Material_SkillLvUp_AttributeRed_03","5","Item_Material_SkillLvUp_AttributeRed_02","15","Item_Material_SkillLvUp_Common","80","","","600000"
"SkillLvUp_Main_Red_Cyberia_07","SkillLvUp_Main_Red_Cyberia","7","Item_Material_SkillLvUp_AttributeRed_03","10","Item_Material_SkillLvUp_Common","100","","","","","1000000"
"SkillLvUp_Main_Red_Cyberia_08","SkillLvUp_Main_Red_Cyberia","8","Item_Material_SkillLvUp_AttributeRed_04","5","Item_Material_SkillLvUp_AttributeRed_03","15","Item_Material_SkillLvUp_Common","120","","","2000000"
"SkillLvUp_Main_Red_Cyberia_09","SkillLvUp_Main_Red_Cyberia","9","Item_Material_SkillLvUp_AttributeRed_04","10","Item_Material_SkillLvUp_Common","150","","","","","3500000"
"SkillLvUp_Main_Red_Cyberia_10","SkillLvUp_Main_Red_Cyberia","10","Item_Material_SkillLvUp_AttributeRed_04","15","Item_Material_SkillLvUp_Cyberia_Emblem","3","","","","","5000000"
"SkillLvUp_Main_Red_DelMar_01","SkillLvUp_Main_Red_DelMar","1","Item_Material_SkillLvUp_AttributeRed_01","0","","","","","","","0"
"SkillLvUp_Main_Red_DelMar_02","SkillLvUp_Main_Red_DelMar","2","Item_Material_SkillLvUp_AttributeRed_01","5","","","","","","","6000"
"SkillLvUp_Main_Red_DelMar_03","SkillLvUp_Main_Red_DelMar","3","Item_Material_SkillLvUp_AttributeRed_01","10","Item_Material_SkillLvUp_Common","20","","","","","16000"
"SkillLvUp_Main_Red_DelMar_04","SkillLvUp_Main_Red_DelMar","4","Item_Material_SkillLvUp_AttributeRed_02","5","Item_Material_SkillLvUp_AttributeRed_01","15","Item_Material_SkillLvUp_Common","40","","","60000"
"SkillLvUp_Main_Red_DelMar_05","SkillLvUp_Main_Red_DelMar","5","Item_Material_SkillLvUp_AttributeRed_02","10","Item_Material_SkillLvUp_Common","60","","","","","200000"
"SkillLvUp_Main_Red_DelMar_06","SkillLvUp_Main_Red_DelMar","6","Item_Material_SkillLvUp_AttributeRed_03","5","Item_Material_SkillLvUp_AttributeRed_02","15","Item_Material_SkillLvUp_Common","80","","","600000"
"SkillLvUp_Main_Red_DelMar_07","SkillLvUp_Main_Red_DelMar","7","Item_Material_SkillLvUp_AttributeRed_03","10","Item_Material_SkillLvUp_Common","100","","","","","1000000"
"SkillLvUp_Main_Red_DelMar_08","SkillLvUp_Main_Red_DelMar","8","Item_Material_SkillLvUp_AttributeRed_04","5","Item_Material_SkillLvUp_AttributeRed_03","15","Item_Material_SkillLvUp_Common","120","","","2000000"
"SkillLvUp_Main_Red_DelMar_09","SkillLvUp_Main_Red_DelMar","9","Item_Material_SkillLvUp_AttributeRed_04","10","Item_Material_SkillLvUp_Common","150","","","","","3500000"
"SkillLvUp_Main_Red_DelMar_10","SkillLvUp_Main_Red_DelMar","10","Item_Material_SkillLvUp_AttributeRed_04","15","Item_Material_SkillLvUp_DelMar_Emblem","3","","","","","5000000"
"SkillLvUp_Main_Red_Kainan_01","SkillLvUp_Main_Red_Kainan","1","Item_Material_SkillLvUp_AttributeRed_01","0","","","","","","","0"
"SkillLvUp_Main_Red_Kainan_02","SkillLvUp_Main_Red_Kainan","2","Item_Material_SkillLvUp_AttributeRed_01","5","","","","","","","6000"
"SkillLvUp_Main_Red_Kainan_03","SkillLvUp_Main_Red_Kainan","3","Item_Material_SkillLvUp_AttributeRed_01","10","Item_Material_SkillLvUp_Common","20","","","","","16000"
"SkillLvUp_Main_Red_Kainan_04","SkillLvUp_Main_Red_Kainan","4","Item_Material_SkillLvUp_AttributeRed_02","5","Item_Material_SkillLvUp_AttributeRed_01","15","Item_Material_SkillLvUp_Common","40","","","60000"
"SkillLvUp_Main_Red_Kainan_05","SkillLvUp_Main_Red_Kainan","5","Item_Material_SkillLvUp_AttributeRed_02","10","Item_Material_SkillLvUp_Common","60","","","","","200000"
"SkillLvUp_Main_Red_Kainan_06","SkillLvUp_Main_Red_Kainan","6","Item_Material_SkillLvUp_AttributeRed_03","5","Item_Material_SkillLvUp_AttributeRed_02","15","Item_Material_SkillLvUp_Common","80","","","600000"
"SkillLvUp_Main_Red_Kainan_07","SkillLvUp_Main_Red_Kainan","7","Item_Material_SkillLvUp_AttributeRed_03","10","Item_Material_SkillLvUp_Common","100","","","","","1000000"
"SkillLvUp_Main_Red_Kainan_08","SkillLvUp_Main_Red_Kainan","8","Item_Material_SkillLvUp_AttributeRed_04","5","Item_Material_SkillLvUp_AttributeRed_03","15","Item_Material_SkillLvUp_Common","120","","","2000000"
"SkillLvUp_Main_Red_Kainan_09","SkillLvUp_Main_Red_Kainan","9","Item_Material_SkillLvUp_AttributeRed_04","10","Item_Material_SkillLvUp_Common","150","","","","","3500000"
"SkillLvUp_Main_Red_Kainan_10","SkillLvUp_Main_Red_Kainan","10","Item_Material_SkillLvUp_AttributeRed_04","15","Item_Material_SkillLvUp_Kainan_Emblem","3","","","","","5000000"
"SkillLvUp_Main_Red_Maru_01","SkillLvUp_Main_Red_Maru","1","Item_Material_SkillLvUp_AttributeRed_01","0","","","","","","","0"
"SkillLvUp_Main_Red_Maru_02","SkillLvUp_Main_Red_Maru","2","Item_Material_SkillLvUp_AttributeRed_01","5","","","","","","","6000"
"SkillLvUp_Main_Red_Maru_03","SkillLvUp_Main_Red_Maru","3","Item_Material_SkillLvUp_AttributeRed_01","10","Item_Material_SkillLvUp_Common","20","","","","","16000"
"SkillLvUp_Main_Red_Maru_04","SkillLvUp_Main_Red_Maru","4","Item_Material_SkillLvUp_AttributeRed_02","5","Item_Material_SkillLvUp_AttributeRed_01","15","Item_Material_SkillLvUp_Common","40","","","60000"
"SkillLvUp_Main_Red_Maru_05","SkillLvUp_Main_Red_Maru","5","Item_Material_SkillLvUp_AttributeRed_02","10","Item_Material_SkillLvUp_Common","60","","","","","200000"
"SkillLvUp_Main_Red_Maru_06","SkillLvUp_Main_Red_Maru","6","Item_Material_SkillLvUp_AttributeRed_03","5","Item_Material_SkillLvUp_AttributeRed_02","15","Item_Material_SkillLvUp_Common","80","","","600000"
"SkillLvUp_Main_Red_Maru_07","SkillLvUp_Main_Red_Maru","7","Item_Material_SkillLvUp_AttributeRed_03","10","Item_Material_SkillLvUp_Common","100","","","","","1000000"
"SkillLvUp_Main_Red_Maru_08","SkillLvUp_Main_Red_Maru","8","Item_Material_SkillLvUp_AttributeRed_04","5","Item_Material_SkillLvUp_AttributeRed_03","15","Item_Material_SkillLvUp_Common","120","","","2000000"
"SkillLvUp_Main_Red_Maru_09","SkillLvUp_Main_Red_Maru","9","Item_Material_SkillLvUp_AttributeRed_04","10","Item_Material_SkillLvUp_Common","150","","","","","3500000"
"SkillLvUp_Main_Red_Maru_10","SkillLvUp_Main_Red_Maru","10","Item_Material_SkillLvUp_AttributeRed_04","15","Item_Material_SkillLvUp_Maru_Emblem","3","","","","","5000000"
"SkillLvUp_Main_Blue_Cellarn_01","SkillLvUp_Main_Blue_Cellarn","1","Item_Material_SkillLvUp_AttributeBlue_01","0","","","","","","","0"
"SkillLvUp_Main_Blue_Cellarn_02","SkillLvUp_Main_Blue_Cellarn","2","Item_Material_SkillLvUp_AttributeBlue_01","5","","","","","","","6000"
"SkillLvUp_Main_Blue_Cellarn_03","SkillLvUp_Main_Blue_Cellarn","3","Item_Material_SkillLvUp_AttributeBlue_01","10","Item_Material_SkillLvUp_Common","20","","","","","16000"
"SkillLvUp_Main_Blue_Cellarn_04","SkillLvUp_Main_Blue_Cellarn","4","Item_Material_SkillLvUp_AttributeBlue_02","5","Item_Material_SkillLvUp_AttributeBlue_01","15","Item_Material_SkillLvUp_Common","40","","","60000"
"SkillLvUp_Main_Blue_Cellarn_05","SkillLvUp_Main_Blue_Cellarn","5","Item_Material_SkillLvUp_AttributeBlue_02","10","Item_Material_SkillLvUp_Common","60","","","","","200000"
"SkillLvUp_Main_Blue_Cellarn_06","SkillLvUp_Main_Blue_Cellarn","6","Item_Material_SkillLvUp_AttributeBlue_03","5","Item_Material_SkillLvUp_AttributeBlue_02","15","Item_Material_SkillLvUp_Common","80","","","600000"
"SkillLvUp_Main_Blue_Cellarn_07","SkillLvUp_Main_Blue_Cellarn","7","Item_Material_SkillLvUp_AttributeBlue_03","10","Item_Material_SkillLvUp_Common","100","","","","","1000000"
"SkillLvUp_Main_Blue_Cellarn_08","SkillLvUp_Main_Blue_Cellarn","8","Item_Material_SkillLvUp_AttributeBlue_04","5","Item_Material_SkillLvUp_AttributeBlue_03","15","Item_Material_SkillLvUp_Common","120","","","2000000"
"SkillLvUp_Main_Blue_Cellarn_09","SkillLvUp_Main_Blue_Cellarn","9","Item_Material_SkillLvUp_AttributeBlue_04","10","Item_Material_SkillLvUp_Common","150","","","","","3500000"
"SkillLvUp_Main_Blue_Cellarn_10","SkillLvUp_Main_Blue_Cellarn","10","Item_Material_SkillLvUp_AttributeBlue_04","15","Item_Material_SkillLvUp_Cellarn_Emblem","3","","","","","5000000"
"SkillLvUp_Main_Blue_Elvinzia_01","SkillLvUp_Main_Blue_Elvinzia","1","Item_Material_SkillLvUp_AttributeBlue_01","0","","","","","","","0"
"SkillLvUp_Main_Blue_Elvinzia_02","SkillLvUp_Main_Blue_Elvinzia","2","Item_Material_SkillLvUp_AttributeBlue_01","5","","","","","","","6000"
"SkillLvUp_Main_Blue_Elvinzia_03","SkillLvUp_Main_Blue_Elvinzia","3","Item_Material_SkillLvUp_AttributeBlue_01","10","Item_Material_SkillLvUp_Common","20","","","","","16000"
"SkillLvUp_Main_Blue_Elvinzia_04","SkillLvUp_Main_Blue_Elvinzia","4","Item_Material_SkillLvUp_AttributeBlue_02","5","Item_Material_SkillLvUp_AttributeBlue_01","15","Item_Material_SkillLvUp_Common","40","","","60000"
"SkillLvUp_Main_Blue_Elvinzia_05","SkillLvUp_Main_Blue_Elvinzia","5","Item_Material_SkillLvUp_AttributeBlue_02","10","Item_Material_SkillLvUp_Common","60","","","","","200000"
"SkillLvUp_Main_Blue_Elvinzia_06","SkillLvUp_Main_Blue_Elvinzia","6","Item_Material_SkillLvUp_AttributeBlue_03","5","Item_Material_SkillLvUp_AttributeBlue_02","15","Item_Material_SkillLvUp_Common","80","","","600000"
"SkillLvUp_Main_Blue_Elvinzia_07","SkillLvUp_Main_Blue_Elvinzia","7","Item_Material_SkillLvUp_AttributeBlue_03","10","Item_Material_SkillLvUp_Common","100","","","","","1000000"
"SkillLvUp_Main_Blue_Elvinzia_08","SkillLvUp_Main_Blue_Elvinzia","8","Item_Material_SkillLvUp_AttributeBlue_04","5","Item_Material_SkillLvUp_AttributeBlue_03","15","Item_Material_SkillLvUp_Common","120","","","2000000"
"SkillLvUp_Main_Blue_Elvinzia_09","SkillLvUp_Main_Blue_Elvinzia","9","Item_Material_SkillLvUp_AttributeBlue_04","10","Item_Material_SkillLvUp_Common","150","","","","","3500000"
"SkillLvUp_Main_Blue_Elvinzia_10","SkillLvUp_Main_Blue_Elvinzia","10","Item_Material_SkillLvUp_AttributeBlue_04","15","Item_Material_SkillLvUp_Elvinzia_Emblem","3","","","","","5000000"
"SkillLvUp_Main_Blue_Paulhill_01","SkillLvUp_Main_Blue_Paulhill","1","Item_Material_SkillLvUp_AttributeBlue_01","0","","","","","","","0"
"SkillLvUp_Main_Blue_Paulhill_02","SkillLvUp_Main_Blue_Paulhill","2","Item_Material_SkillLvUp_AttributeBlue_01","5","","","","","","","6000"
"SkillLvUp_Main_Blue_Paulhill_03","SkillLvUp_Main_Blue_Paulhill","3","Item_Material_SkillLvUp_AttributeBlue_01","10","Item_Material_SkillLvUp_Common","20","","","","","16000"
"SkillLvUp_Main_Blue_Paulhill_04","SkillLvUp_Main_Blue_Paulhill","4","Item_Material_SkillLvUp_AttributeBlue_02","5","Item_Material_SkillLvUp_AttributeBlue_01","15","Item_Material_SkillLvUp_Common","40","","","60000"
"SkillLvUp_Main_Blue_Paulhill_05","SkillLvUp_Main_Blue_Paulhill","5","Item_Material_SkillLvUp_AttributeBlue_02","10","Item_Material_SkillLvUp_Common","60","","","","","200000"
"SkillLvUp_Main_Blue_Paulhill_06","SkillLvUp_Main_Blue_Paulhill","6","Item_Material_SkillLvUp_AttributeBlue_03","5","Item_Material_SkillLvUp_AttributeBlue_02","15","Item_Material_SkillLvUp_Common","80","","","600000"
"SkillLvUp_Main_Blue_Paulhill_07","SkillLvUp_Main_Blue_Paulhill","7","Item_Material_SkillLvUp_AttributeBlue_03","10","Item_Material_SkillLvUp_Common","100","","","","","1000000"
"SkillLvUp_Main_Blue_Paulhill_08","SkillLvUp_Main_Blue_Paulhill","8","Item_Material_SkillLvUp_AttributeBlue_04","5","Item_Material_SkillLvUp_AttributeBlue_03","15","Item_Material_SkillLvUp_Common","120","","","2000000"
"SkillLvUp_Main_Blue_Paulhill_09","SkillLvUp_Main_Blue_Paulhill","9","Item_Material_SkillLvUp_AttributeBlue_04","10","Item_Material_SkillLvUp_Common","150","","","","","3500000"
"SkillLvUp_Main_Blue_Paulhill_10","SkillLvUp_Main_Blue_Paulhill","10","Item_Material_SkillLvUp_AttributeBlue_04","15","Item_Material_SkillLvUp_Paulhill_Emblem","3","","","","","5000000"
"SkillLvUp_Main_Blue_Cyberia_01","SkillLvUp_Main_Blue_Cyberia","1","Item_Material_SkillLvUp_AttributeBlue_01","0","","","","","","","0"
"SkillLvUp_Main_Blue_Cyberia_02","SkillLvUp_Main_Blue_Cyberia","2","Item_Material_SkillLvUp_AttributeBlue_01","5","","","","","","","6000"
"SkillLvUp_Main_Blue_Cyberia_03","SkillLvUp_Main_Blue_Cyberia","3","Item_Material_SkillLvUp_AttributeBlue_01","10","Item_Material_SkillLvUp_Common","20","","","","","16000"
"SkillLvUp_Main_Blue_Cyberia_04","SkillLvUp_Main_Blue_Cyberia","4","Item_Material_SkillLvUp_AttributeBlue_02","5","Item_Material_SkillLvUp_AttributeBlue_01","15","Item_Material_SkillLvUp_Common","40","","","60000"
"SkillLvUp_Main_Blue_Cyberia_05","SkillLvUp_Main_Blue_Cyberia","5","Item_Material_SkillLvUp_AttributeBlue_02","10","Item_Material_SkillLvUp_Common","60","","","","","200000"
"SkillLvUp_Main_Blue_Cyberia_06","SkillLvUp_Main_Blue_Cyberia","6","Item_Material_SkillLvUp_AttributeBlue_03","5","Item_Material_SkillLvUp_AttributeBlue_02","15","Item_Material_SkillLvUp_Common","80","","","600000"
"SkillLvUp_Main_Blue_Cyberia_07","SkillLvUp_Main_Blue_Cyberia","7","Item_Material_SkillLvUp_AttributeBlue_03","10","Item_Material_SkillLvUp_Common","100","","","","","1000000"
"SkillLvUp_Main_Blue_Cyberia_08","SkillLvUp_Main_Blue_Cyberia","8","Item_Material_SkillLvUp_AttributeBlue_04","5","Item_Material_SkillLvUp_AttributeBlue_03","15","Item_Material_SkillLvUp_Common","120","","","2000000"
"SkillLvUp_Main_Blue_Cyberia_09","SkillLvUp_Main_Blue_Cyberia","9","Item_Material_SkillLvUp_AttributeBlue_04","10","Item_Material_SkillLvUp_Common","150","","","","","3500000"
"SkillLvUp_Main_Blue_Cyberia_10","SkillLvUp_Main_Blue_Cyberia","10","Item_Material_SkillLvUp_AttributeBlue_04","15","Item_Material_SkillLvUp_Cyberia_Emblem","3","","","","","5000000"
"SkillLvUp_Main_Blue_DelMar_01","SkillLvUp_Main_Blue_DelMar","1","Item_Material_SkillLvUp_AttributeBlue_01","0","","","","","","","0"
"SkillLvUp_Main_Blue_DelMar_02","SkillLvUp_Main_Blue_DelMar","2","Item_Material_SkillLvUp_AttributeBlue_01","5","","","","","","","6000"
"SkillLvUp_Main_Blue_DelMar_03","SkillLvUp_Main_Blue_DelMar","3","Item_Material_SkillLvUp_AttributeBlue_01","10","Item_Material_SkillLvUp_Common","20","","","","","16000"
"SkillLvUp_Main_Blue_DelMar_04","SkillLvUp_Main_Blue_DelMar","4","Item_Material_SkillLvUp_AttributeBlue_02","5","Item_Material_SkillLvUp_AttributeBlue_01","15","Item_Material_SkillLvUp_Common","40","","","60000"
"SkillLvUp_Main_Blue_DelMar_05","SkillLvUp_Main_Blue_DelMar","5","Item_Material_SkillLvUp_AttributeBlue_02","10","Item_Material_SkillLvUp_Common","60","","","","","200000"
"SkillLvUp_Main_Blue_DelMar_06","SkillLvUp_Main_Blue_DelMar","6","Item_Material_SkillLvUp_AttributeBlue_03","5","Item_Material_SkillLvUp_AttributeBlue_02","15","Item_Material_SkillLvUp_Common","80","","","600000"
"SkillLvUp_Main_Blue_DelMar_07","SkillLvUp_Main_Blue_DelMar","7","Item_Material_SkillLvUp_AttributeBlue_03","10","Item_Material_SkillLvUp_Common","100","","","","","1000000"
"SkillLvUp_Main_Blue_DelMar_08","SkillLvUp_Main_Blue_DelMar","8","Item_Material_SkillLvUp_AttributeBlue_04","5","Item_Material_SkillLvUp_AttributeBlue_03","15","Item_Material_SkillLvUp_Common","120","","","2000000"
"SkillLvUp_Main_Blue_DelMar_09","SkillLvUp_Main_Blue_DelMar","9","Item_Material_SkillLvUp_AttributeBlue_04","10","Item_Material_SkillLvUp_Common","150","","","","","3500000"
"SkillLvUp_Main_Blue_DelMar_10","SkillLvUp_Main_Blue_DelMar","10","Item_Material_SkillLvUp_AttributeBlue_04","15","Item_Material_SkillLvUp_DelMar_Emblem","3","","","","","5000000"
"SkillLvUp_Main_Blue_Kainan_01","SkillLvUp_Main_Blue_Kainan","1","Item_Material_SkillLvUp_AttributeBlue_01","0","","","","","","","0"
"SkillLvUp_Main_Blue_Kainan_02","SkillLvUp_Main_Blue_Kainan","2","Item_Material_SkillLvUp_AttributeBlue_01","5","","","","","","","6000"
"SkillLvUp_Main_Blue_Kainan_03","SkillLvUp_Main_Blue_Kainan","3","Item_Material_SkillLvUp_AttributeBlue_01","10","Item_Material_SkillLvUp_Common","20","","","","","16000"
"SkillLvUp_Main_Blue_Kainan_04","SkillLvUp_Main_Blue_Kainan","4","Item_Material_SkillLvUp_AttributeBlue_02","5","Item_Material_SkillLvUp_AttributeBlue_01","15","Item_Material_SkillLvUp_Common","40","","","60000"
"SkillLvUp_Main_Blue_Kainan_05","SkillLvUp_Main_Blue_Kainan","5","Item_Material_SkillLvUp_AttributeBlue_02","10","Item_Material_SkillLvUp_Common","60","","","","","200000"
"SkillLvUp_Main_Blue_Kainan_06","SkillLvUp_Main_Blue_Kainan","6","Item_Material_SkillLvUp_AttributeBlue_03","5","Item_Material_SkillLvUp_AttributeBlue_02","15","Item_Material_SkillLvUp_Common","80","","","600000"
"SkillLvUp_Main_Blue_Kainan_07","SkillLvUp_Main_Blue_Kainan","7","Item_Material_SkillLvUp_AttributeBlue_03","10","Item_Material_SkillLvUp_Common","100","","","","","1000000"
"SkillLvUp_Main_Blue_Kainan_08","SkillLvUp_Main_Blue_Kainan","8","Item_Material_SkillLvUp_AttributeBlue_04","5","Item_Material_SkillLvUp_AttributeBlue_03","15","Item_Material_SkillLvUp_Common","120","","","2000000"
"SkillLvUp_Main_Blue_Kainan_09","SkillLvUp_Main_Blue_Kainan","9","Item_Material_SkillLvUp_AttributeBlue_04","10","Item_Material_SkillLvUp_Common","150","","","","","3500000"
"SkillLvUp_Main_Blue_Kainan_10","SkillLvUp_Main_Blue_Kainan","10","Item_Material_SkillLvUp_AttributeBlue_04","15","Item_Material_SkillLvUp_Kainan_Emblem","3","","","","","5000000"
"SkillLvUp_Main_Blue_Maru_01","SkillLvUp_Main_Blue_Maru","1","Item_Material_SkillLvUp_AttributeBlue_01","0","","","","","","","0"
"SkillLvUp_Main_Blue_Maru_02","SkillLvUp_Main_Blue_Maru","2","Item_Material_SkillLvUp_AttributeBlue_01","5","","","","","","","6000"
"SkillLvUp_Main_Blue_Maru_03","SkillLvUp_Main_Blue_Maru","3","Item_Material_SkillLvUp_AttributeBlue_01","10","Item_Material_SkillLvUp_Common","20","","","","","16000"
"SkillLvUp_Main_Blue_Maru_04","SkillLvUp_Main_Blue_Maru","4","Item_Material_SkillLvUp_AttributeBlue_02","5","Item_Material_SkillLvUp_AttributeBlue_01","15","Item_Material_SkillLvUp_Common","40","","","60000"
"SkillLvUp_Main_Blue_Maru_05","SkillLvUp_Main_Blue_Maru","5","Item_Material_SkillLvUp_AttributeBlue_02","10","Item_Material_SkillLvUp_Common","60","","","","","200000"
"SkillLvUp_Main_Blue_Maru_06","SkillLvUp_Main_Blue_Maru","6","Item_Material_SkillLvUp_AttributeBlue_03","5","Item_Material_SkillLvUp_AttributeBlue_02","15","Item_Material_SkillLvUp_Common","80","","","600000"
"SkillLvUp_Main_Blue_Maru_07","SkillLvUp_Main_Blue_Maru","7","Item_Material_SkillLvUp_AttributeBlue_03","10","Item_Material_SkillLvUp_Common","100","","","","","1000000"
"SkillLvUp_Main_Blue_Maru_08","SkillLvUp_Main_Blue_Maru","8","Item_Material_SkillLvUp_AttributeBlue_04","5","Item_Material_SkillLvUp_AttributeBlue_03","15","Item_Material_SkillLvUp_Common","120","","","2000000"
"SkillLvUp_Main_Blue_Maru_09","SkillLvUp_Main_Blue_Maru","9","Item_Material_SkillLvUp_AttributeBlue_04","10","Item_Material_SkillLvUp_Common","150","","","","","3500000"
"SkillLvUp_Main_Blue_Maru_10","SkillLvUp_Main_Blue_Maru","10","Item_Material_SkillLvUp_AttributeBlue_04","15","Item_Material_SkillLvUp_Maru_Emblem","3","","","","","5000000"
"SkillLvUp_Main_Green_Cellarn_01","SkillLvUp_Main_Green_Cellarn","1","Item_Material_SkillLvUp_AttributeGreen_01","0","","","","","","","0"
"SkillLvUp_Main_Green_Cellarn_02","SkillLvUp_Main_Green_Cellarn","2","Item_Material_SkillLvUp_AttributeGreen_01","5","","","","","","","6000"
"SkillLvUp_Main_Green_Cellarn_03","SkillLvUp_Main_Green_Cellarn","3","Item_Material_SkillLvUp_AttributeGreen_01","10","Item_Material_SkillLvUp_Common","20","","","","","16000"
"SkillLvUp_Main_Green_Cellarn_04","SkillLvUp_Main_Green_Cellarn","4","Item_Material_SkillLvUp_AttributeGreen_02","5","Item_Material_SkillLvUp_AttributeGreen_01","15","Item_Material_SkillLvUp_Common","40","","","60000"
"SkillLvUp_Main_Green_Cellarn_05","SkillLvUp_Main_Green_Cellarn","5","Item_Material_SkillLvUp_AttributeGreen_02","10","Item_Material_SkillLvUp_Common","60","","","","","200000"
"SkillLvUp_Main_Green_Cellarn_06","SkillLvUp_Main_Green_Cellarn","6","Item_Material_SkillLvUp_AttributeGreen_03","5","Item_Material_SkillLvUp_AttributeGreen_02","15","Item_Material_SkillLvUp_Common","80","","","600000"
"SkillLvUp_Main_Green_Cellarn_07","SkillLvUp_Main_Green_Cellarn","7","Item_Material_SkillLvUp_AttributeGreen_03","10","Item_Material_SkillLvUp_Common","100","","","","","1000000"
"SkillLvUp_Main_Green_Cellarn_08","SkillLvUp_Main_Green_Cellarn","8","Item_Material_SkillLvUp_AttributeGreen_04","5","Item_Material_SkillLvUp_AttributeGreen_03","15","Item_Material_SkillLvUp_Common","120","","","2000000"
"SkillLvUp_Main_Green_Cellarn_09","SkillLvUp_Main_Green_Cellarn","9","Item_Material_SkillLvUp_AttributeGreen_04","10","Item_Material_SkillLvUp_Common","150","","","","","3500000"
"SkillLvUp_Main_Green_Cellarn_10","SkillLvUp_Main_Green_Cellarn","10","Item_Material_SkillLvUp_AttributeGreen_04","15","Item_Material_SkillLvUp_Cellarn_Emblem","3","","","","","5000000"
"SkillLvUp_Main_Green_Elvinzia_01","SkillLvUp_Main_Green_Elvinzia","1","Item_Material_SkillLvUp_AttributeGreen_01","0","","","","","","","0"
"SkillLvUp_Main_Green_Elvinzia_02","SkillLvUp_Main_Green_Elvinzia","2","Item_Material_SkillLvUp_AttributeGreen_01","5","","","","","","","6000"
"SkillLvUp_Main_Green_Elvinzia_03","SkillLvUp_Main_Green_Elvinzia","3","Item_Material_SkillLvUp_AttributeGreen_01","10","Item_Material_SkillLvUp_Common","20","","","","","16000"
"SkillLvUp_Main_Green_Elvinzia_04","SkillLvUp_Main_Green_Elvinzia","4","Item_Material_SkillLvUp_AttributeGreen_02","5","Item_Material_SkillLvUp_AttributeGreen_01","15","Item_Material_SkillLvUp_Common","40","","","60000"
"SkillLvUp_Main_Green_Elvinzia_05","SkillLvUp_Main_Green_Elvinzia","5","Item_Material_SkillLvUp_AttributeGreen_02","10","Item_Material_SkillLvUp_Common","60","","","","","200000"
"SkillLvUp_Main_Green_Elvinzia_06","SkillLvUp_Main_Green_Elvinzia","6","Item_Material_SkillLvUp_AttributeGreen_03","5","Item_Material_SkillLvUp_AttributeGreen_02","15","Item_Material_SkillLvUp_Common","80","","","600000"
"SkillLvUp_Main_Green_Elvinzia_07","SkillLvUp_Main_Green_Elvinzia","7","Item_Material_SkillLvUp_AttributeGreen_03","10","Item_Material_SkillLvUp_Common","100","","","","","1000000"
"SkillLvUp_Main_Green_Elvinzia_08","SkillLvUp_Main_Green_Elvinzia","8","Item_Material_SkillLvUp_AttributeGreen_04","5","Item_Material_SkillLvUp_AttributeGreen_03","15","Item_Material_SkillLvUp_Common","120","","","2000000"
"SkillLvUp_Main_Green_Elvinzia_09","SkillLvUp_Main_Green_Elvinzia","9","Item_Material_SkillLvUp_AttributeGreen_04","10","Item_Material_SkillLvUp_Common","150","","","","","3500000"
"SkillLvUp_Main_Green_Elvinzia_10","SkillLvUp_Main_Green_Elvinzia","10","Item_Material_SkillLvUp_AttributeGreen_04","15","Item_Material_SkillLvUp_Elvinzia_Emblem","3","","","","","5000000"
"SkillLvUp_Main_Green_Paulhill_01","SkillLvUp_Main_Green_Paulhill","1","Item_Material_SkillLvUp_AttributeGreen_01","0","","","","","","","0"
"SkillLvUp_Main_Green_Paulhill_02","SkillLvUp_Main_Green_Paulhill","2","Item_Material_SkillLvUp_AttributeGreen_01","5","","","","","","","6000"
"SkillLvUp_Main_Green_Paulhill_03","SkillLvUp_Main_Green_Paulhill","3","Item_Material_SkillLvUp_AttributeGreen_01","10","Item_Material_SkillLvUp_Common","20","","","","","16000"
"SkillLvUp_Main_Green_Paulhill_04","SkillLvUp_Main_Green_Paulhill","4","Item_Material_SkillLvUp_AttributeGreen_02","5","Item_Material_SkillLvUp_AttributeGreen_01","15","Item_Material_SkillLvUp_Common","40","","","60000"
"SkillLvUp_Main_Green_Paulhill_05","SkillLvUp_Main_Green_Paulhill","5","Item_Material_SkillLvUp_AttributeGreen_02","10","Item_Material_SkillLvUp_Common","60","","","","","200000"
"SkillLvUp_Main_Green_Paulhill_06","SkillLvUp_Main_Green_Paulhill","6","Item_Material_SkillLvUp_AttributeGreen_03","5","Item_Material_SkillLvUp_AttributeGreen_02","15","Item_Material_SkillLvUp_Common","80","","","600000"
"SkillLvUp_Main_Green_Paulhill_07","SkillLvUp_Main_Green_Paulhill","7","Item_Material_SkillLvUp_AttributeGreen_03","10","Item_Material_SkillLvUp_Common","100","","","","","1000000"
"SkillLvUp_Main_Green_Paulhill_08","SkillLvUp_Main_Green_Paulhill","8","Item_Material_SkillLvUp_AttributeGreen_04","5","Item_Material_SkillLvUp_AttributeGreen_03","15","Item_Material_SkillLvUp_Common","120","","","2000000"
"SkillLvUp_Main_Green_Paulhill_09","SkillLvUp_Main_Green_Paulhill","9","Item_Material_SkillLvUp_AttributeGreen_04","10","Item_Material_SkillLvUp_Common","150","","","","","3500000"
"SkillLvUp_Main_Green_Paulhill_10","SkillLvUp_Main_Green_Paulhill","10","Item_Material_SkillLvUp_AttributeGreen_04","15","Item_Material_SkillLvUp_Paulhill_Emblem","3","","","","","5000000"
"SkillLvUp_Main_Green_Cyberia_01","SkillLvUp_Main_Green_Cyberia","1","Item_Material_SkillLvUp_AttributeGreen_01","0","","","","","","","0"
"SkillLvUp_Main_Green_Cyberia_02","SkillLvUp_Main_Green_Cyberia","2","Item_Material_SkillLvUp_AttributeGreen_01","5","","","","","","","6000"
"SkillLvUp_Main_Green_Cyberia_03","SkillLvUp_Main_Green_Cyberia","3","Item_Material_SkillLvUp_AttributeGreen_01","10","Item_Material_SkillLvUp_Common","20","","","","","16000"
"SkillLvUp_Main_Green_Cyberia_04","SkillLvUp_Main_Green_Cyberia","4","Item_Material_SkillLvUp_AttributeGreen_02","5","Item_Material_SkillLvUp_AttributeGreen_01","15","Item_Material_SkillLvUp_Common","40","","","60000"
"SkillLvUp_Main_Green_Cyberia_05","SkillLvUp_Main_Green_Cyberia","5","Item_Material_SkillLvUp_AttributeGreen_02","10","Item_Material_SkillLvUp_Common","60","","","","","200000"
"SkillLvUp_Main_Green_Cyberia_06","SkillLvUp_Main_Green_Cyberia","6","Item_Material_SkillLvUp_AttributeGreen_03","5","Item_Material_SkillLvUp_AttributeGreen_02","15","Item_Material_SkillLvUp_Common","80","","","600000"
"SkillLvUp_Main_Green_Cyberia_07","SkillLvUp_Main_Green_Cyberia","7","Item_Material_SkillLvUp_AttributeGreen_03","10","Item_Material_SkillLvUp_Common","100","","","","","1000000"
"SkillLvUp_Main_Green_Cyberia_08","SkillLvUp_Main_Green_Cyberia","8","Item_Material_SkillLvUp_AttributeGreen_04","5","Item_Material_SkillLvUp_AttributeGreen_03","15","Item_Material_SkillLvUp_Common","120","","","2000000"
"SkillLvUp_Main_Green_Cyberia_09","SkillLvUp_Main_Green_Cyberia","9","Item_Material_SkillLvUp_AttributeGreen_04","10","Item_Material_SkillLvUp_Common","150","","","","","3500000"
"SkillLvUp_Main_Green_Cyberia_10","SkillLvUp_Main_Green_Cyberia","10","Item_Material_SkillLvUp_AttributeGreen_04","15","Item_Material_SkillLvUp_Cyberia_Emblem","3","","","","","5000000"
"SkillLvUp_Main_Green_DelMar_01","SkillLvUp_Main_Green_DelMar","1","Item_Material_SkillLvUp_AttributeGreen_01","0","","","","","","","0"
"SkillLvUp_Main_Green_DelMar_02","SkillLvUp_Main_Green_DelMar","2","Item_Material_SkillLvUp_AttributeGreen_01","5","","","","","","","6000"
"SkillLvUp_Main_Green_DelMar_03","SkillLvUp_Main_Green_DelMar","3","Item_Material_SkillLvUp_AttributeGreen_01","10","Item_Material_SkillLvUp_Common","20","","","","","16000"
"SkillLvUp_Main_Green_DelMar_04","SkillLvUp_Main_Green_DelMar","4","Item_Material_SkillLvUp_AttributeGreen_02","5","Item_Material_SkillLvUp_AttributeGreen_01","15","Item_Material_SkillLvUp_Common","40","","","60000"
"SkillLvUp_Main_Green_DelMar_05","SkillLvUp_Main_Green_DelMar","5","Item_Material_SkillLvUp_AttributeGreen_02","10","Item_Material_SkillLvUp_Common","60","","","","","200000"
"SkillLvUp_Main_Green_DelMar_06","SkillLvUp_Main_Green_DelMar","6","Item_Material_SkillLvUp_AttributeGreen_03","5","Item_Material_SkillLvUp_AttributeGreen_02","15","Item_Material_SkillLvUp_Common","80","","","600000"
"SkillLvUp_Main_Green_DelMar_07","SkillLvUp_Main_Green_DelMar","7","Item_Material_SkillLvUp_AttributeGreen_03","10","Item_Material_SkillLvUp_Common","100","","","","","1000000"
"SkillLvUp_Main_Green_DelMar_08","SkillLvUp_Main_Green_DelMar","8","Item_Material_SkillLvUp_AttributeGreen_04","5","Item_Material_SkillLvUp_AttributeGreen_03","15","Item_Material_SkillLvUp_Common","120","","","2000000"
"SkillLvUp_Main_Green_DelMar_09","SkillLvUp_Main_Green_DelMar","9","Item_Material_SkillLvUp_AttributeGreen_04","10","Item_Material_SkillLvUp_Common","150","","","","","3500000"
"SkillLvUp_Main_Green_DelMar_10","SkillLvUp_Main_Green_DelMar","10","Item_Material_SkillLvUp_AttributeGreen_04","15","Item_Material_SkillLvUp_DelMar_Emblem","3","","","","","5000000"
"SkillLvUp_Main_Green_Kainan_01","SkillLvUp_Main_Green_Kainan","1","Item_Material_SkillLvUp_AttributeGreen_01","0","","","","","","","0"
"SkillLvUp_Main_Green_Kainan_02","SkillLvUp_Main_Green_Kainan","2","Item_Material_SkillLvUp_AttributeGreen_01","5","","","","","","","6000"
"SkillLvUp_Main_Green_Kainan_03","SkillLvUp_Main_Green_Kainan","3","Item_Material_SkillLvUp_AttributeGreen_01","10","Item_Material_SkillLvUp_Common","20","","","","","16000"
"SkillLvUp_Main_Green_Kainan_04","SkillLvUp_Main_Green_Kainan","4","Item_Material_SkillLvUp_AttributeGreen_02","5","Item_Material_SkillLvUp_AttributeGreen_01","15","Item_Material_SkillLvUp_Common","40","","","60000"
"SkillLvUp_Main_Green_Kainan_05","SkillLvUp_Main_Green_Kainan","5","Item_Material_SkillLvUp_AttributeGreen_02","10","Item_Material_SkillLvUp_Common","60","","","","","200000"
"SkillLvUp_Main_Green_Kainan_06","SkillLvUp_Main_Green_Kainan","6","Item_Material_SkillLvUp_AttributeGreen_03","5","Item_Material_SkillLvUp_AttributeGreen_02","15","Item_Material_SkillLvUp_Common","80","","","600000"
"SkillLvUp_Main_Green_Kainan_07","SkillLvUp_Main_Green_Kainan","7","Item_Material_SkillLvUp_AttributeGreen_03","10","Item_Material_SkillLvUp_Common","100","","","","","1000000"
"SkillLvUp_Main_Green_Kainan_08","SkillLvUp_Main_Green_Kainan","8","Item_Material_SkillLvUp_AttributeGreen_04","5","Item_Material_SkillLvUp_AttributeGreen_03","15","Item_Material_SkillLvUp_Common","120","","","2000000"
"SkillLvUp_Main_Green_Kainan_09","SkillLvUp_Main_Green_Kainan","9","Item_Material_SkillLvUp_AttributeGreen_04","10","Item_Material_SkillLvUp_Common","150","","","","","3500000"
"SkillLvUp_Main_Green_Kainan_10","SkillLvUp_Main_Green_Kainan","10","Item_Material_SkillLvUp_AttributeGreen_04","15","Item_Material_SkillLvUp_Kainan_Emblem","3","","","","","5000000"
"SkillLvUp_Main_Green_Maru_01","SkillLvUp_Main_Green_Maru","1","Item_Material_SkillLvUp_AttributeGreen_01","0","","","","","","","0"
"SkillLvUp_Main_Green_Maru_02","SkillLvUp_Main_Green_Maru","2","Item_Material_SkillLvUp_AttributeGreen_01","5","","","","","","","3000"
"SkillLvUp_Main_Green_Maru_03","SkillLvUp_Main_Green_Maru","3","Item_Material_SkillLvUp_AttributeGreen_01","10","Item_Material_SkillLvUp_Common","20","","","","","8000"
"SkillLvUp_Main_Green_Maru_04","SkillLvUp_Main_Green_Maru","4","Item_Material_SkillLvUp_AttributeGreen_02","5","Item_Material_SkillLvUp_AttributeGreen_01","15","Item_Material_SkillLvUp_Common","40","","","30000"
"SkillLvUp_Main_Green_Maru_05","SkillLvUp_Main_Green_Maru","5","Item_Material_SkillLvUp_AttributeGreen_02","10","Item_Material_SkillLvUp_Common","60","","","","","100000"
"SkillLvUp_Main_Green_Maru_06","SkillLvUp_Main_Green_Maru","6","Item_Material_SkillLvUp_AttributeGreen_03","5","Item_Material_SkillLvUp_AttributeGreen_02","15","Item_Material_SkillLvUp_Common","80","","","300000"
"SkillLvUp_Main_Green_Maru_07","SkillLvUp_Main_Green_Maru","7","Item_Material_SkillLvUp_AttributeGreen_03","10","Item_Material_SkillLvUp_Common","100","","","","","500000"
"SkillLvUp_Main_Green_Maru_08","SkillLvUp_Main_Green_Maru","8","Item_Material_SkillLvUp_AttributeGreen_04","5","Item_Material_SkillLvUp_AttributeGreen_03","15","Item_Material_SkillLvUp_Common","120","","","1000000"
"SkillLvUp_Main_Green_Maru_09","SkillLvUp_Main_Green_Maru","9","Item_Material_SkillLvUp_AttributeGreen_04","10","Item_Material_SkillLvUp_Common","150","","","","","2000000"
"SkillLvUp_Main_Green_Maru_10","SkillLvUp_Main_Green_Maru","10","Item_Material_SkillLvUp_AttributeGreen_04","15","Item_Material_SkillLvUp_Maru_Emblem","3","","","","","3500000"
"SkillLvUp_Sub_Guardian_Cellarn_01","SkillLvUp_Sub_Guardian_Cellarn","1","Item_Material_SkillLvUp_ClassGuardian_01","0","","","","","","","0"
"SkillLvUp_Sub_Guardian_Cellarn_02","SkillLvUp_Sub_Guardian_Cellarn","2","Item_Material_SkillLvUp_ClassGuardian_01","10","","","","","","","3000"
"SkillLvUp_Sub_Guardian_Cellarn_03","SkillLvUp_Sub_Guardian_Cellarn","3","Item_Material_SkillLvUp_ClassGuardian_01","20","Item_Material_SkillLvUp_Common","10","","","","","8000"
"SkillLvUp_Sub_Guardian_Cellarn_04","SkillLvUp_Sub_Guardian_Cellarn","4","Item_Material_SkillLvUp_ClassGuardian_02","10","Item_Material_SkillLvUp_ClassGuardian_01","30","Item_Material_SkillLvUp_Common","20","","","30000"
"SkillLvUp_Sub_Guardian_Cellarn_05","SkillLvUp_Sub_Guardian_Cellarn","5","Item_Material_SkillLvUp_ClassGuardian_02","20","Item_Material_SkillLvUp_Common","30","","","","","100000"
"SkillLvUp_Sub_Guardian_Cellarn_06","SkillLvUp_Sub_Guardian_Cellarn","6","Item_Material_SkillLvUp_ClassGuardian_03","10","Item_Material_SkillLvUp_ClassGuardian_02","30","Item_Material_SkillLvUp_Common","40","","","300000"
"SkillLvUp_Sub_Guardian_Cellarn_07","SkillLvUp_Sub_Guardian_Cellarn","7","Item_Material_SkillLvUp_ClassGuardian_03","20","Item_Material_SkillLvUp_Common","50","","","","","500000"
"SkillLvUp_Sub_Guardian_Cellarn_08","SkillLvUp_Sub_Guardian_Cellarn","8","Item_Material_SkillLvUp_ClassGuardian_04","10","Item_Material_SkillLvUp_ClassGuardian_03","30","Item_Material_SkillLvUp_Common","60","","","1000000"
"SkillLvUp_Sub_Guardian_Cellarn_09","SkillLvUp_Sub_Guardian_Cellarn","9","Item_Material_SkillLvUp_ClassGuardian_04","20","Item_Material_SkillLvUp_Common","80","","","","","2000000"
"SkillLvUp_Sub_Guardian_Cellarn_10","SkillLvUp_Sub_Guardian_Cellarn","10","Item_Material_SkillLvUp_ClassGuardian_04","30","Item_Material_SkillLvUp_Cellarn_Emblem","1","","","","","3500000"
"SkillLvUp_Sub_Guardian_Elvinzia_01","SkillLvUp_Sub_Guardian_Elvinzia","1","Item_Material_SkillLvUp_ClassGuardian_01","0","","","","","","","0"
"SkillLvUp_Sub_Guardian_Elvinzia_02","SkillLvUp_Sub_Guardian_Elvinzia","2","Item_Material_SkillLvUp_ClassGuardian_01","10","","","","","","","3000"
"SkillLvUp_Sub_Guardian_Elvinzia_03","SkillLvUp_Sub_Guardian_Elvinzia","3","Item_Material_SkillLvUp_ClassGuardian_01","20","Item_Material_SkillLvUp_Common","10","","","","","8000"
"SkillLvUp_Sub_Guardian_Elvinzia_04","SkillLvUp_Sub_Guardian_Elvinzia","4","Item_Material_SkillLvUp_ClassGuardian_02","10","Item_Material_SkillLvUp_ClassGuardian_01","30","Item_Material_SkillLvUp_Common","20","","","30000"
"SkillLvUp_Sub_Guardian_Elvinzia_05","SkillLvUp_Sub_Guardian_Elvinzia","5","Item_Material_SkillLvUp_ClassGuardian_02","20","Item_Material_SkillLvUp_Common","30","","","","","100000"
"SkillLvUp_Sub_Guardian_Elvinzia_06","SkillLvUp_Sub_Guardian_Elvinzia","6","Item_Material_SkillLvUp_ClassGuardian_03","10","Item_Material_SkillLvUp_ClassGuardian_02","30","Item_Material_SkillLvUp_Common","40","","","300000"
"SkillLvUp_Sub_Guardian_Elvinzia_07","SkillLvUp_Sub_Guardian_Elvinzia","7","Item_Material_SkillLvUp_ClassGuardian_03","20","Item_Material_SkillLvUp_Common","50","","","","","500000"
"SkillLvUp_Sub_Guardian_Elvinzia_08","SkillLvUp_Sub_Guardian_Elvinzia","8","Item_Material_SkillLvUp_ClassGuardian_04","10","Item_Material_SkillLvUp_ClassGuardian_03","30","Item_Material_SkillLvUp_Common","60","","","1000000"
"SkillLvUp_Sub_Guardian_Elvinzia_09","SkillLvUp_Sub_Guardian_Elvinzia","9","Item_Material_SkillLvUp_ClassGuardian_04","20","Item_Material_SkillLvUp_Common","80","","","","","2000000"
"SkillLvUp_Sub_Guardian_Elvinzia_10","SkillLvUp_Sub_Guardian_Elvinzia","10","Item_Material_SkillLvUp_ClassGuardian_04","30","Item_Material_SkillLvUp_Elvinzia_Emblem","1","","","","","3500000"
"SkillLvUp_Sub_Guardian_Paulhill_01","SkillLvUp_Sub_Guardian_Paulhill","1","Item_Material_SkillLvUp_ClassGuardian_01","0","","","","","","","0"
"SkillLvUp_Sub_Guardian_Paulhill_02","SkillLvUp_Sub_Guardian_Paulhill","2","Item_Material_SkillLvUp_ClassGuardian_01","10","","","","","","","3000"
"SkillLvUp_Sub_Guardian_Paulhill_03","SkillLvUp_Sub_Guardian_Paulhill","3","Item_Material_SkillLvUp_ClassGuardian_01","20","Item_Material_SkillLvUp_Common","10","","","","","8000"
"SkillLvUp_Sub_Guardian_Paulhill_04","SkillLvUp_Sub_Guardian_Paulhill","4","Item_Material_SkillLvUp_ClassGuardian_02","10","Item_Material_SkillLvUp_ClassGuardian_01","30","Item_Material_SkillLvUp_Common","20","","","30000"
"SkillLvUp_Sub_Guardian_Paulhill_05","SkillLvUp_Sub_Guardian_Paulhill","5","Item_Material_SkillLvUp_ClassGuardian_02","20","Item_Material_SkillLvUp_Common","30","","","","","100000"
"SkillLvUp_Sub_Guardian_Paulhill_06","SkillLvUp_Sub_Guardian_Paulhill","6","Item_Material_SkillLvUp_ClassGuardian_03","10","Item_Material_SkillLvUp_ClassGuardian_02","30","Item_Material_SkillLvUp_Common","40","","","300000"
"SkillLvUp_Sub_Guardian_Paulhill_07","SkillLvUp_Sub_Guardian_Paulhill","7","Item_Material_SkillLvUp_ClassGuardian_03","20","Item_Material_SkillLvUp_Common","50","","","","","500000"
"SkillLvUp_Sub_Guardian_Paulhill_08","SkillLvUp_Sub_Guardian_Paulhill","8","Item_Material_SkillLvUp_ClassGuardian_04","10","Item_Material_SkillLvUp_ClassGuardian_03","30","Item_Material_SkillLvUp_Common","60","","","1000000"
"SkillLvUp_Sub_Guardian_Paulhill_09","SkillLvUp_Sub_Guardian_Paulhill","9","Item_Material_SkillLvUp_ClassGuardian_04","20","Item_Material_SkillLvUp_Common","80","","","","","2000000"
"SkillLvUp_Sub_Guardian_Paulhill_10","SkillLvUp_Sub_Guardian_Paulhill","10","Item_Material_SkillLvUp_ClassGuardian_04","30","Item_Material_SkillLvUp_Paulhill_Emblem","1","","","","","3500000"
"SkillLvUp_Sub_Guardian_Cyberia_01","SkillLvUp_Sub_Guardian_Cyberia","1","Item_Material_SkillLvUp_ClassGuardian_01","0","","","","","","","0"
"SkillLvUp_Sub_Guardian_Cyberia_02","SkillLvUp_Sub_Guardian_Cyberia","2","Item_Material_SkillLvUp_ClassGuardian_01","10","","","","","","","3000"
"SkillLvUp_Sub_Guardian_Cyberia_03","SkillLvUp_Sub_Guardian_Cyberia","3","Item_Material_SkillLvUp_ClassGuardian_01","20","Item_Material_SkillLvUp_Common","10","","","","","8000"
"SkillLvUp_Sub_Guardian_Cyberia_04","SkillLvUp_Sub_Guardian_Cyberia","4","Item_Material_SkillLvUp_ClassGuardian_02","10","Item_Material_SkillLvUp_ClassGuardian_01","30","Item_Material_SkillLvUp_Common","20","","","30000"
"SkillLvUp_Sub_Guardian_Cyberia_05","SkillLvUp_Sub_Guardian_Cyberia","5","Item_Material_SkillLvUp_ClassGuardian_02","20","Item_Material_SkillLvUp_Common","30","","","","","100000"
"SkillLvUp_Sub_Guardian_Cyberia_06","SkillLvUp_Sub_Guardian_Cyberia","6","Item_Material_SkillLvUp_ClassGuardian_03","10","Item_Material_SkillLvUp_ClassGuardian_02","30","Item_Material_SkillLvUp_Common","40","","","300000"
"SkillLvUp_Sub_Guardian_Cyberia_07","SkillLvUp_Sub_Guardian_Cyberia","7","Item_Material_SkillLvUp_ClassGuardian_03","20","Item_Material_SkillLvUp_Common","50","","","","","500000"
"SkillLvUp_Sub_Guardian_Cyberia_08","SkillLvUp_Sub_Guardian_Cyberia","8","Item_Material_SkillLvUp_ClassGuardian_04","10","Item_Material_SkillLvUp_ClassGuardian_03","30","Item_Material_SkillLvUp_Common","60","","","1000000"
"SkillLvUp_Sub_Guardian_Cyberia_09","SkillLvUp_Sub_Guardian_Cyberia","9","Item_Material_SkillLvUp_ClassGuardian_04","20","Item_Material_SkillLvUp_Common","80","","","","","2000000"
"SkillLvUp_Sub_Guardian_Cyberia_10","SkillLvUp_Sub_Guardian_Cyberia","10","Item_Material_SkillLvUp_ClassGuardian_04","30","Item_Material_SkillLvUp_Cyberia_Emblem","1","","","","","3500000"
"SkillLvUp_Sub_Guardian_DelMar_01","SkillLvUp_Sub_Guardian_DelMar","1","Item_Material_SkillLvUp_ClassGuardian_01","0","","","","","","","0"
"SkillLvUp_Sub_Guardian_DelMar_02","SkillLvUp_Sub_Guardian_DelMar","2","Item_Material_SkillLvUp_ClassGuardian_01","10","","","","","","","3000"
"SkillLvUp_Sub_Guardian_DelMar_03","SkillLvUp_Sub_Guardian_DelMar","3","Item_Material_SkillLvUp_ClassGuardian_01","20","Item_Material_SkillLvUp_Common","10","","","","","8000"
"SkillLvUp_Sub_Guardian_DelMar_04","SkillLvUp_Sub_Guardian_DelMar","4","Item_Material_SkillLvUp_ClassGuardian_02","10","Item_Material_SkillLvUp_ClassGuardian_01","30","Item_Material_SkillLvUp_Common","20","","","30000"
"SkillLvUp_Sub_Guardian_DelMar_05","SkillLvUp_Sub_Guardian_DelMar","5","Item_Material_SkillLvUp_ClassGuardian_02","20","Item_Material_SkillLvUp_Common","30","","","","","100000"
"SkillLvUp_Sub_Guardian_DelMar_06","SkillLvUp_Sub_Guardian_DelMar","6","Item_Material_SkillLvUp_ClassGuardian_03","10","Item_Material_SkillLvUp_ClassGuardian_02","30","Item_Material_SkillLvUp_Common","40","","","300000"
"SkillLvUp_Sub_Guardian_DelMar_07","SkillLvUp_Sub_Guardian_DelMar","7","Item_Material_SkillLvUp_ClassGuardian_03","20","Item_Material_SkillLvUp_Common","50","","","","","500000"
"SkillLvUp_Sub_Guardian_DelMar_08","SkillLvUp_Sub_Guardian_DelMar","8","Item_Material_SkillLvUp_ClassGuardian_04","10","Item_Material_SkillLvUp_ClassGuardian_03","30","Item_Material_SkillLvUp_Common","60","","","1000000"
"SkillLvUp_Sub_Guardian_DelMar_09","SkillLvUp_Sub_Guardian_DelMar","9","Item_Material_SkillLvUp_ClassGuardian_04","20","Item_Material_SkillLvUp_Common","80","","","","","2000000"
"SkillLvUp_Sub_Guardian_DelMar_10","SkillLvUp_Sub_Guardian_DelMar","10","Item_Material_SkillLvUp_ClassGuardian_04","30","Item_Material_SkillLvUp_DelMar_Emblem","1","","","","","3500000"
"SkillLvUp_Sub_Guardian_Kainan_01","SkillLvUp_Sub_Guardian_Kainan","1","Item_Material_SkillLvUp_ClassGuardian_01","0","","","","","","","0"
"SkillLvUp_Sub_Guardian_Kainan_02","SkillLvUp_Sub_Guardian_Kainan","2","Item_Material_SkillLvUp_ClassGuardian_01","10","","","","","","","3000"
"SkillLvUp_Sub_Guardian_Kainan_03","SkillLvUp_Sub_Guardian_Kainan","3","Item_Material_SkillLvUp_ClassGuardian_01","20","Item_Material_SkillLvUp_Common","10","","","","","8000"
"SkillLvUp_Sub_Guardian_Kainan_04","SkillLvUp_Sub_Guardian_Kainan","4","Item_Material_SkillLvUp_ClassGuardian_02","10","Item_Material_SkillLvUp_ClassGuardian_01","30","Item_Material_SkillLvUp_Common","20","","","30000"
"SkillLvUp_Sub_Guardian_Kainan_05","SkillLvUp_Sub_Guardian_Kainan","5","Item_Material_SkillLvUp_ClassGuardian_02","20","Item_Material_SkillLvUp_Common","30","","","","","100000"
"SkillLvUp_Sub_Guardian_Kainan_06","SkillLvUp_Sub_Guardian_Kainan","6","Item_Material_SkillLvUp_ClassGuardian_03","10","Item_Material_SkillLvUp_ClassGuardian_02","30","Item_Material_SkillLvUp_Common","40","","","300000"
"SkillLvUp_Sub_Guardian_Kainan_07","SkillLvUp_Sub_Guardian_Kainan","7","Item_Material_SkillLvUp_ClassGuardian_03","20","Item_Material_SkillLvUp_Common","50","","","","","500000"
"SkillLvUp_Sub_Guardian_Kainan_08","SkillLvUp_Sub_Guardian_Kainan","8","Item_Material_SkillLvUp_ClassGuardian_04","10","Item_Material_SkillLvUp_ClassGuardian_03","30","Item_Material_SkillLvUp_Common","60","","","1000000"
"SkillLvUp_Sub_Guardian_Kainan_09","SkillLvUp_Sub_Guardian_Kainan","9","Item_Material_SkillLvUp_ClassGuardian_04","20","Item_Material_SkillLvUp_Common","80","","","","","2000000"
"SkillLvUp_Sub_Guardian_Kainan_10","SkillLvUp_Sub_Guardian_Kainan","10","Item_Material_SkillLvUp_ClassGuardian_04","30","Item_Material_SkillLvUp_Kainan_Emblem","1","","","","","3500000"
"SkillLvUp_Sub_Guardian_Maru_01","SkillLvUp_Sub_Guardian_Maru","1","Item_Material_SkillLvUp_ClassGuardian_01","0","","","","","","","0"
"SkillLvUp_Sub_Guardian_Maru_02","SkillLvUp_Sub_Guardian_Maru","2","Item_Material_SkillLvUp_ClassGuardian_01","10","","","","","","","3000"
"SkillLvUp_Sub_Guardian_Maru_03","SkillLvUp_Sub_Guardian_Maru","3","Item_Material_SkillLvUp_ClassGuardian_01","20","Item_Material_SkillLvUp_Common","10","","","","","8000"
"SkillLvUp_Sub_Guardian_Maru_04","SkillLvUp_Sub_Guardian_Maru","4","Item_Material_SkillLvUp_ClassGuardian_02","10","Item_Material_SkillLvUp_ClassGuardian_01","30","Item_Material_SkillLvUp_Common","20","","","30000"
"SkillLvUp_Sub_Guardian_Maru_05","SkillLvUp_Sub_Guardian_Maru","5","Item_Material_SkillLvUp_ClassGuardian_02","20","Item_Material_SkillLvUp_Common","30","","","","","100000"
"SkillLvUp_Sub_Guardian_Maru_06","SkillLvUp_Sub_Guardian_Maru","6","Item_Material_SkillLvUp_ClassGuardian_03","10","Item_Material_SkillLvUp_ClassGuardian_02","30","Item_Material_SkillLvUp_Common","40","","","300000"
"SkillLvUp_Sub_Guardian_Maru_07","SkillLvUp_Sub_Guardian_Maru","7","Item_Material_SkillLvUp_ClassGuardian_03","20","Item_Material_SkillLvUp_Common","50","","","","","500000"
"SkillLvUp_Sub_Guardian_Maru_08","SkillLvUp_Sub_Guardian_Maru","8","Item_Material_SkillLvUp_ClassGuardian_04","10","Item_Material_SkillLvUp_ClassGuardian_03","30","Item_Material_SkillLvUp_Common","60","","","1000000"
"SkillLvUp_Sub_Guardian_Maru_09","SkillLvUp_Sub_Guardian_Maru","9","Item_Material_SkillLvUp_ClassGuardian_04","20","Item_Material_SkillLvUp_Common","80","","","","","2000000"
"SkillLvUp_Sub_Guardian_Maru_10","SkillLvUp_Sub_Guardian_Maru","10","Item_Material_SkillLvUp_ClassGuardian_04","30","Item_Material_SkillLvUp_Maru_Emblem","1","","","","","3500000"
"SkillLvUp_Sub_Knight_Cellarn_01","SkillLvUp_Sub_Knight_Cellarn","1","Item_Material_SkillLvUp_ClassKnight_01","0","","","","","","","0"
"SkillLvUp_Sub_Knight_Cellarn_02","SkillLvUp_Sub_Knight_Cellarn","2","Item_Material_SkillLvUp_ClassKnight_01","10","","","","","","","3000"
"SkillLvUp_Sub_Knight_Cellarn_03","SkillLvUp_Sub_Knight_Cellarn","3","Item_Material_SkillLvUp_ClassKnight_01","20","Item_Material_SkillLvUp_Common","10","","","","","8000"
"SkillLvUp_Sub_Knight_Cellarn_04","SkillLvUp_Sub_Knight_Cellarn","4","Item_Material_SkillLvUp_ClassKnight_02","10","Item_Material_SkillLvUp_ClassKnight_01","30","Item_Material_SkillLvUp_Common","20","","","30000"
"SkillLvUp_Sub_Knight_Cellarn_05","SkillLvUp_Sub_Knight_Cellarn","5","Item_Material_SkillLvUp_ClassKnight_02","20","Item_Material_SkillLvUp_Common","30","","","","","100000"
"SkillLvUp_Sub_Knight_Cellarn_06","SkillLvUp_Sub_Knight_Cellarn","6","Item_Material_SkillLvUp_ClassKnight_03","10","Item_Material_SkillLvUp_ClassKnight_02","30","Item_Material_SkillLvUp_Common","40","","","300000"
"SkillLvUp_Sub_Knight_Cellarn_07","SkillLvUp_Sub_Knight_Cellarn","7","Item_Material_SkillLvUp_ClassKnight_03","20","Item_Material_SkillLvUp_Common","50","","","","","500000"
"SkillLvUp_Sub_Knight_Cellarn_08","SkillLvUp_Sub_Knight_Cellarn","8","Item_Material_SkillLvUp_ClassKnight_04","10","Item_Material_SkillLvUp_ClassKnight_03","30","Item_Material_SkillLvUp_Common","60","","","1000000"
"SkillLvUp_Sub_Knight_Cellarn_09","SkillLvUp_Sub_Knight_Cellarn","9","Item_Material_SkillLvUp_ClassKnight_04","20","Item_Material_SkillLvUp_Common","80","","","","","2000000"
"SkillLvUp_Sub_Knight_Cellarn_10","SkillLvUp_Sub_Knight_Cellarn","10","Item_Material_SkillLvUp_ClassKnight_04","30","Item_Material_SkillLvUp_Cellarn_Emblem","1","","","","","3500000"
"SkillLvUp_Sub_Knight_Elvinzia_01","SkillLvUp_Sub_Knight_Elvinzia","1","Item_Material_SkillLvUp_ClassKnight_01","0","","","","","","","0"
"SkillLvUp_Sub_Knight_Elvinzia_02","SkillLvUp_Sub_Knight_Elvinzia","2","Item_Material_SkillLvUp_ClassKnight_01","10","","","","","","","3000"
"SkillLvUp_Sub_Knight_Elvinzia_03","SkillLvUp_Sub_Knight_Elvinzia","3","Item_Material_SkillLvUp_ClassKnight_01","20","Item_Material_SkillLvUp_Common","10","","","","","8000"
"SkillLvUp_Sub_Knight_Elvinzia_04","SkillLvUp_Sub_Knight_Elvinzia","4","Item_Material_SkillLvUp_ClassKnight_02","10","Item_Material_SkillLvUp_ClassKnight_01","30","Item_Material_SkillLvUp_Common","20","","","30000"
"SkillLvUp_Sub_Knight_Elvinzia_05","SkillLvUp_Sub_Knight_Elvinzia","5","Item_Material_SkillLvUp_ClassKnight_02","20","Item_Material_SkillLvUp_Common","30","","","","","100000"
"SkillLvUp_Sub_Knight_Elvinzia_06","SkillLvUp_Sub_Knight_Elvinzia","6","Item_Material_SkillLvUp_ClassKnight_03","10","Item_Material_SkillLvUp_ClassKnight_02","30","Item_Material_SkillLvUp_Common","40","","","300000"
"SkillLvUp_Sub_Knight_Elvinzia_07","SkillLvUp_Sub_Knight_Elvinzia","7","Item_Material_SkillLvUp_ClassKnight_03","20","Item_Material_SkillLvUp_Common","50","","","","","500000"
"SkillLvUp_Sub_Knight_Elvinzia_08","SkillLvUp_Sub_Knight_Elvinzia","8","Item_Material_SkillLvUp_ClassKnight_04","10","Item_Material_SkillLvUp_ClassKnight_03","30","Item_Material_SkillLvUp_Common","60","","","1000000"
"SkillLvUp_Sub_Knight_Elvinzia_09","SkillLvUp_Sub_Knight_Elvinzia","9","Item_Material_SkillLvUp_ClassKnight_04","20","Item_Material_SkillLvUp_Common","80","","","","","2000000"
"SkillLvUp_Sub_Knight_Elvinzia_10","SkillLvUp_Sub_Knight_Elvinzia","10","Item_Material_SkillLvUp_ClassKnight_04","30","Item_Material_SkillLvUp_Elvinzia_Emblem","1","","","","","3500000"
"SkillLvUp_Sub_Knight_Paulhill_01","SkillLvUp_Sub_Knight_Paulhill","1","Item_Material_SkillLvUp_ClassKnight_01","0","","","","","","","0"
"SkillLvUp_Sub_Knight_Paulhill_02","SkillLvUp_Sub_Knight_Paulhill","2","Item_Material_SkillLvUp_ClassKnight_01","10","","","","","","","3000"
"SkillLvUp_Sub_Knight_Paulhill_03","SkillLvUp_Sub_Knight_Paulhill","3","Item_Material_SkillLvUp_ClassKnight_01","20","Item_Material_SkillLvUp_Common","10","","","","","8000"
"SkillLvUp_Sub_Knight_Paulhill_04","SkillLvUp_Sub_Knight_Paulhill","4","Item_Material_SkillLvUp_ClassKnight_02","10","Item_Material_SkillLvUp_ClassKnight_01","30","Item_Material_SkillLvUp_Common","20","","","30000"
"SkillLvUp_Sub_Knight_Paulhill_05","SkillLvUp_Sub_Knight_Paulhill","5","Item_Material_SkillLvUp_ClassKnight_02","20","Item_Material_SkillLvUp_Common","30","","","","","100000"
"SkillLvUp_Sub_Knight_Paulhill_06","SkillLvUp_Sub_Knight_Paulhill","6","Item_Material_SkillLvUp_ClassKnight_03","10","Item_Material_SkillLvUp_ClassKnight_02","30","Item_Material_SkillLvUp_Common","40","","","300000"
"SkillLvUp_Sub_Knight_Paulhill_07","SkillLvUp_Sub_Knight_Paulhill","7","Item_Material_SkillLvUp_ClassKnight_03","20","Item_Material_SkillLvUp_Common","50","","","","","500000"
"SkillLvUp_Sub_Knight_Paulhill_08","SkillLvUp_Sub_Knight_Paulhill","8","Item_Material_SkillLvUp_ClassKnight_04","10","Item_Material_SkillLvUp_ClassKnight_03","30","Item_Material_SkillLvUp_Common","60","","","1000000"
"SkillLvUp_Sub_Knight_Paulhill_09","SkillLvUp_Sub_Knight_Paulhill","9","Item_Material_SkillLvUp_ClassKnight_04","20","Item_Material_SkillLvUp_Common","80","","","","","2000000"
"SkillLvUp_Sub_Knight_Paulhill_10","SkillLvUp_Sub_Knight_Paulhill","10","Item_Material_SkillLvUp_ClassKnight_04","30","Item_Material_SkillLvUp_Paulhill_Emblem","1","","","","","3500000"
"SkillLvUp_Sub_Knight_Cyberia_01","SkillLvUp_Sub_Knight_Cyberia","1","Item_Material_SkillLvUp_ClassKnight_01","0","","","","","","","0"
"SkillLvUp_Sub_Knight_Cyberia_02","SkillLvUp_Sub_Knight_Cyberia","2","Item_Material_SkillLvUp_ClassKnight_01","10","","","","","","","3000"
"SkillLvUp_Sub_Knight_Cyberia_03","SkillLvUp_Sub_Knight_Cyberia","3","Item_Material_SkillLvUp_ClassKnight_01","20","Item_Material_SkillLvUp_Common","10","","","","","8000"
"SkillLvUp_Sub_Knight_Cyberia_04","SkillLvUp_Sub_Knight_Cyberia","4","Item_Material_SkillLvUp_ClassKnight_02","10","Item_Material_SkillLvUp_ClassKnight_01","30","Item_Material_SkillLvUp_Common","20","","","30000"
"SkillLvUp_Sub_Knight_Cyberia_05","SkillLvUp_Sub_Knight_Cyberia","5","Item_Material_SkillLvUp_ClassKnight_02","20","Item_Material_SkillLvUp_Common","30","","","","","100000"
"SkillLvUp_Sub_Knight_Cyberia_06","SkillLvUp_Sub_Knight_Cyberia","6","Item_Material_SkillLvUp_ClassKnight_03","10","Item_Material_SkillLvUp_ClassKnight_02","30","Item_Material_SkillLvUp_Common","40","","","300000"
"SkillLvUp_Sub_Knight_Cyberia_07","SkillLvUp_Sub_Knight_Cyberia","7","Item_Material_SkillLvUp_ClassKnight_03","20","Item_Material_SkillLvUp_Common","50","","","","","500000"
"SkillLvUp_Sub_Knight_Cyberia_08","SkillLvUp_Sub_Knight_Cyberia","8","Item_Material_SkillLvUp_ClassKnight_04","10","Item_Material_SkillLvUp_ClassKnight_03","30","Item_Material_SkillLvUp_Common","60","","","1000000"
"SkillLvUp_Sub_Knight_Cyberia_09","SkillLvUp_Sub_Knight_Cyberia","9","Item_Material_SkillLvUp_ClassKnight_04","20","Item_Material_SkillLvUp_Common","80","","","","","2000000"
"SkillLvUp_Sub_Knight_Cyberia_10","SkillLvUp_Sub_Knight_Cyberia","10","Item_Material_SkillLvUp_ClassKnight_04","30","Item_Material_SkillLvUp_Cyberia_Emblem","1","","","","","3500000"
"SkillLvUp_Sub_Knight_DelMar_01","SkillLvUp_Sub_Knight_DelMar","1","Item_Material_SkillLvUp_ClassKnight_01","0","","","","","","","0"
"SkillLvUp_Sub_Knight_DelMar_02","SkillLvUp_Sub_Knight_DelMar","2","Item_Material_SkillLvUp_ClassKnight_01","10","","","","","","","3000"
"SkillLvUp_Sub_Knight_DelMar_03","SkillLvUp_Sub_Knight_DelMar","3","Item_Material_SkillLvUp_ClassKnight_01","20","Item_Material_SkillLvUp_Common","10","","","","","8000"
"SkillLvUp_Sub_Knight_DelMar_04","SkillLvUp_Sub_Knight_DelMar","4","Item_Material_SkillLvUp_ClassKnight_02","10","Item_Material_SkillLvUp_ClassKnight_01","30","Item_Material_SkillLvUp_Common","20","","","30000"
"SkillLvUp_Sub_Knight_DelMar_05","SkillLvUp_Sub_Knight_DelMar","5","Item_Material_SkillLvUp_ClassKnight_02","20","Item_Material_SkillLvUp_Common","30","","","","","100000"
"SkillLvUp_Sub_Knight_DelMar_06","SkillLvUp_Sub_Knight_DelMar","6","Item_Material_SkillLvUp_ClassKnight_03","10","Item_Material_SkillLvUp_ClassKnight_02","30","Item_Material_SkillLvUp_Common","40","","","300000"
"SkillLvUp_Sub_Knight_DelMar_07","SkillLvUp_Sub_Knight_DelMar","7","Item_Material_SkillLvUp_ClassKnight_03","20","Item_Material_SkillLvUp_Common","50","","","","","500000"
"SkillLvUp_Sub_Knight_DelMar_08","SkillLvUp_Sub_Knight_DelMar","8","Item_Material_SkillLvUp_ClassKnight_04","10","Item_Material_SkillLvUp_ClassKnight_03","30","Item_Material_SkillLvUp_Common","60","","","1000000"
"SkillLvUp_Sub_Knight_DelMar_09","SkillLvUp_Sub_Knight_DelMar","9","Item_Material_SkillLvUp_ClassKnight_04","20","Item_Material_SkillLvUp_Common","80","","","","","2000000"
"SkillLvUp_Sub_Knight_DelMar_10","SkillLvUp_Sub_Knight_DelMar","10","Item_Material_SkillLvUp_ClassKnight_04","30","Item_Material_SkillLvUp_DelMar_Emblem","1","","","","","3500000"
"SkillLvUp_Sub_Knight_Kainan_01","SkillLvUp_Sub_Knight_Kainan","1","Item_Material_SkillLvUp_ClassKnight_01","0","","","","","","","0"
"SkillLvUp_Sub_Knight_Kainan_02","SkillLvUp_Sub_Knight_Kainan","2","Item_Material_SkillLvUp_ClassKnight_01","10","","","","","","","3000"
"SkillLvUp_Sub_Knight_Kainan_03","SkillLvUp_Sub_Knight_Kainan","3","Item_Material_SkillLvUp_ClassKnight_01","20","Item_Material_SkillLvUp_Common","10","","","","","8000"
"SkillLvUp_Sub_Knight_Kainan_04","SkillLvUp_Sub_Knight_Kainan","4","Item_Material_SkillLvUp_ClassKnight_02","10","Item_Material_SkillLvUp_ClassKnight_01","30","Item_Material_SkillLvUp_Common","20","","","30000"
"SkillLvUp_Sub_Knight_Kainan_05","SkillLvUp_Sub_Knight_Kainan","5","Item_Material_SkillLvUp_ClassKnight_02","20","Item_Material_SkillLvUp_Common","30","","","","","100000"
"SkillLvUp_Sub_Knight_Kainan_06","SkillLvUp_Sub_Knight_Kainan","6","Item_Material_SkillLvUp_ClassKnight_03","10","Item_Material_SkillLvUp_ClassKnight_02","30","Item_Material_SkillLvUp_Common","40","","","300000"
"SkillLvUp_Sub_Knight_Kainan_07","SkillLvUp_Sub_Knight_Kainan","7","Item_Material_SkillLvUp_ClassKnight_03","20","Item_Material_SkillLvUp_Common","50","","","","","500000"
"SkillLvUp_Sub_Knight_Kainan_08","SkillLvUp_Sub_Knight_Kainan","8","Item_Material_SkillLvUp_ClassKnight_04","10","Item_Material_SkillLvUp_ClassKnight_03","30","Item_Material_SkillLvUp_Common","60","","","1000000"
"SkillLvUp_Sub_Knight_Kainan_09","SkillLvUp_Sub_Knight_Kainan","9","Item_Material_SkillLvUp_ClassKnight_04","20","Item_Material_SkillLvUp_Common","80","","","","","2000000"
"SkillLvUp_Sub_Knight_Kainan_10","SkillLvUp_Sub_Knight_Kainan","10","Item_Material_SkillLvUp_ClassKnight_04","30","Item_Material_SkillLvUp_Kainan_Emblem","1","","","","","3500000"
"SkillLvUp_Sub_Knight_Maru_01","SkillLvUp_Sub_Knight_Maru","1","Item_Material_SkillLvUp_ClassKnight_01","0","","","","","","","0"
"SkillLvUp_Sub_Knight_Maru_02","SkillLvUp_Sub_Knight_Maru","2","Item_Material_SkillLvUp_ClassKnight_01","10","","","","","","","3000"
"SkillLvUp_Sub_Knight_Maru_03","SkillLvUp_Sub_Knight_Maru","3","Item_Material_SkillLvUp_ClassKnight_01","20","Item_Material_SkillLvUp_Common","10","","","","","8000"
"SkillLvUp_Sub_Knight_Maru_04","SkillLvUp_Sub_Knight_Maru","4","Item_Material_SkillLvUp_ClassKnight_02","10","Item_Material_SkillLvUp_ClassKnight_01","30","Item_Material_SkillLvUp_Common","20","","","30000"
"SkillLvUp_Sub_Knight_Maru_05","SkillLvUp_Sub_Knight_Maru","5","Item_Material_SkillLvUp_ClassKnight_02","20","Item_Material_SkillLvUp_Common","30","","","","","100000"
"SkillLvUp_Sub_Knight_Maru_06","SkillLvUp_Sub_Knight_Maru","6","Item_Material_SkillLvUp_ClassKnight_03","10","Item_Material_SkillLvUp_ClassKnight_02","30","Item_Material_SkillLvUp_Common","40","","","300000"
"SkillLvUp_Sub_Knight_Maru_07","SkillLvUp_Sub_Knight_Maru","7","Item_Material_SkillLvUp_ClassKnight_03","20","Item_Material_SkillLvUp_Common","50","","","","","500000"
"SkillLvUp_Sub_Knight_Maru_08","SkillLvUp_Sub_Knight_Maru","8","Item_Material_SkillLvUp_ClassKnight_04","10","Item_Material_SkillLvUp_ClassKnight_03","30","Item_Material_SkillLvUp_Common","60","","","1000000"
"SkillLvUp_Sub_Knight_Maru_09","SkillLvUp_Sub_Knight_Maru","9","Item_Material_SkillLvUp_ClassKnight_04","20","Item_Material_SkillLvUp_Common","80","","","","","2000000"
"SkillLvUp_Sub_Knight_Maru_10","SkillLvUp_Sub_Knight_Maru","10","Item_Material_SkillLvUp_ClassKnight_04","30","Item_Material_SkillLvUp_Maru_Emblem","1","","","","","3500000"
"SkillLvUp_Sub_Fighter_Cellarn_01","SkillLvUp_Sub_Fighter_Cellarn","1","Item_Material_SkillLvUp_ClassFighter_01","0","","","","","","","0"
"SkillLvUp_Sub_Fighter_Cellarn_02","SkillLvUp_Sub_Fighter_Cellarn","2","Item_Material_SkillLvUp_ClassFighter_01","10","","","","","","","3000"
"SkillLvUp_Sub_Fighter_Cellarn_03","SkillLvUp_Sub_Fighter_Cellarn","3","Item_Material_SkillLvUp_ClassFighter_01","20","Item_Material_SkillLvUp_Common","10","","","","","8000"
"SkillLvUp_Sub_Fighter_Cellarn_04","SkillLvUp_Sub_Fighter_Cellarn","4","Item_Material_SkillLvUp_ClassFighter_02","10","Item_Material_SkillLvUp_ClassFighter_01","30","Item_Material_SkillLvUp_Common","20","","","30000"
"SkillLvUp_Sub_Fighter_Cellarn_05","SkillLvUp_Sub_Fighter_Cellarn","5","Item_Material_SkillLvUp_ClassFighter_02","20","Item_Material_SkillLvUp_Common","30","","","","","100000"
"SkillLvUp_Sub_Fighter_Cellarn_06","SkillLvUp_Sub_Fighter_Cellarn","6","Item_Material_SkillLvUp_ClassFighter_03","10","Item_Material_SkillLvUp_ClassFighter_02","30","Item_Material_SkillLvUp_Common","40","","","300000"
"SkillLvUp_Sub_Fighter_Cellarn_07","SkillLvUp_Sub_Fighter_Cellarn","7","Item_Material_SkillLvUp_ClassFighter_03","20","Item_Material_SkillLvUp_Common","50","","","","","500000"
"SkillLvUp_Sub_Fighter_Cellarn_08","SkillLvUp_Sub_Fighter_Cellarn","8","Item_Material_SkillLvUp_ClassFighter_04","10","Item_Material_SkillLvUp_ClassFighter_03","30","Item_Material_SkillLvUp_Common","60","","","1000000"
"SkillLvUp_Sub_Fighter_Cellarn_09","SkillLvUp_Sub_Fighter_Cellarn","9","Item_Material_SkillLvUp_ClassFighter_04","20","Item_Material_SkillLvUp_Common","80","","","","","2000000"
"SkillLvUp_Sub_Fighter_Cellarn_10","SkillLvUp_Sub_Fighter_Cellarn","10","Item_Material_SkillLvUp_ClassFighter_04","30","Item_Material_SkillLvUp_Cellarn_Emblem","1","","","","","3500000"
"SkillLvUp_Sub_Fighter_Elvinzia_01","SkillLvUp_Sub_Fighter_Elvinzia","1","Item_Material_SkillLvUp_ClassFighter_01","0","","","","","","","0"
"SkillLvUp_Sub_Fighter_Elvinzia_02","SkillLvUp_Sub_Fighter_Elvinzia","2","Item_Material_SkillLvUp_ClassFighter_01","10","","","","","","","3000"
"SkillLvUp_Sub_Fighter_Elvinzia_03","SkillLvUp_Sub_Fighter_Elvinzia","3","Item_Material_SkillLvUp_ClassFighter_01","20","Item_Material_SkillLvUp_Common","10","","","","","8000"
"SkillLvUp_Sub_Fighter_Elvinzia_04","SkillLvUp_Sub_Fighter_Elvinzia","4","Item_Material_SkillLvUp_ClassFighter_02","10","Item_Material_SkillLvUp_ClassFighter_01","30","Item_Material_SkillLvUp_Common","20","","","30000"
"SkillLvUp_Sub_Fighter_Elvinzia_05","SkillLvUp_Sub_Fighter_Elvinzia","5","Item_Material_SkillLvUp_ClassFighter_02","20","Item_Material_SkillLvUp_Common","30","","","","","100000"
"SkillLvUp_Sub_Fighter_Elvinzia_06","SkillLvUp_Sub_Fighter_Elvinzia","6","Item_Material_SkillLvUp_ClassFighter_03","10","Item_Material_SkillLvUp_ClassFighter_02","30","Item_Material_SkillLvUp_Common","40","","","300000"
"SkillLvUp_Sub_Fighter_Elvinzia_07","SkillLvUp_Sub_Fighter_Elvinzia","7","Item_Material_SkillLvUp_ClassFighter_03","20","Item_Material_SkillLvUp_Common","50","","","","","500000"
"SkillLvUp_Sub_Fighter_Elvinzia_08","SkillLvUp_Sub_Fighter_Elvinzia","8","Item_Material_SkillLvUp_ClassFighter_04","10","Item_Material_SkillLvUp_ClassFighter_03","30","Item_Material_SkillLvUp_Common","60","","","1000000"
"SkillLvUp_Sub_Fighter_Elvinzia_09","SkillLvUp_Sub_Fighter_Elvinzia","9","Item_Material_SkillLvUp_ClassFighter_04","20","Item_Material_SkillLvUp_Common","80","","","","","2000000"
"SkillLvUp_Sub_Fighter_Elvinzia_10","SkillLvUp_Sub_Fighter_Elvinzia","10","Item_Material_SkillLvUp_ClassFighter_04","30","Item_Material_SkillLvUp_Elvinzia_Emblem","1","","","","","3500000"
"SkillLvUp_Sub_Fighter_Paulhill_01","SkillLvUp_Sub_Fighter_Paulhill","1","Item_Material_SkillLvUp_ClassFighter_01","0","","","","","","","0"
"SkillLvUp_Sub_Fighter_Paulhill_02","SkillLvUp_Sub_Fighter_Paulhill","2","Item_Material_SkillLvUp_ClassFighter_01","10","","","","","","","3000"
"SkillLvUp_Sub_Fighter_Paulhill_03","SkillLvUp_Sub_Fighter_Paulhill","3","Item_Material_SkillLvUp_ClassFighter_01","20","Item_Material_SkillLvUp_Common","10","","","","","8000"
"SkillLvUp_Sub_Fighter_Paulhill_04","SkillLvUp_Sub_Fighter_Paulhill","4","Item_Material_SkillLvUp_ClassFighter_02","10","Item_Material_SkillLvUp_ClassFighter_01","30","Item_Material_SkillLvUp_Common","20","","","30000"
"SkillLvUp_Sub_Fighter_Paulhill_05","SkillLvUp_Sub_Fighter_Paulhill","5","Item_Material_SkillLvUp_ClassFighter_02","20","Item_Material_SkillLvUp_Common","30","","","","","100000"
"SkillLvUp_Sub_Fighter_Paulhill_06","SkillLvUp_Sub_Fighter_Paulhill","6","Item_Material_SkillLvUp_ClassFighter_03","10","Item_Material_SkillLvUp_ClassFighter_02","30","Item_Material_SkillLvUp_Common","40","","","300000"
"SkillLvUp_Sub_Fighter_Paulhill_07","SkillLvUp_Sub_Fighter_Paulhill","7","Item_Material_SkillLvUp_ClassFighter_03","20","Item_Material_SkillLvUp_Common","50","","","","","500000"
"SkillLvUp_Sub_Fighter_Paulhill_08","SkillLvUp_Sub_Fighter_Paulhill","8","Item_Material_SkillLvUp_ClassFighter_04","10","Item_Material_SkillLvUp_ClassFighter_03","30","Item_Material_SkillLvUp_Common","60","","","1000000"
"SkillLvUp_Sub_Fighter_Paulhill_09","SkillLvUp_Sub_Fighter_Paulhill","9","Item_Material_SkillLvUp_ClassFighter_04","20","Item_Material_SkillLvUp_Common","80","","","","","2000000"
"SkillLvUp_Sub_Fighter_Paulhill_10","SkillLvUp_Sub_Fighter_Paulhill","10","Item_Material_SkillLvUp_ClassFighter_04","30","Item_Material_SkillLvUp_Paulhill_Emblem","1","","","","","3500000"
"SkillLvUp_Sub_Fighter_Cyberia_01","SkillLvUp_Sub_Fighter_Cyberia","1","Item_Material_SkillLvUp_ClassFighter_01","0","","","","","","","0"
"SkillLvUp_Sub_Fighter_Cyberia_02","SkillLvUp_Sub_Fighter_Cyberia","2","Item_Material_SkillLvUp_ClassFighter_01","10","","","","","","","3000"
"SkillLvUp_Sub_Fighter_Cyberia_03","SkillLvUp_Sub_Fighter_Cyberia","3","Item_Material_SkillLvUp_ClassFighter_01","20","Item_Material_SkillLvUp_Common","10","","","","","8000"
"SkillLvUp_Sub_Fighter_Cyberia_04","SkillLvUp_Sub_Fighter_Cyberia","4","Item_Material_SkillLvUp_ClassFighter_02","10","Item_Material_SkillLvUp_ClassFighter_01","30","Item_Material_SkillLvUp_Common","20","","","30000"
"SkillLvUp_Sub_Fighter_Cyberia_05","SkillLvUp_Sub_Fighter_Cyberia","5","Item_Material_SkillLvUp_ClassFighter_02","20","Item_Material_SkillLvUp_Common","30","","","","","100000"
"SkillLvUp_Sub_Fighter_Cyberia_06","SkillLvUp_Sub_Fighter_Cyberia","6","Item_Material_SkillLvUp_ClassFighter_03","10","Item_Material_SkillLvUp_ClassFighter_02","30","Item_Material_SkillLvUp_Common","40","","","300000"
"SkillLvUp_Sub_Fighter_Cyberia_07","SkillLvUp_Sub_Fighter_Cyberia","7","Item_Material_SkillLvUp_ClassFighter_03","20","Item_Material_SkillLvUp_Common","50","","","","","500000"
"SkillLvUp_Sub_Fighter_Cyberia_08","SkillLvUp_Sub_Fighter_Cyberia","8","Item_Material_SkillLvUp_ClassFighter_04","10","Item_Material_SkillLvUp_ClassFighter_03","30","Item_Material_SkillLvUp_Common","60","","","1000000"
"SkillLvUp_Sub_Fighter_Cyberia_09","SkillLvUp_Sub_Fighter_Cyberia","9","Item_Material_SkillLvUp_ClassFighter_04","20","Item_Material_SkillLvUp_Common","80","","","","","2000000"
"SkillLvUp_Sub_Fighter_Cyberia_10","SkillLvUp_Sub_Fighter_Cyberia","10","Item_Material_SkillLvUp_ClassFighter_04","30","Item_Material_SkillLvUp_Cyberia_Emblem","1","","","","","3500000"
"SkillLvUp_Sub_Fighter_DelMar_01","SkillLvUp_Sub_Fighter_DelMar","1","Item_Material_SkillLvUp_ClassFighter_01","0","","","","","","","0"
"SkillLvUp_Sub_Fighter_DelMar_02","SkillLvUp_Sub_Fighter_DelMar","2","Item_Material_SkillLvUp_ClassFighter_01","10","","","","","","","3000"
"SkillLvUp_Sub_Fighter_DelMar_03","SkillLvUp_Sub_Fighter_DelMar","3","Item_Material_SkillLvUp_ClassFighter_01","20","Item_Material_SkillLvUp_Common","10","","","","","8000"
"SkillLvUp_Sub_Fighter_DelMar_04","SkillLvUp_Sub_Fighter_DelMar","4","Item_Material_SkillLvUp_ClassFighter_02","10","Item_Material_SkillLvUp_ClassFighter_01","30","Item_Material_SkillLvUp_Common","20","","","30000"
"SkillLvUp_Sub_Fighter_DelMar_05","SkillLvUp_Sub_Fighter_DelMar","5","Item_Material_SkillLvUp_ClassFighter_02","20","Item_Material_SkillLvUp_Common","30","","","","","100000"
"SkillLvUp_Sub_Fighter_DelMar_06","SkillLvUp_Sub_Fighter_DelMar","6","Item_Material_SkillLvUp_ClassFighter_03","10","Item_Material_SkillLvUp_ClassFighter_02","30","Item_Material_SkillLvUp_Common","40","","","300000"
"SkillLvUp_Sub_Fighter_DelMar_07","SkillLvUp_Sub_Fighter_DelMar","7","Item_Material_SkillLvUp_ClassFighter_03","20","Item_Material_SkillLvUp_Common","50","","","","","500000"
"SkillLvUp_Sub_Fighter_DelMar_08","SkillLvUp_Sub_Fighter_DelMar","8","Item_Material_SkillLvUp_ClassFighter_04","10","Item_Material_SkillLvUp_ClassFighter_03","30","Item_Material_SkillLvUp_Common","60","","","1000000"
"SkillLvUp_Sub_Fighter_DelMar_09","SkillLvUp_Sub_Fighter_DelMar","9","Item_Material_SkillLvUp_ClassFighter_04","20","Item_Material_SkillLvUp_Common","80","","","","","2000000"
"SkillLvUp_Sub_Fighter_DelMar_10","SkillLvUp_Sub_Fighter_DelMar","10","Item_Material_SkillLvUp_ClassFighter_04","30","Item_Material_SkillLvUp_DelMar_Emblem","1","","","","","3500000"
"SkillLvUp_Sub_Fighter_Kainan_01","SkillLvUp_Sub_Fighter_Kainan","1","Item_Material_SkillLvUp_ClassFighter_01","0","","","","","","","0"
"SkillLvUp_Sub_Fighter_Kainan_02","SkillLvUp_Sub_Fighter_Kainan","2","Item_Material_SkillLvUp_ClassFighter_01","10","","","","","","","3000"
"SkillLvUp_Sub_Fighter_Kainan_03","SkillLvUp_Sub_Fighter_Kainan","3","Item_Material_SkillLvUp_ClassFighter_01","20","Item_Material_SkillLvUp_Common","10","","","","","8000"
"SkillLvUp_Sub_Fighter_Kainan_04","SkillLvUp_Sub_Fighter_Kainan","4","Item_Material_SkillLvUp_ClassFighter_02","10","Item_Material_SkillLvUp_ClassFighter_01","30","Item_Material_SkillLvUp_Common","20","","","30000"
"SkillLvUp_Sub_Fighter_Kainan_05","SkillLvUp_Sub_Fighter_Kainan","5","Item_Material_SkillLvUp_ClassFighter_02","20","Item_Material_SkillLvUp_Common","30","","","","","100000"
"SkillLvUp_Sub_Fighter_Kainan_06","SkillLvUp_Sub_Fighter_Kainan","6","Item_Material_SkillLvUp_ClassFighter_03","10","Item_Material_SkillLvUp_ClassFighter_02","30","Item_Material_SkillLvUp_Common","40","","","300000"
"SkillLvUp_Sub_Fighter_Kainan_07","SkillLvUp_Sub_Fighter_Kainan","7","Item_Material_SkillLvUp_ClassFighter_03","20","Item_Material_SkillLvUp_Common","50","","","","","500000"
"SkillLvUp_Sub_Fighter_Kainan_08","SkillLvUp_Sub_Fighter_Kainan","8","Item_Material_SkillLvUp_ClassFighter_04","10","Item_Material_SkillLvUp_ClassFighter_03","30","Item_Material_SkillLvUp_Common","60","","","1000000"
"SkillLvUp_Sub_Fighter_Kainan_09","SkillLvUp_Sub_Fighter_Kainan","9","Item_Material_SkillLvUp_ClassFighter_04","20","Item_Material_SkillLvUp_Common","80","","","","","2000000"
"SkillLvUp_Sub_Fighter_Kainan_10","SkillLvUp_Sub_Fighter_Kainan","10","Item_Material_SkillLvUp_ClassFighter_04","30","Item_Material_SkillLvUp_Kainan_Emblem","1","","","","","3500000"
"SkillLvUp_Sub_Fighter_Maru_01","SkillLvUp_Sub_Fighter_Maru","1","Item_Material_SkillLvUp_ClassFighter_01","0","","","","","","","0"
"SkillLvUp_Sub_Fighter_Maru_02","SkillLvUp_Sub_Fighter_Maru","2","Item_Material_SkillLvUp_ClassFighter_01","10","","","","","","","3000"
"SkillLvUp_Sub_Fighter_Maru_03","SkillLvUp_Sub_Fighter_Maru","3","Item_Material_SkillLvUp_ClassFighter_01","20","Item_Material_SkillLvUp_Common","10","","","","","8000"
"SkillLvUp_Sub_Fighter_Maru_04","SkillLvUp_Sub_Fighter_Maru","4","Item_Material_SkillLvUp_ClassFighter_02","10","Item_Material_SkillLvUp_ClassFighter_01","30","Item_Material_SkillLvUp_Common","20","","","30000"
"SkillLvUp_Sub_Fighter_Maru_05","SkillLvUp_Sub_Fighter_Maru","5","Item_Material_SkillLvUp_ClassFighter_02","20","Item_Material_SkillLvUp_Common","30","","","","","100000"
"SkillLvUp_Sub_Fighter_Maru_06","SkillLvUp_Sub_Fighter_Maru","6","Item_Material_SkillLvUp_ClassFighter_03","10","Item_Material_SkillLvUp_ClassFighter_02","30","Item_Material_SkillLvUp_Common","40","","","300000"
"SkillLvUp_Sub_Fighter_Maru_07","SkillLvUp_Sub_Fighter_Maru","7","Item_Material_SkillLvUp_ClassFighter_03","20","Item_Material_SkillLvUp_Common","50","","","","","500000"
"SkillLvUp_Sub_Fighter_Maru_08","SkillLvUp_Sub_Fighter_Maru","8","Item_Material_SkillLvUp_ClassFighter_04","10","Item_Material_SkillLvUp_ClassFighter_03","30","Item_Material_SkillLvUp_Common","60","","","1000000"
"SkillLvUp_Sub_Fighter_Maru_09","SkillLvUp_Sub_Fighter_Maru","9","Item_Material_SkillLvUp_ClassFighter_04","20","Item_Material_SkillLvUp_Common","80","","","","","2000000"
"SkillLvUp_Sub_Fighter_Maru_10","SkillLvUp_Sub_Fighter_Maru","10","Item_Material_SkillLvUp_ClassFighter_04","30","Item_Material_SkillLvUp_Maru_Emblem","1","","","","","3500000"
"SkillLvUp_Sub_Ranger_Cellarn_01","SkillLvUp_Sub_Ranger_Cellarn","1","Item_Material_SkillLvUp_ClassRanger_01","0","","","","","","","0"
"SkillLvUp_Sub_Ranger_Cellarn_02","SkillLvUp_Sub_Ranger_Cellarn","2","Item_Material_SkillLvUp_ClassRanger_01","10","","","","","","","3000"
"SkillLvUp_Sub_Ranger_Cellarn_03","SkillLvUp_Sub_Ranger_Cellarn","3","Item_Material_SkillLvUp_ClassRanger_01","20","Item_Material_SkillLvUp_Common","10","","","","","8000"
"SkillLvUp_Sub_Ranger_Cellarn_04","SkillLvUp_Sub_Ranger_Cellarn","4","Item_Material_SkillLvUp_ClassRanger_02","10","Item_Material_SkillLvUp_ClassRanger_01","30","Item_Material_SkillLvUp_Common","20","","","30000"
"SkillLvUp_Sub_Ranger_Cellarn_05","SkillLvUp_Sub_Ranger_Cellarn","5","Item_Material_SkillLvUp_ClassRanger_02","20","Item_Material_SkillLvUp_Common","30","","","","","100000"
"SkillLvUp_Sub_Ranger_Cellarn_06","SkillLvUp_Sub_Ranger_Cellarn","6","Item_Material_SkillLvUp_ClassRanger_03","10","Item_Material_SkillLvUp_ClassRanger_02","30","Item_Material_SkillLvUp_Common","40","","","300000"
"SkillLvUp_Sub_Ranger_Cellarn_07","SkillLvUp_Sub_Ranger_Cellarn","7","Item_Material_SkillLvUp_ClassRanger_03","20","Item_Material_SkillLvUp_Common","50","","","","","500000"
"SkillLvUp_Sub_Ranger_Cellarn_08","SkillLvUp_Sub_Ranger_Cellarn","8","Item_Material_SkillLvUp_ClassRanger_04","10","Item_Material_SkillLvUp_ClassRanger_03","30","Item_Material_SkillLvUp_Common","60","","","1000000"
"SkillLvUp_Sub_Ranger_Cellarn_09","SkillLvUp_Sub_Ranger_Cellarn","9","Item_Material_SkillLvUp_ClassRanger_04","20","Item_Material_SkillLvUp_Common","80","","","","","2000000"
"SkillLvUp_Sub_Ranger_Cellarn_10","SkillLvUp_Sub_Ranger_Cellarn","10","Item_Material_SkillLvUp_ClassRanger_04","30","Item_Material_SkillLvUp_Cellarn_Emblem","1","","","","","3500000"
"SkillLvUp_Sub_Ranger_Elvinzia_01","SkillLvUp_Sub_Ranger_Elvinzia","1","Item_Material_SkillLvUp_ClassRanger_01","0","","","","","","","0"
"SkillLvUp_Sub_Ranger_Elvinzia_02","SkillLvUp_Sub_Ranger_Elvinzia","2","Item_Material_SkillLvUp_ClassRanger_01","10","","","","","","","3000"
"SkillLvUp_Sub_Ranger_Elvinzia_03","SkillLvUp_Sub_Ranger_Elvinzia","3","Item_Material_SkillLvUp_ClassRanger_01","20","Item_Material_SkillLvUp_Common","10","","","","","8000"
"SkillLvUp_Sub_Ranger_Elvinzia_04","SkillLvUp_Sub_Ranger_Elvinzia","4","Item_Material_SkillLvUp_ClassRanger_02","10","Item_Material_SkillLvUp_ClassRanger_01","30","Item_Material_SkillLvUp_Common","20","","","30000"
"SkillLvUp_Sub_Ranger_Elvinzia_05","SkillLvUp_Sub_Ranger_Elvinzia","5","Item_Material_SkillLvUp_ClassRanger_02","20","Item_Material_SkillLvUp_Common","30","","","","","100000"
"SkillLvUp_Sub_Ranger_Elvinzia_06","SkillLvUp_Sub_Ranger_Elvinzia","6","Item_Material_SkillLvUp_ClassRanger_03","10","Item_Material_SkillLvUp_ClassRanger_02","30","Item_Material_SkillLvUp_Common","40","","","300000"
"SkillLvUp_Sub_Ranger_Elvinzia_07","SkillLvUp_Sub_Ranger_Elvinzia","7","Item_Material_SkillLvUp_ClassRanger_03","20","Item_Material_SkillLvUp_Common","50","","","","","500000"
"SkillLvUp_Sub_Ranger_Elvinzia_08","SkillLvUp_Sub_Ranger_Elvinzia","8","Item_Material_SkillLvUp_ClassRanger_04","10","Item_Material_SkillLvUp_ClassRanger_03","30","Item_Material_SkillLvUp_Common","60","","","1000000"
"SkillLvUp_Sub_Ranger_Elvinzia_09","SkillLvUp_Sub_Ranger_Elvinzia","9","Item_Material_SkillLvUp_ClassRanger_04","20","Item_Material_SkillLvUp_Common","80","","","","","2000000"
"SkillLvUp_Sub_Ranger_Elvinzia_10","SkillLvUp_Sub_Ranger_Elvinzia","10","Item_Material_SkillLvUp_ClassRanger_04","30","Item_Material_SkillLvUp_Elvinzia_Emblem","1","","","","","3500000"
"SkillLvUp_Sub_Ranger_Paulhill_01","SkillLvUp_Sub_Ranger_Paulhill","1","Item_Material_SkillLvUp_ClassRanger_01","0","","","","","","","0"
"SkillLvUp_Sub_Ranger_Paulhill_02","SkillLvUp_Sub_Ranger_Paulhill","2","Item_Material_SkillLvUp_ClassRanger_01","10","","","","","","","3000"
"SkillLvUp_Sub_Ranger_Paulhill_03","SkillLvUp_Sub_Ranger_Paulhill","3","Item_Material_SkillLvUp_ClassRanger_01","20","Item_Material_SkillLvUp_Common","10","","","","","8000"
"SkillLvUp_Sub_Ranger_Paulhill_04","SkillLvUp_Sub_Ranger_Paulhill","4","Item_Material_SkillLvUp_ClassRanger_02","10","Item_Material_SkillLvUp_ClassRanger_01","30","Item_Material_SkillLvUp_Common","20","","","30000"
"SkillLvUp_Sub_Ranger_Paulhill_05","SkillLvUp_Sub_Ranger_Paulhill","5","Item_Material_SkillLvUp_ClassRanger_02","20","Item_Material_SkillLvUp_Common","30","","","","","100000"
"SkillLvUp_Sub_Ranger_Paulhill_06","SkillLvUp_Sub_Ranger_Paulhill","6","Item_Material_SkillLvUp_ClassRanger_03","10","Item_Material_SkillLvUp_ClassRanger_02","30","Item_Material_SkillLvUp_Common","40","","","300000"
"SkillLvUp_Sub_Ranger_Paulhill_07","SkillLvUp_Sub_Ranger_Paulhill","7","Item_Material_SkillLvUp_ClassRanger_03","20","Item_Material_SkillLvUp_Common","50","","","","","500000"
"SkillLvUp_Sub_Ranger_Paulhill_08","SkillLvUp_Sub_Ranger_Paulhill","8","Item_Material_SkillLvUp_ClassRanger_04","10","Item_Material_SkillLvUp_ClassRanger_03","30","Item_Material_SkillLvUp_Common","60","","","1000000"
"SkillLvUp_Sub_Ranger_Paulhill_09","SkillLvUp_Sub_Ranger_Paulhill","9","Item_Material_SkillLvUp_ClassRanger_04","20","Item_Material_SkillLvUp_Common","80","","","","","2000000"
"SkillLvUp_Sub_Ranger_Paulhill_10","SkillLvUp_Sub_Ranger_Paulhill","10","Item_Material_SkillLvUp_ClassRanger_04","30","Item_Material_SkillLvUp_Paulhill_Emblem","1","","","","","3500000"
"SkillLvUp_Sub_Ranger_Cyberia_01","SkillLvUp_Sub_Ranger_Cyberia","1","Item_Material_SkillLvUp_ClassRanger_01","0","","","","","","","0"
"SkillLvUp_Sub_Ranger_Cyberia_02","SkillLvUp_Sub_Ranger_Cyberia","2","Item_Material_SkillLvUp_ClassRanger_01","10","","","","","","","3000"
"SkillLvUp_Sub_Ranger_Cyberia_03","SkillLvUp_Sub_Ranger_Cyberia","3","Item_Material_SkillLvUp_ClassRanger_01","20","Item_Material_SkillLvUp_Common","10","","","","","8000"
"SkillLvUp_Sub_Ranger_Cyberia_04","SkillLvUp_Sub_Ranger_Cyberia","4","Item_Material_SkillLvUp_ClassRanger_02","10","Item_Material_SkillLvUp_ClassRanger_01","30","Item_Material_SkillLvUp_Common","20","","","30000"
"SkillLvUp_Sub_Ranger_Cyberia_05","SkillLvUp_Sub_Ranger_Cyberia","5","Item_Material_SkillLvUp_ClassRanger_02","20","Item_Material_SkillLvUp_Common","30","","","","","100000"
"SkillLvUp_Sub_Ranger_Cyberia_06","SkillLvUp_Sub_Ranger_Cyberia","6","Item_Material_SkillLvUp_ClassRanger_03","10","Item_Material_SkillLvUp_ClassRanger_02","30","Item_Material_SkillLvUp_Common","40","","","300000"
"SkillLvUp_Sub_Ranger_Cyberia_07","SkillLvUp_Sub_Ranger_Cyberia","7","Item_Material_SkillLvUp_ClassRanger_03","20","Item_Material_SkillLvUp_Common","50","","","","","500000"
"SkillLvUp_Sub_Ranger_Cyberia_08","SkillLvUp_Sub_Ranger_Cyberia","8","Item_Material_SkillLvUp_ClassRanger_04","10","Item_Material_SkillLvUp_ClassRanger_03","30","Item_Material_SkillLvUp_Common","60","","","1000000"
"SkillLvUp_Sub_Ranger_Cyberia_09","SkillLvUp_Sub_Ranger_Cyberia","9","Item_Material_SkillLvUp_ClassRanger_04","20","Item_Material_SkillLvUp_Common","80","","","","","2000000"
"SkillLvUp_Sub_Ranger_Cyberia_10","SkillLvUp_Sub_Ranger_Cyberia","10","Item_Material_SkillLvUp_ClassRanger_04","30","Item_Material_SkillLvUp_Cyberia_Emblem","1","","","","","3500000"
"SkillLvUp_Sub_Ranger_DelMar_01","SkillLvUp_Sub_Ranger_DelMar","1","Item_Material_SkillLvUp_ClassRanger_01","0","","","","","","","0"
"SkillLvUp_Sub_Ranger_DelMar_02","SkillLvUp_Sub_Ranger_DelMar","2","Item_Material_SkillLvUp_ClassRanger_01","10","","","","","","","3000"
"SkillLvUp_Sub_Ranger_DelMar_03","SkillLvUp_Sub_Ranger_DelMar","3","Item_Material_SkillLvUp_ClassRanger_01","20","Item_Material_SkillLvUp_Common","10","","","","","8000"
"SkillLvUp_Sub_Ranger_DelMar_04","SkillLvUp_Sub_Ranger_DelMar","4","Item_Material_SkillLvUp_ClassRanger_02","10","Item_Material_SkillLvUp_ClassRanger_01","30","Item_Material_SkillLvUp_Common","20","","","30000"
"SkillLvUp_Sub_Ranger_DelMar_05","SkillLvUp_Sub_Ranger_DelMar","5","Item_Material_SkillLvUp_ClassRanger_02","20","Item_Material_SkillLvUp_Common","30","","","","","100000"
"SkillLvUp_Sub_Ranger_DelMar_06","SkillLvUp_Sub_Ranger_DelMar","6","Item_Material_SkillLvUp_ClassRanger_03","10","Item_Material_SkillLvUp_ClassRanger_02","30","Item_Material_SkillLvUp_Common","40","","","300000"
"SkillLvUp_Sub_Ranger_DelMar_07","SkillLvUp_Sub_Ranger_DelMar","7","Item_Material_SkillLvUp_ClassRanger_03","20","Item_Material_SkillLvUp_Common","50","","","","","500000"
"SkillLvUp_Sub_Ranger_DelMar_08","SkillLvUp_Sub_Ranger_DelMar","8","Item_Material_SkillLvUp_ClassRanger_04","10","Item_Material_SkillLvUp_ClassRanger_03","30","Item_Material_SkillLvUp_Common","60","","","1000000"
"SkillLvUp_Sub_Ranger_DelMar_09","SkillLvUp_Sub_Ranger_DelMar","9","Item_Material_SkillLvUp_ClassRanger_04","20","Item_Material_SkillLvUp_Common","80","","","","","2000000"
"SkillLvUp_Sub_Ranger_DelMar_10","SkillLvUp_Sub_Ranger_DelMar","10","Item_Material_SkillLvUp_ClassRanger_04","30","Item_Material_SkillLvUp_DelMar_Emblem","1","","","","","3500000"
"SkillLvUp_Sub_Ranger_Kainan_01","SkillLvUp_Sub_Ranger_Kainan","1","Item_Material_SkillLvUp_ClassRanger_01","0","","","","","","","0"
"SkillLvUp_Sub_Ranger_Kainan_02","SkillLvUp_Sub_Ranger_Kainan","2","Item_Material_SkillLvUp_ClassRanger_01","10","","","","","","","3000"
"SkillLvUp_Sub_Ranger_Kainan_03","SkillLvUp_Sub_Ranger_Kainan","3","Item_Material_SkillLvUp_ClassRanger_01","20","Item_Material_SkillLvUp_Common","10","","","","","8000"
"SkillLvUp_Sub_Ranger_Kainan_04","SkillLvUp_Sub_Ranger_Kainan","4","Item_Material_SkillLvUp_ClassRanger_02","10","Item_Material_SkillLvUp_ClassRanger_01","30","Item_Material_SkillLvUp_Common","20","","","30000"
"SkillLvUp_Sub_Ranger_Kainan_05","SkillLvUp_Sub_Ranger_Kainan","5","Item_Material_SkillLvUp_ClassRanger_02","20","Item_Material_SkillLvUp_Common","30","","","","","100000"
"SkillLvUp_Sub_Ranger_Kainan_06","SkillLvUp_Sub_Ranger_Kainan","6","Item_Material_SkillLvUp_ClassRanger_03","10","Item_Material_SkillLvUp_ClassRanger_02","30","Item_Material_SkillLvUp_Common","40","","","300000"
"SkillLvUp_Sub_Ranger_Kainan_07","SkillLvUp_Sub_Ranger_Kainan","7","Item_Material_SkillLvUp_ClassRanger_03","20","Item_Material_SkillLvUp_Common","50","","","","","500000"
"SkillLvUp_Sub_Ranger_Kainan_08","SkillLvUp_Sub_Ranger_Kainan","8","Item_Material_SkillLvUp_ClassRanger_04","10","Item_Material_SkillLvUp_ClassRanger_03","30","Item_Material_SkillLvUp_Common","60","","","1000000"
"SkillLvUp_Sub_Ranger_Kainan_09","SkillLvUp_Sub_Ranger_Kainan","9","Item_Material_SkillLvUp_ClassRanger_04","20","Item_Material_SkillLvUp_Common","80","","","","","2000000"
"SkillLvUp_Sub_Ranger_Kainan_10","SkillLvUp_Sub_Ranger_Kainan","10","Item_Material_SkillLvUp_ClassRanger_04","30","Item_Material_SkillLvUp_Kainan_Emblem","1","","","","","3500000"
"SkillLvUp_Sub_Ranger_Maru_01","SkillLvUp_Sub_Ranger_Maru","1","Item_Material_SkillLvUp_ClassRanger_01","0","","","","","","","0"
"SkillLvUp_Sub_Ranger_Maru_02","SkillLvUp_Sub_Ranger_Maru","2","Item_Material_SkillLvUp_ClassRanger_01","10","","","","","","","3000"
"SkillLvUp_Sub_Ranger_Maru_03","SkillLvUp_Sub_Ranger_Maru","3","Item_Material_SkillLvUp_ClassRanger_01","20","Item_Material_SkillLvUp_Common","10","","","","","8000"
"SkillLvUp_Sub_Ranger_Maru_04","SkillLvUp_Sub_Ranger_Maru","4","Item_Material_SkillLvUp_ClassRanger_02","10","Item_Material_SkillLvUp_ClassRanger_01","30","Item_Material_SkillLvUp_Common","20","","","30000"
"SkillLvUp_Sub_Ranger_Maru_05","SkillLvUp_Sub_Ranger_Maru","5","Item_Material_SkillLvUp_ClassRanger_02","20","Item_Material_SkillLvUp_Common","30","","","","","100000"
"SkillLvUp_Sub_Ranger_Maru_06","SkillLvUp_Sub_Ranger_Maru","6","Item_Material_SkillLvUp_ClassRanger_03","10","Item_Material_SkillLvUp_ClassRanger_02","30","Item_Material_SkillLvUp_Common","40","","","300000"
"SkillLvUp_Sub_Ranger_Maru_07","SkillLvUp_Sub_Ranger_Maru","7","Item_Material_SkillLvUp_ClassRanger_03","20","Item_Material_SkillLvUp_Common","50","","","","","500000"
"SkillLvUp_Sub_Ranger_Maru_08","SkillLvUp_Sub_Ranger_Maru","8","Item_Material_SkillLvUp_ClassRanger_04","10","Item_Material_SkillLvUp_ClassRanger_03","30","Item_Material_SkillLvUp_Common","60","","","1000000"
"SkillLvUp_Sub_Ranger_Maru_09","SkillLvUp_Sub_Ranger_Maru","9","Item_Material_SkillLvUp_ClassRanger_04","20","Item_Material_SkillLvUp_Common","80","","","","","2000000"
"SkillLvUp_Sub_Ranger_Maru_10","SkillLvUp_Sub_Ranger_Maru","10","Item_Material_SkillLvUp_ClassRanger_04","30","Item_Material_SkillLvUp_Maru_Emblem","1","","","","","3500000"
"SkillLvUp_Sub_Sorcerer_Cellarn_01","SkillLvUp_Sub_Sorcerer_Cellarn","1","Item_Material_SkillLvUp_ClassSorcerer_01","0","","","","","","","0"
"SkillLvUp_Sub_Sorcerer_Cellarn_02","SkillLvUp_Sub_Sorcerer_Cellarn","2","Item_Material_SkillLvUp_ClassSorcerer_01","10","","","","","","","3000"
"SkillLvUp_Sub_Sorcerer_Cellarn_03","SkillLvUp_Sub_Sorcerer_Cellarn","3","Item_Material_SkillLvUp_ClassSorcerer_01","20","Item_Material_SkillLvUp_Common","10","","","","","8000"
"SkillLvUp_Sub_Sorcerer_Cellarn_04","SkillLvUp_Sub_Sorcerer_Cellarn","4","Item_Material_SkillLvUp_ClassSorcerer_02","10","Item_Material_SkillLvUp_ClassSorcerer_01","30","Item_Material_SkillLvUp_Common","20","","","30000"
"SkillLvUp_Sub_Sorcerer_Cellarn_05","SkillLvUp_Sub_Sorcerer_Cellarn","5","Item_Material_SkillLvUp_ClassSorcerer_02","20","Item_Material_SkillLvUp_Common","30","","","","","100000"
"SkillLvUp_Sub_Sorcerer_Cellarn_06","SkillLvUp_Sub_Sorcerer_Cellarn","6","Item_Material_SkillLvUp_ClassSorcerer_03","10","Item_Material_SkillLvUp_ClassSorcerer_02","30","Item_Material_SkillLvUp_Common","40","","","300000"
"SkillLvUp_Sub_Sorcerer_Cellarn_07","SkillLvUp_Sub_Sorcerer_Cellarn","7","Item_Material_SkillLvUp_ClassSorcerer_03","20","Item_Material_SkillLvUp_Common","50","","","","","500000"
"SkillLvUp_Sub_Sorcerer_Cellarn_08","SkillLvUp_Sub_Sorcerer_Cellarn","8","Item_Material_SkillLvUp_ClassSorcerer_04","10","Item_Material_SkillLvUp_ClassSorcerer_03","30","Item_Material_SkillLvUp_Common","60","","","1000000"
"SkillLvUp_Sub_Sorcerer_Cellarn_09","SkillLvUp_Sub_Sorcerer_Cellarn","9","Item_Material_SkillLvUp_ClassSorcerer_04","20","Item_Material_SkillLvUp_Common","80","","","","","2000000"
"SkillLvUp_Sub_Sorcerer_Cellarn_10","SkillLvUp_Sub_Sorcerer_Cellarn","10","Item_Material_SkillLvUp_ClassSorcerer_04","30","Item_Material_SkillLvUp_Cellarn_Emblem","1","","","","","3500000"
"SkillLvUp_Sub_Sorcerer_Elvinzia_01","SkillLvUp_Sub_Sorcerer_Elvinzia","1","Item_Material_SkillLvUp_ClassSorcerer_01","0","","","","","","","0"
"SkillLvUp_Sub_Sorcerer_Elvinzia_02","SkillLvUp_Sub_Sorcerer_Elvinzia","2","Item_Material_SkillLvUp_ClassSorcerer_01","10","","","","","","","3000"
"SkillLvUp_Sub_Sorcerer_Elvinzia_03","SkillLvUp_Sub_Sorcerer_Elvinzia","3","Item_Material_SkillLvUp_ClassSorcerer_01","20","Item_Material_SkillLvUp_Common","10","","","","","8000"
"SkillLvUp_Sub_Sorcerer_Elvinzia_04","SkillLvUp_Sub_Sorcerer_Elvinzia","4","Item_Material_SkillLvUp_ClassSorcerer_02","10","Item_Material_SkillLvUp_ClassSorcerer_01","30","Item_Material_SkillLvUp_Common","20","","","30000"
"SkillLvUp_Sub_Sorcerer_Elvinzia_05","SkillLvUp_Sub_Sorcerer_Elvinzia","5","Item_Material_SkillLvUp_ClassSorcerer_02","20","Item_Material_SkillLvUp_Common","30","","","","","100000"
"SkillLvUp_Sub_Sorcerer_Elvinzia_06","SkillLvUp_Sub_Sorcerer_Elvinzia","6","Item_Material_SkillLvUp_ClassSorcerer_03","10","Item_Material_SkillLvUp_ClassSorcerer_02","30","Item_Material_SkillLvUp_Common","40","","","300000"
"SkillLvUp_Sub_Sorcerer_Elvinzia_07","SkillLvUp_Sub_Sorcerer_Elvinzia","7","Item_Material_SkillLvUp_ClassSorcerer_03","20","Item_Material_SkillLvUp_Common","50","","","","","500000"
"SkillLvUp_Sub_Sorcerer_Elvinzia_08","SkillLvUp_Sub_Sorcerer_Elvinzia","8","Item_Material_SkillLvUp_ClassSorcerer_04","10","Item_Material_SkillLvUp_ClassSorcerer_03","30","Item_Material_SkillLvUp_Common","60","","","1000000"
"SkillLvUp_Sub_Sorcerer_Elvinzia_09","SkillLvUp_Sub_Sorcerer_Elvinzia","9","Item_Material_SkillLvUp_ClassSorcerer_04","20","Item_Material_SkillLvUp_Common","80","","","","","2000000"
"SkillLvUp_Sub_Sorcerer_Elvinzia_10","SkillLvUp_Sub_Sorcerer_Elvinzia","10","Item_Material_SkillLvUp_ClassSorcerer_04","30","Item_Material_SkillLvUp_Elvinzia_Emblem","1","","","","","3500000"
"SkillLvUp_Sub_Sorcerer_Paulhill_01","SkillLvUp_Sub_Sorcerer_Paulhill","1","Item_Material_SkillLvUp_ClassSorcerer_01","0","","","","","","","0"
"SkillLvUp_Sub_Sorcerer_Paulhill_02","SkillLvUp_Sub_Sorcerer_Paulhill","2","Item_Material_SkillLvUp_ClassSorcerer_01","10","","","","","","","3000"
"SkillLvUp_Sub_Sorcerer_Paulhill_03","SkillLvUp_Sub_Sorcerer_Paulhill","3","Item_Material_SkillLvUp_ClassSorcerer_01","20","Item_Material_SkillLvUp_Common","10","","","","","8000"
"SkillLvUp_Sub_Sorcerer_Paulhill_04","SkillLvUp_Sub_Sorcerer_Paulhill","4","Item_Material_SkillLvUp_ClassSorcerer_02","10","Item_Material_SkillLvUp_ClassSorcerer_01","30","Item_Material_SkillLvUp_Common","20","","","30000"
"SkillLvUp_Sub_Sorcerer_Paulhill_05","SkillLvUp_Sub_Sorcerer_Paulhill","5","Item_Material_SkillLvUp_ClassSorcerer_02","20","Item_Material_SkillLvUp_Common","30","","","","","100000"
"SkillLvUp_Sub_Sorcerer_Paulhill_06","SkillLvUp_Sub_Sorcerer_Paulhill","6","Item_Material_SkillLvUp_ClassSorcerer_03","10","Item_Material_SkillLvUp_ClassSorcerer_02","30","Item_Material_SkillLvUp_Common","40","","","300000"
"SkillLvUp_Sub_Sorcerer_Paulhill_07","SkillLvUp_Sub_Sorcerer_Paulhill","7","Item_Material_SkillLvUp_ClassSorcerer_03","20","Item_Material_SkillLvUp_Common","50","","","","","500000"
"SkillLvUp_Sub_Sorcerer_Paulhill_08","SkillLvUp_Sub_Sorcerer_Paulhill","8","Item_Material_SkillLvUp_ClassSorcerer_04","10","Item_Material_SkillLvUp_ClassSorcerer_03","30","Item_Material_SkillLvUp_Common","60","","","1000000"
"SkillLvUp_Sub_Sorcerer_Paulhill_09","SkillLvUp_Sub_Sorcerer_Paulhill","9","Item_Material_SkillLvUp_ClassSorcerer_04","20","Item_Material_SkillLvUp_Common","80","","","","","2000000"
"SkillLvUp_Sub_Sorcerer_Paulhill_10","SkillLvUp_Sub_Sorcerer_Paulhill","10","Item_Material_SkillLvUp_ClassSorcerer_04","30","Item_Material_SkillLvUp_Paulhill_Emblem","1","","","","","3500000"
"SkillLvUp_Sub_Sorcerer_Cyberia_01","SkillLvUp_Sub_Sorcerer_Cyberia","1","Item_Material_SkillLvUp_ClassSorcerer_01","0","","","","","","","0"
"SkillLvUp_Sub_Sorcerer_Cyberia_02","SkillLvUp_Sub_Sorcerer_Cyberia","2","Item_Material_SkillLvUp_ClassSorcerer_01","10","","","","","","","3000"
"SkillLvUp_Sub_Sorcerer_Cyberia_03","SkillLvUp_Sub_Sorcerer_Cyberia","3","Item_Material_SkillLvUp_ClassSorcerer_01","20","Item_Material_SkillLvUp_Common","10","","","","","8000"
"SkillLvUp_Sub_Sorcerer_Cyberia_04","SkillLvUp_Sub_Sorcerer_Cyberia","4","Item_Material_SkillLvUp_ClassSorcerer_02","10","Item_Material_SkillLvUp_ClassSorcerer_01","30","Item_Material_SkillLvUp_Common","20","","","30000"
"SkillLvUp_Sub_Sorcerer_Cyberia_05","SkillLvUp_Sub_Sorcerer_Cyberia","5","Item_Material_SkillLvUp_ClassSorcerer_02","20","Item_Material_SkillLvUp_Common","30","","","","","100000"
"SkillLvUp_Sub_Sorcerer_Cyberia_06","SkillLvUp_Sub_Sorcerer_Cyberia","6","Item_Material_SkillLvUp_ClassSorcerer_03","10","Item_Material_SkillLvUp_ClassSorcerer_02","30","Item_Material_SkillLvUp_Common","40","","","300000"
"SkillLvUp_Sub_Sorcerer_Cyberia_07","SkillLvUp_Sub_Sorcerer_Cyberia","7","Item_Material_SkillLvUp_ClassSorcerer_03","20","Item_Material_SkillLvUp_Common","50","","","","","500000"
"SkillLvUp_Sub_Sorcerer_Cyberia_08","SkillLvUp_Sub_Sorcerer_Cyberia","8","Item_Material_SkillLvUp_ClassSorcerer_04","10","Item_Material_SkillLvUp_ClassSorcerer_03","30","Item_Material_SkillLvUp_Common","60","","","1000000"
"SkillLvUp_Sub_Sorcerer_Cyberia_09","SkillLvUp_Sub_Sorcerer_Cyberia","9","Item_Material_SkillLvUp_ClassSorcerer_04","20","Item_Material_SkillLvUp_Common","80","","","","","2000000"
"SkillLvUp_Sub_Sorcerer_Cyberia_10","SkillLvUp_Sub_Sorcerer_Cyberia","10","Item_Material_SkillLvUp_ClassSorcerer_04","30","Item_Material_SkillLvUp_Cyberia_Emblem","1","","","","","3500000"
"SkillLvUp_Sub_Sorcerer_DelMar_01","SkillLvUp_Sub_Sorcerer_DelMar","1","Item_Material_SkillLvUp_ClassSorcerer_01","0","","","","","","","0"
"SkillLvUp_Sub_Sorcerer_DelMar_02","SkillLvUp_Sub_Sorcerer_DelMar","2","Item_Material_SkillLvUp_ClassSorcerer_01","10","","","","","","","3000"
"SkillLvUp_Sub_Sorcerer_DelMar_03","SkillLvUp_Sub_Sorcerer_DelMar","3","Item_Material_SkillLvUp_ClassSorcerer_01","20","Item_Material_SkillLvUp_Common","10","","","","","8000"
"SkillLvUp_Sub_Sorcerer_DelMar_04","SkillLvUp_Sub_Sorcerer_DelMar","4","Item_Material_SkillLvUp_ClassSorcerer_02","10","Item_Material_SkillLvUp_ClassSorcerer_01","30","Item_Material_SkillLvUp_Common","20","","","30000"
"SkillLvUp_Sub_Sorcerer_DelMar_05","SkillLvUp_Sub_Sorcerer_DelMar","5","Item_Material_SkillLvUp_ClassSorcerer_02","20","Item_Material_SkillLvUp_Common","30","","","","","100000"
"SkillLvUp_Sub_Sorcerer_DelMar_06","SkillLvUp_Sub_Sorcerer_DelMar","6","Item_Material_SkillLvUp_ClassSorcerer_03","10","Item_Material_SkillLvUp_ClassSorcerer_02","30","Item_Material_SkillLvUp_Common","40","","","300000"
"SkillLvUp_Sub_Sorcerer_DelMar_07","SkillLvUp_Sub_Sorcerer_DelMar","7","Item_Material_SkillLvUp_ClassSorcerer_03","20","Item_Material_SkillLvUp_Common","50","","","","","500000"
"SkillLvUp_Sub_Sorcerer_DelMar_08","SkillLvUp_Sub_Sorcerer_DelMar","8","Item_Material_SkillLvUp_ClassSorcerer_04","10","Item_Material_SkillLvUp_ClassSorcerer_03","30","Item_Material_SkillLvUp_Common","60","","","1000000"
"SkillLvUp_Sub_Sorcerer_DelMar_09","SkillLvUp_Sub_Sorcerer_DelMar","9","Item_Material_SkillLvUp_ClassSorcerer_04","20","Item_Material_SkillLvUp_Common","80","","","","","2000000"
"SkillLvUp_Sub_Sorcerer_DelMar_10","SkillLvUp_Sub_Sorcerer_DelMar","10","Item_Material_SkillLvUp_ClassSorcerer_04","30","Item_Material_SkillLvUp_DelMar_Emblem","1","","","","","3500000"
"SkillLvUp_Sub_Sorcerer_Kainan_01","SkillLvUp_Sub_Sorcerer_Kainan","1","Item_Material_SkillLvUp_ClassSorcerer_01","0","","","","","","","0"
"SkillLvUp_Sub_Sorcerer_Kainan_02","SkillLvUp_Sub_Sorcerer_Kainan","2","Item_Material_SkillLvUp_ClassSorcerer_01","10","","","","","","","3000"
"SkillLvUp_Sub_Sorcerer_Kainan_03","SkillLvUp_Sub_Sorcerer_Kainan","3","Item_Material_SkillLvUp_ClassSorcerer_01","20","Item_Material_SkillLvUp_Common","10","","","","","8000"
"SkillLvUp_Sub_Sorcerer_Kainan_04","SkillLvUp_Sub_Sorcerer_Kainan","4","Item_Material_SkillLvUp_ClassSorcerer_02","10","Item_Material_SkillLvUp_ClassSorcerer_01","30","Item_Material_SkillLvUp_Common","20","","","30000"
"SkillLvUp_Sub_Sorcerer_Kainan_05","SkillLvUp_Sub_Sorcerer_Kainan","5","Item_Material_SkillLvUp_ClassSorcerer_02","20","Item_Material_SkillLvUp_Common","30","","","","","100000"
"SkillLvUp_Sub_Sorcerer_Kainan_06","SkillLvUp_Sub_Sorcerer_Kainan","6","Item_Material_SkillLvUp_ClassSorcerer_03","10","Item_Material_SkillLvUp_ClassSorcerer_02","30","Item_Material_SkillLvUp_Common","40","","","300000"
"SkillLvUp_Sub_Sorcerer_Kainan_07","SkillLvUp_Sub_Sorcerer_Kainan","7","Item_Material_SkillLvUp_ClassSorcerer_03","20","Item_Material_SkillLvUp_Common","50","","","","","500000"
"SkillLvUp_Sub_Sorcerer_Kainan_08","SkillLvUp_Sub_Sorcerer_Kainan","8","Item_Material_SkillLvUp_ClassSorcerer_04","10","Item_Material_SkillLvUp_ClassSorcerer_03","30","Item_Material_SkillLvUp_Common","60","","","1000000"
"SkillLvUp_Sub_Sorcerer_Kainan_09","SkillLvUp_Sub_Sorcerer_Kainan","9","Item_Material_SkillLvUp_ClassSorcerer_04","20","Item_Material_SkillLvUp_Common","80","","","","","2000000"
"SkillLvUp_Sub_Sorcerer_Kainan_10","SkillLvUp_Sub_Sorcerer_Kainan","10","Item_Material_SkillLvUp_ClassSorcerer_04","30","Item_Material_SkillLvUp_Kainan_Emblem","1","","","","","3500000"
"SkillLvUp_Sub_Sorcerer_Maru_01","SkillLvUp_Sub_Sorcerer_Maru","1","Item_Material_SkillLvUp_ClassSorcerer_01","0","","","","","","","0"
"SkillLvUp_Sub_Sorcerer_Maru_02","SkillLvUp_Sub_Sorcerer_Maru","2","Item_Material_SkillLvUp_ClassSorcerer_01","10","","","","","","","3000"
"SkillLvUp_Sub_Sorcerer_Maru_03","SkillLvUp_Sub_Sorcerer_Maru","3","Item_Material_SkillLvUp_ClassSorcerer_01","20","Item_Material_SkillLvUp_Common","10","","","","","8000"
"SkillLvUp_Sub_Sorcerer_Maru_04","SkillLvUp_Sub_Sorcerer_Maru","4","Item_Material_SkillLvUp_ClassSorcerer_02","10","Item_Material_SkillLvUp_ClassSorcerer_01","30","Item_Material_SkillLvUp_Common","20","","","30000"
"SkillLvUp_Sub_Sorcerer_Maru_05","SkillLvUp_Sub_Sorcerer_Maru","5","Item_Material_SkillLvUp_ClassSorcerer_02","20","Item_Material_SkillLvUp_Common","30","","","","","100000"
"SkillLvUp_Sub_Sorcerer_Maru_06","SkillLvUp_Sub_Sorcerer_Maru","6","Item_Material_SkillLvUp_ClassSorcerer_03","10","Item_Material_SkillLvUp_ClassSorcerer_02","30","Item_Material_SkillLvUp_Common","40","","","300000"
"SkillLvUp_Sub_Sorcerer_Maru_07","SkillLvUp_Sub_Sorcerer_Maru","7","Item_Material_SkillLvUp_ClassSorcerer_03","20","Item_Material_SkillLvUp_Common","50","","","","","500000"
"SkillLvUp_Sub_Sorcerer_Maru_08","SkillLvUp_Sub_Sorcerer_Maru","8","Item_Material_SkillLvUp_ClassSorcerer_04","10","Item_Material_SkillLvUp_ClassSorcerer_03","30","Item_Material_SkillLvUp_Common","60","","","1000000"
"SkillLvUp_Sub_Sorcerer_Maru_09","SkillLvUp_Sub_Sorcerer_Maru","9","Item_Material_SkillLvUp_ClassSorcerer_04","20","Item_Material_SkillLvUp_Common","80","","","","","2000000"
"SkillLvUp_Sub_Sorcerer_Maru_10","SkillLvUp_Sub_Sorcerer_Maru","10","Item_Material_SkillLvUp_ClassSorcerer_04","30","Item_Material_SkillLvUp_Maru_Emblem","1","","","","","3500000"
"SkillLvUp_Sub_Shooter_Cellarn_01","SkillLvUp_Sub_Shooter_Cellarn","1","Item_Material_SkillLvUp_ClassShooter_01","0","","","","","","","0"
"SkillLvUp_Sub_Shooter_Cellarn_02","SkillLvUp_Sub_Shooter_Cellarn","2","Item_Material_SkillLvUp_ClassShooter_01","10","","","","","","","3000"
"SkillLvUp_Sub_Shooter_Cellarn_03","SkillLvUp_Sub_Shooter_Cellarn","3","Item_Material_SkillLvUp_ClassShooter_01","20","Item_Material_SkillLvUp_Common","10","","","","","8000"
"SkillLvUp_Sub_Shooter_Cellarn_04","SkillLvUp_Sub_Shooter_Cellarn","4","Item_Material_SkillLvUp_ClassShooter_02","10","Item_Material_SkillLvUp_ClassShooter_01","30","Item_Material_SkillLvUp_Common","20","","","30000"
"SkillLvUp_Sub_Shooter_Cellarn_05","SkillLvUp_Sub_Shooter_Cellarn","5","Item_Material_SkillLvUp_ClassShooter_02","20","Item_Material_SkillLvUp_Common","30","","","","","100000"
"SkillLvUp_Sub_Shooter_Cellarn_06","SkillLvUp_Sub_Shooter_Cellarn","6","Item_Material_SkillLvUp_ClassShooter_03","10","Item_Material_SkillLvUp_ClassShooter_02","30","Item_Material_SkillLvUp_Common","40","","","300000"
"SkillLvUp_Sub_Shooter_Cellarn_07","SkillLvUp_Sub_Shooter_Cellarn","7","Item_Material_SkillLvUp_ClassShooter_03","20","Item_Material_SkillLvUp_Common","50","","","","","500000"
"SkillLvUp_Sub_Shooter_Cellarn_08","SkillLvUp_Sub_Shooter_Cellarn","8","Item_Material_SkillLvUp_ClassShooter_04","10","Item_Material_SkillLvUp_ClassShooter_03","30","Item_Material_SkillLvUp_Common","60","","","1000000"
"SkillLvUp_Sub_Shooter_Cellarn_09","SkillLvUp_Sub_Shooter_Cellarn","9","Item_Material_SkillLvUp_ClassShooter_04","20","Item_Material_SkillLvUp_Common","80","","","","","2000000"
"SkillLvUp_Sub_Shooter_Cellarn_10","SkillLvUp_Sub_Shooter_Cellarn","10","Item_Material_SkillLvUp_ClassShooter_04","30","Item_Material_SkillLvUp_Cellarn_Emblem","1","","","","","3500000"
"SkillLvUp_Sub_Shooter_Elvinzia_01","SkillLvUp_Sub_Shooter_Elvinzia","1","Item_Material_SkillLvUp_ClassShooter_01","0","","","","","","","0"
"SkillLvUp_Sub_Shooter_Elvinzia_02","SkillLvUp_Sub_Shooter_Elvinzia","2","Item_Material_SkillLvUp_ClassShooter_01","10","","","","","","","3000"
"SkillLvUp_Sub_Shooter_Elvinzia_03","SkillLvUp_Sub_Shooter_Elvinzia","3","Item_Material_SkillLvUp_ClassShooter_01","20","Item_Material_SkillLvUp_Common","10","","","","","8000"
"SkillLvUp_Sub_Shooter_Elvinzia_04","SkillLvUp_Sub_Shooter_Elvinzia","4","Item_Material_SkillLvUp_ClassShooter_02","10","Item_Material_SkillLvUp_ClassShooter_01","30","Item_Material_SkillLvUp_Common","20","","","30000"
"SkillLvUp_Sub_Shooter_Elvinzia_05","SkillLvUp_Sub_Shooter_Elvinzia","5","Item_Material_SkillLvUp_ClassShooter_02","20","Item_Material_SkillLvUp_Common","30","","","","","100000"
"SkillLvUp_Sub_Shooter_Elvinzia_06","SkillLvUp_Sub_Shooter_Elvinzia","6","Item_Material_SkillLvUp_ClassShooter_03","10","Item_Material_SkillLvUp_ClassShooter_02","30","Item_Material_SkillLvUp_Common","40","","","300000"
"SkillLvUp_Sub_Shooter_Elvinzia_07","SkillLvUp_Sub_Shooter_Elvinzia","7","Item_Material_SkillLvUp_ClassShooter_03","20","Item_Material_SkillLvUp_Common","50","","","","","500000"
"SkillLvUp_Sub_Shooter_Elvinzia_08","SkillLvUp_Sub_Shooter_Elvinzia","8","Item_Material_SkillLvUp_ClassShooter_04","10","Item_Material_SkillLvUp_ClassShooter_03","30","Item_Material_SkillLvUp_Common","60","","","1000000"
"SkillLvUp_Sub_Shooter_Elvinzia_09","SkillLvUp_Sub_Shooter_Elvinzia","9","Item_Material_SkillLvUp_ClassShooter_04","20","Item_Material_SkillLvUp_Common","80","","","","","2000000"
"SkillLvUp_Sub_Shooter_Elvinzia_10","SkillLvUp_Sub_Shooter_Elvinzia","10","Item_Material_SkillLvUp_ClassShooter_04","30","Item_Material_SkillLvUp_Elvinzia_Emblem","1","","","","","3500000"
"SkillLvUp_Sub_Shooter_Paulhill_01","SkillLvUp_Sub_Shooter_Paulhill","1","Item_Material_SkillLvUp_ClassShooter_01","0","","","","","","","0"
"SkillLvUp_Sub_Shooter_Paulhill_02","SkillLvUp_Sub_Shooter_Paulhill","2","Item_Material_SkillLvUp_ClassShooter_01","10","","","","","","","3000"
"SkillLvUp_Sub_Shooter_Paulhill_03","SkillLvUp_Sub_Shooter_Paulhill","3","Item_Material_SkillLvUp_ClassShooter_01","20","Item_Material_SkillLvUp_Common","10","","","","","8000"
"SkillLvUp_Sub_Shooter_Paulhill_04","SkillLvUp_Sub_Shooter_Paulhill","4","Item_Material_SkillLvUp_ClassShooter_02","10","Item_Material_SkillLvUp_ClassShooter_01","30","Item_Material_SkillLvUp_Common","20","","","30000"
"SkillLvUp_Sub_Shooter_Paulhill_05","SkillLvUp_Sub_Shooter_Paulhill","5","Item_Material_SkillLvUp_ClassShooter_02","20","Item_Material_SkillLvUp_Common","30","","","","","100000"
"SkillLvUp_Sub_Shooter_Paulhill_06","SkillLvUp_Sub_Shooter_Paulhill","6","Item_Material_SkillLvUp_ClassShooter_03","10","Item_Material_SkillLvUp_ClassShooter_02","30","Item_Material_SkillLvUp_Common","40","","","300000"
"SkillLvUp_Sub_Shooter_Paulhill_07","SkillLvUp_Sub_Shooter_Paulhill","7","Item_Material_SkillLvUp_ClassShooter_03","20","Item_Material_SkillLvUp_Common","50","","","","","500000"
"SkillLvUp_Sub_Shooter_Paulhill_08","SkillLvUp_Sub_Shooter_Paulhill","8","Item_Material_SkillLvUp_ClassShooter_04","10","Item_Material_SkillLvUp_ClassShooter_03","30","Item_Material_SkillLvUp_Common","60","","","1000000"
"SkillLvUp_Sub_Shooter_Paulhill_09","SkillLvUp_Sub_Shooter_Paulhill","9","Item_Material_SkillLvUp_ClassShooter_04","20","Item_Material_SkillLvUp_Common","80","","","","","2000000"
"SkillLvUp_Sub_Shooter_Paulhill_10","SkillLvUp_Sub_Shooter_Paulhill","10","Item_Material_SkillLvUp_ClassShooter_04","30","Item_Material_SkillLvUp_Paulhill_Emblem","1","","","","","3500000"
"SkillLvUp_Sub_Shooter_Cyberia_01","SkillLvUp_Sub_Shooter_Cyberia","1","Item_Material_SkillLvUp_ClassShooter_01","0","","","","","","","0"
"SkillLvUp_Sub_Shooter_Cyberia_02","SkillLvUp_Sub_Shooter_Cyberia","2","Item_Material_SkillLvUp_ClassShooter_01","10","","","","","","","3000"
"SkillLvUp_Sub_Shooter_Cyberia_03","SkillLvUp_Sub_Shooter_Cyberia","3","Item_Material_SkillLvUp_ClassShooter_01","20","Item_Material_SkillLvUp_Common","10","","","","","8000"
"SkillLvUp_Sub_Shooter_Cyberia_04","SkillLvUp_Sub_Shooter_Cyberia","4","Item_Material_SkillLvUp_ClassShooter_02","10","Item_Material_SkillLvUp_ClassShooter_01","30","Item_Material_SkillLvUp_Common","20","","","30000"
"SkillLvUp_Sub_Shooter_Cyberia_05","SkillLvUp_Sub_Shooter_Cyberia","5","Item_Material_SkillLvUp_ClassShooter_02","20","Item_Material_SkillLvUp_Common","30","","","","","100000"
"SkillLvUp_Sub_Shooter_Cyberia_06","SkillLvUp_Sub_Shooter_Cyberia","6","Item_Material_SkillLvUp_ClassShooter_03","10","Item_Material_SkillLvUp_ClassShooter_02","30","Item_Material_SkillLvUp_Common","40","","","300000"
"SkillLvUp_Sub_Shooter_Cyberia_07","SkillLvUp_Sub_Shooter_Cyberia","7","Item_Material_SkillLvUp_ClassShooter_03","20","Item_Material_SkillLvUp_Common","50","","","","","500000"
"SkillLvUp_Sub_Shooter_Cyberia_08","SkillLvUp_Sub_Shooter_Cyberia","8","Item_Material_SkillLvUp_ClassShooter_04","10","Item_Material_SkillLvUp_ClassShooter_03","30","Item_Material_SkillLvUp_Common","60","","","1000000"
"SkillLvUp_Sub_Shooter_Cyberia_09","SkillLvUp_Sub_Shooter_Cyberia","9","Item_Material_SkillLvUp_ClassShooter_04","20","Item_Material_SkillLvUp_Common","80","","","","","2000000"
"SkillLvUp_Sub_Shooter_Cyberia_10","SkillLvUp_Sub_Shooter_Cyberia","10","Item_Material_SkillLvUp_ClassShooter_04","30","Item_Material_SkillLvUp_Cyberia_Emblem","1","","","","","3500000"
"SkillLvUp_Sub_Shooter_DelMar_01","SkillLvUp_Sub_Shooter_DelMar","1","Item_Material_SkillLvUp_ClassShooter_01","0","","","","","","","0"
"SkillLvUp_Sub_Shooter_DelMar_02","SkillLvUp_Sub_Shooter_DelMar","2","Item_Material_SkillLvUp_ClassShooter_01","10","","","","","","","3000"
"SkillLvUp_Sub_Shooter_DelMar_03","SkillLvUp_Sub_Shooter_DelMar","3","Item_Material_SkillLvUp_ClassShooter_01","20","Item_Material_SkillLvUp_Common","10","","","","","8000"
"SkillLvUp_Sub_Shooter_DelMar_04","SkillLvUp_Sub_Shooter_DelMar","4","Item_Material_SkillLvUp_ClassShooter_02","10","Item_Material_SkillLvUp_ClassShooter_01","30","Item_Material_SkillLvUp_Common","20","","","30000"
"SkillLvUp_Sub_Shooter_DelMar_05","SkillLvUp_Sub_Shooter_DelMar","5","Item_Material_SkillLvUp_ClassShooter_02","20","Item_Material_SkillLvUp_Common","30","","","","","100000"
"SkillLvUp_Sub_Shooter_DelMar_06","SkillLvUp_Sub_Shooter_DelMar","6","Item_Material_SkillLvUp_ClassShooter_03","10","Item_Material_SkillLvUp_ClassShooter_02","30","Item_Material_SkillLvUp_Common","40","","","300000"
"SkillLvUp_Sub_Shooter_DelMar_07","SkillLvUp_Sub_Shooter_DelMar","7","Item_Material_SkillLvUp_ClassShooter_03","20","Item_Material_SkillLvUp_Common","50","","","","","500000"
"SkillLvUp_Sub_Shooter_DelMar_08","SkillLvUp_Sub_Shooter_DelMar","8","Item_Material_SkillLvUp_ClassShooter_04","10","Item_Material_SkillLvUp_ClassShooter_03","30","Item_Material_SkillLvUp_Common","60","","","1000000"
"SkillLvUp_Sub_Shooter_DelMar_09","SkillLvUp_Sub_Shooter_DelMar","9","Item_Material_SkillLvUp_ClassShooter_04","20","Item_Material_SkillLvUp_Common","80","","","","","2000000"
"SkillLvUp_Sub_Shooter_DelMar_10","SkillLvUp_Sub_Shooter_DelMar","10","Item_Material_SkillLvUp_ClassShooter_04","30","Item_Material_SkillLvUp_DelMar_Emblem","1","","","","","3500000"
"SkillLvUp_Sub_Shooter_Kainan_01","SkillLvUp_Sub_Shooter_Kainan","1","Item_Material_SkillLvUp_ClassShooter_01","0","","","","","","","0"
"SkillLvUp_Sub_Shooter_Kainan_02","SkillLvUp_Sub_Shooter_Kainan","2","Item_Material_SkillLvUp_ClassShooter_01","10","","","","","","","3000"
"SkillLvUp_Sub_Shooter_Kainan_03","SkillLvUp_Sub_Shooter_Kainan","3","Item_Material_SkillLvUp_ClassShooter_01","20","Item_Material_SkillLvUp_Common","10","","","","","8000"
"SkillLvUp_Sub_Shooter_Kainan_04","SkillLvUp_Sub_Shooter_Kainan","4","Item_Material_SkillLvUp_ClassShooter_02","10","Item_Material_SkillLvUp_ClassShooter_01","30","Item_Material_SkillLvUp_Common","20","","","30000"
"SkillLvUp_Sub_Shooter_Kainan_05","SkillLvUp_Sub_Shooter_Kainan","5","Item_Material_SkillLvUp_ClassShooter_02","20","Item_Material_SkillLvUp_Common","30","","","","","100000"
"SkillLvUp_Sub_Shooter_Kainan_06","SkillLvUp_Sub_Shooter_Kainan","6","Item_Material_SkillLvUp_ClassShooter_03","10","Item_Material_SkillLvUp_ClassShooter_02","30","Item_Material_SkillLvUp_Common","40","","","300000"
"SkillLvUp_Sub_Shooter_Kainan_07","SkillLvUp_Sub_Shooter_Kainan","7","Item_Material_SkillLvUp_ClassShooter_03","20","Item_Material_SkillLvUp_Common","50","","","","","500000"
"SkillLvUp_Sub_Shooter_Kainan_08","SkillLvUp_Sub_Shooter_Kainan","8","Item_Material_SkillLvUp_ClassShooter_04","10","Item_Material_SkillLvUp_ClassShooter_03","30","Item_Material_SkillLvUp_Common","60","","","1000000"
"SkillLvUp_Sub_Shooter_Kainan_09","SkillLvUp_Sub_Shooter_Kainan","9","Item_Material_SkillLvUp_ClassShooter_04","20","Item_Material_SkillLvUp_Common","80","","","","","2000000"
"SkillLvUp_Sub_Shooter_Kainan_10","SkillLvUp_Sub_Shooter_Kainan","10","Item_Material_SkillLvUp_ClassShooter_04","30","Item_Material_SkillLvUp_Kainan_Emblem","1","","","","","3500000"
"SkillLvUp_Sub_Shooter_Maru_01","SkillLvUp_Sub_Shooter_Maru","1","Item_Material_SkillLvUp_ClassShooter_01","0","","","","","","","0"
"SkillLvUp_Sub_Shooter_Maru_02","SkillLvUp_Sub_Shooter_Maru","2","Item_Material_SkillLvUp_ClassShooter_01","10","","","","","","","3000"
"SkillLvUp_Sub_Shooter_Maru_03","SkillLvUp_Sub_Shooter_Maru","3","Item_Material_SkillLvUp_ClassShooter_01","20","Item_Material_SkillLvUp_Common","10","","","","","8000"
"SkillLvUp_Sub_Shooter_Maru_04","SkillLvUp_Sub_Shooter_Maru","4","Item_Material_SkillLvUp_ClassShooter_02","10","Item_Material_SkillLvUp_ClassShooter_01","30","Item_Material_SkillLvUp_Common","20","","","30000"
"SkillLvUp_Sub_Shooter_Maru_05","SkillLvUp_Sub_Shooter_Maru","5","Item_Material_SkillLvUp_ClassShooter_02","20","Item_Material_SkillLvUp_Common","30","","","","","100000"
"SkillLvUp_Sub_Shooter_Maru_06","SkillLvUp_Sub_Shooter_Maru","6","Item_Material_SkillLvUp_ClassShooter_03","10","Item_Material_SkillLvUp_ClassShooter_02","30","Item_Material_SkillLvUp_Common","40","","","300000"
"SkillLvUp_Sub_Shooter_Maru_07","SkillLvUp_Sub_Shooter_Maru","7","Item_Material_SkillLvUp_ClassShooter_03","20","Item_Material_SkillLvUp_Common","50","","","","","500000"
"SkillLvUp_Sub_Shooter_Maru_08","SkillLvUp_Sub_Shooter_Maru","8","Item_Material_SkillLvUp_ClassShooter_04","10","Item_Material_SkillLvUp_ClassShooter_03","30","Item_Material_SkillLvUp_Common","60","","","1000000"
"SkillLvUp_Sub_Shooter_Maru_09","SkillLvUp_Sub_Shooter_Maru","9","Item_Material_SkillLvUp_ClassShooter_04","20","Item_Material_SkillLvUp_Common","80","","","","","2000000"
"SkillLvUp_Sub_Shooter_Maru_10","SkillLvUp_Sub_Shooter_Maru","10","Item_Material_SkillLvUp_ClassShooter_04","30","Item_Material_SkillLvUp_Maru_Emblem","1","","","","","3500000"
"SkillLvUp_Sub_Mage_Cellarn_01","SkillLvUp_Sub_Mage_Cellarn","1","Item_Material_SkillLvUp_ClassMage_01","0","","","","","","","0"
"SkillLvUp_Sub_Mage_Cellarn_02","SkillLvUp_Sub_Mage_Cellarn","2","Item_Material_SkillLvUp_ClassMage_01","10","","","","","","","3000"
"SkillLvUp_Sub_Mage_Cellarn_03","SkillLvUp_Sub_Mage_Cellarn","3","Item_Material_SkillLvUp_ClassMage_01","20","Item_Material_SkillLvUp_Common","10","","","","","8000"
"SkillLvUp_Sub_Mage_Cellarn_04","SkillLvUp_Sub_Mage_Cellarn","4","Item_Material_SkillLvUp_ClassMage_02","10","Item_Material_SkillLvUp_ClassMage_01","30","Item_Material_SkillLvUp_Common","20","","","30000"
"SkillLvUp_Sub_Mage_Cellarn_05","SkillLvUp_Sub_Mage_Cellarn","5","Item_Material_SkillLvUp_ClassMage_02","20","Item_Material_SkillLvUp_Common","30","","","","","100000"
"SkillLvUp_Sub_Mage_Cellarn_06","SkillLvUp_Sub_Mage_Cellarn","6","Item_Material_SkillLvUp_ClassMage_03","10","Item_Material_SkillLvUp_ClassMage_02","30","Item_Material_SkillLvUp_Common","40","","","300000"
"SkillLvUp_Sub_Mage_Cellarn_07","SkillLvUp_Sub_Mage_Cellarn","7","Item_Material_SkillLvUp_ClassMage_03","20","Item_Material_SkillLvUp_Common","50","","","","","500000"
"SkillLvUp_Sub_Mage_Cellarn_08","SkillLvUp_Sub_Mage_Cellarn","8","Item_Material_SkillLvUp_ClassMage_04","10","Item_Material_SkillLvUp_ClassMage_03","30","Item_Material_SkillLvUp_Common","60","","","1000000"
"SkillLvUp_Sub_Mage_Cellarn_09","SkillLvUp_Sub_Mage_Cellarn","9","Item_Material_SkillLvUp_ClassMage_04","20","Item_Material_SkillLvUp_Common","80","","","","","2000000"
"SkillLvUp_Sub_Mage_Cellarn_10","SkillLvUp_Sub_Mage_Cellarn","10","Item_Material_SkillLvUp_ClassMage_04","30","Item_Material_SkillLvUp_Cellarn_Emblem","1","","","","","3500000"
"SkillLvUp_Sub_Mage_Elvinzia_01","SkillLvUp_Sub_Mage_Elvinzia","1","Item_Material_SkillLvUp_ClassMage_01","0","","","","","","","0"
"SkillLvUp_Sub_Mage_Elvinzia_02","SkillLvUp_Sub_Mage_Elvinzia","2","Item_Material_SkillLvUp_ClassMage_01","10","","","","","","","3000"
"SkillLvUp_Sub_Mage_Elvinzia_03","SkillLvUp_Sub_Mage_Elvinzia","3","Item_Material_SkillLvUp_ClassMage_01","20","Item_Material_SkillLvUp_Common","10","","","","","8000"
"SkillLvUp_Sub_Mage_Elvinzia_04","SkillLvUp_Sub_Mage_Elvinzia","4","Item_Material_SkillLvUp_ClassMage_02","10","Item_Material_SkillLvUp_ClassMage_01","30","Item_Material_SkillLvUp_Common","20","","","30000"
"SkillLvUp_Sub_Mage_Elvinzia_05","SkillLvUp_Sub_Mage_Elvinzia","5","Item_Material_SkillLvUp_ClassMage_02","20","Item_Material_SkillLvUp_Common","30","","","","","100000"
"SkillLvUp_Sub_Mage_Elvinzia_06","SkillLvUp_Sub_Mage_Elvinzia","6","Item_Material_SkillLvUp_ClassMage_03","10","Item_Material_SkillLvUp_ClassMage_02","30","Item_Material_SkillLvUp_Common","40","","","300000"
"SkillLvUp_Sub_Mage_Elvinzia_07","SkillLvUp_Sub_Mage_Elvinzia","7","Item_Material_SkillLvUp_ClassMage_03","20","Item_Material_SkillLvUp_Common","50","","","","","500000"
"SkillLvUp_Sub_Mage_Elvinzia_08","SkillLvUp_Sub_Mage_Elvinzia","8","Item_Material_SkillLvUp_ClassMage_04","10","Item_Material_SkillLvUp_ClassMage_03","30","Item_Material_SkillLvUp_Common","60","","","1000000"
"SkillLvUp_Sub_Mage_Elvinzia_09","SkillLvUp_Sub_Mage_Elvinzia","9","Item_Material_SkillLvUp_ClassMage_04","20","Item_Material_SkillLvUp_Common","80","","","","","2000000"
"SkillLvUp_Sub_Mage_Elvinzia_10","SkillLvUp_Sub_Mage_Elvinzia","10","Item_Material_SkillLvUp_ClassMage_04","30","Item_Material_SkillLvUp_Elvinzia_Emblem","1","","","","","3500000"
"SkillLvUp_Sub_Mage_Paulhill_01","SkillLvUp_Sub_Mage_Paulhill","1","Item_Material_SkillLvUp_ClassMage_01","0","","","","","","","0"
"SkillLvUp_Sub_Mage_Paulhill_02","SkillLvUp_Sub_Mage_Paulhill","2","Item_Material_SkillLvUp_ClassMage_01","10","","","","","","","3000"
"SkillLvUp_Sub_Mage_Paulhill_03","SkillLvUp_Sub_Mage_Paulhill","3","Item_Material_SkillLvUp_ClassMage_01","20","Item_Material_SkillLvUp_Common","10","","","","","8000"
"SkillLvUp_Sub_Mage_Paulhill_04","SkillLvUp_Sub_Mage_Paulhill","4","Item_Material_SkillLvUp_ClassMage_02","10","Item_Material_SkillLvUp_ClassMage_01","30","Item_Material_SkillLvUp_Common","20","","","30000"
"SkillLvUp_Sub_Mage_Paulhill_05","SkillLvUp_Sub_Mage_Paulhill","5","Item_Material_SkillLvUp_ClassMage_02","20","Item_Material_SkillLvUp_Common","30","","","","","100000"
"SkillLvUp_Sub_Mage_Paulhill_06","SkillLvUp_Sub_Mage_Paulhill","6","Item_Material_SkillLvUp_ClassMage_03","10","Item_Material_SkillLvUp_ClassMage_02","30","Item_Material_SkillLvUp_Common","40","","","300000"
"SkillLvUp_Sub_Mage_Paulhill_07","SkillLvUp_Sub_Mage_Paulhill","7","Item_Material_SkillLvUp_ClassMage_03","20","Item_Material_SkillLvUp_Common","50","","","","","500000"
"SkillLvUp_Sub_Mage_Paulhill_08","SkillLvUp_Sub_Mage_Paulhill","8","Item_Material_SkillLvUp_ClassMage_04","10","Item_Material_SkillLvUp_ClassMage_03","30","Item_Material_SkillLvUp_Common","60","","","1000000"
"SkillLvUp_Sub_Mage_Paulhill_09","SkillLvUp_Sub_Mage_Paulhill","9","Item_Material_SkillLvUp_ClassMage_04","20","Item_Material_SkillLvUp_Common","80","","","","","2000000"
"SkillLvUp_Sub_Mage_Paulhill_10","SkillLvUp_Sub_Mage_Paulhill","10","Item_Material_SkillLvUp_ClassMage_04","30","Item_Material_SkillLvUp_Paulhill_Emblem","1","","","","","3500000"
"SkillLvUp_Sub_Mage_Cyberia_01","SkillLvUp_Sub_Mage_Cyberia","1","Item_Material_SkillLvUp_ClassMage_01","0","","","","","","","0"
"SkillLvUp_Sub_Mage_Cyberia_02","SkillLvUp_Sub_Mage_Cyberia","2","Item_Material_SkillLvUp_ClassMage_01","10","","","","","","","3000"
"SkillLvUp_Sub_Mage_Cyberia_03","SkillLvUp_Sub_Mage_Cyberia","3","Item_Material_SkillLvUp_ClassMage_01","20","Item_Material_SkillLvUp_Common","10","","","","","8000"
"SkillLvUp_Sub_Mage_Cyberia_04","SkillLvUp_Sub_Mage_Cyberia","4","Item_Material_SkillLvUp_ClassMage_02","10","Item_Material_SkillLvUp_ClassMage_01","30","Item_Material_SkillLvUp_Common","20","","","30000"
"SkillLvUp_Sub_Mage_Cyberia_05","SkillLvUp_Sub_Mage_Cyberia","5","Item_Material_SkillLvUp_ClassMage_02","20","Item_Material_SkillLvUp_Common","30","","","","","100000"
"SkillLvUp_Sub_Mage_Cyberia_06","SkillLvUp_Sub_Mage_Cyberia","6","Item_Material_SkillLvUp_ClassMage_03","10","Item_Material_SkillLvUp_ClassMage_02","30","Item_Material_SkillLvUp_Common","40","","","300000"
"SkillLvUp_Sub_Mage_Cyberia_07","SkillLvUp_Sub_Mage_Cyberia","7","Item_Material_SkillLvUp_ClassMage_03","20","Item_Material_SkillLvUp_Common","50","","","","","500000"
"SkillLvUp_Sub_Mage_Cyberia_08","SkillLvUp_Sub_Mage_Cyberia","8","Item_Material_SkillLvUp_ClassMage_04","10","Item_Material_SkillLvUp_ClassMage_03","30","Item_Material_SkillLvUp_Common","60","","","1000000"
"SkillLvUp_Sub_Mage_Cyberia_09","SkillLvUp_Sub_Mage_Cyberia","9","Item_Material_SkillLvUp_ClassMage_04","20","Item_Material_SkillLvUp_Common","80","","","","","2000000"
"SkillLvUp_Sub_Mage_Cyberia_10","SkillLvUp_Sub_Mage_Cyberia","10","Item_Material_SkillLvUp_ClassMage_04","30","Item_Material_SkillLvUp_Cyberia_Emblem","1","","","","","3500000"
"SkillLvUp_Sub_Mage_DelMar_01","SkillLvUp_Sub_Mage_DelMar","1","Item_Material_SkillLvUp_ClassMage_01","0","","","","","","","0"
"SkillLvUp_Sub_Mage_DelMar_02","SkillLvUp_Sub_Mage_DelMar","2","Item_Material_SkillLvUp_ClassMage_01","10","","","","","","","3000"
"SkillLvUp_Sub_Mage_DelMar_03","SkillLvUp_Sub_Mage_DelMar","3","Item_Material_SkillLvUp_ClassMage_01","20","Item_Material_SkillLvUp_Common","10","","","","","8000"
"SkillLvUp_Sub_Mage_DelMar_04","SkillLvUp_Sub_Mage_DelMar","4","Item_Material_SkillLvUp_ClassMage_02","10","Item_Material_SkillLvUp_ClassMage_01","30","Item_Material_SkillLvUp_Common","20","","","30000"
"SkillLvUp_Sub_Mage_DelMar_05","SkillLvUp_Sub_Mage_DelMar","5","Item_Material_SkillLvUp_ClassMage_02","20","Item_Material_SkillLvUp_Common","30","","","","","100000"
"SkillLvUp_Sub_Mage_DelMar_06","SkillLvUp_Sub_Mage_DelMar","6","Item_Material_SkillLvUp_ClassMage_03","10","Item_Material_SkillLvUp_ClassMage_02","30","Item_Material_SkillLvUp_Common","40","","","300000"
"SkillLvUp_Sub_Mage_DelMar_07","SkillLvUp_Sub_Mage_DelMar","7","Item_Material_SkillLvUp_ClassMage_03","20","Item_Material_SkillLvUp_Common","50","","","","","500000"
"SkillLvUp_Sub_Mage_DelMar_08","SkillLvUp_Sub_Mage_DelMar","8","Item_Material_SkillLvUp_ClassMage_04","10","Item_Material_SkillLvUp_ClassMage_03","30","Item_Material_SkillLvUp_Common","60","","","1000000"
"SkillLvUp_Sub_Mage_DelMar_09","SkillLvUp_Sub_Mage_DelMar","9","Item_Material_SkillLvUp_ClassMage_04","20","Item_Material_SkillLvUp_Common","80","","","","","2000000"
"SkillLvUp_Sub_Mage_DelMar_10","SkillLvUp_Sub_Mage_DelMar","10","Item_Material_SkillLvUp_ClassMage_04","30","Item_Material_SkillLvUp_DelMar_Emblem","1","","","","","3500000"
"SkillLvUp_Sub_Mage_Kainan_01","SkillLvUp_Sub_Mage_Kainan","1","Item_Material_SkillLvUp_ClassMage_01","0","","","","","","","0"
"SkillLvUp_Sub_Mage_Kainan_02","SkillLvUp_Sub_Mage_Kainan","2","Item_Material_SkillLvUp_ClassMage_01","10","","","","","","","3000"
"SkillLvUp_Sub_Mage_Kainan_03","SkillLvUp_Sub_Mage_Kainan","3","Item_Material_SkillLvUp_ClassMage_01","20","Item_Material_SkillLvUp_Common","10","","","","","8000"
"SkillLvUp_Sub_Mage_Kainan_04","SkillLvUp_Sub_Mage_Kainan","4","Item_Material_SkillLvUp_ClassMage_02","10","Item_Material_SkillLvUp_ClassMage_01","30","Item_Material_SkillLvUp_Common","20","","","30000"
"SkillLvUp_Sub_Mage_Kainan_05","SkillLvUp_Sub_Mage_Kainan","5","Item_Material_SkillLvUp_ClassMage_02","20","Item_Material_SkillLvUp_Common","30","","","","","100000"
"SkillLvUp_Sub_Mage_Kainan_06","SkillLvUp_Sub_Mage_Kainan","6","Item_Material_SkillLvUp_ClassMage_03","10","Item_Material_SkillLvUp_ClassMage_02","30","Item_Material_SkillLvUp_Common","40","","","300000"
"SkillLvUp_Sub_Mage_Kainan_07","SkillLvUp_Sub_Mage_Kainan","7","Item_Material_SkillLvUp_ClassMage_03","20","Item_Material_SkillLvUp_Common","50","","","","","500000"
"SkillLvUp_Sub_Mage_Kainan_08","SkillLvUp_Sub_Mage_Kainan","8","Item_Material_SkillLvUp_ClassMage_04","10","Item_Material_SkillLvUp_ClassMage_03","30","Item_Material_SkillLvUp_Common","60","","","1000000"
"SkillLvUp_Sub_Mage_Kainan_09","SkillLvUp_Sub_Mage_Kainan","9","Item_Material_SkillLvUp_ClassMage_04","20","Item_Material_SkillLvUp_Common","80","","","","","2000000"
"SkillLvUp_Sub_Mage_Kainan_10","SkillLvUp_Sub_Mage_Kainan","10","Item_Material_SkillLvUp_ClassMage_04","30","Item_Material_SkillLvUp_Kainan_Emblem","1","","","","","3500000"
"SkillLvUp_Sub_Mage_Maru_01","SkillLvUp_Sub_Mage_Maru","1","Item_Material_SkillLvUp_ClassMage_01","0","","","","","","","0"
"SkillLvUp_Sub_Mage_Maru_02","SkillLvUp_Sub_Mage_Maru","2","Item_Material_SkillLvUp_ClassMage_01","10","","","","","","","3000"
"SkillLvUp_Sub_Mage_Maru_03","SkillLvUp_Sub_Mage_Maru","3","Item_Material_SkillLvUp_ClassMage_01","20","Item_Material_SkillLvUp_Common","10","","","","","8000"
"SkillLvUp_Sub_Mage_Maru_04","SkillLvUp_Sub_Mage_Maru","4","Item_Material_SkillLvUp_ClassMage_02","10","Item_Material_SkillLvUp_ClassMage_01","30","Item_Material_SkillLvUp_Common","20","","","30000"
"SkillLvUp_Sub_Mage_Maru_05","SkillLvUp_Sub_Mage_Maru","5","Item_Material_SkillLvUp_ClassMage_02","20","Item_Material_SkillLvUp_Common","30","","","","","100000"
"SkillLvUp_Sub_Mage_Maru_06","SkillLvUp_Sub_Mage_Maru","6","Item_Material_SkillLvUp_ClassMage_03","10","Item_Material_SkillLvUp_ClassMage_02","30","Item_Material_SkillLvUp_Common","40","","","300000"
"SkillLvUp_Sub_Mage_Maru_07","SkillLvUp_Sub_Mage_Maru","7","Item_Material_SkillLvUp_ClassMage_03","20","Item_Material_SkillLvUp_Common","50","","","","","500000"
"SkillLvUp_Sub_Mage_Maru_08","SkillLvUp_Sub_Mage_Maru","8","Item_Material_SkillLvUp_ClassMage_04","10","Item_Material_SkillLvUp_ClassMage_03","30","Item_Material_SkillLvUp_Common","60","","","1000000"
"SkillLvUp_Sub_Mage_Maru_09","SkillLvUp_Sub_Mage_Maru","9","Item_Material_SkillLvUp_ClassMage_04","20","Item_Material_SkillLvUp_Common","80","","","","","2000000"
"SkillLvUp_Sub_Mage_Maru_10","SkillLvUp_Sub_Mage_Maru","10","Item_Material_SkillLvUp_ClassMage_04","30","Item_Material_SkillLvUp_Maru_Emblem","1","","","","","3500000"
"SkillLvUp_Sub_Cleric_Cellarn_01","SkillLvUp_Sub_Cleric_Cellarn","1","Item_Material_SkillLvUp_ClassCleric_01","0","","","","","","","0"
"SkillLvUp_Sub_Cleric_Cellarn_02","SkillLvUp_Sub_Cleric_Cellarn","2","Item_Material_SkillLvUp_ClassCleric_01","10","","","","","","","3000"
"SkillLvUp_Sub_Cleric_Cellarn_03","SkillLvUp_Sub_Cleric_Cellarn","3","Item_Material_SkillLvUp_ClassCleric_01","20","Item_Material_SkillLvUp_Common","10","","","","","8000"
"SkillLvUp_Sub_Cleric_Cellarn_04","SkillLvUp_Sub_Cleric_Cellarn","4","Item_Material_SkillLvUp_ClassCleric_02","10","Item_Material_SkillLvUp_ClassCleric_01","30","Item_Material_SkillLvUp_Common","20","","","30000"
"SkillLvUp_Sub_Cleric_Cellarn_05","SkillLvUp_Sub_Cleric_Cellarn","5","Item_Material_SkillLvUp_ClassCleric_02","20","Item_Material_SkillLvUp_Common","30","","","","","100000"
"SkillLvUp_Sub_Cleric_Cellarn_06","SkillLvUp_Sub_Cleric_Cellarn","6","Item_Material_SkillLvUp_ClassCleric_03","10","Item_Material_SkillLvUp_ClassCleric_02","30","Item_Material_SkillLvUp_Common","40","","","300000"
"SkillLvUp_Sub_Cleric_Cellarn_07","SkillLvUp_Sub_Cleric_Cellarn","7","Item_Material_SkillLvUp_ClassCleric_03","20","Item_Material_SkillLvUp_Common","50","","","","","500000"
"SkillLvUp_Sub_Cleric_Cellarn_08","SkillLvUp_Sub_Cleric_Cellarn","8","Item_Material_SkillLvUp_ClassCleric_04","10","Item_Material_SkillLvUp_ClassCleric_03","30","Item_Material_SkillLvUp_Common","60","","","1000000"
"SkillLvUp_Sub_Cleric_Cellarn_09","SkillLvUp_Sub_Cleric_Cellarn","9","Item_Material_SkillLvUp_ClassCleric_04","20","Item_Material_SkillLvUp_Common","80","","","","","2000000"
"SkillLvUp_Sub_Cleric_Cellarn_10","SkillLvUp_Sub_Cleric_Cellarn","10","Item_Material_SkillLvUp_ClassCleric_04","30","Item_Material_SkillLvUp_Cellarn_Emblem","1","","","","","3500000"
"SkillLvUp_Sub_Cleric_Elvinzia_01","SkillLvUp_Sub_Cleric_Elvinzia","1","Item_Material_SkillLvUp_ClassCleric_01","0","","","","","","","0"
"SkillLvUp_Sub_Cleric_Elvinzia_02","SkillLvUp_Sub_Cleric_Elvinzia","2","Item_Material_SkillLvUp_ClassCleric_01","10","","","","","","","3000"
"SkillLvUp_Sub_Cleric_Elvinzia_03","SkillLvUp_Sub_Cleric_Elvinzia","3","Item_Material_SkillLvUp_ClassCleric_01","20","Item_Material_SkillLvUp_Common","10","","","","","8000"
"SkillLvUp_Sub_Cleric_Elvinzia_04","SkillLvUp_Sub_Cleric_Elvinzia","4","Item_Material_SkillLvUp_ClassCleric_02","10","Item_Material_SkillLvUp_ClassCleric_01","30","Item_Material_SkillLvUp_Common","20","","","30000"
"SkillLvUp_Sub_Cleric_Elvinzia_05","SkillLvUp_Sub_Cleric_Elvinzia","5","Item_Material_SkillLvUp_ClassCleric_02","20","Item_Material_SkillLvUp_Common","30","","","","","100000"
"SkillLvUp_Sub_Cleric_Elvinzia_06","SkillLvUp_Sub_Cleric_Elvinzia","6","Item_Material_SkillLvUp_ClassCleric_03","10","Item_Material_SkillLvUp_ClassCleric_02","30","Item_Material_SkillLvUp_Common","40","","","300000"
"SkillLvUp_Sub_Cleric_Elvinzia_07","SkillLvUp_Sub_Cleric_Elvinzia","7","Item_Material_SkillLvUp_ClassCleric_03","20","Item_Material_SkillLvUp_Common","50","","","","","500000"
"SkillLvUp_Sub_Cleric_Elvinzia_08","SkillLvUp_Sub_Cleric_Elvinzia","8","Item_Material_SkillLvUp_ClassCleric_04","10","Item_Material_SkillLvUp_ClassCleric_03","30","Item_Material_SkillLvUp_Common","60","","","1000000"
"SkillLvUp_Sub_Cleric_Elvinzia_09","SkillLvUp_Sub_Cleric_Elvinzia","9","Item_Material_SkillLvUp_ClassCleric_04","20","Item_Material_SkillLvUp_Common","80","","","","","2000000"
"SkillLvUp_Sub_Cleric_Elvinzia_10","SkillLvUp_Sub_Cleric_Elvinzia","10","Item_Material_SkillLvUp_ClassCleric_04","30","Item_Material_SkillLvUp_Elvinzia_Emblem","1","","","","","3500000"
"SkillLvUp_Sub_Cleric_Paulhill_01","SkillLvUp_Sub_Cleric_Paulhill","1","Item_Material_SkillLvUp_ClassCleric_01","0","","","","","","","0"
"SkillLvUp_Sub_Cleric_Paulhill_02","SkillLvUp_Sub_Cleric_Paulhill","2","Item_Material_SkillLvUp_ClassCleric_01","10","","","","","","","3000"
"SkillLvUp_Sub_Cleric_Paulhill_03","SkillLvUp_Sub_Cleric_Paulhill","3","Item_Material_SkillLvUp_ClassCleric_01","20","Item_Material_SkillLvUp_Common","10","","","","","8000"
"SkillLvUp_Sub_Cleric_Paulhill_04","SkillLvUp_Sub_Cleric_Paulhill","4","Item_Material_SkillLvUp_ClassCleric_02","10","Item_Material_SkillLvUp_ClassCleric_01","30","Item_Material_SkillLvUp_Common","20","","","30000"
"SkillLvUp_Sub_Cleric_Paulhill_05","SkillLvUp_Sub_Cleric_Paulhill","5","Item_Material_SkillLvUp_ClassCleric_02","20","Item_Material_SkillLvUp_Common","30","","","","","100000"
"SkillLvUp_Sub_Cleric_Paulhill_06","SkillLvUp_Sub_Cleric_Paulhill","6","Item_Material_SkillLvUp_ClassCleric_03","10","Item_Material_SkillLvUp_ClassCleric_02","30","Item_Material_SkillLvUp_Common","40","","","300000"
"SkillLvUp_Sub_Cleric_Paulhill_07","SkillLvUp_Sub_Cleric_Paulhill","7","Item_Material_SkillLvUp_ClassCleric_03","20","Item_Material_SkillLvUp_Common","50","","","","","500000"
"SkillLvUp_Sub_Cleric_Paulhill_08","SkillLvUp_Sub_Cleric_Paulhill","8","Item_Material_SkillLvUp_ClassCleric_04","10","Item_Material_SkillLvUp_ClassCleric_03","30","Item_Material_SkillLvUp_Common","60","","","1000000"
"SkillLvUp_Sub_Cleric_Paulhill_09","SkillLvUp_Sub_Cleric_Paulhill","9","Item_Material_SkillLvUp_ClassCleric_04","20","Item_Material_SkillLvUp_Common","80","","","","","2000000"
"SkillLvUp_Sub_Cleric_Paulhill_10","SkillLvUp_Sub_Cleric_Paulhill","10","Item_Material_SkillLvUp_ClassCleric_04","30","Item_Material_SkillLvUp_Paulhill_Emblem","1","","","","","3500000"
"SkillLvUp_Sub_Cleric_Cyberia_01","SkillLvUp_Sub_Cleric_Cyberia","1","Item_Material_SkillLvUp_ClassCleric_01","0","","","","","","","0"
"SkillLvUp_Sub_Cleric_Cyberia_02","SkillLvUp_Sub_Cleric_Cyberia","2","Item_Material_SkillLvUp_ClassCleric_01","10","","","","","","","3000"
"SkillLvUp_Sub_Cleric_Cyberia_03","SkillLvUp_Sub_Cleric_Cyberia","3","Item_Material_SkillLvUp_ClassCleric_01","20","Item_Material_SkillLvUp_Common","10","","","","","8000"
"SkillLvUp_Sub_Cleric_Cyberia_04","SkillLvUp_Sub_Cleric_Cyberia","4","Item_Material_SkillLvUp_ClassCleric_02","10","Item_Material_SkillLvUp_ClassCleric_01","30","Item_Material_SkillLvUp_Common","20","","","30000"
"SkillLvUp_Sub_Cleric_Cyberia_05","SkillLvUp_Sub_Cleric_Cyberia","5","Item_Material_SkillLvUp_ClassCleric_02","20","Item_Material_SkillLvUp_Common","30","","","","","100000"
"SkillLvUp_Sub_Cleric_Cyberia_06","SkillLvUp_Sub_Cleric_Cyberia","6","Item_Material_SkillLvUp_ClassCleric_03","10","Item_Material_SkillLvUp_ClassCleric_02","30","Item_Material_SkillLvUp_Common","40","","","300000"
"SkillLvUp_Sub_Cleric_Cyberia_07","SkillLvUp_Sub_Cleric_Cyberia","7","Item_Material_SkillLvUp_ClassCleric_03","20","Item_Material_SkillLvUp_Common","50","","","","","500000"
"SkillLvUp_Sub_Cleric_Cyberia_08","SkillLvUp_Sub_Cleric_Cyberia","8","Item_Material_SkillLvUp_ClassCleric_04","10","Item_Material_SkillLvUp_ClassCleric_03","30","Item_Material_SkillLvUp_Common","60","","","1000000"
"SkillLvUp_Sub_Cleric_Cyberia_09","SkillLvUp_Sub_Cleric_Cyberia","9","Item_Material_SkillLvUp_ClassCleric_04","20","Item_Material_SkillLvUp_Common","80","","","","","2000000"
"SkillLvUp_Sub_Cleric_Cyberia_10","SkillLvUp_Sub_Cleric_Cyberia","10","Item_Material_SkillLvUp_ClassCleric_04","30","Item_Material_SkillLvUp_Cyberia_Emblem","1","","","","","3500000"
"SkillLvUp_Sub_Cleric_DelMar_01","SkillLvUp_Sub_Cleric_DelMar","1","Item_Material_SkillLvUp_ClassCleric_01","0","","","","","","","0"
"SkillLvUp_Sub_Cleric_DelMar_02","SkillLvUp_Sub_Cleric_DelMar","2","Item_Material_SkillLvUp_ClassCleric_01","10","","","","","","","3000"
"SkillLvUp_Sub_Cleric_DelMar_03","SkillLvUp_Sub_Cleric_DelMar","3","Item_Material_SkillLvUp_ClassCleric_01","20","Item_Material_SkillLvUp_Common","10","","","","","8000"
"SkillLvUp_Sub_Cleric_DelMar_04","SkillLvUp_Sub_Cleric_DelMar","4","Item_Material_SkillLvUp_ClassCleric_02","10","Item_Material_SkillLvUp_ClassCleric_01","30","Item_Material_SkillLvUp_Common","20","","","30000"
"SkillLvUp_Sub_Cleric_DelMar_05","SkillLvUp_Sub_Cleric_DelMar","5","Item_Material_SkillLvUp_ClassCleric_02","20","Item_Material_SkillLvUp_Common","30","","","","","100000"
"SkillLvUp_Sub_Cleric_DelMar_06","SkillLvUp_Sub_Cleric_DelMar","6","Item_Material_SkillLvUp_ClassCleric_03","10","Item_Material_SkillLvUp_ClassCleric_02","30","Item_Material_SkillLvUp_Common","40","","","300000"
"SkillLvUp_Sub_Cleric_DelMar_07","SkillLvUp_Sub_Cleric_DelMar","7","Item_Material_SkillLvUp_ClassCleric_03","20","Item_Material_SkillLvUp_Common","50","","","","","500000"
"SkillLvUp_Sub_Cleric_DelMar_08","SkillLvUp_Sub_Cleric_DelMar","8","Item_Material_SkillLvUp_ClassCleric_04","10","Item_Material_SkillLvUp_ClassCleric_03","30","Item_Material_SkillLvUp_Common","60","","","1000000"
"SkillLvUp_Sub_Cleric_DelMar_09","SkillLvUp_Sub_Cleric_DelMar","9","Item_Material_SkillLvUp_ClassCleric_04","20","Item_Material_SkillLvUp_Common","80","","","","","2000000"
"SkillLvUp_Sub_Cleric_DelMar_10","SkillLvUp_Sub_Cleric_DelMar","10","Item_Material_SkillLvUp_ClassCleric_04","30","Item_Material_SkillLvUp_DelMar_Emblem","1","","","","","3500000"
"SkillLvUp_Sub_Cleric_Kainan_01","SkillLvUp_Sub_Cleric_Kainan","1","Item_Material_SkillLvUp_ClassCleric_01","0","","","","","","","0"
"SkillLvUp_Sub_Cleric_Kainan_02","SkillLvUp_Sub_Cleric_Kainan","2","Item_Material_SkillLvUp_ClassCleric_01","10","","","","","","","3000"
"SkillLvUp_Sub_Cleric_Kainan_03","SkillLvUp_Sub_Cleric_Kainan","3","Item_Material_SkillLvUp_ClassCleric_01","20","Item_Material_SkillLvUp_Common","10","","","","","8000"
"SkillLvUp_Sub_Cleric_Kainan_04","SkillLvUp_Sub_Cleric_Kainan","4","Item_Material_SkillLvUp_ClassCleric_02","10","Item_Material_SkillLvUp_ClassCleric_01","30","Item_Material_SkillLvUp_Common","20","","","30000"
"SkillLvUp_Sub_Cleric_Kainan_05","SkillLvUp_Sub_Cleric_Kainan","5","Item_Material_SkillLvUp_ClassCleric_02","20","Item_Material_SkillLvUp_Common","30","","","","","100000"
"SkillLvUp_Sub_Cleric_Kainan_06","SkillLvUp_Sub_Cleric_Kainan","6","Item_Material_SkillLvUp_ClassCleric_03","10","Item_Material_SkillLvUp_ClassCleric_02","30","Item_Material_SkillLvUp_Common","40","","","300000"
"SkillLvUp_Sub_Cleric_Kainan_07","SkillLvUp_Sub_Cleric_Kainan","7","Item_Material_SkillLvUp_ClassCleric_03","20","Item_Material_SkillLvUp_Common","50","","","","","500000"
"SkillLvUp_Sub_Cleric_Kainan_08","SkillLvUp_Sub_Cleric_Kainan","8","Item_Material_SkillLvUp_ClassCleric_04","10","Item_Material_SkillLvUp_ClassCleric_03","30","Item_Material_SkillLvUp_Common","60","","","1000000"
"SkillLvUp_Sub_Cleric_Kainan_09","SkillLvUp_Sub_Cleric_Kainan","9","Item_Material_SkillLvUp_ClassCleric_04","20","Item_Material_SkillLvUp_Common","80","","","","","2000000"
"SkillLvUp_Sub_Cleric_Kainan_10","SkillLvUp_Sub_Cleric_Kainan","10","Item_Material_SkillLvUp_ClassCleric_04","30","Item_Material_SkillLvUp_Kainan_Emblem","1","","","","","3500000"
"SkillLvUp_Sub_Cleric_Maru_01","SkillLvUp_Sub_Cleric_Maru","1","Item_Material_SkillLvUp_ClassCleric_01","0","","","","","","","0"
"SkillLvUp_Sub_Cleric_Maru_02","SkillLvUp_Sub_Cleric_Maru","2","Item_Material_SkillLvUp_ClassCleric_01","10","","","","","","","3000"
"SkillLvUp_Sub_Cleric_Maru_03","SkillLvUp_Sub_Cleric_Maru","3","Item_Material_SkillLvUp_ClassCleric_01","20","Item_Material_SkillLvUp_Common","10","","","","","8000"
"SkillLvUp_Sub_Cleric_Maru_04","SkillLvUp_Sub_Cleric_Maru","4","Item_Material_SkillLvUp_ClassCleric_02","10","Item_Material_SkillLvUp_ClassCleric_01","30","Item_Material_SkillLvUp_Common","20","","","30000"
"SkillLvUp_Sub_Cleric_Maru_05","SkillLvUp_Sub_Cleric_Maru","5","Item_Material_SkillLvUp_ClassCleric_02","20","Item_Material_SkillLvUp_Common","30","","","","","100000"
"SkillLvUp_Sub_Cleric_Maru_06","SkillLvUp_Sub_Cleric_Maru","6","Item_Material_SkillLvUp_ClassCleric_03","10","Item_Material_SkillLvUp_ClassCleric_02","30","Item_Material_SkillLvUp_Common","40","","","300000"
"SkillLvUp_Sub_Cleric_Maru_07","SkillLvUp_Sub_Cleric_Maru","7","Item_Material_SkillLvUp_ClassCleric_03","20","Item_Material_SkillLvUp_Common","50","","","","","500000"
"SkillLvUp_Sub_Cleric_Maru_08","SkillLvUp_Sub_Cleric_Maru","8","Item_Material_SkillLvUp_ClassCleric_04","10","Item_Material_SkillLvUp_ClassCleric_03","30","Item_Material_SkillLvUp_Common","60","","","1000000"
"SkillLvUp_Sub_Cleric_Maru_09","SkillLvUp_Sub_Cleric_Maru","9","Item_Material_SkillLvUp_ClassCleric_04","20","Item_Material_SkillLvUp_Common","80","","","","","2000000"
"SkillLvUp_Sub_Cleric_Maru_10","SkillLvUp_Sub_Cleric_Maru","10","Item_Material_SkillLvUp_ClassCleric_04","30","Item_Material_SkillLvUp_Maru_Emblem","1","","","","","3500000"
