"Char_001_S01_B","Char_001","","Str_Char_001_S01_B_Name","Str_Char_001_S01_B_Desc","Hero","M","Blue","1","Cleric","Back","Wea_Book","Armor_Coat","Acc_HeadDress","Skill_C_001_01_B","CharRotation","GradeUp_Char_001","SkillLvUp_Main_Blue_Cellarn","SkillLvUp_Sub_Cleric_Cellarn","5000","1","1.9","0.5","1.4","0.7","1","82","5464","75","Magical","0","0","31","2","208","16","31","2","3328","320","480","0","4800","0","0","0","0","0","0","0","","","","Item_Material_HeroGradeUp_Char_001_S01_B","Ind_C_001_S01_B","C001_S01B","Temp_Battle_Se_Effect_011","1","","","BattleEndCameraPreset1"
"Char_002_S01_R","Char_002","","Str_Char_002_S01_R_Name","Str_Char_002_S01_R_Desc","Hero","M","Red","1","Fighter","Front","Wea_Sword","Armor_Coat","Acc_HeadDress","Skill_C_002_01_R","CharRotation","GradeUp_Char_002","SkillLvUp_Main_Red_Cellarn","SkillLvUp_Sub_Fighter_Cellarn","5000","1","1.9","0.5","1.4","0.6","1","126","7534","100","Physical","235","20","219","11","0","0","227","11","3744","360","485","0","4950","0","0","0","0","0","0","0","","","","Item_Material_HeroGradeUp_Char_002_S01_R","Ind_C_002_S01_R","C002_S01R","Temp_Battle_Se_Effect_011","1","","","BattleEndCameraPreset1"
"Char_003_S01_B","Char_003","","Str_Char_003_S01_B_Name","Str_Char_003_S01_B_Desc","Hero","M","Blue","1","Shooter","Back","Wea_Sword","Armor_Belt","Acc_Necklace","Skill_C_003_01_B","CharRotation","GradeUp_Char_003","SkillLvUp_Main_Blue_Cellarn","SkillLvUp_Sub_Shooter_Cellarn","5000","1","1.9","0.5","1.4","0.8","1","101","4087","100","Physical","306","24","30","2","0","0","20","1","3000","300","500","0","5000","0","0","0","0","0","0","0","","","","Item_Material_HeroGradeUp_Char_003_S01_B","Ind_C_003_S01_B","C003_S01B","Temp_Battle_Se_Effect_011","1","","","BattleEndCameraPreset1"
"Char_005_S01_D","Char_005","","Str_Char_005_S01_D_Name","Str_Char_005_S01_D_Desc","Hero","M","Blue","2","Guardian","Front","Wea_Sword","Armor_Coat","Acc_HeadDress","Skill_C_005_01_D","CharRotation","GradeUp_Char_005","SkillLvUp_Main_Blue_DelMar","SkillLvUp_Sub_Guardian_DelMar","5000","1","1.9","0.5","1.4","0.7","1","85","10008","75","Physical","149","12","388","20","0","0","144","8","4160","400","480","0","4800","0","0","0","0","0","0","0","","","","Item_Material_HeroGradeUp_Char_005_S01_D","Ind_C_005_S01_D","C005_S01D","Temp_Battle_Se_Effect_011","1","","","BattleEndCameraPreset1"
"Char_006_S01_G","Char_006","","Str_Char_006_S01_G_Name","Str_Char_006_S01_G_Desc","Hero","M","Green","1","Knight","Front","Wea_Mace","Armor_Jacket","Acc_HeadDress","Skill_C_006_01_G","CharRotation","GradeUp_Char_006","SkillLvUp_Main_Green_Cellarn","SkillLvUp_Sub_Knight_Cellarn","5000","1","1.9","0.5","1.4","0.7","1","87","9687","75","Magical","0","0","153","8","155","12","396","20","3860","400","520","0","5150","0","0","0","0","0","0","0","","","","Item_Material_HeroGradeUp_Char_006_S01_G","Ind_C_006_S01_G","C006_S01G","Temp_Battle_Se_Effect_011","1","","","BattleEndCameraPreset1"
"Char_007_S01_D","Char_007","","Str_Char_007_S01_D_Name","Str_Char_007_S01_D_Desc","Hero","M","Red","3","Knight","Front","Wea_Mace","Armor_Jacket","Acc_HeadDress","Skill_C_007_01_D","CharRotation","GradeUp_Char_007","SkillLvUp_Main_Red_DelMar","SkillLvUp_Sub_Knight_DelMar","5000","1","1.9","0.5","1.4","0.4","1","81","10432","75","Magical","0","0","146","8","149","12","384","20","4160","400","480","0","4800","0","0","0","0","0","0","0","","","","Item_Material_HeroGradeUp_Char_007_S01_D","Ind_C_007_S01_D","C007_S01D","Temp_Battle_Se_Effect_011","1","summon_result_bg_011","Emotion_003","BattleEndCameraPreset1"
"Char_008_S01_B","Char_008","","Str_Char_008_S01_B_Name","Str_Char_008_S01_B_Desc","Hero","M","Blue","2","Shooter","Back","Wea_Ranged","Armor_Belt","Acc_Necklace","Skill_C_008_01_B","CharRotation","GradeUp_Char_008","SkillLvUp_Main_Blue_Paulhill","SkillLvUp_Sub_Shooter_Paulhill","5000","1","1.9","0.5","1.4","0.9","1","101","4073","100","Physical","303","24","30","2","0","0","20","1","2970","300","505","0","5050","0","0","0","0","0","0","0","","","","Item_Material_HeroGradeUp_Char_008_S01_B","Ind_C_008_S01_B","C008_S01B","Temp_Battle_Se_Effect_011","1","","","BattleEndCameraPreset1"
"Char_009_S01_G","Char_009","","Str_Char_009_S01_G_Name","Str_Char_009_S01_G_Desc","Hero","M","Green","2","Shooter","Back","Wea_Ranged","Armor_Belt","Acc_Necklace","Skill_C_009_01_G","CharRotation","GradeUp_Char_009","SkillLvUp_Main_Green_Elvinzia","SkillLvUp_Sub_Shooter_Elvinzia","5000","1","1.9","0.5","1.4","1","1","101","4077","100","Physical","308","24","30","2","0","0","20","1","3075","300","513","0","5175","0","0","0","0","0","0","0","","","","Item_Material_HeroGradeUp_Char_009_S01_G","Ind_C_009_S01_G","C009_S01G","Temp_Battle_Se_Effect_011","1","","","BattleEndCameraPreset1"
"Char_010_S01_B","Char_010","","Str_Char_010_S01_B_Name","Str_Char_010_S01_B_Desc","Hero","M","Blue","3","Cleric","Back","Wea_Staff","Armor_Cape","Acc_HeadDress","Skill_C_010_01_B","CharRotation","GradeUp_Char_010","SkillLvUp_Main_Blue_Cyberia","SkillLvUp_Sub_Cleric_Cyberia","5000","1","1.9","0.5","1.4","0.2","1","76","5854","75","Magical","0","0","29","2","205","16","29","2","3264","320","495","0","4800","0","0","0","0","0","0","0","","","","Item_Material_HeroGradeUp_Char_010_S01_B","Ind_C_010_S01_B","C010_S01B","Temp_Battle_Se_Effect_011","1","summon_result_bg_002","Emotion_001","BattleEndCameraPreset1"
"Char_011_S01_R","Char_011","","Str_Char_011_S01_R_Name","Str_Char_011_S01_R_Desc","Hero","M","Red","3","Fighter","Front","Wea_Sword","Armor_Belt","Acc_Necklace","Skill_C_011_01_R","CharRotation","GradeUp_Char_011","SkillLvUp_Main_Red_DelMar","SkillLvUp_Sub_Fighter_DelMar","5000","1","1.9","0.5","1.4","0.4","1","122","7782","100","Physical","253","20","182","9","0","0","179","9","3582","360","505","0","4850","0","0","0","0","0","0","0","","","","Item_Material_HeroGradeUp_Char_011_S01_R","Ind_C_011_S01_R","C011_S01R","Temp_Battle_Se_Effect_011","1","summon_result_bg_010","Emotion_008","BattleEndCameraPreset1"
"Char_014_S01_D","Char_014","","Str_Char_014_S01_D_Name","Str_Char_014_S01_D_Desc","Hero","M","Red","3","Mage","Back","Wea_Staff","Armor_Cape","Acc_Ring","Skill_C_014_01_D","CharRotation","GradeUp_Char_014","SkillLvUp_Main_Red_Cellarn","SkillLvUp_Sub_Mage_Cellarn","5000","1","1.9","0.5","1.4","0.5","1","103","4009","100","Magical","0","0","20","1","306","24","30","2","3090","300","520","0","5050","0","0","0","0","0","0","0","","","","Item_Material_HeroGradeUp_Char_014_S01_D","Ind_C_014_S01_D","C014_S01D","Temp_Battle_Se_Effect_011","1","summon_result_bg_012","Emotion_001","BattleEndCameraPreset1"
"Char_015_S01_B","Char_015","","Str_Char_015_S01_B_Name","Str_Char_015_S01_B_Desc","Hero","M","Red","2","Guardian","Front","Wea_Mace","Armor_ProtectGear","Acc_Helmet","Skill_C_015_01_B","CharRotation","GradeUp_Char_015","SkillLvUp_Main_Red_Elvinzia","SkillLvUp_Sub_Guardian_Elvinzia","5000","1","1.9","0.5","1.4","0.6","1","83","10171","75","Physical","149","12","388","20","0","0","144","8","4160","400","480","0","4800","0","0","0","0","0","0","0","","","","Item_Material_HeroGradeUp_Char_015_S01_B","Ind_C_015_S01_B","C015_S01B","Temp_Battle_Se_Effect_011","1","","","BattleEndCameraPreset1"
"Char_016_S01_B","Char_016","","Str_Char_016_S01_B_Name","Str_Char_016_S01_B_Desc","Hero","M","Blue","1","Fighter","Front","Wea_Sword","Armor_Belt","Acc_Ring","Skill_C_016_01_B","CharRotation","GradeUp_Char_016","SkillLvUp_Main_Blue_DelMar","SkillLvUp_Sub_Fighter_DelMar","5000","1","1.9","0.5","1.4","0.9","1","126","7554","100","Physical","240","20","191","10","0","0","192","10","3564","360","500","0","5100","0","0","0","0","0","0","0","","","","Item_Material_HeroGradeUp_Char_016_S01_B","Ind_C_016_S01_B","C016_S01B","Temp_Battle_Se_Effect_011","1","","","BattleEndCameraPreset1"
"Char_017_S01_G","Char_017","","Str_Char_017_S01_G_Name","Str_Char_017_S01_G_Desc","Hero","M","Green","1","Guardian","Front","Wea_Mace","Armor_Coat","Acc_Helmet","Skill_C_017_01_G","CharRotation","GradeUp_Char_017","SkillLvUp_Main_Green_DelMar","SkillLvUp_Sub_Guardian_DelMar","5000","1","1.9","0.5","1.4","0.6","1","82","10357","75","Physical","0","0","30","2","202","16","30","2","3184","320","505","0","4850","0","0","0","0","0","0","0","","","","Item_Material_HeroGradeUp_Char_017_S01_G","Ind_C_017_S01_G","C017_S01G","Temp_Battle_Se_Effect_011","1","","","BattleEndCameraPreset1"
"Char_019_S01_D","Char_019","","Str_Char_019_S01_D_Name","Str_Char_019_S01_D_Desc","Hero","M","Blue","3","Guardian","Front","Wea_Sword","Armor_ProtectGear","Acc_Helmet","Skill_C_019_01_D","CharRotation","GradeUp_Char_019","SkillLvUp_Main_Blue_DelMar","SkillLvUp_Sub_Guardian_DelMar","5000","1","1.9","0.5","1.4","0.6","1","83","10239","75","Magical","0","0","19","1","297","24","29","2","3120","300","480","0","4800","0","0","0","0","0","0","0","","","","Item_Material_HeroGradeUp_Char_019_S01_D","Ind_C_019_S01_D","C019_S01D","Temp_Battle_Se_Effect_011","1","","","BattleEndCameraPreset1"
"Char_034_S01_B","Char_034","","Str_Char_034_S01_B_Name","Str_Char_034_S01_B_Desc","Hero","M","Red","2","Cleric","Back","Wea_Staff","Armor_Coat","Acc_HeadDress","Skill_C_034_01_B","CharRotation","GradeUp_Char_034","SkillLvUp_Main_Red_Cellarn","SkillLvUp_Sub_Cleric_Cellarn","5000","1","1.9","0.5","1.4","0.8","1","82","5455","75","Magical","0","0","30","2","200","16","30","2","3072","320","505","0","5100","0","0","0","0","0","0","0","","","","Item_Material_HeroGradeUp_Char_034_S01_B","Ind_C_034_S01_B","C034_S01B","Temp_Battle_Se_Effect_011","1","","","BattleEndCameraPreset1"
"Char_035_S01_B","Char_035","","Str_Char_035_S01_B_Name","Str_Char_035_S01_B_Desc","Hero","M","Blue","3","Knight","Front","Wea_Sword","Armor_ProtectGear","Acc_Helmet","Skill_C_035_01_B","CharRotation","GradeUp_Char_035","SkillLvUp_Main_Green_Elvinzia","SkillLvUp_Sub_Knight_Elvinzia","5000","1","1.9","0.5","1.4","0.6","1","83","10180","75","Magical","0","0","19","1","297","24","29","2","3120","300","480","0","4800","0","0","0","0","0","0","0","","","","Item_Material_HeroGradeUp_Char_035_S01_B","Ind_C_037_S01_L","C035_S01B","Temp_Battle_Se_Effect_011","1","","","BattleEndCameraPreset1"
"Char_037_S01_L","Char_037","","Str_Char_037_S01_L_Name","Str_Char_037_S01_L_Desc","Hero","M","Blue","2","Fighter","Front","Wea_Sword","Armor_Jacket","Acc_Bracelet","Skill_C_037_01_L","CharRotation","GradeUp_Char_037","SkillLvUp_Main_Blue_Paulhill","SkillLvUp_Sub_Fighter_Paulhill","5000","1","1.5","0.5","1.4","0.9","1","130","7344","100","Physical","285","22","171","8","0","0","166","8","3492","360","505","0","4950","0","0","0","0","0","0","0","","","","Item_Material_HeroGradeUp_Char_037_S01_L","Ind_C_033_S01_G","C037_S01L","Temp_Battle_Se_Effect_011","1","","","BattleEndCameraPreset1"
"Char_038_S01_L","Char_038","","Str_Char_038_S01_L_Name","Str_Char_038_S01_L_Desc","Hero","M","Red","3","Mage","Back","Wea_Staff","Armor_Cape","Acc_Ring","Skill_C_038_01_L","CharRotation","GradeUp_Char_038","SkillLvUp_Main_Red_DelMar","SkillLvUp_Sub_Mage_DelMar","5000","1","1.9","0.5","1.4","0.7","1","105","3951","100","Magical","0","0","21","1","309","24","31","2","3090","300","515","0","5150","0","0","0","0","0","0","0","","","","Item_Material_HeroGradeUp_Char_038_S01_L","Ind_C_038_S01_G","C038_S01L","Temp_Battle_Se_Effect_011","1","summon_result_bg_004","Emotion_001","BattleEndCameraPreset1"
"Char_039_S01_G","Char_039","","Str_Char_039_S01_G_Name","Str_Char_039_S01_G_Desc","Hero","M","Green","3","Mage","Back","Wea_Staff","Armor_Jacket","Acc_Ring","Skill_C_039_01_G","CharRotation","GradeUp_Char_039","SkillLvUp_Main_Green_Cyberia","SkillLvUp_Sub_Mage_Cyberia","5000","1","1.9","0.5","1.4","0.6","1","109","3804","100","Magical","0","0","19","1","297","24","29","2","3120","300","480","0","4800","0","0","0","0","0","0","0","","","","Item_Material_HeroGradeUp_Char_039_S01_G","Ind_C_001_S01_G","C039_S01G","Temp_Battle_Se_Effect_011","1","summon_result_bg_015","Emotion_001","BattleEndCameraPreset1"
"Char_040_S01_R","Char_040","","Str_Char_040_S01_R_Name","Str_Char_040_S01_R_Desc","Hero","M","Red","2","Shooter","Back","Wea_Ranged","Armor_Cape","Acc_Helmet","Skill_C_040_01_R","CharRotation","GradeUp_Char_040","SkillLvUp_Main_Red_Cyberia","SkillLvUp_Sub_Shooter_Cyberia","5000","1","1.9","0.5","1.4","0.6","1","109","3778","100","Physical","288","24","31","2","0","0","21","1","3120","300","480","0","4800","0","0","0","0","0","0","0","","","","Item_Material_HeroGradeUp_Char_040_S01_R","Ind_C_040_S01_R","C040_S01R","Temp_Battle_Se_Effect_011","1","","","BattleEndCameraPreset1"
"Char_041_S01_R","Char_041","","Str_Char_041_S01_R_Name","Str_Char_041_S01_R_Desc","Hero","M","Red","2","Sorcerer","Middle","Wea_Staff","Armor_Jacket","Acc_Necklace","Skill_C_041_01_R","CharRotation","GradeUp_Char_041","SkillLvUp_Main_Red_DelMar","SkillLvUp_Sub_Sorcerer_DelMar","5000","1","1.9","0.5","1.4","0.7","1","124","3842","100","Magical","0","0","51","3","258","20","119","6","3088","320","520","0","5150","0","0","0","0","0","0","0","","","","Item_Material_HeroGradeUp_Char_041_S01_R","Ind_C_041_S01_R","C041_S01R","Temp_Battle_Se_Effect_011","1","","","BattleEndCameraPreset1"
"Char_044_S01_D","Char_044","","Str_Char_044_S01_D_Name","Str_Char_044_S01_D_Desc","Hero","M","Blue","3","Mage","Back","Wea_Book","Armor_Cape","Acc_Ring","Skill_C_044_01_D","CharRotation","GradeUp_Char_044","SkillLvUp_Main_Blue_Cellarn","SkillLvUp_Sub_Mage_Cellarn","5000","1","1.9","0.5","1.4","0.7","1","108","3838","100","Magical","0","0","20","1","288","24","30","2","3030","300","480","0","4800","0","0","0","0","0","0","0","","","","Item_Material_HeroGradeUp_Char_044_S01_D","Ind_C_044_S01_D","C044_S01D","Temp_Battle_Se_Effect_011","1","summon_result_bg_003","Emotion_001","BattleEndCameraPreset1"
"Char_051_S01_B","Char_051","","Str_Char_051_S01_B_Name","Str_Char_051_S01_B_Desc","Hero","M","Red","1","Knight","Front","Wea_Mace","Armor_ProtectGear","Acc_Helmet","Skill_C_051_01_B","CharRotation","GradeUp_Char_051","SkillLvUp_Main_Red_Elvinzia","SkillLvUp_Sub_Knight_Elvinzia","5000","1","1.9","0.5","1.4","0.9","1","83","10162","75","Magical","0","0","156","8","144","12","416","20","4160","400","485","0","4950","0","0","0","0","0","0","0","","","","Item_Material_HeroGradeUp_Char_051_S01_B","Ind_C_051_S01_B","C051_S01B","Temp_Battle_Se_Effect_011","1","","","BattleEndCameraPreset1"
"Char_062_S01_G","Char_062","","Str_Char_062_S01_G_Name","Str_Char_062_S01_G_Desc","Hero","M","Green","1","Sorcerer","Middle","Wea_Staff","Armor_Jacket","Acc_Ring","Skill_C_062_01_G","CharRotation","GradeUp_Char_062","SkillLvUp_Main_Green_Cellarn","SkillLvUp_Sub_Sorcerer_Cellarn","5000","1","1.5","0.5","1.4","0.9","1","126","3758","100","Magical","0","0","51","3","253","20","119","6","3184","320","505","0","4850","0","0","0","0","0","0","0","","","","Item_Material_HeroGradeUp_Char_062_S01_G","Ind_C_001_S01_G","C062_S01G","Temp_Battle_Se_Effect_011","1","","","BattleEndCameraPreset1"
"Char_064_S01_R","Char_064","","Str_Char_064_S01_R_Name","Str_Char_064_S01_R_Desc","Hero","M","Red","2","Knight","Front","Wea_Sword","Armor_Jacket","Acc_Helmet","Skill_C_064_01_R","CharRotation","GradeUp_Char_064","SkillLvUp_Main_Red_Cellarn","SkillLvUp_Sub_Knight_Cellarn","5000","1","1.5","0.5","1.4","0.6","1","81","10460","75","Magical","0","0","146","8","146","12","416","20","4140","400","505","0","5100","0","0","0","0","0","0","0","","","","Item_Material_HeroGradeUp_Char_064_S01_R","Ind_C_064_S01_R","C064_S01R","Temp_Battle_Se_Effect_011","1","","","BattleEndCameraPreset1"
"Char_064_S02_G","Char_064","","Str_Char_064_S02_G_Name","Str_Char_064_S02_G_Desc","Hero","M","Green","3","Ranger","Middle","Wea_Ranged","Armor_Belt","Acc_Bracelet","Skill_C_064_02_G","CharRotation","GradeUp_Char_064_02","SkillLvUp_Main_Green_Cellarn","SkillLvUp_Sub_Ranger_Cellarn","5000","1","1.5","0.5","1.4","0.6","1","126","3776","100","Physical","263","20","122","6","0","0","50","3","3088","320","520","0","5150","0","0","0","0","0","0","0","","","","Item_Material_HeroGradeUp_Char_064_S02_G","Ind_C_064_S02_G","C064_S02G","Temp_Battle_Se_Effect_011","1","summon_result_bg_017","Emotion_001","BattleEndCameraPreset1"
"Char_066_S01_B","Char_066","","Str_Char_066_S01_B_Name","Str_Char_066_S01_B_Desc","Hero","M","Blue","2","Mage","Back","Wea_Book","Armor_Cape","Acc_Necklace","Skill_C_066_01_B","CharRotation","GradeUp_Char_066","SkillLvUp_Main_Blue_Cellarn","SkillLvUp_Sub_Mage_Cellarn","5000","1","1.5","0.5","1.4","0.8","1","108","3823","100","Magical","0","0","20","1","309","24","31","2","3030","300","515","0","5200","0","0","0","0","0","0","0","","","","Item_Material_HeroGradeUp_Char_066_S01_B","Ind_C_001_S01_G","C066_S01B","Temp_Battle_Se_Effect_011","1","","","BattleEndCameraPreset1"
"Char_067_S01_B","Char_067","","Str_Char_067_S01_B_Name","Str_Char_067_S01_B_Desc","Hero","M","Blue","3","Sorcerer","Middle","Wea_Book","Armor_Jacket","Acc_Bracelet","Skill_C_067_01_B","CharRotation","GradeUp_Char_067","SkillLvUp_Main_Blue_Elvinzia","SkillLvUp_Sub_Sorcerer_Elvinzia","5000","1","1.9","0.5","1.4","0.9","1","125","3785","100","Magical","0","0","48","3","259","20","115","6","3296","320","515","0","5200","0","0","0","0","0","0","0","","","","Item_Material_HeroGradeUp_Char_067_S01_B","Ind_C_067_S01_B","C067_S01B","Temp_Battle_Se_Effect_011","1","summon_result_bg_003","Emotion_002","BattleEndCameraPreset1"
"Char_072_S01_R","Char_072","","Str_Char_072_S01_R_Name","Str_Char_072_S01_R_Desc","Hero","M","Red","3","Shooter","Back","Wea_Ranged","Armor_Cape","Acc_Ring","Skill_C_072_01_R","CharRotation","GradeUp_Char_072","SkillLvUp_Main_Red_Elvinzia","SkillLvUp_Sub_Shooter_Elvinzia","5000","1","1.9","0.5","1.4","0.3","1","101","4089","100","Physical","306","24","29","2","0","0","20","1","3060","300","510","0","5150","0","0","0","0","0","0","0","","","","Item_Material_HeroGradeUp_Char_072_S01_R","Ind_C_072_S01_R","C072_S01R","Temp_Battle_Se_Effect_011","1","summon_result_bg_002","Emotion_001","BattleEndCameraPreset1"
"Char_073_S01_G","Char_073","","Str_Char_073_S01_G_Name","Str_Char_073_S01_G_Desc","Hero","M","Green","1","Cleric","Back","Wea_Book","Armor_Coat","Acc_HeadDress","Skill_C_073_01_G","CharRotation","GradeUp_Char_073","SkillLvUp_Main_Green_Elvinzia","SkillLvUp_Sub_Cleric_Elvinzia","5000","1","1.9","0.5","1.4","1","1","77","5817","75","Magical","0","0","29","2","194","16","29","2","3328","320","480","0","4800","0","0","0","0","0","0","0","","","","Item_Material_HeroGradeUp_Char_073_S01_G","Ind_C_073_S01_G","C073_S01G","Temp_Battle_Se_Effect_011","1","","","BattleEndCameraPreset1"
"Char_074_S01_R","Char_074","","Str_Char_074_S01_R_Name","Str_Char_074_S01_R_Desc","Hero","M","Red","1","Cleric","Back","Wea_Book","Armor_Jacket","Acc_Necklace","Skill_C_074_01_R","CharRotation","GradeUp_Char_074","SkillLvUp_Main_Red_Paulhill","SkillLvUp_Sub_Cleric_Paulhill","5000","1","1.9","0.5","1.4","1","1","78","5727","75","Magical","0","0","30","2","202","16","30","2","3184","320","505","0","4850","0","0","0","0","0","0","0","","","","Item_Material_HeroGradeUp_Char_074_S01_R","Ind_C_001_S01_G","C074_S01R","Temp_Battle_Se_Effect_011","1","","","BattleEndCameraPreset1"
"Char_077_S01_G","Char_077","","Str_Char_077_S01_G_Name","Str_Char_077_S01_G_Desc","Hero","M","Green","2","Mage","Back","Wea_Staff","Armor_Jacket","Acc_Necklace","Skill_C_077_01_G","CharRotation","GradeUp_Char_077","SkillLvUp_Main_Green_Paulhill","SkillLvUp_Sub_Mage_Paulhill","5000","1","1.9","0.5","1.4","0.8","1","100","4111","100","Magical","0","0","20","1","311","24","31","2","2880","300","510","0","5100","0","0","0","0","0","0","0","","","","Item_Material_HeroGradeUp_Char_077_S01_G","Ind_C_077_S01_G","C077_S01G","Temp_Battle_Se_Effect_011","1","summon_result_bg_005","Emotion_003","BattleEndCameraPreset1"
"Char_078_S01_R","Char_078","","Str_Char_078_S01_R_Name","Str_Char_078_S01_R_Desc","Hero","M","Red","1","Cleric","Back","Wea_Book","Armor_ProtectGear","Acc_Helmet","Skill_C_078_01_R","CharRotation","GradeUp_Char_078","SkillLvUp_Main_Red_Paulhill","SkillLvUp_Sub_Cleric_Paulhill","5000","1","1.5","0.5","1.2","0.7","1","77","5764","75","Magical","0","0","30","2","203","16","30","2","3184","320","498","0","4950","0","0","0","0","0","0","0","","","","Item_Material_HeroGradeUp_Char_078_S01_R","Ind_C_078_S01_R","C078_S01R","Temp_Battle_Se_Effect_011","1","","","BattleEndCameraPreset1"
"Char_080_S01_G","Char_080","","Str_Char_080_S01_G_Name","Str_Char_080_S01_G_Desc","Hero","M","Blue","2","Ranger","Middle","Wea_Sword","Armor_Belt","Acc_Bracelet","Skill_C_080_01_G","CharRotation","GradeUp_Char_080","SkillLvUp_Main_Blue_Cellarn","SkillLvUp_Sub_Ranger_Cellarn","5000","1","1.9","0.5","1.4","0.7","1","115","4113","100","Physical","260","20","115","6","0","0","48","3","3072","320","520","0","5200","0","0","0","0","0","0","0","","","","Item_Material_HeroGradeUp_Char_080_S01_G","Ind_C_080_S01_G","C080_S01G","Temp_Battle_Se_Effect_011","1","","","BattleEndCameraPreset1"
"Char_083_S01_B","Char_083","","Str_Char_083_S01_B_Name","Str_Char_083_S01_B_Desc","Hero","M","Blue","3","Mage","Back","Wea_Staff","Armor_Cape","Acc_Ring","Skill_C_083_01_B","CharRotation","GradeUp_Char_083","SkillLvUp_Main_Blue_Cyberia","SkillLvUp_Sub_Mage_Cyberia","5000","1","1.5","0.5","1.4","0.7","1","106","3918","100","Magical","0","0","20","1","306","24","30","2","2880","300","510","0","5200","0","0","0","0","0","0","0","","","","Item_Material_HeroGradeUp_Char_083_S01_B","Ind_C_083_S01_B","C083_S01B","Temp_Battle_Se_Effect_011","1","summon_result_bg_006","Emotion_001","BattleEndCameraPreset1"
"Char_084_S01_G","Char_084","","Str_Char_084_S01_G_Name","Str_Char_084_S01_G_Desc","Hero","M","Green","3","Sorcerer","Middle","Wea_Staff","Armor_Jacket","Acc_Necklace","Skill_C_084_01_G","CharRotation","GradeUp_Char_084","SkillLvUp_Main_Green_Cellarn","SkillLvUp_Sub_Sorcerer_Cellarn","5000","1","1.9","0.5","1.4","0.7","1","122","3905","100","Magical","0","0","51","3","258","20","119","6","3328","320","515","0","5200","0","0","0","0","0","0","0","","","","Item_Material_HeroGradeUp_Char_084_S01_G","Ind_C_084_S01_G","C084_S01G","Temp_Battle_Se_Effect_011","1","summon_result_bg_013","Emotion_001","BattleEndCameraPreset1"
"Char_085_S01_B","Char_085","","Str_Char_085_S01_B_Name","Str_Char_085_S01_B_Desc","Hero","M","Blue","3","Ranger","Middle","Wea_Sword","Armor_Belt","Acc_Bracelet","Skill_C_085_01_B","CharRotation","GradeUp_Char_085","SkillLvUp_Main_Blue_Kainan","SkillLvUp_Sub_Ranger_Kainan","5000","1","1.9","0.5","1.4","0.7","1","117","4045","100","Physical","258","20","122","6","0","0","50","3","3088","320","520","0","5150","0","0","0","0","0","0","0","","","","Item_Material_HeroGradeUp_Char_085_S01_B","Ind_C_085_S01_B","C085_S01B","Temp_Battle_Se_Effect_011","1","summon_result_bg_001","Emotion_001","BattleEndCameraPreset1"
"Char_087_S01_B","Char_087","","Str_Char_087_S01_B_Name","Str_Char_087_S01_B_Desc","Hero","M","Green","1","Cleric","Back","Wea_Book","Armor_Jacket","Acc_HeadDress","Skill_C_087_01_B","CharRotation","GradeUp_Char_087","SkillLvUp_Main_Green_Cyberia","SkillLvUp_Sub_Cleric_Cyberia","5000","1","1.9","0.5","1.4","0.7","1","79","5669","75","Magical","0","0","30","2","202","16","30","2","3184","320","505","0","4850","0","0","0","0","0","0","0","","","","Item_Material_HeroGradeUp_Char_087_S01_B","Ind_C_087_S01_B","C087_S01B","Temp_Battle_Se_Effect_011","1","","","BattleEndCameraPreset1"
"Char_088_S01_R","Char_088","","Str_Char_088_S01_R_Name","Str_Char_088_S01_R_Desc","Hero","M","Red","2","Ranger","Middle","Wea_Ranged","Armor_Coat","Acc_Bracelet","Skill_C_088_01_R","CharRotation","GradeUp_Char_088","SkillLvUp_Main_Red_Paulhill","SkillLvUp_Sub_Ranger_Paulhill","5000","1","1.9","0.5","1.4","0.9","1","120","3962","100","Physical","251","20","121","6","0","0","50","3","3216","320","503","0","5025","0","0","0","0","0","0","0","","","","Item_Material_HeroGradeUp_Char_088_S01_R","Ind_C_088_S01_R","C088_S01R","Temp_Battle_Se_Effect_011","1","","","BattleEndCameraPreset1"
"Char_089_S01_D","Char_089","","Str_Char_089_S01_D_Name","Str_Char_089_S01_D_Desc","Hero","M","Green","2","Knight","Front","Wea_Mace","Armor_Jacket","Acc_Helmet","Skill_C_089_01_D","CharRotation","GradeUp_Char_089","SkillLvUp_Main_Green_Cyberia","SkillLvUp_Sub_Knight_Cyberia","5000","1","1.9","0.5","1.4","0.5","1","88","9645","75","Magical","0","0","149","8","149","12","396","20","3960","400","510","0","5050","0","0","0","0","0","0","0","","","","Item_Material_HeroGradeUp_Char_089_S01_D","Ind_C_089_S01_D","C089_S01D","Temp_Battle_Se_Effect_011","1","","","BattleEndCameraPreset1"
"Char_090_S01_L","Char_090","","Str_Char_090_S01_L_Name","Str_Char_090_S01_L_Desc","Hero","M","Blue","3","Cleric","Back","Wea_Book","Armor_Cape","Acc_Helmet","Skill_C_090_01_L","CharRotation","GradeUp_Char_090","SkillLvUp_Main_Blue_Cyberia","SkillLvUp_Sub_Cleric_Cyberia","5000","1","1.9","0.5","1.4","0.5","1","80","5547","75","Magical","0","0","30","2","203","16","30","2","3232","320","495","0","4950","0","0","0","0","0","0","0","","","","Item_Material_HeroGradeUp_Char_090_S01_L","Ind_C_090_S01_G","C090_S01L","Temp_Battle_Se_Effect_011","1","summon_result_bg_007","Emotion_002","BattleEndCameraPreset1"
"Char_090_S02_G","Char_090","","Str_Char_090_S02_G_Name","Str_Char_090_S02_G_Desc","Hero","M","Green","3","Shooter","Back","Wea_Sword","Armor_ProtectGear","Acc_Necklace","Skill_C_090_02_G","CharRotation","GradeUp_Char_090_02","SkillLvUp_Main_Green_Cyberia","SkillLvUp_Sub_Shooter_Cyberia","5000","1","1.9","0.5","1.4","0.5","1","105","3946","100","Physical","315","25","29","2","0","0","20","1","3060","300","500","0","5150","0","0","0","0","0","0","0","","","","Item_Material_HeroGradeUp_Char_090_S02_G","Ind_C_090_S02_G","C090_S02G","Temp_Battle_Se_Effect_011","1","summon_result_bg_017","Emotion_003","BattleEndCameraPreset1"
"Char_091_S01_G","Char_091","","Str_Char_091_S01_G_Name","Str_Char_091_S01_G_Desc","Hero","M","Green","3","Guardian","Front","Wea_Mace","Armor_ProtectGear","Acc_HeadDress","Skill_C_091_01_G","CharRotation","GradeUp_Char_091","SkillLvUp_Main_Green_Cellarn","SkillLvUp_Sub_Guardian_Cellarn","5000","1","1.9","0.5","1.4","0.8","1","87","9702","75","Physical","156","12","396","20","0","0","156","8","4080","400","495","0","4950","0","0","0","0","0","0","0","","","","Item_Material_HeroGradeUp_Char_091_S01_G","Ind_C_091_S01_G","C091_S01G","Temp_Battle_Se_Effect_011","1","summon_result_bg_003","Emotion_002","BattleEndCameraPreset1"
"Char_097_S01_D","Char_097","","Str_Char_097_S01_D_Name","Str_Char_097_S01_D_Desc","Hero","M","Red","3","Fighter","Front","Wea_Ranged","Armor_Cape","Acc_Ring","Skill_C_097_01_D","CharRotation","GradeUp_Char_097","SkillLvUp_Main_Red_Paulhill","SkillLvUp_Sub_Fighter_Paulhill","5000","1","1.9","0.5","1.4","0.4","1","120","7900","100","Physical","285","22","171","8","0","0","171","8","3744","360","520","0","5200","0","0","0","0","0","0","0","","","","Item_Material_HeroGradeUp_Char_097_S01_D","Ind_C_097_S01_D","C097_S01D","Temp_Battle_Se_Effect_011","1","summon_result_bg_008","Emotion_001","BattleEndCameraPreset1"
"Char_098_S01_R","Char_098","","Str_Char_098_S01_R_Name","Str_Char_098_S01_R_Desc","Hero","M","Red","1","Guardian","Front","Wea_Sword","Armor_Coat","Acc_Helmet","Skill_C_098_01_R","CharRotation","GradeUp_Char_098","SkillLvUp_Main_Red_Elvinzia","SkillLvUp_Sub_Guardian_Elvinzia","5000","1","1.9","0.5","1.4","0.9","1","86","9863","75","Physical","149","12","388","20","0","0","144","8","4160","400","480","0","4800","0","0","0","0","0","0","0","","","","Item_Material_HeroGradeUp_Char_098_S01_R","Ind_C_098_S01_R","C098_S01R","Temp_Battle_Se_Effect_011","1","","","BattleEndCameraPreset1"
"Char_099_S01_G","Char_099","","Str_Char_099_S01_G_Name","Str_Char_099_S01_G_Desc","Hero","M","Red","1","Ranger","Middle","Wea_Ranged","Armor_Belt","Acc_Helmet","Skill_C_099_01_G","CharRotation","GradeUp_Char_099","SkillLvUp_Main_Red_DelMar","SkillLvUp_Sub_Ranger_DelMar","5000","1","1.9","0.5","1.4","1","1","125","3803","100","Physical","255","20","124","6","0","0","50","3","3328","320","520","0","5050","0","0","0","0","0","0","0","","","","Item_Material_HeroGradeUp_Char_099_S01_G","Ind_C_099_S01_G","C099_S01G","Temp_Battle_Se_Effect_011","1","","","BattleEndCameraPreset1"
"Char_100_S01_G","Char_100","","Str_Char_100_S01_G_Name","Str_Char_100_S01_G_Desc","Hero","M","Green","2","Sorcerer","Middle","Wea_Book","Armor_Jacket","Acc_Ring","Skill_C_100_01_G","CharRotation","GradeUp_Char_100","SkillLvUp_Main_Green_Kainan","SkillLvUp_Sub_Sorcerer_Kainan","5000","1","1.9","0.5","1.4","0.9","1","116","4078","100","Magical","0","0","51","3","253","20","119","6","3184","320","505","0","4850","0","0","0","0","0","0","0","","","","Item_Material_HeroGradeUp_Char_100_S01_G","Ind_C_100_S01_G","C100_S01G","Temp_Battle_Se_Effect_011","1","","","BattleEndCameraPreset1"
"Char_101_S01_B","Char_101","","Str_Char_101_S01_B_Name","Str_Char_101_S01_B_Desc","Hero","M","Blue","3","Knight","Front","Wea_Sword","Armor_Jacket","Acc_HeadDress","Skill_C_101_01_B","CharRotation","GradeUp_Char_101","SkillLvUp_Main_Blue_Cyberia","SkillLvUp_Sub_Knight_Cyberia","5000","1","1.9","0.5","1.4","0.7","1","87","9676","75","Magical","0","0","149","8","154","12","396","20","3960","400","508","0","5025","0","0","0","0","0","0","0","","","","Item_Material_HeroGradeUp_Char_101_S01_B","Ind_C_101_S01_B","C101_S01B","Temp_Battle_Se_Effect_011","1","summon_result_bg_002","Emotion_001","BattleEndCameraPreset1"
"Char_102_S01_B","Char_102","","Str_Char_102_S01_B_Name","Str_Char_102_S01_B_Desc","Hero","M","Blue","3","Guardian","Front","Wea_Mace","Armor_Cape","Acc_Helmet","Skill_C_102_01_B","CharRotation","GradeUp_Char_102","SkillLvUp_Main_Blue_Maru","SkillLvUp_Sub_Guardian_Maru","5000","1","1.9","0.5","1.4","0.8","1","83","10223","75","Physical","158","12","440","20","0","0","158","8","4000","400","495","0","4950","0","0","0","0","0","0","0","","","","Item_Material_HeroGradeUp_Char_102_S01_B","Ind_C_102_S01_B","C102_S01B","Temp_Battle_Se_Effect_011","1","summon_result_bg_019","","BattleEndCameraPreset1"
"Char_103_S01_G","Char_103","","Str_Char_103_S01_G_Name","Str_Char_103_S01_G_Desc","Hero","M","Green","1","Ranger","Middle","Wea_Sword","Armor_Belt","Acc_Bracelet","Skill_C_103_01_G","CharRotation","GradeUp_Char_103","SkillLvUp_Main_Green_Cellarn","SkillLvUp_Sub_Ranger_Cellarn","5000","1","1.9","0.5","1.4","0.7","1","115","4122","100","Physical","260","20","119","6","0","0","52","3","3264","320","520","0","5050","0","0","0","0","0","0","0","","","","Item_Material_HeroGradeUp_Char_103_S01_G","Ind_C_103_S01_G","C103_S01G","Temp_Battle_Se_Effect_011","1","","","BattleEndCameraPreset1"
"Char_104_S01_G","Char_104","","Str_Char_104_S01_G_Name","Str_Char_104_S01_G_Desc","Hero","M","Green","3","Knight","Front","Wea_Mace","Armor_ProtectGear","Acc_Helmet","Skill_C_104_01_G","CharRotation","GradeUp_Char_104","SkillLvUp_Main_Green_Paulhill","SkillLvUp_Sub_Knight_Paulhill","5000","1","1.9","0.5","1.4","0.8","1","82","10280","75","Magical","0","0","156","8","156","12","416","20","4160","400","520","0","5200","0","0","0","0","0","0","0","","","","Item_Material_HeroGradeUp_Char_104_S01_G","Ind_C_104_S01_G","C104_S01G","Temp_Battle_Se_Effect_011","1","summon_result_bg_005","Emotion_001","BattleEndCameraPreset1"
"Char_105_S01_B","Char_105","","Str_Char_105_S01_B_Name","Str_Char_105_S01_B_Desc","Hero","M","Blue","3","Fighter","Front","Wea_Sword","Armor_ProtectGear","Acc_HeadDress","Skill_C_105_01_B","CharRotation","GradeUp_Char_105","SkillLvUp_Main_Blue_Cellarn","SkillLvUp_Sub_Fighter_Cellarn","5000","1","1.9","0.5","1.4","0.7","1","124","7704","100","Physical","228","20","231","11","0","0","231","11","3744","360","485","0","4900","0","0","0","0","0","0","0","","","","Item_Material_HeroGradeUp_Char_105_S01_B","Ind_C_105_S01_B","C105_S01B","Temp_Battle_Se_Effect_011","1","summon_result_bg_009","Emotion_003","BattleEndCameraPreset1"
"Char_106_S01_R","Char_106","","Str_Char_106_S01_R_Name","Str_Char_106_S01_R_Desc","Hero","M","Red","3","Cleric","Back","Wea_Staff","Armor_Cape","Acc_HeadDress","Skill_C_106_01_R","CharRotation","GradeUp_Char_106","SkillLvUp_Main_Red_Cellarn","SkillLvUp_Sub_Cleric_Cellarn","5000","1","1.9","0.5","1.4","0.7","1","77","5815","75","Magical","0","0","31","2","206","16","31","2","3232","320","515","0","5200","0","0","0","0","0","0","0","","","","Item_Material_HeroGradeUp_Char_106_S01_R","Ind_C_106_S01_R","C106_S01R","Temp_Battle_Se_Effect_011","1","summon_result_bg_009","Emotion_003","BattleEndCameraPreset1"
"Char_107_S01_G","Char_107","","Str_Char_107_S01_G_Name","Str_Char_107_S01_G_Desc","Hero","M","Green","3","Fighter","Front","Wea_Sword","Armor_ProtectGear","Acc_Helmet","Skill_C_107_01_G","CharRotation","GradeUp_Char_107","SkillLvUp_Main_Green_Elvinzia","SkillLvUp_Sub_Fighter_Elvinzia","5000","1","1.9","0.5","1.4","0.4","1","129","7379","100","Physical","300","22","180","8","0","0","177","8","4176","360","500","0","5000","0","0","0","0","0","0","0","","","","Item_Material_HeroGradeUp_Char_107_S01_G","Ind_C_107_S01_G","C107_S01G","Temp_Battle_Se_Effect_011","1","summon_result_bg_018","Emotion_003","BattleEndCameraPreset1"
"Char_108_S01_G","Char_108","","Str_Char_108_S01_G_Name","Str_Char_108_S01_G_Desc","Hero","M","Green","3","Knight","Front","Wea_Mace","Armor_Jacket","Acc_Helmet","Skill_C_108_01_G","CharRotation","GradeUp_Char_108","SkillLvUp_Main_Green_Cyberia","SkillLvUp_Sub_Fighter_Cyberia","5000","1","1.9","0.5","1.4","0.7","1","129","7379","100","Physical","285","22","164","8","0","0","171","8","3672","360","495","0","4950","0","0","0","0","0","0","0","","","","Item_Material_HeroGradeUp_Char_108_S01_G","Ind_C_108_S01_G","C108_S01G","Temp_Battle_Se_Effect_011","1","","","BattleEndCameraPreset1"
"Char_109_S01_G","Char_109","","Str_Char_109_S01_G_Name","Str_Char_109_S01_G_Desc","Hero","M","Green","3","Knight","Front","Wea_Mace","Armor_Jacket","Acc_Helmet","Skill_C_109_01_G","CharRotation","GradeUp_Char_109","SkillLvUp_Main_Green_Cyberia","SkillLvUp_Sub_Fighter_Cyberia","5000","1","1.9","0.5","1.4","0.7","1","129","7379","100","Physical","285","22","164","8","0","0","171","8","3672","360","495","0","4950","0","0","0","0","0","0","0","","","","Item_Material_HeroGradeUp_Char_109_S01_G","Ind_C_109_S01_G","C109_S01G","Temp_Battle_Se_Effect_011","1","","","BattleEndCameraPreset1"
"Char_110_S01_G","Char_110","","Str_Char_110_S01_G_Name","Str_Char_110_S01_G_Desc","Hero","M","Green","2","Fighter","Front","Wea_Sword","Armor_Jacket","Acc_Bracelet","Skill_C_110_01_G","CharRotation","GradeUp_Char_110","SkillLvUp_Main_Green_Cyberia","SkillLvUp_Sub_Fighter_Cyberia","5000","1","1.9","0.5","1.4","0.7","1","129","7379","100","Physical","285","22","164","8","0","0","171","8","3672","360","495","0","4950","0","0","0","0","0","0","0","","","","Item_Material_HeroGradeUp_Char_110_S01_G","Ind_C_110_S01_G","C110_S01G","Temp_Battle_Se_Effect_011","1","","","BattleEndCameraPreset1"
"Char_111_S01_B","Char_111","","Str_Char_111_S01_B_Name","Str_Char_111_S01_B_Desc","Hero","M","Blue","2","Cleric","Back","Wea_Book","Armor_Cape","Acc_Helmet","Skill_C_111_01_B","CharRotation","GradeUp_Char_111","SkillLvUp_Main_Blue_Cellarn","SkillLvUp_Sub_Cleric_Cellarn","5000","1","1.9","0.5","1.4","0.8","1","75","5908","75","Magical","0","0","30","2","202","16","30","2","3184","320","505","0","4850","0","0","0","0","0","0","0","","","","Item_Material_HeroGradeUp_Char_111_S01_B","Ind_C_111_S01_B","C111_S01B","Temp_Battle_Se_Effect_011","1","","","BattleEndCameraPreset1"
"Char_112_S01_B","Char_112","","Str_Char_112_S01_B_Name","Str_Char_112_S01_B_Desc","Hero","M","Blue","3","Ranger","Middle","Wea_Ranged","Armor_Coat","Acc_Necklace","Skill_C_112_01_B","CharRotation","GradeUp_Char_112","SkillLvUp_Main_Blue_Cyberia","SkillLvUp_Sub_Ranger_Cyberia","5000","1","1.9","0.5","1.4","1","1","123","3857","100","Physical","255","20","116","6","0","0","49","3","3264","320","510","0","5150","0","0","0","0","0","0","0","","","","Item_Material_HeroGradeUp_Char_112_S01_B","Ind_C_112_S01_B","C112_S01B","Temp_Battle_Se_Effect_011","1","summon_result_bg_003","Emotion_001","BattleEndCameraPreset1"
"Char_113_S01_B","Char_113","","Str_Char_113_S01_B_Name","Str_Char_113_S01_B_Desc","Hero","M","Blue","3","Sorcerer","Middle","Wea_Staff","Armor_Cape","Acc_Ring","Skill_C_113_01_B","CharRotation","GradeUp_Char_113","SkillLvUp_Main_Blue_Cyberia","SkillLvUp_Sub_Sorcerer_Cyberia","5000","1","1.9","0.5","1.4","0.6","1","121","3918","100","Magical","0","0","49","3","256","20","118","6","3264","320","495","0","4800","0","0","0","0","0","0","0","","","","Item_Material_HeroGradeUp_Char_113_S01_B","Ind_C_113_S01_B","C113_S01B","Temp_Battle_Se_Effect_011","1","summon_result_bg_014","Emotion_001","BattleEndCameraPreset1"
"Char_114_S01_B","Char_114","","Str_Char_114_S01_B_Name","Str_Char_114_S01_B_Desc","Hero","M","Blue","2","Mage","Back","Wea_Book","Armor_Cape","Acc_Necklace","Skill_C_114_01_B","CharRotation","GradeUp_Char_114","SkillLvUp_Main_Blue_DelMar","SkillLvUp_Sub_Mage_DelMar","5000","1","1.9","0.5","1.4","0.9","1","107","3844","100","Magical","0","0","21","1","309","24","31","2","3090","300","515","0","5150","0","0","0","0","0","0","0","","","","Item_Material_HeroGradeUp_Char_114_S01_B","Ind_C_114_S01_B","C114_S01B","Temp_Battle_Se_Effect_011","1","","","BattleEndCameraPreset1"
"Char_115_S01_B","Char_115","","Str_Char_115_S01_B_Name","Str_Char_115_S01_B_Desc","Hero","M","Blue","1","Mage","Back","Wea_Book","Armor_ProtectGear","Acc_Bracelet","Skill_C_115_01_B","CharRotation","GradeUp_Char_115","SkillLvUp_Main_Blue_Kainan","SkillLvUp_Sub_Mage_Kainan","5000","1","1.9","0.5","1.4","0.2","1","109","3799","100","Magical","0","0","20","1","315","24","30","2","3000","300","500","0","5000","0","0","0","0","0","0","0","","","","Item_Material_HeroGradeUp_Char_115_S01_B","Ind_C_115_S01_B","C115_S01B","Temp_Battle_Se_Effect_011","1","","","BattleEndCameraPreset1"
"Char_116_S01_R","Char_116","","Str_Char_116_S01_R_Name","Str_Char_116_S01_R_Desc","Hero","M","Red","3","Guardian","Front","Wea_Mace","Armor_ProtectGear","Acc_HeadDress","Skill_C_116_01_R","CharRotation","GradeUp_Char_116","SkillLvUp_Main_Red_Elvinzia","SkillLvUp_Sub_Guardian_Elvinzia","5000","1","1.9","0.5","1.4","0.5","1","84","10139","75","Physical","155","12","400","20","0","0","150","8","4240","400","495","0","4950","0","0","0","0","0","0","0","","","","Item_Material_HeroGradeUp_Char_116_S01_R","Ind_C_116_S01_R","C116_S01R","Temp_Battle_Se_Effect_011","1","summon_result_bg_016","Emotion_001","BattleEndCameraPreset1"
"Char_118_S01_B","Char_118","","Str_Char_118_S01_B_Name","Str_Char_118_S01_B_Desc","Hero","M","Blue","3","Shooter","Back","Wea_Ranged","Armor_Coat","Acc_Ring","Skill_C_118_01_B","CharRotation","GradeUp_Char_118","SkillLvUp_Main_Blue_Maru","SkillLvUp_Sub_Shooter_Maru","5000","1","1.9","0.5","1.4","0.4","1","109","3797","100","Physical","330","25","27","1","0","0","18","1","3000","300","510","0","5150","0","0","0","0","0","0","0","","","","Item_Material_HeroGradeUp_Char_118_S01_B","Ind_C_118_S01_B","C118_S01B","Temp_Battle_Se_Effect_011","1","summon_result_bg_019","Emotion_001","BattleEndCameraPreset1"
"Char_300_S01_B","Char_300","","Str_Char_300_S01_B_Name","Str_Char_300_S01_B_Desc","Summon","M","Blue","1","Knight","Front","","","","Skill_C_300_01_B","CharRotation","GradeUp_Char_300","SkillLvUp_Main_Blue_Cyberia","SkillLvUp_Sub_Knight_Cyberia","5000","1","1.5","0.5","1.4","0.6","1","50","5000","100","Magical","0","0","150","8","150","12","440","22","4400","440","0","0","5000","0","0","0","0","0","0","0","","","","","Ind_C_300_S01_B","C300_S01B","Temp_Battle_Se_Effect_011","1","","","BattleEndCameraPreset1"
"TEST_001","Test_Char_01","","","","Hero","M","Red","1","Cleric","Back","","","","","None","GradeUp_Cleric","GradeUp_Cleric","GradeUp_Cleric","5000","1","1.9","0.5","1.4","1.4","0","75","6300","140","Magical","149","15","97","10","0","0","240","25","3744","360","480","0","4800","0","0","0","0","0","0","0","","","","Item_Material_HeroGradeUp_Char_001_S01_B","Ind_C_001_S01_B","C012_S01R","Temp_Battle_Se_Effect_011","1","","",""
"TEST_002","Test_Char_02","","","","Hero","M","Blue","1","Cleric","Back","","","","","None","GradeUp_Cleric","GradeUp_Cleric","GradeUp_Cleric","5000","1","1.9","0.5","1.4","1.4","0","75","6300","140","Magical","192","20","97","10","0","0","49","5","3168","320","500","0","5100","0","0","0","0","0","0","0","","","","Item_Material_HeroGradeUp_Char_001_S01_B","Ind_C_001_S01_B","C012_S01R","Temp_Battle_Se_Effect_011","1","","",""
"TEST_003","Test_Char_03","","","","Hero","M","Green","1","Cleric","Back","","","","","None","GradeUp_Cleric","GradeUp_Cleric","GradeUp_Cleric","5000","1","1.9","0.5","1.4","1.4","0","75","6300","140","Magical","0","0","102","10","0","0","248","25","3582","360","505","0","4850","0","0","0","0","0","0","0","","","","Item_Material_HeroGradeUp_Char_001_S01_B","Ind_C_001_S01_B","C012_S01R","Temp_Battle_Se_Effect_011","1","","",""
"Char_001_S01_Prologue","Prologue_001","","Str_Char_001_S01_B_Name","Str_Char_001_S01_B_Desc","Hero","M","Blue","3","Cleric","Back","","","","Skill_C_001_01_Prologue","None","GradeUp_Cleric","GradeUp_Cleric","GradeUp_Cleric","5000","1","1.9","0.5","1.4","1.4","0","0","0","0","Magical","0","0","200","5","500","25","79","8","2500","280","505","0","4850","0","0","0","0","0","0","0","","","","Item_Material_HeroGradeUp_Char_001_S01_B","Ind_C_001_S01_B","C001_S01B","Temp_Battle_Se_Effect_011","1","","",""
"Char_002_S01_Prologue","Prologue_001","","Str_Char_002_S01_R_Name","Str_Char_002_S01_R_Desc","Hero","M","Red","2","Fighter","Front","","","","Skill_C_002_01_Prologue","None","GradeUp_Fighter","GradeUp_Guardian","GradeUp_Guardian","5000","1","1.9","0.5","1.4","1.4","0","0","0","0","Physical","500","35","200","2","0","0","31","3","6000","240","510","0","5100","0","0","0","0","0","0","0","","","","Item_Material_HeroGradeUp_Char_002_S01_R","Ind_C_002_S01_R","C002_S01R","Temp_Battle_Se_Effect_011","1","","",""
"Char_003_S01_Prologue","Prologue_001","","Str_Char_003_S01_B_Name","Str_Char_003_S01_B_Desc","Hero","M","Blue","2","Shooter","Back","","","","Skill_C_003_01_Prologue","None","GradeUp_Shooter","GradeUp_Shooter","GradeUp_Shooter","5000","1","1.9","0.5","1.4","1.4","0","0","0","0","Physical","500","5","200","12","0","0","800","12","2500","154","0","10000","20000","10000","300","0","0","0","0","0","","","","Item_Material_HeroGradeUp_Char_003_S01_B","Ind_C_003_S01_B","C003_S01B","Temp_Battle_Se_Effect_011","1","","",""
"Char_103_S01_Prologue","Prologue_001","","Str_Char_103_S01_G_Name","Str_Char_103_S01_G_Desc","Hero","M","Green","2","Ranger","Middle","","","","Skill_C_103_01_Prologue","None","GradeUp_Ranger","GradeUp_Ranger","GradeUp_Ranger","5000","1","1.9","0.5","1.4","1.4","0","0","0","0","Physical","500","25","200","5","0","0","82","8","2500","280","515","0","5200","0","0","0","0","0","0","0","","","","Item_Material_HeroGradeUp_Char_103_S01_G","Ind_C_103_S01_G","C103_S01G","Temp_Battle_Se_Effect_011","1","","",""
"Mon_024_Prologue","","","Str_Char_024_S01_G_Name","","Monster","M","Green","1","Guardian","Front","","","","Skill_C_024_Prologue","None","GradeUp_Guardian","SkillLvUp_Green","","5000","1","1.9","0.5","1.4","0.8","0","0","0","0","Physical","103","2","200","0","0","0","200","0","2000","200","0","0","0","10000","0","0","0","0","0","0","","","","","Ind_C_024_S01_G","C024_Prologue","Temp_Battle_Se_Effect_011","1","","","BattleEndCameraPreset1"
"Mon_591_Prologue","","","Str_Char_591_S01_R_Name","","Monster","M","Red","1","Fighter","Front","","","","Skill_C_591_Prologue","None","GradeUp_Fighter","SkillLvUp_Red","","5000","1","1.9","0.5","1.4","0.8","0","0","0","0","Physical","103","2","200","0","0","0","200","0","2100","210","0","0","0","10000","0","0","0","0","0","0","","","","","Ind_C_591_S01_R","C591_Prologue","Temp_Battle_Se_Effect_011","1","","","BattleEndCameraPreset1"
"Mon_025_Prologue","","","Str_Char_025_S01_G_Name","","Monster","M","Green","1","Shooter","Back","","","","Skill_C_025_Prologue","None","GradeUp_Shooter","SkillLvUp_Green","","5000","1","1.9","0.5","1.4","0.8","0","0","0","0","Physical","113","2","200","0","0","0","200","0","2000","200","0","0","0","10000","0","0","0","0","0","0","","","","","Ind_C_025_S01_G","C025_Prologue","Temp_Battle_Se_Effect_011","1","","","BattleEndCameraPreset1"
"Mon_525_Prologue","","","Str_Char_525_S01_R_Name","","Monster","M","Red","1","Ranger","Middle","","","","Skill_C_525_Prologue","None","GradeUp_Ranger","SkillLvUp_Red","","5000","1","1.4","0.5","1.4","0.8","0","0","0","0","Physical","165","3","200","0","0","0","200","0","2000","200","0","0","0","10000","0","0","0","0","0","0","","","","","Ind_C_525_S01_R","C525_Prologue","Temp_Battle_Se_Effect_011","1","","","BattleEndCameraPreset1"
"Mon_537_Prologue","","Str_Char_537_Prologue_Title","Str_Char_537_Prologue_Name","Str_Char_537_Prologue_Desc","Monster","M","Red","1","Guardian","Front","","","","Skill_C_537_Prologue","None","GradeUp_Guardian","SkillLvUp_Red","","5000","1","1.9","0.5","1.4","0.8","0","0","0","0","Physical","103","2","200","0","0","0","200","0","40000","3000","0","0","0","10000","0","0","0","0","0","0","","","","","Ind_C_537_Prologue","C537_Prologue","Temp_Battle_Se_Effect_011","1","","","BattleEndCameraPreset1"
"Mon_021_Prologue","","Str_Char_021_S01_R_Title","Str_Char_021_S01_R_Name","Str_Char_021_S01_R_Desc","Boss","M","Red","1","Guardian","Front","","","","Skill_C_021_Prologue","None","GradeUp_Guardian","SkillLvUp_Red","","5000","1","1.9","0.5","1.4","0.8","0","0","0","0","Physical","165","3","200","0","0","0","200","0","40000","3000","0","0","0","10000","0","0","0","0","0","0","","","","","Ind_C_021_S01_R","C021_Prologue","Temp_Battle_Se_Effect_011","1.2","","","BattleEndCameraPreset1"
"TWC_001_S01_01","","Str_Char_TWC001_S01_Title","Str_Char_TWC001_S01_Name","Str_Char_TWC001_S01_Desc","Boss","M","Green","3","Guardian","Front","","","","Skill_TWC_001_01","None","GradeUp_TotalWar_Leshy","SkillLvUp_Green","","5000","5.5","5.25","4","7","1","1.5","50","3000","200","Physical","337","0","600","0","0","0","255","0","135000","0","500","0","5000","9500","500","0","0","0","0","0","","652","8","","Ind_TWC_001_S01","TWC001_S01","Temp_Battle_Se_Effect_011","1.5","","","BattleEndCameraPreset1"
"TWC_001_S01_02","","Str_Char_TWC001_S01_Title","Str_Char_TWC001_S01_Name","Str_Char_TWC001_S01_Desc","Boss","M","Green","3","Guardian","Front","","","","Skill_TWC_001_01","None","GradeUp_TotalWar_Leshy","SkillLvUp_Green","","5000","5.5","5.25","4","7","1","2","75","4000","200","Physical","685","0","1700","0","0","0","585","0","291000","0","500","0","6000","9500","750","0","0","0","0","0","","1396","8","","Ind_TWC_001_S01","TWC001_S01","Temp_Battle_Se_Effect_011","1.5","","","BattleEndCameraPreset1"
"TWC_001_S01_03","","Str_Char_TWC001_S01_Title","Str_Char_TWC001_S01_Name","Str_Char_TWC001_S01_Desc","Boss","M","Green","3","Guardian","Front","","","","Skill_TWC_001_01","None","GradeUp_TotalWar_Leshy","SkillLvUp_Green","","5000","5.5","5.25","4","7","1","3","100","5000","200","Physical","1350","0","3550","0","0","0","1140","0","624000","0","500","0","7000","9500","1000","0","0","0","0","0","","2848","8","","Ind_TWC_001_S01","TWC001_S01","Temp_Battle_Se_Effect_011","1.5","","","BattleEndCameraPreset1"
"TWC_001_S01_04","","Str_Char_TWC001_S01_Title","Str_Char_TWC001_S01_Name","Str_Char_TWC001_S01_Desc","Boss","M","Green","3","Guardian","Front","","","","Skill_TWC_001_01","None","GradeUp_TotalWar_Leshy","SkillLvUp_Green","","5000","5.5","5.25","4","7","1","4","125","6000","200","Physical","1600","0","5650","0","0","0","1770","0","1002000","0","500","0","8000","9500","1250","0","0","0","0","0","","4440","8","","Ind_TWC_001_S01","TWC001_S01","Temp_Battle_Se_Effect_011","1.5","","","BattleEndCameraPreset1"
"TWC_001_S01_05","","Str_Char_TWC001_S01_Title","Str_Char_TWC001_S01_Name","Str_Char_TWC001_S01_Desc","Boss","M","Green","3","Guardian","Front","","","","Skill_TWC_001_01","None","GradeUp_TotalWar_Leshy","SkillLvUp_Green","","5000","5.5","5.25","4","7","1","5","150","7000","200","Physical","2170","0","8250","0","0","0","2550","0","1374000","0","500","0","9000","9500","1500","0","0","0","0","0","","6008","8","","Ind_TWC_001_S01","TWC001_S01","Temp_Battle_Se_Effect_011","1.5","","","BattleEndCameraPreset1"
"TWC_001_S01_06","","Str_Char_TWC001_S01_Title","Str_Char_TWC001_S01_Name","Str_Char_TWC001_S01_Desc","Boss","M","Green","3","Guardian","Front","","","","Skill_TWC_001_01","None","GradeUp_TotalWar_Leshy","SkillLvUp_Green","","5000","5.5","5.25","4","7","1","6","175","8000","200","Physical","3025","0","11350","0","0","0","3480","0","2028000","0","500","0","10000","9500","2000","0","0","0","0","0","","8704","8","","Ind_TWC_001_S01","TWC001_S01","Temp_Battle_Se_Effect_011","1.5","","","BattleEndCameraPreset1"
"TWC_002_S01_01","","Str_Char_TWC002_S01_Title","Str_Char_TWC002_S01_Name","Str_Char_TWC002_S01_Desc","Boss","M","Blue","3","Sorcerer","Middle","","","","Skill_TWC_002_01","None","GradeUp_TotalWar_Zephyrus","SkillLvUp_Blue","","5000","5.5","3.25","4","7","1","1.5","100","3000","200","Magical","0","0","144","0","544","0","368","0","108000","0","500","0","5000","9500","500","0","0","0","0","0","Hide","100000","5","","Ind_TWC_002_S01","TWC002_S01","Temp_Battle_Se_Effect_011","2.77","","","BattleEndCameraPreset1"
"TWC_002_S01_02","","Str_Char_TWC002_S01_Title","Str_Char_TWC002_S01_Name","Str_Char_TWC002_S01_Desc","Boss","M","Blue","3","Sorcerer","Middle","","","","Skill_TWC_002_01","None","GradeUp_TotalWar_Zephyrus","SkillLvUp_Blue","","5000","5.5","3.25","4","7","1","2","100","3500","200","Magical","0","0","262","0","1016","0","846","0","232800","0","500","0","6000","9500","750","0","0","0","0","0","Hide","100000","5","","Ind_TWC_002_S01","TWC002_S01","Temp_Battle_Se_Effect_011","2.77","","","BattleEndCameraPreset1"
"TWC_002_S01_03","","Str_Char_TWC002_S01_Title","Str_Char_TWC002_S01_Name","Str_Char_TWC002_S01_Desc","Boss","M","Blue","3","Sorcerer","Middle","","","","Skill_TWC_002_01","None","GradeUp_TotalWar_Zephyrus","SkillLvUp_Blue","","5000","5.5","3.25","4","7","1","2.5","100","4000","200","Magical","0","0","460","0","1728","0","1649","0","552000","0","500","0","7000","9500","1000","0","0","0","0","0","Hide","100000","5","","Ind_TWC_002_S01","TWC002_S01","Temp_Battle_Se_Effect_011","2.77","","","BattleEndCameraPreset1"
"TWC_002_S01_04","","Str_Char_TWC002_S01_Title","Str_Char_TWC002_S01_Name","Str_Char_TWC002_S01_Desc","Boss","M","Blue","3","Sorcerer","Middle","","","","Skill_TWC_002_01","None","GradeUp_TotalWar_Zephyrus","SkillLvUp_Blue","","5000","5.5","3.25","4","7","1","3","125","4500","200","Magical","0","0","684","0","2912","0","2560","0","866400","0","500","0","8000","9500","1250","0","0","0","0","0","Hide","100000","5","","Ind_TWC_002_S01","TWC002_S01","Temp_Battle_Se_Effect_011","2.77","","","BattleEndCameraPreset1"
"TWC_002_S01_05","","Str_Char_TWC002_S01_Title","Str_Char_TWC002_S01_Name","Str_Char_TWC002_S01_Desc","Boss","M","Blue","3","Sorcerer","Middle","","","","Skill_TWC_002_01","None","GradeUp_TotalWar_Zephyrus","SkillLvUp_Blue","","5000","5.5","3.25","4","7","1","4","125","5000","200","Magical","0","0","963","0","4416","0","3689","0","1252800","0","500","0","9000","9500","1500","0","0","0","0","0","Hide","100000","5","","Ind_TWC_002_S01","TWC002_S01","Temp_Battle_Se_Effect_011","2.77","","","BattleEndCameraPreset1"
"TWC_002_S01_06","","Str_Char_TWC002_S01_Title","Str_Char_TWC002_S01_Name","Str_Char_TWC002_S01_Desc","Boss","M","Blue","3","Sorcerer","Middle","","","","Skill_TWC_002_01","None","GradeUp_TotalWar_Zephyrus","SkillLvUp_Blue","","5000","5.5","3.25","4","7","1","5","125","5500","200","Magical","0","0","1294","0","6240","0","5034","0","1800000","0","500","0","10000","9500","2000","0","0","0","0","0","Hide","100000","5","","Ind_TWC_002_S01","TWC002_S01","Temp_Battle_Se_Effect_011","2.77","","","BattleEndCameraPreset1"
"Mon_027G_CH1","","","Str_Char_027_S01_G_Name","","Monster","M","Green","1","Fighter","Front","","","","Skill_C_027_01_G","None","GradeUp_Guardian","SkillLvUp_Green","","5000","1","1","0.5","1","1","1","50","5000","100","Physical","75","6","240","12","0","0","90","5","2800","280","500","0","5000","0","0","0","0","0","0","0","","","","","Ind_C_027_S01_G","C027_S01G","Temp_Battle_Se_Effect_011","1","","","BattleEndCameraPreset1"
"Mon_027R_CH1","","","Str_Char_027_S01_R_Name","","Monster","M","Red","1","Fighter","Front","","","","Skill_C_027_01_R","None","GradeUp_Guardian","SkillLvUp_Red","","5000","1","1","0.5","1","1","1","50","5000","100","Physical","75","6","240","12","0","0","90","5","2800","280","500","0","5000","0","0","0","0","0","0","0","","","","","Ind_C_027_S01_R","C027_S01R","Temp_Battle_Se_Effect_011","1","","","BattleEndCameraPreset1"
"Mon_045R_CH1","","","Str_Char_045_S01_R_Name","","Monster","M","Green","1","Fighter","Front","","","","Skill_C_045_01_R","None","GradeUp_Guardian","SkillLvUp_Green","","5000","1","1.2","0.5","1.2","1","1","50","5000","100","Physical","125","10","90","5","0","0","90","5","2520","252","500","0","5000","0","0","0","0","0","0","0","","","","","Ind_C_045_S01_R","C045_S01R","Temp_Battle_Se_Effect_011","1","","","BattleEndCameraPreset1"
"Mon_024G_CH1","","","Str_Char_024_S01_G_Name","","Monster","M","Green","1","Guardian","Front","","","","Skill_C_024_01_G","None","GradeUp_Guardian","SkillLvUp_Green","","5000","1","1.9","0.5","1.4","1","1","50","5000","100","Physical","75","6","240","12","0","0","90","5","2800","280","500","0","5000","0","0","0","0","0","0","0","","","","","Ind_C_024_S01_G","C024_S01G","Temp_Battle_Se_Effect_011","1","","","BattleEndCameraPreset1"
"Mon_030B_CH1","","","Str_Char_030_S01_B_Name","","Monster","M","Blue","2","Fighter","Front","","","","Skill_C_030_01_B","None","GradeUp_Guardian","SkillLvUp_Blue","","5000","1","1.9","0.5","1.4","1","1","50","5000","100","Physical","125","10","90","5","0","0","90","5","2520","252","500","0","5000","0","0","0","0","0","0","0","","","","","Ind_C_030_S01_R","C030_S01B","Temp_Battle_Se_Effect_011","1","","","BattleEndCameraPreset1"
"Mon_528G_CH1","","","Str_Char_528_S01_G_Name","","Monster","M","Green","1","Sorcerer","Middle","","","","Skill_C_528_01_G","None","GradeUp_Sorcerer","SkillLvUp_Green","","5000","1","1.4","0.5","1.4","1","1","50","5000","100","Magical","0","0","30","2","125","10","72","4","2240","224","500","0","5000","0","0","0","0","0","0","0","","","","","Ind_C_528_S01_G","C528_S01G","Temp_Battle_Se_Effect_011","1","","","BattleEndCameraPreset1"
"Mon_046G_CH1","","","Str_Char_046_S01_G_Name","","Monster","M","Green","1","Ranger","Middle","","","","Skill_C_046_01_G","None","GradeUp_Ranger","SkillLvUp_Green","","5000","1","1.2","0.5","1.2","1","1","50","5000","100","Physical","125","10","72","4","0","0","30","2","2240","224","500","0","5000","0","0","0","0","0","0","0","","","","","Ind_C_046_S01_G","C046_S01G","Temp_Battle_Se_Effect_011","1","","","BattleEndCameraPreset1"
"Mon_057G_CH1","","","Str_Char_057_S01_G_Name","","Monster","M","Green","1","Sorcerer","Middle","","","","Skill_C_057_01_G","None","GradeUp_Sorcerer","SkillLvUp_Green","","5000","1","1.4","0.5","1.4","1","1","50","5000","100","Magical","0","0","30","2","125","10","72","4","2240","224","500","0","5000","0","0","0","0","0","0","0","","","","","Ind_C_057_S01_G","C057_S01G","Temp_Battle_Se_Effect_011","1","","","BattleEndCameraPreset1"
"Mon_558G_CH1","","","Str_Char_558_S01_G_Name","","Monster","M","Green","1","Ranger","Middle","","","","Skill_C_558_01_G","None","GradeUp_Ranger","SkillLvUp_Green","","5000","1","1.9","0.5","1.4","1","1","50","5000","100","Physical","125","10","72","4","0","0","30","2","2240","224","500","0","5000","0","0","0","0","0","0","0","","","","","Ind_C_558_S01_G","C558_S01G","Temp_Battle_Se_Effect_011","1","","","BattleEndCameraPreset1"
"Mon_534R_CH1","","","Str_Char_534_S01_R_Name","","Monster","M","Green","2","Mage","Back","","","","Skill_C_534_01_R","None","GradeUp_Mage","SkillLvUp_Green","","5000","1","1","0.5","1","1","1","50","5000","100","Magical","0","0","12","1","150","12","18","1","2100","210","500","0","5000","0","0","0","0","0","0","0","","","","","Ind_C_534_S01_R","C534_S01R","Temp_Battle_Se_Effect_011","1","","","BattleEndCameraPreset1"
"Mon_530G_CH1","","","Str_Char_530_S01_G_Name","","Monster","M","Green","1","Cleric","Back","","","","Skill_C_530_01_G","None","GradeUp_Cleric","SkillLvUp_Green","","5000","1","1.4","0.5","1.4","1","1","50","5000","100","Magical","0","0","18","1","100","8","18","1","2240","224","500","0","5000","0","0","0","0","0","0","0","","","","","Ind_C_530_S01_G","C530_S01G","Temp_Battle_Se_Effect_011","1","","","BattleEndCameraPreset1"
"Mon_025G_CH1","","","Str_Char_025_S01_G_Name","","Monster","M","Green","1","Shooter","Back","","","","Skill_C_025_01_G","None","GradeUp_Shooter","SkillLvUp_Green","","5000","1","1.9","0.5","1.4","1","1","50","5000","100","Physical","150","12","18","1","0","0","12","1","2100","210","500","0","5000","0","0","0","0","0","0","0","","","","","Ind_C_025_S01_G","C025_S01G","Temp_Battle_Se_Effect_011","1","","","BattleEndCameraPreset1"
"Mon_052G_CH1","","","Str_Char_052_S01_G_Name","","Monster","M","Green","1","Mage","Back","","","","Skill_C_052_01_G","None","GradeUp_Mage","SkillLvUp_Green","","5000","1","1.9","0.5","1.4","1","1","50","5000","100","Magical","0","0","12","1","150","12","18","1","2100","210","500","0","5000","0","0","0","0","0","0","0","","","","","Ind_C_052_S01_G","C052_S01G","Temp_Battle_Se_Effect_011","1","","","BattleEndCameraPreset1"
"Mon_531R_CH1","","","Str_Char_531_S01_R_Name","","Monster","M","Red","2","Sorcerer","Middle","","","","Skill_C_531_01_R","None","GradeUp_Sorcerer","SkillLvUp_Red","","5000","1","1.4","0.5","1.4","1","1","50","5000","100","Magical","0","0","30","2","125","10","72","4","2240","224","500","0","5000","0","0","0","0","0","0","0","","","","","Ind_C_531_S01_R","C531_S01R","Temp_Battle_Se_Effect_011","1","","","BattleEndCameraPreset1"
"Mon_533R_CH1","","","Str_Char_533_S01_R_Name","","Monster","M","Red","2","Cleric","Back","","","","Skill_C_533_01_R","None","GradeUp_Sorcerer","SkillLvUp_Red","","5000","1","1.4","0.5","1.4","1","1","50","5000","100","Magical","0","0","18","1","100","8","18","1","2240","224","500","0","5000","0","0","0","0","0","0","0","","","","","Ind_C_533_S01_R","C533_S01R","Temp_Battle_Se_Effect_011","1","","","BattleEndCameraPreset1"
"Mon_527R_CH1","","","Str_Char_527_S01_R_Name","","Monster","M","Red","1","Ranger","Middle","","","","Skill_C_527_01_R","None","GradeUp_Ranger","SkillLvUp_Red","","5000","1","1.4","0.5","1.4","1","1","50","5000","100","Physical","125","10","72","4","0","0","30","2","2240","224","500","0","5000","0","0","0","0","0","0","0","","","","","Ind_C_527_S01_R","C527_S01R","Temp_Battle_Se_Effect_011","1","","","BattleEndCameraPreset1"
"Mon_051_CH1","","","Str_Char_051_S01_B_Name","Str_Char_051_S01_B_Desc","HeroMon","M","Red","1","Knight","Front","Wea_Mace","Armor_ProtectGear","Acc_HeadDress","Skill_C_051_01_B","CharRotation","GradeUp_Char_051","SkillLvUp_Main_Red_Elvinzia","SkillLvUp_Sub_Knight_Elvinzia","5000","1","1.9","0.5","1.4","1","1","83","10215","75","Magical","0","0","300","15","131","11","800","40","4900","490","500","0","5000","0","0","0","0","0","0","0","","","","Item_Material_HeroGradeUp_Char_051_S01_B","Ind_C_051_S01_B","C051_S01B","Temp_Battle_Se_Effect_011","1","","","BattleEndCameraPreset1"
"Mon_098_CH1","","","Str_Char_098_S01_R_Name","Str_Char_098_S01_R_Desc","HeroMon","M","Red","1","Guardian","Front","Wea_Sword","Armor_Coat","Acc_Helmet","Skill_C_098_01_R","CharRotation","GradeUp_Char_098","SkillLvUp_Main_Red_Elvinzia","SkillLvUp_Sub_Guardian_Elvinzia","5000","1","1.9","0.5","1.4","1","1","85","9943","75","Physical","188","15","800","40","0","0","300","15","7000","700","500","0","5000","0","0","0","0","0","0","0","","","","Item_Material_HeroGradeUp_Char_098_S01_R","Ind_C_098_S01_R","C098_S01R","Temp_Battle_Se_Effect_011","1","","","BattleEndCameraPreset1"
"Mon_027G_CH2","","","Str_Char_027_S01_G_Name","","Monster","M","Green","1","Fighter","Front","","","","Skill_C_027_01_G","None","GradeUp_Guardian","SkillLvUp_Green","","5000","1","1","0.5","1","1","1","50","5000","100","Physical","83","7","240","12","0","0","90","5","2800","280","500","0","5000","0","0","0","0","0","0","0","","","","","Ind_C_027_S01_G","C027_S01G","Temp_Battle_Se_Effect_011","1","","","BattleEndCameraPreset1"
"Mon_027R_CH2","","","Str_Char_027_S01_R_Name","","Monster","M","Red","1","Fighter","Front","","","","Skill_C_027_01_R","None","GradeUp_Guardian","SkillLvUp_Red","","5000","1","1","0.5","1","1","1","50","5000","100","Physical","83","7","240","12","0","0","90","5","2800","280","500","0","5000","0","0","0","0","0","0","0","","","","","Ind_C_027_S01_R","C027_S01R","Temp_Battle_Se_Effect_011","1","","","BattleEndCameraPreset1"
"Mon_045R_CH2","","","Str_Char_045_S01_R_Name","","Monster","M","Green","1","Fighter","Front","","","","Skill_C_045_01_R","None","GradeUp_Guardian","SkillLvUp_Green","","5000","1","1.2","0.5","1.2","1","1","50","5000","100","Physical","138","11","90","5","0","0","90","5","2520","252","500","0","5000","0","0","0","0","0","0","0","","","","","Ind_C_045_S01_R","C045_S01R","Temp_Battle_Se_Effect_011","1","","","BattleEndCameraPreset1"
"Mon_024G_CH2","","","Str_Char_024_S01_G_Name","","Monster","M","Green","1","Guardian","Front","","","","Skill_C_024_01_G","None","GradeUp_Guardian","SkillLvUp_Green","","5000","1","1.9","0.5","1.4","1","1","50","5000","100","Physical","83","7","240","12","0","0","90","5","2800","280","500","0","5000","0","0","0","0","0","0","0","","","","","Ind_C_024_S01_G","C024_S01G","Temp_Battle_Se_Effect_011","1","","","BattleEndCameraPreset1"
"Mon_030B_CH2","","","Str_Char_030_S01_B_Name","","Monster","M","Blue","2","Fighter","Front","","","","Skill_C_030_01_B","None","GradeUp_Guardian","SkillLvUp_Blue","","5000","1","1.9","0.5","1.4","1","1","50","5000","100","Physical","138","11","90","5","0","0","90","5","2520","252","500","0","5000","0","0","0","0","0","0","0","","","","","Ind_C_030_S01_R","C030_S01B","Temp_Battle_Se_Effect_011","1","","","BattleEndCameraPreset1"
"Mon_528G_CH2","","","Str_Char_528_S01_G_Name","","Monster","M","Green","1","Sorcerer","Middle","","","","Skill_C_528_01_G","None","GradeUp_Sorcerer","SkillLvUp_Green","","5000","1","1.4","0.5","1.4","1","1","50","5000","100","Magical","0","0","30","2","138","11","72","4","2240","224","500","0","5000","0","0","0","0","0","0","0","","","","","Ind_C_528_S01_G","C528_S01G","Temp_Battle_Se_Effect_011","1","","","BattleEndCameraPreset1"
"Mon_046G_CH2","","","Str_Char_046_S01_G_Name","","Monster","M","Green","1","Ranger","Middle","","","","Skill_C_046_01_G","None","GradeUp_Ranger","SkillLvUp_Green","","5000","1","1.2","0.5","1.2","1","1","50","5000","100","Physical","138","11","72","4","0","0","30","2","2240","224","500","0","5000","0","0","0","0","0","0","0","","","","","Ind_C_046_S01_G","C046_S01G","Temp_Battle_Se_Effect_011","1","","","BattleEndCameraPreset1"
"Mon_057G_CH2","","","Str_Char_057_S01_G_Name","","Monster","M","Green","1","Sorcerer","Middle","","","","Skill_C_057_01_G","None","GradeUp_Sorcerer","SkillLvUp_Green","","5000","1","1.4","0.5","1.4","1","1","50","5000","100","Magical","0","0","30","2","138","11","72","4","2240","224","500","0","5000","0","0","0","0","0","0","0","","","","","Ind_C_057_S01_G","C057_S01G","Temp_Battle_Se_Effect_011","1","","","BattleEndCameraPreset1"
"Mon_558G_CH2","","","Str_Char_558_S01_G_Name","","Monster","M","Green","1","Ranger","Middle","","","","Skill_C_558_01_G","None","GradeUp_Ranger","SkillLvUp_Green","","5000","1","1.9","0.5","1.4","1","1","50","5000","100","Physical","138","11","72","4","0","0","30","2","2240","224","500","0","5000","0","0","0","0","0","0","0","","","","","Ind_C_558_S01_G","C558_S01G","Temp_Battle_Se_Effect_011","1","","","BattleEndCameraPreset1"
"Mon_534R_CH2","","","Str_Char_534_S01_R_Name","","Monster","M","Green","2","Mage","Back","","","","Skill_C_534_01_R","None","GradeUp_Mage","SkillLvUp_Green","","5000","1","1","0.5","1","1","1","50","5000","100","Magical","0","0","12","1","165","13","18","1","2100","210","500","0","5000","0","0","0","0","0","0","0","","","","","Ind_C_534_S01_R","C534_S01R","Temp_Battle_Se_Effect_011","1","","","BattleEndCameraPreset1"
"Mon_530G_CH2","","","Str_Char_530_S01_G_Name","","Monster","M","Green","1","Cleric","Back","","","","Skill_C_530_01_G","None","GradeUp_Cleric","SkillLvUp_Green","","5000","1","1.4","0.5","1.4","1","1","50","5000","100","Magical","0","0","18","1","110","9","18","1","2240","224","500","0","5000","0","0","0","0","0","0","0","","","","","Ind_C_530_S01_G","C530_S01G","Temp_Battle_Se_Effect_011","1","","","BattleEndCameraPreset1"
"Mon_025G_CH2","","","Str_Char_025_S01_G_Name","","Monster","M","Green","1","Shooter","Back","","","","Skill_C_025_01_G","None","GradeUp_Shooter","SkillLvUp_Green","","5000","1","1.9","0.5","1.4","1","1","50","5000","100","Physical","165","13","18","1","0","0","12","1","2100","210","500","0","5000","0","0","0","0","0","0","0","","","","","Ind_C_025_S01_G","C025_S01G","Temp_Battle_Se_Effect_011","1","","","BattleEndCameraPreset1"
"Mon_052G_CH2","","","Str_Char_052_S01_G_Name","","Monster","M","Green","1","Mage","Back","","","","Skill_C_052_01_G","None","GradeUp_Mage","SkillLvUp_Green","","5000","1","1.9","0.5","1.4","1","1","50","5000","100","Magical","0","0","12","1","165","13","18","1","2100","210","500","0","5000","0","0","0","0","0","0","0","","","","","Ind_C_052_S01_G","C052_S01G","Temp_Battle_Se_Effect_011","1","","","BattleEndCameraPreset1"
"Mon_531R_CH2","","","Str_Char_531_S01_R_Name","","Monster","M","Red","2","Sorcerer","Middle","","","","Skill_C_531_01_R","None","GradeUp_Sorcerer","SkillLvUp_Red","","5000","1","1.4","0.5","1.4","1","1","50","5000","100","Magical","0","0","30","2","138","11","72","4","2240","224","500","0","5000","0","0","0","0","0","0","0","","","","","Ind_C_531_S01_R","C531_S01R","Temp_Battle_Se_Effect_011","1","","","BattleEndCameraPreset1"
"Mon_533R_CH2","","","Str_Char_533_S01_R_Name","","Monster","M","Red","2","Cleric","Back","","","","Skill_C_533_01_R","None","GradeUp_Sorcerer","SkillLvUp_Red","","5000","1","1.4","0.5","1.4","1","1","50","5000","100","Magical","0","0","18","1","110","9","18","1","2240","224","500","0","5000","0","0","0","0","0","0","0","","","","","Ind_C_533_S01_R","C533_S01R","Temp_Battle_Se_Effect_011","1","","","BattleEndCameraPreset1"
"Mon_527R_CH2","","","Str_Char_527_S01_R_Name","","Monster","M","Red","1","Ranger","Middle","","","","Skill_C_527_01_R","None","GradeUp_Ranger","SkillLvUp_Red","","5000","1","1.4","0.5","1.4","1","1","50","5000","100","Physical","138","11","72","4","0","0","30","2","2240","224","500","0","5000","0","0","0","0","0","0","0","","","","","Ind_C_527_S01_R","C527_S01R","Temp_Battle_Se_Effect_011","1","","","BattleEndCameraPreset1"
"Mon_051_CH2","","","Str_Char_051_S01_B_Name","Str_Char_051_S01_B_Desc","HeroMon","M","Red","1","Knight","Front","Wea_Mace","Armor_ProtectGear","Acc_HeadDress","Skill_C_051_01_B","CharRotation","GradeUp_Char_051","SkillLvUp_Main_Red_Elvinzia","SkillLvUp_Sub_Knight_Elvinzia","5000","1","1.9","0.5","1.4","1","1","83","10215","75","Magical","0","0","300","15","144","12","800","40","4900","490","500","0","5000","0","0","0","0","0","0","0","","","","Item_Material_HeroGradeUp_Char_051_S01_B","Ind_C_051_S01_B","C051_S01B","Temp_Battle_Se_Effect_011","1","","","BattleEndCameraPreset1"
"Mon_080_CH2","","","Str_Char_080_S01_G_Name","Str_Char_080_S01_G_Desc","HeroMon","M","Blue","2","Ranger","Middle","Wea_Sword","Armor_Coat","Acc_Bracelet","Skill_C_080_01_G","CharRotation","GradeUp_Char_080","SkillLvUp_Main_Blue_Cellarn","SkillLvUp_Sub_Ranger_Cellarn","5000","1","1.9","0.5","1.4","1","1","126","3753","100","Physical","344","28","240","12","0","0","100","5","5600","560","500","0","5000","0","0","0","0","0","0","0","","","","Item_Material_HeroGradeUp_Char_080_S01_G","Ind_C_080_S01_G","C080_S01G","Temp_Battle_Se_Effect_011","1","","","BattleEndCameraPreset1"
"Mon_027G_CH3","","","Str_Char_027_S01_G_Name","","Monster","M","Green","1","Fighter","Front","","","","Skill_C_027_01_G","None","GradeUp_Guardian","SkillLvUp_Green","","5000","1","1","0.5","1","1","1","50","5000","100","Physical","90","7","240","12","0","0","90","5","3000","300","500","0","5000","0","0","0","0","0","0","0","","","","","Ind_C_027_S01_G","C027_S01G","Temp_Battle_Se_Effect_011","1","","","BattleEndCameraPreset1"
"Mon_027R_CH3","","","Str_Char_027_S01_R_Name","","Monster","M","Red","1","Fighter","Front","","","","Skill_C_027_01_R","None","GradeUp_Guardian","SkillLvUp_Red","","5000","1","1","0.5","1","1","1","50","5000","100","Physical","90","7","240","12","0","0","90","5","3000","300","500","0","5000","0","0","0","0","0","0","0","","","","","Ind_C_027_S01_R","C027_S01R","Temp_Battle_Se_Effect_011","1","","","BattleEndCameraPreset1"
"Mon_045R_CH3","","","Str_Char_045_S01_R_Name","","Monster","M","Green","1","Fighter","Front","","","","Skill_C_045_01_R","None","GradeUp_Guardian","SkillLvUp_Green","","5000","1","1.2","0.5","1.2","1","1","50","5000","100","Physical","150","12","90","5","0","0","90","5","2700","270","500","0","5000","0","0","0","0","0","0","0","","","","","Ind_C_045_S01_R","C045_S01R","Temp_Battle_Se_Effect_011","1","","","BattleEndCameraPreset1"
"Mon_024G_CH3","","","Str_Char_024_S01_G_Name","","Monster","M","Green","1","Guardian","Front","","","","Skill_C_024_01_G","None","GradeUp_Guardian","SkillLvUp_Green","","5000","1","1.9","0.5","1.4","1","1","50","5000","100","Physical","90","7","240","12","0","0","90","5","3000","300","500","0","5000","0","0","0","0","0","0","0","","","","","Ind_C_024_S01_G","C024_S01G","Temp_Battle_Se_Effect_011","1","","","BattleEndCameraPreset1"
"Mon_030B_CH3","","","Str_Char_030_S01_B_Name","","Monster","M","Blue","2","Fighter","Front","","","","Skill_C_030_01_B","None","GradeUp_Guardian","SkillLvUp_Blue","","5000","1","1.9","0.5","1.4","1","1","50","5000","100","Physical","150","12","90","5","0","0","90","5","2700","270","500","0","5000","0","0","0","0","0","0","0","","","","","Ind_C_030_S01_R","C030_S01B","Temp_Battle_Se_Effect_011","1","","","BattleEndCameraPreset1"
"Mon_528G_CH3","","","Str_Char_528_S01_G_Name","","Monster","M","Green","1","Sorcerer","Middle","","","","Skill_C_528_01_G","None","GradeUp_Sorcerer","SkillLvUp_Green","","5000","1","1.4","0.5","1.4","1","1","50","5000","100","Magical","0","0","30","2","150","12","72","4","2400","240","500","0","5000","0","0","0","0","0","0","0","","","","","Ind_C_528_S01_G","C528_S01G","Temp_Battle_Se_Effect_011","1","","","BattleEndCameraPreset1"
"Mon_046G_CH3","","","Str_Char_046_S01_G_Name","","Monster","M","Green","1","Ranger","Middle","","","","Skill_C_046_01_G","None","GradeUp_Ranger","SkillLvUp_Green","","5000","1","1.2","0.5","1.2","1","1","50","5000","100","Physical","150","12","72","4","0","0","30","2","2400","240","500","0","5000","0","0","0","0","0","0","0","","","","","Ind_C_046_S01_G","C046_S01G","Temp_Battle_Se_Effect_011","1","","","BattleEndCameraPreset1"
"Mon_057G_CH3","","","Str_Char_057_S01_G_Name","","Monster","M","Green","1","Sorcerer","Middle","","","","Skill_C_057_01_G","None","GradeUp_Sorcerer","SkillLvUp_Green","","5000","1","1.4","0.5","1.4","1","1","50","5000","100","Magical","0","0","30","2","150","12","72","4","2400","240","500","0","5000","0","0","0","0","0","0","0","","","","","Ind_C_057_S01_G","C057_S01G","Temp_Battle_Se_Effect_011","1","","","BattleEndCameraPreset1"
"Mon_558G_CH3","","","Str_Char_558_S01_G_Name","","Monster","M","Green","1","Ranger","Middle","","","","Skill_C_558_01_G","None","GradeUp_Ranger","SkillLvUp_Green","","5000","1","1.9","0.5","1.4","1","1","50","5000","100","Physical","150","12","72","4","0","0","30","2","2400","240","500","0","5000","0","0","0","0","0","0","0","","","","","Ind_C_558_S01_G","C558_S01G","Temp_Battle_Se_Effect_011","1","","","BattleEndCameraPreset1"
"Mon_534R_CH3","","","Str_Char_534_S01_R_Name","","Monster","M","Green","2","Mage","Back","","","","Skill_C_534_01_R","None","GradeUp_Mage","SkillLvUp_Green","","5000","1","1","0.5","1","1","1","50","5000","100","Magical","0","0","12","1","180","14","18","1","2250","225","500","0","5000","0","0","0","0","0","0","0","","","","","Ind_C_534_S01_R","C534_S01R","Temp_Battle_Se_Effect_011","1","","","BattleEndCameraPreset1"
"Mon_530G_CH3","","","Str_Char_530_S01_G_Name","","Monster","M","Green","1","Cleric","Back","","","","Skill_C_530_01_G","None","GradeUp_Cleric","SkillLvUp_Green","","5000","1","1.4","0.5","1.4","1","1","50","5000","100","Magical","0","0","18","1","120","10","18","1","2400","240","500","0","5000","0","0","0","0","0","0","0","","","","","Ind_C_530_S01_G","C530_S01G","Temp_Battle_Se_Effect_011","1","","","BattleEndCameraPreset1"
"Mon_025G_CH3","","","Str_Char_025_S01_G_Name","","Monster","M","Green","1","Shooter","Back","","","","Skill_C_025_01_G","None","GradeUp_Shooter","SkillLvUp_Green","","5000","1","1.9","0.5","1.4","1","1","50","5000","100","Physical","180","14","18","1","0","0","12","1","2250","225","500","0","5000","0","0","0","0","0","0","0","","","","","Ind_C_025_S01_G","C025_S01G","Temp_Battle_Se_Effect_011","1","","","BattleEndCameraPreset1"
"Mon_052G_CH3","","","Str_Char_052_S01_G_Name","","Monster","M","Green","1","Mage","Back","","","","Skill_C_052_01_G","None","GradeUp_Mage","SkillLvUp_Green","","5000","1","1.9","0.5","1.4","1","1","50","5000","100","Magical","0","0","12","1","180","14","18","1","2250","225","500","0","5000","0","0","0","0","0","0","0","","","","","Ind_C_052_S01_G","C052_S01G","Temp_Battle_Se_Effect_011","1","","","BattleEndCameraPreset1"
"Mon_531R_CH3","","","Str_Char_531_S01_R_Name","","Monster","M","Red","2","Sorcerer","Middle","","","","Skill_C_531_01_R","None","GradeUp_Sorcerer","SkillLvUp_Red","","5000","1","1.4","0.5","1.4","1","1","50","5000","100","Magical","0","0","30","2","150","12","72","4","2400","240","500","0","5000","0","0","0","0","0","0","0","","","","","Ind_C_531_S01_R","C531_S01R","Temp_Battle_Se_Effect_011","1","","","BattleEndCameraPreset1"
"Mon_533R_CH3","","","Str_Char_533_S01_R_Name","","Monster","M","Red","2","Cleric","Back","","","","Skill_C_533_01_R","None","GradeUp_Sorcerer","SkillLvUp_Red","","5000","1","1.4","0.5","1.4","1","1","50","5000","100","Magical","0","0","18","1","120","10","18","1","2400","240","500","0","5000","0","0","0","0","0","0","0","","","","","Ind_C_533_S01_R","C533_S01R","Temp_Battle_Se_Effect_011","1","","","BattleEndCameraPreset1"
"Mon_527R_CH3","","","Str_Char_527_S01_R_Name","","Monster","M","Red","1","Ranger","Middle","","","","Skill_C_527_01_R","None","GradeUp_Ranger","SkillLvUp_Red","","5000","1","1.4","0.5","1.4","1","1","50","5000","100","Physical","150","12","72","4","0","0","30","2","2400","240","500","0","5000","0","0","0","0","0","0","0","","","","","Ind_C_527_S01_R","C527_S01R","Temp_Battle_Se_Effect_011","1","","","BattleEndCameraPreset1"
"Mon_098_CH3","","","Str_Char_098_S01_R_Name","Str_Char_098_S01_R_Desc","HeroMon","M","Red","1","Guardian","Front","Wea_Sword","Armor_Coat","Acc_Helmet","Skill_C_098_01_R","CharRotation","GradeUp_Char_098","SkillLvUp_Main_Red_Elvinzia","SkillLvUp_Sub_Guardian_Elvinzia","5000","1","1.9","0.5","1.4","1","1","85","9943","75","Physical","158","13","800","40","0","0","300","15","5250","525","500","0","5000","0","0","0","0","0","0","0","","","","Item_Material_HeroGradeUp_Char_098_S01_R","Ind_C_098_S01_R","C098_S01R","Temp_Battle_Se_Effect_011","1","","","BattleEndCameraPreset1"
"Mon_080_CH3","","","Str_Char_080_S01_G_Name","Str_Char_080_S01_G_Desc","HeroMon","M","Blue","2","Ranger","Middle","Wea_Sword","Armor_Coat","Acc_Bracelet","Skill_C_080_01_G","CharRotation","GradeUp_Char_080","SkillLvUp_Main_Blue_Cellarn","SkillLvUp_Sub_Ranger_Cellarn","5000","1","1.9","0.5","1.4","1","1","126","3753","100","Physical","263","21","240","12","0","0","100","5","4200","420","500","0","5000","0","0","0","0","0","0","0","","","","Item_Material_HeroGradeUp_Char_080_S01_G","Ind_C_080_S01_G","C080_S01G","Temp_Battle_Se_Effect_011","1","","","BattleEndCameraPreset1"
"Mon_100_CH3","","","Str_Char_100_S01_G_Name","Str_Char_100_S01_G_Desc","HeroMon","M","Green","2","Sorcerer","Middle","Wea_Book","Armor_Cape","Acc_HeadDress","Skill_C_100_01_G","CharRotation","GradeUp_Char_100","SkillLvUp_Main_Green_Kainan","SkillLvUp_Sub_Sorcerer_Kainan","5000","1","1.9","0.5","1.4","1","1","124","3823","100","Magical","0","0","100","5","375","30","240","12","6000","600","1500","0","8000","0","0","0","0","0","0","0","","","","Item_Material_HeroGradeUp_Char_100_S01_G","Ind_C_100_S01_G","C100_S01G","Temp_Battle_Se_Effect_011","1","","","BattleEndCameraPreset1"
"Mon_027G_CH4","","","Str_Char_027_S01_G_Name","","Monster","M","Green","1","Fighter","Front","","","","Skill_C_027_01_G","None","GradeUp_Guardian","SkillLvUp_Green","","5000","1","1","0.5","1","1","1","50","5000","100","Physical","98","8","240","12","0","0","90","5","3000","300","500","0","5000","0","0","0","0","0","0","0","","","","","Ind_C_027_S01_G","C027_S01G","Temp_Battle_Se_Effect_011","1","","","BattleEndCameraPreset1"
"Mon_027R_CH4","","","Str_Char_027_S01_R_Name","","Monster","M","Red","1","Fighter","Front","","","","Skill_C_027_01_R","None","GradeUp_Guardian","SkillLvUp_Red","","5000","1","1","0.5","1","1","1","50","5000","100","Physical","98","8","240","12","0","0","90","5","3000","300","500","0","5000","0","0","0","0","0","0","0","","","","","Ind_C_027_S01_R","C027_S01R","Temp_Battle_Se_Effect_011","1","","","BattleEndCameraPreset1"
"Mon_045R_CH4","","","Str_Char_045_S01_R_Name","","Monster","M","Green","1","Fighter","Front","","","","Skill_C_045_01_R","None","GradeUp_Guardian","SkillLvUp_Green","","5000","1","1.2","0.5","1.2","1","1","50","5000","100","Physical","163","13","90","5","0","0","90","5","2700","270","500","0","5000","0","0","0","0","0","0","0","","","","","Ind_C_045_S01_R","C045_S01R","Temp_Battle_Se_Effect_011","1","","","BattleEndCameraPreset1"
"Mon_024G_CH4","","","Str_Char_024_S01_G_Name","","Monster","M","Green","1","Guardian","Front","","","","Skill_C_024_01_G","None","GradeUp_Guardian","SkillLvUp_Green","","5000","1","1.9","0.5","1.4","1","1","50","5000","100","Physical","98","8","240","12","0","0","90","5","3000","300","500","0","5000","0","0","0","0","0","0","0","","","","","Ind_C_024_S01_G","C024_S01G","Temp_Battle_Se_Effect_011","1","","","BattleEndCameraPreset1"
"Mon_030B_CH4","","","Str_Char_030_S01_B_Name","","Monster","M","Blue","2","Fighter","Front","","","","Skill_C_030_01_B","None","GradeUp_Guardian","SkillLvUp_Blue","","5000","1","1.9","0.5","1.4","1","1","50","5000","100","Physical","163","13","90","5","0","0","90","5","2700","270","500","0","5000","0","0","0","0","0","0","0","","","","","Ind_C_030_S01_R","C030_S01B","Temp_Battle_Se_Effect_011","1","","","BattleEndCameraPreset1"
"Mon_528G_CH4","","","Str_Char_528_S01_G_Name","","Monster","M","Green","1","Sorcerer","Middle","","","","Skill_C_528_01_G","None","GradeUp_Sorcerer","SkillLvUp_Green","","5000","1","1.4","0.5","1.4","1","1","50","5000","100","Magical","0","0","30","2","163","13","72","4","2400","240","500","0","5000","0","0","0","0","0","0","0","","","","","Ind_C_528_S01_G","C528_S01G","Temp_Battle_Se_Effect_011","1","","","BattleEndCameraPreset1"
"Mon_046G_CH4","","","Str_Char_046_S01_G_Name","","Monster","M","Green","1","Ranger","Middle","","","","Skill_C_046_01_G","None","GradeUp_Ranger","SkillLvUp_Green","","5000","1","1.2","0.5","1.2","1","1","50","5000","100","Physical","163","13","72","4","0","0","30","2","2400","240","500","0","5000","0","0","0","0","0","0","0","","","","","Ind_C_046_S01_G","C046_S01G","Temp_Battle_Se_Effect_011","1","","","BattleEndCameraPreset1"
"Mon_057G_CH4","","","Str_Char_057_S01_G_Name","","Monster","M","Green","1","Sorcerer","Middle","","","","Skill_C_057_01_G","None","GradeUp_Sorcerer","SkillLvUp_Green","","5000","1","1.4","0.5","1.4","1","1","50","5000","100","Magical","0","0","30","2","163","13","72","4","2400","240","500","0","5000","0","0","0","0","0","0","0","","","","","Ind_C_057_S01_G","C057_S01G","Temp_Battle_Se_Effect_011","1","","","BattleEndCameraPreset1"
"Mon_558G_CH4","","","Str_Char_558_S01_G_Name","","Monster","M","Green","1","Ranger","Middle","","","","Skill_C_558_01_G","None","GradeUp_Ranger","SkillLvUp_Green","","5000","1","1.9","0.5","1.4","1","1","50","5000","100","Physical","163","13","72","4","0","0","30","2","2400","240","500","0","5000","0","0","0","0","0","0","0","","","","","Ind_C_558_S01_G","C558_S01G","Temp_Battle_Se_Effect_011","1","","","BattleEndCameraPreset1"
"Mon_534R_CH4","","","Str_Char_534_S01_R_Name","","Monster","M","Green","2","Mage","Back","","","","Skill_C_534_01_R","None","GradeUp_Mage","SkillLvUp_Green","","5000","1","1","0.5","1","1","1","50","5000","100","Magical","0","0","12","1","195","16","18","1","2250","225","500","0","5000","0","0","0","0","0","0","0","","","","","Ind_C_534_S01_R","C534_S01R","Temp_Battle_Se_Effect_011","1","","","BattleEndCameraPreset1"
"Mon_530G_CH4","","","Str_Char_530_S01_G_Name","","Monster","M","Green","1","Cleric","Back","","","","Skill_C_530_01_G","None","GradeUp_Cleric","SkillLvUp_Green","","5000","1","1.4","0.5","1.4","1","1","50","5000","100","Magical","0","0","18","1","130","10","18","1","2400","240","500","0","5000","0","0","0","0","0","0","0","","","","","Ind_C_530_S01_G","C530_S01G","Temp_Battle_Se_Effect_011","1","","","BattleEndCameraPreset1"
"Mon_025G_CH4","","","Str_Char_025_S01_G_Name","","Monster","M","Green","1","Shooter","Back","","","","Skill_C_025_01_G","None","GradeUp_Shooter","SkillLvUp_Green","","5000","1","1.9","0.5","1.4","1","1","50","5000","100","Physical","195","16","18","1","0","0","12","1","2250","225","500","0","5000","0","0","0","0","0","0","0","","","","","Ind_C_025_S01_G","C025_S01G","Temp_Battle_Se_Effect_011","1","","","BattleEndCameraPreset1"
"Mon_052G_CH4","","","Str_Char_052_S01_G_Name","","Monster","M","Green","1","Mage","Back","","","","Skill_C_052_01_G","None","GradeUp_Mage","SkillLvUp_Green","","5000","1","1.9","0.5","1.4","1","1","50","5000","100","Magical","0","0","12","1","195","16","18","1","2250","225","500","0","5000","0","0","0","0","0","0","0","","","","","Ind_C_052_S01_G","C052_S01G","Temp_Battle_Se_Effect_011","1","","","BattleEndCameraPreset1"
"Mon_531R_CH4","","","Str_Char_531_S01_R_Name","","Monster","M","Red","2","Sorcerer","Middle","","","","Skill_C_531_01_R","None","GradeUp_Sorcerer","SkillLvUp_Red","","5000","1","1.4","0.5","1.4","1","1","50","5000","100","Magical","0","0","30","2","163","13","72","4","2400","240","500","0","5000","0","0","0","0","0","0","0","","","","","Ind_C_531_S01_R","C531_S01R","Temp_Battle_Se_Effect_011","1","","","BattleEndCameraPreset1"
"Mon_533R_CH4","","","Str_Char_533_S01_R_Name","","Monster","M","Red","2","Cleric","Back","","","","Skill_C_533_01_R","None","GradeUp_Sorcerer","SkillLvUp_Red","","5000","1","1.4","0.5","1.4","1","1","50","5000","100","Magical","0","0","18","1","130","10","18","1","2400","240","500","0","5000","0","0","0","0","0","0","0","","","","","Ind_C_533_S01_R","C533_S01R","Temp_Battle_Se_Effect_011","1","","","BattleEndCameraPreset1"
"Mon_527R_CH4","","","Str_Char_527_S01_R_Name","","Monster","M","Red","1","Ranger","Middle","","","","Skill_C_527_01_R","None","GradeUp_Ranger","SkillLvUp_Red","","5000","1","1.4","0.5","1.4","1","1","50","5000","100","Physical","163","13","72","4","0","0","30","2","2400","240","500","0","5000","0","0","0","0","0","0","0","","","","","Ind_C_527_S01_R","C527_S01R","Temp_Battle_Se_Effect_011","1","","","BattleEndCameraPreset1"
"Mon_080_CH4","","","Str_Char_080_S01_G_Name","Str_Char_080_S01_G_Desc","HeroMon","M","Blue","2","Ranger","Middle","Wea_Sword","Armor_Coat","Acc_Bracelet","Skill_C_080_01_G","CharRotation","GradeUp_Char_080","SkillLvUp_Main_Blue_Cellarn","SkillLvUp_Sub_Ranger_Cellarn","5000","1","1.9","0.5","1.4","1","1","126","3753","100","Physical","284","23","240","12","0","0","100","5","4200","420","500","0","5000","0","0","0","0","0","0","0","","","","Item_Material_HeroGradeUp_Char_080_S01_G","Ind_C_080_S01_G","C080_S01G","Temp_Battle_Se_Effect_011","1","","","BattleEndCameraPreset1"
"Mon_100_CH4","","","Str_Char_100_S01_G_Name","Str_Char_100_S01_G_Desc","HeroMon","M","Green","2","Sorcerer","Middle","Wea_Book","Armor_Cape","Acc_HeadDress","Skill_C_100_01_G","CharRotation","GradeUp_Char_100","SkillLvUp_Main_Green_Kainan","SkillLvUp_Sub_Sorcerer_Kainan","5000","1","1.9","0.5","1.4","1","1","124","3823","100","Magical","0","0","100","5","394","32","120","6","4200","420","500","0","5000","0","0","0","0","0","0","0","","","","Item_Material_HeroGradeUp_Char_100_S01_G","Ind_C_100_S01_G","C100_S01G","Temp_Battle_Se_Effect_011","1","","","BattleEndCameraPreset1"
"Mon_535G_CH4","","Str_Char_535_S01_G_Title","Str_Char_535_S01_G_Name","Str_Char_535_S01_G_Desc","Monster","M","Red","3","Fighter","Front","","","","Skill_C_535_01_G","None","GradeUp_Guardian","SkillLvUp_Red","","5000","1","1.9","0.5","1.4","0.2","4","66","6444","146","Physical","525","42","800","40","0","0","300","15","8000","800","1500","0","5000","0","0","0","0","0","0","0","","","","","Ind_C_535_S01_G","C535_S01G","Temp_Battle_Se_Effect_011","1.2","","","BattleEndCameraPreset1"
"Mon_535G_CH4_Boss","","Str_Char_535_S01_G_Title","Str_Char_535_S01_G_Name","Str_Char_535_S01_G_Desc","Monster","M","Red","3","Fighter","Front","","","","Skill_C_535_01_G","None","GradeUp_Guardian","SkillLvUp_Red","","5000","1","1.9","0.5","1.4","0.2","4","66","6444","146","Physical","525","42","800","40","0","0","300","15","8000","800","1500","0","5000","0","0","0","0","0","0","0","","","","","Ind_C_535_S01_G","C535_S01G","Temp_Battle_Se_Effect_011","1.2","","","BattleEndCameraPreset1"
"Mon_045R_CH5","","","Str_Char_045_S01_R_Name","","Monster","M","Green","1","Fighter","Front","","","","Skill_C_045_01_R","None","GradeUp_Guardian","SkillLvUp_Green","","5000","1","1.2","0.5","1.2","1","1","50","5000","100","Physical","175","14","90","5","0","0","90","5","2880","288","500","0","5000","0","0","0","0","0","0","0","","","","","Ind_C_045_S01_R","C045_S01R","Temp_Battle_Se_Effect_011","1","","","BattleEndCameraPreset1"
"Mon_536G_CH5","","","Str_Char_536_S01_G_Name","","Monster","M","Green","1","Guardian","Front","","","","Skill_C_536_01_G","None","GradeUp_Guardian","SkillLvUp_Green","","5000","1","1.4","0.5","1.4","1","1","50","5000","100","Physical","105","8","240","12","0","0","90","5","3200","320","500","0","5000","0","0","0","0","0","0","0","","","","","Ind_C_536_S01_G","C536_S01G","Temp_Battle_Se_Effect_011","1","","","BattleEndCameraPreset1"
"Mon_592R_CH5","","","Str_Char_592_S01_R_Name","","Monster","M","Red","1","Guardian","Front","","","","Skill_C_592_01_R","None","GradeUp_Guardian","SkillLvUp_Red","","5000","1","1.4","0.5","1.4","1","1","50","5000","100","Physical","105","8","240","12","0","0","90","5","3200","320","500","0","5000","0","0","0","0","0","0","0","","","","","Ind_C_592_S01_R","C592_S01R","Temp_Battle_Se_Effect_011","1","","","BattleEndCameraPreset1"
"Mon_024G_CH5","","","Str_Char_024_S01_G_Name","","Monster","M","Green","1","Guardian","Front","","","","Skill_C_024_01_G","None","GradeUp_Guardian","SkillLvUp_Green","","5000","1","1.9","0.5","1.4","1","1","50","5000","100","Physical","105","8","240","12","0","0","90","5","3200","320","500","0","5000","0","0","0","0","0","0","0","","","","","Ind_C_024_S01_G","C024_S01G","Temp_Battle_Se_Effect_011","1","","","BattleEndCameraPreset1"
"Mon_591G_CH5","","","Str_Char_591_S01_R_Name","","Monster","M","Red","1","Fighter","Front","","","","Skill_C_591_01_R","None","GradeUp_Guardian","SkillLvUp_Red","","5000","1","1.9","0.5","1.4","1","1","50","5000","100","Physical","175","14","90","5","0","0","90","5","2880","288","500","0","5000","0","0","0","0","0","0","0","","","","","Ind_C_591_S01_R","C591_S01R","Temp_Battle_Se_Effect_011","1","","","BattleEndCameraPreset1"
"Mon_557G_CH5","","","Str_Char_557_S01_G_Name","","Monster","M","Green","1","Fighter","Front","","","","Skill_C_557_01_G","None","GradeUp_Guardian","SkillLvUp_Green","","5000","1","2.1","0.5","1.5","1","1","50","5000","100","Physical","105","8","240","12","0","0","90","5","3200","320","500","0","5000","0","0","0","0","0","0","0","","","","","Ind_C_557_S01_G","C557_S01G","Temp_Battle_Se_Effect_011","1","","","BattleEndCameraPreset1"
"Mon_046G_CH5","","","Str_Char_046_S01_G_Name","","Monster","M","Green","1","Ranger","Middle","","","","Skill_C_046_01_G","None","GradeUp_Ranger","SkillLvUp_Green","","5000","1","1.2","0.5","1.2","1","1","50","5000","100","Physical","175","14","72","4","0","0","30","2","2560","256","500","0","5000","0","0","0","0","0","0","0","","","","","Ind_C_046_S01_G","C046_S01G","Temp_Battle_Se_Effect_011","1","","","BattleEndCameraPreset1"
"Mon_593R_CH5","","","Str_Char_593_S01_R_Name","","Monster","M","Red","1","Ranger","Middle","","","","Skill_C_593_01_R","None","GradeUp_Ranger","SkillLvUp_Red","","5000","1","1","0.5","1","1","1","50","5000","100","Physical","175","14","72","4","0","0","30","2","2560","256","500","0","5000","0","0","0","0","0","0","0","","","","","Ind_C_593_S01_R","C593_S01R","Temp_Battle_Se_Effect_011","1","","","BattleEndCameraPreset1"
"Mon_590G_CH5","","","Str_Char_590_S01_G_Name","","Monster","M","Green","1","Ranger","Middle","","","","Skill_C_590_01_G","None","GradeUp_Ranger","SkillLvUp_Green","","5000","1","1.4","0.5","1.4","1","1","50","5000","100","Physical","175","14","72","4","0","0","30","2","2560","256","500","0","5000","0","0","0","0","0","0","0","","","","","Ind_C_590_S01_G","C590_S01G","Temp_Battle_Se_Effect_011","1","","","BattleEndCameraPreset1"
"Mon_588G_CH5","","","Str_Char_588_S01_G_Name","","Monster","M","Green","1","Sorcerer","Middle","","","","Skill_C_588_01_G","None","GradeUp_Sorcerer","SkillLvUp_Green","","5000","1","1.9","0.5","1.4","1","1","50","5000","100","Magical","0","0","30","2","175","14","72","4","2560","256","500","0","5000","0","0","0","0","0","0","0","","","","","Ind_C_588_S01_G","C588_S01G","Temp_Battle_Se_Effect_011","1","","","BattleEndCameraPreset1"
"Mon_594R_CH5","","","Str_Char_594_S01_R_Name","","Monster","M","Red","1","Cleric","Back","","","","Skill_C_594_01_R","None","GradeUp_Cleric","SkillLvUp_Red","","5000","1","1","0.5","1","1","1","50","5000","100","Magical","0","0","18","1","140","11","18","1","2560","256","500","0","5000","0","0","0","0","0","0","0","","","","","Ind_C_594_S01_R","C594_S01R","Temp_Battle_Se_Effect_011","1","","","BattleEndCameraPreset1"
"Mon_025G_CH5","","","Str_Char_025_S01_G_Name","","Monster","M","Green","1","Shooter","Back","","","","Skill_C_025_01_G","None","GradeUp_Shooter","SkillLvUp_Green","","5000","1","1.9","0.5","1.4","1","1","50","5000","100","Physical","210","17","18","1","0","0","12","1","2400","240","500","0","5000","0","0","0","0","0","0","0","","","","","Ind_C_025_S01_G","C025_S01G","Temp_Battle_Se_Effect_011","1","","","BattleEndCameraPreset1"
"Mon_595G_CH5","","","Str_Char_595_S01_G_Name","","Monster","M","Green","1","Shooter","Back","","","","Skill_C_595_01_G","None","GradeUp_Shooter","SkillLvUp_Green","","5000","1","1.9","0.5","1.4","1","1","50","5000","100","Physical","210","17","18","1","0","0","12","1","2400","240","500","0","5000","0","0","0","0","0","0","0","","","","","Ind_C_595_S01_G","C595_S01G","Temp_Battle_Se_Effect_011","1","","","BattleEndCameraPreset1"
"Mon_543B_CH5","","","Str_Char_543_S01_B_Name","","Monster","M","Red","1","Shooter","Back","","","","Skill_C_543_01_B","None","GradeUp_Shooter","SkillLvUp_Red","","5000","1","1.9","0.5","1.4","1","1","50","5000","100","Physical","210","17","18","1","0","0","12","1","2400","240","500","0","5000","0","0","0","0","0","0","0","","","","","Ind_C_543_S01_B","C543_S01B","Temp_Battle_Se_Effect_011","1","","","BattleEndCameraPreset1"
"Mon_559R_CH5","","","Str_Char_559_S01_R_Name","","Monster","M","Red","2","Ranger","Middle","","","","Skill_C_559_01_R","None","GradeUp_Ranger","SkillLvUp_Red","","5000","1","1.9","0.5","1.4","1","1","50","5000","100","Physical","175","14","72","4","0","0","30","2","2560","256","500","0","5000","0","0","0","0","0","0","0","","","","","Ind_C_559_S01_R","C559_S01R","Temp_Battle_Se_Effect_011","1","","","BattleEndCameraPreset1"
"Mon_525R_CH5","","","Str_Char_525_S01_R_Name","","Monster","M","Red","2","Shooter","Back","","","","Skill_C_525_01_R","None","GradeUp_Shooter","SkillLvUp_Red","","5000","1","1.4","0.5","1.4","1","1","50","5000","100","Physical","210","17","18","1","0","0","12","1","2400","240","500","0","5000","0","0","0","0","0","0","0","","","","","Ind_C_525_S01_R","C525_S01R","Temp_Battle_Se_Effect_011","1","","","BattleEndCameraPreset1"
"Mon_589R_CH5","","","Str_Char_589_S01_R_Name","","Monster","M","Red","2","Sorcerer","Middle","","","","Skill_C_589_01_R","None","GradeUp_Sorcerer","SkillLvUp_Red","","5000","1","1.4","0.5","1.4","1","1","50","5000","100","Magical","0","0","30","2","175","14","72","4","2560","256","500","0","5000","0","0","0","0","0","0","0","","","","","Ind_C_589_S01_R","C589_S01R","Temp_Battle_Se_Effect_011","1","","","BattleEndCameraPreset1"
"Mon_537R_CH5","","Str_Char_537_S01_R_Title","Str_Char_537_S01_R_Name","Str_Char_537_S01_R_Desc","Monster","M","Red","2","Guardian","Front","","","","Skill_C_537_01_R","None","GradeUp_Guardian","SkillLvUp_Red","","5000","1","1.9","0.5","1.4","1","1","50","5000","100","Physical","210","17","800","40","0","0","300","15","8000","800","500","0","5000","0","0","0","0","0","0","0","","","","","Ind_C_537_S01_R","C537_S01R","Temp_Battle_Se_Effect_011","1","","","BattleEndCameraPreset1"
"Mon_016_CH5","","","Str_Char_016_S01_B_Name","Str_Char_016_S01_B_Desc","HeroMon","M","Blue","1","Fighter","Front","Wea_Sword","Armor_Coat","Acc_Ring","Skill_C_016_01_B","CharRotation","GradeUp_Char_016","SkillLvUp_Main_Blue_DelMar","SkillLvUp_Sub_Fighter_DelMar","5000","1","1.9","0.5","1.4","1","1","109","4854","100","Physical","306","25","300","15","0","0","300","15","5040","504","500","0","5000","0","0","0","0","0","0","0","","","","Item_Material_HeroGradeUp_Char_016_S01_B","Ind_C_016_S01_B","C016_S01B","Temp_Battle_Se_Effect_011","1","","","BattleEndCameraPreset1"
"Mon_041_CH5","","","Str_Char_041_S01_R_Name","Str_Char_041_S01_R_Desc","HeroMon","M","Red","2","Sorcerer","Middle","Wea_Staff","Armor_Cape","Acc_HeadDress","Skill_C_041_01_R","CharRotation","GradeUp_Char_041","SkillLvUp_Main_Red_DelMar","SkillLvUp_Sub_Sorcerer_DelMar","5000","1","1.9","0.5","1.4","1","1","116","4106","100","Magical","0","0","100","5","438","35","240","12","6400","640","500","0","5000","0","0","0","0","0","0","0","","","","Item_Material_HeroGradeUp_Char_041_S01_R","Ind_C_041_S01_R","C041_S01R","Temp_Battle_Se_Effect_011","1","","","BattleEndCameraPreset1"
"Mon_045R_CH6","","","Str_Char_045_S01_R_Name","","Monster","M","Green","1","Fighter","Front","","","","Skill_C_045_01_R","None","GradeUp_Guardian","SkillLvUp_Green","","5000","1","1.2","0.5","1.2","1","1","50","5000","100","Physical","213","17","90","5","0","0","90","5","2880","288","500","0","5000","0","0","0","0","0","0","0","","","","","Ind_C_045_S01_R","C045_S01R","Temp_Battle_Se_Effect_011","1","","","BattleEndCameraPreset1"
"Mon_536G_CH6","","","Str_Char_536_S01_G_Name","","Monster","M","Green","1","Knight","Front","","","","Skill_C_536_01_G","None","GradeUp_Guardian","SkillLvUp_Green","","5000","1","1.4","0.5","1.4","1","1","50","5000","100","Physical","128","10","240","12","0","0","90","5","3200","320","500","0","5000","0","0","0","0","0","0","0","","","","","Ind_C_536_S01_G","C536_S01G","Temp_Battle_Se_Effect_011","1","","","BattleEndCameraPreset1"
"Mon_592R_CH6","","","Str_Char_592_S01_R_Name","","Monster","M","Red","1","Knight","Front","","","","Skill_C_592_01_R","None","GradeUp_Guardian","SkillLvUp_Red","","5000","1","1.4","0.5","1.4","1","1","50","5000","100","Physical","128","10","240","12","0","0","90","5","3200","320","500","0","5000","0","0","0","0","0","0","0","","","","","Ind_C_592_S01_R","C592_S01R","Temp_Battle_Se_Effect_011","1","","","BattleEndCameraPreset1"
"Mon_024G_CH6","","","Str_Char_024_S01_G_Name","","Monster","M","Green","1","Guardian","Front","","","","Skill_C_024_01_G","None","GradeUp_Guardian","SkillLvUp_Green","","5000","1","1.9","0.5","1.4","1","1","50","5000","100","Physical","128","10","240","12","0","0","90","5","3200","320","500","0","5000","0","0","0","0","0","0","0","","","","","Ind_C_024_S01_G","C024_S01G","Temp_Battle_Se_Effect_011","1","","","BattleEndCameraPreset1"
"Mon_591G_CH6","","","Str_Char_591_S01_R_Name","","Monster","M","Red","1","Fighter","Front","","","","Skill_C_591_01_R","None","GradeUp_Guardian","SkillLvUp_Red","","5000","1","1.9","0.5","1.4","1","1","50","5000","100","Physical","213","17","90","5","0","0","90","5","2880","288","500","0","5000","0","0","0","0","0","0","0","","","","","Ind_C_591_S01_R","C591_S01R","Temp_Battle_Se_Effect_011","1","","","BattleEndCameraPreset1"
"Mon_557G_CH6","","","Str_Char_557_S01_G_Name","","Monster","M","Green","1","Fighter","Front","","","","Skill_C_557_01_G","None","GradeUp_Guardian","SkillLvUp_Green","","5000","1","2.1","0.5","1.5","1","1","50","5000","100","Physical","128","10","240","12","0","0","90","5","3200","320","500","0","5000","0","0","0","0","0","0","0","","","","","Ind_C_557_S01_G","C557_S01G","Temp_Battle_Se_Effect_011","1","","","BattleEndCameraPreset1"
"Mon_046G_CH6","","","Str_Char_046_S01_G_Name","","Monster","M","Green","1","Ranger","Middle","","","","Skill_C_046_01_G","None","GradeUp_Ranger","SkillLvUp_Green","","5000","1","1.2","0.5","1.2","1","1","50","5000","100","Physical","213","17","72","4","0","0","30","2","2560","256","500","0","5000","0","0","0","0","0","0","0","","","","","Ind_C_046_S01_G","C046_S01G","Temp_Battle_Se_Effect_011","1","","","BattleEndCameraPreset1"
"Mon_593R_CH6","","","Str_Char_593_S01_R_Name","","Monster","M","Red","1","Ranger","Middle","","","","Skill_C_593_01_R","None","GradeUp_Ranger","SkillLvUp_Red","","5000","1","1","0.5","1","1","1","50","5000","100","Physical","213","17","72","4","0","0","30","2","2560","256","500","0","5000","0","0","0","0","0","0","0","","","","","Ind_C_593_S01_R","C593_S01R","Temp_Battle_Se_Effect_011","1","","","BattleEndCameraPreset1"
"Mon_590G_CH6","","","Str_Char_590_S01_G_Name","","Monster","M","Green","1","Ranger","Middle","","","","Skill_C_590_01_G","None","GradeUp_Ranger","SkillLvUp_Green","","5000","1","1.4","0.5","1.4","1","1","50","5000","100","Physical","213","17","72","4","0","0","30","2","2560","256","500","0","5000","0","0","0","0","0","0","0","","","","","Ind_C_590_S01_G","C590_S01G","Temp_Battle_Se_Effect_011","1","","","BattleEndCameraPreset1"
"Mon_588G_CH6","","","Str_Char_588_S01_G_Name","","Monster","M","Green","1","Sorcerer","Middle","","","","Skill_C_588_01_G","None","GradeUp_Sorcerer","SkillLvUp_Green","","5000","1","1.9","0.5","1.4","1","1","50","5000","100","Magical","0","0","30","2","213","17","72","4","2560","256","500","0","5000","0","0","0","0","0","0","0","","","","","Ind_C_588_S01_G","C588_S01G","Temp_Battle_Se_Effect_011","1","","","BattleEndCameraPreset1"
"Mon_594R_CH6","","","Str_Char_594_S01_R_Name","","Monster","M","Red","1","Cleric","Back","","","","Skill_C_594_01_R","None","GradeUp_Cleric","SkillLvUp_Red","","5000","1","1","0.5","1","1","1","50","5000","100","Magical","0","0","18","1","170","14","18","1","2560","256","500","0","5000","0","0","0","0","0","0","0","","","","","Ind_C_594_S01_R","C594_S01R","Temp_Battle_Se_Effect_011","1","","","BattleEndCameraPreset1"
"Mon_025G_CH6","","","Str_Char_025_S01_G_Name","","Monster","M","Green","1","Shooter","Back","","","","Skill_C_025_01_G","None","GradeUp_Shooter","SkillLvUp_Green","","5000","1","1.9","0.5","1.4","1","1","50","5000","100","Physical","255","20","18","1","0","0","12","1","2400","240","500","0","5000","0","0","0","0","0","0","0","","","","","Ind_C_025_S01_G","C025_S01G","Temp_Battle_Se_Effect_011","1","","","BattleEndCameraPreset1"
"Mon_595G_CH6","","","Str_Char_595_S01_G_Name","","Monster","M","Green","1","Shooter","Back","","","","Skill_C_595_01_G","None","GradeUp_Shooter","SkillLvUp_Green","","5000","1","1.9","0.5","1.4","1","1","50","5000","100","Physical","255","20","18","1","0","0","12","1","2400","240","500","0","5000","0","0","0","0","0","0","0","","","","","Ind_C_595_S01_G","C595_S01G","Temp_Battle_Se_Effect_011","1","","","BattleEndCameraPreset1"
"Mon_543B_CH6","","","Str_Char_543_S01_B_Name","","Monster","M","Red","1","Shooter","Back","","","","Skill_C_543_01_B","None","GradeUp_Shooter","SkillLvUp_Red","","5000","1","1.9","0.5","1.4","1","1","50","5000","100","Physical","255","20","18","1","0","0","12","1","2400","240","500","0","5000","0","0","0","0","0","0","0","","","","","Ind_C_543_S01_B","C543_S01B","Temp_Battle_Se_Effect_011","1","","","BattleEndCameraPreset1"
"Mon_559R_CH6","","","Str_Char_559_S01_R_Name","","Monster","M","Red","2","Ranger","Middle","","","","Skill_C_559_01_R","None","GradeUp_Ranger","SkillLvUp_Red","","5000","1","1.9","0.5","1.4","1","1","50","5000","100","Physical","213","17","72","4","0","0","30","2","2560","256","500","0","5000","0","0","0","0","0","0","0","","","","","Ind_C_559_S01_R","C559_S01R","Temp_Battle_Se_Effect_011","1","","","BattleEndCameraPreset1"
"Mon_525R_CH6","","","Str_Char_525_S01_R_Name","","Monster","M","Red","2","Shooter","Back","","","","Skill_C_525_01_R","None","GradeUp_Shooter","SkillLvUp_Red","","5000","1","1.4","0.5","1.4","1","1","50","5000","100","Physical","255","20","18","1","0","0","12","1","2400","240","500","0","5000","0","0","0","0","0","0","0","","","","","Ind_C_525_S01_R","C525_S01R","Temp_Battle_Se_Effect_011","1","","","BattleEndCameraPreset1"
"Mon_589R_CH6","","","Str_Char_589_S01_R_Name","","Monster","M","Red","2","Sorcerer","Middle","","","","Skill_C_589_01_R","None","GradeUp_Sorcerer","SkillLvUp_Red","","5000","1","1.4","0.5","1.4","1","1","50","5000","100","Magical","0","0","30","2","213","17","72","4","2560","256","500","0","5000","0","0","0","0","0","0","0","","","","","Ind_C_589_S01_R","C589_S01R","Temp_Battle_Se_Effect_011","1","","","BattleEndCameraPreset1"
"Mon_537R_CH6","","Str_Char_537_S01_R_Title","Str_Char_537_S01_R_Name","Str_Char_537_S01_R_Desc","Monster","M","Red","2","Guardian","Front","","","","Skill_C_537_01_R","None","GradeUp_Guardian","SkillLvUp_Red","","5000","1","1.9","0.5","1.4","1","1","50","5000","100","Physical","255","20","800","40","0","0","300","15","8000","800","500","0","5000","0","0","0","0","0","0","0","","","","","Ind_C_537_S01_R","C537_S01R","Temp_Battle_Se_Effect_011","1","","","BattleEndCameraPreset1"
"Mon_088_CH6","","","Str_Char_088_S01_R_Name","Str_Char_088_S01_R_Desc","HeroMon","M","Red","2","Ranger","Middle","Wea_Ranged","Armor_Cape","Acc_Bracelet","Skill_C_088_01_R","CharRotation","GradeUp_Char_088","SkillLvUp_Main_Red_Paulhill","SkillLvUp_Sub_Ranger_Paulhill","5000","1","1.9","0.5","1.4","1","1","118","4034","100","Physical","372","30","240","12","0","0","100","5","4480","448","500","0","5000","0","0","0","0","0","0","0","","","","Item_Material_HeroGradeUp_Char_088_S01_R","Ind_C_088_S01_R","C088_S01R","Temp_Battle_Se_Effect_011","1","","","BattleEndCameraPreset1"
"Mon_005_CH6","","","Str_Char_005_S01_D_Name","Str_Char_005_S01_D_Desc","HeroMon","M","Blue","2","Guardian","Front","Wea_Sword","Armor_Coat","Acc_Helmet","Skill_C_005_01_D","CharRotation","GradeUp_Char_005","SkillLvUp_Main_Blue_DelMar","SkillLvUp_Sub_Guardian_DelMar","5000","1","1.9","0.5","1.4","1","1","84","10109","75","Physical","319","26","800","40","0","0","300","15","5600","560","500","0","5000","0","0","0","0","0","0","0","","","","Item_Material_HeroGradeUp_Char_005_S01_D","Ind_C_005_S01_D","C005_S01D","Temp_Battle_Se_Effect_011","1","","","BattleEndCameraPreset1"
"Mon_045R_CH7","","","Str_Char_045_S01_R_Name","","Monster","M","Green","1","Fighter","Front","","","","Skill_C_045_01_R","None","GradeUp_Guardian","SkillLvUp_Green","","5000","1","1.2","0.5","1.2","1","1","50","5000","100","Physical","225","18","90","5","0","0","90","5","3060","306","500","0","5000","0","0","0","0","0","0","0","","","","","Ind_C_045_S01_R","C045_S01R","Temp_Battle_Se_Effect_011","1","","","BattleEndCameraPreset1"
"Mon_536G_CH7","","","Str_Char_536_S01_G_Name","","Monster","M","Green","1","Knight","Front","","","","Skill_C_536_01_G","None","GradeUp_Guardian","SkillLvUp_Green","","5000","1","1.4","0.5","1.4","1","1","50","5000","100","Physical","135","11","240","12","0","0","90","5","3400","340","500","0","5000","0","0","0","0","0","0","0","","","","","Ind_C_536_S01_G","C536_S01G","Temp_Battle_Se_Effect_011","1","","","BattleEndCameraPreset1"
"Mon_592R_CH7","","","Str_Char_592_S01_R_Name","","Monster","M","Red","1","Knight","Front","","","","Skill_C_592_01_R","None","GradeUp_Guardian","SkillLvUp_Red","","5000","1","1.4","0.5","1.4","1","1","50","5000","100","Physical","135","11","240","12","0","0","90","5","3400","340","500","0","5000","0","0","0","0","0","0","0","","","","","Ind_C_592_S01_R","C592_S01R","Temp_Battle_Se_Effect_011","1","","","BattleEndCameraPreset1"
"Mon_024G_CH7","","","Str_Char_024_S01_G_Name","","Monster","M","Green","1","Guardian","Front","","","","Skill_C_024_01_G","None","GradeUp_Guardian","SkillLvUp_Green","","5000","1","1.9","0.5","1.4","1","1","50","5000","100","Physical","135","11","240","12","0","0","90","5","3400","340","500","0","5000","0","0","0","0","0","0","0","","","","","Ind_C_024_S01_G","C024_S01G","Temp_Battle_Se_Effect_011","1","","","BattleEndCameraPreset1"
"Mon_591G_CH7","","","Str_Char_591_S01_R_Name","","Monster","M","Red","1","Fighter","Front","","","","Skill_C_591_01_R","None","GradeUp_Guardian","SkillLvUp_Red","","5000","1","1.9","0.5","1.4","1","1","50","5000","100","Physical","225","18","90","5","0","0","90","5","3060","306","500","0","5000","0","0","0","0","0","0","0","","","","","Ind_C_591_S01_R","C591_S01R","Temp_Battle_Se_Effect_011","1","","","BattleEndCameraPreset1"
"Mon_557G_CH7","","","Str_Char_557_S01_G_Name","","Monster","M","Green","1","Fighter","Front","","","","Skill_C_557_01_G","None","GradeUp_Guardian","SkillLvUp_Green","","5000","1","2.1","0.5","1.5","1","1","50","5000","100","Physical","135","11","240","12","0","0","90","5","3400","340","500","0","5000","0","0","0","0","0","0","0","","","","","Ind_C_557_S01_G","C557_S01G","Temp_Battle_Se_Effect_011","1","","","BattleEndCameraPreset1"
"Mon_046G_CH7","","","Str_Char_046_S01_G_Name","","Monster","M","Green","1","Ranger","Middle","","","","Skill_C_046_01_G","None","GradeUp_Ranger","SkillLvUp_Green","","5000","1","1.2","0.5","1.2","1","1","50","5000","100","Physical","225","18","72","4","0","0","30","2","2720","272","500","0","5000","0","0","0","0","0","0","0","","","","","Ind_C_046_S01_G","C046_S01G","Temp_Battle_Se_Effect_011","1","","","BattleEndCameraPreset1"
"Mon_593R_CH7","","","Str_Char_593_S01_R_Name","","Monster","M","Red","1","Ranger","Middle","","","","Skill_C_593_01_R","None","GradeUp_Ranger","SkillLvUp_Red","","5000","1","1","0.5","1","1","1","50","5000","100","Physical","225","18","72","4","0","0","30","2","2720","272","500","0","5000","0","0","0","0","0","0","0","","","","","Ind_C_593_S01_R","C593_S01R","Temp_Battle_Se_Effect_011","1","","","BattleEndCameraPreset1"
"Mon_590G_CH7","","","Str_Char_590_S01_G_Name","","Monster","M","Green","1","Ranger","Middle","","","","Skill_C_590_01_G","None","GradeUp_Ranger","SkillLvUp_Green","","5000","1","1.4","0.5","1.4","1","1","50","5000","100","Physical","225","18","72","4","0","0","30","2","2720","272","500","0","5000","0","0","0","0","0","0","0","","","","","Ind_C_590_S01_G","C590_S01G","Temp_Battle_Se_Effect_011","1","","","BattleEndCameraPreset1"
"Mon_588G_CH7","","","Str_Char_588_S01_G_Name","","Monster","M","Green","1","Sorcerer","Middle","","","","Skill_C_588_01_G","None","GradeUp_Sorcerer","SkillLvUp_Green","","5000","1","1.9","0.5","1.4","1","1","50","5000","100","Magical","0","0","30","2","225","18","72","4","2720","272","500","0","5000","0","0","0","0","0","0","0","","","","","Ind_C_588_S01_G","C588_S01G","Temp_Battle_Se_Effect_011","1","","","BattleEndCameraPreset1"
"Mon_594R_CH7","","","Str_Char_594_S01_R_Name","","Monster","M","Red","1","Cleric","Back","","","","Skill_C_594_01_R","None","GradeUp_Cleric","SkillLvUp_Red","","5000","1","1","0.5","1","1","1","50","5000","100","Magical","0","0","18","1","180","14","18","1","2720","272","500","0","5000","0","0","0","0","0","0","0","","","","","Ind_C_594_S01_R","C594_S01R","Temp_Battle_Se_Effect_011","1","","","BattleEndCameraPreset1"
"Mon_025G_CH7","","","Str_Char_025_S01_G_Name","","Monster","M","Green","1","Shooter","Back","","","","Skill_C_025_01_G","None","GradeUp_Shooter","SkillLvUp_Green","","5000","1","1.9","0.5","1.4","1","1","50","5000","100","Physical","270","22","18","1","0","0","12","1","2550","255","500","0","5000","0","0","0","0","0","0","0","","","","","Ind_C_025_S01_G","C025_S01G","Temp_Battle_Se_Effect_011","1","","","BattleEndCameraPreset1"
"Mon_595G_CH7","","","Str_Char_595_S01_G_Name","","Monster","M","Green","1","Shooter","Back","","","","Skill_C_595_01_G","None","GradeUp_Shooter","SkillLvUp_Green","","5000","1","1.9","0.5","1.4","1","1","50","5000","100","Physical","270","22","18","1","0","0","12","1","2550","255","500","0","5000","0","0","0","0","0","0","0","","","","","Ind_C_595_S01_G","C595_S01G","Temp_Battle_Se_Effect_011","1","","","BattleEndCameraPreset1"
"Mon_543B_CH7","","","Str_Char_543_S01_B_Name","","Monster","M","Red","1","Shooter","Back","","","","Skill_C_543_01_B","None","GradeUp_Shooter","SkillLvUp_Red","","5000","1","1.9","0.5","1.4","1","1","50","5000","100","Physical","270","22","18","1","0","0","12","1","2550","255","500","0","5000","0","0","0","0","0","0","0","","","","","Ind_C_543_S01_B","C543_S01B","Temp_Battle_Se_Effect_011","1","","","BattleEndCameraPreset1"
"Mon_559R_CH7","","","Str_Char_559_S01_R_Name","","Monster","M","Red","2","Ranger","Middle","","","","Skill_C_559_01_R","None","GradeUp_Ranger","SkillLvUp_Red","","5000","1","1.9","0.5","1.4","1","1","50","5000","100","Physical","225","18","72","4","0","0","30","2","2720","272","500","0","5000","0","0","0","0","0","0","0","","","","","Ind_C_559_S01_R","C559_S01R","Temp_Battle_Se_Effect_011","1","","","BattleEndCameraPreset1"
"Mon_525R_CH7","","","Str_Char_525_S01_R_Name","","Monster","M","Red","2","Shooter","Back","","","","Skill_C_525_01_R","None","GradeUp_Shooter","SkillLvUp_Red","","5000","1","1.4","0.5","1.4","1","1","50","5000","100","Physical","270","22","18","1","0","0","12","1","2550","255","500","0","5000","0","0","0","0","0","0","0","","","","","Ind_C_525_S01_R","C525_S01R","Temp_Battle_Se_Effect_011","1","","","BattleEndCameraPreset1"
"Mon_589R_CH7","","","Str_Char_589_S01_R_Name","","Monster","M","Red","2","Sorcerer","Middle","","","","Skill_C_589_01_R","None","GradeUp_Sorcerer","SkillLvUp_Red","","5000","1","1.4","0.5","1.4","1","1","50","5000","100","Magical","0","0","30","2","225","18","72","4","2720","272","500","0","5000","0","0","0","0","0","0","0","","","","","Ind_C_589_S01_R","C589_S01R","Temp_Battle_Se_Effect_011","1","","","BattleEndCameraPreset1"
"Mon_537R_CH7","","Str_Char_537_S01_R_Title","Str_Char_537_S01_R_Name","Str_Char_537_S01_R_Desc","Monster","M","Red","2","Guardian","Front","","","","Skill_C_537_01_R","None","GradeUp_Guardian","SkillLvUp_Red","","5000","1","1.9","0.5","1.4","1","1","50","5000","100","Physical","270","22","800","40","0","0","300","15","8500","850","500","0","5000","0","0","0","0","0","0","0","","","","","Ind_C_537_S01_R","C537_S01R","Temp_Battle_Se_Effect_011","1","","","BattleEndCameraPreset1"
"Mon_041_CH7","","","Str_Char_041_S01_R_Name","Str_Char_041_S01_R_Desc","HeroMon","M","Red","2","Sorcerer","Middle","Wea_Staff","Armor_Cape","Acc_HeadDress","Skill_C_041_01_R","CharRotation","GradeUp_Char_041","SkillLvUp_Main_Red_DelMar","SkillLvUp_Sub_Sorcerer_DelMar","5000","1","1.9","0.5","1.4","1","1","116","4106","100","Magical","0","0","100","5","394","32","240","12","4760","476","500","0","5000","0","0","0","0","0","0","0","","","","Item_Material_HeroGradeUp_Char_041_S01_R","Ind_C_041_S01_R","C041_S01R","Temp_Battle_Se_Effect_011","1","","","BattleEndCameraPreset1"
"Mon_088_CH7","","","Str_Char_088_S01_R_Name","Str_Char_088_S01_R_Desc","HeroMon","M","Red","2","Ranger","Middle","Wea_Ranged","Armor_Cape","Acc_Bracelet","Skill_C_088_01_R","CharRotation","GradeUp_Char_088","SkillLvUp_Main_Red_Paulhill","SkillLvUp_Sub_Ranger_Paulhill","5000","1","1.9","0.5","1.4","1","1","118","4034","100","Physical","394","32","240","12","0","0","100","5","4760","476","500","0","5000","0","0","0","0","0","0","0","","","","Item_Material_HeroGradeUp_Char_088_S01_R","Ind_C_088_S01_R","C088_S01R","Temp_Battle_Se_Effect_011","1","","","BattleEndCameraPreset1"
"Mon_064_CH7","","","Str_Char_064_S01_R_Name","Str_Char_064_S01_R_Desc","HeroMon","M","Red","2","Knight","Front","Wea_Mace","Armor_Coat","Acc_Helmet","Skill_C_064_01_R","CharRotation","GradeUp_Char_064","SkillLvUp_Main_Red_Cellarn","SkillLvUp_Sub_Fighter_Cellarn","5000","1","1.5","0.5","1.4","1","1","85","9900","75","Magical","0","0","300","15","338","27","800","40","8500","850","500","0","5000","0","0","0","0","0","0","0","","","","Item_Material_HeroGradeUp_Char_064_S01_R","Ind_C_064_S01_R","C064_S01R","Temp_Battle_Se_Effect_011","1","","","BattleEndCameraPreset1"
"Mon_045R_CH8","","","Str_Char_045_S01_R_Name","","Monster","M","Green","1","Fighter","Front","","","","Skill_C_045_01_R","None","GradeUp_Guardian","SkillLvUp_Green","","5000","1","1.2","0.5","1.2","1","1","50","5000","100","Physical","250","20","90","5","0","0","90","5","3240","324","500","0","5000","0","0","0","0","0","0","0","","","","","Ind_C_045_S01_R","C045_S01R","Temp_Battle_Se_Effect_011","1","","","BattleEndCameraPreset1"
"Mon_536G_CH8","","","Str_Char_536_S01_G_Name","","Monster","M","Green","1","Knight","Front","","","","Skill_C_536_01_G","None","GradeUp_Guardian","SkillLvUp_Green","","5000","1","1.4","0.5","1.4","1","1","50","5000","100","Physical","150","12","240","12","0","0","90","5","3600","360","500","0","5000","0","0","0","0","0","0","0","","","","","Ind_C_536_S01_G","C536_S01G","Temp_Battle_Se_Effect_011","1","","","BattleEndCameraPreset1"
"Mon_592R_CH8","","","Str_Char_592_S01_R_Name","","Monster","M","Red","1","Knight","Front","","","","Skill_C_592_01_R","None","GradeUp_Guardian","SkillLvUp_Red","","5000","1","1.4","0.5","1.4","1","1","50","5000","100","Physical","150","12","240","12","0","0","90","5","3600","360","500","0","5000","0","0","0","0","0","0","0","","","","","Ind_C_592_S01_R","C592_S01R","Temp_Battle_Se_Effect_011","1","","","BattleEndCameraPreset1"
"Mon_024G_CH8","","","Str_Char_024_S01_G_Name","","Monster","M","Green","1","Guardian","Front","","","","Skill_C_024_01_G","None","GradeUp_Guardian","SkillLvUp_Green","","5000","1","1.9","0.5","1.4","1","1","50","5000","100","Physical","150","12","240","12","0","0","90","5","3600","360","500","0","5000","0","0","0","0","0","0","0","","","","","Ind_C_024_S01_G","C024_S01G","Temp_Battle_Se_Effect_011","1","","","BattleEndCameraPreset1"
"Mon_591G_CH8","","","Str_Char_591_S01_R_Name","","Monster","M","Red","1","Fighter","Front","","","","Skill_C_591_01_R","None","GradeUp_Guardian","SkillLvUp_Red","","5000","1","1.9","0.5","1.4","1","1","50","5000","100","Physical","250","20","90","5","0","0","90","5","3240","324","500","0","5000","0","0","0","0","0","0","0","","","","","Ind_C_591_S01_R","C591_S01R","Temp_Battle_Se_Effect_011","1","","","BattleEndCameraPreset1"
"Mon_557G_CH8","","","Str_Char_557_S01_G_Name","","Monster","M","Green","1","Fighter","Front","","","","Skill_C_557_01_G","None","GradeUp_Guardian","SkillLvUp_Green","","5000","1","2.1","0.5","1.5","1","1","50","5000","100","Physical","150","12","240","12","0","0","90","5","3600","360","500","0","5000","0","0","0","0","0","0","0","","","","","Ind_C_557_S01_G","C557_S01G","Temp_Battle_Se_Effect_011","1","","","BattleEndCameraPreset1"
"Mon_046G_CH8","","","Str_Char_046_S01_G_Name","","Monster","M","Green","1","Ranger","Middle","","","","Skill_C_046_01_G","None","GradeUp_Ranger","SkillLvUp_Green","","5000","1","1.2","0.5","1.2","1","1","50","5000","100","Physical","250","20","72","4","0","0","30","2","2880","288","500","0","5000","0","0","0","0","0","0","0","","","","","Ind_C_046_S01_G","C046_S01G","Temp_Battle_Se_Effect_011","1","","","BattleEndCameraPreset1"
"Mon_593R_CH8","","","Str_Char_593_S01_R_Name","","Monster","M","Red","1","Ranger","Middle","","","","Skill_C_593_01_R","None","GradeUp_Ranger","SkillLvUp_Red","","5000","1","1","0.5","1","1","1","50","5000","100","Physical","250","20","72","4","0","0","30","2","2880","288","500","0","5000","0","0","0","0","0","0","0","","","","","Ind_C_593_S01_R","C593_S01R","Temp_Battle_Se_Effect_011","1","","","BattleEndCameraPreset1"
"Mon_590G_CH8","","","Str_Char_590_S01_G_Name","","Monster","M","Green","1","Ranger","Middle","","","","Skill_C_590_01_G","None","GradeUp_Ranger","SkillLvUp_Green","","5000","1","1.4","0.5","1.4","1","1","50","5000","100","Physical","250","20","72","4","0","0","30","2","2880","288","500","0","5000","0","0","0","0","0","0","0","","","","","Ind_C_590_S01_G","C590_S01G","Temp_Battle_Se_Effect_011","1","","","BattleEndCameraPreset1"
"Mon_588G_CH8","","","Str_Char_588_S01_G_Name","","Monster","M","Green","1","Sorcerer","Middle","","","","Skill_C_588_01_G","None","GradeUp_Sorcerer","SkillLvUp_Green","","5000","1","1.9","0.5","1.4","1","1","50","5000","100","Magical","0","0","30","2","250","20","72","4","2880","288","500","0","5000","0","0","0","0","0","0","0","","","","","Ind_C_588_S01_G","C588_S01G","Temp_Battle_Se_Effect_011","1","","","BattleEndCameraPreset1"
"Mon_594R_CH8","","","Str_Char_594_S01_R_Name","","Monster","M","Red","1","Cleric","Back","","","","Skill_C_594_01_R","None","GradeUp_Cleric","SkillLvUp_Red","","5000","1","1","0.5","1","1","1","50","5000","100","Magical","0","0","18","1","200","16","18","1","2880","288","500","0","5000","0","0","0","0","0","0","0","","","","","Ind_C_594_S01_R","C594_S01R","Temp_Battle_Se_Effect_011","1","","","BattleEndCameraPreset1"
"Mon_025G_CH8","","","Str_Char_025_S01_G_Name","","Monster","M","Green","1","Shooter","Back","","","","Skill_C_025_01_G","None","GradeUp_Shooter","SkillLvUp_Green","","5000","1","1.9","0.5","1.4","1","1","50","5000","100","Physical","300","24","18","1","0","0","12","1","2700","270","500","0","5000","0","0","0","0","0","0","0","","","","","Ind_C_025_S01_G","C025_S01G","Temp_Battle_Se_Effect_011","1","","","BattleEndCameraPreset1"
"Mon_595G_CH8","","","Str_Char_595_S01_G_Name","","Monster","M","Green","1","Shooter","Back","","","","Skill_C_595_01_G","None","GradeUp_Shooter","SkillLvUp_Green","","5000","1","1.9","0.5","1.4","1","1","50","5000","100","Physical","300","24","18","1","0","0","12","1","2700","270","500","0","5000","0","0","0","0","0","0","0","","","","","Ind_C_595_S01_G","C595_S01G","Temp_Battle_Se_Effect_011","1","","","BattleEndCameraPreset1"
"Mon_543B_CH8","","","Str_Char_543_S01_B_Name","","Monster","M","Red","1","Shooter","Back","","","","Skill_C_543_01_B","None","GradeUp_Shooter","SkillLvUp_Red","","5000","1","1.9","0.5","1.4","1","1","50","5000","100","Physical","300","24","18","1","0","0","12","1","2700","270","500","0","5000","0","0","0","0","0","0","0","","","","","Ind_C_543_S01_B","C543_S01B","Temp_Battle_Se_Effect_011","1","","","BattleEndCameraPreset1"
"Mon_559R_CH8","","","Str_Char_559_S01_R_Name","","Monster","M","Red","2","Ranger","Middle","","","","Skill_C_559_01_R","None","GradeUp_Ranger","SkillLvUp_Red","","5000","1","1.9","0.5","1.4","1","1","50","5000","100","Physical","250","20","72","4","0","0","30","2","2880","288","500","0","5000","0","0","0","0","0","0","0","","","","","Ind_C_559_S01_R","C559_S01R","Temp_Battle_Se_Effect_011","1","","","BattleEndCameraPreset1"
"Mon_525R_CH8","","","Str_Char_525_S01_R_Name","","Monster","M","Red","2","Shooter","Back","","","","Skill_C_525_01_R","None","GradeUp_Shooter","SkillLvUp_Red","","5000","1","1.4","0.5","1.4","1","1","50","5000","100","Physical","300","24","18","1","0","0","12","1","2700","270","500","0","5000","0","0","0","0","0","0","0","","","","","Ind_C_525_S01_R","C525_S01R","Temp_Battle_Se_Effect_011","1","","","BattleEndCameraPreset1"
"Mon_589R_CH8","","","Str_Char_589_S01_R_Name","","Monster","M","Red","2","Sorcerer","Middle","","","","Skill_C_589_01_R","None","GradeUp_Sorcerer","SkillLvUp_Red","","5000","1","1.4","0.5","1.4","1","1","50","5000","100","Magical","0","0","30","2","250","20","72","4","2880","288","500","0","5000","0","0","0","0","0","0","0","","","","","Ind_C_589_S01_R","C589_S01R","Temp_Battle_Se_Effect_011","1","","","BattleEndCameraPreset1"
"Mon_537R_CH8","","Str_Char_537_S01_R_Title","Str_Char_537_S01_R_Name","Str_Char_537_S01_R_Desc","Monster","M","Red","2","Guardian","Front","","","","Skill_C_537_01_R","None","GradeUp_Guardian","SkillLvUp_Red","","5000","1","1.9","0.5","1.4","1","1","50","5000","100","Physical","300","24","800","40","0","0","300","15","9000","900","500","0","5000","0","0","0","0","0","0","0","","","","","Ind_C_537_S01_R","C537_S01R","Temp_Battle_Se_Effect_011","1","","","BattleEndCameraPreset1"
"Mon_005_CH8","","","Str_Char_005_S01_D_Name","Str_Char_005_S01_D_Desc","HeroMon","M","Blue","2","Guardian","Front","Wea_Sword","Armor_Coat","Acc_Helmet","Skill_C_005_01_D","CharRotation","GradeUp_Char_005","SkillLvUp_Main_Blue_DelMar","SkillLvUp_Sub_Guardian_DelMar","5000","1","1.9","0.5","1.4","1","1","84","10109","100","Physical","263","21","800","40","0","0","300","15","5600","560","500","0","5000","0","0","0","0","0","0","0","","","","Item_Material_HeroGradeUp_Char_005_S01_D","Ind_C_005_S01_D","C005_S01D","Temp_Battle_Se_Effect_011","1","","","BattleEndCameraPreset1"
"Mon_064_CH8","","","Str_Char_064_S01_R_Name","Str_Char_064_S01_R_Desc","HeroMon","M","Red","2","Knight","Front","Wea_Mace","Armor_Coat","Acc_Helmet","Skill_C_064_01_R","CharRotation","GradeUp_Char_064","SkillLvUp_Main_Red_Cellarn","SkillLvUp_Sub_Fighter_Cellarn","5000","1","1.5","0.5","1.4","1","1","85","9900","100","Magical","0","0","300","15","263","21","800","40","5600","560","500","0","5000","0","0","0","0","0","0","0","","","","Item_Material_HeroGradeUp_Char_064_S01_R","Ind_C_064_S01_R","C064_S01R","Temp_Battle_Se_Effect_011","1","","","BattleEndCameraPreset1"
"Mon_021_CH8","","Str_Char_021_S01_R_Title","Str_Char_021_S01_R_Name","Str_Char_021_S01_R_Desc","Monster","M","Red","3","Guardian","Front","","","","Skill_C_021_01_R","CharRotation","GradeUp_Guardian","SkillLvUp_Red","","5000","1","1.9","0.5","1.4","1","4","66","6444","146","Physical","360","29","1000","50","0","0","375","19","7200","720","500","5000","5000","0","0","0","0","0","0","0","","","","","Ind_C_021_S01_R","C021_S01R","Temp_Battle_Se_Effect_011","1.2","","","BattleEndCameraPreset1"
"Mon_021_CH8_Boss","","Str_Char_021_S01_R_Title","Str_Char_021_S01_R_Name","Str_Char_021_S01_R_Desc","Monster","M","Red","3","Guardian","Front","","","","Skill_C_021_01_R","CharRotation","GradeUp_Guardian","SkillLvUp_Red","","5000","1","1.9","0.5","1.4","1","4","66","6444","146","Physical","360","29","1000","50","0","0","375","19","7200","720","500","5000","5000","0","0","0","0","0","0","0","","","","","Ind_C_021_S01_R","C021_S01R","Temp_Battle_Se_Effect_011","1.2","","","BattleEndCameraPreset1"
"Mon_030B_CH9","","","Str_Char_030_S01_B_Name","","Monster","M","Blue","2","Fighter","Front","","","","Skill_C_030_01_B","None","GradeUp_Fighter","SkillLvUp_Blue","","5000","1","1.9","0.5","1.4","1","1","50","5000","100","Physical","300","24","90","5","0","0","90","5","3960","396","500","0","5000","0","0","0","0","0","0","0","","","","","Ind_C_030_S01_R","C030_S01B","Temp_Battle_Se_Effect_011","1","","","BattleEndCameraPreset1"
"Mon_597R_CH9","","","Str_Char_597_S01_R_Name","","Monster","M","Red","1","Fighter","Front","","","","Skill_C_597_01_R","None","GradeUp_Fighter","SkillLvUp_Red","","5000","1","1.9","0.5","1.4","1","1","50","5000","100","Physical","300","24","90","5","0","0","90","5","3960","396","500","0","5000","0","0","0","0","0","0","0","","","","","Ind_C_597_S01_R","C597_S01R","Temp_Battle_Se_Effect_011","1","","","BattleEndCameraPreset1"
"Mon_557G_CH9","","","Str_Char_557_S01_G_Name","","Monster","M","Green","1","Guardian","Front","","","","Skill_C_557_01_G","None","GradeUp_Guardian","SkillLvUp_Green","","5000","1","2.1","0.5","1.5","1","1","50","5000","100","Physical","180","14","240","12","0","0","90","5","4400","440","500","0","5000","0","0","0","0","0","0","0","","","","","Ind_C_557_S01_G","C557_S01G","Temp_Battle_Se_Effect_011","1","","","BattleEndCameraPreset1"
"Mon_558G_CH9","","","Str_Char_558_S01_G_Name","","Monster","M","Green","1","Ranger","Middle","","","","Skill_C_558_01_G","None","GradeUp_Ranger","SkillLvUp_Green","","5000","1","1.9","0.5","1.4","1","1","50","5000","100","Physical","300","24","72","4","0","0","30","2","3520","352","500","0","5000","0","0","0","0","0","0","0","","","","","Ind_C_558_S01_G","C558_S01G","Temp_Battle_Se_Effect_011","1","","","BattleEndCameraPreset1"
"Mon_527R_CH9","","","Str_Char_527_S01_R_Name","","Monster","M","Red","1","Ranger","Middle","","","","Skill_C_527_01_R","None","GradeUp_Sorcerer","SkillLvUp_Red","","5000","1","1.4","0.5","1.4","1","1","50","5000","100","Physical","300","24","72","4","0","0","30","2","3520","352","500","0","5000","0","0","0","0","0","0","0","","","","","Ind_C_057_S01_G","C057_S01G","Temp_Battle_Se_Effect_011","1","","","BattleEndCameraPreset1"
"Mon_531R_CH9","","","Str_Char_531_S01_R_Name","","Monster","M","Red","1","Sorcerer","Middle","","","","Skill_C_531_01_R","None","GradeUp_Sorcerer","SkillLvUp_Red","","5000","1","1.4","0.5","1.4","1","1","50","5000","100","Magical","0","0","30","2","300","24","72","4","3520","352","500","0","5000","0","0","0","0","0","0","0","","","","","Ind_C_531_S01_R","C531_S01R","Temp_Battle_Se_Effect_011","1","","","BattleEndCameraPreset1"
"Mon_057G_CH9","","","Str_Char_057_S01_G_Name","","Monster","M","Green","1","Sorcerer","Middle","","","","Skill_C_057_01_G","None","GradeUp_Sorcerer","SkillLvUp_Green","","5000","1","1.4","0.5","1.4","1","1","50","5000","100","Magical","0","0","30","2","300","24","72","4","3520","352","500","0","5000","0","0","0","0","0","0","0","","","","","Ind_C_057_S01_G","C057_S01G","Temp_Battle_Se_Effect_011","1","","","BattleEndCameraPreset1"
"Mon_526R_CH9","","","Str_Char_526_S01_R_Name","","Monster","M","Red","1","Sorcerer","Middle","","","","Skill_C_526_01_R","None","GradeUp_Shooter","SkillLvUp_Red","","5000","1","1.9","0.5","1.4","1","1","50","5000","100","Magical","0","0","30","2","300","24","72","4","3520","352","500","0","5000","0","0","0","0","0","0","0","","","","","Ind_C_544_S01_B","C526_S01R","Temp_Battle_Se_Effect_011","1","","","BattleEndCameraPreset1"
"Mon_533R_CH9","","","Str_Char_533_S01_R_Name","","Monster","M","Red","1","Cleric","Back","","","","Skill_C_533_01_R","None","GradeUp_Cleric","SkillLvUp_Red","","5000","1","1","0.5","1","1","1","50","5000","100","Magical","0","0","18","1","240","19","18","1","3520","352","500","0","5000","0","0","0","0","0","0","0","","","","","Ind_C_594_S01_R","C533_S01R","Temp_Battle_Se_Effect_011","1","","","BattleEndCameraPreset1"
"Mon_052G_CH9","","","Str_Char_052_S01_R_Name","","Monster","M","Green","2","Mage","Middle","","","","Skill_C_052_01_G","None","GradeUp_Sorcerer","SkillLvUp_Green","","5000","1","1.4","0.5","1.4","1","1","50","5000","100","Magical","0","0","12","1","360","29","18","1","3300","330","500","0","5000","0","0","0","0","0","0","0","","","","","Ind_C_533_S01_R","C052_S01G","Temp_Battle_Se_Effect_011","1","","","BattleEndCameraPreset1"
"Mon_544B_CH9","","","Str_Char_544_S01_R_Name","","Monster","M","Blue","2","Shooter","Back","","","","Skill_C_544_01_B","None","GradeUp_Sorcerer","SkillLvUp_Blue","","5000","1","1.4","0.5","1.4","1","1","50","5000","100","Physical","360","29","18","1","0","0","12","1","3300","330","500","0","5000","0","0","0","0","0","0","0","","","","","Ind_C_531_S01_R","C544_S01B","Temp_Battle_Se_Effect_011","1","","","BattleEndCameraPreset1"
"Mon_594R_CH9","","","Str_Char_594_S01_R_Name","","Monster","M","Red","1","Cleric","Back","","","","Skill_C_594_01_R","None","GradeUp_Ranger","SkillLvUp_Red","","5000","1","1.4","0.5","1.4","1","1","50","5000","100","Magical","0","0","18","1","240","19","18","1","3520","352","500","0","5000","0","0","0","0","0","0","0","","","","","Ind_C_527_S01_R","C594_S01R","Temp_Battle_Se_Effect_011","1","","","BattleEndCameraPreset1"
"Mon_596R_CH9","","","Str_Char_596_S01_R_Name","","Monster","M","Red","2","Fighter","Front","","","","Skill_C_596_01_R","None","GradeUp_Fighter","SkillLvUp_Red","","5000","1","2.1","0.5","1.5","1","1","50","5000","100","Physical","300","24","90","5","0","0","90","5","3960","396","500","0","5000","0","0","0","0","0","0","0","","","","","Ind_C_596_S01_R","C596_S01R","Temp_Battle_Se_Effect_011","1","","","BattleEndCameraPreset1"
"Mon_559R_CH9","","","Str_Char_559_S01_R_Name","","Monster","M","Red","2","Ranger","Middle","","","","Skill_C_559_01_R","None","GradeUp_Ranger","SkillLvUp_Red","","5000","1","1.9","0.5","1.4","1","1","50","5000","100","Physical","300","24","72","4","0","0","30","2","3520","352","500","0","5000","0","0","0","0","0","0","0","","","","","Ind_C_559_S01_R","C559_S01R","Temp_Battle_Se_Effect_011","1","","","BattleEndCameraPreset1"
"Mon_524R_CH9","","","Str_Char_524_S01_R_Name","","Monster","M","Red","2","Mage","Back","","","","Skill_C_524_01_R","None","GradeUp_Mage","SkillLvUp_Red","","5000","1","1.9","0.5","1.4","1","1","50","5000","100","Magical","0","0","12","1","360","29","18","1","3300","330","500","0","5000","0","0","0","0","0","0","0","","","","","Ind_C_524_S01_R","C524_S01R","Temp_Battle_Se_Effect_011","1","","","BattleEndCameraPreset1"
"Mon_040_CH9","","","Str_Char_040_S01_R_Name","Str_Char_040_S01_R_Desc","HeroMon","M","Red","2","Shooter","Back","Wea_Ranged","Armor_Cape","Acc_HeadDress","Skill_C_040_01_R","CharRotation","GradeUp_Char_040","SkillLvUp_Main_Red_Cyberia","SkillLvUp_Sub_Shooter_Cyberia","5000","1","1.9","0.5","1.4","1","1","107","3878","100","Physical","630","50","60","3","0","0","40","2","5775","578","500","0","5000","0","0","0","0","0","0","0","","","","Item_Material_HeroGradeUp_Char_040_S01_R","Ind_C_040_S01_R","C040_S01R","Temp_Battle_Se_Effect_011","1","","","BattleEndCameraPreset1"
"Mon_009_CH9","","","Str_Char_009_S01_G_Name","Str_Char_009_S01_G_Desc","HeroMon","M","Green","2","Shooter","Back","Wea_Ranged","Armor_Cape","Acc_Ring","Skill_C_009_01_G","CharRotation","GradeUp_Char_009","SkillLvUp_Main_Green_DelMar","SkillLvUp_Sub_Shooter_DelMar","5000","1","1.9","0.5","1.4","1","1","109","3802","100","Physical","630","50","60","3","0","0","40","2","5775","578","500","0","5000","0","0","0","0","0","0","0","","","","Item_Material_HeroGradeUp_Char_009_S01_G","Ind_C_009_S01_G","C009_S01G","Temp_Battle_Se_Effect_011","1","","","BattleEndCameraPreset1"
"Mon_100_CH9","","","Str_Char_100_S01_G_Name","Str_Char_100_S01_G_Desc","HeroMon","M","Green","2","Sorcerer","Middle","Wea_Book","Armor_Cape","Acc_HeadDress","Skill_C_100_01_G","CharRotation","GradeUp_Char_100","SkillLvUp_Main_Green_Kainan","SkillLvUp_Sub_Sorcerer_Kainan","5000","1","1.9","0.5","1.4","1","1","124","3823","100","Magical","0","0","100","5","750","60","240","12","8800","880","500","0","5000","0","0","0","0","0","0","0","","","","Item_Material_HeroGradeUp_Char_100_S01_G","Ind_C_100_S01_G","C100_S01G","Temp_Battle_Se_Effect_011","1","","","BattleEndCameraPreset1"
"Mon_030B_CH10","","","Str_Char_030_S01_B_Name","","Monster","M","Blue","2","Fighter","Front","","","","Skill_C_030_01_B","None","GradeUp_Fighter","SkillLvUp_Blue","","5000","1","1.9","0.5","1.4","1","1","50","5000","100","Physical","338","27","90","5","0","0","90","5","4320","432","500","0","5000","0","0","0","0","0","0","0","","","","","Ind_C_030_S01_R","C030_S01B","Temp_Battle_Se_Effect_011","1","","","BattleEndCameraPreset1"
"Mon_597R_CH10","","","Str_Char_597_S01_R_Name","","Monster","M","Red","1","Fighter","Front","","","","Skill_C_597_01_R","None","GradeUp_Fighter","SkillLvUp_Red","","5000","1","1.9","0.5","1.4","1","1","50","5000","100","Physical","338","27","90","5","0","0","90","5","4320","432","500","0","5000","0","0","0","0","0","0","0","","","","","Ind_C_597_S01_R","C597_S01R","Temp_Battle_Se_Effect_011","1","","","BattleEndCameraPreset1"
"Mon_557G_CH10","","","Str_Char_557_S01_G_Name","","Monster","M","Green","1","Guardian","Front","","","","Skill_C_557_01_G","None","GradeUp_Guardian","SkillLvUp_Green","","5000","1","2.1","0.5","1.5","1","1","50","5000","100","Physical","203","16","240","12","0","0","90","5","4800","480","500","0","5000","0","0","0","0","0","0","0","","","","","Ind_C_557_S01_G","C557_S01G","Temp_Battle_Se_Effect_011","1","","","BattleEndCameraPreset1"
"Mon_558G_CH10","","","Str_Char_558_S01_G_Name","","Monster","M","Green","1","Ranger","Middle","","","","Skill_C_558_01_G","None","GradeUp_Ranger","SkillLvUp_Green","","5000","1","1.9","0.5","1.4","1","1","50","5000","100","Physical","338","27","72","4","0","0","30","2","3840","384","500","0","5000","0","0","0","0","0","0","0","","","","","Ind_C_558_S01_G","C558_S01G","Temp_Battle_Se_Effect_011","1","","","BattleEndCameraPreset1"
"Mon_057G_CH10","","","Str_Char_057_S01_G_Name","","Monster","M","Green","1","Sorcerer","Middle","","","","Skill_C_057_01_G","None","GradeUp_Sorcerer","SkillLvUp_Green","","5000","1","1.4","0.5","1.4","1","1","50","5000","100","Magical","0","0","30","2","338","27","72","4","3840","384","500","0","5000","0","0","0","0","0","0","0","","","","","Ind_C_057_S01_G","C057_S01G","Temp_Battle_Se_Effect_011","1","","","BattleEndCameraPreset1"
"Mon_526R_CH10","","","Str_Char_526_S01_R_Name","","Monster","M","Red","1","Sorcerer","Middle","","","","Skill_C_526_01_R","None","GradeUp_Sorcerer","SkillLvUp_Red","","5000","1","1.4","0.5","1.4","1","1","50","5000","100","Magical","0","0","30","2","338","27","72","4","3840","384","500","0","5000","0","0","0","0","0","0","0","","","","","Ind_C_526_S01_R","C526_S01R","Temp_Battle_Se_Effect_011","1","","","BattleEndCameraPreset1"
"Mon_052G_CH10","","","Str_Char_052_S01_G_Name","","Monster","M","Green","1","Mage","Back","","","","Skill_C_052_01_G","None","GradeUp_Mage","SkillLvUp_Green","","5000","1","1.9","0.5","1.4","1","1","50","5000","100","Magical","0","0","12","1","405","32","18","1","3600","360","500","0","5000","0","0","0","0","0","0","0","","","","","Ind_C_052_S01_G","C052_S01G","Temp_Battle_Se_Effect_011","1","","","BattleEndCameraPreset1"
"Mon_544B_CH10","","","Str_Char_544_S01_B_Name","","Monster","M","Blue","1","Shooter","Back","","","","Skill_C_544_01_B","None","GradeUp_Shooter","SkillLvUp_Blue","","5000","1","1.9","0.5","1.4","1","1","50","5000","100","Physical","405","32","18","1","0","0","12","1","3600","360","500","0","5000","0","0","0","0","0","0","0","","","","","Ind_C_544_S01_B","C544_S01B","Temp_Battle_Se_Effect_011","1","","","BattleEndCameraPreset1"
"Mon_594R_CH10","","","Str_Char_594_S01_R_Name","","Monster","M","Red","1","Cleric","Back","","","","Skill_C_594_01_R","None","GradeUp_Cleric","SkillLvUp_Red","","5000","1","1","0.5","1","1","1","50","5000","100","Magical","0","0","18","1","270","22","18","1","3840","384","500","0","5000","0","0","0","0","0","0","0","","","","","Ind_C_594_S01_R","C594_S01R","Temp_Battle_Se_Effect_011","1","","","BattleEndCameraPreset1"
"Mon_533R_CH10","","","Str_Char_533_S01_R_Name","","Monster","M","Red","2","Cleric","Back","","","","Skill_C_533_01_R","None","GradeUp_Cleric","SkillLvUp_Red","","5000","1","1.4","0.5","1.4","1","1","50","5000","100","Magical","0","0","18","1","270","22","18","1","3840","384","500","0","5000","0","0","0","0","0","0","0","","","","","Ind_C_533_S01_R","C533_S01R","Temp_Battle_Se_Effect_011","1","","","BattleEndCameraPreset1"
"Mon_531R_CH10","","","Str_Char_531_S01_R_Name","","Monster","M","Red","2","Sorcerer","Middle","","","","Skill_C_531_01_R","None","GradeUp_Sorcerer","SkillLvUp_Red","","5000","1","1.4","0.5","1.4","1","1","50","5000","100","Magical","0","0","30","2","338","27","72","4","3840","384","500","0","5000","0","0","0","0","0","0","0","","","","","Ind_C_531_S01_R","C531_S01R","Temp_Battle_Se_Effect_011","1","","","BattleEndCameraPreset1"
"Mon_527R_CH10","","","Str_Char_527_S01_R_Name","","Monster","M","Red","1","Ranger","Middle","","","","Skill_C_527_01_R","None","GradeUp_Ranger","SkillLvUp_Red","","5000","1","1.4","0.5","1.4","1","1","50","5000","100","Physical","338","27","72","4","0","0","30","2","3840","384","500","0","5000","0","0","0","0","0","0","0","","","","","Ind_C_527_S01_R","C527_S01R","Temp_Battle_Se_Effect_011","1","","","BattleEndCameraPreset1"
"Mon_596R_CH10","","","Str_Char_596_S01_R_Name","","Monster","M","Red","2","Fighter","Front","","","","Skill_C_596_01_R","None","GradeUp_Fighter","SkillLvUp_Red","","5000","1","2.1","0.5","1.5","1","1","50","5000","100","Physical","203","16","240","12","0","0","90","5","4800","480","500","0","5000","0","0","0","0","0","0","0","","","","","Ind_C_596_S01_R","C596_S01R","Temp_Battle_Se_Effect_011","1","","","BattleEndCameraPreset1"
"Mon_559R_CH10","","","Str_Char_559_S01_R_Name","","Monster","M","Red","2","Ranger","Middle","","","","Skill_C_559_01_R","None","GradeUp_Ranger","SkillLvUp_Red","","5000","1","1.9","0.5","1.4","1","1","50","5000","100","Physical","338","27","72","4","0","0","30","2","3840","384","500","0","5000","0","0","0","0","0","0","0","","","","","Ind_C_559_S01_R","C559_S01R","Temp_Battle_Se_Effect_011","1","","","BattleEndCameraPreset1"
"Mon_524R_CH10","","","Str_Char_524_S01_R_Name","","Monster","M","Red","2","Mage","Back","","","","Skill_C_524_01_R","None","GradeUp_Mage","SkillLvUp_Red","","5000","1","1.9","0.5","1.4","1","1","50","5000","100","Magical","0","0","12","1","405","32","18","1","3600","360","500","0","5000","0","0","0","0","0","0","0","","","","","Ind_C_524_S01_R","C524_S01R","Temp_Battle_Se_Effect_011","1","","","BattleEndCameraPreset1"
"Mon_009_CH10","","","Str_Char_009_S01_G_Name","Str_Char_009_S01_G_Desc","HeroMon","M","Green","2","Shooter","Back","Wea_Ranged","Armor_Cape","Acc_Ring","Skill_C_009_01_G","CharRotation","GradeUp_Char_009","SkillLvUp_Main_Green_DelMar","SkillLvUp_Sub_Shooter_DelMar","5000","1","1.9","0.5","1.4","1","1","109","3802","100","Physical","709","57","60","3","0","0","40","2","6300","630","500","0","5000","0","0","0","0","0","0","0","","","","Item_Material_HeroGradeUp_Char_009_S01_G","Ind_C_009_S01_G","C009_S01G","Temp_Battle_Se_Effect_011","1","","","BattleEndCameraPreset1"
"Mon_040_CH10","","","Str_Char_040_S01_R_Name","Str_Char_040_S01_R_Desc","HeroMon","M","Red","2","Shooter","Back","Wea_Ranged","Armor_Cape","Acc_HeadDress","Skill_C_040_01_R","CharRotation","GradeUp_Char_040","SkillLvUp_Main_Red_Cyberia","SkillLvUp_Sub_Shooter_Cyberia","5000","1","1.9","0.5","1.4","1","1","107","3878","100","Physical","709","57","60","3","0","0","40","2","6300","630","500","0","5000","0","0","0","0","0","0","0","","","","Item_Material_HeroGradeUp_Char_040_S01_R","Ind_C_040_S01_R","C040_S01R","Temp_Battle_Se_Effect_011","1","","","BattleEndCameraPreset1"
"Mon_085_CH10","","","Str_Char_085_S01_B_Name","Str_Char_085_S01_B_Desc","HeroMon","M","Blue","3","Ranger","Middle","Wea_Sword","Armor_Belt","Acc_Bracelet","Skill_C_085_01_B","CharRotation","GradeUp_Char_085","SkillLvUp_Main_Blue_Kainan","SkillLvUp_Sub_Ranger_Kainan","5000","1","1.9","0.5","1.4","1","1","126","3773","100","Physical","844","68","240","12","0","0","100","5","9600","960","2000","0","5000","0","0","0","0","0","0","0","","","","Item_Material_HeroGradeUp_Char_085_S01_B","Ind_C_085_S01_B","C085_S01B","Temp_Battle_Se_Effect_011","1","","","BattleEndCameraPreset1"
"Mon_030B_CH11","","","Str_Char_030_S01_B_Name","","Monster","M","Blue","2","Fighter","Front","","","","Skill_C_030_01_B","None","GradeUp_Fighter","SkillLvUp_Blue","","5000","1","1.9","0.5","1.4","1","1","50","5000","100","Physical","375","30","90","5","0","0","90","5","4680","468","500","0","5000","0","0","0","0","0","0","0","","","","","Ind_C_030_S01_R","C030_S01B","Temp_Battle_Se_Effect_011","1","","","BattleEndCameraPreset1"
"Mon_597R_CH11","","","Str_Char_597_S01_R_Name","","Monster","M","Red","1","Fighter","Front","","","","Skill_C_597_01_R","None","GradeUp_Fighter","SkillLvUp_Red","","5000","1","1.9","0.5","1.4","1","1","50","5000","100","Physical","375","30","90","5","0","0","90","5","4680","468","500","0","5000","0","0","0","0","0","0","0","","","","","Ind_C_597_S01_R","C597_S01R","Temp_Battle_Se_Effect_011","1","","","BattleEndCameraPreset1"
"Mon_557G_CH11","","","Str_Char_557_S01_G_Name","","Monster","M","Green","1","Guardian","Front","","","","Skill_C_557_01_G","None","GradeUp_Guardian","SkillLvUp_Green","","5000","1","2.1","0.5","1.5","1","1","50","5000","100","Physical","225","18","240","12","0","0","90","5","5200","520","500","0","5000","0","0","0","0","0","0","0","","","","","Ind_C_557_S01_G","C557_S01G","Temp_Battle_Se_Effect_011","1","","","BattleEndCameraPreset1"
"Mon_558G_CH11","","","Str_Char_558_S01_G_Name","","Monster","M","Green","1","Ranger","Middle","","","","Skill_C_558_01_G","None","GradeUp_Ranger","SkillLvUp_Green","","5000","1","1.9","0.5","1.4","1","1","50","5000","100","Physical","375","30","72","4","0","0","30","2","4160","416","500","0","5000","0","0","0","0","0","0","0","","","","","Ind_C_558_S01_G","C558_S01G","Temp_Battle_Se_Effect_011","1","","","BattleEndCameraPreset1"
"Mon_057G_CH11","","","Str_Char_057_S01_G_Name","","Monster","M","Green","1","Sorcerer","Middle","","","","Skill_C_057_01_G","None","GradeUp_Sorcerer","SkillLvUp_Green","","5000","1","1.4","0.5","1.4","1","1","50","5000","100","Magical","0","0","30","2","375","30","72","4","4160","416","500","0","5000","0","0","0","0","0","0","0","","","","","Ind_C_057_S01_G","C057_S01G","Temp_Battle_Se_Effect_011","1","","","BattleEndCameraPreset1"
"Mon_526R_CH11","","","Str_Char_526_S01_R_Name","","Monster","M","Red","1","Sorcerer","Middle","","","","Skill_C_526_01_R","None","GradeUp_Sorcerer","SkillLvUp_Red","","5000","1","1.4","0.5","1.4","1","1","50","5000","100","Magical","0","0","30","2","375","30","72","4","4160","416","500","0","5000","0","0","0","0","0","0","0","","","","","Ind_C_526_S01_R","C526_S01R","Temp_Battle_Se_Effect_011","1","","","BattleEndCameraPreset1"
"Mon_052G_CH11","","","Str_Char_052_S01_G_Name","","Monster","M","Green","1","Mage","Back","","","","Skill_C_052_01_G","None","GradeUp_Mage","SkillLvUp_Green","","5000","1","1.9","0.5","1.4","1","1","50","5000","100","Magical","0","0","12","1","450","36","18","1","3900","390","500","0","5000","0","0","0","0","0","0","0","","","","","Ind_C_052_S01_G","C052_S01G","Temp_Battle_Se_Effect_011","1","","","BattleEndCameraPreset1"
"Mon_544B_CH11","","","Str_Char_544_S01_B_Name","","Monster","M","Blue","1","Shooter","Back","","","","Skill_C_544_01_B","None","GradeUp_Shooter","SkillLvUp_Blue","","5000","1","1.9","0.5","1.4","1","1","50","5000","100","Physical","450","36","18","1","0","0","12","1","3900","390","500","0","5000","0","0","0","0","0","0","0","","","","","Ind_C_544_S01_B","C544_S01B","Temp_Battle_Se_Effect_011","1","","","BattleEndCameraPreset1"
"Mon_594R_CH11","","","Str_Char_594_S01_R_Name","","Monster","M","Red","1","Cleric","Back","","","","Skill_C_594_01_R","None","GradeUp_Cleric","SkillLvUp_Red","","5000","1","1","0.5","1","1","1","50","5000","100","Magical","0","0","18","1","300","24","18","1","4160","416","500","0","5000","0","0","0","0","0","0","0","","","","","Ind_C_594_S01_R","C594_S01R","Temp_Battle_Se_Effect_011","1","","","BattleEndCameraPreset1"
"Mon_533R_CH11","","","Str_Char_533_S01_R_Name","","Monster","M","Red","2","Cleric","Back","","","","Skill_C_533_01_R","None","GradeUp_Cleric","SkillLvUp_Red","","5000","1","1.4","0.5","1.4","1","1","50","5000","100","Magical","0","0","18","1","300","24","18","1","4160","416","500","0","5000","0","0","0","0","0","0","0","","","","","Ind_C_533_S01_R","C533_S01R","Temp_Battle_Se_Effect_011","1","","","BattleEndCameraPreset1"
"Mon_531G_CH11","","","Str_Char_531_S01_R_Name","","Monster","M","Red","2","Sorcerer","Middle","","","","Skill_C_531_01_R","None","GradeUp_Sorcerer","SkillLvUp_Red","","5000","1","1.4","0.5","1.4","1","1","50","5000","100","Magical","0","0","30","2","375","30","72","4","4160","416","500","0","5000","0","0","0","0","0","0","0","","","","","Ind_C_531_S01_R","C531_S01R","Temp_Battle_Se_Effect_011","1","","","BattleEndCameraPreset1"
"Mon_527R_CH11","","","Str_Char_527_S01_R_Name","","Monster","M","Red","1","Ranger","Middle","","","","Skill_C_527_01_R","None","GradeUp_Ranger","SkillLvUp_Red","","5000","1","1.4","0.5","1.4","1","1","50","5000","100","Physical","375","30","72","4","0","0","30","2","4160","416","500","0","5000","0","0","0","0","0","0","0","","","","","Ind_C_527_S01_R","C527_S01R","Temp_Battle_Se_Effect_011","1","","","BattleEndCameraPreset1"
"Mon_596R_CH11","","","Str_Char_596_S01_R_Name","","Monster","M","Red","2","Fighter","Front","","","","Skill_C_596_01_R","None","GradeUp_Fighter","SkillLvUp_Red","","5000","1","2.1","0.5","1.5","1","1","50","5000","100","Physical","225","18","240","12","0","0","90","5","5200","520","500","0","5000","0","0","0","0","0","0","0","","","","","Ind_C_596_S01_R","C596_S01R","Temp_Battle_Se_Effect_011","1","","","BattleEndCameraPreset1"
"Mon_559R_CH11","","","Str_Char_559_S01_R_Name","","Monster","M","Red","2","Ranger","Middle","","","","Skill_C_559_01_R","None","GradeUp_Ranger","SkillLvUp_Red","","5000","1","1.9","0.5","1.4","1","1","50","5000","100","Physical","375","30","72","4","0","0","30","2","4160","416","500","0","5000","0","0","0","0","0","0","0","","","","","Ind_C_559_S01_R","C559_S01R","Temp_Battle_Se_Effect_011","1","","","BattleEndCameraPreset1"
"Mon_524R_CH11","","","Str_Char_524_S01_R_Name","","Monster","M","Red","2","Mage","Back","","","","Skill_C_524_01_R","None","GradeUp_Mage","SkillLvUp_Red","","5000","1","1.9","0.5","1.4","1","1","50","5000","100","Magical","0","0","12","1","450","36","18","1","3900","390","500","0","5000","0","0","0","0","0","0","0","","","","","Ind_C_524_S01_R","C524_S01R","Temp_Battle_Se_Effect_011","1","","","BattleEndCameraPreset1"
"Mon_100_CH11","","","Str_Char_100_S01_G_Name","Str_Char_100_S01_G_Desc","HeroMon","M","Green","2","Sorcerer","Middle","Wea_Book","Armor_Cape","Acc_HeadDress","Skill_C_100_01_G","CharRotation","GradeUp_Char_100","SkillLvUp_Main_Green_Kainan","SkillLvUp_Sub_Sorcerer_Kainan","5000","1","1.9","0.5","1.4","1","1","124","3823","100","Magical","0","0","100","5","656","53","240","12","7280","728","500","0","5000","0","0","0","0","0","0","0","","","","Item_Material_HeroGradeUp_Char_100_S01_G","Ind_C_100_S01_G","C100_S01G","Temp_Battle_Se_Effect_011","1","","","BattleEndCameraPreset1"
"Mon_040_CH11","","","Str_Char_040_S01_R_Name","Str_Char_040_S01_R_Desc","HeroMon","M","Red","2","Shooter","Back","Wea_Ranged","Armor_Cape","Acc_HeadDress","Skill_C_040_01_R","CharRotation","GradeUp_Char_040","SkillLvUp_Main_Red_Cyberia","SkillLvUp_Sub_Shooter_Cyberia","5000","1","1.9","0.5","1.4","1","1","107","3878","100","Physical","788","63","60","3","0","0","40","2","6825","683","500","0","5000","0","0","0","0","0","0","0","","","","Item_Material_HeroGradeUp_Char_040_S01_R","Ind_C_040_S01_R","C040_S01R","Temp_Battle_Se_Effect_011","1","","","BattleEndCameraPreset1"
"Mon_007_CH11","","","Str_Char_007_S01_D_Name","Str_Char_007_S01_D_Desc","HeroMon","M","Red","3","Knight","Front","Wea_Mace","Armor_Coat","Acc_Helmet","Skill_C_007_01_D","CharRotation","GradeUp_Char_007","SkillLvUp_Main_Red_DelMar","SkillLvUp_Sub_Knight_DelMar","5000","1","1.9","0.5","1.4","1","1","82","10298","75","Magical","0","0","300","15","563","45","800","40","13000","1300","500","0","5000","0","0","0","0","0","0","0","","","","Item_Material_HeroGradeUp_Char_007_S01_D","Ind_C_007_S01_D","C007_S01D","Temp_Battle_Se_Effect_011","1","","","BattleEndCameraPreset1"
"Mon_030B_CH12","","","Str_Char_030_S01_B_Name","","Monster","M","Blue","2","Fighter","Front","","","","Skill_C_030_01_B","None","GradeUp_Fighter","SkillLvUp_Blue","","5000","1","1.9","0.5","1.4","1","1","50","5000","100","Physical","425","34","90","5","0","0","90","5","5040","504","500","0","5000","0","0","0","0","0","0","0","","","","","Ind_C_030_S01_R","C030_S01B","Temp_Battle_Se_Effect_011","1","","","BattleEndCameraPreset1"
"Mon_597R_CH12","","","Str_Char_597_S01_R_Name","","Monster","M","Red","1","Fighter","Front","","","","Skill_C_597_01_R","None","GradeUp_Fighter","SkillLvUp_Red","","5000","1","1.9","0.5","1.4","1","1","50","5000","100","Physical","425","34","90","5","0","0","90","5","5040","504","500","0","5000","0","0","0","0","0","0","0","","","","","Ind_C_597_S01_R","C597_S01R","Temp_Battle_Se_Effect_011","1","","","BattleEndCameraPreset1"
"Mon_557G_CH12","","","Str_Char_557_S01_G_Name","","Monster","M","Green","1","Guardian","Front","","","","Skill_C_557_01_G","None","GradeUp_Guardian","SkillLvUp_Green","","5000","1","2.1","0.5","1.5","1","1","50","5000","100","Physical","255","20","240","12","0","0","90","5","5600","560","500","0","5000","0","0","0","0","0","0","0","","","","","Ind_C_557_S01_G","C557_S01G","Temp_Battle_Se_Effect_011","1","","","BattleEndCameraPreset1"
"Mon_558G_CH12","","","Str_Char_558_S01_G_Name","","Monster","M","Green","1","Ranger","Middle","","","","Skill_C_558_01_G","None","GradeUp_Ranger","SkillLvUp_Green","","5000","1","1.9","0.5","1.4","1","1","50","5000","100","Physical","425","34","72","4","0","0","30","2","4480","448","500","0","5000","0","0","0","0","0","0","0","","","","","Ind_C_558_S01_G","C558_S01G","Temp_Battle_Se_Effect_011","1","","","BattleEndCameraPreset1"
"Mon_057G_CH12","","","Str_Char_057_S01_G_Name","","Monster","M","Green","1","Sorcerer","Middle","","","","Skill_C_057_01_G","None","GradeUp_Sorcerer","SkillLvUp_Green","","5000","1","1.4","0.5","1.4","1","1","50","5000","100","Magical","0","0","30","2","425","34","72","4","4480","448","500","0","5000","0","0","0","0","0","0","0","","","","","Ind_C_057_S01_G","C057_S01G","Temp_Battle_Se_Effect_011","1","","","BattleEndCameraPreset1"
"Mon_526R_CH12","","","Str_Char_526_S01_R_Name","","Monster","M","Red","1","Sorcerer","Middle","","","","Skill_C_526_01_R","None","GradeUp_Sorcerer","SkillLvUp_Red","","5000","1","1.4","0.5","1.4","1","1","50","5000","100","Magical","0","0","30","2","425","34","72","4","4480","448","500","0","5000","0","0","0","0","0","0","0","","","","","Ind_C_526_S01_R","C526_S01R","Temp_Battle_Se_Effect_011","1","","","BattleEndCameraPreset1"
"Mon_052G_CH12","","","Str_Char_052_S01_G_Name","","Monster","M","Green","1","Mage","Back","","","","Skill_C_052_01_G","None","GradeUp_Mage","SkillLvUp_Green","","5000","1","1.9","0.5","1.4","1","1","50","5000","100","Magical","0","0","12","1","510","41","18","1","4200","420","500","0","5000","0","0","0","0","0","0","0","","","","","Ind_C_052_S01_G","C052_S01G","Temp_Battle_Se_Effect_011","1","","","BattleEndCameraPreset1"
"Mon_544B_CH12","","","Str_Char_544_S01_B_Name","","Monster","M","Red","1","Shooter","Back","","","","Skill_C_544_01_B","None","GradeUp_Shooter","SkillLvUp_Blue","","5000","1","1.9","0.5","1.4","1","1","50","5000","100","Physical","510","41","18","1","0","0","12","1","4200","420","500","0","5000","0","0","0","0","0","0","0","","","","","Ind_C_544_S01_B","C544_S01B","Temp_Battle_Se_Effect_011","1","","","BattleEndCameraPreset1"
"Mon_594R_CH12","","","Str_Char_594_S01_R_Name","","Monster","M","Red","1","Cleric","Back","","","","Skill_C_594_01_R","None","GradeUp_Cleric","SkillLvUp_Red","","5000","1","1","0.5","1","1","1","50","5000","100","Magical","0","0","18","1","340","27","18","1","4480","448","500","0","5000","0","0","0","0","0","0","0","","","","","Ind_C_594_S01_R","C594_S01R","Temp_Battle_Se_Effect_011","1","","","BattleEndCameraPreset1"
"Mon_533R_CH12","","","Str_Char_533_S01_R_Name","","Monster","M","Red","2","Cleric","Back","","","","Skill_C_533_01_R","None","GradeUp_Cleric","SkillLvUp_Red","","5000","1","1.4","0.5","1.4","1","1","50","5000","100","Magical","0","0","18","1","340","27","18","1","4480","448","500","0","5000","0","0","0","0","0","0","0","","","","","Ind_C_533_S01_R","C533_S01R","Temp_Battle_Se_Effect_011","1","","","BattleEndCameraPreset1"
"Mon_531R_CH12","","","Str_Char_531_S01_R_Name","","Monster","M","Red","2","Sorcerer","Middle","","","","Skill_C_531_01_R","None","GradeUp_Sorcerer","SkillLvUp_Red","","5000","1","1.4","0.5","1.4","1","1","50","5000","100","Magical","0","0","30","2","425","34","72","4","4480","448","500","0","5000","0","0","0","0","0","0","0","","","","","Ind_C_531_S01_R","C531_S01R","Temp_Battle_Se_Effect_011","1","","","BattleEndCameraPreset1"
"Mon_527R_CH12","","","Str_Char_527_S01_R_Name","","Monster","M","Red","1","Ranger","Middle","","","","Skill_C_527_01_R","None","GradeUp_Ranger","SkillLvUp_Red","","5000","1","1.4","0.5","1.4","1","1","50","5000","100","Physical","425","34","72","4","0","0","30","2","4480","448","500","0","5000","0","0","0","0","0","0","0","","","","","Ind_C_527_S01_R","C527_S01R","Temp_Battle_Se_Effect_011","1","","","BattleEndCameraPreset1"
"Mon_596R_CH12","","","Str_Char_596_S01_R_Name","","Monster","M","Red","2","Fighter","Front","","","","Skill_C_596_01_R","None","GradeUp_Fighter","SkillLvUp_Red","","5000","1","2.1","0.5","1.5","1","1","50","5000","100","Physical","425","34","90","5","0","0","90","5","5040","504","500","0","5000","0","0","0","0","0","0","0","","","","","Ind_C_596_S01_R","C596_S01R","Temp_Battle_Se_Effect_011","1","","","BattleEndCameraPreset1"
"Mon_559R_CH12","","","Str_Char_559_S01_R_Name","","Monster","M","Red","2","Ranger","Middle","","","","Skill_C_559_01_R","None","GradeUp_Ranger","SkillLvUp_Red","","5000","1","1.9","0.5","1.4","1","1","50","5000","100","Physical","425","34","72","4","0","0","30","2","4480","448","500","0","5000","0","0","0","0","0","0","0","","","","","Ind_C_559_S01_R","C559_S01R","Temp_Battle_Se_Effect_011","1","","","BattleEndCameraPreset1"
"Mon_524R_CH12","","","Str_Char_524_S01_R_Name","","Monster","M","Red","2","Mage","Back","","","","Skill_C_524_01_R","None","GradeUp_Mage","SkillLvUp_Red","","5000","1","1.9","0.5","1.4","1","1","50","5000","100","Magical","0","0","12","1","510","41","18","1","4200","420","500","0","5000","0","0","0","0","0","0","0","","","","","Ind_C_524_S01_R","C524_S01R","Temp_Battle_Se_Effect_011","1","","","BattleEndCameraPreset1"
"Mon_085_CH12","","","Str_Char_085_S01_B_Name","Str_Char_085_S01_B_Desc","HeroMon","M","Blue","3","Ranger","Middle","Wea_Sword","Armor_Belt","Acc_Bracelet","Skill_C_085_01_B","CharRotation","GradeUp_Char_085","SkillLvUp_Main_Blue_Kainan","SkillLvUp_Sub_Ranger_Kainan","5000","1","1.9","0.5","1.4","1","1","126","3773","100","Physical","744","60","240","12","0","0","100","5","7840","784","500","0","5000","0","0","0","0","0","0","0","","","","Item_Material_HeroGradeUp_Char_085_S01_B","Ind_C_085_S01_B","C085_S01B","Temp_Battle_Se_Effect_011","1","","","BattleEndCameraPreset1"
"Mon_007_CH12","","","Str_Char_007_S01_D_Name","Str_Char_007_S01_D_Desc","HeroMon","M","Red","3","Knight","Front","Wea_Mace","Armor_Coat","Acc_Helmet","Skill_C_007_01_D","CharRotation","GradeUp_Char_007","SkillLvUp_Main_Red_DelMar","SkillLvUp_Sub_Knight_DelMar","5000","1","1.9","0.5","1.4","1","1","82","10298","75","Magical","0","0","300","15","446","36","800","40","9800","980","500","0","5000","0","0","0","0","0","0","0","","","","Item_Material_HeroGradeUp_Char_007_S01_D","Ind_C_007_S01_D","C007_S01D","Temp_Battle_Se_Effect_011","1","","","BattleEndCameraPreset1"
"Mon_022_CH12","","Str_Char_022_S01_B_Title","Str_Char_022_S01_B_Name","Str_Char_022_S01_B_Desc","Monster","M","Green","3","Fighter","Front","","","","Skill_C_022_01_B","CharRotation","GradeUp_Guardian","SkillLvUp_Green","","5000","1","1.9","0.5","1.4","1","4","66","6444","146","Physical","1063","85","300","15","0","0","300","15","12600","1260","1500","0","10000","0","3000","0","0","0","0","0","","","","","Ind_C_022_S01_B","C022_S01B","Temp_Battle_Se_Effect_011","1.2","","","BattleEndCameraPreset1"
"Mon_022_CH12_Boss","","Str_Char_022_S01_B_Title","Str_Char_022_S01_B_Name","Str_Char_022_S01_B_Desc","Monster","M","Green","3","Fighter","Front","","","","Skill_C_022_01_B","CharRotation","GradeUp_Guardian","SkillLvUp_Green","","5000","1","1.9","0.5","1.4","1","4","66","6444","146","Physical","1063","85","300","15","0","0","300","15","12600","1260","1500","0","10000","0","3000","0","0","0","0","0","","","","","Ind_C_022_S01_B","C022_S01B","Temp_Battle_Se_Effect_011","1.2","","","BattleEndCameraPreset1"
"Mon_045B_CH13","","","Str_Char_045_S01_B_Name","","Monster","M","Blue","1","Fighter","Front","","","","Skill_C_045_01_B","None","GradeUp_Guardian","SkillLvUp_Blue","","5000","1","1.2","0.5","1.2","1","1","50","5000","100","Physical","463","37","90","5","0","0","90","5","5400","540","500","0","5000","0","0","0","0","0","0","0","","","","","Ind_C_045_S01_B","C045_S01B","Temp_Battle_Se_Effect_011","1","","","BattleEndCameraPreset1"
"Mon_049B_CH13","","","Str_Char_049_S01_B_Name","","Monster","M","Blue","2","Knight","Front","","","","Skill_C_049_01_B","None","GradeUp_Knight","SkillLvUp_Blue","","5000","1","1.9","0.5","1.4","1","1","50","5000","100","Magical","0","0","90","5","278","22","240","12","6000","600","500","0","5000","0","0","0","0","0","0","0","","","","","Ind_C_049_S01_B","C049_S01B","Temp_Battle_Se_Effect_011","1","","","BattleEndCameraPreset1"
"Mon_538B_CH13","","","Str_Char_538_S01_B_Name","","Monster","M","Blue","2","Knight","Front","","","","Skill_C_538_01_B","None","GradeUp_Knight","SkillLvUp_Blue","","5000","1","1.9","0.5","1.4","1","1","50","5000","100","Magical","0","0","90","5","278","22","240","12","6000","600","500","0","5000","0","0","0","0","0","0","0","","","","","Ind_C_538_S01_B","C538_S01B","Temp_Battle_Se_Effect_011","1","","","BattleEndCameraPreset1"
"Mon_539B_CH13","","","Str_Char_539_S01_B_Name","","Monster","M","Blue","1","Ranger","Middle","","","","Skill_C_539_01_B","None","GradeUp_Ranger","SkillLvUp_Blue","","5000","1","1","0.5","1","1","1","50","5000","100","Physical","463","37","72","4","0","0","30","2","4800","480","500","0","5000","0","0","0","0","0","0","0","","","","","Ind_C_539_S01_B","C539_S01B","Temp_Battle_Se_Effect_011","1","","","BattleEndCameraPreset1"
"Mon_546B_CH13","","","Str_Char_546_S01_B_Name","","Monster","M","Blue","2","Ranger","Middle","","","","Skill_C_546_01_B","None","GradeUp_Ranger","SkillLvUp_Blue","","5000","1","1.9","0.5","1.4","1","1","50","5000","100","Physical","463","37","72","4","0","0","30","2","4800","480","500","0","5000","0","0","0","0","0","0","0","","","","","Ind_C_546_S01_B","C546_S01B","Temp_Battle_Se_Effect_011","1","","","BattleEndCameraPreset1"
"Mon_547B_CH13","","","Str_Char_547_S01_B_Name","","Monster","M","Blue","1","Sorcerer","Middle","","","","Skill_C_547_01_B","None","GradeUp_Sorcerer","SkillLvUp_Blue","","5000","1","2.1","0.5","1.5","1","1","50","5000","100","Magical","0","0","30","2","463","37","72","4","4800","480","500","0","5000","0","0","0","0","0","0","0","","","","","Ind_C_547_S01_B","C547_S01B","Temp_Battle_Se_Effect_011","1","","","BattleEndCameraPreset1"
"Mon_545B_CH13","","","Str_Char_545_S01_B_Name","","Monster","M","Blue","2","Sorcerer","Middle","","","","Skill_C_545_01_B","None","GradeUp_Sorcerer","SkillLvUp_Blue","","5000","1","2.1","0.5","1.5","1","1","50","5000","100","Magical","0","0","30","2","463","37","72","4","4800","480","500","0","5000","0","0","0","0","0","0","0","","","","","Ind_C_545_S01_B","C545_S01B","Temp_Battle_Se_Effect_011","1","","","BattleEndCameraPreset1"
"Mon_543B_CH13","","","Str_Char_543_S01_B_Name","","Monster","M","Blue","1","Shooter","Back","","","","Skill_C_543_01_B","None","GradeUp_Shooter","SkillLvUp_Blue","","5000","1","1.9","0.5","1.4","1","1","50","5000","100","Physical","555","44","18","1","0","0","12","1","4500","450","500","0","5000","0","0","0","0","0","0","0","","","","","Ind_C_543_S01_B","C543_S01B","Temp_Battle_Se_Effect_011","1","","","BattleEndCameraPreset1"
"Mon_544B_CH13","","","Str_Char_544_S01_B_Name","","Monster","M","Blue","1","Shooter","Back","","","","Skill_C_544_01_B","None","GradeUp_Shooter","SkillLvUp_Blue","","5000","1","1.9","0.5","1.4","1","1","50","5000","100","Physical","555","44","18","1","0","0","12","1","4500","450","500","0","5000","0","0","0","0","0","0","0","","","","","Ind_C_544_S01_B","C544_S01B","Temp_Battle_Se_Effect_011","1","","","BattleEndCameraPreset1"
"Mon_047B_CH13","","","Str_Char_047_S01_B_Name","","Monster","M","Blue","2","Cleric","Back","","","","Skill_C_047_01_B","None","GradeUp_Cleric","SkillLvUp_Blue","","5000","1","1.9","0.5","1.4","1","1","50","5000","100","Magical","0","0","18","1","370","30","18","1","4800","480","500","0","5000","0","0","0","0","0","0","0","","","","","Ind_C_047_S01_B","C047_S01B","Temp_Battle_Se_Effect_011","1","","","BattleEndCameraPreset1"
"Mon_549R_CH13","","","Str_Char_549_S01_R_Name","","Monster","M","Blue","3","Knight","Front","","","","Skill_C_549_01_R","None","GradeUp_Knight","SkillLvUp_Blue","","5000","1","1.9","0.5","1.4","1","1","50","5000","100","Magical","0","0","90","5","278","22","240","12","6000","600","500","0","5000","0","0","0","0","0","0","0","","","","","Ind_C_549_S01_R","C549_S01R","Temp_Battle_Se_Effect_011","1","","","BattleEndCameraPreset1"
"Mon_550R_CH13","","","Str_Char_550_S01_R_Name","","Monster","M","Blue","3","Shooter","Back","","","","Skill_C_550_01_R","None","GradeUp_Shooter","SkillLvUp_Blue","","5000","1","1.9","0.5","1.4","1","1","50","5000","100","Physical","555","44","18","1","0","0","12","1","4500","450","500","0","5000","0","0","0","0","0","0","0","","","","","Ind_C_550_S01_R","C550_S01R","Temp_Battle_Se_Effect_011","1","","","BattleEndCameraPreset1"
"Mon_551R_CH13","","","Str_Char_551_S01_R_Name","","Monster","M","Blue","3","Ranger","Middle","","","","Skill_C_551_01_R","None","GradeUp_Ranger","SkillLvUp_Blue","","5000","1","1.9","0.5","1.4","1","1","50","5000","100","Physical","463","37","72","4","0","0","30","2","4800","480","500","0","5000","0","0","0","0","0","0","0","","","","","Ind_C_551_S01_R","C551_S01R","Temp_Battle_Se_Effect_011","1","","","BattleEndCameraPreset1"
"Mon_010_CH13","","","Str_Char_010_S01_B_Name","Str_Char_010_S01_B_Desc","HeroMon","M","Blue","3","Cleric","Back","Wea_Staff","Armor_Cape","Acc_Necklace","Skill_C_010_01_B","CharRotation","GradeUp_Char_010","SkillLvUp_Main_Blue_Cyberia","SkillLvUp_Sub_Cleric_Cyberia","5000","1","1.9","0.5","1.4","1","1","80","5600","75","Magical","0","0","60","3","648","52","60","3","8400","840","500","0","5000","0","0","0","0","0","0","0","","","","Item_Material_HeroGradeUp_Char_010_S01_B","Ind_C_010_S01_B","C010_S01B","Temp_Battle_Se_Effect_011","1","","","BattleEndCameraPreset1"
"Mon_008_CH13","","","Str_Char_008_S01_B_Name","Str_Char_008_S01_B_Desc","HeroMon","M","Blue","2","Shooter","Back","Wea_Ranged","Armor_Cape","Acc_Ring","Skill_C_008_01_B","CharRotation","GradeUp_Char_008","SkillLvUp_Main_Blue_Paulhill","SkillLvUp_Sub_Shooter_Paulhill","5000","1","1.9","0.5","1.4","1","1","101","4098","100","Physical","971","78","60","3","0","0","40","2","7875","788","500","0","5000","0","0","0","0","0","0","0","","","","Item_Material_HeroGradeUp_Char_008_S01_B","Ind_C_008_S01_B","C008_S01B","Temp_Battle_Se_Effect_011","1","","","BattleEndCameraPreset1"
"Mon_015_CH13","","","Str_Char_015_S01_B_Name","Str_Char_015_S01_B_Desc","HeroMon","M","Red","2","Guardian","Front","Wea_Mace","Armor_ProtectGear","Acc_HeadDress","Skill_C_015_01_B","CharRotation","GradeUp_Char_015","SkillLvUp_Main_Red_Elvinzia","SkillLvUp_Sub_Guardian_Elvinzia","5000","1","1.9","0.5","1.4","1","1","85","9931","75","Physical","694","56","800","40","0","0","300","15","11200","1120","500","0","5000","0","0","0","0","0","0","0","","","","Item_Material_HeroGradeUp_Char_015_S01_B","Ind_C_015_S01_B","C015_S01B","Temp_Battle_Se_Effect_011","1","","","BattleEndCameraPreset1"
"Mon_045B_CH14","","","Str_Char_045_S01_B_Name","","Monster","M","Blue","1","Guardian","Front","","","","Skill_C_045_01_B","None","GradeUp_Guardian","SkillLvUp_Blue","","5000","1","1.2","0.5","1.2","1","1","50","5000","100","Physical","500","40","90","5","0","0","90","5","5760","576","500","0","5000","0","0","0","0","0","0","0","","","","","Ind_C_045_S01_B","C045_S01B","Temp_Battle_Se_Effect_011","1","","","BattleEndCameraPreset1"
"Mon_049B_CH14","","","Str_Char_049_S01_B_Name","","Monster","M","Blue","2","Knight","Front","","","","Skill_C_049_01_B","None","GradeUp_Knight","SkillLvUp_Blue","","5000","1","1.9","0.5","1.4","1","1","50","5000","100","Magical","0","0","90","5","300","24","240","12","6400","640","500","0","5000","0","0","0","0","0","0","0","","","","","Ind_C_049_S01_B","C049_S01B","Temp_Battle_Se_Effect_011","1","","","BattleEndCameraPreset1"
"Mon_538B_CH14","","","Str_Char_538_S01_B_Name","","Monster","M","Blue","2","Knight","Front","","","","Skill_C_538_01_B","None","GradeUp_Knight","SkillLvUp_Blue","","5000","1","1.9","0.5","1.4","1","1","50","5000","100","Magical","0","0","90","5","300","24","240","12","6400","640","500","0","5000","0","0","0","0","0","0","0","","","","","Ind_C_538_S01_B","C538_S01B","Temp_Battle_Se_Effect_011","1","","","BattleEndCameraPreset1"
"Mon_539B_CH14","","","Str_Char_539_S01_B_Name","","Monster","M","Blue","1","Ranger","Middle","","","","Skill_C_539_01_B","None","GradeUp_Ranger","SkillLvUp_Blue","","5000","1","1","0.5","1","1","1","50","5000","100","Physical","500","40","72","4","0","0","30","2","5120","512","500","0","5000","0","0","0","0","0","0","0","","","","","Ind_C_539_S01_B","C539_S01B","Temp_Battle_Se_Effect_011","1","","","BattleEndCameraPreset1"
"Mon_546B_CH14","","","Str_Char_546_S01_B_Name","","Monster","M","Blue","2","Ranger","Middle","","","","Skill_C_546_01_B","None","GradeUp_Ranger","SkillLvUp_Blue","","5000","1","1.9","0.5","1.4","1","1","50","5000","100","Physical","500","40","72","4","0","0","30","2","5120","512","500","0","5000","0","0","0","0","0","0","0","","","","","Ind_C_546_S01_B","C546_S01B","Temp_Battle_Se_Effect_011","1","","","BattleEndCameraPreset1"
"Mon_547B_CH14","","","Str_Char_547_S01_B_Name","","Monster","M","Blue","1","Sorcerer","Middle","","","","Skill_C_547_01_B","None","GradeUp_Sorcerer","SkillLvUp_Blue","","5000","1","2.1","0.5","1.5","1","1","50","5000","100","Magical","0","0","30","2","500","40","72","4","5120","512","500","0","5000","0","0","0","0","0","0","0","","","","","Ind_C_547_S01_B","C547_S01B","Temp_Battle_Se_Effect_011","1","","","BattleEndCameraPreset1"
"Mon_545B_CH14","","","Str_Char_545_S01_B_Name","","Monster","M","Blue","2","Sorcerer","Middle","","","","Skill_C_545_01_B","None","GradeUp_Sorcerer","SkillLvUp_Blue","","5000","1","2.1","0.5","1.5","1","1","50","5000","100","Magical","0","0","30","2","500","40","72","4","5120","512","500","0","5000","0","0","0","0","0","0","0","","","","","Ind_C_545_S01_B","C545_S01B","Temp_Battle_Se_Effect_011","1","","","BattleEndCameraPreset1"
"Mon_543B_CH14","","","Str_Char_543_S01_B_Name","","Monster","M","Blue","1","Shooter","Back","","","","Skill_C_543_01_B","None","GradeUp_Shooter","SkillLvUp_Blue","","5000","1","1.9","0.5","1.4","1","1","50","5000","100","Physical","600","48","18","1","0","0","12","1","4800","480","500","0","5000","0","0","0","0","0","0","0","","","","","Ind_C_543_S01_B","C543_S01B","Temp_Battle_Se_Effect_011","1","","","BattleEndCameraPreset1"
"Mon_544B_CH14","","","Str_Char_544_S01_B_Name","","Monster","M","Blue","1","Shooter","Back","","","","Skill_C_544_01_B","None","GradeUp_Shooter","SkillLvUp_Blue","","5000","1","1.9","0.5","1.4","1","1","50","5000","100","Physical","600","48","18","1","0","0","12","1","4800","480","500","0","5000","0","0","0","0","0","0","0","","","","","Ind_C_544_S01_B","C544_S01B","Temp_Battle_Se_Effect_011","1","","","BattleEndCameraPreset1"
"Mon_047B_CH14","","","Str_Char_047_S01_B_Name","","Monster","M","Blue","2","Cleric","Back","","","","Skill_C_047_01_B","None","GradeUp_Cleric","SkillLvUp_Blue","","5000","1","1.9","0.5","1.4","1","1","50","5000","100","Magical","0","0","18","1","400","32","18","1","5120","512","500","0","5000","0","0","0","0","0","0","0","","","","","Ind_C_047_S01_B","C047_S01B","Temp_Battle_Se_Effect_011","1","","","BattleEndCameraPreset1"
"Mon_549R_CH14","","","Str_Char_549_S01_R_Name","","Monster","M","Blue","3","Knight","Front","","","","Skill_C_549_01_R","None","GradeUp_Knight","SkillLvUp_Blue","","5000","1","1.9","0.5","1.4","1","1","50","5000","100","Magical","0","0","90","5","300","24","240","12","6400","640","500","0","5000","0","0","0","0","0","0","0","","","","","Ind_C_549_S01_R","C549_S01R","Temp_Battle_Se_Effect_011","1","","","BattleEndCameraPreset1"
"Mon_550R_CH14","","","Str_Char_550_S01_R_Name","","Monster","M","Blue","3","Shooter","Back","","","","Skill_C_550_01_R","None","GradeUp_Shooter","SkillLvUp_Blue","","5000","1","1.9","0.5","1.4","1","1","50","5000","100","Physical","600","48","18","1","0","0","12","1","4800","480","500","0","5000","0","0","0","0","0","0","0","","","","","Ind_C_550_S01_R","C550_S01R","Temp_Battle_Se_Effect_011","1","","","BattleEndCameraPreset1"
"Mon_551R_CH14","","","Str_Char_551_S01_R_Name","","Monster","M","Blue","3","Ranger","Middle","","","","Skill_C_551_01_R","None","GradeUp_Ranger","SkillLvUp_Blue","","5000","1","1.9","0.5","1.4","1","1","50","5000","100","Physical","500","40","72","4","0","0","30","2","5120","512","500","0","5000","0","0","0","0","0","0","0","","","","","Ind_C_551_S01_R","C551_S01R","Temp_Battle_Se_Effect_011","1","","","BattleEndCameraPreset1"
"Mon_037_CH14","","","Str_Char_037_S01_L_Name","Str_Char_037_S01_L_Desc","HeroMon","M","Blue","2","Fighter","Front","Wea_Sword","Armor_Jacket","Acc_Ring","Skill_C_037_01_L","CharRotation","GradeUp_Char_037","SkillLvUp_Main_Blue_Paulhill","SkillLvUp_Sub_Fighter_Paulhill","5000","1","1.5","0.5","1.4","1","1","102","5184","100","Physical","875","70","300","15","0","0","300","15","10080","1008","500","0","5000","0","0","0","0","0","0","0","","","","Item_Material_HeroGradeUp_Char_037_S01_L","Ind_C_037_S01_L","C037_S01L","Temp_Battle_Se_Effect_011","1","","","BattleEndCameraPreset1"
"Mon_010_CH14","","","Str_Char_010_S01_B_Name","Str_Char_010_S01_B_Desc","HeroMon","M","Blue","3","Cleric","Back","Wea_Staff","Armor_Cape","Acc_Necklace","Skill_C_010_01_B","CharRotation","GradeUp_Char_010","SkillLvUp_Main_Blue_Cyberia","SkillLvUp_Sub_Cleric_Cyberia","5000","1","1.9","0.5","1.4","1","1","80","5600","75","Magical","0","0","60","3","1000","80","60","3","12800","1280","500","0","5000","0","0","0","0","0","0","0","","","","Item_Material_HeroGradeUp_Char_010_S01_B","Ind_C_010_S01_B","C010_S01B","Temp_Battle_Se_Effect_011","1","","","BattleEndCameraPreset1"
"Mon_008_CH14","","","Str_Char_008_S01_B_Name","Str_Char_008_S01_B_Desc","HeroMon","M","Blue","2","Shooter","Back","Wea_Ranged","Armor_Cape","Acc_Ring","Skill_C_008_01_B","CharRotation","GradeUp_Char_008","SkillLvUp_Main_Blue_Paulhill","SkillLvUp_Sub_Shooter_Paulhill","5000","1","1.9","0.5","1.4","1","1","101","4098","100","Physical","1050","84","60","3","0","0","40","2","8400","840","500","0","5000","0","0","0","0","0","0","0","","","","Item_Material_HeroGradeUp_Char_008_S01_B","Ind_C_008_S01_B","C008_S01B","Temp_Battle_Se_Effect_011","1","","","BattleEndCameraPreset1"
"Mon_045B_CH15","","","Str_Char_045_S01_B_Name","","Monster","M","Blue","1","Guardian","Front","","","","Skill_C_045_01_B","None","GradeUp_Guardian","SkillLvUp_Blue","","5000","1","1.2","0.5","1.2","1","1","50","5000","100","Physical","538","43","90","5","0","0","90","5","6120","612","500","0","5000","0","0","0","0","0","0","0","","","","","Ind_C_045_S01_B","C045_S01B","Temp_Battle_Se_Effect_011","1","","","BattleEndCameraPreset1"
"Mon_049B_CH15","","","Str_Char_049_S01_B_Name","","Monster","M","Blue","2","Knight","Front","","","","Skill_C_049_01_B","None","GradeUp_Knight","SkillLvUp_Blue","","5000","1","1.9","0.5","1.4","1","1","50","5000","100","Magical","0","0","90","5","323","26","240","12","6800","680","500","0","5000","0","0","0","0","0","0","0","","","","","Ind_C_049_S01_B","C049_S01B","Temp_Battle_Se_Effect_011","1","","","BattleEndCameraPreset1"
"Mon_538B_CH15","","","Str_Char_538_S01_B_Name","","Monster","M","Blue","2","Knight","Front","","","","Skill_C_538_01_B","None","GradeUp_Knight","SkillLvUp_Blue","","5000","1","1.9","0.5","1.4","1","1","50","5000","100","Magical","0","0","90","5","323","26","240","12","6800","680","500","0","5000","0","0","0","0","0","0","0","","","","","Ind_C_538_S01_B","C538_S01B","Temp_Battle_Se_Effect_011","1","","","BattleEndCameraPreset1"
"Mon_539B_CH15","","","Str_Char_539_S01_B_Name","","Monster","M","Blue","1","Ranger","Middle","","","","Skill_C_539_01_B","None","GradeUp_Ranger","SkillLvUp_Blue","","5000","1","1","0.5","1","1","1","50","5000","100","Physical","538","43","72","4","0","0","30","2","5440","544","500","0","5000","0","0","0","0","0","0","0","","","","","Ind_C_539_S01_B","C539_S01B","Temp_Battle_Se_Effect_011","1","","","BattleEndCameraPreset1"
"Mon_546B_CH15","","","Str_Char_546_S01_B_Name","","Monster","M","Blue","2","Ranger","Middle","","","","Skill_C_546_01_B","None","GradeUp_Ranger","SkillLvUp_Blue","","5000","1","1.9","0.5","1.4","1","1","50","5000","100","Physical","538","43","72","4","0","0","30","2","5440","544","500","0","5000","0","0","0","0","0","0","0","","","","","Ind_C_546_S01_B","C546_S01B","Temp_Battle_Se_Effect_011","1","","","BattleEndCameraPreset1"
"Mon_547B_CH15","","","Str_Char_547_S01_B_Name","","Monster","M","Blue","1","Sorcerer","Middle","","","","Skill_C_547_01_B","None","GradeUp_Sorcerer","SkillLvUp_Blue","","5000","1","2.1","0.5","1.5","1","1","50","5000","100","Magical","0","0","30","2","538","43","72","4","5440","544","500","0","5000","0","0","0","0","0","0","0","","","","","Ind_C_547_S01_B","C547_S01B","Temp_Battle_Se_Effect_011","1","","","BattleEndCameraPreset1"
"Mon_545B_CH15","","","Str_Char_545_S01_B_Name","","Monster","M","Blue","2","Sorcerer","Middle","","","","Skill_C_545_01_B","None","GradeUp_Sorcerer","SkillLvUp_Blue","","5000","1","2.1","0.5","1.5","1","1","50","5000","100","Magical","0","0","30","2","538","43","72","4","5440","544","500","0","5000","0","0","0","0","0","0","0","","","","","Ind_C_545_S01_B","C545_S01B","Temp_Battle_Se_Effect_011","1","","","BattleEndCameraPreset1"
"Mon_543B_CH15","","","Str_Char_543_S01_B_Name","","Monster","M","Blue","1","Shooter","Back","","","","Skill_C_543_01_B","None","GradeUp_Shooter","SkillLvUp_Blue","","5000","1","1.9","0.5","1.4","1","1","50","5000","100","Physical","645","52","18","1","0","0","12","1","5100","510","500","0","5000","0","0","0","0","0","0","0","","","","","Ind_C_543_S01_B","C543_S01B","Temp_Battle_Se_Effect_011","1","","","BattleEndCameraPreset1"
"Mon_544B_CH15","","","Str_Char_544_S01_B_Name","","Monster","M","Blue","1","Shooter","Back","","","","Skill_C_544_01_B","None","GradeUp_Shooter","SkillLvUp_Blue","","5000","1","1.9","0.5","1.4","1","1","50","5000","100","Physical","645","52","18","1","0","0","12","1","5100","510","500","0","5000","0","0","0","0","0","0","0","","","","","Ind_C_544_S01_B","C544_S01B","Temp_Battle_Se_Effect_011","1","","","BattleEndCameraPreset1"
"Mon_047B_CH15","","","Str_Char_047_S01_B_Name","","Monster","M","Blue","2","Cleric","Back","","","","Skill_C_047_01_B","None","GradeUp_Cleric","SkillLvUp_Blue","","5000","1","1.9","0.5","1.4","1","1","50","5000","100","Magical","0","0","18","1","430","34","18","1","5440","544","500","0","5000","0","0","0","0","0","0","0","","","","","Ind_C_047_S01_B","C047_S01B","Temp_Battle_Se_Effect_011","1","","","BattleEndCameraPreset1"
"Mon_549R_CH15","","","Str_Char_549_S01_R_Name","","Monster","M","Blue","3","Knight","Front","","","","Skill_C_549_01_R","None","GradeUp_Knight","SkillLvUp_Blue","","5000","1","1.9","0.5","1.4","1","1","50","5000","100","Magical","0","0","90","5","323","26","240","12","6800","680","500","0","5000","0","0","0","0","0","0","0","","","","","Ind_C_549_S01_R","C549_S01R","Temp_Battle_Se_Effect_011","1","","","BattleEndCameraPreset1"
"Mon_550R_CH15","","","Str_Char_550_S01_R_Name","","Monster","M","Blue","3","Shooter","Back","","","","Skill_C_550_01_R","None","GradeUp_Shooter","SkillLvUp_Blue","","5000","1","1.9","0.5","1.4","1","1","50","5000","100","Physical","645","52","18","1","0","0","12","1","5100","510","500","0","5000","0","0","0","0","0","0","0","","","","","Ind_C_550_S01_R","C550_S01R","Temp_Battle_Se_Effect_011","1","","","BattleEndCameraPreset1"
"Mon_551R_CH15","","","Str_Char_551_S01_R_Name","","Monster","M","Blue","3","Ranger","Middle","","","","Skill_C_551_01_R","None","GradeUp_Ranger","SkillLvUp_Blue","","5000","1","1.9","0.5","1.4","1","1","50","5000","100","Physical","538","43","72","4","0","0","30","2","5440","544","500","0","5000","0","0","0","0","0","0","0","","","","","Ind_C_551_S01_R","C551_S01R","Temp_Battle_Se_Effect_011","1","","","BattleEndCameraPreset1"
"Mon_015_CH15","","","Str_Char_015_S01_B_Name","Str_Char_015_S01_B_Desc","HeroMon","M","Red","2","Guardian","Front","Wea_Mace","Armor_ProtectGear","Acc_HeadDress","Skill_C_015_01_B","CharRotation","GradeUp_Char_015","SkillLvUp_Main_Red_Elvinzia","SkillLvUp_Sub_Guardian_Elvinzia","5000","1","1.9","0.5","1.4","1","1","85","9931","75","Physical","564","45","800","40","0","0","300","15","9200","920","500","0","5000","0","0","0","0","0","0","0","","","","Item_Material_HeroGradeUp_Char_015_S01_B","Ind_C_015_S01_B","C015_S01B","Temp_Battle_Se_Effect_011","1","","","BattleEndCameraPreset1"
"Mon_037_CH15","","","Str_Char_037_S01_L_Name","Str_Char_037_S01_L_Desc","HeroMon","M","Blue","2","Fighter","Front","Wea_Sword","Armor_Jacket","Acc_Ring","Skill_C_037_01_L","CharRotation","GradeUp_Char_037","SkillLvUp_Main_Blue_Paulhill","SkillLvUp_Sub_Fighter_Paulhill","5000","1","1.5","0.5","1.4","1","1","102","5184","100","Physical","941","75","300","15","0","0","300","15","8280","828","500","0","5000","0","0","0","0","0","0","0","","","","Item_Material_HeroGradeUp_Char_037_S01_L","Ind_C_037_S01_L","C037_S01L","Temp_Battle_Se_Effect_011","1","","","BattleEndCameraPreset1"
"Mon_101_CH15","","","Str_Char_101_S01_B_Name","Str_Char_101_S01_B_Desc","HeroMon","M","Blue","3","Knight","Front","Wea_Sword","Armor_Belt","Acc_Helmet","Skill_C_101_01_B","CharRotation","GradeUp_Char_101","SkillLvUp_Main_Blue_Cyberia","SkillLvUp_Sub_Knight_Cyberia","5000","1","1.9","0.5","1.4","1","1","80","10525","75","Magical","0","0","300","15","806","65","800","40","17000","1700","500","0","5000","0","0","0","0","0","0","0","","","","Item_Material_HeroGradeUp_Char_101_S01_B","Ind_C_101_S01_B","C101_S01B","Temp_Battle_Se_Effect_011","1","","","BattleEndCameraPreset1"
"Mon_045B_CH16","","","Str_Char_045_S01_B_Name","","Monster","M","Blue","1","Guardian","Front","","","","Skill_C_045_01_B","None","GradeUp_Guardian","SkillLvUp_Blue","","5000","1","1.2","0.5","1.2","1","1","50","5000","100","Physical","575","46","90","5","0","0","90","5","6480","648","500","0","5000","0","0","0","0","0","0","0","","","","","Ind_C_045_S01_B","C045_S01B","Temp_Battle_Se_Effect_011","1","","","BattleEndCameraPreset1"
"Mon_049B_CH16","","","Str_Char_049_S01_B_Name","","Monster","M","Blue","2","Knight","Front","","","","Skill_C_049_01_B","None","GradeUp_Knight","SkillLvUp_Blue","","5000","1","1.9","0.5","1.4","1","1","50","5000","100","Magical","0","0","90","5","345","28","240","12","7200","720","500","0","5000","0","0","0","0","0","0","0","","","","","Ind_C_049_S01_B","C049_S01B","Temp_Battle_Se_Effect_011","1","","","BattleEndCameraPreset1"
"Mon_538B_CH16","","","Str_Char_538_S01_B_Name","","Monster","M","Blue","2","Knight","Front","","","","Skill_C_538_01_B","None","GradeUp_Knight","SkillLvUp_Blue","","5000","1","1.9","0.5","1.4","1","1","50","5000","100","Magical","0","0","90","5","345","28","240","12","7200","720","500","0","5000","0","0","0","0","0","0","0","","","","","Ind_C_538_S01_B","C538_S01B","Temp_Battle_Se_Effect_011","1","","","BattleEndCameraPreset1"
"Mon_539B_CH16","","","Str_Char_539_S01_B_Name","","Monster","M","Blue","1","Ranger","Middle","","","","Skill_C_539_01_B","None","GradeUp_Ranger","SkillLvUp_Blue","","5000","1","1","0.5","1","1","1","50","5000","100","Physical","575","46","72","4","0","0","30","2","5760","576","500","0","5000","0","0","0","0","0","0","0","","","","","Ind_C_539_S01_B","C539_S01B","Temp_Battle_Se_Effect_011","1","","","BattleEndCameraPreset1"
"Mon_546B_CH16","","","Str_Char_546_S01_B_Name","","Monster","M","Blue","2","Ranger","Middle","","","","Skill_C_546_01_B","None","GradeUp_Ranger","SkillLvUp_Blue","","5000","1","1.9","0.5","1.4","1","1","50","5000","100","Physical","575","46","72","4","0","0","30","2","5760","576","500","0","5000","0","0","0","0","0","0","0","","","","","Ind_C_546_S01_B","C546_S01B","Temp_Battle_Se_Effect_011","1","","","BattleEndCameraPreset1"
"Mon_547B_CH16","","","Str_Char_547_S01_B_Name","","Monster","M","Blue","1","Sorcerer","Middle","","","","Skill_C_547_01_B","None","GradeUp_Sorcerer","SkillLvUp_Blue","","5000","1","2.1","0.5","1.5","1","1","50","5000","100","Magical","0","0","30","2","575","46","72","4","5760","576","500","0","5000","0","0","0","0","0","0","0","","","","","Ind_C_547_S01_B","C547_S01B","Temp_Battle_Se_Effect_011","1","","","BattleEndCameraPreset1"
"Mon_545B_CH16","","","Str_Char_545_S01_B_Name","","Monster","M","Blue","2","Sorcerer","Middle","","","","Skill_C_545_01_B","None","GradeUp_Sorcerer","SkillLvUp_Blue","","5000","1","2.1","0.5","1.5","1","1","50","5000","100","Magical","0","0","30","2","575","46","72","4","5760","576","500","0","5000","0","0","0","0","0","0","0","","","","","Ind_C_545_S01_B","C545_S01B","Temp_Battle_Se_Effect_011","1","","","BattleEndCameraPreset1"
"Mon_543B_CH16","","","Str_Char_543_S01_B_Name","","Monster","M","Blue","1","Shooter","Back","","","","Skill_C_543_01_B","None","GradeUp_Shooter","SkillLvUp_Blue","","5000","1","1.9","0.5","1.4","1","1","50","5000","100","Physical","690","55","18","1","0","0","12","1","5400","540","500","0","5000","0","0","0","0","0","0","0","","","","","Ind_C_543_S01_B","C543_S01B","Temp_Battle_Se_Effect_011","1","","","BattleEndCameraPreset1"
"Mon_544B_CH16","","","Str_Char_544_S01_B_Name","","Monster","M","Blue","1","Shooter","Back","","","","Skill_C_544_01_B","None","GradeUp_Shooter","SkillLvUp_Blue","","5000","1","1.9","0.5","1.4","1","1","50","5000","100","Physical","690","55","18","1","0","0","12","1","5400","540","500","0","5000","0","0","0","0","0","0","0","","","","","Ind_C_544_S01_B","C544_S01B","Temp_Battle_Se_Effect_011","1","","","BattleEndCameraPreset1"
"Mon_047B_CH16","","","Str_Char_047_S01_B_Name","","Monster","M","Blue","2","Cleric","Back","","","","Skill_C_047_01_B","None","GradeUp_Cleric","SkillLvUp_Blue","","5000","1","1.9","0.5","1.4","1","1","50","5000","100","Magical","0","0","18","1","460","37","18","1","5760","576","500","0","5000","0","0","0","0","0","0","0","","","","","Ind_C_047_S01_B","C047_S01B","Temp_Battle_Se_Effect_011","1","","","BattleEndCameraPreset1"
"Mon_549R_CH16","","","Str_Char_549_S01_R_Name","","Monster","M","Blue","3","Knight","Front","","","","Skill_C_549_01_R","None","GradeUp_Knight","SkillLvUp_Blue","","5000","1","1.9","0.5","1.4","1","1","50","5000","100","Magical","0","0","90","5","345","28","240","12","7200","720","500","0","5000","0","0","0","0","0","0","0","","","","","Ind_C_549_S01_R","C549_S01R","Temp_Battle_Se_Effect_011","1","","","BattleEndCameraPreset1"
"Mon_550R_CH16","","","Str_Char_550_S01_R_Name","","Monster","M","Blue","3","Shooter","Back","","","","Skill_C_550_01_R","None","GradeUp_Shooter","SkillLvUp_Blue","","5000","1","1.9","0.5","1.4","1","1","50","5000","100","Physical","690","55","18","1","0","0","12","1","5400","540","500","0","5000","0","0","0","0","0","0","0","","","","","Ind_C_550_S01_R","C550_S01R","Temp_Battle_Se_Effect_011","1","","","BattleEndCameraPreset1"
"Mon_551R_CH16","","","Str_Char_551_S01_R_Name","","Monster","M","Blue","3","Ranger","Middle","","","","Skill_C_551_01_R","None","GradeUp_Ranger","SkillLvUp_Blue","","5000","1","1.9","0.5","1.4","1","1","50","5000","100","Physical","575","46","72","4","0","0","30","2","5760","576","500","0","5000","0","0","0","0","0","0","0","","","","","Ind_C_551_S01_R","C551_S01R","Temp_Battle_Se_Effect_011","1","","","BattleEndCameraPreset1"
"Mon_010_CH16","","","Str_Char_010_S01_B_Name","Str_Char_010_S01_B_Desc","HeroMon","M","Blue","3","Cleric","Back","Wea_Staff","Armor_Cape","Acc_Necklace","Skill_C_010_01_B","CharRotation","GradeUp_Char_010","SkillLvUp_Main_Blue_Cyberia","SkillLvUp_Sub_Cleric_Cyberia","5000","1","1.9","0.5","1.4","1","1","80","5600","75","Magical","0","0","60","3","805","64","60","3","10080","1008","500","0","5000","0","0","0","0","0","0","0","","","","Item_Material_HeroGradeUp_Char_010_S01_B","Ind_C_010_S01_B","C010_S01B","Temp_Battle_Se_Effect_011","1","","","BattleEndCameraPreset1"
"Mon_101_CH16","","","Str_Char_101_S01_B_Name","Str_Char_101_S01_B_Desc","HeroMon","M","Blue","3","Knight","Front","Wea_Sword","Armor_Belt","Acc_Helmet","Skill_C_101_01_B","CharRotation","GradeUp_Char_101","SkillLvUp_Main_Blue_Cyberia","SkillLvUp_Sub_Knight_Cyberia","5000","1","1.9","0.5","1.4","1","1","80","10525","75","Magical","0","0","300","15","604","48","800","40","12600","1260","500","0","5000","0","0","0","0","0","0","0","","","","Item_Material_HeroGradeUp_Char_101_S01_B","Ind_C_101_S01_B","C101_S01B","Temp_Battle_Se_Effect_011","1","","","BattleEndCameraPreset1"
"Mon_554_CH16","","Str_Char_554_S01_B_Title","Str_Char_554_S01_B_Name","Str_Char_554_S01_B_Desc","Monster","M","Blue","3","Knight","Front","","","","Skill_C_554_01_B","None","GradeUp_Knight","SkillLvUp_Blue","","5000","1","2.3","0.5","1.5","1","4","66","6444","146","Magical","0","0","300","15","1125","90","800","40","14000","1400","1500","0","5000","2000","2000","0","0","0","0","0","","","","","Ind_C_554_S01_B","C554_S01B","Temp_Battle_Se_Effect_011","1.2","","","BattleEndCameraPreset1"
"Mon_554_CH16_Boss","","Str_Char_554_S01_B_Title","Str_Char_554_S01_B_Name","Str_Char_554_S01_B_Desc","Monster","M","Blue","3","Knight","Front","","","","Skill_C_554_01_B","None","GradeUp_Knight","SkillLvUp_Blue","","5000","1","2.3","0.5","1.5","1","4","66","6444","146","Magical","0","0","300","15","1125","90","800","40","14000","1400","1500","0","5000","2000","2000","0","0","0","0","0","","","","","Ind_C_554_S01_B","C554_S01B","Temp_Battle_Se_Effect_011","1.2","","","BattleEndCameraPreset1"
"Mon_514B_CH17","","","Str_Char_514_S01_B_Name","","Monster","M","Red","1","Fighter","Front","","","","Skill_C_514_01_B","None","GradeUp_Fighter","SkillLvUp_Red","","5000","1","2.1","0.5","1.5","1","1","50","5000","100","Physical","613","49","90","5","0","0","90","5","6840","684","500","0","5000","0","0","0","0","0","0","0","","","","","Ind_C_514_S01_B","C514_S01B","Temp_Battle_Se_Effect_011","1","","","BattleEndCameraPreset1"
"Mon_515B_CH17","","","Str_Char_515_S01_B_Name","","Monster","M","Red","1","Sorcerer","Middle","","","","Skill_C_515_01_B","None","GradeUp_Sorcerer","SkillLvUp_Red","","5000","1","1.9","0.5","1.4","1","1","50","5000","100","Magical","0","0","30","2","613","49","72","4","6080","608","500","0","5000","0","0","0","0","0","0","0","","","","","Ind_C_515_S01_B","C515_S01B","Temp_Battle_Se_Effect_011","1","","","BattleEndCameraPreset1"
"Mon_516B_CH17","","","Str_Char_516_S01_B_Name","","Monster","M","Red","1","Guardian","Front","","","","Skill_C_516_01_B","None","GradeUp_Guardian","SkillLvUp_Red","","5000","1","1.9","0.5","1.4","1","1","50","5000","100","Physical","368","29","240","12","0","0","90","5","7600","760","500","0","5000","0","0","0","0","0","0","0","","","","","Ind_C_516_S01_B","C516_S01B","Temp_Battle_Se_Effect_011","1.2","","","BattleEndCameraPreset1"
"Mon_517B_CH17","","","Str_Char_517_S01_B_Name","","Monster","M","Red","1","Cleric","Back","","","","Skill_C_517_01_B","None","GradeUp_Cleric","SkillLvUp_Red","","5000","1","1.4","0.5","1.4","1","1","50","5000","100","Magical","0","0","18","1","245","20","18","1","6080","608","500","0","5000","0","0","0","0","0","0","0","","","","","Ind_C_517_S01_B","C517_S01B","Temp_Battle_Se_Effect_011","1","","","BattleEndCameraPreset1"
"Mon_518B_CH17","","","Str_Char_518_S01_B_Name","","Monster","M","Red","1","Fighter","Front","","","","Skill_C_518_01_B","None","GradeUp_Fighter","SkillLvUp_Red","","5000","1","1.9","0.5","1.4","1","1","50","5000","100","Physical","613","49","90","5","0","0","90","5","6840","684","500","0","5000","0","0","0","0","0","0","0","","","","","Ind_C_518_S01_B","C518_S01B","Temp_Battle_Se_Effect_011","1.2","","","BattleEndCameraPreset1"
"Mon_519B_CH17","","","Str_Char_519_S01_B_Name","","Monster","M","Red","1","Shooter","Back","","","","Skill_C_519_01_B","None","GradeUp_Shooter","SkillLvUp_Red","","5000","1","1.9","0.5","1.4","1","1","50","5000","100","Physical","690","55","18","1","0","0","12","1","5700","570","500","0","5000","0","0","0","0","0","0","0","","","","","Ind_C_519_S01_B","C519_S01B","Temp_Battle_Se_Effect_011","1","","","BattleEndCameraPreset1"
"Mon_609B_CH17","","","Str_Char_609_S01_B_Name","","Monster","M","Red","1","Ranger","Middle","","","","Skill_C_609_01_B","None","GradeUp_Ranger","SkillLvUp_Red","","5000","1","1.9","0.5","1.4","1","1","50","5000","100","Physical","350","35","9","2","0","0","6","2","6080","608","500","0","5000","0","0","0","0","0","0","0","","","","","Ind_C_609_S01_B","C609_S01B","Temp_Battle_Se_Effect_011","1","","","BattleEndCameraPreset1"
"Mon_610B_CH17","","","Str_Char_610_S01_B_Name","","Monster","M","Red","1","Sorcerer","Middle","","","","Skill_C_610_01_B","None","GradeUp_Sorcerer","SkillLvUp_Red","","5000","1","2.1","0.5","1.5","1","1","50","5000","100","Magical","0","0","30","2","613","49","72","4","6080","608","500","0","5000","0","0","0","0","0","0","0","","","","","Ind_C_610_S01_B","C610_S01B","Temp_Battle_Se_Effect_011","1","","","BattleEndCameraPreset1"
"Mon_611B_CH17","","","Str_Char_611_S01_B_Name","","Monster","M","Red","1","Shooter","Back","","","","Skill_C_611_01_B","None","GradeUp_Shooter","SkillLvUp_Red","","5000","1","1.9","0.5","1.4","1","1","50","5000","100","Physical","690","55","18","1","0","0","12","1","5700","570","500","0","5000","0","0","0","0","0","0","0","","","","","Ind_C_611_S01_B","C611_S01B","Temp_Battle_Se_Effect_011","1","","","BattleEndCameraPreset1"
"Mon_520L_CH17","","","Str_Char_520_S01_L_Name","","Monster","M","Red","2","Guardian","Front","","","","Skill_C_520_01_L","None","GradeUp_Guardian","SkillLvUp_Red","","5000","1","1.9","0.5","1.4","1","1","50","5000","100","Physical","368","29","240","12","0","0","90","5","7600","760","500","0","5000","0","0","0","0","0","0","0","","","","","Ind_C_520_S01_L","C520_S01L","Temp_Battle_Se_Effect_011","1.2","","","BattleEndCameraPreset1"
"Mon_521L_CH17","","","Str_Char_521_S01_L_Name","","Monster","M","Red","2","Cleric","Back","","","","Skill_C_521_01_L","None","GradeUp_Cleric","SkillLvUp_Red","","5000","1","1.4","0.5","1.4","1","1","50","5000","100","Magical","0","0","18","1","245","20","18","1","6080","608","500","0","5000","0","0","0","0","0","0","0","","","","","Ind_C_521_S01_L","C521_S01L","Temp_Battle_Se_Effect_011","1","","","BattleEndCameraPreset1"
"Mon_522L_CH17","","","Str_Char_522_S01_L_Name","","Monster","M","Red","2","Fighter","Front","","","","Skill_C_522_01_L","None","GradeUp_Fighter","SkillLvUp_Red","","5000","1","1.9","0.5","1.4","1","1","50","5000","100","Physical","613","49","90","5","0","0","90","5","6840","684","500","0","5000","0","0","0","0","0","0","0","","","","","Ind_C_522_S01_L","C522_S01L","Temp_Battle_Se_Effect_011","1.2","","","BattleEndCameraPreset1"
"Mon_523L_CH17","","","Str_Char_523_S01_L_Name","","Monster","M","Red","2","Shooter","Back","","","","Skill_C_523_01_L","None","GradeUp_Shooter","SkillLvUp_Red","","5000","1","1.9","0.5","1.4","1","1","50","5000","100","Physical","690","55","18","1","0","0","12","1","5700","570","500","0","5000","0","0","0","0","0","0","0","","","","","Ind_C_523_S01_L","C523_S01L","Temp_Battle_Se_Effect_011","1","","","BattleEndCameraPreset1"
"Mon_612B_CH17","","","Str_Char_612_S01_B_Name","","Monster","M","Red","2","Sorcerer","Middle","","","","Skill_C_612_01_B","None","GradeUp_Sorcerer","SkillLvUp_Red","","5000","1","2.1","0.5","1.5","1","1","50","5000","100","Magical","0","0","30","2","613","49","72","4","6080","608","500","0","5000","0","0","0","0","0","0","0","","","","","Ind_C_612_S01_B","C612_S01B","Temp_Battle_Se_Effect_011","1","","","BattleEndCameraPreset1"
"Mon_114B_CH17","","","Str_Char_114_S01_B_Name","Str_Char_114_S01_B_Desc","HeroMon","M","Red","2","Mage","Back","Wea_Book","Armor_Jacket","Acc_Helmet","Skill_C_114_01_B","CharRotation","GradeUp_Char_114","SkillLvUp_Main_Blue_DelMar","SkillLvUp_Sub_Mage_DelMar","5000","1","1.9","0.5","1.4","1","1","105","3951","100","Magical","0","0","60","3","1150","92","60","3","14400","1440","500","0","5000","0","0","0","0","0","0","0","","","","Item_Material_HeroGradeUp_Char_114_S01_B","Ind_C_114_S01_B","C114_S01B","Temp_Battle_Se_Effect_011","1","","","BattleEndCameraPreset1"
"Mon_089D_CH17","","","Str_Char_089_S01_D_Name","Str_Char_089_S01_D_Desc","HeroMon","M","Red","2","Knight","Front","Wea_Mace","Armor_Jacket","Acc_HeadDress","Skill_C_089_01_D","CharRotation","GradeUp_Char_089","SkillLvUp_Main_Green_Cyberia","SkillLvUp_Sub_Guardian_Cyberia","5000","1","1.9","0.5","1.4","1","1","83","10179","75","Magical","0","0","300","15","649","52","800","40","13388","1339","500","0","5000","0","0","0","0","0","0","0","","","","Item_Material_HeroGradeUp_Char_089_S01_D","Ind_C_089_S01_D","C089_S01D","Temp_Battle_Se_Effect_011","1","","","BattleEndCameraPreset1"
"Mon_514B_CH18","","","Str_Char_514_S01_B_Name","","Monster","M","Green","1","Fighter","Front","","","","Skill_C_514_01_B","None","GradeUp_Fighter","SkillLvUp_Green","","5000","1","2.1","0.5","1.5","1","1","50","5000","100","Physical","631","50","90","5","0","0","90","5","6908","691","500","0","5000","0","0","0","0","0","0","0","","","","","Ind_C_514_S01_B","C514_S01B","Temp_Battle_Se_Effect_011","1","","","BattleEndCameraPreset1"
"Mon_515B_CH18","","","Str_Char_515_S01_B_Name","","Monster","M","Green","1","Sorcerer","Middle","","","","Skill_C_515_01_B","None","GradeUp_Sorcerer","SkillLvUp_Green","","5000","1","1.9","0.5","1.4","1","1","50","5000","100","Magical","0","0","30","2","631","50","72","4","6141","614","500","0","5000","0","0","0","0","0","0","0","","","","","Ind_C_515_S01_B","C515_S01B","Temp_Battle_Se_Effect_011","1","","","BattleEndCameraPreset1"
"Mon_516B_CH18","","","Str_Char_516_S01_B_Name","","Monster","M","Green","1","Guardian","Front","","","","Skill_C_516_01_B","None","GradeUp_Guardian","SkillLvUp_Green","","5000","1","1.9","0.5","1.4","1","1","50","5000","100","Physical","379","30","240","12","0","0","90","5","7676","768","500","0","5000","0","0","0","0","0","0","0","","","","","Ind_C_516_S01_B","C516_S01B","Temp_Battle_Se_Effect_011","1.2","","","BattleEndCameraPreset1"
"Mon_517B_CH18","","","Str_Char_517_S01_B_Name","","Monster","M","Green","1","Cleric","Back","","","","Skill_C_517_01_B","None","GradeUp_Cleric","SkillLvUp_Green","","5000","1","1.4","0.5","1.4","1","1","50","5000","100","Magical","0","0","18","1","250","20","18","1","6141","614","500","0","5000","0","0","0","0","0","0","0","","","","","Ind_C_517_S01_B","C517_S01B","Temp_Battle_Se_Effect_011","1","","","BattleEndCameraPreset1"
"Mon_518B_CH18","","","Str_Char_518_S01_B_Name","","Monster","M","Green","1","Fighter","Front","","","","Skill_C_518_01_B","None","GradeUp_Fighter","SkillLvUp_Green","","5000","1","1.9","0.5","1.4","1","1","50","5000","100","Physical","631","50","90","5","0","0","90","5","6908","691","500","0","5000","0","0","0","0","0","0","0","","","","","Ind_C_518_S01_B","C518_S01B","Temp_Battle_Se_Effect_011","1.2","","","BattleEndCameraPreset1"
"Mon_519B_CH18","","","Str_Char_519_S01_B_Name","","Monster","M","Green","1","Shooter","Back","","","","Skill_C_519_01_B","None","GradeUp_Shooter","SkillLvUp_Green","","5000","1","1.9","0.5","1.4","1","1","50","5000","100","Physical","711","57","18","1","0","0","12","1","5757","576","500","0","5000","0","0","0","0","0","0","0","","","","","Ind_C_519_S01_B","C519_S01B","Temp_Battle_Se_Effect_011","1","","","BattleEndCameraPreset1"
"Mon_609B_CH18","","","Str_Char_609_S01_B_Name","","Monster","M","Green","1","Ranger","Middle","","","","Skill_C_609_01_B","None","GradeUp_Ranger","SkillLvUp_Green","","5000","1","1.9","0.5","1.4","1","1","50","5000","100","Physical","361","36","9","2","0","0","6","2","6141","614","500","0","5000","0","0","0","0","0","0","0","","","","","Ind_C_609_S01_B","C609_S01B","Temp_Battle_Se_Effect_011","1","","","BattleEndCameraPreset1"
"Mon_610B_CH18","","","Str_Char_610_S01_B_Name","","Monster","M","Green","1","Sorcerer","Middle","","","","Skill_C_610_01_B","None","GradeUp_Sorcerer","SkillLvUp_Green","","5000","1","2.1","0.5","1.5","1","1","50","5000","100","Magical","0","0","30","2","631","50","72","4","6141","614","500","0","5000","0","0","0","0","0","0","0","","","","","Ind_C_610_S01_B","C610_S01B","Temp_Battle_Se_Effect_011","1","","","BattleEndCameraPreset1"
"Mon_611B_CH18","","","Str_Char_611_S01_B_Name","","Monster","M","Green","1","Shooter","Back","","","","Skill_C_611_01_B","None","GradeUp_Shooter","SkillLvUp_Green","","5000","1","1.9","0.5","1.4","1","1","50","5000","100","Physical","711","57","18","1","0","0","12","1","5757","576","500","0","5000","0","0","0","0","0","0","0","","","","","Ind_C_611_S01_B","C611_S01B","Temp_Battle_Se_Effect_011","1","","","BattleEndCameraPreset1"
"Mon_520L_CH18","","","Str_Char_520_S01_L_Name","","Monster","M","Green","2","Guardian","Front","","","","Skill_C_520_01_L","None","GradeUp_Guardian","SkillLvUp_Green","","5000","1","1.9","0.5","1.4","1","1","50","5000","100","Physical","379","30","240","12","0","0","90","5","7676","768","500","0","5000","0","0","0","0","0","0","0","","","","","Ind_C_520_S01_L","C520_S01L","Temp_Battle_Se_Effect_011","1.2","","","BattleEndCameraPreset1"
"Mon_521L_CH18","","","Str_Char_521_S01_L_Name","","Monster","M","Green","2","Cleric","Back","","","","Skill_C_521_01_L","None","GradeUp_Cleric","SkillLvUp_Green","","5000","1","1.4","0.5","1.4","1","1","50","5000","100","Magical","0","0","18","1","250","20","18","1","6141","614","500","0","5000","0","0","0","0","0","0","0","","","","","Ind_C_521_S01_L","C521_S01L","Temp_Battle_Se_Effect_011","1","","","BattleEndCameraPreset1"
"Mon_522L_CH18","","","Str_Char_522_S01_L_Name","","Monster","M","Green","2","Fighter","Front","","","","Skill_C_522_01_L","None","GradeUp_Fighter","SkillLvUp_Green","","5000","1","1.9","0.5","1.4","1","1","50","5000","100","Physical","631","50","90","5","0","0","90","5","6908","691","500","0","5000","0","0","0","0","0","0","0","","","","","Ind_C_522_S01_L","C522_S01L","Temp_Battle_Se_Effect_011","1.2","","","BattleEndCameraPreset1"
"Mon_523L_CH18","","","Str_Char_523_S01_L_Name","","Monster","M","Green","2","Shooter","Back","","","","Skill_C_523_01_L","None","GradeUp_Shooter","SkillLvUp_Green","","5000","1","1.9","0.5","1.4","1","1","50","5000","100","Physical","711","57","18","1","0","0","12","1","5757","576","500","0","5000","0","0","0","0","0","0","0","","","","","Ind_C_523_S01_L","C523_S01L","Temp_Battle_Se_Effect_011","1","","","BattleEndCameraPreset1"
"Mon_612B_CH18","","","Str_Char_612_S01_B_Name","","Monster","M","Green","2","Sorcerer","Middle","","","","Skill_C_612_01_B","None","GradeUp_Sorcerer","SkillLvUp_Green","","5000","1","2.1","0.5","1.5","1","1","50","5000","100","Magical","0","0","30","2","631","50","72","4","6141","614","500","0","5000","0","0","0","0","0","0","0","","","","","Ind_C_612_S01_B","C612_S01B","Temp_Battle_Se_Effect_011","1","","","BattleEndCameraPreset1"
"Mon_077G_CH18","","","Str_Char_077_S01_G_Name","Str_Char_077_S01_G_Desc","HeroMon","M","Green","2","Mage","Back","Wea_Staff","Armor_Jacket","Acc_HeadDress","Skill_C_077_01_G","CharRotation","GradeUp_Char_077","SkillLvUp_Main_Green_Paulhill","SkillLvUp_Sub_Mage_Paulhill","5000","1","1.9","0.5","1.4","1","1","107","3869","100","Magical","0","0","60","3","1185","95","60","3","14544","1454","500","0","5000","0","0","0","0","0","0","0","","","","Item_Material_HeroGradeUp_Char_077_S01_G","Ind_C_077_S01_G","C077_S01G","Temp_Battle_Se_Effect_011","1","","","BattleEndCameraPreset1"
"Mon_037L_CH18","","","Str_Char_037_S01_L_Name","Str_Char_037_S01_L_Desc","HeroMon","M","Green","2","Fighter","Front","Wea_Sword","Armor_Jacket","Acc_Ring","Skill_C_037_01_L","CharRotation","GradeUp_Char_037","SkillLvUp_Main_Blue_Paulhill","SkillLvUp_Sub_Fighter_Paulhill","5000","1","1.5","0.5","1.4","1","1","102","5184","100","Physical","668","54","300","15","0","0","300","15","13522","1352","500","0","5000","0","0","0","0","0","0","0","","","","Item_Material_HeroGradeUp_Char_037_S01_L","Ind_C_037_S01_L","C037_S01L","Temp_Battle_Se_Effect_011","1","","","BattleEndCameraPreset1"
"Mon_514B_CH19","","","Str_Char_514_S01_B_Name","","Monster","M","Blue","1","Fighter","Front","","","","Skill_C_514_01_B","None","GradeUp_Fighter","SkillLvUp_Blue","","5000","1","2.1","0.5","1.5","1","1","50","5000","100","Physical","75","6","240","12","0","0","90","5","2800","280","500","0","5000","0","0","0","0","0","0","0","","","","","Ind_C_514_S01_B","C514_S01B","Temp_Battle_Se_Effect_011","1","","","BattleEndCameraPreset1"
"Mon_515B_CH19","","","Str_Char_515_S01_B_Name","","Monster","M","Blue","1","Sorcerer","Middle","","","","Skill_C_515_01_B","None","GradeUp_Sorcerer","SkillLvUp_Blue","","5000","1","1.9","0.5","1.4","1","1","50","5000","100","Magical","75","6","240","12","0","0","90","5","2800","280","500","0","5000","0","0","0","0","0","0","0","","","","","Ind_C_515_S01_B","C515_S01B","Temp_Battle_Se_Effect_011","1","","","BattleEndCameraPreset1"
"Mon_516B_CH19","","","Str_Char_516_S01_B_Name","","Monster","M","Blue","1","Guardian","Front","","","","Skill_C_516_01_B","None","GradeUp_Guardian","SkillLvUp_Blue","","5000","1","1.9","0.5","1.4","1","1","50","5000","100","Physical","125","10","90","5","0","0","90","5","2520","252","500","0","5000","0","0","0","0","0","0","0","","","","","Ind_C_516_S01_B","C516_S01B","Temp_Battle_Se_Effect_011","1.2","","","BattleEndCameraPreset1"
"Mon_517B_CH19","","","Str_Char_517_S01_B_Name","","Monster","M","Blue","1","Cleric","Back","","","","Skill_C_517_01_B","None","GradeUp_Cleric","SkillLvUp_Blue","","5000","1","1.4","0.5","1.4","1","1","50","5000","100","Magical","75","6","240","12","0","0","90","5","2800","280","500","0","5000","0","0","0","0","0","0","0","","","","","Ind_C_517_S01_B","C517_S01B","Temp_Battle_Se_Effect_011","1","","","BattleEndCameraPreset1"
"Mon_518B_CH19","","","Str_Char_518_S01_B_Name","","Monster","M","Blue","1","Fighter","Front","","","","Skill_C_518_01_B","None","GradeUp_Fighter","SkillLvUp_Blue","","5000","1","1.9","0.5","1.4","1","1","50","5000","100","Physical","125","10","90","5","0","0","90","5","2520","252","500","0","5000","0","0","0","0","0","0","0","","","","","Ind_C_518_S01_B","C518_S01B","Temp_Battle_Se_Effect_011","1.2","","","BattleEndCameraPreset1"
"Mon_519B_CH19","","","Str_Char_519_S01_B_Name","","Monster","M","Blue","1","Shooter","Back","","","","Skill_C_519_01_B","None","GradeUp_Shooter","SkillLvUp_Blue","","5000","1","1.9","0.5","1.4","1","1","50","5000","100","Physical","0","0","30","2","125","10","72","4","2240","224","500","0","5000","0","0","0","0","0","0","0","","","","","Ind_C_519_S01_B","C519_S01B","Temp_Battle_Se_Effect_011","1","","","BattleEndCameraPreset1"
"Mon_609B_CH19","","","Str_Char_609_S01_B_Name","","Monster","M","Blue","1","Ranger","Middle","","","","Skill_C_609_01_B","None","GradeUp_Ranger","SkillLvUp_Blue","","5000","1","1.9","0.5","1.4","1","1","50","5000","100","Physical","350","35","9","2","0","0","6","2","1300","104","500","0","5000","0","0","0","0","0","0","0","","","","","Ind_C_609_S01_B","C609_S01B","Temp_Battle_Se_Effect_011","1","","","BattleEndCameraPreset1"
"Mon_610B_CH19","","","Str_Char_610_S01_B_Name","","Monster","M","Blue","1","Sorcerer","Middle","","","","Skill_C_610_01_B","None","GradeUp_Sorcerer","SkillLvUp_Blue","","5000","1","2.1","0.5","1.5","1","1","50","5000","100","Magical","0","0","30","2","575","46","72","4","5760","576","500","0","5000","0","0","0","0","0","0","0","","","","","Ind_C_610_S01_B","C610_S01B","Temp_Battle_Se_Effect_011","1","","","BattleEndCameraPreset1"
"Mon_611B_CH19","","","Str_Char_611_S01_B_Name","","Monster","M","Blue","1","Shooter","Back","","","","Skill_C_611_01_B","None","GradeUp_Shooter","SkillLvUp_Blue","","5000","1","1.9","0.5","1.4","1","1","50","5000","100","Physical","350","35","9","2","0","0","6","2","1300","104","500","0","5000","0","0","0","0","0","0","0","","","","","Ind_C_611_S01_B","C611_S01B","Temp_Battle_Se_Effect_011","1","","","BattleEndCameraPreset1"
"Mon_520L_CH19","","","Str_Char_520_S01_L_Name","","Monster","M","Blue","2","Guardian","Front","","","","Skill_C_520_01_L","None","GradeUp_Guardian","SkillLvUp_Blue","","5000","1","1.9","0.5","1.4","1","1","50","5000","100","Physical","125","10","72","4","0","0","30","2","2240","224","500","0","5000","0","0","0","0","0","0","0","","","","","Ind_C_520_S01_L","C520_S01L","Temp_Battle_Se_Effect_011","1.2","","","BattleEndCameraPreset1"
"Mon_521L_CH19","","","Str_Char_521_S01_L_Name","","Monster","M","Blue","2","Cleric","Back","","","","Skill_C_521_01_L","None","GradeUp_Cleric","SkillLvUp_Blue","","5000","1","1.4","0.5","1.4","1","1","50","5000","100","Magical","0","0","30","2","125","10","72","4","2240","224","500","0","5000","0","0","0","0","0","0","0","","","","","Ind_C_521_S01_L","C521_S01L","Temp_Battle_Se_Effect_011","1","","","BattleEndCameraPreset1"
"Mon_522L_CH19","","","Str_Char_522_S01_L_Name","","Monster","M","Blue","2","Fighter","Front","","","","Skill_C_522_01_L","None","GradeUp_Fighter","SkillLvUp_Blue","","5000","1","1.9","0.5","1.4","1","1","50","5000","100","Physical","125","10","72","4","0","0","30","2","2240","224","500","0","5000","0","0","0","0","0","0","0","","","","","Ind_C_522_S01_L","C522_S01L","Temp_Battle_Se_Effect_011","1.2","","","BattleEndCameraPreset1"
"Mon_523L_CH19","","","Str_Char_523_S01_L_Name","","Monster","M","Blue","2","Shooter","Back","","","","Skill_C_523_01_L","None","GradeUp_Shooter","SkillLvUp_Blue","","5000","1","1.9","0.5","1.4","1","1","50","5000","100","Physical","0","0","12","1","150","12","18","1","2100","210","500","0","5000","0","0","0","0","0","0","0","","","","","Ind_C_523_S01_L","C523_S01L","Temp_Battle_Se_Effect_011","1","","","BattleEndCameraPreset1"
"Mon_612B_CH19","","","Str_Char_612_S01_B_Name","","Monster","M","Blue","2","Sorcerer","Middle","","","","Skill_C_612_01_B","None","GradeUp_Sorcerer","SkillLvUp_Blue","","5000","1","2.1","0.5","1.5","1","1","50","5000","100","Magical","0","0","30","2","575","46","72","4","5760","576","500","0","5000","0","0","0","0","0","0","0","","","","","Ind_C_612_S01_B","C612_S01B","Temp_Battle_Se_Effect_011","1","","","BattleEndCameraPreset1"
"Mon_514B_CH20","","","Str_Char_514_S01_B_Name","","Monster","M","Blue","1","Fighter","Front","","","","Skill_C_514_01_B","None","GradeUp_Fighter","SkillLvUp_Blue","","5000","1","2.1","0.5","1.5","1","1","50","5000","100","Physical","150","12","18","1","0","0","12","1","2100","210","500","0","5000","0","0","0","0","0","0","0","","","","","Ind_C_514_S01_B","C514_S01B","Temp_Battle_Se_Effect_011","1","","","BattleEndCameraPreset1"
"Mon_515B_CH20","","","Str_Char_515_S01_B_Name","","Monster","M","Blue","1","Sorcerer","Middle","","","","Skill_C_515_01_B","None","GradeUp_Sorcerer","SkillLvUp_Blue","","5000","1","1.9","0.5","1.4","1","1","50","5000","100","Magical","0","0","12","1","150","12","18","1","2100","210","500","0","5000","0","0","0","0","0","0","0","","","","","Ind_C_515_S01_B","C515_S01B","Temp_Battle_Se_Effect_011","1","","","BattleEndCameraPreset1"
"Mon_516B_CH20","","","Str_Char_516_S01_B_Name","","Monster","M","Blue","1","Guardian","Front","","","","Skill_C_516_01_B","None","GradeUp_Guardian","SkillLvUp_Blue","","5000","1","1.9","0.5","1.4","1","1","50","5000","100","Physical","0","0","30","2","125","10","72","4","2240","224","500","0","5000","0","0","0","0","0","0","0","","","","","Ind_C_516_S01_B","C516_S01B","Temp_Battle_Se_Effect_011","1.2","","","BattleEndCameraPreset1"
"Mon_517B_CH20","","","Str_Char_517_S01_B_Name","","Monster","M","Blue","1","Cleric","Back","","","","Skill_C_517_01_B","None","GradeUp_Cleric","SkillLvUp_Blue","","5000","1","1.4","0.5","1.4","1","1","50","5000","100","Magical","0","0","18","1","100","8","18","1","2240","224","500","0","5000","0","0","0","0","0","0","0","","","","","Ind_C_517_S01_B","C517_S01B","Temp_Battle_Se_Effect_011","1","","","BattleEndCameraPreset1"
"Mon_518B_CH20","","","Str_Char_518_S01_B_Name","","Monster","M","Blue","1","Fighter","Front","","","","Skill_C_518_01_B","None","GradeUp_Fighter","SkillLvUp_Blue","","5000","1","1.9","0.5","1.4","1","1","50","5000","100","Physical","125","10","72","4","0","0","30","2","2240","224","500","0","5000","0","0","0","0","0","0","0","","","","","Ind_C_518_S01_B","C518_S01B","Temp_Battle_Se_Effect_011","1.2","","","BattleEndCameraPreset1"
"Mon_519B_CH20","","","Str_Char_519_S01_B_Name","","Monster","M","Blue","1","Shooter","Back","","","","Skill_C_519_01_B","None","GradeUp_Shooter","SkillLvUp_Blue","","5000","1","1.9","0.5","1.4","1","1","50","5000","100","Physical","0","0","300","15","131","11","800","40","4900","490","500","0","5000","0","0","0","0","0","0","0","","","","","Ind_C_519_S01_B","C519_S01B","Temp_Battle_Se_Effect_011","1","","","BattleEndCameraPreset1"
"Mon_609B_CH20","","","Str_Char_609_S01_B_Name","","Monster","M","Blue","1","Ranger","Middle","","","","Skill_C_609_01_B","None","GradeUp_Ranger","SkillLvUp_Blue","","5000","1","1.9","0.5","1.4","1","1","50","5000","100","Physical","350","35","9","2","0","0","6","2","1300","104","500","0","5000","0","0","0","0","0","0","0","","","","","Ind_C_609_S01_B","C609_S01B","Temp_Battle_Se_Effect_011","1","","","BattleEndCameraPreset1"
"Mon_610B_CH20","","","Str_Char_610_S01_B_Name","","Monster","M","Blue","1","Sorcerer","Middle","","","","Skill_C_610_01_B","None","GradeUp_Sorcerer","SkillLvUp_Blue","","5000","1","2.1","0.5","1.5","1","1","50","5000","100","Magical","0","0","30","2","575","46","72","4","5760","576","500","0","5000","0","0","0","0","0","0","0","","","","","Ind_C_610_S01_B","C610_S01B","Temp_Battle_Se_Effect_011","1","","","BattleEndCameraPreset1"
"Mon_611B_CH20","","","Str_Char_611_S01_B_Name","","Monster","M","Blue","1","Shooter","Back","","","","Skill_C_611_01_B","None","GradeUp_Shooter","SkillLvUp_Blue","","5000","1","1.9","0.5","1.4","1","1","50","5000","100","Physical","350","35","9","2","0","0","6","2","1300","104","500","0","5000","0","0","0","0","0","0","0","","","","","Ind_C_611_S01_B","C611_S01B","Temp_Battle_Se_Effect_011","1","","","BattleEndCameraPreset1"
"Mon_520L_CH20","","","Str_Char_520_S01_L_Name","","Monster","M","Blue","2","Guardian","Front","","","","Skill_C_520_01_L","None","GradeUp_Guardian","SkillLvUp_Blue","","5000","1","1.9","0.5","1.4","1","1","50","5000","100","Physical","188","15","800","40","0","0","300","15","7000","700","500","0","5000","0","0","0","0","0","0","0","","","","","Ind_C_520_S01_L","C520_S01L","Temp_Battle_Se_Effect_011","1.2","","","BattleEndCameraPreset1"
"Mon_521L_CH20","","","Str_Char_521_S01_L_Name","","Monster","M","Blue","2","Cleric","Back","","","","Skill_C_521_01_L","None","GradeUp_Cleric","SkillLvUp_Blue","","5000","1","1.4","0.5","1.4","1","1","50","5000","100","Magical","","","","","","","","","","","","","","","","","","","","","","","","","Ind_C_521_S01_L","C521_S01L","Temp_Battle_Se_Effect_011","1","","","BattleEndCameraPreset1"
"Mon_522L_CH20","","","Str_Char_522_S01_L_Name","","Monster","M","Blue","2","Fighter","Front","","","","Skill_C_522_01_L","None","GradeUp_Fighter","SkillLvUp_Blue","","5000","1","1.9","0.5","1.4","1","1","50","5000","100","Physical","83","7","240","12","0","0","90","5","2800","280","500","0","5000","0","0","0","0","0","0","0","","","","","Ind_C_522_S01_L","C522_S01L","Temp_Battle_Se_Effect_011","1.2","","","BattleEndCameraPreset1"
"Mon_523L_CH20","","","Str_Char_523_S01_L_Name","","Monster","M","Blue","2","Shooter","Back","","","","Skill_C_523_01_L","None","GradeUp_Shooter","SkillLvUp_Blue","","5000","1","1.9","0.5","1.4","1","1","50","5000","100","Physical","83","7","240","12","0","0","90","5","2800","280","500","0","5000","0","0","0","0","0","0","0","","","","","Ind_C_523_S01_L","C523_S01L","Temp_Battle_Se_Effect_011","1","","","BattleEndCameraPreset1"
"Mon_612B_CH20","","","Str_Char_612_S01_B_Name","","Monster","M","Blue","2","Sorcerer","Middle","","","","Skill_C_612_01_B","None","GradeUp_Sorcerer","SkillLvUp_Blue","","5000","1","2.1","0.5","1.5","1","1","50","5000","100","Magical","0","0","30","2","575","46","72","4","5760","576","500","0","5000","0","0","0","0","0","0","0","","","","","Ind_C_612_S01_B","C612_S01B","Temp_Battle_Se_Effect_011","1","","","BattleEndCameraPreset1"
"Mon_608_CH20_Boss","","Str_Char_608_S01_B_Title","Str_Char_608_S01_B_Name","Str_Char_608_S01_B_Desc","Monster","M","Blue","3","Fighter","Front","","","","Skill_C_608_01_B","None","GradeUp_Fighter","SkillLvUp_Blue","","5000","1","2.3","0.5","1.5","1","4","66","6444","146","Physical","138","11","90","5","0","0","90","5","2520","252","500","0","5000","0","0","0","0","0","0","0","","","","","Ind_C_608_S01_B","C608_S01B","Temp_Battle_Se_Effect_011","1.2","","","BattleEndCameraPreset1"
"Mon_560_S01_G_Lv1","","","Str_Char_560_S01_G_Name","","Monster","M","Green","1","Guardian","Front","","","","Skill_C_560_01_G","None","GradeUp_Guardian","SkillLvUp_Green","","5000","1","1.9","0.5","1.4","1","1","50","5000","100","Physical","120","10","400","20","0","0","150","8","4000","400","500","0","5000","0","0","0","0","0","0","0","","","","","Ind_C_560_S01_G","C560_S01G","Temp_Battle_Se_Effect_011","1","","","BattleEndCameraPreset1"
"Mon_560_S01_G_Lv2","","","Str_Char_560_S01_G_Name","","Monster","M","Green","1","Guardian","Front","","","","Skill_C_560_01_G","None","GradeUp_Guardian","SkillLvUp_Green","","5000","1","1.9","0.5","1.4","1","1","50","5000","100","Physical","150","12","400","20","0","0","150","8","4400","440","500","0","5000","0","0","0","0","0","0","0","","","","","Ind_C_560_S01_G","C560_S01G","Temp_Battle_Se_Effect_011","1","","","BattleEndCameraPreset1"
"Mon_560_S01_G_Lv3","","","Str_Char_560_S01_G_Name","","Monster","M","Green","1","Guardian","Front","","","","Skill_C_560_01_G","None","GradeUp_Guardian","SkillLvUp_Green","","5000","1","1.9","0.5","1.4","1","1","50","5000","100","Physical","180","14","400","20","0","0","150","8","4800","480","500","0","5000","0","0","0","0","0","0","0","","","","","Ind_C_560_S01_G","C560_S01G","Temp_Battle_Se_Effect_011","1","","","BattleEndCameraPreset1"
"Mon_560_S01_G_Lv4","","","Str_Char_560_S01_G_Name","","Monster","M","Green","1","Guardian","Front","","","","Skill_C_560_01_G","None","GradeUp_Guardian","SkillLvUp_Green","","5000","1","1.9","0.5","1.4","1","1","50","5000","100","Physical","210","17","400","20","0","0","150","8","5200","520","500","0","5000","0","0","0","0","0","0","0","","","","","Ind_C_560_S01_G","C560_S01G","Temp_Battle_Se_Effect_011","1","","","BattleEndCameraPreset1"
"Mon_560_S01_G_Lv5","","","Str_Char_560_S01_G_Name","","Monster","M","Green","1","Guardian","Front","","","","Skill_C_560_01_G","None","GradeUp_Guardian","SkillLvUp_Green","","5000","1","1.9","0.5","1.4","1","1","50","5000","100","Physical","255","20","400","20","0","0","150","8","6000","600","500","0","5000","0","0","0","0","0","0","0","","","","","Ind_C_560_S01_G","C560_S01G","Temp_Battle_Se_Effect_011","1","","","BattleEndCameraPreset1"
"Mon_560_S01_G_Lv6","","","Str_Char_560_S01_G_Name","","Monster","M","Green","1","Guardian","Front","","","","Skill_C_560_01_G","None","GradeUp_Guardian","SkillLvUp_Green","","5000","1","1.9","0.5","1.4","1","1","50","5000","100","Physical","300","24","400","20","0","0","150","8","7200","720","500","0","5000","0","0","0","0","0","0","0","","","","","Ind_C_560_S01_G","C560_S01G","Temp_Battle_Se_Effect_011","1","","","BattleEndCameraPreset1"
"Mon_560_S01_G_Lv7","","","Str_Char_560_S01_G_Name","","Monster","M","Green","1","Guardian","Front","","","","Skill_C_560_01_G","None","GradeUp_Guardian","SkillLvUp_Green","","5000","1","1.9","0.5","1.4","1","1","50","5000","100","Physical","375","30","400","20","0","0","150","8","8000","800","500","0","5000","0","0","0","0","0","0","0","","","","","Ind_C_560_S01_G","C560_S01G","Temp_Battle_Se_Effect_011","1","","","BattleEndCameraPreset1"
"Mon_560_S01_G_Lv8","","","Str_Char_560_S01_G_Name","","Monster","M","Green","1","Guardian","Front","","","","Skill_C_560_01_G","None","GradeUp_Guardian","SkillLvUp_Green","","5000","1","1.9","0.5","1.4","1","1","50","5000","100","Physical","450","40","800","20","0","0","300","8","10800","1080","500","0","5000","0","0","0","0","0","0","0","","","","","Ind_C_560_S01_G","C560_S01G","Temp_Battle_Se_Effect_011","1","","","BattleEndCameraPreset1"
"Mon_561_S01_G_Lv1","","","Str_Char_561_S01_G_Name","","Monster","M","Green","1","Knight","Front","","","","Skill_C_561_01_G","None","GradeUp_Knight","SkillLvUp_Green","","5000","1","1.9","0.5","1.4","1","1","50","5000","100","Magical","0","0","150","8","120","10","400","20","4000","400","500","0","5000","0","0","0","0","0","0","0","","","","","Ind_C_561_S01_G","C561_S01G","Temp_Battle_Se_Effect_011","1","","","BattleEndCameraPreset1"
"Mon_561_S01_G_Lv2","","","Str_Char_561_S01_G_Name","","Monster","M","Green","1","Knight","Front","","","","Skill_C_561_01_G","None","GradeUp_Knight","SkillLvUp_Green","","5000","1","1.9","0.5","1.4","1","1","50","5000","100","Magical","0","0","150","8","150","12","400","20","4400","440","500","0","5000","0","0","0","0","0","0","0","","","","","Ind_C_561_S01_G","C561_S01G","Temp_Battle_Se_Effect_011","1","","","BattleEndCameraPreset1"
"Mon_561_S01_G_Lv3","","","Str_Char_561_S01_G_Name","","Monster","M","Green","1","Knight","Front","","","","Skill_C_561_01_G","None","GradeUp_Knight","SkillLvUp_Green","","5000","1","1.9","0.5","1.4","1","1","50","5000","100","Magical","0","0","150","8","180","14","400","20","4800","480","500","0","5000","0","0","0","0","0","0","0","","","","","Ind_C_561_S01_G","C561_S01G","Temp_Battle_Se_Effect_011","1","","","BattleEndCameraPreset1"
"Mon_561_S01_G_Lv4","","","Str_Char_561_S01_G_Name","","Monster","M","Green","1","Knight","Front","","","","Skill_C_561_01_G","None","GradeUp_Knight","SkillLvUp_Green","","5000","1","1.9","0.5","1.4","1","1","50","5000","100","Magical","0","0","150","8","210","17","400","20","5200","520","500","0","5000","0","0","0","0","0","0","0","","","","","Ind_C_561_S01_G","C561_S01G","Temp_Battle_Se_Effect_011","1","","","BattleEndCameraPreset1"
"Mon_561_S01_G_Lv5","","","Str_Char_561_S01_G_Name","","Monster","M","Green","1","Knight","Front","","","","Skill_C_561_01_G","None","GradeUp_Knight","SkillLvUp_Green","","5000","1","1.9","0.5","1.4","1","1","50","5000","100","Magical","0","0","150","8","255","20","400","20","6000","600","500","0","5000","0","0","0","0","0","0","0","","","","","Ind_C_561_S01_G","C561_S01G","Temp_Battle_Se_Effect_011","1","","","BattleEndCameraPreset1"
"Mon_561_S01_G_Lv6","","","Str_Char_561_S01_G_Name","","Monster","M","Green","1","Knight","Front","","","","Skill_C_561_01_G","None","GradeUp_Knight","SkillLvUp_Green","","5000","1","1.9","0.5","1.4","1","1","50","5000","100","Magical","0","0","150","8","300","24","400","20","7200","720","500","0","5000","0","0","0","0","0","0","0","","","","","Ind_C_561_S01_G","C561_S01G","Temp_Battle_Se_Effect_011","1","","","BattleEndCameraPreset1"
"Mon_561_S01_G_Lv7","","","Str_Char_561_S01_G_Name","","Monster","M","Green","1","Knight","Front","","","","Skill_C_561_01_G","None","GradeUp_Knight","SkillLvUp_Green","","5000","1","1.9","0.5","1.4","1","1","50","5000","100","Magical","0","0","150","8","375","30","400","20","8000","800","500","0","5000","0","0","0","0","0","0","0","","","","","Ind_C_561_S01_G","C561_S01G","Temp_Battle_Se_Effect_011","1","","","BattleEndCameraPreset1"
"Mon_561_S01_G_Lv8","","","Str_Char_561_S01_G_Name","","Monster","M","Green","1","Knight","Front","","","","Skill_C_561_01_G","None","GradeUp_Knight","SkillLvUp_Green","","5000","1","1.9","0.5","1.4","1","1","50","5000","100","Magical","0","0","300","8","450","40","800","20","10800","1080","500","0","5000","0","0","0","0","0","0","0","","","","","Ind_C_561_S01_G","C561_S01G","Temp_Battle_Se_Effect_011","1","","","BattleEndCameraPreset1"
"Mon_562_S01_G_Lv1","","","Str_Char_562_S01_G_Name","","Monster","M","Green","1","Ranger","Middle","","","","Skill_C_562_01_G","None","GradeUp_Ranger","SkillLvUp_Green","","5000","1","1.9","0.5","1.4","1","1","50","5000","100","Physical","200","16","120","6","0","0","50","3","3200","320","500","0","5000","0","0","0","0","0","0","0","","","","","Ind_C_562_S01_G","C562_S01G","Temp_Battle_Se_Effect_011","1","","","BattleEndCameraPreset1"
"Mon_562_S01_G_Lv2","","","Str_Char_562_S01_G_Name","","Monster","M","Green","1","Ranger","Middle","","","","Skill_C_562_01_G","None","GradeUp_Ranger","SkillLvUp_Green","","5000","1","1.9","0.5","1.4","1","1","50","5000","100","Physical","250","20","120","6","0","0","50","3","3520","352","500","0","5000","0","0","0","0","0","0","0","","","","","Ind_C_562_S01_G","C562_S01G","Temp_Battle_Se_Effect_011","1","","","BattleEndCameraPreset1"
"Mon_562_S01_G_Lv3","","","Str_Char_562_S01_G_Name","","Monster","M","Green","1","Ranger","Middle","","","","Skill_C_562_01_G","None","GradeUp_Ranger","SkillLvUp_Green","","5000","1","1.9","0.5","1.4","1","1","50","5000","100","Physical","300","24","120","6","0","0","50","3","3840","384","500","0","5000","0","0","0","0","0","0","0","","","","","Ind_C_562_S01_G","C562_S01G","Temp_Battle_Se_Effect_011","1","","","BattleEndCameraPreset1"
"Mon_562_S01_G_Lv4","","","Str_Char_562_S01_G_Name","","Monster","M","Green","1","Ranger","Middle","","","","Skill_C_562_01_G","None","GradeUp_Ranger","SkillLvUp_Green","","5000","1","1.9","0.5","1.4","1","1","50","5000","100","Physical","350","28","120","6","0","0","50","3","4160","416","500","0","5000","0","0","0","0","0","0","0","","","","","Ind_C_562_S01_G","C562_S01G","Temp_Battle_Se_Effect_011","1","","","BattleEndCameraPreset1"
"Mon_562_S01_G_Lv5","","","Str_Char_562_S01_G_Name","","Monster","M","Green","1","Ranger","Middle","","","","Skill_C_562_01_G","None","GradeUp_Ranger","SkillLvUp_Green","","5000","1","1.9","0.5","1.4","1","1","50","5000","100","Physical","425","34","120","6","0","0","50","3","4800","480","500","0","5000","0","0","0","0","0","0","0","","","","","Ind_C_562_S01_G","C562_S01G","Temp_Battle_Se_Effect_011","1","","","BattleEndCameraPreset1"
"Mon_562_S01_G_Lv6","","","Str_Char_562_S01_G_Name","","Monster","M","Green","1","Ranger","Middle","","","","Skill_C_562_01_G","None","GradeUp_Ranger","SkillLvUp_Green","","5000","1","1.9","0.5","1.4","1","1","50","5000","100","Physical","500","40","120","6","0","0","50","3","5760","576","500","0","5000","0","0","0","0","0","0","0","","","","","Ind_C_562_S01_G","C562_S01G","Temp_Battle_Se_Effect_011","1","","","BattleEndCameraPreset1"
"Mon_562_S01_G_Lv7","","","Str_Char_562_S01_G_Name","","Monster","M","Green","1","Ranger","Middle","","","","Skill_C_562_01_G","None","GradeUp_Ranger","SkillLvUp_Green","","5000","1","1.9","0.5","1.4","1","1","50","5000","100","Physical","625","50","120","6","0","0","50","3","6400","640","500","0","5000","0","0","0","0","0","0","0","","","","","Ind_C_562_S01_G","C562_S01G","Temp_Battle_Se_Effect_011","1","","","BattleEndCameraPreset1"
"Mon_562_S01_G_Lv8","","","Str_Char_562_S01_G_Name","","Monster","M","Green","1","Ranger","Middle","","","","Skill_C_562_01_G","None","GradeUp_Ranger","SkillLvUp_Green","","5000","1","1.9","0.5","1.4","1","1","50","5000","100","Physical","700","62","240","6","0","0","100","3","8640","864","500","0","5000","0","0","0","0","0","0","0","","","","","Ind_C_562_S01_G","C562_S01G","Temp_Battle_Se_Effect_011","1","","","BattleEndCameraPreset1"
"Mon_563_S01_G_Lv1","","","Str_Char_563_S01_G_Name","","Monster","M","Green","1","Sorcerer","Middle","","","","Skill_C_563_01_G","None","GradeUp_Sorcerer","SkillLvUp_Green","","5000","1","1.9","0.5","1.4","1","1","50","5000","100","Magical","0","0","50","3","200","16","120","6","3200","320","500","0","5000","0","0","0","0","0","0","0","","","","","Ind_C_563_S01_G","C563_S01G","Temp_Battle_Se_Effect_011","1","","","BattleEndCameraPreset1"
"Mon_563_S01_G_Lv2","","","Str_Char_563_S01_G_Name","","Monster","M","Green","1","Sorcerer","Middle","","","","Skill_C_563_01_G","None","GradeUp_Sorcerer","SkillLvUp_Green","","5000","1","1.9","0.5","1.4","1","1","50","5000","100","Magical","0","0","50","3","250","20","120","6","3520","352","500","0","5000","0","0","0","0","0","0","0","","","","","Ind_C_563_S01_G","C563_S01G","Temp_Battle_Se_Effect_011","1","","","BattleEndCameraPreset1"
"Mon_563_S01_G_Lv3","","","Str_Char_563_S01_G_Name","","Monster","M","Green","1","Sorcerer","Middle","","","","Skill_C_563_01_G","None","GradeUp_Sorcerer","SkillLvUp_Green","","5000","1","1.9","0.5","1.4","1","1","50","5000","100","Magical","0","0","50","3","300","24","120","6","3840","384","500","0","5000","0","0","0","0","0","0","0","","","","","Ind_C_563_S01_G","C563_S01G","Temp_Battle_Se_Effect_011","1","","","BattleEndCameraPreset1"
"Mon_563_S01_G_Lv4","","","Str_Char_563_S01_G_Name","","Monster","M","Green","1","Sorcerer","Middle","","","","Skill_C_563_01_G","None","GradeUp_Sorcerer","SkillLvUp_Green","","5000","1","1.9","0.5","1.4","1","1","50","5000","100","Magical","0","0","50","3","350","28","120","6","4160","416","500","0","5000","0","0","0","0","0","0","0","","","","","Ind_C_563_S01_G","C563_S01G","Temp_Battle_Se_Effect_011","1","","","BattleEndCameraPreset1"
"Mon_563_S01_G_Lv5","","","Str_Char_563_S01_G_Name","","Monster","M","Green","1","Sorcerer","Middle","","","","Skill_C_563_01_G","None","GradeUp_Sorcerer","SkillLvUp_Green","","5000","1","1.9","0.5","1.4","1","1","50","5000","100","Magical","0","0","50","3","425","34","120","6","4800","480","500","0","5000","0","0","0","0","0","0","0","","","","","Ind_C_563_S01_G","C563_S01G","Temp_Battle_Se_Effect_011","1","","","BattleEndCameraPreset1"
"Mon_563_S01_G_Lv6","","","Str_Char_563_S01_G_Name","","Monster","M","Green","1","Sorcerer","Middle","","","","Skill_C_563_01_G","None","GradeUp_Sorcerer","SkillLvUp_Green","","5000","1","1.9","0.5","1.4","1","1","50","5000","100","Magical","0","0","50","3","500","40","120","6","5760","576","500","0","5000","0","0","0","0","0","0","0","","","","","Ind_C_563_S01_G","C563_S01G","Temp_Battle_Se_Effect_011","1","","","BattleEndCameraPreset1"
"Mon_563_S01_G_Lv7","","","Str_Char_563_S01_G_Name","","Monster","M","Green","1","Sorcerer","Middle","","","","Skill_C_563_01_G","None","GradeUp_Sorcerer","SkillLvUp_Green","","5000","1","1.9","0.5","1.4","1","1","50","5000","100","Magical","0","0","50","3","625","50","120","6","6400","640","500","0","5000","0","0","0","0","0","0","0","","","","","Ind_C_563_S01_G","C563_S01G","Temp_Battle_Se_Effect_011","1","","","BattleEndCameraPreset1"
"Mon_563_S01_G_Lv8","","","Str_Char_563_S01_G_Name","","Monster","M","Green","1","Sorcerer","Middle","","","","Skill_C_563_01_G","None","GradeUp_Sorcerer","SkillLvUp_Green","","5000","1","1.9","0.5","1.4","1","1","50","5000","100","Magical","0","0","100","3","800","80","240","6","8640","864","500","0","5000","0","0","0","0","0","0","0","","","","","Ind_C_563_S01_G","C563_S01G","Temp_Battle_Se_Effect_011","1","","","BattleEndCameraPreset1"
"Mon_564_S01_G_Lv1","","","Str_Char_564_S01_G_Name","","Monster","M","Green","1","Mage","Back","","","","Skill_C_564_01_G","None","GradeUp_Mage","SkillLvUp_Green","","5000","1","1.9","0.5","1.4","1","1","50","5000","100","Magical","0","0","20","1","240","19","30","2","3000","300","500","0","5000","0","0","0","0","0","0","0","","","","","Ind_C_564_S01_G","C564_S01G","Temp_Battle_Se_Effect_011","1","","","BattleEndCameraPreset1"
"Mon_564_S01_G_Lv2","","","Str_Char_564_S01_G_Name","","Monster","M","Green","1","Mage","Back","","","","Skill_C_564_01_G","None","GradeUp_Mage","SkillLvUp_Green","","5000","1","1.9","0.5","1.4","1","1","50","5000","100","Magical","0","0","20","1","300","24","30","2","3300","330","500","0","5000","0","0","0","0","0","0","0","","","","","Ind_C_564_S01_G","C564_S01G","Temp_Battle_Se_Effect_011","1","","","BattleEndCameraPreset1"
"Mon_564_S01_G_Lv3","","","Str_Char_564_S01_G_Name","","Monster","M","Green","1","Mage","Back","","","","Skill_C_564_01_G","None","GradeUp_Mage","SkillLvUp_Green","","5000","1","1.9","0.5","1.4","1","1","50","5000","100","Magical","0","0","20","1","360","29","30","2","3600","360","500","0","5000","0","0","0","0","0","0","0","","","","","Ind_C_564_S01_G","C564_S01G","Temp_Battle_Se_Effect_011","1","","","BattleEndCameraPreset1"
"Mon_564_S01_G_Lv4","","","Str_Char_564_S01_G_Name","","Monster","M","Green","1","Mage","Back","","","","Skill_C_564_01_G","None","GradeUp_Mage","SkillLvUp_Green","","5000","1","1.9","0.5","1.4","1","1","50","5000","100","Magical","0","0","20","1","420","34","30","2","3900","390","500","0","5000","0","0","0","0","0","0","0","","","","","Ind_C_564_S01_G","C564_S01G","Temp_Battle_Se_Effect_011","1","","","BattleEndCameraPreset1"
"Mon_564_S01_G_Lv5","","","Str_Char_564_S01_G_Name","","Monster","M","Green","1","Mage","Back","","","","Skill_C_564_01_G","None","GradeUp_Mage","SkillLvUp_Green","","5000","1","1.9","0.5","1.4","1","1","50","5000","100","Magical","0","0","20","1","510","41","30","2","4500","450","500","0","5000","0","0","0","0","0","0","0","","","","","Ind_C_564_S01_G","C564_S01G","Temp_Battle_Se_Effect_011","1","","","BattleEndCameraPreset1"
"Mon_564_S01_G_Lv6","","","Str_Char_564_S01_G_Name","","Monster","M","Green","1","Mage","Back","","","","Skill_C_564_01_G","None","GradeUp_Mage","SkillLvUp_Green","","5000","1","1.9","0.5","1.4","1","1","50","5000","100","Magical","0","0","20","1","600","48","30","2","5400","540","500","0","5000","0","0","0","0","0","0","0","","","","","Ind_C_564_S01_G","C564_S01G","Temp_Battle_Se_Effect_011","1","","","BattleEndCameraPreset1"
"Mon_564_S01_G_Lv7","","","Str_Char_564_S01_G_Name","","Monster","M","Green","1","Mage","Back","","","","Skill_C_564_01_G","None","GradeUp_Mage","SkillLvUp_Green","","5000","1","1.9","0.5","1.4","1","1","50","5000","100","Magical","0","0","20","1","750","60","30","2","6000","600","500","0","5000","0","0","0","0","0","0","0","","","","","Ind_C_564_S01_G","C564_S01G","Temp_Battle_Se_Effect_011","1","","","BattleEndCameraPreset1"
"Mon_564_S01_G_Lv8","","","Str_Char_564_S01_G_Name","","Monster","M","Green","1","Mage","Back","","","","Skill_C_564_01_G","None","GradeUp_Mage","SkillLvUp_Green","","5000","1","1.9","0.5","1.4","1","1","50","5000","100","Magical","0","0","40","1","900","75","60","2","8100","810","500","0","5000","0","0","0","0","0","0","0","","","","","Ind_C_564_S01_G","C564_S01G","Temp_Battle_Se_Effect_011","1","","","BattleEndCameraPreset1"
"Mon_565_S01_G_Lv1","","","Str_Char_565_S01_G_Name","","Monster","M","Green","1","Cleric","Back","","","","Skill_C_565_01_G","None","GradeUp_Cleric","SkillLvUp_Green","","5000","1","1.9","0.5","1.4","1","1","50","5000","100","Magical","0","0","30","2","160","13","30","2","3200","320","500","0","5000","0","0","0","0","0","0","0","","","","","Ind_C_565_S01_G","C565_S01G","Temp_Battle_Se_Effect_011","1","","","BattleEndCameraPreset1"
"Mon_565_S01_G_Lv2","","","Str_Char_565_S01_G_Name","","Monster","M","Green","1","Cleric","Back","","","","Skill_C_565_01_G","None","GradeUp_Cleric","SkillLvUp_Green","","5000","1","1.9","0.5","1.4","1","1","50","5000","100","Magical","0","0","30","2","200","16","30","2","3520","352","500","0","5000","0","0","0","0","0","0","0","","","","","Ind_C_565_S01_G","C565_S01G","Temp_Battle_Se_Effect_011","1","","","BattleEndCameraPreset1"
"Mon_565_S01_G_Lv3","","","Str_Char_565_S01_G_Name","","Monster","M","Green","1","Cleric","Back","","","","Skill_C_565_01_G","None","GradeUp_Cleric","SkillLvUp_Green","","5000","1","1.9","0.5","1.4","1","1","50","5000","100","Magical","0","0","30","2","240","19","30","2","3840","384","500","0","5000","0","0","0","0","0","0","0","","","","","Ind_C_565_S01_G","C565_S01G","Temp_Battle_Se_Effect_011","1","","","BattleEndCameraPreset1"
"Mon_565_S01_G_Lv4","","","Str_Char_565_S01_G_Name","","Monster","M","Green","1","Cleric","Back","","","","Skill_C_565_01_G","None","GradeUp_Cleric","SkillLvUp_Green","","5000","1","1.9","0.5","1.4","1","1","50","5000","100","Magical","0","0","30","2","280","22","30","2","4160","416","500","0","5000","0","0","0","0","0","0","0","","","","","Ind_C_565_S01_G","C565_S01G","Temp_Battle_Se_Effect_011","1","","","BattleEndCameraPreset1"
"Mon_565_S01_G_Lv5","","","Str_Char_565_S01_G_Name","","Monster","M","Green","1","Cleric","Back","","","","Skill_C_565_01_G","None","GradeUp_Cleric","SkillLvUp_Green","","5000","1","1.9","0.5","1.4","1","1","50","5000","100","Magical","0","0","30","2","340","27","30","2","4800","480","500","0","5000","0","0","0","0","0","0","0","","","","","Ind_C_565_S01_G","C565_S01G","Temp_Battle_Se_Effect_011","1","","","BattleEndCameraPreset1"
"Mon_565_S01_G_Lv6","","","Str_Char_565_S01_G_Name","","Monster","M","Green","1","Cleric","Back","","","","Skill_C_565_01_G","None","GradeUp_Cleric","SkillLvUp_Green","","5000","1","1.9","0.5","1.4","1","1","50","5000","100","Magical","0","0","30","2","400","32","30","2","5760","576","500","0","5000","0","0","0","0","0","0","0","","","","","Ind_C_565_S01_G","C565_S01G","Temp_Battle_Se_Effect_011","1","","","BattleEndCameraPreset1"
"Mon_565_S01_G_Lv7","","","Str_Char_565_S01_G_Name","","Monster","M","Green","1","Cleric","Back","","","","Skill_C_565_01_G","None","GradeUp_Cleric","SkillLvUp_Green","","5000","1","1.9","0.5","1.4","1","1","50","5000","100","Magical","0","0","30","2","500","40","30","2","6400","640","500","0","5000","0","0","0","0","0","0","0","","","","","Ind_C_565_S01_G","C565_S01G","Temp_Battle_Se_Effect_011","1","","","BattleEndCameraPreset1"
"Mon_565_S01_G_Lv8","","","Str_Char_565_S01_G_Name","","Monster","M","Green","1","Cleric","Back","","","","Skill_C_565_01_G","None","GradeUp_Cleric","SkillLvUp_Green","","5000","1","1.9","0.5","1.4","1","1","50","5000","100","Magical","0","0","60","2","600","50","60","2","8000","800","500","0","5000","0","0","0","0","0","0","0","","","","","Ind_C_565_S01_G","C565_S01G","Temp_Battle_Se_Effect_011","1","","","BattleEndCameraPreset1"
"Mon_566_S01_G_Lv1","","","Str_Char_566_S01_G_Name","","Monster","M","Green","3","Guardian","Front","","","","Skill_C_566_01_G","None","GradeUp_Guardian","SkillLvUp_Green","","5000","2.5","1.6","1.4","1.4","1","4","66","6444","146","Physical","240","19","800","40","0","0","300","15","10000","1000","500","0","5000","0","0","3500","0","0","0","0","","","","","Ind_C_566_S01_G","C566_S01G","Temp_Battle_Se_Effect_011","1","","","BattleEndCameraPreset1"
"Mon_566_S01_G_Lv2","","","Str_Char_566_S01_G_Name","","Monster","M","Green","3","Guardian","Front","","","","Skill_C_566_01_G","None","GradeUp_Guardian","SkillLvUp_Green","","5000","2.5","1.6","1.4","1.4","1","4","66","6444","146","Physical","300","24","800","40","0","0","300","15","11000","1100","500","0","5000","0","0","3500","0","0","0","0","","","","","Ind_C_566_S01_G","C566_S01G","Temp_Battle_Se_Effect_011","1","","","BattleEndCameraPreset1"
"Mon_566_S01_G_Lv3","","","Str_Char_566_S01_G_Name","","Monster","M","Green","3","Guardian","Front","","","","Skill_C_566_01_G","None","GradeUp_Guardian","SkillLvUp_Green","","5000","2.5","1.6","1.4","1.4","1","4","66","6444","146","Physical","360","29","800","40","0","0","300","15","12000","1200","500","0","5000","0","0","3500","0","0","0","0","","","","","Ind_C_566_S01_G","C566_S01G","Temp_Battle_Se_Effect_011","1","","","BattleEndCameraPreset1"
"Mon_566_S01_G_Lv4","","","Str_Char_566_S01_G_Name","","Monster","M","Green","3","Guardian","Front","","","","Skill_C_566_01_G","None","GradeUp_Guardian","SkillLvUp_Green","","5000","2.5","1.6","1.4","1.4","1","4","66","6444","146","Physical","420","34","800","40","0","0","300","15","13000","1300","500","0","5000","0","0","3500","0","0","0","0","","","","","Ind_C_566_S01_G","C566_S01G","Temp_Battle_Se_Effect_011","1","","","BattleEndCameraPreset1"
"Mon_566_S01_G_Lv5","","","Str_Char_566_S01_G_Name","","Monster","M","Green","3","Guardian","Front","","","","Skill_C_566_01_G","None","GradeUp_Guardian","SkillLvUp_Green","","5000","2.5","1.6","1.4","1.4","1","4","66","6444","146","Physical","510","41","800","40","0","0","300","15","15000","1500","500","0","5000","0","0","3500","0","0","0","0","","","","","Ind_C_566_S01_G","C566_S01G","Temp_Battle_Se_Effect_011","1","","","BattleEndCameraPreset1"
"Mon_566_S01_G_Lv6","","","Str_Char_566_S01_G_Name","","Monster","M","Green","3","Guardian","Front","","","","Skill_C_566_01_G","None","GradeUp_Guardian","SkillLvUp_Green","","5000","2.5","1.6","1.4","1.4","1","4","66","6444","146","Physical","600","48","800","40","0","0","300","15","18000","1800","500","0","5000","0","0","3500","0","0","0","0","","","","","Ind_C_566_S01_G","C566_S01G","Temp_Battle_Se_Effect_011","1","","","BattleEndCameraPreset1"
"Mon_566_S01_G_Lv7","","","Str_Char_566_S01_G_Name","","Monster","M","Green","3","Guardian","Front","","","","Skill_C_566_01_G","None","GradeUp_Guardian","SkillLvUp_Green","","5000","2.5","1.6","1.4","1.4","1","4","66","6444","146","Physical","750","60","800","40","0","0","300","15","20000","2000","500","0","5000","0","0","3500","0","0","0","0","","","","","Ind_C_566_S01_G","C566_S01G","Temp_Battle_Se_Effect_011","1","","","BattleEndCameraPreset1"
"Mon_566_S01_G_Lv8","","","Str_Char_566_S01_G_Name","","Monster","M","Green","3","Guardian","Front","","","","Skill_C_566_01_G","None","GradeUp_Guardian","SkillLvUp_Green","","5000","2.5","1.6","1.4","1.4","1","4","66","6444","146","Physical","960","75","1600","40","0","0","600","15","47250","4725","500","0","5000","0","0","3500","0","0","0","0","","","","","Ind_C_566_S01_G","C566_S01G","Temp_Battle_Se_Effect_011","1","","","BattleEndCameraPreset1"
"Mon_567_S01_R_Lv1","","","Str_Char_567_S01_R_Name","","Monster","M","Red","1","Guardian","Front","","","","Skill_C_567_01_R","None","GradeUp_Guardian","SkillLvUp_Red","","5000","1","1.9","0.5","1.4","1","1","50","5000","100","Physical","120","10","400","20","0","0","150","8","4000","400","500","0","5000","0","0","0","0","0","0","0","","","","","Ind_C_567_S01_R","C567_S01R","Temp_Battle_Se_Effect_011","1","","","BattleEndCameraPreset1"
"Mon_567_S01_R_Lv2","","","Str_Char_567_S01_R_Name","","Monster","M","Red","1","Guardian","Front","","","","Skill_C_567_01_R","None","GradeUp_Guardian","SkillLvUp_Red","","5000","1","1.9","0.5","1.4","1","1","50","5000","100","Physical","150","12","400","20","0","0","150","8","4400","440","500","0","5000","0","0","0","0","0","0","0","","","","","Ind_C_567_S01_R","C567_S01R","Temp_Battle_Se_Effect_011","1","","","BattleEndCameraPreset1"
"Mon_567_S01_R_Lv3","","","Str_Char_567_S01_R_Name","","Monster","M","Red","1","Guardian","Front","","","","Skill_C_567_01_R","None","GradeUp_Guardian","SkillLvUp_Red","","5000","1","1.9","0.5","1.4","1","1","50","5000","100","Physical","180","14","400","20","0","0","150","8","4800","480","500","0","5000","0","0","0","0","0","0","0","","","","","Ind_C_567_S01_R","C567_S01R","Temp_Battle_Se_Effect_011","1","","","BattleEndCameraPreset1"
"Mon_567_S01_R_Lv4","","","Str_Char_567_S01_R_Name","","Monster","M","Red","1","Guardian","Front","","","","Skill_C_567_01_R","None","GradeUp_Guardian","SkillLvUp_Red","","5000","1","1.9","0.5","1.4","1","1","50","5000","100","Physical","210","17","400","20","0","0","150","8","5200","520","500","0","5000","0","0","0","0","0","0","0","","","","","Ind_C_567_S01_R","C567_S01R","Temp_Battle_Se_Effect_011","1","","","BattleEndCameraPreset1"
"Mon_567_S01_R_Lv5","","","Str_Char_567_S01_R_Name","","Monster","M","Red","1","Guardian","Front","","","","Skill_C_567_01_R","None","GradeUp_Guardian","SkillLvUp_Red","","5000","1","1.9","0.5","1.4","1","1","50","5000","100","Physical","255","20","400","20","0","0","150","8","6000","600","500","0","5000","0","0","0","0","0","0","0","","","","","Ind_C_567_S01_R","C567_S01R","Temp_Battle_Se_Effect_011","1","","","BattleEndCameraPreset1"
"Mon_567_S01_R_Lv6","","","Str_Char_567_S01_R_Name","","Monster","M","Red","1","Guardian","Front","","","","Skill_C_567_01_R","None","GradeUp_Guardian","SkillLvUp_Red","","5000","1","1.9","0.5","1.4","1","1","50","5000","100","Physical","300","24","400","20","0","0","150","8","7200","720","500","0","5000","0","0","0","0","0","0","0","","","","","Ind_C_567_S01_R","C567_S01R","Temp_Battle_Se_Effect_011","1","","","BattleEndCameraPreset1"
"Mon_567_S01_R_Lv7","","","Str_Char_567_S01_R_Name","","Monster","M","Red","1","Guardian","Front","","","","Skill_C_567_01_R","None","GradeUp_Guardian","SkillLvUp_Red","","5000","1","1.9","0.5","1.4","1","1","50","5000","100","Physical","375","30","400","20","0","0","150","8","8000","800","500","0","5000","0","0","0","0","0","0","0","","","","","Ind_C_567_S01_R","C567_S01R","Temp_Battle_Se_Effect_011","1","","","BattleEndCameraPreset1"
"Mon_567_S01_R_Lv8","","","Str_Char_567_S01_R_Name","","Monster","M","Red","1","Guardian","Front","","","","Skill_C_567_01_R","None","GradeUp_Guardian","SkillLvUp_Red","","5000","1","1.9","0.5","1.4","1","1","50","5000","100","Physical","450","40","800","20","0","0","300","8","10800","1080","500","0","5000","0","0","0","0","0","0","0","","","","","Ind_C_567_S01_R","C567_S01R","Temp_Battle_Se_Effect_011","1","","","BattleEndCameraPreset1"
"Mon_568_S01_R_Lv1","","","Str_Char_568_S01_R_Name","","Monster","M","Red","1","Knight","Front","","","","Skill_C_568_01_R","None","GradeUp_Knight","SkillLvUp_Red","","5000","1","1.9","0.5","1.4","1","1","50","5000","100","Magical","0","0","150","8","120","10","400","20","4000","400","500","0","5000","0","0","0","0","0","0","0","","","","","Ind_C_568_S01_R","C568_S01R","Temp_Battle_Se_Effect_011","1","","","BattleEndCameraPreset1"
"Mon_568_S01_R_Lv2","","","Str_Char_568_S01_R_Name","","Monster","M","Red","1","Knight","Front","","","","Skill_C_568_01_R","None","GradeUp_Knight","SkillLvUp_Red","","5000","1","1.9","0.5","1.4","1","1","50","5000","100","Magical","0","0","150","8","150","12","400","20","4400","440","500","0","5000","0","0","0","0","0","0","0","","","","","Ind_C_568_S01_R","C568_S01R","Temp_Battle_Se_Effect_011","1","","","BattleEndCameraPreset1"
"Mon_568_S01_R_Lv3","","","Str_Char_568_S01_R_Name","","Monster","M","Red","1","Knight","Front","","","","Skill_C_568_01_R","None","GradeUp_Knight","SkillLvUp_Red","","5000","1","1.9","0.5","1.4","1","1","50","5000","100","Magical","0","0","150","8","180","14","400","20","4800","480","500","0","5000","0","0","0","0","0","0","0","","","","","Ind_C_568_S01_R","C568_S01R","Temp_Battle_Se_Effect_011","1","","","BattleEndCameraPreset1"
"Mon_568_S01_R_Lv4","","","Str_Char_568_S01_R_Name","","Monster","M","Red","1","Knight","Front","","","","Skill_C_568_01_R","None","GradeUp_Knight","SkillLvUp_Red","","5000","1","1.9","0.5","1.4","1","1","50","5000","100","Magical","0","0","150","8","210","17","400","20","5200","520","500","0","5000","0","0","0","0","0","0","0","","","","","Ind_C_568_S01_R","C568_S01R","Temp_Battle_Se_Effect_011","1","","","BattleEndCameraPreset1"
"Mon_568_S01_R_Lv5","","","Str_Char_568_S01_R_Name","","Monster","M","Red","1","Knight","Front","","","","Skill_C_568_01_R","None","GradeUp_Knight","SkillLvUp_Red","","5000","1","1.9","0.5","1.4","1","1","50","5000","100","Magical","0","0","150","8","255","20","400","20","6000","600","500","0","5000","0","0","0","0","0","0","0","","","","","Ind_C_568_S01_R","C568_S01R","Temp_Battle_Se_Effect_011","1","","","BattleEndCameraPreset1"
"Mon_568_S01_R_Lv6","","","Str_Char_568_S01_R_Name","","Monster","M","Red","1","Knight","Front","","","","Skill_C_568_01_R","None","GradeUp_Knight","SkillLvUp_Red","","5000","1","1.9","0.5","1.4","1","1","50","5000","100","Magical","0","0","150","8","300","24","400","20","7200","720","500","0","5000","0","0","0","0","0","0","0","","","","","Ind_C_568_S01_R","C568_S01R","Temp_Battle_Se_Effect_011","1","","","BattleEndCameraPreset1"
"Mon_568_S01_R_Lv7","","","Str_Char_568_S01_R_Name","","Monster","M","Red","1","Knight","Front","","","","Skill_C_568_01_R","None","GradeUp_Knight","SkillLvUp_Red","","5000","1","1.9","0.5","1.4","1","1","50","5000","100","Magical","0","0","150","8","375","30","400","20","8000","800","500","0","5000","0","0","0","0","0","0","0","","","","","Ind_C_568_S01_R","C568_S01R","Temp_Battle_Se_Effect_011","1","","","BattleEndCameraPreset1"
"Mon_568_S01_R_Lv8","","","Str_Char_568_S01_R_Name","","Monster","M","Red","1","Knight","Front","","","","Skill_C_568_01_R","None","GradeUp_Knight","SkillLvUp_Red","","5000","1","1.9","0.5","1.4","1","1","50","5000","100","Magical","0","0","300","8","450","40","800","20","10800","1080","500","0","5000","0","0","0","0","0","0","0","","","","","Ind_C_568_S01_R","C568_S01R","Temp_Battle_Se_Effect_011","1","","","BattleEndCameraPreset1"
"Mon_569_S01_R_Lv1","","","Str_Char_569_S01_R_Name","","Monster","M","Red","1","Ranger","Middle","","","","Skill_C_569_01_R","None","GradeUp_Ranger","SkillLvUp_Red","","5000","1","1.9","0.5","1.4","1","1","50","5000","100","Physical","200","16","120","6","0","0","50","3","3200","320","500","0","5000","0","0","0","0","0","0","0","","","","","Ind_C_569_S01_R","C569_S01R","Temp_Battle_Se_Effect_011","1","","","BattleEndCameraPreset1"
"Mon_569_S01_R_Lv2","","","Str_Char_569_S01_R_Name","","Monster","M","Red","1","Ranger","Middle","","","","Skill_C_569_01_R","None","GradeUp_Ranger","SkillLvUp_Red","","5000","1","1.9","0.5","1.4","1","1","50","5000","100","Physical","250","20","120","6","0","0","50","3","3520","352","500","0","5000","0","0","0","0","0","0","0","","","","","Ind_C_569_S01_R","C569_S01R","Temp_Battle_Se_Effect_011","1","","","BattleEndCameraPreset1"
"Mon_569_S01_R_Lv3","","","Str_Char_569_S01_R_Name","","Monster","M","Red","1","Ranger","Middle","","","","Skill_C_569_01_R","None","GradeUp_Ranger","SkillLvUp_Red","","5000","1","1.9","0.5","1.4","1","1","50","5000","100","Physical","300","24","120","6","0","0","50","3","3840","384","500","0","5000","0","0","0","0","0","0","0","","","","","Ind_C_569_S01_R","C569_S01R","Temp_Battle_Se_Effect_011","1","","","BattleEndCameraPreset1"
"Mon_569_S01_R_Lv4","","","Str_Char_569_S01_R_Name","","Monster","M","Red","1","Ranger","Middle","","","","Skill_C_569_01_R","None","GradeUp_Ranger","SkillLvUp_Red","","5000","1","1.9","0.5","1.4","1","1","50","5000","100","Physical","350","28","120","6","0","0","50","3","4160","416","500","0","5000","0","0","0","0","0","0","0","","","","","Ind_C_569_S01_R","C569_S01R","Temp_Battle_Se_Effect_011","1","","","BattleEndCameraPreset1"
"Mon_569_S01_R_Lv5","","","Str_Char_569_S01_R_Name","","Monster","M","Red","1","Ranger","Middle","","","","Skill_C_569_01_R","None","GradeUp_Ranger","SkillLvUp_Red","","5000","1","1.9","0.5","1.4","1","1","50","5000","100","Physical","425","34","120","6","0","0","50","3","4800","480","500","0","5000","0","0","0","0","0","0","0","","","","","Ind_C_569_S01_R","C569_S01R","Temp_Battle_Se_Effect_011","1","","","BattleEndCameraPreset1"
"Mon_569_S01_R_Lv6","","","Str_Char_569_S01_R_Name","","Monster","M","Red","1","Ranger","Middle","","","","Skill_C_569_01_R","None","GradeUp_Ranger","SkillLvUp_Red","","5000","1","1.9","0.5","1.4","1","1","50","5000","100","Physical","500","40","120","6","0","0","50","3","5760","576","500","0","5000","0","0","0","0","0","0","0","","","","","Ind_C_569_S01_R","C569_S01R","Temp_Battle_Se_Effect_011","1","","","BattleEndCameraPreset1"
"Mon_569_S01_R_Lv7","","","Str_Char_569_S01_R_Name","","Monster","M","Red","1","Ranger","Middle","","","","Skill_C_569_01_R","None","GradeUp_Ranger","SkillLvUp_Red","","5000","1","1.9","0.5","1.4","1","1","50","5000","100","Physical","625","50","120","6","0","0","50","3","6400","640","500","0","5000","0","0","0","0","0","0","0","","","","","Ind_C_569_S01_R","C569_S01R","Temp_Battle_Se_Effect_011","1","","","BattleEndCameraPreset1"
"Mon_569_S01_R_Lv8","","","Str_Char_569_S01_R_Name","","Monster","M","Red","1","Ranger","Middle","","","","Skill_C_569_01_R","None","GradeUp_Ranger","SkillLvUp_Red","","5000","1","1.9","0.5","1.4","1","1","50","5000","100","Physical","700","62","240","6","0","0","100","3","8640","864","500","0","5000","0","0","0","0","0","0","0","","","","","Ind_C_569_S01_R","C569_S01R","Temp_Battle_Se_Effect_011","1","","","BattleEndCameraPreset1"
"Mon_570_S01_R_Lv1","","","Str_Char_570_S01_R_Name","","Monster","M","Red","1","Sorcerer","Middle","","","","Skill_C_570_01_R","None","GradeUp_Sorcerer","SkillLvUp_Red","","5000","1","1.9","0.5","1.4","1","1","50","5000","100","Magical","0","0","50","3","200","16","120","6","3200","320","500","0","5000","0","0","0","0","0","0","0","","","","","Ind_C_570_S01_R","C570_S01R","Temp_Battle_Se_Effect_011","1","","","BattleEndCameraPreset1"
"Mon_570_S01_R_Lv2","","","Str_Char_570_S01_R_Name","","Monster","M","Red","1","Sorcerer","Middle","","","","Skill_C_570_01_R","None","GradeUp_Sorcerer","SkillLvUp_Red","","5000","1","1.9","0.5","1.4","1","1","50","5000","100","Magical","0","0","50","3","250","20","120","6","3520","352","500","0","5000","0","0","0","0","0","0","0","","","","","Ind_C_570_S01_R","C570_S01R","Temp_Battle_Se_Effect_011","1","","","BattleEndCameraPreset1"
"Mon_570_S01_R_Lv3","","","Str_Char_570_S01_R_Name","","Monster","M","Red","1","Sorcerer","Middle","","","","Skill_C_570_01_R","None","GradeUp_Sorcerer","SkillLvUp_Red","","5000","1","1.9","0.5","1.4","1","1","50","5000","100","Magical","0","0","50","3","300","24","120","6","3840","384","500","0","5000","0","0","0","0","0","0","0","","","","","Ind_C_570_S01_R","C570_S01R","Temp_Battle_Se_Effect_011","1","","","BattleEndCameraPreset1"
"Mon_570_S01_R_Lv4","","","Str_Char_570_S01_R_Name","","Monster","M","Red","1","Sorcerer","Middle","","","","Skill_C_570_01_R","None","GradeUp_Sorcerer","SkillLvUp_Red","","5000","1","1.9","0.5","1.4","1","1","50","5000","100","Magical","0","0","50","3","350","28","120","6","4160","416","500","0","5000","0","0","0","0","0","0","0","","","","","Ind_C_570_S01_R","C570_S01R","Temp_Battle_Se_Effect_011","1","","","BattleEndCameraPreset1"
"Mon_570_S01_R_Lv5","","","Str_Char_570_S01_R_Name","","Monster","M","Red","1","Sorcerer","Middle","","","","Skill_C_570_01_R","None","GradeUp_Sorcerer","SkillLvUp_Red","","5000","1","1.9","0.5","1.4","1","1","50","5000","100","Magical","0","0","50","3","425","34","120","6","4800","480","500","0","5000","0","0","0","0","0","0","0","","","","","Ind_C_570_S01_R","C570_S01R","Temp_Battle_Se_Effect_011","1","","","BattleEndCameraPreset1"
"Mon_570_S01_R_Lv6","","","Str_Char_570_S01_R_Name","","Monster","M","Red","1","Sorcerer","Middle","","","","Skill_C_570_01_R","None","GradeUp_Sorcerer","SkillLvUp_Red","","5000","1","1.9","0.5","1.4","1","1","50","5000","100","Magical","0","0","50","3","500","40","120","6","5760","576","500","0","5000","0","0","0","0","0","0","0","","","","","Ind_C_570_S01_R","C570_S01R","Temp_Battle_Se_Effect_011","1","","","BattleEndCameraPreset1"
"Mon_570_S01_R_Lv7","","","Str_Char_570_S01_R_Name","","Monster","M","Red","1","Sorcerer","Middle","","","","Skill_C_570_01_R","None","GradeUp_Sorcerer","SkillLvUp_Red","","5000","1","1.9","0.5","1.4","1","1","50","5000","100","Magical","0","0","50","3","625","50","120","6","6400","640","500","0","5000","0","0","0","0","0","0","0","","","","","Ind_C_570_S01_R","C570_S01R","Temp_Battle_Se_Effect_011","1","","","BattleEndCameraPreset1"
"Mon_570_S01_R_Lv8","","","Str_Char_570_S01_R_Name","","Monster","M","Red","1","Sorcerer","Middle","","","","Skill_C_570_01_R","None","GradeUp_Sorcerer","SkillLvUp_Red","","5000","1","1.9","0.5","1.4","1","1","50","5000","100","Magical","0","0","100","3","800","80","240","6","8640","864","500","0","5000","0","0","0","0","0","0","0","","","","","Ind_C_570_S01_R","C570_S01R","Temp_Battle_Se_Effect_011","1","","","BattleEndCameraPreset1"
"Mon_571_S01_R_Lv1","","","Str_Char_571_S01_R_Name","","Monster","M","Red","1","Mage","Back","","","","Skill_C_571_01_R","None","GradeUp_Mage","SkillLvUp_Red","","5000","1","1.9","0.5","1.4","1","1","50","5000","100","Magical","0","0","20","1","240","19","30","2","3000","300","500","0","5000","0","0","0","0","0","0","0","","","","","Ind_C_571_S01_R","C571_S01R","Temp_Battle_Se_Effect_011","1","","","BattleEndCameraPreset1"
"Mon_571_S01_R_Lv2","","","Str_Char_571_S01_R_Name","","Monster","M","Red","1","Mage","Back","","","","Skill_C_571_01_R","None","GradeUp_Mage","SkillLvUp_Red","","5000","1","1.9","0.5","1.4","1","1","50","5000","100","Magical","0","0","20","1","300","24","30","2","3300","330","500","0","5000","0","0","0","0","0","0","0","","","","","Ind_C_571_S01_R","C571_S01R","Temp_Battle_Se_Effect_011","1","","","BattleEndCameraPreset1"
"Mon_571_S01_R_Lv3","","","Str_Char_571_S01_R_Name","","Monster","M","Red","1","Mage","Back","","","","Skill_C_571_01_R","None","GradeUp_Mage","SkillLvUp_Red","","5000","1","1.9","0.5","1.4","1","1","50","5000","100","Magical","0","0","20","1","360","29","30","2","3600","360","500","0","5000","0","0","0","0","0","0","0","","","","","Ind_C_571_S01_R","C571_S01R","Temp_Battle_Se_Effect_011","1","","","BattleEndCameraPreset1"
"Mon_571_S01_R_Lv4","","","Str_Char_571_S01_R_Name","","Monster","M","Red","1","Mage","Back","","","","Skill_C_571_01_R","None","GradeUp_Mage","SkillLvUp_Red","","5000","1","1.9","0.5","1.4","1","1","50","5000","100","Magical","0","0","20","1","420","34","30","2","3900","390","500","0","5000","0","0","0","0","0","0","0","","","","","Ind_C_571_S01_R","C571_S01R","Temp_Battle_Se_Effect_011","1","","","BattleEndCameraPreset1"
"Mon_571_S01_R_Lv5","","","Str_Char_571_S01_R_Name","","Monster","M","Red","1","Mage","Back","","","","Skill_C_571_01_R","None","GradeUp_Mage","SkillLvUp_Red","","5000","1","1.9","0.5","1.4","1","1","50","5000","100","Magical","0","0","20","1","510","41","30","2","4500","450","500","0","5000","0","0","0","0","0","0","0","","","","","Ind_C_571_S01_R","C571_S01R","Temp_Battle_Se_Effect_011","1","","","BattleEndCameraPreset1"
"Mon_571_S01_R_Lv6","","","Str_Char_571_S01_R_Name","","Monster","M","Red","1","Mage","Back","","","","Skill_C_571_01_R","None","GradeUp_Mage","SkillLvUp_Red","","5000","1","1.9","0.5","1.4","1","1","50","5000","100","Magical","0","0","20","1","600","48","30","2","5400","540","500","0","5000","0","0","0","0","0","0","0","","","","","Ind_C_571_S01_R","C571_S01R","Temp_Battle_Se_Effect_011","1","","","BattleEndCameraPreset1"
"Mon_571_S01_R_Lv7","","","Str_Char_571_S01_R_Name","","Monster","M","Red","1","Mage","Back","","","","Skill_C_571_01_R","None","GradeUp_Mage","SkillLvUp_Red","","5000","1","1.9","0.5","1.4","1","1","50","5000","100","Magical","0","0","20","1","750","60","30","2","6000","600","500","0","5000","0","0","0","0","0","0","0","","","","","Ind_C_571_S01_R","C571_S01R","Temp_Battle_Se_Effect_011","1","","","BattleEndCameraPreset1"
"Mon_571_S01_R_Lv8","","","Str_Char_571_S01_R_Name","","Monster","M","Red","1","Mage","Back","","","","Skill_C_571_01_R","None","GradeUp_Mage","SkillLvUp_Red","","5000","1","1.9","0.5","1.4","1","1","50","5000","100","Magical","0","0","40","1","900","75","60","2","8100","810","500","0","5000","0","0","0","0","0","0","0","","","","","Ind_C_571_S01_R","C571_S01R","Temp_Battle_Se_Effect_011","1","","","BattleEndCameraPreset1"
"Mon_572_S01_R_Lv1","","","Str_Char_572_S01_R_Name","","Monster","M","Red","1","Cleric","Back","","","","Skill_C_572_01_R","None","GradeUp_Cleric","SkillLvUp_Red","","5000","1","1.9","0.5","1.4","1","1","50","5000","100","Magical","0","0","30","2","160","13","30","2","3200","320","500","0","5000","0","0","0","0","0","0","0","","","","","Ind_C_572_S01_R","C572_S01R","Temp_Battle_Se_Effect_011","1","","","BattleEndCameraPreset1"
"Mon_572_S01_R_Lv2","","","Str_Char_572_S01_R_Name","","Monster","M","Red","1","Cleric","Back","","","","Skill_C_572_01_R","None","GradeUp_Cleric","SkillLvUp_Red","","5000","1","1.9","0.5","1.4","1","1","50","5000","100","Magical","0","0","30","2","200","16","30","2","3520","352","500","0","5000","0","0","0","0","0","0","0","","","","","Ind_C_572_S01_R","C572_S01R","Temp_Battle_Se_Effect_011","1","","","BattleEndCameraPreset1"
"Mon_572_S01_R_Lv3","","","Str_Char_572_S01_R_Name","","Monster","M","Red","1","Cleric","Back","","","","Skill_C_572_01_R","None","GradeUp_Cleric","SkillLvUp_Red","","5000","1","1.9","0.5","1.4","1","1","50","5000","100","Magical","0","0","30","2","240","19","30","2","3840","384","500","0","5000","0","0","0","0","0","0","0","","","","","Ind_C_572_S01_R","C572_S01R","Temp_Battle_Se_Effect_011","1","","","BattleEndCameraPreset1"
"Mon_572_S01_R_Lv4","","","Str_Char_572_S01_R_Name","","Monster","M","Red","1","Cleric","Back","","","","Skill_C_572_01_R","None","GradeUp_Cleric","SkillLvUp_Red","","5000","1","1.9","0.5","1.4","1","1","50","5000","100","Magical","0","0","30","2","280","22","30","2","4160","416","500","0","5000","0","0","0","0","0","0","0","","","","","Ind_C_572_S01_R","C572_S01R","Temp_Battle_Se_Effect_011","1","","","BattleEndCameraPreset1"
"Mon_572_S01_R_Lv5","","","Str_Char_572_S01_R_Name","","Monster","M","Red","1","Cleric","Back","","","","Skill_C_572_01_R","None","GradeUp_Cleric","SkillLvUp_Red","","5000","1","1.9","0.5","1.4","1","1","50","5000","100","Magical","0","0","30","2","340","27","30","2","4800","480","500","0","5000","0","0","0","0","0","0","0","","","","","Ind_C_572_S01_R","C572_S01R","Temp_Battle_Se_Effect_011","1","","","BattleEndCameraPreset1"
"Mon_572_S01_R_Lv6","","","Str_Char_572_S01_R_Name","","Monster","M","Red","1","Cleric","Back","","","","Skill_C_572_01_R","None","GradeUp_Cleric","SkillLvUp_Red","","5000","1","1.9","0.5","1.4","1","1","50","5000","100","Magical","0","0","30","2","400","32","30","2","5760","576","500","0","5000","0","0","0","0","0","0","0","","","","","Ind_C_572_S01_R","C572_S01R","Temp_Battle_Se_Effect_011","1","","","BattleEndCameraPreset1"
"Mon_572_S01_R_Lv7","","","Str_Char_572_S01_R_Name","","Monster","M","Red","1","Cleric","Back","","","","Skill_C_572_01_R","None","GradeUp_Cleric","SkillLvUp_Red","","5000","1","1.9","0.5","1.4","1","1","50","5000","100","Magical","0","0","30","2","500","40","30","2","6400","640","500","0","5000","0","0","0","0","0","0","0","","","","","Ind_C_572_S01_R","C572_S01R","Temp_Battle_Se_Effect_011","1","","","BattleEndCameraPreset1"
"Mon_572_S01_R_Lv8","","","Str_Char_572_S01_R_Name","","Monster","M","Red","1","Cleric","Back","","","","Skill_C_572_01_R","None","GradeUp_Cleric","SkillLvUp_Red","","5000","1","1.9","0.5","1.4","1","1","50","5000","100","Magical","0","0","60","2","600","50","60","2","8000","800","500","0","5000","0","0","0","0","0","0","0","","","","","Ind_C_572_S01_R","C572_S01R","Temp_Battle_Se_Effect_011","1","","","BattleEndCameraPreset1"
"Mon_573_S01_R_Lv1","","Str_Char_573_S01_R_Title","Str_Char_573_S01_R_Name","Str_Char_573_S01_R_Desc","Monster","M","Red","3","Ranger","Middle","","","","Skill_C_573_01_R","None","GradeUp_Ranger","SkillLvUp_Red","","5000","1","1.9","0.5","1.4","1","3","129","4660","164","Physical","300","24","240","12","0","0","100","5","6400","640","500","0","5000","0","2500","0","0","0","0","0","","","","","Ind_C_573_S01_R","C573_S01R","Temp_Battle_Se_Effect_011","1","","","BattleEndCameraPreset1"
"Mon_573_S01_R_Lv2","","Str_Char_573_S01_R_Title","Str_Char_573_S01_R_Name","Str_Char_573_S01_R_Desc","Monster","M","Red","3","Ranger","Middle","","","","Skill_C_573_01_R","None","GradeUp_Ranger","SkillLvUp_Red","","5000","1","1.9","0.5","1.4","1","3","129","4660","164","Physical","375","30","240","12","0","0","100","5","7040","704","500","0","5000","0","2500","0","0","0","0","0","","","","","Ind_C_573_S01_R","C573_S01R","Temp_Battle_Se_Effect_011","1","","","BattleEndCameraPreset1"
"Mon_573_S01_R_Lv3","","Str_Char_573_S01_R_Title","Str_Char_573_S01_R_Name","Str_Char_573_S01_R_Desc","Monster","M","Red","3","Ranger","Middle","","","","Skill_C_573_01_R","None","GradeUp_Ranger","SkillLvUp_Red","","5000","1","1.9","0.5","1.4","1","3","129","4660","164","Physical","450","36","240","12","0","0","100","5","7680","768","500","0","5000","0","2500","0","0","0","0","0","","","","","Ind_C_573_S01_R","C573_S01R","Temp_Battle_Se_Effect_011","1","","","BattleEndCameraPreset1"
"Mon_573_S01_R_Lv4","","Str_Char_573_S01_R_Title","Str_Char_573_S01_R_Name","Str_Char_573_S01_R_Desc","Monster","M","Red","3","Ranger","Middle","","","","Skill_C_573_01_R","None","GradeUp_Ranger","SkillLvUp_Red","","5000","1","1.9","0.5","1.4","1","3","129","4660","164","Physical","525","42","240","12","0","0","100","5","8320","832","500","0","5000","0","2500","0","0","0","0","0","","","","","Ind_C_573_S01_R","C573_S01R","Temp_Battle_Se_Effect_011","1","","","BattleEndCameraPreset1"
"Mon_573_S01_R_Lv5","","Str_Char_573_S01_R_Title","Str_Char_573_S01_R_Name","Str_Char_573_S01_R_Desc","Monster","M","Red","3","Ranger","Middle","","","","Skill_C_573_01_R","None","GradeUp_Ranger","SkillLvUp_Red","","5000","1","1.9","0.5","1.4","1","3","129","4660","164","Physical","638","51","240","12","0","0","100","5","9600","960","500","0","5000","0","2500","0","0","0","0","0","","","","","Ind_C_573_S01_R","C573_S01R","Temp_Battle_Se_Effect_011","1","","","BattleEndCameraPreset1"
"Mon_573_S01_R_Lv6","","Str_Char_573_S01_R_Title","Str_Char_573_S01_R_Name","Str_Char_573_S01_R_Desc","Monster","M","Red","3","Ranger","Middle","","","","Skill_C_573_01_R","None","GradeUp_Ranger","SkillLvUp_Red","","5000","1","1.9","0.5","1.4","1","3","129","4660","164","Physical","750","60","240","12","0","0","100","5","11520","1152","500","0","5000","0","2500","0","0","0","0","0","","","","","Ind_C_573_S01_R","C573_S01R","Temp_Battle_Se_Effect_011","1","","","BattleEndCameraPreset1"
"Mon_573_S01_R_Lv7","","Str_Char_573_S01_R_Title","Str_Char_573_S01_R_Name","Str_Char_573_S01_R_Desc","Monster","M","Red","3","Ranger","Middle","","","","Skill_C_573_01_R","None","GradeUp_Ranger","SkillLvUp_Red","","5000","1","1.9","0.5","1.4","1","3","129","4660","164","Physical","938","75","240","12","0","0","100","5","12800","1280","500","0","5000","0","2500","0","0","0","0","0","","","","","Ind_C_573_S01_R","C573_S01R","Temp_Battle_Se_Effect_011","1","","","BattleEndCameraPreset1"
"Mon_573_S01_R_Lv8","","Str_Char_573_S01_R_Title","Str_Char_573_S01_R_Name","Str_Char_573_S01_R_Desc","Monster","M","Red","3","Ranger","Middle","","","","Skill_C_573_01_R","None","GradeUp_Ranger","SkillLvUp_Red","","5000","1","1.9","0.5","1.4","1","3","129","4660","164","Physical","1440","108","480","12","0","0","200","5","31360","3136","500","0","5000","0","2500","0","0","0","0","0","","","","","Ind_C_573_S01_R","C573_S01R","Temp_Battle_Se_Effect_011","1","","","BattleEndCameraPreset1"
"Mon_574_S01_B_Lv1","","","Str_Char_574_S01_B_Name","","Monster","M","Blue","1","Guardian","Front","","","","Skill_C_574_01_B","None","GradeUp_Guardian","SkillLvUp_Blue","","5000","1","1.9","0.5","1.4","1","1","50","5000","100","Physical","120","10","400","20","0","0","150","8","4000","400","500","0","5000","0","0","0","0","0","0","0","","","","","Ind_C_574_S01_B","C574_S01B","Temp_Battle_Se_Effect_011","1","","","BattleEndCameraPreset1"
"Mon_574_S01_B_Lv2","","","Str_Char_574_S01_B_Name","","Monster","M","Blue","1","Guardian","Front","","","","Skill_C_574_01_B","None","GradeUp_Guardian","SkillLvUp_Blue","","5000","1","1.9","0.5","1.4","1","1","50","5000","100","Physical","150","12","400","20","0","0","150","8","4400","440","500","0","5000","0","0","0","0","0","0","0","","","","","Ind_C_574_S01_B","C574_S01B","Temp_Battle_Se_Effect_011","1","","","BattleEndCameraPreset1"
"Mon_574_S01_B_Lv3","","","Str_Char_574_S01_B_Name","","Monster","M","Blue","1","Guardian","Front","","","","Skill_C_574_01_B","None","GradeUp_Guardian","SkillLvUp_Blue","","5000","1","1.9","0.5","1.4","1","1","50","5000","100","Physical","180","14","400","20","0","0","150","8","4800","480","500","0","5000","0","0","0","0","0","0","0","","","","","Ind_C_574_S01_B","C574_S01B","Temp_Battle_Se_Effect_011","1","","","BattleEndCameraPreset1"
"Mon_574_S01_B_Lv4","","","Str_Char_574_S01_B_Name","","Monster","M","Blue","1","Guardian","Front","","","","Skill_C_574_01_B","None","GradeUp_Guardian","SkillLvUp_Blue","","5000","1","1.9","0.5","1.4","1","1","50","5000","100","Physical","210","17","400","20","0","0","150","8","5200","520","500","0","5000","0","0","0","0","0","0","0","","","","","Ind_C_574_S01_B","C574_S01B","Temp_Battle_Se_Effect_011","1","","","BattleEndCameraPreset1"
"Mon_574_S01_B_Lv5","","","Str_Char_574_S01_B_Name","","Monster","M","Blue","1","Guardian","Front","","","","Skill_C_574_01_B","None","GradeUp_Guardian","SkillLvUp_Blue","","5000","1","1.9","0.5","1.4","1","1","50","5000","100","Physical","255","20","400","20","0","0","150","8","6000","600","500","0","5000","0","0","0","0","0","0","0","","","","","Ind_C_574_S01_B","C574_S01B","Temp_Battle_Se_Effect_011","1","","","BattleEndCameraPreset1"
"Mon_574_S01_B_Lv6","","","Str_Char_574_S01_B_Name","","Monster","M","Blue","1","Guardian","Front","","","","Skill_C_574_01_B","None","GradeUp_Guardian","SkillLvUp_Blue","","5000","1","1.9","0.5","1.4","1","1","50","5000","100","Physical","300","24","400","20","0","0","150","8","7200","720","500","0","5000","0","0","0","0","0","0","0","","","","","Ind_C_574_S01_B","C574_S01B","Temp_Battle_Se_Effect_011","1","","","BattleEndCameraPreset1"
"Mon_574_S01_B_Lv7","","","Str_Char_574_S01_B_Name","","Monster","M","Blue","1","Guardian","Front","","","","Skill_C_574_01_B","None","GradeUp_Guardian","SkillLvUp_Blue","","5000","1","1.9","0.5","1.4","1","1","50","5000","100","Physical","375","30","400","20","0","0","150","8","8000","800","500","0","5000","0","0","0","0","0","0","0","","","","","Ind_C_574_S01_B","C574_S01B","Temp_Battle_Se_Effect_011","1","","","BattleEndCameraPreset1"
"Mon_574_S01_B_Lv8","","","Str_Char_574_S01_B_Name","","Monster","M","Blue","1","Guardian","Front","","","","Skill_C_574_01_B","None","GradeUp_Guardian","SkillLvUp_Blue","","5000","1","1.9","0.5","1.4","1","1","50","5000","100","Physical","450","40","800","20","0","0","300","8","10800","1080","500","0","5000","0","0","0","0","0","0","0","","","","","Ind_C_574_S01_B","C574_S01B","Temp_Battle_Se_Effect_011","1","","","BattleEndCameraPreset1"
"Mon_575_S01_B_Lv1","","","Str_Char_575_S01_B_Name","","Monster","M","Blue","1","Knight","Front","","","","Skill_C_575_01_B","None","GradeUp_Knight","SkillLvUp_Blue","","5000","1","1.9","0.5","1.4","1","1","50","5000","100","Magical","0","0","150","8","120","10","400","20","4000","400","500","0","5000","0","0","0","0","0","0","0","","","","","Ind_C_575_S01_B","C575_S01B","Temp_Battle_Se_Effect_011","1","","","BattleEndCameraPreset1"
"Mon_575_S01_B_Lv2","","","Str_Char_575_S01_B_Name","","Monster","M","Blue","1","Knight","Front","","","","Skill_C_575_01_B","None","GradeUp_Knight","SkillLvUp_Blue","","5000","1","1.9","0.5","1.4","1","1","50","5000","100","Magical","0","0","150","8","150","12","400","20","4400","440","500","0","5000","0","0","0","0","0","0","0","","","","","Ind_C_575_S01_B","C575_S01B","Temp_Battle_Se_Effect_011","1","","","BattleEndCameraPreset1"
"Mon_575_S01_B_Lv3","","","Str_Char_575_S01_B_Name","","Monster","M","Blue","1","Knight","Front","","","","Skill_C_575_01_B","None","GradeUp_Knight","SkillLvUp_Blue","","5000","1","1.9","0.5","1.4","1","1","50","5000","100","Magical","0","0","150","8","180","14","400","20","4800","480","500","0","5000","0","0","0","0","0","0","0","","","","","Ind_C_575_S01_B","C575_S01B","Temp_Battle_Se_Effect_011","1","","","BattleEndCameraPreset1"
"Mon_575_S01_B_Lv4","","","Str_Char_575_S01_B_Name","","Monster","M","Blue","1","Knight","Front","","","","Skill_C_575_01_B","None","GradeUp_Knight","SkillLvUp_Blue","","5000","1","1.9","0.5","1.4","1","1","50","5000","100","Magical","0","0","150","8","210","17","400","20","5200","520","500","0","5000","0","0","0","0","0","0","0","","","","","Ind_C_575_S01_B","C575_S01B","Temp_Battle_Se_Effect_011","1","","","BattleEndCameraPreset1"
"Mon_575_S01_B_Lv5","","","Str_Char_575_S01_B_Name","","Monster","M","Blue","1","Knight","Front","","","","Skill_C_575_01_B","None","GradeUp_Knight","SkillLvUp_Blue","","5000","1","1.9","0.5","1.4","1","1","50","5000","100","Magical","0","0","150","8","255","20","400","20","6000","600","500","0","5000","0","0","0","0","0","0","0","","","","","Ind_C_575_S01_B","C575_S01B","Temp_Battle_Se_Effect_011","1","","","BattleEndCameraPreset1"
"Mon_575_S01_B_Lv6","","","Str_Char_575_S01_B_Name","","Monster","M","Blue","1","Knight","Front","","","","Skill_C_575_01_B","None","GradeUp_Knight","SkillLvUp_Blue","","5000","1","1.9","0.5","1.4","1","1","50","5000","100","Magical","0","0","150","8","300","24","400","20","7200","720","500","0","5000","0","0","0","0","0","0","0","","","","","Ind_C_575_S01_B","C575_S01B","Temp_Battle_Se_Effect_011","1","","","BattleEndCameraPreset1"
"Mon_575_S01_B_Lv7","","","Str_Char_575_S01_B_Name","","Monster","M","Blue","1","Knight","Front","","","","Skill_C_575_01_B","None","GradeUp_Knight","SkillLvUp_Blue","","5000","1","1.9","0.5","1.4","1","1","50","5000","100","Magical","0","0","150","8","375","30","400","20","8000","800","500","0","5000","0","0","0","0","0","0","0","","","","","Ind_C_575_S01_B","C575_S01B","Temp_Battle_Se_Effect_011","1","","","BattleEndCameraPreset1"
"Mon_575_S01_B_Lv8","","","Str_Char_575_S01_B_Name","","Monster","M","Blue","1","Knight","Front","","","","Skill_C_575_01_B","None","GradeUp_Knight","SkillLvUp_Blue","","5000","1","1.9","0.5","1.4","1","1","50","5000","100","Magical","0","0","300","8","450","40","800","20","10800","1080","500","0","5000","0","0","0","0","0","0","0","","","","","Ind_C_575_S01_B","C575_S01B","Temp_Battle_Se_Effect_011","1","","","BattleEndCameraPreset1"
"Mon_576_S01_B_Lv1","","","Str_Char_576_S01_B_Name","","Monster","M","Blue","1","Ranger","Middle","","","","Skill_C_576_01_B","None","GradeUp_Ranger","SkillLvUp_Blue","","5000","1","1.9","0.5","1.4","1","1","50","5000","100","Physical","200","16","120","6","0","0","50","3","3200","320","500","0","5000","0","0","0","0","0","0","0","","","","","Ind_C_576_S01_B","C576_S01B","Temp_Battle_Se_Effect_011","1","","","BattleEndCameraPreset1"
"Mon_576_S01_B_Lv2","","","Str_Char_576_S01_B_Name","","Monster","M","Blue","1","Ranger","Middle","","","","Skill_C_576_01_B","None","GradeUp_Ranger","SkillLvUp_Blue","","5000","1","1.9","0.5","1.4","1","1","50","5000","100","Physical","250","20","120","6","0","0","50","3","3520","352","500","0","5000","0","0","0","0","0","0","0","","","","","Ind_C_576_S01_B","C576_S01B","Temp_Battle_Se_Effect_011","1","","","BattleEndCameraPreset1"
"Mon_576_S01_B_Lv3","","","Str_Char_576_S01_B_Name","","Monster","M","Blue","1","Ranger","Middle","","","","Skill_C_576_01_B","None","GradeUp_Ranger","SkillLvUp_Blue","","5000","1","1.9","0.5","1.4","1","1","50","5000","100","Physical","300","24","120","6","0","0","50","3","3840","384","500","0","5000","0","0","0","0","0","0","0","","","","","Ind_C_576_S01_B","C576_S01B","Temp_Battle_Se_Effect_011","1","","","BattleEndCameraPreset1"
"Mon_576_S01_B_Lv4","","","Str_Char_576_S01_B_Name","","Monster","M","Blue","1","Ranger","Middle","","","","Skill_C_576_01_B","None","GradeUp_Ranger","SkillLvUp_Blue","","5000","1","1.9","0.5","1.4","1","1","50","5000","100","Physical","350","28","120","6","0","0","50","3","4160","416","500","0","5000","0","0","0","0","0","0","0","","","","","Ind_C_576_S01_B","C576_S01B","Temp_Battle_Se_Effect_011","1","","","BattleEndCameraPreset1"
"Mon_576_S01_B_Lv5","","","Str_Char_576_S01_B_Name","","Monster","M","Blue","1","Ranger","Middle","","","","Skill_C_576_01_B","None","GradeUp_Ranger","SkillLvUp_Blue","","5000","1","1.9","0.5","1.4","1","1","50","5000","100","Physical","425","34","120","6","0","0","50","3","4800","480","500","0","5000","0","0","0","0","0","0","0","","","","","Ind_C_576_S01_B","C576_S01B","Temp_Battle_Se_Effect_011","1","","","BattleEndCameraPreset1"
"Mon_576_S01_B_Lv6","","","Str_Char_576_S01_B_Name","","Monster","M","Blue","1","Ranger","Middle","","","","Skill_C_576_01_B","None","GradeUp_Ranger","SkillLvUp_Blue","","5000","1","1.9","0.5","1.4","1","1","50","5000","100","Physical","500","40","120","6","0","0","50","3","5760","576","500","0","5000","0","0","0","0","0","0","0","","","","","Ind_C_576_S01_B","C576_S01B","Temp_Battle_Se_Effect_011","1","","","BattleEndCameraPreset1"
"Mon_576_S01_B_Lv7","","","Str_Char_576_S01_B_Name","","Monster","M","Blue","1","Ranger","Middle","","","","Skill_C_576_01_B","None","GradeUp_Ranger","SkillLvUp_Blue","","5000","1","1.9","0.5","1.4","1","1","50","5000","100","Physical","625","50","120","6","0","0","50","3","6400","640","500","0","5000","0","0","0","0","0","0","0","","","","","Ind_C_576_S01_B","C576_S01B","Temp_Battle_Se_Effect_011","1","","","BattleEndCameraPreset1"
"Mon_576_S01_B_Lv8","","","Str_Char_576_S01_B_Name","","Monster","M","Blue","1","Ranger","Middle","","","","Skill_C_576_01_B","None","GradeUp_Ranger","SkillLvUp_Blue","","5000","1","1.9","0.5","1.4","1","1","50","5000","100","Physical","700","62","240","6","0","0","100","3","8640","864","500","0","5000","0","0","0","0","0","0","0","","","","","Ind_C_576_S01_B","C576_S01B","Temp_Battle_Se_Effect_011","1","","","BattleEndCameraPreset1"
"Mon_577_S01_B_Lv1","","","Str_Char_577_S01_B_Name","","Monster","M","Blue","1","Sorcerer","Middle","","","","Skill_C_577_01_B","None","GradeUp_Sorcerer","SkillLvUp_Blue","","5000","1","1.9","0.5","1.4","1","1","50","5000","100","Magical","0","0","50","3","200","16","120","6","3200","320","500","0","5000","0","0","0","0","0","0","0","","","","","Ind_C_577_S01_B","C577_S01B","Temp_Battle_Se_Effect_011","1","","","BattleEndCameraPreset1"
"Mon_577_S01_B_Lv2","","","Str_Char_577_S01_B_Name","","Monster","M","Blue","1","Sorcerer","Middle","","","","Skill_C_577_01_B","None","GradeUp_Sorcerer","SkillLvUp_Blue","","5000","1","1.9","0.5","1.4","1","1","50","5000","100","Magical","0","0","50","3","250","20","120","6","3520","352","500","0","5000","0","0","0","0","0","0","0","","","","","Ind_C_577_S01_B","C577_S01B","Temp_Battle_Se_Effect_011","1","","","BattleEndCameraPreset1"
"Mon_577_S01_B_Lv3","","","Str_Char_577_S01_B_Name","","Monster","M","Blue","1","Sorcerer","Middle","","","","Skill_C_577_01_B","None","GradeUp_Sorcerer","SkillLvUp_Blue","","5000","1","1.9","0.5","1.4","1","1","50","5000","100","Magical","0","0","50","3","300","24","120","6","3840","384","500","0","5000","0","0","0","0","0","0","0","","","","","Ind_C_577_S01_B","C577_S01B","Temp_Battle_Se_Effect_011","1","","","BattleEndCameraPreset1"
"Mon_577_S01_B_Lv4","","","Str_Char_577_S01_B_Name","","Monster","M","Blue","1","Sorcerer","Middle","","","","Skill_C_577_01_B","None","GradeUp_Sorcerer","SkillLvUp_Blue","","5000","1","1.9","0.5","1.4","1","1","50","5000","100","Magical","0","0","50","3","350","28","120","6","4160","416","500","0","5000","0","0","0","0","0","0","0","","","","","Ind_C_577_S01_B","C577_S01B","Temp_Battle_Se_Effect_011","1","","","BattleEndCameraPreset1"
"Mon_577_S01_B_Lv5","","","Str_Char_577_S01_B_Name","","Monster","M","Blue","1","Sorcerer","Middle","","","","Skill_C_577_01_B","None","GradeUp_Sorcerer","SkillLvUp_Blue","","5000","1","1.9","0.5","1.4","1","1","50","5000","100","Magical","0","0","50","3","425","34","120","6","4800","480","500","0","5000","0","0","0","0","0","0","0","","","","","Ind_C_577_S01_B","C577_S01B","Temp_Battle_Se_Effect_011","1","","","BattleEndCameraPreset1"
"Mon_577_S01_B_Lv6","","","Str_Char_577_S01_B_Name","","Monster","M","Blue","1","Sorcerer","Middle","","","","Skill_C_577_01_B","None","GradeUp_Sorcerer","SkillLvUp_Blue","","5000","1","1.9","0.5","1.4","1","1","50","5000","100","Magical","0","0","50","3","500","40","120","6","5760","576","500","0","5000","0","0","0","0","0","0","0","","","","","Ind_C_577_S01_B","C577_S01B","Temp_Battle_Se_Effect_011","1","","","BattleEndCameraPreset1"
"Mon_577_S01_B_Lv7","","","Str_Char_577_S01_B_Name","","Monster","M","Blue","1","Sorcerer","Middle","","","","Skill_C_577_01_B","None","GradeUp_Sorcerer","SkillLvUp_Blue","","5000","1","1.9","0.5","1.4","1","1","50","5000","100","Magical","0","0","50","3","625","50","120","6","6400","640","500","0","5000","0","0","0","0","0","0","0","","","","","Ind_C_577_S01_B","C577_S01B","Temp_Battle_Se_Effect_011","1","","","BattleEndCameraPreset1"
"Mon_577_S01_B_Lv8","","","Str_Char_577_S01_B_Name","","Monster","M","Blue","1","Sorcerer","Middle","","","","Skill_C_577_01_B","None","GradeUp_Sorcerer","SkillLvUp_Blue","","5000","1","1.9","0.5","1.4","1","1","50","5000","100","Magical","0","0","100","3","800","80","240","6","8640","864","500","0","5000","0","0","0","0","0","0","0","","","","","Ind_C_577_S01_B","C577_S01B","Temp_Battle_Se_Effect_011","1","","","BattleEndCameraPreset1"
"Mon_578_S01_B_Lv1","","","Str_Char_578_S01_B_Name","","Monster","M","Blue","1","Mage","Back","","","","Skill_C_578_01_B","None","GradeUp_Mage","SkillLvUp_Blue","","5000","1","1.9","0.5","1.4","1","1","50","5000","100","Magical","0","0","20","1","240","19","30","2","3000","300","500","0","5000","0","0","0","0","0","0","0","","","","","Ind_C_578_S01_B","C578_S01B","Temp_Battle_Se_Effect_011","1","","","BattleEndCameraPreset1"
"Mon_578_S01_B_Lv2","","","Str_Char_578_S01_B_Name","","Monster","M","Blue","1","Mage","Back","","","","Skill_C_578_01_B","None","GradeUp_Mage","SkillLvUp_Blue","","5000","1","1.9","0.5","1.4","1","1","50","5000","100","Magical","0","0","20","1","300","24","30","2","3300","330","500","0","5000","0","0","0","0","0","0","0","","","","","Ind_C_578_S01_B","C578_S01B","Temp_Battle_Se_Effect_011","1","","","BattleEndCameraPreset1"
"Mon_578_S01_B_Lv3","","","Str_Char_578_S01_B_Name","","Monster","M","Blue","1","Mage","Back","","","","Skill_C_578_01_B","None","GradeUp_Mage","SkillLvUp_Blue","","5000","1","1.9","0.5","1.4","1","1","50","5000","100","Magical","0","0","20","1","360","29","30","2","3600","360","500","0","5000","0","0","0","0","0","0","0","","","","","Ind_C_578_S01_B","C578_S01B","Temp_Battle_Se_Effect_011","1","","","BattleEndCameraPreset1"
"Mon_578_S01_B_Lv4","","","Str_Char_578_S01_B_Name","","Monster","M","Blue","1","Mage","Back","","","","Skill_C_578_01_B","None","GradeUp_Mage","SkillLvUp_Blue","","5000","1","1.9","0.5","1.4","1","1","50","5000","100","Magical","0","0","20","1","420","34","30","2","3900","390","500","0","5000","0","0","0","0","0","0","0","","","","","Ind_C_578_S01_B","C578_S01B","Temp_Battle_Se_Effect_011","1","","","BattleEndCameraPreset1"
"Mon_578_S01_B_Lv5","","","Str_Char_578_S01_B_Name","","Monster","M","Blue","1","Mage","Back","","","","Skill_C_578_01_B","None","GradeUp_Mage","SkillLvUp_Blue","","5000","1","1.9","0.5","1.4","1","1","50","5000","100","Magical","0","0","20","1","510","41","30","2","4500","450","500","0","5000","0","0","0","0","0","0","0","","","","","Ind_C_578_S01_B","C578_S01B","Temp_Battle_Se_Effect_011","1","","","BattleEndCameraPreset1"
"Mon_578_S01_B_Lv6","","","Str_Char_578_S01_B_Name","","Monster","M","Blue","1","Mage","Back","","","","Skill_C_578_01_B","None","GradeUp_Mage","SkillLvUp_Blue","","5000","1","1.9","0.5","1.4","1","1","50","5000","100","Magical","0","0","20","1","600","48","30","2","5400","540","500","0","5000","0","0","0","0","0","0","0","","","","","Ind_C_578_S01_B","C578_S01B","Temp_Battle_Se_Effect_011","1","","","BattleEndCameraPreset1"
"Mon_578_S01_B_Lv7","","","Str_Char_578_S01_B_Name","","Monster","M","Blue","1","Mage","Back","","","","Skill_C_578_01_B","None","GradeUp_Mage","SkillLvUp_Blue","","5000","1","1.9","0.5","1.4","1","1","50","5000","100","Magical","0","0","20","1","750","60","30","2","6000","600","500","0","5000","0","0","0","0","0","0","0","","","","","Ind_C_578_S01_B","C578_S01B","Temp_Battle_Se_Effect_011","1","","","BattleEndCameraPreset1"
"Mon_578_S01_B_Lv8","","","Str_Char_578_S01_B_Name","","Monster","M","Blue","1","Mage","Back","","","","Skill_C_578_01_B","None","GradeUp_Mage","SkillLvUp_Blue","","5000","1","1.9","0.5","1.4","1","1","50","5000","100","Magical","0","0","40","1","900","75","60","2","8100","810","500","0","5000","0","0","0","0","0","0","0","","","","","Ind_C_578_S01_B","C578_S01B","Temp_Battle_Se_Effect_011","1","","","BattleEndCameraPreset1"
"Mon_579_S01_B_Lv1","","","Str_Char_579_S01_B_Name","","Monster","M","Blue","1","Cleric","Back","","","","Skill_C_579_01_B","None","GradeUp_Cleric","SkillLvUp_Blue","","5000","1","1.9","0.5","1.4","1","1","50","5000","100","Magical","0","0","30","2","160","13","30","2","3200","320","500","0","5000","0","0","0","0","0","0","0","","","","","Ind_C_579_S01_B","C579_S01B","Temp_Battle_Se_Effect_011","1","","","BattleEndCameraPreset1"
"Mon_579_S01_B_Lv2","","","Str_Char_579_S01_B_Name","","Monster","M","Blue","1","Cleric","Back","","","","Skill_C_579_01_B","None","GradeUp_Cleric","SkillLvUp_Blue","","5000","1","1.9","0.5","1.4","1","1","50","5000","100","Magical","0","0","30","2","200","16","30","2","3520","352","500","0","5000","0","0","0","0","0","0","0","","","","","Ind_C_579_S01_B","C579_S01B","Temp_Battle_Se_Effect_011","1","","","BattleEndCameraPreset1"
"Mon_579_S01_B_Lv3","","","Str_Char_579_S01_B_Name","","Monster","M","Blue","1","Cleric","Back","","","","Skill_C_579_01_B","None","GradeUp_Cleric","SkillLvUp_Blue","","5000","1","1.9","0.5","1.4","1","1","50","5000","100","Magical","0","0","30","2","240","19","30","2","3840","384","500","0","5000","0","0","0","0","0","0","0","","","","","Ind_C_579_S01_B","C579_S01B","Temp_Battle_Se_Effect_011","1","","","BattleEndCameraPreset1"
"Mon_579_S01_B_Lv4","","","Str_Char_579_S01_B_Name","","Monster","M","Blue","1","Cleric","Back","","","","Skill_C_579_01_B","None","GradeUp_Cleric","SkillLvUp_Blue","","5000","1","1.9","0.5","1.4","1","1","50","5000","100","Magical","0","0","30","2","280","22","30","2","4160","416","500","0","5000","0","0","0","0","0","0","0","","","","","Ind_C_579_S01_B","C579_S01B","Temp_Battle_Se_Effect_011","1","","","BattleEndCameraPreset1"
"Mon_579_S01_B_Lv5","","","Str_Char_579_S01_B_Name","","Monster","M","Blue","1","Cleric","Back","","","","Skill_C_579_01_B","None","GradeUp_Cleric","SkillLvUp_Blue","","5000","1","1.9","0.5","1.4","1","1","50","5000","100","Magical","0","0","30","2","340","27","30","2","4800","480","500","0","5000","0","0","0","0","0","0","0","","","","","Ind_C_579_S01_B","C579_S01B","Temp_Battle_Se_Effect_011","1","","","BattleEndCameraPreset1"
"Mon_579_S01_B_Lv6","","","Str_Char_579_S01_B_Name","","Monster","M","Blue","1","Cleric","Back","","","","Skill_C_579_01_B","None","GradeUp_Cleric","SkillLvUp_Blue","","5000","1","1.9","0.5","1.4","1","1","50","5000","100","Magical","0","0","30","2","400","32","30","2","5760","576","500","0","5000","0","0","0","0","0","0","0","","","","","Ind_C_579_S01_B","C579_S01B","Temp_Battle_Se_Effect_011","1","","","BattleEndCameraPreset1"
"Mon_579_S01_B_Lv7","","","Str_Char_579_S01_B_Name","","Monster","M","Blue","1","Cleric","Back","","","","Skill_C_579_01_B","None","GradeUp_Cleric","SkillLvUp_Blue","","5000","1","1.9","0.5","1.4","1","1","50","5000","100","Magical","0","0","30","2","500","40","30","2","6400","640","500","0","5000","0","0","0","0","0","0","0","","","","","Ind_C_579_S01_B","C579_S01B","Temp_Battle_Se_Effect_011","1","","","BattleEndCameraPreset1"
"Mon_579_S01_B_Lv8","","","Str_Char_579_S01_B_Name","","Monster","M","Blue","1","Cleric","Back","","","","Skill_C_579_01_B","None","GradeUp_Cleric","SkillLvUp_Blue","","5000","1","1.9","0.5","1.4","1","1","50","5000","100","Magical","0","0","60","2","600","50","60","2","8000","800","500","0","5000","0","0","0","0","0","0","0","","","","","Ind_C_579_S01_B","C579_S01B","Temp_Battle_Se_Effect_011","1","","","BattleEndCameraPreset1"
"Mon_580_S01_B_Lv1","","Str_Char_580_S01_B_Title","Str_Char_580_S01_B_Name","Str_Char_580_S01_B_Desc","Monster","M","Blue","1","Mage","Back","","","","Skill_C_580_01_B","None","GradeUp_Mage","SkillLvUp_Blue","","5000","1","1.9","0.5","1.4","1","3","120","2000","150","Magical","0","0","40","2","360","29","60","3","6000","600","1500","0","5000","0","0","0","0","0","0","0","","","","","Ind_C_580_S01_B","C580_S01B","Temp_Battle_Se_Effect_011","1","","","BattleEndCameraPreset1"
"Mon_580_S01_B_Lv2","","Str_Char_580_S01_B_Title","Str_Char_580_S01_B_Name","Str_Char_580_S01_B_Desc","Monster","M","Blue","1","Mage","Back","","","","Skill_C_580_01_B","None","GradeUp_Mage","SkillLvUp_Blue","","5000","1","1.9","0.5","1.4","1","3","120","2000","150","Magical","0","0","40","2","450","36","60","3","6600","660","1500","0","5000","0","0","0","0","0","0","0","","","","","Ind_C_580_S01_B","C580_S01B","Temp_Battle_Se_Effect_011","1","","","BattleEndCameraPreset1"
"Mon_580_S01_B_Lv3","","Str_Char_580_S01_B_Title","Str_Char_580_S01_B_Name","Str_Char_580_S01_B_Desc","Monster","M","Blue","1","Mage","Back","","","","Skill_C_580_01_B","None","GradeUp_Mage","SkillLvUp_Blue","","5000","1","1.9","0.5","1.4","1","3","120","2000","150","Magical","0","0","40","2","540","43","60","3","7200","720","1500","0","5000","0","0","0","0","0","0","0","","","","","Ind_C_580_S01_B","C580_S01B","Temp_Battle_Se_Effect_011","1","","","BattleEndCameraPreset1"
"Mon_580_S01_B_Lv4","","Str_Char_580_S01_B_Title","Str_Char_580_S01_B_Name","Str_Char_580_S01_B_Desc","Monster","M","Blue","1","Mage","Back","","","","Skill_C_580_01_B","None","GradeUp_Mage","SkillLvUp_Blue","","5000","1","1.9","0.5","1.4","1","3","120","2000","150","Magical","0","0","40","2","630","50","60","3","7800","780","1500","0","5000","0","0","0","0","0","0","0","","","","","Ind_C_580_S01_B","C580_S01B","Temp_Battle_Se_Effect_011","1","","","BattleEndCameraPreset1"
"Mon_580_S01_B_Lv5","","Str_Char_580_S01_B_Title","Str_Char_580_S01_B_Name","Str_Char_580_S01_B_Desc","Monster","M","Blue","1","Mage","Back","","","","Skill_C_580_01_B","None","GradeUp_Mage","SkillLvUp_Blue","","5000","1","1.9","0.5","1.4","1","3","120","2000","150","Magical","0","0","40","2","765","61","60","3","9000","900","1500","0","5000","0","0","0","0","0","0","0","","","","","Ind_C_580_S01_B","C580_S01B","Temp_Battle_Se_Effect_011","1","","","BattleEndCameraPreset1"
"Mon_580_S01_B_Lv6","","Str_Char_580_S01_B_Title","Str_Char_580_S01_B_Name","Str_Char_580_S01_B_Desc","Monster","M","Blue","1","Mage","Back","","","","Skill_C_580_01_B","None","GradeUp_Mage","SkillLvUp_Blue","","5000","1","1.9","0.5","1.4","1","3","120","2000","150","Magical","0","0","40","2","900","72","60","3","10800","1080","1500","0","5000","0","0","0","0","0","0","0","","","","","Ind_C_580_S01_B","C580_S01B","Temp_Battle_Se_Effect_011","1","","","BattleEndCameraPreset1"
"Mon_580_S01_B_Lv7","","Str_Char_580_S01_B_Title","Str_Char_580_S01_B_Name","Str_Char_580_S01_B_Desc","Monster","M","Blue","1","Mage","Back","","","","Skill_C_580_01_B","None","GradeUp_Mage","SkillLvUp_Blue","","5000","1","1.9","0.5","1.4","1","3","120","2000","150","Magical","0","0","40","2","1125","90","60","3","12000","1200","1500","0","5000","0","0","0","0","0","0","0","","","","","Ind_C_580_S01_B","C580_S01B","Temp_Battle_Se_Effect_011","1","","","BattleEndCameraPreset1"
"Mon_580_S01_B_Lv8","","Str_Char_580_S01_B_Title","Str_Char_580_S01_B_Name","Str_Char_580_S01_B_Desc","Monster","M","Blue","1","Mage","Back","","","","Skill_C_580_01_B","None","GradeUp_Mage","SkillLvUp_Blue","","5000","1","1.9","0.5","1.4","1","3","120","2000","150","Magical","0","0","80","2","1728","140","120","3","29400","2940","1500","0","5000","0","0","0","0","0","0","0","","","","","Ind_C_580_S01_B","C580_S01B","Temp_Battle_Se_Effect_011","1","","","BattleEndCameraPreset1"
"Mon_581_S01_G_Lv1","","","Str_Char_581_S01_G_Name","","Monster","M","Green","1","Guardian","Front","","","","Skill_C_581_01_G","None","GradeUp_Guardian","SkillLvUp_Green","","5000","1","1.9","0.5","1.4","1","1","50","5000","100","Physical","120","10","400","20","0","0","150","8","4000","400","500","0","5000","0","0","0","0","0","0","0","","","","","Ind_C_581_S01_G","C581_S01G","Temp_Battle_Se_Effect_011","1","","","BattleEndCameraPreset1"
"Mon_581_S01_G_Lv2","","","Str_Char_581_S01_G_Name","","Monster","M","Green","1","Guardian","Front","","","","Skill_C_581_01_G","None","GradeUp_Guardian","SkillLvUp_Green","","5000","1","1.9","0.5","1.4","1","1","50","5000","100","Physical","150","12","400","20","0","0","150","8","4400","440","500","0","5000","0","0","0","0","0","0","0","","","","","Ind_C_581_S01_G","C581_S01G","Temp_Battle_Se_Effect_011","1","","","BattleEndCameraPreset1"
"Mon_581_S01_G_Lv3","","","Str_Char_581_S01_G_Name","","Monster","M","Green","1","Guardian","Front","","","","Skill_C_581_01_G","None","GradeUp_Guardian","SkillLvUp_Green","","5000","1","1.9","0.5","1.4","1","1","50","5000","100","Physical","180","14","400","20","0","0","150","8","4800","480","500","0","5000","0","0","0","0","0","0","0","","","","","Ind_C_581_S01_G","C581_S01G","Temp_Battle_Se_Effect_011","1","","","BattleEndCameraPreset1"
"Mon_581_S01_G_Lv4","","","Str_Char_581_S01_G_Name","","Monster","M","Green","1","Guardian","Front","","","","Skill_C_581_01_G","None","GradeUp_Guardian","SkillLvUp_Green","","5000","1","1.9","0.5","1.4","1","1","50","5000","100","Physical","210","17","400","20","0","0","150","8","5200","520","500","0","5000","0","0","0","0","0","0","0","","","","","Ind_C_581_S01_G","C581_S01G","Temp_Battle_Se_Effect_011","1","","","BattleEndCameraPreset1"
"Mon_581_S01_G_Lv5","","","Str_Char_581_S01_G_Name","","Monster","M","Green","1","Guardian","Front","","","","Skill_C_581_01_G","None","GradeUp_Guardian","SkillLvUp_Green","","5000","1","1.9","0.5","1.4","1","1","50","5000","100","Physical","255","20","400","20","0","0","150","8","6000","600","500","0","5000","0","0","0","0","0","0","0","","","","","Ind_C_581_S01_G","C581_S01G","Temp_Battle_Se_Effect_011","1","","","BattleEndCameraPreset1"
"Mon_581_S01_G_Lv6","","","Str_Char_581_S01_G_Name","","Monster","M","Green","1","Guardian","Front","","","","Skill_C_581_01_G","None","GradeUp_Guardian","SkillLvUp_Green","","5000","1","1.9","0.5","1.4","1","1","50","5000","100","Physical","300","24","400","20","0","0","150","8","7200","720","500","0","5000","0","0","0","0","0","0","0","","","","","Ind_C_581_S01_G","C581_S01G","Temp_Battle_Se_Effect_011","1","","","BattleEndCameraPreset1"
"Mon_581_S01_G_Lv7","","","Str_Char_581_S01_G_Name","","Monster","M","Green","1","Guardian","Front","","","","Skill_C_581_01_G","None","GradeUp_Guardian","SkillLvUp_Green","","5000","1","1.9","0.5","1.4","1","1","50","5000","100","Physical","375","30","400","20","0","0","150","8","8000","800","500","0","5000","0","0","0","0","0","0","0","","","","","Ind_C_581_S01_G","C581_S01G","Temp_Battle_Se_Effect_011","1","","","BattleEndCameraPreset1"
"Mon_581_S01_G_Lv8","","","Str_Char_581_S01_G_Name","","Monster","M","Green","1","Guardian","Front","","","","Skill_C_581_01_G","None","GradeUp_Guardian","SkillLvUp_Green","","5000","1","1.9","0.5","1.4","1","1","50","5000","100","Physical","450","40","800","20","0","0","300","8","10800","1080","500","0","5000","0","0","0","0","0","0","0","","","","","Ind_C_581_S01_G","C581_S01G","Temp_Battle_Se_Effect_011","1","","","BattleEndCameraPreset1"
"Mon_582_S01_B_Lv1","","","Str_Char_582_S01_B_Name","","Monster","M","Blue","1","Knight","Front","","","","Skill_C_582_01_B","None","GradeUp_Knight","SkillLvUp_Blue","","5000","1","1.9","0.5","1.4","1","1","50","5000","100","Magical","0","0","150","8","120","10","400","20","4000","400","500","0","5000","0","0","0","0","0","0","0","","","","","Ind_C_582_S01_B","C582_S01B","Temp_Battle_Se_Effect_011","1","","","BattleEndCameraPreset1"
"Mon_582_S01_B_Lv2","","","Str_Char_582_S01_B_Name","","Monster","M","Blue","1","Knight","Front","","","","Skill_C_582_01_B","None","GradeUp_Knight","SkillLvUp_Blue","","5000","1","1.9","0.5","1.4","1","1","50","5000","100","Magical","0","0","150","8","150","12","400","20","4400","440","500","0","5000","0","0","0","0","0","0","0","","","","","Ind_C_582_S01_B","C582_S01B","Temp_Battle_Se_Effect_011","1","","","BattleEndCameraPreset1"
"Mon_582_S01_B_Lv3","","","Str_Char_582_S01_B_Name","","Monster","M","Blue","1","Knight","Front","","","","Skill_C_582_01_B","None","GradeUp_Knight","SkillLvUp_Blue","","5000","1","1.9","0.5","1.4","1","1","50","5000","100","Magical","0","0","150","8","180","14","400","20","4800","480","500","0","5000","0","0","0","0","0","0","0","","","","","Ind_C_582_S01_B","C582_S01B","Temp_Battle_Se_Effect_011","1","","","BattleEndCameraPreset1"
"Mon_582_S01_B_Lv4","","","Str_Char_582_S01_B_Name","","Monster","M","Blue","1","Knight","Front","","","","Skill_C_582_01_B","None","GradeUp_Knight","SkillLvUp_Blue","","5000","1","1.9","0.5","1.4","1","1","50","5000","100","Magical","0","0","150","8","210","17","400","20","5200","520","500","0","5000","0","0","0","0","0","0","0","","","","","Ind_C_582_S01_B","C582_S01B","Temp_Battle_Se_Effect_011","1","","","BattleEndCameraPreset1"
"Mon_582_S01_B_Lv5","","","Str_Char_582_S01_B_Name","","Monster","M","Blue","1","Knight","Front","","","","Skill_C_582_01_B","None","GradeUp_Knight","SkillLvUp_Blue","","5000","1","1.9","0.5","1.4","1","1","50","5000","100","Magical","0","0","150","8","255","20","400","20","6000","600","500","0","5000","0","0","0","0","0","0","0","","","","","Ind_C_582_S01_B","C582_S01B","Temp_Battle_Se_Effect_011","1","","","BattleEndCameraPreset1"
"Mon_582_S01_B_Lv6","","","Str_Char_582_S01_B_Name","","Monster","M","Blue","1","Knight","Front","","","","Skill_C_582_01_B","None","GradeUp_Knight","SkillLvUp_Blue","","5000","1","1.9","0.5","1.4","1","1","50","5000","100","Magical","0","0","150","8","300","24","400","20","7200","720","500","0","5000","0","0","0","0","0","0","0","","","","","Ind_C_582_S01_B","C582_S01B","Temp_Battle_Se_Effect_011","1","","","BattleEndCameraPreset1"
"Mon_582_S01_B_Lv7","","","Str_Char_582_S01_B_Name","","Monster","M","Blue","1","Knight","Front","","","","Skill_C_582_01_B","None","GradeUp_Knight","SkillLvUp_Blue","","5000","1","1.9","0.5","1.4","1","1","50","5000","100","Magical","0","0","150","8","375","30","400","20","8000","800","500","0","5000","0","0","0","0","0","0","0","","","","","Ind_C_582_S01_B","C582_S01B","Temp_Battle_Se_Effect_011","1","","","BattleEndCameraPreset1"
"Mon_582_S01_B_Lv8","","","Str_Char_582_S01_B_Name","","Monster","M","Blue","1","Knight","Front","","","","Skill_C_582_01_B","None","GradeUp_Knight","SkillLvUp_Blue","","5000","1","1.9","0.5","1.4","1","1","50","5000","100","Magical","0","0","300","8","450","40","800","20","10800","1080","500","0","5000","0","0","0","0","0","0","0","","","","","Ind_C_582_S01_B","C582_S01B","Temp_Battle_Se_Effect_011","1","","","BattleEndCameraPreset1"
"Mon_583_S01_R_Lv1","","","Str_Char_583_S01_R_Name","","Monster","M","Red","1","Ranger","Middle","","","","Skill_C_583_01_R","None","GradeUp_Ranger","SkillLvUp_Red","","5000","1","1.9","0.5","1.4","1","1","50","5000","100","Physical","200","16","120","6","0","0","50","3","3200","320","500","0","5000","0","0","0","0","0","0","0","","","","","Ind_C_583_S01_R","C583_S01R","Temp_Battle_Se_Effect_011","1","","","BattleEndCameraPreset1"
"Mon_583_S01_R_Lv2","","","Str_Char_583_S01_R_Name","","Monster","M","Red","1","Ranger","Middle","","","","Skill_C_583_01_R","None","GradeUp_Ranger","SkillLvUp_Red","","5000","1","1.9","0.5","1.4","1","1","50","5000","100","Physical","250","20","120","6","0","0","50","3","3520","352","500","0","5000","0","0","0","0","0","0","0","","","","","Ind_C_583_S01_R","C583_S01R","Temp_Battle_Se_Effect_011","1","","","BattleEndCameraPreset1"
"Mon_583_S01_R_Lv3","","","Str_Char_583_S01_R_Name","","Monster","M","Red","1","Ranger","Middle","","","","Skill_C_583_01_R","None","GradeUp_Ranger","SkillLvUp_Red","","5000","1","1.9","0.5","1.4","1","1","50","5000","100","Physical","300","24","120","6","0","0","50","3","3840","384","500","0","5000","0","0","0","0","0","0","0","","","","","Ind_C_583_S01_R","C583_S01R","Temp_Battle_Se_Effect_011","1","","","BattleEndCameraPreset1"
"Mon_583_S01_R_Lv4","","","Str_Char_583_S01_R_Name","","Monster","M","Red","1","Ranger","Middle","","","","Skill_C_583_01_R","None","GradeUp_Ranger","SkillLvUp_Red","","5000","1","1.9","0.5","1.4","1","1","50","5000","100","Physical","350","28","120","6","0","0","50","3","4160","416","500","0","5000","0","0","0","0","0","0","0","","","","","Ind_C_583_S01_R","C583_S01R","Temp_Battle_Se_Effect_011","1","","","BattleEndCameraPreset1"
"Mon_583_S01_R_Lv5","","","Str_Char_583_S01_R_Name","","Monster","M","Red","1","Ranger","Middle","","","","Skill_C_583_01_R","None","GradeUp_Ranger","SkillLvUp_Red","","5000","1","1.9","0.5","1.4","1","1","50","5000","100","Physical","425","34","120","6","0","0","50","3","4800","480","500","0","5000","0","0","0","0","0","0","0","","","","","Ind_C_583_S01_R","C583_S01R","Temp_Battle_Se_Effect_011","1","","","BattleEndCameraPreset1"
"Mon_583_S01_R_Lv6","","","Str_Char_583_S01_R_Name","","Monster","M","Red","1","Ranger","Middle","","","","Skill_C_583_01_R","None","GradeUp_Ranger","SkillLvUp_Red","","5000","1","1.9","0.5","1.4","1","1","50","5000","100","Physical","500","40","120","6","0","0","50","3","5760","576","500","0","5000","0","0","0","0","0","0","0","","","","","Ind_C_583_S01_R","C583_S01R","Temp_Battle_Se_Effect_011","1","","","BattleEndCameraPreset1"
"Mon_583_S01_R_Lv7","","","Str_Char_583_S01_R_Name","","Monster","M","Red","1","Ranger","Middle","","","","Skill_C_583_01_R","None","GradeUp_Ranger","SkillLvUp_Red","","5000","1","1.9","0.5","1.4","1","1","50","5000","100","Physical","625","50","120","6","0","0","50","3","6400","640","500","0","5000","0","0","0","0","0","0","0","","","","","Ind_C_583_S01_R","C583_S01R","Temp_Battle_Se_Effect_011","1","","","BattleEndCameraPreset1"
"Mon_583_S01_R_Lv8","","","Str_Char_583_S01_R_Name","","Monster","M","Red","1","Ranger","Middle","","","","Skill_C_583_01_R","None","GradeUp_Ranger","SkillLvUp_Red","","5000","1","1.9","0.5","1.4","1","1","50","5000","100","Physical","700","62","240","6","0","0","100","3","8640","864","500","0","5000","0","0","0","0","0","0","0","","","","","Ind_C_583_S01_R","C583_S01R","Temp_Battle_Se_Effect_011","1","","","BattleEndCameraPreset1"
"Mon_584_S01_B_Lv1","","","Str_Char_584_S01_B_Name","","Monster","M","Blue","1","Sorcerer","Middle","","","","Skill_C_584_01_B","None","GradeUp_Sorcerer","SkillLvUp_Blue","","5000","1","1.9","0.5","1.4","1","1","50","5000","100","Magical","0","0","50","3","200","16","120","6","3200","320","500","0","5000","0","0","0","0","0","0","0","","","","","Ind_C_584_S01_B","C584_S01B","Temp_Battle_Se_Effect_011","1","","","BattleEndCameraPreset1"
"Mon_584_S01_B_Lv2","","","Str_Char_584_S01_B_Name","","Monster","M","Blue","1","Sorcerer","Middle","","","","Skill_C_584_01_B","None","GradeUp_Sorcerer","SkillLvUp_Blue","","5000","1","1.9","0.5","1.4","1","1","50","5000","100","Magical","0","0","50","3","250","20","120","6","3520","352","500","0","5000","0","0","0","0","0","0","0","","","","","Ind_C_584_S01_B","C584_S01B","Temp_Battle_Se_Effect_011","1","","","BattleEndCameraPreset1"
"Mon_584_S01_B_Lv3","","","Str_Char_584_S01_B_Name","","Monster","M","Blue","1","Sorcerer","Middle","","","","Skill_C_584_01_B","None","GradeUp_Sorcerer","SkillLvUp_Blue","","5000","1","1.9","0.5","1.4","1","1","50","5000","100","Magical","0","0","50","3","300","24","120","6","3840","384","500","0","5000","0","0","0","0","0","0","0","","","","","Ind_C_584_S01_B","C584_S01B","Temp_Battle_Se_Effect_011","1","","","BattleEndCameraPreset1"
"Mon_584_S01_B_Lv4","","","Str_Char_584_S01_B_Name","","Monster","M","Blue","1","Sorcerer","Middle","","","","Skill_C_584_01_B","None","GradeUp_Sorcerer","SkillLvUp_Blue","","5000","1","1.9","0.5","1.4","1","1","50","5000","100","Magical","0","0","50","3","350","28","120","6","4160","416","500","0","5000","0","0","0","0","0","0","0","","","","","Ind_C_584_S01_B","C584_S01B","Temp_Battle_Se_Effect_011","1","","","BattleEndCameraPreset1"
"Mon_584_S01_B_Lv5","","","Str_Char_584_S01_B_Name","","Monster","M","Blue","1","Sorcerer","Middle","","","","Skill_C_584_01_B","None","GradeUp_Sorcerer","SkillLvUp_Blue","","5000","1","1.9","0.5","1.4","1","1","50","5000","100","Magical","0","0","50","3","425","34","120","6","4800","480","500","0","5000","0","0","0","0","0","0","0","","","","","Ind_C_584_S01_B","C584_S01B","Temp_Battle_Se_Effect_011","1","","","BattleEndCameraPreset1"
"Mon_584_S01_B_Lv6","","","Str_Char_584_S01_B_Name","","Monster","M","Blue","1","Sorcerer","Middle","","","","Skill_C_584_01_B","None","GradeUp_Sorcerer","SkillLvUp_Blue","","5000","1","1.9","0.5","1.4","1","1","50","5000","100","Magical","0","0","50","3","500","40","120","6","5760","576","500","0","5000","0","0","0","0","0","0","0","","","","","Ind_C_584_S01_B","C584_S01B","Temp_Battle_Se_Effect_011","1","","","BattleEndCameraPreset1"
"Mon_584_S01_B_Lv7","","","Str_Char_584_S01_B_Name","","Monster","M","Blue","1","Sorcerer","Middle","","","","Skill_C_584_01_B","None","GradeUp_Sorcerer","SkillLvUp_Blue","","5000","1","1.9","0.5","1.4","1","1","50","5000","100","Magical","0","0","50","3","625","50","120","6","6400","640","500","0","5000","0","0","0","0","0","0","0","","","","","Ind_C_584_S01_B","C584_S01B","Temp_Battle_Se_Effect_011","1","","","BattleEndCameraPreset1"
"Mon_584_S01_B_Lv8","","","Str_Char_584_S01_B_Name","","Monster","M","Blue","1","Sorcerer","Middle","","","","Skill_C_584_01_B","None","GradeUp_Sorcerer","SkillLvUp_Blue","","5000","1","1.9","0.5","1.4","1","1","50","5000","100","Magical","0","0","100","3","800","80","240","6","8640","864","500","0","5000","0","0","0","0","0","0","0","","","","","Ind_C_584_S01_B","C584_S01B","Temp_Battle_Se_Effect_011","1","","","BattleEndCameraPreset1"
"Mon_585_S01_R_Lv1","","","Str_Char_585_S01_R_Name","","Monster","M","Red","1","Mage","Back","","","","Skill_C_585_01_R","None","GradeUp_Mage","SkillLvUp_Red","","5000","1","1.9","0.5","1.4","1","1","50","5000","100","Magical","0","0","20","1","240","19","30","2","3000","300","500","0","5000","0","0","0","0","0","0","0","","","","","Ind_C_585_S01_R","C585_S01R","Temp_Battle_Se_Effect_011","1","","","BattleEndCameraPreset1"
"Mon_585_S01_R_Lv2","","","Str_Char_585_S01_R_Name","","Monster","M","Red","1","Mage","Back","","","","Skill_C_585_01_R","None","GradeUp_Mage","SkillLvUp_Red","","5000","1","1.9","0.5","1.4","1","1","50","5000","100","Magical","0","0","20","1","300","24","30","2","3300","330","500","0","5000","0","0","0","0","0","0","0","","","","","Ind_C_585_S01_R","C585_S01R","Temp_Battle_Se_Effect_011","1","","","BattleEndCameraPreset1"
"Mon_585_S01_R_Lv3","","","Str_Char_585_S01_R_Name","","Monster","M","Red","1","Mage","Back","","","","Skill_C_585_01_R","None","GradeUp_Mage","SkillLvUp_Red","","5000","1","1.9","0.5","1.4","1","1","50","5000","100","Magical","0","0","20","1","360","29","30","2","3600","360","500","0","5000","0","0","0","0","0","0","0","","","","","Ind_C_585_S01_R","C585_S01R","Temp_Battle_Se_Effect_011","1","","","BattleEndCameraPreset1"
"Mon_585_S01_R_Lv4","","","Str_Char_585_S01_R_Name","","Monster","M","Red","1","Mage","Back","","","","Skill_C_585_01_R","None","GradeUp_Mage","SkillLvUp_Red","","5000","1","1.9","0.5","1.4","1","1","50","5000","100","Magical","0","0","20","1","420","34","30","2","3900","390","500","0","5000","0","0","0","0","0","0","0","","","","","Ind_C_585_S01_R","C585_S01R","Temp_Battle_Se_Effect_011","1","","","BattleEndCameraPreset1"
"Mon_585_S01_R_Lv5","","","Str_Char_585_S01_R_Name","","Monster","M","Red","1","Mage","Back","","","","Skill_C_585_01_R","None","GradeUp_Mage","SkillLvUp_Red","","5000","1","1.9","0.5","1.4","1","1","50","5000","100","Magical","0","0","20","1","510","41","30","2","4500","450","500","0","5000","0","0","0","0","0","0","0","","","","","Ind_C_585_S01_R","C585_S01R","Temp_Battle_Se_Effect_011","1","","","BattleEndCameraPreset1"
"Mon_585_S01_R_Lv6","","","Str_Char_585_S01_R_Name","","Monster","M","Red","1","Mage","Back","","","","Skill_C_585_01_R","None","GradeUp_Mage","SkillLvUp_Red","","5000","1","1.9","0.5","1.4","1","1","50","5000","100","Magical","0","0","20","1","600","48","30","2","5400","540","500","0","5000","0","0","0","0","0","0","0","","","","","Ind_C_585_S01_R","C585_S01R","Temp_Battle_Se_Effect_011","1","","","BattleEndCameraPreset1"
"Mon_585_S01_R_Lv7","","","Str_Char_585_S01_R_Name","","Monster","M","Red","1","Mage","Back","","","","Skill_C_585_01_R","None","GradeUp_Mage","SkillLvUp_Red","","5000","1","1.9","0.5","1.4","1","1","50","5000","100","Magical","0","0","20","1","750","60","30","2","6000","600","500","0","5000","0","0","0","0","0","0","0","","","","","Ind_C_585_S01_R","C585_S01R","Temp_Battle_Se_Effect_011","1","","","BattleEndCameraPreset1"
"Mon_585_S01_R_Lv8","","","Str_Char_585_S01_R_Name","","Monster","M","Red","1","Mage","Back","","","","Skill_C_585_01_R","None","GradeUp_Mage","SkillLvUp_Red","","5000","1","1.9","0.5","1.4","1","1","50","5000","100","Magical","0","0","40","1","900","75","60","2","8100","810","500","0","5000","0","0","0","0","0","0","0","","","","","Ind_C_585_S01_R","C585_S01R","Temp_Battle_Se_Effect_011","1","","","BattleEndCameraPreset1"
"Mon_586_S01_G_Lv1","","","Str_Char_586_S01_G_Name","","Monster","M","Green","1","Cleric","Back","","","","Skill_C_586_01_G","None","GradeUp_Cleric","SkillLvUp_Green","","5000","1","1.9","0.5","1.4","1","1","50","5000","100","Magical","0","0","30","2","160","13","30","2","3200","320","500","0","5000","0","0","0","0","0","0","0","","","","","Ind_C_586_S01_G","C586_S01G","Temp_Battle_Se_Effect_011","1","","","BattleEndCameraPreset1"
"Mon_586_S01_G_Lv2","","","Str_Char_586_S01_G_Name","","Monster","M","Green","1","Cleric","Back","","","","Skill_C_586_01_G","None","GradeUp_Cleric","SkillLvUp_Green","","5000","1","1.9","0.5","1.4","1","1","50","5000","100","Magical","0","0","30","2","200","16","30","2","3520","352","500","0","5000","0","0","0","0","0","0","0","","","","","Ind_C_586_S01_G","C586_S01G","Temp_Battle_Se_Effect_011","1","","","BattleEndCameraPreset1"
"Mon_586_S01_G_Lv3","","","Str_Char_586_S01_G_Name","","Monster","M","Green","1","Cleric","Back","","","","Skill_C_586_01_G","None","GradeUp_Cleric","SkillLvUp_Green","","5000","1","1.9","0.5","1.4","1","1","50","5000","100","Magical","0","0","30","2","240","19","30","2","3840","384","500","0","5000","0","0","0","0","0","0","0","","","","","Ind_C_586_S01_G","C586_S01G","Temp_Battle_Se_Effect_011","1","","","BattleEndCameraPreset1"
"Mon_586_S01_G_Lv4","","","Str_Char_586_S01_G_Name","","Monster","M","Green","1","Cleric","Back","","","","Skill_C_586_01_G","None","GradeUp_Cleric","SkillLvUp_Green","","5000","1","1.9","0.5","1.4","1","1","50","5000","100","Magical","0","0","30","2","280","22","30","2","4160","416","500","0","5000","0","0","0","0","0","0","0","","","","","Ind_C_586_S01_G","C586_S01G","Temp_Battle_Se_Effect_011","1","","","BattleEndCameraPreset1"
"Mon_586_S01_G_Lv5","","","Str_Char_586_S01_G_Name","","Monster","M","Green","1","Cleric","Back","","","","Skill_C_586_01_G","None","GradeUp_Cleric","SkillLvUp_Green","","5000","1","1.9","0.5","1.4","1","1","50","5000","100","Magical","0","0","30","2","340","27","30","2","4800","480","500","0","5000","0","0","0","0","0","0","0","","","","","Ind_C_586_S01_G","C586_S01G","Temp_Battle_Se_Effect_011","1","","","BattleEndCameraPreset1"
"Mon_586_S01_G_Lv6","","","Str_Char_586_S01_G_Name","","Monster","M","Green","1","Cleric","Back","","","","Skill_C_586_01_G","None","GradeUp_Cleric","SkillLvUp_Green","","5000","1","1.9","0.5","1.4","1","1","50","5000","100","Magical","0","0","30","2","400","32","30","2","5760","576","500","0","5000","0","0","0","0","0","0","0","","","","","Ind_C_586_S01_G","C586_S01G","Temp_Battle_Se_Effect_011","1","","","BattleEndCameraPreset1"
"Mon_586_S01_G_Lv7","","","Str_Char_586_S01_G_Name","","Monster","M","Green","1","Cleric","Back","","","","Skill_C_586_01_G","None","GradeUp_Cleric","SkillLvUp_Green","","5000","1","1.9","0.5","1.4","1","1","50","5000","100","Magical","0","0","30","2","500","40","30","2","6400","640","500","0","5000","0","0","0","0","0","0","0","","","","","Ind_C_586_S01_G","C586_S01G","Temp_Battle_Se_Effect_011","1","","","BattleEndCameraPreset1"
"Mon_586_S01_G_Lv8","","","Str_Char_586_S01_G_Name","","Monster","M","Green","1","Cleric","Back","","","","Skill_C_586_01_G","None","GradeUp_Cleric","SkillLvUp_Green","","5000","1","1.9","0.5","1.4","1","1","50","5000","100","Magical","0","0","60","2","600","50","60","2","8000","800","500","0","5000","0","0","0","0","0","0","0","","","","","Ind_C_586_S01_G","C586_S01G","Temp_Battle_Se_Effect_011","1","","","BattleEndCameraPreset1"
"Mon_587_S01_R_Lv1","","Str_Char_587_S01_R_Title","Str_Char_587_S01_R_Name","Str_Char_587_S01_R_Desc","Monster","M","Red","3","Knight","Front","","","","Skill_C_587_01_R","None","GradeUp_Knight","SkillLvUp_Red","","5000","2.5","2.2","1.4","1.4","1","4","66","6444","146","Magical","0","0","300","15","180","14","800","40","8000","800","500","5000","5000","0","0","0","0","0","0","0","","","","","Ind_C_587_S01_R","C587_S01R","Temp_Battle_Se_Effect_011","1","","","BattleEndCameraPreset1"
"Mon_587_S01_R_Lv2","","Str_Char_587_S01_R_Title","Str_Char_587_S01_R_Name","Str_Char_587_S01_R_Desc","Monster","M","Red","3","Knight","Front","","","","Skill_C_587_01_R","None","GradeUp_Knight","SkillLvUp_Red","","5000","2.5","2.2","1.4","1.4","1","4","66","6444","146","Magical","0","0","300","15","225","18","800","40","8800","880","500","5000","5000","0","0","0","0","0","0","0","","","","","Ind_C_587_S01_R","C587_S01R","Temp_Battle_Se_Effect_011","1","","","BattleEndCameraPreset1"
"Mon_587_S01_R_Lv3","","Str_Char_587_S01_R_Title","Str_Char_587_S01_R_Name","Str_Char_587_S01_R_Desc","Monster","M","Red","3","Knight","Front","","","","Skill_C_587_01_R","None","GradeUp_Knight","SkillLvUp_Red","","5000","2.5","2.2","1.4","1.4","1","4","66","6444","146","Magical","0","0","300","15","270","22","800","40","9600","960","500","5000","5000","0","0","0","0","0","0","0","","","","","Ind_C_587_S01_R","C587_S01R","Temp_Battle_Se_Effect_011","1","","","BattleEndCameraPreset1"
"Mon_587_S01_R_Lv4","","Str_Char_587_S01_R_Title","Str_Char_587_S01_R_Name","Str_Char_587_S01_R_Desc","Monster","M","Red","3","Knight","Front","","","","Skill_C_587_01_R","None","GradeUp_Knight","SkillLvUp_Red","","5000","2.5","2.2","1.4","1.4","1","4","66","6444","146","Magical","0","0","300","15","315","25","800","40","10400","1040","500","5000","5000","0","0","0","0","0","0","0","","","","","Ind_C_587_S01_R","C587_S01R","Temp_Battle_Se_Effect_011","1","","","BattleEndCameraPreset1"
"Mon_587_S01_R_Lv5","","Str_Char_587_S01_R_Title","Str_Char_587_S01_R_Name","Str_Char_587_S01_R_Desc","Monster","M","Red","3","Knight","Front","","","","Skill_C_587_01_R","None","GradeUp_Knight","SkillLvUp_Red","","5000","2.5","2.2","1.4","1.4","1","4","66","6444","146","Magical","0","0","300","15","383","31","800","40","12000","1200","500","5000","5000","0","0","0","0","0","0","0","","","","","Ind_C_587_S01_R","C587_S01R","Temp_Battle_Se_Effect_011","1","","","BattleEndCameraPreset1"
"Mon_587_S01_R_Lv6","","Str_Char_587_S01_R_Title","Str_Char_587_S01_R_Name","Str_Char_587_S01_R_Desc","Monster","M","Red","3","Knight","Front","","","","Skill_C_587_01_R","None","GradeUp_Knight","SkillLvUp_Red","","5000","2.5","2.2","1.4","1.4","1","4","66","6444","146","Magical","0","0","300","15","450","36","800","40","14400","1440","500","5000","5000","0","0","0","0","0","0","0","","","","","Ind_C_587_S01_R","C587_S01R","Temp_Battle_Se_Effect_011","1","","","BattleEndCameraPreset1"
"Mon_587_S01_R_Lv7","","Str_Char_587_S01_R_Title","Str_Char_587_S01_R_Name","Str_Char_587_S01_R_Desc","Monster","M","Red","3","Knight","Front","","","","Skill_C_587_01_R","None","GradeUp_Knight","SkillLvUp_Red","","5000","2.5","2.2","1.4","1.4","1","4","66","6444","146","Magical","0","0","300","15","563","45","800","40","16000","1600","500","5000","5000","0","0","0","0","0","0","0","","","","","Ind_C_587_S01_R","C587_S01R","Temp_Battle_Se_Effect_011","1","","","BattleEndCameraPreset1"
"Mon_587_S01_R_Lv8","","Str_Char_587_S01_R_Title","Str_Char_587_S01_R_Name","Str_Char_587_S01_R_Desc","Monster","M","Red","3","Knight","Front","","","","Skill_C_587_01_R","None","GradeUp_Knight","SkillLvUp_Red","","5000","2.5","2.2","1.4","1.4","1","4","66","6444","146","Magical","0","0","600","15","733","66","1600","40","39200","3920","500","5000","5000","0","0","0","0","0","0","0","","","","","Ind_C_587_S01_R","C587_S01R","Temp_Battle_Se_Effect_011","1","","","BattleEndCameraPreset1"
"Mon_501_Lv1","","","Str_Char_501_S01_B_Name","","Monster","M","Blue","1","Mage","Back","","","","Skill_C_501_01_B","None","GradeUp_Guardian","SkillLvUp_Blue","","5000","1","2.3","0.5","1.5","1","3","80","5000","160","Magical","0","0","300","15","150","12","800","40","16000","1600","500","500","5000","0","0","0","0","0","0","0","","","","","Ind_C_501_S01_B","C501_S01B","Temp_Battle_Se_Effect_011","1.2","","","BattleEndCameraPreset1"
"Mon_501_Lv2","","","Str_Char_501_S01_B_Name","","Monster","M","Blue","1","Mage","Back","","","","Skill_C_501_01_B","None","GradeUp_Guardian","SkillLvUp_Blue","","5000","1","2.3","0.5","1.5","1","3","80","5000","160","Magical","0","0","300","15","165","13","800","40","17600","1760","500","800","5000","0","0","0","0","0","0","0","","","","","Ind_C_501_S01_B","C501_S01B","Temp_Battle_Se_Effect_011","1.2","","","BattleEndCameraPreset1"
"Mon_501_Lv3","","","Str_Char_501_S01_B_Name","","Monster","M","Blue","1","Mage","Back","","","","Skill_C_501_01_B","None","GradeUp_Guardian","SkillLvUp_Blue","","5000","1","2.3","0.5","1.5","1","3","80","5000","160","Magical","0","0","300","15","182","15","800","40","19536","1954","500","1200","5000","0","0","0","0","0","0","0","","","","","Ind_C_501_S01_B","C501_S01B","Temp_Battle_Se_Effect_011","1.2","","","BattleEndCameraPreset1"
"Mon_501_Lv4","","","Str_Char_501_S01_B_Name","","Monster","M","Blue","1","Mage","Back","","","","Skill_C_501_01_B","None","GradeUp_Guardian","SkillLvUp_Blue","","5000","1","2.3","0.5","1.5","1","3","80","5000","160","Magical","0","0","300","15","200","16","800","40","21880","2188","500","1500","5000","0","0","0","0","0","0","0","","","","","Ind_C_501_S01_B","C501_S01B","Temp_Battle_Se_Effect_011","1.2","","","BattleEndCameraPreset1"
"Mon_501_Lv5","","","Str_Char_501_S01_B_Name","","Monster","M","Blue","1","Mage","Back","","","","Skill_C_501_01_B","None","GradeUp_Guardian","SkillLvUp_Blue","","5000","1","2.3","0.5","1.5","1","3","80","5000","160","Magical","0","0","300","15","220","18","800","40","24725","2472","500","1800","5000","0","0","0","0","0","0","0","","","","","Ind_C_501_S01_B","C501_S01B","Temp_Battle_Se_Effect_011","1.2","","","BattleEndCameraPreset1"
"Mon_501_Lv6","","","Str_Char_501_S01_B_Name","","Monster","M","Blue","1","Mage","Back","","","","Skill_C_501_01_B","None","GradeUp_Guardian","SkillLvUp_Blue","","5000","1","2.3","0.5","1.5","1","3","80","5000","160","Magical","0","0","300","15","242","19","800","40","28186","2819","500","2100","5000","0","0","0","0","0","0","0","","","","","Ind_C_501_S01_B","C501_S01B","Temp_Battle_Se_Effect_011","1.2","","","BattleEndCameraPreset1"
"Mon_501_Lv7","","","Str_Char_501_S01_B_Name","","Monster","M","Blue","1","Mage","Back","","","","Skill_C_501_01_B","None","GradeUp_Guardian","SkillLvUp_Blue","","5000","1","2.3","0.5","1.5","1","3","80","5000","160","Magical","0","0","300","15","266","21","800","40","32414","3241","500","2400","5000","0","0","0","0","0","0","0","","","","","Ind_C_501_S01_B","C501_S01B","Temp_Battle_Se_Effect_011","1.2","","","BattleEndCameraPreset1"
"Mon_501_Lv8","","","Str_Char_501_S01_B_Name","","Monster","M","Blue","1","Mage","Back","","","","Skill_C_501_01_B","None","GradeUp_Guardian","SkillLvUp_Blue","","5000","1","2.3","0.5","1.5","1","3","80","5000","160","Magical","0","0","600","30","488","41","1600","80","81619","8761","500","2400","5000","0","0","0","0","0","0","0","","","","","Ind_C_501_S01_B","C501_S01B","Temp_Battle_Se_Effect_011","1.2","","","BattleEndCameraPreset1"
"Mon_501_Lv9","","","Str_Char_501_S01_B_Name","","Monster","M","Blue","1","Mage","Back","","","","Skill_C_501_01_B","None","GradeUp_Guardian","SkillLvUp_Blue","","5000","1","2.3","0.5","1.5","1","3","80","5000","160","Magical","0","0","300","15","322","26","800","40","42868","4287","500","2400","5000","0","0","0","0","0","0","0","","","","","Ind_C_501_S01_B","C501_S01B","Temp_Battle_Se_Effect_011","1.2","","","BattleEndCameraPreset1"
"Mon_502_Lv1","","","Str_Char_502_S01_R_Name","","Monster","M","Red","1","Guardian","Front","","","","Skill_C_502_01_R","None","GradeUp_Guardian","SkillLvUp_Red","","5000","1","2.3","0.5","1.5","1","2.5","50","6500","160","Physical","150","12","800","40","0","0","300","15","16000","1600","500","0","5000","0","0","0","0","0","500","0","","","","","Ind_C_502_S01_R","C502_S01R","Temp_Battle_Se_Effect_011","1.2","","","BattleEndCameraPreset1"
"Mon_502_Lv2","","","Str_Char_502_S01_R_Name","","Monster","M","Red","1","Guardian","Front","","","","Skill_C_502_01_R","None","GradeUp_Guardian","SkillLvUp_Red","","5000","1","2.3","0.5","1.5","1","2.5","50","6500","160","Physical","165","13","800","40","0","0","300","15","17600","1760","500","0","5000","0","0","0","0","0","800","0","","","","","Ind_C_502_S01_R","C502_S01R","Temp_Battle_Se_Effect_011","1.2","","","BattleEndCameraPreset1"
"Mon_502_Lv3","","","Str_Char_502_S01_R_Name","","Monster","M","Red","1","Guardian","Front","","","","Skill_C_502_01_R","None","GradeUp_Guardian","SkillLvUp_Red","","5000","1","2.3","0.5","1.5","1","2.5","50","6500","160","Physical","182","15","800","40","0","0","300","15","19536","1954","500","0","5000","0","0","0","0","0","1200","0","","","","","Ind_C_502_S01_R","C502_S01R","Temp_Battle_Se_Effect_011","1.2","","","BattleEndCameraPreset1"
"Mon_502_Lv4","","","Str_Char_502_S01_R_Name","","Monster","M","Red","1","Guardian","Front","","","","Skill_C_502_01_R","None","GradeUp_Guardian","SkillLvUp_Red","","5000","1","2.3","0.5","1.5","1","2.5","50","6500","160","Physical","200","16","800","40","0","0","300","15","21880","2188","500","0","5000","0","0","0","0","0","1500","0","","","","","Ind_C_502_S01_R","C502_S01R","Temp_Battle_Se_Effect_011","1.2","","","BattleEndCameraPreset1"
"Mon_502_Lv5","","","Str_Char_502_S01_R_Name","","Monster","M","Red","1","Guardian","Front","","","","Skill_C_502_01_R","None","GradeUp_Guardian","SkillLvUp_Red","","5000","1","2.3","0.5","1.5","1","2.5","50","6500","160","Physical","220","18","800","40","0","0","300","15","24725","2472","500","0","5000","0","0","0","0","0","1800","0","","","","","Ind_C_502_S01_R","C502_S01R","Temp_Battle_Se_Effect_011","1.2","","","BattleEndCameraPreset1"
"Mon_502_Lv6","","","Str_Char_502_S01_R_Name","","Monster","M","Red","1","Guardian","Front","","","","Skill_C_502_01_R","None","GradeUp_Guardian","SkillLvUp_Red","","5000","1","2.3","0.5","1.5","1","2.5","50","6500","160","Physical","242","19","800","40","0","0","300","15","28186","2819","500","0","5000","0","0","0","0","0","2100","0","","","","","Ind_C_502_S01_R","C502_S01R","Temp_Battle_Se_Effect_011","1.2","","","BattleEndCameraPreset1"
"Mon_502_Lv7","","","Str_Char_502_S01_R_Name","","Monster","M","Red","1","Guardian","Front","","","","Skill_C_502_01_R","None","GradeUp_Guardian","SkillLvUp_Red","","5000","1","2.3","0.5","1.5","1","2.5","50","6500","160","Physical","266","21","800","40","0","0","300","15","32414","3241","500","0","5000","0","0","0","0","0","2400","0","","","","","Ind_C_502_S01_R","C502_S01R","Temp_Battle_Se_Effect_011","1.2","","","BattleEndCameraPreset1"
"Mon_502_Lv8","","","Str_Char_502_S01_R_Name","","Monster","M","Red","1","Guardian","Front","","","","Skill_C_502_01_R","None","GradeUp_Guardian","SkillLvUp_Red","","5000","1","2.3","0.5","1.5","1","2.5","50","6500","160","Physical","296","25","1600","80","0","0","600","30","81619","8761","500","0","5000","0","0","0","0","0","2400","0","","","","","Ind_C_502_S01_R","C502_S01R","Temp_Battle_Se_Effect_011","1.2","","","BattleEndCameraPreset1"
"Mon_502_Lv9","","","Str_Char_502_S01_R_Name","","Monster","M","Red","1","Guardian","Front","","","","Skill_C_502_01_R","None","GradeUp_Guardian","SkillLvUp_Red","","5000","1","2.3","0.5","1.5","1","2.5","50","6500","160","Physical","322","26","800","40","0","0","300","15","42868","4287","500","0","5000","0","0","0","0","0","2400","0","","","","","Ind_C_502_S01_R","C502_S01R","Temp_Battle_Se_Effect_011","1.2","","","BattleEndCameraPreset1"
"Mon_503_Lv1","","","Str_Char_503_S01_G_Name","","Monster","M","Green","1","Shooter","Back","","","","Skill_C_503_01_G","None","GradeUp_Guardian","SkillLvUp_Green","","5000","1","2.3","0.5","1.5","1","2.5","100","5000","160","Physical","150","12","800","40","0","0","300","15","16000","1600","500","0","5000","0","500","0","0","0","0","0","","","","","Ind_C_503_S01_G","C503_S01G","Temp_Battle_Se_Effect_011","1.2","","","BattleEndCameraPreset1"
"Mon_503_Lv2","","","Str_Char_503_S01_G_Name","","Monster","M","Green","1","Shooter","Back","","","","Skill_C_503_01_G","None","GradeUp_Guardian","SkillLvUp_Green","","5000","1","2.3","0.5","1.5","1","2.5","100","5000","160","Physical","165","13","400","20","0","0","400","20","17600","1760","500","0","5000","0","800","0","0","0","0","0","","","","","Ind_C_503_S01_G","C503_S01G","Temp_Battle_Se_Effect_011","1.2","","","BattleEndCameraPreset1"
"Mon_503_Lv3","","","Str_Char_503_S01_G_Name","","Monster","M","Green","1","Shooter","Back","","","","Skill_C_503_01_G","None","GradeUp_Guardian","SkillLvUp_Green","","5000","1","2.3","0.5","1.5","1","2.5","100","5000","160","Physical","182","15","600","30","0","0","600","30","19536","1954","500","0","5000","0","1200","0","0","0","0","0","","","","","Ind_C_503_S01_G","C503_S01G","Temp_Battle_Se_Effect_011","1.2","","","BattleEndCameraPreset1"
"Mon_503_Lv4","","","Str_Char_503_S01_G_Name","","Monster","M","Green","1","Shooter","Back","","","","Skill_C_503_01_G","None","GradeUp_Guardian","SkillLvUp_Green","","5000","1","2.3","0.5","1.5","1","2.5","100","5000","160","Physical","333","24","600","30","0","0","600","30","28800","3600","500","0","5000","0","1500","0","0","0","0","0","","","","","Ind_C_503_S01_G","C503_S01G","Temp_Battle_Se_Effect_011","1.2","","","BattleEndCameraPreset1"
"Mon_503_Lv5","","","Str_Char_503_S01_G_Name","","Monster","M","Green","1","Shooter","Back","","","","Skill_C_503_01_G","None","GradeUp_Guardian","SkillLvUp_Green","","5000","1","2.3","0.5","1.5","1","2.5","100","5000","160","Physical","366","29","600","30","0","0","600","30","22252","2225","500","0","5000","0","1800","0","0","0","0","0","","","","","Ind_C_503_S01_G","C503_S01G","Temp_Battle_Se_Effect_011","1.2","","","BattleEndCameraPreset1"
"Mon_503_Lv6","","","Str_Char_503_S01_G_Name","","Monster","M","Green","1","Shooter","Back","","","","Skill_C_503_01_G","None","GradeUp_Guardian","SkillLvUp_Green","","5000","1","2.3","0.5","1.5","1","2.5","100","5000","160","Physical","403","32","600","30","0","0","600","30","25368","2537","500","0","5000","0","2100","0","0","0","0","0","","","","","Ind_C_503_S01_G","C503_S01G","Temp_Battle_Se_Effect_011","1.2","","","BattleEndCameraPreset1"
"Mon_503_Lv7","","","Str_Char_503_S01_G_Name","","Monster","M","Green","1","Shooter","Back","","","","Skill_C_503_01_G","None","GradeUp_Guardian","SkillLvUp_Green","","5000","1","2.3","0.5","1.5","1","2.5","100","5000","160","Physical","443","35","600","30","0","0","600","30","29173","2917","500","0","5000","0","2400","0","0","0","0","0","","","","","Ind_C_503_S01_G","C503_S01G","Temp_Battle_Se_Effect_011","1.2","","","BattleEndCameraPreset1"
"Mon_503_Lv8","","","Str_Char_503_S01_G_Name","","Monster","M","Green","1","Shooter","Back","","","","Skill_C_503_01_G","None","GradeUp_Guardian","SkillLvUp_Green","","5000","1","2.3","0.5","1.5","1","2.5","100","5000","160","Physical","488","41","1200","60","0","0","1200","60","81619","8761","500","0","5000","0","2400","0","0","0","0","0","","","","","Ind_C_503_S01_G","C503_S01G","Temp_Battle_Se_Effect_011","1.2","","","BattleEndCameraPreset1"
"Mon_503_Lv9","","","Str_Char_503_S01_G_Name","","Monster","M","Green","1","Shooter","Back","","","","Skill_C_503_01_G","None","GradeUp_Guardian","SkillLvUp_Green","","5000","1","2.3","0.5","1.5","1","2.5","100","5000","160","Physical","536","43","600","30","0","0","600","30","38581","3858","500","0","5000","0","2400","0","0","0","0","0","","","","","Ind_C_503_S01_G","C503_S01G","Temp_Battle_Se_Effect_011","1.2","","","BattleEndCameraPreset1"
"Mon_031_S01_R_Lv1","","","Str_Char_031_S01_R_Name","","Monster","M","Red","1","Guardian","Front","","","","Skill_C_031_01_R","None","GradeUp_Guardian","SkillLvUp_Red","","5000","1","1","0.5","1","1","1","50","5000","100","Physical","30","2","400","20","0","0","150","8","2000","200","500","0","5000","0","0","0","0","0","0","0","","","","","Ind_C_031_S01_G","C031_S01R","Temp_Battle_Se_Effect_011","1","","","BattleEndCameraPreset1"
"Mon_031_S01_R_Lv2","","","Str_Char_031_S01_R_Name","","Monster","M","Red","1","Guardian","Front","","","","Skill_C_031_01_R","None","GradeUp_Guardian","SkillLvUp_Red","","5000","1","1","0.5","1","1","1","50","5000","100","Physical","30","2","400","20","0","0","150","8","2200","220","500","0","5000","0","0","0","0","0","0","0","","","","","Ind_C_031_S01_G","C031_S01R","Temp_Battle_Se_Effect_011","1","","","BattleEndCameraPreset1"
"Mon_031_S01_R_Lv3","","","Str_Char_031_S01_R_Name","","Monster","M","Red","1","Guardian","Front","","","","Skill_C_031_01_R","None","GradeUp_Guardian","SkillLvUp_Red","","5000","1","1","0.5","1","1","1","50","5000","100","Physical","30","2","400","20","0","0","150","8","2420","242","500","0","5000","0","0","0","0","0","0","0","","","","","Ind_C_031_S01_G","C031_S01R","Temp_Battle_Se_Effect_011","1","","","BattleEndCameraPreset1"
"Mon_031_S01_R_Lv4","","","Str_Char_031_S01_R_Name","","Monster","M","Red","1","Guardian","Front","","","","Skill_C_031_01_R","None","GradeUp_Guardian","SkillLvUp_Red","","5000","1","1","0.5","1","1","1","50","5000","100","Physical","30","2","400","20","0","0","150","8","2662","266","500","0","5000","0","0","0","0","0","0","0","","","","","Ind_C_031_S01_G","C031_S01R","Temp_Battle_Se_Effect_011","1","","","BattleEndCameraPreset1"
"Mon_031_S01_R_Lv5","","","Str_Char_031_S01_R_Name","","Monster","M","Red","1","Guardian","Front","","","","Skill_C_031_01_R","None","GradeUp_Guardian","SkillLvUp_Red","","5000","1","1","0.5","1","1","1","50","5000","100","Physical","30","2","400","20","0","0","150","8","2928","293","500","0","5000","0","0","0","0","0","0","0","","","","","Ind_C_031_S01_G","C031_S01R","Temp_Battle_Se_Effect_011","1","","","BattleEndCameraPreset1"
"Mon_031_S01_R_Lv6","","","Str_Char_031_S01_R_Name","","Monster","M","Red","1","Guardian","Front","","","","Skill_C_031_01_R","None","GradeUp_Guardian","SkillLvUp_Red","","5000","1","1","0.5","1","1","1","50","5000","100","Physical","30","2","400","20","0","0","150","8","3221","322","500","0","5000","0","0","0","0","0","0","0","","","","","Ind_C_031_S01_G","C031_S01R","Temp_Battle_Se_Effect_011","1","","","BattleEndCameraPreset1"
"Mon_031_S01_R_Lv7","","","Str_Char_031_S01_R_Name","","Monster","M","Red","1","Guardian","Front","","","","Skill_C_031_01_R","None","GradeUp_Guardian","SkillLvUp_Red","","5000","1","1","0.5","1","1","1","50","5000","100","Physical","30","2","400","20","0","0","150","8","3543","354","500","0","5000","0","0","0","0","0","0","0","","","","","Ind_C_031_S01_G","C031_S01R","Temp_Battle_Se_Effect_011","1","","","BattleEndCameraPreset1"
"Mon_031_S01_R_Lv8","","","Str_Char_031_S01_R_Name","","Monster","M","Red","1","Guardian","Front","","","","Skill_C_031_01_R","None","GradeUp_Guardian","SkillLvUp_Red","","5000","1","1","0.5","1","1","1","50","5000","100","Physical","60","4","600","30","0","0","300","15","8030","803","500","0","5000","0","0","0","0","0","0","0","","","","","Ind_C_031_S01_G","C031_S01R","Temp_Battle_Se_Effect_011","1","","","BattleEndCameraPreset1"
"Mon_031_S01_G_Lv1","","","Str_Char_031_S01_G_Name","","Monster","M","Green","1","Guardian","Front","","","","Skill_C_031_01_G","None","GradeUp_Guardian","SkillLvUp_Green","","5000","1","1","0.5","1","1","1","50","5000","100","Physical","30","2","400","20","0","0","150","8","2000","200","500","0","5000","0","0","0","0","0","0","0","","","","","Ind_C_031_S01_G","C031_S01G","Temp_Battle_Se_Effect_011","1","","","BattleEndCameraPreset1"
"Mon_031_S01_G_Lv2","","","Str_Char_031_S01_G_Name","","Monster","M","Green","1","Guardian","Front","","","","Skill_C_031_01_G","None","GradeUp_Guardian","SkillLvUp_Green","","5000","1","1","0.5","1","1","1","50","5000","100","Physical","30","2","400","20","0","0","150","8","2200","220","500","0","5000","0","0","0","0","0","0","0","","","","","Ind_C_031_S01_G","C031_S01G","Temp_Battle_Se_Effect_011","1","","","BattleEndCameraPreset1"
"Mon_031_S01_G_Lv3","","","Str_Char_031_S01_G_Name","","Monster","M","Green","1","Guardian","Front","","","","Skill_C_031_01_G","None","GradeUp_Guardian","SkillLvUp_Green","","5000","1","1","0.5","1","1","1","50","5000","100","Physical","30","2","400","20","0","0","150","8","2420","242","500","0","5000","0","0","0","0","0","0","0","","","","","Ind_C_031_S01_G","C031_S01G","Temp_Battle_Se_Effect_011","1","","","BattleEndCameraPreset1"
"Mon_031_S01_G_Lv4","","","Str_Char_031_S01_G_Name","","Monster","M","Green","1","Guardian","Front","","","","Skill_C_031_01_G","None","GradeUp_Guardian","SkillLvUp_Green","","5000","1","1","0.5","1","1","1","50","5000","100","Physical","30","2","400","20","0","0","150","8","2662","266","500","0","5000","0","0","0","0","0","0","0","","","","","Ind_C_031_S01_G","C031_S01G","Temp_Battle_Se_Effect_011","1","","","BattleEndCameraPreset1"
"Mon_031_S01_G_Lv5","","","Str_Char_031_S01_G_Name","","Monster","M","Green","1","Guardian","Front","","","","Skill_C_031_01_G","None","GradeUp_Guardian","SkillLvUp_Green","","5000","1","1","0.5","1","1","1","50","5000","100","Physical","30","2","400","20","0","0","150","8","2928","293","500","0","5000","0","0","0","0","0","0","0","","","","","Ind_C_031_S01_G","C031_S01G","Temp_Battle_Se_Effect_011","1","","","BattleEndCameraPreset1"
"Mon_031_S01_G_Lv6","","","Str_Char_031_S01_G_Name","","Monster","M","Green","1","Guardian","Front","","","","Skill_C_031_01_G","None","GradeUp_Guardian","SkillLvUp_Green","","5000","1","1","0.5","1","1","1","50","5000","100","Physical","30","2","400","20","0","0","150","8","3221","322","500","0","5000","0","0","0","0","0","0","0","","","","","Ind_C_031_S01_G","C031_S01G","Temp_Battle_Se_Effect_011","1","","","BattleEndCameraPreset1"
"Mon_031_S01_G_Lv7","","","Str_Char_031_S01_G_Name","","Monster","M","Green","1","Guardian","Front","","","","Skill_C_031_01_G","None","GradeUp_Guardian","SkillLvUp_Green","","5000","1","1","0.5","1","1","1","50","5000","100","Physical","30","2","400","20","0","0","150","8","3543","354","500","0","5000","0","0","0","0","0","0","0","","","","","Ind_C_031_S01_G","C031_S01G","Temp_Battle_Se_Effect_011","1","","","BattleEndCameraPreset1"
"Mon_031_S01_G_Lv8","","","Str_Char_031_S01_G_Name","","Monster","M","Green","1","Guardian","Front","","","","Skill_C_031_01_G","None","GradeUp_Guardian","SkillLvUp_Green","","5000","1","1","0.5","1","1","1","50","5000","100","Physical","60","4","600","30","0","0","300","15","8030","803","500","0","5000","0","0","0","0","0","0","0","","","","","Ind_C_031_S01_G","C031_S01G","Temp_Battle_Se_Effect_011","1","","","BattleEndCameraPreset1"
"Mon_031_S01_B_Lv1","","","Str_Char_031_S01_B_Name","","Monster","M","Blue","1","Guardian","Front","","","","Skill_C_031_01_B","None","GradeUp_Guardian","SkillLvUp_Blue","","5000","1","1","0.5","1","1","1","50","5000","100","Physical","30","2","400","20","0","0","150","8","2000","200","500","0","5000","0","0","0","0","0","0","0","","","","","Ind_C_031_S01_G","C031_S01B","Temp_Battle_Se_Effect_011","1","","","BattleEndCameraPreset1"
"Mon_031_S01_B_Lv2","","","Str_Char_031_S01_B_Name","","Monster","M","Blue","1","Guardian","Front","","","","Skill_C_031_01_B","None","GradeUp_Guardian","SkillLvUp_Blue","","5000","1","1","0.5","1","1","1","50","5000","100","Physical","30","2","400","20","0","0","150","8","2200","220","500","0","5000","0","0","0","0","0","0","0","","","","","Ind_C_031_S01_G","C031_S01B","Temp_Battle_Se_Effect_011","1","","","BattleEndCameraPreset1"
"Mon_031_S01_B_Lv3","","","Str_Char_031_S01_B_Name","","Monster","M","Blue","1","Guardian","Front","","","","Skill_C_031_01_B","None","GradeUp_Guardian","SkillLvUp_Blue","","5000","1","1","0.5","1","1","1","50","5000","100","Physical","30","2","400","20","0","0","150","8","2420","242","500","0","5000","0","0","0","0","0","0","0","","","","","Ind_C_031_S01_G","C031_S01B","Temp_Battle_Se_Effect_011","1","","","BattleEndCameraPreset1"
"Mon_031_S01_B_Lv4","","","Str_Char_031_S01_B_Name","","Monster","M","Blue","1","Guardian","Front","","","","Skill_C_031_01_B","None","GradeUp_Guardian","SkillLvUp_Blue","","5000","1","1","0.5","1","1","1","50","5000","100","Physical","30","2","400","20","0","0","150","8","2662","266","500","0","5000","0","0","0","0","0","0","0","","","","","Ind_C_031_S01_G","C031_S01B","Temp_Battle_Se_Effect_011","1","","","BattleEndCameraPreset1"
"Mon_031_S01_B_Lv5","","","Str_Char_031_S01_B_Name","","Monster","M","Blue","1","Guardian","Front","","","","Skill_C_031_01_B","None","GradeUp_Guardian","SkillLvUp_Blue","","5000","1","1","0.5","1","1","1","50","5000","100","Physical","30","2","400","20","0","0","150","8","2928","293","500","0","5000","0","0","0","0","0","0","0","","","","","Ind_C_031_S01_G","C031_S01B","Temp_Battle_Se_Effect_011","1","","","BattleEndCameraPreset1"
"Mon_031_S01_B_Lv6","","","Str_Char_031_S01_B_Name","","Monster","M","Blue","1","Guardian","Front","","","","Skill_C_031_01_B","None","GradeUp_Guardian","SkillLvUp_Blue","","5000","1","1","0.5","1","1","1","50","5000","100","Physical","30","2","400","20","0","0","150","8","3221","322","500","0","5000","0","0","0","0","0","0","0","","","","","Ind_C_031_S01_G","C031_S01B","Temp_Battle_Se_Effect_011","1","","","BattleEndCameraPreset1"
"Mon_031_S01_B_Lv7","","","Str_Char_031_S01_B_Name","","Monster","M","Blue","1","Guardian","Front","","","","Skill_C_031_01_B","None","GradeUp_Guardian","SkillLvUp_Blue","","5000","1","1","0.5","1","1","1","50","5000","100","Physical","30","2","400","20","0","0","150","8","3543","354","500","0","5000","0","0","0","0","0","0","0","","","","","Ind_C_031_S01_G","C031_S01B","Temp_Battle_Se_Effect_011","1","","","BattleEndCameraPreset1"
"Mon_031_S01_B_Lv8","","","Str_Char_031_S01_B_Name","","Monster","M","Blue","1","Guardian","Front","","","","Skill_C_031_01_B","None","GradeUp_Guardian","SkillLvUp_Blue","","5000","1","1","0.5","1","1","1","50","5000","100","Physical","60","4","600","30","0","0","300","15","8030","803","500","0","5000","0","0","0","0","0","0","0","","","","","Ind_C_031_S01_G","C031_S01B","Temp_Battle_Se_Effect_011","1","","","BattleEndCameraPreset1"
"Mon_033_S01_R_Lv1","","","Str_Char_033_S01_R_Name","","Monster","M","Red","1","Sorcerer","Middle","","","","Skill_C_033_01_R","None","GradeUp_Sorcerer","SkillLvUp_Red","","5000","1","1.4","0.5","1.4","1","1","50","5000","100","Magical","0","0","50","3","50","4","120","6","1920","192","500","0","5000","0","0","0","0","0","0","0","","","","","Ind_C_033_S01_G","C033_S01R","Temp_Battle_Se_Effect_011","1","","","BattleEndCameraPreset1"
"Mon_033_S01_R_Lv2","","","Str_Char_033_S01_R_Name","","Monster","M","Red","1","Sorcerer","Middle","","","","Skill_C_033_01_R","None","GradeUp_Sorcerer","SkillLvUp_Red","","5000","1","1.4","0.5","1.4","1","1","50","5000","100","Magical","0","0","50","3","50","4","120","6","1760","176","500","0","5000","0","0","0","0","0","0","0","","","","","Ind_C_033_S01_G","C033_S01R","Temp_Battle_Se_Effect_011","1","","","BattleEndCameraPreset1"
"Mon_033_S01_R_Lv3","","","Str_Char_033_S01_R_Name","","Monster","M","Red","1","Sorcerer","Middle","","","","Skill_C_033_01_R","None","GradeUp_Sorcerer","SkillLvUp_Red","","5000","1","1.4","0.5","1.4","1","1","50","5000","100","Magical","0","0","50","3","50","4","120","6","1936","194","500","0","5000","0","0","0","0","0","0","0","","","","","Ind_C_033_S01_G","C033_S01R","Temp_Battle_Se_Effect_011","1","","","BattleEndCameraPreset1"
"Mon_033_S01_R_Lv4","","","Str_Char_033_S01_R_Name","","Monster","M","Red","1","Sorcerer","Middle","","","","Skill_C_033_01_R","None","GradeUp_Sorcerer","SkillLvUp_Red","","5000","1","1.4","0.5","1.4","1","1","50","5000","100","Magical","0","0","50","3","50","4","120","6","2130","213","500","0","5000","0","0","0","0","0","0","0","","","","","Ind_C_033_S01_G","C033_S01R","Temp_Battle_Se_Effect_011","1","","","BattleEndCameraPreset1"
"Mon_033_S01_R_Lv5","","","Str_Char_033_S01_R_Name","","Monster","M","Red","1","Sorcerer","Middle","","","","Skill_C_033_01_R","None","GradeUp_Sorcerer","SkillLvUp_Red","","5000","1","1.4","0.5","1.4","1","1","50","5000","100","Magical","0","0","50","3","50","4","120","6","2343","234","500","0","5000","0","0","0","0","0","0","0","","","","","Ind_C_033_S01_G","C033_S01R","Temp_Battle_Se_Effect_011","1","","","BattleEndCameraPreset1"
"Mon_033_S01_R_Lv6","","","Str_Char_033_S01_R_Name","","Monster","M","Red","1","Sorcerer","Middle","","","","Skill_C_033_01_R","None","GradeUp_Sorcerer","SkillLvUp_Red","","5000","1","1.4","0.5","1.4","1","1","50","5000","100","Magical","0","0","50","3","50","4","120","6","2577","258","500","0","5000","0","0","0","0","0","0","0","","","","","Ind_C_033_S01_G","C033_S01R","Temp_Battle_Se_Effect_011","1","","","BattleEndCameraPreset1"
"Mon_033_S01_R_Lv7","","","Str_Char_033_S01_R_Name","","Monster","M","Red","1","Sorcerer","Middle","","","","Skill_C_033_01_R","None","GradeUp_Sorcerer","SkillLvUp_Red","","5000","1","1.4","0.5","1.4","1","1","50","5000","100","Magical","0","0","50","3","50","4","120","6","2834","283","500","0","5000","0","0","0","0","0","0","0","","","","","Ind_C_033_S01_G","C033_S01R","Temp_Battle_Se_Effect_011","1","","","BattleEndCameraPreset1"
"Mon_033_S01_R_Lv8","","","Str_Char_033_S01_R_Name","","Monster","M","Red","1","Sorcerer","Middle","","","","Skill_C_033_01_R","None","GradeUp_Sorcerer","SkillLvUp_Red","","5000","1","1.4","0.5","1.4","1","1","50","5000","100","Magical","0","0","100","6","200","16","120","6","6422","642","500","0","5000","0","0","0","0","0","0","0","","","","","Ind_C_033_S01_G","C033_S01R","Temp_Battle_Se_Effect_011","1","","","BattleEndCameraPreset1"
"Mon_033_S01_G_Lv1","","","Str_Char_033_S01_G_Name","","Monster","M","Green","1","Sorcerer","Middle","","","","Skill_C_033_01_G","None","GradeUp_Sorcerer","SkillLvUp_Green","","5000","1","1.4","0.5","1.4","1","1","50","5000","100","Magical","0","0","50","3","50","4","120","6","1920","192","500","0","5000","0","0","0","0","0","0","0","","","","","Ind_C_033_S01_G","C033_S01G","Temp_Battle_Se_Effect_011","1","","","BattleEndCameraPreset1"
"Mon_033_S01_G_Lv2","","","Str_Char_033_S01_G_Name","","Monster","M","Green","1","Sorcerer","Middle","","","","Skill_C_033_01_G","None","GradeUp_Sorcerer","SkillLvUp_Green","","5000","1","1.4","0.5","1.4","1","1","50","5000","100","Magical","0","0","50","3","50","4","120","6","1760","176","500","0","5000","0","0","0","0","0","0","0","","","","","Ind_C_033_S01_G","C033_S01G","Temp_Battle_Se_Effect_011","1","","","BattleEndCameraPreset1"
"Mon_033_S01_G_Lv3","","","Str_Char_033_S01_G_Name","","Monster","M","Green","1","Sorcerer","Middle","","","","Skill_C_033_01_G","None","GradeUp_Sorcerer","SkillLvUp_Green","","5000","1","1.4","0.5","1.4","1","1","50","5000","100","Magical","0","0","50","3","50","4","120","6","1936","194","500","0","5000","0","0","0","0","0","0","0","","","","","Ind_C_033_S01_G","C033_S01G","Temp_Battle_Se_Effect_011","1","","","BattleEndCameraPreset1"
"Mon_033_S01_G_Lv4","","","Str_Char_033_S01_G_Name","","Monster","M","Green","1","Sorcerer","Middle","","","","Skill_C_033_01_G","None","GradeUp_Sorcerer","SkillLvUp_Green","","5000","1","1.4","0.5","1.4","1","1","50","5000","100","Magical","0","0","50","3","50","4","120","6","2130","213","500","0","5000","0","0","0","0","0","0","0","","","","","Ind_C_033_S01_G","C033_S01G","Temp_Battle_Se_Effect_011","1","","","BattleEndCameraPreset1"
"Mon_033_S01_G_Lv5","","","Str_Char_033_S01_G_Name","","Monster","M","Green","1","Sorcerer","Middle","","","","Skill_C_033_01_G","None","GradeUp_Sorcerer","SkillLvUp_Green","","5000","1","1.4","0.5","1.4","1","1","50","5000","100","Magical","0","0","50","3","50","4","120","6","2343","234","500","0","5000","0","0","0","0","0","0","0","","","","","Ind_C_033_S01_G","C033_S01G","Temp_Battle_Se_Effect_011","1","","","BattleEndCameraPreset1"
"Mon_033_S01_G_Lv6","","","Str_Char_033_S01_G_Name","","Monster","M","Green","1","Sorcerer","Middle","","","","Skill_C_033_01_G","None","GradeUp_Sorcerer","SkillLvUp_Green","","5000","1","1.4","0.5","1.4","1","1","50","5000","100","Magical","0","0","50","3","50","4","120","6","2577","258","500","0","5000","0","0","0","0","0","0","0","","","","","Ind_C_033_S01_G","C033_S01G","Temp_Battle_Se_Effect_011","1","","","BattleEndCameraPreset1"
"Mon_033_S01_G_Lv7","","","Str_Char_033_S01_G_Name","","Monster","M","Green","1","Sorcerer","Middle","","","","Skill_C_033_01_G","None","GradeUp_Sorcerer","SkillLvUp_Green","","5000","1","1.4","0.5","1.4","1","1","50","5000","100","Magical","0","0","50","3","50","4","120","6","2834","283","500","0","5000","0","0","0","0","0","0","0","","","","","Ind_C_033_S01_G","C033_S01G","Temp_Battle_Se_Effect_011","1","","","BattleEndCameraPreset1"
"Mon_033_S01_G_Lv8","","","Str_Char_033_S01_G_Name","","Monster","M","Green","1","Sorcerer","Middle","","","","Skill_C_033_01_G","None","GradeUp_Sorcerer","SkillLvUp_Green","","5000","1","1.4","0.5","1.4","1","1","50","5000","100","Magical","0","0","100","6","200","16","120","6","6422","642","500","0","5000","0","0","0","0","0","0","0","","","","","Ind_C_033_S01_G","C033_S01G","Temp_Battle_Se_Effect_011","1","","","BattleEndCameraPreset1"
"Mon_033_S01_B_Lv1","","","Str_Char_033_S01_B_Name","","Monster","M","Blue","1","Sorcerer","Middle","","","","Skill_C_033_01_B","None","GradeUp_Sorcerer","SkillLvUp_Blue","","5000","1","1.4","0.5","1.4","1","1","50","5000","100","Magical","0","0","50","3","50","4","120","6","1920","192","500","0","5000","0","0","0","0","0","0","0","","","","","Ind_C_033_S01_G","C033_S01B","Temp_Battle_Se_Effect_011","1","","","BattleEndCameraPreset1"
"Mon_033_S01_B_Lv2","","","Str_Char_033_S01_B_Name","","Monster","M","Blue","1","Sorcerer","Middle","","","","Skill_C_033_01_B","None","GradeUp_Sorcerer","SkillLvUp_Blue","","5000","1","1.4","0.5","1.4","1","1","50","5000","100","Magical","0","0","50","3","50","4","120","6","1760","176","500","0","5000","0","0","0","0","0","0","0","","","","","Ind_C_033_S01_G","C033_S01B","Temp_Battle_Se_Effect_011","1","","","BattleEndCameraPreset1"
"Mon_033_S01_B_Lv3","","","Str_Char_033_S01_B_Name","","Monster","M","Blue","1","Sorcerer","Middle","","","","Skill_C_033_01_B","None","GradeUp_Sorcerer","SkillLvUp_Blue","","5000","1","1.4","0.5","1.4","1","1","50","5000","100","Magical","0","0","50","3","50","4","120","6","1936","194","500","0","5000","0","0","0","0","0","0","0","","","","","Ind_C_033_S01_G","C033_S01B","Temp_Battle_Se_Effect_011","1","","","BattleEndCameraPreset1"
"Mon_033_S01_B_Lv4","","","Str_Char_033_S01_B_Name","","Monster","M","Blue","1","Sorcerer","Middle","","","","Skill_C_033_01_B","None","GradeUp_Sorcerer","SkillLvUp_Blue","","5000","1","1.4","0.5","1.4","1","1","50","5000","100","Magical","0","0","50","3","50","4","120","6","2130","213","500","0","5000","0","0","0","0","0","0","0","","","","","Ind_C_033_S01_G","C033_S01B","Temp_Battle_Se_Effect_011","1","","","BattleEndCameraPreset1"
"Mon_033_S01_B_Lv5","","","Str_Char_033_S01_B_Name","","Monster","M","Blue","1","Sorcerer","Middle","","","","Skill_C_033_01_B","None","GradeUp_Sorcerer","SkillLvUp_Blue","","5000","1","1.4","0.5","1.4","1","1","50","5000","100","Magical","0","0","50","3","50","4","120","6","2343","234","500","0","5000","0","0","0","0","0","0","0","","","","","Ind_C_033_S01_G","C033_S01B","Temp_Battle_Se_Effect_011","1","","","BattleEndCameraPreset1"
"Mon_033_S01_B_Lv6","","","Str_Char_033_S01_B_Name","","Monster","M","Blue","1","Sorcerer","Middle","","","","Skill_C_033_01_B","None","GradeUp_Sorcerer","SkillLvUp_Blue","","5000","1","1.4","0.5","1.4","1","1","50","5000","100","Magical","0","0","50","3","50","4","120","6","2577","258","500","0","5000","0","0","0","0","0","0","0","","","","","Ind_C_033_S01_G","C033_S01B","Temp_Battle_Se_Effect_011","1","","","BattleEndCameraPreset1"
"Mon_033_S01_B_Lv7","","","Str_Char_033_S01_B_Name","","Monster","M","Blue","1","Sorcerer","Middle","","","","Skill_C_033_01_B","None","GradeUp_Sorcerer","SkillLvUp_Blue","","5000","1","1.4","0.5","1.4","1","1","50","5000","100","Magical","0","0","50","3","50","4","120","6","2834","283","500","0","5000","0","0","0","0","0","0","0","","","","","Ind_C_033_S01_G","C033_S01B","Temp_Battle_Se_Effect_011","1","","","BattleEndCameraPreset1"
"Mon_033_S01_B_Lv8","","","Str_Char_033_S01_B_Name","","Monster","M","Blue","1","Sorcerer","Middle","","","","Skill_C_033_01_B","None","GradeUp_Sorcerer","SkillLvUp_Blue","","5000","1","1.4","0.5","1.4","1","1","50","5000","100","Magical","0","0","100","6","200","16","120","6","6422","642","500","0","5000","0","0","0","0","0","0","0","","","","","Ind_C_033_S01_G","C033_S01B","Temp_Battle_Se_Effect_011","1","","","BattleEndCameraPreset1"
"Mon_513_S01_R_Lv1","","","Str_Char_513_S01_R_Name","","Monster","M","Red","1","Mage","Back","","","","Skill_C_513_01_R","None","GradeUp_Mage","SkillLvUp_Red","","5000","1","1","0.5","1","1","1","50","5000","100","Magical","0","0","20","1","60","5","30","2","1800","180","500","0","5000","0","0","0","0","0","0","0","","","","","Ind_C_513_S01_G","C513_S01R","Temp_Battle_Se_Effect_011","1","","","BattleEndCameraPreset1"
"Mon_513_S01_R_Lv2","","","Str_Char_513_S01_R_Name","","Monster","M","Red","1","Mage","Back","","","","Skill_C_513_01_R","None","GradeUp_Mage","SkillLvUp_Red","","5000","1","1","0.5","1","1","1","50","5000","100","Magical","0","0","20","1","60","5","30","2","1650","165","500","0","5000","0","0","0","0","0","0","0","","","","","Ind_C_513_S01_G","C513_S01R","Temp_Battle_Se_Effect_011","1","","","BattleEndCameraPreset1"
"Mon_513_S01_R_Lv3","","","Str_Char_513_S01_R_Name","","Monster","M","Red","1","Mage","Back","","","","Skill_C_513_01_R","None","GradeUp_Mage","SkillLvUp_Red","","5000","1","1","0.5","1","1","1","50","5000","100","Magical","0","0","20","1","60","5","30","2","1815","182","500","0","5000","0","0","0","0","0","0","0","","","","","Ind_C_513_S01_G","C513_S01R","Temp_Battle_Se_Effect_011","1","","","BattleEndCameraPreset1"
"Mon_513_S01_R_Lv4","","","Str_Char_513_S01_R_Name","","Monster","M","Red","1","Mage","Back","","","","Skill_C_513_01_R","None","GradeUp_Mage","SkillLvUp_Red","","5000","1","1","0.5","1","1","1","50","5000","100","Magical","0","0","20","1","60","5","30","2","1997","200","500","0","5000","0","0","0","0","0","0","0","","","","","Ind_C_513_S01_G","C513_S01R","Temp_Battle_Se_Effect_011","1","","","BattleEndCameraPreset1"
"Mon_513_S01_R_Lv5","","","Str_Char_513_S01_R_Name","","Monster","M","Red","1","Mage","Back","","","","Skill_C_513_01_R","None","GradeUp_Mage","SkillLvUp_Red","","5000","1","1","0.5","1","1","1","50","5000","100","Magical","0","0","20","1","60","5","30","2","2196","220","500","0","5000","0","0","0","0","0","0","0","","","","","Ind_C_513_S01_G","C513_S01R","Temp_Battle_Se_Effect_011","1","","","BattleEndCameraPreset1"
"Mon_513_S01_R_Lv6","","","Str_Char_513_S01_R_Name","","Monster","M","Red","1","Mage","Back","","","","Skill_C_513_01_R","None","GradeUp_Mage","SkillLvUp_Red","","5000","1","1","0.5","1","1","1","50","5000","100","Magical","0","0","20","1","60","5","30","2","2416","242","500","0","5000","0","0","0","0","0","0","0","","","","","Ind_C_513_S01_G","C513_S01R","Temp_Battle_Se_Effect_011","1","","","BattleEndCameraPreset1"
"Mon_513_S01_R_Lv7","","","Str_Char_513_S01_R_Name","","Monster","M","Red","1","Mage","Back","","","","Skill_C_513_01_R","None","GradeUp_Mage","SkillLvUp_Red","","5000","1","1","0.5","1","1","1","50","5000","100","Magical","0","0","20","1","60","5","30","2","2657","266","500","0","5000","0","0","0","0","0","0","0","","","","","Ind_C_513_S01_G","C513_S01R","Temp_Battle_Se_Effect_011","1","","","BattleEndCameraPreset1"
"Mon_513_S01_R_Lv8","","","Str_Char_513_S01_R_Name","","Monster","M","Red","1","Mage","Back","","","","Skill_C_513_01_R","None","GradeUp_Mage","SkillLvUp_Red","","5000","1","1","0.5","1","1","1","50","5000","100","Magical","0","0","40","2","120","10","60","4","5514","551","500","0","5000","0","0","0","0","0","0","0","","","","","Ind_C_513_S01_G","C513_S01R","Temp_Battle_Se_Effect_011","1","","","BattleEndCameraPreset1"
"Mon_513_S01_G_Lv1","","","Str_Char_513_S01_G_Name","","Monster","M","Green","1","Mage","Back","","","","Skill_C_513_01_G","None","GradeUp_Mage","SkillLvUp_Green","","5000","1","1","0.5","1","1","1","50","5000","100","Magical","0","0","20","1","60","5","30","2","1800","180","500","0","5000","0","0","0","0","0","0","0","","","","","Ind_C_513_S01_G","C513_S01G","Temp_Battle_Se_Effect_011","1","","","BattleEndCameraPreset1"
"Mon_513_S01_G_Lv2","","","Str_Char_513_S01_G_Name","","Monster","M","Green","1","Mage","Back","","","","Skill_C_513_01_G","None","GradeUp_Mage","SkillLvUp_Green","","5000","1","1","0.5","1","1","1","50","5000","100","Magical","0","0","20","1","60","5","30","2","1650","165","500","0","5000","0","0","0","0","0","0","0","","","","","Ind_C_513_S01_G","C513_S01G","Temp_Battle_Se_Effect_011","1","","","BattleEndCameraPreset1"
"Mon_513_S01_G_Lv3","","","Str_Char_513_S01_G_Name","","Monster","M","Green","1","Mage","Back","","","","Skill_C_513_01_G","None","GradeUp_Mage","SkillLvUp_Green","","5000","1","1","0.5","1","1","1","50","5000","100","Magical","0","0","20","1","60","5","30","2","1815","182","500","0","5000","0","0","0","0","0","0","0","","","","","Ind_C_513_S01_G","C513_S01G","Temp_Battle_Se_Effect_011","1","","","BattleEndCameraPreset1"
"Mon_513_S01_G_Lv4","","","Str_Char_513_S01_G_Name","","Monster","M","Green","1","Mage","Back","","","","Skill_C_513_01_G","None","GradeUp_Mage","SkillLvUp_Green","","5000","1","1","0.5","1","1","1","50","5000","100","Magical","0","0","20","1","60","5","30","2","1997","200","500","0","5000","0","0","0","0","0","0","0","","","","","Ind_C_513_S01_G","C513_S01G","Temp_Battle_Se_Effect_011","1","","","BattleEndCameraPreset1"
"Mon_513_S01_G_Lv5","","","Str_Char_513_S01_G_Name","","Monster","M","Green","1","Mage","Back","","","","Skill_C_513_01_G","None","GradeUp_Mage","SkillLvUp_Green","","5000","1","1","0.5","1","1","1","50","5000","100","Magical","0","0","20","1","60","5","30","2","2196","220","500","0","5000","0","0","0","0","0","0","0","","","","","Ind_C_513_S01_G","C513_S01G","Temp_Battle_Se_Effect_011","1","","","BattleEndCameraPreset1"
"Mon_513_S01_G_Lv6","","","Str_Char_513_S01_G_Name","","Monster","M","Green","1","Mage","Back","","","","Skill_C_513_01_G","None","GradeUp_Mage","SkillLvUp_Green","","5000","1","1","0.5","1","1","1","50","5000","100","Magical","0","0","20","1","60","5","30","2","2416","242","500","0","5000","0","0","0","0","0","0","0","","","","","Ind_C_513_S01_G","C513_S01G","Temp_Battle_Se_Effect_011","1","","","BattleEndCameraPreset1"
"Mon_513_S01_G_Lv7","","","Str_Char_513_S01_G_Name","","Monster","M","Green","1","Mage","Back","","","","Skill_C_513_01_G","None","GradeUp_Mage","SkillLvUp_Green","","5000","1","1","0.5","1","1","1","50","5000","100","Magical","0","0","20","1","60","5","30","2","2657","266","500","0","5000","0","0","0","0","0","0","0","","","","","Ind_C_513_S01_G","C513_S01G","Temp_Battle_Se_Effect_011","1","","","BattleEndCameraPreset1"
"Mon_513_S01_G_Lv8","","","Str_Char_513_S01_G_Name","","Monster","M","Green","1","Mage","Back","","","","Skill_C_513_01_G","None","GradeUp_Mage","SkillLvUp_Green","","5000","1","1","0.5","1","1","1","50","5000","100","Magical","0","0","40","2","120","10","60","4","5514","551","500","0","5000","0","0","0","0","0","0","0","","","","","Ind_C_513_S01_G","C513_S01G","Temp_Battle_Se_Effect_011","1","","","BattleEndCameraPreset1"
"Mon_513_S01_B_Lv1","","","Str_Char_513_S01_B_Name","","Monster","M","Blue","1","Mage","Back","","","","Skill_C_513_01_B","None","GradeUp_Mage","SkillLvUp_Blue","","5000","1","1","0.5","1","1","1","50","5000","100","Magical","0","0","20","1","60","5","30","2","1800","180","500","0","5000","0","0","0","0","0","0","0","","","","","Ind_C_513_S01_G","C513_S01B","Temp_Battle_Se_Effect_011","1","","","BattleEndCameraPreset1"
"Mon_513_S01_B_Lv2","","","Str_Char_513_S01_B_Name","","Monster","M","Blue","1","Mage","Back","","","","Skill_C_513_01_B","None","GradeUp_Mage","SkillLvUp_Blue","","5000","1","1","0.5","1","1","1","50","5000","100","Magical","0","0","20","1","60","5","30","2","1650","165","500","0","5000","0","0","0","0","0","0","0","","","","","Ind_C_513_S01_G","C513_S01B","Temp_Battle_Se_Effect_011","1","","","BattleEndCameraPreset1"
"Mon_513_S01_B_Lv3","","","Str_Char_513_S01_B_Name","","Monster","M","Blue","1","Mage","Back","","","","Skill_C_513_01_B","None","GradeUp_Mage","SkillLvUp_Blue","","5000","1","1","0.5","1","1","1","50","5000","100","Magical","0","0","20","1","60","5","30","2","1815","182","500","0","5000","0","0","0","0","0","0","0","","","","","Ind_C_513_S01_G","C513_S01B","Temp_Battle_Se_Effect_011","1","","","BattleEndCameraPreset1"
"Mon_513_S01_B_Lv4","","","Str_Char_513_S01_B_Name","","Monster","M","Blue","1","Mage","Back","","","","Skill_C_513_01_B","None","GradeUp_Mage","SkillLvUp_Blue","","5000","1","1","0.5","1","1","1","50","5000","100","Magical","0","0","20","1","60","5","30","2","1997","200","500","0","5000","0","0","0","0","0","0","0","","","","","Ind_C_513_S01_G","C513_S01B","Temp_Battle_Se_Effect_011","1","","","BattleEndCameraPreset1"
"Mon_513_S01_B_Lv5","","","Str_Char_513_S01_B_Name","","Monster","M","Blue","1","Mage","Back","","","","Skill_C_513_01_B","None","GradeUp_Mage","SkillLvUp_Blue","","5000","1","1","0.5","1","1","1","50","5000","100","Magical","0","0","20","1","60","5","30","2","2196","220","500","0","5000","0","0","0","0","0","0","0","","","","","Ind_C_513_S01_G","C513_S01B","Temp_Battle_Se_Effect_011","1","","","BattleEndCameraPreset1"
"Mon_513_S01_B_Lv6","","","Str_Char_513_S01_B_Name","","Monster","M","Blue","1","Mage","Back","","","","Skill_C_513_01_B","None","GradeUp_Mage","SkillLvUp_Blue","","5000","1","1","0.5","1","1","1","50","5000","100","Magical","0","0","20","1","60","5","30","2","2416","242","500","0","5000","0","0","0","0","0","0","0","","","","","Ind_C_513_S01_G","C513_S01B","Temp_Battle_Se_Effect_011","1","","","BattleEndCameraPreset1"
"Mon_513_S01_B_Lv7","","","Str_Char_513_S01_B_Name","","Monster","M","Blue","1","Mage","Back","","","","Skill_C_513_01_B","None","GradeUp_Mage","SkillLvUp_Blue","","5000","1","1","0.5","1","1","1","50","5000","100","Magical","0","0","20","1","60","5","30","2","2657","266","500","0","5000","0","0","0","0","0","0","0","","","","","Ind_C_513_S01_G","C513_S01B","Temp_Battle_Se_Effect_011","1","","","BattleEndCameraPreset1"
"Mon_513_S01_B_Lv8","","","Str_Char_513_S01_B_Name","","Monster","M","Blue","1","Mage","Back","","","","Skill_C_513_01_B","None","GradeUp_Mage","SkillLvUp_Blue","","5000","1","1","0.5","1","1","1","50","5000","100","Magical","0","0","40","2","120","10","60","4","5514","551","500","0","5000","0","0","0","0","0","0","0","","","","","Ind_C_513_S01_G","C513_S01B","Temp_Battle_Se_Effect_011","1","","","BattleEndCameraPreset1"
"Mon_900_S01_R","","","Str_Char_900_S01_R_Name","","Monster","M","Red","1","Guardian","Front","","","","Skill_C_900_01_R","None","GradeUp_Guardian","SkillLvUp_Red","","5000","1","1","0.5","1","1","1","50","5000","100","Physical","30","2","125","6","0","0","75","4","1200","204","500","0","5000","0","0","0","0","0","0","0","","","","","Ind_C_900_S01_R","C900_S01R","Temp_Battle_Se_Effect_011","1","","","BattleEndCameraPreset1"
"Mon_901_S01_R","","","Str_Char_901_S01_R_Name","","Monster","M","Red","1","Sorcerer","Middle","","","","Skill_C_901_01_R","None","GradeUp_Sorcerer","SkillLvUp_Red","","5000","1","1.4","0.5","1.4","1","1","50","5000","100","Magical","0","0","15","4","50","5","25","3","900","96","500","0","5000","0","0","0","0","0","0","0","","","","","Ind_C_901_S01_R","C901_S01R","Temp_Battle_Se_Effect_011","1","","","BattleEndCameraPreset1"
"Mon_902_S01_R","","","Str_Char_902_S01_R_Name","","Monster","M","Red","1","Cleric","Back","","","","Skill_C_902_01_R","None","GradeUp_Cleric","SkillLvUp_Red","","5000","1","1","0.5","1","1","1","50","5000","100","Magical","0","0","25","4","46","4","50","3","960","96","500","0","5000","0","0","0","0","0","0","0","","","","","Ind_C_902_S01_R","C902_S01R","Temp_Battle_Se_Effect_011","1","","","BattleEndCameraPreset1"
"Mon_900_BIG","","","Str_Char_900_S01_Big_Name","","Monster","M","Red","1","Guardian","Front","","","","Skill_C_900_01_R","None","GradeUp_Guardian","SkillLvUp_Red","","5000","1","1","0.5","1","1","1","50","5000","100","Physical","60","4","150","8","0","0","80","6","13000","2600","500","0","5000","0","0","0","0","0","0","0","","","","","Ind_C_900_S01_R","C900_S01R","Temp_Battle_Se_Effect_011","1.6","","","BattleEndCameraPreset1"
"Mon_021_SB","","Str_Char_021_S01_R_Title","Str_Char_021_S01_R_Name","Str_Char_021_S01_R_Desc","Boss","M","Red","1","Guardian","Front","","","","Skill_C_021_01_R","CharRotation","GradeUp_Guardian","SkillLvUp_Red","","5000","1","1.9","0.5","1.4","1","4","129","6360","146","Physical","30","2","120","4","0","0","90","4","8000","1600","500","0","5000","0","0","0","0","0","0","0","","","","","Ind_C_021_S01_R","C021_S01R","Temp_Battle_Se_Effect_011","1","","","BattleEndCameraPreset1"
"Mon_537_SB","","Str_Char_537_S01_R_Title","Str_Char_537_S01_R_Name","Str_Char_537_S01_R_Desc","Monster","M","Red","1","Guardian","Front","","","","Skill_C_537_01_R","None","GradeUp_Guardian","SkillLvUp_Red","","5000","1","1.9","0.5","1.4","1","1","50","5000","100","Physical","30","2","120","4","0","0","90","4","6000","1200","500","0","5000","0","0","0","0","0","0","0","","","","","Ind_C_537_S01_R","C537_S01R","Temp_Battle_Se_Effect_011","1","","","BattleEndCameraPreset1"
"Mon_589_SB","","","Str_Char_589_S01_R_Name","","Monster","M","Red","1","Sorcerer","Middle","","","","Skill_C_589_01_R","None","GradeUp_Sorcerer","SkillLvUp_Red","","5000","1","1.4","0.5","1.4","1","1","50","5000","100","Magical","0","0","15","4","50","5","25","3","1800","144","500","0","5000","0","0","0","0","0","0","0","","","","","Ind_C_589_S01_R","C589_S01R","Temp_Battle_Se_Effect_011","1","","","BattleEndCameraPreset1"
"Mon_525_SB","","","Str_Char_525_S01_R_Name","","Monster","M","Red","1","Shooter","Back","","","","Skill_C_525_01_R","None","GradeUp_Shooter","SkillLvUp_Red","","5000","1","1.4","0.5","1.4","1","1","50","5000","100","Physical","30","3","15","4","0","0","10","3","1560","113","500","0","5000","0","0","0","0","0","0","0","","","","","Ind_C_525_S01_R","C525_S01R","Temp_Battle_Se_Effect_011","1","","","BattleEndCameraPreset1"
"Mon_900_S01_R2","","","Str_Char_900_S01_R_Name","","Monster","M","Red","1","Guardian","Front","","","","Skill_C_900_01_R","None","GradeUp_Guardian","SkillLvUp_Red","","5000","1","1","0.5","1","1","1","50","5000","100","Physical","30","2","170","5","0","0","90","4","8000","1600","500","0","5000","0","0","0","0","0","0","0","","","","","Ind_C_900_S01_R","C900_S01R","Temp_Battle_Se_Effect_011","1","","","BattleEndCameraPreset1"
"Mon_901_S01_R2","","","Str_Char_901_S01_R_Name","","Monster","M","Red","1","Sorcerer","Middle","","","","Skill_C_901_01_R","None","GradeUp_Sorcerer","SkillLvUp_Red","","5000","1","1.4","0.5","1.4","1","1","50","5000","100","Magical","0","0","90","5","50","5","40","3","4000","800","500","0","5000","0","0","0","0","0","0","0","","","","","Ind_C_901_S01_R","C901_S01R","Temp_Battle_Se_Effect_011","1","","","BattleEndCameraPreset1"
"Mon_902_S01_R2","","","Str_Char_902_S01_R_Name","","Monster","M","Red","1","Cleric","Back","","","","Skill_C_902_01_R","None","GradeUp_Cleric","SkillLvUp_Red","","5000","1","1","0.5","1","1","1","50","5000","100","Magical","0","0","120","5","46","4","60","3","3000","600","500","0","5000","0","0","0","0","0","0","0","","","","","Ind_C_902_S01_R","C902_S01R","Temp_Battle_Se_Effect_011","1","","","BattleEndCameraPreset1"
"Mon_024_SB","","","Str_Char_024_S01_G_Name","","Monster","M","Green","1","Guardian","Front","","","","Skill_C_024_01_G","None","GradeUp_Guardian","SkillLvUp_Green","","5000","1","1.9","0.5","1.4","1","1","50","5000","100","Physical","30","2","150","8","0","0","75","5","8000","1600","500","0","5000","0","0","0","0","0","0","0","","","","","Ind_C_024_S01_G","C024_S01G","Temp_Battle_Se_Effect_011","1","","","BattleEndCameraPreset1"
"Mon_588_SB","","","Str_Char_588_S01_G_Name","","Monster","M","Green","1","Sorcerer","Middle","","","","Skill_C_588_01_G","None","GradeUp_Sorcerer","SkillLvUp_Green","","5000","1","1.9","0.5","1.4","1","1","50","5000","100","Magical","0","0","45","5","50","5","25","4","4000","800","500","0","5000","0","0","0","0","0","0","0","","","","","Ind_C_588_S01_G","C588_S01G","Temp_Battle_Se_Effect_011","1","","","BattleEndCameraPreset1"
"Mon_025_SB","","","Str_Char_025_S01_G_Name","","Monster","M","Green","1","Shooter","Back","","","","Skill_C_025_01_G","None","GradeUp_Shooter","SkillLvUp_Green","","5000","1","1.9","0.5","1.4","1","1","50","5000","100","Physical","30","3","45","5","0","0","10","4","3000","600","500","0","5000","0","0","0","0","0","0","0","","","","","Ind_C_025_S01_G","C025_S01G","Temp_Battle_Se_Effect_011","1","","","BattleEndCameraPreset1"
"Mon_064_SB","","Str_Char_064_S01_R_Title","Str_Char_064_S01_R_Name","Str_Char_064_S01_R_Desc","Boss","M","Red","1","Knight","Front","","","","Skill_C_064_01_R","CharRotation","GradeUp_Knight","SkillLvUp_Red","","5000","1","1.4","0.5","1.4","1","4","129","6360","146","Magical","0","0","170","5","30","2","125","7","10000","2000","500","0","5000","0","0","0","0","0","0","0","","","","","Ind_C_064_S01_R","C064_S01R","Temp_Battle_Se_Effect_011","1","","","BattleEndCameraPreset1"
"Mon_555_SB","","","Str_Char_555_S01_R_Name","","Monster","M","Red","1","Ranger","Middle","","","","Skill_C_555_01_R","None","GradeUp_Ranger","SkillLvUp_Red","","5000","1","1","0.5","1","1","1","50","5000","100","Physical","30","3","50","5","0","0","15","3","5000","1000","500","0","5000","0","0","0","0","0","0","0","","","","","Ind_C_555_S01_R","C555_S01R","Temp_Battle_Se_Effect_011","1","","","BattleEndCameraPreset1"
"Mon_556_SB","","","Str_Char_556_S01_R_Name","","Monster","M","Blue","1","Cleric","Back","","","","Skill_C_556_01_R","None","GradeUp_Cleric","SkillLvUp_Blue","","5000","1","1","0.5","1","1","1","50","5000","100","Magical","0","0","50","5","46","4","50","3","6000","1200","500","0","5000","0","0","0","0","0","0","0","","","","","Ind_C_556_S01_R","C556_S01R","Temp_Battle_Se_Effect_011","1","","","BattleEndCameraPreset1"
"Mon_900_S01_R3","","","Str_Char_900_S01_R_Name","","Monster","M","Red","1","Guardian","Front","","","","Skill_C_900_01_R","None","GradeUp_Guardian","SkillLvUp_Red","","5000","1","1","0.5","1","1","1","50","5000","100","Physical","30","2","170","3","0","0","90","4","8000","1500","500","0","5000","0","0","0","0","0","0","0","","","","","Ind_C_900_S01_R","C900_S01R","Temp_Battle_Se_Effect_011","1","","","BattleEndCameraPreset1"
"Mon_901_S01_R3","","","Str_Char_901_S01_R_Name","","Monster","M","Red","1","Sorcerer","Middle","","","","Skill_C_901_01_R","None","GradeUp_Sorcerer","SkillLvUp_Red","","5000","1","1.4","0.5","1.4","1","1","50","5000","100","Magical","0","0","90","3","50","5","40","3","4000","700","500","0","5000","0","0","0","0","0","0","0","","","","","Ind_C_901_S01_R","C901_S01R","Temp_Battle_Se_Effect_011","1","","","BattleEndCameraPreset1"
"Mon_902_S01_R3","","","Str_Char_902_S01_R_Name","","Monster","M","Red","1","Cleric","Back","","","","Skill_C_902_01_R","None","GradeUp_Cleric","SkillLvUp_Red","","5000","1","1","0.5","1","1","1","50","5000","100","Magical","0","0","120","3","46","4","60","3","3000","500","500","0","5000","0","0","0","0","0","0","0","","","","","Ind_C_902_S01_R","C902_S01R","Temp_Battle_Se_Effect_011","1","","","BattleEndCameraPreset1"
"Mon_536_SB","","","Str_Char_536_S01_G_Name","","Monster","M","Green","1","Guardian","Front","","","","Skill_C_536_01_G","None","GradeUp_Guardian","SkillLvUp_Green","","5000","1","1.4","0.5","1.4","1","1","50","5000","100","Physical","15","2","125","4","0","0","75","4","8000","1500","500","0","5000","0","0","0","0","0","0","0","","","","","Ind_C_536_S01_G","C536_S01G","Temp_Battle_Se_Effect_011","1","","","BattleEndCameraPreset1"
"Mon_592_SB","","","Str_Char_592_S01_R_Name","","Monster","M","Red","1","Guardian","Front","","","","Skill_C_592_01_R","None","GradeUp_Guardian","SkillLvUp_Red","","5000","1","1.4","0.5","1.4","1","1","50","5000","100","Physical","15","2","150","5","0","0","75","4","10000","2000","500","0","5000","0","0","0","0","0","0","0","","","","","Ind_C_592_S01_R","C592_S01R","Temp_Battle_Se_Effect_011","1","","","BattleEndCameraPreset1"
"Mon_596_SB","","","Str_Char_596_S01_R_Name","","Boss","M","Red","1","Guardian","Front","","","","Skill_C_596_01_R","None","GradeUp_Guardian","SkillLvUp_Red","","5000","1","2.1","0.5","1.5","1","1","50","5000","100","Physical","15","4","380","5","0","0","75","4","13000","2600","500","0","5000","0","0","0","0","0","0","0","","","","","Ind_C_596_S01_R","C596_S01R","Temp_Battle_Se_Effect_011","1","","","BattleEndCameraPreset1"
"Mon_558_SB","","","Str_Char_558_S01_G_Name","","Monster","M","Green","1","Ranger","Middle","","","","Skill_C_558_01_G","None","GradeUp_Ranger","SkillLvUp_Green","","5000","1","1.9","0.5","1.4","1","1","50","5000","100","Physical","50","3","50","4","0","0","15","3","4000","700","500","0","5000","0","0","0","0","0","0","0","","","","","Ind_C_558_S01_G","C558_S01G","Temp_Battle_Se_Effect_011","1","","","BattleEndCameraPreset1"
"Mon_052_SB","","","Str_Char_052_S01_G_Name","","Monster","M","Green","1","Mage","Back","","","","Skill_C_052_01_G","None","GradeUp_Mage","SkillLvUp_Green","","5000","1","1.9","0.5","1.4","1","1","50","5000","100","Magical","0","0","50","4","60","6","15","3","3000","500","500","0","5000","0","0","0","0","0","0","0","","","","","Ind_C_052_S01_G","C052_S01G","Temp_Battle_Se_Effect_011","1","","","BattleEndCameraPreset1"
"Mon_023_SB","","Str_Char_023_S01_R_Title","Str_Char_023_S01_R_Name","Str_Char_023_S01_R_Desc","Boss","M","Red","1","Fighter","Front","","","","Skill_C_023_01_R","CharRotation","GradeUp_Fighter","SkillLvUp_Red","","5000","1","2.1","0.5","1.5","0.3","3","129","6360","146","Physical","45","7","150","4","0","0","25","3","20000","4000","500","0","5000","0","0","0","0","0","0","0","","","","","Ind_C_023_S01_R","C023_S01R","Temp_Battle_Se_Effect_011","1","","","BattleEndCameraPreset1"
"Mon_112_SB","","","Str_Char_112_S01_B_Name","Str_Char_112_S01_B_Desc","Boss","M","Blue","2","Ranger","Middle","","","","Skill_C_112_01_B","CharRotation","GradeUp_Ranger","SkillLvUp_Blue","","5000","1","1.9","0.5","1.4","1","1","120","3967","100","Physical","20","3","50","2","0","0","13","2","8000","1600","500","0","5000","0","0","0","0","0","0","0","","","","","Ind_C_112_S01_B","C112_S01B","Temp_Battle_Se_Effect_011","1","","","BattleEndCameraPreset1"
"Mon_110_SB1","","","Str_Char_110_S01_G_Name","Str_Char_110_S01_G_Desc","Boss","M","Green","2","Fighter","Front","","","","Skill_C_110_01_G","CharRotation","GradeUp_Fighter","SkillLvUp_Green","","5000","1","1.9","0.5","1.4","0.7","1","129","6360","146","Physical","15","3","100","3","0","0","25","3","23000","4600","500","0","5000","0","0","0","0","0","0","0","","","","","Ind_C_110_S01_G","C110_S01G","Temp_Battle_Se_Effect_011","1","","","BattleEndCameraPreset1"
"Mon_110_SB2","","","Str_Char_110_S01_G_Name","Str_Char_110_S01_G_Desc","Boss","M","Green","2","Fighter","Front","","","","Skill_C_110_01_G","CharRotation","GradeUp_Fighter","SkillLvUp_Green","","5000","1","1.9","0.5","1.4","0.7","1","129","6360","146","Physical","50","3","100","3","0","0","25","3","26000","5200","500","0","5000","0","0","0","0","0","0","0","","","","","Ind_C_110_S01_G","C110_S01G","Temp_Battle_Se_Effect_011","1","","","BattleEndCameraPreset1"
"Mon_005_S01_D","","","Str_Char_005_S01_D_Name","Str_Char_005_S01_D_Desc","HeroMon","M","Blue","2","Guardian","Front","Wea_Sword","Armor_Coat","Acc_Helmet","Skill_C_005_01_D","CharRotation","GradeUp_Char_005","SkillLvUp_Main_Blue_DelMar","SkillLvUp_Sub_Guardian_DelMar","5000","1","1.9","0.5","1.4","1","1","84","10109","75","Physical","150","11","100","5","0","0","250","13","6000","660","500","0","5000","0","0","0","0","0","0","0","","","","Item_Material_HeroGradeUp_Char_005_S01_D","Ind_C_005_S01_D","C005_S01D","Temp_Battle_Se_Effect_011","1","","","BattleEndCameraPreset1"
"Mon_006_S01_G","","","Str_Char_006_S01_G_Name","Str_Char_006_S01_G_Desc","HeroMon","M","Green","1","Knight","Front","Wea_Mace","Armor_Jacket","Acc_HeadDress","Skill_C_006_01_G","CharRotation","GradeUp_Char_006","SkillLvUp_Main_Green_Cellarn","SkillLvUp_Sub_Knight_Cellarn","5000","1","1.9","0.5","1.4","1","1","83","10196","75","Magical","0","0","250","13","150","11","100","5","6000","660","500","0","5000","0","0","0","0","0","0","0","","","","Item_Material_HeroGradeUp_Char_006_S01_G","Ind_C_006_S01_G","C006_S01G","Temp_Battle_Se_Effect_011","1","","","BattleEndCameraPreset1"
"Mon_007_S01_D","","","Str_Char_007_S01_D_Name","Str_Char_007_S01_D_Desc","HeroMon","M","Red","3","Knight","Front","Wea_Mace","Armor_Coat","Acc_Helmet","Skill_C_007_01_D","CharRotation","GradeUp_Char_007","SkillLvUp_Main_Red_DelMar","SkillLvUp_Sub_Knight_DelMar","5000","1","1.9","0.5","1.4","1","1","82","10298","75","Magical","0","0","250","13","150","11","100","5","6000","660","500","0","5000","0","0","0","0","0","0","0","","","","Item_Material_HeroGradeUp_Char_007_S01_D","Ind_C_007_S01_D","C007_S01D","Temp_Battle_Se_Effect_011","1","","","BattleEndCameraPreset1"
"Mon_008_S01_B","","","Str_Char_008_S01_B_Name","Str_Char_008_S01_B_Desc","HeroMon","M","Blue","2","Shooter","Back","Wea_Ranged","Armor_Cape","Acc_Ring","Skill_C_008_01_B","CharRotation","GradeUp_Char_008","SkillLvUp_Main_Blue_Paulhill","SkillLvUp_Sub_Shooter_Paulhill","5000","1","1.9","0.5","1.4","1","1","101","4098","100","Physical","350","35","30","8","0","0","20","5","3900","312","500","0","5000","0","0","0","0","0","0","0","","","","Item_Material_HeroGradeUp_Char_008_S01_B","Ind_C_008_S01_B","C008_S01B","Temp_Battle_Se_Effect_011","1","","","BattleEndCameraPreset1"
"Mon_009_S01_G","","","Str_Char_009_S01_G_Name","Str_Char_009_S01_G_Desc","HeroMon","M","Green","2","Shooter","Back","Wea_Ranged","Armor_Cape","Acc_Ring","Skill_C_009_01_G","CharRotation","GradeUp_Char_009","SkillLvUp_Main_Green_DelMar","SkillLvUp_Sub_Shooter_DelMar","5000","1","1.9","0.5","1.4","1","1","109","3802","100","Physical","350","35","30","8","0","0","20","5","3900","312","500","0","5000","0","0","0","0","0","0","0","","","","Item_Material_HeroGradeUp_Char_009_S01_G","Ind_C_009_S01_G","C009_S01G","Temp_Battle_Se_Effect_011","1","","","BattleEndCameraPreset1"
"Mon_010_S01_B","","","Str_Char_010_S01_B_Name","Str_Char_010_S01_B_Desc","HeroMon","M","Blue","3","Cleric","Back","Wea_Staff","Armor_Cape","Acc_Necklace","Skill_C_010_01_B","CharRotation","GradeUp_Char_010","SkillLvUp_Main_Blue_Cyberia","SkillLvUp_Sub_Cleric_Cyberia","5000","1","1.9","0.5","1.4","1","1","80","5600","75","Magical","0","0","50","8","250","20","100","5","4800","480","500","0","5000","0","0","0","0","0","0","0","","","","Item_Material_HeroGradeUp_Char_010_S01_B","Ind_C_010_S01_B","C010_S01B","Temp_Battle_Se_Effect_011","1","","","BattleEndCameraPreset1"
"Mon_011_S01_R","","","Str_Char_011_S01_R_Name","Str_Char_011_S01_R_Desc","HeroMon","M","Red","3","Fighter","Front","Wea_Sword","Armor_Belt","Acc_Ring","Skill_C_011_01_R","CharRotation","GradeUp_Char_011","SkillLvUp_Main_Red_DelMar","SkillLvUp_Sub_Fighter_DelMar","5000","1","1.9","0.5","1.4","1","1","107","4942","100","Physical","200","16","100","8","0","0","50","5","5250","525","500","0","5000","0","0","0","0","0","0","0","","","","Item_Material_HeroGradeUp_Char_011_S01_R","Ind_C_011_S01_R","C011_S01R","Temp_Battle_Se_Effect_011","1","","","BattleEndCameraPreset1"
"Mon_015_S01_B","","","Str_Char_015_S01_B_Name","Str_Char_015_S01_B_Desc","HeroMon","M","Red","2","Guardian","Front","Wea_Mace","Armor_ProtectGear","Acc_HeadDress","Skill_C_015_01_B","CharRotation","GradeUp_Char_015","SkillLvUp_Main_Red_Elvinzia","SkillLvUp_Sub_Guardian_Elvinzia","5000","1","1.9","0.5","1.4","1","1","85","9931","75","Physical","150","11","100","5","0","0","250","13","6000","660","500","0","5000","0","0","0","0","0","0","0","","","","Item_Material_HeroGradeUp_Char_015_S01_B","Ind_C_015_S01_B","C015_S01B","Temp_Battle_Se_Effect_011","1","","","BattleEndCameraPreset1"
"Mon_016_S01_B","","","Str_Char_016_S01_B_Name","Str_Char_016_S01_B_Desc","HeroMon","M","Blue","1","Fighter","Front","Wea_Sword","Armor_Coat","Acc_Ring","Skill_C_016_01_B","CharRotation","GradeUp_Char_016","SkillLvUp_Main_Blue_DelMar","SkillLvUp_Sub_Fighter_DelMar","5000","1","1.9","0.5","1.4","1","1","109","4854","100","Physical","200","16","100","8","0","0","50","5","5250","525","500","0","5000","0","0","0","0","0","0","0","","","","Item_Material_HeroGradeUp_Char_016_S01_B","Ind_C_016_S01_B","C016_S01B","Temp_Battle_Se_Effect_011","1","","","BattleEndCameraPreset1"
"Mon_034_S01_B","","","Str_Char_034_S01_B_Name","Str_Char_034_S01_B_Desc","HeroMon","M","Red","2","Cleric","Back","Wea_Staff","Armor_Jacket","Acc_Necklace","Skill_C_034_01_B","CharRotation","GradeUp_Char_034","SkillLvUp_Main_Red_Cellarn","SkillLvUp_Sub_Cleric_Cellarn","5000","1","1.9","0.5","1.4","1","1","77","5798","75","Magical","0","0","50","8","250","20","100","5","4800","480","500","0","5000","0","0","0","0","0","0","0","","","","Item_Material_HeroGradeUp_Char_034_S01_B","Ind_C_034_S01_B","C034_S01B","Temp_Battle_Se_Effect_011","1","","","BattleEndCameraPreset1"
"Mon_037_S01_L","","","Str_Char_037_S01_L_Name","Str_Char_037_S01_L_Desc","HeroMon","M","Blue","2","Fighter","Front","Wea_Sword","Armor_Jacket","Acc_Ring","Skill_C_037_01_L","CharRotation","GradeUp_Char_037","SkillLvUp_Main_Blue_Paulhill","SkillLvUp_Sub_Fighter_Paulhill","5000","1","1.5","0.5","1.4","1","1","102","5184","100","Physical","200","16","100","8","0","0","50","5","5250","525","500","0","5000","0","0","0","0","0","0","0","","","","Item_Material_HeroGradeUp_Char_037_S01_L","Ind_C_037_S01_L","C037_S01L","Temp_Battle_Se_Effect_011","1","","","BattleEndCameraPreset1"
"Mon_038_S01_L","","","Str_Char_038_S01_L_Name","Str_Char_038_S01_L_Desc","HeroMon","M","Red","3","Mage","Back","Wea_Staff","Armor_Cape","Acc_Ring","Skill_C_038_01_L","CharRotation","GradeUp_Char_038","SkillLvUp_Main_Red_DelMar","SkillLvUp_Sub_Mage_DelMar","5000","1","1.9","0.5","1.4","1","1","104","3993","100","Magical","0","0","20","8","350","35","30","5","3900","312","500","0","5000","0","0","0","0","0","0","0","","","","Item_Material_HeroGradeUp_Char_038_S01_L","Ind_C_038_S01_L","C038_S01L","Temp_Battle_Se_Effect_011","1","","","BattleEndCameraPreset1"
"Mon_040_S01_R","","","Str_Char_040_S01_R_Name","Str_Char_040_S01_R_Desc","HeroMon","M","Red","2","Shooter","Back","Wea_Ranged","Armor_Cape","Acc_HeadDress","Skill_C_040_01_R","CharRotation","GradeUp_Char_040","SkillLvUp_Main_Red_Cyberia","SkillLvUp_Sub_Shooter_Cyberia","5000","1","1.9","0.5","1.4","1","1","107","3878","100","Physical","350","35","30","8","0","0","20","5","3900","312","500","0","5000","0","0","0","0","0","0","0","","","","Item_Material_HeroGradeUp_Char_040_S01_R","Ind_C_040_S01_R","C040_S01R","Temp_Battle_Se_Effect_011","1","","","BattleEndCameraPreset1"
"Mon_041_S01_R","","","Str_Char_041_S01_R_Name","Str_Char_041_S01_R_Desc","HeroMon","M","Red","2","Sorcerer","Middle","Wea_Staff","Armor_Cape","Acc_HeadDress","Skill_C_041_01_R","CharRotation","GradeUp_Char_041","SkillLvUp_Main_Red_DelMar","SkillLvUp_Sub_Sorcerer_DelMar","5000","1","1.9","0.5","1.4","1","1","116","4106","100","Magical","0","0","30","8","280","26","50","5","4500","405","500","0","5000","0","0","0","0","0","0","0","","","","Item_Material_HeroGradeUp_Char_041_S01_R","Ind_C_041_S01_R","C041_S01R","Temp_Battle_Se_Effect_011","1","","","BattleEndCameraPreset1"
"Mon_044_S01_D","","","Str_Char_044_S01_D_Name","Str_Char_044_S01_D_Desc","HeroMon","M","Blue","3","Mage","Back","Wea_Book","Armor_Cape","Acc_HeadDress","Skill_C_044_01_D","CharRotation","GradeUp_Char_044","SkillLvUp_Main_Blue_Cellarn","SkillLvUp_Sub_Mage_Cellarn","5000","1","1.9","0.5","1.4","1","1","105","3928","100","Magical","0","0","20","8","350","35","30","5","3900","312","500","0","5000","0","0","0","0","0","0","0","","","","Item_Material_HeroGradeUp_Char_044_S01_D","Ind_C_044_S01_D","C044_S01D","Temp_Battle_Se_Effect_011","1","","","BattleEndCameraPreset1"
"Mon_051_S01_B","","","Str_Char_051_S01_B_Name","Str_Char_051_S01_B_Desc","HeroMon","M","Red","1","Knight","Front","Wea_Mace","Armor_ProtectGear","Acc_HeadDress","Skill_C_051_01_B","CharRotation","GradeUp_Char_051","SkillLvUp_Main_Red_Elvinzia","SkillLvUp_Sub_Knight_Elvinzia","5000","1","1.9","0.5","1.4","1","1","83","10215","75","Magical","0","0","250","13","150","11","100","5","6000","660","500","0","5000","0","0","0","0","0","0","0","","","","Item_Material_HeroGradeUp_Char_051_S01_B","Ind_C_051_S01_B","C051_S01B","Temp_Battle_Se_Effect_011","1","","","BattleEndCameraPreset1"
"Mon_064_S01_R","","","Str_Char_064_S01_R_Name","Str_Char_064_S01_R_Desc","HeroMon","M","Red","2","Knight","Front","Wea_Mace","Armor_Coat","Acc_Helmet","Skill_C_064_01_R","CharRotation","GradeUp_Char_064","SkillLvUp_Main_Red_Cellarn","SkillLvUp_Sub_Fighter_Cellarn","5000","1","1.5","0.5","1.4","1","1","85","9900","75","Magical","0","0","250","13","150","11","100","5","6000","660","500","0","5000","0","0","0","0","0","0","0","","","","Item_Material_HeroGradeUp_Char_064_S01_R","Ind_C_064_S01_R","C064_S01R","Temp_Battle_Se_Effect_011","1","","","BattleEndCameraPreset1"
"Mon_067_S01_B","","","Str_Char_067_S01_B_Name","Str_Char_067_S01_B_Desc","HeroMon","M","Blue","3","Sorcerer","Middle","Wea_Book","Armor_Jacket","Acc_Bracelet","Skill_C_067_01_B","CharRotation","GradeUp_Char_067","SkillLvUp_Main_Blue_Elvinzia","SkillLvUp_Sub_Sorcerer_Elvinzia","5000","1","1.9","0.5","1.4","1","1","124","3834","100","Magical","0","0","30","8","280","26","50","5","4500","405","500","0","5000","0","0","0","0","0","0","0","","","","Item_Material_HeroGradeUp_Char_067_S01_B","Ind_C_067_S01_B","C067_S01B","Temp_Battle_Se_Effect_011","1","","","BattleEndCameraPreset1"
"Mon_072_S01_R","","","Str_Char_072_S01_R_Name","Str_Char_072_S01_R_Desc","HeroMon","M","Red","3","Shooter","Back","Wea_Ranged","Armor_Cape","Acc_Helmet","Skill_C_072_01_R","CharRotation","GradeUp_Char_072","SkillLvUp_Main_Red_Elvinzia","SkillLvUp_Sub_Shooter_Elvinzia","5000","1","1.9","0.5","1.4","1","1","100","4109","100","Physical","350","35","30","8","0","0","20","5","3900","312","500","0","5000","0","0","0","0","0","0","0","","","","Item_Material_HeroGradeUp_Char_072_S01_R","Ind_C_072_S01_R","C072_S01R","Temp_Battle_Se_Effect_011","1","","","BattleEndCameraPreset1"
"Mon_073_S01_G","","","Str_Char_073_S01_G_Name","Str_Char_073_S01_G_Desc","HeroMon","M","Green","1","Cleric","Back","Wea_Book","Armor_Coat","Acc_Helmet","Skill_C_073_01_G","CharRotation","GradeUp_Char_073","SkillLvUp_Main_Green_DelMar","SkillLvUp_Sub_Cleric_DelMar","5000","1","1.9","0.5","1.4","1","1","79","5617","75","Magical","0","0","50","8","250","20","100","5","4800","480","500","0","5000","0","0","0","0","0","0","0","","","","Item_Material_HeroGradeUp_Char_073_S01_G","Ind_C_073_S01_G","C073_S01G","Temp_Battle_Se_Effect_011","1","","","BattleEndCameraPreset1"
"Mon_077_S01_G","","","Str_Char_077_S01_G_Name","Str_Char_077_S01_G_Desc","HeroMon","M","Green","2","Mage","Back","Wea_Staff","Armor_Jacket","Acc_HeadDress","Skill_C_077_01_G","CharRotation","GradeUp_Char_077","SkillLvUp_Main_Green_Paulhill","SkillLvUp_Sub_Mage_Paulhill","5000","1","1.9","0.5","1.4","1","1","107","3869","100","Magical","0","0","20","8","350","35","30","5","3900","312","500","0","5000","0","0","0","0","0","0","0","","","","Item_Material_HeroGradeUp_Char_077_S01_G","Ind_C_077_S01_G","C077_S01G","Temp_Battle_Se_Effect_011","1","","","BattleEndCameraPreset1"
"Mon_078_S01_R","","","Str_Char_078_S01_R_Name","Str_Char_078_S01_R_Desc","HeroMon","M","Red","1","Cleric","Back","Wea_Book","Armor_Jacket","Acc_Necklace","Skill_C_078_01_R","CharRotation","GradeUp_Char_078","SkillLvUp_Main_Red_Paulhill","SkillLvUp_Sub_Cleric_Paulhill","5000","1","1.5","0.5","1.2","1","1","81","5518","75","Magical","0","0","50","8","250","20","100","5","4800","480","500","0","5000","0","0","0","0","0","0","0","","","","Item_Material_HeroGradeUp_Char_078_S01_R","Ind_C_078_S01_R","C078_S01R","Temp_Battle_Se_Effect_011","1","","","BattleEndCameraPreset1"
"Mon_080_S01_G","","","Str_Char_080_S01_G_Name","Str_Char_080_S01_G_Desc","HeroMon","M","Blue","2","Ranger","Middle","Wea_Sword","Armor_Coat","Acc_Bracelet","Skill_C_080_01_G","CharRotation","GradeUp_Char_080","SkillLvUp_Main_Blue_Cellarn","SkillLvUp_Sub_Ranger_Cellarn","5000","1","1.9","0.5","1.4","1","1","126","3753","100","Physical","280","26","50","8","0","0","30","5","4500","405","500","0","5000","0","0","0","0","0","0","0","","","","Item_Material_HeroGradeUp_Char_080_S01_G","Ind_C_001_S01_G","C080_S01G","Temp_Battle_Se_Effect_011","1","","","BattleEndCameraPreset1"
"Mon_085_S01_B","","","Str_Char_085_S01_B_Name","Str_Char_085_S01_B_Desc","HeroMon","M","Blue","3","Ranger","Middle","Wea_Sword","Armor_Belt","Acc_Bracelet","Skill_C_085_01_B","CharRotation","GradeUp_Char_085","SkillLvUp_Main_Blue_Kainan","SkillLvUp_Sub_Ranger_Kainan","5000","1","1.9","0.5","1.4","1","1","126","3773","100","Physical","280","26","50","8","0","0","30","5","4500","405","500","0","5000","0","0","0","0","0","0","0","","","","Item_Material_HeroGradeUp_Char_085_S01_B","Ind_C_085_S01_B","C085_S01B","Temp_Battle_Se_Effect_011","1","","","BattleEndCameraPreset1"
"Mon_088_S01_R","","","Str_Char_088_S01_R_Name","Str_Char_088_S01_R_Desc","HeroMon","M","Red","2","Ranger","Middle","Wea_Ranged","Armor_Cape","Acc_Bracelet","Skill_C_088_01_R","CharRotation","GradeUp_Char_088","SkillLvUp_Main_Red_Paulhill","SkillLvUp_Sub_Ranger_Paulhill","5000","1","1.9","0.5","1.4","1","1","118","4034","100","Physical","280","26","50","8","0","0","30","5","4500","405","500","0","5000","0","0","0","0","0","0","0","","","","Item_Material_HeroGradeUp_Char_088_S01_R","Ind_C_001_S01_G","C088_S01R","Temp_Battle_Se_Effect_011","1","","","BattleEndCameraPreset1"
"Mon_089_S01_D","","","Str_Char_089_S01_D_Name","Str_Char_089_S01_D_Desc","HeroMon","M","Green","2","Knight","Front","Wea_Mace","Armor_Jacket","Acc_HeadDress","Skill_C_089_01_D","CharRotation","GradeUp_Char_089","SkillLvUp_Main_Green_Cyberia","SkillLvUp_Sub_Guardian_Cyberia","5000","1","1.9","0.5","1.4","1","1","83","10179","75","Magical","150","11","100","5","0","0","250","13","6000","660","500","0","5000","0","0","0","0","0","0","0","","","","Item_Material_HeroGradeUp_Char_089_S01_D","Ind_C_089_S01_D","C089_S01D","Temp_Battle_Se_Effect_011","1","","","BattleEndCameraPreset1"
"Mon_090_S01_L","","","Str_Char_090_S01_L_Name","Str_Char_090_S01_L_Desc","HeroMon","M","Blue","3","Cleric","Back","Wea_Book","Armor_Jacket","Acc_HeadDress","Skill_C_090_01_L","CharRotation","GradeUp_Char_090","SkillLvUp_Main_Blue_Cyberia","SkillLvUp_Sub_Cleric_Cyberia","5000","1","1.9","0.5","1.4","1","1","81","5508","75","Magical","0","0","50","8","250","20","100","5","4800","480","500","0","5000","0","0","0","0","0","0","0","","","","Item_Material_HeroGradeUp_Char_090_S01_L","Ind_C_090_S01_G","C090_S01L","Temp_Battle_Se_Effect_011","1","","","BattleEndCameraPreset1"
"Mon_091_S01_G","","","Str_Char_091_S01_G_Name","Str_Char_091_S01_G_Desc","HeroMon","M","Green","3","Guardian","Front","Wea_Mace","Armor_ProtectGear","Acc_HeadDress","Skill_C_091_01_G","CharRotation","GradeUp_Char_091","SkillLvUp_Main_Green_Cellarn","SkillLvUp_Sub_Guardian_Cellarn","5000","1","1.9","0.5","1.4","1","1","85","9963","75","Physical","150","11","100","5","0","0","250","13","6000","660","500","0","5000","0","0","0","0","0","0","0","","","","Item_Material_HeroGradeUp_Char_091_S01_G","Ind_C_091_S01_G","C091_S01G","Temp_Battle_Se_Effect_011","1","","","BattleEndCameraPreset1"
"Mon_098_S01_R","","","Str_Char_098_S01_R_Name","Str_Char_098_S01_R_Desc","HeroMon","M","Red","1","Guardian","Front","Wea_Sword","Armor_Coat","Acc_Helmet","Skill_C_098_01_R","CharRotation","GradeUp_Char_098","SkillLvUp_Main_Red_Elvinzia","SkillLvUp_Sub_Guardian_Elvinzia","5000","1","1.9","0.5","1.4","1","1","85","9943","75","Physical","150","11","100","5","0","0","250","13","6000","660","500","0","5000","0","0","0","0","0","0","0","","","","Item_Material_HeroGradeUp_Char_098_S01_R","Ind_C_098_S01_R","C098_S01R","Temp_Battle_Se_Effect_011","1","","","BattleEndCameraPreset1"
"Mon_100_S01_G","","","Str_Char_100_S01_G_Name","Str_Char_100_S01_G_Desc","HeroMon","M","Green","2","Sorcerer","Middle","Wea_Book","Armor_Cape","Acc_HeadDress","Skill_C_100_01_G","CharRotation","GradeUp_Char_100","SkillLvUp_Main_Green_Kainan","SkillLvUp_Sub_Sorcerer_Kainan","5000","1","1.9","0.5","1.4","1","1","124","3823","100","Magical","0","0","30","8","280","26","50","5","4500","405","500","0","5000","0","0","0","0","0","0","0","","","","Item_Material_HeroGradeUp_Char_100_S01_G","Ind_C_100_S01_G","C100_S01G","Temp_Battle_Se_Effect_011","1","","","BattleEndCameraPreset1"
"Mon_101_S01_B","","","Str_Char_101_S01_B_Name","Str_Char_101_S01_B_Desc","HeroMon","M","Blue","3","Knight","Front","Wea_Sword","Armor_Belt","Acc_Helmet","Skill_C_101_01_B","CharRotation","GradeUp_Char_101","SkillLvUp_Main_Blue_Cyberia","SkillLvUp_Sub_Knight_Cyberia","5000","1","1.9","0.5","1.4","1","1","80","10525","75","Magical","0","0","250","13","150","11","100","5","6000","660","500","0","5000","0","0","0","0","0","0","0","","","","Item_Material_HeroGradeUp_Char_101_S01_B","Ind_C_101_S01_B","C101_S01B","Temp_Battle_Se_Effect_011","1","","","BattleEndCameraPreset1"
"Mon_110_S01_G","","","Str_Char_110_S01_G_Name","Str_Char_110_S01_G_Desc","HeroMon","M","Green","2","Fighter","Front","Wea_Sword","Armor_Belt","Acc_Ring","Skill_C_110_01_G","CharRotation","GradeUp_Char_110","SkillLvUp_Main_Green_Cyberia","SkillLvUp_Sub_Fighter_Cyberia","5000","1","1.9","0.5","1.4","1","1","102","5186","100","Physical","200","16","100","8","0","0","50","5","5250","525","500","0","5000","0","0","0","0","0","0","0","","","","Item_Material_HeroGradeUp_Char_110_S01_G","Ind_C_110_S01_G","C110_S01G","Temp_Battle_Se_Effect_011","1","","","BattleEndCameraPreset1"
"Mon_112_S01_B","","","Str_Char_112_S01_B_Name","Str_Char_112_S01_B_Desc","HeroMon","M","Blue","3","Ranger","Middle","Wea_Ranged","Armor_Belt","Acc_Helmet","Skill_C_112_01_B","CharRotation","GradeUp_Char_112","SkillLvUp_Main_Blue_Cyberia","SkillLvUp_Sub_Ranger_Cyberia","5000","1","1.9","0.5","1.4","1","1","120","3967","100","Physical","280","26","50","8","0","0","30","5","4500","405","500","0","5000","0","0","0","0","0","0","0","","","","Item_Material_HeroGradeUp_Char_112_S01_B","Ind_C_112_S01_B","C112_S01B","Temp_Battle_Se_Effect_011","1","","","BattleEndCameraPreset1"
"Mon_114_S01_B","","","Str_Char_114_S01_B_Name","Str_Char_114_S01_B_Desc","HeroMon","M","Blue","2","Mage","Back","Wea_Book","Armor_Jacket","Acc_Helmet","Skill_C_114_01_B","CharRotation","GradeUp_Char_114","SkillLvUp_Main_Blue_DelMar","SkillLvUp_Sub_Mage_DelMar","5000","1","1.9","0.5","1.4","1","1","105","3951","100","Magical","0","0","20","8","350","35","30","5","3900","312","500","0","5000","0","0","0","0","0","0","0","","","","Item_Material_HeroGradeUp_Char_114_S01_B","Ind_C_114_S01_B","C114_S01B","Temp_Battle_Se_Effect_011","1","","","BattleEndCameraPreset1"
"Mon_598_S01_R_G1","","","Str_Char_598_S01_R_Name","","Monster","M","Red","1","Guardian","Front","","","","Skill_C_598_01_R","None","GradeUp_Guardian","SkillLvUp_Red","","5000","1","1","0.5","1","1","1","50","5000","100","Physical","150","12","400","20","0","0","150","8","4000","400","500","0","5000","0","0","0","0","0","0","0","","","","","Ind_C_598_S01_R","C598_S01R","Temp_Battle_Se_Effect_011","1","","","BattleEndCameraPreset1"
"Mon_598_S01_R_G2","","","Str_Char_598_S01_R_Name","","Monster","M","Red","1","Guardian","Front","","","","Skill_C_598_01_R","None","GradeUp_Guardian","SkillLvUp_Red","","5000","1","1","0.5","1","1","1","50","5000","100","Physical","165","13","440","22","0","0","165","8","4800","480","500","0","5000","0","0","0","0","0","0","0","","","","","Ind_C_598_S01_R","C598_S01R","Temp_Battle_Se_Effect_011","1","","","BattleEndCameraPreset1"
"Mon_598_S01_R_G3","","","Str_Char_598_S01_R_Name","","Monster","M","Red","1","Guardian","Front","","","","Skill_C_598_01_R","None","GradeUp_Guardian","SkillLvUp_Red","","5000","1","1","0.5","1","1","1","50","5000","100","Physical","180","14","480","24","0","0","180","9","5600","560","500","0","5000","0","0","0","0","0","0","0","","","","","Ind_C_598_S01_R","C598_S01R","Temp_Battle_Se_Effect_011","1","","","BattleEndCameraPreset1"
"Mon_599_S01_G_G1","","","Str_Char_599_S01_G_Name","","Monster","M","Green","1","Guardian","Front","","","","Skill_C_599_01_G","None","GradeUp_Guardian","SkillLvUp_Green","","5000","1","1","0.5","1","1","1","50","5000","100","Physical","150","12","400","20","0","0","150","8","4000","400","500","0","5000","0","0","0","0","0","0","0","","","","","Ind_C_599_S01_G","C599_S01G","Temp_Battle_Se_Effect_011","1","","","BattleEndCameraPreset1"
"Mon_599_S01_G_G2","","","Str_Char_599_S01_G_Name","","Monster","M","Green","1","Guardian","Front","","","","Skill_C_599_01_G","None","GradeUp_Guardian","SkillLvUp_Green","","5000","1","1","0.5","1","1","1","50","5000","100","Physical","165","13","440","22","0","0","165","8","4800","480","500","0","5000","0","0","0","0","0","0","0","","","","","Ind_C_599_S01_G","C599_S01G","Temp_Battle_Se_Effect_011","1","","","BattleEndCameraPreset1"
"Mon_599_S01_G_G3","","","Str_Char_599_S01_G_Name","","Monster","M","Green","1","Guardian","Front","","","","Skill_C_599_01_G","None","GradeUp_Guardian","SkillLvUp_Green","","5000","1","1","0.5","1","1","1","50","5000","100","Physical","180","14","480","24","0","0","180","9","5600","560","500","0","5000","0","0","0","0","0","0","0","","","","","Ind_C_599_S01_G","C599_S01G","Temp_Battle_Se_Effect_011","1","","","BattleEndCameraPreset1"
"Mon_600_S01_B_G1","","","Str_Char_600_S01_B_Name","","Monster","M","Blue","1","Guardian","Front","","","","Skill_C_600_01_B","None","GradeUp_Guardian","SkillLvUp_Blue","","5000","1","1","0.5","1","1","1","50","5000","100","Physical","150","12","400","20","0","0","150","8","4000","400","500","0","5000","0","0","0","0","0","0","0","","","","","Ind_C_600_S01_B","C600_S01B","Temp_Battle_Se_Effect_011","1","","","BattleEndCameraPreset1"
"Mon_600_S01_B_G2","","","Str_Char_600_S01_B_Name","","Monster","M","Blue","1","Guardian","Front","","","","Skill_C_600_01_B","None","GradeUp_Guardian","SkillLvUp_Blue","","5000","1","1","0.5","1","1","1","50","5000","100","Physical","165","13","440","22","0","0","165","8","4800","480","500","0","5000","0","0","0","0","0","0","0","","","","","Ind_C_600_S01_B","C600_S01B","Temp_Battle_Se_Effect_011","1","","","BattleEndCameraPreset1"
"Mon_600_S01_B_G3","","","Str_Char_600_S01_B_Name","","Monster","M","Blue","1","Guardian","Front","","","","Skill_C_600_01_B","None","GradeUp_Guardian","SkillLvUp_Blue","","5000","1","1","0.5","1","1","1","50","5000","100","Physical","180","14","480","24","0","0","180","9","5600","560","500","0","5000","0","0","0","0","0","0","0","","","","","Ind_C_600_S01_B","C600_S01B","Temp_Battle_Se_Effect_011","1","","","BattleEndCameraPreset1"
"Mon_601_S01_R_G1","","","Str_Char_601_S01_R_Name","","Monster","M","Red","1","Sorcerer","Middle","","","","Skill_C_601_01_R","None","GradeUp_Sorcerer","SkillLvUp_Red","","5000","1","1","0.5","1","1","1","50","5000","100","Magical","0","0","50","3","250","20","120","6","3200","320","500","0","5000","0","0","0","0","0","0","0","","","","","Ind_C_601_S01_R","C601_S01R","Temp_Battle_Se_Effect_011","1","","","BattleEndCameraPreset1"
"Mon_601_S01_R_G2","","","Str_Char_601_S01_R_Name","","Monster","M","Red","1","Sorcerer","Middle","","","","Skill_C_601_01_R","None","GradeUp_Sorcerer","SkillLvUp_Red","","5000","1","1","0.5","1","1","1","50","5000","100","Magical","0","0","55","3","275","22","132","7","3840","384","500","0","5000","0","0","0","0","0","0","0","","","","","Ind_C_601_S01_R","C601_S01R","Temp_Battle_Se_Effect_011","1","","","BattleEndCameraPreset1"
"Mon_601_S01_R_G3","","","Str_Char_601_S01_R_Name","","Monster","M","Red","1","Sorcerer","Middle","","","","Skill_C_601_01_R","None","GradeUp_Sorcerer","SkillLvUp_Red","","5000","1","1","0.5","1","1","1","50","5000","100","Magical","0","0","60","3","300","24","144","7","4480","448","500","0","5000","0","0","0","0","0","0","0","","","","","Ind_C_601_S01_R","C601_S01R","Temp_Battle_Se_Effect_011","1","","","BattleEndCameraPreset1"
"Mon_602_S01_G_G1","","","Str_Char_602_S01_G_Name","","Monster","M","Green","1","Ranger","Middle","","","","Skill_C_602_01_G","None","GradeUp_Ranger","SkillLvUp_Green","","5000","1","1","0.5","1","1","1","50","5000","100","Physical","250","20","120","6","0","0","50","3","3200","320","500","0","5000","0","0","0","0","0","0","0","","","","","Ind_C_602_S01_G","C602_S01G","Temp_Battle_Se_Effect_011","1","","","BattleEndCameraPreset1"
"Mon_602_S01_G_G2","","","Str_Char_602_S01_G_Name","","Monster","M","Green","1","Ranger","Middle","","","","Skill_C_602_01_G","None","GradeUp_Ranger","SkillLvUp_Green","","5000","1","1","0.5","1","1","1","50","5000","100","Physical","275","22","132","7","0","0","55","3","3840","384","500","0","5000","0","0","0","0","0","0","0","","","","","Ind_C_602_S01_G","C602_S01G","Temp_Battle_Se_Effect_011","1","","","BattleEndCameraPreset1"
"Mon_602_S01_G_G3","","","Str_Char_602_S01_G_Name","","Monster","M","Green","1","Ranger","Middle","","","","Skill_C_602_01_G","None","GradeUp_Ranger","SkillLvUp_Green","","5000","1","1","0.5","1","1","1","50","5000","100","Physical","300","24","144","7","0","0","60","3","4480","448","500","0","5000","0","0","0","0","0","0","0","","","","","Ind_C_602_S01_G","C602_S01G","Temp_Battle_Se_Effect_011","1","","","BattleEndCameraPreset1"
"Mon_603_S01_B_G1","","","Str_Char_603_S01_B_Name","","Monster","M","Blue","1","Ranger","Middle","","","","Skill_C_603_01_B","None","GradeUp_Ranger","SkillLvUp_Blue","","5000","1","1","0.5","1","1","1","50","5000","100","Physical","250","20","120","6","0","0","50","3","3200","320","500","0","5000","0","0","0","0","0","0","0","","","","","Ind_C_603_S01_B","C603_S01B","Temp_Battle_Se_Effect_011","1","","","BattleEndCameraPreset1"
"Mon_603_S01_B_G2","","","Str_Char_603_S01_B_Name","","Monster","M","Blue","1","Ranger","Middle","","","","Skill_C_603_01_B","None","GradeUp_Ranger","SkillLvUp_Blue","","5000","1","1","0.5","1","1","1","50","5000","100","Physical","275","22","132","7","0","0","55","3","3840","384","500","0","5000","0","0","0","0","0","0","0","","","","","Ind_C_603_S01_B","C603_S01B","Temp_Battle_Se_Effect_011","1","","","BattleEndCameraPreset1"
"Mon_603_S01_B_G3","","","Str_Char_603_S01_B_Name","","Monster","M","Blue","1","Ranger","Middle","","","","Skill_C_603_01_B","None","GradeUp_Ranger","SkillLvUp_Blue","","5000","1","1","0.5","1","1","1","50","5000","100","Physical","300","24","144","7","0","0","60","3","4480","448","500","0","5000","0","0","0","0","0","0","0","","","","","Ind_C_603_S01_B","C603_S01B","Temp_Battle_Se_Effect_011","1","","","BattleEndCameraPreset1"
"Mon_604_S01_R_G1","","","Str_Char_604_S01_R_Name","","Monster","M","Red","1","Cleric","Back","","","","Skill_C_604_01_R","None","GradeUp_Cleric","SkillLvUp_Red","","5000","1","1","0.5","1","1","1","50","5000","100","Magical","0","0","30","2","200","16","30","2","3200","320","500","0","5000","0","0","0","0","0","0","0","","","","","Ind_C_604_S01_R","C604_S01R","Temp_Battle_Se_Effect_011","1","","","BattleEndCameraPreset1"
"Mon_604_S01_R_G2","","","Str_Char_604_S01_R_Name","","Monster","M","Red","1","Cleric","Back","","","","Skill_C_604_01_R","None","GradeUp_Cleric","SkillLvUp_Red","","5000","1","1","0.5","1","1","1","50","5000","100","Magical","0","0","33","2","220","18","33","2","3840","384","500","0","5000","0","0","0","0","0","0","0","","","","","Ind_C_604_S01_R","C604_S01R","Temp_Battle_Se_Effect_011","1","","","BattleEndCameraPreset1"
"Mon_604_S01_R_G3","","","Str_Char_604_S01_R_Name","","Monster","M","Red","1","Cleric","Back","","","","Skill_C_604_01_R","None","GradeUp_Cleric","SkillLvUp_Red","","5000","1","1","0.5","1","1","1","50","5000","100","Magical","0","0","36","2","240","19","36","2","4480","448","500","0","5000","0","0","0","0","0","0","0","","","","","Ind_C_604_S01_R","C604_S01R","Temp_Battle_Se_Effect_011","1","","","BattleEndCameraPreset1"
"Mon_605_S01_G_G1","","","Str_Char_605_S01_G_Name","","Monster","M","Green","1","Mage","Back","","","","Skill_C_605_01_G","None","GradeUp_Mage","SkillLvUp_Green","","5000","1","1","0.5","1","1","1","50","5000","100","Magical","0","0","20","1","300","24","30","2","3000","300","500","0","5000","0","0","0","0","0","0","0","","","","","Ind_C_605_S01_G","C605_S01G","Temp_Battle_Se_Effect_011","1","","","BattleEndCameraPreset1"
"Mon_605_S01_G_G2","","","Str_Char_605_S01_G_Name","","Monster","M","Green","1","Mage","Back","","","","Skill_C_605_01_G","None","GradeUp_Mage","SkillLvUp_Green","","5000","1","1","0.5","1","1","1","50","5000","100","Magical","0","0","22","1","330","26","33","2","3600","360","500","0","5000","0","0","0","0","0","0","0","","","","","Ind_C_605_S01_G","C605_S01G","Temp_Battle_Se_Effect_011","1","","","BattleEndCameraPreset1"
"Mon_605_S01_G_G3","","","Str_Char_605_S01_G_Name","","Monster","M","Green","1","Mage","Back","","","","Skill_C_605_01_G","None","GradeUp_Mage","SkillLvUp_Green","","5000","1","1","0.5","1","1","1","50","5000","100","Magical","0","0","24","1","360","29","36","2","4200","420","500","0","5000","0","0","0","0","0","0","0","","","","","Ind_C_605_S01_G","C605_S01G","Temp_Battle_Se_Effect_011","1","","","BattleEndCameraPreset1"
"Mon_606_S01_B_G1","","","Str_Char_606_S01_B_Name","","Monster","M","Blue","1","Cleric","Back","","","","Skill_C_606_01_B","None","GradeUp_Cleric","SkillLvUp_Blue","","5000","1","1","0.5","1","1","1","50","5000","100","Magical","0","0","30","2","200","16","30","2","3200","320","500","0","5000","0","0","0","0","0","0","0","","","","","Ind_C_606_S01_B","C606_S01B","Temp_Battle_Se_Effect_011","1","","","BattleEndCameraPreset1"
"Mon_606_S01_B_G2","","","Str_Char_606_S01_B_Name","","Monster","M","Blue","1","Cleric","Back","","","","Skill_C_606_01_B","None","GradeUp_Cleric","SkillLvUp_Blue","","5000","1","1","0.5","1","1","1","50","5000","100","Magical","0","0","33","2","220","18","33","2","3840","384","500","0","5000","0","0","0","0","0","0","0","","","","","Ind_C_606_S01_B","C606_S01B","Temp_Battle_Se_Effect_011","1","","","BattleEndCameraPreset1"
"Mon_606_S01_B_G3","","","Str_Char_606_S01_B_Name","","Monster","M","Blue","1","Cleric","Back","","","","Skill_C_606_01_B","None","GradeUp_Cleric","SkillLvUp_Blue","","5000","1","1","0.5","1","1","1","50","5000","100","Magical","0","0","36","2","240","19","36","2","4480","448","500","0","5000","0","0","0","0","0","0","0","","","","","Ind_C_606_S01_B","C606_S01B","Temp_Battle_Se_Effect_011","1","","","BattleEndCameraPreset1"
"Mon_607_S01_B_Lv1","","","Str_Char_607_S01_B_Name","Str_Char_607_S01_B_Desc","Boss","M","Red","1","Mage","Back","","","","Skill_C_607_01_B","None","GradeUp_Char_607","SkillLvUp_Red","","5000","3.5","3","3","4","1","3","100","5000","200","Magical","0","0","58","0","408","0","114","0","37837","0","500","0","5000","0","1000","0","0","0","0","0","","","","","Ind_C_607_S01_B","C607_S01B","Temp_Battle_Se_Effect_011","1","","","BattleEndCameraPreset1"
"Mon_607_S01_B_Lv2","","","Str_Char_607_S01_B_Name","Str_Char_607_S01_B_Desc","Boss","M","Red","2","Mage","Back","","","","Skill_C_607_01_B","None","GradeUp_Char_607","SkillLvUp_Red","","5000","3.5","3","3","4","1","3","100","5000","200","Magical","0","0","116","0","585","0","288","0","68540","0","500","0","5000","0","1000","0","0","0","0","0","","","","","Ind_C_607_S01_B","C607_S01B","Temp_Battle_Se_Effect_011","1","","","BattleEndCameraPreset1"
"Mon_607_S01_B_Lv3","","","Str_Char_607_S01_B_Name","Str_Char_607_S01_B_Desc","Boss","M","Red","3","Mage","Back","","","","Skill_C_607_01_B","None","GradeUp_Char_607","SkillLvUp_Red","","5000","3.5","3","3","4","1","3","100","5000","200","Magical","0","0","214","0","822","0","582","0","105447","0","500","0","5000","0","1000","0","0","0","0","0","","","","","Ind_C_607_S01_B","C607_S01B","Temp_Battle_Se_Effect_011","1","","","BattleEndCameraPreset1"
"Mon_607_S01_B_Lv4","","","Str_Char_607_S01_B_Name","Str_Char_607_S01_B_Desc","Boss","M","Red","4","Mage","Back","","","","Skill_C_607_01_B","None","GradeUp_Char_607","SkillLvUp_Red","","5000","3.5","3","3","4","1","3","100","5000","200","Magical","0","0","352","0","1031","0","996","0","136461","0","500","0","5000","0","1000","0","0","0","0","0","","","","","Ind_C_607_S01_B","C607_S01B","Temp_Battle_Se_Effect_011","1","","","BattleEndCameraPreset1"
"Mon_607_S01_B_Lv5","","","Str_Char_607_S01_B_Name","Str_Char_607_S01_B_Desc","Boss","M","Red","5","Mage","Back","","","","Skill_C_607_01_B","None","GradeUp_Char_607","SkillLvUp_Red","","5000","3.5","3","3","4","1","3","100","5000","200","Magical","0","0","530","0","1255","0","1530","0","167475","0","500","0","5000","0","1000","0","0","0","0","0","","","","","Ind_C_607_S01_B","C607_S01B","Temp_Battle_Se_Effect_011","1","","","BattleEndCameraPreset1"
"Mon_049B_G1","","","Str_Char_049_S01_B_Name","","Monster","M","Blue","2","Knight","Front","","","","Skill_C_049_01_B","None","GradeUp_Knight","SkillLvUp_Blue","","5000","1","1.9","0.5","1.4","1","1","50","5000","100","Magical","0","0","150","8","150","12","400","20","4000","400","500","0","5000","0","0","0","0","0","0","0","","","","","Ind_C_049_S01_B","C049_S01B","Temp_Battle_Se_Effect_011","1","","","BattleEndCameraPreset1"
"Mon_049B_G2","","","Str_Char_049_S01_B_Name","","Monster","M","Blue","2","Knight","Front","","","","Skill_C_049_01_B","None","GradeUp_Knight","SkillLvUp_Blue","","5000","1","1.9","0.5","1.4","1","1","50","5000","100","Magical","0","0","165","8","165","13","440","22","4800","480","500","0","5000","0","0","0","0","0","0","0","","","","","Ind_C_049_S01_B","C049_S01B","Temp_Battle_Se_Effect_011","1","","","BattleEndCameraPreset1"
"Mon_049B_G3","","","Str_Char_049_S01_B_Name","","Monster","M","Blue","2","Knight","Front","","","","Skill_C_049_01_B","None","GradeUp_Knight","SkillLvUp_Blue","","5000","1","1.9","0.5","1.4","1","1","50","5000","100","Magical","0","0","180","9","180","14","480","24","5600","560","500","0","5000","0","0","0","0","0","0","0","","","","","Ind_C_049_S01_B","C049_S01B","Temp_Battle_Se_Effect_011","1","","","BattleEndCameraPreset1"
"Mon_538B_G1","","","Str_Char_538_S01_B_Name","","Monster","M","Blue","2","Knight","Front","","","","Skill_C_538_01_B","None","GradeUp_Knight","SkillLvUp_Blue","","5000","1","1.9","0.5","1.4","1","1","50","5000","100","Magical","0","0","150","8","150","12","400","20","4000","400","500","0","5000","0","0","0","0","0","0","0","","","","","Ind_C_538_S01_B","C538_S01B","Temp_Battle_Se_Effect_011","1","","","BattleEndCameraPreset1"
"Mon_538B_G2","","","Str_Char_538_S01_B_Name","","Monster","M","Blue","2","Knight","Front","","","","Skill_C_538_01_B","None","GradeUp_Knight","SkillLvUp_Blue","","5000","1","1.9","0.5","1.4","1","1","50","5000","100","Magical","0","0","165","8","165","13","440","22","4800","480","500","0","5000","0","0","0","0","0","0","0","","","","","Ind_C_538_S01_B","C538_S01B","Temp_Battle_Se_Effect_011","1","","","BattleEndCameraPreset1"
"Mon_538B_G3","","","Str_Char_538_S01_B_Name","","Monster","M","Blue","2","Knight","Front","","","","Skill_C_538_01_B","None","GradeUp_Knight","SkillLvUp_Blue","","5000","1","1.9","0.5","1.4","1","1","50","5000","100","Magical","0","0","180","9","180","14","480","24","5600","560","500","0","5000","0","0","0","0","0","0","0","","","","","Ind_C_538_S01_B","C538_S01B","Temp_Battle_Se_Effect_011","1","","","BattleEndCameraPreset1"
"Mon_539B_G1","","","Str_Char_539_S01_B_Name","","Monster","M","Blue","1","Ranger","Middle","","","","Skill_C_539_01_B","None","GradeUp_Ranger","SkillLvUp_Blue","","5000","1","1","0.5","1","1","1","50","5000","100","Physical","250","20","120","6","0","0","50","3","3200","320","500","0","5000","0","0","0","0","0","0","0","","","","","Ind_C_539_S01_B","C539_S01B","Temp_Battle_Se_Effect_011","1","","","BattleEndCameraPreset1"
"Mon_539B_G2","","","Str_Char_539_S01_B_Name","","Monster","M","Blue","1","Ranger","Middle","","","","Skill_C_539_01_B","None","GradeUp_Ranger","SkillLvUp_Blue","","5000","1","1","0.5","1","1","1","50","5000","100","Physical","275","22","132","7","0","0","55","3","3840","384","500","0","5000","0","0","0","0","0","0","0","","","","","Ind_C_539_S01_B","C539_S01B","Temp_Battle_Se_Effect_011","1","","","BattleEndCameraPreset1"
"Mon_539B_G3","","","Str_Char_539_S01_B_Name","","Monster","M","Blue","1","Ranger","Middle","","","","Skill_C_539_01_B","None","GradeUp_Ranger","SkillLvUp_Blue","","5000","1","1","0.5","1","1","1","50","5000","100","Physical","300","24","144","7","0","0","60","3","4480","448","500","0","5000","0","0","0","0","0","0","0","","","","","Ind_C_539_S01_B","C539_S01B","Temp_Battle_Se_Effect_011","1","","","BattleEndCameraPreset1"
"Mon_546B_G1","","","Str_Char_546_S01_B_Name","","Monster","M","Blue","2","Ranger","Middle","","","","Skill_C_546_01_B","None","GradeUp_Ranger","SkillLvUp_Blue","","5000","1","1.9","0.5","1.4","1","1","50","5000","100","Physical","250","20","120","6","0","0","50","3","3200","320","500","0","5000","0","0","0","0","0","0","0","","","","","Ind_C_546_S01_B","C546_S01B","Temp_Battle_Se_Effect_011","1","","","BattleEndCameraPreset1"
"Mon_546B_G2","","","Str_Char_546_S01_B_Name","","Monster","M","Blue","2","Ranger","Middle","","","","Skill_C_546_01_B","None","GradeUp_Ranger","SkillLvUp_Blue","","5000","1","1.9","0.5","1.4","1","1","50","5000","100","Physical","275","22","132","7","0","0","55","3","3840","384","500","0","5000","0","0","0","0","0","0","0","","","","","Ind_C_546_S01_B","C546_S01B","Temp_Battle_Se_Effect_011","1","","","BattleEndCameraPreset1"
"Mon_546B_G3","","","Str_Char_546_S01_B_Name","","Monster","M","Blue","2","Ranger","Middle","","","","Skill_C_546_01_B","None","GradeUp_Ranger","SkillLvUp_Blue","","5000","1","1.9","0.5","1.4","1","1","50","5000","100","Physical","300","24","144","7","0","0","60","3","4480","448","500","0","5000","0","0","0","0","0","0","0","","","","","Ind_C_546_S01_B","C546_S01B","Temp_Battle_Se_Effect_011","1","","","BattleEndCameraPreset1"
"Mon_547B_G1","","","Str_Char_547_S01_B_Name","","Monster","M","Blue","1","Sorcerer","Middle","","","","Skill_C_547_01_B","None","GradeUp_Sorcerer","SkillLvUp_Blue","","5000","1","2.1","0.5","1.5","1","1","50","5000","100","Magical","0","0","50","3","250","20","120","6","3200","320","500","0","5000","0","0","0","0","0","0","0","","","","","Ind_C_547_S01_B","C547_S01B","Temp_Battle_Se_Effect_011","1","","","BattleEndCameraPreset1"
"Mon_547B_G2","","","Str_Char_547_S01_B_Name","","Monster","M","Blue","1","Sorcerer","Middle","","","","Skill_C_547_01_B","None","GradeUp_Sorcerer","SkillLvUp_Blue","","5000","1","2.1","0.5","1.5","1","1","50","5000","100","Magical","0","0","55","3","275","22","132","7","3840","384","500","0","5000","0","0","0","0","0","0","0","","","","","Ind_C_547_S01_B","C547_S01B","Temp_Battle_Se_Effect_011","1","","","BattleEndCameraPreset1"
"Mon_547B_G3","","","Str_Char_547_S01_B_Name","","Monster","M","Blue","1","Sorcerer","Middle","","","","Skill_C_547_01_B","None","GradeUp_Sorcerer","SkillLvUp_Blue","","5000","1","2.1","0.5","1.5","1","1","50","5000","100","Magical","0","0","60","3","300","24","144","7","4480","448","500","0","5000","0","0","0","0","0","0","0","","","","","Ind_C_547_S01_B","C547_S01B","Temp_Battle_Se_Effect_011","1","","","BattleEndCameraPreset1"
"Mon_545B_G1","","","Str_Char_545_S01_B_Name","","Monster","M","Blue","2","Sorcerer","Middle","","","","Skill_C_545_01_B","None","GradeUp_Sorcerer","SkillLvUp_Blue","","5000","1","2.1","0.5","1.5","1","1","50","5000","100","Magical","0","0","50","3","250","20","120","6","3200","320","500","0","5000","0","0","0","0","0","0","0","","","","","Ind_C_545_S01_B","C545_S01B","Temp_Battle_Se_Effect_011","1","","","BattleEndCameraPreset1"
"Mon_545B_G2","","","Str_Char_545_S01_B_Name","","Monster","M","Blue","2","Sorcerer","Middle","","","","Skill_C_545_01_B","None","GradeUp_Sorcerer","SkillLvUp_Blue","","5000","1","2.1","0.5","1.5","1","1","50","5000","100","Magical","0","0","55","3","275","22","132","7","3840","384","500","0","5000","0","0","0","0","0","0","0","","","","","Ind_C_545_S01_B","C545_S01B","Temp_Battle_Se_Effect_011","1","","","BattleEndCameraPreset1"
"Mon_545B_G3","","","Str_Char_545_S01_B_Name","","Monster","M","Blue","2","Sorcerer","Middle","","","","Skill_C_545_01_B","None","GradeUp_Sorcerer","SkillLvUp_Blue","","5000","1","2.1","0.5","1.5","1","1","50","5000","100","Magical","0","0","60","3","300","24","144","7","4480","448","500","0","5000","0","0","0","0","0","0","0","","","","","Ind_C_545_S01_B","C545_S01B","Temp_Battle_Se_Effect_011","1","","","BattleEndCameraPreset1"
"Mon_543B_G1","","","Str_Char_543_S01_B_Name","","Monster","M","Blue","1","Shooter","Back","","","","Skill_C_543_01_B","None","GradeUp_Shooter","SkillLvUp_Blue","","5000","1","1.9","0.5","1.4","1","1","50","5000","100","Physical","0","0","20","1","300","24","30","2","3000","300","500","0","5000","0","0","0","0","0","0","0","","","","","Ind_C_543_S01_B","C543_S01B","Temp_Battle_Se_Effect_011","1","","","BattleEndCameraPreset1"
"Mon_543B_G2","","","Str_Char_543_S01_B_Name","","Monster","M","Blue","1","Shooter","Back","","","","Skill_C_543_01_B","None","GradeUp_Shooter","SkillLvUp_Blue","","5000","1","1.9","0.5","1.4","1","1","50","5000","100","Physical","0","0","22","1","330","26","33","2","3600","360","500","0","5000","0","0","0","0","0","0","0","","","","","Ind_C_543_S01_B","C543_S01B","Temp_Battle_Se_Effect_011","1","","","BattleEndCameraPreset1"
"Mon_543B_G3","","","Str_Char_543_S01_B_Name","","Monster","M","Blue","1","Shooter","Back","","","","Skill_C_543_01_B","None","GradeUp_Shooter","SkillLvUp_Blue","","5000","1","1.9","0.5","1.4","1","1","50","5000","100","Physical","0","0","24","1","360","29","36","2","4200","420","500","0","5000","0","0","0","0","0","0","0","","","","","Ind_C_543_S01_B","C543_S01B","Temp_Battle_Se_Effect_011","1","","","BattleEndCameraPreset1"
"Mon_544B_G1","","","Str_Char_544_S01_B_Name","","Monster","M","Blue","1","Shooter","Back","","","","Skill_C_544_01_B","None","GradeUp_Shooter","SkillLvUp_Blue","","5000","1","1.9","0.5","1.4","1","1","50","5000","100","Physical","0","0","20","1","300","24","30","2","3000","300","500","0","5000","0","0","0","0","0","0","0","","","","","Ind_C_544_S01_B","C544_S01B","Temp_Battle_Se_Effect_011","1","","","BattleEndCameraPreset1"
"Mon_544B_G2","","","Str_Char_544_S01_B_Name","","Monster","M","Blue","1","Shooter","Back","","","","Skill_C_544_01_B","None","GradeUp_Shooter","SkillLvUp_Blue","","5000","1","1.9","0.5","1.4","1","1","50","5000","100","Physical","0","0","22","1","330","26","33","2","3600","360","500","0","5000","0","0","0","0","0","0","0","","","","","Ind_C_544_S01_B","C544_S01B","Temp_Battle_Se_Effect_011","1","","","BattleEndCameraPreset1"
"Mon_544B_G3","","","Str_Char_544_S01_B_Name","","Monster","M","Blue","1","Shooter","Back","","","","Skill_C_544_01_B","None","GradeUp_Shooter","SkillLvUp_Blue","","5000","1","1.9","0.5","1.4","1","1","50","5000","100","Physical","0","0","24","1","360","29","36","2","4200","420","500","0","5000","0","0","0","0","0","0","0","","","","","Ind_C_544_S01_B","C544_S01B","Temp_Battle_Se_Effect_011","1","","","BattleEndCameraPreset1"
"Mon_047B_G1","","","Str_Char_047_S01_B_Name","","Monster","M","Blue","2","Cleric","Back","","","","Skill_C_047_01_B","None","GradeUp_Cleric","SkillLvUp_Blue","","5000","1","1.9","0.5","1.4","1","1","50","5000","100","Magical","0","0","30","2","200","16","30","2","3200","320","500","0","5000","0","0","0","0","0","0","0","","","","","Ind_C_047_S01_B","C047_S01B","Temp_Battle_Se_Effect_011","1","","","BattleEndCameraPreset1"
"Mon_047B_G2","","","Str_Char_047_S01_B_Name","","Monster","M","Blue","2","Cleric","Back","","","","Skill_C_047_01_B","None","GradeUp_Cleric","SkillLvUp_Blue","","5000","1","1.9","0.5","1.4","1","1","50","5000","100","Magical","0","0","33","2","220","18","33","2","3840","384","500","0","5000","0","0","0","0","0","0","0","","","","","Ind_C_047_S01_B","C047_S01B","Temp_Battle_Se_Effect_011","1","","","BattleEndCameraPreset1"
"Mon_047B_G3","","","Str_Char_047_S01_B_Name","","Monster","M","Blue","2","Cleric","Back","","","","Skill_C_047_01_B","None","GradeUp_Cleric","SkillLvUp_Blue","","5000","1","1.9","0.5","1.4","1","1","50","5000","100","Magical","0","0","36","2","240","19","36","2","4480","448","500","0","5000","0","0","0","0","0","0","0","","","","","Ind_C_047_S01_B","C047_S01B","Temp_Battle_Se_Effect_011","1","","","BattleEndCameraPreset1"
"Mon_613_S01_B_Lv1","","","Str_Char_613_S01_B_Name","Str_Char_613_S01_B_Desc","Boss","M","Blue","1","Guardian","Front","","","","Skill_C_613_01_B","None","GradeUp_Char_613","SkillLvUp_Blue","","5000","3.5","3","3","4","1","1","25","5000","100","Physical","177","0","228","0","0","0","123","0","37028","0","500","0","5000","0","500","0","0","0","0","0","","","","","Ind_C_613_S01_B","C613_S01B","Temp_Battle_Se_Effect_011","1","","","BattleEndCameraPreset1"
"Mon_613_S01_B_Lv2","","","Str_Char_613_S01_B_Name","Str_Char_613_S01_B_Desc","Boss","M","Blue","2","Guardian","Front","","","","Skill_C_613_01_B","None","GradeUp_Char_613","SkillLvUp_Blue","","5000","3.5","3","3","4","1","1","25","5000","100","Physical","235","0","576","0","0","0","312","0","60664","0","500","0","5000","0","500","0","0","0","0","0","","","","","Ind_C_613_S01_B","C613_S01B","Temp_Battle_Se_Effect_011","1","","","BattleEndCameraPreset1"
"Mon_613_S01_B_Lv3","","","Str_Char_613_S01_B_Name","Str_Char_613_S01_B_Desc","Boss","M","Blue","3","Guardian","Front","","","","Skill_C_613_01_B","None","GradeUp_Char_613","SkillLvUp_Blue","","5000","3.5","3","3","4","1","1","25","5000","100","Physical","324","0","1164","0","0","0","630","0","107147","0","500","0","5000","0","500","0","0","0","0","0","","","","","Ind_C_613_S01_B","C613_S01B","Temp_Battle_Se_Effect_011","1","","","BattleEndCameraPreset1"
"Mon_613_S01_B_Lv4","","","Str_Char_613_S01_B_Name","Str_Char_613_S01_B_Desc","Boss","M","Blue","4","Guardian","Front","","","","Skill_C_613_01_B","None","GradeUp_Char_613","SkillLvUp_Blue","","5000","3.5","3","3","4","1","1","25","5000","100","Physical","442","0","1992","0","0","0","1079","0","169387","0","500","0","5000","0","500","0","0","0","0","0","","","","","Ind_C_613_S01_B","C613_S01B","Temp_Battle_Se_Effect_011","1","","","BattleEndCameraPreset1"
"Mon_613_S01_B_Lv5","","","Str_Char_613_S01_B_Name","Str_Char_613_S01_B_Desc","Boss","M","Blue","5","Guardian","Front","","","","Skill_C_613_01_B","None","GradeUp_Char_613","SkillLvUp_Blue","","5000","3.5","3","3","4","1","1","25","5000","100","Physical","591","0","3060","0","0","0","1657","0","247384","0","500","0","5000","0","500","0","0","0","0","0","","","","","Ind_C_613_S01_B","C613_S01B","Temp_Battle_Se_Effect_011","1","","","BattleEndCameraPreset1"
"Mon_033_Dummy_R","","","Str_Char_033_S01_R_Name","","Monster","M","Red","1","Sorcerer","Middle","","","","Skill_C_033_01_R","None","GradeUp_Sorcerer","SkillLvUp_Red","","5000","1","1.4","0.5","1.4","1.4","1","50","5000","100","Magical","0","0","500","0","0","0","500","0","9999999","99999","0","0","0","0","0","0","0","0","0","0","","","","","Ind_C_033_S01_G","C033_S01R","Temp_Battle_Se_Effect_011","1","","","BattleEndCameraPreset1"
"Mon_033_Dummy_G","","","Str_Char_033_S01_G_Name","","Monster","M","Green","1","Sorcerer","Middle","","","","Skill_C_033_01_G","None","GradeUp_Sorcerer","SkillLvUp_Green","","5000","1","1.4","0.5","1.4","1.4","1","50","5000","100","Magical","0","0","500","0","0","0","500","0","9999999","99999","0","0","0","0","0","0","0","0","0","0","","","","","Ind_C_033_S01_G","C033_S01G","Temp_Battle_Se_Effect_011","1","","","BattleEndCameraPreset1"
"Mon_033_Dummy_B","","","Str_Char_033_S01_B_Name","","Monster","M","Blue","1","Sorcerer","Middle","","","","Skill_C_033_01_B","None","GradeUp_Sorcerer","SkillLvUp_Blue","","5000","1","1.4","0.5","1.4","1.4","1","50","5000","100","Magical","0","0","500","0","0","0","500","0","9999999","99999","0","0","0","0","0","0","0","0","0","0","","","","","Ind_C_033_S01_G","C033_S01B","Temp_Battle_Se_Effect_011","1","","","BattleEndCameraPreset1"
"Mon_513_Dummy_R","","","Str_Char_513_S01_R_Name","","Monster","M","Red","1","Mage","Back","","","","Skill_C_513_01_R","None","GradeUp_Mage","SkillLvUp_Red","","5000","1","1","0.5","1","1.4","1","50","5000","100","Magical","0","0","500","0","0","0","500","0","9999999","99999","0","0","0","0","0","0","0","0","0","0","","","","","Ind_C_513_S01_G","C513_S01R","Temp_Battle_Se_Effect_011","1","","","BattleEndCameraPreset1"
"Mon_513_Dummy_G","","","Str_Char_513_S01_G_Name","","Monster","M","Green","1","Mage","Back","","","","Skill_C_513_01_G","None","GradeUp_Mage","SkillLvUp_Green","","5000","1","1","0.5","1","1.4","1","50","5000","100","Magical","0","0","500","0","0","0","500","0","9999999","99999","0","0","0","0","0","0","0","0","0","0","","","","","Ind_C_513_S01_G","C513_S01G","Temp_Battle_Se_Effect_011","1","","","BattleEndCameraPreset1"
"Mon_513_Dummy_B","","","Str_Char_513_S01_B_Name","","Monster","M","Blue","1","Mage","Back","","","","Skill_C_513_01_B","None","GradeUp_Mage","SkillLvUp_Blue","","5000","1","1","0.5","1","1.4","1","50","5000","100","Magical","0","0","500","0","0","0","500","0","9999999","99999","0","0","0","0","0","0","0","0","0","0","","","","","Ind_C_513_S01_G","C513_S01B","Temp_Battle_Se_Effect_011","1","","","BattleEndCameraPreset1"
"Mon_031_Dummy_R","","","Str_Char_031_S01_R_Name","","Monster","M","Red","1","Guardian","Front","","","","Skill_C_031_01_R","None","GradeUp_Guardian","SkillLvUp_Red","","5000","1","1","0.5","1","1.4","1","50","5000","100","Physical","0","0","500","0","0","0","500","0","9999999","99999","0","0","0","0","0","0","0","0","0","0","","","","","Ind_C_031_S01_G","C031_S01R","Temp_Battle_Se_Effect_011","1","","","BattleEndCameraPreset1"
"Mon_031_Dummy_G","","","Str_Char_031_S01_R_Name","","Monster","M","Green","1","Guardian","Front","","","","Skill_C_031_01_G","None","GradeUp_Guardian","SkillLvUp_Green","","5000","1","1","0.5","1","1.4","1","50","5000","100","Physical","0","0","500","0","0","0","500","0","9999999","99999","0","0","0","0","0","0","0","0","0","0","","","","","Ind_C_031_S01_G","C031_S01G","Temp_Battle_Se_Effect_011","1","","","BattleEndCameraPreset1"
"Mon_031_Dummy_B","","","Str_Char_031_S01_R_Name","","Monster","M","Blue","1","Guardian","Front","","","","Skill_C_031_01_B","None","GradeUp_Guardian","SkillLvUp_Blue","","5000","1","1","0.5","1","1.4","1","50","5000","100","Physical","0","0","500","0","0","0","500","0","9999999","99999","0","0","0","0","0","0","0","0","0","0","","","","","Ind_C_031_S01_G","C031_S01B","Temp_Battle_Se_Effect_011","1","","","BattleEndCameraPreset1"
"Mon_020_S01_G","","","Str_Char_020_S01_G_Name","","Monster","","Green","2","Knight","Front","","","","Skill_C_020_01_G","None","GradeUp_Knight","SkillLvUp_Green","","5000","1","1.9","0.5","1.4","1","1","50","5000","100","Magical","700","14","855","17","700","14","855","17","10200","204","1200","500","5500","9500","0","200","700","0","0","0","","","","","Ind_C_020_S01_G","C020_S01G","Temp_Battle_Se_Effect_011","1","","","BattleEndCameraPreset1"
"Mon_023_S01_R","","Str_Char_023_S01_R_Title","Str_Char_023_S01_R_Name","Str_Char_023_S01_R_Desc","Monster","M","Red","3","Fighter","Front","","","","Skill_C_023_01_R","None","GradeUp_Fighter","SkillLvUp_Red","","5000","1","2.1","0.5","1.5","1","1","50","5000","100","Physical","700","14","855","17","700","14","855","17","10200","204","1200","500","5500","9500","0","200","600","0","0","0","","","","","Ind_C_023_S01_R","C023_S01R","Temp_Battle_Se_Effect_011","1","","","BattleEndCameraPreset1"
"Mon_024_S01_R","","","Str_Char_024_S01_R_Name","","Monster","M","Red","1","Knight","Front","","","","Skill_C_024_01_R","None","GradeUp_Knight","SkillLvUp_Red","","5000","1","1.9","0.5","1.4","1","1","50","5000","100","Magical","700","14","855","17","700","14","855","17","10200","204","1200","500","5500","9500","0","200","700","0","0","0","","","","","Ind_C_024_S01_R","C024_S01R","Temp_Battle_Se_Effect_011","1","","","BattleEndCameraPreset1"
"Mon_025_S01_R","","","Str_Char_025_S01_R_Name","","Monster","M","Red","2","Ranger","Back","","","","Skill_C_025_01_R","None","GradeUp_Ranger","SkillLvUp_Red","","5000","1","1.9","0.5","1.4","1","1","50","5000","100","Physical","700","14","855","17","700","14","855","17","10200","204","1200","500","5500","9500","0","200","400","0","0","0","","","","","Ind_C_025_S01_G","C025_S01R","Temp_Battle_Se_Effect_011","1","","","BattleEndCameraPreset1"
"Mon_027_S01_D","","","Str_Char_027_S01_D_Name","","Monster","M","Red","1","Fighter","Front","","","","Skill_C_027_01_D","None","GradeUp_Fighter","SkillLvUp_Red","","5000","1","1","0.5","1","1","1","50","5000","100","Physical","700","14","855","17","700","14","855","17","10200","204","1200","500","5500","9500","0","200","400","0","0","0","","","","","Ind_C_027_S01_G","C027_S01D","Temp_Battle_Se_Effect_011","1","","","BattleEndCameraPreset1"
"Mon_027_S01_L","","","Str_Char_027_S01_L_Name","","Monster","M","Red","1","Fighter","Front","","","","Skill_C_027_01_L","None","GradeUp_Fighter","SkillLvUp_Red","","5000","1","1","0.5","1","1","1","50","5000","100","Physical","700","14","855","17","700","14","855","17","10200","204","1200","500","5500","9500","0","200","400","0","0","0","","","","","Ind_C_027_S01_G","C027_S01L","Temp_Battle_Se_Effect_011","1","","","BattleEndCameraPreset1"
"Mon_027_S01_B","","","Str_Char_027_S01_B_Name","","Monster","M","Blue","1","Fighter","Front","","","","Skill_C_027_01_B","None","GradeUp_Fighter","SkillLvUp_Blue","","5000","1","1","0.5","1","1","1","50","5000","100","Physical","700","14","855","17","700","14","855","17","10200","204","1200","500","5500","9500","0","200","400","0","0","0","","","","","Ind_C_027_S01_G","C027_S01B","Temp_Battle_Se_Effect_011","1","","","BattleEndCameraPreset1"
"Mon_028_S01_B","","","Str_Char_028_S01_B_Name","","Monster","M","Blue","1","Knight","Front","","","","Skill_C_028_01_B","None","GradeUp_Knight","SkillLvUp_Blue","","5000","1","1","0.5","1","1","1","50","5000","100","Magical","700","14","855","17","700","14","855","17","10200","204","1200","500","5500","9500","0","200","700","0","0","0","","","","","Ind_C_028_S01_G","C028_S01B","Temp_Battle_Se_Effect_011","1","","","BattleEndCameraPreset1"
"Mon_028_S01_D","","","Str_Char_028_S01_D_Name","","Monster","M","Red","1","Knight","Front","","","","Skill_C_028_01_D","None","GradeUp_Knight","SkillLvUp_Red","","5000","1","1","0.5","1","1","1","50","5000","100","Magical","700","14","855","17","700","14","855","17","10200","204","1200","500","5500","9500","0","200","700","0","0","0","","","","","Ind_C_028_S01_G","C028_S01D","Temp_Battle_Se_Effect_011","1","","","BattleEndCameraPreset1"
"Mon_028_S01_G","","","Str_Char_028_S01_G_Name","","Monster","M","Green","1","Knight","Front","","","","Skill_C_028_01_G","None","GradeUp_Knight","SkillLvUp_Green","","5000","1","1","0.5","1","1","1","50","5000","100","Magical","700","14","855","17","700","14","855","17","10200","204","1200","500","5500","9500","0","200","700","0","0","0","","","","","Ind_C_028_S01_G","C028_S01G","Temp_Battle_Se_Effect_011","1","","","BattleEndCameraPreset1"
"Mon_028_S01_L","","","Str_Char_028_S01_L_Name","","Monster","M","Red","1","Knight","Front","","","","Skill_C_028_01_L","None","GradeUp_Knight","SkillLvUp_Red","","5000","1","1","0.5","1","1","1","50","5000","100","Magical","700","14","855","17","700","14","855","17","10200","204","1200","500","5500","9500","0","200","700","0","0","0","","","","","Ind_C_028_S01_G","C028_S01L","Temp_Battle_Se_Effect_011","1","","","BattleEndCameraPreset1"
"Mon_028_S01_R","","","Str_Char_028_S01_R_Name","","Monster","M","Red","1","Knight","Front","","","","Skill_C_028_01_R","None","GradeUp_Knight","SkillLvUp_Red","","5000","1","1","0.5","1","1","1","50","5000","100","Magical","700","14","855","17","700","14","855","17","10200","204","1200","500","5500","9500","0","200","700","0","0","0","","","","","Ind_C_028_S01_G","C028_S01R","Temp_Battle_Se_Effect_011","1","","","BattleEndCameraPreset1"
"Mon_030_S01_R","","","Str_Char_030_S01_R_Name","","Monster","M","Green","1","Guardian","Front","","","","Skill_C_030_01_R","None","GradeUp_Guardian","SkillLvUp_Green","","5000","1","1.9","0.5","1.4","1","1","50","5000","100","Physical","200","28","206","30","0","0","172","25","2828","280","500","0","5000","9500","0","0","0","0","0","0","","","","","Ind_C_030_S01_R","C030_S01R","Temp_Battle_Se_Effect_011","1","","","BattleEndCameraPreset1"
"Mon_031_S01_D","","","Str_Char_031_S01_D_Name","","Monster","M","Red","1","Knight","Front","","","","Skill_C_031_01_D","None","GradeUp_Knight","SkillLvUp_Red","","5000","1","1","0.5","1","1","1","50","5000","100","Magical","700","14","855","17","700","14","855","17","10200","204","1200","500","5500","9500","0","200","700","0","0","0","","","","","Ind_C_031_S01_G","C031_S01D","Temp_Battle_Se_Effect_011","1","","","BattleEndCameraPreset1"
"Mon_031_S01_L","","","Str_Char_031_S01_L_Name","","Monster","M","Red","1","Knight","Front","","","","Skill_C_031_01_L","None","GradeUp_Fighter","SkillLvUp_Red","","5000","1","1","0.5","1","1","1","50","5000","100","Magical","700","14","855","17","700","14","855","17","10200","204","1200","500","5500","9500","0","200","700","0","0","0","","","","","Ind_C_031_S01_G","C031_S01L","Temp_Battle_Se_Effect_011","1","","","BattleEndCameraPreset1"
"Mon_032_S01_B","","","Str_Char_032_S01_B_Name","","Monster","M","Blue","1","Ranger","Middle","","","","Skill_C_032_01_B","None","GradeUp_Ranger","SkillLvUp_Blue","","5000","1","1","0.5","1","1","1","50","5000","100","Physical","700","14","855","17","700","14","855","17","10200","204","1200","500","5500","9500","0","200","400","0","0","0","","","","","Ind_C_032_S01_G","C032_S01B","Temp_Battle_Se_Effect_011","1","","","BattleEndCameraPreset1"
"Mon_032_S01_D","","","Str_Char_032_S01_D_Name","","Monster","M","Red","1","Ranger","Middle","","","","Skill_C_032_01_D","None","GradeUp_Ranger","SkillLvUp_Red","","5000","1","1","0.5","1","1","1","50","5000","100","Physical","700","14","855","17","700","14","855","17","10200","204","1200","500","5500","9500","0","200","400","0","0","0","","","","","Ind_C_032_S01_G","C032_S01D","Temp_Battle_Se_Effect_011","1","","","BattleEndCameraPreset1"
"Mon_032_S01_G","","","Str_Char_032_S01_G_Name","","Monster","M","Green","1","Ranger","Middle","","","","Skill_C_032_01_G","None","GradeUp_Ranger","SkillLvUp_Green","","5000","1","1","0.5","1","1","1","50","5000","100","Physical","700","14","855","17","700","14","855","17","10200","204","1200","500","5500","9500","0","200","400","0","0","0","","","","","Ind_C_032_S01_G","C032_S01G","Temp_Battle_Se_Effect_011","1","","","BattleEndCameraPreset1"
"Mon_032_S01_L","","","Str_Char_032_S01_L_Name","","Monster","M","Red","1","Ranger","Middle","","","","Skill_C_032_01_L","None","GradeUp_Ranger","SkillLvUp_Red","","5000","1","1","0.5","1","1","1","50","5000","100","Physical","700","14","855","17","700","14","855","17","10200","204","1200","500","5500","9500","0","200","400","0","0","0","","","","","Ind_C_032_S01_G","C032_S01L","Temp_Battle_Se_Effect_011","1","","","BattleEndCameraPreset1"
"Mon_032_S01_R","","","Str_Char_032_S01_R_Name","","Monster","M","Red","1","Ranger","Middle","","","","Skill_C_032_01_R","None","GradeUp_Ranger","SkillLvUp_Red","","5000","1","1","0.5","1","1","1","50","5000","100","Physical","700","14","855","17","700","14","855","17","10200","204","1200","500","5500","9500","0","200","400","0","0","0","","","","","Ind_C_032_S01_G","C032_S01R","Temp_Battle_Se_Effect_011","1","","","BattleEndCameraPreset1"
"Mon_033_S01_D","","","Str_Char_033_S01_D_Name","","Monster","M","Red","1","Ranger","Middle","","","","Skill_C_033_01_D","None","GradeUp_Ranger","SkillLvUp_Red","","5000","1","1.4","0.5","1.4","1","1","50","5000","100","Physical","700","14","855","17","700","14","855","17","10200","204","1200","500","5500","9500","0","200","400","0","0","0","","","","","Ind_C_033_S01_G","C033_S01D","Temp_Battle_Se_Effect_011","1","","","BattleEndCameraPreset1"
"Mon_033_S01_L","","","Str_Char_033_S01_L_Name","","Monster","M","Red","1","Ranger","Middle","","","","Skill_C_033_01_L","None","GradeUp_Ranger","SkillLvUp_Red","","5000","1","1.4","0.5","1.4","1","1","50","5000","100","Physical","700","14","855","17","700","14","855","17","10200","204","1200","500","5500","9500","0","200","400","0","0","0","","","","","Ind_C_033_S01_G","C033_S01L","Temp_Battle_Se_Effect_011","1","","","BattleEndCameraPreset1"
"Mon_039_S01_G","","Str_Char_039_S01_G_Title","Str_Char_039_S01_G_Name","Str_Char_039_S01_G_Desc","Monster","M","Green","3","Shooter","Middle","","","","Skill_C_039_01_G","None","GradeUp_Shooter","SkillLvUp_Green","","5000","1","2.1","0.5","1.5","1","1","50","5000","100","Physical","700","14","855","17","700","14","855","17","10200","204","1200","500","5500","9500","0","200","400","0","0","0","","","","","Ind_C_001_S01_G","C039_S01G","Temp_Battle_Se_Effect_011","1","","","BattleEndCameraPreset1"
"Mon_046_S01_R","","","Str_Char_046_S01_R_Name","","Monster","M","Red","2","Shooter","Middle","","","","Skill_C_046_01_R","None","GradeUp_Shooter","SkillLvUp_Red","","5000","1","1.2","0.5","1.2","1","1","50","5000","100","Physical","700","14","855","17","700","14","855","17","10200","204","1200","500","5500","9500","0","200","400","0","0","0","","","","","Ind_C_046_S01_R","C046_S01R","Temp_Battle_Se_Effect_011","1","","","BattleEndCameraPreset1"
"Mon_047_S01_G","","","Str_Char_047_S01_G_Name","","Monster","M","Green","2","Sorcerer","Back","","","","Skill_C_047_01_G","None","GradeUp_Sorcerer","SkillLvUp_Green","","5000","1","1.9","0.5","1.4","1","1","50","5000","100","Magical","700","14","855","17","700","14","855","17","10200","204","1200","500","5500","9500","0","200","400","0","0","0","","","","","Ind_C_047_S01_B","C047_S01G","Temp_Battle_Se_Effect_011","1","","","BattleEndCameraPreset1"
"Mon_048_S01_R","","","Str_Char_048_S01_R_Name","","Monster","M","Red","1","Fighter","Middle","","","","Skill_C_048_01_R","None","GradeUp_Fighter","SkillLvUp_Red","","5000","1","1","0.5","1","1","1","50","5000","100","Physical","700","14","855","17","700","14","855","17","10200","204","1200","500","5500","9500","0","200","600","0","0","0","","","","","Ind_C_048_S01_R","C048_S01R","Temp_Battle_Se_Effect_011","1","","","BattleEndCameraPreset1"
"Mon_048_S01_G","","","Str_Char_048_S01_G_Name","","Monster","M","Green","1","Fighter","Middle","","","","Skill_C_048_01_G","None","GradeUp_Fighter","SkillLvUp_Green","","5000","1","1","0.5","1","1","1","50","5000","100","Physical","700","14","855","17","700","14","855","17","10200","204","1200","500","5500","9500","0","200","600","0","0","0","","","","","Ind_C_048_S01_G","C048_S01G","Temp_Battle_Se_Effect_011","1","","","BattleEndCameraPreset1"
"Mon_049_S01_R","","","","","Monster","M","Red","2","Knight","Front","","","","Skill_C_049_01_R","None","GradeUp_Knight","SkillLvUp_Red","","5000","1","1.9","0.5","1.4","1","1","50","5000","100","Magical","700","14","855","17","700","14","855","17","10200","204","1200","500","5500","9500","0","200","700","0","0","0","","","","","Ind_C_049_S01_R","C049_S01R","Temp_Battle_Se_Effect_011","1","","","BattleEndCameraPreset1"
"Mon_052_S01_R","","","","","Monster","M","Red","3","Mage","Back","","","","Skill_C_052_01_R","None","GradeUp_Mage","SkillLvUp_Red","","5000","1","1.9","0.5","1.4","1","1","50","5000","100","Magical","700","14","855","17","700","14","855","17","10200","204","1200","500","5500","9500","0","200","400","0","0","0","","","","","Ind_C_052_S01_R","C052_S01R","Temp_Battle_Se_Effect_011","1","","","BattleEndCameraPreset1"
"Mon_053_S01_G","","","Str_Char_053_S01_G_Name","","Monster","M","Green","1","Ranger","Front","","","","Skill_C_053_01_G","None","GradeUp_Ranger","SkillLvUp_Green","","5000","1","1.4","0.5","1.4","1","1","50","5000","100","Physical","700","14","855","17","700","14","855","17","10200","204","1200","500","5500","9500","0","200","400","0","0","0","","","","","Ind_C_053_S01_G","C053_S01G","Temp_Battle_Se_Effect_011","1","","","BattleEndCameraPreset1"
"Mon_054_S01_G","","","Str_Char_054_S01_G_Name","","Monster","M","Green","1","Fighter","Back","","","","Skill_C_054_01_G","None","GradeUp_Fighter","SkillLvUp_Green","","5000","1","1.4","0.5","1.4","1","1","50","5000","100","Physical","700","14","855","17","700","14","855","17","10200","204","1200","500","5500","9500","0","200","600","0","0","0","","","","","Ind_C_054_S01_G","C054_S01G","Temp_Battle_Se_Effect_011","1","","","BattleEndCameraPreset1"
"Mon_055_S01_G","","","Str_Char_055_S01_G_Name","","Monster","M","Green","1","Knight","Back","","","","Skill_C_055_01_G","None","GradeUp_Knight","SkillLvUp_Green","","5000","1","1.9","0.5","1.4","1","1","50","5000","100","Magical","700","14","855","17","700","14","855","17","10200","204","1200","500","5500","9500","0","200","700","0","0","0","","","","","Ind_C_055_S01_G","C055_S01G","Temp_Battle_Se_Effect_011","1","","","BattleEndCameraPreset1"
"Mon_056_S01_B","","","","","Monster","M","Blue","1","Knight","Front","","","","Skill_C_056_01_B","None","GradeUp_Knight","SkillLvUp_Blue","","5000","1","1","0.5","1","1","1","50","5000","100","Magical","700","14","855","17","700","14","855","17","10200","204","1200","500","5500","9500","0","200","700","0","0","0","","","","","Ind_C_056_S01_R","C056_S01B","Temp_Battle_Se_Effect_011","1","","","BattleEndCameraPreset1"
"Mon_056_S01_R","","","","","Monster","M","Red","1","Knight","Front","","","","Skill_C_056_01_R","None","GradeUp_Knight","SkillLvUp_Red","","5000","1","1","0.5","1","1","1","50","5000","100","Magical","700","14","855","17","700","14","855","17","10200","204","1200","500","5500","9500","0","200","700","0","0","0","","","","","Ind_C_056_S01_R","C056_S01R","Temp_Battle_Se_Effect_011","1","","","BattleEndCameraPreset1"
"Mon_057_S01_B","","","Str_Char_057_S01_B_Name","","Monster","M","Blue","1","Fighter","Middle","","","","Skill_C_057_01_B","None","GradeUp_Fighter","SkillLvUp_Blue","","5000","1","1.4","0.5","1.4","1","1","50","5000","100","Physical","700","14","855","17","700","14","855","17","10200","204","1200","500","5500","9500","0","200","600","0","0","0","","","","","Ind_C_057_S01_G","C057_S01B","Temp_Battle_Se_Effect_011","1","","","BattleEndCameraPreset1"
"Mon_058_S01_B","","","","","Monster","M","Blue","1","Shooter","Back","","","","Skill_C_058_01_B","None","GradeUp_Shooter","SkillLvUp_Blue","","5000","1","1","0.5","1","1","1","50","5000","100","Physical","700","14","855","17","700","14","855","17","10200","204","1200","500","5500","9500","0","200","400","0","0","0","","","","","Ind_C_058_S01_R","C058_S01B","Temp_Battle_Se_Effect_011","1","","","BattleEndCameraPreset1"
"Mon_058_S01_R","","","","","Monster","M","Red","1","Shooter","Back","","","","Skill_C_058_01_R","None","GradeUp_Shooter","SkillLvUp_Red","","5000","1","1","0.5","1","1","1","50","5000","100","Physical","700","14","855","17","700","14","855","17","10200","204","1200","500","5500","9500","0","200","400","0","0","0","","","","","Ind_C_058_S01_R","C058_S01R","Temp_Battle_Se_Effect_011","1","","","BattleEndCameraPreset1"
"Mon_059_S01_D","","","","","Monster","M","Red","1","Knight","Front","","","","Skill_C_059_01_D","None","GradeUp_Knight","SkillLvUp_Red","","5000","1","1.9","0.5","1.4","1","1","50","5000","100","Magical","700","14","855","17","700","14","855","17","10200","204","1200","500","5500","9500","0","200","700","0","0","0","","","","","Ind_C_059_S01_R","C059_S01D","Temp_Battle_Se_Effect_011","1","","","BattleEndCameraPreset1"
"Mon_059_S01_R","","","","","Monster","M","Red","1","Knight","Front","","","","Skill_C_059_01_R","None","GradeUp_Knight","SkillLvUp_Red","","5000","1","1.9","0.5","1.4","1","1","50","5000","100","Magical","700","14","855","17","700","14","855","17","10200","204","1200","500","5500","9500","0","200","700","0","0","0","","","","","Ind_C_059_S01_R","C059_S01R","Temp_Battle_Se_Effect_011","1","","","BattleEndCameraPreset1"
"Mon_060_S01_B","","","","","Monster","M","Blue","1","Knight","Middle","","","","Skill_C_060_01_B","None","GradeUp_Knight","SkillLvUp_Blue","","5000","1","1.9","0.5","1.4","1","1","50","5000","100","Magical","700","14","855","17","700","14","855","17","10200","204","1200","500","5500","9500","0","200","700","0","0","0","","","","","Ind_C_060_S01_B","C060_S01B","Temp_Battle_Se_Effect_011","1","","","BattleEndCameraPreset1"
"Mon_064_S01_R","","Str_Char_064_S01_R_Title","Str_Char_064_S01_R_Name","Str_Char_064_S01_R_Desc","Monster","M","Red","3","Knight","Front","","","","Skill_C_064_01_R","None","GradeUp_Knight","SkillLvUp_Red","","5000","1","1.4","0.5","1.4","1","1","50","5000","100","Magical","700","14","855","17","700","14","855","17","10200","204","1200","500","5500","9500","0","200","700","0","0","0","","","","","Ind_C_064_S01_R","C064_S01R","Temp_Battle_Se_Effect_011","1","","","BattleEndCameraPreset1"
"Mon_071_S01_D","","","","","Monster","M","Red","1","Fighter","Back","","","","Skill_C_071_01_D","None","GradeUp_Fighter","SkillLvUp_Red","","5000","1","2.3","0.5","1.5","1","1","50","5000","100","Physical","700","14","855","17","700","14","855","17","10200","204","1200","500","5500","9500","0","200","600","0","0","0","","","","","Ind_C_071_S01_D","C071_S01D","Temp_Battle_Se_Effect_011","1","","","BattleEndCameraPreset1"
"Mon_500_S01_L","","","Str_Char_500_S01_L_Name","","Monster","M","Red","3","Knight","Front","","","","Skill_C_500_01_L","None","GradeUp_Knight","SkillLvUp_Red","","5000","1","1","0.5","1","1","1","50","5000","100","Magical","700","14","855","17","700","14","855","17","10200","204","1200","500","5500","9500","0","200","700","0","0","0","","","","","Ind_C_071_S01_D","C500_S01L","Temp_Battle_Se_Effect_011","1","","","BattleEndCameraPreset1"
"Mon_504_S01_L","","","Str_Char_504_S01_L_Name","","Monster","M","Red","2","Sorcerer","Middle","","","","Skill_C_504_01_L","None","GradeUp_Sorcerer","SkillLvUp_Red","","5000","1","2.3","0.5","1.5","1","1","50","5000","100","Magical","700","14","855","17","700","14","855","17","10200","204","1200","500","5500","9500","0","200","400","0","0","0","","","","","Ind_C_504_S01_L","C504_S01L","Temp_Battle_Se_Effect_011","1","","","BattleEndCameraPreset1"
"Mon_505_S01_D","","Str_Char_505_S01_D_Title","Str_Char_505_S01_D_Name","Str_Char_505_S01_D_Desc","Monster","M","Red","3","Ranger","Middle","","","","Skill_C_505_01_D","None","GradeUp_Ranger","SkillLvUp_Red","","5000","1","2.6","0.5","1.5","1","1","50","5000","100","Physical","700","14","855","17","700","14","855","17","10200","204","1200","500","5500","9500","0","200","400","0","0","0","","","","","Ind_C_505_S01_D","C505_S01D","Temp_Battle_Se_Effect_011","1","","","BattleEndCameraPreset1"
"Mon_506_S01_G","","","Str_Char_506_S01_G_Name","","Monster","M","Green","1","Knight","Front","","","","Skill_C_506_01_G","None","GradeUp_Knight","SkillLvUp_Green","","5000","1","1.9","0.5","1.4","1","1","50","5000","100","Magical","700","14","855","17","700","14","855","17","10200","204","1200","500","5500","9500","0","200","700","0","0","0","","","","","Ind_C_506_S01_G","C506_S01G","Temp_Battle_Se_Effect_011","1","","","BattleEndCameraPreset1"
"Mon_507_S01_G","","","Str_Char_507_S01_G_Name","","Monster","M","Green","1","Fighter","Back","","","","Skill_C_507_01_G","None","GradeUp_Fighter","SkillLvUp_Green","","5000","1","1.9","0.5","1.4","1","1","50","5000","100","Physical","700","14","855","17","700","14","855","17","10200","204","1200","500","5500","9500","0","200","600","0","0","0","","","","","Ind_C_507_S01_G","C507_S01G","Temp_Battle_Se_Effect_011","1","","","BattleEndCameraPreset1"
"Mon_508_S01_R","","","Str_Char_508_S01_R_Name","","Monster","M","Red","3","Ranger","Middle","","","","Skill_C_508_01_R","None","GradeUp_Ranger","SkillLvUp_Red","","5000","1","1.9","0.5","1.4","1","1","50","5000","100","Physical","700","14","855","17","700","14","855","17","10200","204","1200","500","5500","9500","0","200","400","0","0","0","","","","","Ind_C_508_S01_R","C508_S01R","Temp_Battle_Se_Effect_011","1","","","BattleEndCameraPreset1"
"Mon_509_S01_G","","","Str_Char_509_S01_G_Name","","Monster","M","Green","1","Sorcerer","Middle","","","","Skill_C_509_01_G","None","GradeUp_Sorcerer","SkillLvUp_Green","","5000","1","1.9","0.5","1.4","1","1","50","5000","100","Magical","700","14","855","17","700","14","855","17","10200","204","1200","500","5500","9500","0","200","400","0","0","0","","","","","Ind_C_509_S01_G","C509_S01G","Temp_Battle_Se_Effect_011","1","","","BattleEndCameraPreset1"
"Mon_510_S01_G","","","Str_Char_510_S01_G_Name","","Monster","M","Green","1","Shooter","Back","","","","Skill_C_510_01_G","None","GradeUp_Shooter","SkillLvUp_Green","","5000","1","1.5","0.5","1.4","1","1","50","5000","100","Physical","700","14","855","17","700","14","855","17","10200","204","1200","500","5500","9500","0","200","400","0","0","0","","","","","Ind_C_510_S01_G","C510_S01G","Temp_Battle_Se_Effect_011","1","","","BattleEndCameraPreset1"
"Mon_511_S01_G","","","Str_Char_511_S01_G_Name","","Monster","M","Green","1","Knight","Middle","","","","Skill_C_511_01_G","None","GradeUp_Knight","SkillLvUp_Green","","5000","1","1.9","0.5","1.4","1","1","50","5000","100","Magical","700","14","855","17","700","14","855","17","10200","204","1200","500","5500","9500","0","200","700","0","0","0","","","","","Ind_C_511_S01_G","C511_S01G","Temp_Battle_Se_Effect_011","1","","","BattleEndCameraPreset1"
"Mon_512_S01_R","","","Str_Char_512_S01_R_Name","","Monster","M","Red","3","Ranger","Front","","","","Skill_C_512_01_R","None","GradeUp_Ranger","SkillLvUp_Red","","5000","1","1.4","0.5","1.4","1","1","50","5000","100","Physical","700","14","855","17","700","14","855","17","10200","204","1200","500","5500","9500","0","200","400","0","0","0","","","","","Ind_C_511_S01_G","C512_S01R","Temp_Battle_Se_Effect_011","1","","","BattleEndCameraPreset1"
"Mon_514_S01_B","","","Str_Char_514_S01_B_Name","","Monster","M","Blue","1","Knight","Front","","","","Skill_C_514_01_B","None","GradeUp_Knight","SkillLvUp_Blue","","5000","1","2.1","0.5","1.5","1","1","50","5000","100","Magical","700","14","855","17","700","14","855","17","10200","204","1200","500","5500","9500","0","200","700","0","0","0","","","","","Ind_C_514_S01_B","C514_S01B","Temp_Battle_Se_Effect_011","1","","","BattleEndCameraPreset1"
"Mon_515_S01_B","","","Str_Char_515_S01_B_Name","","Monster","M","Blue","2","Fighter","Back","","","","Skill_C_515_01_B","None","GradeUp_Fighter","SkillLvUp_Blue","","5000","1","1.9","0.5","1.4","1","1","50","5000","100","Physical","700","14","855","17","700","14","855","17","10200","204","1200","500","5500","9500","0","200","600","0","0","0","","","","","Ind_C_515_S01_B","C515_S01B","Temp_Battle_Se_Effect_011","1","","","BattleEndCameraPreset1"
"Mon_516_S01_B","","","Str_Char_516_S01_B_Name","","Monster","M","Blue","1","Knight","Front","","","","Skill_C_516_01_B","None","GradeUp_Knight","SkillLvUp_Blue","","5000","1","1.9","0.5","1.4","1","1","50","5000","100","Magical","700","14","855","17","700","14","855","17","10200","204","1200","500","5500","9500","0","200","700","0","0","0","","","","","Ind_C_516_S01_B","C516_S01B","Temp_Battle_Se_Effect_011","1","","","BattleEndCameraPreset1"
"Mon_517_S01_B","","","Str_Char_517_S01_B_Name","","Monster","M","Blue","2","Sorcerer","Back","","","","Skill_C_517_01_B","None","GradeUp_Sorcerer","SkillLvUp_Blue","","5000","1","1.9","0.5","1.4","1","1","50","5000","100","Magical","700","14","855","17","700","14","855","17","10200","204","1200","500","5500","9500","0","200","400","0","0","0","","","","","Ind_C_517_S01_B","C517_S01B","Temp_Battle_Se_Effect_011","1","","","BattleEndCameraPreset1"
"Mon_518_S01_B","","","Str_Char_518_S01_B_Name","","Monster","M","Blue","2","Fighter","Middle","","","","Skill_C_518_01_B","None","GradeUp_Fighter","SkillLvUp_Blue","","5000","1","1.9","0.5","1.4","1","1","50","5000","100","Physical","700","14","855","17","700","14","855","17","10200","204","1200","500","5500","9500","0","200","600","0","0","0","","","","","Ind_C_518_S01_B","C518_S01B","Temp_Battle_Se_Effect_011","1","","","BattleEndCameraPreset1"
"Mon_519_S01_B","","","Str_Char_519_S01_B_Name","","Monster","M","Blue","2","Fighter","Back","","","","Skill_C_519_01_B","None","GradeUp_Fighter","SkillLvUp_Blue","","5000","1","1.9","0.5","1.4","1","1","50","5000","100","Physical","700","14","855","17","700","14","855","17","10200","204","1200","500","5500","9500","0","200","600","0","0","0","","","","","Ind_C_519_S01_B","C519_S01B","Temp_Battle_Se_Effect_011","1","","","BattleEndCameraPreset1"
"Mon_520_S01_L","","","Str_Char_520_S01_L_Name","","Monster","M","Red","3","Knight","Front","","","","Skill_C_520_01_L","None","GradeUp_Knight","SkillLvUp_Red","","5000","1","1.9","0.5","1.4","1","1","50","5000","100","Magical","700","14","855","17","700","14","855","17","10200","204","1200","500","5500","9500","0","200","700","0","0","0","","","","","Ind_C_520_S01_L","C520_S01L","Temp_Battle_Se_Effect_011","1","","","BattleEndCameraPreset1"
"Mon_521_S01_L","","","Str_Char_521_S01_L_Name","","Monster","M","Red","3","Sorcerer","Back","","","","Skill_C_521_01_L","None","GradeUp_Sorcerer","SkillLvUp_Red","","5000","1","1.9","0.5","1.4","1","1","50","5000","100","Magical","700","14","855","17","700","14","855","17","10200","204","1200","500","5500","9500","500","200","400","0","0","0","","","","","Ind_C_521_S01_L","C521_S01L","Temp_Battle_Se_Effect_011","1","","","BattleEndCameraPreset1"
"Mon_522_S01_L","","","Str_Char_522_S01_L_Name","","Monster","M","Red","3","Fighter","Middle","","","","Skill_C_522_01_L","None","GradeUp_Fighter","SkillLvUp_Red","","5000","1","1.9","0.5","1.4","1","1","50","5000","100","Physical","700","14","855","17","700","14","855","17","10200","204","1200","500","5500","9500","500","200","600","0","0","0","","","","","Ind_C_522_S01_L","C522_S01L","Temp_Battle_Se_Effect_011","1","","","BattleEndCameraPreset1"
"Mon_523_S01_L","","","Str_Char_523_S01_L_Name","","Monster","M","Red","3","Fighter","Back","","","","Skill_C_523_01_L","None","GradeUp_Fighter","SkillLvUp_Red","","5000","1","1.9","0.5","1.4","1","1","50","5000","100","Physical","700","14","855","17","700","14","855","17","10200","204","1200","500","5500","9500","500","200","600","0","0","0","","","","","Ind_C_523_S01_L","C523_S01L","Temp_Battle_Se_Effect_011","1","","","BattleEndCameraPreset1"
"Mon_529_S01_G","","","Str_Char_529_S01_G_Name","","Monster","M","Green","1","Ranger","Middle","","","","Skill_C_529_01_G","None","GradeUp_Ranger","SkillLvUp_Green","","5000","1","1","0.5","1","1","1","50","5000","100","Physical","210","17","110","4","210","17","110","4","4640","116","1300","200","6000","9500","0","100","400","0","0","0","","","","","Ind_C_529_S01_G","C529_S01G","Temp_Battle_Se_Effect_011","1","","","BattleEndCameraPreset1"
"Mon_532_S01_R","","","Str_Char_532_S01_R_Name","","Monster","M","Red","2","Fighter","Front","","","","Skill_C_532_01_R","None","GradeUp_Fighter","SkillLvUp_Red","","5000","1","1","0.5","1","1","1","50","5000","100","Physical","140","11","385","14","140","11","385","14","6080","152","1200","500","5500","9500","500","200","600","0","0","0","","","","","Ind_C_532_S01_R","C532_S01R","Temp_Battle_Se_Effect_011","1","","","BattleEndCameraPreset1"
"Mon_540_S01_B","","","Str_Char_540_S01_B_Name","","Monster","M","Blue","2","Sorcerer","Back","","","","Skill_C_540_01_B","None","GradeUp_Sorcerer","SkillLvUp_Blue","","5000","1","1.9","0.5","1.4","1","1","50","5000","100","Magical","700","14","855","17","700","14","855","17","10200","204","1200","500","5500","9500","0","200","400","0","0","0","","","","","Ind_C_540_S01_B","C540_S01B","Temp_Battle_Se_Effect_011","1","","","BattleEndCameraPreset1"
"Mon_541_S01_B","","","Str_Char_541_S01_B_Name","","Monster","M","Blue","2","Knight","Front","","","","Skill_C_541_01_B","None","GradeUp_Knight","SkillLvUp_Blue","","5000","1","1.9","0.5","1.4","1","1","50","5000","100","Magical","700","14","855","17","700","14","855","17","10200","204","1200","500","5500","9500","0","200","700","0","0","0","","","","","Ind_C_541_S01_B","C541_S01B","Temp_Battle_Se_Effect_011","1","","","BattleEndCameraPreset1"
"Mon_542_S01_B","","","Str_Char_542_S01_B_Name","","Monster","M","Blue","2","Knight","Front","","","","Skill_C_542_01_B","None","GradeUp_Knight","SkillLvUp_Blue","","5000","1","1.9","0.5","1.4","1","1","50","5000","100","Magical","700","14","855","17","700","14","855","17","10200","204","1200","500","5500","9500","0","200","700","0","0","0","","","","","Ind_C_542_S01_B","C542_S01B","Temp_Battle_Se_Effect_011","1","","","BattleEndCameraPreset1"
"Mon_548_S01_B","","","Str_Char_548_S01_B_Name","","Monster","M","Blue","1","Sorcerer","Middle","","","","Skill_C_548_01_B","None","GradeUp_Sorcerer","SkillLvUp_Blue","","5000","1","1","0.5","1","1","1","50","5000","100","Magical","700","14","855","17","700","14","855","17","10200","204","1200","500","5500","9500","0","200","400","0","0","0","","","","","Ind_C_548_S01_B","C548_S01B","Temp_Battle_Se_Effect_011","1","","","BattleEndCameraPreset1"
"Mon_552_S01_R","","","Str_Char_552_S01_R_Name","","Monster","M","Blue","1","Sorcerer","Back","","","","Skill_C_552_01_R","None","GradeUp_Sorcerer","SkillLvUp_Blue","","5000","1","2.1","0.5","1.5","1","1","50","5000","100","Magical","700","14","855","17","700","14","855","17","10200","204","1200","500","5500","9500","500","200","400","0","0","0","","","","","Ind_C_552_S01_R","C552_S01R","Temp_Battle_Se_Effect_011","1","","","BattleEndCameraPreset1"
"Mon_553_S01_R","","","Str_Char_553_S01_R_Name","","Monster","M","Red","3","Fighter","Back","","","","Skill_C_553_01_R","None","GradeUp_Fighter","SkillLvUp_Red","","5000","1","2.1","0.5","1.5","1","1","50","5000","100","Physical","700","14","855","17","700","14","855","17","10200","204","1200","500","5500","9500","500","200","600","0","0","0","","","","","Ind_C_553_S01_R","C553_S01R","Temp_Battle_Se_Effect_011","1","","","BattleEndCameraPreset1"
"Mon_555_S01_R","","","Str_Char_555_S01_R_Name","","Monster","M","Red","2","Ranger","Middle","","","","Skill_C_555_01_R","None","GradeUp_Ranger","SkillLvUp_Red","","5000","1","1","0.5","1","1","1","50","5000","100","Physical","210","17","114","4","210","17","114","4","4640","116","1300","200","6000","9500","0","100","400","0","0","0","","","","","Ind_C_555_S01_R","C555_S01R","Temp_Battle_Se_Effect_011","1","","","BattleEndCameraPreset1"
"Mon_556_S01_R","","","Str_Char_556_S01_R_Name","","Monster","M","Blue","2","Cleric","Back","","","","Skill_C_556_01_R","None","GradeUp_Cleric","SkillLvUp_Blue","","5000","1","1","0.5","1","1","1","50","5000","100","Magical","125","10","172","6","125","10","172","6","4800","120","800","400","5500","9500","0","500","400","0","0","0","","","","","Ind_C_556_S01_R","C556_S01R","Temp_Battle_Se_Effect_011","1","","","BattleEndCameraPreset1"
"Mon_027R_PB_01","","","Str_Char_027_S01_R_Name","","Monster","M","Red","1","Fighter","Front","","","","Skill_C_027_01_R","None","GradeUp_Guardian","SkillLvUp_Red","","5000","1","1","0.5","1","1","1","50","5000","100","Physical","150","3","187","9","0","0","70","3","7098","218","1000","0","5000","0","0","0","0","0","0","0","","","","","Ind_C_027_S01_R","C027_S01R","Temp_Battle_Se_Effect_011","1","","","BattleEndCameraPreset1"
"Mon_045R_PB_01","","","Str_Char_045_S01_R_Name","","Monster","M","Red","1","Fighter","Front","","","","Skill_C_045_01_R","None","GradeUp_Guardian","SkillLvUp_Green","","5000","1","1.2","0.5","1.2","1","1","50","5000","100","Physical","150","7","70","3","0","0","70","3","6388","196","1000","0","5000","0","0","0","0","0","0","0","","","","","Ind_C_045_S01_R","C045_S01R","Temp_Battle_Se_Effect_011","1","","","BattleEndCameraPreset1"
"Mon_592R_PB_01","","","Str_Char_592_S01_R_Name","","Monster","M","Red","1","Guardian","Front","","","","Skill_C_592_01_R","None","GradeUp_Guardian","SkillLvUp_Red","","5000","1","1.4","0.5","1.4","1","1","50","5000","100","Physical","114","5","187","9","0","0","70","3","8112","249","1000","0","5000","0","0","0","0","0","0","0","","","","","Ind_C_592_S01_R","C592_S01R","Temp_Battle_Se_Effect_011","1","","","BattleEndCameraPreset1"
"Mon_597R_PB_01","","","Str_Char_597_S01_R_Name","","Monster","M","Red","1","Fighter","Front","","","","Skill_C_597_01_R","None","GradeUp_Fighter","SkillLvUp_Red","","5000","1","1.9","0.5","1.4","1","1","50","5000","100","Physical","327","15","70","3","0","0","70","3","10038","308","1000","0","5000","0","0","0","0","0","0","0","","","","","Ind_C_597_S01_R","C597_S01R","Temp_Battle_Se_Effect_011","1","","","BattleEndCameraPreset1"
"Mon_593R_PB_01","","","Str_Char_593_S01_R_Name","","Monster","M","Red","1","Ranger","Middle","","","","Skill_C_593_01_R","None","GradeUp_Ranger","SkillLvUp_Red","","5000","1","1","0.5","1","1","1","50","5000","100","Physical","191","9","56","3","0","0","23","1","6489","199","1000","0","5000","0","0","0","0","0","0","0","","","","","Ind_C_593_S01_R","C593_S01R","Temp_Battle_Se_Effect_011","1","","","BattleEndCameraPreset1"
"Mon_559R_PB_01","","","Str_Char_559_S01_R_Name","","Monster","M","Red","2","Ranger","Middle","","","","Skill_C_559_01_R","None","GradeUp_Ranger","SkillLvUp_Red","","5000","1","1.9","0.5","1.4","1","1","50","5000","100","Physical","191","9","56","3","0","0","23","1","6489","199","1000","0","5000","0","0","0","0","0","0","0","","","","","Ind_C_559_S01_R","C559_S01R","Temp_Battle_Se_Effect_011","1","","","BattleEndCameraPreset1"
"Mon_589R_PB_01","","","Str_Char_589_S01_R_Name","","Monster","M","Red","2","Sorcerer","Middle","","","","Skill_C_589_01_R","None","GradeUp_Sorcerer","SkillLvUp_Red","","5000","1","1.4","0.5","1.4","1","1","50","5000","100","Magical","0","0","23","1","191","10","56","2","6489","199","1000","0","5000","0","0","0","0","0","0","0","","","","","Ind_C_589_S01_R","C589_S01R","Temp_Battle_Se_Effect_011","1","","","BattleEndCameraPreset1"
"Mon_531R_PB_01","","","Str_Char_531_S01_R_Name","","Monster","M","Red","2","Sorcerer","Middle","","","","Skill_C_531_01_R","None","GradeUp_Sorcerer","SkillLvUp_Red","","5000","1","1.4","0.5","1.4","1","1","50","5000","100","Magical","0","0","23","1","136","7","56","2","5678","174","1000","0","5000","0","0","0","0","0","0","0","","","","","Ind_C_531_S01_R","C531_S01R","Temp_Battle_Se_Effect_011","1","","","BattleEndCameraPreset1"
"Mon_527R_PB_01","","","Str_Char_527_S01_R_Name","","Monster","M","Red","1","Ranger","Middle","","","","Skill_C_527_01_R","None","GradeUp_Ranger","SkillLvUp_Red","","5000","1","1.4","0.5","1.4","1","1","50","5000","100","Physical","136","6","56","3","0","0","23","1","5678","174","1000","0","5000","0","0","0","0","0","0","0","","","","","Ind_C_527_S01_R","C527_S01R","Temp_Battle_Se_Effect_011","1","","","BattleEndCameraPreset1"
"Mon_534R_PB_01","","","Str_Char_534_S01_R_Name","","Monster","M","Red","2","Mage","Back","","","","Skill_C_534_01_R","None","GradeUp_Mage","SkillLvUp_Green","","5000","1","1","0.5","1","1","1","50","5000","100","Magical","0","0","9","0","163","9","14","0","5323","163","1000","0","5000","0","0","0","0","0","0","0","","","","","Ind_C_534_S01_R","C534_S01R","Temp_Battle_Se_Effect_011","1","","","BattleEndCameraPreset1"
"Mon_525R_PB_01","","","Str_Char_525_S01_R_Name","","Monster","M","Red","2","Shooter","Back","","","","Skill_C_525_01_R","None","GradeUp_Shooter","SkillLvUp_Red","","5000","1","1.4","0.5","1.4","1","1","50","5000","100","Physical","229","11","14","0","0","0","9","0","6084","187","1000","0","5000","0","0","0","0","0","0","0","","","","","Ind_C_525_S01_R","C525_S01R","Temp_Battle_Se_Effect_011","1","","","BattleEndCameraPreset1"
"Mon_533R_PB_01","","","Str_Char_533_S01_R_Name","","Monster","M","Red","2","Cleric","Back","","","","Skill_C_533_01_R","None","GradeUp_Sorcerer","SkillLvUp_Red","","5000","1","1.4","0.5","1.4","1","1","50","5000","100","Magical","0","0","14","0","109","6","14","0","5678","174","1000","0","5000","0","0","0","0","0","0","0","","","","","Ind_C_533_S01_R","C533_S01R","Temp_Battle_Se_Effect_011","1","","","BattleEndCameraPreset1"
"Mon_534R_PB_01","","","Str_Char_534_S01_R_Name","","Monster","M","Red","2","Mage","Back","","","","Skill_C_534_01_R","None","GradeUp_Mage","SkillLvUp_Green","","5000","1","1","0.5","1","1","1","50","5000","100","Magical","0","0","9","0","196","10","14","0","5703","175","1000","0","5000","0","0","0","0","0","0","0","","","","","Ind_C_534_S01_R","C534_S01R","Temp_Battle_Se_Effect_011","1","","","BattleEndCameraPreset1"
"Mon_594R_PB_01","","","Str_Char_594_S01_R_Name","","Monster","M","Red","1","Cleric","Back","","","","Skill_C_594_01_R","None","GradeUp_Cleric","SkillLvUp_Red","","5000","1","1","0.5","1","1","1","50","5000","100","Magical","0","0","14","0","152","8","14","0","6489","199","1000","0","5000","0","0","0","0","0","0","0","","","","","Ind_C_594_S01_R","C594_S01R","Temp_Battle_Se_Effect_011","1","","","BattleEndCameraPreset1"
"Mon_592R_PBC_01","","","Str_Char_592_S01_R_Name","","Monster","M","Red","2","Guardian","Front","","","","Skill_C_592_01_R","None","GradeUp_Guardian","SkillLvUp_Red","","5000","1","1.4","0.5","1.4","1","1","50","5000","100","Physical","193","10","488","24","0","0","182","8","23868","733","1000","0","5000","0","0","0","0","0","0","0","","","","","Ind_C_592_S01_R","C592_S01R","Temp_Battle_Se_Effect_011","1","","","BattleEndCameraPreset1"
"Mon_559R_PBC_01","","","Str_Char_559_S01_R_Name","","Monster","M","Red","2","Ranger","Middle","","","","Skill_C_559_01_R","None","GradeUp_Ranger","SkillLvUp_Red","","5000","1","1.9","0.5","1.4","1","1","50","5000","100","Physical","423","18","146","8","0","0","60","2","19093","587","1000","0","5000","0","0","0","0","0","0","0","","","","","Ind_C_559_S01_R","C559_S01R","Temp_Battle_Se_Effect_011","1","","","BattleEndCameraPreset1"
"Mon_589R_PBC_01","","","Str_Char_589_S01_R_Name","","Monster","M","Red","2","Sorcerer","Middle","","","","Skill_C_589_01_R","None","GradeUp_Sorcerer","SkillLvUp_Red","","5000","1","1.4","0.5","1.4","1","1","50","5000","100","Magical","0","0","60","4","423","23","146","6","19093","587","1000","0","5000","0","0","0","0","0","0","0","","","","","Ind_C_589_S01_R","C589_S01R","Temp_Battle_Se_Effect_011","1","","","BattleEndCameraPreset1"
"Mon_072_PB_01","","","Str_Char_072_S01_R_Name","Str_Char_072_S01_R_Desc","Boss","M","Red","3","Shooter","Back","Wea_Ranged","Armor_Cape","Acc_Helmet","Skill_C_072_01_R","CharRotation","GradeUp_Char_072","SkillLvUp_Main_Red_Elvinzia","SkillLvUp_Sub_Shooter_Elvinzia","5000","1","1.9","0.5","1.4","1","1","126","3753","100","Physical","592","23","341","16","0","0","153","4","22276","685","1000","0","5000","0","0","0","0","0","0","0","","","","Item_Material_HeroGradeUp_Char_072_S01_R","Ind_C_072_S01_R","C072_S01R","Temp_Battle_Se_Effect_011","1","","","BattleEndCameraPreset1"
"Mon_045B_PB_02","","","Str_Char_045_S01_B_Name","","Monster","M","Blue","1","Guardian","Front","","","","Skill_C_045_01_B","None","GradeUp_Guardian","SkillLvUp_Blue","","5000","1","1.2","0.5","1.2","1","1","50","5000","100","Physical","210","32","86","4","0","0","86","4","11501","552","1000","0","5000","0","0","0","0","0","0","0","","","","","Ind_C_045_S01_B","C045_S01B","Temp_Battle_Se_Effect_011","1","","","BattleEndCameraPreset1"
"Mon_049B_PB_02","","","Str_Char_049_S01_B_Name","","Monster","M","Blue","2","Knight","Front","","","","Skill_C_049_01_B","None","GradeUp_Knight","SkillLvUp_Blue","","5000","1","1.9","0.5","1.4","1","1","50","5000","100","Magical","0","0","86","4","201","23","230","9","12779","614","1000","0","5000","0","0","0","0","0","0","0","","","","","Ind_C_049_S01_B","C049_S01B","Temp_Battle_Se_Effect_011","1","","","BattleEndCameraPreset1"
"Mon_538B_PB_02","","","Str_Char_538_S01_B_Name","","Monster","M","Blue","2","Knight","Front","","","","Skill_C_538_01_B","None","GradeUp_Knight","SkillLvUp_Blue","","5000","1","1.9","0.5","1.4","1","1","50","5000","100","Magical","0","0","86","4","201","23","230","9","12779","614","1000","0","5000","0","0","0","0","0","0","0","","","","","Ind_C_538_S01_B","C538_S01B","Temp_Battle_Se_Effect_011","1","","","BattleEndCameraPreset1"
"Mon_549R_PB_02","","","Str_Char_549_S01_R_Name","","Monster","M","Blue","3","Knight","Front","","","","Skill_C_549_01_R","None","GradeUp_Knight","SkillLvUp_Blue","","5000","1","1.9","0.5","1.4","1","1","50","5000","100","Magical","0","0","86","4","186","21","230","9","11980","576","1000","0","5000","0","0","0","0","0","0","0","","","","","Ind_C_549_S01_R","C549_S01R","Temp_Battle_Se_Effect_011","1","","","BattleEndCameraPreset1"
"Mon_539B_PB_02","","","Str_Char_539_S01_B_Name","","Monster","M","Blue","1","Ranger","Middle","","","","Skill_C_539_01_B","None","GradeUp_Ranger","SkillLvUp_Blue","","5000","1","1","0.5","1","1","1","50","5000","100","Physical","273","26","69","3","0","0","28","1","10223","491","1000","0","5000","0","0","0","0","0","0","0","","","","","Ind_C_539_S01_B","C539_S01B","Temp_Battle_Se_Effect_011","1","","","BattleEndCameraPreset1"
"Mon_546B_PB_02","","","Str_Char_546_S01_B_Name","","Monster","M","Blue","2","Ranger","Middle","","","","Skill_C_546_01_B","None","GradeUp_Ranger","SkillLvUp_Blue","","5000","1","1.9","0.5","1.4","1","1","50","5000","100","Physical","273","26","69","3","0","0","28","1","10223","491","1000","0","5000","0","0","0","0","0","0","0","","","","","Ind_C_546_S01_B","C546_S01B","Temp_Battle_Se_Effect_011","1","","","BattleEndCameraPreset1"
"Mon_547B_PB_02","","","Str_Char_547_S01_B_Name","","Monster","M","Blue","1","Sorcerer","Middle","","","","Skill_C_547_01_B","None","GradeUp_Sorcerer","SkillLvUp_Blue","","5000","1","2.1","0.5","1.5","1","1","50","5000","100","Magical","0","0","28","1","336","38","69","3","10223","491","1000","0","5000","0","0","0","0","0","0","0","","","","","Ind_C_547_S01_B","C547_S01B","Temp_Battle_Se_Effect_011","1","","","BattleEndCameraPreset1"
"Mon_545B_PB_02","","","Str_Char_545_S01_B_Name","","Monster","M","Blue","2","Sorcerer","Middle","","","","Skill_C_545_01_B","None","GradeUp_Sorcerer","SkillLvUp_Blue","","5000","1","2.1","0.5","1.5","1","1","50","5000","100","Magical","0","0","28","1","336","38","69","3","10223","491","1000","0","5000","0","0","0","0","0","0","0","","","","","Ind_C_545_S01_B","C545_S01B","Temp_Battle_Se_Effect_011","1","","","BattleEndCameraPreset1"
"Mon_551R_PB_02","","","Str_Char_551_S01_R_Name","","Monster","M","Blue","3","Ranger","Middle","","","","Skill_C_551_01_R","None","GradeUp_Ranger","SkillLvUp_Blue","","5000","1","1.9","0.5","1.4","1","1","50","5000","100","Physical","252","24","69","3","0","0","28","1","9584","460","1000","0","5000","0","0","0","0","0","0","0","","","","","Ind_C_551_S01_R","C551_S01R","Temp_Battle_Se_Effect_011","1","","","BattleEndCameraPreset1"
"Mon_543B_PB_02","","","Str_Char_543_S01_B_Name","","Monster","M","Blue","1","Shooter","Back","","","","Skill_C_543_01_B","None","GradeUp_Shooter","SkillLvUp_Blue","","5000","1","1.9","0.5","1.4","1","1","50","5000","100","Physical","327","31","17","0","0","0","11","0","9584","460","1000","0","5000","0","0","0","0","0","0","0","","","","","Ind_C_543_S01_B","C543_S01B","Temp_Battle_Se_Effect_011","1","","","BattleEndCameraPreset1"
"Mon_544B_PB_02","","","Str_Char_544_S01_B_Name","","Monster","M","Blue","1","Shooter","Back","","","","Skill_C_544_01_B","None","GradeUp_Shooter","SkillLvUp_Blue","","5000","1","1.9","0.5","1.4","1","1","50","5000","100","Physical","327","31","17","0","0","0","11","0","9584","460","1000","0","5000","0","0","0","0","0","0","0","","","","","Ind_C_544_S01_B","C544_S01B","Temp_Battle_Se_Effect_011","1","","","BattleEndCameraPreset1"
"Mon_047B_PB_02","","","Str_Char_047_S01_B_Name","","Monster","M","Blue","2","Cleric","Back","","","","Skill_C_047_01_B","None","GradeUp_Cleric","SkillLvUp_Blue","","5000","1","1.9","0.5","1.4","1","1","50","5000","100","Magical","0","0","17","0","268","30","17","0","10223","491","1000","0","5000","0","0","0","0","0","0","0","","","","","Ind_C_047_S01_B","C047_S01B","Temp_Battle_Se_Effect_011","1","","","BattleEndCameraPreset1"
"Mon_550R_PB_02","","","Str_Char_550_S01_R_Name","","Monster","M","Blue","3","Shooter","Back","","","","Skill_C_550_01_R","None","GradeUp_Shooter","SkillLvUp_Blue","","5000","1","1.9","0.5","1.4","1","1","50","5000","100","Physical","275","28","17","0","0","0","11","0","8985","432","1000","0","5000","0","0","0","0","0","0","0","","","","","Ind_C_550_S01_R","C550_S01R","Temp_Battle_Se_Effect_011","1","","","BattleEndCameraPreset1"
"Mon_549R_PBC_02","","","Str_Char_549_S01_R_Name","","Monster","M","Blue","3","Knight","Front","","","","Skill_C_549_01_R","None","GradeUp_Knight","SkillLvUp_Blue","","5000","1","1.9","0.5","1.4","1","1","50","5000","100","Magical","0","0","103","4","223","25","276","10","14376","691","1000","0","5000","0","0","0","0","0","0","0","","","","","Ind_C_549_S01_R","C549_S01R","Temp_Battle_Se_Effect_011","1","","","BattleEndCameraPreset1"
"Mon_550R_PBC_02","","","Str_Char_550_S01_R_Name","","Monster","M","Blue","3","Shooter","Back","","","","Skill_C_550_01_R","None","GradeUp_Shooter","SkillLvUp_Blue","","5000","1","1.9","0.5","1.4","1","1","50","5000","100","Physical","354","36","20","0","0","0","13","0","10782","518","1000","0","5000","0","0","0","0","0","0","0","","","","","Ind_C_550_S01_R","C550_S01R","Temp_Battle_Se_Effect_011","1","","","BattleEndCameraPreset1"
"Mon_085_PB_02","","","Str_Char_085_S01_B_Name","Str_Char_085_S01_B_Desc","Boss","M","Blue","3","Ranger","Middle","Wea_Sword","Armor_Belt","Acc_Bracelet","Skill_C_085_01_B","CharRotation","GradeUp_Char_085","SkillLvUp_Main_Blue_Kainan","SkillLvUp_Sub_Ranger_Kainan","5000","1","1.9","0.5","1.4","1","1","126","3773","100","Physical","674","48","276","13","0","0","115","4","7666","1105","2000","0","5000","0","0","0","0","0","0","0","","","","Item_Material_HeroGradeUp_Char_085_S01_B","Ind_C_085_S01_B","C085_S01B","Temp_Battle_Se_Effect_011","1","","","BattleEndCameraPreset1"
"Mon_027R_PB_03","","","Str_Char_027_S01_R_Name","","Monster","M","Red","1","Fighter","Front","","","","Skill_C_027_01_R","None","GradeUp_Guardian","SkillLvUp_Red","","5000","1","1","0.5","1","1","1","50","5000","100","Physical","421","8","436","21","0","0","163","7","18110","470","1000","0","5000","0","0","0","0","0","0","0","","","","","Ind_C_027_S01_R","C027_S01R","Temp_Battle_Se_Effect_011","1","","","BattleEndCameraPreset1"
"Mon_045R_PB_03","","","Str_Char_045_S01_R_Name","","Monster","M","Red","1","Fighter","Front","","","","Skill_C_045_01_R","None","GradeUp_Guardian","SkillLvUp_Green","","5000","1","1.2","0.5","1.2","1","1","50","5000","100","Physical","421","15","163","9","0","0","163","7","16299","423","1000","0","5000","0","0","0","0","0","0","0","","","","","Ind_C_045_S01_R","C045_S01R","Temp_Battle_Se_Effect_011","1","","","BattleEndCameraPreset1"
"Mon_592R_PB_03","","","Str_Char_592_S01_R_Name","","Monster","M","Red","1","Guardian","Front","","","","Skill_C_592_01_R","None","GradeUp_Guardian","SkillLvUp_Red","","5000","1","1.4","0.5","1.4","1","1","50","5000","100","Physical","321","11","436","21","0","0","163","7","20697","537","1000","0","5000","0","0","0","0","0","0","0","","","","","Ind_C_592_S01_R","C592_S01R","Temp_Battle_Se_Effect_011","1","","","BattleEndCameraPreset1"
"Mon_597R_PB_03","","","Str_Char_597_S01_R_Name","","Monster","M","Red","1","Fighter","Front","","","","Skill_C_597_01_R","None","GradeUp_Fighter","SkillLvUp_Red","","5000","1","1.9","0.5","1.4","1","1","50","5000","100","Physical","917","33","163","9","0","0","163","7","25613","665","1000","0","5000","0","0","0","0","0","0","0","","","","","Ind_C_597_S01_R","C597_S01R","Temp_Battle_Se_Effect_011","1","","","BattleEndCameraPreset1"
"Mon_593R_PB_03","","","Str_Char_593_S01_R_Name","","Monster","M","Red","1","Ranger","Middle","","","","Skill_C_593_01_R","None","GradeUp_Ranger","SkillLvUp_Red","","5000","1","1","0.5","1","1","1","50","5000","100","Physical","535","19","131","7","0","0","54","2","16558","430","1000","0","5000","0","0","0","0","0","0","0","","","","","Ind_C_593_S01_R","C593_S01R","Temp_Battle_Se_Effect_011","1","","","BattleEndCameraPreset1"
"Mon_559R_PB_03","","","Str_Char_559_S01_R_Name","","Monster","M","Red","2","Ranger","Middle","","","","Skill_C_559_01_R","None","GradeUp_Ranger","SkillLvUp_Red","","5000","1","1.9","0.5","1.4","1","1","50","5000","100","Physical","535","19","131","7","0","0","54","2","16558","430","1000","0","5000","0","0","0","0","0","0","0","","","","","Ind_C_559_S01_R","C559_S01R","Temp_Battle_Se_Effect_011","1","","","BattleEndCameraPreset1"
"Mon_589R_PB_03","","","Str_Char_589_S01_R_Name","","Monster","M","Red","2","Sorcerer","Middle","","","","Skill_C_589_01_R","None","GradeUp_Sorcerer","SkillLvUp_Red","","5000","1","1.4","0.5","1.4","1","1","50","5000","100","Magical","0","0","54","3","535","25","131","5","16558","430","1000","0","5000","0","0","0","0","0","0","0","","","","","Ind_C_589_S01_R","C589_S01R","Temp_Battle_Se_Effect_011","1","","","BattleEndCameraPreset1"
"Mon_531R_PB_03","","","Str_Char_531_S01_R_Name","","Monster","M","Red","2","Sorcerer","Middle","","","","Skill_C_531_01_R","None","GradeUp_Sorcerer","SkillLvUp_Red","","5000","1","1.4","0.5","1.4","1","1","50","5000","100","Magical","0","0","54","3","382","18","131","5","14488","376","1000","0","5000","0","0","0","0","0","0","0","","","","","Ind_C_531_S01_R","C531_S01R","Temp_Battle_Se_Effect_011","1","","","BattleEndCameraPreset1"
"Mon_527R_PB_03","","","Str_Char_527_S01_R_Name","","Monster","M","Red","1","Ranger","Middle","","","","Skill_C_527_01_R","None","GradeUp_Ranger","SkillLvUp_Red","","5000","1","1.4","0.5","1.4","1","1","50","5000","100","Physical","382","14","131","7","0","0","54","2","14488","376","1000","0","5000","0","0","0","0","0","0","0","","","","","Ind_C_527_S01_R","C527_S01R","Temp_Battle_Se_Effect_011","1","","","BattleEndCameraPreset1"
"Mon_534R_PB_03","","","Str_Char_534_S01_R_Name","","Monster","M","Red","2","Mage","Back","","","","Skill_C_534_01_R","None","GradeUp_Mage","SkillLvUp_Green","","5000","1","1","0.5","1","1","1","50","5000","100","Magical","0","0","21","1","458","21","32","1","13582","352","1000","0","5000","0","0","0","0","0","0","0","","","","","Ind_C_534_S01_R","C534_S01R","Temp_Battle_Se_Effect_011","1","","","BattleEndCameraPreset1"
"Mon_525R_PB_03","","","Str_Char_525_S01_R_Name","","Monster","M","Red","2","Shooter","Back","","","","Skill_C_525_01_R","None","GradeUp_Shooter","SkillLvUp_Red","","5000","1","1.4","0.5","1.4","1","1","50","5000","100","Physical","642","23","32","1","0","0","21","1","15523","403","1000","0","5000","0","0","0","0","0","0","0","","","","","Ind_C_525_S01_R","C525_S01R","Temp_Battle_Se_Effect_011","1","","","BattleEndCameraPreset1"
"Mon_533R_PB_03","","","Str_Char_533_S01_R_Name","","Monster","M","Red","2","Cleric","Back","","","","Skill_C_533_01_R","None","GradeUp_Sorcerer","SkillLvUp_Red","","5000","1","1.4","0.5","1.4","1","1","50","5000","100","Magical","0","0","32","1","305","14","32","1","14488","376","1000","0","5000","0","0","0","0","0","0","0","","","","","Ind_C_533_S01_R","C533_S01R","Temp_Battle_Se_Effect_011","1","","","BattleEndCameraPreset1"
"Mon_534R_PB_03","","","Str_Char_534_S01_R_Name","","Monster","M","Red","2","Mage","Back","","","","Skill_C_534_01_R","None","GradeUp_Mage","SkillLvUp_Green","","5000","1","1","0.5","1","1","1","50","5000","100","Magical","0","0","21","1","550","25","32","1","14553","378","1000","0","5000","0","0","0","0","0","0","0","","","","","Ind_C_534_S01_R","C534_S01R","Temp_Battle_Se_Effect_011","1","","","BattleEndCameraPreset1"
"Mon_594R_PB_03","","","Str_Char_594_S01_R_Name","","Monster","M","Red","1","Cleric","Back","","","","Skill_C_594_01_R","None","GradeUp_Cleric","SkillLvUp_Red","","5000","1","1","0.5","1","1","1","50","5000","100","Magical","0","0","32","1","428","20","32","1","16558","430","1000","0","5000","0","0","0","0","0","0","0","","","","","Ind_C_594_S01_R","C594_S01R","Temp_Battle_Se_Effect_011","1","","","BattleEndCameraPreset1"
"Mon_531R_PBC_03","","","Str_Char_531_S01_R_Name","","Monster","M","Red","2","Sorcerer","Middle","","","","Skill_C_531_01_R","None","GradeUp_Sorcerer","SkillLvUp_Red","","5000","1","1.4","0.5","1.4","1","1","50","5000","100","Magical","0","0","63","3","449","20","154","6","17075","443","1000","0","5000","0","0","0","0","0","0","0","","","","","Ind_C_531_S01_R","C531_S01R","Temp_Battle_Se_Effect_011","1","","","BattleEndCameraPreset1"
"Mon_527R_PBC_03","","","Str_Char_527_S01_R_Name","","Monster","M","Red","1","Ranger","Middle","","","","Skill_C_527_01_R","None","GradeUp_Ranger","SkillLvUp_Red","","5000","1","1.4","0.5","1.4","1","1","50","5000","100","Physical","449","16","154","7","0","0","63","3","17075","443","1000","0","5000","0","0","0","0","0","0","0","","","","","Ind_C_527_S01_R","C527_S01R","Temp_Battle_Se_Effect_011","1","","","BattleEndCameraPreset1"
"Mon_525R_PBC_03","","","Str_Char_525_S01_R_Name","","Monster","M","Red","2","Shooter","Back","","","","Skill_C_525_01_R","None","GradeUp_Shooter","SkillLvUp_Red","","5000","1","1.4","0.5","1.4","1","1","50","5000","100","Physical","755","27","38","1","0","0","25","1","18295","475","1000","0","5000","0","0","0","0","0","0","0","","","","","Ind_C_525_S01_R","C525_S01R","Temp_Battle_Se_Effect_011","1","","","BattleEndCameraPreset1"
"Mon_533R_PBC_03","","","Str_Char_533_S01_R_Name","","Monster","M","Red","2","Cleric","Back","","","","Skill_C_533_01_R","None","GradeUp_Sorcerer","SkillLvUp_Red","","5000","1","1.4","0.5","1.4","1","1","50","5000","100","Magical","0","0","38","1","359","16","38","1","17075","443","1000","0","5000","0","0","0","0","0","0","0","","","","","Ind_C_533_S01_R","C533_S01R","Temp_Battle_Se_Effect_011","1","","","BattleEndCameraPreset1"
"Mon_007_PB_03","","","Str_Char_007_S01_D_Name","Str_Char_007_S01_D_Desc","Boss","M","Red","3","Knight","Front","Wea_Mace","Armor_Coat","Acc_Helmet","Skill_C_007_01_D","CharRotation","GradeUp_Char_007","SkillLvUp_Main_Red_DelMar","SkillLvUp_Sub_Knight_DelMar","5000","1","1.9","0.5","1.4","1","1","82","10298","75","Magical","0","0","760","31","1689","95","1716","66","49140","1404","1000","0","5000","0","0","0","0","0","0","0","","","","Item_Material_HeroGradeUp_Char_007_S01_D","Ind_C_007_S01_D","C007_S01D","Temp_Battle_Se_Effect_011","1","","","BattleEndCameraPreset1"
"Mon_027R_PB_04","","","Str_Char_027_S01_R_Name","","Monster","M","Red","1","Fighter","Front","","","","Skill_C_027_01_R","None","GradeUp_Guardian","SkillLvUp_Red","","5000","1","1","0.5","1","1","1","50","5000","100","Physical","453","7","403","20","0","0","151","6","18144","403","1000","0","5000","0","0","0","0","0","0","0","","","","","Ind_C_027_S01_R","C027_S01R","Temp_Battle_Se_Effect_011","1","","","BattleEndCameraPreset1"
"Mon_045R_PB_04","","","Str_Char_045_S01_R_Name","","Monster","M","Red","1","Fighter","Front","","","","Skill_C_045_01_R","None","GradeUp_Guardian","SkillLvUp_Green","","5000","1","1.2","0.5","1.2","1","1","50","5000","100","Physical","453","13","151","8","0","0","151","6","16329","362","1000","0","5000","0","0","0","0","0","0","0","","","","","Ind_C_045_S01_R","C045_S01R","Temp_Battle_Se_Effect_011","1","","","BattleEndCameraPreset1"
"Mon_592R_PB_04","","","Str_Char_592_S01_R_Name","","Monster","M","Red","1","Guardian","Front","","","","Skill_C_592_01_R","None","GradeUp_Guardian","SkillLvUp_Red","","5000","1","1.4","0.5","1.4","1","1","50","5000","100","Physical","345","9","403","20","0","0","151","6","20736","460","1000","0","5000","0","0","0","0","0","0","0","","","","","Ind_C_592_S01_R","C592_S01R","Temp_Battle_Se_Effect_011","1","","","BattleEndCameraPreset1"
"Mon_597R_PB_04","","","Str_Char_597_S01_R_Name","","Monster","M","Red","1","Fighter","Front","","","","Skill_C_597_01_R","None","GradeUp_Fighter","SkillLvUp_Red","","5000","1","1.9","0.5","1.4","1","1","50","5000","100","Physical","987","28","151","8","0","0","151","6","25660","570","1000","0","5000","0","0","0","0","0","0","0","","","","","Ind_C_597_S01_R","C597_S01R","Temp_Battle_Se_Effect_011","1","","","BattleEndCameraPreset1"
"Mon_593R_PB_04","","","Str_Char_593_S01_R_Name","","Monster","M","Red","1","Ranger","Middle","","","","Skill_C_593_01_R","None","GradeUp_Ranger","SkillLvUp_Red","","5000","1","1","0.5","1","1","1","50","5000","100","Physical","576","16","120","6","0","0","50","2","16588","368","1000","0","5000","0","0","0","0","0","0","0","","","","","Ind_C_593_S01_R","C593_S01R","Temp_Battle_Se_Effect_011","1","","","BattleEndCameraPreset1"
"Mon_559R_PB_04","","","Str_Char_559_S01_R_Name","","Monster","M","Red","2","Ranger","Middle","","","","Skill_C_559_01_R","None","GradeUp_Ranger","SkillLvUp_Red","","5000","1","1.9","0.5","1.4","1","1","50","5000","100","Physical","576","16","120","6","0","0","50","2","16588","368","1000","0","5000","0","0","0","0","0","0","0","","","","","Ind_C_559_S01_R","C559_S01R","Temp_Battle_Se_Effect_011","1","","","BattleEndCameraPreset1"
"Mon_589R_PB_04","","","Str_Char_589_S01_R_Name","","Monster","M","Red","2","Sorcerer","Middle","","","","Skill_C_589_01_R","None","GradeUp_Sorcerer","SkillLvUp_Red","","5000","1","1.4","0.5","1.4","1","1","50","5000","100","Magical","0","0","50","3","576","23","120","4","16588","368","1000","0","5000","0","0","0","0","0","0","0","","","","","Ind_C_589_S01_R","C589_S01R","Temp_Battle_Se_Effect_011","1","","","BattleEndCameraPreset1"
"Mon_531R_PB_04","","","Str_Char_531_S01_R_Name","","Monster","M","Red","2","Sorcerer","Middle","","","","Skill_C_531_01_R","None","GradeUp_Sorcerer","SkillLvUp_Red","","5000","1","1.4","0.5","1.4","1","1","50","5000","100","Magical","0","0","50","3","411","16","120","4","14515","322","1000","0","5000","0","0","0","0","0","0","0","","","","","Ind_C_531_S01_R","C531_S01R","Temp_Battle_Se_Effect_011","1","","","BattleEndCameraPreset1"
"Mon_527R_PB_04","","","Str_Char_527_S01_R_Name","","Monster","M","Red","1","Ranger","Middle","","","","Skill_C_527_01_R","None","GradeUp_Ranger","SkillLvUp_Red","","5000","1","1.4","0.5","1.4","1","1","50","5000","100","Physical","411","12","120","6","0","0","50","2","14515","322","1000","0","5000","0","0","0","0","0","0","0","","","","","Ind_C_527_S01_R","C527_S01R","Temp_Battle_Se_Effect_011","1","","","BattleEndCameraPreset1"
"Mon_534R_PB_04","","","Str_Char_534_S01_R_Name","","Monster","M","Red","2","Mage","Back","","","","Skill_C_534_01_R","None","GradeUp_Mage","SkillLvUp_Green","","5000","1","1","0.5","1","1","1","50","5000","100","Magical","0","0","20","1","493","20","30","1","13608","302","1000","0","5000","0","0","0","0","0","0","0","","","","","Ind_C_534_S01_R","C534_S01R","Temp_Battle_Se_Effect_011","1","","","BattleEndCameraPreset1"
"Mon_525R_PB_04","","","Str_Char_525_S01_R_Name","","Monster","M","Red","2","Shooter","Back","","","","Skill_C_525_01_R","None","GradeUp_Shooter","SkillLvUp_Red","","5000","1","1.4","0.5","1.4","1","1","50","5000","100","Physical","691","20","30","1","0","0","20","1","15552","345","1000","0","5000","0","0","0","0","0","0","0","","","","","Ind_C_525_S01_R","C525_S01R","Temp_Battle_Se_Effect_011","1","","","BattleEndCameraPreset1"
"Mon_533R_PB_04","","","Str_Char_533_S01_R_Name","","Monster","M","Red","2","Cleric","Back","","","","Skill_C_533_01_R","None","GradeUp_Sorcerer","SkillLvUp_Red","","5000","1","1.4","0.5","1.4","1","1","50","5000","100","Magical","0","0","30","1","329","13","30","1","14515","322","1000","0","5000","0","0","0","0","0","0","0","","","","","Ind_C_533_S01_R","C533_S01R","Temp_Battle_Se_Effect_011","1","","","BattleEndCameraPreset1"
"Mon_534R_PB_04","","","Str_Char_534_S01_R_Name","","Monster","M","Red","2","Mage","Back","","","","Skill_C_534_01_R","None","GradeUp_Mage","SkillLvUp_Green","","5000","1","1","0.5","1","1","1","50","5000","100","Magical","0","0","20","1","592","23","30","1","14580","324","1000","0","5000","0","0","0","0","0","0","0","","","","","Ind_C_534_S01_R","C534_S01R","Temp_Battle_Se_Effect_011","1","","","BattleEndCameraPreset1"
"Mon_594R_PB_04","","","Str_Char_594_S01_R_Name","","Monster","M","Red","1","Cleric","Back","","","","Skill_C_594_01_R","None","GradeUp_Cleric","SkillLvUp_Red","","5000","1","1","0.5","1","1","1","50","5000","100","Magical","0","0","30","1","460","18","30","1","16588","368","1000","0","5000","0","0","0","0","0","0","0","","","","","Ind_C_594_S01_R","C594_S01R","Temp_Battle_Se_Effect_011","1","","","BattleEndCameraPreset1"
"Mon_592R_PBC_04","","","Str_Char_592_S01_R_Name","","Monster","M","Red","1","Guardian","Front","","","","Skill_C_592_01_R","None","GradeUp_Guardian","SkillLvUp_Red","","5000","1","1.4","0.5","1.4","1","1","50","5000","100","Physical","806","22","940","46","0","0","352","14","48384","1075","1000","0","5000","0","0","0","0","0","0","0","","","","","Ind_C_592_S01_R","C592_S01R","Temp_Battle_Se_Effect_011","1","","","BattleEndCameraPreset1"
"Mon_559R_PBC_04","","","Str_Char_559_S01_R_Name","","Monster","M","Red","2","Ranger","Middle","","","","Skill_C_559_01_R","None","GradeUp_Ranger","SkillLvUp_Red","","5000","1","1.9","0.5","1.4","1","1","50","5000","100","Physical","1344","39","281","15","0","0","117","5","38707","859","1000","0","5000","0","0","0","0","0","0","0","","","","","Ind_C_559_S01_R","C559_S01R","Temp_Battle_Se_Effect_011","1","","","BattleEndCameraPreset1"
"Mon_525R_PBC_04","","","Str_Char_525_S01_R_Name","","Monster","M","Red","2","Shooter","Back","","","","Skill_C_525_01_R","None","GradeUp_Shooter","SkillLvUp_Red","","5000","1","1.4","0.5","1.4","1","1","50","5000","100","Physical","1612","47","70","2","0","0","46","2","36288","806","1000","0","5000","0","0","0","0","0","0","0","","","","","Ind_C_525_S01_R","C525_S01R","Temp_Battle_Se_Effect_011","1","","","BattleEndCameraPreset1"
"Mon_533R_PBC_04","","","Str_Char_533_S01_R_Name","","Monster","M","Red","2","Cleric","Back","","","","Skill_C_533_01_R","None","GradeUp_Sorcerer","SkillLvUp_Red","","5000","1","1.4","0.5","1.4","1","1","50","5000","100","Magical","0","0","70","2","767","30","70","2","33868","751","1000","0","5000","0","0","0","0","0","0","0","","","","","Ind_C_533_S01_R","C533_S01R","Temp_Battle_Se_Effect_011","1","","","BattleEndCameraPreset1"
"Mon_064_PB_04","","","Str_Char_064_S01_R_Name","Str_Char_064_S01_R_Desc","Boss","M","Red","2","Knight","Front","Wea_Mace","Armor_Coat","Acc_Helmet","Skill_C_064_01_R","CharRotation","GradeUp_Char_064","SkillLvUp_Main_Red_Cellarn","SkillLvUp_Sub_Fighter_Cellarn","5000","1","1.5","0.5","1.4","1","1","85","9900","75","Magical","0","0","600","30","1229","70","1600","80","72000","1224","1000","0","5000","0","0","0","0","0","0","0","","","","Item_Material_HeroGradeUp_Char_064_S01_R","Ind_C_064_S01_R","C064_S01R","Temp_Battle_Se_Effect_011","1","","","BattleEndCameraPreset1"
"Mon_027G_PB_05","","","Str_Char_027_S01_G_Name","","Monster","M","Green","1","Fighter","Front","","","","Skill_C_027_01_G","None","GradeUp_Guardian","SkillLvUp_Green","","5000","1","1","0.5","1","1","1","50","5000","100","Physical","75","6","240","12","0","0","90","5","2800","280","500","0","5000","0","0","0","0","0","0","0","","","","","Ind_C_027_S01_G","C027_S01G","Temp_Battle_Se_Effect_011","1","","","BattleEndCameraPreset1"
"Mon_045R_PB_05","","","Str_Char_045_S01_R_Name","","Monster","M","Green","1","Fighter","Front","","","","Skill_C_045_01_R","None","GradeUp_Guardian","SkillLvUp_Green","","5000","1","1.2","0.5","1.2","1","1","50","5000","100","Physical","125","10","90","5","0","0","90","5","2520","252","500","0","5000","0","0","0","0","0","0","0","","","","","Ind_C_045_S01_R","C045_S01R","Temp_Battle_Se_Effect_011","1","","","BattleEndCameraPreset1"
"Mon_024G_PB_05","","","Str_Char_024_S01_G_Name","","Monster","M","Green","1","Guardian","Front","","","","Skill_C_024_01_G","None","GradeUp_Guardian","SkillLvUp_Green","","5000","1","1.9","0.5","1.4","1","1","50","5000","100","Physical","75","6","240","12","0","0","90","5","2800","280","500","0","5000","0","0","0","0","0","0","0","","","","","Ind_C_024_S01_G","C024_S01G","Temp_Battle_Se_Effect_011","1","","","BattleEndCameraPreset1"
"Mon_528G_PB_05","","","Str_Char_528_S01_G_Name","","Monster","M","Green","1","Sorcerer","Middle","","","","Skill_C_528_01_G","None","GradeUp_Sorcerer","SkillLvUp_Green","","5000","1","1.4","0.5","1.4","1","1","50","5000","100","Magical","0","0","30","2","125","10","72","4","2240","224","500","0","5000","0","0","0","0","0","0","0","","","","","Ind_C_528_S01_G","C528_S01G","Temp_Battle_Se_Effect_011","1","","","BattleEndCameraPreset1"
"Mon_046G_PB_05","","","Str_Char_046_S01_G_Name","","Monster","M","Green","1","Ranger","Middle","","","","Skill_C_046_01_G","None","GradeUp_Ranger","SkillLvUp_Green","","5000","1","1.2","0.5","1.2","1","1","50","5000","100","Physical","125","10","72","4","0","0","30","2","2240","224","500","0","5000","0","0","0","0","0","0","0","","","","","Ind_C_046_S01_G","C046_S01G","Temp_Battle_Se_Effect_011","1","","","BattleEndCameraPreset1"
"Mon_057G_PB_05","","","Str_Char_057_S01_G_Name","","Monster","M","Green","1","Sorcerer","Middle","","","","Skill_C_057_01_G","None","GradeUp_Sorcerer","SkillLvUp_Green","","5000","1","1.4","0.5","1.4","1","1","50","5000","100","Magical","0","0","30","2","125","10","72","4","2240","224","500","0","5000","0","0","0","0","0","0","0","","","","","Ind_C_057_S01_G","C057_S01G","Temp_Battle_Se_Effect_011","1","","","BattleEndCameraPreset1"
"Mon_558G_PB_05","","","Str_Char_558_S01_G_Name","","Monster","M","Green","1","Ranger","Middle","","","","Skill_C_558_01_G","None","GradeUp_Ranger","SkillLvUp_Green","","5000","1","1.9","0.5","1.4","1","1","50","5000","100","Physical","125","10","72","4","0","0","30","2","2240","224","500","0","5000","0","0","0","0","0","0","0","","","","","Ind_C_558_S01_G","C558_S01G","Temp_Battle_Se_Effect_011","1","","","BattleEndCameraPreset1"
"Mon_590G_PB_05","","","Str_Char_590_S01_G_Name","","Monster","M","Green","1","Ranger","Middle","","","","Skill_C_590_01_G","None","GradeUp_Ranger","SkillLvUp_Green","","5000","1","1.4","0.5","1.4","1","1","50","5000","100","Physical","175","14","72","4","0","0","30","2","2560","256","500","0","5000","0","0","0","0","0","0","0","","","","","Ind_C_590_S01_G","C590_S01G","Temp_Battle_Se_Effect_011","1","","","BattleEndCameraPreset1"
"Mon_588G_PB_05","","","Str_Char_588_S01_G_Name","","Monster","M","Green","1","Sorcerer","Middle","","","","Skill_C_588_01_G","None","GradeUp_Sorcerer","SkillLvUp_Green","","5000","1","1.9","0.5","1.4","1","1","50","5000","100","Magical","0","0","30","2","175","14","72","4","2560","256","500","0","5000","0","0","0","0","0","0","0","","","","","Ind_C_588_S01_G","C588_S01G","Temp_Battle_Se_Effect_011","1","","","BattleEndCameraPreset1"
"Mon_595G_PB_05","","","Str_Char_595_S01_G_Name","","Monster","M","Green","1","Shooter","Back","","","","Skill_C_595_01_G","None","GradeUp_Shooter","SkillLvUp_Green","","5000","1","1.9","0.5","1.4","1","1","50","5000","100","Physical","255","20","18","1","0","0","12","1","2400","240","500","0","5000","0","0","0","0","0","0","0","","","","","Ind_C_595_S01_G","C595_S01G","Temp_Battle_Se_Effect_011","1","","","BattleEndCameraPreset1"
"Mon_534R_PB_05","","","Str_Char_534_S01_R_Name","","Monster","M","Green","1","Mage","Back","","","","Skill_C_534_01_R","None","GradeUp_Mage","SkillLvUp_Green","","5000","1","1","0.5","1","1","1","50","5000","100","Magical","0","0","12","1","150","12","18","1","2100","210","500","0","5000","0","0","0","0","0","0","0","","","","","Ind_C_534_S01_R","C534_S01R","Temp_Battle_Se_Effect_011","1","","","BattleEndCameraPreset1"
"Mon_530G_PB_05","","","Str_Char_530_S01_G_Name","","Monster","M","Green","1","Cleric","Back","","","","Skill_C_530_01_G","None","GradeUp_Cleric","SkillLvUp_Green","","5000","1","1.4","0.5","1.4","1","1","50","5000","100","Magical","0","0","18","1","100","8","18","1","2240","224","500","0","5000","0","0","0","0","0","0","0","","","","","Ind_C_530_S01_G","C530_S01G","Temp_Battle_Se_Effect_011","1","","","BattleEndCameraPreset1"
"Mon_025G_PB_05","","","Str_Char_025_S01_G_Name","","Monster","M","Green","1","Shooter","Back","","","","Skill_C_025_01_G","None","GradeUp_Shooter","SkillLvUp_Green","","5000","1","1.9","0.5","1.4","1","1","50","5000","100","Physical","150","12","18","1","0","0","12","1","2100","210","500","0","5000","0","0","0","0","0","0","0","","","","","Ind_C_025_S01_G","C025_S01G","Temp_Battle_Se_Effect_011","1","","","BattleEndCameraPreset1"
"Mon_024G_PBC_05","","","Str_Char_024_S01_G_Name","","Monster","M","Green","2","Guardian","Front","","","","Skill_C_024_01_G","None","GradeUp_Guardian","SkillLvUp_Green","","5000","1","1.9","0.5","1.4","1","1","50","5000","100","Physical","75","6","240","12","0","0","90","5","2800","280","500","0","5000","0","0","0","0","0","0","0","","","","","Ind_C_024_S01_G","C024_S01G","Temp_Battle_Se_Effect_011","1","","","BattleEndCameraPreset1"
"Mon_534R_PBC_05","","","Str_Char_534_S01_R_Name","","Monster","M","Green","2","Mage","Back","","","","Skill_C_534_01_R","None","GradeUp_Mage","SkillLvUp_Green","","5000","1","1","0.5","1","1","1","50","5000","100","Magical","0","0","12","1","150","12","18","1","2100","210","500","0","5000","0","0","0","0","0","0","0","","","","","Ind_C_534_S01_R","C534_S01R","Temp_Battle_Se_Effect_011","1","","","BattleEndCameraPreset1"
"Mon_100_PB_05","","","Str_Char_100_S01_G_Name","Str_Char_100_S01_G_Desc","HeroMon","M","Green","2","Sorcerer","Middle","Wea_Book","Armor_Cape","Acc_HeadDress","Skill_C_100_01_G","CharRotation","GradeUp_Char_100","SkillLvUp_Main_Green_Kainan","SkillLvUp_Sub_Sorcerer_Kainan","5000","1","1.9","0.5","1.4","1","1","124","3823","100","Magical","0","0","100","5","750","60","240","12","8800","880","500","0","5000","0","0","0","0","0","0","0","","","","Item_Material_HeroGradeUp_Char_100_S01_G","Ind_C_100_S01_G","C100_S01G","Temp_Battle_Se_Effect_011","1","","","BattleEndCameraPreset1"
"NPC_Char_001","","","Str_NPC_Char_001_Name","","Npc","M","Red","3","Sorcerer","Middle","","","","Skill_C_001_01_B","None","GradeUp_Sorcerer","SkillLvUp_Red","","5000","1","1.9","0.5","1.4","0.8","10","5","7000","150","Magical","900","18","900","18","500","10","500","10","5800","116","1224","200","9900","400","693","400","350","0","0","0","","","","","Ind_C_002_S01_R","N001","Temp_Battle_Se_Effect_011","1","","",""
"NPC_Char_705","","","Str_NPC_Char_001_Name","","None","M","Red","3","Sorcerer","Middle","","","","Skill_C_001_01_B","None","GradeUp_Sorcerer","SkillLvUp_Red","","5000","1","1.9","0.5","1.4","0.8","10","5","7000","150","Magical","900","18","900","18","500","10","500","10","5800","116","1224","200","9900","400","693","400","350","0","0","0","","","","","Ind_C_705_S01_R","N705","Temp_Battle_Se_Effect_011","1","","",""
"NPC_Char_701","","","Str_NPC_Char_701_Name","","Npc","M","Red","3","Sorcerer","Middle","","","","Skill_C_001_01_B","None","GradeUp_Sorcerer","SkillLvUp_Red","","5000","1","1.9","0.5","1.4","0.8","10","5","7000","150","Magical","900","18","900","18","500","10","500","10","5800","116","1224","200","9900","400","693","400","350","0","0","0","","","","","Ind_C_701_S01_R","N701","Temp_Battle_Se_Effect_011","1","","",""
"NPC_Char_702","","","Str_NPC_Char_702_Name","","None","M","Red","3","Sorcerer","Middle","","","","Skill_C_001_01_B","None","GradeUp_Sorcerer","SkillLvUp_Red","","5000","1","1.9","0.5","1.4","0.8","10","5","7000","150","Magical","900","18","900","18","500","10","500","10","5800","116","1224","200","9900","400","693","400","350","0","0","0","","","","","Ind_C_702_S01_R","N702","Temp_Battle_Se_Effect_011","1","","",""
"NPC_Char_703","","","Str_NPC_Char_703_Name","","None","M","Red","3","Sorcerer","Middle","","","","Skill_C_001_01_B","None","GradeUp_Sorcerer","SkillLvUp_Red","","5000","1","1.9","0.5","1.4","0.8","10","5","7000","150","Magical","900","18","900","18","500","10","500","10","5800","116","1224","200","9900","400","693","400","350","0","0","0","","","","","Ind_C_703_S01_R","N703","Temp_Battle_Se_Effect_011","1","","",""
"NPC_Char_801","","","Str_NPC_Char_801_Name","","Npc","M","Red","3","Sorcerer","Middle","","","","Skill_C_001_01_B","None","GradeUp_Sorcerer","SkillLvUp_Red","","5000","1","1.9","0.5","1.4","0.8","10","5","7000","150","Magical","900","18","900","18","500","10","500","10","5800","116","1224","200","9900","400","693","400","350","0","0","0","","","","","Ind_C_801_S01_R","N801","Temp_Battle_Se_Effect_011","1","","",""
"NPC_Char_802","","","Str_NPC_Char_802_Name","","Npc","M","Red","3","Sorcerer","Middle","","","","Skill_C_001_01_B","None","GradeUp_Sorcerer","SkillLvUp_Red","","5000","1","1.9","0.5","1.4","0.8","10","5","7000","150","Magical","900","18","900","18","500","10","500","10","5800","116","1224","200","9900","400","693","400","350","0","0","0","","","","","Ind_C_802_S01_R","N802","Temp_Battle_Se_Effect_011","1","","",""
"NPC_Char_803","","","Str_NPC_Char_803_Name","","Npc","M","Red","3","Sorcerer","Middle","","","","Skill_C_001_01_B","None","GradeUp_Sorcerer","SkillLvUp_Red","","5000","1","1.9","0.5","1.4","0.8","10","5","7000","150","Magical","900","18","900","18","500","10","500","10","5800","116","1224","200","9900","400","693","400","350","0","0","0","","","","","Ind_C_803_S01_R","N803","Temp_Battle_Se_Effect_011","1","","",""
"NPC_Char_804","","","Str_NPC_Char_804_Name","","Npc","M","Red","3","Sorcerer","Middle","","","","Skill_C_001_01_B","None","GradeUp_Sorcerer","SkillLvUp_Red","","5000","1","1.9","0.5","1.4","0.8","10","5","7000","150","Magical","900","18","900","18","500","10","500","10","5800","116","1224","200","9900","400","693","400","350","0","0","0","","","","","Ind_C_804_S01_R","N804","Temp_Battle_Se_Effect_011","1","","",""
"NPC_Char_805","","","Str_NPC_Char_805_Name","","Npc","M","Red","3","Sorcerer","Middle","","","","Skill_C_001_01_B","None","GradeUp_Sorcerer","SkillLvUp_Red","","5000","1","1.9","0.5","1.4","0.8","10","5","7000","150","Magical","900","18","900","18","500","10","500","10","5800","116","1224","200","9900","400","693","400","350","0","0","0","","","","","Ind_C_805_S01_R","N805","Temp_Battle_Se_Effect_011","1","","",""
"NPC_Char_806","","","Str_NPC_Char_806_Name","","Npc","M","Red","3","Sorcerer","Middle","","","","Skill_C_001_01_B","None","GradeUp_Sorcerer","SkillLvUp_Red","","5000","1","1.9","0.5","1.4","0.8","10","5","7000","150","Magical","900","18","900","18","500","10","500","10","5800","116","1224","200","9900","400","693","400","350","0","0","0","","","","","Ind_C_806_S01_R","N806","Temp_Battle_Se_Effect_011","1","","",""
"NPC_Char_998","","","Str_NPC_Char_998_Name","","None","M","Red","3","Sorcerer","Middle","","","","Skill_C_001_01_B","None","GradeUp_Sorcerer","SkillLvUp_Red","","5000","1","1.9","0.5","1.4","0.8","10","5","7000","150","Magical","900","18","900","18","500","10","500","10","5800","116","1224","200","9900","400","693","400","350","0","0","0","","","","","Ind_C_998_S01_R","N998","Temp_Battle_Se_Effect_011","1","","",""
"NPC_Char_999","","","Str_NPC_Char_999_Name","","None","M","Red","3","Sorcerer","Middle","","","","Skill_C_001_01_B","None","GradeUp_Sorcerer","SkillLvUp_Red","","5000","1","1.9","0.5","1.4","0.8","10","5","7000","150","Magical","900","18","900","18","500","10","500","10","5800","116","1224","200","9900","400","693","400","350","0","0","0","","","","","Ind_C_999_S01_R","N999","Temp_Battle_Se_Effect_011","1","","",""
"NPC_Char_807","","","","","None","M","Red","3","Sorcerer","Middle","","","","Skill_C_001_01_B","None","GradeUp_Sorcerer","SkillLvUp_Red","","5000","1","1.9","0.5","1.4","0.8","10","5","7000","150","Magical","900","18","900","18","500","10","500","10","5800","116","1224","200","9900","400","693","400","350","0","0","0","","","","","Ind_C_807_S01_R","N807","Temp_Battle_Se_Effect_011","1","","",""
"NPC_Char_808","","","","","None","M","Red","3","Sorcerer","Middle","","","","Skill_C_001_01_B","None","GradeUp_Sorcerer","SkillLvUp_Red","","5000","1","1.9","0.5","1.4","0.8","10","5","7000","150","Magical","900","18","900","18","500","10","500","10","5800","116","1224","200","9900","400","693","400","350","0","0","0","","","","","Ind_C_808_S01_R","N808","Temp_Battle_Se_Effect_011","1","","",""
"NPC_Char_809","","","","","None","M","Red","3","Sorcerer","Middle","","","","Skill_C_001_01_B","None","GradeUp_Sorcerer","SkillLvUp_Red","","5000","1","1.9","0.5","1.4","0.8","10","5","7000","150","Magical","900","18","900","18","500","10","500","10","5800","116","1224","200","9900","400","693","400","350","0","0","0","","","","","Ind_C_809_S01_R","N809","Temp_Battle_Se_Effect_011","1","","",""
"PBPC_001","","","Str_PBPC_001_Name","Str_PBPC_001_Desc","PracticeBookChar","M","Blue","1","Guardian","Front","","","","Skill_PBPC_001","","","","","0","0","0","0","0","0","0","0","0","0","Fixed","0","0","0","0","0","0","0","0","0","0","0","0","0","0","0","0","0","0","0","0","","","","","Ind_PBPC_001","PBPC_001","Temp_Battle_Se_Effect_011","1","","","BattleEndCameraPreset1"
"PBPC_002","","","Str_PBPC_002_Name","Str_PBPC_002_Desc","PracticeBookChar","M","Red","1","Guardian","Front","","","","Skill_PBPC_002","","","","","0","0","0","0","0","0","0","0","0","0","Fixed","0","0","0","0","0","0","0","0","0","0","0","0","0","0","0","0","0","0","0","0","","","","","Ind_PBPC_002","PBPC_002","Temp_Battle_Se_Effect_011","1","","","BattleEndCameraPreset1"
"PBPC_003","","","Str_PBPC_003_Name","Str_PBPC_003_Desc","PracticeBookChar","M","Blue","1","Guardian","Front","","","","Skill_PBPC_003","","","","","0","0","0","0","0","0","0","0","0","0","Fixed","0","0","0","0","0","0","0","0","0","0","0","0","0","0","0","0","0","0","0","0","","","","","Ind_PBPC_003","PBPC_003","Temp_Battle_Se_Effect_011","1","","","BattleEndCameraPreset1"
"PBPC_004","","","Str_PBPC_004_Name","Str_PBPC_004_Desc","PracticeBookChar","M","Green","1","Guardian","Front","","","","Skill_PBPC_004","","","","","0","0","0","0","0","0","0","0","0","0","Fixed","0","0","0","0","0","0","0","0","0","0","0","0","0","0","0","0","0","0","0","0","","","","","Ind_PBPC_004","PBPC_004","Temp_Battle_Se_Effect_011","1","","","BattleEndCameraPreset1"
"WPC_001","","","Str_WPC_001_Name","Str_WPC_001_Desc","Writer","M","Blue","1","Guardian","Front","","","","Skill_WPC_001","","","","","0","0","0","0","0","0","0","0","0","0","Fixed","0","0","0","0","0","0","0","0","0","0","0","0","0","0","0","0","0","0","0","0","","","","","Ind_WPC_001","WPC_001","Temp_Battle_Se_Effect_011","1","","","BattleEndCameraPreset1"
"WPC_002","","","Str_WPC_002_Name","Str_WPC_002_Desc","Writer","M","Green","1","Guardian","Front","","","","Skill_WPC_002","","","","","0","0","0","0","0","0","0","0","0","0","Fixed","0","0","0","0","0","0","0","0","0","0","0","0","0","0","0","0","0","0","0","0","","","","","Ind_WPC_002","WPC_002","Temp_Battle_Se_Effect_011","1","","","BattleEndCameraPreset1"
"WPC_003","","","Str_WPC_003_Name","Str_WPC_003_Desc","Writer","M","Red","1","Guardian","Front","","","","Skill_WPC_003","","","","","0","0","0","0","0","0","0","0","0","0","Fixed","0","0","0","0","0","0","0","0","0","0","0","0","0","0","0","0","0","0","0","0","","","","","Ind_WPC_003","WPC_003","Temp_Battle_Se_Effect_011","1","","","BattleEndCameraPreset1"
"WPC_004","","","Str_WPC_004_Name","Str_WPC_004_Desc","Writer","M","Blue","1","Guardian","Front","","","","Skill_WPC_004","","","","","0","0","0","0","0","0","0","0","0","0","Fixed","0","0","0","0","0","0","0","0","0","0","0","0","0","0","0","0","0","0","0","0","","","","","Ind_WPC_004","WPC_004","Temp_Battle_Se_Effect_011","1","","","BattleEndCameraPreset1"
"WPC_005","","","Str_WPC_005_Name","Str_WPC_005_Desc","Writer","M","Green","1","Guardian","Front","","","","Skill_WPC_005","","","","","0","0","0","0","0","0","0","0","0","0","Fixed","0","0","0","0","0","0","0","0","0","0","0","0","0","0","0","0","0","0","0","0","","","","","Ind_WPC_005","WPC_005","Temp_Battle_Se_Effect_011","1","","","BattleEndCameraPreset1"
