"Random_Dummy_Group_01","Random_Dummy_Group","Item_Material_HeroGradeUp_Char_064_S01_R","1","True","100"
"Random_Dummy_Group_02","Random_Dummy_Group","Item_Material_HeroExp_03","2","True","3800"
"Random_Dummy_Group_03","Random_Dummy_Group","Item_Material_EquipExp_02","3","True","5000"
"Random_Dummy_Group_04","Random_Dummy_Group","Item_Material_EquipGradeUp_Mace_01","4","False","600"
"Random_Dummy_Group_05","Random_Dummy_Group","Item_Material_SkillLvUp_Common","5","False","500"
"Fixed_Dummy_Group_1","Fixed_Dummy_Group","Item_Material_SkillLvUp_AttributeRed_01","1","True",""
"Fixed_Dummy_Group_2","Fixed_Dummy_Group","Item_Material_SkillLvUp_ClassGuardian_01","2","True",""
"Fixed_Dummy_Group_3","Fixed_Dummy_Group","Item_Material_SkillLvUp_Paulhill_Emblem","3","True",""
"Fixed_Dummy_Group_4","Fixed_Dummy_Group","Item_Gift_Normal_StrawberryCake","4","False",""
"Fixed_Dummy_Group_5","Fixed_Dummy_Group","Acc_Ring_04","5","False",""
"Adventure_Normal_FixedReword","Adventure_Normal_FixedReword","Item_Material_HeroExp_01","1","False",""
"Adventure_Hard_FixedReword","Adventure_Hard_FixedReword","Item_Material_HeroExp_01","2","False",""
"Adventure_Normal_FirstReword_1_01","Adventure_Normal_FirstReword_1","Wea_Mace_01","1","True",""
"Adventure_Normal_FirstReword_2_01","Adventure_Normal_FirstReword_2","Wea_Sword_01","1","True",""
"Adventure_Normal_FirstReword_3_01","Adventure_Normal_FirstReword_3","Wea_Book_01","1","True",""
"Adventure_Normal_FirstReword_4_01","Adventure_Normal_FirstReword_4","Wea_Staff_01","1","True",""
"Adventure_Normal_FirstReword_5_01","Adventure_Normal_FirstReword_5","Wea_Ranged_01","1","True",""
"Adventure_Normal_FirstReword_6_01","Adventure_Normal_FirstReword_6","Armor_ProtectGear_01","1","True",""
"Adventure_Normal_FirstReword_7_01","Adventure_Normal_FirstReword_7","Armor_Coat_01","1","True",""
"Adventure_Normal_FirstReword_8_01","Adventure_Normal_FirstReword_8","Armor_Jacket_01","1","True",""
"Adventure_Normal_FirstReword_9_01","Adventure_Normal_FirstReword_9","Armor_Cape_01","1","True",""
"Adventure_Normal_FirstReword_10_01","Adventure_Normal_FirstReword_10","Armor_Belt_01","1","True",""
"Adventure_Normal_FirstReword_11_01","Adventure_Normal_FirstReword_11","Acc_Helmet_01","1","True",""
"Adventure_Normal_FirstReword_12_01","Adventure_Normal_FirstReword_12","Acc_Necklace_01","1","True",""
"Adventure_Normal_FirstReword_12_02","Adventure_Normal_FirstReword_12","Item_Material_EquipExp_01","5","True",""
"Adventure_Normal_FirstReword_13_01","Adventure_Normal_FirstReword_13","Acc_Ring_01","1","True",""
"Adventure_Normal_FirstReword_14_01","Adventure_Normal_FirstReword_14","Acc_Bracelet_01","1","True",""
"Adventure_Normal_FirstReword_15_01","Adventure_Normal_FirstReword_15","Acc_HeadDress_01","1","True",""
"Adventure_Normal_FirstReword_16_01","Adventure_Normal_FirstReword_16","Item_Material_SkillLvUp_ClassGuardian_01","1","True",""
"Adventure_Normal_FirstReword_17_01","Adventure_Normal_FirstReword_17","Item_Material_SkillLvUp_ClassKnight_01","1","True",""
"Adventure_Normal_FirstReword_18_01","Adventure_Normal_FirstReword_18","Item_Material_SkillLvUp_ClassFighter_01","1","True",""
"Adventure_Normal_FirstReword_19_01","Adventure_Normal_FirstReword_19","Item_Material_SkillLvUp_ClassRanger_01","1","True",""
"Adventure_Normal_FirstReword_20_01","Adventure_Normal_FirstReword_20","Item_Material_SkillLvUp_ClassSorcerer_01","1","True",""
"Adventure_Normal_FirstReword_21_01","Adventure_Normal_FirstReword_21","Item_Material_SkillLvUp_ClassCleric_01","1","True",""
"Adventure_Normal_FirstReword_21_02","Adventure_Normal_FirstReword_21","Item_WSkill_LvUp","5","True",""
"Adventure_Normal_FirstReword_22_01","Adventure_Normal_FirstReword_22","Item_Material_SkillLvUp_ClassShooter_01","1","True",""
"Adventure_Normal_FirstReword_23_01","Adventure_Normal_FirstReword_23","Item_Material_SkillLvUp_ClassMage_01","1","True",""
"Adventure_Normal_FirstReword_24_01","Adventure_Normal_FirstReword_24","Item_CastleRankUp_OForce1060","1","True",""
"Adventure_Normal_FirstReword_24_02","Adventure_Normal_FirstReword_24","Item_Material_SkillLvUp_ClassGuardian_01","1","True",""
"Adventure_Normal_FirstReword_25_01","Adventure_Normal_FirstReword_25","Item_Material_SkillLvUp_ClassKnight_01","1","True",""
"Adventure_Normal_FirstReword_26_01","Adventure_Normal_FirstReword_26","Item_Material_SkillLvUp_ClassFighter_01","1","True",""
"Adventure_Normal_FirstReword_27_01","Adventure_Normal_FirstReword_27","Item_Material_SkillLvUp_ClassRanger_01","1","True",""
"Adventure_Normal_FirstReword_28_01","Adventure_Normal_FirstReword_28","Item_Material_SkillLvUp_ClassSorcerer_01","1","True",""
"Adventure_Normal_FirstReword_29_01","Adventure_Normal_FirstReword_29","Item_Material_SkillLvUp_ClassCleric_01","1","True",""
"Adventure_Normal_FirstReword_30_01","Adventure_Normal_FirstReword_30","Item_Material_SkillLvUp_ClassShooter_01","1","True",""
"Adventure_Normal_FirstReword_30_02","Adventure_Normal_FirstReword_30","Item_Material_SkillLvUp_ClassMage_01","1","True",""
"Adventure_Normal_FirstReword_30_03","Adventure_Normal_FirstReword_30","Item_Gift_Normal_IceCream","1","True",""
"Adventure_Normal_FirstReword_30_04","Adventure_Normal_FirstReword_30","Item_Gift_Normal_Umbrella","1","True",""
"Adventure_Normal_FirstReword_31_01","Adventure_Normal_FirstReword_31","Item_RandomBox_ClassBook_Level1","20","True",""
"Adventure_Normal_FirstReword_31_02","Adventure_Normal_FirstReword_31","Item_Material_EquipGradeUp_Mace_01","1","True",""
"Adventure_Normal_FirstReword_33_01","Adventure_Normal_FirstReword_32","Item_Material_EquipGradeUp_Mace_01","1","True",""
"Adventure_Normal_FirstReword_34_01","Adventure_Normal_FirstReword_33","Item_Material_EquipGradeUp_Sword_01","1","True",""
"Adventure_Normal_FirstReword_35_01","Adventure_Normal_FirstReword_34","Item_Material_EquipGradeUp_Sword_01","1","True",""
"Adventure_Normal_FirstReword_36_01","Adventure_Normal_FirstReword_35","Item_Material_EquipGradeUp_Book_01","1","True",""
"Adventure_Normal_FirstReword_37_01","Adventure_Normal_FirstReword_36","Item_Material_EquipGradeUp_Book_01","1","True",""
"Adventure_Normal_FirstReword_38_01","Adventure_Normal_FirstReword_37","Item_Material_EquipGradeUp_Staff_01","1","True",""
"Adventure_Normal_FirstReword_39_01","Adventure_Normal_FirstReword_38","Item_Material_EquipGradeUp_Staff_01","1","True",""
"Adventure_Normal_FirstReword_40_01","Adventure_Normal_FirstReword_39","Item_Material_EquipGradeUp_Ranged_01","1","True",""
"Adventure_Normal_FirstReword_41_01","Adventure_Normal_FirstReword_40","Item_Material_EquipGradeUp_Ranged_01","1","True",""
"Adventure_Normal_FirstReword_42_01","Adventure_Normal_FirstReword_41","Item_Material_EquipGradeUp_ProtectGear_01","1","True",""
"Adventure_Normal_FirstReword_43_01","Adventure_Normal_FirstReword_42","Item_Material_EquipGradeUp_ProtectGear_01","1","True",""
"Adventure_Normal_FirstReword_44_01","Adventure_Normal_FirstReword_43","Item_Material_EquipGradeUp_Coat_01","1","True",""
"Adventure_Normal_FirstReword_45_01","Adventure_Normal_FirstReword_44","Item_Material_EquipGradeUp_Coat_01","1","True",""
"Adventure_Normal_FirstReword_45_02","Adventure_Normal_FirstReword_45","Item_Material_EquipGradeUp_Jacket_01","1","True",""
"Adventure_Normal_FirstReword_46_01","Adventure_Normal_FirstReword_46","Item_Material_EquipGradeUp_Jacket_01","1","True",""
"Adventure_Normal_FirstReword_47_01","Adventure_Normal_FirstReword_47","Item_Material_EquipGradeUp_Cape_01","1","True",""
"Adventure_Normal_FirstReword_48_01","Adventure_Normal_FirstReword_48","Item_Material_EquipGradeUp_Cape_01","1","True",""
"Adventure_Normal_FirstReword_49_01","Adventure_Normal_FirstReword_49","Item_Material_EquipGradeUp_Belt_01","1","True",""
"Adventure_Normal_FirstReword_50_01","Adventure_Normal_FirstReword_50","Item_Material_EquipGradeUp_Belt_01","1","True",""
"Adventure_Normal_FirstReword_51_01","Adventure_Normal_FirstReword_51","Item_Material_EquipGradeUp_Helmet_01","1","True",""
"Adventure_Normal_FirstReword_52_01","Adventure_Normal_FirstReword_52","Item_Material_EquipGradeUp_Helmet_01","1","True",""
"Adventure_Normal_FirstReword_53_01","Adventure_Normal_FirstReword_53","Item_Material_EquipGradeUp_Necklace_01","1","True",""
"Adventure_Normal_FirstReword_54_01","Adventure_Normal_FirstReword_54","Item_Material_EquipGradeUp_Necklace_01","1","True",""
"Adventure_Normal_FirstReword_55_01","Adventure_Normal_FirstReword_55","Item_Material_EquipGradeUp_Ring_01","1","True",""
"Adventure_Normal_FirstReword_56_01","Adventure_Normal_FirstReword_56","Item_Material_EquipGradeUp_Ring_01","1","True",""
"Adventure_Normal_FirstReword_57_01","Adventure_Normal_FirstReword_57","Item_Material_EquipGradeUp_Bracelet_01","1","True",""
"Adventure_Normal_FirstReword_58_01","Adventure_Normal_FirstReword_58","Item_Material_EquipGradeUp_Bracelet_01","1","True",""
"Adventure_Normal_FirstReword_59_01","Adventure_Normal_FirstReword_59","Item_Material_EquipGradeUp_HeadDress_01","1","True",""
"Adventure_Normal_FirstReword_60_01","Adventure_Normal_FirstReword_60","Item_WSkill_Heal_UnLock","1","True",""
"Adventure_Normal_FirstReword_60_02","Adventure_Normal_FirstReword_60","Item_Material_EquipGradeUp_HeadDress_01","1","True",""
"Adventure_Normal_FirstReword_61_01","Adventure_Normal_FirstReword_61","Item_Material_EquipGradeUp_Mace_01","1","True",""
"Adventure_Normal_FirstReword_62_01","Adventure_Normal_FirstReword_62","Item_Material_EquipGradeUp_Sword_01","1","True",""
"Adventure_Normal_FirstReword_63_01","Adventure_Normal_FirstReword_63","Item_CastleRankUp_OForce1660","1","True",""
"Adventure_Normal_FirstReword_63_02","Adventure_Normal_FirstReword_63","Item_Material_EquipGradeUp_Book_01","1","True",""
"Adventure_Normal_FirstReword_64_01","Adventure_Normal_FirstReword_64","Item_Material_EquipGradeUp_Staff_01","1","True",""
"Adventure_Normal_FirstReword_65_01","Adventure_Normal_FirstReword_65","Item_Material_EquipGradeUp_Ranged_01","1","True",""
"Adventure_Normal_FirstReword_66_01","Adventure_Normal_FirstReword_66","Item_Material_EquipGradeUp_ProtectGear_01","1","True",""
"Adventure_Normal_FirstReword_67_01","Adventure_Normal_FirstReword_67","Item_Material_EquipGradeUp_Coat_01","1","True",""
"Adventure_Normal_FirstReword_68_01","Adventure_Normal_FirstReword_68","Item_Material_EquipGradeUp_Jacket_01","1","True",""
"Adventure_Normal_FirstReword_69_01","Adventure_Normal_FirstReword_69","Item_Material_EquipGradeUp_Cape_01","1","True",""
"Adventure_Normal_FirstReword_70_01","Adventure_Normal_FirstReword_70","Item_Material_EquipGradeUp_Belt_01","1","True",""
"Adventure_Normal_FirstReword_71_01","Adventure_Normal_FirstReword_71","Item_Material_EquipGradeUp_Helmet_01","1","True",""
"Adventure_Normal_FirstReword_72_01","Adventure_Normal_FirstReword_72","Item_Material_EquipGradeUp_Necklace_01","1","True",""
"Adventure_Normal_FirstReword_73_01","Adventure_Normal_FirstReword_73","Item_Material_EquipGradeUp_Ring_01","1","True",""
"Adventure_Normal_FirstReword_74_01","Adventure_Normal_FirstReword_74","Item_Material_EquipGradeUp_Bracelet_01","1","True",""
"Adventure_Normal_FirstReword_75_01","Adventure_Normal_FirstReword_75","Item_Material_EquipGradeUp_HeadDress_01","1","True",""
"Adventure_Normal_FirstReword_76_01","Adventure_Normal_FirstReword_76","Item_Material_SkillLvUp_ClassGuardian_01","1","True",""
"Adventure_Normal_FirstReword_77_01","Adventure_Normal_FirstReword_77","Item_Material_SkillLvUp_ClassKnight_01","1","True",""
"Adventure_Normal_FirstReword_78_01","Adventure_Normal_FirstReword_78","Item_Material_SkillLvUp_ClassFighter_01","1","True",""
"Adventure_Normal_FirstReword_79_01","Adventure_Normal_FirstReword_79","Item_Material_SkillLvUp_ClassRanger_01","1","True",""
"Adventure_Normal_FirstReword_80_01","Adventure_Normal_FirstReword_80","Item_Material_SkillLvUp_ClassSorcerer_01","1","True",""
"Adventure_Normal_FirstReword_81_01","Adventure_Normal_FirstReword_81","Item_Material_SkillLvUp_ClassCleric_01","1","True",""
"Adventure_Normal_FirstReword_82_01","Adventure_Normal_FirstReword_82","Item_Material_SkillLvUp_ClassShooter_01","1","True",""
"Adventure_Normal_FirstReword_83_01","Adventure_Normal_FirstReword_83","Item_Material_SkillLvUp_ClassMage_01","1","True",""
"Adventure_Normal_FirstReword_84_01","Adventure_Normal_FirstReword_84","Item_Material_SkillLvUp_ClassGuardian_01","1","True",""
"Adventure_Normal_FirstReword_85_01","Adventure_Normal_FirstReword_85","Item_Material_SkillLvUp_ClassKnight_01","1","True",""
"Adventure_Normal_FirstReword_86_01","Adventure_Normal_FirstReword_86","Item_Material_SkillLvUp_ClassFighter_01","1","True",""
"Adventure_Normal_FirstReword_87_01","Adventure_Normal_FirstReword_87","Item_Material_SkillLvUp_ClassRanger_01","1","True",""
"Adventure_Normal_FirstReword_88_01","Adventure_Normal_FirstReword_88","Item_Material_SkillLvUp_ClassSorcerer_01","1","True",""
"Adventure_Normal_FirstReword_89_01","Adventure_Normal_FirstReword_89","Item_Material_SkillLvUp_ClassCleric_01","1","True",""
"Adventure_Normal_FirstReword_90_01","Adventure_Normal_FirstReword_90","Item_Material_SkillLvUp_ClassShooter_01","1","True",""
"Adventure_Normal_FirstReword_90_02","Adventure_Normal_FirstReword_90","Item_Material_SkillLvUp_ClassMage_01","1","True",""
"Adventure_Normal_FirstReword_91_01","Adventure_Normal_FirstReword_91","Item_Material_EquipGradeUp_Mace_02","1","True",""
"Adventure_Normal_FirstReword_92_01","Adventure_Normal_FirstReword_92","Item_Material_EquipGradeUp_Mace_02","1","True",""
"Adventure_Normal_FirstReword_93_01","Adventure_Normal_FirstReword_93","Item_Material_EquipGradeUp_Sword_02","1","True",""
"Adventure_Normal_FirstReword_94_01","Adventure_Normal_FirstReword_94","Item_Material_EquipGradeUp_Sword_02","1","True",""
"Adventure_Normal_FirstReword_95_01","Adventure_Normal_FirstReword_95","Item_Material_EquipGradeUp_Book_02","1","True",""
"Adventure_Normal_FirstReword_96_01","Adventure_Normal_FirstReword_96","Item_Material_EquipGradeUp_Book_02","1","True",""
"Adventure_Normal_FirstReword_97_01","Adventure_Normal_FirstReword_97","Item_Material_EquipGradeUp_Staff_02","1","True",""
"Adventure_Normal_FirstReword_98_01","Adventure_Normal_FirstReword_98","Item_Material_EquipGradeUp_Staff_02","1","True",""
"Adventure_Normal_FirstReword_99_01","Adventure_Normal_FirstReword_99","Item_Material_EquipGradeUp_Ranged_02","1","True",""
"Adventure_Normal_FirstReword_100_01","Adventure_Normal_FirstReword_100","Item_Material_EquipGradeUp_Ranged_02","1","True",""
"Adventure_Normal_FirstReword_101_01","Adventure_Normal_FirstReword_101","Item_Material_EquipGradeUp_ProtectGear_02","1","True",""
"Adventure_Normal_FirstReword_102_01","Adventure_Normal_FirstReword_102","Item_Material_EquipGradeUp_ProtectGear_02","1","True",""
"Adventure_Normal_FirstReword_103_01","Adventure_Normal_FirstReword_103","Item_Material_EquipGradeUp_Coat_02","1","True",""
"Adventure_Normal_FirstReword_104_01","Adventure_Normal_FirstReword_104","Item_Material_EquipGradeUp_Coat_02","1","True",""
"Adventure_Normal_FirstReword_105_01","Adventure_Normal_FirstReword_105","Item_Material_EquipGradeUp_Jacket_02","1","True",""
"Adventure_Normal_FirstReword_106_01","Adventure_Normal_FirstReword_106","Item_Material_EquipGradeUp_Jacket_02","1","True",""
"Adventure_Normal_FirstReword_107_01","Adventure_Normal_FirstReword_107","Item_Material_EquipGradeUp_Cape_02","1","True",""
"Adventure_Normal_FirstReword_108_01","Adventure_Normal_FirstReword_108","Item_Material_EquipGradeUp_Cape_02","1","True",""
"Adventure_Normal_FirstReword_109_01","Adventure_Normal_FirstReword_109","Item_Material_EquipGradeUp_Belt_02","1","True",""
"Adventure_Normal_FirstReword_110_01","Adventure_Normal_FirstReword_110","Item_Material_EquipGradeUp_Belt_02","1","True",""
"Adventure_Normal_FirstReword_111_01","Adventure_Normal_FirstReword_111","Item_Material_EquipGradeUp_Helmet_02","1","True",""
"Adventure_Normal_FirstReword_112_01","Adventure_Normal_FirstReword_112","Item_Material_EquipGradeUp_Helmet_02","1","True",""
"Adventure_Normal_FirstReword_113_01","Adventure_Normal_FirstReword_113","Item_Material_EquipGradeUp_Necklace_02","1","True",""
"Adventure_Normal_FirstReword_114_01","Adventure_Normal_FirstReword_114","Item_Material_EquipGradeUp_Necklace_02","1","True",""
"Adventure_Normal_FirstReword_115_01","Adventure_Normal_FirstReword_115","Item_CastleRankUp_OForce2060","1","True",""
"Adventure_Normal_FirstReword_115_02","Adventure_Normal_FirstReword_115","Item_Material_EquipGradeUp_Ring_02","1","True",""
"Adventure_Normal_FirstReword_116_01","Adventure_Normal_FirstReword_116","Item_Material_EquipGradeUp_Ring_02","1","True",""
"Adventure_Normal_FirstReword_117_01","Adventure_Normal_FirstReword_117","Item_Material_EquipGradeUp_Bracelet_02","1","True",""
"Adventure_Normal_FirstReword_118_01","Adventure_Normal_FirstReword_118","Item_Material_EquipGradeUp_Bracelet_02","1","True",""
"Adventure_Normal_FirstReword_119_01","Adventure_Normal_FirstReword_119","Item_Material_EquipGradeUp_HeadDress_02","1","True",""
"Adventure_Normal_FirstReword_120_01","Adventure_Normal_FirstReword_120","Item_WSkill_RedAtk_UnLock","1","True",""
"Adventure_Normal_FirstReword_120_02","Adventure_Normal_FirstReword_120","Item_Material_EquipGradeUp_HeadDress_02","1","True",""
"Adventure_Normal_FirstReword_121_01","Adventure_Normal_FirstReword_121","Item_Material_SkillLvUp_ClassGuardian_02","1","True",""
"Adventure_Normal_FirstReword_122_01","Adventure_Normal_FirstReword_122","Item_Material_SkillLvUp_ClassKnight_02","1","True",""
"Adventure_Normal_FirstReword_123_01","Adventure_Normal_FirstReword_123","Item_Material_SkillLvUp_ClassFighter_02","1","True",""
"Adventure_Normal_FirstReword_124_01","Adventure_Normal_FirstReword_124","Item_Material_SkillLvUp_ClassRanger_02","1","True",""
"Adventure_Normal_FirstReword_125_01","Adventure_Normal_FirstReword_125","Item_Material_SkillLvUp_ClassSorcerer_02","1","True",""
"Adventure_Normal_FirstReword_126_01","Adventure_Normal_FirstReword_126","Item_Material_SkillLvUp_ClassCleric_02","1","True",""
"Adventure_Normal_FirstReword_127_01","Adventure_Normal_FirstReword_127","Item_Material_SkillLvUp_ClassShooter_02","1","True",""
"Adventure_Normal_FirstReword_128_01","Adventure_Normal_FirstReword_128","Item_Material_SkillLvUp_ClassMage_02","1","True",""
"Adventure_Normal_FirstReword_129_01","Adventure_Normal_FirstReword_129","Item_Material_SkillLvUp_ClassGuardian_02","1","True",""
"Adventure_Normal_FirstReword_130_01","Adventure_Normal_FirstReword_130","Item_Material_SkillLvUp_ClassKnight_02","1","True",""
"Adventure_Normal_FirstReword_131_01","Adventure_Normal_FirstReword_131","Item_Material_SkillLvUp_ClassFighter_02","1","True",""
"Adventure_Normal_FirstReword_132_01","Adventure_Normal_FirstReword_132","Item_Material_SkillLvUp_ClassRanger_02","1","True",""
"Adventure_Normal_FirstReword_133_01","Adventure_Normal_FirstReword_133","Item_Material_SkillLvUp_ClassSorcerer_02","1","True",""
"Adventure_Normal_FirstReword_134_01","Adventure_Normal_FirstReword_134","Item_Material_SkillLvUp_ClassCleric_02","1","True",""
"Adventure_Normal_FirstReword_135_01","Adventure_Normal_FirstReword_135","Item_Material_SkillLvUp_ClassShooter_02","1","True",""
"Adventure_Normal_FirstReword_135_02","Adventure_Normal_FirstReword_135","Item_Material_SkillLvUp_ClassMage_02","1","True",""
"Adventure_Normal_FirstReword_136_01","Adventure_Normal_FirstReword_136","Item_Material_EquipGradeUp_Mace_03","1","True",""
"Adventure_Normal_FirstReword_137_01","Adventure_Normal_FirstReword_137","Item_Material_EquipGradeUp_Mace_03","1","True",""
"Adventure_Normal_FirstReword_138_01","Adventure_Normal_FirstReword_138","Item_Material_EquipGradeUp_Sword_03","1","True",""
"Adventure_Normal_FirstReword_139_01","Adventure_Normal_FirstReword_139","Item_Material_EquipGradeUp_Sword_03","1","True",""
"Adventure_Normal_FirstReword_140_01","Adventure_Normal_FirstReword_140","Item_Material_EquipGradeUp_Book_03","1","True",""
"Adventure_Normal_FirstReword_141_01","Adventure_Normal_FirstReword_141","Item_Material_EquipGradeUp_Book_03","1","True",""
"Adventure_Normal_FirstReword_142_01","Adventure_Normal_FirstReword_142","Item_Material_EquipGradeUp_Staff_03","1","True",""
"Adventure_Normal_FirstReword_143_01","Adventure_Normal_FirstReword_143","Item_Material_EquipGradeUp_Staff_03","1","True",""
"Adventure_Normal_FirstReword_144_01","Adventure_Normal_FirstReword_144","Item_Material_EquipGradeUp_Ranged_03","1","True",""
"Adventure_Normal_FirstReword_145_01","Adventure_Normal_FirstReword_145","Item_Material_EquipGradeUp_Ranged_03","1","True",""
"Adventure_Normal_FirstReword_146_01","Adventure_Normal_FirstReword_146","Item_Material_EquipGradeUp_ProtectGear_03","1","True",""
"Adventure_Normal_FirstReword_147_01","Adventure_Normal_FirstReword_147","Item_Material_EquipGradeUp_ProtectGear_03","1","True",""
"Adventure_Normal_FirstReword_148_01","Adventure_Normal_FirstReword_148","Item_Material_EquipGradeUp_Coat_03","1","True",""
"Adventure_Normal_FirstReword_149_01","Adventure_Normal_FirstReword_149","Item_Material_EquipGradeUp_Coat_03","1","True",""
"Adventure_Normal_FirstReword_150_01","Adventure_Normal_FirstReword_150","Item_Material_EquipGradeUp_Jacket_03","1","True",""
"Adventure_Normal_FirstReword_151_01","Adventure_Normal_FirstReword_151","Item_Material_EquipGradeUp_Jacket_03","1","True",""
"Adventure_Normal_FirstReword_152_01","Adventure_Normal_FirstReword_152","Item_Material_EquipGradeUp_Cape_03","1","True",""
"Adventure_Normal_FirstReword_153_01","Adventure_Normal_FirstReword_153","Item_Material_EquipGradeUp_Cape_03","1","True",""
"Adventure_Normal_FirstReword_154_01","Adventure_Normal_FirstReword_154","Item_Material_EquipGradeUp_Belt_03","1","True",""
"Adventure_Normal_FirstReword_155_01","Adventure_Normal_FirstReword_155","Item_Material_EquipGradeUp_Belt_03","1","True",""
"Adventure_Normal_FirstReword_156_01","Adventure_Normal_FirstReword_156","Item_Material_EquipGradeUp_Helmet_03","1","True",""
"Adventure_Normal_FirstReword_157_01","Adventure_Normal_FirstReword_157","Item_Material_EquipGradeUp_Helmet_03","1","True",""
"Adventure_Normal_FirstReword_158_01","Adventure_Normal_FirstReword_158","Item_Material_EquipGradeUp_Necklace_03","1","True",""
"Adventure_Normal_FirstReword_159_01","Adventure_Normal_FirstReword_159","Item_Material_EquipGradeUp_Necklace_03","1","True",""
"Adventure_Normal_FirstReword_160_01","Adventure_Normal_FirstReword_160","Item_Material_EquipGradeUp_Ring_03","1","True",""
"Adventure_Normal_FirstReword_161_01","Adventure_Normal_FirstReword_161","Item_Material_EquipGradeUp_Ring_03","1","True",""
"Adventure_Normal_FirstReword_162_01","Adventure_Normal_FirstReword_162","Item_Material_EquipGradeUp_Bracelet_03","1","True",""
"Adventure_Normal_FirstReword_163_01","Adventure_Normal_FirstReword_163","Item_Material_EquipGradeUp_Bracelet_03","1","True",""
"Adventure_Normal_FirstReword_164_01","Adventure_Normal_FirstReword_164","Item_Material_EquipGradeUp_HeadDress_03","1","True",""
"Adventure_Normal_FirstReword_165_01","Adventure_Normal_FirstReword_165","Item_Material_EquipGradeUp_HeadDress_03","1","True",""
"Adventure_Normal_FirstReword_166_01","Adventure_Normal_FirstReword_166","Item_Material_SkillLvUp_ClassGuardian_02","1","True",""
"Adventure_Normal_FirstReword_167_01","Adventure_Normal_FirstReword_167","Item_Material_SkillLvUp_ClassKnight_02","1","True",""
"Adventure_Normal_FirstReword_168_01","Adventure_Normal_FirstReword_168","Item_Material_SkillLvUp_ClassFighter_02","1","True",""
"Adventure_Normal_FirstReword_169_01","Adventure_Normal_FirstReword_169","Item_Material_SkillLvUp_ClassRanger_02","1","True",""
"Adventure_Normal_FirstReword_170_01","Adventure_Normal_FirstReword_170","Item_Material_SkillLvUp_ClassSorcerer_02","1","True",""
"Adventure_Normal_FirstReword_171_01","Adventure_Normal_FirstReword_171","Item_Material_SkillLvUp_ClassCleric_02","1","True",""
"Adventure_Normal_FirstReword_172_01","Adventure_Normal_FirstReword_172","Item_Material_SkillLvUp_ClassShooter_02","1","True",""
"Adventure_Normal_FirstReword_173_01","Adventure_Normal_FirstReword_173","Item_Material_SkillLvUp_ClassMage_02","1","True",""
"Adventure_Normal_FirstReword_174_01","Adventure_Normal_FirstReword_174","Item_Material_SkillLvUp_ClassGuardian_02","1","True",""
"Adventure_Normal_FirstReword_175_01","Adventure_Normal_FirstReword_175","Item_CastleRankUp_OForce3060","1","True",""
"Adventure_Normal_FirstReword_175_02","Adventure_Normal_FirstReword_175","Item_Material_SkillLvUp_ClassKnight_02","1","True",""
"Adventure_Normal_FirstReword_176_01","Adventure_Normal_FirstReword_176","Item_Material_SkillLvUp_ClassFighter_02","1","True",""
"Adventure_Normal_FirstReword_177_01","Adventure_Normal_FirstReword_177","Item_Material_SkillLvUp_ClassRanger_02","1","True",""
"Adventure_Normal_FirstReword_178_01","Adventure_Normal_FirstReword_178","Item_Material_SkillLvUp_ClassSorcerer_02","1","True",""
"Adventure_Normal_FirstReword_179_01","Adventure_Normal_FirstReword_179","Item_Material_SkillLvUp_ClassCleric_02","1","True",""
"Adventure_Normal_FirstReword_180_01","Adventure_Normal_FirstReword_180","Item_WSkill_GreenAtk_UnLock","1","True",""
"Adventure_Normal_FirstReword_180_02","Adventure_Normal_FirstReword_180","Item_Material_SkillLvUp_ClassMage_02","1","True",""
"Adventure_Normal_FirstReword_180_03","Adventure_Normal_FirstReword_180","Item_Material_SkillLvUp_ClassShooter_02","1","True",""
"Adventure_Normal_FirstReword_181_01","Adventure_Normal_FirstReword_181","Item_Material_EquipGradeUp_Mace_04","1","True",""
"Adventure_Normal_FirstReword_182_01","Adventure_Normal_FirstReword_182","Item_Material_EquipGradeUp_Mace_04","1","True",""
"Adventure_Normal_FirstReword_183_01","Adventure_Normal_FirstReword_183","Item_Material_EquipGradeUp_Sword_04","1","True",""
"Adventure_Normal_FirstReword_184_01","Adventure_Normal_FirstReword_184","Item_Material_EquipGradeUp_Sword_04","1","True",""
"Adventure_Normal_FirstReword_185_01","Adventure_Normal_FirstReword_185","Item_Material_EquipGradeUp_Book_04","1","True",""
"Adventure_Normal_FirstReword_186_01","Adventure_Normal_FirstReword_186","Item_Material_EquipGradeUp_Book_04","1","True",""
"Adventure_Normal_FirstReword_187_01","Adventure_Normal_FirstReword_187","Item_Material_EquipGradeUp_Staff_04","1","True",""
"Adventure_Normal_FirstReword_188_01","Adventure_Normal_FirstReword_188","Item_Material_EquipGradeUp_Staff_04","1","True",""
"Adventure_Normal_FirstReword_189_01","Adventure_Normal_FirstReword_189","Item_Material_EquipGradeUp_Ranged_04","1","True",""
"Adventure_Normal_FirstReword_190_01","Adventure_Normal_FirstReword_190","Item_Material_EquipGradeUp_Ranged_04","1","True",""
"Adventure_Normal_FirstReword_191_01","Adventure_Normal_FirstReword_191","Item_Material_EquipGradeUp_ProtectGear_04","1","True",""
"Adventure_Normal_FirstReword_192_01","Adventure_Normal_FirstReword_192","Item_Material_EquipGradeUp_ProtectGear_04","1","True",""
"Adventure_Normal_FirstReword_193_01","Adventure_Normal_FirstReword_193","Item_Material_EquipGradeUp_Coat_04","1","True",""
"Adventure_Normal_FirstReword_194_01","Adventure_Normal_FirstReword_194","Item_Material_EquipGradeUp_Coat_04","1","True",""
"Adventure_Normal_FirstReword_195_01","Adventure_Normal_FirstReword_195","Item_Material_EquipGradeUp_Jacket_04","1","True",""
"Adventure_Normal_FirstReword_196_01","Adventure_Normal_FirstReword_196","Item_Material_EquipGradeUp_Jacket_04","1","True",""
"Adventure_Normal_FirstReword_197_01","Adventure_Normal_FirstReword_197","Item_Material_EquipGradeUp_Cape_04","1","True",""
"Adventure_Normal_FirstReword_198_01","Adventure_Normal_FirstReword_198","Item_Material_EquipGradeUp_Cape_04","1","True",""
"Adventure_Normal_FirstReword_199_01","Adventure_Normal_FirstReword_199","Item_Material_EquipGradeUp_Belt_04","1","True",""
"Adventure_Normal_FirstReword_200_01","Adventure_Normal_FirstReword_200","Item_Material_EquipGradeUp_Belt_04","1","True",""
"Adventure_Normal_FirstReword_201_01","Adventure_Normal_FirstReword_201","Item_Material_EquipGradeUp_Helmet_04","1","True",""
"Adventure_Normal_FirstReword_202_01","Adventure_Normal_FirstReword_202","Item_Material_EquipGradeUp_Helmet_04","1","True",""
"Adventure_Normal_FirstReword_203_01","Adventure_Normal_FirstReword_203","Item_Material_EquipGradeUp_Necklace_04","1","True",""
"Adventure_Normal_FirstReword_204_01","Adventure_Normal_FirstReword_204","Item_Material_EquipGradeUp_Necklace_04","1","True",""
"Adventure_Normal_FirstReword_205_01","Adventure_Normal_FirstReword_205","Item_Material_EquipGradeUp_Ring_04","1","True",""
"Adventure_Normal_FirstReword_206_01","Adventure_Normal_FirstReword_206","Item_Material_EquipGradeUp_Ring_04","1","True",""
"Adventure_Normal_FirstReword_207_01","Adventure_Normal_FirstReword_207","Item_Material_EquipGradeUp_Bracelet_04","1","True",""
"Adventure_Normal_FirstReword_208_01","Adventure_Normal_FirstReword_208","Item_Material_EquipGradeUp_Bracelet_04","1","True",""
"Adventure_Normal_FirstReword_209_01","Adventure_Normal_FirstReword_209","Item_Material_EquipGradeUp_HeadDress_04","1","True",""
"Adventure_Normal_FirstReword_210_01","Adventure_Normal_FirstReword_210","Item_Material_EquipGradeUp_HeadDress_04","1","True",""
"Adventure_Normal_FirstReword_211_01","Adventure_Normal_FirstReword_211","Item_Material_SkillLvUp_ClassGuardian_03","1","True",""
"Adventure_Normal_FirstReword_212_01","Adventure_Normal_FirstReword_212","Item_Material_SkillLvUp_ClassKnight_03","1","True",""
"Adventure_Normal_FirstReword_213_01","Adventure_Normal_FirstReword_213","Item_Material_SkillLvUp_ClassFighter_03","1","True",""
"Adventure_Normal_FirstReword_214_01","Adventure_Normal_FirstReword_214","Item_Material_SkillLvUp_ClassRanger_03","1","True",""
"Adventure_Normal_FirstReword_215_01","Adventure_Normal_FirstReword_215","Item_Material_SkillLvUp_ClassSorcerer_03","1","True",""
"Adventure_Normal_FirstReword_216_01","Adventure_Normal_FirstReword_216","Item_Material_SkillLvUp_ClassCleric_03","1","True",""
"Adventure_Normal_FirstReword_217_01","Adventure_Normal_FirstReword_217","Item_Material_SkillLvUp_ClassShooter_03","1","True",""
"Adventure_Normal_FirstReword_218_01","Adventure_Normal_FirstReword_218","Item_Material_SkillLvUp_ClassMage_03","1","True",""
"Adventure_Normal_FirstReword_219_01","Adventure_Normal_FirstReword_219","Item_Material_SkillLvUp_ClassGuardian_03","1","True",""
"Adventure_Normal_FirstReword_220_01","Adventure_Normal_FirstReword_220","Item_Material_SkillLvUp_ClassKnight_03","1","True",""
"Adventure_Normal_FirstReword_221_01","Adventure_Normal_FirstReword_221","Item_Material_SkillLvUp_ClassFighter_03","1","True",""
"Adventure_Normal_FirstReword_222_01","Adventure_Normal_FirstReword_222","Item_Material_SkillLvUp_ClassRanger_03","1","True",""
"Adventure_Normal_FirstReword_223_01","Adventure_Normal_FirstReword_223","Item_Material_SkillLvUp_ClassSorcerer_03","1","True",""
"Adventure_Normal_FirstReword_224_01","Adventure_Normal_FirstReword_224","Item_Material_SkillLvUp_ClassCleric_03","1","True",""
"Adventure_Normal_FirstReword_225_01","Adventure_Normal_FirstReword_225","Item_Material_SkillLvUp_ClassShooter_03","1","True",""
"Adventure_Normal_FirstReword_225_02","Adventure_Normal_FirstReword_225","Item_Material_SkillLvUp_ClassMage_03","1","True",""
"Adventure_Normal_FirstReword_226_01","Adventure_Normal_FirstReword_226","Item_Material_EquipGradeUp_Mace_04","1","True",""
"Adventure_Normal_FirstReword_227_01","Adventure_Normal_FirstReword_227","Item_Material_EquipGradeUp_Sword_04","1","True",""
"Adventure_Normal_FirstReword_228_01","Adventure_Normal_FirstReword_228","Item_Material_EquipGradeUp_Book_04","1","True",""
"Adventure_Normal_FirstReword_229_01","Adventure_Normal_FirstReword_229","Item_Material_EquipGradeUp_Staff_04","1","True",""
"Adventure_Normal_FirstReword_230_01","Adventure_Normal_FirstReword_230","Item_Material_EquipGradeUp_Ranged_04","1","True",""
"Adventure_Normal_FirstReword_231_01","Adventure_Normal_FirstReword_231","Item_Material_EquipGradeUp_ProtectGear_04","1","True",""
"Adventure_Normal_FirstReword_232_01","Adventure_Normal_FirstReword_232","Item_Material_EquipGradeUp_Coat_04","1","True",""
"Adventure_Normal_FirstReword_233_01","Adventure_Normal_FirstReword_233","Item_Material_EquipGradeUp_Jacket_04","1","True",""
"Adventure_Normal_FirstReword_234_01","Adventure_Normal_FirstReword_234","Item_Material_EquipGradeUp_Cape_04","1","True",""
"Adventure_Normal_FirstReword_235_01","Adventure_Normal_FirstReword_235","Item_CastleRankUp_OForce4060","1","True",""
"Adventure_Normal_FirstReword_235_02","Adventure_Normal_FirstReword_235","Item_Material_EquipGradeUp_Belt_04","1","True",""
"Adventure_Normal_FirstReword_236_01","Adventure_Normal_FirstReword_236","Item_Material_EquipGradeUp_Helmet_04","1","True",""
"Adventure_Normal_FirstReword_237_01","Adventure_Normal_FirstReword_237","Item_Material_EquipGradeUp_Necklace_04","1","True",""
"Adventure_Normal_FirstReword_238_01","Adventure_Normal_FirstReword_238","Item_Material_EquipGradeUp_Ring_04","1","True",""
"Adventure_Normal_FirstReword_239_01","Adventure_Normal_FirstReword_239","Item_Material_EquipGradeUp_Bracelet_04","1","True",""
"Adventure_Normal_FirstReword_240_01","Adventure_Normal_FirstReword_240","Item_WSkill_BlueAtk_UnLock","1","True",""
"Adventure_Normal_FirstReword_240_02","Adventure_Normal_FirstReword_240","Item_Material_EquipGradeUp_HeadDress_04","1","True",""
"Adventure_Normal_FirstReword_241_01","Adventure_Normal_FirstReword_241","Item_Material_EquipGradeUp_Mace_05","1","True",""
"Adventure_Normal_FirstReword_242_01","Adventure_Normal_FirstReword_242","Item_Material_EquipGradeUp_Mace_05","1","True",""
"Adventure_Normal_FirstReword_243_01","Adventure_Normal_FirstReword_243","Item_Material_EquipGradeUp_Sword_05","1","True",""
"Adventure_Normal_FirstReword_244_01","Adventure_Normal_FirstReword_244","Item_Material_EquipGradeUp_Sword_05","1","True",""
"Adventure_Normal_FirstReword_245_01","Adventure_Normal_FirstReword_245","Item_Material_EquipGradeUp_Book_05","1","True",""
"Adventure_Normal_FirstReword_246_01","Adventure_Normal_FirstReword_246","Item_Material_EquipGradeUp_Book_05","1","True",""
"Adventure_Normal_FirstReword_247_01","Adventure_Normal_FirstReword_247","Item_Material_EquipGradeUp_Staff_05","1","True",""
"Adventure_Normal_FirstReword_248_01","Adventure_Normal_FirstReword_248","Item_Material_EquipGradeUp_Staff_05","1","True",""
"Adventure_Normal_FirstReword_249_01","Adventure_Normal_FirstReword_249","Item_Material_EquipGradeUp_Ranged_05","1","True",""
"Adventure_Normal_FirstReword_250_01","Adventure_Normal_FirstReword_250","Item_Material_EquipGradeUp_Ranged_05","1","True",""
"Adventure_Normal_FirstReword_251_01","Adventure_Normal_FirstReword_251","Item_Material_EquipGradeUp_ProtectGear_05","1","True",""
"Adventure_Normal_FirstReword_252_01","Adventure_Normal_FirstReword_252","Item_Material_EquipGradeUp_ProtectGear_05","1","True",""
"Adventure_Normal_FirstReword_253_01","Adventure_Normal_FirstReword_253","Item_Material_EquipGradeUp_Coat_05","1","True",""
"Adventure_Normal_FirstReword_254_01","Adventure_Normal_FirstReword_254","Item_Material_EquipGradeUp_Coat_05","1","True",""
"Adventure_Normal_FirstReword_255_01","Adventure_Normal_FirstReword_255","Item_Material_EquipGradeUp_Jacket_05","1","True",""
"Adventure_Normal_FirstReword_256_01","Adventure_Normal_FirstReword_256","Item_Material_EquipGradeUp_Jacket_05","1","True",""
"Adventure_Normal_FirstReword_257_01","Adventure_Normal_FirstReword_257","Item_Material_EquipGradeUp_Cape_05","1","True",""
"Adventure_Normal_FirstReword_258_01","Adventure_Normal_FirstReword_258","Item_Material_EquipGradeUp_Cape_05","1","True",""
"Adventure_Normal_FirstReword_259_01","Adventure_Normal_FirstReword_259","Item_Material_EquipGradeUp_Belt_05","1","True",""
"Adventure_Normal_FirstReword_260_01","Adventure_Normal_FirstReword_260","Item_Material_EquipGradeUp_Belt_05","1","True",""
"Adventure_Normal_FirstReword_261_01","Adventure_Normal_FirstReword_261","Item_Material_EquipGradeUp_Helmet_05","1","True",""
"Adventure_Normal_FirstReword_262_01","Adventure_Normal_FirstReword_262","Item_Material_EquipGradeUp_Helmet_05","1","True",""
"Adventure_Normal_FirstReword_263_01","Adventure_Normal_FirstReword_263","Item_Material_EquipGradeUp_Necklace_05","1","True",""
"Adventure_Normal_FirstReword_264_01","Adventure_Normal_FirstReword_264","Item_Material_EquipGradeUp_Necklace_05","1","True",""
"Adventure_Normal_FirstReword_265_01","Adventure_Normal_FirstReword_265","Item_Material_EquipGradeUp_Ring_05","1","True",""
"Adventure_Normal_FirstReword_266_01","Adventure_Normal_FirstReword_266","Item_Material_EquipGradeUp_Ring_05","1","True",""
"Adventure_Normal_FirstReword_267_01","Adventure_Normal_FirstReword_267","Item_Material_EquipGradeUp_Bracelet_05","1","True",""
"Adventure_Normal_FirstReword_268_01","Adventure_Normal_FirstReword_268","Item_Material_EquipGradeUp_Bracelet_05","1","True",""
"Adventure_Normal_FirstReword_269_01","Adventure_Normal_FirstReword_269","Item_Material_EquipGradeUp_HeadDress_05","1","True",""
"Adventure_Normal_FirstReword_270_01","Adventure_Normal_FirstReword_270","Item_Material_EquipGradeUp_HeadDress_05","1","True",""
"Adventure_Normal_FirstReword_270_02","Adventure_Normal_FirstReword_270","Coin_TaleStone","300","True",""
"Adventure_Hard_FirstReword_1_01","Adventure_Hard_FirstReword_1","Item_Material_HeroGradeUp_Char_051_S01_B","5","True",""
"Adventure_Hard_FirstReword_2_01","Adventure_Hard_FirstReword_2","Item_Material_HeroGradeUp_Char_002_S01_R","5","True",""
"Adventure_Hard_FirstReword_3_01","Adventure_Hard_FirstReword_3","Item_WSkill_SPUp_GradeUp","5","True",""
"Adventure_Hard_FirstReword_4_01","Adventure_Hard_FirstReword_4","Item_Material_HeroGradeUp_Char_078_S01_R","5","True",""
"Adventure_Hard_FirstReword_5_01","Adventure_Hard_FirstReword_5","Item_Material_HeroGradeUp_Char_103_S01_G","5","True",""
"Adventure_Hard_FirstReword_6_01","Adventure_Hard_FirstReword_6","Item_Material_HeroGradeUp_Char_008_S01_B","5","True",""
"Adventure_Hard_FirstReword_7_01","Adventure_Hard_FirstReword_7","Item_Material_HeroGradeUp_Char_073_S01_G","5","True",""
"Adventure_Hard_FirstReword_8_01","Adventure_Hard_FirstReword_8","Item_Material_HeroGradeUp_Char_040_S01_R","5","True",""
"Adventure_Hard_FirstReword_9_01","Adventure_Hard_FirstReword_9","Item_Material_HeroGradeUp_Char_064_S01_R","5","True",""
"Adventure_Hard_FirstReword_10_01","Adventure_Hard_FirstReword_10","Item_Material_HeroGradeUp_Char_062_S01_G","5","True",""
"Adventure_Hard_FirstReword_11_01","Adventure_Hard_FirstReword_11","Item_Material_HeroGradeUp_Char_034_S01_B","5","True",""
"Adventure_Hard_FirstReword_12_01","Adventure_Hard_FirstReword_12","Item_WSkill_Heal_GradeUp","5","True",""
"Adventure_Hard_FirstReword_13_01","Adventure_Hard_FirstReword_13","Item_Material_HeroGradeUp_Char_006_S01_G","5","True",""
"Adventure_Hard_FirstReword_14_01","Adventure_Hard_FirstReword_14","Item_Material_HeroGradeUp_Char_003_S01_B","5","True",""
"Adventure_Hard_FirstReword_15_01","Adventure_Hard_FirstReword_15","Item_Material_HeroGradeUp_Char_080_S01_G","5","True",""
"Adventure_Hard_FirstReword_16_01","Adventure_Hard_FirstReword_16","Item_Material_HeroGradeUp_Char_001_S01_B","5","True",""
"Adventure_Hard_FirstReword_17_01","Adventure_Hard_FirstReword_17","Item_Material_HeroGradeUp_Char_005_S01_D","5","True",""
"Adventure_Hard_FirstReword_18_01","Adventure_Hard_FirstReword_18","Item_Material_HeroGradeUp_Char_041_S01_R","5","True",""
"Adventure_Hard_FirstReword_19_01","Adventure_Hard_FirstReword_19","Item_Material_HeroGradeUp_Char_016_S01_B","5","True",""
"Adventure_Hard_FirstReword_20_01","Adventure_Hard_FirstReword_20","Item_Material_HeroGradeUp_Char_089_S01_D","5","True",""
"Adventure_Hard_FirstReword_21_01","Adventure_Hard_FirstReword_21","Item_Material_HeroGradeUp_Char_101_S01_B","5","True",""
"Adventure_Hard_FirstReword_22_01","Adventure_Hard_FirstReword_22","Item_Material_HeroGradeUp_Char_098_S01_R","5","True",""
"Adventure_Hard_FirstReword_23_01","Adventure_Hard_FirstReword_23","Item_Material_HeroGradeUp_Char_077_S01_G","5","True",""
"Adventure_Hard_FirstReword_24_01","Adventure_Hard_FirstReword_24","Item_WSkill_RedAtk_GradeUp","5","True",""
"Adventure_Hard_FirstReword_25_01","Adventure_Hard_FirstReword_25","Item_Material_HeroGradeUp_Char_051_S01_B","5","True",""
"Adventure_Hard_FirstReword_26_01","Adventure_Hard_FirstReword_26","Item_Material_HeroGradeUp_Char_078_S01_R","5","True",""
"Adventure_Hard_FirstReword_27_01","Adventure_Hard_FirstReword_27","Item_Material_HeroGradeUp_Char_009_S01_G","5","True",""
"Adventure_Hard_FirstReword_28_01","Adventure_Hard_FirstReword_28","Item_Material_HeroGradeUp_Char_002_S01_R","5","True",""
"Adventure_Hard_FirstReword_29_01","Adventure_Hard_FirstReword_29","Item_Material_HeroGradeUp_Char_015_S01_B","5","True",""
"Adventure_Hard_FirstReword_30_01","Adventure_Hard_FirstReword_30","Item_Material_HeroGradeUp_Char_088_S01_R","5","True",""
"Adventure_Hard_FirstReword_31_01","Adventure_Hard_FirstReword_31","Item_Material_HeroGradeUp_Char_103_S01_G","5","True",""
"Adventure_Hard_FirstReword_32_01","Adventure_Hard_FirstReword_32","Item_Material_HeroGradeUp_Char_037_S01_L","5","True",""
"Adventure_Hard_FirstReword_33_01","Adventure_Hard_FirstReword_33","Item_Material_HeroGradeUp_Char_067_S01_B","5","True",""
"Adventure_Hard_FirstReword_34_01","Adventure_Hard_FirstReword_34","Item_Material_HeroGradeUp_Char_100_S01_G","5","True",""
"Adventure_Hard_FirstReword_35_01","Adventure_Hard_FirstReword_35","Item_Material_HeroGradeUp_Char_064_S01_R","5","True",""
"Adventure_Hard_FirstReword_36_01","Adventure_Hard_FirstReword_36","Item_WSkill_GreenAtk_GradeUp","5","True",""
"Adventure_Hard_FirstReword_37_01","Adventure_Hard_FirstReword_37","Item_Material_HeroGradeUp_Char_008_S01_B","5","True",""
"Adventure_Hard_FirstReword_38_01","Adventure_Hard_FirstReword_38","Item_Material_HeroGradeUp_Char_073_S01_G","5","True",""
"Adventure_Hard_FirstReword_39_01","Adventure_Hard_FirstReword_39","Item_Material_HeroGradeUp_Char_040_S01_R","5","True",""
"Adventure_Hard_FirstReword_40_01","Adventure_Hard_FirstReword_40","Item_Material_HeroGradeUp_Char_062_S01_G","5","True",""
"Adventure_Hard_FirstReword_41_01","Adventure_Hard_FirstReword_41","Item_Material_HeroGradeUp_Char_034_S01_B","5","True",""
"Adventure_Hard_FirstReword_42_01","Adventure_Hard_FirstReword_42","Item_Material_HeroGradeUp_Char_006_S01_G","5","True",""
"Adventure_Hard_FirstReword_43_01","Adventure_Hard_FirstReword_43","Item_Material_HeroGradeUp_Char_003_S01_B","5","True",""
"Adventure_Hard_FirstReword_44_01","Adventure_Hard_FirstReword_44","Item_Material_HeroGradeUp_Char_080_S01_G","5","True",""
"Adventure_Hard_FirstReword_45_01","Adventure_Hard_FirstReword_45","Item_Material_HeroGradeUp_Char_007_S01_D","5","True",""
"Adventure_Hard_FirstReword_46_01","Adventure_Hard_FirstReword_46","Item_Material_HeroGradeUp_Char_001_S01_B","5","True",""
"Adventure_Hard_FirstReword_47_01","Adventure_Hard_FirstReword_47","Item_Material_HeroGradeUp_Char_005_S01_D","5","True",""
"Adventure_Hard_FirstReword_48_01","Adventure_Hard_FirstReword_48","Item_WSkill_BlueAtk_GradeUp","5","True",""
"Adventure_Hard_FirstReword_49_01","Adventure_Hard_FirstReword_49","Item_Material_HeroGradeUp_Char_066_S01_B","5","True",""
"Adventure_Hard_FirstReword_50_01","Adventure_Hard_FirstReword_50","Item_Material_HeroGradeUp_Char_114_S01_B","5","True",""
"Adventure_Hard_FirstReword_51_01","Adventure_Hard_FirstReword_51","Item_Material_HeroGradeUp_Char_099_S01_G","5","True",""
"Adventure_Hard_FirstReword_52_01","Adventure_Hard_FirstReword_52","Item_Material_HeroGradeUp_Char_009_S01_G","5","True",""
"Adventure_Hard_FirstReword_53_01","Adventure_Hard_FirstReword_53","Item_Material_HeroGradeUp_Char_037_S01_L","5","True",""
"Adventure_Hard_FirstReword_54_01","Adventure_Hard_FirstReword_54","Item_Material_HeroGradeUp_Char_041_S01_R","5","True",""
"Adventure_RandomReword_Equip_Level1_1_01","Adventure_RandomReword_Equip_Level1_1","Wea_Mace_01","1","True","3444"
"Adventure_RandomReword_Equip_Level1_1_04","Adventure_RandomReword_Equip_Level1_1","Item_Material_HeroExp_01","1","True","1667"
"Adventure_RandomReword_Equip_Level1_1_05","Adventure_RandomReword_Equip_Level1_1","Item_Material_EquipExp_01","1","True","1667"
"Adventure_RandomReword_Equip_Level1_1_06","Adventure_RandomReword_Equip_Level1_1","Item_Material_SkillLvUp_Common","1","True","1667"
"Adventure_RandomReword_Equip_Level1_1_07","Adventure_RandomReword_Equip_Level1_1","Item_RandomBox_Equip_01","1","False","1555"
"Adventure_RandomReword_Equip_Level1_2_01","Adventure_RandomReword_Equip_Level1_2","Wea_Sword_01","1","True","3444"
"Adventure_RandomReword_Equip_Level1_2_04","Adventure_RandomReword_Equip_Level1_2","Item_Material_HeroExp_01","1","True","1667"
"Adventure_RandomReword_Equip_Level1_2_05","Adventure_RandomReword_Equip_Level1_2","Item_Material_EquipExp_01","1","True","1667"
"Adventure_RandomReword_Equip_Level1_2_06","Adventure_RandomReword_Equip_Level1_2","Item_Material_SkillLvUp_Common","1","True","1667"
"Adventure_RandomReword_Equip_Level1_2_07","Adventure_RandomReword_Equip_Level1_2","Item_RandomBox_Equip_01","1","False","1555"
"Adventure_RandomReword_Equip_Level1_3_01","Adventure_RandomReword_Equip_Level1_3","Wea_Book_01","1","True","3444"
"Adventure_RandomReword_Equip_Level1_3_04","Adventure_RandomReword_Equip_Level1_3","Item_Material_HeroExp_01","1","True","1667"
"Adventure_RandomReword_Equip_Level1_3_05","Adventure_RandomReword_Equip_Level1_3","Item_Material_EquipExp_01","1","True","1667"
"Adventure_RandomReword_Equip_Level1_3_06","Adventure_RandomReword_Equip_Level1_3","Item_Material_SkillLvUp_Common","1","True","1667"
"Adventure_RandomReword_Equip_Level1_3_07","Adventure_RandomReword_Equip_Level1_3","Item_RandomBox_Equip_01","1","False","1555"
"Adventure_RandomReword_Equip_Level1_4_01","Adventure_RandomReword_Equip_Level1_4","Wea_Staff_01","1","True","3444"
"Adventure_RandomReword_Equip_Level1_4_04","Adventure_RandomReword_Equip_Level1_4","Item_Material_HeroExp_01","1","True","1667"
"Adventure_RandomReword_Equip_Level1_4_05","Adventure_RandomReword_Equip_Level1_4","Item_Material_EquipExp_01","1","True","1667"
"Adventure_RandomReword_Equip_Level1_4_06","Adventure_RandomReword_Equip_Level1_4","Item_Material_SkillLvUp_Common","1","True","1667"
"Adventure_RandomReword_Equip_Level1_4_07","Adventure_RandomReword_Equip_Level1_4","Item_RandomBox_Equip_01","1","False","1555"
"Adventure_RandomReword_Equip_Level1_5_01","Adventure_RandomReword_Equip_Level1_5","Wea_Ranged_01","1","True","3444"
"Adventure_RandomReword_Equip_Level1_5_04","Adventure_RandomReword_Equip_Level1_5","Item_Material_HeroExp_01","1","True","1667"
"Adventure_RandomReword_Equip_Level1_5_05","Adventure_RandomReword_Equip_Level1_5","Item_Material_EquipExp_01","1","True","1667"
"Adventure_RandomReword_Equip_Level1_5_06","Adventure_RandomReword_Equip_Level1_5","Item_Material_SkillLvUp_Common","1","True","1667"
"Adventure_RandomReword_Equip_Level1_5_07","Adventure_RandomReword_Equip_Level1_5","Item_RandomBox_Equip_01","1","False","1555"
"Adventure_RandomReword_Equip_Level1_6_02","Adventure_RandomReword_Equip_Level1_6","Armor_ProtectGear_01","1","True","3444"
"Adventure_RandomReword_Equip_Level1_6_04","Adventure_RandomReword_Equip_Level1_6","Item_Material_HeroExp_01","1","True","1667"
"Adventure_RandomReword_Equip_Level1_6_05","Adventure_RandomReword_Equip_Level1_6","Item_Material_EquipExp_01","1","True","1667"
"Adventure_RandomReword_Equip_Level1_6_06","Adventure_RandomReword_Equip_Level1_6","Item_Material_SkillLvUp_Common","1","True","1667"
"Adventure_RandomReword_Equip_Level1_6_07","Adventure_RandomReword_Equip_Level1_6","Item_RandomBox_Equip_01","1","False","1555"
"Adventure_RandomReword_Equip_Level1_7_01","Adventure_RandomReword_Equip_Level1_7","Armor_Coat_01","1","True","3444"
"Adventure_RandomReword_Equip_Level1_7_04","Adventure_RandomReword_Equip_Level1_7","Item_Material_HeroExp_01","1","True","1667"
"Adventure_RandomReword_Equip_Level1_7_05","Adventure_RandomReword_Equip_Level1_7","Item_Material_EquipExp_01","1","True","1667"
"Adventure_RandomReword_Equip_Level1_7_06","Adventure_RandomReword_Equip_Level1_7","Item_Material_SkillLvUp_Common","1","True","1667"
"Adventure_RandomReword_Equip_Level1_7_07","Adventure_RandomReword_Equip_Level1_7","Item_RandomBox_Equip_01","1","False","1555"
"Adventure_RandomReword_Equip_Level1_8_01","Adventure_RandomReword_Equip_Level1_8","Armor_Jacket_01","1","True","3444"
"Adventure_RandomReword_Equip_Level1_8_04","Adventure_RandomReword_Equip_Level1_8","Item_Material_HeroExp_01","1","True","1667"
"Adventure_RandomReword_Equip_Level1_8_05","Adventure_RandomReword_Equip_Level1_8","Item_Material_EquipExp_01","1","True","1667"
"Adventure_RandomReword_Equip_Level1_8_06","Adventure_RandomReword_Equip_Level1_8","Item_Material_SkillLvUp_Common","1","True","1667"
"Adventure_RandomReword_Equip_Level1_8_07","Adventure_RandomReword_Equip_Level1_8","Item_RandomBox_Equip_01","1","False","1555"
"Adventure_RandomReword_Equip_Level1_9_01","Adventure_RandomReword_Equip_Level1_9","Armor_Cape_01","1","True","3444"
"Adventure_RandomReword_Equip_Level1_9_04","Adventure_RandomReword_Equip_Level1_9","Item_Material_HeroExp_01","1","True","1667"
"Adventure_RandomReword_Equip_Level1_9_05","Adventure_RandomReword_Equip_Level1_9","Item_Material_EquipExp_01","1","True","1667"
"Adventure_RandomReword_Equip_Level1_9_06","Adventure_RandomReword_Equip_Level1_9","Item_Material_SkillLvUp_Common","1","True","1667"
"Adventure_RandomReword_Equip_Level1_9_07","Adventure_RandomReword_Equip_Level1_9","Item_RandomBox_Equip_01","1","False","1555"
"Adventure_RandomReword_Equip_Level1_10_01","Adventure_RandomReword_Equip_Level1_10","Armor_Belt_01","1","True","3444"
"Adventure_RandomReword_Equip_Level1_10_04","Adventure_RandomReword_Equip_Level1_10","Item_Material_HeroExp_01","1","True","1667"
"Adventure_RandomReword_Equip_Level1_10_05","Adventure_RandomReword_Equip_Level1_10","Item_Material_EquipExp_01","1","True","1667"
"Adventure_RandomReword_Equip_Level1_10_06","Adventure_RandomReword_Equip_Level1_10","Item_Material_SkillLvUp_Common","1","True","1667"
"Adventure_RandomReword_Equip_Level1_10_07","Adventure_RandomReword_Equip_Level1_10","Item_RandomBox_Equip_01","1","False","1555"
"Adventure_RandomReword_Equip_Level1_11_01","Adventure_RandomReword_Equip_Level1_11","Acc_Helmet_01","1","True","3444"
"Adventure_RandomReword_Equip_Level1_11_04","Adventure_RandomReword_Equip_Level1_11","Item_Material_HeroExp_01","1","True","1667"
"Adventure_RandomReword_Equip_Level1_11_05","Adventure_RandomReword_Equip_Level1_11","Item_Material_EquipExp_01","1","True","1667"
"Adventure_RandomReword_Equip_Level1_11_06","Adventure_RandomReword_Equip_Level1_11","Item_Material_SkillLvUp_Common","1","True","1667"
"Adventure_RandomReword_Equip_Level1_11_07","Adventure_RandomReword_Equip_Level1_11","Item_RandomBox_Equip_01","1","False","1555"
"Adventure_RandomReword_Equip_Level1_12_01","Adventure_RandomReword_Equip_Level1_12","Acc_Necklace_01","1","True","3444"
"Adventure_RandomReword_Equip_Level1_12_04","Adventure_RandomReword_Equip_Level1_12","Item_Material_HeroExp_01","1","True","1667"
"Adventure_RandomReword_Equip_Level1_12_05","Adventure_RandomReword_Equip_Level1_12","Item_Material_EquipExp_01","1","True","1667"
"Adventure_RandomReword_Equip_Level1_12_06","Adventure_RandomReword_Equip_Level1_12","Item_Material_SkillLvUp_Common","1","True","1667"
"Adventure_RandomReword_Equip_Level1_12_07","Adventure_RandomReword_Equip_Level1_12","Item_RandomBox_Equip_01","1","False","1555"
"Adventure_RandomReword_Equip_Level1_13_01","Adventure_RandomReword_Equip_Level1_13","Acc_Ring_01","1","True","3444"
"Adventure_RandomReword_Equip_Level1_13_04","Adventure_RandomReword_Equip_Level1_13","Item_Material_HeroExp_01","1","True","1667"
"Adventure_RandomReword_Equip_Level1_13_05","Adventure_RandomReword_Equip_Level1_13","Item_Material_EquipExp_01","1","True","1667"
"Adventure_RandomReword_Equip_Level1_13_06","Adventure_RandomReword_Equip_Level1_13","Item_Material_SkillLvUp_Common","1","True","1667"
"Adventure_RandomReword_Equip_Level1_13_07","Adventure_RandomReword_Equip_Level1_13","Item_RandomBox_Equip_01","1","False","1555"
"Adventure_RandomReword_Equip_Level1_14_01","Adventure_RandomReword_Equip_Level1_14","Acc_Bracelet_01","1","True","3444"
"Adventure_RandomReword_Equip_Level1_14_04","Adventure_RandomReword_Equip_Level1_14","Item_Material_HeroExp_01","1","True","1667"
"Adventure_RandomReword_Equip_Level1_14_05","Adventure_RandomReword_Equip_Level1_14","Item_Material_EquipExp_01","1","True","1667"
"Adventure_RandomReword_Equip_Level1_14_06","Adventure_RandomReword_Equip_Level1_14","Item_Material_SkillLvUp_Common","1","True","1667"
"Adventure_RandomReword_Equip_Level1_14_07","Adventure_RandomReword_Equip_Level1_14","Item_RandomBox_Equip_01","1","False","1555"
"Adventure_RandomReword_Equip_Level1_15_01","Adventure_RandomReword_Equip_Level1_15","Acc_HeadDress_01","1","True","3444"
"Adventure_RandomReword_Equip_Level1_15_04","Adventure_RandomReword_Equip_Level1_15","Item_Material_HeroExp_01","1","True","1667"
"Adventure_RandomReword_Equip_Level1_15_05","Adventure_RandomReword_Equip_Level1_15","Item_Material_EquipExp_01","1","True","1667"
"Adventure_RandomReword_Equip_Level1_15_06","Adventure_RandomReword_Equip_Level1_15","Item_Material_SkillLvUp_Common","1","True","1667"
"Adventure_RandomReword_Equip_Level1_15_07","Adventure_RandomReword_Equip_Level1_15","Item_RandomBox_Equip_01","1","False","1555"
"Adventure_RandomReword_Equip_Level2_1_01","Adventure_RandomReword_Equip_Level2_1","Item_Material_EquipGradeUp_Mace_01","1","True","3444"
"Adventure_RandomReword_Equip_Level2_1_04","Adventure_RandomReword_Equip_Level2_1","Item_Material_HeroExp_01","1","True","1667"
"Adventure_RandomReword_Equip_Level2_1_05","Adventure_RandomReword_Equip_Level2_1","Item_Material_EquipExp_01","1","True","1667"
"Adventure_RandomReword_Equip_Level2_1_06","Adventure_RandomReword_Equip_Level2_1","Item_Material_SkillLvUp_Common","1","True","1667"
"Adventure_RandomReword_Equip_Level2_1_07","Adventure_RandomReword_Equip_Level2_1","Item_RandomBox_EquipBox_Level1","1","False","1555"
"Adventure_RandomReword_Equip_Level2_2_01","Adventure_RandomReword_Equip_Level2_2","Item_Material_EquipGradeUp_Sword_01","1","True","3444"
"Adventure_RandomReword_Equip_Level2_2_04","Adventure_RandomReword_Equip_Level2_2","Item_Material_HeroExp_01","1","True","1667"
"Adventure_RandomReword_Equip_Level2_2_05","Adventure_RandomReword_Equip_Level2_2","Item_Material_EquipExp_01","1","True","1667"
"Adventure_RandomReword_Equip_Level2_2_06","Adventure_RandomReword_Equip_Level2_2","Item_Material_SkillLvUp_Common","1","True","1667"
"Adventure_RandomReword_Equip_Level2_2_07","Adventure_RandomReword_Equip_Level2_2","Item_RandomBox_EquipBox_Level1","1","False","1555"
"Adventure_RandomReword_Equip_Level2_3_02","Adventure_RandomReword_Equip_Level2_3","Item_Material_EquipGradeUp_Book_01","1","True","3444"
"Adventure_RandomReword_Equip_Level2_3_04","Adventure_RandomReword_Equip_Level2_3","Item_Material_HeroExp_01","1","True","1667"
"Adventure_RandomReword_Equip_Level2_3_05","Adventure_RandomReword_Equip_Level2_3","Item_Material_EquipExp_01","1","True","1667"
"Adventure_RandomReword_Equip_Level2_3_06","Adventure_RandomReword_Equip_Level2_3","Item_Material_SkillLvUp_Common","1","True","1667"
"Adventure_RandomReword_Equip_Level2_3_07","Adventure_RandomReword_Equip_Level2_3","Item_RandomBox_EquipBox_Level1","1","False","1555"
"Adventure_RandomReword_Equip_Level2_4_02","Adventure_RandomReword_Equip_Level2_4","Item_Material_EquipGradeUp_Staff_01","1","True","3444"
"Adventure_RandomReword_Equip_Level2_4_04","Adventure_RandomReword_Equip_Level2_4","Item_Material_HeroExp_01","1","True","1667"
"Adventure_RandomReword_Equip_Level2_4_05","Adventure_RandomReword_Equip_Level2_4","Item_Material_EquipExp_01","1","True","1667"
"Adventure_RandomReword_Equip_Level2_4_06","Adventure_RandomReword_Equip_Level2_4","Item_Material_SkillLvUp_Common","1","True","1667"
"Adventure_RandomReword_Equip_Level2_4_07","Adventure_RandomReword_Equip_Level2_4","Item_RandomBox_EquipBox_Level1","1","False","1555"
"Adventure_RandomReword_Equip_Level2_5_01","Adventure_RandomReword_Equip_Level2_5","Item_Material_EquipGradeUp_Ranged_01","1","True","3444"
"Adventure_RandomReword_Equip_Level2_5_04","Adventure_RandomReword_Equip_Level2_5","Item_Material_HeroExp_01","1","True","1667"
"Adventure_RandomReword_Equip_Level2_5_05","Adventure_RandomReword_Equip_Level2_5","Item_Material_EquipExp_01","1","True","1667"
"Adventure_RandomReword_Equip_Level2_5_06","Adventure_RandomReword_Equip_Level2_5","Item_Material_SkillLvUp_Common","1","True","1667"
"Adventure_RandomReword_Equip_Level2_5_07","Adventure_RandomReword_Equip_Level2_5","Item_RandomBox_EquipBox_Level1","1","False","1555"
"Adventure_RandomReword_Equip_Level2_6_02","Adventure_RandomReword_Equip_Level2_6","Item_Material_EquipGradeUp_ProtectGear_01","1","True","3444"
"Adventure_RandomReword_Equip_Level2_6_04","Adventure_RandomReword_Equip_Level2_6","Item_Material_HeroExp_01","1","True","1667"
"Adventure_RandomReword_Equip_Level2_6_05","Adventure_RandomReword_Equip_Level2_6","Item_Material_EquipExp_01","1","True","1667"
"Adventure_RandomReword_Equip_Level2_6_06","Adventure_RandomReword_Equip_Level2_6","Item_Material_SkillLvUp_Common","1","True","1667"
"Adventure_RandomReword_Equip_Level2_6_07","Adventure_RandomReword_Equip_Level2_6","Item_RandomBox_EquipBox_Level1","1","False","1555"
"Adventure_RandomReword_Equip_Level2_7_02","Adventure_RandomReword_Equip_Level2_7","Item_Material_EquipGradeUp_Coat_01","1","True","3444"
"Adventure_RandomReword_Equip_Level2_7_04","Adventure_RandomReword_Equip_Level2_7","Item_Material_HeroExp_01","1","True","1667"
"Adventure_RandomReword_Equip_Level2_7_05","Adventure_RandomReword_Equip_Level2_7","Item_Material_EquipExp_01","1","True","1667"
"Adventure_RandomReword_Equip_Level2_7_06","Adventure_RandomReword_Equip_Level2_7","Item_Material_SkillLvUp_Common","1","True","1667"
"Adventure_RandomReword_Equip_Level2_7_07","Adventure_RandomReword_Equip_Level2_7","Item_RandomBox_EquipBox_Level1","1","False","1555"
"Adventure_RandomReword_Equip_Level2_8_01","Adventure_RandomReword_Equip_Level2_8","Item_Material_EquipGradeUp_Jacket_01","1","True","3444"
"Adventure_RandomReword_Equip_Level2_8_04","Adventure_RandomReword_Equip_Level2_8","Item_Material_HeroExp_01","1","True","1667"
"Adventure_RandomReword_Equip_Level2_8_05","Adventure_RandomReword_Equip_Level2_8","Item_Material_EquipExp_01","1","True","1667"
"Adventure_RandomReword_Equip_Level2_8_06","Adventure_RandomReword_Equip_Level2_8","Item_Material_SkillLvUp_Common","1","True","1667"
"Adventure_RandomReword_Equip_Level2_8_07","Adventure_RandomReword_Equip_Level2_8","Item_RandomBox_EquipBox_Level1","1","False","1555"
"Adventure_RandomReword_Equip_Level2_9_01","Adventure_RandomReword_Equip_Level2_9","Item_Material_EquipGradeUp_Cape_01","1","True","3444"
"Adventure_RandomReword_Equip_Level2_9_04","Adventure_RandomReword_Equip_Level2_9","Item_Material_HeroExp_01","1","True","1667"
"Adventure_RandomReword_Equip_Level2_9_05","Adventure_RandomReword_Equip_Level2_9","Item_Material_EquipExp_01","1","True","1667"
"Adventure_RandomReword_Equip_Level2_9_06","Adventure_RandomReword_Equip_Level2_9","Item_Material_SkillLvUp_Common","1","True","1667"
"Adventure_RandomReword_Equip_Level2_9_07","Adventure_RandomReword_Equip_Level2_9","Item_RandomBox_EquipBox_Level1","1","False","1555"
"Adventure_RandomReword_Equip_Level2_10_01","Adventure_RandomReword_Equip_Level2_10","Item_Material_EquipGradeUp_Belt_01","1","True","3444"
"Adventure_RandomReword_Equip_Level2_10_04","Adventure_RandomReword_Equip_Level2_10","Item_Material_HeroExp_01","1","True","1667"
"Adventure_RandomReword_Equip_Level2_10_05","Adventure_RandomReword_Equip_Level2_10","Item_Material_EquipExp_01","1","True","1667"
"Adventure_RandomReword_Equip_Level2_10_06","Adventure_RandomReword_Equip_Level2_10","Item_Material_SkillLvUp_Common","1","True","1667"
"Adventure_RandomReword_Equip_Level2_10_07","Adventure_RandomReword_Equip_Level2_10","Item_RandomBox_EquipBox_Level1","1","False","1555"
"Adventure_RandomReword_Equip_Level2_11_02","Adventure_RandomReword_Equip_Level2_11","Item_Material_EquipGradeUp_Helmet_01","1","True","3444"
"Adventure_RandomReword_Equip_Level2_11_04","Adventure_RandomReword_Equip_Level2_11","Item_Material_HeroExp_01","1","True","1667"
"Adventure_RandomReword_Equip_Level2_11_05","Adventure_RandomReword_Equip_Level2_11","Item_Material_EquipExp_01","1","True","1667"
"Adventure_RandomReword_Equip_Level2_11_06","Adventure_RandomReword_Equip_Level2_11","Item_Material_SkillLvUp_Common","1","True","1667"
"Adventure_RandomReword_Equip_Level2_11_07","Adventure_RandomReword_Equip_Level2_11","Item_RandomBox_EquipBox_Level1","1","False","1555"
"Adventure_RandomReword_Equip_Level2_12_01","Adventure_RandomReword_Equip_Level2_12","Item_Material_EquipGradeUp_Necklace_01","1","True","3444"
"Adventure_RandomReword_Equip_Level2_12_04","Adventure_RandomReword_Equip_Level2_12","Item_Material_HeroExp_01","1","True","1667"
"Adventure_RandomReword_Equip_Level2_12_05","Adventure_RandomReword_Equip_Level2_12","Item_Material_EquipExp_01","1","True","1667"
"Adventure_RandomReword_Equip_Level2_12_06","Adventure_RandomReword_Equip_Level2_12","Item_Material_SkillLvUp_Common","1","True","1667"
"Adventure_RandomReword_Equip_Level2_12_07","Adventure_RandomReword_Equip_Level2_12","Item_RandomBox_EquipBox_Level1","1","False","1555"
"Adventure_RandomReword_Equip_Level2_13_01","Adventure_RandomReword_Equip_Level2_13","Item_Material_EquipGradeUp_Ring_01","1","True","3444"
"Adventure_RandomReword_Equip_Level2_13_04","Adventure_RandomReword_Equip_Level2_13","Item_Material_HeroExp_01","1","True","1667"
"Adventure_RandomReword_Equip_Level2_13_05","Adventure_RandomReword_Equip_Level2_13","Item_Material_EquipExp_01","1","True","1667"
"Adventure_RandomReword_Equip_Level2_13_06","Adventure_RandomReword_Equip_Level2_13","Item_Material_SkillLvUp_Common","1","True","1667"
"Adventure_RandomReword_Equip_Level2_13_07","Adventure_RandomReword_Equip_Level2_13","Item_RandomBox_EquipBox_Level1","1","False","1555"
"Adventure_RandomReword_Equip_Level2_14_02","Adventure_RandomReword_Equip_Level2_14","Item_Material_EquipGradeUp_Bracelet_01","1","True","3444"
"Adventure_RandomReword_Equip_Level2_14_04","Adventure_RandomReword_Equip_Level2_14","Item_Material_HeroExp_01","1","True","1667"
"Adventure_RandomReword_Equip_Level2_14_05","Adventure_RandomReword_Equip_Level2_14","Item_Material_EquipExp_01","1","True","1667"
"Adventure_RandomReword_Equip_Level2_14_06","Adventure_RandomReword_Equip_Level2_14","Item_Material_SkillLvUp_Common","1","True","1667"
"Adventure_RandomReword_Equip_Level2_14_07","Adventure_RandomReword_Equip_Level2_14","Item_RandomBox_EquipBox_Level1","1","False","1555"
"Adventure_RandomReword_Equip_Level2_15_01","Adventure_RandomReword_Equip_Level2_15","Item_Material_EquipGradeUp_HeadDress_01","1","True","3444"
"Adventure_RandomReword_Equip_Level2_15_04","Adventure_RandomReword_Equip_Level2_15","Item_Material_HeroExp_01","1","True","1667"
"Adventure_RandomReword_Equip_Level2_15_05","Adventure_RandomReword_Equip_Level2_15","Item_Material_EquipExp_01","1","True","1667"
"Adventure_RandomReword_Equip_Level2_15_06","Adventure_RandomReword_Equip_Level2_15","Item_Material_SkillLvUp_Common","1","True","1667"
"Adventure_RandomReword_Equip_Level2_15_07","Adventure_RandomReword_Equip_Level2_15","Item_RandomBox_EquipBox_Level1","1","False","1555"
"Adventure_RandomReword_Equip_Level3_1_01","Adventure_RandomReword_Equip_Level3_1","Item_Material_EquipGradeUp_Mace_02","1","True","3444"
"Adventure_RandomReword_Equip_Level3_1_04","Adventure_RandomReword_Equip_Level3_1","Item_Material_HeroExp_01","1","True","1667"
"Adventure_RandomReword_Equip_Level3_1_05","Adventure_RandomReword_Equip_Level3_1","Item_Material_EquipExp_01","1","True","1667"
"Adventure_RandomReword_Equip_Level3_1_06","Adventure_RandomReword_Equip_Level3_1","Item_Material_SkillLvUp_Common","1","True","1667"
"Adventure_RandomReword_Equip_Level3_1_07","Adventure_RandomReword_Equip_Level3_1","Item_RandomBox_EquipBox_Level2","1","False","1555"
"Adventure_RandomReword_Equip_Level3_2_02","Adventure_RandomReword_Equip_Level3_2","Item_Material_EquipGradeUp_Sword_02","1","True","3444"
"Adventure_RandomReword_Equip_Level3_2_04","Adventure_RandomReword_Equip_Level3_2","Item_Material_HeroExp_01","1","True","1667"
"Adventure_RandomReword_Equip_Level3_2_05","Adventure_RandomReword_Equip_Level3_2","Item_Material_EquipExp_01","1","True","1667"
"Adventure_RandomReword_Equip_Level3_2_06","Adventure_RandomReword_Equip_Level3_2","Item_Material_SkillLvUp_Common","1","True","1667"
"Adventure_RandomReword_Equip_Level3_2_07","Adventure_RandomReword_Equip_Level3_2","Item_RandomBox_EquipBox_Level2","1","False","1555"
"Adventure_RandomReword_Equip_Level3_3_01","Adventure_RandomReword_Equip_Level3_3","Item_Material_EquipGradeUp_Book_02","1","True","3444"
"Adventure_RandomReword_Equip_Level3_3_04","Adventure_RandomReword_Equip_Level3_3","Item_Material_HeroExp_01","1","True","1667"
"Adventure_RandomReword_Equip_Level3_3_05","Adventure_RandomReword_Equip_Level3_3","Item_Material_EquipExp_01","1","True","1667"
"Adventure_RandomReword_Equip_Level3_3_06","Adventure_RandomReword_Equip_Level3_3","Item_Material_SkillLvUp_Common","1","True","1667"
"Adventure_RandomReword_Equip_Level3_3_07","Adventure_RandomReword_Equip_Level3_3","Item_RandomBox_EquipBox_Level2","1","False","1555"
"Adventure_RandomReword_Equip_Level3_4_01","Adventure_RandomReword_Equip_Level3_4","Item_Material_EquipGradeUp_Staff_02","1","True","3444"
"Adventure_RandomReword_Equip_Level3_4_04","Adventure_RandomReword_Equip_Level3_4","Item_Material_HeroExp_01","1","True","1667"
"Adventure_RandomReword_Equip_Level3_4_05","Adventure_RandomReword_Equip_Level3_4","Item_Material_EquipExp_01","1","True","1667"
"Adventure_RandomReword_Equip_Level3_4_06","Adventure_RandomReword_Equip_Level3_4","Item_Material_SkillLvUp_Common","1","True","1667"
"Adventure_RandomReword_Equip_Level3_4_07","Adventure_RandomReword_Equip_Level3_4","Item_RandomBox_EquipBox_Level2","1","False","1555"
"Adventure_RandomReword_Equip_Level3_5_01","Adventure_RandomReword_Equip_Level3_5","Item_Material_EquipGradeUp_Ranged_02","1","True","3444"
"Adventure_RandomReword_Equip_Level3_5_04","Adventure_RandomReword_Equip_Level3_5","Item_Material_HeroExp_01","1","True","1667"
"Adventure_RandomReword_Equip_Level3_5_05","Adventure_RandomReword_Equip_Level3_5","Item_Material_EquipExp_01","1","True","1667"
"Adventure_RandomReword_Equip_Level3_5_06","Adventure_RandomReword_Equip_Level3_5","Item_Material_SkillLvUp_Common","1","True","1667"
"Adventure_RandomReword_Equip_Level3_5_07","Adventure_RandomReword_Equip_Level3_5","Item_RandomBox_EquipBox_Level2","1","False","1555"
"Adventure_RandomReword_Equip_Level3_6_01","Adventure_RandomReword_Equip_Level3_6","Item_Material_EquipGradeUp_ProtectGear_02","1","True","3444"
"Adventure_RandomReword_Equip_Level3_6_04","Adventure_RandomReword_Equip_Level3_6","Item_Material_HeroExp_01","1","True","1667"
"Adventure_RandomReword_Equip_Level3_6_05","Adventure_RandomReword_Equip_Level3_6","Item_Material_EquipExp_01","1","True","1667"
"Adventure_RandomReword_Equip_Level3_6_06","Adventure_RandomReword_Equip_Level3_6","Item_Material_SkillLvUp_Common","1","True","1667"
"Adventure_RandomReword_Equip_Level3_6_07","Adventure_RandomReword_Equip_Level3_6","Item_RandomBox_EquipBox_Level2","1","False","1555"
"Adventure_RandomReword_Equip_Level3_7_01","Adventure_RandomReword_Equip_Level3_7","Item_Material_EquipGradeUp_Coat_02","1","True","3444"
"Adventure_RandomReword_Equip_Level3_7_04","Adventure_RandomReword_Equip_Level3_7","Item_Material_HeroExp_01","1","True","1667"
"Adventure_RandomReword_Equip_Level3_7_05","Adventure_RandomReword_Equip_Level3_7","Item_Material_EquipExp_01","1","True","1667"
"Adventure_RandomReword_Equip_Level3_7_06","Adventure_RandomReword_Equip_Level3_7","Item_Material_SkillLvUp_Common","1","True","1667"
"Adventure_RandomReword_Equip_Level3_7_07","Adventure_RandomReword_Equip_Level3_7","Item_RandomBox_EquipBox_Level2","1","False","1555"
"Adventure_RandomReword_Equip_Level3_8_01","Adventure_RandomReword_Equip_Level3_8","Item_Material_EquipGradeUp_Jacket_02","1","True","3444"
"Adventure_RandomReword_Equip_Level3_8_04","Adventure_RandomReword_Equip_Level3_8","Item_Material_HeroExp_01","1","True","1667"
"Adventure_RandomReword_Equip_Level3_8_05","Adventure_RandomReword_Equip_Level3_8","Item_Material_EquipExp_01","1","True","1667"
"Adventure_RandomReword_Equip_Level3_8_06","Adventure_RandomReword_Equip_Level3_8","Item_Material_SkillLvUp_Common","1","True","1667"
"Adventure_RandomReword_Equip_Level3_8_07","Adventure_RandomReword_Equip_Level3_8","Item_RandomBox_EquipBox_Level2","1","False","1555"
"Adventure_RandomReword_Equip_Level3_9_01","Adventure_RandomReword_Equip_Level3_9","Item_Material_EquipGradeUp_Cape_02","1","True","3444"
"Adventure_RandomReword_Equip_Level3_9_04","Adventure_RandomReword_Equip_Level3_9","Item_Material_HeroExp_01","1","True","1667"
"Adventure_RandomReword_Equip_Level3_9_05","Adventure_RandomReword_Equip_Level3_9","Item_Material_EquipExp_01","1","True","1667"
"Adventure_RandomReword_Equip_Level3_9_06","Adventure_RandomReword_Equip_Level3_9","Item_Material_SkillLvUp_Common","1","True","1667"
"Adventure_RandomReword_Equip_Level3_9_07","Adventure_RandomReword_Equip_Level3_9","Item_RandomBox_EquipBox_Level2","1","False","1555"
"Adventure_RandomReword_Equip_Level3_10_02","Adventure_RandomReword_Equip_Level3_10","Item_Material_EquipGradeUp_Belt_02","1","True","3444"
"Adventure_RandomReword_Equip_Level3_10_04","Adventure_RandomReword_Equip_Level3_10","Item_Material_HeroExp_01","1","True","1667"
"Adventure_RandomReword_Equip_Level3_10_05","Adventure_RandomReword_Equip_Level3_10","Item_Material_EquipExp_01","1","True","1667"
"Adventure_RandomReword_Equip_Level3_10_06","Adventure_RandomReword_Equip_Level3_10","Item_Material_SkillLvUp_Common","1","True","1667"
"Adventure_RandomReword_Equip_Level3_10_07","Adventure_RandomReword_Equip_Level3_10","Item_RandomBox_EquipBox_Level2","1","False","1555"
"Adventure_RandomReword_Equip_Level3_11_02","Adventure_RandomReword_Equip_Level3_11","Item_Material_EquipGradeUp_Helmet_02","1","True","3444"
"Adventure_RandomReword_Equip_Level3_11_04","Adventure_RandomReword_Equip_Level3_11","Item_Material_HeroExp_01","1","True","1667"
"Adventure_RandomReword_Equip_Level3_11_05","Adventure_RandomReword_Equip_Level3_11","Item_Material_EquipExp_01","1","True","1667"
"Adventure_RandomReword_Equip_Level3_11_06","Adventure_RandomReword_Equip_Level3_11","Item_Material_SkillLvUp_Common","1","True","1667"
"Adventure_RandomReword_Equip_Level3_11_07","Adventure_RandomReword_Equip_Level3_11","Item_RandomBox_EquipBox_Level2","1","False","1555"
"Adventure_RandomReword_Equip_Level3_12_02","Adventure_RandomReword_Equip_Level3_12","Item_Material_EquipGradeUp_Necklace_02","1","True","3444"
"Adventure_RandomReword_Equip_Level3_12_04","Adventure_RandomReword_Equip_Level3_12","Item_Material_HeroExp_01","1","True","1667"
"Adventure_RandomReword_Equip_Level3_12_05","Adventure_RandomReword_Equip_Level3_12","Item_Material_EquipExp_01","1","True","1667"
"Adventure_RandomReword_Equip_Level3_12_06","Adventure_RandomReword_Equip_Level3_12","Item_Material_SkillLvUp_Common","1","True","1667"
"Adventure_RandomReword_Equip_Level3_12_07","Adventure_RandomReword_Equip_Level3_12","Item_RandomBox_EquipBox_Level2","1","False","1555"
"Adventure_RandomReword_Equip_Level3_13_01","Adventure_RandomReword_Equip_Level3_13","Item_Material_EquipGradeUp_Ring_02","1","True","3444"
"Adventure_RandomReword_Equip_Level3_13_04","Adventure_RandomReword_Equip_Level3_13","Item_Material_HeroExp_01","1","True","1667"
"Adventure_RandomReword_Equip_Level3_13_05","Adventure_RandomReword_Equip_Level3_13","Item_Material_EquipExp_01","1","True","1667"
"Adventure_RandomReword_Equip_Level3_13_06","Adventure_RandomReword_Equip_Level3_13","Item_Material_SkillLvUp_Common","1","True","1667"
"Adventure_RandomReword_Equip_Level3_13_07","Adventure_RandomReword_Equip_Level3_13","Item_RandomBox_EquipBox_Level2","1","False","1555"
"Adventure_RandomReword_Equip_Level3_14_01","Adventure_RandomReword_Equip_Level3_14","Item_Material_EquipGradeUp_Bracelet_02","1","True","3444"
"Adventure_RandomReword_Equip_Level3_14_04","Adventure_RandomReword_Equip_Level3_14","Item_Material_HeroExp_01","1","True","1667"
"Adventure_RandomReword_Equip_Level3_14_05","Adventure_RandomReword_Equip_Level3_14","Item_Material_EquipExp_01","1","True","1667"
"Adventure_RandomReword_Equip_Level3_14_06","Adventure_RandomReword_Equip_Level3_14","Item_Material_SkillLvUp_Common","1","True","1667"
"Adventure_RandomReword_Equip_Level3_14_07","Adventure_RandomReword_Equip_Level3_14","Item_RandomBox_EquipBox_Level2","1","False","1555"
"Adventure_RandomReword_Equip_Level3_15_01","Adventure_RandomReword_Equip_Level3_15","Item_Material_EquipGradeUp_HeadDress_02","1","True","3444"
"Adventure_RandomReword_Equip_Level3_15_04","Adventure_RandomReword_Equip_Level3_15","Item_Material_HeroExp_01","1","True","1667"
"Adventure_RandomReword_Equip_Level3_15_05","Adventure_RandomReword_Equip_Level3_15","Item_Material_EquipExp_01","1","True","1667"
"Adventure_RandomReword_Equip_Level3_15_06","Adventure_RandomReword_Equip_Level3_15","Item_Material_SkillLvUp_Common","1","True","1667"
"Adventure_RandomReword_Equip_Level3_15_07","Adventure_RandomReword_Equip_Level3_15","Item_RandomBox_EquipBox_Level2","1","False","1555"
"Adventure_RandomReword_Equip_Level4_1_02","Adventure_RandomReword_Equip_Level4_1","Item_Material_EquipGradeUp_Mace_03","1","True","3444"
"Adventure_RandomReword_Equip_Level4_1_04","Adventure_RandomReword_Equip_Level4_1","Item_Material_HeroExp_01","1","True","1667"
"Adventure_RandomReword_Equip_Level4_1_05","Adventure_RandomReword_Equip_Level4_1","Item_Material_EquipExp_01","1","True","1667"
"Adventure_RandomReword_Equip_Level4_1_06","Adventure_RandomReword_Equip_Level4_1","Item_Material_SkillLvUp_Common","1","True","1667"
"Adventure_RandomReword_Equip_Level4_1_07","Adventure_RandomReword_Equip_Level4_1","Item_RandomBox_EquipBox_Level3","1","False","1555"
"Adventure_RandomReword_Equip_Level4_2_01","Adventure_RandomReword_Equip_Level4_2","Item_Material_EquipGradeUp_Sword_03","1","True","3444"
"Adventure_RandomReword_Equip_Level4_2_04","Adventure_RandomReword_Equip_Level4_2","Item_Material_HeroExp_01","1","True","1667"
"Adventure_RandomReword_Equip_Level4_2_05","Adventure_RandomReword_Equip_Level4_2","Item_Material_EquipExp_01","1","True","1667"
"Adventure_RandomReword_Equip_Level4_2_06","Adventure_RandomReword_Equip_Level4_2","Item_Material_SkillLvUp_Common","1","True","1667"
"Adventure_RandomReword_Equip_Level4_2_07","Adventure_RandomReword_Equip_Level4_2","Item_RandomBox_EquipBox_Level3","1","False","1555"
"Adventure_RandomReword_Equip_Level4_3_02","Adventure_RandomReword_Equip_Level4_3","Item_Material_EquipGradeUp_Book_03","1","True","3444"
"Adventure_RandomReword_Equip_Level4_3_04","Adventure_RandomReword_Equip_Level4_3","Item_Material_HeroExp_01","1","True","1667"
"Adventure_RandomReword_Equip_Level4_3_05","Adventure_RandomReword_Equip_Level4_3","Item_Material_EquipExp_01","1","True","1667"
"Adventure_RandomReword_Equip_Level4_3_06","Adventure_RandomReword_Equip_Level4_3","Item_Material_SkillLvUp_Common","1","True","1667"
"Adventure_RandomReword_Equip_Level4_3_07","Adventure_RandomReword_Equip_Level4_3","Item_RandomBox_EquipBox_Level3","1","False","1555"
"Adventure_RandomReword_Equip_Level4_4_03","Adventure_RandomReword_Equip_Level4_4","Item_Material_EquipGradeUp_Staff_03","1","True","3444"
"Adventure_RandomReword_Equip_Level4_4_04","Adventure_RandomReword_Equip_Level4_4","Item_Material_HeroExp_01","1","True","1667"
"Adventure_RandomReword_Equip_Level4_4_05","Adventure_RandomReword_Equip_Level4_4","Item_Material_EquipExp_01","1","True","1667"
"Adventure_RandomReword_Equip_Level4_4_06","Adventure_RandomReword_Equip_Level4_4","Item_Material_SkillLvUp_Common","1","True","1667"
"Adventure_RandomReword_Equip_Level4_4_07","Adventure_RandomReword_Equip_Level4_4","Item_RandomBox_EquipBox_Level3","1","False","1555"
"Adventure_RandomReword_Equip_Level4_5_01","Adventure_RandomReword_Equip_Level4_5","Item_Material_EquipGradeUp_Ranged_03","1","True","3444"
"Adventure_RandomReword_Equip_Level4_5_04","Adventure_RandomReword_Equip_Level4_5","Item_Material_HeroExp_01","1","True","1667"
"Adventure_RandomReword_Equip_Level4_5_05","Adventure_RandomReword_Equip_Level4_5","Item_Material_EquipExp_01","1","True","1667"
"Adventure_RandomReword_Equip_Level4_5_06","Adventure_RandomReword_Equip_Level4_5","Item_Material_SkillLvUp_Common","1","True","1667"
"Adventure_RandomReword_Equip_Level4_5_07","Adventure_RandomReword_Equip_Level4_5","Item_RandomBox_EquipBox_Level3","1","False","1555"
"Adventure_RandomReword_Equip_Level4_6_03","Adventure_RandomReword_Equip_Level4_6","Item_Material_EquipGradeUp_ProtectGear_03","1","True","3444"
"Adventure_RandomReword_Equip_Level4_6_04","Adventure_RandomReword_Equip_Level4_6","Item_Material_HeroExp_01","1","True","1667"
"Adventure_RandomReword_Equip_Level4_6_05","Adventure_RandomReword_Equip_Level4_6","Item_Material_EquipExp_01","1","True","1667"
"Adventure_RandomReword_Equip_Level4_6_06","Adventure_RandomReword_Equip_Level4_6","Item_Material_SkillLvUp_Common","1","True","1667"
"Adventure_RandomReword_Equip_Level4_6_07","Adventure_RandomReword_Equip_Level4_6","Item_RandomBox_EquipBox_Level3","1","False","1555"
"Adventure_RandomReword_Equip_Level4_7_01","Adventure_RandomReword_Equip_Level4_7","Item_Material_EquipGradeUp_Coat_03","1","True","3444"
"Adventure_RandomReword_Equip_Level4_7_04","Adventure_RandomReword_Equip_Level4_7","Item_Material_HeroExp_01","1","True","1667"
"Adventure_RandomReword_Equip_Level4_7_05","Adventure_RandomReword_Equip_Level4_7","Item_Material_EquipExp_01","1","True","1667"
"Adventure_RandomReword_Equip_Level4_7_06","Adventure_RandomReword_Equip_Level4_7","Item_Material_SkillLvUp_Common","1","True","1667"
"Adventure_RandomReword_Equip_Level4_7_07","Adventure_RandomReword_Equip_Level4_7","Item_RandomBox_EquipBox_Level3","1","False","1555"
"Adventure_RandomReword_Equip_Level4_8_01","Adventure_RandomReword_Equip_Level4_8","Item_Material_EquipGradeUp_Jacket_03","1","True","3444"
"Adventure_RandomReword_Equip_Level4_8_04","Adventure_RandomReword_Equip_Level4_8","Item_Material_HeroExp_01","1","True","1667"
"Adventure_RandomReword_Equip_Level4_8_05","Adventure_RandomReword_Equip_Level4_8","Item_Material_EquipExp_01","1","True","1667"
"Adventure_RandomReword_Equip_Level4_8_06","Adventure_RandomReword_Equip_Level4_8","Item_Material_SkillLvUp_Common","1","True","1667"
"Adventure_RandomReword_Equip_Level4_8_07","Adventure_RandomReword_Equip_Level4_8","Item_RandomBox_EquipBox_Level3","1","False","1555"
"Adventure_RandomReword_Equip_Level4_9_03","Adventure_RandomReword_Equip_Level4_9","Item_Material_EquipGradeUp_Cape_03","1","True","3444"
"Adventure_RandomReword_Equip_Level4_9_04","Adventure_RandomReword_Equip_Level4_9","Item_Material_HeroExp_01","1","True","1667"
"Adventure_RandomReword_Equip_Level4_9_05","Adventure_RandomReword_Equip_Level4_9","Item_Material_EquipExp_01","1","True","1667"
"Adventure_RandomReword_Equip_Level4_9_06","Adventure_RandomReword_Equip_Level4_9","Item_Material_SkillLvUp_Common","1","True","1667"
"Adventure_RandomReword_Equip_Level4_9_07","Adventure_RandomReword_Equip_Level4_9","Item_RandomBox_EquipBox_Level3","1","False","1555"
"Adventure_RandomReword_Equip_Level4_10_01","Adventure_RandomReword_Equip_Level4_10","Item_Material_EquipGradeUp_Belt_03","1","True","3444"
"Adventure_RandomReword_Equip_Level4_10_04","Adventure_RandomReword_Equip_Level4_10","Item_Material_HeroExp_01","1","True","1667"
"Adventure_RandomReword_Equip_Level4_10_05","Adventure_RandomReword_Equip_Level4_10","Item_Material_EquipExp_01","1","True","1667"
"Adventure_RandomReword_Equip_Level4_10_06","Adventure_RandomReword_Equip_Level4_10","Item_Material_SkillLvUp_Common","1","True","1667"
"Adventure_RandomReword_Equip_Level4_10_07","Adventure_RandomReword_Equip_Level4_10","Item_RandomBox_EquipBox_Level3","1","False","1555"
"Adventure_RandomReword_Equip_Level4_11_01","Adventure_RandomReword_Equip_Level4_11","Item_Material_EquipGradeUp_Helmet_03","1","True","3444"
"Adventure_RandomReword_Equip_Level4_11_04","Adventure_RandomReword_Equip_Level4_11","Item_Material_HeroExp_01","1","True","1667"
"Adventure_RandomReword_Equip_Level4_11_05","Adventure_RandomReword_Equip_Level4_11","Item_Material_EquipExp_01","1","True","1667"
"Adventure_RandomReword_Equip_Level4_11_06","Adventure_RandomReword_Equip_Level4_11","Item_Material_SkillLvUp_Common","1","True","1667"
"Adventure_RandomReword_Equip_Level4_11_07","Adventure_RandomReword_Equip_Level4_11","Item_RandomBox_EquipBox_Level3","1","False","1555"
"Adventure_RandomReword_Equip_Level4_12_01","Adventure_RandomReword_Equip_Level4_12","Item_Material_EquipGradeUp_Necklace_03","1","True","3444"
"Adventure_RandomReword_Equip_Level4_12_04","Adventure_RandomReword_Equip_Level4_12","Item_Material_HeroExp_01","1","True","1667"
"Adventure_RandomReword_Equip_Level4_12_05","Adventure_RandomReword_Equip_Level4_12","Item_Material_EquipExp_01","1","True","1667"
"Adventure_RandomReword_Equip_Level4_12_06","Adventure_RandomReword_Equip_Level4_12","Item_Material_SkillLvUp_Common","1","True","1667"
"Adventure_RandomReword_Equip_Level4_12_07","Adventure_RandomReword_Equip_Level4_12","Item_RandomBox_EquipBox_Level3","1","False","1555"
"Adventure_RandomReword_Equip_Level4_13_01","Adventure_RandomReword_Equip_Level4_13","Item_Material_EquipGradeUp_Ring_03","1","True","3444"
"Adventure_RandomReword_Equip_Level4_13_04","Adventure_RandomReword_Equip_Level4_13","Item_Material_HeroExp_01","1","True","1667"
"Adventure_RandomReword_Equip_Level4_13_05","Adventure_RandomReword_Equip_Level4_13","Item_Material_EquipExp_01","1","True","1667"
"Adventure_RandomReword_Equip_Level4_13_06","Adventure_RandomReword_Equip_Level4_13","Item_Material_SkillLvUp_Common","1","True","1667"
"Adventure_RandomReword_Equip_Level4_13_07","Adventure_RandomReword_Equip_Level4_13","Item_RandomBox_EquipBox_Level3","1","False","1555"
"Adventure_RandomReword_Equip_Level4_14_01","Adventure_RandomReword_Equip_Level4_14","Item_Material_EquipGradeUp_Bracelet_03","1","True","3444"
"Adventure_RandomReword_Equip_Level4_14_04","Adventure_RandomReword_Equip_Level4_14","Item_Material_HeroExp_01","1","True","1667"
"Adventure_RandomReword_Equip_Level4_14_05","Adventure_RandomReword_Equip_Level4_14","Item_Material_EquipExp_01","1","True","1667"
"Adventure_RandomReword_Equip_Level4_14_06","Adventure_RandomReword_Equip_Level4_14","Item_Material_SkillLvUp_Common","1","True","1667"
"Adventure_RandomReword_Equip_Level4_14_07","Adventure_RandomReword_Equip_Level4_14","Item_RandomBox_EquipBox_Level3","1","False","1555"
"Adventure_RandomReword_Equip_Level4_15_01","Adventure_RandomReword_Equip_Level4_15","Item_Material_EquipGradeUp_HeadDress_03","1","True","3444"
"Adventure_RandomReword_Equip_Level4_15_04","Adventure_RandomReword_Equip_Level4_15","Item_Material_HeroExp_01","1","True","1667"
"Adventure_RandomReword_Equip_Level4_15_05","Adventure_RandomReword_Equip_Level4_15","Item_Material_EquipExp_01","1","True","1667"
"Adventure_RandomReword_Equip_Level4_15_06","Adventure_RandomReword_Equip_Level4_15","Item_Material_SkillLvUp_Common","1","True","1667"
"Adventure_RandomReword_Equip_Level4_15_07","Adventure_RandomReword_Equip_Level4_15","Item_RandomBox_EquipBox_Level3","1","False","1555"
"Adventure_RandomReword_Equip_Level5_1_01","Adventure_RandomReword_Equip_Level5_1","Item_Material_EquipGradeUp_Mace_04","1","True","3444"
"Adventure_RandomReword_Equip_Level5_1_04","Adventure_RandomReword_Equip_Level5_1","Item_Material_HeroExp_01","1","True","1667"
"Adventure_RandomReword_Equip_Level5_1_05","Adventure_RandomReword_Equip_Level5_1","Item_Material_EquipExp_01","1","True","1667"
"Adventure_RandomReword_Equip_Level5_1_06","Adventure_RandomReword_Equip_Level5_1","Item_Material_SkillLvUp_Common","1","True","1667"
"Adventure_RandomReword_Equip_Level5_1_07","Adventure_RandomReword_Equip_Level5_1","Item_RandomBox_EquipBox_Level4","1","False","1555"
"Adventure_RandomReword_Equip_Level5_2_03","Adventure_RandomReword_Equip_Level5_2","Item_Material_EquipGradeUp_Sword_04","1","True","3444"
"Adventure_RandomReword_Equip_Level5_2_04","Adventure_RandomReword_Equip_Level5_2","Item_Material_HeroExp_01","1","True","1667"
"Adventure_RandomReword_Equip_Level5_2_05","Adventure_RandomReword_Equip_Level5_2","Item_Material_EquipExp_01","1","True","1667"
"Adventure_RandomReword_Equip_Level5_2_06","Adventure_RandomReword_Equip_Level5_2","Item_Material_SkillLvUp_Common","1","True","1667"
"Adventure_RandomReword_Equip_Level5_2_07","Adventure_RandomReword_Equip_Level5_2","Item_RandomBox_EquipBox_Level4","1","False","1555"
"Adventure_RandomReword_Equip_Level5_3_02","Adventure_RandomReword_Equip_Level5_3","Item_Material_EquipGradeUp_Book_04","1","True","3444"
"Adventure_RandomReword_Equip_Level5_3_04","Adventure_RandomReword_Equip_Level5_3","Item_Material_HeroExp_01","1","True","1667"
"Adventure_RandomReword_Equip_Level5_3_05","Adventure_RandomReword_Equip_Level5_3","Item_Material_EquipExp_01","1","True","1667"
"Adventure_RandomReword_Equip_Level5_3_06","Adventure_RandomReword_Equip_Level5_3","Item_Material_SkillLvUp_Common","1","True","1667"
"Adventure_RandomReword_Equip_Level5_3_07","Adventure_RandomReword_Equip_Level5_3","Item_RandomBox_EquipBox_Level4","1","False","1555"
"Adventure_RandomReword_Equip_Level5_4_03","Adventure_RandomReword_Equip_Level5_4","Item_Material_EquipGradeUp_Staff_04","1","True","3444"
"Adventure_RandomReword_Equip_Level5_4_04","Adventure_RandomReword_Equip_Level5_4","Item_Material_HeroExp_01","1","True","1667"
"Adventure_RandomReword_Equip_Level5_4_05","Adventure_RandomReword_Equip_Level5_4","Item_Material_EquipExp_01","1","True","1667"
"Adventure_RandomReword_Equip_Level5_4_06","Adventure_RandomReword_Equip_Level5_4","Item_Material_SkillLvUp_Common","1","True","1667"
"Adventure_RandomReword_Equip_Level5_4_07","Adventure_RandomReword_Equip_Level5_4","Item_RandomBox_EquipBox_Level4","1","False","1555"
"Adventure_RandomReword_Equip_Level5_5_01","Adventure_RandomReword_Equip_Level5_5","Item_Material_EquipGradeUp_Ranged_04","1","True","3444"
"Adventure_RandomReword_Equip_Level5_5_04","Adventure_RandomReword_Equip_Level5_5","Item_Material_HeroExp_01","1","True","1667"
"Adventure_RandomReword_Equip_Level5_5_05","Adventure_RandomReword_Equip_Level5_5","Item_Material_EquipExp_01","1","True","1667"
"Adventure_RandomReword_Equip_Level5_5_06","Adventure_RandomReword_Equip_Level5_5","Item_Material_SkillLvUp_Common","1","True","1667"
"Adventure_RandomReword_Equip_Level5_5_07","Adventure_RandomReword_Equip_Level5_5","Item_RandomBox_EquipBox_Level4","1","False","1555"
"Adventure_RandomReword_Equip_Level5_6_03","Adventure_RandomReword_Equip_Level5_6","Item_Material_EquipGradeUp_ProtectGear_04","1","True","3444"
"Adventure_RandomReword_Equip_Level5_6_04","Adventure_RandomReword_Equip_Level5_6","Item_Material_HeroExp_01","1","True","1667"
"Adventure_RandomReword_Equip_Level5_6_05","Adventure_RandomReword_Equip_Level5_6","Item_Material_EquipExp_01","1","True","1667"
"Adventure_RandomReword_Equip_Level5_6_06","Adventure_RandomReword_Equip_Level5_6","Item_Material_SkillLvUp_Common","1","True","1667"
"Adventure_RandomReword_Equip_Level5_6_07","Adventure_RandomReword_Equip_Level5_6","Item_RandomBox_EquipBox_Level4","1","False","1555"
"Adventure_RandomReword_Equip_Level5_7_02","Adventure_RandomReword_Equip_Level5_7","Item_Material_EquipGradeUp_Coat_04","1","True","3444"
"Adventure_RandomReword_Equip_Level5_7_04","Adventure_RandomReword_Equip_Level5_7","Item_Material_HeroExp_01","1","True","1667"
"Adventure_RandomReword_Equip_Level5_7_05","Adventure_RandomReword_Equip_Level5_7","Item_Material_EquipExp_01","1","True","1667"
"Adventure_RandomReword_Equip_Level5_7_06","Adventure_RandomReword_Equip_Level5_7","Item_Material_SkillLvUp_Common","1","True","1667"
"Adventure_RandomReword_Equip_Level5_7_07","Adventure_RandomReword_Equip_Level5_7","Item_RandomBox_EquipBox_Level4","1","False","1555"
"Adventure_RandomReword_Equip_Level5_8_02","Adventure_RandomReword_Equip_Level5_8","Item_Material_EquipGradeUp_Jacket_04","1","True","3444"
"Adventure_RandomReword_Equip_Level5_8_04","Adventure_RandomReword_Equip_Level5_8","Item_Material_HeroExp_01","1","True","1667"
"Adventure_RandomReword_Equip_Level5_8_05","Adventure_RandomReword_Equip_Level5_8","Item_Material_EquipExp_01","1","True","1667"
"Adventure_RandomReword_Equip_Level5_8_06","Adventure_RandomReword_Equip_Level5_8","Item_Material_SkillLvUp_Common","1","True","1667"
"Adventure_RandomReword_Equip_Level5_8_07","Adventure_RandomReword_Equip_Level5_8","Item_RandomBox_EquipBox_Level4","1","False","1555"
"Adventure_RandomReword_Equip_Level5_9_01","Adventure_RandomReword_Equip_Level5_9","Item_Material_EquipGradeUp_Cape_04","1","True","3444"
"Adventure_RandomReword_Equip_Level5_9_04","Adventure_RandomReword_Equip_Level5_9","Item_Material_HeroExp_01","1","True","1667"
"Adventure_RandomReword_Equip_Level5_9_05","Adventure_RandomReword_Equip_Level5_9","Item_Material_EquipExp_01","1","True","1667"
"Adventure_RandomReword_Equip_Level5_9_06","Adventure_RandomReword_Equip_Level5_9","Item_Material_SkillLvUp_Common","1","True","1667"
"Adventure_RandomReword_Equip_Level5_9_07","Adventure_RandomReword_Equip_Level5_9","Item_RandomBox_EquipBox_Level4","1","False","1555"
"Adventure_RandomReword_Equip_Level5_10_01","Adventure_RandomReword_Equip_Level5_10","Item_Material_EquipGradeUp_Belt_04","1","True","3444"
"Adventure_RandomReword_Equip_Level5_10_04","Adventure_RandomReword_Equip_Level5_10","Item_Material_HeroExp_01","1","True","1667"
"Adventure_RandomReword_Equip_Level5_10_05","Adventure_RandomReword_Equip_Level5_10","Item_Material_EquipExp_01","1","True","1667"
"Adventure_RandomReword_Equip_Level5_10_06","Adventure_RandomReword_Equip_Level5_10","Item_Material_SkillLvUp_Common","1","True","1667"
"Adventure_RandomReword_Equip_Level5_10_07","Adventure_RandomReword_Equip_Level5_10","Item_RandomBox_EquipBox_Level4","1","False","1555"
"Adventure_RandomReword_Equip_Level5_11_01","Adventure_RandomReword_Equip_Level5_11","Item_Material_EquipGradeUp_Helmet_04","1","True","3444"
"Adventure_RandomReword_Equip_Level5_11_04","Adventure_RandomReword_Equip_Level5_11","Item_Material_HeroExp_01","1","True","1667"
"Adventure_RandomReword_Equip_Level5_11_05","Adventure_RandomReword_Equip_Level5_11","Item_Material_EquipExp_01","1","True","1667"
"Adventure_RandomReword_Equip_Level5_11_06","Adventure_RandomReword_Equip_Level5_11","Item_Material_SkillLvUp_Common","1","True","1667"
"Adventure_RandomReword_Equip_Level5_11_07","Adventure_RandomReword_Equip_Level5_11","Item_RandomBox_EquipBox_Level4","1","False","1555"
"Adventure_RandomReword_Equip_Level5_12_01","Adventure_RandomReword_Equip_Level5_12","Item_Material_EquipGradeUp_Necklace_04","1","True","3444"
"Adventure_RandomReword_Equip_Level5_12_04","Adventure_RandomReword_Equip_Level5_12","Item_Material_HeroExp_01","1","True","1667"
"Adventure_RandomReword_Equip_Level5_12_05","Adventure_RandomReword_Equip_Level5_12","Item_Material_EquipExp_01","1","True","1667"
"Adventure_RandomReword_Equip_Level5_12_06","Adventure_RandomReword_Equip_Level5_12","Item_Material_SkillLvUp_Common","1","True","1667"
"Adventure_RandomReword_Equip_Level5_12_07","Adventure_RandomReword_Equip_Level5_12","Item_RandomBox_EquipBox_Level4","1","False","1555"
"Adventure_RandomReword_Equip_Level5_13_01","Adventure_RandomReword_Equip_Level5_13","Item_Material_EquipGradeUp_Ring_04","1","True","3444"
"Adventure_RandomReword_Equip_Level5_13_04","Adventure_RandomReword_Equip_Level5_13","Item_Material_HeroExp_01","1","True","1667"
"Adventure_RandomReword_Equip_Level5_13_05","Adventure_RandomReword_Equip_Level5_13","Item_Material_EquipExp_01","1","True","1667"
"Adventure_RandomReword_Equip_Level5_13_06","Adventure_RandomReword_Equip_Level5_13","Item_Material_SkillLvUp_Common","1","True","1667"
"Adventure_RandomReword_Equip_Level5_13_07","Adventure_RandomReword_Equip_Level5_13","Item_RandomBox_EquipBox_Level4","1","False","1555"
"Adventure_RandomReword_Equip_Level5_14_01","Adventure_RandomReword_Equip_Level5_14","Item_Material_EquipGradeUp_Bracelet_04","1","True","3444"
"Adventure_RandomReword_Equip_Level5_14_04","Adventure_RandomReword_Equip_Level5_14","Item_Material_HeroExp_01","1","True","1667"
"Adventure_RandomReword_Equip_Level5_14_05","Adventure_RandomReword_Equip_Level5_14","Item_Material_EquipExp_01","1","True","1667"
"Adventure_RandomReword_Equip_Level5_14_06","Adventure_RandomReword_Equip_Level5_14","Item_Material_SkillLvUp_Common","1","True","1667"
"Adventure_RandomReword_Equip_Level5_14_07","Adventure_RandomReword_Equip_Level5_14","Item_RandomBox_EquipBox_Level4","1","False","1555"
"Adventure_RandomReword_Equip_Level5_15_01","Adventure_RandomReword_Equip_Level5_15","Item_Material_EquipGradeUp_HeadDress_04","1","True","3444"
"Adventure_RandomReword_Equip_Level5_15_04","Adventure_RandomReword_Equip_Level5_15","Item_Material_HeroExp_01","1","True","1667"
"Adventure_RandomReword_Equip_Level5_15_05","Adventure_RandomReword_Equip_Level5_15","Item_Material_EquipExp_01","1","True","1667"
"Adventure_RandomReword_Equip_Level5_15_06","Adventure_RandomReword_Equip_Level5_15","Item_Material_SkillLvUp_Common","1","True","1667"
"Adventure_RandomReword_Equip_Level5_15_07","Adventure_RandomReword_Equip_Level5_15","Item_RandomBox_EquipBox_Level4","1","False","1555"
"Adventure_RandomReword_Equip_Level6_1_01","Adventure_RandomReword_Equip_Level6_1","Item_Material_EquipGradeUp_Mace_05","1","True","3444"
"Adventure_RandomReword_Equip_Level6_1_02","Adventure_RandomReword_Equip_Level6_1","Item_Material_HeroExp_01","1","True","1667"
"Adventure_RandomReword_Equip_Level6_1_03","Adventure_RandomReword_Equip_Level6_1","Item_Material_EquipExp_01","1","True","1667"
"Adventure_RandomReword_Equip_Level6_1_04","Adventure_RandomReword_Equip_Level6_1","Item_Material_SkillLvUp_Common","1","True","1667"
"Adventure_RandomReword_Equip_Level6_1_05","Adventure_RandomReword_Equip_Level6_1","Item_RandomBox_EquipBox_Level5","1","False","1555"
"Adventure_RandomReword_Equip_Level6_2_01","Adventure_RandomReword_Equip_Level6_2","Item_Material_EquipGradeUp_Mace_05","1","True","3444"
"Adventure_RandomReword_Equip_Level6_2_02","Adventure_RandomReword_Equip_Level6_2","Item_Material_HeroExp_01","1","True","1667"
"Adventure_RandomReword_Equip_Level6_2_03","Adventure_RandomReword_Equip_Level6_2","Item_Material_EquipExp_01","1","True","1667"
"Adventure_RandomReword_Equip_Level6_2_04","Adventure_RandomReword_Equip_Level6_2","Item_Material_SkillLvUp_Common","1","True","1667"
"Adventure_RandomReword_Equip_Level6_2_05","Adventure_RandomReword_Equip_Level6_2","Item_RandomBox_EquipBox_Level5","1","False","1555"
"Adventure_RandomReword_Equip_Level6_3_01","Adventure_RandomReword_Equip_Level6_3","Item_Material_EquipGradeUp_Sword_05","1","True","3444"
"Adventure_RandomReword_Equip_Level6_3_02","Adventure_RandomReword_Equip_Level6_3","Item_Material_HeroExp_01","1","True","1667"
"Adventure_RandomReword_Equip_Level6_3_03","Adventure_RandomReword_Equip_Level6_3","Item_Material_EquipExp_01","1","True","1667"
"Adventure_RandomReword_Equip_Level6_3_04","Adventure_RandomReword_Equip_Level6_3","Item_Material_SkillLvUp_Common","1","True","1667"
"Adventure_RandomReword_Equip_Level6_3_05","Adventure_RandomReword_Equip_Level6_3","Item_RandomBox_EquipBox_Level5","1","False","1555"
"Adventure_RandomReword_Equip_Level6_4_01","Adventure_RandomReword_Equip_Level6_4","Item_Material_EquipGradeUp_Sword_05","1","True","3444"
"Adventure_RandomReword_Equip_Level6_4_02","Adventure_RandomReword_Equip_Level6_4","Item_Material_HeroExp_01","1","True","1667"
"Adventure_RandomReword_Equip_Level6_4_03","Adventure_RandomReword_Equip_Level6_4","Item_Material_EquipExp_01","1","True","1667"
"Adventure_RandomReword_Equip_Level6_4_04","Adventure_RandomReword_Equip_Level6_4","Item_Material_SkillLvUp_Common","1","True","1667"
"Adventure_RandomReword_Equip_Level6_4_05","Adventure_RandomReword_Equip_Level6_4","Item_RandomBox_EquipBox_Level5","1","False","1555"
"Adventure_RandomReword_Equip_Level6_5_01","Adventure_RandomReword_Equip_Level6_5","Item_Material_EquipGradeUp_Book_05","1","True","3444"
"Adventure_RandomReword_Equip_Level6_5_02","Adventure_RandomReword_Equip_Level6_5","Item_Material_HeroExp_01","1","True","1667"
"Adventure_RandomReword_Equip_Level6_5_03","Adventure_RandomReword_Equip_Level6_5","Item_Material_EquipExp_01","1","True","1667"
"Adventure_RandomReword_Equip_Level6_5_04","Adventure_RandomReword_Equip_Level6_5","Item_Material_SkillLvUp_Common","1","True","1667"
"Adventure_RandomReword_Equip_Level6_5_05","Adventure_RandomReword_Equip_Level6_5","Item_RandomBox_EquipBox_Level5","1","False","1555"
"Adventure_RandomReword_Equip_Level6_6_1","Adventure_RandomReword_Equip_Level6_6","Item_Material_EquipGradeUp_Book_05","1","True","3444"
"Adventure_RandomReword_Equip_Level6_6_2","Adventure_RandomReword_Equip_Level6_6","Item_Material_HeroExp_01","1","True","1667"
"Adventure_RandomReword_Equip_Level6_6_3","Adventure_RandomReword_Equip_Level6_6","Item_Material_EquipExp_01","1","True","1667"
"Adventure_RandomReword_Equip_Level6_6_4","Adventure_RandomReword_Equip_Level6_6","Item_Material_SkillLvUp_Common","1","True","1667"
"Adventure_RandomReword_Equip_Level6_6_5","Adventure_RandomReword_Equip_Level6_6","Item_RandomBox_EquipBox_Level5","1","False","1555"
"Adventure_RandomReword_Equip_Level6_7_01","Adventure_RandomReword_Equip_Level6_7","Item_Material_EquipGradeUp_Staff_05","1","True","3444"
"Adventure_RandomReword_Equip_Level6_7_02","Adventure_RandomReword_Equip_Level6_7","Item_Material_HeroExp_01","1","True","1667"
"Adventure_RandomReword_Equip_Level6_7_03","Adventure_RandomReword_Equip_Level6_7","Item_Material_EquipExp_01","1","True","1667"
"Adventure_RandomReword_Equip_Level6_7_04","Adventure_RandomReword_Equip_Level6_7","Item_Material_SkillLvUp_Common","1","True","1667"
"Adventure_RandomReword_Equip_Level6_7_05","Adventure_RandomReword_Equip_Level6_7","Item_RandomBox_EquipBox_Level5","1","False","1555"
"Adventure_RandomReword_Equip_Level6_8_01","Adventure_RandomReword_Equip_Level6_8","Item_Material_EquipGradeUp_Staff_05","1","True","3444"
"Adventure_RandomReword_Equip_Level6_8_02","Adventure_RandomReword_Equip_Level6_8","Item_Material_HeroExp_01","1","True","1667"
"Adventure_RandomReword_Equip_Level6_8_03","Adventure_RandomReword_Equip_Level6_8","Item_Material_EquipExp_01","1","True","1667"
"Adventure_RandomReword_Equip_Level6_8_04","Adventure_RandomReword_Equip_Level6_8","Item_Material_SkillLvUp_Common","1","True","1667"
"Adventure_RandomReword_Equip_Level6_8_05","Adventure_RandomReword_Equip_Level6_8","Item_RandomBox_EquipBox_Level5","1","False","1555"
"Adventure_RandomReword_Equip_Level6_9_01","Adventure_RandomReword_Equip_Level6_9","Item_Material_EquipGradeUp_Ranged_05","1","True","3444"
"Adventure_RandomReword_Equip_Level6_9_02","Adventure_RandomReword_Equip_Level6_9","Item_Material_HeroExp_01","1","True","1667"
"Adventure_RandomReword_Equip_Level6_9_03","Adventure_RandomReword_Equip_Level6_9","Item_Material_EquipExp_01","1","True","1667"
"Adventure_RandomReword_Equip_Level6_9_04","Adventure_RandomReword_Equip_Level6_9","Item_Material_SkillLvUp_Common","1","True","1667"
"Adventure_RandomReword_Equip_Level6_9_05","Adventure_RandomReword_Equip_Level6_9","Item_RandomBox_EquipBox_Level5","1","False","1555"
"Adventure_RandomReword_Equip_Level6_10_01","Adventure_RandomReword_Equip_Level6_10","Item_Material_EquipGradeUp_Ranged_05","1","True","3444"
"Adventure_RandomReword_Equip_Level6_10_02","Adventure_RandomReword_Equip_Level6_10","Item_Material_HeroExp_01","1","True","1667"
"Adventure_RandomReword_Equip_Level6_10_03","Adventure_RandomReword_Equip_Level6_10","Item_Material_EquipExp_01","1","True","1667"
"Adventure_RandomReword_Equip_Level6_10_04","Adventure_RandomReword_Equip_Level6_10","Item_Material_SkillLvUp_Common","1","True","1667"
"Adventure_RandomReword_Equip_Level6_10_05","Adventure_RandomReword_Equip_Level6_10","Item_RandomBox_EquipBox_Level5","1","False","1555"
"Adventure_RandomReword_Equip_Level6_11_01","Adventure_RandomReword_Equip_Level6_11","Item_Material_EquipGradeUp_ProtectGear_05","1","True","3444"
"Adventure_RandomReword_Equip_Level6_11_02","Adventure_RandomReword_Equip_Level6_11","Item_Material_HeroExp_01","1","True","1667"
"Adventure_RandomReword_Equip_Level6_11_03","Adventure_RandomReword_Equip_Level6_11","Item_Material_EquipExp_01","1","True","1667"
"Adventure_RandomReword_Equip_Level6_11_04","Adventure_RandomReword_Equip_Level6_11","Item_Material_SkillLvUp_Common","1","True","1667"
"Adventure_RandomReword_Equip_Level6_11_05","Adventure_RandomReword_Equip_Level6_11","Item_RandomBox_EquipBox_Level5","1","False","1555"
"Adventure_RandomReword_Equip_Level6_12_01","Adventure_RandomReword_Equip_Level6_12","Item_Material_EquipGradeUp_ProtectGear_05","1","True","3444"
"Adventure_RandomReword_Equip_Level6_12_02","Adventure_RandomReword_Equip_Level6_12","Item_Material_HeroExp_01","1","True","1667"
"Adventure_RandomReword_Equip_Level6_12_03","Adventure_RandomReword_Equip_Level6_12","Item_Material_EquipExp_01","1","True","1667"
"Adventure_RandomReword_Equip_Level6_12_04","Adventure_RandomReword_Equip_Level6_12","Item_Material_SkillLvUp_Common","1","True","1667"
"Adventure_RandomReword_Equip_Level6_12_05","Adventure_RandomReword_Equip_Level6_12","Item_RandomBox_EquipBox_Level5","1","False","1555"
"Adventure_RandomReword_Equip_Level6_13_01","Adventure_RandomReword_Equip_Level6_13","Item_Material_EquipGradeUp_Coat_05","1","True","3444"
"Adventure_RandomReword_Equip_Level6_13_02","Adventure_RandomReword_Equip_Level6_13","Item_Material_HeroExp_01","1","True","1667"
"Adventure_RandomReword_Equip_Level6_13_03","Adventure_RandomReword_Equip_Level6_13","Item_Material_EquipExp_01","1","True","1667"
"Adventure_RandomReword_Equip_Level6_13_04","Adventure_RandomReword_Equip_Level6_13","Item_Material_SkillLvUp_Common","1","True","1667"
"Adventure_RandomReword_Equip_Level6_13_05","Adventure_RandomReword_Equip_Level6_13","Item_RandomBox_EquipBox_Level5","1","False","1555"
"Adventure_RandomReword_Equip_Level6_14_01","Adventure_RandomReword_Equip_Level6_14","Item_Material_EquipGradeUp_Coat_05","1","True","3444"
"Adventure_RandomReword_Equip_Level6_14_02","Adventure_RandomReword_Equip_Level6_14","Item_Material_HeroExp_01","1","True","1667"
"Adventure_RandomReword_Equip_Level6_14_03","Adventure_RandomReword_Equip_Level6_14","Item_Material_EquipExp_01","1","True","1667"
"Adventure_RandomReword_Equip_Level6_14_04","Adventure_RandomReword_Equip_Level6_14","Item_Material_SkillLvUp_Common","1","True","1667"
"Adventure_RandomReword_Equip_Level6_14_05","Adventure_RandomReword_Equip_Level6_14","Item_RandomBox_EquipBox_Level5","1","False","1555"
"Adventure_RandomReword_Equip_Level6_15_01","Adventure_RandomReword_Equip_Level6_15","Item_Material_EquipGradeUp_Jacket_05","1","True","3444"
"Adventure_RandomReword_Equip_Level6_15_02","Adventure_RandomReword_Equip_Level6_15","Item_Material_HeroExp_01","1","True","1667"
"Adventure_RandomReword_Equip_Level6_15_03","Adventure_RandomReword_Equip_Level6_15","Item_Material_EquipExp_01","1","True","1667"
"Adventure_RandomReword_Equip_Level6_15_04","Adventure_RandomReword_Equip_Level6_15","Item_Material_SkillLvUp_Common","1","True","1667"
"Adventure_RandomReword_Equip_Level6_15_05","Adventure_RandomReword_Equip_Level6_15","Item_RandomBox_EquipBox_Level5","1","False","1555"
"Adventure_RandomReword_Equip_Level6_16_01","Adventure_RandomReword_Equip_Level6_16","Item_Material_EquipGradeUp_Jacket_05","1","True","3444"
"Adventure_RandomReword_Equip_Level6_16_02","Adventure_RandomReword_Equip_Level6_16","Item_Material_HeroExp_01","1","True","1667"
"Adventure_RandomReword_Equip_Level6_16_03","Adventure_RandomReword_Equip_Level6_16","Item_Material_EquipExp_01","1","True","1667"
"Adventure_RandomReword_Equip_Level6_16_04","Adventure_RandomReword_Equip_Level6_16","Item_Material_SkillLvUp_Common","1","True","1667"
"Adventure_RandomReword_Equip_Level6_16_05","Adventure_RandomReword_Equip_Level6_16","Item_RandomBox_EquipBox_Level5","1","False","1555"
"Adventure_RandomReword_Equip_Level6_17_01","Adventure_RandomReword_Equip_Level6_17","Item_Material_EquipGradeUp_Cape_05","1","True","3444"
"Adventure_RandomReword_Equip_Level6_17_02","Adventure_RandomReword_Equip_Level6_17","Item_Material_HeroExp_01","1","True","1667"
"Adventure_RandomReword_Equip_Level6_17_03","Adventure_RandomReword_Equip_Level6_17","Item_Material_EquipExp_01","1","True","1667"
"Adventure_RandomReword_Equip_Level6_17_04","Adventure_RandomReword_Equip_Level6_17","Item_Material_SkillLvUp_Common","1","True","1667"
"Adventure_RandomReword_Equip_Level6_17_05","Adventure_RandomReword_Equip_Level6_17","Item_RandomBox_EquipBox_Level5","1","False","1555"
"Adventure_RandomReword_Equip_Level6_18_01","Adventure_RandomReword_Equip_Level6_18","Item_Material_EquipGradeUp_Cape_05","1","True","3444"
"Adventure_RandomReword_Equip_Level6_18_02","Adventure_RandomReword_Equip_Level6_18","Item_Material_HeroExp_01","1","True","1667"
"Adventure_RandomReword_Equip_Level6_18_03","Adventure_RandomReword_Equip_Level6_18","Item_Material_EquipExp_01","1","True","1667"
"Adventure_RandomReword_Equip_Level6_18_04","Adventure_RandomReword_Equip_Level6_18","Item_Material_SkillLvUp_Common","1","True","1667"
"Adventure_RandomReword_Equip_Level6_18_05","Adventure_RandomReword_Equip_Level6_18","Item_RandomBox_EquipBox_Level5","1","False","1555"
"Adventure_RandomReword_Equip_Level6_19_01","Adventure_RandomReword_Equip_Level6_19","Item_Material_EquipGradeUp_Belt_05","1","True","3444"
"Adventure_RandomReword_Equip_Level6_19_02","Adventure_RandomReword_Equip_Level6_19","Item_Material_HeroExp_01","1","True","1667"
"Adventure_RandomReword_Equip_Level6_19_03","Adventure_RandomReword_Equip_Level6_19","Item_Material_EquipExp_01","1","True","1667"
"Adventure_RandomReword_Equip_Level6_19_04","Adventure_RandomReword_Equip_Level6_19","Item_Material_SkillLvUp_Common","1","True","1667"
"Adventure_RandomReword_Equip_Level6_19_05","Adventure_RandomReword_Equip_Level6_19","Item_RandomBox_EquipBox_Level5","1","False","1555"
"Adventure_RandomReword_Equip_Level6_20_01","Adventure_RandomReword_Equip_Level6_20","Item_Material_EquipGradeUp_Belt_05","1","True","3444"
"Adventure_RandomReword_Equip_Level6_20_02","Adventure_RandomReword_Equip_Level6_20","Item_Material_HeroExp_01","1","True","1667"
"Adventure_RandomReword_Equip_Level6_20_03","Adventure_RandomReword_Equip_Level6_20","Item_Material_EquipExp_01","1","True","1667"
"Adventure_RandomReword_Equip_Level6_20_04","Adventure_RandomReword_Equip_Level6_20","Item_Material_SkillLvUp_Common","1","True","1667"
"Adventure_RandomReword_Equip_Level6_20_05","Adventure_RandomReword_Equip_Level6_20","Item_RandomBox_EquipBox_Level5","1","False","1555"
"Adventure_RandomReword_Equip_Level6_21_01","Adventure_RandomReword_Equip_Level6_21","Item_Material_EquipGradeUp_Helmet_05","1","True","3444"
"Adventure_RandomReword_Equip_Level6_21_02","Adventure_RandomReword_Equip_Level6_21","Item_Material_HeroExp_01","1","True","1667"
"Adventure_RandomReword_Equip_Level6_21_03","Adventure_RandomReword_Equip_Level6_21","Item_Material_EquipExp_01","1","True","1667"
"Adventure_RandomReword_Equip_Level6_21_04","Adventure_RandomReword_Equip_Level6_21","Item_Material_SkillLvUp_Common","1","True","1667"
"Adventure_RandomReword_Equip_Level6_21_05","Adventure_RandomReword_Equip_Level6_21","Item_RandomBox_EquipBox_Level5","1","False","1555"
"Adventure_RandomReword_Equip_Level6_22_01","Adventure_RandomReword_Equip_Level6_22","Item_Material_EquipGradeUp_Helmet_05","1","True","3444"
"Adventure_RandomReword_Equip_Level6_22_02","Adventure_RandomReword_Equip_Level6_22","Item_Material_HeroExp_01","1","True","1667"
"Adventure_RandomReword_Equip_Level6_22_03","Adventure_RandomReword_Equip_Level6_22","Item_Material_EquipExp_01","1","True","1667"
"Adventure_RandomReword_Equip_Level6_22_04","Adventure_RandomReword_Equip_Level6_22","Item_Material_SkillLvUp_Common","1","True","1667"
"Adventure_RandomReword_Equip_Level6_22_05","Adventure_RandomReword_Equip_Level6_22","Item_RandomBox_EquipBox_Level5","1","False","1555"
"Adventure_RandomReword_Equip_Level6_23_01","Adventure_RandomReword_Equip_Level6_23","Item_Material_EquipGradeUp_Necklace_05","1","True","3444"
"Adventure_RandomReword_Equip_Level6_23_02","Adventure_RandomReword_Equip_Level6_23","Item_Material_HeroExp_01","1","True","1667"
"Adventure_RandomReword_Equip_Level6_23_03","Adventure_RandomReword_Equip_Level6_23","Item_Material_EquipExp_01","1","True","1667"
"Adventure_RandomReword_Equip_Level6_23_04","Adventure_RandomReword_Equip_Level6_23","Item_Material_SkillLvUp_Common","1","True","1667"
"Adventure_RandomReword_Equip_Level6_23_05","Adventure_RandomReword_Equip_Level6_23","Item_RandomBox_EquipBox_Level5","1","False","1555"
"Adventure_RandomReword_Equip_Level6_24_01","Adventure_RandomReword_Equip_Level6_24","Item_Material_EquipGradeUp_Necklace_05","1","True","3444"
"Adventure_RandomReword_Equip_Level6_24_02","Adventure_RandomReword_Equip_Level6_24","Item_Material_HeroExp_01","1","True","1667"
"Adventure_RandomReword_Equip_Level6_24_03","Adventure_RandomReword_Equip_Level6_24","Item_Material_EquipExp_01","1","True","1667"
"Adventure_RandomReword_Equip_Level6_24_04","Adventure_RandomReword_Equip_Level6_24","Item_Material_SkillLvUp_Common","1","True","1667"
"Adventure_RandomReword_Equip_Level6_24_05","Adventure_RandomReword_Equip_Level6_24","Item_RandomBox_EquipBox_Level5","1","False","1555"
"Adventure_RandomReword_Equip_Level6_25_01","Adventure_RandomReword_Equip_Level6_25","Item_Material_EquipGradeUp_Ring_05","1","True","3444"
"Adventure_RandomReword_Equip_Level6_25_02","Adventure_RandomReword_Equip_Level6_25","Item_Material_HeroExp_01","1","True","1667"
"Adventure_RandomReword_Equip_Level6_25_03","Adventure_RandomReword_Equip_Level6_25","Item_Material_EquipExp_01","1","True","1667"
"Adventure_RandomReword_Equip_Level6_25_04","Adventure_RandomReword_Equip_Level6_25","Item_Material_SkillLvUp_Common","1","True","1667"
"Adventure_RandomReword_Equip_Level6_25_05","Adventure_RandomReword_Equip_Level6_25","Item_RandomBox_EquipBox_Level5","1","False","1555"
"Adventure_RandomReword_Equip_Level6_26_01","Adventure_RandomReword_Equip_Level6_26","Item_Material_EquipGradeUp_Ring_05","1","True","3444"
"Adventure_RandomReword_Equip_Level6_26_02","Adventure_RandomReword_Equip_Level6_26","Item_Material_HeroExp_01","1","True","1667"
"Adventure_RandomReword_Equip_Level6_26_03","Adventure_RandomReword_Equip_Level6_26","Item_Material_EquipExp_01","1","True","1667"
"Adventure_RandomReword_Equip_Level6_26_04","Adventure_RandomReword_Equip_Level6_26","Item_Material_SkillLvUp_Common","1","True","1667"
"Adventure_RandomReword_Equip_Level6_26_05","Adventure_RandomReword_Equip_Level6_26","Item_RandomBox_EquipBox_Level5","1","False","1555"
"Adventure_RandomReword_Equip_Level6_27_01","Adventure_RandomReword_Equip_Level6_27","Item_Material_EquipGradeUp_Bracelet_05","1","True","3444"
"Adventure_RandomReword_Equip_Level6_27_02","Adventure_RandomReword_Equip_Level6_27","Item_Material_HeroExp_01","1","True","1667"
"Adventure_RandomReword_Equip_Level6_27_03","Adventure_RandomReword_Equip_Level6_27","Item_Material_EquipExp_01","1","True","1667"
"Adventure_RandomReword_Equip_Level6_27_04","Adventure_RandomReword_Equip_Level6_27","Item_Material_SkillLvUp_Common","1","True","1667"
"Adventure_RandomReword_Equip_Level6_27_05","Adventure_RandomReword_Equip_Level6_27","Item_RandomBox_EquipBox_Level5","1","False","1555"
"Adventure_RandomReword_Equip_Level6_28_01","Adventure_RandomReword_Equip_Level6_28","Item_Material_EquipGradeUp_Bracelet_05","1","True","3444"
"Adventure_RandomReword_Equip_Level6_28_02","Adventure_RandomReword_Equip_Level6_28","Item_Material_HeroExp_01","1","True","1667"
"Adventure_RandomReword_Equip_Level6_28_03","Adventure_RandomReword_Equip_Level6_28","Item_Material_EquipExp_01","1","True","1667"
"Adventure_RandomReword_Equip_Level6_28_04","Adventure_RandomReword_Equip_Level6_28","Item_Material_SkillLvUp_Common","1","True","1667"
"Adventure_RandomReword_Equip_Level6_28_05","Adventure_RandomReword_Equip_Level6_28","Item_RandomBox_EquipBox_Level5","1","False","1555"
"Adventure_RandomReword_Equip_Level6_29_01","Adventure_RandomReword_Equip_Level6_29","Item_Material_EquipGradeUp_HeadDress_05","1","True","3444"
"Adventure_RandomReword_Equip_Level6_29_02","Adventure_RandomReword_Equip_Level6_29","Item_Material_HeroExp_01","1","True","1667"
"Adventure_RandomReword_Equip_Level6_29_03","Adventure_RandomReword_Equip_Level6_29","Item_Material_EquipExp_01","1","True","1667"
"Adventure_RandomReword_Equip_Level6_29_04","Adventure_RandomReword_Equip_Level6_29","Item_Material_SkillLvUp_Common","1","True","1667"
"Adventure_RandomReword_Equip_Level6_29_05","Adventure_RandomReword_Equip_Level6_29","Item_RandomBox_EquipBox_Level5","1","False","1555"
"Adventure_RandomReword_Equip_Level6_30_01","Adventure_RandomReword_Equip_Level6_30","Item_Material_EquipGradeUp_HeadDress_05","1","True","3444"
"Adventure_RandomReword_Equip_Level6_30_02","Adventure_RandomReword_Equip_Level6_30","Item_Material_HeroExp_01","1","True","1667"
"Adventure_RandomReword_Equip_Level6_30_03","Adventure_RandomReword_Equip_Level6_30","Item_Material_EquipExp_01","1","True","1667"
"Adventure_RandomReword_Equip_Level6_30_04","Adventure_RandomReword_Equip_Level6_30","Item_Material_SkillLvUp_Common","1","True","1667"
"Adventure_RandomReword_Equip_Level6_30_05","Adventure_RandomReword_Equip_Level6_30","Item_RandomBox_EquipBox_Level5","1","False","1555"
"Adventure_RandomReword_Class_Level1_1_01","Adventure_RandomReword_Class_Level1_1","Item_Material_SkillLvUp_ClassGuardian_01","1","True","3750"
"Adventure_RandomReword_Class_Level1_1_02","Adventure_RandomReword_Class_Level1_1","Item_Material_HeroExp_01","1","True","2000"
"Adventure_RandomReword_Class_Level1_1_03","Adventure_RandomReword_Class_Level1_1","Item_Material_EquipExp_01","1","True","2000"
"Adventure_RandomReword_Class_Level1_1_04","Adventure_RandomReword_Class_Level1_1","Item_Material_SkillLvUp_Common","1","True","1750"
"Adventure_RandomReword_Class_Level1_1_05","Adventure_RandomReword_Class_Level1_1","Item_RandomBox_ClassBook_Level1","1","False","500"
"Adventure_RandomReword_Class_Level1_2_01","Adventure_RandomReword_Class_Level1_2","Item_Material_SkillLvUp_ClassKnight_01","1","True","3750"
"Adventure_RandomReword_Class_Level1_2_02","Adventure_RandomReword_Class_Level1_2","Item_Material_HeroExp_01","1","True","2000"
"Adventure_RandomReword_Class_Level1_2_03","Adventure_RandomReword_Class_Level1_2","Item_Material_EquipExp_01","1","True","2000"
"Adventure_RandomReword_Class_Level1_2_04","Adventure_RandomReword_Class_Level1_2","Item_Material_SkillLvUp_Common","1","True","1750"
"Adventure_RandomReword_Class_Level1_2_05","Adventure_RandomReword_Class_Level1_2","Item_RandomBox_ClassBook_Level1","1","False","500"
"Adventure_RandomReword_Class_Level1_3_01","Adventure_RandomReword_Class_Level1_3","Item_Material_SkillLvUp_ClassFighter_01","1","True","3750"
"Adventure_RandomReword_Class_Level1_3_02","Adventure_RandomReword_Class_Level1_3","Item_Material_HeroExp_01","1","True","2000"
"Adventure_RandomReword_Class_Level1_3_03","Adventure_RandomReword_Class_Level1_3","Item_Material_EquipExp_01","1","True","2000"
"Adventure_RandomReword_Class_Level1_3_04","Adventure_RandomReword_Class_Level1_3","Item_Material_SkillLvUp_Common","1","True","1750"
"Adventure_RandomReword_Class_Level1_3_05","Adventure_RandomReword_Class_Level1_3","Item_RandomBox_ClassBook_Level1","1","False","500"
"Adventure_RandomReword_Class_Level1_4_01","Adventure_RandomReword_Class_Level1_4","Item_Material_SkillLvUp_ClassRanger_01","1","True","3750"
"Adventure_RandomReword_Class_Level1_4_02","Adventure_RandomReword_Class_Level1_4","Item_Material_HeroExp_01","1","True","2000"
"Adventure_RandomReword_Class_Level1_4_03","Adventure_RandomReword_Class_Level1_4","Item_Material_EquipExp_01","1","True","2000"
"Adventure_RandomReword_Class_Level1_4_04","Adventure_RandomReword_Class_Level1_4","Item_Material_SkillLvUp_Common","1","True","1750"
"Adventure_RandomReword_Class_Level1_4_05","Adventure_RandomReword_Class_Level1_4","Item_RandomBox_ClassBook_Level1","1","False","500"
"Adventure_RandomReword_Class_Level1_5_01","Adventure_RandomReword_Class_Level1_5","Item_Material_SkillLvUp_ClassSorcerer_01","1","True","3750"
"Adventure_RandomReword_Class_Level1_5_02","Adventure_RandomReword_Class_Level1_5","Item_Material_HeroExp_01","1","True","2000"
"Adventure_RandomReword_Class_Level1_5_03","Adventure_RandomReword_Class_Level1_5","Item_Material_EquipExp_01","1","True","2000"
"Adventure_RandomReword_Class_Level1_5_04","Adventure_RandomReword_Class_Level1_5","Item_Material_SkillLvUp_Common","1","True","1750"
"Adventure_RandomReword_Class_Level1_5_05","Adventure_RandomReword_Class_Level1_5","Item_RandomBox_ClassBook_Level1","1","False","500"
"Adventure_RandomReword_Class_Level1_6_01","Adventure_RandomReword_Class_Level1_6","Item_Material_SkillLvUp_ClassCleric_01","1","True","3750"
"Adventure_RandomReword_Class_Level1_6_02","Adventure_RandomReword_Class_Level1_6","Item_Material_HeroExp_01","1","True","2000"
"Adventure_RandomReword_Class_Level1_6_03","Adventure_RandomReword_Class_Level1_6","Item_Material_EquipExp_01","1","True","2000"
"Adventure_RandomReword_Class_Level1_6_04","Adventure_RandomReword_Class_Level1_6","Item_Material_SkillLvUp_Common","1","True","1750"
"Adventure_RandomReword_Class_Level1_6_05","Adventure_RandomReword_Class_Level1_6","Item_RandomBox_ClassBook_Level1","1","False","500"
"Adventure_RandomReword_Class_Level1_7_01","Adventure_RandomReword_Class_Level1_7","Item_Material_SkillLvUp_ClassShooter_01","1","True","3750"
"Adventure_RandomReword_Class_Level1_7_02","Adventure_RandomReword_Class_Level1_7","Item_Material_HeroExp_01","1","True","2000"
"Adventure_RandomReword_Class_Level1_7_03","Adventure_RandomReword_Class_Level1_7","Item_Material_EquipExp_01","1","True","2000"
"Adventure_RandomReword_Class_Level1_7_04","Adventure_RandomReword_Class_Level1_7","Item_Material_SkillLvUp_Common","1","True","1750"
"Adventure_RandomReword_Class_Level1_7_05","Adventure_RandomReword_Class_Level1_7","Item_RandomBox_ClassBook_Level1","1","False","500"
"Adventure_RandomReword_Class_Level1_8_01","Adventure_RandomReword_Class_Level1_8","Item_Material_SkillLvUp_ClassMage_01","1","True","3750"
"Adventure_RandomReword_Class_Level1_8_02","Adventure_RandomReword_Class_Level1_8","Item_Material_HeroExp_01","1","True","2000"
"Adventure_RandomReword_Class_Level1_8_03","Adventure_RandomReword_Class_Level1_8","Item_Material_EquipExp_01","1","True","2000"
"Adventure_RandomReword_Class_Level1_8_04","Adventure_RandomReword_Class_Level1_8","Item_Material_SkillLvUp_Common","1","True","1750"
"Adventure_RandomReword_Class_Level1_8_05","Adventure_RandomReword_Class_Level1_8","Item_RandomBox_ClassBook_Level1","1","False","500"
"Adventure_RandomReword_Class_Level2_1_01","Adventure_RandomReword_Class_Level2_1","Item_Material_SkillLvUp_ClassGuardian_02","1","True","700.0000000000001"
"Adventure_RandomReword_Class_Level2_1_02","Adventure_RandomReword_Class_Level2_1","Item_Material_SkillLvUp_ClassGuardian_01","1","True","2800.0000000000005"
"Adventure_RandomReword_Class_Level2_1_03","Adventure_RandomReword_Class_Level2_1","Item_RandomBox_ClassBook_Level2","1","False","100"
"Adventure_RandomReword_Class_Level2_1_04","Adventure_RandomReword_Class_Level2_1","Item_RandomBox_ClassBook_Level1","1","False","400"
"Adventure_RandomReword_Class_Level2_1_05","Adventure_RandomReword_Class_Level2_1","Item_Material_HeroExp_01","1","True","2000"
"Adventure_RandomReword_Class_Level2_1_06","Adventure_RandomReword_Class_Level2_1","Item_Material_EquipExp_01","1","True","2000"
"Adventure_RandomReword_Class_Level2_1_07","Adventure_RandomReword_Class_Level2_1","Item_Material_SkillLvUp_Common","1","True","2000"
"Adventure_RandomReword_Class_Level2_2_01","Adventure_RandomReword_Class_Level2_2","Item_Material_SkillLvUp_ClassKnight_02","1","True","700.0000000000001"
"Adventure_RandomReword_Class_Level2_2_02","Adventure_RandomReword_Class_Level2_2","Item_Material_SkillLvUp_ClassKnight_01","1","True","2800.0000000000005"
"Adventure_RandomReword_Class_Level2_2_03","Adventure_RandomReword_Class_Level2_2","Item_RandomBox_ClassBook_Level2","1","False","100"
"Adventure_RandomReword_Class_Level2_2_04","Adventure_RandomReword_Class_Level2_2","Item_RandomBox_ClassBook_Level1","1","False","400"
"Adventure_RandomReword_Class_Level2_2_05","Adventure_RandomReword_Class_Level2_2","Item_Material_HeroExp_01","1","True","2000"
"Adventure_RandomReword_Class_Level2_2_06","Adventure_RandomReword_Class_Level2_2","Item_Material_EquipExp_01","1","True","2000"
"Adventure_RandomReword_Class_Level2_2_07","Adventure_RandomReword_Class_Level2_2","Item_Material_SkillLvUp_Common","1","True","2000"
"Adventure_RandomReword_Class_Level2_3_01","Adventure_RandomReword_Class_Level2_3","Item_Material_SkillLvUp_ClassFighter_02","1","True","700.0000000000001"
"Adventure_RandomReword_Class_Level2_3_02","Adventure_RandomReword_Class_Level2_3","Item_Material_SkillLvUp_ClassFighter_01","1","True","2800.0000000000005"
"Adventure_RandomReword_Class_Level2_3_03","Adventure_RandomReword_Class_Level2_3","Item_RandomBox_ClassBook_Level2","1","False","100"
"Adventure_RandomReword_Class_Level2_3_04","Adventure_RandomReword_Class_Level2_3","Item_RandomBox_ClassBook_Level1","1","False","400"
"Adventure_RandomReword_Class_Level2_3_05","Adventure_RandomReword_Class_Level2_3","Item_Material_HeroExp_01","1","True","2000"
"Adventure_RandomReword_Class_Level2_3_06","Adventure_RandomReword_Class_Level2_3","Item_Material_EquipExp_01","1","True","2000"
"Adventure_RandomReword_Class_Level2_3_07","Adventure_RandomReword_Class_Level2_3","Item_Material_SkillLvUp_Common","1","True","2000"
"Adventure_RandomReword_Class_Level2_4_01","Adventure_RandomReword_Class_Level2_4","Item_Material_SkillLvUp_ClassRanger_02","1","True","700.0000000000001"
"Adventure_RandomReword_Class_Level2_4_02","Adventure_RandomReword_Class_Level2_4","Item_Material_SkillLvUp_ClassRanger_01","1","True","2800.0000000000005"
"Adventure_RandomReword_Class_Level2_4_03","Adventure_RandomReword_Class_Level2_4","Item_RandomBox_ClassBook_Level2","1","False","100"
"Adventure_RandomReword_Class_Level2_4_04","Adventure_RandomReword_Class_Level2_4","Item_RandomBox_ClassBook_Level1","1","False","400"
"Adventure_RandomReword_Class_Level2_4_05","Adventure_RandomReword_Class_Level2_4","Item_Material_HeroExp_01","1","True","2000"
"Adventure_RandomReword_Class_Level2_4_06","Adventure_RandomReword_Class_Level2_4","Item_Material_EquipExp_01","1","True","2000"
"Adventure_RandomReword_Class_Level2_4_07","Adventure_RandomReword_Class_Level2_4","Item_Material_SkillLvUp_Common","1","True","2000"
"Adventure_RandomReword_Class_Level2_5_01","Adventure_RandomReword_Class_Level2_5","Item_Material_SkillLvUp_ClassSorcerer_02","1","True","700.0000000000001"
"Adventure_RandomReword_Class_Level2_5_02","Adventure_RandomReword_Class_Level2_5","Item_Material_SkillLvUp_ClassSorcerer_01","1","True","2800.0000000000005"
"Adventure_RandomReword_Class_Level2_5_03","Adventure_RandomReword_Class_Level2_5","Item_RandomBox_ClassBook_Level2","1","False","100"
"Adventure_RandomReword_Class_Level2_5_04","Adventure_RandomReword_Class_Level2_5","Item_RandomBox_ClassBook_Level1","1","False","400"
"Adventure_RandomReword_Class_Level2_5_05","Adventure_RandomReword_Class_Level2_5","Item_Material_HeroExp_01","1","True","2000"
"Adventure_RandomReword_Class_Level2_5_06","Adventure_RandomReword_Class_Level2_5","Item_Material_EquipExp_01","1","True","2000"
"Adventure_RandomReword_Class_Level2_5_07","Adventure_RandomReword_Class_Level2_5","Item_Material_SkillLvUp_Common","1","True","2000"
"Adventure_RandomReword_Class_Level2_6_01","Adventure_RandomReword_Class_Level2_6","Item_Material_SkillLvUp_ClassCleric_02","1","True","700.0000000000001"
"Adventure_RandomReword_Class_Level2_6_02","Adventure_RandomReword_Class_Level2_6","Item_Material_SkillLvUp_ClassCleric_01","1","True","2800.0000000000005"
"Adventure_RandomReword_Class_Level2_6_03","Adventure_RandomReword_Class_Level2_6","Item_RandomBox_ClassBook_Level2","1","False","100"
"Adventure_RandomReword_Class_Level2_6_04","Adventure_RandomReword_Class_Level2_6","Item_RandomBox_ClassBook_Level1","1","False","400"
"Adventure_RandomReword_Class_Level2_6_05","Adventure_RandomReword_Class_Level2_6","Item_Material_HeroExp_01","1","True","2000"
"Adventure_RandomReword_Class_Level2_6_06","Adventure_RandomReword_Class_Level2_6","Item_Material_EquipExp_01","1","True","2000"
"Adventure_RandomReword_Class_Level2_6_07","Adventure_RandomReword_Class_Level2_6","Item_Material_SkillLvUp_Common","1","True","2000"
"Adventure_RandomReword_Class_Level2_7_01","Adventure_RandomReword_Class_Level2_7","Item_Material_SkillLvUp_ClassShooter_02","1","True","700.0000000000001"
"Adventure_RandomReword_Class_Level2_7_02","Adventure_RandomReword_Class_Level2_7","Item_Material_SkillLvUp_ClassShooter_01","1","True","2800.0000000000005"
"Adventure_RandomReword_Class_Level2_7_03","Adventure_RandomReword_Class_Level2_7","Item_RandomBox_ClassBook_Level2","1","False","100"
"Adventure_RandomReword_Class_Level2_7_04","Adventure_RandomReword_Class_Level2_7","Item_RandomBox_ClassBook_Level1","1","False","400"
"Adventure_RandomReword_Class_Level2_7_05","Adventure_RandomReword_Class_Level2_7","Item_Material_HeroExp_01","1","True","2000"
"Adventure_RandomReword_Class_Level2_7_06","Adventure_RandomReword_Class_Level2_7","Item_Material_EquipExp_01","1","True","2000"
"Adventure_RandomReword_Class_Level2_7_07","Adventure_RandomReword_Class_Level2_7","Item_Material_SkillLvUp_Common","1","True","2000"
"Adventure_RandomReword_Class_Level2_8_01","Adventure_RandomReword_Class_Level2_8","Item_Material_SkillLvUp_ClassMage_02","1","True","700.0000000000001"
"Adventure_RandomReword_Class_Level2_8_02","Adventure_RandomReword_Class_Level2_8","Item_Material_SkillLvUp_ClassMage_01","1","True","2800.0000000000005"
"Adventure_RandomReword_Class_Level2_8_03","Adventure_RandomReword_Class_Level2_8","Item_RandomBox_ClassBook_Level2","1","False","100"
"Adventure_RandomReword_Class_Level2_8_04","Adventure_RandomReword_Class_Level2_8","Item_RandomBox_ClassBook_Level1","1","False","400"
"Adventure_RandomReword_Class_Level2_8_05","Adventure_RandomReword_Class_Level2_8","Item_Material_HeroExp_01","1","True","2000"
"Adventure_RandomReword_Class_Level2_8_06","Adventure_RandomReword_Class_Level2_8","Item_Material_EquipExp_01","1","True","2000"
"Adventure_RandomReword_Class_Level2_8_07","Adventure_RandomReword_Class_Level2_8","Item_Material_SkillLvUp_Common","1","True","2000"
"Adventure_RandomReword_Class_Level3_1_01","Adventure_RandomReword_Class_Level3_1","Item_Material_SkillLvUp_ClassGuardian_03","1","True","140"
"Adventure_RandomReword_Class_Level3_1_09","Adventure_RandomReword_Class_Level3_1","Item_Material_SkillLvUp_ClassGuardian_02","1","True","560"
"Adventure_RandomReword_Class_Level3_1_02","Adventure_RandomReword_Class_Level3_1","Item_Material_SkillLvUp_ClassGuardian_01","1","True","2800.0000000000005"
"Adventure_RandomReword_Class_Level3_1_03","Adventure_RandomReword_Class_Level3_1","Item_RandomBox_ClassBook_Level3","1","False","20"
"Adventure_RandomReword_Class_Level3_1_04","Adventure_RandomReword_Class_Level3_1","Item_RandomBox_ClassBook_Level2","1","False","80"
"Adventure_RandomReword_Class_Level3_1_05","Adventure_RandomReword_Class_Level3_1","Item_RandomBox_ClassBook_Level1","1","False","400"
"Adventure_RandomReword_Class_Level3_1_06","Adventure_RandomReword_Class_Level3_1","Item_Material_HeroExp_01","1","True","2000"
"Adventure_RandomReword_Class_Level3_1_07","Adventure_RandomReword_Class_Level3_1","Item_Material_EquipExp_01","1","True","2000"
"Adventure_RandomReword_Class_Level3_1_08","Adventure_RandomReword_Class_Level3_1","Item_Material_SkillLvUp_Common","1","True","2000"
"Adventure_RandomReword_Class_Level3_2_09","Adventure_RandomReword_Class_Level3_2","Item_Material_SkillLvUp_ClassKnight_03","1","True","140"
"Adventure_RandomReword_Class_Level3_2_01","Adventure_RandomReword_Class_Level3_2","Item_Material_SkillLvUp_ClassKnight_02","1","True","560"
"Adventure_RandomReword_Class_Level3_2_02","Adventure_RandomReword_Class_Level3_2","Item_Material_SkillLvUp_ClassKnight_01","1","True","2800.0000000000005"
"Adventure_RandomReword_Class_Level3_2_03","Adventure_RandomReword_Class_Level3_2","Item_RandomBox_ClassBook_Level3","1","False","20"
"Adventure_RandomReword_Class_Level3_2_04","Adventure_RandomReword_Class_Level3_2","Item_RandomBox_ClassBook_Level2","1","False","80"
"Adventure_RandomReword_Class_Level3_2_05","Adventure_RandomReword_Class_Level3_2","Item_RandomBox_ClassBook_Level1","1","False","400"
"Adventure_RandomReword_Class_Level3_2_06","Adventure_RandomReword_Class_Level3_2","Item_Material_HeroExp_01","1","True","2000"
"Adventure_RandomReword_Class_Level3_2_07","Adventure_RandomReword_Class_Level3_2","Item_Material_EquipExp_01","1","True","2000"
"Adventure_RandomReword_Class_Level3_2_08","Adventure_RandomReword_Class_Level3_2","Item_Material_SkillLvUp_Common","1","True","2000"
"Adventure_RandomReword_Class_Level3_3_09","Adventure_RandomReword_Class_Level3_3","Item_Material_SkillLvUp_ClassFighter_03","1","True","140"
"Adventure_RandomReword_Class_Level3_3_01","Adventure_RandomReword_Class_Level3_3","Item_Material_SkillLvUp_ClassFighter_02","1","True","560"
"Adventure_RandomReword_Class_Level3_3_02","Adventure_RandomReword_Class_Level3_3","Item_Material_SkillLvUp_ClassFighter_01","1","True","2800.0000000000005"
"Adventure_RandomReword_Class_Level3_3_03","Adventure_RandomReword_Class_Level3_3","Item_RandomBox_ClassBook_Level3","1","False","20"
"Adventure_RandomReword_Class_Level3_3_04","Adventure_RandomReword_Class_Level3_3","Item_RandomBox_ClassBook_Level2","1","False","80"
"Adventure_RandomReword_Class_Level3_3_05","Adventure_RandomReword_Class_Level3_3","Item_RandomBox_ClassBook_Level1","1","False","400"
"Adventure_RandomReword_Class_Level3_3_06","Adventure_RandomReword_Class_Level3_3","Item_Material_HeroExp_01","1","True","2000"
"Adventure_RandomReword_Class_Level3_3_07","Adventure_RandomReword_Class_Level3_3","Item_Material_EquipExp_01","1","True","2000"
"Adventure_RandomReword_Class_Level3_3_08","Adventure_RandomReword_Class_Level3_3","Item_Material_SkillLvUp_Common","1","True","2000"
"Adventure_RandomReword_Class_Level3_4_09","Adventure_RandomReword_Class_Level3_4","Item_Material_SkillLvUp_ClassRanger_03","1","True","140"
"Adventure_RandomReword_Class_Level3_4_01","Adventure_RandomReword_Class_Level3_4","Item_Material_SkillLvUp_ClassRanger_02","1","True","560"
"Adventure_RandomReword_Class_Level3_4_02","Adventure_RandomReword_Class_Level3_4","Item_Material_SkillLvUp_ClassRanger_01","1","True","2800.0000000000005"
"Adventure_RandomReword_Class_Level3_4_03","Adventure_RandomReword_Class_Level3_4","Item_RandomBox_ClassBook_Level3","1","False","20"
"Adventure_RandomReword_Class_Level3_4_04","Adventure_RandomReword_Class_Level3_4","Item_RandomBox_ClassBook_Level2","1","False","80"
"Adventure_RandomReword_Class_Level3_4_05","Adventure_RandomReword_Class_Level3_4","Item_RandomBox_ClassBook_Level1","1","False","400"
"Adventure_RandomReword_Class_Level3_4_06","Adventure_RandomReword_Class_Level3_4","Item_Material_HeroExp_01","1","True","2000"
"Adventure_RandomReword_Class_Level3_4_07","Adventure_RandomReword_Class_Level3_4","Item_Material_EquipExp_01","1","True","2000"
"Adventure_RandomReword_Class_Level3_4_08","Adventure_RandomReword_Class_Level3_4","Item_Material_SkillLvUp_Common","1","True","2000"
"Adventure_RandomReword_Class_Level3_5_09","Adventure_RandomReword_Class_Level3_5","Item_Material_SkillLvUp_ClassSorcerer_03","1","True","140"
"Adventure_RandomReword_Class_Level3_5_01","Adventure_RandomReword_Class_Level3_5","Item_Material_SkillLvUp_ClassSorcerer_02","1","True","560"
"Adventure_RandomReword_Class_Level3_5_02","Adventure_RandomReword_Class_Level3_5","Item_Material_SkillLvUp_ClassSorcerer_01","1","True","2800.0000000000005"
"Adventure_RandomReword_Class_Level3_5_03","Adventure_RandomReword_Class_Level3_5","Item_RandomBox_ClassBook_Level3","1","False","20"
"Adventure_RandomReword_Class_Level3_5_04","Adventure_RandomReword_Class_Level3_5","Item_RandomBox_ClassBook_Level2","1","False","80"
"Adventure_RandomReword_Class_Level3_5_05","Adventure_RandomReword_Class_Level3_5","Item_RandomBox_ClassBook_Level1","1","False","400"
"Adventure_RandomReword_Class_Level3_5_06","Adventure_RandomReword_Class_Level3_5","Item_Material_HeroExp_01","1","True","2000"
"Adventure_RandomReword_Class_Level3_5_07","Adventure_RandomReword_Class_Level3_5","Item_Material_EquipExp_01","1","True","2000"
"Adventure_RandomReword_Class_Level3_5_08","Adventure_RandomReword_Class_Level3_5","Item_Material_SkillLvUp_Common","1","True","2000"
"Adventure_RandomReword_Class_Level3_6_09","Adventure_RandomReword_Class_Level3_6","Item_Material_SkillLvUp_ClassCleric_03","1","True","140"
"Adventure_RandomReword_Class_Level3_6_01","Adventure_RandomReword_Class_Level3_6","Item_Material_SkillLvUp_ClassCleric_02","1","True","560"
"Adventure_RandomReword_Class_Level3_6_02","Adventure_RandomReword_Class_Level3_6","Item_Material_SkillLvUp_ClassCleric_01","1","True","2800.0000000000005"
"Adventure_RandomReword_Class_Level3_6_03","Adventure_RandomReword_Class_Level3_6","Item_RandomBox_ClassBook_Level3","1","False","20"
"Adventure_RandomReword_Class_Level3_6_04","Adventure_RandomReword_Class_Level3_6","Item_RandomBox_ClassBook_Level2","1","False","80"
"Adventure_RandomReword_Class_Level3_6_05","Adventure_RandomReword_Class_Level3_6","Item_RandomBox_ClassBook_Level1","1","False","400"
"Adventure_RandomReword_Class_Level3_6_06","Adventure_RandomReword_Class_Level3_6","Item_Material_HeroExp_01","1","True","2000"
"Adventure_RandomReword_Class_Level3_6_07","Adventure_RandomReword_Class_Level3_6","Item_Material_EquipExp_01","1","True","2000"
"Adventure_RandomReword_Class_Level3_6_08","Adventure_RandomReword_Class_Level3_6","Item_Material_SkillLvUp_Common","1","True","2000"
"Adventure_RandomReword_Class_Level3_7_09","Adventure_RandomReword_Class_Level3_7","Item_Material_SkillLvUp_ClassShooter_03","1","True","140"
"Adventure_RandomReword_Class_Level3_7_01","Adventure_RandomReword_Class_Level3_7","Item_Material_SkillLvUp_ClassShooter_02","1","True","560"
"Adventure_RandomReword_Class_Level3_7_02","Adventure_RandomReword_Class_Level3_7","Item_Material_SkillLvUp_ClassShooter_01","1","True","2800.0000000000005"
"Adventure_RandomReword_Class_Level3_7_03","Adventure_RandomReword_Class_Level3_7","Item_RandomBox_ClassBook_Level3","1","False","20"
"Adventure_RandomReword_Class_Level3_7_04","Adventure_RandomReword_Class_Level3_7","Item_RandomBox_ClassBook_Level2","1","False","80"
"Adventure_RandomReword_Class_Level3_7_05","Adventure_RandomReword_Class_Level3_7","Item_RandomBox_ClassBook_Level1","1","False","400"
"Adventure_RandomReword_Class_Level3_7_06","Adventure_RandomReword_Class_Level3_7","Item_Material_HeroExp_01","1","True","2000"
"Adventure_RandomReword_Class_Level3_7_07","Adventure_RandomReword_Class_Level3_7","Item_Material_EquipExp_01","1","True","2000"
"Adventure_RandomReword_Class_Level3_7_08","Adventure_RandomReword_Class_Level3_7","Item_Material_SkillLvUp_Common","1","True","2000"
"Adventure_RandomReword_Class_Level3_8_09","Adventure_RandomReword_Class_Level3_8","Item_Material_SkillLvUp_ClassMage_03","1","True","140"
"Adventure_RandomReword_Class_Level3_8_01","Adventure_RandomReword_Class_Level3_8","Item_Material_SkillLvUp_ClassMage_02","1","True","560"
"Adventure_RandomReword_Class_Level3_8_02","Adventure_RandomReword_Class_Level3_8","Item_Material_SkillLvUp_ClassMage_01","1","True","2800.0000000000005"
"Adventure_RandomReword_Class_Level3_8_03","Adventure_RandomReword_Class_Level3_8","Item_RandomBox_ClassBook_Level3","1","False","20"
"Adventure_RandomReword_Class_Level3_8_04","Adventure_RandomReword_Class_Level3_8","Item_RandomBox_ClassBook_Level2","1","False","80"
"Adventure_RandomReword_Class_Level3_8_05","Adventure_RandomReword_Class_Level3_8","Item_RandomBox_ClassBook_Level1","1","False","400"
"Adventure_RandomReword_Class_Level3_8_06","Adventure_RandomReword_Class_Level3_8","Item_Material_HeroExp_01","1","True","2000"
"Adventure_RandomReword_Class_Level3_8_07","Adventure_RandomReword_Class_Level3_8","Item_Material_EquipExp_01","1","True","2000"
"Adventure_RandomReword_Class_Level3_8_08","Adventure_RandomReword_Class_Level3_8","Item_Material_SkillLvUp_Common","1","True","2000"
"Adventure_Hard_RandomReword_1_01","Adventure_Hard_RandomReword_1","Item_Material_HeroGradeUp_Char_051_S01_B","1","True","2000"
"Adventure_Hard_RandomReword_1_02","Adventure_Hard_RandomReword_1","Item_Material_HeroExp_01","2","True","2000"
"Adventure_Hard_RandomReword_1_03","Adventure_Hard_RandomReword_1","Item_Material_EquipExp_01","2","True","2000"
"Adventure_Hard_RandomReword_1_04","Adventure_Hard_RandomReword_1","Item_Material_SkillLvUp_Common","2","True","2000"
"Adventure_Hard_RandomReword_1_05","Adventure_Hard_RandomReword_1","Item_RandomBox_Equip_01","2","False","2000"
"Adventure_Hard_RandomReword_2_01","Adventure_Hard_RandomReword_2","Item_Material_HeroGradeUp_Char_002_S01_R","1","True","2000"
"Adventure_Hard_RandomReword_2_02","Adventure_Hard_RandomReword_2","Item_Material_HeroExp_01","2","True","2000"
"Adventure_Hard_RandomReword_2_03","Adventure_Hard_RandomReword_2","Item_Material_EquipExp_01","2","True","2000"
"Adventure_Hard_RandomReword_2_04","Adventure_Hard_RandomReword_2","Item_Material_SkillLvUp_Common","2","True","2000"
"Adventure_Hard_RandomReword_2_05","Adventure_Hard_RandomReword_2","Item_RandomBox_Equip_01","2","False","2000"
"Adventure_Hard_RandomReword_3_01","Adventure_Hard_RandomReword_3","Item_WSkill_SPUp_GradeUp","1","True","2000"
"Adventure_Hard_RandomReword_3_02","Adventure_Hard_RandomReword_3","Item_Material_HeroExp_01","2","True","2000"
"Adventure_Hard_RandomReword_3_03","Adventure_Hard_RandomReword_3","Item_Material_EquipExp_01","2","True","2000"
"Adventure_Hard_RandomReword_3_04","Adventure_Hard_RandomReword_3","Item_Material_SkillLvUp_Common","2","True","2000"
"Adventure_Hard_RandomReword_3_05","Adventure_Hard_RandomReword_3","Item_RandomBox_Equip_01","2","False","2000"
"Adventure_Hard_RandomReword_4_01","Adventure_Hard_RandomReword_4","Item_Material_HeroGradeUp_Char_078_S01_R","1","True","2000"
"Adventure_Hard_RandomReword_4_02","Adventure_Hard_RandomReword_4","Item_Material_HeroExp_01","2","True","2000"
"Adventure_Hard_RandomReword_4_03","Adventure_Hard_RandomReword_4","Item_Material_EquipExp_01","2","True","2000"
"Adventure_Hard_RandomReword_4_04","Adventure_Hard_RandomReword_4","Item_Material_SkillLvUp_Common","2","True","2000"
"Adventure_Hard_RandomReword_4_05","Adventure_Hard_RandomReword_4","Item_RandomBox_Equip_01","2","False","2000"
"Adventure_Hard_RandomReword_5_01","Adventure_Hard_RandomReword_5","Item_Material_HeroGradeUp_Char_103_S01_G","1","True","2000"
"Adventure_Hard_RandomReword_5_02","Adventure_Hard_RandomReword_5","Item_Material_HeroExp_01","2","True","2000"
"Adventure_Hard_RandomReword_5_03","Adventure_Hard_RandomReword_5","Item_Material_EquipExp_01","2","True","2000"
"Adventure_Hard_RandomReword_5_04","Adventure_Hard_RandomReword_5","Item_Material_SkillLvUp_Common","2","True","2000"
"Adventure_Hard_RandomReword_5_05","Adventure_Hard_RandomReword_5","Item_RandomBox_Equip_01","2","False","2000"
"Adventure_Hard_RandomReword_6_01","Adventure_Hard_RandomReword_6","Item_Material_HeroGradeUp_Char_008_S01_B","1","True","2000"
"Adventure_Hard_RandomReword_6_02","Adventure_Hard_RandomReword_6","Item_Material_HeroExp_01","2","True","2000"
"Adventure_Hard_RandomReword_6_03","Adventure_Hard_RandomReword_6","Item_Material_EquipExp_01","2","True","2000"
"Adventure_Hard_RandomReword_6_04","Adventure_Hard_RandomReword_6","Item_Material_SkillLvUp_Common","2","True","2000"
"Adventure_Hard_RandomReword_6_05","Adventure_Hard_RandomReword_6","Item_RandomBox_Equip_01","2","False","2000"
"Adventure_Hard_RandomReword_7_01","Adventure_Hard_RandomReword_7","Item_Material_HeroGradeUp_Char_073_S01_G","1","True","2000"
"Adventure_Hard_RandomReword_7_02","Adventure_Hard_RandomReword_7","Item_Material_HeroExp_01","2","True","2000"
"Adventure_Hard_RandomReword_7_03","Adventure_Hard_RandomReword_7","Item_Material_EquipExp_01","2","True","2000"
"Adventure_Hard_RandomReword_7_04","Adventure_Hard_RandomReword_7","Item_Material_SkillLvUp_Common","2","True","2000"
"Adventure_Hard_RandomReword_7_05","Adventure_Hard_RandomReword_7","Item_RandomBox_ClassBook_Level1","2","False","2000"
"Adventure_Hard_RandomReword_8_01","Adventure_Hard_RandomReword_8","Item_Material_HeroGradeUp_Char_040_S01_R","1","True","2000"
"Adventure_Hard_RandomReword_8_02","Adventure_Hard_RandomReword_8","Item_Material_HeroExp_01","2","True","2000"
"Adventure_Hard_RandomReword_8_03","Adventure_Hard_RandomReword_8","Item_Material_EquipExp_01","2","True","2000"
"Adventure_Hard_RandomReword_8_04","Adventure_Hard_RandomReword_8","Item_Material_SkillLvUp_Common","2","True","2000"
"Adventure_Hard_RandomReword_8_05","Adventure_Hard_RandomReword_8","Item_RandomBox_ClassBook_Level1","2","False","2000"
"Adventure_Hard_RandomReword_9_01","Adventure_Hard_RandomReword_9","Item_Material_HeroGradeUp_Char_064_S01_R","1","True","2000"
"Adventure_Hard_RandomReword_9_02","Adventure_Hard_RandomReword_9","Item_Material_HeroExp_01","2","True","2000"
"Adventure_Hard_RandomReword_9_03","Adventure_Hard_RandomReword_9","Item_Material_EquipExp_01","2","True","2000"
"Adventure_Hard_RandomReword_9_04","Adventure_Hard_RandomReword_9","Item_Material_SkillLvUp_Common","2","True","2000"
"Adventure_Hard_RandomReword_9_05","Adventure_Hard_RandomReword_9","Item_RandomBox_ClassBook_Level1","2","False","2000"
"Adventure_Hard_RandomReword_10_01","Adventure_Hard_RandomReword_10","Item_Material_HeroGradeUp_Char_062_S01_G","1","True","2000"
"Adventure_Hard_RandomReword_10_02","Adventure_Hard_RandomReword_10","Item_Material_HeroExp_01","2","True","2000"
"Adventure_Hard_RandomReword_10_03","Adventure_Hard_RandomReword_10","Item_Material_EquipExp_01","2","True","2000"
"Adventure_Hard_RandomReword_10_04","Adventure_Hard_RandomReword_10","Item_Material_SkillLvUp_Common","2","True","2000"
"Adventure_Hard_RandomReword_10_05","Adventure_Hard_RandomReword_10","Item_RandomBox_EquipBox_Level1","2","False","2000"
"Adventure_Hard_RandomReword_11_01","Adventure_Hard_RandomReword_11","Item_Material_HeroGradeUp_Char_034_S01_B","1","True","2000"
"Adventure_Hard_RandomReword_11_02","Adventure_Hard_RandomReword_11","Item_Material_HeroExp_01","2","True","2000"
"Adventure_Hard_RandomReword_11_03","Adventure_Hard_RandomReword_11","Item_Material_EquipExp_01","2","True","2000"
"Adventure_Hard_RandomReword_11_04","Adventure_Hard_RandomReword_11","Item_Material_SkillLvUp_Common","2","True","2000"
"Adventure_Hard_RandomReword_11_05","Adventure_Hard_RandomReword_11","Item_RandomBox_EquipBox_Level1","2","False","2000"
"Adventure_Hard_RandomReword_12_01","Adventure_Hard_RandomReword_12","Item_WSkill_Heal_GradeUp","1","True","2000"
"Adventure_Hard_RandomReword_12_02","Adventure_Hard_RandomReword_12","Item_Material_HeroExp_01","2","True","2000"
"Adventure_Hard_RandomReword_12_03","Adventure_Hard_RandomReword_12","Item_Material_EquipExp_01","2","True","2000"
"Adventure_Hard_RandomReword_12_04","Adventure_Hard_RandomReword_12","Item_Material_SkillLvUp_Common","2","True","2000"
"Adventure_Hard_RandomReword_12_05","Adventure_Hard_RandomReword_12","Item_RandomBox_EquipBox_Level1","2","False","2000"
"Adventure_Hard_RandomReword_13_01","Adventure_Hard_RandomReword_13","Item_Material_HeroGradeUp_Char_006_S01_G","1","True","2000"
"Adventure_Hard_RandomReword_13_02","Adventure_Hard_RandomReword_13","Item_Material_HeroExp_01","2","True","2000"
"Adventure_Hard_RandomReword_13_03","Adventure_Hard_RandomReword_13","Item_Material_EquipExp_01","2","True","2000"
"Adventure_Hard_RandomReword_13_04","Adventure_Hard_RandomReword_13","Item_Material_SkillLvUp_Common","2","True","2000"
"Adventure_Hard_RandomReword_13_05","Adventure_Hard_RandomReword_13","Item_RandomBox_EquipBox_Level1","2","False","2000"
"Adventure_Hard_RandomReword_14_01","Adventure_Hard_RandomReword_14","Item_Material_HeroGradeUp_Char_003_S01_B","1","True","2000"
"Adventure_Hard_RandomReword_14_02","Adventure_Hard_RandomReword_14","Item_Material_HeroExp_01","2","True","2000"
"Adventure_Hard_RandomReword_14_03","Adventure_Hard_RandomReword_14","Item_Material_EquipExp_01","2","True","2000"
"Adventure_Hard_RandomReword_14_04","Adventure_Hard_RandomReword_14","Item_Material_SkillLvUp_Common","2","True","2000"
"Adventure_Hard_RandomReword_14_05","Adventure_Hard_RandomReword_14","Item_RandomBox_EquipBox_Level1","2","False","2000"
"Adventure_Hard_RandomReword_15_01","Adventure_Hard_RandomReword_15","Item_Material_HeroGradeUp_Char_080_S01_G","1","True","2000"
"Adventure_Hard_RandomReword_15_02","Adventure_Hard_RandomReword_15","Item_Material_HeroExp_01","2","True","2000"
"Adventure_Hard_RandomReword_15_03","Adventure_Hard_RandomReword_15","Item_Material_EquipExp_01","2","True","2000"
"Adventure_Hard_RandomReword_15_04","Adventure_Hard_RandomReword_15","Item_Material_SkillLvUp_Common","2","True","2000"
"Adventure_Hard_RandomReword_15_05","Adventure_Hard_RandomReword_15","Item_RandomBox_EquipBox_Level1","2","False","2000"
"Adventure_Hard_RandomReword_16_01","Adventure_Hard_RandomReword_16","Item_Material_HeroGradeUp_Char_001_S01_B","1","True","2000"
"Adventure_Hard_RandomReword_16_02","Adventure_Hard_RandomReword_16","Item_Material_HeroExp_01","2","True","2000"
"Adventure_Hard_RandomReword_16_03","Adventure_Hard_RandomReword_16","Item_Material_EquipExp_01","2","True","2000"
"Adventure_Hard_RandomReword_16_04","Adventure_Hard_RandomReword_16","Item_Material_SkillLvUp_Common","2","True","2000"
"Adventure_Hard_RandomReword_16_05","Adventure_Hard_RandomReword_16","Item_RandomBox_ClassBook_Level1","2","False","2000"
"Adventure_Hard_RandomReword_17_01","Adventure_Hard_RandomReword_17","Item_Material_HeroGradeUp_Char_005_S01_D","1","True","2000"
"Adventure_Hard_RandomReword_17_02","Adventure_Hard_RandomReword_17","Item_Material_HeroExp_01","2","True","2000"
"Adventure_Hard_RandomReword_17_03","Adventure_Hard_RandomReword_17","Item_Material_EquipExp_01","2","True","2000"
"Adventure_Hard_RandomReword_17_04","Adventure_Hard_RandomReword_17","Item_Material_SkillLvUp_Common","2","True","2000"
"Adventure_Hard_RandomReword_17_05","Adventure_Hard_RandomReword_17","Item_RandomBox_ClassBook_Level1","2","False","2000"
"Adventure_Hard_RandomReword_18_01","Adventure_Hard_RandomReword_18","Item_Material_HeroGradeUp_Char_041_S01_R","1","True","2000"
"Adventure_Hard_RandomReword_18_02","Adventure_Hard_RandomReword_18","Item_Material_HeroExp_01","2","True","2000"
"Adventure_Hard_RandomReword_18_03","Adventure_Hard_RandomReword_18","Item_Material_EquipExp_01","2","True","2000"
"Adventure_Hard_RandomReword_18_04","Adventure_Hard_RandomReword_18","Item_Material_SkillLvUp_Common","2","True","2000"
"Adventure_Hard_RandomReword_18_05","Adventure_Hard_RandomReword_18","Item_RandomBox_ClassBook_Level1","2","False","2000"
"Adventure_Hard_RandomReword_19_01","Adventure_Hard_RandomReword_19","Item_Material_HeroGradeUp_Char_016_S01_B","1","True","2000"
"Adventure_Hard_RandomReword_19_02","Adventure_Hard_RandomReword_19","Item_Material_HeroExp_01","2","True","2000"
"Adventure_Hard_RandomReword_19_03","Adventure_Hard_RandomReword_19","Item_Material_EquipExp_01","2","True","2000"
"Adventure_Hard_RandomReword_19_04","Adventure_Hard_RandomReword_19","Item_Material_SkillLvUp_Common","2","True","2000"
"Adventure_Hard_RandomReword_19_05","Adventure_Hard_RandomReword_19","Item_RandomBox_EquipBox_Level2","2","False","2000"
"Adventure_Hard_RandomReword_20_01","Adventure_Hard_RandomReword_20","Item_Material_HeroGradeUp_Char_089_S01_D","1","True","2000"
"Adventure_Hard_RandomReword_20_02","Adventure_Hard_RandomReword_20","Item_Material_HeroExp_01","2","True","2000"
"Adventure_Hard_RandomReword_20_03","Adventure_Hard_RandomReword_20","Item_Material_EquipExp_01","2","True","2000"
"Adventure_Hard_RandomReword_20_04","Adventure_Hard_RandomReword_20","Item_Material_SkillLvUp_Common","2","True","2000"
"Adventure_Hard_RandomReword_20_05","Adventure_Hard_RandomReword_20","Item_RandomBox_EquipBox_Level2","2","False","2000"
"Adventure_Hard_RandomReword_21_01","Adventure_Hard_RandomReword_21","Item_Material_HeroGradeUp_Char_101_S01_B","1","True","2000"
"Adventure_Hard_RandomReword_21_02","Adventure_Hard_RandomReword_21","Item_Material_HeroExp_01","2","True","2000"
"Adventure_Hard_RandomReword_21_03","Adventure_Hard_RandomReword_21","Item_Material_EquipExp_01","2","True","2000"
"Adventure_Hard_RandomReword_21_04","Adventure_Hard_RandomReword_21","Item_Material_SkillLvUp_Common","2","True","2000"
"Adventure_Hard_RandomReword_21_05","Adventure_Hard_RandomReword_21","Item_RandomBox_EquipBox_Level2","2","False","2000"
"Adventure_Hard_RandomReword_22_01","Adventure_Hard_RandomReword_22","Item_Material_HeroGradeUp_Char_098_S01_R","1","True","2000"
"Adventure_Hard_RandomReword_22_02","Adventure_Hard_RandomReword_22","Item_Material_HeroExp_01","2","True","2000"
"Adventure_Hard_RandomReword_22_03","Adventure_Hard_RandomReword_22","Item_Material_EquipExp_01","2","True","2000"
"Adventure_Hard_RandomReword_22_04","Adventure_Hard_RandomReword_22","Item_Material_SkillLvUp_Common","2","True","2000"
"Adventure_Hard_RandomReword_22_05","Adventure_Hard_RandomReword_22","Item_RandomBox_EquipBox_Level2","2","False","2000"
"Adventure_Hard_RandomReword_23_01","Adventure_Hard_RandomReword_23","Item_Material_HeroGradeUp_Char_077_S01_G","1","True","2000"
"Adventure_Hard_RandomReword_23_02","Adventure_Hard_RandomReword_23","Item_Material_HeroExp_01","2","True","2000"
"Adventure_Hard_RandomReword_23_03","Adventure_Hard_RandomReword_23","Item_Material_EquipExp_01","2","True","2000"
"Adventure_Hard_RandomReword_23_04","Adventure_Hard_RandomReword_23","Item_Material_SkillLvUp_Common","2","True","2000"
"Adventure_Hard_RandomReword_23_05","Adventure_Hard_RandomReword_23","Item_RandomBox_EquipBox_Level2","2","False","2000"
"Adventure_Hard_RandomReword_24_01","Adventure_Hard_RandomReword_24","Item_WSkill_RedAtk_GradeUp","1","True","2000"
"Adventure_Hard_RandomReword_24_02","Adventure_Hard_RandomReword_24","Item_Material_HeroExp_01","2","True","2000"
"Adventure_Hard_RandomReword_24_03","Adventure_Hard_RandomReword_24","Item_Material_EquipExp_01","2","True","2000"
"Adventure_Hard_RandomReword_24_04","Adventure_Hard_RandomReword_24","Item_Material_SkillLvUp_Common","2","True","2000"
"Adventure_Hard_RandomReword_24_05","Adventure_Hard_RandomReword_24","Item_RandomBox_EquipBox_Level2","2","False","2000"
"Adventure_Hard_RandomReword_25_01","Adventure_Hard_RandomReword_25","Item_Material_HeroGradeUp_Char_051_S01_B","1","True","2000"
"Adventure_Hard_RandomReword_25_02","Adventure_Hard_RandomReword_25","Item_Material_HeroExp_01","2","True","2000"
"Adventure_Hard_RandomReword_25_03","Adventure_Hard_RandomReword_25","Item_Material_EquipExp_01","2","True","2000"
"Adventure_Hard_RandomReword_25_04","Adventure_Hard_RandomReword_25","Item_Material_SkillLvUp_Common","2","True","2000"
"Adventure_Hard_RandomReword_25_05","Adventure_Hard_RandomReword_25","Item_RandomBox_Schedule_2Lv","2","False","2000"
"Adventure_Hard_RandomReword_26_01","Adventure_Hard_RandomReword_26","Item_Material_HeroGradeUp_Char_078_S01_R","1","True","2000"
"Adventure_Hard_RandomReword_26_02","Adventure_Hard_RandomReword_26","Item_Material_HeroExp_01","2","True","2000"
"Adventure_Hard_RandomReword_26_03","Adventure_Hard_RandomReword_26","Item_Material_EquipExp_01","2","True","2000"
"Adventure_Hard_RandomReword_26_04","Adventure_Hard_RandomReword_26","Item_Material_SkillLvUp_Common","2","True","2000"
"Adventure_Hard_RandomReword_26_05","Adventure_Hard_RandomReword_26","Item_RandomBox_Schedule_2Lv","2","False","2000"
"Adventure_Hard_RandomReword_27_01","Adventure_Hard_RandomReword_27","Item_Material_HeroGradeUp_Char_009_S01_G","1","True","2000"
"Adventure_Hard_RandomReword_27_02","Adventure_Hard_RandomReword_27","Item_Material_HeroExp_01","2","True","2000"
"Adventure_Hard_RandomReword_27_03","Adventure_Hard_RandomReword_27","Item_Material_EquipExp_01","2","True","2000"
"Adventure_Hard_RandomReword_27_04","Adventure_Hard_RandomReword_27","Item_Material_SkillLvUp_Common","2","True","2000"
"Adventure_Hard_RandomReword_27_05","Adventure_Hard_RandomReword_27","Item_RandomBox_Schedule_2Lv","2","False","2000"
"Adventure_Hard_RandomReword_28_01","Adventure_Hard_RandomReword_28","Item_Material_HeroGradeUp_Char_002_S01_R","1","True","2000"
"Adventure_Hard_RandomReword_28_02","Adventure_Hard_RandomReword_28","Item_Material_HeroExp_01","2","True","2000"
"Adventure_Hard_RandomReword_28_03","Adventure_Hard_RandomReword_28","Item_Material_EquipExp_01","2","True","2000"
"Adventure_Hard_RandomReword_28_04","Adventure_Hard_RandomReword_28","Item_Material_SkillLvUp_Common","2","True","2000"
"Adventure_Hard_RandomReword_28_05","Adventure_Hard_RandomReword_28","Item_RandomBox_EquipBox_Level3","2","False","2000"
"Adventure_Hard_RandomReword_29_01","Adventure_Hard_RandomReword_29","Item_Material_HeroGradeUp_Char_015_S01_B","1","True","2000"
"Adventure_Hard_RandomReword_29_02","Adventure_Hard_RandomReword_29","Item_Material_HeroExp_01","2","True","2000"
"Adventure_Hard_RandomReword_29_03","Adventure_Hard_RandomReword_29","Item_Material_EquipExp_01","2","True","2000"
"Adventure_Hard_RandomReword_29_04","Adventure_Hard_RandomReword_29","Item_Material_SkillLvUp_Common","2","True","2000"
"Adventure_Hard_RandomReword_29_05","Adventure_Hard_RandomReword_29","Item_RandomBox_EquipBox_Level3","2","False","2000"
"Adventure_Hard_RandomReword_30_01","Adventure_Hard_RandomReword_30","Item_Material_HeroGradeUp_Char_088_S01_R","1","True","2000"
"Adventure_Hard_RandomReword_30_02","Adventure_Hard_RandomReword_30","Item_Material_HeroExp_01","2","True","2000"
"Adventure_Hard_RandomReword_30_03","Adventure_Hard_RandomReword_30","Item_Material_EquipExp_01","2","True","2000"
"Adventure_Hard_RandomReword_30_04","Adventure_Hard_RandomReword_30","Item_Material_SkillLvUp_Common","2","True","2000"
"Adventure_Hard_RandomReword_30_05","Adventure_Hard_RandomReword_30","Item_RandomBox_EquipBox_Level3","2","False","2000"
"Adventure_Hard_RandomReword_31_01","Adventure_Hard_RandomReword_31","Item_Material_HeroGradeUp_Char_103_S01_G","1","True","2000"
"Adventure_Hard_RandomReword_31_02","Adventure_Hard_RandomReword_31","Item_Material_HeroExp_01","2","True","2000"
"Adventure_Hard_RandomReword_31_03","Adventure_Hard_RandomReword_31","Item_Material_EquipExp_01","2","True","2000"
"Adventure_Hard_RandomReword_31_04","Adventure_Hard_RandomReword_31","Item_Material_SkillLvUp_Common","2","True","2000"
"Adventure_Hard_RandomReword_31_05","Adventure_Hard_RandomReword_31","Item_RandomBox_EquipBox_Level3","2","False","2000"
"Adventure_Hard_RandomReword_32_01","Adventure_Hard_RandomReword_32","Item_Material_HeroGradeUp_Char_037_S01_L","1","True","2000"
"Adventure_Hard_RandomReword_32_02","Adventure_Hard_RandomReword_32","Item_Material_HeroExp_01","2","True","2000"
"Adventure_Hard_RandomReword_32_03","Adventure_Hard_RandomReword_32","Item_Material_EquipExp_01","2","True","2000"
"Adventure_Hard_RandomReword_32_04","Adventure_Hard_RandomReword_32","Item_Material_SkillLvUp_Common","2","True","2000"
"Adventure_Hard_RandomReword_32_05","Adventure_Hard_RandomReword_32","Item_RandomBox_EquipBox_Level3","2","False","2000"
"Adventure_Hard_RandomReword_33_01","Adventure_Hard_RandomReword_33","Item_Material_HeroGradeUp_Char_067_S01_B","1","True","2000"
"Adventure_Hard_RandomReword_33_02","Adventure_Hard_RandomReword_33","Item_Material_HeroExp_01","2","True","2000"
"Adventure_Hard_RandomReword_33_03","Adventure_Hard_RandomReword_33","Item_Material_EquipExp_01","2","True","2000"
"Adventure_Hard_RandomReword_33_04","Adventure_Hard_RandomReword_33","Item_Material_SkillLvUp_Common","2","True","2000"
"Adventure_Hard_RandomReword_33_05","Adventure_Hard_RandomReword_33","Item_RandomBox_EquipBox_Level3","2","False","2000"
"Adventure_Hard_RandomReword_34_01","Adventure_Hard_RandomReword_34","Item_Material_HeroGradeUp_Char_100_S01_G","1","True","2000"
"Adventure_Hard_RandomReword_34_02","Adventure_Hard_RandomReword_34","Item_Material_HeroExp_01","2","True","2000"
"Adventure_Hard_RandomReword_34_03","Adventure_Hard_RandomReword_34","Item_Material_EquipExp_01","2","True","2000"
"Adventure_Hard_RandomReword_34_04","Adventure_Hard_RandomReword_34","Item_Material_SkillLvUp_Common","2","True","2000"
"Adventure_Hard_RandomReword_34_05","Adventure_Hard_RandomReword_34","Item_RandomBox_Schedule_2Lv","2","False","2000"
"Adventure_Hard_RandomReword_35_01","Adventure_Hard_RandomReword_35","Item_Material_HeroGradeUp_Char_064_S01_R","1","True","2000"
"Adventure_Hard_RandomReword_35_02","Adventure_Hard_RandomReword_35","Item_Material_HeroExp_01","2","True","2000"
"Adventure_Hard_RandomReword_35_03","Adventure_Hard_RandomReword_35","Item_Material_EquipExp_01","2","True","2000"
"Adventure_Hard_RandomReword_35_04","Adventure_Hard_RandomReword_35","Item_Material_SkillLvUp_Common","2","True","2000"
"Adventure_Hard_RandomReword_35_05","Adventure_Hard_RandomReword_35","Item_RandomBox_Schedule_2Lv","2","False","2000"
"Adventure_Hard_RandomReword_36_01","Adventure_Hard_RandomReword_36","Item_WSkill_GreenAtk_GradeUp","1","True","2000"
"Adventure_Hard_RandomReword_36_02","Adventure_Hard_RandomReword_36","Item_Material_HeroExp_01","2","True","2000"
"Adventure_Hard_RandomReword_36_03","Adventure_Hard_RandomReword_36","Item_Material_EquipExp_01","2","True","2000"
"Adventure_Hard_RandomReword_36_04","Adventure_Hard_RandomReword_36","Item_Material_SkillLvUp_Common","2","True","2000"
"Adventure_Hard_RandomReword_36_05","Adventure_Hard_RandomReword_36","Item_RandomBox_Schedule_2Lv","2","False","2000"
"Adventure_Hard_RandomReword_37_01","Adventure_Hard_RandomReword_37","Item_Material_HeroGradeUp_Char_008_S01_B","1","True","2000"
"Adventure_Hard_RandomReword_37_02","Adventure_Hard_RandomReword_37","Item_Material_HeroExp_01","2","True","2000"
"Adventure_Hard_RandomReword_37_03","Adventure_Hard_RandomReword_37","Item_Material_EquipExp_01","2","True","2000"
"Adventure_Hard_RandomReword_37_04","Adventure_Hard_RandomReword_37","Item_Material_SkillLvUp_Common","2","True","2000"
"Adventure_Hard_RandomReword_37_05","Adventure_Hard_RandomReword_37","Item_RandomBox_EquipBox_Level4","2","False","2000"
"Adventure_Hard_RandomReword_38_01","Adventure_Hard_RandomReword_38","Item_Material_HeroGradeUp_Char_073_S01_G","1","True","2000"
"Adventure_Hard_RandomReword_38_02","Adventure_Hard_RandomReword_38","Item_Material_HeroExp_01","2","True","2000"
"Adventure_Hard_RandomReword_38_03","Adventure_Hard_RandomReword_38","Item_Material_EquipExp_01","2","True","2000"
"Adventure_Hard_RandomReword_38_04","Adventure_Hard_RandomReword_38","Item_Material_SkillLvUp_Common","2","True","2000"
"Adventure_Hard_RandomReword_38_05","Adventure_Hard_RandomReword_38","Item_RandomBox_EquipBox_Level4","2","False","2000"
"Adventure_Hard_RandomReword_39_01","Adventure_Hard_RandomReword_39","Item_Material_HeroGradeUp_Char_040_S01_R","1","True","2000"
"Adventure_Hard_RandomReword_39_02","Adventure_Hard_RandomReword_39","Item_Material_HeroExp_01","2","True","2000"
"Adventure_Hard_RandomReword_39_03","Adventure_Hard_RandomReword_39","Item_Material_EquipExp_01","2","True","2000"
"Adventure_Hard_RandomReword_39_04","Adventure_Hard_RandomReword_39","Item_Material_SkillLvUp_Common","2","True","2000"
"Adventure_Hard_RandomReword_39_05","Adventure_Hard_RandomReword_39","Item_RandomBox_EquipBox_Level4","2","False","2000"
"Adventure_Hard_RandomReword_40_01","Adventure_Hard_RandomReword_40","Item_Material_HeroGradeUp_Char_062_S01_G","1","True","2000"
"Adventure_Hard_RandomReword_40_02","Adventure_Hard_RandomReword_40","Item_Material_HeroExp_01","2","True","2000"
"Adventure_Hard_RandomReword_40_03","Adventure_Hard_RandomReword_40","Item_Material_EquipExp_01","2","True","2000"
"Adventure_Hard_RandomReword_40_04","Adventure_Hard_RandomReword_40","Item_Material_SkillLvUp_Common","2","True","2000"
"Adventure_Hard_RandomReword_40_05","Adventure_Hard_RandomReword_40","Item_RandomBox_EquipBox_Level4","2","False","2000"
"Adventure_Hard_RandomReword_41_01","Adventure_Hard_RandomReword_41","Item_Material_HeroGradeUp_Char_034_S01_B","1","True","2000"
"Adventure_Hard_RandomReword_41_02","Adventure_Hard_RandomReword_41","Item_Material_HeroExp_01","2","True","2000"
"Adventure_Hard_RandomReword_41_03","Adventure_Hard_RandomReword_41","Item_Material_EquipExp_01","2","True","2000"
"Adventure_Hard_RandomReword_41_04","Adventure_Hard_RandomReword_41","Item_Material_SkillLvUp_Common","2","True","2000"
"Adventure_Hard_RandomReword_41_05","Adventure_Hard_RandomReword_41","Item_RandomBox_EquipBox_Level4","2","False","2000"
"Adventure_Hard_RandomReword_42_01","Adventure_Hard_RandomReword_42","Item_Material_HeroGradeUp_Char_006_S01_G","1","True","2000"
"Adventure_Hard_RandomReword_42_02","Adventure_Hard_RandomReword_42","Item_Material_HeroExp_01","2","True","2000"
"Adventure_Hard_RandomReword_42_03","Adventure_Hard_RandomReword_42","Item_Material_EquipExp_01","2","True","2000"
"Adventure_Hard_RandomReword_42_04","Adventure_Hard_RandomReword_42","Item_Material_SkillLvUp_Common","2","True","2000"
"Adventure_Hard_RandomReword_42_05","Adventure_Hard_RandomReword_42","Item_RandomBox_EquipBox_Level4","2","False","2000"
"Adventure_Hard_RandomReword_43_01","Adventure_Hard_RandomReword_43","Item_Material_HeroGradeUp_Char_003_S01_B","1","True","2000"
"Adventure_Hard_RandomReword_43_02","Adventure_Hard_RandomReword_43","Item_Material_HeroExp_01","2","True","2000"
"Adventure_Hard_RandomReword_43_03","Adventure_Hard_RandomReword_43","Item_Material_EquipExp_01","2","True","2000"
"Adventure_Hard_RandomReword_43_04","Adventure_Hard_RandomReword_43","Item_Material_SkillLvUp_Common","2","True","2000"
"Adventure_Hard_RandomReword_43_05","Adventure_Hard_RandomReword_43","Item_RandomBox_Schedule_3Lv","2","False","2000"
"Adventure_Hard_RandomReword_44_01","Adventure_Hard_RandomReword_44","Item_Material_HeroGradeUp_Char_080_S01_G","1","True","2000"
"Adventure_Hard_RandomReword_44_02","Adventure_Hard_RandomReword_44","Item_Material_HeroExp_01","2","True","2000"
"Adventure_Hard_RandomReword_44_03","Adventure_Hard_RandomReword_44","Item_Material_EquipExp_01","2","True","2000"
"Adventure_Hard_RandomReword_44_04","Adventure_Hard_RandomReword_44","Item_Material_SkillLvUp_Common","2","True","2000"
"Adventure_Hard_RandomReword_44_05","Adventure_Hard_RandomReword_44","Item_RandomBox_Schedule_3Lv","2","False","2000"
"Adventure_Hard_RandomReword_45_01","Adventure_Hard_RandomReword_45","Item_Material_HeroGradeUp_Char_007_S01_D","1","True","2000"
"Adventure_Hard_RandomReword_45_02","Adventure_Hard_RandomReword_45","Item_Material_HeroExp_01","2","True","2000"
"Adventure_Hard_RandomReword_45_03","Adventure_Hard_RandomReword_45","Item_Material_EquipExp_01","2","True","2000"
"Adventure_Hard_RandomReword_45_04","Adventure_Hard_RandomReword_45","Item_Material_SkillLvUp_Common","2","True","2000"
"Adventure_Hard_RandomReword_45_05","Adventure_Hard_RandomReword_45","Item_RandomBox_Schedule_3Lv","2","False","2000"
"Adventure_Hard_RandomReword_46_01","Adventure_Hard_RandomReword_46","Item_Material_HeroGradeUp_Char_001_S01_B","1","True","2000"
"Adventure_Hard_RandomReword_46_02","Adventure_Hard_RandomReword_46","Item_Material_HeroExp_01","2","True","2000"
"Adventure_Hard_RandomReword_46_03","Adventure_Hard_RandomReword_46","Item_Material_EquipExp_01","2","True","2000"
"Adventure_Hard_RandomReword_46_04","Adventure_Hard_RandomReword_46","Item_Material_SkillLvUp_Common","2","True","2000"
"Adventure_Hard_RandomReword_46_05","Adventure_Hard_RandomReword_46","Item_RandomBox_EquipBox_Level4","2","False","2000"
"Adventure_Hard_RandomReword_47_01","Adventure_Hard_RandomReword_47","Item_Material_HeroGradeUp_Char_005_S01_D","1","True","2000"
"Adventure_Hard_RandomReword_47_02","Adventure_Hard_RandomReword_47","Item_Material_HeroExp_01","2","True","2000"
"Adventure_Hard_RandomReword_47_03","Adventure_Hard_RandomReword_47","Item_Material_EquipExp_01","2","True","2000"
"Adventure_Hard_RandomReword_47_04","Adventure_Hard_RandomReword_47","Item_Material_SkillLvUp_Common","2","True","2000"
"Adventure_Hard_RandomReword_47_05","Adventure_Hard_RandomReword_47","Item_RandomBox_EquipBox_Level4","2","False","2000"
"Adventure_Hard_RandomReword_48_01","Adventure_Hard_RandomReword_48","Item_WSkill_BlueAtk_GradeUp","1","True","2000"
"Adventure_Hard_RandomReword_48_02","Adventure_Hard_RandomReword_48","Item_Material_HeroExp_01","2","True","2000"
"Adventure_Hard_RandomReword_48_03","Adventure_Hard_RandomReword_48","Item_Material_EquipExp_01","2","True","2000"
"Adventure_Hard_RandomReword_48_04","Adventure_Hard_RandomReword_48","Item_Material_SkillLvUp_Common","2","True","2000"
"Adventure_Hard_RandomReword_48_05","Adventure_Hard_RandomReword_48","Item_RandomBox_EquipBox_Level4","2","False","2000"
"Adventure_Hard_RandomReword_49_01","Adventure_Hard_RandomReword_49","Item_Material_HeroGradeUp_Char_066_S01_B","1","True","2000"
"Adventure_Hard_RandomReword_49_02","Adventure_Hard_RandomReword_49","Item_Material_HeroExp_01","2","True","2000"
"Adventure_Hard_RandomReword_49_03","Adventure_Hard_RandomReword_49","Item_Material_EquipExp_01","2","True","2000"
"Adventure_Hard_RandomReword_49_04","Adventure_Hard_RandomReword_49","Item_Material_SkillLvUp_Common","2","True","2000"
"Adventure_Hard_RandomReword_49_05","Adventure_Hard_RandomReword_49","Item_RandomBox_EquipBox_Level5","2","False","2000"
"Adventure_Hard_RandomReword_50_01","Adventure_Hard_RandomReword_50","Item_Material_HeroGradeUp_Char_114_S01_B","1","True","2000"
"Adventure_Hard_RandomReword_50_02","Adventure_Hard_RandomReword_50","Item_Material_HeroExp_01","2","True","2000"
"Adventure_Hard_RandomReword_50_03","Adventure_Hard_RandomReword_50","Item_Material_EquipExp_01","2","True","2000"
"Adventure_Hard_RandomReword_50_04","Adventure_Hard_RandomReword_50","Item_Material_SkillLvUp_Common","2","True","2000"
"Adventure_Hard_RandomReword_50_05","Adventure_Hard_RandomReword_50","Item_RandomBox_EquipBox_Level5","2","False","2000"
"Adventure_Hard_RandomReword_51_01","Adventure_Hard_RandomReword_51","Item_Material_HeroGradeUp_Char_099_S01_G","1","True","2000"
"Adventure_Hard_RandomReword_51_02","Adventure_Hard_RandomReword_51","Item_Material_HeroExp_01","2","True","2000"
"Adventure_Hard_RandomReword_51_03","Adventure_Hard_RandomReword_51","Item_Material_EquipExp_01","2","True","2000"
"Adventure_Hard_RandomReword_51_04","Adventure_Hard_RandomReword_51","Item_Material_SkillLvUp_Common","2","True","2000"
"Adventure_Hard_RandomReword_51_05","Adventure_Hard_RandomReword_51","Item_RandomBox_EquipBox_Level5","2","False","2000"
"Adventure_Hard_RandomReword_52_01","Adventure_Hard_RandomReword_52","Item_Material_HeroGradeUp_Char_009_S01_G","1","True","2000"
"Adventure_Hard_RandomReword_52_02","Adventure_Hard_RandomReword_52","Item_Material_HeroExp_01","2","True","2000"
"Adventure_Hard_RandomReword_52_03","Adventure_Hard_RandomReword_52","Item_Material_EquipExp_01","2","True","2000"
"Adventure_Hard_RandomReword_52_04","Adventure_Hard_RandomReword_52","Item_Material_SkillLvUp_Common","2","True","2000"
"Adventure_Hard_RandomReword_52_05","Adventure_Hard_RandomReword_52","Item_RandomBox_EquipBox_Level5","2","False","2000"
"Adventure_Hard_RandomReword_53_01","Adventure_Hard_RandomReword_53","Item_Material_HeroGradeUp_Char_037_S01_L","1","True","2000"
"Adventure_Hard_RandomReword_53_02","Adventure_Hard_RandomReword_53","Item_Material_HeroExp_01","2","True","2000"
"Adventure_Hard_RandomReword_53_03","Adventure_Hard_RandomReword_53","Item_Material_EquipExp_01","2","True","2000"
"Adventure_Hard_RandomReword_53_04","Adventure_Hard_RandomReword_53","Item_Material_SkillLvUp_Common","2","True","2000"
"Adventure_Hard_RandomReword_53_05","Adventure_Hard_RandomReword_53","Item_RandomBox_EquipBox_Level5","2","False","2000"
"Adventure_Hard_RandomReword_54_01","Adventure_Hard_RandomReword_54","Item_Material_HeroGradeUp_Char_041_S01_R","1","True","2000"
"Adventure_Hard_RandomReword_54_02","Adventure_Hard_RandomReword_54","Item_Material_HeroExp_01","2","True","2000"
"Adventure_Hard_RandomReword_54_03","Adventure_Hard_RandomReword_54","Item_Material_EquipExp_01","2","True","2000"
"Adventure_Hard_RandomReword_54_04","Adventure_Hard_RandomReword_54","Item_Material_SkillLvUp_Common","2","True","2000"
"Adventure_Hard_RandomReword_54_05","Adventure_Hard_RandomReword_54","Item_RandomBox_EquipBox_Level5","2","False","2000"
"Dungeon_Heart_FirstReword_1_01","Dungeon_Heart_FirstReword_1","Item_Material_SkillLvUp_AttributeRed_01","5","True",""
"Dungeon_Heart_FirstReword_1_02","Dungeon_Heart_FirstReword_2","Item_Material_SkillLvUp_AttributeRed_02","5","True",""
"Dungeon_Heart_FirstReword_1_03","Dungeon_Heart_FirstReword_3","Item_Material_SkillLvUp_AttributeRed_03","5","True",""
"Dungeon_Diamond_FirstReword_1_01","Dungeon_Diamond_FirstReword_1","Item_Material_SkillLvUp_AttributeBlue_01","5","True",""
"Dungeon_Diamond_FirstReword_1_02","Dungeon_Diamond_FirstReword_2","Item_Material_SkillLvUp_AttributeBlue_02","5","True",""
"Dungeon_Diamond_FirstReword_1_03","Dungeon_Diamond_FirstReword_3","Item_Material_SkillLvUp_AttributeBlue_03","5","True",""
"Dungeon_Clover_FirstReword_1_01","Dungeon_Clover_FirstReword_1","Item_Material_SkillLvUp_AttributeGreen_01","5","True",""
"Dungeon_Clover_FirstReword_1_02","Dungeon_Clover_FirstReword_2","Item_Material_SkillLvUp_AttributeGreen_02","5","True",""
"Dungeon_Clover_FirstReword_1_03","Dungeon_Clover_FirstReword_3","Item_Material_SkillLvUp_AttributeGreen_03","5","True",""
"Dungeon_Spade_FirstReword_1_01","Dungeon_Spade_FirstReword_1","Item_WSkill_LvUp","10","True",""
"Dungeon_Spade_FirstReword_1_02","Dungeon_Spade_FirstReword_2","Item_WSkill_LvUp","15","True",""
"Dungeon_Spade_FirstReword_1_03","Dungeon_Spade_FirstReword_3","Item_WSkill_LvUp","20","True",""
"Dungeon_Spade_FirstReword_1_04","Dungeon_Spade_FirstReword_4","Item_WSkill_LvUp","25","True",""
"Dungeon_Spade_FirstReword_1_05","Dungeon_Spade_FirstReword_5","Item_WSkill_LvUp","30","True",""
"Dungeon_Spade_FirstReword_1_06","Dungeon_Spade_FirstReword_6","Item_WSkill_LvUp","35","True",""
"Dungeon_Spade_FirstReword_1_07","Dungeon_Spade_FirstReword_7","Item_WSkill_LvUp","40","True",""
"Dungeon_Spade_FirstReword_1_08","Dungeon_Spade_FirstReword_8","Item_WSkill_LvUp","45","True",""
"Dungeon_Spade_FirstReword_1_09","Dungeon_Spade_FirstReword_9","Item_WSkill_LvUp","50","True",""
"Dungeon_Fixed_Reword_1_01","Dungeon_Fixed_Reword_1","Item_Coin_ExpeditionCoin","1","True",""
"Dungeon_Fixed_Reword_1_02","Dungeon_Fixed_Reword_1","Item_RandomBox_Schedule_1Lv","1","True",""
"Dungeon_Fixed_Reword_2_01","Dungeon_Fixed_Reword_2","Item_Coin_ExpeditionCoin","2","True",""
"Dungeon_Fixed_Reword_2_02","Dungeon_Fixed_Reword_2","Item_RandomBox_Schedule_1Lv","1","True",""
"Dungeon_Fixed_Reword_3_01","Dungeon_Fixed_Reword_3","Item_Coin_ExpeditionCoin","3","True",""
"Dungeon_Fixed_Reword_3_02","Dungeon_Fixed_Reword_3","Item_RandomBox_Schedule_1Lv","1","True",""
"Dungeon_Fixed_Reword_4_01","Dungeon_Fixed_Reword_4","Item_Coin_ExpeditionCoin","4","True",""
"Dungeon_Fixed_Reword_4_02","Dungeon_Fixed_Reword_4","Item_RandomBox_Schedule_2Lv","1","True",""
"Dungeon_Fixed_Reword_5_01","Dungeon_Fixed_Reword_5","Item_Coin_ExpeditionCoin","5","True",""
"Dungeon_Fixed_Reword_5_02","Dungeon_Fixed_Reword_5","Item_RandomBox_Schedule_2Lv","1","True",""
"Dungeon_Fixed_Reword_6_01","Dungeon_Fixed_Reword_6","Item_Coin_ExpeditionCoin","6","True",""
"Dungeon_Fixed_Reword_6_02","Dungeon_Fixed_Reword_6","Item_RandomBox_Schedule_2Lv","1","True",""
"Dungeon_Fixed_Reword_7_01","Dungeon_Fixed_Reword_7","Item_Coin_ExpeditionCoin","7","True",""
"Dungeon_Fixed_Reword_7_02","Dungeon_Fixed_Reword_7","Item_RandomBox_Schedule_3Lv","1","True",""
"Dungeon_Fixed_Reword_8_01","Dungeon_Fixed_Reword_8","Item_Coin_ExpeditionCoin","8","True",""
"Dungeon_Fixed_Reword_8_02","Dungeon_Fixed_Reword_8","Item_RandomBox_Schedule_3Lv","1","True",""
"Dungeon_Fixed_Reword_9_01","Dungeon_Fixed_Reword_9","Item_Coin_ExpeditionCoin","9","True",""
"Dungeon_Fixed_Reword_9_02","Dungeon_Fixed_Reword_9","Item_RandomBox_Schedule_3Lv","1","True",""
"Dungeon_Heart_RandomReword_1_01","Dungeon_Heart_RandomReword_1","Item_Material_SkillLvUp_AttributeRed_01","1","True","2500"
"Dungeon_Heart_RandomReword_1_02","Dungeon_Heart_RandomReword_1","Item_Material_SkillLvUp_Common","1","True","7500"
"Dungeon_Heart_RandomReword_2_01","Dungeon_Heart_RandomReword_2","Item_Material_SkillLvUp_AttributeRed_02","1","True","500"
"Dungeon_Heart_RandomReword_2_02","Dungeon_Heart_RandomReword_2","Item_Material_SkillLvUp_AttributeRed_01","1","True","2000"
"Dungeon_Heart_RandomReword_2_03","Dungeon_Heart_RandomReword_2","Item_Material_SkillLvUp_Common","1","True","7500"
"Dungeon_Heart_RandomReword_3_01","Dungeon_Heart_RandomReword_3","Item_Material_SkillLvUp_AttributeRed_03","1","True","200"
"Dungeon_Heart_RandomReword_3_02","Dungeon_Heart_RandomReword_3","Item_Material_SkillLvUp_AttributeRed_02","1","True","600"
"Dungeon_Heart_RandomReword_3_03","Dungeon_Heart_RandomReword_3","Item_Material_SkillLvUp_AttributeRed_01","1","True","1700"
"Dungeon_Heart_RandomReword_3_04","Dungeon_Heart_RandomReword_3","Item_Material_SkillLvUp_Common","1","True","7500"
"Dungeon_Diamond_RandomReword_1_01","Dungeon_Diamond_RandomReword_1","Item_Material_SkillLvUp_AttributeBlue_01","1","True","2500"
"Dungeon_Diamond_RandomReword_1_02","Dungeon_Diamond_RandomReword_1","Item_Material_SkillLvUp_Common","1","True","7500"
"Dungeon_Diamond_RandomReword_2_01","Dungeon_Diamond_RandomReword_2","Item_Material_SkillLvUp_AttributeBlue_02","1","True","500"
"Dungeon_Diamond_RandomReword_2_02","Dungeon_Diamond_RandomReword_2","Item_Material_SkillLvUp_AttributeBlue_01","1","True","2000"
"Dungeon_Diamond_RandomReword_2_03","Dungeon_Diamond_RandomReword_2","Item_Material_SkillLvUp_Common","1","True","7500"
"Dungeon_Diamond_RandomReword_3_01","Dungeon_Diamond_RandomReword_3","Item_Material_SkillLvUp_AttributeBlue_03","1","True","200"
"Dungeon_Diamond_RandomReword_3_02","Dungeon_Diamond_RandomReword_3","Item_Material_SkillLvUp_AttributeBlue_02","1","True","600"
"Dungeon_Diamond_RandomReword_3_03","Dungeon_Diamond_RandomReword_3","Item_Material_SkillLvUp_AttributeBlue_01","1","True","1700"
"Dungeon_Diamond_RandomReword_3_04","Dungeon_Diamond_RandomReword_3","Item_Material_SkillLvUp_Common","1","True","7500"
"Dungeon_Clover_RandomReword_1_01","Dungeon_Clover_RandomReword_1","Item_Material_SkillLvUp_AttributeGreen_01","1","True","2500"
"Dungeon_Clover_RandomReword_1_02","Dungeon_Clover_RandomReword_1","Item_Material_SkillLvUp_Common","1","True","7500"
"Dungeon_Clover_RandomReword_2_01","Dungeon_Clover_RandomReword_2","Item_Material_SkillLvUp_AttributeGreen_02","1","True","500"
"Dungeon_Clover_RandomReword_2_02","Dungeon_Clover_RandomReword_2","Item_Material_SkillLvUp_AttributeGreen_01","1","True","2000"
"Dungeon_Clover_RandomReword_2_03","Dungeon_Clover_RandomReword_2","Item_Material_SkillLvUp_Common","1","True","7500"
"Dungeon_Clover_RandomReword_3_01","Dungeon_Clover_RandomReword_3","Item_Material_SkillLvUp_AttributeGreen_03","1","True","200"
"Dungeon_Clover_RandomReword_3_02","Dungeon_Clover_RandomReword_3","Item_Material_SkillLvUp_AttributeGreen_02","1","True","600"
"Dungeon_Clover_RandomReword_3_03","Dungeon_Clover_RandomReword_3","Item_Material_SkillLvUp_AttributeGreen_01","1","True","1700"
"Dungeon_Clover_RandomReword_3_04","Dungeon_Clover_RandomReword_3","Item_Material_SkillLvUp_Common","1","True","7500"
"Dungeon_Spade_RandomReword_1_01","Dungeon_Spade_RandomReword_1","Item_WSkill_LvUp","1","True","10000"
"Dungeon_Spade_RandomReword_2_01","Dungeon_Spade_RandomReword_2","Item_WSkill_LvUp","1","True","8667"
"Dungeon_Spade_RandomReword_2_02","Dungeon_Spade_RandomReword_2","Item_RandomBox_WSkill_GradeUp","1","True","1333"
"Dungeon_Spade_RandomReword_3_01","Dungeon_Spade_RandomReword_3","Item_WSkill_LvUp","2","True","8500"
"Dungeon_Spade_RandomReword_3_02","Dungeon_Spade_RandomReword_3","Item_RandomBox_WSkill_GradeUp","1","True","1500"
"Dungeon_Spade_RandomReword_4_01","Dungeon_Spade_RandomReword_4","Item_WSkill_LvUp","2","True","8667"
"Dungeon_Spade_RandomReword_4_04","Dungeon_Spade_RandomReword_4","Item_RandomBox_WSkill_GradeUp","1","True","1333"
"Ruins_FixedReword_1_01","Ruins_FixedReword_1","Item_Material_HeroExp_01","5","True",""
"Ruins_FixedReword_2_01","Ruins_FixedReword_2","Item_Material_HeroExp_02","1","True",""
"Ruins_FixedReword_2_02","Ruins_FixedReword_2","Item_Material_HeroExp_01","2","True",""
"Ruins_FixedReword_3_01","Ruins_FixedReword_3","Item_Material_HeroExp_02","1","True",""
"Ruins_FixedReword_3_02","Ruins_FixedReword_3","Item_Material_HeroExp_01","5","True",""
"Ruins_FixedReword_4_01","Ruins_FixedReword_4","Item_Material_HeroExp_02","2","True",""
"Ruins_FixedReword_4_02","Ruins_FixedReword_4","Item_Material_HeroExp_01","5","True",""
"Ruins_FixedReword_5_01","Ruins_FixedReword_5","Item_Material_HeroExp_02","3","True",""
"Ruins_FixedReword_5_02","Ruins_FixedReword_5","Item_Material_HeroExp_01","3","True",""
"Ruins_FixedReword_6_01","Ruins_FixedReword_6","Item_Material_HeroExp_03","1","True",""
"Ruins_FixedReword_6_02","Ruins_FixedReword_6","Item_Material_HeroExp_02","1","True",""
"Ruins_FixedReword_7_01","Ruins_FixedReword_7","Item_Material_HeroExp_03","1","True",""
"Ruins_FixedReword_7_02","Ruins_FixedReword_7","Item_Material_HeroExp_02","2","True",""
"Ruins_FixedReword_8_01","Ruins_FixedReword_8","Item_Material_HeroExp_03","1","True",""
"Ruins_FixedReword_8_02","Ruins_FixedReword_8","Item_Material_HeroExp_02","3","True",""
"Ruins_FixedReword_9_01","Ruins_FixedReword_9","Item_Material_HeroExp_03","1","True",""
"Ruins_FixedReword_9_02","Ruins_FixedReword_9","Item_Material_HeroExp_02","4","True",""
"Ruins_FristReword_1_01","Ruins_FristReword_1","Item_Material_HeroExp_01","10","True",""
"Ruins_FristReword_2_01","Ruins_FristReword_2","Item_Material_HeroExp_02","3","True",""
"Ruins_FristReword_3_01","Ruins_FristReword_3","Item_Material_HeroExp_02","6","True",""
"Ruins_FristReword_4_01","Ruins_FristReword_4","Item_Material_HeroExp_02","9","True",""
"Ruins_FristReword_5_01","Ruins_FristReword_5","Item_Material_HeroExp_03","4","True",""
"Ruins_FristReword_6_01","Ruins_FristReword_6","Item_Material_HeroExp_03","7","True",""
"Ruins_FristReword_7_01","Ruins_FristReword_7","Item_Material_HeroExp_04","10","True",""
"Ruins_FristReword_8_01","Ruins_FristReword_8","Item_Material_HeroExp_04","4","True",""
"Ruins_FristReword_9_01","Ruins_FristReword_9","Item_Material_HeroExp_04","6","True",""
"Ruins_RandomReword_1_01","Ruins_RandomReword_1","Item_Material_HeroExp_01","1","False","5000"
"Ruins_RandomReword_1_02","Ruins_RandomReword_1","Item_Material_HeroExp_01","1","False","5000"
"Ruins_RandomReword_2_01","Ruins_RandomReword_2","Item_Material_HeroExp_01","2","False","5000"
"Ruins_RandomReword_2_02","Ruins_RandomReword_2","Item_Material_HeroExp_01","1","False","5000"
"Ruins_RandomReword_3_01","Ruins_RandomReword_3","Item_Material_HeroExp_01","2","False","5000"
"Ruins_RandomReword_3_02","Ruins_RandomReword_3","Item_Material_HeroExp_01","2","False","5000"
"Ruins_RandomReword_4_01","Ruins_RandomReword_4","Item_Material_HeroExp_01","2","False","3334"
"Ruins_RandomReword_4_02","Ruins_RandomReword_4","Item_Material_HeroExp_01","2","False","3333"
"Ruins_RandomReword_4_03","Ruins_RandomReword_4","Item_Material_HeroExp_01","1","False","3333"
"Ruins_RandomReword_5_01","Ruins_RandomReword_5","Item_Material_HeroExp_01","2","False","3334"
"Ruins_RandomReword_5_02","Ruins_RandomReword_5","Item_Material_HeroExp_01","2","False","3333"
"Ruins_RandomReword_5_03","Ruins_RandomReword_5","Item_Material_HeroExp_01","2","False","3333"
"Ruins_RandomReword_6_01","Ruins_RandomReword_6","Item_Material_HeroExp_02","1","False","5000"
"Ruins_RandomReword_6_02","Ruins_RandomReword_6","Item_Material_HeroExp_01","2","False","5000"
"Ruins_RandomReword_7_01","Ruins_RandomReword_7","Item_Material_HeroExp_02","2","False","10000"
"Ruins_RandomReword_8_01","Ruins_RandomReword_8","Item_Material_HeroExp_02","3","False","10000"
"Ruins_RandomReword_9_01","Ruins_RandomReword_9","Item_Material_HeroExp_03","1","False","5000"
"Ruins_RandomReword_9_02","Ruins_RandomReword_9","Item_Material_HeroExp_02","1","False","5000"
"Schedule_Reword_1_01","Schedule_Reword_1","Item_RandomBox_Schedule_1Lv","1","True","10000"
"Schedule_Reword_2_01","Schedule_Reword_2","Item_RandomBox_ClassBook_Level2","1","True","2000"
"Schedule_Reword_2_02","Schedule_Reword_2","Item_RandomBox_ClassBook_Level1","1","True","8000"
"Schedule_Reword_3_01","Schedule_Reword_3","Item_RandomBox_ClassBook_Level3","1","True","500"
"Schedule_Reword_3_02","Schedule_Reword_3","Item_RandomBox_ClassBook_Level2","1","True","1500"
"Schedule_Reword_3_03","Schedule_Reword_3","Item_RandomBox_ClassBook_Level1","1","True","8000"
"Schedule_Reword_4_01","Schedule_Reword_4","Item_RandomBox_ClassBook_Level3","1","True","2000"
"Schedule_Reword_4_02","Schedule_Reword_4","Item_RandomBox_ClassBook_Level2","1","True","8000"
"Schedule_Reword_5_01","Schedule_Reword_5","Item_RandomBox_SkillLvUp_Class_04","1","True","500"
"Schedule_Reword_5_02","Schedule_Reword_5","Item_RandomBox_ClassBook_Level3","1","True","1500"
"Schedule_Reword_5_03","Schedule_Reword_5","Item_RandomBox_ClassBook_Level2","1","True","8000"
"Ruins_Gold_FixedReword_1_01","Ruins_Gold_FixedReword_1","Point_Gold","9000","True",""
"Ruins_Gold_FixedReword_2_01","Ruins_Gold_FixedReword_2","Point_Gold","11000","True",""
"Ruins_Gold_FixedReword_3_01","Ruins_Gold_FixedReword_3","Point_Gold","20000","True",""
"Ruins_Gold_FixedReword_4_01","Ruins_Gold_FixedReword_4","Point_Gold","35000","True",""
"Ruins_Gold_FixedReword_5_01","Ruins_Gold_FixedReword_5","Point_Gold","50000","True",""
"Ruins_Gold_FixedReword_6_01","Ruins_Gold_FixedReword_6","Point_Gold","62000","True",""
"Ruins_Gold_FixedReword_7_01","Ruins_Gold_FixedReword_7","Point_Gold","75000","True",""
"Ruins_Gold_FixedReword_8_01","Ruins_Gold_FixedReword_8","Point_Gold","95000","True",""
"Ruins_Gold_FixedReword_9_01","Ruins_Gold_FixedReword_9","Point_Gold","110000","True",""
"MessedUpMagicAcademy_FirstClearReward_01_01","MessedUpMagicAcademy_FirstClearReward_01","Item_EventAdventure_BossTicket","100","True",""
"MessedUpMagicAcademy_FirstClearReward_02_01","MessedUpMagicAcademy_FirstClearReward_02","Item_Coin_EventAdventure_Flask","100","True",""
"MessedUpMagicAcademy_FirstClearReward_03_01","MessedUpMagicAcademy_FirstClearReward_03","Item_EventAdventure_BossTicket","100","True",""
"MessedUpMagicAcademy_FirstClearReward_04_01","MessedUpMagicAcademy_FirstClearReward_04","Item_Coin_EventAdventure_Flask","100","True",""
"MessedUpMagicAcademy_FirstClearReward_05_01","MessedUpMagicAcademy_FirstClearReward_05","Item_Coin_EventAdventure_VotePaper","100","True",""
"MessedUpMagicAcademy_FirstClearReward_06_01","MessedUpMagicAcademy_FirstClearReward_06","Item_EventAdventure_BossTicket","200","True",""
"MessedUpMagicAcademy_FirstClearReward_07_01","MessedUpMagicAcademy_FirstClearReward_07","Item_Coin_EventAdventure_Flask","200","True",""
"MessedUpMagicAcademy_FirstClearReward_08_01","MessedUpMagicAcademy_FirstClearReward_08","Item_EventAdventure_BossTicket","200","True",""
"MessedUpMagicAcademy_FirstClearReward_09_01","MessedUpMagicAcademy_FirstClearReward_09","Item_Coin_EventAdventure_Flask","200","True",""
"MessedUpMagicAcademy_FirstClearReward_10_01","MessedUpMagicAcademy_FirstClearReward_10","Item_Coin_EventAdventure_VotePaper","200","True",""
"MessedUpMagicAcademy_FirstClearReward_11_01","MessedUpMagicAcademy_FirstClearReward_11","Item_EventAdventure_BossTicket","300","True",""
"MessedUpMagicAcademy_FirstClearReward_12_01","MessedUpMagicAcademy_FirstClearReward_12","Item_Coin_EventAdventure_Flask","300","True",""
"MessedUpMagicAcademy_FirstClearReward_13_01","MessedUpMagicAcademy_FirstClearReward_13","Item_EventAdventure_BossTicket","300","True",""
"MessedUpMagicAcademy_FirstClearReward_14_01","MessedUpMagicAcademy_FirstClearReward_14","Item_Coin_EventAdventure_Flask","300","True",""
"MessedUpMagicAcademy_FirstClearReward_15_01","MessedUpMagicAcademy_FirstClearReward_15","Item_Coin_EventAdventure_VotePaper","300","True",""
"MessedUpMagicAcademy_FirstClearReward_16_01","MessedUpMagicAcademy_FirstClearReward_16","Item_Material_HeroGradeUp_Char_066_S01_B","5","True",""
"MessedUpMagicAcademy_FirstClearReward_17_01","MessedUpMagicAcademy_FirstClearReward_17","Item_Material_HeroGradeUp_Char_066_S01_B","5","True",""
"MessedUpMagicAcademy_FirstClearReward_18_01","MessedUpMagicAcademy_FirstClearReward_18","Item_Material_HeroGradeUp_Char_066_S01_B","5","True",""
"MessedUpMagicAcademy_FirstClearReward_19_01","MessedUpMagicAcademy_FirstClearReward_19","Item_Coin_EventAdventure_FlagPen","20","True",""
"MessedUpMagicAcademy_FirstClearReward_20_01","MessedUpMagicAcademy_FirstClearReward_20","Item_Coin_EventAdventure_FlagPen","30","True",""
"MessedUpMagicAcademy_FirstClearReward_21_01","MessedUpMagicAcademy_FirstClearReward_21","Item_Coin_EventAdventure_FlagPen","40","True",""
"MessedUpMagicAcademy_FirstClearReward_22_01","MessedUpMagicAcademy_FirstClearReward_22","Item_Coin_EventAdventure_FlagPen","50","True",""
"MessedUpMagicAcademy_FirstClearReward_23_01","MessedUpMagicAcademy_FirstClearReward_23","Item_Coin_EventAdventure_FlagPen","60","True",""
"MessedUpMagicAcademy_FixedReward_01_01","MessedUpMagicAcademy_FixedReward_01","Item_EventAdventure_BossTicket","8","True",""
"MessedUpMagicAcademy_FixedReward_01_02","MessedUpMagicAcademy_FixedReward_01","Item_Coin_EventAdventure_Flask","6","True",""
"MessedUpMagicAcademy_FixedReward_01_03","MessedUpMagicAcademy_FixedReward_01","Item_Coin_EventAdventure_VotePaper","6","True",""
"MessedUpMagicAcademy_FixedReward_02_01","MessedUpMagicAcademy_FixedReward_02","Item_Coin_EventAdventure_Flask","12","True",""
"MessedUpMagicAcademy_FixedReward_02_02","MessedUpMagicAcademy_FixedReward_02","Item_EventAdventure_BossTicket","8","True",""
"MessedUpMagicAcademy_FixedReward_03_01","MessedUpMagicAcademy_FixedReward_03","Item_Coin_EventAdventure_VotePaper","12","True",""
"MessedUpMagicAcademy_FixedReward_03_02","MessedUpMagicAcademy_FixedReward_03","Item_Coin_EventAdventure_Flask","8","True",""
"MessedUpMagicAcademy_FixedReward_04_01","MessedUpMagicAcademy_FixedReward_04","Item_EventAdventure_BossTicket","12","True",""
"MessedUpMagicAcademy_FixedReward_04_02","MessedUpMagicAcademy_FixedReward_04","Item_Coin_EventAdventure_VotePaper","8","True",""
"MessedUpMagicAcademy_FixedReward_05_01","MessedUpMagicAcademy_FixedReward_05","Item_Coin_EventAdventure_VotePaper","20","True",""
"MessedUpMagicAcademy_FixedReward_06_01","MessedUpMagicAcademy_FixedReward_06","Item_EventAdventure_BossTicket","10","True",""
"MessedUpMagicAcademy_FixedReward_06_02","MessedUpMagicAcademy_FixedReward_06","Item_Coin_EventAdventure_Flask","10","True",""
"MessedUpMagicAcademy_FixedReward_06_03","MessedUpMagicAcademy_FixedReward_06","Item_Coin_EventAdventure_VotePaper","10","True",""
"MessedUpMagicAcademy_FixedReward_07_01","MessedUpMagicAcademy_FixedReward_07","Item_Coin_EventAdventure_Flask","18","True",""
"MessedUpMagicAcademy_FixedReward_07_02","MessedUpMagicAcademy_FixedReward_07","Item_EventAdventure_BossTicket","12","True",""
"MessedUpMagicAcademy_FixedReward_08_01","MessedUpMagicAcademy_FixedReward_08","Item_Coin_EventAdventure_VotePaper","18","True",""
"MessedUpMagicAcademy_FixedReward_08_02","MessedUpMagicAcademy_FixedReward_08","Item_Coin_EventAdventure_Flask","12","True",""
"MessedUpMagicAcademy_FixedReward_09_01","MessedUpMagicAcademy_FixedReward_09","Item_EventAdventure_BossTicket","18","True",""
"MessedUpMagicAcademy_FixedReward_09_02","MessedUpMagicAcademy_FixedReward_09","Item_Coin_EventAdventure_VotePaper","12","True",""
"MessedUpMagicAcademy_FixedReward_10_01","MessedUpMagicAcademy_FixedReward_10","Item_Coin_EventAdventure_VotePaper","30","True",""
"MessedUpMagicAcademy_FixedReward_11_01","MessedUpMagicAcademy_FixedReward_11","Item_EventAdventure_BossTicket","14","True",""
"MessedUpMagicAcademy_FixedReward_11_02","MessedUpMagicAcademy_FixedReward_11","Item_Coin_EventAdventure_Flask","14","True",""
"MessedUpMagicAcademy_FixedReward_11_03","MessedUpMagicAcademy_FixedReward_11","Item_Coin_EventAdventure_VotePaper","12","True",""
"MessedUpMagicAcademy_FixedReward_12_01","MessedUpMagicAcademy_FixedReward_12","Item_Coin_EventAdventure_Flask","24","True",""
"MessedUpMagicAcademy_FixedReward_12_02","MessedUpMagicAcademy_FixedReward_12","Item_EventAdventure_BossTicket","16","True",""
"MessedUpMagicAcademy_FixedReward_13_01","MessedUpMagicAcademy_FixedReward_13","Item_Coin_EventAdventure_VotePaper","24","True",""
"MessedUpMagicAcademy_FixedReward_13_02","MessedUpMagicAcademy_FixedReward_13","Item_Coin_EventAdventure_Flask","16","True",""
"MessedUpMagicAcademy_FixedReward_14_01","MessedUpMagicAcademy_FixedReward_14","Item_EventAdventure_BossTicket","24","True",""
"MessedUpMagicAcademy_FixedReward_14_02","MessedUpMagicAcademy_FixedReward_14","Item_Coin_EventAdventure_VotePaper","16","True",""
"MessedUpMagicAcademy_FixedReward_15_01","MessedUpMagicAcademy_FixedReward_15","Item_Coin_EventAdventure_VotePaper","40","True",""
"MessedUpMagicAcademy_FixedReward_16_01","MessedUpMagicAcademy_FixedReward_16","Item_EventAdventure_BossTicket","40","True",""
"MessedUpMagicAcademy_FixedReward_17_01","MessedUpMagicAcademy_FixedReward_17","Item_Coin_EventAdventure_Flask","40","True",""
"MessedUpMagicAcademy_FixedReward_18_01","MessedUpMagicAcademy_FixedReward_18","Item_Coin_EventAdventure_VotePaper","40","True",""
"MessedUpMagicAcademy_FixedReward_19_01","MessedUpMagicAcademy_FixedReward_19","Item_Coin_EventAdventure_FlagPen","8","True",""
"MessedUpMagicAcademy_FixedReward_20_01","MessedUpMagicAcademy_FixedReward_20","Item_Coin_EventAdventure_FlagPen","10","True",""
"MessedUpMagicAcademy_FixedReward_21_01","MessedUpMagicAcademy_FixedReward_21","Item_Coin_EventAdventure_FlagPen","12","True",""
"MessedUpMagicAcademy_FixedReward_22_01","MessedUpMagicAcademy_FixedReward_22","Item_Coin_EventAdventure_FlagPen","14","True",""
"MessedUpMagicAcademy_FixedReward_23_01","MessedUpMagicAcademy_FixedReward_23","Item_Coin_EventAdventure_FlagPen","16","True",""
"MessedUpMagicAcademy_RandomReward_01_01","MessedUpMagicAcademy_RandomReward_01","Point_Gold","5","False","10000"
"MessedUpMagicAcademy_RandomReward_02_01","MessedUpMagicAcademy_RandomReward_02","Point_Gold","5","False","10000"
"MessedUpMagicAcademy_RandomReward_03_01","MessedUpMagicAcademy_RandomReward_03","Point_Gold","5","False","10000"
"MessedUpMagicAcademy_RandomReward_04_01","MessedUpMagicAcademy_RandomReward_04","Point_Gold","5","False","10000"
"MessedUpMagicAcademy_RandomReward_05_01","MessedUpMagicAcademy_RandomReward_05","Point_Gold","5","False","10000"
"MessedUpMagicAcademy_RandomReward_06_01","MessedUpMagicAcademy_RandomReward_06","Point_Gold","5","False","10000"
"MessedUpMagicAcademy_RandomReward_07_01","MessedUpMagicAcademy_RandomReward_07","Point_Gold","5","False","10000"
"MessedUpMagicAcademy_RandomReward_08_01","MessedUpMagicAcademy_RandomReward_08","Point_Gold","5","False","10000"
"MessedUpMagicAcademy_RandomReward_09_01","MessedUpMagicAcademy_RandomReward_09","Point_Gold","5","False","10000"
"MessedUpMagicAcademy_RandomReward_10_01","MessedUpMagicAcademy_RandomReward_10","Point_Gold","5","False","10000"
"MessedUpMagicAcademy_RandomReward_11_01","MessedUpMagicAcademy_RandomReward_11","Point_Gold","5","False","10000"
"MessedUpMagicAcademy_RandomReward_12_01","MessedUpMagicAcademy_RandomReward_12","Point_Gold","5","False","10000"
"MessedUpMagicAcademy_RandomReward_13_01","MessedUpMagicAcademy_RandomReward_13","Point_Gold","5","False","10000"
"MessedUpMagicAcademy_RandomReward_14_01","MessedUpMagicAcademy_RandomReward_14","Point_Gold","5","False","10000"
"MessedUpMagicAcademy_RandomReward_15_01","MessedUpMagicAcademy_RandomReward_15","Point_Gold","5","False","10000"
"MessedUpMagicAcademy_RandomReward_16_01","MessedUpMagicAcademy_RandomReward_16","Point_Gold","5","False","10000"
"MessedUpMagicAcademy_RandomReward_17_01","MessedUpMagicAcademy_RandomReward_17","Point_Gold","5","False","10000"
"MessedUpMagicAcademy_RandomReward_18_01","MessedUpMagicAcademy_RandomReward_18","Point_Gold","5","False","10000"
"MessedUpMagicAcademy_RandomReward_19_01","MessedUpMagicAcademy_RandomReward_19","Point_Gold","5","False","10000"
"MessedUpMagicAcademy_RandomReward_20_01","MessedUpMagicAcademy_RandomReward_20","Point_Gold","5","False","10000"
"MessedUpMagicAcademy_RandomReward_21_01","MessedUpMagicAcademy_RandomReward_21","Point_Gold","5","False","10000"
"MessedUpMagicAcademy_RandomReward_22_01","MessedUpMagicAcademy_RandomReward_22","Point_Gold","5","False","10000"
"MessedUpMagicAcademy_RandomReward_23_01","MessedUpMagicAcademy_RandomReward_23","Point_Gold","5","False","10000"
"MessedUpMagicAcademy_Char_105_S01_B_Round_01","MessedUpMagicAcademy_Char_105_S01_B_Round","Item_Material_HeroExp_04","10","True",""
"MessedUpMagicAcademy_Char_105_S01_B_Round_02","MessedUpMagicAcademy_Char_105_S01_B_Round","Point_Gold","200000","False",""
"MessedUpMagicAcademy_Char_105_S01_B_Round_03","MessedUpMagicAcademy_Char_105_S01_B_Round","Item_RandomBox_AttributeBlue_03","5","False",""
"MessedUpMagicAcademy_Char_105_S01_B_Fixed_01","MessedUpMagicAcademy_Char_105_S01_B_Fixed","Item_Material_EquipExp_01","6","True",""
"MessedUpMagicAcademy_Char_105_S01_B_Random_01","MessedUpMagicAcademy_Char_105_S01_B_Random","Item_Material_HeroExp_01","5","True","500"
"MessedUpMagicAcademy_Char_105_S01_B_Random_02","MessedUpMagicAcademy_Char_105_S01_B_Random","Item_Material_SkillLvUp_Common","2","True","600"
"MessedUpMagicAcademy_Char_105_S01_B_Random_03","MessedUpMagicAcademy_Char_105_S01_B_Random","Item_WSkill_LvUp","1","True","900"
"MessedUpMagicAcademy_Char_105_S01_B_Random_04","MessedUpMagicAcademy_Char_105_S01_B_Random","Point_Gold","4000","True","1000"
"MessedUpMagicAcademy_Char_105_S01_B_Random_05","MessedUpMagicAcademy_Char_105_S01_B_Random","Item_RandomBox_SkillLvUp_ClassFighter_02","1","True","7000"
"MessedUpMagicAcademy_Char_014_S01_D_Round_01","MessedUpMagicAcademy_Char_014_S01_D_Round","Item_RandomBox_WSkill_GradeUp","5","True",""
"MessedUpMagicAcademy_Char_014_S01_D_Round_02","MessedUpMagicAcademy_Char_014_S01_D_Round","Point_Gold","200000","False",""
"MessedUpMagicAcademy_Char_014_S01_D_Round_03","MessedUpMagicAcademy_Char_014_S01_D_Round","Item_RandomBox_AttributeRed_03","5","False",""
"MessedUpMagicAcademy_Char_014_S01_D_Fixed_01","MessedUpMagicAcademy_Char_014_S01_D_Fixed","Item_Material_SkillLvUp_Common","6","True",""
"MessedUpMagicAcademy_Char_014_S01_D_Random_01","MessedUpMagicAcademy_Char_014_S01_D_Random","Item_Material_HeroExp_01","5","True","500"
"MessedUpMagicAcademy_Char_014_S01_D_Random_02","MessedUpMagicAcademy_Char_014_S01_D_Random","Item_Material_EquipExp_01","2","True","600"
"MessedUpMagicAcademy_Char_014_S01_D_Random_03","MessedUpMagicAcademy_Char_014_S01_D_Random","Item_WSkill_LvUp","1","True","900"
"MessedUpMagicAcademy_Char_014_S01_D_Random_04","MessedUpMagicAcademy_Char_014_S01_D_Random","Point_Gold","4000","True","1000"
"MessedUpMagicAcademy_Char_014_S01_D_Random_05","MessedUpMagicAcademy_Char_014_S01_D_Random","Item_RandomBox_SkillLvUp_ClassMage_02","1","True","7000"
"MessedUpMagicAcademy_Char_066_S01_B_Round_01","MessedUpMagicAcademy_Char_066_S01_B_Round","Item_Material_EquipExp_04","10","True",""
"MessedUpMagicAcademy_Char_066_S01_B_Round_02","MessedUpMagicAcademy_Char_066_S01_B_Round","Point_Gold","200000","False",""
"MessedUpMagicAcademy_Char_066_S01_B_Round_03","MessedUpMagicAcademy_Char_066_S01_B_Round","Item_RandomBox_AttributeBlue_03","5","False",""
"MessedUpMagicAcademy_Char_066_S01_B_Fixed_01","MessedUpMagicAcademy_Char_066_S01_B_Fixed","Item_WSkill_LvUp","3","True",""
"MessedUpMagicAcademy_Char_066_S01_B_Random_01","MessedUpMagicAcademy_Char_066_S01_B_Random","Item_Material_HeroExp_01","5","True","500"
"MessedUpMagicAcademy_Char_066_S01_B_Random_02","MessedUpMagicAcademy_Char_066_S01_B_Random","Item_Material_EquipExp_01","2","True","600"
"MessedUpMagicAcademy_Char_066_S01_B_Random_03","MessedUpMagicAcademy_Char_066_S01_B_Random","Item_Material_SkillLvUp_Common","2","True","900"
"MessedUpMagicAcademy_Char_066_S01_B_Random_04","MessedUpMagicAcademy_Char_066_S01_B_Random","Point_Gold","4000","True","1000"
"MessedUpMagicAcademy_Char_066_S01_B_Random_05","MessedUpMagicAcademy_Char_066_S01_B_Random","Item_RandomBox_SkillLvUp_ClassMage_02","1","True","7000"
"MessedUpMagicAcademy_Char_106_S01_R_Round_01","MessedUpMagicAcademy_Char_106_S01_R_Round","Item_Coin_MemoryCoin","10","True",""
"MessedUpMagicAcademy_Char_106_S01_R_Round_02","MessedUpMagicAcademy_Char_106_S01_R_Round","Point_Gold","200000","False",""
"MessedUpMagicAcademy_Char_106_S01_R_Round_03","MessedUpMagicAcademy_Char_106_S01_R_Round","Item_RandomBox_AttributeRed_03","5","False",""
"MessedUpMagicAcademy_Char_106_S01_R_Fixed_01","MessedUpMagicAcademy_Char_106_S01_R_Fixed","Point_Gold","12000","True",""
"MessedUpMagicAcademy_Char_106_S01_R_Random_01","MessedUpMagicAcademy_Char_106_S01_R_Random","Item_Material_HeroExp_01","5","True","500"
"MessedUpMagicAcademy_Char_106_S01_R_Random_02","MessedUpMagicAcademy_Char_106_S01_R_Random","Item_Material_EquipExp_01","2","True","600"
"MessedUpMagicAcademy_Char_106_S01_R_Random_03","MessedUpMagicAcademy_Char_106_S01_R_Random","Item_Material_SkillLvUp_Common","2","True","900"
"MessedUpMagicAcademy_Char_106_S01_R_Random_04","MessedUpMagicAcademy_Char_106_S01_R_Random","Item_WSkill_LvUp","1","True","1000"
"MessedUpMagicAcademy_Char_106_S01_R_Random_05","MessedUpMagicAcademy_Char_106_S01_R_Random","Item_RandomBox_SkillLvUp_ClassCleric_02","1","True","7000"
"VisitNpc_Halloween2025_KingdomReward_01_01","VisitNpc_Halloween2025_KingdomReward_01","Item_Coin_Event_TileBreak_Halloween2025","200","True",""
"EventTileBreak_Halloween2025_Round01_01_Fixed_01","EventTileBreak_Halloween2025_Round01_01_Fixed","Item_Material_SkillLvUp_ClassRanger_02","1","True",""
"EventTileBreak_Halloween2025_Round01_01_Fixed_02","EventTileBreak_Halloween2025_Round01_01_Fixed","Item_Material_EquipExp_03","1","True",""
"EventTileBreak_Halloween2025_Round01_01_Fixed_03","EventTileBreak_Halloween2025_Round01_01_Fixed","Item_Material_EquipGradeUp_Ranged_02","1","True",""
"EventTileBreak_Halloween2025_Round01_01_Fixed_04","EventTileBreak_Halloween2025_Round01_01_Fixed","Item_Material_HeroExp_02","1","True",""
"EventTileBreak_Halloween2025_Round01_01_Fixed_05","EventTileBreak_Halloween2025_Round01_01_Fixed","Item_Material_HeroExp_01","1","True",""
"EventTileBreak_Halloween2025_Round01_01_Fixed_06","EventTileBreak_Halloween2025_Round01_01_Fixed","Item_Material_EquipExp_01","1","True",""
"EventTileBreak_Halloween2025_Round01_01_Fixed_07","EventTileBreak_Halloween2025_Round01_01_Fixed","Item_Material_SkillLvUp_Common","2","True",""
"EventTileBreak_Halloween2025_Round01_02_Fixed_01","EventTileBreak_Halloween2025_Round01_02_Fixed","Item_Material_EquipGradeUp_Cape_04","1","True",""
"EventTileBreak_Halloween2025_Round01_02_Fixed_02","EventTileBreak_Halloween2025_Round01_02_Fixed","Item_Material_EquipExp_03","1","True",""
"EventTileBreak_Halloween2025_Round01_02_Fixed_03","EventTileBreak_Halloween2025_Round01_02_Fixed","Item_Material_EquipGradeUp_Ranged_02","1","True",""
"EventTileBreak_Halloween2025_Round01_02_Fixed_04","EventTileBreak_Halloween2025_Round01_02_Fixed","Item_Material_HeroExp_02","1","True",""
"EventTileBreak_Halloween2025_Round01_02_Fixed_05","EventTileBreak_Halloween2025_Round01_02_Fixed","Item_Material_HeroExp_01","1","True",""
"EventTileBreak_Halloween2025_Round01_02_Fixed_06","EventTileBreak_Halloween2025_Round01_02_Fixed","Item_Material_EquipExp_01","1","True",""
"EventTileBreak_Halloween2025_Round01_02_Fixed_07","EventTileBreak_Halloween2025_Round01_02_Fixed","Item_Material_SkillLvUp_Common","2","True",""
"EventTileBreak_Halloween2025_Round01_03_Fixed_01","EventTileBreak_Halloween2025_Round01_03_Fixed","Item_Material_SkillLvUp_ClassRanger_02","1","True",""
"EventTileBreak_Halloween2025_Round01_03_Fixed_02","EventTileBreak_Halloween2025_Round01_03_Fixed","Item_Material_EquipExp_03","1","True",""
"EventTileBreak_Halloween2025_Round01_03_Fixed_03","EventTileBreak_Halloween2025_Round01_03_Fixed","Item_Material_EquipGradeUp_Ranged_02","1","True",""
"EventTileBreak_Halloween2025_Round01_03_Fixed_04","EventTileBreak_Halloween2025_Round01_03_Fixed","Item_Material_HeroExp_02","1","True",""
"EventTileBreak_Halloween2025_Round01_03_Fixed_05","EventTileBreak_Halloween2025_Round01_03_Fixed","Item_Material_HeroExp_01","1","True",""
"EventTileBreak_Halloween2025_Round01_03_Fixed_06","EventTileBreak_Halloween2025_Round01_03_Fixed","Item_Material_EquipExp_01","1","True",""
"EventTileBreak_Halloween2025_Round01_03_Fixed_07","EventTileBreak_Halloween2025_Round01_03_Fixed","Item_Material_SkillLvUp_Common","2","True",""
"EventTileBreak_Halloween2025_Round02_01_Fixed_01","EventTileBreak_Halloween2025_Round02_01_Fixed","Item_Material_SkillLvUp_ClassRanger_01","1","True",""
"EventTileBreak_Halloween2025_Round02_01_Fixed_02","EventTileBreak_Halloween2025_Round02_01_Fixed","Item_Material_EquipExp_03","1","True",""
"EventTileBreak_Halloween2025_Round02_01_Fixed_03","EventTileBreak_Halloween2025_Round02_01_Fixed","Item_Material_EquipGradeUp_Ranged_02","1","True",""
"EventTileBreak_Halloween2025_Round02_01_Fixed_04","EventTileBreak_Halloween2025_Round02_01_Fixed","Item_Material_HeroExp_02","1","True",""
"EventTileBreak_Halloween2025_Round02_01_Fixed_05","EventTileBreak_Halloween2025_Round02_01_Fixed","Item_Material_HeroExp_01","1","True",""
"EventTileBreak_Halloween2025_Round02_01_Fixed_06","EventTileBreak_Halloween2025_Round02_01_Fixed","Item_Material_EquipExp_01","1","True",""
"EventTileBreak_Halloween2025_Round02_02_Fixed_01","EventTileBreak_Halloween2025_Round02_02_Fixed","Item_Material_EquipGradeUp_Ranged_04","1","True",""
"EventTileBreak_Halloween2025_Round02_02_Fixed_02","EventTileBreak_Halloween2025_Round02_02_Fixed","Item_Material_EquipExp_03","1","True",""
"EventTileBreak_Halloween2025_Round02_02_Fixed_03","EventTileBreak_Halloween2025_Round02_02_Fixed","Item_Material_EquipGradeUp_Ranged_02","1","True",""
"EventTileBreak_Halloween2025_Round02_02_Fixed_04","EventTileBreak_Halloween2025_Round02_02_Fixed","Item_Material_HeroExp_02","1","True",""
"EventTileBreak_Halloween2025_Round02_02_Fixed_05","EventTileBreak_Halloween2025_Round02_02_Fixed","Item_Material_HeroExp_01","1","True",""
"EventTileBreak_Halloween2025_Round02_02_Fixed_06","EventTileBreak_Halloween2025_Round02_02_Fixed","Item_Material_EquipExp_01","1","True",""
"EventTileBreak_Halloween2025_Round02_03_Fixed_01","EventTileBreak_Halloween2025_Round02_03_Fixed","Item_Material_EquipGradeUp_Ranged_04","1","True",""
"EventTileBreak_Halloween2025_Round02_03_Fixed_02","EventTileBreak_Halloween2025_Round02_03_Fixed","Item_Material_EquipExp_03","1","True",""
"EventTileBreak_Halloween2025_Round02_03_Fixed_03","EventTileBreak_Halloween2025_Round02_03_Fixed","Item_Material_EquipGradeUp_Ranged_02","1","True",""
"EventTileBreak_Halloween2025_Round02_03_Fixed_04","EventTileBreak_Halloween2025_Round02_03_Fixed","Item_Material_HeroExp_02","1","True",""
"EventTileBreak_Halloween2025_Round02_03_Fixed_05","EventTileBreak_Halloween2025_Round02_03_Fixed","Item_Material_HeroExp_01","1","True",""
"EventTileBreak_Halloween2025_Round02_03_Fixed_06","EventTileBreak_Halloween2025_Round02_03_Fixed","Item_Material_EquipExp_01","1","True",""
"EventTileBreak_Halloween2025_Round03_01_Fixed_01","EventTileBreak_Halloween2025_Round03_01_Fixed","Item_Material_SkillLvUp_ClassRanger_02","1","True",""
"EventTileBreak_Halloween2025_Round03_01_Fixed_02","EventTileBreak_Halloween2025_Round03_01_Fixed","Item_Material_EquipExp_03","1","True",""
"EventTileBreak_Halloween2025_Round03_01_Fixed_03","EventTileBreak_Halloween2025_Round03_01_Fixed","Item_Material_EquipGradeUp_Cape_02","1","True",""
"EventTileBreak_Halloween2025_Round03_01_Fixed_04","EventTileBreak_Halloween2025_Round03_01_Fixed","Item_Material_HeroExp_02","1","True",""
"EventTileBreak_Halloween2025_Round03_01_Fixed_05","EventTileBreak_Halloween2025_Round03_01_Fixed","Item_Material_HeroExp_01","1","True",""
"EventTileBreak_Halloween2025_Round03_01_Fixed_06","EventTileBreak_Halloween2025_Round03_01_Fixed","Item_Material_EquipExp_01","1","True",""
"EventTileBreak_Halloween2025_Round03_01_Fixed_07","EventTileBreak_Halloween2025_Round03_01_Fixed","Item_Material_SkillLvUp_Common","2","True",""
"EventTileBreak_Halloween2025_Round03_02_Fixed_01","EventTileBreak_Halloween2025_Round03_02_Fixed","Item_Material_SkillLvUp_ClassRanger_02","1","True",""
"EventTileBreak_Halloween2025_Round03_02_Fixed_02","EventTileBreak_Halloween2025_Round03_02_Fixed","Item_Material_EquipExp_03","1","True",""
"EventTileBreak_Halloween2025_Round03_02_Fixed_03","EventTileBreak_Halloween2025_Round03_02_Fixed","Item_Material_EquipGradeUp_Cape_02","1","True",""
"EventTileBreak_Halloween2025_Round03_02_Fixed_04","EventTileBreak_Halloween2025_Round03_02_Fixed","Item_Material_HeroExp_02","1","True",""
"EventTileBreak_Halloween2025_Round03_02_Fixed_05","EventTileBreak_Halloween2025_Round03_02_Fixed","Item_Material_HeroExp_01","1","True",""
"EventTileBreak_Halloween2025_Round03_02_Fixed_06","EventTileBreak_Halloween2025_Round03_02_Fixed","Item_Material_EquipExp_01","1","True",""
"EventTileBreak_Halloween2025_Round03_02_Fixed_07","EventTileBreak_Halloween2025_Round03_02_Fixed","Item_Material_SkillLvUp_Common","2","True",""
"EventTileBreak_Halloween2025_Round03_03_Fixed_01","EventTileBreak_Halloween2025_Round03_03_Fixed","Item_Material_EquipGradeUp_Ranged_04","1","True",""
"EventTileBreak_Halloween2025_Round03_03_Fixed_02","EventTileBreak_Halloween2025_Round03_03_Fixed","Item_Material_EquipExp_03","1","True",""
"EventTileBreak_Halloween2025_Round03_03_Fixed_03","EventTileBreak_Halloween2025_Round03_03_Fixed","Item_Material_EquipGradeUp_Cape_02","1","True",""
"EventTileBreak_Halloween2025_Round03_03_Fixed_04","EventTileBreak_Halloween2025_Round03_03_Fixed","Item_Material_HeroExp_02","1","True",""
"EventTileBreak_Halloween2025_Round03_03_Fixed_05","EventTileBreak_Halloween2025_Round03_03_Fixed","Item_Material_HeroExp_01","1","True",""
"EventTileBreak_Halloween2025_Round03_03_Fixed_06","EventTileBreak_Halloween2025_Round03_03_Fixed","Item_Material_EquipExp_01","1","True",""
"EventTileBreak_Halloween2025_Round04_01_Fixed_01","EventTileBreak_Halloween2025_Round04_01_Fixed","Item_Material_SkillLvUp_Cyberia_Emblem","1","True",""
"EventTileBreak_Halloween2025_Round04_01_Fixed_02","EventTileBreak_Halloween2025_Round04_01_Fixed","Item_Material_HeroGradeUp_Char_099_S01_G","20","True",""
"EventTileBreak_Halloween2025_Round04_01_Fixed_03","EventTileBreak_Halloween2025_Round04_01_Fixed","Item_Material_SkillLvUp_AttributeBlue_04","1","True",""
"EventTileBreak_Halloween2025_Round04_01_Fixed_04","EventTileBreak_Halloween2025_Round04_01_Fixed","Item_Material_SkillLvUp_ClassFighter_04","1","True",""
"EventTileBreak_Halloween2025_Round04_01_Fixed_05","EventTileBreak_Halloween2025_Round04_01_Fixed","Item_Material_SkillLvUp_ClassRanger_04","1","True",""
"EventTileBreak_Halloween2025_Round04_01_Fixed_06","EventTileBreak_Halloween2025_Round04_01_Fixed","Item_Material_EquipExp_05","1","True",""
"EventTileBreak_Halloween2025_Round04_01_Fixed_07","EventTileBreak_Halloween2025_Round04_01_Fixed","Item_Material_SkillLvUp_AttributeRed_03","1","True",""
"EventTileBreak_Halloween2025_Round04_01_Fixed_08","EventTileBreak_Halloween2025_Round04_01_Fixed","Item_Material_SkillLvUp_ClassRanger_03","1","True",""
"EventTileBreak_Halloween2025_Round04_01_Fixed_09","EventTileBreak_Halloween2025_Round04_01_Fixed","Item_Material_SkillLvUp_ClassFighter_03","1","True",""
"EventTileBreak_Halloween2025_Round04_01_Fixed_10","EventTileBreak_Halloween2025_Round04_01_Fixed","Item_Material_SkillLvUp_AttributeBlue_02","1","True",""
"EventTileBreak_Halloween2025_Round04_01_Fixed_11","EventTileBreak_Halloween2025_Round04_01_Fixed","Item_Material_SkillLvUp_AttributeRed_02","1","True",""
"EventTileBreak_Halloween2025_Round04_01_Fixed_12","EventTileBreak_Halloween2025_Round04_01_Fixed","Item_Material_EquipGradeUp_Ranged_04","1","True",""
"EventTileBreak_Halloween2025_Round04_01_Fixed_13","EventTileBreak_Halloween2025_Round04_01_Fixed","Item_Material_EquipGradeUp_Cape_03","1","True",""
"EventTileBreak_Halloween2025_Round04_01_Fixed_14","EventTileBreak_Halloween2025_Round04_01_Fixed","Item_Material_EquipExp_01","1","True",""
"EventTileBreak_Halloween2025_Round04_02_Fixed_01","EventTileBreak_Halloween2025_Round04_02_Fixed","Item_Material_EquipGradeUp_Ranged_04","1","True",""
"EventTileBreak_Halloween2025_Round04_02_Fixed_02","EventTileBreak_Halloween2025_Round04_02_Fixed","Item_Material_EquipGradeUp_Ring_03","1","True",""
"EventTileBreak_Halloween2025_Round04_02_Fixed_03","EventTileBreak_Halloween2025_Round04_02_Fixed","Item_Material_EquipGradeUp_Cape_02","1","True",""
"EventTileBreak_Halloween2025_Round04_02_Fixed_04","EventTileBreak_Halloween2025_Round04_02_Fixed","Item_Material_HeroExp_02","1","True",""
"EventTileBreak_Halloween2025_Round04_02_Fixed_05","EventTileBreak_Halloween2025_Round04_02_Fixed","Item_Material_HeroExp_01","1","True",""
"EventTileBreak_Halloween2025_Round04_02_Fixed_06","EventTileBreak_Halloween2025_Round04_02_Fixed","Item_Material_EquipExp_01","1","True",""
"EventTileBreak_Halloween2025_Round04_03_Fixed_01","EventTileBreak_Halloween2025_Round04_03_Fixed","Item_Material_EquipGradeUp_Ranged_04","1","True",""
"EventTileBreak_Halloween2025_Round04_03_Fixed_02","EventTileBreak_Halloween2025_Round04_03_Fixed","Item_Material_EquipGradeUp_Ring_03","1","True",""
"EventTileBreak_Halloween2025_Round04_03_Fixed_03","EventTileBreak_Halloween2025_Round04_03_Fixed","Item_Material_EquipGradeUp_Cape_02","1","True",""
"EventTileBreak_Halloween2025_Round04_03_Fixed_04","EventTileBreak_Halloween2025_Round04_03_Fixed","Item_Material_HeroExp_02","1","True",""
"EventTileBreak_Halloween2025_Round04_03_Fixed_05","EventTileBreak_Halloween2025_Round04_03_Fixed","Item_Material_HeroExp_01","1","True",""
"EventTileBreak_Halloween2025_Round04_03_Fixed_06","EventTileBreak_Halloween2025_Round04_03_Fixed","Item_Material_EquipExp_01","1","True",""
"EventTileBreak_Halloween2025_Round05_01_Fixed_01","EventTileBreak_Halloween2025_Round05_01_Fixed","Item_Material_EquipGradeUp_Ranged_04","1","True",""
"EventTileBreak_Halloween2025_Round05_01_Fixed_02","EventTileBreak_Halloween2025_Round05_01_Fixed","Item_Material_EquipGradeUp_Ring_03","1","True",""
"EventTileBreak_Halloween2025_Round05_01_Fixed_03","EventTileBreak_Halloween2025_Round05_01_Fixed","Item_Material_EquipGradeUp_Cape_02","1","True",""
"EventTileBreak_Halloween2025_Round05_01_Fixed_04","EventTileBreak_Halloween2025_Round05_01_Fixed","Item_Material_HeroExp_02","1","True",""
"EventTileBreak_Halloween2025_Round05_01_Fixed_05","EventTileBreak_Halloween2025_Round05_01_Fixed","Item_Material_HeroExp_01","1","True",""
"EventTileBreak_Halloween2025_Round05_01_Fixed_06","EventTileBreak_Halloween2025_Round05_01_Fixed","Item_Material_EquipExp_01","1","True",""
"EventTileBreak_Halloween2025_Round05_02_Fixed_01","EventTileBreak_Halloween2025_Round05_02_Fixed","Item_Material_SkillLvUp_ClassRanger_02","1","True",""
"EventTileBreak_Halloween2025_Round05_02_Fixed_02","EventTileBreak_Halloween2025_Round05_02_Fixed","Item_Material_EquipGradeUp_Ring_03","1","True",""
"EventTileBreak_Halloween2025_Round05_02_Fixed_03","EventTileBreak_Halloween2025_Round05_02_Fixed","Item_Material_EquipGradeUp_Cape_02","1","True",""
"EventTileBreak_Halloween2025_Round05_02_Fixed_04","EventTileBreak_Halloween2025_Round05_02_Fixed","Item_Material_HeroExp_02","1","True",""
"EventTileBreak_Halloween2025_Round05_02_Fixed_05","EventTileBreak_Halloween2025_Round05_02_Fixed","Item_Material_HeroExp_01","1","True",""
"EventTileBreak_Halloween2025_Round05_02_Fixed_06","EventTileBreak_Halloween2025_Round05_02_Fixed","Item_Material_EquipExp_01","1","True",""
"EventTileBreak_Halloween2025_Round05_02_Fixed_07","EventTileBreak_Halloween2025_Round05_02_Fixed","Item_Material_SkillLvUp_Common","2","True",""
"EventTileBreak_Halloween2025_Round05_03_Fixed_01","EventTileBreak_Halloween2025_Round05_03_Fixed","Item_Material_EquipGradeUp_Cape_04","1","True",""
"EventTileBreak_Halloween2025_Round05_03_Fixed_02","EventTileBreak_Halloween2025_Round05_03_Fixed","Item_Material_EquipGradeUp_Ring_03","1","True",""
"EventTileBreak_Halloween2025_Round05_03_Fixed_03","EventTileBreak_Halloween2025_Round05_03_Fixed","Item_Material_EquipGradeUp_Cape_02","1","True",""
"EventTileBreak_Halloween2025_Round05_03_Fixed_04","EventTileBreak_Halloween2025_Round05_03_Fixed","Item_Material_HeroExp_02","1","True",""
"EventTileBreak_Halloween2025_Round05_03_Fixed_05","EventTileBreak_Halloween2025_Round05_03_Fixed","Item_Material_HeroExp_01","1","True",""
"EventTileBreak_Halloween2025_Round05_03_Fixed_06","EventTileBreak_Halloween2025_Round05_03_Fixed","Item_Material_EquipExp_01","1","True",""
"EventTileBreak_Halloween2025_Round06_01_Fixed_01","EventTileBreak_Halloween2025_Round06_01_Fixed","Item_Material_EquipGradeUp_Cape_04","1","True",""
"EventTileBreak_Halloween2025_Round06_01_Fixed_02","EventTileBreak_Halloween2025_Round06_01_Fixed","Item_Material_EquipGradeUp_Ring_03","1","True",""
"EventTileBreak_Halloween2025_Round06_01_Fixed_03","EventTileBreak_Halloween2025_Round06_01_Fixed","Item_Material_EquipGradeUp_Cape_02","1","True",""
"EventTileBreak_Halloween2025_Round06_01_Fixed_04","EventTileBreak_Halloween2025_Round06_01_Fixed","Item_Material_HeroExp_02","1","True",""
"EventTileBreak_Halloween2025_Round06_01_Fixed_05","EventTileBreak_Halloween2025_Round06_01_Fixed","Item_Material_HeroExp_01","1","True",""
"EventTileBreak_Halloween2025_Round06_01_Fixed_06","EventTileBreak_Halloween2025_Round06_01_Fixed","Item_Material_EquipExp_01","1","True",""
"EventTileBreak_Halloween2025_Round06_02_Fixed_01","EventTileBreak_Halloween2025_Round06_02_Fixed","Item_Material_HeroExp_05","1","True",""
"EventTileBreak_Halloween2025_Round06_02_Fixed_02","EventTileBreak_Halloween2025_Round06_02_Fixed","Item_Material_SkillLvUp_ClassRanger_02","1","True",""
"EventTileBreak_Halloween2025_Round06_02_Fixed_03","EventTileBreak_Halloween2025_Round06_02_Fixed","Item_Material_EquipGradeUp_Cape_02","1","True",""
"EventTileBreak_Halloween2025_Round06_02_Fixed_04","EventTileBreak_Halloween2025_Round06_02_Fixed","Item_Material_HeroExp_02","1","True",""
"EventTileBreak_Halloween2025_Round06_02_Fixed_05","EventTileBreak_Halloween2025_Round06_02_Fixed","Item_Material_HeroExp_01","1","True",""
"EventTileBreak_Halloween2025_Round06_02_Fixed_06","EventTileBreak_Halloween2025_Round06_02_Fixed","Item_Material_EquipExp_01","1","True",""
"EventTileBreak_Halloween2025_Round06_02_Fixed_07","EventTileBreak_Halloween2025_Round06_02_Fixed","Item_Material_SkillLvUp_Common","2","True",""
"EventTileBreak_Halloween2025_Round06_03_Fixed_01","EventTileBreak_Halloween2025_Round06_03_Fixed","Item_Material_EquipGradeUp_Cape_04","1","True",""
"EventTileBreak_Halloween2025_Round06_03_Fixed_02","EventTileBreak_Halloween2025_Round06_03_Fixed","Item_Material_EquipGradeUp_Ring_03","1","True",""
"EventTileBreak_Halloween2025_Round06_03_Fixed_03","EventTileBreak_Halloween2025_Round06_03_Fixed","Item_Material_EquipGradeUp_Cape_02","1","True",""
"EventTileBreak_Halloween2025_Round06_03_Fixed_04","EventTileBreak_Halloween2025_Round06_03_Fixed","Item_Material_HeroExp_02","1","True",""
"EventTileBreak_Halloween2025_Round06_03_Fixed_05","EventTileBreak_Halloween2025_Round06_03_Fixed","Item_Material_HeroExp_01","1","True",""
"EventTileBreak_Halloween2025_Round06_03_Fixed_06","EventTileBreak_Halloween2025_Round06_03_Fixed","Item_Material_EquipExp_01","1","True",""
"EventTileBreak_Halloween2025_Round07_01_Fixed_01","EventTileBreak_Halloween2025_Round07_01_Fixed","Item_Material_EquipGradeUp_Cape_04","1","True",""
"EventTileBreak_Halloween2025_Round07_01_Fixed_02","EventTileBreak_Halloween2025_Round07_01_Fixed","Item_Material_EquipGradeUp_Ring_03","1","True",""
"EventTileBreak_Halloween2025_Round07_01_Fixed_03","EventTileBreak_Halloween2025_Round07_01_Fixed","Item_Material_EquipGradeUp_Cape_02","1","True",""
"EventTileBreak_Halloween2025_Round07_01_Fixed_04","EventTileBreak_Halloween2025_Round07_01_Fixed","Item_Material_HeroExp_02","1","True",""
"EventTileBreak_Halloween2025_Round07_01_Fixed_05","EventTileBreak_Halloween2025_Round07_01_Fixed","Item_Material_HeroExp_01","1","True",""
"EventTileBreak_Halloween2025_Round07_01_Fixed_06","EventTileBreak_Halloween2025_Round07_01_Fixed","Item_Material_EquipExp_01","1","True",""
"EventTileBreak_Halloween2025_Round07_02_Fixed_01","EventTileBreak_Halloween2025_Round07_02_Fixed","Item_Material_EquipGradeUp_Cape_04","1","True",""
"EventTileBreak_Halloween2025_Round07_02_Fixed_02","EventTileBreak_Halloween2025_Round07_02_Fixed","Item_Material_EquipGradeUp_Ring_03","1","True",""
"EventTileBreak_Halloween2025_Round07_02_Fixed_03","EventTileBreak_Halloween2025_Round07_02_Fixed","Item_Material_EquipGradeUp_Cape_02","1","True",""
"EventTileBreak_Halloween2025_Round07_02_Fixed_04","EventTileBreak_Halloween2025_Round07_02_Fixed","Item_Material_HeroExp_02","1","True",""
"EventTileBreak_Halloween2025_Round07_02_Fixed_05","EventTileBreak_Halloween2025_Round07_02_Fixed","Item_Material_HeroExp_01","1","True",""
"EventTileBreak_Halloween2025_Round07_02_Fixed_06","EventTileBreak_Halloween2025_Round07_02_Fixed","Item_Material_EquipExp_01","1","True",""
"EventTileBreak_Halloween2025_Round07_03_Fixed_01","EventTileBreak_Halloween2025_Round07_03_Fixed","Item_Material_EquipGradeUp_Cape_04","1","True",""
"EventTileBreak_Halloween2025_Round07_03_Fixed_02","EventTileBreak_Halloween2025_Round07_03_Fixed","Item_Material_EquipGradeUp_Ring_03","1","True",""
"EventTileBreak_Halloween2025_Round07_03_Fixed_03","EventTileBreak_Halloween2025_Round07_03_Fixed","Item_Material_EquipGradeUp_Cape_02","1","True",""
"EventTileBreak_Halloween2025_Round07_03_Fixed_04","EventTileBreak_Halloween2025_Round07_03_Fixed","Item_Material_HeroExp_02","1","True",""
"EventTileBreak_Halloween2025_Round07_03_Fixed_05","EventTileBreak_Halloween2025_Round07_03_Fixed","Item_Material_HeroExp_01","1","True",""
"EventTileBreak_Halloween2025_Round07_03_Fixed_06","EventTileBreak_Halloween2025_Round07_03_Fixed","Item_Material_EquipExp_01","1","True",""
"EventTileBreak_Halloween2025_Round08_01_Fixed_01","EventTileBreak_Halloween2025_Round08_01_Fixed","Item_Material_SkillLvUp_Cyberia_Emblem","1","True",""
"EventTileBreak_Halloween2025_Round08_01_Fixed_02","EventTileBreak_Halloween2025_Round08_01_Fixed","Item_Material_HeroGradeUp_Char_099_S01_G","30","True",""
"EventTileBreak_Halloween2025_Round08_01_Fixed_03","EventTileBreak_Halloween2025_Round08_01_Fixed","Item_Material_SkillLvUp_AttributeBlue_04","1","True",""
"EventTileBreak_Halloween2025_Round08_01_Fixed_04","EventTileBreak_Halloween2025_Round08_01_Fixed","Item_Material_SkillLvUp_ClassFighter_04","1","True",""
"EventTileBreak_Halloween2025_Round08_01_Fixed_05","EventTileBreak_Halloween2025_Round08_01_Fixed","Item_Material_SkillLvUp_ClassRanger_04","1","True",""
"EventTileBreak_Halloween2025_Round08_01_Fixed_06","EventTileBreak_Halloween2025_Round08_01_Fixed","Item_Material_EquipExp_05","1","True",""
"EventTileBreak_Halloween2025_Round08_01_Fixed_07","EventTileBreak_Halloween2025_Round08_01_Fixed","Item_Material_HeroExp_05","1","True",""
"EventTileBreak_Halloween2025_Round08_01_Fixed_08","EventTileBreak_Halloween2025_Round08_01_Fixed","Item_Material_SkillLvUp_AttributeBlue_03","1","True",""
"EventTileBreak_Halloween2025_Round08_01_Fixed_09","EventTileBreak_Halloween2025_Round08_01_Fixed","Item_Material_SkillLvUp_ClassRanger_03","1","True",""
"EventTileBreak_Halloween2025_Round08_01_Fixed_10","EventTileBreak_Halloween2025_Round08_01_Fixed","Item_Material_SkillLvUp_ClassFighter_03","1","True",""
"EventTileBreak_Halloween2025_Round08_01_Fixed_11","EventTileBreak_Halloween2025_Round08_01_Fixed","Item_Material_SkillLvUp_AttributeBlue_02","1","True",""
"EventTileBreak_Halloween2025_Round08_01_Fixed_12","EventTileBreak_Halloween2025_Round08_01_Fixed","Item_Material_SkillLvUp_AttributeRed_02","1","True",""
"EventTileBreak_Halloween2025_Round08_01_Fixed_13","EventTileBreak_Halloween2025_Round08_01_Fixed","Item_Material_EquipGradeUp_Ring_02","1","True",""
"EventTileBreak_Halloween2025_Round08_01_Fixed_14","EventTileBreak_Halloween2025_Round08_01_Fixed","Item_Material_EquipExp_01","1","True",""
"EventTileBreak_Halloween2025_Round08_01_Fixed_15","EventTileBreak_Halloween2025_Round08_01_Fixed","Item_Material_SkillLvUp_Common","2","True",""
"EventTileBreak_Halloween2025_Round08_02_Fixed_01","EventTileBreak_Halloween2025_Round08_02_Fixed","Item_Material_HeroExp_05","1","True",""
"EventTileBreak_Halloween2025_Round08_02_Fixed_02","EventTileBreak_Halloween2025_Round08_02_Fixed","Item_Material_SkillLvUp_AttributeRed_02","1","True",""
"EventTileBreak_Halloween2025_Round08_02_Fixed_03","EventTileBreak_Halloween2025_Round08_02_Fixed","Item_Material_EquipGradeUp_Cape_02","1","True",""
"EventTileBreak_Halloween2025_Round08_02_Fixed_04","EventTileBreak_Halloween2025_Round08_02_Fixed","Item_Material_HeroExp_02","1","True",""
"EventTileBreak_Halloween2025_Round08_02_Fixed_05","EventTileBreak_Halloween2025_Round08_02_Fixed","Item_Material_HeroExp_01","1","True",""
"EventTileBreak_Halloween2025_Round08_02_Fixed_06","EventTileBreak_Halloween2025_Round08_02_Fixed","Item_Material_EquipExp_01","1","True",""
"EventTileBreak_Halloween2025_Round08_02_Fixed_07","EventTileBreak_Halloween2025_Round08_02_Fixed","Item_Material_SkillLvUp_Common","2","True",""
"EventTileBreak_Halloween2025_Round08_03_Fixed_01","EventTileBreak_Halloween2025_Round08_03_Fixed","Item_Material_EquipGradeUp_Ring_04","1","True",""
"EventTileBreak_Halloween2025_Round08_03_Fixed_02","EventTileBreak_Halloween2025_Round08_03_Fixed","Item_Material_SkillLvUp_ClassFighter_01","1","True",""
"EventTileBreak_Halloween2025_Round08_03_Fixed_03","EventTileBreak_Halloween2025_Round08_03_Fixed","Item_Material_EquipGradeUp_Ring_02","1","True",""
"EventTileBreak_Halloween2025_Round08_03_Fixed_04","EventTileBreak_Halloween2025_Round08_03_Fixed","Item_Material_EquipGradeUp_Ranged_03","1","True",""
"EventTileBreak_Halloween2025_Round08_03_Fixed_05","EventTileBreak_Halloween2025_Round08_03_Fixed","Item_Material_EquipExp_02","1","True",""
"EventTileBreak_Halloween2025_Round08_03_Fixed_06","EventTileBreak_Halloween2025_Round08_03_Fixed","Item_Material_EquipExp_01","1","True",""
"EventTileBreak_Halloween2025_Round09_01_Fixed_01","EventTileBreak_Halloween2025_Round09_01_Fixed","Item_Material_HeroExp_05","1","True",""
"EventTileBreak_Halloween2025_Round09_01_Fixed_02","EventTileBreak_Halloween2025_Round09_01_Fixed","Item_Material_SkillLvUp_AttributeRed_02","1","True",""
"EventTileBreak_Halloween2025_Round09_01_Fixed_03","EventTileBreak_Halloween2025_Round09_01_Fixed","Item_Material_EquipGradeUp_Ring_02","1","True",""
"EventTileBreak_Halloween2025_Round09_01_Fixed_04","EventTileBreak_Halloween2025_Round09_01_Fixed","Item_Material_EquipGradeUp_Ranged_03","1","True",""
"EventTileBreak_Halloween2025_Round09_01_Fixed_05","EventTileBreak_Halloween2025_Round09_01_Fixed","Item_Material_EquipExp_02","1","True",""
"EventTileBreak_Halloween2025_Round09_01_Fixed_06","EventTileBreak_Halloween2025_Round09_01_Fixed","Item_Material_EquipExp_01","1","True",""
"EventTileBreak_Halloween2025_Round09_01_Fixed_07","EventTileBreak_Halloween2025_Round09_01_Fixed","Item_Material_SkillLvUp_Common","2","True",""
"EventTileBreak_Halloween2025_Round09_02_Fixed_01","EventTileBreak_Halloween2025_Round09_02_Fixed","Item_Material_EquipGradeUp_Ring_04","1","True",""
"EventTileBreak_Halloween2025_Round09_02_Fixed_02","EventTileBreak_Halloween2025_Round09_02_Fixed","Item_Material_SkillLvUp_ClassFighter_01","1","True",""
"EventTileBreak_Halloween2025_Round09_02_Fixed_03","EventTileBreak_Halloween2025_Round09_02_Fixed","Item_Material_EquipGradeUp_Ring_02","1","True",""
"EventTileBreak_Halloween2025_Round09_02_Fixed_04","EventTileBreak_Halloween2025_Round09_02_Fixed","Item_Material_EquipGradeUp_Ranged_03","1","True",""
"EventTileBreak_Halloween2025_Round09_02_Fixed_05","EventTileBreak_Halloween2025_Round09_02_Fixed","Item_Material_EquipExp_02","1","True",""
"EventTileBreak_Halloween2025_Round09_02_Fixed_06","EventTileBreak_Halloween2025_Round09_02_Fixed","Item_Material_EquipExp_01","1","True",""
"EventTileBreak_Halloween2025_Round09_02_Fixed_07","EventTileBreak_Halloween2025_Round09_02_Fixed","Item_Material_SkillLvUp_Common","2","True",""
"EventTileBreak_Halloween2025_Round09_03_Fixed_01","EventTileBreak_Halloween2025_Round09_03_Fixed","Item_Material_HeroExp_05","1","True",""
"EventTileBreak_Halloween2025_Round09_03_Fixed_02","EventTileBreak_Halloween2025_Round09_03_Fixed","Item_Material_SkillLvUp_AttributeRed_02","1","True",""
"EventTileBreak_Halloween2025_Round09_03_Fixed_03","EventTileBreak_Halloween2025_Round09_03_Fixed","Item_Material_EquipGradeUp_Ring_02","1","True",""
"EventTileBreak_Halloween2025_Round09_03_Fixed_04","EventTileBreak_Halloween2025_Round09_03_Fixed","Item_Material_EquipGradeUp_Ranged_03","1","True",""
"EventTileBreak_Halloween2025_Round09_03_Fixed_05","EventTileBreak_Halloween2025_Round09_03_Fixed","Item_Material_EquipExp_02","1","True",""
"EventTileBreak_Halloween2025_Round09_03_Fixed_06","EventTileBreak_Halloween2025_Round09_03_Fixed","Item_Material_EquipExp_01","1","True",""
"EventTileBreak_Halloween2025_Round09_03_Fixed_07","EventTileBreak_Halloween2025_Round09_03_Fixed","Item_Material_SkillLvUp_Common","2","True",""
"EventTileBreak_Halloween2025_Round10_01_Fixed_01","EventTileBreak_Halloween2025_Round10_01_Fixed","Item_Material_EquipGradeUp_Ring_04","1","True",""
"EventTileBreak_Halloween2025_Round10_01_Fixed_02","EventTileBreak_Halloween2025_Round10_01_Fixed","Item_Material_SkillLvUp_ClassFighter_01","1","True",""
"EventTileBreak_Halloween2025_Round10_01_Fixed_03","EventTileBreak_Halloween2025_Round10_01_Fixed","Item_Material_EquipGradeUp_Ring_02","1","True",""
"EventTileBreak_Halloween2025_Round10_01_Fixed_04","EventTileBreak_Halloween2025_Round10_01_Fixed","Item_Material_EquipGradeUp_Ranged_03","1","True",""
"EventTileBreak_Halloween2025_Round10_01_Fixed_05","EventTileBreak_Halloween2025_Round10_01_Fixed","Item_Material_EquipExp_02","1","True",""
"EventTileBreak_Halloween2025_Round10_01_Fixed_06","EventTileBreak_Halloween2025_Round10_01_Fixed","Item_Material_EquipExp_01","1","True",""
"EventTileBreak_Halloween2025_Round10_01_Fixed_07","EventTileBreak_Halloween2025_Round10_01_Fixed","Item_Material_SkillLvUp_Common","2","True",""
"EventTileBreak_Halloween2025_Round10_02_Fixed_01","EventTileBreak_Halloween2025_Round10_02_Fixed","Item_Material_HeroExp_05","1","True",""
"EventTileBreak_Halloween2025_Round10_02_Fixed_02","EventTileBreak_Halloween2025_Round10_02_Fixed","Item_Material_SkillLvUp_AttributeBlue_02","1","True",""
"EventTileBreak_Halloween2025_Round10_02_Fixed_03","EventTileBreak_Halloween2025_Round10_02_Fixed","Item_Material_EquipGradeUp_Ring_02","1","True",""
"EventTileBreak_Halloween2025_Round10_02_Fixed_04","EventTileBreak_Halloween2025_Round10_02_Fixed","Item_Material_EquipGradeUp_Ranged_03","1","True",""
"EventTileBreak_Halloween2025_Round10_02_Fixed_05","EventTileBreak_Halloween2025_Round10_02_Fixed","Item_Material_EquipExp_02","1","True",""
"EventTileBreak_Halloween2025_Round10_02_Fixed_06","EventTileBreak_Halloween2025_Round10_02_Fixed","Item_Material_EquipExp_01","1","True",""
"EventTileBreak_Halloween2025_Round10_03_Fixed_01","EventTileBreak_Halloween2025_Round10_03_Fixed","Item_Material_EquipGradeUp_Ring_04","1","True",""
"EventTileBreak_Halloween2025_Round10_03_Fixed_02","EventTileBreak_Halloween2025_Round10_03_Fixed","Item_Material_SkillLvUp_ClassFighter_01","1","True",""
"EventTileBreak_Halloween2025_Round10_03_Fixed_03","EventTileBreak_Halloween2025_Round10_03_Fixed","Item_Material_EquipGradeUp_Ring_02","1","True",""
"EventTileBreak_Halloween2025_Round10_03_Fixed_04","EventTileBreak_Halloween2025_Round10_03_Fixed","Item_Material_EquipGradeUp_Ranged_03","1","True",""
"EventTileBreak_Halloween2025_Round10_03_Fixed_05","EventTileBreak_Halloween2025_Round10_03_Fixed","Item_Material_EquipExp_02","1","True",""
"EventTileBreak_Halloween2025_Round10_03_Fixed_06","EventTileBreak_Halloween2025_Round10_03_Fixed","Item_Material_EquipExp_01","1","True",""
"EventTileBreak_Halloween2025_Round11_01_Fixed_01","EventTileBreak_Halloween2025_Round11_01_Fixed","Item_Material_EquipGradeUp_Ring_04","1","True",""
"EventTileBreak_Halloween2025_Round11_01_Fixed_02","EventTileBreak_Halloween2025_Round11_01_Fixed","Item_Material_SkillLvUp_ClassFighter_01","1","True",""
"EventTileBreak_Halloween2025_Round11_01_Fixed_03","EventTileBreak_Halloween2025_Round11_01_Fixed","Item_Material_EquipGradeUp_Ring_02","1","True",""
"EventTileBreak_Halloween2025_Round11_01_Fixed_04","EventTileBreak_Halloween2025_Round11_01_Fixed","Item_Material_EquipGradeUp_Ranged_03","1","True",""
"EventTileBreak_Halloween2025_Round11_01_Fixed_05","EventTileBreak_Halloween2025_Round11_01_Fixed","Item_Material_EquipExp_02","1","True",""
"EventTileBreak_Halloween2025_Round11_01_Fixed_06","EventTileBreak_Halloween2025_Round11_01_Fixed","Item_Material_EquipExp_01","1","True",""
"EventTileBreak_Halloween2025_Round11_01_Fixed_07","EventTileBreak_Halloween2025_Round11_01_Fixed","Item_Material_SkillLvUp_Common","2","True",""
"EventTileBreak_Halloween2025_Round11_02_Fixed_01","EventTileBreak_Halloween2025_Round11_02_Fixed","Item_Material_EquipGradeUp_Ring_04","1","True",""
"EventTileBreak_Halloween2025_Round11_02_Fixed_02","EventTileBreak_Halloween2025_Round11_02_Fixed","Item_Material_SkillLvUp_ClassFighter_01","1","True",""
"EventTileBreak_Halloween2025_Round11_02_Fixed_03","EventTileBreak_Halloween2025_Round11_02_Fixed","Item_Material_EquipGradeUp_Ring_02","1","True",""
"EventTileBreak_Halloween2025_Round11_02_Fixed_04","EventTileBreak_Halloween2025_Round11_02_Fixed","Item_Material_EquipGradeUp_Ranged_03","1","True",""
"EventTileBreak_Halloween2025_Round11_02_Fixed_05","EventTileBreak_Halloween2025_Round11_02_Fixed","Item_Material_EquipExp_02","1","True",""
"EventTileBreak_Halloween2025_Round11_02_Fixed_06","EventTileBreak_Halloween2025_Round11_02_Fixed","Item_Material_EquipExp_01","1","True",""
"EventTileBreak_Halloween2025_Round11_02_Fixed_07","EventTileBreak_Halloween2025_Round11_02_Fixed","Item_Material_SkillLvUp_Common","2","True",""
"EventTileBreak_Halloween2025_Round11_03_Fixed_01","EventTileBreak_Halloween2025_Round11_03_Fixed","Item_Material_EquipGradeUp_Ring_04","1","True",""
"EventTileBreak_Halloween2025_Round11_03_Fixed_02","EventTileBreak_Halloween2025_Round11_03_Fixed","Item_Material_SkillLvUp_ClassFighter_01","1","True",""
"EventTileBreak_Halloween2025_Round11_03_Fixed_03","EventTileBreak_Halloween2025_Round11_03_Fixed","Item_Material_EquipGradeUp_Ring_02","1","True",""
"EventTileBreak_Halloween2025_Round11_03_Fixed_04","EventTileBreak_Halloween2025_Round11_03_Fixed","Item_Material_EquipGradeUp_Ranged_03","1","True",""
"EventTileBreak_Halloween2025_Round11_03_Fixed_05","EventTileBreak_Halloween2025_Round11_03_Fixed","Item_Material_EquipExp_02","1","True",""
"EventTileBreak_Halloween2025_Round11_03_Fixed_06","EventTileBreak_Halloween2025_Round11_03_Fixed","Item_Material_EquipExp_01","1","True",""
"EventTileBreak_Halloween2025_Round11_03_Fixed_07","EventTileBreak_Halloween2025_Round11_03_Fixed","Item_Material_SkillLvUp_Common","2","True",""
"EventTileBreak_Halloween2025_Round12_01_Fixed_01","EventTileBreak_Halloween2025_Round12_01_Fixed","Item_Material_SkillLvUp_Paulhill_Emblem","1","True",""
"EventTileBreak_Halloween2025_Round12_01_Fixed_02","EventTileBreak_Halloween2025_Round12_01_Fixed","Item_Material_HeroGradeUp_Char_099_S01_G","30","True",""
"EventTileBreak_Halloween2025_Round12_01_Fixed_03","EventTileBreak_Halloween2025_Round12_01_Fixed","Item_Material_SkillLvUp_AttributeRed_04","1","True",""
"EventTileBreak_Halloween2025_Round12_01_Fixed_04","EventTileBreak_Halloween2025_Round12_01_Fixed","Item_Material_SkillLvUp_ClassRanger_04","1","True",""
"EventTileBreak_Halloween2025_Round12_01_Fixed_05","EventTileBreak_Halloween2025_Round12_01_Fixed","Item_Material_EquipExp_05","1","True",""
"EventTileBreak_Halloween2025_Round12_01_Fixed_06","EventTileBreak_Halloween2025_Round12_01_Fixed","Item_Material_HeroExp_05","1","True",""
"EventTileBreak_Halloween2025_Round12_01_Fixed_07","EventTileBreak_Halloween2025_Round12_01_Fixed","Item_Material_SkillLvUp_AttributeBlue_03","1","True",""
"EventTileBreak_Halloween2025_Round12_01_Fixed_08","EventTileBreak_Halloween2025_Round12_01_Fixed","Item_Material_SkillLvUp_AttributeRed_03","1","True",""
"EventTileBreak_Halloween2025_Round12_01_Fixed_09","EventTileBreak_Halloween2025_Round12_01_Fixed","Item_Material_SkillLvUp_ClassFighter_03","1","True",""
"EventTileBreak_Halloween2025_Round12_01_Fixed_10","EventTileBreak_Halloween2025_Round12_01_Fixed","Item_Material_SkillLvUp_AttributeBlue_02","1","True",""
"EventTileBreak_Halloween2025_Round12_01_Fixed_11","EventTileBreak_Halloween2025_Round12_01_Fixed","Item_Material_SkillLvUp_AttributeRed_02","1","True",""
"EventTileBreak_Halloween2025_Round12_01_Fixed_12","EventTileBreak_Halloween2025_Round12_01_Fixed","Item_Material_SkillLvUp_AttributeRed_01","1","True",""
"EventTileBreak_Halloween2025_Round12_01_Fixed_13","EventTileBreak_Halloween2025_Round12_01_Fixed","Item_Material_EquipExp_03","1","True",""
"EventTileBreak_Halloween2025_Round12_01_Fixed_14","EventTileBreak_Halloween2025_Round12_01_Fixed","Item_Material_HeroExp_01","1","True",""
"EventTileBreak_Halloween2025_Round12_01_Fixed_15","EventTileBreak_Halloween2025_Round12_01_Fixed","Item_Material_EquipExp_01","1","True",""
"EventTileBreak_Halloween2025_Round12_02_Fixed_01","EventTileBreak_Halloween2025_Round12_02_Fixed","Item_Material_SkillLvUp_AttributeRed_01","1","True",""
"EventTileBreak_Halloween2025_Round12_02_Fixed_02","EventTileBreak_Halloween2025_Round12_02_Fixed","Item_Material_SkillLvUp_ClassFighter_01","1","True",""
"EventTileBreak_Halloween2025_Round12_02_Fixed_03","EventTileBreak_Halloween2025_Round12_02_Fixed","Item_Material_EquipGradeUp_Ring_02","1","True",""
"EventTileBreak_Halloween2025_Round12_02_Fixed_04","EventTileBreak_Halloween2025_Round12_02_Fixed","Item_Material_EquipGradeUp_Ranged_03","1","True",""
"EventTileBreak_Halloween2025_Round12_02_Fixed_05","EventTileBreak_Halloween2025_Round12_02_Fixed","Item_Material_EquipExp_02","1","True",""
"EventTileBreak_Halloween2025_Round12_02_Fixed_06","EventTileBreak_Halloween2025_Round12_02_Fixed","Item_Material_EquipExp_01","1","True",""
"EventTileBreak_Halloween2025_Round12_02_Fixed_07","EventTileBreak_Halloween2025_Round12_02_Fixed","Item_Material_SkillLvUp_Common","2","True",""
"EventTileBreak_Halloween2025_Round12_03_Fixed_01","EventTileBreak_Halloween2025_Round12_03_Fixed","Item_Material_HeroExp_05","1","True",""
"EventTileBreak_Halloween2025_Round12_03_Fixed_02","EventTileBreak_Halloween2025_Round12_03_Fixed","Item_Material_SkillLvUp_AttributeBlue_02","1","True",""
"EventTileBreak_Halloween2025_Round12_03_Fixed_03","EventTileBreak_Halloween2025_Round12_03_Fixed","Item_Material_EquipGradeUp_Ring_02","1","True",""
"EventTileBreak_Halloween2025_Round12_03_Fixed_04","EventTileBreak_Halloween2025_Round12_03_Fixed","Item_Material_EquipGradeUp_Ranged_03","1","True",""
"EventTileBreak_Halloween2025_Round12_03_Fixed_05","EventTileBreak_Halloween2025_Round12_03_Fixed","Item_Material_EquipExp_02","1","True",""
"EventTileBreak_Halloween2025_Round12_03_Fixed_06","EventTileBreak_Halloween2025_Round12_03_Fixed","Item_Material_EquipExp_01","1","True",""
"EventTileBreak_Halloween2025_Round12_03_Fixed_07","EventTileBreak_Halloween2025_Round12_03_Fixed","Item_Material_SkillLvUp_Common","2","True",""
"EventTileBreak_Halloween2025_Round13_01_Fixed_01","EventTileBreak_Halloween2025_Round13_01_Fixed","Item_Material_SkillLvUp_AttributeRed_01","1","True",""
"EventTileBreak_Halloween2025_Round13_01_Fixed_02","EventTileBreak_Halloween2025_Round13_01_Fixed","Item_Material_SkillLvUp_ClassFighter_01","1","True",""
"EventTileBreak_Halloween2025_Round13_01_Fixed_03","EventTileBreak_Halloween2025_Round13_01_Fixed","Item_Material_EquipGradeUp_Ring_02","1","True",""
"EventTileBreak_Halloween2025_Round13_01_Fixed_04","EventTileBreak_Halloween2025_Round13_01_Fixed","Item_Material_EquipGradeUp_Cape_03","1","True",""
"EventTileBreak_Halloween2025_Round13_01_Fixed_05","EventTileBreak_Halloween2025_Round13_01_Fixed","Item_Material_EquipExp_02","1","True",""
"EventTileBreak_Halloween2025_Round13_01_Fixed_06","EventTileBreak_Halloween2025_Round13_01_Fixed","Item_Material_EquipExp_01","1","True",""
"EventTileBreak_Halloween2025_Round13_01_Fixed_07","EventTileBreak_Halloween2025_Round13_01_Fixed","Item_Material_SkillLvUp_Common","2","True",""
"EventTileBreak_Halloween2025_Round13_02_Fixed_01","EventTileBreak_Halloween2025_Round13_02_Fixed","Item_Material_SkillLvUp_AttributeBlue_02","1","True",""
"EventTileBreak_Halloween2025_Round13_02_Fixed_02","EventTileBreak_Halloween2025_Round13_02_Fixed","Item_Material_SkillLvUp_ClassFighter_01","1","True",""
"EventTileBreak_Halloween2025_Round13_02_Fixed_03","EventTileBreak_Halloween2025_Round13_02_Fixed","Item_Material_HeroExp_03","1","True",""
"EventTileBreak_Halloween2025_Round13_02_Fixed_04","EventTileBreak_Halloween2025_Round13_02_Fixed","Item_Material_EquipGradeUp_Cape_03","1","True",""
"EventTileBreak_Halloween2025_Round13_02_Fixed_05","EventTileBreak_Halloween2025_Round13_02_Fixed","Item_Material_EquipExp_02","1","True",""
"EventTileBreak_Halloween2025_Round13_02_Fixed_06","EventTileBreak_Halloween2025_Round13_02_Fixed","Item_Material_EquipExp_01","1","True",""
"EventTileBreak_Halloween2025_Round13_02_Fixed_07","EventTileBreak_Halloween2025_Round13_02_Fixed","Item_Material_SkillLvUp_Common","2","True",""
"EventTileBreak_Halloween2025_Round13_03_Fixed_01","EventTileBreak_Halloween2025_Round13_03_Fixed","Item_Material_EquipExp_05","1","True",""
"EventTileBreak_Halloween2025_Round13_03_Fixed_02","EventTileBreak_Halloween2025_Round13_03_Fixed","Item_Material_SkillLvUp_ClassRanger_03","1","True",""
"EventTileBreak_Halloween2025_Round13_03_Fixed_03","EventTileBreak_Halloween2025_Round13_03_Fixed","Item_Material_SkillLvUp_ClassFighter_02","1","True",""
"EventTileBreak_Halloween2025_Round13_03_Fixed_04","EventTileBreak_Halloween2025_Round13_03_Fixed","Item_Material_EquipGradeUp_Cape_03","1","True",""
"EventTileBreak_Halloween2025_Round13_03_Fixed_05","EventTileBreak_Halloween2025_Round13_03_Fixed","Item_Material_EquipExp_02","1","True",""
"EventTileBreak_Halloween2025_Round13_03_Fixed_06","EventTileBreak_Halloween2025_Round13_03_Fixed","Item_Material_EquipExp_01","1","True",""
"EventTileBreak_Halloween2025_Round13_03_Fixed_07","EventTileBreak_Halloween2025_Round13_03_Fixed","Item_Material_SkillLvUp_Common","2","True",""
"EventTileBreak_Halloween2025_Round14_01_Fixed_01","EventTileBreak_Halloween2025_Round14_01_Fixed","Item_Material_SkillLvUp_AttributeRed_01","1","True",""
"EventTileBreak_Halloween2025_Round14_01_Fixed_02","EventTileBreak_Halloween2025_Round14_01_Fixed","Item_Material_SkillLvUp_ClassFighter_01","1","True",""
"EventTileBreak_Halloween2025_Round14_01_Fixed_03","EventTileBreak_Halloween2025_Round14_01_Fixed","Item_Material_EquipGradeUp_Ring_02","1","True",""
"EventTileBreak_Halloween2025_Round14_01_Fixed_04","EventTileBreak_Halloween2025_Round14_01_Fixed","Item_Material_EquipGradeUp_Cape_03","1","True",""
"EventTileBreak_Halloween2025_Round14_01_Fixed_05","EventTileBreak_Halloween2025_Round14_01_Fixed","Item_Material_EquipExp_02","1","True",""
"EventTileBreak_Halloween2025_Round14_01_Fixed_06","EventTileBreak_Halloween2025_Round14_01_Fixed","Item_Material_EquipExp_01","1","True",""
"EventTileBreak_Halloween2025_Round14_01_Fixed_07","EventTileBreak_Halloween2025_Round14_01_Fixed","Item_Material_SkillLvUp_Common","2","True",""
"EventTileBreak_Halloween2025_Round14_02_Fixed_01","EventTileBreak_Halloween2025_Round14_02_Fixed","Item_Material_SkillLvUp_AttributeRed_01","1","True",""
"EventTileBreak_Halloween2025_Round14_02_Fixed_02","EventTileBreak_Halloween2025_Round14_02_Fixed","Item_Material_SkillLvUp_ClassRanger_01","1","True",""
"EventTileBreak_Halloween2025_Round14_02_Fixed_03","EventTileBreak_Halloween2025_Round14_02_Fixed","Item_Material_EquipGradeUp_Ring_02","1","True",""
"EventTileBreak_Halloween2025_Round14_02_Fixed_04","EventTileBreak_Halloween2025_Round14_02_Fixed","Item_Material_EquipGradeUp_Cape_03","1","True",""
"EventTileBreak_Halloween2025_Round14_02_Fixed_05","EventTileBreak_Halloween2025_Round14_02_Fixed","Item_Material_EquipExp_02","1","True",""
"EventTileBreak_Halloween2025_Round14_02_Fixed_06","EventTileBreak_Halloween2025_Round14_02_Fixed","Item_Material_EquipExp_01","1","True",""
"EventTileBreak_Halloween2025_Round14_02_Fixed_07","EventTileBreak_Halloween2025_Round14_02_Fixed","Item_Material_SkillLvUp_Common","2","True",""
"EventTileBreak_Halloween2025_Round14_03_Fixed_01","EventTileBreak_Halloween2025_Round14_03_Fixed","Item_Material_SkillLvUp_AttributeRed_01","1","True",""
"EventTileBreak_Halloween2025_Round14_03_Fixed_02","EventTileBreak_Halloween2025_Round14_03_Fixed","Item_Material_SkillLvUp_ClassRanger_01","1","True",""
"EventTileBreak_Halloween2025_Round14_03_Fixed_03","EventTileBreak_Halloween2025_Round14_03_Fixed","Item_Material_HeroExp_03","1","True",""
"EventTileBreak_Halloween2025_Round14_03_Fixed_04","EventTileBreak_Halloween2025_Round14_03_Fixed","Item_Material_EquipGradeUp_Cape_03","1","True",""
"EventTileBreak_Halloween2025_Round14_03_Fixed_05","EventTileBreak_Halloween2025_Round14_03_Fixed","Item_Material_EquipExp_02","1","True",""
"EventTileBreak_Halloween2025_Round14_03_Fixed_06","EventTileBreak_Halloween2025_Round14_03_Fixed","Item_Material_EquipExp_01","1","True",""
"EventTileBreak_Halloween2025_Round14_03_Fixed_07","EventTileBreak_Halloween2025_Round14_03_Fixed","Item_Material_SkillLvUp_Common","2","True",""
"EventTileBreak_Halloween2025_Round15_01_Fixed_01","EventTileBreak_Halloween2025_Round15_01_Fixed","Item_Material_SkillLvUp_AttributeRed_01","1","True",""
"EventTileBreak_Halloween2025_Round15_01_Fixed_02","EventTileBreak_Halloween2025_Round15_01_Fixed","Item_Material_SkillLvUp_ClassRanger_01","1","True",""
"EventTileBreak_Halloween2025_Round15_01_Fixed_03","EventTileBreak_Halloween2025_Round15_01_Fixed","Item_Material_HeroExp_03","1","True",""
"EventTileBreak_Halloween2025_Round15_01_Fixed_04","EventTileBreak_Halloween2025_Round15_01_Fixed","Item_Material_EquipGradeUp_Cape_03","1","True",""
"EventTileBreak_Halloween2025_Round15_01_Fixed_05","EventTileBreak_Halloween2025_Round15_01_Fixed","Item_Material_EquipExp_02","1","True",""
"EventTileBreak_Halloween2025_Round15_01_Fixed_06","EventTileBreak_Halloween2025_Round15_01_Fixed","Item_Material_EquipExp_01","1","True",""
"EventTileBreak_Halloween2025_Round15_01_Fixed_07","EventTileBreak_Halloween2025_Round15_01_Fixed","Item_Material_SkillLvUp_Common","2","True",""
"EventTileBreak_Halloween2025_Round15_02_Fixed_01","EventTileBreak_Halloween2025_Round15_02_Fixed","Item_Material_SkillLvUp_ClassFighter_03","1","True",""
"EventTileBreak_Halloween2025_Round15_02_Fixed_02","EventTileBreak_Halloween2025_Round15_02_Fixed","Item_Material_SkillLvUp_ClassFighter_02","1","True",""
"EventTileBreak_Halloween2025_Round15_02_Fixed_03","EventTileBreak_Halloween2025_Round15_02_Fixed","Item_Material_HeroExp_03","1","True",""
"EventTileBreak_Halloween2025_Round15_02_Fixed_04","EventTileBreak_Halloween2025_Round15_02_Fixed","Item_Material_EquipGradeUp_Cape_03","1","True",""
"EventTileBreak_Halloween2025_Round15_02_Fixed_05","EventTileBreak_Halloween2025_Round15_02_Fixed","Item_Material_EquipExp_02","1","True",""
"EventTileBreak_Halloween2025_Round15_02_Fixed_06","EventTileBreak_Halloween2025_Round15_02_Fixed","Item_Material_HeroExp_01","1","True",""
"EventTileBreak_Halloween2025_Round15_02_Fixed_07","EventTileBreak_Halloween2025_Round15_02_Fixed","Item_Material_EquipExp_01","1","True",""
"EventTileBreak_Halloween2025_Round15_02_Fixed_08","EventTileBreak_Halloween2025_Round15_02_Fixed","Item_Material_SkillLvUp_Common","2","True",""
"EventTileBreak_Halloween2025_Round15_03_Fixed_01","EventTileBreak_Halloween2025_Round15_03_Fixed","Item_Material_SkillLvUp_AttributeBlue_01","1","True",""
"EventTileBreak_Halloween2025_Round15_03_Fixed_02","EventTileBreak_Halloween2025_Round15_03_Fixed","Item_Material_SkillLvUp_ClassRanger_01","1","True",""
"EventTileBreak_Halloween2025_Round15_03_Fixed_03","EventTileBreak_Halloween2025_Round15_03_Fixed","Item_Material_HeroExp_03","1","True",""
"EventTileBreak_Halloween2025_Round15_03_Fixed_04","EventTileBreak_Halloween2025_Round15_03_Fixed","Item_Material_EquipGradeUp_Cape_03","1","True",""
"EventTileBreak_Halloween2025_Round15_03_Fixed_05","EventTileBreak_Halloween2025_Round15_03_Fixed","Item_Material_EquipExp_02","1","True",""
"EventTileBreak_Halloween2025_Round15_03_Fixed_06","EventTileBreak_Halloween2025_Round15_03_Fixed","Item_Material_HeroExp_01","1","True",""
"EventTileBreak_Halloween2025_Round15_03_Fixed_07","EventTileBreak_Halloween2025_Round15_03_Fixed","Item_Material_EquipExp_01","1","True",""
"EventTileBreak_Halloween2025_Round15_03_Fixed_08","EventTileBreak_Halloween2025_Round15_03_Fixed","Item_Material_SkillLvUp_Common","2","True",""
"EventTileBreak_Halloween2025_Round16_01_Fixed_01","EventTileBreak_Halloween2025_Round16_01_Fixed","Item_Material_SkillLvUp_Paulhill_Emblem","1","True",""
"EventTileBreak_Halloween2025_Round16_01_Fixed_02","EventTileBreak_Halloween2025_Round16_01_Fixed","Item_Material_HeroGradeUp_Char_099_S01_G","30","True",""
"EventTileBreak_Halloween2025_Round16_01_Fixed_03","EventTileBreak_Halloween2025_Round16_01_Fixed","Item_Material_SkillLvUp_AttributeRed_04","1","True",""
"EventTileBreak_Halloween2025_Round16_01_Fixed_04","EventTileBreak_Halloween2025_Round16_01_Fixed","Item_Material_SkillLvUp_ClassFighter_04","1","True",""
"EventTileBreak_Halloween2025_Round16_01_Fixed_05","EventTileBreak_Halloween2025_Round16_01_Fixed","Item_Material_EquipExp_05","1","True",""
"EventTileBreak_Halloween2025_Round16_01_Fixed_06","EventTileBreak_Halloween2025_Round16_01_Fixed","Item_Material_HeroExp_05","1","True",""
"EventTileBreak_Halloween2025_Round16_01_Fixed_07","EventTileBreak_Halloween2025_Round16_01_Fixed","Item_Material_SkillLvUp_AttributeBlue_03","1","True",""
"EventTileBreak_Halloween2025_Round16_01_Fixed_08","EventTileBreak_Halloween2025_Round16_01_Fixed","Item_Material_SkillLvUp_AttributeRed_03","1","True",""
"EventTileBreak_Halloween2025_Round16_01_Fixed_09","EventTileBreak_Halloween2025_Round16_01_Fixed","Item_Material_SkillLvUp_ClassFighter_03","1","True",""
"EventTileBreak_Halloween2025_Round16_01_Fixed_10","EventTileBreak_Halloween2025_Round16_01_Fixed","Item_Material_SkillLvUp_AttributeBlue_02","1","True",""
"EventTileBreak_Halloween2025_Round16_01_Fixed_11","EventTileBreak_Halloween2025_Round16_01_Fixed","Item_Material_SkillLvUp_AttributeRed_02","1","True",""
"EventTileBreak_Halloween2025_Round16_01_Fixed_12","EventTileBreak_Halloween2025_Round16_01_Fixed","Item_Material_SkillLvUp_ClassRanger_02","1","True",""
"EventTileBreak_Halloween2025_Round16_01_Fixed_13","EventTileBreak_Halloween2025_Round16_01_Fixed","Item_Material_EquipGradeUp_Ring_03","1","True",""
"EventTileBreak_Halloween2025_Round16_01_Fixed_14","EventTileBreak_Halloween2025_Round16_01_Fixed","Item_Material_EquipExp_02","1","True",""
"EventTileBreak_Halloween2025_Round16_02_Fixed_01","EventTileBreak_Halloween2025_Round16_02_Fixed","Item_Material_SkillLvUp_AttributeRed_01","1","True",""
"EventTileBreak_Halloween2025_Round16_02_Fixed_02","EventTileBreak_Halloween2025_Round16_02_Fixed","Item_Material_SkillLvUp_ClassRanger_01","1","True",""
"EventTileBreak_Halloween2025_Round16_02_Fixed_03","EventTileBreak_Halloween2025_Round16_02_Fixed","Item_Material_HeroExp_03","1","True",""
"EventTileBreak_Halloween2025_Round16_02_Fixed_04","EventTileBreak_Halloween2025_Round16_02_Fixed","Item_Material_EquipGradeUp_Cape_03","1","True",""
"EventTileBreak_Halloween2025_Round16_02_Fixed_05","EventTileBreak_Halloween2025_Round16_02_Fixed","Item_Material_EquipExp_02","1","True",""
"EventTileBreak_Halloween2025_Round16_02_Fixed_06","EventTileBreak_Halloween2025_Round16_02_Fixed","Item_Material_HeroExp_01","1","True",""
"EventTileBreak_Halloween2025_Round16_02_Fixed_07","EventTileBreak_Halloween2025_Round16_02_Fixed","Item_Material_EquipExp_01","1","True",""
"EventTileBreak_Halloween2025_Round16_02_Fixed_08","EventTileBreak_Halloween2025_Round16_02_Fixed","Item_Material_SkillLvUp_Common","2","True",""
"EventTileBreak_Halloween2025_Round16_03_Fixed_01","EventTileBreak_Halloween2025_Round16_03_Fixed","Item_Material_SkillLvUp_AttributeBlue_01","1","True",""
"EventTileBreak_Halloween2025_Round16_03_Fixed_02","EventTileBreak_Halloween2025_Round16_03_Fixed","Item_Material_SkillLvUp_ClassRanger_01","1","True",""
"EventTileBreak_Halloween2025_Round16_03_Fixed_03","EventTileBreak_Halloween2025_Round16_03_Fixed","Item_Material_HeroExp_03","1","True",""
"EventTileBreak_Halloween2025_Round16_03_Fixed_04","EventTileBreak_Halloween2025_Round16_03_Fixed","Item_Material_EquipGradeUp_Cape_03","1","True",""
"EventTileBreak_Halloween2025_Round16_03_Fixed_05","EventTileBreak_Halloween2025_Round16_03_Fixed","Item_Material_EquipExp_02","1","True",""
"EventTileBreak_Halloween2025_Round16_03_Fixed_06","EventTileBreak_Halloween2025_Round16_03_Fixed","Item_Material_HeroExp_01","1","True",""
"EventTileBreak_Halloween2025_Round16_03_Fixed_07","EventTileBreak_Halloween2025_Round16_03_Fixed","Item_Material_EquipExp_01","1","True",""
"EventTileBreak_Halloween2025_Round16_03_Fixed_08","EventTileBreak_Halloween2025_Round16_03_Fixed","Item_Material_SkillLvUp_Common","2","True",""
"EventTileBreak_Halloween2025_Round17_01_Fixed_01","EventTileBreak_Halloween2025_Round17_01_Fixed","Item_Material_EquipExp_05","1","True",""
"EventTileBreak_Halloween2025_Round17_01_Fixed_02","EventTileBreak_Halloween2025_Round17_01_Fixed","Item_Material_SkillLvUp_AttributeRed_03","1","True",""
"EventTileBreak_Halloween2025_Round17_01_Fixed_03","EventTileBreak_Halloween2025_Round17_01_Fixed","Item_Material_SkillLvUp_ClassFighter_02","1","True",""
"EventTileBreak_Halloween2025_Round17_01_Fixed_04","EventTileBreak_Halloween2025_Round17_01_Fixed","Item_Material_EquipGradeUp_Ranged_02","1","True",""
"EventTileBreak_Halloween2025_Round17_01_Fixed_05","EventTileBreak_Halloween2025_Round17_01_Fixed","Item_Material_EquipExp_02","1","True",""
"EventTileBreak_Halloween2025_Round17_01_Fixed_06","EventTileBreak_Halloween2025_Round17_01_Fixed","Item_Material_HeroExp_01","1","True",""
"EventTileBreak_Halloween2025_Round17_01_Fixed_07","EventTileBreak_Halloween2025_Round17_01_Fixed","Item_Material_EquipExp_01","1","True",""
"EventTileBreak_Halloween2025_Round17_01_Fixed_08","EventTileBreak_Halloween2025_Round17_01_Fixed","Item_Material_SkillLvUp_Common","2","True",""
"EventTileBreak_Halloween2025_Round17_02_Fixed_01","EventTileBreak_Halloween2025_Round17_02_Fixed","Item_Material_SkillLvUp_AttributeBlue_01","1","True",""
"EventTileBreak_Halloween2025_Round17_02_Fixed_02","EventTileBreak_Halloween2025_Round17_02_Fixed","Item_Material_SkillLvUp_ClassRanger_01","1","True",""
"EventTileBreak_Halloween2025_Round17_02_Fixed_03","EventTileBreak_Halloween2025_Round17_02_Fixed","Item_Material_HeroExp_03","1","True",""
"EventTileBreak_Halloween2025_Round17_02_Fixed_04","EventTileBreak_Halloween2025_Round17_02_Fixed","Item_Material_EquipGradeUp_Ranged_02","1","True",""
"EventTileBreak_Halloween2025_Round17_02_Fixed_05","EventTileBreak_Halloween2025_Round17_02_Fixed","Item_Material_EquipExp_02","1","True",""
"EventTileBreak_Halloween2025_Round17_02_Fixed_06","EventTileBreak_Halloween2025_Round17_02_Fixed","Item_Material_HeroExp_01","1","True",""
"EventTileBreak_Halloween2025_Round17_02_Fixed_07","EventTileBreak_Halloween2025_Round17_02_Fixed","Item_Material_EquipExp_01","1","True",""
"EventTileBreak_Halloween2025_Round17_02_Fixed_08","EventTileBreak_Halloween2025_Round17_02_Fixed","Item_Material_SkillLvUp_Common","2","True",""
"EventTileBreak_Halloween2025_Round17_03_Fixed_01","EventTileBreak_Halloween2025_Round17_03_Fixed","Item_Material_SkillLvUp_AttributeBlue_01","1","True",""
"EventTileBreak_Halloween2025_Round17_03_Fixed_02","EventTileBreak_Halloween2025_Round17_03_Fixed","Item_Material_SkillLvUp_ClassRanger_01","1","True",""
"EventTileBreak_Halloween2025_Round17_03_Fixed_03","EventTileBreak_Halloween2025_Round17_03_Fixed","Item_Material_HeroExp_03","1","True",""
"EventTileBreak_Halloween2025_Round17_03_Fixed_04","EventTileBreak_Halloween2025_Round17_03_Fixed","Item_Material_EquipGradeUp_Ranged_02","1","True",""
"EventTileBreak_Halloween2025_Round17_03_Fixed_05","EventTileBreak_Halloween2025_Round17_03_Fixed","Item_Material_EquipExp_02","1","True",""
"EventTileBreak_Halloween2025_Round17_03_Fixed_06","EventTileBreak_Halloween2025_Round17_03_Fixed","Item_Material_HeroExp_01","1","True",""
"EventTileBreak_Halloween2025_Round17_03_Fixed_07","EventTileBreak_Halloween2025_Round17_03_Fixed","Item_Material_EquipExp_01","1","True",""
"EventTileBreak_Halloween2025_Round17_03_Fixed_08","EventTileBreak_Halloween2025_Round17_03_Fixed","Item_Material_SkillLvUp_Common","2","True",""
"EventTileBreak_Halloween2025_Round18_01_Fixed_01","EventTileBreak_Halloween2025_Round18_01_Fixed","Item_Material_SkillLvUp_AttributeBlue_01","1","True",""
"EventTileBreak_Halloween2025_Round18_01_Fixed_02","EventTileBreak_Halloween2025_Round18_01_Fixed","Item_Material_SkillLvUp_ClassRanger_01","1","True",""
"EventTileBreak_Halloween2025_Round18_01_Fixed_03","EventTileBreak_Halloween2025_Round18_01_Fixed","Item_Material_HeroExp_03","1","True",""
"EventTileBreak_Halloween2025_Round18_01_Fixed_04","EventTileBreak_Halloween2025_Round18_01_Fixed","Item_Material_EquipGradeUp_Ranged_02","1","True",""
"EventTileBreak_Halloween2025_Round18_01_Fixed_05","EventTileBreak_Halloween2025_Round18_01_Fixed","Item_Material_EquipExp_02","1","True",""
"EventTileBreak_Halloween2025_Round18_01_Fixed_06","EventTileBreak_Halloween2025_Round18_01_Fixed","Item_Material_HeroExp_01","1","True",""
"EventTileBreak_Halloween2025_Round18_01_Fixed_07","EventTileBreak_Halloween2025_Round18_01_Fixed","Item_Material_EquipExp_01","1","True",""
"EventTileBreak_Halloween2025_Round18_01_Fixed_08","EventTileBreak_Halloween2025_Round18_01_Fixed","Item_Material_SkillLvUp_Common","2","True",""
"EventTileBreak_Halloween2025_Round18_02_Fixed_01","EventTileBreak_Halloween2025_Round18_02_Fixed","Item_Material_SkillLvUp_AttributeBlue_01","1","True",""
"EventTileBreak_Halloween2025_Round18_02_Fixed_02","EventTileBreak_Halloween2025_Round18_02_Fixed","Item_Material_SkillLvUp_ClassFighter_02","1","True",""
"EventTileBreak_Halloween2025_Round18_02_Fixed_03","EventTileBreak_Halloween2025_Round18_02_Fixed","Item_Material_HeroExp_03","1","True",""
"EventTileBreak_Halloween2025_Round18_02_Fixed_04","EventTileBreak_Halloween2025_Round18_02_Fixed","Item_Material_EquipGradeUp_Ranged_02","1","True",""
"EventTileBreak_Halloween2025_Round18_02_Fixed_05","EventTileBreak_Halloween2025_Round18_02_Fixed","Item_Material_EquipExp_02","1","True",""
"EventTileBreak_Halloween2025_Round18_02_Fixed_06","EventTileBreak_Halloween2025_Round18_02_Fixed","Item_Material_HeroExp_01","1","True",""
"EventTileBreak_Halloween2025_Round18_02_Fixed_07","EventTileBreak_Halloween2025_Round18_02_Fixed","Item_Material_EquipExp_01","1","True",""
"EventTileBreak_Halloween2025_Round18_02_Fixed_08","EventTileBreak_Halloween2025_Round18_02_Fixed","Item_Material_SkillLvUp_Common","2","True",""
"EventTileBreak_Halloween2025_Round18_03_Fixed_01","EventTileBreak_Halloween2025_Round18_03_Fixed","Item_Material_EquipExp_05","1","True",""
"EventTileBreak_Halloween2025_Round18_03_Fixed_02","EventTileBreak_Halloween2025_Round18_03_Fixed","Item_Material_SkillLvUp_ClassRanger_03","1","True",""
"EventTileBreak_Halloween2025_Round18_03_Fixed_03","EventTileBreak_Halloween2025_Round18_03_Fixed","Item_Material_EquipExp_03","1","True",""
"EventTileBreak_Halloween2025_Round18_03_Fixed_04","EventTileBreak_Halloween2025_Round18_03_Fixed","Item_Material_EquipGradeUp_Ranged_02","1","True",""
"EventTileBreak_Halloween2025_Round18_03_Fixed_05","EventTileBreak_Halloween2025_Round18_03_Fixed","Item_Material_EquipExp_02","1","True",""
"EventTileBreak_Halloween2025_Round18_03_Fixed_06","EventTileBreak_Halloween2025_Round18_03_Fixed","Item_Material_HeroExp_01","1","True",""
"EventTileBreak_Halloween2025_Round18_03_Fixed_07","EventTileBreak_Halloween2025_Round18_03_Fixed","Item_Material_EquipExp_01","1","True",""
"EventTileBreak_Halloween2025_Round18_03_Fixed_08","EventTileBreak_Halloween2025_Round18_03_Fixed","Item_Material_SkillLvUp_Common","2","True",""
"EventTileBreak_Halloween2025_Round19_01_Fixed_01","EventTileBreak_Halloween2025_Round19_01_Fixed","Item_Material_SkillLvUp_AttributeBlue_01","1","True",""
"EventTileBreak_Halloween2025_Round19_01_Fixed_02","EventTileBreak_Halloween2025_Round19_01_Fixed","Item_Material_SkillLvUp_ClassRanger_01","1","True",""
"EventTileBreak_Halloween2025_Round19_01_Fixed_03","EventTileBreak_Halloween2025_Round19_01_Fixed","Item_Material_EquipExp_03","1","True",""
"EventTileBreak_Halloween2025_Round19_01_Fixed_04","EventTileBreak_Halloween2025_Round19_01_Fixed","Item_Material_EquipGradeUp_Ranged_02","1","True",""
"EventTileBreak_Halloween2025_Round19_01_Fixed_05","EventTileBreak_Halloween2025_Round19_01_Fixed","Item_Material_EquipExp_02","1","True",""
"EventTileBreak_Halloween2025_Round19_01_Fixed_06","EventTileBreak_Halloween2025_Round19_01_Fixed","Item_Material_HeroExp_01","1","True",""
"EventTileBreak_Halloween2025_Round19_01_Fixed_07","EventTileBreak_Halloween2025_Round19_01_Fixed","Item_Material_EquipExp_01","1","True",""
"EventTileBreak_Halloween2025_Round19_01_Fixed_08","EventTileBreak_Halloween2025_Round19_01_Fixed","Item_Material_SkillLvUp_Common","2","True",""
"EventTileBreak_Halloween2025_Round19_02_Fixed_01","EventTileBreak_Halloween2025_Round19_02_Fixed","Item_Material_EquipExp_05","1","True",""
"EventTileBreak_Halloween2025_Round19_02_Fixed_02","EventTileBreak_Halloween2025_Round19_02_Fixed","Item_Material_SkillLvUp_ClassRanger_02","1","True",""
"EventTileBreak_Halloween2025_Round19_02_Fixed_03","EventTileBreak_Halloween2025_Round19_02_Fixed","Item_Material_SkillLvUp_ClassFighter_02","1","True",""
"EventTileBreak_Halloween2025_Round19_02_Fixed_04","EventTileBreak_Halloween2025_Round19_02_Fixed","Item_Material_EquipGradeUp_Ranged_02","1","True",""
"EventTileBreak_Halloween2025_Round19_02_Fixed_05","EventTileBreak_Halloween2025_Round19_02_Fixed","Item_Material_HeroExp_02","1","True",""
"EventTileBreak_Halloween2025_Round19_02_Fixed_06","EventTileBreak_Halloween2025_Round19_02_Fixed","Item_Material_HeroExp_01","1","True",""
"EventTileBreak_Halloween2025_Round19_02_Fixed_07","EventTileBreak_Halloween2025_Round19_02_Fixed","Item_Material_EquipExp_01","1","True",""
"EventTileBreak_Halloween2025_Round19_02_Fixed_08","EventTileBreak_Halloween2025_Round19_02_Fixed","Item_Material_SkillLvUp_Common","2","True",""
"EventTileBreak_Halloween2025_Round19_03_Fixed_01","EventTileBreak_Halloween2025_Round19_03_Fixed","Item_Material_EquipExp_05","1","True",""
"EventTileBreak_Halloween2025_Round19_03_Fixed_02","EventTileBreak_Halloween2025_Round19_03_Fixed","Item_Material_SkillLvUp_AttributeBlue_03","1","True",""
"EventTileBreak_Halloween2025_Round19_03_Fixed_03","EventTileBreak_Halloween2025_Round19_03_Fixed","Item_Material_SkillLvUp_ClassFighter_02","1","True",""
"EventTileBreak_Halloween2025_Round19_03_Fixed_04","EventTileBreak_Halloween2025_Round19_03_Fixed","Item_Material_EquipGradeUp_Ranged_02","1","True",""
"EventTileBreak_Halloween2025_Round19_03_Fixed_05","EventTileBreak_Halloween2025_Round19_03_Fixed","Item_Material_HeroExp_02","1","True",""
"EventTileBreak_Halloween2025_Round19_03_Fixed_06","EventTileBreak_Halloween2025_Round19_03_Fixed","Item_Material_HeroExp_01","1","True",""
"EventTileBreak_Halloween2025_Round19_03_Fixed_07","EventTileBreak_Halloween2025_Round19_03_Fixed","Item_Material_EquipExp_01","1","True",""
"EventTileBreak_Halloween2025_Round19_03_Fixed_08","EventTileBreak_Halloween2025_Round19_03_Fixed","Item_Material_SkillLvUp_Common","2","True",""
"EventTileBreak_Halloween2025_Round20_01_Fixed_01","EventTileBreak_Halloween2025_Round20_01_Fixed","Item_Material_HeroExp_01","1","True",""
"EventTileBreak_Halloween2025_Round20_01_Fixed_02","EventTileBreak_Halloween2025_Round20_01_Fixed","Item_Material_EquipExp_01","1","True",""
"EventTileBreak_Halloween2025_Round20_01_Fixed_03","EventTileBreak_Halloween2025_Round20_01_Fixed","Item_Material_SkillLvUp_Common","2","True",""
"EventTileBreak_Halloween2025_Round20_02_Fixed_01","EventTileBreak_Halloween2025_Round20_02_Fixed","Item_Material_HeroExp_01","2","True",""
"EventTileBreak_Halloween2025_Round20_02_Fixed_02","EventTileBreak_Halloween2025_Round20_02_Fixed","Item_Material_EquipExp_01","1","True",""
"EventTileBreak_Halloween2025_Round20_02_Fixed_03","EventTileBreak_Halloween2025_Round20_02_Fixed","Item_Material_SkillLvUp_Common","2","True",""
"EventTileBreak_Halloween2025_Round20_03_Fixed_01","EventTileBreak_Halloween2025_Round20_03_Fixed","Item_Material_HeroExp_01","1","True",""
"EventTileBreak_Halloween2025_Round20_03_Fixed_02","EventTileBreak_Halloween2025_Round20_03_Fixed","Item_Material_EquipExp_01","1","True",""
"EventTileBreak_Halloween2025_Round20_03_Fixed_03","EventTileBreak_Halloween2025_Round20_03_Fixed","Item_Material_SkillLvUp_Common","2","True",""
"EA002OceanSpa_FirstClearReward_01_01","EA002OceanSpa_FirstClearReward_01","Item_EventAdventure_BossTicket","100","True",""
"EA002OceanSpa_FirstClearReward_01_02","EA002OceanSpa_FirstClearReward_01","Item_Material_HeroGradeUp_Char_115_S01_B","20","True",""
"EA002OceanSpa_FirstClearReward_02_01","EA002OceanSpa_FirstClearReward_02","Item_Coin_EventAdventure_N002OceanSpa_Egg","100","True",""
"EA002OceanSpa_FirstClearReward_03_01","EA002OceanSpa_FirstClearReward_03","Item_EventAdventure_BossTicket","100","True",""
"EA002OceanSpa_FirstClearReward_04_01","EA002OceanSpa_FirstClearReward_04","Item_Coin_EventAdventure_N002OceanSpa_Egg","100","True",""
"EA002OceanSpa_FirstClearReward_05_01","EA002OceanSpa_FirstClearReward_05","Item_Coin_EventAdventure_N002OceanSpa_Soap","100","True",""
"EA002OceanSpa_FirstClearReward_06_01","EA002OceanSpa_FirstClearReward_06","Item_EventAdventure_BossTicket","200","True",""
"EA002OceanSpa_FirstClearReward_07_01","EA002OceanSpa_FirstClearReward_07","Item_Coin_EventAdventure_N002OceanSpa_Egg","200","True",""
"EA002OceanSpa_FirstClearReward_08_01","EA002OceanSpa_FirstClearReward_08","Item_EventAdventure_BossTicket","200","True",""
"EA002OceanSpa_FirstClearReward_09_01","EA002OceanSpa_FirstClearReward_09","Item_Coin_EventAdventure_N002OceanSpa_Egg","200","True",""
"EA002OceanSpa_FirstClearReward_10_01","EA002OceanSpa_FirstClearReward_10","Item_Coin_EventAdventure_N002OceanSpa_Soap","200","True",""
"EA002OceanSpa_FirstClearReward_11_01","EA002OceanSpa_FirstClearReward_11","Item_EventAdventure_BossTicket","300","True",""
"EA002OceanSpa_FirstClearReward_12_01","EA002OceanSpa_FirstClearReward_12","Item_Coin_EventAdventure_N002OceanSpa_Egg","300","True",""
"EA002OceanSpa_FirstClearReward_13_01","EA002OceanSpa_FirstClearReward_13","Item_EventAdventure_BossTicket","300","True",""
"EA002OceanSpa_FirstClearReward_14_01","EA002OceanSpa_FirstClearReward_14","Item_Coin_EventAdventure_N002OceanSpa_Egg","300","True",""
"EA002OceanSpa_FirstClearReward_15_01","EA002OceanSpa_FirstClearReward_15","Item_Coin_EventAdventure_N002OceanSpa_Soap","300","True",""
"EA002OceanSpa_FirstClearReward_16_01","EA002OceanSpa_FirstClearReward_16","Item_Material_HeroGradeUp_Char_115_S01_B","5","True",""
"EA002OceanSpa_FirstClearReward_17_01","EA002OceanSpa_FirstClearReward_17","Item_Material_HeroGradeUp_Char_115_S01_B","5","True",""
"EA002OceanSpa_FirstClearReward_18_01","EA002OceanSpa_FirstClearReward_18","Item_Material_HeroGradeUp_Char_115_S01_B","5","True",""
"EA002OceanSpa_FirstClearReward_19_01","EA002OceanSpa_FirstClearReward_19","Item_Coin_EventAdventure_N002OceanSpa_Towel","20","True",""
"EA002OceanSpa_FirstClearReward_20_01","EA002OceanSpa_FirstClearReward_20","Item_Coin_EventAdventure_N002OceanSpa_Towel","30","True",""
"EA002OceanSpa_FirstClearReward_21_01","EA002OceanSpa_FirstClearReward_21","Item_Coin_EventAdventure_N002OceanSpa_Towel","40","True",""
"EA002OceanSpa_FirstClearReward_22_01","EA002OceanSpa_FirstClearReward_22","Item_Coin_EventAdventure_N002OceanSpa_Towel","50","True",""
"EA002OceanSpa_FirstClearReward_23_01","EA002OceanSpa_FirstClearReward_23","Item_Coin_EventAdventure_N002OceanSpa_Towel","60","True",""
"EA002OceanSpa_FixedReward_01_01","EA002OceanSpa_FixedReward_01","Item_EventAdventure_N002OceanSpa_BossTicket","8","True",""
"EA002OceanSpa_FixedReward_01_02","EA002OceanSpa_FixedReward_01","Item_Coin_EventAdventure_N002OceanSpa_Egg","6","True",""
"EA002OceanSpa_FixedReward_01_03","EA002OceanSpa_FixedReward_01","Item_Coin_EventAdventure_N002OceanSpa_Soap","6","True",""
"EA002OceanSpa_FixedReward_02_01","EA002OceanSpa_FixedReward_02","Item_Coin_EventAdventure_N002OceanSpa_Egg","12","True",""
"EA002OceanSpa_FixedReward_02_02","EA002OceanSpa_FixedReward_02","Item_EventAdventure_N002OceanSpa_BossTicket","8","True",""
"EA002OceanSpa_FixedReward_03_01","EA002OceanSpa_FixedReward_03","Item_Coin_EventAdventure_N002OceanSpa_Soap","12","True",""
"EA002OceanSpa_FixedReward_03_02","EA002OceanSpa_FixedReward_03","Item_Coin_EventAdventure_N002OceanSpa_Egg","8","True",""
"EA002OceanSpa_FixedReward_04_01","EA002OceanSpa_FixedReward_04","Item_EventAdventure_N002OceanSpa_BossTicket","12","True",""
"EA002OceanSpa_FixedReward_04_02","EA002OceanSpa_FixedReward_04","Item_Coin_EventAdventure_N002OceanSpa_Soap","8","True",""
"EA002OceanSpa_FixedReward_05_01","EA002OceanSpa_FixedReward_05","Item_Coin_EventAdventure_N002OceanSpa_Soap","20","True",""
"EA002OceanSpa_FixedReward_06_01","EA002OceanSpa_FixedReward_06","Item_EventAdventure_N002OceanSpa_BossTicket","10","True",""
"EA002OceanSpa_FixedReward_06_02","EA002OceanSpa_FixedReward_06","Item_Coin_EventAdventure_N002OceanSpa_Egg","10","True",""
"EA002OceanSpa_FixedReward_06_03","EA002OceanSpa_FixedReward_06","Item_Coin_EventAdventure_N002OceanSpa_Soap","10","True",""
"EA002OceanSpa_FixedReward_07_01","EA002OceanSpa_FixedReward_07","Item_Coin_EventAdventure_N002OceanSpa_Egg","18","True",""
"EA002OceanSpa_FixedReward_07_02","EA002OceanSpa_FixedReward_07","Item_EventAdventure_N002OceanSpa_BossTicket","12","True",""
"EA002OceanSpa_FixedReward_08_01","EA002OceanSpa_FixedReward_08","Item_Coin_EventAdventure_N002OceanSpa_Soap","18","True",""
"EA002OceanSpa_FixedReward_08_02","EA002OceanSpa_FixedReward_08","Item_Coin_EventAdventure_N002OceanSpa_Egg","12","True",""
"EA002OceanSpa_FixedReward_09_01","EA002OceanSpa_FixedReward_09","Item_EventAdventure_N002OceanSpa_BossTicket","18","True",""
"EA002OceanSpa_FixedReward_09_02","EA002OceanSpa_FixedReward_09","Item_Coin_EventAdventure_N002OceanSpa_Soap","12","True",""
"EA002OceanSpa_FixedReward_10_01","EA002OceanSpa_FixedReward_10","Item_Coin_EventAdventure_N002OceanSpa_Soap","30","True",""
"EA002OceanSpa_FixedReward_11_01","EA002OceanSpa_FixedReward_11","Item_EventAdventure_N002OceanSpa_BossTicket","14","True",""
"EA002OceanSpa_FixedReward_11_02","EA002OceanSpa_FixedReward_11","Item_Coin_EventAdventure_N002OceanSpa_Egg","14","True",""
"EA002OceanSpa_FixedReward_11_03","EA002OceanSpa_FixedReward_11","Item_Coin_EventAdventure_N002OceanSpa_Soap","12","True",""
"EA002OceanSpa_FixedReward_12_01","EA002OceanSpa_FixedReward_12","Item_Coin_EventAdventure_N002OceanSpa_Egg","24","True",""
"EA002OceanSpa_FixedReward_12_02","EA002OceanSpa_FixedReward_12","Item_EventAdventure_N002OceanSpa_BossTicket","16","True",""
"EA002OceanSpa_FixedReward_13_01","EA002OceanSpa_FixedReward_13","Item_Coin_EventAdventure_N002OceanSpa_Soap","24","True",""
"EA002OceanSpa_FixedReward_13_02","EA002OceanSpa_FixedReward_13","Item_Coin_EventAdventure_N002OceanSpa_Egg","16","True",""
"EA002OceanSpa_FixedReward_14_01","EA002OceanSpa_FixedReward_14","Item_EventAdventure_N002OceanSpa_BossTicket","24","True",""
"EA002OceanSpa_FixedReward_14_02","EA002OceanSpa_FixedReward_14","Item_Coin_EventAdventure_N002OceanSpa_Soap","16","True",""
"EA002OceanSpa_FixedReward_15_01","EA002OceanSpa_FixedReward_15","Item_Coin_EventAdventure_N002OceanSpa_Soap","40","True",""
"EA002OceanSpa_FixedReward_16_01","EA002OceanSpa_FixedReward_16","Item_EventAdventure_N002OceanSpa_BossTicket","40","True",""
"EA002OceanSpa_FixedReward_17_01","EA002OceanSpa_FixedReward_17","Item_Coin_EventAdventure_N002OceanSpa_Egg","40","True",""
"EA002OceanSpa_FixedReward_18_01","EA002OceanSpa_FixedReward_18","Item_Coin_EventAdventure_N002OceanSpa_Soap","40","True",""
"EA002OceanSpa_FixedReward_19_01","EA002OceanSpa_FixedReward_19","Item_Coin_EventAdventure_N002OceanSpa_Towel","8","True",""
"EA002OceanSpa_FixedReward_20_01","EA002OceanSpa_FixedReward_20","Item_Coin_EventAdventure_N002OceanSpa_Towel","10","True",""
"EA002OceanSpa_FixedReward_21_01","EA002OceanSpa_FixedReward_21","Item_Coin_EventAdventure_N002OceanSpa_Towel","12","True",""
"EA002OceanSpa_FixedReward_22_01","EA002OceanSpa_FixedReward_22","Item_Coin_EventAdventure_N002OceanSpa_Towel","14","True",""
"EA002OceanSpa_FixedReward_23_01","EA002OceanSpa_FixedReward_23","Item_Coin_EventAdventure_N002OceanSpa_Towel","16","True",""
"EA002OceanSpa_RandomReward_01_01","EA002OceanSpa_RandomReward_01","Point_Gold","5","False","10000"
"EA002OceanSpa_RandomReward_02_01","EA002OceanSpa_RandomReward_02","Point_Gold","5","False","10000"
"EA002OceanSpa_RandomReward_03_01","EA002OceanSpa_RandomReward_03","Point_Gold","5","False","10000"
"EA002OceanSpa_RandomReward_04_01","EA002OceanSpa_RandomReward_04","Point_Gold","5","False","10000"
"EA002OceanSpa_RandomReward_05_01","EA002OceanSpa_RandomReward_05","Point_Gold","5","False","10000"
"EA002OceanSpa_RandomReward_06_01","EA002OceanSpa_RandomReward_06","Point_Gold","5","False","10000"
"EA002OceanSpa_RandomReward_07_01","EA002OceanSpa_RandomReward_07","Point_Gold","5","False","10000"
"EA002OceanSpa_RandomReward_08_01","EA002OceanSpa_RandomReward_08","Point_Gold","5","False","10000"
"EA002OceanSpa_RandomReward_09_01","EA002OceanSpa_RandomReward_09","Point_Gold","5","False","10000"
"EA002OceanSpa_RandomReward_10_01","EA002OceanSpa_RandomReward_10","Point_Gold","5","False","10000"
"EA002OceanSpa_RandomReward_11_01","EA002OceanSpa_RandomReward_11","Point_Gold","5","False","10000"
"EA002OceanSpa_RandomReward_12_01","EA002OceanSpa_RandomReward_12","Point_Gold","5","False","10000"
"EA002OceanSpa_RandomReward_13_01","EA002OceanSpa_RandomReward_13","Point_Gold","5","False","10000"
"EA002OceanSpa_RandomReward_14_01","EA002OceanSpa_RandomReward_14","Point_Gold","5","False","10000"
"EA002OceanSpa_RandomReward_15_01","EA002OceanSpa_RandomReward_15","Point_Gold","5","False","10000"
"EA002OceanSpa_RandomReward_16_01","EA002OceanSpa_RandomReward_16","Point_Gold","5","False","10000"
"EA002OceanSpa_RandomReward_17_01","EA002OceanSpa_RandomReward_17","Point_Gold","5","False","10000"
"EA002OceanSpa_RandomReward_18_01","EA002OceanSpa_RandomReward_18","Point_Gold","5","False","10000"
"EA002OceanSpa_RandomReward_19_01","EA002OceanSpa_RandomReward_19","Point_Gold","5","False","10000"
"EA002OceanSpa_RandomReward_20_01","EA002OceanSpa_RandomReward_20","Point_Gold","5","False","10000"
"EA002OceanSpa_RandomReward_21_01","EA002OceanSpa_RandomReward_21","Point_Gold","5","False","10000"
"EA002OceanSpa_RandomReward_22_01","EA002OceanSpa_RandomReward_22","Point_Gold","5","False","10000"
"EA002OceanSpa_RandomReward_23_01","EA002OceanSpa_RandomReward_23","Point_Gold","5","False","10000"
"E001TaggerFind_RoundRewardFirst_01_01","E001TaggerFind_RoundRewardFirst_01","Item_Coin_MemoryCoin","5","True",""
"E001TaggerFind_RoundRewardFirst_01_02","E001TaggerFind_RoundRewardFirst_01","Item_Material_HeroGradeUp_Char_115_S01_B","4","True",""
"E001TaggerFind_RoundRewardFirst_01_03","E001TaggerFind_RoundRewardFirst_01","Item_Material_SkillLvUp_AttributeBlue_04","1","True",""
"E001TaggerFind_RoundRewardFirst_01_04","E001TaggerFind_RoundRewardFirst_01","Item_Material_SkillLvUp_AttributeBlue_03","2","True",""
"E001TaggerFind_RoundRewardFirst_02_01","E001TaggerFind_RoundRewardFirst_02","Item_Coin_MemoryCoin","5","True",""
"E001TaggerFind_RoundRewardFirst_02_02","E001TaggerFind_RoundRewardFirst_02","Item_Material_HeroGradeUp_Char_115_S01_B","4","True",""
"E001TaggerFind_RoundRewardFirst_02_03","E001TaggerFind_RoundRewardFirst_02","Item_Material_HeroExp_04","2","True",""
"E001TaggerFind_RoundRewardFirst_02_04","E001TaggerFind_RoundRewardFirst_02","Item_Material_HeroExp_03","4","True",""
"E001TaggerFind_RoundRewardFirst_03_01","E001TaggerFind_RoundRewardFirst_03","Item_Coin_MemoryCoin","5","True",""
"E001TaggerFind_RoundRewardFirst_03_02","E001TaggerFind_RoundRewardFirst_03","Item_Material_HeroGradeUp_Char_115_S01_B","4","True",""
"E001TaggerFind_RoundRewardFirst_03_03","E001TaggerFind_RoundRewardFirst_03","Item_Material_SkillLvUp_AttributeGreen_04","1","True",""
"E001TaggerFind_RoundRewardFirst_03_04","E001TaggerFind_RoundRewardFirst_03","Item_Material_SkillLvUp_AttributeGreen_03","2","True",""
"E001TaggerFind_RoundRewardFirst_04_01","E001TaggerFind_RoundRewardFirst_04","Item_Coin_MemoryCoin","5","True",""
"E001TaggerFind_RoundRewardFirst_04_02","E001TaggerFind_RoundRewardFirst_04","Item_Material_HeroGradeUp_Char_115_S01_B","4","True",""
"E001TaggerFind_RoundRewardFirst_04_03","E001TaggerFind_RoundRewardFirst_04","Item_Material_EquipExp_05","2","True",""
"E001TaggerFind_RoundRewardFirst_04_04","E001TaggerFind_RoundRewardFirst_04","Item_Material_EquipExp_04","4","True",""
"E001TaggerFind_RoundRewardFirst_05_01","E001TaggerFind_RoundRewardFirst_05","Item_Coin_MemoryCoin","5","True",""
"E001TaggerFind_RoundRewardFirst_05_02","E001TaggerFind_RoundRewardFirst_05","Item_Material_HeroGradeUp_Char_115_S01_B","4","True",""
"E001TaggerFind_RoundRewardFirst_05_03","E001TaggerFind_RoundRewardFirst_05","Item_Material_SkillLvUp_AttributeBlue_04","1","True",""
"E001TaggerFind_RoundRewardFirst_05_04","E001TaggerFind_RoundRewardFirst_05","Item_Material_SkillLvUp_AttributeBlue_03","2","True",""
"E001TaggerFind_RoundRewardFirst_06_01","E001TaggerFind_RoundRewardFirst_06","Item_Coin_MemoryCoin","5","True",""
"E001TaggerFind_RoundRewardFirst_06_02","E001TaggerFind_RoundRewardFirst_06","Item_Material_HeroGradeUp_Char_115_S01_B","4","True",""
"E001TaggerFind_RoundRewardFirst_06_03","E001TaggerFind_RoundRewardFirst_06","Item_Material_HeroExp_04","2","True",""
"E001TaggerFind_RoundRewardFirst_06_04","E001TaggerFind_RoundRewardFirst_06","Item_Material_HeroExp_03","4","True",""
"E001TaggerFind_RoundRewardFirst_07_01","E001TaggerFind_RoundRewardFirst_07","Item_Coin_MemoryCoin","5","True",""
"E001TaggerFind_RoundRewardFirst_07_02","E001TaggerFind_RoundRewardFirst_07","Item_Material_HeroGradeUp_Char_115_S01_B","4","True",""
"E001TaggerFind_RoundRewardFirst_07_03","E001TaggerFind_RoundRewardFirst_07","Item_Material_SkillLvUp_AttributeGreen_04","1","True",""
"E001TaggerFind_RoundRewardFirst_07_04","E001TaggerFind_RoundRewardFirst_07","Item_Material_SkillLvUp_AttributeGreen_03","2","True",""
"E001TaggerFind_RoundRewardFirst_08_01","E001TaggerFind_RoundRewardFirst_08","Item_Coin_MemoryCoin","5","True",""
"E001TaggerFind_RoundRewardFirst_08_02","E001TaggerFind_RoundRewardFirst_08","Item_Material_HeroGradeUp_Char_115_S01_B","4","True",""
"E001TaggerFind_RoundRewardFirst_08_03","E001TaggerFind_RoundRewardFirst_08","Item_Material_EquipExp_05","2","True",""
"E001TaggerFind_RoundRewardFirst_08_04","E001TaggerFind_RoundRewardFirst_08","Item_Material_EquipExp_04","4","True",""
"E001TaggerFind_RoundReward_01_01","E001TaggerFind_RoundReward_01","Item_Coin_EventAdventure_N002OceanSpa_Basket","12","True",""
"E001TaggerFind_RoundReward_01_02","E001TaggerFind_RoundReward_01","Item_Material_SkillLvUp_AttributeBlue_02","2","True",""
"E001TaggerFind_RoundReward_01_03","E001TaggerFind_RoundReward_01","Item_Material_SkillLvUp_AttributeBlue_01","4","True",""
"E001TaggerFind_RoundReward_01_04","E001TaggerFind_RoundReward_01","Item_RandomBox_EquipBox_Level3","5","True",""
"E001TaggerFind_RoundReward_01_05","E001TaggerFind_RoundReward_01","Point_Gold","20000","True",""
"E001TaggerFind_RoundReward_02_01","E001TaggerFind_RoundReward_02","Item_Coin_EventAdventure_N002OceanSpa_Basket","12","True",""
"E001TaggerFind_RoundReward_02_02","E001TaggerFind_RoundReward_02","Item_Material_SkillLvUp_ClassMage_04","2","True",""
"E001TaggerFind_RoundReward_02_03","E001TaggerFind_RoundReward_02","Item_Material_SkillLvUp_ClassMage_03","4","True",""
"E001TaggerFind_RoundReward_02_04","E001TaggerFind_RoundReward_02","Item_RandomBox_EquipBox_Level4","5","True",""
"E001TaggerFind_RoundReward_02_05","E001TaggerFind_RoundReward_02","Point_Gold","20000","True",""
"E001TaggerFind_RoundReward_03_01","E001TaggerFind_RoundReward_03","Item_Coin_EventAdventure_N002OceanSpa_Basket","12","True",""
"E001TaggerFind_RoundReward_03_02","E001TaggerFind_RoundReward_03","Item_Material_SkillLvUp_AttributeGreen_02","2","True",""
"E001TaggerFind_RoundReward_03_03","E001TaggerFind_RoundReward_03","Item_Material_SkillLvUp_AttributeGreen_01","4","True",""
"E001TaggerFind_RoundReward_03_04","E001TaggerFind_RoundReward_03","Item_RandomBox_EquipBox_Level3","5","True",""
"E001TaggerFind_RoundReward_03_05","E001TaggerFind_RoundReward_03","Point_Gold","20000","True",""
"E001TaggerFind_RoundReward_04_01","E001TaggerFind_RoundReward_04","Item_Coin_EventAdventure_N002OceanSpa_Basket","12","True",""
"E001TaggerFind_RoundReward_04_02","E001TaggerFind_RoundReward_04","Item_Material_SkillLvUp_ClassSorcerer_04","2","True",""
"E001TaggerFind_RoundReward_04_03","E001TaggerFind_RoundReward_04","Item_Material_SkillLvUp_ClassSorcerer_03","4","True",""
"E001TaggerFind_RoundReward_04_04","E001TaggerFind_RoundReward_04","Item_RandomBox_EquipBox_Level4","5","True",""
"E001TaggerFind_RoundReward_04_05","E001TaggerFind_RoundReward_04","Point_Gold","20000","True",""
"E001TaggerFind_RoundReward_05_01","E001TaggerFind_RoundReward_05","Item_Coin_EventAdventure_N002OceanSpa_Basket","12","True",""
"E001TaggerFind_RoundReward_05_02","E001TaggerFind_RoundReward_05","Item_Material_SkillLvUp_AttributeBlue_02","2","True",""
"E001TaggerFind_RoundReward_05_03","E001TaggerFind_RoundReward_05","Item_Material_SkillLvUp_AttributeBlue_01","4","True",""
"E001TaggerFind_RoundReward_05_04","E001TaggerFind_RoundReward_05","Item_RandomBox_EquipBox_Level3","5","True",""
"E001TaggerFind_RoundReward_05_05","E001TaggerFind_RoundReward_05","Point_Gold","20000","True",""
"E001TaggerFind_RoundReward_06_01","E001TaggerFind_RoundReward_06","Item_Coin_EventAdventure_N002OceanSpa_Basket","12","True",""
"E001TaggerFind_RoundReward_06_02","E001TaggerFind_RoundReward_06","Item_Material_SkillLvUp_ClassMage_04","2","True",""
"E001TaggerFind_RoundReward_06_03","E001TaggerFind_RoundReward_06","Item_Material_SkillLvUp_ClassMage_03","4","True",""
"E001TaggerFind_RoundReward_06_04","E001TaggerFind_RoundReward_06","Item_RandomBox_EquipBox_Level4","5","True",""
"E001TaggerFind_RoundReward_06_05","E001TaggerFind_RoundReward_06","Point_Gold","20000","True",""
"E001TaggerFind_RoundReward_07_01","E001TaggerFind_RoundReward_07","Item_Coin_EventAdventure_N002OceanSpa_Basket","12","True",""
"E001TaggerFind_RoundReward_07_02","E001TaggerFind_RoundReward_07","Item_Material_SkillLvUp_AttributeGreen_02","2","True",""
"E001TaggerFind_RoundReward_07_03","E001TaggerFind_RoundReward_07","Item_Material_SkillLvUp_AttributeGreen_01","4","True",""
"E001TaggerFind_RoundReward_07_04","E001TaggerFind_RoundReward_07","Item_RandomBox_EquipBox_Level3","5","True",""
"E001TaggerFind_RoundReward_07_05","E001TaggerFind_RoundReward_07","Point_Gold","20000","True",""
"E001TaggerFind_RoundReward_08_01","E001TaggerFind_RoundReward_08","Item_Coin_EventAdventure_N002OceanSpa_Basket","12","True",""
"E001TaggerFind_RoundReward_08_02","E001TaggerFind_RoundReward_08","Item_Material_SkillLvUp_ClassSorcerer_04","2","True",""
"E001TaggerFind_RoundReward_08_03","E001TaggerFind_RoundReward_08","Item_Material_SkillLvUp_ClassSorcerer_03","4","True",""
"E001TaggerFind_RoundReward_08_04","E001TaggerFind_RoundReward_08","Item_RandomBox_EquipBox_Level4","5","True",""
"E001TaggerFind_RoundReward_08_05","E001TaggerFind_RoundReward_08","Point_Gold","20000","True",""
"E001TaggerFind_RepeatRoundReward_01_01","E001TaggerFind_RepeatRoundReward_01","Item_Coin_EventAdventure_N002OceanSpa_Basket","4","True",""
"E001TaggerFind_RepeatRoundReward_01_02","E001TaggerFind_RepeatRoundReward_01","Item_Material_HeroExp_04","1","True",""
"E001TaggerFind_RepeatRoundReward_01_03","E001TaggerFind_RepeatRoundReward_01","Item_Material_HeroExp_03","2","True",""
"E001TaggerFind_RepeatRoundReward_01_04","E001TaggerFind_RepeatRoundReward_01","Item_Material_EquipExp_05","2","True",""
"E001TaggerFind_RepeatRoundReward_01_05","E001TaggerFind_RepeatRoundReward_01","Item_Material_EquipExp_04","4","True",""
"E001TaggerFind_RepeatRoundReward_01_06","E001TaggerFind_RepeatRoundReward_01","Point_Gold","5000","True",""
"E001TaggerFind_WrongTaggerReward_01_01","E001TaggerFind_WrongTaggerReward_01","Item_Material_HeroExp_03","2","True",""
"E001TaggerFind_WrongTaggerReward_01_02","E001TaggerFind_WrongTaggerReward_01","Item_Material_EquipExp_04","2","True",""
"E001TaggerFind_WrongTaggerReward_01_03","E001TaggerFind_WrongTaggerReward_01","Item_Material_EquipExp_03","4","True",""
"E001TaggerFind_WrongTaggerReward_01_04","E001TaggerFind_WrongTaggerReward_01","Point_Gold","5000","True",""
"TotalWarStage_FixedRewardId_01_01","TotalWarStage_FixedRewardId_01","Item_Coin_TotalWar_01","20","True",""
"TotalWarStage_FixedRewardId_02_01","TotalWarStage_FixedRewardId_02","Item_Coin_TotalWar_01","40","True",""
"TotalWarStage_FixedRewardId_03_01","TotalWarStage_FixedRewardId_03","Item_Coin_TotalWar_01","60","True",""
"TotalWarStage_FixedRewardId_04_01","TotalWarStage_FixedRewardId_04","Item_Coin_TotalWar_01","80","True",""
"TotalWarStage_FixedRewardId_05_01","TotalWarStage_FixedRewardId_05","Item_Coin_TotalWar_01","100","True",""
"TotalWarStage_FixedRewardId_06_01","TotalWarStage_FixedRewardId_06","Item_Coin_TotalWar_01","120","True",""
"PracticeBook_Normal_FixedRewardId_01_01","PracticeBook_Normal_FixedRewardId_01","Point_PracticeBookTicket","1","True",""
"PracticeBook_Normal_FixedRewardId_01_02","PracticeBook_Normal_FixedRewardId_01","Item_Material_SkillLvUp_AttributeBlue_01","8","True",""
"PracticeBook_Normal_FixedRewardId_01_03","PracticeBook_Normal_FixedRewardId_01","Item_Material_SkillLvUp_ClassCleric_01","16","True",""
"PracticeBook_Normal_FixedRewardId_01_04","PracticeBook_Normal_FixedRewardId_01","Item_Material_HeroExp_01","15","True",""
"PracticeBook_Normal_FixedRewardId_01_05","PracticeBook_Normal_FixedRewardId_01","Item_Material_EquipExp_01","15","True",""
"PracticeBook_Normal_FixedRewardId_02_01","PracticeBook_Normal_FixedRewardId_02","Point_PracticeBookTicket","1","True",""
"PracticeBook_Normal_FixedRewardId_02_02","PracticeBook_Normal_FixedRewardId_02","Item_Material_SkillLvUp_AttributeBlue_01","8","True",""
"PracticeBook_Normal_FixedRewardId_02_03","PracticeBook_Normal_FixedRewardId_02","Item_Material_SkillLvUp_ClassCleric_01","16","True",""
"PracticeBook_Normal_FixedRewardId_02_04","PracticeBook_Normal_FixedRewardId_02","Item_Material_HeroExp_01","15","True",""
"PracticeBook_Normal_FixedRewardId_02_05","PracticeBook_Normal_FixedRewardId_02","Item_Material_EquipExp_01","15","True",""
"PracticeBook_Normal_FixedRewardId_03_01","PracticeBook_Normal_FixedRewardId_03","Point_PracticeBookTicket","1","True",""
"PracticeBook_Normal_FixedRewardId_03_02","PracticeBook_Normal_FixedRewardId_03","Item_Material_SkillLvUp_AttributeBlue_01","8","True",""
"PracticeBook_Normal_FixedRewardId_03_03","PracticeBook_Normal_FixedRewardId_03","Item_Material_SkillLvUp_ClassCleric_01","16","True",""
"PracticeBook_Normal_FixedRewardId_03_04","PracticeBook_Normal_FixedRewardId_03","Item_Material_HeroExp_02","8","True",""
"PracticeBook_Normal_FixedRewardId_03_05","PracticeBook_Normal_FixedRewardId_03","Item_Material_EquipExp_02","8","True",""
"PracticeBook_Normal_FixedRewardId_04_01","PracticeBook_Normal_FixedRewardId_04","Point_PracticeBookTicket","1","True",""
"PracticeBook_Normal_FixedRewardId_04_02","PracticeBook_Normal_FixedRewardId_04","Item_Material_SkillLvUp_AttributeBlue_02","4","True",""
"PracticeBook_Normal_FixedRewardId_04_03","PracticeBook_Normal_FixedRewardId_04","Item_Material_SkillLvUp_ClassCleric_02","8","True",""
"PracticeBook_Normal_FixedRewardId_04_04","PracticeBook_Normal_FixedRewardId_04","Item_Material_HeroExp_02","8","True",""
"PracticeBook_Normal_FixedRewardId_04_05","PracticeBook_Normal_FixedRewardId_04","Item_Material_EquipExp_02","8","True",""
"PracticeBook_Normal_FixedRewardId_05_01","PracticeBook_Normal_FixedRewardId_05","Point_PracticeBookTicket","1","True",""
"PracticeBook_Normal_FixedRewardId_05_02","PracticeBook_Normal_FixedRewardId_05","Item_Material_SkillLvUp_AttributeBlue_02","4","True",""
"PracticeBook_Normal_FixedRewardId_05_03","PracticeBook_Normal_FixedRewardId_05","Item_Material_SkillLvUp_ClassCleric_02","8","True",""
"PracticeBook_Normal_FixedRewardId_05_04","PracticeBook_Normal_FixedRewardId_05","Item_Material_HeroExp_03","4","True",""
"PracticeBook_Normal_FixedRewardId_05_05","PracticeBook_Normal_FixedRewardId_05","Item_Material_EquipExp_03","4","True",""
"PracticeBook_Normal_FixedRewardId_06_01","PracticeBook_Normal_FixedRewardId_06","Point_PracticeBookTicket","1","True",""
"PracticeBook_Normal_FixedRewardId_06_02","PracticeBook_Normal_FixedRewardId_06","Item_Material_SkillLvUp_AttributeBlue_02","4","True",""
"PracticeBook_Normal_FixedRewardId_06_03","PracticeBook_Normal_FixedRewardId_06","Item_Material_SkillLvUp_ClassCleric_02","8","True",""
"PracticeBook_Normal_FixedRewardId_06_04","PracticeBook_Normal_FixedRewardId_06","Item_Material_HeroExp_03","4","True",""
"PracticeBook_Normal_FixedRewardId_06_05","PracticeBook_Normal_FixedRewardId_06","Item_Material_EquipExp_03","4","True",""
"PracticeBook_Normal_FixedRewardId_07_01","PracticeBook_Normal_FixedRewardId_07","Point_PracticeBookTicket","1","True",""
"PracticeBook_Normal_FixedRewardId_07_02","PracticeBook_Normal_FixedRewardId_07","Item_Material_SkillLvUp_AttributeBlue_03","2","True",""
"PracticeBook_Normal_FixedRewardId_07_03","PracticeBook_Normal_FixedRewardId_07","Item_Material_SkillLvUp_ClassCleric_03","4","True",""
"PracticeBook_Normal_FixedRewardId_07_04","PracticeBook_Normal_FixedRewardId_07","Item_Material_HeroExp_04","2","True",""
"PracticeBook_Normal_FixedRewardId_07_05","PracticeBook_Normal_FixedRewardId_07","Item_Material_EquipExp_04","2","True",""
"PracticeBook_Normal_FixedRewardId_08_01","PracticeBook_Normal_FixedRewardId_08","Point_PracticeBookTicket","1","True",""
"PracticeBook_Normal_FixedRewardId_08_02","PracticeBook_Normal_FixedRewardId_08","Item_Material_SkillLvUp_AttributeBlue_03","2","True",""
"PracticeBook_Normal_FixedRewardId_08_03","PracticeBook_Normal_FixedRewardId_08","Item_Material_SkillLvUp_ClassCleric_03","4","True",""
"PracticeBook_Normal_FixedRewardId_08_04","PracticeBook_Normal_FixedRewardId_08","Item_Material_HeroExp_04","2","True",""
"PracticeBook_Normal_FixedRewardId_08_05","PracticeBook_Normal_FixedRewardId_08","Item_Material_EquipExp_04","2","True",""
"PracticeBook_Normal_FixedRewardId_09_01","PracticeBook_Normal_FixedRewardId_09","Point_PracticeBookTicket","1","True",""
"PracticeBook_Normal_FixedRewardId_09_02","PracticeBook_Normal_FixedRewardId_09","Item_Material_SkillLvUp_AttributeBlue_03","2","True",""
"PracticeBook_Normal_FixedRewardId_09_03","PracticeBook_Normal_FixedRewardId_09","Item_Material_SkillLvUp_ClassCleric_03","4","True",""
"PracticeBook_Normal_FixedRewardId_09_04","PracticeBook_Normal_FixedRewardId_09","Item_Material_HeroExp_05","1","True",""
"PracticeBook_Normal_FixedRewardId_09_05","PracticeBook_Normal_FixedRewardId_09","Item_Material_EquipExp_05","1","True",""
"PracticeBook_Normal_FixedRewardId_10_01","PracticeBook_Normal_FixedRewardId_10","Point_PracticeBookTicket","1","True",""
"PracticeBook_Normal_FixedRewardId_10_02","PracticeBook_Normal_FixedRewardId_10","Item_Material_SkillLvUp_AttributeBlue_04","1","True",""
"PracticeBook_Normal_FixedRewardId_10_03","PracticeBook_Normal_FixedRewardId_10","Item_Material_SkillLvUp_ClassCleric_04","2","True",""
"PracticeBook_Normal_FixedRewardId_10_04","PracticeBook_Normal_FixedRewardId_10","Item_Material_HeroExp_05","1","True",""
"PracticeBook_Normal_FixedRewardId_10_05","PracticeBook_Normal_FixedRewardId_10","Item_Material_EquipExp_05","1","True",""
"PracticeBook_Normal_FixedRewardId_10_06","PracticeBook_Normal_FixedRewardId_10","Item_Material_SkillLvUp_Cellarn_Emblem","1","True",""
"PracticeBook_Normal_FixedRewardId_11_01","PracticeBook_Normal_FixedRewardId_11","Point_PracticeBookTicket","1","True",""
"PracticeBook_Normal_FixedRewardId_11_02","PracticeBook_Normal_FixedRewardId_11","Item_Material_SkillLvUp_AttributeGreen_01","8","True",""
"PracticeBook_Normal_FixedRewardId_11_03","PracticeBook_Normal_FixedRewardId_11","Item_Material_SkillLvUp_ClassKnight_01","16","True",""
"PracticeBook_Normal_FixedRewardId_11_04","PracticeBook_Normal_FixedRewardId_11","Item_Material_HeroExp_01","15","True",""
"PracticeBook_Normal_FixedRewardId_11_05","PracticeBook_Normal_FixedRewardId_11","Item_Material_EquipExp_01","15","True",""
"PracticeBook_Normal_FixedRewardId_12_01","PracticeBook_Normal_FixedRewardId_12","Point_PracticeBookTicket","1","True",""
"PracticeBook_Normal_FixedRewardId_12_02","PracticeBook_Normal_FixedRewardId_12","Item_Material_SkillLvUp_AttributeGreen_01","8","True",""
"PracticeBook_Normal_FixedRewardId_12_03","PracticeBook_Normal_FixedRewardId_12","Item_Material_SkillLvUp_ClassKnight_01","16","True",""
"PracticeBook_Normal_FixedRewardId_12_04","PracticeBook_Normal_FixedRewardId_12","Item_Material_HeroExp_01","15","True",""
"PracticeBook_Normal_FixedRewardId_12_05","PracticeBook_Normal_FixedRewardId_12","Item_Material_EquipExp_01","15","True",""
"PracticeBook_Normal_FixedRewardId_13_01","PracticeBook_Normal_FixedRewardId_13","Point_PracticeBookTicket","1","True",""
"PracticeBook_Normal_FixedRewardId_13_02","PracticeBook_Normal_FixedRewardId_13","Item_Material_SkillLvUp_AttributeGreen_01","8","True",""
"PracticeBook_Normal_FixedRewardId_13_03","PracticeBook_Normal_FixedRewardId_13","Item_Material_SkillLvUp_ClassKnight_01","16","True",""
"PracticeBook_Normal_FixedRewardId_13_04","PracticeBook_Normal_FixedRewardId_13","Item_Material_HeroExp_02","8","True",""
"PracticeBook_Normal_FixedRewardId_13_05","PracticeBook_Normal_FixedRewardId_13","Item_Material_EquipExp_02","8","True",""
"PracticeBook_Normal_FixedRewardId_14_01","PracticeBook_Normal_FixedRewardId_14","Point_PracticeBookTicket","1","True",""
"PracticeBook_Normal_FixedRewardId_14_02","PracticeBook_Normal_FixedRewardId_14","Item_Material_SkillLvUp_AttributeGreen_02","4","True",""
"PracticeBook_Normal_FixedRewardId_14_03","PracticeBook_Normal_FixedRewardId_14","Item_Material_SkillLvUp_ClassKnight_02","8","True",""
"PracticeBook_Normal_FixedRewardId_14_04","PracticeBook_Normal_FixedRewardId_14","Item_Material_HeroExp_02","8","True",""
"PracticeBook_Normal_FixedRewardId_14_05","PracticeBook_Normal_FixedRewardId_14","Item_Material_EquipExp_02","8","True",""
"PracticeBook_Normal_FixedRewardId_15_01","PracticeBook_Normal_FixedRewardId_15","Point_PracticeBookTicket","1","True",""
"PracticeBook_Normal_FixedRewardId_15_02","PracticeBook_Normal_FixedRewardId_15","Item_Material_SkillLvUp_AttributeGreen_02","4","True",""
"PracticeBook_Normal_FixedRewardId_15_03","PracticeBook_Normal_FixedRewardId_15","Item_Material_SkillLvUp_ClassKnight_02","8","True",""
"PracticeBook_Normal_FixedRewardId_15_04","PracticeBook_Normal_FixedRewardId_15","Item_Material_HeroExp_03","4","True",""
"PracticeBook_Normal_FixedRewardId_15_05","PracticeBook_Normal_FixedRewardId_15","Item_Material_EquipExp_03","4","True",""
"PracticeBook_Normal_FixedRewardId_16_01","PracticeBook_Normal_FixedRewardId_16","Point_PracticeBookTicket","1","True",""
"PracticeBook_Normal_FixedRewardId_16_02","PracticeBook_Normal_FixedRewardId_16","Item_Material_SkillLvUp_AttributeGreen_02","4","True",""
"PracticeBook_Normal_FixedRewardId_16_03","PracticeBook_Normal_FixedRewardId_16","Item_Material_SkillLvUp_ClassKnight_02","8","True",""
"PracticeBook_Normal_FixedRewardId_16_04","PracticeBook_Normal_FixedRewardId_16","Item_Material_HeroExp_03","4","True",""
"PracticeBook_Normal_FixedRewardId_16_05","PracticeBook_Normal_FixedRewardId_16","Item_Material_EquipExp_03","4","True",""
"PracticeBook_Normal_FixedRewardId_17_01","PracticeBook_Normal_FixedRewardId_17","Point_PracticeBookTicket","1","True",""
"PracticeBook_Normal_FixedRewardId_17_02","PracticeBook_Normal_FixedRewardId_17","Item_Material_SkillLvUp_AttributeGreen_03","2","True",""
"PracticeBook_Normal_FixedRewardId_17_03","PracticeBook_Normal_FixedRewardId_17","Item_Material_SkillLvUp_ClassKnight_03","4","True",""
"PracticeBook_Normal_FixedRewardId_17_04","PracticeBook_Normal_FixedRewardId_17","Item_Material_HeroExp_04","2","True",""
"PracticeBook_Normal_FixedRewardId_17_05","PracticeBook_Normal_FixedRewardId_17","Item_Material_EquipExp_04","2","True",""
"PracticeBook_Normal_FixedRewardId_18_01","PracticeBook_Normal_FixedRewardId_18","Point_PracticeBookTicket","1","True",""
"PracticeBook_Normal_FixedRewardId_18_02","PracticeBook_Normal_FixedRewardId_18","Item_Material_SkillLvUp_AttributeGreen_03","2","True",""
"PracticeBook_Normal_FixedRewardId_18_03","PracticeBook_Normal_FixedRewardId_18","Item_Material_SkillLvUp_ClassKnight_03","4","True",""
"PracticeBook_Normal_FixedRewardId_18_04","PracticeBook_Normal_FixedRewardId_18","Item_Material_HeroExp_04","2","True",""
"PracticeBook_Normal_FixedRewardId_18_05","PracticeBook_Normal_FixedRewardId_18","Item_Material_EquipExp_04","2","True",""
"PracticeBook_Normal_FixedRewardId_19_01","PracticeBook_Normal_FixedRewardId_19","Point_PracticeBookTicket","1","True",""
"PracticeBook_Normal_FixedRewardId_19_02","PracticeBook_Normal_FixedRewardId_19","Item_Material_SkillLvUp_AttributeGreen_03","2","True",""
"PracticeBook_Normal_FixedRewardId_19_03","PracticeBook_Normal_FixedRewardId_19","Item_Material_SkillLvUp_ClassKnight_03","4","True",""
"PracticeBook_Normal_FixedRewardId_19_04","PracticeBook_Normal_FixedRewardId_19","Item_Material_HeroExp_05","1","True",""
"PracticeBook_Normal_FixedRewardId_19_05","PracticeBook_Normal_FixedRewardId_19","Item_Material_EquipExp_05","1","True",""
"PracticeBook_Normal_FixedRewardId_20_01","PracticeBook_Normal_FixedRewardId_20","Point_PracticeBookTicket","1","True",""
"PracticeBook_Normal_FixedRewardId_20_02","PracticeBook_Normal_FixedRewardId_20","Item_Material_SkillLvUp_AttributeGreen_04","1","True",""
"PracticeBook_Normal_FixedRewardId_20_03","PracticeBook_Normal_FixedRewardId_20","Item_Material_SkillLvUp_ClassKnight_04","2","True",""
"PracticeBook_Normal_FixedRewardId_20_04","PracticeBook_Normal_FixedRewardId_20","Item_Material_HeroExp_05","1","True",""
"PracticeBook_Normal_FixedRewardId_20_05","PracticeBook_Normal_FixedRewardId_20","Item_Material_EquipExp_05","1","True",""
"PracticeBook_Normal_FixedRewardId_20_06","PracticeBook_Normal_FixedRewardId_20","Item_Material_SkillLvUp_Paulhill_Emblem","1","True",""
"PracticeBook_Normal_FixedRewardId_21_01","PracticeBook_Normal_FixedRewardId_21","Point_PracticeBookTicket","1","True",""
"PracticeBook_Normal_FixedRewardId_21_02","PracticeBook_Normal_FixedRewardId_21","Item_Material_SkillLvUp_AttributeBlue_01","8","True",""
"PracticeBook_Normal_FixedRewardId_21_03","PracticeBook_Normal_FixedRewardId_21","Item_Material_SkillLvUp_ClassFighter_01","16","True",""
"PracticeBook_Normal_FixedRewardId_21_04","PracticeBook_Normal_FixedRewardId_21","Item_Material_HeroExp_01","15","True",""
"PracticeBook_Normal_FixedRewardId_21_05","PracticeBook_Normal_FixedRewardId_21","Item_Material_EquipExp_01","15","True",""
"PracticeBook_Normal_FixedRewardId_22_01","PracticeBook_Normal_FixedRewardId_22","Point_PracticeBookTicket","1","True",""
"PracticeBook_Normal_FixedRewardId_22_02","PracticeBook_Normal_FixedRewardId_22","Item_Material_SkillLvUp_AttributeBlue_01","8","True",""
"PracticeBook_Normal_FixedRewardId_22_03","PracticeBook_Normal_FixedRewardId_22","Item_Material_SkillLvUp_ClassFighter_01","16","True",""
"PracticeBook_Normal_FixedRewardId_22_04","PracticeBook_Normal_FixedRewardId_22","Item_Material_HeroExp_01","15","True",""
"PracticeBook_Normal_FixedRewardId_22_05","PracticeBook_Normal_FixedRewardId_22","Item_Material_EquipExp_01","15","True",""
"PracticeBook_Normal_FixedRewardId_23_01","PracticeBook_Normal_FixedRewardId_23","Point_PracticeBookTicket","1","True",""
"PracticeBook_Normal_FixedRewardId_23_02","PracticeBook_Normal_FixedRewardId_23","Item_Material_SkillLvUp_AttributeBlue_01","8","True",""
"PracticeBook_Normal_FixedRewardId_23_03","PracticeBook_Normal_FixedRewardId_23","Item_Material_SkillLvUp_ClassFighter_01","16","True",""
"PracticeBook_Normal_FixedRewardId_23_04","PracticeBook_Normal_FixedRewardId_23","Item_Material_HeroExp_02","8","True",""
"PracticeBook_Normal_FixedRewardId_23_05","PracticeBook_Normal_FixedRewardId_23","Item_Material_EquipExp_02","8","True",""
"PracticeBook_Normal_FixedRewardId_24_01","PracticeBook_Normal_FixedRewardId_24","Point_PracticeBookTicket","1","True",""
"PracticeBook_Normal_FixedRewardId_24_02","PracticeBook_Normal_FixedRewardId_24","Item_Material_SkillLvUp_AttributeBlue_02","4","True",""
"PracticeBook_Normal_FixedRewardId_24_03","PracticeBook_Normal_FixedRewardId_24","Item_Material_SkillLvUp_ClassFighter_02","8","True",""
"PracticeBook_Normal_FixedRewardId_24_04","PracticeBook_Normal_FixedRewardId_24","Item_Material_HeroExp_02","8","True",""
"PracticeBook_Normal_FixedRewardId_24_05","PracticeBook_Normal_FixedRewardId_24","Item_Material_EquipExp_02","8","True",""
"PracticeBook_Normal_FixedRewardId_25_01","PracticeBook_Normal_FixedRewardId_25","Point_PracticeBookTicket","1","True",""
"PracticeBook_Normal_FixedRewardId_25_02","PracticeBook_Normal_FixedRewardId_25","Item_Material_SkillLvUp_AttributeBlue_02","4","True",""
"PracticeBook_Normal_FixedRewardId_25_03","PracticeBook_Normal_FixedRewardId_25","Item_Material_SkillLvUp_ClassFighter_02","8","True",""
"PracticeBook_Normal_FixedRewardId_25_04","PracticeBook_Normal_FixedRewardId_25","Item_Material_HeroExp_03","4","True",""
"PracticeBook_Normal_FixedRewardId_25_05","PracticeBook_Normal_FixedRewardId_25","Item_Material_EquipExp_03","4","True",""
"PracticeBook_Normal_FixedRewardId_26_01","PracticeBook_Normal_FixedRewardId_26","Point_PracticeBookTicket","1","True",""
"PracticeBook_Normal_FixedRewardId_26_02","PracticeBook_Normal_FixedRewardId_26","Item_Material_SkillLvUp_AttributeBlue_02","4","True",""
"PracticeBook_Normal_FixedRewardId_26_03","PracticeBook_Normal_FixedRewardId_26","Item_Material_SkillLvUp_ClassFighter_02","8","True",""
"PracticeBook_Normal_FixedRewardId_26_04","PracticeBook_Normal_FixedRewardId_26","Item_Material_HeroExp_03","4","True",""
"PracticeBook_Normal_FixedRewardId_26_05","PracticeBook_Normal_FixedRewardId_26","Item_Material_EquipExp_03","4","True",""
"PracticeBook_Normal_FixedRewardId_27_01","PracticeBook_Normal_FixedRewardId_27","Point_PracticeBookTicket","1","True",""
"PracticeBook_Normal_FixedRewardId_27_02","PracticeBook_Normal_FixedRewardId_27","Item_Material_SkillLvUp_AttributeBlue_03","2","True",""
"PracticeBook_Normal_FixedRewardId_27_03","PracticeBook_Normal_FixedRewardId_27","Item_Material_SkillLvUp_ClassFighter_03","4","True",""
"PracticeBook_Normal_FixedRewardId_27_04","PracticeBook_Normal_FixedRewardId_27","Item_Material_HeroExp_04","2","True",""
"PracticeBook_Normal_FixedRewardId_27_05","PracticeBook_Normal_FixedRewardId_27","Item_Material_EquipExp_04","2","True",""
"PracticeBook_Normal_FixedRewardId_28_01","PracticeBook_Normal_FixedRewardId_28","Point_PracticeBookTicket","1","True",""
"PracticeBook_Normal_FixedRewardId_28_02","PracticeBook_Normal_FixedRewardId_28","Item_Material_SkillLvUp_AttributeBlue_03","2","True",""
"PracticeBook_Normal_FixedRewardId_28_03","PracticeBook_Normal_FixedRewardId_28","Item_Material_SkillLvUp_ClassFighter_03","4","True",""
"PracticeBook_Normal_FixedRewardId_28_04","PracticeBook_Normal_FixedRewardId_28","Item_Material_HeroExp_04","2","True",""
"PracticeBook_Normal_FixedRewardId_28_05","PracticeBook_Normal_FixedRewardId_28","Item_Material_EquipExp_04","2","True",""
"PracticeBook_Normal_FixedRewardId_29_01","PracticeBook_Normal_FixedRewardId_29","Point_PracticeBookTicket","1","True",""
"PracticeBook_Normal_FixedRewardId_29_02","PracticeBook_Normal_FixedRewardId_29","Item_Material_SkillLvUp_AttributeBlue_03","2","True",""
"PracticeBook_Normal_FixedRewardId_29_03","PracticeBook_Normal_FixedRewardId_29","Item_Material_SkillLvUp_ClassFighter_03","4","True",""
"PracticeBook_Normal_FixedRewardId_29_04","PracticeBook_Normal_FixedRewardId_29","Item_Material_HeroExp_05","1","True",""
"PracticeBook_Normal_FixedRewardId_29_05","PracticeBook_Normal_FixedRewardId_29","Item_Material_EquipExp_05","1","True",""
"PracticeBook_Normal_FixedRewardId_30_01","PracticeBook_Normal_FixedRewardId_30","Point_PracticeBookTicket","1","True",""
"PracticeBook_Normal_FixedRewardId_30_02","PracticeBook_Normal_FixedRewardId_30","Item_Material_SkillLvUp_AttributeBlue_04","1","True",""
"PracticeBook_Normal_FixedRewardId_30_03","PracticeBook_Normal_FixedRewardId_30","Item_Material_SkillLvUp_ClassFighter_04","2","True",""
"PracticeBook_Normal_FixedRewardId_30_04","PracticeBook_Normal_FixedRewardId_30","Item_Material_HeroExp_05","1","True",""
"PracticeBook_Normal_FixedRewardId_30_05","PracticeBook_Normal_FixedRewardId_30","Item_Material_EquipExp_05","1","True",""
"PracticeBook_Normal_FixedRewardId_30_06","PracticeBook_Normal_FixedRewardId_30","Item_Material_SkillLvUp_Cellarn_Emblem","1","True",""
"PracticeBook_Normal_FixedRewardId_31_01","PracticeBook_Normal_FixedRewardId_31","Point_PracticeBookTicket","1","True",""
"PracticeBook_Normal_FixedRewardId_31_02","PracticeBook_Normal_FixedRewardId_31","Item_Material_SkillLvUp_AttributeBlue_01","8","True",""
"PracticeBook_Normal_FixedRewardId_31_03","PracticeBook_Normal_FixedRewardId_31","Item_Material_SkillLvUp_ClassSorcerer_01","16","True",""
"PracticeBook_Normal_FixedRewardId_31_04","PracticeBook_Normal_FixedRewardId_31","Item_Material_HeroExp_01","15","True",""
"PracticeBook_Normal_FixedRewardId_31_05","PracticeBook_Normal_FixedRewardId_31","Item_Material_EquipExp_01","15","True",""
"PracticeBook_Normal_FixedRewardId_32_01","PracticeBook_Normal_FixedRewardId_32","Point_PracticeBookTicket","1","True",""
"PracticeBook_Normal_FixedRewardId_32_02","PracticeBook_Normal_FixedRewardId_32","Item_Material_SkillLvUp_AttributeBlue_01","8","True",""
"PracticeBook_Normal_FixedRewardId_32_03","PracticeBook_Normal_FixedRewardId_32","Item_Material_SkillLvUp_ClassSorcerer_01","16","True",""
"PracticeBook_Normal_FixedRewardId_32_04","PracticeBook_Normal_FixedRewardId_32","Item_Material_HeroExp_01","15","True",""
"PracticeBook_Normal_FixedRewardId_32_05","PracticeBook_Normal_FixedRewardId_32","Item_Material_EquipExp_01","15","True",""
"PracticeBook_Normal_FixedRewardId_33_01","PracticeBook_Normal_FixedRewardId_33","Point_PracticeBookTicket","1","True",""
"PracticeBook_Normal_FixedRewardId_33_02","PracticeBook_Normal_FixedRewardId_33","Item_Material_SkillLvUp_AttributeBlue_01","8","True",""
"PracticeBook_Normal_FixedRewardId_33_03","PracticeBook_Normal_FixedRewardId_33","Item_Material_SkillLvUp_ClassSorcerer_01","16","True",""
"PracticeBook_Normal_FixedRewardId_33_04","PracticeBook_Normal_FixedRewardId_33","Item_Material_HeroExp_02","8","True",""
"PracticeBook_Normal_FixedRewardId_33_05","PracticeBook_Normal_FixedRewardId_33","Item_Material_EquipExp_02","8","True",""
"PracticeBook_Normal_FixedRewardId_34_01","PracticeBook_Normal_FixedRewardId_34","Point_PracticeBookTicket","1","True",""
"PracticeBook_Normal_FixedRewardId_34_02","PracticeBook_Normal_FixedRewardId_34","Item_Material_SkillLvUp_AttributeBlue_02","4","True",""
"PracticeBook_Normal_FixedRewardId_34_03","PracticeBook_Normal_FixedRewardId_34","Item_Material_SkillLvUp_ClassSorcerer_02","8","True",""
"PracticeBook_Normal_FixedRewardId_34_04","PracticeBook_Normal_FixedRewardId_34","Item_Material_HeroExp_02","8","True",""
"PracticeBook_Normal_FixedRewardId_34_05","PracticeBook_Normal_FixedRewardId_34","Item_Material_EquipExp_02","8","True",""
"PracticeBook_Normal_FixedRewardId_35_01","PracticeBook_Normal_FixedRewardId_35","Point_PracticeBookTicket","1","True",""
"PracticeBook_Normal_FixedRewardId_35_02","PracticeBook_Normal_FixedRewardId_35","Item_Material_SkillLvUp_AttributeBlue_02","4","True",""
"PracticeBook_Normal_FixedRewardId_35_03","PracticeBook_Normal_FixedRewardId_35","Item_Material_SkillLvUp_ClassSorcerer_02","8","True",""
"PracticeBook_Normal_FixedRewardId_35_04","PracticeBook_Normal_FixedRewardId_35","Item_Material_HeroExp_03","4","True",""
"PracticeBook_Normal_FixedRewardId_35_05","PracticeBook_Normal_FixedRewardId_35","Item_Material_EquipExp_03","4","True",""
"PracticeBook_Normal_FixedRewardId_36_01","PracticeBook_Normal_FixedRewardId_36","Point_PracticeBookTicket","1","True",""
"PracticeBook_Normal_FixedRewardId_36_02","PracticeBook_Normal_FixedRewardId_36","Item_Material_SkillLvUp_AttributeBlue_02","4","True",""
"PracticeBook_Normal_FixedRewardId_36_03","PracticeBook_Normal_FixedRewardId_36","Item_Material_SkillLvUp_ClassSorcerer_02","8","True",""
"PracticeBook_Normal_FixedRewardId_36_04","PracticeBook_Normal_FixedRewardId_36","Item_Material_HeroExp_03","4","True",""
"PracticeBook_Normal_FixedRewardId_36_05","PracticeBook_Normal_FixedRewardId_36","Item_Material_EquipExp_03","4","True",""
"PracticeBook_Normal_FixedRewardId_37_01","PracticeBook_Normal_FixedRewardId_37","Point_PracticeBookTicket","1","True",""
"PracticeBook_Normal_FixedRewardId_37_02","PracticeBook_Normal_FixedRewardId_37","Item_Material_SkillLvUp_AttributeBlue_03","2","True",""
"PracticeBook_Normal_FixedRewardId_37_03","PracticeBook_Normal_FixedRewardId_37","Item_Material_SkillLvUp_ClassSorcerer_03","4","True",""
"PracticeBook_Normal_FixedRewardId_37_04","PracticeBook_Normal_FixedRewardId_37","Item_Material_HeroExp_04","2","True",""
"PracticeBook_Normal_FixedRewardId_37_05","PracticeBook_Normal_FixedRewardId_37","Item_Material_EquipExp_04","2","True",""
"PracticeBook_Normal_FixedRewardId_38_01","PracticeBook_Normal_FixedRewardId_38","Point_PracticeBookTicket","1","True",""
"PracticeBook_Normal_FixedRewardId_38_02","PracticeBook_Normal_FixedRewardId_38","Item_Material_SkillLvUp_AttributeBlue_03","2","True",""
"PracticeBook_Normal_FixedRewardId_38_03","PracticeBook_Normal_FixedRewardId_38","Item_Material_SkillLvUp_ClassSorcerer_03","4","True",""
"PracticeBook_Normal_FixedRewardId_38_04","PracticeBook_Normal_FixedRewardId_38","Item_Material_HeroExp_04","2","True",""
"PracticeBook_Normal_FixedRewardId_38_05","PracticeBook_Normal_FixedRewardId_38","Item_Material_EquipExp_04","2","True",""
"PracticeBook_Normal_FixedRewardId_39_01","PracticeBook_Normal_FixedRewardId_39","Point_PracticeBookTicket","1","True",""
"PracticeBook_Normal_FixedRewardId_39_02","PracticeBook_Normal_FixedRewardId_39","Item_Material_SkillLvUp_AttributeBlue_03","2","True",""
"PracticeBook_Normal_FixedRewardId_39_03","PracticeBook_Normal_FixedRewardId_39","Item_Material_SkillLvUp_ClassSorcerer_03","4","True",""
"PracticeBook_Normal_FixedRewardId_39_04","PracticeBook_Normal_FixedRewardId_39","Item_Material_HeroExp_05","1","True",""
"PracticeBook_Normal_FixedRewardId_39_05","PracticeBook_Normal_FixedRewardId_39","Item_Material_EquipExp_05","1","True",""
"PracticeBook_Normal_FixedRewardId_40_01","PracticeBook_Normal_FixedRewardId_40","Point_PracticeBookTicket","1","True",""
"PracticeBook_Normal_FixedRewardId_40_02","PracticeBook_Normal_FixedRewardId_40","Item_Material_SkillLvUp_AttributeBlue_04","1","True",""
"PracticeBook_Normal_FixedRewardId_40_03","PracticeBook_Normal_FixedRewardId_40","Item_Material_SkillLvUp_ClassSorcerer_04","2","True",""
"PracticeBook_Normal_FixedRewardId_40_04","PracticeBook_Normal_FixedRewardId_40","Item_Material_HeroExp_05","1","True",""
"PracticeBook_Normal_FixedRewardId_40_05","PracticeBook_Normal_FixedRewardId_40","Item_Material_EquipExp_05","1","True",""
"PracticeBook_Normal_FixedRewardId_40_06","PracticeBook_Normal_FixedRewardId_40","Item_Material_SkillLvUp_Cyberia_Emblem","1","True",""
"PracticeBook_Challenge_FixedRewardId_01_01","PracticeBook_Challenge_FixedRewardId_01","Item_Coin_MemoryCoin","1","True",""
"PracticeBook_Challenge_FixedRewardId_01_02","PracticeBook_Challenge_FixedRewardId_01","Item_Gift_Normal_ComicBooks","1","True",""
"PracticeBook_Challenge_FixedRewardId_02_01","PracticeBook_Challenge_FixedRewardId_02","Item_Coin_MemoryCoin","1","True",""
"PracticeBook_Challenge_FixedRewardId_02_02","PracticeBook_Challenge_FixedRewardId_02","Item_Gift_Normal_Fruits","1","True",""
"PracticeBook_Challenge_FixedRewardId_03_01","PracticeBook_Challenge_FixedRewardId_03","Item_Coin_MemoryCoin","1","True",""
"PracticeBook_Challenge_FixedRewardId_03_02","PracticeBook_Challenge_FixedRewardId_03","Item_Gift_Normal_IceCream","1","True",""
"PracticeBook_Challenge_FixedRewardId_04_01","PracticeBook_Challenge_FixedRewardId_04","Item_Coin_MemoryCoin","1","True",""
"PracticeBook_Challenge_FixedRewardId_04_02","PracticeBook_Challenge_FixedRewardId_04","Item_Gift_Normal_TeddyBear","1","True",""
