"Schedule_StepUp","Schedule","StepUp","TaleStoneStepUp_Direct","","StepUp"
"Schedule_SecretSafe","Schedule","SecretSafe","TaleStoneSecretSafe_Direct","","SecretSafe"
"Schedule_EventAdventure","Schedule","EventAdventure","EventAdventureDashBoard_Direct","","EventAdventure"
"Schedule_GuideMission","Schedule","GuideMission","GuideMission_Direct","","GuideMission"
"Schedule_TotalWar","Schedule","TotalWar","TotalWar_Direct","","TotalWarSeason"
"Schedule_HeroGacha","Schedule","HeroGacha","HeroGacha_Direct","","Summon"
"Schedule_BattlePass","Schedule","BattlePass","BattlePass_Direct","","BattlePass"
"Schedule_APBoost","Schedule","EventApBoost","EventApBoostDashboard_Direct","","EventApBoost"
"Schedule_EventTileBreak","Schedule","EventTileBreak","EventTileBreakDashboard_Direct","","EventTileBreak"
"Schedule_PracticeBook","Schedule","PracticeBook","PracticeBook_Direct","","PracticeBookSeason"
"Schedule_ChallengeMission","Schedule","ChallengeMission","EventChallengeMission_Direct","","EventObject"
"ShortCut_Tutorial_StoryDashBoard","Mission","Tutorial_Story","StoryDashBoard_Direct","",""
"ShortCut_Tutorial_AdventureHard","Mission","Tutorial_AdventureHard","AdventureHard_Direct","",""
"ShortCut_Tutorial_VendingMachine","Mission","Tutorial_VendingMachine","Kingdom_Direct","",""
"ShortCut_Tutorial_Schedule","Mission","Tutorial_Schedule","Kingdom_Direct","",""
"ShortCut_Tutorial_CoinShop","Mission","Tutorial_CoinShop","ShopCoinGold_Direct","Shop_Coin_Gold","ShopProduct"
"APBoost_HeroGrowthBoost_AdventureNormal","Content","APBoost_HeroGrowthBoost","AdventureNormal_Direct","",""
"APBoost_HeroGrowthBoost_Ruins","Content","APBoost_HeroGrowthBoost","Ruins_Direct","",""
"Mission_Daily_001_01","Mission","Mission_Daily_001","MissionDaily_Direct","",""
"Mission_Daily_004_01","Mission","Mission_Daily_004","EnergyBuy_Popup","",""
"Mission_Daily_005_01","Mission","Mission_Daily_005","AdventureNormal_Direct","",""
"Mission_Daily_006_01","Mission","Mission_Daily_006","AdventureHard_Direct","",""
"Mission_Daily_007_01","Mission","Mission_Daily_007","Dungeon_Direct","",""
"Mission_Daily_008_01","Mission","Mission_Daily_008","Kingdom_Direct","",""
"Mission_Daily_009_01","Mission","Mission_Daily_009","Kingdom_Direct","",""
"Mission_Daily_010_01","Mission","Mission_Daily_010","Arena_Direct","",""
"Mission_Daily_011_01","Mission","Mission_Daily_011","ScheduleList_Popup","",""
"Mission_Daily_012_01","Mission","Mission_Daily_012","Ruins_Direct","",""
"Mission_weekly_001_01","Mission","Mission_weekly_001","MissionWeekly_Direct","",""
"Mission_weekly_003_01","Mission","Mission_weekly_003","AdventureNormal_Direct","",""
"Mission_weekly_004_01","Mission","Mission_weekly_004","AdventureHard_Direct","",""
"Mission_weekly_005_01","Mission","Mission_weekly_005","Dungeon_Direct","",""
"Mission_weekly_007_01","Mission","Mission_weekly_006","Arena_Direct","",""
"Mission_weekly_008_01","Mission","Mission_weekly_008","ScheduleList_Popup","",""
"Mission_weekly_009_01","Mission","Mission_weekly_009","Ruins_Direct","",""
"Mission_weekly_010_01","Mission","Mission_weekly_010","CoinShop_Direct","Shop_Coin_Gold","ShopProduct"
"Mission_weekly_007_02","Mission","Mission_weekly_007","Kingdom_Direct","",""
"Achievement_ReaderLv_01_01","Mission","Achievement_ReaderLv_01","AdventureNormal_Direct","",""
"Achievement_ReaderLv_02_02","Mission","Achievement_ReaderLv_02","AdventureNormal_Direct","",""
"Achievement_ReaderLv_03_03","Mission","Achievement_ReaderLv_03","AdventureNormal_Direct","",""
"Achievement_ReaderLv_04_04","Mission","Achievement_ReaderLv_04","AdventureNormal_Direct","",""
"Achievement_ReaderLv_05_05","Mission","Achievement_ReaderLv_05","AdventureNormal_Direct","",""
"Achievement_ReaderLv_06_06","Mission","Achievement_ReaderLv_06","AdventureNormal_Direct","",""
"Achievement_ReaderLv_07_07","Mission","Achievement_ReaderLv_07","AdventureNormal_Direct","",""
"Achievement_ReaderLv_08_08","Mission","Achievement_ReaderLv_08","AdventureNormal_Direct","",""
"Achievement_ReaderLv_09_09","Mission","Achievement_ReaderLv_09","AdventureNormal_Direct","",""
"Achievement_ReaderLv_10_10","Mission","Achievement_ReaderLv_10","AdventureNormal_Direct","",""
"Achievement_ReaderLv_11_11","Mission","Achievement_ReaderLv_11","AdventureNormal_Direct","",""
"Achievement_ReaderLv_12_12","Mission","Achievement_ReaderLv_12","AdventureNormal_Direct","",""
"Achievement_ReaderLv_13_13","Mission","Achievement_ReaderLv_13","AdventureNormal_Direct","",""
"Achievement_ReaderLv_14_14","Mission","Achievement_ReaderLv_14","AdventureNormal_Direct","",""
"Achievement_ReaderLv_15_15","Mission","Achievement_ReaderLv_15","AdventureNormal_Direct","",""
"Achievement_ReaderLv_16_16","Mission","Achievement_ReaderLv_16","AdventureNormal_Direct","",""
"Achievement_ReaderLv_17_17","Mission","Achievement_ReaderLv_17","AdventureNormal_Direct","",""
"Achievement_ReaderLv_18_18","Mission","Achievement_ReaderLv_18","AdventureNormal_Direct","",""
"Achievement_ReaderLv_19_19","Mission","Achievement_ReaderLv_19","AdventureNormal_Direct","",""
"Achievement_ReaderLv_20_20","Mission","Achievement_ReaderLv_20","AdventureNormal_Direct","",""
"Achievement_ReaderLv_21_21","Mission","Achievement_ReaderLv_21","AdventureNormal_Direct","",""
"Achievement_ReaderLv_22_22","Mission","Achievement_ReaderLv_22","AdventureNormal_Direct","",""
"Achievement_ReaderLv_23_23","Mission","Achievement_ReaderLv_23","AdventureNormal_Direct","",""
"Achievement_ReaderLv_24_24","Mission","Achievement_ReaderLv_24","AdventureNormal_Direct","",""
"Achievement_ReaderLv_25_25","Mission","Achievement_ReaderLv_25","AdventureNormal_Direct","",""
"Achievement_ReaderLv_26_26","Mission","Achievement_ReaderLv_26","AdventureNormal_Direct","",""
"Achievement_ReaderLv_27_27","Mission","Achievement_ReaderLv_27","AdventureNormal_Direct","",""
"Achievement_ReaderLv_28_28","Mission","Achievement_ReaderLv_28","AdventureNormal_Direct","",""
"Achievement_ReaderLv_29_29","Mission","Achievement_ReaderLv_29","AdventureNormal_Direct","",""
"Achievement_ReaderLv_30_30","Mission","Achievement_ReaderLv_30","AdventureNormal_Direct","",""
"Achievement_ReaderLv_31_31","Mission","Achievement_ReaderLv_31","AdventureNormal_Direct","",""
"Achievement_ReaderLv_32_32","Mission","Achievement_ReaderLv_32","AdventureNormal_Direct","",""
"Achievement_ReaderLv_33_33","Mission","Achievement_ReaderLv_33","AdventureNormal_Direct","",""
"Achievement_ReaderLv_34_34","Mission","Achievement_ReaderLv_34","AdventureNormal_Direct","",""
"Achievement_ReaderLv_35_35","Mission","Achievement_ReaderLv_35","AdventureNormal_Direct","",""
"Achievement_ReaderLv_36_36","Mission","Achievement_ReaderLv_36","AdventureNormal_Direct","",""
"Achievement_ReaderLv_37_37","Mission","Achievement_ReaderLv_37","AdventureNormal_Direct","",""
"Achievement_ReaderLv_38_38","Mission","Achievement_ReaderLv_38","AdventureNormal_Direct","",""
"Achievement_ReaderLv_39_39","Mission","Achievement_ReaderLv_39","AdventureNormal_Direct","",""
"Achievement_ReaderLv_40_40","Mission","Achievement_ReaderLv_40","AdventureNormal_Direct","",""
"Achievement_ReaderLv_41_41","Mission","Achievement_ReaderLv_41","AdventureNormal_Direct","",""
"Achievement_ReaderLv_42_42","Mission","Achievement_ReaderLv_42","AdventureNormal_Direct","",""
"Achievement_ReaderLv_43_43","Mission","Achievement_ReaderLv_43","AdventureNormal_Direct","",""
"Achievement_ReaderLv_44_44","Mission","Achievement_ReaderLv_44","AdventureNormal_Direct","",""
"Achievement_ReaderLv_45_45","Mission","Achievement_ReaderLv_45","AdventureNormal_Direct","",""
"Achievement_ReaderLv_46_46","Mission","Achievement_ReaderLv_46","AdventureNormal_Direct","",""
"Achievement_ReaderLv_47_47","Mission","Achievement_ReaderLv_47","AdventureNormal_Direct","",""
"Achievement_ReaderLv_48_48","Mission","Achievement_ReaderLv_48","AdventureNormal_Direct","",""
"Achievement_ReaderLv_49_49","Mission","Achievement_ReaderLv_49","AdventureNormal_Direct","",""
"Achievement_ReaderLv_50_50","Mission","Achievement_ReaderLv_50","AdventureNormal_Direct","",""
"Achievement_ReaderLv_51_51","Mission","Achievement_ReaderLv_51","AdventureNormal_Direct","",""
"Achievement_ReaderLv_52_52","Mission","Achievement_ReaderLv_52","AdventureNormal_Direct","",""
"Achievement_ReaderLv_53_53","Mission","Achievement_ReaderLv_53","AdventureNormal_Direct","",""
"Achievement_ReaderLv_54_54","Mission","Achievement_ReaderLv_54","AdventureNormal_Direct","",""
"Achievement_ReaderLv_55_55","Mission","Achievement_ReaderLv_55","AdventureNormal_Direct","",""
"Achievement_ReaderLv_56_56","Mission","Achievement_ReaderLv_56","AdventureNormal_Direct","",""
"Achievement_ReaderLv_57_57","Mission","Achievement_ReaderLv_57","AdventureNormal_Direct","",""
"Achievement_ReaderLv_58_58","Mission","Achievement_ReaderLv_58","AdventureNormal_Direct","",""
"Achievement_ReaderLv_59_59","Mission","Achievement_ReaderLv_59","AdventureNormal_Direct","",""
"Achievement_ReaderLv_01_60","Mission","Achievement_ReaderLv_01","Ruins_Direct","",""
"Achievement_ReaderLv_02_61","Mission","Achievement_ReaderLv_02","Ruins_Direct","",""
"Achievement_ReaderLv_03_62","Mission","Achievement_ReaderLv_03","Ruins_Direct","",""
"Achievement_ReaderLv_04_63","Mission","Achievement_ReaderLv_04","Ruins_Direct","",""
"Achievement_ReaderLv_05_64","Mission","Achievement_ReaderLv_05","Ruins_Direct","",""
"Achievement_ReaderLv_06_65","Mission","Achievement_ReaderLv_06","Ruins_Direct","",""
"Achievement_ReaderLv_07_66","Mission","Achievement_ReaderLv_07","Ruins_Direct","",""
"Achievement_ReaderLv_08_67","Mission","Achievement_ReaderLv_08","Ruins_Direct","",""
"Achievement_ReaderLv_09_68","Mission","Achievement_ReaderLv_09","Ruins_Direct","",""
"Achievement_ReaderLv_10_69","Mission","Achievement_ReaderLv_10","Ruins_Direct","",""
"Achievement_ReaderLv_11_70","Mission","Achievement_ReaderLv_11","Ruins_Direct","",""
"Achievement_ReaderLv_12_71","Mission","Achievement_ReaderLv_12","Ruins_Direct","",""
"Achievement_ReaderLv_13_72","Mission","Achievement_ReaderLv_13","Ruins_Direct","",""
"Achievement_ReaderLv_14_73","Mission","Achievement_ReaderLv_14","Ruins_Direct","",""
"Achievement_ReaderLv_15_74","Mission","Achievement_ReaderLv_15","Ruins_Direct","",""
"Achievement_ReaderLv_16_75","Mission","Achievement_ReaderLv_16","Ruins_Direct","",""
"Achievement_ReaderLv_17_76","Mission","Achievement_ReaderLv_17","Ruins_Direct","",""
"Achievement_ReaderLv_18_77","Mission","Achievement_ReaderLv_18","Ruins_Direct","",""
"Achievement_ReaderLv_19_78","Mission","Achievement_ReaderLv_19","Ruins_Direct","",""
"Achievement_ReaderLv_20_79","Mission","Achievement_ReaderLv_20","Ruins_Direct","",""
"Achievement_ReaderLv_21_80","Mission","Achievement_ReaderLv_21","Ruins_Direct","",""
"Achievement_ReaderLv_22_81","Mission","Achievement_ReaderLv_22","Ruins_Direct","",""
"Achievement_ReaderLv_23_82","Mission","Achievement_ReaderLv_23","Ruins_Direct","",""
"Achievement_ReaderLv_24_83","Mission","Achievement_ReaderLv_24","Ruins_Direct","",""
"Achievement_ReaderLv_25_84","Mission","Achievement_ReaderLv_25","Ruins_Direct","",""
"Achievement_ReaderLv_26_85","Mission","Achievement_ReaderLv_26","Ruins_Direct","",""
"Achievement_ReaderLv_27_86","Mission","Achievement_ReaderLv_27","Ruins_Direct","",""
"Achievement_ReaderLv_28_87","Mission","Achievement_ReaderLv_28","Ruins_Direct","",""
"Achievement_ReaderLv_29_88","Mission","Achievement_ReaderLv_29","Ruins_Direct","",""
"Achievement_ReaderLv_30_89","Mission","Achievement_ReaderLv_30","Ruins_Direct","",""
"Achievement_ReaderLv_31_90","Mission","Achievement_ReaderLv_31","Ruins_Direct","",""
"Achievement_ReaderLv_32_91","Mission","Achievement_ReaderLv_32","Ruins_Direct","",""
"Achievement_ReaderLv_33_92","Mission","Achievement_ReaderLv_33","Ruins_Direct","",""
"Achievement_ReaderLv_34_93","Mission","Achievement_ReaderLv_34","Ruins_Direct","",""
"Achievement_ReaderLv_35_94","Mission","Achievement_ReaderLv_35","Ruins_Direct","",""
"Achievement_ReaderLv_36_95","Mission","Achievement_ReaderLv_36","Ruins_Direct","",""
"Achievement_ReaderLv_37_96","Mission","Achievement_ReaderLv_37","Ruins_Direct","",""
"Achievement_ReaderLv_38_97","Mission","Achievement_ReaderLv_38","Ruins_Direct","",""
"Achievement_ReaderLv_39_98","Mission","Achievement_ReaderLv_39","Ruins_Direct","",""
"Achievement_ReaderLv_40_99","Mission","Achievement_ReaderLv_40","Ruins_Direct","",""
"Achievement_ReaderLv_41_100","Mission","Achievement_ReaderLv_41","Ruins_Direct","",""
"Achievement_ReaderLv_42_101","Mission","Achievement_ReaderLv_42","Ruins_Direct","",""
"Achievement_ReaderLv_43_102","Mission","Achievement_ReaderLv_43","Ruins_Direct","",""
"Achievement_ReaderLv_44_103","Mission","Achievement_ReaderLv_44","Ruins_Direct","",""
"Achievement_ReaderLv_45_104","Mission","Achievement_ReaderLv_45","Ruins_Direct","",""
"Achievement_ReaderLv_46_105","Mission","Achievement_ReaderLv_46","Ruins_Direct","",""
"Achievement_ReaderLv_47_106","Mission","Achievement_ReaderLv_47","Ruins_Direct","",""
"Achievement_ReaderLv_48_107","Mission","Achievement_ReaderLv_48","Ruins_Direct","",""
"Achievement_ReaderLv_49_108","Mission","Achievement_ReaderLv_49","Ruins_Direct","",""
"Achievement_ReaderLv_50_109","Mission","Achievement_ReaderLv_50","Ruins_Direct","",""
"Achievement_ReaderLv_51_110","Mission","Achievement_ReaderLv_51","Ruins_Direct","",""
"Achievement_ReaderLv_52_111","Mission","Achievement_ReaderLv_52","Ruins_Direct","",""
"Achievement_ReaderLv_53_112","Mission","Achievement_ReaderLv_53","Ruins_Direct","",""
"Achievement_ReaderLv_54_113","Mission","Achievement_ReaderLv_54","Ruins_Direct","",""
"Achievement_ReaderLv_55_114","Mission","Achievement_ReaderLv_55","Ruins_Direct","",""
"Achievement_ReaderLv_56_115","Mission","Achievement_ReaderLv_56","Ruins_Direct","",""
"Achievement_ReaderLv_57_116","Mission","Achievement_ReaderLv_57","Ruins_Direct","",""
"Achievement_ReaderLv_58_117","Mission","Achievement_ReaderLv_58","Ruins_Direct","",""
"Achievement_ReaderLv_59_118","Mission","Achievement_ReaderLv_59","Ruins_Direct","",""
"Achievement_ReaderLv_60_01","Mission","Achievement_ReaderLv_60","AdventureNormal_Direct","",""
"Achievement_ReaderLv_60_02","Mission","Achievement_ReaderLv_60","Ruins_Direct","",""
"Achievement_ReaderLv_61_01","Mission","Achievement_ReaderLv_61","AdventureNormal_Direct","",""
"Achievement_ReaderLv_61_02","Mission","Achievement_ReaderLv_61","Ruins_Direct","",""
"Achievement_ReaderLv_62_01","Mission","Achievement_ReaderLv_62","AdventureNormal_Direct","",""
"Achievement_ReaderLv_62_02","Mission","Achievement_ReaderLv_62","Ruins_Direct","",""
"Achievement_ReaderLv_63_01","Mission","Achievement_ReaderLv_63","AdventureNormal_Direct","",""
"Achievement_ReaderLv_63_02","Mission","Achievement_ReaderLv_63","Ruins_Direct","",""
"Achievement_ReaderLv_64_01","Mission","Achievement_ReaderLv_64","AdventureNormal_Direct","",""
"Achievement_ReaderLv_64_02","Mission","Achievement_ReaderLv_64","Ruins_Direct","",""
"Achievement_ReaderLv_65_01","Mission","Achievement_ReaderLv_65","AdventureNormal_Direct","",""
"Achievement_ReaderLv_65_02","Mission","Achievement_ReaderLv_65","Ruins_Direct","",""
"Achievement_ReaderLv_66_01","Mission","Achievement_ReaderLv_66","AdventureNormal_Direct","",""
"Achievement_ReaderLv_66_02","Mission","Achievement_ReaderLv_66","Ruins_Direct","",""
"Achievement_ReaderLv_67_01","Mission","Achievement_ReaderLv_67","AdventureNormal_Direct","",""
"Achievement_ReaderLv_67_02","Mission","Achievement_ReaderLv_67","Ruins_Direct","",""
"Achievement_ReaderLv_68_01","Mission","Achievement_ReaderLv_68","AdventureNormal_Direct","",""
"Achievement_ReaderLv_68_02","Mission","Achievement_ReaderLv_68","Ruins_Direct","",""
"Achievement_ReaderLv_69_01","Mission","Achievement_ReaderLv_69","AdventureNormal_Direct","",""
"Achievement_ReaderLv_69_02","Mission","Achievement_ReaderLv_69","Ruins_Direct","",""
"Achievement_AdventureStageIdClear_Normal_01_01","Mission","Achievement_AdventureStageIdClear_Normal_01","AdventureMode_Popup","Stage_Normal_0005","AdventureStage"
"Achievement_AdventureStageIdClear_Normal_02_02","Mission","Achievement_AdventureStageIdClear_Normal_02","AdventureMode_Popup","Stage_Normal_0010","AdventureStage"
"Achievement_AdventureStageIdClear_Normal_03_03","Mission","Achievement_AdventureStageIdClear_Normal_03","AdventureMode_Popup","Stage_Normal_0015","AdventureStage"
"Achievement_AdventureStageIdClear_Normal_04_04","Mission","Achievement_AdventureStageIdClear_Normal_04","AdventureMode_Popup","Stage_Normal_0020","AdventureStage"
"Achievement_AdventureStageIdClear_Normal_05_05","Mission","Achievement_AdventureStageIdClear_Normal_05","AdventureMode_Popup","Stage_Normal_0025","AdventureStage"
"Achievement_AdventureStageIdClear_Normal_06_06","Mission","Achievement_AdventureStageIdClear_Normal_06","AdventureMode_Popup","Stage_Normal_0030","AdventureStage"
"Achievement_AdventureStageIdClear_Normal_07_07","Mission","Achievement_AdventureStageIdClear_Normal_07","AdventureMode_Popup","Stage_Normal_0035","AdventureStage"
"Achievement_AdventureStageIdClear_Normal_08_08","Mission","Achievement_AdventureStageIdClear_Normal_08","AdventureMode_Popup","Stage_Normal_0040","AdventureStage"
"Achievement_AdventureStageIdClear_Normal_09_09","Mission","Achievement_AdventureStageIdClear_Normal_09","AdventureMode_Popup","Stage_Normal_0045","AdventureStage"
"Achievement_AdventureStageIdClear_Normal_10_10","Mission","Achievement_AdventureStageIdClear_Normal_10","AdventureMode_Popup","Stage_Normal_0050","AdventureStage"
"Achievement_AdventureStageIdClear_Normal_11_11","Mission","Achievement_AdventureStageIdClear_Normal_11","AdventureMode_Popup","Stage_Normal_0055","AdventureStage"
"Achievement_AdventureStageIdClear_Normal_12_12","Mission","Achievement_AdventureStageIdClear_Normal_12","AdventureMode_Popup","Stage_Normal_0060","AdventureStage"
"Achievement_AdventureStageIdClear_Normal_13_13","Mission","Achievement_AdventureStageIdClear_Normal_13","AdventureMode_Popup","Stage_Normal_0065","AdventureStage"
"Achievement_AdventureStageIdClear_Normal_14_14","Mission","Achievement_AdventureStageIdClear_Normal_14","AdventureMode_Popup","Stage_Normal_0070","AdventureStage"
"Achievement_AdventureStageIdClear_Normal_15_15","Mission","Achievement_AdventureStageIdClear_Normal_15","AdventureMode_Popup","Stage_Normal_0075","AdventureStage"
"Achievement_AdventureStageIdClear_Normal_16_16","Mission","Achievement_AdventureStageIdClear_Normal_16","AdventureMode_Popup","Stage_Normal_0080","AdventureStage"
"Achievement_AdventureStageIdClear_Normal_17_17","Mission","Achievement_AdventureStageIdClear_Normal_17","AdventureMode_Popup","Stage_Normal_0085","AdventureStage"
"Achievement_AdventureStageIdClear_Normal_18_18","Mission","Achievement_AdventureStageIdClear_Normal_18","AdventureMode_Popup","Stage_Normal_0090","AdventureStage"
"Achievement_AdventureStageIdClear_Normal_19_19","Mission","Achievement_AdventureStageIdClear_Normal_19","AdventureMode_Popup","Stage_Normal_0095","AdventureStage"
"Achievement_AdventureStageIdClear_Normal_20_20","Mission","Achievement_AdventureStageIdClear_Normal_20","AdventureMode_Popup","Stage_Normal_0100","AdventureStage"
"Achievement_AdventureStageIdClear_Normal_21_21","Mission","Achievement_AdventureStageIdClear_Normal_21","AdventureMode_Popup","Stage_Normal_0105","AdventureStage"
"Achievement_AdventureStageIdClear_Normal_22_22","Mission","Achievement_AdventureStageIdClear_Normal_22","AdventureMode_Popup","Stage_Normal_0110","AdventureStage"
"Achievement_AdventureStageIdClear_Normal_23_23","Mission","Achievement_AdventureStageIdClear_Normal_23","AdventureMode_Popup","Stage_Normal_0115","AdventureStage"
"Achievement_AdventureStageIdClear_Normal_24_24","Mission","Achievement_AdventureStageIdClear_Normal_24","AdventureMode_Popup","Stage_Normal_0120","AdventureStage"
"Achievement_AdventureStageIdClear_Normal_25_25","Mission","Achievement_AdventureStageIdClear_Normal_25","AdventureMode_Popup","Stage_Normal_0125","AdventureStage"
"Achievement_AdventureStageIdClear_Normal_26_26","Mission","Achievement_AdventureStageIdClear_Normal_26","AdventureMode_Popup","Stage_Normal_0130","AdventureStage"
"Achievement_AdventureStageIdClear_Normal_27_27","Mission","Achievement_AdventureStageIdClear_Normal_27","AdventureMode_Popup","Stage_Normal_0135","AdventureStage"
"Achievement_AdventureStageIdClear_Normal_28_28","Mission","Achievement_AdventureStageIdClear_Normal_28","AdventureMode_Popup","Stage_Normal_0140","AdventureStage"
"Achievement_AdventureStageIdClear_Normal_29_29","Mission","Achievement_AdventureStageIdClear_Normal_29","AdventureMode_Popup","Stage_Normal_0145","AdventureStage"
"Achievement_AdventureStageIdClear_Normal_30_30","Mission","Achievement_AdventureStageIdClear_Normal_30","AdventureMode_Popup","Stage_Normal_0150","AdventureStage"
"Achievement_AdventureStageIdClear_Normal_31_31","Mission","Achievement_AdventureStageIdClear_Normal_31","AdventureMode_Popup","Stage_Normal_0155","AdventureStage"
"Achievement_AdventureStageIdClear_Normal_32_32","Mission","Achievement_AdventureStageIdClear_Normal_32","AdventureMode_Popup","Stage_Normal_0160","AdventureStage"
"Achievement_AdventureStageIdClear_Normal_33_33","Mission","Achievement_AdventureStageIdClear_Normal_33","AdventureMode_Popup","Stage_Normal_0165","AdventureStage"
"Achievement_AdventureStageIdClear_Normal_34_34","Mission","Achievement_AdventureStageIdClear_Normal_34","AdventureMode_Popup","Stage_Normal_0170","AdventureStage"
"Achievement_AdventureStageIdClear_Normal_35_35","Mission","Achievement_AdventureStageIdClear_Normal_35","AdventureMode_Popup","Stage_Normal_0175","AdventureStage"
"Achievement_AdventureStageIdClear_Normal_36_36","Mission","Achievement_AdventureStageIdClear_Normal_36","AdventureMode_Popup","Stage_Normal_0180","AdventureStage"
"Achievement_AdventureStageIdClear_Normal_37_37","Mission","Achievement_AdventureStageIdClear_Normal_37","AdventureMode_Popup","Stage_Normal_0185","AdventureStage"
"Achievement_AdventureStageIdClear_Normal_38_38","Mission","Achievement_AdventureStageIdClear_Normal_38","AdventureMode_Popup","Stage_Normal_0190","AdventureStage"
"Achievement_AdventureStageIdClear_Normal_39_39","Mission","Achievement_AdventureStageIdClear_Normal_39","AdventureMode_Popup","Stage_Normal_0195","AdventureStage"
"Achievement_AdventureStageIdClear_Normal_40_40","Mission","Achievement_AdventureStageIdClear_Normal_40","AdventureMode_Popup","Stage_Normal_0200","AdventureStage"
"Achievement_AdventureStageIdClear_Normal_41_41","Mission","Achievement_AdventureStageIdClear_Normal_41","AdventureMode_Popup","Stage_Normal_0205","AdventureStage"
"Achievement_AdventureStageIdClear_Normal_42_42","Mission","Achievement_AdventureStageIdClear_Normal_42","AdventureMode_Popup","Stage_Normal_0210","AdventureStage"
"Achievement_AdventureStageIdClear_Normal_43_43","Mission","Achievement_AdventureStageIdClear_Normal_43","AdventureMode_Popup","Stage_Normal_0215","AdventureStage"
"Achievement_AdventureStageIdClear_Normal_44_44","Mission","Achievement_AdventureStageIdClear_Normal_44","AdventureMode_Popup","Stage_Normal_0220","AdventureStage"
"Achievement_AdventureStageIdClear_Normal_45_45","Mission","Achievement_AdventureStageIdClear_Normal_45","AdventureMode_Popup","Stage_Normal_0225","AdventureStage"
"Achievement_AdventureStageIdClear_Normal_46_46","Mission","Achievement_AdventureStageIdClear_Normal_46","AdventureMode_Popup","Stage_Normal_0230","AdventureStage"
"Achievement_AdventureStageIdClear_Normal_47_47","Mission","Achievement_AdventureStageIdClear_Normal_47","AdventureMode_Popup","Stage_Normal_0235","AdventureStage"
"Achievement_AdventureStageIdClear_Normal_48_48","Mission","Achievement_AdventureStageIdClear_Normal_48","AdventureMode_Popup","Stage_Normal_0240","AdventureStage"
"Achievement_AdventureStageIdClear_Stage_Normal_0245_01","Mission","Achievement_AdventureStageIdClear_Stage_Normal_0245","AdventureMode_Popup","Stage_Normal_0245","AdventureStage"
"Achievement_AdventureStageIdClear_Stage_Normal_0250_01","Mission","Achievement_AdventureStageIdClear_Stage_Normal_0250","AdventureMode_Popup","Stage_Normal_0250","AdventureStage"
"Achievement_AdventureStageIdClear_Stage_Normal_0255_01","Mission","Achievement_AdventureStageIdClear_Stage_Normal_0255","AdventureMode_Popup","Stage_Normal_0255","AdventureStage"
"Achievement_AdventureStageIdClear_Stage_Normal_0260_01","Mission","Achievement_AdventureStageIdClear_Stage_Normal_0260","AdventureMode_Popup","Stage_Normal_0260","AdventureStage"
"Achievement_AdventureStageIdClear_Stage_Normal_0265_01","Mission","Achievement_AdventureStageIdClear_Stage_Normal_0265","AdventureMode_Popup","Stage_Normal_0265","AdventureStage"
"Achievement_AdventureStageIdClear_Stage_Normal_0270_01","Mission","Achievement_AdventureStageIdClear_Stage_Normal_0270","AdventureMode_Popup","Stage_Normal_0270","AdventureStage"
"Achievement_AdventureStageIdClear_Normal_49_49","Mission","Achievement_AdventureStageIdClear_Normal_49","AdventureMode_Popup","Stage_Hard_0003","AdventureStage"
"Achievement_AdventureStageIdClear_Normal_50_50","Mission","Achievement_AdventureStageIdClear_Normal_50","AdventureMode_Popup","Stage_Hard_0006","AdventureStage"
"Achievement_AdventureStageIdClear_Normal_51_51","Mission","Achievement_AdventureStageIdClear_Normal_51","AdventureMode_Popup","Stage_Hard_0009","AdventureStage"
"Achievement_AdventureStageIdClear_Normal_52_52","Mission","Achievement_AdventureStageIdClear_Normal_52","AdventureMode_Popup","Stage_Hard_0012","AdventureStage"
"Achievement_AdventureStageIdClear_Normal_53_53","Mission","Achievement_AdventureStageIdClear_Normal_53","AdventureMode_Popup","Stage_Hard_0015","AdventureStage"
"Achievement_AdventureStageIdClear_Normal_54_54","Mission","Achievement_AdventureStageIdClear_Normal_54","AdventureMode_Popup","Stage_Hard_0018","AdventureStage"
"Achievement_AdventureStageIdClear_Normal_55_55","Mission","Achievement_AdventureStageIdClear_Normal_55","AdventureMode_Popup","Stage_Hard_0021","AdventureStage"
"Achievement_AdventureStageIdClear_Normal_56_56","Mission","Achievement_AdventureStageIdClear_Normal_56","AdventureMode_Popup","Stage_Hard_0024","AdventureStage"
"Achievement_AdventureStageIdClear_Normal_57_57","Mission","Achievement_AdventureStageIdClear_Normal_57","AdventureMode_Popup","Stage_Hard_0027","AdventureStage"
"Achievement_AdventureStageIdClear_Normal_58_58","Mission","Achievement_AdventureStageIdClear_Normal_58","AdventureMode_Popup","Stage_Hard_0030","AdventureStage"
"Achievement_AdventureStageIdClear_Normal_59_59","Mission","Achievement_AdventureStageIdClear_Normal_59","AdventureMode_Popup","Stage_Hard_0033","AdventureStage"
"Achievement_AdventureStageIdClear_Normal_60_60","Mission","Achievement_AdventureStageIdClear_Normal_60","AdventureMode_Popup","Stage_Hard_0036","AdventureStage"
"Achievement_AdventureStageIdClear_Normal_61_61","Mission","Achievement_AdventureStageIdClear_Normal_61","AdventureMode_Popup","Stage_Hard_0039","AdventureStage"
"Achievement_AdventureStageIdClear_Normal_62_62","Mission","Achievement_AdventureStageIdClear_Normal_62","AdventureMode_Popup","Stage_Hard_0042","AdventureStage"
"Achievement_AdventureStageIdClear_Normal_63_63","Mission","Achievement_AdventureStageIdClear_Normal_63","AdventureMode_Popup","Stage_Hard_0045","AdventureStage"
"Achievement_AdventureStageIdClear_Normal_64_64","Mission","Achievement_AdventureStageIdClear_Normal_64","AdventureMode_Popup","Stage_Hard_0048","AdventureStage"
"Achievement_AdventureStageIdClear_Stage_Hard_0054_01","Mission","Achievement_AdventureStageIdClear_Stage_Hard_0054","AdventureMode_Popup","Stage_Hard_0051","AdventureStage"
"Achievement_AdventureStageIdClear_Stage_Hard_0060_01","Mission","Achievement_AdventureStageIdClear_Stage_Hard_0060","AdventureMode_Popup","Stage_Hard_0054","AdventureStage"
"Achievement_AdventureStageIdClear_Normal_65_65","Mission","Achievement_AdventureStageIdClear_Normal_65","AdventureNormal_Direct","",""
"Achievement_AdventureStageIdClear_Normal_66_66","Mission","Achievement_AdventureStageIdClear_Normal_66","AdventureNormal_Direct","",""
"Achievement_AdventureStageIdClear_Normal_67_67","Mission","Achievement_AdventureStageIdClear_Normal_67","AdventureNormal_Direct","",""
"Achievement_AdventureStageIdClear_Normal_68_68","Mission","Achievement_AdventureStageIdClear_Normal_68","AdventureNormal_Direct","",""
"Achievement_AdventureStageIdClear_Normal_69_69","Mission","Achievement_AdventureStageIdClear_Normal_69","AdventureNormal_Direct","",""
"Achievement_AdventureStageIdClear_Normal_70_70","Mission","Achievement_AdventureStageIdClear_Normal_70","AdventureNormal_Direct","",""
"Achievement_AdventureStageIdClear_Normal_71_71","Mission","Achievement_AdventureStageIdClear_Normal_71","AdventureNormal_Direct","",""
"Achievement_AdventureStageIdClear_Normal_72_72","Mission","Achievement_AdventureStageIdClear_Normal_72","AdventureNormal_Direct","",""
"Achievement_AdventureStageIdClear_Normal_73_73","Mission","Achievement_AdventureStageIdClear_Normal_73","AdventureNormal_Direct","",""
"Achievement_AdventureStageIdClear_Normal_74_74","Mission","Achievement_AdventureStageIdClear_Normal_74","AdventureNormal_Direct","",""
"Achievement_AdventureStageIdClear_Normal_75_75","Mission","Achievement_AdventureStageIdClear_Normal_75","AdventureNormal_Direct","",""
"Achievement_AdventureStageIdClear_Normal_76_76","Mission","Achievement_AdventureStageIdClear_Normal_76","AdventureNormal_Direct","",""
"Achievement_AdventureStageIdClear_Normal_77_77","Mission","Achievement_AdventureStageIdClear_Normal_77","AdventureNormal_Direct","",""
"Achievement_AdventureStageIdClear_Normal_78_78","Mission","Achievement_AdventureStageIdClear_Normal_78","AdventureNormal_Direct","",""
"Achievement_AdventureStageIdClear_Normal_79_79","Mission","Achievement_AdventureStageIdClear_Normal_79","AdventureNormal_Direct","",""
"Achievement_AdventureStageIdClear_Normal_80_80","Mission","Achievement_AdventureStageIdClear_Normal_80","AdventureNormal_Direct","",""
"Achievement_AdventureStageIdClear_Normal_81_81","Mission","Achievement_AdventureStageIdClear_Normal_81","AdventureNormal_Direct","",""
"Achievement_AdventureStageIdClear_Normal_82_82","Mission","Achievement_AdventureStageIdClear_Normal_82","AdventureNormal_Direct","",""
"Achievement_AdventureStageIdClear_Normal_83_83","Mission","Achievement_AdventureStageIdClear_Normal_83","AdventureNormal_Direct","",""
"Achievement_AdventureStageIdClear_Normal_84_84","Mission","Achievement_AdventureStageIdClear_Normal_84","AdventureNormal_Direct","",""
"Achievement_AdventureStageIdClear_Normal_85_85","Mission","Achievement_AdventureStageIdClear_Normal_85","AdventureNormal_Direct","",""
"Achievement_AdventureStageIdClear_Normal_86_86","Mission","Achievement_AdventureStageIdClear_Normal_86","AdventureNormal_Direct","",""
"Achievement_AdventureStageIdClear_Normal_87_87","Mission","Achievement_AdventureStageIdClear_Normal_87","AdventureNormal_Direct","",""
"Achievement_AdventureStageIdClear_Normal_88_88","Mission","Achievement_AdventureStageIdClear_Normal_88","AdventureNormal_Direct","",""
"Achievement_AdventureStageIdClear_Normal_89_89","Mission","Achievement_AdventureStageIdClear_Normal_89","AdventureNormal_Direct","",""
"Achievement_AdventureStageIdClear_Normal_90_90","Mission","Achievement_AdventureStageIdClear_Normal_90","AdventureNormal_Direct","",""
"Achievement_AdventureStageIdClear_Normal_91_91","Mission","Achievement_AdventureStageIdClear_Normal_91","AdventureNormal_Direct","",""
"Achievement_AdventureStageIdClear_Normal_92_92","Mission","Achievement_AdventureStageIdClear_Normal_92","AdventureNormal_Direct","",""
"Achievement_AdventureStageIdClear_Normal_93_93","Mission","Achievement_AdventureStageIdClear_Normal_93","AdventureNormal_Direct","",""
"Achievement_AdventureStageMissionClearCount_880_01","Mission","Achievement_AdventureStageMissionClearCount_880","AdventureNormal_Direct","",""
"Achievement_AdventureStageMissionClearCount_910_01","Mission","Achievement_AdventureStageMissionClearCount_910","AdventureNormal_Direct","",""
"Achievement_AdventureStageMissionClearCount_940_01","Mission","Achievement_AdventureStageMissionClearCount_940","AdventureNormal_Direct","",""
"Achievement_AdventureStageMissionClearCount_970_01","Mission","Achievement_AdventureStageMissionClearCount_970","AdventureNormal_Direct","",""
"Achievement_AdventureStageMissionClearCount_1000_01","Mission","Achievement_AdventureStageMissionClearCount_1000","AdventureNormal_Direct","",""
"Achievement_EpisodeIdComplete_01_01","Mission","Achievement_EpisodeIdComplete_01","MainStory_Popup","Episode_M_001_03","Episode"
"Achievement_EpisodeIdComplete_02_02","Mission","Achievement_EpisodeIdComplete_02","MainStory_Popup","Episode_M_001_06","Episode"
"Achievement_EpisodeIdComplete_03_03","Mission","Achievement_EpisodeIdComplete_03","MainStory_Popup","Episode_M_001_10","Episode"
"Achievement_EpisodeIdComplete_04_04","Mission","Achievement_EpisodeIdComplete_04","MainStory_Popup","Episode_M_002_03","Episode"
"Achievement_EpisodeIdComplete_05_05","Mission","Achievement_EpisodeIdComplete_05","MainStory_Popup","Episode_M_002_06","Episode"
"Achievement_EpisodeIdComplete_06_06","Mission","Achievement_EpisodeIdComplete_06","MainStory_Popup","Episode_M_002_10","Episode"
"Achievement_EpisodeIdComplete_07_07","Mission","Achievement_EpisodeIdComplete_07","MainStory_Popup","Episode_M_003_03","Episode"
"Achievement_EpisodeIdComplete_08_08","Mission","Achievement_EpisodeIdComplete_08","MainStory_Popup","Episode_M_003_06","Episode"
"Achievement_EpisodeIdComplete_09_09","Mission","Achievement_EpisodeIdComplete_09","MainStory_Popup","Episode_M_003_10","Episode"
"Achievement_EpisodeIdComplete_10_10","Mission","Achievement_EpisodeIdComplete_10","MainStory_Popup","Episode_M_004_03","Episode"
"Achievement_EpisodeIdComplete_11_11","Mission","Achievement_EpisodeIdComplete_11","MainStory_Popup","Episode_M_004_06","Episode"
"Achievement_EpisodeIdComplete_12_12","Mission","Achievement_EpisodeIdComplete_12","MainStory_Popup","Episode_M_004_10","Episode"
"Achievement_EpisodeIdComplete_13_01","Mission","Achievement_EpisodeIdComplete_13","MainStory_Popup","Episode_M_005_03","Episode"
"Achievement_GradeHeroGetCount_5_01_01","Mission","Achievement_GradeHeroGetCount_5_01","HeroList_Direct","",""
"Achievement_GradeHeroGetCount_5_02_02","Mission","Achievement_GradeHeroGetCount_5_02","HeroList_Direct","",""
"Achievement_GradeHeroGetCount_5_03_03","Mission","Achievement_GradeHeroGetCount_5_03","HeroList_Direct","",""
"Achievement_GradeHeroGetCount_5_04_04","Mission","Achievement_GradeHeroGetCount_5_04","HeroList_Direct","",""
"Achievement_GradeHeroGetCount_5_05_05","Mission","Achievement_GradeHeroGetCount_5_05","HeroList_Direct","",""
"Achievement_GradeHeroGetCount_5_06_06","Mission","Achievement_GradeHeroGetCount_5_06","HeroList_Direct","",""
"Achievement_GradeHeroGetCount_5_07_07","Mission","Achievement_GradeHeroGetCount_5_07","HeroList_Direct","",""
"Achievement_GradeHeroGetCount_5_08_08","Mission","Achievement_GradeHeroGetCount_5_08","HeroList_Direct","",""
"Achievement_GradeHeroGetCount_5_09_09","Mission","Achievement_GradeHeroGetCount_5_09","HeroList_Direct","",""
"Achievement_GradeHeroGetCount_5_10_10","Mission","Achievement_GradeHeroGetCount_5_10","HeroList_Direct","",""
"Achievement_GradeHeroGetCount_5_11_11","Mission","Achievement_GradeHeroGetCount_5_11","HeroList_Direct","",""
"Achievement_GradeHeroGetCount_5_12_12","Mission","Achievement_GradeHeroGetCount_5_12","HeroList_Direct","",""
"Achievement_GradeHeroGetCount_5_13_13","Mission","Achievement_GradeHeroGetCount_5_13","HeroList_Direct","",""
"Achievement_GradeHeroGetCount_5_14_14","Mission","Achievement_GradeHeroGetCount_5_14","HeroList_Direct","",""
"Achievement_GradeHeroGetCount_5_15_15","Mission","Achievement_GradeHeroGetCount_5_15","HeroList_Direct","",""
"Achievement_GradeHeroGetCount_5_16_16","Mission","Achievement_GradeHeroGetCount_5_16","HeroList_Direct","",""
"Achievement_GradeHeroGetCount_5_17_17","Mission","Achievement_GradeHeroGetCount_5_17","HeroList_Direct","",""
"Achievement_GradeHeroGetCount_5_18_18","Mission","Achievement_GradeHeroGetCount_5_18","HeroList_Direct","",""
"Achievement_GradeHeroGetCount_5_19_19","Mission","Achievement_GradeHeroGetCount_5_19","HeroList_Direct","",""
"Achievement_GradeHeroGetCount_5_20_20","Mission","Achievement_GradeHeroGetCount_5_20","HeroList_Direct","",""
"Achievement_GradeHeroGetCount_3_01_01","Mission","Achievement_GradeHeroGetCount_3_01","HeroList_Direct","",""
"Achievement_GradeHeroGetCount_3_02_02","Mission","Achievement_GradeHeroGetCount_3_02","HeroList_Direct","",""
"Achievement_GradeHeroGetCount_3_03_03","Mission","Achievement_GradeHeroGetCount_3_03","HeroList_Direct","",""
"Achievement_GradeHeroGetCount_3_04_04","Mission","Achievement_GradeHeroGetCount_3_04","HeroList_Direct","",""
"Achievement_GradeHeroGetCount_3_05_05","Mission","Achievement_GradeHeroGetCount_3_05","HeroList_Direct","",""
"Achievement_GradeHeroGetCount_3_06_06","Mission","Achievement_GradeHeroGetCount_3_06","HeroList_Direct","",""
"Achievement_GradeHeroGetCount_3_07_07","Mission","Achievement_GradeHeroGetCount_3_07","HeroList_Direct","",""
"Achievement_GradeHeroGetCount_3_08_08","Mission","Achievement_GradeHeroGetCount_3_08","HeroList_Direct","",""
"Achievement_GradeHeroGetCount_3_09_09","Mission","Achievement_GradeHeroGetCount_3_09","HeroList_Direct","",""
"Achievement_GradeHeroGetCount_3_10_10","Mission","Achievement_GradeHeroGetCount_3_10","HeroList_Direct","",""
"Achievement_GradeHeroGetCount_3_11_11","Mission","Achievement_GradeHeroGetCount_3_11","HeroList_Direct","",""
"Achievement_GradeHeroGetCount_3_12_12","Mission","Achievement_GradeHeroGetCount_3_12","HeroList_Direct","",""
"Achievement_GradeHeroGetCount_3_13_13","Mission","Achievement_GradeHeroGetCount_3_13","HeroList_Direct","",""
"Achievement_GradeHeroGetCount_3_14_14","Mission","Achievement_GradeHeroGetCount_3_14","HeroList_Direct","",""
"Achievement_GradeHeroGetCount_3_15_15","Mission","Achievement_GradeHeroGetCount_3_15","HeroList_Direct","",""
"Achievement_GradeHeroGetCount_3_16_16","Mission","Achievement_GradeHeroGetCount_3_16","HeroList_Direct","",""
"Achievement_GradeHeroGetCount_3_17_17","Mission","Achievement_GradeHeroGetCount_3_17","HeroList_Direct","",""
"Achievement_GradeHeroGetCount_3_18_18","Mission","Achievement_GradeHeroGetCount_3_18","HeroList_Direct","",""
"Achievement_GradeHeroGetCount_3_19_19","Mission","Achievement_GradeHeroGetCount_3_19","HeroList_Direct","",""
"Achievement_GradeHeroGetCount_3_20_20","Mission","Achievement_GradeHeroGetCount_3_20","HeroList_Direct","",""
"Achievement_GradeHeroGetCount_3_01_21","Mission","Achievement_GradeHeroGetCount_3_01","HeroGacha_Direct","",""
"Achievement_GradeHeroGetCount_3_02_22","Mission","Achievement_GradeHeroGetCount_3_02","HeroGacha_Direct","",""
"Achievement_GradeHeroGetCount_3_03_23","Mission","Achievement_GradeHeroGetCount_3_03","HeroGacha_Direct","",""
"Achievement_GradeHeroGetCount_3_04_24","Mission","Achievement_GradeHeroGetCount_3_04","HeroGacha_Direct","",""
"Achievement_GradeHeroGetCount_3_05_25","Mission","Achievement_GradeHeroGetCount_3_05","HeroGacha_Direct","",""
"Achievement_GradeHeroGetCount_3_06_26","Mission","Achievement_GradeHeroGetCount_3_06","HeroGacha_Direct","",""
"Achievement_GradeHeroGetCount_3_07_27","Mission","Achievement_GradeHeroGetCount_3_07","HeroGacha_Direct","",""
"Achievement_GradeHeroGetCount_3_08_28","Mission","Achievement_GradeHeroGetCount_3_08","HeroGacha_Direct","",""
"Achievement_GradeHeroGetCount_3_09_29","Mission","Achievement_GradeHeroGetCount_3_09","HeroGacha_Direct","",""
"Achievement_GradeHeroGetCount_3_10_30","Mission","Achievement_GradeHeroGetCount_3_10","HeroGacha_Direct","",""
"Achievement_GradeHeroGetCount_3_11_31","Mission","Achievement_GradeHeroGetCount_3_11","HeroGacha_Direct","",""
"Achievement_GradeHeroGetCount_3_12_32","Mission","Achievement_GradeHeroGetCount_3_12","HeroGacha_Direct","",""
"Achievement_GradeHeroGetCount_3_13_33","Mission","Achievement_GradeHeroGetCount_3_13","HeroGacha_Direct","",""
"Achievement_GradeHeroGetCount_3_14_34","Mission","Achievement_GradeHeroGetCount_3_14","HeroGacha_Direct","",""
"Achievement_GradeHeroGetCount_3_15_35","Mission","Achievement_GradeHeroGetCount_3_15","HeroGacha_Direct","",""
"Achievement_GradeHeroGetCount_3_16_36","Mission","Achievement_GradeHeroGetCount_3_16","HeroGacha_Direct","",""
"Achievement_GradeHeroGetCount_3_17_37","Mission","Achievement_GradeHeroGetCount_3_17","HeroGacha_Direct","",""
"Achievement_GradeHeroGetCount_3_18_38","Mission","Achievement_GradeHeroGetCount_3_18","HeroGacha_Direct","",""
"Achievement_GradeHeroGetCount_3_19_39","Mission","Achievement_GradeHeroGetCount_3_19","HeroGacha_Direct","",""
"Achievement_GradeHeroGetCount_3_20_40","Mission","Achievement_GradeHeroGetCount_3_20","HeroGacha_Direct","",""
"Achievement_HeroLvUpCount_01_01","Mission","Achievement_HeroLvUpCount_01","HeroList_Direct","",""
"Achievement_HeroLvUpCount_02_02","Mission","Achievement_HeroLvUpCount_02","HeroList_Direct","",""
"Achievement_HeroLvUpCount_03_03","Mission","Achievement_HeroLvUpCount_03","HeroList_Direct","",""
"Achievement_HeroLvUpCount_04_04","Mission","Achievement_HeroLvUpCount_04","HeroList_Direct","",""
"Achievement_HeroLvUpCount_05_05","Mission","Achievement_HeroLvUpCount_05","HeroList_Direct","",""
"Achievement_HeroLvUpCount_06_06","Mission","Achievement_HeroLvUpCount_06","HeroList_Direct","",""
"Achievement_HeroLvUpCount_07_07","Mission","Achievement_HeroLvUpCount_07","HeroList_Direct","",""
"Achievement_HeroLvUpCount_08_08","Mission","Achievement_HeroLvUpCount_08","HeroList_Direct","",""
"Achievement_HeroLvUpCount_09_09","Mission","Achievement_HeroLvUpCount_09","HeroList_Direct","",""
"Achievement_HeroLvUpCount_10_10","Mission","Achievement_HeroLvUpCount_10","HeroList_Direct","",""
"Achievement_HeroLvUpCount_11_11","Mission","Achievement_HeroLvUpCount_11","HeroList_Direct","",""
"Achievement_HeroLvUpCount_12_12","Mission","Achievement_HeroLvUpCount_12","HeroList_Direct","",""
"Achievement_HeroLvUpCount_13_13","Mission","Achievement_HeroLvUpCount_13","HeroList_Direct","",""
"Achievement_HeroLvUpCount_14_14","Mission","Achievement_HeroLvUpCount_14","HeroList_Direct","",""
"Achievement_HeroLvUpCount_15_15","Mission","Achievement_HeroLvUpCount_15","HeroList_Direct","",""
"Achievement_HeroLvUpCount_16_16","Mission","Achievement_HeroLvUpCount_16","HeroList_Direct","",""
"Achievement_HeroLvUpCount_17_17","Mission","Achievement_HeroLvUpCount_17","HeroList_Direct","",""
"Achievement_HeroLvUpCount_18_18","Mission","Achievement_HeroLvUpCount_18","HeroList_Direct","",""
"Achievement_HeroLvUpCount_19_19","Mission","Achievement_HeroLvUpCount_19","HeroList_Direct","",""
"Achievement_HeroLvUpCount_20_20","Mission","Achievement_HeroLvUpCount_20","HeroList_Direct","",""
"Achievement_HeroLvUpCount_21_21","Mission","Achievement_HeroLvUpCount_21","HeroList_Direct","",""
"Achievement_HeroLvUpCount_22_22","Mission","Achievement_HeroLvUpCount_22","HeroList_Direct","",""
"Achievement_HeroLvUpCount_23_23","Mission","Achievement_HeroLvUpCount_23","HeroList_Direct","",""
"Achievement_HeroLvUpCount_24_24","Mission","Achievement_HeroLvUpCount_24","HeroList_Direct","",""
"Achievement_HeroLvUpCount_25_25","Mission","Achievement_HeroLvUpCount_25","HeroList_Direct","",""
"Achievement_HeroLvUpCount_26_26","Mission","Achievement_HeroLvUpCount_26","HeroList_Direct","",""
"Achievement_HeroLvUpCount_27_27","Mission","Achievement_HeroLvUpCount_27","HeroList_Direct","",""
"Achievement_HeroLvUpCount_28_28","Mission","Achievement_HeroLvUpCount_28","HeroList_Direct","",""
"Achievement_HeroLvUpCount_29_29","Mission","Achievement_HeroLvUpCount_29","HeroList_Direct","",""
"Achievement_HeroLvUpCount_30_30","Mission","Achievement_HeroLvUpCount_30","HeroList_Direct","",""
"Achievement_HeroLvUpCount_31_31","Mission","Achievement_HeroLvUpCount_31","HeroList_Direct","",""
"Achievement_HeroLvUpCount_32_32","Mission","Achievement_HeroLvUpCount_32","HeroList_Direct","",""
"Achievement_HeroLvUpCount_33_33","Mission","Achievement_HeroLvUpCount_33","HeroList_Direct","",""
"Achievement_HeroLvUpCount_34_34","Mission","Achievement_HeroLvUpCount_34","HeroList_Direct","",""
"Achievement_HeroLvUpCount_35_35","Mission","Achievement_HeroLvUpCount_35","HeroList_Direct","",""
"Achievement_HeroLvUpCount_36_36","Mission","Achievement_HeroLvUpCount_36","HeroList_Direct","",""
"Achievement_HeroLvUpCount_37_37","Mission","Achievement_HeroLvUpCount_37","HeroList_Direct","",""
"Achievement_HeroLvUpCount_38_38","Mission","Achievement_HeroLvUpCount_38","HeroList_Direct","",""
"Achievement_HeroLvUpCount_39_39","Mission","Achievement_HeroLvUpCount_39","HeroList_Direct","",""
"Achievement_HeroLvUpCount_40_40","Mission","Achievement_HeroLvUpCount_40","HeroList_Direct","",""
"Achievement_HeroLvUpCount_41_41","Mission","Achievement_HeroLvUpCount_41","HeroList_Direct","",""
"Achievement_HeroLvUpCount_42_42","Mission","Achievement_HeroLvUpCount_42","HeroList_Direct","",""
"Achievement_HeroLvUpCount_43_43","Mission","Achievement_HeroLvUpCount_43","HeroList_Direct","",""
"Achievement_HeroLvUpCount_44_44","Mission","Achievement_HeroLvUpCount_44","HeroList_Direct","",""
"Achievement_HeroLvUpCount_45_45","Mission","Achievement_HeroLvUpCount_45","HeroList_Direct","",""
"Achievement_HeroLvUpCount_46_46","Mission","Achievement_HeroLvUpCount_46","HeroList_Direct","",""
"Achievement_HeroLvUpCount_47_47","Mission","Achievement_HeroLvUpCount_47","HeroList_Direct","",""
"Achievement_HeroLvUpCount_48_48","Mission","Achievement_HeroLvUpCount_48","HeroList_Direct","",""
"Achievement_HeroLvUpCount_49_49","Mission","Achievement_HeroLvUpCount_49","HeroList_Direct","",""
"Achievement_HeroLvUpCount_50_50","Mission","Achievement_HeroLvUpCount_50","HeroList_Direct","",""
"Achievement_HeroLvUpCount_51_51","Mission","Achievement_HeroLvUpCount_51","HeroList_Direct","",""
"Achievement_HeroLvUpCount_52_52","Mission","Achievement_HeroLvUpCount_52","HeroList_Direct","",""
"Achievement_HeroLvUpCount_53_53","Mission","Achievement_HeroLvUpCount_53","HeroList_Direct","",""
"Achievement_HeroLvUpCount_54_54","Mission","Achievement_HeroLvUpCount_54","HeroList_Direct","",""
"Achievement_HeroLvUpCount_55_55","Mission","Achievement_HeroLvUpCount_55","HeroList_Direct","",""
"Achievement_HeroLvUpCount_56_56","Mission","Achievement_HeroLvUpCount_56","HeroList_Direct","",""
"Achievement_HeroLvUpCount_57_57","Mission","Achievement_HeroLvUpCount_57","HeroList_Direct","",""
"Achievement_HeroLvUpCount_58_58","Mission","Achievement_HeroLvUpCount_58","HeroList_Direct","",""
"Achievement_HeroLvUpCount_59_59","Mission","Achievement_HeroLvUpCount_59","HeroList_Direct","",""
"Achievement_HeroLvUpCount_60_60","Mission","Achievement_HeroLvUpCount_60","HeroList_Direct","",""
"Achievement_HeroLvUpCount_61_61","Mission","Achievement_HeroLvUpCount_61","HeroList_Direct","",""
"Achievement_HeroLvUpCount_62_62","Mission","Achievement_HeroLvUpCount_62","HeroList_Direct","",""
"Achievement_HeroLvUpCount_63_63","Mission","Achievement_HeroLvUpCount_63","HeroList_Direct","",""
"Achievement_HeroLvUpCount_64_64","Mission","Achievement_HeroLvUpCount_64","HeroList_Direct","",""
"Achievement_HeroLvUpCount_65_65","Mission","Achievement_HeroLvUpCount_65","HeroList_Direct","",""
"Achievement_HeroLvUpCount_66_66","Mission","Achievement_HeroLvUpCount_66","HeroList_Direct","",""
"Achievement_HeroLvUpCount_67_67","Mission","Achievement_HeroLvUpCount_67","HeroList_Direct","",""
"Achievement_HeroLvUpCount_68_68","Mission","Achievement_HeroLvUpCount_68","HeroList_Direct","",""
"Achievement_HeroLvUpCount_69_69","Mission","Achievement_HeroLvUpCount_69","HeroList_Direct","",""
"Achievement_HeroLvUpCount_70_70","Mission","Achievement_HeroLvUpCount_70","HeroList_Direct","",""
"Achievement_HeroLvUpCount_71_71","Mission","Achievement_HeroLvUpCount_71","HeroList_Direct","",""
"Achievement_HeroLvUpCount_72_72","Mission","Achievement_HeroLvUpCount_72","HeroList_Direct","",""
"Achievement_HeroLvUpCount_73_73","Mission","Achievement_HeroLvUpCount_73","HeroList_Direct","",""
"Achievement_HeroLvUpCount_74_74","Mission","Achievement_HeroLvUpCount_74","HeroList_Direct","",""
"Achievement_HeroLvUpCount_75_75","Mission","Achievement_HeroLvUpCount_75","HeroList_Direct","",""
"Achievement_HeroLvUpCount_76_76","Mission","Achievement_HeroLvUpCount_76","HeroList_Direct","",""
"Achievement_HeroLvUpCount_77_77","Mission","Achievement_HeroLvUpCount_77","HeroList_Direct","",""
"Achievement_HeroLvUpCount_78_78","Mission","Achievement_HeroLvUpCount_78","HeroList_Direct","",""
"Achievement_HeroLvUpCount_79_79","Mission","Achievement_HeroLvUpCount_79","HeroList_Direct","",""
"Achievement_HeroLvUpCount_80_80","Mission","Achievement_HeroLvUpCount_80","HeroList_Direct","",""
"Achievement_HeroLvUpCount_81_81","Mission","Achievement_HeroLvUpCount_81","HeroList_Direct","",""
"Achievement_HeroLvUpCount_82_82","Mission","Achievement_HeroLvUpCount_82","HeroList_Direct","",""
"Achievement_HeroLvUpCount_83_83","Mission","Achievement_HeroLvUpCount_83","HeroList_Direct","",""
"Achievement_HeroLvUpCount_84_84","Mission","Achievement_HeroLvUpCount_84","HeroList_Direct","",""
"Achievement_HeroLvUpCount_85_85","Mission","Achievement_HeroLvUpCount_85","HeroList_Direct","",""
"Achievement_HeroLvUpCount_86_86","Mission","Achievement_HeroLvUpCount_86","HeroList_Direct","",""
"Achievement_HeroLvUpCount_87_87","Mission","Achievement_HeroLvUpCount_87","HeroList_Direct","",""
"Achievement_HeroLvUpCount_88_88","Mission","Achievement_HeroLvUpCount_88","HeroList_Direct","",""
"Achievement_HeroLvUpCount_89_89","Mission","Achievement_HeroLvUpCount_89","HeroList_Direct","",""
"Achievement_HeroLvUpCount_90_90","Mission","Achievement_HeroLvUpCount_90","HeroList_Direct","",""
"Achievement_HeroLvUpCount_91_91","Mission","Achievement_HeroLvUpCount_91","HeroList_Direct","",""
"Achievement_HeroLvUpCount_92_92","Mission","Achievement_HeroLvUpCount_92","HeroList_Direct","",""
"Achievement_HeroGradeUpCount_01_01","Mission","Achievement_HeroGradeUpCount_01","HeroList_Direct","",""
"Achievement_HeroGradeUpCount_02_02","Mission","Achievement_HeroGradeUpCount_02","HeroList_Direct","",""
"Achievement_HeroGradeUpCount_03_03","Mission","Achievement_HeroGradeUpCount_03","HeroList_Direct","",""
"Achievement_HeroGradeUpCount_04_04","Mission","Achievement_HeroGradeUpCount_04","HeroList_Direct","",""
"Achievement_HeroGradeUpCount_05_05","Mission","Achievement_HeroGradeUpCount_05","HeroList_Direct","",""
"Achievement_HeroGradeUpCount_06_06","Mission","Achievement_HeroGradeUpCount_06","HeroList_Direct","",""
"Achievement_HeroGradeUpCount_07_07","Mission","Achievement_HeroGradeUpCount_07","HeroList_Direct","",""
"Achievement_HeroGradeUpCount_08_08","Mission","Achievement_HeroGradeUpCount_08","HeroList_Direct","",""
"Achievement_HeroGradeUpCount_09_09","Mission","Achievement_HeroGradeUpCount_09","HeroList_Direct","",""
"Achievement_HeroGradeUpCount_10_10","Mission","Achievement_HeroGradeUpCount_10","HeroList_Direct","",""
"Achievement_HeroGradeUpCount_11_11","Mission","Achievement_HeroGradeUpCount_11","HeroList_Direct","",""
"Achievement_HeroGradeUpCount_12_12","Mission","Achievement_HeroGradeUpCount_12","HeroList_Direct","",""
"Achievement_HeroGradeUpCount_13_13","Mission","Achievement_HeroGradeUpCount_13","HeroList_Direct","",""
"Achievement_HeroGradeUpCount_14_14","Mission","Achievement_HeroGradeUpCount_14","HeroList_Direct","",""
"Achievement_HeroGradeUpCount_15_15","Mission","Achievement_HeroGradeUpCount_15","HeroList_Direct","",""
"Achievement_HeroGradeUpCount_16_16","Mission","Achievement_HeroGradeUpCount_16","HeroList_Direct","",""
"Achievement_HeroGradeUpCount_17_17","Mission","Achievement_HeroGradeUpCount_17","HeroList_Direct","",""
"Achievement_HeroGradeUpCount_18_18","Mission","Achievement_HeroGradeUpCount_18","HeroList_Direct","",""
"Achievement_HeroGradeUpCount_19_19","Mission","Achievement_HeroGradeUpCount_19","HeroList_Direct","",""
"Achievement_HeroGradeUpCount_20_20","Mission","Achievement_HeroGradeUpCount_20","HeroList_Direct","",""
"Achievement_HeroGradeUpCount_21_21","Mission","Achievement_HeroGradeUpCount_21","HeroList_Direct","",""
"Achievement_HeroGradeUpCount_22_22","Mission","Achievement_HeroGradeUpCount_22","HeroList_Direct","",""
"Achievement_HeroGradeUpCount_23_23","Mission","Achievement_HeroGradeUpCount_23","HeroList_Direct","",""
"Achievement_HeroGradeUpCount_24_24","Mission","Achievement_HeroGradeUpCount_24","HeroList_Direct","",""
"Achievement_HeroGradeUpCount_25_25","Mission","Achievement_HeroGradeUpCount_25","HeroList_Direct","",""
"Achievement_HeroGradeUpCount_26_26","Mission","Achievement_HeroGradeUpCount_26","HeroList_Direct","",""
"Achievement_HeroGradeUpCount_27_27","Mission","Achievement_HeroGradeUpCount_27","HeroList_Direct","",""
"Achievement_HeroGradeUpCount_28_28","Mission","Achievement_HeroGradeUpCount_28","HeroList_Direct","",""
"Achievement_HeroGradeUpCount_29_29","Mission","Achievement_HeroGradeUpCount_29","HeroList_Direct","",""
"Achievement_HeroGradeUpCount_30_30","Mission","Achievement_HeroGradeUpCount_30","HeroList_Direct","",""
"Achievement_HeroGradeUpCount_31_31","Mission","Achievement_HeroGradeUpCount_31","HeroList_Direct","",""
"Achievement_HeroGradeUpCount_32_32","Mission","Achievement_HeroGradeUpCount_32","HeroList_Direct","",""
"Achievement_HeroGradeUpCount_33_33","Mission","Achievement_HeroGradeUpCount_33","HeroList_Direct","",""
"Achievement_HeroGradeUpCount_34_34","Mission","Achievement_HeroGradeUpCount_34","HeroList_Direct","",""
"Achievement_HeroGradeUpCount_35_35","Mission","Achievement_HeroGradeUpCount_35","HeroList_Direct","",""
"Achievement_HeroGradeUpCount_36_36","Mission","Achievement_HeroGradeUpCount_36","HeroList_Direct","",""
"Achievement_HeroGradeUpCount_37_37","Mission","Achievement_HeroGradeUpCount_37","HeroList_Direct","",""
"Achievement_HeroGradeUpCount_38_38","Mission","Achievement_HeroGradeUpCount_38","HeroList_Direct","",""
"Achievement_HeroGradeUpCount_39_39","Mission","Achievement_HeroGradeUpCount_39","HeroList_Direct","",""
"Achievement_HeroGradeUpCount_40_40","Mission","Achievement_HeroGradeUpCount_40","HeroList_Direct","",""
"Achievement_HeroGradeUpCount_41_41","Mission","Achievement_HeroGradeUpCount_41","HeroList_Direct","",""
"Achievement_EquipLvUpCount_01_01","Mission","Achievement_EquipLvUpCount_01","HeroList_Direct","",""
"Achievement_EquipLvUpCount_02_02","Mission","Achievement_EquipLvUpCount_02","HeroList_Direct","",""
"Achievement_EquipLvUpCount_03_03","Mission","Achievement_EquipLvUpCount_03","HeroList_Direct","",""
"Achievement_EquipLvUpCount_04_04","Mission","Achievement_EquipLvUpCount_04","HeroList_Direct","",""
"Achievement_EquipLvUpCount_05_05","Mission","Achievement_EquipLvUpCount_05","HeroList_Direct","",""
"Achievement_EquipLvUpCount_06_06","Mission","Achievement_EquipLvUpCount_06","HeroList_Direct","",""
"Achievement_EquipLvUpCount_07_07","Mission","Achievement_EquipLvUpCount_07","HeroList_Direct","",""
"Achievement_EquipLvUpCount_08_08","Mission","Achievement_EquipLvUpCount_08","HeroList_Direct","",""
"Achievement_EquipLvUpCount_09_09","Mission","Achievement_EquipLvUpCount_09","HeroList_Direct","",""
"Achievement_EquipLvUpCount_10_10","Mission","Achievement_EquipLvUpCount_10","HeroList_Direct","",""
"Achievement_EquipLvUpCount_11_11","Mission","Achievement_EquipLvUpCount_11","HeroList_Direct","",""
"Achievement_EquipLvUpCount_12_12","Mission","Achievement_EquipLvUpCount_12","HeroList_Direct","",""
"Achievement_EquipLvUpCount_13_13","Mission","Achievement_EquipLvUpCount_13","HeroList_Direct","",""
"Achievement_EquipLvUpCount_14_14","Mission","Achievement_EquipLvUpCount_14","HeroList_Direct","",""
"Achievement_EquipLvUpCount_15_15","Mission","Achievement_EquipLvUpCount_15","HeroList_Direct","",""
"Achievement_EquipLvUpCount_16_16","Mission","Achievement_EquipLvUpCount_16","HeroList_Direct","",""
"Achievement_EquipLvUpCount_17_17","Mission","Achievement_EquipLvUpCount_17","HeroList_Direct","",""
"Achievement_EquipLvUpCount_18_18","Mission","Achievement_EquipLvUpCount_18","HeroList_Direct","",""
"Achievement_EquipLvUpCount_19_19","Mission","Achievement_EquipLvUpCount_19","HeroList_Direct","",""
"Achievement_EquipLvUpCount_20_20","Mission","Achievement_EquipLvUpCount_20","HeroList_Direct","",""
"Achievement_EquipLvUpCount_21_21","Mission","Achievement_EquipLvUpCount_21","HeroList_Direct","",""
"Achievement_EquipLvUpCount_22_22","Mission","Achievement_EquipLvUpCount_22","HeroList_Direct","",""
"Achievement_EquipLvUpCount_23_23","Mission","Achievement_EquipLvUpCount_23","HeroList_Direct","",""
"Achievement_EquipLvUpCount_24_24","Mission","Achievement_EquipLvUpCount_24","HeroList_Direct","",""
"Achievement_EquipLvUpCount_25_25","Mission","Achievement_EquipLvUpCount_25","HeroList_Direct","",""
"Achievement_EquipLvUpCount_26_26","Mission","Achievement_EquipLvUpCount_26","HeroList_Direct","",""
"Achievement_EquipLvUpCount_27_27","Mission","Achievement_EquipLvUpCount_27","HeroList_Direct","",""
"Achievement_EquipLvUpCount_28_28","Mission","Achievement_EquipLvUpCount_28","HeroList_Direct","",""
"Achievement_EquipLvUpCount_29_29","Mission","Achievement_EquipLvUpCount_29","HeroList_Direct","",""
"Achievement_EquipLvUpCount_30_30","Mission","Achievement_EquipLvUpCount_30","HeroList_Direct","",""
"Achievement_EquipLvUpCount_31_31","Mission","Achievement_EquipLvUpCount_31","HeroList_Direct","",""
"Achievement_EquipLvUpCount_32_32","Mission","Achievement_EquipLvUpCount_32","HeroList_Direct","",""
"Achievement_EquipLvUpCount_33_33","Mission","Achievement_EquipLvUpCount_33","HeroList_Direct","",""
"Achievement_EquipLvUpCount_34_34","Mission","Achievement_EquipLvUpCount_34","HeroList_Direct","",""
"Achievement_EquipLvUpCount_35_35","Mission","Achievement_EquipLvUpCount_35","HeroList_Direct","",""
"Achievement_EquipLvUpCount_36_36","Mission","Achievement_EquipLvUpCount_36","HeroList_Direct","",""
"Achievement_EquipLvUpCount_37_37","Mission","Achievement_EquipLvUpCount_37","HeroList_Direct","",""
"Achievement_EquipLvUpCount_38_38","Mission","Achievement_EquipLvUpCount_38","HeroList_Direct","",""
"Achievement_EquipLvUpCount_39_39","Mission","Achievement_EquipLvUpCount_39","HeroList_Direct","",""
"Achievement_EquipLvUpCount_40_40","Mission","Achievement_EquipLvUpCount_40","HeroList_Direct","",""
"Achievement_EquipLvUpCount_41_41","Mission","Achievement_EquipLvUpCount_41","HeroList_Direct","",""
"Achievement_EquipLvUpCount_42_42","Mission","Achievement_EquipLvUpCount_42","HeroList_Direct","",""
"Achievement_EquipLvUpCount_43_43","Mission","Achievement_EquipLvUpCount_43","HeroList_Direct","",""
"Achievement_EquipLvUpCount_44_44","Mission","Achievement_EquipLvUpCount_44","HeroList_Direct","",""
"Achievement_EquipLvUpCount_45_45","Mission","Achievement_EquipLvUpCount_45","HeroList_Direct","",""
"Achievement_EquipLvUpCount_46_46","Mission","Achievement_EquipLvUpCount_46","HeroList_Direct","",""
"Achievement_EquipLvUpCount_47_47","Mission","Achievement_EquipLvUpCount_47","HeroList_Direct","",""
"Achievement_EquipLvUpCount_48_48","Mission","Achievement_EquipLvUpCount_48","HeroList_Direct","",""
"Achievement_EquipLvUpCount_49_49","Mission","Achievement_EquipLvUpCount_49","HeroList_Direct","",""
"Achievement_EquipLvUpCount_50_50","Mission","Achievement_EquipLvUpCount_50","HeroList_Direct","",""
"Achievement_EquipLvUpCount_51_51","Mission","Achievement_EquipLvUpCount_51","HeroList_Direct","",""
"Achievement_EquipLvUpCount_52_52","Mission","Achievement_EquipLvUpCount_52","HeroList_Direct","",""
"Achievement_EquipLvUpCount_53_53","Mission","Achievement_EquipLvUpCount_53","HeroList_Direct","",""
"Achievement_EquipLvUpCount_54_54","Mission","Achievement_EquipLvUpCount_54","HeroList_Direct","",""
"Achievement_EquipLvUpCount_55_55","Mission","Achievement_EquipLvUpCount_55","HeroList_Direct","",""
"Achievement_EquipLvUpCount_56_56","Mission","Achievement_EquipLvUpCount_56","HeroList_Direct","",""
"Achievement_EquipLvUpCount_57_57","Mission","Achievement_EquipLvUpCount_57","HeroList_Direct","",""
"Achievement_EquipLvUpCount_58_58","Mission","Achievement_EquipLvUpCount_58","HeroList_Direct","",""
"Achievement_EquipLvUpCount_59_59","Mission","Achievement_EquipLvUpCount_59","HeroList_Direct","",""
"Achievement_EquipLvUpCount_60_60","Mission","Achievement_EquipLvUpCount_60","HeroList_Direct","",""
"Achievement_EquipLvUpCount_61_61","Mission","Achievement_EquipLvUpCount_61","HeroList_Direct","",""
"Achievement_EquipLvUpCount_62_62","Mission","Achievement_EquipLvUpCount_62","HeroList_Direct","",""
"Achievement_EquipLvUpCount_63_63","Mission","Achievement_EquipLvUpCount_63","HeroList_Direct","",""
"Achievement_EquipLvUpCount_64_64","Mission","Achievement_EquipLvUpCount_64","HeroList_Direct","",""
"Achievement_EquipLvUpCount_65_65","Mission","Achievement_EquipLvUpCount_65","HeroList_Direct","",""
"Achievement_EquipLvUpCount_66_66","Mission","Achievement_EquipLvUpCount_66","HeroList_Direct","",""
"Achievement_EquipLvUpCount_67_67","Mission","Achievement_EquipLvUpCount_67","HeroList_Direct","",""
"Achievement_EquipLvUpCount_68_68","Mission","Achievement_EquipLvUpCount_68","HeroList_Direct","",""
"Achievement_EquipLvUpCount_69_69","Mission","Achievement_EquipLvUpCount_69","HeroList_Direct","",""
"Achievement_EquipLvUpCount_70_70","Mission","Achievement_EquipLvUpCount_70","HeroList_Direct","",""
"Achievement_EquipLvUpCount_71_71","Mission","Achievement_EquipLvUpCount_71","HeroList_Direct","",""
"Achievement_EquipLvUpCount_72_72","Mission","Achievement_EquipLvUpCount_72","HeroList_Direct","",""
"Achievement_EquipLvUpCount_73_73","Mission","Achievement_EquipLvUpCount_73","HeroList_Direct","",""
"Achievement_EquipLvUpCount_74_74","Mission","Achievement_EquipLvUpCount_74","HeroList_Direct","",""
"Achievement_EquipLvUpCount_75_75","Mission","Achievement_EquipLvUpCount_75","HeroList_Direct","",""
"Achievement_EquipLvUpCount_76_76","Mission","Achievement_EquipLvUpCount_76","HeroList_Direct","",""
"Achievement_EquipLvUpCount_77_77","Mission","Achievement_EquipLvUpCount_77","HeroList_Direct","",""
"Achievement_EquipLvUpCount_78_78","Mission","Achievement_EquipLvUpCount_78","HeroList_Direct","",""
"Achievement_EquipLvUpCount_79_79","Mission","Achievement_EquipLvUpCount_79","HeroList_Direct","",""
"Achievement_EquipLvUpCount_80_80","Mission","Achievement_EquipLvUpCount_80","HeroList_Direct","",""
"Achievement_EquipLvUpCount_81_81","Mission","Achievement_EquipLvUpCount_81","HeroList_Direct","",""
"Achievement_EquipLvUpCount_82_82","Mission","Achievement_EquipLvUpCount_82","HeroList_Direct","",""
"Achievement_EquipLvUpCount_83_83","Mission","Achievement_EquipLvUpCount_83","HeroList_Direct","",""
"Achievement_EquipLvUpCount_84_84","Mission","Achievement_EquipLvUpCount_84","HeroList_Direct","",""
"Achievement_EquipLvUpCount_85_85","Mission","Achievement_EquipLvUpCount_85","HeroList_Direct","",""
"Achievement_EquipLvUpCount_86_86","Mission","Achievement_EquipLvUpCount_86","HeroList_Direct","",""
"Achievement_EquipLvUpCount_87_87","Mission","Achievement_EquipLvUpCount_87","HeroList_Direct","",""
"Achievement_EquipLvUpCount_88_88","Mission","Achievement_EquipLvUpCount_88","HeroList_Direct","",""
"Achievement_EquipLvUpCount_89_89","Mission","Achievement_EquipLvUpCount_89","HeroList_Direct","",""
"Achievement_EquipLvUpCount_90_90","Mission","Achievement_EquipLvUpCount_90","HeroList_Direct","",""
"Achievement_EquipLvUpCount_91_91","Mission","Achievement_EquipLvUpCount_91","HeroList_Direct","",""
"Achievement_EquipLvUpCount_92_92","Mission","Achievement_EquipLvUpCount_92","HeroList_Direct","",""
"Achievement_EquipLvUpCount_93_93","Mission","Achievement_EquipLvUpCount_93","HeroList_Direct","",""
"Achievement_EquipLvUpCount_94_94","Mission","Achievement_EquipLvUpCount_94","HeroList_Direct","",""
"Achievement_EquipLvUpCount_95_95","Mission","Achievement_EquipLvUpCount_95","HeroList_Direct","",""
"Achievement_EquipLvUpCount_96_96","Mission","Achievement_EquipLvUpCount_96","HeroList_Direct","",""
"Achievement_EquipLvUpCount_97_97","Mission","Achievement_EquipLvUpCount_97","HeroList_Direct","",""
"Achievement_EquipLvUpCount_98_98","Mission","Achievement_EquipLvUpCount_98","HeroList_Direct","",""
"Achievement_EquipLvUpCount_99_99","Mission","Achievement_EquipLvUpCount_99","HeroList_Direct","",""
"Achievement_EquipLvUpCount_100_100","Mission","Achievement_EquipLvUpCount_100","HeroList_Direct","",""
"Achievement_EquipLvUpCount_101_101","Mission","Achievement_EquipLvUpCount_101","HeroList_Direct","",""
"Achievement_EquipLvUpCount_102_102","Mission","Achievement_EquipLvUpCount_102","HeroList_Direct","",""
"Achievement_EquipLvUpCount_103_103","Mission","Achievement_EquipLvUpCount_103","HeroList_Direct","",""
"Achievement_EquipLvUpCount_104_104","Mission","Achievement_EquipLvUpCount_104","HeroList_Direct","",""
"Achievement_EquipLvUpCount_105_105","Mission","Achievement_EquipLvUpCount_105","HeroList_Direct","",""
"Achievement_EquipLvUpCount_106_106","Mission","Achievement_EquipLvUpCount_106","HeroList_Direct","",""
"Achievement_EquipLvUpCount_107_107","Mission","Achievement_EquipLvUpCount_107","HeroList_Direct","",""
"Achievement_EquipLvUpCount_108_108","Mission","Achievement_EquipLvUpCount_108","HeroList_Direct","",""
"Achievement_EquipLvUpCount_109_109","Mission","Achievement_EquipLvUpCount_109","HeroList_Direct","",""
"Achievement_EquipLvUpCount_110_110","Mission","Achievement_EquipLvUpCount_110","HeroList_Direct","",""
"Achievement_EquipLvUpCount_111_111","Mission","Achievement_EquipLvUpCount_111","HeroList_Direct","",""
"Achievement_EquipLvUpCount_112_112","Mission","Achievement_EquipLvUpCount_112","HeroList_Direct","",""
"Achievement_EquipLvUpCount_113_113","Mission","Achievement_EquipLvUpCount_113","HeroList_Direct","",""
"Achievement_EquipLvUpCount_114_114","Mission","Achievement_EquipLvUpCount_114","HeroList_Direct","",""
"Achievement_EquipLvUpCount_115_115","Mission","Achievement_EquipLvUpCount_115","HeroList_Direct","",""
"Achievement_EquipLvUpCount_116_116","Mission","Achievement_EquipLvUpCount_116","HeroList_Direct","",""
"Achievement_EquipLvUpCount_117_117","Mission","Achievement_EquipLvUpCount_117","HeroList_Direct","",""
"Achievement_EquipLvUpCount_118_118","Mission","Achievement_EquipLvUpCount_118","HeroList_Direct","",""
"Achievement_EquipLvUpCount_119_119","Mission","Achievement_EquipLvUpCount_119","HeroList_Direct","",""
"Achievement_EquipLvUpCount_120_120","Mission","Achievement_EquipLvUpCount_120","HeroList_Direct","",""
"Achievement_EquipLvUpCount_121_121","Mission","Achievement_EquipLvUpCount_121","HeroList_Direct","",""
"Achievement_EquipLvUpCount_122_122","Mission","Achievement_EquipLvUpCount_122","HeroList_Direct","",""
"Achievement_EquipLvUpCount_123_123","Mission","Achievement_EquipLvUpCount_123","HeroList_Direct","",""
"Achievement_EquipLvUpCount_124_124","Mission","Achievement_EquipLvUpCount_124","HeroList_Direct","",""
"Achievement_EquipLvUpCount_125_125","Mission","Achievement_EquipLvUpCount_125","HeroList_Direct","",""
"Achievement_EquipLvUpCount_126_126","Mission","Achievement_EquipLvUpCount_126","HeroList_Direct","",""
"Achievement_EquipLvUpCount_127_127","Mission","Achievement_EquipLvUpCount_127","HeroList_Direct","",""
"Achievement_EquipLvUpCount_128_128","Mission","Achievement_EquipLvUpCount_128","HeroList_Direct","",""
"Achievement_EquipLvUpCount_129_129","Mission","Achievement_EquipLvUpCount_129","HeroList_Direct","",""
"Achievement_EquipLvUpCount_130_130","Mission","Achievement_EquipLvUpCount_130","HeroList_Direct","",""
"Achievement_EquipLvUpCount_131_131","Mission","Achievement_EquipLvUpCount_131","HeroList_Direct","",""
"Achievement_EquipLvUpCount_132_132","Mission","Achievement_EquipLvUpCount_132","HeroList_Direct","",""
"Achievement_EquipLvUpCount_133_133","Mission","Achievement_EquipLvUpCount_133","HeroList_Direct","",""
"Achievement_EquipLvUpCount_134_134","Mission","Achievement_EquipLvUpCount_134","HeroList_Direct","",""
"Achievement_EquipLvUpCount_135_135","Mission","Achievement_EquipLvUpCount_135","HeroList_Direct","",""
"Achievement_EquipLvUpCount_136_136","Mission","Achievement_EquipLvUpCount_136","HeroList_Direct","",""
"Achievement_EquipLvUpCount_137_137","Mission","Achievement_EquipLvUpCount_137","HeroList_Direct","",""
"Achievement_EquipLvUpCount_138_138","Mission","Achievement_EquipLvUpCount_138","HeroList_Direct","",""
"Achievement_EquipLvUpCount_139_139","Mission","Achievement_EquipLvUpCount_139","HeroList_Direct","",""
"Achievement_EquipLvUpCount_140_140","Mission","Achievement_EquipLvUpCount_140","HeroList_Direct","",""
"Achievement_EquipLvUpCount_141_141","Mission","Achievement_EquipLvUpCount_141","HeroList_Direct","",""
"Achievement_EquipLvUpCount_142_142","Mission","Achievement_EquipLvUpCount_142","HeroList_Direct","",""
"Achievement_EquipLvUpCount_143_143","Mission","Achievement_EquipLvUpCount_143","HeroList_Direct","",""
"Achievement_EquipLvUpCount_144_144","Mission","Achievement_EquipLvUpCount_144","HeroList_Direct","",""
"Achievement_EquipLvUpCount_145_145","Mission","Achievement_EquipLvUpCount_145","HeroList_Direct","",""
"Achievement_EquipLvUpCount_146_146","Mission","Achievement_EquipLvUpCount_146","HeroList_Direct","",""
"Achievement_EquipLvUpCount_147_147","Mission","Achievement_EquipLvUpCount_147","HeroList_Direct","",""
"Achievement_EquipLvUpCount_148_148","Mission","Achievement_EquipLvUpCount_148","HeroList_Direct","",""
"Achievement_EquipLvUpCount_149_149","Mission","Achievement_EquipLvUpCount_149","HeroList_Direct","",""
"Achievement_EquipLvUpCount_150_150","Mission","Achievement_EquipLvUpCount_150","HeroList_Direct","",""
"Achievement_EquipLvUpCount_151_151","Mission","Achievement_EquipLvUpCount_151","HeroList_Direct","",""
"Achievement_EquipLvUpCount_152_152","Mission","Achievement_EquipLvUpCount_152","HeroList_Direct","",""
"Achievement_EquipLvUpCount_153_153","Mission","Achievement_EquipLvUpCount_153","HeroList_Direct","",""
"Achievement_EquipLvUpCount_154_154","Mission","Achievement_EquipLvUpCount_154","HeroList_Direct","",""
"Achievement_EquipLvUpCount_155_155","Mission","Achievement_EquipLvUpCount_155","HeroList_Direct","",""
"Achievement_EquipLvUpCount_156_156","Mission","Achievement_EquipLvUpCount_156","HeroList_Direct","",""
"Achievement_EquipLvUpCount_157_157","Mission","Achievement_EquipLvUpCount_157","HeroList_Direct","",""
"Achievement_EquipLvUpCount_158_158","Mission","Achievement_EquipLvUpCount_158","HeroList_Direct","",""
"Achievement_EquipLvUpCount_159_159","Mission","Achievement_EquipLvUpCount_159","HeroList_Direct","",""
"Achievement_EquipLvUpCount_160_160","Mission","Achievement_EquipLvUpCount_160","HeroList_Direct","",""
"Achievement_EquipLvUpCount_161_161","Mission","Achievement_EquipLvUpCount_161","HeroList_Direct","",""
"Achievement_EquipLvUpCount_162_162","Mission","Achievement_EquipLvUpCount_162","HeroList_Direct","",""
"Achievement_EquipLvUpCount_163_163","Mission","Achievement_EquipLvUpCount_163","HeroList_Direct","",""
"Achievement_EquipLvUpCount_164_164","Mission","Achievement_EquipLvUpCount_164","HeroList_Direct","",""
"Achievement_EquipLvUpCount_165_165","Mission","Achievement_EquipLvUpCount_165","HeroList_Direct","",""
"Achievement_EquipLvUpCount_166_166","Mission","Achievement_EquipLvUpCount_166","HeroList_Direct","",""
"Achievement_EquipLvUpCount_167_167","Mission","Achievement_EquipLvUpCount_167","HeroList_Direct","",""
"Achievement_EquipLvUpCount_168_168","Mission","Achievement_EquipLvUpCount_168","HeroList_Direct","",""
"Achievement_EquipLvUpCount_169_169","Mission","Achievement_EquipLvUpCount_169","HeroList_Direct","",""
"Achievement_EquipLvUpCount_170_170","Mission","Achievement_EquipLvUpCount_170","HeroList_Direct","",""
"Achievement_EquipLvUpCount_171_171","Mission","Achievement_EquipLvUpCount_171","HeroList_Direct","",""
"Achievement_EquipLvUpCount_172_172","Mission","Achievement_EquipLvUpCount_172","HeroList_Direct","",""
"Achievement_EquipLvUpCount_173_173","Mission","Achievement_EquipLvUpCount_173","HeroList_Direct","",""
"Achievement_EquipLvUpCount_174_174","Mission","Achievement_EquipLvUpCount_174","HeroList_Direct","",""
"Achievement_EquipLvUpCount_175_175","Mission","Achievement_EquipLvUpCount_175","HeroList_Direct","",""
"Achievement_EquipLvUpCount_176_176","Mission","Achievement_EquipLvUpCount_176","HeroList_Direct","",""
"Achievement_EquipLvUpCount_177_177","Mission","Achievement_EquipLvUpCount_177","HeroList_Direct","",""
"Achievement_EquipLvUpCount_178_178","Mission","Achievement_EquipLvUpCount_178","HeroList_Direct","",""
"Achievement_EquipLvUpCount_179_179","Mission","Achievement_EquipLvUpCount_179","HeroList_Direct","",""
"Achievement_EquipLvUpCount_180_180","Mission","Achievement_EquipLvUpCount_180","HeroList_Direct","",""
"Achievement_EquipLvUpCount_181_181","Mission","Achievement_EquipLvUpCount_181","HeroList_Direct","",""
"Achievement_EquipLvUpCount_182_182","Mission","Achievement_EquipLvUpCount_182","HeroList_Direct","",""
"Achievement_EquipLvUpCount_183_183","Mission","Achievement_EquipLvUpCount_183","HeroList_Direct","",""
"Achievement_EquipLvUpCount_184_184","Mission","Achievement_EquipLvUpCount_184","HeroList_Direct","",""
"Achievement_EquipLvUpCount_185_185","Mission","Achievement_EquipLvUpCount_185","HeroList_Direct","",""
"Achievement_EquipLvUpCount_186_186","Mission","Achievement_EquipLvUpCount_186","HeroList_Direct","",""
"Achievement_EquipLvUpCount_187_187","Mission","Achievement_EquipLvUpCount_187","HeroList_Direct","",""
"Achievement_EquipLvUpCount_188_188","Mission","Achievement_EquipLvUpCount_188","HeroList_Direct","",""
"Achievement_EquipLvUpCount_189_189","Mission","Achievement_EquipLvUpCount_189","HeroList_Direct","",""
"Achievement_EquipLvUpCount_190_190","Mission","Achievement_EquipLvUpCount_190","HeroList_Direct","",""
"Achievement_EquipLvUpCount_191_191","Mission","Achievement_EquipLvUpCount_191","HeroList_Direct","",""
"Achievement_EquipLvUpCount_192_192","Mission","Achievement_EquipLvUpCount_192","HeroList_Direct","",""
"Achievement_EquipLvUpCount_193_193","Mission","Achievement_EquipLvUpCount_193","HeroList_Direct","",""
"Achievement_EquipLvUpCount_194_194","Mission","Achievement_EquipLvUpCount_194","HeroList_Direct","",""
"Achievement_EquipLvUpCount_195_195","Mission","Achievement_EquipLvUpCount_195","HeroList_Direct","",""
"Achievement_EquipLvUpCount_196_196","Mission","Achievement_EquipLvUpCount_196","HeroList_Direct","",""
"Achievement_EquipLvUpCount_197_197","Mission","Achievement_EquipLvUpCount_197","HeroList_Direct","",""
"Achievement_EquipLvUpCount_198_198","Mission","Achievement_EquipLvUpCount_198","HeroList_Direct","",""
"Achievement_EquipLvUpCount_199_199","Mission","Achievement_EquipLvUpCount_199","HeroList_Direct","",""
"Achievement_EquipLvUpCount_200_200","Mission","Achievement_EquipLvUpCount_200","HeroList_Direct","",""
"Achievement_EquipLvUpCount_201_201","Mission","Achievement_EquipLvUpCount_201","HeroList_Direct","",""
"Achievement_EquipLvUpCount_202_202","Mission","Achievement_EquipLvUpCount_202","HeroList_Direct","",""
"Achievement_EquipLvUpCount_203_203","Mission","Achievement_EquipLvUpCount_203","HeroList_Direct","",""
"Achievement_EquipLvUpCount_204_204","Mission","Achievement_EquipLvUpCount_204","HeroList_Direct","",""
"Achievement_EquipLvUpCount_205_205","Mission","Achievement_EquipLvUpCount_205","HeroList_Direct","",""
"Achievement_EquipLvUpCount_206_206","Mission","Achievement_EquipLvUpCount_206","HeroList_Direct","",""
"Achievement_EquipLvUpCount_207_207","Mission","Achievement_EquipLvUpCount_207","HeroList_Direct","",""
"Achievement_EquipLvUpCount_208_208","Mission","Achievement_EquipLvUpCount_208","HeroList_Direct","",""
"Achievement_EquipLvUpCount_209_209","Mission","Achievement_EquipLvUpCount_209","HeroList_Direct","",""
"Achievement_EquipLvUpCount_210_210","Mission","Achievement_EquipLvUpCount_210","HeroList_Direct","",""
"Achievement_EquipLvUpCount_211_211","Mission","Achievement_EquipLvUpCount_211","HeroList_Direct","",""
"Achievement_EquipLvUpCount_212_212","Mission","Achievement_EquipLvUpCount_212","HeroList_Direct","",""
"Achievement_EquipLvUpCount_213_213","Mission","Achievement_EquipLvUpCount_213","HeroList_Direct","",""
"Achievement_EquipLvUpCount_214_214","Mission","Achievement_EquipLvUpCount_214","HeroList_Direct","",""
"Achievement_EquipLvUpCount_215_215","Mission","Achievement_EquipLvUpCount_215","HeroList_Direct","",""
"Achievement_EquipLvUpCount_216_216","Mission","Achievement_EquipLvUpCount_216","HeroList_Direct","",""
"Achievement_EquipLvUpCount_217_217","Mission","Achievement_EquipLvUpCount_217","HeroList_Direct","",""
"Achievement_EquipLvUpCount_218_218","Mission","Achievement_EquipLvUpCount_218","HeroList_Direct","",""
"Achievement_EquipLvUpCount_219_219","Mission","Achievement_EquipLvUpCount_219","HeroList_Direct","",""
"Achievement_EquipLvUpCount_220_220","Mission","Achievement_EquipLvUpCount_220","HeroList_Direct","",""
"Achievement_EquipLvUpCount_221_221","Mission","Achievement_EquipLvUpCount_221","HeroList_Direct","",""
"Achievement_EquipLvUpCount_222_222","Mission","Achievement_EquipLvUpCount_222","HeroList_Direct","",""
"Achievement_EquipLvUpCount_223_223","Mission","Achievement_EquipLvUpCount_223","HeroList_Direct","",""
"Achievement_EquipLvUpCount_224_224","Mission","Achievement_EquipLvUpCount_224","HeroList_Direct","",""
"Achievement_EquipLvUpCount_225_225","Mission","Achievement_EquipLvUpCount_225","HeroList_Direct","",""
"Achievement_EquipLvUpCount_226_226","Mission","Achievement_EquipLvUpCount_226","HeroList_Direct","",""
"Achievement_EquipLvUpCount_227_227","Mission","Achievement_EquipLvUpCount_227","HeroList_Direct","",""
"Achievement_EquipLvUpCount_228_228","Mission","Achievement_EquipLvUpCount_228","HeroList_Direct","",""
"Achievement_EquipLvUpCount_229_229","Mission","Achievement_EquipLvUpCount_229","HeroList_Direct","",""
"Achievement_EquipLvUpCount_230_230","Mission","Achievement_EquipLvUpCount_230","HeroList_Direct","",""
"Achievement_EquipLvUpCount_231_231","Mission","Achievement_EquipLvUpCount_231","HeroList_Direct","",""
"Achievement_EquipLvUpCount_232_232","Mission","Achievement_EquipLvUpCount_232","HeroList_Direct","",""
"Achievement_EquipLvUpCount_233_233","Mission","Achievement_EquipLvUpCount_233","HeroList_Direct","",""
"Achievement_EquipLvUpCount_234_234","Mission","Achievement_EquipLvUpCount_234","HeroList_Direct","",""
"Achievement_EquipLvUpCount_235_235","Mission","Achievement_EquipLvUpCount_235","HeroList_Direct","",""
"Achievement_EquipLvUpCount_236_236","Mission","Achievement_EquipLvUpCount_236","HeroList_Direct","",""
"Achievement_EquipLvUpCount_237_237","Mission","Achievement_EquipLvUpCount_237","HeroList_Direct","",""
"Achievement_EquipLvUpCount_238_238","Mission","Achievement_EquipLvUpCount_238","HeroList_Direct","",""
"Achievement_EquipLvUpCount_239_239","Mission","Achievement_EquipLvUpCount_239","HeroList_Direct","",""
"Achievement_EquipLvUpCount_240_240","Mission","Achievement_EquipLvUpCount_240","HeroList_Direct","",""
"Achievement_EquipLvUpCount_241_241","Mission","Achievement_EquipLvUpCount_241","HeroList_Direct","",""
"Achievement_EquipLvUpCount_242_242","Mission","Achievement_EquipLvUpCount_242","HeroList_Direct","",""
"Achievement_EquipLvUpCount_243_243","Mission","Achievement_EquipLvUpCount_243","HeroList_Direct","",""
"Achievement_EquipLvUpCount_244_244","Mission","Achievement_EquipLvUpCount_244","HeroList_Direct","",""
"Achievement_EquipGradeUpCount_01_01","Mission","Achievement_EquipGradeUpCount_01","HeroList_Direct","",""
"Achievement_EquipGradeUpCount_02_02","Mission","Achievement_EquipGradeUpCount_02","HeroList_Direct","",""
"Achievement_EquipGradeUpCount_03_03","Mission","Achievement_EquipGradeUpCount_03","HeroList_Direct","",""
"Achievement_EquipGradeUpCount_04_04","Mission","Achievement_EquipGradeUpCount_04","HeroList_Direct","",""
"Achievement_EquipGradeUpCount_05_05","Mission","Achievement_EquipGradeUpCount_05","HeroList_Direct","",""
"Achievement_EquipGradeUpCount_06_06","Mission","Achievement_EquipGradeUpCount_06","HeroList_Direct","",""
"Achievement_EquipGradeUpCount_07_07","Mission","Achievement_EquipGradeUpCount_07","HeroList_Direct","",""
"Achievement_EquipGradeUpCount_08_08","Mission","Achievement_EquipGradeUpCount_08","HeroList_Direct","",""
"Achievement_EquipGradeUpCount_09_09","Mission","Achievement_EquipGradeUpCount_09","HeroList_Direct","",""
"Achievement_EquipGradeUpCount_10_10","Mission","Achievement_EquipGradeUpCount_10","HeroList_Direct","",""
"Achievement_EquipGradeUpCount_11_11","Mission","Achievement_EquipGradeUpCount_11","HeroList_Direct","",""
"Achievement_EquipGradeUpCount_12_12","Mission","Achievement_EquipGradeUpCount_12","HeroList_Direct","",""
"Achievement_EquipGradeUpCount_13_13","Mission","Achievement_EquipGradeUpCount_13","HeroList_Direct","",""
"Achievement_EquipGradeUpCount_14_14","Mission","Achievement_EquipGradeUpCount_14","HeroList_Direct","",""
"Achievement_EquipGradeUpCount_15_15","Mission","Achievement_EquipGradeUpCount_15","HeroList_Direct","",""
"Achievement_EquipGradeUpCount_16_16","Mission","Achievement_EquipGradeUpCount_16","HeroList_Direct","",""
"Achievement_EquipGradeUpCount_17_17","Mission","Achievement_EquipGradeUpCount_17","HeroList_Direct","",""
"Achievement_EquipGradeUpCount_18_18","Mission","Achievement_EquipGradeUpCount_18","HeroList_Direct","",""
"Achievement_EquipGradeUpCount_19_19","Mission","Achievement_EquipGradeUpCount_19","HeroList_Direct","",""
"Achievement_EquipGradeUpCount_20_20","Mission","Achievement_EquipGradeUpCount_20","HeroList_Direct","",""
"Achievement_EquipGradeUpCount_21_21","Mission","Achievement_EquipGradeUpCount_21","HeroList_Direct","",""
"Achievement_EquipGradeUpCount_22_22","Mission","Achievement_EquipGradeUpCount_22","HeroList_Direct","",""
"Achievement_EquipGradeUpCount_23_23","Mission","Achievement_EquipGradeUpCount_23","HeroList_Direct","",""
"Achievement_EquipGradeUpCount_24_24","Mission","Achievement_EquipGradeUpCount_24","HeroList_Direct","",""
"Achievement_EquipGradeUpCount_25_25","Mission","Achievement_EquipGradeUpCount_25","HeroList_Direct","",""
"Achievement_EquipGradeUpCount_26_26","Mission","Achievement_EquipGradeUpCount_26","HeroList_Direct","",""
"Achievement_EquipGradeUpCount_27_27","Mission","Achievement_EquipGradeUpCount_27","HeroList_Direct","",""
"Achievement_EquipGradeUpCount_28_28","Mission","Achievement_EquipGradeUpCount_28","HeroList_Direct","",""
"Achievement_EquipGradeUpCount_29_29","Mission","Achievement_EquipGradeUpCount_29","HeroList_Direct","",""
"Achievement_EquipGradeUpCount_30_30","Mission","Achievement_EquipGradeUpCount_30","HeroList_Direct","",""
"Achievement_EquipGradeUpCount_31_31","Mission","Achievement_EquipGradeUpCount_31","HeroList_Direct","",""
"Achievement_EquipGradeUpCount_32_32","Mission","Achievement_EquipGradeUpCount_32","HeroList_Direct","",""
"Achievement_EquipGradeUpCount_33_33","Mission","Achievement_EquipGradeUpCount_33","HeroList_Direct","",""
"Achievement_EquipGradeUpCount_34_34","Mission","Achievement_EquipGradeUpCount_34","HeroList_Direct","",""
"Achievement_EquipGradeUpCount_35_35","Mission","Achievement_EquipGradeUpCount_35","HeroList_Direct","",""
"Achievement_EquipGradeUpCount_36_36","Mission","Achievement_EquipGradeUpCount_36","HeroList_Direct","",""
"Achievement_EquipGradeUpCount_37_37","Mission","Achievement_EquipGradeUpCount_37","HeroList_Direct","",""
"Achievement_EquipGradeUpCount_38_38","Mission","Achievement_EquipGradeUpCount_38","HeroList_Direct","",""
"Achievement_EquipGradeUpCount_39_39","Mission","Achievement_EquipGradeUpCount_39","HeroList_Direct","",""
"Achievement_EquipGradeUpCount_40_40","Mission","Achievement_EquipGradeUpCount_40","HeroList_Direct","",""
"Achievement_EquipGradeUpCount_41_41","Mission","Achievement_EquipGradeUpCount_41","HeroList_Direct","",""
"Achievement_EquipGradeUpCount_42_42","Mission","Achievement_EquipGradeUpCount_42","HeroList_Direct","",""
"Achievement_EquipGradeUpCount_43_43","Mission","Achievement_EquipGradeUpCount_43","HeroList_Direct","",""
"Achievement_EquipGradeUpCount_44_44","Mission","Achievement_EquipGradeUpCount_44","HeroList_Direct","",""
"Achievement_EquipGradeUpCount_45_45","Mission","Achievement_EquipGradeUpCount_45","HeroList_Direct","",""
"Achievement_EquipGradeUpCount_46_46","Mission","Achievement_EquipGradeUpCount_46","HeroList_Direct","",""
"Achievement_EquipGradeUpCount_47_47","Mission","Achievement_EquipGradeUpCount_47","HeroList_Direct","",""
"Achievement_EquipGradeUpCount_48_48","Mission","Achievement_EquipGradeUpCount_48","HeroList_Direct","",""
"Achievement_EquipGradeUpCount_49_49","Mission","Achievement_EquipGradeUpCount_49","HeroList_Direct","",""
"Achievement_EquipGradeUpCount_50_50","Mission","Achievement_EquipGradeUpCount_50","HeroList_Direct","",""
"Achievement_EquipGradeUpCount_51_51","Mission","Achievement_EquipGradeUpCount_51","HeroList_Direct","",""
"Achievement_EquipGradeUpCount_52_52","Mission","Achievement_EquipGradeUpCount_52","HeroList_Direct","",""
"Achievement_EquipGradeUpCount_53_53","Mission","Achievement_EquipGradeUpCount_53","HeroList_Direct","",""
"Achievement_EquipGradeUpCount_54_54","Mission","Achievement_EquipGradeUpCount_54","HeroList_Direct","",""
"Achievement_EquipGradeUpCount_55_55","Mission","Achievement_EquipGradeUpCount_55","HeroList_Direct","",""
"Achievement_EquipGradeUpCount_56_56","Mission","Achievement_EquipGradeUpCount_56","HeroList_Direct","",""
"Achievement_EquipGradeUpCount_57_57","Mission","Achievement_EquipGradeUpCount_57","HeroList_Direct","",""
"Achievement_EquipGradeUpCount_58_58","Mission","Achievement_EquipGradeUpCount_58","HeroList_Direct","",""
"Achievement_EquipGradeUpCount_59_59","Mission","Achievement_EquipGradeUpCount_59","HeroList_Direct","",""
"Achievement_EquipGradeUpCount_60_60","Mission","Achievement_EquipGradeUpCount_60","HeroList_Direct","",""
"Achievement_EquipGradeUpCount_61_61","Mission","Achievement_EquipGradeUpCount_61","HeroList_Direct","",""
"Achievement_EquipGradeUpCount_62_62","Mission","Achievement_EquipGradeUpCount_62","HeroList_Direct","",""
"Achievement_EquipGradeUpCount_63_63","Mission","Achievement_EquipGradeUpCount_63","HeroList_Direct","",""
"Achievement_EquipGradeUpCount_64_64","Mission","Achievement_EquipGradeUpCount_64","HeroList_Direct","",""
"Achievement_EquipGradeUpCount_65_65","Mission","Achievement_EquipGradeUpCount_65","HeroList_Direct","",""
"Achievement_EquipGradeUpCount_66_66","Mission","Achievement_EquipGradeUpCount_66","HeroList_Direct","",""
"Achievement_EquipGradeUpCount_67_67","Mission","Achievement_EquipGradeUpCount_67","HeroList_Direct","",""
"Achievement_EquipGradeUpCount_68_68","Mission","Achievement_EquipGradeUpCount_68","HeroList_Direct","",""
"Achievement_EquipGradeUpCount_69_69","Mission","Achievement_EquipGradeUpCount_69","HeroList_Direct","",""
"Achievement_EquipGradeUpCount_70_70","Mission","Achievement_EquipGradeUpCount_70","HeroList_Direct","",""
"Achievement_EquipGradeUpCount_71_71","Mission","Achievement_EquipGradeUpCount_71","HeroList_Direct","",""
"Achievement_EquipGradeUpCount_72_72","Mission","Achievement_EquipGradeUpCount_72","HeroList_Direct","",""
"Achievement_EquipGradeUpCount_73_73","Mission","Achievement_EquipGradeUpCount_73","HeroList_Direct","",""
"Achievement_EquipGradeUpCount_74_74","Mission","Achievement_EquipGradeUpCount_74","HeroList_Direct","",""
"Achievement_EquipGradeUpCount_75_75","Mission","Achievement_EquipGradeUpCount_75","HeroList_Direct","",""
"Achievement_EquipGradeUpCount_76_76","Mission","Achievement_EquipGradeUpCount_76","HeroList_Direct","",""
"Achievement_EquipGradeUpCount_77_77","Mission","Achievement_EquipGradeUpCount_77","HeroList_Direct","",""
"Achievement_EquipGradeUpCount_78_78","Mission","Achievement_EquipGradeUpCount_78","HeroList_Direct","",""
"Achievement_EquipGradeUpCount_79_79","Mission","Achievement_EquipGradeUpCount_79","HeroList_Direct","",""
"Achievement_EquipGradeUpCount_80_80","Mission","Achievement_EquipGradeUpCount_80","HeroList_Direct","",""
"Achievement_EquipGradeUpCount_81_81","Mission","Achievement_EquipGradeUpCount_81","HeroList_Direct","",""
"Achievement_EquipGradeUpCount_82_82","Mission","Achievement_EquipGradeUpCount_82","HeroList_Direct","",""
"Achievement_EquipGradeUpCount_83_83","Mission","Achievement_EquipGradeUpCount_83","HeroList_Direct","",""
"Achievement_EquipGradeUpCount_84_84","Mission","Achievement_EquipGradeUpCount_84","HeroList_Direct","",""
"Achievement_EquipGradeUpCount_85_85","Mission","Achievement_EquipGradeUpCount_85","HeroList_Direct","",""
"Achievement_EquipGradeUpCount_86_86","Mission","Achievement_EquipGradeUpCount_86","HeroList_Direct","",""
"Achievement_EquipGradeUpCount_87_87","Mission","Achievement_EquipGradeUpCount_87","HeroList_Direct","",""
"Achievement_EquipGradeUpCount_88_88","Mission","Achievement_EquipGradeUpCount_88","HeroList_Direct","",""
"Achievement_EquipGradeUpCount_89_89","Mission","Achievement_EquipGradeUpCount_89","HeroList_Direct","",""
"Achievement_EquipGradeUpCount_90_90","Mission","Achievement_EquipGradeUpCount_90","HeroList_Direct","",""
"Achievement_EquipGradeUpCount_91_91","Mission","Achievement_EquipGradeUpCount_91","HeroList_Direct","",""
"Achievement_EquipGradeUpCount_92_92","Mission","Achievement_EquipGradeUpCount_92","HeroList_Direct","",""
"Achievement_EquipGradeUpCount_93_93","Mission","Achievement_EquipGradeUpCount_93","HeroList_Direct","",""
"Achievement_EquipGradeUpCount_94_94","Mission","Achievement_EquipGradeUpCount_94","HeroList_Direct","",""
"Achievement_EquipGradeUpCount_95_95","Mission","Achievement_EquipGradeUpCount_95","HeroList_Direct","",""
"Achievement_EquipGradeUpCount_96_96","Mission","Achievement_EquipGradeUpCount_96","HeroList_Direct","",""
"Achievement_EquipGradeUpCount_97_97","Mission","Achievement_EquipGradeUpCount_97","HeroList_Direct","",""
"Achievement_EquipGradeUpCount_98_98","Mission","Achievement_EquipGradeUpCount_98","HeroList_Direct","",""
"Achievement_EquipGradeUpCount_99_99","Mission","Achievement_EquipGradeUpCount_99","HeroList_Direct","",""
"Achievement_EquipGradeUpCount_100_100","Mission","Achievement_EquipGradeUpCount_100","HeroList_Direct","",""
"Achievement_EquipGradeUpCount_101_101","Mission","Achievement_EquipGradeUpCount_101","HeroList_Direct","",""
"Achievement_EquipGradeUpCount_102_102","Mission","Achievement_EquipGradeUpCount_102","HeroList_Direct","",""
"Achievement_EquipGradeUpCount_103_103","Mission","Achievement_EquipGradeUpCount_103","HeroList_Direct","",""
"Achievement_EquipGradeUpCount_104_104","Mission","Achievement_EquipGradeUpCount_104","HeroList_Direct","",""
"Achievement_EquipGradeUpCount_105_105","Mission","Achievement_EquipGradeUpCount_105","HeroList_Direct","",""
"Achievement_EquipGradeUpCount_106_106","Mission","Achievement_EquipGradeUpCount_106","HeroList_Direct","",""
"Achievement_EquipGradeUpCount_107_107","Mission","Achievement_EquipGradeUpCount_107","HeroList_Direct","",""
"Achievement_EquipGradeUpCount_108_108","Mission","Achievement_EquipGradeUpCount_108","HeroList_Direct","",""
"Achievement_EquipGradeUpCount_109_109","Mission","Achievement_EquipGradeUpCount_109","HeroList_Direct","",""
"Achievement_EquipGradeUpCount_110_110","Mission","Achievement_EquipGradeUpCount_110","HeroList_Direct","",""
"Achievement_EquipGradeUpCount_111_111","Mission","Achievement_EquipGradeUpCount_111","HeroList_Direct","",""
"Achievement_EquipGradeUpCount_112_112","Mission","Achievement_EquipGradeUpCount_112","HeroList_Direct","",""
"Achievement_EquipGradeUpCount_113_113","Mission","Achievement_EquipGradeUpCount_113","HeroList_Direct","",""
"Achievement_EquipGradeUpCount_114_114","Mission","Achievement_EquipGradeUpCount_114","HeroList_Direct","",""
"Achievement_EquipGradeUpCount_115_115","Mission","Achievement_EquipGradeUpCount_115","HeroList_Direct","",""
"Achievement_EquipGradeUpCount_116_116","Mission","Achievement_EquipGradeUpCount_116","HeroList_Direct","",""
"Achievement_EquipGradeUpCount_117_117","Mission","Achievement_EquipGradeUpCount_117","HeroList_Direct","",""
"Achievement_EquipGradeUpCount_118_118","Mission","Achievement_EquipGradeUpCount_118","HeroList_Direct","",""
"Achievement_EquipGradeUpCount_119_119","Mission","Achievement_EquipGradeUpCount_119","HeroList_Direct","",""
"Achievement_EquipGradeUpCount_120_120","Mission","Achievement_EquipGradeUpCount_120","HeroList_Direct","",""
"Achievement_EquipGradeUpCount_121_121","Mission","Achievement_EquipGradeUpCount_121","HeroList_Direct","",""
"Achievement_EquipGradeUpCount_122_122","Mission","Achievement_EquipGradeUpCount_122","HeroList_Direct","",""
"Achievement_EquipGradeUpCount_123_123","Mission","Achievement_EquipGradeUpCount_123","HeroList_Direct","",""
"Achievement_EquipGradeUpCount_124_124","Mission","Achievement_EquipGradeUpCount_124","HeroList_Direct","",""
"Achievement_EquipGradeUpCount_125_125","Mission","Achievement_EquipGradeUpCount_125","HeroList_Direct","",""
"Achievement_EquipGradeUpCount_126_126","Mission","Achievement_EquipGradeUpCount_126","HeroList_Direct","",""
"Achievement_EquipGradeUpCount_127_127","Mission","Achievement_EquipGradeUpCount_127","HeroList_Direct","",""
"Achievement_EquipGradeUpCount_128_128","Mission","Achievement_EquipGradeUpCount_128","HeroList_Direct","",""
"Achievement_EquipGradeUpCount_129_129","Mission","Achievement_EquipGradeUpCount_129","HeroList_Direct","",""
"Achievement_EquipGradeUpCount_130_130","Mission","Achievement_EquipGradeUpCount_130","HeroList_Direct","",""
"Achievement_EquipGradeUpCount_131_131","Mission","Achievement_EquipGradeUpCount_131","HeroList_Direct","",""
"Achievement_EquipGradeUpCount_132_132","Mission","Achievement_EquipGradeUpCount_132","HeroList_Direct","",""
"Achievement_EquipGradeUpCount_133_133","Mission","Achievement_EquipGradeUpCount_133","HeroList_Direct","",""
"Achievement_EquipGradeUpCount_134_134","Mission","Achievement_EquipGradeUpCount_134","HeroList_Direct","",""
"Achievement_EquipGradeUpCount_135_135","Mission","Achievement_EquipGradeUpCount_135","HeroList_Direct","",""
"Achievement_EquipGradeUpCount_136_136","Mission","Achievement_EquipGradeUpCount_136","HeroList_Direct","",""
"Achievement_EquipGradeUpCount_137_137","Mission","Achievement_EquipGradeUpCount_137","HeroList_Direct","",""
"Achievement_EquipGradeUpCount_138_138","Mission","Achievement_EquipGradeUpCount_138","HeroList_Direct","",""
"Achievement_EquipGradeUpCount_139_139","Mission","Achievement_EquipGradeUpCount_139","HeroList_Direct","",""
"Achievement_EquipGradeUpCount_140_140","Mission","Achievement_EquipGradeUpCount_140","HeroList_Direct","",""
"Achievement_EquipGradeUpCount_141_141","Mission","Achievement_EquipGradeUpCount_141","HeroList_Direct","",""
"Achievement_EquipGradeUpCount_142_142","Mission","Achievement_EquipGradeUpCount_142","HeroList_Direct","",""
"Achievement_EquipGradeUpCount_143_143","Mission","Achievement_EquipGradeUpCount_143","HeroList_Direct","",""
"Achievement_EquipGradeUpCount_144_144","Mission","Achievement_EquipGradeUpCount_144","HeroList_Direct","",""
"Achievement_EquipGradeUpCount_145_145","Mission","Achievement_EquipGradeUpCount_145","HeroList_Direct","",""
"Achievement_EquipGradeUpCount_146_146","Mission","Achievement_EquipGradeUpCount_146","HeroList_Direct","",""
"Achievement_EquipGradeUpCount_147_147","Mission","Achievement_EquipGradeUpCount_147","HeroList_Direct","",""
"Achievement_EquipGradeUpCount_148_148","Mission","Achievement_EquipGradeUpCount_148","HeroList_Direct","",""
"Achievement_EquipGradeUpCount_149_149","Mission","Achievement_EquipGradeUpCount_149","HeroList_Direct","",""
"Achievement_EquipGradeUpCount_150_150","Mission","Achievement_EquipGradeUpCount_150","HeroList_Direct","",""
"Achievement_EquipGradeUpCount_151_151","Mission","Achievement_EquipGradeUpCount_151","HeroList_Direct","",""
"Achievement_EquipGradeUpCount_152_152","Mission","Achievement_EquipGradeUpCount_152","HeroList_Direct","",""
"Achievement_EquipGradeUpCount_153_153","Mission","Achievement_EquipGradeUpCount_153","HeroList_Direct","",""
"Achievement_EquipGradeUpCount_154_154","Mission","Achievement_EquipGradeUpCount_154","HeroList_Direct","",""
"Achievement_EquipGradeUpCount_155_155","Mission","Achievement_EquipGradeUpCount_155","HeroList_Direct","",""
"Achievement_EquipGradeUpCount_156_156","Mission","Achievement_EquipGradeUpCount_156","HeroList_Direct","",""
"Achievement_EquipGradeUpCount_157_157","Mission","Achievement_EquipGradeUpCount_157","HeroList_Direct","",""
"Achievement_EquipGradeUpCount_158_158","Mission","Achievement_EquipGradeUpCount_158","HeroList_Direct","",""
"Achievement_EquipGradeUpCount_159_159","Mission","Achievement_EquipGradeUpCount_159","HeroList_Direct","",""
"Achievement_EquipGradeUpCount_160_160","Mission","Achievement_EquipGradeUpCount_160","HeroList_Direct","",""
"Achievement_EquipGradeUpCount_161_161","Mission","Achievement_EquipGradeUpCount_161","HeroList_Direct","",""
"Achievement_EquipGradeUpCount_162_162","Mission","Achievement_EquipGradeUpCount_162","HeroList_Direct","",""
"Achievement_EquipGradeUpCount_163_163","Mission","Achievement_EquipGradeUpCount_163","HeroList_Direct","",""
"Achievement_EquipGradeUpCount_164_164","Mission","Achievement_EquipGradeUpCount_164","HeroList_Direct","",""
"Achievement_EquipGradeUpCount_165_165","Mission","Achievement_EquipGradeUpCount_165","HeroList_Direct","",""
"Achievement_EquipGradeUpCount_166_166","Mission","Achievement_EquipGradeUpCount_166","HeroList_Direct","",""
"Achievement_EquipGradeUpCount_167_167","Mission","Achievement_EquipGradeUpCount_167","HeroList_Direct","",""
"Achievement_EquipGradeUpCount_168_168","Mission","Achievement_EquipGradeUpCount_168","HeroList_Direct","",""
"Achievement_EquipGradeUpCount_169_169","Mission","Achievement_EquipGradeUpCount_169","HeroList_Direct","",""
"Achievement_EquipGradeUpCount_170_170","Mission","Achievement_EquipGradeUpCount_170","HeroList_Direct","",""
"Achievement_EquipGradeUpCount_171_171","Mission","Achievement_EquipGradeUpCount_171","HeroList_Direct","",""
"Achievement_EquipGradeUpCount_172_172","Mission","Achievement_EquipGradeUpCount_172","HeroList_Direct","",""
"Achievement_EquipGradeUpCount_173_173","Mission","Achievement_EquipGradeUpCount_173","HeroList_Direct","",""
"Achievement_EquipGradeUpCount_174_174","Mission","Achievement_EquipGradeUpCount_174","HeroList_Direct","",""
"Achievement_EquipGradeUpCount_175_175","Mission","Achievement_EquipGradeUpCount_175","HeroList_Direct","",""
"Achievement_EquipGradeUpCount_176_176","Mission","Achievement_EquipGradeUpCount_176","HeroList_Direct","",""
"Achievement_EquipGradeUpCount_177_177","Mission","Achievement_EquipGradeUpCount_177","HeroList_Direct","",""
"Achievement_EquipGradeUpCount_178_178","Mission","Achievement_EquipGradeUpCount_178","HeroList_Direct","",""
"Achievement_EquipGradeUpCount_179_179","Mission","Achievement_EquipGradeUpCount_179","HeroList_Direct","",""
"Achievement_EquipGradeUpCount_180_180","Mission","Achievement_EquipGradeUpCount_180","HeroList_Direct","",""
"Achievement_EquipGradeUpCount_181_181","Mission","Achievement_EquipGradeUpCount_181","HeroList_Direct","",""
"Achievement_EquipGradeUpCount_182_182","Mission","Achievement_EquipGradeUpCount_182","HeroList_Direct","",""
"Achievement_EquipGradeUpCount_183_183","Mission","Achievement_EquipGradeUpCount_183","HeroList_Direct","",""
"Achievement_EquipGradeUpCount_184_184","Mission","Achievement_EquipGradeUpCount_184","HeroList_Direct","",""
"Achievement_EquipGradeUpCount_185_185","Mission","Achievement_EquipGradeUpCount_185","HeroList_Direct","",""
"Achievement_EquipGradeUpCount_186_186","Mission","Achievement_EquipGradeUpCount_186","HeroList_Direct","",""
"Achievement_EquipGradeUpCount_187_187","Mission","Achievement_EquipGradeUpCount_187","HeroList_Direct","",""
"Achievement_EquipGradeUpCount_188_188","Mission","Achievement_EquipGradeUpCount_188","HeroList_Direct","",""
"Achievement_EquipGradeUpCount_189_189","Mission","Achievement_EquipGradeUpCount_189","HeroList_Direct","",""
"Achievement_EquipGradeUpCount_190_190","Mission","Achievement_EquipGradeUpCount_190","HeroList_Direct","",""
"Achievement_EquipGradeUpCount_191_191","Mission","Achievement_EquipGradeUpCount_191","HeroList_Direct","",""
"Achievement_EquipGradeUpCount_192_192","Mission","Achievement_EquipGradeUpCount_192","HeroList_Direct","",""
"Achievement_EquipGradeUpCount_193_193","Mission","Achievement_EquipGradeUpCount_193","HeroList_Direct","",""
"Achievement_EquipGradeUpCount_194_194","Mission","Achievement_EquipGradeUpCount_194","HeroList_Direct","",""
"Achievement_EquipGradeUpCount_195_195","Mission","Achievement_EquipGradeUpCount_195","HeroList_Direct","",""
"Achievement_EquipGradeUpCount_196_196","Mission","Achievement_EquipGradeUpCount_196","HeroList_Direct","",""
"Achievement_EquipGradeUpCount_197_197","Mission","Achievement_EquipGradeUpCount_197","HeroList_Direct","",""
"Achievement_EquipGradeUpCount_198_198","Mission","Achievement_EquipGradeUpCount_198","HeroList_Direct","",""
"Achievement_EquipGradeUpCount_199_199","Mission","Achievement_EquipGradeUpCount_199","HeroList_Direct","",""
"Achievement_EquipGradeUpCount_200_200","Mission","Achievement_EquipGradeUpCount_200","HeroList_Direct","",""
"Achievement_EquipGradeUpCount_201_201","Mission","Achievement_EquipGradeUpCount_201","HeroList_Direct","",""
"Achievement_HeroSkillLvUpCount_01_01","Mission","Achievement_HeroSkillLvUpCount_01","HeroList_Direct","",""
"Achievement_HeroSkillLvUpCount_02_02","Mission","Achievement_HeroSkillLvUpCount_02","HeroList_Direct","",""
"Achievement_HeroSkillLvUpCount_03_03","Mission","Achievement_HeroSkillLvUpCount_03","HeroList_Direct","",""
"Achievement_HeroSkillLvUpCount_04_04","Mission","Achievement_HeroSkillLvUpCount_04","HeroList_Direct","",""
"Achievement_HeroSkillLvUpCount_05_05","Mission","Achievement_HeroSkillLvUpCount_05","HeroList_Direct","",""
"Achievement_HeroSkillLvUpCount_06_06","Mission","Achievement_HeroSkillLvUpCount_06","HeroList_Direct","",""
"Achievement_HeroSkillLvUpCount_07_07","Mission","Achievement_HeroSkillLvUpCount_07","HeroList_Direct","",""
"Achievement_HeroSkillLvUpCount_08_08","Mission","Achievement_HeroSkillLvUpCount_08","HeroList_Direct","",""
"Achievement_HeroSkillLvUpCount_09_09","Mission","Achievement_HeroSkillLvUpCount_09","HeroList_Direct","",""
"Achievement_HeroSkillLvUpCount_10_10","Mission","Achievement_HeroSkillLvUpCount_10","HeroList_Direct","",""
"Achievement_HeroSkillLvUpCount_11_11","Mission","Achievement_HeroSkillLvUpCount_11","HeroList_Direct","",""
"Achievement_HeroSkillLvUpCount_12_12","Mission","Achievement_HeroSkillLvUpCount_12","HeroList_Direct","",""
"Achievement_HeroSkillLvUpCount_13_13","Mission","Achievement_HeroSkillLvUpCount_13","HeroList_Direct","",""
"Achievement_HeroSkillLvUpCount_14_14","Mission","Achievement_HeroSkillLvUpCount_14","HeroList_Direct","",""
"Achievement_HeroSkillLvUpCount_15_15","Mission","Achievement_HeroSkillLvUpCount_15","HeroList_Direct","",""
"Achievement_HeroSkillLvUpCount_16_16","Mission","Achievement_HeroSkillLvUpCount_16","HeroList_Direct","",""
"Achievement_HeroSkillLvUpCount_17_17","Mission","Achievement_HeroSkillLvUpCount_17","HeroList_Direct","",""
"Achievement_HeroSkillLvUpCount_18_18","Mission","Achievement_HeroSkillLvUpCount_18","HeroList_Direct","",""
"Achievement_HeroSkillLvUpCount_19_19","Mission","Achievement_HeroSkillLvUpCount_19","HeroList_Direct","",""
"Achievement_HeroSkillLvUpCount_20_20","Mission","Achievement_HeroSkillLvUpCount_20","HeroList_Direct","",""
"Achievement_HeroSkillLvUpCount_21_21","Mission","Achievement_HeroSkillLvUpCount_21","HeroList_Direct","",""
"Achievement_HeroSkillLvUpCount_22_22","Mission","Achievement_HeroSkillLvUpCount_22","HeroList_Direct","",""
"Achievement_HeroSkillLvUpCount_23_23","Mission","Achievement_HeroSkillLvUpCount_23","HeroList_Direct","",""
"Achievement_HeroSkillLvUpCount_24_24","Mission","Achievement_HeroSkillLvUpCount_24","HeroList_Direct","",""
"Achievement_HeroSkillLvUpCount_25_25","Mission","Achievement_HeroSkillLvUpCount_25","HeroList_Direct","",""
"Achievement_HeroSkillLvUpCount_26_26","Mission","Achievement_HeroSkillLvUpCount_26","HeroList_Direct","",""
"Achievement_HeroSkillLvUpCount_27_27","Mission","Achievement_HeroSkillLvUpCount_27","HeroList_Direct","",""
"Achievement_HeroSkillLvUpCount_28_28","Mission","Achievement_HeroSkillLvUpCount_28","HeroList_Direct","",""
"Achievement_HeroSkillLvUpCount_29_29","Mission","Achievement_HeroSkillLvUpCount_29","HeroList_Direct","",""
"Achievement_HeroSkillLvUpCount_30_30","Mission","Achievement_HeroSkillLvUpCount_30","HeroList_Direct","",""
"Achievement_HeroSkillLvUpCount_31_31","Mission","Achievement_HeroSkillLvUpCount_31","HeroList_Direct","",""
"Achievement_HeroSkillLvUpCount_32_32","Mission","Achievement_HeroSkillLvUpCount_32","HeroList_Direct","",""
"Achievement_HeroSkillLvUpCount_33_33","Mission","Achievement_HeroSkillLvUpCount_33","HeroList_Direct","",""
"Achievement_HeroSkillLvUpCount_34_34","Mission","Achievement_HeroSkillLvUpCount_34","HeroList_Direct","",""
"Achievement_HeroSkillLvUpCount_35_35","Mission","Achievement_HeroSkillLvUpCount_35","HeroList_Direct","",""
"Achievement_HeroSkillLvUpCount_36_36","Mission","Achievement_HeroSkillLvUpCount_36","HeroList_Direct","",""
"Achievement_HeroSkillLvUpCount_37_37","Mission","Achievement_HeroSkillLvUpCount_37","HeroList_Direct","",""
"Achievement_HeroSkillLvUpCount_38_38","Mission","Achievement_HeroSkillLvUpCount_38","HeroList_Direct","",""
"Achievement_HeroSkillLvUpCount_39_39","Mission","Achievement_HeroSkillLvUpCount_39","HeroList_Direct","",""
"Achievement_HeroSkillLvUpCount_40_40","Mission","Achievement_HeroSkillLvUpCount_40","HeroList_Direct","",""
"Achievement_HeroSkillLvUpCount_41_41","Mission","Achievement_HeroSkillLvUpCount_41","HeroList_Direct","",""
"Achievement_HeroSkillLvUpCount_42_42","Mission","Achievement_HeroSkillLvUpCount_42","HeroList_Direct","",""
"Achievement_HeroSkillLvUpCount_43_43","Mission","Achievement_HeroSkillLvUpCount_43","HeroList_Direct","",""
"Achievement_HeroSkillLvUpCount_44_44","Mission","Achievement_HeroSkillLvUpCount_44","HeroList_Direct","",""
"Achievement_HeroSkillLvUpCount_45_45","Mission","Achievement_HeroSkillLvUpCount_45","HeroList_Direct","",""
"Achievement_HeroSkillLvUpCount_46_46","Mission","Achievement_HeroSkillLvUpCount_46","HeroList_Direct","",""
"Achievement_HeroSkillLvUpCount_47_47","Mission","Achievement_HeroSkillLvUpCount_47","HeroList_Direct","",""
"Achievement_HeroSkillLvUpCount_48_48","Mission","Achievement_HeroSkillLvUpCount_48","HeroList_Direct","",""
"Achievement_HeroSkillLvUpCount_49_49","Mission","Achievement_HeroSkillLvUpCount_49","HeroList_Direct","",""
"Achievement_HeroSkillLvUpCount_50_50","Mission","Achievement_HeroSkillLvUpCount_50","HeroList_Direct","",""
"Achievement_HeroSkillLvUpCount_51_51","Mission","Achievement_HeroSkillLvUpCount_51","HeroList_Direct","",""
"Achievement_HeroSkillLvUpCount_52_52","Mission","Achievement_HeroSkillLvUpCount_52","HeroList_Direct","",""
"Achievement_HeroSkillLvUpCount_53_53","Mission","Achievement_HeroSkillLvUpCount_53","HeroList_Direct","",""
"Achievement_HeroSkillLvUpCount_54_54","Mission","Achievement_HeroSkillLvUpCount_54","HeroList_Direct","",""
"Achievement_HeroSkillLvUpCount_55_55","Mission","Achievement_HeroSkillLvUpCount_55","HeroList_Direct","",""
"Achievement_HeroSkillLvUpCount_56_56","Mission","Achievement_HeroSkillLvUpCount_56","HeroList_Direct","",""
"Achievement_HeroSkillLvUpCount_57_57","Mission","Achievement_HeroSkillLvUpCount_57","HeroList_Direct","",""
"Achievement_HeroSkillLvUpCount_58_58","Mission","Achievement_HeroSkillLvUpCount_58","HeroList_Direct","",""
"Achievement_HeroSkillLvUpCount_59_59","Mission","Achievement_HeroSkillLvUpCount_59","HeroList_Direct","",""
"Achievement_HeroSkillLvUpCount_60_60","Mission","Achievement_HeroSkillLvUpCount_60","HeroList_Direct","",""
"Achievement_HeroSkillLvUpCount_61_61","Mission","Achievement_HeroSkillLvUpCount_61","HeroList_Direct","",""
"Achievement_HeroSkillLvUpCount_62_62","Mission","Achievement_HeroSkillLvUpCount_62","HeroList_Direct","",""
"Achievement_HeroSkillLvUpCount_63_63","Mission","Achievement_HeroSkillLvUpCount_63","HeroList_Direct","",""
"Achievement_HeroSkillLvUpCount_64_64","Mission","Achievement_HeroSkillLvUpCount_64","HeroList_Direct","",""
"Achievement_HeroSkillLvUpCount_65_65","Mission","Achievement_HeroSkillLvUpCount_65","HeroList_Direct","",""
"Achievement_HeroSkillLvUpCount_66_66","Mission","Achievement_HeroSkillLvUpCount_66","HeroList_Direct","",""
"Achievement_HeroSkillLvUpCount_67_67","Mission","Achievement_HeroSkillLvUpCount_67","HeroList_Direct","",""
"Achievement_HeroSkillLvUpCount_68_68","Mission","Achievement_HeroSkillLvUpCount_68","HeroList_Direct","",""
"Achievement_HeroSkillLvUpCount_69_69","Mission","Achievement_HeroSkillLvUpCount_69","HeroList_Direct","",""
"Achievement_HeroSkillLvUpCount_70_70","Mission","Achievement_HeroSkillLvUpCount_70","HeroList_Direct","",""
"Achievement_HeroSkillLvUpCount_71_71","Mission","Achievement_HeroSkillLvUpCount_71","HeroList_Direct","",""
"Achievement_HeroSkillLvUpCount_72_72","Mission","Achievement_HeroSkillLvUpCount_72","HeroList_Direct","",""
"Achievement_HeroSkillLvUpCount_73_73","Mission","Achievement_HeroSkillLvUpCount_73","HeroList_Direct","",""
"Achievement_HeroSkillLvUpCount_74_74","Mission","Achievement_HeroSkillLvUpCount_74","HeroList_Direct","",""
"Achievement_HeroSkillLvUpCount_75_75","Mission","Achievement_HeroSkillLvUpCount_75","HeroList_Direct","",""
"Achievement_HeroSkillLvUpCount_76_76","Mission","Achievement_HeroSkillLvUpCount_76","HeroList_Direct","",""
"Achievement_HeroSkillLvUpCount_77_77","Mission","Achievement_HeroSkillLvUpCount_77","HeroList_Direct","",""
"Achievement_HeroSkillLvUpCount_78_78","Mission","Achievement_HeroSkillLvUpCount_78","HeroList_Direct","",""
"Achievement_HeroSkillLvUpCount_79_79","Mission","Achievement_HeroSkillLvUpCount_79","HeroList_Direct","",""
"Achievement_HeroSkillLvUpCount_80_80","Mission","Achievement_HeroSkillLvUpCount_80","HeroList_Direct","",""
"Achievement_HeroSkillLvUpCount_81_81","Mission","Achievement_HeroSkillLvUpCount_81","HeroList_Direct","",""
"Achievement_HeroSkillLvUpCount_82_82","Mission","Achievement_HeroSkillLvUpCount_82","HeroList_Direct","",""
"Achievement_HeroSkillLvUpCount_83_83","Mission","Achievement_HeroSkillLvUpCount_83","HeroList_Direct","",""
"Achievement_HeroSkillLvUpCount_84_84","Mission","Achievement_HeroSkillLvUpCount_84","HeroList_Direct","",""
"Achievement_HeroSkillLvUpCount_85_85","Mission","Achievement_HeroSkillLvUpCount_85","HeroList_Direct","",""
"Achievement_HeroSkillLvUpCount_86_86","Mission","Achievement_HeroSkillLvUpCount_86","HeroList_Direct","",""
"Achievement_HeroSkillLvUpCount_87_87","Mission","Achievement_HeroSkillLvUpCount_87","HeroList_Direct","",""
"Achievement_HeroSkillLvUpCount_88_88","Mission","Achievement_HeroSkillLvUpCount_88","HeroList_Direct","",""
"Achievement_HeroSkillLvUpCount_89_89","Mission","Achievement_HeroSkillLvUpCount_89","HeroList_Direct","",""
"Achievement_HeroSkillLvUpCount_90_90","Mission","Achievement_HeroSkillLvUpCount_90","HeroList_Direct","",""
"Achievement_HeroSkillLvUpCount_91_91","Mission","Achievement_HeroSkillLvUpCount_91","HeroList_Direct","",""
"Achievement_HeroSkillLvUpCount_92_92","Mission","Achievement_HeroSkillLvUpCount_92","HeroList_Direct","",""
"Achievement_HeroSkillLvUpCount_93_93","Mission","Achievement_HeroSkillLvUpCount_93","HeroList_Direct","",""
"Achievement_HeroSkillLvUpCount_94_94","Mission","Achievement_HeroSkillLvUpCount_94","HeroList_Direct","",""
"Achievement_HeroSkillLvUpCount_95_95","Mission","Achievement_HeroSkillLvUpCount_95","HeroList_Direct","",""
"Achievement_HeroSkillLvUpCount_96_96","Mission","Achievement_HeroSkillLvUpCount_96","HeroList_Direct","",""
"Achievement_HeroSkillLvUpCount_97_97","Mission","Achievement_HeroSkillLvUpCount_97","HeroList_Direct","",""
"Achievement_HeroSkillLvUpCount_98_98","Mission","Achievement_HeroSkillLvUpCount_98","HeroList_Direct","",""
"Achievement_HeroSkillLvUpCount_99_99","Mission","Achievement_HeroSkillLvUpCount_99","HeroList_Direct","",""
"Achievement_HeroSkillLvUpCount_100_100","Mission","Achievement_HeroSkillLvUpCount_100","HeroList_Direct","",""
"Achievement_HeroSkillLvUpCount_101_101","Mission","Achievement_HeroSkillLvUpCount_101","HeroList_Direct","",""
"Achievement_HeroSkillLvUpCount_102_102","Mission","Achievement_HeroSkillLvUpCount_102","HeroList_Direct","",""
"Achievement_HeroSkillLvUpCount_103_103","Mission","Achievement_HeroSkillLvUpCount_103","HeroList_Direct","",""
"Achievement_HeroSkillLvUpCount_104_104","Mission","Achievement_HeroSkillLvUpCount_104","HeroList_Direct","",""
"Achievement_HeroSkillLvUpCount_105_105","Mission","Achievement_HeroSkillLvUpCount_105","HeroList_Direct","",""
"Achievement_HeroSkillLvUpCount_106_106","Mission","Achievement_HeroSkillLvUpCount_106","HeroList_Direct","",""
"Achievement_HeroSkillLvUpCount_107_107","Mission","Achievement_HeroSkillLvUpCount_107","HeroList_Direct","",""
"Achievement_HeroSkillLvUpCount_108_108","Mission","Achievement_HeroSkillLvUpCount_108","HeroList_Direct","",""
"Achievement_HeroSkillLvUpCount_109_109","Mission","Achievement_HeroSkillLvUpCount_109","HeroList_Direct","",""
"Achievement_HeroSkillLvUpCount_110_110","Mission","Achievement_HeroSkillLvUpCount_110","HeroList_Direct","",""
"Achievement_HeroSkillLvUpCount_111_111","Mission","Achievement_HeroSkillLvUpCount_111","HeroList_Direct","",""
"Achievement_HeroSkillLvUpCount_112_112","Mission","Achievement_HeroSkillLvUpCount_112","HeroList_Direct","",""
"Achievement_HeroSkillLvUpCount_113_113","Mission","Achievement_HeroSkillLvUpCount_113","HeroList_Direct","",""
"Achievement_HeroSkillLvUpCount_114_114","Mission","Achievement_HeroSkillLvUpCount_114","HeroList_Direct","",""
"Achievement_HeroSkillLvUpCount_115_115","Mission","Achievement_HeroSkillLvUpCount_115","HeroList_Direct","",""
"Achievement_HeroSkillLvUpCount_116_116","Mission","Achievement_HeroSkillLvUpCount_116","HeroList_Direct","",""
"Achievement_HeroSkillLvUpCount_117_117","Mission","Achievement_HeroSkillLvUpCount_117","HeroList_Direct","",""
"Achievement_HeroSkillLvUpCount_118_118","Mission","Achievement_HeroSkillLvUpCount_118","HeroList_Direct","",""
"Achievement_HeroSkillLvUpCount_119_119","Mission","Achievement_HeroSkillLvUpCount_119","HeroList_Direct","",""
"Achievement_HeroSkillLvUpCount_120_120","Mission","Achievement_HeroSkillLvUpCount_120","HeroList_Direct","",""
"Achievement_HeroSkillLvUpCount_121_121","Mission","Achievement_HeroSkillLvUpCount_121","HeroList_Direct","",""
"Achievement_HeroSkillLvUpCount_122_122","Mission","Achievement_HeroSkillLvUpCount_122","HeroList_Direct","",""
"Achievement_HeroSkillLvUpCount_123_123","Mission","Achievement_HeroSkillLvUpCount_123","HeroList_Direct","",""
"Achievement_HeroSkillLvUpCount_124_124","Mission","Achievement_HeroSkillLvUpCount_124","HeroList_Direct","",""
"Achievement_HeroSkillLvUpCount_125_125","Mission","Achievement_HeroSkillLvUpCount_125","HeroList_Direct","",""
"Achievement_HeroSkillLvUpCount_126_126","Mission","Achievement_HeroSkillLvUpCount_126","HeroList_Direct","",""
"Achievement_HeroSkillLvUpCount_127_127","Mission","Achievement_HeroSkillLvUpCount_127","HeroList_Direct","",""
"Achievement_HeroSkillLvUpCount_128_128","Mission","Achievement_HeroSkillLvUpCount_128","HeroList_Direct","",""
"Achievement_HeroSkillLvUpCount_129_129","Mission","Achievement_HeroSkillLvUpCount_129","HeroList_Direct","",""
"Achievement_HeroSkillLvUpCount_130_130","Mission","Achievement_HeroSkillLvUpCount_130","HeroList_Direct","",""
"Achievement_HeroSkillLvUpCount_131_131","Mission","Achievement_HeroSkillLvUpCount_131","HeroList_Direct","",""
"Achievement_HeroSkillLvUpCount_132_132","Mission","Achievement_HeroSkillLvUpCount_132","HeroList_Direct","",""
"Achievement_HeroSkillLvUpCount_133_133","Mission","Achievement_HeroSkillLvUpCount_133","HeroList_Direct","",""
"Achievement_HeroSkillLvUpCount_134_134","Mission","Achievement_HeroSkillLvUpCount_134","HeroList_Direct","",""
"Achievement_HeroSkillLvUpCount_135_135","Mission","Achievement_HeroSkillLvUpCount_135","HeroList_Direct","",""
"Achievement_HeroSkillLvUpCount_136_136","Mission","Achievement_HeroSkillLvUpCount_136","HeroList_Direct","",""
"Achievement_HeroSkillLvUpCount_137_137","Mission","Achievement_HeroSkillLvUpCount_137","HeroList_Direct","",""
"Achievement_HeroSkillLvUpCount_138_138","Mission","Achievement_HeroSkillLvUpCount_138","HeroList_Direct","",""
"Achievement_HeroSkillLvUpCount_139_139","Mission","Achievement_HeroSkillLvUpCount_139","HeroList_Direct","",""
"Achievement_HeroSkillLvUpCount_140_140","Mission","Achievement_HeroSkillLvUpCount_140","HeroList_Direct","",""
"Achievement_HeroSkillLvUpCount_141_141","Mission","Achievement_HeroSkillLvUpCount_141","HeroList_Direct","",""
"Achievement_HeroSkillLvUpCount_142_142","Mission","Achievement_HeroSkillLvUpCount_142","HeroList_Direct","",""
"Achievement_HeroSkillLvUpCount_143_143","Mission","Achievement_HeroSkillLvUpCount_143","HeroList_Direct","",""
"Achievement_HeroSkillLvUpCount_144_144","Mission","Achievement_HeroSkillLvUpCount_144","HeroList_Direct","",""
"Achievement_HeroSkillLvUpCount_145_145","Mission","Achievement_HeroSkillLvUpCount_145","HeroList_Direct","",""
"Achievement_HeroSkillLvUpCount_146_146","Mission","Achievement_HeroSkillLvUpCount_146","HeroList_Direct","",""
"Achievement_HeroSkillLvUpCount_147_147","Mission","Achievement_HeroSkillLvUpCount_147","HeroList_Direct","",""
"Achievement_HeroSkillLvUpCount_148_148","Mission","Achievement_HeroSkillLvUpCount_148","HeroList_Direct","",""
"Achievement_HeroSkillLvUpCount_149_149","Mission","Achievement_HeroSkillLvUpCount_149","HeroList_Direct","",""
"Achievement_HeroSkillLvUpCount_150_150","Mission","Achievement_HeroSkillLvUpCount_150","HeroList_Direct","",""
"Achievement_HeroSkillLvUpCount_151_151","Mission","Achievement_HeroSkillLvUpCount_151","HeroList_Direct","",""
"Achievement_HeroSkillLvUpCount_152_152","Mission","Achievement_HeroSkillLvUpCount_152","HeroList_Direct","",""
"Achievement_HeroSkillLvUpCount_153_153","Mission","Achievement_HeroSkillLvUpCount_153","HeroList_Direct","",""
"Achievement_HeroSkillLvUpCount_154_154","Mission","Achievement_HeroSkillLvUpCount_154","HeroList_Direct","",""
"Achievement_HeroSkillLvUpCount_155_155","Mission","Achievement_HeroSkillLvUpCount_155","HeroList_Direct","",""
"Achievement_HeroSkillLvUpCount_156_156","Mission","Achievement_HeroSkillLvUpCount_156","HeroList_Direct","",""
"Achievement_HeroSkillLvUpCount_157_157","Mission","Achievement_HeroSkillLvUpCount_157","HeroList_Direct","",""
"Achievement_HeroSkillLvUpCount_158_158","Mission","Achievement_HeroSkillLvUpCount_158","HeroList_Direct","",""
"Achievement_HeroSkillLvUpCount_159_159","Mission","Achievement_HeroSkillLvUpCount_159","HeroList_Direct","",""
"Achievement_HeroSkillLvUpCount_160_160","Mission","Achievement_HeroSkillLvUpCount_160","HeroList_Direct","",""
"Achievement_HeroSkillLvUpCount_161_161","Mission","Achievement_HeroSkillLvUpCount_161","HeroList_Direct","",""
"Achievement_HeroSkillLvUpCount_162_162","Mission","Achievement_HeroSkillLvUpCount_162","HeroList_Direct","",""
"Achievement_HeroSkillLvUpCount_163_163","Mission","Achievement_HeroSkillLvUpCount_163","HeroList_Direct","",""
"Achievement_HeroSkillLvUpCount_164_164","Mission","Achievement_HeroSkillLvUpCount_164","HeroList_Direct","",""
"Achievement_HeroSkillLvUpCount_165_165","Mission","Achievement_HeroSkillLvUpCount_165","HeroList_Direct","",""
"Achievement_HeroSkillLvUpCount_166_166","Mission","Achievement_HeroSkillLvUpCount_166","HeroList_Direct","",""
"Achievement_HeroSkillLvUpCount_167_167","Mission","Achievement_HeroSkillLvUpCount_167","HeroList_Direct","",""
"Achievement_HeroSkillLvUpCount_168_168","Mission","Achievement_HeroSkillLvUpCount_168","HeroList_Direct","",""
"Achievement_HeroSkillLvUpCount_169_169","Mission","Achievement_HeroSkillLvUpCount_169","HeroList_Direct","",""
"Achievement_HeroSkillLvUpCount_170_170","Mission","Achievement_HeroSkillLvUpCount_170","HeroList_Direct","",""
"Achievement_HeroSkillLvUpCount_171_171","Mission","Achievement_HeroSkillLvUpCount_171","HeroList_Direct","",""
"Achievement_HeroSkillLvUpCount_172_172","Mission","Achievement_HeroSkillLvUpCount_172","HeroList_Direct","",""
"Achievement_HeroSkillLvUpCount_173_173","Mission","Achievement_HeroSkillLvUpCount_173","HeroList_Direct","",""
"Achievement_HeroSkillLvUpCount_174_174","Mission","Achievement_HeroSkillLvUpCount_174","HeroList_Direct","",""
"Achievement_HeroSkillLvUpCount_175_175","Mission","Achievement_HeroSkillLvUpCount_175","HeroList_Direct","",""
"Achievement_HeroSkillLvUpCount_176_176","Mission","Achievement_HeroSkillLvUpCount_176","HeroList_Direct","",""
"Achievement_HeroSkillLvUpCount_177_177","Mission","Achievement_HeroSkillLvUpCount_177","HeroList_Direct","",""
"Achievement_HeroSkillLvUpCount_178_178","Mission","Achievement_HeroSkillLvUpCount_178","HeroList_Direct","",""
"Achievement_HeroSkillLvUpCount_179_179","Mission","Achievement_HeroSkillLvUpCount_179","HeroList_Direct","",""
"Achievement_HeroSkillLvUpCount_180_180","Mission","Achievement_HeroSkillLvUpCount_180","HeroList_Direct","",""
"Achievement_HeroSkillLvUpCount_181_181","Mission","Achievement_HeroSkillLvUpCount_181","HeroList_Direct","",""
"Achievement_HeroSkillLvUpCount_182_182","Mission","Achievement_HeroSkillLvUpCount_182","HeroList_Direct","",""
"Achievement_HeroSkillLvUpCount_183_183","Mission","Achievement_HeroSkillLvUpCount_183","HeroList_Direct","",""
"Achievement_HeroSkillLvUpCount_184_184","Mission","Achievement_HeroSkillLvUpCount_184","HeroList_Direct","",""
"Achievement_HeroSkillLvUpCount_185_185","Mission","Achievement_HeroSkillLvUpCount_185","HeroList_Direct","",""
"Achievement_HeroSkillLvUpCount_186_186","Mission","Achievement_HeroSkillLvUpCount_186","HeroList_Direct","",""
"Achievement_HeroSkillLvUpCount_187_187","Mission","Achievement_HeroSkillLvUpCount_187","HeroList_Direct","",""
"Achievement_HeroSkillLvUpCount_188_188","Mission","Achievement_HeroSkillLvUpCount_188","HeroList_Direct","",""
"Achievement_HeroSkillLvUpCount_189_189","Mission","Achievement_HeroSkillLvUpCount_189","HeroList_Direct","",""
"Achievement_HeroSkillLvUpCount_190_190","Mission","Achievement_HeroSkillLvUpCount_190","HeroList_Direct","",""
"Achievement_HeroSkillLvUpCount_191_191","Mission","Achievement_HeroSkillLvUpCount_191","HeroList_Direct","",""
"Achievement_HeroSkillLvUpCount_192_192","Mission","Achievement_HeroSkillLvUpCount_192","HeroList_Direct","",""
"Achievement_HeroSkillLvUpCount_193_193","Mission","Achievement_HeroSkillLvUpCount_193","HeroList_Direct","",""
"Achievement_HeroSkillLvUpCount_194_194","Mission","Achievement_HeroSkillLvUpCount_194","HeroList_Direct","",""
"Achievement_HeroSkillLvUpCount_195_195","Mission","Achievement_HeroSkillLvUpCount_195","HeroList_Direct","",""
"Achievement_HeroSkillLvUpCount_196_196","Mission","Achievement_HeroSkillLvUpCount_196","HeroList_Direct","",""
"Achievement_HeroSkillLvUpCount_197_197","Mission","Achievement_HeroSkillLvUpCount_197","HeroList_Direct","",""
"Achievement_HeroSkillLvUpCount_198_198","Mission","Achievement_HeroSkillLvUpCount_198","HeroList_Direct","",""
"Achievement_HeroSkillLvUpCount_199_199","Mission","Achievement_HeroSkillLvUpCount_199","HeroList_Direct","",""
"Achievement_HeroSkillLvUpCount_200_200","Mission","Achievement_HeroSkillLvUpCount_200","HeroList_Direct","",""
"Achievement_HeroSkillLvUpCount_201_201","Mission","Achievement_HeroSkillLvUpCount_201","HeroList_Direct","",""
"Achievement_HeroSkillLvUpCount_202_202","Mission","Achievement_HeroSkillLvUpCount_202","HeroList_Direct","",""
"Achievement_HeroSkillLvUpCount_203_203","Mission","Achievement_HeroSkillLvUpCount_203","HeroList_Direct","",""
"Achievement_HeroSkillLvUpCount_204_204","Mission","Achievement_HeroSkillLvUpCount_204","HeroList_Direct","",""
"Achievement_HeroSkillLvUpCount_205_205","Mission","Achievement_HeroSkillLvUpCount_205","HeroList_Direct","",""
"Achievement_HeroSkillLvUpCount_206_206","Mission","Achievement_HeroSkillLvUpCount_206","HeroList_Direct","",""
"Achievement_HeroSkillLvUpCount_207_207","Mission","Achievement_HeroSkillLvUpCount_207","HeroList_Direct","",""
"Achievement_HeroSkillLvUpCount_208_208","Mission","Achievement_HeroSkillLvUpCount_208","HeroList_Direct","",""
"Achievement_HeroSkillLvUpCount_209_209","Mission","Achievement_HeroSkillLvUpCount_209","HeroList_Direct","",""
"Achievement_HeroSkillLvUpCount_210_210","Mission","Achievement_HeroSkillLvUpCount_210","HeroList_Direct","",""
"Achievement_HeroSkillLvUpCount_211_211","Mission","Achievement_HeroSkillLvUpCount_211","HeroList_Direct","",""
"Achievement_HeroSkillLvUpCount_212_212","Mission","Achievement_HeroSkillLvUpCount_212","HeroList_Direct","",""
"Achievement_HeroSkillLvUpCount_213_213","Mission","Achievement_HeroSkillLvUpCount_213","HeroList_Direct","",""
"Achievement_HeroSkillLvUpCount_214_214","Mission","Achievement_HeroSkillLvUpCount_214","HeroList_Direct","",""
"Achievement_HeroSkillLvUpCount_215_215","Mission","Achievement_HeroSkillLvUpCount_215","HeroList_Direct","",""
"Achievement_HeroSkillLvUpCount_216_216","Mission","Achievement_HeroSkillLvUpCount_216","HeroList_Direct","",""
"Achievement_HeroSkillLvUpCount_217_217","Mission","Achievement_HeroSkillLvUpCount_217","HeroList_Direct","",""
"Achievement_HeroSkillLvUpCount_218_218","Mission","Achievement_HeroSkillLvUpCount_218","HeroList_Direct","",""
"Achievement_HeroSkillLvUpCount_219_219","Mission","Achievement_HeroSkillLvUpCount_219","HeroList_Direct","",""
"Achievement_HeroSkillLvUpCount_220_220","Mission","Achievement_HeroSkillLvUpCount_220","HeroList_Direct","",""
"Achievement_HeroSkillLvUpCount_221_221","Mission","Achievement_HeroSkillLvUpCount_221","HeroList_Direct","",""
"Achievement_HeroSkillLvUpCount_222_222","Mission","Achievement_HeroSkillLvUpCount_222","HeroList_Direct","",""
"Achievement_HeroSkillLvUpCount_223_223","Mission","Achievement_HeroSkillLvUpCount_223","HeroList_Direct","",""
"Achievement_HeroSkillLvUpCount_224_224","Mission","Achievement_HeroSkillLvUpCount_224","HeroList_Direct","",""
"Achievement_HeroSkillLvUpCount_225_225","Mission","Achievement_HeroSkillLvUpCount_225","HeroList_Direct","",""
"Achievement_HeroSkillLvUpCount_226_226","Mission","Achievement_HeroSkillLvUpCount_226","HeroList_Direct","",""
"Achievement_HeroSkillLvUpCount_227_227","Mission","Achievement_HeroSkillLvUpCount_227","HeroList_Direct","",""
"Achievement_HeroSkillLvUpCount_228_228","Mission","Achievement_HeroSkillLvUpCount_228","HeroList_Direct","",""
"Achievement_HeroSkillLvUpCount_229_229","Mission","Achievement_HeroSkillLvUpCount_229","HeroList_Direct","",""
"Achievement_HeroSkillLvUpCount_230_230","Mission","Achievement_HeroSkillLvUpCount_230","HeroList_Direct","",""
"Achievement_HeroSkillLvUpCount_231_231","Mission","Achievement_HeroSkillLvUpCount_231","HeroList_Direct","",""
"Achievement_HeroSkillLvUpCount_232_232","Mission","Achievement_HeroSkillLvUpCount_232","HeroList_Direct","",""
"Achievement_HeroSkillLvUpCount_233_233","Mission","Achievement_HeroSkillLvUpCount_233","HeroList_Direct","",""
"Achievement_HeroSkillLvUpCount_234_234","Mission","Achievement_HeroSkillLvUpCount_234","HeroList_Direct","",""
"Achievement_HeroSkillLvUpCount_235_235","Mission","Achievement_HeroSkillLvUpCount_235","HeroList_Direct","",""
"Achievement_HeroSkillLvUpCount_236_236","Mission","Achievement_HeroSkillLvUpCount_236","HeroList_Direct","",""
"Achievement_HeroSkillLvUpCount_237_237","Mission","Achievement_HeroSkillLvUpCount_237","HeroList_Direct","",""
"Achievement_HeroSkillLvUpCount_238_238","Mission","Achievement_HeroSkillLvUpCount_238","HeroList_Direct","",""
"Achievement_HeroSkillLvUpCount_239_239","Mission","Achievement_HeroSkillLvUpCount_239","HeroList_Direct","",""
"Achievement_HeroSkillLvUpCount_240_240","Mission","Achievement_HeroSkillLvUpCount_240","HeroList_Direct","",""
"Achievement_HeroSkillLvUpCount_241_241","Mission","Achievement_HeroSkillLvUpCount_241","HeroList_Direct","",""
"Achievement_HeroSkillLvUpCount_242_242","Mission","Achievement_HeroSkillLvUpCount_242","HeroList_Direct","",""
"Achievement_HeroSkillLvUpCount_243_243","Mission","Achievement_HeroSkillLvUpCount_243","HeroList_Direct","",""
"Achievement_HeroSkillLvUpCount_244_244","Mission","Achievement_HeroSkillLvUpCount_244","HeroList_Direct","",""
"Achievement_HeroSkillLvUpCount_245_245","Mission","Achievement_HeroSkillLvUpCount_245","HeroList_Direct","",""
"Achievement_HeroSkillLvUpCount_246_246","Mission","Achievement_HeroSkillLvUpCount_246","HeroList_Direct","",""
"Achievement_HeroSkillLvUpCount_247_247","Mission","Achievement_HeroSkillLvUpCount_247","HeroList_Direct","",""
"Achievement_HeroSkillLvUpCount_248_248","Mission","Achievement_HeroSkillLvUpCount_248","HeroList_Direct","",""
"Achievement_HeroSkillLvUpCount_249_249","Mission","Achievement_HeroSkillLvUpCount_249","HeroList_Direct","",""
"Achievement_HeroSkillLvUpCount_250_250","Mission","Achievement_HeroSkillLvUpCount_250","HeroList_Direct","",""
"Achievement_HeroSkillLvUpCount_251_251","Mission","Achievement_HeroSkillLvUpCount_251","HeroList_Direct","",""
"Achievement_HeroSkillLvUpCount_252_252","Mission","Achievement_HeroSkillLvUpCount_252","HeroList_Direct","",""
"Achievement_HeroSkillLvUpCount_253_253","Mission","Achievement_HeroSkillLvUpCount_253","HeroList_Direct","",""
"Achievement_HeroSkillLvUpCount_254_254","Mission","Achievement_HeroSkillLvUpCount_254","HeroList_Direct","",""
"Achievement_HeroSkillLvUpCount_255_255","Mission","Achievement_HeroSkillLvUpCount_255","HeroList_Direct","",""
"Achievement_HeroSkillLvUpCount_256_256","Mission","Achievement_HeroSkillLvUpCount_256","HeroList_Direct","",""
"Achievement_HeroSkillLvUpCount_257_257","Mission","Achievement_HeroSkillLvUpCount_257","HeroList_Direct","",""
"Achievement_HeroSkillLvUpCount_258_258","Mission","Achievement_HeroSkillLvUpCount_258","HeroList_Direct","",""
"Achievement_HeroSkillLvUpCount_259_259","Mission","Achievement_HeroSkillLvUpCount_259","HeroList_Direct","",""
"Achievement_HeroSkillLvUpCount_260_260","Mission","Achievement_HeroSkillLvUpCount_260","HeroList_Direct","",""
"Achievement_HeroSkillLvUpCount_261_261","Mission","Achievement_HeroSkillLvUpCount_261","HeroList_Direct","",""
"Achievement_HeroSkillLvUpCount_262_262","Mission","Achievement_HeroSkillLvUpCount_262","HeroList_Direct","",""
"Achievement_HeroSkillLvUpCount_263_263","Mission","Achievement_HeroSkillLvUpCount_263","HeroList_Direct","",""
"Achievement_HeroSkillLvUpCount_264_264","Mission","Achievement_HeroSkillLvUpCount_264","HeroList_Direct","",""
"Achievement_HeroSkillLvUpCount_265_265","Mission","Achievement_HeroSkillLvUpCount_265","HeroList_Direct","",""
"Achievement_HeroSkillLvUpCount_266_266","Mission","Achievement_HeroSkillLvUpCount_266","HeroList_Direct","",""
"Achievement_HeroSkillLvUpCount_267_267","Mission","Achievement_HeroSkillLvUpCount_267","HeroList_Direct","",""
"Achievement_HeroSkillLvUpCount_268_268","Mission","Achievement_HeroSkillLvUpCount_268","HeroList_Direct","",""
"Achievement_HeroSkillLvUpCount_269_269","Mission","Achievement_HeroSkillLvUpCount_269","HeroList_Direct","",""
"Achievement_HeroSkillLvUpCount_270_270","Mission","Achievement_HeroSkillLvUpCount_270","HeroList_Direct","",""
"Achievement_HeroSkillLvUpCount_271_271","Mission","Achievement_HeroSkillLvUpCount_271","HeroList_Direct","",""
"Achievement_HeroSkillLvUpCount_272_272","Mission","Achievement_HeroSkillLvUpCount_272","HeroList_Direct","",""
"Achievement_HeroSkillLvUpCount_273_273","Mission","Achievement_HeroSkillLvUpCount_273","HeroList_Direct","",""
"Achievement_HeroSkillLvUpCount_274_274","Mission","Achievement_HeroSkillLvUpCount_274","HeroList_Direct","",""
"Achievement_HeroSkillLvUpCount_275_275","Mission","Achievement_HeroSkillLvUpCount_275","HeroList_Direct","",""
"Achievement_HeroSkillLvUpCount_276_276","Mission","Achievement_HeroSkillLvUpCount_276","HeroList_Direct","",""
"Achievement_HeroSkillLvUpCount_277_277","Mission","Achievement_HeroSkillLvUpCount_277","HeroList_Direct","",""
"Achievement_HeroSkillLvUpCount_278_278","Mission","Achievement_HeroSkillLvUpCount_278","HeroList_Direct","",""
"Achievement_HeroSkillLvUpCount_279_279","Mission","Achievement_HeroSkillLvUpCount_279","HeroList_Direct","",""
"Achievement_HeroSkillLvUpCount_280_280","Mission","Achievement_HeroSkillLvUpCount_280","HeroList_Direct","",""
"Achievement_HeroSkillLvUpCount_281_281","Mission","Achievement_HeroSkillLvUpCount_281","HeroList_Direct","",""
"Achievement_HeroSkillLvUpCount_282_282","Mission","Achievement_HeroSkillLvUpCount_282","HeroList_Direct","",""
"Achievement_HeroSkillLvUpCount_283_283","Mission","Achievement_HeroSkillLvUpCount_283","HeroList_Direct","",""
"Achievement_HeroSkillLvUpCount_284_284","Mission","Achievement_HeroSkillLvUpCount_284","HeroList_Direct","",""
"Achievement_HeroSkillLvUpCount_285_285","Mission","Achievement_HeroSkillLvUpCount_285","HeroList_Direct","",""
"Achievement_HeroSkillLvUpCount_286_286","Mission","Achievement_HeroSkillLvUpCount_286","HeroList_Direct","",""
"Achievement_HeroSkillLvUpCount_287_287","Mission","Achievement_HeroSkillLvUpCount_287","HeroList_Direct","",""
"Achievement_HeroSkillLvUpCount_288_288","Mission","Achievement_HeroSkillLvUpCount_288","HeroList_Direct","",""
"Achievement_HeroSkillLvUpCount_289_289","Mission","Achievement_HeroSkillLvUpCount_289","HeroList_Direct","",""
"Achievement_HeroSkillLvUpCount_290_290","Mission","Achievement_HeroSkillLvUpCount_290","HeroList_Direct","",""
"Achievement_HeroSkillLvUpCount_291_291","Mission","Achievement_HeroSkillLvUpCount_291","HeroList_Direct","",""
"Achievement_HeroSkillLvUpCount_292_292","Mission","Achievement_HeroSkillLvUpCount_292","HeroList_Direct","",""
"Achievement_HeroSkillLvUpCount_293_293","Mission","Achievement_HeroSkillLvUpCount_293","HeroList_Direct","",""
"Achievement_HeroSkillLvUpCount_294_294","Mission","Achievement_HeroSkillLvUpCount_294","HeroList_Direct","",""
"Achievement_HeroSkillLvUpCount_295_295","Mission","Achievement_HeroSkillLvUpCount_295","HeroList_Direct","",""
"Achievement_HeroSkillLvUpCount_296_296","Mission","Achievement_HeroSkillLvUpCount_296","HeroList_Direct","",""
"Achievement_HeroSkillLvUpCount_297_297","Mission","Achievement_HeroSkillLvUpCount_297","HeroList_Direct","",""
"Achievement_HeroSkillLvUpCount_298_298","Mission","Achievement_HeroSkillLvUpCount_298","HeroList_Direct","",""
"Achievement_HeroSkillLvUpCount_299_299","Mission","Achievement_HeroSkillLvUpCount_299","HeroList_Direct","",""
"Achievement_HeroSkillLvUpCount_300_300","Mission","Achievement_HeroSkillLvUpCount_300","HeroList_Direct","",""
"Achievement_HeroSkillLvUpCount_301_301","Mission","Achievement_HeroSkillLvUpCount_301","HeroList_Direct","",""
"Achievement_HeroSkillLvUpCount_302_302","Mission","Achievement_HeroSkillLvUpCount_302","HeroList_Direct","",""
"Achievement_HeroSkillLvUpCount_303_303","Mission","Achievement_HeroSkillLvUpCount_303","HeroList_Direct","",""
"Achievement_HeroSkillLvUpCount_304_304","Mission","Achievement_HeroSkillLvUpCount_304","HeroList_Direct","",""
"Achievement_HeroSkillLvUpCount_305_305","Mission","Achievement_HeroSkillLvUpCount_305","HeroList_Direct","",""
"Achievement_HeroSkillLvUpCount_306_306","Mission","Achievement_HeroSkillLvUpCount_306","HeroList_Direct","",""
"Achievement_HeroSkillLvUpCount_307_307","Mission","Achievement_HeroSkillLvUpCount_307","HeroList_Direct","",""
"Achievement_HeroSkillLvUpCount_308_308","Mission","Achievement_HeroSkillLvUpCount_308","HeroList_Direct","",""
"Achievement_HeroSkillLvUpCount_309_309","Mission","Achievement_HeroSkillLvUpCount_309","HeroList_Direct","",""
"Achievement_HeroSkillLvUpCount_310_310","Mission","Achievement_HeroSkillLvUpCount_310","HeroList_Direct","",""
"Achievement_HeroSkillLvUpCount_311_311","Mission","Achievement_HeroSkillLvUpCount_311","HeroList_Direct","",""
"Achievement_HeroSkillLvUpCount_312_312","Mission","Achievement_HeroSkillLvUpCount_312","HeroList_Direct","",""
"Achievement_HeroSkillLvUpCount_313_313","Mission","Achievement_HeroSkillLvUpCount_313","HeroList_Direct","",""
"Achievement_HeroSkillLvUpCount_314_314","Mission","Achievement_HeroSkillLvUpCount_314","HeroList_Direct","",""
"Achievement_HeroSkillLvUpCount_315_315","Mission","Achievement_HeroSkillLvUpCount_315","HeroList_Direct","",""
"Achievement_HeroSkillLvUpCount_316_316","Mission","Achievement_HeroSkillLvUpCount_316","HeroList_Direct","",""
"Achievement_HeroSkillLvUpCount_317_317","Mission","Achievement_HeroSkillLvUpCount_317","HeroList_Direct","",""
"Achievement_HeroSkillLvUpCount_318_318","Mission","Achievement_HeroSkillLvUpCount_318","HeroList_Direct","",""
"Achievement_HeroSkillLvUpCount_319_319","Mission","Achievement_HeroSkillLvUpCount_319","HeroList_Direct","",""
"Achievement_HeroSkillLvUpCount_320_320","Mission","Achievement_HeroSkillLvUpCount_320","HeroList_Direct","",""
"Achievement_HeroSkillLvUpCount_321_321","Mission","Achievement_HeroSkillLvUpCount_321","HeroList_Direct","",""
"Achievement_HeroSkillLvUpCount_322_322","Mission","Achievement_HeroSkillLvUpCount_322","HeroList_Direct","",""
"Achievement_HeroSkillLvUpCount_323_323","Mission","Achievement_HeroSkillLvUpCount_323","HeroList_Direct","",""
"Achievement_HeroSkillLvUpCount_324_324","Mission","Achievement_HeroSkillLvUpCount_324","HeroList_Direct","",""
"Achievement_HeroSkillLvUpCompleteCount_1_01_01","Mission","Achievement_HeroSkillLvUpCompleteCount_1_01","HeroList_Direct","",""
"Achievement_HeroSkillLvUpCompleteCount_1_02_02","Mission","Achievement_HeroSkillLvUpCompleteCount_1_02","HeroList_Direct","",""
"Achievement_HeroSkillLvUpCompleteCount_1_03_03","Mission","Achievement_HeroSkillLvUpCompleteCount_1_03","HeroList_Direct","",""
"Achievement_HeroSkillLvUpCompleteCount_1_04_04","Mission","Achievement_HeroSkillLvUpCompleteCount_1_04","HeroList_Direct","",""
"Achievement_HeroSkillLvUpCompleteCount_1_05_05","Mission","Achievement_HeroSkillLvUpCompleteCount_1_05","HeroList_Direct","",""
"Achievement_HeroSkillLvUpCompleteCount_1_06_06","Mission","Achievement_HeroSkillLvUpCompleteCount_1_06","HeroList_Direct","",""
"Achievement_HeroSkillLvUpCompleteCount_1_07_07","Mission","Achievement_HeroSkillLvUpCompleteCount_1_07","HeroList_Direct","",""
"Achievement_HeroSkillLvUpCompleteCount_1_08_08","Mission","Achievement_HeroSkillLvUpCompleteCount_1_08","HeroList_Direct","",""
"Achievement_HeroSkillLvUpCompleteCount_1_09_09","Mission","Achievement_HeroSkillLvUpCompleteCount_1_09","HeroList_Direct","",""
"Achievement_HeroSkillLvUpCompleteCount_1_10_10","Mission","Achievement_HeroSkillLvUpCompleteCount_1_10","HeroList_Direct","",""
"Achievement_HeroSkillLvUpCompleteCount_1_11_11","Mission","Achievement_HeroSkillLvUpCompleteCount_1_11","HeroList_Direct","",""
"Achievement_HeroSkillLvUpCompleteCount_1_12_12","Mission","Achievement_HeroSkillLvUpCompleteCount_1_12","HeroList_Direct","",""
"Achievement_HeroSkillLvUpCompleteCount_1_13_13","Mission","Achievement_HeroSkillLvUpCompleteCount_1_13","HeroList_Direct","",""
"Achievement_HeroSkillLvUpCompleteCount_1_14_14","Mission","Achievement_HeroSkillLvUpCompleteCount_1_14","HeroList_Direct","",""
"Achievement_HeroSkillLvUpCompleteCount_1_15_15","Mission","Achievement_HeroSkillLvUpCompleteCount_1_15","HeroList_Direct","",""
"Achievement_HeroSkillLvUpCompleteCount_1_16_16","Mission","Achievement_HeroSkillLvUpCompleteCount_1_16","HeroList_Direct","",""
"Achievement_HeroSkillLvUpCompleteCount_1_17_17","Mission","Achievement_HeroSkillLvUpCompleteCount_1_17","HeroList_Direct","",""
"Achievement_HeroSkillLvUpCompleteCount_1_18_18","Mission","Achievement_HeroSkillLvUpCompleteCount_1_18","HeroList_Direct","",""
"Achievement_HeroSkillLvUpCompleteCount_1_19_19","Mission","Achievement_HeroSkillLvUpCompleteCount_1_19","HeroList_Direct","",""
"Achievement_HeroSkillLvUpCompleteCount_1_20_20","Mission","Achievement_HeroSkillLvUpCompleteCount_1_20","HeroList_Direct","",""
"Achievement_HeroSkillLvUpCompleteCount_1_21_21","Mission","Achievement_HeroSkillLvUpCompleteCount_1_21","HeroList_Direct","",""
"Achievement_HeroSkillLvUpCompleteCount_1_22_22","Mission","Achievement_HeroSkillLvUpCompleteCount_1_22","HeroList_Direct","",""
"Achievement_HeroSkillLvUpCompleteCount_1_23_23","Mission","Achievement_HeroSkillLvUpCompleteCount_1_23","HeroList_Direct","",""
"Achievement_HeroSkillLvUpCompleteCount_1_24_24","Mission","Achievement_HeroSkillLvUpCompleteCount_1_24","HeroList_Direct","",""
"Achievement_HeroSkillLvUpCompleteCount_1_25_25","Mission","Achievement_HeroSkillLvUpCompleteCount_1_25","HeroList_Direct","",""
"Achievement_HeroSkillLvUpCompleteCount_1_26_26","Mission","Achievement_HeroSkillLvUpCompleteCount_1_26","HeroList_Direct","",""
"Achievement_HeroSkillLvUpCompleteCount_1_27_27","Mission","Achievement_HeroSkillLvUpCompleteCount_1_27","HeroList_Direct","",""
"Achievement_HeroSkillLvUpCompleteCount_1_28_28","Mission","Achievement_HeroSkillLvUpCompleteCount_1_28","HeroList_Direct","",""
"Achievement_HeroSkillLvUpCompleteCount_1_29_29","Mission","Achievement_HeroSkillLvUpCompleteCount_1_29","HeroList_Direct","",""
"Achievement_HeroSkillLvUpCompleteCount_1_30_30","Mission","Achievement_HeroSkillLvUpCompleteCount_1_30","HeroList_Direct","",""
"Achievement_HeroSkillLvUpCompleteCount_1_31_31","Mission","Achievement_HeroSkillLvUpCompleteCount_1_31","HeroList_Direct","",""
"Achievement_HeroSkillLvUpCompleteCount_1_32_32","Mission","Achievement_HeroSkillLvUpCompleteCount_1_32","HeroList_Direct","",""
"Achievement_HeroSkillLvUpCompleteCount_1_33_33","Mission","Achievement_HeroSkillLvUpCompleteCount_1_33","HeroList_Direct","",""
"Achievement_HeroSkillLvUpCompleteCount_1_34_34","Mission","Achievement_HeroSkillLvUpCompleteCount_1_34","HeroList_Direct","",""
"Achievement_HeroSkillLvUpCompleteCount_1_35_35","Mission","Achievement_HeroSkillLvUpCompleteCount_1_35","HeroList_Direct","",""
"Achievement_HeroSkillLvUpCompleteCount_1_36_36","Mission","Achievement_HeroSkillLvUpCompleteCount_1_36","HeroList_Direct","",""
"Achievement_HeroSkillLvUpCompleteCount_1_37_37","Mission","Achievement_HeroSkillLvUpCompleteCount_1_37","HeroList_Direct","",""
"Achievement_HeroSkillLvUpCompleteCount_1_38_38","Mission","Achievement_HeroSkillLvUpCompleteCount_1_38","HeroList_Direct","",""
"Achievement_HeroSkillLvUpCompleteCount_1_39_39","Mission","Achievement_HeroSkillLvUpCompleteCount_1_39","HeroList_Direct","",""
"Achievement_HeroSkillLvUpCompleteCount_1_40_40","Mission","Achievement_HeroSkillLvUpCompleteCount_1_40","HeroList_Direct","",""
"Achievement_HeroSkillLvUpCompleteCount_1_41_41","Mission","Achievement_HeroSkillLvUpCompleteCount_1_41","HeroList_Direct","",""
"Achievement_HeroSkillLvUpCompleteCount_1_42_42","Mission","Achievement_HeroSkillLvUpCompleteCount_1_42","HeroList_Direct","",""
"Achievement_HeroSkillLvUpCompleteCount_1_43_43","Mission","Achievement_HeroSkillLvUpCompleteCount_1_43","HeroList_Direct","",""
"Achievement_HeroSkillLvUpCompleteCount_1_44_44","Mission","Achievement_HeroSkillLvUpCompleteCount_1_44","HeroList_Direct","",""
"Achievement_HeroSkillLvUpCompleteCount_1_45_45","Mission","Achievement_HeroSkillLvUpCompleteCount_1_45","HeroList_Direct","",""
"Achievement_HeroSkillLvUpCompleteCount_1_46_46","Mission","Achievement_HeroSkillLvUpCompleteCount_1_46","HeroList_Direct","",""
"Achievement_HeroSkillLvUpCompleteCount_1_47_47","Mission","Achievement_HeroSkillLvUpCompleteCount_1_47","HeroList_Direct","",""
"Achievement_HeroSkillLvUpCompleteCount_1_48_48","Mission","Achievement_HeroSkillLvUpCompleteCount_1_48","HeroList_Direct","",""
"Achievement_HeroSkillLvUpCompleteCount_1_49_49","Mission","Achievement_HeroSkillLvUpCompleteCount_1_49","HeroList_Direct","",""
"Achievement_HeroSkillLvUpCompleteCount_1_50_50","Mission","Achievement_HeroSkillLvUpCompleteCount_1_50","HeroList_Direct","",""
"Achievement_HeroSkillLvUpCompleteCount_1_51_51","Mission","Achievement_HeroSkillLvUpCompleteCount_1_51","HeroList_Direct","",""
"Achievement_HeroSkillLvUpCompleteCount_1_52_52","Mission","Achievement_HeroSkillLvUpCompleteCount_1_52","HeroList_Direct","",""
"Achievement_HeroSkillLvUpCompleteCount_1_53_53","Mission","Achievement_HeroSkillLvUpCompleteCount_1_53","HeroList_Direct","",""
"Achievement_HeroSkillLvUpCompleteCount_1_54_54","Mission","Achievement_HeroSkillLvUpCompleteCount_1_54","HeroList_Direct","",""
"Achievement_HeroSkillLvUpCompleteCount_1_55_55","Mission","Achievement_HeroSkillLvUpCompleteCount_1_55","HeroList_Direct","",""
"Achievement_HeroSkillLvUpCompleteCount_1_56_56","Mission","Achievement_HeroSkillLvUpCompleteCount_1_56","HeroList_Direct","",""
"Achievement_HeroSkillLvUpCompleteCount_1_57_57","Mission","Achievement_HeroSkillLvUpCompleteCount_1_57","HeroList_Direct","",""
"Achievement_HeroSkillLvUpCompleteCount_1_58_58","Mission","Achievement_HeroSkillLvUpCompleteCount_1_58","HeroList_Direct","",""
"Achievement_HeroSkillLvUpCompleteCount_1_59_59","Mission","Achievement_HeroSkillLvUpCompleteCount_1_59","HeroList_Direct","",""
"Achievement_HeroSkillLvUpCompleteCount_1_60_60","Mission","Achievement_HeroSkillLvUpCompleteCount_1_60","HeroList_Direct","",""
"Achievement_HeroSkillLvUpCompleteCount_1_61_61","Mission","Achievement_HeroSkillLvUpCompleteCount_1_61","HeroList_Direct","",""
"Achievement_HeroSkillLvUpCompleteCount_1_62_62","Mission","Achievement_HeroSkillLvUpCompleteCount_1_62","HeroList_Direct","",""
"Achievement_HeroSkillLvUpCompleteCount_1_63_63","Mission","Achievement_HeroSkillLvUpCompleteCount_1_63","HeroList_Direct","",""
"Achievement_HeroSkillLvUpCompleteCount_1_64_64","Mission","Achievement_HeroSkillLvUpCompleteCount_1_64","HeroList_Direct","",""
"Achievement_HeroSkillLvUpCompleteCount_1_65_65","Mission","Achievement_HeroSkillLvUpCompleteCount_1_65","HeroList_Direct","",""
"Achievement_HeroSkillLvUpCompleteCount_1_66_66","Mission","Achievement_HeroSkillLvUpCompleteCount_1_66","HeroList_Direct","",""
"Achievement_HeroSkillLvUpCompleteCount_1_67_67","Mission","Achievement_HeroSkillLvUpCompleteCount_1_67","HeroList_Direct","",""
"Achievement_HeroSkillLvUpCompleteCount_1_68_68","Mission","Achievement_HeroSkillLvUpCompleteCount_1_68","HeroList_Direct","",""
"Achievement_HeroSkillLvUpCompleteCount_1_69_69","Mission","Achievement_HeroSkillLvUpCompleteCount_1_69","HeroList_Direct","",""
"Achievement_HeroSkillLvUpCompleteCount_1_70_70","Mission","Achievement_HeroSkillLvUpCompleteCount_1_70","HeroList_Direct","",""
"Achievement_HeroSkillLvUpCompleteCount_1_71_71","Mission","Achievement_HeroSkillLvUpCompleteCount_1_71","HeroList_Direct","",""
"Achievement_HeroSkillLvUpCompleteCount_1_72_72","Mission","Achievement_HeroSkillLvUpCompleteCount_1_72","HeroList_Direct","",""
"Achievement_HeroSkillLvUpCompleteCount_1_73_73","Mission","Achievement_HeroSkillLvUpCompleteCount_1_73","HeroList_Direct","",""
"Achievement_HeroSkillLvUpCompleteCount_1_74_74","Mission","Achievement_HeroSkillLvUpCompleteCount_1_74","HeroList_Direct","",""
"Achievement_HeroSkillLvUpCompleteCount_1_75_75","Mission","Achievement_HeroSkillLvUpCompleteCount_1_75","HeroList_Direct","",""
"Achievement_HeroSkillLvUpCompleteCount_1_76_76","Mission","Achievement_HeroSkillLvUpCompleteCount_1_76","HeroList_Direct","",""
"Achievement_HeroSkillLvUpCompleteCount_1_77_77","Mission","Achievement_HeroSkillLvUpCompleteCount_1_77","HeroList_Direct","",""
"Achievement_HeroSkillLvUpCompleteCount_1_78_78","Mission","Achievement_HeroSkillLvUpCompleteCount_1_78","HeroList_Direct","",""
"Achievement_HeroSkillLvUpCompleteCount_1_79_79","Mission","Achievement_HeroSkillLvUpCompleteCount_1_79","HeroList_Direct","",""
"Achievement_HeroSkillLvUpCompleteCount_1_80_80","Mission","Achievement_HeroSkillLvUpCompleteCount_1_80","HeroList_Direct","",""
"Achievement_HeroSkillLvUpCompleteCount_1_81_81","Mission","Achievement_HeroSkillLvUpCompleteCount_1_81","HeroList_Direct","",""
"Achievement_HeroSkillLvUpCompleteCount_1_82_82","Mission","Achievement_HeroSkillLvUpCompleteCount_1_82","HeroList_Direct","",""
"Achievement_HeroSkillLvUpCompleteCount_1_83_83","Mission","Achievement_HeroSkillLvUpCompleteCount_1_83","HeroList_Direct","",""
"Achievement_HeroSkillLvUpCompleteCount_1_84_84","Mission","Achievement_HeroSkillLvUpCompleteCount_1_84","HeroList_Direct","",""
"Achievement_HeroSkillLvUpCompleteCount_1_85_85","Mission","Achievement_HeroSkillLvUpCompleteCount_1_85","HeroList_Direct","",""
"Achievement_HeroSkillLvUpCompleteCount_1_86_86","Mission","Achievement_HeroSkillLvUpCompleteCount_1_86","HeroList_Direct","",""
"Achievement_HeroSkillLvUpCompleteCount_1_87_87","Mission","Achievement_HeroSkillLvUpCompleteCount_1_87","HeroList_Direct","",""
"Achievement_HeroSkillLvUpCompleteCount_1_88_88","Mission","Achievement_HeroSkillLvUpCompleteCount_1_88","HeroList_Direct","",""
"Achievement_HeroSkillLvUpCompleteCount_1_89_89","Mission","Achievement_HeroSkillLvUpCompleteCount_1_89","HeroList_Direct","",""
"Achievement_HeroSkillLvUpCompleteCount_1_90_90","Mission","Achievement_HeroSkillLvUpCompleteCount_1_90","HeroList_Direct","",""
"Achievement_HeroSkillLvUpCompleteCount_1_91_91","Mission","Achievement_HeroSkillLvUpCompleteCount_1_91","HeroList_Direct","",""
"Achievement_HeroSkillLvUpCompleteCount_1_92_92","Mission","Achievement_HeroSkillLvUpCompleteCount_1_92","HeroList_Direct","",""
"Achievement_HeroSkillLvUpCompleteCount_1_93_93","Mission","Achievement_HeroSkillLvUpCompleteCount_1_93","HeroList_Direct","",""
"Achievement_HeroSkillLvUpCompleteCount_1_94_94","Mission","Achievement_HeroSkillLvUpCompleteCount_1_94","HeroList_Direct","",""
"Achievement_HeroSkillLvUpCompleteCount_1_95_95","Mission","Achievement_HeroSkillLvUpCompleteCount_1_95","HeroList_Direct","",""
"Achievement_HeroSkillLvUpCompleteCount_1_96_96","Mission","Achievement_HeroSkillLvUpCompleteCount_1_96","HeroList_Direct","",""
"Achievement_HeroSkillLvUpCompleteCount_1_97_97","Mission","Achievement_HeroSkillLvUpCompleteCount_1_97","HeroList_Direct","",""
"Achievement_HeroSkillLvUpCompleteCount_1_98_98","Mission","Achievement_HeroSkillLvUpCompleteCount_1_98","HeroList_Direct","",""
"Achievement_HeroSkillLvUpCompleteCount_1_99_99","Mission","Achievement_HeroSkillLvUpCompleteCount_1_99","HeroList_Direct","",""
"Achievement_HeroSkillLvUpCompleteCount_1_100_100","Mission","Achievement_HeroSkillLvUpCompleteCount_1_100","HeroList_Direct","",""
"Achievement_HeroSkillLvUpCompleteCount_1_101_101","Mission","Achievement_HeroSkillLvUpCompleteCount_1_101","HeroList_Direct","",""
"Achievement_HeroSkillLvUpCompleteCount_1_102_102","Mission","Achievement_HeroSkillLvUpCompleteCount_1_102","HeroList_Direct","",""
"Achievement_HeroSkillLvUpCompleteCount_1_103_103","Mission","Achievement_HeroSkillLvUpCompleteCount_1_103","HeroList_Direct","",""
"Achievement_HeroSkillLvUpCompleteCount_1_104_104","Mission","Achievement_HeroSkillLvUpCompleteCount_1_104","HeroList_Direct","",""
"Achievement_HeroSkillLvUpCompleteCount_1_105_105","Mission","Achievement_HeroSkillLvUpCompleteCount_1_105","HeroList_Direct","",""
"Achievement_HeroSkillLvUpCompleteCount_1_106_106","Mission","Achievement_HeroSkillLvUpCompleteCount_1_106","HeroList_Direct","",""
"Achievement_HeroSkillLvUpCompleteCount_1_107_107","Mission","Achievement_HeroSkillLvUpCompleteCount_1_107","HeroList_Direct","",""
"Achievement_HeroSkillLvUpCompleteCount_1_108_108","Mission","Achievement_HeroSkillLvUpCompleteCount_1_108","HeroList_Direct","",""
"Achievement_HeroSkillLvUpCompleteCount_1_109_109","Mission","Achievement_HeroSkillLvUpCompleteCount_1_109","HeroList_Direct","",""
"Achievement_HeroSkillLvUpCompleteCount_1_110_110","Mission","Achievement_HeroSkillLvUpCompleteCount_1_110","HeroList_Direct","",""
"Achievement_HeroSkillLvUpCompleteCount_1_111_111","Mission","Achievement_HeroSkillLvUpCompleteCount_1_111","HeroList_Direct","",""
"Achievement_HeroSkillLvUpCompleteCount_1_112_112","Mission","Achievement_HeroSkillLvUpCompleteCount_1_112","HeroList_Direct","",""
"Achievement_HeroSkillLvUpCompleteCount_1_113_113","Mission","Achievement_HeroSkillLvUpCompleteCount_1_113","HeroList_Direct","",""
"Achievement_HeroSkillLvUpCompleteCount_1_114_114","Mission","Achievement_HeroSkillLvUpCompleteCount_1_114","HeroList_Direct","",""
"Achievement_HeroSkillLvUpCompleteCount_1_115_115","Mission","Achievement_HeroSkillLvUpCompleteCount_1_115","HeroList_Direct","",""
"Achievement_HeroSkillLvUpCompleteCount_1_116_116","Mission","Achievement_HeroSkillLvUpCompleteCount_1_116","HeroList_Direct","",""
"Achievement_HeroSkillLvUpCompleteCount_1_117_117","Mission","Achievement_HeroSkillLvUpCompleteCount_1_117","HeroList_Direct","",""
"Achievement_HeroSkillLvUpCompleteCount_1_118_118","Mission","Achievement_HeroSkillLvUpCompleteCount_1_118","HeroList_Direct","",""
"Achievement_HeroSkillLvUpCompleteCount_1_119_119","Mission","Achievement_HeroSkillLvUpCompleteCount_1_119","HeroList_Direct","",""
"Achievement_HeroSkillLvUpCompleteCount_1_120_120","Mission","Achievement_HeroSkillLvUpCompleteCount_1_120","HeroList_Direct","",""
"Achievement_HeroSkillLvUpCompleteCount_1_121_121","Mission","Achievement_HeroSkillLvUpCompleteCount_1_121","HeroList_Direct","",""
"Achievement_HeroSkillLvUpCompleteCount_1_122_122","Mission","Achievement_HeroSkillLvUpCompleteCount_1_122","HeroList_Direct","",""
"Achievement_HeroSkillLvUpCompleteCount_1_123_123","Mission","Achievement_HeroSkillLvUpCompleteCount_1_123","HeroList_Direct","",""
"Achievement_HeroSkillLvUpCompleteCount_1_124_124","Mission","Achievement_HeroSkillLvUpCompleteCount_1_124","HeroList_Direct","",""
"Achievement_HeroSkillLvUpCompleteCount_1_125_125","Mission","Achievement_HeroSkillLvUpCompleteCount_1_125","HeroList_Direct","",""
"Achievement_HeroSkillLvUpCompleteCount_1_126_126","Mission","Achievement_HeroSkillLvUpCompleteCount_1_126","HeroList_Direct","",""
"Achievement_HeroSkillLvUpCompleteCount_1_127_127","Mission","Achievement_HeroSkillLvUpCompleteCount_1_127","HeroList_Direct","",""
"Achievement_HeroSkillLvUpCompleteCount_1_128_128","Mission","Achievement_HeroSkillLvUpCompleteCount_1_128","HeroList_Direct","",""
"Achievement_HeroSkillLvUpCompleteCount_1_129_129","Mission","Achievement_HeroSkillLvUpCompleteCount_1_129","HeroList_Direct","",""
"Achievement_HeroSkillLvUpCompleteCount_1_130_130","Mission","Achievement_HeroSkillLvUpCompleteCount_1_130","HeroList_Direct","",""
"Achievement_HeroSkillLvUpCompleteCount_1_131_131","Mission","Achievement_HeroSkillLvUpCompleteCount_1_131","HeroList_Direct","",""
"Achievement_HeroSkillLvUpCompleteCount_1_132_132","Mission","Achievement_HeroSkillLvUpCompleteCount_1_132","HeroList_Direct","",""
"Achievement_HeroSkillLvUpCompleteCount_1_133_133","Mission","Achievement_HeroSkillLvUpCompleteCount_1_133","HeroList_Direct","",""
"Achievement_HeroSkillLvUpCompleteCount_1_134_134","Mission","Achievement_HeroSkillLvUpCompleteCount_1_134","HeroList_Direct","",""
"Achievement_HeroSkillLvUpCompleteCount_1_135_135","Mission","Achievement_HeroSkillLvUpCompleteCount_1_135","HeroList_Direct","",""
"Achievement_HeroSkillLvUpCompleteCount_1_136_136","Mission","Achievement_HeroSkillLvUpCompleteCount_1_136","HeroList_Direct","",""
"Achievement_HeroSkillLvUpCompleteCount_1_137_137","Mission","Achievement_HeroSkillLvUpCompleteCount_1_137","HeroList_Direct","",""
"Achievement_HeroSkillLvUpCompleteCount_1_138_138","Mission","Achievement_HeroSkillLvUpCompleteCount_1_138","HeroList_Direct","",""
"Achievement_HeroSkillLvUpCompleteCount_1_139_139","Mission","Achievement_HeroSkillLvUpCompleteCount_1_139","HeroList_Direct","",""
"Achievement_HeroSkillLvUpCompleteCount_1_140_140","Mission","Achievement_HeroSkillLvUpCompleteCount_1_140","HeroList_Direct","",""
"Achievement_HeroSkillLvUpCompleteCount_1_141_141","Mission","Achievement_HeroSkillLvUpCompleteCount_1_141","HeroList_Direct","",""
"Achievement_HeroSkillLvUpCompleteCount_1_142_142","Mission","Achievement_HeroSkillLvUpCompleteCount_1_142","HeroList_Direct","",""
"Achievement_HeroSkillLvUpCompleteCount_1_143_143","Mission","Achievement_HeroSkillLvUpCompleteCount_1_143","HeroList_Direct","",""
"Achievement_HeroSkillLvUpCompleteCount_1_144_144","Mission","Achievement_HeroSkillLvUpCompleteCount_1_144","HeroList_Direct","",""
"Achievement_HeroSkillLvUpCompleteCount_1_145_145","Mission","Achievement_HeroSkillLvUpCompleteCount_1_145","HeroList_Direct","",""
"Achievement_HeroSkillLvUpCompleteCount_1_146_146","Mission","Achievement_HeroSkillLvUpCompleteCount_1_146","HeroList_Direct","",""
"Achievement_HeroSkillLvUpCompleteCount_1_147_147","Mission","Achievement_HeroSkillLvUpCompleteCount_1_147","HeroList_Direct","",""
"Achievement_HeroSkillLvUpCompleteCount_1_148_148","Mission","Achievement_HeroSkillLvUpCompleteCount_1_148","HeroList_Direct","",""
"Achievement_HeroSkillLvUpCompleteCount_1_149_149","Mission","Achievement_HeroSkillLvUpCompleteCount_1_149","HeroList_Direct","",""
"Achievement_HeroSkillLvUpCompleteCount_1_150_150","Mission","Achievement_HeroSkillLvUpCompleteCount_1_150","HeroList_Direct","",""
"Achievement_HeroSkillLvUpCompleteCount_1_151_151","Mission","Achievement_HeroSkillLvUpCompleteCount_1_151","HeroList_Direct","",""
"Achievement_HeroSkillLvUpCompleteCount_1_152_152","Mission","Achievement_HeroSkillLvUpCompleteCount_1_152","HeroList_Direct","",""
"Achievement_HeroSkillLvUpCompleteCount_1_153_153","Mission","Achievement_HeroSkillLvUpCompleteCount_1_153","HeroList_Direct","",""
"Achievement_HeroSkillLvUpCompleteCount_1_154_154","Mission","Achievement_HeroSkillLvUpCompleteCount_1_154","HeroList_Direct","",""
"Achievement_HeroSkillLvUpCompleteCount_1_155_155","Mission","Achievement_HeroSkillLvUpCompleteCount_1_155","HeroList_Direct","",""
"Achievement_HeroSkillLvUpCompleteCount_1_156_156","Mission","Achievement_HeroSkillLvUpCompleteCount_1_156","HeroList_Direct","",""
"Achievement_HeroSkillLvUpCompleteCount_1_157_157","Mission","Achievement_HeroSkillLvUpCompleteCount_1_157","HeroList_Direct","",""
"Achievement_HeroSkillLvUpCompleteCount_1_158_158","Mission","Achievement_HeroSkillLvUpCompleteCount_1_158","HeroList_Direct","",""
"Achievement_HeroSkillLvUpCompleteCount_1_159_159","Mission","Achievement_HeroSkillLvUpCompleteCount_1_159","HeroList_Direct","",""
"Achievement_HeroSkillLvUpCompleteCount_1_160_160","Mission","Achievement_HeroSkillLvUpCompleteCount_1_160","HeroList_Direct","",""
"Achievement_HeroSkillLvUpCompleteCount_1_161_161","Mission","Achievement_HeroSkillLvUpCompleteCount_1_161","HeroList_Direct","",""
"Achievement_HeroSkillLvUpCompleteCount_1_162_162","Mission","Achievement_HeroSkillLvUpCompleteCount_1_162","HeroList_Direct","",""
"Achievement_HeroSkillLvUpCompleteCount_1_163_163","Mission","Achievement_HeroSkillLvUpCompleteCount_1_163","HeroList_Direct","",""
"Achievement_HeroSkillLvUpCompleteCount_1_164_164","Mission","Achievement_HeroSkillLvUpCompleteCount_1_164","HeroList_Direct","",""
"Achievement_HeroSkillLvUpCompleteCount_1_165_165","Mission","Achievement_HeroSkillLvUpCompleteCount_1_165","HeroList_Direct","",""
"Achievement_HeroSkillLvUpCompleteCount_1_166_166","Mission","Achievement_HeroSkillLvUpCompleteCount_1_166","HeroList_Direct","",""
"Achievement_HeroSkillLvUpCompleteCount_1_167_167","Mission","Achievement_HeroSkillLvUpCompleteCount_1_167","HeroList_Direct","",""
"Achievement_HeroSkillLvUpCompleteCount_1_168_168","Mission","Achievement_HeroSkillLvUpCompleteCount_1_168","HeroList_Direct","",""
"Achievement_HeroSkillLvUpCompleteCount_1_169_169","Mission","Achievement_HeroSkillLvUpCompleteCount_1_169","HeroList_Direct","",""
"Achievement_HeroSkillLvUpCompleteCount_1_170_170","Mission","Achievement_HeroSkillLvUpCompleteCount_1_170","HeroList_Direct","",""
"Achievement_HeroSkillLvUpCompleteCount_1_171_171","Mission","Achievement_HeroSkillLvUpCompleteCount_1_171","HeroList_Direct","",""
"Achievement_HeroSkillLvUpCompleteCount_1_172_172","Mission","Achievement_HeroSkillLvUpCompleteCount_1_172","HeroList_Direct","",""
"Achievement_HeroSkillLvUpCompleteCount_1_173_173","Mission","Achievement_HeroSkillLvUpCompleteCount_1_173","HeroList_Direct","",""
"Achievement_HeroSkillLvUpCompleteCount_1_174_174","Mission","Achievement_HeroSkillLvUpCompleteCount_1_174","HeroList_Direct","",""
"Achievement_HeroSkillLvUpCompleteCount_1_175_175","Mission","Achievement_HeroSkillLvUpCompleteCount_1_175","HeroList_Direct","",""
"Achievement_HeroSkillLvUpCompleteCount_1_176_176","Mission","Achievement_HeroSkillLvUpCompleteCount_1_176","HeroList_Direct","",""
"Achievement_HeroSkillLvUpCompleteCount_1_177_177","Mission","Achievement_HeroSkillLvUpCompleteCount_1_177","HeroList_Direct","",""
"Achievement_HeroSkillLvUpCompleteCount_1_178_178","Mission","Achievement_HeroSkillLvUpCompleteCount_1_178","HeroList_Direct","",""
"Achievement_HeroSkillLvUpCompleteCount_1_179_179","Mission","Achievement_HeroSkillLvUpCompleteCount_1_179","HeroList_Direct","",""
"Achievement_HeroSkillLvUpCompleteCount_1_180_180","Mission","Achievement_HeroSkillLvUpCompleteCount_1_180","HeroList_Direct","",""
"Achievement_HeroSkillLvUpCompleteCount_1_181_181","Mission","Achievement_HeroSkillLvUpCompleteCount_1_181","HeroList_Direct","",""
"Achievement_HeroSkillLvUpCompleteCount_1_182_182","Mission","Achievement_HeroSkillLvUpCompleteCount_1_182","HeroList_Direct","",""
"Achievement_HeroSkillLvUpCompleteCount_1_183_183","Mission","Achievement_HeroSkillLvUpCompleteCount_1_183","HeroList_Direct","",""
"Achievement_HeroSkillLvUpCompleteCount_1_184_184","Mission","Achievement_HeroSkillLvUpCompleteCount_1_184","HeroList_Direct","",""
"Achievement_HeroSkillLvUpCompleteCount_1_185_185","Mission","Achievement_HeroSkillLvUpCompleteCount_1_185","HeroList_Direct","",""
"Achievement_HeroSkillLvUpCompleteCount_1_186_186","Mission","Achievement_HeroSkillLvUpCompleteCount_1_186","HeroList_Direct","",""
"Achievement_HeroSkillLvUpCompleteCount_1_187_187","Mission","Achievement_HeroSkillLvUpCompleteCount_1_187","HeroList_Direct","",""
"Achievement_HeroSkillLvUpCompleteCount_1_188_188","Mission","Achievement_HeroSkillLvUpCompleteCount_1_188","HeroList_Direct","",""
"Achievement_HeroSkillLvUpCompleteCount_1_189_189","Mission","Achievement_HeroSkillLvUpCompleteCount_1_189","HeroList_Direct","",""
"Achievement_HeroSkillLvUpCompleteCount_1_190_190","Mission","Achievement_HeroSkillLvUpCompleteCount_1_190","HeroList_Direct","",""
"Achievement_HeroSkillLvUpCompleteCount_1_191_191","Mission","Achievement_HeroSkillLvUpCompleteCount_1_191","HeroList_Direct","",""
"Achievement_HeroSkillLvUpCompleteCount_1_192_192","Mission","Achievement_HeroSkillLvUpCompleteCount_1_192","HeroList_Direct","",""
"Achievement_HeroSkillLvUpCompleteCount_1_193_193","Mission","Achievement_HeroSkillLvUpCompleteCount_1_193","HeroList_Direct","",""
"Achievement_HeroSkillLvUpCompleteCount_1_194_194","Mission","Achievement_HeroSkillLvUpCompleteCount_1_194","HeroList_Direct","",""
"Achievement_HeroSkillLvUpCompleteCount_1_195_195","Mission","Achievement_HeroSkillLvUpCompleteCount_1_195","HeroList_Direct","",""
"Achievement_HeroSkillLvUpCompleteCount_1_196_196","Mission","Achievement_HeroSkillLvUpCompleteCount_1_196","HeroList_Direct","",""
"Achievement_HeroSkillLvUpCompleteCount_1_197_197","Mission","Achievement_HeroSkillLvUpCompleteCount_1_197","HeroList_Direct","",""
"Achievement_HeroSkillLvUpCompleteCount_1_198_198","Mission","Achievement_HeroSkillLvUpCompleteCount_1_198","HeroList_Direct","",""
"Achievement_HeroSkillLvUpCompleteCount_1_199_199","Mission","Achievement_HeroSkillLvUpCompleteCount_1_199","HeroList_Direct","",""
"Achievement_HeroSkillLvUpCompleteCount_1_200_200","Mission","Achievement_HeroSkillLvUpCompleteCount_1_200","HeroList_Direct","",""
"Achievement_HeroSkillLvUpCompleteCount_1_201_201","Mission","Achievement_HeroSkillLvUpCompleteCount_1_201","HeroList_Direct","",""
"Achievement_HeroSkillLvUpCompleteCount_1_202_202","Mission","Achievement_HeroSkillLvUpCompleteCount_1_202","HeroList_Direct","",""
"Achievement_HeroSkillLvUpCompleteCount_1_203_203","Mission","Achievement_HeroSkillLvUpCompleteCount_1_203","HeroList_Direct","",""
"Achievement_HeroSkillLvUpCompleteCount_1_204_204","Mission","Achievement_HeroSkillLvUpCompleteCount_1_204","HeroList_Direct","",""
"Achievement_HeroSkillLvUpCompleteCount_1_205_205","Mission","Achievement_HeroSkillLvUpCompleteCount_1_205","HeroList_Direct","",""
"Achievement_HeroSkillLvUpCompleteCount_1_206_206","Mission","Achievement_HeroSkillLvUpCompleteCount_1_206","HeroList_Direct","",""
"Achievement_HeroSkillLvUpCompleteCount_1_207_207","Mission","Achievement_HeroSkillLvUpCompleteCount_1_207","HeroList_Direct","",""
"Achievement_HeroSkillLvUpCompleteCount_1_208_208","Mission","Achievement_HeroSkillLvUpCompleteCount_1_208","HeroList_Direct","",""
"Achievement_HeroSkillLvUpCompleteCount_1_209_209","Mission","Achievement_HeroSkillLvUpCompleteCount_1_209","HeroList_Direct","",""
"Achievement_HeroSkillLvUpCompleteCount_1_210_210","Mission","Achievement_HeroSkillLvUpCompleteCount_1_210","HeroList_Direct","",""
"Achievement_HeroSkillLvUpCompleteCount_1_211_211","Mission","Achievement_HeroSkillLvUpCompleteCount_1_211","HeroList_Direct","",""
"Achievement_HeroSkillLvUpCompleteCount_1_212_212","Mission","Achievement_HeroSkillLvUpCompleteCount_1_212","HeroList_Direct","",""
"Achievement_HeroSkillLvUpCompleteCount_1_213_213","Mission","Achievement_HeroSkillLvUpCompleteCount_1_213","HeroList_Direct","",""
"Achievement_HeroSkillLvUpCompleteCount_1_214_214","Mission","Achievement_HeroSkillLvUpCompleteCount_1_214","HeroList_Direct","",""
"Achievement_HeroSkillLvUpCompleteCount_1_215_215","Mission","Achievement_HeroSkillLvUpCompleteCount_1_215","HeroList_Direct","",""
"Achievement_HeroSkillLvUpCompleteCount_1_216_216","Mission","Achievement_HeroSkillLvUpCompleteCount_1_216","HeroList_Direct","",""
"Achievement_HeroSkillLvUpCompleteCount_1_217_217","Mission","Achievement_HeroSkillLvUpCompleteCount_1_217","HeroList_Direct","",""
"Achievement_HeroSkillLvUpCompleteCount_1_218_218","Mission","Achievement_HeroSkillLvUpCompleteCount_1_218","HeroList_Direct","",""
"Achievement_HeroSkillLvUpCompleteCount_1_219_219","Mission","Achievement_HeroSkillLvUpCompleteCount_1_219","HeroList_Direct","",""
"Achievement_HeroSkillLvUpCompleteCount_1_220_220","Mission","Achievement_HeroSkillLvUpCompleteCount_1_220","HeroList_Direct","",""
"Achievement_HeroSkillLvUpCompleteCount_1_221_221","Mission","Achievement_HeroSkillLvUpCompleteCount_1_221","HeroList_Direct","",""
"Achievement_HeroSkillLvUpCompleteCount_1_222_222","Mission","Achievement_HeroSkillLvUpCompleteCount_1_222","HeroList_Direct","",""
"Achievement_HeroSkillLvUpCompleteCount_1_223_223","Mission","Achievement_HeroSkillLvUpCompleteCount_1_223","HeroList_Direct","",""
"Achievement_HeroSkillLvUpCompleteCount_1_224_224","Mission","Achievement_HeroSkillLvUpCompleteCount_1_224","HeroList_Direct","",""
"Achievement_HeroSkillLvUpCompleteCount_1_225_225","Mission","Achievement_HeroSkillLvUpCompleteCount_1_225","HeroList_Direct","",""
"Achievement_HeroSkillLvUpCompleteCount_1_226_226","Mission","Achievement_HeroSkillLvUpCompleteCount_1_226","HeroList_Direct","",""
"Achievement_HeroSkillLvUpCompleteCount_1_227_227","Mission","Achievement_HeroSkillLvUpCompleteCount_1_227","HeroList_Direct","",""
"Achievement_HeroSkillLvUpCompleteCount_1_228_228","Mission","Achievement_HeroSkillLvUpCompleteCount_1_228","HeroList_Direct","",""
"Achievement_HeroSkillLvUpCompleteCount_1_229_229","Mission","Achievement_HeroSkillLvUpCompleteCount_1_229","HeroList_Direct","",""
"Achievement_HeroSkillLvUpCompleteCount_1_230_230","Mission","Achievement_HeroSkillLvUpCompleteCount_1_230","HeroList_Direct","",""
"Achievement_HeroSkillLvUpCompleteCount_1_231_231","Mission","Achievement_HeroSkillLvUpCompleteCount_1_231","HeroList_Direct","",""
"Achievement_HeroSkillLvUpCompleteCount_1_232_232","Mission","Achievement_HeroSkillLvUpCompleteCount_1_232","HeroList_Direct","",""
"Achievement_HeroSkillLvUpCompleteCount_1_233_233","Mission","Achievement_HeroSkillLvUpCompleteCount_1_233","HeroList_Direct","",""
"Achievement_HeroSkillLvUpCompleteCount_1_234_234","Mission","Achievement_HeroSkillLvUpCompleteCount_1_234","HeroList_Direct","",""
"Achievement_HeroSkillLvUpCompleteCount_1_235_235","Mission","Achievement_HeroSkillLvUpCompleteCount_1_235","HeroList_Direct","",""
"Achievement_HeroSkillLvUpCompleteCount_1_236_236","Mission","Achievement_HeroSkillLvUpCompleteCount_1_236","HeroList_Direct","",""
"Achievement_HeroSkillLvUpCompleteCount_1_237_237","Mission","Achievement_HeroSkillLvUpCompleteCount_1_237","HeroList_Direct","",""
"Achievement_HeroSkillLvUpCompleteCount_1_238_238","Mission","Achievement_HeroSkillLvUpCompleteCount_1_238","HeroList_Direct","",""
"Achievement_HeroSkillLvUpCompleteCount_1_239_239","Mission","Achievement_HeroSkillLvUpCompleteCount_1_239","HeroList_Direct","",""
"Achievement_HeroSkillLvUpCompleteCount_1_240_240","Mission","Achievement_HeroSkillLvUpCompleteCount_1_240","HeroList_Direct","",""
"Achievement_HeroSkillLvUpCompleteCount_1_241_241","Mission","Achievement_HeroSkillLvUpCompleteCount_1_241","HeroList_Direct","",""
"Achievement_HeroSkillLvUpCompleteCount_1_242_242","Mission","Achievement_HeroSkillLvUpCompleteCount_1_242","HeroList_Direct","",""
"Achievement_HeroSkillLvUpCompleteCount_1_243_243","Mission","Achievement_HeroSkillLvUpCompleteCount_1_243","HeroList_Direct","",""
"Achievement_HeroSkillLvUpCompleteCount_1_244_244","Mission","Achievement_HeroSkillLvUpCompleteCount_1_244","HeroList_Direct","",""
"Achievement_HeroSkillLvUpCompleteCount_1_245_245","Mission","Achievement_HeroSkillLvUpCompleteCount_1_245","HeroList_Direct","",""
"Achievement_HeroSkillLvUpCompleteCount_1_246_246","Mission","Achievement_HeroSkillLvUpCompleteCount_1_246","HeroList_Direct","",""
"Achievement_HeroSkillLvUpCompleteCount_1_247_247","Mission","Achievement_HeroSkillLvUpCompleteCount_1_247","HeroList_Direct","",""
"Achievement_HeroSkillLvUpCompleteCount_1_248_248","Mission","Achievement_HeroSkillLvUpCompleteCount_1_248","HeroList_Direct","",""
"Achievement_HeroSkillLvUpCompleteCount_1_249_249","Mission","Achievement_HeroSkillLvUpCompleteCount_1_249","HeroList_Direct","",""
"Achievement_HeroSkillLvUpCompleteCount_1_250_250","Mission","Achievement_HeroSkillLvUpCompleteCount_1_250","HeroList_Direct","",""
"Achievement_HeroSkillLvUpCompleteCount_1_251_251","Mission","Achievement_HeroSkillLvUpCompleteCount_1_251","HeroList_Direct","",""
"Achievement_HeroSkillLvUpCompleteCount_1_252_252","Mission","Achievement_HeroSkillLvUpCompleteCount_1_252","HeroList_Direct","",""
"Achievement_HeroSkillLvUpCompleteCount_1_253_253","Mission","Achievement_HeroSkillLvUpCompleteCount_1_253","HeroList_Direct","",""
"Achievement_HeroSkillLvUpCompleteCount_1_254_254","Mission","Achievement_HeroSkillLvUpCompleteCount_1_254","HeroList_Direct","",""
"Achievement_HeroSkillLvUpCompleteCount_1_255_255","Mission","Achievement_HeroSkillLvUpCompleteCount_1_255","HeroList_Direct","",""
"Achievement_HeroSkillLvUpCompleteCount_1_256_256","Mission","Achievement_HeroSkillLvUpCompleteCount_1_256","HeroList_Direct","",""
"Achievement_HeroSkillLvUpCompleteCount_1_257_257","Mission","Achievement_HeroSkillLvUpCompleteCount_1_257","HeroList_Direct","",""
"Achievement_HeroSkillLvUpCompleteCount_1_258_258","Mission","Achievement_HeroSkillLvUpCompleteCount_1_258","HeroList_Direct","",""
"Achievement_HeroSkillLvUpCompleteCount_1_259_259","Mission","Achievement_HeroSkillLvUpCompleteCount_1_259","HeroList_Direct","",""
"Achievement_HeroSkillLvUpCompleteCount_1_260_260","Mission","Achievement_HeroSkillLvUpCompleteCount_1_260","HeroList_Direct","",""
"Achievement_HeroSkillLvUpCompleteCount_1_261_261","Mission","Achievement_HeroSkillLvUpCompleteCount_1_261","HeroList_Direct","",""
"Achievement_HeroSkillLvUpCompleteCount_1_262_262","Mission","Achievement_HeroSkillLvUpCompleteCount_1_262","HeroList_Direct","",""
"Achievement_HeroSkillLvUpCompleteCount_1_263_263","Mission","Achievement_HeroSkillLvUpCompleteCount_1_263","HeroList_Direct","",""
"Achievement_HeroSkillLvUpCompleteCount_1_264_264","Mission","Achievement_HeroSkillLvUpCompleteCount_1_264","HeroList_Direct","",""
"Achievement_HeroSkillLvUpCompleteCount_1_265_265","Mission","Achievement_HeroSkillLvUpCompleteCount_1_265","HeroList_Direct","",""
"Achievement_HeroSkillLvUpCompleteCount_1_266_266","Mission","Achievement_HeroSkillLvUpCompleteCount_1_266","HeroList_Direct","",""
"Achievement_HeroSkillLvUpCompleteCount_1_267_267","Mission","Achievement_HeroSkillLvUpCompleteCount_1_267","HeroList_Direct","",""
"Achievement_HeroSkillLvUpCompleteCount_1_268_268","Mission","Achievement_HeroSkillLvUpCompleteCount_1_268","HeroList_Direct","",""
"Achievement_HeroSkillLvUpCompleteCount_1_269_269","Mission","Achievement_HeroSkillLvUpCompleteCount_1_269","HeroList_Direct","",""
"Achievement_HeroSkillLvUpCompleteCount_1_270_270","Mission","Achievement_HeroSkillLvUpCompleteCount_1_270","HeroList_Direct","",""
"Achievement_HeroSkillLvUpCompleteCount_1_271_271","Mission","Achievement_HeroSkillLvUpCompleteCount_1_271","HeroList_Direct","",""
"Achievement_HeroSkillLvUpCompleteCount_1_272_272","Mission","Achievement_HeroSkillLvUpCompleteCount_1_272","HeroList_Direct","",""
"Achievement_HeroSkillLvUpCompleteCount_1_273_273","Mission","Achievement_HeroSkillLvUpCompleteCount_1_273","HeroList_Direct","",""
"Achievement_HeroSkillLvUpCompleteCount_1_274_274","Mission","Achievement_HeroSkillLvUpCompleteCount_1_274","HeroList_Direct","",""
"Achievement_HeroSkillLvUpCompleteCount_1_275_275","Mission","Achievement_HeroSkillLvUpCompleteCount_1_275","HeroList_Direct","",""
"Achievement_HeroSkillLvUpCompleteCount_1_276_276","Mission","Achievement_HeroSkillLvUpCompleteCount_1_276","HeroList_Direct","",""
"Achievement_HeroSkillLvUpCompleteCount_1_277_277","Mission","Achievement_HeroSkillLvUpCompleteCount_1_277","HeroList_Direct","",""
"Achievement_HeroSkillLvUpCompleteCount_1_278_278","Mission","Achievement_HeroSkillLvUpCompleteCount_1_278","HeroList_Direct","",""
"Achievement_HeroSkillLvUpCompleteCount_1_279_279","Mission","Achievement_HeroSkillLvUpCompleteCount_1_279","HeroList_Direct","",""
"Achievement_HeroSkillLvUpCompleteCount_1_280_280","Mission","Achievement_HeroSkillLvUpCompleteCount_1_280","HeroList_Direct","",""
"Achievement_HeroSkillLvUpCompleteCount_1_281_281","Mission","Achievement_HeroSkillLvUpCompleteCount_1_281","HeroList_Direct","",""
"Achievement_HeroSkillLvUpCompleteCount_1_282_282","Mission","Achievement_HeroSkillLvUpCompleteCount_1_282","HeroList_Direct","",""
"Achievement_HeroSkillLvUpCompleteCount_1_283_283","Mission","Achievement_HeroSkillLvUpCompleteCount_1_283","HeroList_Direct","",""
"Achievement_HeroSkillLvUpCompleteCount_1_284_284","Mission","Achievement_HeroSkillLvUpCompleteCount_1_284","HeroList_Direct","",""
"Achievement_HeroSkillLvUpCompleteCount_1_285_285","Mission","Achievement_HeroSkillLvUpCompleteCount_1_285","HeroList_Direct","",""
"Achievement_HeroSkillLvUpCompleteCount_1_286_286","Mission","Achievement_HeroSkillLvUpCompleteCount_1_286","HeroList_Direct","",""
"Achievement_HeroSkillLvUpCompleteCount_1_287_287","Mission","Achievement_HeroSkillLvUpCompleteCount_1_287","HeroList_Direct","",""
"Achievement_HeroSkillLvUpCompleteCount_1_288_288","Mission","Achievement_HeroSkillLvUpCompleteCount_1_288","HeroList_Direct","",""
"Achievement_HeroSkillLvUpCompleteCount_1_289_289","Mission","Achievement_HeroSkillLvUpCompleteCount_1_289","HeroList_Direct","",""
"Achievement_HeroSkillLvUpCompleteCount_1_290_290","Mission","Achievement_HeroSkillLvUpCompleteCount_1_290","HeroList_Direct","",""
"Achievement_HeroSkillLvUpCompleteCount_1_291_291","Mission","Achievement_HeroSkillLvUpCompleteCount_1_291","HeroList_Direct","",""
"Achievement_HeroSkillLvUpCompleteCount_1_292_292","Mission","Achievement_HeroSkillLvUpCompleteCount_1_292","HeroList_Direct","",""
"Achievement_HeroSkillLvUpCompleteCount_1_293_293","Mission","Achievement_HeroSkillLvUpCompleteCount_1_293","HeroList_Direct","",""
"Achievement_HeroSkillLvUpCompleteCount_1_294_294","Mission","Achievement_HeroSkillLvUpCompleteCount_1_294","HeroList_Direct","",""
"Achievement_HeroSkillLvUpCompleteCount_1_295_295","Mission","Achievement_HeroSkillLvUpCompleteCount_1_295","HeroList_Direct","",""
"Achievement_HeroSkillLvUpCompleteCount_1_296_296","Mission","Achievement_HeroSkillLvUpCompleteCount_1_296","HeroList_Direct","",""
"Achievement_HeroSkillLvUpCompleteCount_1_297_297","Mission","Achievement_HeroSkillLvUpCompleteCount_1_297","HeroList_Direct","",""
"Achievement_HeroSkillLvUpCompleteCount_1_298_298","Mission","Achievement_HeroSkillLvUpCompleteCount_1_298","HeroList_Direct","",""
"Achievement_HeroSkillLvUpCompleteCount_1_299_299","Mission","Achievement_HeroSkillLvUpCompleteCount_1_299","HeroList_Direct","",""
"Achievement_HeroSkillLvUpCompleteCount_1_300_300","Mission","Achievement_HeroSkillLvUpCompleteCount_1_300","HeroList_Direct","",""
"Achievement_HeroSkillLvUpCompleteCount_2_01_01","Mission","Achievement_HeroSkillLvUpCompleteCount_2_01","HeroList_Direct","",""
"Achievement_HeroSkillLvUpCompleteCount_2_02_02","Mission","Achievement_HeroSkillLvUpCompleteCount_2_02","HeroList_Direct","",""
"Achievement_HeroSkillLvUpCompleteCount_2_03_03","Mission","Achievement_HeroSkillLvUpCompleteCount_2_03","HeroList_Direct","",""
"Achievement_HeroSkillLvUpCompleteCount_2_04_04","Mission","Achievement_HeroSkillLvUpCompleteCount_2_04","HeroList_Direct","",""
"Achievement_HeroSkillLvUpCompleteCount_2_05_05","Mission","Achievement_HeroSkillLvUpCompleteCount_2_05","HeroList_Direct","",""
"Achievement_HeroSkillLvUpCompleteCount_2_06_06","Mission","Achievement_HeroSkillLvUpCompleteCount_2_06","HeroList_Direct","",""
"Achievement_HeroSkillLvUpCompleteCount_2_07_07","Mission","Achievement_HeroSkillLvUpCompleteCount_2_07","HeroList_Direct","",""
"Achievement_HeroSkillLvUpCompleteCount_2_08_08","Mission","Achievement_HeroSkillLvUpCompleteCount_2_08","HeroList_Direct","",""
"Achievement_HeroSkillLvUpCompleteCount_2_09_09","Mission","Achievement_HeroSkillLvUpCompleteCount_2_09","HeroList_Direct","",""
"Achievement_HeroSkillLvUpCompleteCount_2_10_10","Mission","Achievement_HeroSkillLvUpCompleteCount_2_10","HeroList_Direct","",""
"Achievement_HeroSkillLvUpCompleteCount_2_11_11","Mission","Achievement_HeroSkillLvUpCompleteCount_2_11","HeroList_Direct","",""
"Achievement_HeroSkillLvUpCompleteCount_2_12_12","Mission","Achievement_HeroSkillLvUpCompleteCount_2_12","HeroList_Direct","",""
"Achievement_HeroSkillLvUpCompleteCount_2_13_13","Mission","Achievement_HeroSkillLvUpCompleteCount_2_13","HeroList_Direct","",""
"Achievement_HeroSkillLvUpCompleteCount_2_14_14","Mission","Achievement_HeroSkillLvUpCompleteCount_2_14","HeroList_Direct","",""
"Achievement_HeroSkillLvUpCompleteCount_2_15_15","Mission","Achievement_HeroSkillLvUpCompleteCount_2_15","HeroList_Direct","",""
"Achievement_HeroSkillLvUpCompleteCount_2_16_16","Mission","Achievement_HeroSkillLvUpCompleteCount_2_16","HeroList_Direct","",""
"Achievement_HeroSkillLvUpCompleteCount_2_17_17","Mission","Achievement_HeroSkillLvUpCompleteCount_2_17","HeroList_Direct","",""
"Achievement_HeroSkillLvUpCompleteCount_2_18_18","Mission","Achievement_HeroSkillLvUpCompleteCount_2_18","HeroList_Direct","",""
"Achievement_HeroSkillLvUpCompleteCount_2_19_19","Mission","Achievement_HeroSkillLvUpCompleteCount_2_19","HeroList_Direct","",""
"Achievement_HeroSkillLvUpCompleteCount_2_20_20","Mission","Achievement_HeroSkillLvUpCompleteCount_2_20","HeroList_Direct","",""
"Achievement_HeroSkillLvUpCompleteCount_2_21_21","Mission","Achievement_HeroSkillLvUpCompleteCount_2_21","HeroList_Direct","",""
"Achievement_HeroSkillLvUpCompleteCount_2_22_22","Mission","Achievement_HeroSkillLvUpCompleteCount_2_22","HeroList_Direct","",""
"Achievement_HeroSkillLvUpCompleteCount_2_23_23","Mission","Achievement_HeroSkillLvUpCompleteCount_2_23","HeroList_Direct","",""
"Achievement_HeroSkillLvUpCompleteCount_2_24_24","Mission","Achievement_HeroSkillLvUpCompleteCount_2_24","HeroList_Direct","",""
"Achievement_HeroSkillLvUpCompleteCount_2_25_25","Mission","Achievement_HeroSkillLvUpCompleteCount_2_25","HeroList_Direct","",""
"Achievement_HeroSkillLvUpCompleteCount_2_26_26","Mission","Achievement_HeroSkillLvUpCompleteCount_2_26","HeroList_Direct","",""
"Achievement_HeroSkillLvUpCompleteCount_2_27_27","Mission","Achievement_HeroSkillLvUpCompleteCount_2_27","HeroList_Direct","",""
"Achievement_HeroSkillLvUpCompleteCount_2_28_28","Mission","Achievement_HeroSkillLvUpCompleteCount_2_28","HeroList_Direct","",""
"Achievement_HeroSkillLvUpCompleteCount_2_29_29","Mission","Achievement_HeroSkillLvUpCompleteCount_2_29","HeroList_Direct","",""
"Achievement_HeroSkillLvUpCompleteCount_2_30_30","Mission","Achievement_HeroSkillLvUpCompleteCount_2_30","HeroList_Direct","",""
"Achievement_HeroSkillLvUpCompleteCount_2_31_31","Mission","Achievement_HeroSkillLvUpCompleteCount_2_31","HeroList_Direct","",""
"Achievement_HeroSkillLvUpCompleteCount_2_32_32","Mission","Achievement_HeroSkillLvUpCompleteCount_2_32","HeroList_Direct","",""
"Achievement_HeroSkillLvUpCompleteCount_2_33_33","Mission","Achievement_HeroSkillLvUpCompleteCount_2_33","HeroList_Direct","",""
"Achievement_HeroSkillLvUpCompleteCount_2_34_34","Mission","Achievement_HeroSkillLvUpCompleteCount_2_34","HeroList_Direct","",""
"Achievement_HeroSkillLvUpCompleteCount_2_35_35","Mission","Achievement_HeroSkillLvUpCompleteCount_2_35","HeroList_Direct","",""
"Achievement_HeroSkillLvUpCompleteCount_2_36_36","Mission","Achievement_HeroSkillLvUpCompleteCount_2_36","HeroList_Direct","",""
"Achievement_HeroSkillLvUpCompleteCount_2_37_37","Mission","Achievement_HeroSkillLvUpCompleteCount_2_37","HeroList_Direct","",""
"Achievement_HeroSkillLvUpCompleteCount_2_38_38","Mission","Achievement_HeroSkillLvUpCompleteCount_2_38","HeroList_Direct","",""
"Achievement_HeroSkillLvUpCompleteCount_2_39_39","Mission","Achievement_HeroSkillLvUpCompleteCount_2_39","HeroList_Direct","",""
"Achievement_HeroSkillLvUpCompleteCount_2_40_40","Mission","Achievement_HeroSkillLvUpCompleteCount_2_40","HeroList_Direct","",""
"Achievement_HeroSkillLvUpCompleteCount_2_41_41","Mission","Achievement_HeroSkillLvUpCompleteCount_2_41","HeroList_Direct","",""
"Achievement_HeroSkillLvUpCompleteCount_2_42_42","Mission","Achievement_HeroSkillLvUpCompleteCount_2_42","HeroList_Direct","",""
"Achievement_HeroSkillLvUpCompleteCount_2_43_43","Mission","Achievement_HeroSkillLvUpCompleteCount_2_43","HeroList_Direct","",""
"Achievement_HeroSkillLvUpCompleteCount_2_44_44","Mission","Achievement_HeroSkillLvUpCompleteCount_2_44","HeroList_Direct","",""
"Achievement_HeroSkillLvUpCompleteCount_2_45_45","Mission","Achievement_HeroSkillLvUpCompleteCount_2_45","HeroList_Direct","",""
"Achievement_HeroSkillLvUpCompleteCount_2_46_46","Mission","Achievement_HeroSkillLvUpCompleteCount_2_46","HeroList_Direct","",""
"Achievement_HeroSkillLvUpCompleteCount_2_47_47","Mission","Achievement_HeroSkillLvUpCompleteCount_2_47","HeroList_Direct","",""
"Achievement_HeroSkillLvUpCompleteCount_2_48_48","Mission","Achievement_HeroSkillLvUpCompleteCount_2_48","HeroList_Direct","",""
"Achievement_HeroSkillLvUpCompleteCount_2_49_49","Mission","Achievement_HeroSkillLvUpCompleteCount_2_49","HeroList_Direct","",""
"Achievement_HeroSkillLvUpCompleteCount_2_50_50","Mission","Achievement_HeroSkillLvUpCompleteCount_2_50","HeroList_Direct","",""
"Achievement_HeroSkillLvUpCompleteCount_2_51_51","Mission","Achievement_HeroSkillLvUpCompleteCount_2_51","HeroList_Direct","",""
"Achievement_HeroSkillLvUpCompleteCount_2_52_52","Mission","Achievement_HeroSkillLvUpCompleteCount_2_52","HeroList_Direct","",""
"Achievement_HeroSkillLvUpCompleteCount_2_53_53","Mission","Achievement_HeroSkillLvUpCompleteCount_2_53","HeroList_Direct","",""
"Achievement_HeroSkillLvUpCompleteCount_2_54_54","Mission","Achievement_HeroSkillLvUpCompleteCount_2_54","HeroList_Direct","",""
"Achievement_HeroSkillLvUpCompleteCount_2_55_55","Mission","Achievement_HeroSkillLvUpCompleteCount_2_55","HeroList_Direct","",""
"Achievement_HeroSkillLvUpCompleteCount_2_56_56","Mission","Achievement_HeroSkillLvUpCompleteCount_2_56","HeroList_Direct","",""
"Achievement_HeroSkillLvUpCompleteCount_2_57_57","Mission","Achievement_HeroSkillLvUpCompleteCount_2_57","HeroList_Direct","",""
"Achievement_HeroSkillLvUpCompleteCount_2_58_58","Mission","Achievement_HeroSkillLvUpCompleteCount_2_58","HeroList_Direct","",""
"Achievement_HeroSkillLvUpCompleteCount_2_59_59","Mission","Achievement_HeroSkillLvUpCompleteCount_2_59","HeroList_Direct","",""
"Achievement_HeroSkillLvUpCompleteCount_2_60_60","Mission","Achievement_HeroSkillLvUpCompleteCount_2_60","HeroList_Direct","",""
"Achievement_HeroSkillLvUpCompleteCount_2_61_61","Mission","Achievement_HeroSkillLvUpCompleteCount_2_61","HeroList_Direct","",""
"Achievement_HeroSkillLvUpCompleteCount_2_62_62","Mission","Achievement_HeroSkillLvUpCompleteCount_2_62","HeroList_Direct","",""
"Achievement_HeroSkillLvUpCompleteCount_2_63_63","Mission","Achievement_HeroSkillLvUpCompleteCount_2_63","HeroList_Direct","",""
"Achievement_HeroSkillLvUpCompleteCount_2_64_64","Mission","Achievement_HeroSkillLvUpCompleteCount_2_64","HeroList_Direct","",""
"Achievement_HeroSkillLvUpCompleteCount_2_65_65","Mission","Achievement_HeroSkillLvUpCompleteCount_2_65","HeroList_Direct","",""
"Achievement_HeroSkillLvUpCompleteCount_2_66_66","Mission","Achievement_HeroSkillLvUpCompleteCount_2_66","HeroList_Direct","",""
"Achievement_HeroSkillLvUpCompleteCount_2_67_67","Mission","Achievement_HeroSkillLvUpCompleteCount_2_67","HeroList_Direct","",""
"Achievement_HeroSkillLvUpCompleteCount_2_68_68","Mission","Achievement_HeroSkillLvUpCompleteCount_2_68","HeroList_Direct","",""
"Achievement_HeroSkillLvUpCompleteCount_2_69_69","Mission","Achievement_HeroSkillLvUpCompleteCount_2_69","HeroList_Direct","",""
"Achievement_HeroSkillLvUpCompleteCount_2_70_70","Mission","Achievement_HeroSkillLvUpCompleteCount_2_70","HeroList_Direct","",""
"Achievement_HeroSkillLvUpCompleteCount_2_71_71","Mission","Achievement_HeroSkillLvUpCompleteCount_2_71","HeroList_Direct","",""
"Achievement_HeroSkillLvUpCompleteCount_2_72_72","Mission","Achievement_HeroSkillLvUpCompleteCount_2_72","HeroList_Direct","",""
"Achievement_HeroSkillLvUpCompleteCount_2_73_73","Mission","Achievement_HeroSkillLvUpCompleteCount_2_73","HeroList_Direct","",""
"Achievement_HeroSkillLvUpCompleteCount_2_74_74","Mission","Achievement_HeroSkillLvUpCompleteCount_2_74","HeroList_Direct","",""
"Achievement_HeroSkillLvUpCompleteCount_2_75_75","Mission","Achievement_HeroSkillLvUpCompleteCount_2_75","HeroList_Direct","",""
"Achievement_HeroSkillLvUpCompleteCount_2_76_76","Mission","Achievement_HeroSkillLvUpCompleteCount_2_76","HeroList_Direct","",""
"Achievement_HeroSkillLvUpCompleteCount_2_77_77","Mission","Achievement_HeroSkillLvUpCompleteCount_2_77","HeroList_Direct","",""
"Achievement_HeroSkillLvUpCompleteCount_2_78_78","Mission","Achievement_HeroSkillLvUpCompleteCount_2_78","HeroList_Direct","",""
"Achievement_HeroSkillLvUpCompleteCount_2_79_79","Mission","Achievement_HeroSkillLvUpCompleteCount_2_79","HeroList_Direct","",""
"Achievement_HeroSkillLvUpCompleteCount_2_80_80","Mission","Achievement_HeroSkillLvUpCompleteCount_2_80","HeroList_Direct","",""
"Achievement_HeroSkillLvUpCompleteCount_2_81_81","Mission","Achievement_HeroSkillLvUpCompleteCount_2_81","HeroList_Direct","",""
"Achievement_HeroSkillLvUpCompleteCount_2_82_82","Mission","Achievement_HeroSkillLvUpCompleteCount_2_82","HeroList_Direct","",""
"Achievement_HeroSkillLvUpCompleteCount_2_83_83","Mission","Achievement_HeroSkillLvUpCompleteCount_2_83","HeroList_Direct","",""
"Achievement_HeroSkillLvUpCompleteCount_2_84_84","Mission","Achievement_HeroSkillLvUpCompleteCount_2_84","HeroList_Direct","",""
"Achievement_HeroSkillLvUpCompleteCount_2_85_85","Mission","Achievement_HeroSkillLvUpCompleteCount_2_85","HeroList_Direct","",""
"Achievement_HeroSkillLvUpCompleteCount_2_86_86","Mission","Achievement_HeroSkillLvUpCompleteCount_2_86","HeroList_Direct","",""
"Achievement_HeroSkillLvUpCompleteCount_2_87_87","Mission","Achievement_HeroSkillLvUpCompleteCount_2_87","HeroList_Direct","",""
"Achievement_HeroSkillLvUpCompleteCount_2_88_88","Mission","Achievement_HeroSkillLvUpCompleteCount_2_88","HeroList_Direct","",""
"Achievement_HeroSkillLvUpCompleteCount_2_89_89","Mission","Achievement_HeroSkillLvUpCompleteCount_2_89","HeroList_Direct","",""
"Achievement_HeroSkillLvUpCompleteCount_2_90_90","Mission","Achievement_HeroSkillLvUpCompleteCount_2_90","HeroList_Direct","",""
"Achievement_HeroSkillLvUpCompleteCount_2_91_91","Mission","Achievement_HeroSkillLvUpCompleteCount_2_91","HeroList_Direct","",""
"Achievement_HeroSkillLvUpCompleteCount_2_92_92","Mission","Achievement_HeroSkillLvUpCompleteCount_2_92","HeroList_Direct","",""
"Achievement_HeroSkillLvUpCompleteCount_2_93_93","Mission","Achievement_HeroSkillLvUpCompleteCount_2_93","HeroList_Direct","",""
"Achievement_HeroSkillLvUpCompleteCount_2_94_94","Mission","Achievement_HeroSkillLvUpCompleteCount_2_94","HeroList_Direct","",""
"Achievement_HeroSkillLvUpCompleteCount_2_95_95","Mission","Achievement_HeroSkillLvUpCompleteCount_2_95","HeroList_Direct","",""
"Achievement_HeroSkillLvUpCompleteCount_2_96_96","Mission","Achievement_HeroSkillLvUpCompleteCount_2_96","HeroList_Direct","",""
"Achievement_HeroSkillLvUpCompleteCount_2_97_97","Mission","Achievement_HeroSkillLvUpCompleteCount_2_97","HeroList_Direct","",""
"Achievement_HeroSkillLvUpCompleteCount_2_98_98","Mission","Achievement_HeroSkillLvUpCompleteCount_2_98","HeroList_Direct","",""
"Achievement_HeroSkillLvUpCompleteCount_2_99_99","Mission","Achievement_HeroSkillLvUpCompleteCount_2_99","HeroList_Direct","",""
"Achievement_HeroSkillLvUpCompleteCount_2_100_100","Mission","Achievement_HeroSkillLvUpCompleteCount_2_100","HeroList_Direct","",""
"Achievement_HeroSkillLvUpCompleteCount_2_101_101","Mission","Achievement_HeroSkillLvUpCompleteCount_2_101","HeroList_Direct","",""
"Achievement_HeroSkillLvUpCompleteCount_2_102_102","Mission","Achievement_HeroSkillLvUpCompleteCount_2_102","HeroList_Direct","",""
"Achievement_HeroSkillLvUpCompleteCount_2_103_103","Mission","Achievement_HeroSkillLvUpCompleteCount_2_103","HeroList_Direct","",""
"Achievement_HeroSkillLvUpCompleteCount_2_104_104","Mission","Achievement_HeroSkillLvUpCompleteCount_2_104","HeroList_Direct","",""
"Achievement_HeroSkillLvUpCompleteCount_2_105_105","Mission","Achievement_HeroSkillLvUpCompleteCount_2_105","HeroList_Direct","",""
"Achievement_HeroSkillLvUpCompleteCount_2_106_106","Mission","Achievement_HeroSkillLvUpCompleteCount_2_106","HeroList_Direct","",""
"Achievement_HeroSkillLvUpCompleteCount_2_107_107","Mission","Achievement_HeroSkillLvUpCompleteCount_2_107","HeroList_Direct","",""
"Achievement_HeroSkillLvUpCompleteCount_2_108_108","Mission","Achievement_HeroSkillLvUpCompleteCount_2_108","HeroList_Direct","",""
"Achievement_HeroSkillLvUpCompleteCount_2_109_109","Mission","Achievement_HeroSkillLvUpCompleteCount_2_109","HeroList_Direct","",""
"Achievement_HeroSkillLvUpCompleteCount_2_110_110","Mission","Achievement_HeroSkillLvUpCompleteCount_2_110","HeroList_Direct","",""
"Achievement_HeroSkillLvUpCompleteCount_2_111_111","Mission","Achievement_HeroSkillLvUpCompleteCount_2_111","HeroList_Direct","",""
"Achievement_HeroSkillLvUpCompleteCount_2_112_112","Mission","Achievement_HeroSkillLvUpCompleteCount_2_112","HeroList_Direct","",""
"Achievement_HeroSkillLvUpCompleteCount_2_113_113","Mission","Achievement_HeroSkillLvUpCompleteCount_2_113","HeroList_Direct","",""
"Achievement_HeroSkillLvUpCompleteCount_2_114_114","Mission","Achievement_HeroSkillLvUpCompleteCount_2_114","HeroList_Direct","",""
"Achievement_HeroSkillLvUpCompleteCount_2_115_115","Mission","Achievement_HeroSkillLvUpCompleteCount_2_115","HeroList_Direct","",""
"Achievement_HeroSkillLvUpCompleteCount_2_116_116","Mission","Achievement_HeroSkillLvUpCompleteCount_2_116","HeroList_Direct","",""
"Achievement_HeroSkillLvUpCompleteCount_2_117_117","Mission","Achievement_HeroSkillLvUpCompleteCount_2_117","HeroList_Direct","",""
"Achievement_HeroSkillLvUpCompleteCount_2_118_118","Mission","Achievement_HeroSkillLvUpCompleteCount_2_118","HeroList_Direct","",""
"Achievement_HeroSkillLvUpCompleteCount_2_119_119","Mission","Achievement_HeroSkillLvUpCompleteCount_2_119","HeroList_Direct","",""
"Achievement_HeroSkillLvUpCompleteCount_2_120_120","Mission","Achievement_HeroSkillLvUpCompleteCount_2_120","HeroList_Direct","",""
"Achievement_HeroSkillLvUpCompleteCount_2_121_121","Mission","Achievement_HeroSkillLvUpCompleteCount_2_121","HeroList_Direct","",""
"Achievement_HeroSkillLvUpCompleteCount_2_122_122","Mission","Achievement_HeroSkillLvUpCompleteCount_2_122","HeroList_Direct","",""
"Achievement_HeroSkillLvUpCompleteCount_2_123_123","Mission","Achievement_HeroSkillLvUpCompleteCount_2_123","HeroList_Direct","",""
"Achievement_HeroSkillLvUpCompleteCount_2_124_124","Mission","Achievement_HeroSkillLvUpCompleteCount_2_124","HeroList_Direct","",""
"Achievement_HeroSkillLvUpCompleteCount_2_125_125","Mission","Achievement_HeroSkillLvUpCompleteCount_2_125","HeroList_Direct","",""
"Achievement_HeroSkillLvUpCompleteCount_2_126_126","Mission","Achievement_HeroSkillLvUpCompleteCount_2_126","HeroList_Direct","",""
"Achievement_HeroSkillLvUpCompleteCount_2_127_127","Mission","Achievement_HeroSkillLvUpCompleteCount_2_127","HeroList_Direct","",""
"Achievement_HeroSkillLvUpCompleteCount_2_128_128","Mission","Achievement_HeroSkillLvUpCompleteCount_2_128","HeroList_Direct","",""
"Achievement_HeroSkillLvUpCompleteCount_2_129_129","Mission","Achievement_HeroSkillLvUpCompleteCount_2_129","HeroList_Direct","",""
"Achievement_HeroSkillLvUpCompleteCount_2_130_130","Mission","Achievement_HeroSkillLvUpCompleteCount_2_130","HeroList_Direct","",""
"Achievement_HeroSkillLvUpCompleteCount_2_131_131","Mission","Achievement_HeroSkillLvUpCompleteCount_2_131","HeroList_Direct","",""
"Achievement_HeroSkillLvUpCompleteCount_2_132_132","Mission","Achievement_HeroSkillLvUpCompleteCount_2_132","HeroList_Direct","",""
"Achievement_HeroSkillLvUpCompleteCount_2_133_133","Mission","Achievement_HeroSkillLvUpCompleteCount_2_133","HeroList_Direct","",""
"Achievement_HeroSkillLvUpCompleteCount_2_134_134","Mission","Achievement_HeroSkillLvUpCompleteCount_2_134","HeroList_Direct","",""
"Achievement_HeroSkillLvUpCompleteCount_2_135_135","Mission","Achievement_HeroSkillLvUpCompleteCount_2_135","HeroList_Direct","",""
"Achievement_HeroSkillLvUpCompleteCount_2_136_136","Mission","Achievement_HeroSkillLvUpCompleteCount_2_136","HeroList_Direct","",""
"Achievement_HeroSkillLvUpCompleteCount_2_137_137","Mission","Achievement_HeroSkillLvUpCompleteCount_2_137","HeroList_Direct","",""
"Achievement_HeroSkillLvUpCompleteCount_2_138_138","Mission","Achievement_HeroSkillLvUpCompleteCount_2_138","HeroList_Direct","",""
"Achievement_HeroSkillLvUpCompleteCount_2_139_139","Mission","Achievement_HeroSkillLvUpCompleteCount_2_139","HeroList_Direct","",""
"Achievement_HeroSkillLvUpCompleteCount_2_140_140","Mission","Achievement_HeroSkillLvUpCompleteCount_2_140","HeroList_Direct","",""
"Achievement_HeroSkillLvUpCompleteCount_2_141_141","Mission","Achievement_HeroSkillLvUpCompleteCount_2_141","HeroList_Direct","",""
"Achievement_HeroSkillLvUpCompleteCount_2_142_142","Mission","Achievement_HeroSkillLvUpCompleteCount_2_142","HeroList_Direct","",""
"Achievement_HeroSkillLvUpCompleteCount_2_143_143","Mission","Achievement_HeroSkillLvUpCompleteCount_2_143","HeroList_Direct","",""
"Achievement_HeroSkillLvUpCompleteCount_2_144_144","Mission","Achievement_HeroSkillLvUpCompleteCount_2_144","HeroList_Direct","",""
"Achievement_HeroSkillLvUpCompleteCount_2_145_145","Mission","Achievement_HeroSkillLvUpCompleteCount_2_145","HeroList_Direct","",""
"Achievement_HeroSkillLvUpCompleteCount_2_146_146","Mission","Achievement_HeroSkillLvUpCompleteCount_2_146","HeroList_Direct","",""
"Achievement_HeroSkillLvUpCompleteCount_2_147_147","Mission","Achievement_HeroSkillLvUpCompleteCount_2_147","HeroList_Direct","",""
"Achievement_HeroSkillLvUpCompleteCount_2_148_148","Mission","Achievement_HeroSkillLvUpCompleteCount_2_148","HeroList_Direct","",""
"Achievement_HeroSkillLvUpCompleteCount_2_149_149","Mission","Achievement_HeroSkillLvUpCompleteCount_2_149","HeroList_Direct","",""
"Achievement_HeroSkillLvUpCompleteCount_2_150_150","Mission","Achievement_HeroSkillLvUpCompleteCount_2_150","HeroList_Direct","",""
"Achievement_HeroSkillLvUpCompleteCount_2_151_151","Mission","Achievement_HeroSkillLvUpCompleteCount_2_151","HeroList_Direct","",""
"Achievement_HeroSkillLvUpCompleteCount_2_152_152","Mission","Achievement_HeroSkillLvUpCompleteCount_2_152","HeroList_Direct","",""
"Achievement_HeroSkillLvUpCompleteCount_2_153_153","Mission","Achievement_HeroSkillLvUpCompleteCount_2_153","HeroList_Direct","",""
"Achievement_HeroSkillLvUpCompleteCount_2_154_154","Mission","Achievement_HeroSkillLvUpCompleteCount_2_154","HeroList_Direct","",""
"Achievement_HeroSkillLvUpCompleteCount_2_155_155","Mission","Achievement_HeroSkillLvUpCompleteCount_2_155","HeroList_Direct","",""
"Achievement_HeroSkillLvUpCompleteCount_2_156_156","Mission","Achievement_HeroSkillLvUpCompleteCount_2_156","HeroList_Direct","",""
"Achievement_HeroSkillLvUpCompleteCount_2_157_157","Mission","Achievement_HeroSkillLvUpCompleteCount_2_157","HeroList_Direct","",""
"Achievement_HeroSkillLvUpCompleteCount_2_158_158","Mission","Achievement_HeroSkillLvUpCompleteCount_2_158","HeroList_Direct","",""
"Achievement_HeroSkillLvUpCompleteCount_2_159_159","Mission","Achievement_HeroSkillLvUpCompleteCount_2_159","HeroList_Direct","",""
"Achievement_HeroSkillLvUpCompleteCount_2_160_160","Mission","Achievement_HeroSkillLvUpCompleteCount_2_160","HeroList_Direct","",""
"Achievement_HeroSkillLvUpCompleteCount_2_161_161","Mission","Achievement_HeroSkillLvUpCompleteCount_2_161","HeroList_Direct","",""
"Achievement_HeroSkillLvUpCompleteCount_2_162_162","Mission","Achievement_HeroSkillLvUpCompleteCount_2_162","HeroList_Direct","",""
"Achievement_HeroSkillLvUpCompleteCount_2_163_163","Mission","Achievement_HeroSkillLvUpCompleteCount_2_163","HeroList_Direct","",""
"Achievement_HeroSkillLvUpCompleteCount_2_164_164","Mission","Achievement_HeroSkillLvUpCompleteCount_2_164","HeroList_Direct","",""
"Achievement_HeroSkillLvUpCompleteCount_2_165_165","Mission","Achievement_HeroSkillLvUpCompleteCount_2_165","HeroList_Direct","",""
"Achievement_HeroSkillLvUpCompleteCount_2_166_166","Mission","Achievement_HeroSkillLvUpCompleteCount_2_166","HeroList_Direct","",""
"Achievement_HeroSkillLvUpCompleteCount_2_167_167","Mission","Achievement_HeroSkillLvUpCompleteCount_2_167","HeroList_Direct","",""
"Achievement_HeroSkillLvUpCompleteCount_2_168_168","Mission","Achievement_HeroSkillLvUpCompleteCount_2_168","HeroList_Direct","",""
"Achievement_HeroSkillLvUpCompleteCount_2_169_169","Mission","Achievement_HeroSkillLvUpCompleteCount_2_169","HeroList_Direct","",""
"Achievement_HeroSkillLvUpCompleteCount_2_170_170","Mission","Achievement_HeroSkillLvUpCompleteCount_2_170","HeroList_Direct","",""
"Achievement_HeroSkillLvUpCompleteCount_2_171_171","Mission","Achievement_HeroSkillLvUpCompleteCount_2_171","HeroList_Direct","",""
"Achievement_HeroSkillLvUpCompleteCount_2_172_172","Mission","Achievement_HeroSkillLvUpCompleteCount_2_172","HeroList_Direct","",""
"Achievement_HeroSkillLvUpCompleteCount_2_173_173","Mission","Achievement_HeroSkillLvUpCompleteCount_2_173","HeroList_Direct","",""
"Achievement_HeroSkillLvUpCompleteCount_2_174_174","Mission","Achievement_HeroSkillLvUpCompleteCount_2_174","HeroList_Direct","",""
"Achievement_HeroSkillLvUpCompleteCount_2_175_175","Mission","Achievement_HeroSkillLvUpCompleteCount_2_175","HeroList_Direct","",""
"Achievement_HeroSkillLvUpCompleteCount_2_176_176","Mission","Achievement_HeroSkillLvUpCompleteCount_2_176","HeroList_Direct","",""
"Achievement_HeroSkillLvUpCompleteCount_2_177_177","Mission","Achievement_HeroSkillLvUpCompleteCount_2_177","HeroList_Direct","",""
"Achievement_HeroSkillLvUpCompleteCount_2_178_178","Mission","Achievement_HeroSkillLvUpCompleteCount_2_178","HeroList_Direct","",""
"Achievement_HeroSkillLvUpCompleteCount_2_179_179","Mission","Achievement_HeroSkillLvUpCompleteCount_2_179","HeroList_Direct","",""
"Achievement_HeroSkillLvUpCompleteCount_2_180_180","Mission","Achievement_HeroSkillLvUpCompleteCount_2_180","HeroList_Direct","",""
"Achievement_HeroSkillLvUpCompleteCount_2_181_181","Mission","Achievement_HeroSkillLvUpCompleteCount_2_181","HeroList_Direct","",""
"Achievement_HeroSkillLvUpCompleteCount_2_182_182","Mission","Achievement_HeroSkillLvUpCompleteCount_2_182","HeroList_Direct","",""
"Achievement_HeroSkillLvUpCompleteCount_2_183_183","Mission","Achievement_HeroSkillLvUpCompleteCount_2_183","HeroList_Direct","",""
"Achievement_HeroSkillLvUpCompleteCount_2_184_184","Mission","Achievement_HeroSkillLvUpCompleteCount_2_184","HeroList_Direct","",""
"Achievement_HeroSkillLvUpCompleteCount_2_185_185","Mission","Achievement_HeroSkillLvUpCompleteCount_2_185","HeroList_Direct","",""
"Achievement_HeroSkillLvUpCompleteCount_2_186_186","Mission","Achievement_HeroSkillLvUpCompleteCount_2_186","HeroList_Direct","",""
"Achievement_HeroSkillLvUpCompleteCount_2_187_187","Mission","Achievement_HeroSkillLvUpCompleteCount_2_187","HeroList_Direct","",""
"Achievement_HeroSkillLvUpCompleteCount_2_188_188","Mission","Achievement_HeroSkillLvUpCompleteCount_2_188","HeroList_Direct","",""
"Achievement_HeroSkillLvUpCompleteCount_2_189_189","Mission","Achievement_HeroSkillLvUpCompleteCount_2_189","HeroList_Direct","",""
"Achievement_HeroSkillLvUpCompleteCount_2_190_190","Mission","Achievement_HeroSkillLvUpCompleteCount_2_190","HeroList_Direct","",""
"Achievement_HeroSkillLvUpCompleteCount_2_191_191","Mission","Achievement_HeroSkillLvUpCompleteCount_2_191","HeroList_Direct","",""
"Achievement_HeroSkillLvUpCompleteCount_2_192_192","Mission","Achievement_HeroSkillLvUpCompleteCount_2_192","HeroList_Direct","",""
"Achievement_HeroSkillLvUpCompleteCount_2_193_193","Mission","Achievement_HeroSkillLvUpCompleteCount_2_193","HeroList_Direct","",""
"Achievement_HeroSkillLvUpCompleteCount_2_194_194","Mission","Achievement_HeroSkillLvUpCompleteCount_2_194","HeroList_Direct","",""
"Achievement_HeroSkillLvUpCompleteCount_2_195_195","Mission","Achievement_HeroSkillLvUpCompleteCount_2_195","HeroList_Direct","",""
"Achievement_HeroSkillLvUpCompleteCount_2_196_196","Mission","Achievement_HeroSkillLvUpCompleteCount_2_196","HeroList_Direct","",""
"Achievement_HeroSkillLvUpCompleteCount_2_197_197","Mission","Achievement_HeroSkillLvUpCompleteCount_2_197","HeroList_Direct","",""
"Achievement_HeroSkillLvUpCompleteCount_2_198_198","Mission","Achievement_HeroSkillLvUpCompleteCount_2_198","HeroList_Direct","",""
"Achievement_HeroSkillLvUpCompleteCount_2_199_199","Mission","Achievement_HeroSkillLvUpCompleteCount_2_199","HeroList_Direct","",""
"Achievement_HeroSkillLvUpCompleteCount_2_200_200","Mission","Achievement_HeroSkillLvUpCompleteCount_2_200","HeroList_Direct","",""
"Achievement_HeroSkillLvUpCompleteCount_2_201_201","Mission","Achievement_HeroSkillLvUpCompleteCount_2_201","HeroList_Direct","",""
"Achievement_HeroSkillLvUpCompleteCount_2_202_202","Mission","Achievement_HeroSkillLvUpCompleteCount_2_202","HeroList_Direct","",""
"Achievement_HeroSkillLvUpCompleteCount_2_203_203","Mission","Achievement_HeroSkillLvUpCompleteCount_2_203","HeroList_Direct","",""
"Achievement_HeroSkillLvUpCompleteCount_2_204_204","Mission","Achievement_HeroSkillLvUpCompleteCount_2_204","HeroList_Direct","",""
"Achievement_HeroSkillLvUpCompleteCount_2_205_205","Mission","Achievement_HeroSkillLvUpCompleteCount_2_205","HeroList_Direct","",""
"Achievement_HeroSkillLvUpCompleteCount_2_206_206","Mission","Achievement_HeroSkillLvUpCompleteCount_2_206","HeroList_Direct","",""
"Achievement_HeroSkillLvUpCompleteCount_2_207_207","Mission","Achievement_HeroSkillLvUpCompleteCount_2_207","HeroList_Direct","",""
"Achievement_HeroSkillLvUpCompleteCount_2_208_208","Mission","Achievement_HeroSkillLvUpCompleteCount_2_208","HeroList_Direct","",""
"Achievement_HeroSkillLvUpCompleteCount_2_209_209","Mission","Achievement_HeroSkillLvUpCompleteCount_2_209","HeroList_Direct","",""
"Achievement_HeroSkillLvUpCompleteCount_2_210_210","Mission","Achievement_HeroSkillLvUpCompleteCount_2_210","HeroList_Direct","",""
"Achievement_HeroSkillLvUpCompleteCount_2_211_211","Mission","Achievement_HeroSkillLvUpCompleteCount_2_211","HeroList_Direct","",""
"Achievement_HeroSkillLvUpCompleteCount_2_212_212","Mission","Achievement_HeroSkillLvUpCompleteCount_2_212","HeroList_Direct","",""
"Achievement_HeroSkillLvUpCompleteCount_2_213_213","Mission","Achievement_HeroSkillLvUpCompleteCount_2_213","HeroList_Direct","",""
"Achievement_HeroSkillLvUpCompleteCount_2_214_214","Mission","Achievement_HeroSkillLvUpCompleteCount_2_214","HeroList_Direct","",""
"Achievement_HeroSkillLvUpCompleteCount_2_215_215","Mission","Achievement_HeroSkillLvUpCompleteCount_2_215","HeroList_Direct","",""
"Achievement_HeroSkillLvUpCompleteCount_2_216_216","Mission","Achievement_HeroSkillLvUpCompleteCount_2_216","HeroList_Direct","",""
"Achievement_HeroSkillLvUpCompleteCount_2_217_217","Mission","Achievement_HeroSkillLvUpCompleteCount_2_217","HeroList_Direct","",""
"Achievement_HeroSkillLvUpCompleteCount_2_218_218","Mission","Achievement_HeroSkillLvUpCompleteCount_2_218","HeroList_Direct","",""
"Achievement_HeroSkillLvUpCompleteCount_2_219_219","Mission","Achievement_HeroSkillLvUpCompleteCount_2_219","HeroList_Direct","",""
"Achievement_HeroSkillLvUpCompleteCount_2_220_220","Mission","Achievement_HeroSkillLvUpCompleteCount_2_220","HeroList_Direct","",""
"Achievement_HeroSkillLvUpCompleteCount_2_221_221","Mission","Achievement_HeroSkillLvUpCompleteCount_2_221","HeroList_Direct","",""
"Achievement_HeroSkillLvUpCompleteCount_2_222_222","Mission","Achievement_HeroSkillLvUpCompleteCount_2_222","HeroList_Direct","",""
"Achievement_HeroSkillLvUpCompleteCount_2_223_223","Mission","Achievement_HeroSkillLvUpCompleteCount_2_223","HeroList_Direct","",""
"Achievement_HeroSkillLvUpCompleteCount_2_224_224","Mission","Achievement_HeroSkillLvUpCompleteCount_2_224","HeroList_Direct","",""
"Achievement_HeroSkillLvUpCompleteCount_2_225_225","Mission","Achievement_HeroSkillLvUpCompleteCount_2_225","HeroList_Direct","",""
"Achievement_HeroSkillLvUpCompleteCount_2_226_226","Mission","Achievement_HeroSkillLvUpCompleteCount_2_226","HeroList_Direct","",""
"Achievement_HeroSkillLvUpCompleteCount_2_227_227","Mission","Achievement_HeroSkillLvUpCompleteCount_2_227","HeroList_Direct","",""
"Achievement_HeroSkillLvUpCompleteCount_2_228_228","Mission","Achievement_HeroSkillLvUpCompleteCount_2_228","HeroList_Direct","",""
"Achievement_HeroSkillLvUpCompleteCount_2_229_229","Mission","Achievement_HeroSkillLvUpCompleteCount_2_229","HeroList_Direct","",""
"Achievement_HeroSkillLvUpCompleteCount_2_230_230","Mission","Achievement_HeroSkillLvUpCompleteCount_2_230","HeroList_Direct","",""
"Achievement_HeroSkillLvUpCompleteCount_2_231_231","Mission","Achievement_HeroSkillLvUpCompleteCount_2_231","HeroList_Direct","",""
"Achievement_HeroSkillLvUpCompleteCount_2_232_232","Mission","Achievement_HeroSkillLvUpCompleteCount_2_232","HeroList_Direct","",""
"Achievement_HeroSkillLvUpCompleteCount_2_233_233","Mission","Achievement_HeroSkillLvUpCompleteCount_2_233","HeroList_Direct","",""
"Achievement_HeroSkillLvUpCompleteCount_2_234_234","Mission","Achievement_HeroSkillLvUpCompleteCount_2_234","HeroList_Direct","",""
"Achievement_HeroSkillLvUpCompleteCount_2_235_235","Mission","Achievement_HeroSkillLvUpCompleteCount_2_235","HeroList_Direct","",""
"Achievement_HeroSkillLvUpCompleteCount_2_236_236","Mission","Achievement_HeroSkillLvUpCompleteCount_2_236","HeroList_Direct","",""
"Achievement_HeroSkillLvUpCompleteCount_2_237_237","Mission","Achievement_HeroSkillLvUpCompleteCount_2_237","HeroList_Direct","",""
"Achievement_HeroSkillLvUpCompleteCount_2_238_238","Mission","Achievement_HeroSkillLvUpCompleteCount_2_238","HeroList_Direct","",""
"Achievement_HeroSkillLvUpCompleteCount_2_239_239","Mission","Achievement_HeroSkillLvUpCompleteCount_2_239","HeroList_Direct","",""
"Achievement_HeroSkillLvUpCompleteCount_2_240_240","Mission","Achievement_HeroSkillLvUpCompleteCount_2_240","HeroList_Direct","",""
"Achievement_HeroSkillLvUpCompleteCount_2_241_241","Mission","Achievement_HeroSkillLvUpCompleteCount_2_241","HeroList_Direct","",""
"Achievement_HeroSkillLvUpCompleteCount_2_242_242","Mission","Achievement_HeroSkillLvUpCompleteCount_2_242","HeroList_Direct","",""
"Achievement_HeroSkillLvUpCompleteCount_2_243_243","Mission","Achievement_HeroSkillLvUpCompleteCount_2_243","HeroList_Direct","",""
"Achievement_HeroSkillLvUpCompleteCount_2_244_244","Mission","Achievement_HeroSkillLvUpCompleteCount_2_244","HeroList_Direct","",""
"Achievement_HeroSkillLvUpCompleteCount_2_245_245","Mission","Achievement_HeroSkillLvUpCompleteCount_2_245","HeroList_Direct","",""
"Achievement_HeroSkillLvUpCompleteCount_2_246_246","Mission","Achievement_HeroSkillLvUpCompleteCount_2_246","HeroList_Direct","",""
"Achievement_HeroSkillLvUpCompleteCount_2_247_247","Mission","Achievement_HeroSkillLvUpCompleteCount_2_247","HeroList_Direct","",""
"Achievement_HeroSkillLvUpCompleteCount_2_248_248","Mission","Achievement_HeroSkillLvUpCompleteCount_2_248","HeroList_Direct","",""
"Achievement_HeroSkillLvUpCompleteCount_2_249_249","Mission","Achievement_HeroSkillLvUpCompleteCount_2_249","HeroList_Direct","",""
"Achievement_HeroSkillLvUpCompleteCount_2_250_250","Mission","Achievement_HeroSkillLvUpCompleteCount_2_250","HeroList_Direct","",""
"Achievement_HeroSkillLvUpCompleteCount_2_251_251","Mission","Achievement_HeroSkillLvUpCompleteCount_2_251","HeroList_Direct","",""
"Achievement_HeroSkillLvUpCompleteCount_2_252_252","Mission","Achievement_HeroSkillLvUpCompleteCount_2_252","HeroList_Direct","",""
"Achievement_HeroSkillLvUpCompleteCount_2_253_253","Mission","Achievement_HeroSkillLvUpCompleteCount_2_253","HeroList_Direct","",""
"Achievement_HeroSkillLvUpCompleteCount_2_254_254","Mission","Achievement_HeroSkillLvUpCompleteCount_2_254","HeroList_Direct","",""
"Achievement_HeroSkillLvUpCompleteCount_2_255_255","Mission","Achievement_HeroSkillLvUpCompleteCount_2_255","HeroList_Direct","",""
"Achievement_HeroSkillLvUpCompleteCount_2_256_256","Mission","Achievement_HeroSkillLvUpCompleteCount_2_256","HeroList_Direct","",""
"Achievement_HeroSkillLvUpCompleteCount_2_257_257","Mission","Achievement_HeroSkillLvUpCompleteCount_2_257","HeroList_Direct","",""
"Achievement_HeroSkillLvUpCompleteCount_2_258_258","Mission","Achievement_HeroSkillLvUpCompleteCount_2_258","HeroList_Direct","",""
"Achievement_HeroSkillLvUpCompleteCount_2_259_259","Mission","Achievement_HeroSkillLvUpCompleteCount_2_259","HeroList_Direct","",""
"Achievement_HeroSkillLvUpCompleteCount_2_260_260","Mission","Achievement_HeroSkillLvUpCompleteCount_2_260","HeroList_Direct","",""
"Achievement_HeroSkillLvUpCompleteCount_2_261_261","Mission","Achievement_HeroSkillLvUpCompleteCount_2_261","HeroList_Direct","",""
"Achievement_HeroSkillLvUpCompleteCount_2_262_262","Mission","Achievement_HeroSkillLvUpCompleteCount_2_262","HeroList_Direct","",""
"Achievement_HeroSkillLvUpCompleteCount_2_263_263","Mission","Achievement_HeroSkillLvUpCompleteCount_2_263","HeroList_Direct","",""
"Achievement_HeroSkillLvUpCompleteCount_2_264_264","Mission","Achievement_HeroSkillLvUpCompleteCount_2_264","HeroList_Direct","",""
"Achievement_HeroSkillLvUpCompleteCount_2_265_265","Mission","Achievement_HeroSkillLvUpCompleteCount_2_265","HeroList_Direct","",""
"Achievement_HeroSkillLvUpCompleteCount_2_266_266","Mission","Achievement_HeroSkillLvUpCompleteCount_2_266","HeroList_Direct","",""
"Achievement_HeroSkillLvUpCompleteCount_2_267_267","Mission","Achievement_HeroSkillLvUpCompleteCount_2_267","HeroList_Direct","",""
"Achievement_HeroSkillLvUpCompleteCount_2_268_268","Mission","Achievement_HeroSkillLvUpCompleteCount_2_268","HeroList_Direct","",""
"Achievement_HeroSkillLvUpCompleteCount_2_269_269","Mission","Achievement_HeroSkillLvUpCompleteCount_2_269","HeroList_Direct","",""
"Achievement_HeroSkillLvUpCompleteCount_2_270_270","Mission","Achievement_HeroSkillLvUpCompleteCount_2_270","HeroList_Direct","",""
"Achievement_HeroSkillLvUpCompleteCount_2_271_271","Mission","Achievement_HeroSkillLvUpCompleteCount_2_271","HeroList_Direct","",""
"Achievement_HeroSkillLvUpCompleteCount_2_272_272","Mission","Achievement_HeroSkillLvUpCompleteCount_2_272","HeroList_Direct","",""
"Achievement_HeroSkillLvUpCompleteCount_2_273_273","Mission","Achievement_HeroSkillLvUpCompleteCount_2_273","HeroList_Direct","",""
"Achievement_HeroSkillLvUpCompleteCount_2_274_274","Mission","Achievement_HeroSkillLvUpCompleteCount_2_274","HeroList_Direct","",""
"Achievement_HeroSkillLvUpCompleteCount_2_275_275","Mission","Achievement_HeroSkillLvUpCompleteCount_2_275","HeroList_Direct","",""
"Achievement_HeroSkillLvUpCompleteCount_2_276_276","Mission","Achievement_HeroSkillLvUpCompleteCount_2_276","HeroList_Direct","",""
"Achievement_HeroSkillLvUpCompleteCount_2_277_277","Mission","Achievement_HeroSkillLvUpCompleteCount_2_277","HeroList_Direct","",""
"Achievement_HeroSkillLvUpCompleteCount_2_278_278","Mission","Achievement_HeroSkillLvUpCompleteCount_2_278","HeroList_Direct","",""
"Achievement_HeroSkillLvUpCompleteCount_2_279_279","Mission","Achievement_HeroSkillLvUpCompleteCount_2_279","HeroList_Direct","",""
"Achievement_HeroSkillLvUpCompleteCount_2_280_280","Mission","Achievement_HeroSkillLvUpCompleteCount_2_280","HeroList_Direct","",""
"Achievement_HeroSkillLvUpCompleteCount_2_281_281","Mission","Achievement_HeroSkillLvUpCompleteCount_2_281","HeroList_Direct","",""
"Achievement_HeroSkillLvUpCompleteCount_2_282_282","Mission","Achievement_HeroSkillLvUpCompleteCount_2_282","HeroList_Direct","",""
"Achievement_HeroSkillLvUpCompleteCount_2_283_283","Mission","Achievement_HeroSkillLvUpCompleteCount_2_283","HeroList_Direct","",""
"Achievement_HeroSkillLvUpCompleteCount_2_284_284","Mission","Achievement_HeroSkillLvUpCompleteCount_2_284","HeroList_Direct","",""
"Achievement_HeroSkillLvUpCompleteCount_2_285_285","Mission","Achievement_HeroSkillLvUpCompleteCount_2_285","HeroList_Direct","",""
"Achievement_HeroSkillLvUpCompleteCount_2_286_286","Mission","Achievement_HeroSkillLvUpCompleteCount_2_286","HeroList_Direct","",""
"Achievement_HeroSkillLvUpCompleteCount_2_287_287","Mission","Achievement_HeroSkillLvUpCompleteCount_2_287","HeroList_Direct","",""
"Achievement_HeroSkillLvUpCompleteCount_2_288_288","Mission","Achievement_HeroSkillLvUpCompleteCount_2_288","HeroList_Direct","",""
"Achievement_HeroSkillLvUpCompleteCount_2_289_289","Mission","Achievement_HeroSkillLvUpCompleteCount_2_289","HeroList_Direct","",""
"Achievement_HeroSkillLvUpCompleteCount_2_290_290","Mission","Achievement_HeroSkillLvUpCompleteCount_2_290","HeroList_Direct","",""
"Achievement_HeroSkillLvUpCompleteCount_2_291_291","Mission","Achievement_HeroSkillLvUpCompleteCount_2_291","HeroList_Direct","",""
"Achievement_HeroSkillLvUpCompleteCount_2_292_292","Mission","Achievement_HeroSkillLvUpCompleteCount_2_292","HeroList_Direct","",""
"Achievement_HeroSkillLvUpCompleteCount_2_293_293","Mission","Achievement_HeroSkillLvUpCompleteCount_2_293","HeroList_Direct","",""
"Achievement_HeroSkillLvUpCompleteCount_2_294_294","Mission","Achievement_HeroSkillLvUpCompleteCount_2_294","HeroList_Direct","",""
"Achievement_HeroSkillLvUpCompleteCount_2_295_295","Mission","Achievement_HeroSkillLvUpCompleteCount_2_295","HeroList_Direct","",""
"Achievement_HeroSkillLvUpCompleteCount_2_296_296","Mission","Achievement_HeroSkillLvUpCompleteCount_2_296","HeroList_Direct","",""
"Achievement_HeroSkillLvUpCompleteCount_2_297_297","Mission","Achievement_HeroSkillLvUpCompleteCount_2_297","HeroList_Direct","",""
"Achievement_HeroSkillLvUpCompleteCount_2_298_298","Mission","Achievement_HeroSkillLvUpCompleteCount_2_298","HeroList_Direct","",""
"Achievement_HeroSkillLvUpCompleteCount_2_299_299","Mission","Achievement_HeroSkillLvUpCompleteCount_2_299","HeroList_Direct","",""
"Achievement_HeroSkillLvUpCompleteCount_2_300_300","Mission","Achievement_HeroSkillLvUpCompleteCount_2_300","HeroList_Direct","",""
"Achievement_GoldGetCount_01_01","Mission","Achievement_GoldGetCount_01","RuinsGold_Direct","",""
"Achievement_GoldGetCount_02_02","Mission","Achievement_GoldGetCount_02","RuinsGold_Direct","",""
"Achievement_GoldGetCount_03_03","Mission","Achievement_GoldGetCount_03","RuinsGold_Direct","",""
"Achievement_GoldGetCount_04_04","Mission","Achievement_GoldGetCount_04","RuinsGold_Direct","",""
"Achievement_GoldGetCount_05_05","Mission","Achievement_GoldGetCount_05","RuinsGold_Direct","",""
"Achievement_GoldGetCount_06_06","Mission","Achievement_GoldGetCount_06","RuinsGold_Direct","",""
"Achievement_GoldGetCount_07_07","Mission","Achievement_GoldGetCount_07","RuinsGold_Direct","",""
"Achievement_GoldGetCount_08_08","Mission","Achievement_GoldGetCount_08","RuinsGold_Direct","",""
"Achievement_GoldGetCount_09_09","Mission","Achievement_GoldGetCount_09","RuinsGold_Direct","",""
"Achievement_GoldGetCount_10_10","Mission","Achievement_GoldGetCount_10","RuinsGold_Direct","",""
"Achievement_GoldGetCount_11_11","Mission","Achievement_GoldGetCount_11","RuinsGold_Direct","",""
"Achievement_GoldGetCount_12_12","Mission","Achievement_GoldGetCount_12","RuinsGold_Direct","",""
"Achievement_GoldGetCount_13_13","Mission","Achievement_GoldGetCount_13","RuinsGold_Direct","",""
"Achievement_GoldGetCount_14_14","Mission","Achievement_GoldGetCount_14","RuinsGold_Direct","",""
"Achievement_GoldGetCount_15_15","Mission","Achievement_GoldGetCount_15","RuinsGold_Direct","",""
"Achievement_GoldGetCount_16_16","Mission","Achievement_GoldGetCount_16","RuinsGold_Direct","",""
"Achievement_GoldGetCount_17_17","Mission","Achievement_GoldGetCount_17","RuinsGold_Direct","",""
"Achievement_GoldGetCount_18_18","Mission","Achievement_GoldGetCount_18","RuinsGold_Direct","",""
"Achievement_GoldGetCount_19_19","Mission","Achievement_GoldGetCount_19","RuinsGold_Direct","",""
"Achievement_GoldGetCount_20_20","Mission","Achievement_GoldGetCount_20","RuinsGold_Direct","",""
"Achievement_GoldGetCount_21_21","Mission","Achievement_GoldGetCount_21","RuinsGold_Direct","",""
"Achievement_GoldGetCount_22_22","Mission","Achievement_GoldGetCount_22","RuinsGold_Direct","",""
"Achievement_GoldGetCount_23_23","Mission","Achievement_GoldGetCount_23","RuinsGold_Direct","",""
"Achievement_GoldGetCount_24_24","Mission","Achievement_GoldGetCount_24","RuinsGold_Direct","",""
"Achievement_GoldGetCount_25_25","Mission","Achievement_GoldGetCount_25","RuinsGold_Direct","",""
"Achievement_GoldGetCount_26_26","Mission","Achievement_GoldGetCount_26","RuinsGold_Direct","",""
"Achievement_GoldGetCount_27_27","Mission","Achievement_GoldGetCount_27","RuinsGold_Direct","",""
"Achievement_GoldGetCount_28_28","Mission","Achievement_GoldGetCount_28","RuinsGold_Direct","",""
"Achievement_GoldGetCount_29_29","Mission","Achievement_GoldGetCount_29","RuinsGold_Direct","",""
"Achievement_GoldGetCount_30_30","Mission","Achievement_GoldGetCount_30","RuinsGold_Direct","",""
"Achievement_GoldGetCount_31_31","Mission","Achievement_GoldGetCount_31","RuinsGold_Direct","",""
"Achievement_GoldGetCount_32_32","Mission","Achievement_GoldGetCount_32","RuinsGold_Direct","",""
"Achievement_GoldGetCount_33_33","Mission","Achievement_GoldGetCount_33","RuinsGold_Direct","",""
"Achievement_GoldGetCount_34_34","Mission","Achievement_GoldGetCount_34","RuinsGold_Direct","",""
"Achievement_GoldGetCount_35_35","Mission","Achievement_GoldGetCount_35","RuinsGold_Direct","",""
"Achievement_GoldGetCount_36_36","Mission","Achievement_GoldGetCount_36","RuinsGold_Direct","",""
"Achievement_GoldGetCount_37_37","Mission","Achievement_GoldGetCount_37","RuinsGold_Direct","",""
"Achievement_GoldGetCount_38_38","Mission","Achievement_GoldGetCount_38","RuinsGold_Direct","",""
"Achievement_GoldGetCount_39_39","Mission","Achievement_GoldGetCount_39","RuinsGold_Direct","",""
"Achievement_GoldGetCount_40_40","Mission","Achievement_GoldGetCount_40","RuinsGold_Direct","",""
"Achievement_GoldGetCount_41_41","Mission","Achievement_GoldGetCount_41","RuinsGold_Direct","",""
"Achievement_GoldGetCount_42_42","Mission","Achievement_GoldGetCount_42","RuinsGold_Direct","",""
"Achievement_GoldGetCount_43_43","Mission","Achievement_GoldGetCount_43","RuinsGold_Direct","",""
"Achievement_GoldGetCount_44_44","Mission","Achievement_GoldGetCount_44","RuinsGold_Direct","",""
"Achievement_GoldGetCount_45_45","Mission","Achievement_GoldGetCount_45","RuinsGold_Direct","",""
"Achievement_GoldGetCount_46_46","Mission","Achievement_GoldGetCount_46","RuinsGold_Direct","",""
"Achievement_GoldGetCount_47_47","Mission","Achievement_GoldGetCount_47","RuinsGold_Direct","",""
"Achievement_GoldGetCount_48_48","Mission","Achievement_GoldGetCount_48","RuinsGold_Direct","",""
"Achievement_GoldGetCount_49_49","Mission","Achievement_GoldGetCount_49","RuinsGold_Direct","",""
"Achievement_GoldGetCount_50_50","Mission","Achievement_GoldGetCount_50","RuinsGold_Direct","",""
"Achievement_GoldGetCount_51_51","Mission","Achievement_GoldGetCount_51","RuinsGold_Direct","",""
"Achievement_GoldGetCount_52_52","Mission","Achievement_GoldGetCount_52","RuinsGold_Direct","",""
"Achievement_GoldGetCount_53_53","Mission","Achievement_GoldGetCount_53","RuinsGold_Direct","",""
"Achievement_GoldGetCount_54_54","Mission","Achievement_GoldGetCount_54","RuinsGold_Direct","",""
"Achievement_GoldGetCount_55_55","Mission","Achievement_GoldGetCount_55","RuinsGold_Direct","",""
"Achievement_GoldGetCount_56_56","Mission","Achievement_GoldGetCount_56","RuinsGold_Direct","",""
"Achievement_GoldGetCount_57_57","Mission","Achievement_GoldGetCount_57","RuinsGold_Direct","",""
"Achievement_GoldGetCount_58_58","Mission","Achievement_GoldGetCount_58","RuinsGold_Direct","",""
"Achievement_GoldGetCount_59_59","Mission","Achievement_GoldGetCount_59","RuinsGold_Direct","",""
"Achievement_GoldGetCount_60_60","Mission","Achievement_GoldGetCount_60","RuinsGold_Direct","",""
"Achievement_GoldGetCount_61_61","Mission","Achievement_GoldGetCount_61","RuinsGold_Direct","",""
"Achievement_GoldGetCount_62_62","Mission","Achievement_GoldGetCount_62","RuinsGold_Direct","",""
"Achievement_GoldGetCount_63_63","Mission","Achievement_GoldGetCount_63","RuinsGold_Direct","",""
"Achievement_GoldGetCount_64_64","Mission","Achievement_GoldGetCount_64","RuinsGold_Direct","",""
"Achievement_GoldGetCount_65_65","Mission","Achievement_GoldGetCount_65","RuinsGold_Direct","",""
"Achievement_GoldGetCount_66_66","Mission","Achievement_GoldGetCount_66","RuinsGold_Direct","",""
"Achievement_GoldGetCount_67_67","Mission","Achievement_GoldGetCount_67","RuinsGold_Direct","",""
"Achievement_GoldGetCount_68_68","Mission","Achievement_GoldGetCount_68","RuinsGold_Direct","",""
"Achievement_GoldGetCount_69_69","Mission","Achievement_GoldGetCount_69","RuinsGold_Direct","",""
"Achievement_GoldGetCount_70_70","Mission","Achievement_GoldGetCount_70","RuinsGold_Direct","",""
"Achievement_GoldGetCount_71_71","Mission","Achievement_GoldGetCount_71","RuinsGold_Direct","",""
"Achievement_GoldGetCount_72_72","Mission","Achievement_GoldGetCount_72","RuinsGold_Direct","",""
"Achievement_GoldGetCount_73_73","Mission","Achievement_GoldGetCount_73","RuinsGold_Direct","",""
"Achievement_GoldGetCount_74_74","Mission","Achievement_GoldGetCount_74","RuinsGold_Direct","",""
"Achievement_GoldGetCount_75_75","Mission","Achievement_GoldGetCount_75","RuinsGold_Direct","",""
"Achievement_GoldGetCount_76_76","Mission","Achievement_GoldGetCount_76","RuinsGold_Direct","",""
"Achievement_GoldGetCount_77_77","Mission","Achievement_GoldGetCount_77","RuinsGold_Direct","",""
"Achievement_GoldGetCount_78_78","Mission","Achievement_GoldGetCount_78","RuinsGold_Direct","",""
"Achievement_GoldGetCount_79_79","Mission","Achievement_GoldGetCount_79","RuinsGold_Direct","",""
"Achievement_GoldGetCount_80_80","Mission","Achievement_GoldGetCount_80","RuinsGold_Direct","",""
"Achievement_GoldGetCount_81_81","Mission","Achievement_GoldGetCount_81","RuinsGold_Direct","",""
"Achievement_GoldGetCount_82_82","Mission","Achievement_GoldGetCount_82","RuinsGold_Direct","",""
"Achievement_GoldGetCount_83_83","Mission","Achievement_GoldGetCount_83","RuinsGold_Direct","",""
"Achievement_GoldGetCount_84_84","Mission","Achievement_GoldGetCount_84","RuinsGold_Direct","",""
"Achievement_GoldGetCount_85_85","Mission","Achievement_GoldGetCount_85","RuinsGold_Direct","",""
"Achievement_GoldGetCount_86_86","Mission","Achievement_GoldGetCount_86","RuinsGold_Direct","",""
"Achievement_GoldGetCount_87_87","Mission","Achievement_GoldGetCount_87","RuinsGold_Direct","",""
"Achievement_GoldGetCount_88_88","Mission","Achievement_GoldGetCount_88","RuinsGold_Direct","",""
"Achievement_GoldGetCount_89_89","Mission","Achievement_GoldGetCount_89","RuinsGold_Direct","",""
"Achievement_GoldGetCount_90_90","Mission","Achievement_GoldGetCount_90","RuinsGold_Direct","",""
"Achievement_GoldGetCount_91_91","Mission","Achievement_GoldGetCount_91","RuinsGold_Direct","",""
"Achievement_GoldGetCount_92_92","Mission","Achievement_GoldGetCount_92","RuinsGold_Direct","",""
"Achievement_GoldGetCount_93_93","Mission","Achievement_GoldGetCount_93","RuinsGold_Direct","",""
"Achievement_GoldGetCount_94_94","Mission","Achievement_GoldGetCount_94","RuinsGold_Direct","",""
"Achievement_GoldGetCount_95_95","Mission","Achievement_GoldGetCount_95","RuinsGold_Direct","",""
"Achievement_GoldGetCount_96_96","Mission","Achievement_GoldGetCount_96","RuinsGold_Direct","",""
"Achievement_GoldGetCount_97_97","Mission","Achievement_GoldGetCount_97","RuinsGold_Direct","",""
"Achievement_GoldGetCount_98_98","Mission","Achievement_GoldGetCount_98","RuinsGold_Direct","",""
"Achievement_GoldGetCount_99_99","Mission","Achievement_GoldGetCount_99","RuinsGold_Direct","",""
"Achievement_GoldGetCount_100_100","Mission","Achievement_GoldGetCount_100","RuinsGold_Direct","",""
"Achievement_GoldGetCount_101_101","Mission","Achievement_GoldGetCount_101","RuinsGold_Direct","",""
"Achievement_GoldGetCount_102_102","Mission","Achievement_GoldGetCount_102","RuinsGold_Direct","",""
"Achievement_GoldGetCount_103_103","Mission","Achievement_GoldGetCount_103","RuinsGold_Direct","",""
"Achievement_GoldGetCount_104_104","Mission","Achievement_GoldGetCount_104","RuinsGold_Direct","",""
"Achievement_GoldGetCount_105_105","Mission","Achievement_GoldGetCount_105","RuinsGold_Direct","",""
"Achievement_GoldGetCount_106_106","Mission","Achievement_GoldGetCount_106","RuinsGold_Direct","",""
"Achievement_GoldGetCount_107_107","Mission","Achievement_GoldGetCount_107","RuinsGold_Direct","",""
"Achievement_GoldGetCount_108_108","Mission","Achievement_GoldGetCount_108","RuinsGold_Direct","",""
"Achievement_GoldGetCount_109_109","Mission","Achievement_GoldGetCount_109","RuinsGold_Direct","",""
"Achievement_GoldGetCount_110_110","Mission","Achievement_GoldGetCount_110","RuinsGold_Direct","",""
"Achievement_GoldGetCount_111_111","Mission","Achievement_GoldGetCount_111","RuinsGold_Direct","",""
"Achievement_GoldGetCount_112_112","Mission","Achievement_GoldGetCount_112","RuinsGold_Direct","",""
"Achievement_GoldGetCount_113_113","Mission","Achievement_GoldGetCount_113","RuinsGold_Direct","",""
"Achievement_GoldGetCount_114_114","Mission","Achievement_GoldGetCount_114","RuinsGold_Direct","",""
"Achievement_GoldGetCount_115_115","Mission","Achievement_GoldGetCount_115","RuinsGold_Direct","",""
"Achievement_GoldGetCount_116_116","Mission","Achievement_GoldGetCount_116","RuinsGold_Direct","",""
"Achievement_GoldGetCount_117_117","Mission","Achievement_GoldGetCount_117","RuinsGold_Direct","",""
"Achievement_GoldGetCount_118_118","Mission","Achievement_GoldGetCount_118","RuinsGold_Direct","",""
"Achievement_GoldGetCount_119_119","Mission","Achievement_GoldGetCount_119","RuinsGold_Direct","",""
"Achievement_GoldGetCount_120_120","Mission","Achievement_GoldGetCount_120","RuinsGold_Direct","",""
"Achievement_GoldGetCount_121_121","Mission","Achievement_GoldGetCount_121","RuinsGold_Direct","",""
"Achievement_GoldGetCount_122_122","Mission","Achievement_GoldGetCount_122","RuinsGold_Direct","",""
"Achievement_GoldGetCount_123_123","Mission","Achievement_GoldGetCount_123","RuinsGold_Direct","",""
"Achievement_GoldGetCount_124_124","Mission","Achievement_GoldGetCount_124","RuinsGold_Direct","",""
"Achievement_GoldGetCount_125_125","Mission","Achievement_GoldGetCount_125","RuinsGold_Direct","",""
"Achievement_GoldGetCount_126_126","Mission","Achievement_GoldGetCount_126","RuinsGold_Direct","",""
"Achievement_GoldGetCount_127_127","Mission","Achievement_GoldGetCount_127","RuinsGold_Direct","",""
"Achievement_GoldGetCount_128_128","Mission","Achievement_GoldGetCount_128","RuinsGold_Direct","",""
"Achievement_GoldGetCount_129_129","Mission","Achievement_GoldGetCount_129","RuinsGold_Direct","",""
"Achievement_GoldGetCount_130_130","Mission","Achievement_GoldGetCount_130","RuinsGold_Direct","",""
"Achievement_GoldGetCount_131_131","Mission","Achievement_GoldGetCount_131","RuinsGold_Direct","",""
"Achievement_GoldGetCount_132_132","Mission","Achievement_GoldGetCount_132","RuinsGold_Direct","",""
"Achievement_GoldGetCount_133_133","Mission","Achievement_GoldGetCount_133","RuinsGold_Direct","",""
"Achievement_GoldGetCount_134_134","Mission","Achievement_GoldGetCount_134","RuinsGold_Direct","",""
"Achievement_GoldGetCount_135_135","Mission","Achievement_GoldGetCount_135","RuinsGold_Direct","",""
"Achievement_GoldGetCount_136_136","Mission","Achievement_GoldGetCount_136","RuinsGold_Direct","",""
"Achievement_GoldGetCount_137_137","Mission","Achievement_GoldGetCount_137","RuinsGold_Direct","",""
"Achievement_GoldGetCount_138_138","Mission","Achievement_GoldGetCount_138","RuinsGold_Direct","",""
"Achievement_GoldGetCount_139_139","Mission","Achievement_GoldGetCount_139","RuinsGold_Direct","",""
"Achievement_GoldGetCount_140_140","Mission","Achievement_GoldGetCount_140","RuinsGold_Direct","",""
"Achievement_GoldGetCount_141_141","Mission","Achievement_GoldGetCount_141","RuinsGold_Direct","",""
"Achievement_GoldGetCount_142_142","Mission","Achievement_GoldGetCount_142","RuinsGold_Direct","",""
"Achievement_GoldGetCount_143_143","Mission","Achievement_GoldGetCount_143","RuinsGold_Direct","",""
"Achievement_GoldGetCount_144_144","Mission","Achievement_GoldGetCount_144","RuinsGold_Direct","",""
"Achievement_GoldUseCount_01_01","Mission","Achievement_GoldUseCount_01","ShopCoinGold_Direct","Shop_Coin_Gold","ShopProduct"
"Achievement_GoldUseCount_02_02","Mission","Achievement_GoldUseCount_02","ShopCoinGold_Direct","Shop_Coin_Gold","ShopProduct"
"Achievement_GoldUseCount_03_03","Mission","Achievement_GoldUseCount_03","ShopCoinGold_Direct","Shop_Coin_Gold","ShopProduct"
"Achievement_GoldUseCount_04_04","Mission","Achievement_GoldUseCount_04","ShopCoinGold_Direct","Shop_Coin_Gold","ShopProduct"
"Achievement_GoldUseCount_05_05","Mission","Achievement_GoldUseCount_05","ShopCoinGold_Direct","Shop_Coin_Gold","ShopProduct"
"Achievement_GoldUseCount_06_06","Mission","Achievement_GoldUseCount_06","ShopCoinGold_Direct","Shop_Coin_Gold","ShopProduct"
"Achievement_GoldUseCount_07_07","Mission","Achievement_GoldUseCount_07","ShopCoinGold_Direct","Shop_Coin_Gold","ShopProduct"
"Achievement_GoldUseCount_08_08","Mission","Achievement_GoldUseCount_08","ShopCoinGold_Direct","Shop_Coin_Gold","ShopProduct"
"Achievement_GoldUseCount_09_09","Mission","Achievement_GoldUseCount_09","ShopCoinGold_Direct","Shop_Coin_Gold","ShopProduct"
"Achievement_GoldUseCount_10_10","Mission","Achievement_GoldUseCount_10","ShopCoinGold_Direct","Shop_Coin_Gold","ShopProduct"
"Achievement_GoldUseCount_11_11","Mission","Achievement_GoldUseCount_11","ShopCoinGold_Direct","Shop_Coin_Gold","ShopProduct"
"Achievement_GoldUseCount_12_12","Mission","Achievement_GoldUseCount_12","ShopCoinGold_Direct","Shop_Coin_Gold","ShopProduct"
"Achievement_GoldUseCount_13_13","Mission","Achievement_GoldUseCount_13","ShopCoinGold_Direct","Shop_Coin_Gold","ShopProduct"
"Achievement_GoldUseCount_14_14","Mission","Achievement_GoldUseCount_14","ShopCoinGold_Direct","Shop_Coin_Gold","ShopProduct"
"Achievement_GoldUseCount_15_15","Mission","Achievement_GoldUseCount_15","ShopCoinGold_Direct","Shop_Coin_Gold","ShopProduct"
"Achievement_GoldUseCount_16_16","Mission","Achievement_GoldUseCount_16","ShopCoinGold_Direct","Shop_Coin_Gold","ShopProduct"
"Achievement_GoldUseCount_17_17","Mission","Achievement_GoldUseCount_17","ShopCoinGold_Direct","Shop_Coin_Gold","ShopProduct"
"Achievement_GoldUseCount_18_18","Mission","Achievement_GoldUseCount_18","ShopCoinGold_Direct","Shop_Coin_Gold","ShopProduct"
"Achievement_GoldUseCount_19_19","Mission","Achievement_GoldUseCount_19","ShopCoinGold_Direct","Shop_Coin_Gold","ShopProduct"
"Achievement_GoldUseCount_20_20","Mission","Achievement_GoldUseCount_20","ShopCoinGold_Direct","Shop_Coin_Gold","ShopProduct"
"Achievement_GoldUseCount_21_21","Mission","Achievement_GoldUseCount_21","ShopCoinGold_Direct","Shop_Coin_Gold","ShopProduct"
"Achievement_GoldUseCount_22_22","Mission","Achievement_GoldUseCount_22","ShopCoinGold_Direct","Shop_Coin_Gold","ShopProduct"
"Achievement_GoldUseCount_23_23","Mission","Achievement_GoldUseCount_23","ShopCoinGold_Direct","Shop_Coin_Gold","ShopProduct"
"Achievement_GoldUseCount_24_24","Mission","Achievement_GoldUseCount_24","ShopCoinGold_Direct","Shop_Coin_Gold","ShopProduct"
"Achievement_GoldUseCount_25_25","Mission","Achievement_GoldUseCount_25","ShopCoinGold_Direct","Shop_Coin_Gold","ShopProduct"
"Achievement_GoldUseCount_26_26","Mission","Achievement_GoldUseCount_26","ShopCoinGold_Direct","Shop_Coin_Gold","ShopProduct"
"Achievement_GoldUseCount_27_27","Mission","Achievement_GoldUseCount_27","ShopCoinGold_Direct","Shop_Coin_Gold","ShopProduct"
"Achievement_GoldUseCount_28_28","Mission","Achievement_GoldUseCount_28","ShopCoinGold_Direct","Shop_Coin_Gold","ShopProduct"
"Achievement_GoldUseCount_29_29","Mission","Achievement_GoldUseCount_29","ShopCoinGold_Direct","Shop_Coin_Gold","ShopProduct"
"Achievement_GoldUseCount_30_30","Mission","Achievement_GoldUseCount_30","ShopCoinGold_Direct","Shop_Coin_Gold","ShopProduct"
"Achievement_GoldUseCount_31_31","Mission","Achievement_GoldUseCount_31","ShopCoinGold_Direct","Shop_Coin_Gold","ShopProduct"
"Achievement_GoldUseCount_32_32","Mission","Achievement_GoldUseCount_32","ShopCoinGold_Direct","Shop_Coin_Gold","ShopProduct"
"Achievement_GoldUseCount_33_33","Mission","Achievement_GoldUseCount_33","ShopCoinGold_Direct","Shop_Coin_Gold","ShopProduct"
"Achievement_GoldUseCount_34_34","Mission","Achievement_GoldUseCount_34","ShopCoinGold_Direct","Shop_Coin_Gold","ShopProduct"
"Achievement_GoldUseCount_35_35","Mission","Achievement_GoldUseCount_35","ShopCoinGold_Direct","Shop_Coin_Gold","ShopProduct"
"Achievement_GoldUseCount_36_36","Mission","Achievement_GoldUseCount_36","ShopCoinGold_Direct","Shop_Coin_Gold","ShopProduct"
"Achievement_GoldUseCount_37_37","Mission","Achievement_GoldUseCount_37","ShopCoinGold_Direct","Shop_Coin_Gold","ShopProduct"
"Achievement_GoldUseCount_38_38","Mission","Achievement_GoldUseCount_38","ShopCoinGold_Direct","Shop_Coin_Gold","ShopProduct"
"Achievement_GoldUseCount_39_39","Mission","Achievement_GoldUseCount_39","ShopCoinGold_Direct","Shop_Coin_Gold","ShopProduct"
"Achievement_GoldUseCount_40_40","Mission","Achievement_GoldUseCount_40","ShopCoinGold_Direct","Shop_Coin_Gold","ShopProduct"
"Achievement_GoldUseCount_41_41","Mission","Achievement_GoldUseCount_41","ShopCoinGold_Direct","Shop_Coin_Gold","ShopProduct"
"Achievement_GoldUseCount_42_42","Mission","Achievement_GoldUseCount_42","ShopCoinGold_Direct","Shop_Coin_Gold","ShopProduct"
"Achievement_GoldUseCount_43_43","Mission","Achievement_GoldUseCount_43","ShopCoinGold_Direct","Shop_Coin_Gold","ShopProduct"
"Achievement_GoldUseCount_44_44","Mission","Achievement_GoldUseCount_44","ShopCoinGold_Direct","Shop_Coin_Gold","ShopProduct"
"Achievement_GoldUseCount_45_45","Mission","Achievement_GoldUseCount_45","ShopCoinGold_Direct","Shop_Coin_Gold","ShopProduct"
"Achievement_GoldUseCount_46_46","Mission","Achievement_GoldUseCount_46","ShopCoinGold_Direct","Shop_Coin_Gold","ShopProduct"
"Achievement_GoldUseCount_47_47","Mission","Achievement_GoldUseCount_47","ShopCoinGold_Direct","Shop_Coin_Gold","ShopProduct"
"Achievement_GoldUseCount_48_48","Mission","Achievement_GoldUseCount_48","ShopCoinGold_Direct","Shop_Coin_Gold","ShopProduct"
"Achievement_GoldUseCount_49_49","Mission","Achievement_GoldUseCount_49","ShopCoinGold_Direct","Shop_Coin_Gold","ShopProduct"
"Achievement_GoldUseCount_50_50","Mission","Achievement_GoldUseCount_50","ShopCoinGold_Direct","Shop_Coin_Gold","ShopProduct"
"Achievement_GoldUseCount_51_51","Mission","Achievement_GoldUseCount_51","ShopCoinGold_Direct","Shop_Coin_Gold","ShopProduct"
"Achievement_GoldUseCount_52_52","Mission","Achievement_GoldUseCount_52","ShopCoinGold_Direct","Shop_Coin_Gold","ShopProduct"
"Achievement_GoldUseCount_53_53","Mission","Achievement_GoldUseCount_53","ShopCoinGold_Direct","Shop_Coin_Gold","ShopProduct"
"Achievement_GoldUseCount_54_54","Mission","Achievement_GoldUseCount_54","ShopCoinGold_Direct","Shop_Coin_Gold","ShopProduct"
"Achievement_GoldUseCount_55_55","Mission","Achievement_GoldUseCount_55","ShopCoinGold_Direct","Shop_Coin_Gold","ShopProduct"
"Achievement_GoldUseCount_56_56","Mission","Achievement_GoldUseCount_56","ShopCoinGold_Direct","Shop_Coin_Gold","ShopProduct"
"Achievement_GoldUseCount_57_57","Mission","Achievement_GoldUseCount_57","ShopCoinGold_Direct","Shop_Coin_Gold","ShopProduct"
"Achievement_GoldUseCount_58_58","Mission","Achievement_GoldUseCount_58","ShopCoinGold_Direct","Shop_Coin_Gold","ShopProduct"
"Achievement_GoldUseCount_59_59","Mission","Achievement_GoldUseCount_59","ShopCoinGold_Direct","Shop_Coin_Gold","ShopProduct"
"Achievement_GoldUseCount_60_60","Mission","Achievement_GoldUseCount_60","ShopCoinGold_Direct","Shop_Coin_Gold","ShopProduct"
"Achievement_GoldUseCount_61_61","Mission","Achievement_GoldUseCount_61","ShopCoinGold_Direct","Shop_Coin_Gold","ShopProduct"
"Achievement_GoldUseCount_62_62","Mission","Achievement_GoldUseCount_62","ShopCoinGold_Direct","Shop_Coin_Gold","ShopProduct"
"Achievement_GoldUseCount_63_63","Mission","Achievement_GoldUseCount_63","ShopCoinGold_Direct","Shop_Coin_Gold","ShopProduct"
"Achievement_GoldUseCount_64_64","Mission","Achievement_GoldUseCount_64","ShopCoinGold_Direct","Shop_Coin_Gold","ShopProduct"
"Achievement_GoldUseCount_65_65","Mission","Achievement_GoldUseCount_65","ShopCoinGold_Direct","Shop_Coin_Gold","ShopProduct"
"Achievement_GoldUseCount_66_66","Mission","Achievement_GoldUseCount_66","ShopCoinGold_Direct","Shop_Coin_Gold","ShopProduct"
"Achievement_GoldUseCount_67_67","Mission","Achievement_GoldUseCount_67","ShopCoinGold_Direct","Shop_Coin_Gold","ShopProduct"
"Achievement_GoldUseCount_68_68","Mission","Achievement_GoldUseCount_68","ShopCoinGold_Direct","Shop_Coin_Gold","ShopProduct"
"Achievement_GoldUseCount_69_69","Mission","Achievement_GoldUseCount_69","ShopCoinGold_Direct","Shop_Coin_Gold","ShopProduct"
"Achievement_GoldUseCount_70_70","Mission","Achievement_GoldUseCount_70","ShopCoinGold_Direct","Shop_Coin_Gold","ShopProduct"
"Achievement_GoldUseCount_71_71","Mission","Achievement_GoldUseCount_71","ShopCoinGold_Direct","Shop_Coin_Gold","ShopProduct"
"Achievement_GoldUseCount_72_72","Mission","Achievement_GoldUseCount_72","ShopCoinGold_Direct","Shop_Coin_Gold","ShopProduct"
"Achievement_GoldUseCount_73_73","Mission","Achievement_GoldUseCount_73","ShopCoinGold_Direct","Shop_Coin_Gold","ShopProduct"
"Achievement_GoldUseCount_74_74","Mission","Achievement_GoldUseCount_74","ShopCoinGold_Direct","Shop_Coin_Gold","ShopProduct"
"Achievement_GoldUseCount_75_75","Mission","Achievement_GoldUseCount_75","ShopCoinGold_Direct","Shop_Coin_Gold","ShopProduct"
"Achievement_GoldUseCount_76_76","Mission","Achievement_GoldUseCount_76","ShopCoinGold_Direct","Shop_Coin_Gold","ShopProduct"
"Achievement_GoldUseCount_77_77","Mission","Achievement_GoldUseCount_77","ShopCoinGold_Direct","Shop_Coin_Gold","ShopProduct"
"Achievement_GoldUseCount_78_78","Mission","Achievement_GoldUseCount_78","ShopCoinGold_Direct","Shop_Coin_Gold","ShopProduct"
"Achievement_GoldUseCount_79_79","Mission","Achievement_GoldUseCount_79","ShopCoinGold_Direct","Shop_Coin_Gold","ShopProduct"
"Achievement_GoldUseCount_80_80","Mission","Achievement_GoldUseCount_80","ShopCoinGold_Direct","Shop_Coin_Gold","ShopProduct"
"Achievement_GoldUseCount_81_81","Mission","Achievement_GoldUseCount_81","ShopCoinGold_Direct","Shop_Coin_Gold","ShopProduct"
"Achievement_GoldUseCount_82_82","Mission","Achievement_GoldUseCount_82","ShopCoinGold_Direct","Shop_Coin_Gold","ShopProduct"
"Achievement_GoldUseCount_83_83","Mission","Achievement_GoldUseCount_83","ShopCoinGold_Direct","Shop_Coin_Gold","ShopProduct"
"Achievement_GoldUseCount_84_84","Mission","Achievement_GoldUseCount_84","ShopCoinGold_Direct","Shop_Coin_Gold","ShopProduct"
"Achievement_GoldUseCount_85_85","Mission","Achievement_GoldUseCount_85","ShopCoinGold_Direct","Shop_Coin_Gold","ShopProduct"
"Achievement_GoldUseCount_86_86","Mission","Achievement_GoldUseCount_86","ShopCoinGold_Direct","Shop_Coin_Gold","ShopProduct"
"Achievement_GoldUseCount_87_87","Mission","Achievement_GoldUseCount_87","ShopCoinGold_Direct","Shop_Coin_Gold","ShopProduct"
"Achievement_GoldUseCount_88_88","Mission","Achievement_GoldUseCount_88","ShopCoinGold_Direct","Shop_Coin_Gold","ShopProduct"
"Achievement_GoldUseCount_89_89","Mission","Achievement_GoldUseCount_89","ShopCoinGold_Direct","Shop_Coin_Gold","ShopProduct"
"Achievement_GoldUseCount_90_90","Mission","Achievement_GoldUseCount_90","ShopCoinGold_Direct","Shop_Coin_Gold","ShopProduct"
"Achievement_GoldUseCount_91_91","Mission","Achievement_GoldUseCount_91","ShopCoinGold_Direct","Shop_Coin_Gold","ShopProduct"
"Achievement_GoldUseCount_92_92","Mission","Achievement_GoldUseCount_92","ShopCoinGold_Direct","Shop_Coin_Gold","ShopProduct"
"Achievement_GoldUseCount_93_93","Mission","Achievement_GoldUseCount_93","ShopCoinGold_Direct","Shop_Coin_Gold","ShopProduct"
"Achievement_GoldUseCount_94_94","Mission","Achievement_GoldUseCount_94","ShopCoinGold_Direct","Shop_Coin_Gold","ShopProduct"
"Achievement_GoldUseCount_95_95","Mission","Achievement_GoldUseCount_95","ShopCoinGold_Direct","Shop_Coin_Gold","ShopProduct"
"Achievement_GoldUseCount_96_96","Mission","Achievement_GoldUseCount_96","ShopCoinGold_Direct","Shop_Coin_Gold","ShopProduct"
"Achievement_GoldUseCount_97_97","Mission","Achievement_GoldUseCount_97","ShopCoinGold_Direct","Shop_Coin_Gold","ShopProduct"
"Achievement_GoldUseCount_98_98","Mission","Achievement_GoldUseCount_98","ShopCoinGold_Direct","Shop_Coin_Gold","ShopProduct"
"Achievement_GoldUseCount_99_99","Mission","Achievement_GoldUseCount_99","ShopCoinGold_Direct","Shop_Coin_Gold","ShopProduct"
"Achievement_GoldUseCount_100_100","Mission","Achievement_GoldUseCount_100","ShopCoinGold_Direct","Shop_Coin_Gold","ShopProduct"
"Achievement_GoldUseCount_101_101","Mission","Achievement_GoldUseCount_101","ShopCoinGold_Direct","Shop_Coin_Gold","ShopProduct"
"Achievement_GoldUseCount_102_102","Mission","Achievement_GoldUseCount_102","ShopCoinGold_Direct","Shop_Coin_Gold","ShopProduct"
"Achievement_GoldUseCount_103_103","Mission","Achievement_GoldUseCount_103","ShopCoinGold_Direct","Shop_Coin_Gold","ShopProduct"
"Achievement_GoldUseCount_104_104","Mission","Achievement_GoldUseCount_104","ShopCoinGold_Direct","Shop_Coin_Gold","ShopProduct"
"Achievement_GoldUseCount_105_105","Mission","Achievement_GoldUseCount_105","ShopCoinGold_Direct","Shop_Coin_Gold","ShopProduct"
"Achievement_GoldUseCount_106_106","Mission","Achievement_GoldUseCount_106","ShopCoinGold_Direct","Shop_Coin_Gold","ShopProduct"
"Achievement_GoldUseCount_107_107","Mission","Achievement_GoldUseCount_107","ShopCoinGold_Direct","Shop_Coin_Gold","ShopProduct"
"Achievement_GoldUseCount_108_108","Mission","Achievement_GoldUseCount_108","ShopCoinGold_Direct","Shop_Coin_Gold","ShopProduct"
"Achievement_GoldUseCount_109_109","Mission","Achievement_GoldUseCount_109","ShopCoinGold_Direct","Shop_Coin_Gold","ShopProduct"
"Achievement_GoldUseCount_110_110","Mission","Achievement_GoldUseCount_110","ShopCoinGold_Direct","Shop_Coin_Gold","ShopProduct"
"Achievement_GoldUseCount_111_111","Mission","Achievement_GoldUseCount_111","ShopCoinGold_Direct","Shop_Coin_Gold","ShopProduct"
"Achievement_GoldUseCount_112_112","Mission","Achievement_GoldUseCount_112","ShopCoinGold_Direct","Shop_Coin_Gold","ShopProduct"
"Achievement_GoldUseCount_113_113","Mission","Achievement_GoldUseCount_113","ShopCoinGold_Direct","Shop_Coin_Gold","ShopProduct"
"Achievement_GoldUseCount_114_114","Mission","Achievement_GoldUseCount_114","ShopCoinGold_Direct","Shop_Coin_Gold","ShopProduct"
"Achievement_GoldUseCount_115_115","Mission","Achievement_GoldUseCount_115","ShopCoinGold_Direct","Shop_Coin_Gold","ShopProduct"
"Achievement_GoldUseCount_116_116","Mission","Achievement_GoldUseCount_116","ShopCoinGold_Direct","Shop_Coin_Gold","ShopProduct"
"Achievement_GoldUseCount_117_117","Mission","Achievement_GoldUseCount_117","ShopCoinGold_Direct","Shop_Coin_Gold","ShopProduct"
"Achievement_GoldUseCount_118_118","Mission","Achievement_GoldUseCount_118","ShopCoinGold_Direct","Shop_Coin_Gold","ShopProduct"
"Achievement_GoldUseCount_119_119","Mission","Achievement_GoldUseCount_119","ShopCoinGold_Direct","Shop_Coin_Gold","ShopProduct"
"Achievement_GoldUseCount_120_120","Mission","Achievement_GoldUseCount_120","ShopCoinGold_Direct","Shop_Coin_Gold","ShopProduct"
"Achievement_GoldUseCount_121_121","Mission","Achievement_GoldUseCount_121","ShopCoinGold_Direct","Shop_Coin_Gold","ShopProduct"
"Achievement_GoldUseCount_122_122","Mission","Achievement_GoldUseCount_122","ShopCoinGold_Direct","Shop_Coin_Gold","ShopProduct"
"Achievement_GoldUseCount_123_123","Mission","Achievement_GoldUseCount_123","ShopCoinGold_Direct","Shop_Coin_Gold","ShopProduct"
"Achievement_GoldUseCount_124_124","Mission","Achievement_GoldUseCount_124","ShopCoinGold_Direct","Shop_Coin_Gold","ShopProduct"
"Achievement_GoldUseCount_125_125","Mission","Achievement_GoldUseCount_125","ShopCoinGold_Direct","Shop_Coin_Gold","ShopProduct"
"Achievement_GoldUseCount_126_126","Mission","Achievement_GoldUseCount_126","ShopCoinGold_Direct","Shop_Coin_Gold","ShopProduct"
"Achievement_GoldUseCount_127_127","Mission","Achievement_GoldUseCount_127","ShopCoinGold_Direct","Shop_Coin_Gold","ShopProduct"
"Achievement_GoldUseCount_128_128","Mission","Achievement_GoldUseCount_128","ShopCoinGold_Direct","Shop_Coin_Gold","ShopProduct"
"Achievement_GoldUseCount_129_129","Mission","Achievement_GoldUseCount_129","ShopCoinGold_Direct","Shop_Coin_Gold","ShopProduct"
"Achievement_GoldUseCount_130_130","Mission","Achievement_GoldUseCount_130","ShopCoinGold_Direct","Shop_Coin_Gold","ShopProduct"
"Achievement_GoldUseCount_131_131","Mission","Achievement_GoldUseCount_131","ShopCoinGold_Direct","Shop_Coin_Gold","ShopProduct"
"Achievement_GoldUseCount_132_132","Mission","Achievement_GoldUseCount_132","ShopCoinGold_Direct","Shop_Coin_Gold","ShopProduct"
"Achievement_GoldUseCount_133_133","Mission","Achievement_GoldUseCount_133","ShopCoinGold_Direct","Shop_Coin_Gold","ShopProduct"
"Achievement_GoldUseCount_134_134","Mission","Achievement_GoldUseCount_134","ShopCoinGold_Direct","Shop_Coin_Gold","ShopProduct"
"Achievement_GoldUseCount_135_135","Mission","Achievement_GoldUseCount_135","ShopCoinGold_Direct","Shop_Coin_Gold","ShopProduct"
"Achievement_GoldUseCount_136_136","Mission","Achievement_GoldUseCount_136","ShopCoinGold_Direct","Shop_Coin_Gold","ShopProduct"
"Achievement_GoldUseCount_137_137","Mission","Achievement_GoldUseCount_137","ShopCoinGold_Direct","Shop_Coin_Gold","ShopProduct"
"Achievement_GoldUseCount_138_138","Mission","Achievement_GoldUseCount_138","ShopCoinGold_Direct","Shop_Coin_Gold","ShopProduct"
"Achievement_GoldUseCount_139_139","Mission","Achievement_GoldUseCount_139","ShopCoinGold_Direct","Shop_Coin_Gold","ShopProduct"
"Achievement_GoldUseCount_140_140","Mission","Achievement_GoldUseCount_140","ShopCoinGold_Direct","Shop_Coin_Gold","ShopProduct"
"Achievement_GoldUseCount_141_141","Mission","Achievement_GoldUseCount_141","ShopCoinGold_Direct","Shop_Coin_Gold","ShopProduct"
"Achievement_GoldUseCount_142_142","Mission","Achievement_GoldUseCount_142","ShopCoinGold_Direct","Shop_Coin_Gold","ShopProduct"
"Achievement_GoldUseCount_143_143","Mission","Achievement_GoldUseCount_143","ShopCoinGold_Direct","Shop_Coin_Gold","ShopProduct"
"Achievement_GoldUseCount_144_144","Mission","Achievement_GoldUseCount_144","ShopCoinGold_Direct","Shop_Coin_Gold","ShopProduct"
"Achievement_GoldUseCount_01_145","Mission","Achievement_GoldUseCount_01","HeroList_Direct","",""
"Achievement_GoldUseCount_02_146","Mission","Achievement_GoldUseCount_02","HeroList_Direct","",""
"Achievement_GoldUseCount_03_147","Mission","Achievement_GoldUseCount_03","HeroList_Direct","",""
"Achievement_GoldUseCount_04_148","Mission","Achievement_GoldUseCount_04","HeroList_Direct","",""
"Achievement_GoldUseCount_05_149","Mission","Achievement_GoldUseCount_05","HeroList_Direct","",""
"Achievement_GoldUseCount_06_150","Mission","Achievement_GoldUseCount_06","HeroList_Direct","",""
"Achievement_GoldUseCount_07_151","Mission","Achievement_GoldUseCount_07","HeroList_Direct","",""
"Achievement_GoldUseCount_08_152","Mission","Achievement_GoldUseCount_08","HeroList_Direct","",""
"Achievement_GoldUseCount_09_153","Mission","Achievement_GoldUseCount_09","HeroList_Direct","",""
"Achievement_GoldUseCount_10_154","Mission","Achievement_GoldUseCount_10","HeroList_Direct","",""
"Achievement_GoldUseCount_11_155","Mission","Achievement_GoldUseCount_11","HeroList_Direct","",""
"Achievement_GoldUseCount_12_156","Mission","Achievement_GoldUseCount_12","HeroList_Direct","",""
"Achievement_GoldUseCount_13_157","Mission","Achievement_GoldUseCount_13","HeroList_Direct","",""
"Achievement_GoldUseCount_14_158","Mission","Achievement_GoldUseCount_14","HeroList_Direct","",""
"Achievement_GoldUseCount_15_159","Mission","Achievement_GoldUseCount_15","HeroList_Direct","",""
"Achievement_GoldUseCount_16_160","Mission","Achievement_GoldUseCount_16","HeroList_Direct","",""
"Achievement_GoldUseCount_17_161","Mission","Achievement_GoldUseCount_17","HeroList_Direct","",""
"Achievement_GoldUseCount_18_162","Mission","Achievement_GoldUseCount_18","HeroList_Direct","",""
"Achievement_GoldUseCount_19_163","Mission","Achievement_GoldUseCount_19","HeroList_Direct","",""
"Achievement_GoldUseCount_20_164","Mission","Achievement_GoldUseCount_20","HeroList_Direct","",""
"Achievement_GoldUseCount_21_165","Mission","Achievement_GoldUseCount_21","HeroList_Direct","",""
"Achievement_GoldUseCount_22_166","Mission","Achievement_GoldUseCount_22","HeroList_Direct","",""
"Achievement_GoldUseCount_23_167","Mission","Achievement_GoldUseCount_23","HeroList_Direct","",""
"Achievement_GoldUseCount_24_168","Mission","Achievement_GoldUseCount_24","HeroList_Direct","",""
"Achievement_GoldUseCount_25_169","Mission","Achievement_GoldUseCount_25","HeroList_Direct","",""
"Achievement_GoldUseCount_26_170","Mission","Achievement_GoldUseCount_26","HeroList_Direct","",""
"Achievement_GoldUseCount_27_171","Mission","Achievement_GoldUseCount_27","HeroList_Direct","",""
"Achievement_GoldUseCount_28_172","Mission","Achievement_GoldUseCount_28","HeroList_Direct","",""
"Achievement_GoldUseCount_29_173","Mission","Achievement_GoldUseCount_29","HeroList_Direct","",""
"Achievement_GoldUseCount_30_174","Mission","Achievement_GoldUseCount_30","HeroList_Direct","",""
"Achievement_GoldUseCount_31_175","Mission","Achievement_GoldUseCount_31","HeroList_Direct","",""
"Achievement_GoldUseCount_32_176","Mission","Achievement_GoldUseCount_32","HeroList_Direct","",""
"Achievement_GoldUseCount_33_177","Mission","Achievement_GoldUseCount_33","HeroList_Direct","",""
"Achievement_GoldUseCount_34_178","Mission","Achievement_GoldUseCount_34","HeroList_Direct","",""
"Achievement_GoldUseCount_35_179","Mission","Achievement_GoldUseCount_35","HeroList_Direct","",""
"Achievement_GoldUseCount_36_180","Mission","Achievement_GoldUseCount_36","HeroList_Direct","",""
"Achievement_GoldUseCount_37_181","Mission","Achievement_GoldUseCount_37","HeroList_Direct","",""
"Achievement_GoldUseCount_38_182","Mission","Achievement_GoldUseCount_38","HeroList_Direct","",""
"Achievement_GoldUseCount_39_183","Mission","Achievement_GoldUseCount_39","HeroList_Direct","",""
"Achievement_GoldUseCount_40_184","Mission","Achievement_GoldUseCount_40","HeroList_Direct","",""
"Achievement_GoldUseCount_41_185","Mission","Achievement_GoldUseCount_41","HeroList_Direct","",""
"Achievement_GoldUseCount_42_186","Mission","Achievement_GoldUseCount_42","HeroList_Direct","",""
"Achievement_GoldUseCount_43_187","Mission","Achievement_GoldUseCount_43","HeroList_Direct","",""
"Achievement_GoldUseCount_44_188","Mission","Achievement_GoldUseCount_44","HeroList_Direct","",""
"Achievement_GoldUseCount_45_189","Mission","Achievement_GoldUseCount_45","HeroList_Direct","",""
"Achievement_GoldUseCount_46_190","Mission","Achievement_GoldUseCount_46","HeroList_Direct","",""
"Achievement_GoldUseCount_47_191","Mission","Achievement_GoldUseCount_47","HeroList_Direct","",""
"Achievement_GoldUseCount_48_192","Mission","Achievement_GoldUseCount_48","HeroList_Direct","",""
"Achievement_GoldUseCount_49_193","Mission","Achievement_GoldUseCount_49","HeroList_Direct","",""
"Achievement_GoldUseCount_50_194","Mission","Achievement_GoldUseCount_50","HeroList_Direct","",""
"Achievement_GoldUseCount_51_195","Mission","Achievement_GoldUseCount_51","HeroList_Direct","",""
"Achievement_GoldUseCount_52_196","Mission","Achievement_GoldUseCount_52","HeroList_Direct","",""
"Achievement_GoldUseCount_53_197","Mission","Achievement_GoldUseCount_53","HeroList_Direct","",""
"Achievement_GoldUseCount_54_198","Mission","Achievement_GoldUseCount_54","HeroList_Direct","",""
"Achievement_GoldUseCount_55_199","Mission","Achievement_GoldUseCount_55","HeroList_Direct","",""
"Achievement_GoldUseCount_56_200","Mission","Achievement_GoldUseCount_56","HeroList_Direct","",""
"Achievement_GoldUseCount_57_201","Mission","Achievement_GoldUseCount_57","HeroList_Direct","",""
"Achievement_GoldUseCount_58_202","Mission","Achievement_GoldUseCount_58","HeroList_Direct","",""
"Achievement_GoldUseCount_59_203","Mission","Achievement_GoldUseCount_59","HeroList_Direct","",""
"Achievement_GoldUseCount_60_204","Mission","Achievement_GoldUseCount_60","HeroList_Direct","",""
"Achievement_GoldUseCount_61_205","Mission","Achievement_GoldUseCount_61","HeroList_Direct","",""
"Achievement_GoldUseCount_62_206","Mission","Achievement_GoldUseCount_62","HeroList_Direct","",""
"Achievement_GoldUseCount_63_207","Mission","Achievement_GoldUseCount_63","HeroList_Direct","",""
"Achievement_GoldUseCount_64_208","Mission","Achievement_GoldUseCount_64","HeroList_Direct","",""
"Achievement_GoldUseCount_65_209","Mission","Achievement_GoldUseCount_65","HeroList_Direct","",""
"Achievement_GoldUseCount_66_210","Mission","Achievement_GoldUseCount_66","HeroList_Direct","",""
"Achievement_GoldUseCount_67_211","Mission","Achievement_GoldUseCount_67","HeroList_Direct","",""
"Achievement_GoldUseCount_68_212","Mission","Achievement_GoldUseCount_68","HeroList_Direct","",""
"Achievement_GoldUseCount_69_213","Mission","Achievement_GoldUseCount_69","HeroList_Direct","",""
"Achievement_GoldUseCount_70_214","Mission","Achievement_GoldUseCount_70","HeroList_Direct","",""
"Achievement_GoldUseCount_71_215","Mission","Achievement_GoldUseCount_71","HeroList_Direct","",""
"Achievement_GoldUseCount_72_216","Mission","Achievement_GoldUseCount_72","HeroList_Direct","",""
"Achievement_GoldUseCount_73_217","Mission","Achievement_GoldUseCount_73","HeroList_Direct","",""
"Achievement_GoldUseCount_74_218","Mission","Achievement_GoldUseCount_74","HeroList_Direct","",""
"Achievement_GoldUseCount_75_219","Mission","Achievement_GoldUseCount_75","HeroList_Direct","",""
"Achievement_GoldUseCount_76_220","Mission","Achievement_GoldUseCount_76","HeroList_Direct","",""
"Achievement_GoldUseCount_77_221","Mission","Achievement_GoldUseCount_77","HeroList_Direct","",""
"Achievement_GoldUseCount_78_222","Mission","Achievement_GoldUseCount_78","HeroList_Direct","",""
"Achievement_GoldUseCount_79_223","Mission","Achievement_GoldUseCount_79","HeroList_Direct","",""
"Achievement_GoldUseCount_80_224","Mission","Achievement_GoldUseCount_80","HeroList_Direct","",""
"Achievement_GoldUseCount_81_225","Mission","Achievement_GoldUseCount_81","HeroList_Direct","",""
"Achievement_GoldUseCount_82_226","Mission","Achievement_GoldUseCount_82","HeroList_Direct","",""
"Achievement_GoldUseCount_83_227","Mission","Achievement_GoldUseCount_83","HeroList_Direct","",""
"Achievement_GoldUseCount_84_228","Mission","Achievement_GoldUseCount_84","HeroList_Direct","",""
"Achievement_GoldUseCount_85_229","Mission","Achievement_GoldUseCount_85","HeroList_Direct","",""
"Achievement_GoldUseCount_86_230","Mission","Achievement_GoldUseCount_86","HeroList_Direct","",""
"Achievement_GoldUseCount_87_231","Mission","Achievement_GoldUseCount_87","HeroList_Direct","",""
"Achievement_GoldUseCount_88_232","Mission","Achievement_GoldUseCount_88","HeroList_Direct","",""
"Achievement_GoldUseCount_89_233","Mission","Achievement_GoldUseCount_89","HeroList_Direct","",""
"Achievement_GoldUseCount_90_234","Mission","Achievement_GoldUseCount_90","HeroList_Direct","",""
"Achievement_GoldUseCount_91_235","Mission","Achievement_GoldUseCount_91","HeroList_Direct","",""
"Achievement_GoldUseCount_92_236","Mission","Achievement_GoldUseCount_92","HeroList_Direct","",""
"Achievement_GoldUseCount_93_237","Mission","Achievement_GoldUseCount_93","HeroList_Direct","",""
"Achievement_GoldUseCount_94_238","Mission","Achievement_GoldUseCount_94","HeroList_Direct","",""
"Achievement_GoldUseCount_95_239","Mission","Achievement_GoldUseCount_95","HeroList_Direct","",""
"Achievement_GoldUseCount_96_240","Mission","Achievement_GoldUseCount_96","HeroList_Direct","",""
"Achievement_GoldUseCount_97_241","Mission","Achievement_GoldUseCount_97","HeroList_Direct","",""
"Achievement_GoldUseCount_98_242","Mission","Achievement_GoldUseCount_98","HeroList_Direct","",""
"Achievement_GoldUseCount_99_243","Mission","Achievement_GoldUseCount_99","HeroList_Direct","",""
"Achievement_GoldUseCount_100_244","Mission","Achievement_GoldUseCount_100","HeroList_Direct","",""
"Achievement_GoldUseCount_101_245","Mission","Achievement_GoldUseCount_101","HeroList_Direct","",""
"Achievement_GoldUseCount_102_246","Mission","Achievement_GoldUseCount_102","HeroList_Direct","",""
"Achievement_GoldUseCount_103_247","Mission","Achievement_GoldUseCount_103","HeroList_Direct","",""
"Achievement_GoldUseCount_104_248","Mission","Achievement_GoldUseCount_104","HeroList_Direct","",""
"Achievement_GoldUseCount_105_249","Mission","Achievement_GoldUseCount_105","HeroList_Direct","",""
"Achievement_GoldUseCount_106_250","Mission","Achievement_GoldUseCount_106","HeroList_Direct","",""
"Achievement_GoldUseCount_107_251","Mission","Achievement_GoldUseCount_107","HeroList_Direct","",""
"Achievement_GoldUseCount_108_252","Mission","Achievement_GoldUseCount_108","HeroList_Direct","",""
"Achievement_GoldUseCount_109_253","Mission","Achievement_GoldUseCount_109","HeroList_Direct","",""
"Achievement_GoldUseCount_110_254","Mission","Achievement_GoldUseCount_110","HeroList_Direct","",""
"Achievement_GoldUseCount_111_255","Mission","Achievement_GoldUseCount_111","HeroList_Direct","",""
"Achievement_GoldUseCount_112_256","Mission","Achievement_GoldUseCount_112","HeroList_Direct","",""
"Achievement_GoldUseCount_113_257","Mission","Achievement_GoldUseCount_113","HeroList_Direct","",""
"Achievement_GoldUseCount_114_258","Mission","Achievement_GoldUseCount_114","HeroList_Direct","",""
"Achievement_GoldUseCount_115_259","Mission","Achievement_GoldUseCount_115","HeroList_Direct","",""
"Achievement_GoldUseCount_116_260","Mission","Achievement_GoldUseCount_116","HeroList_Direct","",""
"Achievement_GoldUseCount_117_261","Mission","Achievement_GoldUseCount_117","HeroList_Direct","",""
"Achievement_GoldUseCount_118_262","Mission","Achievement_GoldUseCount_118","HeroList_Direct","",""
"Achievement_GoldUseCount_119_263","Mission","Achievement_GoldUseCount_119","HeroList_Direct","",""
"Achievement_GoldUseCount_120_264","Mission","Achievement_GoldUseCount_120","HeroList_Direct","",""
"Achievement_GoldUseCount_121_265","Mission","Achievement_GoldUseCount_121","HeroList_Direct","",""
"Achievement_GoldUseCount_122_266","Mission","Achievement_GoldUseCount_122","HeroList_Direct","",""
"Achievement_GoldUseCount_123_267","Mission","Achievement_GoldUseCount_123","HeroList_Direct","",""
"Achievement_GoldUseCount_124_268","Mission","Achievement_GoldUseCount_124","HeroList_Direct","",""
"Achievement_GoldUseCount_125_269","Mission","Achievement_GoldUseCount_125","HeroList_Direct","",""
"Achievement_GoldUseCount_126_270","Mission","Achievement_GoldUseCount_126","HeroList_Direct","",""
"Achievement_GoldUseCount_127_271","Mission","Achievement_GoldUseCount_127","HeroList_Direct","",""
"Achievement_GoldUseCount_128_272","Mission","Achievement_GoldUseCount_128","HeroList_Direct","",""
"Achievement_GoldUseCount_129_273","Mission","Achievement_GoldUseCount_129","HeroList_Direct","",""
"Achievement_GoldUseCount_130_274","Mission","Achievement_GoldUseCount_130","HeroList_Direct","",""
"Achievement_GoldUseCount_131_275","Mission","Achievement_GoldUseCount_131","HeroList_Direct","",""
"Achievement_GoldUseCount_132_276","Mission","Achievement_GoldUseCount_132","HeroList_Direct","",""
"Achievement_GoldUseCount_133_277","Mission","Achievement_GoldUseCount_133","HeroList_Direct","",""
"Achievement_GoldUseCount_134_278","Mission","Achievement_GoldUseCount_134","HeroList_Direct","",""
"Achievement_GoldUseCount_135_279","Mission","Achievement_GoldUseCount_135","HeroList_Direct","",""
"Achievement_GoldUseCount_136_280","Mission","Achievement_GoldUseCount_136","HeroList_Direct","",""
"Achievement_GoldUseCount_137_281","Mission","Achievement_GoldUseCount_137","HeroList_Direct","",""
"Achievement_GoldUseCount_138_282","Mission","Achievement_GoldUseCount_138","HeroList_Direct","",""
"Achievement_GoldUseCount_139_283","Mission","Achievement_GoldUseCount_139","HeroList_Direct","",""
"Achievement_GoldUseCount_140_284","Mission","Achievement_GoldUseCount_140","HeroList_Direct","",""
"Achievement_GoldUseCount_141_285","Mission","Achievement_GoldUseCount_141","HeroList_Direct","",""
"Achievement_GoldUseCount_142_286","Mission","Achievement_GoldUseCount_142","HeroList_Direct","",""
"Achievement_GoldUseCount_143_287","Mission","Achievement_GoldUseCount_143","HeroList_Direct","",""
"Achievement_GoldUseCount_144_288","Mission","Achievement_GoldUseCount_144","HeroList_Direct","",""
"Achievement_HeroGetCount_01_01","Mission","Achievement_HeroGetCount_01","HeroGacha_Direct","",""
"Achievement_HeroGetCount_02_02","Mission","Achievement_HeroGetCount_02","HeroGacha_Direct","",""
"Achievement_HeroGetCount_03_03","Mission","Achievement_HeroGetCount_03","HeroGacha_Direct","",""
"Achievement_HeroGetCount_04_04","Mission","Achievement_HeroGetCount_04","HeroGacha_Direct","",""
"Achievement_HeroGetCount_05_05","Mission","Achievement_HeroGetCount_05","HeroGacha_Direct","",""
"Achievement_HeroGetCount_06_06","Mission","Achievement_HeroGetCount_06","HeroGacha_Direct","",""
"Achievement_HeroGetCount_07_07","Mission","Achievement_HeroGetCount_07","HeroGacha_Direct","",""
"Achievement_HeroGetCount_08_08","Mission","Achievement_HeroGetCount_08","HeroGacha_Direct","",""
"Achievement_HeroGetCount_09_09","Mission","Achievement_HeroGetCount_09","HeroGacha_Direct","",""
"Achievement_HeroGetCount_10_10","Mission","Achievement_HeroGetCount_10","HeroGacha_Direct","",""
"Achievement_HeroGetCount_11_11","Mission","Achievement_HeroGetCount_11","HeroGacha_Direct","",""
"Achievement_HeroGetCount_12_12","Mission","Achievement_HeroGetCount_12","HeroGacha_Direct","",""
"Achievement_HeroGetCount_13_13","Mission","Achievement_HeroGetCount_13","HeroGacha_Direct","",""
"Achievement_HeroGetCount_14_14","Mission","Achievement_HeroGetCount_14","HeroGacha_Direct","",""
"Achievement_HeroGetCount_15_15","Mission","Achievement_HeroGetCount_15","HeroGacha_Direct","",""
"Achievement_HeroGetCount_16_16","Mission","Achievement_HeroGetCount_16","HeroGacha_Direct","",""
"Achievement_HeroGetCount_17_17","Mission","Achievement_HeroGetCount_17","HeroGacha_Direct","",""
"Achievement_HeroGetCount_18_18","Mission","Achievement_HeroGetCount_18","HeroGacha_Direct","",""
"Achievement_HeroGetCount_19_19","Mission","Achievement_HeroGetCount_19","HeroGacha_Direct","",""
"Achievement_HeroGetCount_20_20","Mission","Achievement_HeroGetCount_20","HeroGacha_Direct","",""
"Achievement_HeroGetCount_21_21","Mission","Achievement_HeroGetCount_21","HeroGacha_Direct","",""
"Achievement_HeroGetCount_22_22","Mission","Achievement_HeroGetCount_22","HeroGacha_Direct","",""
"Achievement_HeroGetCount_23_23","Mission","Achievement_HeroGetCount_23","HeroGacha_Direct","",""
"Achievement_HeroGetCount_24_24","Mission","Achievement_HeroGetCount_24","HeroGacha_Direct","",""
"Achievement_HeroGetCount_25_25","Mission","Achievement_HeroGetCount_25","HeroGacha_Direct","",""
"Achievement_HeroGetCount_26_26","Mission","Achievement_HeroGetCount_26","HeroGacha_Direct","",""
"Achievement_HeroGetCount_27_27","Mission","Achievement_HeroGetCount_27","HeroGacha_Direct","",""
"Achievement_HeroGetCount_28_28","Mission","Achievement_HeroGetCount_28","HeroGacha_Direct","",""
"Achievement_HeroGetCount_29_29","Mission","Achievement_HeroGetCount_29","HeroGacha_Direct","",""
"Achievement_HeroGetCount_30_30","Mission","Achievement_HeroGetCount_30","HeroGacha_Direct","",""
"Achievement_HeroGetCount_31_31","Mission","Achievement_HeroGetCount_31","HeroGacha_Direct","",""
"Achievement_HeroGetCount_32_32","Mission","Achievement_HeroGetCount_32","HeroGacha_Direct","",""
"Achievement_HeroGetCount_33_33","Mission","Achievement_HeroGetCount_33","HeroGacha_Direct","",""
"Achievement_HeroGetCount_34_34","Mission","Achievement_HeroGetCount_34","HeroGacha_Direct","",""
"Achievement_HeroGetCount_35_35","Mission","Achievement_HeroGetCount_35","HeroGacha_Direct","",""
"Achievement_HeroGetCount_36_36","Mission","Achievement_HeroGetCount_36","HeroGacha_Direct","",""
"Achievement_HeroGetCount_37_37","Mission","Achievement_HeroGetCount_37","HeroGacha_Direct","",""
"Achievement_HeroGetCount_38_38","Mission","Achievement_HeroGetCount_38","HeroGacha_Direct","",""
"Achievement_HeroGetCount_39_39","Mission","Achievement_HeroGetCount_39","HeroGacha_Direct","",""
"Achievement_HeroGetCount_40_40","Mission","Achievement_HeroGetCount_40","HeroGacha_Direct","",""
"Achievement_HeroGetCount_41_41","Mission","Achievement_HeroGetCount_41","HeroGacha_Direct","",""
"Achievement_HeroGetCount_42_42","Mission","Achievement_HeroGetCount_42","HeroGacha_Direct","",""
"Achievement_HeroGetCount_43_43","Mission","Achievement_HeroGetCount_43","HeroGacha_Direct","",""
"Achievement_HeroGetCount_44_44","Mission","Achievement_HeroGetCount_44","HeroGacha_Direct","",""
"Achievement_HeroGetCount_45_45","Mission","Achievement_HeroGetCount_45","HeroGacha_Direct","",""
"Achievement_HeroGetCount_46_46","Mission","Achievement_HeroGetCount_46","HeroGacha_Direct","",""
"Achievement_HeroGetCount_47_47","Mission","Achievement_HeroGetCount_47","HeroGacha_Direct","",""
"Achievement_HeroGetCount_48_48","Mission","Achievement_HeroGetCount_48","HeroGacha_Direct","",""
"Achievement_HeroGetCount_49_49","Mission","Achievement_HeroGetCount_49","HeroGacha_Direct","",""
"Achievement_HeroGetCount_50_50","Mission","Achievement_HeroGetCount_50","HeroGacha_Direct","",""
"Achievement_HeroGetCount_51_51","Mission","Achievement_HeroGetCount_51","HeroGacha_Direct","",""
"Achievement_HeroGetCount_52_52","Mission","Achievement_HeroGetCount_52","HeroGacha_Direct","",""
"Achievement_HeroGetCount_53_53","Mission","Achievement_HeroGetCount_53","HeroGacha_Direct","",""
"Achievement_HeroGetCount_54_54","Mission","Achievement_HeroGetCount_54","HeroGacha_Direct","",""
"Achievement_HeroGetCount_55_55","Mission","Achievement_HeroGetCount_55","HeroGacha_Direct","",""
"Achievement_HeroGetCount_56_56","Mission","Achievement_HeroGetCount_56","HeroGacha_Direct","",""
"Achievement_HeroGetCount_57_57","Mission","Achievement_HeroGetCount_57","HeroGacha_Direct","",""
"Achievement_HeroGetCount_58_58","Mission","Achievement_HeroGetCount_58","HeroGacha_Direct","",""
"Achievement_HeroGetCount_59_59","Mission","Achievement_HeroGetCount_59","HeroGacha_Direct","",""
"Achievement_HeroGetCount_60_60","Mission","Achievement_HeroGetCount_60","HeroGacha_Direct","",""
"Achievement_HeroGetCount_61_61","Mission","Achievement_HeroGetCount_61","HeroGacha_Direct","",""
"Achievement_HeroGetCount_62_62","Mission","Achievement_HeroGetCount_62","HeroGacha_Direct","",""
"Achievement_HeroGetCount_63_63","Mission","Achievement_HeroGetCount_63","HeroGacha_Direct","",""
"Achievement_HeroGetCount_64_64","Mission","Achievement_HeroGetCount_64","HeroGacha_Direct","",""
"Achievement_HeroGetCount_65_65","Mission","Achievement_HeroGetCount_65","HeroGacha_Direct","",""
"Achievement_HeroGetCount_66_66","Mission","Achievement_HeroGetCount_66","HeroGacha_Direct","",""
"Achievement_HeroGetCount_67_67","Mission","Achievement_HeroGetCount_67","HeroGacha_Direct","",""
"Achievement_HeroGetCount_68_68","Mission","Achievement_HeroGetCount_68","HeroGacha_Direct","",""
"Achievement_HeroGetCount_69_69","Mission","Achievement_HeroGetCount_69","HeroGacha_Direct","",""
"Achievement_HeroGetCount_70_70","Mission","Achievement_HeroGetCount_70","HeroGacha_Direct","",""
"Achievement_HeroGetCount_71_71","Mission","Achievement_HeroGetCount_71","HeroGacha_Direct","",""
"Achievement_HeroGetCount_72_72","Mission","Achievement_HeroGetCount_72","HeroGacha_Direct","",""
"Achievement_HeroGetCount_73_73","Mission","Achievement_HeroGetCount_73","HeroGacha_Direct","",""
"Achievement_HeroGetCount_74_74","Mission","Achievement_HeroGetCount_74","HeroGacha_Direct","",""
"Achievement_HeroGetCount_75_75","Mission","Achievement_HeroGetCount_75","HeroGacha_Direct","",""
"Achievement_HeroGetCount_76_76","Mission","Achievement_HeroGetCount_76","HeroGacha_Direct","",""
"Achievement_HeroGetCount_77_77","Mission","Achievement_HeroGetCount_77","HeroGacha_Direct","",""
"Achievement_HeroGetCount_78_78","Mission","Achievement_HeroGetCount_78","HeroGacha_Direct","",""
"Achievement_HeroGetCount_79_79","Mission","Achievement_HeroGetCount_79","HeroGacha_Direct","",""
"Achievement_HeroGetCount_80_80","Mission","Achievement_HeroGetCount_80","HeroGacha_Direct","",""
"Achievement_HeroGetCount_81_81","Mission","Achievement_HeroGetCount_81","HeroGacha_Direct","",""
"Achievement_HeroGetCount_82_82","Mission","Achievement_HeroGetCount_82","HeroGacha_Direct","",""
"Achievement_HeroGetCount_83_83","Mission","Achievement_HeroGetCount_83","HeroGacha_Direct","",""
"Achievement_HeroGetCount_84_84","Mission","Achievement_HeroGetCount_84","HeroGacha_Direct","",""
"Achievement_HeroGetCount_85_85","Mission","Achievement_HeroGetCount_85","HeroGacha_Direct","",""
"Achievement_HeroGetCount_86_86","Mission","Achievement_HeroGetCount_86","HeroGacha_Direct","",""
"Achievement_HeroGetCount_87_87","Mission","Achievement_HeroGetCount_87","HeroGacha_Direct","",""
"Achievement_HeroGetCount_88_88","Mission","Achievement_HeroGetCount_88","HeroGacha_Direct","",""
"Achievement_HeroGetCount_89_89","Mission","Achievement_HeroGetCount_89","HeroGacha_Direct","",""
"Achievement_HeroGetCount_90_90","Mission","Achievement_HeroGetCount_90","HeroGacha_Direct","",""
"Achievement_HeroGetCount_91_91","Mission","Achievement_HeroGetCount_91","HeroGacha_Direct","",""
"Achievement_FreindshipRankCompleteHeroCount_01_01","Mission","Achievement_FreindshipRankCompleteHeroCount_01","Kingdom_Direct","",""
"Achievement_FreindshipRankCompleteHeroCount_02_02","Mission","Achievement_FreindshipRankCompleteHeroCount_02","Kingdom_Direct","",""
"Achievement_FreindshipRankCompleteHeroCount_03_03","Mission","Achievement_FreindshipRankCompleteHeroCount_03","Kingdom_Direct","",""
"Achievement_FreindshipRankCompleteHeroCount_04_04","Mission","Achievement_FreindshipRankCompleteHeroCount_04","Kingdom_Direct","",""
"Achievement_FreindshipRankCompleteHeroCount_05_05","Mission","Achievement_FreindshipRankCompleteHeroCount_05","Kingdom_Direct","",""
"Achievement_FreindshipRankCompleteHeroCount_06_06","Mission","Achievement_FreindshipRankCompleteHeroCount_06","Kingdom_Direct","",""
"Achievement_FreindshipRankCompleteHeroCount_07_07","Mission","Achievement_FreindshipRankCompleteHeroCount_07","Kingdom_Direct","",""
"Achievement_FreindshipRankCompleteHeroCount_08_08","Mission","Achievement_FreindshipRankCompleteHeroCount_08","Kingdom_Direct","",""
"Achievement_FreindshipRankCompleteHeroCount_09_09","Mission","Achievement_FreindshipRankCompleteHeroCount_09","Kingdom_Direct","",""
"Achievement_FreindshipRankCompleteHeroCount_10_10","Mission","Achievement_FreindshipRankCompleteHeroCount_10","Kingdom_Direct","",""
"Achievement_FreindshipRankCompleteHeroCount_11_11","Mission","Achievement_FreindshipRankCompleteHeroCount_11","Kingdom_Direct","",""
"Achievement_FreindshipRankCompleteHeroCount_12_12","Mission","Achievement_FreindshipRankCompleteHeroCount_12","Kingdom_Direct","",""
"Achievement_FreindshipRankCompleteHeroCount_13_13","Mission","Achievement_FreindshipRankCompleteHeroCount_13","Kingdom_Direct","",""
"Achievement_FreindshipRankCompleteHeroCount_14_14","Mission","Achievement_FreindshipRankCompleteHeroCount_14","Kingdom_Direct","",""
"Achievement_FreindshipRankCompleteHeroCount_15_15","Mission","Achievement_FreindshipRankCompleteHeroCount_15","Kingdom_Direct","",""
"Achievement_FreindshipRankCompleteHeroCount_16_16","Mission","Achievement_FreindshipRankCompleteHeroCount_16","Kingdom_Direct","",""
"Achievement_FreindshipRankCompleteHeroCount_17_17","Mission","Achievement_FreindshipRankCompleteHeroCount_17","Kingdom_Direct","",""
"Achievement_FreindshipRankCompleteHeroCount_18_18","Mission","Achievement_FreindshipRankCompleteHeroCount_18","Kingdom_Direct","",""
"Achievement_FreindshipRankCompleteHeroCount_19_19","Mission","Achievement_FreindshipRankCompleteHeroCount_19","Kingdom_Direct","",""
"Achievement_FreindshipRankCompleteHeroCount_20_20","Mission","Achievement_FreindshipRankCompleteHeroCount_20","Kingdom_Direct","",""
"Achievement_FreindshipRankCompleteHeroCount_21_21","Mission","Achievement_FreindshipRankCompleteHeroCount_21","Kingdom_Direct","",""
"Achievement_FreindshipRankCompleteHeroCount_22_22","Mission","Achievement_FreindshipRankCompleteHeroCount_22","Kingdom_Direct","",""
"Achievement_FreindshipRankCompleteHeroCount_23_23","Mission","Achievement_FreindshipRankCompleteHeroCount_23","Kingdom_Direct","",""
"Achievement_FreindshipRankCompleteHeroCount_24_24","Mission","Achievement_FreindshipRankCompleteHeroCount_24","Kingdom_Direct","",""
"Achievement_FreindshipRankCompleteHeroCount_25_25","Mission","Achievement_FreindshipRankCompleteHeroCount_25","Kingdom_Direct","",""
"Achievement_FreindshipRankCompleteHeroCount_26_26","Mission","Achievement_FreindshipRankCompleteHeroCount_26","Kingdom_Direct","",""
"Achievement_FreindshipRankCompleteHeroCount_27_27","Mission","Achievement_FreindshipRankCompleteHeroCount_27","Kingdom_Direct","",""
"Achievement_FreindshipRankCompleteHeroCount_28_28","Mission","Achievement_FreindshipRankCompleteHeroCount_28","Kingdom_Direct","",""
"Achievement_FreindshipRankCompleteHeroCount_29_29","Mission","Achievement_FreindshipRankCompleteHeroCount_29","Kingdom_Direct","",""
"Achievement_FreindshipRankCompleteHeroCount_30_30","Mission","Achievement_FreindshipRankCompleteHeroCount_30","Kingdom_Direct","",""
"Achievement_FreindshipRankCompleteHeroCount_31_31","Mission","Achievement_FreindshipRankCompleteHeroCount_31","Kingdom_Direct","",""
"Achievement_FreindshipRankCompleteHeroCount_32_32","Mission","Achievement_FreindshipRankCompleteHeroCount_32","Kingdom_Direct","",""
"Achievement_FreindshipRankCompleteHeroCount_33_33","Mission","Achievement_FreindshipRankCompleteHeroCount_33","Kingdom_Direct","",""
"Achievement_FreindshipRankCompleteHeroCount_34_34","Mission","Achievement_FreindshipRankCompleteHeroCount_34","Kingdom_Direct","",""
"Achievement_FreindshipRankCompleteHeroCount_35_35","Mission","Achievement_FreindshipRankCompleteHeroCount_35","Kingdom_Direct","",""
"Achievement_FreindshipRankCompleteHeroCount_36_36","Mission","Achievement_FreindshipRankCompleteHeroCount_36","Kingdom_Direct","",""
"Achievement_FreindshipRankCompleteHeroCount_37_37","Mission","Achievement_FreindshipRankCompleteHeroCount_37","Kingdom_Direct","",""
"Achievement_FreindshipRankCompleteHeroCount_38_38","Mission","Achievement_FreindshipRankCompleteHeroCount_38","Kingdom_Direct","",""
"Achievement_FreindshipRankCompleteHeroCount_39_39","Mission","Achievement_FreindshipRankCompleteHeroCount_39","Kingdom_Direct","",""
"Achievement_FreindshipRankCompleteHeroCount_40_40","Mission","Achievement_FreindshipRankCompleteHeroCount_40","Kingdom_Direct","",""
"Achievement_FreindshipRankCompleteHeroCount_41_41","Mission","Achievement_FreindshipRankCompleteHeroCount_41","Kingdom_Direct","",""
"Achievement_FreindshipRankCompleteHeroCount_42_42","Mission","Achievement_FreindshipRankCompleteHeroCount_42","Kingdom_Direct","",""
"Achievement_FreindshipRankCompleteHeroCount_43_43","Mission","Achievement_FreindshipRankCompleteHeroCount_43","Kingdom_Direct","",""
"Achievement_FreindshipRankCompleteHeroCount_44_44","Mission","Achievement_FreindshipRankCompleteHeroCount_44","Kingdom_Direct","",""
"Achievement_FreindshipRankCompleteHeroCount_45_45","Mission","Achievement_FreindshipRankCompleteHeroCount_45","Kingdom_Direct","",""
"Achievement_FreindshipRankCompleteHeroCount_46_46","Mission","Achievement_FreindshipRankCompleteHeroCount_46","Kingdom_Direct","",""
"Achievement_FreindshipRankCompleteHeroCount_47_47","Mission","Achievement_FreindshipRankCompleteHeroCount_47","Kingdom_Direct","",""
"Achievement_FreindshipRankCompleteHeroCount_48_48","Mission","Achievement_FreindshipRankCompleteHeroCount_48","Kingdom_Direct","",""
"Achievement_FreindshipRankCompleteHeroCount_49_49","Mission","Achievement_FreindshipRankCompleteHeroCount_49","Kingdom_Direct","",""
"Achievement_FreindshipRankCompleteHeroCount_50_50","Mission","Achievement_FreindshipRankCompleteHeroCount_50","Kingdom_Direct","",""
"Achievement_FreindshipRankCompleteHeroCount_51_51","Mission","Achievement_FreindshipRankCompleteHeroCount_51","Kingdom_Direct","",""
"Achievement_FreindshipRankCompleteHeroCount_52_52","Mission","Achievement_FreindshipRankCompleteHeroCount_52","Kingdom_Direct","",""
"Achievement_FreindshipRankCompleteHeroCount_53_53","Mission","Achievement_FreindshipRankCompleteHeroCount_53","Kingdom_Direct","",""
"Achievement_FreindshipRankCompleteHeroCount_54_54","Mission","Achievement_FreindshipRankCompleteHeroCount_54","Kingdom_Direct","",""
"Achievement_FreindshipRankCompleteHeroCount_55_55","Mission","Achievement_FreindshipRankCompleteHeroCount_55","Kingdom_Direct","",""
"Achievement_FreindshipRankCompleteHeroCount_56_56","Mission","Achievement_FreindshipRankCompleteHeroCount_56","Kingdom_Direct","",""
"Achievement_FreindshipRankCompleteHeroCount_57_57","Mission","Achievement_FreindshipRankCompleteHeroCount_57","Kingdom_Direct","",""
"Achievement_FreindshipRankCompleteHeroCount_58_58","Mission","Achievement_FreindshipRankCompleteHeroCount_58","Kingdom_Direct","",""
"Achievement_FreindshipRankCompleteHeroCount_59_59","Mission","Achievement_FreindshipRankCompleteHeroCount_59","Kingdom_Direct","",""
"Achievement_FreindshipRankCompleteHeroCount_60_60","Mission","Achievement_FreindshipRankCompleteHeroCount_60","Kingdom_Direct","",""
"Achievement_FreindshipRankCompleteHeroCount_61_61","Mission","Achievement_FreindshipRankCompleteHeroCount_61","Kingdom_Direct","",""
"Achievement_FreindshipRankCompleteHeroCount_62_62","Mission","Achievement_FreindshipRankCompleteHeroCount_62","Kingdom_Direct","",""
"Achievement_FreindshipRankCompleteHeroCount_63_63","Mission","Achievement_FreindshipRankCompleteHeroCount_63","Kingdom_Direct","",""
"Achievement_FreindshipRankCompleteHeroCount_64_64","Mission","Achievement_FreindshipRankCompleteHeroCount_64","Kingdom_Direct","",""
"Achievement_FreindshipRankCompleteHeroCount_65_65","Mission","Achievement_FreindshipRankCompleteHeroCount_65","Kingdom_Direct","",""
"Achievement_FreindshipRankCompleteHeroCount_66_66","Mission","Achievement_FreindshipRankCompleteHeroCount_66","Kingdom_Direct","",""
"Achievement_FreindshipRankCompleteHeroCount_67_67","Mission","Achievement_FreindshipRankCompleteHeroCount_67","Kingdom_Direct","",""
"Achievement_FreindshipRankCompleteHeroCount_68_68","Mission","Achievement_FreindshipRankCompleteHeroCount_68","Kingdom_Direct","",""
"Achievement_FreindshipRankCompleteHeroCount_69_69","Mission","Achievement_FreindshipRankCompleteHeroCount_69","Kingdom_Direct","",""
"Achievement_FreindshipRankCompleteHeroCount_70_70","Mission","Achievement_FreindshipRankCompleteHeroCount_70","Kingdom_Direct","",""
"Achievement_FreindshipRankCompleteHeroCount_71_71","Mission","Achievement_FreindshipRankCompleteHeroCount_71","Kingdom_Direct","",""
"Achievement_FreindshipRankCompleteHeroCount_72_72","Mission","Achievement_FreindshipRankCompleteHeroCount_72","Kingdom_Direct","",""
"Achievement_FreindshipRankCompleteHeroCount_73_73","Mission","Achievement_FreindshipRankCompleteHeroCount_73","Kingdom_Direct","",""
"Achievement_FreindshipRankCompleteHeroCount_74_74","Mission","Achievement_FreindshipRankCompleteHeroCount_74","Kingdom_Direct","",""
"Achievement_FreindshipRankCompleteHeroCount_75_75","Mission","Achievement_FreindshipRankCompleteHeroCount_75","Kingdom_Direct","",""
"Achievement_FreindshipRankCompleteHeroCount_76_76","Mission","Achievement_FreindshipRankCompleteHeroCount_76","Kingdom_Direct","",""
"Achievement_FreindshipRankCompleteHeroCount_77_77","Mission","Achievement_FreindshipRankCompleteHeroCount_77","Kingdom_Direct","",""
"Achievement_FreindshipRankCompleteHeroCount_78_78","Mission","Achievement_FreindshipRankCompleteHeroCount_78","Kingdom_Direct","",""
"Achievement_FreindshipRankCompleteHeroCount_79_79","Mission","Achievement_FreindshipRankCompleteHeroCount_79","Kingdom_Direct","",""
"Achievement_FreindshipRankCompleteHeroCount_80_80","Mission","Achievement_FreindshipRankCompleteHeroCount_80","Kingdom_Direct","",""
"Achievement_FreindshipRankCompleteHeroCount_81_81","Mission","Achievement_FreindshipRankCompleteHeroCount_81","Kingdom_Direct","",""
"Achievement_FreindshipRankCompleteHeroCount_82_82","Mission","Achievement_FreindshipRankCompleteHeroCount_82","Kingdom_Direct","",""
"Achievement_FreindshipRankCompleteHeroCount_83_83","Mission","Achievement_FreindshipRankCompleteHeroCount_83","Kingdom_Direct","",""
"Achievement_FreindshipRankCompleteHeroCount_84_84","Mission","Achievement_FreindshipRankCompleteHeroCount_84","Kingdom_Direct","",""
"Achievement_FreindshipRankCompleteHeroCount_85_85","Mission","Achievement_FreindshipRankCompleteHeroCount_85","Kingdom_Direct","",""
"Achievement_FreindshipRankCompleteHeroCount_86_86","Mission","Achievement_FreindshipRankCompleteHeroCount_86","Kingdom_Direct","",""
"Achievement_FreindshipRankCompleteHeroCount_87_87","Mission","Achievement_FreindshipRankCompleteHeroCount_87","Kingdom_Direct","",""
"Achievement_FreindshipRankCompleteHeroCount_88_88","Mission","Achievement_FreindshipRankCompleteHeroCount_88","Kingdom_Direct","",""
"Achievement_FreindshipRankCompleteHeroCount_89_89","Mission","Achievement_FreindshipRankCompleteHeroCount_89","Kingdom_Direct","",""
"Achievement_FreindshipRankCompleteHeroCount_90_90","Mission","Achievement_FreindshipRankCompleteHeroCount_90","Kingdom_Direct","",""
"Achievement_FreindshipRankCompleteHeroCount_91_91","Mission","Achievement_FreindshipRankCompleteHeroCount_91","Kingdom_Direct","",""
"Achievement_FreindshipRankCompleteHeroCount_92_92","Mission","Achievement_FreindshipRankCompleteHeroCount_92","Kingdom_Direct","",""
"Achievement_FreindshipRankCompleteHeroCount_93_93","Mission","Achievement_FreindshipRankCompleteHeroCount_93","Kingdom_Direct","",""
"Achievement_FreindshipRankCompleteHeroCount_94_94","Mission","Achievement_FreindshipRankCompleteHeroCount_94","Kingdom_Direct","",""
"Achievement_FreindshipRankCompleteHeroCount_95_95","Mission","Achievement_FreindshipRankCompleteHeroCount_95","Kingdom_Direct","",""
"Achievement_FreindshipRankCompleteHeroCount_96_96","Mission","Achievement_FreindshipRankCompleteHeroCount_96","Kingdom_Direct","",""
"Achievement_FreindshipRankCompleteHeroCount_97_97","Mission","Achievement_FreindshipRankCompleteHeroCount_97","Kingdom_Direct","",""
"Achievement_FreindshipRankCompleteHeroCount_98_98","Mission","Achievement_FreindshipRankCompleteHeroCount_98","Kingdom_Direct","",""
"Achievement_FreindshipRankCompleteHeroCount_99_99","Mission","Achievement_FreindshipRankCompleteHeroCount_99","Kingdom_Direct","",""
"Achievement_FreindshipRankCompleteHeroCount_100_100","Mission","Achievement_FreindshipRankCompleteHeroCount_100","Kingdom_Direct","",""
"Achievement_MemorialGetCount_01_01","Mission","Achievement_MemorialGetCount_01","Mirrorgram_Direct","",""
"Achievement_MemorialGetCount_02_02","Mission","Achievement_MemorialGetCount_02","Mirrorgram_Direct","",""
"Achievement_MemorialGetCount_03_03","Mission","Achievement_MemorialGetCount_03","Mirrorgram_Direct","",""
"Achievement_MemorialGetCount_04_04","Mission","Achievement_MemorialGetCount_04","Mirrorgram_Direct","",""
"Achievement_MemorialGetCount_05_05","Mission","Achievement_MemorialGetCount_05","Mirrorgram_Direct","",""
"Achievement_MemorialGetCount_06_06","Mission","Achievement_MemorialGetCount_06","Mirrorgram_Direct","",""
"Achievement_MemorialGetCount_07_07","Mission","Achievement_MemorialGetCount_07","Mirrorgram_Direct","",""
"Achievement_MemorialGetCount_08_08","Mission","Achievement_MemorialGetCount_08","Mirrorgram_Direct","",""
"Achievement_MemorialGetCount_09_09","Mission","Achievement_MemorialGetCount_09","Mirrorgram_Direct","",""
"Achievement_MemorialGetCount_10_10","Mission","Achievement_MemorialGetCount_10","Mirrorgram_Direct","",""
"Achievement_MemorialGetCount_11_11","Mission","Achievement_MemorialGetCount_11","Mirrorgram_Direct","",""
"Achievement_MemorialGetCount_12_12","Mission","Achievement_MemorialGetCount_12","Mirrorgram_Direct","",""
"Achievement_MemorialGetCount_13_13","Mission","Achievement_MemorialGetCount_13","Mirrorgram_Direct","",""
"Achievement_MemorialGetCount_14_14","Mission","Achievement_MemorialGetCount_14","Mirrorgram_Direct","",""
"Achievement_MemorialGetCount_15_15","Mission","Achievement_MemorialGetCount_15","Mirrorgram_Direct","",""
"Achievement_MemorialGetCount_16_16","Mission","Achievement_MemorialGetCount_16","Mirrorgram_Direct","",""
"Achievement_MemorialGetCount_17_17","Mission","Achievement_MemorialGetCount_17","Mirrorgram_Direct","",""
"Achievement_MemorialGetCount_18_18","Mission","Achievement_MemorialGetCount_18","Mirrorgram_Direct","",""
"Achievement_MemorialGetCount_19_19","Mission","Achievement_MemorialGetCount_19","Mirrorgram_Direct","",""
"Achievement_MemorialGetCount_20_20","Mission","Achievement_MemorialGetCount_20","Mirrorgram_Direct","",""
"Achievement_MemorialGetCount_21_21","Mission","Achievement_MemorialGetCount_21","Mirrorgram_Direct","",""
"Achievement_MemorialGetCount_22_22","Mission","Achievement_MemorialGetCount_22","Mirrorgram_Direct","",""
"Achievement_MemorialGetCount_23_23","Mission","Achievement_MemorialGetCount_23","Mirrorgram_Direct","",""
"Achievement_MemorialGetCount_24_24","Mission","Achievement_MemorialGetCount_24","Mirrorgram_Direct","",""
"Achievement_MemorialGetCount_25_25","Mission","Achievement_MemorialGetCount_25","Mirrorgram_Direct","",""
"Achievement_MemorialGetCount_26_26","Mission","Achievement_MemorialGetCount_26","Mirrorgram_Direct","",""
"Achievement_MemorialGetCount_27_27","Mission","Achievement_MemorialGetCount_27","Mirrorgram_Direct","",""
"Achievement_MemorialGetCount_28_28","Mission","Achievement_MemorialGetCount_28","Mirrorgram_Direct","",""
"Achievement_MemorialGetCount_29_29","Mission","Achievement_MemorialGetCount_29","Mirrorgram_Direct","",""
"Achievement_MemorialGetCount_30_30","Mission","Achievement_MemorialGetCount_30","Mirrorgram_Direct","",""
"Achievement_MemorialGetCount_31_31","Mission","Achievement_MemorialGetCount_31","Mirrorgram_Direct","",""
"Achievement_MemorialGetCount_32_32","Mission","Achievement_MemorialGetCount_32","Mirrorgram_Direct","",""
"Achievement_MemorialGetCount_33_33","Mission","Achievement_MemorialGetCount_33","Mirrorgram_Direct","",""
"Achievement_MemorialGetCount_34_34","Mission","Achievement_MemorialGetCount_34","Mirrorgram_Direct","",""
"Achievement_MemorialGetCount_35_35","Mission","Achievement_MemorialGetCount_35","Mirrorgram_Direct","",""
"Achievement_MemorialGetCount_36_36","Mission","Achievement_MemorialGetCount_36","Mirrorgram_Direct","",""
"Achievement_MemorialGetCount_37_37","Mission","Achievement_MemorialGetCount_37","Mirrorgram_Direct","",""
"Achievement_MemorialGetCount_38_38","Mission","Achievement_MemorialGetCount_38","Mirrorgram_Direct","",""
"Achievement_MemorialGetCount_39_39","Mission","Achievement_MemorialGetCount_39","Mirrorgram_Direct","",""
"Achievement_MemorialGetCount_40_40","Mission","Achievement_MemorialGetCount_40","Mirrorgram_Direct","",""
"Achievement_MemorialGetCount_41_41","Mission","Achievement_MemorialGetCount_41","Mirrorgram_Direct","",""
"Achievement_MemorialGetCount_42_42","Mission","Achievement_MemorialGetCount_42","Mirrorgram_Direct","",""
"Achievement_MemorialGetCount_43_43","Mission","Achievement_MemorialGetCount_43","Mirrorgram_Direct","",""
"Achievement_MemorialGetCount_44_44","Mission","Achievement_MemorialGetCount_44","Mirrorgram_Direct","",""
"Achievement_MemorialGetCount_45_45","Mission","Achievement_MemorialGetCount_45","Mirrorgram_Direct","",""
"Achievement_MemorialGetCount_46_46","Mission","Achievement_MemorialGetCount_46","Mirrorgram_Direct","",""
"Achievement_MemorialGetCount_47_47","Mission","Achievement_MemorialGetCount_47","Mirrorgram_Direct","",""
"Achievement_MemorialGetCount_48_48","Mission","Achievement_MemorialGetCount_48","Mirrorgram_Direct","",""
"Achievement_MemorialGetCount_49_49","Mission","Achievement_MemorialGetCount_49","Mirrorgram_Direct","",""
"Achievement_MemorialGetCount_50_50","Mission","Achievement_MemorialGetCount_50","Mirrorgram_Direct","",""
"Achievement_MemorialGetCount_51_51","Mission","Achievement_MemorialGetCount_51","Mirrorgram_Direct","",""
"Achievement_MemorialGetCount_52_52","Mission","Achievement_MemorialGetCount_52","Mirrorgram_Direct","",""
"Achievement_MemorialGetCount_53_53","Mission","Achievement_MemorialGetCount_53","Mirrorgram_Direct","",""
"Achievement_MemorialGetCount_54_54","Mission","Achievement_MemorialGetCount_54","Mirrorgram_Direct","",""
"Achievement_MemorialGetCount_55_55","Mission","Achievement_MemorialGetCount_55","Mirrorgram_Direct","",""
"Achievement_MemorialGetCount_56_56","Mission","Achievement_MemorialGetCount_56","Mirrorgram_Direct","",""
"Achievement_MemorialGetCount_57_57","Mission","Achievement_MemorialGetCount_57","Mirrorgram_Direct","",""
"Achievement_MemorialGetCount_58_58","Mission","Achievement_MemorialGetCount_58","Mirrorgram_Direct","",""
"Achievement_MemorialGetCount_59_59","Mission","Achievement_MemorialGetCount_59","Mirrorgram_Direct","",""
"Achievement_MemorialGetCount_60_60","Mission","Achievement_MemorialGetCount_60","Mirrorgram_Direct","",""
"Achievement_MemorialGetCount_61_61","Mission","Achievement_MemorialGetCount_61","Mirrorgram_Direct","",""
"Achievement_MemorialGetCount_62_62","Mission","Achievement_MemorialGetCount_62","Mirrorgram_Direct","",""
"Achievement_MemorialGetCount_63_63","Mission","Achievement_MemorialGetCount_63","Mirrorgram_Direct","",""
"Achievement_MemorialGetCount_64_64","Mission","Achievement_MemorialGetCount_64","Mirrorgram_Direct","",""
"Achievement_MemorialGetCount_65_65","Mission","Achievement_MemorialGetCount_65","Mirrorgram_Direct","",""
"Achievement_MemorialGetCount_66_66","Mission","Achievement_MemorialGetCount_66","Mirrorgram_Direct","",""
"Achievement_MemorialGetCount_67_67","Mission","Achievement_MemorialGetCount_67","Mirrorgram_Direct","",""
"Achievement_MemorialGetCount_68_68","Mission","Achievement_MemorialGetCount_68","Mirrorgram_Direct","",""
"Achievement_MemorialGetCount_69_69","Mission","Achievement_MemorialGetCount_69","Mirrorgram_Direct","",""
"Achievement_MemorialGetCount_70_70","Mission","Achievement_MemorialGetCount_70","Mirrorgram_Direct","",""
"Achievement_MemorialGetCount_71_71","Mission","Achievement_MemorialGetCount_71","Mirrorgram_Direct","",""
"Achievement_MemorialGetCount_72_72","Mission","Achievement_MemorialGetCount_72","Mirrorgram_Direct","",""
"Achievement_MemorialGetCount_73_73","Mission","Achievement_MemorialGetCount_73","Mirrorgram_Direct","",""
"Achievement_MemorialGetCount_74_74","Mission","Achievement_MemorialGetCount_74","Mirrorgram_Direct","",""
"Achievement_MemorialGetCount_75_75","Mission","Achievement_MemorialGetCount_75","Mirrorgram_Direct","",""
"Achievement_MemorialGetCount_76_76","Mission","Achievement_MemorialGetCount_76","Mirrorgram_Direct","",""
"Achievement_MemorialGetCount_77_77","Mission","Achievement_MemorialGetCount_77","Mirrorgram_Direct","",""
"Achievement_MemorialGetCount_78_78","Mission","Achievement_MemorialGetCount_78","Mirrorgram_Direct","",""
"Achievement_MemorialGetCount_79_79","Mission","Achievement_MemorialGetCount_79","Mirrorgram_Direct","",""
"Achievement_MemorialGetCount_80_80","Mission","Achievement_MemorialGetCount_80","Mirrorgram_Direct","",""
"Achievement_MemorialGetCount_81_81","Mission","Achievement_MemorialGetCount_81","Mirrorgram_Direct","",""
"Achievement_MemorialGetCount_82_82","Mission","Achievement_MemorialGetCount_82","Mirrorgram_Direct","",""
"Achievement_MemorialGetCount_83_83","Mission","Achievement_MemorialGetCount_83","Mirrorgram_Direct","",""
"Achievement_MemorialGetCount_84_84","Mission","Achievement_MemorialGetCount_84","Mirrorgram_Direct","",""
"Achievement_MemorialGetCount_85_85","Mission","Achievement_MemorialGetCount_85","Mirrorgram_Direct","",""
"Achievement_MemorialGetCount_86_86","Mission","Achievement_MemorialGetCount_86","Mirrorgram_Direct","",""
"Achievement_MemorialGetCount_87_87","Mission","Achievement_MemorialGetCount_87","Mirrorgram_Direct","",""
"Achievement_MemorialGetCount_88_88","Mission","Achievement_MemorialGetCount_88","Mirrorgram_Direct","",""
"Achievement_MemorialGetCount_89_89","Mission","Achievement_MemorialGetCount_89","Mirrorgram_Direct","",""
"Achievement_MemorialGetCount_90_90","Mission","Achievement_MemorialGetCount_90","Mirrorgram_Direct","",""
"Achievement_MemorialGetCount_91_91","Mission","Achievement_MemorialGetCount_91","Mirrorgram_Direct","",""
"Achievement_MemorialGetCount_92_92","Mission","Achievement_MemorialGetCount_92","Mirrorgram_Direct","",""
"Achievement_MemorialGetCount_93_93","Mission","Achievement_MemorialGetCount_93","Mirrorgram_Direct","",""
"Achievement_MemorialGetCount_94_94","Mission","Achievement_MemorialGetCount_94","Mirrorgram_Direct","",""
"Achievement_MemorialGetCount_95_95","Mission","Achievement_MemorialGetCount_95","Mirrorgram_Direct","",""
"Achievement_MemorialGetCount_96_96","Mission","Achievement_MemorialGetCount_96","Mirrorgram_Direct","",""
"Achievement_MemorialGetCount_97_97","Mission","Achievement_MemorialGetCount_97","Mirrorgram_Direct","",""
"Achievement_MemorialGetCount_98_98","Mission","Achievement_MemorialGetCount_98","Mirrorgram_Direct","",""
"Achievement_MemorialGetCount_99_99","Mission","Achievement_MemorialGetCount_99","Mirrorgram_Direct","",""
"Achievement_MemorialGetCount_100_100","Mission","Achievement_MemorialGetCount_100","Mirrorgram_Direct","",""
"Achievement_MemorialGetCount_01_101","Mission","Achievement_MemorialGetCount_01","Kingdom_Direct","",""
"Achievement_MemorialGetCount_02_102","Mission","Achievement_MemorialGetCount_02","Kingdom_Direct","",""
"Achievement_MemorialGetCount_03_103","Mission","Achievement_MemorialGetCount_03","Kingdom_Direct","",""
"Achievement_MemorialGetCount_04_104","Mission","Achievement_MemorialGetCount_04","Kingdom_Direct","",""
"Achievement_MemorialGetCount_05_105","Mission","Achievement_MemorialGetCount_05","Kingdom_Direct","",""
"Achievement_MemorialGetCount_06_106","Mission","Achievement_MemorialGetCount_06","Kingdom_Direct","",""
"Achievement_MemorialGetCount_07_107","Mission","Achievement_MemorialGetCount_07","Kingdom_Direct","",""
"Achievement_MemorialGetCount_08_108","Mission","Achievement_MemorialGetCount_08","Kingdom_Direct","",""
"Achievement_MemorialGetCount_09_109","Mission","Achievement_MemorialGetCount_09","Kingdom_Direct","",""
"Achievement_MemorialGetCount_10_110","Mission","Achievement_MemorialGetCount_10","Kingdom_Direct","",""
"Achievement_MemorialGetCount_11_111","Mission","Achievement_MemorialGetCount_11","Kingdom_Direct","",""
"Achievement_MemorialGetCount_12_112","Mission","Achievement_MemorialGetCount_12","Kingdom_Direct","",""
"Achievement_MemorialGetCount_13_113","Mission","Achievement_MemorialGetCount_13","Kingdom_Direct","",""
"Achievement_MemorialGetCount_14_114","Mission","Achievement_MemorialGetCount_14","Kingdom_Direct","",""
"Achievement_MemorialGetCount_15_115","Mission","Achievement_MemorialGetCount_15","Kingdom_Direct","",""
"Achievement_MemorialGetCount_16_116","Mission","Achievement_MemorialGetCount_16","Kingdom_Direct","",""
"Achievement_MemorialGetCount_17_117","Mission","Achievement_MemorialGetCount_17","Kingdom_Direct","",""
"Achievement_MemorialGetCount_18_118","Mission","Achievement_MemorialGetCount_18","Kingdom_Direct","",""
"Achievement_MemorialGetCount_19_119","Mission","Achievement_MemorialGetCount_19","Kingdom_Direct","",""
"Achievement_MemorialGetCount_20_120","Mission","Achievement_MemorialGetCount_20","Kingdom_Direct","",""
"Achievement_MemorialGetCount_21_121","Mission","Achievement_MemorialGetCount_21","Kingdom_Direct","",""
"Achievement_MemorialGetCount_22_122","Mission","Achievement_MemorialGetCount_22","Kingdom_Direct","",""
"Achievement_MemorialGetCount_23_123","Mission","Achievement_MemorialGetCount_23","Kingdom_Direct","",""
"Achievement_MemorialGetCount_24_124","Mission","Achievement_MemorialGetCount_24","Kingdom_Direct","",""
"Achievement_MemorialGetCount_25_125","Mission","Achievement_MemorialGetCount_25","Kingdom_Direct","",""
"Achievement_MemorialGetCount_26_126","Mission","Achievement_MemorialGetCount_26","Kingdom_Direct","",""
"Achievement_MemorialGetCount_27_127","Mission","Achievement_MemorialGetCount_27","Kingdom_Direct","",""
"Achievement_MemorialGetCount_28_128","Mission","Achievement_MemorialGetCount_28","Kingdom_Direct","",""
"Achievement_MemorialGetCount_29_129","Mission","Achievement_MemorialGetCount_29","Kingdom_Direct","",""
"Achievement_MemorialGetCount_30_130","Mission","Achievement_MemorialGetCount_30","Kingdom_Direct","",""
"Achievement_MemorialGetCount_31_131","Mission","Achievement_MemorialGetCount_31","Kingdom_Direct","",""
"Achievement_MemorialGetCount_32_132","Mission","Achievement_MemorialGetCount_32","Kingdom_Direct","",""
"Achievement_MemorialGetCount_33_133","Mission","Achievement_MemorialGetCount_33","Kingdom_Direct","",""
"Achievement_MemorialGetCount_34_134","Mission","Achievement_MemorialGetCount_34","Kingdom_Direct","",""
"Achievement_MemorialGetCount_35_135","Mission","Achievement_MemorialGetCount_35","Kingdom_Direct","",""
"Achievement_MemorialGetCount_36_136","Mission","Achievement_MemorialGetCount_36","Kingdom_Direct","",""
"Achievement_MemorialGetCount_37_137","Mission","Achievement_MemorialGetCount_37","Kingdom_Direct","",""
"Achievement_MemorialGetCount_38_138","Mission","Achievement_MemorialGetCount_38","Kingdom_Direct","",""
"Achievement_MemorialGetCount_39_139","Mission","Achievement_MemorialGetCount_39","Kingdom_Direct","",""
"Achievement_MemorialGetCount_40_140","Mission","Achievement_MemorialGetCount_40","Kingdom_Direct","",""
"Achievement_MemorialGetCount_41_141","Mission","Achievement_MemorialGetCount_41","Kingdom_Direct","",""
"Achievement_MemorialGetCount_42_142","Mission","Achievement_MemorialGetCount_42","Kingdom_Direct","",""
"Achievement_MemorialGetCount_43_143","Mission","Achievement_MemorialGetCount_43","Kingdom_Direct","",""
"Achievement_MemorialGetCount_44_144","Mission","Achievement_MemorialGetCount_44","Kingdom_Direct","",""
"Achievement_MemorialGetCount_45_145","Mission","Achievement_MemorialGetCount_45","Kingdom_Direct","",""
"Achievement_MemorialGetCount_46_146","Mission","Achievement_MemorialGetCount_46","Kingdom_Direct","",""
"Achievement_MemorialGetCount_47_147","Mission","Achievement_MemorialGetCount_47","Kingdom_Direct","",""
"Achievement_MemorialGetCount_48_148","Mission","Achievement_MemorialGetCount_48","Kingdom_Direct","",""
"Achievement_MemorialGetCount_49_149","Mission","Achievement_MemorialGetCount_49","Kingdom_Direct","",""
"Achievement_MemorialGetCount_50_150","Mission","Achievement_MemorialGetCount_50","Kingdom_Direct","",""
"Achievement_MemorialGetCount_51_151","Mission","Achievement_MemorialGetCount_51","Kingdom_Direct","",""
"Achievement_MemorialGetCount_52_152","Mission","Achievement_MemorialGetCount_52","Kingdom_Direct","",""
"Achievement_MemorialGetCount_53_153","Mission","Achievement_MemorialGetCount_53","Kingdom_Direct","",""
"Achievement_MemorialGetCount_54_154","Mission","Achievement_MemorialGetCount_54","Kingdom_Direct","",""
"Achievement_MemorialGetCount_55_155","Mission","Achievement_MemorialGetCount_55","Kingdom_Direct","",""
"Achievement_MemorialGetCount_56_156","Mission","Achievement_MemorialGetCount_56","Kingdom_Direct","",""
"Achievement_MemorialGetCount_57_157","Mission","Achievement_MemorialGetCount_57","Kingdom_Direct","",""
"Achievement_MemorialGetCount_58_158","Mission","Achievement_MemorialGetCount_58","Kingdom_Direct","",""
"Achievement_MemorialGetCount_59_159","Mission","Achievement_MemorialGetCount_59","Kingdom_Direct","",""
"Achievement_MemorialGetCount_60_160","Mission","Achievement_MemorialGetCount_60","Kingdom_Direct","",""
"Achievement_MemorialGetCount_61_161","Mission","Achievement_MemorialGetCount_61","Kingdom_Direct","",""
"Achievement_MemorialGetCount_62_162","Mission","Achievement_MemorialGetCount_62","Kingdom_Direct","",""
"Achievement_MemorialGetCount_63_163","Mission","Achievement_MemorialGetCount_63","Kingdom_Direct","",""
"Achievement_MemorialGetCount_64_164","Mission","Achievement_MemorialGetCount_64","Kingdom_Direct","",""
"Achievement_MemorialGetCount_65_165","Mission","Achievement_MemorialGetCount_65","Kingdom_Direct","",""
"Achievement_MemorialGetCount_66_166","Mission","Achievement_MemorialGetCount_66","Kingdom_Direct","",""
"Achievement_MemorialGetCount_67_167","Mission","Achievement_MemorialGetCount_67","Kingdom_Direct","",""
"Achievement_MemorialGetCount_68_168","Mission","Achievement_MemorialGetCount_68","Kingdom_Direct","",""
"Achievement_MemorialGetCount_69_169","Mission","Achievement_MemorialGetCount_69","Kingdom_Direct","",""
"Achievement_MemorialGetCount_70_170","Mission","Achievement_MemorialGetCount_70","Kingdom_Direct","",""
"Achievement_MemorialGetCount_71_171","Mission","Achievement_MemorialGetCount_71","Kingdom_Direct","",""
"Achievement_MemorialGetCount_72_172","Mission","Achievement_MemorialGetCount_72","Kingdom_Direct","",""
"Achievement_MemorialGetCount_73_173","Mission","Achievement_MemorialGetCount_73","Kingdom_Direct","",""
"Achievement_MemorialGetCount_74_174","Mission","Achievement_MemorialGetCount_74","Kingdom_Direct","",""
"Achievement_MemorialGetCount_75_175","Mission","Achievement_MemorialGetCount_75","Kingdom_Direct","",""
"Achievement_MemorialGetCount_76_176","Mission","Achievement_MemorialGetCount_76","Kingdom_Direct","",""
"Achievement_MemorialGetCount_77_177","Mission","Achievement_MemorialGetCount_77","Kingdom_Direct","",""
"Achievement_MemorialGetCount_78_178","Mission","Achievement_MemorialGetCount_78","Kingdom_Direct","",""
"Achievement_MemorialGetCount_79_179","Mission","Achievement_MemorialGetCount_79","Kingdom_Direct","",""
"Achievement_MemorialGetCount_80_180","Mission","Achievement_MemorialGetCount_80","Kingdom_Direct","",""
"Achievement_MemorialGetCount_81_181","Mission","Achievement_MemorialGetCount_81","Kingdom_Direct","",""
"Achievement_MemorialGetCount_82_182","Mission","Achievement_MemorialGetCount_82","Kingdom_Direct","",""
"Achievement_MemorialGetCount_83_183","Mission","Achievement_MemorialGetCount_83","Kingdom_Direct","",""
"Achievement_MemorialGetCount_84_184","Mission","Achievement_MemorialGetCount_84","Kingdom_Direct","",""
"Achievement_MemorialGetCount_85_185","Mission","Achievement_MemorialGetCount_85","Kingdom_Direct","",""
"Achievement_MemorialGetCount_86_186","Mission","Achievement_MemorialGetCount_86","Kingdom_Direct","",""
"Achievement_MemorialGetCount_87_187","Mission","Achievement_MemorialGetCount_87","Kingdom_Direct","",""
"Achievement_MemorialGetCount_88_188","Mission","Achievement_MemorialGetCount_88","Kingdom_Direct","",""
"Achievement_MemorialGetCount_89_189","Mission","Achievement_MemorialGetCount_89","Kingdom_Direct","",""
"Achievement_MemorialGetCount_90_190","Mission","Achievement_MemorialGetCount_90","Kingdom_Direct","",""
"Achievement_MemorialGetCount_91_191","Mission","Achievement_MemorialGetCount_91","Kingdom_Direct","",""
"Achievement_MemorialGetCount_92_192","Mission","Achievement_MemorialGetCount_92","Kingdom_Direct","",""
"Achievement_MemorialGetCount_93_193","Mission","Achievement_MemorialGetCount_93","Kingdom_Direct","",""
"Achievement_MemorialGetCount_94_194","Mission","Achievement_MemorialGetCount_94","Kingdom_Direct","",""
"Achievement_MemorialGetCount_95_195","Mission","Achievement_MemorialGetCount_95","Kingdom_Direct","",""
"Achievement_MemorialGetCount_96_196","Mission","Achievement_MemorialGetCount_96","Kingdom_Direct","",""
"Achievement_MemorialGetCount_97_197","Mission","Achievement_MemorialGetCount_97","Kingdom_Direct","",""
"Achievement_MemorialGetCount_98_198","Mission","Achievement_MemorialGetCount_98","Kingdom_Direct","",""
"Achievement_MemorialGetCount_99_199","Mission","Achievement_MemorialGetCount_99","Kingdom_Direct","",""
"Achievement_MemorialGetCount_100_200","Mission","Achievement_MemorialGetCount_100","Kingdom_Direct","",""
"GuideMission_New_User_01_01","GuideMission","GuideMission_New_User_01","Ruins_Direct","",""
"GuideMission_New_User_01_02","GuideMission","GuideMission_New_User_01","AdventureNormal_Direct","",""
"GuideMission_New_User_02_01","GuideMission","GuideMission_New_User_02","AdventureMode_Popup","Stage_Normal_0012","AdventureStage"
"GuideMission_New_User_03_01","GuideMission","GuideMission_New_User_03","MainStory_Popup","Episode_M_001_03","Episode"
"GuideMission_New_User_04_01","GuideMission","GuideMission_New_User_04","HeroList_Direct","",""
"GuideMission_New_User_05_01","GuideMission","GuideMission_New_User_05","HeroList_Direct","",""
"GuideMission_New_User_06_01","GuideMission","GuideMission_New_User_06","AdventureNormal_Direct","",""
"GuideMission_New_User_07_01","GuideMission","GuideMission_New_User_07","HeroGacha_Direct","",""
"GuideMission_New_User_08_01","GuideMission","GuideMission_New_User_08","HeroGacha_Direct","",""
"GuideMission_New_User_09_01","GuideMission","GuideMission_New_User_09","ShopCoinGold_Direct","Shop_Coin_Gold","ShopProduct"
"GuideMission_New_User_09_02","GuideMission","GuideMission_New_User_09","HeroList_Direct","",""
"GuideMission_New_User_10_01","GuideMission","GuideMission_New_User_10","EnergyBuy_Popup","",""
"GuideMission_New_User_11_01","GuideMission","GuideMission_New_User_11","Ruins_Direct","",""
"GuideMission_New_User_11_02","GuideMission","GuideMission_New_User_11","AdventureNormal_Direct","",""
"GuideMission_New_User_12_01","GuideMission","GuideMission_New_User_12","AdventureMode_Popup","Stage_Normal_0023","AdventureStage"
"GuideMission_New_User_13_01","GuideMission","GuideMission_New_User_13","MainStory_Popup","Episode_M_001_06","Episode"
"GuideMission_New_User_14_01","GuideMission","GuideMission_New_User_14","ScheduleList_Popup","",""
"GuideMission_New_User_15_01","GuideMission","GuideMission_New_User_15","HeroList_Direct","",""
"GuideMission_New_User_20_01","GuideMission","GuideMission_New_User_20","Ruins_Popup","Ruins_Gold_0001","RuinsStage"
"GuideMission_New_User_16_01","GuideMission","GuideMission_New_User_16","HeroGacha_Direct","",""
"GuideMission_New_User_17_01","GuideMission","GuideMission_New_User_17","HeroGacha_Direct","",""
"GuideMission_New_User_18_01","GuideMission","GuideMission_New_User_18","HeroList_Direct","",""
"GuideMission_New_User_19_01","GuideMission","GuideMission_New_User_19","EnergyBuy_Popup","",""
"GuideMission_New_User_21_01","GuideMission","GuideMission_New_User_21","Ruins_Direct","",""
"GuideMission_New_User_21_02","GuideMission","GuideMission_New_User_21","AdventureNormal_Direct","",""
"GuideMission_New_User_22_01","GuideMission","GuideMission_New_User_22","AdventureMode_Popup","Stage_Normal_0032","AdventureStage"
"GuideMission_New_User_23_01","GuideMission","GuideMission_New_User_23","MainStory_Popup","Episode_M_001_10","Episode"
"GuideMission_New_User_24_01","GuideMission","GuideMission_New_User_24","ScheduleList_Popup","",""
"GuideMission_New_User_25_01","GuideMission","GuideMission_New_User_25","HeroList_Direct","",""
"GuideMission_New_User_28_01","GuideMission","GuideMission_New_User_28","Ruins_Popup","Ruins_Exp_0001","RuinsStage"
"GuideMission_New_User_26_01","GuideMission","GuideMission_New_User_26","Kingdom_Direct","",""
"GuideMission_New_User_29_01","GuideMission","GuideMission_New_User_29","Dungeon_Popup","Dungeon_Clover_0001","DungeonStage"
"GuideMission_New_User_27_01","GuideMission","GuideMission_New_User_27","HeroList_Direct","",""
"GuideMission_New_User_30_01","GuideMission","GuideMission_New_User_30","Dungeon_Popup","Dungeon_Heart_0001","DungeonStage"
"GuideMission_New_User_31_01","GuideMission","GuideMission_New_User_31","Ruins_Direct","",""
"GuideMission_New_User_31_02","GuideMission","GuideMission_New_User_31","AdventureNormal_Direct","",""
"GuideMission_New_User_32_01","GuideMission","GuideMission_New_User_32","AdventureMode_Popup","Stage_Normal_0044","AdventureStage"
"GuideMission_New_User_33_01","GuideMission","GuideMission_New_User_33","MainStory_Popup","Episode_M_002_03","Episode"
"GuideMission_New_User_34_01","GuideMission","GuideMission_New_User_34","ScheduleList_Popup","",""
"GuideMission_New_User_35_01","GuideMission","GuideMission_New_User_35","HeroList_Direct","",""
"GuideMission_New_User_38_01","GuideMission","GuideMission_New_User_38","Ruins_Popup","Ruins_Gold_0002","RuinsStage"
"GuideMission_New_User_36_01","GuideMission","GuideMission_New_User_36","Kingdom_Direct","",""
"GuideMission_New_User_39_01","GuideMission","GuideMission_New_User_39","Dungeon_Popup","Dungeon_Diamond_0001","DungeonStage"
"GuideMission_New_User_37_01","GuideMission","GuideMission_New_User_37","HeroList_Direct","",""
"GuideMission_New_User_40_01","GuideMission","GuideMission_New_User_40","Dungeon_Popup","Dungeon_Spade_0001","DungeonStage"
"GuideMission_New_User_41_01","GuideMission","GuideMission_New_User_41","Ruins_Direct","",""
"GuideMission_New_User_41_02","GuideMission","GuideMission_New_User_41","AdventureNormal_Direct","",""
"GuideMission_New_User_42_01","GuideMission","GuideMission_New_User_42","AdventureMode_Popup","Stage_Normal_0050","AdventureStage"
"GuideMission_New_User_43_01","GuideMission","GuideMission_New_User_43","MainStory_Popup","Episode_M_002_06","Episode"
"GuideMission_New_User_44_01","GuideMission","GuideMission_New_User_44","ScheduleList_Popup","",""
"GuideMission_New_User_45_01","GuideMission","GuideMission_New_User_45","HeroList_Direct","",""
"GuideMission_New_User_48_01","GuideMission","GuideMission_New_User_48","Ruins_Popup","Ruins_Exp_0002","RuinsStage"
"GuideMission_New_User_46_01","GuideMission","GuideMission_New_User_46","Kingdom_Direct","",""
"GuideMission_New_User_49_01","GuideMission","GuideMission_New_User_49","Dungeon_Popup","Dungeon_Clover_0002","DungeonStage"
"GuideMission_New_User_47_01","GuideMission","GuideMission_New_User_47","HeroList_Direct","",""
"GuideMission_New_User_50_01","GuideMission","GuideMission_New_User_50","Dungeon_Popup","Dungeon_Heart_0002","DungeonStage"
"GuideMission_New_User_51_01","GuideMission","GuideMission_New_User_51","Ruins_Direct","",""
"GuideMission_New_User_51_02","GuideMission","GuideMission_New_User_51","AdventureNormal_Direct","",""
"GuideMission_New_User_57_01","GuideMission","GuideMission_New_User_57","KingdomManage_Popup","",""
"GuideMission_New_User_52_01","GuideMission","GuideMission_New_User_52","MainStory_Popup","Episode_M_002_10","Episode"
"GuideMission_New_User_53_01","GuideMission","GuideMission_New_User_53","ScheduleList_Popup","",""
"GuideMission_New_User_54_01","GuideMission","GuideMission_New_User_54","HeroList_Direct","",""
"GuideMission_New_User_55_01","GuideMission","GuideMission_New_User_55","Kingdom_Direct","",""
"GuideMission_New_User_56_01","GuideMission","GuideMission_New_User_56","HeroList_Direct","",""
"GuideMission_New_User_58_01","GuideMission","GuideMission_New_User_58","Ruins_Popup","Ruins_Gold_0003","RuinsStage"
"GuideMission_New_User_57_02","GuideMission","GuideMission_New_User_57","Kingdom_Direct","",""
"GuideMission_New_User_59_01","GuideMission","GuideMission_New_User_59","Dungeon_Popup","Dungeon_Diamond_0002","DungeonStage"
"GuideMission_New_User_60_01","GuideMission","GuideMission_New_User_60","Dungeon_Popup","Dungeon_Spade_0002","DungeonStage"
"GuideMission_New_User_61_01","GuideMission","GuideMission_New_User_61","Ruins_Direct","",""
"GuideMission_New_User_61_02","GuideMission","GuideMission_New_User_61","AdventureNormal_Direct","",""
"GuideMission_New_User_65_01","GuideMission","GuideMission_New_User_65","Ruins_Popup","Ruins_Exp_0003","RuinsStage"
"GuideMission_New_User_66_01","GuideMission","GuideMission_New_User_66","Dungeon_Popup","Dungeon_Clover_0003","DungeonStage"
"GuideMission_New_User_62_01","GuideMission","GuideMission_New_User_62","ScheduleList_Popup","",""
"GuideMission_New_User_63_01","GuideMission","GuideMission_New_User_63","HeroList_Direct","",""
"GuideMission_New_User_67_01","GuideMission","GuideMission_New_User_67","Dungeon_Popup","Dungeon_Heart_0003","DungeonStage"
"GuideMission_New_User_64_01","GuideMission","GuideMission_New_User_64","Kingdom_Direct","",""
"GuideMission_New_User_68_01","GuideMission","GuideMission_New_User_68","Dungeon_Popup","Dungeon_Diamond_0003","DungeonStage"
"GuideMission_New_User_69_01","GuideMission","GuideMission_New_User_69","Dungeon_Popup","Dungeon_Spade_0003","DungeonStage"
"GuideMission_New_User_70_01","GuideMission","GuideMission_New_User_70","Mirrorgram_Direct","",""
"GuideMission_New_User_70_02","GuideMission","GuideMission_New_User_70","Kingdom_Direct","",""
"GuideMission_Soldier_Growth_02_01","GuideMission","GuideMission_Soldier_Growth_02","AdventureNormal_Direct","",""
"GuideMission_Soldier_Growth_03_01","GuideMission","GuideMission_Soldier_Growth_03","UserProfile_Direct","",""
"GuideMission_Soldier_Growth_04_01","GuideMission","GuideMission_Soldier_Growth_04","HeroList_Direct","",""
"GuideMission_Soldier_Growth_04_02","GuideMission","GuideMission_Soldier_Growth_04","ShopCoinGold_Direct","Shop_Coin_Gold","ShopProduct"
"GuideMission_Soldier_Growth_05_01","GuideMission","GuideMission_Soldier_Growth_05","EnergyBuy_Popup","",""
"GuideMission_Soldier_Growth_06_01","GuideMission","GuideMission_Soldier_Growth_06","HeroGacha_Direct","",""
"GuideMission_Soldier_Growth_08_01","GuideMission","GuideMission_Soldier_Growth_08","AdventureMode_Popup","Stage_Normal_0075","AdventureStage"
"GuideMission_Soldier_Growth_09_01","GuideMission","GuideMission_Soldier_Growth_09","Kingdom_Direct","",""
"GuideMission_Soldier_Growth_10_01","GuideMission","GuideMission_Soldier_Growth_10","AdventureMode_Popup","Stage_Hard_0003","AdventureStage"
"GuideMission_Soldier_Growth_11_01","GuideMission","GuideMission_Soldier_Growth_11","ScheduleList_Popup","",""
"GuideMission_Soldier_Growth_12_01","GuideMission","GuideMission_Soldier_Growth_12","Mirrorgram_Direct","",""
"GuideMission_Soldier_Growth_14_01","GuideMission","GuideMission_Soldier_Growth_14","AdventureMode_Popup","Stage_Normal_0090","AdventureStage"
"GuideMission_Soldier_Growth_15_01","GuideMission","GuideMission_Soldier_Growth_15","Kingdom_Direct","",""
"GuideMission_Soldier_Growth_16_01","GuideMission","GuideMission_Soldier_Growth_16","AdventureMode_Popup","Stage_Hard_0006","AdventureStage"
"GuideMission_Soldier_Growth_17_01","GuideMission","GuideMission_Soldier_Growth_17","Ruins_Popup","Ruins_Gold_0004","RuinsStage"
"GuideMission_Soldier_Growth_18_01","GuideMission","GuideMission_Soldier_Growth_18","Dungeon_Popup","Dungeon_Diamond_0004","DungeonStage"
"GuideMission_Soldier_Growth_20_01","GuideMission","GuideMission_Soldier_Growth_20","Kingdom_Direct","",""
"GuideMission_Soldier_Growth_21_01","GuideMission","GuideMission_Soldier_Growth_21","AdventureMode_Popup","Stage_Normal_0105","AdventureStage"
"GuideMission_Soldier_Growth_22_01","GuideMission","GuideMission_Soldier_Growth_22","AdventureMode_Popup","Stage_Hard_0009","AdventureStage"
"GuideMission_Soldier_Growth_23_01","GuideMission","GuideMission_Soldier_Growth_23","Dungeon_Popup","Dungeon_Spade_0004","DungeonStage"
"GuideMission_Soldier_Growth_24_01","GuideMission","GuideMission_Soldier_Growth_24","Kingdom_Direct","",""
"GuideMission_Soldier_Growth_26_01","GuideMission","GuideMission_Soldier_Growth_26","Kingdom_Direct","",""
"GuideMission_Soldier_Growth_27_01","GuideMission","GuideMission_Soldier_Growth_27","AdventureMode_Popup","Stage_Normal_0120","AdventureStage"
"GuideMission_Soldier_Growth_28_01","GuideMission","GuideMission_Soldier_Growth_28","AdventureMode_Popup","Stage_Hard_0012","AdventureStage"
"GuideMission_Soldier_Growth_29_01","GuideMission","GuideMission_Soldier_Growth_29","Dungeon_Popup","Dungeon_Heart_0004","DungeonStage"
"GuideMission_Soldier_Growth_30_01","GuideMission","GuideMission_Soldier_Growth_30","AdventureNormal_Direct","",""
"GuideMission_Soldier_Growth_32_01","GuideMission","GuideMission_Soldier_Growth_32","AdventureNormal_Direct","",""
"GuideMission_Soldier_Growth_33_01","GuideMission","GuideMission_Soldier_Growth_33","AdventureMode_Popup","Stage_Normal_0135","AdventureStage"
"GuideMission_Soldier_Growth_34_01","GuideMission","GuideMission_Soldier_Growth_34","AdventureMode_Popup","Stage_Hard_0015","AdventureStage"
"GuideMission_Soldier_Growth_35_01","GuideMission","GuideMission_Soldier_Growth_35","Dungeon_Popup","Dungeon_Clover_0004","DungeonStage"
"GuideMission_Soldier_Growth_36_01","GuideMission","GuideMission_Soldier_Growth_36","Ruins_Popup","Ruins_Exp_0004","RuinsStage"
"GuideMission_Soldier_Growth_38_01","GuideMission","GuideMission_Soldier_Growth_38","AdventureNormal_Direct","",""
"GuideMission_Soldier_Growth_39_01","GuideMission","GuideMission_Soldier_Growth_39","MainStory_Popup","Episode_M_003_10","Episode"
"GuideMission_Soldier_Growth_40_01","GuideMission","GuideMission_Soldier_Growth_40","Kingdom_Direct","",""
"GuideMission_Soldier_Growth_41_01","GuideMission","GuideMission_Soldier_Growth_41","AdventureMode_Popup","Stage_Normal_0150","AdventureStage"
"GuideMission_Soldier_Growth_42_01","GuideMission","GuideMission_Soldier_Growth_42","ScheduleList_Popup","",""
"Kingdom_01","Content","Kingdom","AdventureNormal_Direct","",""
"Point_Gold_01","Point","Point_Gold","Ruins_Popup","Ruins_Gold_0001","RuinsStage"
"Point_Gold_02","Point","Point_Gold","Ruins_Popup","Ruins_Gold_0002","RuinsStage"
"Point_Gold_03","Point","Point_Gold","Ruins_Popup","Ruins_Gold_0003","RuinsStage"
"Point_Gold_04","Point","Point_Gold","Ruins_Popup","Ruins_Gold_0004","RuinsStage"
"Point_Gold_05","Point","Point_Gold","Ruins_Popup","Ruins_Gold_0005","RuinsStage"
"Point_Gold_06","Point","Point_Gold","Ruins_Popup","Ruins_Gold_0006","RuinsStage"
"Point_Gold_07","Point","Point_Gold","Ruins_Popup","Ruins_Gold_0007","RuinsStage"
"Point_Gold_08","Point","Point_Gold","KingdomManage_Popup","","CastleRankUp"
"Point_Gold_09","Point","Point_Gold","ShopCoinArena_Direct","Shop_Coin_Arena","ShopProduct"
"Point_Gold_10","Point","Point_Gold","ShopCoinArcana_Popup","Shop_Coin_Arcana","ShopProduct"
"Point_AP_01","Point","Point_AP","KingdomManage_Popup","","CastleRankUp"
"Item_WSkill_Heal_UnLock_01","Point","Item_WSkill_Heal_UnLock","AdventureMode_Popup","Stage_Normal_0060","AdventureStage"
"Item_WSkill_RedAtk_UnLock_01","Point","Item_WSkill_RedAtk_UnLock","AdventureMode_Popup","Stage_Normal_0120","AdventureStage"
"Item_WSkill_GreenAtk_UnLock_01","Point","Item_WSkill_GreenAtk_UnLock","AdventureMode_Popup","Stage_Normal_0180","AdventureStage"
"Item_Material_HeroGradeUp_Char_002_S01_R_01","Item","Item_Material_HeroGradeUp_Char_002_S01_R","AdventureMode_Popup","Stage_Hard_0002","AdventureStage"
"Item_Material_HeroGradeUp_Char_002_S01_R_02","Item","Item_Material_HeroGradeUp_Char_002_S01_R","AdventureMode_Popup","Stage_Hard_0028","AdventureStage"
"Item_Material_HeroGradeUp_Char_002_S01_R_03","Item","Item_Material_HeroGradeUp_Char_002_S01_R","ShopCoinMemory_Popup","Shop_Coin_Memory","ShopProduct"
"Item_Material_HeroGradeUp_Char_003_S01_B_01","Item","Item_Material_HeroGradeUp_Char_003_S01_B","AdventureMode_Popup","Stage_Hard_0014","AdventureStage"
"Item_Material_HeroGradeUp_Char_003_S01_B_02","Item","Item_Material_HeroGradeUp_Char_003_S01_B","AdventureMode_Popup","Stage_Hard_0043","AdventureStage"
"Item_Material_HeroGradeUp_Char_005_S01_D_01","Item","Item_Material_HeroGradeUp_Char_005_S01_D","AdventureMode_Popup","Stage_Hard_0017","AdventureStage"
"Item_Material_HeroGradeUp_Char_005_S01_D_02","Item","Item_Material_HeroGradeUp_Char_005_S01_D","AdventureMode_Popup","Stage_Hard_0047","AdventureStage"
"Item_Material_HeroGradeUp_Char_006_S01_G_01","Item","Item_Material_HeroGradeUp_Char_006_S01_G","AdventureMode_Popup","Stage_Hard_0013","AdventureStage"
"Item_Material_HeroGradeUp_Char_006_S01_G_02","Item","Item_Material_HeroGradeUp_Char_006_S01_G","AdventureMode_Popup","Stage_Hard_0042","AdventureStage"
"Item_Material_HeroGradeUp_Char_007_S01_D_01","Item","Item_Material_HeroGradeUp_Char_007_S01_D","AdventureMode_Popup","Stage_Hard_0045","AdventureStage"
"Item_Material_HeroGradeUp_Char_009_S01_G_01","Item","Item_Material_HeroGradeUp_Char_009_S01_G","AdventureMode_Popup","Stage_Hard_0027","AdventureStage"
"Item_Material_HeroGradeUp_Char_009_S01_G_02","Item","Item_Material_HeroGradeUp_Char_009_S01_G","AdventureMode_Popup","Stage_Hard_0052","AdventureStage"
"Item_Material_HeroGradeUp_Char_009_S01_G_03","Item","Item_Material_HeroGradeUp_Char_009_S01_G","ShopCoinMemory_Popup","Shop_Coin_Memory","ShopProduct"
"Item_Material_HeroGradeUp_Char_010_S01_B_01","Item","Item_Material_HeroGradeUp_Char_010_S01_B","ShopCoinMemory_Popup","Shop_Coin_Memory","ShopProduct"
"Item_Material_HeroGradeUp_Char_014_S01_D_01","Item","Item_Material_HeroGradeUp_Char_014_S01_D","ShopCoinArcana_Popup","Shop_Coin_Arcana","ShopProduct"
"Item_Material_HeroGradeUp_Char_014_S01_D_02","Item","Item_Material_HeroGradeUp_Char_014_S01_D","ShopCoinMemory_Popup","Shop_Coin_Memory","ShopProduct"
"Item_Material_HeroGradeUp_Char_015_S01_B_01","Item","Item_Material_HeroGradeUp_Char_015_S01_B","AdventureMode_Popup","Stage_Hard_0029","AdventureStage"
"Item_Material_HeroGradeUp_Char_015_S01_B_02","Item","Item_Material_HeroGradeUp_Char_015_S01_B","ShopCoinMemory_Popup","Shop_Coin_Memory","ShopProduct"
"Item_Material_HeroGradeUp_Char_017_S01_G_01","Item","Item_Material_HeroGradeUp_Char_017_S01_G","ShopCoinMemory_Popup","Shop_Coin_Memory","ShopProduct"
"Item_Material_HeroGradeUp_Char_019_S01_D_01","Item","Item_Material_HeroGradeUp_Char_019_S01_D","ShopCoinMemory_Popup","Shop_Coin_Memory","ShopProduct"
"Item_Material_HeroGradeUp_Char_023_S01_R_01","Item","Item_Material_HeroGradeUp_Char_023_S01_R","ShopCoinMemory_Popup","Shop_Coin_Memory","ShopProduct"
"Item_Material_HeroGradeUp_Char_037_S01_L_01","Item","Item_Material_HeroGradeUp_Char_037_S01_L","AdventureMode_Popup","Stage_Hard_0032","AdventureStage"
"Item_Material_HeroGradeUp_Char_037_S01_L_02","Item","Item_Material_HeroGradeUp_Char_037_S01_L","AdventureMode_Popup","Stage_Hard_0053","AdventureStage"
"Item_Material_HeroGradeUp_Char_037_S01_L_03","Item","Item_Material_HeroGradeUp_Char_037_S01_L","ShopCoinMemory_Popup","Shop_Coin_Memory","ShopProduct"
"Item_Material_HeroGradeUp_Char_039_S01_G_01","Item","Item_Material_HeroGradeUp_Char_039_S01_G","ShopCoinMemory_Popup","Shop_Coin_Memory","ShopProduct"
"Item_Material_HeroGradeUp_Char_085_S01_B_01","Item","Item_Material_HeroGradeUp_Char_085_S01_B","ShopCoinMemory_Popup","Shop_Coin_Memory","ShopProduct"
"Item_Material_HeroGradeUp_Char_088_S01_R_01","Item","Item_Material_HeroGradeUp_Char_088_S01_R","AdventureMode_Popup","Stage_Hard_0030","AdventureStage"
"Item_Material_HeroGradeUp_Char_088_S01_R_02","Item","Item_Material_HeroGradeUp_Char_088_S01_R","ShopCoinMemory_Popup","Shop_Coin_Memory","ShopProduct"
"Item_Material_HeroGradeUp_Char_098_S01_R_01","Item","Item_Material_HeroGradeUp_Char_098_S01_R","AdventureMode_Popup","Stage_Hard_0022","AdventureStage"
"Item_Material_HeroGradeUp_Char_098_S01_R_02","Item","Item_Material_HeroGradeUp_Char_098_S01_R","ShopCoinMemory_Popup","Shop_Coin_Memory","ShopProduct"
"Item_Material_HeroGradeUp_Char_099_S01_G_01","Item","Item_Material_HeroGradeUp_Char_099_S01_G","AdventureMode_Popup","Stage_Hard_0051","AdventureStage"
"Item_Material_HeroGradeUp_Char_099_S01_G_02","Item","Item_Material_HeroGradeUp_Char_099_S01_G","ShopCoinMemory_Popup","Shop_Coin_Memory","ShopProduct"
"Item_Material_HeroGradeUp_Char_100_S01_G_01","Item","Item_Material_HeroGradeUp_Char_100_S01_G","AdventureMode_Popup","Stage_Hard_0034","AdventureStage"
"Item_Material_HeroGradeUp_Char_100_S01_G_02","Item","Item_Material_HeroGradeUp_Char_100_S01_G","ShopCoinMemory_Popup","Shop_Coin_Memory","ShopProduct"
"Item_Material_HeroGradeUp_Char_101_S01_B_01","Item","Item_Material_HeroGradeUp_Char_101_S01_B","AdventureMode_Popup","Stage_Hard_0021","AdventureStage"
"Item_Material_HeroGradeUp_Char_101_S01_B_02","Item","Item_Material_HeroGradeUp_Char_101_S01_B","ShopCoinMemory_Popup","Shop_Coin_Memory","ShopProduct"
"Item_Material_HeroGradeUp_Char_201_S01_L_01","Item","Item_Material_HeroGradeUp_Char_201_S01_L","ShopCoinMemory_Popup","Shop_Coin_Memory","ShopProduct"
"Item_Material_HeroGradeUp_Char_008_S01_B_01","Item","Item_Material_HeroGradeUp_Char_008_S01_B","AdventureMode_Popup","Stage_Hard_0006","AdventureStage"
"Item_Material_HeroGradeUp_Char_008_S01_B_02","Item","Item_Material_HeroGradeUp_Char_008_S01_B","AdventureMode_Popup","Stage_Hard_0037","AdventureStage"
"Item_Material_HeroGradeUp_Char_040_S01_R_01","Item","Item_Material_HeroGradeUp_Char_040_S01_R","AdventureMode_Popup","Stage_Hard_0008","AdventureStage"
"Item_Material_HeroGradeUp_Char_040_S01_R_02","Item","Item_Material_HeroGradeUp_Char_040_S01_R","AdventureMode_Popup","Stage_Hard_0039","AdventureStage"
"Item_Material_HeroGradeUp_Char_041_S01_R_01","Item","Item_Material_HeroGradeUp_Char_041_S01_R","AdventureMode_Popup","Stage_Hard_0018","AdventureStage"
"Item_Material_HeroGradeUp_Char_041_S01_R_02","Item","Item_Material_HeroGradeUp_Char_041_S01_R","AdventureMode_Popup","Stage_Hard_0054","AdventureStage"
"Item_Material_HeroGradeUp_Char_041_S01_R_03","Item","Item_Material_HeroGradeUp_Char_041_S01_R","ShopCoinMemory_Popup","Shop_Coin_Memory","ShopProduct"
"Item_Material_HeroGradeUp_Char_051_S01_B_01","Item","Item_Material_HeroGradeUp_Char_051_S01_B","AdventureMode_Popup","Stage_Hard_0001","AdventureStage"
"Item_Material_HeroGradeUp_Char_051_S01_B_02","Item","Item_Material_HeroGradeUp_Char_051_S01_B","AdventureMode_Popup","Stage_Hard_0025","AdventureStage"
"Item_Material_HeroGradeUp_Char_051_S01_B_03","Item","Item_Material_HeroGradeUp_Char_051_S01_B","ShopCoinMemory_Popup","Shop_Coin_Memory","ShopProduct"
"Item_Material_HeroGradeUp_Char_073_S01_G_01","Item","Item_Material_HeroGradeUp_Char_073_S01_G","AdventureMode_Popup","Stage_Hard_0007","AdventureStage"
"Item_Material_HeroGradeUp_Char_073_S01_G_02","Item","Item_Material_HeroGradeUp_Char_073_S01_G","AdventureMode_Popup","Stage_Hard_0038","AdventureStage"
"Item_Material_HeroGradeUp_Char_074_S01_R_01","Item","Item_Material_HeroGradeUp_Char_074_S01_R","ShopCoinMemory_Popup","Shop_Coin_Memory","ShopProduct"
"Item_Material_HeroGradeUp_Char_016_S01_B_01","Item","Item_Material_HeroGradeUp_Char_016_S01_B","AdventureMode_Popup","Stage_Hard_0019","AdventureStage"
"Item_Material_HeroGradeUp_Char_016_S01_B_02","Item","Item_Material_HeroGradeUp_Char_016_S01_B","ShopCoinArena_Popup2","Shop_Coin_Arena","ShopProduct"
"Item_Material_HeroGradeUp_Char_016_S01_B_03","Item","Item_Material_HeroGradeUp_Char_016_S01_B","ShopCoinMemory_Popup","Shop_Coin_Memory","ShopProduct"
"Item_Material_HeroGradeUp_Char_062_S01_G_01","Item","Item_Material_HeroGradeUp_Char_062_S01_G","AdventureMode_Popup","Stage_Hard_0010","AdventureStage"
"Item_Material_HeroGradeUp_Char_062_S01_G_02","Item","Item_Material_HeroGradeUp_Char_062_S01_G","AdventureMode_Popup","Stage_Hard_0040","AdventureStage"
"Item_Material_HeroGradeUp_Char_062_S01_G_03","Item","Item_Material_HeroGradeUp_Char_062_S01_G","ShopCoinArena_Popup2","Shop_Coin_Arena","ShopProduct"
"Item_Material_HeroGradeUp_Char_080_S01_G_01","Item","Item_Material_HeroGradeUp_Char_080_S01_G","AdventureMode_Popup","Stage_Hard_0015","AdventureStage"
"Item_Material_HeroGradeUp_Char_080_S01_G_02","Item","Item_Material_HeroGradeUp_Char_080_S01_G","AdventureMode_Popup","Stage_Hard_0044","AdventureStage"
"Item_Material_HeroGradeUp_Char_066_S01_B_01","Item","Item_Material_HeroGradeUp_Char_066_S01_B","AdventureMode_Popup","Stage_Hard_0049","AdventureStage"
"Item_Material_HeroGradeUp_Char_066_S01_B_02","Item","Item_Material_HeroGradeUp_Char_066_S01_B","ShopCoinMemory_Popup","Shop_Coin_Memory","ShopProduct"
"Item_Material_HeroGradeUp_Char_087_S01_B_01","Item","Item_Material_HeroGradeUp_Char_087_S01_B","ShopCoinMemory_Popup","Shop_Coin_Memory","ShopProduct"
"Item_Material_HeroGradeUp_Char_089_S01_D_01","Item","Item_Material_HeroGradeUp_Char_089_S01_D","AdventureMode_Popup","Stage_Hard_0020","AdventureStage"
"Item_Material_HeroGradeUp_Char_089_S01_D_02","Item","Item_Material_HeroGradeUp_Char_089_S01_D","ShopCoinArena_Popup2","Shop_Coin_Arena","ShopProduct"
"Item_Material_HeroGradeUp_Char_089_S01_D_03","Item","Item_Material_HeroGradeUp_Char_089_S01_D","ShopCoinMemory_Popup","Shop_Coin_Memory","ShopProduct"
"Item_Material_HeroGradeUp_Char_064_S01_R_01","Item","Item_Material_HeroGradeUp_Char_064_S01_R","AdventureMode_Popup","Stage_Hard_0009","AdventureStage"
"Item_Material_HeroGradeUp_Char_064_S01_R_02","Item","Item_Material_HeroGradeUp_Char_064_S01_R","AdventureMode_Popup","Stage_Hard_0035","AdventureStage"
"Item_Material_HeroGradeUp_Char_064_S01_R_03","Item","Item_Material_HeroGradeUp_Char_064_S01_R","ShopCoinMemory_Popup","Shop_Coin_Memory","ShopProduct"
"Item_Material_HeroGradeUp_Char_077_S01_G_01","Item","Item_Material_HeroGradeUp_Char_077_S01_G","AdventureMode_Popup","Stage_Hard_0023","AdventureStage"
"Item_Material_HeroGradeUp_Char_077_S01_G_02","Item","Item_Material_HeroGradeUp_Char_077_S01_G","ShopCoinMemory_Popup","Shop_Coin_Memory","ShopProduct"
"Item_Material_HeroGradeUp_Char_083_S01_B_01","Item","Item_Material_HeroGradeUp_Char_083_S01_B","ShopCoinMemory_Popup","Shop_Coin_Memory","ShopProduct"
"Item_Material_HeroGradeUp_Char_084_S01_G_01","Item","Item_Material_HeroGradeUp_Char_084_S01_G","ShopCoinMemory_Popup","Shop_Coin_Memory","ShopProduct"
"Item_Material_HeroGradeUp_Char_090_S01_L_01","Item","Item_Material_HeroGradeUp_Char_090_S01_L","ShopCoinArcana_Popup","Shop_Coin_Arcana","ShopProduct"
"Item_Material_HeroGradeUp_Char_090_S01_L_02","Item","Item_Material_HeroGradeUp_Char_090_S01_L","ShopCoinMemory_Popup","Shop_Coin_Memory","ShopProduct"
"Item_Material_HeroGradeUp_Char_097_S01_D_01","Item","Item_Material_HeroGradeUp_Char_097_S01_D","ShopCoinMemory_Popup","Shop_Coin_Memory","ShopProduct"
"Item_Material_HeroGradeUp_Char_038_S01_L_01","Item","Item_Material_HeroGradeUp_Char_038_S01_L","ShopCoinArcana_Popup","Shop_Coin_Arcana","ShopProduct"
"Item_Material_HeroGradeUp_Char_038_S01_L_02","Item","Item_Material_HeroGradeUp_Char_038_S01_L","ShopCoinMemory_Popup","Shop_Coin_Memory","ShopProduct"
"Item_Material_HeroGradeUp_Char_102_S01_B_01","Item","Item_Material_HeroGradeUp_Char_102_S01_B","ShopCoinMemory_Popup","Shop_Coin_Memory","ShopProduct"
"Item_Material_HeroGradeUp_Char_072_S01_R_01","Item","Item_Material_HeroGradeUp_Char_072_S01_R","ShopCoinMemory_Popup","Shop_Coin_Memory","ShopProduct"
"Item_Material_HeroGradeUp_Char_103_S01_G_01","Item","Item_Material_HeroGradeUp_Char_103_S01_G","AdventureMode_Popup","Stage_Hard_0005","AdventureStage"
"Item_Material_HeroGradeUp_Char_103_S01_G_02","Item","Item_Material_HeroGradeUp_Char_103_S01_G","AdventureMode_Popup","Stage_Hard_0031","AdventureStage"
"Item_Material_HeroGradeUp_Char_103_S01_G_03","Item","Item_Material_HeroGradeUp_Char_103_S01_G","ShopCoinMemory_Popup","Shop_Coin_Memory","ShopProduct"
"Item_Material_HeroGradeUp_Char_001_S01_B_01","Item","Item_Material_HeroGradeUp_Char_001_S01_B","AdventureMode_Popup","Stage_Hard_0016","AdventureStage"
"Item_Material_HeroGradeUp_Char_001_S01_B_02","Item","Item_Material_HeroGradeUp_Char_001_S01_B","AdventureMode_Popup","Stage_Hard_0046","AdventureStage"
"Item_Material_HeroGradeUp_Char_011_S01_R_01","Item","Item_Material_HeroGradeUp_Char_011_S01_R","ShopCoinMemory_Popup","Shop_Coin_Memory","ShopProduct"
"Item_Material_HeroGradeUp_Char_044_S01_D_01","Item","Item_Material_HeroGradeUp_Char_044_S01_D","ShopCoinMemory_Popup","Shop_Coin_Memory","ShopProduct"
"Item_Material_HeroGradeUp_Char_078_S01_R_01","Item","Item_Material_HeroGradeUp_Char_078_S01_R","AdventureMode_Popup","Stage_Hard_0004","AdventureStage"
"Item_Material_HeroGradeUp_Char_078_S01_R_02","Item","Item_Material_HeroGradeUp_Char_078_S01_R","AdventureMode_Popup","Stage_Hard_0026","AdventureStage"
"Item_Material_HeroGradeUp_Char_078_S01_R_03","Item","Item_Material_HeroGradeUp_Char_078_S01_R","ShopCoinMemory_Popup","Shop_Coin_Memory","ShopProduct"
"Item_Material_HeroGradeUp_Char_034_S01_B_01","Item","Item_Material_HeroGradeUp_Char_034_S01_B","AdventureMode_Popup","Stage_Hard_0011","AdventureStage"
"Item_Material_HeroGradeUp_Char_034_S01_B_02","Item","Item_Material_HeroGradeUp_Char_034_S01_B","AdventureMode_Popup","Stage_Hard_0041","AdventureStage"
"Item_Material_HeroGradeUp_Char_091_S01_G_01","Item","Item_Material_HeroGradeUp_Char_091_S01_G","ShopCoinMemory_Popup","Shop_Coin_Memory","ShopProduct"
"Item_Material_HeroGradeUp_Char_067_S01_B_01","Item","Item_Material_HeroGradeUp_Char_067_S01_B","AdventureMode_Popup","Stage_Hard_0033","AdventureStage"
"Item_Material_HeroGradeUp_Char_067_S01_B_02","Item","Item_Material_HeroGradeUp_Char_067_S01_B","ShopCoinMemory_Popup","Shop_Coin_Memory","ShopProduct"
"Item_Material_HeroGradeUp_Char_104_S01_G_01","Item","Item_Material_HeroGradeUp_Char_104_S01_G","ShopCoinMemory_Popup","Shop_Coin_Memory","ShopProduct"
"Item_Material_HeroGradeUp_Char_105_S01_B_01","Item","Item_Material_HeroGradeUp_Char_105_S01_B","ShopCoinMemory_Popup","Shop_Coin_Memory","ShopProduct"
"Item_Material_HeroGradeUp_Char_106_S01_R_01","Item","Item_Material_HeroGradeUp_Char_106_S01_R","ShopCoinMemory_Popup","Shop_Coin_Memory","ShopProduct"
"Item_Material_HeroGradeUp_Char_110_S01_G_01","Item","Item_Material_HeroGradeUp_Char_110_S01_G","ShopCoinMemory_Popup","Shop_Coin_Memory","ShopProduct"
"Item_Material_HeroGradeUp_Char_111_S01_B_01","Item","Item_Material_HeroGradeUp_Char_111_S01_B","ShopCoinArena_Popup2","Shop_Coin_Arena","ShopProduct"
"Item_Material_HeroGradeUp_Char_111_S01_B_02","Item","Item_Material_HeroGradeUp_Char_111_S01_B","ShopCoinMemory_Popup","Shop_Coin_Memory","ShopProduct"
"Item_Material_HeroGradeUp_Char_112_S01_B_01","Item","Item_Material_HeroGradeUp_Char_112_S01_B","ShopCoinArcana_Popup","Shop_Coin_Arcana","ShopProduct"
"Item_Material_HeroGradeUp_Char_112_S01_B_02","Item","Item_Material_HeroGradeUp_Char_112_S01_B","ShopCoinMemory_Popup","Shop_Coin_Memory","ShopProduct"
"Item_Material_HeroGradeUp_Char_113_S01_B_01","Item","Item_Material_HeroGradeUp_Char_113_S01_B","ShopCoinMemory_Popup","Shop_Coin_Memory","ShopProduct"
"Item_Material_HeroGradeUp_Char_114_S01_B_01","Item","Item_Material_HeroGradeUp_Char_114_S01_B","AdventureMode_Popup","Stage_Hard_0050","AdventureStage"
"Item_Material_HeroGradeUp_Char_114_S01_B_02","Item","Item_Material_HeroGradeUp_Char_114_S01_B","ShopCoinMemory_Popup","Shop_Coin_Memory","ShopProduct"
"Item_Material_HeroGradeUp_Char_039_S01_B_01","Item","Item_Material_HeroGradeUp_Char_039_S01_B","ShopCoinMemory_Popup","Shop_Coin_Memory","ShopProduct"
"Item_Material_HeroGradeUp_Char_115_S01_B_01","Item","Item_Material_HeroGradeUp_Char_115_S01_B","ShopCoinMemory_Popup","Shop_Coin_Memory","ShopProduct"
"Item_Material_HeroGradeUp_Char_116_S01_R_01","Item","Item_Material_HeroGradeUp_Char_116_S01_R","ShopCoinMemory_Popup","Shop_Coin_Memory","ShopProduct"
"Item_Material_HeroExp_01_01","Item","Item_Material_HeroExp_01","AdventureNormal_Direct","","AdventureStage"
"Item_Material_HeroExp_01_02","Item","Item_Material_HeroExp_01","Ruins_Popup","Ruins_Exp_0001","RuinsStage"
"Item_Material_HeroExp_01_03","Item","Item_Material_HeroExp_01","Ruins_Popup","Ruins_Exp_0002","RuinsStage"
"Item_Material_HeroExp_01_04","Item","Item_Material_HeroExp_01","Ruins_Popup","Ruins_Exp_0003","RuinsStage"
"Item_Material_HeroExp_01_05","Item","Item_Material_HeroExp_01","Ruins_Popup","Ruins_Exp_0004","RuinsStage"
"Item_Material_HeroExp_01_06","Item","Item_Material_HeroExp_01","Ruins_Popup","Ruins_Exp_0005","RuinsStage"
"Item_Material_HeroExp_01_07","Item","Item_Material_HeroExp_01","ShopCoinGold_Popup","Shop_Coin_Gold","ShopProduct"
"Item_Material_HeroExp_01_08","Item","Item_Material_HeroExp_01","ShopCoinArena_Popup2","Shop_Coin_Arena","ShopProduct"
"Item_Material_HeroExp_02_01","Item","Item_Material_HeroExp_02","Ruins_Popup","Ruins_Exp_0002","RuinsStage"
"Item_Material_HeroExp_02_02","Item","Item_Material_HeroExp_02","Ruins_Popup","Ruins_Exp_0003","RuinsStage"
"Item_Material_HeroExp_02_03","Item","Item_Material_HeroExp_02","Ruins_Popup","Ruins_Exp_0004","RuinsStage"
"Item_Material_HeroExp_02_04","Item","Item_Material_HeroExp_02","Ruins_Popup","Ruins_Exp_0005","RuinsStage"
"Item_Material_HeroExp_02_05","Item","Item_Material_HeroExp_02","Ruins_Popup","Ruins_Exp_0006","RuinsStage"
"Item_Material_HeroExp_02_06","Item","Item_Material_HeroExp_02","Ruins_Popup","Ruins_Exp_0007","RuinsStage"
"Item_Material_HeroExp_02_07","Item","Item_Material_HeroExp_02","Ruins_Popup","Ruins_Exp_0008","RuinsStage"
"Item_Material_HeroExp_02_08","Item","Item_Material_HeroExp_02","ShopCoinGold_Popup","Shop_Coin_Gold","ShopProduct"
"Item_Material_HeroExp_02_09","Item","Item_Material_HeroExp_02","ShopCoinArena_Popup2","Shop_Coin_Arena","ShopProduct"
"Item_Material_HeroExp_03_01","Item","Item_Material_HeroExp_03","Ruins_Popup","Ruins_Exp_0006","RuinsStage"
"Item_Material_HeroExp_03_02","Item","Item_Material_HeroExp_03","Ruins_Popup","Ruins_Exp_0007","RuinsStage"
"Item_Material_HeroExp_03_03","Item","Item_Material_HeroExp_03","Ruins_Popup","Ruins_Exp_0008","RuinsStage"
"Item_Material_HeroExp_04_01","Item","Item_Material_HeroExp_04","ShopCoinGold_Popup","Shop_Coin_Gold","ShopProduct"
"Item_Material_HeroExp_04_02","Item","Item_Material_HeroExp_04","ShopCoinArena_Popup2","Shop_Coin_Arena","ShopProduct"
"Item_Material_HeroExp_04_03","Item","Item_Material_HeroExp_04","ShopCoinArcana_Popup","Shop_Coin_Arcana","ShopProduct"
"Item_Material_EquipExp_01_01","Item","Item_Material_EquipExp_01","AdventureNormal_Direct","","AdventureStage"
"Item_Material_EquipExp_01_02","Item","Item_Material_EquipExp_01","ShopCoinGold_Popup","Shop_Coin_Gold","ShopProduct"
"Item_Material_EquipExp_02_01","Item","Item_Material_EquipExp_02","ShopCoinGold_Popup","Shop_Coin_Gold","ShopProduct"
"Item_Material_EquipExp_04_01","Item","Item_Material_EquipExp_04","ShopCoinGold_Popup","Shop_Coin_Gold","ShopProduct"
"Item_Material_EquipGradeUp_Mace_01_01","Item","Item_Material_EquipGradeUp_Mace_01","AdventureMode_Popup","Stage_Normal_0031","AdventureStage"
"Item_Material_EquipGradeUp_Mace_01_02","Item","Item_Material_EquipGradeUp_Mace_01","AdventureMode_Popup","Stage_Normal_0032","AdventureStage"
"Item_Material_EquipGradeUp_Mace_01_03","Item","Item_Material_EquipGradeUp_Mace_01","AdventureMode_Popup","Stage_Normal_0061","AdventureStage"
"Item_Material_EquipGradeUp_Mace_02_01","Item","Item_Material_EquipGradeUp_Mace_02","AdventureMode_Popup","Stage_Normal_0091","AdventureStage"
"Item_Material_EquipGradeUp_Mace_02_02","Item","Item_Material_EquipGradeUp_Mace_02","AdventureMode_Popup","Stage_Normal_0092","AdventureStage"
"Item_Material_EquipGradeUp_Mace_03_01","Item","Item_Material_EquipGradeUp_Mace_03","AdventureMode_Popup","Stage_Normal_0136","AdventureStage"
"Item_Material_EquipGradeUp_Mace_03_02","Item","Item_Material_EquipGradeUp_Mace_03","AdventureMode_Popup","Stage_Normal_0137","AdventureStage"
"Item_Material_EquipGradeUp_Mace_04_01","Item","Item_Material_EquipGradeUp_Mace_04","AdventureMode_Popup","Stage_Normal_0181","AdventureStage"
"Item_Material_EquipGradeUp_Mace_04_02","Item","Item_Material_EquipGradeUp_Mace_04","AdventureMode_Popup","Stage_Normal_0182","AdventureStage"
"Item_Material_EquipGradeUp_Mace_04_03","Item","Item_Material_EquipGradeUp_Mace_04","AdventureMode_Popup","Stage_Normal_0226","AdventureStage"
"Item_Material_EquipGradeUp_Sword_01_01","Item","Item_Material_EquipGradeUp_Sword_01","AdventureMode_Popup","Stage_Normal_0033","AdventureStage"
"Item_Material_EquipGradeUp_Sword_01_02","Item","Item_Material_EquipGradeUp_Sword_01","AdventureMode_Popup","Stage_Normal_0034","AdventureStage"
"Item_Material_EquipGradeUp_Sword_01_03","Item","Item_Material_EquipGradeUp_Sword_01","AdventureMode_Popup","Stage_Normal_0062","AdventureStage"
"Item_Material_EquipGradeUp_Sword_02_01","Item","Item_Material_EquipGradeUp_Sword_02","AdventureMode_Popup","Stage_Normal_0093","AdventureStage"
"Item_Material_EquipGradeUp_Sword_02_02","Item","Item_Material_EquipGradeUp_Sword_02","AdventureMode_Popup","Stage_Normal_0094","AdventureStage"
"Item_Material_EquipGradeUp_Sword_03_01","Item","Item_Material_EquipGradeUp_Sword_03","AdventureMode_Popup","Stage_Normal_0138","AdventureStage"
"Item_Material_EquipGradeUp_Sword_03_02","Item","Item_Material_EquipGradeUp_Sword_03","AdventureMode_Popup","Stage_Normal_0139","AdventureStage"
"Item_Material_EquipGradeUp_Sword_04_01","Item","Item_Material_EquipGradeUp_Sword_04","AdventureMode_Popup","Stage_Normal_0183","AdventureStage"
"Item_Material_EquipGradeUp_Sword_04_02","Item","Item_Material_EquipGradeUp_Sword_04","AdventureMode_Popup","Stage_Normal_0184","AdventureStage"
"Item_Material_EquipGradeUp_Sword_04_03","Item","Item_Material_EquipGradeUp_Sword_04","AdventureMode_Popup","Stage_Normal_0227","AdventureStage"
"Item_Material_EquipGradeUp_Book_01_01","Item","Item_Material_EquipGradeUp_Book_01","AdventureMode_Popup","Stage_Normal_0035","AdventureStage"
"Item_Material_EquipGradeUp_Book_01_02","Item","Item_Material_EquipGradeUp_Book_01","AdventureMode_Popup","Stage_Normal_0036","AdventureStage"
"Item_Material_EquipGradeUp_Book_01_03","Item","Item_Material_EquipGradeUp_Book_01","AdventureMode_Popup","Stage_Normal_0063","AdventureStage"
"Item_Material_EquipGradeUp_Book_02_01","Item","Item_Material_EquipGradeUp_Book_02","AdventureMode_Popup","Stage_Normal_0095","AdventureStage"
"Item_Material_EquipGradeUp_Book_02_02","Item","Item_Material_EquipGradeUp_Book_02","AdventureMode_Popup","Stage_Normal_0096","AdventureStage"
"Item_Material_EquipGradeUp_Book_03_01","Item","Item_Material_EquipGradeUp_Book_03","AdventureMode_Popup","Stage_Normal_0140","AdventureStage"
"Item_Material_EquipGradeUp_Book_03_02","Item","Item_Material_EquipGradeUp_Book_03","AdventureMode_Popup","Stage_Normal_0141","AdventureStage"
"Item_Material_EquipGradeUp_Book_04_01","Item","Item_Material_EquipGradeUp_Book_04","AdventureMode_Popup","Stage_Normal_0185","AdventureStage"
"Item_Material_EquipGradeUp_Book_04_02","Item","Item_Material_EquipGradeUp_Book_04","AdventureMode_Popup","Stage_Normal_0186","AdventureStage"
"Item_Material_EquipGradeUp_Book_04_03","Item","Item_Material_EquipGradeUp_Book_04","AdventureMode_Popup","Stage_Normal_0228","AdventureStage"
"Item_Material_EquipGradeUp_Staff_01_01","Item","Item_Material_EquipGradeUp_Staff_01","AdventureMode_Popup","Stage_Normal_0037","AdventureStage"
"Item_Material_EquipGradeUp_Staff_01_02","Item","Item_Material_EquipGradeUp_Staff_01","AdventureMode_Popup","Stage_Normal_0038","AdventureStage"
"Item_Material_EquipGradeUp_Staff_01_03","Item","Item_Material_EquipGradeUp_Staff_01","AdventureMode_Popup","Stage_Normal_0064","AdventureStage"
"Item_Material_EquipGradeUp_Staff_02_01","Item","Item_Material_EquipGradeUp_Staff_02","AdventureMode_Popup","Stage_Normal_0097","AdventureStage"
"Item_Material_EquipGradeUp_Staff_02_02","Item","Item_Material_EquipGradeUp_Staff_02","AdventureMode_Popup","Stage_Normal_0098","AdventureStage"
"Item_Material_EquipGradeUp_Staff_03_01","Item","Item_Material_EquipGradeUp_Staff_03","AdventureMode_Popup","Stage_Normal_0142","AdventureStage"
"Item_Material_EquipGradeUp_Staff_03_02","Item","Item_Material_EquipGradeUp_Staff_03","AdventureMode_Popup","Stage_Normal_0143","AdventureStage"
"Item_Material_EquipGradeUp_Staff_04_01","Item","Item_Material_EquipGradeUp_Staff_04","AdventureMode_Popup","Stage_Normal_0187","AdventureStage"
"Item_Material_EquipGradeUp_Staff_04_02","Item","Item_Material_EquipGradeUp_Staff_04","AdventureMode_Popup","Stage_Normal_0188","AdventureStage"
"Item_Material_EquipGradeUp_Staff_04_03","Item","Item_Material_EquipGradeUp_Staff_04","AdventureMode_Popup","Stage_Normal_0229","AdventureStage"
"Item_Material_EquipGradeUp_Ranged_01_01","Item","Item_Material_EquipGradeUp_Ranged_01","AdventureMode_Popup","Stage_Normal_0039","AdventureStage"
"Item_Material_EquipGradeUp_Ranged_01_02","Item","Item_Material_EquipGradeUp_Ranged_01","AdventureMode_Popup","Stage_Normal_0040","AdventureStage"
"Item_Material_EquipGradeUp_Ranged_01_03","Item","Item_Material_EquipGradeUp_Ranged_01","AdventureMode_Popup","Stage_Normal_0065","AdventureStage"
"Item_Material_EquipGradeUp_Ranged_02_01","Item","Item_Material_EquipGradeUp_Ranged_02","AdventureMode_Popup","Stage_Normal_0099","AdventureStage"
"Item_Material_EquipGradeUp_Ranged_02_02","Item","Item_Material_EquipGradeUp_Ranged_02","AdventureMode_Popup","Stage_Normal_0100","AdventureStage"
"Item_Material_EquipGradeUp_Ranged_03_01","Item","Item_Material_EquipGradeUp_Ranged_03","AdventureMode_Popup","Stage_Normal_0144","AdventureStage"
"Item_Material_EquipGradeUp_Ranged_03_02","Item","Item_Material_EquipGradeUp_Ranged_03","AdventureMode_Popup","Stage_Normal_0145","AdventureStage"
"Item_Material_EquipGradeUp_Ranged_04_01","Item","Item_Material_EquipGradeUp_Ranged_04","AdventureMode_Popup","Stage_Normal_0189","AdventureStage"
"Item_Material_EquipGradeUp_Ranged_04_02","Item","Item_Material_EquipGradeUp_Ranged_04","AdventureMode_Popup","Stage_Normal_0190","AdventureStage"
"Item_Material_EquipGradeUp_Ranged_04_03","Item","Item_Material_EquipGradeUp_Ranged_04","AdventureMode_Popup","Stage_Normal_0230","AdventureStage"
"Item_Material_EquipGradeUp_ProtectGear_01_01","Item","Item_Material_EquipGradeUp_ProtectGear_01","AdventureMode_Popup","Stage_Normal_0041","AdventureStage"
"Item_Material_EquipGradeUp_ProtectGear_01_02","Item","Item_Material_EquipGradeUp_ProtectGear_01","AdventureMode_Popup","Stage_Normal_0042","AdventureStage"
"Item_Material_EquipGradeUp_ProtectGear_01_03","Item","Item_Material_EquipGradeUp_ProtectGear_01","AdventureMode_Popup","Stage_Normal_0066","AdventureStage"
"Item_Material_EquipGradeUp_ProtectGear_02_01","Item","Item_Material_EquipGradeUp_ProtectGear_02","AdventureMode_Popup","Stage_Normal_0101","AdventureStage"
"Item_Material_EquipGradeUp_ProtectGear_02_02","Item","Item_Material_EquipGradeUp_ProtectGear_02","AdventureMode_Popup","Stage_Normal_0102","AdventureStage"
"Item_Material_EquipGradeUp_ProtectGear_03_01","Item","Item_Material_EquipGradeUp_ProtectGear_03","AdventureMode_Popup","Stage_Normal_0146","AdventureStage"
"Item_Material_EquipGradeUp_ProtectGear_03_02","Item","Item_Material_EquipGradeUp_ProtectGear_03","AdventureMode_Popup","Stage_Normal_0147","AdventureStage"
"Item_Material_EquipGradeUp_ProtectGear_04_01","Item","Item_Material_EquipGradeUp_ProtectGear_04","AdventureMode_Popup","Stage_Normal_0191","AdventureStage"
"Item_Material_EquipGradeUp_ProtectGear_04_02","Item","Item_Material_EquipGradeUp_ProtectGear_04","AdventureMode_Popup","Stage_Normal_0192","AdventureStage"
"Item_Material_EquipGradeUp_ProtectGear_04_03","Item","Item_Material_EquipGradeUp_ProtectGear_04","AdventureMode_Popup","Stage_Normal_0231","AdventureStage"
"Item_Material_EquipGradeUp_Coat_01_01","Item","Item_Material_EquipGradeUp_Coat_01","AdventureMode_Popup","Stage_Normal_0043","AdventureStage"
"Item_Material_EquipGradeUp_Coat_01_02","Item","Item_Material_EquipGradeUp_Coat_01","AdventureMode_Popup","Stage_Normal_0044","AdventureStage"
"Item_Material_EquipGradeUp_Coat_01_03","Item","Item_Material_EquipGradeUp_Coat_01","AdventureMode_Popup","Stage_Normal_0067","AdventureStage"
"Item_Material_EquipGradeUp_Coat_02_01","Item","Item_Material_EquipGradeUp_Coat_02","AdventureMode_Popup","Stage_Normal_0103","AdventureStage"
"Item_Material_EquipGradeUp_Coat_02_02","Item","Item_Material_EquipGradeUp_Coat_02","AdventureMode_Popup","Stage_Normal_0104","AdventureStage"
"Item_Material_EquipGradeUp_Coat_03_01","Item","Item_Material_EquipGradeUp_Coat_03","AdventureMode_Popup","Stage_Normal_0148","AdventureStage"
"Item_Material_EquipGradeUp_Coat_03_02","Item","Item_Material_EquipGradeUp_Coat_03","AdventureMode_Popup","Stage_Normal_0149","AdventureStage"
"Item_Material_EquipGradeUp_Coat_04_01","Item","Item_Material_EquipGradeUp_Coat_04","AdventureMode_Popup","Stage_Normal_0193","AdventureStage"
"Item_Material_EquipGradeUp_Coat_04_02","Item","Item_Material_EquipGradeUp_Coat_04","AdventureMode_Popup","Stage_Normal_0194","AdventureStage"
"Item_Material_EquipGradeUp_Coat_04_03","Item","Item_Material_EquipGradeUp_Coat_04","AdventureMode_Popup","Stage_Normal_0232","AdventureStage"
"Item_Material_EquipGradeUp_Jacket_01_01","Item","Item_Material_EquipGradeUp_Jacket_01","AdventureMode_Popup","Stage_Normal_0045","AdventureStage"
"Item_Material_EquipGradeUp_Jacket_01_02","Item","Item_Material_EquipGradeUp_Jacket_01","AdventureMode_Popup","Stage_Normal_0046","AdventureStage"
"Item_Material_EquipGradeUp_Jacket_01_03","Item","Item_Material_EquipGradeUp_Jacket_01","AdventureMode_Popup","Stage_Normal_0068","AdventureStage"
"Item_Material_EquipGradeUp_Jacket_02_01","Item","Item_Material_EquipGradeUp_Jacket_02","AdventureMode_Popup","Stage_Normal_0105","AdventureStage"
"Item_Material_EquipGradeUp_Jacket_02_02","Item","Item_Material_EquipGradeUp_Jacket_02","AdventureMode_Popup","Stage_Normal_0106","AdventureStage"
"Item_Material_EquipGradeUp_Jacket_03_01","Item","Item_Material_EquipGradeUp_Jacket_03","AdventureMode_Popup","Stage_Normal_0150","AdventureStage"
"Item_Material_EquipGradeUp_Jacket_03_02","Item","Item_Material_EquipGradeUp_Jacket_03","AdventureMode_Popup","Stage_Normal_0151","AdventureStage"
"Item_Material_EquipGradeUp_Jacket_04_01","Item","Item_Material_EquipGradeUp_Jacket_04","AdventureMode_Popup","Stage_Normal_0195","AdventureStage"
"Item_Material_EquipGradeUp_Jacket_04_02","Item","Item_Material_EquipGradeUp_Jacket_04","AdventureMode_Popup","Stage_Normal_0196","AdventureStage"
"Item_Material_EquipGradeUp_Jacket_04_03","Item","Item_Material_EquipGradeUp_Jacket_04","AdventureMode_Popup","Stage_Normal_0233","AdventureStage"
"Item_Material_EquipGradeUp_Cape_01_01","Item","Item_Material_EquipGradeUp_Cape_01","AdventureMode_Popup","Stage_Normal_0047","AdventureStage"
"Item_Material_EquipGradeUp_Cape_01_02","Item","Item_Material_EquipGradeUp_Cape_01","AdventureMode_Popup","Stage_Normal_0048","AdventureStage"
"Item_Material_EquipGradeUp_Cape_01_03","Item","Item_Material_EquipGradeUp_Cape_01","AdventureMode_Popup","Stage_Normal_0069","AdventureStage"
"Item_Material_EquipGradeUp_Cape_02_01","Item","Item_Material_EquipGradeUp_Cape_02","AdventureMode_Popup","Stage_Normal_0107","AdventureStage"
"Item_Material_EquipGradeUp_Cape_02_02","Item","Item_Material_EquipGradeUp_Cape_02","AdventureMode_Popup","Stage_Normal_0108","AdventureStage"
"Item_Material_EquipGradeUp_Cape_03_01","Item","Item_Material_EquipGradeUp_Cape_03","AdventureMode_Popup","Stage_Normal_0152","AdventureStage"
"Item_Material_EquipGradeUp_Cape_03_02","Item","Item_Material_EquipGradeUp_Cape_03","AdventureMode_Popup","Stage_Normal_0153","AdventureStage"
"Item_Material_EquipGradeUp_Cape_04_01","Item","Item_Material_EquipGradeUp_Cape_04","AdventureMode_Popup","Stage_Normal_0197","AdventureStage"
"Item_Material_EquipGradeUp_Cape_04_02","Item","Item_Material_EquipGradeUp_Cape_04","AdventureMode_Popup","Stage_Normal_0198","AdventureStage"
"Item_Material_EquipGradeUp_Cape_04_03","Item","Item_Material_EquipGradeUp_Cape_04","AdventureMode_Popup","Stage_Normal_0234","AdventureStage"
"Item_Material_EquipGradeUp_Belt_01_01","Item","Item_Material_EquipGradeUp_Belt_01","AdventureMode_Popup","Stage_Normal_0049","AdventureStage"
"Item_Material_EquipGradeUp_Belt_01_02","Item","Item_Material_EquipGradeUp_Belt_01","AdventureMode_Popup","Stage_Normal_0050","AdventureStage"
"Item_Material_EquipGradeUp_Belt_01_03","Item","Item_Material_EquipGradeUp_Belt_01","AdventureMode_Popup","Stage_Normal_0070","AdventureStage"
"Item_Material_EquipGradeUp_Belt_02_01","Item","Item_Material_EquipGradeUp_Belt_02","AdventureMode_Popup","Stage_Normal_0109","AdventureStage"
"Item_Material_EquipGradeUp_Belt_02_02","Item","Item_Material_EquipGradeUp_Belt_02","AdventureMode_Popup","Stage_Normal_0110","AdventureStage"
"Item_Material_EquipGradeUp_Belt_03_01","Item","Item_Material_EquipGradeUp_Belt_03","AdventureMode_Popup","Stage_Normal_0154","AdventureStage"
"Item_Material_EquipGradeUp_Belt_03_02","Item","Item_Material_EquipGradeUp_Belt_03","AdventureMode_Popup","Stage_Normal_0155","AdventureStage"
"Item_Material_EquipGradeUp_Belt_04_01","Item","Item_Material_EquipGradeUp_Belt_04","AdventureMode_Popup","Stage_Normal_0199","AdventureStage"
"Item_Material_EquipGradeUp_Belt_04_02","Item","Item_Material_EquipGradeUp_Belt_04","AdventureMode_Popup","Stage_Normal_0200","AdventureStage"
"Item_Material_EquipGradeUp_Belt_04_03","Item","Item_Material_EquipGradeUp_Belt_04","AdventureMode_Popup","Stage_Normal_0235","AdventureStage"
"Item_Material_EquipGradeUp_Helmet_01_01","Item","Item_Material_EquipGradeUp_Helmet_01","AdventureMode_Popup","Stage_Normal_0051","AdventureStage"
"Item_Material_EquipGradeUp_Helmet_01_02","Item","Item_Material_EquipGradeUp_Helmet_01","AdventureMode_Popup","Stage_Normal_0052","AdventureStage"
"Item_Material_EquipGradeUp_Helmet_01_03","Item","Item_Material_EquipGradeUp_Helmet_01","AdventureMode_Popup","Stage_Normal_0071","AdventureStage"
"Item_Material_EquipGradeUp_Helmet_02_01","Item","Item_Material_EquipGradeUp_Helmet_02","AdventureMode_Popup","Stage_Normal_0111","AdventureStage"
"Item_Material_EquipGradeUp_Helmet_02_02","Item","Item_Material_EquipGradeUp_Helmet_02","AdventureMode_Popup","Stage_Normal_0112","AdventureStage"
"Item_Material_EquipGradeUp_Helmet_03_01","Item","Item_Material_EquipGradeUp_Helmet_03","AdventureMode_Popup","Stage_Normal_0156","AdventureStage"
"Item_Material_EquipGradeUp_Helmet_03_02","Item","Item_Material_EquipGradeUp_Helmet_03","AdventureMode_Popup","Stage_Normal_0157","AdventureStage"
"Item_Material_EquipGradeUp_Helmet_04_01","Item","Item_Material_EquipGradeUp_Helmet_04","AdventureMode_Popup","Stage_Normal_0201","AdventureStage"
"Item_Material_EquipGradeUp_Helmet_04_02","Item","Item_Material_EquipGradeUp_Helmet_04","AdventureMode_Popup","Stage_Normal_0202","AdventureStage"
"Item_Material_EquipGradeUp_Helmet_04_03","Item","Item_Material_EquipGradeUp_Helmet_04","AdventureMode_Popup","Stage_Normal_0236","AdventureStage"
"Item_Material_EquipGradeUp_Necklace_01_01","Item","Item_Material_EquipGradeUp_Necklace_01","AdventureMode_Popup","Stage_Normal_0053","AdventureStage"
"Item_Material_EquipGradeUp_Necklace_01_02","Item","Item_Material_EquipGradeUp_Necklace_01","AdventureMode_Popup","Stage_Normal_0054","AdventureStage"
"Item_Material_EquipGradeUp_Necklace_01_03","Item","Item_Material_EquipGradeUp_Necklace_01","AdventureMode_Popup","Stage_Normal_0072","AdventureStage"
"Item_Material_EquipGradeUp_Necklace_02_01","Item","Item_Material_EquipGradeUp_Necklace_02","AdventureMode_Popup","Stage_Normal_0113","AdventureStage"
"Item_Material_EquipGradeUp_Necklace_02_02","Item","Item_Material_EquipGradeUp_Necklace_02","AdventureMode_Popup","Stage_Normal_0114","AdventureStage"
"Item_Material_EquipGradeUp_Necklace_03_01","Item","Item_Material_EquipGradeUp_Necklace_03","AdventureMode_Popup","Stage_Normal_0158","AdventureStage"
"Item_Material_EquipGradeUp_Necklace_03_02","Item","Item_Material_EquipGradeUp_Necklace_03","AdventureMode_Popup","Stage_Normal_0159","AdventureStage"
"Item_Material_EquipGradeUp_Necklace_04_01","Item","Item_Material_EquipGradeUp_Necklace_04","AdventureMode_Popup","Stage_Normal_0203","AdventureStage"
"Item_Material_EquipGradeUp_Necklace_04_02","Item","Item_Material_EquipGradeUp_Necklace_04","AdventureMode_Popup","Stage_Normal_0204","AdventureStage"
"Item_Material_EquipGradeUp_Necklace_04_03","Item","Item_Material_EquipGradeUp_Necklace_04","AdventureMode_Popup","Stage_Normal_0237","AdventureStage"
"Item_Material_EquipGradeUp_Ring_01_01","Item","Item_Material_EquipGradeUp_Ring_01","AdventureMode_Popup","Stage_Normal_0055","AdventureStage"
"Item_Material_EquipGradeUp_Ring_01_02","Item","Item_Material_EquipGradeUp_Ring_01","AdventureMode_Popup","Stage_Normal_0056","AdventureStage"
"Item_Material_EquipGradeUp_Ring_01_03","Item","Item_Material_EquipGradeUp_Ring_01","AdventureMode_Popup","Stage_Normal_0073","AdventureStage"
"Item_Material_EquipGradeUp_Ring_02_01","Item","Item_Material_EquipGradeUp_Ring_02","AdventureMode_Popup","Stage_Normal_0115","AdventureStage"
"Item_Material_EquipGradeUp_Ring_02_02","Item","Item_Material_EquipGradeUp_Ring_02","AdventureMode_Popup","Stage_Normal_0116","AdventureStage"
"Item_Material_EquipGradeUp_Ring_03_01","Item","Item_Material_EquipGradeUp_Ring_03","AdventureMode_Popup","Stage_Normal_0160","AdventureStage"
"Item_Material_EquipGradeUp_Ring_03_02","Item","Item_Material_EquipGradeUp_Ring_03","AdventureMode_Popup","Stage_Normal_0161","AdventureStage"
"Item_Material_EquipGradeUp_Ring_04_01","Item","Item_Material_EquipGradeUp_Ring_04","AdventureMode_Popup","Stage_Normal_0205","AdventureStage"
"Item_Material_EquipGradeUp_Ring_04_02","Item","Item_Material_EquipGradeUp_Ring_04","AdventureMode_Popup","Stage_Normal_0206","AdventureStage"
"Item_Material_EquipGradeUp_Ring_04_03","Item","Item_Material_EquipGradeUp_Ring_04","AdventureMode_Popup","Stage_Normal_0238","AdventureStage"
"Item_Material_EquipGradeUp_Bracelet_01_01","Item","Item_Material_EquipGradeUp_Bracelet_01","AdventureMode_Popup","Stage_Normal_0057","AdventureStage"
"Item_Material_EquipGradeUp_Bracelet_01_02","Item","Item_Material_EquipGradeUp_Bracelet_01","AdventureMode_Popup","Stage_Normal_0058","AdventureStage"
"Item_Material_EquipGradeUp_Bracelet_01_03","Item","Item_Material_EquipGradeUp_Bracelet_01","AdventureMode_Popup","Stage_Normal_0074","AdventureStage"
"Item_Material_EquipGradeUp_Bracelet_02_01","Item","Item_Material_EquipGradeUp_Bracelet_02","AdventureMode_Popup","Stage_Normal_0117","AdventureStage"
"Item_Material_EquipGradeUp_Bracelet_02_02","Item","Item_Material_EquipGradeUp_Bracelet_02","AdventureMode_Popup","Stage_Normal_0118","AdventureStage"
"Item_Material_EquipGradeUp_Bracelet_03_01","Item","Item_Material_EquipGradeUp_Bracelet_03","AdventureMode_Popup","Stage_Normal_0162","AdventureStage"
"Item_Material_EquipGradeUp_Bracelet_03_02","Item","Item_Material_EquipGradeUp_Bracelet_03","AdventureMode_Popup","Stage_Normal_0163","AdventureStage"
"Item_Material_EquipGradeUp_Bracelet_04_01","Item","Item_Material_EquipGradeUp_Bracelet_04","AdventureMode_Popup","Stage_Normal_0207","AdventureStage"
"Item_Material_EquipGradeUp_Bracelet_04_02","Item","Item_Material_EquipGradeUp_Bracelet_04","AdventureMode_Popup","Stage_Normal_0208","AdventureStage"
"Item_Material_EquipGradeUp_Bracelet_04_03","Item","Item_Material_EquipGradeUp_Bracelet_04","AdventureMode_Popup","Stage_Normal_0239","AdventureStage"
"Item_Material_EquipGradeUp_HeadDress_01_01","Item","Item_Material_EquipGradeUp_HeadDress_01","AdventureMode_Popup","Stage_Normal_0059","AdventureStage"
"Item_Material_EquipGradeUp_HeadDress_01_02","Item","Item_Material_EquipGradeUp_HeadDress_01","AdventureMode_Popup","Stage_Normal_0060","AdventureStage"
"Item_Material_EquipGradeUp_HeadDress_01_03","Item","Item_Material_EquipGradeUp_HeadDress_01","AdventureMode_Popup","Stage_Normal_0075","AdventureStage"
"Item_Material_EquipGradeUp_HeadDress_02_01","Item","Item_Material_EquipGradeUp_HeadDress_02","AdventureMode_Popup","Stage_Normal_0119","AdventureStage"
"Item_Material_EquipGradeUp_HeadDress_02_02","Item","Item_Material_EquipGradeUp_HeadDress_02","AdventureMode_Popup","Stage_Normal_0120","AdventureStage"
"Item_Material_EquipGradeUp_HeadDress_03_01","Item","Item_Material_EquipGradeUp_HeadDress_03","AdventureMode_Popup","Stage_Normal_0164","AdventureStage"
"Item_Material_EquipGradeUp_HeadDress_03_02","Item","Item_Material_EquipGradeUp_HeadDress_03","AdventureMode_Popup","Stage_Normal_0165","AdventureStage"
"Item_Material_EquipGradeUp_HeadDress_04_01","Item","Item_Material_EquipGradeUp_HeadDress_04","AdventureMode_Popup","Stage_Normal_0209","AdventureStage"
"Item_Material_EquipGradeUp_HeadDress_04_02","Item","Item_Material_EquipGradeUp_HeadDress_04","AdventureMode_Popup","Stage_Normal_0210","AdventureStage"
"Item_Material_EquipGradeUp_HeadDress_04_03","Item","Item_Material_EquipGradeUp_HeadDress_04","AdventureMode_Popup","Stage_Normal_0240","AdventureStage"
"Item_Material_SkillLvUp_Common_01","Item","Item_Material_SkillLvUp_Common","Dungeon_Direct","",""
"Item_Material_SkillLvUp_Common_02","Item","Item_Material_SkillLvUp_Common","AdventureNormal_Direct","","AdventureStage"
"Item_Material_SkillLvUp_Common_03","Item","Item_Material_SkillLvUp_Common","ShopCoinGold_Popup","Shop_Coin_Gold","ShopProduct"
"Item_Material_SkillLvUp_Common_04","Item","Item_Material_SkillLvUp_Common","ShopCoinDungeon_Popup","Shop_Coin_Dungeon","ShopProduct"
"Item_Material_SkillLvUp_AttributeRed_01_01","Item","Item_Material_SkillLvUp_AttributeRed_01","Dungeon_Popup","Dungeon_Heart_0001","DungeonStage"
"Item_Material_SkillLvUp_AttributeRed_01_02","Item","Item_Material_SkillLvUp_AttributeRed_01","Dungeon_Popup","Dungeon_Heart_0002","DungeonStage"
"Item_Material_SkillLvUp_AttributeRed_01_03","Item","Item_Material_SkillLvUp_AttributeRed_01","Dungeon_Popup","Dungeon_Heart_0003","DungeonStage"
"Item_Material_SkillLvUp_AttributeRed_01_04","Item","Item_Material_SkillLvUp_AttributeRed_01","Dungeon_Popup","Dungeon_Heart_0004","DungeonStage"
"Item_Material_SkillLvUp_AttributeRed_01_05","Item","Item_Material_SkillLvUp_AttributeRed_01","Dungeon_Popup","Dungeon_Heart_0005","DungeonStage"
"Item_Material_SkillLvUp_AttributeRed_01_06","Item","Item_Material_SkillLvUp_AttributeRed_01","Dungeon_Popup","Dungeon_Heart_0006","DungeonStage"
"Item_Material_SkillLvUp_AttributeRed_01_07","Item","Item_Material_SkillLvUp_AttributeRed_01","Dungeon_Popup","Dungeon_Heart_0007","DungeonStage"
"Item_Material_SkillLvUp_AttributeRed_01_08","Item","Item_Material_SkillLvUp_AttributeRed_01","Dungeon_Popup","Dungeon_Heart_0008","DungeonStage"
"Item_Material_SkillLvUp_AttributeRed_02_01","Item","Item_Material_SkillLvUp_AttributeRed_02","Dungeon_Popup","Dungeon_Heart_0004","DungeonStage"
"Item_Material_SkillLvUp_AttributeRed_02_02","Item","Item_Material_SkillLvUp_AttributeRed_02","Dungeon_Popup","Dungeon_Heart_0005","DungeonStage"
"Item_Material_SkillLvUp_AttributeRed_02_03","Item","Item_Material_SkillLvUp_AttributeRed_02","Dungeon_Popup","Dungeon_Heart_0006","DungeonStage"
"Item_Material_SkillLvUp_AttributeRed_02_04","Item","Item_Material_SkillLvUp_AttributeRed_02","Dungeon_Popup","Dungeon_Heart_0007","DungeonStage"
"Item_Material_SkillLvUp_AttributeRed_02_05","Item","Item_Material_SkillLvUp_AttributeRed_02","Dungeon_Popup","Dungeon_Heart_0008","DungeonStage"
"Item_Material_SkillLvUp_AttributeRed_03_01","Item","Item_Material_SkillLvUp_AttributeRed_03","Dungeon_Popup","Dungeon_Heart_0007","DungeonStage"
"Item_Material_SkillLvUp_AttributeRed_03_02","Item","Item_Material_SkillLvUp_AttributeRed_03","Dungeon_Popup","Dungeon_Heart_0008","DungeonStage"
"Item_Material_SkillLvUp_AttributeBlue_01_01","Item","Item_Material_SkillLvUp_AttributeBlue_01","Dungeon_Popup","Dungeon_Diamond_0001","DungeonStage"
"Item_Material_SkillLvUp_AttributeBlue_01_02","Item","Item_Material_SkillLvUp_AttributeBlue_01","Dungeon_Popup","Dungeon_Diamond_0002","DungeonStage"
"Item_Material_SkillLvUp_AttributeBlue_01_03","Item","Item_Material_SkillLvUp_AttributeBlue_01","Dungeon_Popup","Dungeon_Diamond_0003","DungeonStage"
"Item_Material_SkillLvUp_AttributeBlue_01_04","Item","Item_Material_SkillLvUp_AttributeBlue_01","Dungeon_Popup","Dungeon_Diamond_0004","DungeonStage"
"Item_Material_SkillLvUp_AttributeBlue_01_05","Item","Item_Material_SkillLvUp_AttributeBlue_01","Dungeon_Popup","Dungeon_Diamond_0005","DungeonStage"
"Item_Material_SkillLvUp_AttributeBlue_01_06","Item","Item_Material_SkillLvUp_AttributeBlue_01","Dungeon_Popup","Dungeon_Diamond_0006","DungeonStage"
"Item_Material_SkillLvUp_AttributeBlue_01_07","Item","Item_Material_SkillLvUp_AttributeBlue_01","Dungeon_Popup","Dungeon_Diamond_0007","DungeonStage"
"Item_Material_SkillLvUp_AttributeBlue_01_08","Item","Item_Material_SkillLvUp_AttributeBlue_01","Dungeon_Popup","Dungeon_Diamond_0008","DungeonStage"
"Item_Material_SkillLvUp_AttributeBlue_02_01","Item","Item_Material_SkillLvUp_AttributeBlue_02","Dungeon_Popup","Dungeon_Diamond_0004","DungeonStage"
"Item_Material_SkillLvUp_AttributeBlue_02_02","Item","Item_Material_SkillLvUp_AttributeBlue_02","Dungeon_Popup","Dungeon_Diamond_0005","DungeonStage"
"Item_Material_SkillLvUp_AttributeBlue_02_03","Item","Item_Material_SkillLvUp_AttributeBlue_02","Dungeon_Popup","Dungeon_Diamond_0006","DungeonStage"
"Item_Material_SkillLvUp_AttributeBlue_02_04","Item","Item_Material_SkillLvUp_AttributeBlue_02","Dungeon_Popup","Dungeon_Diamond_0007","DungeonStage"
"Item_Material_SkillLvUp_AttributeBlue_02_05","Item","Item_Material_SkillLvUp_AttributeBlue_02","Dungeon_Popup","Dungeon_Diamond_0008","DungeonStage"
"Item_Material_SkillLvUp_AttributeBlue_03_01","Item","Item_Material_SkillLvUp_AttributeBlue_03","Dungeon_Popup","Dungeon_Diamond_0007","DungeonStage"
"Item_Material_SkillLvUp_AttributeBlue_03_02","Item","Item_Material_SkillLvUp_AttributeBlue_03","Dungeon_Popup","Dungeon_Diamond_0008","DungeonStage"
"Item_Material_SkillLvUp_AttributeGreen_01_01","Item","Item_Material_SkillLvUp_AttributeGreen_01","Dungeon_Popup","Dungeon_Clover_0001","DungeonStage"
"Item_Material_SkillLvUp_AttributeGreen_01_02","Item","Item_Material_SkillLvUp_AttributeGreen_01","Dungeon_Popup","Dungeon_Clover_0002","DungeonStage"
"Item_Material_SkillLvUp_AttributeGreen_01_03","Item","Item_Material_SkillLvUp_AttributeGreen_01","Dungeon_Popup","Dungeon_Clover_0003","DungeonStage"
"Item_Material_SkillLvUp_AttributeGreen_01_04","Item","Item_Material_SkillLvUp_AttributeGreen_01","Dungeon_Popup","Dungeon_Clover_0004","DungeonStage"
"Item_Material_SkillLvUp_AttributeGreen_01_05","Item","Item_Material_SkillLvUp_AttributeGreen_01","Dungeon_Popup","Dungeon_Clover_0005","DungeonStage"
"Item_Material_SkillLvUp_AttributeGreen_01_06","Item","Item_Material_SkillLvUp_AttributeGreen_01","Dungeon_Popup","Dungeon_Clover_0006","DungeonStage"
"Item_Material_SkillLvUp_AttributeGreen_01_07","Item","Item_Material_SkillLvUp_AttributeGreen_01","Dungeon_Popup","Dungeon_Clover_0007","DungeonStage"
"Item_Material_SkillLvUp_AttributeGreen_01_08","Item","Item_Material_SkillLvUp_AttributeGreen_01","Dungeon_Popup","Dungeon_Clover_0008","DungeonStage"
"Item_Material_SkillLvUp_AttributeGreen_02_01","Item","Item_Material_SkillLvUp_AttributeGreen_02","Dungeon_Popup","Dungeon_Clover_0004","DungeonStage"
"Item_Material_SkillLvUp_AttributeGreen_02_02","Item","Item_Material_SkillLvUp_AttributeGreen_02","Dungeon_Popup","Dungeon_Clover_0005","DungeonStage"
"Item_Material_SkillLvUp_AttributeGreen_02_03","Item","Item_Material_SkillLvUp_AttributeGreen_02","Dungeon_Popup","Dungeon_Clover_0006","DungeonStage"
"Item_Material_SkillLvUp_AttributeGreen_02_04","Item","Item_Material_SkillLvUp_AttributeGreen_02","Dungeon_Popup","Dungeon_Clover_0007","DungeonStage"
"Item_Material_SkillLvUp_AttributeGreen_02_05","Item","Item_Material_SkillLvUp_AttributeGreen_02","Dungeon_Popup","Dungeon_Clover_0008","DungeonStage"
"Item_Material_SkillLvUp_AttributeGreen_03_01","Item","Item_Material_SkillLvUp_AttributeGreen_03","Dungeon_Popup","Dungeon_Clover_0007","DungeonStage"
"Item_Material_SkillLvUp_AttributeGreen_03_02","Item","Item_Material_SkillLvUp_AttributeGreen_03","Dungeon_Popup","Dungeon_Clover_0008","DungeonStage"
"Item_Material_SkillLvUp_ClassGuardian_01_01","Item","Item_Material_SkillLvUp_ClassGuardian_01","Dungeon_Popup","Dungeon_Heart_0001","DungeonStage"
"Item_Material_SkillLvUp_ClassGuardian_01_02","Item","Item_Material_SkillLvUp_ClassGuardian_01","Dungeon_Popup","Dungeon_Heart_0002","DungeonStage"
"Item_Material_SkillLvUp_ClassGuardian_01_03","Item","Item_Material_SkillLvUp_ClassGuardian_01","Dungeon_Popup","Dungeon_Heart_0003","DungeonStage"
"Item_Material_SkillLvUp_ClassGuardian_01_04","Item","Item_Material_SkillLvUp_ClassGuardian_01","Dungeon_Popup","Dungeon_Heart_0004","DungeonStage"
"Item_Material_SkillLvUp_ClassGuardian_01_05","Item","Item_Material_SkillLvUp_ClassGuardian_01","Dungeon_Popup","Dungeon_Heart_0005","DungeonStage"
"Item_Material_SkillLvUp_ClassGuardian_01_06","Item","Item_Material_SkillLvUp_ClassGuardian_01","Dungeon_Popup","Dungeon_Heart_0006","DungeonStage"
"Item_Material_SkillLvUp_ClassGuardian_01_07","Item","Item_Material_SkillLvUp_ClassGuardian_01","Dungeon_Popup","Dungeon_Heart_0007","DungeonStage"
"Item_Material_SkillLvUp_ClassGuardian_01_08","Item","Item_Material_SkillLvUp_ClassGuardian_01","Dungeon_Popup","Dungeon_Heart_0008","DungeonStage"
"Item_Material_SkillLvUp_ClassGuardian_01_09","Item","Item_Material_SkillLvUp_ClassGuardian_01","Dungeon_Popup","Dungeon_Diamond_0001","DungeonStage"
"Item_Material_SkillLvUp_ClassGuardian_01_10","Item","Item_Material_SkillLvUp_ClassGuardian_01","Dungeon_Popup","Dungeon_Diamond_0002","DungeonStage"
"Item_Material_SkillLvUp_ClassGuardian_01_11","Item","Item_Material_SkillLvUp_ClassGuardian_01","Dungeon_Popup","Dungeon_Diamond_0003","DungeonStage"
"Item_Material_SkillLvUp_ClassGuardian_01_12","Item","Item_Material_SkillLvUp_ClassGuardian_01","Dungeon_Popup","Dungeon_Diamond_0004","DungeonStage"
"Item_Material_SkillLvUp_ClassGuardian_01_13","Item","Item_Material_SkillLvUp_ClassGuardian_01","Dungeon_Popup","Dungeon_Diamond_0005","DungeonStage"
"Item_Material_SkillLvUp_ClassGuardian_01_14","Item","Item_Material_SkillLvUp_ClassGuardian_01","Dungeon_Popup","Dungeon_Diamond_0006","DungeonStage"
"Item_Material_SkillLvUp_ClassGuardian_01_15","Item","Item_Material_SkillLvUp_ClassGuardian_01","Dungeon_Popup","Dungeon_Diamond_0007","DungeonStage"
"Item_Material_SkillLvUp_ClassGuardian_01_16","Item","Item_Material_SkillLvUp_ClassGuardian_01","Dungeon_Popup","Dungeon_Diamond_0008","DungeonStage"
"Item_Material_SkillLvUp_ClassGuardian_01_17","Item","Item_Material_SkillLvUp_ClassGuardian_01","Dungeon_Popup","Dungeon_Clover_0001","DungeonStage"
"Item_Material_SkillLvUp_ClassGuardian_01_18","Item","Item_Material_SkillLvUp_ClassGuardian_01","Dungeon_Popup","Dungeon_Clover_0002","DungeonStage"
"Item_Material_SkillLvUp_ClassGuardian_01_19","Item","Item_Material_SkillLvUp_ClassGuardian_01","Dungeon_Popup","Dungeon_Clover_0003","DungeonStage"
"Item_Material_SkillLvUp_ClassGuardian_01_20","Item","Item_Material_SkillLvUp_ClassGuardian_01","Dungeon_Popup","Dungeon_Clover_0004","DungeonStage"
"Item_Material_SkillLvUp_ClassGuardian_01_21","Item","Item_Material_SkillLvUp_ClassGuardian_01","Dungeon_Popup","Dungeon_Clover_0005","DungeonStage"
"Item_Material_SkillLvUp_ClassGuardian_01_22","Item","Item_Material_SkillLvUp_ClassGuardian_01","Dungeon_Popup","Dungeon_Clover_0006","DungeonStage"
"Item_Material_SkillLvUp_ClassGuardian_01_23","Item","Item_Material_SkillLvUp_ClassGuardian_01","Dungeon_Popup","Dungeon_Clover_0007","DungeonStage"
"Item_Material_SkillLvUp_ClassGuardian_01_24","Item","Item_Material_SkillLvUp_ClassGuardian_01","Dungeon_Popup","Dungeon_Clover_0008","DungeonStage"
"Item_Material_SkillLvUp_ClassGuardian_01_25","Item","Item_Material_SkillLvUp_ClassGuardian_01","AdventureMode_Popup","Stage_Normal_0016","AdventureStage"
"Item_Material_SkillLvUp_ClassGuardian_01_26","Item","Item_Material_SkillLvUp_ClassGuardian_01","AdventureMode_Popup","Stage_Normal_0024","AdventureStage"
"Item_Material_SkillLvUp_ClassGuardian_01_27","Item","Item_Material_SkillLvUp_ClassGuardian_01","AdventureMode_Popup","Stage_Normal_0076","AdventureStage"
"Item_Material_SkillLvUp_ClassGuardian_01_28","Item","Item_Material_SkillLvUp_ClassGuardian_01","AdventureMode_Popup","Stage_Normal_0084","AdventureStage"
"Item_Material_SkillLvUp_ClassGuardian_01_29","Item","Item_Material_SkillLvUp_ClassGuardian_01","AdventureMode_Popup","Stage_Normal_0121","AdventureStage"
"Item_Material_SkillLvUp_ClassGuardian_01_30","Item","Item_Material_SkillLvUp_ClassGuardian_01","AdventureMode_Popup","Stage_Normal_0129","AdventureStage"
"Item_Material_SkillLvUp_ClassGuardian_01_31","Item","Item_Material_SkillLvUp_ClassGuardian_01","AdventureMode_Popup","Stage_Normal_0166","AdventureStage"
"Item_Material_SkillLvUp_ClassGuardian_01_32","Item","Item_Material_SkillLvUp_ClassGuardian_01","AdventureMode_Popup","Stage_Normal_0174","AdventureStage"
"Item_Material_SkillLvUp_ClassGuardian_01_33","Item","Item_Material_SkillLvUp_ClassGuardian_01","AdventureMode_Popup","Stage_Normal_0211","AdventureStage"
"Item_Material_SkillLvUp_ClassGuardian_01_34","Item","Item_Material_SkillLvUp_ClassGuardian_01","AdventureMode_Popup","Stage_Normal_0219","AdventureStage"
"Item_Material_SkillLvUp_ClassGuardian_02_01","Item","Item_Material_SkillLvUp_ClassGuardian_02","Dungeon_Popup","Dungeon_Heart_0004","DungeonStage"
"Item_Material_SkillLvUp_ClassGuardian_02_02","Item","Item_Material_SkillLvUp_ClassGuardian_02","Dungeon_Popup","Dungeon_Heart_0005","DungeonStage"
"Item_Material_SkillLvUp_ClassGuardian_02_03","Item","Item_Material_SkillLvUp_ClassGuardian_02","Dungeon_Popup","Dungeon_Heart_0006","DungeonStage"
"Item_Material_SkillLvUp_ClassGuardian_02_04","Item","Item_Material_SkillLvUp_ClassGuardian_02","Dungeon_Popup","Dungeon_Heart_0007","DungeonStage"
"Item_Material_SkillLvUp_ClassGuardian_02_05","Item","Item_Material_SkillLvUp_ClassGuardian_02","Dungeon_Popup","Dungeon_Heart_0008","DungeonStage"
"Item_Material_SkillLvUp_ClassGuardian_02_06","Item","Item_Material_SkillLvUp_ClassGuardian_02","Dungeon_Popup","Dungeon_Diamond_0004","DungeonStage"
"Item_Material_SkillLvUp_ClassGuardian_02_07","Item","Item_Material_SkillLvUp_ClassGuardian_02","Dungeon_Popup","Dungeon_Diamond_0005","DungeonStage"
"Item_Material_SkillLvUp_ClassGuardian_02_08","Item","Item_Material_SkillLvUp_ClassGuardian_02","Dungeon_Popup","Dungeon_Diamond_0006","DungeonStage"
"Item_Material_SkillLvUp_ClassGuardian_02_09","Item","Item_Material_SkillLvUp_ClassGuardian_02","Dungeon_Popup","Dungeon_Diamond_0007","DungeonStage"
"Item_Material_SkillLvUp_ClassGuardian_02_10","Item","Item_Material_SkillLvUp_ClassGuardian_02","Dungeon_Popup","Dungeon_Diamond_0008","DungeonStage"
"Item_Material_SkillLvUp_ClassGuardian_02_11","Item","Item_Material_SkillLvUp_ClassGuardian_02","Dungeon_Popup","Dungeon_Clover_0004","DungeonStage"
"Item_Material_SkillLvUp_ClassGuardian_02_12","Item","Item_Material_SkillLvUp_ClassGuardian_02","Dungeon_Popup","Dungeon_Clover_0005","DungeonStage"
"Item_Material_SkillLvUp_ClassGuardian_02_13","Item","Item_Material_SkillLvUp_ClassGuardian_02","Dungeon_Popup","Dungeon_Clover_0006","DungeonStage"
"Item_Material_SkillLvUp_ClassGuardian_02_14","Item","Item_Material_SkillLvUp_ClassGuardian_02","Dungeon_Popup","Dungeon_Clover_0007","DungeonStage"
"Item_Material_SkillLvUp_ClassGuardian_02_15","Item","Item_Material_SkillLvUp_ClassGuardian_02","Dungeon_Popup","Dungeon_Clover_0008","DungeonStage"
"Item_Material_SkillLvUp_ClassGuardian_02_16","Item","Item_Material_SkillLvUp_ClassGuardian_02","AdventureMode_Popup","Stage_Normal_0121","AdventureStage"
"Item_Material_SkillLvUp_ClassGuardian_02_17","Item","Item_Material_SkillLvUp_ClassGuardian_02","AdventureMode_Popup","Stage_Normal_0129","AdventureStage"
"Item_Material_SkillLvUp_ClassGuardian_02_18","Item","Item_Material_SkillLvUp_ClassGuardian_02","AdventureMode_Popup","Stage_Normal_0166","AdventureStage"
"Item_Material_SkillLvUp_ClassGuardian_02_19","Item","Item_Material_SkillLvUp_ClassGuardian_02","AdventureMode_Popup","Stage_Normal_0174","AdventureStage"
"Item_Material_SkillLvUp_ClassGuardian_02_20","Item","Item_Material_SkillLvUp_ClassGuardian_02","AdventureMode_Popup","Stage_Normal_0211","AdventureStage"
"Item_Material_SkillLvUp_ClassGuardian_02_21","Item","Item_Material_SkillLvUp_ClassGuardian_02","AdventureMode_Popup","Stage_Normal_0219","AdventureStage"
"Item_Material_SkillLvUp_ClassGuardian_03_01","Item","Item_Material_SkillLvUp_ClassGuardian_03","Dungeon_Popup","Dungeon_Heart_0007","DungeonStage"
"Item_Material_SkillLvUp_ClassGuardian_03_02","Item","Item_Material_SkillLvUp_ClassGuardian_03","Dungeon_Popup","Dungeon_Heart_0008","DungeonStage"
"Item_Material_SkillLvUp_ClassGuardian_03_03","Item","Item_Material_SkillLvUp_ClassGuardian_03","Dungeon_Popup","Dungeon_Diamond_0007","DungeonStage"
"Item_Material_SkillLvUp_ClassGuardian_03_04","Item","Item_Material_SkillLvUp_ClassGuardian_03","Dungeon_Popup","Dungeon_Diamond_0008","DungeonStage"
"Item_Material_SkillLvUp_ClassGuardian_03_05","Item","Item_Material_SkillLvUp_ClassGuardian_03","Dungeon_Popup","Dungeon_Clover_0007","DungeonStage"
"Item_Material_SkillLvUp_ClassGuardian_03_06","Item","Item_Material_SkillLvUp_ClassGuardian_03","Dungeon_Popup","Dungeon_Clover_0008","DungeonStage"
"Item_Material_SkillLvUp_ClassGuardian_03_07","Item","Item_Material_SkillLvUp_ClassGuardian_03","AdventureMode_Popup","Stage_Normal_0211","AdventureStage"
"Item_Material_SkillLvUp_ClassGuardian_03_08","Item","Item_Material_SkillLvUp_ClassGuardian_03","AdventureMode_Popup","Stage_Normal_0219","AdventureStage"
"Item_Material_SkillLvUp_ClassGuardian_03_09","Item","Item_Material_SkillLvUp_ClassGuardian_03","ShopCoinDungeon_Popup","Shop_Coin_Dungeon","ShopProduct"
"Item_Material_SkillLvUp_ClassGuardian_03_10","Item","Item_Material_SkillLvUp_ClassGuardian_03","ShopCoinTotalWar_Popup","Shop_Coin_TotalWar","ShopProduct"
"Item_Material_SkillLvUp_ClassGuardian_04_01","Item","Item_Material_SkillLvUp_ClassGuardian_04","ShopCoinDungeon_Popup","Shop_Coin_Dungeon","ShopProduct"
"Item_Material_SkillLvUp_ClassGuardian_04_02","Item","Item_Material_SkillLvUp_ClassGuardian_04","ShopCoinTotalWar_Popup","Shop_Coin_TotalWar","ShopProduct"
"Item_Material_SkillLvUp_ClassKnight_01_01","Item","Item_Material_SkillLvUp_ClassKnight_01","Dungeon_Popup","Dungeon_Heart_0001","DungeonStage"
"Item_Material_SkillLvUp_ClassKnight_01_02","Item","Item_Material_SkillLvUp_ClassKnight_01","Dungeon_Popup","Dungeon_Heart_0002","DungeonStage"
"Item_Material_SkillLvUp_ClassKnight_01_03","Item","Item_Material_SkillLvUp_ClassKnight_01","Dungeon_Popup","Dungeon_Heart_0003","DungeonStage"
"Item_Material_SkillLvUp_ClassKnight_01_04","Item","Item_Material_SkillLvUp_ClassKnight_01","Dungeon_Popup","Dungeon_Heart_0004","DungeonStage"
"Item_Material_SkillLvUp_ClassKnight_01_05","Item","Item_Material_SkillLvUp_ClassKnight_01","Dungeon_Popup","Dungeon_Heart_0005","DungeonStage"
"Item_Material_SkillLvUp_ClassKnight_01_06","Item","Item_Material_SkillLvUp_ClassKnight_01","Dungeon_Popup","Dungeon_Heart_0006","DungeonStage"
"Item_Material_SkillLvUp_ClassKnight_01_07","Item","Item_Material_SkillLvUp_ClassKnight_01","Dungeon_Popup","Dungeon_Heart_0007","DungeonStage"
"Item_Material_SkillLvUp_ClassKnight_01_08","Item","Item_Material_SkillLvUp_ClassKnight_01","Dungeon_Popup","Dungeon_Heart_0008","DungeonStage"
"Item_Material_SkillLvUp_ClassKnight_01_09","Item","Item_Material_SkillLvUp_ClassKnight_01","Dungeon_Popup","Dungeon_Diamond_0001","DungeonStage"
"Item_Material_SkillLvUp_ClassKnight_01_10","Item","Item_Material_SkillLvUp_ClassKnight_01","Dungeon_Popup","Dungeon_Diamond_0002","DungeonStage"
"Item_Material_SkillLvUp_ClassKnight_01_11","Item","Item_Material_SkillLvUp_ClassKnight_01","Dungeon_Popup","Dungeon_Diamond_0003","DungeonStage"
"Item_Material_SkillLvUp_ClassKnight_01_12","Item","Item_Material_SkillLvUp_ClassKnight_01","Dungeon_Popup","Dungeon_Diamond_0004","DungeonStage"
"Item_Material_SkillLvUp_ClassKnight_01_13","Item","Item_Material_SkillLvUp_ClassKnight_01","Dungeon_Popup","Dungeon_Diamond_0005","DungeonStage"
"Item_Material_SkillLvUp_ClassKnight_01_14","Item","Item_Material_SkillLvUp_ClassKnight_01","Dungeon_Popup","Dungeon_Diamond_0006","DungeonStage"
"Item_Material_SkillLvUp_ClassKnight_01_15","Item","Item_Material_SkillLvUp_ClassKnight_01","Dungeon_Popup","Dungeon_Diamond_0007","DungeonStage"
"Item_Material_SkillLvUp_ClassKnight_01_16","Item","Item_Material_SkillLvUp_ClassKnight_01","Dungeon_Popup","Dungeon_Diamond_0008","DungeonStage"
"Item_Material_SkillLvUp_ClassKnight_01_17","Item","Item_Material_SkillLvUp_ClassKnight_01","Dungeon_Popup","Dungeon_Clover_0001","DungeonStage"
"Item_Material_SkillLvUp_ClassKnight_01_18","Item","Item_Material_SkillLvUp_ClassKnight_01","Dungeon_Popup","Dungeon_Clover_0002","DungeonStage"
"Item_Material_SkillLvUp_ClassKnight_01_19","Item","Item_Material_SkillLvUp_ClassKnight_01","Dungeon_Popup","Dungeon_Clover_0003","DungeonStage"
"Item_Material_SkillLvUp_ClassKnight_01_20","Item","Item_Material_SkillLvUp_ClassKnight_01","Dungeon_Popup","Dungeon_Clover_0004","DungeonStage"
"Item_Material_SkillLvUp_ClassKnight_01_21","Item","Item_Material_SkillLvUp_ClassKnight_01","Dungeon_Popup","Dungeon_Clover_0005","DungeonStage"
"Item_Material_SkillLvUp_ClassKnight_01_22","Item","Item_Material_SkillLvUp_ClassKnight_01","Dungeon_Popup","Dungeon_Clover_0006","DungeonStage"
"Item_Material_SkillLvUp_ClassKnight_01_23","Item","Item_Material_SkillLvUp_ClassKnight_01","Dungeon_Popup","Dungeon_Clover_0007","DungeonStage"
"Item_Material_SkillLvUp_ClassKnight_01_24","Item","Item_Material_SkillLvUp_ClassKnight_01","Dungeon_Popup","Dungeon_Clover_0008","DungeonStage"
"Item_Material_SkillLvUp_ClassKnight_01_25","Item","Item_Material_SkillLvUp_ClassKnight_01","AdventureMode_Popup","Stage_Normal_0017","AdventureStage"
"Item_Material_SkillLvUp_ClassKnight_01_26","Item","Item_Material_SkillLvUp_ClassKnight_01","AdventureMode_Popup","Stage_Normal_0025","AdventureStage"
"Item_Material_SkillLvUp_ClassKnight_01_27","Item","Item_Material_SkillLvUp_ClassKnight_01","AdventureMode_Popup","Stage_Normal_0077","AdventureStage"
"Item_Material_SkillLvUp_ClassKnight_01_28","Item","Item_Material_SkillLvUp_ClassKnight_01","AdventureMode_Popup","Stage_Normal_0085","AdventureStage"
"Item_Material_SkillLvUp_ClassKnight_01_29","Item","Item_Material_SkillLvUp_ClassKnight_01","AdventureMode_Popup","Stage_Normal_0122","AdventureStage"
"Item_Material_SkillLvUp_ClassKnight_01_30","Item","Item_Material_SkillLvUp_ClassKnight_01","AdventureMode_Popup","Stage_Normal_0130","AdventureStage"
"Item_Material_SkillLvUp_ClassKnight_01_31","Item","Item_Material_SkillLvUp_ClassKnight_01","AdventureMode_Popup","Stage_Normal_0167","AdventureStage"
"Item_Material_SkillLvUp_ClassKnight_01_32","Item","Item_Material_SkillLvUp_ClassKnight_01","AdventureMode_Popup","Stage_Normal_0175","AdventureStage"
"Item_Material_SkillLvUp_ClassKnight_01_33","Item","Item_Material_SkillLvUp_ClassKnight_01","AdventureMode_Popup","Stage_Normal_0212","AdventureStage"
"Item_Material_SkillLvUp_ClassKnight_01_34","Item","Item_Material_SkillLvUp_ClassKnight_01","AdventureMode_Popup","Stage_Normal_0220","AdventureStage"
"Item_Material_SkillLvUp_ClassKnight_02_01","Item","Item_Material_SkillLvUp_ClassKnight_02","Dungeon_Popup","Dungeon_Heart_0004","DungeonStage"
"Item_Material_SkillLvUp_ClassKnight_02_02","Item","Item_Material_SkillLvUp_ClassKnight_02","Dungeon_Popup","Dungeon_Heart_0005","DungeonStage"
"Item_Material_SkillLvUp_ClassKnight_02_03","Item","Item_Material_SkillLvUp_ClassKnight_02","Dungeon_Popup","Dungeon_Heart_0006","DungeonStage"
"Item_Material_SkillLvUp_ClassKnight_02_04","Item","Item_Material_SkillLvUp_ClassKnight_02","Dungeon_Popup","Dungeon_Heart_0007","DungeonStage"
"Item_Material_SkillLvUp_ClassKnight_02_05","Item","Item_Material_SkillLvUp_ClassKnight_02","Dungeon_Popup","Dungeon_Heart_0008","DungeonStage"
"Item_Material_SkillLvUp_ClassKnight_02_06","Item","Item_Material_SkillLvUp_ClassKnight_02","Dungeon_Popup","Dungeon_Diamond_0004","DungeonStage"
"Item_Material_SkillLvUp_ClassKnight_02_07","Item","Item_Material_SkillLvUp_ClassKnight_02","Dungeon_Popup","Dungeon_Diamond_0005","DungeonStage"
"Item_Material_SkillLvUp_ClassKnight_02_08","Item","Item_Material_SkillLvUp_ClassKnight_02","Dungeon_Popup","Dungeon_Diamond_0006","DungeonStage"
"Item_Material_SkillLvUp_ClassKnight_02_09","Item","Item_Material_SkillLvUp_ClassKnight_02","Dungeon_Popup","Dungeon_Diamond_0007","DungeonStage"
"Item_Material_SkillLvUp_ClassKnight_02_10","Item","Item_Material_SkillLvUp_ClassKnight_02","Dungeon_Popup","Dungeon_Diamond_0008","DungeonStage"
"Item_Material_SkillLvUp_ClassKnight_02_11","Item","Item_Material_SkillLvUp_ClassKnight_02","Dungeon_Popup","Dungeon_Clover_0004","DungeonStage"
"Item_Material_SkillLvUp_ClassKnight_02_12","Item","Item_Material_SkillLvUp_ClassKnight_02","Dungeon_Popup","Dungeon_Clover_0005","DungeonStage"
"Item_Material_SkillLvUp_ClassKnight_02_13","Item","Item_Material_SkillLvUp_ClassKnight_02","Dungeon_Popup","Dungeon_Clover_0006","DungeonStage"
"Item_Material_SkillLvUp_ClassKnight_02_14","Item","Item_Material_SkillLvUp_ClassKnight_02","Dungeon_Popup","Dungeon_Clover_0007","DungeonStage"
"Item_Material_SkillLvUp_ClassKnight_02_15","Item","Item_Material_SkillLvUp_ClassKnight_02","Dungeon_Popup","Dungeon_Clover_0008","DungeonStage"
"Item_Material_SkillLvUp_ClassKnight_02_16","Item","Item_Material_SkillLvUp_ClassKnight_02","AdventureMode_Popup","Stage_Normal_0122","AdventureStage"
"Item_Material_SkillLvUp_ClassKnight_02_17","Item","Item_Material_SkillLvUp_ClassKnight_02","AdventureMode_Popup","Stage_Normal_0130","AdventureStage"
"Item_Material_SkillLvUp_ClassKnight_02_18","Item","Item_Material_SkillLvUp_ClassKnight_02","AdventureMode_Popup","Stage_Normal_0167","AdventureStage"
"Item_Material_SkillLvUp_ClassKnight_02_19","Item","Item_Material_SkillLvUp_ClassKnight_02","AdventureMode_Popup","Stage_Normal_0175","AdventureStage"
"Item_Material_SkillLvUp_ClassKnight_02_20","Item","Item_Material_SkillLvUp_ClassKnight_02","AdventureMode_Popup","Stage_Normal_0212","AdventureStage"
"Item_Material_SkillLvUp_ClassKnight_02_21","Item","Item_Material_SkillLvUp_ClassKnight_02","AdventureMode_Popup","Stage_Normal_0220","AdventureStage"
"Item_Material_SkillLvUp_ClassKnight_03_01","Item","Item_Material_SkillLvUp_ClassKnight_03","Dungeon_Popup","Dungeon_Heart_0007","DungeonStage"
"Item_Material_SkillLvUp_ClassKnight_03_02","Item","Item_Material_SkillLvUp_ClassKnight_03","Dungeon_Popup","Dungeon_Heart_0008","DungeonStage"
"Item_Material_SkillLvUp_ClassKnight_03_03","Item","Item_Material_SkillLvUp_ClassKnight_03","Dungeon_Popup","Dungeon_Diamond_0007","DungeonStage"
"Item_Material_SkillLvUp_ClassKnight_03_04","Item","Item_Material_SkillLvUp_ClassKnight_03","Dungeon_Popup","Dungeon_Diamond_0008","DungeonStage"
"Item_Material_SkillLvUp_ClassKnight_03_05","Item","Item_Material_SkillLvUp_ClassKnight_03","Dungeon_Popup","Dungeon_Clover_0007","DungeonStage"
"Item_Material_SkillLvUp_ClassKnight_03_06","Item","Item_Material_SkillLvUp_ClassKnight_03","Dungeon_Popup","Dungeon_Clover_0008","DungeonStage"
"Item_Material_SkillLvUp_ClassKnight_03_07","Item","Item_Material_SkillLvUp_ClassKnight_03","AdventureMode_Popup","Stage_Normal_0212","AdventureStage"
"Item_Material_SkillLvUp_ClassKnight_03_08","Item","Item_Material_SkillLvUp_ClassKnight_03","AdventureMode_Popup","Stage_Normal_0220","AdventureStage"
"Item_Material_SkillLvUp_ClassKnight_03_09","Item","Item_Material_SkillLvUp_ClassKnight_03","ShopCoinDungeon_Popup","Shop_Coin_Dungeon","ShopProduct"
"Item_Material_SkillLvUp_ClassKnight_03_10","Item","Item_Material_SkillLvUp_ClassKnight_03","ShopCoinTotalWar_Popup","Shop_Coin_TotalWar","ShopProduct"
"Item_Material_SkillLvUp_ClassKnight_04_01","Item","Item_Material_SkillLvUp_ClassKnight_04","ShopCoinDungeon_Popup","Shop_Coin_Dungeon","ShopProduct"
"Item_Material_SkillLvUp_ClassKnight_04_02","Item","Item_Material_SkillLvUp_ClassKnight_04","ShopCoinTotalWar_Popup","Shop_Coin_TotalWar","ShopProduct"
"Item_Material_SkillLvUp_ClassFighter_01_01","Item","Item_Material_SkillLvUp_ClassFighter_01","Dungeon_Popup","Dungeon_Heart_0001","DungeonStage"
"Item_Material_SkillLvUp_ClassFighter_01_02","Item","Item_Material_SkillLvUp_ClassFighter_01","Dungeon_Popup","Dungeon_Heart_0002","DungeonStage"
"Item_Material_SkillLvUp_ClassFighter_01_03","Item","Item_Material_SkillLvUp_ClassFighter_01","Dungeon_Popup","Dungeon_Heart_0003","DungeonStage"
"Item_Material_SkillLvUp_ClassFighter_01_04","Item","Item_Material_SkillLvUp_ClassFighter_01","Dungeon_Popup","Dungeon_Heart_0004","DungeonStage"
"Item_Material_SkillLvUp_ClassFighter_01_05","Item","Item_Material_SkillLvUp_ClassFighter_01","Dungeon_Popup","Dungeon_Heart_0005","DungeonStage"
"Item_Material_SkillLvUp_ClassFighter_01_06","Item","Item_Material_SkillLvUp_ClassFighter_01","Dungeon_Popup","Dungeon_Heart_0006","DungeonStage"
"Item_Material_SkillLvUp_ClassFighter_01_07","Item","Item_Material_SkillLvUp_ClassFighter_01","Dungeon_Popup","Dungeon_Heart_0007","DungeonStage"
"Item_Material_SkillLvUp_ClassFighter_01_08","Item","Item_Material_SkillLvUp_ClassFighter_01","Dungeon_Popup","Dungeon_Heart_0008","DungeonStage"
"Item_Material_SkillLvUp_ClassFighter_01_09","Item","Item_Material_SkillLvUp_ClassFighter_01","Dungeon_Popup","Dungeon_Diamond_0001","DungeonStage"
"Item_Material_SkillLvUp_ClassFighter_01_10","Item","Item_Material_SkillLvUp_ClassFighter_01","Dungeon_Popup","Dungeon_Diamond_0002","DungeonStage"
"Item_Material_SkillLvUp_ClassFighter_01_11","Item","Item_Material_SkillLvUp_ClassFighter_01","Dungeon_Popup","Dungeon_Diamond_0003","DungeonStage"
"Item_Material_SkillLvUp_ClassFighter_01_12","Item","Item_Material_SkillLvUp_ClassFighter_01","Dungeon_Popup","Dungeon_Diamond_0004","DungeonStage"
"Item_Material_SkillLvUp_ClassFighter_01_13","Item","Item_Material_SkillLvUp_ClassFighter_01","Dungeon_Popup","Dungeon_Diamond_0005","DungeonStage"
"Item_Material_SkillLvUp_ClassFighter_01_14","Item","Item_Material_SkillLvUp_ClassFighter_01","Dungeon_Popup","Dungeon_Diamond_0006","DungeonStage"
"Item_Material_SkillLvUp_ClassFighter_01_15","Item","Item_Material_SkillLvUp_ClassFighter_01","Dungeon_Popup","Dungeon_Diamond_0007","DungeonStage"
"Item_Material_SkillLvUp_ClassFighter_01_16","Item","Item_Material_SkillLvUp_ClassFighter_01","Dungeon_Popup","Dungeon_Diamond_0008","DungeonStage"
"Item_Material_SkillLvUp_ClassFighter_01_17","Item","Item_Material_SkillLvUp_ClassFighter_01","Dungeon_Popup","Dungeon_Clover_0001","DungeonStage"
"Item_Material_SkillLvUp_ClassFighter_01_18","Item","Item_Material_SkillLvUp_ClassFighter_01","Dungeon_Popup","Dungeon_Clover_0002","DungeonStage"
"Item_Material_SkillLvUp_ClassFighter_01_19","Item","Item_Material_SkillLvUp_ClassFighter_01","Dungeon_Popup","Dungeon_Clover_0003","DungeonStage"
"Item_Material_SkillLvUp_ClassFighter_01_20","Item","Item_Material_SkillLvUp_ClassFighter_01","Dungeon_Popup","Dungeon_Clover_0004","DungeonStage"
"Item_Material_SkillLvUp_ClassFighter_01_21","Item","Item_Material_SkillLvUp_ClassFighter_01","Dungeon_Popup","Dungeon_Clover_0005","DungeonStage"
"Item_Material_SkillLvUp_ClassFighter_01_22","Item","Item_Material_SkillLvUp_ClassFighter_01","Dungeon_Popup","Dungeon_Clover_0006","DungeonStage"
"Item_Material_SkillLvUp_ClassFighter_01_23","Item","Item_Material_SkillLvUp_ClassFighter_01","Dungeon_Popup","Dungeon_Clover_0007","DungeonStage"
"Item_Material_SkillLvUp_ClassFighter_01_24","Item","Item_Material_SkillLvUp_ClassFighter_01","Dungeon_Popup","Dungeon_Clover_0008","DungeonStage"
"Item_Material_SkillLvUp_ClassFighter_01_25","Item","Item_Material_SkillLvUp_ClassFighter_01","AdventureMode_Popup","Stage_Normal_0018","AdventureStage"
"Item_Material_SkillLvUp_ClassFighter_01_26","Item","Item_Material_SkillLvUp_ClassFighter_01","AdventureMode_Popup","Stage_Normal_0026","AdventureStage"
"Item_Material_SkillLvUp_ClassFighter_01_27","Item","Item_Material_SkillLvUp_ClassFighter_01","AdventureMode_Popup","Stage_Normal_0078","AdventureStage"
"Item_Material_SkillLvUp_ClassFighter_01_28","Item","Item_Material_SkillLvUp_ClassFighter_01","AdventureMode_Popup","Stage_Normal_0086","AdventureStage"
"Item_Material_SkillLvUp_ClassFighter_01_29","Item","Item_Material_SkillLvUp_ClassFighter_01","AdventureMode_Popup","Stage_Normal_0123","AdventureStage"
"Item_Material_SkillLvUp_ClassFighter_01_30","Item","Item_Material_SkillLvUp_ClassFighter_01","AdventureMode_Popup","Stage_Normal_0131","AdventureStage"
"Item_Material_SkillLvUp_ClassFighter_01_31","Item","Item_Material_SkillLvUp_ClassFighter_01","AdventureMode_Popup","Stage_Normal_0168","AdventureStage"
"Item_Material_SkillLvUp_ClassFighter_01_32","Item","Item_Material_SkillLvUp_ClassFighter_01","AdventureMode_Popup","Stage_Normal_0176","AdventureStage"
"Item_Material_SkillLvUp_ClassFighter_01_33","Item","Item_Material_SkillLvUp_ClassFighter_01","AdventureMode_Popup","Stage_Normal_0213","AdventureStage"
"Item_Material_SkillLvUp_ClassFighter_01_34","Item","Item_Material_SkillLvUp_ClassFighter_01","AdventureMode_Popup","Stage_Normal_0221","AdventureStage"
"Item_Material_SkillLvUp_ClassFighter_02_01","Item","Item_Material_SkillLvUp_ClassFighter_02","Dungeon_Popup","Dungeon_Heart_0004","DungeonStage"
"Item_Material_SkillLvUp_ClassFighter_02_02","Item","Item_Material_SkillLvUp_ClassFighter_02","Dungeon_Popup","Dungeon_Heart_0005","DungeonStage"
"Item_Material_SkillLvUp_ClassFighter_02_03","Item","Item_Material_SkillLvUp_ClassFighter_02","Dungeon_Popup","Dungeon_Heart_0006","DungeonStage"
"Item_Material_SkillLvUp_ClassFighter_02_04","Item","Item_Material_SkillLvUp_ClassFighter_02","Dungeon_Popup","Dungeon_Heart_0007","DungeonStage"
"Item_Material_SkillLvUp_ClassFighter_02_05","Item","Item_Material_SkillLvUp_ClassFighter_02","Dungeon_Popup","Dungeon_Heart_0008","DungeonStage"
"Item_Material_SkillLvUp_ClassFighter_02_06","Item","Item_Material_SkillLvUp_ClassFighter_02","Dungeon_Popup","Dungeon_Diamond_0004","DungeonStage"
"Item_Material_SkillLvUp_ClassFighter_02_07","Item","Item_Material_SkillLvUp_ClassFighter_02","Dungeon_Popup","Dungeon_Diamond_0005","DungeonStage"
"Item_Material_SkillLvUp_ClassFighter_02_08","Item","Item_Material_SkillLvUp_ClassFighter_02","Dungeon_Popup","Dungeon_Diamond_0006","DungeonStage"
"Item_Material_SkillLvUp_ClassFighter_02_09","Item","Item_Material_SkillLvUp_ClassFighter_02","Dungeon_Popup","Dungeon_Diamond_0007","DungeonStage"
"Item_Material_SkillLvUp_ClassFighter_02_10","Item","Item_Material_SkillLvUp_ClassFighter_02","Dungeon_Popup","Dungeon_Diamond_0008","DungeonStage"
"Item_Material_SkillLvUp_ClassFighter_02_11","Item","Item_Material_SkillLvUp_ClassFighter_02","Dungeon_Popup","Dungeon_Clover_0004","DungeonStage"
"Item_Material_SkillLvUp_ClassFighter_02_12","Item","Item_Material_SkillLvUp_ClassFighter_02","Dungeon_Popup","Dungeon_Clover_0005","DungeonStage"
"Item_Material_SkillLvUp_ClassFighter_02_13","Item","Item_Material_SkillLvUp_ClassFighter_02","Dungeon_Popup","Dungeon_Clover_0006","DungeonStage"
"Item_Material_SkillLvUp_ClassFighter_02_14","Item","Item_Material_SkillLvUp_ClassFighter_02","Dungeon_Popup","Dungeon_Clover_0007","DungeonStage"
"Item_Material_SkillLvUp_ClassFighter_02_15","Item","Item_Material_SkillLvUp_ClassFighter_02","Dungeon_Popup","Dungeon_Clover_0008","DungeonStage"
"Item_Material_SkillLvUp_ClassFighter_02_16","Item","Item_Material_SkillLvUp_ClassFighter_02","AdventureMode_Popup","Stage_Normal_0123","AdventureStage"
"Item_Material_SkillLvUp_ClassFighter_02_17","Item","Item_Material_SkillLvUp_ClassFighter_02","AdventureMode_Popup","Stage_Normal_0131","AdventureStage"
"Item_Material_SkillLvUp_ClassFighter_02_18","Item","Item_Material_SkillLvUp_ClassFighter_02","AdventureMode_Popup","Stage_Normal_0168","AdventureStage"
"Item_Material_SkillLvUp_ClassFighter_02_19","Item","Item_Material_SkillLvUp_ClassFighter_02","AdventureMode_Popup","Stage_Normal_0176","AdventureStage"
"Item_Material_SkillLvUp_ClassFighter_02_20","Item","Item_Material_SkillLvUp_ClassFighter_02","AdventureMode_Popup","Stage_Normal_0213","AdventureStage"
"Item_Material_SkillLvUp_ClassFighter_02_21","Item","Item_Material_SkillLvUp_ClassFighter_02","AdventureMode_Popup","Stage_Normal_0221","AdventureStage"
"Item_Material_SkillLvUp_ClassFighter_03_01","Item","Item_Material_SkillLvUp_ClassFighter_03","Dungeon_Popup","Dungeon_Heart_0007","DungeonStage"
"Item_Material_SkillLvUp_ClassFighter_03_02","Item","Item_Material_SkillLvUp_ClassFighter_03","Dungeon_Popup","Dungeon_Heart_0008","DungeonStage"
"Item_Material_SkillLvUp_ClassFighter_03_03","Item","Item_Material_SkillLvUp_ClassFighter_03","Dungeon_Popup","Dungeon_Diamond_0007","DungeonStage"
"Item_Material_SkillLvUp_ClassFighter_03_04","Item","Item_Material_SkillLvUp_ClassFighter_03","Dungeon_Popup","Dungeon_Diamond_0008","DungeonStage"
"Item_Material_SkillLvUp_ClassFighter_03_05","Item","Item_Material_SkillLvUp_ClassFighter_03","Dungeon_Popup","Dungeon_Clover_0007","DungeonStage"
"Item_Material_SkillLvUp_ClassFighter_03_06","Item","Item_Material_SkillLvUp_ClassFighter_03","Dungeon_Popup","Dungeon_Clover_0008","DungeonStage"
"Item_Material_SkillLvUp_ClassFighter_03_07","Item","Item_Material_SkillLvUp_ClassFighter_03","AdventureMode_Popup","Stage_Normal_0213","AdventureStage"
"Item_Material_SkillLvUp_ClassFighter_03_08","Item","Item_Material_SkillLvUp_ClassFighter_03","AdventureMode_Popup","Stage_Normal_0221","AdventureStage"
"Item_Material_SkillLvUp_ClassFighter_03_09","Item","Item_Material_SkillLvUp_ClassFighter_03","ShopCoinDungeon_Popup","Shop_Coin_Dungeon","ShopProduct"
"Item_Material_SkillLvUp_ClassFighter_03_10","Item","Item_Material_SkillLvUp_ClassFighter_03","ShopCoinTotalWar_Popup","Shop_Coin_TotalWar","ShopProduct"
"Item_Material_SkillLvUp_ClassFighter_04_01","Item","Item_Material_SkillLvUp_ClassFighter_04","ShopCoinDungeon_Popup","Shop_Coin_Dungeon","ShopProduct"
"Item_Material_SkillLvUp_ClassFighter_04_02","Item","Item_Material_SkillLvUp_ClassFighter_04","ShopCoinTotalWar_Popup","Shop_Coin_TotalWar","ShopProduct"
"Item_Material_SkillLvUp_ClassRanger_01_01","Item","Item_Material_SkillLvUp_ClassRanger_01","Dungeon_Popup","Dungeon_Heart_0001","DungeonStage"
"Item_Material_SkillLvUp_ClassRanger_01_02","Item","Item_Material_SkillLvUp_ClassRanger_01","Dungeon_Popup","Dungeon_Heart_0002","DungeonStage"
"Item_Material_SkillLvUp_ClassRanger_01_03","Item","Item_Material_SkillLvUp_ClassRanger_01","Dungeon_Popup","Dungeon_Heart_0003","DungeonStage"
"Item_Material_SkillLvUp_ClassRanger_01_04","Item","Item_Material_SkillLvUp_ClassRanger_01","Dungeon_Popup","Dungeon_Heart_0004","DungeonStage"
"Item_Material_SkillLvUp_ClassRanger_01_05","Item","Item_Material_SkillLvUp_ClassRanger_01","Dungeon_Popup","Dungeon_Heart_0005","DungeonStage"
"Item_Material_SkillLvUp_ClassRanger_01_06","Item","Item_Material_SkillLvUp_ClassRanger_01","Dungeon_Popup","Dungeon_Heart_0006","DungeonStage"
"Item_Material_SkillLvUp_ClassRanger_01_07","Item","Item_Material_SkillLvUp_ClassRanger_01","Dungeon_Popup","Dungeon_Heart_0007","DungeonStage"
"Item_Material_SkillLvUp_ClassRanger_01_08","Item","Item_Material_SkillLvUp_ClassRanger_01","Dungeon_Popup","Dungeon_Heart_0008","DungeonStage"
"Item_Material_SkillLvUp_ClassRanger_01_09","Item","Item_Material_SkillLvUp_ClassRanger_01","Dungeon_Popup","Dungeon_Diamond_0001","DungeonStage"
"Item_Material_SkillLvUp_ClassRanger_01_10","Item","Item_Material_SkillLvUp_ClassRanger_01","Dungeon_Popup","Dungeon_Diamond_0002","DungeonStage"
"Item_Material_SkillLvUp_ClassRanger_01_11","Item","Item_Material_SkillLvUp_ClassRanger_01","Dungeon_Popup","Dungeon_Diamond_0003","DungeonStage"
"Item_Material_SkillLvUp_ClassRanger_01_12","Item","Item_Material_SkillLvUp_ClassRanger_01","Dungeon_Popup","Dungeon_Diamond_0004","DungeonStage"
"Item_Material_SkillLvUp_ClassRanger_01_13","Item","Item_Material_SkillLvUp_ClassRanger_01","Dungeon_Popup","Dungeon_Diamond_0005","DungeonStage"
"Item_Material_SkillLvUp_ClassRanger_01_14","Item","Item_Material_SkillLvUp_ClassRanger_01","Dungeon_Popup","Dungeon_Diamond_0006","DungeonStage"
"Item_Material_SkillLvUp_ClassRanger_01_15","Item","Item_Material_SkillLvUp_ClassRanger_01","Dungeon_Popup","Dungeon_Diamond_0007","DungeonStage"
"Item_Material_SkillLvUp_ClassRanger_01_16","Item","Item_Material_SkillLvUp_ClassRanger_01","Dungeon_Popup","Dungeon_Diamond_0008","DungeonStage"
"Item_Material_SkillLvUp_ClassRanger_01_17","Item","Item_Material_SkillLvUp_ClassRanger_01","Dungeon_Popup","Dungeon_Clover_0001","DungeonStage"
"Item_Material_SkillLvUp_ClassRanger_01_18","Item","Item_Material_SkillLvUp_ClassRanger_01","Dungeon_Popup","Dungeon_Clover_0002","DungeonStage"
"Item_Material_SkillLvUp_ClassRanger_01_19","Item","Item_Material_SkillLvUp_ClassRanger_01","Dungeon_Popup","Dungeon_Clover_0003","DungeonStage"
"Item_Material_SkillLvUp_ClassRanger_01_20","Item","Item_Material_SkillLvUp_ClassRanger_01","Dungeon_Popup","Dungeon_Clover_0004","DungeonStage"
"Item_Material_SkillLvUp_ClassRanger_01_21","Item","Item_Material_SkillLvUp_ClassRanger_01","Dungeon_Popup","Dungeon_Clover_0005","DungeonStage"
"Item_Material_SkillLvUp_ClassRanger_01_22","Item","Item_Material_SkillLvUp_ClassRanger_01","Dungeon_Popup","Dungeon_Clover_0006","DungeonStage"
"Item_Material_SkillLvUp_ClassRanger_01_23","Item","Item_Material_SkillLvUp_ClassRanger_01","Dungeon_Popup","Dungeon_Clover_0007","DungeonStage"
"Item_Material_SkillLvUp_ClassRanger_01_24","Item","Item_Material_SkillLvUp_ClassRanger_01","Dungeon_Popup","Dungeon_Clover_0008","DungeonStage"
"Item_Material_SkillLvUp_ClassRanger_01_25","Item","Item_Material_SkillLvUp_ClassRanger_01","AdventureMode_Popup","Stage_Normal_0019","AdventureStage"
"Item_Material_SkillLvUp_ClassRanger_01_26","Item","Item_Material_SkillLvUp_ClassRanger_01","AdventureMode_Popup","Stage_Normal_0027","AdventureStage"
"Item_Material_SkillLvUp_ClassRanger_01_27","Item","Item_Material_SkillLvUp_ClassRanger_01","AdventureMode_Popup","Stage_Normal_0079","AdventureStage"
"Item_Material_SkillLvUp_ClassRanger_01_28","Item","Item_Material_SkillLvUp_ClassRanger_01","AdventureMode_Popup","Stage_Normal_0087","AdventureStage"
"Item_Material_SkillLvUp_ClassRanger_01_29","Item","Item_Material_SkillLvUp_ClassRanger_01","AdventureMode_Popup","Stage_Normal_0124","AdventureStage"
"Item_Material_SkillLvUp_ClassRanger_01_30","Item","Item_Material_SkillLvUp_ClassRanger_01","AdventureMode_Popup","Stage_Normal_0132","AdventureStage"
"Item_Material_SkillLvUp_ClassRanger_01_31","Item","Item_Material_SkillLvUp_ClassRanger_01","AdventureMode_Popup","Stage_Normal_0169","AdventureStage"
"Item_Material_SkillLvUp_ClassRanger_01_32","Item","Item_Material_SkillLvUp_ClassRanger_01","AdventureMode_Popup","Stage_Normal_0177","AdventureStage"
"Item_Material_SkillLvUp_ClassRanger_01_33","Item","Item_Material_SkillLvUp_ClassRanger_01","AdventureMode_Popup","Stage_Normal_0214","AdventureStage"
"Item_Material_SkillLvUp_ClassRanger_01_34","Item","Item_Material_SkillLvUp_ClassRanger_01","AdventureMode_Popup","Stage_Normal_0222","AdventureStage"
"Item_Material_SkillLvUp_ClassRanger_02_01","Item","Item_Material_SkillLvUp_ClassRanger_02","Dungeon_Popup","Dungeon_Heart_0004","DungeonStage"
"Item_Material_SkillLvUp_ClassRanger_02_02","Item","Item_Material_SkillLvUp_ClassRanger_02","Dungeon_Popup","Dungeon_Heart_0005","DungeonStage"
"Item_Material_SkillLvUp_ClassRanger_02_03","Item","Item_Material_SkillLvUp_ClassRanger_02","Dungeon_Popup","Dungeon_Heart_0006","DungeonStage"
"Item_Material_SkillLvUp_ClassRanger_02_04","Item","Item_Material_SkillLvUp_ClassRanger_02","Dungeon_Popup","Dungeon_Heart_0007","DungeonStage"
"Item_Material_SkillLvUp_ClassRanger_02_05","Item","Item_Material_SkillLvUp_ClassRanger_02","Dungeon_Popup","Dungeon_Heart_0008","DungeonStage"
"Item_Material_SkillLvUp_ClassRanger_02_06","Item","Item_Material_SkillLvUp_ClassRanger_02","Dungeon_Popup","Dungeon_Diamond_0004","DungeonStage"
"Item_Material_SkillLvUp_ClassRanger_02_07","Item","Item_Material_SkillLvUp_ClassRanger_02","Dungeon_Popup","Dungeon_Diamond_0005","DungeonStage"
"Item_Material_SkillLvUp_ClassRanger_02_08","Item","Item_Material_SkillLvUp_ClassRanger_02","Dungeon_Popup","Dungeon_Diamond_0006","DungeonStage"
"Item_Material_SkillLvUp_ClassRanger_02_09","Item","Item_Material_SkillLvUp_ClassRanger_02","Dungeon_Popup","Dungeon_Diamond_0007","DungeonStage"
"Item_Material_SkillLvUp_ClassRanger_02_10","Item","Item_Material_SkillLvUp_ClassRanger_02","Dungeon_Popup","Dungeon_Diamond_0008","DungeonStage"
"Item_Material_SkillLvUp_ClassRanger_02_11","Item","Item_Material_SkillLvUp_ClassRanger_02","Dungeon_Popup","Dungeon_Clover_0004","DungeonStage"
"Item_Material_SkillLvUp_ClassRanger_02_12","Item","Item_Material_SkillLvUp_ClassRanger_02","Dungeon_Popup","Dungeon_Clover_0005","DungeonStage"
"Item_Material_SkillLvUp_ClassRanger_02_13","Item","Item_Material_SkillLvUp_ClassRanger_02","Dungeon_Popup","Dungeon_Clover_0006","DungeonStage"
"Item_Material_SkillLvUp_ClassRanger_02_14","Item","Item_Material_SkillLvUp_ClassRanger_02","Dungeon_Popup","Dungeon_Clover_0007","DungeonStage"
"Item_Material_SkillLvUp_ClassRanger_02_15","Item","Item_Material_SkillLvUp_ClassRanger_02","Dungeon_Popup","Dungeon_Clover_0008","DungeonStage"
"Item_Material_SkillLvUp_ClassRanger_02_16","Item","Item_Material_SkillLvUp_ClassRanger_02","AdventureMode_Popup","Stage_Normal_0124","AdventureStage"
"Item_Material_SkillLvUp_ClassRanger_02_17","Item","Item_Material_SkillLvUp_ClassRanger_02","AdventureMode_Popup","Stage_Normal_0132","AdventureStage"
"Item_Material_SkillLvUp_ClassRanger_02_18","Item","Item_Material_SkillLvUp_ClassRanger_02","AdventureMode_Popup","Stage_Normal_0169","AdventureStage"
"Item_Material_SkillLvUp_ClassRanger_02_19","Item","Item_Material_SkillLvUp_ClassRanger_02","AdventureMode_Popup","Stage_Normal_0177","AdventureStage"
"Item_Material_SkillLvUp_ClassRanger_02_20","Item","Item_Material_SkillLvUp_ClassRanger_02","AdventureMode_Popup","Stage_Normal_0214","AdventureStage"
"Item_Material_SkillLvUp_ClassRanger_02_21","Item","Item_Material_SkillLvUp_ClassRanger_02","AdventureMode_Popup","Stage_Normal_0222","AdventureStage"
"Item_Material_SkillLvUp_ClassRanger_03_01","Item","Item_Material_SkillLvUp_ClassRanger_03","Dungeon_Popup","Dungeon_Heart_0007","DungeonStage"
"Item_Material_SkillLvUp_ClassRanger_03_02","Item","Item_Material_SkillLvUp_ClassRanger_03","Dungeon_Popup","Dungeon_Heart_0008","DungeonStage"
"Item_Material_SkillLvUp_ClassRanger_03_03","Item","Item_Material_SkillLvUp_ClassRanger_03","Dungeon_Popup","Dungeon_Diamond_0007","DungeonStage"
"Item_Material_SkillLvUp_ClassRanger_03_04","Item","Item_Material_SkillLvUp_ClassRanger_03","Dungeon_Popup","Dungeon_Diamond_0008","DungeonStage"
"Item_Material_SkillLvUp_ClassRanger_03_05","Item","Item_Material_SkillLvUp_ClassRanger_03","Dungeon_Popup","Dungeon_Clover_0007","DungeonStage"
"Item_Material_SkillLvUp_ClassRanger_03_06","Item","Item_Material_SkillLvUp_ClassRanger_03","Dungeon_Popup","Dungeon_Clover_0008","DungeonStage"
"Item_Material_SkillLvUp_ClassRanger_03_07","Item","Item_Material_SkillLvUp_ClassRanger_03","AdventureMode_Popup","Stage_Normal_0214","AdventureStage"
"Item_Material_SkillLvUp_ClassRanger_03_08","Item","Item_Material_SkillLvUp_ClassRanger_03","AdventureMode_Popup","Stage_Normal_0222","AdventureStage"
"Item_Material_SkillLvUp_ClassRanger_03_09","Item","Item_Material_SkillLvUp_ClassRanger_03","ShopCoinDungeon_Popup","Shop_Coin_Dungeon","ShopProduct"
"Item_Material_SkillLvUp_ClassRanger_03_10","Item","Item_Material_SkillLvUp_ClassRanger_03","ShopCoinTotalWar_Popup","Shop_Coin_TotalWar","ShopProduct"
"Item_Material_SkillLvUp_ClassRanger_04_01","Item","Item_Material_SkillLvUp_ClassRanger_04","ShopCoinDungeon_Popup","Shop_Coin_Dungeon","ShopProduct"
"Item_Material_SkillLvUp_ClassRanger_04_02","Item","Item_Material_SkillLvUp_ClassRanger_04","ShopCoinTotalWar_Popup","Shop_Coin_TotalWar","ShopProduct"
"Item_Material_SkillLvUp_ClassSorcerer_01_01","Item","Item_Material_SkillLvUp_ClassSorcerer_01","Dungeon_Popup","Dungeon_Heart_0001","DungeonStage"
"Item_Material_SkillLvUp_ClassSorcerer_01_02","Item","Item_Material_SkillLvUp_ClassSorcerer_01","Dungeon_Popup","Dungeon_Heart_0002","DungeonStage"
"Item_Material_SkillLvUp_ClassSorcerer_01_03","Item","Item_Material_SkillLvUp_ClassSorcerer_01","Dungeon_Popup","Dungeon_Heart_0003","DungeonStage"
"Item_Material_SkillLvUp_ClassSorcerer_01_04","Item","Item_Material_SkillLvUp_ClassSorcerer_01","Dungeon_Popup","Dungeon_Heart_0004","DungeonStage"
"Item_Material_SkillLvUp_ClassSorcerer_01_05","Item","Item_Material_SkillLvUp_ClassSorcerer_01","Dungeon_Popup","Dungeon_Heart_0005","DungeonStage"
"Item_Material_SkillLvUp_ClassSorcerer_01_06","Item","Item_Material_SkillLvUp_ClassSorcerer_01","Dungeon_Popup","Dungeon_Heart_0006","DungeonStage"
"Item_Material_SkillLvUp_ClassSorcerer_01_07","Item","Item_Material_SkillLvUp_ClassSorcerer_01","Dungeon_Popup","Dungeon_Heart_0007","DungeonStage"
"Item_Material_SkillLvUp_ClassSorcerer_01_08","Item","Item_Material_SkillLvUp_ClassSorcerer_01","Dungeon_Popup","Dungeon_Heart_0008","DungeonStage"
"Item_Material_SkillLvUp_ClassSorcerer_01_09","Item","Item_Material_SkillLvUp_ClassSorcerer_01","Dungeon_Popup","Dungeon_Diamond_0001","DungeonStage"
"Item_Material_SkillLvUp_ClassSorcerer_01_10","Item","Item_Material_SkillLvUp_ClassSorcerer_01","Dungeon_Popup","Dungeon_Diamond_0002","DungeonStage"
"Item_Material_SkillLvUp_ClassSorcerer_01_11","Item","Item_Material_SkillLvUp_ClassSorcerer_01","Dungeon_Popup","Dungeon_Diamond_0003","DungeonStage"
"Item_Material_SkillLvUp_ClassSorcerer_01_12","Item","Item_Material_SkillLvUp_ClassSorcerer_01","Dungeon_Popup","Dungeon_Diamond_0004","DungeonStage"
"Item_Material_SkillLvUp_ClassSorcerer_01_13","Item","Item_Material_SkillLvUp_ClassSorcerer_01","Dungeon_Popup","Dungeon_Diamond_0005","DungeonStage"
"Item_Material_SkillLvUp_ClassSorcerer_01_14","Item","Item_Material_SkillLvUp_ClassSorcerer_01","Dungeon_Popup","Dungeon_Diamond_0006","DungeonStage"
"Item_Material_SkillLvUp_ClassSorcerer_01_15","Item","Item_Material_SkillLvUp_ClassSorcerer_01","Dungeon_Popup","Dungeon_Diamond_0007","DungeonStage"
"Item_Material_SkillLvUp_ClassSorcerer_01_16","Item","Item_Material_SkillLvUp_ClassSorcerer_01","Dungeon_Popup","Dungeon_Diamond_0008","DungeonStage"
"Item_Material_SkillLvUp_ClassSorcerer_01_17","Item","Item_Material_SkillLvUp_ClassSorcerer_01","Dungeon_Popup","Dungeon_Clover_0001","DungeonStage"
"Item_Material_SkillLvUp_ClassSorcerer_01_18","Item","Item_Material_SkillLvUp_ClassSorcerer_01","Dungeon_Popup","Dungeon_Clover_0002","DungeonStage"
"Item_Material_SkillLvUp_ClassSorcerer_01_19","Item","Item_Material_SkillLvUp_ClassSorcerer_01","Dungeon_Popup","Dungeon_Clover_0003","DungeonStage"
"Item_Material_SkillLvUp_ClassSorcerer_01_20","Item","Item_Material_SkillLvUp_ClassSorcerer_01","Dungeon_Popup","Dungeon_Clover_0004","DungeonStage"
"Item_Material_SkillLvUp_ClassSorcerer_01_21","Item","Item_Material_SkillLvUp_ClassSorcerer_01","Dungeon_Popup","Dungeon_Clover_0005","DungeonStage"
"Item_Material_SkillLvUp_ClassSorcerer_01_22","Item","Item_Material_SkillLvUp_ClassSorcerer_01","Dungeon_Popup","Dungeon_Clover_0006","DungeonStage"
"Item_Material_SkillLvUp_ClassSorcerer_01_23","Item","Item_Material_SkillLvUp_ClassSorcerer_01","Dungeon_Popup","Dungeon_Clover_0007","DungeonStage"
"Item_Material_SkillLvUp_ClassSorcerer_01_24","Item","Item_Material_SkillLvUp_ClassSorcerer_01","Dungeon_Popup","Dungeon_Clover_0008","DungeonStage"
"Item_Material_SkillLvUp_ClassSorcerer_01_25","Item","Item_Material_SkillLvUp_ClassSorcerer_01","AdventureMode_Popup","Stage_Normal_0020","AdventureStage"
"Item_Material_SkillLvUp_ClassSorcerer_01_26","Item","Item_Material_SkillLvUp_ClassSorcerer_01","AdventureMode_Popup","Stage_Normal_0028","AdventureStage"
"Item_Material_SkillLvUp_ClassSorcerer_01_27","Item","Item_Material_SkillLvUp_ClassSorcerer_01","AdventureMode_Popup","Stage_Normal_0080","AdventureStage"
"Item_Material_SkillLvUp_ClassSorcerer_01_28","Item","Item_Material_SkillLvUp_ClassSorcerer_01","AdventureMode_Popup","Stage_Normal_0088","AdventureStage"
"Item_Material_SkillLvUp_ClassSorcerer_01_29","Item","Item_Material_SkillLvUp_ClassSorcerer_01","AdventureMode_Popup","Stage_Normal_0125","AdventureStage"
"Item_Material_SkillLvUp_ClassSorcerer_01_30","Item","Item_Material_SkillLvUp_ClassSorcerer_01","AdventureMode_Popup","Stage_Normal_0133","AdventureStage"
"Item_Material_SkillLvUp_ClassSorcerer_01_31","Item","Item_Material_SkillLvUp_ClassSorcerer_01","AdventureMode_Popup","Stage_Normal_0170","AdventureStage"
"Item_Material_SkillLvUp_ClassSorcerer_01_32","Item","Item_Material_SkillLvUp_ClassSorcerer_01","AdventureMode_Popup","Stage_Normal_0178","AdventureStage"
"Item_Material_SkillLvUp_ClassSorcerer_01_33","Item","Item_Material_SkillLvUp_ClassSorcerer_01","AdventureMode_Popup","Stage_Normal_0215","AdventureStage"
"Item_Material_SkillLvUp_ClassSorcerer_01_34","Item","Item_Material_SkillLvUp_ClassSorcerer_01","AdventureMode_Popup","Stage_Normal_0223","AdventureStage"
"Item_Material_SkillLvUp_ClassSorcerer_02_01","Item","Item_Material_SkillLvUp_ClassSorcerer_02","Dungeon_Popup","Dungeon_Heart_0004","DungeonStage"
"Item_Material_SkillLvUp_ClassSorcerer_02_02","Item","Item_Material_SkillLvUp_ClassSorcerer_02","Dungeon_Popup","Dungeon_Heart_0005","DungeonStage"
"Item_Material_SkillLvUp_ClassSorcerer_02_03","Item","Item_Material_SkillLvUp_ClassSorcerer_02","Dungeon_Popup","Dungeon_Heart_0006","DungeonStage"
"Item_Material_SkillLvUp_ClassSorcerer_02_04","Item","Item_Material_SkillLvUp_ClassSorcerer_02","Dungeon_Popup","Dungeon_Heart_0007","DungeonStage"
"Item_Material_SkillLvUp_ClassSorcerer_02_05","Item","Item_Material_SkillLvUp_ClassSorcerer_02","Dungeon_Popup","Dungeon_Heart_0008","DungeonStage"
"Item_Material_SkillLvUp_ClassSorcerer_02_06","Item","Item_Material_SkillLvUp_ClassSorcerer_02","Dungeon_Popup","Dungeon_Diamond_0004","DungeonStage"
"Item_Material_SkillLvUp_ClassSorcerer_02_07","Item","Item_Material_SkillLvUp_ClassSorcerer_02","Dungeon_Popup","Dungeon_Diamond_0005","DungeonStage"
"Item_Material_SkillLvUp_ClassSorcerer_02_08","Item","Item_Material_SkillLvUp_ClassSorcerer_02","Dungeon_Popup","Dungeon_Diamond_0006","DungeonStage"
"Item_Material_SkillLvUp_ClassSorcerer_02_09","Item","Item_Material_SkillLvUp_ClassSorcerer_02","Dungeon_Popup","Dungeon_Diamond_0007","DungeonStage"
"Item_Material_SkillLvUp_ClassSorcerer_02_10","Item","Item_Material_SkillLvUp_ClassSorcerer_02","Dungeon_Popup","Dungeon_Diamond_0008","DungeonStage"
"Item_Material_SkillLvUp_ClassSorcerer_02_11","Item","Item_Material_SkillLvUp_ClassSorcerer_02","Dungeon_Popup","Dungeon_Clover_0004","DungeonStage"
"Item_Material_SkillLvUp_ClassSorcerer_02_12","Item","Item_Material_SkillLvUp_ClassSorcerer_02","Dungeon_Popup","Dungeon_Clover_0005","DungeonStage"
"Item_Material_SkillLvUp_ClassSorcerer_02_13","Item","Item_Material_SkillLvUp_ClassSorcerer_02","Dungeon_Popup","Dungeon_Clover_0006","DungeonStage"
"Item_Material_SkillLvUp_ClassSorcerer_02_14","Item","Item_Material_SkillLvUp_ClassSorcerer_02","Dungeon_Popup","Dungeon_Clover_0007","DungeonStage"
"Item_Material_SkillLvUp_ClassSorcerer_02_15","Item","Item_Material_SkillLvUp_ClassSorcerer_02","Dungeon_Popup","Dungeon_Clover_0008","DungeonStage"
"Item_Material_SkillLvUp_ClassSorcerer_02_16","Item","Item_Material_SkillLvUp_ClassSorcerer_02","AdventureMode_Popup","Stage_Normal_0125","AdventureStage"
"Item_Material_SkillLvUp_ClassSorcerer_02_17","Item","Item_Material_SkillLvUp_ClassSorcerer_02","AdventureMode_Popup","Stage_Normal_0133","AdventureStage"
"Item_Material_SkillLvUp_ClassSorcerer_02_18","Item","Item_Material_SkillLvUp_ClassSorcerer_02","AdventureMode_Popup","Stage_Normal_0170","AdventureStage"
"Item_Material_SkillLvUp_ClassSorcerer_02_19","Item","Item_Material_SkillLvUp_ClassSorcerer_02","AdventureMode_Popup","Stage_Normal_0178","AdventureStage"
"Item_Material_SkillLvUp_ClassSorcerer_02_20","Item","Item_Material_SkillLvUp_ClassSorcerer_02","AdventureMode_Popup","Stage_Normal_0215","AdventureStage"
"Item_Material_SkillLvUp_ClassSorcerer_02_21","Item","Item_Material_SkillLvUp_ClassSorcerer_02","AdventureMode_Popup","Stage_Normal_0223","AdventureStage"
"Item_Material_SkillLvUp_ClassSorcerer_03_01","Item","Item_Material_SkillLvUp_ClassSorcerer_03","Dungeon_Popup","Dungeon_Heart_0007","DungeonStage"
"Item_Material_SkillLvUp_ClassSorcerer_03_02","Item","Item_Material_SkillLvUp_ClassSorcerer_03","Dungeon_Popup","Dungeon_Heart_0007","DungeonStage"
"Item_Material_SkillLvUp_ClassSorcerer_03_03","Item","Item_Material_SkillLvUp_ClassSorcerer_03","Dungeon_Popup","Dungeon_Diamond_0007","DungeonStage"
"Item_Material_SkillLvUp_ClassSorcerer_03_04","Item","Item_Material_SkillLvUp_ClassSorcerer_03","Dungeon_Popup","Dungeon_Diamond_0007","DungeonStage"
"Item_Material_SkillLvUp_ClassSorcerer_03_05","Item","Item_Material_SkillLvUp_ClassSorcerer_03","Dungeon_Popup","Dungeon_Clover_0007","DungeonStage"
"Item_Material_SkillLvUp_ClassSorcerer_03_06","Item","Item_Material_SkillLvUp_ClassSorcerer_03","Dungeon_Popup","Dungeon_Clover_0007","DungeonStage"
"Item_Material_SkillLvUp_ClassSorcerer_03_07","Item","Item_Material_SkillLvUp_ClassSorcerer_03","AdventureMode_Popup","Stage_Normal_0215","AdventureStage"
"Item_Material_SkillLvUp_ClassSorcerer_03_08","Item","Item_Material_SkillLvUp_ClassSorcerer_03","AdventureMode_Popup","Stage_Normal_0223","AdventureStage"
"Item_Material_SkillLvUp_ClassSorcerer_03_09","Item","Item_Material_SkillLvUp_ClassSorcerer_03","ShopCoinDungeon_Popup","Shop_Coin_Dungeon","ShopProduct"
"Item_Material_SkillLvUp_ClassSorcerer_03_10","Item","Item_Material_SkillLvUp_ClassSorcerer_03","ShopCoinTotalWar_Popup","Shop_Coin_TotalWar","ShopProduct"
"Item_Material_SkillLvUp_ClassSorcerer_04_01","Item","Item_Material_SkillLvUp_ClassSorcerer_04","ShopCoinDungeon_Popup","Shop_Coin_Dungeon","ShopProduct"
"Item_Material_SkillLvUp_ClassSorcerer_04_02","Item","Item_Material_SkillLvUp_ClassSorcerer_04","ShopCoinTotalWar_Popup","Shop_Coin_TotalWar","ShopProduct"
"Item_Material_SkillLvUp_ClassShooter_01_01","Item","Item_Material_SkillLvUp_ClassShooter_01","Dungeon_Popup","Dungeon_Heart_0001","DungeonStage"
"Item_Material_SkillLvUp_ClassShooter_01_02","Item","Item_Material_SkillLvUp_ClassShooter_01","Dungeon_Popup","Dungeon_Heart_0002","DungeonStage"
"Item_Material_SkillLvUp_ClassShooter_01_03","Item","Item_Material_SkillLvUp_ClassShooter_01","Dungeon_Popup","Dungeon_Heart_0003","DungeonStage"
"Item_Material_SkillLvUp_ClassShooter_01_04","Item","Item_Material_SkillLvUp_ClassShooter_01","Dungeon_Popup","Dungeon_Heart_0004","DungeonStage"
"Item_Material_SkillLvUp_ClassShooter_01_05","Item","Item_Material_SkillLvUp_ClassShooter_01","Dungeon_Popup","Dungeon_Heart_0005","DungeonStage"
"Item_Material_SkillLvUp_ClassShooter_01_06","Item","Item_Material_SkillLvUp_ClassShooter_01","Dungeon_Popup","Dungeon_Heart_0006","DungeonStage"
"Item_Material_SkillLvUp_ClassShooter_01_07","Item","Item_Material_SkillLvUp_ClassShooter_01","Dungeon_Popup","Dungeon_Heart_0007","DungeonStage"
"Item_Material_SkillLvUp_ClassShooter_01_08","Item","Item_Material_SkillLvUp_ClassShooter_01","Dungeon_Popup","Dungeon_Heart_0008","DungeonStage"
"Item_Material_SkillLvUp_ClassShooter_01_09","Item","Item_Material_SkillLvUp_ClassShooter_01","Dungeon_Popup","Dungeon_Diamond_0001","DungeonStage"
"Item_Material_SkillLvUp_ClassShooter_01_10","Item","Item_Material_SkillLvUp_ClassShooter_01","Dungeon_Popup","Dungeon_Diamond_0002","DungeonStage"
"Item_Material_SkillLvUp_ClassShooter_01_11","Item","Item_Material_SkillLvUp_ClassShooter_01","Dungeon_Popup","Dungeon_Diamond_0003","DungeonStage"
"Item_Material_SkillLvUp_ClassShooter_01_12","Item","Item_Material_SkillLvUp_ClassShooter_01","Dungeon_Popup","Dungeon_Diamond_0004","DungeonStage"
"Item_Material_SkillLvUp_ClassShooter_01_13","Item","Item_Material_SkillLvUp_ClassShooter_01","Dungeon_Popup","Dungeon_Diamond_0005","DungeonStage"
"Item_Material_SkillLvUp_ClassShooter_01_14","Item","Item_Material_SkillLvUp_ClassShooter_01","Dungeon_Popup","Dungeon_Diamond_0006","DungeonStage"
"Item_Material_SkillLvUp_ClassShooter_01_15","Item","Item_Material_SkillLvUp_ClassShooter_01","Dungeon_Popup","Dungeon_Diamond_0007","DungeonStage"
"Item_Material_SkillLvUp_ClassShooter_01_16","Item","Item_Material_SkillLvUp_ClassShooter_01","Dungeon_Popup","Dungeon_Diamond_0008","DungeonStage"
"Item_Material_SkillLvUp_ClassShooter_01_17","Item","Item_Material_SkillLvUp_ClassShooter_01","Dungeon_Popup","Dungeon_Clover_0001","DungeonStage"
"Item_Material_SkillLvUp_ClassShooter_01_18","Item","Item_Material_SkillLvUp_ClassShooter_01","Dungeon_Popup","Dungeon_Clover_0002","DungeonStage"
"Item_Material_SkillLvUp_ClassShooter_01_19","Item","Item_Material_SkillLvUp_ClassShooter_01","Dungeon_Popup","Dungeon_Clover_0003","DungeonStage"
"Item_Material_SkillLvUp_ClassShooter_01_20","Item","Item_Material_SkillLvUp_ClassShooter_01","Dungeon_Popup","Dungeon_Clover_0004","DungeonStage"
"Item_Material_SkillLvUp_ClassShooter_01_21","Item","Item_Material_SkillLvUp_ClassShooter_01","Dungeon_Popup","Dungeon_Clover_0005","DungeonStage"
"Item_Material_SkillLvUp_ClassShooter_01_22","Item","Item_Material_SkillLvUp_ClassShooter_01","Dungeon_Popup","Dungeon_Clover_0006","DungeonStage"
"Item_Material_SkillLvUp_ClassShooter_01_23","Item","Item_Material_SkillLvUp_ClassShooter_01","Dungeon_Popup","Dungeon_Clover_0007","DungeonStage"
"Item_Material_SkillLvUp_ClassShooter_01_24","Item","Item_Material_SkillLvUp_ClassShooter_01","Dungeon_Popup","Dungeon_Clover_0008","DungeonStage"
"Item_Material_SkillLvUp_ClassShooter_01_25","Item","Item_Material_SkillLvUp_ClassShooter_01","AdventureMode_Popup","Stage_Normal_0022","AdventureStage"
"Item_Material_SkillLvUp_ClassShooter_01_26","Item","Item_Material_SkillLvUp_ClassShooter_01","AdventureMode_Popup","Stage_Normal_0030","AdventureStage"
"Item_Material_SkillLvUp_ClassShooter_01_27","Item","Item_Material_SkillLvUp_ClassShooter_01","AdventureMode_Popup","Stage_Normal_0082","AdventureStage"
"Item_Material_SkillLvUp_ClassShooter_01_28","Item","Item_Material_SkillLvUp_ClassShooter_01","AdventureMode_Popup","Stage_Normal_0090","AdventureStage"
"Item_Material_SkillLvUp_ClassShooter_01_29","Item","Item_Material_SkillLvUp_ClassShooter_01","AdventureMode_Popup","Stage_Normal_0127","AdventureStage"
"Item_Material_SkillLvUp_ClassShooter_01_30","Item","Item_Material_SkillLvUp_ClassShooter_01","AdventureMode_Popup","Stage_Normal_0135","AdventureStage"
"Item_Material_SkillLvUp_ClassShooter_01_31","Item","Item_Material_SkillLvUp_ClassShooter_01","AdventureMode_Popup","Stage_Normal_0172","AdventureStage"
"Item_Material_SkillLvUp_ClassShooter_01_32","Item","Item_Material_SkillLvUp_ClassShooter_01","AdventureMode_Popup","Stage_Normal_0180","AdventureStage"
"Item_Material_SkillLvUp_ClassShooter_01_33","Item","Item_Material_SkillLvUp_ClassShooter_01","AdventureMode_Popup","Stage_Normal_0217","AdventureStage"
"Item_Material_SkillLvUp_ClassShooter_01_34","Item","Item_Material_SkillLvUp_ClassShooter_01","AdventureMode_Popup","Stage_Normal_0225","AdventureStage"
"Item_Material_SkillLvUp_ClassShooter_02_01","Item","Item_Material_SkillLvUp_ClassShooter_02","Dungeon_Popup","Dungeon_Heart_0004","DungeonStage"
"Item_Material_SkillLvUp_ClassShooter_02_02","Item","Item_Material_SkillLvUp_ClassShooter_02","Dungeon_Popup","Dungeon_Heart_0005","DungeonStage"
"Item_Material_SkillLvUp_ClassShooter_02_03","Item","Item_Material_SkillLvUp_ClassShooter_02","Dungeon_Popup","Dungeon_Heart_0006","DungeonStage"
"Item_Material_SkillLvUp_ClassShooter_02_04","Item","Item_Material_SkillLvUp_ClassShooter_02","Dungeon_Popup","Dungeon_Heart_0007","DungeonStage"
"Item_Material_SkillLvUp_ClassShooter_02_05","Item","Item_Material_SkillLvUp_ClassShooter_02","Dungeon_Popup","Dungeon_Heart_0008","DungeonStage"
"Item_Material_SkillLvUp_ClassShooter_02_06","Item","Item_Material_SkillLvUp_ClassShooter_02","Dungeon_Popup","Dungeon_Diamond_0004","DungeonStage"
"Item_Material_SkillLvUp_ClassShooter_02_07","Item","Item_Material_SkillLvUp_ClassShooter_02","Dungeon_Popup","Dungeon_Diamond_0005","DungeonStage"
"Item_Material_SkillLvUp_ClassShooter_02_08","Item","Item_Material_SkillLvUp_ClassShooter_02","Dungeon_Popup","Dungeon_Diamond_0006","DungeonStage"
"Item_Material_SkillLvUp_ClassShooter_02_09","Item","Item_Material_SkillLvUp_ClassShooter_02","Dungeon_Popup","Dungeon_Diamond_0007","DungeonStage"
"Item_Material_SkillLvUp_ClassShooter_02_10","Item","Item_Material_SkillLvUp_ClassShooter_02","Dungeon_Popup","Dungeon_Diamond_0008","DungeonStage"
"Item_Material_SkillLvUp_ClassShooter_02_11","Item","Item_Material_SkillLvUp_ClassShooter_02","Dungeon_Popup","Dungeon_Clover_0004","DungeonStage"
"Item_Material_SkillLvUp_ClassShooter_02_12","Item","Item_Material_SkillLvUp_ClassShooter_02","Dungeon_Popup","Dungeon_Clover_0005","DungeonStage"
"Item_Material_SkillLvUp_ClassShooter_02_13","Item","Item_Material_SkillLvUp_ClassShooter_02","Dungeon_Popup","Dungeon_Clover_0006","DungeonStage"
"Item_Material_SkillLvUp_ClassShooter_02_14","Item","Item_Material_SkillLvUp_ClassShooter_02","Dungeon_Popup","Dungeon_Clover_0007","DungeonStage"
"Item_Material_SkillLvUp_ClassShooter_02_15","Item","Item_Material_SkillLvUp_ClassShooter_02","Dungeon_Popup","Dungeon_Clover_0008","DungeonStage"
"Item_Material_SkillLvUp_ClassShooter_02_16","Item","Item_Material_SkillLvUp_ClassShooter_02","AdventureMode_Popup","Stage_Normal_0127","AdventureStage"
"Item_Material_SkillLvUp_ClassShooter_02_17","Item","Item_Material_SkillLvUp_ClassShooter_02","AdventureMode_Popup","Stage_Normal_0135","AdventureStage"
"Item_Material_SkillLvUp_ClassShooter_02_18","Item","Item_Material_SkillLvUp_ClassShooter_02","AdventureMode_Popup","Stage_Normal_0172","AdventureStage"
"Item_Material_SkillLvUp_ClassShooter_02_19","Item","Item_Material_SkillLvUp_ClassShooter_02","AdventureMode_Popup","Stage_Normal_0180","AdventureStage"
"Item_Material_SkillLvUp_ClassShooter_02_20","Item","Item_Material_SkillLvUp_ClassShooter_02","AdventureMode_Popup","Stage_Normal_0217","AdventureStage"
"Item_Material_SkillLvUp_ClassShooter_02_21","Item","Item_Material_SkillLvUp_ClassShooter_02","AdventureMode_Popup","Stage_Normal_0225","AdventureStage"
"Item_Material_SkillLvUp_ClassShooter_03_01","Item","Item_Material_SkillLvUp_ClassShooter_03","Dungeon_Popup","Dungeon_Heart_0007","DungeonStage"
"Item_Material_SkillLvUp_ClassShooter_03_02","Item","Item_Material_SkillLvUp_ClassShooter_03","Dungeon_Popup","Dungeon_Heart_0008","DungeonStage"
"Item_Material_SkillLvUp_ClassShooter_03_03","Item","Item_Material_SkillLvUp_ClassShooter_03","Dungeon_Popup","Dungeon_Diamond_0007","DungeonStage"
"Item_Material_SkillLvUp_ClassShooter_03_04","Item","Item_Material_SkillLvUp_ClassShooter_03","Dungeon_Popup","Dungeon_Diamond_0008","DungeonStage"
"Item_Material_SkillLvUp_ClassShooter_03_05","Item","Item_Material_SkillLvUp_ClassShooter_03","Dungeon_Popup","Dungeon_Clover_0007","DungeonStage"
"Item_Material_SkillLvUp_ClassShooter_03_06","Item","Item_Material_SkillLvUp_ClassShooter_03","Dungeon_Popup","Dungeon_Clover_0008","DungeonStage"
"Item_Material_SkillLvUp_ClassShooter_03_07","Item","Item_Material_SkillLvUp_ClassShooter_03","AdventureMode_Popup","Stage_Normal_0217","AdventureStage"
"Item_Material_SkillLvUp_ClassShooter_03_08","Item","Item_Material_SkillLvUp_ClassShooter_03","AdventureMode_Popup","Stage_Normal_0225","AdventureStage"
"Item_Material_SkillLvUp_ClassShooter_03_09","Item","Item_Material_SkillLvUp_ClassShooter_03","ShopCoinDungeon_Popup","Shop_Coin_Dungeon","ShopProduct"
"Item_Material_SkillLvUp_ClassShooter_03_10","Item","Item_Material_SkillLvUp_ClassShooter_03","ShopCoinTotalWar_Popup","Shop_Coin_TotalWar","ShopProduct"
"Item_Material_SkillLvUp_ClassShooter_04_01","Item","Item_Material_SkillLvUp_ClassShooter_04","ShopCoinDungeon_Popup","Shop_Coin_Dungeon","ShopProduct"
"Item_Material_SkillLvUp_ClassShooter_04_02","Item","Item_Material_SkillLvUp_ClassShooter_04","ShopCoinTotalWar_Popup","Shop_Coin_TotalWar","ShopProduct"
"Item_Material_SkillLvUp_ClassMage_01_01","Item","Item_Material_SkillLvUp_ClassMage_01","Dungeon_Popup","Dungeon_Heart_0001","DungeonStage"
"Item_Material_SkillLvUp_ClassMage_01_02","Item","Item_Material_SkillLvUp_ClassMage_01","Dungeon_Popup","Dungeon_Heart_0002","DungeonStage"
"Item_Material_SkillLvUp_ClassMage_01_03","Item","Item_Material_SkillLvUp_ClassMage_01","Dungeon_Popup","Dungeon_Heart_0003","DungeonStage"
"Item_Material_SkillLvUp_ClassMage_01_04","Item","Item_Material_SkillLvUp_ClassMage_01","Dungeon_Popup","Dungeon_Heart_0004","DungeonStage"
"Item_Material_SkillLvUp_ClassMage_01_05","Item","Item_Material_SkillLvUp_ClassMage_01","Dungeon_Popup","Dungeon_Heart_0005","DungeonStage"
"Item_Material_SkillLvUp_ClassMage_01_06","Item","Item_Material_SkillLvUp_ClassMage_01","Dungeon_Popup","Dungeon_Heart_0006","DungeonStage"
"Item_Material_SkillLvUp_ClassMage_01_07","Item","Item_Material_SkillLvUp_ClassMage_01","Dungeon_Popup","Dungeon_Heart_0007","DungeonStage"
"Item_Material_SkillLvUp_ClassMage_01_08","Item","Item_Material_SkillLvUp_ClassMage_01","Dungeon_Popup","Dungeon_Heart_0008","DungeonStage"
"Item_Material_SkillLvUp_ClassMage_01_09","Item","Item_Material_SkillLvUp_ClassMage_01","Dungeon_Popup","Dungeon_Diamond_0001","DungeonStage"
"Item_Material_SkillLvUp_ClassMage_01_10","Item","Item_Material_SkillLvUp_ClassMage_01","Dungeon_Popup","Dungeon_Diamond_0002","DungeonStage"
"Item_Material_SkillLvUp_ClassMage_01_11","Item","Item_Material_SkillLvUp_ClassMage_01","Dungeon_Popup","Dungeon_Diamond_0003","DungeonStage"
"Item_Material_SkillLvUp_ClassMage_01_12","Item","Item_Material_SkillLvUp_ClassMage_01","Dungeon_Popup","Dungeon_Diamond_0004","DungeonStage"
"Item_Material_SkillLvUp_ClassMage_01_13","Item","Item_Material_SkillLvUp_ClassMage_01","Dungeon_Popup","Dungeon_Diamond_0005","DungeonStage"
"Item_Material_SkillLvUp_ClassMage_01_14","Item","Item_Material_SkillLvUp_ClassMage_01","Dungeon_Popup","Dungeon_Diamond_0006","DungeonStage"
"Item_Material_SkillLvUp_ClassMage_01_15","Item","Item_Material_SkillLvUp_ClassMage_01","Dungeon_Popup","Dungeon_Diamond_0007","DungeonStage"
"Item_Material_SkillLvUp_ClassMage_01_16","Item","Item_Material_SkillLvUp_ClassMage_01","Dungeon_Popup","Dungeon_Diamond_0008","DungeonStage"
"Item_Material_SkillLvUp_ClassMage_01_17","Item","Item_Material_SkillLvUp_ClassMage_01","Dungeon_Popup","Dungeon_Clover_0001","DungeonStage"
"Item_Material_SkillLvUp_ClassMage_01_18","Item","Item_Material_SkillLvUp_ClassMage_01","Dungeon_Popup","Dungeon_Clover_0002","DungeonStage"
"Item_Material_SkillLvUp_ClassMage_01_19","Item","Item_Material_SkillLvUp_ClassMage_01","Dungeon_Popup","Dungeon_Clover_0003","DungeonStage"
"Item_Material_SkillLvUp_ClassMage_01_20","Item","Item_Material_SkillLvUp_ClassMage_01","Dungeon_Popup","Dungeon_Clover_0004","DungeonStage"
"Item_Material_SkillLvUp_ClassMage_01_21","Item","Item_Material_SkillLvUp_ClassMage_01","Dungeon_Popup","Dungeon_Clover_0005","DungeonStage"
"Item_Material_SkillLvUp_ClassMage_01_22","Item","Item_Material_SkillLvUp_ClassMage_01","Dungeon_Popup","Dungeon_Clover_0006","DungeonStage"
"Item_Material_SkillLvUp_ClassMage_01_23","Item","Item_Material_SkillLvUp_ClassMage_01","Dungeon_Popup","Dungeon_Clover_0007","DungeonStage"
"Item_Material_SkillLvUp_ClassMage_01_24","Item","Item_Material_SkillLvUp_ClassMage_01","Dungeon_Popup","Dungeon_Clover_0008","DungeonStage"
"Item_Material_SkillLvUp_ClassMage_01_25","Item","Item_Material_SkillLvUp_ClassMage_01","AdventureMode_Popup","Stage_Normal_0023","AdventureStage"
"Item_Material_SkillLvUp_ClassMage_01_26","Item","Item_Material_SkillLvUp_ClassMage_01","AdventureMode_Popup","Stage_Normal_0083","AdventureStage"
"Item_Material_SkillLvUp_ClassMage_01_27","Item","Item_Material_SkillLvUp_ClassMage_01","AdventureMode_Popup","Stage_Normal_0128","AdventureStage"
"Item_Material_SkillLvUp_ClassMage_01_28","Item","Item_Material_SkillLvUp_ClassMage_01","AdventureMode_Popup","Stage_Normal_0173","AdventureStage"
"Item_Material_SkillLvUp_ClassMage_01_29","Item","Item_Material_SkillLvUp_ClassMage_01","AdventureMode_Popup","Stage_Normal_0218","AdventureStage"
"Item_Material_SkillLvUp_ClassMage_02_01","Item","Item_Material_SkillLvUp_ClassMage_02","Dungeon_Popup","Dungeon_Heart_0004","DungeonStage"
"Item_Material_SkillLvUp_ClassMage_02_02","Item","Item_Material_SkillLvUp_ClassMage_02","Dungeon_Popup","Dungeon_Heart_0005","DungeonStage"
"Item_Material_SkillLvUp_ClassMage_02_03","Item","Item_Material_SkillLvUp_ClassMage_02","Dungeon_Popup","Dungeon_Heart_0006","DungeonStage"
"Item_Material_SkillLvUp_ClassMage_02_04","Item","Item_Material_SkillLvUp_ClassMage_02","Dungeon_Popup","Dungeon_Heart_0007","DungeonStage"
"Item_Material_SkillLvUp_ClassMage_02_05","Item","Item_Material_SkillLvUp_ClassMage_02","Dungeon_Popup","Dungeon_Heart_0008","DungeonStage"
"Item_Material_SkillLvUp_ClassMage_02_06","Item","Item_Material_SkillLvUp_ClassMage_02","Dungeon_Popup","Dungeon_Diamond_0004","DungeonStage"
"Item_Material_SkillLvUp_ClassMage_02_07","Item","Item_Material_SkillLvUp_ClassMage_02","Dungeon_Popup","Dungeon_Diamond_0005","DungeonStage"
"Item_Material_SkillLvUp_ClassMage_02_08","Item","Item_Material_SkillLvUp_ClassMage_02","Dungeon_Popup","Dungeon_Diamond_0006","DungeonStage"
"Item_Material_SkillLvUp_ClassMage_02_09","Item","Item_Material_SkillLvUp_ClassMage_02","Dungeon_Popup","Dungeon_Diamond_0007","DungeonStage"
"Item_Material_SkillLvUp_ClassMage_02_10","Item","Item_Material_SkillLvUp_ClassMage_02","Dungeon_Popup","Dungeon_Diamond_0008","DungeonStage"
"Item_Material_SkillLvUp_ClassMage_02_11","Item","Item_Material_SkillLvUp_ClassMage_02","Dungeon_Popup","Dungeon_Clover_0004","DungeonStage"
"Item_Material_SkillLvUp_ClassMage_02_12","Item","Item_Material_SkillLvUp_ClassMage_02","Dungeon_Popup","Dungeon_Clover_0005","DungeonStage"
"Item_Material_SkillLvUp_ClassMage_02_13","Item","Item_Material_SkillLvUp_ClassMage_02","Dungeon_Popup","Dungeon_Clover_0006","DungeonStage"
"Item_Material_SkillLvUp_ClassMage_02_14","Item","Item_Material_SkillLvUp_ClassMage_02","Dungeon_Popup","Dungeon_Clover_0007","DungeonStage"
"Item_Material_SkillLvUp_ClassMage_02_15","Item","Item_Material_SkillLvUp_ClassMage_02","Dungeon_Popup","Dungeon_Clover_0008","DungeonStage"
"Item_Material_SkillLvUp_ClassMage_02_16","Item","Item_Material_SkillLvUp_ClassMage_02","AdventureMode_Popup","Stage_Normal_0128","AdventureStage"
"Item_Material_SkillLvUp_ClassMage_02_17","Item","Item_Material_SkillLvUp_ClassMage_02","AdventureMode_Popup","Stage_Normal_0173","AdventureStage"
"Item_Material_SkillLvUp_ClassMage_02_18","Item","Item_Material_SkillLvUp_ClassMage_02","AdventureMode_Popup","Stage_Normal_0218","AdventureStage"
"Item_Material_SkillLvUp_ClassMage_03_01","Item","Item_Material_SkillLvUp_ClassMage_03","Dungeon_Popup","Dungeon_Heart_0007","DungeonStage"
"Item_Material_SkillLvUp_ClassMage_03_02","Item","Item_Material_SkillLvUp_ClassMage_03","Dungeon_Popup","Dungeon_Heart_0008","DungeonStage"
"Item_Material_SkillLvUp_ClassMage_03_03","Item","Item_Material_SkillLvUp_ClassMage_03","Dungeon_Popup","Dungeon_Diamond_0007","DungeonStage"
"Item_Material_SkillLvUp_ClassMage_03_04","Item","Item_Material_SkillLvUp_ClassMage_03","Dungeon_Popup","Dungeon_Diamond_0008","DungeonStage"
"Item_Material_SkillLvUp_ClassMage_03_05","Item","Item_Material_SkillLvUp_ClassMage_03","Dungeon_Popup","Dungeon_Clover_0007","DungeonStage"
"Item_Material_SkillLvUp_ClassMage_03_06","Item","Item_Material_SkillLvUp_ClassMage_03","Dungeon_Popup","Dungeon_Clover_0008","DungeonStage"
"Item_Material_SkillLvUp_ClassMage_03_07","Item","Item_Material_SkillLvUp_ClassMage_03","AdventureMode_Popup","Stage_Normal_0218","AdventureStage"
"Item_Material_SkillLvUp_ClassMage_03_08","Item","Item_Material_SkillLvUp_ClassMage_03","ShopCoinDungeon_Popup","Shop_Coin_Dungeon","ShopProduct"
"Item_Material_SkillLvUp_ClassMage_03_09","Item","Item_Material_SkillLvUp_ClassMage_03","ShopCoinTotalWar_Popup","Shop_Coin_TotalWar","ShopProduct"
"Item_Material_SkillLvUp_ClassMage_04_01","Item","Item_Material_SkillLvUp_ClassMage_04","ShopCoinDungeon_Popup","Shop_Coin_Dungeon","ShopProduct"
"Item_Material_SkillLvUp_ClassMage_04_02","Item","Item_Material_SkillLvUp_ClassMage_04","ShopCoinTotalWar_Popup","Shop_Coin_TotalWar","ShopProduct"
"Item_Material_SkillLvUp_ClassCleric_01_01","Item","Item_Material_SkillLvUp_ClassCleric_01","Dungeon_Popup","Dungeon_Heart_0001","DungeonStage"
"Item_Material_SkillLvUp_ClassCleric_01_02","Item","Item_Material_SkillLvUp_ClassCleric_01","Dungeon_Popup","Dungeon_Heart_0002","DungeonStage"
"Item_Material_SkillLvUp_ClassCleric_01_03","Item","Item_Material_SkillLvUp_ClassCleric_01","Dungeon_Popup","Dungeon_Heart_0003","DungeonStage"
"Item_Material_SkillLvUp_ClassCleric_01_04","Item","Item_Material_SkillLvUp_ClassCleric_01","Dungeon_Popup","Dungeon_Heart_0004","DungeonStage"
"Item_Material_SkillLvUp_ClassCleric_01_05","Item","Item_Material_SkillLvUp_ClassCleric_01","Dungeon_Popup","Dungeon_Heart_0005","DungeonStage"
"Item_Material_SkillLvUp_ClassCleric_01_06","Item","Item_Material_SkillLvUp_ClassCleric_01","Dungeon_Popup","Dungeon_Heart_0006","DungeonStage"
"Item_Material_SkillLvUp_ClassCleric_01_07","Item","Item_Material_SkillLvUp_ClassCleric_01","Dungeon_Popup","Dungeon_Heart_0007","DungeonStage"
"Item_Material_SkillLvUp_ClassCleric_01_08","Item","Item_Material_SkillLvUp_ClassCleric_01","Dungeon_Popup","Dungeon_Heart_0008","DungeonStage"
"Item_Material_SkillLvUp_ClassCleric_01_09","Item","Item_Material_SkillLvUp_ClassCleric_01","Dungeon_Popup","Dungeon_Diamond_0001","DungeonStage"
"Item_Material_SkillLvUp_ClassCleric_01_10","Item","Item_Material_SkillLvUp_ClassCleric_01","Dungeon_Popup","Dungeon_Diamond_0002","DungeonStage"
"Item_Material_SkillLvUp_ClassCleric_01_11","Item","Item_Material_SkillLvUp_ClassCleric_01","Dungeon_Popup","Dungeon_Diamond_0003","DungeonStage"
"Item_Material_SkillLvUp_ClassCleric_01_12","Item","Item_Material_SkillLvUp_ClassCleric_01","Dungeon_Popup","Dungeon_Diamond_0004","DungeonStage"
"Item_Material_SkillLvUp_ClassCleric_01_13","Item","Item_Material_SkillLvUp_ClassCleric_01","Dungeon_Popup","Dungeon_Diamond_0005","DungeonStage"
"Item_Material_SkillLvUp_ClassCleric_01_14","Item","Item_Material_SkillLvUp_ClassCleric_01","Dungeon_Popup","Dungeon_Diamond_0006","DungeonStage"
"Item_Material_SkillLvUp_ClassCleric_01_15","Item","Item_Material_SkillLvUp_ClassCleric_01","Dungeon_Popup","Dungeon_Diamond_0007","DungeonStage"
"Item_Material_SkillLvUp_ClassCleric_01_16","Item","Item_Material_SkillLvUp_ClassCleric_01","Dungeon_Popup","Dungeon_Diamond_0008","DungeonStage"
"Item_Material_SkillLvUp_ClassCleric_01_17","Item","Item_Material_SkillLvUp_ClassCleric_01","Dungeon_Popup","Dungeon_Clover_0001","DungeonStage"
"Item_Material_SkillLvUp_ClassCleric_01_18","Item","Item_Material_SkillLvUp_ClassCleric_01","Dungeon_Popup","Dungeon_Clover_0002","DungeonStage"
"Item_Material_SkillLvUp_ClassCleric_01_19","Item","Item_Material_SkillLvUp_ClassCleric_01","Dungeon_Popup","Dungeon_Clover_0003","DungeonStage"
"Item_Material_SkillLvUp_ClassCleric_01_20","Item","Item_Material_SkillLvUp_ClassCleric_01","Dungeon_Popup","Dungeon_Clover_0004","DungeonStage"
"Item_Material_SkillLvUp_ClassCleric_01_21","Item","Item_Material_SkillLvUp_ClassCleric_01","Dungeon_Popup","Dungeon_Clover_0005","DungeonStage"
"Item_Material_SkillLvUp_ClassCleric_01_22","Item","Item_Material_SkillLvUp_ClassCleric_01","Dungeon_Popup","Dungeon_Clover_0006","DungeonStage"
"Item_Material_SkillLvUp_ClassCleric_01_23","Item","Item_Material_SkillLvUp_ClassCleric_01","Dungeon_Popup","Dungeon_Clover_0007","DungeonStage"
"Item_Material_SkillLvUp_ClassCleric_01_24","Item","Item_Material_SkillLvUp_ClassCleric_01","Dungeon_Popup","Dungeon_Clover_0008","DungeonStage"
"Item_Material_SkillLvUp_ClassCleric_01_25","Item","Item_Material_SkillLvUp_ClassCleric_01","AdventureMode_Popup","Stage_Normal_0021","AdventureStage"
"Item_Material_SkillLvUp_ClassCleric_01_26","Item","Item_Material_SkillLvUp_ClassCleric_01","AdventureMode_Popup","Stage_Normal_0029","AdventureStage"
"Item_Material_SkillLvUp_ClassCleric_01_27","Item","Item_Material_SkillLvUp_ClassCleric_01","AdventureMode_Popup","Stage_Normal_0081","AdventureStage"
"Item_Material_SkillLvUp_ClassCleric_01_28","Item","Item_Material_SkillLvUp_ClassCleric_01","AdventureMode_Popup","Stage_Normal_0089","AdventureStage"
"Item_Material_SkillLvUp_ClassCleric_01_29","Item","Item_Material_SkillLvUp_ClassCleric_01","AdventureMode_Popup","Stage_Normal_0126","AdventureStage"
"Item_Material_SkillLvUp_ClassCleric_01_30","Item","Item_Material_SkillLvUp_ClassCleric_01","AdventureMode_Popup","Stage_Normal_0134","AdventureStage"
"Item_Material_SkillLvUp_ClassCleric_01_31","Item","Item_Material_SkillLvUp_ClassCleric_01","AdventureMode_Popup","Stage_Normal_0171","AdventureStage"
"Item_Material_SkillLvUp_ClassCleric_01_32","Item","Item_Material_SkillLvUp_ClassCleric_01","AdventureMode_Popup","Stage_Normal_0179","AdventureStage"
"Item_Material_SkillLvUp_ClassCleric_01_33","Item","Item_Material_SkillLvUp_ClassCleric_01","AdventureMode_Popup","Stage_Normal_0216","AdventureStage"
"Item_Material_SkillLvUp_ClassCleric_01_34","Item","Item_Material_SkillLvUp_ClassCleric_01","AdventureMode_Popup","Stage_Normal_0224","AdventureStage"
"Item_Material_SkillLvUp_ClassCleric_02_01","Item","Item_Material_SkillLvUp_ClassCleric_02","Dungeon_Popup","Dungeon_Heart_0004","DungeonStage"
"Item_Material_SkillLvUp_ClassCleric_02_02","Item","Item_Material_SkillLvUp_ClassCleric_02","Dungeon_Popup","Dungeon_Heart_0005","DungeonStage"
"Item_Material_SkillLvUp_ClassCleric_02_03","Item","Item_Material_SkillLvUp_ClassCleric_02","Dungeon_Popup","Dungeon_Heart_0006","DungeonStage"
"Item_Material_SkillLvUp_ClassCleric_02_04","Item","Item_Material_SkillLvUp_ClassCleric_02","Dungeon_Popup","Dungeon_Heart_0007","DungeonStage"
"Item_Material_SkillLvUp_ClassCleric_02_05","Item","Item_Material_SkillLvUp_ClassCleric_02","Dungeon_Popup","Dungeon_Heart_0008","DungeonStage"
"Item_Material_SkillLvUp_ClassCleric_02_06","Item","Item_Material_SkillLvUp_ClassCleric_02","Dungeon_Popup","Dungeon_Diamond_0004","DungeonStage"
"Item_Material_SkillLvUp_ClassCleric_02_07","Item","Item_Material_SkillLvUp_ClassCleric_02","Dungeon_Popup","Dungeon_Diamond_0005","DungeonStage"
"Item_Material_SkillLvUp_ClassCleric_02_08","Item","Item_Material_SkillLvUp_ClassCleric_02","Dungeon_Popup","Dungeon_Diamond_0006","DungeonStage"
"Item_Material_SkillLvUp_ClassCleric_02_09","Item","Item_Material_SkillLvUp_ClassCleric_02","Dungeon_Popup","Dungeon_Diamond_0007","DungeonStage"
"Item_Material_SkillLvUp_ClassCleric_02_10","Item","Item_Material_SkillLvUp_ClassCleric_02","Dungeon_Popup","Dungeon_Diamond_0008","DungeonStage"
"Item_Material_SkillLvUp_ClassCleric_02_11","Item","Item_Material_SkillLvUp_ClassCleric_02","Dungeon_Popup","Dungeon_Clover_0004","DungeonStage"
"Item_Material_SkillLvUp_ClassCleric_02_12","Item","Item_Material_SkillLvUp_ClassCleric_02","Dungeon_Popup","Dungeon_Clover_0005","DungeonStage"
"Item_Material_SkillLvUp_ClassCleric_02_13","Item","Item_Material_SkillLvUp_ClassCleric_02","Dungeon_Popup","Dungeon_Clover_0006","DungeonStage"
"Item_Material_SkillLvUp_ClassCleric_02_14","Item","Item_Material_SkillLvUp_ClassCleric_02","Dungeon_Popup","Dungeon_Clover_0007","DungeonStage"
"Item_Material_SkillLvUp_ClassCleric_02_15","Item","Item_Material_SkillLvUp_ClassCleric_02","Dungeon_Popup","Dungeon_Clover_0008","DungeonStage"
"Item_Material_SkillLvUp_ClassCleric_02_16","Item","Item_Material_SkillLvUp_ClassCleric_02","AdventureMode_Popup","Stage_Normal_0126","AdventureStage"
"Item_Material_SkillLvUp_ClassCleric_02_17","Item","Item_Material_SkillLvUp_ClassCleric_02","AdventureMode_Popup","Stage_Normal_0134","AdventureStage"
"Item_Material_SkillLvUp_ClassCleric_02_18","Item","Item_Material_SkillLvUp_ClassCleric_02","AdventureMode_Popup","Stage_Normal_0171","AdventureStage"
"Item_Material_SkillLvUp_ClassCleric_02_19","Item","Item_Material_SkillLvUp_ClassCleric_02","AdventureMode_Popup","Stage_Normal_0179","AdventureStage"
"Item_Material_SkillLvUp_ClassCleric_02_20","Item","Item_Material_SkillLvUp_ClassCleric_02","AdventureMode_Popup","Stage_Normal_0216","AdventureStage"
"Item_Material_SkillLvUp_ClassCleric_02_21","Item","Item_Material_SkillLvUp_ClassCleric_02","AdventureMode_Popup","Stage_Normal_0224","AdventureStage"
"Item_Material_SkillLvUp_ClassCleric_03_01","Item","Item_Material_SkillLvUp_ClassCleric_03","Dungeon_Popup","Dungeon_Heart_0007","DungeonStage"
"Item_Material_SkillLvUp_ClassCleric_03_02","Item","Item_Material_SkillLvUp_ClassCleric_03","Dungeon_Popup","Dungeon_Heart_0008","DungeonStage"
"Item_Material_SkillLvUp_ClassCleric_03_03","Item","Item_Material_SkillLvUp_ClassCleric_03","Dungeon_Popup","Dungeon_Diamond_0007","DungeonStage"
"Item_Material_SkillLvUp_ClassCleric_03_04","Item","Item_Material_SkillLvUp_ClassCleric_03","Dungeon_Popup","Dungeon_Diamond_0008","DungeonStage"
"Item_Material_SkillLvUp_ClassCleric_03_05","Item","Item_Material_SkillLvUp_ClassCleric_03","Dungeon_Popup","Dungeon_Clover_0007","DungeonStage"
"Item_Material_SkillLvUp_ClassCleric_03_06","Item","Item_Material_SkillLvUp_ClassCleric_03","Dungeon_Popup","Dungeon_Clover_0008","DungeonStage"
"Item_Material_SkillLvUp_ClassCleric_03_07","Item","Item_Material_SkillLvUp_ClassCleric_03","AdventureMode_Popup","Stage_Normal_0216","AdventureStage"
"Item_Material_SkillLvUp_ClassCleric_03_08","Item","Item_Material_SkillLvUp_ClassCleric_03","AdventureMode_Popup","Stage_Normal_0224","AdventureStage"
"Item_Material_SkillLvUp_ClassCleric_03_09","Item","Item_Material_SkillLvUp_ClassCleric_03","ShopCoinDungeon_Popup","Shop_Coin_Dungeon","ShopProduct"
"Item_Material_SkillLvUp_ClassCleric_03_10","Item","Item_Material_SkillLvUp_ClassCleric_03","ShopCoinTotalWar_Popup","Shop_Coin_TotalWar","ShopProduct"
"Item_Material_SkillLvUp_ClassCleric_04_01","Item","Item_Material_SkillLvUp_ClassCleric_04","ShopCoinDungeon_Popup","Shop_Coin_Dungeon","ShopProduct"
"Item_Material_SkillLvUp_ClassCleric_04_02","Item","Item_Material_SkillLvUp_ClassCleric_04","ShopCoinTotalWar_Popup","Shop_Coin_TotalWar","ShopProduct"
"Item_Coin_MemoryCoin_01","Item","Item_Coin_MemoryCoin","ShopCoinArcana_Popup","Shop_Coin_Arcana","ShopProduct"
"Item_Coin_ExpeditionCoin_03","Item","Item_Coin_ExpeditionCoin","Dungeon_Popup","Dungeon_Heart_0001","DungeonStage"
"Item_Coin_ExpeditionCoin_04","Item","Item_Coin_ExpeditionCoin","Dungeon_Popup","Dungeon_Heart_0002","DungeonStage"
"Item_Coin_ExpeditionCoin_05","Item","Item_Coin_ExpeditionCoin","Dungeon_Popup","Dungeon_Heart_0003","DungeonStage"
"Item_Coin_ExpeditionCoin_06","Item","Item_Coin_ExpeditionCoin","Dungeon_Popup","Dungeon_Heart_0004","DungeonStage"
"Item_Coin_ExpeditionCoin_07","Item","Item_Coin_ExpeditionCoin","Dungeon_Popup","Dungeon_Heart_0005","DungeonStage"
"Item_Coin_ExpeditionCoin_08","Item","Item_Coin_ExpeditionCoin","Dungeon_Popup","Dungeon_Heart_0006","DungeonStage"
"Item_Coin_ExpeditionCoin_09","Item","Item_Coin_ExpeditionCoin","Dungeon_Popup","Dungeon_Heart_0007","DungeonStage"
"Item_Coin_ExpeditionCoin_10","Item","Item_Coin_ExpeditionCoin","Dungeon_Popup","Dungeon_Heart_0008","DungeonStage"
"Item_Coin_ExpeditionCoin_11","Item","Item_Coin_ExpeditionCoin","Dungeon_Popup","Dungeon_Diamond_0001","DungeonStage"
"Item_Coin_ExpeditionCoin_12","Item","Item_Coin_ExpeditionCoin","Dungeon_Popup","Dungeon_Diamond_0002","DungeonStage"
"Item_Coin_ExpeditionCoin_13","Item","Item_Coin_ExpeditionCoin","Dungeon_Popup","Dungeon_Diamond_0003","DungeonStage"
"Item_Coin_ExpeditionCoin_14","Item","Item_Coin_ExpeditionCoin","Dungeon_Popup","Dungeon_Diamond_0004","DungeonStage"
"Item_Coin_ExpeditionCoin_15","Item","Item_Coin_ExpeditionCoin","Dungeon_Popup","Dungeon_Diamond_0005","DungeonStage"
"Item_Coin_ExpeditionCoin_16","Item","Item_Coin_ExpeditionCoin","Dungeon_Popup","Dungeon_Diamond_0006","DungeonStage"
"Item_Coin_ExpeditionCoin_17","Item","Item_Coin_ExpeditionCoin","Dungeon_Popup","Dungeon_Diamond_0007","DungeonStage"
"Item_Coin_ExpeditionCoin_18","Item","Item_Coin_ExpeditionCoin","Dungeon_Popup","Dungeon_Diamond_0008","DungeonStage"
"Item_Coin_ExpeditionCoin_19","Item","Item_Coin_ExpeditionCoin","Dungeon_Popup","Dungeon_Clover_0001","DungeonStage"
"Item_Coin_ExpeditionCoin_20","Item","Item_Coin_ExpeditionCoin","Dungeon_Popup","Dungeon_Clover_0002","DungeonStage"
"Item_Coin_ExpeditionCoin_21","Item","Item_Coin_ExpeditionCoin","Dungeon_Popup","Dungeon_Clover_0003","DungeonStage"
"Item_Coin_ExpeditionCoin_22","Item","Item_Coin_ExpeditionCoin","Dungeon_Popup","Dungeon_Clover_0004","DungeonStage"
"Item_Coin_ExpeditionCoin_23","Item","Item_Coin_ExpeditionCoin","Dungeon_Popup","Dungeon_Clover_0005","DungeonStage"
"Item_Coin_ExpeditionCoin_24","Item","Item_Coin_ExpeditionCoin","Dungeon_Popup","Dungeon_Clover_0006","DungeonStage"
"Item_Coin_ExpeditionCoin_25","Item","Item_Coin_ExpeditionCoin","Dungeon_Popup","Dungeon_Clover_0007","DungeonStage"
"Item_Coin_ExpeditionCoin_26","Item","Item_Coin_ExpeditionCoin","Dungeon_Popup","Dungeon_Clover_0008","DungeonStage"
"Item_Coin_ExpeditionCoin_27","Item","Item_Coin_ExpeditionCoin","Dungeon_Popup","Dungeon_Spade_0001","DungeonStage"
"Item_Coin_ExpeditionCoin_28","Item","Item_Coin_ExpeditionCoin","Dungeon_Popup","Dungeon_Spade_0002","DungeonStage"
"Item_Coin_ExpeditionCoin_29","Item","Item_Coin_ExpeditionCoin","Dungeon_Popup","Dungeon_Spade_0003","DungeonStage"
"Item_Coin_ExpeditionCoin_30","Item","Item_Coin_ExpeditionCoin","Dungeon_Popup","Dungeon_Spade_0004","DungeonStage"
"Item_Coin_ExpeditionCoin_31","Item","Item_Coin_ExpeditionCoin","Dungeon_Popup","Dungeon_Spade_0005","DungeonStage"
"Item_Coin_ExpeditionCoin_32","Item","Item_Coin_ExpeditionCoin","Dungeon_Popup","Dungeon_Spade_0006","DungeonStage"
"Item_Coin_ExpeditionCoin_33","Item","Item_Coin_ExpeditionCoin","Dungeon_Popup","Dungeon_Spade_0007","DungeonStage"
"Item_Coin_ExpeditionCoin_34","Item","Item_Coin_ExpeditionCoin","Dungeon_Popup","Dungeon_Spade_0008","DungeonStage"
"Item_Gift_Normal_StrawberryCake_01","Item","Item_Gift_Normal_StrawberryCake","VendingMachine_Popup","Shop_Gift_Vending_Machine","ShopProduct"
"Item_Gift_Normal_TeddyBear_01","Item","Item_Gift_Normal_TeddyBear","VendingMachine_Popup","Shop_Gift_Vending_Machine","ShopProduct"
"Item_Gift_Normal_Handkerchief_01","Item","Item_Gift_Normal_Handkerchief","VendingMachine_Popup","Shop_Gift_Vending_Machine","ShopProduct"
"Item_Gift_Normal_SealingWax_01","Item","Item_Gift_Normal_SealingWax","VendingMachine_Popup","Shop_Gift_Vending_Machine","ShopProduct"
"Item_Gift_Normal_KnittingKits_01","Item","Item_Gift_Normal_KnittingKits","VendingMachine_Popup","Shop_Gift_Vending_Machine","ShopProduct"
"Item_Gift_Normal_Fruits_01","Item","Item_Gift_Normal_Fruits","VendingMachine_Popup","Shop_Gift_Vending_Machine","ShopProduct"
"Item_Gift_Normal_Brush_01","Item","Item_Gift_Normal_Brush","VendingMachine_Popup","Shop_Gift_Vending_Machine","ShopProduct"
"Item_Gift_Normal_Chocolate_01","Item","Item_Gift_Normal_Chocolate","VendingMachine_Popup","Shop_Gift_Vending_Machine","ShopProduct"
"Item_Gift_Normal_ComicBooks_01","Item","Item_Gift_Normal_ComicBooks","VendingMachine_Popup","Shop_Gift_Vending_Machine","ShopProduct"
"Item_Gift_Normal_IceCream_01","Item","Item_Gift_Normal_IceCream","VendingMachine_Popup","Shop_Gift_Vending_Machine","ShopProduct"
"Item_Gift_Normal_StressBalls_01","Item","Item_Gift_Normal_StressBalls","VendingMachine_Popup","Shop_Gift_Vending_Machine","ShopProduct"
"Item_Gift_Normal_Protein_01","Item","Item_Gift_Normal_Protein","VendingMachine_Popup","Shop_Gift_Vending_Machine","ShopProduct"
"Item_Gift_Normal_Sunscreen_01","Item","Item_Gift_Normal_Sunscreen","VendingMachine_Popup","Shop_Gift_Vending_Machine","ShopProduct"
"Item_Gift_Normal_MoneyGun_01","Item","Item_Gift_Normal_MoneyGun","VendingMachine_Popup","Shop_Gift_Vending_Machine","ShopProduct"
"Item_Gift_Normal_Cube_01","Item","Item_Gift_Normal_Cube","VendingMachine_Popup","Shop_Gift_Vending_Machine","ShopProduct"
"Item_Gift_Normal_Omamori_01","Item","Item_Gift_Normal_Omamori","VendingMachine_Popup","Shop_Gift_Vending_Machine","ShopProduct"
"Item_Gift_Normal_Umbrella_01","Item","Item_Gift_Normal_Umbrella","VendingMachine_Popup","Shop_Gift_Vending_Machine","ShopProduct"
"Item_Gift_Normal_Ocarina_01","Item","Item_Gift_Normal_Ocarina","VendingMachine_Popup","Shop_Gift_Vending_Machine","ShopProduct"
"Item_Gift_Normal_PirateToys_01","Item","Item_Gift_Normal_PirateToys","VendingMachine_Popup","Shop_Gift_Vending_Machine","ShopProduct"
"Item_Gift_Normal_CoinWallet_01","Item","Item_Gift_Normal_CoinWallet","VendingMachine_Popup","Shop_Gift_Vending_Machine","ShopProduct"
"Item_Gift_Normal_Huoling_01","Item","Item_Gift_Normal_Huoling","VendingMachine_Popup","Shop_Gift_Vending_Machine","ShopProduct"
"Item_Gift_Normal_Tumblr_01","Item","Item_Gift_Normal_Tumblr","VendingMachine_Popup","Shop_Gift_Vending_Machine","ShopProduct"
"Item_Gift_Normal_Pudding_01","Item","Item_Gift_Normal_Pudding","VendingMachine_Popup","Shop_Gift_Vending_Machine","ShopProduct"
"Item_Gift_Normal_PlantBook_01","Item","Item_Gift_Normal_PlantBook","VendingMachine_Popup","Shop_Gift_Vending_Machine","ShopProduct"
"Item_Gift_Normal_Keyrings_01","Item","Item_Gift_Normal_Keyrings","VendingMachine_Popup","Shop_Gift_Vending_Machine","ShopProduct"
"Item_Gift_Normal_Coaster_01","Item","Item_Gift_Normal_Coaster","VendingMachine_Popup","Shop_Gift_Vending_Machine","ShopProduct"
"Item_Gift_Normal_ManekiNeko_01","Item","Item_Gift_Normal_ManekiNeko","VendingMachine_Popup","Shop_Gift_Vending_Machine","ShopProduct"
"Item_Gift_Normal_Socks_01","Item","Item_Gift_Normal_Socks","VendingMachine_Popup","Shop_Gift_Vending_Machine","ShopProduct"
"Item_Gift_Normal_FairyDust_01","Item","Item_Gift_Normal_FairyDust","VendingMachine_Popup","Shop_Gift_Vending_Machine","ShopProduct"
"Item_Gift_Normal_CafeCoupons_01","Item","Item_Gift_Normal_CafeCoupons","VendingMachine_Popup","Shop_Gift_Vending_Machine","ShopProduct"
"Item_Gift_luxury_Bouquets_01","Item","Item_Gift_luxury_Bouquets","VendingMachine_Popup","Shop_Gift_Vending_Machine","ShopProduct"
"Item_Gift_luxury_MusicBox_01","Item","Item_Gift_luxury_MusicBox","VendingMachine_Popup","Shop_Gift_Vending_Machine","ShopProduct"
"Item_Gift_luxury_FountainPens_01","Item","Item_Gift_luxury_FountainPens","VendingMachine_Popup","Shop_Gift_Vending_Machine","ShopProduct"
"Item_Gift_luxury_TreasureMap_01","Item","Item_Gift_luxury_TreasureMap","VendingMachine_Popup","Shop_Gift_Vending_Machine","ShopProduct"
"Item_Gift_luxury_OperaGlass_01","Item","Item_Gift_luxury_OperaGlass","VendingMachine_Popup","Shop_Gift_Vending_Machine","ShopProduct"
"Item_Gift_luxury_Chess_01","Item","Item_Gift_luxury_Chess","VendingMachine_Popup","Shop_Gift_Vending_Machine","ShopProduct"
"Item_Gift_luxury_RocketPendant_01","Item","Item_Gift_luxury_RocketPendant","VendingMachine_Popup","Shop_Gift_Vending_Machine","ShopProduct"
"Item_Gift_luxury_GameMachines_01","Item","Item_Gift_luxury_GameMachines","VendingMachine_Popup","Shop_Gift_Vending_Machine","ShopProduct"
"Item_Gift_luxury_Painting_01","Item","Item_Gift_luxury_Painting","VendingMachine_Popup","Shop_Gift_Vending_Machine","ShopProduct"
"Item_Gift_luxury_Snowball_01","Item","Item_Gift_luxury_Snowball","VendingMachine_Popup","Shop_Gift_Vending_Machine","ShopProduct"
"Item_Gift_luxury_Teacup_01","Item","Item_Gift_luxury_Teacup","VendingMachine_Popup","Shop_Gift_Vending_Machine","ShopProduct"
"Item_Gift_luxury_Perfume_01","Item","Item_Gift_luxury_Perfume","VendingMachine_Popup","Shop_Gift_Vending_Machine","ShopProduct"
"Item_Gift_luxury_Wristwatch_01","Item","Item_Gift_luxury_Wristwatch","VendingMachine_Popup","Shop_Gift_Vending_Machine","ShopProduct"
"Item_Gift_luxury_WesternWitchCoin_01","Item","Item_Gift_luxury_WesternWitchCoin","VendingMachine_Popup","Shop_Gift_Vending_Machine","ShopProduct"
"Item_Gift_luxury_Runestone_01","Item","Item_Gift_luxury_Runestone","VendingMachine_Popup","Shop_Gift_Vending_Machine","ShopProduct"
"Item_Gift_luxury_Rose_01","Item","Item_Gift_luxury_Rose","VendingMachine_Popup","Shop_Gift_Vending_Machine","ShopProduct"
"Item_Gift_luxury_Dreamcatcher_01","Item","Item_Gift_luxury_Dreamcatcher","VendingMachine_Popup","Shop_Gift_Vending_Machine","ShopProduct"
"Item_Gift_luxury_Planetarium_01","Item","Item_Gift_luxury_Planetarium","VendingMachine_Popup","Shop_Gift_Vending_Machine","ShopProduct"
"Item_Gift_luxury_SweetsSet_01","Item","Item_Gift_luxury_SweetsSet","VendingMachine_Popup","Shop_Gift_Vending_Machine","ShopProduct"
"Item_Gift_luxury_MagicCleaner_01","Item","Item_Gift_luxury_MagicCleaner","VendingMachine_Popup","Shop_Gift_Vending_Machine","ShopProduct"
"Item_WSkill_LvUp_01","Item","Item_WSkill_LvUp","Dungeon_Popup","Dungeon_Spade_0001","DungeonStage"
"Item_WSkill_LvUp_02","Item","Item_WSkill_LvUp","Dungeon_Popup","Dungeon_Spade_0002","DungeonStage"
"Item_WSkill_LvUp_03","Item","Item_WSkill_LvUp","Dungeon_Popup","Dungeon_Spade_0003","DungeonStage"
"Item_WSkill_LvUp_04","Item","Item_WSkill_LvUp","Dungeon_Popup","Dungeon_Spade_0004","DungeonStage"
"Item_WSkill_LvUp_05","Item","Item_WSkill_LvUp","Dungeon_Popup","Dungeon_Spade_0005","DungeonStage"
"Item_WSkill_LvUp_06","Item","Item_WSkill_LvUp","Dungeon_Popup","Dungeon_Spade_0006","DungeonStage"
"Item_WSkill_LvUp_07","Item","Item_WSkill_LvUp","Dungeon_Popup","Dungeon_Spade_0007","DungeonStage"
"Item_WSkill_LvUp_08","Item","Item_WSkill_LvUp","Dungeon_Popup","Dungeon_Spade_0008","DungeonStage"
"Item_WSkill_LvUp_09","Item","Item_WSkill_LvUp","ShopCoinGold_Popup","Shop_Coin_Gold","ShopProduct"
"Item_CastleRankUp_OForce1060_01","Item","Item_CastleRankUp_OForce1060","AdventureMode_Popup","Stage_Normal_0024","AdventureStage"
"Item_CastleRankUp_OForce1660_01","Item","Item_CastleRankUp_OForce1660","AdventureMode_Popup","Stage_Normal_0063","AdventureStage"
"Item_CastleRankUp_OForce2060_01","Item","Item_CastleRankUp_OForce2060","AdventureMode_Popup","Stage_Normal_0115","AdventureStage"
"Item_CastleRankUp_OForce3060_01","Item","Item_CastleRankUp_OForce3060","AdventureMode_Popup","Stage_Normal_0175","AdventureStage"
"Item_CastleRankUp_OForce4060_01","Item","Item_CastleRankUp_OForce4060","AdventureMode_Popup","Stage_Normal_0235","AdventureStage"
"Item_RandomBox_Schedule_1Lv_01","Item","Item_RandomBox_Schedule_1Lv","Dungeon_Direct","",""
"Item_ChoiceBox_EquipGradeUp_01_01","Item","Item_ChoiceBox_EquipGradeUp_01","ShopCoinArcana_Popup","Shop_Coin_Arcana","ShopProduct"
"Item_ChoiceBox_EquipGradeUp_02_01","Item","Item_ChoiceBox_EquipGradeUp_02","ShopCoinArcana_Popup","Shop_Coin_Arcana","ShopProduct"
"Item_ChoiceBox_EquipGradeUp_03_01","Item","Item_ChoiceBox_EquipGradeUp_03","ShopCoinArcana_Popup","Shop_Coin_Arcana","ShopProduct"
"Item_ChoiceBox_EquipGradeUp_04_01","Item","Item_ChoiceBox_EquipGradeUp_04","ShopCoinArcana_Popup","Shop_Coin_Arcana","ShopProduct"
"Item_ChoiceBox_EquipGradeUp_05_01","Item","Item_ChoiceBox_EquipGradeUp_05","ShopCoinArcana_Popup","Shop_Coin_Arcana","ShopProduct"
"Wea_Mace_01_01","Equipment","Wea_Mace_01","AdventureMode_Popup","Stage_Normal_0001","AdventureStage"
"Wea_Sword_01_01","Equipment","Wea_Sword_01","AdventureMode_Popup","Stage_Normal_0002","AdventureStage"
"Wea_Book_01_01","Equipment","Wea_Book_01","AdventureMode_Popup","Stage_Normal_0003","AdventureStage"
"Wea_Staff_01_01","Equipment","Wea_Staff_01","AdventureMode_Popup","Stage_Normal_0004","AdventureStage"
"Wea_Ranged_01_01","Equipment","Wea_Ranged_01","AdventureMode_Popup","Stage_Normal_0005","AdventureStage"
"Armor_ProtectGear_01_01","Equipment","Armor_ProtectGear_01","AdventureMode_Popup","Stage_Normal_0006","AdventureStage"
"Armor_Coat_01_01","Equipment","Armor_Coat_01","AdventureMode_Popup","Stage_Normal_0007","AdventureStage"
"Armor_Jacket_01_01","Equipment","Armor_Jacket_01","AdventureMode_Popup","Stage_Normal_0008","AdventureStage"
"Armor_Cape_01_01","Equipment","Armor_Cape_01","AdventureMode_Popup","Stage_Normal_0009","AdventureStage"
"Armor_Belt_01_01","Equipment","Armor_Belt_01","AdventureMode_Popup","Stage_Normal_0010","AdventureStage"
"Acc_Helmet_01_01","Equipment","Acc_Helmet_01","AdventureMode_Popup","Stage_Normal_0011","AdventureStage"
"Acc_Necklace_01_01","Equipment","Acc_Necklace_01","AdventureMode_Popup","Stage_Normal_0012","AdventureStage"
"Acc_Ring_01_01","Equipment","Acc_Ring_01","AdventureMode_Popup","Stage_Normal_0013","AdventureStage"
"Acc_Bracelet_01_01","Equipment","Acc_Bracelet_01","AdventureMode_Popup","Stage_Normal_0014","AdventureStage"
"Acc_HeadDress_01_01","Equipment","Acc_HeadDress_01","AdventureMode_Popup","Stage_Normal_0015","AdventureStage"
"Item_Material_HeroGradeUp_Char_008_S01_B_03","Item","Item_Material_HeroGradeUp_Char_008_S01_B","ShopCoinMemory_Popup","Shop_Coin_Memory","ShopProduct"
"Item_Material_HeroGradeUp_Char_073_S01_G_03","Item","Item_Material_HeroGradeUp_Char_073_S01_G","ShopCoinMemory_Popup","Shop_Coin_Memory","ShopProduct"
"Item_Material_HeroGradeUp_Char_040_S01_R_03","Item","Item_Material_HeroGradeUp_Char_040_S01_R","ShopCoinMemory_Popup","Shop_Coin_Memory","ShopProduct"
"Item_Material_HeroGradeUp_Char_062_S01_G_04","Item","Item_Material_HeroGradeUp_Char_062_S01_G","ShopCoinMemory_Popup","Shop_Coin_Memory","ShopProduct"
"Item_Material_HeroGradeUp_Char_034_S01_B_03","Item","Item_Material_HeroGradeUp_Char_034_S01_B","ShopCoinMemory_Popup","Shop_Coin_Memory","ShopProduct"
"Item_Material_HeroGradeUp_Char_006_S01_G_03","Item","Item_Material_HeroGradeUp_Char_006_S01_G","ShopCoinMemory_Popup","Shop_Coin_Memory","ShopProduct"
"Item_Material_HeroGradeUp_Char_003_S01_B_03","Item","Item_Material_HeroGradeUp_Char_003_S01_B","ShopCoinMemory_Popup","Shop_Coin_Memory","ShopProduct"
"Item_Material_HeroGradeUp_Char_080_S01_G_03","Item","Item_Material_HeroGradeUp_Char_080_S01_G","ShopCoinMemory_Popup","Shop_Coin_Memory","ShopProduct"
"Item_Material_HeroGradeUp_Char_007_S01_D_02","Item","Item_Material_HeroGradeUp_Char_007_S01_D","ShopCoinMemory_Popup","Shop_Coin_Memory","ShopProduct"
"Item_Material_HeroGradeUp_Char_001_S01_B_03","Item","Item_Material_HeroGradeUp_Char_001_S01_B","ShopCoinMemory_Popup","Shop_Coin_Memory","ShopProduct"
"Item_Material_HeroGradeUp_Char_005_S01_D_03","Item","Item_Material_HeroGradeUp_Char_005_S01_D","ShopCoinMemory_Popup","Shop_Coin_Memory","ShopProduct"
"Mission_Daily_013_01","Mission","Mission_Daily_013","CoinShop_Direct","Shop_Coin_Gold","ShopProduct"
"Item_WSkill_LvUp_10","Item","Item_WSkill_LvUp","ShopCoinDungeon_Popup","Shop_Coin_Dungeon","ShopProduct"
"TaleStone_01","Content","TaleStone","TaleStone_Direct","","CashShopCategory"
"Item_WSkill_SPUp_GradeUp_01","Item","Item_WSkill_SPUp_GradeUp","AdventureMode_Popup","Stage_Hard_0003","AdventureStage"
"Item_WSkill_Heal_GradeUp_01","Item","Item_WSkill_Heal_GradeUp","AdventureMode_Popup","Stage_Hard_0012","AdventureStage"
"Item_WSkill_RedAtk_GradeUp_01","Item","Item_WSkill_RedAtk_GradeUp","AdventureMode_Popup","Stage_Hard_0024","DungeonStage"
"Item_WSkill_GreenAtk_GradeUp_01","Item","Item_WSkill_GreenAtk_GradeUp","AdventureMode_Popup","Stage_Hard_0036","DungeonStage"
"Item_WSkill_BlueAtk_GradeUp_01","Item","Item_WSkill_BlueAtk_GradeUp","AdventureMode_Popup","Stage_Hard_0048","DungeonStage"
"Item_WSkill_SPUp_GradeUp_02","Item","Item_WSkill_SPUp_GradeUp","Dungeon_Popup","Dungeon_Spade_0003","DungeonStage"
"Item_WSkill_SPUp_GradeUp_03","Item","Item_WSkill_SPUp_GradeUp","Dungeon_Popup","Dungeon_Spade_0004","DungeonStage"
"Item_WSkill_SPUp_GradeUp_04","Item","Item_WSkill_SPUp_GradeUp","Dungeon_Popup","Dungeon_Spade_0005","DungeonStage"
"Item_WSkill_SPUp_GradeUp_05","Item","Item_WSkill_SPUp_GradeUp","Dungeon_Popup","Dungeon_Spade_0006","DungeonStage"
"Item_WSkill_SPUp_GradeUp_06","Item","Item_WSkill_SPUp_GradeUp","Dungeon_Popup","Dungeon_Spade_0007","DungeonStage"
"Item_WSkill_SPUp_GradeUp_07","Item","Item_WSkill_SPUp_GradeUp","Dungeon_Popup","Dungeon_Spade_0008","DungeonStage"
"Item_WSkill_Heal_GradeUp_02","Item","Item_WSkill_Heal_GradeUp","Dungeon_Popup","Dungeon_Spade_0003","DungeonStage"
"Item_WSkill_Heal_GradeUp_03","Item","Item_WSkill_Heal_GradeUp","Dungeon_Popup","Dungeon_Spade_0004","DungeonStage"
"Item_WSkill_Heal_GradeUp_04","Item","Item_WSkill_Heal_GradeUp","Dungeon_Popup","Dungeon_Spade_0005","DungeonStage"
"Item_WSkill_Heal_GradeUp_05","Item","Item_WSkill_Heal_GradeUp","Dungeon_Popup","Dungeon_Spade_0006","DungeonStage"
"Item_WSkill_Heal_GradeUp_06","Item","Item_WSkill_Heal_GradeUp","Dungeon_Popup","Dungeon_Spade_0007","DungeonStage"
"Item_WSkill_Heal_GradeUp_07","Item","Item_WSkill_Heal_GradeUp","Dungeon_Popup","Dungeon_Spade_0008","DungeonStage"
"Item_WSkill_RedAtk_GradeUp_02","Item","Item_WSkill_RedAtk_GradeUp","Dungeon_Popup","Dungeon_Spade_0003","DungeonStage"
"Item_WSkill_RedAtk_GradeUp_03","Item","Item_WSkill_RedAtk_GradeUp","Dungeon_Popup","Dungeon_Spade_0004","DungeonStage"
"Item_WSkill_RedAtk_GradeUp_04","Item","Item_WSkill_RedAtk_GradeUp","Dungeon_Popup","Dungeon_Spade_0005","DungeonStage"
"Item_WSkill_RedAtk_GradeUp_05","Item","Item_WSkill_RedAtk_GradeUp","Dungeon_Popup","Dungeon_Spade_0006","DungeonStage"
"Item_WSkill_RedAtk_GradeUp_06","Item","Item_WSkill_RedAtk_GradeUp","Dungeon_Popup","Dungeon_Spade_0007","DungeonStage"
"Item_WSkill_RedAtk_GradeUp_07","Item","Item_WSkill_RedAtk_GradeUp","Dungeon_Popup","Dungeon_Spade_0008","DungeonStage"
"Item_WSkill_GreenAtk_GradeUp_02","Item","Item_WSkill_GreenAtk_GradeUp","Dungeon_Popup","Dungeon_Spade_0003","DungeonStage"
"Item_WSkill_GreenAtk_GradeUp_03","Item","Item_WSkill_GreenAtk_GradeUp","Dungeon_Popup","Dungeon_Spade_0004","DungeonStage"
"Item_WSkill_GreenAtk_GradeUp_04","Item","Item_WSkill_GreenAtk_GradeUp","Dungeon_Popup","Dungeon_Spade_0005","DungeonStage"
"Item_WSkill_GreenAtk_GradeUp_05","Item","Item_WSkill_GreenAtk_GradeUp","Dungeon_Popup","Dungeon_Spade_0006","DungeonStage"
"Item_WSkill_GreenAtk_GradeUp_06","Item","Item_WSkill_GreenAtk_GradeUp","Dungeon_Popup","Dungeon_Spade_0007","DungeonStage"
"Item_WSkill_GreenAtk_GradeUp_07","Item","Item_WSkill_GreenAtk_GradeUp","Dungeon_Popup","Dungeon_Spade_0008","DungeonStage"
"Item_WSkill_BlueAtk_GradeUp_02","Item","Item_WSkill_BlueAtk_GradeUp","Dungeon_Popup","Dungeon_Spade_0003","DungeonStage"
"Item_WSkill_BlueAtk_GradeUp_03","Item","Item_WSkill_BlueAtk_GradeUp","Dungeon_Popup","Dungeon_Spade_0004","DungeonStage"
"Item_WSkill_BlueAtk_GradeUp_04","Item","Item_WSkill_BlueAtk_GradeUp","Dungeon_Popup","Dungeon_Spade_0005","DungeonStage"
"Item_WSkill_BlueAtk_GradeUp_05","Item","Item_WSkill_BlueAtk_GradeUp","Dungeon_Popup","Dungeon_Spade_0006","DungeonStage"
"Item_WSkill_BlueAtk_GradeUp_06","Item","Item_WSkill_BlueAtk_GradeUp","Dungeon_Popup","Dungeon_Spade_0007","DungeonStage"
"Item_WSkill_BlueAtk_GradeUp_07","Item","Item_WSkill_BlueAtk_GradeUp","Dungeon_Popup","Dungeon_Spade_0008","DungeonStage"
"Item_Coin_MemoryCoin_02","Item","Item_Coin_MemoryCoin","HeroGacha_Direct","",""
"Item_Coin_ExpeditionCoin_02","Item","Item_Coin_ExpeditionCoin","Dungeon_Direct","",""
"Item_Coin_ArenaCoin_01","Item","Item_Coin_ArenaCoin","Arena_Direct","",""
"Item_WSkill_BlueAtk_UnLock_01","Point","Item_WSkill_BlueAtk_UnLock","AdventureMode_Popup","Stage_Normal_0240","AdventureStage"
"ThreeGradeFixSummonPackage_01","Item","ThreeGradeFixSummonPackage","TaleStone_Popup","","CashShopProduct"
"RedFixSummonPackage_01","Item","RedFixSummonPackage","TaleStone_Popup","","CashShopProduct"
"BlueFixSummonPackage_01","Item","BlueFixSummonPackage","TaleStone_Popup","","CashShopProduct"
"GreenFixSummonPackage_01","Item","GreenFixSummonPackage","TaleStone_Popup","","CashShopProduct"
"Item_GachaTicket_3GradeFix_TenRoll_01","Item","Item_GachaTicket_3GradeFix_TenRoll","TaleStone_Popup","",""
"Item_GachaTicket_3GradeFix_TenRoll_02","Item","Item_GachaTicket_3GradeFix_TenRoll_2","TaleStone_Popup","",""
"Item_GachaTicket_RedFix_TenRoll_01","Item","Item_GachaTicket_RedFix_TenRoll","TaleStone_Popup","",""
"Item_GachaTicket_BlueFix_TenRoll_01","Item","Item_GachaTicket_BlueFix_TenRoll","TaleStone_Popup","",""
"Item_GachaTicket_GreenFix_TenRoll_01","Item","Item_GachaTicket_GreenFix_TenRoll","TaleStone_Popup","",""
"Item_Material_EquipExp_03_01","Item","Item_Material_EquipExp_03","ShopCoinGold_Popup","Shop_Coin_Gold","ShopProduct"
"Coin_TaleStone_01","Coin","Coin_TaleStone","TaleStone_Direct","","CashShopCategory"
"Item_RandomBox_SkillLvUp_ClassGuardian_02_01","Item","Item_RandomBox_SkillLvUp_ClassGuardian_02","Dungeon_Popup","Dungeon_Heart_0004","DungeonStage"
"Item_RandomBox_SkillLvUp_ClassGuardian_02_02","Item","Item_RandomBox_SkillLvUp_ClassGuardian_02","Dungeon_Popup","Dungeon_Heart_0005","DungeonStage"
"Item_RandomBox_SkillLvUp_ClassGuardian_02_03","Item","Item_RandomBox_SkillLvUp_ClassGuardian_02","Dungeon_Popup","Dungeon_Heart_0006","DungeonStage"
"Item_RandomBox_SkillLvUp_ClassGuardian_02_04","Item","Item_RandomBox_SkillLvUp_ClassGuardian_02","Dungeon_Popup","Dungeon_Heart_0007","DungeonStage"
"Item_RandomBox_SkillLvUp_ClassGuardian_02_05","Item","Item_RandomBox_SkillLvUp_ClassGuardian_02","Dungeon_Popup","Dungeon_Diamond_0004","DungeonStage"
"Item_RandomBox_SkillLvUp_ClassGuardian_02_06","Item","Item_RandomBox_SkillLvUp_ClassGuardian_02","Dungeon_Popup","Dungeon_Diamond_0005","DungeonStage"
"Item_RandomBox_SkillLvUp_ClassGuardian_02_07","Item","Item_RandomBox_SkillLvUp_ClassGuardian_02","Dungeon_Popup","Dungeon_Diamond_0006","DungeonStage"
"Item_RandomBox_SkillLvUp_ClassGuardian_02_08","Item","Item_RandomBox_SkillLvUp_ClassGuardian_02","Dungeon_Popup","Dungeon_Diamond_0007","DungeonStage"
"Item_RandomBox_SkillLvUp_ClassGuardian_02_09","Item","Item_RandomBox_SkillLvUp_ClassGuardian_02","Dungeon_Popup","Dungeon_Clover_0004","DungeonStage"
"Item_RandomBox_SkillLvUp_ClassGuardian_02_10","Item","Item_RandomBox_SkillLvUp_ClassGuardian_02","Dungeon_Popup","Dungeon_Clover_0005","DungeonStage"
"Item_RandomBox_SkillLvUp_ClassGuardian_02_11","Item","Item_RandomBox_SkillLvUp_ClassGuardian_02","Dungeon_Popup","Dungeon_Clover_0006","DungeonStage"
"Item_RandomBox_SkillLvUp_ClassGuardian_02_12","Item","Item_RandomBox_SkillLvUp_ClassGuardian_02","Dungeon_Popup","Dungeon_Clover_0007","DungeonStage"
"Item_RandomBox_SkillLvUp_ClassGuardian_02_13","Item","Item_RandomBox_SkillLvUp_ClassGuardian_02","AdventureMode_Popup","Stage_Normal_0121","AdventureStage"
"Item_RandomBox_SkillLvUp_ClassGuardian_02_14","Item","Item_RandomBox_SkillLvUp_ClassGuardian_02","AdventureMode_Popup","Stage_Normal_0129","AdventureStage"
"Item_RandomBox_SkillLvUp_ClassGuardian_02_15","Item","Item_RandomBox_SkillLvUp_ClassGuardian_02","AdventureMode_Popup","Stage_Normal_0166","AdventureStage"
"Item_RandomBox_SkillLvUp_ClassGuardian_02_16","Item","Item_RandomBox_SkillLvUp_ClassGuardian_02","AdventureMode_Popup","Stage_Normal_0174","AdventureStage"
"Item_RandomBox_SkillLvUp_ClassGuardian_02_17","Item","Item_RandomBox_SkillLvUp_ClassGuardian_02","AdventureMode_Popup","Stage_Normal_0211","AdventureStage"
"Item_RandomBox_SkillLvUp_ClassGuardian_02_18","Item","Item_RandomBox_SkillLvUp_ClassGuardian_02","AdventureMode_Popup","Stage_Normal_0219","AdventureStage"
"Item_RandomBox_SkillLvUp_ClassGuardian_03_01","Item","Item_RandomBox_SkillLvUp_ClassGuardian_03","Dungeon_Popup","Dungeon_Heart_0007","DungeonStage"
"Item_RandomBox_SkillLvUp_ClassGuardian_03_02","Item","Item_RandomBox_SkillLvUp_ClassGuardian_03","Dungeon_Popup","Dungeon_Diamond_0007","DungeonStage"
"Item_RandomBox_SkillLvUp_ClassGuardian_03_03","Item","Item_RandomBox_SkillLvUp_ClassGuardian_03","Dungeon_Popup","Dungeon_Clover_0007","DungeonStage"
"Item_RandomBox_SkillLvUp_ClassGuardian_03_04","Item","Item_RandomBox_SkillLvUp_ClassGuardian_03","AdventureMode_Popup","Stage_Normal_0211","AdventureStage"
"Item_RandomBox_SkillLvUp_ClassGuardian_03_05","Item","Item_RandomBox_SkillLvUp_ClassGuardian_03","AdventureMode_Popup","Stage_Normal_0219","AdventureStage"
"Item_RandomBox_SkillLvUp_ClassKnight_02_01","Item","Item_RandomBox_SkillLvUp_ClassKnight_02","Dungeon_Popup","Dungeon_Heart_0004","DungeonStage"
"Item_RandomBox_SkillLvUp_ClassKnight_02_02","Item","Item_RandomBox_SkillLvUp_ClassKnight_02","Dungeon_Popup","Dungeon_Heart_0005","DungeonStage"
"Item_RandomBox_SkillLvUp_ClassKnight_02_03","Item","Item_RandomBox_SkillLvUp_ClassKnight_02","Dungeon_Popup","Dungeon_Heart_0006","DungeonStage"
"Item_RandomBox_SkillLvUp_ClassKnight_02_04","Item","Item_RandomBox_SkillLvUp_ClassKnight_02","Dungeon_Popup","Dungeon_Heart_0007","DungeonStage"
"Item_RandomBox_SkillLvUp_ClassKnight_02_05","Item","Item_RandomBox_SkillLvUp_ClassKnight_02","Dungeon_Popup","Dungeon_Diamond_0004","DungeonStage"
"Item_RandomBox_SkillLvUp_ClassKnight_02_06","Item","Item_RandomBox_SkillLvUp_ClassKnight_02","Dungeon_Popup","Dungeon_Diamond_0005","DungeonStage"
"Item_RandomBox_SkillLvUp_ClassKnight_02_07","Item","Item_RandomBox_SkillLvUp_ClassKnight_02","Dungeon_Popup","Dungeon_Diamond_0006","DungeonStage"
"Item_RandomBox_SkillLvUp_ClassKnight_02_08","Item","Item_RandomBox_SkillLvUp_ClassKnight_02","Dungeon_Popup","Dungeon_Diamond_0007","DungeonStage"
"Item_RandomBox_SkillLvUp_ClassKnight_02_09","Item","Item_RandomBox_SkillLvUp_ClassKnight_02","Dungeon_Popup","Dungeon_Clover_0004","DungeonStage"
"Item_RandomBox_SkillLvUp_ClassKnight_02_10","Item","Item_RandomBox_SkillLvUp_ClassKnight_02","Dungeon_Popup","Dungeon_Clover_0005","DungeonStage"
"Item_RandomBox_SkillLvUp_ClassKnight_02_11","Item","Item_RandomBox_SkillLvUp_ClassKnight_02","Dungeon_Popup","Dungeon_Clover_0006","DungeonStage"
"Item_RandomBox_SkillLvUp_ClassKnight_02_12","Item","Item_RandomBox_SkillLvUp_ClassKnight_02","Dungeon_Popup","Dungeon_Clover_0007","DungeonStage"
"Item_RandomBox_SkillLvUp_ClassKnight_02_13","Item","Item_RandomBox_SkillLvUp_ClassKnight_02","AdventureMode_Popup","Stage_Normal_0122","AdventureStage"
"Item_RandomBox_SkillLvUp_ClassKnight_02_14","Item","Item_RandomBox_SkillLvUp_ClassKnight_02","AdventureMode_Popup","Stage_Normal_0130","AdventureStage"
"Item_RandomBox_SkillLvUp_ClassKnight_02_15","Item","Item_RandomBox_SkillLvUp_ClassKnight_02","AdventureMode_Popup","Stage_Normal_0167","AdventureStage"
"Item_RandomBox_SkillLvUp_ClassKnight_02_16","Item","Item_RandomBox_SkillLvUp_ClassKnight_02","AdventureMode_Popup","Stage_Normal_0175","AdventureStage"
"Item_RandomBox_SkillLvUp_ClassKnight_02_17","Item","Item_RandomBox_SkillLvUp_ClassKnight_02","AdventureMode_Popup","Stage_Normal_0212","AdventureStage"
"Item_RandomBox_SkillLvUp_ClassKnight_02_18","Item","Item_RandomBox_SkillLvUp_ClassKnight_02","AdventureMode_Popup","Stage_Normal_0220","AdventureStage"
"Item_RandomBox_SkillLvUp_ClassKnight_03_01","Item","Item_RandomBox_SkillLvUp_ClassKnight_03","Dungeon_Popup","Dungeon_Heart_0007","DungeonStage"
"Item_RandomBox_SkillLvUp_ClassKnight_03_02","Item","Item_RandomBox_SkillLvUp_ClassKnight_03","Dungeon_Popup","Dungeon_Diamond_0007","DungeonStage"
"Item_RandomBox_SkillLvUp_ClassKnight_03_03","Item","Item_RandomBox_SkillLvUp_ClassKnight_03","Dungeon_Popup","Dungeon_Clover_0007","DungeonStage"
"Item_RandomBox_SkillLvUp_ClassKnight_03_04","Item","Item_RandomBox_SkillLvUp_ClassKnight_03","AdventureMode_Popup","Stage_Normal_0212","AdventureStage"
"Item_RandomBox_SkillLvUp_ClassKnight_03_05","Item","Item_RandomBox_SkillLvUp_ClassKnight_03","AdventureMode_Popup","Stage_Normal_0220","AdventureStage"
"Item_RandomBox_SkillLvUp_ClassFighter_02_01","Item","Item_RandomBox_SkillLvUp_ClassFighter_02","Dungeon_Popup","Dungeon_Heart_0004","DungeonStage"
"Item_RandomBox_SkillLvUp_ClassFighter_02_02","Item","Item_RandomBox_SkillLvUp_ClassFighter_02","Dungeon_Popup","Dungeon_Heart_0005","DungeonStage"
"Item_RandomBox_SkillLvUp_ClassFighter_02_03","Item","Item_RandomBox_SkillLvUp_ClassFighter_02","Dungeon_Popup","Dungeon_Heart_0006","DungeonStage"
"Item_RandomBox_SkillLvUp_ClassFighter_02_04","Item","Item_RandomBox_SkillLvUp_ClassFighter_02","Dungeon_Popup","Dungeon_Heart_0007","DungeonStage"
"Item_RandomBox_SkillLvUp_ClassFighter_02_05","Item","Item_RandomBox_SkillLvUp_ClassFighter_02","Dungeon_Popup","Dungeon_Diamond_0004","DungeonStage"
"Item_RandomBox_SkillLvUp_ClassFighter_02_06","Item","Item_RandomBox_SkillLvUp_ClassFighter_02","Dungeon_Popup","Dungeon_Diamond_0005","DungeonStage"
"Item_RandomBox_SkillLvUp_ClassFighter_02_07","Item","Item_RandomBox_SkillLvUp_ClassFighter_02","Dungeon_Popup","Dungeon_Diamond_0006","DungeonStage"
"Item_RandomBox_SkillLvUp_ClassFighter_02_08","Item","Item_RandomBox_SkillLvUp_ClassFighter_02","Dungeon_Popup","Dungeon_Diamond_0007","DungeonStage"
"Item_RandomBox_SkillLvUp_ClassFighter_02_09","Item","Item_RandomBox_SkillLvUp_ClassFighter_02","Dungeon_Popup","Dungeon_Clover_0004","DungeonStage"
"Item_RandomBox_SkillLvUp_ClassFighter_02_10","Item","Item_RandomBox_SkillLvUp_ClassFighter_02","Dungeon_Popup","Dungeon_Clover_0005","DungeonStage"
"Item_RandomBox_SkillLvUp_ClassFighter_02_11","Item","Item_RandomBox_SkillLvUp_ClassFighter_02","Dungeon_Popup","Dungeon_Clover_0006","DungeonStage"
"Item_RandomBox_SkillLvUp_ClassFighter_02_12","Item","Item_RandomBox_SkillLvUp_ClassFighter_02","Dungeon_Popup","Dungeon_Clover_0007","DungeonStage"
"Item_RandomBox_SkillLvUp_ClassFighter_02_13","Item","Item_RandomBox_SkillLvUp_ClassFighter_02","AdventureMode_Popup","Stage_Normal_0123","AdventureStage"
"Item_RandomBox_SkillLvUp_ClassFighter_02_14","Item","Item_RandomBox_SkillLvUp_ClassFighter_02","AdventureMode_Popup","Stage_Normal_0131","AdventureStage"
"Item_RandomBox_SkillLvUp_ClassFighter_02_15","Item","Item_RandomBox_SkillLvUp_ClassFighter_02","AdventureMode_Popup","Stage_Normal_0168","AdventureStage"
"Item_RandomBox_SkillLvUp_ClassFighter_02_16","Item","Item_RandomBox_SkillLvUp_ClassFighter_02","AdventureMode_Popup","Stage_Normal_0176","AdventureStage"
"Item_RandomBox_SkillLvUp_ClassFighter_02_17","Item","Item_RandomBox_SkillLvUp_ClassFighter_02","AdventureMode_Popup","Stage_Normal_0213","AdventureStage"
"Item_RandomBox_SkillLvUp_ClassFighter_02_18","Item","Item_RandomBox_SkillLvUp_ClassFighter_02","AdventureMode_Popup","Stage_Normal_0221","AdventureStage"
"Item_RandomBox_SkillLvUp_ClassFighter_03_01","Item","Item_RandomBox_SkillLvUp_ClassFighter_03","Dungeon_Popup","Dungeon_Heart_0007","DungeonStage"
"Item_RandomBox_SkillLvUp_ClassFighter_03_02","Item","Item_RandomBox_SkillLvUp_ClassFighter_03","Dungeon_Popup","Dungeon_Diamond_0007","DungeonStage"
"Item_RandomBox_SkillLvUp_ClassFighter_03_03","Item","Item_RandomBox_SkillLvUp_ClassFighter_03","Dungeon_Popup","Dungeon_Clover_0007","DungeonStage"
"Item_RandomBox_SkillLvUp_ClassFighter_03_04","Item","Item_RandomBox_SkillLvUp_ClassFighter_03","AdventureMode_Popup","Stage_Normal_0213","AdventureStage"
"Item_RandomBox_SkillLvUp_ClassFighter_03_05","Item","Item_RandomBox_SkillLvUp_ClassFighter_03","AdventureMode_Popup","Stage_Normal_0221","AdventureStage"
"Item_RandomBox_SkillLvUp_ClassRanger_02_01","Item","Item_RandomBox_SkillLvUp_ClassRanger_02","Dungeon_Popup","Dungeon_Heart_0004","DungeonStage"
"Item_RandomBox_SkillLvUp_ClassRanger_02_02","Item","Item_RandomBox_SkillLvUp_ClassRanger_02","Dungeon_Popup","Dungeon_Heart_0005","DungeonStage"
"Item_RandomBox_SkillLvUp_ClassRanger_02_03","Item","Item_RandomBox_SkillLvUp_ClassRanger_02","Dungeon_Popup","Dungeon_Heart_0006","DungeonStage"
"Item_RandomBox_SkillLvUp_ClassRanger_02_04","Item","Item_RandomBox_SkillLvUp_ClassRanger_02","Dungeon_Popup","Dungeon_Heart_0007","DungeonStage"
"Item_RandomBox_SkillLvUp_ClassRanger_02_05","Item","Item_RandomBox_SkillLvUp_ClassRanger_02","Dungeon_Popup","Dungeon_Diamond_0004","DungeonStage"
"Item_RandomBox_SkillLvUp_ClassRanger_02_06","Item","Item_RandomBox_SkillLvUp_ClassRanger_02","Dungeon_Popup","Dungeon_Diamond_0005","DungeonStage"
"Item_RandomBox_SkillLvUp_ClassRanger_02_07","Item","Item_RandomBox_SkillLvUp_ClassRanger_02","Dungeon_Popup","Dungeon_Diamond_0006","DungeonStage"
"Item_RandomBox_SkillLvUp_ClassRanger_02_08","Item","Item_RandomBox_SkillLvUp_ClassRanger_02","Dungeon_Popup","Dungeon_Diamond_0007","DungeonStage"
"Item_RandomBox_SkillLvUp_ClassRanger_02_09","Item","Item_RandomBox_SkillLvUp_ClassRanger_02","Dungeon_Popup","Dungeon_Clover_0004","DungeonStage"
"Item_RandomBox_SkillLvUp_ClassRanger_02_10","Item","Item_RandomBox_SkillLvUp_ClassRanger_02","Dungeon_Popup","Dungeon_Clover_0005","DungeonStage"
"Item_RandomBox_SkillLvUp_ClassRanger_02_11","Item","Item_RandomBox_SkillLvUp_ClassRanger_02","Dungeon_Popup","Dungeon_Clover_0006","DungeonStage"
"Item_RandomBox_SkillLvUp_ClassRanger_02_12","Item","Item_RandomBox_SkillLvUp_ClassRanger_02","Dungeon_Popup","Dungeon_Clover_0007","DungeonStage"
"Item_RandomBox_SkillLvUp_ClassRanger_02_13","Item","Item_RandomBox_SkillLvUp_ClassRanger_02","AdventureMode_Popup","Stage_Normal_0124","AdventureStage"
"Item_RandomBox_SkillLvUp_ClassRanger_02_14","Item","Item_RandomBox_SkillLvUp_ClassRanger_02","AdventureMode_Popup","Stage_Normal_0132","AdventureStage"
"Item_RandomBox_SkillLvUp_ClassRanger_02_15","Item","Item_RandomBox_SkillLvUp_ClassRanger_02","AdventureMode_Popup","Stage_Normal_0169","AdventureStage"
"Item_RandomBox_SkillLvUp_ClassRanger_02_16","Item","Item_RandomBox_SkillLvUp_ClassRanger_02","AdventureMode_Popup","Stage_Normal_0177","AdventureStage"
"Item_RandomBox_SkillLvUp_ClassRanger_02_17","Item","Item_RandomBox_SkillLvUp_ClassRanger_02","AdventureMode_Popup","Stage_Normal_0214","AdventureStage"
"Item_RandomBox_SkillLvUp_ClassRanger_02_18","Item","Item_RandomBox_SkillLvUp_ClassRanger_02","AdventureMode_Popup","Stage_Normal_0222","AdventureStage"
"Item_RandomBox_SkillLvUp_ClassRanger_03_01","Item","Item_RandomBox_SkillLvUp_ClassRanger_03","Dungeon_Popup","Dungeon_Heart_0007","DungeonStage"
"Item_RandomBox_SkillLvUp_ClassRanger_03_02","Item","Item_RandomBox_SkillLvUp_ClassRanger_03","Dungeon_Popup","Dungeon_Diamond_0007","DungeonStage"
"Item_RandomBox_SkillLvUp_ClassRanger_03_03","Item","Item_RandomBox_SkillLvUp_ClassRanger_03","Dungeon_Popup","Dungeon_Clover_0007","DungeonStage"
"Item_RandomBox_SkillLvUp_ClassRanger_03_04","Item","Item_RandomBox_SkillLvUp_ClassRanger_03","AdventureMode_Popup","Stage_Normal_0214","AdventureStage"
"Item_RandomBox_SkillLvUp_ClassRanger_03_05","Item","Item_RandomBox_SkillLvUp_ClassRanger_03","AdventureMode_Popup","Stage_Normal_0222","AdventureStage"
"Item_RandomBox_SkillLvUp_ClassSorcerer_02_01","Item","Item_RandomBox_SkillLvUp_ClassSorcerer_02","Dungeon_Popup","Dungeon_Heart_0004","DungeonStage"
"Item_RandomBox_SkillLvUp_ClassSorcerer_02_02","Item","Item_RandomBox_SkillLvUp_ClassSorcerer_02","Dungeon_Popup","Dungeon_Heart_0005","DungeonStage"
"Item_RandomBox_SkillLvUp_ClassSorcerer_02_03","Item","Item_RandomBox_SkillLvUp_ClassSorcerer_02","Dungeon_Popup","Dungeon_Heart_0006","DungeonStage"
"Item_RandomBox_SkillLvUp_ClassSorcerer_02_04","Item","Item_RandomBox_SkillLvUp_ClassSorcerer_02","Dungeon_Popup","Dungeon_Heart_0007","DungeonStage"
"Item_RandomBox_SkillLvUp_ClassSorcerer_02_05","Item","Item_RandomBox_SkillLvUp_ClassSorcerer_02","Dungeon_Popup","Dungeon_Diamond_0004","DungeonStage"
"Item_RandomBox_SkillLvUp_ClassSorcerer_02_06","Item","Item_RandomBox_SkillLvUp_ClassSorcerer_02","Dungeon_Popup","Dungeon_Diamond_0005","DungeonStage"
"Item_RandomBox_SkillLvUp_ClassSorcerer_02_07","Item","Item_RandomBox_SkillLvUp_ClassSorcerer_02","Dungeon_Popup","Dungeon_Diamond_0006","DungeonStage"
"Item_RandomBox_SkillLvUp_ClassSorcerer_02_08","Item","Item_RandomBox_SkillLvUp_ClassSorcerer_02","Dungeon_Popup","Dungeon_Diamond_0007","DungeonStage"
"Item_RandomBox_SkillLvUp_ClassSorcerer_02_09","Item","Item_RandomBox_SkillLvUp_ClassSorcerer_02","Dungeon_Popup","Dungeon_Clover_0004","DungeonStage"
"Item_RandomBox_SkillLvUp_ClassSorcerer_02_10","Item","Item_RandomBox_SkillLvUp_ClassSorcerer_02","Dungeon_Popup","Dungeon_Clover_0005","DungeonStage"
"Item_RandomBox_SkillLvUp_ClassSorcerer_02_11","Item","Item_RandomBox_SkillLvUp_ClassSorcerer_02","Dungeon_Popup","Dungeon_Clover_0006","DungeonStage"
"Item_RandomBox_SkillLvUp_ClassSorcerer_02_12","Item","Item_RandomBox_SkillLvUp_ClassSorcerer_02","Dungeon_Popup","Dungeon_Clover_0007","DungeonStage"
"Item_RandomBox_SkillLvUp_ClassSorcerer_02_13","Item","Item_RandomBox_SkillLvUp_ClassSorcerer_02","AdventureMode_Popup","Stage_Normal_0125","AdventureStage"
"Item_RandomBox_SkillLvUp_ClassSorcerer_02_14","Item","Item_RandomBox_SkillLvUp_ClassSorcerer_02","AdventureMode_Popup","Stage_Normal_0133","AdventureStage"
"Item_RandomBox_SkillLvUp_ClassSorcerer_02_15","Item","Item_RandomBox_SkillLvUp_ClassSorcerer_02","AdventureMode_Popup","Stage_Normal_0170","AdventureStage"
"Item_RandomBox_SkillLvUp_ClassSorcerer_02_16","Item","Item_RandomBox_SkillLvUp_ClassSorcerer_02","AdventureMode_Popup","Stage_Normal_0178","AdventureStage"
"Item_RandomBox_SkillLvUp_ClassSorcerer_02_17","Item","Item_RandomBox_SkillLvUp_ClassSorcerer_02","AdventureMode_Popup","Stage_Normal_0215","AdventureStage"
"Item_RandomBox_SkillLvUp_ClassSorcerer_02_18","Item","Item_RandomBox_SkillLvUp_ClassSorcerer_02","AdventureMode_Popup","Stage_Normal_0223","AdventureStage"
"Item_RandomBox_SkillLvUp_ClassSorcerer_03_01","Item","Item_RandomBox_SkillLvUp_ClassSorcerer_03","Dungeon_Popup","Dungeon_Heart_0007","DungeonStage"
"Item_RandomBox_SkillLvUp_ClassSorcerer_03_02","Item","Item_RandomBox_SkillLvUp_ClassSorcerer_03","Dungeon_Popup","Dungeon_Diamond_0007","DungeonStage"
"Item_RandomBox_SkillLvUp_ClassSorcerer_03_03","Item","Item_RandomBox_SkillLvUp_ClassSorcerer_03","Dungeon_Popup","Dungeon_Clover_0007","DungeonStage"
"Item_RandomBox_SkillLvUp_ClassSorcerer_03_04","Item","Item_RandomBox_SkillLvUp_ClassSorcerer_03","AdventureMode_Popup","Stage_Normal_0215","AdventureStage"
"Item_RandomBox_SkillLvUp_ClassSorcerer_03_05","Item","Item_RandomBox_SkillLvUp_ClassSorcerer_03","AdventureMode_Popup","Stage_Normal_0223","AdventureStage"
"Item_RandomBox_SkillLvUp_ClassShooter_02_01","Item","Item_RandomBox_SkillLvUp_ClassShooter_02","Dungeon_Popup","Dungeon_Heart_0004","DungeonStage"
"Item_RandomBox_SkillLvUp_ClassShooter_02_02","Item","Item_RandomBox_SkillLvUp_ClassShooter_02","Dungeon_Popup","Dungeon_Heart_0005","DungeonStage"
"Item_RandomBox_SkillLvUp_ClassShooter_02_03","Item","Item_RandomBox_SkillLvUp_ClassShooter_02","Dungeon_Popup","Dungeon_Heart_0006","DungeonStage"
"Item_RandomBox_SkillLvUp_ClassShooter_02_04","Item","Item_RandomBox_SkillLvUp_ClassShooter_02","Dungeon_Popup","Dungeon_Heart_0007","DungeonStage"
"Item_RandomBox_SkillLvUp_ClassShooter_02_05","Item","Item_RandomBox_SkillLvUp_ClassShooter_02","Dungeon_Popup","Dungeon_Diamond_0004","DungeonStage"
"Item_RandomBox_SkillLvUp_ClassShooter_02_06","Item","Item_RandomBox_SkillLvUp_ClassShooter_02","Dungeon_Popup","Dungeon_Diamond_0005","DungeonStage"
"Item_RandomBox_SkillLvUp_ClassShooter_02_07","Item","Item_RandomBox_SkillLvUp_ClassShooter_02","Dungeon_Popup","Dungeon_Diamond_0006","DungeonStage"
"Item_RandomBox_SkillLvUp_ClassShooter_02_08","Item","Item_RandomBox_SkillLvUp_ClassShooter_02","Dungeon_Popup","Dungeon_Diamond_0007","DungeonStage"
"Item_RandomBox_SkillLvUp_ClassShooter_02_09","Item","Item_RandomBox_SkillLvUp_ClassShooter_02","Dungeon_Popup","Dungeon_Clover_0004","DungeonStage"
"Item_RandomBox_SkillLvUp_ClassShooter_02_10","Item","Item_RandomBox_SkillLvUp_ClassShooter_02","Dungeon_Popup","Dungeon_Clover_0005","DungeonStage"
"Item_RandomBox_SkillLvUp_ClassShooter_02_11","Item","Item_RandomBox_SkillLvUp_ClassShooter_02","Dungeon_Popup","Dungeon_Clover_0006","DungeonStage"
"Item_RandomBox_SkillLvUp_ClassShooter_02_12","Item","Item_RandomBox_SkillLvUp_ClassShooter_02","Dungeon_Popup","Dungeon_Clover_0007","DungeonStage"
"Item_RandomBox_SkillLvUp_ClassShooter_02_13","Item","Item_RandomBox_SkillLvUp_ClassShooter_02","AdventureMode_Popup","Stage_Normal_0127","AdventureStage"
"Item_RandomBox_SkillLvUp_ClassShooter_02_14","Item","Item_RandomBox_SkillLvUp_ClassShooter_02","AdventureMode_Popup","Stage_Normal_0172","AdventureStage"
"Item_RandomBox_SkillLvUp_ClassShooter_02_15","Item","Item_RandomBox_SkillLvUp_ClassShooter_02","AdventureMode_Popup","Stage_Normal_0180","AdventureStage"
"Item_RandomBox_SkillLvUp_ClassShooter_02_16","Item","Item_RandomBox_SkillLvUp_ClassShooter_02","AdventureMode_Popup","Stage_Normal_0217","AdventureStage"
"Item_RandomBox_SkillLvUp_ClassShooter_02_17","Item","Item_RandomBox_SkillLvUp_ClassShooter_02","AdventureMode_Popup","Stage_Normal_0225","AdventureStage"
"Item_RandomBox_SkillLvUp_ClassShooter_03_01","Item","Item_RandomBox_SkillLvUp_ClassShooter_03","Dungeon_Popup","Dungeon_Heart_0007","DungeonStage"
"Item_RandomBox_SkillLvUp_ClassShooter_03_02","Item","Item_RandomBox_SkillLvUp_ClassShooter_03","Dungeon_Popup","Dungeon_Diamond_0007","DungeonStage"
"Item_RandomBox_SkillLvUp_ClassShooter_03_03","Item","Item_RandomBox_SkillLvUp_ClassShooter_03","Dungeon_Popup","Dungeon_Clover_0007","DungeonStage"
"Item_RandomBox_SkillLvUp_ClassShooter_03_04","Item","Item_RandomBox_SkillLvUp_ClassShooter_03","AdventureMode_Popup","Stage_Normal_0217","AdventureStage"
"Item_RandomBox_SkillLvUp_ClassShooter_03_05","Item","Item_RandomBox_SkillLvUp_ClassShooter_03","AdventureMode_Popup","Stage_Normal_0225","AdventureStage"
"Item_RandomBox_SkillLvUp_ClassMage_02_01","Item","Item_RandomBox_SkillLvUp_ClassMage_02","Dungeon_Popup","Dungeon_Heart_0004","DungeonStage"
"Item_RandomBox_SkillLvUp_ClassMage_02_02","Item","Item_RandomBox_SkillLvUp_ClassMage_02","Dungeon_Popup","Dungeon_Heart_0005","DungeonStage"
"Item_RandomBox_SkillLvUp_ClassMage_02_03","Item","Item_RandomBox_SkillLvUp_ClassMage_02","Dungeon_Popup","Dungeon_Heart_0006","DungeonStage"
"Item_RandomBox_SkillLvUp_ClassMage_02_04","Item","Item_RandomBox_SkillLvUp_ClassMage_02","Dungeon_Popup","Dungeon_Heart_0007","DungeonStage"
"Item_RandomBox_SkillLvUp_ClassMage_02_05","Item","Item_RandomBox_SkillLvUp_ClassMage_02","Dungeon_Popup","Dungeon_Diamond_0004","DungeonStage"
"Item_RandomBox_SkillLvUp_ClassMage_02_06","Item","Item_RandomBox_SkillLvUp_ClassMage_02","Dungeon_Popup","Dungeon_Diamond_0005","DungeonStage"
"Item_RandomBox_SkillLvUp_ClassMage_02_07","Item","Item_RandomBox_SkillLvUp_ClassMage_02","Dungeon_Popup","Dungeon_Diamond_0006","DungeonStage"
"Item_RandomBox_SkillLvUp_ClassMage_02_08","Item","Item_RandomBox_SkillLvUp_ClassMage_02","Dungeon_Popup","Dungeon_Diamond_0007","DungeonStage"
"Item_RandomBox_SkillLvUp_ClassMage_02_09","Item","Item_RandomBox_SkillLvUp_ClassMage_02","Dungeon_Popup","Dungeon_Clover_0004","DungeonStage"
"Item_RandomBox_SkillLvUp_ClassMage_02_10","Item","Item_RandomBox_SkillLvUp_ClassMage_02","Dungeon_Popup","Dungeon_Clover_0005","DungeonStage"
"Item_RandomBox_SkillLvUp_ClassMage_02_11","Item","Item_RandomBox_SkillLvUp_ClassMage_02","Dungeon_Popup","Dungeon_Clover_0006","DungeonStage"
"Item_RandomBox_SkillLvUp_ClassMage_02_12","Item","Item_RandomBox_SkillLvUp_ClassMage_02","Dungeon_Popup","Dungeon_Clover_0007","DungeonStage"
"Item_RandomBox_SkillLvUp_ClassMage_02_13","Item","Item_RandomBox_SkillLvUp_ClassMage_02","AdventureMode_Popup","Stage_Normal_0128","AdventureStage"
"Item_RandomBox_SkillLvUp_ClassMage_02_14","Item","Item_RandomBox_SkillLvUp_ClassMage_02","AdventureMode_Popup","Stage_Normal_0173","AdventureStage"
"Item_RandomBox_SkillLvUp_ClassMage_02_15","Item","Item_RandomBox_SkillLvUp_ClassMage_02","AdventureMode_Popup","Stage_Normal_0218","AdventureStage"
"Item_RandomBox_SkillLvUp_ClassMage_03_01","Item","Item_RandomBox_SkillLvUp_ClassMage_03","Dungeon_Popup","Dungeon_Heart_0007","DungeonStage"
"Item_RandomBox_SkillLvUp_ClassMage_03_02","Item","Item_RandomBox_SkillLvUp_ClassMage_03","Dungeon_Popup","Dungeon_Diamond_0007","DungeonStage"
"Item_RandomBox_SkillLvUp_ClassMage_03_03","Item","Item_RandomBox_SkillLvUp_ClassMage_03","Dungeon_Popup","Dungeon_Clover_0007","DungeonStage"
"Item_RandomBox_SkillLvUp_ClassMage_03_04","Item","Item_RandomBox_SkillLvUp_ClassMage_03","AdventureMode_Popup","Stage_Normal_0218","AdventureStage"
"Item_RandomBox_SkillLvUp_ClassCleric_02_01","Item","Item_RandomBox_SkillLvUp_ClassCleric_02","Dungeon_Popup","Dungeon_Heart_0004","DungeonStage"
"Item_RandomBox_SkillLvUp_ClassCleric_02_02","Item","Item_RandomBox_SkillLvUp_ClassCleric_02","Dungeon_Popup","Dungeon_Heart_0005","DungeonStage"
"Item_RandomBox_SkillLvUp_ClassCleric_02_03","Item","Item_RandomBox_SkillLvUp_ClassCleric_02","Dungeon_Popup","Dungeon_Heart_0006","DungeonStage"
"Item_RandomBox_SkillLvUp_ClassCleric_02_04","Item","Item_RandomBox_SkillLvUp_ClassCleric_02","Dungeon_Popup","Dungeon_Heart_0007","DungeonStage"
"Item_RandomBox_SkillLvUp_ClassCleric_02_05","Item","Item_RandomBox_SkillLvUp_ClassCleric_02","Dungeon_Popup","Dungeon_Diamond_0004","DungeonStage"
"Item_RandomBox_SkillLvUp_ClassCleric_02_06","Item","Item_RandomBox_SkillLvUp_ClassCleric_02","Dungeon_Popup","Dungeon_Diamond_0005","DungeonStage"
"Item_RandomBox_SkillLvUp_ClassCleric_02_07","Item","Item_RandomBox_SkillLvUp_ClassCleric_02","Dungeon_Popup","Dungeon_Diamond_0006","DungeonStage"
"Item_RandomBox_SkillLvUp_ClassCleric_02_08","Item","Item_RandomBox_SkillLvUp_ClassCleric_02","Dungeon_Popup","Dungeon_Diamond_0007","DungeonStage"
"Item_RandomBox_SkillLvUp_ClassCleric_02_09","Item","Item_RandomBox_SkillLvUp_ClassCleric_02","Dungeon_Popup","Dungeon_Clover_0004","DungeonStage"
"Item_RandomBox_SkillLvUp_ClassCleric_02_10","Item","Item_RandomBox_SkillLvUp_ClassCleric_02","Dungeon_Popup","Dungeon_Clover_0005","DungeonStage"
"Item_RandomBox_SkillLvUp_ClassCleric_02_11","Item","Item_RandomBox_SkillLvUp_ClassCleric_02","Dungeon_Popup","Dungeon_Clover_0006","DungeonStage"
"Item_RandomBox_SkillLvUp_ClassCleric_02_12","Item","Item_RandomBox_SkillLvUp_ClassCleric_02","Dungeon_Popup","Dungeon_Clover_0007","DungeonStage"
"Item_RandomBox_SkillLvUp_ClassCleric_02_13","Item","Item_RandomBox_SkillLvUp_ClassCleric_02","AdventureMode_Popup","Stage_Normal_0126","AdventureStage"
"Item_RandomBox_SkillLvUp_ClassCleric_02_14","Item","Item_RandomBox_SkillLvUp_ClassCleric_02","AdventureMode_Popup","Stage_Normal_0134","AdventureStage"
"Item_RandomBox_SkillLvUp_ClassCleric_02_15","Item","Item_RandomBox_SkillLvUp_ClassCleric_02","AdventureMode_Popup","Stage_Normal_0171","AdventureStage"
"Item_RandomBox_SkillLvUp_ClassCleric_02_16","Item","Item_RandomBox_SkillLvUp_ClassCleric_02","AdventureMode_Popup","Stage_Normal_0179","AdventureStage"
"Item_RandomBox_SkillLvUp_ClassCleric_02_17","Item","Item_RandomBox_SkillLvUp_ClassCleric_02","AdventureMode_Popup","Stage_Normal_0216","AdventureStage"
"Item_RandomBox_SkillLvUp_ClassCleric_02_18","Item","Item_RandomBox_SkillLvUp_ClassCleric_02","AdventureMode_Popup","Stage_Normal_0224","AdventureStage"
"Item_RandomBox_SkillLvUp_ClassCleric_03_01","Item","Item_RandomBox_SkillLvUp_ClassCleric_03","Dungeon_Popup","Dungeon_Heart_0007","DungeonStage"
"Item_RandomBox_SkillLvUp_ClassCleric_03_02","Item","Item_RandomBox_SkillLvUp_ClassCleric_03","Dungeon_Popup","Dungeon_Diamond_0007","DungeonStage"
"Item_RandomBox_SkillLvUp_ClassCleric_03_03","Item","Item_RandomBox_SkillLvUp_ClassCleric_03","Dungeon_Popup","Dungeon_Clover_0007","DungeonStage"
"Item_RandomBox_SkillLvUp_ClassCleric_03_04","Item","Item_RandomBox_SkillLvUp_ClassCleric_03","AdventureMode_Popup","Stage_Normal_0216","AdventureStage"
"Item_RandomBox_SkillLvUp_ClassCleric_03_05","Item","Item_RandomBox_SkillLvUp_ClassCleric_03","AdventureMode_Popup","Stage_Normal_0224","AdventureStage"
"Item_RandomBox_AttributeRed_01_01","Item","Item_RandomBox_AttributeRed_01","Dungeon_Popup","Dungeon_Heart_0004","DungeonStage"
"Item_RandomBox_AttributeRed_01_02","Item","Item_RandomBox_AttributeRed_01","Dungeon_Popup","Dungeon_Heart_0005","DungeonStage"
"Item_RandomBox_AttributeRed_01_03","Item","Item_RandomBox_AttributeRed_01","Dungeon_Popup","Dungeon_Heart_0006","DungeonStage"
"Item_RandomBox_AttributeRed_02_01","Item","Item_RandomBox_AttributeRed_02","Dungeon_Popup","Dungeon_Heart_0007","DungeonStage"
"Item_RandomBox_AttributeBlue_01_01","Item","Item_RandomBox_AttributeBlue_01","Dungeon_Popup","Dungeon_Diamond_0004","DungeonStage"
"Item_RandomBox_AttributeBlue_01_02","Item","Item_RandomBox_AttributeBlue_01","Dungeon_Popup","Dungeon_Diamond_0005","DungeonStage"
"Item_RandomBox_AttributeBlue_01_03","Item","Item_RandomBox_AttributeBlue_01","Dungeon_Popup","Dungeon_Diamond_0006","DungeonStage"
"Item_RandomBox_AttributeBlue_02_01","Item","Item_RandomBox_AttributeBlue_02","Dungeon_Popup","Dungeon_Diamond_0007","DungeonStage"
"Item_RandomBox_AttributeGreen_01_01","Item","Item_RandomBox_AttributeGreen_01","Dungeon_Popup","Dungeon_Clover_0004","DungeonStage"
"Item_RandomBox_AttributeGreen_01_02","Item","Item_RandomBox_AttributeGreen_01","Dungeon_Popup","Dungeon_Clover_0005","DungeonStage"
"Item_RandomBox_AttributeGreen_01_03","Item","Item_RandomBox_AttributeGreen_01","Dungeon_Popup","Dungeon_Clover_0006","DungeonStage"
"Item_RandomBox_AttributeGreen_02_01","Item","Item_RandomBox_AttributeGreen_02","Dungeon_Popup","Dungeon_Clover_0007","DungeonStage"
"Item_RandomBox_WSkill_GradeUp_01","Item","Item_RandomBox_WSkill_GradeUp","Dungeon_Popup","Dungeon_Spade_0003","DungeonStage"
"Item_RandomBox_WSkill_GradeUp_02","Item","Item_RandomBox_WSkill_GradeUp","Dungeon_Popup","Dungeon_Spade_0004","DungeonStage"
"Item_RandomBox_WSkill_GradeUp_03","Item","Item_RandomBox_WSkill_GradeUp","Dungeon_Popup","Dungeon_Spade_0005","DungeonStage"
"Item_RandomBox_WSkill_GradeUp_04","Item","Item_RandomBox_WSkill_GradeUp","Dungeon_Popup","Dungeon_Spade_0006","DungeonStage"
"Item_RandomBox_WSkill_GradeUp_05","Item","Item_RandomBox_WSkill_GradeUp","Dungeon_Popup","Dungeon_Spade_0007","DungeonStage"
"Item_RandomBox_WSkill_GradeUp_06","Item","Item_RandomBox_WSkill_GradeUp","Dungeon_Popup","Dungeon_Spade_0008","DungeonStage"
"Item_EventAdventure_BossTicket_01","Item","Item_EventAdventure_BossTicket","EventAdventure_Popup","MessedUpMagicAcademy_Normal_001","Stage_Event"
"Item_EventAdventure_BossTicket_02","Item","Item_EventAdventure_BossTicket","EventAdventure_Popup","MessedUpMagicAcademy_Normal_002","Stage_Event"
"Item_EventAdventure_BossTicket_03","Item","Item_EventAdventure_BossTicket","EventAdventure_Popup","MessedUpMagicAcademy_Normal_004","Stage_Event"
"Item_EventAdventure_BossTicket_04","Item","Item_EventAdventure_BossTicket","EventAdventure_Popup","MessedUpMagicAcademy_Normal_006","Stage_Event"
"Item_EventAdventure_BossTicket_05","Item","Item_EventAdventure_BossTicket","EventAdventure_Popup","MessedUpMagicAcademy_Normal_007","Stage_Event"
"Item_EventAdventure_BossTicket_06","Item","Item_EventAdventure_BossTicket","EventAdventure_Popup","MessedUpMagicAcademy_Normal_009","Stage_Event"
"Item_EventAdventure_BossTicket_07","Item","Item_EventAdventure_BossTicket","EventAdventure_Popup","MessedUpMagicAcademy_Normal_011","Stage_Event"
"Item_EventAdventure_BossTicket_08","Item","Item_EventAdventure_BossTicket","EventAdventure_Popup","MessedUpMagicAcademy_Normal_012","Stage_Event"
"Item_EventAdventure_BossTicket_09","Item","Item_EventAdventure_BossTicket","EventAdventure_Popup","MessedUpMagicAcademy_Normal_014","Stage_Event"
"Item_EventAdventure_BossTicket_10","Item","Item_EventAdventure_BossTicket","EventAdventure_Hard_Popup","MessedUpMagicAcademy_Hard_001","Stage_Event"
"Item_Coin_EventAdventure_Flask_01","Item","Item_Coin_EventAdventure_Flask","EventAdventure_Popup","MessedUpMagicAcademy_Normal_001","Stage_Event"
"Item_Coin_EventAdventure_Flask_02","Item","Item_Coin_EventAdventure_Flask","EventAdventure_Popup","MessedUpMagicAcademy_Normal_002","Stage_Event"
"Item_Coin_EventAdventure_Flask_03","Item","Item_Coin_EventAdventure_Flask","EventAdventure_Popup","MessedUpMagicAcademy_Normal_003","Stage_Event"
"Item_Coin_EventAdventure_Flask_04","Item","Item_Coin_EventAdventure_Flask","EventAdventure_Popup","MessedUpMagicAcademy_Normal_006","Stage_Event"
"Item_Coin_EventAdventure_Flask_05","Item","Item_Coin_EventAdventure_Flask","EventAdventure_Popup","MessedUpMagicAcademy_Normal_007","Stage_Event"
"Item_Coin_EventAdventure_Flask_06","Item","Item_Coin_EventAdventure_Flask","EventAdventure_Popup","MessedUpMagicAcademy_Normal_008","Stage_Event"
"Item_Coin_EventAdventure_Flask_07","Item","Item_Coin_EventAdventure_Flask","EventAdventure_Popup","MessedUpMagicAcademy_Normal_011","Stage_Event"
"Item_Coin_EventAdventure_Flask_08","Item","Item_Coin_EventAdventure_Flask","EventAdventure_Popup","MessedUpMagicAcademy_Normal_012","Stage_Event"
"Item_Coin_EventAdventure_Flask_09","Item","Item_Coin_EventAdventure_Flask","EventAdventure_Popup","MessedUpMagicAcademy_Normal_013","Stage_Event"
"Item_Coin_EventAdventure_Flask_10","Item","Item_Coin_EventAdventure_Flask","EventAdventure_Popup","MessedUpMagicAcademy_Hard_002","Stage_Event"
"Item_Coin_EventAdventure_VotePaper_01","Item","Item_Coin_EventAdventure_VotePaper","EventAdventure_Popup","MessedUpMagicAcademy_Normal_001","Stage_Event"
"Item_Coin_EventAdventure_VotePaper_02","Item","Item_Coin_EventAdventure_VotePaper","EventAdventure_Popup","MessedUpMagicAcademy_Normal_003","Stage_Event"
"Item_Coin_EventAdventure_VotePaper_03","Item","Item_Coin_EventAdventure_VotePaper","EventAdventure_Popup","MessedUpMagicAcademy_Normal_004","Stage_Event"
"Item_Coin_EventAdventure_VotePaper_04","Item","Item_Coin_EventAdventure_VotePaper","EventAdventure_Popup","MessedUpMagicAcademy_Normal_005","Stage_Event"
"Item_Coin_EventAdventure_VotePaper_05","Item","Item_Coin_EventAdventure_VotePaper","EventAdventure_Popup","MessedUpMagicAcademy_Normal_006","Stage_Event"
"Item_Coin_EventAdventure_VotePaper_06","Item","Item_Coin_EventAdventure_VotePaper","EventAdventure_Popup","MessedUpMagicAcademy_Normal_008","Stage_Event"
"Item_Coin_EventAdventure_VotePaper_07","Item","Item_Coin_EventAdventure_VotePaper","EventAdventure_Popup","MessedUpMagicAcademy_Normal_009","Stage_Event"
"Item_Coin_EventAdventure_VotePaper_08","Item","Item_Coin_EventAdventure_VotePaper","EventAdventure_Popup","MessedUpMagicAcademy_Normal_010","Stage_Event"
"Item_Coin_EventAdventure_VotePaper_09","Item","Item_Coin_EventAdventure_VotePaper","EventAdventure_Popup","MessedUpMagicAcademy_Normal_011","Stage_Event"
"Item_Coin_EventAdventure_VotePaper_10","Item","Item_Coin_EventAdventure_VotePaper","EventAdventure_Popup","MessedUpMagicAcademy_Normal_013","Stage_Event"
"Item_Coin_EventAdventure_VotePaper_11","Item","Item_Coin_EventAdventure_VotePaper","EventAdventure_Popup","MessedUpMagicAcademy_Normal_014","Stage_Event"
"Item_Coin_EventAdventure_VotePaper_12","Item","Item_Coin_EventAdventure_VotePaper","EventAdventure_Popup","MessedUpMagicAcademy_Normal_015","Stage_Event"
"Item_Coin_EventAdventure_VotePaper_13","Item","Item_Coin_EventAdventure_VotePaper","EventAdventure_Popup","MessedUpMagicAcademy_Hard_003","Stage_Event"
"Item_Coin_EventAdventure_FlagPen_01","Item","Item_Coin_EventAdventure_FlagPen","EventAdventureBoss_Popup","MessedUpMagicAcademy_Boss_001","Stage_Event"
"Item_Coin_EventAdventure_FlagPen_02","Item","Item_Coin_EventAdventure_FlagPen","EventAdventureBoss_Popup","MessedUpMagicAcademy_Boss_002","Stage_Event"
"Item_Coin_EventAdventure_FlagPen_03","Item","Item_Coin_EventAdventure_FlagPen","EventAdventureBoss_Popup","MessedUpMagicAcademy_Boss_003","Stage_Event"
"Item_Coin_EventAdventure_FlagPen_04","Item","Item_Coin_EventAdventure_FlagPen","EventAdventureBoss_Popup","MessedUpMagicAcademy_Boss_004","Stage_Event"
"Item_Coin_EventAdventure_FlagPen_05","Item","Item_Coin_EventAdventure_FlagPen","EventAdventureBoss_Popup","MessedUpMagicAcademy_Boss_005","Stage_Event"
"MissionGroup_MessedUpMagicAcademy_01_01","Mission","MissionGroup_MessedUpMagicAcademy_01","EventAdventureDashBoard_Direct","EventAdventure_MessedUpMagicAcademy","EventAdventure"
"MissionGroup_MessedUpMagicAcademy_02_01","Mission","MissionGroup_MessedUpMagicAcademy_02","EventAdventureMission_Direct","EventAdventure_MessedUpMagicAcademy",""
"MissionGroup_MessedUpMagicAcademy_03_01","Mission","MissionGroup_MessedUpMagicAcademy_03","EventAdventureBattle_Direct","EventAdventure_MessedUpMagicAcademy",""
"MissionGroup_MessedUpMagicAcademy_04_01","Mission","MissionGroup_MessedUpMagicAcademy_04","EventAdventureBattle_Direct","EventAdventure_MessedUpMagicAcademy",""
"MissionGroup_MessedUpMagicAcademy_05_01","Mission","MissionGroup_MessedUpMagicAcademy_05","EventAdventure_Popup","MessedUpMagicAcademy_Normal_015","Stage_Event"
"MissionGroup_MessedUpMagicAcademy_06_01","Mission","MissionGroup_MessedUpMagicAcademy_06","EventAdventure_Hard_Popup","MessedUpMagicAcademy_Hard_003","Stage_Event"
"MissionGroup_MessedUpMagicAcademy_07_01","Mission","MissionGroup_MessedUpMagicAcademy_07","EventAdventureMiniGame_Direct","Vote_MessedUpMagicAcademy","MiniGameVote"
"MissionGroup_MessedUpMagicAcademy_08_01","Mission","MissionGroup_MessedUpMagicAcademy_08","EventAdventureMiniGame_Direct","Vote_MessedUpMagicAcademy","MiniGameVote"
"Item_EventAdventure_N002OceanSpa_BossTicket_01","Item","Item_EventAdventure_N002OceanSpa_BossTicket","EventAdventure_Popup","OceanSpa_Normal_001","Stage_Event"
"Item_EventAdventure_N002OceanSpa_BossTicket_02","Item","Item_EventAdventure_N002OceanSpa_BossTicket","EventAdventure_Popup","OceanSpa_Normal_002","Stage_Event"
"Item_EventAdventure_N002OceanSpa_BossTicket_03","Item","Item_EventAdventure_N002OceanSpa_BossTicket","EventAdventure_Popup","OceanSpa_Normal_004","Stage_Event"
"Item_EventAdventure_N002OceanSpa_BossTicket_04","Item","Item_EventAdventure_N002OceanSpa_BossTicket","EventAdventure_Popup","OceanSpa_Normal_006","Stage_Event"
"Item_EventAdventure_N002OceanSpa_BossTicket_05","Item","Item_EventAdventure_N002OceanSpa_BossTicket","EventAdventure_Popup","OceanSpa_Normal_007","Stage_Event"
"Item_EventAdventure_N002OceanSpa_BossTicket_06","Item","Item_EventAdventure_N002OceanSpa_BossTicket","EventAdventure_Popup","OceanSpa_Normal_009","Stage_Event"
"Item_EventAdventure_N002OceanSpa_BossTicket_07","Item","Item_EventAdventure_N002OceanSpa_BossTicket","EventAdventure_Popup","OceanSpa_Normal_011","Stage_Event"
"Item_EventAdventure_N002OceanSpa_BossTicket_08","Item","Item_EventAdventure_N002OceanSpa_BossTicket","EventAdventure_Popup","OceanSpa_Normal_012","Stage_Event"
"Item_EventAdventure_N002OceanSpa_BossTicket_09","Item","Item_EventAdventure_N002OceanSpa_BossTicket","EventAdventure_Popup","OceanSpa_Normal_014","Stage_Event"
"Item_EventAdventure_N002OceanSpa_BossTicket_10","Item","Item_EventAdventure_N002OceanSpa_BossTicket","EventAdventure_Hard_Popup","OceanSpa_Hard_001","Stage_Event"
"Item_Coin_EventAdventure_N002OceanSpa_Egg_01","Item","Item_Coin_EventAdventure_N002OceanSpa_Egg","EventAdventure_Popup","OceanSpa_Normal_001","Stage_Event"
"Item_Coin_EventAdventure_N002OceanSpa_Egg_02","Item","Item_Coin_EventAdventure_N002OceanSpa_Egg","EventAdventure_Popup","OceanSpa_Normal_002","Stage_Event"
"Item_Coin_EventAdventure_N002OceanSpa_Egg_03","Item","Item_Coin_EventAdventure_N002OceanSpa_Egg","EventAdventure_Popup","OceanSpa_Normal_003","Stage_Event"
"Item_Coin_EventAdventure_N002OceanSpa_Egg_04","Item","Item_Coin_EventAdventure_N002OceanSpa_Egg","EventAdventure_Popup","OceanSpa_Normal_006","Stage_Event"
"Item_Coin_EventAdventure_N002OceanSpa_Egg_05","Item","Item_Coin_EventAdventure_N002OceanSpa_Egg","EventAdventure_Popup","OceanSpa_Normal_007","Stage_Event"
"Item_Coin_EventAdventure_N002OceanSpa_Egg_06","Item","Item_Coin_EventAdventure_N002OceanSpa_Egg","EventAdventure_Popup","OceanSpa_Normal_008","Stage_Event"
"Item_Coin_EventAdventure_N002OceanSpa_Egg_07","Item","Item_Coin_EventAdventure_N002OceanSpa_Egg","EventAdventure_Popup","OceanSpa_Normal_011","Stage_Event"
"Item_Coin_EventAdventure_N002OceanSpa_Egg_08","Item","Item_Coin_EventAdventure_N002OceanSpa_Egg","EventAdventure_Popup","OceanSpa_Normal_012","Stage_Event"
"Item_Coin_EventAdventure_N002OceanSpa_Egg_09","Item","Item_Coin_EventAdventure_N002OceanSpa_Egg","EventAdventure_Popup","OceanSpa_Normal_013","Stage_Event"
"Item_Coin_EventAdventure_N002OceanSpa_Egg_10","Item","Item_Coin_EventAdventure_N002OceanSpa_Egg","EventAdventure_Popup","OceanSpa_Hard_002","Stage_Event"
"Item_Coin_EventAdventure_N002OceanSpa_Soap_01","Item","Item_Coin_EventAdventure_N002OceanSpa_Soap","EventAdventure_Popup","OceanSpa_Normal_001","Stage_Event"
"Item_Coin_EventAdventure_N002OceanSpa_Soap_02","Item","Item_Coin_EventAdventure_N002OceanSpa_Soap","EventAdventure_Popup","OceanSpa_Normal_003","Stage_Event"
"Item_Coin_EventAdventure_N002OceanSpa_Soap_03","Item","Item_Coin_EventAdventure_N002OceanSpa_Soap","EventAdventure_Popup","OceanSpa_Normal_004","Stage_Event"
"Item_Coin_EventAdventure_N002OceanSpa_Soap_04","Item","Item_Coin_EventAdventure_N002OceanSpa_Soap","EventAdventure_Popup","OceanSpa_Normal_005","Stage_Event"
"Item_Coin_EventAdventure_N002OceanSpa_Soap_05","Item","Item_Coin_EventAdventure_N002OceanSpa_Soap","EventAdventure_Popup","OceanSpa_Normal_006","Stage_Event"
"Item_Coin_EventAdventure_N002OceanSpa_Soap_06","Item","Item_Coin_EventAdventure_N002OceanSpa_Soap","EventAdventure_Popup","OceanSpa_Normal_008","Stage_Event"
"Item_Coin_EventAdventure_N002OceanSpa_Soap_07","Item","Item_Coin_EventAdventure_N002OceanSpa_Soap","EventAdventure_Popup","OceanSpa_Normal_009","Stage_Event"
"Item_Coin_EventAdventure_N002OceanSpa_Soap_08","Item","Item_Coin_EventAdventure_N002OceanSpa_Soap","EventAdventure_Popup","OceanSpa_Normal_010","Stage_Event"
"Item_Coin_EventAdventure_N002OceanSpa_Soap_09","Item","Item_Coin_EventAdventure_N002OceanSpa_Soap","EventAdventure_Popup","OceanSpa_Normal_011","Stage_Event"
"Item_Coin_EventAdventure_N002OceanSpa_Soap_10","Item","Item_Coin_EventAdventure_N002OceanSpa_Soap","EventAdventure_Popup","OceanSpa_Normal_013","Stage_Event"
"Item_Coin_EventAdventure_N002OceanSpa_Soap_11","Item","Item_Coin_EventAdventure_N002OceanSpa_Soap","EventAdventure_Popup","OceanSpa_Normal_014","Stage_Event"
"Item_Coin_EventAdventure_N002OceanSpa_Soap_12","Item","Item_Coin_EventAdventure_N002OceanSpa_Soap","EventAdventure_Popup","OceanSpa_Normal_015","Stage_Event"
"Item_Coin_EventAdventure_N002OceanSpa_Soap_13","Item","Item_Coin_EventAdventure_N002OceanSpa_Soap","EventAdventure_Popup","OceanSpa_Hard_003","Stage_Event"
"Item_Coin_EventAdventure_N002OceanSpa_Towel_01","Item","Item_Coin_EventAdventure_N002OceanSpa_Towel","EventAdventureBoss_Popup","OceanSpa_Boss_001","Stage_Event"
"Item_Coin_EventAdventure_N002OceanSpa_Towel_02","Item","Item_Coin_EventAdventure_N002OceanSpa_Towel","EventAdventureBoss_Popup","OceanSpa_Boss_002","Stage_Event"
"Item_Coin_EventAdventure_N002OceanSpa_Towel_03","Item","Item_Coin_EventAdventure_N002OceanSpa_Towel","EventAdventureBoss_Popup","OceanSpa_Boss_003","Stage_Event"
"Item_Coin_EventAdventure_N002OceanSpa_Towel_04","Item","Item_Coin_EventAdventure_N002OceanSpa_Towel","EventAdventureBoss_Popup","OceanSpa_Boss_004","Stage_Event"
"Item_Coin_EventAdventure_N002OceanSpa_Towel_05","Item","Item_Coin_EventAdventure_N002OceanSpa_Towel","EventAdventureBoss_Popup","OceanSpa_Boss_005","Stage_Event"
"Item_Coin_EventAdventure_N002OceanSpa_Basket_01","Item","Item_Coin_EventAdventure_N002OceanSpa_Basket","EventAdventureMiniGame_Direct","EventTaggerFind_ETaggerFind001GhostFind","EventTaggerFind"
"MissionGroup_002OceanSpa_01_01","Mission","MissionGroup_002OceanSpa_01","EventAdventureDashBoard_Direct","EventAdventure_OceanSpa","EventAdventure"
"MissionGroup_002OceanSpa_02_01","Mission","MissionGroup_002OceanSpa_02","EventAdventureMission_Direct","EventAdventure_OceanSpa",""
"MissionGroup_002OceanSpa_03_01","Mission","MissionGroup_002OceanSpa_03","EventAdventureBattle_Direct","EventAdventure_OceanSpa",""
"MissionGroup_002OceanSpa_04_01","Mission","MissionGroup_002OceanSpa_04","EventAdventureBattle_Direct","EventAdventure_OceanSpa",""
"MissionGroup_002OceanSpa_05_01","Mission","MissionGroup_002OceanSpa_05","EventAdventure_Popup","OceanSpa_Normal_015","Stage_Event"
"MissionGroup_002OceanSpa_06_01","Mission","MissionGroup_002OceanSpa_06","EventAdventure_Hard_Popup","OceanSpa_Hard_003","Stage_Event"
"MissionGroup_002OceanSpa_07_01","Mission","MissionGroup_002OceanSpa_07","EventAdventureMiniGame_Direct","EventTaggerFind_ETaggerFind001GhostFind","EventTaggerFind"
"MissionGroup_002OceanSpa_08_01","Mission","MissionGroup_002OceanSpa_08","EventAdventureMiniGame_Direct","EventTaggerFind_ETaggerFind001GhostFind","EventTaggerFind"
"Item_Coin_TotalWar_01_01","Item","Item_Coin_TotalWar_01","TotalWar_Direct","","TotalWarSeason"
"MissionGroup_N001HeroGrowthBoost_01_01","Mission","MissionGroup_N001HeroGrowthBoost_01","AdventureNormal_Direct","",""
"MissionGroup_N001HeroGrowthBoost_02_01","Mission","MissionGroup_N001HeroGrowthBoost_02","AdventureHard_Direct","",""
"MissionGroup_N001HeroGrowthBoost_03_01","Mission","MissionGroup_N001HeroGrowthBoost_03","RuinsGold_Direct","",""
"MissionGroup_N001HeroGrowthBoost_04_01","Mission","MissionGroup_N001HeroGrowthBoost_04","RuinsExp_Direct","",""
"MissionGroup_N001HeroGrowthBoost_05_01","Mission","MissionGroup_N001HeroGrowthBoost_05","EnergyBuy_Popup","",""
"MissionGroup_N001HeroGrowthBoost_06_01","Mission","MissionGroup_N001HeroGrowthBoost_06","EventApBoostMission_Direct","EventApBoost_N001HeroGrowthBoost",""
"Item_Coin_Event_ApBoost_HeroGrowthBoost_01","Item","Item_Coin_Event_ApBoost_HeroGrowthBoost","AdventureNormal_Direct","",""
"Item_Coin_Event_ApBoost_HeroGrowthBoost_02","Item","Item_Coin_Event_ApBoost_HeroGrowthBoost","Ruins_Direct","",""
"Item_GachaTicket_GuardianKnightFix_TenRoll_01","Item","Item_GachaTicket_GuardianKnightFix_TenRoll","TaleStone_Popup","",""
"Item_GachaTicket_MageShooterFix_TenRoll_01","Item","Item_GachaTicket_MageShooterFix_TenRoll","TaleStone_Popup","",""
"MissionGroup_TileBreak_Halloween2025_01_01","Mission","MissionGroup_TileBreak_Halloween2025_01","AdventureNormal_Direct","",""
"MissionGroup_TileBreak_Halloween2025_02_01","Mission","MissionGroup_TileBreak_Halloween2025_02","AdventureHard_Direct","",""
"MissionGroup_TileBreak_Halloween2025_03_01","Mission","MissionGroup_TileBreak_Halloween2025_03","RuinsGold_Direct","",""
"MissionGroup_TileBreak_Halloween2025_04_01","Mission","MissionGroup_TileBreak_Halloween2025_04","RuinsExp_Direct","",""
"MissionGroup_TileBreak_Halloween2025_05_01","Mission","MissionGroup_TileBreak_Halloween2025_05","Kingdom_Direct","",""
"MissionGroup_TileBreak_Halloween2025_06_01","Mission","MissionGroup_TileBreak_Halloween2025_06","Kingdom_Direct","",""
"MissionGroup_TileBreak_Halloween2025_07_01","Mission","MissionGroup_TileBreak_Halloween2025_07","EventTileBreakMission_Direct","EventTileBreak_Halloween2025",""
"Item_Material_HeroGradeUp_Char_088_S01_R_03","Item","Item_Material_HeroGradeUp_Char_088_S01_R","ShopCoinTotalWar_Popup","Shop_Coin_TotalWar","ShopProduct"
"Item_Material_HeroGradeUp_Char_037_S01_L_04","Item","Item_Material_HeroGradeUp_Char_037_S01_L","ShopCoinTotalWar_Popup","Shop_Coin_TotalWar","ShopProduct"
"Item_Material_HeroGradeUp_Char_078_S01_R_04","Item","Item_Material_HeroGradeUp_Char_078_S01_R","ShopCoinTotalWar_Popup","Shop_Coin_TotalWar","ShopProduct"
"Item_Material_HeroGradeUp_Char_006_S01_G_04","Item","Item_Material_HeroGradeUp_Char_006_S01_G","ShopCoinTotalWar_Popup","Shop_Coin_TotalWar","ShopProduct"
"Item_Material_SkillLvUp_Cellarn_Emblem_01","Item","Item_Material_SkillLvUp_Cellarn_Emblem","ShopCoinDungeon_Popup","Shop_Coin_Dungeon","ShopProduct"
"Item_Material_SkillLvUp_Cellarn_Emblem_02","Item","Item_Material_SkillLvUp_Cellarn_Emblem","ShopCoinTotalWar_Popup","Shop_Coin_TotalWar","ShopProduct"
"Item_Material_SkillLvUp_Elvinzia_Emblem_01","Item","Item_Material_SkillLvUp_Elvinzia_Emblem","ShopCoinDungeon_Popup","Shop_Coin_Dungeon","ShopProduct"
"Item_Material_SkillLvUp_Elvinzia_Emblem_02","Item","Item_Material_SkillLvUp_Elvinzia_Emblem","ShopCoinTotalWar_Popup","Shop_Coin_TotalWar","ShopProduct"
"Item_Material_SkillLvUp_Paulhill_Emblem_01","Item","Item_Material_SkillLvUp_Paulhill_Emblem","ShopCoinDungeon_Popup","Shop_Coin_Dungeon","ShopProduct"
"Item_Material_SkillLvUp_Paulhill_Emblem_02","Item","Item_Material_SkillLvUp_Paulhill_Emblem","ShopCoinTotalWar_Popup","Shop_Coin_TotalWar","ShopProduct"
"Item_Material_SkillLvUp_Cyberia_Emblem_01","Item","Item_Material_SkillLvUp_Cyberia_Emblem","ShopCoinDungeon_Popup","Shop_Coin_Dungeon","ShopProduct"
"Item_Material_SkillLvUp_Cyberia_Emblem_02","Item","Item_Material_SkillLvUp_Cyberia_Emblem","ShopCoinTotalWar_Popup","Shop_Coin_TotalWar","ShopProduct"
"Item_Material_SkillLvUp_DelMar_Emblem_01","Item","Item_Material_SkillLvUp_DelMar_Emblem","ShopCoinDungeon_Popup","Shop_Coin_Dungeon","ShopProduct"
"Item_Material_SkillLvUp_DelMar_Emblem_02","Item","Item_Material_SkillLvUp_DelMar_Emblem","ShopCoinTotalWar_Popup","Shop_Coin_TotalWar","ShopProduct"
"Item_Material_SkillLvUp_Kainan_Emblem_01","Item","Item_Material_SkillLvUp_Kainan_Emblem","ShopCoinDungeon_Popup","Shop_Coin_Dungeon","ShopProduct"
"Item_Material_SkillLvUp_Kainan_Emblem_02","Item","Item_Material_SkillLvUp_Kainan_Emblem","ShopCoinTotalWar_Popup","Shop_Coin_TotalWar","ShopProduct"
"Item_Material_SkillLvUp_Maru_Emblem_01","Item","Item_Material_SkillLvUp_Maru_Emblem","ShopCoinDungeon_Popup","Shop_Coin_Dungeon","ShopProduct"
"Item_Material_SkillLvUp_Maru_Emblem_02","Item","Item_Material_SkillLvUp_Maru_Emblem","ShopCoinTotalWar_Popup","Shop_Coin_TotalWar","ShopProduct"
"Item_Material_SkillLvUp_AttributeRed_01_09","Item","Item_Material_SkillLvUp_AttributeRed_01","ShopCoinDungeon_Popup","Shop_Coin_Dungeon","ShopProduct"
"Item_Material_SkillLvUp_AttributeRed_01_10","Item","Item_Material_SkillLvUp_AttributeRed_01","ShopCoinTotalWar_Popup","Shop_Coin_TotalWar","ShopProduct"
"Item_Material_SkillLvUp_AttributeRed_02_06","Item","Item_Material_SkillLvUp_AttributeRed_02","ShopCoinDungeon_Popup","Shop_Coin_Dungeon","ShopProduct"
"Item_Material_SkillLvUp_AttributeRed_02_07","Item","Item_Material_SkillLvUp_AttributeRed_02","ShopCoinTotalWar_Popup","Shop_Coin_TotalWar","ShopProduct"
"Item_Material_SkillLvUp_AttributeRed_03_03","Item","Item_Material_SkillLvUp_AttributeRed_03","ShopCoinDungeon_Popup","Shop_Coin_Dungeon","ShopProduct"
"Item_Material_SkillLvUp_AttributeRed_03_04","Item","Item_Material_SkillLvUp_AttributeRed_03","ShopCoinTotalWar_Popup","Shop_Coin_TotalWar","ShopProduct"
"Item_Material_SkillLvUp_AttributeRed_04_01","Item","Item_Material_SkillLvUp_AttributeRed_04","ShopCoinDungeon_Popup","Shop_Coin_Dungeon","ShopProduct"
"Item_Material_SkillLvUp_AttributeRed_04_02","Item","Item_Material_SkillLvUp_AttributeRed_04","ShopCoinTotalWar_Popup","Shop_Coin_TotalWar","ShopProduct"
"Item_Material_SkillLvUp_AttributeBlue_01_09","Item","Item_Material_SkillLvUp_AttributeBlue_01","ShopCoinDungeon_Popup","Shop_Coin_Dungeon","ShopProduct"
"Item_Material_SkillLvUp_AttributeBlue_01_10","Item","Item_Material_SkillLvUp_AttributeBlue_01","ShopCoinTotalWar_Popup","Shop_Coin_TotalWar","ShopProduct"
"Item_Material_SkillLvUp_AttributeBlue_02_06","Item","Item_Material_SkillLvUp_AttributeBlue_02","ShopCoinDungeon_Popup","Shop_Coin_Dungeon","ShopProduct"
"Item_Material_SkillLvUp_AttributeBlue_02_07","Item","Item_Material_SkillLvUp_AttributeBlue_02","ShopCoinTotalWar_Popup","Shop_Coin_TotalWar","ShopProduct"
"Item_Material_SkillLvUp_AttributeBlue_03_03","Item","Item_Material_SkillLvUp_AttributeBlue_03","ShopCoinTotalWar_Popup","Shop_Coin_TotalWar","ShopProduct"
"Item_Material_SkillLvUp_AttributeBlue_03_04","Item","Item_Material_SkillLvUp_AttributeBlue_03","ShopCoinDungeon_Popup","Shop_Coin_Dungeon","ShopProduct"
"Item_Material_SkillLvUp_AttributeBlue_04_01","Item","Item_Material_SkillLvUp_AttributeBlue_04","ShopCoinDungeon_Popup","Shop_Coin_Dungeon","ShopProduct"
"Item_Material_SkillLvUp_AttributeBlue_04_02","Item","Item_Material_SkillLvUp_AttributeBlue_04","ShopCoinTotalWar_Popup","Shop_Coin_TotalWar","ShopProduct"
"Item_Material_SkillLvUp_AttributeGreen_01_09","Item","Item_Material_SkillLvUp_AttributeGreen_01","ShopCoinDungeon_Popup","Shop_Coin_Dungeon","ShopProduct"
"Item_Material_SkillLvUp_AttributeGreen_01_10","Item","Item_Material_SkillLvUp_AttributeGreen_01","ShopCoinTotalWar_Popup","Shop_Coin_TotalWar","ShopProduct"
"Item_Material_SkillLvUp_AttributeGreen_02_06","Item","Item_Material_SkillLvUp_AttributeGreen_02","ShopCoinDungeon_Popup","Shop_Coin_Dungeon","ShopProduct"
"Item_Material_SkillLvUp_AttributeGreen_02_07","Item","Item_Material_SkillLvUp_AttributeGreen_02","ShopCoinTotalWar_Popup","Shop_Coin_TotalWar","ShopProduct"
"Item_Material_SkillLvUp_AttributeGreen_03_03","Item","Item_Material_SkillLvUp_AttributeGreen_03","ShopCoinDungeon_Popup","Shop_Coin_Dungeon","ShopProduct"
"Item_Material_SkillLvUp_AttributeGreen_03_04","Item","Item_Material_SkillLvUp_AttributeGreen_03","ShopCoinTotalWar_Popup","Shop_Coin_TotalWar","ShopProduct"
"Item_Material_SkillLvUp_AttributeGreen_04_01","Item","Item_Material_SkillLvUp_AttributeGreen_04","ShopCoinDungeon_Popup","Shop_Coin_Dungeon","ShopProduct"
"Item_Material_SkillLvUp_AttributeGreen_04_02","Item","Item_Material_SkillLvUp_AttributeGreen_04","ShopCoinTotalWar_Popup","Shop_Coin_TotalWar","ShopProduct"
"Item_Material_SkillLvUp_ClassGuardian_01_37","Item","Item_Material_SkillLvUp_ClassGuardian_01","ShopCoinDungeon_Popup","Shop_Coin_Dungeon","ShopProduct"
"Item_Material_SkillLvUp_ClassGuardian_01_38","Item","Item_Material_SkillLvUp_ClassGuardian_01","ShopCoinTotalWar_Popup","Shop_Coin_TotalWar","ShopProduct"
"Item_Material_SkillLvUp_ClassGuardian_02_22","Item","Item_Material_SkillLvUp_ClassGuardian_02","ShopCoinDungeon_Popup","Shop_Coin_Dungeon","ShopProduct"
"Item_Material_SkillLvUp_ClassGuardian_02_23","Item","Item_Material_SkillLvUp_ClassGuardian_02","ShopCoinTotalWar_Popup","Shop_Coin_TotalWar","ShopProduct"
"Item_Material_SkillLvUp_ClassKnight_01_37","Item","Item_Material_SkillLvUp_ClassKnight_01","ShopCoinDungeon_Popup","Shop_Coin_Dungeon","ShopProduct"
"Item_Material_SkillLvUp_ClassKnight_01_38","Item","Item_Material_SkillLvUp_ClassKnight_01","ShopCoinTotalWar_Popup","Shop_Coin_TotalWar","ShopProduct"
"Item_Material_SkillLvUp_ClassKnight_02_22","Item","Item_Material_SkillLvUp_ClassKnight_02","ShopCoinDungeon_Popup","Shop_Coin_Dungeon","ShopProduct"
"Item_Material_SkillLvUp_ClassKnight_02_23","Item","Item_Material_SkillLvUp_ClassKnight_02","ShopCoinTotalWar_Popup","Shop_Coin_TotalWar","ShopProduct"
"Item_Material_SkillLvUp_ClassFighter_01_37","Item","Item_Material_SkillLvUp_ClassFighter_01","ShopCoinDungeon_Popup","Shop_Coin_Dungeon","ShopProduct"
"Item_Material_SkillLvUp_ClassFighter_01_38","Item","Item_Material_SkillLvUp_ClassFighter_01","ShopCoinTotalWar_Popup","Shop_Coin_TotalWar","ShopProduct"
"Item_Material_SkillLvUp_ClassFighter_02_22","Item","Item_Material_SkillLvUp_ClassFighter_02","ShopCoinDungeon_Popup","Shop_Coin_Dungeon","ShopProduct"
"Item_Material_SkillLvUp_ClassFighter_02_23","Item","Item_Material_SkillLvUp_ClassFighter_02","ShopCoinTotalWar_Popup","Shop_Coin_TotalWar","ShopProduct"
"Item_Material_SkillLvUp_ClassRanger_01_37","Item","Item_Material_SkillLvUp_ClassRanger_01","ShopCoinDungeon_Popup","Shop_Coin_Dungeon","ShopProduct"
"Item_Material_SkillLvUp_ClassRanger_01_38","Item","Item_Material_SkillLvUp_ClassRanger_01","ShopCoinTotalWar_Popup","Shop_Coin_TotalWar","ShopProduct"
"Item_Material_SkillLvUp_ClassRanger_02_22","Item","Item_Material_SkillLvUp_ClassRanger_02","ShopCoinDungeon_Popup","Shop_Coin_Dungeon","ShopProduct"
"Item_Material_SkillLvUp_ClassRanger_02_23","Item","Item_Material_SkillLvUp_ClassRanger_02","ShopCoinTotalWar_Popup","Shop_Coin_TotalWar","ShopProduct"
"Item_Material_SkillLvUp_ClassSorcerer_033","Item","Item_Material_SkillLvUp_ClassSorcerer_01","ShopCoinDungeon_Popup","Shop_Coin_Dungeon","ShopProduct"
"Item_Material_SkillLvUp_ClassSorcerer_034","Item","Item_Material_SkillLvUp_ClassSorcerer_01","ShopCoinTotalWar_Popup","Shop_Coin_TotalWar","ShopProduct"
"Item_Material_SkillLvUp_ClassSorcerer_20","Item","Item_Material_SkillLvUp_ClassSorcerer_02","ShopCoinDungeon_Popup","Shop_Coin_Dungeon","ShopProduct"
"Item_Material_SkillLvUp_ClassSorcerer_21","Item","Item_Material_SkillLvUp_ClassSorcerer_02","ShopCoinTotalWar_Popup","Shop_Coin_TotalWar","ShopProduct"
"Item_Material_SkillLvUp_ClassShooter_33","Item","Item_Material_SkillLvUp_ClassShooter_01","ShopCoinDungeon_Popup","Shop_Coin_Dungeon","ShopProduct"
"Item_Material_SkillLvUp_ClassShooter_34","Item","Item_Material_SkillLvUp_ClassShooter_01","ShopCoinTotalWar_Popup","Shop_Coin_TotalWar","ShopProduct"
"Item_Material_SkillLvUp_ClassShooter_20","Item","Item_Material_SkillLvUp_ClassShooter_02","ShopCoinDungeon_Popup","Shop_Coin_Dungeon","ShopProduct"
"Item_Material_SkillLvUp_ClassShooter_21","Item","Item_Material_SkillLvUp_ClassShooter_02","ShopCoinTotalWar_Popup","Shop_Coin_TotalWar","ShopProduct"
"Item_Material_SkillLvUp_ClassMage_33","Item","Item_Material_SkillLvUp_ClassMage_01","ShopCoinDungeon_Popup","Shop_Coin_Dungeon","ShopProduct"
"Item_Material_SkillLvUp_ClassMage_34","Item","Item_Material_SkillLvUp_ClassMage_01","ShopCoinTotalWar_Popup","Shop_Coin_TotalWar","ShopProduct"
"Item_Material_SkillLvUp_ClassMage_20","Item","Item_Material_SkillLvUp_ClassMage_02","ShopCoinDungeon_Popup","Shop_Coin_Dungeon","ShopProduct"
"Item_Material_SkillLvUp_ClassMage_21","Item","Item_Material_SkillLvUp_ClassMage_02","ShopCoinTotalWar_Popup","Shop_Coin_TotalWar","ShopProduct"
"Item_Material_SkillLvUp_ClassCleric_33","Item","Item_Material_SkillLvUp_ClassCleric_01","ShopCoinDungeon_Popup","Shop_Coin_Dungeon","ShopProduct"
"Item_Material_SkillLvUp_ClassCleric_34","Item","Item_Material_SkillLvUp_ClassCleric_01","ShopCoinTotalWar_Popup","Shop_Coin_TotalWar","ShopProduct"
"Item_Material_SkillLvUp_ClassCleric_20","Item","Item_Material_SkillLvUp_ClassCleric_02","ShopCoinDungeon_Popup","Shop_Coin_Dungeon","ShopProduct"
"Item_Material_SkillLvUp_ClassCleric_21","Item","Item_Material_SkillLvUp_ClassCleric_02","ShopCoinTotalWar_Popup","Shop_Coin_TotalWar","ShopProduct"
"Item_Coin_Event_TileBreak_Halloween2025_01","Item","Item_Coin_Event_TileBreak_Halloween2025","AdventureNormal_Direct","",""
"Item_Coin_Event_TileBreak_Halloween2025_02","Item","Item_Coin_Event_TileBreak_Halloween2025","Ruins_Direct","",""
"GuideMissionStackClear_2025_Hotspring_02","Mission","GuideMissionStackClear_2025_Hotspring_02","EnergyBuy_Popup","",""
"GuideMissionStackClear_2025_Hotspring_03_01","Mission","GuideMissionStackClear_2025_Hotspring_03","EventAdventureBattle_Direct","EventAdventure_OceanSpa","EventAdventure"
"GuideMissionStackClear_2025_Hotspring_03_02","Mission","GuideMissionStackClear_2025_Hotspring_03","AdventureDashBoard_Direct","",""
"GuideMissionStackClear_2025_Hotspring_04","Mission","GuideMissionStackClear_2025_Hotspring_04","MainLobby_Popup","",""
"GuideMissionStackClear_2025_Hotspring_05_01","Mission","GuideMissionStackClear_2025_Hotspring_05","EventAdventureBattle_Direct","EventAdventure_OceanSpa","EventAdventure"
"GuideMissionStackClear_2025_Hotspring_05_02","Mission","GuideMissionStackClear_2025_Hotspring_05","AdventureNormal_Direct","",""
"GuideMissionStackClear_2025_Hotspring_07","Mission","GuideMissionStackClear_2025_Hotspring_07","Dungeon_Direct","",""
"GuideMissionStackClear_2025_Hotspring_08_01","Mission","GuideMissionStackClear_2025_Hotspring_08","EventAdventureBattle_Direct","EventAdventure_OceanSpa","EventAdventure"
"GuideMissionStackClear_2025_Hotspring_08_02","Mission","GuideMissionStackClear_2025_Hotspring_08","AdventureDashBoard_Direct","",""
"GuideMissionStackClear_2025_Hotspring_09","Mission","GuideMissionStackClear_2025_Hotspring_09","Kingdom_Direct","",""
"GuideMissionStackClear_2025_Hotspring_10","Mission","GuideMissionStackClear_2025_Hotspring_10","HeroList_Direct","",""
"GuideMissionStackClear_2025_Hotspring_12_01","Mission","GuideMissionStackClear_2025_Hotspring_12","EventAdventureBattleBoss_Direct","EventAdventure_OceanSpa","EventAdventure"
"GuideMissionStackClear_2025_Hotspring_12_02","Mission","GuideMissionStackClear_2025_Hotspring_12","AdventureDashBoard_Direct","",""
"GuideMissionStackClear_2025_Hotspring_13","Mission","GuideMissionStackClear_2025_Hotspring_13","HeroList_Direct","",""
"GuideMissionStackClear_2025_Hotspring_14","Mission","GuideMissionStackClear_2025_Hotspring_14","Dungeon_Direct","",""
"GuideMissionStackClear_2025_Hotspring_15","Mission","GuideMissionStackClear_2025_Hotspring_15","HeroList_Direct","",""
"GuideMissionStackClear_2025_Hotspring_17_01","Mission","GuideMissionStackClear_2025_Hotspring_17","EventAdventureBattle_Direct","EventAdventure_OceanSpa","EventAdventure"
"GuideMissionStackClear_2025_Hotspring_17_02","Mission","GuideMissionStackClear_2025_Hotspring_17","AdventureDashBoard_Direct","",""
"GuideMissionStackClear_2025_Hotspring_18","Mission","GuideMissionStackClear_2025_Hotspring_18","HeroList_Direct","",""
"GuideMissionStackClear_2025_Hotspring_19_01","Mission","GuideMissionStackClear_2025_Hotspring_19","EventAdventureBattle_Direct","EventAdventure_OceanSpa","EventAdventure"
"GuideMissionStackClear_2025_Hotspring_19_02","Mission","GuideMissionStackClear_2025_Hotspring_19","AdventureDashBoard_Direct","",""
"GuideMissionStackClear_2025_Hotspring_20","Mission","GuideMissionStackClear_2025_Hotspring_20","Kingdom_Direct","",""
"GuideMissionStackClear_2025_Hotspring_22","Mission","GuideMissionStackClear_2025_Hotspring_22","HeroList_Direct","",""
"GuideMissionStackClear_2025_Hotspring_23_01","Mission","GuideMissionStackClear_2025_Hotspring_23","EventAdventureBattleBoss_Direct","EventAdventure_OceanSpa","EventAdventure"
"GuideMissionStackClear_2025_Hotspring_23_02","Mission","GuideMissionStackClear_2025_Hotspring_23","AdventureDashBoard_Direct","",""
"GuideMissionStackClear_2025_Hotspring_24","Mission","GuideMissionStackClear_2025_Hotspring_24","HeroList_Direct","",""
"GuideMissionStackClear_2025_Hotspring_25","Mission","GuideMissionStackClear_2025_Hotspring_25","HeroList_Direct","",""
"GuideMissionStackClear_2025_Hotspring_27_01","Mission","GuideMissionStackClear_2025_Hotspring_27","EventAdventureBattle_Direct","EventAdventure_OceanSpa","EventAdventure"
"GuideMissionStackClear_2025_Hotspring_27_02","Mission","GuideMissionStackClear_2025_Hotspring_27","AdventureDashBoard_Direct","",""
"GuideMissionStackClear_2025_Hotspring_28","Mission","GuideMissionStackClear_2025_Hotspring_28","HeroList_Direct","",""
"GuideMissionStackClear_2025_Hotspring_29","Mission","GuideMissionStackClear_2025_Hotspring_29","Kingdom_Direct","",""
"GuideMissionStackClear_2025_Hotspring_30_01","Mission","GuideMissionStackClear_2025_Hotspring_30","EventAdventureBattle_Direct","EventAdventure_OceanSpa","EventAdventure"
"GuideMissionStackClear_2025_Hotspring_30_02","Mission","GuideMissionStackClear_2025_Hotspring_30","AdventureDashBoard_Direct","",""
"GuideMissionStackClear_2025_Hotspring_32","Mission","GuideMissionStackClear_2025_Hotspring_32","HeroList_Direct","",""
"GuideMissionStackClear_2025_Hotspring_33_01","Mission","GuideMissionStackClear_2025_Hotspring_33","ShopCoinGold_Direct","Shop_Coin_Gold","ShopProduct"
"GuideMissionStackClear_2025_Hotspring_33_02","Mission","GuideMissionStackClear_2025_Hotspring_33","HeroList_Direct","",""
"GuideMissionStackClear_2025_Hotspring_34_01","Mission","GuideMissionStackClear_2025_Hotspring_34","EventAdventureBattle_Direct","EventAdventure_OceanSpa","EventAdventure"
"GuideMissionStackClear_2025_Hotspring_34_02","Mission","GuideMissionStackClear_2025_Hotspring_34","AdventureDashBoard_Direct","",""
"GuideMissionStackClear_2025_Hotspring_35","Mission","GuideMissionStackClear_2025_Hotspring_35","Kingdom_Direct","",""
"GuideMissionStackClear_2025_Hotspring_Item","Item","Item_Coin_GuideMissionStackClear_Hotspring","GuideMission_Direct","GuideMissionStackClear_2025_Hotspring","GuideMission"
"Item_Material_EquipGradeUp_Mace_05_01","Item","Item_Material_EquipGradeUp_Mace_05","AdventureMode_Popup","Stage_Normal_0241","AdventureStage"
"Item_Material_EquipGradeUp_Mace_05_02","Item","Item_Material_EquipGradeUp_Mace_05","AdventureMode_Popup","Stage_Normal_0242","AdventureStage"
"Item_Material_EquipGradeUp_Sword_05_01","Item","Item_Material_EquipGradeUp_Sword_05","AdventureMode_Popup","Stage_Normal_0243","AdventureStage"
"Item_Material_EquipGradeUp_Sword_05_02","Item","Item_Material_EquipGradeUp_Sword_05","AdventureMode_Popup","Stage_Normal_0244","AdventureStage"
"Item_Material_EquipGradeUp_Book_05_01","Item","Item_Material_EquipGradeUp_Book_05","AdventureMode_Popup","Stage_Normal_0245","AdventureStage"
"Item_Material_EquipGradeUp_Book_05_02","Item","Item_Material_EquipGradeUp_Book_05","AdventureMode_Popup","Stage_Normal_0246","AdventureStage"
"Item_Material_EquipGradeUp_Staff_05_01","Item","Item_Material_EquipGradeUp_Staff_05","AdventureMode_Popup","Stage_Normal_0247","AdventureStage"
"Item_Material_EquipGradeUp_Staff_05_02","Item","Item_Material_EquipGradeUp_Staff_05","AdventureMode_Popup","Stage_Normal_0248","AdventureStage"
"Item_Material_EquipGradeUp_Ranged_05_01","Item","Item_Material_EquipGradeUp_Ranged_05","AdventureMode_Popup","Stage_Normal_0249","AdventureStage"
"Item_Material_EquipGradeUp_Ranged_05_02","Item","Item_Material_EquipGradeUp_Ranged_05","AdventureMode_Popup","Stage_Normal_0250","AdventureStage"
"Item_Material_EquipGradeUp_ProtectGear_05_01","Item","Item_Material_EquipGradeUp_ProtectGear_05","AdventureMode_Popup","Stage_Normal_0251","AdventureStage"
"Item_Material_EquipGradeUp_ProtectGear_05_02","Item","Item_Material_EquipGradeUp_ProtectGear_05","AdventureMode_Popup","Stage_Normal_0252","AdventureStage"
"Item_Material_EquipGradeUp_Coat_05_01","Item","Item_Material_EquipGradeUp_Coat_05","AdventureMode_Popup","Stage_Normal_0253","AdventureStage"
"Item_Material_EquipGradeUp_Coat_05_02","Item","Item_Material_EquipGradeUp_Coat_05","AdventureMode_Popup","Stage_Normal_0254","AdventureStage"
"Item_Material_EquipGradeUp_Jacket_05_01","Item","Item_Material_EquipGradeUp_Jacket_05","AdventureMode_Popup","Stage_Normal_0255","AdventureStage"
"Item_Material_EquipGradeUp_Jacket_05_02","Item","Item_Material_EquipGradeUp_Jacket_05","AdventureMode_Popup","Stage_Normal_0256","AdventureStage"
"Item_Material_EquipGradeUp_Cape_05_01","Item","Item_Material_EquipGradeUp_Cape_05","AdventureMode_Popup","Stage_Normal_0257","AdventureStage"
"Item_Material_EquipGradeUp_Cape_05_02","Item","Item_Material_EquipGradeUp_Cape_05","AdventureMode_Popup","Stage_Normal_0258","AdventureStage"
"Item_Material_EquipGradeUp_Belt_05_01","Item","Item_Material_EquipGradeUp_Belt_05","AdventureMode_Popup","Stage_Normal_0259","AdventureStage"
"Item_Material_EquipGradeUp_Belt_05_02","Item","Item_Material_EquipGradeUp_Belt_05","AdventureMode_Popup","Stage_Normal_0260","AdventureStage"
"Item_Material_EquipGradeUp_Helmet_05_01","Item","Item_Material_EquipGradeUp_Helmet_05","AdventureMode_Popup","Stage_Normal_0261","AdventureStage"
"Item_Material_EquipGradeUp_Helmet_05_02","Item","Item_Material_EquipGradeUp_Helmet_05","AdventureMode_Popup","Stage_Normal_0262","AdventureStage"
"Item_Material_EquipGradeUp_Necklace_05_01","Item","Item_Material_EquipGradeUp_Necklace_05","AdventureMode_Popup","Stage_Normal_0263","AdventureStage"
"Item_Material_EquipGradeUp_Necklace_05_02","Item","Item_Material_EquipGradeUp_Necklace_05","AdventureMode_Popup","Stage_Normal_0264","AdventureStage"
"Item_Material_EquipGradeUp_Ring_05_01","Item","Item_Material_EquipGradeUp_Ring_05","AdventureMode_Popup","Stage_Normal_0265","AdventureStage"
"Item_Material_EquipGradeUp_Ring_05_02","Item","Item_Material_EquipGradeUp_Ring_05","AdventureMode_Popup","Stage_Normal_0266","AdventureStage"
"Item_Material_EquipGradeUp_Bracelet_05_01","Item","Item_Material_EquipGradeUp_Bracelet_05","AdventureMode_Popup","Stage_Normal_0267","AdventureStage"
"Item_Material_EquipGradeUp_Bracelet_05_02","Item","Item_Material_EquipGradeUp_Bracelet_05","AdventureMode_Popup","Stage_Normal_0268","AdventureStage"
"Item_Material_EquipGradeUp_HeadDress_05_01","Item","Item_Material_EquipGradeUp_HeadDress_05","AdventureMode_Popup","Stage_Normal_0269","AdventureStage"
"Item_Material_EquipGradeUp_HeadDress_05_02","Item","Item_Material_EquipGradeUp_HeadDress_05","AdventureMode_Popup","Stage_Normal_0270","AdventureStage"
"GuideMission_PracticeBook_01_01","Mission","GuideMission_PracticeBook_01","Ruins_Direct","",""
"GuideMission_PracticeBook_01_02","Mission","GuideMission_PracticeBook_01","AdventureNormal_Direct","",""
"GuideMission_PracticeBook_02_01","Mission","GuideMission_PracticeBook_02","Arena_Direct","",""
"GuideMission_PracticeBook_03_01","Mission","GuideMission_PracticeBook_03","KingdomLucky_Direct","",""
"GuideMission_PracticeBook_04_01","Mission","GuideMission_PracticeBook_04","RuinsExp_Direct","",""
"GuideMission_PracticeBook_04_02","Mission","GuideMission_PracticeBook_04","AdventureNormal_Direct","",""
"GuideMission_PracticeBook_05_01","Mission","GuideMission_PracticeBook_05","ScheduleList_Popup","",""
"GuideMission_PracticeBook_06_01","Mission","GuideMission_PracticeBook_06","Friend_Direct","",""
"GuideMission_PracticeBook_07_01","Mission","GuideMission_PracticeBook_07","Ruins_Direct","",""
"GuideMission_PracticeBook_07_02","Mission","GuideMission_PracticeBook_07","AdventureNormal_Direct","",""
"GuideMission_PracticeBook_08_01","Mission","GuideMission_PracticeBook_08","Arena_Direct","",""
"GuideMission_PracticeBook_09_01","Mission","GuideMission_PracticeBook_09","HeroList_Direct","",""
"GuideMission_PracticeBook_10_01","Mission","GuideMission_PracticeBook_10","ScheduleList_Popup","",""
"GuideMission_PracticeBook_11_01","Mission","GuideMission_PracticeBook_11","HeroList_Direct","",""
"GuideMission_PracticeBook_12_01","Mission","GuideMission_PracticeBook_12","AdventureDashBoard_Direct","",""
"GuideMission_PracticeBook_13_01","Mission","GuideMission_PracticeBook_13","Ruins_Direct","",""
"GuideMission_PracticeBook_13_02","Mission","GuideMission_PracticeBook_13","AdventureNormal_Direct","",""
"GuideMission_PracticeBook_14_01","Mission","GuideMission_PracticeBook_14","Arena_Direct","",""
"GuideMission_PracticeBook_15_01","Mission","GuideMission_PracticeBook_15","HeroList_Direct","",""
"GuideMission_PracticeBook_16_01","Mission","GuideMission_PracticeBook_16","Kingdom_Direct","",""
"GuideMission_PracticeBook_17_01","Mission","GuideMission_PracticeBook_17","ScheduleList_Popup","",""
"GuideMission_PracticeBook_18_01","Mission","GuideMission_PracticeBook_18","PracticeBook_Direct","",""
"GuideMission_PracticeBook_19_01","Mission","GuideMission_PracticeBook_19","Ruins_Direct","",""
"GuideMission_PracticeBook_19_02","Mission","GuideMission_PracticeBook_19","AdventureNormal_Direct","",""
"GuideMission_PracticeBook_20_01","Mission","GuideMission_PracticeBook_20","AdventureNormal_Direct","",""
"GuideMission_PracticeBook_21_01","Mission","GuideMission_PracticeBook_21","Kingdom_Direct","",""
"GuideMission_PracticeBook_22_01","Mission","GuideMission_PracticeBook_22","Kingdom_Direct","",""
"GuideMission_PracticeBook_23_01","Mission","GuideMission_PracticeBook_23","Kingdom_Direct","",""
"GuideMission_PracticeBook_24_01","Mission","GuideMission_PracticeBook_24","PracticeBook_Direct","",""
"GuideMission_PracticeBook_25_01","Mission","GuideMission_PracticeBook_25","Ruins_Direct","",""
"GuideMission_PracticeBook_25_02","Mission","GuideMission_PracticeBook_25","AdventureNormal_Direct","",""
"GuideMission_PracticeBook_26_01","Mission","GuideMission_PracticeBook_26","Kingdom_Direct","",""
"GuideMission_PracticeBook_27_01","Mission","GuideMission_PracticeBook_27","HeroList_Direct","",""
"GuideMission_PracticeBook_28_01","Mission","GuideMission_PracticeBook_28","RuinsGold_Direct","",""
"GuideMission_PracticeBook_28_02","Mission","GuideMission_PracticeBook_28","KingdomManage_Popup","","CastleRankUp"
"GuideMission_PracticeBook_28_03","Mission","GuideMission_PracticeBook_28","ShopCoinArena_Direct","Shop_Coin_Arena","ShopProduct"
"GuideMission_PracticeBook_28_04","Mission","GuideMission_PracticeBook_28","ShopCoinArcana_Direct","Shop_Coin_Arcana",""
"GuideMission_PracticeBook_29_01","Mission","GuideMission_PracticeBook_29","AdventureMode_Popup","Stage_Normal_0045","AdventureStage"
"GuideMission_PracticeBook_30_01","Mission","GuideMission_PracticeBook_30","PracticeBook_Direct","",""
"GuideMission_PracticeBook_31_01","Mission","GuideMission_PracticeBook_31","Ruins_Direct","",""
"GuideMission_PracticeBook_31_02","Mission","GuideMission_PracticeBook_31","AdventureNormal_Direct","",""
"GuideMission_PracticeBook_32_01","Mission","GuideMission_PracticeBook_32","RuinsGold_Direct","",""
"GuideMission_PracticeBook_32_02","Mission","GuideMission_PracticeBook_32","KingdomManage_Popup","","CastleRankUp"
"GuideMission_PracticeBook_32_03","Mission","GuideMission_PracticeBook_32","ShopCoinArena_Direct","Shop_Coin_Arena","ShopProduct"
"GuideMission_PracticeBook_32_04","Mission","GuideMission_PracticeBook_32","ShopCoinArcana_Direct","Shop_Coin_Arcana",""
"GuideMission_PracticeBook_33_01","Mission","GuideMission_PracticeBook_33","AdventureHard_Direct","",""
"GuideMission_PracticeBook_34_01","Mission","GuideMission_PracticeBook_34","Kingdom_Direct","",""
"GuideMission_PracticeBook_35_01","Mission","GuideMission_PracticeBook_35","AdventureMode_Popup","Stage_Hard_0009","AdventureStage"
"GuideMission_PracticeBook_36_01","Mission","GuideMission_PracticeBook_36","PracticeBook_Direct","",""
"GuideMission_PracticeBook_37_01","Mission","GuideMission_PracticeBook_37","Ruins_Direct","",""
"GuideMission_PracticeBook_37_02","Mission","GuideMission_PracticeBook_37","AdventureNormal_Direct","",""
"GuideMission_PracticeBook_38_01","Mission","GuideMission_PracticeBook_38","HeroList_Direct","",""
"GuideMission_PracticeBook_39_01","Mission","GuideMission_PracticeBook_39","HeroList_Direct","",""
"GuideMission_PracticeBook_40_01","Mission","GuideMission_PracticeBook_40","KingdomGiftMachine_Direct","VendingMachine",""
"GuideMission_PracticeBook_41_01","Mission","GuideMission_PracticeBook_41","AdventureMode_Popup","Stage_Normal_0060","AdventureStage"
"GuideMission_PracticeBook_42_01","Mission","GuideMission_PracticeBook_42","PracticeBook_Direct","",""
"Point_PracticeBookTicket_01","Item","Point_PracticeBookTicket","PracticeBook_Direct","",""
