"JPL0_Summon_Tutorial_Free_List_01","JPL0_Summon_Tutorial_Free_List","Char_007_S01_D"
"JPL0_Summon_Tutorial_Free_List_02","JPL0_Summon_Tutorial_Free_List","Char_090_S01_L"
"JPL0_Summon_Tutorial_Free_List_03","JPL0_Summon_Tutorial_Free_List","Char_010_S01_B"
"JPL0_Summon_Tutorial_Free_List_04","JPL0_Summon_Tutorial_Free_List","Char_091_S01_G"
"JPL0_Summon_Tutorial_Free_List_05","JPL0_Summon_Tutorial_Free_List","Char_072_S01_R"
"JPL0_Summon_Tutorial_Free_List_06","JPL0_Summon_Tutorial_Free_List","Char_085_S01_B"
"JPL0_Summon_Tutorial_Free_List_07","JPL0_Summon_Tutorial_Free_List","Char_067_S01_B"
"JPL0_Summon_Tutorial_Free_List_08","JPL0_Summon_Tutorial_Free_List","Char_101_S01_B"
"JPL0_Summon_Tutorial_Free_List_09","JPL0_Summon_Tutorial_Free_List","Char_114_S01_B"
"JPL0_Summon_Tutorial_Free_List_10","JPL0_Summon_Tutorial_Free_List","Char_089_S01_D"
"JPL0_Summon_Tutorial_Free_List_11","JPL0_Summon_Tutorial_Free_List","Char_009_S01_G"
"JPL0_Summon_Tutorial_Free_List_12","JPL0_Summon_Tutorial_Free_List","Char_037_S01_L"
"JPL0_Summon_Tutorial_Free_List_13","JPL0_Summon_Tutorial_Free_List","Char_015_S01_B"
"JPL0_Summon_Tutorial_Free_List_14","JPL0_Summon_Tutorial_Free_List","Char_088_S01_R"
"JPL0_Summon_Tutorial_Free_List_15","JPL0_Summon_Tutorial_Free_List","Char_111_S01_B"
"JPL0_Summon_Tutorial_Free_List_16","JPL0_Summon_Tutorial_Free_List","Char_034_S01_B"
"JPL0_Summon_Tutorial_Free_List_17","JPL0_Summon_Tutorial_Free_List","Char_005_S01_D"
"JPL0_Summon_Tutorial_Free_List_18","JPL0_Summon_Tutorial_Free_List","Char_077_S01_G"
"JPL0_Summon_Tutorial_Free_List_19","JPL0_Summon_Tutorial_Free_List","Char_008_S01_B"
"JPL0_Summon_Tutorial_Free_List_20","JPL0_Summon_Tutorial_Free_List","Char_080_S01_G"
"JPL0_Summon_Tutorial_Free_List_21","JPL0_Summon_Tutorial_Free_List","Char_041_S01_R"
"JPL0_Summon_Tutorial_Free_List_22","JPL0_Summon_Tutorial_Free_List","Char_100_S01_G"
"JPL0_Summon_Tutorial_Free_List_23","JPL0_Summon_Tutorial_Free_List","Char_040_S01_R"
"JPL0_Summon_Tutorial_Free_List_24","JPL0_Summon_Tutorial_Free_List","Char_001_S01_B"
"JPL0_Summon_Tutorial_Free_List_25","JPL0_Summon_Tutorial_Free_List","Char_002_S01_R"
"JPL0_Summon_Tutorial_Free_List_26","JPL0_Summon_Tutorial_Free_List","Char_078_S01_R"
"JPL0_Summon_Tutorial_Free_List_27","JPL0_Summon_Tutorial_Free_List","Char_051_S01_B"
"JPL0_Summon_Tutorial_Free_List_28","JPL0_Summon_Tutorial_Free_List","Char_073_S01_G"
"JPL0_Summon_Tutorial_Free_List_29","JPL0_Summon_Tutorial_Free_List","Char_098_S01_R"
"JPL0_Summon_Tutorial_Free_List_30","JPL0_Summon_Tutorial_Free_List","Char_016_S01_B"
"JPL0_Summon_Tutorial_Free_List_31","JPL0_Summon_Tutorial_Free_List","Char_006_S01_G"
"JPL0_Summon_Tutorial_Free_List_32","JPL0_Summon_Tutorial_Free_List","Char_003_S01_B"
"JPL0_Summon_Tutorial_Free_List_33","JPL0_Summon_Tutorial_Free_List","Char_103_S01_G"
"JPL0_Summon_Tutorial_Free_List_34","JPL0_Summon_Tutorial_Free_List","Char_062_S01_G"
"JPL0_Summon_Normal_40Char_List_01","JPL0_Summon_Normal_40Char_List","Char_007_S01_D"
"JPL0_Summon_Normal_40Char_List_02","JPL0_Summon_Normal_40Char_List","Char_044_S01_D"
"JPL0_Summon_Normal_40Char_List_03","JPL0_Summon_Normal_40Char_List","Char_038_S01_L"
"JPL0_Summon_Normal_40Char_List_04","JPL0_Summon_Normal_40Char_List","Char_112_S01_B"
"JPL0_Summon_Normal_40Char_List_05","JPL0_Summon_Normal_40Char_List","Char_011_S01_R"
"JPL0_Summon_Normal_40Char_List_06","JPL0_Summon_Normal_40Char_List","Char_010_S01_B"
"JPL0_Summon_Normal_40Char_List_07","JPL0_Summon_Normal_40Char_List","Char_014_S01_D"
"JPL0_Summon_Normal_40Char_List_08","JPL0_Summon_Normal_40Char_List","Char_091_S01_G"
"JPL0_Summon_Normal_40Char_List_09","JPL0_Summon_Normal_40Char_List","Char_072_S01_R"
"JPL0_Summon_Normal_40Char_List_10","JPL0_Summon_Normal_40Char_List","Char_085_S01_B"
"JPL0_Summon_Normal_40Char_List_11","JPL0_Summon_Normal_40Char_List","Char_067_S01_B"
"JPL0_Summon_Normal_40Char_List_12","JPL0_Summon_Normal_40Char_List","Char_101_S01_B"
"JPL0_Summon_Normal_40Char_List_13","JPL0_Summon_Normal_40Char_List","Char_083_S01_B"
"JPL0_Summon_Normal_40Char_List_14","JPL0_Summon_Normal_40Char_List","Char_090_S01_L"
"JPL0_Summon_Normal_40Char_List_15","JPL0_Summon_Normal_40Char_List","Char_114_S01_B"
"JPL0_Summon_Normal_40Char_List_16","JPL0_Summon_Normal_40Char_List","Char_089_S01_D"
"JPL0_Summon_Normal_40Char_List_17","JPL0_Summon_Normal_40Char_List","Char_009_S01_G"
"JPL0_Summon_Normal_40Char_List_18","JPL0_Summon_Normal_40Char_List","Char_037_S01_L"
"JPL0_Summon_Normal_40Char_List_19","JPL0_Summon_Normal_40Char_List","Char_015_S01_B"
"JPL0_Summon_Normal_40Char_List_20","JPL0_Summon_Normal_40Char_List","Char_088_S01_R"
"JPL0_Summon_Normal_40Char_List_21","JPL0_Summon_Normal_40Char_List","Char_111_S01_B"
"JPL0_Summon_Normal_40Char_List_22","JPL0_Summon_Normal_40Char_List","Char_034_S01_B"
"JPL0_Summon_Normal_40Char_List_23","JPL0_Summon_Normal_40Char_List","Char_005_S01_D"
"JPL0_Summon_Normal_40Char_List_24","JPL0_Summon_Normal_40Char_List","Char_077_S01_G"
"JPL0_Summon_Normal_40Char_List_25","JPL0_Summon_Normal_40Char_List","Char_008_S01_B"
"JPL0_Summon_Normal_40Char_List_26","JPL0_Summon_Normal_40Char_List","Char_080_S01_G"
"JPL0_Summon_Normal_40Char_List_27","JPL0_Summon_Normal_40Char_List","Char_041_S01_R"
"JPL0_Summon_Normal_40Char_List_28","JPL0_Summon_Normal_40Char_List","Char_100_S01_G"
"JPL0_Summon_Normal_40Char_List_29","JPL0_Summon_Normal_40Char_List","Char_040_S01_R"
"JPL0_Summon_Normal_40Char_List_30","JPL0_Summon_Normal_40Char_List","Char_001_S01_B"
"JPL0_Summon_Normal_40Char_List_31","JPL0_Summon_Normal_40Char_List","Char_002_S01_R"
"JPL0_Summon_Normal_40Char_List_32","JPL0_Summon_Normal_40Char_List","Char_078_S01_R"
"JPL0_Summon_Normal_40Char_List_33","JPL0_Summon_Normal_40Char_List","Char_051_S01_B"
"JPL0_Summon_Normal_40Char_List_34","JPL0_Summon_Normal_40Char_List","Char_073_S01_G"
"JPL0_Summon_Normal_40Char_List_35","JPL0_Summon_Normal_40Char_List","Char_098_S01_R"
"JPL0_Summon_Normal_40Char_List_36","JPL0_Summon_Normal_40Char_List","Char_016_S01_B"
"JPL0_Summon_Normal_40Char_List_37","JPL0_Summon_Normal_40Char_List","Char_006_S01_G"
"JPL0_Summon_Normal_40Char_List_38","JPL0_Summon_Normal_40Char_List","Char_003_S01_B"
"JPL0_Summon_Normal_40Char_List_39","JPL0_Summon_Normal_40Char_List","Char_103_S01_G"
"JPL0_Summon_Normal_40Char_List_40","JPL0_Summon_Normal_40Char_List","Char_062_S01_G"
"JPL0_Summon_Pickup_Bell_List_01","JPL0_Summon_Pickup_Bell_List","Char_084_S01_G"
"JPL0_Summon_Pickup_Bell_List_02","JPL0_Summon_Pickup_Bell_List","Char_007_S01_D"
"JPL0_Summon_Pickup_Bell_List_03","JPL0_Summon_Pickup_Bell_List","Char_044_S01_D"
"JPL0_Summon_Pickup_Bell_List_04","JPL0_Summon_Pickup_Bell_List","Char_038_S01_L"
"JPL0_Summon_Pickup_Bell_List_05","JPL0_Summon_Pickup_Bell_List","Char_112_S01_B"
"JPL0_Summon_Pickup_Bell_List_06","JPL0_Summon_Pickup_Bell_List","Char_011_S01_R"
"JPL0_Summon_Pickup_Bell_List_07","JPL0_Summon_Pickup_Bell_List","Char_010_S01_B"
"JPL0_Summon_Pickup_Bell_List_08","JPL0_Summon_Pickup_Bell_List","Char_014_S01_D"
"JPL0_Summon_Pickup_Bell_List_09","JPL0_Summon_Pickup_Bell_List","Char_091_S01_G"
"JPL0_Summon_Pickup_Bell_List_10","JPL0_Summon_Pickup_Bell_List","Char_072_S01_R"
"JPL0_Summon_Pickup_Bell_List_11","JPL0_Summon_Pickup_Bell_List","Char_085_S01_B"
"JPL0_Summon_Pickup_Bell_List_12","JPL0_Summon_Pickup_Bell_List","Char_067_S01_B"
"JPL0_Summon_Pickup_Bell_List_13","JPL0_Summon_Pickup_Bell_List","Char_101_S01_B"
"JPL0_Summon_Pickup_Bell_List_14","JPL0_Summon_Pickup_Bell_List","Char_083_S01_B"
"JPL0_Summon_Pickup_Bell_List_15","JPL0_Summon_Pickup_Bell_List","Char_090_S01_L"
"JPL0_Summon_Pickup_Bell_List_16","JPL0_Summon_Pickup_Bell_List","Char_114_S01_B"
"JPL0_Summon_Pickup_Bell_List_17","JPL0_Summon_Pickup_Bell_List","Char_089_S01_D"
"JPL0_Summon_Pickup_Bell_List_18","JPL0_Summon_Pickup_Bell_List","Char_009_S01_G"
"JPL0_Summon_Pickup_Bell_List_19","JPL0_Summon_Pickup_Bell_List","Char_037_S01_L"
"JPL0_Summon_Pickup_Bell_List_20","JPL0_Summon_Pickup_Bell_List","Char_015_S01_B"
"JPL0_Summon_Pickup_Bell_List_21","JPL0_Summon_Pickup_Bell_List","Char_088_S01_R"
"JPL0_Summon_Pickup_Bell_List_22","JPL0_Summon_Pickup_Bell_List","Char_111_S01_B"
"JPL0_Summon_Pickup_Bell_List_23","JPL0_Summon_Pickup_Bell_List","Char_034_S01_B"
"JPL0_Summon_Pickup_Bell_List_24","JPL0_Summon_Pickup_Bell_List","Char_005_S01_D"
"JPL0_Summon_Pickup_Bell_List_25","JPL0_Summon_Pickup_Bell_List","Char_077_S01_G"
"JPL0_Summon_Pickup_Bell_List_26","JPL0_Summon_Pickup_Bell_List","Char_008_S01_B"
"JPL0_Summon_Pickup_Bell_List_27","JPL0_Summon_Pickup_Bell_List","Char_080_S01_G"
"JPL0_Summon_Pickup_Bell_List_28","JPL0_Summon_Pickup_Bell_List","Char_041_S01_R"
"JPL0_Summon_Pickup_Bell_List_29","JPL0_Summon_Pickup_Bell_List","Char_100_S01_G"
"JPL0_Summon_Pickup_Bell_List_30","JPL0_Summon_Pickup_Bell_List","Char_040_S01_R"
"JPL0_Summon_Pickup_Bell_List_31","JPL0_Summon_Pickup_Bell_List","Char_001_S01_B"
"JPL0_Summon_Pickup_Bell_List_32","JPL0_Summon_Pickup_Bell_List","Char_002_S01_R"
"JPL0_Summon_Pickup_Bell_List_33","JPL0_Summon_Pickup_Bell_List","Char_078_S01_R"
"JPL0_Summon_Pickup_Bell_List_34","JPL0_Summon_Pickup_Bell_List","Char_051_S01_B"
"JPL0_Summon_Pickup_Bell_List_35","JPL0_Summon_Pickup_Bell_List","Char_073_S01_G"
"JPL0_Summon_Pickup_Bell_List_36","JPL0_Summon_Pickup_Bell_List","Char_098_S01_R"
"JPL0_Summon_Pickup_Bell_List_37","JPL0_Summon_Pickup_Bell_List","Char_016_S01_B"
"JPL0_Summon_Pickup_Bell_List_38","JPL0_Summon_Pickup_Bell_List","Char_006_S01_G"
"JPL0_Summon_Pickup_Bell_List_39","JPL0_Summon_Pickup_Bell_List","Char_003_S01_B"
"JPL0_Summon_Pickup_Bell_List_40","JPL0_Summon_Pickup_Bell_List","Char_103_S01_G"
"JPL0_Summon_Pickup_Bell_List_41","JPL0_Summon_Pickup_Bell_List","Char_062_S01_G"
"JPL2_Summon_Normal_41Char_List_01","JPL2_Summon_Normal_41Char_List","Char_084_S01_G"
"JPL2_Summon_Normal_41Char_List_02","JPL2_Summon_Normal_41Char_List","Char_007_S01_D"
"JPL2_Summon_Normal_41Char_List_03","JPL2_Summon_Normal_41Char_List","Char_044_S01_D"
"JPL2_Summon_Normal_41Char_List_04","JPL2_Summon_Normal_41Char_List","Char_038_S01_L"
"JPL2_Summon_Normal_41Char_List_05","JPL2_Summon_Normal_41Char_List","Char_112_S01_B"
"JPL2_Summon_Normal_41Char_List_06","JPL2_Summon_Normal_41Char_List","Char_011_S01_R"
"JPL2_Summon_Normal_41Char_List_07","JPL2_Summon_Normal_41Char_List","Char_010_S01_B"
"JPL2_Summon_Normal_41Char_List_08","JPL2_Summon_Normal_41Char_List","Char_014_S01_D"
"JPL2_Summon_Normal_41Char_List_09","JPL2_Summon_Normal_41Char_List","Char_091_S01_G"
"JPL2_Summon_Normal_41Char_List_10","JPL2_Summon_Normal_41Char_List","Char_072_S01_R"
"JPL2_Summon_Normal_41Char_List_11","JPL2_Summon_Normal_41Char_List","Char_085_S01_B"
"JPL2_Summon_Normal_41Char_List_12","JPL2_Summon_Normal_41Char_List","Char_067_S01_B"
"JPL2_Summon_Normal_41Char_List_13","JPL2_Summon_Normal_41Char_List","Char_101_S01_B"
"JPL2_Summon_Normal_41Char_List_14","JPL2_Summon_Normal_41Char_List","Char_083_S01_B"
"JPL2_Summon_Normal_41Char_List_15","JPL2_Summon_Normal_41Char_List","Char_090_S01_L"
"JPL2_Summon_Normal_41Char_List_17","JPL2_Summon_Normal_41Char_List","Char_114_S01_B"
"JPL2_Summon_Normal_41Char_List_18","JPL2_Summon_Normal_41Char_List","Char_089_S01_D"
"JPL2_Summon_Normal_41Char_List_19","JPL2_Summon_Normal_41Char_List","Char_009_S01_G"
"JPL2_Summon_Normal_41Char_List_20","JPL2_Summon_Normal_41Char_List","Char_037_S01_L"
"JPL2_Summon_Normal_41Char_List_21","JPL2_Summon_Normal_41Char_List","Char_015_S01_B"
"JPL2_Summon_Normal_41Char_List_22","JPL2_Summon_Normal_41Char_List","Char_088_S01_R"
"JPL2_Summon_Normal_41Char_List_23","JPL2_Summon_Normal_41Char_List","Char_111_S01_B"
"JPL2_Summon_Normal_41Char_List_24","JPL2_Summon_Normal_41Char_List","Char_034_S01_B"
"JPL2_Summon_Normal_41Char_List_25","JPL2_Summon_Normal_41Char_List","Char_005_S01_D"
"JPL2_Summon_Normal_41Char_List_26","JPL2_Summon_Normal_41Char_List","Char_077_S01_G"
"JPL2_Summon_Normal_41Char_List_27","JPL2_Summon_Normal_41Char_List","Char_008_S01_B"
"JPL2_Summon_Normal_41Char_List_28","JPL2_Summon_Normal_41Char_List","Char_080_S01_G"
"JPL2_Summon_Normal_41Char_List_29","JPL2_Summon_Normal_41Char_List","Char_041_S01_R"
"JPL2_Summon_Normal_41Char_List_30","JPL2_Summon_Normal_41Char_List","Char_100_S01_G"
"JPL2_Summon_Normal_41Char_List_31","JPL2_Summon_Normal_41Char_List","Char_040_S01_R"
"JPL2_Summon_Normal_41Char_List_32","JPL2_Summon_Normal_41Char_List","Char_001_S01_B"
"JPL2_Summon_Normal_41Char_List_33","JPL2_Summon_Normal_41Char_List","Char_002_S01_R"
"JPL2_Summon_Normal_41Char_List_34","JPL2_Summon_Normal_41Char_List","Char_078_S01_R"
"JPL2_Summon_Normal_41Char_List_35","JPL2_Summon_Normal_41Char_List","Char_051_S01_B"
"JPL2_Summon_Normal_41Char_List_36","JPL2_Summon_Normal_41Char_List","Char_073_S01_G"
"JPL2_Summon_Normal_41Char_List_37","JPL2_Summon_Normal_41Char_List","Char_098_S01_R"
"JPL2_Summon_Normal_41Char_List_38","JPL2_Summon_Normal_41Char_List","Char_016_S01_B"
"JPL2_Summon_Normal_41Char_List_39","JPL2_Summon_Normal_41Char_List","Char_006_S01_G"
"JPL2_Summon_Normal_41Char_List_40","JPL2_Summon_Normal_41Char_List","Char_003_S01_B"
"JPL2_Summon_Normal_41Char_List_41","JPL2_Summon_Normal_41Char_List","Char_103_S01_G"
"JPL2_Summon_Normal_41Char_List_42","JPL2_Summon_Normal_41Char_List","Char_062_S01_G"
"JPL2_Summon_Pickup_Laura_List_01","JPL2_Summon_Pickup_Laura_List","Char_105_S01_B"
"JPL2_Summon_Pickup_Laura_List_02","JPL2_Summon_Pickup_Laura_List","Char_007_S01_D"
"JPL2_Summon_Pickup_Laura_List_03","JPL2_Summon_Pickup_Laura_List","Char_044_S01_D"
"JPL2_Summon_Pickup_Laura_List_04","JPL2_Summon_Pickup_Laura_List","Char_038_S01_L"
"JPL2_Summon_Pickup_Laura_List_05","JPL2_Summon_Pickup_Laura_List","Char_112_S01_B"
"JPL2_Summon_Pickup_Laura_List_06","JPL2_Summon_Pickup_Laura_List","Char_011_S01_R"
"JPL2_Summon_Pickup_Laura_List_07","JPL2_Summon_Pickup_Laura_List","Char_010_S01_B"
"JPL2_Summon_Pickup_Laura_List_08","JPL2_Summon_Pickup_Laura_List","Char_014_S01_D"
"JPL2_Summon_Pickup_Laura_List_09","JPL2_Summon_Pickup_Laura_List","Char_091_S01_G"
"JPL2_Summon_Pickup_Laura_List_10","JPL2_Summon_Pickup_Laura_List","Char_072_S01_R"
"JPL2_Summon_Pickup_Laura_List_11","JPL2_Summon_Pickup_Laura_List","Char_085_S01_B"
"JPL2_Summon_Pickup_Laura_List_12","JPL2_Summon_Pickup_Laura_List","Char_067_S01_B"
"JPL2_Summon_Pickup_Laura_List_13","JPL2_Summon_Pickup_Laura_List","Char_101_S01_B"
"JPL2_Summon_Pickup_Laura_List_14","JPL2_Summon_Pickup_Laura_List","Char_083_S01_B"
"JPL2_Summon_Pickup_Laura_List_15","JPL2_Summon_Pickup_Laura_List","Char_090_S01_L"
"JPL2_Summon_Pickup_Laura_List_16","JPL2_Summon_Pickup_Laura_List","Char_084_S01_G"
"JPL2_Summon_Pickup_Laura_List_17","JPL2_Summon_Pickup_Laura_List","Char_066_S01_B"
"JPL2_Summon_Pickup_Laura_List_18","JPL2_Summon_Pickup_Laura_List","Char_114_S01_B"
"JPL2_Summon_Pickup_Laura_List_19","JPL2_Summon_Pickup_Laura_List","Char_089_S01_D"
"JPL2_Summon_Pickup_Laura_List_20","JPL2_Summon_Pickup_Laura_List","Char_009_S01_G"
"JPL2_Summon_Pickup_Laura_List_21","JPL2_Summon_Pickup_Laura_List","Char_037_S01_L"
"JPL2_Summon_Pickup_Laura_List_22","JPL2_Summon_Pickup_Laura_List","Char_015_S01_B"
"JPL2_Summon_Pickup_Laura_List_23","JPL2_Summon_Pickup_Laura_List","Char_088_S01_R"
"JPL2_Summon_Pickup_Laura_List_24","JPL2_Summon_Pickup_Laura_List","Char_111_S01_B"
"JPL2_Summon_Pickup_Laura_List_25","JPL2_Summon_Pickup_Laura_List","Char_034_S01_B"
"JPL2_Summon_Pickup_Laura_List_26","JPL2_Summon_Pickup_Laura_List","Char_005_S01_D"
"JPL2_Summon_Pickup_Laura_List_27","JPL2_Summon_Pickup_Laura_List","Char_077_S01_G"
"JPL2_Summon_Pickup_Laura_List_28","JPL2_Summon_Pickup_Laura_List","Char_008_S01_B"
"JPL2_Summon_Pickup_Laura_List_29","JPL2_Summon_Pickup_Laura_List","Char_080_S01_G"
"JPL2_Summon_Pickup_Laura_List_30","JPL2_Summon_Pickup_Laura_List","Char_041_S01_R"
"JPL2_Summon_Pickup_Laura_List_31","JPL2_Summon_Pickup_Laura_List","Char_100_S01_G"
"JPL2_Summon_Pickup_Laura_List_32","JPL2_Summon_Pickup_Laura_List","Char_040_S01_R"
"JPL2_Summon_Pickup_Laura_List_33","JPL2_Summon_Pickup_Laura_List","Char_001_S01_B"
"JPL2_Summon_Pickup_Laura_List_34","JPL2_Summon_Pickup_Laura_List","Char_002_S01_R"
"JPL2_Summon_Pickup_Laura_List_35","JPL2_Summon_Pickup_Laura_List","Char_078_S01_R"
"JPL2_Summon_Pickup_Laura_List_36","JPL2_Summon_Pickup_Laura_List","Char_051_S01_B"
"JPL2_Summon_Pickup_Laura_List_37","JPL2_Summon_Pickup_Laura_List","Char_073_S01_G"
"JPL2_Summon_Pickup_Laura_List_38","JPL2_Summon_Pickup_Laura_List","Char_098_S01_R"
"JPL2_Summon_Pickup_Laura_List_39","JPL2_Summon_Pickup_Laura_List","Char_016_S01_B"
"JPL2_Summon_Pickup_Laura_List_40","JPL2_Summon_Pickup_Laura_List","Char_006_S01_G"
"JPL2_Summon_Pickup_Laura_List_41","JPL2_Summon_Pickup_Laura_List","Char_003_S01_B"
"JPL2_Summon_Pickup_Laura_List_42","JPL2_Summon_Pickup_Laura_List","Char_103_S01_G"
"JPL2_Summon_Pickup_Laura_List_43","JPL2_Summon_Pickup_Laura_List","Char_062_S01_G"
"JPL4_Summon_Normal_44Char_List_01","JPL4_Summon_Normal_44Char_List","Char_105_S01_B"
"JPL4_Summon_Normal_44Char_List_02","JPL4_Summon_Normal_44Char_List","Char_106_S01_R"
"JPL4_Summon_Normal_44Char_List_03","JPL4_Summon_Normal_44Char_List","Char_007_S01_D"
"JPL4_Summon_Normal_44Char_List_04","JPL4_Summon_Normal_44Char_List","Char_044_S01_D"
"JPL4_Summon_Normal_44Char_List_05","JPL4_Summon_Normal_44Char_List","Char_038_S01_L"
"JPL4_Summon_Normal_44Char_List_06","JPL4_Summon_Normal_44Char_List","Char_112_S01_B"
"JPL4_Summon_Normal_44Char_List_07","JPL4_Summon_Normal_44Char_List","Char_011_S01_R"
"JPL4_Summon_Normal_44Char_List_08","JPL4_Summon_Normal_44Char_List","Char_010_S01_B"
"JPL4_Summon_Normal_44Char_List_09","JPL4_Summon_Normal_44Char_List","Char_014_S01_D"
"JPL4_Summon_Normal_44Char_List_10","JPL4_Summon_Normal_44Char_List","Char_091_S01_G"
"JPL4_Summon_Normal_44Char_List_11","JPL4_Summon_Normal_44Char_List","Char_072_S01_R"
"JPL4_Summon_Normal_44Char_List_12","JPL4_Summon_Normal_44Char_List","Char_085_S01_B"
"JPL4_Summon_Normal_44Char_List_13","JPL4_Summon_Normal_44Char_List","Char_067_S01_B"
"JPL4_Summon_Normal_44Char_List_14","JPL4_Summon_Normal_44Char_List","Char_101_S01_B"
"JPL4_Summon_Normal_44Char_List_15","JPL4_Summon_Normal_44Char_List","Char_083_S01_B"
"JPL4_Summon_Normal_44Char_List_16","JPL4_Summon_Normal_44Char_List","Char_090_S01_L"
"JPL4_Summon_Normal_44Char_List_17","JPL4_Summon_Normal_44Char_List","Char_084_S01_G"
"JPL4_Summon_Normal_44Char_List_18","JPL4_Summon_Normal_44Char_List","Char_066_S01_B"
"JPL4_Summon_Normal_44Char_List_19","JPL4_Summon_Normal_44Char_List","Char_114_S01_B"
"JPL4_Summon_Normal_44Char_List_20","JPL4_Summon_Normal_44Char_List","Char_089_S01_D"
"JPL4_Summon_Normal_44Char_List_21","JPL4_Summon_Normal_44Char_List","Char_009_S01_G"
"JPL4_Summon_Normal_44Char_List_22","JPL4_Summon_Normal_44Char_List","Char_037_S01_L"
"JPL4_Summon_Normal_44Char_List_23","JPL4_Summon_Normal_44Char_List","Char_015_S01_B"
"JPL4_Summon_Normal_44Char_List_24","JPL4_Summon_Normal_44Char_List","Char_088_S01_R"
"JPL4_Summon_Normal_44Char_List_25","JPL4_Summon_Normal_44Char_List","Char_111_S01_B"
"JPL4_Summon_Normal_44Char_List_26","JPL4_Summon_Normal_44Char_List","Char_034_S01_B"
"JPL4_Summon_Normal_44Char_List_27","JPL4_Summon_Normal_44Char_List","Char_005_S01_D"
"JPL4_Summon_Normal_44Char_List_28","JPL4_Summon_Normal_44Char_List","Char_077_S01_G"
"JPL4_Summon_Normal_44Char_List_29","JPL4_Summon_Normal_44Char_List","Char_008_S01_B"
"JPL4_Summon_Normal_44Char_List_30","JPL4_Summon_Normal_44Char_List","Char_080_S01_G"
"JPL4_Summon_Normal_44Char_List_31","JPL4_Summon_Normal_44Char_List","Char_041_S01_R"
"JPL4_Summon_Normal_44Char_List_32","JPL4_Summon_Normal_44Char_List","Char_100_S01_G"
"JPL4_Summon_Normal_44Char_List_33","JPL4_Summon_Normal_44Char_List","Char_040_S01_R"
"JPL4_Summon_Normal_44Char_List_34","JPL4_Summon_Normal_44Char_List","Char_001_S01_B"
"JPL4_Summon_Normal_44Char_List_35","JPL4_Summon_Normal_44Char_List","Char_002_S01_R"
"JPL4_Summon_Normal_44Char_List_36","JPL4_Summon_Normal_44Char_List","Char_078_S01_R"
"JPL4_Summon_Normal_44Char_List_37","JPL4_Summon_Normal_44Char_List","Char_051_S01_B"
"JPL4_Summon_Normal_44Char_List_38","JPL4_Summon_Normal_44Char_List","Char_073_S01_G"
"JPL4_Summon_Normal_44Char_List_39","JPL4_Summon_Normal_44Char_List","Char_098_S01_R"
"JPL4_Summon_Normal_44Char_List_40","JPL4_Summon_Normal_44Char_List","Char_016_S01_B"
"JPL4_Summon_Normal_44Char_List_41","JPL4_Summon_Normal_44Char_List","Char_006_S01_G"
"JPL4_Summon_Normal_44Char_List_42","JPL4_Summon_Normal_44Char_List","Char_003_S01_B"
"JPL4_Summon_Normal_44Char_List_43","JPL4_Summon_Normal_44Char_List","Char_103_S01_G"
"JPL4_Summon_Normal_44Char_List_44","JPL4_Summon_Normal_44Char_List","Char_062_S01_G"
"JPL2_Summon_Pickup_Capeline_List_01","JPL2_Summon_Pickup_Capeline_List","Char_106_S01_R"
"JPL2_Summon_Pickup_Capeline_List_02","JPL2_Summon_Pickup_Capeline_List","Char_007_S01_D"
"JPL2_Summon_Pickup_Capeline_List_03","JPL2_Summon_Pickup_Capeline_List","Char_044_S01_D"
"JPL2_Summon_Pickup_Capeline_List_04","JPL2_Summon_Pickup_Capeline_List","Char_038_S01_L"
"JPL2_Summon_Pickup_Capeline_List_05","JPL2_Summon_Pickup_Capeline_List","Char_112_S01_B"
"JPL2_Summon_Pickup_Capeline_List_06","JPL2_Summon_Pickup_Capeline_List","Char_011_S01_R"
"JPL2_Summon_Pickup_Capeline_List_07","JPL2_Summon_Pickup_Capeline_List","Char_010_S01_B"
"JPL2_Summon_Pickup_Capeline_List_08","JPL2_Summon_Pickup_Capeline_List","Char_014_S01_D"
"JPL2_Summon_Pickup_Capeline_List_09","JPL2_Summon_Pickup_Capeline_List","Char_091_S01_G"
"JPL2_Summon_Pickup_Capeline_List_10","JPL2_Summon_Pickup_Capeline_List","Char_072_S01_R"
"JPL2_Summon_Pickup_Capeline_List_11","JPL2_Summon_Pickup_Capeline_List","Char_085_S01_B"
"JPL2_Summon_Pickup_Capeline_List_12","JPL2_Summon_Pickup_Capeline_List","Char_067_S01_B"
"JPL2_Summon_Pickup_Capeline_List_13","JPL2_Summon_Pickup_Capeline_List","Char_101_S01_B"
"JPL2_Summon_Pickup_Capeline_List_14","JPL2_Summon_Pickup_Capeline_List","Char_083_S01_B"
"JPL2_Summon_Pickup_Capeline_List_15","JPL2_Summon_Pickup_Capeline_List","Char_090_S01_L"
"JPL2_Summon_Pickup_Capeline_List_16","JPL2_Summon_Pickup_Capeline_List","Char_084_S01_G"
"JPL2_Summon_Pickup_Capeline_List_17","JPL2_Summon_Pickup_Capeline_List","Char_066_S01_B"
"JPL2_Summon_Pickup_Capeline_List_18","JPL2_Summon_Pickup_Capeline_List","Char_114_S01_B"
"JPL2_Summon_Pickup_Capeline_List_19","JPL2_Summon_Pickup_Capeline_List","Char_089_S01_D"
"JPL2_Summon_Pickup_Capeline_List_20","JPL2_Summon_Pickup_Capeline_List","Char_009_S01_G"
"JPL2_Summon_Pickup_Capeline_List_21","JPL2_Summon_Pickup_Capeline_List","Char_037_S01_L"
"JPL2_Summon_Pickup_Capeline_List_22","JPL2_Summon_Pickup_Capeline_List","Char_015_S01_B"
"JPL2_Summon_Pickup_Capeline_List_23","JPL2_Summon_Pickup_Capeline_List","Char_088_S01_R"
"JPL2_Summon_Pickup_Capeline_List_24","JPL2_Summon_Pickup_Capeline_List","Char_111_S01_B"
"JPL2_Summon_Pickup_Capeline_List_25","JPL2_Summon_Pickup_Capeline_List","Char_034_S01_B"
"JPL2_Summon_Pickup_Capeline_List_26","JPL2_Summon_Pickup_Capeline_List","Char_005_S01_D"
"JPL2_Summon_Pickup_Capeline_List_27","JPL2_Summon_Pickup_Capeline_List","Char_077_S01_G"
"JPL2_Summon_Pickup_Capeline_List_28","JPL2_Summon_Pickup_Capeline_List","Char_008_S01_B"
"JPL2_Summon_Pickup_Capeline_List_29","JPL2_Summon_Pickup_Capeline_List","Char_080_S01_G"
"JPL2_Summon_Pickup_Capeline_List_30","JPL2_Summon_Pickup_Capeline_List","Char_041_S01_R"
"JPL2_Summon_Pickup_Capeline_List_31","JPL2_Summon_Pickup_Capeline_List","Char_100_S01_G"
"JPL2_Summon_Pickup_Capeline_List_32","JPL2_Summon_Pickup_Capeline_List","Char_040_S01_R"
"JPL2_Summon_Pickup_Capeline_List_33","JPL2_Summon_Pickup_Capeline_List","Char_001_S01_B"
"JPL2_Summon_Pickup_Capeline_List_34","JPL2_Summon_Pickup_Capeline_List","Char_002_S01_R"
"JPL2_Summon_Pickup_Capeline_List_35","JPL2_Summon_Pickup_Capeline_List","Char_078_S01_R"
"JPL2_Summon_Pickup_Capeline_List_36","JPL2_Summon_Pickup_Capeline_List","Char_051_S01_B"
"JPL2_Summon_Pickup_Capeline_List_37","JPL2_Summon_Pickup_Capeline_List","Char_073_S01_G"
"JPL2_Summon_Pickup_Capeline_List_38","JPL2_Summon_Pickup_Capeline_List","Char_098_S01_R"
"JPL2_Summon_Pickup_Capeline_List_39","JPL2_Summon_Pickup_Capeline_List","Char_016_S01_B"
"JPL2_Summon_Pickup_Capeline_List_40","JPL2_Summon_Pickup_Capeline_List","Char_006_S01_G"
"JPL2_Summon_Pickup_Capeline_List_41","JPL2_Summon_Pickup_Capeline_List","Char_003_S01_B"
"JPL2_Summon_Pickup_Capeline_List_42","JPL2_Summon_Pickup_Capeline_List","Char_103_S01_G"
"JPL2_Summon_Pickup_Capeline_List_43","JPL2_Summon_Pickup_Capeline_List","Char_062_S01_G"
"JPL4_Summon_Pickup_Ingrid_List_01","JPL4_Summon_Pickup_Ingrid_List","Char_014_S01_D"
"JPL4_Summon_Pickup_Ingrid_List_02","JPL4_Summon_Pickup_Ingrid_List","Char_007_S01_D"
"JPL4_Summon_Pickup_Ingrid_List_03","JPL4_Summon_Pickup_Ingrid_List","Char_044_S01_D"
"JPL4_Summon_Pickup_Ingrid_List_04","JPL4_Summon_Pickup_Ingrid_List","Char_038_S01_L"
"JPL4_Summon_Pickup_Ingrid_List_05","JPL4_Summon_Pickup_Ingrid_List","Char_112_S01_B"
"JPL4_Summon_Pickup_Ingrid_List_06","JPL4_Summon_Pickup_Ingrid_List","Char_011_S01_R"
"JPL4_Summon_Pickup_Ingrid_List_07","JPL4_Summon_Pickup_Ingrid_List","Char_010_S01_B"
"JPL4_Summon_Pickup_Ingrid_List_08","JPL4_Summon_Pickup_Ingrid_List","Char_091_S01_G"
"JPL4_Summon_Pickup_Ingrid_List_09","JPL4_Summon_Pickup_Ingrid_List","Char_072_S01_R"
"JPL4_Summon_Pickup_Ingrid_List_10","JPL4_Summon_Pickup_Ingrid_List","Char_085_S01_B"
"JPL4_Summon_Pickup_Ingrid_List_11","JPL4_Summon_Pickup_Ingrid_List","Char_067_S01_B"
"JPL4_Summon_Pickup_Ingrid_List_12","JPL4_Summon_Pickup_Ingrid_List","Char_101_S01_B"
"JPL4_Summon_Pickup_Ingrid_List_13","JPL4_Summon_Pickup_Ingrid_List","Char_083_S01_B"
"JPL4_Summon_Pickup_Ingrid_List_14","JPL4_Summon_Pickup_Ingrid_List","Char_090_S01_L"
"JPL4_Summon_Pickup_Ingrid_List_15","JPL4_Summon_Pickup_Ingrid_List","Char_084_S01_G"
"JPL4_Summon_Pickup_Ingrid_List_16","JPL4_Summon_Pickup_Ingrid_List","Char_105_S01_B"
"JPL4_Summon_Pickup_Ingrid_List_17","JPL4_Summon_Pickup_Ingrid_List","Char_106_S01_R"
"JPL4_Summon_Pickup_Ingrid_List_18","JPL4_Summon_Pickup_Ingrid_List","Char_066_S01_B"
"JPL4_Summon_Pickup_Ingrid_List_19","JPL4_Summon_Pickup_Ingrid_List","Char_114_S01_B"
"JPL4_Summon_Pickup_Ingrid_List_20","JPL4_Summon_Pickup_Ingrid_List","Char_089_S01_D"
"JPL4_Summon_Pickup_Ingrid_List_21","JPL4_Summon_Pickup_Ingrid_List","Char_009_S01_G"
"JPL4_Summon_Pickup_Ingrid_List_22","JPL4_Summon_Pickup_Ingrid_List","Char_037_S01_L"
"JPL4_Summon_Pickup_Ingrid_List_23","JPL4_Summon_Pickup_Ingrid_List","Char_015_S01_B"
"JPL4_Summon_Pickup_Ingrid_List_24","JPL4_Summon_Pickup_Ingrid_List","Char_088_S01_R"
"JPL4_Summon_Pickup_Ingrid_List_25","JPL4_Summon_Pickup_Ingrid_List","Char_111_S01_B"
"JPL4_Summon_Pickup_Ingrid_List_26","JPL4_Summon_Pickup_Ingrid_List","Char_034_S01_B"
"JPL4_Summon_Pickup_Ingrid_List_27","JPL4_Summon_Pickup_Ingrid_List","Char_005_S01_D"
"JPL4_Summon_Pickup_Ingrid_List_28","JPL4_Summon_Pickup_Ingrid_List","Char_077_S01_G"
"JPL4_Summon_Pickup_Ingrid_List_29","JPL4_Summon_Pickup_Ingrid_List","Char_008_S01_B"
"JPL4_Summon_Pickup_Ingrid_List_30","JPL4_Summon_Pickup_Ingrid_List","Char_080_S01_G"
"JPL4_Summon_Pickup_Ingrid_List_31","JPL4_Summon_Pickup_Ingrid_List","Char_041_S01_R"
"JPL4_Summon_Pickup_Ingrid_List_32","JPL4_Summon_Pickup_Ingrid_List","Char_100_S01_G"
"JPL4_Summon_Pickup_Ingrid_List_33","JPL4_Summon_Pickup_Ingrid_List","Char_040_S01_R"
"JPL4_Summon_Pickup_Ingrid_List_34","JPL4_Summon_Pickup_Ingrid_List","Char_001_S01_B"
"JPL4_Summon_Pickup_Ingrid_List_35","JPL4_Summon_Pickup_Ingrid_List","Char_002_S01_R"
"JPL4_Summon_Pickup_Ingrid_List_36","JPL4_Summon_Pickup_Ingrid_List","Char_078_S01_R"
"JPL4_Summon_Pickup_Ingrid_List_37","JPL4_Summon_Pickup_Ingrid_List","Char_051_S01_B"
"JPL4_Summon_Pickup_Ingrid_List_38","JPL4_Summon_Pickup_Ingrid_List","Char_073_S01_G"
"JPL4_Summon_Pickup_Ingrid_List_39","JPL4_Summon_Pickup_Ingrid_List","Char_098_S01_R"
"JPL4_Summon_Pickup_Ingrid_List_40","JPL4_Summon_Pickup_Ingrid_List","Char_016_S01_B"
"JPL4_Summon_Pickup_Ingrid_List_41","JPL4_Summon_Pickup_Ingrid_List","Char_006_S01_G"
"JPL4_Summon_Pickup_Ingrid_List_42","JPL4_Summon_Pickup_Ingrid_List","Char_003_S01_B"
"JPL4_Summon_Pickup_Ingrid_List_43","JPL4_Summon_Pickup_Ingrid_List","Char_103_S01_G"
"JPL4_Summon_Pickup_Ingrid_List_44","JPL4_Summon_Pickup_Ingrid_List","Char_062_S01_G"
"JPL4_Summon_Pickup_Eleonora_List_01","JPL4_Summon_Pickup_Eleonora_List","Char_104_S01_G"
"JPL4_Summon_Pickup_Eleonora_List_02","JPL4_Summon_Pickup_Eleonora_List","Char_007_S01_D"
"JPL4_Summon_Pickup_Eleonora_List_03","JPL4_Summon_Pickup_Eleonora_List","Char_044_S01_D"
"JPL4_Summon_Pickup_Eleonora_List_04","JPL4_Summon_Pickup_Eleonora_List","Char_038_S01_L"
"JPL4_Summon_Pickup_Eleonora_List_05","JPL4_Summon_Pickup_Eleonora_List","Char_112_S01_B"
"JPL4_Summon_Pickup_Eleonora_List_06","JPL4_Summon_Pickup_Eleonora_List","Char_011_S01_R"
"JPL4_Summon_Pickup_Eleonora_List_07","JPL4_Summon_Pickup_Eleonora_List","Char_010_S01_B"
"JPL4_Summon_Pickup_Eleonora_List_08","JPL4_Summon_Pickup_Eleonora_List","Char_014_S01_D"
"JPL4_Summon_Pickup_Eleonora_List_09","JPL4_Summon_Pickup_Eleonora_List","Char_091_S01_G"
"JPL4_Summon_Pickup_Eleonora_List_10","JPL4_Summon_Pickup_Eleonora_List","Char_072_S01_R"
"JPL4_Summon_Pickup_Eleonora_List_11","JPL4_Summon_Pickup_Eleonora_List","Char_085_S01_B"
"JPL4_Summon_Pickup_Eleonora_List_12","JPL4_Summon_Pickup_Eleonora_List","Char_067_S01_B"
"JPL4_Summon_Pickup_Eleonora_List_13","JPL4_Summon_Pickup_Eleonora_List","Char_101_S01_B"
"JPL4_Summon_Pickup_Eleonora_List_14","JPL4_Summon_Pickup_Eleonora_List","Char_083_S01_B"
"JPL4_Summon_Pickup_Eleonora_List_15","JPL4_Summon_Pickup_Eleonora_List","Char_090_S01_L"
"JPL4_Summon_Pickup_Eleonora_List_16","JPL4_Summon_Pickup_Eleonora_List","Char_084_S01_G"
"JPL4_Summon_Pickup_Eleonora_List_17","JPL4_Summon_Pickup_Eleonora_List","Char_105_S01_B"
"JPL4_Summon_Pickup_Eleonora_List_18","JPL4_Summon_Pickup_Eleonora_List","Char_106_S01_R"
"JPL4_Summon_Pickup_Eleonora_List_19","JPL4_Summon_Pickup_Eleonora_List","Char_066_S01_B"
"JPL4_Summon_Pickup_Eleonora_List_20","JPL4_Summon_Pickup_Eleonora_List","Char_114_S01_B"
"JPL4_Summon_Pickup_Eleonora_List_21","JPL4_Summon_Pickup_Eleonora_List","Char_089_S01_D"
"JPL4_Summon_Pickup_Eleonora_List_22","JPL4_Summon_Pickup_Eleonora_List","Char_009_S01_G"
"JPL4_Summon_Pickup_Eleonora_List_23","JPL4_Summon_Pickup_Eleonora_List","Char_037_S01_L"
"JPL4_Summon_Pickup_Eleonora_List_24","JPL4_Summon_Pickup_Eleonora_List","Char_015_S01_B"
"JPL4_Summon_Pickup_Eleonora_List_25","JPL4_Summon_Pickup_Eleonora_List","Char_088_S01_R"
"JPL4_Summon_Pickup_Eleonora_List_26","JPL4_Summon_Pickup_Eleonora_List","Char_111_S01_B"
"JPL4_Summon_Pickup_Eleonora_List_27","JPL4_Summon_Pickup_Eleonora_List","Char_034_S01_B"
"JPL4_Summon_Pickup_Eleonora_List_28","JPL4_Summon_Pickup_Eleonora_List","Char_005_S01_D"
"JPL4_Summon_Pickup_Eleonora_List_29","JPL4_Summon_Pickup_Eleonora_List","Char_077_S01_G"
"JPL4_Summon_Pickup_Eleonora_List_30","JPL4_Summon_Pickup_Eleonora_List","Char_008_S01_B"
"JPL4_Summon_Pickup_Eleonora_List_31","JPL4_Summon_Pickup_Eleonora_List","Char_080_S01_G"
"JPL4_Summon_Pickup_Eleonora_List_32","JPL4_Summon_Pickup_Eleonora_List","Char_041_S01_R"
"JPL4_Summon_Pickup_Eleonora_List_33","JPL4_Summon_Pickup_Eleonora_List","Char_100_S01_G"
"JPL4_Summon_Pickup_Eleonora_List_34","JPL4_Summon_Pickup_Eleonora_List","Char_040_S01_R"
"JPL4_Summon_Pickup_Eleonora_List_35","JPL4_Summon_Pickup_Eleonora_List","Char_001_S01_B"
"JPL4_Summon_Pickup_Eleonora_List_36","JPL4_Summon_Pickup_Eleonora_List","Char_002_S01_R"
"JPL4_Summon_Pickup_Eleonora_List_37","JPL4_Summon_Pickup_Eleonora_List","Char_078_S01_R"
"JPL4_Summon_Pickup_Eleonora_List_38","JPL4_Summon_Pickup_Eleonora_List","Char_051_S01_B"
"JPL4_Summon_Pickup_Eleonora_List_39","JPL4_Summon_Pickup_Eleonora_List","Char_073_S01_G"
"JPL4_Summon_Pickup_Eleonora_List_40","JPL4_Summon_Pickup_Eleonora_List","Char_098_S01_R"
"JPL4_Summon_Pickup_Eleonora_List_41","JPL4_Summon_Pickup_Eleonora_List","Char_016_S01_B"
"JPL4_Summon_Pickup_Eleonora_List_42","JPL4_Summon_Pickup_Eleonora_List","Char_006_S01_G"
"JPL4_Summon_Pickup_Eleonora_List_43","JPL4_Summon_Pickup_Eleonora_List","Char_003_S01_B"
"JPL4_Summon_Pickup_Eleonora_List_44","JPL4_Summon_Pickup_Eleonora_List","Char_103_S01_G"
"JPL4_Summon_Pickup_Eleonora_List_45","JPL4_Summon_Pickup_Eleonora_List","Char_062_S01_G"
"JPL7_Summon_Normal_45Char_List_01","JPL7_Summon_Normal_45Char_List","Char_104_S01_G"
"JPL7_Summon_Normal_45Char_List_02","JPL7_Summon_Normal_45Char_List","Char_106_S01_R"
"JPL7_Summon_Normal_45Char_List_03","JPL7_Summon_Normal_45Char_List","Char_007_S01_D"
"JPL7_Summon_Normal_45Char_List_04","JPL7_Summon_Normal_45Char_List","Char_044_S01_D"
"JPL7_Summon_Normal_45Char_List_05","JPL7_Summon_Normal_45Char_List","Char_038_S01_L"
"JPL7_Summon_Normal_45Char_List_06","JPL7_Summon_Normal_45Char_List","Char_112_S01_B"
"JPL7_Summon_Normal_45Char_List_07","JPL7_Summon_Normal_45Char_List","Char_011_S01_R"
"JPL7_Summon_Normal_45Char_List_08","JPL7_Summon_Normal_45Char_List","Char_010_S01_B"
"JPL7_Summon_Normal_45Char_List_09","JPL7_Summon_Normal_45Char_List","Char_014_S01_D"
"JPL7_Summon_Normal_45Char_List_10","JPL7_Summon_Normal_45Char_List","Char_091_S01_G"
"JPL7_Summon_Normal_45Char_List_11","JPL7_Summon_Normal_45Char_List","Char_072_S01_R"
"JPL7_Summon_Normal_45Char_List_12","JPL7_Summon_Normal_45Char_List","Char_085_S01_B"
"JPL7_Summon_Normal_45Char_List_13","JPL7_Summon_Normal_45Char_List","Char_067_S01_B"
"JPL7_Summon_Normal_45Char_List_14","JPL7_Summon_Normal_45Char_List","Char_101_S01_B"
"JPL7_Summon_Normal_45Char_List_15","JPL7_Summon_Normal_45Char_List","Char_083_S01_B"
"JPL7_Summon_Normal_45Char_List_16","JPL7_Summon_Normal_45Char_List","Char_090_S01_L"
"JPL7_Summon_Normal_45Char_List_17","JPL7_Summon_Normal_45Char_List","Char_084_S01_G"
"JPL7_Summon_Normal_45Char_List_18","JPL7_Summon_Normal_45Char_List","Char_105_S01_B"
"JPL7_Summon_Normal_45Char_List_19","JPL7_Summon_Normal_45Char_List","Char_066_S01_B"
"JPL7_Summon_Normal_45Char_List_20","JPL7_Summon_Normal_45Char_List","Char_114_S01_B"
"JPL7_Summon_Normal_45Char_List_21","JPL7_Summon_Normal_45Char_List","Char_089_S01_D"
"JPL7_Summon_Normal_45Char_List_22","JPL7_Summon_Normal_45Char_List","Char_009_S01_G"
"JPL7_Summon_Normal_45Char_List_23","JPL7_Summon_Normal_45Char_List","Char_037_S01_L"
"JPL7_Summon_Normal_45Char_List_24","JPL7_Summon_Normal_45Char_List","Char_015_S01_B"
"JPL7_Summon_Normal_45Char_List_25","JPL7_Summon_Normal_45Char_List","Char_088_S01_R"
"JPL7_Summon_Normal_45Char_List_26","JPL7_Summon_Normal_45Char_List","Char_111_S01_B"
"JPL7_Summon_Normal_45Char_List_27","JPL7_Summon_Normal_45Char_List","Char_034_S01_B"
"JPL7_Summon_Normal_45Char_List_28","JPL7_Summon_Normal_45Char_List","Char_005_S01_D"
"JPL7_Summon_Normal_45Char_List_29","JPL7_Summon_Normal_45Char_List","Char_077_S01_G"
"JPL7_Summon_Normal_45Char_List_30","JPL7_Summon_Normal_45Char_List","Char_008_S01_B"
"JPL7_Summon_Normal_45Char_List_31","JPL7_Summon_Normal_45Char_List","Char_080_S01_G"
"JPL7_Summon_Normal_45Char_List_32","JPL7_Summon_Normal_45Char_List","Char_041_S01_R"
"JPL7_Summon_Normal_45Char_List_33","JPL7_Summon_Normal_45Char_List","Char_100_S01_G"
"JPL7_Summon_Normal_45Char_List_34","JPL7_Summon_Normal_45Char_List","Char_040_S01_R"
"JPL7_Summon_Normal_45Char_List_35","JPL7_Summon_Normal_45Char_List","Char_001_S01_B"
"JPL7_Summon_Normal_45Char_List_36","JPL7_Summon_Normal_45Char_List","Char_002_S01_R"
"JPL7_Summon_Normal_45Char_List_37","JPL7_Summon_Normal_45Char_List","Char_078_S01_R"
"JPL7_Summon_Normal_45Char_List_38","JPL7_Summon_Normal_45Char_List","Char_051_S01_B"
"JPL7_Summon_Normal_45Char_List_39","JPL7_Summon_Normal_45Char_List","Char_073_S01_G"
"JPL7_Summon_Normal_45Char_List_40","JPL7_Summon_Normal_45Char_List","Char_098_S01_R"
"JPL7_Summon_Normal_45Char_List_41","JPL7_Summon_Normal_45Char_List","Char_016_S01_B"
"JPL7_Summon_Normal_45Char_List_42","JPL7_Summon_Normal_45Char_List","Char_006_S01_G"
"JPL7_Summon_Normal_45Char_List_43","JPL7_Summon_Normal_45Char_List","Char_003_S01_B"
"JPL7_Summon_Normal_45Char_List_44","JPL7_Summon_Normal_45Char_List","Char_103_S01_G"
"JPL7_Summon_Normal_45Char_List_45","JPL7_Summon_Normal_45Char_List","Char_062_S01_G"
"JPL5_Summon_Pickup_Rin_List_01","JPL7_Summon_Pickup_Rin_List","Char_083_S01_B"
"JPL5_Summon_Pickup_Rin_List_02","JPL7_Summon_Pickup_Rin_List","Char_007_S01_D"
"JPL5_Summon_Pickup_Rin_List_03","JPL7_Summon_Pickup_Rin_List","Char_044_S01_D"
"JPL5_Summon_Pickup_Rin_List_04","JPL7_Summon_Pickup_Rin_List","Char_038_S01_L"
"JPL5_Summon_Pickup_Rin_List_05","JPL7_Summon_Pickup_Rin_List","Char_112_S01_B"
"JPL5_Summon_Pickup_Rin_List_06","JPL7_Summon_Pickup_Rin_List","Char_011_S01_R"
"JPL5_Summon_Pickup_Rin_List_07","JPL7_Summon_Pickup_Rin_List","Char_010_S01_B"
"JPL5_Summon_Pickup_Rin_List_08","JPL7_Summon_Pickup_Rin_List","Char_014_S01_D"
"JPL5_Summon_Pickup_Rin_List_09","JPL7_Summon_Pickup_Rin_List","Char_091_S01_G"
"JPL5_Summon_Pickup_Rin_List_10","JPL7_Summon_Pickup_Rin_List","Char_072_S01_R"
"JPL5_Summon_Pickup_Rin_List_11","JPL7_Summon_Pickup_Rin_List","Char_085_S01_B"
"JPL5_Summon_Pickup_Rin_List_12","JPL7_Summon_Pickup_Rin_List","Char_067_S01_B"
"JPL5_Summon_Pickup_Rin_List_13","JPL7_Summon_Pickup_Rin_List","Char_101_S01_B"
"JPL5_Summon_Pickup_Rin_List_14","JPL7_Summon_Pickup_Rin_List","Char_104_S01_G"
"JPL5_Summon_Pickup_Rin_List_15","JPL7_Summon_Pickup_Rin_List","Char_090_S01_L"
"JPL5_Summon_Pickup_Rin_List_16","JPL7_Summon_Pickup_Rin_List","Char_084_S01_G"
"JPL5_Summon_Pickup_Rin_List_17","JPL7_Summon_Pickup_Rin_List","Char_105_S01_B"
"JPL5_Summon_Pickup_Rin_List_18","JPL7_Summon_Pickup_Rin_List","Char_106_S01_R"
"JPL5_Summon_Pickup_Rin_List_19","JPL7_Summon_Pickup_Rin_List","Char_066_S01_B"
"JPL5_Summon_Pickup_Rin_List_20","JPL7_Summon_Pickup_Rin_List","Char_114_S01_B"
"JPL5_Summon_Pickup_Rin_List_21","JPL7_Summon_Pickup_Rin_List","Char_089_S01_D"
"JPL5_Summon_Pickup_Rin_List_22","JPL7_Summon_Pickup_Rin_List","Char_009_S01_G"
"JPL5_Summon_Pickup_Rin_List_23","JPL7_Summon_Pickup_Rin_List","Char_037_S01_L"
"JPL5_Summon_Pickup_Rin_List_24","JPL7_Summon_Pickup_Rin_List","Char_015_S01_B"
"JPL5_Summon_Pickup_Rin_List_25","JPL7_Summon_Pickup_Rin_List","Char_088_S01_R"
"JPL5_Summon_Pickup_Rin_List_26","JPL7_Summon_Pickup_Rin_List","Char_111_S01_B"
"JPL5_Summon_Pickup_Rin_List_27","JPL7_Summon_Pickup_Rin_List","Char_034_S01_B"
"JPL5_Summon_Pickup_Rin_List_28","JPL7_Summon_Pickup_Rin_List","Char_005_S01_D"
"JPL5_Summon_Pickup_Rin_List_29","JPL7_Summon_Pickup_Rin_List","Char_077_S01_G"
"JPL5_Summon_Pickup_Rin_List_30","JPL7_Summon_Pickup_Rin_List","Char_008_S01_B"
"JPL5_Summon_Pickup_Rin_List_31","JPL7_Summon_Pickup_Rin_List","Char_080_S01_G"
"JPL5_Summon_Pickup_Rin_List_32","JPL7_Summon_Pickup_Rin_List","Char_041_S01_R"
"JPL5_Summon_Pickup_Rin_List_33","JPL7_Summon_Pickup_Rin_List","Char_100_S01_G"
"JPL5_Summon_Pickup_Rin_List_34","JPL7_Summon_Pickup_Rin_List","Char_040_S01_R"
"JPL5_Summon_Pickup_Rin_List_35","JPL7_Summon_Pickup_Rin_List","Char_001_S01_B"
"JPL5_Summon_Pickup_Rin_List_36","JPL7_Summon_Pickup_Rin_List","Char_002_S01_R"
"JPL5_Summon_Pickup_Rin_List_37","JPL7_Summon_Pickup_Rin_List","Char_078_S01_R"
"JPL5_Summon_Pickup_Rin_List_38","JPL7_Summon_Pickup_Rin_List","Char_051_S01_B"
"JPL5_Summon_Pickup_Rin_List_39","JPL7_Summon_Pickup_Rin_List","Char_073_S01_G"
"JPL5_Summon_Pickup_Rin_List_40","JPL7_Summon_Pickup_Rin_List","Char_098_S01_R"
"JPL5_Summon_Pickup_Rin_List_41","JPL7_Summon_Pickup_Rin_List","Char_016_S01_B"
"JPL5_Summon_Pickup_Rin_List_42","JPL7_Summon_Pickup_Rin_List","Char_006_S01_G"
"JPL5_Summon_Pickup_Rin_List_43","JPL7_Summon_Pickup_Rin_List","Char_003_S01_B"
"JPL5_Summon_Pickup_Rin_List_44","JPL7_Summon_Pickup_Rin_List","Char_103_S01_G"
"JPL5_Summon_Pickup_Rin_List_45","JPL7_Summon_Pickup_Rin_List","Char_062_S01_G"
"JPL5_Summon_Pickup_Scheherazade_List_01","JPL7_Summon_Pickup_Scheherazade_List","Char_038_S01_L"
"JPL5_Summon_Pickup_Scheherazade_List_02","JPL7_Summon_Pickup_Scheherazade_List","Char_007_S01_D"
"JPL5_Summon_Pickup_Scheherazade_List_03","JPL7_Summon_Pickup_Scheherazade_List","Char_044_S01_D"
"JPL5_Summon_Pickup_Scheherazade_List_04","JPL7_Summon_Pickup_Scheherazade_List","Char_083_S01_B"
"JPL5_Summon_Pickup_Scheherazade_List_05","JPL7_Summon_Pickup_Scheherazade_List","Char_112_S01_B"
"JPL5_Summon_Pickup_Scheherazade_List_06","JPL7_Summon_Pickup_Scheherazade_List","Char_011_S01_R"
"JPL5_Summon_Pickup_Scheherazade_List_07","JPL7_Summon_Pickup_Scheherazade_List","Char_010_S01_B"
"JPL5_Summon_Pickup_Scheherazade_List_08","JPL7_Summon_Pickup_Scheherazade_List","Char_014_S01_D"
"JPL5_Summon_Pickup_Scheherazade_List_09","JPL7_Summon_Pickup_Scheherazade_List","Char_091_S01_G"
"JPL5_Summon_Pickup_Scheherazade_List_10","JPL7_Summon_Pickup_Scheherazade_List","Char_072_S01_R"
"JPL5_Summon_Pickup_Scheherazade_List_11","JPL7_Summon_Pickup_Scheherazade_List","Char_085_S01_B"
"JPL5_Summon_Pickup_Scheherazade_List_12","JPL7_Summon_Pickup_Scheherazade_List","Char_067_S01_B"
"JPL5_Summon_Pickup_Scheherazade_List_13","JPL7_Summon_Pickup_Scheherazade_List","Char_101_S01_B"
"JPL5_Summon_Pickup_Scheherazade_List_14","JPL7_Summon_Pickup_Scheherazade_List","Char_104_S01_G"
"JPL5_Summon_Pickup_Scheherazade_List_15","JPL7_Summon_Pickup_Scheherazade_List","Char_090_S01_L"
"JPL5_Summon_Pickup_Scheherazade_List_16","JPL7_Summon_Pickup_Scheherazade_List","Char_084_S01_G"
"JPL5_Summon_Pickup_Scheherazade_List_17","JPL7_Summon_Pickup_Scheherazade_List","Char_105_S01_B"
"JPL5_Summon_Pickup_Scheherazade_List_18","JPL7_Summon_Pickup_Scheherazade_List","Char_106_S01_R"
"JPL5_Summon_Pickup_Scheherazade_List_19","JPL7_Summon_Pickup_Scheherazade_List","Char_066_S01_B"
"JPL5_Summon_Pickup_Scheherazade_List_20","JPL7_Summon_Pickup_Scheherazade_List","Char_114_S01_B"
"JPL5_Summon_Pickup_Scheherazade_List_21","JPL7_Summon_Pickup_Scheherazade_List","Char_089_S01_D"
"JPL5_Summon_Pickup_Scheherazade_List_22","JPL7_Summon_Pickup_Scheherazade_List","Char_009_S01_G"
"JPL5_Summon_Pickup_Scheherazade_List_23","JPL7_Summon_Pickup_Scheherazade_List","Char_037_S01_L"
"JPL5_Summon_Pickup_Scheherazade_List_24","JPL7_Summon_Pickup_Scheherazade_List","Char_015_S01_B"
"JPL5_Summon_Pickup_Scheherazade_List_25","JPL7_Summon_Pickup_Scheherazade_List","Char_088_S01_R"
"JPL5_Summon_Pickup_Scheherazade_List_26","JPL7_Summon_Pickup_Scheherazade_List","Char_111_S01_B"
"JPL5_Summon_Pickup_Scheherazade_List_27","JPL7_Summon_Pickup_Scheherazade_List","Char_034_S01_B"
"JPL5_Summon_Pickup_Scheherazade_List_28","JPL7_Summon_Pickup_Scheherazade_List","Char_005_S01_D"
"JPL5_Summon_Pickup_Scheherazade_List_29","JPL7_Summon_Pickup_Scheherazade_List","Char_077_S01_G"
"JPL5_Summon_Pickup_Scheherazade_List_30","JPL7_Summon_Pickup_Scheherazade_List","Char_008_S01_B"
"JPL5_Summon_Pickup_Scheherazade_List_31","JPL7_Summon_Pickup_Scheherazade_List","Char_080_S01_G"
"JPL5_Summon_Pickup_Scheherazade_List_32","JPL7_Summon_Pickup_Scheherazade_List","Char_041_S01_R"
"JPL5_Summon_Pickup_Scheherazade_List_33","JPL7_Summon_Pickup_Scheherazade_List","Char_100_S01_G"
"JPL5_Summon_Pickup_Scheherazade_List_34","JPL7_Summon_Pickup_Scheherazade_List","Char_040_S01_R"
"JPL5_Summon_Pickup_Scheherazade_List_35","JPL7_Summon_Pickup_Scheherazade_List","Char_001_S01_B"
"JPL5_Summon_Pickup_Scheherazade_List_36","JPL7_Summon_Pickup_Scheherazade_List","Char_002_S01_R"
"JPL5_Summon_Pickup_Scheherazade_List_37","JPL7_Summon_Pickup_Scheherazade_List","Char_078_S01_R"
"JPL5_Summon_Pickup_Scheherazade_List_38","JPL7_Summon_Pickup_Scheherazade_List","Char_051_S01_B"
"JPL5_Summon_Pickup_Scheherazade_List_39","JPL7_Summon_Pickup_Scheherazade_List","Char_073_S01_G"
"JPL5_Summon_Pickup_Scheherazade_List_40","JPL7_Summon_Pickup_Scheherazade_List","Char_098_S01_R"
"JPL5_Summon_Pickup_Scheherazade_List_41","JPL7_Summon_Pickup_Scheherazade_List","Char_016_S01_B"
"JPL5_Summon_Pickup_Scheherazade_List_42","JPL7_Summon_Pickup_Scheherazade_List","Char_006_S01_G"
"JPL5_Summon_Pickup_Scheherazade_List_43","JPL7_Summon_Pickup_Scheherazade_List","Char_003_S01_B"
"JPL5_Summon_Pickup_Scheherazade_List_44","JPL7_Summon_Pickup_Scheherazade_List","Char_103_S01_G"
"JPL5_Summon_Pickup_Scheherazade_List_45","JPL7_Summon_Pickup_Scheherazade_List","Char_062_S01_G"
"JPL9_Summon_Pickup_Snow_List_01","JPL9_Summon_Pickup_Snow_List","Char_097_S01_D"
"JPL9_Summon_Pickup_Snow_List_02","JPL9_Summon_Pickup_Snow_List","Char_007_S01_D"
"JPL9_Summon_Pickup_Snow_List_03","JPL9_Summon_Pickup_Snow_List","Char_044_S01_D"
"JPL9_Summon_Pickup_Snow_List_04","JPL9_Summon_Pickup_Snow_List","Char_038_S01_L"
"JPL9_Summon_Pickup_Snow_List_05","JPL9_Summon_Pickup_Snow_List","Char_112_S01_B"
"JPL9_Summon_Pickup_Snow_List_06","JPL9_Summon_Pickup_Snow_List","Char_011_S01_R"
"JPL9_Summon_Pickup_Snow_List_07","JPL9_Summon_Pickup_Snow_List","Char_010_S01_B"
"JPL9_Summon_Pickup_Snow_List_08","JPL9_Summon_Pickup_Snow_List","Char_014_S01_D"
"JPL9_Summon_Pickup_Snow_List_09","JPL9_Summon_Pickup_Snow_List","Char_091_S01_G"
"JPL9_Summon_Pickup_Snow_List_10","JPL9_Summon_Pickup_Snow_List","Char_072_S01_R"
"JPL9_Summon_Pickup_Snow_List_11","JPL9_Summon_Pickup_Snow_List","Char_085_S01_B"
"JPL9_Summon_Pickup_Snow_List_12","JPL9_Summon_Pickup_Snow_List","Char_067_S01_B"
"JPL9_Summon_Pickup_Snow_List_13","JPL9_Summon_Pickup_Snow_List","Char_101_S01_B"
"JPL9_Summon_Pickup_Snow_List_14","JPL9_Summon_Pickup_Snow_List","Char_083_S01_B"
"JPL9_Summon_Pickup_Snow_List_15","JPL9_Summon_Pickup_Snow_List","Char_090_S01_L"
"JPL9_Summon_Pickup_Snow_List_16","JPL9_Summon_Pickup_Snow_List","Char_084_S01_G"
"JPL9_Summon_Pickup_Snow_List_17","JPL9_Summon_Pickup_Snow_List","Char_105_S01_B"
"JPL9_Summon_Pickup_Snow_List_18","JPL9_Summon_Pickup_Snow_List","Char_106_S01_R"
"JPL9_Summon_Pickup_Snow_List_19","JPL9_Summon_Pickup_Snow_List","Char_104_S01_G"
"JPL9_Summon_Pickup_Snow_List_20","JPL9_Summon_Pickup_Snow_List","Char_066_S01_B"
"JPL9_Summon_Pickup_Snow_List_21","JPL9_Summon_Pickup_Snow_List","Char_114_S01_B"
"JPL9_Summon_Pickup_Snow_List_22","JPL9_Summon_Pickup_Snow_List","Char_089_S01_D"
"JPL9_Summon_Pickup_Snow_List_23","JPL9_Summon_Pickup_Snow_List","Char_009_S01_G"
"JPL9_Summon_Pickup_Snow_List_24","JPL9_Summon_Pickup_Snow_List","Char_037_S01_L"
"JPL9_Summon_Pickup_Snow_List_25","JPL9_Summon_Pickup_Snow_List","Char_015_S01_B"
"JPL9_Summon_Pickup_Snow_List_26","JPL9_Summon_Pickup_Snow_List","Char_088_S01_R"
"JPL9_Summon_Pickup_Snow_List_27","JPL9_Summon_Pickup_Snow_List","Char_111_S01_B"
"JPL9_Summon_Pickup_Snow_List_28","JPL9_Summon_Pickup_Snow_List","Char_034_S01_B"
"JPL9_Summon_Pickup_Snow_List_29","JPL9_Summon_Pickup_Snow_List","Char_005_S01_D"
"JPL9_Summon_Pickup_Snow_List_30","JPL9_Summon_Pickup_Snow_List","Char_077_S01_G"
"JPL9_Summon_Pickup_Snow_List_31","JPL9_Summon_Pickup_Snow_List","Char_008_S01_B"
"JPL9_Summon_Pickup_Snow_List_32","JPL9_Summon_Pickup_Snow_List","Char_080_S01_G"
"JPL9_Summon_Pickup_Snow_List_33","JPL9_Summon_Pickup_Snow_List","Char_041_S01_R"
"JPL9_Summon_Pickup_Snow_List_34","JPL9_Summon_Pickup_Snow_List","Char_100_S01_G"
"JPL9_Summon_Pickup_Snow_List_35","JPL9_Summon_Pickup_Snow_List","Char_040_S01_R"
"JPL9_Summon_Pickup_Snow_List_36","JPL9_Summon_Pickup_Snow_List","Char_001_S01_B"
"JPL9_Summon_Pickup_Snow_List_37","JPL9_Summon_Pickup_Snow_List","Char_002_S01_R"
"JPL9_Summon_Pickup_Snow_List_38","JPL9_Summon_Pickup_Snow_List","Char_078_S01_R"
"JPL9_Summon_Pickup_Snow_List_39","JPL9_Summon_Pickup_Snow_List","Char_051_S01_B"
"JPL9_Summon_Pickup_Snow_List_40","JPL9_Summon_Pickup_Snow_List","Char_073_S01_G"
"JPL9_Summon_Pickup_Snow_List_41","JPL9_Summon_Pickup_Snow_List","Char_098_S01_R"
"JPL9_Summon_Pickup_Snow_List_42","JPL9_Summon_Pickup_Snow_List","Char_016_S01_B"
"JPL9_Summon_Pickup_Snow_List_43","JPL9_Summon_Pickup_Snow_List","Char_006_S01_G"
"JPL9_Summon_Pickup_Snow_List_44","JPL9_Summon_Pickup_Snow_List","Char_003_S01_B"
"JPL9_Summon_Pickup_Snow_List_45","JPL9_Summon_Pickup_Snow_List","Char_103_S01_G"
"JPL9_Summon_Pickup_Snow_List_46","JPL9_Summon_Pickup_Snow_List","Char_062_S01_G"
"JPL9_Summon_Pickup_Snow_List_47","JPL9_Summon_Pickup_Snow_List","Char_099_S01_G"
"Event_3GradeFix_TenRoll_List_01","Event_3GradeFix_TenRoll_List","Char_044_S01_D"
"Event_3GradeFix_TenRoll_List_02","Event_3GradeFix_TenRoll_List","Char_038_S01_L"
"Event_3GradeFix_TenRoll_List_03","Event_3GradeFix_TenRoll_List","Char_112_S01_B"
"Event_3GradeFix_TenRoll_List_04","Event_3GradeFix_TenRoll_List","Char_010_S01_B"
"Event_3GradeFix_TenRoll_List_05","Event_3GradeFix_TenRoll_List","Char_014_S01_D"
"Event_3GradeFix_TenRoll_List_06","Event_3GradeFix_TenRoll_List","Char_101_S01_B"
"Event_3GradeFix_TenRoll_List_07","Event_3GradeFix_TenRoll_List","Char_083_S01_B"
"Event_3GradeFix_TenRoll_List_08","Event_3GradeFix_TenRoll_List","Char_114_S01_B"
"Event_3GradeFix_TenRoll_List_09","Event_3GradeFix_TenRoll_List","Char_089_S01_D"
"Event_3GradeFix_TenRoll_List_10","Event_3GradeFix_TenRoll_List","Char_009_S01_G"
"Event_3GradeFix_TenRoll_List_11","Event_3GradeFix_TenRoll_List","Char_037_S01_L"
"Event_3GradeFix_TenRoll_List_12","Event_3GradeFix_TenRoll_List","Char_015_S01_B"
"Event_3GradeFix_TenRoll_List_13","Event_3GradeFix_TenRoll_List","Char_088_S01_R"
"Event_3GradeFix_TenRoll_List_14","Event_3GradeFix_TenRoll_List","Char_111_S01_B"
"Event_3GradeFix_TenRoll_List_15","Event_3GradeFix_TenRoll_List","Char_034_S01_B"
"Event_3GradeFix_TenRoll_List_16","Event_3GradeFix_TenRoll_List","Char_005_S01_D"
"Event_3GradeFix_TenRoll_List_17","Event_3GradeFix_TenRoll_List","Char_077_S01_G"
"Event_3GradeFix_TenRoll_List_18","Event_3GradeFix_TenRoll_List","Char_008_S01_B"
"Event_3GradeFix_TenRoll_List_19","Event_3GradeFix_TenRoll_List","Char_080_S01_G"
"Event_3GradeFix_TenRoll_List_20","Event_3GradeFix_TenRoll_List","Char_041_S01_R"
"Event_3GradeFix_TenRoll_List_21","Event_3GradeFix_TenRoll_List","Char_100_S01_G"
"Event_3GradeFix_TenRoll_List_22","Event_3GradeFix_TenRoll_List","Char_040_S01_R"
"Event_3GradeFix_TenRoll_List_23","Event_3GradeFix_TenRoll_List","Char_001_S01_B"
"Event_3GradeFix_TenRoll_List_24","Event_3GradeFix_TenRoll_List","Char_002_S01_R"
"Event_3GradeFix_TenRoll_List_25","Event_3GradeFix_TenRoll_List","Char_078_S01_R"
"Event_3GradeFix_TenRoll_List_26","Event_3GradeFix_TenRoll_List","Char_051_S01_B"
"Event_3GradeFix_TenRoll_List_27","Event_3GradeFix_TenRoll_List","Char_073_S01_G"
"Event_3GradeFix_TenRoll_List_28","Event_3GradeFix_TenRoll_List","Char_098_S01_R"
"Event_3GradeFix_TenRoll_List_29","Event_3GradeFix_TenRoll_List","Char_016_S01_B"
"Event_3GradeFix_TenRoll_List_30","Event_3GradeFix_TenRoll_List","Char_006_S01_G"
"Event_3GradeFix_TenRoll_List_31","Event_3GradeFix_TenRoll_List","Char_003_S01_B"
"Event_3GradeFix_TenRoll_List_32","Event_3GradeFix_TenRoll_List","Char_103_S01_G"
"Event_3GradeFix_TenRoll_List_33","Event_3GradeFix_TenRoll_List","Char_062_S01_G"
"Event_RedFix_TenRoll_List_01","Event_RedFix_TenRoll_List","Char_007_S01_D"
"Event_RedFix_TenRoll_List_02","Event_RedFix_TenRoll_List","Char_014_S01_D"
"Event_RedFix_TenRoll_List_03","Event_RedFix_TenRoll_List","Char_038_S01_L"
"Event_RedFix_TenRoll_List_04","Event_RedFix_TenRoll_List","Char_072_S01_R"
"Event_RedFix_TenRoll_List_05","Event_RedFix_TenRoll_List","Char_011_S01_R"
"Event_RedFix_TenRoll_List_06","Event_RedFix_TenRoll_List","Char_106_S01_R"
"Event_RedFix_TenRoll_List_07","Event_RedFix_TenRoll_List","Char_015_S01_B"
"Event_RedFix_TenRoll_List_08","Event_RedFix_TenRoll_List","Char_088_S01_R"
"Event_RedFix_TenRoll_List_09","Event_RedFix_TenRoll_List","Char_041_S01_R"
"Event_RedFix_TenRoll_List_10","Event_RedFix_TenRoll_List","Char_040_S01_R"
"Event_RedFix_TenRoll_List_11","Event_RedFix_TenRoll_List","Char_034_S01_B"
"Event_RedFix_TenRoll_List_12","Event_RedFix_TenRoll_List","Char_098_S01_R"
"Event_RedFix_TenRoll_List_13","Event_RedFix_TenRoll_List","Char_051_S01_B"
"Event_RedFix_TenRoll_List_14","Event_RedFix_TenRoll_List","Char_078_S01_R"
"Event_RedFix_TenRoll_List_15","Event_RedFix_TenRoll_List","Char_002_S01_R"
"Event_BlueFix_TenRoll_List_01","Event_BlueFix_TenRoll_List","Char_101_S01_B"
"Event_BlueFix_TenRoll_List_02","Event_BlueFix_TenRoll_List","Char_085_S01_B"
"Event_BlueFix_TenRoll_List_03","Event_BlueFix_TenRoll_List","Char_112_S01_B"
"Event_BlueFix_TenRoll_List_04","Event_BlueFix_TenRoll_List","Char_044_S01_D"
"Event_BlueFix_TenRoll_List_05","Event_BlueFix_TenRoll_List","Char_083_S01_B"
"Event_BlueFix_TenRoll_List_06","Event_BlueFix_TenRoll_List","Char_067_S01_B"
"Event_BlueFix_TenRoll_List_07","Event_BlueFix_TenRoll_List","Char_010_S01_B"
"Event_BlueFix_TenRoll_List_08","Event_BlueFix_TenRoll_List","Char_090_S01_L"
"Event_BlueFix_TenRoll_List_09","Event_BlueFix_TenRoll_List","Char_105_S01_B"
"Event_BlueFix_TenRoll_List_10","Event_BlueFix_TenRoll_List","Char_005_S01_D"
"Event_BlueFix_TenRoll_List_11","Event_BlueFix_TenRoll_List","Char_080_S01_G"
"Event_BlueFix_TenRoll_List_12","Event_BlueFix_TenRoll_List","Char_114_S01_B"
"Event_BlueFix_TenRoll_List_13","Event_BlueFix_TenRoll_List","Char_008_S01_B"
"Event_BlueFix_TenRoll_List_14","Event_BlueFix_TenRoll_List","Char_111_S01_B"
"Event_BlueFix_TenRoll_List_15","Event_BlueFix_TenRoll_List","Char_037_S01_L"
"Event_BlueFix_TenRoll_List_16","Event_BlueFix_TenRoll_List","Char_003_S01_B"
"Event_BlueFix_TenRoll_List_17","Event_BlueFix_TenRoll_List","Char_001_S01_B"
"Event_BlueFix_TenRoll_List_18","Event_BlueFix_TenRoll_List","Char_016_S01_B"
"Event_GreenFix_TenRoll_List_01","Event_GreenFix_TenRoll_List","Char_091_S01_G"
"Event_GreenFix_TenRoll_List_02","Event_GreenFix_TenRoll_List","Char_084_S01_G"
"Event_GreenFix_TenRoll_List_03","Event_GreenFix_TenRoll_List","Char_089_S01_D"
"Event_GreenFix_TenRoll_List_04","Event_GreenFix_TenRoll_List","Char_077_S01_G"
"Event_GreenFix_TenRoll_List_05","Event_GreenFix_TenRoll_List","Char_100_S01_G"
"Event_GreenFix_TenRoll_List_06","Event_GreenFix_TenRoll_List","Char_009_S01_G"
"Event_GreenFix_TenRoll_List_07","Event_GreenFix_TenRoll_List","Char_006_S01_G"
"Event_GreenFix_TenRoll_List_08","Event_GreenFix_TenRoll_List","Char_103_S01_G"
"Event_GreenFix_TenRoll_List_09","Event_GreenFix_TenRoll_List","Char_062_S01_G"
"Event_GreenFix_TenRoll_List_10","Event_GreenFix_TenRoll_List","Char_073_S01_G"
"Event_GuardianKnightFix_TenRoll_List_01","Event_GuardianKnightFix_TenRoll_List","Char_104_S01_G"
"Event_GuardianKnightFix_TenRoll_List_02","Event_GuardianKnightFix_TenRoll_List","Char_091_S01_G"
"Event_GuardianKnightFix_TenRoll_List_03","Event_GuardianKnightFix_TenRoll_List","Char_101_S01_B"
"Event_GuardianKnightFix_TenRoll_List_04","Event_GuardianKnightFix_TenRoll_List","Char_007_S01_D"
"Event_GuardianKnightFix_TenRoll_List_05","Event_GuardianKnightFix_TenRoll_List","Char_005_S01_D"
"Event_GuardianKnightFix_TenRoll_List_06","Event_GuardianKnightFix_TenRoll_List","Char_015_S01_B"
"Event_GuardianKnightFix_TenRoll_List_07","Event_GuardianKnightFix_TenRoll_List","Char_089_S01_D"
"Event_GuardianKnightFix_TenRoll_List_08","Event_GuardianKnightFix_TenRoll_List","Char_051_S01_B"
"Event_GuardianKnightFix_TenRoll_List_09","Event_GuardianKnightFix_TenRoll_List","Char_006_S01_G"
"Event_GuardianKnightFix_TenRoll_List_10","Event_GuardianKnightFix_TenRoll_List","Char_098_S01_R"
"Event_MageShooterFix_TenRoll_List_01","Event_MageShooterFix_TenRoll_List","Char_038_S01_L"
"Event_MageShooterFix_TenRoll_List_02","Event_MageShooterFix_TenRoll_List","Char_014_S01_D"
"Event_MageShooterFix_TenRoll_List_03","Event_MageShooterFix_TenRoll_List","Char_072_S01_R"
"Event_MageShooterFix_TenRoll_List_04","Event_MageShooterFix_TenRoll_List","Char_044_S01_D"
"Event_MageShooterFix_TenRoll_List_05","Event_MageShooterFix_TenRoll_List","Char_083_S01_B"
"Event_MageShooterFix_TenRoll_List_06","Event_MageShooterFix_TenRoll_List","Char_009_S01_G"
"Event_MageShooterFix_TenRoll_List_07","Event_MageShooterFix_TenRoll_List","Char_040_S01_R"
"Event_MageShooterFix_TenRoll_List_08","Event_MageShooterFix_TenRoll_List","Char_077_S01_G"
"Event_MageShooterFix_TenRoll_List_09","Event_MageShooterFix_TenRoll_List","Char_114_S01_B"
"Event_MageShooterFix_TenRoll_List_10","Event_MageShooterFix_TenRoll_List","Char_008_S01_B"
"Event_MageShooterFix_TenRoll_List_12","Event_MageShooterFix_TenRoll_List","Char_066_S01_B"
"Event_MageShooterFix_TenRoll_List_11","Event_MageShooterFix_TenRoll_List","Char_003_S01_B"
"JPL9_Summon_Normal_46Char_List_01","JPL9_Summon_Normal_46Char_List","Char_104_S01_G"
"JPL9_Summon_Normal_46Char_List_02","JPL9_Summon_Normal_46Char_List","Char_106_S01_R"
"JPL9_Summon_Normal_46Char_List_03","JPL9_Summon_Normal_46Char_List","Char_007_S01_D"
"JPL9_Summon_Normal_46Char_List_04","JPL9_Summon_Normal_46Char_List","Char_044_S01_D"
"JPL9_Summon_Normal_46Char_List_05","JPL9_Summon_Normal_46Char_List","Char_038_S01_L"
"JPL9_Summon_Normal_46Char_List_06","JPL9_Summon_Normal_46Char_List","Char_112_S01_B"
"JPL9_Summon_Normal_46Char_List_07","JPL9_Summon_Normal_46Char_List","Char_011_S01_R"
"JPL9_Summon_Normal_46Char_List_08","JPL9_Summon_Normal_46Char_List","Char_010_S01_B"
"JPL9_Summon_Normal_46Char_List_09","JPL9_Summon_Normal_46Char_List","Char_014_S01_D"
"JPL9_Summon_Normal_46Char_List_10","JPL9_Summon_Normal_46Char_List","Char_091_S01_G"
"JPL9_Summon_Normal_46Char_List_11","JPL9_Summon_Normal_46Char_List","Char_072_S01_R"
"JPL9_Summon_Normal_46Char_List_12","JPL9_Summon_Normal_46Char_List","Char_085_S01_B"
"JPL9_Summon_Normal_46Char_List_13","JPL9_Summon_Normal_46Char_List","Char_067_S01_B"
"JPL9_Summon_Normal_46Char_List_14","JPL9_Summon_Normal_46Char_List","Char_101_S01_B"
"JPL9_Summon_Normal_46Char_List_15","JPL9_Summon_Normal_46Char_List","Char_083_S01_B"
"JPL9_Summon_Normal_46Char_List_16","JPL9_Summon_Normal_46Char_List","Char_090_S01_L"
"JPL9_Summon_Normal_46Char_List_17","JPL9_Summon_Normal_46Char_List","Char_084_S01_G"
"JPL9_Summon_Normal_46Char_List_18","JPL9_Summon_Normal_46Char_List","Char_105_S01_B"
"JPL9_Summon_Normal_46Char_List_19","JPL9_Summon_Normal_46Char_List","Char_066_S01_B"
"JPL9_Summon_Normal_46Char_List_20","JPL9_Summon_Normal_46Char_List","Char_114_S01_B"
"JPL9_Summon_Normal_46Char_List_21","JPL9_Summon_Normal_46Char_List","Char_089_S01_D"
"JPL9_Summon_Normal_46Char_List_22","JPL9_Summon_Normal_46Char_List","Char_009_S01_G"
"JPL9_Summon_Normal_46Char_List_23","JPL9_Summon_Normal_46Char_List","Char_037_S01_L"
"JPL9_Summon_Normal_46Char_List_24","JPL9_Summon_Normal_46Char_List","Char_015_S01_B"
"JPL9_Summon_Normal_46Char_List_25","JPL9_Summon_Normal_46Char_List","Char_088_S01_R"
"JPL9_Summon_Normal_46Char_List_26","JPL9_Summon_Normal_46Char_List","Char_111_S01_B"
"JPL9_Summon_Normal_46Char_List_27","JPL9_Summon_Normal_46Char_List","Char_034_S01_B"
"JPL9_Summon_Normal_46Char_List_28","JPL9_Summon_Normal_46Char_List","Char_005_S01_D"
"JPL9_Summon_Normal_46Char_List_29","JPL9_Summon_Normal_46Char_List","Char_077_S01_G"
"JPL9_Summon_Normal_46Char_List_30","JPL9_Summon_Normal_46Char_List","Char_008_S01_B"
"JPL9_Summon_Normal_46Char_List_31","JPL9_Summon_Normal_46Char_List","Char_080_S01_G"
"JPL9_Summon_Normal_46Char_List_32","JPL9_Summon_Normal_46Char_List","Char_041_S01_R"
"JPL9_Summon_Normal_46Char_List_33","JPL9_Summon_Normal_46Char_List","Char_100_S01_G"
"JPL9_Summon_Normal_46Char_List_34","JPL9_Summon_Normal_46Char_List","Char_040_S01_R"
"JPL9_Summon_Normal_46Char_List_35","JPL9_Summon_Normal_46Char_List","Char_001_S01_B"
"JPL9_Summon_Normal_46Char_List_36","JPL9_Summon_Normal_46Char_List","Char_002_S01_R"
"JPL9_Summon_Normal_46Char_List_37","JPL9_Summon_Normal_46Char_List","Char_078_S01_R"
"JPL9_Summon_Normal_46Char_List_38","JPL9_Summon_Normal_46Char_List","Char_051_S01_B"
"JPL9_Summon_Normal_46Char_List_39","JPL9_Summon_Normal_46Char_List","Char_073_S01_G"
"JPL9_Summon_Normal_46Char_List_40","JPL9_Summon_Normal_46Char_List","Char_098_S01_R"
"JPL9_Summon_Normal_46Char_List_41","JPL9_Summon_Normal_46Char_List","Char_016_S01_B"
"JPL9_Summon_Normal_46Char_List_42","JPL9_Summon_Normal_46Char_List","Char_006_S01_G"
"JPL9_Summon_Normal_46Char_List_43","JPL9_Summon_Normal_46Char_List","Char_003_S01_B"
"JPL9_Summon_Normal_46Char_List_44","JPL9_Summon_Normal_46Char_List","Char_103_S01_G"
"JPL9_Summon_Normal_46Char_List_45","JPL9_Summon_Normal_46Char_List","Char_062_S01_G"
"JPL9_Summon_Normal_46Char_List_46","JPL9_Summon_Normal_46Char_List","Char_099_S01_G"
"JPL11_Summon_Normal_47Char_List_01","JPL11_Summon_Normal_47Char_List","Char_097_S01_D"
"JPL11_Summon_Normal_47Char_List_02","JPL11_Summon_Normal_47Char_List","Char_104_S01_G"
"JPL11_Summon_Normal_47Char_List_03","JPL11_Summon_Normal_47Char_List","Char_106_S01_R"
"JPL11_Summon_Normal_47Char_List_04","JPL11_Summon_Normal_47Char_List","Char_007_S01_D"
"JPL11_Summon_Normal_47Char_List_05","JPL11_Summon_Normal_47Char_List","Char_044_S01_D"
"JPL11_Summon_Normal_47Char_List_06","JPL11_Summon_Normal_47Char_List","Char_038_S01_L"
"JPL11_Summon_Normal_47Char_List_07","JPL11_Summon_Normal_47Char_List","Char_112_S01_B"
"JPL11_Summon_Normal_47Char_List_08","JPL11_Summon_Normal_47Char_List","Char_011_S01_R"
"JPL11_Summon_Normal_47Char_List_09","JPL11_Summon_Normal_47Char_List","Char_010_S01_B"
"JPL11_Summon_Normal_47Char_List_10","JPL11_Summon_Normal_47Char_List","Char_014_S01_D"
"JPL11_Summon_Normal_47Char_List_11","JPL11_Summon_Normal_47Char_List","Char_091_S01_G"
"JPL11_Summon_Normal_47Char_List_12","JPL11_Summon_Normal_47Char_List","Char_072_S01_R"
"JPL11_Summon_Normal_47Char_List_13","JPL11_Summon_Normal_47Char_List","Char_085_S01_B"
"JPL11_Summon_Normal_47Char_List_14","JPL11_Summon_Normal_47Char_List","Char_067_S01_B"
"JPL11_Summon_Normal_47Char_List_15","JPL11_Summon_Normal_47Char_List","Char_101_S01_B"
"JPL11_Summon_Normal_47Char_List_16","JPL11_Summon_Normal_47Char_List","Char_083_S01_B"
"JPL11_Summon_Normal_47Char_List_17","JPL11_Summon_Normal_47Char_List","Char_090_S01_L"
"JPL11_Summon_Normal_47Char_List_18","JPL11_Summon_Normal_47Char_List","Char_084_S01_G"
"JPL11_Summon_Normal_47Char_List_19","JPL11_Summon_Normal_47Char_List","Char_105_S01_B"
"JPL11_Summon_Normal_47Char_List_20","JPL11_Summon_Normal_47Char_List","Char_066_S01_B"
"JPL11_Summon_Normal_47Char_List_21","JPL11_Summon_Normal_47Char_List","Char_114_S01_B"
"JPL11_Summon_Normal_47Char_List_22","JPL11_Summon_Normal_47Char_List","Char_089_S01_D"
"JPL11_Summon_Normal_47Char_List_23","JPL11_Summon_Normal_47Char_List","Char_009_S01_G"
"JPL11_Summon_Normal_47Char_List_24","JPL11_Summon_Normal_47Char_List","Char_037_S01_L"
"JPL11_Summon_Normal_47Char_List_25","JPL11_Summon_Normal_47Char_List","Char_015_S01_B"
"JPL11_Summon_Normal_47Char_List_26","JPL11_Summon_Normal_47Char_List","Char_088_S01_R"
"JPL11_Summon_Normal_47Char_List_27","JPL11_Summon_Normal_47Char_List","Char_111_S01_B"
"JPL11_Summon_Normal_47Char_List_28","JPL11_Summon_Normal_47Char_List","Char_034_S01_B"
"JPL11_Summon_Normal_47Char_List_29","JPL11_Summon_Normal_47Char_List","Char_005_S01_D"
"JPL11_Summon_Normal_47Char_List_30","JPL11_Summon_Normal_47Char_List","Char_077_S01_G"
"JPL11_Summon_Normal_47Char_List_31","JPL11_Summon_Normal_47Char_List","Char_008_S01_B"
"JPL11_Summon_Normal_47Char_List_32","JPL11_Summon_Normal_47Char_List","Char_080_S01_G"
"JPL11_Summon_Normal_47Char_List_33","JPL11_Summon_Normal_47Char_List","Char_041_S01_R"
"JPL11_Summon_Normal_47Char_List_34","JPL11_Summon_Normal_47Char_List","Char_100_S01_G"
"JPL11_Summon_Normal_47Char_List_35","JPL11_Summon_Normal_47Char_List","Char_040_S01_R"
"JPL11_Summon_Normal_47Char_List_36","JPL11_Summon_Normal_47Char_List","Char_001_S01_B"
"JPL11_Summon_Normal_47Char_List_37","JPL11_Summon_Normal_47Char_List","Char_002_S01_R"
"JPL11_Summon_Normal_47Char_List_38","JPL11_Summon_Normal_47Char_List","Char_078_S01_R"
"JPL11_Summon_Normal_47Char_List_39","JPL11_Summon_Normal_47Char_List","Char_051_S01_B"
"JPL11_Summon_Normal_47Char_List_40","JPL11_Summon_Normal_47Char_List","Char_073_S01_G"
"JPL11_Summon_Normal_47Char_List_41","JPL11_Summon_Normal_47Char_List","Char_098_S01_R"
"JPL11_Summon_Normal_47Char_List_42","JPL11_Summon_Normal_47Char_List","Char_016_S01_B"
"JPL11_Summon_Normal_47Char_List_43","JPL11_Summon_Normal_47Char_List","Char_006_S01_G"
"JPL11_Summon_Normal_47Char_List_44","JPL11_Summon_Normal_47Char_List","Char_003_S01_B"
"JPL11_Summon_Normal_47Char_List_45","JPL11_Summon_Normal_47Char_List","Char_103_S01_G"
"JPL11_Summon_Normal_47Char_List_46","JPL11_Summon_Normal_47Char_List","Char_062_S01_G"
"JPL11_Summon_Normal_47Char_List_47","JPL11_Summon_Normal_47Char_List","Char_099_S01_G"
"JPL13_Summon_Normal_48Char_List_01","JPL13_Summon_Normal_48Char_List","Char_113_S01_B"
"JPL13_Summon_Normal_48Char_List_02","JPL13_Summon_Normal_48Char_List","Char_097_S01_D"
"JPL13_Summon_Normal_48Char_List_03","JPL13_Summon_Normal_48Char_List","Char_104_S01_G"
"JPL13_Summon_Normal_48Char_List_04","JPL13_Summon_Normal_48Char_List","Char_106_S01_R"
"JPL13_Summon_Normal_48Char_List_05","JPL13_Summon_Normal_48Char_List","Char_007_S01_D"
"JPL13_Summon_Normal_48Char_List_06","JPL13_Summon_Normal_48Char_List","Char_044_S01_D"
"JPL13_Summon_Normal_48Char_List_07","JPL13_Summon_Normal_48Char_List","Char_038_S01_L"
"JPL13_Summon_Normal_48Char_List_08","JPL13_Summon_Normal_48Char_List","Char_112_S01_B"
"JPL13_Summon_Normal_48Char_List_09","JPL13_Summon_Normal_48Char_List","Char_011_S01_R"
"JPL13_Summon_Normal_48Char_List_10","JPL13_Summon_Normal_48Char_List","Char_010_S01_B"
"JPL13_Summon_Normal_48Char_List_11","JPL13_Summon_Normal_48Char_List","Char_014_S01_D"
"JPL13_Summon_Normal_48Char_List_12","JPL13_Summon_Normal_48Char_List","Char_091_S01_G"
"JPL13_Summon_Normal_48Char_List_13","JPL13_Summon_Normal_48Char_List","Char_072_S01_R"
"JPL13_Summon_Normal_48Char_List_14","JPL13_Summon_Normal_48Char_List","Char_085_S01_B"
"JPL13_Summon_Normal_48Char_List_15","JPL13_Summon_Normal_48Char_List","Char_067_S01_B"
"JPL13_Summon_Normal_48Char_List_16","JPL13_Summon_Normal_48Char_List","Char_101_S01_B"
"JPL13_Summon_Normal_48Char_List_17","JPL13_Summon_Normal_48Char_List","Char_083_S01_B"
"JPL13_Summon_Normal_48Char_List_18","JPL13_Summon_Normal_48Char_List","Char_090_S01_L"
"JPL13_Summon_Normal_48Char_List_19","JPL13_Summon_Normal_48Char_List","Char_084_S01_G"
"JPL13_Summon_Normal_48Char_List_20","JPL13_Summon_Normal_48Char_List","Char_105_S01_B"
"JPL13_Summon_Normal_48Char_List_21","JPL13_Summon_Normal_48Char_List","Char_066_S01_B"
"JPL13_Summon_Normal_48Char_List_22","JPL13_Summon_Normal_48Char_List","Char_114_S01_B"
"JPL13_Summon_Normal_48Char_List_23","JPL13_Summon_Normal_48Char_List","Char_089_S01_D"
"JPL13_Summon_Normal_48Char_List_24","JPL13_Summon_Normal_48Char_List","Char_009_S01_G"
"JPL13_Summon_Normal_48Char_List_25","JPL13_Summon_Normal_48Char_List","Char_037_S01_L"
"JPL13_Summon_Normal_48Char_List_26","JPL13_Summon_Normal_48Char_List","Char_015_S01_B"
"JPL13_Summon_Normal_48Char_List_27","JPL13_Summon_Normal_48Char_List","Char_088_S01_R"
"JPL13_Summon_Normal_48Char_List_28","JPL13_Summon_Normal_48Char_List","Char_111_S01_B"
"JPL13_Summon_Normal_48Char_List_29","JPL13_Summon_Normal_48Char_List","Char_034_S01_B"
"JPL13_Summon_Normal_48Char_List_30","JPL13_Summon_Normal_48Char_List","Char_005_S01_D"
"JPL13_Summon_Normal_48Char_List_31","JPL13_Summon_Normal_48Char_List","Char_077_S01_G"
"JPL13_Summon_Normal_48Char_List_32","JPL13_Summon_Normal_48Char_List","Char_008_S01_B"
"JPL13_Summon_Normal_48Char_List_33","JPL13_Summon_Normal_48Char_List","Char_080_S01_G"
"JPL13_Summon_Normal_48Char_List_34","JPL13_Summon_Normal_48Char_List","Char_041_S01_R"
"JPL13_Summon_Normal_48Char_List_35","JPL13_Summon_Normal_48Char_List","Char_100_S01_G"
"JPL13_Summon_Normal_48Char_List_36","JPL13_Summon_Normal_48Char_List","Char_040_S01_R"
"JPL13_Summon_Normal_48Char_List_37","JPL13_Summon_Normal_48Char_List","Char_001_S01_B"
"JPL13_Summon_Normal_48Char_List_38","JPL13_Summon_Normal_48Char_List","Char_002_S01_R"
"JPL13_Summon_Normal_48Char_List_39","JPL13_Summon_Normal_48Char_List","Char_078_S01_R"
"JPL13_Summon_Normal_48Char_List_40","JPL13_Summon_Normal_48Char_List","Char_051_S01_B"
"JPL13_Summon_Normal_48Char_List_41","JPL13_Summon_Normal_48Char_List","Char_073_S01_G"
"JPL13_Summon_Normal_48Char_List_42","JPL13_Summon_Normal_48Char_List","Char_098_S01_R"
"JPL13_Summon_Normal_48Char_List_43","JPL13_Summon_Normal_48Char_List","Char_016_S01_B"
"JPL13_Summon_Normal_48Char_List_44","JPL13_Summon_Normal_48Char_List","Char_006_S01_G"
"JPL13_Summon_Normal_48Char_List_45","JPL13_Summon_Normal_48Char_List","Char_003_S01_B"
"JPL13_Summon_Normal_48Char_List_46","JPL13_Summon_Normal_48Char_List","Char_103_S01_G"
"JPL13_Summon_Normal_48Char_List_47","JPL13_Summon_Normal_48Char_List","Char_062_S01_G"
"JPL13_Summon_Normal_48Char_List_48","JPL13_Summon_Normal_48Char_List","Char_099_S01_G"
"JPL13_Summon_Normal_48Char_List_49","JPL13_Summon_Normal_48Char_List","Char_115_S01_B"
"JPL15_Summon_Normal_50Char_List_01","JPL15_Summon_Normal_50Char_List","Char_039_S01_G"
"JPL15_Summon_Normal_50Char_List_02","JPL15_Summon_Normal_50Char_List","Char_113_S01_B"
"JPL15_Summon_Normal_50Char_List_03","JPL15_Summon_Normal_50Char_List","Char_097_S01_D"
"JPL15_Summon_Normal_50Char_List_04","JPL15_Summon_Normal_50Char_List","Char_104_S01_G"
"JPL15_Summon_Normal_50Char_List_05","JPL15_Summon_Normal_50Char_List","Char_106_S01_R"
"JPL15_Summon_Normal_50Char_List_06","JPL15_Summon_Normal_50Char_List","Char_007_S01_D"
"JPL15_Summon_Normal_50Char_List_07","JPL15_Summon_Normal_50Char_List","Char_044_S01_D"
"JPL15_Summon_Normal_50Char_List_08","JPL15_Summon_Normal_50Char_List","Char_038_S01_L"
"JPL15_Summon_Normal_50Char_List_09","JPL15_Summon_Normal_50Char_List","Char_112_S01_B"
"JPL15_Summon_Normal_50Char_List_10","JPL15_Summon_Normal_50Char_List","Char_011_S01_R"
"JPL15_Summon_Normal_50Char_List_11","JPL15_Summon_Normal_50Char_List","Char_010_S01_B"
"JPL15_Summon_Normal_50Char_List_12","JPL15_Summon_Normal_50Char_List","Char_014_S01_D"
"JPL15_Summon_Normal_50Char_List_13","JPL15_Summon_Normal_50Char_List","Char_091_S01_G"
"JPL15_Summon_Normal_50Char_List_14","JPL15_Summon_Normal_50Char_List","Char_072_S01_R"
"JPL15_Summon_Normal_50Char_List_15","JPL15_Summon_Normal_50Char_List","Char_085_S01_B"
"JPL15_Summon_Normal_50Char_List_16","JPL15_Summon_Normal_50Char_List","Char_067_S01_B"
"JPL15_Summon_Normal_50Char_List_17","JPL15_Summon_Normal_50Char_List","Char_101_S01_B"
"JPL15_Summon_Normal_50Char_List_18","JPL15_Summon_Normal_50Char_List","Char_083_S01_B"
"JPL15_Summon_Normal_50Char_List_19","JPL15_Summon_Normal_50Char_List","Char_090_S01_L"
"JPL15_Summon_Normal_50Char_List_20","JPL15_Summon_Normal_50Char_List","Char_084_S01_G"
"JPL15_Summon_Normal_50Char_List_21","JPL15_Summon_Normal_50Char_List","Char_105_S01_B"
"JPL15_Summon_Normal_50Char_List_22","JPL15_Summon_Normal_50Char_List","Char_066_S01_B"
"JPL15_Summon_Normal_50Char_List_23","JPL15_Summon_Normal_50Char_List","Char_114_S01_B"
"JPL15_Summon_Normal_50Char_List_24","JPL15_Summon_Normal_50Char_List","Char_089_S01_D"
"JPL15_Summon_Normal_50Char_List_25","JPL15_Summon_Normal_50Char_List","Char_009_S01_G"
"JPL15_Summon_Normal_50Char_List_26","JPL15_Summon_Normal_50Char_List","Char_037_S01_L"
"JPL15_Summon_Normal_50Char_List_27","JPL15_Summon_Normal_50Char_List","Char_015_S01_B"
"JPL15_Summon_Normal_50Char_List_28","JPL15_Summon_Normal_50Char_List","Char_088_S01_R"
"JPL15_Summon_Normal_50Char_List_29","JPL15_Summon_Normal_50Char_List","Char_111_S01_B"
"JPL15_Summon_Normal_50Char_List_30","JPL15_Summon_Normal_50Char_List","Char_034_S01_B"
"JPL15_Summon_Normal_50Char_List_31","JPL15_Summon_Normal_50Char_List","Char_005_S01_D"
"JPL15_Summon_Normal_50Char_List_32","JPL15_Summon_Normal_50Char_List","Char_077_S01_G"
"JPL15_Summon_Normal_50Char_List_33","JPL15_Summon_Normal_50Char_List","Char_008_S01_B"
"JPL15_Summon_Normal_50Char_List_34","JPL15_Summon_Normal_50Char_List","Char_080_S01_G"
"JPL15_Summon_Normal_50Char_List_35","JPL15_Summon_Normal_50Char_List","Char_041_S01_R"
"JPL15_Summon_Normal_50Char_List_36","JPL15_Summon_Normal_50Char_List","Char_100_S01_G"
"JPL15_Summon_Normal_50Char_List_37","JPL15_Summon_Normal_50Char_List","Char_040_S01_R"
"JPL15_Summon_Normal_50Char_List_38","JPL15_Summon_Normal_50Char_List","Char_001_S01_B"
"JPL15_Summon_Normal_50Char_List_39","JPL15_Summon_Normal_50Char_List","Char_002_S01_R"
"JPL15_Summon_Normal_50Char_List_40","JPL15_Summon_Normal_50Char_List","Char_078_S01_R"
"JPL15_Summon_Normal_50Char_List_41","JPL15_Summon_Normal_50Char_List","Char_051_S01_B"
"JPL15_Summon_Normal_50Char_List_42","JPL15_Summon_Normal_50Char_List","Char_073_S01_G"
"JPL15_Summon_Normal_50Char_List_43","JPL15_Summon_Normal_50Char_List","Char_098_S01_R"
"JPL15_Summon_Normal_50Char_List_44","JPL15_Summon_Normal_50Char_List","Char_016_S01_B"
"JPL15_Summon_Normal_50Char_List_45","JPL15_Summon_Normal_50Char_List","Char_006_S01_G"
"JPL15_Summon_Normal_50Char_List_46","JPL15_Summon_Normal_50Char_List","Char_003_S01_B"
"JPL15_Summon_Normal_50Char_List_47","JPL15_Summon_Normal_50Char_List","Char_103_S01_G"
"JPL15_Summon_Normal_50Char_List_48","JPL15_Summon_Normal_50Char_List","Char_062_S01_G"
"JPL15_Summon_Normal_50Char_List_49","JPL15_Summon_Normal_50Char_List","Char_099_S01_G"
"JPL15_Summon_Normal_50Char_List_50","JPL15_Summon_Normal_50Char_List","Char_087_S01_B"
"JPL15_Summon_Normal_50Char_List_51","JPL15_Summon_Normal_50Char_List","Char_115_S01_B"
"JPL17_Summon_Normal_51Char_List_01","JPL17_Summon_Normal_51Char_List","Char_116_S01_R"
"JPL17_Summon_Normal_51Char_List_02","JPL17_Summon_Normal_51Char_List","Char_039_S01_G"
"JPL17_Summon_Normal_51Char_List_03","JPL17_Summon_Normal_51Char_List","Char_113_S01_B"
"JPL17_Summon_Normal_51Char_List_04","JPL17_Summon_Normal_51Char_List","Char_097_S01_D"
"JPL17_Summon_Normal_51Char_List_05","JPL17_Summon_Normal_51Char_List","Char_104_S01_G"
"JPL17_Summon_Normal_51Char_List_06","JPL17_Summon_Normal_51Char_List","Char_106_S01_R"
"JPL17_Summon_Normal_51Char_List_07","JPL17_Summon_Normal_51Char_List","Char_007_S01_D"
"JPL17_Summon_Normal_51Char_List_08","JPL17_Summon_Normal_51Char_List","Char_044_S01_D"
"JPL17_Summon_Normal_51Char_List_09","JPL17_Summon_Normal_51Char_List","Char_038_S01_L"
"JPL17_Summon_Normal_51Char_List_10","JPL17_Summon_Normal_51Char_List","Char_112_S01_B"
"JPL17_Summon_Normal_51Char_List_11","JPL17_Summon_Normal_51Char_List","Char_011_S01_R"
"JPL17_Summon_Normal_51Char_List_12","JPL17_Summon_Normal_51Char_List","Char_010_S01_B"
"JPL17_Summon_Normal_51Char_List_13","JPL17_Summon_Normal_51Char_List","Char_014_S01_D"
"JPL17_Summon_Normal_51Char_List_14","JPL17_Summon_Normal_51Char_List","Char_091_S01_G"
"JPL17_Summon_Normal_51Char_List_15","JPL17_Summon_Normal_51Char_List","Char_072_S01_R"
"JPL17_Summon_Normal_51Char_List_16","JPL17_Summon_Normal_51Char_List","Char_085_S01_B"
"JPL17_Summon_Normal_51Char_List_17","JPL17_Summon_Normal_51Char_List","Char_067_S01_B"
"JPL17_Summon_Normal_51Char_List_18","JPL17_Summon_Normal_51Char_List","Char_101_S01_B"
"JPL17_Summon_Normal_51Char_List_19","JPL17_Summon_Normal_51Char_List","Char_083_S01_B"
"JPL17_Summon_Normal_51Char_List_20","JPL17_Summon_Normal_51Char_List","Char_090_S01_L"
"JPL17_Summon_Normal_51Char_List_21","JPL17_Summon_Normal_51Char_List","Char_084_S01_G"
"JPL17_Summon_Normal_51Char_List_22","JPL17_Summon_Normal_51Char_List","Char_105_S01_B"
"JPL17_Summon_Normal_51Char_List_23","JPL17_Summon_Normal_51Char_List","Char_066_S01_B"
"JPL17_Summon_Normal_51Char_List_24","JPL17_Summon_Normal_51Char_List","Char_114_S01_B"
"JPL17_Summon_Normal_51Char_List_25","JPL17_Summon_Normal_51Char_List","Char_089_S01_D"
"JPL17_Summon_Normal_51Char_List_26","JPL17_Summon_Normal_51Char_List","Char_009_S01_G"
"JPL17_Summon_Normal_51Char_List_27","JPL17_Summon_Normal_51Char_List","Char_037_S01_L"
"JPL17_Summon_Normal_51Char_List_28","JPL17_Summon_Normal_51Char_List","Char_015_S01_B"
"JPL17_Summon_Normal_51Char_List_29","JPL17_Summon_Normal_51Char_List","Char_088_S01_R"
"JPL17_Summon_Normal_51Char_List_30","JPL17_Summon_Normal_51Char_List","Char_111_S01_B"
"JPL17_Summon_Normal_51Char_List_31","JPL17_Summon_Normal_51Char_List","Char_034_S01_B"
"JPL17_Summon_Normal_51Char_List_32","JPL17_Summon_Normal_51Char_List","Char_005_S01_D"
"JPL17_Summon_Normal_51Char_List_33","JPL17_Summon_Normal_51Char_List","Char_077_S01_G"
"JPL17_Summon_Normal_51Char_List_34","JPL17_Summon_Normal_51Char_List","Char_008_S01_B"
"JPL17_Summon_Normal_51Char_List_35","JPL17_Summon_Normal_51Char_List","Char_080_S01_G"
"JPL17_Summon_Normal_51Char_List_36","JPL17_Summon_Normal_51Char_List","Char_041_S01_R"
"JPL17_Summon_Normal_51Char_List_37","JPL17_Summon_Normal_51Char_List","Char_100_S01_G"
"JPL17_Summon_Normal_51Char_List_38","JPL17_Summon_Normal_51Char_List","Char_040_S01_R"
"JPL17_Summon_Normal_51Char_List_39","JPL17_Summon_Normal_51Char_List","Char_001_S01_B"
"JPL17_Summon_Normal_51Char_List_40","JPL17_Summon_Normal_51Char_List","Char_002_S01_R"
"JPL17_Summon_Normal_51Char_List_41","JPL17_Summon_Normal_51Char_List","Char_078_S01_R"
"JPL17_Summon_Normal_51Char_List_42","JPL17_Summon_Normal_51Char_List","Char_051_S01_B"
"JPL17_Summon_Normal_51Char_List_43","JPL17_Summon_Normal_51Char_List","Char_073_S01_G"
"JPL17_Summon_Normal_51Char_List_44","JPL17_Summon_Normal_51Char_List","Char_098_S01_R"
"JPL17_Summon_Normal_51Char_List_45","JPL17_Summon_Normal_51Char_List","Char_016_S01_B"
"JPL17_Summon_Normal_51Char_List_46","JPL17_Summon_Normal_51Char_List","Char_006_S01_G"
"JPL17_Summon_Normal_51Char_List_47","JPL17_Summon_Normal_51Char_List","Char_003_S01_B"
"JPL17_Summon_Normal_51Char_List_48","JPL17_Summon_Normal_51Char_List","Char_103_S01_G"
"JPL17_Summon_Normal_51Char_List_49","JPL17_Summon_Normal_51Char_List","Char_062_S01_G"
"JPL17_Summon_Normal_51Char_List_50","JPL17_Summon_Normal_51Char_List","Char_099_S01_G"
"JPL17_Summon_Normal_51Char_List_51","JPL17_Summon_Normal_51Char_List","Char_087_S01_B"
"JPL17_Summon_Normal_51Char_List_52","JPL17_Summon_Normal_51Char_List","Char_115_S01_B"
"JPL9_Summon_Pickup_Marie_List_01","JPL9_Summon_Pickup_Marie_List","Char_112_S01_B"
"JPL9_Summon_Pickup_Marie_List_02","JPL9_Summon_Pickup_Marie_List","Char_007_S01_D"
"JPL9_Summon_Pickup_Marie_List_03","JPL9_Summon_Pickup_Marie_List","Char_044_S01_D"
"JPL9_Summon_Pickup_Marie_List_04","JPL9_Summon_Pickup_Marie_List","Char_038_S01_L"
"JPL9_Summon_Pickup_Marie_List_06","JPL9_Summon_Pickup_Marie_List","Char_011_S01_R"
"JPL9_Summon_Pickup_Marie_List_07","JPL9_Summon_Pickup_Marie_List","Char_010_S01_B"
"JPL9_Summon_Pickup_Marie_List_08","JPL9_Summon_Pickup_Marie_List","Char_014_S01_D"
"JPL9_Summon_Pickup_Marie_List_09","JPL9_Summon_Pickup_Marie_List","Char_091_S01_G"
"JPL9_Summon_Pickup_Marie_List_10","JPL9_Summon_Pickup_Marie_List","Char_072_S01_R"
"JPL9_Summon_Pickup_Marie_List_11","JPL9_Summon_Pickup_Marie_List","Char_085_S01_B"
"JPL9_Summon_Pickup_Marie_List_12","JPL9_Summon_Pickup_Marie_List","Char_067_S01_B"
"JPL9_Summon_Pickup_Marie_List_13","JPL9_Summon_Pickup_Marie_List","Char_101_S01_B"
"JPL9_Summon_Pickup_Marie_List_14","JPL9_Summon_Pickup_Marie_List","Char_083_S01_B"
"JPL9_Summon_Pickup_Marie_List_15","JPL9_Summon_Pickup_Marie_List","Char_090_S01_L"
"JPL9_Summon_Pickup_Marie_List_16","JPL9_Summon_Pickup_Marie_List","Char_084_S01_G"
"JPL9_Summon_Pickup_Marie_List_17","JPL9_Summon_Pickup_Marie_List","Char_105_S01_B"
"JPL9_Summon_Pickup_Marie_List_18","JPL9_Summon_Pickup_Marie_List","Char_106_S01_R"
"JPL9_Summon_Pickup_Marie_List_19","JPL9_Summon_Pickup_Marie_List","Char_104_S01_G"
"JPL9_Summon_Pickup_Marie_List_20","JPL9_Summon_Pickup_Marie_List","Char_066_S01_B"
"JPL9_Summon_Pickup_Marie_List_21","JPL9_Summon_Pickup_Marie_List","Char_114_S01_B"
"JPL9_Summon_Pickup_Marie_List_22","JPL9_Summon_Pickup_Marie_List","Char_089_S01_D"
"JPL9_Summon_Pickup_Marie_List_23","JPL9_Summon_Pickup_Marie_List","Char_009_S01_G"
"JPL9_Summon_Pickup_Marie_List_24","JPL9_Summon_Pickup_Marie_List","Char_037_S01_L"
"JPL9_Summon_Pickup_Marie_List_25","JPL9_Summon_Pickup_Marie_List","Char_015_S01_B"
"JPL9_Summon_Pickup_Marie_List_26","JPL9_Summon_Pickup_Marie_List","Char_088_S01_R"
"JPL9_Summon_Pickup_Marie_List_27","JPL9_Summon_Pickup_Marie_List","Char_111_S01_B"
"JPL9_Summon_Pickup_Marie_List_28","JPL9_Summon_Pickup_Marie_List","Char_034_S01_B"
"JPL9_Summon_Pickup_Marie_List_29","JPL9_Summon_Pickup_Marie_List","Char_005_S01_D"
"JPL9_Summon_Pickup_Marie_List_30","JPL9_Summon_Pickup_Marie_List","Char_077_S01_G"
"JPL9_Summon_Pickup_Marie_List_31","JPL9_Summon_Pickup_Marie_List","Char_008_S01_B"
"JPL9_Summon_Pickup_Marie_List_32","JPL9_Summon_Pickup_Marie_List","Char_080_S01_G"
"JPL9_Summon_Pickup_Marie_List_33","JPL9_Summon_Pickup_Marie_List","Char_041_S01_R"
"JPL9_Summon_Pickup_Marie_List_34","JPL9_Summon_Pickup_Marie_List","Char_100_S01_G"
"JPL9_Summon_Pickup_Marie_List_35","JPL9_Summon_Pickup_Marie_List","Char_040_S01_R"
"JPL9_Summon_Pickup_Marie_List_36","JPL9_Summon_Pickup_Marie_List","Char_001_S01_B"
"JPL9_Summon_Pickup_Marie_List_37","JPL9_Summon_Pickup_Marie_List","Char_002_S01_R"
"JPL9_Summon_Pickup_Marie_List_38","JPL9_Summon_Pickup_Marie_List","Char_078_S01_R"
"JPL9_Summon_Pickup_Marie_List_39","JPL9_Summon_Pickup_Marie_List","Char_051_S01_B"
"JPL9_Summon_Pickup_Marie_List_40","JPL9_Summon_Pickup_Marie_List","Char_073_S01_G"
"JPL9_Summon_Pickup_Marie_List_41","JPL9_Summon_Pickup_Marie_List","Char_098_S01_R"
"JPL9_Summon_Pickup_Marie_List_42","JPL9_Summon_Pickup_Marie_List","Char_016_S01_B"
"JPL9_Summon_Pickup_Marie_List_43","JPL9_Summon_Pickup_Marie_List","Char_006_S01_G"
"JPL9_Summon_Pickup_Marie_List_44","JPL9_Summon_Pickup_Marie_List","Char_003_S01_B"
"JPL9_Summon_Pickup_Marie_List_45","JPL9_Summon_Pickup_Marie_List","Char_103_S01_G"
"JPL9_Summon_Pickup_Marie_List_46","JPL9_Summon_Pickup_Marie_List","Char_062_S01_G"
"JPL9_Summon_Pickup_Marie_List_47","JPL9_Summon_Pickup_Marie_List","Char_099_S01_G"
"JPL11_Summon_Pickup_Astia_List_01","JPL11_Summon_Pickup_Astia_List","Char_113_S01_B"
"JPL11_Summon_Pickup_Astia_List_02","JPL11_Summon_Pickup_Astia_List","Char_097_S01_D"
"JPL11_Summon_Pickup_Astia_List_03","JPL11_Summon_Pickup_Astia_List","Char_007_S01_D"
"JPL11_Summon_Pickup_Astia_List_04","JPL11_Summon_Pickup_Astia_List","Char_044_S01_D"
"JPL11_Summon_Pickup_Astia_List_05","JPL11_Summon_Pickup_Astia_List","Char_038_S01_L"
"JPL11_Summon_Pickup_Astia_List_06","JPL11_Summon_Pickup_Astia_List","Char_112_S01_B"
"JPL11_Summon_Pickup_Astia_List_07","JPL11_Summon_Pickup_Astia_List","Char_011_S01_R"
"JPL11_Summon_Pickup_Astia_List_08","JPL11_Summon_Pickup_Astia_List","Char_010_S01_B"
"JPL11_Summon_Pickup_Astia_List_09","JPL11_Summon_Pickup_Astia_List","Char_014_S01_D"
"JPL11_Summon_Pickup_Astia_List_10","JPL11_Summon_Pickup_Astia_List","Char_091_S01_G"
"JPL11_Summon_Pickup_Astia_List_11","JPL11_Summon_Pickup_Astia_List","Char_072_S01_R"
"JPL11_Summon_Pickup_Astia_List_12","JPL11_Summon_Pickup_Astia_List","Char_085_S01_B"
"JPL11_Summon_Pickup_Astia_List_13","JPL11_Summon_Pickup_Astia_List","Char_067_S01_B"
"JPL11_Summon_Pickup_Astia_List_14","JPL11_Summon_Pickup_Astia_List","Char_101_S01_B"
"JPL11_Summon_Pickup_Astia_List_15","JPL11_Summon_Pickup_Astia_List","Char_083_S01_B"
"JPL11_Summon_Pickup_Astia_List_16","JPL11_Summon_Pickup_Astia_List","Char_090_S01_L"
"JPL11_Summon_Pickup_Astia_List_17","JPL11_Summon_Pickup_Astia_List","Char_084_S01_G"
"JPL11_Summon_Pickup_Astia_List_18","JPL11_Summon_Pickup_Astia_List","Char_105_S01_B"
"JPL11_Summon_Pickup_Astia_List_19","JPL11_Summon_Pickup_Astia_List","Char_106_S01_R"
"JPL11_Summon_Pickup_Astia_List_20","JPL11_Summon_Pickup_Astia_List","Char_104_S01_G"
"JPL11_Summon_Pickup_Astia_List_21","JPL11_Summon_Pickup_Astia_List","Char_066_S01_B"
"JPL11_Summon_Pickup_Astia_List_22","JPL11_Summon_Pickup_Astia_List","Char_114_S01_B"
"JPL11_Summon_Pickup_Astia_List_23","JPL11_Summon_Pickup_Astia_List","Char_089_S01_D"
"JPL11_Summon_Pickup_Astia_List_24","JPL11_Summon_Pickup_Astia_List","Char_009_S01_G"
"JPL11_Summon_Pickup_Astia_List_25","JPL11_Summon_Pickup_Astia_List","Char_037_S01_L"
"JPL11_Summon_Pickup_Astia_List_26","JPL11_Summon_Pickup_Astia_List","Char_015_S01_B"
"JPL11_Summon_Pickup_Astia_List_27","JPL11_Summon_Pickup_Astia_List","Char_088_S01_R"
"JPL11_Summon_Pickup_Astia_List_28","JPL11_Summon_Pickup_Astia_List","Char_111_S01_B"
"JPL11_Summon_Pickup_Astia_List_29","JPL11_Summon_Pickup_Astia_List","Char_034_S01_B"
"JPL11_Summon_Pickup_Astia_List_30","JPL11_Summon_Pickup_Astia_List","Char_005_S01_D"
"JPL11_Summon_Pickup_Astia_List_31","JPL11_Summon_Pickup_Astia_List","Char_077_S01_G"
"JPL11_Summon_Pickup_Astia_List_32","JPL11_Summon_Pickup_Astia_List","Char_008_S01_B"
"JPL11_Summon_Pickup_Astia_List_33","JPL11_Summon_Pickup_Astia_List","Char_080_S01_G"
"JPL11_Summon_Pickup_Astia_List_34","JPL11_Summon_Pickup_Astia_List","Char_041_S01_R"
"JPL11_Summon_Pickup_Astia_List_35","JPL11_Summon_Pickup_Astia_List","Char_100_S01_G"
"JPL11_Summon_Pickup_Astia_List_36","JPL11_Summon_Pickup_Astia_List","Char_040_S01_R"
"JPL11_Summon_Pickup_Astia_List_37","JPL11_Summon_Pickup_Astia_List","Char_001_S01_B"
"JPL11_Summon_Pickup_Astia_List_38","JPL11_Summon_Pickup_Astia_List","Char_002_S01_R"
"JPL11_Summon_Pickup_Astia_List_39","JPL11_Summon_Pickup_Astia_List","Char_078_S01_R"
"JPL11_Summon_Pickup_Astia_List_40","JPL11_Summon_Pickup_Astia_List","Char_051_S01_B"
"JPL11_Summon_Pickup_Astia_List_41","JPL11_Summon_Pickup_Astia_List","Char_073_S01_G"
"JPL11_Summon_Pickup_Astia_List_42","JPL11_Summon_Pickup_Astia_List","Char_098_S01_R"
"JPL11_Summon_Pickup_Astia_List_43","JPL11_Summon_Pickup_Astia_List","Char_016_S01_B"
"JPL11_Summon_Pickup_Astia_List_44","JPL11_Summon_Pickup_Astia_List","Char_006_S01_G"
"JPL11_Summon_Pickup_Astia_List_45","JPL11_Summon_Pickup_Astia_List","Char_003_S01_B"
"JPL11_Summon_Pickup_Astia_List_46","JPL11_Summon_Pickup_Astia_List","Char_103_S01_G"
"JPL11_Summon_Pickup_Astia_List_47","JPL11_Summon_Pickup_Astia_List","Char_062_S01_G"
"JPL11_Summon_Pickup_Astia_List_48","JPL11_Summon_Pickup_Astia_List","Char_099_S01_G"
"JPL11_Summon_Pickup_Astia_List_49","JPL11_Summon_Pickup_Astia_List","Char_115_S01_B"
"JPL11_Summon_Pickup_Aria_List_01","JPL11_Summon_Pickup_Aria_List","Char_101_S01_B"
"JPL11_Summon_Pickup_Aria_List_02","JPL11_Summon_Pickup_Aria_List","Char_097_S01_D"
"JPL11_Summon_Pickup_Aria_List_03","JPL11_Summon_Pickup_Aria_List","Char_007_S01_D"
"JPL11_Summon_Pickup_Aria_List_04","JPL11_Summon_Pickup_Aria_List","Char_044_S01_D"
"JPL11_Summon_Pickup_Aria_List_05","JPL11_Summon_Pickup_Aria_List","Char_038_S01_L"
"JPL11_Summon_Pickup_Aria_List_06","JPL11_Summon_Pickup_Aria_List","Char_112_S01_B"
"JPL11_Summon_Pickup_Aria_List_07","JPL11_Summon_Pickup_Aria_List","Char_011_S01_R"
"JPL11_Summon_Pickup_Aria_List_08","JPL11_Summon_Pickup_Aria_List","Char_010_S01_B"
"JPL11_Summon_Pickup_Aria_List_09","JPL11_Summon_Pickup_Aria_List","Char_014_S01_D"
"JPL11_Summon_Pickup_Aria_List_10","JPL11_Summon_Pickup_Aria_List","Char_091_S01_G"
"JPL11_Summon_Pickup_Aria_List_11","JPL11_Summon_Pickup_Aria_List","Char_072_S01_R"
"JPL11_Summon_Pickup_Aria_List_12","JPL11_Summon_Pickup_Aria_List","Char_085_S01_B"
"JPL11_Summon_Pickup_Aria_List_13","JPL11_Summon_Pickup_Aria_List","Char_067_S01_B"
"JPL11_Summon_Pickup_Aria_List_14","JPL11_Summon_Pickup_Aria_List","Char_083_S01_B"
"JPL11_Summon_Pickup_Aria_List_15","JPL11_Summon_Pickup_Aria_List","Char_090_S01_L"
"JPL11_Summon_Pickup_Aria_List_16","JPL11_Summon_Pickup_Aria_List","Char_084_S01_G"
"JPL11_Summon_Pickup_Aria_List_17","JPL11_Summon_Pickup_Aria_List","Char_105_S01_B"
"JPL11_Summon_Pickup_Aria_List_18","JPL11_Summon_Pickup_Aria_List","Char_106_S01_R"
"JPL11_Summon_Pickup_Aria_List_19","JPL11_Summon_Pickup_Aria_List","Char_104_S01_G"
"JPL11_Summon_Pickup_Aria_List_20","JPL11_Summon_Pickup_Aria_List","Char_066_S01_B"
"JPL11_Summon_Pickup_Aria_List_21","JPL11_Summon_Pickup_Aria_List","Char_114_S01_B"
"JPL11_Summon_Pickup_Aria_List_22","JPL11_Summon_Pickup_Aria_List","Char_089_S01_D"
"JPL11_Summon_Pickup_Aria_List_23","JPL11_Summon_Pickup_Aria_List","Char_009_S01_G"
"JPL11_Summon_Pickup_Aria_List_24","JPL11_Summon_Pickup_Aria_List","Char_037_S01_L"
"JPL11_Summon_Pickup_Aria_List_25","JPL11_Summon_Pickup_Aria_List","Char_015_S01_B"
"JPL11_Summon_Pickup_Aria_List_26","JPL11_Summon_Pickup_Aria_List","Char_088_S01_R"
"JPL11_Summon_Pickup_Aria_List_27","JPL11_Summon_Pickup_Aria_List","Char_111_S01_B"
"JPL11_Summon_Pickup_Aria_List_28","JPL11_Summon_Pickup_Aria_List","Char_034_S01_B"
"JPL11_Summon_Pickup_Aria_List_29","JPL11_Summon_Pickup_Aria_List","Char_005_S01_D"
"JPL11_Summon_Pickup_Aria_List_30","JPL11_Summon_Pickup_Aria_List","Char_077_S01_G"
"JPL11_Summon_Pickup_Aria_List_31","JPL11_Summon_Pickup_Aria_List","Char_008_S01_B"
"JPL11_Summon_Pickup_Aria_List_32","JPL11_Summon_Pickup_Aria_List","Char_080_S01_G"
"JPL11_Summon_Pickup_Aria_List_33","JPL11_Summon_Pickup_Aria_List","Char_041_S01_R"
"JPL11_Summon_Pickup_Aria_List_34","JPL11_Summon_Pickup_Aria_List","Char_100_S01_G"
"JPL11_Summon_Pickup_Aria_List_35","JPL11_Summon_Pickup_Aria_List","Char_040_S01_R"
"JPL11_Summon_Pickup_Aria_List_36","JPL11_Summon_Pickup_Aria_List","Char_001_S01_B"
"JPL11_Summon_Pickup_Aria_List_37","JPL11_Summon_Pickup_Aria_List","Char_002_S01_R"
"JPL11_Summon_Pickup_Aria_List_38","JPL11_Summon_Pickup_Aria_List","Char_078_S01_R"
"JPL11_Summon_Pickup_Aria_List_39","JPL11_Summon_Pickup_Aria_List","Char_051_S01_B"
"JPL11_Summon_Pickup_Aria_List_40","JPL11_Summon_Pickup_Aria_List","Char_073_S01_G"
"JPL11_Summon_Pickup_Aria_List_41","JPL11_Summon_Pickup_Aria_List","Char_098_S01_R"
"JPL11_Summon_Pickup_Aria_List_42","JPL11_Summon_Pickup_Aria_List","Char_016_S01_B"
"JPL11_Summon_Pickup_Aria_List_43","JPL11_Summon_Pickup_Aria_List","Char_006_S01_G"
"JPL11_Summon_Pickup_Aria_List_44","JPL11_Summon_Pickup_Aria_List","Char_003_S01_B"
"JPL11_Summon_Pickup_Aria_List_45","JPL11_Summon_Pickup_Aria_List","Char_103_S01_G"
"JPL11_Summon_Pickup_Aria_List_46","JPL11_Summon_Pickup_Aria_List","Char_062_S01_G"
"JPL11_Summon_Pickup_Aria_List_47","JPL11_Summon_Pickup_Aria_List","Char_099_S01_G"
"JPL11_Summon_Pickup_Aria_List_48","JPL11_Summon_Pickup_Aria_List","Char_115_S01_B"
"JPL13_Summon_Pickup_Enoxia_List_01","JPL13_Summon_Pickup_Enoxia_List","Char_039_S01_G"
"JPL13_Summon_Pickup_Enoxia_List_02","JPL13_Summon_Pickup_Enoxia_List","Char_113_S01_B"
"JPL13_Summon_Pickup_Enoxia_List_03","JPL13_Summon_Pickup_Enoxia_List","Char_097_S01_D"
"JPL13_Summon_Pickup_Enoxia_List_04","JPL13_Summon_Pickup_Enoxia_List","Char_007_S01_D"
"JPL13_Summon_Pickup_Enoxia_List_05","JPL13_Summon_Pickup_Enoxia_List","Char_044_S01_D"
"JPL13_Summon_Pickup_Enoxia_List_06","JPL13_Summon_Pickup_Enoxia_List","Char_038_S01_L"
"JPL13_Summon_Pickup_Enoxia_List_07","JPL13_Summon_Pickup_Enoxia_List","Char_112_S01_B"
"JPL13_Summon_Pickup_Enoxia_List_08","JPL13_Summon_Pickup_Enoxia_List","Char_011_S01_R"
"JPL13_Summon_Pickup_Enoxia_List_09","JPL13_Summon_Pickup_Enoxia_List","Char_010_S01_B"
"JPL13_Summon_Pickup_Enoxia_List_10","JPL13_Summon_Pickup_Enoxia_List","Char_014_S01_D"
"JPL13_Summon_Pickup_Enoxia_List_11","JPL13_Summon_Pickup_Enoxia_List","Char_091_S01_G"
"JPL13_Summon_Pickup_Enoxia_List_12","JPL13_Summon_Pickup_Enoxia_List","Char_072_S01_R"
"JPL13_Summon_Pickup_Enoxia_List_13","JPL13_Summon_Pickup_Enoxia_List","Char_085_S01_B"
"JPL13_Summon_Pickup_Enoxia_List_14","JPL13_Summon_Pickup_Enoxia_List","Char_067_S01_B"
"JPL13_Summon_Pickup_Enoxia_List_15","JPL13_Summon_Pickup_Enoxia_List","Char_101_S01_B"
"JPL13_Summon_Pickup_Enoxia_List_16","JPL13_Summon_Pickup_Enoxia_List","Char_083_S01_B"
"JPL13_Summon_Pickup_Enoxia_List_17","JPL13_Summon_Pickup_Enoxia_List","Char_090_S01_L"
"JPL13_Summon_Pickup_Enoxia_List_18","JPL13_Summon_Pickup_Enoxia_List","Char_084_S01_G"
"JPL13_Summon_Pickup_Enoxia_List_19","JPL13_Summon_Pickup_Enoxia_List","Char_105_S01_B"
"JPL13_Summon_Pickup_Enoxia_List_20","JPL13_Summon_Pickup_Enoxia_List","Char_106_S01_R"
"JPL13_Summon_Pickup_Enoxia_List_21","JPL13_Summon_Pickup_Enoxia_List","Char_104_S01_G"
"JPL13_Summon_Pickup_Enoxia_List_22","JPL13_Summon_Pickup_Enoxia_List","Char_066_S01_B"
"JPL13_Summon_Pickup_Enoxia_List_23","JPL13_Summon_Pickup_Enoxia_List","Char_114_S01_B"
"JPL13_Summon_Pickup_Enoxia_List_24","JPL13_Summon_Pickup_Enoxia_List","Char_089_S01_D"
"JPL13_Summon_Pickup_Enoxia_List_25","JPL13_Summon_Pickup_Enoxia_List","Char_009_S01_G"
"JPL13_Summon_Pickup_Enoxia_List_26","JPL13_Summon_Pickup_Enoxia_List","Char_037_S01_L"
"JPL13_Summon_Pickup_Enoxia_List_27","JPL13_Summon_Pickup_Enoxia_List","Char_015_S01_B"
"JPL13_Summon_Pickup_Enoxia_List_28","JPL13_Summon_Pickup_Enoxia_List","Char_088_S01_R"
"JPL13_Summon_Pickup_Enoxia_List_29","JPL13_Summon_Pickup_Enoxia_List","Char_111_S01_B"
"JPL13_Summon_Pickup_Enoxia_List_30","JPL13_Summon_Pickup_Enoxia_List","Char_034_S01_B"
"JPL13_Summon_Pickup_Enoxia_List_31","JPL13_Summon_Pickup_Enoxia_List","Char_005_S01_D"
"JPL13_Summon_Pickup_Enoxia_List_32","JPL13_Summon_Pickup_Enoxia_List","Char_077_S01_G"
"JPL13_Summon_Pickup_Enoxia_List_33","JPL13_Summon_Pickup_Enoxia_List","Char_008_S01_B"
"JPL13_Summon_Pickup_Enoxia_List_34","JPL13_Summon_Pickup_Enoxia_List","Char_080_S01_G"
"JPL13_Summon_Pickup_Enoxia_List_35","JPL13_Summon_Pickup_Enoxia_List","Char_041_S01_R"
"JPL13_Summon_Pickup_Enoxia_List_36","JPL13_Summon_Pickup_Enoxia_List","Char_100_S01_G"
"JPL13_Summon_Pickup_Enoxia_List_37","JPL13_Summon_Pickup_Enoxia_List","Char_040_S01_R"
"JPL13_Summon_Pickup_Enoxia_List_38","JPL13_Summon_Pickup_Enoxia_List","Char_001_S01_B"
"JPL13_Summon_Pickup_Enoxia_List_39","JPL13_Summon_Pickup_Enoxia_List","Char_002_S01_R"
"JPL13_Summon_Pickup_Enoxia_List_40","JPL13_Summon_Pickup_Enoxia_List","Char_078_S01_R"
"JPL13_Summon_Pickup_Enoxia_List_41","JPL13_Summon_Pickup_Enoxia_List","Char_051_S01_B"
"JPL13_Summon_Pickup_Enoxia_List_42","JPL13_Summon_Pickup_Enoxia_List","Char_073_S01_G"
"JPL13_Summon_Pickup_Enoxia_List_43","JPL13_Summon_Pickup_Enoxia_List","Char_098_S01_R"
"JPL13_Summon_Pickup_Enoxia_List_44","JPL13_Summon_Pickup_Enoxia_List","Char_016_S01_B"
"JPL13_Summon_Pickup_Enoxia_List_45","JPL13_Summon_Pickup_Enoxia_List","Char_006_S01_G"
"JPL13_Summon_Pickup_Enoxia_List_46","JPL13_Summon_Pickup_Enoxia_List","Char_003_S01_B"
"JPL13_Summon_Pickup_Enoxia_List_47","JPL13_Summon_Pickup_Enoxia_List","Char_103_S01_G"
"JPL13_Summon_Pickup_Enoxia_List_48","JPL13_Summon_Pickup_Enoxia_List","Char_062_S01_G"
"JPL13_Summon_Pickup_Enoxia_List_49","JPL13_Summon_Pickup_Enoxia_List","Char_099_S01_G"
"JPL13_Summon_Pickup_Enoxia_List_50","JPL13_Summon_Pickup_Enoxia_List","Char_087_S01_B"
"JPL13_Summon_Pickup_Enoxia_List_51","JPL13_Summon_Pickup_Enoxia_List","Char_115_S01_B"
"JPL13_Summon_Pickup_Esmeralda_List_01","JPL13_Summon_Pickup_Esmeralda_List","Char_010_S01_B"
"JPL13_Summon_Pickup_Esmeralda_List_02","JPL13_Summon_Pickup_Esmeralda_List","Char_113_S01_B"
"JPL13_Summon_Pickup_Esmeralda_List_03","JPL13_Summon_Pickup_Esmeralda_List","Char_097_S01_D"
"JPL13_Summon_Pickup_Esmeralda_List_04","JPL13_Summon_Pickup_Esmeralda_List","Char_007_S01_D"
"JPL13_Summon_Pickup_Esmeralda_List_05","JPL13_Summon_Pickup_Esmeralda_List","Char_044_S01_D"
"JPL13_Summon_Pickup_Esmeralda_List_06","JPL13_Summon_Pickup_Esmeralda_List","Char_038_S01_L"
"JPL13_Summon_Pickup_Esmeralda_List_07","JPL13_Summon_Pickup_Esmeralda_List","Char_112_S01_B"
"JPL13_Summon_Pickup_Esmeralda_List_08","JPL13_Summon_Pickup_Esmeralda_List","Char_011_S01_R"
"JPL13_Summon_Pickup_Esmeralda_List_09","JPL13_Summon_Pickup_Esmeralda_List","Char_014_S01_D"
"JPL13_Summon_Pickup_Esmeralda_List_10","JPL13_Summon_Pickup_Esmeralda_List","Char_091_S01_G"
"JPL13_Summon_Pickup_Esmeralda_List_11","JPL13_Summon_Pickup_Esmeralda_List","Char_072_S01_R"
"JPL13_Summon_Pickup_Esmeralda_List_12","JPL13_Summon_Pickup_Esmeralda_List","Char_085_S01_B"
"JPL13_Summon_Pickup_Esmeralda_List_13","JPL13_Summon_Pickup_Esmeralda_List","Char_067_S01_B"
"JPL13_Summon_Pickup_Esmeralda_List_14","JPL13_Summon_Pickup_Esmeralda_List","Char_101_S01_B"
"JPL13_Summon_Pickup_Esmeralda_List_15","JPL13_Summon_Pickup_Esmeralda_List","Char_083_S01_B"
"JPL13_Summon_Pickup_Esmeralda_List_16","JPL13_Summon_Pickup_Esmeralda_List","Char_090_S01_L"
"JPL13_Summon_Pickup_Esmeralda_List_17","JPL13_Summon_Pickup_Esmeralda_List","Char_084_S01_G"
"JPL13_Summon_Pickup_Esmeralda_List_18","JPL13_Summon_Pickup_Esmeralda_List","Char_105_S01_B"
"JPL13_Summon_Pickup_Esmeralda_List_19","JPL13_Summon_Pickup_Esmeralda_List","Char_106_S01_R"
"JPL13_Summon_Pickup_Esmeralda_List_20","JPL13_Summon_Pickup_Esmeralda_List","Char_104_S01_G"
"JPL13_Summon_Pickup_Esmeralda_List_21","JPL13_Summon_Pickup_Esmeralda_List","Char_066_S01_B"
"JPL13_Summon_Pickup_Esmeralda_List_22","JPL13_Summon_Pickup_Esmeralda_List","Char_114_S01_B"
"JPL13_Summon_Pickup_Esmeralda_List_23","JPL13_Summon_Pickup_Esmeralda_List","Char_089_S01_D"
"JPL13_Summon_Pickup_Esmeralda_List_24","JPL13_Summon_Pickup_Esmeralda_List","Char_009_S01_G"
"JPL13_Summon_Pickup_Esmeralda_List_25","JPL13_Summon_Pickup_Esmeralda_List","Char_037_S01_L"
"JPL13_Summon_Pickup_Esmeralda_List_26","JPL13_Summon_Pickup_Esmeralda_List","Char_015_S01_B"
"JPL13_Summon_Pickup_Esmeralda_List_27","JPL13_Summon_Pickup_Esmeralda_List","Char_088_S01_R"
"JPL13_Summon_Pickup_Esmeralda_List_28","JPL13_Summon_Pickup_Esmeralda_List","Char_111_S01_B"
"JPL13_Summon_Pickup_Esmeralda_List_29","JPL13_Summon_Pickup_Esmeralda_List","Char_034_S01_B"
"JPL13_Summon_Pickup_Esmeralda_List_30","JPL13_Summon_Pickup_Esmeralda_List","Char_005_S01_D"
"JPL13_Summon_Pickup_Esmeralda_List_31","JPL13_Summon_Pickup_Esmeralda_List","Char_077_S01_G"
"JPL13_Summon_Pickup_Esmeralda_List_32","JPL13_Summon_Pickup_Esmeralda_List","Char_008_S01_B"
"JPL13_Summon_Pickup_Esmeralda_List_33","JPL13_Summon_Pickup_Esmeralda_List","Char_080_S01_G"
"JPL13_Summon_Pickup_Esmeralda_List_34","JPL13_Summon_Pickup_Esmeralda_List","Char_041_S01_R"
"JPL13_Summon_Pickup_Esmeralda_List_35","JPL13_Summon_Pickup_Esmeralda_List","Char_100_S01_G"
"JPL13_Summon_Pickup_Esmeralda_List_36","JPL13_Summon_Pickup_Esmeralda_List","Char_040_S01_R"
"JPL13_Summon_Pickup_Esmeralda_List_37","JPL13_Summon_Pickup_Esmeralda_List","Char_001_S01_B"
"JPL13_Summon_Pickup_Esmeralda_List_38","JPL13_Summon_Pickup_Esmeralda_List","Char_002_S01_R"
"JPL13_Summon_Pickup_Esmeralda_List_39","JPL13_Summon_Pickup_Esmeralda_List","Char_078_S01_R"
"JPL13_Summon_Pickup_Esmeralda_List_40","JPL13_Summon_Pickup_Esmeralda_List","Char_051_S01_B"
"JPL13_Summon_Pickup_Esmeralda_List_41","JPL13_Summon_Pickup_Esmeralda_List","Char_073_S01_G"
"JPL13_Summon_Pickup_Esmeralda_List_42","JPL13_Summon_Pickup_Esmeralda_List","Char_098_S01_R"
"JPL13_Summon_Pickup_Esmeralda_List_43","JPL13_Summon_Pickup_Esmeralda_List","Char_016_S01_B"
"JPL13_Summon_Pickup_Esmeralda_List_44","JPL13_Summon_Pickup_Esmeralda_List","Char_006_S01_G"
"JPL13_Summon_Pickup_Esmeralda_List_45","JPL13_Summon_Pickup_Esmeralda_List","Char_003_S01_B"
"JPL13_Summon_Pickup_Esmeralda_List_46","JPL13_Summon_Pickup_Esmeralda_List","Char_103_S01_G"
"JPL13_Summon_Pickup_Esmeralda_List_47","JPL13_Summon_Pickup_Esmeralda_List","Char_062_S01_G"
"JPL13_Summon_Pickup_Esmeralda_List_48","JPL13_Summon_Pickup_Esmeralda_List","Char_099_S01_G"
"JPL13_Summon_Pickup_Esmeralda_List_49","JPL13_Summon_Pickup_Esmeralda_List","Char_087_S01_B"
"JPL13_Summon_Pickup_Esmeralda_List_50","JPL13_Summon_Pickup_Esmeralda_List","Char_115_S01_B"
"JPL15_Summon_Pickup_Emma_List_01","JPL15_Summon_Pickup_Emma_List","Char_116_S01_R"
"JPL15_Summon_Pickup_Emma_List_02","JPL15_Summon_Pickup_Emma_List","Char_039_S01_G"
"JPL15_Summon_Pickup_Emma_List_03","JPL15_Summon_Pickup_Emma_List","Char_113_S01_B"
"JPL15_Summon_Pickup_Emma_List_04","JPL15_Summon_Pickup_Emma_List","Char_097_S01_D"
"JPL15_Summon_Pickup_Emma_List_05","JPL15_Summon_Pickup_Emma_List","Char_007_S01_D"
"JPL15_Summon_Pickup_Emma_List_06","JPL15_Summon_Pickup_Emma_List","Char_044_S01_D"
"JPL15_Summon_Pickup_Emma_List_07","JPL15_Summon_Pickup_Emma_List","Char_038_S01_L"
"JPL15_Summon_Pickup_Emma_List_08","JPL15_Summon_Pickup_Emma_List","Char_112_S01_B"
"JPL15_Summon_Pickup_Emma_List_09","JPL15_Summon_Pickup_Emma_List","Char_011_S01_R"
"JPL15_Summon_Pickup_Emma_List_10","JPL15_Summon_Pickup_Emma_List","Char_010_S01_B"
"JPL15_Summon_Pickup_Emma_List_11","JPL15_Summon_Pickup_Emma_List","Char_014_S01_D"
"JPL15_Summon_Pickup_Emma_List_12","JPL15_Summon_Pickup_Emma_List","Char_091_S01_G"
"JPL15_Summon_Pickup_Emma_List_13","JPL15_Summon_Pickup_Emma_List","Char_072_S01_R"
"JPL15_Summon_Pickup_Emma_List_14","JPL15_Summon_Pickup_Emma_List","Char_085_S01_B"
"JPL15_Summon_Pickup_Emma_List_15","JPL15_Summon_Pickup_Emma_List","Char_067_S01_B"
"JPL15_Summon_Pickup_Emma_List_16","JPL15_Summon_Pickup_Emma_List","Char_101_S01_B"
"JPL15_Summon_Pickup_Emma_List_17","JPL15_Summon_Pickup_Emma_List","Char_083_S01_B"
"JPL15_Summon_Pickup_Emma_List_18","JPL15_Summon_Pickup_Emma_List","Char_090_S01_L"
"JPL15_Summon_Pickup_Emma_List_19","JPL15_Summon_Pickup_Emma_List","Char_084_S01_G"
"JPL15_Summon_Pickup_Emma_List_20","JPL15_Summon_Pickup_Emma_List","Char_105_S01_B"
"JPL15_Summon_Pickup_Emma_List_21","JPL15_Summon_Pickup_Emma_List","Char_106_S01_R"
"JPL15_Summon_Pickup_Emma_List_22","JPL15_Summon_Pickup_Emma_List","Char_104_S01_G"
"JPL15_Summon_Pickup_Emma_List_23","JPL15_Summon_Pickup_Emma_List","Char_066_S01_B"
"JPL15_Summon_Pickup_Emma_List_24","JPL15_Summon_Pickup_Emma_List","Char_114_S01_B"
"JPL15_Summon_Pickup_Emma_List_25","JPL15_Summon_Pickup_Emma_List","Char_089_S01_D"
"JPL15_Summon_Pickup_Emma_List_26","JPL15_Summon_Pickup_Emma_List","Char_009_S01_G"
"JPL15_Summon_Pickup_Emma_List_27","JPL15_Summon_Pickup_Emma_List","Char_037_S01_L"
"JPL15_Summon_Pickup_Emma_List_28","JPL15_Summon_Pickup_Emma_List","Char_015_S01_B"
"JPL15_Summon_Pickup_Emma_List_29","JPL15_Summon_Pickup_Emma_List","Char_088_S01_R"
"JPL15_Summon_Pickup_Emma_List_30","JPL15_Summon_Pickup_Emma_List","Char_111_S01_B"
"JPL15_Summon_Pickup_Emma_List_31","JPL15_Summon_Pickup_Emma_List","Char_034_S01_B"
"JPL15_Summon_Pickup_Emma_List_32","JPL15_Summon_Pickup_Emma_List","Char_005_S01_D"
"JPL15_Summon_Pickup_Emma_List_33","JPL15_Summon_Pickup_Emma_List","Char_077_S01_G"
"JPL15_Summon_Pickup_Emma_List_34","JPL15_Summon_Pickup_Emma_List","Char_008_S01_B"
"JPL15_Summon_Pickup_Emma_List_35","JPL15_Summon_Pickup_Emma_List","Char_080_S01_G"
"JPL15_Summon_Pickup_Emma_List_36","JPL15_Summon_Pickup_Emma_List","Char_041_S01_R"
"JPL15_Summon_Pickup_Emma_List_37","JPL15_Summon_Pickup_Emma_List","Char_100_S01_G"
"JPL15_Summon_Pickup_Emma_List_38","JPL15_Summon_Pickup_Emma_List","Char_040_S01_R"
"JPL15_Summon_Pickup_Emma_List_39","JPL15_Summon_Pickup_Emma_List","Char_001_S01_B"
"JPL15_Summon_Pickup_Emma_List_40","JPL15_Summon_Pickup_Emma_List","Char_002_S01_R"
"JPL15_Summon_Pickup_Emma_List_41","JPL15_Summon_Pickup_Emma_List","Char_078_S01_R"
"JPL15_Summon_Pickup_Emma_List_42","JPL15_Summon_Pickup_Emma_List","Char_051_S01_B"
"JPL15_Summon_Pickup_Emma_List_43","JPL15_Summon_Pickup_Emma_List","Char_073_S01_G"
"JPL15_Summon_Pickup_Emma_List_44","JPL15_Summon_Pickup_Emma_List","Char_098_S01_R"
"JPL15_Summon_Pickup_Emma_List_45","JPL15_Summon_Pickup_Emma_List","Char_016_S01_B"
"JPL15_Summon_Pickup_Emma_List_46","JPL15_Summon_Pickup_Emma_List","Char_006_S01_G"
"JPL15_Summon_Pickup_Emma_List_47","JPL15_Summon_Pickup_Emma_List","Char_003_S01_B"
"JPL15_Summon_Pickup_Emma_List_48","JPL15_Summon_Pickup_Emma_List","Char_103_S01_G"
"JPL15_Summon_Pickup_Emma_List_49","JPL15_Summon_Pickup_Emma_List","Char_062_S01_G"
"JPL15_Summon_Pickup_Emma_List_50","JPL15_Summon_Pickup_Emma_List","Char_099_S01_G"
"JPL15_Summon_Pickup_Emma_List_51","JPL15_Summon_Pickup_Emma_List","Char_087_S01_B"
"JPL15_Summon_Pickup_Emma_List_52","JPL15_Summon_Pickup_Emma_List","Char_115_S01_B"
"JPL15_Summon_Pickup_JamieHook_List_01","JPL15_Summon_Pickup_JamieHook_List","Char_072_S01_R"
"JPL15_Summon_Pickup_JamieHook_List_02","JPL15_Summon_Pickup_JamieHook_List","Char_039_S01_G"
"JPL15_Summon_Pickup_JamieHook_List_03","JPL15_Summon_Pickup_JamieHook_List","Char_113_S01_B"
"JPL15_Summon_Pickup_JamieHook_List_04","JPL15_Summon_Pickup_JamieHook_List","Char_097_S01_D"
"JPL15_Summon_Pickup_JamieHook_List_05","JPL15_Summon_Pickup_JamieHook_List","Char_007_S01_D"
"JPL15_Summon_Pickup_JamieHook_List_06","JPL15_Summon_Pickup_JamieHook_List","Char_044_S01_D"
"JPL15_Summon_Pickup_JamieHook_List_07","JPL15_Summon_Pickup_JamieHook_List","Char_038_S01_L"
"JPL15_Summon_Pickup_JamieHook_List_08","JPL15_Summon_Pickup_JamieHook_List","Char_112_S01_B"
"JPL15_Summon_Pickup_JamieHook_List_09","JPL15_Summon_Pickup_JamieHook_List","Char_011_S01_R"
"JPL15_Summon_Pickup_JamieHook_List_10","JPL15_Summon_Pickup_JamieHook_List","Char_010_S01_B"
"JPL15_Summon_Pickup_JamieHook_List_11","JPL15_Summon_Pickup_JamieHook_List","Char_014_S01_D"
"JPL15_Summon_Pickup_JamieHook_List_12","JPL15_Summon_Pickup_JamieHook_List","Char_091_S01_G"
"JPL15_Summon_Pickup_JamieHook_List_14","JPL15_Summon_Pickup_JamieHook_List","Char_085_S01_B"
"JPL15_Summon_Pickup_JamieHook_List_15","JPL15_Summon_Pickup_JamieHook_List","Char_067_S01_B"
"JPL15_Summon_Pickup_JamieHook_List_16","JPL15_Summon_Pickup_JamieHook_List","Char_101_S01_B"
"JPL15_Summon_Pickup_JamieHook_List_17","JPL15_Summon_Pickup_JamieHook_List","Char_083_S01_B"
"JPL15_Summon_Pickup_JamieHook_List_18","JPL15_Summon_Pickup_JamieHook_List","Char_090_S01_L"
"JPL15_Summon_Pickup_JamieHook_List_19","JPL15_Summon_Pickup_JamieHook_List","Char_084_S01_G"
"JPL15_Summon_Pickup_JamieHook_List_20","JPL15_Summon_Pickup_JamieHook_List","Char_105_S01_B"
"JPL15_Summon_Pickup_JamieHook_List_21","JPL15_Summon_Pickup_JamieHook_List","Char_106_S01_R"
"JPL15_Summon_Pickup_JamieHook_List_22","JPL15_Summon_Pickup_JamieHook_List","Char_104_S01_G"
"JPL15_Summon_Pickup_JamieHook_List_23","JPL15_Summon_Pickup_JamieHook_List","Char_066_S01_B"
"JPL15_Summon_Pickup_JamieHook_List_24","JPL15_Summon_Pickup_JamieHook_List","Char_114_S01_B"
"JPL15_Summon_Pickup_JamieHook_List_25","JPL15_Summon_Pickup_JamieHook_List","Char_089_S01_D"
"JPL15_Summon_Pickup_JamieHook_List_26","JPL15_Summon_Pickup_JamieHook_List","Char_009_S01_G"
"JPL15_Summon_Pickup_JamieHook_List_27","JPL15_Summon_Pickup_JamieHook_List","Char_037_S01_L"
"JPL15_Summon_Pickup_JamieHook_List_28","JPL15_Summon_Pickup_JamieHook_List","Char_015_S01_B"
"JPL15_Summon_Pickup_JamieHook_List_29","JPL15_Summon_Pickup_JamieHook_List","Char_088_S01_R"
"JPL15_Summon_Pickup_JamieHook_List_30","JPL15_Summon_Pickup_JamieHook_List","Char_111_S01_B"
"JPL15_Summon_Pickup_JamieHook_List_31","JPL15_Summon_Pickup_JamieHook_List","Char_034_S01_B"
"JPL15_Summon_Pickup_JamieHook_List_32","JPL15_Summon_Pickup_JamieHook_List","Char_005_S01_D"
"JPL15_Summon_Pickup_JamieHook_List_33","JPL15_Summon_Pickup_JamieHook_List","Char_077_S01_G"
"JPL15_Summon_Pickup_JamieHook_List_34","JPL15_Summon_Pickup_JamieHook_List","Char_008_S01_B"
"JPL15_Summon_Pickup_JamieHook_List_35","JPL15_Summon_Pickup_JamieHook_List","Char_080_S01_G"
"JPL15_Summon_Pickup_JamieHook_List_36","JPL15_Summon_Pickup_JamieHook_List","Char_041_S01_R"
"JPL15_Summon_Pickup_JamieHook_List_37","JPL15_Summon_Pickup_JamieHook_List","Char_100_S01_G"
"JPL15_Summon_Pickup_JamieHook_List_38","JPL15_Summon_Pickup_JamieHook_List","Char_040_S01_R"
"JPL15_Summon_Pickup_JamieHook_List_39","JPL15_Summon_Pickup_JamieHook_List","Char_001_S01_B"
"JPL15_Summon_Pickup_JamieHook_List_40","JPL15_Summon_Pickup_JamieHook_List","Char_002_S01_R"
"JPL15_Summon_Pickup_JamieHook_List_41","JPL15_Summon_Pickup_JamieHook_List","Char_078_S01_R"
"JPL15_Summon_Pickup_JamieHook_List_42","JPL15_Summon_Pickup_JamieHook_List","Char_051_S01_B"
"JPL15_Summon_Pickup_JamieHook_List_43","JPL15_Summon_Pickup_JamieHook_List","Char_073_S01_G"
"JPL15_Summon_Pickup_JamieHook_List_44","JPL15_Summon_Pickup_JamieHook_List","Char_098_S01_R"
"JPL15_Summon_Pickup_JamieHook_List_45","JPL15_Summon_Pickup_JamieHook_List","Char_016_S01_B"
"JPL15_Summon_Pickup_JamieHook_List_46","JPL15_Summon_Pickup_JamieHook_List","Char_006_S01_G"
"JPL15_Summon_Pickup_JamieHook_List_47","JPL15_Summon_Pickup_JamieHook_List","Char_003_S01_B"
"JPL15_Summon_Pickup_JamieHook_List_48","JPL15_Summon_Pickup_JamieHook_List","Char_103_S01_G"
"JPL15_Summon_Pickup_JamieHook_List_49","JPL15_Summon_Pickup_JamieHook_List","Char_062_S01_G"
"JPL15_Summon_Pickup_JamieHook_List_50","JPL15_Summon_Pickup_JamieHook_List","Char_099_S01_G"
"JPL15_Summon_Pickup_JamieHook_List_51","JPL15_Summon_Pickup_JamieHook_List","Char_087_S01_B"
"JPL15_Summon_Pickup_JamieHook_List_52","JPL15_Summon_Pickup_JamieHook_List","Char_115_S01_B"
"Event_3GradeFix_TenRoll_02_List_01","Event_3GradeFix_TenRoll_02_List","Char_084_S01_G"
"Event_3GradeFix_TenRoll_02_List_02","Event_3GradeFix_TenRoll_02_List","Char_105_S01_B"
"Event_3GradeFix_TenRoll_02_List_03","Event_3GradeFix_TenRoll_02_List","Char_106_S01_R"
"Event_3GradeFix_TenRoll_02_List_04","Event_3GradeFix_TenRoll_02_List","Char_091_S01_G"
"Event_3GradeFix_TenRoll_02_List_05","Event_3GradeFix_TenRoll_02_List","Char_067_S01_B"
"Event_3GradeFix_TenRoll_02_List_06","Event_3GradeFix_TenRoll_02_List","Char_044_S01_D"
"Event_3GradeFix_TenRoll_02_List_07","Event_3GradeFix_TenRoll_02_List","Char_038_S01_L"
"Event_3GradeFix_TenRoll_02_List_08","Event_3GradeFix_TenRoll_02_List","Char_112_S01_B"
"Event_3GradeFix_TenRoll_02_List_09","Event_3GradeFix_TenRoll_02_List","Char_014_S01_D"
"Event_3GradeFix_TenRoll_02_List_10","Event_3GradeFix_TenRoll_02_List","Char_083_S01_B"
"Event_3GradeFix_TenRoll_02_List_11","Event_3GradeFix_TenRoll_02_List","Char_066_S01_B"
"Event_3GradeFix_TenRoll_02_List_12","Event_3GradeFix_TenRoll_02_List","Char_114_S01_B"
"Event_3GradeFix_TenRoll_02_List_13","Event_3GradeFix_TenRoll_02_List","Char_089_S01_D"
"Event_3GradeFix_TenRoll_02_List_14","Event_3GradeFix_TenRoll_02_List","Char_009_S01_G"
"Event_3GradeFix_TenRoll_02_List_15","Event_3GradeFix_TenRoll_02_List","Char_037_S01_L"
"Event_3GradeFix_TenRoll_02_List_16","Event_3GradeFix_TenRoll_02_List","Char_015_S01_B"
"Event_3GradeFix_TenRoll_02_List_17","Event_3GradeFix_TenRoll_02_List","Char_088_S01_R"
"Event_3GradeFix_TenRoll_02_List_18","Event_3GradeFix_TenRoll_02_List","Char_111_S01_B"
"Event_3GradeFix_TenRoll_02_List_19","Event_3GradeFix_TenRoll_02_List","Char_034_S01_B"
"Event_3GradeFix_TenRoll_02_List_20","Event_3GradeFix_TenRoll_02_List","Char_005_S01_D"
"Event_3GradeFix_TenRoll_02_List_21","Event_3GradeFix_TenRoll_02_List","Char_077_S01_G"
"Event_3GradeFix_TenRoll_02_List_22","Event_3GradeFix_TenRoll_02_List","Char_008_S01_B"
"Event_3GradeFix_TenRoll_02_List_23","Event_3GradeFix_TenRoll_02_List","Char_080_S01_G"
"Event_3GradeFix_TenRoll_02_List_24","Event_3GradeFix_TenRoll_02_List","Char_041_S01_R"
"Event_3GradeFix_TenRoll_02_List_25","Event_3GradeFix_TenRoll_02_List","Char_100_S01_G"
"Event_3GradeFix_TenRoll_02_List_26","Event_3GradeFix_TenRoll_02_List","Char_040_S01_R"
"Event_3GradeFix_TenRoll_02_List_27","Event_3GradeFix_TenRoll_02_List","Char_001_S01_B"
"Event_3GradeFix_TenRoll_02_List_28","Event_3GradeFix_TenRoll_02_List","Char_002_S01_R"
"Event_3GradeFix_TenRoll_02_List_29","Event_3GradeFix_TenRoll_02_List","Char_078_S01_R"
"Event_3GradeFix_TenRoll_02_List_30","Event_3GradeFix_TenRoll_02_List","Char_051_S01_B"
"Event_3GradeFix_TenRoll_02_List_31","Event_3GradeFix_TenRoll_02_List","Char_073_S01_G"
"Event_3GradeFix_TenRoll_02_List_32","Event_3GradeFix_TenRoll_02_List","Char_098_S01_R"
"Event_3GradeFix_TenRoll_02_List_33","Event_3GradeFix_TenRoll_02_List","Char_016_S01_B"
"Event_3GradeFix_TenRoll_02_List_34","Event_3GradeFix_TenRoll_02_List","Char_006_S01_G"
"Event_3GradeFix_TenRoll_02_List_35","Event_3GradeFix_TenRoll_02_List","Char_003_S01_B"
"Event_3GradeFix_TenRoll_02_List_36","Event_3GradeFix_TenRoll_02_List","Char_103_S01_G"
"Event_3GradeFix_TenRoll_02_List_37","Event_3GradeFix_TenRoll_02_List","Char_062_S01_G"
"JPL17_Summon_Pickup_Hilde_Christmas_List_01","JPL17_Summon_Pickup_Hilde_Christmas_List","Char_090_S02_G"
"JPL17_Summon_Pickup_Hilde_Christmas_List_02","JPL17_Summon_Pickup_Hilde_Christmas_List","Char_116_S01_R"
"JPL17_Summon_Pickup_Hilde_Christmas_List_03","JPL17_Summon_Pickup_Hilde_Christmas_List","Char_072_S01_R"
"JPL17_Summon_Pickup_Hilde_Christmas_List_04","JPL17_Summon_Pickup_Hilde_Christmas_List","Char_039_S01_G"
"JPL17_Summon_Pickup_Hilde_Christmas_List_05","JPL17_Summon_Pickup_Hilde_Christmas_List","Char_113_S01_B"
"JPL17_Summon_Pickup_Hilde_Christmas_List_06","JPL17_Summon_Pickup_Hilde_Christmas_List","Char_097_S01_D"
"JPL17_Summon_Pickup_Hilde_Christmas_List_07","JPL17_Summon_Pickup_Hilde_Christmas_List","Char_007_S01_D"
"JPL17_Summon_Pickup_Hilde_Christmas_List_08","JPL17_Summon_Pickup_Hilde_Christmas_List","Char_044_S01_D"
"JPL17_Summon_Pickup_Hilde_Christmas_List_09","JPL17_Summon_Pickup_Hilde_Christmas_List","Char_038_S01_L"
"JPL17_Summon_Pickup_Hilde_Christmas_List_10","JPL17_Summon_Pickup_Hilde_Christmas_List","Char_112_S01_B"
"JPL17_Summon_Pickup_Hilde_Christmas_List_11","JPL17_Summon_Pickup_Hilde_Christmas_List","Char_011_S01_R"
"JPL17_Summon_Pickup_Hilde_Christmas_List_12","JPL17_Summon_Pickup_Hilde_Christmas_List","Char_010_S01_B"
"JPL17_Summon_Pickup_Hilde_Christmas_List_14","JPL17_Summon_Pickup_Hilde_Christmas_List","Char_014_S01_D"
"JPL17_Summon_Pickup_Hilde_Christmas_List_15","JPL17_Summon_Pickup_Hilde_Christmas_List","Char_091_S01_G"
"JPL17_Summon_Pickup_Hilde_Christmas_List_16","JPL17_Summon_Pickup_Hilde_Christmas_List","Char_085_S01_B"
"JPL17_Summon_Pickup_Hilde_Christmas_List_17","JPL17_Summon_Pickup_Hilde_Christmas_List","Char_067_S01_B"
"JPL17_Summon_Pickup_Hilde_Christmas_List_18","JPL17_Summon_Pickup_Hilde_Christmas_List","Char_101_S01_B"
"JPL17_Summon_Pickup_Hilde_Christmas_List_19","JPL17_Summon_Pickup_Hilde_Christmas_List","Char_083_S01_B"
"JPL17_Summon_Pickup_Hilde_Christmas_List_20","JPL17_Summon_Pickup_Hilde_Christmas_List","Char_090_S01_L"
"JPL17_Summon_Pickup_Hilde_Christmas_List_21","JPL17_Summon_Pickup_Hilde_Christmas_List","Char_084_S01_G"
"JPL17_Summon_Pickup_Hilde_Christmas_List_22","JPL17_Summon_Pickup_Hilde_Christmas_List","Char_105_S01_B"
"JPL17_Summon_Pickup_Hilde_Christmas_List_23","JPL17_Summon_Pickup_Hilde_Christmas_List","Char_106_S01_R"
"JPL17_Summon_Pickup_Hilde_Christmas_List_24","JPL17_Summon_Pickup_Hilde_Christmas_List","Char_104_S01_G"
"JPL17_Summon_Pickup_Hilde_Christmas_List_25","JPL17_Summon_Pickup_Hilde_Christmas_List","Char_066_S01_B"
"JPL17_Summon_Pickup_Hilde_Christmas_List_26","JPL17_Summon_Pickup_Hilde_Christmas_List","Char_114_S01_B"
"JPL17_Summon_Pickup_Hilde_Christmas_List_27","JPL17_Summon_Pickup_Hilde_Christmas_List","Char_089_S01_D"
"JPL17_Summon_Pickup_Hilde_Christmas_List_28","JPL17_Summon_Pickup_Hilde_Christmas_List","Char_009_S01_G"
"JPL17_Summon_Pickup_Hilde_Christmas_List_29","JPL17_Summon_Pickup_Hilde_Christmas_List","Char_037_S01_L"
"JPL17_Summon_Pickup_Hilde_Christmas_List_30","JPL17_Summon_Pickup_Hilde_Christmas_List","Char_015_S01_B"
"JPL17_Summon_Pickup_Hilde_Christmas_List_31","JPL17_Summon_Pickup_Hilde_Christmas_List","Char_088_S01_R"
"JPL17_Summon_Pickup_Hilde_Christmas_List_32","JPL17_Summon_Pickup_Hilde_Christmas_List","Char_111_S01_B"
"JPL17_Summon_Pickup_Hilde_Christmas_List_33","JPL17_Summon_Pickup_Hilde_Christmas_List","Char_034_S01_B"
"JPL17_Summon_Pickup_Hilde_Christmas_List_34","JPL17_Summon_Pickup_Hilde_Christmas_List","Char_005_S01_D"
"JPL17_Summon_Pickup_Hilde_Christmas_List_35","JPL17_Summon_Pickup_Hilde_Christmas_List","Char_077_S01_G"
"JPL17_Summon_Pickup_Hilde_Christmas_List_36","JPL17_Summon_Pickup_Hilde_Christmas_List","Char_008_S01_B"
"JPL17_Summon_Pickup_Hilde_Christmas_List_37","JPL17_Summon_Pickup_Hilde_Christmas_List","Char_080_S01_G"
"JPL17_Summon_Pickup_Hilde_Christmas_List_38","JPL17_Summon_Pickup_Hilde_Christmas_List","Char_041_S01_R"
"JPL17_Summon_Pickup_Hilde_Christmas_List_39","JPL17_Summon_Pickup_Hilde_Christmas_List","Char_100_S01_G"
"JPL17_Summon_Pickup_Hilde_Christmas_List_40","JPL17_Summon_Pickup_Hilde_Christmas_List","Char_040_S01_R"
"JPL17_Summon_Pickup_Hilde_Christmas_List_41","JPL17_Summon_Pickup_Hilde_Christmas_List","Char_001_S01_B"
"JPL17_Summon_Pickup_Hilde_Christmas_List_42","JPL17_Summon_Pickup_Hilde_Christmas_List","Char_002_S01_R"
"JPL17_Summon_Pickup_Hilde_Christmas_List_43","JPL17_Summon_Pickup_Hilde_Christmas_List","Char_078_S01_R"
"JPL17_Summon_Pickup_Hilde_Christmas_List_44","JPL17_Summon_Pickup_Hilde_Christmas_List","Char_051_S01_B"
"JPL17_Summon_Pickup_Hilde_Christmas_List_45","JPL17_Summon_Pickup_Hilde_Christmas_List","Char_073_S01_G"
"JPL17_Summon_Pickup_Hilde_Christmas_List_46","JPL17_Summon_Pickup_Hilde_Christmas_List","Char_098_S01_R"
"JPL17_Summon_Pickup_Hilde_Christmas_List_47","JPL17_Summon_Pickup_Hilde_Christmas_List","Char_016_S01_B"
"JPL17_Summon_Pickup_Hilde_Christmas_List_48","JPL17_Summon_Pickup_Hilde_Christmas_List","Char_006_S01_G"
"JPL17_Summon_Pickup_Hilde_Christmas_List_49","JPL17_Summon_Pickup_Hilde_Christmas_List","Char_003_S01_B"
"JPL17_Summon_Pickup_Hilde_Christmas_List_50","JPL17_Summon_Pickup_Hilde_Christmas_List","Char_103_S01_G"
"JPL17_Summon_Pickup_Hilde_Christmas_List_51","JPL17_Summon_Pickup_Hilde_Christmas_List","Char_062_S01_G"
"JPL17_Summon_Pickup_Hilde_Christmas_List_52","JPL17_Summon_Pickup_Hilde_Christmas_List","Char_099_S01_G"
"JPL17_Summon_Pickup_Hilde_Christmas_List_53","JPL17_Summon_Pickup_Hilde_Christmas_List","Char_087_S01_B"
"JPL17_Summon_Pickup_Hilde_Christmas_List_54","JPL17_Summon_Pickup_Hilde_Christmas_List","Char_115_S01_B"
"JPL17_Summon_Pickup_Sharon_Christmas_List_01","JPL17_Summon_Pickup_Sharon_Christmas_List","Char_064_S02_G"
"JPL17_Summon_Pickup_Sharon_Christmas_List_02","JPL17_Summon_Pickup_Sharon_Christmas_List","Char_116_S01_R"
"JPL17_Summon_Pickup_Sharon_Christmas_List_03","JPL17_Summon_Pickup_Sharon_Christmas_List","Char_072_S01_R"
"JPL17_Summon_Pickup_Sharon_Christmas_List_04","JPL17_Summon_Pickup_Sharon_Christmas_List","Char_039_S01_G"
"JPL17_Summon_Pickup_Sharon_Christmas_List_05","JPL17_Summon_Pickup_Sharon_Christmas_List","Char_113_S01_B"
"JPL17_Summon_Pickup_Sharon_Christmas_List_06","JPL17_Summon_Pickup_Sharon_Christmas_List","Char_097_S01_D"
"JPL17_Summon_Pickup_Sharon_Christmas_List_07","JPL17_Summon_Pickup_Sharon_Christmas_List","Char_007_S01_D"
"JPL17_Summon_Pickup_Sharon_Christmas_List_08","JPL17_Summon_Pickup_Sharon_Christmas_List","Char_044_S01_D"
"JPL17_Summon_Pickup_Sharon_Christmas_List_09","JPL17_Summon_Pickup_Sharon_Christmas_List","Char_038_S01_L"
"JPL17_Summon_Pickup_Sharon_Christmas_List_10","JPL17_Summon_Pickup_Sharon_Christmas_List","Char_112_S01_B"
"JPL17_Summon_Pickup_Sharon_Christmas_List_11","JPL17_Summon_Pickup_Sharon_Christmas_List","Char_011_S01_R"
"JPL17_Summon_Pickup_Sharon_Christmas_List_12","JPL17_Summon_Pickup_Sharon_Christmas_List","Char_010_S01_B"
"JPL17_Summon_Pickup_Sharon_Christmas_List_14","JPL17_Summon_Pickup_Sharon_Christmas_List","Char_014_S01_D"
"JPL17_Summon_Pickup_Sharon_Christmas_List_15","JPL17_Summon_Pickup_Sharon_Christmas_List","Char_091_S01_G"
"JPL17_Summon_Pickup_Sharon_Christmas_List_16","JPL17_Summon_Pickup_Sharon_Christmas_List","Char_085_S01_B"
"JPL17_Summon_Pickup_Sharon_Christmas_List_17","JPL17_Summon_Pickup_Sharon_Christmas_List","Char_067_S01_B"
"JPL17_Summon_Pickup_Sharon_Christmas_List_18","JPL17_Summon_Pickup_Sharon_Christmas_List","Char_101_S01_B"
"JPL17_Summon_Pickup_Sharon_Christmas_List_19","JPL17_Summon_Pickup_Sharon_Christmas_List","Char_083_S01_B"
"JPL17_Summon_Pickup_Sharon_Christmas_List_20","JPL17_Summon_Pickup_Sharon_Christmas_List","Char_090_S01_L"
"JPL17_Summon_Pickup_Sharon_Christmas_List_21","JPL17_Summon_Pickup_Sharon_Christmas_List","Char_084_S01_G"
"JPL17_Summon_Pickup_Sharon_Christmas_List_22","JPL17_Summon_Pickup_Sharon_Christmas_List","Char_105_S01_B"
"JPL17_Summon_Pickup_Sharon_Christmas_List_23","JPL17_Summon_Pickup_Sharon_Christmas_List","Char_106_S01_R"
"JPL17_Summon_Pickup_Sharon_Christmas_List_24","JPL17_Summon_Pickup_Sharon_Christmas_List","Char_104_S01_G"
"JPL17_Summon_Pickup_Sharon_Christmas_List_25","JPL17_Summon_Pickup_Sharon_Christmas_List","Char_066_S01_B"
"JPL17_Summon_Pickup_Sharon_Christmas_List_26","JPL17_Summon_Pickup_Sharon_Christmas_List","Char_114_S01_B"
"JPL17_Summon_Pickup_Sharon_Christmas_List_27","JPL17_Summon_Pickup_Sharon_Christmas_List","Char_089_S01_D"
"JPL17_Summon_Pickup_Sharon_Christmas_List_28","JPL17_Summon_Pickup_Sharon_Christmas_List","Char_009_S01_G"
"JPL17_Summon_Pickup_Sharon_Christmas_List_29","JPL17_Summon_Pickup_Sharon_Christmas_List","Char_037_S01_L"
"JPL17_Summon_Pickup_Sharon_Christmas_List_30","JPL17_Summon_Pickup_Sharon_Christmas_List","Char_015_S01_B"
"JPL17_Summon_Pickup_Sharon_Christmas_List_31","JPL17_Summon_Pickup_Sharon_Christmas_List","Char_088_S01_R"
"JPL17_Summon_Pickup_Sharon_Christmas_List_32","JPL17_Summon_Pickup_Sharon_Christmas_List","Char_111_S01_B"
"JPL17_Summon_Pickup_Sharon_Christmas_List_33","JPL17_Summon_Pickup_Sharon_Christmas_List","Char_034_S01_B"
"JPL17_Summon_Pickup_Sharon_Christmas_List_34","JPL17_Summon_Pickup_Sharon_Christmas_List","Char_005_S01_D"
"JPL17_Summon_Pickup_Sharon_Christmas_List_35","JPL17_Summon_Pickup_Sharon_Christmas_List","Char_077_S01_G"
"JPL17_Summon_Pickup_Sharon_Christmas_List_36","JPL17_Summon_Pickup_Sharon_Christmas_List","Char_008_S01_B"
"JPL17_Summon_Pickup_Sharon_Christmas_List_37","JPL17_Summon_Pickup_Sharon_Christmas_List","Char_080_S01_G"
"JPL17_Summon_Pickup_Sharon_Christmas_List_38","JPL17_Summon_Pickup_Sharon_Christmas_List","Char_041_S01_R"
"JPL17_Summon_Pickup_Sharon_Christmas_List_39","JPL17_Summon_Pickup_Sharon_Christmas_List","Char_100_S01_G"
"JPL17_Summon_Pickup_Sharon_Christmas_List_40","JPL17_Summon_Pickup_Sharon_Christmas_List","Char_040_S01_R"
"JPL17_Summon_Pickup_Sharon_Christmas_List_41","JPL17_Summon_Pickup_Sharon_Christmas_List","Char_001_S01_B"
"JPL17_Summon_Pickup_Sharon_Christmas_List_42","JPL17_Summon_Pickup_Sharon_Christmas_List","Char_002_S01_R"
"JPL17_Summon_Pickup_Sharon_Christmas_List_43","JPL17_Summon_Pickup_Sharon_Christmas_List","Char_078_S01_R"
"JPL17_Summon_Pickup_Sharon_Christmas_List_44","JPL17_Summon_Pickup_Sharon_Christmas_List","Char_051_S01_B"
"JPL17_Summon_Pickup_Sharon_Christmas_List_45","JPL17_Summon_Pickup_Sharon_Christmas_List","Char_073_S01_G"
"JPL17_Summon_Pickup_Sharon_Christmas_List_46","JPL17_Summon_Pickup_Sharon_Christmas_List","Char_098_S01_R"
"JPL17_Summon_Pickup_Sharon_Christmas_List_47","JPL17_Summon_Pickup_Sharon_Christmas_List","Char_016_S01_B"
"JPL17_Summon_Pickup_Sharon_Christmas_List_48","JPL17_Summon_Pickup_Sharon_Christmas_List","Char_006_S01_G"
"JPL17_Summon_Pickup_Sharon_Christmas_List_49","JPL17_Summon_Pickup_Sharon_Christmas_List","Char_003_S01_B"
"JPL17_Summon_Pickup_Sharon_Christmas_List_50","JPL17_Summon_Pickup_Sharon_Christmas_List","Char_103_S01_G"
"JPL17_Summon_Pickup_Sharon_Christmas_List_51","JPL17_Summon_Pickup_Sharon_Christmas_List","Char_062_S01_G"
"JPL17_Summon_Pickup_Sharon_Christmas_List_52","JPL17_Summon_Pickup_Sharon_Christmas_List","Char_099_S01_G"
"JPL17_Summon_Pickup_Sharon_Christmas_List_53","JPL17_Summon_Pickup_Sharon_Christmas_List","Char_087_S01_B"
"JPL17_Summon_Pickup_Sharon_Christmas_List_54","JPL17_Summon_Pickup_Sharon_Christmas_List","Char_115_S01_B"
"01_Summon_Pickup_Bell_List_01","01_Summon_Pickup_Bell_List","Char_116_S01_R"
"01_Summon_Pickup_Bell_List_02","01_Summon_Pickup_Bell_List","Char_039_S01_G"
"01_Summon_Pickup_Bell_List_03","01_Summon_Pickup_Bell_List","Char_113_S01_B"
"01_Summon_Pickup_Bell_List_04","01_Summon_Pickup_Bell_List","Char_097_S01_D"
"01_Summon_Pickup_Bell_List_05","01_Summon_Pickup_Bell_List","Char_007_S01_D"
"01_Summon_Pickup_Bell_List_06","01_Summon_Pickup_Bell_List","Char_044_S01_D"
"01_Summon_Pickup_Bell_List_07","01_Summon_Pickup_Bell_List","Char_038_S01_L"
"01_Summon_Pickup_Bell_List_08","01_Summon_Pickup_Bell_List","Char_112_S01_B"
"01_Summon_Pickup_Bell_List_09","01_Summon_Pickup_Bell_List","Char_011_S01_R"
"01_Summon_Pickup_Bell_List_10","01_Summon_Pickup_Bell_List","Char_010_S01_B"
"01_Summon_Pickup_Bell_List_11","01_Summon_Pickup_Bell_List","Char_014_S01_D"
"01_Summon_Pickup_Bell_List_12","01_Summon_Pickup_Bell_List","Char_091_S01_G"
"01_Summon_Pickup_Bell_List_13","01_Summon_Pickup_Bell_List","Char_072_S01_R"
"01_Summon_Pickup_Bell_List_14","01_Summon_Pickup_Bell_List","Char_085_S01_B"
"01_Summon_Pickup_Bell_List_15","01_Summon_Pickup_Bell_List","Char_067_S01_B"
"01_Summon_Pickup_Bell_List_16","01_Summon_Pickup_Bell_List","Char_101_S01_B"
"01_Summon_Pickup_Bell_List_17","01_Summon_Pickup_Bell_List","Char_083_S01_B"
"01_Summon_Pickup_Bell_List_18","01_Summon_Pickup_Bell_List","Char_090_S01_L"
"01_Summon_Pickup_Bell_List_19","01_Summon_Pickup_Bell_List","Char_084_S01_G"
"01_Summon_Pickup_Bell_List_20","01_Summon_Pickup_Bell_List","Char_105_S01_B"
"01_Summon_Pickup_Bell_List_21","01_Summon_Pickup_Bell_List","Char_106_S01_R"
"01_Summon_Pickup_Bell_List_22","01_Summon_Pickup_Bell_List","Char_104_S01_G"
"01_Summon_Pickup_Bell_List_23","01_Summon_Pickup_Bell_List","Char_066_S01_B"
"01_Summon_Pickup_Bell_List_24","01_Summon_Pickup_Bell_List","Char_114_S01_B"
"01_Summon_Pickup_Bell_List_25","01_Summon_Pickup_Bell_List","Char_089_S01_D"
"01_Summon_Pickup_Bell_List_26","01_Summon_Pickup_Bell_List","Char_009_S01_G"
"01_Summon_Pickup_Bell_List_27","01_Summon_Pickup_Bell_List","Char_037_S01_L"
"01_Summon_Pickup_Bell_List_28","01_Summon_Pickup_Bell_List","Char_015_S01_B"
"01_Summon_Pickup_Bell_List_29","01_Summon_Pickup_Bell_List","Char_088_S01_R"
"01_Summon_Pickup_Bell_List_30","01_Summon_Pickup_Bell_List","Char_111_S01_B"
"01_Summon_Pickup_Bell_List_31","01_Summon_Pickup_Bell_List","Char_034_S01_B"
"01_Summon_Pickup_Bell_List_32","01_Summon_Pickup_Bell_List","Char_005_S01_D"
"01_Summon_Pickup_Bell_List_33","01_Summon_Pickup_Bell_List","Char_077_S01_G"
"01_Summon_Pickup_Bell_List_34","01_Summon_Pickup_Bell_List","Char_008_S01_B"
"01_Summon_Pickup_Bell_List_35","01_Summon_Pickup_Bell_List","Char_080_S01_G"
"01_Summon_Pickup_Bell_List_36","01_Summon_Pickup_Bell_List","Char_041_S01_R"
"01_Summon_Pickup_Bell_List_37","01_Summon_Pickup_Bell_List","Char_100_S01_G"
"01_Summon_Pickup_Bell_List_38","01_Summon_Pickup_Bell_List","Char_040_S01_R"
"01_Summon_Pickup_Bell_List_39","01_Summon_Pickup_Bell_List","Char_001_S01_B"
"01_Summon_Pickup_Bell_List_40","01_Summon_Pickup_Bell_List","Char_002_S01_R"
"01_Summon_Pickup_Bell_List_41","01_Summon_Pickup_Bell_List","Char_078_S01_R"
"01_Summon_Pickup_Bell_List_42","01_Summon_Pickup_Bell_List","Char_051_S01_B"
"01_Summon_Pickup_Bell_List_43","01_Summon_Pickup_Bell_List","Char_073_S01_G"
"01_Summon_Pickup_Bell_List_44","01_Summon_Pickup_Bell_List","Char_098_S01_R"
"01_Summon_Pickup_Bell_List_45","01_Summon_Pickup_Bell_List","Char_016_S01_B"
"01_Summon_Pickup_Bell_List_46","01_Summon_Pickup_Bell_List","Char_006_S01_G"
"01_Summon_Pickup_Bell_List_47","01_Summon_Pickup_Bell_List","Char_003_S01_B"
"01_Summon_Pickup_Bell_List_48","01_Summon_Pickup_Bell_List","Char_103_S01_G"
"01_Summon_Pickup_Bell_List_49","01_Summon_Pickup_Bell_List","Char_062_S01_G"
"01_Summon_Pickup_Bell_List_50","01_Summon_Pickup_Bell_List","Char_099_S01_G"
"01_Summon_Pickup_Bell_List_51","01_Summon_Pickup_Bell_List","Char_087_S01_B"
"01_Summon_Pickup_Bell_List_52","01_Summon_Pickup_Bell_List","Char_115_S01_B"
"02_Summon_Pickup_Laura_List_01","02_Summon_Pickup_Laura_List","Char_116_S01_R"
"02_Summon_Pickup_Laura_List_02","02_Summon_Pickup_Laura_List","Char_039_S01_G"
"02_Summon_Pickup_Laura_List_03","02_Summon_Pickup_Laura_List","Char_113_S01_B"
"02_Summon_Pickup_Laura_List_04","02_Summon_Pickup_Laura_List","Char_097_S01_D"
"02_Summon_Pickup_Laura_List_05","02_Summon_Pickup_Laura_List","Char_007_S01_D"
"02_Summon_Pickup_Laura_List_06","02_Summon_Pickup_Laura_List","Char_044_S01_D"
"02_Summon_Pickup_Laura_List_07","02_Summon_Pickup_Laura_List","Char_038_S01_L"
"02_Summon_Pickup_Laura_List_08","02_Summon_Pickup_Laura_List","Char_112_S01_B"
"02_Summon_Pickup_Laura_List_09","02_Summon_Pickup_Laura_List","Char_011_S01_R"
"02_Summon_Pickup_Laura_List_10","02_Summon_Pickup_Laura_List","Char_010_S01_B"
"02_Summon_Pickup_Laura_List_11","02_Summon_Pickup_Laura_List","Char_014_S01_D"
"02_Summon_Pickup_Laura_List_12","02_Summon_Pickup_Laura_List","Char_091_S01_G"
"02_Summon_Pickup_Laura_List_13","02_Summon_Pickup_Laura_List","Char_072_S01_R"
"02_Summon_Pickup_Laura_List_14","02_Summon_Pickup_Laura_List","Char_085_S01_B"
"02_Summon_Pickup_Laura_List_15","02_Summon_Pickup_Laura_List","Char_067_S01_B"
"02_Summon_Pickup_Laura_List_16","02_Summon_Pickup_Laura_List","Char_101_S01_B"
"02_Summon_Pickup_Laura_List_17","02_Summon_Pickup_Laura_List","Char_083_S01_B"
"02_Summon_Pickup_Laura_List_18","02_Summon_Pickup_Laura_List","Char_090_S01_L"
"02_Summon_Pickup_Laura_List_19","02_Summon_Pickup_Laura_List","Char_084_S01_G"
"02_Summon_Pickup_Laura_List_20","02_Summon_Pickup_Laura_List","Char_105_S01_B"
"02_Summon_Pickup_Laura_List_21","02_Summon_Pickup_Laura_List","Char_106_S01_R"
"02_Summon_Pickup_Laura_List_22","02_Summon_Pickup_Laura_List","Char_104_S01_G"
"02_Summon_Pickup_Laura_List_23","02_Summon_Pickup_Laura_List","Char_066_S01_B"
"02_Summon_Pickup_Laura_List_24","02_Summon_Pickup_Laura_List","Char_114_S01_B"
"02_Summon_Pickup_Laura_List_25","02_Summon_Pickup_Laura_List","Char_089_S01_D"
"02_Summon_Pickup_Laura_List_26","02_Summon_Pickup_Laura_List","Char_009_S01_G"
"02_Summon_Pickup_Laura_List_27","02_Summon_Pickup_Laura_List","Char_037_S01_L"
"02_Summon_Pickup_Laura_List_28","02_Summon_Pickup_Laura_List","Char_015_S01_B"
"02_Summon_Pickup_Laura_List_29","02_Summon_Pickup_Laura_List","Char_088_S01_R"
"02_Summon_Pickup_Laura_List_30","02_Summon_Pickup_Laura_List","Char_111_S01_B"
"02_Summon_Pickup_Laura_List_31","02_Summon_Pickup_Laura_List","Char_034_S01_B"
"02_Summon_Pickup_Laura_List_32","02_Summon_Pickup_Laura_List","Char_005_S01_D"
"02_Summon_Pickup_Laura_List_33","02_Summon_Pickup_Laura_List","Char_077_S01_G"
"02_Summon_Pickup_Laura_List_34","02_Summon_Pickup_Laura_List","Char_008_S01_B"
"02_Summon_Pickup_Laura_List_35","02_Summon_Pickup_Laura_List","Char_080_S01_G"
"02_Summon_Pickup_Laura_List_36","02_Summon_Pickup_Laura_List","Char_041_S01_R"
"02_Summon_Pickup_Laura_List_37","02_Summon_Pickup_Laura_List","Char_100_S01_G"
"02_Summon_Pickup_Laura_List_38","02_Summon_Pickup_Laura_List","Char_040_S01_R"
"02_Summon_Pickup_Laura_List_39","02_Summon_Pickup_Laura_List","Char_001_S01_B"
"02_Summon_Pickup_Laura_List_40","02_Summon_Pickup_Laura_List","Char_002_S01_R"
"02_Summon_Pickup_Laura_List_41","02_Summon_Pickup_Laura_List","Char_078_S01_R"
"02_Summon_Pickup_Laura_List_42","02_Summon_Pickup_Laura_List","Char_051_S01_B"
"02_Summon_Pickup_Laura_List_43","02_Summon_Pickup_Laura_List","Char_073_S01_G"
"02_Summon_Pickup_Laura_List_44","02_Summon_Pickup_Laura_List","Char_098_S01_R"
"02_Summon_Pickup_Laura_List_45","02_Summon_Pickup_Laura_List","Char_016_S01_B"
"02_Summon_Pickup_Laura_List_46","02_Summon_Pickup_Laura_List","Char_006_S01_G"
"02_Summon_Pickup_Laura_List_47","02_Summon_Pickup_Laura_List","Char_003_S01_B"
"02_Summon_Pickup_Laura_List_48","02_Summon_Pickup_Laura_List","Char_103_S01_G"
"02_Summon_Pickup_Laura_List_49","02_Summon_Pickup_Laura_List","Char_062_S01_G"
"02_Summon_Pickup_Laura_List_50","02_Summon_Pickup_Laura_List","Char_099_S01_G"
"02_Summon_Pickup_Laura_List_51","02_Summon_Pickup_Laura_List","Char_087_S01_B"
"02_Summon_Pickup_Laura_List_52","02_Summon_Pickup_Laura_List","Char_115_S01_B"
"03_Summon_Pickup_Capeline_List_01","03_Summon_Pickup_Capeline_List","Char_116_S01_R"
"03_Summon_Pickup_Capeline_List_02","03_Summon_Pickup_Capeline_List","Char_039_S01_G"
"03_Summon_Pickup_Capeline_List_03","03_Summon_Pickup_Capeline_List","Char_113_S01_B"
"03_Summon_Pickup_Capeline_List_04","03_Summon_Pickup_Capeline_List","Char_097_S01_D"
"03_Summon_Pickup_Capeline_List_05","03_Summon_Pickup_Capeline_List","Char_007_S01_D"
"03_Summon_Pickup_Capeline_List_06","03_Summon_Pickup_Capeline_List","Char_044_S01_D"
"03_Summon_Pickup_Capeline_List_07","03_Summon_Pickup_Capeline_List","Char_038_S01_L"
"03_Summon_Pickup_Capeline_List_08","03_Summon_Pickup_Capeline_List","Char_112_S01_B"
"03_Summon_Pickup_Capeline_List_09","03_Summon_Pickup_Capeline_List","Char_011_S01_R"
"03_Summon_Pickup_Capeline_List_10","03_Summon_Pickup_Capeline_List","Char_010_S01_B"
"03_Summon_Pickup_Capeline_List_11","03_Summon_Pickup_Capeline_List","Char_014_S01_D"
"03_Summon_Pickup_Capeline_List_12","03_Summon_Pickup_Capeline_List","Char_091_S01_G"
"03_Summon_Pickup_Capeline_List_13","03_Summon_Pickup_Capeline_List","Char_072_S01_R"
"03_Summon_Pickup_Capeline_List_14","03_Summon_Pickup_Capeline_List","Char_085_S01_B"
"03_Summon_Pickup_Capeline_List_15","03_Summon_Pickup_Capeline_List","Char_067_S01_B"
"03_Summon_Pickup_Capeline_List_16","03_Summon_Pickup_Capeline_List","Char_101_S01_B"
"03_Summon_Pickup_Capeline_List_17","03_Summon_Pickup_Capeline_List","Char_083_S01_B"
"03_Summon_Pickup_Capeline_List_18","03_Summon_Pickup_Capeline_List","Char_090_S01_L"
"03_Summon_Pickup_Capeline_List_19","03_Summon_Pickup_Capeline_List","Char_084_S01_G"
"03_Summon_Pickup_Capeline_List_20","03_Summon_Pickup_Capeline_List","Char_105_S01_B"
"03_Summon_Pickup_Capeline_List_21","03_Summon_Pickup_Capeline_List","Char_106_S01_R"
"03_Summon_Pickup_Capeline_List_22","03_Summon_Pickup_Capeline_List","Char_104_S01_G"
"03_Summon_Pickup_Capeline_List_23","03_Summon_Pickup_Capeline_List","Char_066_S01_B"
"03_Summon_Pickup_Capeline_List_24","03_Summon_Pickup_Capeline_List","Char_114_S01_B"
"03_Summon_Pickup_Capeline_List_25","03_Summon_Pickup_Capeline_List","Char_089_S01_D"
"03_Summon_Pickup_Capeline_List_26","03_Summon_Pickup_Capeline_List","Char_009_S01_G"
"03_Summon_Pickup_Capeline_List_27","03_Summon_Pickup_Capeline_List","Char_037_S01_L"
"03_Summon_Pickup_Capeline_List_28","03_Summon_Pickup_Capeline_List","Char_015_S01_B"
"03_Summon_Pickup_Capeline_List_29","03_Summon_Pickup_Capeline_List","Char_088_S01_R"
"03_Summon_Pickup_Capeline_List_30","03_Summon_Pickup_Capeline_List","Char_111_S01_B"
"03_Summon_Pickup_Capeline_List_31","03_Summon_Pickup_Capeline_List","Char_034_S01_B"
"03_Summon_Pickup_Capeline_List_32","03_Summon_Pickup_Capeline_List","Char_005_S01_D"
"03_Summon_Pickup_Capeline_List_33","03_Summon_Pickup_Capeline_List","Char_077_S01_G"
"03_Summon_Pickup_Capeline_List_34","03_Summon_Pickup_Capeline_List","Char_008_S01_B"
"03_Summon_Pickup_Capeline_List_35","03_Summon_Pickup_Capeline_List","Char_080_S01_G"
"03_Summon_Pickup_Capeline_List_36","03_Summon_Pickup_Capeline_List","Char_041_S01_R"
"03_Summon_Pickup_Capeline_List_37","03_Summon_Pickup_Capeline_List","Char_100_S01_G"
"03_Summon_Pickup_Capeline_List_38","03_Summon_Pickup_Capeline_List","Char_040_S01_R"
"03_Summon_Pickup_Capeline_List_39","03_Summon_Pickup_Capeline_List","Char_001_S01_B"
"03_Summon_Pickup_Capeline_List_40","03_Summon_Pickup_Capeline_List","Char_002_S01_R"
"03_Summon_Pickup_Capeline_List_41","03_Summon_Pickup_Capeline_List","Char_078_S01_R"
"03_Summon_Pickup_Capeline_List_42","03_Summon_Pickup_Capeline_List","Char_051_S01_B"
"03_Summon_Pickup_Capeline_List_43","03_Summon_Pickup_Capeline_List","Char_073_S01_G"
"03_Summon_Pickup_Capeline_List_44","03_Summon_Pickup_Capeline_List","Char_098_S01_R"
"03_Summon_Pickup_Capeline_List_45","03_Summon_Pickup_Capeline_List","Char_016_S01_B"
"03_Summon_Pickup_Capeline_List_46","03_Summon_Pickup_Capeline_List","Char_006_S01_G"
"03_Summon_Pickup_Capeline_List_47","03_Summon_Pickup_Capeline_List","Char_003_S01_B"
"03_Summon_Pickup_Capeline_List_48","03_Summon_Pickup_Capeline_List","Char_103_S01_G"
"03_Summon_Pickup_Capeline_List_49","03_Summon_Pickup_Capeline_List","Char_062_S01_G"
"03_Summon_Pickup_Capeline_List_50","03_Summon_Pickup_Capeline_List","Char_099_S01_G"
"03_Summon_Pickup_Capeline_List_51","03_Summon_Pickup_Capeline_List","Char_087_S01_B"
"03_Summon_Pickup_Capeline_List_52","03_Summon_Pickup_Capeline_List","Char_115_S01_B"
"04_Summon_Pickup_Ingrid_List_01","04_Summon_Pickup_Ingrid_List","Char_116_S01_R"
"04_Summon_Pickup_Ingrid_List_02","04_Summon_Pickup_Ingrid_List","Char_039_S01_G"
"04_Summon_Pickup_Ingrid_List_03","04_Summon_Pickup_Ingrid_List","Char_113_S01_B"
"04_Summon_Pickup_Ingrid_List_04","04_Summon_Pickup_Ingrid_List","Char_097_S01_D"
"04_Summon_Pickup_Ingrid_List_05","04_Summon_Pickup_Ingrid_List","Char_007_S01_D"
"04_Summon_Pickup_Ingrid_List_06","04_Summon_Pickup_Ingrid_List","Char_044_S01_D"
"04_Summon_Pickup_Ingrid_List_07","04_Summon_Pickup_Ingrid_List","Char_038_S01_L"
"04_Summon_Pickup_Ingrid_List_08","04_Summon_Pickup_Ingrid_List","Char_112_S01_B"
"04_Summon_Pickup_Ingrid_List_09","04_Summon_Pickup_Ingrid_List","Char_011_S01_R"
"04_Summon_Pickup_Ingrid_List_10","04_Summon_Pickup_Ingrid_List","Char_010_S01_B"
"04_Summon_Pickup_Ingrid_List_11","04_Summon_Pickup_Ingrid_List","Char_014_S01_D"
"04_Summon_Pickup_Ingrid_List_12","04_Summon_Pickup_Ingrid_List","Char_091_S01_G"
"04_Summon_Pickup_Ingrid_List_13","04_Summon_Pickup_Ingrid_List","Char_072_S01_R"
"04_Summon_Pickup_Ingrid_List_14","04_Summon_Pickup_Ingrid_List","Char_085_S01_B"
"04_Summon_Pickup_Ingrid_List_15","04_Summon_Pickup_Ingrid_List","Char_067_S01_B"
"04_Summon_Pickup_Ingrid_List_16","04_Summon_Pickup_Ingrid_List","Char_101_S01_B"
"04_Summon_Pickup_Ingrid_List_17","04_Summon_Pickup_Ingrid_List","Char_083_S01_B"
"04_Summon_Pickup_Ingrid_List_18","04_Summon_Pickup_Ingrid_List","Char_090_S01_L"
"04_Summon_Pickup_Ingrid_List_19","04_Summon_Pickup_Ingrid_List","Char_084_S01_G"
"04_Summon_Pickup_Ingrid_List_20","04_Summon_Pickup_Ingrid_List","Char_105_S01_B"
"04_Summon_Pickup_Ingrid_List_21","04_Summon_Pickup_Ingrid_List","Char_106_S01_R"
"04_Summon_Pickup_Ingrid_List_22","04_Summon_Pickup_Ingrid_List","Char_104_S01_G"
"04_Summon_Pickup_Ingrid_List_23","04_Summon_Pickup_Ingrid_List","Char_066_S01_B"
"04_Summon_Pickup_Ingrid_List_24","04_Summon_Pickup_Ingrid_List","Char_114_S01_B"
"04_Summon_Pickup_Ingrid_List_25","04_Summon_Pickup_Ingrid_List","Char_089_S01_D"
"04_Summon_Pickup_Ingrid_List_26","04_Summon_Pickup_Ingrid_List","Char_009_S01_G"
"04_Summon_Pickup_Ingrid_List_27","04_Summon_Pickup_Ingrid_List","Char_037_S01_L"
"04_Summon_Pickup_Ingrid_List_28","04_Summon_Pickup_Ingrid_List","Char_015_S01_B"
"04_Summon_Pickup_Ingrid_List_29","04_Summon_Pickup_Ingrid_List","Char_088_S01_R"
"04_Summon_Pickup_Ingrid_List_30","04_Summon_Pickup_Ingrid_List","Char_111_S01_B"
"04_Summon_Pickup_Ingrid_List_31","04_Summon_Pickup_Ingrid_List","Char_034_S01_B"
"04_Summon_Pickup_Ingrid_List_32","04_Summon_Pickup_Ingrid_List","Char_005_S01_D"
"04_Summon_Pickup_Ingrid_List_33","04_Summon_Pickup_Ingrid_List","Char_077_S01_G"
"04_Summon_Pickup_Ingrid_List_34","04_Summon_Pickup_Ingrid_List","Char_008_S01_B"
"04_Summon_Pickup_Ingrid_List_35","04_Summon_Pickup_Ingrid_List","Char_080_S01_G"
"04_Summon_Pickup_Ingrid_List_36","04_Summon_Pickup_Ingrid_List","Char_041_S01_R"
"04_Summon_Pickup_Ingrid_List_37","04_Summon_Pickup_Ingrid_List","Char_100_S01_G"
"04_Summon_Pickup_Ingrid_List_38","04_Summon_Pickup_Ingrid_List","Char_040_S01_R"
"04_Summon_Pickup_Ingrid_List_39","04_Summon_Pickup_Ingrid_List","Char_001_S01_B"
"04_Summon_Pickup_Ingrid_List_40","04_Summon_Pickup_Ingrid_List","Char_002_S01_R"
"04_Summon_Pickup_Ingrid_List_41","04_Summon_Pickup_Ingrid_List","Char_078_S01_R"
"04_Summon_Pickup_Ingrid_List_42","04_Summon_Pickup_Ingrid_List","Char_051_S01_B"
"04_Summon_Pickup_Ingrid_List_43","04_Summon_Pickup_Ingrid_List","Char_073_S01_G"
"04_Summon_Pickup_Ingrid_List_44","04_Summon_Pickup_Ingrid_List","Char_098_S01_R"
"04_Summon_Pickup_Ingrid_List_45","04_Summon_Pickup_Ingrid_List","Char_016_S01_B"
"04_Summon_Pickup_Ingrid_List_46","04_Summon_Pickup_Ingrid_List","Char_006_S01_G"
"04_Summon_Pickup_Ingrid_List_47","04_Summon_Pickup_Ingrid_List","Char_003_S01_B"
"04_Summon_Pickup_Ingrid_List_48","04_Summon_Pickup_Ingrid_List","Char_103_S01_G"
"04_Summon_Pickup_Ingrid_List_49","04_Summon_Pickup_Ingrid_List","Char_062_S01_G"
"04_Summon_Pickup_Ingrid_List_50","04_Summon_Pickup_Ingrid_List","Char_099_S01_G"
"04_Summon_Pickup_Ingrid_List_51","04_Summon_Pickup_Ingrid_List","Char_087_S01_B"
"04_Summon_Pickup_Ingrid_List_52","04_Summon_Pickup_Ingrid_List","Char_115_S01_B"
"05_Summon_Pickup_Eleonora_List_01","05_Summon_Pickup_Eleonora_List","Char_116_S01_R"
"05_Summon_Pickup_Eleonora_List_02","05_Summon_Pickup_Eleonora_List","Char_039_S01_G"
"05_Summon_Pickup_Eleonora_List_03","05_Summon_Pickup_Eleonora_List","Char_113_S01_B"
"05_Summon_Pickup_Eleonora_List_04","05_Summon_Pickup_Eleonora_List","Char_097_S01_D"
"05_Summon_Pickup_Eleonora_List_05","05_Summon_Pickup_Eleonora_List","Char_007_S01_D"
"05_Summon_Pickup_Eleonora_List_06","05_Summon_Pickup_Eleonora_List","Char_044_S01_D"
"05_Summon_Pickup_Eleonora_List_07","05_Summon_Pickup_Eleonora_List","Char_038_S01_L"
"05_Summon_Pickup_Eleonora_List_08","05_Summon_Pickup_Eleonora_List","Char_112_S01_B"
"05_Summon_Pickup_Eleonora_List_09","05_Summon_Pickup_Eleonora_List","Char_011_S01_R"
"05_Summon_Pickup_Eleonora_List_10","05_Summon_Pickup_Eleonora_List","Char_010_S01_B"
"05_Summon_Pickup_Eleonora_List_11","05_Summon_Pickup_Eleonora_List","Char_014_S01_D"
"05_Summon_Pickup_Eleonora_List_12","05_Summon_Pickup_Eleonora_List","Char_091_S01_G"
"05_Summon_Pickup_Eleonora_List_13","05_Summon_Pickup_Eleonora_List","Char_072_S01_R"
"05_Summon_Pickup_Eleonora_List_14","05_Summon_Pickup_Eleonora_List","Char_085_S01_B"
"05_Summon_Pickup_Eleonora_List_15","05_Summon_Pickup_Eleonora_List","Char_067_S01_B"
"05_Summon_Pickup_Eleonora_List_16","05_Summon_Pickup_Eleonora_List","Char_101_S01_B"
"05_Summon_Pickup_Eleonora_List_17","05_Summon_Pickup_Eleonora_List","Char_083_S01_B"
"05_Summon_Pickup_Eleonora_List_18","05_Summon_Pickup_Eleonora_List","Char_090_S01_L"
"05_Summon_Pickup_Eleonora_List_19","05_Summon_Pickup_Eleonora_List","Char_084_S01_G"
"05_Summon_Pickup_Eleonora_List_20","05_Summon_Pickup_Eleonora_List","Char_105_S01_B"
"05_Summon_Pickup_Eleonora_List_21","05_Summon_Pickup_Eleonora_List","Char_106_S01_R"
"05_Summon_Pickup_Eleonora_List_22","05_Summon_Pickup_Eleonora_List","Char_104_S01_G"
"05_Summon_Pickup_Eleonora_List_23","05_Summon_Pickup_Eleonora_List","Char_066_S01_B"
"05_Summon_Pickup_Eleonora_List_24","05_Summon_Pickup_Eleonora_List","Char_114_S01_B"
"05_Summon_Pickup_Eleonora_List_25","05_Summon_Pickup_Eleonora_List","Char_089_S01_D"
"05_Summon_Pickup_Eleonora_List_26","05_Summon_Pickup_Eleonora_List","Char_009_S01_G"
"05_Summon_Pickup_Eleonora_List_27","05_Summon_Pickup_Eleonora_List","Char_037_S01_L"
"05_Summon_Pickup_Eleonora_List_28","05_Summon_Pickup_Eleonora_List","Char_015_S01_B"
"05_Summon_Pickup_Eleonora_List_29","05_Summon_Pickup_Eleonora_List","Char_088_S01_R"
"05_Summon_Pickup_Eleonora_List_30","05_Summon_Pickup_Eleonora_List","Char_111_S01_B"
"05_Summon_Pickup_Eleonora_List_31","05_Summon_Pickup_Eleonora_List","Char_034_S01_B"
"05_Summon_Pickup_Eleonora_List_32","05_Summon_Pickup_Eleonora_List","Char_005_S01_D"
"05_Summon_Pickup_Eleonora_List_33","05_Summon_Pickup_Eleonora_List","Char_077_S01_G"
"05_Summon_Pickup_Eleonora_List_34","05_Summon_Pickup_Eleonora_List","Char_008_S01_B"
"05_Summon_Pickup_Eleonora_List_35","05_Summon_Pickup_Eleonora_List","Char_080_S01_G"
"05_Summon_Pickup_Eleonora_List_36","05_Summon_Pickup_Eleonora_List","Char_041_S01_R"
"05_Summon_Pickup_Eleonora_List_37","05_Summon_Pickup_Eleonora_List","Char_100_S01_G"
"05_Summon_Pickup_Eleonora_List_38","05_Summon_Pickup_Eleonora_List","Char_040_S01_R"
"05_Summon_Pickup_Eleonora_List_39","05_Summon_Pickup_Eleonora_List","Char_001_S01_B"
"05_Summon_Pickup_Eleonora_List_40","05_Summon_Pickup_Eleonora_List","Char_002_S01_R"
"05_Summon_Pickup_Eleonora_List_41","05_Summon_Pickup_Eleonora_List","Char_078_S01_R"
"05_Summon_Pickup_Eleonora_List_42","05_Summon_Pickup_Eleonora_List","Char_051_S01_B"
"05_Summon_Pickup_Eleonora_List_43","05_Summon_Pickup_Eleonora_List","Char_073_S01_G"
"05_Summon_Pickup_Eleonora_List_44","05_Summon_Pickup_Eleonora_List","Char_098_S01_R"
"05_Summon_Pickup_Eleonora_List_45","05_Summon_Pickup_Eleonora_List","Char_016_S01_B"
"05_Summon_Pickup_Eleonora_List_46","05_Summon_Pickup_Eleonora_List","Char_006_S01_G"
"05_Summon_Pickup_Eleonora_List_47","05_Summon_Pickup_Eleonora_List","Char_003_S01_B"
"05_Summon_Pickup_Eleonora_List_48","05_Summon_Pickup_Eleonora_List","Char_103_S01_G"
"05_Summon_Pickup_Eleonora_List_49","05_Summon_Pickup_Eleonora_List","Char_062_S01_G"
"05_Summon_Pickup_Eleonora_List_50","05_Summon_Pickup_Eleonora_List","Char_099_S01_G"
"05_Summon_Pickup_Eleonora_List_51","05_Summon_Pickup_Eleonora_List","Char_087_S01_B"
"05_Summon_Pickup_Eleonora_List_52","05_Summon_Pickup_Eleonora_List","Char_115_S01_B"
"06_Summon_Pickup_Rin_List_01","06_Summon_Pickup_Rin_List","Char_116_S01_R"
"06_Summon_Pickup_Rin_List_02","06_Summon_Pickup_Rin_List","Char_039_S01_G"
"06_Summon_Pickup_Rin_List_03","06_Summon_Pickup_Rin_List","Char_113_S01_B"
"06_Summon_Pickup_Rin_List_04","06_Summon_Pickup_Rin_List","Char_097_S01_D"
"06_Summon_Pickup_Rin_List_05","06_Summon_Pickup_Rin_List","Char_007_S01_D"
"06_Summon_Pickup_Rin_List_06","06_Summon_Pickup_Rin_List","Char_044_S01_D"
"06_Summon_Pickup_Rin_List_07","06_Summon_Pickup_Rin_List","Char_038_S01_L"
"06_Summon_Pickup_Rin_List_08","06_Summon_Pickup_Rin_List","Char_112_S01_B"
"06_Summon_Pickup_Rin_List_09","06_Summon_Pickup_Rin_List","Char_011_S01_R"
"06_Summon_Pickup_Rin_List_10","06_Summon_Pickup_Rin_List","Char_010_S01_B"
"06_Summon_Pickup_Rin_List_11","06_Summon_Pickup_Rin_List","Char_014_S01_D"
"06_Summon_Pickup_Rin_List_12","06_Summon_Pickup_Rin_List","Char_091_S01_G"
"06_Summon_Pickup_Rin_List_13","06_Summon_Pickup_Rin_List","Char_072_S01_R"
"06_Summon_Pickup_Rin_List_14","06_Summon_Pickup_Rin_List","Char_085_S01_B"
"06_Summon_Pickup_Rin_List_15","06_Summon_Pickup_Rin_List","Char_067_S01_B"
"06_Summon_Pickup_Rin_List_16","06_Summon_Pickup_Rin_List","Char_101_S01_B"
"06_Summon_Pickup_Rin_List_17","06_Summon_Pickup_Rin_List","Char_083_S01_B"
"06_Summon_Pickup_Rin_List_18","06_Summon_Pickup_Rin_List","Char_090_S01_L"
"06_Summon_Pickup_Rin_List_19","06_Summon_Pickup_Rin_List","Char_084_S01_G"
"06_Summon_Pickup_Rin_List_20","06_Summon_Pickup_Rin_List","Char_105_S01_B"
"06_Summon_Pickup_Rin_List_21","06_Summon_Pickup_Rin_List","Char_106_S01_R"
"06_Summon_Pickup_Rin_List_22","06_Summon_Pickup_Rin_List","Char_104_S01_G"
"06_Summon_Pickup_Rin_List_23","06_Summon_Pickup_Rin_List","Char_066_S01_B"
"06_Summon_Pickup_Rin_List_24","06_Summon_Pickup_Rin_List","Char_114_S01_B"
"06_Summon_Pickup_Rin_List_25","06_Summon_Pickup_Rin_List","Char_089_S01_D"
"06_Summon_Pickup_Rin_List_26","06_Summon_Pickup_Rin_List","Char_009_S01_G"
"06_Summon_Pickup_Rin_List_27","06_Summon_Pickup_Rin_List","Char_037_S01_L"
"06_Summon_Pickup_Rin_List_28","06_Summon_Pickup_Rin_List","Char_015_S01_B"
"06_Summon_Pickup_Rin_List_29","06_Summon_Pickup_Rin_List","Char_088_S01_R"
"06_Summon_Pickup_Rin_List_30","06_Summon_Pickup_Rin_List","Char_111_S01_B"
"06_Summon_Pickup_Rin_List_31","06_Summon_Pickup_Rin_List","Char_034_S01_B"
"06_Summon_Pickup_Rin_List_32","06_Summon_Pickup_Rin_List","Char_005_S01_D"
"06_Summon_Pickup_Rin_List_33","06_Summon_Pickup_Rin_List","Char_077_S01_G"
"06_Summon_Pickup_Rin_List_34","06_Summon_Pickup_Rin_List","Char_008_S01_B"
"06_Summon_Pickup_Rin_List_35","06_Summon_Pickup_Rin_List","Char_080_S01_G"
"06_Summon_Pickup_Rin_List_36","06_Summon_Pickup_Rin_List","Char_041_S01_R"
"06_Summon_Pickup_Rin_List_37","06_Summon_Pickup_Rin_List","Char_100_S01_G"
"06_Summon_Pickup_Rin_List_38","06_Summon_Pickup_Rin_List","Char_040_S01_R"
"06_Summon_Pickup_Rin_List_39","06_Summon_Pickup_Rin_List","Char_001_S01_B"
"06_Summon_Pickup_Rin_List_40","06_Summon_Pickup_Rin_List","Char_002_S01_R"
"06_Summon_Pickup_Rin_List_41","06_Summon_Pickup_Rin_List","Char_078_S01_R"
"06_Summon_Pickup_Rin_List_42","06_Summon_Pickup_Rin_List","Char_051_S01_B"
"06_Summon_Pickup_Rin_List_43","06_Summon_Pickup_Rin_List","Char_073_S01_G"
"06_Summon_Pickup_Rin_List_44","06_Summon_Pickup_Rin_List","Char_098_S01_R"
"06_Summon_Pickup_Rin_List_45","06_Summon_Pickup_Rin_List","Char_016_S01_B"
"06_Summon_Pickup_Rin_List_46","06_Summon_Pickup_Rin_List","Char_006_S01_G"
"06_Summon_Pickup_Rin_List_47","06_Summon_Pickup_Rin_List","Char_003_S01_B"
"06_Summon_Pickup_Rin_List_48","06_Summon_Pickup_Rin_List","Char_103_S01_G"
"06_Summon_Pickup_Rin_List_49","06_Summon_Pickup_Rin_List","Char_062_S01_G"
"06_Summon_Pickup_Rin_List_50","06_Summon_Pickup_Rin_List","Char_099_S01_G"
"06_Summon_Pickup_Rin_List_51","06_Summon_Pickup_Rin_List","Char_087_S01_B"
"06_Summon_Pickup_Rin_List_52","06_Summon_Pickup_Rin_List","Char_115_S01_B"
"07_Summon_Pickup_Scheherazade_List_01","07_Summon_Pickup_Scheherazade_List","Char_116_S01_R"
"07_Summon_Pickup_Scheherazade_List_02","07_Summon_Pickup_Scheherazade_List","Char_039_S01_G"
"07_Summon_Pickup_Scheherazade_List_03","07_Summon_Pickup_Scheherazade_List","Char_113_S01_B"
"07_Summon_Pickup_Scheherazade_List_04","07_Summon_Pickup_Scheherazade_List","Char_097_S01_D"
"07_Summon_Pickup_Scheherazade_List_05","07_Summon_Pickup_Scheherazade_List","Char_007_S01_D"
"07_Summon_Pickup_Scheherazade_List_06","07_Summon_Pickup_Scheherazade_List","Char_044_S01_D"
"07_Summon_Pickup_Scheherazade_List_07","07_Summon_Pickup_Scheherazade_List","Char_038_S01_L"
"07_Summon_Pickup_Scheherazade_List_08","07_Summon_Pickup_Scheherazade_List","Char_112_S01_B"
"07_Summon_Pickup_Scheherazade_List_09","07_Summon_Pickup_Scheherazade_List","Char_011_S01_R"
"07_Summon_Pickup_Scheherazade_List_10","07_Summon_Pickup_Scheherazade_List","Char_010_S01_B"
"07_Summon_Pickup_Scheherazade_List_11","07_Summon_Pickup_Scheherazade_List","Char_014_S01_D"
"07_Summon_Pickup_Scheherazade_List_12","07_Summon_Pickup_Scheherazade_List","Char_091_S01_G"
"07_Summon_Pickup_Scheherazade_List_13","07_Summon_Pickup_Scheherazade_List","Char_072_S01_R"
"07_Summon_Pickup_Scheherazade_List_14","07_Summon_Pickup_Scheherazade_List","Char_085_S01_B"
"07_Summon_Pickup_Scheherazade_List_15","07_Summon_Pickup_Scheherazade_List","Char_067_S01_B"
"07_Summon_Pickup_Scheherazade_List_16","07_Summon_Pickup_Scheherazade_List","Char_101_S01_B"
"07_Summon_Pickup_Scheherazade_List_17","07_Summon_Pickup_Scheherazade_List","Char_083_S01_B"
"07_Summon_Pickup_Scheherazade_List_18","07_Summon_Pickup_Scheherazade_List","Char_090_S01_L"
"07_Summon_Pickup_Scheherazade_List_19","07_Summon_Pickup_Scheherazade_List","Char_084_S01_G"
"07_Summon_Pickup_Scheherazade_List_20","07_Summon_Pickup_Scheherazade_List","Char_105_S01_B"
"07_Summon_Pickup_Scheherazade_List_21","07_Summon_Pickup_Scheherazade_List","Char_106_S01_R"
"07_Summon_Pickup_Scheherazade_List_22","07_Summon_Pickup_Scheherazade_List","Char_104_S01_G"
"07_Summon_Pickup_Scheherazade_List_23","07_Summon_Pickup_Scheherazade_List","Char_066_S01_B"
"07_Summon_Pickup_Scheherazade_List_24","07_Summon_Pickup_Scheherazade_List","Char_114_S01_B"
"07_Summon_Pickup_Scheherazade_List_25","07_Summon_Pickup_Scheherazade_List","Char_089_S01_D"
"07_Summon_Pickup_Scheherazade_List_26","07_Summon_Pickup_Scheherazade_List","Char_009_S01_G"
"07_Summon_Pickup_Scheherazade_List_27","07_Summon_Pickup_Scheherazade_List","Char_037_S01_L"
"07_Summon_Pickup_Scheherazade_List_28","07_Summon_Pickup_Scheherazade_List","Char_015_S01_B"
"07_Summon_Pickup_Scheherazade_List_29","07_Summon_Pickup_Scheherazade_List","Char_088_S01_R"
"07_Summon_Pickup_Scheherazade_List_30","07_Summon_Pickup_Scheherazade_List","Char_111_S01_B"
"07_Summon_Pickup_Scheherazade_List_31","07_Summon_Pickup_Scheherazade_List","Char_034_S01_B"
"07_Summon_Pickup_Scheherazade_List_32","07_Summon_Pickup_Scheherazade_List","Char_005_S01_D"
"07_Summon_Pickup_Scheherazade_List_33","07_Summon_Pickup_Scheherazade_List","Char_077_S01_G"
"07_Summon_Pickup_Scheherazade_List_34","07_Summon_Pickup_Scheherazade_List","Char_008_S01_B"
"07_Summon_Pickup_Scheherazade_List_35","07_Summon_Pickup_Scheherazade_List","Char_080_S01_G"
"07_Summon_Pickup_Scheherazade_List_36","07_Summon_Pickup_Scheherazade_List","Char_041_S01_R"
"07_Summon_Pickup_Scheherazade_List_37","07_Summon_Pickup_Scheherazade_List","Char_100_S01_G"
"07_Summon_Pickup_Scheherazade_List_38","07_Summon_Pickup_Scheherazade_List","Char_040_S01_R"
"07_Summon_Pickup_Scheherazade_List_39","07_Summon_Pickup_Scheherazade_List","Char_001_S01_B"
"07_Summon_Pickup_Scheherazade_List_40","07_Summon_Pickup_Scheherazade_List","Char_002_S01_R"
"07_Summon_Pickup_Scheherazade_List_41","07_Summon_Pickup_Scheherazade_List","Char_078_S01_R"
"07_Summon_Pickup_Scheherazade_List_42","07_Summon_Pickup_Scheherazade_List","Char_051_S01_B"
"07_Summon_Pickup_Scheherazade_List_43","07_Summon_Pickup_Scheherazade_List","Char_073_S01_G"
"07_Summon_Pickup_Scheherazade_List_44","07_Summon_Pickup_Scheherazade_List","Char_098_S01_R"
"07_Summon_Pickup_Scheherazade_List_45","07_Summon_Pickup_Scheherazade_List","Char_016_S01_B"
"07_Summon_Pickup_Scheherazade_List_46","07_Summon_Pickup_Scheherazade_List","Char_006_S01_G"
"07_Summon_Pickup_Scheherazade_List_47","07_Summon_Pickup_Scheherazade_List","Char_003_S01_B"
"07_Summon_Pickup_Scheherazade_List_48","07_Summon_Pickup_Scheherazade_List","Char_103_S01_G"
"07_Summon_Pickup_Scheherazade_List_49","07_Summon_Pickup_Scheherazade_List","Char_062_S01_G"
"07_Summon_Pickup_Scheherazade_List_50","07_Summon_Pickup_Scheherazade_List","Char_099_S01_G"
"07_Summon_Pickup_Scheherazade_List_51","07_Summon_Pickup_Scheherazade_List","Char_087_S01_B"
"07_Summon_Pickup_Scheherazade_List_52","07_Summon_Pickup_Scheherazade_List","Char_115_S01_B"
"08_Summon_Pickup_Snow_List_01","08_Summon_Pickup_Snow_List","Char_116_S01_R"
"08_Summon_Pickup_Snow_List_02","08_Summon_Pickup_Snow_List","Char_039_S01_G"
"08_Summon_Pickup_Snow_List_03","08_Summon_Pickup_Snow_List","Char_113_S01_B"
"08_Summon_Pickup_Snow_List_04","08_Summon_Pickup_Snow_List","Char_097_S01_D"
"08_Summon_Pickup_Snow_List_05","08_Summon_Pickup_Snow_List","Char_007_S01_D"
"08_Summon_Pickup_Snow_List_06","08_Summon_Pickup_Snow_List","Char_044_S01_D"
"08_Summon_Pickup_Snow_List_07","08_Summon_Pickup_Snow_List","Char_038_S01_L"
"08_Summon_Pickup_Snow_List_08","08_Summon_Pickup_Snow_List","Char_112_S01_B"
"08_Summon_Pickup_Snow_List_09","08_Summon_Pickup_Snow_List","Char_011_S01_R"
"08_Summon_Pickup_Snow_List_10","08_Summon_Pickup_Snow_List","Char_010_S01_B"
"08_Summon_Pickup_Snow_List_11","08_Summon_Pickup_Snow_List","Char_014_S01_D"
"08_Summon_Pickup_Snow_List_12","08_Summon_Pickup_Snow_List","Char_091_S01_G"
"08_Summon_Pickup_Snow_List_13","08_Summon_Pickup_Snow_List","Char_072_S01_R"
"08_Summon_Pickup_Snow_List_14","08_Summon_Pickup_Snow_List","Char_085_S01_B"
"08_Summon_Pickup_Snow_List_15","08_Summon_Pickup_Snow_List","Char_067_S01_B"
"08_Summon_Pickup_Snow_List_16","08_Summon_Pickup_Snow_List","Char_101_S01_B"
"08_Summon_Pickup_Snow_List_17","08_Summon_Pickup_Snow_List","Char_083_S01_B"
"08_Summon_Pickup_Snow_List_18","08_Summon_Pickup_Snow_List","Char_090_S01_L"
"08_Summon_Pickup_Snow_List_19","08_Summon_Pickup_Snow_List","Char_084_S01_G"
"08_Summon_Pickup_Snow_List_20","08_Summon_Pickup_Snow_List","Char_105_S01_B"
"08_Summon_Pickup_Snow_List_21","08_Summon_Pickup_Snow_List","Char_106_S01_R"
"08_Summon_Pickup_Snow_List_22","08_Summon_Pickup_Snow_List","Char_104_S01_G"
"08_Summon_Pickup_Snow_List_23","08_Summon_Pickup_Snow_List","Char_066_S01_B"
"08_Summon_Pickup_Snow_List_24","08_Summon_Pickup_Snow_List","Char_114_S01_B"
"08_Summon_Pickup_Snow_List_25","08_Summon_Pickup_Snow_List","Char_089_S01_D"
"08_Summon_Pickup_Snow_List_26","08_Summon_Pickup_Snow_List","Char_009_S01_G"
"08_Summon_Pickup_Snow_List_27","08_Summon_Pickup_Snow_List","Char_037_S01_L"
"08_Summon_Pickup_Snow_List_28","08_Summon_Pickup_Snow_List","Char_015_S01_B"
"08_Summon_Pickup_Snow_List_29","08_Summon_Pickup_Snow_List","Char_088_S01_R"
"08_Summon_Pickup_Snow_List_30","08_Summon_Pickup_Snow_List","Char_111_S01_B"
"08_Summon_Pickup_Snow_List_31","08_Summon_Pickup_Snow_List","Char_034_S01_B"
"08_Summon_Pickup_Snow_List_32","08_Summon_Pickup_Snow_List","Char_005_S01_D"
"08_Summon_Pickup_Snow_List_33","08_Summon_Pickup_Snow_List","Char_077_S01_G"
"08_Summon_Pickup_Snow_List_34","08_Summon_Pickup_Snow_List","Char_008_S01_B"
"08_Summon_Pickup_Snow_List_35","08_Summon_Pickup_Snow_List","Char_080_S01_G"
"08_Summon_Pickup_Snow_List_36","08_Summon_Pickup_Snow_List","Char_041_S01_R"
"08_Summon_Pickup_Snow_List_37","08_Summon_Pickup_Snow_List","Char_100_S01_G"
"08_Summon_Pickup_Snow_List_38","08_Summon_Pickup_Snow_List","Char_040_S01_R"
"08_Summon_Pickup_Snow_List_39","08_Summon_Pickup_Snow_List","Char_001_S01_B"
"08_Summon_Pickup_Snow_List_40","08_Summon_Pickup_Snow_List","Char_002_S01_R"
"08_Summon_Pickup_Snow_List_41","08_Summon_Pickup_Snow_List","Char_078_S01_R"
"08_Summon_Pickup_Snow_List_42","08_Summon_Pickup_Snow_List","Char_051_S01_B"
"08_Summon_Pickup_Snow_List_43","08_Summon_Pickup_Snow_List","Char_073_S01_G"
"08_Summon_Pickup_Snow_List_44","08_Summon_Pickup_Snow_List","Char_098_S01_R"
"08_Summon_Pickup_Snow_List_45","08_Summon_Pickup_Snow_List","Char_016_S01_B"
"08_Summon_Pickup_Snow_List_46","08_Summon_Pickup_Snow_List","Char_006_S01_G"
"08_Summon_Pickup_Snow_List_47","08_Summon_Pickup_Snow_List","Char_003_S01_B"
"08_Summon_Pickup_Snow_List_48","08_Summon_Pickup_Snow_List","Char_103_S01_G"
"08_Summon_Pickup_Snow_List_49","08_Summon_Pickup_Snow_List","Char_062_S01_G"
"08_Summon_Pickup_Snow_List_50","08_Summon_Pickup_Snow_List","Char_099_S01_G"
"08_Summon_Pickup_Snow_List_51","08_Summon_Pickup_Snow_List","Char_087_S01_B"
"08_Summon_Pickup_Snow_List_52","08_Summon_Pickup_Snow_List","Char_115_S01_B"
"09_Summon_Pickup_Marie_List_01","09_Summon_Pickup_Marie_List","Char_116_S01_R"
"09_Summon_Pickup_Marie_List_02","09_Summon_Pickup_Marie_List","Char_039_S01_G"
"09_Summon_Pickup_Marie_List_03","09_Summon_Pickup_Marie_List","Char_113_S01_B"
"09_Summon_Pickup_Marie_List_04","09_Summon_Pickup_Marie_List","Char_097_S01_D"
"09_Summon_Pickup_Marie_List_05","09_Summon_Pickup_Marie_List","Char_007_S01_D"
"09_Summon_Pickup_Marie_List_06","09_Summon_Pickup_Marie_List","Char_044_S01_D"
"09_Summon_Pickup_Marie_List_07","09_Summon_Pickup_Marie_List","Char_038_S01_L"
"09_Summon_Pickup_Marie_List_08","09_Summon_Pickup_Marie_List","Char_112_S01_B"
"09_Summon_Pickup_Marie_List_09","09_Summon_Pickup_Marie_List","Char_011_S01_R"
"09_Summon_Pickup_Marie_List_10","09_Summon_Pickup_Marie_List","Char_010_S01_B"
"09_Summon_Pickup_Marie_List_11","09_Summon_Pickup_Marie_List","Char_014_S01_D"
"09_Summon_Pickup_Marie_List_12","09_Summon_Pickup_Marie_List","Char_091_S01_G"
"09_Summon_Pickup_Marie_List_13","09_Summon_Pickup_Marie_List","Char_072_S01_R"
"09_Summon_Pickup_Marie_List_14","09_Summon_Pickup_Marie_List","Char_085_S01_B"
"09_Summon_Pickup_Marie_List_15","09_Summon_Pickup_Marie_List","Char_067_S01_B"
"09_Summon_Pickup_Marie_List_16","09_Summon_Pickup_Marie_List","Char_101_S01_B"
"09_Summon_Pickup_Marie_List_17","09_Summon_Pickup_Marie_List","Char_083_S01_B"
"09_Summon_Pickup_Marie_List_18","09_Summon_Pickup_Marie_List","Char_090_S01_L"
"09_Summon_Pickup_Marie_List_19","09_Summon_Pickup_Marie_List","Char_084_S01_G"
"09_Summon_Pickup_Marie_List_20","09_Summon_Pickup_Marie_List","Char_105_S01_B"
"09_Summon_Pickup_Marie_List_21","09_Summon_Pickup_Marie_List","Char_106_S01_R"
"09_Summon_Pickup_Marie_List_22","09_Summon_Pickup_Marie_List","Char_104_S01_G"
"09_Summon_Pickup_Marie_List_23","09_Summon_Pickup_Marie_List","Char_066_S01_B"
"09_Summon_Pickup_Marie_List_24","09_Summon_Pickup_Marie_List","Char_114_S01_B"
"09_Summon_Pickup_Marie_List_25","09_Summon_Pickup_Marie_List","Char_089_S01_D"
"09_Summon_Pickup_Marie_List_26","09_Summon_Pickup_Marie_List","Char_009_S01_G"
"09_Summon_Pickup_Marie_List_27","09_Summon_Pickup_Marie_List","Char_037_S01_L"
"09_Summon_Pickup_Marie_List_28","09_Summon_Pickup_Marie_List","Char_015_S01_B"
"09_Summon_Pickup_Marie_List_29","09_Summon_Pickup_Marie_List","Char_088_S01_R"
"09_Summon_Pickup_Marie_List_30","09_Summon_Pickup_Marie_List","Char_111_S01_B"
"09_Summon_Pickup_Marie_List_31","09_Summon_Pickup_Marie_List","Char_034_S01_B"
"09_Summon_Pickup_Marie_List_32","09_Summon_Pickup_Marie_List","Char_005_S01_D"
"09_Summon_Pickup_Marie_List_33","09_Summon_Pickup_Marie_List","Char_077_S01_G"
"09_Summon_Pickup_Marie_List_34","09_Summon_Pickup_Marie_List","Char_008_S01_B"
"09_Summon_Pickup_Marie_List_35","09_Summon_Pickup_Marie_List","Char_080_S01_G"
"09_Summon_Pickup_Marie_List_36","09_Summon_Pickup_Marie_List","Char_041_S01_R"
"09_Summon_Pickup_Marie_List_37","09_Summon_Pickup_Marie_List","Char_100_S01_G"
"09_Summon_Pickup_Marie_List_38","09_Summon_Pickup_Marie_List","Char_040_S01_R"
"09_Summon_Pickup_Marie_List_39","09_Summon_Pickup_Marie_List","Char_001_S01_B"
"09_Summon_Pickup_Marie_List_40","09_Summon_Pickup_Marie_List","Char_002_S01_R"
"09_Summon_Pickup_Marie_List_41","09_Summon_Pickup_Marie_List","Char_078_S01_R"
"09_Summon_Pickup_Marie_List_42","09_Summon_Pickup_Marie_List","Char_051_S01_B"
"09_Summon_Pickup_Marie_List_43","09_Summon_Pickup_Marie_List","Char_073_S01_G"
"09_Summon_Pickup_Marie_List_44","09_Summon_Pickup_Marie_List","Char_098_S01_R"
"09_Summon_Pickup_Marie_List_45","09_Summon_Pickup_Marie_List","Char_016_S01_B"
"09_Summon_Pickup_Marie_List_46","09_Summon_Pickup_Marie_List","Char_006_S01_G"
"09_Summon_Pickup_Marie_List_47","09_Summon_Pickup_Marie_List","Char_003_S01_B"
"09_Summon_Pickup_Marie_List_48","09_Summon_Pickup_Marie_List","Char_103_S01_G"
"09_Summon_Pickup_Marie_List_49","09_Summon_Pickup_Marie_List","Char_062_S01_G"
"09_Summon_Pickup_Marie_List_50","09_Summon_Pickup_Marie_List","Char_099_S01_G"
"09_Summon_Pickup_Marie_List_51","09_Summon_Pickup_Marie_List","Char_087_S01_B"
"09_Summon_Pickup_Marie_List_52","09_Summon_Pickup_Marie_List","Char_115_S01_B"
"10_Summon_Pickup_Astia_List_01","10_Summon_Pickup_Astia_List","Char_116_S01_R"
"10_Summon_Pickup_Astia_List_02","10_Summon_Pickup_Astia_List","Char_039_S01_G"
"10_Summon_Pickup_Astia_List_03","10_Summon_Pickup_Astia_List","Char_113_S01_B"
"10_Summon_Pickup_Astia_List_04","10_Summon_Pickup_Astia_List","Char_097_S01_D"
"10_Summon_Pickup_Astia_List_05","10_Summon_Pickup_Astia_List","Char_007_S01_D"
"10_Summon_Pickup_Astia_List_06","10_Summon_Pickup_Astia_List","Char_044_S01_D"
"10_Summon_Pickup_Astia_List_07","10_Summon_Pickup_Astia_List","Char_038_S01_L"
"10_Summon_Pickup_Astia_List_08","10_Summon_Pickup_Astia_List","Char_112_S01_B"
"10_Summon_Pickup_Astia_List_09","10_Summon_Pickup_Astia_List","Char_011_S01_R"
"10_Summon_Pickup_Astia_List_10","10_Summon_Pickup_Astia_List","Char_010_S01_B"
"10_Summon_Pickup_Astia_List_11","10_Summon_Pickup_Astia_List","Char_014_S01_D"
"10_Summon_Pickup_Astia_List_12","10_Summon_Pickup_Astia_List","Char_091_S01_G"
"10_Summon_Pickup_Astia_List_13","10_Summon_Pickup_Astia_List","Char_072_S01_R"
"10_Summon_Pickup_Astia_List_14","10_Summon_Pickup_Astia_List","Char_085_S01_B"
"10_Summon_Pickup_Astia_List_15","10_Summon_Pickup_Astia_List","Char_067_S01_B"
"10_Summon_Pickup_Astia_List_16","10_Summon_Pickup_Astia_List","Char_101_S01_B"
"10_Summon_Pickup_Astia_List_17","10_Summon_Pickup_Astia_List","Char_083_S01_B"
"10_Summon_Pickup_Astia_List_18","10_Summon_Pickup_Astia_List","Char_090_S01_L"
"10_Summon_Pickup_Astia_List_19","10_Summon_Pickup_Astia_List","Char_084_S01_G"
"10_Summon_Pickup_Astia_List_20","10_Summon_Pickup_Astia_List","Char_105_S01_B"
"10_Summon_Pickup_Astia_List_21","10_Summon_Pickup_Astia_List","Char_106_S01_R"
"10_Summon_Pickup_Astia_List_22","10_Summon_Pickup_Astia_List","Char_104_S01_G"
"10_Summon_Pickup_Astia_List_23","10_Summon_Pickup_Astia_List","Char_066_S01_B"
"10_Summon_Pickup_Astia_List_24","10_Summon_Pickup_Astia_List","Char_114_S01_B"
"10_Summon_Pickup_Astia_List_25","10_Summon_Pickup_Astia_List","Char_089_S01_D"
"10_Summon_Pickup_Astia_List_26","10_Summon_Pickup_Astia_List","Char_009_S01_G"
"10_Summon_Pickup_Astia_List_27","10_Summon_Pickup_Astia_List","Char_037_S01_L"
"10_Summon_Pickup_Astia_List_28","10_Summon_Pickup_Astia_List","Char_015_S01_B"
"10_Summon_Pickup_Astia_List_29","10_Summon_Pickup_Astia_List","Char_088_S01_R"
"10_Summon_Pickup_Astia_List_30","10_Summon_Pickup_Astia_List","Char_111_S01_B"
"10_Summon_Pickup_Astia_List_31","10_Summon_Pickup_Astia_List","Char_034_S01_B"
"10_Summon_Pickup_Astia_List_32","10_Summon_Pickup_Astia_List","Char_005_S01_D"
"10_Summon_Pickup_Astia_List_33","10_Summon_Pickup_Astia_List","Char_077_S01_G"
"10_Summon_Pickup_Astia_List_34","10_Summon_Pickup_Astia_List","Char_008_S01_B"
"10_Summon_Pickup_Astia_List_35","10_Summon_Pickup_Astia_List","Char_080_S01_G"
"10_Summon_Pickup_Astia_List_36","10_Summon_Pickup_Astia_List","Char_041_S01_R"
"10_Summon_Pickup_Astia_List_37","10_Summon_Pickup_Astia_List","Char_100_S01_G"
"10_Summon_Pickup_Astia_List_38","10_Summon_Pickup_Astia_List","Char_040_S01_R"
"10_Summon_Pickup_Astia_List_39","10_Summon_Pickup_Astia_List","Char_001_S01_B"
"10_Summon_Pickup_Astia_List_40","10_Summon_Pickup_Astia_List","Char_002_S01_R"
"10_Summon_Pickup_Astia_List_41","10_Summon_Pickup_Astia_List","Char_078_S01_R"
"10_Summon_Pickup_Astia_List_42","10_Summon_Pickup_Astia_List","Char_051_S01_B"
"10_Summon_Pickup_Astia_List_43","10_Summon_Pickup_Astia_List","Char_073_S01_G"
"10_Summon_Pickup_Astia_List_44","10_Summon_Pickup_Astia_List","Char_098_S01_R"
"10_Summon_Pickup_Astia_List_45","10_Summon_Pickup_Astia_List","Char_016_S01_B"
"10_Summon_Pickup_Astia_List_46","10_Summon_Pickup_Astia_List","Char_006_S01_G"
"10_Summon_Pickup_Astia_List_47","10_Summon_Pickup_Astia_List","Char_003_S01_B"
"10_Summon_Pickup_Astia_List_48","10_Summon_Pickup_Astia_List","Char_103_S01_G"
"10_Summon_Pickup_Astia_List_49","10_Summon_Pickup_Astia_List","Char_062_S01_G"
"10_Summon_Pickup_Astia_List_50","10_Summon_Pickup_Astia_List","Char_099_S01_G"
"10_Summon_Pickup_Astia_List_51","10_Summon_Pickup_Astia_List","Char_087_S01_B"
"10_Summon_Pickup_Astia_List_52","10_Summon_Pickup_Astia_List","Char_115_S01_B"
"11_Summon_Pickup_Aria_List_01","11_Summon_Pickup_Aria_List","Char_116_S01_R"
"11_Summon_Pickup_Aria_List_02","11_Summon_Pickup_Aria_List","Char_039_S01_G"
"11_Summon_Pickup_Aria_List_03","11_Summon_Pickup_Aria_List","Char_113_S01_B"
"11_Summon_Pickup_Aria_List_04","11_Summon_Pickup_Aria_List","Char_097_S01_D"
"11_Summon_Pickup_Aria_List_05","11_Summon_Pickup_Aria_List","Char_007_S01_D"
"11_Summon_Pickup_Aria_List_06","11_Summon_Pickup_Aria_List","Char_044_S01_D"
"11_Summon_Pickup_Aria_List_07","11_Summon_Pickup_Aria_List","Char_038_S01_L"
"11_Summon_Pickup_Aria_List_08","11_Summon_Pickup_Aria_List","Char_112_S01_B"
"11_Summon_Pickup_Aria_List_09","11_Summon_Pickup_Aria_List","Char_011_S01_R"
"11_Summon_Pickup_Aria_List_10","11_Summon_Pickup_Aria_List","Char_010_S01_B"
"11_Summon_Pickup_Aria_List_11","11_Summon_Pickup_Aria_List","Char_014_S01_D"
"11_Summon_Pickup_Aria_List_12","11_Summon_Pickup_Aria_List","Char_091_S01_G"
"11_Summon_Pickup_Aria_List_13","11_Summon_Pickup_Aria_List","Char_072_S01_R"
"11_Summon_Pickup_Aria_List_14","11_Summon_Pickup_Aria_List","Char_085_S01_B"
"11_Summon_Pickup_Aria_List_15","11_Summon_Pickup_Aria_List","Char_067_S01_B"
"11_Summon_Pickup_Aria_List_16","11_Summon_Pickup_Aria_List","Char_101_S01_B"
"11_Summon_Pickup_Aria_List_17","11_Summon_Pickup_Aria_List","Char_083_S01_B"
"11_Summon_Pickup_Aria_List_18","11_Summon_Pickup_Aria_List","Char_090_S01_L"
"11_Summon_Pickup_Aria_List_19","11_Summon_Pickup_Aria_List","Char_084_S01_G"
"11_Summon_Pickup_Aria_List_20","11_Summon_Pickup_Aria_List","Char_105_S01_B"
"11_Summon_Pickup_Aria_List_21","11_Summon_Pickup_Aria_List","Char_106_S01_R"
"11_Summon_Pickup_Aria_List_22","11_Summon_Pickup_Aria_List","Char_104_S01_G"
"11_Summon_Pickup_Aria_List_23","11_Summon_Pickup_Aria_List","Char_066_S01_B"
"11_Summon_Pickup_Aria_List_24","11_Summon_Pickup_Aria_List","Char_114_S01_B"
"11_Summon_Pickup_Aria_List_25","11_Summon_Pickup_Aria_List","Char_089_S01_D"
"11_Summon_Pickup_Aria_List_26","11_Summon_Pickup_Aria_List","Char_009_S01_G"
"11_Summon_Pickup_Aria_List_27","11_Summon_Pickup_Aria_List","Char_037_S01_L"
"11_Summon_Pickup_Aria_List_28","11_Summon_Pickup_Aria_List","Char_015_S01_B"
"11_Summon_Pickup_Aria_List_29","11_Summon_Pickup_Aria_List","Char_088_S01_R"
"11_Summon_Pickup_Aria_List_30","11_Summon_Pickup_Aria_List","Char_111_S01_B"
"11_Summon_Pickup_Aria_List_31","11_Summon_Pickup_Aria_List","Char_034_S01_B"
"11_Summon_Pickup_Aria_List_32","11_Summon_Pickup_Aria_List","Char_005_S01_D"
"11_Summon_Pickup_Aria_List_33","11_Summon_Pickup_Aria_List","Char_077_S01_G"
"11_Summon_Pickup_Aria_List_34","11_Summon_Pickup_Aria_List","Char_008_S01_B"
"11_Summon_Pickup_Aria_List_35","11_Summon_Pickup_Aria_List","Char_080_S01_G"
"11_Summon_Pickup_Aria_List_36","11_Summon_Pickup_Aria_List","Char_041_S01_R"
"11_Summon_Pickup_Aria_List_37","11_Summon_Pickup_Aria_List","Char_100_S01_G"
"11_Summon_Pickup_Aria_List_38","11_Summon_Pickup_Aria_List","Char_040_S01_R"
"11_Summon_Pickup_Aria_List_39","11_Summon_Pickup_Aria_List","Char_001_S01_B"
"11_Summon_Pickup_Aria_List_40","11_Summon_Pickup_Aria_List","Char_002_S01_R"
"11_Summon_Pickup_Aria_List_41","11_Summon_Pickup_Aria_List","Char_078_S01_R"
"11_Summon_Pickup_Aria_List_42","11_Summon_Pickup_Aria_List","Char_051_S01_B"
"11_Summon_Pickup_Aria_List_43","11_Summon_Pickup_Aria_List","Char_073_S01_G"
"11_Summon_Pickup_Aria_List_44","11_Summon_Pickup_Aria_List","Char_098_S01_R"
"11_Summon_Pickup_Aria_List_45","11_Summon_Pickup_Aria_List","Char_016_S01_B"
"11_Summon_Pickup_Aria_List_46","11_Summon_Pickup_Aria_List","Char_006_S01_G"
"11_Summon_Pickup_Aria_List_47","11_Summon_Pickup_Aria_List","Char_003_S01_B"
"11_Summon_Pickup_Aria_List_48","11_Summon_Pickup_Aria_List","Char_103_S01_G"
"11_Summon_Pickup_Aria_List_49","11_Summon_Pickup_Aria_List","Char_062_S01_G"
"11_Summon_Pickup_Aria_List_50","11_Summon_Pickup_Aria_List","Char_099_S01_G"
"11_Summon_Pickup_Aria_List_51","11_Summon_Pickup_Aria_List","Char_087_S01_B"
"11_Summon_Pickup_Aria_List_52","11_Summon_Pickup_Aria_List","Char_115_S01_B"
"12_Summon_Pickup_Enoxia_List_01","12_Summon_Pickup_Enoxia_List","Char_116_S01_R"
"12_Summon_Pickup_Enoxia_List_02","12_Summon_Pickup_Enoxia_List","Char_039_S01_G"
"12_Summon_Pickup_Enoxia_List_03","12_Summon_Pickup_Enoxia_List","Char_113_S01_B"
"12_Summon_Pickup_Enoxia_List_04","12_Summon_Pickup_Enoxia_List","Char_097_S01_D"
"12_Summon_Pickup_Enoxia_List_05","12_Summon_Pickup_Enoxia_List","Char_007_S01_D"
"12_Summon_Pickup_Enoxia_List_06","12_Summon_Pickup_Enoxia_List","Char_044_S01_D"
"12_Summon_Pickup_Enoxia_List_07","12_Summon_Pickup_Enoxia_List","Char_038_S01_L"
"12_Summon_Pickup_Enoxia_List_08","12_Summon_Pickup_Enoxia_List","Char_112_S01_B"
"12_Summon_Pickup_Enoxia_List_09","12_Summon_Pickup_Enoxia_List","Char_011_S01_R"
"12_Summon_Pickup_Enoxia_List_10","12_Summon_Pickup_Enoxia_List","Char_010_S01_B"
"12_Summon_Pickup_Enoxia_List_11","12_Summon_Pickup_Enoxia_List","Char_014_S01_D"
"12_Summon_Pickup_Enoxia_List_12","12_Summon_Pickup_Enoxia_List","Char_091_S01_G"
"12_Summon_Pickup_Enoxia_List_13","12_Summon_Pickup_Enoxia_List","Char_072_S01_R"
"12_Summon_Pickup_Enoxia_List_14","12_Summon_Pickup_Enoxia_List","Char_085_S01_B"
"12_Summon_Pickup_Enoxia_List_15","12_Summon_Pickup_Enoxia_List","Char_067_S01_B"
"12_Summon_Pickup_Enoxia_List_16","12_Summon_Pickup_Enoxia_List","Char_101_S01_B"
"12_Summon_Pickup_Enoxia_List_17","12_Summon_Pickup_Enoxia_List","Char_083_S01_B"
"12_Summon_Pickup_Enoxia_List_18","12_Summon_Pickup_Enoxia_List","Char_090_S01_L"
"12_Summon_Pickup_Enoxia_List_19","12_Summon_Pickup_Enoxia_List","Char_084_S01_G"
"12_Summon_Pickup_Enoxia_List_20","12_Summon_Pickup_Enoxia_List","Char_105_S01_B"
"12_Summon_Pickup_Enoxia_List_21","12_Summon_Pickup_Enoxia_List","Char_106_S01_R"
"12_Summon_Pickup_Enoxia_List_22","12_Summon_Pickup_Enoxia_List","Char_104_S01_G"
"12_Summon_Pickup_Enoxia_List_23","12_Summon_Pickup_Enoxia_List","Char_066_S01_B"
"12_Summon_Pickup_Enoxia_List_24","12_Summon_Pickup_Enoxia_List","Char_114_S01_B"
"12_Summon_Pickup_Enoxia_List_25","12_Summon_Pickup_Enoxia_List","Char_089_S01_D"
"12_Summon_Pickup_Enoxia_List_26","12_Summon_Pickup_Enoxia_List","Char_009_S01_G"
"12_Summon_Pickup_Enoxia_List_27","12_Summon_Pickup_Enoxia_List","Char_037_S01_L"
"12_Summon_Pickup_Enoxia_List_28","12_Summon_Pickup_Enoxia_List","Char_015_S01_B"
"12_Summon_Pickup_Enoxia_List_29","12_Summon_Pickup_Enoxia_List","Char_088_S01_R"
"12_Summon_Pickup_Enoxia_List_30","12_Summon_Pickup_Enoxia_List","Char_111_S01_B"
"12_Summon_Pickup_Enoxia_List_31","12_Summon_Pickup_Enoxia_List","Char_034_S01_B"
"12_Summon_Pickup_Enoxia_List_32","12_Summon_Pickup_Enoxia_List","Char_005_S01_D"
"12_Summon_Pickup_Enoxia_List_33","12_Summon_Pickup_Enoxia_List","Char_077_S01_G"
"12_Summon_Pickup_Enoxia_List_34","12_Summon_Pickup_Enoxia_List","Char_008_S01_B"
"12_Summon_Pickup_Enoxia_List_35","12_Summon_Pickup_Enoxia_List","Char_080_S01_G"
"12_Summon_Pickup_Enoxia_List_36","12_Summon_Pickup_Enoxia_List","Char_041_S01_R"
"12_Summon_Pickup_Enoxia_List_37","12_Summon_Pickup_Enoxia_List","Char_100_S01_G"
"12_Summon_Pickup_Enoxia_List_38","12_Summon_Pickup_Enoxia_List","Char_040_S01_R"
"12_Summon_Pickup_Enoxia_List_39","12_Summon_Pickup_Enoxia_List","Char_001_S01_B"
"12_Summon_Pickup_Enoxia_List_40","12_Summon_Pickup_Enoxia_List","Char_002_S01_R"
"12_Summon_Pickup_Enoxia_List_41","12_Summon_Pickup_Enoxia_List","Char_078_S01_R"
"12_Summon_Pickup_Enoxia_List_42","12_Summon_Pickup_Enoxia_List","Char_051_S01_B"
"12_Summon_Pickup_Enoxia_List_43","12_Summon_Pickup_Enoxia_List","Char_073_S01_G"
"12_Summon_Pickup_Enoxia_List_44","12_Summon_Pickup_Enoxia_List","Char_098_S01_R"
"12_Summon_Pickup_Enoxia_List_45","12_Summon_Pickup_Enoxia_List","Char_016_S01_B"
"12_Summon_Pickup_Enoxia_List_46","12_Summon_Pickup_Enoxia_List","Char_006_S01_G"
"12_Summon_Pickup_Enoxia_List_47","12_Summon_Pickup_Enoxia_List","Char_003_S01_B"
"12_Summon_Pickup_Enoxia_List_48","12_Summon_Pickup_Enoxia_List","Char_103_S01_G"
"12_Summon_Pickup_Enoxia_List_49","12_Summon_Pickup_Enoxia_List","Char_062_S01_G"
"12_Summon_Pickup_Enoxia_List_50","12_Summon_Pickup_Enoxia_List","Char_099_S01_G"
"12_Summon_Pickup_Enoxia_List_51","12_Summon_Pickup_Enoxia_List","Char_087_S01_B"
"12_Summon_Pickup_Enoxia_List_52","12_Summon_Pickup_Enoxia_List","Char_115_S01_B"
"13_Summon_Pickup_Esmeralda_List_01","13_Summon_Pickup_Esmeralda_List","Char_116_S01_R"
"13_Summon_Pickup_Esmeralda_List_02","13_Summon_Pickup_Esmeralda_List","Char_039_S01_G"
"13_Summon_Pickup_Esmeralda_List_03","13_Summon_Pickup_Esmeralda_List","Char_113_S01_B"
"13_Summon_Pickup_Esmeralda_List_04","13_Summon_Pickup_Esmeralda_List","Char_097_S01_D"
"13_Summon_Pickup_Esmeralda_List_05","13_Summon_Pickup_Esmeralda_List","Char_007_S01_D"
"13_Summon_Pickup_Esmeralda_List_06","13_Summon_Pickup_Esmeralda_List","Char_044_S01_D"
"13_Summon_Pickup_Esmeralda_List_07","13_Summon_Pickup_Esmeralda_List","Char_038_S01_L"
"13_Summon_Pickup_Esmeralda_List_08","13_Summon_Pickup_Esmeralda_List","Char_112_S01_B"
"13_Summon_Pickup_Esmeralda_List_09","13_Summon_Pickup_Esmeralda_List","Char_011_S01_R"
"13_Summon_Pickup_Esmeralda_List_10","13_Summon_Pickup_Esmeralda_List","Char_010_S01_B"
"13_Summon_Pickup_Esmeralda_List_11","13_Summon_Pickup_Esmeralda_List","Char_014_S01_D"
"13_Summon_Pickup_Esmeralda_List_12","13_Summon_Pickup_Esmeralda_List","Char_091_S01_G"
"13_Summon_Pickup_Esmeralda_List_13","13_Summon_Pickup_Esmeralda_List","Char_072_S01_R"
"13_Summon_Pickup_Esmeralda_List_14","13_Summon_Pickup_Esmeralda_List","Char_085_S01_B"
"13_Summon_Pickup_Esmeralda_List_15","13_Summon_Pickup_Esmeralda_List","Char_067_S01_B"
"13_Summon_Pickup_Esmeralda_List_16","13_Summon_Pickup_Esmeralda_List","Char_101_S01_B"
"13_Summon_Pickup_Esmeralda_List_17","13_Summon_Pickup_Esmeralda_List","Char_083_S01_B"
"13_Summon_Pickup_Esmeralda_List_18","13_Summon_Pickup_Esmeralda_List","Char_090_S01_L"
"13_Summon_Pickup_Esmeralda_List_19","13_Summon_Pickup_Esmeralda_List","Char_084_S01_G"
"13_Summon_Pickup_Esmeralda_List_20","13_Summon_Pickup_Esmeralda_List","Char_105_S01_B"
"13_Summon_Pickup_Esmeralda_List_21","13_Summon_Pickup_Esmeralda_List","Char_106_S01_R"
"13_Summon_Pickup_Esmeralda_List_22","13_Summon_Pickup_Esmeralda_List","Char_104_S01_G"
"13_Summon_Pickup_Esmeralda_List_23","13_Summon_Pickup_Esmeralda_List","Char_066_S01_B"
"13_Summon_Pickup_Esmeralda_List_24","13_Summon_Pickup_Esmeralda_List","Char_114_S01_B"
"13_Summon_Pickup_Esmeralda_List_25","13_Summon_Pickup_Esmeralda_List","Char_089_S01_D"
"13_Summon_Pickup_Esmeralda_List_26","13_Summon_Pickup_Esmeralda_List","Char_009_S01_G"
"13_Summon_Pickup_Esmeralda_List_27","13_Summon_Pickup_Esmeralda_List","Char_037_S01_L"
"13_Summon_Pickup_Esmeralda_List_28","13_Summon_Pickup_Esmeralda_List","Char_015_S01_B"
"13_Summon_Pickup_Esmeralda_List_29","13_Summon_Pickup_Esmeralda_List","Char_088_S01_R"
"13_Summon_Pickup_Esmeralda_List_30","13_Summon_Pickup_Esmeralda_List","Char_111_S01_B"
"13_Summon_Pickup_Esmeralda_List_31","13_Summon_Pickup_Esmeralda_List","Char_034_S01_B"
"13_Summon_Pickup_Esmeralda_List_32","13_Summon_Pickup_Esmeralda_List","Char_005_S01_D"
"13_Summon_Pickup_Esmeralda_List_33","13_Summon_Pickup_Esmeralda_List","Char_077_S01_G"
"13_Summon_Pickup_Esmeralda_List_34","13_Summon_Pickup_Esmeralda_List","Char_008_S01_B"
"13_Summon_Pickup_Esmeralda_List_35","13_Summon_Pickup_Esmeralda_List","Char_080_S01_G"
"13_Summon_Pickup_Esmeralda_List_36","13_Summon_Pickup_Esmeralda_List","Char_041_S01_R"
"13_Summon_Pickup_Esmeralda_List_37","13_Summon_Pickup_Esmeralda_List","Char_100_S01_G"
"13_Summon_Pickup_Esmeralda_List_38","13_Summon_Pickup_Esmeralda_List","Char_040_S01_R"
"13_Summon_Pickup_Esmeralda_List_39","13_Summon_Pickup_Esmeralda_List","Char_001_S01_B"
"13_Summon_Pickup_Esmeralda_List_40","13_Summon_Pickup_Esmeralda_List","Char_002_S01_R"
"13_Summon_Pickup_Esmeralda_List_41","13_Summon_Pickup_Esmeralda_List","Char_078_S01_R"
"13_Summon_Pickup_Esmeralda_List_42","13_Summon_Pickup_Esmeralda_List","Char_051_S01_B"
"13_Summon_Pickup_Esmeralda_List_43","13_Summon_Pickup_Esmeralda_List","Char_073_S01_G"
"13_Summon_Pickup_Esmeralda_List_44","13_Summon_Pickup_Esmeralda_List","Char_098_S01_R"
"13_Summon_Pickup_Esmeralda_List_45","13_Summon_Pickup_Esmeralda_List","Char_016_S01_B"
"13_Summon_Pickup_Esmeralda_List_46","13_Summon_Pickup_Esmeralda_List","Char_006_S01_G"
"13_Summon_Pickup_Esmeralda_List_47","13_Summon_Pickup_Esmeralda_List","Char_003_S01_B"
"13_Summon_Pickup_Esmeralda_List_48","13_Summon_Pickup_Esmeralda_List","Char_103_S01_G"
"13_Summon_Pickup_Esmeralda_List_49","13_Summon_Pickup_Esmeralda_List","Char_062_S01_G"
"13_Summon_Pickup_Esmeralda_List_50","13_Summon_Pickup_Esmeralda_List","Char_099_S01_G"
"13_Summon_Pickup_Esmeralda_List_51","13_Summon_Pickup_Esmeralda_List","Char_087_S01_B"
"13_Summon_Pickup_Esmeralda_List_52","13_Summon_Pickup_Esmeralda_List","Char_115_S01_B"
"14_Summon_Pickup_Emma_List_01","14_Summon_Pickup_Emma_List","Char_116_S01_R"
"14_Summon_Pickup_Emma_List_02","14_Summon_Pickup_Emma_List","Char_039_S01_G"
"14_Summon_Pickup_Emma_List_03","14_Summon_Pickup_Emma_List","Char_113_S01_B"
"14_Summon_Pickup_Emma_List_04","14_Summon_Pickup_Emma_List","Char_097_S01_D"
"14_Summon_Pickup_Emma_List_05","14_Summon_Pickup_Emma_List","Char_007_S01_D"
"14_Summon_Pickup_Emma_List_06","14_Summon_Pickup_Emma_List","Char_044_S01_D"
"14_Summon_Pickup_Emma_List_07","14_Summon_Pickup_Emma_List","Char_038_S01_L"
"14_Summon_Pickup_Emma_List_08","14_Summon_Pickup_Emma_List","Char_112_S01_B"
"14_Summon_Pickup_Emma_List_09","14_Summon_Pickup_Emma_List","Char_011_S01_R"
"14_Summon_Pickup_Emma_List_10","14_Summon_Pickup_Emma_List","Char_010_S01_B"
"14_Summon_Pickup_Emma_List_11","14_Summon_Pickup_Emma_List","Char_014_S01_D"
"14_Summon_Pickup_Emma_List_12","14_Summon_Pickup_Emma_List","Char_091_S01_G"
"14_Summon_Pickup_Emma_List_13","14_Summon_Pickup_Emma_List","Char_072_S01_R"
"14_Summon_Pickup_Emma_List_14","14_Summon_Pickup_Emma_List","Char_085_S01_B"
"14_Summon_Pickup_Emma_List_15","14_Summon_Pickup_Emma_List","Char_067_S01_B"
"14_Summon_Pickup_Emma_List_16","14_Summon_Pickup_Emma_List","Char_101_S01_B"
"14_Summon_Pickup_Emma_List_17","14_Summon_Pickup_Emma_List","Char_083_S01_B"
"14_Summon_Pickup_Emma_List_18","14_Summon_Pickup_Emma_List","Char_090_S01_L"
"14_Summon_Pickup_Emma_List_19","14_Summon_Pickup_Emma_List","Char_084_S01_G"
"14_Summon_Pickup_Emma_List_20","14_Summon_Pickup_Emma_List","Char_105_S01_B"
"14_Summon_Pickup_Emma_List_21","14_Summon_Pickup_Emma_List","Char_106_S01_R"
"14_Summon_Pickup_Emma_List_22","14_Summon_Pickup_Emma_List","Char_104_S01_G"
"14_Summon_Pickup_Emma_List_23","14_Summon_Pickup_Emma_List","Char_066_S01_B"
"14_Summon_Pickup_Emma_List_24","14_Summon_Pickup_Emma_List","Char_114_S01_B"
"14_Summon_Pickup_Emma_List_25","14_Summon_Pickup_Emma_List","Char_089_S01_D"
"14_Summon_Pickup_Emma_List_26","14_Summon_Pickup_Emma_List","Char_009_S01_G"
"14_Summon_Pickup_Emma_List_27","14_Summon_Pickup_Emma_List","Char_037_S01_L"
"14_Summon_Pickup_Emma_List_28","14_Summon_Pickup_Emma_List","Char_015_S01_B"
"14_Summon_Pickup_Emma_List_29","14_Summon_Pickup_Emma_List","Char_088_S01_R"
"14_Summon_Pickup_Emma_List_30","14_Summon_Pickup_Emma_List","Char_111_S01_B"
"14_Summon_Pickup_Emma_List_31","14_Summon_Pickup_Emma_List","Char_034_S01_B"
"14_Summon_Pickup_Emma_List_32","14_Summon_Pickup_Emma_List","Char_005_S01_D"
"14_Summon_Pickup_Emma_List_33","14_Summon_Pickup_Emma_List","Char_077_S01_G"
"14_Summon_Pickup_Emma_List_34","14_Summon_Pickup_Emma_List","Char_008_S01_B"
"14_Summon_Pickup_Emma_List_35","14_Summon_Pickup_Emma_List","Char_080_S01_G"
"14_Summon_Pickup_Emma_List_36","14_Summon_Pickup_Emma_List","Char_041_S01_R"
"14_Summon_Pickup_Emma_List_37","14_Summon_Pickup_Emma_List","Char_100_S01_G"
"14_Summon_Pickup_Emma_List_38","14_Summon_Pickup_Emma_List","Char_040_S01_R"
"14_Summon_Pickup_Emma_List_39","14_Summon_Pickup_Emma_List","Char_001_S01_B"
"14_Summon_Pickup_Emma_List_40","14_Summon_Pickup_Emma_List","Char_002_S01_R"
"14_Summon_Pickup_Emma_List_41","14_Summon_Pickup_Emma_List","Char_078_S01_R"
"14_Summon_Pickup_Emma_List_42","14_Summon_Pickup_Emma_List","Char_051_S01_B"
"14_Summon_Pickup_Emma_List_43","14_Summon_Pickup_Emma_List","Char_073_S01_G"
"14_Summon_Pickup_Emma_List_44","14_Summon_Pickup_Emma_List","Char_098_S01_R"
"14_Summon_Pickup_Emma_List_45","14_Summon_Pickup_Emma_List","Char_016_S01_B"
"14_Summon_Pickup_Emma_List_46","14_Summon_Pickup_Emma_List","Char_006_S01_G"
"14_Summon_Pickup_Emma_List_47","14_Summon_Pickup_Emma_List","Char_003_S01_B"
"14_Summon_Pickup_Emma_List_48","14_Summon_Pickup_Emma_List","Char_103_S01_G"
"14_Summon_Pickup_Emma_List_49","14_Summon_Pickup_Emma_List","Char_062_S01_G"
"14_Summon_Pickup_Emma_List_50","14_Summon_Pickup_Emma_List","Char_099_S01_G"
"14_Summon_Pickup_Emma_List_51","14_Summon_Pickup_Emma_List","Char_087_S01_B"
"14_Summon_Pickup_Emma_List_52","14_Summon_Pickup_Emma_List","Char_115_S01_B"
"15_Summon_Pickup_JamieHook_List_01","15_Summon_Pickup_JamieHook_List","Char_116_S01_R"
"15_Summon_Pickup_JamieHook_List_02","15_Summon_Pickup_JamieHook_List","Char_039_S01_G"
"15_Summon_Pickup_JamieHook_List_03","15_Summon_Pickup_JamieHook_List","Char_113_S01_B"
"15_Summon_Pickup_JamieHook_List_04","15_Summon_Pickup_JamieHook_List","Char_097_S01_D"
"15_Summon_Pickup_JamieHook_List_05","15_Summon_Pickup_JamieHook_List","Char_007_S01_D"
"15_Summon_Pickup_JamieHook_List_06","15_Summon_Pickup_JamieHook_List","Char_044_S01_D"
"15_Summon_Pickup_JamieHook_List_07","15_Summon_Pickup_JamieHook_List","Char_038_S01_L"
"15_Summon_Pickup_JamieHook_List_08","15_Summon_Pickup_JamieHook_List","Char_112_S01_B"
"15_Summon_Pickup_JamieHook_List_09","15_Summon_Pickup_JamieHook_List","Char_011_S01_R"
"15_Summon_Pickup_JamieHook_List_10","15_Summon_Pickup_JamieHook_List","Char_010_S01_B"
"15_Summon_Pickup_JamieHook_List_11","15_Summon_Pickup_JamieHook_List","Char_014_S01_D"
"15_Summon_Pickup_JamieHook_List_12","15_Summon_Pickup_JamieHook_List","Char_091_S01_G"
"15_Summon_Pickup_JamieHook_List_13","15_Summon_Pickup_JamieHook_List","Char_072_S01_R"
"15_Summon_Pickup_JamieHook_List_14","15_Summon_Pickup_JamieHook_List","Char_085_S01_B"
"15_Summon_Pickup_JamieHook_List_15","15_Summon_Pickup_JamieHook_List","Char_067_S01_B"
"15_Summon_Pickup_JamieHook_List_16","15_Summon_Pickup_JamieHook_List","Char_101_S01_B"
"15_Summon_Pickup_JamieHook_List_17","15_Summon_Pickup_JamieHook_List","Char_083_S01_B"
"15_Summon_Pickup_JamieHook_List_18","15_Summon_Pickup_JamieHook_List","Char_090_S01_L"
"15_Summon_Pickup_JamieHook_List_19","15_Summon_Pickup_JamieHook_List","Char_084_S01_G"
"15_Summon_Pickup_JamieHook_List_20","15_Summon_Pickup_JamieHook_List","Char_105_S01_B"
"15_Summon_Pickup_JamieHook_List_21","15_Summon_Pickup_JamieHook_List","Char_106_S01_R"
"15_Summon_Pickup_JamieHook_List_22","15_Summon_Pickup_JamieHook_List","Char_104_S01_G"
"15_Summon_Pickup_JamieHook_List_23","15_Summon_Pickup_JamieHook_List","Char_066_S01_B"
"15_Summon_Pickup_JamieHook_List_24","15_Summon_Pickup_JamieHook_List","Char_114_S01_B"
"15_Summon_Pickup_JamieHook_List_25","15_Summon_Pickup_JamieHook_List","Char_089_S01_D"
"15_Summon_Pickup_JamieHook_List_26","15_Summon_Pickup_JamieHook_List","Char_009_S01_G"
"15_Summon_Pickup_JamieHook_List_27","15_Summon_Pickup_JamieHook_List","Char_037_S01_L"
"15_Summon_Pickup_JamieHook_List_28","15_Summon_Pickup_JamieHook_List","Char_015_S01_B"
"15_Summon_Pickup_JamieHook_List_29","15_Summon_Pickup_JamieHook_List","Char_088_S01_R"
"15_Summon_Pickup_JamieHook_List_30","15_Summon_Pickup_JamieHook_List","Char_111_S01_B"
"15_Summon_Pickup_JamieHook_List_31","15_Summon_Pickup_JamieHook_List","Char_034_S01_B"
"15_Summon_Pickup_JamieHook_List_32","15_Summon_Pickup_JamieHook_List","Char_005_S01_D"
"15_Summon_Pickup_JamieHook_List_33","15_Summon_Pickup_JamieHook_List","Char_077_S01_G"
"15_Summon_Pickup_JamieHook_List_34","15_Summon_Pickup_JamieHook_List","Char_008_S01_B"
"15_Summon_Pickup_JamieHook_List_35","15_Summon_Pickup_JamieHook_List","Char_080_S01_G"
"15_Summon_Pickup_JamieHook_List_36","15_Summon_Pickup_JamieHook_List","Char_041_S01_R"
"15_Summon_Pickup_JamieHook_List_37","15_Summon_Pickup_JamieHook_List","Char_100_S01_G"
"15_Summon_Pickup_JamieHook_List_38","15_Summon_Pickup_JamieHook_List","Char_040_S01_R"
"15_Summon_Pickup_JamieHook_List_39","15_Summon_Pickup_JamieHook_List","Char_001_S01_B"
"15_Summon_Pickup_JamieHook_List_40","15_Summon_Pickup_JamieHook_List","Char_002_S01_R"
"15_Summon_Pickup_JamieHook_List_41","15_Summon_Pickup_JamieHook_List","Char_078_S01_R"
"15_Summon_Pickup_JamieHook_List_42","15_Summon_Pickup_JamieHook_List","Char_051_S01_B"
"15_Summon_Pickup_JamieHook_List_43","15_Summon_Pickup_JamieHook_List","Char_073_S01_G"
"15_Summon_Pickup_JamieHook_List_44","15_Summon_Pickup_JamieHook_List","Char_098_S01_R"
"15_Summon_Pickup_JamieHook_List_45","15_Summon_Pickup_JamieHook_List","Char_016_S01_B"
"15_Summon_Pickup_JamieHook_List_46","15_Summon_Pickup_JamieHook_List","Char_006_S01_G"
"15_Summon_Pickup_JamieHook_List_47","15_Summon_Pickup_JamieHook_List","Char_003_S01_B"
"15_Summon_Pickup_JamieHook_List_48","15_Summon_Pickup_JamieHook_List","Char_103_S01_G"
"15_Summon_Pickup_JamieHook_List_49","15_Summon_Pickup_JamieHook_List","Char_062_S01_G"
"15_Summon_Pickup_JamieHook_List_50","15_Summon_Pickup_JamieHook_List","Char_099_S01_G"
"15_Summon_Pickup_JamieHook_List_51","15_Summon_Pickup_JamieHook_List","Char_087_S01_B"
"15_Summon_Pickup_JamieHook_List_52","15_Summon_Pickup_JamieHook_List","Char_115_S01_B"
