{"3000000":
{
    "pos2D" : {
        "x" : -0.839999973773956,
        "y" : 0.0900000035762787,
        "z" : -25.0
    },
    "scale2D" : {
        "x" : 0.200000002980232,
        "y" : 0.200000002980232,
        "z" : 0.200000002980232
    },
    "pos3D"   : {
        "x" : 0.0,
        "y" : 0.0,
        "z" : 0.0
    },
    "rot3D"   : {
        "x" : 0.0,
        "y" : 0.0,
        "z" : 0.0,
        "w" : 1.0
    },
    "scale3D" : {
        "x" : 1.0,
        "y" : 1.0,
        "z" : 1.0
    },
    "posSpine" : {
        "x" : 0.0,
        "y" : 0.0,
        "z" : 0.0
    },
    "scaleSpine" : {
        "x" : 0.200000002980232,
        "y" : 0.200000002980232,
        "z" : 0.200000002980232
    },
    "normalCameraPosition" : {
        "x" : 0.0,
        "y" : 1.05999994277954,
        "z" : 0.0
    },
    "dotColor"             : {
        "r" : 1.0,
        "g" : 1.0,
        "b" : 1.0,
        "a" : 1.0
    },
    "representColor"       : {
        "r" : 1.0,
        "g" : 1.0,
        "b" : 1.0,
        "a" : 1.0
    },
    "roleID"               : "3000000",
    "roleAssetName"        : "3000000",
    "Offset"               : 1.1,
    "AssetFromType"        : 0
},"3000001":
{
    "pos2D" : {
        "x" : -1.0,
        "y" : 0.0299999993294477,
        "z" : -25.0
    },
    "scale2D" : {
        "x" : 0.123000003397465,
        "y" : 0.123000003397465,
        "z" : 0.123000003397465
    },
    "pos3D"   : {
        "x" : -0.0150000005960464,
        "y" : -0.0759999752044678,
        "z" : 5.0
    },
    "rot3D"   : {
        "x" : 0.0,
        "y" : 1.0,
        "z" : 0.0,
        "w" : -4.37113882867379E-08
    },
    "scale3D" : {
        "x" : 1.0,
        "y" : 1.0,
        "z" : 1.0
    },
    "posSpine" : {
        "x" : -0.730000019073486,
        "y" : 0.100000001490116,
        "z" : -25.0
    },
    "scaleSpine" : {
        "x" : 0.185000002384186,
        "y" : 0.185000002384186,
        "z" : 0.185000002384186
    },
    "normalCameraPosition" : {
        "x" : 0.5,
        "y" : 1.05999994277954,
        "z" : 0.0
    },
    "dotColor"             : {
        "r" : 0.121568627655506,
        "g" : 0.61176472902298,
        "b" : 0.69803923368454,
        "a" : 1.0
    },
    "representColor"       : {
        "r" : 0.121568627655506,
        "g" : 0.61176472902298,
        "b" : 0.69803923368454,
        "a" : 1.0
    },
    "roleID"               : "3000001",
    "roleAssetName"        : "3000001",
    "Offset"               : 1.1,
    "AssetFromType"        : 0
},"3000002":
{
    "pos2D" : {
        "x" : -0.829999983310699,
        "y" : 0.25,
        "z" : -25.0
    },
    "scale2D" : {
        "x" : 0.12950000166893,
        "y" : 0.12950000166893,
        "z" : 0.12950000166893
    },
    "pos3D"   : {
        "x" : 0.00999999791383743,
        "y" : 0.124000072479248,
        "z" : 5.0
    },
    "rot3D"   : {
        "x" : 0.0,
        "y" : 1.0,
        "z" : 0.0,
        "w" : -4.37113882867379E-08
    },
    "scale3D" : {
        "x" : 1.0,
        "y" : 1.0,
        "z" : 1.0
    },
    "posSpine" : {
        "x" : -0.730000019073486,
        "y" : 0.100000001490116,
        "z" : -25.0
    },
    "scaleSpine" : {
        "x" : 0.185000002384186,
        "y" : 0.185000002384186,
        "z" : 0.185000002384186
    },
    "normalCameraPosition" : {
        "x" : 0.5,
        "y" : 1.05999994277954,
        "z" : 0.0
    },
    "dotColor"             : {
        "r" : 0.709803938865662,
        "g" : 0.168627455830574,
        "b" : 0.168627455830574,
        "a" : 1.0
    },
    "representColor"       : {
        "r" : 0.709803938865662,
        "g" : 0.168627455830574,
        "b" : 0.168627455830574,
        "a" : 1.0
    },
    "roleID"               : "3000002",
    "roleAssetName"        : "3000002",
    "Offset"               : 1.1,
    "AssetFromType"        : 0
},"3000003":
{
    "pos2D" : {
        "x" : -0.840000033378601,
        "y" : -0.131999999284744,
        "z" : -25.0
    },
    "scale2D" : {
        "x" : 0.12950000166893,
        "y" : 0.12950000166893,
        "z" : 0.12950000166893
    },
    "pos3D"   : {
        "x" : -0.0350000001490116,
        "y" : -0.125999927520752,
        "z" : 5.0
    },
    "rot3D"   : {
        "x" : 0.0,
        "y" : 1.0,
        "z" : 0.0,
        "w" : -4.37113882867379E-08
    },
    "scale3D" : {
        "x" : 1.0,
        "y" : 1.0,
        "z" : 1.0
    },
    "posSpine" : {
        "x" : -0.730000019073486,
        "y" : 0.100000001490116,
        "z" : -25.0
    },
    "scaleSpine" : {
        "x" : 0.185000002384186,
        "y" : 0.185000002384186,
        "z" : 0.185000002384186
    },
    "normalCameraPosition" : {
        "x" : 0.5,
        "y" : 1.05999994277954,
        "z" : 0.0
    },
    "dotColor"             : {
        "r" : 0.580392181873322,
        "g" : 0.419607847929001,
        "b" : 0.450980395078659,
        "a" : 1.0
    },
    "representColor"       : {
        "r" : 0.580392181873322,
        "g" : 0.419607847929001,
        "b" : 0.450980395078659,
        "a" : 1.0
    },
    "roleID"               : "3000003",
    "roleAssetName"        : "3000003",
    "Offset"               : 1.1,
    "AssetFromType"        : 0
},"3000004":
{
    "pos2D" : {
        "x" : -0.860000014305115,
        "y" : 0.119999997317791,
        "z" : -25.0
    },
    "scale2D" : {
        "x" : 0.12950000166893,
        "y" : 0.12950000166893,
        "z" : 0.12950000166893
    },
    "pos3D"   : {
        "x" : -0.0649999976158142,
        "y" : -0.0759999752044678,
        "z" : 5.0
    },
    "rot3D"   : {
        "x" : 0.0,
        "y" : 1.0,
        "z" : 0.0,
        "w" : -4.37113882867379E-08
    },
    "scale3D" : {
        "x" : 1.0,
        "y" : 1.0,
        "z" : 1.0
    },
    "posSpine" : {
        "x" : -0.730000019073486,
        "y" : 0.100000001490116,
        "z" : -25.0
    },
    "scaleSpine" : {
        "x" : 0.185000002384186,
        "y" : 0.185000002384186,
        "z" : 0.185000002384186
    },
    "normalCameraPosition" : {
        "x" : 0.5,
        "y" : 1.05999994277954,
        "z" : 0.0
    },
    "dotColor"             : {
        "r" : 0.0784313753247261,
        "g" : 0.43529412150383,
        "b" : 0.5686274766922,
        "a" : 1.0
    },
    "representColor"       : {
        "r" : 0.0784313753247261,
        "g" : 0.43529412150383,
        "b" : 0.5686274766922,
        "a" : 1.0
    },
    "roleID"               : "3000004",
    "roleAssetName"        : "3000004",
    "Offset"               : 1.1,
    "AssetFromType"        : 0
},"3000005":
{
    "pos2D" : {
        "x" : -0.879999995231628,
        "y" : 0.172999992966652,
        "z" : -25.0
    },
    "scale2D" : {
        "x" : 0.12950000166893,
        "y" : 0.12950000166893,
        "z" : 0.12950000166893
    },
    "pos3D"   : {
        "x" : -0.0750000029802322,
        "y" : -0.0759999752044678,
        "z" : 5.0
    },
    "rot3D"   : {
        "x" : 0.0,
        "y" : 1.0,
        "z" : 0.0,
        "w" : -4.37113882867379E-08
    },
    "scale3D" : {
        "x" : 1.0,
        "y" : 1.0,
        "z" : 1.0
    },
    "posSpine" : {
        "x" : -0.730000019073486,
        "y" : 0.100000001490116,
        "z" : -25.0
    },
    "scaleSpine" : {
        "x" : 0.185000002384186,
        "y" : 0.185000002384186,
        "z" : 0.185000002384186
    },
    "normalCameraPosition" : {
        "x" : 0.5,
        "y" : 1.05999994277954,
        "z" : 0.0
    },
    "dotColor"             : {
        "r" : 0.5686274766922,
        "g" : 0.215686276555061,
        "b" : 0.0705882385373116,