id	desc	effects	refresh	isUnique	isUniqueAll	levelUpType	buffType	endType	endNum	endOrder	stackingType	sameBuffStackingType	effectTrigger	triggerCd	triggerClickType	effectTarget	effectType	triggerOrder	effectId	isClear	isStolen	isIgnore	removeByMaster	showId	showDesc	buffTags	status
int	int	int	int	int	int	int	int	int	int	int	int	int	int	int	int	int	int	int	int	int	int	int	int	int	int	int	int
900011	合卡技空buff	10001		0			0			2	2	1						2		0	0	1					1
101004051	红色湿垃圾-技能B-提升30%穿透	411203151		1			1			2	2	1						2		1	1	0		100901	100901		1
101050051	情绪病粉丝B-技能B-提升30%穿透	411203151		1			1			2	2	1						2		1	1	0		100901	100901		1
101009051	贩卖机-技能B-根据攻击生成单体护盾	405010152		0			1			2	1	1						2		0	0	0		110202	110202		1
101009053	贩卖机-技能B-嘲讽	410001151		0			0			2	1	1						2		0	0	0		300001	300001		1
101009052	贩卖机-技能B-生成全体护盾，提升防御10000%	101009051;101009052		0			0			2	1	1						2		1	0	0		300001	101009052		1
101015051	油漆狗-技能2-自身单体护盾	405010152		0			1			2	1	1						2		0	0	0		110202	110202		1
101016051	青铜马-技能2-全体友军护盾	405010151		0			1			2	1	1						2		0	0	0		110202	110202		1
101042051	傀化盾鼠-技能2-单体加防50%，2回合	412010158		1			1			2	1	1						2		1	1	0		100201	100201		1
101042052	傀化盾鼠-技能2-嘲讽	410001151		0			0			2	2	1						2		1	1	0		300001	300001		1
101042053	傀化盾鼠-大招-晕眩，2回合	404010151		1			2			2	2	1								1	1	0		210301	210301		1
101044051	海鸥流氓-技能2-单体护盾	405010155		0			1			2	1	1						2		0	0	0		110202	110202		1
101044052	海鸥流氓-技能2-群体嘲讽	410001151		0			0			2	2	1						2		1	1	0		300001	300001		1
101051051	情绪病粉丝C-技能2-全体友方护盾	405010151		0			1			2	1	1						2		0	0	0		110202	110202		1
112010151	有害垃圾-技能B-降低20%防御	412010151		1			2			2	2	1								1	1	0		200201	200201		1
116030151	掘地兔-技能B-提升100%暴击率	416030151		1			1			2	2	1								1	1	0		100501	100501		1
104070151	红绿灯-大招-沉默	404070151		0			2			2	2	4								1	1	0		210303	210303		1
101102151	街机人-提升10攻击力，1回合	401102158		1			1			2	2	1								1	1	0		100101	100101		1
101014051	拉吧人-技能B-降低20%暴击率	416030156		1			2			2	2	1						2		1	1	0		200501	200501		1
104010151	拉吧人-大招-沉默2回合	404070151		0			2			2	2	1								1	1	0		210303	210303		1
101014052	换皮拉吧人-技能2-降低暴击率30%，3回合	416030157		1			2			2	2	1								1	1	0		200501	200501		1
101014053	拉吧人-大招-晕眩2回合	404010151		1			2			2	2	1								1	1	0		210301	210301		1
143102351	耀州傀男-2技能-子效果-受到治疗效果提升20%3回合	411602152		1			1			2	2	1								1	1	0		101401	101401		1
141101851	耀州情绪蘑菇-1技能-子效果-感染-无法获得治疗	407020155;407020157		1			2			2	2	1								1	1	0		210319	210319		1
141102251	耀州电线杆-2技能-降低受到治疗效果50%，2回合	411602151		1			2			2	2	1								1	1	0		201401	201401		1
141102051	旧城区小老鼠-大招-子效果3-受到护盾效果提升50%，3回合	412102152		1			1			2	2	1						2		1	1	0		101801	101801		1
141104151	旧城区剑鼠-大招-子效果-禁止使用buff技能2回合	404030151		1			2			2	2	1								1	1	0		210306	210306		1
141106051	中心区血液病人B-大招-子效果3-无法获得buff	407020156		1			2			2	2	1								1	1	0		210312	210312		1
104010152	高压炉-技能B-冰封禁止行动，额外真伤	404010151		0			2	1004	999	2	2	1	1004	2		301	2	1	201120551	1	1	0		210309;3000131;3000132	210309		1
103010151	胶囊怪-技能B-根据100攻击力HOT治疗	403010151		0			1			2	2	1								1	1	0		110201	110201		1
111701151	【只用作预效果】100%吸血固定值	411701151		0			0	1002	1	2	2	1								0	0	1					1
111701152	【只用作预效果】30%吸血固定值	411701153		0			0	1002	1	2	2	1								0	0	1					1
111701153	【只用作预效果】50%吸血固定值	411701152		0			0	1002	1	2	2	1								0	0	1					1
111701154	100%吸血固定值	411701151		1			0	1001	1	2	2	1								0	0	1		101501	111701154		1
101102152	傀女-技能B-友方提升30%攻击力	401102152		1			1			2	2	1								1	1	0		100101	100101		1
112010152	小魔方-技能B-降低10%防御，最高5层	412010152		1			2			2	2	3								1	1	0		200201	200201		1
111303151	小兔子-技能B-降低30%忍耐	411303151		1			2			2	2	1								1	1	0		201001	201001		1
104040151	小兔子-大招-恐惧，无法使用攻击技能	404040151		0			2			2	2	1								1	1	0		210304	210304		1
104030151	海鸥流氓-大招-禁BUFF无法使用增益	404030151		0			2			2	2	4								1	1	0		210306	210306		1
111303152	傀化平板-技能B-友方提升30%忍耐	411303152		0			1			2	2	2								1	1	0		101001	101001		1
111303153	傀化平板-技能B-友方提升30%防御	412010153		1			1			2	2	1								1	1	0		100201	100201		1
111602151	键盘鹿-技能B-降低受到的治疗效果50%	411602151		1			2			2	2	1								1	1	0		201401	201401		1
101102153	架子鼓蜘蛛-技能B-降低20%攻击力	401102153		1			2			2	2	1								1	1	0		200101	200101		1
101102154	架子鼓蜘蛛-技能B-降低30%防御力	412010154		1			2			2	2	1								1	1	0		200201	200201		1
104060151	架子鼓蜘蛛-大招-禁止恢复类技能	404060151		0			2			2	2	4								1	1	0		210305	210305		1
104020151	医用垃圾-大招-睡眠2回合	404020151		0			2	1004	999	2	2	4								1	1	0		210308	210308		1
104020152	医用垃圾-判断睡眠是否自然消失产生治疗	10001		0			0			2	2	4	9087	2		301	2	2	202010451	1	1	0					1
112010153	肖特朗门-技能A-提升30%防御	412010153		1			1			2	2	1								1	1	0		100201	100201		1
101009001	贩卖机-大招-子效果3-提升30%防御力3回合	412010153		1			1			2	2	1								1	1	0		100201	100201		1
101104051	兔子骑士-技能B-反击释放技能1	10001		0			1			2	2	1	1004	2	0	101	4	2	511104001	0	0	1		300006	300006		1
104002051	男忍者-技能D-提升50%受到治疗	411602154		1			1			2	2	1						2		1	1	0		101401	101401		1
104002052	男忍者-技能D-提升50%受到护盾	412102152		1			1			2	2	1						2		1	1	0		101801	101801		1
104002053	男忍者-爬塔技能1/3-降低生命上限10%	413020151		0			2			2	2	3								1	1	0		200301	200301		1
104003051	豚鼠-技能B-降低20%穿透	411203153		1			2			2	2	1						2		1	1	0		200901	200901		1
104003052	豚鼠-技能C-自身提升30%忍耐	411303152		1			1			2	2	1								1	1	0		101001	101001		1
104004051	人偶怪-技能B-自身提升45%暴击	416030152		1			1			2	2	1								1	1	0		100501	100501		1
104004052	人偶怪-技能B-降低30%暴击抵抗	418030151		1			2			2	2	1								1	1	0		200701	200701		1
104004053	人偶怪-升级技能A-子效果3-沉默2回合	404070151		0			2			2	2	1								1	1	0		210303	210303		1
104004054	人偶怪-升级技能B-主效果-生命能力+30%	413020153;411601152;412101154;412102153;411602155					1			2	2	1								1	1	0		110103	110103		1
104004055	人偶怪-升级大招标记	10001		0			0	9244	1	2	2	3								1	1	0					1
104005051	狂人剑客-技能5-根据攻击生成单体护盾	405010155		0			1			2	1	1								0	0	0		110202	110202		1
104005052	狂人剑客-大招-永久禁疗	407020155;407020157		1			2			2	2	1								1	1	0		210319	210319		1
104005053	狂人剑客-区域被动-自身获得治疗时攻击力提升10%	10001		0			0			2	2	1	9236	2		301	1	2	104005054	0	0	1		300014	104005053		1
104005054	狂人剑客-区域被动-攻击每层+10%	401102158		0			1			2	2	3								1	1	0		100101	100101		1
104006051	小学生-技能C-一层护盾，护盾存在时暴击抵抗提升100%	405010152		0			1			2	1	1								0	0	0		110202	110202		1
104006052	小学生-技能C-提升100%暴击抵抗	418030152		1			1	1106	999	2	2	1								1	1	0		100701	100701		1
104008051	挖掘机-技能C-根据防御100生成单体护盾	405020152		0			1			2	1	1								0	0	0		110202	110202		1
104008052	挖掘机-技能E-debuff屏蔽	409020152		1			1			2	2	1								1	1	0		110203	110203		1
104008053	挖掘机-技能E-降低目标15%攻击力	411020108		1			1			2	2	1								1	1	0		200101	200101		1
104008054	挖掘机-技能C-根据生命值30%生成单体护盾	405040151		0			1			2	1	1								0	0	0		110202	110202		1
104009051	小丑-技能C-全体友军护盾	405010151		0			1			2	1	1						2		0	0	0		110202	110202		1
104009052	小丑-技能D-炸弹，35%概率爆炸	10001		0			2			2	2	1	9055	2		301	2	2	201020101	1	1	0					1
104009053	小丑-技能D-提升30%穿透	411203151		1			1			2	2	1						2		1	0	0		100901	100901		1
104010051	黑帮潮男-技能3-群体嘲讽	410001151		0			0			2	2	1						2		1	1	0		300001	300001		1
104010052	黑帮潮男-技能3-降低受到的最终伤害30%	411502151		1			1			2	2	1								1	1	0		101101	101101		1
104014051	小女孩-技能2-提升20%受到的治疗效果	411602152		1			1			2	2	1								1	1	0		101401	101401		1
104014052	小女孩-大招-恐惧，无法使用攻击技能	404040151		0			2			2	2	1								1	1	0		210304	210304		1
104014053	小女孩-技能1-降低受到的治疗效果50%	411602151		1			2			2	2	1								1	1	0		201401	201401		1
104016051	【怪物通用】攻击力下降10%，最高6层	401102161		1			2			2	2	3						2		1	1	1		200101	200101		1
104016052	键盘鹿-技能3-根据250攻击生成单体护盾	405010155		0			1			2	1	1						2		0	0	0		110202	110202		1
104017051	话筒蜥蜴-技能C-提升50%暴击抵抗	418030153		1			1			2	2	1								1	1	0		100701	100701		1
104017052	话筒蜥蜴-技能1-降低防御力，1层10%，最高10层	412010152		1			2			2	2	3								1	1	0		200201	200201		1
104017053	话筒蜥蜴-技能C-提升50%忍耐率	411303157		1			1			2	2	1								1	1	0		101001	101001		1
104020051	杰克皇-技能2-提升15%攻击相关能力	411020114;416030110;417030111;411203109		1			1			2	2	1								1	1	0		110210	110101		1
104020052	杰克皇-大招-沉默2回合	404070151		0			2			2	2	4								1	1	0		210303	210303		1
104021051	熊猫悦悦-技能3-自身单体250护盾	405010155		0			1			2	1	1						2		0	0	0		110212	110202		1
104021052	熊猫悦悦-技能5-友方全体提升30%忍耐	411303152		1			1			2	2	1								1	1	0		101001	101001		1
104025051	兔子绅士-技能B-30%最大生命值护盾	405040151		0			1			2	1	1						2		0	0	0		110202	110202		1
104025052	兔子绅士-大招-提升140%防御力	412010157		0			1			2	2	1								1	1	0		100201	100201		1
104025053	兔子绅士-区域BOSS被动-蓝色，回合结束时换红	10001		0			0	3012	1	3	2	1	1103	3		301	1;2	2;2	104025054;215010152	0	0	1		300014	104025053		1
104025054	兔子绅士-区域BOSS被动-红色，回合结束时换绿	10001		0			0	3012	1	3	2	1	1103	3		301	1;2	2;2	104025055;215010153	0	0	1		300014	104025054		1
104025055	兔子绅士-区域BOSS被动-绿色，回合结束时换蓝	10001		0			0	3012	1	3	2	1	1103	3		301	1;2	2;2	104025053;215010151	0	0	1		300014	104025055		1
104025056	兔子绅士-爬塔1技能-叠层加防15%	412010155		0			1			3	2	3								1	1	0		100201	100201		1
104025057	兔子绅士-大招-提升50%防御力	412010158		0			1			2	2	1								1	1	0		100201	100201		1
104026051	兔子贵妇-技能3-每回合生命恢复10%	401302151		0			1			2	2	1								1	1	0		110201	110201		1
104026052	兔子贵妇-爬塔2技能-提升20%生命上限	413020152		0			1			2	2	3								1	1	0		100301	100301		1
104030051	战马骑士-技能3-自身提升50%暴击	416030153		1			1			2	2	1								1	1	0		100501	100501		1
104030052	战马骑士-大招-恐惧，无法使用攻击技能	404040151		0			2			2	2	1								1	1	0		210304	210304		1
104030053	战马骑士-区域被动-攻击时无视对方增益(AOE)	10001		0			0			2	2	1	9268	2		102	1	2	104030055	0	0	1		300014	104030053		1
104030054	战马骑士-区域被动-攻击时无视对方增益(单体)	10001		0			0			2	2	1	9269	2		101	1	2	104030055	0	0	1					1
104030055	战马骑士-区域被动-屏蔽增益效果	409020151		1			2	7061	1	2	2	1								0	0	1					1
104031051	铠甲骑士-技能2-眩晕	404010151		1			2			2	2	1								1	1	0		210301	210301		1
104031054	铠甲骑士-技能5-提升30%防御	412010153		1			1			2	2	1								1	1	0		100201	100201		1
104031052	铠甲骑士-技能3-根据250攻击生成单体护盾，护盾存在嘲讽	405010155		0			1			2	1	1								0	0	0		110202	110202		1
104031053	铠甲骑士-群体嘲讽	410001151		0			0	3005	999	2	2	1								1	1	0		300001	300001		1
104031055	铠甲骑士-技能6-额外真伤buff	10001		0			0			2	2	1	9052	2		101	2	2	201020151	1	1	0		300012	300007		1
104031056	铠甲骑士-守护者主要BUFF	406040151		1			0			2	2	1						2		0	0	1		300005	300005		1
104031057	铠甲骑士-守护者次要BUFF	10001		0			0			2	2	1						2		0	0	1		300004	300004		1
104031060	铠甲骑士-技能3-根据150攻击生成单体护盾，护盾存在嘲讽	405010152		0			1			2	1	1								0	0	0		110202	110202		1
104034051	情绪病粉丝A-技能2-3回合无法获得SP	404080151		0			2			2	1	1				0		2	0	1	1	0		210310	210310		1
104035051	双面格斗游戏机-技能3-自身提升30%暴击	416030155		1			1			2	2	1								1	1	0		100501	100501		1
104040051	傀化茶壶-技能3-攻击250护盾	405010155		0			1			2	1	1						2		0	0	0		110202	110202		1
104040052	傀化茶壶-大招-降低30%暴击伤害抵抗	419030151		1			2			2	2	1								1	1	0		200801	200801		1
104041051	血液病人A-提升20%攻击力	401102151		1			1			2	2	1								1	1	0		100101	100101		1
108001051	愤怒猪-技能2-降低20%防御	412010154		1			2			2	2	1								1	1	0		200201	200201		1
108001052	愤怒猪-技能3-提升30%忍耐	411303152		1			1			2	2	1								1	1	0		101001	101001		1
108002051	肖特朗-技能3-提升30%穿透	411203154		1			1			2	2	1						2		1	0	0		110211	100901		1
104020053	杰克皇-技能2-提升15%能力	401102155;416030154;417030151;411203155;412010155;418030155;419030152;411303153;413020152;411602153;412102151;411601151;412101151		1			1			2	2	1								1	1	0		110210	110104		1
104020054	杰克皇-被动-自身获得增益，添加104020056	10001		0			0			2	2	1	1019	1		301	1	2	104020056	0	0	0					1
104020055	杰克皇-被动-自身获得减益，添加104020056	10001		0			0			2	2	1	1019	1		301	1	2	104020056	0	0	0					1
104020056	杰克皇-被动-获得效果时的标记	10001		0			0			2	2	1								0	0	0					1
104020057	杰克皇-被动-检测标记，如存在+3SP	10001		0			0			2	2	1	1104	1		301	2	2	210010103	0	0	0		300014	10402001		1
104021053	熊猫悦悦-技能2-自身提升20%忍耐	411303154		1			1			2	2	1								1	1	0		101001	101001		1
104021054	熊猫悦悦-技能3-降低20%忍耐	411303155		1			2			2	2	1								1	1	0		201001	201001		1
104021055	熊猫悦悦-技能5-攻击250护盾	405010155		0			1			2	1	1						2		0	0	0		110202	110202		1
104021058	熊猫悦悦-技能5-护盾效果提升50%	412101152		0			1			2	1	1						2		1	1	0		101701	101701		1
104021059	熊猫悦悦-技能5-触发护盾	10001		0			0			2	1	1	9451	1		301	1	2	104021055	0	0	1		300014	14021055		1
104031058	铠甲骑士-技能2-2回合无法获得SP	404080151		0			2			2	1	1				0		2	0	1	1	0		210310	210310		1
104031059	铠甲骑士-大招-提升40忍耐率	411303156		1			1			2	2	1								1	1	0		101001	101001		1
101040051	战马铠甲-技能3-提升100%防御	412010160		0			1			2	1	1						2		0	0	0		100201	100201		1
101040052	战马铠甲-被动-没有减少生命触发标记	10001		0			0			2	2	1	1102	1		301	1	2	101040054	0	0	0					1
101040054	战马铠甲-被动-标记	10001		0			0	7313	999	2	2	1						2		0	0	0					1
101040053	战马铠甲-被动-生命值没有减少，恢复SP	10001		0			0			2	2	1	1104	1		301	2	2	210010101	0	0	0		300014	10104001		1
104021056	怪物通用-被动-免疫控制效果	407020151		0			0			2	2	1						2		0	0	1		310204	110204		1
104021057	怪物通用-被动-免疫SP影响	407020152;407020153		0			0			2	2	1						2		0	0	1		310214	110214		1
104021061	怪物通用-被动-免疫控制效果（无特效）	407020151		0			0			2	2	1						2		0	0	1		310205	110204		1
104021062	怪物通用-被动-免疫控制效果（有icon无特效）	407020151		0			0			2	2	1						2		0	0	1		310206	110204		1
100000050	怪物通用-被动-行动次数+3，空效果，只有描述	10001		0			0			2	2	1						2		0	0	1		300014	10000050		1
100000051	怪物通用-被动-行动次数+1，空效果，只有描述	10001		0			0			2	2	1						2		0	0	1		300014	10000051		1
100000052	怪物通用-被动-行动次数+2，空效果，只有描述	10001		0			0			2	2	1						2		0	0	1		300014	10000052		1
100000053	怪物通用-被动-触发忍耐率	10001		0			0			2	2	3	1102	1		301	3	2	1010004	0	0	1		300014	10000053		1
100000054	怪物通用-被动-每回合开始时，获得50%忍耐率，每次受到伤害，加成值会降低5%	411303158		0			0	1004	1	2	2	3								0	0	1					1
100000055	怪物通用-被动-半血转阶段	10002		0			0			2	2	1	7252	1		301	1	2		0	0	1					1
111200851	米娅-技能1-提升20攻击力	401102151		0			0			2	2	1								1	1	0		100101	100101		1
111200852	米娅-技能2-单体护盾	405010155		0			1			2	1	1						2		0	0	1		110202	110202		1
104033051	傀化手机男-技能2-禁止受到增益3回合	409020151		0		3	2			2	2	1								1	1	0		210313	210313		1
104033052	傀化手机男-大招-禁止使用治疗2回合	404060151		0			2			2	2	1								1	1	0		210305	210305		1
104033053	傀化手机男-技能3-主效果-降低目标20%防御，不超过自己防御力的20%2回合	412029052		1			2				2	1								1	1	0	1				1
104033054	傀化手机男-技能3-子效果3-施加给敌方，立即生效对手机男施加104033055	10001					0				2	1	9083	3		134	1	2	104033055	0	0	1	1				1
104033055	傀化手机男-技能3-触发器效果-增加目标20%防御，不超过目标防御力的20%2回合	412029051		1			0				2	3								1	1	0	1				1
101041051	傀化剑鼠-被动-自身提升15%暴击	416030154		0			0			2	2	1								0	0	1		100501	10000054		1
104021060	怪物通用-被动-提升15%暴击率	416030154		0			0			2	2	1						2		0	0	1					1
111500851	奥尔嘉-技能2-降低忍耐率30%，持续2回合	411303155		1			2				2	1								1	1	0		201001	201001		1
101054051	胜利格斗游戏机-技能B-提升30%攻击力	401102152		1			1			2	2	1								1	1	0		100101	100101		1
101055051	失败格斗游戏机-技能B-降低30%攻击力	401102153		1			2			2	2	1								1	1	0		200101	200101		1
104023051	小型莫布-技能2-免疫所有负面状态效果2回合	407020154		1			1			2	1	1						2		0	0	1		110203	110203		1
104023052	小型莫布-大招-子效果3-禁止进攻技能2回合	404040101					2				2	1								1	1	0		210304	210304		1
141100501	换皮气球-2技能-单次攻击提升20%	401102151		1			1	1002	1	2	2	3						2		1	1	0		100101	100101		1
141101251	凛北雷达人-2技能-子效果-沉默2回合	404070151		1			2			2	2	1						2		1	1	0		210303	210303		1
108010001	医生-技能1-单技能吸血100%。	411701154		1			0	1002	1	2	2	1						2		0	0	1					1
108010002	医生-技能2-每回合回复SP点数1	10002					1				2	1	1103			301	2	3	210010101	1	1	0		110207	320002		1
108010003	医生-技能4-造成最终伤害提高5%	411501152		1			1	1108	5	1	2	3								1	1	0		110101	320008		1
108010004	医生-技能4-获得减益效果时提高自身造成的最终伤害	10002					0				2	1	1019			301	1	2	108010003	0	0	1		340001	320009		1
108010005	医生-技能5-被克制单位受到伤害额外增加20%	467051		1			0	1002	1	2	2	1								0	0	1					1
99999991	昆士区光环技，受到克制伤害提升200%	467052		1			0			2	2	1						2		0	0	1		310001	310001		1
99999972	南港区光环技，有标记则获得病毒	10001		0			0				2	1	8001	3		301	1	2	102050101	0	0	1					1
99999982	南港区光环技，行动标记	10001		0			0	1002	1	2	2	1						2		0	0	1					1
99999992	南港区光环技，回合开始时获得标记	10001		0			0				2	1	1102	3		301	1	2	99999982	0	0	1		310002	310002		1
99999993	耀州区光环技，每2回合结束时，所有单位恢复最大生命值20%	10001		0			0				2	1	9267	3		301	2	2	202010299	0	0	1		310003	310003		1
99999994	旧城区光环技，每2回合结束时，所有单位获得攻击力300%护盾	10001		0			0				2	1	9267	3		301	1	2	99999984	0	0	1		310004	310004		1
99999984	旧城区光环技，攻击力300%护盾	405010155		1			1				1	1								0	0	0		110202	110202		1
99999995	中心区光环技，每回合开始获得10层防御buff	10001		0			0				2	1	1102	3		301	3	2	502009	0	0	1		310005	310005		1
99999985	中心区光环技，防御力提升30%，最高10层	412010153		1			1	1004	1	2	2	3								1	1	0		100201	100201		1
99999996	凛北区光环技，释放标记，下回合获得5sp	10001		0			0	9097	1	3	2	1	9097			301	2	2	210010105	0	0	1		310006	310006		1
99999986	凛北区光环技，上帝，每2回合开始时给随机敌方挂标记	10001		0			0				2	1	1102	1		123	1	2	99999996	0	0	1					1
99999976	凛北区光环技，上帝，每2回合开始时给随机我方挂标记	10001		0			0				2	1	1102	1		223	1	2	99999996	0	0	1					1
414031051	歼灭战，怪物通用，受到三相种的伤害提升20%	414031051		1			0			2	2	1						2		0	0	1		303601	203501		1
414031052	歼灭战，怪物通用，受到三相种的伤害降低20%	414031052		1			0			2	2	1						2		0	0	1		303501	103501		1
414071051	歼灭战，怪物通用，受到星流种的伤害提升20%	414071051		1			0			2	2	1						2		0	0	1		304001	203901		1
414071052	歼灭战，怪物通用，受到星流种的伤害降低20%	414071052		1			0			2	2	1						2		0	0	1		303901	103901		1
414071053	歼灭战，怪物通用，受到星流种的伤害提升40%	414071054		1			0			2	2	1						2		0	0	1		304001	203901		1
414051051	歼灭战，怪物通用，受到方波种的伤害提升20%	414051051		1			0			2	2	1						2		0	0	1		303801	203701		1
414051052	歼灭战，怪物通用，受到方波种的伤害降低20%	414051052		1			0			2	2	1						2		0	0	1		303701	103701		1
467051	歼灭战，怪物通用，受到克制伤害提升20%	467051		1			0			2	2	1						2		0	0	1			104501		1
413011151	歼灭战，怪物通用，受到真实伤害提升30%	413011151		1			0			2	2	1						2		0	0	1		302101	202101		1
413071151	歼灭战，怪物通用，受到破碎伤害提升30%	413071151		1			0			2	2	1						2		0	0	1		302701	202701		1
413111151	歼灭战，怪物通用，受到破灭伤害提升30%	413111151		1			0			2	2	1						2		0	0	1		303101	203101		1
414111151	歼灭战，怪物通用，受到间接伤害提升30%	414111151		1			2			2	2	1						2		0	0	1		201901	201901		1
102121101	怪物通用-毒	402121101				3	2				2	3								1	1	0		210201	210201		1
102221101	怪物通用-流血	402221101				3	2				2	2								1	1	0		330007	210202		1
102221102	怪物通用-点燃	402221102				3	2				2	2								1	1	0		210203	210203		1
102221103	怪物通用-余震	402221103				3	2				2	2								1	1	0		210204	210204		1
102321101	怪物通用-诅咒-小技能正常升星	402321101				3	2				2	2								1	1	0		210205	210205		1
102421101	怪物通用-腐蚀	402421101				3	2				2	2								1	1	0		210206	210206		1
102521101	怪物通用-病毒	402521101				3	2				2	3								1	1	0		210208	210208		1
102121111	怪物通用-毒-2回合	402121101				3	2				2	3								1	1	0		210201	210201		1
102221111	怪物通用-流血-2回合	402221101				3	2				2	2								1	1	0		210202	210202		1
102221112	怪物通用-点燃-2回合	402221102				3	2				2	2								1	1	0		210203	210203		1
102221113	怪物通用-余震-2回合	402221103				3	2				2	2								1	1	0		210204	210204		1
102321111	怪物通用-诅咒-小技能正常升星-2回合	402321101				3	2				2	2								1	1	0		210205	210205		1
102421111	怪物通用-腐蚀-2回合	402421101				3	2				2	2								1	1	0		210206	210206		1
108004051	歼灭战-魔方-降低目标30%穿透率。效果唯一	411203153		1			2			2	2	1						2		1	0	0		200901	200901		1
108004052	歼灭战-魔方-单技能吸血50%，效果唯一	411701152		1			0	1002	1	2	2	1						2		0	0	1					1
108004053	歼灭战-魔方-降低目标防御力20%最高3层持续5回合。效果唯一	412010151		1			2			2	2	3						2		1	0	0		200201	200201		1
108004054	歼灭战-魔方-每当战场上存在其他友方时，提升自身忍耐率30%。效果唯一	411303152		1			1			2	2	1						2		1	0	0		101001	101001		1
108004055	歼灭战-魔方-当自身死亡时，消灭场上其他友方	10001		1			0			2	2	1	1007	3		202	2	2	209010152	0	0	1					1
108004056	歼灭战-魔方-回合结束时，恢复自身最大生命15%	10001		1			1			3	2	1	1103			301	2	3	202010252	0	0	1		300014	500002		1
108004057	歼灭战-魔方-忍耐率提升10%	411303153		1			1				2	1								0	0	1		101001	101001		1
108003051	歼灭战-大兔子-提升自身防御力10%最高5层，持续3回合。	412020107		1			1			2	2	3						2		1	0	0		100201	100201		1
108003052	歼灭战-大兔子-禁止释放debuff技能，持续3回合。	400405151		1			2			2	2	1						2		1	0	0		210307	210307		1
108003053	歼灭战-大兔子-提升自身穿透20%。	411203154		1			1			2	2	1						2		1	0	0		100901	100901		1
108003054	歼灭战-大兔子-提升自身忍耐15%，最高2层。	411303153		1			1			2	2	3						2		1	0	0		101001	101001		1
108003055	歼灭战-大兔子-免疫debuff效果，持续2回合。	409020152		1			1			2	2	1						2		1	0	0		110203	110203		1
108003056	歼灭战-大兔子-每回合添加5层防甲，持续1回合。	10001		1			0			2	2	1	1102			301	1	2	108003057	0	0	0		300014	104022001		1
108003057	歼灭战-大兔子-防甲，持续1回合。	412010156		1			1			2	2	3	1004	2		301	2	2	209010153	0	0	0		100201	104022002		1
104022001	歼灭战-大死神-禁止使用治疗技能，持续3回合。	404060151		1			2			2	2	1						2		1	0	0		210305	210305		1
104022002	歼灭战-大死神-扣除目标生命上限10%，最高9层。	413020151		1			2			2	2	3						2		1	0	0		200301	200301		1
104022003	歼灭战-大死神-单技能吸血50%。	411701152		1			0	1002	1	2	2	1						2		0	0	1					1
101025051	歼灭战-小魔方-被动-出生2回合后释放自爆技能	10001		1			0				2	1	3012	3		301	4	2	521025001	0	0	1					1
101025052	歼灭战-小魔方-被动-自爆技能后死亡	10001		1			0			2	2	1	7034	3		301	2	2	209010152	0	0	1					1
102010101	角色通用-毒	402010101				3	2				2	3								1	1	0		210201	210201		1
102020101	角色通用-流血	402020101				3	2				2	2								1	1	0		210202	210202		1
102020104	角色通用-血魔法	402010101				3	2				2	3								1	1	0		330010	210209		1
102020102	角色通用-点燃	402020102				3	2				2	2								1	1	0		210203	210203		1
102020103	角色通用-余震	402020103				3	2				2	2								1	1	0		210204	210204		1
102030101	角色通用-诅咒-小技能正常升星，1/2/3回合	402030101					2				2	2								1	1	0		210205	210205		1
102030102	角色通用-诅咒-小技能正常升星，1/1/2回合	402030101					2				2	2								1	1	0		210205	210205		1
102030103	角色通用-诅咒-小技能正常升星，1/1/1回合	402030101					2				2	2								1	1	0		210205	210205		1
102040101	角色通用-腐蚀	402040101				3	2				2	2								1	1	0		210206	210206		1
102050101	角色通用-病毒	402050101				3	2				2	3								1	1	0		210208	210208		1
111502102	技能通用-易伤	411502102		1		3	2				2	3								1	1	0		210321	210321		1
111502103	大招通用-易伤	411502102		1		3	2				2	3								1	1	0		210321	210321		1
104010101	角色通用-伤害量施加标记	10001					0				2	1								0	0	1					1
104030101	角色通用-治疗量施加标记	10001					0				2	1								0	0	1					1
110101101	棒球龙魂-被动-每有一点sp，暴击率+5.41%/6.76%/8.11%/9.46%	401603701	1				0				2	1								0	0	1	1	61101011		2	1
110100501	涂鸦战争-被动-所有蓝色友方防御力提升13.5%/16.5%/19.5%/22.5%	412020101					0				2	1								0	0	1	1			2	1
110100502	涂鸦战争-被动-战斗开始对所有蓝色友方添加110100501	10001					0				2	1	7322	3	3	240	1	2	110100501	0	0	1	1	61101005		2	1
110100801	自由轮滑-被动-回合开始时添加110100802	10001					0				2	1	1102	3		301	1	2	110100802	0	0	1	1	61101008		2	1
110100802	自由轮滑-被动-标记，受攻击后清除	10001					0	1004	1	3	2	1								0	0	1	1			2	1
110100803	自由轮滑-被动-回合结束时，有110100802则添加110100804	10001					0				2	1	7004	3		301	1	2	110100804	0	0	1	1			2	1
110100804	自由轮滑-被动-暴击率+16%/19.33%/22.67%/26%	416030102					0				2	1								0	0	1	1			2	1
110100805	自由轮滑-技能2-子效果3-无法获得护盾2回合	407020101					2				2	1								1	1	0		210320	210320		1
110100601	夏日切-被动-根据自身暴击抵抗的64%/70%/76%/82%/88%/94%/100%降低敌方全体暴击率	416030801					0				2	1								0	0	1	1			2	1
110100602	夏日切-被动-战斗开始时对全体敌方触发110100601	10001					0				2	1	7322	3		102	1	2	110100601	0	0	1	1	61101006		2	1
110101301	森林守护者-被动-暴击率+6%/7.3%/8.7%/10%	416030101					0				2	3								0	0	1	1			2	1
110101302	森林守护者-被动-回合开始触发110101301	10001					0				2	1	1102	3		301	1	2	110101301	0	0	1	1	61101013		2	1
110101303	森林守护者-5破被动-战斗开始时给自己施加110101304	10001					0				2	1	7322	3	3	301	1	2	110101304	0	0	1				2	1
110101304	森林守护者-5破被动-造成伤害时，每溢出1%暴击率，提升2.5%暴击伤害	412601101					0				2	1								0	0	1				2	1
110200801	机械助理-被动-造成伤害提升8%-12%	411501104					0				2	1								0	0	1	1			2	1
110200802	机械助理-被动-战斗开始时对我方全体施加110100501	10001					0				2	1	7322	3	3	202	1	2	110200801	0	0	1	1	61102008		2	1
110200803	机械助理-技能2-主效果-提升15%/20%/30%暴击伤害2/2/3回合	417030111		1			1				2	1								1	1	0		100601	100601		1
110200701	电音骑士-被动-穿透率提升6%——10%	411203101					0				2	1								0	0	1	0			2	1
110200702	电音骑士-被动-战斗开始时对所有红色友方上110200701	10001					0				2	1	7322	3	3	238	1	2	110200701	0	0	1	1	61102007		2	1
110200703	电音骑士-技能-主效果-提升20%/30%/50%暴击伤害2/2/2回合	417030107		1			1				2	1								1	1	0		100601	100601		1
110200704	电音骑士-5破被动-释放41102007后，若目标sp点小于3点，则给自己上110200705	10001					0				2	1	9275	2	3	301	1	2	110200705	0	0	1				2	1
110200705	电音骑士-5破被动-攻击力提升15%，持续2回合	411020121					0				2	1								0	0	1				2	1
110201101	摇鳐心情-被动-防御能力提升9%/10%/11%/12%	412020104;418030105;419030104;411303108					0				2	1								0	0	1	1			2	1
110201102	摇鳐心情-被动-战斗开始时对全体友方触发110201101	10001					0				2	1	7322	3		202	1	2	110201101	0	0	1	1	61102011		2	1
110201103	摇鳐心情-技能-主效果-按100%/150%/200%攻击力施加2回合护盾	405010103					1				1	1								0	0	0		110202	110202		1
110201104	摇鳐心情-5破被动-战斗开始时，对友方全体施加110201105，并清除2层减益	10001					0				2	1	7322	3	3	202	1;2	2	110201105;206030102	0	0	1				2	1
110201105	摇鳐心情-5破被动-150%攻击力护盾	405010108					1				1	1								0	0	0		110202	110202	2	1
110201106	鳐摇心情-1星标记	10001					0				2	1								0	0	1				2	1
110200101	星之愿-被动-基本能力值+3.5-5.5%	411020117;412020119;413020109					0				2	1								0	0	1	1			2	1
110200102	星之愿-被动-战斗开始时，友方所有纯血种触发110200101	10001					0				2	1	7322	3		245	1	2	110200101	0	0	1	1	61102001		2	1
110202101	零度调和-被动-每回合开始时，给自己增加标记110202102	10001					0				2	1	1102	3		301	1	2	110202102	0	0	1	1	61102021		2	1
110202102	零度调和-被动-标记，受到伤害而损失血量后消失	10001					0	1206	1	3	2	1								0	0	1	1			2	1
110202103	零度调和-被动-回合结束时，有110202102则对自己添加110202104	10001					0				2	1	7004	3		301	1	2	110202104	0	0	1	1			2	1
110202104	零度调和-被动-基础能力值提升6%/7.3%/8.7%/10%	411020102;412020102;413020101					0	1206	2	3	2	3								0	0	1	1			2	1
110202105	零度调和-5破被动-释放群体技能时，目标存在增益，则此次暴击伤害提升40%——释放群体技能（参数1），给敌方全体施加110202106	10001					0				2	1	9233	2	3	102	1	1	110202106	0	0	1	1			2	1
110202106	零度调和-5破被动-获得110202106（参数1）时，若自身增益效果>0（参数2），则给敌方102021施加110202107	10001					0				2	1	9271	2	3	305	1	1	110202107	0	0	1	1			2	1
110202107	零度调和-5破被动-暴击伤害提升15%	417030116					0	1002	2	1	2	3								0	0	1	1			2	1
110300801	恬静时刻-被动-生命值提升13.5%/16.5%/19.5%/22.5%	413020114					0				2	1								0	0	1	1			2	1
110300802	恬静时刻-被动-战斗开始时对所有蓝色友方触发110300801	10001					0				2	1	7322	3		240	1	2	110300801	0	0	1	1	61103008		2	1
110300201	纯真拜访者-被动-按自身暴击抵抗的50%/58.3%/66.7%/75%提升暴击率	416030802					0				2	1								0	0	1	1			2	1
110300202	纯真拜访者-被动-战斗开始时对自己触发110300201	10001					0				2	1	7322	3		301	1	2	110300201	0	0	1	1	61103002		2	1
110300701	浮世谣-被动-间接伤害加成+10%/11.7%/13.3%/15%	412201101					0				2	1								0	0	1				2	1
110300702	浮世谣-被动-战斗开始时对所有红色友方触发110300701	10001					0				2	1	7322	3		238	1	2	110300701	0	0	1		61103007		2	1
110300703	浮世谣-技能1-子效果3-提升防御力10%/20%/30%两回合	412020106		1			1				2	1								1	1	0		100201	100201		1
110300704	浮世谣-5破被动-释放进攻技能时，若目标身上存在护盾，则给自己施加110300705	10001					0				2	1	9276	3	3	301	1	1	110300705	0	0	1				2	1
110300705	浮世谣-5破被动-穿透率提升15%	411203116					0	1002	1	1	2	1								0	0	1				2	1
110301901	枕边童话-被动-提升10%/11.67%/13.33%/15%防御相关能力	412020103;418030101;419030101;411303101					0				2	1								0	0	1	1			2	1
110301902	枕边童话-被动-sp满时对全体友方触发110301901	10001					0				2	1	9261	3		202	1	2	110301901	0	0	1	1	61103019		2	1
110302101	心动疗愈-被动-攻击力提升7%/8.7%/10.3%/12%	411020101					0				2	1								0	0	1				2	1
110302102	心动疗愈-被动-每回合开始时，对所有绿色友方添加110302101	10001					0				2	1	1102	3		239	1	2	110302101	0	0	1		61103021		2	1
110302103	心动疗愈-技能1-主效果-提升忍耐率20%/30%/50%两回合	411303106		1			1				2	1								1	1	0		101001	101001		1
110302104	心动疗愈-技能2-100/150/200%友方单体护盾	405010103					1				1	1								1	1	0		110202	110202		1
110302105	心动疗愈-5破被动-释放41103021之后，友方全体获得110302107	10001					0				2	1	7001	2	3	202	1	2	110302107	0	0	1				2	1
110302106	心动疗愈-5破被动-获得110302106时，如果身上没有护盾，则给自己施加110302107	10001					0				2	1	9273	2	3	301	1	2	110302107	0	0	1				2	1
110302107	心动疗愈-5破被动-15%攻击力提升，1回合	411020121					1				2	1								1	1	0		100101	100101	2	1
110400301	封面女郎-被动-受到治疗提升9%/11%/13%/15%（最多5层）	411601201					0				2	3								0	0	1	1			2	1
110400302	封面女郎-被动-每回合开始时对自己施加110400301	10001					0				2	1	1102	3		301	1	2	110400301	0	0	1	1	61104003		2	1
110400303	封面女郎-技能1-效果3-嘲讽1/1/2回合	410001103					0				2	1								1	1	0		300001	300001		1
110400304	封面女郎-大招-防御力增加50%	412020112		1		3	1				2	1								1	1	0		100201	100201		1
110400501	高级特工-被动-战斗开始时，对所有齐林德友方添加110400503	10001					0				2	1	7322	3		247	1	2	110400503	0	0	1	1	61104005		2	1
110400502	高级特工-大招-效果3-嘲讽2回合	410001103				3	0				2	1								1	1	0		300001	300001		1
110400503	高级特工-被动-防御力提升9%/10.5%/12%/13.5%	412020123					0				2	1								0	0	1	1			2	1
110400101	绯红武士-被动-回合开始时添加110400102	10001					0				2	1	1102	3		301	1	2	110400102	0	0	1	1	61104001		2	1
110400102	绯红武士-被动-标记，受伤害后清除	10001					0	1004	1	3	2	1								0	0	1	1			2	1
110400103	绯红武士-被动-回合结束时，有110400102则给全体敌方添加110400104	10001					0				2	1	7004	3		102	1	2	110400104	0	0	1	1			2	1
110400104	绯红武士-被动-降低9%/10%/11%/12%/13%/14%/15%攻击能力	411020103;416030103;417030102;411203102					0				2	1								0	0	1	1			2	1
110400105	绯红武士-技能1-子效果3-降低攻击能力15%/25/40%持续1/1/2回合	411020108;416030107;417030108;411203106		1			2				2	1								1	1	0		210101	210101		1
110400106	绯红武士-技能2-效果3-嘲讽2回合	410001103					0				2	1								1	1	0		300001	300001		1
110400107	绯红武士-被动-每损失1%生命值，攻击力提升0.3%/0.35%/0.4%/0.45%	411020119	1				0				2	1								0	0	1	1	61104001		2	1
110400108	绯红武士-突破被动-每损失1%生命值，伤害减免提升0.8%	411502105	1				0				2	1								0	0	1				2	1
110400801	夜间执勤-被动-18%/20%/22%/24%/26%/28%/30%吸血（技能结束后清除）	411701101					0	1002	1	2	2	1								0	0	1	1			2	1
110400802	夜间执勤-被动-每有1点SP，忍耐提升6.6%/7.4%/8.2%/9%	411303701	1				0				2	1								0	0	1	1	61104008		2	1
110400803	夜间执勤-大招-子效果3-最大生命值提升30%，2回合	413020112				3	1				2	1								1	1	0		100301	100301		1
110400804	夜间执勤-技能2-效果3-嘲讽1/1/2回合	410001103					0				2	1								1	1	0		300001	300001		1
110500801	英雄憧憬-被动-暴击伤害提升25%/32%/38%/45%（有友方死亡时清除）	417030103					0	9255	1	2	2	1								0	0	1	1	61105008		2	1
110500802	英雄憧憬-突破被动-使用技能前，若目标有减益效果，给目标上110500803	10001					0				2	1	3013	2	3	101	1	1	110500803	0	0	1				2	1
110500803	英雄憧憬-突破被动-防御力降低20%，进攻自己的人技能结束时清除	412020122					0	7250	1	1	2	1								0	0	1				2	1
100500101	障碍破坏-被动-暴击率提升2.5%/3.67%/4.83%/6%（最多10层）	416030104					0				2	3								0	0	1	1			2	1
100500102	障碍破坏-被动-每使用一次技能，对自己添加一层100500101	10001					0				2	1	1002	2		301	1	2	100500101	0	0	1	1	61105001		2	1
100500103	障碍破坏-技能1-主效果-提升基础能力10%/15%/20%持续2回合	411020110;412020107;413020105		1			1				2	1								1	1	0		110105	110105		1
110500201	纪律监督-被动-造成伤害提升9%/10.5%12%/13.5%	411501101					0				2	1								0	0	1	1			2	1
110500202	纪律监督-被动-战斗开始时，对友方全体施加110500201	10001					0				2	1	7322	2		202	1	2	110500201	0	0	1	1	61105002		2	1
110500601	泳装竞速-被动-穿透率提升10%/11.67%/13.33%/15%（技能结束后清除）	411203120					0	1002	1	2	2	1								0	0	1	1			2	1
110500602	泳装竞速-被动-攻击没有sp点的目标时，对自己添加110500601	10001					0				2	1	9259	2		301	1	2	110500601	0	0	1	1	61105006		2	1
110600801	橘色纯真-被动-忍耐率提升15%/20%/25%/30%（后续提新公式后用随动控制）	411303121	1				0				2	1								0	0	1	1	61106008		2	1
110600803	橘色纯真-技能1-主效果-受到伤害降低15%/25%/40%	411502103		1			1				2	1								1	1	0		101101	101101		1
110600804	橘色纯真-大招-主效果-嘲讽敌方全体2回合	410001102				3	0				2	1								1	1	0		300001	300001		1
110600805	橘色纯真-大招-子效果3-获得防御力提升100%，持续2回合	412020108		1		2	1				2	1								1	1	0		100201	100201		1
110600101	搬运工-被动-每回合开始恢复3%/3.5%/4%/4.5%最大生命值	10001					0				2	1	1102	3		301	2	2	202010209	0	0	1	1	61106001		2	1
110600102	搬运工-技能1-主效果-挑衅1/2/3回合	410020101					2				2	1								1	1	0		210302	210302		1
110600103	搬运工-大招-子效果3-禁止进攻技能2回合	404040101					2				2	1								1	1	0		210304	210304		1
110600104	搬运工-技能2-子效果3-禁止进攻技能0/1/2回合	404040102					2				2	1								1	1	0		210304	210304		1
110600105	搬运工-用来配被动的占位符，数值：3%/3.5%/4%/4.5%/5%/5.5%/6%	417030112					1				2	1								0	0	1	1				1
110600201	幽灵社团-被动-每有1点sp，忍耐提升6%/10%	411303701	1				0				2	1								0	0	1	1			2	1
110600202	幽灵社团-技能1-主效果-嘲讽1/1/2回合	410001103					0				2	1								1	1	0		300001	300001		1
110600203	幽灵社团-技能1-子效果3-受到的伤害降低15%/25%/40%持续2/2/2回合	411502103		1			1				2	1								1	1	0		101101	101101		1
110600204	幽灵社团-技能1-主效果-挑衅2回合	410020101					2				2	1								1	1	0		210302	210302		1
110600205	幽灵社团-技能2-子效果3-禁止进攻技能0/1/2回合	404040102					2				2	1								1	1	0		210304	210304		1
110600206	幽灵社团-被动-攻击力提升16%/19%/22%/25% 2回合	411020105					0				2	1								0	0	1	1			2	1
110600207	幽灵社团-被动-释放大招后，对全体友方释放110600206	10001					0				2	1	9244	3		202	1	2	110600206	0	0	1	1	61106002		2	1
110600208	幽灵社团-5破被动-释放大招后，对目标施加110600209	10001					0				2	1	9244	3	3	101	1	2	110600209	0	0	1				2	1
110600209	幽灵社团-5破被动-攻击力降低40%，2回合	411020122					2				2	1								1	1	0		200101	200101	2	1
110601001	不思议鸭鸭-被动-按自身150%/250%防御力，降低敌方全体最大生命值	401301801	1				0				2	1								0	0	1	1			2	1
110601002	不思议鸭鸭-被动-战斗开始时，对全体敌方触发110601001	10001					0				2	1	7322	3		102	1	2	110601001	0	0	1	1			2	1
110601003	不思议鸭鸭-技能1-子效果3-攻击力降低20%/30%/40%持续1/1/2回合	411020111		1			2				2	1								1	1	0		200101	200101		1
110601004	不思议鸭鸭-大招-子效果3-禁止进攻技能2回合	404040101				3	2				2	1								1	1	0		210304	210304		1
110601005	不思议鸭鸭-被动-嘲讽1回合	410001101				3	0				2	1								1	1	0		300001	300001		1
110601006	不思议鸭鸭-被动-战斗开始时-对自己施加110601005	10001				3	0				2	1	7322	3		301	1	2	110601005	0	0	1	1	61106010		2	1
110601007	不思议鸭鸭-被动-战斗开始时-对自己增加5%/9%/15%最大生命值	413020110					0				2	1								0	0	1	1				1
110601008	不思议鸭鸭-被动-战斗开始时-对自己施加110601007	10001					0				2	1	7322	3		301	1	2	110601007	0	0	1	1			2	1
110700801	继承者-被动-攻击力提升6.5%/8.17%/9.83%/11.5%	411020129					0				2	1								0	0	1	1			2	1
110700802	继承者-被动-战斗开始时对所有纯血种触发110700801（需使用新增目标枚举：45）	10001					0				2	1	7322	3		245	1	2	110700801	0	0	1	1	61107008		2	1
110700101	烈火战线-被动-造成伤害提升20%/30%	411501102					0				2	1								0	0	1	1			2	1
110700102	烈火战线-被动-我方上阵角色均为纯血种时，战斗开始时对全体友方触发110700101	10001					0				2	1	9262	3		202	1	2	110700101	0	0	1	1			2	1
110700103	烈火战线-技能1-预效果2-获得20%/30%/40%吸血（技能结束后清除）	411701104					0	1002	1	2	2	1								0	0	1	1				1
110700104	烈火战线-被动-暴击伤害提升5%/6%/7%/8%	417030112					0				2	3								0	0	1	1			2	1
110700105	烈火战线-被动-每次使用技能时，获得110700104，最多10次	10001					0				2	1	1002	2		301	1	2	110700104	0	0	1	1	61107001		2	1
110700106	烈火战线-5破被动-110700104叠加至10层时，自身获得110700107	10001					0				2	1	7014	1	3	301	1	2	110700107	0	0	1				2	1
110700107	烈火战线-5破被动-攻击力提升30%	411020123					0				2	1								0	0	1				2	1
110700501	雪地滑行-被动-全体友方生命相关能力提升9%/11%/13%/15%	413020103;411601101;411601201;412101102;412102101					0				2	1								0	0	1	1			2	1
110700502	雪地滑行-被动-战斗开始时对全体友方施加110700501	10001					0				2	1	7322	3		202	1	2	110700501	0	0	1	1	61107005		2	1
110700503	雪地滑行-技能1-主效果-获得15%/25%/35%吸血2回合	411701105		1			1				2	1								1	1	0		101501	101501		1
110800801	AI助理-被动-穿透率提升9%/10.5%/12%/13.5%	411203121					0				2	1								0	0	1	1			2	1
110800802	AI助理-被动-战斗开始时，对所有绿色友方添加110800801	10001					0				2	1	7322	3		239	1	2	110800801	0	0	1	1	61108008		2	1
110800803	AI助理-大招-子效果3-防御力提升100%，持续2回合	412020118		1		3	1				2	1								1	1	0		100201	100201		1
110800804	AI助理-大招-子效果3-获得40%/44%/48%/52%/56%/60%反伤2回合	412002101		1			1				2	1								1	1	0		101601	101601		1
110800805	AI助理-技能2-子效果3-嘲讽	410001103					0				2	1								1	1	0		300001	300001		1
110800101	战略潜艇-被动-攻击力提升10%/15%	411020101					0				2	1								0	0	1	1			2	1
110800102	战略潜艇-被动-战斗开始时，对所有蓝色友方添加110800101	110800101					0				2	1	7322	3		240	1	2	110800101	0	0	1	1			2	1
110800103	战略潜艇-大招-子效果3-降低攻击能力30%/33%/36%/39%/42%/45%3回合	411020109;416030108;417030109;411203107		1			2				2	1								1	1	0		110101	110101		1
110800104	战略潜艇-技能2-主效果-提升30%/45%/75防御力1/1/2回合	412020111		1			1				2	1								1	1	0		100201	100201		1
110800105	战略潜艇-技能2-主效果-提升攻击相关能力2/2/3回合	411020112;411203119;416030118;417030118		1			1				2	1								1	1	0		110101	110101		1
110800106	战略潜艇-技能2-主效果-伤害减免20%/30%/50%	411502104		1			1				2	1								1	1	0		101101	101101		1
110800107	战略潜艇-被动-每有1点SP，攻击力提升2.5%/4%/5.5%/7%	411020120	1				0				2	1								0	0	1	1	61108001		2	1
110800108	战略潜艇-5破被动-回合开始时，若sp已满，则获得110800109	10001					0				2	1	7040	3	3	301	1	1	110800109	0	0	1				2	1
110800109	战略潜艇-5破被动-暴击伤害提升30%，持续2回合	417030117					1				2	1								0	0	1		100601	100601	2	1
110800601	涤荡者-被动-嘲讽敌方全体2回合	410001101					0				2	1								0	0	1		300001	300001	2	1
110800602	涤荡者-被动-获得12%/13%/14%/15%/16%/17%/18%伤害减免	411501103					0				2	1								0	0	1				2	1
110800603	涤荡者-大招-强化标记	10001				3	0	9260	1	2	2	1								1	1	0		300018	300018		1
110800604	涤荡者-技能1-子效果3-身上有110800603时触发，禁止使用BUFF类技能	404030101					2				2	1								1	1	0		210306	210306		1
110800605	涤荡者-技能2-子效果3-身上有110800603时触发，禁止使用进攻类技能	404040102					2				2	1								1	1	0		210304	210304		1
110800606	涤荡者-被动-战斗开始时对自己施加110800601	10001					0				2	1	7322			301	1	2	110800601	0	0	1		61108006		2	1
110800607	涤荡者-技能2-子效果3-防御力降低20/30/40，1/1/2回合	412020116		1			2				2	1								1	1	0					1
110800608	涤荡者-被动-最终伤害提升8%/12%/12%/15%	411501111					0				2	1								0	0	1				2	1
110800609	涤荡者-被动-当我方上阵角色都是纯血种，对自己施加110800608	10001					0				2	1	9262	3		301	1	2	110800608	0	0	1		61108006		2	1
110800610	涤荡者-5破被动-释放42108006后，给自己施加110800611	10001					0				2	1	7001	2	3	301	1	3	110800611	0	0	1				2	1
110800611	涤荡者-5破被动-释放技能前，给自己上110800612，释放技能后清除	10001					0	7005	1	2	2	1	1003	2	3	301	1	2	110800612	0	0	1				2	1
110800612	涤荡者-5破被动-暴击率提升50%，释放技能后结束	416030115					0	1002	1	2	2	1								0	0	1				2	1
110800699	兵装小白-OP关卡-大招切换动作用的标记BUFF	10001					0				2	1								0	0	1					1
110800613	涤荡者-1破觉醒标记	10001					0				2	1								0	0	1				2	1
110800614	涤荡者-4破被动-战斗开始时，给其他友方施加110800615	10001					0				2	1	7322	3	3	251	1	2	110800615	0	0	1				2	1
110800615	涤荡者-4破被动-获得110800615时，若自身是三相，则给己方涤荡者施加110800616	10001					0				2	1	9293	3	3	308	1	2	110800616	0	0	1				2	1
110800616	涤荡者-4破增伤工具buff	10001					0				2	1								0	0	1				2	1
110800617	涤荡者-4破-配初始里-获得110800616时，自身获得增伤buff1=110800618	10001					0				2	1	7002	3	3	301	1	2	110800618	0	0	1				2	1
110800618	涤荡者-4破-实际增伤效果，数值同初始被动，可叠加3层	411501111					0				2	3								0	0	1				2	1
110800619	涤荡者-4破觉醒标记	10001					0				2	1								0	0	1				2	1
110800620	涤荡者-6破-配初始里-获得110800616时，自身获得增伤buff2=110800621	10001					0				2	1	7002	3	3	301	1	2	110800621	0	0	1				2	1
110800621	涤荡者-6破-实际增伤效果，数值增加，可叠加3层	411501111					0				2	3								0	0	1				2	1
110800622	涤荡者-6破觉醒标记	10001					0				2	1								0	0	1				2	1
110800401	办公小白-被动-攻击相关能力3.5%/4.17%/4.83%/5.5%	411020117;411203113;416030120;417030115					0				2	1								0	0	1	1			2	1
110800402	办公小白-被动-战斗开始时对友方全体施加110800401	10001					0				2	1	7322	3		202	1	2	110800401	0	0	1	1	61108004		2	1
110800403	办公小白-技能2-主效果-攻击力提高15%/20%/30%，2/2/2回合	411020114		1			1				2	1								1	1	0		100101	100101		1
110800404	办公小白-大招-主效果-嘲讽敌方全体2回合	410001102				3	0				2	1								1	1	0		300001	300001		1
110800405	办公小白-大招-子效果3-防御力提升200%/220%/240%/260%/280%/300%	412020108		1		2	1				2	1								1	1	0		100201	100201		1
110900801	致命音符-被动-穿透率提升2%/3%（最多10层）	411203104					0				2	3								0	0	1	1			2	1
110900802	致命音符-被动-每次使用技能时，对自己施加110900801	10001					0				2	1	1002	3		301	1	2	110900801	0	0	1	1			2	1
110900803	致命音符-被动-攻击力提升7%/8.7%/10.3%/12%	411020101					0				2	1								0	0	1				2	1
110900804	致命音符-被动-对全体科诺斯友方施加110900803	10001					0				2	1	7322	3		245	1	2	110900803	0	0	1		61109008		2	1
110900805	致命音符-技能B-暴击率提升10/15/20%，持续2回合	416030114					1				2	1								1	1	0		100501	100501		1
110900806	致命音符-技能B-禁止使用BUFF类技能	404030101		1			2				2	1								1	1	0		210306	210306		1
110900807	致命音符-大招-禁止使用进攻类技能	404040102		1		3	2				2	1								1	1	0		210304	210304		1
110900808	致命音符-5破被动-释放攻击技能时，若目标生命值>50%，则获得110900809	10001					0				2	1	9277	2	3	301	1	1	110900809	0	0	1				2	1
110900809	致命音符-5破被动-穿透率提升25%	411203117					0	1002	1	2	2	1								0	0	1				2	1
111000801	秘密调查-被动-攻击力提升12%/14%/16%/18%（技能结束后清除）	411020104					0	1002	1	2	2	1								0	0	1	1			2	1
111000802	秘密调查-被动-释放技能时，如果目标生命值低于60%，获得111000801	10001					0				2	1	3016	3		301	1	2	111000801	0	0	1	1	61110008		2	1
111000803	秘密调查-技能2-主效果-提升自身15%/20%/30%攻击相关能力2/2/3回合	411020112;411203119;416030118;417030118		1			1				2	1								1	1	0		110101	110101		1
111000804	秘密调查-5破被动-释放奥义技能时，先对目标施加2层111502102	10001					0				2	1	1101	2	3	101	1;1	1	111502102;111502102	0	0	1				2	1
111100801	镜光旖梦-被动-生命值提升13.5%/16.5%/19.5%/22.5%	413020114					0				2	1								0	0	1	1			2	1
111100802	镜光旖梦-被动-战斗开始时，所有红色友方获得111100801	10001					0				2	1	7322	3		238	1	2	111100801	0	0	1	1	61111008		2	1
111100201	长夜冰冕-被动-生命值提升15%/18.3%/21.7%/25%	413020102					0				2	1								0	0	1				2	1
111100202	长夜冰冕-被动-战斗开始时，所有绿色友方获得111100201	10001					0				2	1	7322	3		239	1	2	111100201	0	0	1		61111002		2	1
111100203	长夜冰冕-技能1-子效果3-冰封	404010101					2				2	1	9089	3		101	1;1	2	111100204;111100205	1	1	0		210309;3000131;3000132	210309		1
111100204	长夜冰冕-被动-单体破冰buff	10001					0	1002	1	2	2	1	9251	3		101	2;2	2	201210501;206040101	0	0	1					1
111100205	长夜冰冕-被动-群体破冰buff	10001					0	1002	1	2	2	1	9252	3		102	3	2	44111002	0	0	1					1
111100206	长夜冰冕-大招-主效果-防御力提升100%/110%/120%/130%/140%/150%	412020112		1			1				2	1								1	1	0		100201	100201		1
111100207	长夜冰冕-大招-预效果2-冰棺-受击触发冰封-切换姿态	10001					0				2	1	1004	3		101	1	2	111100208	1	1	0		300012;3000132;310022			1
111100208	长夜冰冕-大招-触发-冰封	404010101					0				2	1	9089	3		101	1;1	2	111100209;111100205	1	1	0		210309;3000131;3000132	210309		1
111100209	长夜冰冕-大招-单体破冰buff	10001					0	1002	1	2	2	1	9251	3		101	2;2	2	201210501;206040102	0	0	1					1
111100210	长夜冰冕-大招-冰棺（伤害转移40%/44%/48%/52%/56%/60%）	406040103		1		3	0				2	1								0	0	1					1
111100211	长夜冰冕-大招-守护标记	10001				3	0				2	1								0	0	1					1
111100212	长夜冰冕-大招-冰棺（生命值+50%）	413020108		1		2	1				2	1								1	1	0		100301	100301		1
111100213	长夜冰冕-技能B-按施法者33%/50%/67%最大生命值提供单体护盾，2回合	405070101					1				1	1								0	0	0		110202	110202		1
111100214	长夜冰冕-2技能的标记buff。	10001					0				2	1								0	0	1					1
111100215	长夜冰冕-3星效果-释放技能42111002后，对不携带111100214的友方单位，施加111100221	10001					0				2	1	7001	2	3	309	1	2	111100221	0	0	1				2	1
111100216	长夜冰冕-3星效果-释放技能42111002后，清除全体友方身上的111100214	10001					0				2	1	7001	2	3	202	2	3	206040105	0	0	1					1
111100217	突破被动-获得111100217时，若自身生命值低于50%，则给友方全体上111100220	10001					0				2	1	7442	3	3	202	1	2	111100220	0	0	1					1
111100218	突破被动-配天赋表-获得111100220时，给自己上111100219	10001					0				2	1	7002	3	3	301	1	2	111100219	0	0	1					1
111100219	突破被动-造成护盾效果提升25%，上限1层，持续1回合	412101109					1				2	1								0	0	1		101701	101701		1
111100220	突破被动-标记buff	10001					0				2	1								0	0	1					1
111100221	长夜冰冕-3星的护盾buff	405070105					1				1	1								0	0	0		110202	110202	2	1
111200801	米娅初始-被动-攻击力增加16%/19%/22%/25%	411020105					0				2	1								0	0	1	1			2	1
111200802	米娅初始-被动-友方死亡时，自身获得111200801	10001					0				2	1	9255	3		301	1	2	111200801	0	0	1	1	61112008		2	1
111200803	米娅初始-技能1-主效果-按20%/30%/40%基础攻击力为友方提供攻击力2回合	411010102		1			1				2	1								1	1	0		100101	100101		1
111200804	米娅初始-技能2-主效果-按100%/150%/200%攻击力提供护盾2回合	405010103					1				1	1								0	0	0		110202	110202		1
111200805	米娅初始-大招-主效果-按183%攻击力提供护盾1回合	405010105				2	1				1	1								0	0	0		110202	110202		1
111200201	冬季奇遇-被动-提升7%/8.7%/10.3%/12%攻击力	411020101					0				2	1								0	0	1	1			2	1
111200202	冬季奇遇-被动-战斗开始时，所有蓝色友方获得111200201	10001					0				2	1	7322	3		240	1	2	111200201	0	0	1		61112002		2	1
111200203	冬季奇遇-技能2-主效果-按120%/180%/300%攻击力提供护盾2回合	405010104					1				1	1								0	0	0		110202	110202		1
111200204	冬季奇遇-大招-主效果-提升友方全体18%攻擊力2回合	411020113		1		2	1				2	1								1	1	0		100101	100101		1
111200205	冬季奇遇-5破被动-首次释放sp技能后，自身获得111200206	10001					0				2	1	1105	1	3	301	1	2	111200206	0	0	1				2	1
111200206	冬季奇遇-5破被动-造成治疗效果提升20%	411601108					0				2	3								0	0	1				2	1
111200207	冬季奇遇-1破被动-释放42112002后，给友方全体挂111200208	10001					0				2	1	7001	2	3	202	1	2	111200208	0	0	1				2	1
111200208	冬季奇遇-1破HOT-按33%攻击力施加HOT 2回合	403020102					1				2	1								1	1	0		110201	110201		1
111200209	冬季奇遇-3破被动-释放sp后，对友方全体，挂111200210	10001					0				2	1	1105	3	3	240	1	2	111200210	0	0	1				2	1
111200210	冬季奇遇-3破标记触发-获得111200210时，给友方全体挂111200211	10001					0				2	1	7002	3	3	202	1	2	111200211	0	0	1				2	1
111200211	冬季奇遇-造成最终伤害提升7%，1回合，可叠加4层	411501107					1				2	3								1	1	0		101201	101201	2	1
111200212	冬季奇遇-5破被动-回合开始时，对友方全体，挂111200210	10001					0				2	1	1102	3	3	240	1	2	111200210	0	0	1				2	1
111300801	云灿初始-被动-暴击伤害提升25%/31.7%/38.3%/45%（云沛不在场时清除）	417030103					0	9257	1	2	2	1								0	0	1	1			2	1
111300802	云灿初始-被动-战斗开始时，友方场上有云沛，则获得111300801	10001					0				2	1	9258	3		301	1	2	111300801	0	0	1	1	61113008		2	1
111300101	火树流光-被动-基础能力值提升4%/4.7%/5.3%/6%	411020124;411020125;411020126					0				2	1								0	0	1				2	1
111300102	火树流光-被动-友方所有混血种获得111300101（需使用新增目标枚举：45）	10001					0				2	1	7322	3		247	1	2	111300101	0	0	1		61113001		2	1
111300103	火树流光-5破被动-第二回合开始，回合开始时，对敌方全体施加1回合诅咒102030101	10001					0				2	1	9278	3	3	102	1	1	102030101	0	0	1	102030101			2	1
111300104	火树流光-5破被动-造成伤害提升10%，使用技能后消失	402030101					2				2	2								1	1	0		210205	210205	2	1
111400801	云沛初始-被动-按自身2%/2.2%/2.6%/13%最大生命值提供攻击力	401010901					0				2	1								0	0	1	1			2	1
111400802	云沛初始-被动-战斗开始时，对友方攻击力最高的队友施加111400801	10001					0				2	1	7322	3		205	1	2	111400801	0	0	1	1	61114008		2	1
111400803	云沛初始-技能1-主效果-按10%/15%/15%最大生命值施加HOT3/3/3回合	403020101					1				2	1								1	1	0		110201	110201		1
111400804	云沛初始-技能2-主效果-攻击力提升10%/15%/25%持续2回合	411020114		1			1				2	1								1	1	0		100101	100101		1
111400805	云沛初始-大招-主效果-提升41%暴击伤害1回合	417030110		1		2	1				2	1								1	1	0		100601	100601		1
111400806	云沛初始-5星被动-战斗开始时，对友方全体施加111400801	10001					0				2	1	7322	3	3	202	1	2	111400801	0	0	1	1	61114008		2	1
111400101	夕雪晚照-被动-每有一点sp，自身穿透率提升2/3.4/4.8/6.2%	411203103	1				0				2	1								0	0	1	1	61114001		2	1
111400102	夕雪晚照-被动-战斗开始时，友方场上有云灿，则获得111400101	10001					0				2	1	9258	3		301	1	2	111400101	0	0	1	1	61114001		2	1
111400103	夕雪晚照-5破被动-释放sp技能前，攻击相关能力提升15%，持续2回合	10001					0				2	1	1101	2	3	301	1	1	111400104	0	0	1				2	1
111400104	夕雪晚照-5破被动-攻击相关能力提升15%	411020121;411203116;417030116;416030116					0				2	1								0	0	1				2	1
111400105	夕雪晚照-技能1-受到间接伤害提升20%/20%/30%，1/2/2回合	412202101		1			2				2	1								1	1	0		201901	201901		1
10400101	毒女憎恶斗者-被动-造成伤害提升10%/11.7%/13.3%/15%	411501108					0				2	1								0	0	1	1			2	1
10400102	毒女憎恶斗者-被动-战斗开始时，对全体友方添加10400101	10001					0				2	1	7322	3		202	1	2	10400101	0	0	1	1	61904001		2	1
10400201	守夜人-受到伤害降低6%/7%/8%/9%	411502101					0				2	1								0	0	1	1			2	1
10400202	守夜人-被动-战斗开始时，对全体友方添加10400201	10001					0				2	1	7322	3		202	1	2	10400201	0	0	1	1	61904002		2	1
10400501	路障剑客-被动-回合开始时添加10400502	10001					0				2	1	1102	3		301	1	2	10400502	0	0	1	1	61904005		2	1
10400502	路障剑客-被动-标记，受攻击后清除	10001					0	1004	1	3	2	1								0	0	1	1			2	1
10400503	路障剑客-被动-回合结束时，有10400502则给自己添加10400504	10001					0				2	1	7004	3		301	1	2	10400504	0	0	1	1			2	1
10400504	路障剑客-被动-穿透率提升11.2%/13.53%/15.87%/18.2%	411203105					0				2	1								0	0	1	1			2	1
10400601	电玩怪客-被动-每损失1%生命值，降低目标0.6%/0.7%/0.8%/0.9%的治疗效果	411602101	1				0				2	1								0	0	1	1			2	1
10400602	电玩怪客-被动-战斗开始时对全体敌方施加10400601	10001					0				2	1	7322	3		102	1	2	10400601	0	0	1	1	61904006		2	1
10400901	小丑-被动-获得攻击力9%/11%/13%/15%的防御力	401201901					0				2	1								0	0	1	1	61904009		2	1
10401001	滑板男-被动-基本能力值提升9%/11%/13%/15%	411020130;412020124;413020115					0				2	1								0	0	1	1	61904010		2	1
10401401	苍白舞者-被动-攻击力提升7%/8.67%/10.33%/12%	411020131					0				2	1								0	0	1	1			2	1
10401402	苍白舞者-被动-战斗开始时，对所有圆形友方施加10401401需使用新增目标枚举：46）	10001					0				2	1	7322	3		244	1	2	10401401	0	0	1	1	61904014		2	1
10401403	苍白舞者-技能2-主效果-提升穿透率12%/16%/24%持续2回合	411203111		1			1				2	1								1	1	0		100901	100901		1
10401404	苍白舞者-技能1-子效果3-感染-无法获得治疗,持续0/1/2回合	407020102;407020103					2				2	1								1	1	0		210319	210319		1
10401405	苍白舞者-大招-子效果3-禁止进攻技能	404040102				3	2				2	1								1	1	0		210304	210304		1
10401406	苍白舞者-5破被动-战斗开始时敌方全体获得10401407	10001					0				2	1	7322	3	3	102	1	2	10401407	0	0	1	0			2	1
10401407	苍白舞者-5破被动-按苍白舞者忍耐率25%降低敌方全体忍耐率	411303801					0				2	1								0	0	1	0			2	1
10401501	怪力巨兔-被动-暴击伤害提升4.5%/5.5%/6.5%/7.5%（最多10层）	417030119					0				2	3								0	0	1	1			2	1
10401502	怪力巨兔-被动-使用技能后，获得一层10401501	10001					0				2	1	1002	2		301	1	2	10401501	0	0	1	1	61904015		2	1
10401503	怪力巨兔-5破被动-奥义技能后，对目标施加余震102020103	10001					0				2	1	1105	2	3	101	1	2	102020103	0	0	1				2	1
10402001	杰克皇-被动-造成伤害提升18%/22%/26%/30%（技能结束后清除）	411501109					0	1002	1	2	2	1								0	0	1	1			2	1
10402002	杰克皇-被动-攻击目标没有sp点时，获得10402001	10001					0				2	1	9259	3		301	1	2	10402001	0	0	1	1	61904020		2	1
10402003	杰克皇-技能2-主效果-提升自身15%/20%/30%攻击相关能力2/2/3回合	411020112;411203119;416030118;417030118		1			1				2	1								1	1	0		110101	110101		1
10402004	杰克皇-大招-子效果3-沉默2回合	404070151				3	2				2	1								1	1	0		210303	210303		1
10402005	杰克皇-被动-攻击目标没有sp点时，获得10402006	10001					0				2	1	9259	2	3	301	1	2	10402006	0	0	1				2	1
10402006	杰克皇-被动-穿透率提升40%（技能结束后清除）	411203118					0	1002	1	2	2	1								0	0	1				2	1
10402201	死神-被动-防御能力降低9%/11%/13%/15%	412020105;418030102;419030102;411303105					0				2	1								0	0	1	1			2	1
10402202	死神-被动-战斗开始时对所有敌方添加10402201	10001					0				2	1	7322	3		102	1	2	10402201	0	0	1	1	61904022		2	1
10402203	死神-技能1-子效果3-感染-无法获得治疗,持续0/1/2回合	407020102;407020103					2				2	1								1	1	0		210319	210319		1
10402501	兔子绅士-被动-每有1点sp，提升7.2%/9%/10.8%/12.6%最大生命值	401030701	1				0				2	1								0	0	1	1	61904025		2	1
10402502	兔子绅士-技能2-提升单体穿透率20%/30%/50%3回合	411203110		1			1				2	1								1	1	0		100901	100901		1
10402503	兔子绅士-大招-暴击抵抗提升40%/44%/48%/52%/56%/60%2回合	418030103		1		2	1				2	1								1	1	0		100701	100701		1
10402601	兔子贵妇-被动-防御力提升13.5%/16.5%/19.5%/22.5%	412020101					0				2	1								0	0	1	1			2	1
10402602	兔子贵妇-被动-战斗开始时对所有红色友方添加10402601	10001					0				2	1	7322	3		238	1	2	10402601	0	0	1	1	61904026		2	1
10403101	铠甲骑士-被动-忍耐率提升1.5%/2.0%/2.5%/3.0%	411303104					0				2	3								0	0	1	1			2	1
10403102	铠甲骑士-被动-每回合开始时，对自己叠加一层10403101	10001					0				2	1	1102	3		301	1	2	10403101	0	0	1	1	61904031		2	1
10403103	铠甲骑士-技能2-主效果-防御力提升30%/40%/50%2回合	412020110		1			1				2	1								1	1	0		100201	100201		1
10403104	铠甲骑士-大招-子效果3-承担友方25%/27.5%/30%/32.5%/35%/37.5%所受伤害2回合	406040101		1		3	0				2	1								0	0	1		300005	300005		1
10403105	铠甲骑士-大招-子效果4-次要buff-挂在自己身上	10001				3	0				2	1								0	0	1		300004	300004		1
10403106	铠甲骑士-大招-主效果-防御能力提升30%	412020120;418030110;419030109;411303113		1		2	1				2	1								0	0	1		110102	110102		1
10403301	手机男-被动-生命值大于50%时，自身攻击力提升14.4%/17.6%/20.8%/24%	411021101	1				0				2	1								0	0	1	1	61904033		2	1
10403302	手机男-技能2-主效果-降低目标15%/25%/35%防御，不超过自己防御力的15%/25%/35%2回合	412010901		1			2				2	1								1	1	0	1	200201	10403302		1
10403303	手机男-技能2-子效果3-施加给敌方，立即生效对手机男施加10403304	10001					0				2	1	9083	3		139	1	2	10403304	0	0	1	1				1
10403304	手机男-技能2-触发器效果-增加目标20%/30%/50%防御，不超过目标防御力的20%/30%/50%2回合	412010801		1			1	1106	1	2	2	1								1	1	0	1				1
10403305	手机男-大招-子效果3-禁止使用治疗技能	404060101				3	2				2	1								1	1	0		210305	210305		1
10400701	弓箭女-被动-战斗开始时获得210010112	10001					0				2	1	7322	3		301	2	2	210010102	0	0	1	1	61121008		2	1
10403401	女粉丝-被动-基本能力提升3.5%/4.17%/4.83%/5.5%	411020117;412020119;413020109					0				2	1								0	0	1	1			2	1
10403402	女粉丝-被动-战斗开始时对己方所有人类添加10403401（需使用新增目标枚举：46）	10001					0				2	1	7322	3		261	1	2	10403401	0	0	1	1	61904034		2	1
10403403	女粉丝-技能2-主效果-暴击率提升15%/20/30%2/2/3回合	416030110		1			1				2	1								1	1	0		100501	100501		1
10404101	血液病女-被动-攻击力提升3.5%/4.08%/4.67%/5.30%	411020107					0				2	3								0	0	1	1			2	1
10404102	血液病女-被动-每当有敌人死亡时，对自己叠加一层10404101	10001					0				2	1	9067	3		301	1	2	10404101	0	0	1	1	61904041		2	1
10404103	血液病女-技能2-预效果2-获得吸血20%/30%/40%	411701104					0	1002	1	2	2	1								0	0	1					1
10404104	血液病女-大招-预效果2-获得吸血50%	411701106				3	0	1002	1	2	2	1								0	0	1					1
10404301	血液病男-被动-根据自身暴击抵抗的64%/70%/76%/82%/88%/94%/100%降低敌方全体暴击率	416030801					0				2	1								0	0	1	1			2	1
10404302	血液病男-被动-战斗开始时对全体敌方触发10404301	10001					0				2	1	7322	3		102	1	2	10404301	0	0	1	1	61904043		2	1
10800201	濒死血液-被动-每损失1%生命值，获得0.36%/0.44%/0.52%/0.6%吸血率	411701103	1				0				2	1								0	0	1	1	61908002		2	1
10800202	濒死血液-被动-生命值低于50%时，攻击力提升30%	411021201	1				0				2	1								0	0	1				2	1
11500801	除障者-技能2-子效果3-降低忍耐率10%/15%/25%，1/1/2回合	411303107		1			2				2	1								1	1	0		201001	201001		1
11500802	除障者-被动-每回合开始时，对自己释放206020113	10001					0				2	1	1102	3		301	2	2	206030113	0	0	1	1	61115008		2	1
11500803	除障者-被动-战斗开始时获得11500804	10001					0				2	1	7322	3		301	1	2	11500804	0	0	1	1			2	1
11500804	除障者-被动-获得3%/6%/9%攻击力	411010101					0				2	1								0	0	1					1
11500805	除障者-用来配置被动加2sp的占位符	407020154					0				2	1								0	0	1					1
11500806	除障者-5星-标记，sp技能清除（弱）目标4层增益状态	10001					0				2	1								0	0	1				2	1
12100801	清道夫之夜-被动-战斗开始时获得12100802	10001					0				2	1	7322	3		301	1	2	12100802	0	0	1	1			2	1
12100802	清道夫之夜-被动-获得3%/6%/9%攻击力	411010101					0				2	1								0	0	1					1
12100803	清道夫之夜-用来配置被动加2sp的占位符	407020154					0				2	1								0	0	1					1
12100804	清道夫之夜-5破被动-释放奥义技能时，给自己施加12100805	10001					0				2	1	1101	2	3	301	1	1	12100805	0	0	1				2	1
12100805	清道夫之夜-5破被动-穿透率增加25%	411203117					0	1105	1	2	2	1								0	0	1				2	1
12700801	碧魂灯-技能2-子效果3-沉默0/1/2回合	404070101					2				2	1								1	1	0		210303	210303		1
12700802	碧魂灯-大招-预效果2-对敌方攻击力提升触发器	10001				3	0				2	1	9083	3		140	1	2	12700803	1	1	0					1
12700803	碧魂灯-大招-触发器-自身攻击力25%对敌方碧魂灯触发提升攻击力	411028101		1		3	1				2	1								1	1	0		100101	300019		1
12700804	碧魂灯-大招-子效果3-降低敌方攻击力25%	411029101		1		3	2				2	1								1	1	0		200101	300020		1
12700805	碧魂灯-被动-SP满时，对友方全体施加12700806	10001					0				2	1	9261	3		202	1	2	12700806	0	0	1	1	61127008		2	1
12700806	碧魂灯-被动-提升友方全体攻击力9%/11%/13%/15%	411020127					0				2	1								0	0	1	1			2	1
12700807	碧魂灯-5破被动-释放奥义技能后，自身获得12700808	10001					0				2	1	1105	2	3	301	1	2	12700808	0	0	1				2	1
12700808	碧魂灯-5破被动-15%吸血效果，持续2回合	411701108					0				2	1								0	0	1				2	1
13000801	暗巷星火-技能1-子效果3-降低25%防御力2回合	412020121		1			2				2	1								1	1	0		200201	200201		1
13000802	暗巷星火-被动-战斗开始时获得2SP	10001					0				2	1	7322	3		301	2	2	210010102	0	0	1	1	61130008		2	1
13000803	暗巷星火-被动-战斗开始时获得13000804	10001					0				2	1	7322	3		301	1	2	13000804	0	0	1	1	61130008		2	1
13000804	暗巷星火-被动-获得10/20/30/40/50/60点攻击力	411010101					0				2	1								0	0	1					1
13000805	暗巷星火-用来配置被动加3sp的占位符	405010155					0				2	1								0	0	1					1
13000806	暗巷星火-5破被动-5破标记buff	10001					0				2	1								0	0	1				2	1
13000807	暗巷星火-5破被动-10%吸血，释放技能后清除	411701109					0	1002	1	2	2	1								0	0	1				2	1
13000808	暗巷星火-5破被动-标记buff	10001					0				2	1								0	0	1				2	1
13100801	粉红风暴-技能2-主效果-降低15%/15%/25%暴击抵抗	418030104		1			2				2	1								1	1	0		200701	200701		1
13100802	粉红风暴-技能2-子效果3-降低0/30%/50%暴击抵抗	419030103		1			2				2	1								1	1	0		200801	200801		1
13100803	粉红风暴-被动-战斗开始时，对所有异化种触发13100804	10001					0				2	1	7322	3		246	1	2	13100804	0	0	1		61131008		2	1
13100804	粉红风暴-被动-提升4%/4.7%/5.3%/6%基础能力值	411020124;411020125;411020126					0				2	1								0	0	1				2	1
13100805	粉红风暴-5破被动-战斗开始时，若友方全体均为库比亚，自身获得13100806	10001					0				2	1	9262	3	3	301	1	2	13100806	0	0	1				2	1
13100806	粉红风暴-5破被动-暴击率提升25%	416030117					0				2	1								0	0	1				2	1
11700801	秘域访客-技能2-预效果2-获得吸血20%/30%/40%	411701104					0	1002	999	2	2	1								0	0	1					1
11700802	秘域访客-被动-攻击力提升2.5%/3%/3.5%/4%	411020115					0				2	3								0	0	1	1			2	1
11700803	秘域访客-治疗触发攻击提升	10001					0				2	1	9236	2		301	1	2	11700802	0	0	1	1	61117008		2	1
11700804	秘域访客-5破被动-释放非奥义技能后，对目标施加流血102020101，每回合可触发1次	10001					0				2	1	9260	3	3	101	2	2	204020104	0	0	1				2	1
11700805	秘域访客-5破被动-1回合流血	402020101					2				2	2								1	1	0		210202	210202	2	1
10300601	疯人院-被动-所有能力值+3.5%/4.2%/4.8%/5.5%（最大3层）	411020117;416030113;417030115;411203113;412020119;418030109;419030108;411303112;413020109;411601105;411601204;412101105;412102104					0				2	3								0	0	1	1			2	1
10300602	疯人院-被动-回合开始时对自己触发10300601	10001					0				2	1	1102	3		301	1	2	10300601	0	0	1	1	61103006		2	1
10300603	疯人院-5破被动-每损失1%生命值，暴击伤害提升1.2%	417031001	1				0				2	1								0	0	1				2	1
10500401	暗夜内特-被动-攻击力提升12%/14.7%/17.3%/20%	411020128					0				2	1								0	0	1		61105004		2	1
10500402	暗夜内特-技能2-降低20%/30%/40%防御能力1/1/2回合	412020116;411303110;418030107;419030106		1			2				2	1								1	1	0		210102	210102		1
10600901	耀夜之星-被动-释放SP技能时，对自己施加10600902	10001					0				2	1	1101	1	1	301	1	2	10600902	0	0	1		61106009		2	1
10600902	耀夜之星-被动-最终伤害提升20%/25%/30%/35%	411501105					0	1002	99	2	2	1								0	0	1				2	1
10600903	耀夜之星-技能2-15%/20%/30%攻击力2回合	410600901		1			1				2	1								1	1	0		100101	100101		1
10600904	耀夜之星-大招-伤害传递子BUFF	10001				3	0				2	1								0	0	1					1
10600905	耀夜之星-大招-伤害传递主BUFF	406040102		1		3	2				2	1								0	0	1		210401	210401		1
10600906	耀夜之星-3星标记buff	10001					0				2	1								0	0	1				2	1
10600907	耀夜之星-3星大招-伤害传递子BUFF	10001				3	0				2	1								0	0	1					1
10600908	耀夜之星-3星大招-伤害传递主BUFF	410600902		1		3	2				2	1								0	0	1		210401	210401		1
10600909	耀夜之星-被动，使用技能后，有50%概率补进目标1张2星随机技能卡	10001					0				2	1	7052	3	3	223	2	2	216010101	0	0	1				2	1
10600910	耀夜之星-被动，使用技能后，补进目标1张2星随机技能卡，可触发1次	10001					0				2	1	1002	3	3	223	2	2	216010101	0	0	1				2	1
10600911	耀夜之星-被动，使用技能后，补进目标1张2星随机技能卡，可触发2次	10001					0				2	1	1002	3	3	223	2	2	216010101	0	0	1				2	1
10600912	耀夜之星-1星被动-战斗开始，回2点sp	10001					0				2	1	7322	3	3	301	2	2	210010102	0	0	1				2	1
10600913	耀夜之星-5星-首次奥义技能后，回复友方全体1sp	10001					0				2	1	1105	1	3	202	2	2	210010101	0	0	1				2	1
10701001	诡夜雾行-被动不升级-回合开始时给自己以外友方上10701007	10001					0				2	1	1102	3	3	251	1	2	10701007	0	0	1		61107010		2	1
10701002	诡夜雾行-初始被动不升级-获得10701010时，若>1层，不>2层，则触发1次75107010，每回合至多1次	10001					0				2	1	9291	3	3	123	4	2	75107010	0	0	1				2	1
10701003	诡夜雾行-初始被动不升级-获得10701010时，若>3层，不>4层，则触发1次75107010，每回合至多1次	10001					0				2	1	9291	3	3	123	4	2	75107010	0	0	1				2	1
10701004	6星诡夜雾行-6星被动-获得10701010时，若>5层，不>6层，则触发1次76107010，每回合至多1次	10001					0				2	1	9291	3	3	123	4	2	75107010	0	0	1					1
10701005	诡夜雾行-初始被动-每次行动后，获得10701006	10001					0				2	1	1002		3	301	1	1	10701006	0	0	1				2	1
10701006	诡夜雾行-暴击伤害提升2/3/3.5/4%，叠加10层	410701015					0				2	3								0	0	1				2	1
10701007	诡夜雾行-用来触发诡夜雾行被动的标记，使用攻击技能牌时，给己方除自己以外的107010诡夜雾行上10701010	10001					0				2	1	8005	3	3	307	1	2	10701010	0	0	1				2	1
10701008	诡夜雾行-4星被动-战斗开始时给全体友方上10701007	10001					0				2	1	1102	3	3	202	1	2	10701007	0	0	1		61107010		2	1
10701009	诡夜雾行-被动配天赋表升级-获得10701010时，给自身挂10701008	10001					0				2	1	7002		3	301	1	2	10701008	0	0	1				2	1
10701010	诡夜雾行-被动-其他人给诡夜雾行挂的追击标记buff	10001					0				2	3								0	0	1				2	1
10701011	诡夜雾行-4星自己效果-使用攻击技能后，给自己挂10701010	10001					0				2	1	8005	3	3	301	1	2	10701010	0	0	1				2	1
10701012	诡夜雾行-被动不升级-获得10701010时，若>1层，则触发1次75107010，每回合至多2次	10001					0				2	1	7014	3	3	123	4	1	75107010	0	0	1				2	1
10701013	诡夜雾行-被动不升级-获得10701010时，若>1层，则触发1次75107010，每回合至多3次	10001					0				2	1	7014	3	3	123	4	1	75107010	0	0	1				2	1
10701014	诡夜雾行-1技能-造成最终伤害提升10%	410701014		1			1				2	1								1	1	0		101201	101201		1
10701015	诡夜雾行-1星标记buff	10001					0				2	1								0	0	1				2	1
10701016	1星-诡夜雾行-最终伤害提升20%	410701016					0	1002	1	1	2	1								0	0	1				2	1
10701017	1星-诡夜雾行-被动-获得10701010时，若>3层，不>4层，则触发1次76107010，每回合至多1次	10001					0				2	1	9291	3	3	123	4	2	75107010	0	0	1				2	1
12300801	莲初始-被动-敌方目标死亡时，对自己施加12300802	10001					0				2	1	9067			301	1	2	12300802	0	0	1		61123008		2	1
12300802	莲初始-被动-基础能力提升5%/5.5%/6%/6.5%/7%/7.5%/8%	411020116;412020115;413020107					0				2	3								0	0	1				2	1
12300803	莲初始-大招-单体生命相关能力降低15%	413020111;411601103;411601205;412101103;412102102				3	2				2	1								1	1	0		210103	210103		1
12900801	丝薇蒂初始-被动-sp满时，驱散（弱）自身3层减益效果	10001					0				2	1	9261	3	3	301	2	2	206030103	0	0	1				2	1
12900802	丝薇蒂初始-被动-战斗开始时，自身获得12900803	10001					0				2	1	7322	3	3	301	1	2	12900803	0	0	1				2	1
12900803	丝薇蒂初始-被动-获得0/3/6/9%攻击力	411010101					0				2	1								0	0	1				2	1
12900804	丝薇蒂初始-被动-战斗开始时，自身获得12900801	10001					0				2	1	7322	3	3	301	1	2	12900801	0	0	1		61129008		2	1
111600101	极寒朔风-技能2-嘲讽2/2/2回合	410001103					0				2	1								0	0	1		300001	300001		1
111600102	极寒朔风-5星-反击标记，受到敌方攻击时，触发1次反击，每回合2次	10001					0				2	1	1004	3	3	123	4	1	71116001	0	0	1				2	1
111600103	极寒朔风-初始被动-战斗开始时，如果全员蓝色，给自己加111600104	10001					0				2	1	9294	3	3	301	1	2	111600104	0	0	1		61116001		2	1
111600104	极寒朔风-初始被动-受到治疗效果提升15%/16.7%/18.3%/20%	411602105					0				2	1								0	0	1				2	1
111600105	极寒朔风-5星被动-释放72116001时，给自己加111600102	10001					0				2	1	1008	3	3	301	1	2	111600102	0	0	1				2	1
111600106	极寒朔风-技能2-加防御力1/2/2回合	412020113		1			1				2	1								0	0	1		100201	100201		1
113700801	青之回旋-5星被动标记buff	10001					0				2	1								0	0	1				2	1
113700802	青之回旋-初始被动，回合开始时给友方全体上113700803	10001					0				2	1	1102	3	3	202	1	2	113700803	0	0	1		61137008		2	1
113700803	青之回旋-造成伤害提升4/5.3/6.7/8%，可叠加4层	411501110					0				2	3								0	0	1				2	1
112900101	致圣雪夜-技能B-3回合受到间接伤害提升15/20/25%	412202102		1			2				2	1								1	1	0		201901	201901		1
112900102	致圣雪夜-被动配天赋表-回合开始时，给敌方全体挂112900103	10001					0				2	1	1102	3	3	102	1	2	112900103	0	0	1		61129001		2	1
112900103	致圣雪夜-被动，获得buff时，若是减益效果，则给对方129001挂112900105	10001					0				2	1	1019	3	3	144	1	1	112900105	0	0	1				2	1
112900104	致圣雪夜-被动，攻击力提升3/3.5/4/4.5%	411020135					0				2	3								0	0	1				2	1
112900105	致圣雪夜-被动，标记buff	10001					0				2	1								0	0	1				2	1
112900106	致圣雪夜-被动配天赋表，获得112900105时，给自己加112900104	10001					0				2	1	7002	3	3	301	1	1	112900104	0	0	1				2	1
112900107	致圣雪夜-1星被动配天赋表-释放sp技能后，获得112900109，只触发1次	10001					0				2	1	1105	1	3	301	1	2	112900109	0	0	1				2	1
112900108	致圣雪夜-1星被动配天赋表-释放sp技能前，若自身有112900109，给自己挂112900110	10001					0				2	1	7041	2	3	301	1	2	112900110	0	0	1				2	1
112900109	致圣雪夜-1星标记buff	10001					0				2	1								0	0	1				2	1
112900110	致圣雪夜-1星实际效果-造成伤害提升15%	411501112					0	1002	1	1	2	1								0	0	1				2	1
112900111	致圣雪夜-4星配天赋表-释放非sp技能时，若目标身上减益>0，则给自己恢复1点sp，每回合至多2次	10001					0				2	1	9298	3	3	301	2	2	210010101	0	0	1				2	1
112900112	致圣雪夜-6星配天赋表-6星标记	10001					0				2	1								0	0	1				2	1
112900113	致圣雪夜-暴击率抵抗降低20%	418030115		1		3	2	7061	1	1	2	1								1	1	0		200701	200701		1
112900114	致圣雪夜-暴击伤害抵抗降低20%	419030115		1		3	2	7061	1	1	2	1								1	1	0		200801	200801		1
112900115	致圣雪夜-3星标记buff	10001					0				2	1								0	0	1				2	1
114000801	囚鸟绮愿-6星标记buff	10001					0				2	1								0	0	1				2	1
114000802	囚鸟绮愿-1星被动，释放41140008后，对目标挂1回合诅咒102030101	10001					0				2	1	7001	2	3	101	1	2	102030101	0	0	1				2	1
114000803	囚鸟绮愿-3星被动-释放奥义技能后，回复2点sp	10001					0				2	1	1105	2	3	301	2	2	210010102	0	0	1				2	1
114000804	囚鸟绮愿-初始被动-战斗开始时，如果队伍都是红色，给自己挂114000806	10001					0				2	1	9294	3	3	301	1	2	114000805	0	0	1		61140008		2	1
114000805	囚鸟绮愿-初始被动-造成间接伤害提升x%	412201102					0				2	1								0	0	1				2	1
110900201	白瑰绮晶-【攻击力降低】-攻击降低10%	410900205		1		1	2				2	3								1	1	0		200101	200101	2	1
110900202	白瑰绮晶-【冰盾】吸收施法者生命值30%的伤害。	410900206				1	1				2	1								1	1	0		110218	110218	2	1
110900203	白瑰绮晶-【寒生】标记-触发器	10002				3	0				2	3	9708	3	3	301	1;3	1	110900228;44109002	0	0	1				2	1
110900204	白瑰绮晶-【寒生】显示用	10002				3	0				2	3								0	0	1		110215	110215	2	1
110900205	白瑰绮晶-【竭力】标记BUFF	10002				3	0				2	3	7293	2	3	301	1	2	110900230	0	0	1		110216	110216	2	1
110900206	白瑰绮晶-【寒甲】第二回合开始时加	10002				1	0				2	3	9202	1	3	202	1	1	110900207	0	0	1				2	1
110900207	白瑰绮晶-【寒甲效果】-防御，暴击抗性，暴击伤害抗性提升	410900207;410900208;410900209				1	0				2	3								0	0	1		110217	110217	2	1
110900208	白瑰绮晶-【寒甲效果】第二回合开始时给光卡加	10002				1	0				2	3	9202	1	3	241	1	1	110900210	0	0	1				2	1
110900209	白瑰绮晶-【寒甲效果】第二回合开始时给暗卡加	10002				1	0				2	3	9202	1	3	242	1	1	110900210	0	0	1				2	1
110900210	白瑰绮晶-【寒甲效果】光暗额外效果-防御，暴击抗性，暴击伤害抗性提升	410900210;410900211;410900212				1	0				2	3								0	0	1				2	1
110900211	白瑰绮晶-【寒甲】战斗开始时加	10002				1	0				2	3	9202	1	3	202	1	1	110900207	0	0	1				2	1
110900212	白瑰绮晶-【寒甲效果】战斗开始时给光卡加	10002				1	0				2	3	9202	1	3	241	1	1	110900210	0	0	1				2	1
110900213	白瑰绮晶-【寒甲效果】战斗开始时给暗卡加	10002				1	0				2	3	9202	1	3	242	1	1	110900210	0	0	1				2	1
110900214	白瑰绮晶-1星效果-自身施加护盾量提升30%	410900213				3	0				2	3								0	0	1				2	1
110900215	白瑰绮晶-4星标记BUFF	10002					0				2	1								0	0	1				2	1
110900216	白瑰绮晶-4星效果【冰盾】	410900214				1	1				2	1								1	1	0		110218	110218	2	1
110900217	白瑰绮晶-进入战斗的时候，给自己加判断冰盾消失回血的BUFF-2技能的	10002				3	0				2	3	9247	3	3	301	2	1	44109002	0	0	1				2	1
110900218	白瑰绮晶-进入战斗的时候，给自己加判断冰盾消失回血的BUFF-4星的	10002				3	0				2	3	9247	3	3	301	2	1	49109002	0	0	1				2	1
110900219	白瑰绮晶-6星进入战斗的时候，获得1层【寒生】标记-触发器	10002				3	0				2	3	7322	3	3	202	1	2	110900203	0	0	1				2	1
110900220	白瑰绮晶-6星进入战斗的时候，获得1层【寒生】显示用	10002				3	0				2	3	7322	3	3	301	1	2	110900204	0	0	1				2	1
110900221	白瑰绮晶-6星进入战斗的时候，增加触发器，降低【竭力】1回合持续时间	10002				3	0				2	3	1102	3	3	202	1	1	110900222	0	0	1				2	1
110900222	白瑰绮晶-6星降低【竭力】1回合持续时间	10002				3	0				2	3	7002	3	3	301	2	1	48109002	0	0	1				2	1
110900223	白瑰绮晶-当自身有寒生时，可触发锁血	10002				3	0				2	3	7002	3	3	301	1	1	110900230	0	0	1				2	1
110900224	白瑰绮晶-锁血	410900215				3	0				2	3								0	0	1				2	1
110900225	白瑰绮晶-进入战斗时，给所有队友加锁血触发器	10002				3	0				2	3	7322	3	3	202	1	1	110900223	0	0	1				2	1
110900226	白瑰绮晶-1星标记BUFF	10002					0				2	1								0	0	1				2	1
110900227	白瑰绮晶-回合开始时，给所有人加盾转血触发器	10002				3	0				2	3	1102	3	3	202	1;1	1	110900217;110900218	0	0	1				2	1
110900228	白瑰绮晶-触发寒生的标记BUFF	10002					0				2	1								0	0	1				2	1
110900229	白瑰绮晶-回合开始时，给所有人加一遍4星标记	10002				3	0				2	3	1102	3	3	202	1	1	110900215	0	0	1				2	1
110900230	白瑰绮晶-获得自身时锁血	10002				3	0				2	1	9570	2		301	1	2	110900224	0	0	1				2	1
99999		499999					1				2	1								0	0	1		100101			1
88888	测试用护盾触发器	10001					0				2	1	1102	3		301	1	2	88887	0	0	1					1
88887	1回合护盾	888888					1				1	1								0	0	0					1
77777	满爆	416030151		1			1				2	1								1	1	0		100501	100501		1
77778	10层降防(每层10%)	412010152		1			2				2	3								1	1	0		200201	200201		1
77779	10层加防(每层30%)	412010153		1			1				2	3								1	1	0		100201	100201		1
77776	嘲讽	410001151					0				2	3								1	1	0		300001	300001		1
77775	无法获得护盾效果	407020101					2				2	3								1	1	0		210320	210320		1
19000001	羁绊-显示跳字用-攻击力提升	10001					0				2	1								0	0	1		70000001			1
19000002	羁绊-显示跳字用-防御力提升	10001					0				2	1								0	0	1		70000002			1
19000003	羁绊-显示跳字用-生命值提升	10001					0				2	1								0	0	1		70000003			1
19000004	羁绊-特殊羁绊：攻击力提升	10001					0				2	1								0	0	1		70000004	70000004		1
19000005	羁绊-特殊羁绊：防御力提升	10001					0				2	1								0	0	1		70000005	70000005		1
19000006	羁绊-特殊羁绊：生命值提升	10001					0				2	1								0	0	1		70000006	70000006		1
19000007	羁绊-特殊羁绊：暴击率提升	10001					0				2	1								0	0	1		70000007	70000007		1
19000008	羁绊-特殊羁绊：暴击伤害提升	10001					0				2	1								0	0	1		70000008	70000008		1
19000009	羁绊-特殊羁绊：暴击率抵抗提升	10001					0				2	1								0	0	1		70000009	70000009		1
19000010	羁绊-特殊羁绊：暴击伤害抵抗提升	10001					0				2	1								0	0	1		70000010	70000010		1
19000011	羁绊-特殊羁绊：穿透率提升	10001					0				2	1								0	0	1		70000011	70000011		1
19000012	羁绊-特殊羁绊：忍耐率提升	10001					0				2	1								0	0	1		70000012	70000012		1
19000013	羁绊-特殊羁绊：造成治疗提升	10001					0				2	1								0	0	1		70000013	70000013		1
19000014	羁绊-特殊羁绊：受到治疗提升	10001					0				2	1								0	0	1		70000014	70000014		1
19000015	羁绊-特殊羁绊：造成护盾提升	10001					0				2	1								0	0	1		70000015	70000015		1
19000016	羁绊-特殊羁绊：受到护盾提升	10001					0				2	1								0	0	1		70000016	70000016		1
19000017	羁绊-特殊羁绊：攻击力提升	10001					0				2	1								0	0	1		70000004	70000017		1
19000018	羁绊-特殊羁绊：防御力提升	10001					0				2	1								0	0	1		70000005	70000018		1
19000019	羁绊-特殊羁绊：生命值提升	10001					0				2	1								0	0	1		70000006	70000019		1
19000020	羁绊-特殊羁绊：暴击率提升	10001					0				2	1								0	0	1		70000007	70000020		1
19000021	羁绊-特殊羁绊：暴击伤害提升	10001					0				2	1								0	0	1		70000008	70000021		1
19000022	羁绊-特殊羁绊：暴击率抵抗提升	10001					0				2	1								0	0	1		70000009	70000022		1
19000023	羁绊-特殊羁绊：暴击伤害抵抗提升	10001					0				2	1								0	0	1		70000010	70000023		1
19000024	羁绊-特殊羁绊：穿透率提升	10001					0				2	1								0	0	1		70000011	70000024		1
19000025	羁绊-特殊羁绊：忍耐率提升	10001					0				2	1								0	0	1		70000012	70000025		1
19000026	羁绊-特殊羁绊：造成治疗提升	10001					0				2	1								0	0	1		70000013	70000026		1
19000027	羁绊-特殊羁绊：受到治疗提升	10001					0				2	1								0	0	1		70000014	70000027		1
19000028	羁绊-特殊羁绊：造成护盾提升	10001					0				2	1								0	0	1		70000015	70000028		1
19000029	羁绊-特殊羁绊：受到护盾提升	10001					0				2	1								0	0	1		70000016	70000029		1
19000030	羁绊-特殊羁绊：攻击力提升	10001					0				2	1								0	0	1		70000004	70000030		1
19000031	羁绊-特殊羁绊：防御力提升	10001					0				2	1								0	0	1		70000005	70000031		1
19000032	羁绊-特殊羁绊：生命值提升	10001					0				2	1								0	0	1		70000006	70000032		1
19000033	羁绊-特殊羁绊：暴击率提升	10001					0				2	1								0	0	1		70000007	70000033		1
19000034	羁绊-特殊羁绊：暴击伤害提升	10001					0				2	1								0	0	1		70000008	70000034		1
19000035	羁绊-特殊羁绊：暴击率抵抗提升	10001					0				2	1								0	0	1		70000009	70000035		1
19000036	羁绊-特殊羁绊：暴击伤害抵抗提升	10001					0				2	1								0	0	1		70000010	70000036		1
19000037	羁绊-特殊羁绊：穿透率提升	10001					0				2	1								0	0	1		70000011	70000037		1
19000038	羁绊-特殊羁绊：忍耐率提升	10001					0				2	1								0	0	1		70000012	70000038		1
19000039	羁绊-特殊羁绊：造成治疗提升	10001					0				2	1								0	0	1		70000013	70000039		1
19000040	羁绊-特殊羁绊：受到治疗提升	10001					0				2	1								0	0	1		70000014	70000040		1
19000041	羁绊-特殊羁绊：造成护盾提升	10001					0				2	1								0	0	1		70000015	70000041		1
19000042	羁绊-特殊羁绊：受到护盾提升	10001					0				2	1								0	0	1		70000016	70000042		1
18000001	料理-跳字显示用：攻击力提升	10001					0				2	1								0	0	1		70000017			1
18000002	料理-跳字显示用：防御力提升	10001					0				2	1								0	0	1		70000018			1
18000003	料理-跳字显示用：生命值提升	10001					0				2	1								0	0	1		70000019			1
18000004	料理-跳字显示用：暴击率提升	10001					0				2	1								0	0	1		70000020			1
18000005	料理-跳字显示用：暴击伤害提升	10001					0				2	1								0	0	1		70000021			1
18000006	料理-跳字显示用：暴击率抵抗提升	10001					0				2	1								0	0	1		70000022			1
18000007	料理-跳字显示用：暴击伤害抵抗提升	10001					0				2	1								0	0	1		70000023			1
18000008	料理-跳字显示用：穿透率提升	10001					0				2	1								0	0	1		70000024			1
18000009	料理-跳字显示用：忍耐率提升	10001					0				2	1								0	0	1		70000025			1
18000010	料理-跳字显示用：战斗力提升	10001					0				2	1								0	0	1		70000026			1
18000011	料理-跳字显示用：获得1点SP	10001					0				2	1	7322			301	2	2	210010101	0	0	1		70000027			1
120601291	每回合驱散随机友方1层减益效果	10001					0				2	1	1102			223	2	2	206030101	0	0	1					1
120601292	每回合驱散随机2名友方1层减益效果	10001					0				2	1	1102			224	2	2	206030101	0	0	1					1
120601293	每回合驱散随机3名友方1层减益效果	10001					0				2	1	1102			225	2	2	206030101	0	0	1					1
120601294	每回合驱散全体友方1层减益效果	10001					0				2	1	1102			202	2	2	206030101	0	0	1					1
120601295	每回合驱散全体友方2层减益效果	10001					0				2	1	1102			202	2	2	206030102	0	0	1					1
120601296	每回合驱散全体友方3层减益效果	10001					0				2	1	1102			202	2	2	206030103	0	0	1					1
120601231	暗夜猫副本-回合开始时，对敌方全体挂120601232	10001					0				2	1	1103	1		102	2	3	201221001	0	0	1					1
120601232	暗夜猫副本-回合开始时，对自己造成5%/10%/16%/23%/31%/40%的纯粹伤害	10001					0				2	1	7002			301	2	3	201221001	0	0	1					1
120601241	暗夜猫副本-开场第4回合开始时获得1sp	10001					0				2	1	3006			301	2	2	210010101	0	0	1					1
120601242	暗夜猫副本-开场第3回合开始时获得1sp	10001					0				2	1	3006			301	2	2	210010101	0	0	1					1
120601243	暗夜猫副本-开场第2回合开始时获得1sp	10001					0				2	1	3006			301	2	2	210010101	0	0	1					1
120601244	暗夜猫副本-开场第1回合开始时获得1sp	10001					0				2	1	7322			301	2	2	210010101	0	0	1					1
120601245	暗夜猫副本-开场第1回合开始时获得2sp	10001					0				2	1	7322			301	2	2	210010102	0	0	1					1
120601246	暗夜猫副本-开场第1回合开始时获得3sp	10001					0				2	1	7322			301	2	2	210010103	0	0	1					1
120601250	暗夜猫副本-暗夜猫小队角色标记	10001					0				2	1								0	0	1					1
120601251	暗夜猫副本-暗夜猫小队角色造成伤害+10%/20%/30%/40%/50%/60%	10001					0				2	1	1102			304	1	2	120601252	0	0	1					1
120601252	暗夜猫副本-造成伤害+10%/20%/30%/40%/50%/60%	411501106					0				2	1								0	0	1					1
1010001	10001光环-第2回合结束时给自己触发210010105	10001					0				2	1	9263			301	2	3	210010105	0	0	1				2	1
1010002	10001光环-第1回合结束时给自己触发210010105	10001					0				2	1	9263			301	2	3	210010105	0	0	1				2	1
1010003	序章第二场战斗，纳芙瑞特大招后自杀效果	10001					0				2	1	9244			301	2	3	1001	0	0	1					1
1010004	10001光环-第1回合开始前给自己触发210010105	10001					0				2	1	9265			301	2	3	210010105	0	0	1				2	1
1010005	10001光环-每回合回复SP点数1	10001					0				2	1	1103			301	2	3	210010101	0	0	1		110207	110207	2	1
1010006	10001特殊关被动，主线68话，BOSS死亡被动，自身生命低于70%后死亡	10001					0				2	1	7317			301	2	3	209010152	0	0	1					1
1010007	第五章被动护盾增强100%	412101153					1				2	1						2		0	0	1		101701	101701		1
1010008	每回合开始获得一层减防	10002		0			0				2	1	1102	1		301	3	2	1010012	0	0	1					1
1010009	己方全体每回合降防10%，不可驱散	412010152		0			2			2	2	3								1	0	1		200201	200201		1
1010010	每3回合开始时给随机一名敌方挂标记	10002		0			0				2	1	1102	1		123	1	2	1010011	0	0	1					1
1010011	释放标记，回合结束获得5sp	10002		0			1	1102	1	1	2	1	1103			301	2	2	210010105	0	0	1		110207	320001		1
1010012	每2回合开始时给敌方BOSS挂召唤标记	10002		0			0				2	1	1102	1		134	1	2	1010013	0	0	1					1
1010013	释放标记，下回合召唤	10002		0			0	1102	1	3	2	1	1102			301	3	2	1010015	0	0	1					1
1010014	每回合回复SP点数1	10002					1				2	1	1103			301	2	3	210010101	0	0	1		110207	320002		1
1010015	每回合开始时给随机一名敌方挂标记	10002		0			0				2	1	1102			123	1	1	1010016	0	0	1					1
1010016	主线-提升15%攻击力，1回合,受伤提高30%	401102155;411502154		1			0			2	2	1								0	0	1		340003	320003		1
1010019	每回合场上随机2个单位获得留响空间	10002		0			0				2	1	1102			301	3	2	1010025	0	0	1		300014	320004		1
1010020	主线-沉默，1回合;	404070151		1			2			2	2	1								1	1	1		210303	210303		1
1010021	主线-防御降低30%，1回合	412010154		1			2			2	2	1								1	1	1		200201	200201		1
1010022	每回合开始时给BOSS挂愤怒层数并扣血	10002		0			0				2	1	1102			301	3	2	1010019	0	0	1		300014	320005		1
1010023	主线-提升5%攻击力，可叠加	401102156		0			1			2	2	3								0	0	1		100101	100101		1
1010024	愤怒空buff	10002		1			0				2	1								0	0	1		100901	320005		1
1010025	每回合结束时触发超忆症	10002		0			0				2	1	1103			301	3	2	1010021	0	0	1					1
1010028	破绽暴露：防御降低30%，1回合	412010154		1			2			2	2	1								1	1	1		200201	320007		1
1010029	每回合开始时触发豪威尔技能	10002		0			0				2	1	1102			301	3	2	1010023	0	0	1		310004	320006		1
1010030	梦中人：每回合首个攻击祈-碧魂灯的单位获得攻击力降低和防御力降低效果	10002		1			0				2	1	1004	1	0	101	1;1	2;3	1010031;1010032	0	0	1		340002	320010		1
1010031	梦中人-防御降低30%	412010159		1			2			2	2	1								1	1	1		200201	320012		1
1010032	梦中人-攻击降低30%	401102159		1			2			2	2	1								1	1	1		200101	320011		1
1010033	13-2召唤敌人	10002		0			0				2	1	1103			123	1	2	1010034	0	0	1					1
1010034	13-2召唤敌人	10002		0			0	1102	1	3	2	1	1102			301	3	2	1010029	0	0	1					1
1010035	回合开始回复SP点数5	10002					1	1102	1	3	2	1	1102			301	2	2	210010104	0	0	1			320002		1
1010036	回合开始回复SP点数3	10002					1	1102	1	3	2	1	1102			301	2	2	210010102	0	0	1			320002		1
1010037	绝响：受到致命伤害时免死	406030151		1			0				2	1								0	0	1		340004	320013		1
1010038	绝响：获得5点SP	10002		1			0				2	1	1015			301	2;1	1;3	210010105;1010039	0	0	1					1
1010039	释放完大招后死亡	10002		1			0				2	1	1105	1		301	2	3	209010151	0	0	1					1
1010040	绝响：开大	10002		1			0				2	1	1015	1	0	101	4	2	578002001	0	0	1					1
1010041	逆刃：当场上不存在友方单位时，无法获得增益效果，且受到伤害提升30%。	10002		1			0				2	1	9211	1		301	1	1	1010042	0	0	1		340005	320014		1
1010042	无法获得增益效果，且受到伤害提升30%。	407020156;411502152		1			2				2	1								0	0	1		210312	320015		1
1010043	【活动副本-双蛋世界BOSS战】奥义点数渐回效果	10001		1			1				2	2	1102	1		301	2	2	210010101	0	0	1		110207	1102071		1
1010044	【活动副本-双蛋世界BOSS战】死亡时会传递给击杀者，奥义点数渐回效果。	10001		1			0				2	2	1007			101	1;1	2	1010043;1010044	0	0	1					1
1010045	【活动副本-双蛋世界BOSS战】目标死亡时，给自身添加BUFF	10001		1			0				2	1	7331			301	1	2	1010043	0	0	1					1
1010046	【活动副本-双蛋世界BOSS战】每回合对敌方全体降低忍耐20%效果，最高3层。	10001		1			0				2	1	1102			102	1	2	1010047	0	0	1		300014	320022		1
1010047	【活动副本-双蛋世界BOSS战】忍耐降低20%效果，最高3层。	411303155		1			2				2	3								1	0	0		201001	201001		1
1010048	【活动副本-双蛋世界BOSS战】第4回合强制死亡。	411303155		1			0				2	1	3012			301	2	2	209010151	0	0	0		300014	320023		1
900001	PVP战中推进BUFF触发器	10001					0				2	1	3006	1		301	1;2	2;2	900002;214010301	0	0	1		300017	300017		1
900002	PVP战中推进-攻击力增加10%	411020101					0				2	3								0	0	1					1
900003	PVP空BUFF-攻击力增加	10001					0				2	1								0	0	1		300015	300015		1
900004	PVP空BUFF-持续掉血	10001					0				2	1								0	0	1		300016	300016		1
5010001	猫球被动-R-加攻击力固定值	5010001		0			0				2	1								0	0	1					1
50100010	猫球被动-战斗开始给己方全体上5010001	10001		0			0				2	1	7322	3	3	301	1	2	5010001	0	0	1		50100010			1
5010002	猫球被动-R-加防御力固定值	5010002		0			0				2	1								0	0	1					1
50100020	猫球被动-战斗开始给己方全体上5010002	10001		0			0				2	1	7322	3	3	301	1	2	5010002	0	0	1		50100020			1
5010003	猫球被动-R-加最大生命值固定值	5010003		0			0				2	1								0	0	1					1
50100030	猫球被动-战斗开始给己方全体上5010003	10001		0			0				2	1	7322	3	3	301	1	2	5010003	0	0	1		50100030			1
5010004	猫球被动-SR-加攻击力百分比	5010004		0			0				2	1								0	0	1					1
50100040	猫球被动-战斗开始给己方全体上5010004	10001		0			0				2	1	7322	3	3	301	1	2	5010004	0	0	1		50100040			1
5010005	猫球被动-SR-加防御力百分比	5010005		0			0				2	1								0	0	1					1
50100050	猫球被动-战斗开始给己方全体上5010005	10001		0			0				2	1	7322	3	3	301	1	2	5010005	0	0	1		50100050			1
5010006	猫球被动-SR-加最大生命值百分比	5010006		0			0				2	1								0	0	1					1
50100060	猫球被动-战斗开始给己方全体上5010006	10001		0			0				2	1	7322	3	3	301	1	2	5010006	0	0	1		50100060			1
5010007	猫球被动-SR-加忍耐率	5010007		0			0				2	1								0	0	1					1
50100070	猫球被动-战斗开始给己方全体上5010007	10001		0			0				2	1	7322	3	3	301	1	2	5010007	0	0	1		50100070			1
5010008	猫球被动-SR-加穿透率	5010008		0			0				2	1								0	0	1					1
50100080	猫球被动-战斗开始给己方全体上5010008	10001		0			0				2	1	7322	3	3	301	1	2	5010008	0	0	1		50100080			1
5010009	猫球被动-SR-加受到护盾增加	5010009		0			0				2	1								0	0	1					1
50100090	猫球被动-战斗开始给己方全体上5010009	10001		0			0				2	1	7322	3	3	301	1	2	5010009	0	0	1		50100090			1
5010010	猫球被动-SR-加受到治疗增加	5010010		0			0				2	1								0	0	1					1
50100100	猫球被动-战斗开始给己方全体上5010010	10001		0			0				2	1	7322	3	3	301	1	2	5010010	0	0	1		50100100			1
5010011	猫球技能-SSR-dot诅咒-目标15%最大生命值，不超过90%攻击力，持续1回合	5010011		0			2				2	2								1	1	0		210205	210205		1
50100111	猫球技能-SSR-dot诅咒-目标15%最大生命值，不超过90%攻击力，持续2回合	50100111		0			2				2	2								1	1	0		210205	210205		1
50100112	猫球技能-SSR-dot诅咒-目标15%最大生命值，不超过90%攻击力，持续2回合	50100112		0			2				2	2								1	1	0		210205	210205		1
50100113	猫球技能-SSR-dot诅咒-目标15%最大生命值，不超过90%攻击力，持续2回合	50100113		0			2				2	2								1	1	0		210205	210205		1
5010012	猫球技能-SR-单体12%伤害扩散，持续2回合	5010012		0			2				2	1								1	1	0		210401	210401		1
50100121	猫球技能-SR-单体14%伤害扩散，持续2回合	50100121		0			2				2	1								1	1	0		210401	210401		1
50100122	猫球技能-SR-单体17%伤害扩散，持续2回合	50100122		0			2				2	1								1	1	0		210401	210401		1
50100123	猫球技能-SR-单体18%伤害扩散，持续2回合	50100123		0			2				2	1								1	1	0		210401	210401		1
5010013	猫球技能-SSR-单体17%伤害扩散，持续2回合	5010013		0			2				2	1								1	1	0		210401	210401		1
50100131	猫球技能-SSR-单体20%伤害扩散，持续2回合	50100131		0			2				2	1								1	1	0		210401	210401		1
50100132	猫球技能-SSR-单体24%伤害扩散，持续2回合	50100132		0			2				2	1								1	1	0		210401	210401		1
50100133	猫球技能-SSR-单体26%伤害扩散，持续2回合	50100133		0			2				2	1								1	1	0		210401	210401		1
5010014	猫球技能-SR-群体6%伤害传递，持续2回合	5010014		0			2				2	1								1	1	0		210403	210403		1
50100141	猫球技能-SR-群体8%伤害传递，持续2回合	50100141		0			2				2	1								1	1	0		210403	210403		1
50100142	猫球技能-SR-群体10%伤害传递，持续2回合	50100142		0			2				2	1								1	1	0		210403	210403		1
50100143	猫球技能-SR-群体12%伤害传递，持续2回合	50100143		0			2				2	1								1	1	0		210403	210403		1
5010015	猫球技能-SSR-群体9%伤害传递，持续2回合	5010015		0			2				2	1								1	1	0		210403	210403		1
50100151	猫球技能-SSR-群体11%伤害传递，持续2回合	50100151		0			2				2	1								1	1	0		210403	210403		1
50100152	猫球技能-SSR-群体13%伤害传递，持续2回合	50100152		0			2				2	1								1	1	0		210403	210403		1
50100153	猫球技能-SSR-群体14%伤害传递，持续2回合	50100153		0			2				2	1								1	1	0		210403	210403		1
5010016	猫球技能-上面四个的通用伤害扩散子标记	10001		0			0				2	1								0	0	1					1
5010017	猫球技能-R-单体19%攻击力护盾，持续2回合	5010017		0			1				1	1								1	1	0		110202	110202		1
50100171	猫球技能-R-单体23%攻击力护盾，持续2回合	50100171		0			1				1	1								1	1	0		110202	110202		1
50100172	猫球技能-R-单体27%攻击力护盾，持续2回合	50100172		0			1				1	1								1	1	0		110202	110202		1
50100173	猫球技能-R-单体29%攻击力护盾，持续2回合	50100173		0			1				1	1								1	1	0		110202	110202		1
5010018	猫球技能-SR-单体20%攻击力护盾，持续2回合	5010018		0			1				1	1								1	1	0		110202	110202		1
50100181	猫球技能-SR-单体24%攻击力护盾，持续2回合	50100181		0			1				1	1								1	1	0		110202	110202		1
50100182	猫球技能-SR-单体28%攻击力护盾，持续2回合	50100182		0			1				1	1								1	1	0		110202	110202		1
50100183	猫球技能-SR-单体30%攻击力护盾，持续2回合	50100183		0			1				1	1								1	1	0		110202	110202		1
5010019	猫球技能-SSR-单体35%攻击力护盾，持续2回合	5010019		0			1				1	1								1	1	0		110202	110202		1
50100191	猫球技能-SSR-单体42%攻击力护盾，持续2回合	50100191		0			1				1	1								1	1	0		110202	110202		1
50100192	猫球技能-SSR-单体49%攻击力护盾，持续2回合	50100192		0			1				1	1								1	1	0		110202	110202		1
50100193	猫球技能-SSR-单体53%攻击力护盾，持续2回合	50100193		0			1				1	1								1	1	0		110202	110202		1
5010020	猫球技能-R-群体攻击力护盾，持续2回合	5010020		0			1				1	1								1	1	0		110202	110202		1
50100201	猫球技能-R-群体攻击力护盾，持续2回合	50100201		0			1				1	1								1	1	0		110202	110202		1
50100202	猫球技能-R-群体攻击力护盾，持续2回合	50100202		0			1				1	1								1	1	0		110202	110202		1
50100203	猫球技能-R-群体攻击力护盾，持续2回合	50100203		0			1				1	1								1	1	0		110202	110202		1
5010021	猫球技能-SR-群体14%攻击力护盾，持续2回合	5010021		0			1				1	1								1	1	0		110202	110202		1
50100211	猫球技能-SR-群体17%攻击力护盾，持续2回合	50100211		0			1				1	1								1	1	0		110202	110202		1
50100212	猫球技能-SR-群体20%攻击力护盾，持续2回合	50100212		0			1				1	1								1	1	0		110202	110202		1
50100213	猫球技能-SR-群体21%攻击力护盾，持续2回合	50100213		0			1				1	1								1	1	0		110202	110202		1
5010022	猫球技能-SSR-群体23%攻击力护盾，持续2回合	5010022		0			1				1	1								1	1	0		110202	110202		1
50100221	猫球技能-SSR-群体28%攻击力护盾，持续2回合	50100221		0			1				1	1								1	1	0		110202	110202		1
50100222	猫球技能-SSR-群体32%攻击力护盾，持续2回合	50100222		0			1				1	1								1	1	0		110202	110202		1
50100223	猫球技能-SSR-群体35%攻击力护盾，持续2回合	50100223		0			1				1	1								1	1	0		110202	110202		1
5010023	猫球技能-SSR-猫球3.6%攻击力HOT，持续2回合	5010023		0			1				2	1								1	1	0		5010023	5010023		1
50100231	猫球技能-SSR-猫球4.8%攻击力HOT，持续2回合	50100231		0			1				2	1								1	1	0		5010023	5010023		1
50100232	猫球技能-SSR-猫球7.2%攻击力HOT，持续2回合	50100232		0			1				2	1								1	1	0		5010023	5010023		1
50100233	猫球技能-SSR-猫球12%攻击力HOT，持续2回合	50100233		0			1				2	1								1	1	0		5010023	5010023		1
5010024	猫球技能-SSR-攻击相关能力降低6%，持续2回合(攻击，暴击，爆伤，穿透	50100241;50100242;50100243;50100244		0			2				1	1								1	1	0		210101	210101		1
50100241	猫球技能-SSR-攻击相关能力降低7%，持续2回合	501002411;501002412;501002413;501002414		0			2				1	1								1	1	0		210101	210101		1
50100242	猫球技能-SSR-攻击相关能力降低8%，持续2回合	501002421;501002422;501002423;501002424		0			2				1	1								1	1	0		210101	210101		1
50100243	猫球技能-SSR-攻击相关能力降低9%，持续2回合	501002431;501002432;501002433;501002434		0			2				1	1								1	1	0		210101	210101		1
5010025	猫球被动-SSR-暴击时造成x%攻击力的真实伤害	10001		0			0				2	1	4003		3	101	2	2	40101101	0	0	1		50100250			1
50100250	猫球被动-战斗开始给己方全体上5010025	10001		0			0				2	1	7322	3	3	301	1	2	5010025	0	0	1		50100250			1
50100251	猫球配置占位符用，7%、9%、14%、24%	50100251		0			0				2	1								0	0	1					1
5010026	猫球被动-SSR-每回合首次释放技能时，造成伤害提高，释放技能后清除	5010026		0			0	1002	1	2	2	1								0	0	1					1
50100260	猫球被动-大回合开始给己方全体上5010026	10001		0			0				2	1	1102	3	3	301	1	2	5010026	0	0	1		50100260			1
5010027	猫球被动-SSR-使用进攻技能时，给敌方全体上50100271，可叠加3层，持续1回合。	10001		0			0				2	1	8005	2	3	102	1	2	50100271	0	0	1		50100270			1
50100270	猫球被动-战斗开始给己方全体上5010027	10001		0			0				2	1	7322	3	3	301	1	2	5010027	0	0	1		50100270			1
50100271	猫球被动-防御力降低buff	50100271		0			2				2	3								1	1	0		200201	200201		1
5010028	猫球被动-SSR-使用sp技能后，自身获得50100281	10001		0			0				2	1	1101	2	3	301	1	2	50100281	0	0	1		50100280			1
50100280	猫球被动-战斗开始给己方全体上5010028	10001		0			0				2	1	7322	3	3	301	1	2	5010028	0	0	1		50100280			1
50100281	猫球被动-造成最终伤害提升,可叠加3层	50100281		0			0				2	3								1	1	0		101201	101201		1
5010029	猫球被动-SSR-受到伤害时，获得50100291	10001		0			0				2	1	1004		3	301	1	2	50100291	0	0	1		50100290			1
50100290	猫球被动-战斗开始给己方全体上5010029	10001		0			0				2	1	7322	3	3	301	1	2	5010029	0	0	1		50100290			1
50100291	猫球被动-伤害减免提升,可叠加3层，持续1回合。	50100291		0			0				2	3								1	1	0		101101	101101		1
5010030	猫球被动-SSR-1回合最大生命值护盾	5010030		0			1				1	1								1	1	0		110202	110202		1
50100301	猫球被动-大回合开始给己方全体上5010030	10001		0			0				2	1	1102	3	3	301	1	2	5010030	0	0	1		50100301			1
5010031	猫球被动-SSR-3回合最大生命值护盾	5010031		0			1				1	1								1	1	0		110202	110202		1
50100311	猫球被动-战斗开始时给己方全体上5010031	10001		0			0				2	1	7322	3	3	301	1	2	5010031	0	0	1		50100311			1
5010032	猫球被动-SSR-3回合HOT，根据受治疗者最大生命值	5010032		0			1				2	1								1	1	0		50100321	5010032		1
50100321	猫球被动-战斗开始时给己方全体上5010032	10001		0			0				2	1	7322	3	3	301	1	2	5010032	0	0	1		50100321			1
5010033	猫球被动-SSR-使用治疗技能后，自身获得50100331	10001		0			0				2	1	7306	2	3	301	1	2	50100331	0	0	1		50100330			1
50100330	猫球被动-战斗开始给己方全体上5010033	10001		0			0				2	1	7322	3	3	301	1	2	5010033	0	0	1		50100330			1
50100331	猫球被动-造成治疗效果提升6/9/12/18%，可叠加3层	50100331		0			0				2	3								1	1	0		101301	101301		1
5010034	猫球被动-SSR-回合结束时，有x%概率回复1点sp	10001		0			0				2	1	9055	1	3	301	2	2	40200601	0	0	1					1
50100341	猫球被动-战斗开始时给己方全体上5010034	10001		0			0				2	1	7322	3	3	301	1	2	5010034	0	0	1		50100341			1
50100342	猫球占位符-30/40/60/100%	50100342		0			0				2	1								0	0	1					1
5010035	猫球被动-SSR-释放治疗技能时，给己方全体施加1回合50100350	10001		0			0				2	1	7306	2	3	202	1	2	50100350	0	0	1		50100351			1
50100350	猫球被动-SSR-溢出治疗效果的40/50/60/70%转化为护盾	50100350		0			0				2	1								0	0	1					1
50100351	猫球被动-战斗开始时给己方全体上5010035	10001		0			0				2	1	7322	3	3	301	1	2	5010035	0	0	1		50100351			1
50100352	猫球被动-溢出转的固定护盾buff	50100352		0			1				1	1								1	1	0		110202	110202		1
5010036	猫球被动-SSR-回合开始时，生命低于50%，恢复x%最大生命值的血量	10001		0			0				2	1	7317	3	3	301	2	2	40200701	0	0	1		50100361			1
50100361	猫球被动-战斗开始时，给己方全体上5010036	10001		0			0				2	1	7322	3	3	301	1	2	5010036	0	0	1		50100361			1
50100362	猫球占位符用-4.5/6/9/15%	50100362		0			0				2	1								0	0	1					1
5010037	猫球被动-SSR-释放增益技能后，给己方全体上50100371	10001		0			0				2	1	8005	2	3	202	1	2	50100371	0	0	1		50100370			1
50100370	猫球被动-战斗开始时给己方全体上5010037	10001		0			0				2	1	7322	3	3	301	1	2	5010037	0	0	1		50100370			1
50100371	猫球被动-SSR-造成伤害提升x%，使用进攻技能后清除	50100371		0			0	8005	99	2	2	3								1	1	0		101201	101201		1
5010038	猫球技能-SSR-攻击相关能力提升，持续3回合(攻击，暴击，爆伤，穿透),10/15/20/25%	50100381;50100382;50100383;50100384		0			1				2	1								0	0	1		110101	110101		1
50100380	猫球技能-SSR-战斗开始时，给友方全体上5010038	10001		0			0				2	1	7322	3	3	301	1	2	5010038	0	0	1		50100380			1
5010039	猫球技能-SSR-防御相关能力提升，持续3回合(防御，暴抗，爆伤抵抗，忍耐),10/15/20/25%	50100391;50100392;50100393;50100394		0			1				2	1								0	0	1		110102	110102		1
50100390	猫球技能-SSR-战斗开始时，给友方全体上5010039	10001		0			0				2	1	7322	3	3	301	1	2	5010039	0	0	1		50100390			1
5010040	猫球技能-SSR-生命相关能力提升，持续3回合(生命，受治疗，受护盾，造治疗，造护盾),10/15/20/25%	50100401;50100402;50100403;50100404;50100405		0			1				2	1								0	0	1		110103	110103		1
50100400	猫球技能-SSR-战斗开始时，给友方全体上5010040	10001		0			0				2	1	7322	3	3	301	1	2	5010040	0	0	1		50100400			1
50100410	猫球技能-SR-防御力降低x%	50100410		0			2				2	1								1	1	0		200201	200201		1
50100411	猫球技能-SR-防御力降低x%	50100411		0			2				2	1								1	1	0		200201	200201		1
50100412	猫球技能-SR-防御力降低x%	50100412		0			2				2	1								1	1	0		200201	200201		1
50100413	猫球技能-SR-防御力降低x%	50100413		0			2				2	1								1	1	0		200201	200201		1
50100420	猫球技能-SR-防御相关能力降低x%	501004201;501004202;501004203;501004204		0			2				2	1								1	1	0		210102	210102		1
50100421	猫球技能-SR-防御相关能力降低x%	501004211;501004212;501004213;501004214		0			2				2	1								1	1	0		210102	210102		1
50100422	猫球技能-SR-防御相关能力降低x%	501004221;501004222;501004223;501004224		0			2				2	1								1	1	0		210102	210102		1
50100423	猫球技能-SR-防御相关能力降低x%	501004231;501004232;501004233;501004234		0			2				2	1								1	1	0		210102	210102		1
71000101	突破被动-获得5%吸血	411701107					0				2	1								0	0	1					1
71000201	突破被动-回合结束时，若奥义能量小于2点，则回复1点sp	10001					0				2	1	7065	3	3	301	2	2	210010101	0	0	1					1
71000301	突破被动-入场时自身技能牌星级提升1级	10001					0				2	1	7322	3	3	301	2	2	208010102	0	0	1					1
71000401	突破被动-其他角色释放奥义技能后，自身回复1点sp，每回合1次	10001					0				2	1	7045	3	3	301	2	2	210010101	0	0	1					1
71000501	突破被动-释放奥义技能后，除自己以外的随机一名友方单位，技能卡提升1星，每回合1次	10001					0				2	1	1105	3	3	260	2	2	208010102	0	0	1					1
71000601	突破被动-释放进攻技能时，若技能目标数大于2，则给自己加穿透率提升buff-71000602	10001					0				2	1	7299	2	3	301	1	2	71000602	0	0	1					1
71000602	突破被动-1层1回合穿透率提升12%，释放进攻后清除	411203115					1	1002	2	1	2	1								0	0	0		100901	100901		1
71000701	突破被动-每回合首次释放技能后，全体获得71000702，穿透率提升，持续1回合	10001					0				2	1	1002	3	3	202	1	2	71000702	0	0	1					1
71000702	突破被动-穿透率提升12%，持续1回合	411203115					1				2	1								0	0	0		100901	100901		1
71000801	突破被动-每回合首次释放技能后，敌方全体获得71000802，忍耐率降低，持续1回合	10001					0				2	1	1002	3	3	102	1	2	71000802	0	0	1					1
71000802	突破被动-忍耐率降低12%，持续1回合	411303114					2				2	1								0	0	0		201001	201001		1
71000901	突破被动-配天赋表-回合开始时，若存在生命值低于50%的友方，则自身本回合内造成治疗效果提升15%————回合开始时给友方全体上71000902	10001					0				2	1	1102	3	3	202	1	2	71000902	0	0	1					1
71000902	突破被动-获得71000902时，若自身生命值低于50%，则给友方全体上71000905	10001					0				2	1	7442	3	3	202	1	2	71000905	0	0	1					1
71000903	突破被动-配天赋表-获得71000905时，给自己上71000904	10001					0				2	1	7002	3	3	301	1	2	71000904	0	0	1					1
71000904	突破被动-造成治疗效果提升15%，上限1层，持续1回合	411601106					1				2	1								0	0	0		101301	101301		1
71000905	突破被动-标记buff	10001					0				2	1								0	0	1					1
71001001	突破被动-配天赋表-回合开始时，若存在生命值低于50%的友方，则自身本回合内造成护盾效果提升15%————回合开始时给友方全体上71001002	10001					0				2	1	1102	3	3	202	1	2	71001002	0	0	1					1
71001002	突破被动-获得71001002时，若自身生命值低于50%，则给友方全体上71001005	10001					0				2	1	7442	3	3	202	1	2	71001005	0	0	1					1
71001003	突破被动-配天赋表-获得71001005时，给自己上71001004	10001					0				2	1	7002	3	3	301	1	2	71001004	0	0	1					1
71001004	突破被动-造成护盾效果提升15%，上限1层，持续1回合	412101106					1				2	1								0	0	0		101701	101701		1
71001005	突破被动-标记buff	10001					0				2	1								0	0	1					1
71001101	突破被动-回合开始时，若仅有1名敌方单位存活，则本回合穿透率提升20%——回合开始时，若敌方目标数小于等于1，则给自己上71001102	10001					0				2	1	9270	3	3	301	1	2	71001102	0	0	1					1
71001102	突破被动-穿透率提升20%，持续1回合	411203114					1				2	1								0	0	0		100901	100901		1
71001201	突破被动-受到攻击时，忍耐率提升6%，持续1回合，可叠加3层	10001					0				2	1	1004	3	3	301	1	2	71001202	0	0	1					1
71001202	突破被动-忍耐率提升6%，1回合，3层	411303115					1				2	3								0	0	0		101001	101001		1
71001301	SR三星突破被动，战斗开始给自己加71001302	10001					0				2	1	7322	3	3	301	1	2	71001302	0	0	1				2	1
71001302	最大生命值提升15%	413020116					0				2	1								0	0	1				2	1
71001401	SR三星突破被动，战斗开始给自己加71001402	10001					0				2	1	7322	3	3	301	1	2	71001402	0	0	1				2	1
71001402	攻击力提升8%	411020132					0				2	1								0	0	1				2	1
71001501	SR三星突破被动，战斗开始给自己加71001302	10001					0				2	1	7322	3	3	301	1	2	71001502	0	0	1				2	1
71001502	防御力提升15%	412020125					0				2	1								0	0	1				2	1
71001601	R三星突破被动，战斗开始给自己加71001402	10001					0				2	1	7322	3	3	301	1	2	71001602	0	0	1				2	1
71001602	攻击力提升5%	411020133					0				2	1								0	0	1				2	1
71001701	R三星突破被动，战斗开始给自己加71001302	10001					0				2	1	7322	3	3	301	1	2	71001702	0	0	1				2	1
71001702	最大生命值提升10%	413020117					0				2	1								0	0	1				2	1
71001801	R三星突破被动，战斗开始给自己加71001302	10001					0				2	1	7322	3	3	301	1	2	71001802	0	0	1				2	1
71001802	防御力提升10%	412020126					0				2	1								0	0	1				2	1
71001901	SR五星突破被动，战斗开始给自己加71001902	10001					0				2	1	7322	3	3	301	1	2	71001902	0	0	1				2	1
71001902	暴击率+6%，暴击伤害+12%	416030121;417030120					0				2	1								0	0	1				2	1
71002001	SR五星突破被动，战斗开始给自己加71002002	10001					0				2	1	7322	3	3	301	1	2	71002002	0	0	1				2	1
71002002	暴击率+6%，穿透率+4.5%	416030121;411203122					0				2	1								0	0	1				2	1
71002101	SR五星突破被动，战斗开始给自己加71002102	10001					0				2	1	7322	3	3	301	1	2	71002102	0	0	1				2	1
71002102	穿透率+9%	411203123					0				2	1								0	0	1				2	1
71002201	SR五星突破被动，战斗开始给自己加71002202	10001					0				2	1	7322	3	3	301	1	2	71002202	0	0	1				2	1
71002202	暴击抵抗+6%，暴伤抵抗+12%	418030111;419030110					0				2	1								0	0	1				2	1
71002301	SR五星突破被动，战斗开始给自己加71002302	10001					0				2	1	7322	3	3	301	1	2	71002302	0	0	1				2	1
71002302	忍耐率+9%，造成治疗提升+8%	411303116;411601109					0				2	1								0	0	1				2	1
71002401	SR五星突破被动，战斗开始给自己加71002402	10001					0				2	1	7322	3	3	301	1	2	71002402	0	0	1				2	1
71002402	忍耐率+9%，受到护盾提升+8%	411303116;412102106					0				2	1								0	0	1				2	1
71002501	SR五星突破被动，战斗开始给自己加71002502	10001					0				2	1	7322	3	3	301	1	2	71002502	0	0	1				2	1
71002502	忍耐率+9%，受到治疗提升+8%	411303116;411602103					0				2	1								0	0	1				2	1
71002601	SR五星突破被动，战斗开始给自己加71002602	10001					0				2	1	7322	3	3	301	1	2	71002602	0	0	1				2	1
71002602	暴击率+12%	416030122					0				2	1								0	0	1				2	1
71002701	SR五星突破被动，战斗开始给自己加71002702	10001					0				2	1	7322	3	3	301	1	2	71002702	0	0	1				2	1
71002702	暴击伤害+24%	417030121					0				2	1								0	0	1				2	1
71002801	SR五星突破被动，战斗开始给自己加71002802	10001					0				2	1	7322	3	3	301	1	2	71002802	0	0	1				2	1
71002802	忍耐率+9%，暴伤抵抗+12%	411303116;419030110					0				2	1								0	0	1				2	1
71002901	SR五星突破被动，战斗开始给自己加71002902	10001					0				2	1	7322	3	3	301	1	2	71002902	0	0	1				2	1
71002902	忍耐率+9%，暴击抵抗+6%	411303116;418030111					0				2	1								0	0	1				2	1
71003001	SR五星突破被动，战斗开始给自己加71003002	10001					0				2	1	7322	3	3	301	1	2	71003002	0	0	1				2	1
71003002	造成护盾提升+16%	412101108					0				2	1								0	0	1				2	1
71003101	SR五星突破被动，战斗开始给自己加71003102	10001					0				2	1	7322	3	3	301	1	2	71003102	0	0	1				2	1
71003102	忍耐率+18%	411303117					0				2	1								0	0	1				2	1
71003201	SR五星突破被动，战斗开始给自己加71003202	10001					0				2	1	7322	3	3	301	1	2	71003202	0	0	1				2	1
71003202	穿透率+4.5%，暴伤抵抗+12%	411203122;419030110					0				2	1								0	0	1				2	1
71003301	SR五星突破被动，战斗开始给自己加71003302	10001					0				2	1	7322	3	3	301	1	2	71003302	0	0	1				2	1
71003302	受到护盾提升+16%	412102107					0				2	1								0	0	1				2	1
71003401	SR五星突破被动，战斗开始给自己加71003402	10001					0				2	1	7322	3	3	301	1	2	71003402	0	0	1				2	1
71003402	暴击抵抗+12%	418030112					0				2	1								0	0	1				2	1
71003501	R五星突破被动，战斗开始给自己加71003502	10001					0				2	1	7322	3	3	301	1	2	71003502	0	0	1				2	1
71003502	暴伤抵抗+16%	419030112					0				2	1								0	0	1				2	1
71003601	R五星突破被动，战斗开始给自己加71003602	10001					0				2	1	7322	3	3	301	1	2	71003602	0	0	1				2	1
71003602	暴击率+8%	416030123					0				2	1								0	0	1				2	1
71003701	R五星突破被动，战斗开始给自己加71003702	10001					0				2	1	7322	3	3	301	1	2	71003702	0	0	1				2	1
71003702	暴击伤害+16%	417030122					0				2	1								0	0	1				2	1
71003801	R五星突破被动，战斗开始给自己加71003802	10001					0				2	1	7322	3	3	301	1	2	71003802	0	0	1				2	1
71003802	忍耐率+12%	411303118					0				2	1								0	0	1				2	1
71003901	R五星突破被动，战斗开始给自己加71003902	10001					0				2	1	7322	3	3	301	1	2	71003902	0	0	1				2	1
71003902	穿透率+6%	411203124					0				2	1								0	0	1				2	1
9999999	世界BOSS-玩家按百分比给BOSS攻击力	401101802					0				2	1								0	0	1					1
8888888	世界BOSS-玩家按百分比给BOSS防御力	401201802					0				2	1								0	0	1					1
8999999	世界BOSS-玩家按百分比给小怪攻击力	401101803					0				2	1								0	0	1					1
9888888	世界BOSS-玩家按百分比给小怪防御力	401201803					0				2	1								0	0	1					1
9999998	世界BOSS-BOSS攻击偷取触发器	10001					0				2	1	7322	1		134	1	2	9999999	0	0	1					1
8888889	世界BOSS-BOSS防御偷取触发器	10001					0				2	1	7322	1		134	1	2	8888888	0	0	1					1
8999998	世界BOSS-小怪攻击偷取触发器	10001					0				2	1	7322	1		133	1	2	8999999	0	0	1					1
9888889	世界BOSS-小怪防御偷取触发器	10001					0				2	1	7322	1		133	1	2	9888888	0	0	1					1
6100101	爬塔-主塔-20-40层-释放技能击杀敌方，牌库升星	10001		0			0				2	1	9086	2		301	2	2	208010101	0	0	1					1
6100401	爬塔-主塔-80-100层-自身死亡时，给随机友方6100402	10001		0			0				2	1	1007	3		223	1	2	6100402	0	0	1					1
6100402	爬塔-主塔-80-100层-将自身50%攻防给目标	401101801;401201801		0			0				2	2								0	0	1					1
6200101	爬塔-情绪塔-30层-获得护盾时获得6200102	10001		0			0				2	1	1201	2		301	1	2	6200102	0	0	1					1
6200102	爬塔-情绪塔-30层-防御力提升	412010158		0			1	3005	1	2	2	1								0	0	1		100201	100201		1
6300101	爬塔-蓝塔-10层-每回合开始时上102010101	10001		0			0				2	1	1102	3		301	1	2	102010101	0	0	1					1
6110101	新爬塔-主塔-40-60层-使用攻击技能后全体叠攻	10001		0			0				2	1	8005	2		202	1	2	6110102	0	0	1					1
6110102	新爬塔-主塔-40-60层-攻击力提升10%（死亡时清除）	401102158		0			1				2	3								1	1	0		100101	6110102		1
6110201	新爬塔-主塔-70-90层-击败敌人获得上瘾标记	10001		0			0				2	1	3017	3		301	1	2	6110203	0	0	1					1
6110202	新爬塔-主塔-70-90层-下回合没杀人就暴毙	10001		0			2	3017	1	2	2	1	1103	3		301	2	2	209010151	0	0	1		210311	6110202		1
6110203	新爬塔-主塔-70-90层-回合结束时上瘾	10001		0			0				2	1	1102	3		301	1	2	6110202	0	0	1					1
6110301	新爬塔-主塔-100-110层-死亡时对其他友方施加6110302	10001		0			0				2	1	9283	2		102	1	2	6110302	0	0	1					1
6110302	新爬塔-主塔-100-110层-DOT触发标记	10001		0			0				2	1								0	0	1					1
6110303	新爬塔-主塔-100-110层-DOT检测器	10001		0			0				2	1	7002	3		123	1	2	102121101	0	0	1					1
6100201	新爬塔-主塔-120-140层-每2回合开始时，场上生命百分比最高单位获得嘲讽和易伤	10001		0			0				2	1	9278	1		230	1	2	6100203	0	0	1					1
6100202	新爬塔-主塔-120-140层-嘲讽	410001151		0			0				2	1								1	1	0		300001	300001		1
6100203	新爬塔-主塔-120-140层-获得嘲讽和易伤	10001		0			0				2	1	7002	1		301	1;1	3	111502102;6100202	0	0	1					1
6110501	新爬塔-主塔-150层-使用sp技能时召唤	10001		0			0				2	1	9244	2		301	2	2	201211053	0	0	1					1
6110601	新爬塔-主塔-160-170层-获得护盾时提升防御力	10001		0			0				2	1	1201	2		301	1	2	6110602	0	0	1					1
6110602	新爬塔-主塔-160-170层-防御力提升30%	412010153		0			1	9280	1	2	2	3								0	0	1		100201	6110602		1
6110701	新爬塔-主塔-180-190层-每受到1层减益，忍耐降低	10001		0			0				2	1	1019	2		301	1	2	6110702	0	0	1					1
6110702	新爬塔-主塔-180-190层-受到伤害提升5%	411502153		0			2	9281	1	2	2	3								0	0	1		210321	6110702		1
6100301	新爬塔-主塔-200-210层-每2回合开始时，场上生命百分比最低单位获得护盾和100%攻击力	10001		0			0				2	1	9278	1		123	1	2	6100304	0	0	1					1
6100302	新爬塔-主塔-200-210层-生命值100%护盾	405040101		0			1				1	1								0	0	1					1
6100303	新爬塔-主塔-200-210层-50%基础能力加成	412010158;401102160;413020154		0			1				2	1								0	0	1		110105	110105		1
6100304	新爬塔-主塔-200-210层-获得护盾和100%攻击力	10001		0			0				2	1	7002	1		301	1;1	3	6100302;6100303	0	0	1					1
6110901	新爬塔-主塔-220-240层-第一，五回合开始随机友方获得指引1	10001		0			0				2	1	9282	1		223	1	1	6110921	0	0	1					1
6110921	新爬塔-主塔-220-240层-随机友方获得指引1	10001		0			0				2	1	7002	1		301	1;1	2	6110902;6110903	0	0	1					1
6110902	新爬塔-主塔-220-240层-回合内释放1张进攻牌清除	10001		0			0	7319	1	2	2	1								0	0	1		210311	6110902		1
6110903	新爬塔-主塔-220-240层-指引1触发器	10001		0			0				2	1	7024	1		301	2	2	214010402	0	0	1					1
6110904	新爬塔-主塔-220-240层-第二回合开始随机友方获得指引2	10001		0			0				2	1	9202	1		223	1	1	6110924	0	0	1					1
6110924	新爬塔-主塔-220-240层-随机友方获得指引2	10001		0			0				2	1	7002	1		301	1;1	2	6110905;6110906	0	0	1					1
6110905	新爬塔-主塔-220-240层-回合内释放2张技能牌清除	10001		0			0	1003	1	2	2	3								0	0	1		210311	6110905		1
6110906	新爬塔-主塔-220-240层-指引2触发器	10001		0			0				2	1	7024	1		301	2	2	214010402	0	0	1					1
6110907	新爬塔-主塔-220-240层-第三，六回合开始随机友方获得指引3	10001		0			0				2	1	9282	1		223	1	1	6110927	0	0	1					1
6110927	新爬塔-主塔-220-240层-随机友方获得指引3	10001		0			0				2	1	7002	1		301	1;1	2	6110908;6110909	0	0	1					1
6110908	新爬塔-主塔-220-240层-回合内释放1张奥义牌清除	10001		0			0	1101	1	2	2	1								0	0	1		210311	6110908		1
6110909	新爬塔-主塔-220-240层-指引3触发器	10001		0			0				2	1	7024	1		301	2	2	214010402	0	0	1					1
6110910	新爬塔-主塔-220-240层-第四回合开始随机友方获得指引4	10001		0			0				2	1	9202			223	1	1	6110930	0	0	1					1
6110930	新爬塔-主塔-220-240层-随机友方获得指引4	10001		0			0				2	1	7002	1		301	1;1	2	6110911;6110912	0	0	1					1
6110911	新爬塔-主塔-220-240层-回合内释放1张增益牌清除	10001		0			0	7319	1	2	2	1								0	0	1		210311	6110911		1
6110912	新爬塔-主塔-220-240层-指引4触发器	10001		0			0				2	1	7024	1		301	2	2	214010402	0	0	1					1
6111001	新爬塔-主塔-250-270层-受到攻击获得锁能	10001		0			0				2	1	1004	2		301	1	2	6111002	0	0	1					1
6111002	新爬塔-主塔-250-270层-锁能	404080151		0			2				2	1								1	1	0		210310	210310		1
6111101	新爬塔-主塔-280-300层-使用sp技能后获得3点sp	10001		0			0				2	1	1105	2		301	2	2	210010103	0	0	1					1
61059001	爬塔-肖特朗门-献祭	10001		0			0				2	3								0	0	1		300014	61059001		1
61059002	爬塔-肖特朗门-将自身50%攻击力防御力给肖特朗	401101801;401201801		0			1				2	2								0	0	1		300014	61059002		1
61059003	爬塔-肖特朗门-献祭加属性触发器	10001		0			0				2	1	7318	2		264	1	2	61059002	0	0	1					1
61059004	爬塔-肖特朗门-献祭暴毙触发器	10001	·	0			0				2	1	7318	2		301	2	3	209010151	0	0	1					1
6000001	爬塔-怪物附加属性-穿透率提升20%	411203154		0			0				2	1								0	0	1		300014	6000001		1
6000002	爬塔-怪物附加属性-忍耐率提升20%	411303154		0			0				2	1								0	0	1		300014	6000002		1
6000003	爬塔-怪物附加属性-暴击率提升30%	416030155		0			0				2	1								0	0	1		300014	6000003		1
6000004	爬塔-怪物附加属性-造成护盾效果提升30%	412101154		0			0				2	1								0	0	1		300014	6000004		1
6000005	爬塔-怪物附加属性-造成治疗效果提升30%	411601152		0			0				2	1								0	0	1		300014	6000005		1
6000006	爬塔-怪物附加属性-暴击抵抗效果提升50%	418030153		0			0				2	1								0	0	1		300014	6000006		1
6999999	怪物通用-无法获得debuff	407020154		0			0				2	1								0	0	1		110203	110203		1
104037051	爬塔-双人射击游戏机-技能2-禁止进攻2回合	404040151		0			2				2	1								1	1	0		210304	210304		1
10000000	1	10001		0			0				2	1	9284	2		301	1	2	10000001	0	0	1					1
10000001	2	406010151		0			0	9285	1	2	2	1								0	0	1					1
6000011	爬塔-关卡附加属性-忍耐率+100%	411303159		0			0				2	1								0	0	1		100901	100901		1
6000012	爬塔-关卡附加属性-暴击率抵抗+100%	418030152		0			0				2	1								0	0	1		100701	100701		1
6000013	爬塔-关卡附加属性-无法受到减益效果	407020154		0			0				2	1								0	0	1		110203	110203		1
6000014	爬塔-关卡附加属性-受到间接伤害降低70%	412202151		0			0				2	1								0	0	1		101901	101901		1
6000015	爬塔-关卡附加属性-受到圆振伤害降低70%	414011051		0			0				2	1								0	0	1		103301	103301		1
6000016	爬塔-关卡附加属性-受到三相伤害降低70%	414031053		0			0				2	1								0	0	1		103501	103501		1
6000017	爬塔-关卡附加属性-受到方波伤害降低70%	414051053		0			0				2	1								0	0	1		103701	103701		1
6000018	爬塔-关卡附加属性-受到星流伤害降低70%	414071053		0			0				2	1								0	0	1		103901	103901		1
6500101	新新爬塔-主塔-机制1-回合开始时对敌方全体施加诅咒	10001		0			0				2	1	1102	3		102	1	2	102321101	0	0	1		300014	6500101		1
6500102	新新爬塔-主塔-机制1-回合开始时对敌方全体施加诅咒	10001		0			0				2	1	1102	3		102	1;1	2	102321101;102321101	0	0	1		300014	6500102		1
6500103	新新爬塔-主塔-机制1-回合开始时对敌方全体施加诅咒	10001		0			0				2	1	1102	3		102	1;1;1	2	102321101;102321101;102321101	0	0	1		300014	6500103		1
6500201	新新爬塔-主塔-机制2-战斗开始时按自身最大生命值的95%添加护盾	405040152		0			1				4	1								0	0	1		110202	110202		1
6500202	新新爬塔-主塔-机制2-战斗开始时按自身最大生命值的95%添加护盾	10001		0			0				2	1	1102	3		301	3	2	5500202	0	0	1					1
6500203	新新爬塔-主塔-机制2-造成破盾伤害提升130%	413141151		0			1				2	1								0	0	1		101201	6500203		1
6500301	新新爬塔-主塔-机制3-攻击标记，释放技能时清除除自身以外其他友方的标记	10001		0			0				2	1	1001	3		251	2	2	206040151	0	0	1					1
6500302	新新爬塔-主塔-机制3-buff检测标记，回合结束时没有6500301的人挂6500305	10001		0			0				2	1	9287	3		301	1	2	6500305	0	0	1					1
6500303	新新爬塔-主塔-机制3-buff检测标记，回合结束时没有6500301的人挂6500306	10001		0			0				2	1	9287	3		301	1	2	6500306	0	0	1					1
6500304	新新爬塔-主塔-机制3-buff检测标记，回合结束时没有6500301的人挂6500307	10001		0			0				2	1	9287	3		301	1	2	6500307	0	0	1					1
6500305	新新爬塔-主塔-机制3-buff检测标记，造成伤害降低50%	411501153		0			2				2	1								0	0	1		201201	201201		1
6500306	新新爬塔-主塔-机制3-buff检测标记，造成伤害降低70%	411501154		0			2				2	1								0	0	1		201201	201201		1
6500307	新新爬塔-主塔-机制3-buff检测标记，造成伤害降低100%	411501155		0			2				2	1								0	0	1		201201	201201		1
6500308	新新爬塔-主塔-机制3-队友死亡时召唤鼓蟹	10001		0			0				2	1	9290	2		301	4	2	5500304	0	0	1		300014	6500308		1
6500309	新新爬塔-主塔-机制3-队友死亡时召唤电音鹿	10001		0			0				2	1	9290	2		301	4	2	5500305	0	0	1		300014	6500308		1
6500310	新新爬塔-主塔-机制3-队友死亡时召唤电音鹿	10001		0			0				2	1	9290	2		301	4	2	5500306	0	0	1		300014	6500308		1
6500401	新新爬塔-主塔-机制4-自身受hit时获得受到破灭伤害提升	10001		0			0				2	1	1001	2		301	1	2	6500404	0	0	1					1
6500402	新新爬塔-主塔-机制4-自身受hit时获得受到破灭伤害提升	10001		0			0				2	1	1001	2		301	1	2	6500405	0	0	1					1
6500403	新新爬塔-主塔-机制4-自身受hit时获得受到破灭伤害提升	10001		0			0				2	1	1001	2		301	1	2	6500406	0	0	1					1
6500404	新新爬塔-主塔-机制4-受破灭伤害提升	413111152		0			2	9286	1	2	2	1								0	0	1		203101	203101		1
6500405	新新爬塔-主塔-机制4-受破灭伤害提升	413111153		0			2	9286	1	2	2	1								0	0	1		203101	203101		1
6500406	新新爬塔-主塔-机制4-受破灭伤害提升	413111154		0			2	9286	1	2	2	1								0	0	1		203101	203101		1
6500407	新新爬塔-主塔-机制4-暴击抵抗提升40%	418030156		0			0				2	1								0	0	1		100701	100701		1
6500408	新新爬塔-主塔-机制4-暴击抵抗提升70%	418030157		0			0				2	1								0	0	1		100701	100701		1
6500409	新新爬塔-主塔-机制4-暴击抵抗提升100%	418030158		0			0				2	1								0	0	1		100701	100701		1
6500501	新新爬塔-主塔-机制5-暴击率提升	416030151		0			1				2	1								0	0	1		100501	100501		1
6500502	新新爬塔-主塔-机制5-暴击率提升	416030153		0			1				2	1								0	0	1		100501	100501		1
6500503	新新爬塔-主塔-机制5-暴击率提升	416030155		0			1				2	1								0	0	1		100501	100501		1
6500601	新新爬塔-主塔-机制6-回合开始时获得忍耐率提升	10001		0			0				2	1	1102	3		301	1	2	6500604	0	0	1					1
6500602	新新爬塔-主塔-机制6-回合开始时获得忍耐率提升	10001		0			0				2	1	1102	3		301	1	2	6500605	0	0	1					1
6500603	新新爬塔-主塔-机制6-回合开始时获得忍耐率提升	10001		0			0				2	1	1102	3		301	1	2	6500606	0	0	1					1
6500604	新新爬塔-主塔-机制6-忍耐率提升	411303157		0			1				2	3								0	0	1		101001	101001		1
6500605	新新爬塔-主塔-机制6-忍耐率提升	411303165		0			1				2	3								0	0	1		101001	101001		1
6500606	新新爬塔-主塔-机制6-忍耐率提升	411303166		0			1				2	3								0	0	1		101001	101001		1
104022101	暗夜猫-死神-生命上限降低10%，上限5层	413020151		0			2			2	2	3								1	1	0		200301	200301		1
104022102	暗夜猫-死神-每1回合开始时给敌方BOSS挂召唤标记	10002		0			0				2	1	1102			134	1	2	104022103	0	0	1					1
104022103	暗夜猫-死神-释放标记，下回合召唤	10002		0			0	1102	1	3	2	1	1102			301	3	2	534022301	0	0	1		300014	104022103		1
104022104	暗夜猫-死神-回合开始时，场上没有友方单位则删除防御力提升30%的buff	10002		0			0				2	1	9211			301	2	2	206040104	0	0	1					1
104022105	暗夜猫-死神-防御力提升30%	412010153		0			1				2	1								0	0	1		100201	320016		1
104022106	暗夜猫-死神-不受DOT	407020158		0			0				2	1								0	0	1		340006	320017		1
101018101	暗夜猫-蘑菇-被主动击杀时为敌方全体恢复1点SP	10002		0			0				2	1	1007			102	2	2	210010101	1	0	1		310214	320018		1
101018102	暗夜猫-蘑菇-受到伤害提升100%	411502155		0			2				2	1								0	0	1		210321	320019		1
101018103	暗夜猫-蘑菇-防御力提升100%	412010160		0			1				2	1								0	0	1		100201	320020		1
1105051	爬塔-情绪病粉丝B-技能2-自身提升30%攻击	401102152		0			1				2	1								1	1	0		100101	100101		1
1102051	爬塔-老鼠-技能2-受到治疗效果降低50%	411602151		1			2				2	1								1	1	0		201401	201401		1
1104151	爬塔-剑鼠-技能2-防御降低60%	412010159		1			2				2	1								1	1	0		200201	200201		1
1104251	爬塔-盾鼠-技能2-子效果-感染-无法获得治疗	407020155;407020157		1			2				2	1								1	1	0		210319	210319		1
1101351	爬塔-头盔鼠-技能2-受到伤害提升50%	411502154		1			2				2	1								1	1	0		210321	210321		1
1104051	爬塔-战马铠甲-技能2-攻击力提升30%	401102152		1			1				2	1								1	1	0		100101	100101		1
1104651	爬塔-傀化平板-技能2-获得护盾效果提升100%	412102154		1			1				2	1								1	1	0		101801	101801		1
1401651	爬塔-键盘鹿-技能3-受到伤害降低30%	411502151		1			1				2	1								1	1	0		101101	101101		1
1401851	爬塔-螃蟹-技能3-受到单体伤害时获得受到最终伤害降低	10001		1			0				2	1	9288	2		301	1	2	1401852	0	0	1		300014	1401851		1
1401852	爬塔-螃蟹-技能3-受到最终伤害降低	411502157		1			1				2	3								0	0	0		101101	101101		1
1401751	爬塔-蜥蜴-技能3-受到单体伤害时获得受到最终伤害降低	10001		1			0				2	1	9288	2		202	1	2	1401852	0	0	1		300014	1401751		1
1401752	爬塔-蜥蜴-技能3-受到最终伤害降低	411502157		1			1				2	3								0	0	0		101101	101101		1
1105651	爬塔-小兔子-技能2-降低50%忍耐	411303163		1			2			2	2	1								0	0	0		201001	201001		1
1110351	爬塔-兔炮-技能2-降低50%暴击率	416030161		1			2				2	1								0	0	0		200501	200501		1
1401551	爬塔-兔玩偶-技能2-降低80%穿透率	411203157		1			2			2	2	1								0	0	0		200901	200901		1
1100251	爬塔-绿垃圾桶-技能2-降低30%穿透率	411203153		1			2			2	2	1								0	0	0		200901	200901		1
1400351	爬塔-豚鼠-技能3-受到非暴击伤害时获得忍耐	10001		1			0				2	1	9289	2		301	1	2	1400352	0	0	1		300014	1400351		1
1400352	爬塔-豚鼠-技能3-3%忍耐	411303164		1			1				2	3								0	0	1		101001	101001		1
403551	爬塔-双面机器人-防御力提升50%	412010158		1			1				2	1								0	0	1		100201	100201		1
54018001	社团BOSS-架子鼓蜘蛛-自身攻击力提升30%	54018001		1			1				2	1								1	0	1		100101	100101		1
54018002	社团BOSS_攻击力下降10%，最高6层	54018002		1			2			2	2	3								1	1	1		200101	200101		1
54018103	社团BOSS_目标身上每拥有6层指定BUFF，给指定怪加BUFF	10002		1			0			2	2	3	9295	2		301	1	2	54018001	1	1	1					1
54005101	社团BOSS_狂人剑客-技能2-根据攻击生成单体护盾	405010152		0			1			2	1	1								0	0	0		110202	110202		1
54005102	社团BOSS_狂人剑客-技能4-对敌减疗	411602151		0			2			2	2	3								1	0	0		201401	201401		1
54004101	社团BOSS_人偶怪-技能1-降低敌方伤害	54004101		0			2			2	2	3								1	0	0		201201	201201		1
54004102	社团BOSS_人偶怪-技能2-自身提升30%暴击	416030155		1			1			2	2	3								1	1	0		100501	100501		1
54004103	社团BOSS_人偶怪-技能2-自身提升50%暴击伤害	54004103		1			1			2	2	3								1	1	0		100601	100601		1
54004104	社团BOSS，被动-每有1点SP攻击力提升10%	54004104	1	0			0			2	2	3								0	0	0					1
58006101	社团BOSS_巨大莫布-破盾后使目标防御降低30%	10002		0			0			2	2	1	9280	2		301	1	1	58006102	0	0	0					1
58006102	社团BOSS_巨大莫布-防御降低30%	58006102		0			2			2	2	3								1	0	0		200201	200201		1
58006103	社团BOSS_巨大莫布-自己破盾	10002		0			0			2	2	3	9280	2		143	1	1	58006104	0	0	0					1
58006104	社团BOSS_巨大莫布-给自己加攻击力	58006104		0			1			2	2	3								0	0	0		100101	100101		1
58006105	社团BOSS_巨大莫布-第三回合开始	10002		0			0			2	2	3	9296	1		301	1	1	58006106	0	0	0					1
58006106	社团BOSS_巨大莫布-自身受到暴击伤害提升50%	58006106		0			2			2	2	3								0	0	0					1
58006107	社团BOSS-通用-克制减伤提升25%	58006107		0			0				2	3								0	0	1					1
51009101	社团BOSS-贩卖机-减疗50%	51009101		0			2				2	3								1	1	1		201401	201401		1
51009102	社团BOSS-贩卖机-被动-自身耐力提升触发器	10002		0			0				2	3	7322	1		301	1	1	51009103	0	0	1					1
51009103	社团BOSS-贩卖机-被动-自身耐力提升100%	51009103;51009104		0			0				2	3								0	0	1					1
54008101	社团BOSS-挖掘机-被动-自身防御提升触发器	10002		0			0				2	3	7322	1		301	1	1	54008102	0	0	1					1
54008102	社团BOSS-挖掘机-被动-自身防御提升100%	54008102		0			0				2	3								0	0	1					1
51041101	社团BOSS-傀剑鼠-流血DOT	51041101		0			2				2	2								1	1	0		210202	210202		1
51041102	社团BOSS-傀剑鼠-免疫DEBUFF触发器	10002		0			0				2	3	7322	1		301	1	1	51041103	0	0	1					1
51041103	社团BOSS-傀剑鼠-免疫DEBUFF	407020154		0			0				2	3								0	0	1					1
51041104	社团BOSS-傀剑鼠-免疫控制技能触发器	10002		0			0				2	3	7322	1		301	1	1	51041105	0	0	1					1
51041105	社团BOSS-傀剑鼠-免疫控制技能	407020151		0			0				2	3								0	0	1					1
54021101	社团BOSS-熊猫悦悦-防御提升触发器	10002		0			0				2	3	7322	1		301	1	1	54021102	0	0	1					1
54021102	社团BOSS-熊猫悦悦-防御提升	412010153		0			0				2	3								0	0	1					1
54021103	社团BOSS-熊猫悦悦-最终伤害提升触发器	10002		0			0				2	3	7322	1		301	1	1	54021104	0	0	1					1
54021104	社团BOSS-熊猫悦悦-最终伤害提升	54021104		0			0				2	3								0	0	1					1
54021105	社团BOSS-熊猫悦悦-防御降低	412010154		0			2				2	3								1	1	0		200201	200201		1
108010101	医生（进阶版-技能1-单技能吸血100%。	411701151		1			0	1002	1	2	2	1						2		0	0	1					1
108010102	医生（进阶版-技能2-沉默，2回合	404070151		1			2			2	2	1								1	1	1		210303	210303		1
108010103	医生（进阶版-每回合添加3层防甲，持续1回合。	10001		1			0			2	2	1	1102			301	1	2	108010107	0	0	0					1
108010104	医生（进阶版-技能4-造成最终伤害提高10%	411501152		1			1	1108	5	1	2	3								1	1	0		110101	320008		1
108010105	医生（进阶版-技能4-获得减益效果时提高自身造成的最终伤害	10002					0				2	1	1019			301	1	2	108010104	0	0	1		340008	320009		1
108010106	医生（进阶版-技能2-每回合开始驱散自身2层debuff	10002					1				2	1	1102			301	2	3	206030102	0	0	0		340007	320021		1
108010107	医生（进阶版-防甲，持续1回合。	412010156		1			1			2	2	3	1004	2		301	2	2	209010154	1	1	0		100201	104022002		1
108010108	医生（进阶版（世界BOSS）-属性克制伤害提升20%	467051		0			0				2	1								0	0	1		300014	104501		1
104015101	世界BOSS兔子玩偶-防御降低10%（5层）3回合	412010152		0			2				2	3								0	0	1		200201	200201		1
104015102	世界BOSS兔子玩偶-大招击杀造成扩散伤害	10001		0			0				2	1	9313	2		103	2	2	201100103	0	0	1					1
6600101	爬塔-情绪塔-机制1-杰克皇-每回合自身获得6600102	10001		0			0				2	1	1102	3		301	1	2	6600102	0	0	1					1
6600102	爬塔-情绪塔-机制1-杰克皇-自身技能结束时，额外释放一次技能	10001		0			0				2	1	1002	3	2	101	4	2	514020003	0	0	1					1
6600103	爬塔-情绪塔-机制1-杰克皇-每回合敌方全体获得6600104,2层	10001		0			0				2	1	1102	3		102	1;1;1	2	6600104;6600104;6600105	0	0	1					1
6600104	爬塔-情绪塔-机制1-杰克皇-敌方标记-消失时删除敌方6600102	10001		0			0				2	3	9297	3		102	2	2	206040155	0	0	1					1
6600105	爬塔-情绪塔-机制1-杰克皇-敌方标记-其他友方受到攻击时恢复标记	10001		0			0				2	1	9286	3		301	1	2	6600104	0	0	1					1
6600201	爬塔-情绪塔-机制2-BOSS被动-回合结束时获得5点sp	10001		0			0				2	1	1103	3		301	2	3	210010105	0	0	1					1
6600202	爬塔-情绪塔-机制2-玩家被动-幸运+100%	414010151		0			1				2	1								0	0	1		100401	100401		1
6600301	爬塔-情绪塔-机制2-敌方被动-HOT	403020152		0			1				2	1								0	0	1		110201	110201		1
6600302	爬塔-情绪塔-机制2-敌方被动-给自己挂6600301	10001		0			0				2	1	1102	3		301	1	2	6600301	0	0	1					1
7100101	双旦本-复刷关-受到最终伤害降低80%	411502160		0			0				2	1								0	0	1		300014	7100101		1
7100102	双旦本-复刷关-受到最终伤害降低60%	411502161		0			0				2	1								0	0	1		300014	7100101		1
7100103	双旦本-复刷关-受到最终伤害降低40%	411502162		0			0				2	1								0	0	1		300014	7100101		1
7100104	双旦本-复刷关-受到最终伤害降低20%	411502163		0			0				2	1								0	0	1		300014	7100101		1
7100105	双旦本-复刷关-BOSS-回合结束时驱散	10001		0			0				2	1	1103	3		301	2	1	206030105	0	0	1		300014	7100105		1
7100106	双旦本-战马铠甲-降低30%穿透	411203153		0			2				2	2								1	1	0		200901	200901		1
7100107	双旦本-椰子树傀-降低30%暴击率	416030157		0			2				2	2								1	1	0		200501	200501		1
7100108	双旦本-复刷关-造成间接伤害提升20%	412201151		0			1				2	1								0	0	1		102001	102001		1
7100109	【BOSS首领战】治疗转伤害BUFF效果	7100109		0			0				2	1								0	0	1		3100111	7100110		1
7100110	【BOSS首领战】治疗享受暴击爆伤效果	7100110		0			0				2	1								0	0	1		3100111	7100109		1
7100111	【BOSS首领战】伤害减免100%	411502159		0			1				2	1								0	0	1		101101	101101		1
7100112	【BOSS首领战】死亡时召唤敌人	10001		0			0				2	1	9255			301	2	1	201211059	0	0	1		3100111	7100106		1
7100113	【BOSS首领战】每回合攻击提升	10001		0			1				2	1	1102			301	1	2	7100118	0	0	1		100101	7100111		1
7100114	【BOSS首领战】获得吸血效果1000%	7100114		0			1				2	1								0	0	1		101501	111701154		1
7100115	【BOSS首领战】每回合标记BUFF，被标记目标受到伤害提升50%，并且回合结束时会跳转	10001		0			2				2	1	1103			123	1	1	7100121	0	0	1		201101	7100107		1
7100116	【BOSS首领战】敌人释放AOE技能时，会治疗自身	10001		0			0				2	1	9303			301	2	2	202010299	0	0	1		3100111	7100108		1
7100117	【BOSS首领战】友方每回合标记BUFF，被标记目标受到伤害提升50%，并且回合结束时会跳转	10001		0			2				2	1	1103			260	1	1	7100122	0	0	1		201101	7100107		1
7100118	【BOSS首领战】攻击力提升15%，最高5层	401102155		0			1				2	3								0	0	1		100101	100101		1
7100119	【BOSS首领战】受到治疗效果提升500%	7100115		0			1				2	1								0	0	1		101401	101401		1
7100120	【BOSS首领战】忍耐提升50%	411303157		0			0				2	1								0	0	1		101001	101001		1
7100121	【BOSS首领战】每回合标记BUFF，被标记目标受到伤害提升50%，并且回合结束时会跳转	411502155		0			0				2	1								0	0	1		304101	7100107		1
7100122	【BOSS首领战】友方每回合标记BUFF，被标记目标受到伤害提升50%，并且回合结束时会跳转	411502155		0			0				2	1								0	0	1		304101	7100107		1
8100101	噩梦回响，怪物通用，受到破碎伤害提升30%	813071151		0			0				2	1								0	0	1		202701	320024		1
8100102	噩梦回响，怪物通用，受到破裂伤害提升30%	813091151		0			0				2	1								0	0	1		202901	320025		1
8100103	噩梦回响，怪物通用，受到穿刺伤害提升30%	813051151		0			0				2	1								0	0	1		202501	320026		1
8100104	噩梦回响，怪物通用，受到间接伤害提升30%	812202151		0			0				2	1								0	0	1		201901	320027		1
8100105	噩梦回响，怪物通用，受到真实伤害提升30%	813011151		0			0				2	1								0	0	1		202101	320028		1
8100106	噩梦回响，怪物通用，受到三相的伤害提升30%	814031051		0			0				2	1								0	0	1		203301	320029		1
8100107	噩梦回响，怪物通用，受到星流的伤害提升30%	814071051		0			0				2	1								0	0	1		203301	320030		1
8100108	噩梦回响，怪物通用，受到方波的伤害提升30%	814051051		0			0				2	1								0	0	1		203301	320031		1
8100109	噩梦回响，怪物通用，受到圆振的伤害提升30%	814011051		0			0				2	1								0	0	1		203301	320032		1
8100110	噩梦回响，怪物通用，受到群体伤害降低30%	10001		0			0				2	1	9284	2		301	1	2	8100111	0	0	1		341001	320033		1
8100111	噩梦回响，怪物通用，受到群体伤害降低30%-子buff	411502151		0			0	9285	1	2	2	1								0	0	1					1
8100112	噩梦回响，怪物通用，受到群体伤害提高30%	10001		0			0				2	1	9284	2		301	1	2	8100113	0	0	1		341001	320034		1
8100113	噩梦回响，怪物通用，受到群体伤害提高30%-子buff	411502152		0			0	9285	1	2	2	1								0	0	1					1
8100114	噩梦回响，怪物通用，回合开始时debuff的判断buff-1个	10001		0			0				2	1	9301	1		202	1	2	8100119	0	0	1			320035		1
8100115	噩梦回响，怪物通用，回合开始时debuff的判断buff-2个	10001		0			0				2	1	9301	1		202	1	2	8100119	0	0	1					1
8100116	噩梦回响，怪物通用，回合开始时debuff的判断buff-3个	10001		0			0				2	1	9301	1		202	1	2	8100119	0	0	1					1
8100117	噩梦回响，怪物通用，回合开始时debuff的判断buff-4个	10001		0			0				2	1	9301	1		202	1	2	8100119	0	0	1					1
8100118	噩梦回响，怪物通用，回合开始时debuff的判断buff-5个	10001		0			0				2	1	9301	1		202	1	2	8100119	0	0	1					1
8100119	噩梦回响，怪物通用，受到伤害提升20%	411502164		0			0				2	3								1	1	0		341002	320036		1
8100120	噩梦回响，怪物通用，每使用一个增益技能，清除己方全体所有减益效果。	10001		0			0				2	3	9125			202	2	2	206030105	0	0	1			320037		1
8100121	噩梦回响，怪物通用，敌人每使用一次技能，其自身下回合获得1层受到伤害降低20%，持续1回合。	10001		0			0				2	3	9302			301	1;1;1;1;1	2	8100122;8100124;8100125;8100126;8100127	0	0	1			320038		1
8100122	噩梦回响，怪物通用，回合开始时判断触发器>0	10001		0			0				2	1	8001			301	1	2	8100123	0	0	1					1
8100124	噩梦回响，怪物通用，回合开始时判断触发器>1	10001		0			0				2	1	8001			301	1	2	8100123	0	0	1					1
8100125	噩梦回响，怪物通用，回合开始时判断触发器>2	10001		0			0				2	1	8001			301	1	2	8100123	0	0	1					1
8100126	噩梦回响，怪物通用，回合开始时判断触发器>3	10001		0			0				2	1	8001			301	1	2	8100123	0	0	1					1
8100127	噩梦回响，怪物通用，层数标记ID	10001		0			0	1102	10	3	2	3								0	0	1					1
8100123	噩梦回响，怪物通用，受到伤害降低20%	411502163		0			1				2	3								1	1	0		101101	320039		1
8100128	噩梦回响，怪物通用，每回合开始挂debuff	10001		0			0				2	1	1102			405	1;1	2	8100134;8100135	0	0	1					1
8100134	噩梦回响，怪物通用，暴击率降低50%	816030161					2				2	3								1	1	0		200501	320037		1
8100135	噩梦回响，怪物通用，暴击伤害降低80%	817030101					2				2	3								1	1	0		200601	320039		1
8100129	噩梦回响，怪物通用，攻击力降低检测加防御力降低	10001		0			0				2	1	9307			301	1	2	8100133	0	0	0					1
8100130	噩梦回响，怪物通用，攻击力降低检测加防御力降低	10001		0			0				2	1	9308			301	1	2	8100133	0	0	0					1
8100131	噩梦回响，怪物通用，攻击力降低检测加防御力降低	10001		0			0				2	1	9309			301	1	2	8100133	0	0	0					1
8100132	噩梦回响，怪物通用，攻击力降低检测加防御力降低	10001		0			0				2	1	9310			301	1	2	8100133	0	0	0					1
8100133	噩梦回响，怪物通用，防御力降低50%	412010161		0			2	9306	1		2	1								0	0	0		200201	320038		1
8100136	噩梦回响，怪物通用，攻击力降低检测加防御力降低	10001		0			0				2	1	9311			301	1	2	8100133	0	0	0					1
8100137	噩梦回响，怪物通用，每回合开始时施加2层负面效果免疫，持续1回合	10001		0			0				2	1	1102			301	1	2	8100138	0	0	0					1
8100138	噩梦回响，怪物通用，1层负面效果免疫	407020154		0			1	7247	1		2	3								0	0	1		341003	320040		1
8100139	噩梦回响，怪物通用，每回合添加3层防甲，持续1回合。	10001		1			0			2	2	1	1102			301	1	2	8100140	0	0	0					1
8100140	噩梦回响，怪物通用，防甲，持续1回合。	412010156		1			1			2	2	3	1004	2		301	2	2	209010155	1	1	0		100201	104022002		1
8100141	噩梦回响，怪物通用，每回合添加2层防甲，持续1回合。	10001		1			0			2	2	1	1102			301	1	2	8100140	0	0	0					1
8100142	噩梦回响，怪物通用，每回合开始时施加1层负面效果免疫	10001		0			0				2	1	1102			301	1	2	8100138	0	0	0					1
104046001	酒童子-【小酌】：攻击附带100%吸血，且暴击率提升15%	411701151;416030154		0			1				2	3								1	1	0		341006	320047		1
104046002	酒童子-【酒神庇佑】：每层【酒神庇佑】可以让携带者抵挡一技能。上限4层。	10001		0			1	9339	1	3	2	3	9340			301	1	1	104046003	0	0	0		341005	320046		1
104046003	酒童子-【酒神庇佑】：伤害改写	406010151		1			1	9339	1	1	2	1								0	0	0					1
104047001	兔子先生【减防】30%，2回合	412010154		0			2				2	1								1	1	1		200201	200201		1
101063001	酒团子【增防】30%，2回合	412010153		0			1				2	1								1	1	1		100201	100201		1
101065001	红团子【受到间接伤害提升】30%，2回合	412202152		0			2				2	1								1	1	1		201901	201901		1
101066001	紫团子【攻击力提升】20%，2回合	401102151		0			1				2	1								1	1	1		100101	100101		1
310202101	完美效劳-专武被动1-释放42102021前，对自己挂1回合310202102	10001					0				2	1	1008	2	3	301	1	1	310202102	0	0	1				2	1
310202102	完美效劳-专武效果-造成破裂伤害+8%	310202101					0	1002	1	1	2	1								0	0	1				2	1
310202103	完美效劳-专武被动2-释放41102021前，对自己挂1回合310202104	10001					0				2	1	1008	2	3	301	1	1	310202104	0	0	1				2	1
310202104	完美效劳-专武效果-穿透率+8%	310202102					0	1002	1	1	2	1								0	0	1				2	1
310202105	完美效劳-专武被动1-释放42102021前，对自己挂1回合310202106	10001					0				2	1	1008	2	3	301	1	1	310202106	0	0	1				2	1
310202106	完美效劳-专武效果-造成破裂伤害+16%	310202103					0	1002	1	1	2	1								0	0	1				2	1
310202107	完美效劳-专武被动2-释放41102021前，对自己挂1回合310202108	10001					0				2	1	1008	2	3	301	1	1	310202108	0	0	1				2	1
310202108	完美效劳-专武效果-穿透率+16%	310202104					0	1002	1	1	2	1								0	0	1				2	1
310300601	疯人院-专武被动1-释放42103006前，对自己挂1回合310300602	10001					0				2	1	1008	2	3	301	1	1	310300602	0	0	1				2	1
310300602	疯人院-专武效果-造成愤怒伤害+10%	310300601					0	1002	1	1	2	1								0	0	1				2	1
310300603	疯人院-专武被动2-回合开始时，对自己挂310300604	10001					0				2	1	1102	3	3	301	1	1	310300604	0	0	1				2	1
310300604	疯人院-专武效果-全部能力+0.6%，可叠加3层	310300602;310300603;310300604;310300605;310300606;310300607;310300608;310300609;310300610;310300611;310300612;310300613;310300614					0				2	3								0	0	1				2	1
310300605	疯人院-专武被动1-释放42103006前，对自己挂1回合310300606	10001					0				2	1	1008	2	3	301	1	1	310300606	0	0	1				2	1
310300606	疯人院-专武效果-造成愤怒伤害+20%	310300615					0	1002	1	1	2	1								0	0	1				2	1
310300607	疯人院-专武被动2-回合开始时，对自己挂310300608	10001					0				2	1	1102	3	3	301	1	1	310300608	0	0	1				2	1
310300608	疯人院-专武效果-全部能力+1.2%，可叠加3层	310300616;310300617;310300618;310300619;310300620;310300621;310300622;310300623;310300624;310300625;310300626;310300627;310300628					0				2	3								0	0	1				2	1
314000801	囚鸟绮愿-专武被动1-释放42140008前，对自己挂1回合314000802	10001					0				2	1	1008	2	3	301	1	1	314000802	0	0	1				2	1
314000802	囚鸟绮愿-专武效果-造成最终伤害+8%	314000801					0	1002	1	1	2	1								0	0	1				2	1
314000803	囚鸟绮愿-专武被动2-己方全红，对自己挂314000804	10001					0				2	1	9294	3	3	301	1	2	314000804	0	0	1				2	1
314000804	囚鸟绮愿-专武效果-造成间接伤害+1.8%	314000802					0				2	1								0	0	1				2	1
314000805	囚鸟绮愿-专武被动1-释放42140008前，对自己挂1回合314000806	10001					0				2	1	1008	2	3	301	1	1	314000806	0	0	1				2	1
314000806	囚鸟绮愿-专武效果-造成最终伤害+16%	314000803					0	1002	1	1	2	1								0	0	1				2	1
314000807	囚鸟绮愿-专武被动2-己方全红，对自己挂314000808	10001					0				2	1	9294	3	3	301	1	2	314000808	0	0	1				2	1
314000808	囚鸟绮愿-专武效果-造成间接伤害+3.6%	314000804					0				2	1								0	0	1				2	1
312900101	致圣雪夜-专武被动1-释放42129001前，对自己挂1回合312900102	10001					0				2	1	1008	2	3	301	1	1	312900102	0	0	1				2	1
312900102	致圣雪夜-专武效果-造成最终伤害+8%	312900101					0	1002	1	1	2	1								0	0	1				2	1
312900103	致圣雪夜-专武被动2-每次获得112900105，对自己挂312900104	10001					0				2	1	7002	3	3	301	1	1	312900104	0	0	1				2	1
312900104	致圣雪夜-专武效果-暴击率+1.5%，可叠加6层	312900102					0				2	3								0	0	1				2	1
312900105	致圣雪夜-专武被动1-释放42129001前，对自己挂1回合312900106	10001					0				2	1	1008	2	3	301	1	1	312900106	0	0	1				2	1
312900106	致圣雪夜-专武效果-造成最终伤害+16%	312900103					0	1002	1	1	2	1								0	0	1				2	1
312900107	致圣雪夜-专武被动2-每次获得112900105，对自己挂312900104	10001					0				2	1	7002	3	3	301	1	1	312900108	0	0	1				2	1
312900108	致圣雪夜-专武效果-暴击率+3%，可叠加6层	312900104					0				2	3								0	0	1				2	1
310800601	涤荡者-专武被动1-释放41108006前，对自己挂1回合310800602	10001					0				2	1	1008	2	3	301	1	1	310800602	0	0	1				2	1
310800602	涤荡者-专武效果-造成破灭伤害+8%	310800601					0	1002	1	1	2	1								0	0	1				2	1
310800603	涤荡者-专武被动2-战斗开始时，给其他友方挂310800604	10001					0				2	1	7322	3	3	251	1	2	310800604	0	0	1				2	1
310800604	涤荡者-专武效果2.1-获得310800604时，若自身是三相，则给己方涤荡者施加310800609	10001					0				2	1	9293	3	3	308	1	2	310800609	0	0	1				2	1
310800605	涤荡者-专武被动1-释放41108006前，对自己挂1回合310800606	10001					0				2	1	1008	2	3	301	1	1	310800606	0	0	1				2	1
310800606	涤荡者-专武效果-造成破灭伤害+16%	310800603					0	1002	1	1	2	1								0	0	1				2	1
310800607	涤荡者-专武被动2-战斗开始时，给其他友方挂310800608	10001					0				2	1	7322	3	3	251	1	2	310800608	0	0	1				2	1
310800608	涤荡者-专武效果2.2-获得310800608时，若自身是三相，则给己方涤荡者施加310800610	10001					0				2	1	9293	3	3	308	1	2	310800610	0	0	1				2	1
310800609	涤荡者-实际效果，暴击率+2.5%（3层）	310800602					0				2	3								0	0	1				2	1
310800610	涤荡者-实际效果，暴击率+5%（3层）	310800604					0				2	3								0	0	1				2	1
311700801	秘域访客-专武被动1-释放42117008前，对自己挂1回合311700802	10001					0				2	1	1008	2	3	301	1	1	311700802	0	0	1				2	1
311700802	秘域访客-专武效果-造成真实伤害+8%	311700801					0	1002	1	1	2	1								0	0	1				2	1
311700803	秘域访客-专武被动2-释放41117008前，对自己挂1回合311700804	10001					0				2	1	1008	2	3	301	1	1	311700804	0	0	1				2	1
311700804	秘域访客-专武效果-吸血效果+10%	311700802					0	1002	1	1	2	1								0	0	1				2	1
311700805	秘域访客-专武被动1-释放42117008前，对自己挂1回合311700806	10001					0				2	1	1008	2	3	301	1	1	311700806	0	0	1				2	1
311700806	秘域访客-专武效果-造成真实伤害+16%	311700803					0	1002	1	1	2	1								0	0	1				2	1
311700807	秘域访客-专武被动2-释放41117008前，对自己挂1回合311700808	10001					0				2	1	1008	2	3	301	1	1	311700808	0	0	1				2	1
311700808	秘域访客-专武效果-吸血效果+20%	311700804					0	1002	1	1	2	1								0	0	1				2	1
310800101	战略潜艇-专武被动1-标记1	10001					0				2	1								0	0	1				2	1
310800102	战略潜艇-专武效果-攻击相关能力提升2.5%，2/2/3回合	310800101;310800102;310800103;310800104					0				2	1								0	0	1				2	1
310800103	战略潜艇-专武被动2-战斗开始时，给自己挂310800104	10001					0				2	1	7322	3	3	301	1	1	310800104	0	0	1				2	1
310800104	战略潜艇-专武效果-每有1点sp，攻击力提升0.8%	310800105	1				0				2	1								0	0	1				2	1
310800105	战略潜艇-专武被动1-标记2	10001					0				2	1								0	0	1				2	1
310800106	战略潜艇-专武效果-攻击相关能力提升5%，2/2/3回合	310800106;310800107;310800108;310800109					0				2	1								0	0	1				2	1
310800107	战略潜艇-专武被动2-战斗开始时，给自己挂310800108	10001					0				2	1	7322	3	3	301	1	1	310800108	0	0	1				2	1
310800108	战略潜艇-专武效果-每有1点sp，攻击力提升1.6%	310800110	1				0				2	1								0	0	1				2	1
312700801	碧魂灯-专武被动1-释放42127008前，对自己挂1回合312700802	10001					0				2	1	1008	2	3	301	1	1	312700802	0	0	1				2	1
312700802	碧魂灯-专武效果-造成破盾伤害+8%	312700801					0	1002	1	1	2	1								0	0	1				2	1
312700803	碧魂灯-专武被动2-奥义能量满时，对友方全体挂312700804	10001					0				2	1	9261	3	3	202	1	1	312700804	0	0	1				2	1
312700804	碧魂灯-专武效果-攻击力+1.4%	312700802					0				2	1								0	0	1				2	1
312700805	碧魂灯-专武被动1-释放42127008前，对自己挂1回合312700806	10001					0				2	1	1008	2	3	301	1	1	312700806	0	0	1				2	1
312700806	碧魂灯-专武效果-造成破盾伤害+16%	312700803					0	1002	1	1	2	1								0	0	1				2	1
312700807	碧魂灯-专武被动2-奥义能量满时，对友方全体挂312700808	10001					0				2	1	9261	3	3	202	1	1	312700808	0	0	1				2	1
312700808	碧魂灯-专武效果-攻击力+2.8%	312700804					0				2	1								0	0	1				2	1
311400101	夕雪晚照-专武被动1-标记1	10001					0				2	1								0	0	1				2	1
311400102	夕雪晚照-专武效果-受到间接伤害提升5%，1/2/2回合	311400101					0				2	1								0	0	1				2	1
311400103	夕雪晚照-专武被动2-释放42114001时，给自己挂311400104	10001					0				2	1	1008	2	3	301	1	1	311400104	0	0	1				2	1
311400104	夕雪晚照-专武效果-造成最终伤害+8%	311400102					0	1002	1	1	2	1								0	0	1				2	1
311400105	夕雪晚照-专武被动1-标记2	10001					0				2	1								0	0	1				2	1
311400106	夕雪晚照-专武效果-受到间接伤害提升10%，1/2/2回合	311400103					0				2	1								0	0	1				2	1
311400107	夕雪晚照-专武被动2-释放42114001时，给自己挂311400108	10001					0				2	1	1008	2	3	301	1	1	311400108	0	0	1				2	1
311400108	夕雪晚照-专武效果-造成最终伤害+16%	311400104					0	1002	1	1	2	1								0	0	1				2	1
310101301	森林守护者-专武被动1-释放41101013前，对自己挂1回合310101302	10001					0				2	1	1008	2	3	301	1	1	310101302	0	0	1				2	1
310101302	森林守护者-专武效果-造成破碎伤害+8%	310101301					0	1002	1	1	2	1								0	0	1				2	1
310101303	森林守护者-专武被动2-回合开始时，给自己挂310101304	10001					0				2	1	1102	3	3	301	1	1	310101304	0	0	1				2	1
310101304	森林守护者-专武效果-穿透率+1%	310101302					0				2	3								0	0	1				2	1
310101305	森林守护者-专武被动1-释放41101013前，对自己挂1回合310101306	10001					0				2	1	1008	2	3	301	1	1	310101306	0	0	1				2	1
310101306	森林守护者-专武效果-造成破碎伤害+16%	310101303					0	1002	1	1	2	1								0	0	1				2	1
310101307	森林守护者-专武被动2-回合开始时，给自己挂310101308	10001					0				2	1	1102	3	3	301	1	1	310101308	0	0	1				2	1
310101308	森林守护者-专武效果-穿透率+2%	310101304					0				2	3								0	0	1				2	1
313000801	暗巷星火-专武被动1-释放42130008前，给自己挂1回合313000802	10001					0				2	1	1008	2	3	301	1	1	313000802	0	0	1				2	1
313000802	暗巷星火-专武效果-穿透率+8%	313000801					0	1002	1	1	2	1								0	0	1				2	1
313000803	暗巷星火-专武被动2-释放41130008前，给自己挂1回合313000804	10001					0				2	1	1008	2	3	301	1	1	313000804	0	0	1				2	1
313000804	暗巷星火-专武效果-造成最终伤害+8%	313000802					0	1002	1	1	2	1								0	0	1				2	1
313000805	暗巷星火-专武被动1-释放42130008前，给自己挂1回合313000806	10001					0				2	1	1008	2	3	301	1	1	313000806	0	0	1				2	1
313000806	暗巷星火-专武效果-穿透率+16%	313000803					0	1002	1	1	2	1								0	0	1				2	1
313000807	暗巷星火-专武被动2-释放41130008前，给自己挂1回合313000808	10001					0				2	1	1008	2	3	301	1	1	313000808	0	0	1				2	1
313000808	暗巷星火-专武效果-造成最终伤害+16%	313000804					0	1002	1	1	2	1								0	0	1				2	1
310302101	心动疗愈-专武被动1-释放42103021前，对自己挂1回合310302102	10001					0				2	1	1008	2	3	301	1	1	310302102	0	0	1				2	1
310302102	心动疗愈-专武效果-造成治疗提升+8%	310302101					0	1002	1	1	2	1								0	0	1				2	1
310302103	心动疗愈-专武被动2-战斗开始时对所有绿色情绪友方挂310302104	10001					0				2	1	7322	3	3	239	1	1	310302104	0	0	1				2	1
310302104	心动疗愈-专武效果-攻击力+1.1%	310302102					0				2	1								0	0	1				2	1
310302105	心动疗愈-专武被动1-释放42103021前，对自己挂1回合310302106	10001					0				2	1	1008	2	3	301	1	1	310302106	0	0	1				2	1
310302106	心动疗愈-专武效果-造成治疗提升+16%	310302103					0	1002	1	1	2	1								0	0	1				2	1
310302107	心动疗愈-专武被动2-战斗开始时对所有绿色情绪友方挂310302108	10001					0				2	1	7322	3	3	239	1	1	310302108	0	0	1				2	1
310302108	心动疗愈-专武效果-攻击力+2.2%	310302104					0				2	1								0	0	1				2	1
311100201	长夜冰冕-专武被动1-释放42111002前，给自己挂1回合311100202	10001					0				2	1	1008	2	3	301	1	1	311100202	0	0	1				2	1
311100202	长夜冰冕-专武效果-造成护盾提升+8%	311100201					0	1002	1	1	2	1								0	0	1				2	1
311100203	长夜冰冕-专武被动2-战斗开始时，给绿色友方挂311100204	10001					0				2	1	7322	3	3	239	1	1	311100204	0	0	1				2	1
311100204	长夜冰冕-专武效果-生命值+2.5%	311100202					0				2	1								0	0	1				2	1
311100205	长夜冰冕-专武被动1-释放42111002前，给自己挂1回合311100206	10001					0				2	1	1008	2	3	301	1	1	311100206	0	0	1				2	1
311100206	长夜冰冕-专武效果-造成护盾提升+16%	311100203					0	1002	1	1	2	1								0	0	1				2	1
311100207	长夜冰冕-专武被动2-战斗开始时，给绿色友方挂311100208	10001					0				2	1	7322	3	3	239	1	1	311100208	0	0	1				2	1
311100208	长夜冰冕-专武效果-生命值+5%	311100204					0				2	1								0	0	1				2	1
310600901	耀夜之星-专武被动1-释放41106009前，对自己挂1回合310600902	10001					0				2	1	1008	2	3	301	1	1	310600902	0	0	1				2	1
310600902	耀夜之星-专武效果-造成真实伤害+8%	310600901					0	1002	1	1	2	1								0	0	1				2	1
310600903	耀夜之星-专武被动2-标记1	10001					0				2	1								0	0	1				2	1
310600904	耀夜之星-专武效果-攻击力+3%	310600902					0				2	1								0	0	1				2	1
310600905	耀夜之星-专武被动1-释放41106009前，对自己挂1回合310600906	10001					0				2	1	1008	2	3	301	1	1	310600906	0	0	1				2	1
310600906	耀夜之星-专武效果-造成真实伤害+16%	310600903					0	1002	1	1	2	1								0	0	1				2	1
310600907	耀夜之星-专武被动2-标记2	10001					0				2	1								0	0	1				2	1
310600908	耀夜之星-专武效果-攻击力+6%	310600904					0				2	1								0	0	1				2	1
311000801	秘密调查-专武被动1-释放41110008前，给自己挂1回合311000802	10001					0				2	1	1008	2	3	301	1	1	311000802	0	0	1				2	1
311000802	秘密调查-专武效果-造成最终伤害+8%	311000801					0	1002	1	1	2	1								0	0	1				2	1
311000803	秘密调查-专武被动2-标记1	10001					0				2	1								0	0	1				2	1
311000804	秘密调查-专武效果-攻击相关能力+2.25%	311000802;311000803;311000804;311000805					0				2	1								0	0	1				2	1
311000805	秘密调查-专武被动1-释放41110008前，给自己挂1回合311000806	10001					0				2	1	1008	2	3	301	1	1	311000806	0	0	1				2	1
311000806	秘密调查-专武效果-造成最终伤害+16%	311000806					0	1002	1	1	2	1								0	0	1				2	1
311000807	秘密调查-专武被动2-标记2	10001					0				2	1								0	0	1				2	1
311000808	秘密调查-专武效果-攻击相关能力+4.5%	311000807;311000808;311000809;311000810					0				2	1								0	0	1				2	1
313100801	粉红风暴-专武被动1-释放41131008前，对自己挂1回合313100802	10001					0				2	1	1008	2	3	301	1	1	313100802	0	0	1				2	1
313100802	粉红风暴-专武效果-造成破碎伤害+8%	313100801					0	1002	1	1	2	1								0	0	1				2	1
313100803	粉红风暴-专武被动2-战斗开始时，给所有方波友方加313100804	10001					0				2	1	7322	3	3	246	1	1	313100804	0	0	1				2	1
313100804	粉红风暴-专武效果-基础能力+1%	313100802;313100803;313100804					0				2	1								0	0	1				2	1
313100805	粉红风暴-专武被动1-释放41131008前，对自己挂1回合313100806	10001					0				2	1	1008	2	3	301	1	1	313100806	0	0	1				2	1
313100806	粉红风暴-专武效果-造成破碎伤害+16%	313100805					0	1002	1	1	2	1								0	0	1				2	1
313100807	粉红风暴-专武被动2-战斗开始时，给所有方波友方加313100808	10001					0				2	1	7322	3	3	246	1	1	313100808	0	0	1				2	1
313100808	粉红风暴-专武效果-基础能力+2%	313100806;313100807;313100808					0				2	1								0	0	1				2	1
311200201	冬季奇遇-专武被动1-释放42112002前，对自己挂1回合311200202	10001					0				2	1	1008	2	3	301	1	1	311200202	0	0	1				2	1
311200202	冬季奇遇-专武效果-造成治疗提升+8%	311200201					0	1002	1	1	2	1								0	0	1				2	1
311200203	冬季奇遇-专武被动2-战斗开始时，给蓝色友方挂311200204	10001					0				2	1	7322	3	3	240	1	1	311200204	0	0	1				2	1
311200204	冬季奇遇-专武效果-攻击力+1.1%	311200202					0				2	1								0	0	1				2	1
311200205	冬季奇遇-专武被动1-释放42112002前，对自己挂1回合311200206	10001					0				2	1	1008	2	3	301	1	1	311200206	0	0	1				2	1
311200206	冬季奇遇-专武效果-造成治疗提升+16%	311200203					0	1002	1	1	2	1								0	0	1				2	1
311200207	冬季奇遇-专武被动2-战斗开始时，给蓝色友方挂311200208	10001					0				2	1	7322	3	3	240	1	1	311200208	0	0	1				2	1
311200208	冬季奇遇-专武效果-攻击力+2.2%	311200204					0				2	1								0	0	1				2	1
310900201	白瑰绮晶-专武效果1-释放技能1之前，加310900202	10001					0				2	1	1008	2	3	301	1	1	310900202	0	0	1				2	1
310900202	白瑰绮晶-专武效果1-提升自身最终伤害+5%	310900201					0	1002	1	1	2	1								0	0	1				2	1
310900203	白瑰绮晶-专武效果2-开场给所有人加判定触发器	10001					0				2	1	7322	1	3	202	1;1	1	310900204;310900205	0	0	1				2	1
310900204	白瑰绮晶-专武效果2-判定冰盾1结束时，触发额外回血	10001					0	1002	1	1	2	1	7024	3	3	301	2	1	50109002	0	0	1				2	1
310900205	白瑰绮晶-专武效果2-判定冰盾2结束时，触发额外回血	10001					0	1002	1	1	2	1	7024	3	3	301	2	1	51109002	0	0	1				2	1
310900206	白瑰绮晶-专武效果1-释放技能1之前，加310900202	10001					0				2	1	1008	2	3	301	1	1	310900207	0	0	1				2	1
310900207	白瑰绮晶-专武效果1-提升自身最终伤害+5%	310900202					0	1002	1	1	2	1								0	0	1				2	1
310900208	白瑰绮晶-专武效果2-开场给所有人加判定触发器	10001					0				2	1	7322	1	3	202	1;1	1	310900209;310900210	0	0	1				2	1
310900209	白瑰绮晶-专武效果2-判定冰盾1结束时，触发额外回血	10001					0	1002	1	1	2	1	7024	3	3	301	2	1	52109002	0	0	1				2	1
310900210	白瑰绮晶-专武效果2-判定冰盾2结束时，触发额外回血	10001					0	1002	1	1	2	1	7024	3	3	301	2	1	53109002	0	0	1				2	1
310900211	白瑰绮晶-专武效果1-释放技能2之前，加310900202	10001					0				2	1	1008	2	3	301	1	1	310900202	0	0	1				2	1
310900212	白瑰绮晶-专武效果1-释放技能2之前，加310900207	10001					0				2	1	1008	2	3	301	1	1	310900207	0	0	1				2	1
310900213	白瑰绮晶-专武效果1-释放升星后技能2之前，加310900202	10001					0				2	1	1008	2	3	301	1	1	310900202	0	0	1				2	1
310900214	白瑰绮晶-专武效果1-释放升星后技能2之前，加310900207	10001					0				2	1	1008	2	3	301	1	1	310900207	0	0	1				2	1
313000809	暗巷星火-专武被动2-释放44130008前，给自己挂1回合313000804	10001					0				2	1	1008	2	3	301	1	1	313000804	0	0	1				2	1
313000810	暗巷星火-专武效果-造成最终伤害+8%	313000802					0	1002	1	1	2	1								0	0	1				2	1
313000811	暗巷星火-专武被动2-释放44130008前，给自己挂1回合313000808	10001					0				2	1	1008	2	3	301	1	1	313000808	0	0	1				2	1
313000812	暗巷星火-专武效果-造成最终伤害+16%	313000804					0	1002	1	1	2	1								0	0	1				2	1
313700801	青之回旋-专武被动1-释放41137008前，对自己挂1回合313700802	10001					0				2	1	1008	2	3	301	1	1	313700802	0	0	1				2	1
313700802	青之回旋-专武效果-穿透率+8%	313700801					0	1002	1	1	2	1								0	0	1				2	1
313700803	青之回旋-专武被动2-释放42137008前，对自己挂1回合313700804	10001					0				2	1	1008	2	3	301	1	1	313700804	0	0	1				2	1
313700804	青之回旋-专武效果-造成最终伤害+8%	313700802					0	1002	1	1	2	1								0	0	1				2	1
313700805	青之回旋-专武被动1-释放41137008前，对自己挂1回合313700806	10001					0				2	1	1008	2	3	301	1	1	313700806	0	0	1				2	1
313700806	青之回旋-专武效果-穿透率+16%	313700803					0	1002	1	1	2	1								0	0	1				2	1
313700807	青之回旋-专武被动2-释放42137008前，对自己挂1回合313700808	10001					0				2	1	1008	2	3	301	1	1	313700808	0	0	1				2	1
313700808	青之回旋-专武效果-造成最终伤害+16%	313700804					0	1002	1	1	2	1								0	0	1				2	1
313700809	青之回旋-5星专武被动1-释放44137008前，对自己挂1回合313700802	10001					0				2	1	1008	2	3	301	1	1	313700802	0	0	1				2	1
313700810	青之回旋-5星专武被动1-释放44137008前，对自己挂1回合313700806	10001					0				2	1	1008	2	3	301	1	1	313700806	0	0	1				2	1
310200701	电音骑士-专武被动1-标记1	10001					0				2	1								0	0	1				2	1
310200702	电音骑士-专武效果-暴击伤害+5%	310200701					0				2	1								0	0	1				2	1
310200703	电音骑士-专武被动2-战斗开始时，给红色友方挂310200704	10001					0				2	1	7322	3	3	238	1	1	310200704	0	0	1				2	1
310200704	电音骑士-专武效果-穿透率+1%	310200702					0				2	1								0	0	1				2	1
310200705	电音骑士-专武被动1-标记2	10001					0				2	1								0	0	1				2	1
310200706	电音骑士-专武效果-暴击伤害+10%	310200703					0				2	1								0	0	1				2	1
310200707	电音骑士-专武被动2-战斗开始时，给红色友方挂310200708	10001					0				2	1	7322	3	3	238	1	1	310200708	0	0	1				2	1
310200708	电音骑士-专武效果-穿透率+2%	310200704					0				2	1								0	0	1				2	1
310400101	绯红武士-专武被动1-释放42104001前，对自己挂1回合310400102	10001					0				2	1	1008	2	3	301	1	1	310400102	0	0	1				2	1
310400102	绯红武士-专武效果-造成最终伤害+8%	310400101					0	1002	1	1	2	1								0	0	1				2	1
310400103	绯红武士-专武被动2-标记1	10001					0				2	1								0	0	1				2	1
310400104	绯红武士-专武效果-攻击相关能力降低2.5%	310400102;310400103;310400104;310400105					0				2	1								0	0	1				2	1
310400105	绯红武士-专武被动1-释放42104001前，对自己挂1回合310400106	10001					0				2	1	1008	2	3	301	1	1	310400106	0	0	1				2	1
310400106	绯红武士-专武效果-造成最终伤害+16%	310400106					0	1002	1	1	2	1								0	0	1				2	1
310400107	绯红武士-专武被动2-标记2	10001					0				2	1								0	0	1				2	1
310400108	绯红武士-专武效果-攻击相关能力降低5%	310400107;310400108;310400109;310400110					0				2	1								0	0	1				2	1
310201101	102011-专武被动1-释放42102011前，对自己挂1回合310201102	10001					0				2	1	1008	2	3	301	1	1	310201102	0	0	1				2	1
310201102	102011-专武效果-造成护盾提升+8%	310201101					0	1002	1	1	2	1								0	0	1				2	1
310201103	102011-专武被动2-战斗开始时，给友方全体挂310201104	10001					0				2	1	7322	3	3	202	1	1	310201104	0	0	1				2	1
310201104	102011-专武效果-防御相关能力+1.5%	310201102;310201103;310201104;310201105					0				2	1								0	0	1				2	1
310201105	102011-专武被动1-释放42102011前，对自己挂1回合310201106	10001					0				2	1	1008	2	3	301	1	1	310201106	0	0	1				2	1
310201106	102011-专武效果-造成护盾提升+16%	310201106					0	1002	1	1	2	1								0	0	1				2	1
310201107	102011-专武被动2-战斗开始时，给友方全体挂310201108	10001					0				2	1	7322	3	3	202	1	1	310201108	0	0	1				2	1
310201108	102011-专武效果-防御相关能力+3%	310201107;310201108;310201109;310201110					0				2	1								0	0	1				2	1
310900215	白瑰绮晶-专武被动1-战斗开始时，给友方挂310900216	10001					0				2	1	1102	3	3	202	1	1	310900216	0	0	1				2	1
310900216	白瑰綺晶-专武效果-获得110900202时，获得310900217	10001					0				2	1	7002	3	3	301	1	1	310900217	0	0	1				2	1
310900217	白瑰綺晶-专武效果-受到治疗提升+11%，2回合	310900203					0				2	1								0	0	1				2	1
310900218	白瑰绮晶-专武被动2-战斗开始时，给友方挂310900219	10001					0				2	1	1102	3	3	202	1	1	310900219	0	0	1				2	1
310900219	白瑰綺晶-专武效果-获得110900202时，获得310900220	10001					0				2	1	7002	3	3	301	1	1	310900220	0	0	1				2	1
310900220	白瑰綺晶-专武效果-受到治疗提升+11%，2回合	310900204					0				2	1								0	0	1				2	1
310600201	幽灵社团-专武被动1-释放41106002后，对自己挂2回合310600202	10001					0				2	1	7001	2	3	301	1	1	310600202	0	0	1				2	1
310600202	幽灵社团-专武效果-受到伤害提升-3%	310600201					0				2	1								0	0	1				2	1
310600203	幽灵社团-专武被动2-释放sp技能后，给友方全体挂2回合310600204	10001					0				2	1	1105	2	3	202	1	1	310600204	0	0	1				2	1
310600204	幽灵社团-专武效果-攻击力+3%	310600202					0				2	1								0	0	1				2	1
310600205	幽灵社团-专武被动1-释放41106002后，对自己挂2回合310600206	10001					0				2	1	7001	2	3	301	1	1	310600206	0	0	1				2	1
310600206	幽灵社团-专武效果-受到伤害提升-6%	310600203					0				2	1								0	0	1				2	1
310600207	幽灵社团-专武被动2-释放sp技能后，给友方全体挂2回合310600208	10001					0				2	1	1105	2	3	202	1	1	310600208	0	0	1				2	1
310600208	幽灵社团-专武效果-攻击力+6%	310600204					0				2	1								0	0	1				2	1
390401401	苍白舞者-专武被动1-释放424014后，对友方全体挂2回合390401402	10001					0				2	1	7001	2	3	202	1	1	390401402	0	0	1				2	1
390401402	苍白舞者-专武效果-穿透率+2%	390401401					0				2	1								0	0	1				2	1
390401403	苍白舞者-专武被动2-回合开始时，给圆振友方加390401404	10001					0				2	1	1102	3	3	244	1	1	390401404	0	0	1				2	1
390401404	苍白舞者-专武效果-攻击力+1.1%	390401402					0				2	1								0	0	1				2	1
390401405	苍白舞者-专武被动1-释放424014后，对自己挂2回合390401406	10001					0				2	1	7001	2	3	202	1	1	390401406	0	0	1				2	1
390401406	苍白舞者-专武效果-穿透率+4%	390401403					0				2	1								0	0	1				2	1
390401407	苍白舞者-专武被动2-回合开始时，给圆振友方加390401408	10001					0				2	1	1102	3	3	244	1	1	390401408	0	0	1				2	1
390401408	苍白舞者-专武效果-攻击力+2.2%	390401404					0				2	1								0	0	1				2	1
311300101	火树流光-专武被动1-释放41113001前，给自己挂311300102	10001					0				2	1	1008	2	3	301	1	1	311300102	0	0	1				2	1
311300102	火树流光-专武效果-造成破盾伤害+8%	311300101					0	1002	1	1	2	1								0	0	1				2	1
311300103	火树流光-专武被动2-回合开始时，给星流友方加311300104	10001					0				2	1	1102	3	3	247	1	1	311300104	0	0	1				2	1
311300104	火树流光-专武效果-基础能力+0.8%	311300102;311300103;311300104					0				2	1								0	0	1				2	1
311300105	火树流光-专武被动1-释放41113001前，给自己挂311300106	10001					0				2	1	1008	2	3	301	1	1	311300106	0	0	1				2	1
311300106	火树流光-专武效果-造成破盾伤害+16%	311300105					0	1002	1	1	2	1								0	0	1				2	1
311300107	火树流光-专武被动2-回合开始时，给星流友方加311300108	10001					0				2	1	1102	3	3	247	1	1	311300108	0	0	1				2	1
311300108	火树流光-专武效果-基础能力+1.6%	311300106;311300107;311300108					0				2	1								0	0	1				2	1
310700101	烈火战线-专武被动1-释放42107001前，给自己挂310700102	10001					0				2	1	1008	2	3	301	1	1	310700102	0	0	1				2	1
310700102	烈火战线-专武效果-造成破碎伤害+8%	310700101					0	1002	1	1	2	1								0	0	1				2	1
310700103	烈火战线-专武被动2-每次使用技能后，给自己加310700104	10001					0				2	1	1002	2	3	301	1	1	310700104	0	0	1				2	1
310700104	烈火战线-专武效果-暴击伤害+0.9%（10层）	310700102					0				2	3								0	0	1				2	1
310700105	烈火战线-专武被动1-释放42107001前，给自己挂310700106	10001					0				2	1	1008	2	3	301	1	1	310700106	0	0	1				2	1
310700106	烈火战线-专武效果-造成破碎伤害+16%	310700103					0	1002	1	1	2	1								0	0	1				2	1
310700107	烈火战线-专武被动2-每次使用技能后，给自己加310700108	10001					0				2	1	1002	2	3	301	1	1	310700108	0	0	1				2	1
310700108	烈火战线-专武效果-暴击伤害+1.8%（10层）	310700104					0				2	3								0	0	1				2	1
311500801	除障者-专武被动1-释放42115008前，对自己挂1回合311500802	10001					0				2	1	1008	2	3	301	1	1	311500802	0	0	1				2	1
311500802	除障者-专武效果-造成最终伤害+8%	311500801					0	1002	1	1	2	1								0	0	1				2	1
311500803	除障者-专武被动2-释放41115008前，对自己挂1回合311500804	10001					0				2	1	1008	2	3	301	1	1	311500804	0	0	1				2	1
311500804	除障者-专武效果-造成最终伤害+8%	311500802					0	1002	1	1	2	1								0	0	1				2	1
311500805	除障者-专武被动1-释放42115008前，对自己挂1回合311500806	10001					0				2	1	1008	2	3	301	1	1	311500806	0	0	1				2	1
311500806	除障者-专武效果-造成最终伤害+16%	311500803					0	1002	1	1	2	1								0	0	1				2	1
311500807	除障者-专武被动2-释放41115008前，对自己挂1回合311500808	10001					0				2	1	1008	2	3	301	1	1	311500808	0	0	1				2	1
311500808	除障者-专武效果-造成最终伤害+16%	311500804					0	1002	1	1	2	1								0	0	1				2	1
310701001	诡夜雾行-专武被动1-每次行动后，给自己挂310701002	10001					0				2	1	1002	2	3	301	1	1	310701002	0	0	1				2	1
310701002	诡夜雾行-专武效果-暴击率+1%	310701001					0				2	3								0	0	1				2	1
310701003	诡夜雾行-专武被动2-释放非奥义技能，非41107010前，给自己挂310701004	10001					0				2	1	9314	2	3	301	1	1	310701004	0	0	1				2	1
310701004	诡夜雾行-专武效果-造成真实伤害+8%	310701002					0	1002	1	1	2	1								0	0	1				2	1
310701005	诡夜雾行-专武被动1-每次行动后，给自己挂310701006	10001					0				2	1	1002	2	3	301	1	1	310701006	0	0	1				2	1
310701006	诡夜雾行-专武效果-暴击率+2%	310701003					0				2	3								0	0	1				2	1
310701007	诡夜雾行-专武被动2-释放非奥义技能，非41107010前，给自己挂310701008	10001					0				2	1	9314	2	3	301	1	1	310701008	0	0	1				2	1
310701008	诡夜雾行-专武效果-造成真实伤害+16%	310701004					0	1002	1	1	2	1								0	0	1				2	1
310900801	致命音符-专武被动1-释放41109008前，对自己挂1回合310900802	10001					0				2	1	1008	2	3	301	1	1	310900802	0	0	1				2	1
310900802	致命音符-专武效果-造成穿透伤害+8%	310900801					0	1002	1	1	2	1								0	0	1				2	1
310900803	致命音符-专武被动2-回合开始时，给所有三相友方挂310900804	10001					0				2	1	1102	3	3	301	1	1	310900804	0	0	1				2	1
310900804	致命音符-专武效果-攻击力+1.1%	310900802					0				2	1								0	0	1				2	1
310900805	致命音符-专武被动1-释放41109008前，对自己挂1回合310900806	10001					0				2	1	1008	2	3	301	1	1	310900806	0	0	1				2	1
310900806	致命音符-专武效果-造成穿透伤害+16%	310900803					0	1002	1	1	2	1								0	0	1				2	1
310900807	致命音符-专武被动2-回合开始时，给所有三相友方挂310900808	10001					0				2	1	1102	3	3	301	1	1	310900808	0	0	1				2	1
310900808	致命音符-专武效果-攻击力+2.2%	310900804					0				2	1								0	0	1				2	1
310500801	英雄憧憬-专武被动1-释放41105008前，对自己挂1回合310500802	10001					0				2	1	1008	2	3	301	1	1	310500802	0	0	1				2	1
310500802	英雄憧憬-专武效果-造成破裂伤害+8%	310500801					0	1002	1	1	2	1								0	0	1				2	1
310500803	英雄憧憬-专武被动2-释放42105008前，对自己挂1回合310500804	10001					0				2	1	1008	2	3	301	1	1	310500804	0	0	1				2	1
310500804	英雄憧憬-专武效果-造成最终伤害+8%	310500802					0	1002	1	1	2	1								0	0	1				2	1
310500805	英雄憧憬-专武被动1-释放41105008前，对自己挂1回合310500806	10001					0				2	1	1008	2	3	301	1	1	310500806	0	0	1				2	1
310500806	英雄憧憬-专武效果-造成破裂伤害+16%	310500803					0	1002	1	1	2	1								0	0	1				2	1
310500807	英雄憧憬-专武被动2-释放42105008前，对自己挂1回合310500808	10001					0				2	1	1008	2	3	301	1	1	310500808	0	0	1				2	1
310500808	英雄憧憬-专武效果-造成最终伤害+16%	310500804					0	1002	1	1	2	1								0	0	1				2	1
312100801	清道夫之夜-专武被动1-释放41121008前，对自己挂1回合312100802	10001					0				2	1	1008	2	3	301	1	1	312100802	0	0	1				2	1
312100802	清道夫之夜-专武效果-穿透率+8%	312100801					0	1002	1	1	2	1								0	0	1				2	1
312100803	清道夫之夜-专武被动2-释放42121008前，对自己挂1回合312100804	10001					0				2	1	1008	2	3	301	1	1	312100804	0	0	1				2	1
312100804	清道夫之夜-专武效果-造成最终伤害+8%	312100802					0	1002	1	1	2	1								0	0	1				2	1
312100805	清道夫之夜-专武被动1-释放41121008前，对自己挂1回合312100806	10001					0				2	1	1008	2	3	301	1	1	312100806	0	0	1				2	1
312100806	清道夫之夜-专武效果-穿透率+16%	312100803					0	1002	1	1	2	1								0	0	1				2	1
312100807	清道夫之夜-专武被动2-释放42121008前，对自己挂1回合312100808	10001					0				2	1	1008	2	3	301	1	1	312100808	0	0	1				2	1
312100808	清道夫之夜-专武效果-造成最终伤害+16%	312100804					0	1002	1	1	2	1								0	0	1				2	1
310300701	浮世谣-专武被动1-释放42103007前，对自己挂1回合310300702	10001					0				2	1	1008	2	3	301	1	1	310300702	0	0	1				2	1
310300702	浮世谣-专武效果-造成破盾伤害+8%	310300701					0	1002	1	1	2	1								0	0	1				2	1
310300703	浮世谣-专武被动2-回合开始时，给所有红色友方挂310300704	10001					0				2	1	1102	3	3	238	1	1	310300704	0	0	1				2	1
310300704	浮世谣-专武效果-造成间接伤害+2%	310300702					0				2	1								0	0	1				2	1
310300705	浮世谣-专武被动1-释放42103007前，对自己挂1回合310300706	10001					0				2	1	1008	2	3	301	1	1	310300706	0	0	1				2	1
310300706	浮世谣-专武效果-造成破盾伤害+16%	310300703					0	1002	1	1	2	1								0	0	1				2	1
310300707	浮世谣-专武被动2-回合开始时，给所有红色友方挂310300708	10001					0				2	1	1102	3	3	238	1	1	310300708	0	0	1				2	1
310300708	浮世谣-专武效果-造成间接伤害+4%	310300704					0				2	1								0	0	1				2	1
111300201	菡萏曲-初始被动-每损失1%生命值，穿透率增加x%，至多70%血的加成	411300201	1				0				2	1								0	0	1		61113002		2	1
111300202	菡萏曲-初始特殊被动-战斗开始时，友方存在云沛，则给自己回复2点sp	10001					0				2	1	9258	3	3	301	2	1	210010101	0	0	1				2	1
111300203	菡萏曲-1星天赋表-生命值低于50%时，暴击率提升	411300202	1				0				2	1								0	0	1				2	1
111300204	菡萏曲-4星天赋表-战斗开始时，对自己施加效果411300206；并挂buff111300205	10001					0				2	1	7322	3	3	301	2	2	411300206	0	0	1				2	1
111300205	菡萏曲-4星攻击力提升，持续3回合	411300203					1				2	1								1	1	0		100101	100101	2	1
111300206	菡萏曲-6星天赋表-技能结束时，若生命值不高于75%，获得111300208	10001					0				2	1	7243	2	3	301	1	2	111300208	0	0	1				2	1
111300207	菡萏曲-6星天赋表-技能结束时，若生命值不高于45%，获得111300209	10001					0				2	1	7243	2	3	301	1	2	111300209	0	0	1				2	1
111300208	菡萏曲-莲华，造成最终伤害提升	411300204					1				2	3								1	1	0		101201	101201	2	1
111300209	菡萏曲-莲华，受到最终伤害降低	411300205					1				2	3								1	1	0		101101	101101	2	1
111300210	菡萏曲-4星天赋表-战斗开始时，给自己挂111300211（触发时间3	10001					0				2	1	7322	3	3	301	1	3	111300211	0	0	1					1
111300211	菡萏曲-损血护盾效果	411300206					1				1	1								0	0	0		110202	110202		1
111300212	菡萏曲-预留	10001					0				2	1								1	1	0					1
111300213	菡萏曲-预留	10001					0				2	1								1	1	0					1
111300214	菡萏曲-预留	10001					0				2	1								1	1	0					1
111300215	菡萏曲-预留	10001					0				2	1								1	1	0					1
111300216	菡萏曲-预留	10001					0				2	1								1	1	0					1
111300217	菡萏曲-预留	10001					0				2	1								1	1	0					1
111300218	菡萏曲-预留	10001					0				2	1								1	1	0					1
111300219	菡萏曲-预留	10001					0				2	1								1	1	0					1
111300220	菡萏曲-预留	10001					0				2	1								1	1	0					1
111400201	并蒂莲-护盾buff	411400201					1				1	1	7438	2	3	101	2	3	411400203	0	0	0		11400202	111400202		1
111400202	并蒂莲-莲舞buff：造成伤害时，目标身上111400219层数不大于0，则附带x%并蒂莲护盾剩余量的真实伤害	10001					1				2	1	7438	2	3	101	2	3	411400203	1	1	0		11400202	111400202		1
111400203	并蒂莲-初始被动-战斗开始时，给所有蓝色友方挂111400204	10001					0				2	1	7322	3	3	240	1	2	111400204	0	0	1		61114002		2	1
111400204	并蒂莲-受到护盾提升	411400202					0				2	1								0	0	1				2	1
111400205	并蒂莲-初始特殊被动-战斗开始时，有云灿，自己回复2点sp	10001					0				2	1	9258	3	3	301	2	1	210010101	0	0	1				2	1
111400206	并蒂莲-大招-受到最终伤害降低	411400203		1		2	1				2	1								1	1	0		101101	101101		1
111400207	并蒂莲-1星效果天赋表-战斗开始时，给所有蓝色友方挂111400208	10001					0				2	1	7322	3	3	240	1	2	111400208	0	0	1				2	1
111400208	并蒂莲-1星效果-获得111400208时，给友方114002挂111400216	10001					0				2	1	7002	3	3	311	1	2	111400216	0	0	1				2	1
111400209	并蒂莲-1星实际效果-造成护盾提升，可叠加4层	411400204					0				2	3								0	0	1				2	1
111400210	并蒂莲-4星效果天赋表-回合开始时，给友方全体挂111400211	10001					0				2	1	1102	3	3	202	1	2	111400211	0	0	1				2	1
111400211	并蒂莲-4星效果-获得111400211时，若生命值低于65%，则给自己挂111400212	10001					0				2	1	7442	3	3	301	1	2	111400212	0	0	1				2	1
111400212	并蒂莲-4星实际效果-穿透率提升x%，可叠加4层	411400205					1				2	3								1	1	0		100901	100901	2	1
111400213	并蒂莲-6星效果天赋表-释放42114002时，给友方全体挂111400214	10001					0				2	1	7001	2	3	202	1	2	111400214	0	0	1				2	1
111400214	并蒂莲-6星效果-免疫一层减益效果	411400206					1	7247	1	2	2	3								1	1	0		11400203	111400203	2	1
111400215	并蒂莲-1星效果-获得111400216时，给友方114002挂111400209	10001					0				2	3	7002	3	3	301	1	2	111400209	0	0	1				2	1
111400216	并蒂莲-1星标记buff	10001					0				2	3								0	0	1				2	1
111400217	并蒂莲-回合开始时，给敌方全体挂111400218	10001					0				2	1	1102	3	3	102	1	2	111400218	0	0	1					1
111400218	并蒂莲-受到hit时，给自己挂111400219	10001					0				2	1	1004	2	3	301	1	1	111400219	0	0	1					1
111400219	并蒂莲-触发莲舞的冷却buff	10001					0	7250	1	1	2	1								0	0	1					1
111400220	并蒂莲-预留	10001					0				2	1								1	1	0					1
113800801	月胧吟-4星标记	10001					0				2	1								0	0	1				2	1
113800802	月胧吟-初始被动天赋表-每有1点sp，暴击伤害提升，随动	413800801	1				0				2	1								0	0	1		61138008		2	1
113800803	月胧吟-初始被动天赋表，sp>4，暴击率提升，随动	413800802	1				0				2	1								0	0	1				2	1
113800804	月胧吟-1星天赋表-释放41138008后，补进1张138008的1星技能2	10001					0				2	1	7001	2	3	301	2	2	413800805	0	0	1				2	1
113800805	月胧吟-4星天赋表-释放非奥义技能时，若sp>4，自身113800806不大于2，则获得113800806	10001					0				2	1	9316	2	3	301	1	2	113800806	0	0	1				2	1
113800806	月胧吟-4星效果-动态判断-获得113800806时，则获得1层113800807	10001					0	7005	1	3	2	3	7002	3	3	301	1	2	113800807	0	0	1				2	1
113800807	月胧吟-4星-绪能宝石-释放奥义技能后，回复1点sp	10001					1	1105	1	3	2	2	1105	2	3	301	2;2	1	210010101;413800806	1	1	0		13800802	113800802	2	1
113800808	月胧吟-1技能-最终伤害提升	413800806		1			1				2	3								1	1	0		101201	101201		1
113800809	月胧吟-1技能的1回合触发器，释放技能后，给友方138008挂113800810，每回合1次	10001					0				2	1	7052	3	3	312	1	2	113800810	0	0	1					1
113800810	月胧吟-工具人标记buff，1回合，2层	10001					0				2	3								0	0	1					1
113800811	月胧吟-配天赋表buff-获得113800810时，回复1点sp，每回合2次	10001					0				2	1	7002	3	3	301	2	2	210010101	0	0	1					1
113800812	月胧吟-6星效果-释放sp技能后，获得1层造成最终伤害提升x%	10001					0				2	1	1105	2	3	301	1	2	113800813	0	0	1				2	1
113800813	月胧吟-造成最终伤害提升10%，可叠加3层	413800807					1				2	3								1	1	0		101201	101201	2	1
113800814	月胧吟-奥义技能结束后，清除2层113800806	10001					0				2	1	1105	2	3	301	2	2	413800807	0	0	1				2	1
113800815	月胧吟-最终伤害提升10%	413800808					0	1002	2	2	2	3								0	0	1				2	1
113800816	月胧吟-4星天赋表-释放奥义技能前，自己的113800806>1，不>2，给自己挂113800815	10001					0				2	1	9321	2	3	301	1	1	113800815	0	0	1				2	1
113800817	月胧吟-预留	10001					0				2	1								1	1	0					1
113800818	月胧吟-预留	10001					0				2	1								1	1	0					1
113800819	月胧吟-预留	10001					0				2	1								1	1	0					1
113800820	月胧吟-预留	10001					0				2	1								1	1	0					1
1010049	【困难主线】红绿蓝属性克制伤害额外提高50%	410010151;410010152;410010153		1			0				2	1								0	0	1		300014	7100115		1
54037101	社团BOSS-游戏机-自身防御力提升2%*50层，受hit时降低1层	412010162		0			0	1004	1	2	2	3								0	0	1		300014	54037101		1
54037102	社团BOSS-游戏机-击碎被动时获得的额外伤害标记	10001		0			0	7061	1	3	2	1								0	0	1					1
54037103	社团BOSS-游戏机-击碎被动时获得的次数显示	10001		0			0				2	3								0	0	1		300014	54037103		1
54037104	社团BOSS-游戏机-战斗员额外伤害触发器	10001		0			0				2	1	9054	3	0	101	2	2	401220151	0	0	1					1
311600101	极寒朔风-专武被动1-释放41116001前，对自己挂1回合311600102	10001					0				2	1	1008	2	3	301	1	1	311600102	0	0	1				2	1
311600102	极寒朔风-专武效果-造成最终伤害+8%	311600101					0	1002	1	1	2	1								0	0	1				2	1
311600103	极寒朔风-专武被动2-标记1	10001					0				2	1								0	0	1				2	1
311600104	极寒朔风-专武效果-防御力提升4%	311600102					0				2	1								0	0	1				2	1
311600105	极寒朔风-专武被动1-释放41116001前，对自己挂1回合311600106	10001					0				2	1	1008	2	3	301	1	1	311600106	0	0	1				2	1
311600106	极寒朔风-专武效果-造成最终伤害+16%	311600103					0	1002	1	1	2	1								0	0	1				2	1
311600107	极寒朔风-专武被动2-标记2	10001					0				2	1								0	0	1				2	1
311600108	极寒朔风-专武效果-防御力提升8%	311600104					0				2	1								0	0	1				2	1
108002102	世界BOSS肖特朗-光环-攻击时造成一段额外伤害	10001					0				2	1	1001	2		101	2	2	301020151	0	0	1					1
108002103	世界BOSS肖特朗-光环描述	10001					0				2	1								0	0	1		300014	108002103		1
54037105	社团BOSS-游戏机-防御力重置触发器	412010162		0			0					3	1108	3	3	301	3	2	540372102	0	0	1					1
8100143	噩梦回响，怪物通用，消耗生命检测buff，+10%	10001		1			0			2	2	1	9317	2		301	1	2	8100147	0	0	1					1
8100144	噩梦回响，怪物通用，受到伤害检测buff，+10%	10001		1			0			2	2	1	1206	2		301	1	2	8100147	0	0	1					1
8100145	噩梦回响，怪物通用，消耗生命检测buff，+15%	10001		1			0			2	2	1	9317	2		301	1	2	8100148	0	0	1					1
8100146	噩梦回响，怪物通用，受到伤害检测buff，+15%	10001		1			0			2	2	1	1206	2		301	1	2	8100148	0	0	1					1
8100147	噩梦回响，怪物通用，造成伤害提升10%	411501152					1				2	3								1	1	0		101201	320041		1
8100148	噩梦回响，怪物通用，造成伤害提升15%	411501156					1				2	3								1	1	0		101201	320041		1
8100149	噩梦回响，怪物通用，奥义技能充满检测1	10001		1			0			2	2	1	9261	2		301	1	2	8100153	0	0	1					1
8100150	噩梦回响，怪物通用，奥义技能未充满检测1	10001		1			0			2	2	1	9322	2		301	1	2	8100154	0	0	1					1
8100151	噩梦回响，怪物通用，奥义技能充满检测2	10001		1			0			2	2	1	9261	2		301	1	2	8100155	0	0	1					1
8100152	噩梦回响，怪物通用，奥义技能未充满检测2	10001		1			0			2	2	1	9322	2		301	1	2	8100156	0	0	1					1
9100011	夜间巡逻圣物-全队攻击力提升-触发器	10001					0				2	3	1102	1	3	202	1	1	9100014	0	0	1					1
9100012	夜间巡逻圣物-全队攻击力提升-触发器	10001					0				2	3	1102	1	3	202	1	1	9100015	0	0	1					1
9100013	夜间巡逻圣物-全队攻击力提升-触发器	10001					0				2	3	1102	1	3	202	1	1	9100016	0	0	1					1
9100014	夜间巡逻圣物-全队攻击力提升	9100014					0				2	3								0	0	1					1
9100015	夜间巡逻圣物-全队攻击力提升	9100015					0				2	3								0	0	1					1
9100016	夜间巡逻圣物-全队攻击力提升	9100016					0				2	3								0	0	1					1
9100021	夜间巡逻圣物-全队防御力提升-触发器	10001					0				2	3	1102	1	3	202	1	1	9100024	0	0	1					1
9100022	夜间巡逻圣物-全队防御力提升-触发器	10001					0				2	3	1102	1	3	202	1	1	9100025	0	0	1					1
9100023	夜间巡逻圣物-全队防御力提升-触发器	10001					0				2	3	1102	1	3	202	1	1	9100026	0	0	1					1
9100024	夜间巡逻圣物-全队防御力提升	9100024					0				2	3								0	0	1					1
9100025	夜间巡逻圣物-全队防御力提升	9100025					0				2	3								0	0	1					1
9100026	夜间巡逻圣物-全队防御力提升	9100026					0				2	3								0	0	1					1
9100031	夜间巡逻圣物-全队生命值上限提升-触发器	10001					0				2	3	1102	1	3	202	1	1	9100034	0	0	1					1
9100032	夜间巡逻圣物-全队生命值上限提升-触发器	10001					0				2	3	1102	1	3	202	1	1	9100035	0	0	1					1
9100033	夜间巡逻圣物-全队生命值上限提升-触发器	10001					0				2	3	1102	1	3	202	1	1	9100036	0	0	1					1
9100034	夜间巡逻圣物-全队生命值上限提升	9100034					0				2	3								0	0	1					1
9100035	夜间巡逻圣物-全队生命值上限提升	9100035					0				2	3								0	0	1					1
9100036	夜间巡逻圣物-全队生命值上限提升	9100036					0				2	3								0	0	1					1
9100041	夜间巡逻圣物-全队穿透率提升-触发器	10001					0				2	3	1102	1	3	202	1	1	9100044	0	0	1					1
9100042	夜间巡逻圣物-全队穿透率提升-触发器	10001					0				2	3	1102	1	3	202	1	1	9100045	0	0	1					1
9100043	夜间巡逻圣物-全队穿透率提升-触发器	10001					0				2	3	1102	1	3	202	1	1	9100046	0	0	1					1
9100044	夜间巡逻圣物-全队穿透率提升	9100044					0				2	3								0	0	1					1
9100045	夜间巡逻圣物-全队穿透率提升	9100045					0				2	3								0	0	1					1
9100046	夜间巡逻圣物-全队穿透率提升	9100046					0				2	3								0	0	1					1
9100051	夜间巡逻圣物-全队暴击率提升-触发器	10001					0				2	3	1102	1	3	202	1	1	9100054	0	0	1					1
9100052	夜间巡逻圣物-全队暴击率提升-触发器	10001					0				2	3	1102	1	3	202	1	1	9100055	0	0	1					1
9100053	夜间巡逻圣物-全队暴击率提升-触发器	10001					0				2	3	1102	1	3	202	1	1	9100056	0	0	1					1
9100054	夜间巡逻圣物-全队暴击率提升	9100054					0				2	3								0	0	1					1
9100055	夜间巡逻圣物-全队暴击率提升	9100055					0				2	3								0	0	1					1
9100056	夜间巡逻圣物-全队暴击率提升	9100056					0				2	3								0	0	1					1
9100061	夜间巡逻圣物-全队暴击伤害提升-触发器	10001					0				2	3	1102	1	3	202	1	1	9100064	0	0	1					1
9100062	夜间巡逻圣物-全队暴击伤害提升-触发器	10001					0				2	3	1102	1	3	202	1	1	9100065	0	0	1					1
9100063	夜间巡逻圣物-全队暴击伤害提升-触发器	10001					0				2	3	1102	1	3	202	1	1	9100066	0	0	1					1
9100064	夜间巡逻圣物-全队暴击伤害提升	9100064					0				2	3								0	0	1					1
9100065	夜间巡逻圣物-全队暴击伤害提升	9100065					0				2	3								0	0	1					1
9100066	夜间巡逻圣物-全队暴击伤害提升	9100066					0				2	3								0	0	1					1
9100071	夜间巡逻圣物-全队暴击率抵抗、暴击伤害抵抗提升-触发器	10001					0				2	3	1102	1	3	202	1;1	1	9100074;9100077	0	0	1					1
9100072	夜间巡逻圣物-全队暴击率抵抗、暴击伤害抵抗提升-触发器	10001					0				2	3	1102	1	3	202	1;1	1	9100075;9100078	0	0	1					1
9100073	夜间巡逻圣物-全队暴击率抵抗、暴击伤害抵抗提升-触发器	10001					0				2	3	1102	1	3	202	1;1	1	9100076;9100079	0	0	1					1
9100074	夜间巡逻圣物-全队暴击率抵抗	9100074					0				2	3								0	0	1					1
9100075	夜间巡逻圣物-全队暴击率抵抗	9100075					0				2	3								0	0	1					1
9100076	夜间巡逻圣物-全队暴击率抵抗	9100076					0				2	3								0	0	1					1
9100077	夜间巡逻圣物-全队暴击伤害抵抗提升	9100077					0				2	3								0	0	1					1
9100078	夜间巡逻圣物-全队暴击伤害抵抗提升	9100078					0				2	3								0	0	1					1
9100079	夜间巡逻圣物-全队暴击伤害抵抗提升	9100079					0				2	3								0	0	1					1
9100081	夜间巡逻圣物-全队受到治疗效果提升，受到护盾提升-触发器	10001					0				2	3	1102	1	3	202	1;1	1	9100084;9100087	0	0	1					1
9100082	夜间巡逻圣物-全队受到治疗效果提升，受到护盾提升-触发器	10001					0				2	3	1102	1	3	202	1;1	1	9100085;9100088	0	0	1					1
9100083	夜间巡逻圣物-全队受到治疗效果提升，受到护盾提升-触发器	10001					0				2	3	1102	1	3	202	1;1	1	9100086;9100089	0	0	1					1
9100084	夜间巡逻圣物-全队受到治疗效果提升	9100084					0				2	3								0	0	1					1
9100085	夜间巡逻圣物-全队受到治疗效果提升	9100085					0				2	3								0	0	1					1
9100086	夜间巡逻圣物-全队受到治疗效果提升	9100086					0				2	3								0	0	1					1
9100087	夜间巡逻圣物-全队受到护盾提升。	9100087					0				2	3								0	0	1					1
9100088	夜间巡逻圣物-全队受到护盾提升。	9100088					0				2	3								0	0	1					1
9100089	夜间巡逻圣物-全队受到护盾提升。	9100089					0				2	3								0	0	1					1
9100091	夜间巡逻圣物-全队幸运值提升-触发器	10001					0				2	3	1102	1	3	202	1	1	9100094	0	0	1					1
9100092	夜间巡逻圣物-全队幸运值提升-触发器	10001					0				2	3	1102	1	3	202	1	1	9100095	0	0	1					1
9100093	夜间巡逻圣物-全队幸运值提升-触发器	10001					0				2	3	1102	1	3	202	1	1	9100096	0	0	1					1
9100094	夜间巡逻圣物-全队幸运值提升	9100094					0				2	3								0	0	1					1
9100095	夜间巡逻圣物-全队幸运值提升	9100095					0				2	3								0	0	1					1
9100096	夜间巡逻圣物-全队幸运值提升	9100096					0				2	3								0	0	1					1
9100101	夜间巡逻圣物-全队间接伤害提升-触发器	10001					0				2	3	1102	1	3	202	1	1	9100104	0	0	1					1
9100102	夜间巡逻圣物-全队间接伤害提升-触发器	10001					0				2	3	1102	1	3	202	1	1	9100105	0	0	1					1
9100103	夜间巡逻圣物-全队间接伤害提升-触发器	10001					0				2	3	1102	1	3	202	1	1	9100106	0	0	1					1
9100104	夜间巡逻圣物-全队间接伤害提升	9100104					0				2	3								0	0	1					1
9100105	夜间巡逻圣物-全队间接伤害提升	9100105					0				2	3								0	0	1					1
9100106	夜间巡逻圣物-全队间接伤害提升	9100106					0				2	3								0	0	1					1
9100111	夜间巡逻圣物-全队间接伤害减免-触发器	10001					0				2	3	1102	1	3	202	1	1	9100114	0	0	1					1
9100112	夜间巡逻圣物-全队间接伤害减免-触发器	10001					0				2	3	1102	1	3	202	1	1	9100115	0	0	1					1
9100113	夜间巡逻圣物-全队间接伤害减免-触发器	10001					0				2	3	1102	1	3	202	1	1	9100116	0	0	1					1
9100114	夜间巡逻圣物-全队间接伤害减免	9100114					0				2	3								0	0	1					1
9100115	夜间巡逻圣物-全队间接伤害减免	9100115					0				2	3								0	0	1					1
9100116	夜间巡逻圣物-全队间接伤害减免	9100116					0				2	3								0	0	1					1
9100121	夜间巡逻圣物-真实伤害提升-触发器	10001					0				2	3	1102	1	3	202	1	1	9100124	0	0	1					1
9100122	夜间巡逻圣物-真实伤害提升-触发器	10001					0				2	3	1102	1	3	202	1	1	9100125	0	0	1					1
9100123	夜间巡逻圣物-真实伤害提升-触发器	10001					0				2	3	1102	1	3	202	1	1	9100126	0	0	1					1
9100124	夜间巡逻圣物-真实伤害提升	9100124					0				2	3								0	0	1					1
9100125	夜间巡逻圣物-真实伤害提升	9100125					0				2	3								0	0	1					1
9100126	夜间巡逻圣物-真实伤害提升	9100126					0				2	3								0	0	1					1
9100131	夜间巡逻圣物-穿刺穿透伤害提升-触发器	10001					0				2	3	1102	1	3	202	1;1	1	9100137;9100134	0	0	1					1
9100132	夜间巡逻圣物-穿刺穿透伤害提升-触发器	10001					0				2	3	1102	1	3	202	1;1	1	9100138;9100135	0	0	1					1
9100133	夜间巡逻圣物-穿刺穿透伤害提升-触发器	10001					0				2	3	1102	1	3	202	1;1	1	9100139;9100136	0	0	1					1
9100134	夜间巡逻圣物-穿刺伤害提升	9100134					0				2	3								0	0	1					1
9100135	夜间巡逻圣物-穿刺伤害提升	9100135					0				2	3								0	0	1					1
9100136	夜间巡逻圣物-穿刺伤害提升	9100136					0				2	3								0	0	1					1
9100137	夜间巡逻圣物-穿透伤害提升	9100137					0				2	3								0	0	1					1
9100138	夜间巡逻圣物-穿透伤害提升	9100138					0				2	3								0	0	1					1
9100139	夜间巡逻圣物-穿透伤害提升	9100139					0				2	3								0	0	1					1
9100141	夜间巡逻圣物-破裂破灭伤害提升-触发器	10001					0				2	3	1102	1	3	202	1;1	1	9100147;9100144	0	0	1					1
9100142	夜间巡逻圣物-破裂破灭伤害提升-触发器	10001					0				2	3	1102	1	3	202	1;1	1	9100148;9100145	0	0	1					1
9100143	夜间巡逻圣物-破裂破灭伤害提升-触发器	10001					0				2	3	1102	1	3	202	1;1	1	9100149;9100146	0	0	1					1
9100144	夜间巡逻圣物-破裂伤害提升	9100144					0				2	3								0	0	1					1
9100145	夜间巡逻圣物-破裂伤害提升	9100145					0				2	3								0	0	1					1
9100146	夜间巡逻圣物-破裂伤害提升	9100146					0				2	3								0	0	1					1
9100147	夜间巡逻圣物-破灭伤害提升	9100147					0				2	3								0	0	1					1
9100148	夜间巡逻圣物-破灭伤害提升	9100148					0				2	3								0	0	1					1
9100149	夜间巡逻圣物-破灭伤害提升	9100149					0				2	3								0	0	1					1
9100151	夜间巡逻圣物-破碎伤害提升-触发器	10001					0				2	3	1102	1	3	202	1	1	9100154	0	0	1					1
9100152	夜间巡逻圣物-破碎伤害提升-触发器	10001					0				2	3	1102	1	3	202	1	1	9100155	0	0	1					1
9100153	夜间巡逻圣物-破碎伤害提升-触发器	10001					0				2	3	1102	1	3	202	1	1	9100156	0	0	1					1
9100154	夜间巡逻圣物-破碎伤害提升	9100154					0				2	3								0	0	1					1
9100155	夜间巡逻圣物-破碎伤害提升	9100155					0				2	3								0	0	1					1
9100156	夜间巡逻圣物-破碎伤害提升	9100156					0				2	3								0	0	1					1
9100161	夜间巡逻圣物-破盾伤害提升-触发器	10001					0				2	3	1102	1	3	202	1	1	9100164	0	0	1					1
9100162	夜间巡逻圣物-破盾伤害提升-触发器	10001					0				2	3	1102	1	3	202	1	1	9100165	0	0	1					1
9100163	夜间巡逻圣物-破盾伤害提升-触发器	10001					0				2	3	1102	1	3	202	1	1	9100166	0	0	1					1
9100164	夜间巡逻圣物-破盾伤害提升	9100164					0				2	3								0	0	1					1
9100165	夜间巡逻圣物-破盾伤害提升	9100165					0				2	3								0	0	1					1
9100166	夜间巡逻圣物-破盾伤害提升	9100166					0				2	3								0	0	1					1
9100171	夜间巡逻圣物-每上阵1名红色情绪武装，提升全队x%的间接伤害-给全体红色情绪加触发器	10001					0				2	3	7322	1	3	202	1	1	9100174	0	0	1					1
9100172	夜间巡逻圣物-每上阵1名红色情绪武装，提升全队x%的间接伤害-给全体红色情绪加触发器	10001					0				2	3	7322	1	3	202	1	1	9100175	0	0	1					1
9100173	夜间巡逻圣物-每上阵1名红色情绪武装，提升全队x%的间接伤害-给全体红色情绪加触发器	10001					0				2	3	7322	1	3	202	1	1	9100176	0	0	1					1
9100174	夜间巡逻圣物-每上阵1名红色情绪武装，提升全队x%的间接伤害-给全体红色情绪加触发器	9100171					0				2	3								0	0	1					1
9100175	夜间巡逻圣物-每上阵1名红色情绪武装，提升全队x%的间接伤害-给全体红色情绪加触发器	9100172					0				2	3								0	0	1					1
9100176	夜间巡逻圣物-每上阵1名红色情绪武装，提升全队x%的间接伤害-给全体红色情绪加触发器	9100173					0				2	3								0	0	1					1
9100181	夜间巡逻圣物-每上阵1名蓝色情绪武装，提升全队x%的破灭伤害-增加触发器	10001					0				2	3	7322	1	3	202	1	1	9100184	0	0	1					1
9100182	夜间巡逻圣物-每上阵1名蓝色情绪武装，提升全队x%的破灭伤害-增加触发器	10001					0				2	3	7322	1	3	202	1	1	9100185	0	0	1					1
9100183	夜间巡逻圣物-每上阵1名蓝色情绪武装，提升全队x%的破灭伤害-增加触发器	10001					0				2	3	7322	1	3	202	1	1	9100186	0	0	1					1
9100184	夜间巡逻圣物-每上阵1名蓝色情绪武装，提升全队x%的破灭伤害-增加触发器	9100181					0				2	3								0	0	1					1
9100185	夜间巡逻圣物-每上阵1名蓝色情绪武装，提升全队x%的破灭伤害-增加触发器	9100182					0				2	3								0	0	1					1
9100186	夜间巡逻圣物-每上阵1名蓝色情绪武装，提升全队x%的破灭伤害-增加触发器	9100183					0				2	3								0	0	1					1
9100191	夜间巡逻圣物-每上阵1名绿色情绪武装，降低对方防御全体防御力-加触发器	10001					0				2	3	7322	1	3	202	1	1	9100194	0	0	1					1
9100192	夜间巡逻圣物-每上阵1名绿色情绪武装，降低对方防御全体防御力-加触发器	10001					0				2	3	7322	1	3	202	1	1	9100195	0	0	1					1
9100193	夜间巡逻圣物-每上阵1名绿色情绪武装，降低对方防御全体防御力-加触发器	10001					0				2	3	7322	1	3	202	1	1	9100196	0	0	1					1
9100194	夜间巡逻圣物-每上阵1名绿色情绪武装，降低对方防御全体防御力-加触发器	9100191					0				2	3								0	0	1					1
9100195	夜间巡逻圣物-每上阵1名绿色情绪武装，降低对方防御全体防御力-加触发器	9100192					0				2	3								0	0	1					1
9100196	夜间巡逻圣物-每上阵1名绿色情绪武装，降低对方防御全体防御力-加触发器	9100193					0				2	3								0	0	1					1
9100201	夜间巡逻圣物-每上阵1名白色或黑色情绪武装，提升全队x%的最终伤害	10001					0				2	3	7322	1	3	202	1	1	9100204	0	0	1					1
9100202	夜间巡逻圣物-每上阵1名白色或黑色情绪武装，提升全队x%的最终伤害	10001					0				2	3	7322	1	3	202	1	1	9100205	0	0	1					1
9100203	夜间巡逻圣物-每上阵1名白色或黑色情绪武装，提升全队x%的最终伤害	10001					0				2	3	7322	1	3	202	1	1	9100206	0	0	1					1
9100204	夜间巡逻圣物-每上阵1名白色或黑色情绪武装，提升全队x%的最终伤害	9100201					0				2	3								0	0	1					1
9100205	夜间巡逻圣物-每上阵1名白色或黑色情绪武装，提升全队x%的最终伤害	9100202					0				2	3								0	0	1					1
9100206	夜间巡逻圣物-每上阵1名白色或黑色情绪武装，提升全队x%的最终伤害	9100203					0				2	3								0	0	1					1
9100211	夜间巡逻圣物-战斗开始时全队获得2点SP点	10001					0				2	3	7322	1	3	301	2	1	9100211	0	0	1					1
9100212	夜间巡逻圣物-技能击杀敌方时获得2点SP-触发器	10001					0				2	3	7331	3	3	301	2	1	210010102	0	0	1					1
9100213	夜间巡逻圣物-释放SP技能后获得1点SP-触发器	10001					0				2	3	9244	1	3	301	2	1	9100213	0	0	1					1
9100214	夜间巡逻圣物-技能击杀敌方时获得2点SP	10001					0				2	3	7331	1	3	301	2	1	9100212	0	0	1					1
9100215	夜间巡逻圣物-释放SP技能后获得1点SP	10001					0				2	3	9244	1	3	301	2	1	9100213	0	0	1					1
9100221	夜间巡逻圣物-我方造成伤害时有20%概率对目标施加一层毒，造成施法这攻击力30%的伤害，持续2回合。	10001					0				2	3	9409	3	3	101	1	1	9100229	0	0	1					1
9100222	夜间巡逻圣物-我方造成伤害时有20%概率对目标施加一层毒，造成施法这攻击力30%的伤害，持续2回合。	10001					0				2	3	9401	2	3	301	1	1	9100229	0	0	1					1
9100229	夜间巡逻圣物-中毒	9100229					2				2	3								1	1	0		210201	210201		1
9100231	夜间巡逻圣物-每回合开始，我方最高攻击力角色对敌方全体施加两层毒-触发器	10001					0				2	3	1102	1	3	205	1	1	9100232	0	0	1					1
9100232	夜间巡逻圣物-每回合开始，我方最高攻击力角色对敌方全体施加两层毒	10001					0				2	3	1102	1	3	102	1;1	2	9100229;9100229	0	0	1					1
9100241	夜间巡逻圣物-我方武装造成【暴烈伤害】或【破碎伤害】时，50%概率使目标获得1层毒-触发器	10001					0				2	3	1102	3	3	202	1;1	1	9100242;9100243	0	0	1					1
9100242	夜间巡逻圣物-我方武装造成【暴烈伤害】时，50%概率使目标获得1层毒-触发器	10001					0				2	3	9403	2	3	101	1	1	9100229	0	0	1					1
9100243	夜间巡逻圣物-我方武装造成【破碎伤害】时，50%概率使目标获得1层毒-触发器	10001					0				2	3	9403	2	3	101	1	1	9100229	0	0	1					1
9100251	夜间巡逻圣物-我方武装造成【穿刺伤害】或【穿透伤害】时，70%概率使目标获得1层毒-触发器	10001					0				2	3	1102	3	3	202	1;1	1	9100252;9100253	0	0	1					1
9100252	夜间巡逻圣物-我方武装造成【穿刺伤害】时，70%概率使目标获得1层毒	10001					0				2	3	9403	2	3	101	1	1	9100229	0	0	1					1
9100253	夜间巡逻圣物-我方武装造成【穿透伤害】时，70%概率使目标获得1层毒	10001					0				2	3	9403	2	3	101	1	1	9100229	0	0	1					1
9100261	夜间巡逻圣物-当目标身上叠加5层毒后，立即引爆目标身上所有的毒。-触发器	10001					0				2	3	1102	3	3	102	1	1	9100262	0	0	1					1
9100262	夜间巡逻圣物-当目标身上叠加5层毒后，立即引爆目标身上所有的毒	10001					0				2	3	7014	3	3	301	2;2	1	9100262;9100283	0	0	1					1
9100271	夜间巡逻圣物-我方造成的毒伤害提升30%-触发器	10001					0				2	3	1102	1	3	202	1	1	9100272	0	0	1					1
9100272	夜间巡逻圣物-我方造成的毒伤害提升30%	9100272					0				2	3								0	0	1					1
9100281	夜间巡逻圣物-敌方目标进入中毒状态时，使该中毒效果的回合数提升1-触发器	10001					0				2	3	7322	1	3	102	1	1	9100282	0	0	1					1
9100282	夜间巡逻圣物-敌方目标进入中毒状态时，使该中毒效果的回合数提升1	10001					0				2	3	9411	1	3	301	2	1	9100282	0	0	1					1
9100291	夜间巡逻圣物-敌方目标每获得1层毒，使其受到的伤害提升3%，最多叠加30层。-触发器	10001					0				2	3	7322	1	3	102	1	1	9100292	0	0	1					1
9100292	夜间巡逻圣物-敌方目标每获得1层毒，触发9100293	10001					0				2	3	7263	3	3	301	1	1	9100293	0	0	1					1
9100293	夜间巡逻圣物-使其受到的伤害提升3%，最多叠加30层。	9100293					0				2	3								0	0	1		210321	320019		1
9100301	夜间巡逻圣物-若目标处于中毒状态，受到的【穿透伤害】提升40%-触发器	10001					0				2	3	7322	1	3	102	1	1	9100302	0	0	1					1
9100302	夜间巡逻圣物-若目标处于中毒状态，受到的【穿透伤害】提升40%	10001					0				2	3	8018	3	3	301	1	1	9100303	0	0	1					1
9100303	夜间巡逻圣物-受到的【穿透伤害】提升40%	9100303					0	1106	999	1	2	3								0	0	1					1
9100311	夜间巡逻圣物-造成间接伤害（不包括DOT伤害）后，使自己攻击力提升x%，持续2回合-触发器	10001					0				2	3	1102	1	3	202	1	1	9100314	0	0	1					1
9100312	夜间巡逻圣物-造成间接伤害（不包括DOT伤害）后，使自己攻击力提升x%，持续2回合-触发器	10001					0				2	3	1102	1	3	202	1	1	9100315	0	0	1					1
9100313	夜间巡逻圣物-造成间接伤害（不包括DOT伤害）后，使自己攻击力提升x%，持续2回合-触发器	10001					0				2	3	1102	1	3	202	1	1	9100316	0	0	1					1
9100314	夜间巡逻圣物-造成间接伤害（不包括DOT伤害）后，触发9100313-触发器	10001					0				2	3	9403	3	3	301	1	1	9100317	0	0	1					1
9100315	夜间巡逻圣物-造成间接伤害（不包括DOT伤害）后，触发9100313-触发器	10001					0				2	3	9403	3	3	301	1	1	9100318	0	0	1					1
9100316	夜间巡逻圣物-造成间接伤害（不包括DOT伤害）后，触发9100313-触发器	10001					0				2	3	9403	3	3	301	1	1	9100319	0	0	1					1
9100317	夜间巡逻圣物-自己攻击力提升x%，持续2回合	9100317					0				2	3								0	0	1					1
9100318	夜间巡逻圣物-自己攻击力提升x%，持续2回合	9100318					0				2	3								0	0	1					1
9100319	夜间巡逻圣物-自己攻击力提升x%，持续2回合	9100319					0				2	3								0	0	1					1
9100321	夜间巡逻圣物-我方武装释放技能命中敌方目标时-增加触发器	10001					0				2	3	1102	1	3	102	1	1	9100324	0	0	1					1
9100322	夜间巡逻圣物-我方武装释放技能命中敌方目标时-增加触发器	10001					0				2	3	1102	1	3	102	1	1	9100325	0	0	1					1
9100323	夜间巡逻圣物-我方武装释放技能命中敌方目标时-增加触发器	10001					0				2	3	1102	1	3	102	1	1	9100326	0	0	1					1
9100324	夜间巡逻圣物-命中目标增加效果9100327-触发器	10001					0				2	3	9401	3	3	301	1	1	9100327	0	0	1					1
9100325	夜间巡逻圣物-命中目标增加效果9100327-触发器	10001					0				2	3	9401	3	3	301	1	1	9100328	0	0	1					1
9100326	夜间巡逻圣物-命中目标增加效果9100327-触发器	10001					0				2	3	9401	3	3	301	1	1	9100329	0	0	1					1
9100327	夜间巡逻圣物-使目标受到间接伤害提升3%，可叠加99层	9100327					0				2	3								0	0	1					1
9100328	夜间巡逻圣物-使目标受到间接伤害提升3%，可叠加99层	9100328					0				2	3								0	0	1					1
9100329	夜间巡逻圣物-使目标受到间接伤害提升3%，可叠加99层	9100329					0				2	3								0	0	1					1
9100331	夜间巡逻圣物-我方武装每损失10%的生命值提升x%的间接伤害提升-触发器	10001					0				2	3	1102	3	3	202	1	1	9100334	0	0	1					1
9100332	夜间巡逻圣物-我方武装每损失10%的生命值提升x%的间接伤害提升-触发器	10001					0				2	3	1102	3	3	202	1	1	9100335	0	0	1					1
9100333	夜间巡逻圣物-我方武装每损失10%的生命值提升x%的间接伤害提升-触发器	10001					0				2	3	1102	3	3	202	1	1	9100336	0	0	1					1
9100334	夜间巡逻圣物-每损失1%生命间接伤害提升1%	9100334					0				2	3								0	0	1					1
9100335	夜间巡逻圣物-每损失1%生命间接伤害提升1%	9100335					0				2	3								0	0	1					1
9100336	夜间巡逻圣物-每损失1%生命间接伤害提升1%	9100336					0				2	3								0	0	1					1
9100341	夜间巡逻圣物-我方武装造成【诅咒】【点燃】【余震】【流血】伤害提升30%	10001					0				2	3	1102	3	3	202	1;1	1	9100342;9100343	0	0	1					1
9100342	夜间巡逻圣物-【诅咒】伤害提升30%	9100342					0				2	3								0	0	1					1
9100343	夜间巡逻圣物-【点燃】【余震】【流血】伤害提升30%	9100343					0				2	3								0	0	1					1
9100351	夜间巡逻圣物-我方武将释放SP技能时，使全队SP技能伤害提升x%，最多叠加5层	10001					0				2	3	1102	3	3	202	1	1	9100354	0	0	1					1
9100352	夜间巡逻圣物-我方武将释放SP技能时，使全队SP技能伤害提升x%，最多叠加5层	10001					0				2	3	1102	3	3	202	1	1	9100355	0	0	1					1
9100353	夜间巡逻圣物-我方武将释放SP技能时，使全队SP技能伤害提升x%，最多叠加5层	10001					0				2	3	1102	3	3	202	1	1	9100356	0	0	1					1
9100354	夜间巡逻圣物-释放SP技能给我方提升伤害	10001					0				2	3	9244	3	3	202	1	1	9100357	0	0	1					1
9100355	夜间巡逻圣物-释放SP技能给我方提升伤害	10001					0				2	3	9244	3	3	202	1	1	9100358	0	0	1					1
9100356	夜间巡逻圣物-释放SP技能给我方提升伤害	10001					0				2	3	9244	3	3	202	1	1	9100359	0	0	1					1
9100357	夜间巡逻圣物-最终伤害提升	9100357					0				2	3								0	0	1					1
9100358	夜间巡逻圣物-最终伤害提升	9100358					0				2	3								0	0	1					1
9100359	夜间巡逻圣物-最终伤害提升	9100359					0				2	3								0	0	1					1
9100361	夜间巡逻圣物-敌方全体防御降低30%-触发器	10001					0				2	3	1102	1	3	102	1	1	9100364	0	0	1					1
9100362	夜间巡逻圣物-敌方全体防御降低30%-触发器	10001					0				2	3	1102	1	3	102	1	1	9100365	0	0	1					1
9100363	夜间巡逻圣物-敌方全体防御降低30%-触发器	10001					0				2	3	1102	1	3	102	1	1	9100366	0	0	1					1
9100364	夜间巡逻圣物-敌方全体防御降低30%	9100364					0				2	3								0	0	1					1
9100365	夜间巡逻圣物-敌方全体防御降低30%	9100365					0				2	3								0	0	1					1
9100366	夜间巡逻圣物-敌方全体防御降低30%	9100366					0				2	3								0	0	1					1
9100371	夜间巡逻圣物-当目标血量高于自身时，最终伤害提升30%-触发器	10001					0				2	3	1102	1	3	202	1	1	9100374	0	0	1					1
9100372	夜间巡逻圣物-当目标血量高于自身时，最终伤害提升30%-触发器	10001					0				2	3	1102	1	3	202	1	1	9100375	0	0	1					1
9100373	夜间巡逻圣物-当目标血量高于自身时，最终伤害提升30%-触发器	10001					0				2	3	1102	1	3	202	1	1	9100376	0	0	1					1
9100374	夜间巡逻圣物-当目标血量高于自身时，最终伤害提升30%	10001					0				2	3	9404	3	3	301	1	1	9100377	0	0	1					1
9100375	夜间巡逻圣物-当目标血量高于自身时，最终伤害提升30%	10001					0				2	3	9404	3	3	301	1	1	9100378	0	0	1					1
9100376	夜间巡逻圣物-当目标血量高于自身时，最终伤害提升30%	10001					0				2	3	9404	3	3	301	1	1	9100379	0	0	1					1
9100377	夜间巡逻圣物-最终伤害提升	9100377					0	1002	999	1	2	3								0	0	1					1
9100378	夜间巡逻圣物-最终伤害提升	9100378					0	1002	999	1	2	3								0	0	1					1
9100379	夜间巡逻圣物-最终伤害提升	9100379					0	1002	999	1	2	3								0	0	1					1
9100381	夜间巡逻圣物-当目标血量低于自身时，最终伤害提升10%-触发器	10001					0				2	3	1102	1	3	202	1	1	9100384	0	0	1					1
9100382	夜间巡逻圣物-当目标血量低于自身时，最终伤害提升10%-触发器	10001					0				2	3	1102	1	3	202	1	1	9100385	0	0	1					1
9100383	夜间巡逻圣物-当目标血量低于自身时，最终伤害提升10%-触发器	10001					0				2	3	1102	1	3	202	1	1	9100386	0	0	1					1
9100384	夜间巡逻圣物-当目标血量低于自身时，最终伤害提升10%	10001					0				2	3	9405	3	3	301	1	1	9100387	0	0	1					1
9100385	夜间巡逻圣物-当目标血量低于自身时，最终伤害提升10%	10001					0				2	3	9405	3	3	301	1	1	9100388	0	0	1					1
9100386	夜间巡逻圣物-当目标血量低于自身时，最终伤害提升10%	10001					0				2	3	9405	3	3	301	1	1	9100389	0	0	1					1
9100387	夜间巡逻圣物-最终伤害提升	9100387					0	1002	999	1	2	3								0	0	1					1
9100388	夜间巡逻圣物-最终伤害提升	9100388					0	1002	999	1	2	3								0	0	1					1
9100389	夜间巡逻圣物-最终伤害提升	9100389					0	1002	999	1	2	3								0	0	1					1
9100391	夜间巡逻圣物-造成伤害时，额外附带1段攻击力40%的纯粹伤害-触发器	10001					0				2	3	1001	1	3	101	2	1	9100394	0	0	1					1
9100392	夜间巡逻圣物-造成伤害时，额外附带1段攻击力40%的纯粹伤害-触发器	10001					0				2	3	1001	1	3	101	2	1	9100395	0	0	1					1
9100393	夜间巡逻圣物-造成伤害时，额外附带1段攻击力40%的纯粹伤害-触发器	10001					0				2	3	1001	1	3	101	2	1	9100396	0	0	1					1
9100394	夜间巡逻圣物-造成伤害时，额外附带1段攻击力40%的纯粹伤害	10001					0				2	3	1004	2	3	301	2	1	9100394	0	0	1					1
9100395	夜间巡逻圣物-造成伤害时，额外附带1段攻击力40%的纯粹伤害	10001					0				2	3	1004	2	3	301	2	1	9100395	0	0	1					1
9100396	夜间巡逻圣物-造成伤害时，额外附带1段攻击力40%的纯粹伤害	10001					0				2	3	1004	2	3	301	2	1	9100396	0	0	1					1
9100401	夜间巡逻圣物-当自身血量低于50%，攻击力提升x%-触发器	10001					0				2	3	9407	3	3	301	1	1	9100407	0	0	1					1
9100402	夜间巡逻圣物-当自身血量低于50%，攻击力提升x%-触发器	10001					0				2	3	9407	3	3	301	1	1	9100408	0	0	1					1
9100403	夜间巡逻圣物-当自身血量低于50%，攻击力提升x%-触发器	10001					0				2	3	9407	3	3	301	1	1	9100409	0	0	1					1
9100404	夜间巡逻圣物-当自身血量低于50%，攻击力提升x%	10001					0				2	3	9407	3	3	301	1	1	9100407	0	0	1					1
9100405	夜间巡逻圣物-当自身血量低于50%，攻击力提升x%	10001					0				2	3	9407	3	3	301	1	1	9100408	0	0	1					1
9100406	夜间巡逻圣物-当自身血量低于50%，攻击力提升x%	10001					0				2	3	9407	3	3	301	1	1	9100409	0	0	1					1
9100407	夜间巡逻圣物-攻击力提升	9100407					0	9406	999	1	2	3								0	0	1					1
9100408	夜间巡逻圣物-攻击力提升	9100408					0	9406	999	1	2	3								0	0	1					1
9100409	夜间巡逻圣物-攻击力提升	9100409					0	9406	999	1	2	3								0	0	1					1
9100411	夜间巡逻圣物-当自身血量高于80%，攻击力提升x%-触发器	10001					0				2	3	9406	3	3	301	1	1	9100417	0	0	1					1
9100412	夜间巡逻圣物-当自身血量高于80%，攻击力提升x%-触发器	10001					0				2	3	9406	3	3	301	1	1	9100418	0	0	1					1
9100413	夜间巡逻圣物-当自身血量高于80%，攻击力提升x%-触发器	10001					0				2	3	9406	3	3	301	1	1	9100419	0	0	1					1
9100414	夜间巡逻圣物-当自身血量高于80%，攻击力提升x%	10001					0				2	3	9406	3	3	301	1	1	9100417	0	0	1					1
9100415	夜间巡逻圣物-当自身血量高于80%，攻击力提升x%	10001					0				2	3	9406	3	3	301	1	1	9100418	0	0	1					1
9100416	夜间巡逻圣物-当自身血量高于80%，攻击力提升x%	10001					0				2	3	9406	3	3	301	1	1	9100419	0	0	1					1
9100417	夜间巡逻圣物-攻击力提升	9100417					0	9407	999	1	2	3								0	0	1					1
9100418	夜间巡逻圣物-攻击力提升	9100418					0	9407	999	1	2	3								0	0	1					1
9100419	夜间巡逻圣物-攻击力提升	9100419					0	9407	999	1	2	3								0	0	1					1
9100421	夜间巡逻圣物-每击杀1名敌方单位，提升我方全体武装x%攻击力-触发器	10001					0				2	3	1102	3	3	202	1	1	9100424	0	0	1					1
9100422	夜间巡逻圣物-每击杀1名敌方单位，提升我方全体武装x%攻击力-触发器	10001					0				2	3	1102	3	3	202	1	1	9100425	0	0	1					1
9100423	夜间巡逻圣物-每击杀1名敌方单位，提升我方全体武装x%攻击力-触发器	10001					0				2	3	1102	3	3	202	1	1	9100426	0	0	1					1
9100424	夜间巡逻圣物-每击杀1名敌方单位，触发我方全体攻击提升	10001					0				2	3	7331	3	3	202	1	1	9100427	0	0	1					1
9100425	夜间巡逻圣物-每击杀1名敌方单位，触发我方全体攻击提升	10001					0				2	3	7331	3	3	202	1	1	9100428	0	0	1					1
9100426	夜间巡逻圣物-每击杀1名敌方单位，触发我方全体攻击提升	10001					0				2	3	7331	3	3	202	1	1	9100429	0	0	1					1
9100427	夜间巡逻圣物-攻击提升	9100427					0				2	3								0	0	1					1
9100428	夜间巡逻圣物-攻击提升	9100428					0				2	3								0	0	1					1
9100429	夜间巡逻圣物-攻击提升	9100429					0				2	3								0	0	1					1
9100431	夜间巡逻圣物-释放技能时，身上SP点数大于3则最终伤害提升-触发器	10001					0				2	3	7303	3	3	301	1	1	9100437	0	0	1					1
9100432	夜间巡逻圣物-释放技能时，身上SP点数大于3则最终伤害提升-触发器	10001					0				2	3	7303	3	3	301	1	1	9100438	0	0	1					1
9100433	夜间巡逻圣物-释放技能时，身上SP点数大于3则最终伤害提升-触发器	10001					0				2	3	7303	3	3	301	1	1	9100439	0	0	1					1
9100434	夜间巡逻圣物-释放技能时，身上SP点数大于3则最终伤害提升	10001					0				2	3								0	0	1					1
9100435	夜间巡逻圣物-释放技能时，身上SP点数大于3则最终伤害提升	10001					0				2	3								0	0	1					1
9100436	夜间巡逻圣物-释放技能时，身上SP点数大于3则最终伤害提升	10001					0				2	3								0	0	1					1
9100437	夜间巡逻圣物-最终伤害提升	9100437					0	1002	999	1	2	3								0	0	1					1
9100438	夜间巡逻圣物-最终伤害提升	9100438					0	1002	999	1	2	3								0	0	1					1
9100439	夜间巡逻圣物-最终伤害提升	9100439					0	1002	999	1	2	3								0	0	1					1
9100441	夜间巡逻圣物-我方武装治疗溢出时，使溢出治疗量的10%对敌方全体造成真实伤害-触发器	10001					0				2	3	1102	1	3	202	1	1	9100444	0	0	1					1
9100442	夜间巡逻圣物-我方武装治疗溢出时，使溢出治疗量的10%对敌方全体造成真实伤害-触发器	10001					0				2	3	1102	1	3	202	1	1	9100445	0	0	1					1
9100443	夜间巡逻圣物-我方武装治疗溢出时，使溢出治疗量的10%对敌方全体造成真实伤害-触发器	10001					0				2	3	1102	1	3	202	1	1	9100446	0	0	1					1
9100444	夜间巡逻圣物-我方武装治疗溢出时，使溢出治疗量的10%对敌方全体造成真实伤害	9100444					0				2	3								0	0	1					1
9100445	夜间巡逻圣物-我方武装治疗溢出时，使溢出治疗量的10%对敌方全体造成真实伤害	9100445					0				2	3								0	0	1					1
9100446	夜间巡逻圣物-我方武装治疗溢出时，使溢出治疗量的10%对敌方全体造成真实伤害	9100446					0				2	3								0	0	1					1
9100451	夜间巡逻圣物-每次行动结束后，回复自身10%生命值-触发器	10001					0				2	3	1103	1	3	301	2	1	9100454	0	0	1					1
9100452	夜间巡逻圣物-每次行动结束后，回复自身10%生命值-触发器	10001					0				2	3	1103	1	3	301	2	1	9100455	0	0	1					1
9100453	夜间巡逻圣物-每次行动结束后，回复自身10%生命值-触发器	10001					0				2	3	1103	1	3	301	2	1	9100456	0	0	1					1
9100454	夜间巡逻圣物-每次行动结束后，回复自身10%生命值	10001					0				2	3	1006	3	3	301	2	1	9100454	0	0	1					1
9100455	夜间巡逻圣物-每次行动结束后，回复自身10%生命值	10001					0				2	3	1006	3	3	301	2	1	9100455	0	0	1					1
9100456	夜间巡逻圣物-每次行动结束后，回复自身10%生命值	10001					0				2	3	1006	3	3	301	2	1	9100456	0	0	1					1
9100461	夜间巡逻圣物-我方武装阵亡后，其余武装获得20%伤害提升-触发器	10001					0				2	3	1102	1	3	202	1	1	9100464	0	0	1					1
9100462	夜间巡逻圣物-我方武装阵亡后，其余武装获得20%伤害提升-触发器	10001					0				2	3	1102	1	3	202	1	1	9100465	0	0	1					1
9100463	夜间巡逻圣物-我方武装阵亡后，其余武装获得20%伤害提升-触发器	10001					0				2	3	1102	1	3	202	1	1	9100466	0	0	1					1
9100464	夜间巡逻圣物-我方武装阵亡后，其余武装获得20%伤害提升	10001					0				2	3	1007	1	3	202	1	1	9100467	0	0	1					1
9100465	夜间巡逻圣物-我方武装阵亡后，其余武装获得20%伤害提升	10001					0				2	3	1007	1	3	202	1	1	9100468	0	0	1					1
9100466	夜间巡逻圣物-我方武装阵亡后，其余武装获得20%伤害提升	10001					0				2	3	1007	1	3	202	1	1	9100469	0	0	1					1
9100467	夜间巡逻圣物-20%伤害提升	9100467					0				2	3								0	0	1					1
9100468	夜间巡逻圣物-20%伤害提升	9100468					0				2	3								0	0	1					1
9100469	夜间巡逻圣物-20%伤害提升	9100469					0				2	3								0	0	1					1
9100471	夜间巡逻圣物-我方武装阵亡后，其余武装获得20%受治疗量提升-触发器	10001					0				2	3	1102	1	3	202	1	1	9100474	0	0	1					1
9100472	夜间巡逻圣物-我方武装阵亡后，其余武装获得20%受治疗量提升-触发器	10001					0				2	3	1102	1	3	202	1	1	9100475	0	0	1					1
9100473	夜间巡逻圣物-我方武装阵亡后，其余武装获得20%受治疗量提升-触发器	10001					0				2	3	1102	1	3	202	1	1	9100476	0	0	1					1
9100474	夜间巡逻圣物-我方武装阵亡后，其余武装获得20%受治疗量提升	10001					0				2	3	1007	1	3	202	1	1	9100477	0	0	1					1
9100475	夜间巡逻圣物-我方武装阵亡后，其余武装获得20%受治疗量提升	10001					0				2	3	1007	1	3	202	1	1	9100478	0	0	1					1
9100476	夜间巡逻圣物-我方武装阵亡后，其余武装获得20%受治疗量提升	10001					0				2	3	1007	1	3	202	1	1	9100479	0	0	1					1
9100477	夜间巡逻圣物-20%受治疗量提升	9100477					0				2	3								0	0	1					1
9100478	夜间巡逻圣物-20%受治疗量提升	9100478					0				2	3								0	0	1					1
9100479	夜间巡逻圣物-20%受治疗量提升	9100479					0				2	3								0	0	1					1
9100481	夜间巡逻圣物-进入战斗时，我方全体获得自身生命值30%的护盾，持续3回合-触发器	10001					0				2	3	7322	1	3	202	1	1	9100484	0	0	1					1
9100482	夜间巡逻圣物-进入战斗时，我方全体获得自身生命值50%的护盾，持续3回合-触发器	10001					0				2	3	7322	1	3	202	1	1	9100485	0	0	1					1
9100483	夜间巡逻圣物-进入战斗时，我方全体获得自身生命值30%的护盾，持续3回合-触发器	10001					0				2	3	7322	1	3	202	1	1	9100486	0	0	1					1
9100484	夜间巡逻圣物-进入战斗时，我方全体获得自身生命值30%的护盾，持续3回合	10001					0				2	3	7322	1	3	301	1	2	9100487	0	0	1					1
9100485	夜间巡逻圣物-进入战斗时，我方全体获得自身生命值50%的护盾，持续3回合	10001					0				2	3	7322	1	3	301	1	2	9100488	0	0	1					1
9100486	夜间巡逻圣物-进入战斗时，我方全体获得自身生命值30%的护盾，持续3回合	10001					0				2	3	7322	1	3	301	1	2	9100489	0	0	1					1
9100487	夜间巡逻圣物-获得自身生命值30%的护盾，持续3回合	9100487					0				2	3								0	0	1		110202	110202		1
9100488	夜间巡逻圣物-获得自身生命值50%的护盾，持续3回合	9100488					0				2	3								0	0	1		110202	110202		1
9100489	夜间巡逻圣物-获得自身生命值30%的护盾，持续3回合	9100489					0				2	3								0	0	1		110202	110202		1
9100491	夜间巡逻圣物-造成治疗效果提升30%-触发器	10001					0				2	3	7322	1	3	202	1	1	9100494	0	0	1					1
9100492	夜间巡逻圣物-造成治疗效果提升30%-触发器	10001					0				2	3	7322	1	3	202	1	1	9100495	0	0	1					1
9100493	夜间巡逻圣物-造成治疗效果提升30%-触发器	10001					0				2	3	7322	1	3	202	1	1	9100496	0	0	1					1
9100494	夜间巡逻圣物-造成治疗效果提升30%	9100494					0				2	3								0	0	1					1
9100495	夜间巡逻圣物-造成治疗效果提升30%	9100495					0				2	3								0	0	1					1
9100496	夜间巡逻圣物-造成治疗效果提升30%	9100496					0				2	3								0	0	1					1
9100501	夜间巡逻圣物-我方目标造成间接伤害时，额外造成攻击力x%的真实伤害-触发器	10001					0				2	3	9403	2	3	101	2	1	9100502	0	0	1					1
9100502	夜间巡逻圣物-我方目标造成间接伤害时，额外造成攻击力x%的真实伤害	10001					0				2	3								0	0	1					1
9100511	夜间巡逻圣物-每获得一条增益效应，我方全体基础攻击力+x%	9100511					0				2	3								0	0	1					1
9100521	夜间巡逻圣物-每回合结束，治疗生命值最低友方目标30%最大生命值	10001					0				2	3	1103	1	3	230	1	1	9100522	0	0	1					1
9100522	夜间巡逻圣物-每回合结束，治疗生命值最低友方目标30%最大生命值	10001					0				2	3	1103	1	3	230	2	2	9100521	0	0	1					1
9100531	夜间巡逻圣物-战斗开始时，生命值高于90%的我方角色攻击力+25%，持续至本场战斗结束	10001					0				2	3	9410	1	3	301	1	1	9100533	0	0	1					1
9100532	夜间巡逻圣物-战斗开始时，生命值高于90%的我方角色攻击力+25%，持续至本场战斗结束	10001					0				2	3	9410	1	3	301	1	1	9100533	0	0	1					1
9100533	夜间巡逻圣物-攻击力提升	9100533					0				2	3								0	0	1					1
9100541	夜间巡逻圣物-护盾自然结束时，剩余护盾量的150%转化为对敌方全体的真实伤害	10001					0				2	3	7304	1	3	102	2	1	9100542	0	0	1					1
9100542	夜间巡逻圣物-护盾自然结束时，剩余护盾量的150%转化为对敌方全体的真实伤害	10001					0				2	3	7304	1	3	102	2	1	9100542	0	0	1					1
9100543	夜间巡逻圣物-护盾自然结束时，剩余护盾量的150%转化为对敌方全体的真实伤害	10001					0				2	3	7304	1	3	102	2	1	9100542	0	0	1					1
9100544	夜间巡逻圣物-护盾自然结束时，剩余护盾量的150%转化为对敌方全体的真实伤害	10001					0				2	3	7304	1	3	102	2	1	9100542	0	0	1					1
9100545	夜间巡逻圣物-护盾自然结束时，剩余护盾量的150%转化为对敌方全体的真实伤害	10001					0				2	3	7304	1	3	102	2	1	9100542	0	0	1					1
9100546	夜间巡逻圣物-护盾自然结束时，剩余护盾量的150%转化为对敌方全体的真实伤害	10001					0				2	3	7304	1	3	102	2	1	9100542	0	0	1					1
9100547	夜间巡逻圣物-护盾自然结束时，剩余护盾量的150%转化为对敌方全体的真实伤害	10001					0				2	3	7304	1	3	102	2	1	9100542	0	0	1					1
9100551	夜间巡逻圣物-攻击自身克制的属性时，伤害额外提升30%	10001					0				2	3	1102	1	3	202	1	1	9100552	0	0	1					1
9100552	夜间巡逻圣物-攻击自身克制的属性时，伤害额外提升30%	9100551;9100552;9100553;9100554;9100555;9100556;9100557;9100558;9100559;9100560;9100561					0				2	3								0	0	1					1
9100561	夜间巡逻圣物-若回合内未行动，随机给自身一张技能卡升一星	10001					0				2	3	7322	1	3	202	1;1	1	9100562;9100563	0	0	1					1
9100562	夜间巡逻圣物-每回合开始时加行动标记	10001					0				2	3	1102	1	3	301	1	1	9100564	0	0	1					1
9100563	夜间巡逻圣物-回合结束时，身上有行动标记的，1张技能卡升1星	10001					0				2	3	9408	1	3	301	2	1	9100563	0	0	1					1
9100564	夜间巡逻圣物-行动标记	10001					0	1002	999	1	2	3								0	0	1					1
9100571	夜间巡逻圣物-释放治疗技能时，提升目标40%的攻击力一回合	10001					0				2	3	7322	1	3	202	1	1	9100572	0	0	1					1
9100572	夜间巡逻圣物-受到治疗时，添加攻击提升BUFF	10001					0				2	3	9236	1	3	301	1	1	9100573	0	0	1					1
9100573	夜间巡逻圣物-攻击提升	9100573					0				2	3								0	0	1					1
9100581	夜间巡逻圣物-第三回合时，对敌方全体造成一次15%最大生命值的真实伤害，并眩晕目标1回合[无视免疫]	10001					0				2	3	9296	1	3	211	1	1	9100583	0	0	1					1
9100582	夜间巡逻圣物-眩晕1回合	404010151					0				2	3								0	0	1		210301	210301		1
9100583	夜间巡逻圣物-第三回合时，对敌方全体造成一次15%最大生命值的真实伤害，并眩晕目标1回合[无视免疫]	10001					0				2	3	9296	1	3	102	2;1	2	9100581;9100582	0	0	1					1
9100591	夜间巡逻圣物-战斗开始时恐惧敌方全体1回合	10001					0				2	1	7322	1		102	1		9100592	0	0	1					1
9100592	恐惧敌方全体1回合	404040151					0				2	1								0	0	1		210304	210304		1
9100601	夜间巡逻圣物-释放单体进攻技能时，攻击力提升70%但是不能获得SP;在[夜间巡逻]中触发非单体进攻技能时，可正常获得SP	10001					0				2	3	7322	3	3	202	1	1	9100602	0	0	1					1
9100602	夜间巡逻圣物-释放单体进攻技能时，攻击力提升70%但是不能获得SP;在[夜间巡逻]中触发非单体进攻技能时，可正常获得SP	10001					0				2	3	7420	3	3	301	1;1	1	9100603;9100604	0	0	1					1
9100603	夜间巡逻圣物-攻击提升	9100603					0	1002	999	1	2	3								0	0	1					1
9100604	夜间巡逻圣物-无法获得SP点	404080151					0	1002	999	1	2	3								0	0	1					1
9100611	夜间巡逻圣物-我方武将攻击造成伤害后，有50%的概率增加1层毒-触发器	10001					0				2	3	1102	1	3	102	1	1	9100612	0	0	1					1
9100612	夜间巡逻圣物-我方武将攻击造成伤害后，有50%的概率增加1层毒	10001											9401	1	3	301	1	1	9100229	0	0	1					1
9110011	夜间巡逻道具_全队基础攻击力提升25%，持续1场战斗	9110011					0				2	3								0	0	1					1
9110012	夜间巡逻道具_全队基础攻击力提升42%，持续1场战斗	9110012					0				2	3								0	0	1					1
9110021	夜间巡逻道具_全队基础防御力提升25%，持续1场战斗	9110021					0				2	3								0	0	1					1
9110022	夜间巡逻道具_全队基础防御力提升42%，持续1场战斗	9110022					0				2	3								0	0	1					1
9110031	夜间巡逻道具_全队基础生命值提升25%，持续1场战斗	9110031					0				2	3								0	0	1					1
9110032	夜间巡逻道具_全队基础生命值提升42%，持续1场战斗	9110032					0				2	3								0	0	1					1
9110041	夜间巡逻道具_全队暴击率提升25%，持续1场战斗	9110041					0				2	3								0	0	1					1
9110042	夜间巡逻道具_全队暴击率提升42%，持续1场战斗	9110042					0				2	3								0	0	1					1
9110051	夜间巡逻道具_全队暴伤值提升25%，持续1场战斗	9110051					0				2	3								0	0	1					1
9110052	夜间巡逻道具_全队暴伤值提升42%，持续1场战斗	9110052					0				2	3								0	0	1					1
9110061	夜间巡逻道具_全队暴击抗性提升25%，持续1场战斗	9110061					0				2	3								0	0	1					1
9110062	夜间巡逻道具_全队暴击抗性提升42%，持续1场战斗	9110062					0				2	3								0	0	1					1
9110071	夜间巡逻道具_全队最终伤害提升35%，持续1场战斗	9110071					0				2	3								0	0	1					1
9110072	夜间巡逻道具_全队最终伤害提升60%，持续1场战斗	9110072					0				2	3								0	0	1					1
9110081	夜间巡逻道具_全队伤害减免提升35%，持续1场战斗	9110081					0				2	3								0	0	1					1
9110082	夜间巡逻道具_全队伤害减免提升60%，持续1场战斗	9110082					0				2	3								0	0	1					1
9120011	夜间巡逻诅咒_我方全体基础攻击力降低20%	10001					0				2	3	1102	1	3	202	1	1	9120012	0	0	1					1
9120012	夜间巡逻诅咒_我方全体基础攻击力降低20%	9120012					0				2	3								0	0	1					1
9120021	夜间巡逻诅咒_我方全体防御降低20%	10001					0				2	3	1102	1	3	202	1	1	9120022	0	0	1					1
9120022	夜间巡逻诅咒_我方全体防御降低20%	9120022					0				2	3								0	0	1					1
9120031	夜间巡逻诅咒_我方全体生命值降低20%	10001					0				2	3	1102	1	3	202	1	1	9120032	0	0	1					1
9120032	夜间巡逻诅咒_我方全体生命值降低20%	9120032					0				2	3								0	0	1					1
9120041	夜间巡逻诅咒_我方全体暴击降低15%	10001					0				2	3	1102	1	3	202	1	1	9120042	0	0	1					1
9120042	夜间巡逻诅咒_我方全体暴击降低15%	9120042					0				2	3								0	0	1					1
9120051	夜间巡逻诅咒_我方全体生命恢复效果降低40%	10001					0				2	3	1102	1	3	202	1	1	9120052	0	0	1					1
9120052	夜间巡逻诅咒_我方全体生命恢复效果降低40%	9120052					0				2	3								0	0	1					1
9120061	夜间巡逻诅咒_我方全体受到护盾效果降低40%	10001					0				2	3	1102	1	3	202	1	1	9120062	0	0	1					1
9120062	夜间巡逻诅咒_我方全体受到护盾效果降低40%	9120062					0				2	3								0	0	1					1
9120071	夜间巡逻诅咒_我方全体受到最终伤害提升20%	10001					0				2	3	1102	1	3	202	1	1	9120072	0	0	1					1
9120072	夜间巡逻诅咒_我方全体受到最终伤害提升20%	9120072					0				2	3								0	0	1					1
9120081	夜间巡逻诅咒_战斗前两个回合，我方全体受到伤害提升40%	10001					0				2	3	7322	1	3	202	1	1	9120082	0	0	1					1
9120082	夜间巡逻诅咒_战斗前两个回合，我方全体受到伤害提升40%	9120082					0				2	3								0	0	1					1
7100130	【夜间巡逻副本战】【昆士区】暴击抵抗20%	418030107		0			1				2	1								0	0	1		100701	100701		1
7100131	【夜间巡逻副本战】【昆士区】忍耐率提升30%	411303152		0		 	1			 	2	1								0	0	1		101001	101001		1
7100132	【夜间巡逻副本战】【南港区】最终伤害提升20%	9100358		0			1				2	1								0	0	1		101201	101201		1
7100133	【夜间巡逻副本战】【耀州区】忍耐率提升30%	411303152		0			1				  	1								0	0	1		101001	101001		1
7100134	【夜间巡逻副本战】【旧城区】攻击时，造成毒效果	10001		0			1				2	1	8004	2		101	1	2	102121101	0	0	1		300014	7100113		1
7100135	【夜间巡逻副本战】【旧城区】【凛北区】最大生命值提升40%（说明BUFF）	10001		0			1				2	1								0	0	1		300014	7100114		1
7100136	【夜间巡逻副本战】【中心区】防御力提升40%	412010156		0			1				2	1								0	0	1		100201	100201		1
1010050	【困难主线】第一章-攻击后为目标施加1个受到伤害提升20%的减益效果	10001		1			0				2	1	1002			101	1	2	1010051	0	0	1					1
1010051	【困难主线】第一章-受到伤害提升20%，持续2回合	411502164		1			2				2	1								1	1	0		210321	210321		1
1010052	【困难主线】第五章-逆刃：当场上不存在友方单位时，无法获得增益效果，且受到伤害提升30%。	10002		1			0				2	1	9211	1		301	1	1	1010054	0	0	1		340005	320050		1
1010053	【困难主线】第五章-逆刃：当场上不存在友方单位时，清除当前所有增益	10002		1			0				2	1	9211	1		301	2	1	206020105	0	0	1					1
1010054	【困难主线】第六章-无法获得增益效果，且受到伤害提升30%。	407020156;411502152		1			2				2	1								0	0	1		210312	320015		1
1010055	【困难主线】第六章-回合开始时，驱散己方全体2层减益效果。	10001		1			0				2	1	1102			102	2	2	206030102	0	0	1					1
1010056	【困难主线】第七章-回合开始时，获得攻击力提升30%，受到暴击后消失	10001		1			0				2	1	1102			301	1	2	1010057	0	0	1		340005	320051		1
1010057	【困难主线】第七章-攻击力提升20%，持续1回合，受到暴击后消失	401102151		1			1	9320	1		2	1								1	1	0		100101	320042		1
1010058	【困难主线】第八章-每回合开始时，敌方每有一个单位，敌方全体获得1层受到伤害降低15%（包含间接伤害）的增益效果	10001		1			0				2	1	1102			202	1	2	1010059	0	0	1					1
1010059	【困难主线】第八章-受到伤害降低15%（包含间接伤害），持续1回合	411502157;412202157		1			1				2	3								0	0	1		101101	101101		1
311300201	菡萏曲-专武被动1-释放41113002前，对自己挂1回合311300202	10001					0				2	1	1008	2	3	301	1	1	311300202	0	0	1				2	1
311300202	菡萏曲-专武效果-造成技能伤害+8%	311300201					0	1002	1	1	2	1								0	0	1				2	1
311300203	菡萏曲-专武被动2-释放42113002前，对自己挂1回合311300204	10001					0				2	1	1008	2	3	301	1	1	311300204	0	0	1				2	1
311300204	菡萏曲-专武效果-造成穿刺伤害+8%	311300202					0	1002	1	1	2	1								0	0	1				2	1
311300205	菡萏曲-专武被动1-释放41113002前，对自己挂1回合311300206	10001					0				2	1	1008	2	3	301	1	1	311300206	0	0	1				2	1
311300206	菡萏曲-专武效果-造成技能伤害+16%	311300203					0	1002	1	1	2	1								0	0	1				2	1
311300207	菡萏曲-专武被动2-释放42113002前，对自己挂1回合311300208	10001					0				2	1	1008	2	3	301	1	1	311300208	0	0	1				2	1
311300208	菡萏曲-专武效果-造成穿刺伤害+16%	311300204					0	1002	1	1	2	1								0	0	1				2	1
311400201	并蒂莲-专武被动1-释放42114002前，对自己挂1回合311400202	10001					0				2	1	1008	2	3	301	1	1	311400202	0	0	1				2	1
311400202	并蒂莲-专武效果-造成护盾提升+8%	311400201					0	1002	1	1	2	1								0	0	1				2	1
311400203	并蒂莲-专武被动2-战斗开始时，给蓝色友方挂311400204	10001					0				2	1	7322	3	3	240	1	1	311400204	0	0	1				2	1
311400204	并蒂莲-专武效果-受到护盾提升+8%	311400202					0				2	1								0	0	1				2	1
311400205	并蒂莲-专武被动1-释放42114002前，对自己挂1回合311400206	10001					0				2	1	1008	2	3	301	1	1	311400206	0	0	1				2	1
311400206	并蒂莲-专武效果-造成护盾提升+16%	311400203					0	1002	1	1	2	1								0	0	1				2	1
311400207	并蒂莲-专武被动2-战斗开始时，给蓝色友方挂311400208	10001					0				2	1	7322	3	3	240	1	1	311400208	0	0	1				2	1
311400208	并蒂莲-专武效果-受到护盾提升+16%	311400204					0				2	1								0	0	1				2	1
313800801	月胧吟-专武被动1-释放42138008前，对自己挂1回合313800802	10001					0				2	1	1008	2	3	301	1	1	313800802	0	0	1				2	1
313800802	月胧吟-专武效果-造成最终伤害+8%	313800801					0	1002	1	1	2	1								0	0	1				2	1
313800803	月胧吟-专武被动2-战斗开始时，给自己挂313800804	10001					0				2	1	7322	3	3	301	1	1	313800804	0	0	1				2	1
313800804	月胧吟-专武效果-每有1点sp，暴击率提升	313800802	1				0				2	1								0	0	1				2	1
313800805	月胧吟-专武被动1-释放42138008前，对自己挂1回合313800806	10001					0				2	1	1008	2	3	301	1	1	313800806	0	0	1				2	1
313800806	月胧吟-专武效果-造成最终伤害+16%	313800803					0	1002	1	1	2	1								0	0	1				2	1
313800807	月胧吟-专武被动2-战斗开始时，给自己挂313800808	10001					0				2	1	7322	3	3	301	1	1	313800808	0	0	1				2	1
313800808	月胧吟-专武效果-每有1点sp，暴击率提升	313800804	1				0				2	1								0	0	1				2	1
1010060	定向作战—红色定向机制—触发器buff：只剩1只怪存活时，删除已有机制buff	10002		1			0				2	1	9211	1		301	3	1	1010044	0	0	1					1
1010061	定向作战—红色定向机制—2只怪存活时，敌方无法获得debuff	409020152		1			1				2	1								0	0	1		110203	110203		1
1010062	定向作战—红色定向机制—2只怪存活时，每回合获得忍耐提高20% 1层，上限5层	10001		0			0				2	1	1102			301	1	2	1010063	0	0	1					1
1010063	定向作战—红色定向机制—忍耐率提升	411303154		0			1				2	3								1	1	1		101001	101001		1
1010064	定向作战—红色定向机制—【减防】30%-不可驱散	412010154		1			2				2	1								0	0	1		210303	210303		1
1010065	定向作战—红色定向机制—【攻击力提高】30%-不可清除	401102152		1			2				2	1								0	0	1		210303	210303		1
1010066	定向作战—绿色定向机制—-每回合添加3层防甲，持续1回合。	10001		1			0			2	2	1	1102			301	1	2	1010067	0	0	1					1
1010067	定向作战—绿色定向机制—-防甲，持续1回合。	412010156		1			1			2	2	3	1004	2		301	2	2	209010154	0	0	0		100201	104022002		1
1010068	定向作战—绿色定向机制—每回合生命值百分比最低的怪物获得一回合其攻击力200%的护盾	10001		0			0				2	1	1102			130	1;1	2;2	1010069;1010070	0	0	1					1
1010069	定向作战—绿色定向机制—-200%攻击力的护盾，持续1回合。	405010153		1			1				2	1								0	0	0		100201	104022002		1
1010070	定向作战—绿色定向机制—-与队友分摊伤害，持续1回合。	406040106		1			0				2	1								0	0	1		100201	104022002		1
1010071	定向作战—蓝色定向机制—造成间接伤害提升100%	412201152		0			1				2	1								0	0	1		102001	102001		1
8100153	噩梦回响，怪物通用，造成伤害提升20%	411501158					1	9322	1		2	3								0	0	1		101201	320041		1
8100154	噩梦回响，怪物通用，造成伤害降低20%	411501159					2	9261	1		2	3								0	0	1		201201	320044		1
8100155	噩梦回响，怪物通用，造成伤害提升30%	411501160					1	9322	1		2	3								0	0	1		101201	320041		1
8100156	噩梦回响，怪物通用，造成伤害降低30%	411501161					2	9261	1		2	3								0	0	1		201201	320044		1
44022151	歼灭战，死神，受到最终伤害提升3%	411502166		0			2				2	3								1	1	0		210321	201101		1
44022152	歼灭战，死神，受到间接伤害提升3%	412202155		0			2				2	3								1	1	0		201901	201901		1
44022153	歼灭战，死神，生命上限降低5%	413020155		0			2				2	3								1	1	0		200301	200301		1
44022154	歼灭战，死神，一阶段，技能3触发器	10001		0			0				2	1	9067	3	2	101	4	2	534022002	0	0	1		300014	44022154		1
44022155	歼灭战，死神，二阶段，技能3触发器	10001		0			0				2	1	9067	3	2	101	4	2	534022003	0	0	1		300014	44022154		1
44022156	歼灭战，死神，三阶段，技能3触发器	10001		0			0				2	1	9067	3	2	101	4	2	534022004	0	0	1		300014	44022154		1
44022157	歼灭战，死神，虚弱触发器	10001		0			0				2	1	9323	3		301	1;2	2;2	44022160;210010110	0	0	1		300014	44022157		1
44022158	歼灭战，死神，小怪死亡触发器	10001		0			0				2	1	1007	3		202	1	2	44022159	0	0	1					1
44022159	歼灭战，死神，小怪死亡计数标记	10001		0			0	7002	2	2	2	3								0	0	1					1
44022160	歼灭战，死神，虚弱状态，受到穿刺伤害提升50%，受到AOE伤害提升50%	404010101;413051151		0			0				2	1	9284	2		301	1	2	44022161	0	0	1		210404;300014	44022160		1
44022161	歼灭战，死神，受到AOE伤害提升50%	411502154		0			0	9285	1	2	2	1								0	0	1					1
44022162	歼灭战，死神，受到间接伤害降低30%	412202154		0			0				2	1								0	0	1		300014	101901		1
44022163	歼灭战，小怪，受到穿刺伤害提升50%	413051151		0			0				2	1								0	0	1		202501	202501		1
48006051	春节副本-晓-忍耐叠层提升	411303158		0			1				2	3								1	1	0		101001	101001		1
48006052	春节副本-晓-防御提升	412010158		0			1				2	1								1	1	0		100201	100201		1
1010072	【食契联动机制】团子大发现-每2回合开始时，若场上单位少于5个，则召唤1只随机类型的团子-光环	10001		1			0				2	1	1102	1		123	1	1	1010079	0	0	1					1
48010051	世界BOSS-医生-暴击下降50%	416030161		0			2				2	1								0	0	1		200501	200501		1
48010052	世界BOSS-医生-暴伤下降50%	417030152		0			2				2	1								0	0	1		200601	200601		1
48010053	世界BOSS-医生-克制伤害提高30%	410010154;410010155		0			0				2	1								0	0	1		300014	48010053		1
41105051	世界BOSS-医生小怪-门-防御增加10%	412010166		0			1				2	3								1	1	0		100201	100201		1
48010054	世界BOSS-医生-玩家光环-回合开始时，自身生命值低于50%	10001		0			0				2	1	7317	3		301	1	2	48010055	0	0	1		300014	48010054		1
48010055	世界BOSS-医生-玩家光环-造成伤害提升10%	411501152		0			1	7012	5	2	2	3								0	0	1		101201	101201		1
48006053	春节副本-玩家光环技	10001		0			0				2	1	9326	3		102	2	2	401221551	0	0	1					1
44022164	歼灭战，死神，受到克制伤害提升10%	406070151		0			2				2	3								1	1	0		210321	44022164		1
44022165	歼灭战，死神，小怪触发器	10001		0			0				2	1	9299	1		264	1	2	44022166	0	0	1					1
44022166	歼灭战，死神，受到伤害降低40%	411502162		0			0				2	3								0	0	1		300014	44022166		1
113500801	心动季节-技能1-攻击力降低	413500801		1			2				2	1								1	1	0		200101	200101		1
113500802	心动季节-技能2-全体攻击力护盾	413500802					1				1	1								0	0	0		110202	110202		1
113500803	心动季节-大招【恐惧】-不升级	413500803		1		3	2				2	1								1	1	0		210304	210304		1
113500804	心动季节-被动天赋表-如果全员绿色，战斗开始给全体加113500805	10001					0				2	1	9294	3	3	202	1	1	113500805	0	0	1		61135008		2	1
113500805	心动季节-造成最终伤害提升x%	413500806					0				2	1								0	0	1	1			2	1
113500806	心动季节-1星天赋表-回合开始给全体挂113500807	10001					0				2	1	7322	3	3	202	1	1	113500807	0	0	1				2	1
113500807	心动季节-1星-护盾被打爆，回复自身x%最大生命值，给自己挂113500814	10001					0				2	1	1203	2	3	301	1	2	113500814	0	0	1				2	1
113500808	心动季节-3星天赋表，战斗开始时给绿色友方加113500809	10001					0				2	1	7322	3	3	239	1	2	113500809	0	0	1				2	1
113500809	心动季节-3星-获得护盾效果时，给自己挂113500810	10001					0				2	1	1201	3	3	301	1	2	113500810	0	0	1				2	1
113500810	心动季节-3星-攻击力提升	413500804					1				2	3								1	1	0		100101	113500801	2	1
113500811	心动季节-5星天赋表，回合开始时给敌方全体挂113500812	10001					0				2	1	1102	3	3	102	1	1	113500812	0	0	1				2	1
113500812	心动季节-5星-失去增益buff，且非正常失去时，给自己挂113500813	10001					0				2	1	9327	3	3	301	1	2	113500813	0	0	1				2	1
113500813	心动季节-5星-造成最终伤害降低	413500805					2				2	3								1	1	0		201201	201201	2	1
113500815	（红）心动季节-被动天赋表-如果全员红色，战斗开始给全体加113500805	10001					0				2	1	9294	3	3	202	1	1	113500805	0	0	1		61135008		2	1
113500816	（红）心动季节-3星天赋表，战斗开始时给红色友方加113500809	10001					0				2	1	7322	3	3	238	1	2	113500809	0	0	1				2	1
313500801	心动季节-专武被动1-释放42135008前，对自己挂1回合313500802	10001					0				2	1	1008	2	3	301	1	1	313500802	0	0	1				2	1
313500802	心动季节-专武效果-造成护盾提升+8%	313500801					0	1002	1	1	2	1								0	0	1				2	1
313500803	心动季节-专武被动2-友方全绿色，回合开始给友方全体挂313500804	10001					0				2	1	9294	3	3	202	1	1	313500804	0	0	1				2	1
313500804	心动季节-专武效果-最终伤害减免提升5%	313500802					0				2	1								0	0	1				2	1
313500805	心动季节-专武被动1-释放42135008前，对自己挂1回合313500806	10001					0				2	1	1008	2	3	301	1	1	313500806	0	0	1				2	1
313500806	心动季节-专武效果-造成护盾提升+16%	313500803					0	1002	1	1	2	1								0	0	1				2	1
313500807	心动季节-专武被动2-友方全绿色，回合开始给友方全体挂313500808	10001					0				2	1	9294	3	3	202	1	1	313500808	0	0	1				2	1
313500808	心动季节-专武效果-最终伤害减免提升10%	313500804					0				2	1								0	0	1				2	1
44022167	歼灭战，死神，回合结束时驱散自身所有	10001		0			0				2	1	1103	3		202	2	1	206030105	0	0	1		300014	44022167		1
101015052	社团BOSS-油漆狗-防御提升40%	412010156		0			1				2	2								1	1	0		100201	100201		1
101015053	社团BOSS-油漆狗-承受伤害主buff	406040153		0			0				2	1								0	0	1					1
101015054	社团BOSS-油漆狗-承受伤害副buff	10001		0			0				2	1								0	0	1		300014	101015053		1
101015055	社团BOSS-油漆狗-BOSS受到伤害降低10%触发器	10001		0			0				2	1	9299	1		264	1	2	101015056	0	0	1					1
101015056	社团BOSS-油漆狗-BOSS受到伤害降低10%	411502157		0			1				2	3								0	0	1	1	300014	101015056		1
101015057	社团BOSS-油漆狗-BOSS给小怪三维	401010951;401010952		0			0				2	2								0	0	1					1
101015058	社团BOSS-油漆狗-小怪2回合后暴毙	10001		0			0				2	1	9239	3		301	2	2	209010151	0	0	1					1
101055052	社团BOSS-失败游戏机-buff1标记	10001		0			0				2	1	9328	3		301	1	1	101055053	0	0	1					1
101055053	社团BOSS-失败游戏机-buff2标记	10001		0			0				2	1	9328	3		301	1	1	101055054	0	0	1					1
101055054	社团BOSS-失败游戏机-buff3标记	10001		0			0				2	1	9328	3		301	1	1	101055055	0	0	1					1
101055055	社团BOSS-失败游戏机-buff4标记	10001		0			0				2	1	9328	3		301	1	1	101055056	0	0	1					1
101055056	社团BOSS-失败游戏机-buff5标记	10001		0			0				2	1								0	0	1					1
101055057	社团BOSS-失败游戏机-buff1检测	10001		0			0				2	1	9329	3		301	1	3	101055062	0	0	1					1
101055058	社团BOSS-失败游戏机-buff2检测	10001		0			0				2	1	9329	3		301	1	3	101055063	0	0	1					1
101055059	社团BOSS-失败游戏机-buff3检测	10001		0			0				2	1	9329	3		301	1	3	101055064	0	0	1					1
101055060	社团BOSS-失败游戏机-buff4检测	10001		0			0				2	1	9329	3		301	1	3	101055065	0	0	1					1
101055061	社团BOSS-失败游戏机-buff5检测	10001		0			0				2	1	1104	3		301	1	3	101055066	0	0	1					1
101055062	社团BOSS-失败游戏机-buff1攻击力降低	401102161		0			2				2	3								1	1	0		200101	200101		1
101055063	社团BOSS-失败游戏机-buff2造成间接伤害降低	412201153		0			2				2	3								1	1	0		202001	202001		1
101055064	社团BOSS-失败游戏机-buff3防御力降低	412010152		0			2				2	3								1	1	0		200201	200201		1
101055065	社团BOSS-失败游戏机-buff4受到间接伤害提升	412202158		0			2				2	3								1	1	0		201901	201901		1
101055066	社团BOSS-失败游戏机-buff5受到伤害提升	411502180		0			2				2	3								1	1	0		210321	210321		1
101055067	社团BOSS-失败游戏机-上帝友方buff1标记触发器	10001		0			0				2	1	1102	3		223	1	1	101055052	0	0	1					1
101055068	社团BOSS-失败游戏机-上帝敌方buff1标记触发器	10001		0			0				2	1	1102	3		123	1	1	101055052	0	0	1					1
44022168	死神-友方死亡时清除自身一层buff	10001		0			0				2	1	9072	3		301	2	1	409040151	0	0	1					1
7100138	【夜间巡逻副本战】【全区】降低克制伤害15%	9120083;9120084;9120085		0			0				2	1								0	0	1		300014	7100137		1
8100157	噩梦回响-失去增益buff，且非正常失去时，给自己挂受到伤害提高	10001					0				2	1	9327		3	301	1	2	8100158	0	0	1					1
8100158	噩梦回响-受到最终伤害提高	411502167					2				2	3								1	1	0		341004	320036		1
8100159	噩梦回响-被施加【恐惧】时	10001					0				2	1	1201			301	1;2	2	8100160;206020105	0	0	1					1
8100160	噩梦回响-受到最终伤害提高	411502168					2				2	3								1	1	0		341004	320036		1
111042051	社团BOSS-盾鼠-受到伤害降低10%	411502157		0			1				2	3								0	0	1	1	101101	101101		1
101015059	社团BOSS-油漆狗-小怪攻击降低40%	401102162		0			2				2	2								0	0	1		200101	200101		1
113500814	心动季节-1星-敌方技能结束时，回复自身	10001					0	7250	1	3	2	1	7250	3	3	301	2	2	213500803	0	0	1				2	1
1010073	【食契联动机制】燃情：回合开始时，若场上【点燃】存在层数达到1层，则暴饮获得1层造成伤害提升10%。	10001		1			0				2	1	9331			301	1	1	1010076	0	0	1					1
1010074	【食契联动机制】燃情：回合开始时，若场上【点燃】存在层数达到4层，则暴饮获得3层造成伤害提升10%。	10001		1			0				2	1	9331			301	1	1	1010076	0	0	1					1
1010075	【食契联动机制】燃情：回合开始时，若场上【点燃】存在层数达到8层，则暴饮获得5层造成伤害提升10%。	10001		1			0				2	1	9331			301	1	1	1010076	0	0	1					1
1010076	【食契联动机制】燃情：造成伤害提升10%	411501152		0			1	9332	99	3	2	3								0	0	1		101201	101201		1
180100801	花间意-受到护盾降低x%	480100801		1			2				2	1								1	1	0		201801	201801		1
180100802	花间意-大招-受到最终伤害提升x%	480100802		1		3	2				2	1								1	1	0		201101	201101		1
180100803	花间意-被动天赋表-战斗开始时，对所有圆振友方施加180100804	10001					0				2	1	7322	3	3	244	1	2	180100804	0	0	1	1	61801008		2	1
180100804	花间意-实际被动-攻击力提升x%	480100803					0				2	1								0	0	1	1			2	1
180200801	醉红尘-强化1-伤害传递主效果	480200801					0	1002	9	1	2	1								0	0	1					1
180200802	醉红尘-强化1-伤害传递子效果	10001					0	1002	9	1	2	1								0	0	1					1
180200803	醉红尘-技能2-通缉，标记效果	10001					2				2	3								1	0	0		80200802	180200802		1
180200804	醉红尘-强化子弹	10001				3	0				2	3								0	0	1		80200801	180200801		1
180200805	醉红尘-被动天赋表-战斗开始时给红色友方挂180200806	10001					0				2	1	7322	3	3	238	1	2	180200806	0	0	1				2	1
180200806	醉红尘-获得180200806时，给友方的802008挂180200816	10001					0				2	1	7002	3	3	313	1	2	180200807	0	0	1				2	1
180200807	醉红尘-被动实际-攻击力提升	480200803					0				2	3								0	0	1				2	1
180200808	醉红尘-1星天赋表-战斗开始时，给自己挂3层180200804	10001					0				2	1	7322	3	3	301	1	2	180200804	0	0	1				2	1
180200809	醉红尘-初始配角色卡牌表-屏蔽180200811，180200812，180200813	480200804;480200805;480200806					0				2	1								0	0	1				2	1
180200810	醉红尘-4星效果天赋表-战斗开始时，给所有红色友方挂180200811，180200812	10001					0				2	1	7322	3	3	238	1;1	2	180200811;180200812	0	0	1				2	1
180200811	醉红尘-4星-释放单体进攻技能牌，且自己身上180200813层数不大于1，且自己身上没有180200809，则对目标施加1层180200803，	10001					0				2	1	9337	2	3	101	1	2	180200803	0	0	1				2	1
180200812	醉红尘-4星-释放单体进攻技能牌，且自己身上180200813层数不大于1，且自己身上没有180200809，给所有红色友方挂180200813	10001					0				2	1	9337	2	3	238	1	2	180200813	0	0	1				2	1
180200813	醉红尘-4星挂标记的冷却标记，2层，1回合	10001					0				2	3								0	0	1				2	1
180200814	醉红尘-6星天赋表-行动后，给所有携带180200803的敌方单位，造成一次伤害	10001					0				2	1	1002	3	3	147	2	2	280200808	0	0	1				2	1
180300801	清平乐-暴露2回合（唯一）	480300801		1			2				2	1								1	1	0		80300801	80300801		1
180300802	清平乐-大招系数-暴击伤害提升	480300802		1		2	1				2	1								1	1	0		100601	100601		1
180300803	清平乐-大招不升级-渐愈	480300803				3	1				2	1								1	1	0		110201	110201		1
180300804	清平乐-初始被动天赋表-战斗开始时，我方全是红色，给友方全体挂180300805	10001					0				2	1	9294	3	3	202	1	2	180300805	0	0	1		61803008		2	1
180300805	清平乐-被动-获得治疗效果时，给自己挂180300806	10001					0				2	1	9236	3	3	301	1	2	180300806	0	0	1				2	1
180300806	清平乐-造成最终伤害提升x%，最高10层	480300804					0				2	3								0	0	1				2	1
180300807	清平乐-1星天赋表-释放技能后，对生命百分比最低的1个友方单位，治疗+驱散	10001					0				2	1	1002	2	3	230	2;2	2	280300805;280300804	0	0	1				2	1
180300808	清平乐-4星天赋表-战斗开始时，对红色友方单位施加180300809	10001					0				2	1	7322	3	3	238	1	2	180300809	0	0	1				2	1
180300809	清平乐-4星效果-释放单体，攻击技能，目标携带180300801，则治疗自己	10001					0				2	1	9335	2	3	301	2	2	280300806	0	0	1				2	1
180300810	清平乐-6星天赋表-给友方全体挂180300811，180300812	10001					0				2	1	7322	3	3	202	1;1	2	180300811;180300812	0	0	1				2	1
180300811	清平乐-6星-暴击伤害提升	480300805					1				2	1								1	1	0		100601	100601		1
180300812	清平乐-6星-3回合渐愈	480300806					1				2	1								1	1	0		110201	110201		1
112700101	离梦蝶-封印	412700101					2				4	4								1	1	0		210306	210306		1
112700102	离梦蝶-大招升级-锁能1回合	412700102					2				4	4								1	1	0		210310	210310		1
112700103	离梦蝶-初始被动天赋表-战斗开始时，给友方全体挂112700104	10001					0				2	1	7322	3	3	202	1	2	112700104	0	0	1		61127001		2	1
112700104	离梦蝶-被动-释放sp技能前，给自己挂112700105	10001					0				2	1	1101	2	3	301	1	1	112700105	0	0	1				2	1
112700105	造成最终伤害提升x%	412700103					0	1002	1	1	2	1								0	0	1				2	1
112700106	离梦蝶-大招升级-锁能1回合（4星效果）	412700102					2				4	4								1	1	0		210310	210310		1
112700107	离梦蝶-1星天赋表-战斗开始时给自己加2点sp	10001					0				2	1	7322	3	3	301	2	2	210010102	0	0	1				2	1
112700108	离梦蝶-5星天赋表-5星标记	10001					0				2	1								0	0	1				2	1
112700109	离梦蝶-3星天赋表-回合开始时给敌方全体挂112700110	10001					0				2	1	1102	3	3	102	1	2	112700110	0	0	1				2	1
112700110	离梦蝶-5星-失去112700106，且不是正常失去时，给自己挂一层112700111	10001					0				2	1	9087	3	3	301	1	1	112700111	0	0	1				2	1
112700111	离梦蝶-5星-回合结束时，损失1点奥义能量（回合开始时清除）	10001					2	1103	1	3	2	1	1103	3	3	301	2	1	210010106	1	1	0		12700101	112700101	2	1
112700126	离梦蝶-恐惧	412700125					2				4	4								1	1	0		210304	210304		1
112700127	离梦蝶-1星天赋表-战斗开始时给敌方全体造成伤害降低	10001					0				2	1	7322	3	3	102	1	2	112700128	0	0	1					1
112700128	离梦蝶-1星天赋表-造成伤害降低	412700126					2				2	1								0	0	1		201201	201201		1
112700129	离梦蝶-3星天赋表-回合开始时给敌方全体挂112700130	10001					0				2	1	1102	3	3	102	1	2	112700130	0	0	1				2	1
112700130	离梦蝶-3星-失去112700106，且不是正常失去时，给自己挂一层112700111	10001					0				2	1	9562	3	3	301	1	1	112700131	0	0	1				2	1
112700131	离梦蝶-1星天赋表-梦魇-2回合	412700126					2				2	1								0	0	1		201201	112700128		1
112700132	离梦蝶-1星天赋表-获得自身时，给除自己外友方	10001					0				2	1	9299	3		251	1	2	112700106	0	0	1					1
112700133	离梦蝶-6星天赋表-标记	10001					0				2	1								0	0	1					1
112700134	离梦蝶-1星天赋表-获得自身时，给除自己外友方	10001				3	0				2	1	9299	3		251	1	2	112700135	0	0	1					1
112700135	离梦蝶-大招升级-锁能2回合（6星效果）	412700102				3	2				4	4								1	1	0		210310	210310		1
180200815	醉红尘-获得180200816时，给自己挂180200807	10001					0				2	1	7002	3	3	313	1	2	180200807	0	0	1				2	1
180200816	醉红尘-标记buff	10001					0				2	3								0	0	1				2	1
180200817	醉红尘-使用45802008时获得180200818	10001					0				2	1	7001	2		301	1	2	180200818	0	0	1				2	1
180200818	醉红尘-攻击力提升5%	480200807					0				2	3								1	1	0		100101	100101		1
380200801	醉红尘-专武被动1-释放41802008前，对自己挂1回合380200802	10001					0				2	1	1008	2	3	301	1	1	380200802	0	0	1				2	1
380200802	醉红尘-专武效果-造成护盾提升+8%	380200801					0	1002	1	1	2	1								0	0	1				2	1
380200803	醉红尘-专武被动2-战斗开始时，给所有红色友方挂380200804	10001					0				2	1	7322	3	3	238	1	2	380200804	0	0	1				2	1
380200804	醉红尘-专武效果-获得380200804时，给友方802008挂380200809	10001					0				2	1	7002	3	3	313	1	2	380200809	0	0	1				2	1
380200805	醉红尘-专武被动1-释放41802008前，对自己挂1回合380200806	10001					0				2	1	1008	2	3	301	1	1	380200806	0	0	1				2	1
380200806	醉红尘-专武效果-造成护盾提升+16%	380200803					0	1002	1	1	2	1								0	0	1				2	1
380200807	醉红尘-专武被动2-战斗开始时，给所有红色友方挂380200808	10001					0				2	1	7322	3	3	238	1	2	380200808	0	0	1				2	1
380200808	醉红尘-专武效果-获得380200808时，给友方802008挂380200810	10001					0				2	1	7002	3	3	313	1	2	380200810	0	0	1				2	1
380200809	醉红尘-专武效果-造成最终伤害提升1.5%	380200802					0				2	3								0	0	1				2	1
380200810	醉红尘-专武效果-造成最终伤害提升3%	380200804					0				2	3								0	0	1				2	1
380300801	清平乐-专武被动1-释放42803008前，对自己挂1回合380300802	10001					0				2	1	1008	2	3	301	1	1	380300802	0	0	1				2	1
380300802	清平乐-专武效果-造成治疗提升+8%	380300801					0	1002	1	1	2	1								0	0	1				2	1
380300803	清平乐-专武被动2-友方全红色，回合开始给友方全体挂380300804	10001					0				2	1	9294	3	3	202	1	1	380300804	0	0	1				2	1
380300804	清平乐-专武效果-最终伤害减免提升5%	380300802					0				2	1								0	0	1				2	1
380300805	清平乐-专武被动1-释放42803008前，对自己挂1回合380300806	10001					0				2	1	1008	2	3	301	1	1	380300806	0	0	1				2	1
380300806	清平乐-专武效果-造成治疗提升+16%	380300803					0	1002	1	1	2	1								0	0	1				2	1
380300807	清平乐-专武被动2-友方全绿色，回合开始给友方全体挂380300808	10001					0				2	1	9294	3	3	202	1	1	380300808	0	0	1				2	1
380300808	清平乐-专武效果-最终伤害减免提升10%	380300804					0				2	1								0	0	1				2	1
312700101	离梦蝶-专武被动1-释放41127001前，对自己挂1回合312700102	10001					0				2	1	1008	2	3	301	1	1	312700102	0	0	1				2	1
312700102	离梦蝶-专武效果-造成最终伤害+8%	312700101					0	1002	1	1	2	1								0	0	1				2	1
312700103	离梦蝶-专武被动2-战斗开始时，给友方全体挂312700104	10001					0				2	1	7322	3	3	202	1	1	312700104	0	0	1				2	1
312700104	离梦蝶-专武效果-释放奥义技能前给自己挂312700109	10001					0				2	1	1101	2	3	301	1	1	312700109	0	0	1				2	1
312700105	离梦蝶-专武被动1-释放41127001前，对自己挂1回合312700106	10001					0				2	1	1008	2	3	301	1	1	312700106	0	0	1				2	1
312700106	离梦蝶-专武效果-造成最终伤害+16%	312700103					0	1002	1	1	2	1								0	0	1				2	1
312700107	离梦蝶-专武被动2-战斗开始时，给友方全体挂312700108	10001					0				2	1	7322	3	3	202	1	1	312700108	0	0	1				2	1
312700108	离梦蝶-专武效果-释放奥义技能前给自己挂312700110	10001					0				2	1	1101	2	3	301	1	1	312700110	0	0	1				2	1
312700109	醉红尘-专武效果-造成最终伤害提升5%	312700102					0	1002	1	1	2	1								0	0	1				2	1
312700110	醉红尘-专武效果-造成最终伤害提升10%	312700104					0	1002	1	1	2	1								0	0	1				2	1
8100161	噩梦回响-敌方单位受到【破碎伤害】提升15%，若处于【暴露】状态则额外提升15%	813071152		0			2				3	1	7002			301	1	2	8100162	0	0	1		202701	320045		1
8100162	噩梦回响-受到【破碎伤害】提升15%	813071152		0			2	7005	1		2	1								0	0	1		202701	320045		1
8100163	噩梦回响-当敌方单位被技能扣除奥义能量时，获得一层受到伤害提升10%，上限5层	10001					0				2	1	9338			301	1	2	8100164	0	0	1					1
8100164	噩梦回响-受到最终伤害提高	411502180					2				2	3								1	1	0		341004	320036		1
1010077	【食契联动机制】红尘追凶：每回合开始时为敌方全体施加1层【通缉】	10001					0				2	1	1102	3		102	1	1	180200803	0	0	1					1
180300813	清平乐-被动占位符用	480300807					0				2	1								0	0	1				2	1
7100500	【魔窟】暴击抵抗100%	418030152		1			0			2	2	1						2		0	1	0		100701	100701		1
7100501	【魔窟】忍耐提升50%	411303157		1			0			2	2	1						2		0	1	0		101001	101001		1
7100502	【魔窟】防御力提升100%	412010160		1			0			2	2	1						2		0	1	0		100201	100201		1
7100503	【魔窟】间接伤害降低70%	412202151		1			0			2	2	1						2		0	1	0		101901	101901		1
7100504	【魔窟】暴击率提升30%	416030155		1			0			2	2	1						2		0	1	0		100501	100501		1
7100505	【魔窟】穿透率提升50%	411203156		1			0			2	2	1						2		0	1	0		100901	100901		1
7100506	【魔窟】免疫debuff效果	407020154		1			0			2	2	1						2		0	1	0		110203	110203		1
7100507	【魔窟】免疫控制效果	407020151		1			0			2	2	1						2		0	1	0		110204	110204		1
7100508	【魔窟】免疫SP影响	407020152		1			0			2	2	1						2		0	1	0		110214	110214		1
7100509	【魔窟】红色敌人-特殊dot效果，无法清除	402121111		1			0			2	2	3						2		0	1	0		210201	210201		1
7100510	【魔窟】降低敌方受到治疗效果100%	411602157		1			0			2	2	1						2		0	1	0		201401	201401		1
7100511	【魔窟】禁止受到增益效果	404030151		1			0			2	2	1						2		0	1	0		210312	210312		1
1010078	【食契联动机制】歼灭战，暴饮，受到间接伤害降低30%	412202154		0			0				2	1								0	0	1		300014	101901		1
7100512	【魔窟】降低敌方受到的护盾效果100%	411602158		1			0			2	2	1						2		0	1	0		201801	201801		1
7100513	【魔窟】吸血300%	411701154		1			0			2	2	1						2		0	1	0		101501	101501		1
1010079	【食契联动机制】团子大发现-每2回合开始时，若场上单位少于5个，则召唤1只随机类型的团子-光环	10001		1			0				2	1	9299			301	3	1	1010049	0	0	1					1
7100514	【魔窟】贩卖机-技能B-较高300%护盾	405010156		0			1			2	1	1						2		0	0	0		110202	110202		1
1010080	【食契联动机制】受到群体伤害降低60%	10001		0			0	2019	1	2	2	1	9284	2		301	1	2	1010081	0	0	1					1
1010081	【食契联动机制】受到群体伤害降低60%-子buff	411502161		0			0	9285	1	2	2	1								0	0	1					1
104020050	杰克皇-技能2-攻击提升30%	401102152		1			1			2	2	1								1	1	0		110210	110101		1
113600801	指尖芳菲-1技能花枝-触发器-被hit时，如果技能暴击，给自己挂113600802	10001					2				2	1	9342	2	3	301	1	1	113600813	1	1	0		13600802	113600802		1
113600802	指尖芳菲-1技能-受到最终伤害提升x%，3回合，可叠加y层	413600801		1			2				2	3								1	1	0		13600805	201101		1
113600803	指尖芳菲-2技能-buff2：暴击率提升	413600802		1			1				2	1								1	1	0		13600803	113600803		1
113600804	指尖芳菲-大招-绽放：受到攻击技能后，若生命值低于x%，则回复y%最大生命值，1回合n次	10001				3	1				2	1	9343	3	3	301	2	2	213600803	1	1	0		13600801	113600801		1
113600805	指尖芳菲-初始被动天赋表-战斗开始时，给所有红色友方挂113600806	10001					0				2	1	7322	3	3	238	1	2	113600806	0	0	1	1	61136008		2	1
113600806	指尖芳菲-攻击力提升x%	413600804					0				2	1								0	0	1	1			2	1
113600807	指尖芳菲-1星天赋表，战斗开始时，给攻击力最高的友方单位挂113600803	10001					0				2	1	7322	3	3	205	1	3	113600803	0	0	1	1			2	1
113600808	指尖芳菲-3星天赋表-大招切换标记	10001					0				2	1								0	0	1	1			2	1
113600809	指尖芳菲-5星天赋表-战斗开始时，给友方全体挂113600810	10001					0				2	1	1102	3	3	202	1	1	113600810	0	0	1	1			2	1
113600810	指尖芳菲-获得113600803时，给自己挂113600812	10001					0				2	1	7002	2	3	301	1	1	113600812	0	0	1	1			2	1
313600801	指尖芳菲-专武被动1-专武标记被动	10001					0				2	1								0	0	1				2	1
313600802	指尖芳菲-专武效果-暴击率+3%	313600801					0				2	1								0	0	1				2	1
313600803	指尖芳菲-专武被动2-战斗开始开始给红色友方挂313600804	10001					0				2	1	9294	3	3	202	1	1	313600804	0	0	1				2	1
313600804	指尖芳菲-专武效果-最终伤害减免提升5%	313600802					0				2	1								0	0	1				2	1
313600805	指尖芳菲-专武被动1-专武标记被动	10001					0				2	1								0	0	1				2	1
313600806	指尖芳菲-专武效果-暴击率+6%	313600803					0				2	1								0	0	1				2	1
313600807	指尖芳菲-专武被动2-战斗开始开始给红色友方挂313600808	10001					0				2	1	9294	3	3	202	1	1	313600808	0	0	1				2	1
313600808	指尖芳菲-专武效果-最终伤害减免提升10%	313600804					0				2	1								0	0	1				2	1
113600811	指尖芳菲-3星大招-绽放：受到攻击技能后，若生命值低于x%，则回复y%最大生命值，1回合n次	10001				3	1				2	1	9343	3	3	301	2	2	213600804	1	1	0		13600804	113600804		1
113600812	指尖芳菲-5星实际效果-暴击伤害提升	413600803					1	7005	1	1	2	1								0	0	1		13600803	113600805	2	1
8100165	噩梦回响-我方单位暴击率大于50%/80%时，造成伤害提升15%/30%	10001					0				2	1	9344			301	1	2	8100167	0	0	1					1
8100166	噩梦回响-我方单位暴击率大于50%/80%时，造成伤害提升15%/30%	10001					0				2	1	9344			301	1	2	8100167	0	0	1					1
8100167	噩梦回响-造成伤害提升15%	411501156					1	1002	2		2	3								0	0	1		101201	320041		1
8100168	噩梦回响-敌方单位处于【封印】状态时，受到伤害提升30%	10001					0				2	1	1201			301	1	2	8100169	0	0	1					1
8100169	噩梦回响-受到最终伤害提高30%	411502169					2	3005	1		2	1								1	1	0		341004	320036		1
113600813	指尖芳菲-花枝触发生效-对方攻击技能结束时，若自己身上113600816层数不大于1，则给自己挂113600802	10001					0	7250	1	2	2	1	9346	3	3	301	1	1	113600802	0	0	1					1
113600814	指尖芳菲-每回合开始时，给敌方全体挂113600815	10001					0				2	1	1102	3	3	102	1	2	113600815	0	0	1					1
113600815	指尖芳菲-每次获得113600802时，给自己挂113600816	10001					0				2	1	7002	3	3	301	1	2	113600816	0	0	1					1
113600816	指尖芳菲-标记buff，持续1回合，最多2层	10001					0				2	3								0	0	1					1
113600817	指尖芳菲-1星天赋表(5星后）战斗开始时，给攻击力最高的友方单位挂113600803	10001					0				2	1	7322	3	3	205	1;1	3	113600803;113600812	0	0	1				2	1
7100515	【魔窟】攻击相关能力提升30%	7100101;7100102;7100103;7100104					1			2	2	1						2		0	0	1		110101	110101		1
8100170	噩梦回响-敌方单位受到【破灭伤害】提升15%，若处于【易伤】状态则额外提升15%	813111151		0			2				2	1	7002			301	1	2	8100171	0	0	1		203101	320048		1
8100171	噩梦回响-受到【破灭伤害】提升15%	813111151		0			2	7005	1		2	1								0	0	1		203101	320048		1
1010082	【困难主线】新第五章-受到护盾和治疗提升50%	412102152;411602109		1			1				2	1								0	0	1		101401	320049		1
58006108	社团BOSS_巨大莫布-破盾检测器	10001					0				2	1	1203	3		301	1	2	58006109	0	0	1					1
58006109	社团BOSS_巨大莫布-破盾标记	10001					0				2	1								0	0	1					1
7100516	【竹林】提升友方全体攻击力30%	401102152					1			2	2	1						2		0	0	1		100101	100101		1
7100517	【竹林】提升友方受到护盾效果100%	412101153					1			2	2	1						2		0	0	1		101701	101701		1
7100518	【竹林】提升友方全体暴击率30%	416030155					1			2	2	1						2		0	0	1		100501	100501		1
7100519	【竹林】每击杀一个目标恢复1点SP	10001					1			2	2	1	9086			301	2	2	210010101	0	0	1		300014	7100519		1
110300901	幽篁月韵-烈风-受到护盾降低，受到进攻技能牌后清除；受到单体进攻技能牌攻击时，给敌方幽篁月韵挂110300902	410300901					2	9351	1	3	2	1	9351	2	3	315	1;1	1	110300902;110300902	1	1	0		10300902	110300901		1
110300902	幽篁月韵-烈风追击标记，1层，持续1回合	10001					0	1002	1	2	2	3								0	0	1					1
110300903	幽篁月韵-初始被动天赋表-战斗开始时给绿色友方挂110300904	10001					0				2	1	7322	3	3	239	1	2	110300904	0	0	1		61103009		2	1
110300904	幽篁月韵-获得自己时，给友方103009挂110300908	10001					0				2	1	9299	3	3	314	1	2	110300905	0	0	1				2	1
110300905	幽篁月韵-初始被动-攻击力提升，上限4层	410300902					0				2	3								0	0	1				2	1
110300906	幽篁月韵-初始天赋表0星1级，4星2级-烈风追击触发器，获得110300902时，释放一张72103009，一回合1次	10001					0				2	1	7002	3	3	102	4	2	72103009	0	0	1					1
110300907	幽篁月韵-初始被动天赋表-获得110300908时，给自己挂110300905	10001					0				2	1	7002	3	3	301	1	2	110300905	0	0	1				2	1
110300908	幽篁月韵-被动叠层标记	10001					0				2	1								0	0	1				2	1
110300909	幽篁月韵-1星效果天赋表-战斗开始时，给对方攻击力最高的目标挂110300901	10001					0				2	1	7322	3	3	347	1	2	110300901	0	0	1				2	1
110300910	幽篁月韵-4星效果天赋表-标记，暂无用	10001					0				2	1								0	0	1				2	1
110300911	幽篁月韵-6星效果天赋表；首回合开始时，在别人释放技能前，释放72103009	10001					0				2	1	1107	3	3	102	4	1	72103009	0	0	1				2	1
101001699	武装体验+70%暴击率	310100169					0				2	1								0	0	1					1
110401601	灵棰惊竹-2技能-受到最终伤害降低	410401601					1				2	1								1	0	0		101101	101101		1
110401602	灵棰惊竹-2技能-竹影（隐身3回合）；释放非41104016的技能后，清除	410401602			1		1	7047	1	2	2	1	1103	3	3	301	2;1	1	210010101;110401603	1	0	0		10401601;10401602	110401602		1
110401603	灵棰惊竹-2技能-竹影强袭，暴击率提升25%	410401603					1	8005	3	1	2	3								1	0	0		100501	110401601		1
110401604	灵棰惊竹-初始被动天赋表-战斗开始时，如果全是绿色，给自己挂110401605	10001					0				2	1	9294	3	3	301	1	2	110401605	0	0	1		61104016		2	1
110401605	灵棰惊竹-被动-暴击伤害提升	410401604					0				2	1								0	0	1				2	1
110401606	灵棰惊竹-1星天赋表-释放进攻技能，目标生命值低于x%，给自己挂110401607	10001					0				2	1	9350	2	3	301	1	2	110401607	0	0	1				2	1
110401607	灵棰惊竹-1星效果-造成最终伤害提升20%，释放技能后清除	410401605					0	1002	1	2	2	1								0	0	1				2	1
110401608	灵棰惊竹-4星天赋表-进攻技能击杀目标后，释放4星版本2星1技能	10001					0				2	1	3017	3	3	130	4	2	74104016	0	0	1				2	1
110401609	灵棰惊竹-6星天赋表-存在竹影时，溢出暴击率转化2暴击伤害	410401606					0				2	1								0	0	1				2	1
110401610	灵棰惊竹-6星天赋表-每次释放42104016，获得1层110401603	10001					0				2	1	7001	2	3	301	1	2	110401603	0	0	1				2	1
110401611	灵棰惊竹-6星天赋表-战斗开始时获得1点sp	10001					0				2	1	7322	3	3	301	2	2	210010101	0	0	1				2	1
110401612	灵棰惊竹-1星天赋表-进攻技能击杀目标后，释放1星版本2星1技能	10001					0				2	1	3017	3	3	130	4	2	71104016	0	0	1				2	1
7100520	【竹林】狗子2技能受到伤害降低70%	411502156					1			1	2	1								0	0	1		101101	101101		1
110201201	山明箬影-1技能-生命值护盾，生命相关能力提升x%	410201201					1				1	1								0	0	0		10201203	110201201		1
110201202	山明箬影-被动天赋表-战斗开始时，给所有绿色友方挂110201203	10001					0				2	1	7322	3	3	239	1	2	110201203	0	0	1		61102012		2	1
110201203	山明箬影-被动-忍耐率提升	410201207					0				2	1								0	0	1				2	1
110201204	山明箬影-3星天赋表-战斗开始时挂110201205	10001					0				2	1	7322	3	3	301	1	2	110201205	0	0	1				2	1
110201205	山明箬影-3星-生命值提升15%	410201208					0				2	1								0	0	1				2	1
110201206	山明箬影-5星天赋表-战斗开始时挂110201205	10001					0				2	1	7322	3	3	301	1	2	110201207	0	0	1				2	1
110201207	山明箬影-5星-生命值提升15%，造成护盾提升11%	410201209;410201210					0				2	1								0	0	1				2	1
110201208	山明箬影-1技能-生命相关能力提升x%，110201201存在时生效	410201202;410201203;410201204;410201205;410201206	1				0				2	1								0	0	1				2	1
310300901	幽篁月韵-专武被动1-释放42103009前，给自己挂310300902	10001					0				2	1	1008	2	3	301	1	1	310300902	0	0	1				2	1
310300902	幽篁月韵-专武效果-造成湮灭伤害提升+8%	310300901					0	1002	1	2	2	1								0	0	1				2	1
310300903	幽篁月韵-专武被动2-战斗开始时，友方全是绿色，给自己挂310300904	10001					0				2	1	9294	3	3	301	1	2	310300904	0	0	1				2	1
310300904	幽篁月韵-专武效果-暴击伤害+12%	310300902					0				2	1								0	0	1				2	1
310300905	幽篁月韵-专武被动1-释放42103009前，给自己挂310300906	10001					0				2	1	1008	2	3	301	1	1	310300906	0	0	1				2	1
310300906	幽篁月韵-专武效果-造成湮灭伤害提升+16%	310300903					0	1002	1	2	2	1								0	0	1				2	1
310300907	幽篁月韵-专武被动2-战斗开始时，友方全是绿色，给自己挂310300908	10001					0				2	1	9294	3	3	301	1	2	310300908	0	0	1				2	1
310300908	幽篁月韵-专武效果-暴击伤害+24%	310300904					0				2	1								0	0	1				2	1
310401601	灵棰惊竹-专武被动1-释放41104016前，给自己挂310401602	10001					0				2	1	1008	2	3	301	1	1	310401602	0	0	1				2	1
310401602	灵棰惊竹-专武效果-造成最终伤害提升+8%	310401601					0	1002	1	2	2	1								0	0	1				2	1
310401603	灵棰惊竹-专武被动2-战斗开始时，友方全是绿色，给自己挂310401604	10001					0				2	1	9294	3	3	301	1	2	310401604	0	0	1				2	1
310401604	灵棰惊竹-专武效果-攻击力+6%	310401602					0				2	1								0	0	1				2	1
310401605	灵棰惊竹-专武被动1-释放41104016前，给自己挂310401606	10001					0				2	1	1008	2	3	301	1	1	310401606	0	0	1				2	1
310401606	灵棰惊竹-专武效果-造成最终伤害提升+16%	310401603					0	1002	1	2	2	1								0	0	1				2	1
310401607	灵棰惊竹-专武被动2-战斗开始时，友方全是绿色，给自己挂310401608	10001					0				2	1	9294	3	3	301	1	2	310401608	0	0	1				2	1
310401608	灵棰惊竹-专武效果-攻击力+12%	310401604					0				2	1								0	0	1				2	1
310401609	灵棰惊竹-专武被动1-释放44104016前，给自己挂310401602	10001					0				2	1	1008	2	3	301	1	1	310401602	0	0	1				2	1
310401610	灵棰惊竹-专武被动1-释放44104016前，给自己挂310401606	10001					0				2	1	1008	2	3	301	1	1	310401606	0	0	1				2	1
310101801	茂林余音-专武被动1-释放41101018前，给自己挂310101802	10001					0				2	1	1008	2	3	301	1	1	310101802	0	0	1				2	1
310101802	茂林余音-专武效果-造成最终伤害提升+8%	310101801					0	1002	1	2	2	1								0	0	1				2	1
310101803	茂林余音-专武被动2-战斗开始时，给绿色友方挂310101804	10001					0				2	1	7322	3	3	239	1	2	310101804	0	0	1				2	1
310101804	茂林余音-专武效果-忍耐率+5%	310101802					0				2	1								0	0	1				2	1
310101805	茂林余音-专武被动1-释放41101018前，给自己挂310101806	10001					0				2	1	1008	2	3	301	1	1	310101806	0	0	1				2	1
310101806	茂林余音-专武效果-造成最终伤害提升+16%	310101803					0	1002	1	2	2	1								0	0	1				2	1
310101807	茂林余音-专武被动2-战斗开始时，给绿色友方挂310101808	10001					0				2	1	7322	3	3	239	1	2	310101808	0	0	1				2	1
310101808	茂林余音-专武效果-忍耐率+10%	310101804					0				2	1								0	0	1				2	1
110101801	茂林余音-1技能-群体伤害扩散，主/子效果相同，受到1个技能后清除	410101801					2	9354	1	2	2	1								1	1	0		210403	110101807		1
110101802	茂林余音-2技能-一个技能内受到伤害最多为x%最大生命值	410101802					1	9357	1	3	2	1								1	1	0		10101803	110101803		1
110101803	茂林余音-2技能-锁血特效触发标记	10001					0	1004	1	2	2	1								1	1	0		10101807			1
110101804	茂林余音-sp-按施法者暴击率的30%提升暴击率	410101803		1		3	1				2	1								1	1	0		10101804	110101804		1
110101805	茂林余音-sp-按施法者攻击力的15%攻击力	410101804		1		3	1				2	1								1	1	0		10101805	110101805		1
110101806	茂林余音-被动天赋表-战斗开始时，给绿色友方挂110101807	10001					0				2	1	7322	3	3	239	1	2	110101807	0	0	1		61101018		2	1
110101807	茂林余音-被动-释放进攻技能时，若自身生命高于目标，则获得110101808	10001					0				2	1	9355	2	3	301	1	1	110101808	0	0	1				2	1
110101808	茂林余音-被动-最终伤害提升，释放技能后结束	410101805					0	1002	1	1	2	1								0	0	1				2	1
110101809	茂林余音-1星天赋表-战斗开始时，给攻击力最高的友方挂110101810（触发顺序最后）	10001					0				2	1	7322	3	3	205	1	3	110101810	0	0	1				2	1
110101810	茂林余音-1星治疗标记	10001					0				2	1								0	0	1				2	1
110101811	茂林余音-1星天赋表-每次行动后，如果自己身上有110101812，则按x%攻击力治疗携带110101810的友方。	10001					0				2	1	7318	2	3	148	2	2	210101804	0	0	1				2	1
110101812	茂林余音-1星天赋表-战斗开始时，给自己挂6层110101818	10001					0				2	3	7322	3	3	301	1	2	110101818	0	0	1				2	1
110101813	茂林余音-1星天赋表-暂时废弃，无用	10001					0				2	1								0	0	1				2	1
110101814	茂林余音-3星天赋表-战斗开始时，给友方全体挂110101815	10001					0				2	1	7322	3	3	202	1	2	110101815	0	0	1				2	1
110101815	茂林余音-3星效果-受到治疗效果时，若生命值高于x%，自身没有110101819，则给自己挂110101816	10001					0				2	1	9358	2	3	301	1	2	110101816	0	0	1				2	1
110101816	茂林余音-3星效果-暴击伤害提升，释放技能后清除	410101806					1	1002	1	2	2	1								1	1	0		10101806	110101806	2	1
110101817	茂林余音-5星天赋表-敌方角色死亡时，给绿色友方回复1点奥义能量	10001					0				2	1	9356	3	3	239	2	2	210101805	0	0	1				2	1
110101818	茂林余音-1星-治疗次数标记，999回合，总共6层，行动后清除1层（顺序为3）	10001					0	1002	1	3	2	3								0	0	1				2	1
110101819	茂林余音-配角色卡牌表，标记自身id	10001					0				2	1								0	0	1				2	1
9000001	情绪共鸣等级1	401102163;412010164;413020156					0				2	1								0	0	1		9000001			1
9000002	情绪共鸣等级2	401102164;412010165;413020157					0				2	1								0	0	1		9000001			1
9000003	情绪共鸣等级3	401102165;412010167;413020158					0				2	1								0	0	1		9000001			1
9000004	情绪共鸣等级4	416030162					0				2	1								0	0	1		9000004			1
8100172	噩梦回响-敌方单位每次受到攻击后，恢复敌方最大生命值20%，并获得一层受到伤害提升10%的减益效果，上限5层	10001					2				2	1	9357			301	1;2	2;1	8100173;300212051	0	0	1					1
8100173	噩梦回响-受到伤害提升10%	411502180		0			2				2	3								0	0	1		203101	320036		1
8100174	噩梦回响-敌方单位受到【破灭伤害】提升15%，若处于【易伤】状态则额外提升15%	411502168		0			2				2	1	7002			301	1	2	8100175	0	0	1		203101	320048		1
8100175	噩梦回响-受到【破灭伤害】提升15%	411502168		0			2	7005	1		2	1								0	0	1		203101	320048		1
1010083	up卡专属加成——特莉丝·幽篁月韵——攻击力+15%	401102155		0			1				2	1								0	0	1		100101	320052		1
1010084	up卡专属加成——特莉丝·幽篁月韵——暴击伤害+35%	417030155		0			1				2	1								0	0	1		100601	320053		1
101067001	赌运人-转盘  暴击率15%	416030154		0			1				2	1								1	1	0		100501	100501		1
101067002	赌运人-转盘  暴击率抵抗15%	418030155		0			1				2	1								1	1	0		100701	100701		1
101067003	赌运人-转盘  怯场	404050151		1			1				2	1								1	1	0		210307	210307		1
101067004	赌运人-转盘  暴击伤害30%	417030153		0			1				2	1								1	1	0		100601	100601		1
101067005	赌运人-转盘  暴击伤害抵抗30%	419030153		0			1				2	1								1	1	0		100801	100801		1
101068001	赌运人-转盘  防御力降低10%	412010152		0			2				2	1								1	1	0		200201	200201		1
101068002	赌运人-转盘  失明	404060151		1			2				2	1								1	1	0		210305	210305		1
191040161	战斗训练-暴击率提50%	491040161					0				2	1								0	0	1					1
9100621	夜间巡逻圣物-自身血量高于80%时，造成间接伤害提升30%。	10001					0				2	3	9406	3	3	301	1	1	9100622	0	0	1					1
9100622	夜间巡逻圣物-间接伤害提升30%	9100622					0	9407	999	1	2	3								0	0	1					1
9100631	夜间巡逻圣物-每个回合开始时，使我方战斗员间接伤害提升20%，持续至战斗结束	10001					0				2	3	1102	1	3	301	1	1	9100632	0	0	1					1
9100632	夜间巡逻圣物-间接伤害提升20%	9100632					0				2	3								0	0	1					1
9100641	夜间巡逻圣物-前三个回合，我方战斗员造成的间接伤害提升30%	10001					0				2	3	7322	1	3	301	1	1	9100642	0	0	1					1
9100642	夜间巡逻圣物-间接伤害提升30%	9100642					0				2	3								0	0	1					1
9100651	夜间巡逻圣物-每次造成伤害都额外附带1段攻击力10%的间接伤害。	10001					0				2	3	7312	2	3	101	2	1	9100651	0	0	1					1
9100661	夜间巡逻圣物-释放技能施加诅咒时，额外施加1层诅咒BUFF（挂在敌人身上）	10001					0				2	3	9411	2	3	301	1	1	9100662	0	0	1					1
9100662	夜间巡逻圣物-诅咒，1回合	9100662					2				2	2								1	1	0		210205	210205		1
9100671	夜间巡逻圣物-诅咒BUFF的回合数+1	10001					0				2	3	7322	1	3	102	1	1	9100672	0	0	1					1
9100672	夜间巡逻圣物-诅咒BUFF的回合数+1	10001					0				2	3	9411	1	3	301	2	1	9100672	0	0	1					1
9100681	夜间巡逻圣物-造成间接伤害时（不包括DOT伤害），对目标额外施加1层【诅咒】，持续1回合。	10001					0				2	3	9403	2	3	101	1	1	9100662	0	0	1					1
9100691	夜间巡逻圣物-敌方目标处于诅咒状态时，造成最终伤害降低30%（挂给怪）	10001					0				2	3	9411	2	3	301	1	1	9100692	0	0	1					1
9100692	夜间巡逻圣物-造成最终伤害降低30%	9100692					2				2	3								0	0	1		201201	201201		1
9100701	夜间巡逻圣物-造成破裂伤害后，提升自身攻击力20%，持续2回合，不可叠加。	10001					0				2	3	9403	2	3	301	1	1	9100703	0	0	1					1
9100702	夜间巡逻圣物-造成破灭伤害后，提升自身攻击力20%，持续2回合，不可叠加。	10001					0				2	3	9403	2	3	301	1	1	9100703	0	0	1					1
9100703	夜间巡逻圣物-提升自身攻击力20%	9100703					1				2	3								0	0	1		100101	100101		1
9100711	夜间巡逻圣物-我方战斗员血量高于80%时，造成破灭破裂伤害提升30%。	10001					0				2	3	9406	3	3	301	1	1	9100419	0	0	1					1
9100712	夜间巡逻圣物-造成破灭破裂伤害提升30%。	9100712;9100713					0	9407	999	1	2	3								0	0	1					1
9100721	目标身上每有1个DEBUFF，使其受到的破灭伤害提升10%。	9100721	1				0				2	3								0	0	1					1
9100731	当自身造成破灭伤害时，额外发动1次追加攻击，每次攻击只生效1次。	10001					0				2	3	9403	2	0	-1	2	1	9100731	0	0	1					1
9100741	夜间巡逻圣物-前两个回合我方战斗员造成的破灭伤害提升40%	10001					0				2	3	7322	3	3	301	1	1	9100742	0	0	1					1
9100742	夜间巡逻圣物-造成的破灭伤害提升40%	9100742					0				2	3								0	0	1					1
9100751	夜间巡逻圣物-造成破灭伤害时，使目标防御降低30%，持续2回合，可叠加2层。	10001					0				2	3	9402	2	3	301	1	1	9100752	0	0	1					1
9100752	夜间巡逻圣物-防御降低30%，持续2回合，可叠加2层。	9100752					0				2	3								0	0	1		200201	200201		1
9100761	夜间巡逻圣物-造成破灭伤害时，有30%概率使目标进入【眩晕】状态,持续1个回合。	10001					0				2	3	9403	2	3	101	1	1	9100762	0	0	1					1
9100762	夜间巡逻圣物-【眩晕】状态,持续1个回合。	404010151		1			2			2	2	1								1	1	0		210301	210301		1
9100771	夜间巡逻圣物-造成普通伤害时，额外附带1段攻击力10%的【破灭伤害】	10001					0				2	3	9403	2	3	101	2	1	9100771	0	0	1					1
9100781	夜间巡逻圣物-造成破裂伤害时，额外附带1段攻击力10%的【破灭伤害】	10001					0				2	3	9403	2	3	101	2	1	9100771	0	0	1					1
9100791	夜间巡逻圣物-造成伤害时，最终伤害结果提升20%。	9100791					0				2	3								0	0	1					1
9100792	夜间巡逻圣物-若目标处于【眩晕】状态，则对其造成的伤害结果额外提升20%-触发器	10001					0				2	3	7322	2	3	102	1	1	9100793	0	0	1					1
9100793	夜间巡逻圣物-若目标处于【眩晕】状态，则对其造成的伤害结果额外提升20%-触发器	10001					0				2	3	8018	2	3	301	1	1	9100794	0	0	1					1
9100794	夜间巡逻圣物-若目标处于【眩晕】状态，则对其造成的伤害结果额外提升20%	9100794					0	3005	999	1	2	3								0	0	1					1
9100801	夜间巡逻圣物-攻击目标时，吸取目标1点奥义值，若目标处于【眩晕】状态，额外吸取1点	10001					0				2	3	7423	2	3	101	2	1	9100801	0	0	1					1
9100802	夜间巡逻圣物-若目标处于【眩晕】状态，额外吸取1点	10001					0				2	3	9412	2	3	101	2	1	9100801	0	0	1					1
9100811	夜间巡逻圣物-每次对目标造成伤害时，给受击目标施加1层4%的易伤效果，该效果被视为增益效果，效果持续2回合。	10001					0				2	3	1001	2	3	101	1	1	9100812	0	0	1					1
9100812	夜间巡逻圣物-给受击目标施加1层4%的易伤效果，该效果被视为增益效果，效果持续2回合。	9100812					1				2	3								0	0	1		210321	210321		1
9100821	夜间巡逻圣物-受击目标身上每拥有1个增益BUFF，则造成的破裂伤害额外提升10%	9100821	1				0				2	3								0	0	1					1
9100831	夜间巡逻圣物-若目标处于中毒状态，受到的【破碎伤害】提升40%	10001					0				2	3	8018	2	3	301	1	1	9100832	0	0	1					1
9100832	夜间巡逻圣物-受到的【破碎伤害】提升40%	9100832					0	3005	999	1	2	3								0	0	1					1
9100841	夜间巡逻圣物-前两回合我方战斗员暴击率提升40%	9100841					0				2	3								0	0	1					1
9100851	夜间巡逻圣物-造成伤害类型为破碎伤害时，则本次攻击的暴击伤害提升40%（废弃，未投放）	10001					0				2	3	9403	2	3	301	1	1	9100852	0	0	1					1
9100852	夜间巡逻圣物-本次攻击的暴击伤害提升40%	9100852					0	1002	999	1	2	3								0	0	1					1
9100853	夜间巡逻圣物-造成伤害类型为破碎伤害时，则本次攻击的暴击伤害提升40%（废弃，未投放）	10001					0				2	3	9403	2	3	301	1	1	9100854	0	0	1					1
9100854	夜间巡逻圣物-本次攻击的暴击伤害提升60%	9100854					0	1002	999	1	2	3								0	0	1					1
9100861	夜间巡逻圣物-若目标处于中毒状态，则本次攻击暴击率提升20%	10001					0				2	3	8018	2	3	301	1	1	9100862	0	0	1					1
9100862	夜间巡逻圣物-暴击率提升20%	9100862					0	3005	999	1	2	3								0	0	1					1
9100871	夜间巡逻圣物-技能的伤害暴击时，给目标额外施加1层【毒】	10001					0				2	3	4003	2	3	101	1	1	9100229	0	0	1					1
9100881	夜间巡逻圣物-处于中毒状态下的目标， 最终伤害降低30%	10001					0				2	3	8018	2	3	301	1	1	9100882	0	0	1					1
9100882	夜间巡逻圣物-最终伤害降低30%	9100882					0	3005	999	1	2	3								0	0	1					1
9100883	夜间巡逻圣物-处于中毒状态下的目标， 最终伤害降低30%	10001					0				2	3	8018	2	3	301	1	1	9100884	0	0	1					1
9100884	夜间巡逻圣物-最终伤害降低30%	9100884					0	3005	999	1	2	3								0	0	1					1
101069001	赌运人-21点  【沉默】	404070151		1			2				2	1								1	1	0		210303	210303		1
101070001	赌运人-21点  【封印】	404030151		1			2				2	1								1	1	0		210306	210306		1
101070002	赌运人-21点  攻击力+15%	401102155		1			1				2	1								1	1	0		100101	100101		1
101070003	赌运人-21点  暴击率+15%	416030154		0			1				2	1								1	1	0		100501	100501		1
104048001	赌运人-精英，1层【预防】负面效果免疫	407020154		0			1	7247	1		2	3								0	0	1		341003	320040		1
7100521	【世界BOSS】雷雨---造成暴击技能时，提升10%爆伤，最高10层。（敌我双方生效）	10001					0				2	1	4003	2	3	301	1	2	7100526	0	0	1					1
7100522	【世界BOSS】沙尘暴---造成伤害时，添加“余震”效果。（敌我双方生效）	10001					0				2	1	9666	3	3	-1	2	2	311010105	0	0	1					1
7100523	【世界BOSS】台风---释放SP技能后，恢复2点SP。（敌我双方生效）	10001					0				2	1	1105	2	3	301	2	2	210010102	0	0	1					1
7100524	【世界BOSS】雾霾---每回合恢复10%生命值，升级1星技能牌至2星。	10001					0				2	1	1102	1	3	301	2;2	2	311010104;311010103	0	0	1					1
7100525	【世界BOSS】冰雪---每回合添加两层易伤效果，受到治疗时清除。（敌我双方生效）	10001					0				2	1	1102	1	3	301	1	2	111502102	0	0	1					1
7100526	【世界BOSS】暴击伤害10%提升，最高10层。	417030130					0				2	3								0	0	1		100601	100601		1
7100527	【世界BOSS】余震DOT	402221109					2				2	2								1	0	1		210214	210204		1
104048002	赌运人-精英，赌运2点，【恐惧】	404040151		1			2				2	1								1	1	0		341013	210304		1
104048003	赌运人-精英，赌运3点，受到伤害提高30%	411502152		0			2				2	1								1	1	0		341014	201101		1
104048004	赌运人-精英，赌运4点，攻击力降低20%	401102153		0			2				2	1								1	1	0		341015	200101		1
104048005	赌运人-精英，赌运6点，爆击伤害提高100%	417030154		0			1				2	1								1	1	0		341016	100601		1
104048006	赌运人-精英，爆击率提高30%	416030155		0			1				2	1								1	1	0		100501	100501		1
104048007	赌运人-精英，每回合开始时随机获得1个增益/减益效果,持续2回合	10001					0				2	1	1102			301	2	2	315020101	0	0	1		341007	320054		1
101067051	赌运人-转盘-被动-暴击伤害抵抗提升30%	419030153		0			0				2	1								0	0	1		300014	100801		1
101068051	赌运人-骰子-被动-防御力提升30%	412010153		0			0				2	1								0	0	1		300014	100201		1
101069051	赌运人-21点-被动-回合开始时恢复自身20%最大生命值	10001					0				2	1	1102			301	2	2	300212051	0	0	1		300014	320065		1
101070051	赌运人-筹码-被动-忍耐率提升25%	411303167		0			0				2	1								0	0	1		300014	101001		1
104048051	赌运人-精英-被动-暴击率抵抗提升40%	418030154		0			0				2	1								0	0	1		300014	100701		1
60101001	天赋树-绿色战斗员克制伤害提升1级	610010201		2			0				2	1								0	0	1					1
60201001	天赋树-红色战斗员克制伤害提升1级	610010202		2			0				2	1								0	0	1					1
60301001	天赋树-蓝色战斗员克制伤害提升1级	610010203		2			0				2	1								0	0	1					1
60102001	天赋树-受绿色战斗员克制伤害降低1级	610010204		2			0				2	1								0	0	1					1
60202001	天赋树-受红色战斗员克制伤害降低1级	610010205		2			0				2	1								0	0	1					1
60302001	天赋树-受蓝色战斗员克制伤害降低1级	610010206		2			0				2	1								0	0	1					1
60101002	天赋树-绿色战斗员克制伤害提升2级	610010201		2			0				2	1								0	0	1					1
60201002	天赋树-红色战斗员克制伤害提升2级	610010202		2			0				2	1								0	0	1					1
60301002	天赋树-蓝色战斗员克制伤害提升2级	610010203		2			0				2	1								0	0	1					1
60102002	天赋树-受绿色战斗员克制伤害降低2级	610010204		2			0				2	1								0	0	1					1
60202002	天赋树-受红色战斗员克制伤害降低2级	610010205		2			0				2	1								0	0	1					1
60302002	天赋树-受蓝色战斗员克制伤害降低2级	610010206		2			0				2	1								0	0	1					1
60101003	天赋树-绿色战斗员克制伤害提升3级	610010211		2			0				2	1								0	0	1					1
60201003	天赋树-红色战斗员克制伤害提升3级	610010212		2			0				2	1								0	0	1					1
60301003	天赋树-蓝色战斗员克制伤害提升3级	610010213		2			0				2	1								0	0	1					1
60102003	天赋树-受绿色战斗员克制伤害降低3级	610010214		2			0				2	1								0	0	1					1
60202003	天赋树-受红色战斗员克制伤害降低3级	610010215		2			0				2	1								0	0	1					1
60302003	天赋树-受蓝色战斗员克制伤害降低3级	610010216		2			0				2	1								0	0	1					1
60101004	天赋树-绿色战斗员克制伤害提升4级	610010211		2			0				2	1								0	0	1					1
60201004	天赋树-红色战斗员克制伤害提升4级	610010212		2			0				2	1								0	0	1					1
60301004	天赋树-蓝色战斗员克制伤害提升4级	610010213		2			0				2	1								0	0	1					1
60102004	天赋树-受绿色战斗员克制伤害降低4级	610010214		2			0				2	1								0	0	1					1
60202004	天赋树-受红色战斗员克制伤害降低4级	610010215		2			0				2	1								0	0	1					1
60302004	天赋树-受蓝色战斗员克制伤害降低4级	610010216		2			0				2	1								0	0	1					1
60101005	天赋树-绿色战斗员克制伤害提升5级	610010221		2			0				2	1								0	0	1					1
60201005	天赋树-红色战斗员克制伤害提升5级	610010222		2			0				2	1								0	0	1					1
60301005	天赋树-蓝色战斗员克制伤害提升5级	610010223		2			0				2	1								0	0	1					1
60102005	天赋树-受绿色战斗员克制伤害降低5级	610010224		2			0				2	1								0	0	1					1
60202005	天赋树-受红色战斗员克制伤害降低5级	610010225		2			0				2	1								0	0	1					1
60302005	天赋树-受蓝色战斗员克制伤害降低5级	610010226		2			0				2	1								0	0	1					1
60101006	天赋树-绿色战斗员克制伤害提升6级	610010221		2			0				2	1								0	0	1					1
60201006	天赋树-红色战斗员克制伤害提升6级	610010222		2			0				2	1								0	0	1					1
60301006	天赋树-蓝色战斗员克制伤害提升6级	610010223		2			0				2	1								0	0	1					1
60102006	天赋树-受绿色战斗员克制伤害降低6级	610010224		2			0				2	1								0	0	1					1
60202006	天赋树-受红色战斗员克制伤害降低6级	610010225		2			0				2	1								0	0	1					1
60302006	天赋树-受蓝色战斗员克制伤害降低6级	610010226		2			0				2	1								0	0	1					1
8100176	噩梦回响-回合开始时给全体友方挂标记A、B	10001					0				2	1	1102			301	1;1	1;2	8100177;8100178	0	0	1					1
8100177	噩梦回响-标记A-回合结束时，获得1层造成伤害提升10%，可叠加，上限5层	10001					0				2	1	1103			301	1	2	8100181	0	0	1					1
8100178	噩梦回响-标记B-回合结束时，获得1层造成伤害提升10%，可叠加，上限5层	10001					0				2	1	1103			301	1	2	8100181	0	0	1					1
8100179	噩梦回响-角色行动时删除标记A	10001					0				2	1	1003			301	2	2	316040151	0	0	1					1
8100180	噩梦回响-角色受到攻击时删除标记B	10001					0				2	1	9357			301	2	2	316040152	0	0	1					1
8100181	噩梦回响-造成伤害提升10%	411501152		0			1				2	3								0	0	1		101201	320041		1
8100182	噩梦回响-敌方单位获得【伤害扩散】时，加一个触发BUFF	10001					0				2	1	7263			301	1	2	8100183	0	0	1					1
8100183	噩梦回响-敌方对自己的攻击技能开始释放时加防御降低，攻击技能完全结束后消失	10001					2	7005	1	3	2	1	9359			301	1	2	8100184	0	0	1					1
8100184	噩梦回响-防御力降低50%	412010161					2	9357	1	2	2	1								0	0	1		200201	200201		1
1010085	up卡专属加成——暴击率+15%	416030154		0			1				2	1								0	0	1		100501	320055		1
7100139	【夜间巡逻副本战】【昆士区】血量提升100%	7100139		0			1				2	1								0	0	1		100301	100301		1
7100140	【夜间巡逻副本战】【南港区】最终伤害降低30%	7100140					2				2	1								0	0	1		201201	201201		1
7100141	【夜间巡逻副本战】【南港区】忍耐力提升50%	7100141					1				2	1								0	0	1		101001	101001		1
7100142	【夜间巡逻副本战】【南港区】抗爆提升50%	7100142					1				2	1								0	0	1		100701	100701		1
7100143	【夜间巡逻副本战】【耀州区】偶数回合开始时，怪物给自己增加一个攻击力提升1%的BUFF，持续1回合	10001					0				2	1	9413	1	3	202	1	1	7100144	0	0	1					1
7100144	【夜间巡逻副本战】【耀州区】攻击力提升1%的BUFF，持续1回合	7100144					1				2	1								0	0	1		100101	100101		1
61101001	天赋树-协力战造成最终伤害提升1级	411501162		2			0				2	1								0	0	1					1
61102001	天赋树-协力战受到最终伤害降低1级	411502170		2			0				2	1								0	0	1					1
61201001	天赋树-世界BOSS造成最终伤害提升1级	411501162		2			0				2	1								0	0	1					1
61202001	天赋树-世界BOSS受到最终伤害降低1级	411502170		2			0				2	1								0	0	1					1
61301001	天赋树-噩梦回响造成最终伤害提升1级	411501163		2			0				2	1								0	0	1					1
61302001	天赋树-噩梦回响受到最终伤害降低1级	411502171		2			0				2	1								0	0	1					1
61301002	天赋树-噩梦回响造成最终伤害提升2级	411501162		2			0				2	1								0	0	1					1
61302002	天赋树-噩梦回响受到最终伤害降低2级	411502170		2			0				2	1								0	0	1					1
61401001	天赋树-社团BOSS造成最终伤害提升1级	411501163		2			0				2	1								0	0	1					1
61402001	天赋树-社团BOSS受到最终伤害降低1级	411502171		2			0				2	1								0	0	1					1
61401002	天赋树-社团BOSS造成最终伤害提升2级	411501162		2			0				2	1								0	0	1					1
61402002	天赋树-社团BOSS受到最终伤害降低2级	411502170		2			0				2	1								0	0	1					1
114400101	千术之王-技能2-抉择1：受治疗效果降低	414400102		1			2				2	1								1	1	0		201401	201401		1
114400102	千术之王-技能2-抉择2：敌方释放AOE技能时，给自己挂114400103	414400106					1				2	1	9284		3	301	1	1	114400103	1	1	0		14400101	114400101		1
114400103	千术之王-技能2-受到最终伤害降低x%，敌方技能结束后清除	414400103		1			0	8013	1	2	2	1								0	0	1					1
114400104	千术之王-人物被动-战斗开始时，给友方全体挂114400105	10001				3	0				2	1	7322	3	3	202	1	2	114400105	0	0	1					1
114400105	千术之王-毒甲-受击时，如果身上有114400102，给攻击者挂1回合诅咒，1回合1次，buff不升级	10001				3	0				2	1	9237	3	3	101	1	2	102030101	0	0	1					1
114400106	千术之王-初始被动天赋表-战斗开始时，友方全是红色，给友方全体挂114400107	10001					0				2	1	9294	3	3	202	1	2	114400107	0	0	1		61144001		2	1
114400107	千术之王-造成间接伤害提升x%	414400104					0				2	1								0	0	1				2	1
114400108	千术之王-4星天赋表-回合结束时，治疗携带114400102的目标	10001					0				2	1	1103	3	3	149	2	2	214400103	0	0	1				2	1
114400109	千术之王-4星天赋表-战斗开始时，给友方全体挂114400102	10001					0				2	1	7322	3	3	202	1	1	114400102	0	0	1				2	1
114400110	千术之王-获得自身时，给友方全体挂114400111，一回合1次	10001					0				2	1	9299	3	3	202	1	2	114400111	0	0	1				2	1
114400111	千术之王-造成间接伤害提升x%，可叠加4层	414400105					0				2	3								0	0	1				2	1
114400112	千术之王-6星天赋表-回合结束时，给敌方全体施加延时效果	10001					0				2	1	9415	3	3	102	2	1	214400105	0	0	1				2	1
114400113	千术之王-造成伤害时，给目标上技能效果，延长诅咒1回合（低的优先	10001				3	0	1002	1	1	2	1	1001	2	3	101	2	2	214400106	0	0	1					1
114400801	黑桃A-技能1-受到间接伤害提升x%	414400801		1			2				2	1								1	0	0		201901	201901		1
114400802	黑桃A-初始被动天赋表-战斗开始时，友方全是星流，给自己挂114400803	10001					0				2	1	9262	3	3	301	1	2	114400803	0	0	1		61144008		2	1
114400803	黑桃A-暴击伤害x%	414400802					0				2	1								0	0	1				2	1
114400804	黑桃A-3星天赋表-战斗开始时，给自己挂114400805	10001					0				2	1	7322	3	3	301	1	2	114400805	0	0	1				2	1
114400805	黑桃A-穿透率提升x%	414400803					0				2	1								0	0	1				2	1
114400806	黑桃A-5星天赋表-战斗开始时，给自己挂114400807	10001					0				2	1	7322	3	3	301	1	2	114400807	0	0	1				2	1
114400807	黑桃A-攻击力提升，生命值提升	414400804;414400805					0				2	1								0	0	1				2	1
8100185	噩梦回响-行动开始触发标记buff	10001					0				2	1	1003			301	1	1	8100186	0	0	1					1
8100186	噩梦回响-标记buff	10001					0	1002	1	2	2	1								0	0	1					1
8100187	噩梦回响-获得【诅咒】触发间伤buff	10001					0				2	1	7014			301	1	2	8100188	0	0	1					1
8100188	噩梦回响-受到间接伤害提升10%	412202159					2				2	3								0	0	1		201901	320027		1
8100189	噩梦回响-防御力提升50%，受到真实伤害提升30%	412010158;813011151					0				2	1								0	0	1		341008	320056		1
114400114	千王之王-造成伤害时，给目标挂114400115	10001				3	0	1002	1	1	2	1	1001	2	3	101	1	2	114400115	0	0	1				2	1
114400115	千王之王，受到间接伤害提升，3回合，可叠加3层	414400107					2				2	3								1	1	0		201901	201901	2	1
314400101	千术之王-专武被动1-释放41144001前，给自己挂314400102	10001					0				2	1	1008	2	3	301	1	1	314400102	0	0	1				2	1
314400102	千术之王-专武效果-造成最终伤害提升+8%	314400101					0	1002	1	2	2	1								0	0	1				2	1
314400103	千术之王-专武被动2-战斗开始时，友方全是绿色，给友方全体挂314400104	10001					0				2	1	9294	3	3	202	1	2	314400104	0	0	1				2	1
314400104	千术之王-专武效果-防御力+6%	314400102					0				2	1								0	0	1				2	1
314400105	千术之王-专武被动1-释放41144001前，给自己挂314400106	10001					0				2	1	1008	2	3	301	1	1	314400106	0	0	1				2	1
314400106	千术之王-专武效果-造成最终伤害提升+16%	314400103					0	1002	1	2	2	1								0	0	1				2	1
314400107	千术之王-专武被动2-战斗开始时，友方全是绿色，给友方全体挂314400108	10001					0				2	1	9294	3	3	202	1	2	314400108	0	0	1				2	1
314400108	千术之王-专武效果-防御力+12%	314400104					0				2	1								0	0	1				2	1
114400116	千王之王-1星天赋表-1星标记	10001					0				2	1								0	0	1				2	1
114400117	千王之王-4星天赋表-回合开始时，给全体友方挂114400118;114400119	10001					0				2	1	7217	3	3	202	1;1	2;2	114400118;114400119	0	0	1				2	1
114400118	千王之王-4星天赋表-回合结束时，如果自身有114400102，给144001挂114400120	10001					0				2	1	1104	3	3	322	1	1	114400120	0	0	1				2	1
114400119	千王之王-4星天赋表-自身114400102自然结束时，治疗自身	10001					0				2	1	7024	3	3	322	1	1	114400120	0	0	1				2	1
114400120	千王之王-4星天赋表-获得自身时对目标触发回血	10001					0				2	1	9299	3	3	101	2	2	214400103	0	0	1				2	1
191040162	测试用，幸运值提升，每层100点	191040162					1				2	3								0	0	1		100401	100401		1
1010086	主线四单元-苦痛：每次受到攻击时，获得一层造成伤害提高15%	10001					0				2	1	9359			301	1	1	1010087	0	0	1		341009	320057		1
1010087	主线四单元-苦痛：造成伤害提高15%	411501156					0				2	3								0	0	1		101201	101201		1
1010088	主线四单元-气急败坏：每回合开始时，获得一层防御力降低10%，攻击力提升10%	10001					0				2	1	1102			301	1;1	2;1	1010089;1010090	0	0	1		341010	320058		1
1010089	主线四单元-气急败坏：防御力降低10%	412010152					2				2	3								0	0	1		200201	200201		1
1010090	主线四单元-气急败坏：攻击力提升10%	401102158					1				2	3								0	0	1		100101	100101		1
1010091	主线四单元-满盘皆输：每回合开始时，都有10%的概率失去90%的当前生命值	10001					0				2	1	1102			301	2	2	315020102	0	0	1		341011	320059		1
1010092	主线四单元-空效果	10001					0				2	1								0	0	1					1
1010093	赌运人-精英-满盘皆输：每回合开始时，都有10%的概率失去90%的当前生命值	10001					0				2	1	7002			301	2	2	311410601	0	0	1		341012			1
8100190	噩梦回响-我方单位使用二星及以上技能牌时，我方全体获得1层造成伤害提升6%，上限10层	10001					0				2	1	9416			202	1	2	8100191	0	0	1					1
8100191	噩梦回响-造成伤害提升3%	411501164					1				2	3								0	0	1		101201	320041		1
8100196	噩梦回响-敌方单位每回合随机获得【防御力降低】【攻击力降低】【忍耐率降低】【暴击率降低】中的1个效果	10001					0				2	1	1102			301	2	2	315020103	0	0	1					1
8100197	噩梦回响-防御力降低3%	411202011					2				2	3								1	1	0		200201	320060		1
8100198	噩梦回响-攻击力降低3%	411102011					2				2	3								1	1	0		200101	320061		1
8100199	噩梦回响-忍耐率降低3%	411302011					2				2	3								1	1	0		201001	320062		1
8100200	噩梦回响-暴击率降低3%	411603011					2				2	3								1	1	0		200501	320063		1
8100201	噩梦回响-我方单位单体技能造成的【间接伤害】提升80%	10001					0				2	1	7436			301	1	2	8100202	0	0	1					1
8100202	噩梦回响-【间接伤害】提升80%	412201011					1	1002	1	2	2	1								0	0	1		102001	320064		1
1010094	up卡专属加成——生命值上限+30%	413020153		0			1				2	1								0	0	1		100301	320066		1
12900201	深渊誓约-被动-所有能力值+3.5%/4.2%/4.8%/5.5%（最大3层）	411020117;416030113;417030115;411203113;412020119;418030109;419030108;411303112;413020109;411601105;411601204;412101105;412102104					0				2	3								0	0	1	1			2	1
12900202	深渊誓约-被动-回合开始时对自己触发12900201	10001					0				2	1	1102	3		301	1	2	12900201	0	0	1	1	61129002		2	1
12900203	深渊誓约-5破被动-每损失1%生命值，暴击伤害提升1.2%	417031001	1				0				2	1								0	0	1				2	1
114100801	铃铃弥音-1技能-获得护盾效果降低	414100801		1			2				2	1								1	1	0		201801	201801		1
114100802	铃铃弥音-2技能-生命值护盾	414100802					1				1	1								0	0	0		110202	110202		1
114100803	铃铃弥音-大招-最大生命值提升	414100803		1		2	1				2	1								1	1	0		100301	100301		1
114100804	铃铃弥音-大招-演出-获得自身时，给友方全体挂114100805	10001				3	1				2	1	9299	2	3	202	1	2	114100805	1	1	0		14100801	114100801		1
114100805	铃铃弥音-大招-幸运值提升	414100804				3	0				2	1								0	0	1					1
114100806	铃铃弥音-大招幸运触发器-失去114100804时，清除友方全体的114100805	10001				3	0				2	1	7005	2	3	202	2	2	214100802	0	0	1					1
114100807	铃铃弥音-初始被动天赋表-战斗开始时给所有蓝色友方挂114100808，114100820	10001					0				2	1	7322	3	3	240	1;1	2	114100808;114100820	0	0	1	1	61141008			1
114100808	生命值提升	414100805					0				2	1								0	0	1	1				1
114100809	铃铃弥音-1星天赋表-战斗开始时，自己获得2点sp	10001					0				2	1	7322	3	3	301	2	2	210010102	0	0	1	1				1
114100810	铃铃弥音-3星天赋表-获得114100804时，给自己挂114100811，114100812，114100813	10001					0				2	1	7002	3	3	301	1;1;1	2	114100811;114100812;114100813	0	0	1	1				1
114100811	其他友方主动释放1星非奥义技能牌时，给自己挂1层114100814	10001					0	7005	1	1	2	1	9417	2	3	301	1	1	114100814	0	0	1	1				1
114100812	其他友方主动释放2星非奥义技能牌时，给自己挂2层114100814	10001					0	7005	1	1	2	1	9417	2	3	301	1	1	114100814	0	0	1	1				1
114100813	其他友方主动释放3星非奥义技能牌时，给自己挂5层114100814	10001					0	7005	1	1	2	1	9417	2	3	301	1	1	114100814	0	0	1	1				1
114100814	3星效果-人气值，可叠加9层，获得自身后若114100814大于5层，则消耗自身6层114100814，同时给自身挂114100815	10001					0				2	3	7014	2	3	301	2;1	1	214100804;114100815	0	0	1	1	14100802	114100802		1
114100815	3星效果-人气值护盾触发器，获得时给友方全体挂114100816	10001					0				2	1	9299	2	3	202	1	2	114100816	0	0	1	1				1
114100816	3星效果-人气值护盾，x%自身最大生命值，同类独立，同id覆盖，可以被清除	414100806					1				2	1								0	0	0	1	14100803	114100803		1
114100817	铃铃弥音-5星天赋表-获得114100815时，给自身加1点sp	10001					0				2	1	7002	3	3	301	2	2	210010101	0	0	1	1				1
114100818	铃铃弥音-5星天赋表-获得114100815时，给友方全体挂114100819	10001					0				2	1								0	0	1	1				1
114100819	造成最终伤害提升x%	414100807					1				2	3								1	1	0	1	101201	101201		1
114100820	身上存在护盾时，暴击抵抗提升x%	414100808	1				0				2	1								0	0	1	1				1
114100821	铃铃弥音-5星大招额外效果-回合结束前，给自己挂114100822	10001				3	0				2	1	9415		3	301	1	1	114100822	0	0	1	1				1
114100822	铃铃弥音-5星大招-幸运值提升999%	414100809				3	0	1102	1	3	2	1								0	0	1	1				1
114100823	铃铃弥音-5星大招幸运触发器-失去114100821时，清除友方全体的114100822（废弃	10001				3	0				2	1	7005	2	3	202	2	2	214100803	0	0	1	1				1
314100801	铃铃弥音-专武被动1-释放41141008前，给自己挂314100802	10001					0				2	1	1008	2	3	301	1	1	314100802	0	0	1				2	1
314100802	铃铃弥音-专武效果-造成最终伤害提升+8%	314100801					0	1002	1	2	2	1								0	0	1				2	1
314100803	铃铃弥音-专武被动2-战斗开始时，给蓝色友方挂314100804	10001					0				2	1	9294	3	3	240	1	2	314100804	0	0	1				2	1
314100804	铃铃弥音-专武效果-暴击伤害+12%	314100802					0				2	1								0	0	1				2	1
314100805	铃铃弥音-专武被动1-释放41141008前，给自己挂314100806	10001					0				2	1	1008	2	3	301	1	1	314100806	0	0	1				2	1
314100806	铃铃弥音-专武效果-造成最终伤害提升+16%	314100803					0	1002	1	2	2	1								0	0	1				2	1
314100807	铃铃弥音-专武被动2-战斗开始时，给蓝色友方挂314100808	10001					0				2	1	9294	3	3	240	1	2	314100808	0	0	1				2	1
314100808	铃铃弥音-专武效果-暴击伤害+24%	314100804					0				2	1								0	0	1				2	1
141403701	猫车BOSS-被动-敌方使用1星进攻牌-获得1层标记	10001					0				2	1	9418	2	3	301	1	1	141403705	0	0	1					1
141403702	猫车BOSS-被动-敌方使用2星进攻牌-获得2层标记	10001					0				2	1	9418	2	3	301	1	1	141403705	0	0	1					1
141403703	猫车BOSS-被动-敌方使用3星进攻牌-获得3层标记	10001					0				2	1	9418	2	3	301	1	1	141403705	0	0	1					1
141403704	猫车BOSS-被动-敌方使用大招进攻牌-获得2层标记	10001					0				2	1	9419	2	3	301	1;1	1	141403705;141403705	0	0	1					1
141403705	猫车BOSS-星级标记，最高6层，1回合	10001					0				2	3								0	0	1					1
141403706	猫车BOSS-随机触发器-获得1层星级标记时-获得1星成功触发器	10001					0				2	1	7248	3	3	301	1	2	141403712	0	0	1		414037461	141403706		1
141403707	猫车BOSS-随机触发器-获得2层星级标记时-获得2星成功触发器	10001					0				2	1	7248	3	3	301	1	2	141403713	0	0	1		414037462	141403707		1
141403708	猫车BOSS-随机触发器-获得3层星级标记时-获得3星成功触发器	10001					0				2	1	7248	3	3	301	1	2	141403714	0	0	1		414037463	141403708		1
141403709	猫车BOSS-随机触发器-获得4层星级标记时-获得4星成功触发器	10001					0				2	1	7248	3	3	301	1	2	141403715	0	0	1		414037464	141403709		1
141403710	猫车BOSS-随机触发器-获得5层星级标记时-获得5星成功触发器	10001					0				2	1	7248	3	3	301	1	2	141403716	0	0	1		414037465	141403710		1
141403711	猫车BOSS-随机触发器-获得6层星级标记时-获得6星成功触发器	10001					0				2	1	7248	3	3	301	1	2	141403717	0	0	1		414037466	141403711		1
141403712	猫车BOSS-1星成功触发器-回合结束时触发1星成功效果，玩家方攻击力最高单位获得技能1启动器	10001					0				2	1	1103	3	3	301	2;4	1	206040157;41403711	0	0	1					1
141403713	猫车BOSS-2星成功触发器-回合结束时触发2星成功效果，玩家方攻击力最高单位获得技能2启动器	10001					0				2	1	1103	3	3	301	2;4	1	206040158;41403712	0	0	1					1
141403714	猫车BOSS-3星成功触发器-回合结束时触发3星成功效果，玩家方攻击力最高单位获得技能3启动器	10001					0				2	1	1103	3	3	301	2;4	1	206040159;41403713	0	0	1					1
141403715	猫车BOSS-4星成功触发器-回合结束时触发4星成功效果，玩家方攻击力最高单位获得技能4启动器	10001					0				2	1	1103	3	3	301	2;4	1	206040160;41403714	0	0	1					1
141403716	猫车BOSS-5星成功触发器-回合结束时触发5星成功效果，玩家方攻击力最高单位获得技能5启动器	10001					0				2	1	1103	3	3	301	2;4	1	206040161;41403715	0	0	1					1
141403717	猫车BOSS-6星成功触发器-回合结束时触发6星成功效果，玩家方攻击力最高单位获得技能6启动器	10001					0				2	1	1103	3	3	301	2;4	1	206040162;41403716	0	0	1					1
141403718	猫车BOSS-被动-5回合-回合结束时，身上没有成功触发器1，2，3，4时立即触发失败效果	10001					0				2	1	9420	3	3	301	2;2;2;2;4;4	1	206040157;206040158;206040159;206040160;41403717;574037002	0	0	1					1
141403719	猫车BOSS-被动-第5回合开始时给自己挂141403720	10001					0				2	1	9202	3	3	301	1	2	141403720	0	0	1					1
141403720	猫车BOSS-回合结束时，身上没有成功触发器3，4，5，6时立即触发失败效果	10001					0				2	1	9420	3	3	301	2;2;2;2;4;4	1	206040159;206040160;206040161;206040162;41403718;574037002	0	0	1					1
141403721	猫车BOSS-技能1启动器，获得自身时使用技能1	10001					0				2	1	9299	3	2	102	3	2	41403701	0	0	1					1
141403722	猫车BOSS-技能2启动器，获得自身时使用技能2	10001					0				2	1	9299	3	2	102	3	2	41403702	0	0	1					1
141403723	猫车BOSS-技能3启动器，获得自身时使用技能3	10001					0				2	1	9299	3	2	102	3	2	41403703	0	0	1					1
141403724	猫车BOSS-技能4启动器，获得自身时使用技能4	10001					0				2	1	9299	3	2	102	3	2	41403704	0	0	1					1
141403725	猫车BOSS-技能5启动器，获得自身时使用技能5	10001					0				2	1	9299	3	2	102	3	2	41403705	0	0	1					1
141403726	猫车BOSS-技能6启动器，获得自身时使用技能6	10001					0				2	1	9299	3	2	102	3	2	41403706	0	0	1					1
141403727	猫车BOSS-技能3-攻击力提升20%，可叠层	401102151					0				2	3								0	0	1		100101	100101		1
141403728	猫车BOSS-成功表现buff	10001					0				2	1								0	0	1		414037467			1
141403729	猫车BOSS-失败表现buff	10001					0				2	1								0	0	1		414037468			1
141403730	猫车BOSS-被动-战斗开始时使用骰子技能1	10001					0				2	1	9202	3	3	301	4	1	534037003	0	0	1					1
141403731	猫车BOSS-被动-1，2,3,4回合结束时使用骰子技能1	10001					0				2	1	9452	3	3	301	4	3	534037003	0	0	1					1
141403732	猫车BOSS-被动-5，6，7,8,9回合结束时使用骰子技能2	10001					0				2	1	9452	3	3	301	4	3	534037004	0	0	1					1
7100146	【猫乐园-特殊被动】敌人使用1星技能牌会提升怪物暴击率	10001					1				2	1	9422	2	0	301	1	2	7100145	0	0	1		300014	7100144		1
7100145	【猫乐园-特殊被动】暴击率+15%	416030154		0			1				2	3								1	1	0		100501	100501		1
7100147	【猫乐园-特殊被动】敌方幸运降低	7100146		0			1				2	1								1	1	0		200401	200401		1
1010095	主线一单元-剧情杀隐藏被动：每回合开始时，获得一层攻击力提升20%	10001					0				2	1	1102			301	1	2	1010096	0	0	1					1
1010096	主线一单元-剧情杀隐藏被动-攻击力提升20%	401102151					0				2	3								0	0	1					1
9100018	夜间巡逻圣物-全队攻击力提升20%	9100017					0				2	1								0	0	1					1
9100028	夜间巡逻圣物-全队防御力提升30%	9100027					0				2	1								0	0	1					1
9100038	夜间巡逻圣物-全队生命值上限提升30%	9100774					0				2	1								0	0	1					1
9100048	夜间巡逻圣物-全队穿透率提升15%	9100047					0				2	1								0	0	1					1
9100068	夜间巡逻圣物-全队暴击伤害提升50%	9100067					0				2	1								0	0	1					1
9110001	夜间巡逻圣物-全队吸血率提升30%	9110001					0				2	1								0	0	1					1
9100217	夜间巡逻圣物-释放SP技能后获得2点SP-触发器	10001					0				2	1	9244	1	3	301	2	1	9100217	0	0	1					1
9100218	夜间巡逻圣物-回合开始我方全体随机升2星	10001					0				2	1	1102	1	3	301	2	1	9100218	0	0	1					1
9100219	夜间巡逻圣物-每次行动时额外获得1点奥义能量	10001					0				2	1	1003	3	3	301	2	1	210010101	0	0	1					1
9100743	夜间巡逻圣物-造成的破灭伤害提升40%	9100743					0				2	1								0	0	1					1
9100744	夜间巡逻圣物-对非BOSS单位造成的破灭伤害提升20%-单体	10001					0				2	1	9423	2	3	101	1	2	9100745	0	0	1					1
9100745	夜间巡逻圣物-受到的破灭伤害提升20%	9100746					0	9427	1	2	2	1								0	0	1					1
9100746	夜间巡逻圣物-对非BOSS单位造成的破灭伤害提升20%-群体	10001					0				2	1	9424	2	3	133	1	2	9100745	0	0	1					1
9100747	夜间巡逻圣物-造成破灭伤害提升15%，造成破灭伤害后，挂9100749-单体	9100745					0				2	1	9425	2	3	101	1	2	9100749	0	0	1					1
9100748	夜间巡逻圣物-造成破灭伤害后，挂9100749-群体	10001					0				2	1	9426	2	3	102	1	2	9100749	0	0	1					1
9100749	夜间巡逻圣物-攻击力降低2%，2回合，10层	9100747					2				2	3								1	0	1		200101	200101		1
9100750	夜间巡逻圣物-造成破灭伤害提升15%，造成破灭伤害后，挂9100754-单体	9100745					0				2	1	9425	2	3	101	1	2	9100754	0	0	1					1
9100753	夜间巡逻圣物-造成破灭伤害后，挂9100754-群体	10001					0				2	1	9426	2	3	102	1	2	9100754	0	0	1					1
9100754	夜间巡逻圣物-造成伤害降低2%，2回合，10层	9100748					2				2	3								1	0	1		201201	201201		1
9100755	夜间巡逻圣物-我方战斗员血量高于80%时，造成破灭伤害提升25%。	10001					0				2	1	9406	3	3	301	1	1	9100756	0	0	1					1
9100756	夜间巡逻圣物-造成破灭伤害提升25%	9100749					0	9407	1	1	2	1								0	0	1					1
9100757	夜间巡逻圣物-释放技能时，身上SP点数大于3挂9100758	10001					0				2	1	7303	3	3	301	1	1	9100758	0	0	1					1
9100758	夜间巡逻圣物-造成破灭伤害提升20%	9100744					0	1002	1	1	2	1								0	0	1					1
9100759	夜间巡逻圣物-穿透率提升15%，造成破灭伤害时，给自己9100760	9100750					0				2	1	9428	2	3	301	1	2	9100760	0	0	1					1
9100760	夜间巡逻圣物-穿透率提升2%，2回合，10层	9100751					1				2	3								0	0	1		100901	100901		1
9100763	夜间巡逻圣物-攻击力提升15%，造成破灭伤害时，给自己9100764	9100753					0				2	1	9428	2	3	301	1	2	9100764	0	0	1					1
9100764	夜间巡逻圣物-攻击力提升2%，2回合，10层	9100754					1				2	3								0	0	1		100101	100101		1
9100765	夜间巡逻圣物-造成破灭伤害提升20%	9100744					0				2	1								0	0	1					1
9100766	夜间巡逻圣物-造成破灭伤害前额外获得30%暴击率和暴击伤害	10001					0				2	1	9428	2	3	301	1	2	9100767	0	0	1					1
9100767	夜间巡逻圣物-30%暴击率和暴击伤害，技能结束时消失	9100755;9100756					0	1002	1	2	2	1								0	0	1					1
9100768	夜间巡逻圣物-造成破灭伤害后根据自身35%攻击力，恢复我方全体生命值	10001					0				2	1	9428	2	3	202	2	2	9100219	0	0	1					1
9100769	夜间巡逻圣物-造成破灭伤害后自身随机一张技能卡升1星	10001					0				2	1	9428	2	3	301	2	2	9100218	0	0	1					1
9100770	夜间巡逻圣物-造成破灭伤害后额外回复1点自身SP	10001					0				2	1	9428	2	3	301	2	2	210010101	0	0	1					1
9100772	夜间巡逻圣物-造成伤害时，挂9100774-单体	10001					0				2	1	9429	2	3	101	1	2	9100774	0	0	1					1
9100773	夜间巡逻圣物-造成伤害时，挂9100774-群体	10001					0				2	1	9424	2	3	102	1	2	9100774	0	0	1					1
9100774	夜间巡逻圣物-6%的受到破灭伤害提升效果3回合，可叠加，最高20层	9100757					2				2	3								1	0	1		203101	203101		1
9100775	夜间巡逻圣物-造成单体大招前，挂9100776	10001					0				2	1	9430	2	3	102	1	2	9100776	0	0	1					1
9100776	耀夜之星-大招-伤害传递主BUFF	9100758					2				2	1								0	0	1		210401	210401		1
9100777	夜间巡逻圣物-技能开始时给全体敌方挂9100778	10001					0				2	1	1003	2	3	102	1	2	9100778	0	0	1					1
9100778	夜间巡逻圣物-受到debuff时获得9100779	10001					0				2	1	9431	2	3	301	1	2	9100779	0	0	1					1
9100779	夜间巡逻圣物-受到破灭伤害提升4%效果，最高99层	9100759					2				2	1								1	0	1		203101	203101		1
9100780	夜间巡逻圣物-造成破灭伤害，挂9100783-单体	10001					0				2	1	9425	2	3	101	1	2	9100783	0	0	1					1
9100782	夜间巡逻圣物-造成破灭伤害，挂9100783-群体	10001					0				2	1	9426	2	3	102	1	2	9100783	0	0	1					1
9100783	夜间巡逻圣物-困倦-受到破灭伤害时有10%/20%/30%/40%/50%概率眩晕自身	10001					2				2	3	9432	2	3	301	1	2	9100784	0	0	1		9100783	9100783		1
9100784	夜间巡逻圣物-眩晕1回合	404010151					0				2	1	9299	3	3	301	2	2		1	0	1		210301	210301		1
9100785	夜间巡逻圣物-造成破灭伤害，对方debuff大于4层时，驱散5层debuff，造成一次破灭伤害-单体	10001					0				2	1	9433	2	3	101	2;2	2	9100221;9100222	0	0	1					1
9100786	夜间巡逻圣物-造成破灭伤害，挂9100787-群体	10001					0				2	1	9426	2	3	102	1	2	9100787	0	0	1					1
9100787	夜间巡逻圣物-获得自身时如果自身debuff大于4层，挂9100788	10001					0				2	1	9453	2	3	101	1	2	9100788	0	0	1					1
9100788	夜间巡逻圣物-获得自身时驱散5层debuff，造成一次破灭伤害	10001					0				2	1	9299	2	3	101	2;2	2	9100221;9100222	0	0	1					1
9100789	夜间巡逻圣物-造成单体伤害时对敌方全体造成一次破灭伤害	10001					0				2	1	9251	2	3	102	2	2	9100223	0	0	1					1
9100790	夜间巡逻圣物-【点燃】【余震】【流血】伤害提升20%	9100760					0				2	1								0	0	1					1
9100795	夜间巡逻圣物-自身血量高于80%时，造成间接伤害提升20%。	10001					0				2	1	9406	3	3	301	1	1	9100796	0	0	1					1
9100796	夜间巡逻圣物-间接伤害提升20%	9100761					0	9407	999	1	2	1								0	0	1					1
9100797	夜间巡逻圣物-前三个回合，我方战斗员造成的间接伤害提升20%	9100761					0				2	1								0	0	1					1
9100798	夜间巡逻圣物-敌方目标处于诅咒状态时，造成最终伤害降低20%（挂给怪）	10001					0				2	1	9330	2	3	301	1	1	9100799	0	0	1					1
9100799	夜间巡逻圣物-造成最终伤害降低20%	9100692					2	9434	1	2	2	1								1	0	1		201201	201201		1
9100800	夜间巡逻圣物-造成间接伤害后，获得9100801	10001					0				2	1	9428	3	3	301	1	1	9100803	0	0	1					1
9100803	夜间巡逻圣物-攻击力提升18%	9100763					1				2	1								1	0	1		100101	100101		1
9100804	夜间巡逻圣物-造成间接伤害后，获得9100805	10001					0				2	1	9428	3	3	301	1	1	9100805	0	0	1					1
9100805	夜间巡逻圣物-造成间接伤害能力提升3%	9100764					1				2	3								1	0	1		102001	102001		1
9100806	夜间巡逻圣物-造成伤害后对挂9100808-单体	10001					0				2	1	9251	2	3	101	1	2	9100808	0	0	1					1
9100807	夜间巡逻圣物-造成伤害后对挂9100808-群体	10001					0				2	1	9252	2	3	102	1	2	9100808	0	0	1					1
9100808	夜间巡逻圣物-受到间接伤害提升1.5%，可叠加99层	9100765					0				2	3								1	0	1		201901	201901		1
9100809	夜间巡逻圣物-受到间接伤害后，挂9100810	10001					0				2	1	9435	2	3	101	1	1	9100810	0	0	1					1
9100810	夜间巡逻圣物-获得自身时触发回血	10001					0				2	3	9299	2	3	202	2	1	9100219	0	0	1					1
9100813	夜间巡逻圣物-造成间接伤害后造成真实伤害-单体	10001					0				2	1	9425	2	3	101	2	2	9100224	0	0	1					1
9100814	夜间巡逻圣物-造成间接伤害后造成真实伤害-群体	10001					0				2	1	9426	2	3	102	2	2	9100224	0	0	1					1
9100815	夜间巡逻圣物-回合开始时，对我方攻击力最高战斗员挂9100816	10001					0				2	1	1102	3	3	205	1	2	9100816	0	0	1					1
9100816	夜间巡逻圣物-获得自身时，挂诅咒	10001					0				2	3	9299	3	3	102	1	2	102030101	0	0	1					1
9100817	夜间巡逻圣物-造成伤害时，对目标造成额外伤害	10001					0				2	1	7020	3	3	123	2	2	9100225	0	0	1					1
9100818	夜间巡逻圣物-回合开始时，获得9100819	10001					0				2	1	1102	3	3	301	1	2	9100819	0	0	1					1
9100819	夜间巡逻圣物-造成间接伤害提升15%	9100766					0				2	3								0	0	1					1
9100820	夜间巡逻圣物-sp造成伤害前	10001					0				2	1	9436	2	3	123	2	2	9100226	0	0	1					1
9100822	夜间巡逻圣物-被施加持续伤害时，获得【折磨】	10001					0				2	1	9437		3	301	1	2	9100823	0	0	1					1
9100823	夜间巡逻圣物-【折磨】	10001					0				2	3								0	0	1		300014	9100823		1
9100824	夜间巡逻圣物-【折磨】10层触发器	10001					0				2	1	9456	3	3	301	1	2	9100826	0	0	1					1
9100825	夜间巡逻圣物-【折磨】20层触发器	10001					0				2	1	7248	3	3	301	2;2	2	9100227;9100228	0	0	1					1
9100826	夜间巡逻圣物-眩晕2回合	404010151					0				2	1								1	0	1		210301	210301		1
9100827	夜间巡逻圣物-对敌方使用技能时，挂9100798	10001					0				2	1	9454	2	3	101	1	2	9100798	0	0	1					1
9100828	夜间巡逻圣物-对敌方使用技能时，挂9100809	10001					0				2	1	9454	2	3	101	1	2	9100809	0	0	1					1
9100829	夜间巡逻圣物-对敌方使用技能时，挂9100822;9100824;9100825	10001					0				2	1	9454	2	3	101	1;1;1	2	9100822;9100824;9100825	0	0	1					1
9100830	夜间巡逻圣物-对敌方使用技能时，挂9100831	10001					0				2	1	9454	2	3	101	1	2	9100831	0	0	1					1
9100833	夜间巡逻圣物-诅咒BUFF的回合数+1	10001					0				2	1	9437	2	3	301	2	1	9100229	0	0	1					1
9100834	夜间巡逻圣物-持续伤害触发后，获得9100801	10001					0				2	1	9439		3	301	1	1	9100803	0	0	1					1
9100835	夜间巡逻圣物-持续伤害触发后，获得9100805	10001					0				2	1	9439		3	301	1	1	9100805	0	0	1					1
9100836	夜间巡逻圣物-战斗开始时给对方挂dot检测器	10001					0				2	1	9438	3	3	102	1	2	9100837	0	0	1					1
9100837	夜间巡逻圣物-自身有DOT，给对方全体挂回复标记	10001					0				2	1	9330	3	3	105	1	1	9100838	0	0	1					1
9100838	夜间巡逻圣物-回复标记	10001					0				2	1								0	0	1					1
9100839	夜间巡逻圣物-回复标记检测器	10001					0				2	1	1104	3	3	202	2	2	9100230	0	0	1					1
9100840	夜间巡逻圣物-持续伤害触发后造成真实伤害	10001					0				2	1	9439		3	101	2	2	9100224	0	0	1					1
9100846	夜间巡逻圣物-造成间接伤害后挂诅咒	10001					0				2	1	9428	2	3	101	1	2	9100842	0	0	1					1
9100842	角色通用-诅咒，2回合	402030101					2				2	2								1	1	0		210205	210205		1
9100843	夜间巡逻圣物-造成持续伤害后挂诅咒	10001					0				2	1	9439		3	101	1	2	9100842	0	0	1					1
9100844	夜间巡逻圣物-对敌方使用技能时，挂9100845	10001					0				2	1	9454		3	101	1	2	9100845	0	0	1					1
9100845	夜间巡逻圣物-被敌方施加诅咒后，获得诅咒	10001					0				2	1	9440	2	3	301	1	2	102030101	0	0	1					1
104025058	噩梦回响兔子绅士-技能B-10%最大生命值护盾	405040155		0			1			2	1	1						2		0	0	0		110202	110202		1
180400801	巧克力-大招暴击率提升（不升级）	480400801		1		3	1				2	1								1	1	0		100501	100501		1
180400802	巧克力-被动天赋表-战斗开始时，给蓝色友方挂180400803	10001					0				2	1	7322	3	3	240	1	2	180400803	0	0	1		61804008			1
180400803	巧克力-被动-获得自身时，给友方804008挂180400804	10001					0				2	1	9299	3	3	317	1	2	180400804	0	0	1					1
180400804	巧克力-被动-标记buff，可叠加4层	10001					0				2	3								0	0	1					1
180400805	巧克力-被动天赋表-获得180400804时，给自己挂180400806	10001					0				2	1	7002	3	3	301	1	2	180400806	0	0	1		61804008			1
180400806	巧克力-被动-暴击伤害提升，可叠加4层	480400802					0				2	3								0	0	1					1
180400807	巧克力-猫娘被动角色卡牌表-战斗开始时，给自己以外的友方挂180400808	10001					0				2	1	7322	3	3	202	1	2	180400808	0	0	1					1
180400808	巧克力-猫娘被动-获得180400808时，自己身上有180400815，且自己身上没有180400816，给友方804008挂180400809	10001					0				2	1	9291	3	3	317	1	2	180400809	0	0	1					1
180400809	巧克力-猫娘被动-获得自身时，给自己加2点sp，一回合至多触发1次	10001					0				2	3	9299	3	3	301	2	2	210010102	0	0	1					1
180400810	巧克力-1星效果天赋表-释放奥义技能后，给自己挂180400811	10001					0				2	1	1105	2	3	301	1	2	180400811	0	0	1					1
180400811	巧克力-1星效果-造成最终伤害提升10%，可叠加y层	480400803					1				2	3								1	0	0		101201	101201		1
180400812	巧克力-4星效果天赋表-每次释放奥义技能后，对自己施加技能效果280400804	10001					0				2	1	1105	2	3	301	2	2	280400804	0	0	1					1
180400813	巧克力-6星效果天赋表-战斗开始时，对自己施加技能效果280400805	10001					0				2	1	1102	3	3	301	2	2	280400805	0	0	1					1
180400814	巧克力-6星效果天赋表-每次释放3星72804008技能牌后，释放1张2星72804008，一回合1次	10001					0				2	1	9441	3	3	101	4	2	72804008	0	0	1					1
180400815	巧克力-猫娘乐园标记buff-配角色卡牌表（香草和可可也用这个）	10001					0				2	1								0	0	1					1
180400816	巧克力-香甜满溢专属buff	10001					0				2	1								0	0	1					1
180400817	巧克力-6星效果天赋表-追击标记	10001				3	0	1002	1	2	2	3								0	0	1					1
180400818	巧克力-6星效果天赋表-每次释放3星72804008技能牌后，获得追击标记	10001					0				2	1	9441	3	3	301	1;1	1	180400817;180400817	0	0	1					1
9100847	夜间巡逻圣物-每段攻击有20%/40%/60%/80%/100%概率触发毒	10001					0				2	3	9449		3	101	1	2	9100229	0	0	1					1
9100848	夜间巡逻圣物-处于中毒状态下的目标， 最终伤害降低15%	10001					0				2	1	9442	2	3	102	1	2	9100849	0	0	1					1
9100849	夜间巡逻圣物-造成最终伤害降低15%	9100767					0	9443	1	2	2	1								0	0	1					1
9100850	夜间巡逻圣物-对敌方使用技能前，挂9100855	10001					0				2	1	9454	2	3	101	1	2	9100851	0	0	1					1
9100855	夜间巡逻圣物-获得毒时，使毒回合数+1	10001					0				2	1	9437	3	3	301	2	2	9100235	0	0	1					1
9100856	夜间巡逻圣物-对敌方使用技能前，挂9100857	10001					0				2	1	9454	2	3	101	1	2	9100857	0	0	1					1
9100857	夜间巡逻圣物-获得毒时，获得9100858	10001					0				2	1	9437		3	301	1	2	9100858	0	0	1					1
9100858	夜间巡逻圣物-受到伤害提升3%	9100768					2				2	3								0	0	1		210321	210321		1
9100859	夜间巡逻圣物-处于中毒状态下的目标， 获得9100860	10001					0				2	1	9442	2	3	102	1	2	9100860	0	0	1					1
9100860	夜间巡逻圣物-受到的【穿透伤害】【破裂伤害】【破灭伤害】提升20%	9100769;9100770;9100771					0	9443	1	2	2	1								0	0	1					1
9100863	夜间巡逻圣物-造成伤害前，目标身上有毒，获得9100864	10001					0				2	1	9444	2	3	301	1	2	9100863	0	0	1					1
9100864	夜间巡逻圣物-暴击率提升30%	9100755					0	1002	1	2	2	1								0	0	1					1
9100865	夜间巡逻圣物-造成破裂伤害时，目标40%概率获得毒	10001					0				2	1	9445		3	101	1	2	9100229	0	0	1					1
9100866	夜间巡逻圣物-造成破灭伤害时，目标40%概率获得毒	10001					0				2	1	9445		3	101	1	2	9100229	0	0	1					1
9100867	夜间巡逻圣物-造成穿刺伤害时，目标40%概率获得毒	10001					0				2	1	9445		3	101	1	2	9100229	0	0	1					1
9100868	夜间巡逻圣物-造成穿透伤害时，目标40%概率获得毒	10001					0				2	1	9445		3	101	1	2	9100229	0	0	1					1
9100869	夜间巡逻圣物-造成毒伤害提升20%	9100772					0				2	1								0	0	1					1
9100870	夜间巡逻圣物-对敌方使用技能前，挂9100872，9100873	10001					0				2	1	9454	2	3	101	1;1	2	9100872;9100873	0	0	1					1
9100872	夜间巡逻圣物-获得毒时，额外获得9100874	10001					0				2	1	9437		3	301	1	2	9100874	0	0	1					1
9100873	夜间巡逻圣物-获得效果时，自身9100874大于4层，清除4层9100874，对自身造成一次伤害	10001					0				2	1	9446		3	301	2;2	2	9100232;9100233	0	0	1					1
9100874	夜间巡逻圣物-效果标记	10001					0				2	3								0	0	1					1
9100875	夜间巡逻圣物-技能的伤害暴击时，给目标额外施加1层【毒】	10001					0				2	1	4003	2	3	101	1	1	9100229	0	0	1					1
9100876	夜间巡逻圣物-对敌方使用技能前，挂9100877	10001					0				2	1	9454	2	3	101	1	2	9100877	0	0	1					1
9100877	夜间巡逻圣物-获得毒时，额外获得9100878	10001					0				2	1	9437		3	301	1	2	9100878	0	0	1					1
9100878	夜间巡逻圣物-受到间接伤害提升4%，最多99层	9100773					2				2	3								0	0	1		201901	201901		1
9100879	夜间巡逻圣物-回合开始时，对我方攻击力最高战斗员挂9100880	10001					0				2	1	1102	3	3	205	1	2	9100880	0	0	1					1
9100880	夜间巡逻圣物-获得自身时，挂毒	10001					0				2	3	9299	3	3	102	1	2	9100229	0	0	1					1
9100885	夜间巡逻圣物-对敌方使用技能前，挂9100886	10001					0				2	1	9454	2	3	101	1	2	9100886	0	0	1					1
9100886	夜间巡逻圣物-自身死亡时，复制自身所有debuff给全体友方	10001					0				2	1	9458		3	301	2	2	9100234	0	0	1					1
9100887	夜间巡逻圣物-对敌方使用技能前，挂9100888	10001					0				2	1	9454	2	3	101	1	2	9100888	0	0	1					1
9100888	夜间巡逻圣物-获得毒时获得9100889	10001					0				2	1	9437		3	301	1	2	9100889	0	0	1					1
9100889	夜间巡逻圣物-回合结束时获得2层毒	10001					0				2	1	1103	3	3	301	1;1	2	9100229;9100229	0	0	1					1
9100890	夜间巡逻圣物-dot触发，目标身上毒大于10层时	10001					0				2	1	9447		3	101	2	2	9100235	0	0	1					1
9100891	夜间巡逻圣物-对敌方攻击技能释放结束后额外造成一段伤害	10001					0				2	1	9448	2	3	123	2	2	9100236	0	0	1					1
180500801	香草-1技能buff	10001					2				2	1								1	0	0		80500801	180500801		1
180500802	香草-配角色卡牌表触发1技能buff-战斗开始时给友方全体挂180500820	10001					0				2	1	7322	3	3	202	1	2	180500820	0	0	1					1
180500803	香草-触发1技能buff-释放攻击技能后，若目标身上携带180500801，则对自己施加280500805技能效果	10001					0	1002	1	3	2	1	9457	2	3	301	2	1	280500805	0	0	1					1
180500804	香草-1技能-吸血，技能结束后清除(暂时废弃）	480500809					0				2	1								0	0	1					1
180500805	香草-2技能-乐园套餐A-暴击伤害提升x%	480500801		1		3	1				2	1								1	1	0		100601	100601		1
180500806	香草-2技能-乐园套餐B-穿透率提升x%	480500802		1		3	1				2	1								1	1	0		100901	100901		1
180500807	香草-2技能-乐园套餐C-防御力提升x%	480500803		1		3	1				2	1								1	1	0		100201	100201		1
180500808	香草-2技能-乐园套餐D-忍耐率提升x%	480500804		1		3	1				2	1								1	1	0		101001	101001		1
180500809	香草-2技能-乐园套餐E-最大生命值提升x%	480500805		1		3	1				2	1								1	1	0		100301	100301		1
180500810	香草-大招-攻击力提升x%	480500806		1		2	1				2	1								1	1	0		100101	100101		1
180500811	香草-被动天赋表-战斗开始时，给所有蓝色友方挂180500812	10001					0				2	1	7322	3	3	240	1	2	180500812	0	0	1		61805008			1
180500812	香草-被动-暴击率提升x%	480500807					0				2	1								0	0	1	1				1
180500813	香草-猫娘被动卡牌表-战斗开始时给所有携带180400815的角色挂180500814	10001					0				2	1	7322	3	3	150	1	2	180500814	0	0	1					1
180500814	香草-猫娘被动-获得180500814时，若自己身上有180400815，且自己身上没有180500819，则给友方全体挂180500815	10001					0				2	1	9291	3	3	202	1	2	180500815	0	0	1					1
180500815	香草-猫娘被动-受到治疗提升	480500808					0				2	1								0	0	1					1
180500816	香草-1星效果天赋表-战斗开始时，给自己的72805008提升1星	10001					0				2	1	1102	3	3	301	2	2	280500806	0	0	1					1
180500817	香草-4星效果天赋表-其他人释放技能后，若释放者为己方，是3星技能牌，非奥义技能，则给友方全体施加技能效果280500803和206030102	10001					0				2	1	9477	3	3	202	2;2	2	280500803;206030102	0	0	1					1
180500818	香草-6星天赋表-回合开始时，对友方全体施加技能效果280500804	10001					0				2	1	1102	3	3	202	2	2	280500804	0	0	1					1
180500819	香草-自身的专属标记，判断用	10001					0				2	1								0	0	1					1
180500820	香草-触发1技能的标记，释放技能时，若目标身上有180500801，则对自己施加180500803	10001					0				2	1	9474	2	3	301	1	1	180500803	0	0	1					1
180600801	可可-被动天赋表-战斗开始时，给敌方全体挂180600802	10001					0				2	1	7322	3	3	102	1	2	180600802	0	0	1		61806008		2	1
180600802	可可-按自身暴击率的x%，降低敌方全体暴击抵抗	480600801					0				2	1								0	0	1	1			2	1
180600803	可可-3星天赋表-战斗开始时，给自己挂180600804	10001					0				2	1	7322	3	3	301	1	2	180600804	0	0	1				2	1
180600804	可可-3星天赋表-暴击率提升x%	480600802					0				2	1								0	0	1				2	1
180600805	可可-3星天赋表-战斗开始时，给自己挂180600806	10001					0				2	1	7322	3	3	301	1	2	180600806	0	0	1				2	1
180600806	可可-3星天赋表-攻击力提升x%，暴击率提升y%	480600803;480600804					0				2	1								0	0	1				2	1
9100892	夜间巡逻圣物-对敌方使用技能时，挂9100833-单体	10001					0				2	1	9454	2	3	101	1	2	9100833	0	0	1					1
9100893	夜间巡逻圣物-对敌方使用技能时，挂9100833-群体	10001					0				2	1	9455	2	3	102	1	2	9100833	0	0	1					1
9100894	夜间巡逻圣物-对敌方使用技能时，挂9100845-群体	10001					0				2	1	9455	2	3	102	1	2	9100845	0	0	1					1
9100895	夜间巡逻圣物-对敌方使用技能前，挂9100888-群体	10001					0				2	1	9455	2	3	102	1	2	9100888	0	0	1					1
9100896	夜间巡逻圣物-对敌方使用技能前，挂9100886-群体	10001					0				2	1	9455	2	3	102	1	2	9100877	0	0	1					1
9100897	夜间巡逻圣物-对敌方使用技能前，挂9100877-群体	10001					0				2	1	9455	2	3	102	1	2	9100877	0	0	1					1
9100898	夜间巡逻圣物-对敌方使用技能时，挂9100798-群体	10001					0				2	1	9455	2	3	102	1	2	9100798	0	0	1					1
9100899	夜间巡逻圣物-对敌方使用技能前，挂9100872，9100873-群体	10001					0				2	1	9455	2	3	102	1;1	2	9100872;9100873	0	0	1					1
9100900	夜间巡逻圣物-对敌方使用技能前，挂9100857-群体	10001					0				2	1	9455	2	3	102	1	2	9100857	0	0	1					1
9100901	夜间巡逻圣物-对敌方使用技能前，挂9100855-群体	10001					0				2	1	9455	2	3	102	1	2	9100851	0	0	1					1
9100902	夜间巡逻圣物-对敌方使用技能时，挂9100809-群体	10001					0				2	1	9455	2	3	102	1	2	9100809	0	0	1					1
9100903	夜间巡逻圣物-对敌方使用技能时，挂9100822;9100824;9100825-群体	10001					0				2	1	9455	2	3	102	1;1;1	2	9100822;9100824;9100825	0	0	1					1
9100904	夜间巡逻圣物-对敌方使用技能时，挂9100831-群体	10001					0				2	1	9455	2	3	102	1	2	9100831	0	0	1					1
112000801	旋风初成-2技能-buff1：造成最终伤害提升	412000801		1			1				2	1								1	1	0		101201	101201		1
112000802	旋风初成-大招-穿透率提升	412000802		1		2	1				2	1								1	1	0		100901	100901		1
112000803	旋风初成-被动天赋表-战斗开始时给友方全体挂112000804	10001					0				2	1	7322	3	3	202	1	2	112000804	0	0	1		61120008		2	1
112000804	旋风初成-被动-攻击力提升x%	412000803					0				2	1								0	0	1	1			2	1
112000805	旋风初成-大招-暴击率提升（不升级）	412000814		1		3	1				2	1								0	0	1		100501	100501		1
112000806	旋风初成-1星天赋表-战斗开始时，给自己加2点奥义能量	10001					0				2	1	7322	3	3	301	2	2	210010102	0	0	1				2	1
112000807	旋风初成-4星天赋表-释放奥义技能后，给自己加1点奥义能量	10001					0				2	1	1105	2	3	301	2	2	210010101	0	0	1				2	1
112000808	旋风初成-4星天赋表-释放奥义技能后，驱散友方全体2层减益效果	10001					0				2	1	1105	2	3	202	2	2	206030102	0	0	1				2	1
112000809	旋风初成-6星天赋表-每回合开始时，给友方全体挂112000810	10001					0				2	1	1102	3	3	202	1	2	112000810	0	0	1				2	1
112000810	旋风初成-6星效果-防御力和生命值提升4%，可叠加5层	412000804;412000805					1				2	3								0	0	1		12000801	112000801	2	1
112000811	旋风初成-1技能-恐惧1/1/2回合	412000806		1			2				2	1								1	1	0		210304	210304		1
9100905	夜间巡逻圣物-造成伤害时，对除自己外其他友方挂触发器	10001					0				2	1	1003	3	3	251	1	2	9100906	0	0	1					1
9100906	夜间巡逻圣物-伤害标记	10001					0				2	1								0	0	1					1
8100203	噩梦回响：我方单位自身携带增益效果数量达到3个时，造成伤害提升15%	10001		1			0				2	1	9459			301	1	1	8100206	0	0	1					1
8100204	噩梦回响：我方单位自身携带增益效果数量达到5个时，造成伤害提升15%	10001		1			0				2	1	9459			301	1	1	8100206	0	0	1					1
8100205	噩梦回响：我方单位自身携带增益效果数量达到7个时，造成伤害提升15%	10001		1			0				2	1	9459			301	1	1	8100206	0	0	1					1
8100206	噩梦回响：造成伤害提升15%	411501156		0			0	1002	99	3	2	3								0	0	1		101201	101201		1
8100207	噩梦回响-处于【冰封】状态的敌方单位受到伤害提升80%	10001		1			0				2	1	7002			301	1	2	8100208	0	0	1					1
8100208	噩梦回响-受到伤害提升80%	411502172		0			2	7005	1		2	1								0	0	1		201101	320036		1
8100209	噩梦回响：未携带减益效果的我方目标造成伤害提升20%	10001		1			0				2	1	9461			301	1	1	8100210	0	0	1					1
8100210	噩梦回响：造成伤害提升20%	411501158		0			1	1002	99	3	2	3								0	0	1		101201	101201		1
7100148	【猫乐园-特殊被动】释放2星技能提升穿透效果，最高10层	10001		0			1				2	1	9318			301	1	2	7100150	1	1	0		300014	7100148		1
7100149	【猫乐园-特殊被动】释放3星技能提升攻击力，最高10层	10001		0			1				2	1	9319			301	1	2	7100151	1	1	0		300014	7100149		1
7100150	【猫乐园-特殊被动】穿透提升15%最高10层，999回合	411203155		0			1				2	3								1	1	0		100901	100901		1
7100151	【猫乐园-特殊被动】攻击力提升30%最高10层，999回合	401102152		0			1				2	3								1	1	0		100101	100101		1
112500801	架刑罪赎-2技能-忍耐率降低，3回合，最高5层	412500801		1			2				2	3								1	1	0		201001	201001		1
112500802	架刑罪赎-初始被动天赋表-战斗开始时，给友方全体挂112500803	10001					0				2	1	7322	3	3	202	1	2	112500803	0	0	1		61125008			1
112500803	架刑罪赎-被动效果-穿透率提升，按施法者一定比例	412500802					0				2	1								0	0	1					1
112500804	架刑罪赎-1星天赋表-战斗开始时，给自己回复2点sp	10001					0				2	1	7322	3	3	301	2	2	210010102	0	0	1					1
112500805	架刑罪赎-4星天赋表，释放奥义技能后，获得112500806	10001					0				2	1	1105	2	3	301	1	2	112500806	0	0	1					1
112500806	架刑罪赎-4星-穿透率提升，可叠加2层	412500803					1				2	3								1	1	0		100901	100901		1
112500807	架刑罪赎-6星天赋表-战斗开始时，给所有蓝色友方挂112500808，112500810，112500812	10001					0				2	1	7322	3	3	240	1;1;1	2	112500808;112500810;112500812	0	0	1					1
112500808	架刑罪赎-6星-主动释放技能，是单体，是攻击牌，是1星，则给目标挂112500809	10001					0				2	1	9468	2	3	-1	1	1	112500809	0	0	1					1
112500809	架刑罪赎-6星-1星 防御力降低x%	412500804					2	7432	1	1	2	1								0	0	1		200201	200201		1
112500810	架刑罪赎-6星-主动释放技能，是单体，是攻击牌，是2星，则给目标挂112500811	10001					0				2	1	9468	2	3	-1	1	1	112500811	0	0	1					1
112500811	架刑罪赎-6星-2星 防御力降低x%	412500805					2	7432	1	1	2	1								0	0	1		200201	200201		1
112500812	架刑罪赎-6星-主动释放技能，是单体，是攻击牌，是3星，则给目标挂112500813	10001					0				2	1	9468	2	3	-1	1	1	112500813	0	0	1					1
112500813	架刑罪赎-6星-3星 防御力降低x%	412500806					2	7432	1	1	2	1								0	0	1		200201	200201		1
380400801	巧克力-专武被动1-释放42804008前，给自己挂380400802	10001					0				2	1	1008	2	3	301	1	2	380400802	0	0	1				2	1
380400802	巧克力-专武效果-造成破碎伤害提升+8%	380400801					0	1002	1	2	2	1								0	0	1				2	1
380400803	巧克力-专武被动2-战斗开始时，如果友方全蓝色，给自己挂380400804	10001					0				2	1	9294	3	3	301	1	2	380400804	0	0	1				2	1
380400804	巧克力-专武效果-穿透率+5%	380400802					0				2	1								0	0	1				2	1
380400805	巧克力-专武被动1-释放42804008前，给自己挂380400806	10001					0				2	1	1008	2	3	301	1	2	380400806	0	0	1				2	1
380400806	巧克力-专武效果-造成破碎伤害提升+16%	380400803					0	1002	1	2	2	1								0	0	1				2	1
380400807	巧克力-专武被动2-战斗开始时，如果友方全蓝色，给自己挂380400808	10001					0				2	1	9294	3	3	301	1	2	380400808	0	0	1				2	1
380400808	巧克力-专武效果-穿透率+10%	380400804					0				2	1								0	0	1				2	1
380500801	香草-专武被动1-释放41805008前，给自己挂380500802	10001					0				2	1	1008	2	3	301	1	2	380500802	0	0	1				2	1
380500802	香草-专武效果-造成最终伤害提升+8%	380500801					0	1002	1	2	2	1								0	0	1				2	1
380500803	香草-专武被动2-战斗开始时，给所有蓝色友方挂380500804	10001					0				2	1	7322	3	3	240	1	2	380500804	0	0	1				2	1
380500804	香草-专武效果-忍耐率+6%	380500802					0				2	1								0	0	1				2	1
380500805	香草-专武被动1-释放41805008前，给自己挂380500806	10001					0				2	1	1008	2	3	301	1	2	380500806	0	0	1				2	1
380500806	香草-专武效果-造成最终伤害提升+16%	380500803					0	1002	1	2	2	1								0	0	1				2	1
380500807	香草-专武被动2-战斗开始时，给所有蓝色友方挂380500808	10001					0				2	1	7322	3	3	240	1	2	380500808	0	0	1				2	1
380500808	香草-专武效果-忍耐率+12%	380500804					0				2	1								0	0	1				2	1
312500801	架刑罪赎-专武被动1-释放41125008前，给自己挂312500802	10001					0				2	1	1008	2	3	301	1	2	312500802	0	0	1				2	1
312500802	架刑罪赎-专武效果-造成穿刺伤害提升+8%	312500801					0	1002	1	2	2	1								0	0	1				2	1
312500803	架刑罪赎-专武被动2-战斗开始时，给所有蓝色友方挂312500804	10001					0				2	1	7322	3	3	240	1	2	312500804	0	0	1				2	1
312500804	架刑罪赎-专武效果-防御力+4%	312500802					0				2	1								0	0	1				2	1
312500805	架刑罪赎-专武被动1-释放41125008前，给自己挂312500806	10001					0				2	1	1008	2	3	301	1	2	312500806	0	0	1				2	1
312500806	架刑罪赎-专武效果-造成穿刺伤害提升+16%	312500803					0	1002	1	2	2	1								0	0	1				2	1
312500807	架刑罪赎-专武被动2-战斗开始时，给所有蓝色友方挂312500808	10001					0				2	1	7322	3	3	240	1	2	312500808	0	0	1				2	1
312500808	架刑罪赎-专武效果-防御力+8%	312500804					0				2	1								0	0	1				2	1
312000801	旋风初成-专武被动1-释放41120008前，给自己挂312000802	10001					0				2	1	1008	2	3	301	1	2	312000802	0	0	1				2	1
312000802	旋风初成-专武效果-造成最终伤害提升+8%	312000801					0	1002	1	2	2	1								0	0	1				2	1
312000803	旋风初成-专武被动2-战斗开始时，给所有友方挂312000804	10001					0				2	1	7322	3	3	202	1	2	312000804	0	0	1				2	1
312000804	旋风初成-专武效果-生命值+2.5%	312000802					0				2	1								0	0	1				2	1
312000805	旋风初成-专武被动1-释放41120008前，给自己挂312000806	10001					0				2	1	1008	2	3	301	1	2	312000806	0	0	1				2	1
312000806	旋风初成-专武效果-造成最终伤害提升+16%	312000803					0	1002	1	2	2	1								0	0	1				2	1
312000807	旋风初成-专武被动2-战斗开始时，给所有蓝色友方挂312000808	10001					0				2	1	7322	3	3	202	1	2	312000808	0	0	1				2	1
312000808	旋风初成-专武效果-生命值+5%	312000804					0				2	1								0	0	1				2	1
112000812	旋风初成-0星额外被动-战斗开始时，自身战斗员星级为num1，系统id的Num2是社团特训，则给友方全体挂112000813	10001					0				2	1	9463	3	3	202	1	2	112000813	0	0	1	1			2	1
112000813	攻击力提升	412000807					0				2	1								0	0	1	1			2	1
112000814	旋风初成-1星额外被动-战斗开始时，自身战斗员星级为num1，系统id的Num2是社团特训，则给友方全体挂112000813	10001					0				2	1	9463	3	3	202	1	2	112000815	0	0	1	1			2	1
112000815	攻击力提升	412000808					0				2	1								0	0	1	1			2	1
112000816	旋风初成-2星额外被动-战斗开始时，自身战斗员星级为num1，系统id的Num2是社团特训，则给友方全体挂112000813	10001					0				2	1	9463	3	3	202	1	2	112000817	0	0	1	1			2	1
112000817	攻击力提升	412000809					0				2	1								0	0	1	1			2	1
112000818	旋风初成-3星额外被动-战斗开始时，自身战斗员星级为num1，系统id的Num2是社团特训，则给友方全体挂112000813	10001					0				2	1	9463	3	3	202	1	2	112000819	0	0	1	1			2	1
112000819	攻击力提升	412000810					0				2	1								0	0	1	1			2	1
112000820	旋风初成-4星额外被动-战斗开始时，自身战斗员星级为num1，系统id的Num2是社团特训，则给友方全体挂112000813	10001					0				2	1	9463	3	3	202	1	2	112000821	0	0	1	1			2	1
112000821	攻击力提升	412000811					0				2	1								0	0	1	1			2	1
112000822	旋风初成-5星额外被动-战斗开始时，自身战斗员星级为num1，系统id的Num2是社团特训，则给友方全体挂112000813	10001					0				2	1	9463	3	3	202	1	2	112000823	0	0	1	1			2	1
112000823	攻击力提升	412000812					0				2	1								0	0	1	1			2	1
112000824	旋风初成-6星额外被动-战斗开始时，自身战斗员星级为num1，系统id的Num2是社团特训，则给友方全体挂112000813	10001					0				2	1	9463	3	3	202	1	2	112000825	0	0	1	1			2	1
112000825	攻击力提升	412000813					0				2	1								0	0	1	1			2	1
8100211	噩梦回响-我方单位造成的【穿刺伤害】提升15%，自身携带护盾时额外提升15%。	813061151		0			1				2	1	9466			301	1	2	8100212	0	0	1		102601	320067		1
8100212	噩梦回响-造成的【穿刺伤害】提升15%	813061151		0			1	9467	1		2	1								0	0	1		102601	320067		1
8100213	噩梦回响：我方单位携带的任一增益效果达到4层及以上时，该单位造成伤害提升20%	10001		1			0				2	1	9465			301	1	1	8100214	0	0	1					1
8100214	噩梦回响：造成伤害提升20%	411501158		0			1	9469	99	3	2	1								0	0	1		101201	320041		1
8100215	噩梦回响：攻击力被降低的敌方单位受到伤害提升20%	10001		1			0				2	1	9464			301	1	1	8100216	0	0	1					1
8100216	噩梦回响：受到伤害提升20%	411502164		0			2	9470	1	2	2	1								0	0	1		201101	320036		1
111900801	星月夜-1技能-星芒（中立专属不可清除），可叠8层，不可升星	10001				3	0				2	3								0	0	1		11900801	111900801		1
111900802	星月夜-2技能-最终伤害提升，3层，3回合	411900801		1			1				2	3								1	1	0		101201	101201		1
111900803	星月夜-初始被动天赋表-获得111900801时，给自己挂111900804，1个技能1次	10001					0				2	1	7002	2	3	301	1	1	111900804	0	0	1	1	61119008			1
111900804	星月夜-被动效果-攻击力提升，可叠加5层	411900802					0				2	3								0	0	1	1				1
111900805	星月夜-1星天赋表-1星标记	10001					0				2	1								0	0	1	1				1
111900806	星月夜-4星天赋表-战斗开始时，给其他三相友方挂111900812	10001					0				2	1	7322	3	3	330	1	2	111900812	0	0	1	1				1
111900807	星月夜-4星效果-使用攻击技能牌时，如果自己战斗员id不是119008，那么给友方119008挂111900808	10001					0				2	1	9471	2	3	318	1	2	111900808	0	0	1	1				1
111900808	星月夜-4星天赋表-获得111900808时，给自己挂1层111900801，每回合最多2次	10001					0				2	3	7002	3	3	301	1	2	111900801	0	0	1	1				1
111900809	星月夜-4星天赋表-回合结束前，若自身111900801层数>6，则给自己回复1点sp	10001					0				2	1	9472	3	3	301	2	2	210010101	0	0	1	1				1
111900810	星月夜-6星天赋表-释放技能前，给自己挂111900811	10001					0				2	1	1003	2	3	301	1	1	111900811	0	0	1	1				1
111900811	星月夜-6星效果，每有1层111900801，暴击率提升，暴击伤害提升，技能结束后清除	411900803;411900804	1				0	1002	1	1	2	1								0	0	1	1				1
111900812	星月夜-4星天赋表-获得自身时，给蓝色自身挂111900807	10001					0				2	1	9299	3	3	325	1	2	111900807	0	0	1	1				1
112300801	絵空事-技能1-伤害传递主效果	412300801					2	9478	1	2	2	1								1	1	0		12300801	112300801		1
112300802	絵空事-技能1-4星效果-技能结束时，给自己挂1层112300809，每个技能1次	10001					0				2	1	1002	2	3	301	1	2	112300809	0	0	1				2	1
112300803	絵空事-技能2-防御力降低5%，3层，3回合	412300802					2				2	3								1	1	0		200201	200201		1
112300804	絵空事-初始被动天赋表-战斗开始时，给所有三相友方挂112300805	10001					0				2	1	7322	3	3	245	1	2	112300805	0	0	1	1	61123008		2	1
112300805	絵空事-初始被动-暴击伤害提升x%	412300803					0				2	1								0	0	1	1			2	1
112300806	絵空事-1星天赋表-1星标记	10001					0				2	1								0	0	1	1			2	1
112300807	絵空事-4星天赋表-4星标记(暂时废弃）	10001					0				2	1								0	0	1	1				1
112300808	絵空事-4星效果-单体技能释放时，若目标身上有112300801，给自己挂112300802	10001					0				2	1	9479	2	3	301	1	1	112300802	0	0	1	1			2	1
112300809	絵空事-4星效果-攻击力提升，可叠加3层	412300804				3	1				2	3								1	1	0	1	100101	100101	2	1
112300810	絵空事-6星天赋表-释放单体技能后，目标身上有112300801，技能是单体，则给对方施加212300804，1回合1次	10001					0				2	1	9473	3	3	-1	2	2	212300804	0	0	1	1			2	1
112300811	絵空事-大招-目标身上有112300801时，获得1sp	10001					0				2	1	9530	3	3	301	2	1	210010101	0	0	1	1			2	1
311900801	星月夜-专武被动1-释放41119008前，给自己挂311900802	10001					0				2	1	1008	2	3	301	1	2	311900802	0	0	1				2	1
311900802	星月夜-专武效果-造成最终伤害提升+8%	311900801					0	1002	1	2	2	1								0	0	1				2	1
311900803	星月夜-专武被动2-战斗开始时，给所有蓝色友方挂311900809	10001					0				2	1	7322	3	3	240	1	2	311900809	0	0	1				2	1
311900804	星月夜-专武效果-暴击伤害+4%，可叠加4层	311900802					0				2	3								0	0	1				2	1
311900805	星月夜-专武被动1-释放41119008前，给自己挂311900806	10001					0				2	1	1008	2	3	301	1	2	311900806	0	0	1				2	1
311900806	星月夜-专武效果-造成最终伤害提升+16%	311900803					0	1002	1	2	2	1								0	0	1				2	1
311900807	星月夜-专武被动2-战斗开始时，给所有蓝色友方挂311900810	10001					0				2	1	7322	3	3	240	1	2	311900810	0	0	1				2	1
311900808	星月夜-专武效果-暴击伤害+8%，可叠加4层	311900804					0				2	3								0	0	1				2	1
311900809	星月夜1级被动2-标记buff，获得自身时给友方119008挂311900804，1回合1次	10001					0				2	1	9299	3	3	318	1	2	311900804	0	0	1				2	1
311900810	星月夜2级被动2-标记buff，获得自身时给友方119008挂311900808，1回合1次	10001					0				2	1	9299	3	3	318	1	2	311900808	0	0	1				2	1
312300801	絵空事-专武被动1-释放42123008前，给自己挂312300802	10001					0				2	1	1008	2	3	301	1	2	312300802	0	0	1				2	1
312300802	絵空事-专武效果-造成最终伤害提升+8%	312300801					0	1002	1	2	2	1								0	0	1				2	1
312300803	絵空事-专武被动2-战斗开始时，友方全蓝色，给自己挂312300804	10001					0				2	1	9294	3	3	301	1	2	312300804	0	0	1				2	1
312300804	絵空事-专武效果-穿透率+5%	312300802					0				2	3								0	0	1				2	1
312300805	絵空事-专武被动1-释放42123008前，给自己挂312300806	10001					0				2	1	1008	2	3	301	1	2	312300806	0	0	1				2	1
312300806	絵空事-专武效果-造成最终伤害提升+16%	312300803					0	1002	1	2	2	1								0	0	1				2	1
312300807	絵空事-专武被动2-战斗开始时，友方全蓝色，给自己挂312300808	10001					0				2	1	9294	3	3	301	1	2	312300808	0	0	1				2	1
312300808	絵空事-专武效果-穿透率+10%	312300804					0				2	3								0	0	1				2	1
1010097	up卡专属加成——穿透率+15%	411203158		0			1				2	1								0	0	1		100901	320068		1
8100217	噩梦回响：敌方单位有1层忍耐率降低的减益效果，该单位受到伤害提升15%，最多提升45%	10001		1			0				2	1	9475			301	1	1	8100220	0	0	1					1
8100220	噩梦回响：受到伤害提升10%	411502164		0			2				2	3								0	0	1		201101	320036		1
8100223	噩梦回响-受到间接伤害提升30%	412202152					2				2	3								0	0	1		201901	320027		1
8100224	噩梦回响，怪物通用，暴击率降低50%	416030161					2				2	3								0	0	1		200501	320037		1
312900201	深渊誓约-专武被动1-释放42129002前，对自己挂1回合312900202	10001					0				2	1	1008	2	3	301	1	1	312900202	0	0	1				2	1
312900202	深渊誓约-专武效果-造成愤怒伤害+10%	312900201					0	1002	1	1	2	1								0	0	1				2	1
312900203	深渊誓约-专武被动2-回合开始时，对自己挂312900204	10001					0				2	1	1102	3	3	301	1	1	312900204	0	0	1				2	1
312900204	深渊誓约-专武效果-全部能力+0.6%，可叠加3层	312900202;312900203;312900204;312900205;312900206;312900207;312900208;312900209;312900210;312900211;312900212;312900213;312900214					0				2	3								0	0	1				2	1
312900205	深渊誓约-专武被动1-释放42129002前，对自己挂1回合312900206	10001					0				2	1	1008	2	3	301	1	1	312900206	0	0	1				2	1
312900206	深渊誓约-专武效果-造成愤怒伤害+20%	312900215					0	1002	1	1	2	1								0	0	1				2	1
312900207	深渊誓约-专武被动2-回合开始时，对自己挂312900208	10001					0				2	1	1102	3	3	301	1	1	312900208	0	0	1				2	1
312900208	深渊誓约-专武效果-全部能力+1.2%，可叠加3层	312900216;312900217;312900218;312900219;312900220;312900221;312900222;312900223;312900224;312900225;312900226;312900227;312900228					0				2	3								0	0	1				2	1
12015001	怪谈事件簿-免疫类-免疫debuff	407020154					0				2	1								0	0	1		110203	110203		1
12015002	怪谈事件簿-免疫类-免疫buff	407020156					0				2	1								0	0	1		210312	210312		1
12015003	怪谈事件簿-免疫类-免疫护盾	407020101					0				2	1								0	0	1		210320	210320		1
12015004	怪谈事件簿-免疫类-免疫治疗	407020102					0				2	1								0	0	1		210319	210319		1
12015005	怪谈事件簿-免疫类-免疫持续治疗（缺描述）	407020103					0				2	1								0	0	1		210319	210319		1
12015006	怪谈事件簿-免疫类-免疫控制	407020151					0				2	1								0	0	1		110204	110204		1
12015007	怪谈事件簿-控制类-【恐惧】	404040151					2				2	1								1	1	0		210304	210304		1
12015008	怪谈事件簿-控制类-【封印】	404030151					2				2	1								1	1	0		210306	210306		1
12015009	怪谈事件簿-控制类-【怯场】	404050151					2				2	1								1	1	0		210307	210307		1
12015010	怪谈事件簿-控制类-【失明】	404060151					2				2	1								1	1	0		210305	210305		1
12015011	怪谈事件簿-控制类-【沉默】	404070151					2				2	1								1	1	0		210303	210303		1
12015012	怪谈事件簿-控制类-【眩晕】	404010151					2				2	1								1	1	0		210301	210301		1
110400701	浪花约会-1技能-泡影效果（无法行动，暴击率抵抗降低）受击后解除	410400701;410400702				3	2	9116	1	3	2	1								1	1	0		110400701	110400701		1
110400702	浪花约会-大招-感染2回合	410400703;410400704				3	2				2	1								1	1	0		210319	210319		1
110400703	浪花约会-初始被动天赋表（跳字）-战斗开始时，给所有蓝色友方挂110400704	10001					0				2	1	7322	3	3	240	1	2	110400704	0	0	1		61104007		2	1
110400704	浪花约会-被动效果-防御力提升	410400705					0				2	1								0	0	1				2	1
110400705	浪花约会-1星天赋表-战斗开始时，获得2点sp	10001					0				2	1	7322	3	3	301	2	2	210010102	0	0	1				2	1
110400706	浪花约会-3星天赋表-战斗开始时，自己随机一张71104007升星1次	10001					0				2	1	1102	3	3	301	2	2	210400704	0	0	1				2	1
110400707	浪花约会-5星天赋表-5星标记	10001				3	0				2	1								0	0	1				2	1
12015132	怪谈事件簿-特殊词条-触发器-攻击时为目标施加2回合造成伤害降低LV1	10001					0				2	1	7319			-1	1	1	12015133	0	0	1		341007	12015203		1
12015133	怪谈事件簿-特殊词条-效果-2回合造成伤害降低15%	411501165					2				2	1								1	1	0		201201	201201		1
12015134	怪谈事件簿-特殊词条-触发器-普通敌人开场获得1点奥义能量	10001					0				2	1	1102			301	2	1	210010101	0	0	1					1
12015135	怪谈事件簿-特殊词条-触发器-攻击时为目标施加2回合受到伤害提升LV1	10001					0				2	1	7319			-1	1	1	12015136	0	0	1		341007	12015204		1
12015136	怪谈事件簿-特殊词条-效果-2回合受到伤害提升15%	411502168					2				2	1								1	1	0		201101	201101		1
12015137	怪谈事件簿-特殊词条-效果-受到治疗量提升50%	411602109					1				2	1								0	0	1		101401	101401		1
12015138	怪谈事件簿-特殊词条-触发器-死亡后敌方全体获得受到伤害降低LV1	10001					0				2	1	1007			202	1	1	12015139	0	0	1		341007	12015205		1
12015139	怪谈事件簿-特殊词条-效果-受到伤害降低20%	411502163					1				2	1								1	1	0		101101	101101		1
12015140	怪谈事件簿-特殊词条-触发器-每回合开始时获得自身最大生命值15%的护盾	10001					0				2	1	1102			301	1	1	12015141	0	0	1		341007	12015206		1
12015141	怪谈事件簿-特殊词条-效果-自身最大生命值15%的护盾	305040152					1				2	1								1	1	0		110202	110202		1
12015142	怪谈事件簿-特殊词条-触发器-死亡后敌方全体获得造成伤害提升LV1	10001					0				2	1	1007			202	1	1	12015143	0	0	1		341007	12015207		1
12015143	怪谈事件簿-特殊词条-效果-造成伤害提升20%	411501158					1				2	1								1	1	0		101201	101201		1
12015144	怪谈事件簿-特殊词条-触发器-每回合清除自身1层减益状态	10001					0				2	1	1102			301	2	1	206030101	0	0	1		341007	12015208		1
12015145	怪谈事件簿-特殊词条-触发器-敌方单位死亡时，我方全体受到自身最大生命值15%的伤害	10001					0				2	1	1007			102	2	1	311410602	0	0	1		341007	12015209		1
12015146	怪谈事件簿-特殊词条-触发器-每2回合驱散敌方全体1层减益效果	10001					0				2	1	1102	1		301	2	1	206030101	0	0	1		341007	12015210		1
12015147	怪谈事件簿-特殊词条-触发器-我方战斗员击杀敌方时自身获得2回合受到伤害提升30%（上限1层）	10001					0				2	1	9086			301	1	1	12015148	0	0	1		341007	12015211		1
12015148	怪谈事件簿-特殊词条-效果-2回合受到伤害提升30%（上限1层）	411502169					2				2	1								1	1	0		201101	201101		1
12015149	怪谈事件簿-特殊词条-触发器-我方战斗员击杀敌方时自身获得2回合造成伤害降低30%（上限1层）	10001					0				2	1	9086			301	1	1	12015150	0	0	1		341007	12015212		1
12015150	怪谈事件簿-特殊词条-效果-2回合造成伤害降低30%（上限1层）	411501166					2				2	1								1	1	0		201201	201201		1
12015151	怪谈事件簿-特殊词条-触发器-携带减益效果的我方单位受到伤害提升20%	10001					0				2	1	9500			301	1	1	12015152	0	0	1		341007	12015213		1
12015152	怪谈事件簿-特殊词条-效果-受到伤害提升20%	411502164					2	9487	1		2	1								0	0	1		201101	201101		1
12015153	怪谈事件簿-特殊词条-触发器-携带增益效果的敌方单位造成伤害提升20%	10001					0				2	1	9459			301	1	1	12015154	0	0	1		341007	12015214		1
12015154	怪谈事件簿-特殊词条-效果-造成伤害提升20%	411501158					1	1002	1		2	1								0	0	1		101201	101201		1
12015155	怪谈事件簿-特殊词条-触发器-敌方单位血量低于30%时造成伤害提升30%	10001					0				2	1	7422			301	1	1	12015156	0	0	1		341007	12015215		1
12015156	怪谈事件簿-特殊词条-效果-造成伤害提升30%	411501160					1	9256	1		2	1								0	0	1		101201	101201		1
12015013	怪谈事件簿-控制类-敌方攻击时会造成冰封效果	10001					0				2	1	1001	2		101	1	2	12015007	0	0	1		300014	12015013		1
12015014	怪谈事件簿-控制类-冰封效果2回合	404010101					2				2	1	9089	3		101	1;1	2	111100204;111100205	0	0	1		210309;3000131;3000132	210309		1
12015015	怪谈事件簿-效果类-BOSS受到伤害，大幅提升全体敌方防御力	10001					0				2	1	1004	2		202	1	2	12015016	0	0	1		300014	12015015		1
12015016	怪谈事件簿-效果类-大幅提升全体敌方防御力	12015016					1				2	1								0	0	1		100201	100201		1
12015017	怪谈事件簿-效果类-自身释放3星技能时，敌方获得大量治疗	10001					0				2	1	9319	2		102	2	2	12015017	0	0	1		300014	12015017		1
12015018	怪谈事件簿-效果类-自身释放1星技能时，敌方攻击力提升LV1	10001					0				2	1	9319	2		102	1	2	12015019	0	0	1		300014	12015018		1
12015019	怪谈事件簿-效果类-攻击力提升10%LV1	12015019					1				2	1								0	0	1		100101	100101		1
12015020	怪谈事件簿-效果类-造成的属性克制伤害提升LV1	12015140;12015141;12015142					1				2	1								0	0	1		300014	12015020		1
12015021	怪谈事件簿-效果类-造成的属性克制伤害提升LV2	12015143;12015144;12015145					1				2	1								0	0	1		300014	12015021		1
12015022	怪谈事件簿-效果类-造成的属性克制伤害提升LV3	12015146;12015147;12015148					1				2	1								0	0	1		300014	12015022		1
12015023	怪谈事件簿-效果类-敌方免疫受到的debuff	409020152					1				2	1								0	0	1		110203	110203		1
12015024	怪谈事件簿-效果类-敌方受到伤害均摊	12015024					1				2	1	1102	1		202	1	2	12015024	0	0	1		300014	12015024		1
12015025	怪谈事件簿-效果类-敌方受到伤害时会反伤	12015025					1				2	1								0	0	1		300014	12015025		1
12015026	怪谈事件簿-效果类-BOSS生命值低于50%时，暴击提升100%	10001					0				2	1	1015	1		301	1	2	12015027	0	0	1		300014	12015026		1
12015027	怪谈事件簿-效果类-暴击提升100%	12015027					1				2	1								0	0	1		100501	100501		1
12015028	怪谈事件簿-效果类-受到诅咒伤害降低LV1	12015028					1				2	1								0	0	1		101901	12015028		1
12015029	怪谈事件簿-效果类-受到诅咒伤害降低LV2	12015029					1				2	1								0	0	1		101901	12015028		1
12015030	怪谈事件簿-效果类-受到诅咒伤害降低LV3	12015030					1				2	1								0	0	1		101901	12015028		1
12015031	怪谈事件簿-效果类-无法使用增益技能	12015031					2				2	1								0	0	1		210306	210306		1
12015032	怪谈事件簿-效果类-无法使用治疗技能	12015032					2				2	1								0	0	1		210305	210305		1
12015033	怪谈事件簿-效果类-蓄势伤害降低LV1	12015033					1				2	1								0	0	1		3100111	12015033		1
12015034	怪谈事件簿-效果类-蓄势伤害降低LV2	12015034					1				2	1								0	0	1		3100111	12015033		1
12015035	怪谈事件簿-效果类-蓄势伤害降低LV3	12015035					1				2	1								0	0	1		3100111	12015033		1
12015036	怪谈事件簿-效果类-BOSS受到非暴击伤害时，获得治疗LV1	10001					0				2	1	9480	2		301	2	2	12015036	0	0	1		3100111	12015036		1
12015037	怪谈事件簿-效果类-BOSS受到非暴击伤害时，获得治疗LV2	10001					0				2	1	9480	2		301	2	2	12015037	0	0	1		3100111	12015037		1
12015038	怪谈事件簿-效果类-BOSS受到非暴击伤害时，获得治疗LV3	10001					0				2	1	9480	2		301	2	2	12015038	0	0	1		3100111	12015038		1
12015039	怪谈事件簿-效果类-敌方初始SP点数+1	10001					0				2	2	7322	2		301	2	2	12015052	0	0	1					1
12015040	怪谈事件簿-效果类-敌方SP技能伤害提升LV1	10001					0				2	1	1101	2		301	1	2	12015043	0	0	1		3100111	12015040		1
12015041	怪谈事件簿-效果类-敌方SP技能伤害提升LV2	10001					0				2	1	1101	2		301	1	2	12015044	0	0	1		3100111	12015041		1
12015042	怪谈事件簿-效果类-敌方SP技能伤害提升LV3	10001					0				2	1	1101	2		301	1	2	12015045	0	0	1		3100111	12015042		1
12015043	怪谈事件簿-效果类-伤害提升LV1	12015043					1	1002	1	2	2	1								0	0	1					1
12015044	怪谈事件簿-效果类-伤害提升LV2	12015044					1	1002	1	2	2	1								0	0	1					1
12015045	怪谈事件簿-效果类-伤害提升LV3	12015045					1	1002	1	2	2	1								0	0	1					1
12015046	怪谈事件簿-效果类-敌方普通技能伤害提升LV1	10001					0				2	1	9481	2		301	1	2	12015049	0	0	1		3100111	12015046		1
12015047	怪谈事件簿-效果类-敌方普通技能伤害提升LV2	10001					0				2	1	9481	2		301	1	2	12015050	0	0	1		3100111	12015047		1
12015048	怪谈事件簿-效果类-敌方普通技能伤害提升LV3	10001					0				2	1	9481	2		301	1	2	12015051	0	0	1		3100111	12015048		1
12015049	怪谈事件簿-效果类-伤害提升LV1	12015049					1	1002	1	2	2	1								0	0	1					1
12015050	怪谈事件簿-效果类-伤害提升LV2	12015050					1	1002	1	2	2	1								0	0	1					1
12015051	怪谈事件簿-效果类-伤害提升LV3	12015051					1	1002	1	2	2	1								0	0	1					1
12015052	怪谈事件簿-效果类-敌方释放SP技能后恢复SP点数LV1	10001					0				2	1	9244	2		301	2	2	12015052	0	0	1		3100111	12015052		1
12015053	怪谈事件簿-效果类-敌方释放SP技能后恢复SP点数LV2	10001					0				2	1	9244	2		301	2	2	12015053	0	0	1		3100111	12015052		1
12015054	怪谈事件簿-效果类-敌方释放SP技能后恢复SP点数LV3	10001					0				2	1	9244	2		301	2	2	12015054	0	0	1		3100111	12015052		1
12015055	怪谈事件簿-效果类-敌方释放SP技能后获得护盾LV1	10001					0				2	1	9244	2		301	1	2	12015058	0	0	1		3100111	12015055		1
12015056	怪谈事件簿-效果类-敌方释放SP技能后获得护盾LV2	10001					0				2	1	9244	2		301	1	2	12015059	0	0	1		3100111	12015056		1
12015057	怪谈事件簿-效果类-敌方释放SP技能后获得护盾LV3	10001					0				2	1	9244	2		301	1	2	12015060	0	0	1		3100111	12015057		1
12015058	怪谈事件簿-效果类-护盾LV1	12015058					1				2	1								0	0	1		110202	110202		1
12015059	怪谈事件簿-效果类-护盾LV2	12015059					1				2	1								0	0	1		110202	110202		1
12015060	怪谈事件簿-效果类-护盾LV3	12015060					1				2	1								0	0	1		110202	110202		1
12015061	怪谈事件簿-效果类-入场获得3回合巨额护盾LV1	10001					0				2	1	7322	2		301	1	2	12015064	0	0	1		3100111	12015061		1
12015062	怪谈事件簿-效果类-入场获得3回合巨额护盾LV2	10001					0				2	1	7322	2		301	1	2	12015065	0	0	1		3100111	12015062		1
12015063	怪谈事件簿-效果类-入场获得3回合巨额护盾LV3	10001					0				2	1	7322	2		301	1	2	12015066	0	0	1		3100111	12015063		1
12015064	怪谈事件簿-效果类-巨额护盾LV1	12015064					1				2	1								0	0	1		110202	110202		1
12015065	怪谈事件簿-效果类-巨额护盾LV2	12015065					1				2	1								0	0	1		110202	110202		1
12015066	怪谈事件簿-效果类-巨额护盾LV3	12015066					1				2	1								0	0	1		110202	110202		1
12015067	怪谈事件簿-效果类-敌人护盾存在时，受到的伤害降低30%LV1	10001					0				2	1	9475	2		301	1	2	12015070	0	0	1		3100111	12015067		1
12015068	怪谈事件簿-效果类-敌人护盾存在时，受到的伤害降低30%LV2	10001					0				2	1	9475	2		301	1	2	12015071	0	0	1		3100111	12015068		1
12015069	怪谈事件簿-效果类-敌人护盾存在时，受到的伤害降低30%LV3	10001					0				2	1	9475	2		301	1	2	12015072	0	0	1		3100111	12015069		1
12015070	怪谈事件簿-效果类-受到的伤害降低30%LV1	12015070					1	9476	1	2	2	1								0	0	1		101101	101101		1
12015071	怪谈事件簿-效果类-受到的伤害降低30%LV2	12015071					1	9476	1	2	2	1								0	0	1		101101	101101		1
12015072	怪谈事件簿-效果类-受到的伤害降低30%LV3	12015072					1	9476	1	2	2	1								0	0	1		101101	101101		1
12015073	怪谈事件簿-效果类-敌方受到单体技能伤害降低LV1	10001					0				2	1	7420	2		301	1	2	12015076	0	0	1		3100111	12015073		1
12015074	怪谈事件簿-效果类-敌方受到单体技能伤害降低LV2	10001					0				2	1	7420	2		301	1	2	12015077	0	0	1		3100111	12015074		1
12015075	怪谈事件簿-效果类-敌方受到单体技能伤害降低LV3	10001					0				2	1	7420	2		301	1	2	12015078	0	0	1		3100111	12015075		1
12015076	怪谈事件簿-效果类-伤害降低LV1	12015076					1	1002	1	2	2	1								0	0	1		101101	101101		1
12015077	怪谈事件簿-效果类-伤害降低LV2	12015077					1	1002	1	2	2	1								0	0	1		101101	101101		1
12015078	怪谈事件簿-效果类-伤害降低LV3	12015078					1	1002	1	2	2	1								0	0	1		101101	101101		1
12015079	怪谈事件簿-效果类-敌方受到群体技能伤害降低LV1	10001					0				2	1	9424	2		301	1	2	12015082	0	0	1		3100111	12015079		1
12015080	怪谈事件簿-效果类-敌方受到群体技能伤害降低LV2	10001					0				2	1	9424	2		301	1	2	12015083	0	0	1		3100111	12015080		1
12015081	怪谈事件簿-效果类-敌方受到群体技能伤害降低LV3	10001					0				2	1	9424	2		301	1	2	12015084	0	0	1		3100111	12015081		1
12015082	怪谈事件簿-效果类-伤害降低LV1	12015082					1	1002	1	2	2	1								0	0	1		101101	101101		1
12015083	怪谈事件簿-效果类-伤害降低LV2	12015083					1	1002	1	2	2	1								0	0	1		101101	101101		1
12015084	怪谈事件簿-效果类-伤害降低LV3	12015084					1	1002	1	2	2	1								0	0	1		101101	101101		1
12015085	怪谈事件簿-效果类-敌方死亡对友方造成治疗LV1	10001					0				2	1	1007	2		202	2	2	12015085	0	0	1		3100111	12015085		1
12015086	怪谈事件簿-效果类-敌方死亡对友方造成治疗LV2	10001					0				2	1	1007	2		202	2	2	12015086	0	0	1		3100111	12015086		1
12015087	怪谈事件簿-效果类-敌方死亡对友方造成治疗LV3	10001					0				2	1	1007	2		202	2	2	12015087	0	0	1		3100111	12015087		1
12015088	怪谈事件簿-效果类-敌方攻击时偷取目标SP	10001					0				2	1	1001	2		101	2	2	12015088	0	0	1		3100111	12015088		1
12015089	怪谈事件簿-效果类-敌方获得治疗时,攻击力提升	10001					0				2	1	9236	2		301	1	2	12015090	0	0	1		3100111	12015089		1
12015090	怪谈事件簿-效果类-攻击力提升	12015090					1				2	1								0	0	1		100101	100101		1
12015091	怪谈事件簿-效果类-敌方获得治疗时,防御力提升	10001					0				2	1	9236	2		301	1	2	12015092	0	0	1		3100111	12015091		1
12015092	怪谈事件簿-效果类-防御力提升	12015092					1				2	1								0	0	1		100201	100201		1
12015093	怪谈事件簿-效果类-友方输出职业受到伤害提升LV1	12015093					1				2	1								0	0	1		201101	201101		1
12015094	怪谈事件簿-效果类-友方输出职业受到伤害提升LV2	12015094					1				2	1								0	0	1		201101	201101		1
12015095	怪谈事件簿-效果类-友方输出职业受到伤害提升LV3	12015095					1				2	1								0	0	1		201101	201101		1
12015096	怪谈事件簿-效果类-友方无法受到护盾效果	12015096					1				2	1								0	0	1		3100111	12015096		1
12015097	怪谈事件簿-效果类-敌方攻击降低目标攻击力LV1	10001					0				2	1	1001	2		101	1	2	12015100	0	0	1		3100111	12015097		1
12015098	怪谈事件簿-效果类-敌方攻击降低目标攻击力LV2	10001					0				2	1	1001	2		101	1	2	12015101	0	0	1		3100111	12015098		1
12015099	怪谈事件簿-效果类-敌方攻击降低目标攻击力LV3	10001					0				2	1	1001	2		101	1	2	12015102	0	0	1		3100111	12015099		1
12015100	怪谈事件簿-效果类-降低攻击力LV1	12015100					1				2	1								0	0	1		200101	200101		1
12015101	怪谈事件簿-效果类-降低攻击力LV2	12015101					1				2	1								0	0	1		200101	200101		1
12015102	怪谈事件簿-效果类-降低攻击力LV3	12015102					1				2	1								0	0	1		200101	200101		1
12015103	怪谈事件簿-效果类-自身死亡时给目标恢复全部生命值	10001					0				2	1	1007	2		101	2	2	12015103	0	0	1		3100111	12015103		1
12015104	怪谈事件簿-效果类-自身死亡时给目标恢复全部SP	10001					0				2	1	1007			101	2	2	12015104	0	0	1		3100111	12015104		1
12015105	怪谈事件簿-效果类-敌方BOSS偷取目标SP点数LV1	10001					0				2	1	1001	2		101	2	2	12015105	0	0	1		3100111	12015105		1
12015106	怪谈事件簿-效果类-敌方BOSS偷取目标SP点数LV2	10001					0				2	1	1001	2		101	2	2	12015106	0	0	1		3100111	12015106		1
12015107	怪谈事件簿-效果类-敌方BOSS偷取目标SP点数LV3	10001					0				2	1	1001	2		101	2	2	12015107	0	0	1		3100111	12015107		1
12015108	怪谈事件簿-效果类-敌方每次攻击提升目标受到伤害LV1	10001					0				2	1	1001	2		101	1	2	12015111	0	0	1		3100111	12015108		1
12015109	怪谈事件簿-效果类-敌方每次攻击提升目标受到伤害LV2	10001					0				2	1	1001	2		101	1	2	12015112	0	0	1		3100111	12015109		1
12015110	怪谈事件簿-效果类-敌方每次攻击提升目标受到伤害LV3	10001					0				2	1	1001	2		101	1	2	12015113	0	0	1		3100111	12015110		1
12015111	怪谈事件簿-效果类-受到伤害提升LV1	12015111					2				2	1								0	0	1		101101	101101		1
12015112	怪谈事件簿-效果类-受到伤害提升LV2	12015112					2				2	1								0	0	1		101101	101101		1
12015113	怪谈事件簿-效果类-受到伤害提升LV3	12015113					2				2	1								0	0	1		101101	101101		1
12015114	怪谈事件簿-效果类-敌方攻击会使目标降低受到治疗LV1	10001					0				2	1	1001	2		101	1	2	12015117	0	0	1		3100111	12015114		1
12015115	怪谈事件簿-效果类-敌方攻击会使目标降低受到治疗LV2	10001					0				2	1	1001	2		101	1	2	12015118	0	0	1		3100111	12015115		1
12015116	怪谈事件簿-效果类-敌方攻击会使目标降低受到治疗LV3	10001					0				2	1	1001	2		101	1	2	12015119	0	0	1		3100111	12015116		1
12015117	怪谈事件簿-效果类-降低受到治疗LV1	12015117					2				2	1								0	0	1		201401	201401		1
12015118	怪谈事件簿-效果类-降低受到治疗LV2	12015118					2				2	1								0	0	1		201401	201401		1
12015119	怪谈事件簿-效果类-降低受到治疗LV3	12015119					2				2	1								0	0	1		201401	201401		1
12015120	怪谈事件簿-效果类-敌方攻击会使目标降低受到护盾LV1	10001					0				2	1	1001	2		101	1	2	12015123	0	0	1		3100111	12015120		1
12015121	怪谈事件簿-效果类-敌方攻击会使目标降低受到护盾LV2	10001					0				2	1	1001	2		101	1	2	12015124	0	0	1		3100111	12015121		1
12015122	怪谈事件簿-效果类-敌方攻击会使目标降低受到护盾LV3	10001					0				2	1	1001	2		101	1	2	12015125	0	0	1		3100111	12015122		1
12015123	怪谈事件簿-效果类-降低受到护盾LV1	12015123					2				2	1								0	0	1		201801	201801		1
12015124	怪谈事件簿-效果类-降低受到护盾LV2	12015124					2				2	1								0	0	1		201801	201801		1
12015125	怪谈事件簿-效果类-降低受到护盾LV3	12015125					2				2	1								0	0	1		201801	201801		1
12015126	怪谈事件簿-效果类-敌方每回合首次攻击，恢复生命值LV1	10001					0				2	1	1102	2		301	1	2	12015129	0	0	1		3100111	12015126		1
12015127	怪谈事件簿-效果类-敌方每回合首次攻击，恢复生命值LV2	10001					0				2	1	1102	2		301	1	2	12015130	0	0	1		3100111	12015127		1
12015128	怪谈事件簿-效果类-敌方每回合首次攻击，恢复生命值LV3	10001					0				2	1	1102	2		301	1	2	12015131	0	0	1		3100111	12015128		1
12015129	怪谈事件簿-效果类-吸血效果LV1	12015129					0	1002	1	2	2	1								0	0	1		101501	101501		1
12015130	怪谈事件簿-效果类-吸血效果LV2	12015130					0	1002	1	2	2	1								0	0	1		101501	101501		1
12015131	怪谈事件簿-效果类-吸血效果LV3	12015131					0	1002	1	2	2	1								0	0	1		101501	101501		1
12015200	怪谈事件簿-效果类-敌方每次受到攻击偷取攻击者SP点数LV1	10001					0				2	1	1004	2		101	1	2	12015105	0	0	1		3100111	12015200		1
12015201	怪谈事件簿-效果类-敌方每次受到攻击偷取攻击者SP点数LV2	10001					0				2	1	1004	2		101	1	2	12015106	0	0	1		3100111	12015201		1
12015202	怪谈事件簿-效果类-敌方每次受到攻击偷取攻击者SP点数LV3	10001					0				2	1	1004	2		101	1	2	12015107	0	0	1		3100111	12015202		1
12015157	怪谈事件簿-特殊词条-触发器-敌方单位回合结束时会按剩余护盾量的60%治疗自身	10001					0				2	1	1103			301	2	1	302011201	0	0	1		341007	12015216		1
12015158	怪谈事件簿-特殊词条-效果-敌方治疗溢出时会转化为护盾	408010101					0				2	1								0	0	1		341007	12015217		1
12015159	怪谈事件簿-特殊词条-效果-溢出转的固定护盾buff	408010102		0			1				1	1								1	1	0		110202	110202		1
12015160	怪谈事件簿-特殊词条-触发器-敌方单位血量不低于100%时造成伤害提升30%	10001					0				2	1	9256			301	1	1	12015161	0	0	1		341007	12015218		1
12015161	怪谈事件簿-特殊词条-效果-造成伤害提升30%	411501160					1	7422	1		2	1								0	0	1		101201	101201		1
8100225	噩梦回响-处于【感染】状态的敌方单位受到伤害提升20%-依琳	10001		1			0				2	1	7002			301	1	2	8100227	0	0	1					1
8100226	噩梦回响-处于【感染】状态的敌方单位受到伤害提升20%-浪花约会	10001		1			0				2	1	7002			301	1	2	8100227	0	0	1					1
8100227	噩梦回响：受到伤害提升20%	411502164		0			2	9482	1	2	2	1								0	0	1		201101	320036		1
12015162	怪谈事件簿-特殊词条-触发器-敌人情绪颜色改为红色	10001					0				2	1	1102			102	2	1	315010102	0	0	1					1
12015163	怪谈事件簿-特殊词条-触发器-敌人情绪颜色改为绿色	10001					0				2	1	1102			102	2	1	315010103	0	0	1					1
12015164	怪谈事件簿-特殊词条-触发器-敌人情绪颜色改为蓝色	10001					0				2	1	1102			102	2	1	315010101	0	0	1					1
12015165	怪谈事件簿-特殊词条-触发器-敌人情绪颜色改为黑色	10001					0				2	1	1102			102	2	1	315010105	0	0	1					1
12015166	怪谈事件簿-特殊词条-触发器-敌人情绪克制伤害提升50%	310010201;310010202;310010203;310010204;310010205;310010206;310010207;310010208;310010209;310010210;310010211					0				2	1								0	0	1		341007	12015222		1
12015167	怪谈事件簿-特殊词条-触发器-敌方免疫奥义能量修改	407020152;407020153					0				2	1								0	0	1		310214	110214		1
12015168	怪谈事件簿-特殊词条-触发器-敌方免疫【恐惧】	307020101					0				2	1								0	0	1		110204	12015219		1
12015169	怪谈事件簿-特殊词条-触发器-敌方免疫【沉默】	307020102					0				2	1								0	0	1		110204	12015220		1
12015170	怪谈事件簿-特殊词条-触发器-敌方免疫【封印】	307020103					0				2	1								0	0	1		110204	12015221		1
12015171	怪谈事件簿-特殊词条-效果-【持续治疗】无效	407020157					0				2	1								0	0	1		341007	12015223		1
12015172	怪谈事件簿-特殊词条-触发器-每回合开始我方随机1个单位获得【恐惧】	10001					0				2	1	1102			223	1	1	12015007	0	0	1					1
12015173	怪谈事件簿-特殊词条-触发器-每回合开始我方随机1个单位获得【怯场】	10001					0				2	1	1102			223	1	1	12015009	0	0	1					1
12015174	怪谈事件簿-特殊词条-触发器-敌方未携带减益效果时受到伤害降低20%	10001					0				2	1	9489			301	1	1	12015175	0	0	1		341007	12015224		1
12015175	怪谈事件簿-特殊词条-效果-受到伤害降低20%	411502163					0	1002	1		2	1								0	0	1		101101	101101		1
12015176	怪谈事件簿-特殊词条-触发器-第3回合结束我方全体减少1点奥义能量	10001					0				2	1	9483			202	2	1	210010106	0	0	1					1
8100228	噩梦回响：攻击力被降低的敌方单位受到伤害提升20%	10001		1			0				2	1	9484			301	1	1	8100229	0	0	1		341007	12015225		1
8100229	噩梦回响：受到伤害提升20%	411502164					2	9485	1	2	2	1								0	0	1		201101	320036		1
8100230	噩梦回响：造成蓄势伤害提升20%	313181101					1				2	1								0	0	1		101201	320069		1
8100231	噩梦回响：我方单位单体【奥义技能】伤害提升50%	10001		1			0				2	1	9430			301	1	1	8100232	0	0	1		341007	12015226		1
8100232	噩梦回响：造成伤害提升50%	411501157					1	1002	1	2	2	1								0	0	1		101201	320041		1
110300301	场外焦点-1技能-暴击伤害提升x%	410300301		1			1				2	1								1	1	0		100601	100601		1
110300302	场外焦点-大招-受到最终伤害降低2回合	410300302		1		2	1				2	1								1	1	0		101101	101101		1
110300303	场外焦点-大招-伤害均摊2回合	410300303				3	0	7005	1	3	2	1								0	0	1					1
110300304	场外焦点-大招-均摊标记2回合	10001				3	0				2	1								0	0	1		10300301	110300301		1
110300305	场外焦点-初始被动天赋表-战斗开始时，给所有红色友方挂110300306	10001					0				2	1	7322	3	3	238	1	2	110300306	0	0	1		61103003		2	1
110300306	场外焦点-被动效果-暴击率提升x%	410300304					0				2	1								0	0	1				2	1
110300307	场外焦点-1星天赋表-战斗开始时，给所有红色友方挂110300308	10001					0				2	1	7322	3	3	238	1	2	110300308	0	0	1				2	1
110300308	场外焦点-1星效果-生命值每损失1%，受到治疗提升y%	410300305	1				0				2	1								0	0	1				2	1
110300309	场外焦点-3星天赋表-3星标记，释放41103003后，清除友方全体110300310	10001					0				2	1	7001	2	3	202	2	3	210300303	0	0	1				2	1
110300310	场外焦点-3星效果-溢出治疗效果转护盾	410300306				3	0				2	1								0	0	1				2	1
110300311	场外焦点-3星效果-空白护盾	410300307					1				1	1								0	0	0		110202	110202	2	1
110300312	场外焦点-5星天赋表-战斗开始时，给所有红色友方挂110300313	10001					0				2	1	7322	3	3	238	1	2	110300313	0	0	1				2	1
110300313	场外焦点-5星效果-携带护盾时，造成最终伤害提升	410300308	1				0				2	1								0	0	1				2	1
310300301	场外焦点-专武被动1-释放42103003前，给自己挂310300302	10001					0				2	1	1008	2	3	301	1	1	310300302	0	0	1				2	1
310300302	场外焦点-专武效果-造成最终伤害提升+8%	310300301					0	1002	1	2	2	1								0	0	1				2	1
310300303	场外焦点-专武被动2-战斗开始时，给红色友方挂310300304	10001					0				2	1	9294	3	3	238	1	2	310300304	0	0	1				2	1
310300304	场外焦点-专武效果-暴击率+12%	310300302					0				2	1								0	0	1				2	1
310300305	场外焦点-专武被动1-释放42103003前，给自己挂310300306	10001					0				2	1	1008	2	3	301	1	1	310300306	0	0	1				2	1
310300306	场外焦点-专武效果-造成最终伤害提升+16%	310300303					0	1002	1	2	2	1								0	0	1				2	1
310300307	场外焦点-专武被动2-战斗开始时，给红色友方挂310300308	10001					0				2	1	9294	3	3	238	1	2	310300308	0	0	1				2	1
310300308	场外焦点-专武效果-暴击率+24%	310300304					0				2	1								0	0	1				2	1
12015177	怪谈事件簿-特殊词条-触发器-开场时防御力最高的1名敌人获得永久【嘲讽】	10001					0				2	1	1102			108	1	1	12015178	0	0	1					1
12015178	怪谈事件簿-特殊词条-效果-【嘲讽】	410001151					1				2	1								0	0	1		300001	300001		1
12015179	怪谈事件簿-特殊词条-触发器-每回合我方随机1人获得【怯场】	10001					0				2	1	1102			223	1	1	12015009	0	0	1					1
12015180	怪谈事件簿-特殊词条-效果-免疫【诅咒】	307020104					0				2	1								0	0	1		110203	12015227		1
12015181	怪谈事件簿-特殊词条-效果-免疫【燃烧】【流血】【余震】	307020105					0				2	1								0	0	1		110203	12015228		1
12015182	怪谈事件簿-特殊词条-触发器-回合开始时清除敌方全体1层减益效果	10001					0				2	1	1102			301	2	1	206020101	0	0	1		341007	12015208		1
12015183	怪谈事件簿-特殊词条-触发器-每2回合清除我方2层增益效果	10001					0				2	1	1102	1		301	2	1	206020102	0	0	1		341007	12015229		1
12015184	怪谈事件簿-特殊词条-触发器-每2回合为我方施加2回合防御力降低30%	10001					0				2	1	1102	1		301	1	1	12015185	0	0	1		341007	12015230		1
12015185	怪谈事件簿-特殊词条-效果-防御力降低30%	412010154					2				2	1								1	1	0		200201	200201		1
12015186	怪谈事件簿-特殊词条-触发器-第三回合开始时我方攻击最高的2个单位陷入【恐惧】2回合	10001					0				2	1	9486	1		206	1	1	12015007	0	0	1					1
112700112	离梦蝶-0星额外被动-战斗开始时，自身战斗员星级为num1，系统id的Num2是社团特训，则给友方全体挂112700113	10001					0				2	1	9463	3	3	202	1	2	112700113	0	0	1				2	1
112700113	攻击力、防御力、生命值提升	412700104;412700105;412700106					0				2	1								0	0	1				2	1
112700114	离梦蝶-1星额外被动-战斗开始时，自身战斗员星级为num1，系统id的Num2是社团特训，则给友方全体挂112700113	10001					0				2	1	9463	3	3	202	1	2	112700115	0	0	1				2	1
112700115	攻击力、防御力、生命值提升	412700107;412700108;412700109					0				2	1								0	0	1				2	1
112700116	离梦蝶-2星额外被动-战斗开始时，自身战斗员星级为num1，系统id的Num2是社团特训，则给友方全体挂112700113	10001					0				2	1	9463	3	3	202	1	2	112700117	0	0	1				2	1
112700117	攻击力、防御力、生命值提升	412700110;412700111;412700112					0				2	1								0	0	1				2	1
112700118	离梦蝶-3星额外被动-战斗开始时，自身战斗员星级为num1，系统id的Num2是社团特训，则给友方全体挂112700113	10001					0				2	1	9463	3	3	202	1	2	112700119	0	0	1				2	1
112700119	攻击力、防御力、生命值提升	412700113;412700114;412700115					0				2	1								0	0	1				2	1
112700120	离梦蝶-4星额外被动-战斗开始时，自身战斗员星级为num1，系统id的Num2是社团特训，则给友方全体挂112700113	10001					0				2	1	9463	3	3	202	1	2	112700121	0	0	1				2	1
112700121	攻击力、防御力、生命值提升	412700116;412700117;412700118					0				2	1								0	0	1				2	1
112700122	离梦蝶-5星额外被动-战斗开始时，自身战斗员星级为num1，系统id的Num2是社团特训，则给友方全体挂112700113	10001					0				2	1	9463	3	3	202	1	2	112700123	0	0	1				2	1
112700123	攻击力、防御力、生命值提升	412700119;412700120;412700121					0				2	1								0	0	1				2	1
112700124	离梦蝶-6星额外被动-战斗开始时，自身战斗员星级为num1，系统id的Num2是社团特训，则给友方全体挂112700113	10001					0				2	1	9463	3	3	202	1	2	112700125	0	0	1				2	1
112700125	攻击力、防御力、生命值提升	412700122;412700123;412700124					0				2	1								0	0	1				2	1
12015187	怪谈事件簿-特殊词条-触发器-我方角色受到伤害时获得2回合攻击力降低20%	10001					0				2	1	1206			301	1	1	12015185	0	0	1		341007	12015231		1
12015188	怪谈事件簿-特殊词条-效果-攻击力降低20%	401102153					2				2	1								1	1	0		200101	200101		1
12015189	怪谈事件簿-特殊词条-触发器-敌方受到群体伤害降低30%	10001		0			0				2	1	9284	2		301	1	2	12015190	0	0	1		341007	12015232		1
12015190	怪谈事件簿-特殊词条-效果-受到伤害降低30%	411502151		0			0	9285	1	2	2	1								0	0	1					1
1010098	【食契联动机制】红尘追凶：有单位死亡时为暴饮施加4层【通缉】触发器	10001					0				2	1	7058			301	1;1	1	180200803;1010099	0	0	1					1
1010099	【食契联动机制】红尘追凶：技能结束时为暴饮施加4层【通缉】	10001					0	9487	1	3	2	1	9487			301	1	1	180200803	0	0	1					1
1010100	【食契联动机制】克制提升：我方战斗员情绪颜色克制伤害提升20%	310010212;310010213;310010214		0			0				2	1								0	0	1		101201	320070		1
180300814	清平乐-初始被动天赋表-战斗开始时，给友方“醉红尘”挂180300815	10001					0				2	1	7322	3	3	313	1	2	180300815	0	0	1				2	1
180300815	清平乐-被动-获得180300806时，给自己挂180300816	10001					0				2	1	7002	2	3	301	1	2	180300816	0	0	1				2	1
180300816	清平乐-造成最终伤害提升1%，最高10层	480300808					0				2	3								0	0	1				2	1
12015191	怪谈事件簿-特殊词条-触发器-每2回合我方攻击力最高单位陷入1回合【暴露】	10001					0				2	1	1102	1		205	1	1	12015192	0	0	1					1
12015192	怪谈事件簿-特殊词条-效果-【暴露】	310003011					2				2	1								1	1	0		80300801	80300801		1
12015193	怪谈事件簿-特殊词条-触发器-敌方每回合获得1层造成伤害提升10%，上限5层	10001					0				2	1	1102			301	1	1	12015194	0	0	1		341007	12015233		1
12015194	怪谈事件簿-特殊词条-效果-造成伤害提升10%，上限5层	411501152		0			1				2	3								1	1	0		101201	101201		1
12015195	怪谈事件簿-特殊词条-效果-敌方免疫【恐惧】	307020101					0				2	1								0	0	1		110204	12015219		1
12015196	怪谈事件簿-特殊词条-触发器-敌方开场获得3回合生命值200%护盾	10001					0				2	1	1102			301	1	1	12015197	0	0	1					1
12015197	怪谈事件簿-特殊词条-效果-3回合生命值200%护盾	305040151					0				2	1								0	0	1		110204			1
12015198	怪谈事件簿-特殊词条-效果-我方战斗员造成治疗降低100%	311601101					0				2	1								0	0	1		210305	201301		1
12015199	怪谈事件簿-特殊词条-效果-敌方免疫SP修改	407020152;407020153		0			0			2	2	1						2		0	0	1		310214	110214		1
12015203	怪谈事件簿-特殊词条-触发器-敌方BOSS第3回合暴击率提升100%	10001					0				2	1	9486			301	1	1	12015204	0	0	1					1
12015204	怪谈事件簿-特殊词条-效果-暴击率提升100%	416030151		1			1			2	2	1								1	1	0		100501	100501		1
12015205	怪谈事件簿-特殊词条-触发器-敌人情绪颜色改为红色	10001					0				2	1	1102			102	2	1	315010102	0	0	1					1
12015206	怪谈事件簿-特殊词条-触发器-我方每回合开始时获得忍耐率降低20%	10001					0				2	1	1102			301	1	1	12015207	0	0	1		341007	12015235		1
12015207	怪谈事件簿-特殊词条-效果-忍耐率降低20%	411303155		1			2			2	2	1								1	1	0		201001	201001		1
12015208	怪谈事件簿-特殊词条-触发器-我方每回合开始时获得防御力降低30%	10001					0				2	1	1102			301	1	1	12015209	0	0	1		341007	12015236		1
12015209	怪谈事件簿-特殊词条-效果-防御力降低30%	412010154		1			2			2	2	1								1	1	0		200201	200201		1
12015210	怪谈事件簿-特殊词条-触发器-敌人情绪颜色改为绿色	10001					0				2	1	1102			102	2	1	315010103	0	0	1					1
12015211	怪谈事件簿-特殊词条-触发器-我方每回合开始时获得攻击力降低15%	10001					0				2	1	1102			301	1	1	12015212	0	0	1		341007	12015237		1
12015212	怪谈事件簿-特殊词条-效果-攻击力降低15%	301102151					2				2	1								1	1	0		200101	200101		1
12015213	怪谈事件簿-特殊词条-触发器-攻击时为目标施加2回合受到伤害提升10%	10001					0				2	1	7319			-1	1	1	12015214	0	0	1		341007	12015238		1
12015214	怪谈事件簿-特殊词条-效果-受到伤害提升10%	411502180					2				2	3								1	1	0		201101	201101		1
12015215	怪谈事件簿-特殊词条-触发器-未携带增益效果的我方战斗员造成伤害降低20%	10001					0				2	1	9460			301	1	1	12015216	0	0	1		341007	12015239		1
12015216	怪谈事件簿-特殊词条-效果-造成伤害降低20%	411501159					0	1002	1	2	2	3								0	0	1		201201	201201		1
12015217	怪谈事件簿-特殊词条-触发器-敌方受到单体技能伤害降低30%	10001					0				2	1	9288			301	1	1	12015218	0	0	1		300014	12015240		1
12015218	怪谈事件簿-特殊词条-效果-受到伤害降低30%	411502151					0	9487	1	2	2	1								0	0	1					1
12015219	怪谈事件簿-特殊词条-触发器-敌方奥义技能伤害提升100%	10001		1			0				2	1	7260			301	1	1	12015220	0	0	1		341007	12015241		1
12015220	怪谈事件簿-特殊词条-效果-造成伤害提升100%	311501101					0	1002	1	2	2	1								0	0	1					1
12015221	怪谈事件簿-特殊词条-触发器-攻击力未被降低的敌人受到伤害降低30%	10001		1			0				2	1	9488			301	1	1	12015222	0	0	1		341007	12015242		1
12015222	怪谈事件簿-特殊词条-效果-受到伤害降低30%	411502151					0	9487	1	2	2	1								0	0	1					1
12015223	怪谈事件簿-特殊词条-触发器-我方战斗员奥义能量未满时造成伤害降低30%	10001		1			0			2	2	1	9322	2		301	1	2	12015224	0	0	1		341007	12015243		1
12015224	怪谈事件簿-特殊词条-效果-造成伤害降低30%	411501166					0	9261	1	2	2	3								0	0	1		201201	201201		1
1010101	【首领战第二期】回合开始时，随机降低生命值百分比	10001		0			0				2	1	1102			102	2	2	1010101	0	0	1		300014	1010101		1
1010102	【首领战第二期】生命上限降低30%	1010102		0			2				2	1								0	0	1		200301	200301		1
1010103	【首领战第二期】生命上限降低50%	1010103		0			2				2	1								0	0	1		200301	200301		1
1010104	【首领战第二期】生命上限降低70%	1010104		0			2				2	1								0	0	1		200301	200301		1
1010105	【首领战第二期】撕裂：每次攻击时，会获得一层DOT。	10001		0			2				2	1	1001	2		301	1	2	1010106	0	0	1		210202	1010105		1
1010106	【首领战第二期】-染血-回合结束，造成自身攻击力30%的间接伤害	1010106				3	2				2	2								1	1	0		210202	1010106		1
8100233	噩梦回响：敌方单位单体【奥义技能】伤害提升100%	10001		1			0				2	1	9430			301	1;1	1	8100234;8100235	0	0	1					1
8100234	噩梦回响：造成伤害提升100%	311501101					1	1002	1	2	2	1								0	0	1		101201	320041		1
8100235	噩梦回响：受到伤害提升40%	311502101					2				2	1								0	0	1		201101	320036		1
13900801	力比多之证-被动不升级-回合开始时给自己以外友方上13900807	10001					0				2	1	1102	3	3	251	1	2	13900807	0	0	1		61139008		2	1
13900802	力比多之证-初始被动不升级-获得13900810时，若>1层，不>2层，则触发1次75139008，每回合至多1次	10001					0				2	1	9291	3	3	123	4	2	75139008	0	0	1				2	1
13900803	力比多之证-初始被动不升级-获得13900810时，若>3层，不>4层，则触发1次75139008，每回合至多1次	10001					0				2	1	9291	3	3	123	4	2	75139008	0	0	1				2	1
13900804	6星力比多之证-6星被动-获得13900810时，若>5层，不>6层，则触发1次76139008，每回合至多1次	10001					0				2	1	9291	3	3	123	4	2	75139008	0	0	1					1
13900805	力比多之证-初始被动-每次行动后，获得13900806	10001					0				2	1	1002		3	301	1	1	13900806	0	0	1				2	1
13900806	力比多之证-暴击伤害提升2/3/3.5/4%，叠加10层	413900815					0				2	3								0	0	1				2	1
13900807	力比多之证-用来触发力比多之证被动的标记，使用攻击技能牌时，给己方除自己以外的139008力比多之证上13900810	10001					0				2	1	8005	3	3	319	1	2	13900810	0	0	1				2	1
13900808	力比多之证-4星被动-战斗开始时给全体友方上13900807	10001					0				2	1	1102	3	3	202	1	2	13900807	0	0	1		61139008		2	1
13900809	力比多之证-被动配天赋表升级-获得13900810时，给自身挂13900808	10001					0				2	1	7002		3	301	1	2	13900808	0	0	1				2	1
13900810	力比多之证-被动-其他人给力比多之证挂的追击标记buff	10001					0				2	3								0	0	1				2	1
13900811	力比多之证-4星自己效果-使用攻击技能后，给自己挂13900810	10001					0				2	1	8005	3	3	301	1	2	13900810	0	0	1				2	1
13900812	力比多之证-被动不升级-获得13900810时，若>1层，则触发1次75139008，每回合至多2次	10001					0				2	1	7014	3	3	123	4	1	75139008	0	0	1				2	1
13900813	力比多之证-被动不升级-获得13900810时，若>1层，则触发1次75139008，每回合至多3次	10001					0				2	1	7014	3	3	123	4	1	75139008	0	0	1				2	1
13900814	力比多之证-1技能-造成最终伤害提升10%	413900814		1			1				2	1								1	1	0		101201	101201		1
13900815	力比多之证-1星标记buff	10001					0				2	1								0	0	1				2	1
13900816	1星-力比多之证-最终伤害提升20%	413900816					0	1002	1	1	2	1								0	0	1				2	1
13900817	1星-力比多之证-被动-获得13900810时，若>3层，不>4层，则触发1次76139008，每回合至多1次	10001					0				2	1	9291	3	3	123	4	2	75139008	0	0	1				2	1
313900801	力比多之证-专武被动1-每次行动后，给自己挂313900802	10001					0				2	1	1002	2	3	301	1	1	313900802	0	0	1				2	1
313900802	力比多之证-专武效果-暴击率+1%	313900801					0				2	3								0	0	1				2	1
313900803	力比多之证-专武被动2-释放非奥义技能，非41139008前，给自己挂313900804	10001					0				2	1	9314	2	3	301	1	1	313900804	0	0	1				2	1
313900804	力比多之证-专武效果-造成真实伤害+8%	313900802					0	1002	1	1	2	1								0	0	1				2	1
313900805	力比多之证-专武被动1-每次行动后，给自己挂313900806	10001					0				2	1	1002	2	3	301	1	1	313900806	0	0	1				2	1
313900806	力比多之证-专武效果-暴击率+2%	313900803					0				2	3								0	0	1				2	1
313900807	力比多之证-专武被动2-释放非奥义技能，非41139008前，给自己挂313900808	10001					0				2	1	9314	2	3	301	1	1	313900808	0	0	1				2	1
313900808	力比多之证-专武效果-造成真实伤害+16%	313900804					0	1002	1	1	2	1								0	0	1				2	1
12015225	怪谈事件簿-特殊词条-效果-防御力提升40%	412010156					0				2	3								0	0	1		100201	12015244		1
12015226	怪谈事件簿-特殊词条-效果-攻击力提升20%	401102151					0				2	3								0	0	1		100101	12015245		1
12015227	怪谈事件簿-特殊词条-效果-防御力提升15%	412010155					0				2	3								0	0	1		100201	12015244		1
12015228	怪谈事件簿-特殊词条-触发器-敌人情绪颜色改为白色	10001					0				2	1	1102			102	2	1	315010104	0	0	1					1
112200899	测试塞琪转换姿态的buff	10001					0				2	1								0	0	1		310022;300001	300001	2	1
110301701	鲸语海鸣-2技能-暴击伤害提升	410301701		1			1				2	1								1	1	0		100601	100601		1
110301702	鲸语海鸣-2技能-暴击率提升	410301702		1			1				2	1								1	1	0		100501	100501		1
110301703	鲸语海鸣-2技能-回合结束前，若sp大于4，则释放sp技能	10001					1				2	1	9490	3	3	111	4	2	73103017	0	0	1		10301702	110301701		1
110301704	鲸语海鸣-初始被动天赋表-每次行动后，获得1层110301705	10001					0				2	1	1002	2	3	301	1	1	110301705	0	0	1		61103017			1
110301705	鲸语海鸣-攻击力提升，可叠加x层，4星后层数上限提升	410301703					0				2	3								0	0	1					1
110301706	鲸语海鸣-1星天赋表-攻击技能击破敌方护盾时，获得1层110301705，每个技能1次	10001					0				2	1	9491	2	3	301	1	2	110301705	0	0	1					1
110301707	鲸语海鸣-6星天赋表-释放sp技能后，获得1层110301708	10001				3	0				2	1	1105	2	1	301	1	2	110301708	0	0	1					1
110301708	鲸语海鸣-6星效果-层数标记，至多x层	10001	1			3	0				2	3								0	0	1					1
110301709	鲸语海鸣-6星大招额外增伤：每有1层110301708，造成最终伤害提升x%，技能后清除	410301704	1			3	0	1002	1	1	2	1								0	0	1					1
110301710	鲸语海鸣-4星天赋表-战斗开始时，给其他友方施加110301711	10001					0				2	1	7322	3	3	251	1	2	110301711	0	0	1					1
110301711	鲸语海鸣-4星效果-攻击技能击破敌方防护盾后，若自己不是103017，则给友方103017挂一层110301716，星级随升星提升	10001					0				2	1	9492	2	3	320	1	2	110301716	0	0	1					1
110301712	鲸语海鸣-6星天赋表-恢复能量至5点时，驱散自身3层减益效果	10001				3	0				2	1	9261	2	3	301	2	1	206030103	0	0	1					1
110301713	鲸语海鸣-初始被动天赋表-每次行动后，给自己回复1点sp，每回合1次	10001				3	0				2	1	1002	3	3	301	2	2	210010101	0	0	1					1
110301714	鲸语海鸣-6星效果-获得自身时，回复1点sp，每回合至多1次(废弃	10001				3	0				2	1	9491	2	3	320	1	2	110301715	0	0	1					1
110301715	鲸语海鸣-6星效果-获得自身时，若自己携带110301703，并且自身星级为6星，则给自己回复1点sp，一回合一次，持续1回合(废弃	10001				3	0				2	1	9494	3	3	301	2	2	210010101	0	0	1					1
110301716	鲸语海鸣-4星天赋表-获得110301716时，若自身星级大于等于4，则给自己挂一层110301705	10001					0				2	1	9493	2	3	301	1	2	110301705	0	0	1					1
110301720	鲸语海鸣-2技能-回合结束前，若sp大于4，则获得追击标记	10001				3	1				2	1	9490	3	3	301	1	1	110301721	0	0	1					1
110301721	鲸语海鸣-2技能-追击标记	10001				3	0				2	1								0	0	1					1
110301722	鲸语海鸣-新1星-回合开始时，丢1张技能1	10001					0				2	1	1102	3		301	2	2	210301704	0	0	1					1
110301723	鲸语海鸣-新1星-获得自身时，sp+1	10001					0				2	1	9299	3		301	2	2	210010101	0	0	1					1
110301724	鲸语海鸣-新4星-友方使用进攻技能后，获得1层110301705	10001					0				2	1	7406	3		301	1	2	110301705	0	0	1					1
110201801	激潮之夏-2技能-按自身基础攻击力，提升友方攻击力	410201801		1			1				2	1								1	1	0		100101	110201802		1
110201802	激潮之夏-大招-伤害扩散主效果	410201802		1		3	2				2	1								1	0	1		210401	210401		1
110201803	激潮之夏-大招-伤害扩散子效果	10001				3	0				2	1								0	0	1					1
110201804	激潮之夏-初始被动天赋表-战斗开始时，给敌方全体挂110201805	10001					0				2	1	1102	3	3	102	1	2	110201805	0	0	1		61102018			1
110201805	激潮之夏-被动效果-受到护盾和治疗降低	410201803;410201804					0				2	1								0	0	1					1
110201806	激潮之夏-1星天赋表-战斗开始时，给自己2点sp	10001					0				2	1	7322	3	3	301	2	2	210010102	0	0	1					1
110201807	激潮之夏-4星天赋表-释放奥义技能后，给自己升星1张随机技能牌，回复1点sp	10001					0				2	1	1105	2	3	301	2;2	2	210010101;210201803	0	0	1					1
110201808	激潮之夏-6星天赋表-释放【技能2】后，给友方全体挂110201809	10001					0				2	1	7001	2	3	202	1	2	110201809	0	0	1					1
110201809	激潮之夏-6星效果触发器-释放单体技能时，若目标身上无护盾类buff，则给对方挂110201810	10001					1				2	1	9495	2	3	101	1	1	110201810	0	0	1		10201801	110201801		1
110201810	激潮之夏-6星效果-防御相关能力降低	410201805;410201806;410201807;410201808					0	9470	1	1	2	1								1	1	0					1
110101201	企鹅冰山-技能2-携带护盾时，受到最终伤害提升x%	410101201	1				2				2	1								1	1	0		10101201	110101201		1
110101202	企鹅冰山-被动天赋表-释放攻击技能时，若目标携带护盾效果，则给自己挂110101203	10001					0				2	1	9276	2	3	301	1	1	110101203	0	0	1		61101012			1
110101203	企鹅冰山-被动-攻击力提升	410101202					0	1002	1	1	2	1								0	0	1					1
110101204	企鹅冰山-1星天赋表-1星标记	10001					0				2	1								0	0	1					1
110101205	企鹅冰山-1星效果-造成最终伤害提升x%	410101203				3	0				2	1								0	0	1					1
110101206	企鹅冰山-3星天赋表-释放【技能2】后，给敌方全体110101207,110101208，每个技能1次	10001					0				2	1	7001	2	3	102	1;1	2	110101207;110101208	0	0	1					1
110101207	企鹅冰山-3星效果触发器1-护盾被击破后，若自身存在110101201，则扣除自身1点sp，失去110101201时清除	10001					0	7005	1	1	2	1	9496	3	3	301	2	2	210010106	0	0	1					1
110101208	企鹅冰山-3星效果触发器2-护盾被击破后，若自身存在110101201，则给自己挂2回合110101209，失去110101201时清除	10001					0	7005	1	1	2	1	9496	3	3	301	1	2	110101209	0	0	1					1
110101209	企鹅冰山-3星debuff-基础能力值降低x%，2回合	410101204;410101205;410101206					2				2	1								1	1	0		210105	210105		1
110101210	企鹅冰山-5星天赋表-释放技能前，若技能为单体，若目标携带110101201，则给自己挂1层110101211，每个技能1次	10001					0				2	1	9503	2	3	301	1	2	110101214	0	0	1					1
110101211	企鹅冰山-5星效果-穿透率提升，可叠加	410101207					1				2	3								1	1	0		100901	100901		1
110101212	企鹅冰山-大招破盾触发器-若自己击破了敌方护盾，给自己挂110101213	10001				3	0	1002	1	3	2	1	9491	2	3	301	1	1	110101213	0	0	1					1
110400901	破浪逐潮-被动天赋表-战斗开始时，若友方全是蓝色，则给自己挂110400902	10001					0				2	1	9294	3	3	301	1	2	110400902	0	0	1		61104009			1
110400902	破浪逐潮-被动效果-暴击伤害提升x%	410400901					0				2	1								0	0	1					1
110400903	破浪逐潮-3星天赋表-战斗开始时，给自己挂110400904	10001					0				2	1	7322	3	3	301	1	2	110400904	0	0	1					1
110400904	破浪逐潮-3星效果-攻击力提升	410400902					0				2	1								0	0	1					1
110400905	破浪逐潮-5星天赋表-战斗开始时，给自己挂110400904	10001					0				2	1	7322	3	3	301	1	2	110400906	0	0	1					1
110400906	破浪逐潮-5星效果-暴击率提升，暴击伤害提升	410400903;410400904					0				2	1								0	0	1					1
310301701	鲸语海鸣-专武被动1-释放41103017前，给自己挂310301702	10001					0				2	1	1008	2	3	301	1	1	310301702	0	0	1				2	1
310301702	鲸语海鸣-专武效果-造成破盾伤害提升+8%	310301701					0	1002	1	2	2	1								0	0	1				2	1
310301703	鲸语海鸣-专武被动2-每次行动后，给自己挂310301704	10001					0				2	1	1002	2	3	301	1	2	310301704	0	0	1				2	1
310301704	鲸语海鸣-专武效果-暴击伤害+2%，可叠6层	310301702					0				2	3								0	0	1				2	1
310301705	鲸语海鸣-专武被动1-释放41103017前，给自己挂310301706	10001					0				2	1	1008	2	3	301	1	1	310301706	0	0	1				2	1
310301706	鲸语海鸣-专武效果-造成破盾伤害提升+16%	310301703					0	1002	1	2	2	1								0	0	1				2	1
310301707	鲸语海鸣-专武被动2-每次行动后，给自己挂310301708	10001					0				2	1	1002	2	3	301	1	2	310301708	0	0	1				2	1
310301708	鲸语海鸣-专武效果-暴击伤害+4%，可叠6层	310301704					0				2	3								0	0	1				2	1
310201801	激潮之夏-专武被动1-释放41102018前，给自己挂310201802	10001					0				2	1	1008	2	3	301	1	1	310201802	0	0	1				2	1
310201802	激潮之夏-专武效果-造成暴烈伤害提升+8%	310201801					0	1002	1	2	2	1								0	0	1				2	1
310201803	激潮之夏-专武被动2-战斗开始时，给友方全体挂310201804	10001					0				2	1	7322	3	3	202	1	2	310201804	0	0	1				2	1
310201804	激潮之夏-专武效果-生命相关能力+5%	310201802;310201803;310201804;310201805;310201806					0				2	3								0	0	1				2	1
310201805	激潮之夏-专武被动1-释放41102018前，给自己挂310201806	10001					0				2	1	1008	2	3	301	1	1	310201806	0	0	1				2	1
310201806	激潮之夏-专武效果-造成暴烈伤害提升+16%	310201807					0	1002	1	2	2	1								0	0	1				2	1
310201807	激潮之夏-专武被动2-战斗开始时，给友方全体挂310201808	10001					0				2	1	7322	3	3	202	1	2	310201808	0	0	1				2	1
310201808	激潮之夏-专武效果-生命相关能力+10%	310201808;310201809;310201810;310201811;310201812					0				2	3								0	0	1				2	1
310101201	企鹅冰山-专武被动1-释放41101012前，给自己挂310101202	10001					0				2	1	1008	2	3	301	1	1	310101202	0	0	1				2	1
310101202	企鹅冰山-专武效果-造成破盾伤害提升+8%	310101201					0	1002	1	2	2	1								0	0	1				2	1
310101203	企鹅冰山-专武被动2-释放单体攻击技能时，若目标携带护盾效果，则给自己挂310101204	10001					0				2	1	9276	2	3	301	1	1	310101204	0	0	1				2	1
310101204	企鹅冰山-专武效果-暴击率+6%	310101202					0	1002	1	2	2	3								0	0	1				2	1
310101205	企鹅冰山-专武被动1-释放41101012前，给自己挂310101206	10001					0				2	1	1008	2	3	301	1	1	310101206	0	0	1				2	1
310101206	企鹅冰山-专武效果-造成破盾伤害提升+16%	310101203					0	1002	1	2	2	1								0	0	1				2	1
310101207	企鹅冰山-专武被动2-释放单体攻击技能时，若目标携带护盾效果，则给自己挂310101208	10001					0				2	1	9276	2	3	301	1	1	310101208	0	0	1				2	1
310101208	企鹅冰山-专武效果-暴击率+12%	310101204					0	1002	1	2	2	3								0	0	1				2	1
8100236	噩梦回响-触发器-每回合开始时获得自身攻击力200%的护盾	10001					0				2	1	1102			301	1	1	8100237	0	0	1					1
8100237	噩梦回响-效果-自身攻击力200%的护盾	405010153					1				2	1								1	1	0		110202	110202		1
8100238	噩梦回响-触发器-敌人未携带护盾时受到伤害提升40%	10001					0				2	1	9489			301	1	1	8100239	0	0	1					1
8100239	噩梦回响：受到伤害提升40%	311502101					2	9487	1	2	2	1								0	0	1		201101	320036		1
8100240	噩梦回响：造成破盾伤害提升50%	313141101					1				2	1								0	0	1		110101	320071		1
110301717	测试鲸语海鸣破盾增益效果-回合开始时，给自己挂110301718	10001				3	0				1	1	1102	3	3	301	1	2	110301718	0	0	1					1
110301718	测试护盾效果-施法者100%攻击力的护盾	410301705				3	1				1	1								0	0	0		110202	110202		1
110301719	鲸语海鸣初始被动-释放奥义技能后，若不是主动释放，则清除身上的110301703	10001				3	0				2	1	9499	2	3	301	2	2	210301703	0	0	1				2	1
8100241	噩梦回响：处于【伤害传递】【伤害扩散】状态的敌方单位受到伤害提升30%	10001					0				2	1	7263			301	1	2	8100242	0	0	1					1
8100242	噩梦回响：受到伤害提升30%	411502169					2	9467	1	2	2	1								0	0	1		201101	320036		1
1010107	【困难主线】第十章-敌方携带增益效果时造成伤害提升30%	10001					0				2	1	9459			301	1	1	1010108	0	0	1					1
1010108	【困难主线】第十章-造成伤害提升30%	411501160					1	1002	1		2	1								0	0	1		101201	101201		1
1010109	【困难主线】第11章-敌方全体每回合获得1层暴击率抵抗提升20%和1层受到【间接伤害】提升10%，上限5层	10001					0				2	1	1102			301	1;1	1	1010110;1010111	0	0	1					1
1010110	【困难主线】第11章-暴击率抵抗提升20%	318030101					1				2	3								0	0	1		100701	100701		1
1010111	【困难主线】第11章-受到【间接伤害】提升10%	412202158					2				2	3								0	0	1		201901	201901		1
1010112	【困难主线】第11章-触发器-每回合开始时获得自身攻击力150%的护盾	10001					0				2	1	1102			301	1	1	1010113	0	0	1					1
1010113	【困难主线】第11章-效果-自身攻击力150%的护盾	405010152					1				2	1								1	1	0		110202	110202		1
1010114	【困难主线】第11章-触发器-敌人携带护盾时受到伤害降低50%	10001					0				2	1	9501			301	1	1	1010115	0	0	1					1
1010115	【困难主线】第11章-效果-受到伤害降低50%	411502158					1	9487	1	2	2	1								0	0	1		101101	101101		1
110101213	企鹅冰山-技能结束后，给自己回复1点奥义能量	10001				3	0	1002	1	3	2	1	1002	2	3	301	2	1	210010101	0	0	1					1
110101214	企鹅冰山-技能结束后，给自己挂110101211	10001				3	0	1002	1	3	2	1	1002	2	3	301	1	1	110101211	0	0	1					1
8100243	噩梦回响：造成暴烈伤害提升20%	313231101					1				2	1								0	0	1		102801	320072		1
8100244	噩梦回响-触发器-每回合开始时获得自身攻击力300%的护盾	10001					0				2	1	1102			105	1	1	8100254	0	0	1					1
8100245	噩梦回响-效果-自身攻击力300%的护盾	405010155					1				2	1								1	1	0		110202	110202		1
8100246	噩梦回响-触发器-护盾被击破时会受到自身最大生命值20%的伤害。	10001					0				2	1	1203			301	2	1	311410603	0	0	1					1
101071001	主线第四单元-绝望渔民长枪-效果-3回合30%的吸血效果	411701153					1				2	1								1	1	0		101501	101501		1
101071002	主线第四单元-绝望渔民长枪-效果-2回合忍耐率降低20%	411303155					2				2	1								1	1	0		201001	201001		1
101073001	主线第四单元-绝望渔民三叉戟-效果-2回合暴击率提升30%	416030155					1				2	1								1	1	0		201001	201001		1
101072002	主线第四单元-绝望渔民海螺-治愈印记	10001					2				2	1								0	0	1		80500801	320073		1
101072003	主线第四单元-绝望渔民海螺--配角色卡牌表触发1技能buff-战斗开始时给友方全体挂101072005	10001					0				2	1	7322	3	3	202	1	2	101072005	0	0	1					1
101072004	主线第四单元-绝望渔民海螺--触发1技能buff-释放攻击技能后，若目标身上携带治愈印记，则对自己施加312011101技能效果	10001					0	1002	1	3	2	1	9457	2	3	301	2	1	312011101	0	0	1					1
101072005	主线第四单元-绝望渔民海螺--触发1技能的标记，释放技能时，若目标身上有治愈印记，则对自己施加101072004	10001					0				2	1	9474	2	3	301	1	1	101072004	0	0	1					1
101074001	主线第四单元-绝望渔民鱼骨-效果-3回合忍耐率提升20%	411303154					1				2	1								1	1	0		101001	101001		1
101074002	主线第四单元-绝望渔民鱼骨-效果-2回合攻击力降低30%	401102157					2				2	1								1	1	0		200101	200101		1
101074003	主线第四单元-绝望渔民被动-效果-穿透率提升20%	411203154					1				2	1								1	1	0		300014	100901		1
8100247	噩梦回响：造成破灭伤害提升20%	313121101					1				2	1								0	0	1		102801	320074		1
8100248	噩梦回响-触发器-每回合敌方攻击后我方造成伤害额外提升30%。	10001					0				2	1	9516	1		301	1	1	8100249	0	0	1					1
8100249	噩梦回响，怪物通用，造成伤害提升30%	411501160					1				2	1								0	0	1		101201	320041		1
8100250	噩梦回响-触发器-敌方单体技能伤害提升20%	10001					0				2	1	7420			301	1	1	8100251	0	0	1					1
8100251	噩梦回响：造成伤害提升20%	411501158					1	1002	1	3	2	1								0	0	1		101201	320041		1
8100252	噩梦回响-触发器-我方处于【伤害分摊】状态下时，我方全体战斗员造成伤害提升30%	10001					0				2	1	9504			301	1	1	8100253	0	0	1					1
8100253	噩梦回响，怪物通用，造成伤害提升30%	411501160					1	1002	1	3	2	1								0	0	1		101201	320041		1
114900801	掌上淑女-受hit时获得【buff1】	10001				3	0				2	1	1004	2	3	324	1	2	114900815	0	0	1					1
114900802	掌上淑女-【buff1】	10001				3	0				2	3								0	0	1		114900802	114900802		1
114900803	掌上淑女-敌方使用进攻技能时，当【buff1】层数大于5层，使用技能2并在回合结束时清除buff1	10001				1	0				2	1	9506	3	2	301	1;4;1;1	2;2;2	114900809;72149008;114900813;92001931	0	0	1					1
114900804	掌上淑女-【buff2】，获得【buff1】时额外获得【buff1】	10001				3	0				2	3	7002	2	3	301	1;2	2;2	114900802;214900805	0	0	1					1
114900805	掌上淑女-被动天赋表-战斗开始时，若友方全是绿色，则给自己挂114900806	10001					0				2	1	9294	3	3	301	1	2	114900806	0	0	1		61149008			1
114900806	掌上淑女-被动效果-攻击力提升x%	414900801					0				2	1								0	0	1					1
114900807	掌上淑女-1星效果-战斗开始时获得3层【buff1】	10001					0				2	1	7322	3	3	301	1	2	114900802	0	0	1					1
114900808	掌上淑女-4星效果-开大时获得5层【buff2】	10001					0				2	1	9244	2	3	301	1	2	114900804	0	0	1					1
114900809	掌上淑女-被动效果-反击造成伤害降低20%	414900802					0	1002	1	3	2	1								0	0	1					1
114900810	掌上淑女-大招-回合开始时获得2层【buff1】并清除自身	10001				3	0				2	1	1102	3	3	301	1;1;2	2;2	114900802;114900802;214900806	0	0	1		114900803	114900810		1
114900811	掌上淑女-4星-反击触发器加sp，触发层数降低	10001				1	0				2	1	9506	3	2	301	1;4;1;2;1	2;2;2;2	114900809;72149008;114900813;210010101;92001931	0	0	1					1
114900812	掌上淑女-6星-反击触发器去除减伤debuff	10001				1	0				2	1	9506	3	2	301	1;4;1;2;1	2;2;2;2	114900814;72149008;114900813;210010101;92001931	0	0	1					1
114900813	掌上淑女-被动-回合结束时清除buff1	10001				3	0				2	1	1103	3	3	301	2	2	214900804	0	0	1					1
114900814	掌上淑女-被动效果-反击造成伤害提升20%	414900803					0	1002	1	3	2	1								0	0	1					1
114900815	掌上淑女-获得自身时获得【buff1】	10001				3	0				2	3	9299	2	3	301	1	1	114900802	0	0	1					1
114900816	掌上淑女-回合开始时给全体友方挂buff1触发器	10001				3	0				2	1	1102	3	3	251	1	2	114900801	0	0	1					1
114300801	理性边界-【buff1】受到破灭伤害提升	414300801				3	2				2	3								1	1	0		114300801	114300801		1
114300802	理性边界-被动天赋表-战斗开始时，若友方全是绿色，则给友方全体挂114300803	10001					0				2	1	9294	3	3	202	1	2	114300803	0	0	1		61143008			1
114300803	理性边界-被动效果-攻击力提升x%	414300802					0				2	1								0	0	1					1
114300804	理性边界-被动-携带【buff1】的目标使用进攻技能后，施加【buff1】	10001					0				2	1	9507	3	3	101	1	1	114300801	0	0	1					1
114300805	理性边界-1星-敌方行动时，使用技能2，造成伤害降低70%	10001					0				2	1	9505	3	3	123	4	2	74143008	0	0	1					1
114300806	理性边界-4星-使用技能2时，对敌方全体施加114300801	10001					0				2	1	1008	2	3	102	1	2	114300801	0	0	1					1
114300807	理性边界-6星-使用大招时，获得114300808	10001					0				2	1	1008	2	3	301	1	2	114300808	0	0	1					1
114300808	理性边界-6星-造成伤害提升30%	414300803					0	1002	1	3	2	1								0	0	1					1
114300809	理性边界-6星-标记	10001					0				2	1								0	0	1					1
114300810	理性边界-1星-造成伤害降低70%	414900804					0	1002	1	3	2	1								0	0	1					1
114300811	理性边界-4星-使用技能4时，对敌方全体施加114300801	10001					0				2	1	1008	2	3	102	1	2	114300801	0	0	1					1
115200801	十二夜中人-防御力降低	415200801				3	2				2	3								1	1	0		200201	200201		1
115200802	十二夜中人-暴击伤害提升	415200802				1	1				2	1								1	1	0		100601	115200802		1
115200803	十二夜中人-被动天赋表-战斗开始时，若友方全是绿色，则给友方全体挂115200804	10001					0				2	1	9294	3	3	202	1	2	115200804	0	0	1		61152008			1
115200804	十二夜中人-被动效果-受到治疗效果提升x%	415200803					0				2	1								0	0	1					1
115200805	十二夜中人-1星-战斗开始时，技能2升星2	10001					0				2	1	1102	3	3	301	2	2	215200804	0	0	1					1
115200806	十二夜中人-3星-战斗开始时，自身暴击伤害高于x时，获得115200808	10001					0				2	1	9508	2	3	101	1	2	115200808	0	0	1					1
115200807	十二夜中人-3星-暴击伤害提升	415200804				1	1				2	1								1	1	0		100601	115200802		1
115200808	十二夜中人-3星-标记	10001					0				2	1								0	0	1					1
115200809	十二夜中人-3星-战斗开始时，如果自身暴击伤害大于200%，获得115200808	10001					0				2	1	9511	3	3	301	1	2	115200808	0	0	1					1
115200810	十二夜中人-6星-标记	10001					0				2	1								0	0	1					1
115200811	十二夜中人-被动-受到治疗溢出转护盾	415200805					0				2	1								1	1	0					1
115200812	十二夜中人-被动-空白护盾	415200806					0				1	1								0	0	1		110202	110202		1
115200813	十二夜中人-6星-敌方使用进攻技能时，对全体友方挂115200814	10001					0				2	1	9505	3	3	202	1	2	115200814	0	0	1				 	1
115200814	十二夜中人-6星-暴击率提升	412200814					1				2	3								1	1	0		100501	100501		1
115200815	十二夜中人-被动-战斗开始时，给全体友方挂115200811	10001					0				2	1	7322	3	3	202	1	2	115200811	0	0	1					1
115200816	十二夜中人-大招-渐愈	415200807				2	1				2	1								1	1	0		110201	110201		1
8100254	噩梦回响-触发器-获得时立即出发给自己添加300%攻击力护盾	10001					0				2	1	7002			301	1	1	8100245	0	0	1					1
112200801	愈者疗心-技能2-伤害分摊主要buff	412200802				3	0				2	1								0	0	1					1
112200802	愈者疗心-技能2-受到伤害降低	412200803				3	1				2	1								0	0	1		101101	101101		1
112200803	愈者疗心-技能2-伤害分摊次要buff	412200801				3	0				2	1	7209	3	3	202	2;2	2;2	212200807;212200808	0	0	1		12200825;310022	112200803		1
112200804	愈者疗心-被动-获得自身时，如果身上有112200801则开2技能2	10001				3	0				2	1	9509	2	3	301	4	2	72122008	0	0	1					1
112200805	愈者疗心-被动-生命相关能力提升x%，当友方全是绿色，额外获得112200806	412200804;412200805;412200806;412200807;412200808					0				2	1	9294	3	3	301	1	2	112200806	0	0	1		61122008			1
112200806	愈者疗心-被动-生命相关能力提升x%	412200809;412200810;412200811;412200812;412200813				1	0				2	1								0	0	1					1
112200807	愈者疗心-1星-开大时，【buff1】延长1回合	10001					0				2	1	9244	2	3	301	2;2	2;2	212200805;212200806	0	0	1					1
112200808	愈者疗心-4星-战斗开始时，释放2星技能2	10001				1	0				2	1	7322	3	3	301	4	2	72122008	0	0	1					1
112200809	愈者疗心-6星-buff1时，受到攻击时，友方全体施加1层【buff2】	10001					0				2	1	7222	2	3	202	1	2	112200810	0	0	1					1
112200810	愈者疗心-6星-buff2	412200814;412200815					0				2	3								1	1	0					1
112200811	愈者疗心-被动-获得112200803时，对除自己外友方施加112200801	10001					0				2	1	7002	2	3	251	1	1	112200801	0	0	1				2	1
112200812	愈者疗心-6星-获得112200803时，对除自己外友方施加112200813	10001					0				2	1	7002	2	3	251	1	1	112200813	0	0	1				2	1
112200813	愈者疗心-6星-主要buff升级	412200816					0				2	1								0	0	1					1
8100255	噩梦回响-敌方单位受到【破碎伤害】提升20%，若同时携带3层以上【易伤】状态则额外提升20%	813071152		0			2				2	1	7014			301	1	2	8100256	0	0	1		202701	320024		1
8100256	噩梦回响-受到【破碎伤害】提升20%	813071152		0			2	9513	1		2	1								0	0	1		202701	320024		1
12018001	微缩世界-BOSS被动，敌方释放4次技能后，自身受到最终伤害提升500%，持续1回合。	10001					0				2	1	1004	2		301	1	1	12018004	0	0	1		310011	12018001		1
12018002	微缩世界-BOSS被动，受到最终伤害提升500%，每次受到伤害，受到最终伤害降低50%	12018002					0				2	1	1004			301	1	1	12018003	0	0	1		201101	201101		1
12018003	微缩世界-BOSS被动，受到最终伤害降低50%	12018003					0				2	3								0	0	1		101101	101101		1
12018004	4微缩世界-BOSS被动，计数标记	10001					0				2	3	9050			301	1	1	12018002	0	0	1					1
8100257	噩梦回响：防御力被降低的敌方单位受到伤害提升20%	10001		1			0				2	1	9464			301	1	1	8100258	0	0	1					1
8100258	噩梦回响：受到伤害提升20%	411502164		0			2	9470	1	2	2	1								0	0	1		201101	320036		1
314900801	掌上淑女-专武被动1-释放41149008前，对自己挂1回合314900802	10001					0				2	1	1008	2	3	301	1	1	314900802	0	0	1				2	1
314900802	掌上淑女-专武效果-造成伤害+8%	314900801					0	1002	1	1	2	1								0	0	1				2	1
314900803	掌上淑女-专武被动2-战斗开始时，对自己挂1回合314900804	10001					0				2	1	7322	2	3	301	1	1	314900804	0	0	1				2	1
314900804	掌上淑女-专武效果-攻击力+5%	314900802					0				2	1								0	0	1				2	1
314900805	掌上淑女-专武被动1-释放41149008前，对自己挂1回合314900806	10001					0				2	1	1008	2	3	301	1	1	314900806	0	0	1				2	1
314900806	掌上淑女-专武效果-造成伤害+16%	314900803					0	1002	1	1	2	1								0	0	1				2	1
314900807	掌上淑女-专武被动2-战斗开始时，对自己挂1回合314900808	10001					0				2	1	7322	2	3	301	1	1	314900808	0	0	1				2	1
314900808	掌上淑女-专武效果-攻击力+10%	314900804					0				2	1								0	0	1				2	1
312200801	愈者疗心-专武被动1-释放41122008前，对自己挂1回合312200802	10001					0				2	1	9558	2	3	301	1	1	312200802	0	0	1				2	1
312200802	愈者疗心-专武效果-造成伤害+8%	312200801					0	1002	1	1	2	1								0	0	1				2	1
312200803	愈者疗心-专武被动2-战斗开始时，对全体友方挂312200804	10001					0				2	1	7322	3	3	202	1	2	312200804	0	0	1				2	1
312200804	愈者疗心-专武效果-穿透率+2.5%	312200802					0				2	1								0	0	1				2	1
312200805	愈者疗心-专武被动1-释放41122008前，对自己挂1回合312200806	10001					0				2	1	9558	2	3	301	1	1	312200806	0	0	1				2	1
312200806	愈者疗心-专武效果-造成伤害+16%	312200803					0	1002	1	1	2	1								0	0	1				2	1
312200807	愈者疗心-专武被动2-释放41102021前，对全体友方挂312200808	10001					0				2	1	7322	3	3	202	1	2	312200808	0	0	1				2	1
312200808	愈者疗心-专武效果-穿透率+5%	312200804					0				2	1								0	0	1				2	1
314300801	理性边界-专武被动1-释放41143008前，对自己挂1回合314300802	10001					0				2	1	1008	2	3	301	1	1	314300802	0	0	1				2	1
314300802	理性边界-专武效果-造成伤害+8%	314300801					0	1002	1	1	2	1								0	0	1				2	1
314300803	理性边界-专武被动2-释放41102021前，对自己挂1回合314300804	10001					0				2	1	7322	3	3	301	1	1	314300804	0	0	1				2	1
314300804	理性边界-专武效果-暴击率+5%	314300802					0				2	1								0	0	1				2	1
314300805	理性边界-专武被动1-释放41143008前，对自己挂1回合314300804	10001					0				2	1	1008	2	3	301	1	1	314300806	0	0	1				2	1
314300806	理性边界-专武效果-造成伤害+16%	314300803					0	1002	1	1	2	1								0	0	1				2	1
314300807	理性边界-专武被动2-释放41102021前，对自己挂1回合314300808	10001					0				2	1	7322	3	3	301	1	1	314300808	0	0	1				2	1
314300808	理性边界-专武效果-暴击率+10%	314300804					0				2	1								0	0	1				2	1
315200801	十二夜中人-专武被动1-释放41152008前，对自己挂1回合315200802	10001					0				2	1	1008	2	3	301	1	1	315200802	0	0	1				2	1
315200802	十二夜中人-专武效果-造成伤害+8%	315200801					0	1002	1	1	2	1								0	0	1				2	1
315200803	十二夜中人-专武被动2-释放41102021前，对自己挂1回合315200804	10001					0				2	1	7322	3	3	301	1	1	315200804	0	0	1				2	1
315200804	十二夜中人-专武效果-暴击伤害+5%	315200802					0				2	1								0	0	1				2	1
315200805	十二夜中人-专武被动1-释放41152008前，对自己挂1回合315200806	10001					0				2	1	1008	2	3	301	1	1	315200806	0	0	1				2	1
315200806	十二夜中人-专武效果-造成伤害+16%	315200803					0	1002	1	1	2	1								0	0	1				2	1
315200807	十二夜中人-专武被动2-释放41102021前，对自己挂1回合315200808	10001					0				2	1	7322	3	3	301	1	1	315200808	0	0	1				2	1
315200808	十二夜中人-专武效果-暴击伤害+10%	315200804					0				2	1								0	0	1				2	1
8100259	噩梦回响-触发器-未携带护盾的我方单位造成伤害提升20%	10001					0				2	1	9514			301	1	1	8100260	0	0	1					1
8100260	噩梦回响：造成伤害提升20%	411501158					1	1002	1	3	2	1								0	0	1		101201	320041		1
8100261	噩梦回响-触发器-未携带增益效果的敌方战斗员受到伤害提升20%	10001					0				2	1	9523			301	1	1	8100262	0	0	1					1
8100262	噩梦回响：受到伤害提升20%	411502164		0			2	9470	1	2	2	1								0	0	1		201101	320036		1
8100263	噩梦回响：我方单位携带的任一增益效果达到3层及以上时，该单位造成群攻伤害提升30%	10001		1			0				2	1	9515			301	1	1	8100264	0	0	1					1
8100264	噩梦回响：造成伤害提升30%	411501160					1	1002	1	3	2	1								0	0	1		101201	320041		1
8100265	噩梦回响-触发器-每回合当前生命值最高的敌人受到伤害提升20%，其余敌人受到伤害减少30%	10001					0				2	1	9299			251	1	1	8100268	0	0	1					1
8100266	噩梦回响-触发器-每回合当前生命值最高的敌人受到伤害提升20%，其余敌人受到伤害减少30%	10001					0				2	1	1102			321	1;1	1	8100267;8100265	0	0	1					1
8100267	噩梦回响：受到伤害提升20%	411502164		0			2				2	1								0	0	1		201101	320036		1
8100268	噩梦回响，怪物通用，受到伤害降低30%	411502151		0			1				2	3								1	1	0		101101	320086		1
8100269	噩梦回响-触发器-携带护盾的我方单位造成伤害提升20%	10001					0				2	1	9518			301	1	1	8100270	0	0	1					1
8100270	噩梦回响：造成伤害提升20%	411501158					1	1002	1	3	2	1								0	0	1		101201	320041		1
8100271	噩梦回响：我方单位自身携带增益效果时，造成破碎伤害提升40%	10001		1			0				2	1	9459			301	1	1	8100272	0	0	1					1
8100272	噩梦回响-造成【破碎伤害】提升40%	313081101		0			1	1002	1		2	1								0	0	1		202701	320075		1
113300801	风物诗-技能2-最大生命值提升	413300801					1				2	1								1	1	0		100301	113300801		1
113300802	风物诗-大招-技能1升级标记	10001				3	0	7001	1	2	2	1								0	0	1					1
113300803	风物诗-1技能群攻-减伤	413300804				3	0	1002	1	2	2	1								0	0	1					1
113300804	风物诗-初始被动天赋表-战斗开始时，给所有三相友方挂113300805	10001					0				2	1	7322	3	3	245	1	2	113300805	0	0	1	1	61133008		2	1
113300805	风物诗-初始被动-最大生命值提升x%	413300802					0				2	1								0	0	1	1			2	1
113300806	风物诗-1星-受到伤害降低25%2回合	413300803					1				2	1								1	1	0	1	101101	101101		1
113300807	风物诗-4星-使用奥义技能前，给全体敌方挂113300808	10001					0				2	1	9519	2	3	102	1	2	113300808	0	0	1	1				1
113300808	风物诗-4星-敌方标记，自身buff被清除时给敌方全体挂113300809	10001					0	1004	1	2	2	1	9522	2	3	102	1	2	113300809	0	0	1	1				1
113300809	风物诗-4星-造成伤害提升	413300805					1				2	3								1	1	0	1	101201	101201		1
113300810	风物诗-6星-战斗开始时，sp+1	10001					0				2	1	7322	3	3	301	2	2	210010101	0	0	1	1				1
113300811	风物诗-6星-使用sp技能后，sp+1	10001					0				2	1	1105	2	3	301	2	2	210010101	0	0	1	1				1
113300812	风物诗-6星-使用sp技能后，对全体友方施加113300813	10001					0				2	1	1105	2	3	202	1	2	113300813	0	0	1	1				1
113300813	风物诗-6星-造成群体伤害前获得113300814	10001					1				2	1	9520	2	3	301	1	2	113300814	1	1	0	1	101201	113300813		1
113300814	风物诗-6星-造成伤害提升30%	413300806					0	1002	1	2	2	1								0	0	1	1				1
113300815	风物诗-1星-战斗开始时，所有蓝色友方挂113300806	10001					0				2	1	7322	3	3	240	1	2	113300806	0	0	1	1				1
7100550	和风副本-晴天-防御降低20%,最高3层，持续3回合。	412020116					2				2	3								1	0	1		200201	200201		1
7100551	和风副本-晴天-忍耐率提升100%，持续3回合。	7100551					1				2	1								1	0	1		101001	101001		1
7100552	和风副本-晴天-暴击伤害提升50%，最高10层，持续1回合。	7100552					1				2	3								1	0	1		100601	100601		1
7100553	和风副本-晴天-每次攻击增加自身10%暴击率，最高10层，暴击后清除。	7100553					1	4003	10	2	2	3								1	0	1		100501	100501		1
7100554	和风副本-晴天-每损失1%生命，提升1%攻击力	7100554	1				1				2	1								0	0	1		100101	7100554		1
7100555	和风副本-晴天-提升100%暴击率	416030151					1	1002	1	2	2	1								0	0	1		100501	100501		1
7100556	和风副本-关卡被动效果，禁止治疗技能。	404060101					0													0	0	1		300014	210305		1
7100557	和风副本-关卡被动效果，受到护盾效果降低100%。	411602158					0													0	0	1		300014	201801		1
313500101	心动季节-专武被动1-释放42135008前，对自己挂1回合313500102	10001					0				2	1	1008	2	3	301	1	1	313500102	0	0	1				2	1
313500102	心动季节-专武效果-造成护盾提升+8%	313500801					0	1002	1	1	2	1								0	0	1				2	1
313500103	心动季节-专武被动2-友方全红色，回合开始给友方全体挂313500104	10001					0				2	1	9294	3	3	202	1	1	313500104	0	0	1				2	1
313500104	心动季节-专武效果-最终伤害减免提升5%	313500802					0				2	1								0	0	1				2	1
313500105	心动季节-专武被动1-释放42135008前，对自己挂1回合313500106	10001					0				2	1	1008	2	3	301	1	1	313500106	0	0	1				2	1
313500106	心动季节-专武效果-造成护盾提升+16%	313500803					0	1002	1	1	2	1								0	0	1				2	1
313500107	心动季节-专武被动2-友方全红色，回合开始给友方全体挂313500108	10001					0				2	1	9294	3	3	202	1	1	313500108	0	0	1				2	1
313500108	心动季节-专武效果-最终伤害减免提升10%	313500804					0				2	1								0	0	1				2	1
313300801	风物诗-专武被动1-释放41109008前，对自己挂1回合313300802	10001					0				2	1	1008	2	3	301	1	1	313300802	0	0	1				2	1
313300802	风物诗-专武效果-造成伤害+8%	313300801					0	1002	1	1	2	1								0	0	1				2	1
313300803	风物诗-专武被动2-回合开始时，给所有三相友方挂313300804	10001					0				2	1	1102	3	3	245	1	1	313300804	0	0	1				2	1
313300804	风物诗-专武效果-攻击力+1.1%	313300802					0				2	1								0	0	1				2	1
313300805	风物诗-专武被动1-释放41109008前，对自己挂1回合313300806	10001					0				2	1	1008	2	3	301	1	1	313300806	0	0	1				2	1
313300806	风物诗-专武效果-造成伤害+16%	313300803					0	1002	1	1	2	1								0	0	1				2	1
313300807	风物诗-专武被动2-回合开始时，给所有三相友方挂313300808	10001					0				2	1	1102	3	3	245	1	1	313300808	0	0	1				2	1
313300808	风物诗-专武效果-攻击力+2.2%	313300804					0				2	1								0	0	1				2	1
313300809	风物诗-专武被动1-释放44133008前，对自己挂1回合313300810	10001					0				2	1	1008	2	3	301	1	1	313300810	0	0	1				2	1
313300810	风物诗-专武效果-造成伤害+8%	313300801					0	1002	1	1	2	1								0	0	1				2	1
313300811	风物诗-专武被动1-释放44133008前，对自己挂1回合313300812	10001					0				2	1	1008	2	3	301	1	1	313300812	0	0	1				2	1
313300812	风物诗-专武效果-造成伤害+16%	313300802					0	1002	1	1	2	1								0	0	1				2	1
310400701	浪花约会-专武被动1-释放42104007前，对自己挂1回合310400702	10001					0				2	1	1008	2	3	301	1	1	310400702	0	0	1				2	1
310400702	浪花约会-专武效果-造成伤害+8%	310400701					0	1002	1	1	2	1								0	0	1				2	1
310400703	浪花约会-专武被动2-回合开始时，给所有三相友方挂310400704	10001					0				2	1	1102	3	3	240	1	1	310400704	0	0	1				2	1
310400704	浪花约会-专武效果-攻击力+1.1%	310400702					0				2	1								0	0	1				2	1
310400705	浪花约会-专武被动1-释放42104007前，对自己挂1回合310400706	10001					0				2	1	1008	2	3	301	1	1	310400706	0	0	1				2	1
310400706	浪花约会-专武效果-造成伤害+16%	310400703					0	1002	1	1	2	1								0	0	1				2	1
310400707	浪花约会-专武被动2-回合开始时，给所有三相友方挂310400708	10001					0				2	1	1102	3	3	240	1	1	310400708	0	0	1				2	1
310400708	浪花约会-专武效果-攻击力+2.2%	310400704					0				2	1								0	0	1				2	1
7100558	怪物通用-被动-提升15%暴击率	416030154		0			0			2	2	1						2		0	0	1		100501	100501		1
7100559	【和风副本】释放大招前判断目标是否存在DEBUFF	10001		0			0			2	2	1	9521	2	3	301	1	2	7100555	0	0	1					1
8100273	噩梦回响-触发器-我方单位幸运值大于100%时，造成伤害提升30%	10001					0				2	1	9344			301	1	1	8100274	0	0	1					1
8100274	噩梦回响：造成伤害提升30%	411501160					1	1002	1	1	2	1								0	0	1		101201	320041		1
92001001	浴血	92001001					1				2	3	9525	2	3	101	2	2	92001001	0	0	1		92001001	92001001		1
92001011	造成单体【愤怒伤害】前对敌方施加92001012	10001					0				2	1	9524	2		101	1	2	92001012	0	0	1					1
92001012	防御力降低20%	92001012					0	9083	1	1	2	1								0	0	1					1
92001021	战斗开始时，给编队最左边战斗员92001022	10001					0				2	1	7322	3		326	1	2	92001022	0	0	1					1
92001022	回合结束时，按自身最大生命值的10%恢复全体友方生命	10001					0				2	1	1103	3		202	2	2	92001022	0	0	1					1
92001031	战斗开始时，给编队最左边战斗员92001032	10001					0				2	1	7322	3		326	1	2	92001032	0	0	1					1
92001032	回合开始时，如果自身生命值低于50%，获得92001001	10001					0				2	1	9526	3		301	1	2	92001001	0	0	1					1
92001041	战斗开始时，给编队最左边战斗员92001042	10001					0				2	1	7322	3		326	1	2	92001042	0	0	1					1
92001042	回合开始时，如果自身生命值低于30%，获得92001001	10001					0				2	1	9526	3		202	2	2	210010101	0	0	1					1
92001051	战斗开始时，给编队最左边战斗员92001052	10001					0				2	1	7322	3		326	1	2	92001052	0	0	1					1
92001052	使用奥义技能后，获得92001001	10001					0				2	1	1105	2		301	1	2	92001001	0	0	1					1
92001061	造成愤怒伤害后，获得92001001	10001					0				2	1	9527	2		301	1	2	92001001	0	0	1					1
92001071	战斗开始时，给编队最左边战斗员92001072	10001					0				2	1	7322	3		326	1	2	92001072	0	0	1					1
92001072	30%吸血	92001072					0				2	1								0	0	1					1
92001081	伤害均摊标记	10001					0				2	1	7322	3		326	1;1	2	92001082;92001084	0	0	1					1
92001082	伤害均摊标记	10001					0				2	1	1102	3		251	1	2	92001083	0	0	1					1
92001083	伤害均摊次要buff	10001					0				2	1								0	0	1					1
92001084	伤害均摊标记	10001					0				2	1	1102	3		301	1	2	92001085	0	0	1					1
92001085	伤害均摊主要buff	92001082					0				2	1								0	0	1					1
92001091	战斗开始时，给编队最左边战斗员92001092	10001					0				2	1	7322	3		326	1	2	92001092	0	0	1					1
92001092	回合开始时给自己升星	10001					0				2	1	1102	3		301	2	2	92001092	0	0	1					1
92001101	战斗开始时，给编队最左边战斗员92001102	10001					0				2	1	7322	3		326	1	2	92001102	0	0	1					1
92001102	回合开始时给自己92001103	10001					0				2	1	1102	3		301	1	2	92001103	0	0	1					1
92001103	每损失1%生命值，造成伤害提升1%	92001103	1				0				2	1								0	0	1					1
92001111	战斗开始时，给编队最左边战斗员92001112	10001					0				2	1	7322	3		326	1	2	92001112	0	0	1					1
92001112	回合开始时给自己92001001叠层	10001					0				2	1	1102	3		301	2;2	2	92001111;92001112	0	0	1					1
92001121	战斗开始时，给编队最左边战斗员92001122	10001					0				2	1	7322	3		326	1	2	92001122	0	0	1					1
92001122	锁血100点	92001122					0	9528	1	1	2	1															1
92001131	战斗开始时，给编队最左边战斗员92001132	10001					0				2	1	7322	3		326	1	2	92001132	0	0	1					1
92001132	获得治疗时，如果自身生命值大于50%，消耗至50%，并获得92001001	10001					0				2	1	9529	2		301	2;2	2	92001132;92001112	0	0	1					1
92001141	战斗开始时，红茶获得92001142	10001					0				2	1	7322	3		327	1	2	92001142	0	0	1					1
92001142	回合开始时获得2层180200804	10001					0				2	1	1102	3		301	1;1	2	180200804;180200804	0	0	1					1
92001151	获得180200804时，获得180200804	10001					0				2	1	7002	3		301	1	2	180200804	0	0	1					1
92001171	回合开始时，给敌方全体挂92001172	10001					0				2	1	1102	3		102	1;1	1	92001172	0	0	1					1
92001172	获得通缉时，获得92001173	10001					0				2	1	7002	2		301	1	2	92001173	0	0	1					1
92001173	防御降低5%，8层	92001173					2				2	3								1	1	0		200201	200201		1
92001181	获得180200804时，获得92001182	10001					0				2	1	7002	2		301	1	2	92001182	0	0	1					1
92001182	暴击率5%，4层，溢出转爆伤	92001181;92001182					1				2	3								1	1	0		100501	100501		1
92001191	造成破碎伤害后，获得92001192	10001					0				2	1	9531	2		301	1	2	92001192	0	0	1					1
92001192	暴击伤害提升10%，4层	92001192					1				2	3								1	1	0		100601	100601		1
92001201	获得180200804时，如果层数大于4，获得92001202	10001					0				2	1	7014	2		301	1	2	92001202	0	0	1					1
92001202	暴击率10%，4层	92001202					1				2	3								1	1	0		100501	100501		1
92001211	回合开始时，给敌方全体挂92001212	10001					0				2	1	1102	3		102	1;1	1	92001212	0	0	1					1
92001212	获得效果时，身上通缉层数大于0，获得92001212	10001					0				2	1	7248	2		301	1	2	92001213	0	0	1					1
92001213	受到伤害提高30%	92001213					0	7005	1	1	2	1								0	0	1					1
92001221	回合开始时，给敌方全体挂92001222	10001					0				2	1	1102	3		102	1;1	1	92001222	0	0	1					1
92001222	获得通缉时，获得通缉	10001					0				2	1	7002	2		301	1	2	180200803	0	0	1					1
92001231	战斗开始时，给敌方攻击力最高单位92001232	10001					0				2	1	7322	3		105	1	2	92001232	0	0	1					1
92001232	获得自身时，获得92001233，92001234	10001					0				2	1	9299	3		301	1;1	2	92001233;92001234	0	0	1					1
92001233	追凶，受到伤害提升30%，死亡时给友方攻击最高单位92001232	92001213					2				2	1	1007	3		205	1	2	92001232	0	0	1		92001233	92001233		1
92001234	回合开始时自身获得通缉	10001					0				2	1	1102	3		301	1;1	2	180200803;180200803	0	0	1					1
92001241	回合开始时，给敌方全体92001242	10001					0				2	1	1102	3		102	1	2	92001242	0	0	1					1
92001242	获得通缉时，层数超过3，获得1层92001243	10001					0				2	1	7014	2		301	1	2	92001243	0	0	1					1
92001243	红尘标记	10001					0				2	3								0	0	1		92001243	92001243		1
92001244	对敌方造成单体奥义进攻技能时，如果对方92001243层数大于0，额外造成伤害并清除92001243	10001					0				2	1	9532	2	3	101	2;2	2	92001244;92001245	0	0	1					1
92001251	回合开始时，给敌方全体92001252	10001					0				2	1	1102	3		102	1	2	92001252	0	0	1					1
92001252	自身通缉消失时，获得3层通缉	10001					0				2	1	7005	2		301	1;1;1	2	180200803;180200803;180200803	0	0	1					1
92001253	消耗【通缉】时，使对方全体获得y%造成伤害提升效果，可叠加z层	10001					0				2	1	7005	2		102	1	2		0	0	1					1
92001254	y%造成伤害提升效果，可叠加z层	92001254					0				2	3								0	0	1					1
92001261	回合开始时，给敌方全体92001162	10001					0				2	1	1102	3		102	1	2	92001262	0	0	1					1
92001262	sp低于3时，受到伤害提升15%	92001162	1				0				2	1								0	0	1					1
92001271	回合开始时，给敌方全体92001172	10001					0				2	1	1102	3		102	1	2	92001272	0	0	1					1
92001272	sp低于3时，造成伤害降低提升15%	92001172	1				0				2	1								0	0	1					1
92001281	回合开始时，给我方血量最低的人挂92001282	10001					0				2	1	1102	3		220	1	1	92001282	0	0	1					1
92001282	回合开始时，给随机敌方92001283	10001					0				2	1	1102	3		123	1;1	2	92001283;92001283	0	0	1					1
92001283	【奥义结晶】,行动时，消耗1层，给敌方全体增加1点sp	10001					2	1002	1	3	2	3	1002	2		102	2	2	210010101	0	0	1		92001283	92001283		1
92001291	回合开始时，给敌方全体92001292	10001					0				2	1	1102	3		102	1	2	92001292	0	0	1					1
92001292	获得debuff时，对目标施加92001293	10001					0				2	1	1019	2	3	101	1	2	92001293	0	0	1					1
92001293	攻击力提升5%，5层	92001293					1				2	3								1	1	0		100101	100101		1
92001301	回合开始时，给敌方全体92001302	10001					0				2	1	1102	3		102	1	2	92001302	0	0	1					1
92001302	获得debuff时，对目标施加92001292	10001					0				2	1	1019	2	3	301	1;1	2	92001283;92001283	0	0	1					1
92001311	获得sp时，获得92001312	10001					0				2	1	9533	2		301	1	2	92001312	0	0	1					1
92001312	暴击伤害提升10%，5层	92001312					1				2	3								1	1	0		100601	100601		1
92001321	回合开始时，给我方血量最低的人挂92001322，92001323	10001					0				2	1	1102	3		220	1;1	1	92001322;92001323	0	0	1					1
92001322	回合开始时，扣敌方全体sp	10001					0				2	1	1102	3		102	2	2	210010106	0	0	1					1
92001323	回合开始时，加我方全体sp	10001					0				2	1	1102	3		202	2	2	210010101	0	0	1					1
92001331	自身奥义能量大于2时，暴击率提升35%	92001331	1				0				2	1								0	0	1					1
92001341	使用sp技能后，获得92001342	10001					0				2	1	1105	2		301	1	2	92001342	0	0	1					1
92001342	造成伤害提高10%，5层	92001342					1				2	3								1	1	1		101201	101201		1
92001351	使用sp技能后，敌方全体获得92001283	10001					0				2	1	1105	2		102	1	2	92001283	0	0	1					1
92001361	回合开始时，获得92001362；92001363	10001					0				2	1	1102	3		301	1;1	2	92001362;92001363	0	0	1					1
92001362	使用sp技能后，获得3点sp	10001					0				2	1	1105	3		301	2	2	210010105	0	0	1					1
92001363	使用sp技能后，清除我方全体92001362	10001					0				2	1	1105	3		202	2	3	92001363	0	0	1					1
92001371	获得sp时，sp大于3，立即开大	10001					0				2	1	9534	2		301	2	2	92001371	0	0	1					1
92001372	战斗开始时，使自身sp上限-1	10001					0				2	1	7322	3		301	2	2	92001372	0	0	1					1
92001381	使用sp技能后，对敌方全体造成伤害并施加92001283	10001					0				2	1	1105	2		102	2;1	2	92001381;92001283	0	0	1					1
92001391	获得增益效果后，获得92001392	10001					0				2	1	9535	2		301	1	2	92001392	0	0	1					1
92001392	15%穿透率	92001392					1				2	1								0	0	1		100901	100901		1
92001401	获得增益效果后，获得92001402	10001					0				2	1	9535	2		301	1	2	92001402	0	0	1					1
92001402	15%暴击率	92001402					1				2	1								0	0	1		100501	100501		1
92001411	使用进攻技能后，获得92001412	10001					0				2	1	9537	2		301	1	2	92001412	0	0	1					1
92001412	10%攻击力，3层	92001412					1				2	3								1	1	0		100101	100101		1
92001421	使用增益技能后，获得92001422	10001					0				2	1	9537	2		301	1	2	92001422	0	0	1					1
92001422	30%防御力，3回合	92001422					1				2	1								1	1	0		100201	100201		1
92001431	使用增益技能后，获得92001412	10001					0				2	1	9537	2		301	1	2	92001432	0	0	1					1
92001432	30%忍耐率，3回合	92001432					1				2	1								1	1	0		101001	101001		1
92001441	回合结束时，对我方攻击最高战斗员92001442	10001					0				2	1	1103	3		205	1	1	92001442	0	0	1					1
92001442	回合结束时，给自己补1张2星随机牌	10001					0				2	1	1103	3		301	2	2	92001442	0	0	1					1
92001451	回合开始时，给我方攻击最高战斗员92001452	10001					0				2	1	1102	3		205	1	2	92001452	0	0	1					1
92001452	使用技能后补1张3星技能牌	10001					0				2	1	1002	3		301	2	1	92001452	0	0	1					1
92001461	使用进攻技能后，获得92001462	10001					0				2	1	9537	2		301	1	2	92001462	0	0	1					1
92001462	暴击伤害提升30%，3层	92001462					1				2	3								1	1	0		100601	100601		1
92001471	使用奥义技能后，自身升星1	10001					0				2	1	1105	2		301	2	2	92001471	0	0	1					1
92001481	使用非奥义1星牌时，获得92001484	10001					0				2	1	9214	2		301	1	2	92001484	0	0	1					1
92001482	使用非奥义2星牌时，获得92001484	10001					0				2	1	9214	2		301	1	2	92001484	0	0	1					1
92001483	使用非奥义3星牌时，获得92001484	10001					0				2	1	9214	2		301	1	2	92001484	0	0	1					1
92001484	造成伤害提升3%,30层	92001484					1				2	3								1	1	0		101201	101201		1
92001491	获得增益效果后，如果自身增益层数大于10，给自己2牌升星1	10001					0				2	1	9538	3		301	2	2	92001491	0	0	1					1
92001501	触发升星效果时，打出所有3星牌	10001					0				2	1	7274	2		301	2;2	1	92001501	0	0	1					1
92001502	触发升星效果时，弃牌	10001					0				2	1	7274	2		301	2;2	2	92001502	0	0	1					1
92001511	使用进攻技能时，如果敌方人数大于3，获得92001512	10001					0				2	1	9539	2		301	1	2	92001512	0	0	1					1
92001512	穿透率+18%	92001512					0	1002	1	1	2	1								0	0	1					1
92001521	使用群攻技能后，获得92001522	10001					0				2	1	9540	2		301	1	2	92001522	0	0	1					1
92001522	攻击力+5%，最多4层	92001522					1				2	3								1	1	0		100101	100101		1
92001531	使用群攻技能后，获得92001532	10001					0				2	1	9540	2		301	1	2	92001532	0	0	1					1
92001532	幸运+10%，最多4层	92001532					1				2	3								1	1	0		100401	100401		1
92001541	使用进攻技能后，如果自身穿透大于30%，驱散自身1	10001					0				2	1	9541	2		301	2	2	206030101	0	0	1					1
92001551	受到攻击时，获得92001552	10001					0				2	1	1004	2		301	1	2	92001552	0	0	1					1
92001552	受到护盾提高5%，4层	92001552					1				2	3								1	1	0		101801	101801		1
92001561	回合开始时，获得92001562	10001					0				2	1	1102	3		301	1	2	92001562	0	0	1					1
92001562	穿透率提升10%，5层	92001562					1				2	3								1	1	0		100901	100901		1
92001571	造成群体伤害前获得92001572	10001					0				2	1	9540	2		301	1	2	92001572	0	0	1					1
92001572	造成伤害提升30%	92001572					0	1002	1	1	2	1								0	0	1					1
92001581	造成群体伤害后，牌库升1星	10001					0				2	1	9542	2		301	2	1	92001581	0	0	1					1
92001591	造成群体伤害后，获得1sp	10001					0				2	1	9542	3		301	2	1	210010101	0	0	1					1
92001601	造成群体伤害后，按自身护盾对敌方全体造成伤害	10001					0				2	1	9542	2		102	2	1	92001601	0	0	1					1
92001602	造成单体伤害后，按自身护盾对敌方全体造成伤害	10001					0				2	1	9543	2		101	2	1	92001601	0	0	1					1
92001611	使用进攻技能时，如果敌方人数大于3，对敌方造成额外伤害	10001					0				2	1	9547	2		102	2	2	92001611	0	0	1					1
92001621	暴击时，对敌方造成伤害	10001					0				2	1	4003			101	2	2	92001621	0	0	1					1
92001631	使用攻击sp技能后，对敌方造成伤害	10001					0				2	1	9544	2		102	2	2	92001631	0	0	1					1
92001999	50%暴击率和爆伤	92001999;92001998					0				2	1								0	0	1		300014	92001999		1
92001989	使用sp时获得92001988	10001					0				2	1	9544			301	1	2	92001999	0	0	1					1
92001988	造成伤害提升20%	92001989					0	1002	1	1	2	1								0	0	1					1
92001979	忍耐率+30%	92001979					0				2	1								0	0	1					1
92001978	暴击率+50%	92001999					0				2	1								0	0	1					1
110401301	奥秘花舞者-大招-穿透提升	410401301				3	1				2	1								1	1	0		100901	310401301		1
110401302	奥秘花舞者-初始被动天赋表-战斗开始时，给所有绿色友方挂110401303	10001					0				2	1	7322	3	3	239	1	2	110401303	0	0	1	1	61104013		2	1
110401303	奥秘花舞者-初始被动-最大生命值提升x%	410401302					0				2	1								0	0	1	1			2	1
110401304	奥秘花舞者-1星-回合开始时，获得1点sp	10001					0				2	1	1102	3	3	301	2	2	210010101	0	0	1	1			2	1
110401305	奥秘花舞者-4星-释放1次技能后获得110401306	10001					0				2	1	1002	3	3	301	1;1	2	110401306;110401315	0	0	1	1			2	1
110401306	奥秘花舞者-4星-释放技能后释放2技能	10001					0				2	1	1002	3	3	102	4	2	72104013	0	0	1	1			2	1
110401307	奥秘花舞者-6星-大招标记	10001					0				2	1								0	0	1	1			2	1
110401308	奥秘花舞者-6星-使用群攻技能前，敌方人数小于5，获得110401309	10001					0				2	1	9545	2	3	301	1	1	110401309	0	0	1	1			2	1
110401309	奥秘花舞者-6星-造成伤害提升	410401303					0	1002	1	2	2	1								0	0	1	1			2	1
110401310	奥秘花舞者-6星-使用群攻技能前，敌方人数小于5，给敌方110401311	10001					0				2	1	9545	2	3	102	1	2	110401311	0	0	1	1			2	1
110401311	获得自身时，对敌方奥秘花舞者110401312	10001					0				2	1	9299	2	3	328	1	2	110401312	0	0	1	1			2	1
110401312	奥秘花舞者-6星-造成伤害降低	410401304					0	1002	999	2	2	3								0	0	1	1			2	1
110401313	奥秘花舞者-6星大招-穿透提升	410401301				3	1				2	1								1	1	0		100901	310401301		1
110401314	奥秘花舞者-4星-追击标记	10001					0	1002	1	2	2	3								0	0	1					1
110401315	奥秘花舞者-4星-释放技能后获得追击标记	10001					0				2	1	1002	3	3	301	1;1	1	110401314;110401314	0	0	1	1			2	1
310601101	午夜寻幽-2技能-造成护盾效果降低	410601101					2				2	1								1	1	0		201701	201701		1
310601102	午夜寻幽-初始被动天赋表-战斗开始时，给所有绿色友方挂310601103	10001					0				2	1	7322	3	3	239	1	2	310601103	0	0	1	1	61106011		2	1
310601103	午夜寻幽-初始被动-最大生命值提升x%	410601102					0				2	1								0	0	1	1			2	1
310601105	午夜寻幽-3星-暴击率提升	410601103					0				2	1								0	0	1	1			2	1
310601106	午夜寻幽-5星-穿透率提升	410601104					0				2	1								0	0	1	1			2	1
310401301	奥秘花舞者-专武被动1-释放42104013前，对自己挂1回合310401302	10001					0				2	1	1008	2	3	301	1	1	310401302	0	0	1				2	1
310401302	奥秘花舞者-专武效果-造成伤害+8%	310401301					0	1002	1	1	2	1								0	0	1				2	1
310401303	奥秘花舞者-专武被动2-回合开始时，给所有绿色友方挂310401304	10001					0				2	1	1102	3	3	239	1	1	310401304	0	0	1				2	1
310401304	奥秘花舞者-专武效果-穿透率+3%	310401302					0				2	1								0	0	1				2	1
310401305	奥秘花舞者-专武被动1-释放42104013前，对自己挂1回合310401306	10001					0				2	1	1008	2	3	301	1	1	310401306	0	0	1				2	1
310401306	奥秘花舞者-专武效果-造成伤害+16%	310401303					0	1002	1	1	2	1								0	0	1				2	1
310401307	奥秘花舞者-专武被动2-回合开始时，给所有绿色友方挂310401308	10001					0				2	1	1102	3	3	239	1	1	310401308	0	0	1				2	1
310401308	奥秘花舞者-专武效果-穿透率+6%	310401304					0				2	1								0	0	1				2	1
104019001	佣兵-影卫阿瑞斯-暴击率提升30%	416030155					1				2	1								1	1	0		100501	100501		1
1010116	【佣兵活动】刀尖舔血-效果-我方战斗员受到治疗效果和受到护盾效果降低30%，暴击率和暴击伤害提升15%	311602101;312102101;416030154;417030151					0				2	1								0	0	1		341001	320076		1
1010117	【佣兵活动】智能瞄准-触发器-每回合开始时，影卫阿瑞斯获得1层【造成伤害提升3%】	10001					0				2	1	1102			301	1	1	1010118	0	0	1		341008	320077		1
1010118	【佣兵活动】智能瞄准-效果-造成伤害提升3%	411501164					1				2	3								0	0	1		101201	101201		1
1010119	【佣兵活动】超频充能-效果-造成【间接伤害】提升20%，受到【增幅伤害】提升30%	412201151;313241101					0				2	1								0	0	1		340004	320078		1
1010120	【佣兵活动】赏金1-效果-暴击率+15%	416030154					1				2	1								0	0	1		100501	320079		1
1010121	【佣兵活动】赏金1-效果-死亡时会传递给击杀者，暴击率+15%	10001					0				2	1	1007			101	1;1	2	1010120;1010121	0	0	1					1
1010122	【佣兵活动】赏金1-效果-攻击力+15%	401102155					1				2	1								0	0	1		100101	320080		1
1010123	【佣兵活动】赏金1-效果-死亡时会传递给击杀者，攻击力+15%	10001					0				2	1	1007			101	1;1	2	1010122;1010123	0	0	1					1
1010124	【佣兵活动】赏金1-效果-防御力+15%	412010155					1				2	1								0	0	1		100201	320081		1
1010125	【佣兵活动】赏金1-效果-死亡时会传递给击杀者，防御力+15%	10001					0				2	1	1007			101	1;1	2	1010124;1010125	0	0	1					1
115300801	衍罪之渊-大招-状态切换标记,属性转换	10001				3	0	9554	1	2	2	1								0	0	1		15300801			1
115300802	衍罪之渊-技能2-暴击伤害提升	415300801					1				2	1								0	0	1		100601	100601		1
115300803	衍罪之渊-初始被动天赋表-暴击率提升	415300804					0				2	1								0	0	1	1	61153008		2	1
115300804	衍罪之渊-被动-获得sp时额外获得sp1	10001					0				2	1	9533	2		301	2	1	210010101	0	0	1				2	1
115300805	衍罪之渊-1星-状态1结束时sp+1	10001					0				2	1	7034	2		301	2	1	210010101	0	0	1				2	1
115300806	衍罪之渊-4星-战斗开始时，sp+2	10001					0				2	1	7322	2		301	2	1	210010102	0	0	1				2	1
115300807	衍罪之渊-4星-使用技能前，获得115300808	10001					0				2	1	1003	2		301	1	1	115300808	0	0	1				2	1
115300808	衍罪之渊-4星-攻击力提升	415300805					1				2	3								1	1	0		100101	100101	2	1
115300809	衍罪之渊-6星-生命值大于75%，造成伤害提高	415300806	1				0				2	1								0	0	1				2	1
115300810	衍罪之渊-6星-生命值小于50%，受到伤害降低	415300807	1				0				2	1								0	0	1				2	1
115300811	衍罪之渊-大招-115300801消失时，开大	10001				3	0				2	1	1108	2		301	2	2	215300809	0	0	1					1
115300812	衍罪之渊-大招-大招切换标记	10001				3	0				2	1								0	0	1					1
115300813	衍罪之渊-大招-sp切换标记	415300803				3	0				2	1								0	0	1					1
115300814	衍罪之渊-大招-状态切换标记,属性转换	415300802				3	0				2	1								0	0	1					1
115300815	衍罪之渊-大招-免疫控制标记	10001					0				2	1	9568	2		301	1;2;2;2	2	115300812;215300811;215300810;215300814	0	0	1					1
8100275	噩梦回响-敌方单位受到【增幅伤害】提升20%，若未携带减益效果则额外提升20%	313241102		0			0				2	1	9489			301	1	1	8100276	0	0	1		341008	320082		1
8100276	噩梦回响-受到【增幅伤害】提升20%	313241102		0			0	1002	1	3	2	1								0	0	1					1
8100277	噩梦回响-触发器-我方战斗员奥义能量未满时造成【破碎伤害】提升30%	10001		1			0				2	1	9550			301	1	1	8100278	0	0	1		102801	320083		1
8100278	噩梦回响：造成【破碎伤害】提升30%	313081102		0			1	1002	99	3	2	1								0	0	1					1
115100801	佣兵本通用效果-勘破	415100801				3	1				2	3								1	1	0		15100801	115100801		1
115100802	多情演绎-大招-暴击伤害提升	415100802				3	0	1002	1	3	2	1								0	0	1					1
115100803	多情演绎-初始被动天赋表-战斗开始时，给所有绿色友方挂115100804	10001					0				2	1	7322	3	3	239	1	2	115100804	0	0	1	1	61151008		2	1
115100804	多情演绎-初始被动-暴击率提升x%	415100803					0				2	1								0	0	1	1			2	1
115100805	多情演绎-1星-使用【技能1】前获得115100801	10001					0				2	1	1008	2		301	1	2	115100801	0	0	1				2	1
115100806	多情演绎-4星-回合结束时，如果友方阵营buff层数大于9，获得115100807	10001					0				2	1	9553	3		301	1	2	115100807	0	0	1				2	1
115100807	多情演绎-4星-攻击力提升	415100804					1				2	3								1	1	0		100101	100101	2	1
115100808	多情演绎-6星-标记	10001					0				2	1								0	0	1				2	1
115100809	多情演绎-6星大招-暴击伤害提升	415100805				3	1				2	1								0	0	1		100601	100601		1
115000801	天使心-技能2-忍耐提升	415000801				3	1				2	3								1	1	0		101001	101001		1
115000802	天使心-大招-攻击提升	415000802				3	1				2	1								1	1	0		100101	100101		1
115000803	天使心-初始被动天赋表-暴击率提升	10001;10001;415000805					0				2	1	7322	3	3	202	1	2	115000811	0	0	1	1	61150008		2	1
115000804	天使心-1星-战斗开始时，给友方115000805	10001					0				2	1	7322	3	3	251	1	2	115000805	0	0	1				2	1
115000805	天使心-1星-使用sp后，给天使心115000805	10001					0				2	1	1105	2		329	1	2	115000806	0	0	1				2	1
115000806	天使心-1星-造成治疗效果提升	415000806				3	1				2	3								1	1	0		101301	101301	2	1
115000807	天使心-3星-防御力提高	415000807				3	1				2	1								1	1	0		100201	100201		1
115000808	天使心-5星-攻击力提升	415000808				3	1				2	1								1	1	0		100101	100101		1
115000809	天使心-5星-标记	10001					0				2	1								0	0	1					1
115000810	天使心-被动-空护盾	415200806					0				1	1								0	0	1		110202	110202		1
115000811	天使心-初始被动天赋表-治疗可以暴击，溢出治疗转护盾	415000803;415000804					0				2	1								0	0	1					1
115000812	天使心-大招-受到43150008暴击时给自己挂115000802	10001				3	0				2	1	9556	2		301	1;2	2	115000802;206030103	0	0	1					1
115000813	天使心-3星-战斗开始时给全体友方挂115000814	10001				3	0				2	1	7322	3	3	202	1	2	115000814	0	0	1	1			2	1
115000814	天使心-3星-受到天使心治疗暴击时获得115000807	10001				3	0				2	1	9557	2		301	1	2	115000807	0	0	1					1
115000815	天使心-大招-受到44150008暴击时给自己挂115000808	10001				3	0				2	1	9556	2		301	1;2	2	115000808;206030103	0	0	1					1
114800801	爆破艺术-技能2-受击时对目标施加115100801	10001				3	0				2	1	1004	2		101	1	2	115100801	1	1	0		14800081	148000801		1
114800802	爆破艺术-初始被动天赋表-战斗开始时，给所有绿色友方挂148000803	10001					0				2	1	7322	3	3	239	1	2	114800803	0	0	1	1	61148008		2	1
114800803	爆破艺术-初始被动-每层buff提升x%攻击力	414800801	1				0				2	1								0	0	1	1			2	1
114800804	爆破艺术-1星-技能1-标记	10001					0				2	1								0	0	1					1
114800805	爆破艺术-技能2-受击时对目标施加115100801	10001				3	0				2	1	1004	2		101	1	2	115100801	1	1	0		14800081	148000801		1
114800806	爆破艺术-4星-技能2-标记	10001					0				2	1								0	0	1					1
114800807	爆破艺术-6星-大招-标记	10001					0				2	1								0	0	1					1
315300801	衍罪之渊-专武被动1-释放41153008前，对自己挂1回合315300802	10001					0				2	1	1008	2	3	301	1	1	315300802	0	0	1				2	1
315300802	衍罪之渊-专武效果-造成伤害+8%	315300801					0	1002	1	1	2	1								0	0	1				2	1
315300803	衍罪之渊-专武被动2-使用技能前，对目标挂315300804	10001					0				2	1	1003	2	3	101	1	1	315300804	0	0	1				2	1
315300804	衍罪之渊-专武效果-防御降低7%	315300802					0	7440	1	1	2	1								0	0	1				2	1
315300805	衍罪之渊-专武被动1-释放41153008前，对自己挂1回合315300806	10001					0				2	1	1008	2	3	301	1	1	315300806	0	0	1				2	1
315300806	衍罪之渊-专武效果-造成伤害+16%	315300803					0	1002	1	1	2	1								0	0	1				2	1
315300807	衍罪之渊-专武被动2-使用技能前，对目标挂315300808	10001					0				2	1	1003	2	3	101	1	1	315300808	0	0	1				2	1
315300808	衍罪之渊-专武效果-防御降低14%	315300804					0	7440	1	1	2	1								0	0	1				2	1
315300809	衍罪之渊-专武被动1-释放44153008前，对自己挂1回合315300802	10001					0				2	1	1008	2	3	301	1	1	315300802	0	0	1				2	1
315300810	衍罪之渊-专武效果-造成伤害+8%	315300801					0	1002	1	1	2	1								0	0	1				2	1
315300811	衍罪之渊-专武被动1-释放44153008前，对自己挂1回合315300806	10001					0				2	1	1008	2	3	301	1	1	315300806	0	0	1				2	1
315300812	衍罪之渊-专武效果-造成伤害+16%	315300803					0	1002	1	1	2	1								0	0	1				2	1
315100801	多情演绎-专武被动1-释放41151008前，对自己挂1回合315100802	10001					0				2	1	1008	2	3	301	1	1	315100802	0	0	1				2	1
315100802	多情演绎-专武效果-造成伤害+8%	315100801					0	1002	1	1	2	1								0	0	1				2	1
315100803	多情演绎-专武效果-暴击率+5%	315100802					0				2	1								0	0	1				2	1
315100804	多情演绎-专武被动1-释放41151008前，对自己挂1回合315100805	10001					0				2	1	1008	2	3	301	1	1	315100805	0	0	1				2	1
315100805	多情演绎-专武效果-造成伤害+16%	315100803					0	1002	1	1	2	1								0	0	1				2	1
315100806	多情演绎-专武效果-暴击率+10%	315100804					0				2	1								0	0	1				2	1
315000801	天使心-专武效果-造成治疗+8%	315000801					0				2	1								0	0	1				2	1
315000802	天使心-专武被动2-战斗开始时，给所有友方挂315000803	10001					0				2	1	7322	3	3	202	1	1	315000803	0	0	1				2	1
315000803	天使心-专武效果-穿透率+3%	315000802					0				2	1								0	0	1				2	1
315000804	天使心-专武效果-造成治疗+16%	315000803					0				2	1								0	0	1				2	1
315000805	天使心-专武被动2-战斗开始时，给所有友方挂315000806	10001					0				2	1	7322	3	3	202	1	1	315000806	0	0	1				2	1
315000806	天使心-专武效果-穿透率+6%	315000804					0				2	1								0	0	1				2	1
314800801	爆破艺术-专武被动1-释放71148008前，对自己挂1回合314800802	10001					0				2	1	9558	2	3	301	1	1	314800802	0	0	1				2	1
314800802	爆破艺术-专武效果-造成伤害+8%	314800801					0	1002	1	1	2	1								0	0	1				2	1
314800803	爆破艺术-专武被动2-战斗开始时，给所有友方挂314800804	10001					0				2	1	7322	3	3	202	1	1	314800804	0	0	1				2	1
314800804	爆破艺术-专武效果-穿透率+3%	314800802					0				2	1								0	0	1				2	1
314800805	爆破艺术-专武被动1-释放71148008前，对自己挂1回合314800806	10001					0				2	1	9558	2	3	301	1	1	314800806	0	0	1				2	1
314800806	爆破艺术-专武效果-造成伤害+16%	314800803					0	1002	1	1	2	1								0	0	1				2	1
314800807	爆破艺术-专武被动2-战斗开始时，给所有友方挂314800808	10001					0				2	1	7322	3	3	202	1	1	314800808	0	0	1				2	1
314800808	爆破艺术-专武效果-穿透率+6%	314800804					0				2	1								0	0	1				2	1
8100279	噩梦回响-敌方单位受到【增幅伤害】提升20%，受到奥义技能的【增幅伤害】额外提升30%	313241102		0			0				2	1	9560			301	1	1	8100281	0	0	1		341008	320084		1
8100280	噩梦回响-受到【增幅伤害】提升20%	313241102		0			0	1002	1	3	2	1								0	0	1					1
8100281	噩梦回响-受到【增幅伤害】提升30%	313241101		0			0	1002	1	3	2	1								0	0	1					1
8100282	噩梦回响-触发器-我方战斗员奥义能量未满时造成【破碎伤害】提升20%，若目标敌人未携带减益效果则额外再提升20%	10001		0			0				2	1	9550			301	1	1	8100284	0	0	1		102801	320085		1
8100283	噩梦回响-触发器-我方战斗员奥义能量未满时造成【破碎伤害】提升20%，若目标敌人未携带减益效果则额外再提升20%	10001		0			0				2	1	9559			301	1	1	8100284	0	0	1					1
8100284	噩梦回响：造成【破碎伤害】提升20%	313081102		0			0	1002	2	3	2	3								0	0	1					1
7100152	0星级提升（攻击15%&生命15%）	71001521;71001522					0				2	3								0	0	1		300014	7100152	2	1
7100153	1星级提升（攻击20%&生命20%）	71001531;71001532					0				2	3								0	0	1		300014	7100153	2	1
7100154	2星级提升（攻击24%&生命24%）	71001541;71001542					0				2	3								0	0	1		300014	7100154	2	1
7100155	3星级提升（攻击27%&生命27%）	71001551;71001552					0				2	3								0	0	1		300014	7100155	2	1
7100156	4星级提升（攻击30%&生命30%）	71001561;71001562					0				2	3								0	0	1		300014	7100156	2	1
7100157	5星级提升（攻击33%&生命33%）	71001571;71001572					0				2	3								0	0	1		300014	7100157	2	1
7100158	6星级提升（攻击35%&生命35%）	71001581;71001582					0				2	3								0	0	1		300014	7100158	2	1
8100285	噩梦回响-触发器-未携带增益效果的敌方战斗员受到伤害提升20%	10001					0				2	1	9523			301	1	1	8100286	0	0	1					1
8100286	噩梦回响：受到伤害提升20%	411502164		0			2	9470	1	2	2	1								0	0	1		201101	320036		1
8100287	噩梦回响-触发器-每次受到【生命值提升】，我方全体获得1层造成伤害提升10%，上限3层	10001					0				2	1	7263			301	1	3	8100288	0	0	1					1
8100288	噩梦回响：造成伤害提升10%	411501152					1				2	3								0	0	1		101201	320041		1
8100289	噩梦回响-行动开始触发标记buff	10001					0				2	1	1003			301	1	1	8100290	0	0	1					1
8100290	噩梦回响-标记buff	10001					0	1002	1	2	2	1								0	0	1					1
8100291	噩梦回响-获得【诅咒】触发间伤buff	10001					0				2	1	7014			301	1	2	8100292	0	0	1					1
8100292	噩梦回响-受到间接伤害提升50%	412202160					2				2	3								0	0	1		201901	320027		1
8100293	噩梦回响-触发器-未携带增益效果的敌方战斗员受到伤害提升20%	10001					0				2	1	9523			301	1	1	8100294	0	0	1					1
8100294	噩梦回响：受到伤害提升30%	411502152		0			2	9470	1	2	2	1								0	0	1		201101	320036		1
8100295	噩梦回响-触发器-每次受到【生命值提升】，我方全体获得1层造成伤害提升20%，上限3层	10001					0				2	1	7263			301	1	3	8100296	0	0	1					1
8100296	噩梦回响：造成伤害提升20%	411501158					1				2	3								0	0	1		101201	320041		1
340401901	世界BOSS-佣兵-回合开始时，获得3层340401902	10001					0				2	1	1102	3		301	1;1;1	2	340401902;340401902;340401902	0	0	1					1
340401902	世界BOSS-佣兵-攻击力提升1%	340401902					1				2	3								0	0	1		100101	100101		1
340401903	世界BOSS-佣兵-boss描述	10001					0				2	1	7322	3		102	1;1	2	340401901;340401904	0	0	1		300014	340401903		1
340401904	世界BOSS-佣兵-自身每有1层buff，最终伤害提升3%	340401904					1				2	1								0	0	1		101201	340401904		1
8100297	噩梦回响-失去增益buff，且非正常失去时，给自己挂受到伤害提高20%	10001					0				2	1	9327		3	301	1	2	8100298	0	0	1					1
8100298	噩梦回响-受到最终伤害提高20%	411502164					2				2	3								1	1	0		341004	320036		1
8100299	噩梦回响-触发器-每回合当前生命值最高的敌人受到伤害提升30%，其余敌人受到伤害减少30%	10001					0				2	1	9299			251	1	1	8100302	0	0	1					1
8100300	噩梦回响-触发器-每回合当前生命值最高的敌人受到伤害提升30%，其余敌人受到伤害减少30%	10001					0				2	1	1102			321	1;1	1	8100299;8100301	0	0	1					1
8100301	噩梦回响：受到伤害提升30%	411502152		0			2				2	1								0	0	1		201101	320036		1
8100302	噩梦回响，怪物通用，受到伤害降低30%	411502151		0			1				2	3								1	1	0		101101	320086		1
8100303	噩梦回响：防御力被降低的敌方单位受到伤害提升30%	10001		1			0				2	1	9465			301	1	1	8100304	0	0	1					1
8100304	噩梦回响：受到伤害提升30%	411502152		0			2	9470	1	2	2	1								0	0	1		201101	320036		1
180300101	清平乐-暴露2回合（唯一）	480300109;480300101		1		3	2				2	1								1	1	0		80300801	180300101		1
180300102	清平乐-受到破碎伤害提升	480300102				3	2				2	3								1	1	0		202701	202701		1
180300103	清平乐-造成伤害提升	480300103					0	1002	1	2	2	3								0	0	1					1
180300104	清平乐-大招标记	10001				3	0				2	1	9299	2		301	2	2	280300104	0	0	1					1
180300105	清平乐-初始被动天赋表-战斗开始时，给红色友方挂180300106	10001					0				2	1	7322	3	3	238	1	2	180300106	0	0	1	1	61803008		2	1
180300106	清平乐-造成最终伤害提升x%	480300104					0				2	3								0	0	1	1			2	1
180300107	清平乐-初始被动天赋表-战斗开始时，给红茶挂180300108	10001					0				2	1	7322	3	3	327	1	2	180300108	0	0	1	1			2	1
180300108	清平乐-造成最终伤害提升x%	480300105					0				2	3								0	0	1	1			2	1
180300109	清平乐-1星-战斗开始时获得sp+2	10001					0				2	1	7322	2		301	2	1	210010102	0	0	1					1
180300110	清平乐-4星-释放技能2时，我方全体获得180300111	10001					0				2	1	9563	2		202	1	2	180300111	0	0	1					1
180300111	清平乐-4星-暴击伤害提升5层3回合	480300106					1				2	3								1	1	0		100601	100601		1
180300112	清平乐-6星-回合开始时，给敌方挂180300113	10001					0				2	1	1102	3		102	1	2	180300113	0	0	1					1
180300113	清平乐-6星-受hit时，给目标挂180300114	10001					0				2	1	9564	2		101	1	2	180300114	0	0	1					1
180300114	清平乐-最终伤害提升	480300107					0				2	1								1	1	0		101201	101201		1
1010126	悼亡之影-【攻击力提升20%】	401102151					1				2	1								1	1	0		100101	100101		1
1010127	悼亡之影-【防御力提升50%】	412010158					1				2	1								1	1	0		100201	100201		1
1010128	悼亡之影-【忍耐率提升30%】	411303152					1				2	1								1	1	0		101001	101001		1
8100305	噩梦回响：攻击力被降低的敌方单位受到伤害提升20%	10001		1			0				2	1	9464			301	1	1	8100306	0	0	1					1
8100306	噩梦回响：受到伤害提升20%	411502164					2	9470	1	2	2	1								0	0	1		201101	320036		1
8100307	噩梦回响：攻击力被降低的敌方单位受到伤害提升30%	10001		1			0				2	1	9464			301	1	1	8100308	0	0	1					1
8100308	噩梦回响：受到伤害提升30%	411502152					2	9470	1	2	2	1								0	0	1		201101	320036		1
8100309	噩梦回响-触发器-携带护盾的我方单位造成伤害提升20%	10001					0				2	1	9518			301	1	1	8100310	0	0	1					1
8100310	噩梦回响：造成伤害提升20%	411501158					1	1002	1	3	2	1								0	0	1		101201	320041		1
8100311	噩梦回响-触发器-携带护盾的我方单位造成伤害提升30%	10001					0				2	1	9518			301	1	1	8100312	0	0	1					1
8100312	噩梦回响：造成伤害提升30%	411501160					1	1002	1	3	2	1								0	0	1		101201	320041		1
114600801	菲菲-大招-偷攻击力	10001				3	0				2	1	9299	2		331	1	2	114600802	0	0	1					1
114600802	菲菲-大招-攻击力提升	414600802				3	0				2	1								0	0	1					1
114600803	菲菲-大招-攻击力降低	414600801				3	2				2	1	9297	2		331	2	2	214600804	1	1	0		200101	114600801		1
114600804	菲菲-初始被动天赋表-战斗开始时，给红色友方挂114600805	10001					0				2	1	7322	3	3	238	1	2	114600805	0	0	1	1	61146008		2	1
114600805	菲菲-暴击伤害提升x%	414600803					0				2	1								0	0	1	1			2	1
114600806	菲菲-技能1-标记	10001			1	3	0				2	1								0	0	1		14600081	114600806		1
114600807	菲菲-被动-对携带114600806的目标造成伤害前获得114600809	10001				3	0				2	1	7043	2		301	1	2	114600809	0	0	1					1
114600808	菲菲-被动-受到携带114600806的目标造成伤害前获得114600810	10001				3	0				2	1	9571	2		301	1	2	114600810	0	0	1					1
114600809	菲菲-技能1-造成伤害提升	414600804				3	0	1002	1	3	2	1								0	0	1					1
114600810	菲菲-技能1-受到伤害降低	414600805				3	0	7250	1	3	2	1								0	0	1					1
114600811	菲菲-1星-标记	10001					0				2	1								0	0	1					1
114600812	菲菲-4星-对携带114600806的目标造成伤害前获得114600813	10001					0				2	1	7043	2		301	1	2	114600813	0	0	1					1
114600813	菲菲-4星-暴击伤害提升	414600806					0	1002	1	3	2	1								0	0	1					1
114600814	菲菲-6星-生命值大于50%，造成伤害提升20%	414600807	1				0				2	1								0	0	1					1
115400801	罗寇-初始被动天赋表-每损失1%生命，造成间接伤害提升	415400801	1				0				2	1								0	0	1		61154008		2	1
115400802	罗寇-被动-回合开始时，如果自身诅咒小于3，获得诅咒	10001					0				2	1	9566	3		301	1	2	115400817	0	0	1					1
115400803	罗寇-被动-大回合结束前锁血	10001					0				2	1	9415	3		301	1	3	115400804	0	0	1					1
115400804	罗寇-被动-锁血	415400802					0	1103	1	1	2	1								0	0	1					1
115400805	罗寇-技能2-获得自身时偷取敌方罗寇诅咒	10001				3	0				2	1	9299	2		332	2	2	215400806	0	0	1					1
115400806	罗寇-1星-回合开始时给敌方115400808	10001					0				2	1	1102	3		102	1	2	115400808	0	0	1					1
115400807	罗寇-1星-回合开始时给友方115400809	10001					0				2	1	1102	3		251	1	2	115400809	0	0	1					1
115400808	罗寇-1星-获得诅咒时，给目标115400810	10001					0				2	1	9567	3		101	1	2	115400810	0	0	1					1
115400809	罗寇-1星-获得115400810时，给友方罗寇115400815	10001					0				2	1	7002	3		333	1	2	115400815	0	0	1					1
115400810	罗寇-1星-标记	10001					0				2	1								0	0	1					1
115400811	罗寇-1星-获得115400815时，给自身诅咒	10001					0				2	1	7002	3		301	1	2	115400817	0	0	1					1
115400812	罗寇-4星-自身施加的诅咒造成伤害时，给自己计伤害	10001					0				2	1	9439			301	1;2	2	115400816;215400807	0	0	1					1
115400813	罗寇-4星-空白护盾	415400803					1				2	1								0	0	0		110202	110202		1
115400814	罗寇-6星-标记	10001					0				2	1								0	0	1					1
115400815	罗寇-1星-标记	10001					0				2	1								0	0	1					1
115400816	罗寇-4星-攻击力+10%	401102158					1				2	1								1	1	0		100101	100101		1
115400817	罗寇-诅咒-2/2/2回合	402030101					2				2	2								1	1	0		210205	210205		1
1010129	悼亡之影-【防御力和忍耐率提升30%，受到间接伤害提升50%】	412010153;411303152;412202160					0				2	1								0	0	1		341007	320087		1
1010130	悼亡之影-死亡时为击杀者阵营所有单位施加【造成间接伤害提升5%】，上限10层	10001		1			0				2	1	1007			102	1	1	1010131	0	0	1					1
1010131	悼亡之影-【造成间接伤害提升5%】，上限10层	412201154					1				2	3								0	0	1		102001	102001		1
1010132	悼亡之影-当场上存在4个欲念蘑菇时，欲念体造成伤害提升20%	10001		1			0				2	1	9565			301	1	1	1010133	0	0	1					1
1010133	悼亡之影-造成伤害提升20%	411501158					1	1002	1	3	2	1								0	0	1		102001	102001		1
1010134	悼亡之影--每损失1%生命，受到间接伤害降低0.5%	412202156	1				0				2	1								0	0	1					1
1010135	暗夜猫-死神-每1回合开始时给敌方BOSS挂召唤标记	10002		0			0				2	1	1102			301	2	2	201211057	0	0	1					1
1010136	暗夜猫-死神-释放标记，下回合召唤	10002		0			0	1102	1	3	2	1	1102			301	3	2	1010062	0	0	1					1
8100313	噩梦回响：【造成间接伤害提升30%】	412201155					1				2	1								0	0	1		102001	102001		1
8100314	噩梦回响：暴击率提升10%	7100553					1				2	1								0	0	1		100501	320088		1
8100315	噩梦回响：造成【破碎伤害】提升30%	313081102					1				2	1								0	0	1		102801	320075		1
315400801	罗寇-专武被动1-释放71154008前，对自己挂1回合315400802	10001					0				2	1	9558	2	3	301	1	1	315400802	0	0	1				2	1
315400802	罗寇-专武效果-造成伤害+8%	315400801					0	1002	1	1	2	1								0	0	1				2	1
315400803	罗寇-专武被动2-战斗开始时，给所有红色友方挂315400804	10001					0				2	1	7322	3	3	238	1	1	315400804	0	0	1				2	1
315400804	罗寇-专武效果-造成间接伤害+5%	315400802					0				2	1								0	0	1				2	1
315400805	罗寇-专武被动1-释放71154008前，对自己挂1回合315400806	10001					0				2	1	9558	2	3	301	1	1	315400806	0	0	1				2	1
315400806	罗寇-专武效果-造成伤害+16%	315400803					0	1002	1	1	2	1								0	0	1				2	1
315400807	罗寇-专武被动2-战斗开始时，给所有红色友方挂315400808	10001					0				2	1	7322	3	3	238	1	1	315400808	0	0	1				2	1
315400808	罗寇-专武效果-造成间接伤害+5%	315400804					0				2	1								0	0	1				2	1
8100316	噩梦回响：回合开始时，延长敌方一回合【诅咒】	10001					0				2	1	1102			102	2	3	311020101	0	0	1					1
120025231	爬塔换皮-我方有森屿渔歌时，获得120025241	10001					0				2	1	9512	3		301	1	2	120025241	0	0	1					1
120025241	爬塔换皮-暴击伤害+20%	420025241					0				2	1								0	0	1					1
120025232	爬塔换皮-我方有森屿渔歌时，获得120025241	10001					0				2	1	9512	3		301	1	2	120025242	0	0	1					1
120025242	爬塔换皮-暴击伤害+20%	420025242					0				2	1								0	0	1					1
120025233	爬塔换皮-我方有森屿渔歌时，获得120025241	10001					0				2	1	9512	3		301	1	2	120025243	0	0	1					1
120025243	爬塔换皮-暴击伤害+20%	420025243					0				2	1								0	0	1					1
120025234	爬塔换皮-我方有森屿渔歌时，获得120025241	10001					0				2	1	9512	3		301	1	2	120025244	0	0	1					1
120025244	爬塔换皮-暴击伤害+20%	420025244					0				2	1								0	0	1					1
120025235	爬塔换皮-我方有森屿渔歌时，获得120025241	10001					0				2	1	9512	3		301	1	2	120025245	0	0	1					1
120025245	爬塔换皮-暴击伤害+20%	420025245					0				2	1								0	0	1					1
120025236	爬塔换皮-我方有森屿渔歌时，获得120025241	10001					0				2	1	9512	3		301	1	2	120025246	0	0	1					1
120025246	爬塔换皮-暴击伤害+20%	420025246					0				2	1								0	0	1					1
120025251	爬塔换皮-我方有恶兆之影时，获得120025261	10001					0				2	1	9512	3		301	1	2	120025261	0	0	1					1
120025261	爬塔换皮-间接伤害+20%	420025261					0				2	1								0	0	1					1
120025252	爬塔换皮-我方有恶兆之影时，获得120025261	10001					0				2	1	9512	3		301	1	2	120025262	0	0	1					1
120025262	爬塔换皮-间接伤害+20%	420025262					0				2	1								0	0	1					1
120025253	爬塔换皮-我方有恶兆之影时，获得120025261	10001					0				2	1	9512	3		301	1	2	120025263	0	0	1					1
120025263	爬塔换皮-间接伤害+20%	420025263					0				2	1								0	0	1					1
120025254	爬塔换皮-我方有恶兆之影时，获得120025261	10001					0				2	1	9512	3		301	1	2	120025264	0	0	1					1
120025264	爬塔换皮-间接伤害+20%	420025264					0				2	1								0	0	1					1
120025255	爬塔换皮-我方有恶兆之影时，获得120025261	10001					0				2	1	9512	3		301	1	2	120025265	0	0	1					1
120025265	爬塔换皮-间接伤害+20%	420025265					0				2	1								0	0	1					1
120025256	爬塔换皮-我方有恶兆之影时，获得120025261	10001					0				2	1	9512	3		301	1	2	120025266	0	0	1					1
120025266	爬塔换皮-间接伤害+20%	420025266					0				2	1								0	0	1					1
7100201	【紧急封锁】自己使用SP技能后，获得攻击加成	10001					0				2	1	9244	1		301	1	2	7100202	0	0	1		300014	7100201		1
7100202	【紧急封锁】攻击力提升100%	7100202					1				2	1								0	0	1		100101	100101		1
7100203	【紧急封锁】使用技能后增幅伤害提升20%	10001					0				2	1	1002	2		301	1	2	7100204	0	0	1		300014	7100203		1
7100204	【紧急封锁】增幅伤害提升20%，无层数上限	7100204					1				2	3								0	0	1		7100204	7100204		1
7100205	【紧急封锁】每回合释放3层【业火】	10001					0				2	1	1102	1		301	1	2	112300801	0	0	1		300014	7100205		1
7100206	【紧急封锁】释放技能前判断是否是群体攻击，提升暴击伤害	10001					0				2	1	7437	2		301	1	2	7100207	0	0	1		300014	7100206		1
7100207	【紧急封锁】暴击伤害提升200%	7100207					1	1002	1		2	1								0	0	1		100601	100601		1
7100208	【紧急封锁】破灭伤害提升100%	7100208		0			1			2	2	1								0	0	1		303101	203101		1
7100209	【紧急封锁】克制伤害提升200%	467052					2			2	2	1								0	0	1		300014	104501		1
8100317	噩梦回响-敌方单位受到【破碎伤害】提升20%，若处于【暴露】状态则额外提升20%	813071152		0			2				3	1	7002			301	1	2	8100318	0	0	1		202701	320045		1
8100318	噩梦回响-受到【破碎伤害】提升20%	813071152		0			2	7005	1		2	1								0	0	1		202701	320045		1
8100319	噩梦回响-敌方单位受到【破碎伤害】提升20%，若处于【暴露】状态则额外提升20%	813071151		0			2				3	1	7002			301	1	2	8100320	0	0	1		202701	320045		1
8100320	噩梦回响-受到【破碎伤害】提升20%	813071151		0			2	7005	1		2	1								0	0	1		202701	320045		1
380300101	新米饭-专武被动1-释放72803001前，对自己挂1回合380300102	10001					0				2	1	9558	2	3	301	1	1	380300102	0	0	1				2	1
380300102	新米饭-专武效果-造成伤害+8%	380300101					0	1002	1	1	2	1								0	0	1				2	1
380300103	新米饭-专武被动2-战斗开始时，给所有红色友方挂380300104	10001					0				2	1	7322	3	3	238	1	1	380300104	0	0	1				2	1
380300104	新米饭-专武效果-造成伤害+3%	380300102					0				2	1								0	0	1				2	1
380300105	新米饭-专武被动1-释放72803001前，对自己挂1回合380300106	10001					0				2	1	9558	2	3	301	1	1	380300106	0	0	1				2	1
380300106	新米饭-专武效果-造成伤害+16%	380300103					0	1002	1	1	2	1								0	0	1				2	1
380300107	新米饭-专武被动2-战斗开始时，给所有红色友方挂380300108	10001					0				2	1	7322	3	3	238	1	1	380300108	0	0	1				2	1
380300108	新米饭-专武效果-造成伤害+6%	380300104					0				2	1								0	0	1				2	1
1010137	食之契约-当场上存在红茶和米饭时，每回合开始时驱散我方2层建议效果	10001		1			0				2	1	9569			202	2	1	206030102	0	0	1					1
101075001	主线第四单元-堕血黑猫（船桨）-效果-3回合防御力降低30%	412010154					2				2	1								1	1	0		200201	200201		1
101076001	主线第四单元-堕血黑猫（鱼枪-弩）-女性-效果-3回合忍耐率降低40%	411303168					2				2	1								1	1	0		201001	201001		1
101076002	主线第四单元-堕血黑猫（鱼枪-弩）-女性-效果-提升2回合自身20%穿透率	411203154					1				2	1								1	1	0		100901	100901		1
101075011	主线第四单元-血污被动-效果-攻击时目标若有流血追加最大生命10%伤害	10001					1				2	1	9054	2	3	-1	2	2	311410604	0	0	1		300014	101075011		1
101079001	主线第四单元-傀化乌贼-效果- 3回合忍耐率降低20%	411303155					2				2	1								1	1	0		201001	201001		1
101079002	主线第四单元-傀化乌贼-效果- 3回合暴击率降低30%	416030157					2				2	1								1	1	0		200501	200501		1
101081001	主线第四单元-傀化珊瑚礁-效果- 获得3回合穿透率提升20%	411203154					1				2	1								1	1	0		100901	100901		1
104050001	主线第四单元-傀化巨骨鱼-效果- 3回合暴击率提升15%	416030154					1				2	1								1	1	0		100501	100501		1
104050004	主线第四单元-傀化巨骨鱼-效果- 3回合穿透率提升20%	411203154					1				2	1								1	1	0		100901	100901		1
104050002	主线第四单元-傀化巨骨鱼-效果-2回合【怯场】	404050151					2				2	1								1	1	0		210307	210307		1
104050003	主线第四单元-傀化巨骨鱼-效果-3回合造成伤害降低20%	411501171					2				2	1								1	1	0		201201	201201		1
104050011	主线第四单元-通用-1层【侵蚀】	411501001					2	9446	5	2	2	3	9446	2	3	301	2	1	214020101	0	0	1		210206	104050011		1
104050012	主线第四单元-被动-攻击附带【侵蚀】	10001					0				2	1	1001	2	3	-1	1	1	104050011	0	0	1		300014	104050012		1
8100321	噩梦回响：【造成间接伤害提升60%】	412201156					1				2	1								0	0	1		102001	102001		1
8100322	噩梦回响：回合开始时，延长敌方一回合【诅咒】	10001					0				2	1	1102			102	2	3	311020101	0	0	1					1
8100323	噩梦回响：造成【破碎伤害】提升20%	313081103					1				2	1								0	0	1		102801	320075		1
8100324	噩梦回响：攻击力被降低或偷取的敌方单位受到【破碎伤害】额外提升20%	10001		1			0				2	1	9464			301	1	1	8100325	0	0	1					1
8100325	噩梦回响：受到【破碎伤害】额外提升20%	813071152					2	9470	1	2	2	1								0	0	1		201101	320036		1
8100326	噩梦回响：造成【破碎伤害】提升30%	313081102					1				2	1								0	0	1		102801	320075		1
8100327	噩梦回响：攻击力被降低或偷取的敌方单位受到【破碎伤害】额外提升30%	10001		1			0				2	1	9464			301	1	1	8100328	0	0	1					1
8100328	噩梦回响：受到【破碎伤害】额外提升30%	813071151					2	9470	1	2	2	1								0	0	1		201101	320036		1
314600801	菲菲-专武被动1-释放72146008前，对自己挂1回合314600802	10001					0				2	1	9558	2	3	301	1	1	314600802	0	0	1				2	1
314600802	菲菲-专武效果-造成伤害+8%	314600801					0	1002	1	1	2	1								0	0	1				2	1
314600803	菲菲-专武被动2-战斗开始时，给所有红色友方挂314600804	10001					0				2	1	7322	3	3	238	1	1	314600804	0	0	1				2	1
314600804	菲菲-专武效果-暴击率+5%	314600802					0				2	1								0	0	1				2	1
314600805	菲菲-专武被动1-释放72146008前，对自己挂1回合314600806	10001					0				2	1	9558	2	3	301	1	1	314600806	0	0	1				2	1
314600806	菲菲-专武效果-造成伤害+16%	314600803					0	1002	1	1	2	1								0	0	1				2	1
314600807	菲菲-专武被动2-战斗开始时，给所有红色友方挂314600808	10001					0				2	1	7322	3	3	238	1	1	314600808	0	0	1				2	1
314600808	菲菲-专武效果-暴击率+10%	314600804					0				2	1								0	0	1				2	1
8100329	噩梦回响：造成破灭伤害提升20%	313121101					1				2	1								0	0	1		102801	320074		1
8100330	噩梦回响-触发器-每回合敌方攻击后我方造成破灭伤害额外提升30%。	10001					0				2	1	9516	1		301	1	1	8100331	0	0	1					1
8100331	噩梦回响，怪物通用，造成破灭伤害额外提升30%。	313121102					1				2	1								0	0	1		102801	320074		1
8100332	噩梦回响：造成破灭伤害提升30%	313121102					1				2	1								0	0	1		102801	320074		1
8100333	噩梦回响-触发器-每回合敌方攻击后我方造成破灭伤害额外提升50%。	10001					0				2	1	9516	1		301	1	1	8100334	0	0	1					1
8100334	噩梦回响，怪物通用，造成破灭伤害额外提升50%。	313121103					1				2	1								0	0	1		102801	320074		1
8100335	噩梦回响-触发器-处于【暴击伤害】提升状态下的我方战斗员造成伤害提升30%；	10001					0				2	1	9573			301	1	1	8100336	0	0	1					1
8100336	噩梦回响，怪物通用，造成伤害提升30%	411501160					1	1002	1	3	2	1								0	0	1		101201	320041		1
8100337	噩梦回响-触发器-我方处于【伤害分摊】状态下时，我方全体战斗员造成伤害提升15%	10001					0				2	1	9504			301	1	1	8100338	0	0	1					1
8100338	噩梦回响，怪物通用，造成伤害提升15%	411501156					1	1002	1	3	2	1								0	0	1		101201	320041		1
8100339	噩梦回响-触发器-处于【暴击伤害】提升状态下的我方战斗员造成伤害提升40%；	10001					0				2	1	9573			301	1	1	8100340	0	0	1					1
8100340	噩梦回响，怪物通用，造成伤害提升40%	311501102					1	1002	1	3	2	1								0	0	1		101201	320041		1
8100341	噩梦回响-触发器-我方处于【伤害分摊】状态下时，我方全体战斗员造成伤害提升20%	10001					0				2	1	9504			301	1	1	8100342	0	0	1					1
8100342	噩梦回响，怪物通用，造成伤害提升20%	411501158					1	1002	1	3	2	1								0	0	1		101201	320041		1
8100343	噩梦回响-行动开始触发标记buff	10001					0				2	1	1003			301	1	1	8100344	0	0	1					1
8100344	噩梦回响-标记buff	10001					0	1002	1	2	2	1								0	0	1					1
8100345	噩梦回响-获得【诅咒】触发间伤buff	10001					0				2	1	7014			301	1	2	8100346	0	0	1					1
8100346	噩梦回响-受到间接伤害提升20%	412202159					2				2	3								0	0	1		201901	320027		1
8100347	噩梦回响-行动开始触发标记buff	10001					0				2	1	1003			301	1	1	8100348	0	0	1					1
8100348	噩梦回响-标记buff	10001					0	1002	1	2	2	1								0	0	1					1
8100349	噩梦回响-获得【诅咒】触发间伤buff	10001					0				2	1	7014			301	1	2	8100350	0	0	1					1
8100350	噩梦回响-受到间接伤害提升30%	412201155					2				2	3								0	0	1		201901	320027		1
8100351	噩梦回响-我方单位奥义能量小于2点时，造成伤害降低20%	10001					0				2	1	9575			301	1	1	8100352	0	0	1					1
8100352	噩梦回响，怪物通用，造成伤害降低20%	411501159					2	1002	1	2	2	3								0	0	1		201201	320044		1
8100353	噩梦回响-奥义能量大于等于2点时，造成伤害提升20%，造成【蓄势伤害】额外提升20%  	10001					0				2	1	9574			301	1	1	8100354	0	0	1					1
8100354	噩梦回响，怪物通用，造成伤害提升20%，造成蓄势伤害提升20%	411501158;313181101					1	1002	1	2	2	3								0	0	1		101201	320041		1
8100355	噩梦回响-我方单位奥义能量小于2点时，造成伤害降低30%	10001					0				2	1	9575			301	1	1	8100356	0	0	1					1
8100356	噩梦回响，怪物通用，造成伤害降低30%	411501161					2	1002	1	2	2	3								0	0	1		201201	320044		1
8100357	噩梦回响-奥义能量大于等于2点时，造成伤害提升30%，造成【蓄势伤害】额外提升30%  	10001					0				2	1	9574			301	1	1	8100358	0	0	1					1
8100358	噩梦回响，怪物通用，造成伤害提升30%,造成蓄势伤害提升30%	411501160;313181102					1	1002	1	3	2	1								0	0	1		101201	320041		1
108014012	主线第四单元-黑潮川-被动-对花针的单位造成伤害提升15%	10001					1				2	1	7043	2	3	102	1	2	412201157	0	0	0		300014	108014004		1
108014013	主线第四单元-黑潮川-花针-攻击力和防御力降低10%，受到治疗降低20%-3回合	410900205;50100413;411602156					2				2	1								1	1	0		3801411	108014003		1
108014014	主线第四单元-黑潮川-玫瑰时刻-回合开始时治疗-3回合	10001					0			1	2	1	1005	1	0	202	2	1	202010102	0	0	0	1	3801431	108014001		1
108014015	主线第四单元-黑潮川-玫瑰时刻-玫瑰庇佑受到的伤害降低10%	411502157					0			1	2	1								0	0	0	1	3801432	108014002		1
8100359	噩梦回响-我方单位造成的【穿刺伤害】提升15%，自身携带护盾时额外提升15%。	813061152		0			1				2	1	9466			301	1	2	8100360	0	0	1		102601	320067		1
8100360	噩梦回响-造成的【穿刺伤害】提升15%	813061152		0			1	9467	1		2	1								0	0	1		102601	320067		1
92001650	夜间巡逻-每拥有1点sp，暴击率提升5%	92001650	1	0			0				2	1								0	0	1					1
92001660	夜间巡逻-每拥有1点sp，攻击力提升5%	92001660	1	0			0				2	1								0	0	1					1
92001670	夜间巡逻-每拥有1点sp，防御力提升5%	92001670	1	0			0				2	1								0	0	1					1
92001680	夜间巡逻-敌方存活人数大于3时，我方造成伤害提升10%-等待触发	10001	0	0			0	9578	1		2	1	9576	1		301	1		92001681	0	0	1					1
92001681	夜间巡逻-敌方存活人数大于3时，我方造成伤害提升10%-触发	92001681	0	0			0	9270	1		2	1	9577	1		301	1		92001680	0	0	1					1
92001720	夜间巡逻-造成蓄势伤害提升35%	92001720	0	0			0				2	1								0	0	1					1
92001721	夜间巡逻-造成（特殊的）蓄势伤害提升35%	92001721	0	0			0				2	1								0	0	1					1
92001730	夜间巡逻-使用【蓄势伤害】时默认拥有5点sp	92001730	0	0			0				2	1								0	0	1					1
92001740	夜间巡逻-获得sp点后，如果sp点＞4，获得1层【buff1】	10001	0	0			0				2	1	9582	3		301	1		92001741	0	0	1					1
92001741	夜间巡逻-【火力支援】使用群攻技能时，消耗1层【火力支援】，按70%攻击力，对敌方全体额外造成【蓄势伤害】	10001	0	0			0	9580	1	3	2	3	9580	2		102	2		92001741	0	0	1		92001741	92001741		1
92001742	夜间巡逻-获得sp点后，如果sp点＞4，获得1层【buff1】-sp溢出	10001	0	0			0				2	1	9588	3		301	1		92001741	0	0	1					1
92001750	夜间巡逻-sp满时，使用群攻奥义技能后立刻补充2点sp	10001	0	0			0				2	1	9584	1		301	2		210010102	0	0	1					1
92001881	夜间巡逻圣物-敌方受到的【伤害传递】效果提升x%	920018811					0				2	1								0	0	1					1
92001761	夜间巡逻圣物-攻击携带【伤害传递】的敌方额外获得1点sp	10001					0				2	1	9119	2	3	301	2	2	210010101	0	0	1					1
92001771	夜间巡逻圣物-攻击携带【伤害传递】的敌方额外拥有x%暴击率	10001					0				2	1	7093	2	3	301	1	2	92001772	0	0	1					1
92001772	夜间巡逻圣物-增加x%暴击率	920017721					0	1002	1	2	2	1								0	0	1					1
92001781	夜间巡逻圣物-基础伤害造成的伤害提升x%	920017811					0				2	1								0	0	1					1
92001791	夜间巡逻圣物-携带【伤害传递】的敌方防御力降低x%	920017911	1				0				2	1								0	0	1					1
92001801	夜间巡逻圣物-场上敌方多于4个时，群体攻击对敌方全体附带【buff1】效果	10001					0				2	1	9579	2	3	301	1;1	2	92001803;92001804	0	0	1					1
92001802	夜间巡逻圣物-buff1（攻击结束清除）	920018021					0				2	1								0	0	1					1
92001803	夜间巡逻圣物-获得时对敌方全体挂【buff1】	10001					0	1002	1	2	2	1	9299	2	3	102	1	2	92001802	0	0	1					1
92001804	夜间巡逻圣物-攻击后清除1层buff1	10001					0	1002	1	3	2	1	1002	2	3	102	2	2	9200180101	0	0	1					1
92001811	夜间巡逻圣物-对携带【伤害传递】类效果的敌方造成的伤害提高x%	10001					0				2	1	7093	2	3	301	1	2	92001812	0	0	1					1
92001812	夜间巡逻圣物-造成的伤害提高x%	920018121					0	1002	1	2	2	1								0	0	1					1
92001821	夜间巡逻圣物-攻击携带【伤害传递】的敌方获得1层x%攻击力提升效果，可叠加，最多y层	10001					0				2	1	7093	2	3	301	1	2	92001822	0	0	1					1
92001822	夜间巡逻圣物-x%攻击力提升，最多y层	920018221					1				2	3								1	1	0		100101	100101		1
92001831	夜间巡逻圣物-攻击携带【伤害传递】的敌方获得1层x%暴击伤害提升效果，可叠加，最多y层	10001					0				2	1	7093	2	3	301	1	2	92001832	0	0	1					1
92001832	夜间巡逻圣物-x%暴击伤害提升，最多y层	920018321					1				2	3								1	1	0		100601	100601		1
92001841	夜间巡逻圣物-携带【伤害传递】效果的敌方无法使用sp技能	10001					0				2	1	9330	2	3	301	1	2	92001842	0	0	1					1
92001842	夜间巡逻圣物-无法使用sp技能	920018421					0	9443	1	2	2	1								0	0	1					1
92001851	夜间巡逻圣物-战斗开始时，对敌方生命值最高敌方施加【buff2】	10001					0	1102	1	3	2	1	1102	1	3	111	1;1	2	92001852;92001853	0	0	1					1
92001852	夜间巡逻圣物-获得自身时给自身挂buff2	10001					0	9299	1	3	2	1	9299	1	3	301	1	2	92001854	0	0	1					1
92001853	夜间巡逻圣物-获得自身时给其余友方挂buff2子效果	10001					0	9299	1	3	2	1	9299	1	3	251	1	2	92001855	0	0	1					1
92001854	夜间巡逻圣物-永恒苦痛	920018541					2				2	1								0	0	1		92001854	92001854		1
92001855	夜间巡逻圣物-buff2子效果	10001					0				2	1								0	0	1					1
92001861	夜间巡逻圣物-携带【伤害传递】效果的敌方每回合只能行动1次	10001					0				2	1	9583	2	3	301	1	2	92001862	0	0	1					1
92001862	夜间巡逻圣物-眩晕至回合结束	920018621					0				2	1								0	0	1		210301	210301		1
92001871	夜间巡逻圣物-使用sp技能攻击敌方前，对敌方全体施加x回合【buff1】	10001					0				2	1	1101	2	3	102	1	2	92001872	0	0	1					1
92001872	夜间巡逻圣物-无法逃离	920018721					2				2	1								0	0	1		92001802	92001802		1
92001930	夜间巡逻圣物-【反击】技能造成的伤害提高x%	10001					0				2	1	7002	3		301	1		92001932	0	0	1					1
92001931	夜间巡逻圣物-【反击】-表示反击	10001					0	1002	1		2	1								0	0	1					1
92001932	夜间巡逻圣物-【反击】技能造成的伤害提高15%-触发	92001932					0	1002	1	3	2	1								0	0	1					1
92001980	夜间巡逻圣物-使用【反击】技能前，对敌方全体施加3层【易伤】	10001					0				2	1	7002	3		102	1		111502102	0	0	1					1
92001990	夜间巡逻圣物-受到敌方单体技能伤害后，获得1层【buff1】	10001					0				2	1	9288	3		301	1;1		92001991;92001992	0	0	1					1
92001991	夜间巡逻圣物-【无须再忍】-受到伤害时，如果【无须再忍】大于3层，清除3层效果并立即触发【反击】，按原伤害的100%释放1张自身1星【技能1】	10001					0	9587	3		2	3	9587	2		101	2		92001991	0	0	1		92001991	92001991		1
92001992	夜间巡逻圣物-【无须再忍】-触发后获得【反击】	10001					0				2	4	9587	2		301	1		92001931	0	0	1					1
92002000	夜间巡逻圣物-敌方使用技能时，50%概率获得1层【buff1】	10001					0				2	1	9585	3		102	1;1		92001991;92001992	0	0	1					1
92002010	夜间巡逻圣物-回合开始时，获得6层【buff1】	10001					0				2	1	1102	1		301	1;1		92001991;92001992	0	0	1					1
92002020	夜间巡逻圣物-使用【反击】技能后，获得1层【buff2】	10001					0				2	1	7318	3		301	1		92002021	0	0	1					1
92002021	夜间巡逻圣物-【抵抗之志】-每层【抵抗之志】使【【反击】触发的技能造成伤害，治疗，护盾效果提升10%，可叠加， 最高8层	10001					0				2	3	9247	2		301	1		92002022	0	0	1		92002021	92002021		1
92002022	夜间巡逻圣物-反击触发的技能造成伤害，治疗，护盾效果提升10%，可叠加， 最高y层-关闭常驻	92002022;92002023;92002024					0	1002	1		2	1								0	0	1					1
121774840	夜间巡逻圣物-前X回合额外获得Y%暴击率	121774840					0				2	1								0	0	1					1
121774850	夜间巡逻圣物-每回合开始时，添加1层攻击力提升8%的buff，（最高10层）	10001					0				2	1	7217	1		301	1		121774851	0	0	1					1
121774851	夜间巡逻圣物-攻击力提升8%，（最高10层）	121774851					0				2	3								0	0	1		121774851	121774851		1
121774860	夜间巡逻圣物-每回合开始时，驱散我方debuff	10001					0				2	1	1102	1		301	2		206030105	0	0	1					1
8100361	噩梦回响-敌方单位受到【破碎伤害】提升20%，若同时携带3层以上【易伤】状态则额外提升20%	813071152		0			2				2	1	7014			301	1	2	8100362	0	0	1		202701	320024		1
8100362	噩梦回响-受到【破碎伤害】提升20%	813071152		0			2	9513	1		2	1								0	0	1		202701	320024		1
8100363	噩梦回响：防御力被降低的敌方单位受到【破灭伤害】提升20%	10001		1			0				2	1	9586			301	1	1	8100364	0	0	1					1
8100364	噩梦回响-受到【破灭伤害】提升20%	813111152		0			2	1002	1		2	1								0	0	1		203101	320048		1
8100365	噩梦回响-触发器-我方处于【伤害分摊】状态下时，我方全体战斗员造成破灭伤害提升20%	10001					0				2	1	9504			301	1	1	8100366	0	0	1					1
8100366	噩梦回响，怪物通用，造成破灭伤害提升20%	313121104					1	1002	1		2	1								0	0	1		101201	320074		1
8100367	噩梦回响-敌方单位受到【破碎伤害】提升30%，若同时携带3层以上【易伤】状态则额外提升40%	813071151		0			2				2	1	7014			301	1	2	8100368	0	0	1		202701	320024		1
8100368	噩梦回响-受到【破碎伤害】提升40%	813071153		0			2	9513	1		2	1								0	0	1		202701	320024		1
8100369	噩梦回响：防御力被降低的敌方单位受到【破灭伤害】提升40%	10001		1			0				2	1	9586			301	1	1	8100370	0	0	1					1
8100370	噩梦回响-受到【破灭伤害】提升40%	813111153		0			2	1002	1		2	1								0	0	1		203101	320048		1
8100371	噩梦回响-触发器-我方处于【伤害分摊】状态下时，我方全体战斗员造成破灭伤害提升40%	10001					0				2	1	9504			301	1	1	8100372	0	0	1					1
8100372	噩梦回响，怪物通用，造成破灭伤害提升40%	313121105					1	1002	1		2	1								0	0	1		101201	320074		1
91007651	夜间巡逻圣物-造成破灭伤害提升15%	910076511					0				2	1								0	0	1					1
10100201	爆炸竹筒-技能2-回合结束获得1sp	10001					1				2	1	1103	1	3	301	2	2	210010101	0	0	1		110207	10100201		1
10100202	爆炸竹筒-易伤-受到最终伤害提升30%	411501172					2				2	3								0	0	1		13600805	10100202		1
10100203	爆炸竹筒-被动-被击败时对友方全体施加易伤和造成伤害	10001					0				2	1	9589	1	3	202	1;2	2	10100202;301010102	0	0	1					1
10402243	山神-20%伤害传递1回合	440224101					2				2	1								0	0	1		410024101	410024101		1
10402244	山神-30%忍耐率提升3回合	411303152					1				2	1								0	0	1		101001	101001		1
10402245	山神-被动-受到伤害时，提升自身5%攻击力3回合，最多可叠加6层	10001					0				2	1	1004	2	3	301	1	2	10402246	0	0	1					1
10402246	山神-提升自身5%攻击力3回合，最多可叠加6层	440224102					1				2	3								0	0	1		100101	100101		1
113800101	守月歌-技能2-单体护盾	413800101					1				1	1								0	0	0		110202	110202		1
113800102	守月歌-大招-生命相关能力提升	413800102;413800103;413800104				1	1				2	1								1	1	0		113800102	113800102		1
113800103	守月歌-初始被动天赋表-战斗开始时，给我方全体红色113800104	10001					0				2	1	7322	3		238	1	2	113800104	0	0	1		61138001		2	1
113800104	守月歌-被动-获得自身时给守月歌113800105	10001					0				2	1	9299	3		336	1	2	113800105	0	0	1					1
113800105	守月歌-被动-造成护盾效果提升	413800107					0				2	3								0	0	1					1
113800106	守月歌-1星-战斗开始时，sp+2	10001					0				2	1	7322	3		301	2	2	210010102	0	0	1					1
113800107	守月歌-5星-攻击力提升	413800108				3	1				2	1								1	1	0		100101	100101		1
113800108	守月歌-3星flag	10001					0				2	1								0	0	1					1
113800109	守月歌-3星大招-生命链接	413800102;413800103;413800104;413800109					1				2	1								1	1	0		113800102	113800102		1
114700800	云天外-buff1	414700800				3	1				2	3								0	0	1		14700821	114700801		1
114700801	云天外-buff2	10001				3	0				2	3								0	0	1		114700801	114700802		1
114700802	云天外-buff2-友方触发器-触发后给自己获得的buff增加层数	10001				3	0				2	1	9601	2	3	301	2	1	214700800	0	0	1					1
114700803	云天外-buff2-触发标记	10001				3	0				2	1								0	0	1					1
114700804	云天外-被动-开局给全友114700802-114700814	10001				3	0				2	1	7322	3	3	251	1;1	2	114700802;114700814	0	0	1					1
114700805	云天外-被动-开局给红色全友-1147008056	10001					0				2	1	7322	3	3	238	1	2	114700806	0	0	1					1
114700806	云天外-被动-红色友方攻击力提升	414700807					0				2	1								0	0	1					1
114700807	云天外-6星被动--携带buff1的友方获得-114700811	10001				3	0				2	1	7002	2		301	1	2	114700811	0	0	1					1
114700808	云天外-1星被动-开局获得两层buff2	10001				3	0				2	1	7322	3	3	301	1;1	2	114700801;114700801	0	0	1					1
114700809	云天外-4星-buff1-上限提升	414700800				3	1				2	3								0	0	1		14700821	114700801		1
114700810	云天外-6星被动-开局-给所有友方-114700807	10001				3	0				2	1	7322	1	3	202	1	2	114700807	0	0	1					1
114700811	云天外-6星被动-攻击力加成	414700811				3	1	1108	1	2	2	1								0	0	1		100101	100101		1
114700812	云天外-被动-buff2-自己清除	10001				3	0				2	1	7318	2	3	301	2;2	1	214700803;214700804	0	0	1					1
114700813	云天外-被动-buff2-其他角色清除	10001				3	0				2	1	9599	2	3	301	2;2	1	214700803;214700804	0	0	1					1
114700814	云天外-buff2-友方触发器触发后给云天外114700803	10001				3	0				2	1	9601	2	3	335	1	1	114700803	0	0	1					1
114700815	云天外-4星-标记-开局获得	10001				3	0				2	1								0	0	1					1
314700801	云天外-专武-释放一技能前给自己-311100205	10001				3	0				2	1	9600	2	3	301	1	1	314700805	0	0	1					1
314700802	云天外-专武-造成治疗效果提升-开局给全队314700807	10001				3	0				2	1	7322	2	3	202	1	1	314700807	0	0	1					1
314700803	云天外-专武-释放一技能前给自己-311100206	10001				3	0				2	1	9600	2	3	301	1	1	314700806	0	0	1					1
314700804	云天外-专武-造成治疗效果提升-开局给全队314700808	10001				3	0				2	1	7322	2	3	202	1	1	314700808	0	0	1					1
314700805	云天外-专武-造成伤害提升	314700805				3	0	1002	1	2	2	1								0	0	1					1
314700806	云天外-专武-造成伤害提升	314700806				3	0	1002	1	2	2	1								0	0	1					1
314700807	云天外-专武-造成治疗效果提升	314700802				3	0				2	1								0	0	1					1
314700808	云天外-专武-造成治疗效果提升	314700804				3	0				2	1								0	0	1					1
115900801	破阵曲-提升自身穿透%，最高x层	415900801					1				2	3								1	1	0		100901	100901		1
115900802	破阵曲-挑衅	415900802					2				2	2								0	0	0		210302	210302		1
115900803	破阵曲-招架（技能2）（星级0）	415900803					1				1	1	9594	2	3	101	4	2	74159008	0	0	1		115900801	115900801		1
115900804	破阵曲-招架（技能2）（星级4）	415900804					1				1	1	9595	2	3	101	4	2	74159008	0	0	1		115900801	115900801		1
115900805	破阵曲-招架（技能2）（星级6）	415900805					1				1	1	9595	2	3	101	4	2	75159008	0	0	1		115900801	115900801		1
115900806	破阵曲-招架（sp）（星级0）	415900806				3	1				1	1	9594	2	3	101	4	2	74159008	0	0	1		115900801	115900801		1
115900807	破阵曲-招架（sp）（星级4）	415900807				3	1				1	1	9595	2	3	101	4	2	74159008	0	0	1		115900801	115900801		1
115900808	破阵曲-招架（sp）（星级6）	415900808				3	1				1	1	9595	2	3	101	4	2	75159008	0	0	1		115900801	115900801		1
115900809	破阵曲-被动-1星啦	10001				3	0				2	2								0	0	1					1
115900810	破阵曲-被动-4星啦	10001				3	0				2	2								0	0	1					1
115900811	破阵曲-被动-6星啦	10001				3	0				2	2								0	0	1					1
115900812	破阵曲-被动-反击时无视防御	415900812				3	0	9427	1	2	2	2								1	1	0					1
115900813	破阵曲-被动-招架受击叠伤害提升（0星）	10001				3	0				2	2	9596	2	3	301	1	2	115900814	0	0	1					1
115900814	破阵曲-被动-伤害提升（0）	415900814				3	0				2	3								0	0	1					1
115900815	破阵曲-被动-检测自己	10001				3	0	9598	1	3	2	2	9598	2	3	301	1	2	115900817	0	0	1					1
115900816	破阵曲-被动-检测队友	10001				3	0	9597	1	3	2	2	9597	2	3	301	1	2	115900817	0	0	1					1
115900817	破阵曲-被动-龙焰	10001				3	0				2	1								0	0	1		115900802	115900802		1
115900818	破阵曲-被动-招架受击叠伤害提升（2星）	10001				3	0				2	2	9596	2	3	301	1	2	115900819	0	0	1					1
115900819	破阵曲-被动-伤害提升（2）	415900819				3	0				2	3								0	0	1					1
115900820	破阵曲-被动-招架受击叠伤害提升（4星）	10001				3	0				2	2	9596	2	3	301	1	2	115900821	0	0	1					1
115900821	破阵曲-被动-伤害提升（4）	415900821				3	0				2	3								0	0	1					1
115900822	破阵曲-被动-招架受击叠伤害提升（6星）	10001				3	0				2	2	9596	2	3	301	1	2	115900823	0	0	1					1
115900823	破阵曲-被动-伤害提升（6）	415900823				3	0				2	3								0	0	1					1
115900824	破阵曲-被动-反击计数	10001				3	0				2	3								0	0	1					1
115900825	破阵曲-大招-放1星技能1后延长1回合buff（0）	10001				3	0				2	1	9623	2	3	301	1	2	115900806	0	0	1					1
115900826	破阵曲-大招-放1星技能1后延长1回合buff（4）	10001				3	0				2	1	9623	2	3	301	1	2	115900807	0	0	1					1
115900827	破阵曲-大招-放1星技能1后延长1回合buff（6）	10001				3	0				2	1	9623	2	3	301	1	2	115900808	0	0	1					1
115900828	破阵曲-大招-获得自身时施加115900806，115900825	10001				3	0	9299	1	3	2	1	9299	2	3	301	1;1	2	115900806;115900825	0	0	1					1
115900829	破阵曲-大招-获得自身时施加115900807，115900826	10001				3	0	9299	1	3	2	1	9299	2	3	301	1;1	2	115900807;115900826	0	0	1					1
115900830	破阵曲-大招-获得自身时施加115900808，115900827	10001				3	0	9299	1	3	2	1	9299	2	3	301	1;1	2	115900808;115900827	0	0	1					1
315900801	破阵曲-专武被动1-释放71159008前，对自己挂1回合315900802	10001					0				2	1	9558	2	3	301	1	1	315900802	0	0	1				2	1
315900802	破阵曲-专武效果-造成伤害+8%	315900801					0	1002	1	1	2	1								0	0	1				2	1
315900803	破阵曲-专武被动2-战斗开始时，给自己挂315900804	10001					0				2	1	7322	3	3	301	1	1	315900804	0	0	1				2	1
315900804	破阵曲-专武效果-攻击力+5%	315900802					0				2	1								0	0	1				2	1
315900805	破阵曲-专武被动1-释放71159008前，对自己挂1回合315900806	10001					0				2	1	9558	2	3	301	1	1	315900806	0	0	1				2	1
315900806	破阵曲-专武效果-造成伤害+16%	315900803					0	1002	1	1	2	1								0	0	1				2	1
315900807	破阵曲-专武被动2-战斗开始时，给自己挂315900808	10001					0				2	1	7322	3	3	301	1	1	315900808	0	0	1				2	1
315900808	破阵曲-专武效果-攻击力+10%	315900804					0				2	1								0	0	1				2	1
110301201	双生侠影-技能1-护盾	410301201					1				1	1								0	0	0		110202	110202		1
110301202	双生侠影-技能2-吸血	410301202		0			0	1002	1	2	2	1								0	0	1		101501	110301204		1
110301203	双生侠影-大招-技能结束时转白	10001				3	0	1002	1	3	2	1	1002	2		301	2	1	210301209	0	0	1					1
110301204	双生侠影-大招-技能结束时转黑	10001				3	0	1002	1	3	2	1	1002	2		301	2	1	210301208	0	0	1					1
110301205	双生侠影-被动-战斗开始时，sp-3	10001					0				2	1	7322	2		301	2	1	210301210	0	0	1					1
110301206	双生侠影-1星-战斗开始时，sp-1	10001					0				2	1	7322	2		301	2	2	210301211	0	0	1					1
110301207	双生侠影-buff1	10001				3	1				2	3								1	1	0		110301207	110301203		1
110301208	双生侠影-初始被动天赋表-使用sp技能后，如果自身为黑色，获得110301209	10001					0				2	1	9608	2		301	1	2	110301209	0	0	1	1	61103012		2	1
110301209	双生侠影-根据110301207层数提供攻击力，穿透率加成	410301203;410301204	1				0				2	1								0	0	1	1			2	1
110301210	双生侠影-初始被动天赋表-使用sp技能后，如果自身为白色，获得110301211	10001					0				2	1	9608	2		301	1	2	110301211	0	0	1	1			2	1
110301211	双生侠影-根据110301207层数提供生命值，忍耐率加成	410301205;410301206	1				0				2	1								0	0	1	1			2	1
110301212	双生侠影-初始被动天赋表-战斗开始时，获得110301211	10001					0				2	1	7322	2		301	1	2	110301211	0	0	1	1			2	1
110301213	双生侠影-1星-使用sp后获得1sp	10001					0				2	1	1105	2		301	2	2	210010101	0	0	1					1
110301214	双生侠影-4星-战斗开始时，给我方全体110301215	10001					0				2	1	7322	2		202	1	1	110301215	0	0	1					1
110301215	双生侠影-4星-属性克制加深	410301207					0				2	1								0	0	0					1
110301216	双生侠影-6星-获得buff时，buff1层数大于14，获得110301209，110301211，110301217,buff1层数+6	10001					0				2	1	7329	2		301	1;1;1;2	2	110301209;110301211;110301217;210301214	0	0	1					1
110301217	双生侠影-6星-大招升级标记	10001				3	0				2	1								0	0	1					1
110301218	双生侠影-2技能-自身吸血	410301202		0			0	1002	1	2	2	3								0	0	1		101501	110301204		1
110301219	双生侠影-4星-使用普通技能后获得110301207	10001					0				2	1	9609	2		301	1	2	110301207	0	0	1					1
8100374	噩梦回响-触发器-我方单位每受到1次技能攻击，造成伤害提升20%，持续到回合结束	10001					0				2	1	9603			301	1	1	8100375	0	0	1					1
8100375	噩梦回响，怪物通用，造成伤害提升20%	411501158					1				2	3								0	0	1		101201	320041		1
8100376	噩梦回响-触发器-每回合结束时，生命值百分比最低的友方单位获得穿透率提升20%，持续1回合	10001					0				2	1	1103			230	1	1	8100377	0	0	1					1
8100377	噩梦回响-穿透率提升20%	411203159		0			1				2	1								0	0	1		100901	320089		1
8100378	噩梦回响-触发器-携带任一效果达到6层的我方单位穿透率提升20%	10001					0				2	1	9610			301	1	1	8100379	0	0	1					1
8100379	噩梦回响-穿透率提升20%	411203159		0			1	1002	1		2	1								0	0	1		100901	320089		1
8100380	噩梦回响-触发器-每回合开始时，我方白色情绪单位造成伤害提升20%，黑色情绪单位造成护盾提升30%	10001					0				2	1	1102			241	1	1	8100381	0	0	1					1
8100381	噩梦回响，怪物通用，造成伤害提升20%	411501158					1				2	1								0	0	1		101201	320041		1
8100382	噩梦回响-触发器-每回合开始时，我方白色情绪单位造成伤害提升20%，黑色情绪单位造成护盾提升30%	10001					0				2	1	1102			242	1	1	8100383	0	0	1					1
8100383	噩梦回响，怪物通用，造成护盾提升30%	312101101					1				2	1								0	0	1		101701	320090		1
8100384	噩梦回响-触发器-我方单位每受到1次技能攻击，造成伤害提升30%，持续到回合结束	10001					0				2	1	9603			301	1	1	8100385	0	0	1					1
8100385	噩梦回响，怪物通用，造成伤害提升30%	411501160					1				2	3								0	0	1		101201	320041		1
8100386	噩梦回响-触发器-每回合结束时，生命值百分比最低的友方单位获得穿透率提升30%，持续1回合	10001					0				2	1	1103			230	1	1	8100387	0	0	1					1
8100387	噩梦回响-穿透率提升30%	411203151		0			1				2	1								0	0	1		100901	320089		1
8100388	噩梦回响-触发器-携带任一效果达到6层的我方单位穿透率提升30%	10001					0				2	1	9610			301	1	1	8100389	0	0	1					1
8100389	噩梦回响-穿透率提升30%	411203151		0			1	1002	1		2	1								0	0	1		100901	320089		1
8100390	噩梦回响-触发器-每回合开始时，我方白色情绪单位造成伤害提升30%，黑色情绪单位造成护盾提升50%	10001					0				2	1	1102			241	1	1	8100391	0	0	1					1
8100391	噩梦回响，怪物通用，造成伤害提升30%	411501160					1				2	1								0	0	1		101201	320041		1
8100392	噩梦回响-触发器-每回合开始时，我方白色情绪单位造成伤害提升30%，黑色情绪单位造成护盾提升50%	10001					0				2	1	1102			242	1	1	8100393	0	0	1					1
8100393	噩梦回响，怪物通用，造成护盾提升50%	312101102					1				2	1								0	0	1		101701	320090		1
8100394	噩梦回响-触发器-敌方单位每次受到全体攻击技能攻击时，获得1层【受到单体伤害提升15%】和【受到穿刺伤害提升10%】，持续1回合	10001					0				2	1	9604			301	1;1	1	8100395;8100397	0	0	1					1
8100395	噩梦回响-触发器-【受到单体伤害提升15%】	10001					0				2	2	9605			301	1	1	8100396	0	0	1					1
8100396	噩梦回响：受到伤害提升15%	411502168					2	1002	10	2	2	3								0	0	1		201101	320036		1
8100397	噩梦回响，怪物通用，【受到穿刺伤害提升10%】	813051152					1				2	3								0	0	1		202501	202501		1
8100398	噩梦回响-触发器-敌方单位每次受到全体攻击技能攻击时，获得1层【受到单体伤害提升25%】和【受到穿刺伤害提升10%】，持续1回合	10001					0				2	1	9604			301	1;1	1	8100399;8100401	0	0	1					1
8100399	噩梦回响-触发器-【受到单体伤害提升25%】	10001					0				2	2	9605			301	1	1	8100400	0	0	1					1
8100400	噩梦回响：受到伤害提升25%	311502102					2	1002	10	2	2	3								0	0	1		201101	320036		1
8100401	噩梦回响，怪物通用，【受到穿刺伤害提升10%】	813051152					1				2	3								0	0	1		202501	202501		1
8100402	噩梦回响-触发器-敌方单位每次受到全体攻击技能攻击时，获得1层【受到单体伤害提升15%】和【受到穿刺伤害提升10%】，持续1回合	10001					0				2	1	9604			301	1	1	8100395	0	0	1					1
8100403	噩梦回响-触发器-敌方单位每次受到全体攻击技能攻击时，获得1层【受到单体伤害提升25%】和【受到穿刺伤害提升10%】，持续1回合	10001					0				2	1	9604			301	1	1	8100399	0	0	1					1
313800101	守月歌-专武被动1-释放71138001前，对自己挂1回合313800102	10001					0				2	1	9558	2	3	301	1	1	313800102	0	0	1				2	1
313800102	守月歌-专武效果-造成伤害+8%	313800101					0	1002	1	1	2	1								0	0	1				2	1
313800103	守月歌-专武被动2-战斗开始时，给所有友方挂313800104	10001					0				2	1	7322	3	3	202	1	1	313800104	0	0	1				2	1
313800104	守月歌-专武效果-造成护盾+20%	313800102					0				2	1								0	0	1				2	1
313800105	守月歌-专武被动1-释放71138001前，对自己挂1回合313800106	10001					0				2	1	9558	2	3	301	1	1	313800106	0	0	1				2	1
313800106	守月歌-专武效果-造成伤害+16%	313800103					0	1002	1	1	2	1								0	0	1				2	1
313800107	守月歌-专武被动2-战斗开始时，给所有友方挂313800108	10001					0				2	1	7322	3	3	202	1	1	313800108	0	0	1				2	1
313800108	守月歌-专武效果-造成护盾+20%	313800104					0				2	1								0	0	1				2	1
310301201	双生侠影-专武被动1-释放73103012前，对自己挂1回合310301202	10001					0				2	1	9558	2	3	301	1	1	310301202	0	0	1				2	1
310301202	双生侠影-专武效果-造成伤害+8%	310301201					0	1002	1	1	2	1								0	0	1				2	1
310301203	双生侠影-专武效果-防御，暴击率+5%	310301202;310301205					0				2	1								0	0	1				2	1
310301204	双生侠影-专武被动1-释放73103012前，对自己挂1回合310301206	10001					0				2	1	9558	2	3	301	1	1	310301205	0	0	1				2	1
310301205	双生侠影-专武效果-造成伤害+16%	310301203					0	1002	1	1	2	1								0	0	1				2	1
310301206	双生侠影-专武效果-防御，暴击率+10%	310301204;310301206					0				2	1								0	0	1				2	1
112600801	金雀台-buff1	10001					1				2	3								1	1	0		112600801	112600801		1
112600802	金雀台-被动-使用技能1hit时，获得112600801	10001					0				2	1	9611	2		301	1	2	112600801	0	0	1					1
112600803	金雀台-初始被动天赋表-每2层112600801提供穿透提升	412600801	1				0				2	1								0	0	1					1
112600804	金雀台-1星-使用技能2时每hit加buff1	10001					0				2	1	9611	2		301	1	2	112600801	0	0	1					1
112600805	金雀台--4星-buff1（废弃）	10001					1				2	3								1	1	0		112600801	112600801		1
112600806	金雀台-4星-使用技能1hit时，获得112600805（废弃）	10001					0				2	1	9611	2		301	1	2	112600805	0	0	1					1
112600807	金雀台-4星-使用技能2时每hit加112600805（废弃）	10001					0				2	1	9611	2		301	1	2	112600805	0	0	1					1
112600808	金雀台-6星-大招标记	10001					0				2	1								0	0	1					1
312600801	金雀台 -专武被动1-释放71126008前，对自己挂1回合312600802	10001					0				2	1	9558	2	3	301	1	1	312600802	0	0	1				2	1
312600802	金雀台 -专武效果-造成伤害+8%	312600801					0	1002	1	1	2	1								0	0	1				2	1
312600803	金雀台 -专武效果-攻击力+5%	312600802					0				2	1								0	0	1				2	1
312600804	金雀台 -专武被动1-释放71126008前，对自己挂1回合312600805	10001					0				2	1	9558	2	3	301	1	1	312600805	0	0	1				2	1
312600805	金雀台 -专武效果-造成伤害+16%	312600803					0	1002	1	1	2	1								0	0	1				2	1
312600806	金雀台 -专武效果-攻击力+10%	312600804					0				2	1								0	0	1				2	1
113100101	糖果甜心-技能1-伤害提高-2-3-星	413100101					1				2	1								0	0	1		101201	101201		1
113100102	糖果甜心-技能1-眩晕-3星	413100102				3	2				2	1								0	0	0		210301	210301		1
113100103	糖果甜心-技能2-攻击力加成-1-2-3-星	413100103					1				2	1								0	0	1		100101	100101		1
113100104	糖果甜心-buff1-标记buff	10001				3	0				2	3								0	0	1		113100104	113100104		1
113100105	糖果甜心-大招-伤害提升	413100104				3	0	1002	1	1	2	1								0	0	1				2	1
113100106	糖果甜心-被动-开局给蓝色友方-113100108	10001					0				2	1	7322	3	3	240	1	1	113100118	0	0	1		61131001		2	1
113100107	糖果甜心-被动-暴击伤害提高	413100105	1				0				2	3								0	0	1				2	1
113100108	糖果甜心-被动-属性提升标记	10001					0				2	3								0	0	1				2	1
113100109	糖果甜心-被动-开局给全体友方-113100110	10001				3	0				2	1	7322	3	3	251	1	1	113100110	0	0	1				2	1
113100110	糖果甜心-被动-每回合施加星级升级效果后给糖果甜心-113100112	10001				3	0				2	1	7274	1	3	338	1	1	113100112	0	0	1				2	1
113100111	糖果甜心-被动-收到113100112给自己升级一张技能牌	10001				3	0				2	1	7002	3	3	301	2	1	213100106	0	0	1				2	1
113100112	糖果甜心-被动-触发buff	10001				3	0				2	1								0	0	1				2	1
113100113	糖果甜心-1星-每回合开始-给自身升星	10001				3	0				2	1	9612	3	3	301	2	1	213100107	0	0	1				2	1
113100114	糖果甜心-4星-自身施加升星效果后获得113100115	10001				3	0				2	1	7274	2	3	301	1	1	113100115	0	0	1				2	1
113100115	糖果甜心-4星-暴击伤害提高	413100106				3	1	1002	1	1	2	3								0	0	1		100601	100601	2	1
113100116	糖果甜心-6星标记-携带使用基础伤害更高的大招2	10001				3	0				2	1								0	0	1				2	1
113100117	糖果甜心-6星-大招-伤害提升	413100107				3	0	1002	1	1	2	1								0	0	1				2	1
113100118	糖果甜心-被动-对131001挂113100108	10001					0				2	1	9299	3		338	1	2	113100108	0	0	1				2	1
8100404	噩梦回响-触发器-携带攻击力提升效果的战斗员，2星技能伤害提升15%，3星技能伤害提升30%	10001					0				2	1	9613			301	1	1	8100405	0	0	1					1
8100405	噩梦回响，怪物通用，2星技能伤害提升15%	411501156					1	1002			2	1								0	0	1		101201	320041		1
8100406	噩梦回响-触发器-携带攻击力提升效果的战斗员，2星技能伤害提升15%，3星技能伤害提升30%	10001					0				2	1	9613			301	1	1	8100407	0	0	1					1
8100407	噩梦回响，怪物通用，3星技能伤害提升30%	411501160					1	1002			2	1								0	0	1		101201	320041		1
8100408	噩梦回响-触发器-携带攻击力提升效果的战斗员，2星技能伤害提升20%，3星技能伤害提升40%	10001					0				2	1	9613			301	1	1	8100409	0	0	1					1
8100409	噩梦回响，怪物通用，2星技能伤害提升20%	411501158					1	1002			2	1								0	0	1		101201	320041		1
8100410	噩梦回响-触发器-携带攻击力提升效果的战斗员，2星技能伤害提升20%，3星技能伤害提升40%	10001					0				2	1	9613			301	1	1	8100411	0	0	1					1
8100411	噩梦回响，怪物通用，3星技能伤害提升40%	311501102					1	1002			2	1								0	0	1		101201	320041		1
313100101	糖果甜心-专武-释放2技能前-获得313100105	10001				3	0				2	1	9558	2	3	301	1	1	313100105	0	0	1					1
313100102	糖果甜心-专武-暴击率5	313100102				3	0				2	1								0	0	1					1
313100103	糖果甜心-专武-释放2技能前-获得313100106	10001				3	0				2	1	9558	2	3	301	1	1	313100106	0	0	1					1
313100104	糖果甜心-专武-暴击率10	313100104				3	0				2	1								0	0	1					1
313100105	糖果甜心-专武-伤害提升8	313100105				3	0	1002			2	1								0	0	1					1
313100106	糖果甜心-专武-伤害提升16	313100106				3	0	1002			2	1								0	0	1					1
112800801	幸福时光-技能2-按自身暴击抵抗转暴击率	412800801				3	1				2	1								1	1	0		112800801	112800801		1
112800802	幸福时光-大招-弃牌标记	10001				3	1	1002	999	3	2	3								0	0	1					1
112800803	幸福时光-大招-大招结束时，如果112800802为1层	10001				3	1				2	1	9614	2		301	2	1	212800806	0	0	1					1
112800804	幸福时光-大招-大招结束时，如果112800802为2层	10001				3	1				2	1	9614	2		301	2	1	212800807	0	0	1					1
112800805	幸福时光-大招-大招结束时，如果112800802为3层	10001				3	1				2	1	9614	2		301	2	1	212800808	0	0	1					1
112800806	幸福时光-大招-大招结束时，如果112800802为4层	10001				3	1				2	1	9614	2		301	2	1	212800810	0	0	1					1
112800807	幸福时光-初始被动天赋表-战斗开始时，给所有蓝色友方112800808	10001					0				2	1	7322	3		240	1	2	112800808	0	0	1	1	61128008		2	1
112800808	幸福时光-初始被动天赋表-暴击抵抗	412800802					0				2	1								0	0	1	1			2	1
112800809	幸福时光-1星-战斗开始时sp+2	10001					0				2	1	7322	3		301	2	2	210010102	0	0	1				2	1
112800810	幸福时光-4星-弃牌标记	10001				3	0				2	1								0	0	1				2	1
112800811	幸福时光-4星-获得弃牌标记时自身时，回血	10001				3	0				2	1	7002	2		202	2	2	212800809	0	0	1				2	1
112800812	幸福时光-6星-弃牌标记	10001				3	0	1002	999	3	2	3								0	0	1				2	1
112800813	幸福时光-6星-大招结束时，如果112800812为1层	10001				3	1				2	1	9614	2		301	2	1	210010101	0	0	1				2	1
112800814	幸福时光-6星-大招结束时，如果112800812为2层	10001				3	1				2	1	9614	2		301	2	1	210010101	0	0	1				2	1
112800815	幸福时光-6星-大招结束时，如果112800812为3层	10001				3	1				2	1	9614	2		301	2	1	210010102	0	0	1				2	1
112800816	幸福时光-6星-大招结束时，如果112800812为4层	10001				3	1				2	1	9614	2		301	2	1	210010102	0	0	1				2	1
112800817	幸福时光-大招-大招结束时，如果112800802为0层	10001				3	1				2	1	9615	2		301	2	1	212800805	0	0	1					1
312800801	幸福时光-专武被动1-释放72128008前，对自己挂1回合312800802	10001					0				2	1	9558	2	3	301	1	1	312800802	0	0	1				2	1
312800802	幸福时光-专武效果-造成伤害+8%	312800801					0	1002	1	1	2	1								0	0	1				2	1
312800803	幸福时光-专武被动2-战斗开始时，给所有蓝色友方挂312800804	10001					0				2	1	7322	3	3	240	1	1	312800804	0	0	1				2	1
312800804	幸福时光-专武效果-暴击率+5%	312800802					0				2	1								0	0	1				2	1
312800805	幸福时光-专武被动1-释放72128008前，对自己挂1回合312800806	10001					0				2	1	9558	2	3	301	1	1	312800806	0	0	1				2	1
312800806	幸福时光-专武效果-造成伤害+16%	312800803					0	1002	1	1	2	1								0	0	1				2	1
312800807	幸福时光-专武被动2-战斗开始时，给所有蓝色友方挂312800808	10001					0				2	1	7322	3	3	240	1	1	312800808	0	0	1				2	1
312800808	幸福时光-专武效果-暴击率+5%	312800804					0				2	1								0	0	1				2	1
8100412	噩梦回响-触发器-我方战斗员奥义能量未满时造成【破碎伤害】提升50%	10001		1			0				2	1	9550			301	1	1	8100413	0	0	1		102801	320091		1
8100413	噩梦回响：造成【破碎伤害】提升50%	313081104		0			1	1002	99	3	2	1								0	0	1					1
8100414	噩梦回响-敌方单位受到【增幅伤害】提升30%，受到奥义技能的【增幅伤害】额外提升40%	313241101		0			0				2	1	9560			301	1	1	8100415	0	0	1		341008	320092		1
8100415	噩梦回响-受到【增幅伤害】提升40%	313241103		0			0	1002	1	3	2	1								0	0	1					1
8100416	噩梦回响-敌方单位受到【增幅伤害】提升20%，	313241102		0			0				2	1								0	0	1		341008	320093		1
8100417	噩梦回响-敌方单位受到【增幅伤害】提升30%，	313241101		0			0				2	1								0	0	1		341008	320094		1
8100418	噩梦回响-受到治疗暴击的友方单位造成【增幅伤害】提升20%	10001		0			0				2	1	9616			301	1	1	8100419	0	0	1					1
8100419	噩梦回响造成【增幅伤害】提升20%	7100204		0			1				2	1								0	0	1		7100204	320095		1
8100420	噩梦回响-受到治疗暴击的友方单位造成【增幅伤害】提升30%	10001		0			0				2	1	9616			301	1	1	8100421	0	0	1					1
8100421	噩梦回响造成【增幅伤害】提升30%	313251101		0			1				2	1								0	0	1		7100204	320096		1
116000801	塔拉-技能2-激流-2回合	416000801				3	2				2	2								1	1	0		116000801	116000801		1
116000802	塔拉-被动-激流-1回合	416000801				3	2				2	2								1	1	0		116000801	116000801		1
116000803	塔拉-初始被动天赋表-战斗开始时，给所有红色友方116000804	10001					0				2	1	7322	3		238	1	2	116000804	0	0	1	1	61160008		2	1
116000804	塔拉-初始被动天赋表-造成间接伤害提升	416000803					0				2	1								0	0	1	1			2	1
116000805	塔拉-被动-回合开始时，对敌方全体挂116000806	10001					0				2	1	1102	3		102	1	1	116000806	0	0	1					1
116000806	塔拉-被动-获得自身时，如果自身及相邻单位有116000801，获得116000815	10001					0				2	1	9617	3		301	1	2	116000815	0	0	1					1
116000807	塔拉-被动-获得自身时，如果自身相邻单位没有116000801，且自身有116000801，获得116000802	10001					0				2	1	9618	3		301	1	2	116000802	0	0	1					1
116000808	塔拉-1星-战斗开始时，sp+2	10001					0				2	1	7322	3		301	2	2	210010102	0	0	1					1
116000809	塔拉-4星-大招标记	10001					0				2	1								0	0	1					1
116000810	塔拉-大招-涌动	416000802				3	2				2	1								0	0	1		116000810	116000810		1
116000811	塔拉-大招-4星-涌动	416000804				3	2				2	1								0	0	1		116000810	116000810		1
116000812	塔拉-大招-6星-使用技能时，对目标挂116000802	10001					0				2	1	1002	2		101	1	2	116000802	0	0	1					1
116000813	塔拉-大招-6星-使用技能时，对目标相邻单位挂116000802	10001					0				2	1	1002	2		103	1	2	116000802	0	0	1					1
116000814	塔拉-被动-回合开始时，对有116000815的敌方施加116000802	10001					0				2	1	1102	3		339	1	3	116000802	0	0	1					1
116000815	塔拉-被动-DOT标记	10001					0				2	1								0	0	1					1
116000816	塔拉-4星-大招触发器	10001					0				2	1	9622	2		102	1	2	116000811	0	0	1					1
1405200101	胖猫-被动-最终伤害降低	411502162					0				2	1								0	0	1		1405200101	1405200101		1
1405200102	胖猫-被动-攻击力提升	401102160					1				2	3	9456	2		301	1	2	1405200106	0	0	1		1405200102	1405200102		1
1405200103	胖猫-技能2-防御力提升	412010160					1				2	1								1	1	0		1405200103	1405200103		1
1405200104	胖猫-被动-开局添加1405200101	10001					0	1102	1	3	2	1	1102	2		405	1	2	1405200101	0	0	1					1
1405200105	胖猫-被动-友方死亡时触发技能4	10001					0				2	1	9255	3		102	4	2	544052001	0	0	1		300014	1405200105		1
1405200106	胖猫-被动-治疗可暴击	416030151;4405200101					1				2	1								0	0	1		1405200106	1405200106		1
1405200107	胖猫-被动1表现	10001					0				2	1								0	0	1		300014	1405200104		1
8100422	噩梦回响-我方造成【间接伤害】提升20%，携带【渐愈】效果时造成【间接伤害】额外提升20%	412201151		0			1				2	1	9437			301	1	1	8100423	0	0	1		102001	102001		1
8100423	噩梦回响：【造成间接伤害提升20%】	412201151					1	9443	1		2	1								0	0	1		102001	102001		1
8100424	噩梦回响-我方造成【间接伤害】提升30%，携带【渐愈】效果时造成【间接伤害】额外提升30%	412201155		0			1				2	1	9437			301	1	1	8100425	0	0	1		102001	102001		1
8100425	噩梦回响：【造成间接伤害提升30%】	412201155					1	9443	1		2	1								0	0	1		102001	102001		1
116100801	斐恩-技能1-除行动限制外减益效果在回合结束时不会变更回合数	416100801				3	0	1102	1	2	2	3								1	1	0		116100801	116100801		1
116100802	斐恩-技能2-增益效果在回合结束时不会变更回合数	416100802				3	0	1102	1	2	2	3								1	1	0		116100802	116100802		1
116100803	斐恩-技能2-渐愈	416100803				3	1				2	1								1	1	0		116100803	110201		1
116100804	斐恩-初始被动天赋表-战斗开始时，给所有友方116100805	10001					0				2	1	7322	3		202	1;1	2	116100805;116100807	0	0	1	1	61161008		2	1
116100805	斐恩-初始被动天赋表-造成间接伤害提升	416100804					0				2	1								0	0	1	1			2	1
116100806	斐恩-领域-无尽雨幕表现	10001				3	0				2	1								0	0	1		116100806			1
116100807	斐恩-领域-无尽雨幕	416100805;416100806;416100807;416100808;416100809;416100810;416100811;416100812;416100813;416100814				3	0				2	1								0	0	1	1	116100807	116100807		1
116100808	斐恩-1星-战斗开始时，sp+2	10001					0				2	1	7322	3		301	2	2	210010102	0	0	1					1
116100809	斐恩-1星-战斗开始时，对我方全体施加116100812	10001					0				2	1	7322	3		202	1	2	116100812	0	0	1					1
116100810	斐恩-1星-受到治疗效果提升	416100815					0				1	1								0	0	1					1
116100811	斐恩-1星-开大后对我方全体施加116100812	10001					0				2	1	1105	2		202	1	2	116100812	0	0	1					1
116100812	斐恩-1星-受到治疗效果提升	416100815					0				1	1								0	0	1					1
116100813	斐恩-4星-每回合第一次受到伤害后恢复	10001					0				2	1	7429	3		301	2	2	216100807	0	0	1					1
116100814	斐恩-4星-战斗开始时，我方全体获得116100813	10001					0				2	1	7322	3		202	1	2	116100813	0	0	1					1
116100815	斐恩-4星-战斗开始时，我方全体获得116100817	10001					0				2	1	7322	3		202	1	2	116100817	0	0	1					1
116100816	斐恩-4星-使用SP技能时，获得116100817	10001					0				2	1	1105	3		202	1	2	116100817	0	0	1					1
116100817	斐恩-4星-情绪加深附加	416100805;416100806;416100807;416100808;416100809;416100810;416100811;416100812;416100813;416100814					0				2	1								0	0	1					1
116100818	斐恩-6星-大招标记	10001					0				2	1								0	0	1					1
116100819	斐恩-6星-技能结束时sp+1	10001				3	0				2	1	1105	3		301	2	2	210010101	0	0	1					1
116100820	斐恩-6星-技能结束时sp+2	10001				3	0				2	1	1105	3		301	2	2	210010102	0	0	1					1
116100821	斐恩-6星-技能结束时sp+3	10001				3	0				2	1	1105	3		301	2	2	210010103	0	0	1					1
116100822	斐恩-被动-buff存数显示	10001					0				2	1								0	0	1		116100822	116100822		1
316000801	塔拉-专武被动1-释放71160008前，对自己挂1回合316000802	10001					0				2	1	9558	2	3	301	1	1	316000802	0	0	1				2	1
316000802	塔拉-专武效果-造成间接伤害+8%	316000801					0	1002	1	1	2	1								0	0	1				2	1
316000803	塔拉-专武被动2-战斗开始时，给所有红色友方挂316000804	10001					0				2	1	7322	3	3	238	1	1	316000804	0	0	1				2	1
316000804	塔拉-专武效果-攻击力+3%	316000802					0				2	1								0	0	1				2	1
316000805	塔拉-专武被动1-释放71160008前，对自己挂1回合316000806	10001					0				2	1	9558	2	3	301	1	1	316000806	0	0	1				2	1
316000806	塔拉-专武效果-造成间接伤害+16%	316000803					0	1002	1	1	2	1								0	0	1				2	1
316000807	塔拉-专武被动2-战斗开始时，给所有红色友方挂316000808	10001					0				2	1	7322	3	3	238	1	1	316000808	0	0	1				2	1
316000808	塔拉-专武效果-攻击力+6%	316000804					0				2	1								0	0	1				2	1
316100801	斐恩-专武被动1-释放72161008前，对自己挂1回合316100802	10001					0				2	1	9558	2	3	301	1	1	316100802	0	0	1				2	1
316100802	斐恩-专武效果-造成治疗效果+10%	316100801					0	1002	1	1	2	1								0	0	1				2	1
316100803	斐恩-专武被动2-战斗开始时，给所有红色友方挂316100804	10001					0				2	1	7322	3	3	202	1	1	316100804	0	0	1				2	1
316100804	斐恩-专武效果-攻击力+3%	316100802					0				2	1								0	0	1				2	1
316100805	斐恩-专武被动1-释放72161008前，对自己挂1回合316100806	10001					0				2	1	9558	2	3	301	1	1	316100806	0	0	1				2	1
316100806	斐恩-专武效果-造成治疗效果+20%	316100803					0	1002	1	1	2	1								0	0	1				2	1
316100807	斐恩-专武被动2-战斗开始时，给所有红色友方挂316100808	10001					0				2	1	7322	3	3	202	1	1	316100808	0	0	1				2	1
316100808	斐恩-专武效果-攻击力+6%	316100804					0				2	1								0	0	1				2	1
8100426	噩梦回响-防御力提升50%，受到真实伤害提升50%	412010158;813011152					0				2	1								0	0	1		341008	320056		1
8100427	噩梦回响：我方单位自身携带增益效果数量达到3个时，造成伤害提升25%	10001		1			0				2	1	9459			301	1	1	8100430	0	0	1					1
8100428	噩梦回响：我方单位自身携带增益效果数量达到5个时，造成伤害提升50%	10001		1			0				2	1	9459			301	1	1	8100430	0	0	1					1
8100429	噩梦回响：我方单位自身携带增益效果数量达到7个时，造成伤害提升75%	10001		1			0				2	1	9459			301	1	1	8100430	0	0	1					1
8100430	噩梦回响：造成伤害提升15%	311501103		0			0	1002	99	3	2	3								0	0	1		101201	101201		1
1314500801	希尔达boss-buff1-达到3/5/7/9层获得效果	10001					0				2	3								0	0	1		1314500801	1314500801		1
1314500802	希尔达boss-buff2-受到希尔达伤害提升，攻击或受到攻击减层数	10001					2	7043	1	3	2	3	9625	2	3	301	2	2	314500802	0	0	1		1314500802	1314500802		1
1314500803	希尔达boss-被动-攻击buff2前添加最终伤害增加	10001					0				2	1	7043	2	3	101	1	2	1314500804	0	0	1					1
1314500804	希尔达boss-被动-受到最终伤害增加	4314500805					0	9083	1	3	2	1								0	0	1					1
1314500805	希尔达boss-被动1-展示+战斗开始时为全体添加1314500806,1314500807,1314500812	10001					0				2	1	1102	2		405	1;1;1	2	1314500806;1314500807;1314500812	0	0	1		1314500806	1314500806		1
1314500806	希尔达boss-被动1-攻击后，使友方全体获得1层buff1	10001					0				2	1	9537	2	3	202	1	2	1314500801	0	0	1					1
1314500807	希尔达boss-被动1-被攻击后，使友方全体减少1层buff1	10001					0				2	1	1004	2	3	202	2	2	314500806	0	0	1					1
1314500808	希尔达boss-被动1-进入战斗时，希尔达获得5层buff1	10001					0				2	1	1102	2		301	1	2	1314500801	0	0	1					1
1314500809	希尔达boss-被动2-buff1层数满时，获得x%攻击力提升	4314500806	1				0				2	1								0	0	1		1314500809	1314500809		1
1102700201	反击木桩-被动-受到攻击时，反击	10001					0				2	1	9626	2	3	101	4	2	511027002	0	0	1		1102700201	1102700201		1
1314500810	希尔达boss-获得自身时为友方全体添加指示buff	10001					0	9083	1	3	2	1	9299	2	3	202	1	2	1314500811	0	0	1					1
1314500811	希尔达boss-命中标记指示buff	10001					0	9083	1	3	2	1								0	0	1					1
1314500812	希尔达boss-buff1-效果buff	4314500801;4314500802;4314500803;4314500804	1				0				2	1								0	0	1					1
8100431	噩梦回响：我方每次【追加攻击】为我方全体施加1层造成伤害提升5%，造成【积蓄伤害】额外提升10%，持续1回合，上限3层	10001		1			0				2	1	9223			202	1;1	1	8100432;8100433	0	0	1					1
8100432	造成伤害提升5%	411501151		0			0				2	3								0	0	1		101201	101201		1
8100433	造成【积蓄伤害】额外提升10%	10001		0			0				2	3	7021			301	1	1	8100434	0	0	1		101201	101201		1
8100434	造成【积蓄伤害】额外提升10%	411501152		0			0	1002	99	3	2	3								0	0	1		101201	101201		1
8100435	噩梦回响：我方每次【追击】为我方全体施加1层造成伤害提升10%，造成【积蓄伤害】额外提升15%，持续1回合，上限3层	10001		1			0				2	1	9223			202	1;1	1	8100436;8100437	0	0	1					1
8100436	造成伤害提升10%	411501152		0			0				2	3								0	0	1		101201	101201		1
8100437	造成【积蓄伤害】额外提升15%	10001		0			0				2	3	7021			301	1	1	8100438	0	0	1		101201	101201		1
8100438	造成【积蓄伤害】额外提升15%	411501156		0			0	1002	99	3	2	3								0	0	1		101201	101201		1
115600801	露露-技能1-暴露标记	415600801				3	2				2	1								1	1	0		115600801	115600801		1
115600802	露露-技能1-攻击力降低	415600802				3	2				2	3								1	1	0		200101	200101		1
115600803	露露-技能2-攻击后叠加115600804	10001					1				2	1	9627	2		301	1	2	115600804	1	1	0		115600803	115600803		1
115600804	露露-技能2-造成伤害提升	415600803					0	1103	999	2	2	3								1	1	0		101201	101201		1
115600805	露露-大招-造成追击伤害前获得115600806	10001					0				2	1	9630	2		301	1	2	115600806	0	0	1					1
115600806	露露-大招-造成伤害提升	415600804					0	1002	1	3	2	1								0	0	1					1
115600807	露露-大招-自身伤害记录器	10001				3	0				2	1	9628	2		301	2	2	215600802	1	1	0					1
115600808	露露-大招-友方伤害记录器	10001				3	0	1108	1	2	2	1	9629	2		301	2	2	215600802	1	1	0					1
115600809	露露-大招-追击触发器	10001				3	0				2	1	1108	3		123	4	2	74156008	1	1	0					1
115600810	露露-初始被动天赋表-战斗开始时，给所有友方115600811	10001					0				2	1	7322	3		202	1	2	115600811	0	0	1	1	61156008		2	1
115600811	露露-初始被动天赋表-使用追击技能前获得115600812	10001					0				2	1	9630	2		301	1	2	115600812	0	0	1	1			2	1
115600812	露露-初始被动天赋表-暴击伤害提升	415600805					0	1002	1	3	2	1								0	0	1	1			2	1
115600813	露露-被动-获得115600815后，追击	10001					0				2	1	7002	3		123	4	2	75156008	0	0	1					1
115600814	露露-技能2-使用技能后给我方露露115600815	10001					1	1108	1	2	2	1	9448	2		341	1	2	115600815	0	0	1					1
115600815	露露-技能2-追击标记	10001				3	0				2	1								0	0	1					1
115600816	露露-1星-战斗开始时，sp+1	10001					0				2	1	7322	3		301	2	2	210010101	0	0	1					1
115600817	露露-1星-技能1标记	10001					0				2	1								0	0	1					1
115600818	露露-1星技能1-暴露标记	415600801				3	2				2	1								0	0	1		115600801	115600801		1
115600819	露露-4星-技能2标记	10001					0				2	1								0	0	1					1
115600820	露露-4星技能2-攻击后叠加115600821	10001					1				2	1	9627	2		301	1	2	115600821	1	1	0		115600803	115600803		1
115600821	露露-4星技能2-造成伤害提升	415600803					0	1108	999	2	2	3								1	1	0		101201	101201		1
115600822	露露-6星-追击大招标记	10001				3	0				2	1								0	0	1					1
115600823	露露-大招-造成追击伤害前获得115600806	10001				3	0				2	1	7293	2		202	2	2	215600808	1	1	0		115600805	115600805		1
115700801	罗莎曼德-积蓄标记	10001				3	0				2	3								0	0	1		115700801	115700801		1
115700802	罗莎曼德-初始被动天赋表-战斗开始时，给所有友方115700803	10001					0				2	1	7322	3		202	1	2	115700803	0	0	1	1			2	1
115700803	罗莎曼德-初始被动天赋表-使用追击技能后给罗莎曼德115700804	10001					0				2	1	9630	2		301	1	2	115700804	0	0	1	1			2	1
115700804	罗莎曼德-初始被动天赋表-增伤标记	10001					0				2	3								0	0	1	1			2	1
115700805	罗莎曼德-初始被动天赋表-每层115700804获得增伤	415700801	1				0				2	1								0	0	1	1	61157008		2	1
115700806	罗莎曼德-被动-回合开始时，给队友115700807	10001				3	0				2	1	1102	3		202	1	2	115700807	0	0	1					1
115700807	罗莎曼德-被动-使用单体技能时有概率对目标施加115700808	10001				3	0				2	1	9631	2		101	1	2	115700808	0	0	1					1
115700808	罗莎曼德-被动-buff1标记	10001				3	0				2	3								0	0	1		115700808	115700808		1
115700809	罗莎曼德-0星被动-回合结束前，如果敌方层数达到4，追击	10001					0				2	1	9632	3		342	4	3	74157008	0	0	1					1
115700810	罗莎曼德-技能2-buff1概率标记	10001				3	2				2	3								0	0	1		115700810	115700810		1
115700811	罗莎曼德-0星追击-0层减伤	415700802				3	0	1002	1	1	2	1								0	0	1					1
115700812	罗莎曼德-0星追击-4层增伤	415700803				3	0	1002	1	1	2	1								0	0	1					1
115700813	罗莎曼德-1星被动-回合结束前，追击	10001				3	0				2	1	9415	3		342	4	3	74157008	0	0	1					1
115700814	罗莎曼德-1星-战斗开始时，sp+1	10001					0				2	1	7322	3		301	2	2	210010101	0	0	1					1
115700815	罗莎曼德-4星-回合开始时，给敌方全体2层115700808	10001					0				2	1	1102	3		102	1;1	2	115700808;115700808	0	0	1					1
115700816	罗莎曼德-6星-6星标记	10001					0				2	1								0	0	1					1
8100439	噩梦回响：处于【暴击率降低】状态下的敌方战斗员受到伤害提升20%	10001		1			0				2	1	9586			301	1	1	8100440	0	0	1					1
8100440	受到伤害提升20%	411502164		0			0	7250	1	3	2	1								0	0	1		341004	320036		1
8100441	噩梦回响：处于【睡眠】状态的敌人受到伤害提升15%	10001		1			0				2	1	9586			301	1	1	8100442	0	0	1					1
8100442	受到伤害提升15%	411502168		0			0	7250	1	3	2	1								0	0	1		341004	320036		1
8100443	噩梦回响：处于【暴击率降低】状态下的敌方战斗员受到伤害提升30%	10001		1			0				2	1	9586			301	1	1	8100444	0	0	1					1
8100444	受到伤害提升20%	411502169		0			0	7250	1	3	2	1								0	0	1		341004	320036		1
8100445	噩梦回响：处于【睡眠】状态的敌人受到伤害提升30%	10001		1			0				2	1	9586			301	1	1	8100446	0	0	1					1
8100446	受到伤害提升15%	411502169		0			0	7250	1	3	2	1								0	0	1		341004	320036		1
110200501	晚安故事-技能1-暴击率降低	410200501					2				2	1								1	1	0		110200501	200501		1
110200502	晚安故事-技能2-睡眠	410200502				3	2				2	3								1	1	0		210308	110200502		1
110200503	晚安故事-被动-回合开始时对敌方全体挂1102005054	10001					0				2	1	1102	3		102	1	2	110200504	0	0	1					1
110200504	晚安故事-被动-行动后清除友方110200502	10001					0				2	1	1002	2		251	2	2	210200503	0	0	1					1
110200505	晚安故事-被动-回合开始时对我方全体挂110200506；110200507	10001					0				2	1	1102	3		202	1;1	2	110200506;110200507	0	0	1					1
110200506	晚安故事-被动-单体攻击后清除目标110200502	10001					0				2	1	9627	2		101	2	2	210200503	0	0	1					1
110200507	晚安故事-被动-群体攻击后清除目标110200502	10001					0				2	1	9635	2		102	2	2	210200503	0	0	1					1
110200508	晚安故事-大招-穿透率降低	410200503				3	2			3	2	1								1	1	0		200901	110200508		1
110200509	晚安故事-初始被动天赋表-战斗开始时，对蓝色我方施加110200510;110200511	10001					0				2	1	7322	3		202	1;1	2	110200510	0	0	1	1	61102005		2	1
110200510	晚安故事-初始被动天赋表-每层110200512加攻击力	410200504					0				2	1								0	0	1	1			2	1
110200511	晚安故事-被动-自身使用技能牌后，追击	10001				3	0				2	1	9644	3	3	123	4	2	72102005	0	0	1					1
110200512	晚安故事-被动-自身使用技能牌后，挂追击标记	10001					0				2	1	9644	3		301	1	1	110200515	0	0	1					1
110200513	晚安故事-被动-友方使用技能牌后，追击	10001					0				2	1	9637	3	3	123	4	2	72102005	0	0	1					1
110200514	晚安故事-被动-使用技能牌后，挂追击标记	10001					0				2	1	9637	3		301	1	1	110200515	0	0	1					1
110200515	晚安故事-被动-追击标记	10001					0	1002	1	3	2	1								0	0	1					1
110200516	晚安故事-1星-友方使用技能牌后，追击	10001					0				2	1	9637	3	3	123	4	2	72102005	0	0	1					1
110200517	晚安故事-4星-友方使用技能牌后，追击	10001					0				2	1	9637	3	3	123	4	2	72102005	0	0	1					1
110200518	晚安故事-6星-回合开始时给敌方全体110200519	10001					0				2	1	1102	3		102	1	2	110200519	0	0	1					1
110200519	晚安故事-6星-110200502提前结束时，给晚安故事110200520	10001					0				2	1	9638	2		343	1	2	110200520	0	0	1					1
110200520	晚安故事-6星-获得自身时，对目标造成伤害	10001					0				2	1	9299	2		101	2	2	210200504	0	0	1					1
110200521	晚安故事-1星被动-使用技能牌后，挂追击标记	10001					0				2	1	9637	3		301	1	1	110200515	0	0	1					1
110200522	晚安故事-1星-自身使用技能牌后，追击	10001					0				2	1	9637	3	3	123	4	2	72102005	0	0	1					1
110200523	晚安故事-4星-自身使用技能牌后，追击	10001					0				2	1	9637	3	3	123	4	2	72102005	0	0	1					1
110200524	晚安故事-1星-自身使用技能牌后，挂追击标记	10001					0				2	1	9644	3		301	1	1	110200515	0	0	1					1
110200525	晚安故事-1星-使用技能牌后，挂追击标记	10001					0				2	1	9637	3		301	1	1	110200515	0	0	1					1
310200501	晚安故事-专武被动1-释放72102005前，对自己挂1回合310200502	10001					0				2	1	9558	2	3	301	1	1	310200502	0	0	1				2	1
310200502	晚安故事-专武效果-造成伤害+8%	310200501					0	1002	1	1	2	1								0	0	1				2	1
310200503	晚安故事-专武被动2-战斗开始时，给自身310200504	10001					0				2	1	7322	3	3	301	1	1	310200504	0	0	1				2	1
310200504	晚安故事-专武效果-穿透率+6%	310200502					0				2	1								0	0	1				2	1
310200505	晚安故事-专武被动1-释放72102005前，对自己挂1回合310200506	10001					0				2	1	9558	2	3	301	1	1	310200506	0	0	1				2	1
310200506	晚安故事-专武效果-造成伤害+16%	310200503					0	1002	1	1	2	1								0	0	1				2	1
310200507	晚安故事-专武被动2-战斗开始时，给自身310200508	10001					0				2	1	7322	3	3	301	1	1	310200508	0	0	1				2	1
310200508	晚安故事-专武效果-穿透率+12%	310200504					0				2	1								0	0	1				2	1
315600801	露露-专武被动1-释放71156008前，对自己挂1回合315600802	10001					0				2	1	9558	2	3	301	1	1	315600802	0	0	1				2	1
315600802	露露-专武效果-造成伤害+8%	315600801					0	1002	1	1	2	1								0	0	1				2	1
315600803	露露-专武被动2-战斗开始时，给我方全体315600804	10001					0				2	1	7322	3	3	202	1	1	315600804	0	0	1				2	1
315600804	露露-专武效果-攻击力+3%	315600802					0				2	1								0	0	1				2	1
315600805	露露-专武被动1-释放71156008前，对自己挂1回合315600806	10001					0				2	1	9558	2	3	301	1	1	315600806	0	0	1				2	1
315600806	露露-专武效果-造成伤害+16%	315600803					0	1002	1	1	2	1								0	0	1				2	1
315600807	露露-专武被动2-战斗开始时，给我方全体315600808	10001					0				2	1	7322	3	3	202	1	1	315600808	0	0	1				2	1
315600808	露露-专武效果-攻击力+6%	315600804					0				2	1								0	0	1				2	1
315600809	露露-专武被动1-释放74156008前，对自己挂1回合315600802	10001					0				2	1	9558	2	3	301	1	1	315600802	0	0	1				2	1
315600810	露露-专武被动1-释放75156008前，对自己挂1回合315600802	10001					0				2	1	9558	2	3	301	1	1	315600802	0	0	1				2	1
315600811	露露-专武被动1-释放74156008前，对自己挂1回合315600806	10001					0				2	1	9558	2	3	301	1	1	315600806	0	0	1				2	1
315600812	露露-专武被动1-释放75156008前，对自己挂1回合315600806	10001					0				2	1	9558	2	3	301	1	1	315600806	0	0	1				2	1
315700801	罗莎曼德-专武被动1-释放71157008前，对自己挂1回合315700802	10001					0				2	1	9558	2	3	301	1	1	315700802	0	0	1				2	1
315700802	罗莎曼德-专武效果-造成伤害+8%	315700801					0	1002	1	1	2	1								0	0	1				2	1
315700803	罗莎曼德-专武被动2-战斗开始时，给自身315700804	10001					0				2	1	7322	3	3	301	1	1	315700804	0	0	1				2	1
315700804	罗莎曼德-专武效果-暴击伤害+10%	315700802					0				2	1								0	0	1				2	1
315700805	罗莎曼德-专武被动1-释放71157008前，对自己挂1回合315700806	10001					0				2	1	9558	2	3	301	1	1	315700806	0	0	1				2	1
315700806	罗莎曼德-专武效果-造成伤害+16%	315700803					0	1002	1	1	2	1								0	0	1				2	1
315700807	罗莎曼德-专武被动2-战斗开始时，给自身315700808	10001					0				2	1	7322	3	3	301	1	1	315700808	0	0	1				2	1
315700808	罗莎曼德-专武效果-暴击伤害+20%	315700804					0				2	1								0	0	1				2	1
315700809	罗莎曼德-专武被动1-释放74157008前，对自己挂1回合315700802	10001					0				2	1	9558	2	3	301	1	1	315700802	0	0	1				2	1
315700810	罗莎曼德-专武被动1-释放74157008前，对自己挂1回合315700806	10001					0				2	1	9558	2	3	301	1	1	315700806	0	0	1				2	1
115800801	佐伊-被动-技能2无法获得sp	415800801				3	0				2	1								0	0	1					1
115800802	佐伊-被动-回合开始时，如果自己身上没有115800822，给我方全体115800803	10001				3	0				2	1	9641	3		202	1	2	115800803	0	0	1					1
115800803	佐伊-被动-当自身115800806达到3层，sp+1	10001				3	0	9648	1	2	2	1	9647	3		301	2;2;2	2	210010101;215800804;215800807	0	0	1					1
115800804	佐伊-技能2-携带者者标记	10001				3	0	9640	1	2	2	3								0	0	1					1
115800805	佐伊-技能2-友方每次攻击获得1层115800826	10001					1				2	1	9639	2		344	1	2	115800806	1	1	0		115800805	115800805		1
115800806	佐伊-技能2-友方buff1叠层标记	10001					0	9650	999	2	2	3								1	1	1		115800806	115800806		1
115800807	佐伊-大招-护盾	415800802					1				1	1								0	0	0		110202	110202		1
115800808	佐伊-大招-状态切换buff	415800803;415800804				3	0				2	1	9649	2		301	1	2	115800810	0	0	1		115800808			1
115800809	佐伊-大招-友方回血触发器	10001				3	0				2	1	9646	3		202	2;2	2	215800806;215800812	0	0	1					1
115800810	佐伊-大招-回血标记	10001					0	1108	999	2	2	3								0	0	1		115800810	115800810		1
115800811	佐伊-初始被动天赋表-战斗开始时，对我方全体施加115800812;115800814	10001					0				2	1	7322	3		202	1;1	2	115800814;115800812	0	0	1	1	61158008		2	1
115800812	佐伊-初始被动天赋表-如果自身是蓝色，对我方全体施加115800813	10001					0				2	1	9636	3		202	1	2	115800813	0	0	1	1			2	1
115800813	佐伊-初始被动天赋表-被动标记	10001					0				2	3								0	0	1	1			2	1
115800814	佐伊-初始被动天赋表-每层标记加受到治疗效果	415800805	1				0				2	1								0	0	1	1			2	1
115800815	佐伊-被动-战斗开始时获得115800816	10001					0				2	1	7322	3		301	1;1	2	115800816;115800804	0	0	1	1			2	1
115800816	佐伊-技能2-每次攻击获得1层115800826	10001				3	1				2	1	9639	2		344	1	2	115800806	1	1	0		115800805	115800805		1
115800817	佐伊-1星-战斗开始时，sp+2	10001					0				2	1	7322	3		301	2	2	210010102	0	0	1					1
115800818	佐伊-4星-技能2标记	10001					0				2	1								0	0	1					1
115800819	佐伊-4星技能2-每次攻击获得1层115800826	10001				3	1				2	1	9639	2		344	1	2	115800806	1	1	0		115800805	115800805		1
115800820	佐伊-4星技能2-获得自身时，偷取友方叠层并清除其115800819	10001				3	0				2	1	9299	2		346	2;2	2	215800808;215800810	0	0	1					1
115800821	佐伊-6星-大招标记,使用大招后，获得115800823	10001				3	0				2	1	9643	2		301	1	2	115800823	0	0	1					1
115800822	佐伊-6星-回合开始时，给我方全体115800823	10001				3	0				2	1	1102	3		202	1	2	115800823	0	0	1					1
115800823	佐伊-6星大招标记-当自身115800806达到2层，sp+1	10001				3	0				2	1	9647	3		301	2;2;2	2	210010101;215800804;215800807	0	0	1					1
115800824	佐伊-6星大招-友方回血触发器	10001				3	0				2	1	9646	3		202	2;2	2	215800806;215800812	0	0	1					1
115800825	佐伊-被动-使用大招后，清除累积量	10001				3	0				2	1	9643	2		301	2	2	215800809	0	0	1					1
115800826	佐伊-技能2-友方buff1叠层限制器	10001				3	0				2	1								0	0	1					1
115800827	佐伊-被动-战斗开始时，给我方全体115800828	10001				3	0				2	1	7322	3		202	1	2	115800828	0	0	1					1
115800828	佐伊-被动-获得115800826时，获得115800806	10001				3	0				2	1	9645	3		301	1	2	115800806	0	0	1					1
315800801	佐伊-专武被动1-释放71158008前，对自己挂1回合315800802	10001					0				2	1	9558	2	3	301	1	1	315800802	0	0	1				2	1
315800802	佐伊-专武效果-造成伤害+8%	315800801					0	1002	1	1	2	1								0	0	1				2	1
315800803	佐伊-专武被动2-战斗开始时，给我方全体315800804	10001					0				2	1	7322	3	3	202	1	1	315800804	0	0	1				2	1
315800804	佐伊-专武效果-暴击伤害+10%	315800802					0				2	1								0	0	1				2	1
315800805	佐伊-专武被动1-释放71158008前，对自己挂1回合315800806	10001					0				2	1	9558	2	3	301	1	1	315800806	0	0	1				2	1
315800806	佐伊-专武效果-造成伤害+16%	315800803					0	1002	1	1	2	1								0	0	1				2	1
315800807	佐伊-专武被动2-战斗开始时，给我方全体315800808	10001					0				2	1	7322	3	3	202	1	1	315800808	0	0	1				2	1
315800808	佐伊-专武效果-暴击伤害+20%	315800804					0				2	1								0	0	1				2	1
8100447	噩梦回响-触发器-我方单位幸运值大于100%时，造成伤害提升60%	10001					0				2	1	9344			301	1	1	8100448	0	0	1					1
8100448	噩梦回响：造成伤害提升60%	411501167					1	1002	1	1	2	1								0	0	1		101201	320041		1
8100449	噩梦回响-触发器-每回合开始时，我方单位以降低10%穿透率为代价获得1层造成【蓄势伤害】提升10%（穿透率降低和蓄势伤害提升最多叠加3层）	10001					0				2	1	1102			301	1	1	8100450	0	0	1					1
8100450	噩梦回响：降低10%穿透率，造成【蓄势伤害】提升10%	411203160;313181103					0				2	3								0	0	1		304001	320097		1
8100451	噩梦回响-触发器-每回合开始时，获得1点奥义能量	10001					0				2	1	1102			301	2	1	210010101	0	0	1					1
8100452	噩梦回响-触发器-每回合开始时，我方单位以降低10%穿透率为代价获得1层造成【蓄势伤害】提升20%（穿透率降低和蓄势伤害提升最多叠加3层）	10001					0				2	1	1102			301	1	1	8100453	0	0	1					1
8100453	噩梦回响：降低10%穿透率，造成【蓄势伤害】提升20%	411203160;313181101					0				2	3								0	0	1		304001	320097		1
8100454	噩梦回响-触发器-每回合开始时，获得1点奥义能量	10001					0				2	1	1102			301	2	1	210010101	0	0	1					1
1401900201	雇佣兵-技能1-全体穿透降低	4401900201					2				2	3								0	0	1		200901	1401900201		1
1401900202	雇佣兵-技能2-反击计数增益	10001					0	9255	1	3	2	3	9626	2	3	301	1	2	1401900207	0	0	1		1401900202	1401900202		1
1401900203	雇佣兵-大招-自身防御降低	4401900202					2				2	1								0	0	1		200201	200201		1
1401900204	雇佣兵-被动-不存在分身时使用544019002	10001					0				2	1	9653	2	3	101	4	2	544019002	0	0	1		300014	1401900204		1
1401900205	雇佣兵-被动-回合开始时使用一次544019002	10001					0				2	1	1005	2	3	101	4	2	544019002	0	0	1					1
1401900206	雇佣兵-被动-免控+受到最终伤害降低	4401900203;407020151					0				2	1								0	0	1		300014	1401900206		1
1401900207	雇佣兵-技能2-反击执行标记	10001					0	9651	1	3	2	1	9651	2	3	101	4	2	534019002	0	0	1					1
1401900208	雇佣兵-大招-获得自身时对敌方boss施加1401900203	10001					0	9299	1	3	2	1	9299	2	3	134	1	2	1401900203	0	0	1					1
1401900301	雇佣兵分身体-被动-只会使用技能1	10001					0				2	1	9626	2	3	301	1	2	1401900302	0	0	1		300014	1401900301		1
1401900302	雇佣兵分身体-被动-只会使用技能1	10001					0				2	1	9651	2	3	301	2	2	209010151	0	0	1					1
116200801	安娜-被动-攻击命中时，如果目标身上没有116200810，获得116200802	10001				3	0				2	1	9655	2		301	1	2	116200802	0	0	1					1
116200802	安娜-被动-叠层标记	10001				3	1				2	3								1	1	0		116200802	116200802		1
116200803	安娜-被动-技能结束时，如果116200802大于6层，获得116200804,116200805	10001				3	0				2	1	9654	2		301	1;1;2	2	116200804;116200805;216200809	0	0	1					1
116200804	安娜-被动-隐身	416200801			1	3	0				2	1								1	1	0		116200804;116200807	116200804		1
116200805	安娜-被动-隐身标记	10001				3	0				2	1								0	0	1		116200805	116200805		1
116200806	安娜-强化技能1-大招增伤标记	10001				3	0				2	3								0	0	1		116200806	116200806		1
116200807	安娜-强化大招-禁疗	416200802;416200806				3	2				2	1								1	1	0		210319	210319		1
116200808	安娜-初始被动天赋表-获得【buff1】时，获得116200809	10001					0				2	1	9645	3		301	1	2	116200809	0	0	1	1	61162008		2	1
116200809	安娜-被动-暴击伤害提升	416200803					0				2	1								0	0	1	1			2	1
116200810	安娜-被动-受到攻击后清除	10001				3	0	1004	1	1	2	1								0	0	1					1
116200811	安娜-1星-技能结束时，如果116200802大于4层，获得116200804,116200805	10001				3	0				2	1	9654	2		301	1;1;2	2	116200804;116200805;216200810	0	0	1					1
116200812	安娜-4星-战斗开始时，获得116200806	10001				3	0				2	1	7322	3		301	1	2	116200806	0	0	1					1
116200813	安娜-4星-使用的技能tag为2时，造成伤害提升	10001					0				2	1	9659	2		301	1	2	116200814	0	0	1					1
116200814	安娜-4星-造成伤害提升	416200804					0	1002	1	1	2	1								0	0	1					1
116200815	安娜-6星-大招标记	10001					0				2	1								0	0	1					1
116200816	安娜-6星-造成伤害提升	416200805				3	0	1002	1	1	2	1								0	0	1					1
116300801	玛丽-技能1-buff1	416300801;416300802;416300803					1				2	1								1	1	0		116300801	116300801		1
116300802	玛丽-初始被动天赋表-战斗开始时，给我方全体116300803	10001					0				2	1	7322	3		202	1	2	116300803	0	0	1	1	61163008		2	1
116300803	玛丽-被动-使用群攻技能前，获得116300804	10001					0				2	1	9656	2		301	1	2	116300804	0	0	1	1			2	1
116300804	玛丽-被动-暴击率提升	416300804					0	1002	1	1	2	1								0	0	1					1
116300805	玛丽-被动-回合开始时，给敌方全体施加116300806	10001				3	0				2	1	1102	3		102	1	2	116300806	0	0	1					1
116300806	玛丽-被动-受到伤害提升	416300805				3	2	9660	1	3	2	1								1	1	0		116300806	116300806		1
116300807	玛丽-1星使用技能2时，sp+1	10001				3	0				2	1	9558	2		301	2	1	210010101	0	0	1					1
116300808	玛丽-4星-攻击者标记	10001				3	0				2	1								0	0	1					1
116300809	玛丽-4星技能1-buff1	416300806;416300807;416300808					1				2	1								1	1	0		116300801	116300801		1
116300810	玛丽-6星-大招标记	10001				3	0				2	1								0	0	1					1
110100201	深蓝-技能2-使用群攻技能前，获得110100202	10001					1				2	1	9656	2		301	1	2	110100202	0	0	1	1	110100202	110100202		1
110100202	深蓝-技能2-造成伤害提升	410100201					0	1002	1	1	2	1								1	1	0					1
110100203	深蓝-初始被动天赋表-战斗开始时给全体绿色110100204	10001					0				2	1	7322	3		239	1	2	110100204	0	0	1	1	61101002		2	1
110100204	深蓝-被动-暴击伤害提升	410100202					0				2	1								0	0	1	1			2	1
110100205	深蓝-被动-其他友方使用进攻奥义技能时，如果自身血量大于50%，对友方施加110100207	10001				3	0				2	1	9657	2	3	201	1	2	110100207	0	0	1					1
110100206	深蓝-被动-其他友方使用进攻奥义技能时，如果自身血量大于50%，且没有110100208消耗自身生命值	10001				3	0				2	1	9658	2		301	2	1	210100203	0	0	1					1
110100207	深蓝-被动-按自身暴击伤害转化暴击伤害	410100203				3	0	1002	1	2	2	1								0	0	1					1
110100208	深蓝-大招-buff2标记	10001				3	1				2	1								1	1	0		110100208	110100208		1
110100209	深蓝-1星-技能结束后回血	10001					0				2	1	1002	2		301	2	1	210100204	0	0	1					1
110100210	深蓝-4星-爆伤转生命	410100204					0				2	1								0	0	1					1
110100211	深蓝-6星-大招标记	10001					0				2	1								0	0	1					1
110100212	深蓝-6星技能2-使用群攻技能前，获得110100202	410100205					1				2	1	9656	2		301	1	2	110100202	0	0	1	1	110100202	110100202		1
110100213	深蓝-技能1-嘲讽	410100206					0				2	1								1	1	0		300001	300001		1
110100214	深蓝-被动-其他友方使用进攻奥义技能时，清除自身110100208	10001					0				2	1	9657	2		301	2	3	210100205	0	0	1					1
316200801	安娜-专武被动1-释放71162008前，对自己挂1回合316200802	10001					0				2	1	9558	2	3	301	1	1	316200802	0	0	1				2	1
316200802	安娜-专武效果-造成伤害+8%	316200801					0	1002	1	1	2	1								0	0	1				2	1
316200803	安娜-专武被动2-获得【buff1】时，获得316200804	10001					0				2	1	9645	3		301	1	2	316200804	0	0	1				2	1
316200804	安娜-专武效果-攻击力+5%	316200802					0				2	1								0	0	1				2	1
316200805	安娜-专武被动1-释放71162008前，对自己挂1回合316200806	10001					0				2	1	9558	2	3	301	1	1	316200806	0	0	1				2	1
316200806	安娜-专武效果-造成伤害+16%	316200803					0	1002	1	1	2	1								0	0	1				2	1
316200807	安娜-专武被动2-获得【buff1】时，获得316200808	10001					0				2	1	9645	3		301	1	2	316200808	0	0	1				2	1
316200808	安娜-专武效果-攻击力+10%	316200804					0				2	1								0	0	1				2	1
316300801	玛丽-专武被动1-释放71163008前，对自己挂1回合316300802	10001					0				2	1	9558	2	3	301	1	1	316300802	0	0	1				2	1
316300802	玛丽-专武效果-造成伤害+8%	316300801					0	1002	1	1	2	1								0	0	1				2	1
316300803	玛丽-专武被动2-战斗开始时，给我方全体316300804	10001					0				2	1	7322	3	3	202	1	1	316300804	0	0	1				2	1
316300804	玛丽-专武效果-使用群攻技能前，获得316300809	10001					0				2	1	9656	2		301	1	2	316300809	0	0	1				2	1
316300805	玛丽-专武被动1-释放71163008前，对自己挂1回合316300806	10001					0				2	1	9558	2	3	301	1	1	316300806	0	0	1				2	1
316300806	玛丽-专武效果-造成伤害+16%	316300803					0	1002	1	1	2	1								0	0	1				2	1
316300807	玛丽-专武被动2-战斗开始时，给我方全体316300808	10001					0				2	1	7322	3	3	202	1	1	316300808	0	0	1				2	1
316300808	玛丽-专武效果-使用群攻技能前，获得316300810	10001					0				2	1	9656	2		301	1	2	316300810	0	0	1				2	1
316300809	玛丽-专武效果-暴击伤害+10%	316300802					0	1002	1	1	2	1								0	0	1				2	1
316300810	玛丽-专武效果-暴击伤害+20%	316300804					0	1002	1	1	2	1								0	0	1				2	1
310100201	深蓝-专武被动1-释放72101002前，对自己挂1回合310100202	10001					0				2	1	9558	2	3	301	1	1	310100202	0	0	1				2	1
310100202	深蓝-专武效果-造成伤害+8%	310100201					0	1002	1	1	2	1								0	0	1				2	1
310100203	深蓝-专武被动2-战斗开始时获得310100204	10001					0				2	1	7322	3	3	301	1	1	310100204	0	0	1				2	1
310100204	深蓝-专武效果-攻击力+5%	310100202					0				2	1								0	0	1				2	1
310100205	深蓝-专武被动1-释放72101002前，对自己挂1回合310100206	10001					0				2	1	9558	2	3	301	1	1	310100206	0	0	1				2	1
310100206	深蓝-专武效果-造成伤害+16%	310100203					0	1002	1	1	2	1								0	0	1				2	1
310100207	深蓝-专武被动2-战斗开始时获得310100208	10001					0				2	1	7322	3	3	301	1	1	310100208	0	0	1				2	1
310100208	深蓝-专武效果-攻击力+10%	310100204					0				2	1								0	0	1				2	1
113200801	赫德嘉-技能2-buff1	413200810					0				2	1								0	0	1		113200801	113200801		1
113200802	赫德嘉-技能2-护盾	413200801		0			1			2	1	1								0	0	0		110202	110202		1
113200803	赫德嘉-护盾自然结束时治疗	10001					0				2	1	9247	3		301	2	2	213200803	0	0	1					1
113200804	赫德嘉-大招-无法获得增益	413200802				3	2				2	1								1	1	0		210312	210312		1
113200805	赫德嘉-初始被动天赋表-战斗开始时给自身113200806，113200807，113200808	10001					0				2	1	7322	3		301	1;1;2	2	113200815;113200808;213200804	0	0	1	1	61132008		2	1
113200806	赫德嘉-被动-攻击力提升	413200803					0				2	1								0	0	1	1			2	1
113200807	赫德嘉-被动-sp上限+2（废弃）	413200804				3	0				2	1								0	0	1					1
113200808	赫德嘉-被动-友方开大时，sp+1	10001				3	0				2	1	9662	2		301	2	2	210010101	0	0	1					1
113200809	赫德嘉-1星-开大后，sp+3	10001				3	0				2	1	9670	2	3	301	2	1	210010103	0	0	1					1
113200810	赫德嘉-4星-每有1点sp，造成伤害，护盾效果提升x%	413200805;413200806	1			3	0				2	1								0	0	1					1
113200811	赫德嘉-6星-护盾非自然消失后，我方全体攻击力提升	10001				3	0				2	1	9663	3		202	1	2	113200813	0	0	1					1
113200812	赫德嘉-6星-护盾自然消失后，我方全体攻击力提升	10001				3	0				2	1	9664	3		202	1	2	113200814	0	0	1					1
113200813	赫德嘉-6星-攻击力提升	413200807				3	0				2	1								0	0	1		100101	100101		1
113200814	赫德嘉-6星-攻击力提升	413200808				3	0				2	1								0	0	1		100101	100101		1
113200815	赫德嘉-被动-爆伤转护盾量	413200809					0				2	1								0	0	1					1
113200816	赫德嘉-被动-战斗开始时，给我方全体113200817;113200818	10001				1	0				2	1	7322	3		202	1;1	2	113200817;113200818	0	0	1					1
113200817	赫德嘉-被动-蓄势伤害提升	413200811;413200812				1	0				2	1								0	0	1					1
113200818	赫德嘉-被动-使用非大招前获得113200819	10001				1	0				2	1	9665	2		301	1	2	113200819	0	0	1					1
113200819	赫德嘉-被动-蓄势伤害提升	413200813;413200814				1	0	1002	1	1	2	1								0	0	1					1
113200820	赫德嘉-技能2-buff1	10001					0				2	1	9661	3	3	201	1;1	2	113200802;113200803	0	0	1					1
113200821	赫德嘉-6星-战斗开始时，给我方全体113200811；113200812	10001					0				2	1	7322	3		202	1;1	2	113200811;113200812	0	0	1					1
313200801	赫德嘉-专武被动1-释放73132008前，对自己挂1回合313200802	10001					0				2	1	9558	2	3	301	1	1	313200802	0	0	1				2	1
313200802	赫德嘉-专武效果-造成伤害+8%	313200801					0	1002	1	1	2	1								0	0	1				2	1
313200803	赫德嘉-专武被动2-战斗开始时获得313200804	10001					0				2	1	7322	3	3	301	1	1	313200804	0	0	1				2	1
313200804	赫德嘉-专武效果-攻击力+5%	313200802					0				2	1								0	0	1				2	1
313200805	赫德嘉-专武被动1-释放73132008前，对自己挂1回合313200806	10001					0				2	1	9558	2	3	301	1	1	313200806	0	0	1				2	1
313200806	赫德嘉-专武效果-造成伤害+16%	313200803					0	1002	1	1	2	1								0	0	1				2	1
313200807	赫德嘉-专武被动2-战斗开始时获得313200808	10001					0				2	1	7322	3	3	301	1	1	313200808	0	0	1				2	1
313200808	赫德嘉-专武效果-攻击力+10%	313200804					0				2	1								0	0	1				2	1
8100455	噩梦回响，我方单位奥义能量大于或等于5点时，暴击率提升20%	10001		1			0				2	1	9582			301	1	1	8100456	0	0	1					1
8100456	噩梦回响，暴击率提升20%	411603012					0	9322	1	1	2	1								0	0	1		100501	100501		1
8100457	噩梦回响，若释放【奥义技能】时携带【暴击伤害】提升效果，则奥义技能造成【蓄势伤害】提升30%	10001		1			0				2	1	9671			301	1	1	8100458	0	0	1					1
8100458	噩梦回响，【蓄势伤害】提升30%	313181102;313271101					0	1002	1	1	2	1								0	0	1		103001	103001		1
8100459	噩梦回响，我方单位奥义能量大于或等于5点时，暴击率提升30%	10001		1			0				2	1	9582			301	1	1	8100460	0	0	1					1
8100460	噩梦回响，暴击率提升30%	416030155					0	9322	1	1	2	1								0	0	1		100501	100501		1
8100461	噩梦回响，若释放【奥义技能】时携带【暴击伤害】提升效果，则奥义技能造成【蓄势伤害】提升60%	10001		1			0				2	1	9671			301	1	1	8100462	0	0	1					1
8100462	噩梦回响，【蓄势伤害】提升60%	313181104;313271102					0	1002	1	1	2	1								0	0	1		103001	103001		1
92002041	夜间巡逻-回合开始时获得2层92002042和92002043	10001					0				2	1	1102	1		301	1;1	2	92002042;92002043	0	0	1					1
92002042	夜间巡逻-使用【蓄势伤害】技能后，一名随机友方获得1点奥义能量，每回合至多2次	10001					0				2	1	9667	2		301	2	2	210010101	0	0	1					1
92002043	夜间巡逻-使用【蓄势伤害】技能后，清除全体一层92002042，每回合至多2次	10001					0				2	1	9667	2		201	2	2	292002041	0	0	1					1
92002051	夜间巡逻-使用【蓄势伤害】时默认拥有5点sp，获得自身时如果是132008则变为92002052	92001730	0	0			0	9621	1	3	2	1	9621			301	1	2	92002052	0	0	1					1
92002052	夜间巡逻-使用【蓄势伤害】时默认拥有7点sp	92002052	0	0			0				2	1								0	0	1					1
92002061	夜间巡逻-获得自身时获得92002062和92002063	10001	0	0			0	9299	1	3	2	1	9299	1		301	1;1	2	92002062;92002063	0	0	1					1
92002062	夜间巡逻-使用奥义技能后立刻补充1点sp	10001	0	0			0				2	1	9668	1		301	2	2	210010101	0	0	1					1
92002063	夜间巡逻-使用蓄势奥义技能后立刻补充1点sp	10001	0	0			0				2	1	9669	1		301	2	2	210010101	0	0	1					1
8100463	噩梦回响，我方单位降低敌人奥义能量时，为其施加1层受到伤害提升10%	10001		1			0				2	1	9338			301	1	1	8100464	0	0	1					1
8100464	噩梦回响，受到伤害提升10%	411502180					0				2	3								0	0	1		341004	320036		1
8100465	噩梦回响，处于【锁能】状态的敌人受到伤害额外提升20%	10001		1			0				2	1	9586			301	1	1	8100466	0	0	1					1
8100466	噩梦回响，受到伤害额外提升20%	411502164					0	1002	1	1	2	1								0	0	1		341004	320036		1
8100467	噩梦回响，我方单位降低敌人奥义能量时，为其施加1层受到伤害提升15%	10001		1			0				2	1	9338			301	1	1	8100468	0	0	1					1
8100468	噩梦回响，受到伤害提升15%	411502168					0				2	3								0	0	1		341004	320036		1
8100469	噩梦回响，处于【锁能】状态的敌人受到伤害额外提升40%	10001		1			0				2	1	9586			301	1	1	8100470	0	0	1					1
8100470	噩梦回响，受到伤害额外提升40%	311502101					0	1002	1	1	2	1								0	0	1		341004	320036		1
8100471	噩梦回响，敌人受到【弱点伤害】提升20%	313281101					0				2	1								0	0	1		341004	320098		1
8100472	噩梦回响，若处于【攻击力降低】或【暴击率降低】状态则受到【弱点伤害】额外再提升30%	10001		1			0				2	1	9466			301	1	1	8100474	0	0	1					1
8100473	噩梦回响，若处于【攻击力降低】或【暴击率降低】状态则受到【弱点伤害】额外再提升30%	10001		1			0				2	1	9466			301	1	1	8100474	0	0	1					1
8100474	噩梦回响，受到【弱点伤害】额外再提升30%	313281102					0	9672	1	1	2	1								0	0	1		341004	320098		1
8100475	噩梦回响，敌人受到【弱点伤害】提升20%	313281102					0				2	1								0	0	1		341004	320098		1
8100476	噩梦回响，若处于【攻击力降低】或【暴击率降低】状态则受到【弱点伤害】额外再提升30%	10001		1			0				2	1	9466			301	1	1	8100478	0	0	1					1
8100477	噩梦回响，若处于【攻击力降低】或【暴击率降低】状态则受到【弱点伤害】额外再提升30%	10001		1			0				2	1	9466			301	1	1	8100478	0	0	1					1
8100478	噩梦回响，受到【弱点伤害】额外再提升30%	313281103					0	9672	1	1	2	1								0	0	1		341004	320098		1
116400801	爱洛雯-技能1-攻击力降低	416400801				3	2				2	3								1	1	0		200101	200101		1
116400802	爱洛雯-技能2-受到弱点伤害提升	416400802				3	2				2	3	9673	2		301	1	2	116400803	1	1	0		116400802	116400802		1
116400803	爱洛雯-技能2-受到弱点伤害额外提升	416400803				3	0	9674	1	2	2	1								0	0	1					1
116400804	爱洛雯-召唤物-暴击，穿透率不变	416400804;416400805				3	0				2	1								0	0	1					1
116400805	爱洛雯-大招-获得自身时，使用技能2	10001				3	0				2	1	9299	2		351	4	2	524053001	0	0	1					1
116400806	爱洛雯-初始被动天赋表-生命相关能力提升，开大后对召唤物116400807	416400806;416400807;416400808;416400809;416400810					0				2	1	9643	3		348	1	2	116400807	0	0	1	1	61164008		2	1
116400807	爱洛雯-被动-攻击力提升	416400811					0				2	1								0	0	1	1			2	1
116400808	爱洛雯-被动-场上存在召唤物时，使用非sp技能对目标施加1层116400809	10001				3	0				2	1	9675	2		101	1	2	116400809	0	0	1					1
116400809	爱洛雯-被动-标记buff	10001				3	2				2	3								1	1	1		116400809	116400809		1
116400810	爱洛雯-召唤物-爱洛雯受攻击前获得116400811	10001				3	0				2	1	9676	2		349	1	2	116400811	0	0	1					1
116400811	爱洛雯-召唤物-锁血1次技能	416400812				3	0	9677	1	2	2	1								0	0	1					1
116400812	爱洛雯-被动-自身死亡前，杀死召唤物	10001				3	0				2	1	1007	3		348	2	2	216400803	0	0	1					1
116400813	爱洛雯-召唤物-回合结束前，如果敌方有标记buff，使用技能1	10001				3	0				2	1	9678	3		350	4	2	514053001	0	0	1					1
116400814	爱洛雯-召唤物-使用技能1后，如果敌方有标记buff，使用技能1	10001				3	0				2	1	9679	3		350	4	2	514053001	0	0	1					1
116400815	爱洛雯-1星-场上不存在召唤物时，回合开始时+1sp	10001					0				2	1	9680	3		301	2	2	210010101	0	0	1					1
116400816	爱洛雯-1星-场上存在召唤物时，对debuff总层数大于x层的目标使用非sp技能，sp+1	10001					0				2	1	9681	3		301	2	2	210010101	0	0	1					1
116400817	爱洛雯-4星-使用非sp技能对目标施加1层116400809（116400808替换）	10001					0				2	1	9260	2		101	1	2	116400809	0	0	1					1
116400818	爱洛雯-6星-召唤物技能标记	10001					0				2	1								0	0	1					1
115500801	克莱尔-技能1-攻击力提升，弱点伤害层数提升	415500801;415500802				3	1				2	3								1	1	0		115500801	115500801		1
115500802	克莱尔-技能2-暴击率降低	415500803				3	2				2	3								1	1	0		200501	200501		1
115500803	克莱尔-大招-增益效果清除时，获得115500804	10001				3	0	9677	1	2	2	1	9683	2		301	1	2	115500804	0	0	1					1
115500804	克莱尔-大招-受到伤害提升	415500804				3	2				2	1								1	1	0		201101	115500804		1
115500805	克莱尔-初始被动天赋表-战斗开始时，给友方115500807	10001					0				2	1	7322	3		202	1	2	115500807	0	0	1	1	61155008		2	1
115500806	克莱尔-初始被动天赋表-其他人使用技能后，给友方115500807	10001					0				2	1	9677	2		202	1	2	115500807	0	0	1	1			2	1
115500807	克莱尔-被动-攻击力提升	415500805	1				0				2	1								0	0	1	1			2	1
115500808	克莱尔-被动-敌方死亡时，转移debuff	10001				3	0				2	1	9684	2		101	2	2	215500806	0	0	1					1
115500809	克莱尔-1星-使用技能时，敌方debuff总层数大于10，sp+1	10001					0				2	1	9685	3		301	2	2	210010101	0	0	1					1
115500810	克莱尔-4星-敌方死亡时，转移debuff（覆盖115500808）	10001				3	0				2	1	9684	2		101	2	2	215500807	0	0	1					1
115500811	克莱尔-4星技能1-攻击力提升，弱点伤害层数提升	415500806;415500802				3	1				2	3								1	1	0		115500801	115500801		1
115500812	克莱尔-6星-大招标记	10001					0				2	1								0	0	1					1
115500813	克莱尔-6星大招-受到伤害提升	415500807				3	2				2	1								1	1	0		201101	201101		1
110300501	甜食守卫-技能1-穿透率降低	410300501				3	2				2	3								1	1	0		200901	200901		1
110300502	甜食守卫-技能2-失明	410300502				3	2				2	1								1	1	0		210305	210305		1
110300503	甜食守卫-大招-眩晕	410300503				3	2				2	1								1	1	0		210301	210301		1
110300504	甜食守卫-初始被动天赋表-友方死亡时，获得110300505	10001					0				2	1	9686	3		301	1;2;1	2	110300505;210010102;110300506	0	0	1	1	61103005		2	1
110300505	甜食守卫-初始被动天赋表-攻击相关能力提升	410300504;410300505;410300506;410300507					0				2	3								0	0	1	1	110101	110101	2	1
110300506	甜食守卫-初始被动天赋表-获得自身时，使用3星技能1	10001					0				2	1	9299	2		101	2	2	210300504	0	0	1					1
110300507	甜食守卫-1星-使用技能时，敌方debuff总层数大于10，sp+1	10001				3	0				2	1	9685	3		301	2	2	210010101	0	0	1					1
110300508	甜食守卫-3星-对处于行动限制下的敌方使用技能时，获得110300509	10001				3	0				2	1	7093	2		301	1	2	110300509	0	0	1					1
110300509	甜食守卫-3星-造成伤害提升	410300508				3	0	1002	1	2	2	1								0	0	1					1
110300510	甜食守卫-5星-受到伤害降低，只剩自己后消失	410300509				3	0	9687	1	2	2	1								0	0	1					1
316400801	爱洛雯-专武被动1-释放71164008前，对自己挂1回合316400802	10001					0				2	1	9558	2	3	301	1	1	316400802	0	0	1				2	1
316400802	爱洛雯-专武效果-造成伤害+8%	316400801					0	1002	1	1	2	1								0	0	1				2	1
316400803	爱洛雯-专武被动2-战斗开始时获得316400804	10001					0				2	1	7322	3	3	301	1	1	316400804	0	0	1				2	1
316400804	爱洛雯-专武效果-攻击力+5%	316400802					0				2	1								0	0	1				2	1
316400805	爱洛雯-专武被动1-释放71164008前，对自己挂1回合316400806	10001					0				2	1	9558	2	3	301	1	1	316400806	0	0	1				2	1
316400806	爱洛雯-专武效果-造成伤害+16%	316400803					0	1002	1	1	2	1								0	0	1				2	1
316400807	爱洛雯-专武被动2-战斗开始时获得316400808	10001					0				2	1	7322	3	3	301	1	1	316400808	0	0	1				2	1
316400808	爱洛雯-专武效果-攻击力+10%	316400804					0				2	1								0	0	1				2	1
315500801	克莱尔-专武被动1-释放71155008前，对自己挂1回合315500802	10001					0				2	1	9558	2	3	301	1	1	315500802	0	0	1				2	1
315500802	克莱尔-专武效果-造成伤害+8%	315500801					0	1002	1	1	2	1								0	0	1				2	1
315500803	克莱尔-专武被动2-战斗开始时我方全体获得315500804	10001					0				2	1	7322	3	3	202	1	1	315500804	0	0	1				2	1
315500804	克莱尔-专武效果-攻击力+5%	315500802					0				2	1								0	0	1				2	1
315500805	克莱尔-专武被动1-释放71155008前，对自己挂1回合315500806	10001					0				2	1	9558	2	3	301	1	1	315500806	0	0	1				2	1
315500806	克莱尔-专武效果-造成伤害+16%	315500803					0	1002	1	1	2	1								0	0	1				2	1
315500807	克莱尔-专武被动2-战斗开始时我方全体获得315500808	10001					0				2	1	7322	3	3	202	1	1	315500808	0	0	1				2	1
315500808	克莱尔-专武效果-攻击力+10%	315500804					0				2	1								0	0	1				2	1
310300501	甜食守卫-专武被动1-释放73103005前，对自己挂1回合310300502	10001					0				2	1	9558	2	3	301	1	1	310300502	0	0	1				2	1
310300502	甜食守卫-专武效果-造成伤害+8%	310300501					0	1002	1	1	2	1								0	0	1				2	1
310300503	甜食守卫-专武被动2-友方死亡时获得310300504	10001					0				2	1	9686	3	3	301	1	1	310300504	0	0	1				2	1
310300504	甜食守卫-专武效果-攻击力+5%	310300502					0				2	1								0	0	1				2	1
310300505	甜食守卫-专武被动1-释放73103005前，对自己挂1回合310300506	10001					0				2	1	9558	2	3	301	1	1	310300506	0	0	1				2	1
310300506	甜食守卫-专武效果-造成伤害+16%	310300503					0	1002	1	1	2	1								0	0	1				2	1
310300507	甜食守卫-专武被动2-友方死亡时获得310300508	10001					0				2	1	9686	3	3	301	1	1	310300508	0	0	1				2	1
310300508	甜食守卫-专武效果-攻击力+10%	310300504					0				2	1								0	0	1				2	1
114500801	希尔达-技能1-自身标记	10001				3	0				2	3	7293	2		102	2	2	214500806	0	0	1		114500801	114500801		1
114500802	希尔达-技能1-敌方标记	10001			1	3	2				2	1	7293	2		102	2	2	214500807	1	1	1		114500802	114500802		1
114500803	希尔达-被动-攻击buff1增加触发器	10001				3	0				2	1	9688	2		301	2	2	214500804	0	0	1					1
114500804	希尔达-被动-受击buff1减少触发器	10001				3	0				2	1	9689	2		301	2	2	214500805	0	0	1					1
114500805	希尔达-大招-获得自身后，给其他友方偷buff	10001				3	0				2	1	9299	2		251	2	2	214500808	0	0	1					1
114500806	希尔达-初始被动天赋表-战斗开始时给全体队友114500807，114500808	10001					0				2	1	7322	3		202	1;1	2	114500807;114500808	0	0	1	1	61145008		2	1
114500807	希尔达-初始被动天赋表-施加者114500801大于4层时，暴击率提升	414500801	1				0				2	1								0	0	1	1			2	1
114500808	希尔达-初始被动天赋表-施加者114500801大于6层时，造成伤害提升	414500802	1				0				2	1								0	0	1	1			2	1
114500809	希尔达-初始被动天赋表-每层114500801提升暴击伤害	414500804	1				0				2	1								0	0	1	1			2	1
114500810	希尔达-初始被动天赋表-受到攻击时，如果自身114500801大于8层，目标114500802大于1层时，获得114500811	10001	1				0				2	1	9691	2		301	1	2	114500811	0	0	1	1			2	1
114500811	希尔达-初始被动天赋表-114500801大于8层时，锁血	414500805	1			3	0	9674	1	2	2	1								0	0	1	1			2	1
114500812	希尔达-余震	414500803				3	2				2	2								1	1	0		210204	210204		1
114500813	希尔达-1星-使用技能时，敌方debuff总层数大于10，sp+1	10001					0				2	1	9685	3		301	2	2	210010101	0	0	1					1
114500814	希尔达-4星-每回合开始时，对敌方全体施加114500815	10001					0				2	1	1102	3		102	1	2	114500815	0	0	1					1
114500815	希尔达-4星-获得114500802时，获得114500816	10001					0				2	1	7002	2		301	1	2	114500816	0	0	1					1
114500816	希尔达-4星-受到克制伤害提升	414500806;414500807;414500808;414500809;414500810;414500811;414500812;414500813;414500814;414500815					0	7005	2	2	2	1								0	0	1					1
114500817	希尔达-6星-大招标记	10001					0				2	1								0	0	1					1
8100479	噩梦回响-触发器-未携带增益效果的敌方战斗员受到伤害提升30%	10001					0				2	1	9523			301	1	1	8100480	0	0	1					1
8100480	噩梦回响：受到伤害提升30%	411501172		0			2	9470	1	2	2	1								0	0	1		201101	320036		1
8100481	噩梦回响：我方单位携带的任一增益效果达到3层及以上时，该单位造成群攻伤害提升40%	10001		1			0				2	1	9515			301	1	1	8100482	0	0	1					1
8100482	噩梦回响：造成伤害提升40%	311501102					1	1002	1	3	2	1								0	0	1		101201	320041		1
314500801	希尔达-专武被动1-释放72145008前，对自己挂1回合314500802	10001					0				2	1	9558	2	3	301	1	1	314500802	0	0	1				2	1
314500802	希尔达-专武效果-造成伤害+8%	314500801					0	1002	1	1	2	1								0	0	1				2	1
314500803	希尔达-专武被动2-战斗开始时获得314500804	10001					0				2	1	7322	3	3	301	1	1	314500804	0	0	1				2	1
314500804	希尔达-专武效果-攻击力+5%	314500802					0				2	1								0	0	1				2	1
314500805	希尔达-专武被动1-释放72145008前，对自己挂1回合314500806	10001					0				2	1	9558	2	3	301	1	1	314500806	0	0	1				2	1
314500806	希尔达-专武效果-造成伤害+16%	314500803					0	1002	1	1	2	1								0	0	1				2	1
314500807	希尔达-专武被动2-战斗开始时获得314500808	10001					0				2	1	7322	3	3	301	1	1	314500808	0	0	1				2	1
314500808	希尔达-专武效果-攻击力+10%	314500804					0				2	1								0	0	1				2	1
8100483	噩梦回响，携带【余震】效果的敌人受到【弱点伤害】提升20%	10001		1			0				2	1	9692			301	1	1	8100484	0	0	1					1
8100484	噩梦回响，受到【弱点伤害】提升20%	313281101					0	9693	1	1	2	1								0	0	1		341004	320098		1
8100485	噩梦回响，敌人每次被施加【穿透率】降低效果时，会被额外施加1层【防御力】降低10%，上限5层	10001		1			0				2	1	1201			301	1	1	8100486	0	0	1					1
8100486	噩梦回响，【防御力】降低10%	412010152					0				2	3								0	0	1		200201	320060		1
8100487	噩梦回响，携带【余震】效果的敌人受到【弱点伤害】提升40%	10001		1			0				2	1	9692			301	1	1	8100488	0	0	1					1
8100488	噩梦回响，受到【弱点伤害】提升40%	313281104					0	9693	1	1	2	1								0	0	1		341004	320098		1
8100489	噩梦回响，敌人每次被施加【穿透率】降低效果时，会被额外施加1层【防御力】降低15%，上限5层	10001		1			0				2	1	1201			301	1	1	8100490	0	0	1					1
8100490	噩梦回响，【防御力】降低15%	412010168					0				2	3								0	0	1		200201	320060		1
104049101	主线第四单元-飓风渔民--若技能1暴击则自身获得1层【飓风】\n<color="#FF7F50">「飓风」</color>：暴击伤害提升15%	10001					0	1002	1	3	2	1	4003	2		301	1	1	104049102	0	0	1					1
104049102	主线第四单元-飓风渔民-效果-飓风：暴击伤害提升15%	417030151					1	7001	10	3	2	3								1	1	0		100601	100901		1
104049301	主线第四单元-飓风渔民-效果-暴击率提升50%	416030153					1				2	1								1	1	0		100501	100501		1
104049302	主线第四单元-飓风渔民-效果-暴击率提升20%	411603012					1				2	1								1	1	0		100501	100501		1
8100491	噩梦回响，受到【巨人伤害】提升20%	313301101					2				2	1								0	0	1		202901	320100		1
8100492	噩梦回响-触发器-2星技能伤害提升10%	10001					0				2	1	9318			301	1	1	8100493	0	0	1					1
8100493	噩梦回响，怪物通用，2星技能伤害提升10%	411501152					2	1002	1	1	2	1								0	0	1		101201	320041		1
8100494	噩梦回响-触发器-3星技能伤害提升20%	10001					0				2	1	9318			301	1	1	8100495	0	0	1					1
8100495	噩梦回响，怪物通用，3星技能伤害提升20%	411501158					2	1002	1	1	2	1								0	0	1		101201	320041		1
8100496	噩梦回响，受到【巨人伤害】提升30%	313301102					2				2	1								0	0	1		202901	320100		1
8100497	噩梦回响-触发器-2星技能伤害提升20%	10001					0				2	1	9318			301	1	1	8100498	0	0	1					1
8100498	噩梦回响，怪物通用，2星技能伤害提升20%	411501158					2	1002	1	1	2	1								0	0	1		101201	320041		1
8100499	噩梦回响-触发器-3星技能伤害提升30%	10001					0				2	1	9318			301	1	1	8100500	0	0	1					1
8100500	噩梦回响，怪物通用，3星技能伤害提升30%	411501160					2	1002	1	1	2	1								0	0	1		101201	320041		1
8100501	噩梦回响，受到【秘技伤害】和【巨人伤害】提升20%	313301101;313321101					2				2	1								0	0	1		202901	320102		1
8100502	噩梦回响，处于【沉默】状态,受到【秘技伤害】和【巨人伤害】额外提升20%	10001		1			0				2	1	9466			301	1	1	8100503	0	0	1					1
8100503	噩梦回响，受到【秘技伤害】和【巨人伤害】提升20%	313301101;313321101					2	9443	1	1	2	1								0	0	1		202901	320102		1
8100504	噩梦回响，受到【秘技伤害】和【巨人伤害】提升30%	313301102;313321102					2				2	1								0	0	1		202901	320102		1
8100505	噩梦回响，处于【沉默】状态,受到【秘技伤害】和【巨人伤害】额外提升30%	10001		1			0				2	1	9466			301	1	1	8100503	0	0	1					1
8100506	噩梦回响，受到【秘技伤害】和【巨人伤害】提升30%	313301102;313321102					2	9443	1	1	2	1								0	0	1		202901	320102		1
116500801	碧翠丝-技能2-攻击力提升	416500801				3	0				2	3								0	0	1					1
116500802	碧翠丝-技能2-暴击率提升	416500802				3	0				2	3								0	0	1					1
116500803	碧翠丝-技能2-暴击伤害提升	416500803				3	0				2	3								0	0	1					1
116500804	碧翠丝-初始被动天赋表-被指定为治疗或增益技能目标时	10001					0				2	1	9694	1		301	1	2	116500805	0	0	1	1	61165008		2	1
116500805	碧翠丝-初始被动天赋表-造成伤害提升	416500804	1				0				2	1								0	0	1	1	116500805	116500805	2	1
116500806	碧翠丝-被动-技能2标记	10001					0				2	1	9299	3		101	4	1	71165008	0	0	1					1
116500807	碧翠丝-1星-战斗开始时，1张技能2升2	10001					0				2	1	1102	3	3	301	2	2	216500805	0	0	1					1
116500808	碧翠丝-4星-回合结束前，弃牌	10001					0				2	1	9695	3		301	2	3	216500806	0	0	1					1
116500809	碧翠丝-4星-获得自身时，触发3星技能1	10001					0				2	1	9299	3		101	2	2	216500807	0	0	1					1
116500810	碧翠丝-4星-获得自身时，触发3星技能2	10001					0				2	1	9299	3		101	2	2	216500808	0	0	1					1
116500811	碧翠丝-6星-大招标记	10001					0				2	1								0	0	1					1
116500812	碧翠丝-被动-获得自身时获得116500813	10001				3	0				2	1	9299	3		101	1	1	116500813	0	0	1					1
116500813	碧翠丝-被动-造成伤害降低	416500805				3	0	1002	1	2	2	3								0	0	1					1
116500814	碧翠丝-技能2-计数器	10001					0				2	3								0	0	1					1
113500201	夏小曼-技能1被动-使用2星技能牌前获得113500203	10001					0				2	1	9696	2		301	1	2	113500203	0	0	1					1
113500202	夏小曼-技能1被动-使用3星技能牌前获得113500204	10001					0				2	1	9696	2		301	1	2	113500204	0	0	1					1
113500203	夏小曼-技能1被动-2星标记	10001					0	1002	1	2	2	1								0	0	1					1
113500204	夏小曼-技能1被动-3星标记	10001					0	1002	1	2	2	1								0	0	1					1
113500205	夏小曼-技能1-造成伤害提升	413500201;413500202	1				1				2	1								0	0	1		113500205	113500205		1
113500206	夏小曼-技能2-攻击力提升+被动触发器	413500203					1				2	1	1102	3		301	1	2	113500211	0	0	1		113500206	113500206		1
113500207	夏小曼-技能2-治疗标记	10001					0	9487	1	2	2	1								0	0	1					1
113500208	夏小曼-大招-暴击伤害提升	413500204				3	1				2	1								0	0	1		113500208	113500208		1
113500209	夏小曼-初始被动天赋表-战斗开始时按自身幸运提供给友方	10001					0				2	1	7322	3		355	1	2	113500210	0	0	1	1	61135002		2	1
113500210	夏小曼-初始被动天赋表-幸运提升	413500205					0				2	1								0	0	1	1			2	1
113500211	夏小曼-被动-锁血，提前结束时给小曼113500212	413500206					0	1108	1	2	2	1	9697	2		202	1;2	2	113500212;213500206	0	0	1					1
113500212	夏小曼-被动-标记	10001					0				2	1								0	0	1					1
113500213	夏小曼-被动-获得113500212时，弃牌	10001					0				2	1	7002	3		301	2	2	213500205	0	0	1					1
113500214	夏小曼-1星-战斗开始时，sp+2	10001					0				2	1	7322	2		301	2	1	210010102	0	0	1				2	1
113500215	夏小曼-4星-技能2标记	10001					0				2	1								0	0	1					1
113500216	夏小曼-4星-回合首次技能结束后，如果有buff2按自身攻击力治疗	10001				3	0				2	1	7318	3		301	2	2	213500207	0	0	1					1
113500217	夏小曼-6星-大招标记	10001					0				2	1								0	0	1					1
113500218	夏小曼-6星大招-暴击伤害提升	413500207				3	1				2	1								0	0	1		113500208	113500208		1
113500219	夏小曼-4星技能2-攻击力提升+被动触发器	413500208					1				2	1	1102	3		301	1	2	113500220	0	0	1		113500206	113500206		1
113500220	夏小曼-被动-锁血，提前结束时给小曼113500212	413500206					0	1108	1	2	2	1	9697	2		202	1;2	2	113500212;213500206	0	0	1					1
1316500801	碧翠丝boss-回合计数buff	10001					0				2	3								0	0	1					1
1316500802	碧翠丝boss-技能2-buff1	4316500801					1	9702	1	3	2	3								0	0	1		1316500802	1316500802		1
1316500803	碧翠丝boss-技能2-buff2-触发加1sp	4316500802					1	9702	1	3	2	3	9699	2	3	101	2	2	210010101	0	0	1		1316500803	1316500803		1
1316500804	碧翠丝boss-技能2-buff3-触发施加自身	4316500803					1	9702	1	3	2	3	9699	2	3	101	4	2	54165008	0	0	1		1316500804	1316500804		1
1316500805	碧翠丝boss-大招-按buff4降低伤害	4316500804					0				2	1								0	0	1					1
1316500806	碧翠丝boss-被动-buff4-最终伤害提升	4316500805					1				2	3								0	0	1		1316500807	1316500807		1
1316500807	碧翠丝boss-被动-自身buff4计数	10001					0				2	3								0	0	1					1
1316500808	碧翠丝boss-被动-受到3星技能攻击给攻击者buff4	10001					0				2	1	9699	2	3	101	4	2	55165008	0	0	1					1
1316500809	碧翠丝boss-被动-受到2星以上技能攻击伤害提升	10001					0				2	1	9700	2	3	301	1	2	1316500810	0	0	1		1316500809	1316500809		1
1316500810	碧翠丝boss-被动-受到最终伤害提升	4316500806					0	9083	1	3	2	1								0	0	1					1
1316500811	碧翠丝boss-被动-受到1星技能反击	10001					0				2	1	9699	2	3	101	4	2	51165008	0	0	1					1
108012101	主线-傀化列车-秽土	10001		1			2				2	1	9701			301	2	1	311410604	1	1	0		210206	320103		1
108012102	主线-傀化列车-奥义能量充满时造成伤害提升50%	10001		1			0				2	1	9582			301	1	1	108012103	0	0	1					1
108012103	主线-傀化列车-造成伤害提升30%	411501160					1	9322	1	3	2	1								0	0	1		101201	101201		1
108012104	主线-傀化列车-渐愈：每回合恢复15%最大生命值	10001					1				2	1	1103			301	2		202010252	1	1	0		110201	110201		1
108012105	主线-傀化列车-受到伤害降低30%	411502151					1	9211	1	3	2	1								0	0	1		101101	101101		1
316500801	碧翠丝-专武被动1-释放72165008前，对自己挂1回合316500802	10001					0				2	1	9558	2	3	301	1	1	316500802	0	0	1				2	1
316500802	碧翠丝-专武效果-造成伤害+8%	316500801					0	1002	1	1	2	1								0	0	1				2	1
316500803	碧翠丝-专武被动2-战斗开始时获得316500804	10001					0				2	1	7322	3	3	301	1	1	316500804	0	0	1				2	1
316500804	碧翠丝-专武效果-攻击力+5%	316500802					0				2	1								0	0	1				2	1
316500805	碧翠丝-专武被动1-释放72165008前，对自己挂1回合316500806	10001					0				2	1	9558	2	3	301	1	1	316500806	0	0	1				2	1
316500806	碧翠丝-专武效果-造成伤害+16%	316500803					0	1002	1	1	2	1								0	0	1				2	1
316500807	碧翠丝-专武被动2-战斗开始时获得316500808	10001					0				2	1	7322	3	3	301	1	1	316500808	0	0	1				2	1
316500808	碧翠丝-专武效果-攻击力+10%	316500804					0				2	1								0	0	1				2	1
313500201	夏小曼-专武被动1-释放72135002前，对自己挂1回合313500202	10001					0				2	1	9558	2	3	301	1	1	313500202	0	0	1				2	1
313500202	夏小曼-专武效果-造成伤害+8%	313500201					0	1002	1	1	2	1								0	0	1				2	1
313500203	夏小曼-专武被动2-战斗开始时获得313500204	10001					0				2	1	7322	3	3	301	1	1	313500204	0	0	1				2	1
313500204	夏小曼-专武效果-幸运+10%	313500202					0				2	1								0	0	1				2	1
313500205	夏小曼-专武被动1-释放72135002前，对自己挂1回合313500206	10001					0				2	1	9558	2	3	301	1	1	313500206	0	0	1				2	1
313500206	夏小曼-专武效果-造成伤害+16%	313500203					0	1002	1	1	2	1								0	0	1				2	1
313500207	夏小曼-专武被动2-战斗开始时获得313500208	10001					0				2	1	7322	3	3	301	1	1	313500208	0	0	1				2	1
313500208	夏小曼-专武效果-幸运+20%	313500204					0				2	1								0	0	1				2	1
114400201	夏千术-技能1-兔子标记	414400201			1		1				2	1								0	0	1		114400201			1
114400202	夏千术-技能1-帽子标记	414400201					1				2	1								0	0	1		114400202			1
114400203	夏千术-技能1-技能1使用标记	10001				3	0				2	1								0	0	1					1
114400204	夏千术-技能1被动-回合结束前，我方有114400201，获得114400207	10001				3	0				2	1	9704	3		301	1	3	114400207	0	0	1					1
114400205	夏千术-技能1被动-敌方使用单体技能前，如果目标身上有114400202没有114400201，获得114400207	10001				3	0				2	1	9705	3		301	1	2	114400207	0	0	1					1
114400206	夏千术-技能1被动-敌方使用单体技能前，如果目标身上有114400201没有114400202，清除我方全体114400201；114400202；114400207	10001				3	0				2	1	9705	3		202	2;2;2	2	214400205;214400206;214400207	0	0	1					1
114400207	夏千术-技能1-揭露失败标记	10001				3	0				2	3								0	0	1		114400207	114400207		1
114400208	夏千术-技能1被动-获得114400207时，对114400201携带者施加114400213	10001				3	0				2	1	7002	3		357	1	2	114400213	0	0	1					1
114400209	夏千术-技能1被动-获得114400207时，清除我方全体114400201；114400202	10001				3	0				2	1	7002	3		202	2;2	2	214400205;214400206	0	0	1					1
114400210	夏千术-技能1被动-获得114400207时，触发技能2	10001				3	0				2	1	7002	3		102	4	2	72144002	0	0	1					1
114400211	夏千术-初始被动天赋表-使用技能1时，对全体友方施加114400212	10001					0				2	1	9558	3		202	1	2	114400212	0	0	1	1	61144002		2	1
114400212	夏千术-初始被动天赋表-有114400213时，攻击相关能力提升	414400202;414400203;414400204;414400205	1				0				2	1								0	0	1	1			2	1
114400213	夏千术-初始被动天赋表-技能1标记	10001					0				2	1								0	0	1		110101	114400213		1
114400214	夏千术-技能2-沉默	414400206					2				2	1								1	1	0		210303	210303		1
114400215	夏千术-1星-获得114400207时，sp+1	10001				3	0				2	1	7002	3		301	2	2	210010101	0	0	1					1
114400216	夏千术-4星技能1被动-获得114400207时，对我方全体施加114400213	10001				3	0				2	1	7002	3		202	1	2	114400213	0	0	1					1
114400217	夏千术-6星-大招标记	10001					0				2	1								0	0	1					1
314400201	夏千术-专武被动1-释放72144002前，对自己挂1回合314400202	10001					0				2	1	9558	2	3	301	1	1	314400202	0	0	1				2	1
314400202	夏千术-专武效果-造成伤害+8%	314400201					0	1002	1	1	2	1								0	0	1				2	1
314400203	夏千术-专武被动2-获得114400207时，获得314400204	10001					0				2	1	7322	3	3	301	1	1	314400204	0	0	1				2	1
314400204	夏千术-专武效果-爆伤+10%	314400202					0				2	1								0	0	1				2	1
314400205	夏千术-专武被动1-释放72144002前，对自己挂1回合314400206	10001					0				2	1	9558	2	3	301	1	1	314400206	0	0	1				2	1
314400206	夏千术-专武效果-造成伤害+16%	314400203					0	1002	1	1	2	1								0	0	1				2	1
314400207	夏千术-专武被动2-获得114400207时，获得314400208	10001					0				2	1	7322	3	3	301	1	1	314400208	0	0	1				2	1
314400208	夏千术-专武效果-爆伤+20%	314400204					0				2	1								0	0	1				2	1
116600801	娜卡-1技能-光标（中立专属不可清除），可叠8层，不可升星	10001				3	0				2	3								0	0	1		16600801	116600801		1
116600802	娜卡-2技能-最终伤害提升，3层，3回合	416600801		1			1				2	3								1	1	0		101201	101201		1
116600803	娜卡-初始被动天赋表-获得116600801时，给自己挂116600804，1个技能1次	10001					0				2	1	7002	2	3	301	1	1	116600804	0	0	1	1	61166008			1
116600804	娜卡-被动效果-暴击伤害提升，可叠加10层	416600802					0				2	3								0	0	1	1				1
116600805	娜卡-1星天赋表-释放技能2后，获得1层BUFF1	10001					0				2	1	7001	2	3	301	1	1	116600801	0	0	1	1				1
116600806	娜卡-4星天赋表-战斗开始时，给其他友方挂，116600807	10001					0				2	1	7322	3	3	251	1	2	116600807	0	0	1	1				1
116600807	娜卡-4星效果-使用攻击技能牌时，如果自己战斗员id不是166008，那么给友方166008挂116600801	10001					0				2	1	9706	2	3	358	1	2	116600801	0	0	1	1				1
116600810	娜卡-6星天赋表-释放技能前，给自己挂116600811	10001					0				2	1	1003	2	3	301	1	1	116600811	0	0	1	1				1
116600811	娜卡-6星效果，每有1层116600801，暴击率提升，暴击伤害提升，技能结束后清除	416600803;416600804	1				0	1002	1	1	2	1								0	0	1	1				1
316600812	娜卡-专武效果1-释放42166008技能前，给自己挂116600813	10001					0				2	2	1008	1	3	301	1	1	316600813	0	0	1	1				1
316600813	娜卡-专武效果1-最终伤害提升8%，释放技能后消失	316600813					0	1002	1	1	2	3	0	0	0	0	0	0	0	0	0	1	1				1
316600814	娜卡-专武效果2-自身攻击力提升5%	316600814					0	0	0	0	2	3	0	0	0	0	0	0	0	0	0	1	1				1
316600815	娜卡-专武效果1-释放42166008技能前，给自己挂116600816	10001					0				2	2	1008	1	3	301	1	1	316600816	0	0	1	1				1
316600816	娜卡-专武效果1-最终伤害提升16%，释放技能后消失	316600815					0	1002	1	1	2	3	0	0	0	0	0	0	0	0	0	1	1				1
316600817	娜卡-专武效果2-自身攻击力提升10%	316600816					0	0	0	0	2	3	0	0	0	0	0	0	0	0	0	1	1				1
1133992	猫娘3期世界BOSSBUFF，受到破碎伤害提升	1133992					2				2	3								0	0	1	1	310011	1133992		1
1133993	猫娘3期世界BOSSBUFF，暴击率40%，暴击伤害50%，暴击抵抗25%。	1133993;1133994;1133996					1				2	3								0	0	1	1	310011	1133993		1
1133994	猫娘3期世界BOSSBUFF，自身受到暴击伤害时，降低自身暴击率。	10001					0				2	3	9051	2	1	301	1	1	1133995	0	0	1	1	310011	1133994		1
1133995	猫娘3期世界BOSSBUFF，暴击率下降10%，持续1回合。	1133995					2				2	3								0	0	1	1	200501	200501		1
110301001	电音风暴-技能1-伤害传递主效果	410301001					2	9707	1	2	2	1								1	1	0		10301001	10301001		1
110301002	电音风暴-技能1-群体伤害提升30%	10001					2				2	1	9284	2		301	1	2	110301003	0	0	1		210321	110301002		1
110301003	电音风暴-技能1-受到群体伤害提高30%-子buff	410301002					0	9285	1	2	2	1								1	1	1					1
110301004	电音风暴-初始被动天赋表-战斗开始时，给所有星流友方挂110301005	10001					0				2	1	7322	3	3	247	1	2	110301005	0	0	1	1	61103010		2	1
110301005	电音风暴-初始被动-暴击伤害提升x%	410301003					0				2	1								0	0	1	1			2	1
110301006	电音风暴-1星天赋表-入场后恢复SP1	10001					0				2	1	7322	2		301	2	1	210010101	0	0	1	1			2	1
110301007	电音风暴-4星天赋表-入场添加全体友方被动BUFF	10001					0				2	1	7322	2		202	1	1	110301009	0	0	1	1				1
110301008	电音风暴-4星效果-暴击率提升10%，暴击伤害提升20%，技能结束后结束	410301007;410301008					0	1002	1	2	2	1								0	0	1	1			2	1
110301009	电音风暴-4星天赋表-全体友方释放群体攻击时，暴击率提升X，暴击伤害Y（包含自身）	10001					0				2	1	7437	2		301	1	1	110301008	0	0	1	1				1
110301010	电音风暴-6星天赋表-释放SP技能后，恢复SP2点，1回合内造成最终伤害提升1回合	10001					0				2	1	9244	3	3	301	2;1	2	210010102;110301011	0	0	1	1			2	1
110301011	电音风暴-6星天赋表-最终伤害提升25%,1回合	410301011					0				2	1								0	0	1	1			2	1
310301001	电音风暴-专武被动1-释放42103010前，给自己挂310301002	10001					0				2	1	1008	2	3	301	1	2	310301002	0	0	1				2	1
310301002	电音风暴-专武效果-造成最终伤害提升+8%	310301001					0	1002	1	2	2	1								0	0	1				2	1
310301004	电音风暴-专武效果-暴击率+5%	310301002					0				2	3								0	0	1				2	1
310301005	电音风暴-专武被动1-释放42103010前，给自己挂310301006	10001					0				2	1	1008	2	3	301	1	2	310301006	0	0	1				2	1
310301006	电音风暴-专武效果-造成最终伤害提升+16%	310301003					0	1002	1	2	2	1								0	0	1				2	1
310301008	电音风暴-专武效果-暴击率+10%	310301004					0				2	3								0	0	1				2	1
116700801	小非天-1技能，爪痕-降低目标受到治疗效果100%	416700801					2				2	1								1	0	0	1	61167008	61167008		1
116700802	小非天-2技能，突破极限-增加目标攻击力200%，使用技能后结束。	416700804		1			1				2	1	1003	1		301	1;1;2	1	116700814;116700812;216700805	1	0	0	1	61167018	61167018		1
116700803	小非天-入场添加全体友方暴击伤害提升	10001					0				2	1	7322	2		202	1	1	116700811	0	0	1	1				1
116700804	小非天-4星2技能，突破极限-增加目标攻击力200%，使用技能后结束。	10001		1			1				2	1	1003	1		301	1;1;2	1	116700815;116700813;216700805	0	0	1	1	61167018	61167018		1
116700805	小非天-1星效果，入场恢复全体友方1SP	10001					0				2	1	7322	2		202	2	1	210010101	0	0	1	1				1
116700806	小非天-4星效果，4星技能替换标记	10001					0				2	1	9648	2		301	3	1	46167008	0	0	1	1				1
116700807	小非天-6星效果，6星技能替换标记	10001					0				2	1	9648	2		301	3	1	46167008	0	0	1	1				1
116700810	小非天-6星效果，BUFF2改为群体效果	10001					0				2	1								0	0	1	1				1
116700811	小非天-全体友方暴击伤害提升	416700803					0				2	1								0	0	1	1				1
116700812	小非天-2技能，突破极限-增加目标攻击力200%，使用技能后结束。	416700802		1			1				2	1								1	0	1	1	61167018	61167018		1
116700813	小非天-2技能，突破极限-增加目标攻击力200%，使用技能后结束。2回合2层	416700802		1			1				2	2								1	0	1	1	61167018	61167018		1
116700814	小非天-2技能，突破极限-使用技能后结束触发器12。	10001		1		3	0				2	1	1002	2		301	2	3	216700806	0	0	1	1				1
116700815	小非天-2技能，突破极限-使用技能后结束触发器13。	10001		1		3	0				2	1	1002	2		301	2	3	216700807	0	0	1	1				1
316700801	小非天-专武被动1-自身攻击力提升5%	316700801					0				2	3								0	0	1				2	1
316700802	小非天-专武效果2-全体10%治疗效果提升，触发器	10001					0				2	1	7322	1		202	1	1	316700803	0	0	1				2	1
316700803	小非天-专武效果2-全体10%治疗效果提升	316700803					0				2	3								0	0	1				2	1
316700804	小非天-专武被动1-自身攻击力提升10%	316700804					0				2	3								0	0	1				2	1
316700805	小非天-专武效果4-全体20%治疗效果提升，触发器	10001					0				2	1	7322	1		202	1	1	316700803	0	0	1				2	1
316700806	小非天-专武效果2-全体20%治疗效果提升	316700805					0				2	3								0	0	1				2	1
110201701	闪亮捕猎者-全队暴击伤害提升BUFF	410201701					1				2	3								1	1	0	1	100601	100601		1
110201702	闪亮捕猎者-被动，入场添加绿色触发器	10001				3	0				2	1	7322	1		202	1	1	110201703	0	0	1	1				1
110201703	闪亮捕猎者-绿色友方触发器	10001				3	0				2	1	9713	1		359	1	1	110201704	0	0	1	1				1
110201704	闪亮捕猎者-绿色友方大招添加暴击伤害	410201703					1	1002	3		2	3								1	0	0	1	100601	100601		1
110201705	闪亮捕猎者-被动，所有绿色友方暴击率提升	10001					0				2	1	7322	2		202	1	1	110201706	0	0	1	1				1
110201706	闪亮捕猎者-暴击提升8%	410201702					0				2	1								0	0	1	1				1
110201707	闪亮捕猎者-被动，召唤小狼	10001				3	0				2	1	7322	2		301	3		44102017	0	0	1	1				1
110201708	闪亮捕猎者-小狼小技能触发器	10001				3	0				2	1	9711	2		101	4	1	511101001	0	0	1	1				1
110201709	闪亮捕猎者-小狼大招触发器	10001				3	0				2	1	9710	2		101	4	1	571101001	0	0	1	1				1
110201710	闪亮捕猎者-4星效果，入场给全体友方添加触发器	10001				3	1				2	1	7322	2		202	1	1	110201701	0	0	1	1				1
110201711	闪亮捕猎者-4星效果，每有一个绿色友方，增加小狼暴击伤害，入场添加器	10001				3	1				2	1	7322	2		202	1	1	110201712	0	0	1	1				1
110201712	闪亮捕猎者-4星效果，每有一个绿色友方，增加小狼暴击伤害，回合开始触发器	10001				3	1				2	1	9712	2		360	1	1	110201713	0	0	1	1				1
110201713	闪亮捕猎者-4星效果，暴击伤害50%	410201703				3	1				2	3								1	1	0	1	100601	100601		1
110201714	闪亮捕猎者-6星判断标记	10001				3	1				2	1								0	0	0	1				1
310201701	闪亮捕猎者-暴击提升5%	310201701				3					2	1								0	0	1	1				1
310201702	闪亮捕猎者-攻击提升5%	310201702				3					2	1								0	0	1	1				1
310201703	闪亮捕猎者-暴击提升10%	310201703				3					2	1								0	0	1	1				1
310201704	闪亮捕猎者-攻击提升10%	310201704				3					2	1								0	0	1	1				1
110400401	叛逆主张被动-对debuff目标释放技能时，自身暴击伤害提升%	10001					0				2	1	3013	2	0	301	1	2	110400402	0	0	1	1				1
110400402	叛逆主张被动-暴击伤害提升%	410400401					0				2	1								0	0	1	1	100601	100601		1
110400403	叛逆主张1星被动-入场对敌方全体施加20层【血魔法】	10001				3	0				2	1	7322	2	0	301	1	2	110400407	0	0	1	1				1
110400404	叛逆主张4星被动-释放大招前，如果目标【血魔法】超过20层，则对敌方全体目标施加20层【血魔法】效果	10001				3	0				2	1	9714	2	0	102	1	2	102020104	0	0	1	1				1
110400405	叛逆主张6星被动-对debuff目标释放技能时，恢复1点SP点数	10001				3	0				2	1	3013	2	0	301	2	2	210010101	0	0	1	1				1
110400406	叛逆主张被动-每个角色行动时对敌方全体施加1层【血魔法】不分敌我行动	10001				3	0				2	1	9715	2	0	102	1	2	102020104	0	0	1	1				1
110400407	叛逆主张1星被动-首次释放技能对敌方全体施加20层【血魔法】	10001				3	0	1002	1		2	1	1003	1	0	102	1	2	102020104	0	0	1	1				1
310400401	叛逆主张-暴击提升5%	310400401				3					2	1								0	0	1	1				1
310400402	叛逆主张-攻击提升5%	310400402				3					2	1								0	0	1	1				1
310400403	叛逆主张-暴击提升10%	310400403				3					2	1								0	0	1	1				1
310400404	叛逆主张-攻击提升10%	310400404				3					2	1								0	0	1	1				1
117000801	乌萨技能2-【痛苦链接】主要BUFFID	417000801				3		1005	1		2	1								0	0	1	0				1
117000802	乌萨技能2-间接伤害必定暴击BUFF，再回合开始是消除	417000802					2	1002	1		2	1								0	0	1	1				1
117000803	乌萨技能2-【痛苦链接】次要BUFFID	10001				3		1005	1		2	1								1	0	0	0	117000803	117000803		1
117000804	乌萨-【被动】敌方受到间接伤害自身暴击伤害提升	10001									2	1	9716	2	0	361	1	2	117000805	0	0	1	0				1
117000805	乌萨-【被动】暴击伤害提升25%10层最高	417000803									2	3								0	0	1	0	100601	100601		1
117000806	乌萨-【被动】入场后对敌方全体施加	10001									2	1	7322	1	0	102	1	2	117000804	0	0	1	1				1
117000807	乌萨-【1星被动】标记，替换技能	10001				3					2	1								0	0	1	1				1
117000808	乌萨-【3星被动】每回合首次释放技能恢复SP点数+2	10001				3					2	1	1003	1	0	301	2	2	210010102	0	0	1	1				1
117000809	乌萨-【3星被动】受到间接伤害回复乌撒SP。并清除所有友方被动buff	10001				3					2	1	9716	1	0	361	2	2	210010102	1	0	1	1				1
117000810	乌萨-【6星被动】标记，替换技能	10001				3					2	1								0	0	1	1				1
117000811	乌萨技能2-6星效果【痛苦链接】主要BUFFID	417000804				3		10005	1		2	1								0	0	1	0				1
117000812	乌萨技能2-6星效果【痛苦链接】次要BUFFID	10001				3		10005	1		2	1								1	0	0	0	117000803	117000812		1
117000813	乌萨-【3星被动】清除所有友方被动buff	10001				3					2	1	9716	1	0	202	2	1	217000809	0	0	1	1				1
317000801	乌萨-暴击提升5%	317000801				3					2	1								0	0	1	1				1
317000802	乌萨-暴击伤害提升5%	317000802				3					2	1								0	0	1	1				1
317000803	乌萨-暴击提升10%	317000803				3					2	1								0	0	1	1				1
317000804	乌萨-暴击伤害提升10%	317000804				3					2	1								0	0	1	1				1
110201301	暴走炮手大招-【间接伤害】提升	410201301				3					2	1								0	0	1	0	102001	102001		1
110201302	暴走炮手大招-被动入场添加全体友方提升攻击力	10001									2	1	7322	2		202	1	1	110201303	0	0	1	0				1
110201303	暴走炮手大招-被动提升攻击力	410201302									2	1								0	0	1	0				1
110201304	暴走炮手大招-4星效果，每回合首次释放技能恢复SP	10001				3					2	1	1003	1	0	301	2	2	210010101	0	0	1	0				1
110201305	暴走炮手大招-6星效果，标记	10001				3					2	1								0	0	1	0				1
110201306	暴走炮手大招-【间接伤害】提升	410201304				3					2	1								0	0	1	0	102001	102001		1
110201307	暴走炮手大招-2技能防御力提升,受到攻击释放血魔法	410201303									2	1	1004	2		101	1	2	102020104	0	0	1	0	100201	110201307		1
110201308	暴走炮手大招-1星效果入场增加SP	10001				3					2	1	7322	2		301	2	2	210010102	0	0	1	0				1
310201301	暴走炮手-生命值5%	310201301				3					2	1								0	0	1	1				1
310201302	暴走炮手-暴击提升5%	310201302				3					2	1								0	0	1	1				1
310201303	暴走炮手-生命值10%	310201303				3					2	1								0	0	1	1				1
310201304	暴走炮手-暴击提升10%	310201304				3					2	1								0	0	1	1				1
110400221	追风逐电-大招-眩晕	410400201				3	2				2	1								0	0	0		210301	210301		1
110400222	追风逐电-自身每损失1%生命，伤害提升1%	410400202	1				0				2	1								0	0	0					1
110400225	追风逐电-锁血效果大毅力999回合	410400203				3	0				2	1								0	0	0					1
110400226	追风逐电-锁血1点血1回合	410400204				3	1				2	1								1	1	0		110205	110205		1
110400227	追风逐电-自身血量125%的护盾	410400205				3	1				2	1								1	1	0		110202	110202		1
110400228	追风逐电-1星效果，大毅力触发锁血	10001				3	0				2	1	9708	1		301	2;1;1	2	210400206;110400226;110400227	0	0	0					1
110400229	追风逐电-6星效果，自身每损失1%生命，伤害提升3%	410400206	1			3	0				2	1								0	0	0					1
110400201	追风逐电-被动不升级-回合开始时给自己以外友方上10400207	10001					0				2	1	1102	3	3	251	1	2	110400207	0	0	1		61104002		2	1
110400202	追风逐电-初始被动不升级-获得10400210时，若>1层，不>2层，则触发1次75104002，每回合至多1次	10001					0				2	1	9291	3	3	123	4	2	71104002	0	0	1				2	1
110400203	4星追风逐电-初始被动不升级-获得10400210时，若>3层，不>4层，则触发1次75104002，每回合至多1次	10001					0				2	1	9291	3	3	123	4	2	71104002	0	0	1				2	1
110400204	4星追风逐电-6星被动-获得10400210时，若>5层，不>6层，则触发1次76104002，每回合至多1次	10001					0				2	1	9291	3	3	123	4	2	71104002	0	0	1					1
110400207	追风逐电-用来触发追风逐电被动的标记，使用攻击技能牌时，给己方除自己以外的104002追风逐电上10400210	10001					0				2	1	8005	3	3	362	1	2	110400210	0	0	1				2	1
110400208	追风逐电-4星被动-战斗开始时给全体友方上10400207	10001					0				2	1	1102	3	3	202	1	2	110400207	0	0	1		61104002		2	1
110400209	追风逐电-被动配天赋表升级-获得10400210时，给自身挂10400208	10001					0				2	1	7002		3	301	1	2	110400208	0	0	1				2	1
110400210	追风逐电-被动-其他人给追风逐电挂的追击标记buff	10001					0				2	3								0	0	1				2	1
110400211	追风逐电-4星自己效果-使用攻击技能后，给自己挂10400210	10001					0				2	1	8005	3	3	301	1	2	110400210	0	0	1				2	1
110400212	追风逐电-被动不升级-获得10400210时，若>1层，则触发1次75104002，每回合至多2次	10001					0				2	1	7014	3	3	123	4	1	71104002	0	0	1				2	1
110400213	追风逐电-被动不升级-获得10400210时，若>1层，则触发1次75104002，每回合至多3次	10001					0				2	1	7014	3	3	123	4	1	71104002	0	0	1				2	1
110400217	追风逐电-被动-获得10400210时，若>3层，不>4层，则触发1次76104002，每回合至多1次	10001					0				2	1	9291	3	3	123	4	2	71104002	0	0	1				2	1
310400201	追风逐电-穿透率10%提升	310400201				3					2	1								0	0	1	1				1
310400202	追风逐电-受到护盾效果提升35%	310400202				3					2	1								0	0	1	1				1
310400203	追风逐电-穿透率20%提升	310400203				3					2	1								0	0	1	1				1
310400204	追风逐电-受到护盾效果提升70%	310400204				3					2	1								0	0	1	1				1
116900801	新小白-2技能-璀璨之星-护盾	416900801				3	1				2	2	1019	2	0	301	2;2	2	216900804;216900805	1	1	0		110202	116900801		1
116900802	新小白-被动-入场添加友军受到增益效果攻击提升	10001									2	1	7322	1	0	202	1	2	116900803	0	0	0					1
116900803	新小白-被动-友军受到增益效果攻击提升	10001									2	1	1019	2	0	301	1	2	116900804	0	0	0					1
116900804	新小白-被动-攻击提升3%最高15层	416900802					1				2	3								1	1	0		100101	100101		1
116900805	新小白-被动-入场给全体友方添加攻击段数额外造成伤害，每个技能不超过2段	10001				3	0				2	1	7322	1	0	202	1	2	116900806	0	0	0					1
116900806	新小白-被动-攻击段数额外造成伤害，每个技能不超过2段	10001				3	0				2	1	4003	4	3	101	2	2	216900807	0	0	0					1
116900807	新小白-6星被动-入场给全体友方添加攻击段数额外造成伤害，每个技能不超过2段	10001				3	0				2	1	7322	1	0	202	1	2	116900808	0	0	0					1
116900808	新小白-6星被动-攻击段数额外造成伤害，每个技能不超过5段	10001				3	0				2	1	4003	4	3	101	2	2	216900807	0	0	0					1
116900809	新小白-1星被动-入场给全体友方添加清除友军3层减益效果，并增加全体友方【增幅伤害】40%	10001				3	0				2	1	7322	1	0	202	1	2	116900810	0	0	0					1
116900810	新小白-1星被动-回合开始时清除友军3层减益效果，并增加全体友方【增幅伤害】40%	416900803				3	1				2	1	1102	1	0	301	2	2	216900804	0	0	0		7100204	116900810		1
116900811	新小白-4星被动-入场友方全体添加，单回合使用技能后，造成伤害提升15%，持续1回合	10001				3	0				2	1	9729	2	0	101	1	2	116900812	0	0	0					1
116900812	新小白-4星被动-单回合使用技能后，造成伤害提升20%，持续1回合	10001				3	0				2	1	1002	2	0	301	1	2	116900813	0	0	0					1
116900813	新小白-4星被动-造成伤害提升20%，持续1回合	416900804				3	1				2	3								1	1	0		101201	101201		1
316900801	新小白-入场全体穿透率10%提升	316900801				3					2	1								0	0	1	1				1
316900802	新小白-造成护盾效果提升60%	316900802				3					2	1								0	0	1	1				1
316900803	新小白-穿透率20%提升	316900803				3					2	1								0	0	1	1				1
316900804	新小白-造成护盾效果提升120%	316900804				3					2	1								0	0	1	1				1
316900805	新小白-入场全体体穿透率10%提升	10001				3					2	1	7322	1	0	202	1	2	316900801	0	0	1	1				1
316900806	新小白-入场全体穿透率20%提升	10001				3					2	1	7322	1	0	202	1	2	316900803	0	0	1	1				1
110301101	小小意外-1星后技能2-hit触发器，根据触发次数给攻击者上110301102	10001				3	0				2	1	1004	2	0	301	1	1	110301102	1	0	0		-1			1
110301102	小小意外-1星后技能2-增伤buff	410301101				1	2				3	3								1	0	0		210321	210321		1
110301103	小小意外-大招-伤害记录印记	10002				3	0				2	1	9718	2		301	1	2	210301106	0	0	1					1
110301104	小小意外-被动-队友攻击检测-0星	10002				3	1				2	1	7268	2	3	301	1	1	110301109	0	0	1		-1			1
110301106	小小意外-1星被动-标记，增强2技能	10002				3	0				2	1								0	0	1		-1			1
110301108	小小意外-6星被动-替换大招标记	10002				3	0				2	1	9718	2		301	1		210301106	0	0	1					1
110301109	小小意外-被动-伤害增幅buff-0星	410301102				3	1				2	3								1	0	0		101201	110301111		1
110301110	小小意外-4星被动-入场印记，自身	10001				3	0				2	1	9719	2		301	2	2	210301106	1	1	0					1
110301111	小小意外-被动-伤害增幅buff-2星	410301103				3	1				2	3								1	0	0		101201	110301112		1
110301112	小小意外-被动-伤害增幅buff-3星	410301104				3	1				2	3								1	0	0		101201	110301113		1
110301113	小小意外-被动-伤害增幅buff-5星	410301105				3	1				2	3								1	0	0		101201	110301114		1
110301114	小小意外-被动-队友攻击检测-2星	10002				3	1				2	1	7268	2	3	301	1	1	110301111	0	0	1		-1			1
110301115	小小意外-被动-队友攻击检测-3星	10002				3	1				2	1	7268	2	3	301	1	1	110301112	0	0	1		-1			1
110301116	小小意外-被动-队友攻击检测-5星	10002				3	1				2	1	7268	2	3	301	1	1	110301113	0	0	1		-1			1
110301117	小小意外-4星后技能2-增益效果在回合结束时不会变更回合数	410301106				3	0				2	3								1	1	0		-1			1
110301118	小小意外-技能2-hit触发器，根据触发次数给攻击者上110301119	10001				3	0				2	1	1004	2	0	301	1	1	110301119	1	0	0		110301101	110301101		1
110301119	小小意外-4星后技能2-纯粹受击次数标识	10002				3	0				2	3								0	0	0		300010	300010		1
110301120	小小意外-技能2-110301122检测器	10002				3	0				2	1	9472	2	1	202	1	1	110301117	1	0	0		-1			1
110301121	小小意外-技能2-hit触发器，根据触发次数给友方全体上110301122	10001				3	0				2	1	1004	2	0	102	1	1	110301122	1	0	0		-1			1
110301122	小小意外-4星后技能2-友方攻击次数标识-无显示	10002				3	0				2	3								0	0	0		-1			1
110301123	小小意外-大招-自身伤害记录器	10001				3	0				2	1	9719	2		301	2	2	210301106	1	1	0		110301103	110301103		1
110301124	小小意外-大招-友方伤害记录器	10001				3	0				2	1	9720	2		301	2	2	210301106	1	1	0					1
110301125	小小意外-4星后技能2-110301122检测器	10002				3	0				2	1	9472	2	1	202	1	1	110301117	1	0	0		-1			1
110301126	小小意外-4星被动-入场印记，友方	10001				3	0				2	1	9720	2		301	2	2	210301106	1	1	0		110301103	110301103		1
310301101	小小意外-专武-爆伤提升	310301101				3	0				2	1								0	0	1				2	1
310301102	小小意外-专武-SP伤害提升-低数值	310301102				3	0				2	1								0	0	1				2	1
310301103	小小意外-专武-爆伤提升	310301103				3	0				2	1								0	0	1				2	1
310301104	小小意外-专武-SP伤害提升-高数值	310301104				3	0				2	1								0	0	1				2	1
310301105	小小意外-专武-SP伤害提升-触发器-低数值	10001				3	0	1105	1	1	2	1	1101	1		201	1	1	310301102	0	0	1				2	1
310301106	小小意外-专武-SP伤害提升-触发器-高数值	10001				3	0	1105	1	1	2	1	1101	1		201	1	1	310301104	0	0	1				2	1
501500801	【临界重构BOSS】兔子玩偶-被动-hit触发器，根据触发次数给全体上501500802	10001				3	0				2	1	1004	2	1	202	1	1	501500802	1	0	0		110301101	501500801		1
501500802	【临界重构BOSS】兔子玩偶-被增伤buff	401500801				1	2				3	3								1	0	0		210321	210321		1
117100831	潮汐之羽-1技能，防御力降低35%	417100801				3	2				2	3								1	1	0		200201	200201		1
117100832	潮汐之羽-【魂体】降低生命上限25%	417100802				3	2				2	1								0	0	0	1	200301	117100832		1
117100833	潮汐之羽-【魂体2】提升攻击力25%	417100803				3	1				2	3								0	0	0	1	100101	117100833		1
117100834	潮汐之羽-敌方受到伤害提升10%	417100804				3	2				2	3								1	1	0		201101	201101		1
117100835	潮汐之羽-自身暴击率提升5%	417100805					0				2	1								0	0	0					1
117100836	潮汐之羽-自身暴击伤害提升100%	417100806				3	0				2	1								0	0	0					1
117100837	潮汐之羽-单位死亡触发特殊技能	10001				3	0				2	1	7058	3		101	4	2	74171008	0	0	0					1
117100838	潮汐之羽-追击恢复SP点数	10001				3	0				2	1	1008	3		301	2	2	217100806	0	0	0					1
117100839	潮汐之羽-1星【魂体3】自身蓄势伤害提升12%	417100807;417100808				3	0				2	3								0	0	0		117100839	117100839		1
117100840	潮汐之羽-4星释放SP技能恢复1点SP	10001				3	0				2	1	9721	2		363	2	2	217100806	0	0	0					1
117100841	潮汐之羽-6星追击次数涨3	10001				3	0				2	1								0	0	0					1
117100842	潮汐之羽-6星死亡触发锁血	10001				3	0				2	1	1007	1		363	1	2	117100843	0	0	0					1
117100843	潮汐之羽-6星锁血1回合	417100809				3	0				2	1								0	0	0		110205	110205		1
117100844	潮汐之羽-入场友方魂体被动，被施加117100832，则对友方目标释放11710833，并改变SP上限+1	10001				3	0				2	1	7002	1		363	1;2	2	117100833;217100804	0	0	0					1
117100845	潮汐之羽-入场友方魂体被动	10001				3	0				2	1	7322	1		251	1;1	2	117100844;117100846	0	0	0					1
117100846	潮汐之羽-触发后清除117100844	10001				3	0				2	1	7002	1		301	2	3	217100807	0	0	0					1
117100847	潮汐之羽-1星入场友方魂体被动，被施加117100832，则对友方目标释放11710833，并改变SP上限+1	10001				3	0				2	1	7002	1		363	1;1;2	2	117100833;117100839;217100804	0	0	0					1
117100848	潮汐之羽-1星入场友方魂体被动	10001				3	0				2	1	7322	1		251	1;1	1	117100847;117100849	0	0	0					1
117100849	潮汐之羽-1星触发后清除117100874	10001				3	0				2	1	7002	1		301	2	3	217100808	0	0	0					1
117100853	潮汐之羽-1星入场加1SP	10001				3	0				2	1	7322	1		301	2	2	217100806	0	0	0					1
117100850	潮汐之羽-4星入场施加魂体效果	10001				3	0				2	1	7322	1		251	1;1	2	117100832;117100840	0	0	0					1
117100851	潮汐之羽-6星入场施加锁血效果	10001				3	0				2	1	7322	1		251	1	2	117100842	0	0	0					1
317100801	潮汐之羽-暴击率5%提升	317100801				3					2	1								0	0	1	1				1
317100802	潮汐之羽-暴击伤害10%提升	317100802				3					2	1								0	0	1	1				1
317100803	潮汐之羽-暴击率10%提升	317100803				3					2	1								0	0	1	1				1
317100804	潮汐之羽-暴击伤害20%提升	317100804				3					2	1								0	0	1	1				1
117100801	潮汐之羽-被动不升级-回合开始时给自己以外友方上17100807	10001					0				2	1	1102	3	3	251	1	2	117100807	0	0	1		61171008		2	1
117100802	潮汐之羽-初始被动不升级-获得17100810时，若>1层，不>2层，则触发1次75171008，每回合至多1次	10001					0				2	1	9291	3	3	123	4	2	75171008	0	0	1				2	1
117100803	潮汐之羽-初始被动不升级-获得17100810时，若>3层，不>4层，则触发1次75171008，每回合至多1次	10001					0				2	1	9291	3	3	123	4	2	75171008	0	0	1				2	1
117100804	潮汐之羽-6星被动-获得17100810时，若>5层，不>6层，则触发1次76171008，每回合至多1次	10001					0				2	1	9291	3	3	123	4	2	75171008	0	0	1					1
117100807	潮汐之羽-用来触发潮汐之羽被动的标记，使用攻击技能牌时，给己方除自己以外的171008潮汐之羽上17100810	10001					0				2	1	8005	3	3	364	1	2	117100810	0	0	1				2	1
117100808	潮汐之羽-4星被动-战斗开始时给全体友方上17100807	10001					0				2	1	1102	3	3	202	1	2	117100807	0	0	1		61171008		2	1
117100809	潮汐之羽-被动配天赋表升级-获得17100810时，给自身挂17100808	10001					0				2	1	7002		3	301	1	2	117100808	0	0	1				2	1
117100810	潮汐之羽-被动-其他人给潮汐之羽挂的追击标记buff	10001					0				2	3								0	0	1				2	1
117100811	潮汐之羽-4星自己效果-使用攻击技能后，给自己挂17100810	10001					0				2	1	8005	3	3	301	1	2	117100810	0	0	1				2	1
117100812	潮汐之羽-被动不升级-获得17100810时，若>1层，则触发1次75171008，每回合至多2次	10001					0				2	1	7014	3	3	123	4	1	75171008	0	0	1				2	1
117100813	潮汐之羽-被动不升级-获得17100810时，若>1层，则触发1次75171008，每回合至多3次	10001					0				2	1	7014	3	3	123	4	1	75171008	0	0	1				2	1
117100817	潮汐之羽-被动-获得17100810时，若>3层，不>4层，则触发1次76171008，每回合至多1次	10001					0				2	1	9291	3	3	123	4	2	75171008	0	0	1				2	1
110600501	逆行冲锋-技能1-友方追击检测器，队友追击一次则给自己回一点SP，最多每回合触发两次	10001				3	0				2	1	9222	3		301	2	2	210010101	0	0	0		110600501	-1		1
110600502	逆行冲锋-SP-全队克制伤害提升	410600503;410600504;410600505;410600506;410600507;410600508;410600509;410600510;410600511;410600512				3	0				2	1								1	1	0		110600502	110600502		1
110600503	逆行冲锋-被动-触发器，队友每次攻击给全队挂110600504	10001				3	0				2	1	7268	2		202	1	1	110600504	0	0	1		-1			1
110600504	逆行冲锋-被动-每层提供百分比防御力。	410600523				1	0				2	3								0	0	1		110600504	110600504		1
110600505	逆行冲锋-被动-检测器，检测110600504层数，根据层数给110600506(第一次）	10001				3	0				2	3	9456	2		202	1	1	110600506	0	0	1		-1			1
110600506	逆行冲锋-被动-SP替换标记	10002				3	0				2	3								0	0	1		-1			1
110600507	逆行冲锋-SP-强化后克制伤害提升，最终伤害提升	410600513;410600514;410600515;410600516;410600517;410600518;410600519;410600520;410600525;410600526;410600527				3	0				2	1								0	0	1		110600502	110600507		1
110600508	逆行冲锋-1星被动-入场SP+1	10001					0				2	1	7322	2		301	2	1	210600504	0	0	1				2	1
110600509	逆行冲锋-1星后被动-检测器，检测110600505层数，根据层数给110600506（第一次）	10001				3	0				2	3	9456	2		301	1	1	110600506	0	0	1		-1			1
110600510	逆行冲锋-4星后被动-检测器，检测110600505层数，根据层数给2SP点	10001				3	0				2	3	9456	2		301	2	1	210010102	0	0	1		-1			1
110600511	逆行冲锋-4星后被动-检测器，检测110600505层数，根据层数给3SP点	10001				3	0				2	3	9456	2		301	2	1	210010103	0	0	1		-1			1
110600512	逆行冲锋-6星被动-SP持续时间内提升25%队友生命上限	410600524				3	0																	110600512	110600512		1
110600513	逆行冲锋-SP-状态切换buff	410600501;410600502				3	0				2	1								0	0	1		110600513	110600513		1
110600514	逆行冲锋-被动-检测器，检测110600505层数，根据层数给110600506（第二次）	10001				3	0				2	3	9456	2		202	1	1	110600506	0	0	1		-1			1
110600515	逆行冲锋-1星后被动-检测器，检测110600505层数，根据层数给110600506(第二次）	10001				3	0				2	3	9456	2		202	1	1	110600506	0	0	1		-1			1
110600516	逆行冲锋-6星后效果-检测器，检测到释放SP，给全体队友挂110600511	10001				3	0				2	1	1105	2		202	1	1	110600512	0	0	1		-1			1
110600517	逆行冲锋-SP-释放SP后清空全体队友的110600504	10001				3	0				2	1	1105	2		202	2	1	210600507	0	0	1		-1			1
110600518	逆行冲锋-SP-释放SP后清空全体队友的110600506	10001				3	0				2	1	1105	2		202	2	1	210600511	0	0	1		-1			1
110600519	逆行冲锋-1星后效果-入场1层110600506	10001				3	0				2	1	9719	2		301	2	2	110600506	1	1	0					1
110600520	逆行冲锋-1星后效果-入场1层110600506	10001				3	0				2	1	9719	2		301	2	2	110600506	1	1	0					1
310600501	逆行冲锋-专武-自身生命值上限提升5%	310600501				3					2	1								0	0	1	1				1
310600502	逆行冲锋-专武-全队暴击伤害提升10%	310600502				3					2	1								0	0	1	1				1
310600503	逆行冲锋-专武-自身生命值上限提升10%	310600503				3					2	1								0	0	1	1				1
310600504	逆行冲锋-专武-全队暴击伤害提升20%	310600504				3					2	1								0	0	1	1				1
310600505	逆行冲锋-专武-战斗开始时我方全体获得310600502	10001				3	0				2	1	7322	3	3	202	1	1	310600502	0	0	1				2	1
310600506	逆行冲锋-专武-战斗开始时我方全体获得310600504	10001				3	0				2	1	7322	3	3	202	1	1	310600504	0	0	1				2	1
117200801	无恶之罪-技能1-召唤物BUFF，按照敌方DEBUFF种类数获得【弱点伤害提升】1层	10001				3	1				2	1	9724	2	2	101	1	1	117200807	0	0	1	1	117200801	117200801		1
117200802	无恶之罪-技能1-召唤物BUFF，按照敌方DEBUFF种类数获得【弱点伤害提升】2层	10001				3	1				2	1	9724	2	2	101	1	1	117200807	0	0	1	1				1
117200803	无恶之罪-技能1-召唤物BUFF，按照敌方DEBUFF种类数获得【弱点伤害提升】3层	10001				3	1				2	1	9724	2	2	101	1	1	117200807	0	0	1	1				1
117200804	无恶之罪-技能1-召唤物BUFF，按照敌方DEBUFF种类数获得【弱点伤害提升】4层	10001				3	1				2	1	9724	2	2	101	1	1	117200807	0	0	1	1				1
117200805	无恶之罪-技能1-召唤物BUFF，按照敌方DEBUFF种类数获得【弱点伤害提升】5层	10001				3	1				2	1	9724	2	2	101	1	1	117200807	0	0	1	1				1
117200806	无恶之罪-技能1-召唤物BUFF，按照敌方DEBUFF种类数获得【弱点伤害提升】6层及以上	10001				3	1				2	1	9724	2	2	101	1	1	117200807	0	0	1	1				1
117200807	无恶之罪-技能1-召唤物BUFF效果，弱点伤害提升20%	417200801				3	0				2	3								0	0	1	1				1
117200808	无恶之罪-召唤物被动-技能释放后清除所有117200807	10001				3	0				2	1	1002	2	3	301	2	1	217200804	0	0	1		-1			1
117200809	无恶之罪-技能1-被动效果，回响+3	10001				3	0				2	1	7001	2	3	301	1;1;1	2	117200810;117200810;117200810	0	0	1					1
117200810	无恶之罪-被动-回响	10001				3	0				2	3								0	0	1		117200810	117200810		1
117200811	无恶之罪-技能2-被动效果，回响+3	10001				3	0				2	1	7001	2	3	301	1;1;1	1	117200810;117200810;117200810	0	0	1					1
117200812	无恶之罪-技能2-故姿残像小技能触发器	10001				3	0				2	1	9711	2		101	4	2	511172001	0	0	1	1				1
117200814	无恶之罪-技能2-防御力降低2%	417200802				3	2				2	3								1	1	0		117200814	117200814		1
117200815	无恶之罪-SP-故姿残像SP触发器（SP随动）	10001				3	0				2	1	9711	2	2	101	4	1	571172001	0	0	1	1				1
117200816	无恶之罪-SP-子效果，攻击力降低	417200803				3	2				2	3								1	1	0		117200816	117200816		1
117200817	无恶之罪-SP-子效果，暴击率降低	417200804				3	2				2	3								1	1	0		117200817	117200817		1
117200818	无恶之罪-SP-被动效果，回响+4	10001				3	0				2	1	7001	2	3	301	1;1;1;1	1	117200810;117200810;117200810;117200810	0	0	1					1
117200819	无恶之罪-被动-故姿残像SP标记	10001				3	0				2	3								0	0	1	1				1
117200820	无恶之罪-被动-召唤故姿残像-0星	10001				3	0				2	1	7322	2		301	3		44172008	0	0	1	1				1
117200821	无恶之罪-被动-召唤故姿残像-2星	10001				3	0				2	1	7322	2		301	3		45172008	0	0	1	1				1
117200822	无恶之罪-被动-召唤故姿残像-3星	10001				3	0				2	1	7322	2		301	3		46172008	0	0	1	1				1
117200823	无恶之罪-被动-召唤故姿残像-5星	10001				3	0				2	1	7322	2		301	3		47172008	0	0	1	1				1
117200824	无恶之罪-1星被动-入场SP+1	10001				3	0				2	1	7322	2		301	2	1	210600504	0	0	1				2	1
117200825	无恶之罪-1星被动-入场时给敌方攻击力最高敌人升级后【标记】	10001				3	0				2	1	7322	2		105	1	1	117200826	0	0	1					1
117200826	无恶之罪-1星被动-【标记】，被标记敌人被挂上一层debuff则回复1点【回响】,每回合最多两次	10001				3	0				2	1	9431	3		365	1	1	117200810	0	0	1		117200825	117200825		1
117200827	无恶之罪-4星被动-召唤物追击SP后回复一点SP点	10001				3	0				2	1	9728	2	2	301	2	1	210600504	0	0	1	1				1
117200828	无恶之罪-6星标记-召唤物	10001				3	0				2	1	9612	3						0	0	1	1				1
117200829	无恶之罪-故姿残像-技能1-易伤	417200805				3	0				2	3								1	1	0		117200829	117200829		1
117200830	无恶之罪-SP-受到【弱点伤害】提升	417200806				3	0				2	1								1	1	0		117200830	117200830		1
117200831	无恶之罪-故姿残像-被动-每次追击释放SP，给自己叠一次117200832，最高5层	10001				3	0				2	1	7001	2	2	301	1	1	117200832	0	0	1					1
117200832	无恶之罪-故姿残像-被动-最终伤害提升	417200807				3	0				2	3								0	0	1		101201	101201		1
117200833	无恶之罪-故姿残像-6星被动-SP附加召唤物获得最终伤害提升x%，持续3回合	10001				3	0				2	3	7001	2	3	360	1	1	117200837	0	0	1					1
117200834	无恶之罪-被动-召唤物追击SP后清除所有117200810	10001				3	0				2	1	9711	2		301	2	1	217200811	0	0	1		-1			1
117200835	无恶之罪-被动-故姿残像SP追击标记触发器-5层117200810时用	10001				3	0				2	1	9456	2	3	360	1	1	117200819	0	0	1					1
117200836	无恶之罪-故姿残像-回合结束时有一层117200819时触发追击SP	10001				3	0				2	1	9726	2	2	301	4	1	581172001	0	0	1					1
117200837	无恶之罪-故姿残像-造成最终伤害提升	417200808				3	0				2	1												101201	101201		1
117200838	无恶之罪-故姿残像-回合结束时有两层117200819则触发追击	10001				3	0				2	1	9726	2	2	301	4;4	1	581172001;581172001	0	0	1					1
117200839	无恶之罪-被动-故姿残像SP追击标记触发器-10层117200810时用	10001				3	0				2	1	9456	2	3	360	1	1	117200819	0	0	1					1
117200840	无恶之罪-被动-【标记】，被标记敌人被挂上一层debuff则回复1点【回响】,每回合最多1次	10001				3	0				2	1	9431	3		365	1	1	117200810	0	0	1		117200840	117200840		1
117200841	无恶之罪-被动-入场时给敌方攻击力最高敌人【标记】	10001				3	0				2	1	7322	2		105	1	1	117200840	0	0	1					1
117200842	无恶之罪-被动-入场时给敌方全体挂117200843，117200844,117200845,117200846,117200847,117200848	10001				3	0				2	1	7322	2		102	1;1;1;1;1;1	1	117200843;117200844;117200845;117200846;117200848;117200847	0	0	1					1
117200843	无恶之罪-被动-触发器，获得117200807时给队友挂117200807,1层	10001				3	0				2	1	9456	2		368	1	1	117200807	0	0	1					1
117200844	无恶之罪-被动-触发器，获得117200807时给队友挂117200807,2层	10001				3	0				2	1	9456	2		368	1	1	117200807	0	0	1					1
117200845	无恶之罪-被动-触发器，获得117200807时给队友挂117200807,3层	10001				3	0				2	1	9456	2		368	1	1	117200807	0	0	1					1
117200846	无恶之罪-被动-触发器，获得117200807时给队友挂117200807,4层	10001				3	0				2	1	9456	2		368	1	1	117200807	0	0	1					1
117200847	无恶之罪-被动-触发器，获得117200807时给队友挂117200807,5层	10001				3	0				2	1	9456	2		368	1	1	117200807	0	0	1					1
117200848	无恶之罪-被动-触发器，获得117200807时给队友挂117200807,6层及以上	10001				3	0				2	1	9456	2		368	1	1	117200807	0	0	1					1
117200849	无恶之罪-召唤物被动-技能释放后清除敌方所有117200807	10001				3	0				2	1	1002	2	2	102	2	1	217200804	0	0	1		-1			1
117200850	无恶之罪-技能1-召唤物BUFF效果，弱点伤害提升20%	417200809				3	0				2	3								0	0	1	1				1
317200801	无恶之罪-专武暴击率5%提升	317200801				3					2	1								0	0	1	1				1
317200802	无恶之罪-专武暴击伤害10%提升	317200802				3					2	1								0	0	1	1				1
317200803	无恶之罪-专武暴击率10%提升	317200803				3					2	1								0	0	1	1				1
317200804	无恶之罪-专武暴击伤害20%提升	317200804				3					2	1								0	0	1	1				1
3405100301	欲念体-受到弱点伤害提升30%	313281102				3	0													0	0	1					1
117300801	怪诞其身-技能1-子效果，【失明】debuff1（禁疗）	417300801				3	2				2	1								1	1	0		210305	210305		1
117300802	怪诞其身-技能1-子效果，分发指示BUFF117300835	10001				3	0				2	1	7001	2	2	301	1	1	117300835	0	0	1					1
117300803	怪诞其身-技能1-子效果，【封印】debuff2（禁BUFF）	417300802				3	2				2	1								1	1	0		210306	210306		1
117300804	怪诞其身-技能2-子效果，1层诅咒	417300803				3	2				2	1								1	1	0		117300804	117300804		1
117300805	怪诞其身-技能2-子效果，分发指示BUFF117300836	10001				3	0				2	1	7001	2	2	301	1	1	117300836	0	0	1					1
117300806	怪诞其身-SP-状态1，每回合开始时消耗两点【回响】	10001				3	0				2	1	1102	2	2	301	2	1	217300804	0	0	1					1
117300807	怪诞其身-SP-受击时，给自己挂一层随机debuff，六选一	10001				3	0				2	1	1004	2	2	301	2	1	217300805	0	0	1					1
117300808	怪诞其身-SP-debuff5，受到SP伤害提升（通过117300814实现）	10001				3	2				2	1	7089	2	2	301	1	1	117300814	0	0	1		101201	117300808		1
117300809	怪诞其身-SP-debuff6，受到弱点伤害提升	417300805				3	2													1	1	0		116400802	116400802		1
117300810	怪诞其身-SP-debuff7，受到最终伤害提升	417300806				3	2													1	1	0					1
117300811	怪诞其身-SP-debuff8，禁止回复SP	417300807				3	2													1	1	0		210310	210310		1
117300812	怪诞其身-SP-debuff9，禁止大招技能	417300808				3	2													1	1	0		210303	210303		1
117300813	怪诞其身-SP-debuff10，禁止debuff技能	417300809				3	2													1	1	0		210307	210307		1
117300814	怪诞其身-SP-debuff5，受到SP伤害提升	417300804				3	0													1	1	0					1
117300815	怪诞其身-SP-队友SP伤害结束后清除117300814	10001				3	0				2	1	7033	2	2	301	2	1	217300806	0	0	1					1
117300816	怪诞其身-SP-持续时间内，弱点伤害层数提升至13层	417300810				3	0													1	1	0					1
117300817	怪诞其身-被动-每回合开始时回复2点【回响】	10001				3	0				2	1	1102	2	2	301	1;1	1	117200810;117200810	0	0	1					1
117300818	怪诞其身-SP-持续时间内多回复3点【回响】	10001				3	0				2	1	1102	2	2	301	1;1;1	1	117200810;117200810;117200810	0	0	1		117300818	117300818		1
117300819	怪诞其身-被动-入场时给全体队友117300820	10001				3	0				2	1	7322	2	2	202	1	1	117300820	0	0	1					1
117300820	怪诞其身-被动-溢出的17200810转化为17300821	10001				3	0				2	1	7014	2	2	301	1	1	117300821	0	0	1					1
117300821	怪诞其身-被动-指示BUFF，目的是减一层	10001				3	0				2	3															1
117300822	怪诞其身-被动-根据117300821层数提供给全队117300823	10001				3	0				2	3	7014	2	2	202	1	1	117300823	1	1	0					1
117300823	怪诞其身-被动-暴击伤害提升	417300811				3	1				2	3								1	1	0		117300823	117300823		1
117300824	怪诞其身-1星被动-SP+2	10001				3	0				2	1	7322	2	2	301	2	1	210010102	0	0	1					1
117300825	怪诞其身-4星被动-入场给敌方全体117300826	10001				3	0				2	1	7322	2	2	102	1	1	117300826	0	0	1					1
117300826	怪诞其身-4星被动-被挂上DEBUFF时回复1点SP，每回合最多2次	10001				3	0				2	1	1019	3	2	369	2	1	210010101	0	0	1					1
117300827	怪诞其身-6星被动-标签	10001				3	0				2	1								0	0	1					1
117300828	怪诞其身-SP-持续时间内，弱点伤害层数提升至15层	417300812				3	0				2	1								0	0	1					1
117300829	怪诞其身-SP-自己回复4点【回响】	10001				3	0				2	1	7001	2	2	301	1;1;1;1	1	117200810;117200810;117200810;117200810	0	0	1					1
117300830	怪诞其身-SP-友方攻击力最高者回复4点【回响】	10001				3	0				2	1	7001	2	2	205	1;1;1;1	1	117200810;117200810;117200810;117200810	0	0	1					1
117300831	怪诞其身-SP-6星后自己回复4点【回响】	10001				3	0				2	1	7001	2	2	301	1;1;1;1	1	117200810;117200810;117200810;117200810	0	0	1					1
117300832	怪诞其身-SP-6星后友方攻击力最高者回复4点【回响】	10001				3	0				2	1	7001	2	2	205	1;1;1;1	1	117200810;117200810;117200810;117200810	0	0	1					1
117300833	怪诞其身-被动-入场时给全体队友117300822	10001				3	0				2	1	7322	2	2	202	1	1	117300822	0	0	1					1
117300834	怪诞其身-被动-弱点伤害提升	417300813																		0	0	1					1
117300835	怪诞其身-技能1-指示BUFF	10001				3	0				2	1								0	0	1					1
117300836	怪诞其身-技能2-指示BUFF	10001				3	0				2	1								0	0	1					1
117300837	怪诞其身-技能1-标记BUFF	10001				3	0				2	1								0	0	1					1
117300838	怪诞其身-技能2-标记BUFF	10001				3	0				2	1								0	0	1					1
117300839	怪诞其身-技能1-子效果，若拥有至少2点【回响】，给予对方117300803	10001				3	0				2	1	7014	2	2	370	1	1	117300803	0	0	1					1
117300840	怪诞其身-技能2-子效果，若拥有至少2点【回响】，给予对方117300806	10001				3	0				2	1	7014	2	2	102	1;1;1;1;1	1	102020104;102020104;102020104;102020104;102020104	0	0	1					1
117300841	怪诞其身-技能1-子效果，若拥有至少2点【回响】，消耗2点【回响】	10001				3	0				2	1	7014	2	2	301	2	2	217300804	0	0	1					1
117300842	怪诞其身-技能2-子效果，若拥有至少2点【回响】，消耗2点【回响】	10001				3	0				2	1	7014	2	2	301	2	2	217300804	0	0	1					1
317300801	怪诞其身-专武-自身生命值上限提升5%	317300801				3					2	1								0	0	1	1				1
317300802	怪诞其身-专武-全队暴击伤害提升10%	317300802				3					2	1								0	0	1	1				1
317300803	怪诞其身-专武-自身生命值上限提升10%	317300803				3					2	1								0	0	1	1				1
317300804	怪诞其身-专武-全队暴击伤害提升20%	317300804				3					2	1								0	0	1	1				1
317300805	怪诞其身-专武-战斗开始时我方全体获得310600502	10001				3	0				2	1	7322	3	3	202	1	1	317300802	0	0	1				2	1
317300806	怪诞其身-专武-战斗开始时我方全体获得310600504	10001				3	0				2	1	7322	3	3	202	1	1	317300804	0	0	1				2	1
110201001	火力开采-技能1-护盾	410201001				3	0				2	1								0	0	1		110202	110202		1
110201002	火力开采-技能1-追加护盾	410201002				3	0				2	1								0	0	1		110202	110202		1
110201003	火力开采-被动-触发器，自动释放技能1-4层117200810	10001				3	0				2	1	9732	2	2	111	4	1	74102010	0	0	1					1
110201004	火力开采-被动-触发器，自动释放技能1-8层117200810	10001				3	0				2	1	9732	2	2	111	4	1	75102010	0	0	1					1
110201005	火力开采-被动-入场时分发110201006给队友	10001				3	0				2	1	7322	2	2	202	1	1	110201006	0	0	1					1
110201006	火力开采-被动-队友获得117200810时给全体110201007	10001				3	0				2	1	7002	2	2	202	1	1	110201007	0	0	1					1
110201007	火力开采-被动-攻击力提高x%	410201003				3	0				2	3								0	0	1		100101	110201007		1
110201008	火力开采-1星后被动-入场分发110201009	10001				3	0				2	1	7322	2	2	251	1	1	110201009	0	0	1					1
110201009	火力开采-1星后被动-获得17200810时，给火力开采117200810	10001				3	0				2	1	7002	3	2	371	1	1	117200810	0	0	1					1
110201010	火力开采-4星后被动-释放SP后，回复117200810	10001				3	0				2	1	7001	2	2	301	1;1;1;1	1	117200810;117200810;117200810;117200810	0	0	1					1
110201011	火力开采-6星标记	10001				3	0				2	1								0	0	1					1
110201012	火力开采-6星后被动-释放SP后，回复117200810	10001				3	0				2	1	7001	2	2	301	1;1;1;1	1	117200810;117200810;117200810;117200810	0	0	1					1
110201013	火力开采-被动-暴击伤害提升	410201004				1	0				2	1								0	0	1					1
110201014	火力开采-被动-每回合结束时增加4层117200810	10001				3	0				2	1	1006	2	2	301	1;1;1;1	1	117200810;117200810;117200810;117200810	0	0	1					1
110201015	火力开采-技能1-蓄势伤害提升	313181101				3	0				2	3								1	1	0		117100839	117100839		1
110201016	火力开采-1星被动-入场SP+6	10001					0				2	1	7322	2		301	2	1	210201009	0	0	1				2	1
310201001	火力开采-专武-爆伤提升	310201001				3	0				2	1								0	0	1				2	1
310201002	火力开采-专武-SP伤害提升-低数值	310201002				3	0				2	1								0	0	1				2	1
310201003	火力开采-专武-爆伤提升	310201003				3	0				2	1								0	0	1				2	1
310201004	火力开采-专武-SP伤害提升-高数值	310201004				3	0				2	1								0	0	1				2	1
310201005	火力开采-专武-SP伤害提升-触发器-低数值	10001				3	0	1105	1	1	2	1	1101	1		201	1	1	310201002	0	0	1				2	1
310201006	火力开采-专武-SP伤害提升-触发器-高数值	10001				3	0	1105	1	1	2	1	1101	1		201	1	1	310201004	0	0	1				2	1