id	desc	mainEffectType	subEffectType	miniEffectType	effectLv	dispelLv	status
int	int	int	int	int	int	int	int
10001	通用效果，空效果（可以驱，用于空标记）	0	0	1		1	1
10002	通用效果，空效果（不能驱，用于触发器）	0	0	1		999	1
411203151	怪物通用，提升30%穿透	1	1203	1		1	1
411203152	怪物通用，降低20%穿透	1	1203	1		1	1
411203153	怪物通用，降低30%穿透	1	1203	1		1	1
411203154	怪物通用，提升30%穿透	1	1203	1		1	1
411203155	怪物通用，提升15%穿透	1	1203	1		1	1
411203156	怪物通用，提升50%穿透	1	1203	1		1	1
411203157	怪物通用，降低80%穿透	1	1203	1		1	1
405010151	怪物通用，100%攻击生成护盾	5	1	1		3	1
405010152	怪物通用，150%攻击生成护盾	5	1	1		3	1
405010153	怪物通用，200%攻击生成护盾	5	1	1		3	1
405010154	怪物通用，250%攻击生成护盾	5	1	1		3	1
405010155	怪物通用，300%攻击生成护盾	5	1	1		3	1
405020151	怪物通用，100%防御生成护盾	5	2	1		3	1
405020152	怪物通用，300%防御生成护盾	5	2	1		3	1
405040152	怪物通用，30%生命生成护盾	5	4	1		3	1
405040151	怪物通用，95%生命生成护盾	5	4	1		3	1
404040151	怪物通用，恐惧	4	4	1		1	1
410001151	怪物通用，嘲讽	100	1	1		3	1
412010151	怪物通用，降低20%防御	100	1	1		3	1
412010152	怪物通用，降低10%防御	1	202	1		1	1
412010154	怪物通用，降低30%防御	1	202	1		1	1
412010153	怪物通用，提升30%防御	1	202	1		1	1
412010155	怪物通用，提升15%防御	1	202	1		1	1
412010156	怪物通用，提升40%防御	1	202	1		1	1
412010157	怪物通用，提升140%防御	1	202	1		1	1
412010158	怪物通用，提升50%防御	1	202	1		1	1
412010159	怪物通用，降低60%防御	1	202	1		1	1
412010160	怪物通用，提升100%防御	1	202	1		1	1
412010161	怪物通用，降低50%防御	1	202	1		1	1
416030151	怪物通用，提升100%暴击率	1	603	1		1	1
416030152	怪物通用，提升45%暴击率	1	603	1		1	1
416030153	怪物通用，提升50%暴击率	1	603	1		1	1
416030154	怪物通用，提升15%暴击率	1	603	1		1	1
416030155	怪物通用，提升30%暴击率	1	603	1		1	1
416030156	怪物通用，降低20%暴击率	1	603	1		1	1
416030157	怪物通用，降低30%暴击率	1	603	1		1	1
416030161	怪物通用，降低50%暴击率	1	603	1		1	1
404070151	怪物通用，沉默	4	7	1		1	1
401102151	怪物通用，提升20%攻击力	1	102	1		1	1
401102152	怪物通用，提升30%攻击力	1	102	1		1	1
401102155	怪物通用，提升15%攻击力	1	102	1		1	1
401102158	怪物通用，提升10%攻击力	1	102	1		1	1
401102156	怪物通用，提升5%攻击力	1	102	1		1	1
401102153	怪物通用，降低20%攻击力	1	102	1		1	1
401102154	怪物通用，降低5%攻击力	1	102	1		1	1
401102157	怪物通用，降低30%攻击力	1	102	1		1	1
401102159	怪物通用，降低60%攻击力	1	102	1		1	1
401102160	怪物通用，提升50%攻击力	1	102	1		1	1
401102161	怪物通用，降低10%攻击力	1	102	1		1	1
404010151	怪物通用，眩晕	4	1	1		3	1
403010151	怪物通用，根据100%攻击力HOT治疗	3	1	1		1	1
403010152	怪物通用，根据200%攻击力HOT治疗	3	1	1		1	1
403010153	怪物通用，根据30%攻击力HOT治疗	3	1	1		1	1
403010154	怪物通用，根据50%攻击力HOT治疗	3	1	1		1	1
411701151	怪物通用，100%吸血固定值加成	1	1701	1		1	1
411701152	怪物通用，50%吸血固定值加成	1	1701	1		1	1
411701153	怪物通用，30%吸血固定值加成	1	1701	1		1	1
411701154	怪物通用，300%吸血固定值加成	1	1701	1		1	1
411303151	怪物通用，降低30%忍耐	1	1303	1		1	1
411303152	怪物通用，提升30%忍耐	1	1303	1		1	1
411303153	怪物通用，提升15%忍耐	1	1303	1		1	1
411303154	怪物通用，提升20%忍耐	1	1303	1		1	1
411303155	怪物通用，降低20%忍耐	1	1303	1		1	1
411303156	怪物通用，提升40%忍耐	1	1303	1		1	1
411303157	怪物通用，提升50%忍耐	1	1303	1		1	1
411303158	怪物通用，提升5%忍耐	1	1303	1		1	1
411303159	怪物通用，提升100%忍耐	1	1303	1		1	1
411303163	怪物通用，降低50%忍耐	1	1303	1		1	1
411303164	怪物通用，提升3%忍耐	1	1303	1		1	1
411303165	怪物通用，提升60%忍耐	1	1303	1		1	1
411303166	怪物通用，提升70%忍耐	1	1303	1		1	1
411602151	怪物通用，降低50%受到的治疗效果	1	1602	1		1	1
411602152	怪物通用，提升20%受到的治疗效果	1	1602	1		1	1
411602153	怪物通用，提升15%受到的治疗效果	1	1602	1		1	1
411602154	怪物通用，提升50%受到的治疗效果	1	1602	1		1	1
411602155	怪物通用，提升30%受到的治疗效果	1	1602	1		1	1
404060151	怪物通用，禁止恢复类技能	4	6	1		1	1
404020151	怪物通用，睡眠1回合	4	2	1		1	1
418030151	怪物通用，降低30%暴击抵抗	1	803	1		1	1
418030152	怪物通用，提升100%暴击抵抗	1	803	1		1	1
418030153	怪物通用，提升50%暴击抵抗	1	803	1		1	1
418030154	怪物通用，提升40%暴击抵抗	1	803	1		1	1
418030155	怪物通用，提升15%暴击抵抗	1	803	1		1	1
411502151	怪物通用，降低30%受到伤害的最终伤害	1	1502	1		1	1
411502156	怪物通用，降低70%受到伤害的最终伤害	1	1502	1		1	1
411502157	怪物通用，降低10%受到伤害的最终伤害	1	1502	1		1	1
411502158	怪物通用，降低50%受到伤害的最终伤害	1	1502	1		1	1
411502159	怪物通用，降低100%受到伤害的最终伤害	1	1502	1		1	1
411502160	怪物通用，降低80%受到伤害的最终伤害	1	1502	1		1	1
411502161	怪物通用，降低60%受到伤害的最终伤害	1	1502	1		1	1
411502162	怪物通用，降低40%受到伤害的最终伤害	1	1502	1		1	1
411502163	怪物通用，降低20%受到伤害的最终伤害	1	1502	1		1	1
411502164	怪物通用，受到伤害提升20%	1	1502	1		1	1
411502155	怪物通用，受到伤害提升100%	1	1502	1		1	1
411502154	怪物通用，受到伤害提升50%	1	1502	1		1	1
411502152	怪物通用，受到伤害提升30%	1	1502	1		1	1
411502153	怪物通用，受到伤害提升5%	1	1502	1		1	1
411501151	怪物通用，最终伤害提升5%	1	1501	1		1	1
411501152	怪物通用，最终伤害提升10%	1	1501	1		1	1
411501153	怪物通用，最终伤害降低50%	1	1501	1		1	1
411501154	怪物通用，最终伤害降低70%	1	1501	1		1	1
411501155	怪物通用，最终伤害降低100%	1	1501	1		1	1
403020151	怪物通用，100%攻击，25%生命治疗	3	2	1		1	1
401302151	怪物通用，根据最大生命10%生命值恢复	3	2	1		1	1
406040151	怪物通用，守护者（承担30%）	6	4	1	99	1	1
406040152	怪物通用，被守护者	6	4	1	99	1	1
404080151	怪物通用，无法获得SP	4	8	1		1	1
419030151	怪物通用，降低30%暴击伤害抵抗	1	903	1		1	1
419030152	怪物通用，提升15%暴击伤害抵抗	1	903	1		1	1
413020151	怪物通用，降低10%目标生命值上限	1	302	1		1	1
413020152	怪物通用，提升15%目标生命值上限	1	302	1		1	1
413020153	怪物通用，提升30%目标生命值上限	1	302	1		1	1
413020154	怪物通用，提升50%目标生命值上限	1	302	1		1	1
417030151	怪物通用，提升15%暴击伤害倍率	1	703	1		1	1
412102151	怪物通用，提升15%受到护盾的效果	1	2102	1		1	1
412102152	怪物通用，提升50%受到护盾的效果	1	2102	1		1	1
412102153	怪物通用，提升30%受到护盾的效果	1	2102	1		1	1
412102154	怪物通用，提升100%受到护盾的效果	1	2102	1		1	1
404030151	怪物通用，禁BUFF无法使用增益	4	3	1		1	1
411601151	怪物通用，提升15%造成的治疗效果	1	1601	1		1	1
411601152	怪物通用，提升30%造成的治疗效果	1	1601	1		1	1
412101151	怪物通用，提升15%造成的护盾效果	1	2101	1		1	1
412101152	怪物通用，提升50%造成的护盾效果	1	2101	1		1	1
412101153	怪物通用，提升100%造成的护盾效果	1	2101	1		1	1
412101154	怪物通用，提升30%造成的护盾效果	1	2101	1		1	1
412201151	怪物通用，提升造成间接伤害效果20%	1	2201	1		1	1
412202151	怪物通用，降低受到间接伤害效果70%	1	2202	1		1	1
412202152	怪物通用，提高受到间接伤害效果30%	1	2202	1		1	1
405050151	怪物通用，已损生命50%的护盾	5	5	1		3	1
407020151	怪物通用，免疫控制影响	7	2	1		999	1
407020152	怪物通用，免疫SP降低或增加	7	2	1		999	1
407020153	怪物通用，免疫SP偷取	7	2	1		999	1
407020158	怪物通用，无法获得DOT	7	2	1		999	1
407020155	怪物通用，无法获得治疗	7	2	1		999	1
407020156	怪物通用，无法受到增益	7	2	1		3	1
407020157	怪物通用，无法获得HOT	7	2	1		3	1
409020151	怪物通用，无视增益效果	9	2	1		3	1
412029051	怪物通用，增加目标20%防御力，不超过自身20%防御	1	201	8		1	1
412029052	怪物通用，降低目标20%防御力，不超过自身20%防御	1	201	9		1	1
407020154	怪物通用，免疫所有减益效果	7	2	1		1	1
409020152	怪物通用，免疫debuff	9	2	1		3	1
414011051	怪物通用，受到圆振的伤害降低70%	1	4011	1		1	1
414031053	怪物通用，受到三相的伤害降低70%	1	4031	1		1	1
414051053	怪物通用，受到方波的伤害降低70%	1	4051	1		1	1
414071053	怪物通用，受到星流的伤害降低70%	1	4071	1		1	1
402121101	怪物通用-毒-回合结束，造成施法者攻击力30%的间接伤害	2	1	21		1	1
402221101	怪物通用-流血-回合结束，造成伤害量25%的间接伤害	2	2	21		1	1
402221102	怪物通用-点燃-回合结束，造成伤害量40%的间接伤害	2	2	21		1	1
402221103	怪物通用-余震-回合结束，造成伤害量70%的间接伤害	2	2	21		1	1
402321101	怪物通用-诅咒-回合结束，造成最大生命值8%的间接伤害，伤害量不超过施法者150%攻击力	2	3	21		1	1
402421101	怪物通用-腐蚀-回合结束，造成当前生命值12%的间接伤害，伤害量不超过施法者150%攻击力	2	4	21		1	1
402521101	怪物通用-病毒-回合结束，造成当前生命值5%的间接伤害，伤害量不超过999999	2	5	21		1	1
406030151	怪物通用-锁血至1	6	3	1		999	1
406010151	怪物通用-单次受到伤害最高为0	6	1	1		999	1
467051	歼灭战，怪物通用，受到克制伤害提升20%	6	7	1		1	1
467052	歼灭战，怪物通用，受到克制伤害提升200%	6	7	1		1	1
414031051	歼灭战，怪物通用，受到纯血种的伤害提升20%	1	4031	1		1	1
414031052	歼灭战，怪物通用，受到纯血种的伤害降低20%	1	4031	1		1	1
414071051	歼灭战，怪物通用，受到混血种的伤害提升20%	1	4071	1		1	1
414071052	歼灭战，怪物通用，受到混血种的伤害降低20%	1	4071	1		1	1
414051051	歼灭战，怪物通用，受到异化种的伤害提升20%	1	4051	1		1	1
414051052	歼灭战，怪物通用，受到异化种的伤害降低20%	1	4051	1		1	1
400405151	歼灭战，怪物通用，封禁敌方DEBUFF技能	4	5	1		1	1
413011151	歼灭战，怪物通用，受到真实伤害提升30%	1	3011	1		1	1
413071151	歼灭战，怪物通用，受到破碎伤害提升30%	1	3071	1		1	1
413111151	歼灭战，怪物通用，受到破灭伤害提升30%	1	3111	1		1	1
414111151	歼灭战，怪物通用，受到间接伤害提升30%	1	2202	1		1	1
403020102	角色通用-升星被动-按33%攻击力施加HOT	3	2	1		1	1
401010901	角色通用-被动-114008-按自身2%/2.2%/2.6%/3%最大生命值为攻击力最高队友提升攻击力	1	101	8		999	1
401030701	角色通用-被动-904025-每点sp，最大生命值提升7.2%/9%/10.8%/12.6%	1	302	7		999	1
401201901	角色通用-被动-获得攻击力9%/11%/13%/15%的防御力	1	201	8		999	1
401301801	角色通用-被动-按自身150%/250%防御力，降低敌方最大生命值	1	301	8		999	1
401603701	角色通用-被动-101011-每点sp，暴击率+5.41%/6.76%/8.11%/9.46%	1	603	7		999	1
402010101	角色通用-毒-回合结束，造成施法者攻击力50%攻击力的间接伤害	2	1	21		1	1
402020101	角色通用-流血-回合结束，造成伤害量45%的间接伤害	2	2	21		1	1
402020102	角色通用-点燃-回合结束，造成伤害量45%的间接伤害	2	2	21		1	1
402020103	角色通用-余震-回合结束，造成伤害量45%的间接伤害	2	2	21		1	1
402030101	角色通用-诅咒-回合结束，造成最大生命值20%的间接伤害，伤害量不超过施法者120%攻击力	2	3	21		1	1
402040101	角色通用-腐蚀-回合结束，造成当前生命值12%的间接伤害，伤害量不超过施法者240%攻击力	2	4	21		1	1
402050101	角色通用-病毒-回合结束，造成当前生命值5%的间接伤害，伤害量不超过999999	2	5	21		1	1
405040107	角色通用-突破被动不升级-按5%受盾者最大生命值提供护盾	5	4	1		3	1
410001101	角色通用-被动-嘲讽	100	1	1		999	1
411010101	角色通用-被动-攻击力提升3%/6%/9%点	1	102	1		999	1
411020101	角色通用-被动-103021/109008/112002-攻击力提升7%/8.7%/10.3%/12%	1	102	1		999	1
411020102	角色通用-被动-102021-攻击力提升6%/7.3%/8.7%/10%	1	102	1		999	1
411020103	角色通用-被动-攻击力降低9%/10%/11%/12%/13%/14%/15%	1	102	1		999	1
411020104	角色通用-被动-110008-攻击力提升12%/14%/16%/18%	1	102	1		999	1
411020105	角色通用-被动-106002/112008-攻击力提升16%/19%/22%/25%	1	102	1		999	1
411020106	角色通用-被动-攻击力提升16%/24%	1	102	1		999	1
411020107	角色通用-被动-904041-攻击力提升3.5%/4.08%/4.67%/5.30%	1	102	1		999	1
411020117	角色通用-被动-102001/108004/904034/103006-攻击力提升3.5%/4.2%/4.8%/5.5%	1	102	1		999	1
411020115	角色通用-被动-117008-攻击力提升2.5%/3%/3.5%/4%	1	102	1		999	1
411020116	角色通用-被动-攻击力提升5%/5.5%/6%/6.5%/7%/7.5%/8%	1	102	1		999	1
411020121	角色通用-突破被动不升级-攻击力提升15%	1	102	1		999	1
411020122	角色通用-突破被动不升级-攻击力降低40%	1	102	1		999	1
411020123	角色通用-突破被动不升级-攻击力提升30%	1	102	1		999	1
411020134	角色通用-被动-暂时废弃-攻击力提升8%/9.3%/10.7%/12%	1	102	1		999	1
411021201	角色通用-突破被动不升级-生命值低于50%时，攻击力提升30%	1	102	12		999	1
411020119	角色通用-被动-104001-每损失1%生命值，攻击力提升0.3%/0.35%/0.4%/0.45%	1	102	10		999	1
411020120	角色通用-被动-108001-每点sp，攻击力+2.5%/4%/5.5%/7%	1	102	7		999	1
411020128	角色通用-被动-105004攻击力提升12%/14.7%/17.3%/20%	1	102	1		999	1
411020129	角色通用-被动-107008-攻击力提升6.5%/8.17%/9.83%/11.5%	1	102	1		999	1
411020130	角色通用-被动-904010-攻击力提升9%/11%/13%/15%	1	102	1		999	1
411020131	角色通用-被动-904014-攻击力提升7%/8.67%/10.33%/12%	1	102	1		999	1
411020135	角色通用-被动-129001-攻击力提升3%/3.5%/4%/4.5%	1	102	1		999	1
411021101	角色通用-被动-904033-生命值大于50%，攻击力提升14.4%/17.6%/20.8%/24%	1	102	11		999	1
411203101	角色通用-被动-102007-穿透率提升6%/7.3%/8.7%/10%	1	1203	1		999	1
411203102	角色通用-被动-穿透率降低9%/10%/11%/12%/13%/14%/15%	1	1203	1		999	1
411203103	角色通用-被动-114001-每有一点sp，穿透率提升2/3.4/4.8/6.2%	1	1203	7		999	1
411203104	角色通用-被动-穿透率提升2%/3%	1	1203	1		999	1
411203105	角色通用-被动-904005-穿透率提升11.2%/13.53%/15.87%/18.2%	1	1203	1		999	1
411203112	角色通用-被动-穿透率提升4%/6%	1	1203	1		999	1
411203113	角色通用-被动-108004/103006-穿透率提升3.5%/4.2%/4.8%/5.5%	1	1203	1		999	1
411203120	角色通用-被动-105006-穿透率提升10%/11.67%/13.33%/15%	1	1203	1		999	1
411203114	角色通用-突破被动不升级-穿透率提升20%	1	1203	1		999	1
411203115	角色通用-突破被动不升级-穿透率提升12%	1	1203	1		999	1
411203116	角色通用-突破被动不升级-穿透率提升15%	1	1203	1		999	1
411203117	角色通用-突破被动不升级-穿透率提升25%	1	1203	1		999	1
411203118	角色通用-突破被动不升级-穿透率提升40%	1	1203	1		999	1
411203121	角色通用-被动-108008-穿透率提升9%/10.5%/12%/13.5%	1	1203	1		999	1
411303101	角色通用-被动-103019-忍耐率提升10%/11.67%/13.33%/15%	1	1303	1		999	1
411303102	角色通用-被动-忍耐率提升20%/30%	1	1303	1		999	1
411303103	角色通用-被动-忍耐率提升10%/15%	1	1303	1		999	1
411303104	角色通用-被动-忍耐率提升1.5%/2.0%/2.5%/3.0%	1	1303	1		999	1
411303105	角色通用-被动-忍耐率降低9%/11%/13%/15%	1	1303	1		999	1
411303108	角色通用-被动-102011-忍耐率提升9%/10%/11%/12%	1	1303	1		999	1
411303109	角色通用-被动-忍耐率提升4%/6%	1	1303	1		999	1
411303112	角色通用-被动-103006-忍耐率提升3.5%/4.2%/4.8%/5.5%	1	1303	1		999	1
411303114	角色通用-突破被动不升级-忍耐率降低12%	1	1303	1		999	1
411303115	角色通用-突破被动不升级-忍耐率提升6%	1	1303	1		999	1
411303801	角色通用-突破被动不升级-按施法者忍耐率的25%，减低忍耐率	1	1303	8		999	1
411303121	角色通用-被动-106008-生命值低于50%，忍耐率提升15%/20%/25%/30%	1	1303	12		999	1
411303122	角色通用-被动-忍耐率提升10%/11.7%/13.3%/15%，防御相关能力提升	1	1303	1		999	1
411303701	角色通用-被动-104008-每点sp，忍耐率提升6.6%/7.4%/8.2%/9%	1	1303	7		999	1
411501101	角色通用-被动-105002-最终伤害提升9%/10.5%12%/13.5%	1	1501	1		999	1
411501102	角色通用-被动-108006/107010-最终伤害提升20%/23.3%/26.7%/30%	1	1501	1		999	1
411501103	角色通用-被动-最终伤害减免12%/13%/14%/15%/16%/17%/18%	1	1502	1		999	1
411501104	角色通用-被动-102008-最终伤害提升8%/9.3%/10.7%/12%	1	1501	1		999	1
411501105	角色通用-被动-106009-最终伤害提升30%/33%/37%/40%	1	1501	1		999	1
411501107	角色通用-突破被动不升级-最终伤害提升7%，冬季奇遇	1	1501	1		999	1
411501108	角色通用-被动-904001-最终伤害提升10%/11.7%/13.3%/15%	1	1501	1		999	1
411501109	角色通用-被动-904020-最终伤害提升18%/12%/26%/30%	1	1501	1		999	1
411501110	角色通用-被动-137008-最终伤害提升4%/5.3%/6.7%/8%	1	1501	1		999	1
411501111	角色通用-被动-108006-最终伤害提升8%/12%/12%/15%	1	1501	1		999	1
411501112	角色通用-升星被动不升级-129001-最终伤害提升15%	1	1501	1		999	1
411502101	角色通用-被动-904002-受到最终伤害降低6%/7%/8%/9%	1	1502	1		999	1
411502105	角色通用-突破被动不升级-每损失1%生命值，最终伤害减免提升0.8%	1	1502	10		999	1
411601101	角色通用-被动-107005-造成治疗效果提升9%/11%/13%/15%	1	1601	1		999	1
411601102	角色通用-被动-造成治疗效果提升6%/9%	1	1601	1		999	1
411601104	角色通用-被动-造成治疗效果提升4%/6%	1	1601	1		999	1
411601105	角色通用-被动-103006-造成治疗效果提升3.5%/4.2%/4.8%/5.5%	1	1601	1		999	1
411601106	角色通用-突破被动不升级-造成治疗效果提升15%	1	1601	1		999	1
411601107	角色通用-突破被动不升级-造成治疗效果提升10%	1	1601	1		999	1
411601108	角色通用-突破被动不升级-造成治疗效果提升20%	1	1601	1		999	1
411601201	角色通用-被动-104003/107005-受到治疗效果提升9%/11%/13%/15%	1	1602	1		999	1
411601202	角色通用-被动-受到治疗效果降低0.8%/1.2%	1	1602	1		999	1
411601203	角色通用-被动-受到治疗效果提升4%/6%	1	1602	1		999	1
411601204	角色通用-被动-103006-受到治疗效果提升3.5%/4.2%/4.8%/5.5%	1	1602	1		999	1
411601206	角色通用-突破被动不升级-受到治疗效果提升15%	1	1602	1		999	1
411602101	角色通用-被动-904006-每损失1%生命值，降低0.6%/0.7%/0.8%/0.9%获得治疗效果	1	1602	10		999	1
411602105	角色通用-被动-受到治疗效果提升x%-极寒朔风被动	1	1602	1		999	1
411701101	角色通用-被动-吸血提升18%/20%/22%/24%/26%/28%/30%	1	1701	1		999	1
411701102	角色通用-被动-吸血提升0.4%/0.6%	1	1701	1		999	1
411701103	角色通用-被动-908002-每损失1%生命值，获得0.36%/0.44%/0.52%/0.6%吸血效果	1	1701	10		999	1
411701107	角色通用-突破被动不升级-吸血提升5%	1	1701	1		999	1
411701108	角色通用-突破被动不升级-吸血提升15%	1	1701	1		999	1
411701109	角色通用-突破被动不升级-吸血提升10%	1	1701	1		999	1
412020101	角色通用-被动-101005/904026-防御力提升13.5%/16.5%/19.5%/22.5%	1	202	1		999	1
412020102	角色通用-被动-102021-防御力提升6%/7.3%/8.7%/10%	1	202	1		999	1
412020103	角色通用-被动-103019-防御力提升10%/11.67%/13.33%/15%	1	202	1		999	1
412020104	角色通用-被动-102011-防御力提升9%/10%/11%/12%	1	202	1		999	1
412020105	角色通用-被动-904022-防御力降低9%/11%/13%/15%	1	202	1		999	1
412020114	角色通用-被动-防御力提升4%/6%	1	202	1		999	1
412020119	角色通用-被动-102001/904034/103006-防御力提升3.5%/4.2%/4.8%/5.5%	1	202	1		999	1
412020115	角色通用-被动-防御力提升5%/5.5%/6%/6.5%/7%/7.5%/8%	1	202	1		999	1
412020122	角色通用-突破被动不升级-防御力降低20%	1	202	1		999	1
412020123	角色通用-被动-104003-防御力提升9%/10.5%/12%/13.5%	1	202	1		999	1
412020124	角色通用-被动-904010-防御力提升9%/11%/13%/15%	1	202	1		999	1
412020128	角色通用-被动-防御力提升10%/11.7%/13.3%/15%，防御相关能力提升	1	202	1		999	1
412101101	角色通用-被动-造成护盾效果提升6%/7%/8%/9%/10%/11%/12%	1	2101	1		999	1
412101102	角色通用-被动-107005-造成护盾效果提升9%/11%/13%/15%	1	2101	1		999	1
412101104	角色通用-被动-造成护盾效果提升4%/6%	1	2101	1		999	1
412101105	角色通用-被动-103006-造成护盾效果提升3.5%/4.2%/4.8%/5.5%	1	2101	1		999	1
412101106	角色通用-突破被动不升级-造成护盾效果提升15%	1	2101	1		999	1
412101109	角色通用-突破被动不升级-长夜冰冕专属-造成护盾效果提升25%	1	2101	1		999	1
412102101	角色通用-被动-107005-受到护盾效果提升9%/11%/13%/15%	1	2102	1		999	1
412102103	角色通用-被动-受到护盾效果提升4%/5%	1	2102	1		999	1
412102104	角色通用-被动-103006-受到护盾效果提升3.5%/4.2%/4.8%/5.5%	1	2102	1		999	1
412102105	角色通用-突破被动不升级-受到护盾效果提升15%	1	2102	1		999	1
412601101	角色通用-突破被动不升级-每溢出1%暴击率，提升2.5%暴击伤害	1	2601	1		999	1
412201101	角色通用-被动-103007-间接伤害提升10%/11.7%/13.3%/15%	1	2201	1		999	1
413020101	角色通用-被动-102021-生命值提升6%/7.3%/8.7%/10%	1	302	1		999	1
413020102	角色通用-被动-111002-生命值提升15%/18.3%/21.7%/25%	1	302	1		999	1
413020103	角色通用-被动-107005-生命值提升9%/11%/13%/15%	1	302	1		999	1
413020104	角色通用-被动-生命值提升4%/6%	1	302	1		999	1
413020109	角色通用-被动-102001/904034/103006-生命值提升3.5%/4.2%/4.8%/5.5%	1	302	1		999	1
413020107	角色通用-被动-生命值提升6%/9%	1	302	1		999	1
413020110	角色通用-被动-生命值提升5%/9%/15%	1	302	1		999	1
413020113	角色通用-突破被动不升级-最大生命值提升15%	1	302	1		999	1
413020114	角色通用-被动-103008/111008-生命值提升13.5%/16.5%/19.5%/22.5%	1	302	1		999	1
413020115	角色通用-被动-904010-生命值提升9%/11%/13%/15%	1	302	1		999	1
416030101	角色通用-被动-101013-暴击率提升+6%/7.3%/8.7%/10%	1	603	1		999	1
416030102	角色通用-被动-101008-暴击率提升+16%/19.33%/22.67%/26%	1	603	1		999	1
416030103	角色通用-被动-暴击率降低9%/10%/11%/12%/13%/14%/15%	1	603	1		999	1
416030104	角色通用-被动-105001-暴击率提升2.5%/3.67%/4.83%/6%	1	603	1		999	1
416030113	角色通用-被动-103006-暴击率提升3.5%/4.2%/4.8%/5.5%	1	603	1		999	1
416030105	角色通用-被动-暴击率提升40%/60%	1	603	1		999	1
416030106	角色通用-被动-暴击率提升50%/75%	1	603	1		999	1
416030120	角色通用-被动-108004-暴击率提升3.5%/4.17%/4.83%/5.5%	1	603	1		999	1
416030115	角色通用-突破被动不升级-暴击率提升50%	1	603	1		999	1
416030116	角色通用-突破被动不升级-暴击率提升15%	1	603	1		999	1
416030117	角色通用-突破被动不升级-暴击率提升25%	1	603	1		999	1
416030701	角色通用-被动-每有1点SP获得10%/15%暴击率提升	1	603	7		999	1
416030124	角色通用-被动-暴击率提升8/9/10/11%，诡夜雾行	1	603	1		999	1
416030801	角色通用-被动-根据暴击抵抗的64%/70%/76%/82%/88%/94%/100%降低目标暴击率	1	603	8		999	1
416030802	角色通用-被动-103002-根据暴击抵抗的50%/58.3%/66.7%/75%提升暴击率	1	603	8		999	1
416031001	角色通用-被动-自身每损失1%生命值，暴击率提升0.3%/0.35%/0.4%/0.45%/0.5%/0.55%/0.6%	1	603	10		999	1
417030101	角色通用-被动-暴击伤害提升9%/10%/11%/12%/13%/14%/15%	1	703	1		999	1
417030102	角色通用-被动-暴击伤害降低9%/10%/11%/12%/13%/14%/15%	1	703	1		999	1
417030103	角色通用-被动-105008/113008-暴击伤害提升25%/32%/38%/45%	1	703	1		999	1
417030104	角色通用-被动-暴击伤害提升40%/60%	1	703	1		999	1
417030105	角色通用-被动-暴击伤害提升10%/12%	1	703	1		999	1
417030106	角色通用-被动-暴击伤害提升6%/7%/8%/9%/10%/11%/12%	1	703	1		999	1
417030114	角色通用-被动-暴击伤害提升4%/6%	1	703	1		999	1
417030115	角色通用-被动-108004/103006-暴击伤害提升3.5%/4.2%/4.8%/5.5%	1	703	1		999	1
417030112	角色通用-被动-107001-暴击伤害提升5%/6%/7%/8%	1	703	1		999	1
417030113	角色通用-突破被动不升级-暴击伤害提升40%	1	703	1		999	1
417030116	角色通用-突破被动不升级-暴击伤害提升15%	1	703	1		999	1
417030117	角色通用-突破被动不升级-暴击伤害提升30%	1	703	1		999	1
417030119	角色通用-被动-904015-暴击伤害提升4.5%/5.5%/6.5%/7.5%	1	703	1		999	1
417031001	角色通用-突破被动不升级-每损失1%生命值，暴击伤害提升1.2%	1	703	10		999	1
418030101	角色通用-被动-103019-暴击抵抗提升10%/11.67%/13.33%/15%	1	803	1		999	1
418030102	角色通用-被动-904022-暴击抵抗降低9%/11%/13%/15%	1	803	1		999	1
418030105	角色通用-被动-102011-暴击抵抗提升9%/10%/11%/12%	1	803	1		999	1
418030106	角色通用-被动-暴击抵抗提升4%/6%	1	803	1		999	1
418030109	角色通用-被动-103006-暴击抵抗提升3.5%/4.2%/4.8%/5.5%	1	803	1		999	1
418030114	角色通用-被动-暴击抵抗提升10%/11.7%/13.3%/15%-防御相关能力提升	1	803	1		999	1
418030115	角色通用-被动-升星被动不升级-暴击率抵抗降低20%-129001	1	803	1		999	1
419030101	角色通用-被动-103019-暴伤抵抗提升10%/11.67%/13.33%/15%	1	903	1		999	1
419030102	角色通用-被动-904022-暴伤抵抗降低9%/11%/13%/15%	1	903	1		999	1
419030105	角色通用-被动-暴伤抵抗提升4%/6%	1	903	1		999	1
419030108	角色通用-被动-103006-暴伤抵抗提升3.5%/4.2%/4.8%/5.5%	1	903	1		999	1
419030104	角色通用-被动-102011-暴伤抵抗提升9%/10%/11%/12%	1	903	1		999	1
419030114	角色通用-被动-暴伤抵抗提升10%/11.7%/13.3%/15%-防御相关能力提升	1	903	1		999	1
419030115	角色通用-被动-升星被动不升级-暴击伤害抵抗降低20%-129001	1	903	1		999	1
416030112	角色通用-被动-暴击率提升3%/5%/7%/9%/11%/13%/15%	1	603	1		999	1
412201102	角色通用-被动-间接伤害加成x%，140008被动	1	2201	1		999	1
405010108	角色通用-技能-按150%攻击力施加护盾	5	1	1		3	1
403020101	角色通用-技能-按4%/6%/10%最大生命值施加HOT	3	2	1		1	1
404010101	角色通用-技能-眩晕	4	1	1		3	1
404030101	角色通用-技能-禁止BUFF类技能	4	3	1		1	1
404040102	角色通用-技能-禁止进攻类技能	4	4	1		1	1
404070101	角色通用-技能-沉默	4	7	1		1	1
405010101	角色通用-技能-按250%/375%/625%攻击力施加护盾	5	1	1		3	1
405010102	角色通用-技能-按250%/375%/625%攻击力提供护盾	5	1	1		3	1
405010103	角色通用-技能-按100%/150%/200%攻击力提供护盾——单体护盾	5	1	1		3	1
405010104	角色通用-技能-按80%/120%/160%攻击力提供护盾——群体护盾	5	1	1		3	1
405010106	角色通用-技能-按90%/135%/225%攻击力提供护盾	5	1	1		3	1
405070101	角色通用-技能-按施法者33%/50%/67%最大生命值提供护盾——单体护盾	5	7	1		3	1
405070102	角色通用-技能-按施法者26%/40%/54%最大生命值提供护盾——群体护盾	5	7	1		3	1
405070105	角色通用-技能-按施法者20/33%%最大生命值提供护盾-111002的3星护盾效果	5	7	1		3	1
406040104	角色通用-5破被动不升级-全体20%伤害传递	6	4	1		3	1
406040105	血夜密探-技能-25/25/35%伤害扩散	6	4	1		3	1
407020101	角色通用-技能-无法获得护盾效果	7	2	1		3	1
407020102	角色通用-技能-无法获得治疗效果	7	2	1		3	1
407020103	角色通用-技能-无法获得持续治疗效果	7	2	1		3	1
410001103	角色通用-技能-嘲讽	100	1	1		3	1
410020101	角色通用-技能-挑衅	100	2	1		1	1
411010102	角色通用-技能-按20%/30%/40%基础攻击力提供攻击力	1	101	2		1	1
411020108	角色通用-技能-攻击力减少15%/25/40%	1	102	1		1	1
411020110	角色通用-技能-攻击力提升10%/15%/20%——基础能力提升，单体	1	102	1		1	1
411020111	角色通用-技能-攻击力降低20%/30%/40%	1	102	1		1	1
411020112	角色通用-技能-攻击力提升15%/20%/25%——攻击相关能力提升，单体	1	102	1		1	1
411020114	角色通用-技能-攻击力提升15%/20/30%——提升自身/友方单体	1	102	1		1	1
411203106	角色通用-技能-穿透率减少15%/25/40%	1	1203	1		1	1
411203109	角色通用-技能-穿透率提升15%/20/30%	1	1203	1		1	1
411203110	角色通用-技能-穿透率提升20%/30%/50%	1	1203	1		1	1
411203111	角色通用-技能-穿透率提升12%/16%/24%-友方全体2回合	1	1203	1		1	1
411203119	角色通用-技能-穿透率提升15%/20%/25%——攻击相关能力提升，单体	1	1203	1		1	1
411303106	角色通用-技能-忍耐率提升20%/30%/50%	1	1303	1		1	1
411303107	角色通用-技能-忍耐率降低10%/15%/25%	1	1303	1		1	1
411303110	角色通用-技能-忍耐率降低20%/30%/40%	1	1303	1		1	1
411303111	角色通用-技能-忍耐率降低30%/45%/60%	1	1303	1		1	1
411502102	角色通用-技能-受到伤害提升10%	1	1502	1		1	1
411502103	角色通用-技能-受到伤害降低15%/25%/40%——单体	1	1502	1		1	1
411502104	角色通用-技能-受到伤害降低40%/50%/55%	1	1502	1		1	1
411602102	角色通用-技能-提升受到治疗效果20%/30%/50%	1	1602	1		1	1
411701104	角色通用-技能-获得20%/30%/40%吸血	1	1701	1		1	1
411701105	角色通用-技能-获得15%/25%/35%吸血——单体	1	1701	1		1	1
412010801	角色通用-技能-增加目标20%/30%/50%防御，不超过目标防御力的20%/30%/50%	1	201	8		1	1
412010901	角色通过-技能-降低目标20%/30%/50%防御，不超过自己防御力的20%/30%/50%	1	201	9		1	1
412020106	角色通用-技能-提升10%/20%/30%防御力	1	202	1		1	1
412020107	角色通用-技能-防御力提升10%/15%/20%——基础能力提升，单体	1	202	1		1	1
412020109	角色通用-技能-防御力提升100%	1	202	1		1	1
412020110	角色通用-技能-防御力提升30%/40%/50%——钢铁傀儡	1	202	1		1	1
412020111	角色通用-技能-防御力提升30%/45%/75%	1	202	1		1	1
412020113	角色通用-技能-防御力提升20/20%/35%	1	202	1		1	1
412020116	角色通用-技能-防御力降低20%/30%/40%	1	202	1		1	1
412020117	角色通用-技能-防御力降低30%/45%/60%	1	202	1		1	1
412020121	角色通用-技能-防御力降低25%——技能附带效果，单体，130008的5星用	1	202	1		1	1
413020105	角色通用-被动-生命值提升10%/15%/20%——基础能力提升，单体	1	302	1		1	1
413020106	角色通用-技能-生命值提高20%/30%/50%	1	302	1		1	1
416030107	角色通用-技能-暴击率减少15%/25/40%	1	603	1		1	1
416030110	角色通用-技能-暴击率提升15%/20%/30%——友方单体	1	603	1		1	1
416030111	角色通用-技能-暴击率提升10%/15/25%	1	603	1		1	1
416030114	角色通用-技能-暴击率提升10%/15/20%	1	603	1		1	1
416030118	角色通用-技能-暴击率提升15%/20%/25%——攻击相关能力提升，单体	1	603	1		1	1
417030107	角色通用-技能-提升暴击伤害20%/30%/50%	1	703	1		1	1
417030108	角色通用-技能-暴击伤害减少15%/25/40%	1	703	1		1	1
417030111	角色通用-技能-暴击伤害提升15%/20/30%	1	703	1		1	1
417030118	角色通用-技能-暴击伤害提升15%/20%/25%——攻击相关能力提升，单体	1	703	1		1	1
418030104	角色通用-技能-暴击抵抗降低15%/15%/25%——敌方单体，双抗降低，搭配419030103	1	803	1		1	1
418030107	角色通用-技能-暴击抵抗降低20%/30%/40%	1	803	1		1	1
418030108	角色通用-技能-暴击抵抗降低30%/45%/60%	1	803	1		1	1
419030103	角色通用-技能-暴伤抵抗降低0/30%/50%——敌方单体，双抗降低，搭配418030104	1	903	1		1	1
419030106	角色通用-技能-暴伤抵抗降低20%/30%/40%	1	903	1		1	1
419030107	角色通用-技能-暴伤抵抗降低30%/45%/60%	1	903	1		1	1
412202101	角色通用-技能-受到间接伤害提升x%	1	2202	1		1	1
404040101	角色通用-大招-禁止进攻类技能	4	4	1		1	1
404060101	角色通用-大招-禁止治疗技能	4	6	1		1	1
405010105	角色通用-大招-按183%攻击力提供护盾——友方全体	5	1	1		3	1
405010107	角色通用-大招-按183%攻击力提供护盾——友方单体	5	1	1		3	1
405070103	角色通用-大招-按施法者76%最大生命值提供护盾——单体护盾	5	7	1		3	1
405070104	角色通用-大招-按施法者60%最大生命值提供护盾——群体护盾	5	7	1		3	1
406040101	铠甲骑士-大招-承担友方25%/27.5%/30%/32.5%/35%/37.5%所受伤害	6	4	1		3	1
406040102	暗夜小音-大招-35%伤害传递	6	4	1		3	1
406040103	长夜冰冕-大招-承担友方40%/44%/48%/52%/56%/60%所受伤害	6	4	1		3	1
410001102	角色通用-大招-嘲讽	100	1	1		3	1
411010103	角色通用-大招-按25%/27.5%/30%/32.5%/35%/37.5%基础攻击力为友方提供攻击力	1	101	2		1	1
411020109	角色通用-大招-攻击力降低30%/33%/36%/39%/42%/45%	1	102	1		1	1
411020113	角色通用-大招-攻击力提高18%——冬季奇遇大招群体	1	102	1		1	1
411028101	角色通用-大招-增加目标25%攻击力，不超过目标攻击力的25%	1	101	8		1	1
411029101	角色通过-大招-降低目标25%攻击力，不超过自己攻击力的25%	1	101	9		1	1
411203107	角色通用-大招-穿透率降低30%/33%/36%/39%/42%/45%	1	1203	1		1	1
411203108	角色通用-大招-穿透率提高40%——攻击相关能力提升，单体	1	1203	1		1	1
411501106	角色通用-大招-造成最终伤害提升10%/20%/30%/40%/50%/60%	1	1501	1		1	1
411701106	角色通用-大招-获得吸血50%	1	1701	1		1	1
412002101	角色通用-大招-获得40%反伤	1	2002	1		1	1
412020108	角色通用-大招-防御力提升100%	1	202	1		1	1
412020112	角色通用-大招-防御力提升50%-104003	1	202	1		1	1
412020118	角色通用-大招-防御力提升100%/100%/100%/100%/100%/100%	1	202	1		1	1
413020108	角色通用-大招-生命值提升50%	1	302	1		1	1
413020111	角色通用-大招-生命值降低15%	1	302	1		1	1
413020112	角色通用-大招-生命值提升30%	1	302	1		1	1
416030108	角色通用-大招-暴击率降低30%/33%/36%/39%/42%/45%	1	603	1		1	1
416030109	角色通用-大招-暴击率提高27%——友方全体	1	603	1		1	1
416030119	角色通用-大招-暴击率提高40%——攻击相关能力提升，单体	1	603	1		1	1
417030109	角色通用-大招-暴击伤害降低30%/33%/36%/39%/42%/45%	1	703	1		1	1
417030110	角色通用-大招-暴击伤害提高40%——云沛sr大招单体	1	703	1		1	1
418030103	角色通用-大招-暴击抵抗提升40%/44%/48%/52%/56%/60%	1	803	1		1	1
412020120	角色通用-大招-防御力提升30%-SR自身防御相关能力提升	1	202	1		1	1
412020127	角色通用-大招-防御力提升45%-SSR友单防御相关能力提升	1	202	1		1	1
418030110	角色通用-大招-暴击抵抗提升30%-SR自身防御相关能力提升	1	803	1		1	1
418030113	角色通用-大招-暴击抵抗提升45%-SSR友单防御相关能力提升	1	803	1		1	1
419030109	角色通用-大招-暴伤抵抗提升30%-SR自身防御相关能力提升	1	903	1		1	1
419030113	角色通用-大招-暴伤抵抗提升45%-SSR友单防御相关能力提升	1	903	1		1	1
411303113	角色通用-大招-忍耐率提升30%-SR自身防御相关能力提升	1	1303	1		1	1
411303119	角色通用-大招-忍耐率提升45%-SSR友单防御相关能力提升	1	1303	1		1	1
411601103	角色通用-大招-造成治疗效果降低15%	1	1601	1		1	1
411601205	角色通用-大招-受到治疗效果降低15%	1	1602	1		1	1
412101103	角色通用-大招-造成护盾效果降低15%	1	2101	1		1	1
412102102	角色通用-大招-受到护盾效果降低15%	1	2102	1		1	1
411020124	角色通用-被动-113001/131008-攻击力提高4%/4.7%/5.3%/6%	1	102	1		999	1
411020125	角色通用-被动-113001/131008-防御力提高4%/4.7%/5.3%/6%	1	202	1		999	1
411020126	角色通用-被动-113001/131008-血量提高4%/4.7%/5.3%/6%	1	302	1		999	1
411020127	角色通用-被动-127008-攻击力9%/11%/13%/15%	1	102	1		999	1
410900201	角色通用-被动-受到伤害提升40%/50%/60%/80%	1	1502	1		999	1
410900202	角色通用-被动-受到伤害提升30%	1	1502	1		999	1
410900203	角色通用-被动-受到伤害降低10%	1	1502	1		999	1
410900204	角色通用-被动-受到伤害提升8%	1	1502	1		1	1
410900205	角色通用-技能-攻击力降低10%/10%/15%	1	102	1		1	1
410900206	角色通用-30%生命生成护盾	5	7	1		3	1
410900207	白瑰绮晶-被动-攻击力提升12%/20%/20%/30%	1	102	1		999	1
410900208	白瑰绮晶-被动-暴击提升12%/20%/20%/30%	1	603	1		999	1
410900209	白瑰绮晶-被动-暴伤提升12%/20%/20%/30%	1	703	1		999	1
410900210	白瑰绮晶-被动-力提升4%/6.7%/6.7%/10%	1	102	1		999	1
410900211	白瑰绮晶-被动-暴击提升4%/6.7%/6.7%/10%	1	603	1		999	1
410900212	白瑰绮晶-被动-暴伤提升4%/6.7%/6.7%/10%	1	703	1		999	1
410900213	白瑰绮晶-1星升星被动-造成护盾提升30%	1	2101	1		999	1
410900214	角色通用-28%生命生成护盾	5	7	1		3	1
410900215	白瑰绮晶-锁血至1	6	8	1		999	1
411020132	SR角色通用-3星升星被动-攻击力提升8%	1	102	1		999	1
411020133	R角色通用-3星升星被动-攻击力提升5%	1	102	1		999	1
412020125	SR角色通用-3星升星被动-防御力提升15%	1	202	1		999	1
412020126	R角色通用-3星升星被动-最防御力提升10%	1	202	1		999	1
413020116	SR角色通用-3星升星被动-最大生命值提升15%	1	302	1		999	1
413020117	R角色通用-3星升星被动-最大生命值提升10%	1	302	1		999	1
416030121	SR角色通用-5星升星被动-暴击率+6%	1	603	1		999	1
416030122	SR角色通用-5星升星被动-暴击率+12%	1	603	1		999	1
417030120	SR角色通用-5星升星被动-暴击伤害+12%	1	703	1		999	1
417030121	SR角色通用-5星升星被动-暴击伤害+24%	1	703	1		999	1
411203122	SR角色通用-5星升星被动-穿透率+4.5%	1	1203	1		999	1
411203123	SR角色通用-5星升星被动-穿透率+9%	1	1203	1		999	1
418030111	SR角色通用-5星升星被动-暴击抵抗+6%	1	803	1		999	1
418030112	SR角色通用-5星升星被动-暴击抵抗+12%	1	803	1		999	1
419030110	SR角色通用-5星升星被动-暴伤抵抗+12%	1	903	1		999	1
419030111	SR角色通用-5星升星被动-暴伤抵抗+24%	1	903	1		999	1
411303116	SR角色通用-5星升星被动-忍耐率+9%	1	1303	1		999	1
411303117	SR角色通用-5星升星被动-忍耐率+18%	1	1303	1		999	1
411601109	SR角色通用-5星升星被动-造成治疗提升+8%	1	1601	1		999	1
411601110	SR角色通用-5星升星被动-造成治疗提升+16%	1	1601	1		999	1
411602103	SR角色通用-5星升星被动-受到治疗提升+8%	1	1602	1		999	1
411602104	SR角色通用-5星升星被动-受到治疗提升+16%	1	1602	1		999	1
412102106	SR角色通用-5星升星被动-受到护盾提升+8%	1	2102	1		999	1
412102107	SR角色通用-5星升星被动-受到护盾提升+16%	1	2102	1		999	1
412101107	SR角色通用-5星升星被动-造成护盾提升8%	1	2101	1		999	1
412101108	SR角色通用-5星升星被动-造成护盾提升16%	1	2101	1		999	1
416030123	SR角色通用-5星升星被动-暴击率+8%	1	603	1		999	1
417030122	SR角色通用-5星升星被动-暴击伤害+16%	1	703	1		999	1
411203124	SR角色通用-5星升星被动-穿透率+6%	1	1203	1		999	1
419030112	SR角色通用-5星升星被动-暴伤抵抗+16%	1	903	1		999	1
411303118	SR角色通用-5星升星被动-忍耐率+12%	1	1303	1		999	1
499999		1	202	1		1	1
888888	测试	5	4	1		3	1
5010001	猫球被动-R-攻击力增加24/36/42/48	1	101	1		3	1
5010002	猫球被动-R-防御力增加12/16.5/21/24	1	201	1		3	1
5010003	猫球被动-R-最大生命值增加72/99/126/144	1	301	1		3	1
5010004	猫球被动-SR-加攻击力百分比4/6/7/8%	1	102	1		3	1
5010005	猫球被动-SR-加防御力百分比8/11/14/16%	1	202	1		3	1
5010006	猫球被动-SR-加最大生命值百分比8/11/14/16%	1	302	1		3	1
5010007	猫球被动-SR-加忍耐率8/11/14/16%	1	1303	1		3	1
5010008	猫球被动-SR-加穿透率4/6/7/8%	1	1203	1		3	1
5010009	猫球被动-SR-加受到护盾增加8/11/14/16%	1	2102	1		3	1
5010010	猫球被动-SR-加受到治疗增加8/11/14/16%	1	1602	1		3	1
5010011	猫球技能-诅咒-回合结束，造成最大生命值15%的间接伤害，伤害量不超过施法者90%攻击力	2	3	21		3	1
50100111	猫球技能-诅咒-回合结束，造成最大生命值15%的间接伤害，伤害量不超过施法者90%攻击力	2	3	21		3	1
50100112	猫球技能-诅咒-回合结束，造成最大生命值15%的间接伤害，伤害量不超过施法者90%攻击力	2	3	21		3	1
50100113	猫球技能-诅咒-回合结束，造成最大生命值15%的间接伤害，伤害量不超过施法者90%攻击力	2	3	21		3	1
5010012	猫球技能-SR-单体12%伤害扩散，持续2回合	6	4	1		3	1
50100121	猫球技能-SR-单体14%伤害扩散，持续2回合	6	4	1		3	1
50100122	猫球技能-SR-单体17%伤害扩散，持续2回合	6	4	1		3	1
50100123	猫球技能-SR-单体18%伤害扩散，持续2回合	6	4	1		3	1
5010013	猫球技能-SSR-单体17%伤害扩散，持续2回合	6	4	1		3	1
50100131	猫球技能-SSR-单体20%伤害扩散，持续2回合	6	4	1		3	1
50100132	猫球技能-SSR-单体24%伤害扩散，持续2回合	6	4	1		3	1
50100133	猫球技能-SSR-单体26%伤害扩散，持续2回合	6	4	1		3	1
5010014	猫球技能-SR-群体6%伤害传递，持续2回合	6	4	1		3	1
50100141	猫球技能-SR-群体8%伤害传递，持续2回合	6	4	1		3	1
50100142	猫球技能-SR-群体12%伤害传递，持续2回合	6	4	1		3	1
50100143	猫球技能-SR-群体20%伤害传递，持续2回合	6	4	1		3	1
5010015	猫球技能-SSR-群体9%伤害传递，持续2回合	6	4	1		3	1
50100151	猫球技能-SSR-群体11%伤害传递，持续2回合	6	4	1		3	1
50100152	猫球技能-SSR-群体13%伤害传递，持续2回合	6	4	1		3	1
50100153	猫球技能-SSR-群体14%伤害传递，持续2回合	6	4	1		3	1
5010017	猫球技能-R-单体19%攻击力护盾，持续2回合	5	1	1		3	1
50100171	猫球技能-R-单体23%攻击力护盾，持续2回合	5	1	1		3	1
50100172	猫球技能-R-单体27%攻击力护盾，持续2回合	5	1	1		3	1
50100173	猫球技能-R-单体29%攻击力护盾，持续2回合	5	1	1		3	1
5010018	猫球技能-SR-单体20%攻击力护盾，持续2回合	5	1	1		3	1
50100181	猫球技能-SR-单体24%攻击力护盾，持续2回合	5	1	1		3	1
50100182	猫球技能-SR-单体28%攻击力护盾，持续2回合	5	1	1		3	1
50100183	猫球技能-SR-单体30%攻击力护盾，持续2回合	5	1	1		3	1
5010019	猫球技能-SSR-单体35%攻击力护盾，持续2回合	5	1	1		3	1
50100191	猫球技能-SSR-单体42%攻击力护盾，持续2回合	5	1	1		3	1
50100192	猫球技能-SSR-单体49%攻击力护盾，持续2回合	5	1	1		3	1
50100193	猫球技能-SSR-单体53%攻击力护盾，持续2回合	5	1	1		3	1
5010020	猫球技能-R-群体攻击力护盾，持续2回合	5	1	1		3	1
50100201	猫球技能-R-群体攻击力护盾，持续2回合	5	1	1		3	1
50100202	猫球技能-R-群体攻击力护盾，持续2回合	5	1	1		3	1
50100203	猫球技能-R-群体攻击力护盾，持续2回合	5	1	1		3	1
5010021	猫球技能-SR-群体14%攻击力护盾，持续2回合	5	1	1		3	1
50100211	猫球技能-SR-群体17%攻击力护盾，持续2回合	5	1	1		3	1
50100212	猫球技能-SR-群体20%攻击力护盾，持续2回合	5	1	1		3	1
50100213	猫球技能-SR-群体21%攻击力护盾，持续2回合	5	1	1		3	1
5010022	猫球技能-SSR-群体23%攻击力护盾，持续2回合	5	1	1		3	1
50100221	猫球技能-SSR-群体28%攻击力护盾，持续2回合	5	1	1		3	1
50100222	猫球技能-SSR-群体32%攻击力护盾，持续2回合	5	1	1		3	1
50100223	猫球技能-SSR-群体35%攻击力护盾，持续2回合	5	1	1		3	1
5010023	猫球技能-SSR-技能-猫球10%攻击力HOT，持续3回合	3	1	1		3	1
50100231	猫球技能-SSR-技能-猫球13%攻击力HOT，持续3回合	3	1	1		3	1
50100232	猫球技能-SSR-技能-猫球20%攻击力HOT，持续3回合	3	1	1		3	1
50100233	猫球技能-SSR-技能-猫球34%攻击力HOT，持续3回合	3	1	1		3	1
50100241	猫球技能-SSR-降低6%攻击相关能力-攻击力，持续2回合	1	102	1		3	1
501002411	猫球技能-SSR-降低7%攻击相关能力-攻击力，持续2回合	1	102	1		3	1
501002421	猫球技能-SSR-降低8%攻击相关能力-攻击力，持续2回合	1	102	1		3	1
501002431	猫球技能-SSR-降低9%攻击相关能力-攻击力，持续2回合	1	102	1		3	1
50100242	猫球技能-SSR-降低6%攻击相关能力-暴击率，持续2回合	1	603	1		3	1
501002412	猫球技能-SSR-降低7%攻击相关能力-暴击率，持续2回合	1	603	1		3	1
501002422	猫球技能-SSR-降低8%攻击相关能力-暴击率，持续2回合	1	603	1		3	1
501002432	猫球技能-SSR-降低9%攻击相关能力-暴击率，持续2回合	1	603	1		3	1
50100243	猫球技能-SSR-降低6%攻击相关能力-暴击伤害，持续2回合	1	703	1		3	1
501002413	猫球技能-SSR-降低7%攻击相关能力-暴击伤害，持续2回合	1	703	1		3	1
501002423	猫球技能-SSR-降低8%攻击相关能力-暴击伤害，持续2回合	1	703	1		3	1
501002433	猫球技能-SSR-降低9%攻击相关能力-暴击伤害，持续2回合	1	703	1		3	1
50100244	猫球技能-SSR-降低6%攻击相关能力-穿透率，持续2回合	1	1203	1		3	1
501002414	猫球技能-SSR-降低7%攻击相关能力-穿透率，持续2回合	1	1203	1		3	1
501002424	猫球技能-SSR-降低8%攻击相关能力-穿透率，持续2回合	1	1203	1		3	1
501002434	猫球技能-SSR-降低9%攻击相关能力-穿透率，持续2回合	1	1203	1		3	1
50100251	猫球占位符通用-7/9/14/24%	1	102	1		3	1
5010026	猫球技能-SSR-被动-每回合首次释放技能，造成最终伤害提升10/14/17/20%	1	1501	1		3	1
50100271	猫球技能-SSR-被动-防御力降低5/7/9/10%	1	202	1		3	1
50100281	猫球技能-SSR-被动-释放sp技能后，造成最终伤害提升6/8/10/12%	1	1501	1		3	1
50100291	猫球技能-SSR-被动-受到伤害时，最终伤害减免6/8/10/12%	1	1502	1		3	1
5010030	猫球技能-SSR-被动-每回合7/9.8/11.9/14%最大生命值护盾	5	4	1		3	1
5010031	猫球技能-SSR-被动-战斗开始时，3回合20/28/34/40%最大生命值护盾	5	4	1		3	1
5010032	猫球技能-SSR-被动-战斗开始时3回合治愈，5/7/9/10%自身最大生命值HOT，持续3回合	3	3	1		3	1
50100331	猫球被动-SSR-被动-使用治疗技能后，治疗效果提升6/8/10/12%	1	1601	1		3	1
50100342	猫球占位符通用-30/42/51/60%	1	102	1		3	1
50100350	猫球被动-SSR-被动-溢出治疗18/25/31/36%转为护盾	8	1	1		3	1
50100352	猫球被动-SSR-被动-固定护盾id	5	8	1		3	1
50100362	猫球占位符通用-4.5/6/9/15%	1	102	1		1	1
50100371	猫球被动-SSR-被动-释放增益技能后，使友方全体最终伤害提升6/8/10/12%	1	1501	1		1	1
50100381	猫球被动-SSR-被动-攻击相关能力提升-攻击力提升3/4/5/6%	1	102	1		1	1
50100382	猫球被动-SSR-被动-攻击相关能力提升-暴击率3/4/5/6%	1	603	1		1	1
50100383	猫球被动-SSR-被动-攻击相关能力提升-暴击伤害3/4/5/6%	1	703	1		1	1
50100384	猫球被动-SSR-被动-攻击相关能力提升-穿透率3/4/5/6%	1	1203	1		1	1
50100391	猫球被动-SSR-被动-防御相关能力提升-防御力提升6/8/10/12%	1	202	1		1	1
50100392	猫球被动-SSR-被动-防御相关能力提升-暴击抵抗6/8/10/12%	1	803	1		1	1
50100393	猫球被动-SSR-被动-防御相关能力提升-暴击伤害抵抗6/8/10/12%	1	903	1		1	1
50100394	猫球被动-SSR-被动-防御相关能力提升-忍耐率6/8/10/12%	1	1303	1		1	1
50100401	猫球被动-SSR-被动-生命相关能力提升-最大生命值提升6/8/10/12%	1	302	1		1	1
50100402	猫球被动-SSR-被动-生命相关能力提升-受到治疗6/8/10/12%	1	1601	1		1	1
50100403	猫球被动-SSR-被动-生命相关能力提升-受到护盾6/8/10/12%	1	1602	1		1	1
50100404	猫球被动-SSR-被动-生命相关能力提升-造成治疗提升6/8/10/12%	1	2101	1		1	1
50100405	猫球被动-SSR-被动-生命相关能力提升-造成护盾提升6/8/10/12%	1	2102	1		1	1
50100410	猫球技能-SR-群体防御力降低6%	1	202	1		1	1
50100411	猫球技能-SR-群体防御力降低8%	1	202	1		1	1
50100412	猫球技能-SR-群体防御力降低9%	1	202	1		1	1
50100413	猫球技能-SR-群体防御力降低10%	1	202	1		1	1
501004201	猫球被动-SSR-被动-防御相关能力降低-防御力降低6%	1	202	1		1	1
501004202	猫球被动-SSR-被动-防御相关能力降低-暴击抵抗6%	1	803	1		1	1
501004203	猫球被动-SSR-被动-防御相关能力降低-暴击伤害抵抗6%	1	903	1		1	1
501004204	猫球被动-SSR-被动-防御相关能力降低-忍耐率6%	1	1303	1		1	1
501004211	猫球被动-SSR-被动-防御相关能力降低-防御力降低8%	1	202	1		1	1
501004212	猫球被动-SSR-被动-防御相关能力降低-暴击抵抗8%	1	803	1		1	1
501004213	猫球被动-SSR-被动-防御相关能力降低-暴击伤害抵抗8%	1	903	1		1	1
501004214	猫球被动-SSR-被动-防御相关能力降低-忍耐率8%	1	1303	1		1	1
501004221	猫球被动-SSR-被动-防御相关能力降低-防御力降低9%	1	202	1		1	1
501004222	猫球被动-SSR-被动-防御相关能力降低-暴击抵抗9%	1	803	1		1	1
501004223	猫球被动-SSR-被动-防御相关能力降低-暴击伤害抵抗9%	1	903	1		1	1
501004224	猫球被动-SSR-被动-防御相关能力降低-忍耐率9%	1	1303	1		1	1
501004231	猫球被动-SSR-被动-防御相关能力降低-防御力降低10%	1	202	1		1	1
501004232	猫球被动-SSR-被动-防御相关能力降低-暴击抵抗10%	1	803	1		1	1
501004233	猫球被动-SSR-被动-防御相关能力降低-暴击伤害抵抗10%	1	903	1		1	1
501004234	猫球被动-SSR-被动-防御相关能力降低-忍耐率10%	1	1303	1		1	1
405040101	爬塔-100%最大生命值护盾	5	4	1		3	1
411020118	爬塔-100%攻击力	1	102	1		1	1
401101801	爬塔-将自身50%攻击力给目标	1	101	8		1	1
401201801	爬塔-将自身50%防御力给目标	1	201	8		1	1
401101802	世界BOSS-将自身50%攻击力给BOSS	1	101	8		1	1
401201802	世界BOSS-将自身50%防御力给BOSS	1	201	8		1	1
401101803	世界BOSS-将自身50%攻击力给小怪	1	101	8		1	1
401201803	世界BOSS-将自身50%防御力给小怪	1	201	8		1	1
413111152	爬塔-受到破灭伤害提升70%	1	3111	1		1	1
413111153	爬塔-受到破灭伤害提升50%	1	3111	1		1	1
413111154	爬塔-受到破灭伤害提升25%	1	3111	1		1	1
418030156	爬塔，提升40%暴击抵抗	1	803	1		1	1
418030157	爬塔，提升70%暴击抵抗	1	803	1		1	1
418030158	爬塔，提升100%暴击抵抗	1	803	1		1	1
416030158	爬塔，提升100%暴击率	1	603	1		1	1
416030159	爬塔，提升50%暴击率	1	603	1		1	1
416030160	爬塔，提升20%暴击率	1	603	1		1	1
411303160	怪物通用，提升50%忍耐	1	1303	1		1	1
411303161	怪物通用，提升60%忍耐	1	1303	1		1	1
411303162	怪物通用，提升70%忍耐	1	1303	1		1	1
413141151	怪物通用，提升100%造成护盾伤害提升	1	3141	1		1	1
54018001	社团BOSS，提升30%攻击力	1	102	1		1	1
54018002	社团BOSS，降低10%攻击力	1	102	1		1	1
54004101	社团BOSS，最终伤害降低30%	1	1501	1		1	1
54004103	社团BOSS，被动-暴击伤害提升40%/60%	1	703	1		1	1
54004104	社团BOSS，被动-每有1点SP攻击力提升10%	1	102	1		1	1
58006102	社团BOSS，降低30%防御	1	202	1		1	1
58006104	社团BOSS，被动-攻击力提升10%	1	102	1		1	1
58006106	社团BOSS，被动-暴击抵抗降低50%	1	803	1		1	1
58006107	社团BOSS-通用-克制减伤提升25%	6	7	1		1	1
51009101	社团BOSS-贩卖机-减疗50%	1	1602	1		1	1
51009103	社团BOSS-贩卖机-被动-自身耐力提升100%	1	1303	1		1	1
54008102	社团BOSS-挖掘机-被动-自身防御提升100%	1	202	1		1	1
51041101	社团BOSS-傀剑鼠-流血DOT	2	2	21		1	1
414010151	爬塔-幸运提升100%	1	401	1		1	1
403020152	爬塔-按10%最大生命值施加HOT	3	2	1		1	1
813071151	噩梦回响，怪物通用，受到破碎伤害提升30%	1	3071	1		1	1
813091151	噩梦回响，怪物通用，受到破裂伤害提升30%	1	3091	1		1	1
813051151	噩梦回响，怪物通用，受到穿刺伤害提升30%	1	3051	1		1	1
812202151	噩梦回响，怪物通用，受到间接伤害提升30%	1	2202	1		1	1
813011151	噩梦回响，怪物通用，受到真实伤害提升30%	1	3011	1		1	1
814031051	噩梦回响，怪物通用，受到三相的伤害提升30%	1	4031	1		1	1
814071051	噩梦回响，怪物通用，受到星流的伤害提升30%	1	4071	1		1	1
814051051	噩梦回响，怪物通用，受到方波的伤害提升30%	1	4051	1		1	1
814011051	噩梦回响，怪物通用，受到圆振的伤害提升30%	1	4011	1		1	1
817030101	噩梦回响，怪物通用，暴击伤害降低80%	1	703	1		1	1
816030161	噩梦回响，怪物通用，降低50%暴击率	1	603	1		1	1
7100109	【BOSS首领战】治疗转伤害BUFF效果	8	2	1		1	1
7100110	【BOSS首领战】治疗享受暴击爆伤效果	8	3	1		1	1
7100114	【BOSS首领战】吸血1000%	1	1701	1		1	1
7100115	【BOSS首领战】治疗效果提升500%	1	1602	1		1	1
310202101	【专武】完美效劳-造成破裂伤害+8%	1	3101	1		1	1
310202102	【专武】完美效劳-穿透率+8%	1	1203	1		1	1
310202103	【专武】完美效劳-造成破裂伤害+16%	1	3101	1		1	1
310202104	【专武】完美效劳-穿透率+16%	1	1203	1		1	1
310300601	【专武】疯人院-造成愤怒伤害+10%	1	3161	1		1	1
310300602	【专武】疯人院-攻击力+0.6%	1	102	1		1	1
310300603	【专武】疯人院-防御力+0.6%	1	202	1		1	1
310300604	【专武】疯人院-生命值+0.6%	1	302	1		1	1
310300605	【专武】疯人院-暴击率+0.6%	1	603	1		1	1
310300606	【专武】疯人院-暴击伤害+0.6%	1	703	1		1	1
310300607	【专武】疯人院-暴击抵抗+0.6%	1	803	1		1	1
310300608	【专武】疯人院-暴伤抵抗+0.6%	1	903	1		1	1
310300609	【专武】疯人院-穿透率+0.6%	1	1203	1		1	1
310300610	【专武】疯人院-忍耐率+0.6%	1	1303	1		1	1
310300611	【专武】疯人院-受到治疗提升+0.6%	1	1602	1		1	1
310300612	【专武】疯人院-受到护盾提升+0.6%	1	2102	1		1	1
310300613	【专武】疯人院-造成治疗提升+0.6%	1	1601	1		1	1
310300614	【专武】疯人院-造成护盾提升+0.6%	1	2101	1		1	1
310300615	【专武】疯人院-造成愤怒伤害+20%	1	3161	1		1	1
310300616	【专武】疯人院-攻击力+1.2%	1	102	1		1	1
310300617	【专武】疯人院-防御力+1.2%	1	202	1		1	1
310300618	【专武】疯人院-生命值+1.2%	1	302	1		1	1
310300619	【专武】疯人院-暴击率+1.2%	1	603	1		1	1
310300620	【专武】疯人院-暴击伤害+1.2%	1	703	1		1	1
310300621	【专武】疯人院-暴击抵抗+1.2%	1	803	1		1	1
310300622	【专武】疯人院-暴伤抵抗+1.2%	1	903	1		1	1
310300623	【专武】疯人院-穿透率+1.2%	1	1203	1		1	1
310300624	【专武】疯人院-忍耐率+1.2%	1	1303	1		1	1
310300625	【专武】疯人院-受到治疗提升+1.2%	1	1602	1		1	1
310300626	【专武】疯人院-受到护盾提升+1.2%	1	2102	1		1	1
310300627	【专武】疯人院-造成治疗提升+1.2%	1	1601	1		1	1
310300628	【专武】疯人院-造成护盾提升+1.2%	1	2101	1		1	1
314000801	【专武】囚鸟绮愿-造成最终伤害+8%	1	1501	1		1	1
314000802	【专武】囚鸟绮愿-造成间接伤害+2%	1	2201	1		1	1
314000803	【专武】囚鸟绮愿-造成最终伤害+16%	1	1501	1		1	1
314000804	【专武】囚鸟绮愿-造成间接伤害+4%	1	2201	1		1	1
312900101	【专武】致圣雪夜-造成最终伤害+8%	1	1501	1		1	1
312900102	【专武】致圣雪夜-暴击率+1.5%	1	603	1		1	1
312900103	【专武】致圣雪夜-造成最终伤害+16%	1	1501	1		1	1
312900104	【专武】致圣雪夜-暴击率+3%	1	603	1		1	1
310800601	【专武】涤荡者-造成破灭伤害+8%	1	3121	1		1	1
310800602	【专武】涤荡者-暴击率+2.5%	1	603	1		1	1
310800603	【专武】涤荡者-造成破灭伤害+16%	1	3121	1		1	1
310800604	【专武】涤荡者-暴击率+5%	1	603	1		1	1
311700801	【专武】秘域访客-造成真实伤害+8%	1	3021	1		1	1
311700802	【专武】秘域访客-吸血+10%	1	1701	1		1	1
311700803	【专武】秘域访客-造成真实伤害+16%	1	3021	1		1	1
311700804	【专武】秘域访客-吸血+20%	1	1701	1		1	1
310800101	【专武】战略潜艇-攻击力+2.5%	1	102	1		1	1
310800102	【专武】战略潜艇-暴击率+2.5%	1	603	1		1	1
310800103	【专武】战略潜艇-暴击伤害+2.5%	1	703	1		1	1
310800104	【专武】战略潜艇-穿透率+2.5%	1	1203	1		1	1
310800105	【专武】战略潜艇-攻击力-每有1点sp，提升0.8%	1	102	7		1	1
310800106	【专武】战略潜艇-攻击力+5%	1	102	1		1	1
310800107	【专武】战略潜艇-暴击率+5%	1	603	1		1	1
310800108	【专武】战略潜艇-暴击伤害+5%	1	703	1		1	1
310800109	【专武】战略潜艇-穿透率+5%	1	1203	1		1	1
310800110	【专武】战略潜艇-攻击力-每有1点sp，提升1.6%	1	102	7		1	1
312700801	【专武】碧魂灯-造成破盾伤害+8%	1	3141	1		1	1
312700802	【专武】碧魂灯-攻击力+1.4%	1	102	1		1	1
312700803	【专武】碧魂灯-造成破盾伤害+16%	1	3141	1		1	1
312700804	【专武】碧魂灯-攻击力+2.8%	1	102	1		1	1
311400101	【专武】夕雪晚照-受到间接伤害+4%	1	2202	1		1	1
311400102	【专武】夕雪晚照-造成最终伤害+8%	1	1501	1		1	1
311400103	【专武】夕雪晚照-受到间接伤害+8%	1	2202	1		1	1
311400104	【专武】夕雪晚照-造成最终伤害+16%	1	1501	1		1	1
310101301	【专武】森林守护者-造成破碎伤害+8%	1	3081	1		1	1
310101302	【专武】森林守护者-穿透率+1%	1	1203	1		1	1
310101303	【专武】森林守护者-造成破碎伤害+16%	1	3081	1		1	1
310101304	【专武】森林守护者-穿透率+2%	1	1203	1		1	1
313000801	【专武】暗巷星火-穿透率+8%	1	1203	1		1	1
313000802	【专武】暗巷星火-造成最终伤害+8%	1	1501	1		1	1
313000803	【专武】暗巷星火-穿透率+16%	1	1203	1		1	1
313000804	【专武】暗巷星火-造成最终伤害+16%	1	1501	1		1	1
310302101	【专武】心动疗愈-造成治疗提升+8%	1	1601	1		1	1
310302102	【专武】心动疗愈-攻击力+1.1%	1	102	1		1	1
310302103	【专武】心动疗愈-造成治疗提升+16%	1	1601	1		1	1
310302104	【专武】心动疗愈-攻击力+2.2%	1	102	1		1	1
311100201	【专武】长夜冰冕-造成护盾提升+8%	1	2101	1		1	1
311100202	【专武】长夜冰冕-生命值+2.5%	1	302	1		1	1
311100203	【专武】长夜冰冕-造成护盾提升+16%	1	2101	1		1	1
311100204	【专武】长夜冰冕-生命值+5%	1	302	1		1	1
310600901	【专武】耀夜之星-造成真实伤害+8%	1	3021	1		1	1
310600902	【专武】耀夜之星-攻击力+3%	1	102	1		1	1
310600903	【专武】耀夜之星-造成真实伤害+16%	1	3021	1		1	1
310600904	【专武】耀夜之星-攻击力+6%	1	102	1		1	1
414071054	歼灭战，怪物通用，受到混血种的伤害提升40%	1	4071	1		1	1
311000801	【专武】秘密调查-造成最终伤害+8%	1	1501	1		1	1
311000802	【专武】秘密调查-攻击力+2.25%	1	102	1		1	1
311000803	【专武】秘密调查-暴击率+2.25%	1	603	1		1	1
311000804	【专武】秘密调查-暴击伤害+2.25%	1	703	1		1	1
311000805	【专武】秘密调查-穿透率+2.25%	1	1203	1		1	1
311000806	【专武】秘密调查-造成最终伤害+16%	1	1501	1		1	1
311000807	【专武】秘密调查-攻击力+4.5%	1	102	1		1	1
311000808	【专武】秘密调查-暴击率+4.5%	1	603	1		1	1
311000809	【专武】秘密调查-暴击伤害+4.5%	1	703	1		1	1
311000810	【专武】秘密调查-穿透率+4.5%	1	1203	1		1	1
313100801	【专武】粉红风暴-造成破碎伤害+8%	1	3081	1		1	1
313100802	【专武】粉红风暴-攻击力+1%	1	102	1		1	1
313100803	【专武】粉红风暴-防御力+1%	1	202	1		1	1
313100804	【专武】粉红风暴-生命值+1%	1	302	1		1	1
313100805	【专武】粉红风暴-造成破碎伤害+16%	1	3081	1		1	1
313100806	【专武】粉红风暴-攻击力+2%	1	102	1		1	1
313100807	【专武】粉红风暴-防御力+2%	1	202	1		1	1
313100808	【专武】粉红风暴-生命值+2%	1	302	1		1	1
412202102	角色通用-技能-受到间接伤害提升15/20/25%	1	2202	1		1	1
311200201	【专武】冬季奇遇-造成治疗提升+8%	1	1601	1		1	1
311200202	【专武】冬季奇遇-攻击力+1.1%	1	102	1		1	1
311200203	【专武】冬季奇遇-造成治疗提升+16%	1	1601	1		1	1
311200204	【专武】冬季奇遇-攻击力+2.2%	1	102	1		1	1
310900201	【专武】白瑰绮晶-造成最终伤害+5%	1	1501	1		1	1
310900202	【专武】白瑰绮晶-造成最终伤害+5%	1	1501	1		1	1
410600901	技能-耀夜之星-攻击力提升15%/20%/30%	1	102	1		1	1
410701014	诡夜雾行-1技能-造成最终伤害提升10%	1	1501	1		1	1
410701015	诡夜雾行-被动-暴击伤害+3/3.5/4/4.5%	1	703	1		1	1
410600902	暗夜小音-大招-35%伤害传递	6	4	1		3	1
313700801	【专武】青之回旋-穿透率+8%	1	1203	1		1	1
313700802	【专武】青之回旋-造成最终伤害+8%	1	1501	1		1	1
313700803	【专武】青之回旋-穿透率+16%	1	1203	1		1	1
313700804	【专武】青之回旋-造成最终伤害+16%	1	1501	1		1	1
310200701	【专武】电音骑士-暴击伤害+5%	1	703	1		1	1
310200702	【专武】电音骑士-穿透率+1%	1	1203	1		1	1
310200703	【专武】电音骑士-暴击伤害+10%	1	703	1		1	1
310200704	【专武】电音骑士-穿透率+2%	1	1203	1		1	1
310400101	【专武】绯红武士-造成最终伤害+8%	1	1501	1		1	1
310400102	【专武】绯红武士-攻击力-2.5%	1	102	1		1	1
310400103	【专武】绯红武士-暴击率-2.5%	1	603	1		1	1
310400104	【专武】绯红武士-暴击伤害-2.5%	1	703	1		1	1
310400105	【专武】绯红武士-穿透率-2.5%	1	1203	1		1	1
310400106	【专武】绯红武士-造成最终伤害+16%	1	1501	1		1	1
310400107	【专武】绯红武士-攻击力-5%	1	102	1		1	1
310400108	【专武】绯红武士-暴击率-5%	1	603	1		1	1
310400109	【专武】绯红武士-暴击伤害-5%	1	703	1		1	1
310400110	【专武】绯红武士-穿透率-5%	1	1203	1		1	1
310201101	【专武】鳐摇心情-造成护盾提升+8%	1	2101	1		1	1
310201102	【专武】鳐摇心情-防御力+1.5%	1	202	1		1	1
310201103	【专武】鳐摇心情-暴击抵抗+1.5%	1	803	1		1	1
310201104	【专武】鳐摇心情-暴伤抵抗+1.5%	1	903	1		1	1
310201105	【专武】鳐摇心情-忍耐率+1.5%	1	1303	1		1	1
310201106	【专武】鳐摇心情-造成护盾提升+16%	1	2101	1		1	1
310201107	【专武】鳐摇心情-防御力+3%	1	202	1		1	1
310201108	【专武】鳐摇心情-暴击抵抗+3%	1	803	1		1	1
310201109	【专武】鳐摇心情-暴伤抵抗+3%	1	903	1		1	1
310201110	【专武】鳐摇心情-忍耐率+3%	1	1303	1		1	1
410701016	诡夜雾行-造成最终伤害提升20%	1	1501	1		1	1
310900203	【专武】白瑰绮晶-受到治疗提升+11%	1	1602	1		1	1
310900204	【专武】白瑰绮晶-受到治疗提升+22%	1	1602	1		1	1
310600201	【专武】幽灵社团-受到最终伤害-3%	1	1502	1		1	1
310600202	【专武】幽灵社团-攻击力+3%	1	102	1		1	1
310600203	【专武】幽灵社团-受到最终伤害-6%	1	1502	1		1	1
310600204	【专武】幽灵社团-攻击力+6%	1	102	1		1	1
390401401	【专武】苍白舞者-穿透率+2%	1	1203	1		1	1
390401402	【专武】苍白舞者-攻击力+1.1%	1	102	1		1	1
390401403	【专武】苍白舞者-穿透率+4%	1	1203	1		1	1
390401404	【专武】苍白舞者-攻击力+2.2%	1	102	1		1	1
311300101	【专武】火树流光-造成破盾伤害+8%	1	3021	1		1	1
311300102	【专武】火树流光-攻击力+0.8%	1	102	1		1	1
311300103	【专武】火树流光-防御力+0.8%	1	202	1		1	1
311300104	【专武】火树流光-生命值+0.8%	1	302	1		1	1
311300105	【专武】火树流光-造成破盾伤害+16%	1	3021	1		1	1
311300106	【专武】火树流光-攻击力+1.6%	1	102	1		1	1
311300107	【专武】火树流光-防御力+1.6%	1	202	1		1	1
311300108	【专武】火树流光-生命值+1.6%	1	302	1		1	1
310700101	【专武】烈火战线-造成破碎伤害+8%	1	3081	1		1	1
310700102	【专武】烈火战线-暴击伤害+0.9%	1	703	1		1	1
310700103	【专武】烈火战线-造成破碎伤害+16%	1	3081	1		1	1
310700104	【专武】烈火战线-暴击伤害+1.8%	1	703	1		1	1
311500801	【专武】除障者-造成最终伤害+8%	1	1203	1		1	1
311500802	【专武】除障者-造成最终伤害+8%	1	1203	1		1	1
311500803	【专武】除障者-造成最终伤害+16%	1	1203	1		1	1
311500804	【专武】除障者-造成最终伤害+16%	1	1203	1		1	1
310701001	【专武】诡夜雾行-暴击率+2%	1	603	1		1	1
310701002	【专武】诡夜雾行-造成真实伤害+8%	1	3021	1		1	1
310701003	【专武】诡夜雾行-暴击率+4%	1	603	1		1	1
310701004	【专武】诡夜雾行-造成真实伤害+16%	1	3021	1		1	1
310900801	【专武】致命音符-造成穿透伤害+8%	1	3041	1		1	1
310900802	【专武】致命音符-攻击力+1.1%	1	102	1		1	1
310900803	【专武】致命音符-造成穿透伤害+16%	1	3041	1		1	1
310900804	【专武】致命音符-攻击力+2.2%	1	102	1		1	1
310500801	【专武】英雄憧憬-造成破裂伤害+8%	1	3101	1		1	1
310500802	【专武】英雄憧憬-造成最终伤害+8%	1	1501	1		1	1
310500803	【专武】英雄憧憬-造成破裂伤害+16%	1	3101	1		1	1
310500804	【专武】英雄憧憬-造成最终伤害+16%	1	1501	1		1	1
312100801	【专武】清道夫之夜-穿透率+8%	1	1203	1		1	1
312100802	【专武】清道夫之夜-造成最终伤害+8%	1	1501	1		1	1
312100803	【专武】清道夫之夜-穿透率+16%	1	1203	1		1	1
312100804	【专武】清道夫之夜-造成最终伤害+16%	1	1501	1		1	1
310300701	【专武】浮世谣-造成破盾伤害+8%	1	3141	1		1	1
310300702	【专武】浮世谣-造成间接伤害+2%	1	2201	1		1	1
310300703	【专武】浮世谣-造成破盾伤害+16%	1	3141	1		1	1
310300704	【专武】浮世谣-造成间接伤害+4%	1	2201	1		1	1
411300201	菡萏曲-每损失1%生命值，穿透率提升num1，至多到num2	1	1203	15		1	1
411300202	菡萏曲-生命值低于85%时，暴击率提升20%	1	603	12		1	1
411300203	菡萏曲-攻击力提升12%	1	102	1		1	1
411300204	菡萏曲-造成最终伤害提升	1	1501	1		1	1
411300205	菡萏曲-受到最终伤害降低	1	1502	1		1	1
411400201	并蒂莲-护盾-施法者攻击力+目标已损失生命值护盾	5	5	1		1	1
411400202	并蒂莲-受到护盾提升	1	2102	1		1	1
411400203	并蒂莲-受到最终伤害降低（大招，9-12级）	1	1502	1		1	1
411400204	并蒂莲-造成护盾提升	1	2101	1		1	1
411400205	并蒂莲-穿透率提升	1	1203	1		1	1
413800801	月胧吟-每有1点sp，暴击伤害提升	1	703	7		1	1
413800802	月胧吟-sp>4，暴击率提升	1	603	13		1	1
413800803	月胧吟-攻击力提升	1	102	1		1	1
413800804	月胧吟-防御力提升	1	202	1		1	1
413800805	月胧吟-生命值提升	1	302	1		1	1
410010151	【怪物通用】红绿蓝属性克制伤害额外提高50%	10	1	1		1	1
412010162	怪物通用，提升2%防御	1	202	1		1	1
311600101	【专武】极寒朔风-造成最终伤害+8%	1	1501	1		1	1
311600102	【专武】极寒朔风-防御力+4%	1	202	1		1	1
311600103	【专武】极寒朔风-造成最终伤害+16%	1	1501	1		1	1
311600104	【专武】极寒朔风-防御力+8%	1	202	1		1	1
411400206	并蒂莲-免疫所有减益效果	7	2	1		1	1
410010152	【怪物通用】蓝红属性克制伤害额外提高50%	10	1	1		1	1
410010153	【怪物通用】绿蓝属性克制伤害额外提高50%	10	1	1		1	1
411501156	怪物通用，最终伤害提高15%	1	1501	1		1	1
411300206	菡萏曲-入场时损血护盾	5	5	1		1	1
9100014	夜间巡逻圣物-全队攻击力提升	1	102	1		1	1
9100015	夜间巡逻圣物-全队攻击力提升	1	102	1		1	1
9100016	夜间巡逻圣物-全队攻击力提升	1	102	1		1	1
9100024	夜间巡逻圣物-全队防御力提升	1	202	1		1	1
9100025	夜间巡逻圣物-全队防御力提升	1	202	1		1	1
9100026	夜间巡逻圣物-全队防御力提升	1	202	1		1	1
9100034	夜间巡逻圣物-全队生命值上限提升	1	302	1		1	1
9100035	夜间巡逻圣物-全队生命值上限提升	1	302	1		1	1
9100036	夜间巡逻圣物-全队生命值上限提升	1	302	1		1	1
9100044	夜间巡逻圣物-全队穿透率提升	1	1203	1		1	1
9100045	夜间巡逻圣物-全队穿透率提升	1	1203	1		1	1
9100046	夜间巡逻圣物-全队穿透率提升	1	1203	1		1	1
9100054	夜间巡逻圣物-全队暴击率提升	1	603	1		1	1
9100055	夜间巡逻圣物-全队暴击率提升	1	603	1		1	1
9100056	夜间巡逻圣物-全队暴击率提升	1	603	1		1	1
9100064	夜间巡逻圣物-全队暴击伤害提升	1	703	1		1	1
9100065	夜间巡逻圣物-全队暴击伤害提升	1	703	1		1	1
9100066	夜间巡逻圣物-全队暴击伤害提升	1	703	1		1	1
9100074	夜间巡逻圣物-全队暴击率抵抗提升	1	803	1		1	1
9100075	夜间巡逻圣物-全队暴击率抵抗提升	1	803	1		1	1
9100076	夜间巡逻圣物-全队暴击率抵抗提升	1	803	1		1	1
9100077	夜间巡逻圣物-全队暴击伤害抵抗提升	1	903	1		1	1
9100078	夜间巡逻圣物-全队暴击伤害抵抗提升	1	903	1		1	1
9100079	夜间巡逻圣物-全队暴击伤害抵抗提升	1	903	1		1	1
9100084	夜间巡逻圣物-全队受到治疗效果提升提升。	1	1602	1		1	1
9100085	夜间巡逻圣物-全队受到治疗效果提升提升。	1	1602	1		1	1
9100086	夜间巡逻圣物-全队受到治疗效果提升提升。	1	1602	1		1	1
9100087	夜间巡逻圣物-全队受到护盾提升。	1	2102	1		1	1
9100088	夜间巡逻圣物-全队受到护盾提升。	1	2102	1		1	1
9100089	夜间巡逻圣物-全队受到护盾提升。	1	2102	1		1	1
9100094	夜间巡逻圣物-全队幸运值提升	1	401	1		1	1
9100095	夜间巡逻圣物-全队幸运值提升	1	401	1		1	1
9100096	夜间巡逻圣物-全队幸运值提升	1	401	1		1	1
9100104	夜间巡逻圣物-全队间接伤害提升	1	2201	1		1	1
9100105	夜间巡逻圣物-全队间接伤害提升	1	2201	1		1	1
9100106	夜间巡逻圣物-全队间接伤害提升	1	2201	1		1	1
9100114	夜间巡逻圣物-全队间接伤害减免	1	2201	1		1	1
9100115	夜间巡逻圣物-全队间接伤害减免	1	2201	1		1	1
9100116	夜间巡逻圣物-全队间接伤害减免	1	2201	1		1	1
9100124	夜间巡逻圣物-真实伤害提升	1	3021	1		1	1
9100125	夜间巡逻圣物-真实伤害提升	1	3021	1		1	1
9100126	夜间巡逻圣物-真实伤害提升	1	3021	1		1	1
9100134	夜间巡逻圣物-穿刺伤害提升	1	3061	1		1	1
9100135	夜间巡逻圣物-穿刺伤害提升	1	3061	1		1	1
9100136	夜间巡逻圣物-穿刺伤害提升	1	3061	1		1	1
9100137	夜间巡逻圣物-穿透伤害提升	1	3041	1		1	1
9100138	夜间巡逻圣物-穿透伤害提升	1	3041	1		1	1
9100139	夜间巡逻圣物-穿透伤害提升	1	3041	1		1	1
9100144	夜间巡逻圣物-破裂伤害提升	1	3101	1		1	1
9100145	夜间巡逻圣物-破裂伤害提升	1	3101	1		1	1
9100146	夜间巡逻圣物-破裂伤害提升	1	3101	1		1	1
9100147	夜间巡逻圣物-破灭伤害提升	1	3121	1		1	1
9100148	夜间巡逻圣物-破灭伤害提升	1	3121	1		1	1
9100149	夜间巡逻圣物-破灭伤害提升	1	3121	1		1	1
9100154	夜间巡逻圣物-破碎伤害提升	1	3081	1		1	1
9100155	夜间巡逻圣物-破碎伤害提升	1	3081	1		1	1
9100156	夜间巡逻圣物-破碎伤害提升	1	3081	1		1	1
9100164	夜间巡逻圣物-破盾伤害提升	1	3141	1		1	1
9100165	夜间巡逻圣物-破盾伤害提升	1	3141	1		1	1
9100166	夜间巡逻圣物-破盾伤害提升	1	3141	1		1	1
9100171	夜间巡逻圣物-每上阵1名红色情绪武装，提升全队x%的间接伤害	1	2201	1		1	1
9100172	夜间巡逻圣物-每上阵1名红色情绪武装，提升全队x%的间接伤害	1	2201	1		1	1
9100173	夜间巡逻圣物-每上阵1名红色情绪武装，提升全队x%的间接伤害	1	2201	1		1	1
9100181	夜间巡逻圣物-每上阵1名蓝色情绪武装，提升全队x%的破灭伤害	1	3121	1		1	1
9100182	夜间巡逻圣物-每上阵1名蓝色情绪武装，提升全队x%的破灭伤害	1	3121	1		1	1
9100183	夜间巡逻圣物-每上阵1名蓝色情绪武装，提升全队x%的破灭伤害	1	3121	1		1	1
9100191	夜间巡逻圣物-每上阵1名绿色情绪武装，降低对方防御全体防御力	1	202	1		1	1
9100192	夜间巡逻圣物-每上阵1名绿色情绪武装，降低对方防御全体防御力	1	202	1		1	1
9100193	夜间巡逻圣物-每上阵1名绿色情绪武装，降低对方防御全体防御力	1	202	1		1	1
9100201	夜间巡逻圣物-每上阵1名白色情绪或黑色情绪武装，提升全队x%的最终伤害	1	1501	1		1	1
9100202	夜间巡逻圣物-每上阵1名白色情绪或黑色情绪武装，提升全队x%的最终伤害	1	1501	1		1	1
9100203	夜间巡逻圣物-每上阵1名白色情绪或黑色情绪武装，提升全队x%的最终伤害	1	1501	1		1	1
9100229	夜间巡逻圣物-中毒	2	1	21		1	1
9100272	夜间巡逻圣物-我方造成的毒伤害提升30%	1	5021	1		1	1
9100293	夜间巡逻圣物-受到伤害提升3%	1	1502	1		1	1
9100303	夜间巡逻圣物-受到的【穿透伤害】提升40%	1	3031	1		1	1
9100317	夜间巡逻圣物-自己攻击力提升x%，持续4回合	1	102	1		1	1
9100318	夜间巡逻圣物-自己攻击力提升x%，持续4回合	1	102	1		1	1
9100319	夜间巡逻圣物-自己攻击力提升x%，持续4回合	1	102	1		1	1
9100327	夜间巡逻圣物-使目标受到间接伤害提升3%，可叠加99层	1	2202	1		1	1
9100328	夜间巡逻圣物-使目标受到间接伤害提升3%，可叠加99层	1	2202	1		1	1
9100329	夜间巡逻圣物-使目标受到间接伤害提升3%，可叠加99层	1	2202	1		1	1
9100334	夜间巡逻圣物-每损失1%生命间接伤害提升1%	1	2201	10		1	1
9100335	夜间巡逻圣物-每损失1%生命间接伤害提升1%	1	2201	10		1	1
9100336	夜间巡逻圣物-每损失1%生命间接伤害提升1%	1	2201	10		1	1
9100342	夜间巡逻圣物-【诅咒】伤害提升30%	1	5061	1		1	1
9100343	夜间巡逻圣物-【点燃】【余震】【流血】伤害提升30%	1	5041	1		1	1
9100357	夜间巡逻圣物-最终伤害提升10%	1	1501	1		1	1
9100358	夜间巡逻圣物-最终伤害提升20%	1	1501	1		1	1
9100359	夜间巡逻圣物-最终伤害提升33%	1	1501	1		1	1
9100364	夜间巡逻圣物-敌方全体防御降低30%	1	202	1		1	1
9100365	夜间巡逻圣物-敌方全体防御降低30%	1	202	1		1	1
9100366	夜间巡逻圣物-敌方全体防御降低30%	1	202	1		1	1
9100377	夜间巡逻圣物-最终伤害提升	1	1501	1		1	1
9100378	夜间巡逻圣物-最终伤害提升	1	1501	1		1	1
9100379	夜间巡逻圣物-最终伤害提升	1	1501	1		1	1
9100387	夜间巡逻圣物-最终伤害提升	1	1501	1		1	1
9100388	夜间巡逻圣物-最终伤害提升	1	1501	1		1	1
9100389	夜间巡逻圣物-最终伤害提升	1	1501	1		1	1
9100407	夜间巡逻圣物-攻击力提升	1	102	1		1	1
9100408	夜间巡逻圣物-攻击力提升	1	102	1		1	1
9100409	夜间巡逻圣物-攻击力提升	1	102	1		1	1
9100417	夜间巡逻圣物-攻击力提升	1	102	1		1	1
9100418	夜间巡逻圣物-攻击力提升	1	102	1		1	1
9100419	夜间巡逻圣物-攻击力提升	1	102	1		1	1
9100427	夜间巡逻圣物-攻击力提升	1	102	1		1	1
9100428	夜间巡逻圣物-攻击力提升	1	102	1		1	1
9100429	夜间巡逻圣物-攻击力提升	1	102	1		1	1
9100437	夜间巡逻圣物-最终伤害提升	1	1501	1		1	1
9100438	夜间巡逻圣物-最终伤害提升	1	1501	1		1	1
9100439	夜间巡逻圣物-最终伤害提升	1	1501	1		1	1
9100444	夜间巡逻圣物-我方武装治疗溢出时，使溢出治疗量的10%对敌方全体造成真实伤害	8	2	1		1	1
9100445	夜间巡逻圣物-我方武装治疗溢出时，使溢出治疗量的10%对敌方全体造成真实伤害	8	2	1		1	1
9100446	夜间巡逻圣物-我方武装治疗溢出时，使溢出治疗量的10%对敌方全体造成真实伤害	8	2	1		1	1
9100467	夜间巡逻圣物-20%伤害提升	1	1501	1		1	1
9100468	夜间巡逻圣物-20%伤害提升	1	1501	1		1	1
9100469	夜间巡逻圣物-20%伤害提升	1	1501	1		1	1
9100477	夜间巡逻圣物-20%受治疗量提升	1	1602	1		1	1
9100478	夜间巡逻圣物-20%受治疗量提升	1	1602	1		1	1
9100479	夜间巡逻圣物-20%受治疗量提升	1	1602	1		1	1
9100487	夜间巡逻圣物-获得自身生命值30%的护盾，持续3回合	5	4	1		1	1
9100488	夜间巡逻圣物-获得自身生命值30%的护盾，持续3回合	5	4	1		1	1
9100489	夜间巡逻圣物-获得自身生命值30%的护盾，持续3回合	5	4	1		1	1
9100494	夜间巡逻圣物-造成治疗效果提升30%	1	1601	1		1	1
9100495	夜间巡逻圣物-造成治疗效果提升30%	1	1601	1		1	1
9100496	夜间巡逻圣物-造成治疗效果提升30%	1	1601	1		1	1
9100511	夜间巡逻圣物-每获得一条增益效应，我方全体基础攻击力+x%	1	102	1		1	1
9100533	夜间巡逻圣物-攻击力提升	1	102	1		1	1
9100551	夜间巡逻圣物-红克绿克制增伤30%	10	1	1		1	1
9100552	夜间巡逻圣物-红克绿克制增伤30%	10	1	1		1	1
9100553	夜间巡逻圣物-红克绿克制增伤30%	10	1	1		1	1
9100554	夜间巡逻圣物-红克绿克制增伤30%	10	1	1		1	1
9100555	夜间巡逻圣物-红克绿克制增伤30%	10	1	1		1	1
9100556	夜间巡逻圣物-红克绿克制增伤30%	10	1	1		1	1
9100557	夜间巡逻圣物-红克绿克制增伤30%	10	1	1		1	1
9100558	夜间巡逻圣物-红克绿克制增伤30%	10	1	1		1	1
9100559	夜间巡逻圣物-红克绿克制增伤30%	10	1	1		1	1
9100560	夜间巡逻圣物-红克绿克制增伤30%	10	1	1		1	1
9100561	夜间巡逻圣物-红克绿克制增伤30%	10	1	1		1	1
9100573	夜间巡逻圣物-攻击提升	1	102	1		1	1
9100603	夜间巡逻圣物-攻击提升	1	102	1		1	1
9110011	夜间巡逻道具_全队基础攻击力提升25%，持续1场战斗	1	102	1		1	1
9110012	夜间巡逻道具_全队基础攻击力提升42%，持续1场战斗	1	102	1		1	1
9110021	夜间巡逻道具_全队基础防御力提升25%，持续1场战斗	1	202	1		1	1
9110022	夜间巡逻道具_全队基础防御力提升42%，持续1场战斗	1	202	1		1	1
9110031	夜间巡逻道具_全队基础生命值提升25%，持续1场战斗	1	302	1		1	1
9110032	夜间巡逻道具_全队基础生命值提升42%，持续1场战斗	1	302	1		1	1
9110041	夜间巡逻道具_全队暴击率提升25%，持续1场战斗	1	603	1		1	1
9110042	夜间巡逻道具_全队暴击率提升42%，持续1场战斗	1	603	1		1	1
9110051	夜间巡逻道具_全队暴伤值提升25%，持续1场战斗	1	703	1		1	1
9110052	夜间巡逻道具_全队暴伤值提升42%，持续1场战斗	1	703	1		1	1
9110061	夜间巡逻道具_全队暴击抗性提升25%，持续1场战斗	1	803	1		1	1
9110062	夜间巡逻道具_全队暴击抗性提升42%，持续1场战斗	1	803	1		1	1
9110071	夜间巡逻道具_全队最终伤害提升35%，持续1场战斗	1	1501	1		1	1
9110072	夜间巡逻道具_全队最终伤害提升60%，持续1场战斗	1	1501	1		1	1
9110081	夜间巡逻道具_全队伤害减免提升35%，持续1场战斗	1	1502	1		1	1
9110082	夜间巡逻道具_全队伤害减免提升60%，持续1场战斗	1	1502	1		1	1
9120012	夜间巡逻诅咒_我方全体基础攻击力降低20%	1	102	1		1	1
9120022	夜间巡逻诅咒_我方全体防御降低20%	1	202	1		1	1
9120032	夜间巡逻诅咒_我方全体生命值降低20%	1	302	1		1	1
9120042	夜间巡逻诅咒_我方全体暴击降低15%	1	603	1		1	1
9120052	夜间巡逻诅咒_我方全体生命恢复效果降低40%	1	1602	1		1	1
9120062	夜间巡逻诅咒_我方全体受到护盾效果降低40%	1	2102	1		1	1
9120072	夜间巡逻诅咒_我方全体受到最终伤害提升20%	1	1502	1		1	1
9120082	夜间巡逻诅咒_战斗前两个回合，我方全体受到伤害提升40%	1	1502	1		1	1
411501157	怪物通用，最终伤害提升50%	1	1501	1		1	1
412010163	怪物通用，提升200%防御	1	202	1		1	1
411502165	怪物通用，降低15%受到伤害的最终伤害	1	1502	1		1	1
412202153	怪物通用，降低受到间接伤害效果15%	1	2202	1		1	1
311300201	【专武】菡萏曲-造成最终伤害+8%	1	1501	1		1	1
311300202	【专武】菡萏曲-造成穿刺伤害+8%	1	3061	1		1	1
311300203	【专武】菡萏曲-造成最终伤害+16%	1	1501	1		1	1
311300204	【专武】菡萏曲-造成穿刺伤害+16%	1	3061	1		1	1
311400201	【专武】并蒂莲-造成护盾提升+8%	1	2101	1		1	1
311400202	【专武】并蒂莲-受到护盾提升+1.2%	1	2102	1		1	1
311400203	【专武】并蒂莲-造成护盾提升+16%	1	2101	1		1	1
311400204	【专武】并蒂莲-受到护盾提升+2.4%	1	2102	1		1	1
313800801	【专武】月胧吟-造成蓄势伤害+8%	1	3181	1		1	1
313800802	【专武】月胧吟-每有1点sp，暴击伤害提升0.9%	1	703	7		1	1
313800803	【专武】月胧吟-造成蓄势伤害+16%	1	3181	1		1	1
313800804	【专武】月胧吟-每有1点sp，暴击伤害提升1.8%	1	703	7		1	1
406040106	定向作战—绿色定向机制—-与队友分摊伤害	6	4	1		3	1
412201152	怪物通用，提升造成间接伤害效果100%	1	2201	1		1	1
413800806	月胧吟-1技能-最终伤害提升5%	1	1501	1		1	1
413800807	月胧吟-6星效果-最终伤害提升10%	1	1501	1		1	1
413800808	月胧吟-4星效果-最终伤害提升10%	1	1501	1		1	1
411501158	怪物通用，造成最终伤害提升20%	1	1501	1		1	1
411501159	怪物通用，造成最终伤害降低20%	1	1501	1		1	1
411501160	怪物通用，造成最终伤害提升30%	1	1501	1		1	1
411501161	怪物通用，造成最终伤害降低30%	1	1501	1		1	1
414111152	歼灭战，怪物通用，受到间接伤害提升5%	1	2202	1		1	1
413020155	怪物通用，降低5%目标生命值上限	1	302	1		1	1
412202154	怪物通用，降低受到间接伤害效果30%	1	2202	1		1	1
413051151	怪物通用，受到穿刺伤害提升50%	1	3051	1		1	1
54021104	社团BOSS-竹牙巨人-最终伤害提升30%	1	1501	1		1	1
51009104	社团BOSS-贩卖机-被动-自身暴击率提升30%	1	1303	1		1	1
417030152	怪物通用，降低50%暴击伤害倍率	1	703	1		1	1
412010166	怪物通用，增加10%防御	1	202	1		1	1
410010154	【怪物通用】红色蓝色属性克制伤害额外提高30%	10	1	1		1	1
410010155	【怪物通用】红色绿色属性克制伤害额外提高30%	10	1	1		1	1
412202155	怪物通用，受到间接伤害效果3%	1	2202	1		1	1
411502166	怪物通用，受到伤害提升3%	1	1502	1		1	1
406070151	歼灭战，怪物通用，受到克制伤害提升10%	6	7	1		1	1
413500801	心动季节-1技能-攻击力降低	1	102	1		1	1
413500802	心动季节-2技能-攻击力护盾	5	1	1		1	1
413500803	心动季节-大招-恐惧	4	4	1		1	1
413500804	心动季节-3星-攻击力提升	1	102	1		1	1
413500805	心动季节-5星-最终伤害降低	1	1501	1		1	1
413500806	心动季节-被动-最终伤害提升	1	1501	1		1	1
313500801	【专武】心动季节-造成护盾提升+8%	1	2101	1		1	1
313500802	【专武】心动季节-受到最终伤害-5%	1	1502	1		1	1
313500803	【专武】心动季节-造成护盾提升+16%	1	2101	1		1	1
313500804	【专武】心动季节-受到最终伤害-10%	1	1502	1		1	1
406040153	守护50%	6	4	1			1
401010951	怪物通用-按自身60%攻击力给目标提升攻击力	1	101	8			1
401010952	怪物通用-按自身100%防御力给目标提升防御	1	201	8			1
401010953	怪物通用-按自身100%最大生命值给目标提升最大生命值	1	301	8			1
412201153	怪物通用-造成间接伤害-10%	1	2201	1			1
412202158	怪物通用，提升受到间接伤害效果10%	1	2202	1		1	1
411502180	怪物通用，受到伤害提升10%	1	1502	1		1	1
411502167	怪物通用，受到伤害提升8%	1	1502	1		1	1
411502168	怪物通用，受到伤害提升15%	1	1502	1		1	1
9120083	【怪物通用】红色攻击绿色属性克制伤害降低15%	10	1	1		1	1
9120084	【怪物通用】绿色攻击蓝色属性克制伤害降低15%	10	1	1		1	1
9120085	【怪物通用】蓝色攻击红色属性克制伤害降低15%	10	1	1		1	1
401102162	怪物通用，降低40%攻击力	1	102	1		1	1
480100801	花间意-技能-受到护盾降低	1	2102	1		1	1
480100802	花间意-大招-受到最终伤害提升，不升级	1	1502	1		1	1
480100803	花间意-被动-攻击力提升	1	102	1		1	1
480200801	醉红尘-技能-溅射伤害传递主效果	6	4	1		99	1
480200802	醉红尘-技能-受到最终伤害提升	1	1502	1		1	1
480200803	醉红尘-被动-攻击力提升	1	102	1		1	1
480200804	醉红尘-屏蔽buffid=180200811	9	3	1		99	1
480200805	醉红尘-屏蔽buffid=180200812	9	3	1		99	1
480200806	醉红尘-屏蔽buffid=180200813	9	3	1		99	1
480200807	醉红尘-被动-攻击力提升	1	102	1		1	1
480300801	清平乐-暴露	100	3	1		1	1
480300802	清平乐-暴击伤害提升-大招	1	703	1		1	1
480300803	清平乐-渐愈-大招	3	2	1		1	1
480300804	清平乐-造成最终伤害提升	1	1501	1		1	1
480300805	清平乐-暴击伤害提升-6星	1	703	1		1	1
480300806	清平乐-渐愈-6星	3	2	1		1	1
480300808	清平乐-造成最终伤害提升，醉红尘专属	1	1501	1		1	1
412700101	离梦蝶-封印	4	3	1		1	1
412700102	离梦蝶-锁能	4	8	1		1	1
412700103	离梦蝶-造成最终伤害提升	1	1501	1		1	1
412700125	离梦蝶-恐惧	4	4	1		1	1
412700126	离梦蝶-造成伤害降低25%	1	1501	1		1	1
380200801	【专武】醉红尘-造成最终伤害+8%	1	1501	1		1	1
380200802	【专武】醉红尘-造成最终伤害+1.5%	1	1501	1		1	1
380200803	【专武】醉红尘-造成最终伤害+16%	1	1501	1		1	1
380200804	【专武】醉红尘-造成最终伤害+3%	1	1501	1		1	1
380300801	【专武】清平乐-造成治疗提升+8%	1	1601	1		1	1
380300802	【专武】清平乐-受到最终伤害-5%	1	1502	1		1	1
380300803	【专武】清平乐-造成治疗提升+16%	1	1601	1		1	1
380300804	【专武】清平乐-受到最终伤害-10%	1	1502	1		1	1
312700101	【专武】离梦蝶-造成最终伤害+8%	1	1501	1		1	1
312700102	【专武】离梦蝶-造成最终伤害+5%	1	1501	1		1	1
312700103	【专武】离梦蝶-造成最终伤害+16%	1	1501	1		1	1
312700104	【专武】离梦蝶-造成最终伤害+10%	1	1501	1		1	1
813071152	噩梦回响，怪物通用，受到破碎伤害提升20%	1	3071	1		1	1
480300807	清平乐-被动效果站位符用	0	0	0		1	1
402121111	怪物通用-毒-回合结束，造成施法者攻击力30%的间接伤害	2	1	21		1	1
411602157	怪物通用，降低100%受到的治疗效果	1	1602	1		1	1
411602158	怪物通用，降低100%受到的护盾效果	1	2102	1		1	1
405010156	怪物通用，600%攻击生成护盾	5	1	1		3	1
413600801	指尖芳菲-1技能-受到最终伤害提升x%	1	1502	1		1	1
413600802	指尖芳菲-2技能-暴击率提升x%	1	603	1		1	1
413600803	指尖芳菲-六星效果-暴击伤害提升x%	1	703	1		1	1
413600804	指尖芳菲-被动-攻击力提升	1	102	1		999	1
313600801	【专武】指尖芳菲-暴击率+3%	1	603	1		999	1
313600802	【专武】指尖芳菲-受到最终伤害-5%	1	1502	1		999	1
313600803	【专武】指尖芳菲-暴击率+6%	1	603	1		999	1
313600804	【专武】指尖芳菲-受到最终伤害-10%	1	1502	1		999	1
7100101	怪物通用，攻击提升30%	1	102	1		1	1
7100102	怪物通用，穿透提升30%	1	1203	1		1	1
7100103	怪物通用，暴击提升30%	1	603	1		1	1
7100104	怪物通用，爆伤提升30%	1	703	1		1	1
813111151	噩梦回响，怪物通用，受到破灭伤害提升15%	1	3111	1		1	1
411602109	怪物通用-被动-受到治疗效果提升50%	1	1602	1		1	1
410300901	幽篁月韵-烈风-受到护盾降低	1	2102	1		1	1
410300902	幽篁月韵-攻击力提升	1	102	1		1	1
310100169	武装体验，+70%暴击率	1	603	1		1	1
410401601	灵棰惊竹-受到最终伤害降低	1	1502	1		1	1
410401602	灵棰惊竹-隐身	4	9	1		1	1
410401603	灵棰惊竹-暴击率提升25%	1	603	1		1	1
410401604	灵棰惊竹-被动-暴击伤害提升	1	703	1		999	1
410401605	灵棰惊竹-1星效果-造成最终伤害提升	1	1501	1		999	1
410401606	灵棰惊竹-6星效果，有竹影时，溢出暴击率转化为2%暴击伤害	1	2601	1		999	1
410201201	山明箬影-生命之护盾	5	7	1		1	1
410201202	山明箬影-生命百分比提升	1	302	16		1	1
410201203	山明箬影-受到治疗提升	1	1602	16		1	1
410201204	山明箬影-受到护盾提升	1	2102	16		1	1
410201205	山明箬影-造成治疗提升	1	1601	16		1	1
410201206	山明箬影-造成护盾提升	1	2101	16		1	1
410201207	山明箬影-忍耐率提升	1	1303	1		999	1
410201208	山明箬影-3星-生命值提升	1	302	1		999	1
410201209	山明箬影-5星-生命值提升	1	302	1		999	1
410201210	山明箬影-5星-造成护盾提升	1	2101	1		999	1
310300901	【专武】幽篁月韵-造成湮灭伤害+8%	1	3211	1		999	1
310300902	【专武】幽篁月韵-暴击伤害+12%	1	703	1		999	1
310300903	【专武】幽篁月韵-造成湮灭伤害+16%	1	3211	1		999	1
310300904	【专武】幽篁月韵-暴击伤害+24%	1	703	1		999	1
411502169	怪物通用，受到伤害提升30%	1	1502	1		1	1
310401601	【专武】灵棰惊竹-造成最终伤害+8%	1	1501	1		999	1
310401602	【专武】灵棰惊竹-攻击力+6%	1	102	1		999	1
310401603	【专武】灵棰惊竹-造成最终伤害+16%	1	1501	1		999	1
310401604	【专武】灵棰惊竹-攻击力+12%	1	102	1		999	1
310101801	【专武】茂林余音-造成最终伤害+8%	1	1501	1		999	1
310101802	【专武】茂林余音-忍耐率+10%	1	1303	1		999	1
310101803	【专武】茂林余音-造成最终伤害+16%	1	1501	1		999	1
310101804	【专武】茂林余音-忍耐率+20%	1	1303	1		999	1
410101801	茂林余音-1技能-伤害扩散	6	4	1		1	1
410101802	茂林余音-2技能-受到伤害最多为角色x%最大生命值	6	9	1		1	1
410101803	茂林余音-sp-按施法者暴击率增加暴击率	1	603	8		1	1
410101804	茂林余音-sp-按施法者攻击力增加攻击力	1	101	8		1	1
410101805	茂林余音-被动-造成最终伤害提升x%	1	1501	1		999	1
410101806	茂林余音-3星-暴击伤害提升	1	703	1		1	1
401102163	怪物通用，提升6%攻击力	1	102	1		1	1
401102164	怪物通用，提升8%攻击力	1	102	1		1	1
401102165	怪物通用，提升12%攻击力	1	102	1		1	1
412010164	怪物通用，提升6%防御	1	202	1		1	1
412010165	怪物通用，提升8%防御	1	202	1		1	1
412010167	怪物通用，提升12%防御	1	202	1		1	1
413020156	怪物通用，提升8%目标生命值上限	1	302	1		1	1
413020157	怪物通用，提升12%目标生命值上限	1	302	1		1	1
413020158	怪物通用，提升16%目标生命值上限	1	302	1		1	1
416030162	怪物通用，提升8%暴击率	1	603	1		1	1
404050151	怪物通用，怯场	4	5	1		1	1
419030153	怪物通用，提升30%暴击伤害抵抗	1	903	1		1	1
417030153	怪物通用，提升30%暴击伤害倍率	1	703	1		1	1
491040161	战斗训练-暴击率提升50%	1	603	1		1	1
9100622	夜间巡逻圣物-间接伤害提升	1	2201	1		1	1
9100632	夜间巡逻圣物-间接伤害提升	1	2201	1		1	1
9100642	夜间巡逻圣物-间接伤害提升30%	1	2201	1		1	1
9100662	夜间巡逻圣物-诅咒，120%攻击力伤害	2	3	21		1	1
9100692	夜间巡逻圣物-造成最终伤害降低30%	1	1501	1		1	1
9100703	夜间巡逻圣物-提升自身攻击力20%	1	102	1		1	1
9100712	夜间巡逻圣物-造成破裂伤害提升30%。	1	3101	1		1	1
9100713	夜间巡逻圣物-造成破灭伤害提升30%。	1	3121	1		1	1
9100721	目标身上每有1个DEBUFF，使其受到的破灭伤害提升10%。	1	3111	17		1	1
9100742	夜间巡逻圣物-造成的破裂伤害提升40%	1	3121	1		1	1
9100752	夜间巡逻圣物-防御降低30%，持续2回合，可叠加2层。	1	202	1		1	1
9100791	夜间巡逻圣物-造成伤害时，最终伤害结果提升20%。	1	1501	1		1	1
9100794	夜间巡逻圣物-若目标处于【眩晕】状态，则对其造成的伤害结果额外提升20%	1	1502	1		1	1
9100812	怪物通用，受到伤害提升4%	1	1502	1		1	1
9100821	夜间巡逻圣物-受击目标身上每拥有1个增益BUFF，则造成的破裂伤害额外提升10%	1	3101	17		1	1
9100832	夜间巡逻圣物-受到的【破碎伤害】提升40%	1	3071	1		1	1
9100841	夜间巡逻圣物-前两回合我方战斗员暴击率提升40%	1	603	1		1	1
9100852	夜间巡逻圣物-本次攻击的暴击伤害提升40%	1	703	1		1	1
9100854	夜间巡逻圣物-本次攻击的暴击伤害提升60%	1	703	1		1	1
9100862	夜间巡逻圣物-暴击率提升20%	1	603	1		1	1
9100882	夜间巡逻圣物-最终伤害降低30%	1	1501	1		1	1
9100884	夜间巡逻圣物-最终伤害降低30%	1	1501	1		1	1
417030154	怪物通用，提升100%暴击伤害倍率	1	703	1		1	1
417030130	怪物通用-被动-暴击伤害提升10%	1	703	1		1	1
402221109	怪物通用-点燃-回合结束，造成伤害量60%的间接伤害	2	2	21		1	1
411303167	怪物通用，提升25%忍耐	1	1303	1		1	1
610010201	天赋树-绿克蓝伤害提升1%/3%/6%/10%/15%	10	1	2		1	1
610010202	天赋树-红克绿伤害提升1%/3%/6%/10%/15%	10	1	2		1	1
610010203	天赋树-蓝克红伤害提升1%/3%/6%/10%/15%	10	1	2		1	1
610010204	天赋树-蓝克红伤害降低1%/3%/6%/10%/15%	10	1	2		1	1
610010205	天赋树-绿克蓝伤害降低1%/3%/6%/10%/15%	10	1	2		1	1
610010206	天赋树-红克绿伤害降低1%/3%/6%/10%/15%	10	1	2		1	1
610010211	天赋树-绿克蓝伤害提升1.2%/3.6%/7.2%/12%/18%	10	1	2		1	1
610010212	天赋树-红克绿伤害提升1.2%/3.6%/7.2%/12%/18%	10	1	2		1	1
610010213	天赋树-蓝克红伤害提升1.2%/3.6%/7.2%/12%/18%	10	1	2		1	1
610010214	天赋树-蓝克红伤害降低1.2%/3.6%/7.2%/12%/18%	10	1	2		1	1
610010215	天赋树-绿克蓝伤害降低1.2%/3.6%/7.2%/12%/18%	10	1	2		1	1
610010216	天赋树-红克绿伤害降低1.2%/3.6%/7.2%/12%/18%	10	1	2		1	1
610010221	天赋树-绿克蓝伤害提升1.6%/4.8%/9.6%/16%/24%	10	1	2		1	1
610010222	天赋树-红克绿伤害提升1.6%/4.8%/9.6%/16%/24%	10	1	2		1	1
610010223	天赋树-蓝克红伤害提升1.6%/4.8%/9.6%/16%/24%	10	1	2		1	1
610010224	天赋树-蓝克红伤害降低1.6%/4.8%/9.6%/16%/24%	10	1	2		1	1
610010225	天赋树-绿克蓝伤害降低1.6%/4.8%/9.6%/16%/24%	10	1	2		1	1
610010226	天赋树-红克绿伤害降低1.6%/4.8%/9.6%/16%/24%	10	1	2		1	1
417030155	怪物通用，提升100%暴击伤害倍率	1	703	1		1	1
7100139	【夜间巡逻副本战】【中心区】血量提升100%	1	302	1		1	1
7100140	【夜间巡逻副本战】【南港区】最终伤害降低30%	1	1501	1		1	1
7100141	【夜间巡逻副本战】【南港区】忍耐力提升50%	1	1303	1		1	1
7100142	【夜间巡逻副本战】【南港区】抗爆提升50%	1	803	1		1	1
7100144	【夜间巡逻副本战】【耀州区】攻击力提升1%的BUFF，持续1回合	1	102	1		1	1
411501162	天赋树-造成伤害提升2%/4%/6%/8%/10%	1	1501	1		1	1
411502170	天赋树-受到伤害降低2%/4%/6%/8%/10%	1	1502	1		1	1
411501163	天赋树-造成伤害提升1%/2%/3%/4%/5%	1	1501	1		1	1
411502171	天赋树-受到伤害降低1%/2%/3%/4%/5%	1	1502	1		1	1
414400101	千王之王-受到护盾降低	1	2102	1		1	1
414400102	千王之王-受到治疗降低	1	1602	1		1	1
414400103	千王之王-受到最终伤害降低	1	1502	1		1	1
414400104	千王之王-被动-造成间接伤害提升	1	2201	1		999	1
414400105	千王之王-原4星效果-废弃-受到间接伤害提升	1	2202	1		999	1
414400801	黑桃A-技能1-受到间接伤害提升	1	2202	1		1	1
414400802	黑桃A-被动-暴击伤害提升	1	703	1		999	1
414400803	黑桃A-穿透率提升	1	1203	1		999	1
414400804	黑桃A-攻击力提升	1	102	1		999	1
414400805	黑桃A-生命值提升	1	302	1		999	1
412202159	怪物通用，提升受到间接伤害效果20%	1	2202	1		1	1
414400106	千王之王，边池效果2技能占位符用	0	0	1		1	1
414400107	千王之王-大招-受到间接伤害提升	1	2202	1		1	1
314400101	【专武】千术之王-造成最终伤害+8%	1	1501	1		999	1
314400102	【专武】千术之王-防御力+6%	1	202	1		999	1
314400103	【专武】千术之王-造成最终伤害+16%	1	1501	1		999	1
314400104	【专武】千术之王-防御力+12%	1	202	1		999	1
191040162	测试用，幸运值+100	1	401	1		999	1
411102011	怪物通用，攻击力降低3%	1	102	1		1	1
411202011	怪物通用，防御力降低3%	1	202	1		1	1
411302011	怪物通用，忍耐率降低3%	1	1303	1		1	1
411603011	怪物通用，暴击率降低3%	1	603	1		1	1
412201011	怪物通用，造成间接伤害提升80%	1	2201	1		1	1
414100801	铃铃弥音-1技能-获得护盾效果降低	1	2102	1		1	1
414100802	铃铃弥音-2技能-生命值护盾	5	7	1		3	1
414100803	铃铃弥音-大招升级-最大生命值提升	1	302	1		1	1
414100804	铃铃弥音-大招-幸运值提升	1	401	1		3	1
414100805	铃铃弥音-被动-生命值提升	1	302	1		999	1
414100806	铃铃弥音-3星-人气值护盾	5	7	1		1	1
414100807	铃铃弥音-5星-造成最终伤害提升	1	1501	1		1	1
414100808	铃铃弥音-被动-暴击抵抗提升	1	803	18		999	1
414100809	铃铃弥音-5星大招-幸运值提升999%	1	401	1		3	1
314100801	【专武】铃铃弥音-造成最终伤害+8%	1	1501	1		999	1
314100802	【专武】铃铃弥音-暴击伤害+7%	1	703	1		999	1
314100803	【专武】铃铃弥音-造成最终伤害+16%	1	1501	1		999	1
314100804	【专武】铃铃弥音-暴击伤害+14%	1	703	1		999	1
411501164	怪物通用，最终伤害提升3%	1	1501	1		1	1
7100146	【猫乐园-特殊被动】敌方幸运降低1000	1	401	1		999	1
9100017	夜间巡逻圣物-全队攻击力提升15%	1	102	1		1	1
9100027	夜间巡逻圣物-全队防御力提升30%	1	202	1		1	1
9100037	夜间巡逻圣物-全队生命值上限提升30%	1	302	1		1	1
9100047	夜间巡逻圣物-全队穿透率提升15%	1	1203	1		1	1
9100067	夜间巡逻圣物-全队暴击伤害提升40%	1	703	1		1	1
9110001	夜间巡逻圣物-全队吸血率提升30%	1	1701	1		1	1
9100743	夜间巡逻圣物-造成的破灭伤害提升30%	1	3121	1		1	1
9100744	夜间巡逻圣物-造成的破灭伤害提升20%	1	3121	1		1	1
9100745	夜间巡逻圣物-造成的破灭伤害提升15%	1	3121	1		1	1
9100746	夜间巡逻圣物-受到的破灭伤害提升20%	1	3111	1		1	1
9100747	夜间巡逻圣物-攻击力降低2%	1	102	1		1	1
9100748	夜间巡逻圣物-受到最终伤害降低2%	1	1502	1		1	1
9100749	夜间巡逻圣物-造成的破灭伤害提升25%	1	3121	1		1	1
9100750	夜间巡逻圣物-提升15%穿透	1	1203	1		1	1
9100751	夜间巡逻圣物-提升2%穿透	1	1203	1		1	1
9100753	夜间巡逻圣物-提升15%攻击	1	102	1		1	1
9100754	夜间巡逻圣物-提升2%攻击	1	102	1		1	1
9100755	夜间巡逻圣物-提升30%暴击率	1	603	1		1	1
9100756	夜间巡逻圣物-提升30%暴击伤害倍率	1	703	1		1	1
9100757	夜间巡逻圣物-受到的破灭伤害提升6%	1	3111	1		1	1
9100758	夜间巡逻圣物-20%伤害传递	6	4	1		1	1
9100759	夜间巡逻圣物-受到的破灭伤害提升4%	1	3111	1		1	1
9100760	夜间巡逻圣物-【点燃】【余震】【流血】伤害提升20%	1	5041	1		1	1
9100761	夜间巡逻圣物-间接伤害提升20%	1	2201	1		1	1
9100762	夜间巡逻圣物-造成最终伤害降低20%	1	1501	1		1	1
9100763	夜间巡逻圣物-攻击力提升18%	1	102	1		1	1
9100764	夜间巡逻圣物-造成间接伤害提升3%	1	2201	1		1	1
9100765	夜间巡逻圣物-受到间接伤害提升1.5%	1	2202	1		1	1
9100766	夜间巡逻圣物-造成间接伤害提升15%	1	2201	1		1	1
405040155	怪物通用，15%生命生成护盾	5	4	1		3	1
480400801	巧克力-大招-暴击率提升x%	1	603	1		1	1
480400802	巧克力-被动-暴击伤害提升x%	1	703	1		999	1
480400803	巧克力-1星效果-造成最终伤害提升	1	1501	1		1	1
9100767	夜间巡逻圣物-造成最终伤害降低15%	1	1501	1		1	1
9100768	夜间巡逻圣物-受到最终伤害提升3%	1	1502	1		1	1
9100769	夜间巡逻圣物-受到穿透伤害提升20%	1	3031	1		1	1
9100770	夜间巡逻圣物-受到破裂伤害提升20%	1	3091	1		1	1
9100771	夜间巡逻圣物-受到破灭伤害提升20%	1	3111	1		1	1
9100772	夜间巡逻圣物-造成毒伤害提升20%	1	5021	1		1	1
9100773	夜间巡逻圣物-受到间接伤害提升4%	1	2202	1		1	1
480500801	香草-乐园套餐-暴击伤害提升x%	1	703	1		1	1
480500802	香草-乐园套餐-穿透率提升x%	1	1203	1		1	1
480500803	香草-乐园套餐-防御力提升x%	1	202	1		1	1
480500804	香草-乐园套餐-忍耐率提升x%	1	1303	1		1	1
480500805	香草-乐园套餐-最大生命值提升x%	1	302	1		1	1
480500806	香草-大招-攻击力提升（升级）	1	102	1		1	1
480500807	香草-被动-暴击率提升	1	603	1		999	1
480500808	香草-特殊被动-受到治疗提升（不升级）	1	1602	1		999	1
480500809	香草-1技能-吸血（待定）	1	1701	1		1	1
9100774	夜间巡逻圣物-全队生命值上限提升30%	1	302	1		1	1
480600801	可可-按自身暴击率的x%，降低敌方全体暴击率抵抗	1	803	8		999	1
480600802	可可-3星效果-暴击率提升	1	603	1		999	1
480600803	可可-5星效果-攻击力提升	1	102	1		999	1
480600804	可可-5星效果-暴击率提升	1	603	1		999	1
412000801	旋风初成-2技能-造成最终伤害提升	1	1501	1		1	1
412000802	旋风初成-大招-穿透率提升	1	1203	1		1	1
412000803	旋风初成-被动-攻击力提升	1	102	1		999	1
412000804	旋风初成-被动-防御力提升	1	202	1		1	1
412000805	旋风初成-被动-生命值提升	1	302	1		1	1
412000806	旋风初成-1技能-恐惧	4	4	1		1	1
412000807	旋风初成-0星社团特训被动-攻击力提升	1	102	1		999	1
412000808	旋风初成-1星社团特训被动-攻击力提升	1	102	1		999	1
412000809	旋风初成-2星社团特训被动-攻击力提升	1	102	1		999	1
412000810	旋风初成-3星社团特训被动-攻击力提升	1	102	1		999	1
412000811	旋风初成-4星社团特训被动-攻击力提升	1	102	1		999	1
412000812	旋风初成-5星社团特训被动-攻击力提升	1	102	1		999	1
412000813	旋风初成-6星社团特训被动-攻击力提升	1	102	1		999	1
412000814	旋风初成-大招-暴击率提升	1	603	1		1	1
411502172	怪物通用，受到伤害提升80%	1	1502	1		1	1
412500801	架刑罪赎-2技能-忍耐率降低	1	1303	1		1	1
412500802	架刑罪赎-被动-穿透率提升，按施法者穿透率x%	1	1203	8		999	1
412500803	架刑罪赎-4星效果-穿透率提升	1	1203	1		999	1
412500804	架刑罪赎-6星效果-1星牌防御力降低x%	1	202	1		1	1
412500805	架刑罪赎-6星效果-2星牌防御力降低x%	1	202	1		1	1
412500806	架刑罪赎-6星效果-3星牌防御力降低x%	1	202	1		1	1
380400801	【专武】巧克力-造成破碎伤害+8%	1	3081	1		999	1
380400802	【专武】巧克力-穿透率+5%	1	1203	1		999	1
380400803	【专武】巧克力-造成破碎伤害+16%	1	3081	1		999	1
380400804	【专武】巧克力-穿透率+10%	1	1203	1		999	1
380500801	【专武】香草-造成最终伤害+8%	1	1501	1		999	1
380500802	【专武】香草-忍耐率+6%	1	1303	1		999	1
380500803	【专武】香草-造成最终伤害+16%	1	1501	1		999	1
380500804	【专武】香草-忍耐率+12%	1	1303	1		999	1
312500801	【专武】架刑罪赎-造成穿刺伤害+8%	1	3061	1		999	1
312500802	【专武】架刑罪赎-防御力+4%	1	202	1		999	1
312500803	【专武】架刑罪赎-造成穿刺伤害+16%	1	3061	1		999	1
312500804	【专武】架刑罪赎-防御力+8%	1	202	1		999	1
312000801	【专武】旋风初成-造成最终伤害+8%	1	1501	1		999	1
312000802	【专武】旋风初成-生命值+5%	1	302	1		999	1
312000803	【专武】旋风初成-造成最终伤害+16%	1	1501	1		999	1
312000804	【专武】旋风初成-生命值+10%	1	302	1		999	1
813061151	噩梦回响，怪物通用，造成穿刺伤害提升15%	1	3061	1		1	1
311900801	【专武】星月夜-造成最终伤害+8%	1	1501	1		999	1
311900802	【专武】星月夜-暴击率+3%	1	603	1		999	1
311900803	【专武】星月夜-造成最终伤害+16%	1	1501	1		999	1
311900804	【专武】星月夜-暴击率+6%	1	603	1		999	1
411900801	星月夜-2技能-造成最终伤害提升	1	1501	1		1	1
411900802	星月夜-被动-攻击力提升	1	102	1		999	1
411900803	星月夜-暴击率提升，	1	603	21		999	1
411900804	星月夜-暴击伤害提升	1	703	21		999	1
412300801	絵空事-1技能-伤害传递	6	4	1		1	1
412300802	絵空事-2技能-防御力降低	1	202	1		1	1
412300803	絵空事-被动-暴击伤害提升	1	703	1		999	1
412300804	絵空事-4星效果-攻击力提升	1	102	1		999	1
412300805	絵空事-1技能占位符用	0	0	1		1	1
312300801	【专武】絵空事-造成最终伤害+8%	1	1501	1		999	1
312300802	【专武】絵空事-穿透率+5%	1	1203	1		999	1
312300803	【专武】絵空事-造成最终伤害+16%	1	1501	1		999	1
312300804	【专武】絵空事-穿透率+10%	1	1203	1		999	1
411203158	怪物通用，提升15%穿透	1	1203	1		1	1
312900201	【专武】深渊誓约-造成愤怒伤害+10%	1	3161	1		1	1
312900202	【专武】深渊誓约-攻击力+0.6%	1	102	1		1	1
312900203	【专武】深渊誓约-防御力+0.6%	1	202	1		1	1
312900204	【专武】深渊誓约-生命值+0.6%	1	302	1		1	1
312900205	【专武】深渊誓约-暴击率+0.6%	1	603	1		1	1
312900206	【专武】深渊誓约-暴击伤害+0.6%	1	703	1		1	1
312900207	【专武】深渊誓约-暴击抵抗+0.6%	1	803	1		1	1
312900208	【专武】深渊誓约-暴伤抵抗+0.6%	1	903	1		1	1
312900209	【专武】深渊誓约-穿透率+0.6%	1	1203	1		1	1
312900210	【专武】深渊誓约-忍耐率+0.6%	1	1303	1		1	1
312900211	【专武】深渊誓约-受到治疗提升+0.6%	1	1602	1		1	1
312900212	【专武】深渊誓约-受到护盾提升+0.6%	1	2102	1		1	1
312900213	【专武】深渊誓约-造成治疗提升+0.6%	1	1601	1		1	1
312900214	【专武】深渊誓约-造成护盾提升+0.6%	1	2101	1		1	1
312900215	【专武】深渊誓约-造成愤怒伤害+20%	1	3161	1		1	1
312900216	【专武】深渊誓约-攻击力+1.2%	1	102	1		1	1
312900217	【专武】深渊誓约-防御力+1.2%	1	202	1		1	1
312900218	【专武】深渊誓约-生命值+1.2%	1	302	1		1	1
312900219	【专武】深渊誓约-暴击率+1.2%	1	603	1		1	1
312900220	【专武】深渊誓约-暴击伤害+1.2%	1	703	1		1	1
312900221	【专武】深渊誓约-暴击抵抗+1.2%	1	803	1		1	1
312900222	【专武】深渊誓约-暴伤抵抗+1.2%	1	903	1		1	1
312900223	【专武】深渊誓约-穿透率+1.2%	1	1203	1		1	1
312900224	【专武】深渊誓约-忍耐率+1.2%	1	1303	1		1	1
312900225	【专武】深渊誓约-受到治疗提升+1.2%	1	1602	1		1	1
312900226	【专武】深渊誓约-受到护盾提升+1.2%	1	2102	1		1	1
312900227	【专武】深渊誓约-造成治疗提升+1.2%	1	1601	1		1	1
312900228	【专武】深渊誓约-造成护盾提升+1.2%	1	2101	1		1	1
410400701	浪花约会-1技能-无法行动	4	1	1		1	1
410400702	浪花约会-1技能-暴击率抵抗降低	1	803	1		1	1
410400703	浪花约会-大招-感染（无法获得治疗效果）	7	2	1		1	1
410400704	浪花约会-大招-感染（无法获得HOT）	7	2	1		1	1
410400705	浪花约会-被动-防御力提升	1	202	1		1	1
411501165	怪物通用-造成最终伤害降低15%	1	1501	1		1	1
411501166	怪物通用-造成最终伤害降低30%	1	1501	1		1	1
12015016	怪谈事件簿-防御力提升100%LV3	1	202	1		1	1
12015019	怪谈事件簿-触发类，攻击力提升LV1	1	102	1		1	1
12015020	怪谈事件簿-效果类，造成的属性克制伤害提升LV1	10	1	1		1	1
12015021	怪谈事件簿-效果类，造成的属性克制伤害提升LV2	10	1	1		1	1
12015022	怪谈事件簿-效果类，造成的属性克制伤害提升LV3	10	1	1		1	1
12015024	怪谈事件簿-效果类，均摊伤害	6	4	1		1	1
12015025	怪谈事件簿-效果类， 反伤	1	2002	1		1	1
12015027	怪谈事件簿-效果类-暴击提升100%	1	603	1		1	1
12015028	怪谈事件簿-效果类-受到诅咒伤害降低LV1	1	5051	1		1	1
12015029	怪谈事件簿-效果类-受到诅咒伤害降低LV2	1	5051	1		1	1
12015030	怪谈事件簿-效果类-受到诅咒伤害降低LV3	1	5051	1		1	1
12015031	怪谈事件簿-效果类-无法使用增益技能	4	3	1		1	1
12015032	怪谈事件簿-效果类-无法使用治疗技能	4	6	1		1	1
12015033	怪谈事件簿-效果类-蓄势伤害降低LV1	1	3171	1		1	1
12015034	怪谈事件簿-效果类-蓄势伤害降低LV2	1	3171	1		1	1
12015035	怪谈事件簿-效果类-蓄势伤害降低LV3	1	3171	1		1	1
12015043	怪谈事件簿-效果类-伤害提升LV1	1	1501	1		1	1
12015044	怪谈事件簿-效果类-伤害提升LV2	1	1501	1		1	1
12015045	怪谈事件簿-效果类-伤害提升LV3	1	1501	1		1	1
12015049	怪谈事件簿-效果类-伤害提升LV1	1	1501	1		1	1
12015050	怪谈事件簿-效果类-伤害提升LV2	1	1501	1		1	1
12015051	怪谈事件簿-效果类-伤害提升LV3	1	1501	1		1	1
12015058	怪谈事件簿-效果类-护盾LV1	5	4	1		1	1
12015059	怪谈事件簿-效果类-护盾LV2	5	4	1		1	1
12015060	怪谈事件簿-效果类-护盾LV3	5	4	1		1	1
12015064	怪谈事件簿-效果类-巨额护盾LV1	5	4	1		1	1
12015065	怪谈事件簿-效果类-巨额护盾LV2	5	4	1		1	1
12015066	怪谈事件簿-效果类-巨额护盾LV3	5	4	1		1	1
12015093	怪谈事件簿-效果类-友方输出职业受到伤害提升LV1	1	1502	1		1	1
12015094	怪谈事件簿-效果类-友方输出职业受到伤害提升LV2	1	1502	1		1	1
12015095	怪谈事件簿-效果类-友方输出职业受到伤害提升LV3	1	1502	1		1	1
12015090	怪谈事件簿-触发类-攻击力提升	1	102	1		1	1
12015092	怪谈事件簿-触发类-防御力提升	1	202	1		1	1
12015096	怪谈事件簿-效果类-友方无法受到护盾效果	1	2102	1		1	1
12015100	怪谈事件簿-效果类-降低攻击力LV1	1	102	1		1	1
12015101	怪谈事件簿-效果类-降低攻击力LV2	1	102	1		1	1
12015102	怪谈事件簿-效果类-降低攻击力LV3	1	102	1		1	1
12015111	怪谈事件簿-效果类-受到伤害提升LV1	1	1502	1		1	1
12015112	怪谈事件簿-效果类-受到伤害提升LV2	1	1502	1		1	1
12015113	怪谈事件簿-效果类-受到伤害提升LV3	1	1502	1		1	1
12015117	怪谈事件簿-效果类-降低受到治疗LV1	1	1602	1		1	1
12015118	怪谈事件簿-效果类-降低受到治疗LV2	1	1602	1		1	1
12015119	怪谈事件簿-效果类-降低受到治疗LV3	1	1602	1		1	1
12015123	怪谈事件簿-效果类-降低受到护盾LV1	1	2102	1		1	1
12015124	怪谈事件簿-效果类-降低受到护盾LV2	1	2102	1		1	1
12015125	怪谈事件簿-效果类-降低受到护盾LV3	1	2102	1		1	1
12015129	怪谈事件簿-效果类-吸血效果LV1	1	1701	1		1	1
12015130	怪谈事件簿-效果类-吸血效果LV2	1	1701	1		1	1
12015131	怪谈事件簿-效果类-吸血效果LV3	1	1701	1		1	1
408010101	怪物通用-治疗溢出60转化为护盾	8	4	1		999	1
408010102	怪物通用-治疗溢出60转化为护盾的专用护盾	5	8	1		3	1
310010201	怪物通用-敌方红色造成的属性克制伤害提升50%	10	1	1		1	1
310010202	怪物通用-敌方绿色造成的属性克制伤害提升50%	10	1	1		1	1
310010203	怪物通用-敌方蓝色造成的属性克制伤害提升50%	10	1	1		1	1
310010204	怪物通用-敌方白色对红色造成的属性克制伤害提升50%	10	1	1		1	1
310010205	怪物通用-敌方白色对绿色造成的属性克制伤害提升50%	10	1	1		1	1
310010206	怪物通用-敌方白色对蓝色造成的属性克制伤害提升50%	10	1	1		1	1
310010207	怪物通用-敌方白色对黑色造成的属性克制伤害提升50%	10	1	1		1	1
310010208	怪物通用-敌方黑色对红色造成的属性克制伤害提升50%	10	1	1		1	1
310010209	怪物通用-敌方黑色对绿色造成的属性克制伤害提升50%	10	1	1		1	1
310010210	怪物通用-敌方黑色对蓝色造成的属性克制伤害提升50%	10	1	1		1	1
310010211	怪物通用-敌方黑色对白色造成的属性克制伤害提升50%	10	1	1		1	1
307020101	怪物通用，免疫【恐惧】	7	2	1		1	1
307020102	怪物通用，免疫【冰封】	7	2	1		1	1
307020103	怪物通用，免疫【封印】	7	2	1		1	1
313181101	怪物通用-造成蓄势伤害提升20%	1	3181	1		1	1
410300301	场外焦点-1技能-暴击伤害提升	1	703	1		1	1
410300302	场外焦点-大招-受到最终伤害降低	1	1502	1		1	1
410300303	场外焦点-大招-平摊伤害	6	4	1		5	1
410300304	场外焦点-被动-暴击率提升	1	603	1		999	1
410300305	场外焦点-1星-每损失1%生命值，受到治疗提升，至多提升999	1	1602	22		999	1
410300306	场外焦点-3星-溢出治疗量转护盾	8	1	1		5	1
410300307	场外焦点，空白护盾	5	8	1			1
410300308	场外焦点-5星-存在护盾，造成最终伤害提升	1	1501	18		999	1
310300301	【专武】场外焦点-造成最终伤害+8%	1	1501	1		999	1
310300302	【专武】场外焦点-暴击率抵抗+4%	1	803	1		999	1
310300303	【专武】场外焦点-造成最终伤害+16%	1	1501	1		999	1
310300304	【专武】场外焦点-暴击率抵抗+8%	1	803	1		999	1
307020104	怪物通用，免疫【诅咒】	7	2	1		1	1
307020105	怪物通用，免疫[流血、点燃、余震]	7	2	1		1	1
412700104	离梦蝶-0星额外被动-GVG基础能力值提升-攻击力	1	102	1		999	1
412700105	离梦蝶-0星额外被动-GVG基础能力值提升-防御力	1	202	1		999	1
412700106	离梦蝶-0星额外被动-GVG基础能力值提升-生命值	1	302	1		999	1
412700107	离梦蝶-1星额外被动-GVG基础能力值提升-攻击力	1	102	1		999	1
412700108	离梦蝶-1星额外被动-GVG基础能力值提升-防御力	1	202	1		999	1
412700109	离梦蝶-1星额外被动-GVG基础能力值提升-生命值	1	302	1		999	1
412700110	离梦蝶-2星额外被动-GVG基础能力值提升-攻击力	1	102	1		999	1
412700111	离梦蝶-2星额外被动-GVG基础能力值提升-防御力	1	202	1		999	1
412700112	离梦蝶-2星额外被动-GVG基础能力值提升-生命值	1	302	1		999	1
412700113	离梦蝶-3星额外被动-GVG基础能力值提升-攻击力	1	102	1		999	1
412700114	离梦蝶-3星额外被动-GVG基础能力值提升-防御力	1	202	1		999	1
412700115	离梦蝶-3星额外被动-GVG基础能力值提升-生命值	1	302	1		999	1
412700116	离梦蝶-4星额外被动-GVG基础能力值提升-攻击力	1	102	1		999	1
412700117	离梦蝶-4星额外被动-GVG基础能力值提升-防御力	1	202	1		999	1
412700118	离梦蝶-4星额外被动-GVG基础能力值提升-生命值	1	302	1		999	1
412700119	离梦蝶-5星额外被动-GVG基础能力值提升-攻击力	1	102	1		999	1
412700120	离梦蝶-5星额外被动-GVG基础能力值提升-防御力	1	202	1		999	1
412700121	离梦蝶-5星额外被动-GVG基础能力值提升-生命值	1	302	1		999	1
412700122	离梦蝶-6星额外被动-GVG基础能力值提升-攻击力	1	102	1		999	1
412700123	离梦蝶-6星额外被动-GVG基础能力值提升-防御力	1	202	1		999	1
412700124	离梦蝶-6星额外被动-GVG基础能力值提升-生命值	1	302	1		999	1
310010212	怪物通用-我方红色造成的属性克制伤害提升20%	10	1	1		1	1
310010213	怪物通用-我方白色对绿色造成的属性克制伤害提升20%	10	1	1		1	1
310010214	怪物通用-我方黑色对绿色造成的属性克制伤害提升20%	10	1	1		1	1
310003011	怪物通用-暴露	100	3	1		1	1
305040151	怪物通用，200%生命生成护盾	5	4	1		3	1
311601101	怪物通用-造成治疗效果降低200%	1	1601	1		999	1
301102151	怪物通用，降低15%攻击力	1	102	1		1	1
311501101	怪物通用，最终伤害提升100%	1	1501	1		1	1
1010102	【首领战第二期】生命上限降低30%	1	302	1		1	1
1010103	【首领战第二期】生命上限降低50%	1	302	1		1	1
1010104	【首领战第二期】生命上限降低70%	1	302	1		1	1
1010106	【首领战第二期】-毒-回合结束，造成施法者攻击力30%的间接伤害	2	1	21		1	1
311502101	怪物通用，受到伤害提升40%	1	1502	1		1	1
413900814	冥卡-1技能-造成最终伤害提升10%	1	1501	1		1	1
413900815	冥卡-被动-暴击伤害+3/3.5/4/4.5%	1	703	1		1	1
413900816	冥卡-造成最终伤害提升20%	1	1501	1		1	1
313900801	【专武】力比多之证-暴击率+2%	1	603	1		1	1
313900802	【专武】力比多之证-造成真实伤害+8%	1	3021	1		1	1
313900803	【专武】力比多之证-暴击率+4%	1	603	1		1	1
313900804	【专武】力比多之证-造成真实伤害+16%	1	3021	1		1	1
12015076	怪谈事件簿-效果类-受到伤害降低20%	1	1502	1		1	1
12015077	怪谈事件簿-效果类-受到伤害降低25%	1	1502	1		1	1
12015078	怪谈事件簿-效果类-受到伤害降低30%	1	1502	1		1	1
12015082	怪谈事件簿-效果类-受到伤害降低15%	1	1502	1		1	1
12015083	怪谈事件簿-效果类-受到伤害降低20%	1	1502	1		1	1
12015084	怪谈事件簿-效果类-受到伤害降低25%	1	1502	1		1	1
12015140	怪谈事件簿-效果类-属性克制伤害提升30%	10	1	1		1	1
12015141	怪谈事件簿-效果类-属性克制伤害提升30%	10	1	1		1	1
12015142	怪谈事件簿-效果类-属性克制伤害提升30%	10	1	1		1	1
12015143	怪谈事件簿-效果类-属性克制伤害提升60%	10	1	1		1	1
12015144	怪谈事件簿-效果类-属性克制伤害提升60%	10	1	1		1	1
12015145	怪谈事件簿-效果类-属性克制伤害提升60%	10	1	1		1	1
12015146	怪谈事件簿-效果类-属性克制伤害提升90%	10	1	1		1	1
12015147	怪谈事件簿-效果类-属性克制伤害提升90%	10	1	1		1	1
12015148	怪谈事件簿-效果类-属性克制伤害提升90%	10	1	1		1	1
12015070	怪谈事件簿-效果类-受到伤害降低15%	1	1502	1		1	1
12015071	怪谈事件簿-效果类-受到伤害降低30%	1	1502	1		1	1
12015072	怪谈事件簿-效果类-受到伤害降低45%	1	1502	1		1	1
305040152	怪物通用，15%生命生成护盾	5	4	1		3	1
410301701	鲸语海鸣-暴击伤害提升	1	703	1		1	1
410301702	鲸语海鸣-暴击率提升	1	603	1		1	1
410301703	鲸语海鸣-被动-攻击力提升	1	102	1		999	1
410301704	鲸语海鸣-每有1个buff1，造成最终伤害提升	1	1501	21		999	1
410301705	鲸语海鸣-测试护盾buff	5	1	1			1
410201801	激潮之夏-技能-攻击力提升，提升量为施法者攻击力x%	1	101	2		1	1
410201802	激潮之夏-技能-伤害扩散	6	4	1		1	1
410201803	激潮之夏-被动-受到护盾降低x%	1	2102	1		999	1
410201804	激潮之夏-被动-受到治疗降低x%	1	1602	1		999	1
410201805	激潮之夏-6星-防御力降低x%	1	202	1		1	1
410201806	激潮之夏-6星-暴击率抵抗降低x%	1	803	1		1	1
410201807	激潮之夏-6星-暴击伤害抵抗降低x%	1	903	1		1	1
410201808	激潮之夏-6星-忍耐率降低x%	1	1303	1		1	1
410101201	企鹅冰山-2技能-携带护盾类buff时，受到最终伤害提升	1	1502	18		1	1
410101202	企鹅冰山-被动-攻击力提升	1	102	1		999	1
410101203	企鹅冰山-1星-造成最终伤害提升	1	1501	1		999	1
410101204	企鹅冰山-3星-攻击力降低	1	102	1		1	1
410101205	企鹅冰山-3星-防御力降低	1	202	1		1	1
410101206	企鹅冰山-3星-生命值降低	1	302	1		1	1
410101207	企鹅冰山-6星-穿透率提升x%	1	1203	1		1	1
410400901	破浪逐潮-被动-暴击伤害提升	1	703	1		999	1
410400902	破浪逐潮-3星-攻击力提升x%	1	102	1		1	1
410400903	破浪逐潮-5星-暴击率提升x%	1	603	1		1	1
410400904	破浪逐潮-5星-暴击伤害提升x%	1	703	1		1	1
313141101	怪物通用-破盾伤害提升	1	3141	1		1	1
310301701	【专武】鲸语海鸣-造成破盾伤害+8%	1	3141	1		999	1
310301702	【专武】鲸语海鸣-暴击伤害+2%	1	703	1		999	1
310301703	【专武】鲸语海鸣-造成破盾伤害+16%	1	3141	1		999	1
310301704	【专武】鲸语海鸣-暴击伤害+4%	1	703	1		999	1
310201801	【专武】激潮之夏-造成暴烈伤害+8%	1	3231	1		999	1
310201802	【专武】激潮之夏-生命值+5%	1	302	1		999	1
310201803	【专武】激潮之夏-造成治疗提升+5%	1	1601	1		999	1
310201804	【专武】激潮之夏-受到治疗提升+5%	1	1602	1		999	1
310201805	【专武】激潮之夏-造成护盾提升+5%	1	2101	1		999	1
310201806	【专武】激潮之夏-受到护盾提升+5%	1	2102	1		999	1
310201807	【专武】激潮之夏-造成暴烈伤害+16%	1	3231	1		999	1
310201808	【专武】激潮之夏-生命值+10%	1	302	1		999	1
310201809	【专武】激潮之夏-造成治疗提升+10%	1	1601	1		999	1
310201810	【专武】激潮之夏-受到治疗提升+10%	1	1602	1		999	1
310201811	【专武】激潮之夏-造成护盾提升+10%	1	2101	1		999	1
310201812	【专武】激潮之夏-受到护盾提升+10%	1	2102	1		999	1
310101201	【专武】企鹅冰山-造成破盾伤害+8%	1	3141	1		999	1
310101202	【专武】企鹅冰山-暴击率+6%	1	603	1		999	1
310101203	【专武】企鹅冰山-造成破盾伤害+16%	1	3141	1		999	1
310101204	【专武】企鹅冰山-暴击率+12%	1	603	1		999	1
318030101	怪物通用，提升20%暴击率抵抗	1	803	1		1	1
412202157	怪物通用，降低受到间接伤害效果10%	1	2202	1		1	1
313231101	【怪物通用】-造成暴烈伤害+20%	1	3231	1		1	1
313121101	【怪物通用】-造成破灭伤害+20%	1	3121	1		1	1
414900801	掌上淑女-被动-攻击力提升	1	102	1		999	1
414900802	掌上淑女-被动-造成伤害降低20%	1	1501	1		999	1
414900803	掌上淑女-被动-造成伤害提升20%	1	1501	1		999	1
414900804	掌上淑女-被动-造成伤害降低70%	1	1501	1		999	1
414300801	理性边界-受到破灭伤害提升	1	3111	1		1	1
414300802	理性边界-被动-攻击力提升	1	102	1		999	1
414300803	理性边界-被动-造成伤害提升30%	1	1501	1		999	1
415200801	十二夜中人-技能1-防御力降低	1	202	1		1	1
415200802	十二夜中人-技能1-按自身x%暴击伤害提升友方暴击伤害	1	703	8		1	1
415200803	十二夜中人-被动-受到治疗效果提升10%	1	1602	1		999	1
415200804	十二夜中人-3星-按自身x%暴击伤害提升友方暴击伤害	1	703	8		1	1
415200805	十二夜中人-被动-受到治疗转护盾	8	4	1		1	1
415200806	十二夜中人-被动-空白护盾	5	8	1		3	1
415200807	十二夜中人-大招-渐愈	3	1	1		1	1
412200801	愈者疗心-技能2-嘲讽	100	1	1		3	1
412200802	愈者疗心-技能2-伤害分摊	6	4	1		3	1
412200803	愈者疗心-技能2-受到伤害降低	1	1502	1		1	1
412200804	愈者疗心-被动-生命百分比	1	302	1		999	1
412200805	愈者疗心-被动-受到治疗提升	1	1601	1		999	1
412200806	愈者疗心-被动-受到护盾提升	1	1602	1		999	1
412200807	愈者疗心-被动-造成治疗提升	1	2101	1		999	1
412200808	愈者疗心-被动-造成护盾提升	1	2102	1		999	1
412200809	愈者疗心-被动额外-生命百分比	1	302	1		999	1
412200810	愈者疗心-被动额外-受到治疗提升	1	1601	1		999	1
412200811	愈者疗心-被动额外-受到护盾提升	1	1602	1		999	1
412200812	愈者疗心-被动额外-造成治疗提升	1	2101	1		999	1
412200813	愈者疗心-被动额外-造成护盾提升	1	2102	1		999	1
412200814	愈者疗心-6星-暴击率提升	1	603	1		1	1
412200815	愈者疗心-6星-暴击伤害提升	1	703	1		1	1
412200816	愈者疗心-技能2-伤害分摊	6	4	1		3	1
12018002	微缩世界，受到最终伤害提升500%	1	1502	1		1	1
12018003	微缩世界，受到最终伤害降低50%	1	1502	1		1	1
314900801	【专武】掌上淑女-造成伤害+8%	1	1501	1		999	1
314900802	【专武】掌上淑女-攻击力+6%	1	102	1		999	1
314900803	【专武】掌上淑女-造成伤害+16%	1	1501	1		999	1
314900804	【专武】掌上淑女-攻击力+12%	1	102	1		999	1
312200801	【专武】愈者疗心-造成伤害+8%	1	1501	1		999	1
312200802	【专武】愈者疗心-穿透率+2.5%	1	1203	1		999	1
312200803	【专武】愈者疗心-造成伤害+16%	1	1501	1		999	1
312200804	【专武】愈者疗心-穿透率+5%	1	1203	1		999	1
314300801	【专武】理性边界-造成伤害+8%	1	1501	1		999	1
314300802	【专武】理性边界-暴击率+5%	1	603	1		999	1
314300803	【专武】理性边界-造成伤害+16%	1	1501	1		999	1
314300804	【专武】理性边界-暴击率+10%	1	603	1		999	1
315200801	【专武】十二夜中人-造成伤害+8%	1	1501	1		999	1
315200802	【专武】十二夜中人-暴击伤害+10%	1	703	1		999	1
315200803	【专武】十二夜中人-造成伤害+16%	1	1501	1		999	1
315200804	【专武】十二夜中人-暴击伤害+20%	1	703	1		999	1
313081101	【怪物通用】-造成破碎伤害+40%	1	3081	1		1	1
413300801	风物诗-技能2-按自身x%最大生命值提升友方最大生命值	1	301	8		1	1
413300802	风物诗-被动-提升友方最大生命值	1	302	1		999	1
413300803	风物诗-1星-受到伤害降低25%	1	1502	1		1	1
413300804	风物诗-4星-造成伤害降低25%	1	1501	1		1	1
413300805	风物诗-4星-造成伤害提升7%	1	1501	1		1	1
413300806	风物诗-6星-造成伤害提升20%	1	1501	1		1	1
7100551	【怪物通用】忍耐率+100%	1	1303	1		1	1
7100552	【怪物通用】暴击伤害+50%	1	703	1		1	1
7100553	【怪物通用】暴击率+10%	1	603	1		1	1
7100554	【怪物通用】生命值越低攻击力越高	1	102	22		1	1
313300801	【专武】风物诗-造成伤害+8%	1	1501	1		999	1
313300802	【专武】风物诗-攻击力+3.5%	1	102	1		999	1
313300803	【专武】风物诗-造成伤害+16%	1	1501	1		999	1
313300804	【专武】风物诗-攻击力+3.5%	1	102	1		999	1
310400701	【专武】浪花约会-造成伤害+8%	1	1501	1		999	1
310400702	【专武】浪花约会-暴击伤害+7%	1	703	1		999	1
310400703	【专武】浪花约会-造成伤害+16%	1	1501	1		999	1
310400704	【专武】浪花约会-暴击伤害+14%	1	703	1		999	1
92001001	夜间巡逻第二期-浴血-生命上限提升10%	1	302	1		1	1
92001012	夜间巡逻第二期-防御降低20%	1	202	1		1	1
92001072	夜间巡逻第二期-30%吸血率	1	1701	1		1	1
92001082	夜间巡逻第二期-伤害均摊	6	4	1		1	1
92001103	夜间巡逻第二期-每损失1%生命值，造成伤害提升1%	1	1501	10		1	1
92001122	夜间巡逻第二期-锁血100点	6	3	1		1	1
92001173	夜间巡逻第二期-防御降低5%	1	201	1		1	1
92001181	夜间巡逻第二期-暴击率提升5%	1	603	1		1	1
92001182	夜间巡逻第二期-溢出暴击转1:2爆伤	1	2601	1		1	1
92001192	夜间巡逻第二期-爆伤10%	1	703	1		1	1
92001202	夜间巡逻第二期-暴击率提升10%	1	603	1		1	1
92001213	夜间巡逻第二期-受到伤害提升30%	1	1502	1		1	1
92001162	夜间巡逻第二期-sp小于3时受到伤害提升15%	1	1502	14		1	1
92001172	夜间巡逻第二期-sp小于3时造成伤害降低15%	1	1501	14		1	1
92001293	夜间巡逻第二期-攻击力+5%	1	102	1		1	1
92001312	夜间巡逻第二期-暴击伤害+10%	1	703	1		1	1
92001331	夜间巡逻第二期-sp大于2时暴击率提升35%	1	603	13		1	1
92001342	夜间巡逻第二期-造成伤害+10%	1	1501	1		1	1
92001392	夜间巡逻第二期-穿透率+15%	1	1203	1		1	1
92001402	夜间巡逻第二期-暴击率+15%	1	603	1		1	1
92001412	夜间巡逻第二期-攻击力+10%	1	102	1		1	1
92001422	夜间巡逻第二期-防御力+30%	1	202	1		1	1
92001432	夜间巡逻第二期-忍耐率+30%	1	1303	1		1	1
92001462	夜间巡逻第二期-暴击伤害+30%	1	703	1		1	1
92001484	夜间巡逻第二期-造成伤害提升3%	1	1501	1		1	1
92001512	夜间巡逻第二期-穿透率+18%	1	1203	1		1	1
92001522	夜间巡逻第二期-攻击力+5%	1	102	1		1	1
92001532	夜间巡逻第二期-幸运+10%	1	401	1		1	1
92001552	夜间巡逻第二期-受到护盾提高5%	1	2102	1		1	1
92001562	夜间巡逻第二期-穿透率+10%	1	1203	1		1	1
92001572	夜间巡逻第二期-造成伤害+30%	1	1501	1		1	1
92001999	暴击率50%	1	603	1		1	1
92001998	爆伤50%	1	703	1		1	1
92001989	造成伤害提高20%	1	1501	1		1	1
92001979	忍耐率+30%	1	1303	1		1	1
410401301	奥秘花舞者-大招-穿透提升	1	1203	1		1	1
410401302	奥秘花舞者-被动-穿透提升	1	1203	1		1	1
410401303	奥秘花舞者-6星-造成伤害提升	1	1501	1		1	1
410401304	奥秘花舞者-6星-造成伤害降低	1	1501	1		1	1
410601101	午夜寻幽-2技能-造成护盾效果降低15%/20%/30%	1	2101	1		999	1
410601102	午夜寻幽-被动天赋-暴击率提升	1	603	1		1	1
410601103	午夜寻幽-3星-暴击率提升	1	603	1		1	1
410601104	午夜寻幽-5星-暴击率提升	1	1203	1		1	1
310401301	【专武】奥秘花舞者-造成伤害+8%	1	1501	1		999	1
310401302	【专武】奥秘花舞者-穿透率+3%	1	1203	1		999	1
310401303	【专武】奥秘花舞者-造成伤害+16%	1	1501	1		999	1
310401304	【专武】奥秘花舞者-穿透率+6%	1	1203	1		999	1
311602101	怪物通用-效果类-降低受到治疗30%	1	1602	1		1	1
312102101	怪物通用-效果类-降低受到护盾30%	1	2102	1		1	1
313241101	怪物通用-效果类-受到增幅伤害增加30%	1	3241	1		1	1
313251101	怪物通用-效果类-造成增幅伤害增加30%	1	3251	1		1	1
415300801	衍罪之渊-技能2-暴伤提升30%	1	703	1		1	1
415300802	衍罪之渊-大招-暴击率转造成伤害提升	1	1501	24		1	1
415300803	衍罪之渊-大招-特殊sp形态	100	12	1		999	1
415300804	衍罪之渊-被动-暴击率提升	1	603	1		999	1
415300805	衍罪之渊-4星-攻击力提升	1	102	1		1	1
415300806	衍罪之渊-6星-生命值大于75%，造成伤害提高	1	1501	11		999	1
415300807	衍罪之渊-6星-生命值大于50%，受到伤害降低	1	1502	12		999	1
313241102	怪物通用-效果类-受到增幅伤害增加20%	1	3241	1		1	1
313251102	怪物通用-效果类-造成增幅伤害增加20%	1	3251	1		1	1
313081102	【怪物通用】-造成破碎伤害+30%	1	3081	1		1	1
415100801	造成增幅伤害提升3%	1	3251	1		1	1
415100802	多情演绎-大招-暴伤提升20%	1	703	1		1	1
415100803	多情演绎-被动-暴击率提升	1	603	1		999	1
415100804	多情演绎-4星-攻击力提升	1	102	1		1	1
415100805	多情演绎-大招-暴伤提升40%	1	703	1		1	1
415000801	天使心-技能2-忍耐提升10%	1	1303	1		1	1
415000802	天使心-大招-攻击力提升10%	1	102	1		1	1
415000803	天使心-被动-治疗可以暴击	8	3	2		999	1
415000804	天使心-被动-溢出治疗转护盾	8	1	1		999	1
415000805	天使心-被动-暴击率提升	1	603	1		999	1
415000806	天使心-1星-造成治疗效果提升5%	1	1601	1		1	1
415000807	天使心-1星-防御力+20%	1	202	1		1	1
415000808	天使心-大招-攻击力提升10%	1	102	1		1	1
414800801	爆破艺术-被动-每层buff提供攻击力提升x%	1	102	23		1	1
315300801	【专武】衍罪之渊-造成伤害+8%	1	1501	1		999	1
315300802	【专武】衍罪之渊-防御降低7%	1	202	1		999	1
315300803	【专武】衍罪之渊-造成伤害+16%	1	1501	1		999	1
315300804	【专武】衍罪之渊-防御降低14%	1	202	1		999	1
315100801	【专武】多情演绎-造成伤害+8%	1	1501	1		999	1
315100802	【专武】多情演绎-暴击率+5%	1	603	1		999	1
315100803	【专武】多情演绎-造成伤害+16%	1	1501	1		999	1
315100804	【专武】多情演绎-暴击率+10%	1	603	1		999	1
315000801	【专武】天使心-造成治疗+8%	1	1601	1		999	1
315000802	【专武】天使心-受到伤害-7%	1	1502	1		999	1
315000803	【专武】天使心-造成治疗+16%	1	1601	1		999	1
315000804	【专武】天使心-受到伤害-15%	1	1502	1		999	1
314800801	【专武】爆破艺术-造成伤害+8%	1	1501	1		999	1
314800802	【专武】爆破艺术-防御力+8%	1	202	1		999	1
314800803	【专武】爆破艺术-造成伤害+16%	1	1501	1		999	1
314800804	【专武】爆破艺术-防御力+16%	1	202	1		999	1
71001521	和风副本怪物通用，提升15%攻击力	1	102	1		1	1
71001531	和风副本怪物通用，提升20%攻击力	1	102	1		1	1
71001541	和风副本怪物通用，提升24%攻击力	1	102	1		1	1
71001551	和风副本怪物通用，提升27%攻击力	1	102	1		1	1
71001561	和风副本怪物通用，提升30%攻击力	1	102	1		1	1
71001571	和风副本怪物通用，提升33%攻击力	1	102	1		1	1
71001581	和风副本怪物通用，提升35%攻击力	1	102	1		1	1
71001522	和风副本怪物通用，提升15%生命值	1	302	1		1	1
71001532	和风副本怪物通用，提升20%生命值	1	302	1		1	1
71001542	和风副本怪物通用，提升24%生命值	1	302	1		1	1
71001552	和风副本怪物通用，提升27%生命值	1	302	1		1	1
71001562	和风副本怪物通用，提升30%生命值	1	302	1		1	1
71001572	和风副本怪物通用，提升33%生命值	1	302	1		1	1
71001582	和风副本怪物通用，提升35%生命值	1	302	1		1	1
412202160	怪物通用，提升受到间接伤害效果50%	1	2202	1		1	1
313081103	【怪物通用】-造成破碎伤害+20%	1	3081	1		1	1
340401902	世界BOSS-佣兵-攻击力提升1%	1	102	1		1	1
340401904	世界BOSS-佣兵-每有1层buff，造成伤害提升3%	1	1501	23		1	1
480300101	清平乐-暴露	100	3	1		1	1
480300102	清平乐-受到破碎伤害提升	1	3071	1		1	1
480300103	清平乐-造成伤害提升	1	1501	1		1	1
480300104	清平乐-造成伤害提升	1	1501	1		1	1
480300105	清平乐-造成伤害提升	1	1501	1		1	1
480300106	清平乐-暴击伤害提升	1	703	1		1	1
480300107	清平乐-造成伤害提升	1	1501	1		1	1
480300109	清平乐-防御降低	1	202	1		1	1
414600801	菲菲-大招-攻击降低15%	1	102	1		1	1
414600802	菲菲-大招-按自身15%攻击力提升攻击力	1	101	8		1	1
414600803	菲菲-被动-暴击伤害提升	1	703	1		999	1
414600804	菲菲-技能1-造成伤害提升	1	1501	1		999	1
414600805	菲菲-技能1-受到伤害降低	1	1502	1		999	1
414600806	菲菲-4星-暴击伤害提升	1	703	1		999	1
414600807	菲菲-6星-生命值大于50%时造成伤害提升	1	1501	11		999	1
415400801	罗寇-被动-每损失1%生命，造成间接伤害提升	1	2201	22		999	1
415400802	罗寇-被动-锁血	6	3	1		999	1
415400803	罗寇-4星-空护盾	5	8	2		999	1
412201154	怪物通用-造成间接伤害+5%	1	2201	1		1	1
412202156	罗寇-被动-每损失1%生命，受到间接伤害降低	1	2202	22		999	1
412201155	怪物通用，提升造成间接伤害效果30%	1	2201	1		1	1
315400801	【专武】罗寇-造成伤害+8%	1	1501	1		999	1
315400802	【专武】罗寇-间接伤害+5%	1	2201	1		999	1
315400803	【专武】罗寇-造成伤害+16%	1	1501	1		999	1
315400804	【专武】罗寇-间接伤害+10%	1	2201	1		999	1
420025241	爬塔换皮-暴击伤害+20%	1	703	1		999	1
420025242	爬塔换皮-暴击伤害+20%	1	703	1		999	1
420025243	爬塔换皮-暴击伤害+20%	1	703	1		999	1
420025244	爬塔换皮-暴击伤害+20%	1	703	1		999	1
420025245	爬塔换皮-暴击伤害+20%	1	703	1		999	1
420025246	爬塔换皮-暴击伤害+20%	1	703	1		999	1
420025261	爬塔换皮-间接伤害+20%	1	2201	1		999	1
420025262	爬塔换皮-间接伤害+20%	1	2201	1		999	1
420025263	爬塔换皮-间接伤害+20%	1	2201	1		999	1
420025264	爬塔换皮-间接伤害+20%	1	2201	1		999	1
420025265	爬塔换皮-间接伤害+20%	1	2201	1		999	1
420025266	爬塔换皮-间接伤害+20%	1	2201	1		999	1
7100208	怪物通用，受到破灭伤害提升200%	1	3111	1		1	1
7100207	怪物通用，提升200%暴击伤害倍率	1	703	1		1	1
7100204	怪物通用，造成增幅伤害提升20%	1	3251	1		1	1
7100202	怪物通用，攻击力提升100%	1	102	1		1	1
380300101	【专武】新米饭-造成伤害+8%	1	1501	1		999	1
380300102	【专武】新米饭-造成伤害+3%	1	1501	1		999	1
380300103	【专武】新米饭-造成伤害+16%	1	1501	1		999	1
380300104	【专武】新米饭-造成伤害+6%	1	1501	1		999	1
411501001	【侵蚀】-受到的最终伤害提升5%	1	1502	1		999	1
411303168	怪物通用，降低40%忍耐	1	1303	1		1	1
411501171	怪物通用，最终伤害降低20%	1	1501	1		1	1
412201156	怪物通用，提升造成间接伤害效果60%	1	2201	1		1	1
314600801	【专武】菲菲-造成伤害+8%	1	1501	1		999	1
314600802	【专武】菲菲-暴击率+5%	1	603	1		999	1
314600803	【专武】菲菲-造成伤害+16%	1	1501	1		999	1
314600804	【专武】菲菲-暴击率+10%	1	603	1		999	1
313121102	【怪物通用】-造成破灭伤害+30%	1	3121	1		1	1
313121103	【怪物通用】-造成破灭伤害+50%	1	3121	1		1	1
311501102	怪物通用，最终伤害提升40%	1	1501	1		1	1
313181102	怪物通用-造成蓄势伤害提升30%	1	3181	1		1	1
411602156	怪物通用-降低20%受到的治疗效果-花针	1	1602	1		1	1
412201157	黑潮川-被动-造成伤害提升15%	1	1501	1		999	1
813061152	噩梦回响，怪物通用，造成穿刺伤害提升15%	1	3061	1		1	1
92001650	夜间巡逻-每拥有1点sp，暴击率提升5%	1	603	7		999	1
92001660	夜间巡逻-每拥有1点sp，攻击力提升4%	1	102	7		999	1
92001670	夜间巡逻-每拥有1点sp，防御力提升6%	1	202	7		999	1
92001681	夜间巡逻-敌方存活人数大于3时，我方造成伤害提升x%	1	1501	1		999	1
92001720	夜间巡逻-造成蓄势伤害提升30%	1	3181	1		999	1
92001721	夜间巡逻-造成（特殊）蓄势伤害提升30%	1	3271	1		999	1
920018811	夜间巡逻圣物-敌方受到的【伤害传递】效果提升x%	11	2	1		999	1
920017721	夜间巡逻圣物-增加x%暴击率	1	603	1		999	1
920017811	夜间巡逻圣物-基础伤害造成的伤害提升x%	1	1401	1		999	1
920017911	夜间巡逻圣物-携带【伤害传递】的敌方防御力降低x%	1	202	18		999	1
920018021	夜间巡逻圣物-buff1（攻击结束后清除）	6	4	1		999	1
920018121	夜间巡逻圣物-造成的伤害提高x%	1	1501	1		999	1
920018221	夜间巡逻圣物-x%攻击力提升	1	102	1		1	1
920018321	夜间巡逻圣物-x%暴击伤害提升	1	703	1		1	1
920018421	夜间巡逻圣物-无法使用sp技能	4	7	1		999	1
920018541	夜间巡逻圣物-buff2	6	4	1		999	1
920018621	夜间巡逻圣物-眩晕至回合结束	4	1	1		999	1
920018721	夜间巡逻圣物-buff1（x回合）	6	4	1		999	1
92002022	夜间巡逻圣物-触发的技能造成伤害	1	1501	21		999	1
92002023	夜间巡逻圣物-触发的技能造成治疗	1	1601	21		999	1
92002024	夜间巡逻圣物-触发的技能造成护盾	1	2101	21		999	1
92001730	夜间巡逻-使用【蓄势伤害】时默认拥有5点sp	11	1	1		999	1
92001932	夜间巡逻圣物-【反击】技能造成的伤害提高15%-触发	1	1501	1		999	1
121774840	夜间巡逻圣物-前X回合额外获得Y%暴击率	1	603	1		999	1
121774851	夜间巡逻圣物-攻击力提升x%的buff，（最高10层）	1	102	1		999	1
92001254	夜间巡逻-10%造成伤害提升效果，可叠加4层	1	1501	1		999	1
813111152	噩梦回响，怪物通用，受到破灭伤害提升20%	1	3111	1		1	1
813111153	噩梦回响，怪物通用，受到破灭伤害提升40%	1	3111	1		1	1
313121104	【怪物通用】-造成破灭伤害+20%	1	3121	1		1	1
313121105	【怪物通用】-造成破灭伤害+40%	1	3121	1		1	1
813071153	噩梦回响，怪物通用，受到破碎伤害提升40%	1	3071	1		1	1
910076511	夜间巡逻圣物-造成的破灭伤害提升20%	1	3121	1		1	1
411501172	怪物通用，受到最终伤害提升30%	1	1502	1		1	1
440224101	山神-20%伤害传递1回合	6	4	1		999	1
440224102	山神-提升自身5%攻击力3回合，最多可叠加6层	1	102	1		999	1
413800101	守月歌-技能2-自身最大生命值护盾	5	4	1		999	1
413800102	守月歌-大招-生命值提升	1	301	8		1	1
413800103	守月歌-大招-受到治疗提升	1	1602	1		1	1
413800104	守月歌-大招-受到护盾提升	1	2102	1		1	1
413800107	守月歌-被动-造成护盾提升	1	2101	1		999	1
413800108	守月歌-5星-攻击力提升	1	102	1		1	1
413800109	守月歌-3星-大招附带生命链接	6	4	1		1	1
415900801	破阵曲-提升自身穿透%，最高x层	1	1203	1		1	1
415900802	破阵曲-挑衅	100	2	1		1	1
415900803	破阵曲-招架（技能2）（星级0）	1	1802	1		999	1
415900804	破阵曲-招架（技能2）（星级4）	1	1802	1		999	1
415900805	破阵曲-招架（技能2）（星级6）	1	1802	1		999	1
415900806	破阵曲-招架（sp）（星级0）	1	1802	1		999	1
415900807	破阵曲-招架（sp）（星级4）	1	1802	1		999	1
415900808	破阵曲-招架（sp）（星级6）	1	1802	1		999	1
415900812	破阵曲-被动-防御降低	1	202	1		1	1
415900814	破阵曲-被动-伤害提升（0）	1	1501	1		999	1
415900819	破阵曲-被动-伤害提升（2）	1	1501	1		999	1
415900821	破阵曲-被动-伤害提升（4）	1	1501	1		999	1
415900823	破阵曲-被动-伤害提升（6）	1	1501	1		999	1
414700800	云天外-buff1-可叠层穿透提升	1	1203	1		1	1
414700806	云天外-被动-红色友方穿透率提升	1	1203	1		999	1
414700811	云天外-6星被动-攻击力加成	1	102	1		999	1
314700802	云天外-专武-造成治疗效果提升	1	1601	1		999	1
314700804	云天外-专武-造成治疗效果提升	1	1601	1		999	1
314700805	云天外-专武-造成伤害提升	1	1501	1		999	1
314700806	云天外-专武-造成伤害提升	1	1501	1		999	1
414700807	云天外-被动-红色友方攻击力提升	1	102	1		999	1
315900801	【专武】破阵曲-造成伤害+8%	1	1501	1		999	1
315900802	【专武】破阵曲-攻击力+5%	1	102	1		999	1
315900803	【专武】破阵曲-造成伤害+16%	1	1501	1		999	1
315900804	【专武】破阵曲-攻击力+10%	1	102	1		999	1
312101101	怪物通用-造成护盾提升30%	1	2101	1		1	1
312101102	怪物通用-造成护盾提升50%	1	2101	1		1	1
813051152	噩梦回响，怪物通用，受到穿刺伤害提升10%	1	3051	1		1	1
311502102	怪物通用-受到伤害提升25%	1	1502	1		1	1
410301201	双生侠影-技能1-生命值护盾	5	9	1		999	1
410301202	双生侠影-技能2-吸血	1	1701	1		1	1
410301203	双生侠影-被动-根据110301207层数提供攻击力	1	102	21		999	1
410301204	双生侠影-被动-根据110301207层数提供穿透率	1	1203	21		999	1
410301205	双生侠影-被动-根据110301207层数提供生命值	1	302	21		999	1
410301206	双生侠影-被动-根据110301207层数提供忍耐率	1	1303	21		999	1
410301207	双生侠影-4星-属性加深	10	2	1		999	1
313800101	【专武】守月歌-造成伤害+8%	1	1501	1		999	1
313800102	【专武】守月歌-护盾效果+5%	1	2101	1		999	1
313800103	【专武】守月歌-造成伤害+16%	1	1501	1		999	1
313800104	【专武】守月歌-护盾效果+10%	1	2101	1		999	1
310301201	【专武】双生侠影-造成伤害+8%	1	1501	1		999	1
310301202	【专武】双生侠影-防御+5%	1	202	1		999	1
310301203	【专武】双生侠影-造成伤害+16%	1	1501	1		999	1
310301204	【专武】双生侠影-防御+10%	1	202	1		999	1
310301205	【专武】双生侠影-暴击+5%	1	603	1		999	1
310301206	【专武】双生侠影-暴击+10%	1	603	1		999	1
411203159	怪物通用，提升20%穿透	1	1203	1		1	1
412600801	金雀台-每2层buff提供穿透率加成	1	1203	25		999	1
312600801	【专武】金雀台 -造成伤害+8%	1	1501	1		999	1
312600802	【专武】金雀台 -攻击力+5%	1	102	1		999	1
312600803	【专武】金雀台 -造成伤害+16%	1	1501	1		999	1
312600804	【专武】金雀台 --攻击力+10%	1	102	1		999	1
413100101	糖果甜心-技能1-伤害提高-2-3-星	1	1501	1		999	1
413100102	糖果甜心-技能1-眩晕-3-星	4	1	1		999	1
413100103	糖果甜心-技能2-攻击力加成-1-2-3-星	1	102	1		999	1
413100104	糖果甜心-大招-伤害提升	1	1501	21		999	1
413100105	糖果甜心-被动-暴击伤害提高	1	703	21		999	1
413100106	糖果甜心-4星-暴击伤害提高	1	703	1		999	1
413100107	糖果甜心-6星-大招-伤害提升	1	1501	21		999	1
313100102	糖果甜心-专武-暴击率5	1	603	1		999	1
313100104	糖果甜心-专武-暴击率10	1	603	1		999	1
313100105	糖果甜心-专武-伤害提升8	1	1501	1		999	1
313100106	糖果甜心-专武-伤害提升16	1	1501	1		999	1
412800801	幸福时光-技能2-按自身暴抗转暴击率	1	603	24		1	1
412800802	幸福时光-被动-暴击抵抗提升	1	803	1		999	1
312800801	【专武】幸福时光-造成伤害+8%	1	1501	1		999	1
312800802	【专武】幸福时光-暴击率+5%	1	603	1		999	1
312800803	【专武】幸福时光-造成伤害+16%	1	1501	1		999	1
312800804	【专武】幸福时光-暴击率+10%	1	603	1		999	1
313081104	【怪物通用】-造成破碎伤害+50%	1	3081	1		1	1
313241103	怪物通用-效果类-受到增幅伤害增加40%	1	3241	1		1	1
416000801	塔拉-激流	2	7	21		1	1
416000802	塔拉-涌动	11	4	1		1	1
416000803	塔拉-被动-造成间接伤害提升	1	2201	1		999	1
416000804	塔拉-涌动-4星	11	4	1		1	1
4405200101	胖猫-被动-受到治疗可暴击	8	3	1		999	1
416100801	斐恩-技能1	11	3	1		1	1
416100802	斐恩-技能2	11	3	1		1	1
416100803	斐恩-技能2-HOT	3	1	1		1	1
416100804	斐恩-被动-暴击伤害提升	1	703	1		999	1
416100805	斐恩-领域-红克绿	10	1	1		999	1
416100806	斐恩-领域-绿克蓝	10	1	1		999	1
416100807	斐恩-领域-蓝克红	10	1	1		999	1
416100808	斐恩-领域-白克红	10	1	1		999	1
416100809	斐恩-领域-白克绿	10	1	1		999	1
416100810	斐恩-领域-白克蓝	10	1	1		999	1
416100811	斐恩-领域-黑克红	10	1	1		999	1
416100812	斐恩-领域-黑克绿	10	1	1		999	1
416100813	斐恩-领域-黑克蓝	10	1	1		999	1
416100814	斐恩-领域-黑克白	10	1	1		999	1
416100815	斐恩-1星-受到治疗效果提升	1	1602	1		999	1
416100816	斐恩-领域-绿克红	10	1	1		999	1
416100817	斐恩-领域-蓝克绿	10	1	1		999	1
416100818	斐恩-领域-红克蓝	10	1	1		999	1
416100819	斐恩-领域-红克白	10	1	1		999	1
416100820	斐恩-领域-绿克白	10	1	1		999	1
416100821	斐恩-领域-蓝克白	10	1	1		999	1
416100822	斐恩-领域-白克黑	10	1	1		999	1
316000801	【专武】塔拉-造成间接伤害+8%	1	2201	1		999	1
316000802	【专武】塔拉-攻击力+5%	1	102	1		999	1
316000803	【专武】塔拉-造成间接伤害+16%	1	2201	1		999	1
316000804	【专武】塔拉-攻击力+10%	1	102	1		999	1
316100801	【专武】斐恩-造成治疗效果+10%	1	1601	1		999	1
316100802	【专武】斐恩-攻击力+3%	1	102	1		999	1
316100803	【专武】斐恩-造成治疗效果+20%	1	1601	1		999	1
316100804	【专武】斐恩-攻击力+6%	1	102	1		999	1
813011152	噩梦回响，怪物通用，受到真实伤害提升50%	1	3011	1		1	1
311501103	怪物通用，最终伤害提升25%	1	1501	1		1	1
4314500801	希尔达boss-buff1-攻击力提升	1	102	26		999	1
4314500802	希尔达boss-buff1-暴击率提升	1	603	26		999	1
4314500803	希尔达boss-buff1-暴击伤害提升	1	703	26		999	1
4314500804	希尔达boss-buff1-最终伤害提升	1	1501	26		999	1
4314500805	希尔达boss-被动-受到最终伤害增加	1	1502	1		999	1
4314500806	希尔达boss-被动2-攻击力提升	1	102	26		999	1
415600801	露露-技能1-追击嘲讽	100	15	1		1	1
415600802	露露-技能1-攻击力降低	1	102	1		1	1
415600803	露露-技能2-造成伤害提升	1	1501	1		1	1
415600804	露露-大招-造成伤害提升	1	1501	1		1	1
415600805	露露-被动-暴击伤害提升	1	703	1		999	1
415700801	罗莎曼德-被动-每层buff造成伤害提升	1	1501	21		999	1
415700802	罗莎曼德-0星追击-80%减伤	1	1501	1		999	1
415700803	罗莎曼德-0星追击-110%增伤	1	1501	1		999	1
410200501	晚安故事-技能1-暴击率降低	1	603	1		1	1
410200502	晚安故事-技能2-睡眠	4	1	1		1	1
410200503	晚安故事-大招-穿透率降低	1	1203	8		1	1
410200504	晚安故事-被动-每层buff攻击力提升	1	102	1		999	1
310200501	【专武】晚安故事-造成伤害+8%	1	1501	1		999	1
310200502	【专武】晚安故事-穿透率+6%	1	1203	1		999	1
310200503	【专武】晚安故事-造成伤害+16%	1	1501	1		999	1
310200504	【专武】晚安故事-穿透率+12%	1	1203	1		999	1
315600801	【专武】露露-造成伤害+8%	1	1501	1		999	1
315600802	【专武】露露-攻击力+3%	1	102	1		999	1
315600803	【专武】露露-造成伤害+16%	1	1501	1		999	1
315600804	【专武】露露-攻击力+6%	1	102	1		999	1
315700801	【专武】罗莎曼德-造成伤害+8%	1	1501	1		999	1
315700802	【专武】罗莎曼德-暴击伤害+10%	1	703	1		999	1
315700803	【专武】罗莎曼德-造成伤害+16%	1	1501	1		999	1
315700804	【专武】罗莎曼德-暴击伤害+20%	1	703	1		999	1
415800801	佐伊-技能2-无法获得sp	100	13	1		999	1
415800802	佐伊-大招-累积量百分比的护盾	5	10	1		3	1
415800803	佐伊-大招-无法行动	4	1	1		999	1
415800804	佐伊-大招-无法掉牌	100	14	1		999	1
415800805	佐伊-被动-每名蓝色友方使受到治疗效果提升	1	1602	21		999	1
315800801	【专武】佐伊-造成伤害+8%	1	1501	1		999	1
315800802	【专武】佐伊-生命值+5%	1	302	1		999	1
315800803	【专武】佐伊-造成伤害+16%	1	1501	1		999	1
315800804	【专武】佐伊-生命值+10%	1	302	1		999	1
411501167	怪物通用，造成最终伤害提升60%	1	1501	1		1	1
411203160	怪物通用，降低10%穿透	1	1203	1		1	1
313181103	怪物通用-造成蓄势伤害提升10%	1	3181	1		1	1
4401900201	雇佣兵-技能1-全体穿透降低	1	1203	1		999	1
4401900202	雇佣兵-大招-自身防御降低	1	202	1		999	1
4401900203	雇佣兵-被动-受到最终伤害降低	1	1502	1		999	1
416200801	安娜-被动-隐身	4	9	1		1	1
416200802	安娜-大招-感染	7	2	1		3	1
416200803	安娜-被动-暴击伤害提升	1	703	1		999	1
416200804	安娜-4星-造成伤害提升	1	1501	1		999	1
416200805	安娜-6星-造成伤害提升	1	1501	1		999	1
416200806	安娜-大招-无法获得HOT	7	2	1		3	1
416300801	玛丽-技能1-造成伤害提升	1	1501	1		1	1
416300802	玛丽-技能1-造成蓄势伤害提升	1	3181	1		1	1
416300803	玛丽-技能1-造成特殊势伤害提升	1	3271	1		1	1
416300804	玛丽-被动-暴击率提升	1	603	1		999	1
416300805	玛丽-被动-受到伤害提升	1	1502	1		1	1
416300806	玛丽-4星技能1-造成伤害提升	1	1501	1		1	1
416300807	玛丽-4星技能1-造成蓄势伤害提升	1	3181	1		1	1
416300808	玛丽-4星技能1-造成特殊势伤害提升	1	3271	1		1	1
410100201	深蓝-技能2-造成伤害提升	1	1501	1		1	1
410100202	深蓝-被动-暴击伤害提升	1	703	1		999	1
410100203	深蓝-被动-暴击伤害转化	1	703	20		1	1
410100204	深蓝-3星-爆伤转生命	1	302	8		999	1
410100205	深蓝-6星-受到伤害降低	1	1502	1		1	1
410100206	深蓝-技能2-嘲讽	100	1	1		3	1
316200801	【专武】安娜-造成伤害+8%	1	1501	1		999	1
316200802	【专武】安娜-攻击力+5%	1	102	1		999	1
316200803	【专武】安娜-造成伤害+16%	1	1501	1		999	1
316200804	【专武】安娜-攻击力+10%	1	102	1		999	1
316300801	【专武】玛丽-造成伤害+8%	1	1501	1		999	1
316300802	【专武】玛丽-暴击伤害+10%	1	703	1		999	1
316300803	【专武】玛丽-造成伤害+16%	1	1501	1		999	1
316300804	【专武】玛丽-暴击伤害+20%	1	703	1		999	1
310100201	【专武】深蓝-造成伤害+8%	1	1501	1		999	1
310100202	【专武】深蓝-攻击力+5%	1	102	1		999	1
310100203	【专武】深蓝-造成伤害+16%	1	1501	1		999	1
310100204	【专武】深蓝-攻击力+10%	1	102	1		999	1
413200801	赫德嘉-技能2-攻击护盾	5	1	1		5	1
413200802	赫德嘉-大招-无法获得增益	7	2	1		3	1
413200803	赫德嘉-被动-攻击力提升	1	102	1		999	1
413200804	赫德嘉-被动-sp上限+2	10	2	1		1	1
413200805	赫德嘉-4星-每点sp+造成伤害	1	1501	7		1	1
413200806	赫德嘉-4星-每点sp+造成护盾	1	2101	7		1	1
413200807	赫德嘉-6星-攻击力提升	1	102	1		1	1
413200808	赫德嘉-6星-攻击力提升	1	102	1		1	1
413200809	赫德嘉-被动-爆伤转护盾	1	2101	24		1	1
413200810	赫德嘉-技能2-忍耐提升	1	1303	1		1	1
413200811	赫德嘉-被动-造成蓄势伤害提升	1	3181	1		1	1
413200812	赫德嘉-被动-造成特殊势伤害提升	1	3271	1		1	1
413200813	赫德嘉-被动-造成蓄势伤害提升	1	3181	1		1	1
413200814	赫德嘉-被动-造成特殊势伤害提升	1	3271	1		1	1
313200801	【专武】赫德嘉-造成伤害+8%	1	1501	1		999	1
313200802	【专武】赫德嘉-攻击力+5%	1	102	1		999	1
313200803	【专武】赫德嘉-造成伤害+16%	1	1501	1		999	1
313200804	【专武】赫德嘉-攻击力+10%	1	102	1		999	1
411603012	怪物通用，暴击率提升20%	1	603	1		1	1
313181104	怪物通用-造成蓄势伤害提升60%	1	3181	1		1	1
92002052	夜间巡逻-使用【蓄势伤害】时默认拥有7点sp	11	1	1		999	1
313271101	怪物通用-造成蓄势伤害提升30%	1	3271	1		1	1
313271102	怪物通用-造成蓄势伤害提升60%	1	3271	1		1	1
313281101	怪物通用-受到弱点伤害提升20%	1	3281	1		1	1
313281102	怪物通用-受到弱点伤害提升30%	1	3281	1		1	1
313281103	怪物通用-受到弱点伤害提升50%	1	3281	1		1	1
416400801	爱洛雯-技能1-攻击力降低	1	102	1		1	1
416400802	爱洛雯-技能2-受到弱点伤害提升	1	3281	1		1	1
416400803	爱洛雯-技能3-受到弱点伤害提升	1	3281	21		1	1
416400804	爱洛雯-召唤物-暴击率不变	100	16	1		1	1
416400805	爱洛雯-召唤物-穿透率不变	100	16	1		1	1
416400806	爱洛雯-被动-生命值提升	1	302	1		999	1
416400807	爱洛雯-被动-受到护盾效果提升	1	2102	1		999	1
416400808	爱洛雯-被动-受到治疗效果提升	1	1602	1		999	1
416400809	爱洛雯-被动-造成护盾效果提升	1	2101	1		999	1
416400810	爱洛雯-被动-造成治疗效果提升	1	1601	1		999	1
416400811	爱洛雯-被动-攻击力提升	1	102	1		1	1
416400812	爱洛雯-被动-锁血	6	8	1		1	1
415500801	克莱尔-技能1-攻击力提升	1	102	1		1	1
415500802	克莱尔-技能1-弱点伤害层数提升	11	5	1		1	1
415500803	克莱尔-技能2-暴击率降低	1	603	1		1	1
415500804	克莱尔-大招-受到伤害提升	1	1502	1		1	1
415500805	克莱尔-被动-生命值提升，随我方人数	1	302	27		1	1
415500806	克莱尔-技能1-攻击力提升	1	102	1		1	1
415500807	克莱尔-大招-受到伤害提升	1	1502	1		1	1
410300501	甜食守卫-技能1-穿透率降低	1	1203	1		1	1
410300502	甜食守卫-技能2-失明	4	6	1		1	1
410300503	甜食守卫-大招-晕眩	4	1	1		3	1
410300504	甜食守卫-被动-攻击力提升	1	102	1		1	1
410300505	甜食守卫-被动-暴击率提升	1	603	1		1	1
410300506	甜食守卫-被动-暴击伤害提升	1	703	1		1	1
410300507	甜食守卫-被动-穿透率提升	1	1203	1		1	1
410300508	甜食守卫-3星-造成伤害提升	1	1501	1		1	1
410300509	甜食守卫-5星-受到伤害降低	1	1502	1		1	1
316400801	【专武】爱洛雯-造成伤害+8%	1	1501	1		999	1
316400802	【专武】爱洛雯-攻击力+5%	1	102	1		999	1
316400803	【专武】爱洛雯-造成伤害+16%	1	1501	1		999	1
316400804	【专武】爱洛雯-攻击力+10%	1	102	1		999	1
315500801	【专武】克莱尔-造成治疗效果+8%	1	1601	1		999	1
315500802	【专武】克莱尔-攻击力+3%	1	102	1		999	1
315500803	【专武】克莱尔-造成治疗效果+16%	1	1601	1		999	1
315500804	【专武】克莱尔-攻击力+6%	1	102	1		999	1
310300501	【专武】甜食守卫-造成伤害+8%	1	1501	1		999	1
310300502	【专武】甜食守卫-忍耐率+15%	1	1303	1		999	1
310300503	【专武】甜食守卫-造成伤害+16%	1	1501	1		999	1
310300504	【专武】甜食守卫-忍耐率+30%	1	1303	1		999	1
414500801	希尔达-被动-暴击率提升	1	603	28		1	1
414500802	希尔达-被动-造成伤害提升	1	1501	28		1	1
414500803	希尔达-余震-回合结束，造成伤害量15%的间接伤害	2	2	21		1	1
414500804	希尔达-被动-每层114500801提升爆伤	1	703	21		1	1
414500805	希尔达-被动-锁血	6	2	1		1	1
414500806	希尔达-4星-红克绿	10	1	1		999	1
414500807	希尔达-4星-绿克蓝	10	1	1		999	1
414500808	希尔达-4星-蓝克红	10	1	1		999	1
414500809	希尔达-4星-白克红	10	1	1		999	1
414500810	希尔达-4星-白克绿	10	1	1		999	1
414500811	希尔达-4星-白克蓝	10	1	1		999	1
414500812	希尔达-4星-黑克红	10	1	1		999	1
414500813	希尔达-4星-黑克绿	10	1	1		999	1
414500814	希尔达-4星-黑克蓝	10	1	1		999	1
414500815	希尔达-4星-黑克白	10	1	1		999	1
314500801	【专武】希尔达-造成伤害+8%	1	1501	1		999	1
314500802	【专武】希尔达-攻击力+5%	1	102	28		999	1
314500803	【专武】希尔达-造成伤害+16%	1	1501	1		999	1
314500804	【专武】希尔达-攻击力+10%	1	102	28		999	1
313281104	怪物通用-受到弱点伤害提升40%	1	3281	1		1	1
412010168	怪物通用，降低15%防御	1	202	1		1	1
313301101	怪物通用-受到巨人伤害提升20%	1	3301	1		1	1
313301102	怪物通用-受到巨人伤害提升30%	1	3301	1		1	1
313321101	怪物通用-受到秘技伤害提升20%	1	3321	1		1	1
313321102	怪物通用-受到秘技伤害提升30%	1	3321	1		1	1
416500801	碧翠丝-技能2-攻击力提升	1	101	1		1	1
416500802	碧翠丝-技能2-暴击率提升	1	603	1		1	1
416500803	碧翠丝-技能2-暴击伤害提升	1	703	1		1	1
416500804	碧翠丝-被动-造成伤害提升	1	1501	1		999	1
416500805	碧翠丝-被动-造成伤害降低	1	1801	1		1	1
413500201	夏小曼-技能1-2星造成伤害提升	1	1501	16		1	1
413500202	夏小曼-技能1-3星造成伤害提升	1	1501	16		1	1
413500203	夏小曼-技能2-攻击力提升	1	102	1		1	1
413500204	夏小曼-大招-牌库每张2星+技能牌使暴击伤害提升x%	1	703	29		1	1
413500205	夏小曼-被动-按自身幸运提供给友方	1	401	24		999	1
413500206	夏小曼-被动-特殊锁血	6	10	1		1	1
413500207	夏小曼-6星大招-牌库每张2星+技能牌使暴击伤害提升x%	1	703	29		1	1
413500208	夏小曼-技能2-攻击力提升	1	102	1		1	1
4316500801	碧翠丝boss-技能2-攻击力提升	1	102	1		999	1
4316500802	碧翠丝boss-技能2-暴击率提升	1	603	1		999	1
4316500803	碧翠丝boss-技能2-暴击伤害提升	1	703	1		999	1
4316500804	碧翠丝boss-大招-按buff4降低最终伤害	1	1501	26		999	1
4316500805	碧翠丝boss-被动-最终伤害提升	1	1501	1		999	1
4316500806	碧翠丝boss-被动-受到最终伤害提升	1	1502	1		999	1
316500801	【专武】碧翠丝-造成伤害+8%	1	1501	1		999	1
316500802	【专武】碧翠丝-攻击力+5%	1	102	1		999	1
316500803	【专武】碧翠丝-造成伤害+16%	1	1501	1		999	1
316500804	【专武】碧翠丝-攻击力+10%	1	102	1		999	1
313500201	【专武】夏小曼-造成伤害+8%	1	1501	1		999	1
313500202	【专武】夏小曼-幸运+10%	1	401	1		999	1
313500203	【专武】夏小曼-造成伤害+16%	1	1501	1		999	1
313500204	【专武】夏小曼-幸运+20%	1	401	1		999	1
414400201	夏千术-技能1-暴击提升	1	603	1		1	1
414400202	夏千术-被动-攻击力提升	1	102	16		1	1
414400203	夏千术-被动-暴击率提升	1	603	16		1	1
414400204	夏千术-被动-暴击伤害提升	1	703	16		1	1
414400205	夏千术-被动-穿透率提升	1	1203	16		1	1
414400206	夏千术-技能-沉默	4	7	1		1	1
314400201	【专武】夏千术-造成伤害+8%	1	1501	1		999	1
314400202	【专武】夏千术-暴击伤害+	1	703	1		999	1
314400203	【专武】夏千术-造成伤害+16%	1	1501	1		999	1
314400204	【专武】夏千术-幸运+20%	1	703	1		999	1
416600801	娜卡-2技能-造成最终伤害提升	1	1501	1		1	1
416600802	娜卡-被动-暴击伤害提升	1	703	1		999	1
416600803	娜卡-暴击率提升，	1	603	21		999	1
416600804	娜卡-暴击伤害提升	1	703	21		999	1
316600813	娜卡-最终伤害提升8%	1	1501	1		1	1
316600814	娜卡-攻击力提升5%	1	102	1		1	1
316600815	娜卡-最终伤害提升16%	1	1501	1		1	1
316600816	娜卡-攻击力提升10%	1	102	1		1	1
1133992	猫娘3期世界BOSSBUFF，受到破碎伤害提升50%	1	3071	1		999	1
1133993	猫娘3期世界BOSSBUFF，暴击率40%	1	603	1		999	1
1133994	猫娘3期世界BOSSBUFF，暴击伤害50%。	1	703	1		999	1
1133995	猫娘3期世界BOSSBUFF,暴击率下降10%	1	603	1		999	1
1133996	猫娘3期世界BOSSBUFF,暴击抵抗25%	1	803	1		1	1
410301001	电音风暴-1技能-伤害传递	6	4	1		1	1
410301002	电音风暴-2技能-受到伤害提升30%	1	1502	1		1	1
410301003	电音风暴-被动-暴击伤害提升	1	703	1		999	1
410301004	电音风暴-4星效果-攻击力提升	1	102	1		999	1
410301005	电音风暴-1技能占位符用	0	0	1		1	1
310301001	【专武】电音风暴-造成最终伤害+8%	1	1501	1		999	1
310301002	【专武】电音风暴-暴击率+5%	1	603	1		999	1
310301003	【专武】电音风暴-造成最终伤害+16%	1	1501	1		999	1
310301004	【专武】电音风暴-暴击率+10%	1	603	1		999	1
410301007	电音风暴-被动-暴击提升10%	1	603	1		999	1
410301008	电音风暴-被动-暴击伤害提升40%	1	703	1		999	1
410301011	电音风暴-被动-最终伤害提升25%	1	1501	1		999	1
416700801	小非天-1技能-爪痕-降低目标受到治疗效果100%	1	1602	1		1	1
416700802	小非天-2技能-突破极限，200%攻击提升	1	102	1		999	1
416700803	小非天-暴击伤害提升	1	703	1		999	1
416700804	小非天-显示数值使用	1	3161	1		999	1
316700801	小非天-专武自身攻击提5%	1	102	1		999	1
316700803	小非天-治疗效果提升10%	1	1602	1		999	1
316700804	小非天-专武自身攻击提10%	1	102	1		999	1
316700805	小非天-治疗效果提升20%	1	1602	1		999	1
410201701	闪亮捕猎者-全队暴击伤害提升BUFF	1	703	1		1	1
410201702	闪亮捕猎者-被动暴击提升	1	603	1		1	1
410201703	闪亮捕猎者-大招暴击伤害提升BUFF	1	703	1		1	1
310201701	闪亮捕猎者-专武暴击提升	1	603	1		999	1
310201702	闪亮捕猎者-专武攻击提升	1	102	1		999	1
310201703	闪亮捕猎者-专武暴击提升	1	603	1		999	1
310201704	闪亮捕猎者-专武攻击提升	1	102	1		999	1
410400401	叛逆主张-被动暴击伤害提升	1	703	1		1	1
310400401	叛逆主张-专武暴击提升	1	603	1		999	1
310400402	叛逆主张-专武攻击提升	1	102	1		999	1
310400403	叛逆主张-专武暴击提升	1	603	1		999	1
310400404	叛逆主张-专武攻击提升	1	102	1		999	1
417000801	乌萨技能2-【痛苦链接】	6	4	1		1	1
417000802	乌萨大招-间接伤害必定暴击效果	11	4	1		1	1
417000803	乌萨被动-【暴击伤害提升】	1	703	1		1	1
417000804	乌萨技能2，6星效果-【痛苦链接】	6	4	1		1	1
317000801	乌萨-专武暴击提升	1	603	1		999	1
317000802	乌萨-专武暴击伤害提升	1	703	1		999	1
317000803	乌萨-专武暴击提升	1	603	1		999	1
317000804	乌萨-专武暴击伤害提升	1	703	1		999	1
101009051	生成自身50%全体护盾	5	4	1		1	1
101009052	提升防御100000%	1	202	1		1	1
410201301	暴走炮手大招-间接伤害提升	1	2201	1		999	1
410201302	暴走炮手大招-攻击力提升	1	102	1		999	1
410201303	暴走炮手2技能-防御力提升	1	202	1		1	1
410201304	暴走炮手6星大招-间接伤害提升	1	2201	1		999	1
310201301	暴走炮手-专武生命提升5%	1	302	1		999	1
310201302	暴走炮手-专武暴击提升5%	1	603	1		999	1
310201303	暴走炮手-专武生命提升10%	1	302	1		999	1
310201304	暴走炮手-专武暴击提升10%	1	603	1		999	1
410400201	追风逐电2技能晕眩效果	4	1	1		3	1
410400202	追风逐电被动损失1%生命造成伤害1%	1	1501	22		1	1
410400203	追风逐电被动大毅力	6	8	1		1	1
410400204	追风逐电被动锁血1回合	6	3	1		1	1
410400205	追风逐电被动 护盾125%最大血量	5	4	1		1	1
410400206	追风逐电被动损失1%生命造成伤害1%	1	1501	22		1	1
310400201	追风逐电-穿透率10%提升	1	1203	1		1	1
310400202	追风逐电-受到护盾效果提升35%	1	2102	1		1	1
310400203	追风逐电-穿透率20%提升	1	1203	1		1	1
310400204	追风逐电-受到护盾效果提升70%	1	2102	1		1	1
416900801	新小白-护盾	5	1	1		3	1
416900802	新小白-攻击力提升3%	1	102	1		999	1
416900803	新小白-增幅伤害提升40%	1	3251	1		999	1
416900804	新小白-造成伤害提升15%	1	1501	1		999	1
316900801	新小白-穿透率10%提升	1	1203	1		1	1
316900802	新小白-造成护盾提升60%	1	2101	1		1	1
316900803	新小白-穿透率20%提升	1	1203	1		1	1
316900804	新小白-造成护盾提升120%	1	2101	1		1	1
410301101	小小意外-2技能-受到最终伤害提升x%	1	1502	1		1	1
410301102	小小意外-被动-自身伤害提升x%-0星	1	1501	1		1	1
410301103	小小意外-被动-自身伤害提升x%-2星	1	1501	1		1	1
410301104	小小意外-被动-自身伤害提升x%-3星	1	1501	1		1	1
410301105	小小意外-被动-自身伤害提升x%-5星	1	1501	1		1	1
410301106	小小意外-2技能-不减少BUFF回合数	11	3	1		1	1
310301101	小小意外-专武-爆伤提升	1	703	1		999	1
310301102	小小意外-专武-SP伤害提升-低数值	1	1501	1		999	1
310301103	小小意外-专武-爆伤提升	1	703	1		999	1
310301104	小小意外-专武-SP伤害提升-高数值	1	1501	1		999	1
401500801	临界重构BOSS兔子玩偶-被动-受到最终伤害提升x%	1	1502	1		1	1
417100801	潮汐之羽-防御降低35%	1	202	1		1	1
417100802	潮汐之羽-生命值上限降低25%	1	302	1		1	1
417100803	潮汐之羽-攻击力提升25%	1	102	1		1	1
417100804	潮汐之羽-受到伤害增加10%	1	1502	1		1	1
417100805	潮汐之羽-暴击率5%提升	1	603	1		1	1
417100806	潮汐之羽-暴击伤害100%提升	1	703	1		1	1
417100807	潮汐之羽-蓄势伤害提升12%	1	3181	1		1	1
417100808	潮汐之羽-特殊蓄势伤害提升12%	1	3271	1		1	1
417100809	潮汐之羽-被动锁血1回合	6	3	1		1	1
317100801	潮汐之羽-暴击率5%提升	1	603	1		1	1
317100802	潮汐之羽-暴击伤害10%提升	1	703	1		1	1
317100803	潮汐之羽-暴击率10%提升	1	603	1		1	1
317100804	潮汐之羽-暴击伤害20%提升	1	703	1		1	1
317200801	无罪之恶-专武暴击率5%提升	1	603	1		1	1
317200802	无罪之恶-专武暴击伤害10%提升	1	703	1		1	1
317200803	无罪之恶-专武暴击率10%提升	1	603	1		1	1
317200804	无罪之恶-专武暴击伤害20%提升	1	703	1		1	1
410600501	逆行冲锋-SP-无法行动	4	1	1		999	1
410600502	逆行冲锋-SP-无法掉牌	100	14	1		999	1
410600503	逆行冲锋-SP-红克绿	10	1	1		999	1
410600504	逆行冲锋-SP-绿克蓝	10	1	1		999	1
410600505	逆行冲锋-SP-蓝克红	10	1	1		999	1
410600506	逆行冲锋-SP-白克红	10	1	1		999	1
410600507	逆行冲锋-SP-白克绿	10	1	1		999	1
410600508	逆行冲锋-SP-白克蓝	10	1	1		999	1
410600509	逆行冲锋-SP-黑克红	10	1	1		999	1
410600510	逆行冲锋-SP-黑克绿	10	1	1		999	1
410600511	逆行冲锋-SP-黑克蓝	10	1	1		999	1
410600512	逆行冲锋-SP-黑克白	10	1	1		999	1
410600513	逆行冲锋-SP-三阶段红克绿	10	1	1		999	1
410600514	逆行冲锋-SP-三阶段绿克蓝	10	1	1		999	1
410600515	逆行冲锋-SP-三阶段蓝克红	10	1	1		999	1
410600516	逆行冲锋-SP-三阶段白克红	10	1	1		999	1
410600517	逆行冲锋-SP-三阶段白克绿	10	1	1		999	1
410600518	逆行冲锋-SP-三阶段白克蓝	10	1	1		999	1
410600519	逆行冲锋-SP-三阶段黑克红	10	1	1		999	1
410600520	逆行冲锋-SP-三阶段红克绿	10	1	1		999	1
410600521	逆行冲锋-SP-三阶段黑克蓝	10	1	1		999	1
410600522	逆行冲锋-SP-三阶段黑克白	10	1	1		999	1
410600523	逆行冲锋-被动-提升全队防御力	1	202	1		999	1
410600524	逆行冲锋-6星效果-BUFF持续时间提高全队生命值上限	1	302	1		999	1
410600525	逆行冲锋-SP-三阶段最终伤害提升	1	1501	1		1	1
410600526	逆行冲锋-SP-三阶段蓄势伤害提升	1	3181	1		1	1
410600527	逆行冲锋-SP-三阶段蓄势伤害提升	1	3271	1		1	1
310600501	自身生命值上限提升10%	1	302	1		999	1
310600502	全队暴击伤害提升10%	1	703	1		999	1
310600503	自身生命值上限提升20%	1	302	1		999	1
310600504	全队暴击伤害提升20%	1	703	1		999	1
417200801	无恶之罪-技能1-召唤物造成弱点伤害提升	1	3291	1		999	1
417200802	无恶之罪-技能2-防御力降低4%	1	202	1		1	1
417200803	无恶之罪-SP-攻击力降低	1	102	1		1	1
417200804	无恶之罪-SP-暴击率降低	1	603	1		1	1
417200805	无恶之罪-故姿残像-技能1-易伤	1	1502	1		1	1
417200806	无恶之罪-SP-受到【弱点伤害】提升	1	3281	1		1	1
417200807	无恶之罪-故姿残像-SP-造成【最终伤害】提升	1	1501	1		999	1
417200808	无恶之罪-故姿残像-被动-造成【最终伤害】提升	1	1501	1		999	1
417200809	无恶之罪-故姿残像-技能1-易伤	1	3291	1		1	1
417300801	怪诞其身-技能1-子效果，【失明】debuff1（禁疗）	4	6	1		1	1
417300802	怪诞其身-技能1-子效果，【封印】debuff2（禁BUFF）	4	3	1		1	1
417300803	怪诞其身-技能2-子效果，【诅咒】debuff3（dot）	2	3	21		1	1
417300804	怪诞其身-SP-受到SP伤害提升	1	1502	1		1	1
417300805	怪诞其身-SP-受到弱点伤害提升	1	3281	1		1	1
417300806	怪诞其身-SP-受到最终伤害提升	1	1502	1		1	1
417300807	怪诞其身-SP-禁止回复SP点	4	8	1		1	1
417300808	怪诞其身-SP-禁止大招技能【沉默】	4	7	1		1	1
417300809	怪诞其身-SP-禁止debuff技能【怯场】	4	5	1		1	1
417300810	怪诞其身-SP-持续时间内增加队友计算弱点伤害层数上限	11	5	1		1	1
417300811	怪诞其身-被动-暴击伤害提升	1	703	1		1	1
417300812	怪诞其身-6星效果-持续时间内增加队友计算弱点伤害层数上限	11	5	1		1	1
417300813	怪诞其身-被动-弱点伤害提升	1	3291	1		1	1
317300801	自身生命值上限提升10%	1	302	1		999	1
317300802	全队暴击伤害提升10%	1	703	1		999	1
317300803	自身生命值上限提升20%	1	302	1		999	1
317300804	全队暴击伤害提升20%	1	703	1		999	1
410201001	火力开采-技能1-护盾	5	1	1			1
410201002	火力开采-技能1-护盾，升级	5	1	1			1
410201003	火力开采-被动-提升攻击力	1	102	1			1
410201004	火力开采-被动-暴击伤害	1	703	1		999	1
310201001	火力开采-专武-爆伤提升	1	703	1		999	1
310201002	火力开采-专武-SP伤害提升-低数值	1	1501	1		999	1
310201003	火力开采-专武-爆伤提升	1	703	1		999	1
310201004	火力开采-专武-SP伤害提升-高数值	1	1501	1		999	1