id	resourcesId	levelType	remark	instantiationNum	effectTime	effectType	bonesName	ifScale	ifHitAin	ifTransform	materialAnimState	ifFollow	status
int	int	int	int	int	int	int	int	int	int	int	int	int	int
1	fx_common_hit_01	0	拳头受击	6	5	1	0	0	0	0		1	1
2	fx_common_shanghaizengfu_buff	0	伤害增幅buff	6	9999	1	0	0	0	0		1	1
3	fx_common_hit_03	0	钝器受击	6	5	1	0	0	0	0		1	1
4	fx_common_hit_04	0	突刺受击	6	5	1	0	0	0	0		1	1
5	fx_common_hit_05	0	大爆炸受击	6	5	1	0	0	0	0		1	1
6	fx_common_hit_06	0	连续小爆炸受击	6	5	1	0	0	0	0		1	1
7	fx_common_hit_07	0	远程箭受击	6	5	1	0	0	0	0		1	1
8	fx_common_hit_08	0	远程炮弹受击	6	5	1	0	0	0	0		1	1
9	fx_common_yao	0	怪物攻击啃咬	6	5	1	0	0	0	0		1	1
10	fx_common_zhua	0	怪物攻击爪子	6	5	1	0	0	0	0		1	1
11	fx_common_fly_01	0	飞行子弹	6	5	1	0	0	0	0		1	1
12	fx_monster_enter	0	小怪出场特效	6	5	1	0	0	0	0		1	1
13	boom	0	测试用爆炸特效	6	1.3	1	0	0	0	0		1	1
14	ui_4_kapai_use_tishi	0	人物技能选中特效	6	1.5	1	0	0	0	0		1	1
15	ui_8_spka_renwutishitexiao	0	大招可以使用的时候出现	6	999	1	0	0	0	0		1	1
16	fx_common_death	0	人物死亡	6	3	1	0	0	0	0		1	1
17	fx_common_death_2	0	0	6	1.5	1	0	0	0	0		1	1
18	fx_cell_remax	0	暴怒触发	6	2	1	0	0	0	0		1	1
19	fx_cell_remax_buff	0	暴怒状态	6	999	1	0	0	0	0		1	1
402	fx_cell_remax	0	临时特效	6	3	1	0	0	0	0		1	1
501	fx_cell_max_start	0	进入解体状态	6	2.15	1	0	0	0	0		1	1
502	fx_cell_down_debuff_small	0	持续解体小体型	6	999	1	0	0	0	0		1	1
503	fx_cell_down_debuff	0	持续解体大体型	6	999	1	0	0	0	0		1	1
504	fx_cell_down_debuff_disappear_small	0	结束解体小体型	6	0.75	1	0	0	0	0		1	1
505	fx_cell_down_debuff_disappear	0	结束解体大体型	6	0.75	1	0	0	0	0		1	1
601	fx_cell_down	0	进入解体状态	6	2.2	1	0	0	0	0		1	1
602	fx_buff_jieti_chixu	0	解体持续	6	999	1	0	0	0	0		1	1
1001	bg_baoxiang_jin	0	金宝箱不带金币	6	2.4	1	0	0	0	0		1	1
1002	bg_baoxiang_jin_coin	0	金宝箱带金币	6	2.4	1	0	0	0	0		1	1
1003	bg_baoxiang_yin	0	银宝箱不带金币	6	2.4	1	0	0	0	0		1	1
1004	bg_baoxiang_yin_coin	0	银宝箱带金币	6	2.4	1	0	0	0	0		1	1
1005	bg_baoxiang_tong	0	铜宝箱不带金币	6	2.4	1	0	0	0	0		1	1
1006	bg_baoxiang_tong_coin	0	铜宝箱带金币	6	2.4	1	0	0	0	0		1	1
1007	bg_baoxiang_coin	0	纯金币掉落	6	2.4	1	0	0	0	0		1	1
10001	fx_buff_01_01	0	攻击力提升	6	2.9	1	0	0	0	0		1	1
10002	fx_buff_01_02	0	防御力提升	6	2.9	1	0	0	0	0		1	1
10003	fx_buff_01_13	0	生命值提升	6	2.9	1	0	0	0	0		1	1
10004	fx_buff_01_05	0	幸运值提升	6	2.9	1	0	0	0	0		1	1
10005	fx_buff_01_03	0	暴击值提升	6	2.9	1	0	0	0	0		1	1
10006	fx_buff_01_09	0	暴伤值提升	6	2.9	1	0	0	0	0		1	1
10007	fx_buff_01_11	0	暴抗值提升	6	2.9	1	0	0	0	0		1	1
10008	fx_buff_01_10	0	暴伤抵抗提升	6	2.9	1	0	0	0	0		1	1
10009	fx_buff_01_15	0	精准提升	6	2.9	1	0	0	0	0		1	1
10010	fx_buff_01_12	0	格挡提升	6	2.9	1	0	0	0	0		1	1
10011	fx_buff_01_14	0	穿透提升	6	2.9	1	0	0	0	0		1	1
10012	fx_buff_01_06	0	忍耐提升	6	2.9	1	0	0	0	0		1	1
10013	fx_buff_01_08	0	技能伤害提升	6	2.9	1	0	0	0	0		1	1
10014	fx_buff_01_07	0	技能伤害减免提升	6	2.9	1	0	0	0	0		1	1
10015	fx_buff_01_16	0	造成的最终伤害提升	6	2.9	1	0	0	0	0		1	1
10016	fx_buff_01_04	0	受到的最终伤害减免提升	6	2.9	1	0	0	0	0		1	1
10017	fx_buff_01_17	0	受到治疗效果提升	6	5	1	0	0	0	0		1	1
10018	fx_buff_01_17	0	吸血提升	6	5	1	0	0	0	0		1	1
10019	fx_buff_01_17	0	伤害反弹提升	6	5	1	0	0	0	0		1	1
10020	fx_buff_01_17	0	造成护盾效果提升	6	5	1	0	0	0	0		1	1
10021	fx_buff_01_17	0	受到护盾效果提升	6	5	1	0	0	0	0		1	1
10022	fx_buff_01_17	0	受到间接伤害减免（DOT造成的伤害）	6	5	1	0	0	0	0		1	1
10023	fx_buff_01_17	0	造成间接伤害提升（DOT造成的伤害）	6	5	1	0	0	0	0		1	1
10024	fx_buff_01_17	0	受到真实伤害减免（跳过防御力计算）	6	5	1	0	0	0	0		1	1
10025	fx_buff_01_17	0	造成真实伤害提升（跳过防御力计算）	6	5	1	0	0	0	0		1	1
10026	fx_buff_01_17	0	受到穿透伤害减免（攻击时穿透率提升至3倍）	6	5	1	0	0	0	0		1	1
10027	fx_buff_01_17	0	造成穿透伤害提升（攻击时穿透率提升至3倍）	6	5	1	0	0	0	0		1	1
10028	fx_buff_01_17	0	受到穿刺伤害减免（跳过忍耐计算）	6	5	1	0	0	0	0		1	1
10029	fx_buff_01_17	0	造成穿刺伤害提升（跳过忍耐计算）	6	5	1	0	0	0	0		1	1
10030	fx_buff_01_17	0	受到破碎伤害减免（攻击时暴击伤害提升至2倍）	6	5	1	0	0	0	0		1	1
10031	fx_buff_01_17	0	造成破碎伤害提升（攻击时暴击伤害提升至2倍）	6	5	1	0	0	0	0		1	1
10032	fx_buff_01_17	0	受到破裂伤害减免（如果目标身上有增益效果，造成2倍伤害）	6	5	1	0	0	0	0		1	1
10033	fx_buff_01_17	0	造成破裂伤害提升（如果目标身上有增益效果，造成2倍伤害）	6	5	1	0	0	0	0		1	1
10034	fx_buff_01_17	0	受到破灭伤害减免（如果目标身上有减益效果，造成3倍伤害）	6	5	1	0	0	0	0		1	1
10035	fx_buff_01_17	0	造成破灭伤害提升（如果目标身上有减益效果，造成3倍伤害）	6	5	1	0	0	0	0		1	1
10036	fx_buff_01_17	0	受传奇种伤害减免	6	5	1	0	0	0	0		1	1
10037	fx_buff_01_17	0	对传奇种伤害提升	6	5	1	0	0	0	0		1	1
10038	fx_buff_01_17	0	受纯血种伤害减免	6	5	1	0	0	0	0		1	1
10039	fx_buff_01_17	0	对纯血钟伤害提升	6	5	1	0	0	0	0		1	1
10040	fx_buff_01_17	0	受变异种伤害减免	6	5	1	0	0	0	0		1	1
10041	fx_buff_01_17	0	对变异种伤害提升	6	5	1	0	0	0	0		1	1
10042	fx_buff_01_17	0	受混血种伤害减免	6	5	1	0	0	0	0		1	1
10043	fx_buff_01_17	0	对混血种伤害提升	6	5	1	0	0	0	0		1	1
10044	fx_buff_01_17	0	受傀化者伤害减免	6	5	1	0	0	0	0		1	1
10045	fx_buff_01_17	0	对傀化者伤害提升	6	5	1	0	0	0	0		1	1
10046	fx_buff_01_17	0	受纯黑者伤害减免	6	5	1	0	0	0	0		1	1
10047	fx_buff_01_17	0	对纯黑者伤害提升	6	5	1	0	0	0	0		1	1
10048	fx_buff_01_17	0	攻击相关能力提升（攻击、暴击、爆伤、穿透全部提升）	6	5	1	0	0	0	0		1	1
10049	fx_buff_01_17	0	防御相关能力提升（防御、暴抗、暴伤抗、忍耐全部提升）	6	5	1	0	0	0	0		1	1
10050	fx_buff_01_17	0	生命相关能力提升（生命、治疗、被治疗、护盾、被护盾全部提升）	6	5	1	0	0	0	0		1	1
10051	fx_buff_01_17	0	所有能力值提升（养成界面的所有属性）	6	5	1	0	0	0	0		1	1
10052	fx_buff_01_17	0	基础能力值提升（攻击、防御、生命提升）	6	5	1	0	0	0	0		1	1
10053	fx_buff_loop_2	0	治愈：每回合回复生命值	6	999	1	0	0	0	0		1	1
10054	fx_buff_01_18	0	免疫减益属性改写（攻击力降低、防御力降低等）	6	1.15	1	0	0	0	0		1	1
10055	fx_buff_01_19	0	SP点持续获得	6	1.15	1	0	0	0	0		1	1
10056	fx_buff_01_20	0	屏障，受到伤害不会超过	6	1.15	1	0	0	0	0		1	1
10057	fx_buff_01_21	0	闪避，无视技能的伤害	6	999	1	0	0	0	0		1	1
20001	fx_debuff_01_01	0	攻击力降低	6	2.9	1	0	0	0	0		1	1
20002	fx_debuff_01_02	0	防御力降低	6	2.9	1	0	0	0	0		1	1
20003	fx_debuff_01_13	0	生命值降低	6	2.9	1	0	0	0	0		1	1
20004	fx_debuff_01_05	0	幸运值降低	6	2.9	1	0	0	0	0		1	1
20005	fx_debuff_01_03	0	暴击值降低	6	2.9	1	0	0	0	0		1	1
20006	fx_debuff_01_09	0	暴伤值降低	6	2.9	1	0	0	0	0		1	1
20007	fx_debuff_01_11	0	暴抗值降低	6	2.9	1	0	0	0	0		1	1
20008	fx_debuff_01_10	0	暴伤抵抗降低	6	2.9	1	0	0	0	0		1	1
20009	fx_debuff_01_15	0	精准降低	6	2.9	1	0	0	0	0		1	1
20010	fx_debuff_01_12	0	格挡降低	6	2.9	1	0	0	0	0		1	1
20011	fx_debuff_01_14	0	穿透降低	6	2.9	1	0	0	0	0		1	1
20012	fx_debuff_01_06	0	忍耐降低	6	2.9	1	0	0	0	0		1	1
20013	fx_debuff_01_08	0	造成的技能伤害降低	6	2.9	1	0	0	0	0		1	1
20014	fx_debuff_01_07	0	技能伤害减免降低	6	2.9	1	0	0	0	0		1	1
20015	fx_debuff_01_16	0	造成的最终伤害降低	6	2.9	1	0	0	0	0		1	1
20016	fx_debuff_01_04	0	受到的最终伤害减免降低	6	2.9	1	0	0	0	0		1	1
20017	fx_food_buff	0	食物的buff	6	1.4	1	0	0	0	0		1	1
20018	fx_buff_01_22	0	造成治疗效果降低	6	1.5	1	0	0	0	0		1	1
20019	fx_buff_01_22	0	受到治疗效果降低	6	1.5	1	0	0	0	0		1	1
20020	fx_buff_01_22	0	吸血降低	6	1.5	1	0	0	0	0		1	1
20021	fx_buff_01_22	0	造成护盾效果降低	6	1.5	1	0	0	0	0		1	1
20022	fx_buff_01_22	0	受到护盾效果降低	6	1.5	1	0	0	0	0		1	1
20023	fx_buff_01_17	0	受到间接伤害提升（DOT造成的伤害）	6	5	1	0	0	0	0		1	1
20024	fx_buff_01_22	0	造成间接伤害降低（DOT造成的伤害）	6	1.5	1	0	0	0	0		1	1
20025	fx_buff_01_17	0	受到真实伤害提升（跳过防御力计算）	6	5	1	0	0	0	0		1	1
20026	fx_buff_01_22	0	造成真实伤害降低（跳过防御力计算）	6	1.5	1	0	0	0	0		1	1
20027	fx_buff_01_17	0	受到穿透伤害提升（攻击时穿透率降低至3倍）	6	5	1	0	0	0	0		1	1
20028	fx_buff_01_22	0	造成穿透伤害降低（攻击时穿透率降低至3倍）	6	1.5	1	0	0	0	0		1	1
20029	fx_buff_01_17	0	受到穿刺伤害提升（跳过忍耐计算）	6	5	1	0	0	0	0		1	1
20030	fx_buff_01_22	0	造成穿刺伤害降低（跳过忍耐计算）	6	1.5	1	0	0	0	0		1	1
20031	fx_buff_01_17	0	受到破碎伤害提升（攻击时暴击伤害降低至2倍）	6	5	1	0	0	0	0		1	1
20032	fx_buff_01_22	0	造成破碎伤害降低（攻击时暴击伤害降低至2倍）	6	1.5	1	0	0	0	0		1	1
20033	fx_buff_01_17	0	受到破裂伤害提升（如果目标身上有增益效果，造成2倍伤害）	6	5	1	0	0	0	0		1	1
20034	fx_buff_01_22	0	造成破裂伤害降低（如果目标身上有增益效果，造成2倍伤害）	6	1.5	1	0	0	0	0		1	1
20035	fx_buff_01_17	0	受到破灭伤害提升（如果目标身上有减益效果，造成3倍伤害）	6	5	1	0	0	0	0		1	1
20036	fx_buff_01_22	0	造成破灭伤害降低（如果目标身上有减益效果，造成3倍伤害）	6	1.5	1	0	0	0	0		1	1
20037	fx_buff_01_17	0	受传奇种伤害提升	6	5	1	0	0	0	0		1	1
20038	fx_buff_01_22	0	对传奇种伤害降低	6	1.5	1	0	0	0	0		1	1
20039	fx_buff_01_17	0	受纯血种伤害提升	6	5	1	0	0	0	0		1	1
20040	fx_buff_01_22	0	对纯血种伤害降低	6	1.5	1	0	0	0	0		1	1
20041	fx_buff_01_17	0	受变异种伤害提升	6	5	1	0	0	0	0		1	1
20042	fx_buff_01_22	0	对变异种伤害降低	6	1.5	1	0	0	0	0		1	1
20043	fx_buff_01_17	0	受混血种伤害提升	6	5	1	0	0	0	0		1	1
20044	fx_buff_01_22	0	对混血种伤害降低	6	1.5	1	0	0	0	0		1	1
20045	fx_buff_01_17	0	受傀化者伤害提升	6	5	1	0	0	0	0		1	1
20046	fx_buff_01_22	0	对傀化者伤害降低	6	1.5	1	0	0	0	0		1	1
20047	fx_buff_01_17	0	受纯黑者伤害提升	6	5	1	0	0	0	0		1	1
20048	fx_buff_01_22	0	对纯黑者伤害降低	6	1.5	1	0	0	0	0		1	1
20049	fx_buff_01_17	0	攻击相关能力降低（攻击、暴击、爆伤、穿透全部降低）	6	5	1	0	0	0	0		1	1
20050	fx_buff_01_22	0	防御相关能力降低（防御、暴抗、暴伤抗、忍耐全部降低）	6	1.5	1	0	0	0	0		1	1
20051	fx_buff_01_17	0	生命相关能力降低（生命、治疗、被治疗、护盾、被护盾全部降低）	6	5	1	0	0	0	0		1	1
20052	fx_buff_01_22	0	所有能力值下降（养成界面所有属性全部降低）	6	1.5	1	0	0	0	0		1	1
20053	fx_buff_01_17	0	基础能力值下降（攻击、防御、生命降低）	6	5	1	0	0	0	0		1	1
20054	fx_buff_01_23	0	余震：回合结束，造成伤害量90%的追加伤害	6	1.6	1	0	0	0	0		1	1
20055	fx_buff_01_24	0	诅咒：回合结束，造成最大生命值20%的伤害	6	999	1	0	0	0	0		1	1
20056	fx_buff_01_28	0	腐蚀：回合结束，造成当前生命值20%的伤害	6	999	1	0	0	0	0		1	1
20057	fx_buff_01_25	0	禁止进攻技能	6	1.1	1	0	0	0	0		1	1
20058	fx_buff_01_26	0	禁止治疗技能	6	1.2	1	0	0	0	0		1	1
20059	fx_buff_01_27	0	禁止BUFF技能	6	1.3	1	0	0	0	0		1	1
20060	fx_buff_01_29	0	禁止DEBUFF技能	6	1.1	1	0	0	0	0		1	1
20061	fx_sleep_loop_1	0	睡眠：无法行动，被攻击后结束并且回血	6	999	2	Head_M	0	0	0		1	1
20062	fx_buff_01_30	0	冰封：无法行动，被攻击后结束并受到额外伤害	6	999	1	0	0	0	0		1	1
20063	fx_buff_01_31	0	无法获得SP点	6	1.3	1	0	0	0	0		1	1
20064	fx_debuff_loop_8	0	放逐：不受任何技能影响，从目标库中去除	6	999	1	0	0	0	0		1	1
20065	fx_buff_01_32	0	免疫增益	6	1.15	1	0	0	0	0		1	1
20066	fx_buff_01_33	0	免疫增益属性改写（攻击力提升、防御力提升等）	6	1.15	1	0	0	0	0		1	1
20067	fx_buff_01_34	0	SP点持续扣除	6	1.15	1	0	0	0	0		1	1
20068	fx_buff_01_35	0	只能使用增益	6	1.15	1	0	0	0	0		1	1
20069	fx_buff_01_36	0	只能使用攻击	6	1.15	1	0	0	0	0		1	1
20070	fx_buff_01_37	0	只能使用治疗	6	1.15	1	0	0	0	0		1	1
20071	fx_buff_01_38	0	只能使用减益	6	1.15	1	0	0	0	0		1	1
20072	fx_buff_01_39	0	感染：无法获得治疗	6	1.15	1	0	0	0	0		1	1
20073	fx_buff_01_40	0	无法获得护盾	6	1.15	1	0	0	0	0		1	1
20074	fx_buff_01_41	0	易伤：受到伤害提升	6	1.15	1	0	0	0	0		1	1
30001	fx_common_liuxue_buff	0	流血 buff	6	9999	2	Root_M	0	0	0		1	1
30002	fx_common_ganran_buff	0	感染	6	9999	2	Root_M	0	0	0		1	1
30003	fx_common_fire_buff	0	烧伤	6	9999	2	Root_M	0	0	0		1	1
30004	fx_debuff_loop_1	0	毒	6	9999	2	Root_M	0	0	0		1	1
31004	fx_debuff_loop_1_bust	0	毒爆发时的特效	6	1.1333	1	0	0	0	0		1	1
30005	fx_buff_loop_2	0	持续回血buff	6	9999	1	0	0	0	0		1	1
31005	fx_buff_loop_2_bust	0	回血时的特效瞬时	6	1.3333	1	0	0	0	0		1	1
30006	fx_debuff_loop_3	0	灼烧	6	9999	2	Root_M	0	0	0		1	1
31006	fx_debuff_loop_3_bust	0	灼烧爆发时的特效	6	1.6	1	0	0	0	0		1	1
30008	fx_shengwu_zhan	0	圣物的斩杀效果	6	1.0667	1	0	0	0	0		1	1
30009	fx_fear_buff	0	恐惧	6	9999	2	Head_M	0	0	0		1	1
30010	fx_debuff_loop_7_zhen	0	伤害传导	6	999	1	0	0	0	0		1	1
31010	fx_debuff_loop_7_fu	0	被传导	6	999	1	0	0	0	0		1	1
30011	fx_debuff_loop_6	0	双向扩散	6	999	1	0	0	0	0		1	1
31011	fx_debuff_loop_6_end	0	双向扩散结束	6	1.8	1	0	0	0	0		1	1
30012	fx_fanji_01	0	反击	6	1.25	2	Head_M	0	0	0		1	1
30013	fx_buff_01_42	0	暴露：无法被嘲讽保护	6	0.9	1	0	0	0	0		1	1
30014	fx_buff_01_43	0	守护：替有被守护标记的队友承伤	6	1.4	1	0	0	0	0		1	1
30015	fx_buff_01_44	0	被守护：受到部分伤害传递给友方	6	1.5	1	0	0	0	0		1	1
30016	fx_buff_01_45	0	反击：被技能攻击时，反击技能	6	1.3	1	0	0	0	0		1	1
30017	fx_buff_01_46	0	重击：释放技能时，对目标施加额外伤害	6	1.4	1	0	0	0	0		1	1
30018	fx_buff_01_47	0	连击：释放技能后追加释放另外的技能	6	1.4	1	0	0	0	0		1	1
30019	fx_buff_01_48	0	追击：其他人释放技能后自己追加释放另外的技能	6	1.4	1	0	0	0	0		1	1
30020	fx_buff_01_49	0	冰霜：标记	6	1.4	1	0	0	0	0		1	1
30021	fx_buff_pvp_Attack_Enhancement	0	pvp，每回合攻击力提升	6	2	1	0	0	0	0		1	1
30022	fx_buff_pvp_Take_damage	0	pvp，每回合受到伤害	6	1.5	1	0	0	0	0		1	1
30023	fx_buff_SP_dazhao_loop_pro	0	SP点满	6	9999	3	0	0	0	0		1	1
30024	fx_buff_SP_dazhao_loop_pro	0	SP点满（pro）	6	9999	3	0	0	0	0		1	1
30025	fx_AreaMap_1_icon_01	0	涂鸦印记	6	2	7	0	0	0	0		1	1
30026	fx_AreaMap_2_icon_01	0	工业污染	6	2	7	0	0	0	0		1	1
30027	fx_AreaMap_3_icon_01	0	美食疗法	6	2	7	0	0	0	0		1	1
30028	fx_AreaMap_4_icon_01	0	荣光庇佑	6	2	7	0	0	0	0		1	1
30029	fx_AreaMap_5_icon_01	0	纳米护甲	6	2	7	0	0	0	0		1	1
30030	fx_AreaMap_6_icon_01	0	军备支援	6	2	7	0	0	0	0		1	1
30031	fx_8010_buff_loop	0	医生BUFF持续	6	9999	1	0	0	0	0		1	1
30032	fx_8010_buff_tisheng_chufa	0	医生BUFF触发	6	2.16	1	0	0	0	0		1	1
30033	fx_buff_mark_01	0	标记特效	0	9999	3	0	0	0	0		1	1
40002	fx_buff_loop_1	0	护盾	6	9999	1	0	0	0	0		1	1
41002	fx_buff_loop_1_break	0	护盾消失	6	2	1	0	0	0	0		1	1
40003	fx_hudun_loop_1	0	合卡护盾持续	6	9999	1	0	0	1	0		1	1
41003	fx_hudun_loop_1_break	0	合卡护盾消失	6	1.0333	1	0	0	0	0		1	1
43001	fx_buff_hudun_loop_1	0	新护盾	6	9999	1	0	0	1	1		1	1
43002	fx_buff_hudun_hit_1	0	新护盾受击	6	1.02	1	0	0	0	0		1	1
43003	fx_buff_hudun_break_1	0	新护盾消失	6	1.47	1	0	0	0	1		1	1
50001	fx_debuff_loop_2	0	沉默	6	9999	1	0	0	0	0		1	1
50002	fx_buff_loop_3	0	效果免疫持续	6	9999	1	0	0	0	0		1	1
51002	fx_buff_loop_3_bust	0	效果免疫结束	6	1	1	0	0	0	0		1	1
50003	fx_buff_loop_4	0	无敌持续	6	999	1	Root_M	0	0	0		1	1
51003	fx_buff_loop_4_bust	0	无敌结束	6	1	1	Root_M	0	0	0		1	1
52003	wudi	0	无敌结束	6	1	5	0	0	0	0		1	1
50004	fx_common_xuanyun_loop_buff_1	0	晕眩	6	999	2	Head_M	0	0	0		1	1
50005	fx_common_miankongbuff_loop	0	免疫控制	6	999	2	Root_M	0	0	0		1	1
50006	fx_hide	0	隐秘	6	999	1	0	0	0	0		1	1
51006	fx_hide_disappear	0	隐秘消失	6	2	1	0	0	0	0		1	1
52006	hide	0	隐秘的catmap特效	6	999	5	0	0	0	0		1	1
53006	1	0	隐身	6	999	6	0	0	0	0		1	1
50007	fx_boss_weak_star	0	虚弱触发	6	1	1	0	0	0	0		1	1
51007	fx_boss_weak	0	虚弱持续	6	999	1	0	0	0	0		1	1
50008	fx_boss_angry_star	0	狂暴触发	6	1.9	1	0	0	0	0		1	1
51008	fx_boss_angry	0	狂暴持续	6	999	1	0	0	0	0		1	1
50009	fx_sleep_loop_1	0	睡眠持续	6	999	2	Head_M	0	0	0		1	1
50010	2	0	冰冻特效	6	999	6	0	0	0	0		1	1
50011	3	0	冰冻特效	6	999	6	0	0	0	0		1	1
60001	fx_debuff_cat_start_2	0	禁止增加BUFF类技能（触发）	6	2.13	1	0	0	0	0		1	1
61001	fx_debuff_cat_loop_2	0	禁止增加BUFF类技能（持续）	6	999	1	0	0	0	0		1	1
62001	fx_debuff_cat_end_2	0	禁止增加BUFF类技能（结束）	6	1.05	1	0	0	0	0		1	1
60002	fx_debuff_cat_2_start	0	嘲讽开始	6	1.6333	1	0	0	0	0		1	1
61002	fx_debuff_cat_2_loop	0	嘲讽持续	6	9999	1	0	0	0	0		1	1
62002	fx_debuff_cat_2_end	0	嘲讽结束	6	1.8667	1	0	0	0	0		1	1
60003	fx_debuff_cat_3_start	0	挑衅开始特效	6	1	1	0	0	0	0		1	1
61003	fx_debuff_cat_3_loop	0	挑衅持续特效	6	999	1	0	0	0	0		1	1
62003	fx_debuff_cat_3_end	0	挑衅结束特效	6	1	1	0	0	0	0		1	1
60004	fx_debuff_loop_8	0	放逐	6	999	1	0	0	0	0		1	1
61004	fx_debuff_loop_8_end	0	放逐结束特效	6	2	1	0	0	0	0		1	1
70001	fx_sp_up	0	SP增加	6	1	1	0	0	0	0		1	1
70002	fx_sp_down	0	SP减少	6	1	1	0	0	0	0		1	1
70003	fx_buff_addsp_01	0	SP渐回持续	6	999	1	0	0	0	0		1	1
71003	fx_buff_addsp_bust	0	SP渐回触发	6	2.55	1	0	0	0	0		1	1
10100201	fx_buff_cat_1_start	0	军装日天专用鼓舞开始	6	1.633	1	0	0	0	0		1	1
10100202	fx_buff_cat_1_loop	0	军装日天专用鼓舞持续	6	9999	1	0	0	0	0		1	1
10100203	fx_buff_cat_1_end	0	军装日天专用鼓舞结束	6	0.5	1	0	0	0	0		1	1
10200101	fx_debuff_loop_4	0	美短老初始专用锁定BUFF	6	9999	1	0	0	0	0		1	1
10200301	fx_buff_loop_5	0	美短泳装气泡充能	6	9999	1	0	0	0	0		1	1
10200501	fx_debuff_loop_5	0	电痕系列的特效	6	9999	1	0	0	0	0		1	1
10100111	fx_101001_attack_new	0	狸花普攻	6	1.89	1	0	0	0	0		1	1
101001151	fx_101001_attack_1_trail_L_hit	0	狸花普攻拖尾	6	2.3	2	weapon_jnt	0	0	0		1	1
10100121	fx_101001_skill01	0	狸花小技能	6	3.8	1	0	0	0	0		1	1
10100131	101001_skill3_TL	0	狸花大招	6	0	4	0	0	0	0		1	1
101001351	fx_101001_skill_2_bip001lhand	0	狸花大招拖尾1	6	1.8	2	Bip001 L Hand	0	0	0		1	1
101001352	fx_101001_skill_2_bip001rhand	0	狸花大招拖尾2	6	1.8	2	Bip001 R Hand	0	0	0		1	1
10100132	fx_101001_skill_2_hit	0	101001大招受击	6	1.7	1	0	0	0	0		1	1
10100211	fx_101002_skill01	0	普攻	6	3.9	1	0	0	0	0		1	1
101002121	fx_101002_skill01_hit_01	0	普攻受击1	6	0.6	1	0	0	0	0		1	1
101002122	fx_101002_skill01_hit_02	0	普攻受击2	6	0.6	1	0	0	0	0		1	1
101002131	fx_101002_skill01_bullet_01	0	普攻子弹1	6	0.35	1	0	0	0	0		1	1
101002132	fx_101002_skill01_bullet_02	0	普攻子弹2	6	0.35	1	0	0	0	0		1	1
10100221	fx_101002_skill02	0	101002技能2攻击特效	6	4.1	1	0	0	0	0		1	1
10100222	fx_101002_skill02_buff	0	101002技能2受击特效	6	1.6	1	0	0	0	0		1	1
10100231	101002_skill03_TL	0	狸花军装大招	6	0	4	0	0	0	0		1	1
10100232	fx_101002_skill03_hit	0	101002大招受击	6	1.3	1	0	0	0	0		1	1
10200111	fx_102001_attack	0	102001普攻	6	0.8	2	weapon_R_M	0	0	0		1	1
10200112	fx_102001_attack_hit	0	102001普攻受击	6	1.1	3	0	0	0	0		1	1
10200121	fx_102001_skill01	0	102001小技能	6	4	2	weapon_move_jnt	0	0	0		1	1
102001252	fx_102001_skill01_jiguang01	0	102001小技能激光飘带	6	4.3	2	weapon_L_M	0	0	0		1	1
102001253	fx_102001_skill01_jiguang02	0	102001小技能激光飘带	6	4.3	2	weapon_R_M	0	0	0		1	1
10200122	fx_102001_skill01_hit	0	102001小技能受击	6	1.2	1	0	0	0	0		1	1
10200131	102001_skill3_TL	0	102001大招	6	0	4	0	0	0	0		1	1
102001351	fx_102001_skill02_tuowei	0	102001大招拖尾	6	3.8	2	Bone_canoon_claw_spin001	0	0	0		1	1
10200132	fx_102001_skill02_hit	0	102001大招受击	6	1.8	1	0	0	0	0		1	1
10300111	fx_103001_attack_dandao	0	103001普攻弹道	6	2.5	2	bear_Root_M	0	0	0		1	1
10300112	fx_103001_attack_hit	0	103001普攻受击	6	0.46	1	0	0	0	0		1	1
10300121	fx_103001_skill02_new	0	主特效	6	3	1	0	0	0	0		1	1
10300122	fx_103001_skill02_hit_new	0	受击特效	6	2	1	0	0	0	0		1	1
103001251	fx_103001_skill02_weapon_target_new	0	武器拖尾	6	3	2	bear_root_move_jnt	0	0	0		1	1
103001221	fx_103001_skill02_hit_enemyaoe_new	0	AOE点受击特效	6	3.2	1	0	0	0	0		1	1
10300131	103001_skill03_TL	0	103001大招	6	7.3	4	0	0	0	0		1	1
10300132	fx_103001_skill_3_hit	0	103001大招受击	6	2.5	1	0	0	0	0		1	1
103001351	fx_103001_skill_3_trail_IndexFinger4_L	0	103001大招拖尾1	6	3.34	2	IndexFinger4_L	0	0	0		1	1
103001352	fx_103001_skill_3_trail_IndexFinger4_R	0	103001大招拖尾2	6	6.64	2	IndexFinger4_R	0	0	0		1	1
100211	fx_1002_skill01	0	1002技能1	6	2	1	0	0	0	0		1	1
100212	fx_1002_skill01_hit	0	1002技能1受击	6	2	1	0	0	0	0		1	1
100221	fx_1002_skill02	0	1002技能2	6	5	1	0	0	0	0		1	1
100222	fx_1002_skill02_hit	0	1002技能2受击	6	5	1	0	0	0	0		1	1
100411	fx_1004_skill01_new	0	1004技能1攻击特效	6	1.11	1	0	0	0	0		1	1
100412	fx_1004_skill01_hit_new	0	1004技能1受击特效	6	1.01	3	0	0	0	0		1	1
100413	fx_1004_skill01_bullet_new	0	1004技能1子弹特效	6	0.61	1	0	0	0	0		1	1
100421	fx_1004_skill02_new	0	1004技能2攻击特效	6	2.33	1	0	0	0	0		1	1
1004221	fx_1004_skill02_buff_new	0	1004技能2buff特效	6	1.05	3	0	0	0	0		1	1
1004222	fx_1004_skill02_hit_aoe_new	0	1004技能2受击特效	6	0.96	1	0	0	0	0		1	1
100423	fx_1004_skill02_bullet_new	0	1004技能2子弹特效	6	0.63	1	0	0	0	0		1	1
100431	fx_1004_skill03_new	0	1004技能3攻击特效	6	1.49	1	0	0	0	0		1	1
100432	fx_1004_skill03_buff_new	0	1004技能3buff特效	6	1.2	1	0	0	0	0		1	1
800101	8001_skill0_TL_new	0	8001大招	0	1	4	0	0	0	0		1	1
800102	fx_8001_skill0_hit_new	0	8001大招受击特效	6	1	1	0	0	0	0		1	1
800111	fx_8001_skill01_new	0	8001技能1攻击特效	6	3.49	1	0	0	0	0		1	1
800121	fx_8001_skill02_new	0	8001技能2攻击特效	6	3.81	1	0	0	0	0		1	1
800122	fx_8001_skill02_hit_new	0	8001技能2受击特效	6	1.97	1	0	0	0	0		1	1
800140	fx_8001_boss_enter	0	猪出场特效	6	5	1	0	0	0	0		1	1
800131	fx_8001_skill03_new	0	8001技能3攻击特效	6	3.8	1	0	0	0	0		1	1
800132	fx_8001_skill03_buff_new	0	8001技能3受击特效	6	9999	2	Fingers1_R，Fingers1_L，Toes1_R，Toes1_L	0	0	0		1	1
800141	fx_8001_skill04_new	0	8001技能4	6	4	1	0	0	0	0		1	1
800151	fx_8001_skill05_new	0	8001技能5	6	2	1	0	0	0	0		1	1
800152	fx_8001_skill05_hit_new	0	8001技能5受击	6	0.83	1	0	0	0	0		1	1
800161	fx_8001_skill06_new	0	8001技能6攻击特效	6	3.92	1	0	0	0	0		1	1
10100511	fx_101005_attack_new	0	101005普攻特效	6	2.52	1	0	0	0	0		1	1
10100521	fx_101005_skill01	0	101005小技能	6	3.56	1	0	0	0	0		1	1
10100531	101005_skill03_TL	0	101005大技能	6	0	4	0	0	0	0		1	1
101005351	fx_101005_skill02_trail_Bip001Prop1	0	101005大技能拖尾	6	4.6	2	Bip001 Prop1	0	0	0		1	1
10100532	fx_101005_skill03_hit_new	0	大招受击	6	1	1	0	0	0	0		1	1
100311	fx_1003_skill01_new_02	0	1003技能1攻击特效	6	2.82	1	0	0	0	0		1	1
100321	fx_1003_skill02_new	0	1003技能2攻击特效	6	4.05	1	0	0	0	0		1	1
100322	fx_1003_skill02_buff_new	0	1003技能2受击特效	6	1.39	1	0	0	0	0		1	1
100331	fx_1003_skill03_new	0	1003技能3攻击特效	6	2.29	1	0	0	0	0		1	1
100332	fx_1003_skill03_buff_new	0	1003技能3受击特效	6	1.53	1	0	0	0	0		1	1
10100411	fx_101004_skill01_new	0	101004技能1攻击	6	2.13	1	0	0	0	0		1	1
10100413	fx_101004_skill01_zidan_new	0	101004技能1子弹特效	6	0.77	1	0	0	0	0		1	1
10100412	fx_101004_skill01_zidan_hit_new	0	101004受击特效	6	0.7	1	0	0	0	0		1	1
10100421	fx_101004_skill02_new_02	0	101004技能2攻击特效	6	3.6	1	0	0	0	0		1	1
10100422	fx_101004_skill02_buff_new	0	101004技能2受击	6	3.8	1	0	0	0	0		1	1
10100431	101004_skill3_TL	0	日天钢琴家大技能	6	0	4	0	0	0	0		1	1
10100432	fx_101004_skill02_buff	0	日天钢琴家大技能buff	6	1.7	1	0	0	0	0		1	1
100511	fx_1005_skill01	0	1005小怪技能1	6	1.5	1	0	0	0	0		1	1
100521	fx_1005_attack	0	1005小怪技能2	6	1.6	1	0	0	0	0		1	1
100522	fx_1005_attack_hit	0	1005小怪普攻受击	6	0.86	1	0	0	0	0		1	1
100501	fx_1005_skill02_new	0	1005小怪大招	0	2.4	1	0	0	0	0		1	1
100502	fx_1002_attack_hit	0	1005小怪大招受击	0	0.8	1	0	0	0	0		1	1
1006111	fx_1006_skill01	0	1006小怪skill1	6	1.5	1	0	0	0	0		1	1
100611	fx_1006_attack	0	1006小怪普攻	6	1.9	1	0	0	0	0		1	1
1006151	fx_1006_attack_trail_bip001	0	1006小怪普攻拖尾	6	1.35	2	Bip001	0	0	0		1	1
100612	fx_1006_attack_hit	0	1006小怪受击	6	0.45	1	0	0	0	0		1	1
100621	fx_1006_skill	0	1006小怪技能	6	2.125	1	0	0	0	0		1	1
100711	fx_1007_skill01	0	1007技能1攻击	6	0.5	1	0	0	0	0		1	1
100712	fx_1007_skill01_hit	0	1007技能1受击	6	0.7	1	0	0	0	0		1	1
1007251	fx_1007_skill_trail_bone013	0	1007小怪技能拖尾	6	2.33333	2	Bone013	0	0	0		1	1
100721	fx_1007_skill	0	1007小怪技能	6	1.95	1	0	0	0	0		1	1
10200411	fx_102004_skill01_new	0	102004技能1攻击特效	6	2.7	1	0	0	0	0		1	1
10200413	fx_102004_skill01_bullet	0	102004技能1飞行特效	6	1.23	1	0	0	0	0		1	1
10200412	fx_102004_skill01_hit	0	102004技能1受击特效	6	1.13	1	0	0	0	0		1	1
10200421	fx_102004_skill02_new	0	102004技能2攻击特效	6	4.06	1	0	0	0	0		1	1
102004251	fx_102004_skill_1_trail_bip001Lhand	0	102004技能1拖尾1	0	2.13333	2	Bip001 L Hand	0	0	0		1	1
102004252	fx_102004_skill_1_trail_bip001Rhand_1	0	102004技能1拖尾2	0	2.13333	2	Bip001 R Hand	0	0	0		1	1
10200431	102004_skill03_TL	0	102004技能2	6	0	4	0	0	0	0		1	1
10200432	fx_102004_skill03_hit	0	102004技能受击	6	1.5	1	0	0	0	0		1	1
102004351	fx_102004_skill_2_Bip001Rfinger12	0	102004技能2拖尾1	6	3.2	2	Bip001 R Finger12	0	0	0		1	1
102004352	fx_102004_skill_2_phone_bip001Lhand	0	102004技能2拖尾2	6	4.166667	2	Bip001 L Hand	0	0	0		1	1
102004353	fx_102004_skill_2_bone_beercup	0	102004技能2拖尾3	6	2	2	Bone_beercup	0	0	0		1	1
10200611	fx_102006_skill01_new	0	102006技能1	6	4.5	1	0	0	0	0		1	1
10200612	fx_102006_skill01_new_hit	0	102006技能1受击	6	4.5	1	0	0	0	0		1	1
10200621	fx_102006_skill02_new	0	102006技能2	6	4.5	1	0	0	0	0		1	1
10200631	102006_skill03_TL	0	102006的time大技能	6	0	4	0	0	0	0		1	1
10200632	fx_102006_skill03_hit	0	大招受击	6	1.35	1	0	0	0	0		1	1
10200811	fx_102008_skill01_new_1	0	102008技能1攻击特效	6	3.68	1	0	0	0	0		1	1
10200812	fx_102008_skill01_hit_new_1	0	102008技能1受击特效	20	2.27	1	0	0	0	0		1	1
10200821	fx_102008_skill02_new	0	102008技能2攻击特效	6	4.53	1	0	0	0	0		1	1
10200822	fx_102008_skill02_new_hit	0	102008技能2受击特效	6	1.47	1	0	0	0	0		1	1
10200831	102008_skill03_TL	0	102008大技能	6	0	4	0	0	0	0		1	1
102008351	fx_102008_skill_2_wuqi_taril	0	102008大技能武器拖尾	0	4.95	2	Bone016	0	0	0		1	1
102008352	fx_102008_skill01_trail	0	102008大技能拖尾	0	4.95	2	Bip001 L Foot;Bip001 R Foot	0	0	0		1	1
10200832	fx_102008_skill03_hit_new	0	102008大招的受击特效	6	4	1	0	0	0	0		1	1
10300811	fx_103008_skill01_new	0	103008技能1攻击特效	6	1.72	1	0	0	0	0		1	1
10300812	fx_103008_skill01_new_hit	0	103008技能1受击特效	6	1.25	1	0	0	0	0		1	1
10300813	fx_103008_skill01_new_zidan	0	103008技能1子弹特效	6	1.06	1	0	0	0	0		1	1
10300821	fx_103008_skill02_new	0	103008技能2攻击特效	6	2.25	1	0	0	0	0		1	1
10300822	fx_103008_skill02_new_hit	0	103008技能2受击特效	6	2.41	1	0	0	0	0		1	1
10300831	103008_skill03_TL	0	103008大技能	6	0	4	0	0	0	0		1	1
10300832	fx_103008_skill03_hit	0	103008大招受击	6	2	1	0	0	0	0		1	1
400201	4002_skill0_TL	0	4002大招	6	0	4	0	0	0	0		1	1
400202	fx_4002_skill03_hit	0	4002大招受击	6	1.5	1	0	0	0	0		1	1
400211	fx_4002_skill01_new	0	4002技能1攻击特效	6	2.92	1	0	0	0	0		1	1
400221	fx_4002_skill02_new	0	4002技能2攻击特效	6	2.93	1	0	0	0	0		1	1
400231	fx_4002_skill03_new	0	4002技能3攻击特效	6	4.2	1	0	0	0	0		1	1
400232	fx_4002_skill03_debuff_new	0	4002技能3受击特效	6	4.56	1	0	0	0	0		1	1
400241	fx_4002_skill04	0	4002技能4攻击特效	6	1.9	1	0	0	0	0		1	1
400242	fx_4002_skill04_hit	0	4002技能4受击特效	6	0.8	1	0	0	0	0		1	1
400243	fx_4002_skill04_zidan	0	4002技能4子弹特效	6	1.02	1	0	0	0	0		1	1
400251	fx_4002_skill05	0	4002技能5攻击特效	6	2.07	1	0	0	0	0		1	1
400252	fx_4002_skill05_buff	0	4002技能5buff特效	6	1.5	1	0	0	0	0		1	1
400261	fx_4002_skill06	0	4002技能6攻击特效	6	2.05	1	0	0	0	0		1	1
4002621	fx_4002_skill06_hit	0	4002技能6受击特效	20	0.95	1	0	0	0	0		1	1
4002622	fx_4002_skill06_hit_AOE	0	4002技能6受击特效	6	1.13	1	0	0	0	0		1	1
400101	4001_skill0_TL	0	4001大招	6	0	4	0	0	0	0		1	1
400102	fx_4001_skill0_hit	0	4001大招受击	6	1.6	1	0	0	0	0		1	1
400111	fx_4001_skill01	0	4001一技能	6	2.2	1	0	0	0	0		1	1
400121	fx_4001_skill02	0	4001二技能	6	4	1	0	0	0	0		1	1
4001251	fx_4001_skill02_gunz_int	0	4001二技能拖尾	6	3.6	2	gunz_jnt	0	0	0		1	1
400122	fx_4001_skill02_hit	0	4001二技能受击	6	2.5	3	0	0	0	0		1	1
400131	fx_4001_skill03	0	4001三技能	6	1.2	1	0	0	0	0		1	1
4001351	fx_4001_skill03_gunz_int	0	4001三技能拖尾	6	4	2	gunz_jnt	0	0	0		1	1
400132	fx_4001_skill03_hit	0	4001三技能受击	6	3	1	0	0	0	0		1	1
400141	fx_4001_skill04	0	4001四技能	6	5	1	0	0	0	0		1	1
400142	fx_4001_skill04_hit	0	4001四技能受击	6	5	1	0	0	0	0		1	1
400151	fx_4001_skill05	0	4001五技能	6	4.7	1	0	0	0	0		1	1
10100811	fx_101008_skill01_new2	0	101008技能1	6	2.5	1	0	0	0	0		1	1
10100821	fx_101008_skill02_new	0	101008技能2	6	5.3	1	0	0	0	0		1	1
10100831	101008_skill03_TL	0	101008的大招	6	0	4	0	0	0	0		1	1
101008351	fx_101008_skill03_new_trail_bip001	0	101008大招拖尾1	0	2.5	2	Bip001	0	0	0		1	1
101008352	fx_101008_skill03_new_trail_bip001prop1	0	101008大招拖尾2	0	11.8	2	Bip001 Prop1	0	0	0		1	1
101008353	fx_101008_skill03_new_trail_bone033	0	101008大招拖尾3	0	9.3	2	Bone033	0	0	0		1	1
101008354	fx_101008_skill03_new_trail_bone043	0	101008大招拖尾4	0	9.3	2	Bone043	0	0	0		1	1
10100832	fx_101008_skill03_hit_new	0	101008受击	6	2	1	0	0	0	0		1	1
10400111	fx_104001_skill01	0	技能1	6	3	1	0	0	0	0		1	1
10400121	fx_104001_skill02	0	技能2	6	4	1	0	0	0	0		1	1
10400131	104001_skill03_TL	0	104001大招	6	0	4	0	0	0	0		1	1
10400132	fx_104001_skill03_hit	0	104001大招受击	6	1.65	1	0	0	0	0		1	1
101111	fx_1011_skill01_new	0	1011技能1攻击	6	3	1	0	0	0	0		1	1
1011151	fx_1011_common_tuowei	0	1011普攻的自身拖尾	0	2.86	2	Bip001	0	0	0		1	1
101121	fx_1011_skill02_new	0	1011技能2攻击特效	6	3.2	1	0	0	0	0		1	1
101122	fx_1011_skill02_new_hit	0	1011技能2受击特效	6	4.68	1	0	0	0	0		1	1
1011251	fx_1011_common_tuowei	0	1011小技能的自身拖尾	6	2.86	2	Bip001	0	0	0		1	1
1011252	fx_1011_skill02_tuowei	0	1011小技能火柴棒拖尾	6	4.88	2	Bone001	0	0	0		1	1
100911	fx_1009_skill01_new	0	1009skill1	6	2.1	1	0	0	0	0		1	1
100921	fx_1009_skill02_new	0	技能1	6	2.2	1	0	0	0	0		1	1
100922	fx_1009_skill02_hit_new	0	技能1受击	6	2.2	1	0	0	0	0		1	1
101011	fx_1010_skill01_new	0	1010技能1	6	3	1	0	0	0	0		1	1
101021	fx_1010_skill02	0	1010skill2	6	4.3	1	0	0	0	0		1	1
101022	fx_1010_skill02_hit	0	1010skill2受击	6	1.8	1	0	0	0	0		1	1
10300511	fx_103005_skill01	0	103005技能1	6	1.2	1	0	0	0	0		1	1
10300512	fx_103005_skill01_hit	0	103005技能1受击	6	1.8	1	0	0	0	0		1	1
10300521	fx_103005_skill02	0	103005技能2	6	2	1	0	0	0	0		1	1
10300522	fx_103005_skill02_hit	0	103005技能2受击	9	0.5	1	0	0	0	0		1	1
10300531	103005_skill03_TL	0	103005大招	6	0	4	0	0	0	0		1	1
10300532	fx_103005_skill03_hit	0	103005大招受击	6	1.2	1	0	0	0	0		1	1
400301	4003_skill3_TL	0	4003大招	6	0	4	0	0	0	0		1	1
4003051	fx_4003_skill_2_bip001prop1	0	4003大招拖尾1	0	4.8	2	Bip001 Prop1	0	0	0		1	1
4003052	fx_4003_skill_2_bip001prop2	0	4003大招拖尾2	0	4.8	2	Bip001 Prop2	0	0	0		1	1
400302	fx_4003_skill_2_hit	0	4003大招受击	6	2.88	1	0	0	0	0		1	1
400311	fx_4003_skill_1_new	0	4003技能1攻击特效	6	1.6	1	0	0	0	0		1	1
400321	fx_4003_skill_2_new	0	4003技能2攻击特效	6	3.43	1	0	0	0	0		1	1
400322	fx_4003_skill_2_hit_new	0	4003技能2受击特效	6	4	1	0	0	0	0		1	1
400331	fx_4003_skill_3_new	0	4003技能3攻击特效	6	2.56	1	0	0	0	0		1	1
400341	fx_4003_skill_4_new	0	4003技能4攻击特效	6	4.8	1	0	0	0	0		1	1
400342	fx_4003_skill_4_new_hit	0	4003技能4受击特效	6	4.17	1	0	0	0	0		1	1
400351	fx_4003_skill_5_new	0	4003技能5攻击特效	6	4.52	1	0	0	0	0		1	1
400352	fx_4003_skill_5_hit_new	0	4003技能5受击特效	6	1.41	1	0	0	0	0		1	1
400361	fx_4003_skill_6_new	0	4003技能6攻击特效	6	3.45	1	0	0	0	0		1	1
400362	fx_4003_skill_6_hit_new	0	4003技能6受击特效	6	4	1	0	0	0	0		1	1
10200311	fx_102003_skill01_new	0	射击特效	6	2.7	1	0	0	0	0		1	1
10200312	fx_102003_skill01_hit_new	0	受击特效	6	4.5	1	0	0	0	0		1	1
10200321	fx_102003_skill01	0	102003小技能	6	2.5	1	0	0	0	0		1	1
10200322	fx_102003_skill01_hit	0	102003小技能受击	6	0.8	1	0	0	0	0		1	1
10200323	fx_102003_skill01_zidan	0	102003小技能子弹	6	0.5	1	0	0	0	0		1	1
10200331	102003_skill03_TL_new	0	102003大招	6	0	4	0	0	0	0		1	1
10200332	fx_102003_skill03_hit	0	102003大招受击	6	1.5	1	0	0	0	0		1	1
10200511	fx_102005_skill01	0	102005技能1	6	3	1	0	0	0	0		1	1
10200512	fx_102005_skill01_hit	0	102005技能1受击	6	2	1	0	0	0	0		1	1
10200513	fx_102005_skill01_zidan	0	102005技能1子弹	6	1	1	0	0	0	0		1	1
10200514	fx_102005_skill01_buff	0	102005技能1BUFF	6	9999	3	0	0	0	0		1	1
10200521	fx_102005_skill02	0	102005技能2	6	2.8	1	0	0	0	0		1	1
10200522	fx_102005_skill02_hit	0	102005技能2受击	6	3	1	0	0	0	0		1	1
10200531	102005_skill03_TL	0	102005大招	6	0	4	0	0	0	0		1	1
10200532	fx_102005_skill03_hit	0	102005大招受击	6	1.3	1	0	0	0	0		1	1
10400511	fx_104005_attack	0	104005普攻枪口	6	1.35	1	0	0	0	0		1	1
10400512	fx_104005_attack_hit	0	104005普攻受击	20	1.335	1	0	0	0	0		1	1
10400513	fx_104005_attack_dan	0	104005普攻子弹	6	0.3	1	0	0	0	0		1	1
10400521	fx_104005_skill02	0	104005的小技能	6	3.5	1	0	0	0	0		1	1
104005251	fx_104005_skill02_trail_01	0	104005小技能拖尾1	6	4.5	2	Bip001	0	0	0		1	1
104005252	fx_104005_skill02_trail_weaponbone_L	0	104005小技能拖尾2	6	5	2	weaponbone_L	0	0	0		1	1
104005253	fx_104005_skill02_trail_weaponbone_R	0	104005小技能拖尾3	6	5	2	weaponbone_R	0	0	0		1	1
10400531	104005_skill03_TL	0	104005的大招	6	0	4	0	0	0	0		1	1
10400532	fx_104005_skill03_hit_new	0	104005的大招受击	6	0.8	1	0	0	0	0		1	1
10100311	fx_101003_skill01	0	技能1	6	3.7	1	0	0	0	0		1	1
101003151	fx_101003_skill01_weapon_target	0	技能1 武器拖尾	6	3.7	2	weapon_move_jnt	0	0	0		1	1
10100312	fx_101003_skill01_hit	0	技能1 受击	6	2.5	1	0	0	0	0		1	1
10100321	fx_101003_skill02	0	技能2	6	5	1	0	0	0	0		1	1
10100322	fx_101003_skill02_hit	0	技能2 受击	6	4.2333	1	0	0	0	0		1	1
10100331	101003_skill03_TL	0	101003大招	6	0	4	0	0	0	0		1	1
101003351	fx_101003_skill_2_bip001	0	101003大招拖尾1	6	3.54667	2	Bip001	0	0	0		1	1
101003352	fx_101003_skill_2_bip001prop1	0	101003大招拖尾2	6	3.687	2	Bip001 Prop1	0	0	0		1	1
10100332	fx_101003_skill03_hit	0	101003大招受击	6	1.9	1	0	0	0	0		1	1
10100611	fx_101006_skill01	0	技能1	6	3.8333	1	0	0	0	0		1	1
101006151	fx_101006_skill01_weapon_target	0	技能1	6	3.8333	2	weapon_2_move_jnt	0	0	0		1	1
10100612	fx_101006_skill01_hit	0	技能1	6	4.3	1	0	0	0	0		1	1
10100621	fx_101006_skill02	0	技能2	6	3.5	1	0	0	0	0		1	1
10100631	101006_skill3_TL	0	101006的大招	6	0	4	0	0	0	0		1	1
101006351	fx_101006_skill03_tuowei_L	0	101006的大招拖尾1	6	5.2	2	Bip001 L Calf	0	0	0		1	1
101006352	fx_101006_skill03_tuowei_R	0	101006的大招拖尾2	6	5.2	2	Bip001 R Calf	0	0	0		1	1
101006353	fx_101006_skill03_dao_tuowei	0	101006的大招拖尾3	6	5.85	2	weapon	0	0	0		1	1
10100632	fx_101006_skill03_hit	0	101006的大招受击	6	1.7	1	0	0	0	0		1	1
10300211	fx_103002_skill01_new	0	skill01	6	2.6333	1	0	0	0	0		1	1
10300212	fx_103002_skill01_hit_new	0	skill01受击特效	6	1.3667	1	0	0	0	0		1	1
103002151	fx_103002_skill01_weapon_new	0	skill01武器拖尾	6	4.9	2	weapon_1_move_jnt	0	0	0		1	1
10300221	fx_103002_skill01	0	103002小技能	6	2.3	1	0	0	0	0		1	1
10300222	fx_103002_skill01_hit	0	103002小技能受击	6	2.5	3	0	0	0	0		1	1
10300231	103002_skill03_TL	0	103002大招	6	0	4	0	0	0	0		1	1
10300232	fx_103002_skill03_hit	0	103002大招受击	6	2	1	0	0	0	0		1	1
10301011	fx_103010_skill01	0	103010的普攻	6	2.31	1	0	0	0	0		1	1
103010151	fx_103010_skill01_trail01	0	103010普攻拖尾01	6	0.77	2	bone_radio	0	0	0		1	1
103010152	fx_103010_skill01_trail02	0	103010普攻拖尾02	6	2.73	2	ghost02	0	0	0		1	1
103010153	fx_103010_skill01_trail03	0	103010普攻拖尾03	6	2.73	2	ghost03	0	0	0		1	1
10301021	fx_103010_skill01_new	0	103010小技能	6	4.2	1	0	0	0	0		1	1
10301022	fx_103010_skill01_hit_new	0	103010小技能受击	20	0.6	1	0	0	0	0		1	1
10301031	103010_skill3_TL	0	103010大招	6	0	4	0	0	0	0		1	1
103010351	fx_103010_skill_2_trail_anim_bip001Rfinger2	0	103010拖尾	6	4.833	2	Bip001 R Finger2	0	0	0		1	1
103010352	fx_103010_skill_2_chatou_bip001Rhand	0	103010拖尾	6	9	2	Bip001 R Hand	0	0	0		1	1
10301032	fx_103010_skill_2_hit	0	103010大招受击	6	3.05	1	0	0	0	0		1	1
10300611	fx_103006_attack	0	103006普攻	6	1.25	1	0	0	0	0		1	1
103006151	fx_103006_attack_trail_jiandao_Jo	0	拖尾	6	2.37	2	weapon_2_move_jnt	0	0	0		1	1
10300612	fx_103006_skill01_hit_new	0	103006技能1受击	6	0.5	1	0	0	0	0		1	1
10300621	fx_103006_skill02	0	103006技能2	6	4.96	1	0	0	0	0		1	1
103006251	fx_103006_skill02_head_trail	0	103006技能2拖尾1	6	0.77	2	jiandao_B_Jo	0	0	0		1	1
103006252	fx_103006_common_tuowei	0	103006技能2拖尾2	6	1.1	2	Ankle_L	0	0	0		1	1
10300631	103006_skill03_TL	0	大招	6	0	4	0	0	0	0		1	1
10300632	fx_103006_skill03_hit_new	0	103006技能3受击	6	0.5	1	0	0	0	0		1	1
10400211	fx_104002_attack	0	104002一技能	6	4.5	1	0	0	0	0		1	1
10400212	fx_104002_attack_hit	0	104002一技能受击	6	0.7	1	0	0	0	0		1	1
10400213	fx_104002_attack_zidan	0	104002一技能弹道（第34帧出现38帧结束，第34到37帧移动，30帧速率）	6	999	1	0	0	0	0		1	1
10400221	fx_104002_skill01	0	104002二技能	6	4.1666666	1	0	0	0	0		1	1
10400223	fx_104002_skill01_zidan	0	104002二技能弹道（第1帧出现第8帧消失，第2帧到第7帧移动，30帧速率）	6	999	1	0	0	0	0		1	1
10400231	104002_skill03_TL	0	104002大招	6	0	4	0	0	0	0		1	1
104002351	fx_104002_skill_2_trail_cheshen_Jo	0	104002大招拖尾	6	5.53333	2	cheshen_Jo	0	0	0		1	1
104002352	fx_104002_skill_2_trail_cheshen_Jo_1	0	104002大招拖尾	6	13.6	2	cheshen_Jo	0	0	0		1	1
10400232	fx_104002_skill_2_hit	0	104002大招受击	6	1.5	1	0	0	0	0		1	1
10300711	fx_103007_attack_1	0	103007普攻	6	4.2	1	0	0	0	0		1	1
10300721	fx_103007_skill_1	0	103007技能1	6	5.7333	1	0	0	0	0		1	1
10300731	103007_skill03_TL	0	103007的大招	6	0	4	0	0	0	0		1	1
103007351	fx_103007_skill03_tuowei	0	103007大招拖尾	6	10.8	2	qin_Jo_01	0	0	0		1	1
10300732	fx_103007_skill03_new_hit	0	130007大招受击	6	1.76	1	0	0	0	0		1	1
10100911	fx_101009_skill01_new	0	101009技能1攻击特效	6	2.7	1	0	0	0	0		1	1
10100921	fx_101009_skill02	0	101009技能2攻击特效	6	2.3	1	0	0	0	0		1	1
10100922	fx_101009_skill02_hit	0	101009技能2受击特效	6	2.8	1	0	0	0	0		1	1
10100931	101009_skill03_TL	0	101009大招	6	0	4	0	0	0	0		1	1
10100932	fx_101009_skill03_hit	0	101009大招受击	6	1.5	1	0	0	0	0		1	1
10101111	fx_101011_skill_01	0	101011技能1	6	3.5	1	0	0	0	0		1	1
10101112	fx_101011_skill_01_hit01	0	101011受击1	6	0.85	1	0	0	0	0		1	1
101011121	fx_101011_skill_01_hit02	0	101011受击2	6	1.8	1	0	0	0	0		1	1
10101113	fx_101011_skill_01_ball01	0	101011棒球1	6	0.6	1	0	0	0	0		1	1
101011131	fx_101011_skill_01_ball02	0	101011棒球2	6	1.4	1	0	0	0	0		1	1
10101121	fx_101011_skill_02	0	101011技能2	6	4.3	1	0	0	0	0		1	1
10101122	fx_101011_skill_02_hit01	0	101011技能2的受击	6	1.95	1	0	0	0	0		1	1
10101123	fx_101011_skill_02_qiubang	0	101011技能2的球棒飞行	6	1.5	1	0	0	0	0		1	1
101011251	fx_101011_skill_02_trail	0	101011技能2的人物拖尾	6	2.95	2	Root_M	0	0	0		1	1
10101131	101011_skill03_TL	0	101011大招	6	11.8	4		0	0	0		1	1
101011351	fx_101011_skill_3_Root_M_trail	0	101011大招拖尾1	0	8	2	Root_M	0	0	0		1	1
101011352	fx_101011_skill_3_wuqi_B_Jo	0	101011大招拖尾2	0	5	2	wuqi_B_Jo	0	0	0		1	1
101011353	fx_101011_skill_3_wuqi_B_Jo_xiaoqiu	0	101011大招拖尾3	0	5.4	2	wuqi_B_Jo	0	0	0		1	1
101011354	fx_101011_skill_3_xiaoqiu_trail_wuqi_B_Jo	0	101011大招拖尾4	0	1.5	2	wuqi_B_Jo	0	0	0		1	1
101011355	fx_101011_skill_3_wuqi_A_Jo_trail	0	101011大招拖尾5	0	11.8	2	wuqi_A_Jo	0	0	0		1	1
10101132	fx_101011_skill_3_hit	0	101011大招外部受击	6	2.75	1	0	0	0	0		1	1
10200711	fx_102007_skill01	0	102007一技能	6	3.6	1	0	0	0	0		1	1
102007151	fx_102007_skill01_daoren	0	102007一技能刀刃	6	3	2	chelun_Jo	0	0	0		1	1
102007152	fx_102007_skill01_tuowei	0	102007一技能拖尾	6	3.6	2	cheshen_Jo	0	0	0		1	1
10200721	fx_102007_skill02	0	102007二技能	6	3.2	1	0	0	0	0		1	1
10200722	fx_102007_skill02_hit	0	102007二技能受击	6	3.2	1	0	0	0	0		1	1
10200731	102007_skill03_TL	0	大招	6	0	4	0	0	0	0		1	1
10200732	fx_102007_skill03_hit	0	102007大招受击	6	2	1	0	0	0	0		1	1
10300311	fx_103003_skill01	0	103003一技能	6	3.6	1	0	0	0	0		1	1
10300321	fx_103003_skill02	0	103003二技能	6	1.27	1	0	0	0	0		1	1
10300323	fx_103003_skill02_zidan	0	103003二技能子弹	6	999	1	0	0	0	0		1	1
10300322	fx_103003_skill02_hit	0	103003二技能受击	6	1.6	3	0	0	0	0		1	1
103003151	fx_103003_skill01_tuowei	0	103003一技能拖尾	6	3.6	2	flower_jnt_L;flower_jnt_R	0	0	0		1	1
103003251	fx_103003_skill02_tuowei	0	103003二技能拖尾	6	1.27	2	flower_jnt_L;flower_jnt_R	0	0	0		1	1
10300331	103003_skill03_TL	0	大招	6	0	4	0	0	0	0		1	1
10300332	fx_103003_skill03_hit	0	大招受击	6	4	3	0	0	0	0		1	1
10101211	fx_101012_skill_01	0	101012技能1	6	2.3	1	0	0	0	0		1	1
101012121	fx_101012_skill_01_hit01	0	101012技能1受击01	6	0.8	1	0	0	0	0		1	1
101012122	fx_101012_skill_01_hit02	0	101012技能1受击02	6	0.8	1	0	0	0	0		1	1
101012123	fx_101012_skill_01_hit03	0	101012技能1受击03	6	0.8	1	0	0	0	0		1	1
101012124	fx_101012_skill_01_hit04	0	101012技能1受击04	6	0.8	1	0	0	0	0		1	1
101012151	fx_101012_skill_1_trail	0	101012技能1拖尾01	6	5.03	2	root_Jo_01	0	0	0		1	1
101012152	fx_101012_skill_1_trail	0	101012技能1拖尾02	6	5.03	2	root_Jo_0101	0	0	0		1	1
101012153	fx_101012_skill_1_trail	0	101012技能1拖尾03	6	5.03	2	root_Jo_0102	0	0	0		1	1
101012154	fx_101012_skill_1_trail	0	101012技能1拖尾04	6	5.03	2	root_Jo_0103	0	0	0		1	1
10101221	fx_101012_skill_2_penshe01	0	101012技能2	6	3.9	1	0	0	0	0		1	1
101012251	fx_101012_skill_2_zhangyu_Jo_0	0	101012技能2拖尾	6	4.46	2	zhangyu_Jo_0	0	0	0		1	1
101012252	fx_101012_skill_2_trail01	0	101012技能2拖尾01	6	2.43	2	root_Jo_01	0	0	0		1	1
101012253	fx_101012_skill_2_trail01	0	101012技能2拖尾02	6	2.43	2	root_Jo_03	0	0	0		1	1
101012254	fx_101012_skill_2_trail01	0	101012技能2拖尾03	6	2.43	2	root_Jo_04	0	0	0		1	1
101012255	fx_101012_skill_2_trail02	0	101012技能2拖尾04	6	1.866	2	root_Jo_02	0	0	0		1	1
10101231	101012_skill03_TL	0	大招	6	0	4	0	0	0	0		1	1
10101232	fx_101012_skill03_hit	0	101012大招受击	6	1.5	1	0	0	0	0		1	1
10100711	fx_101007_skill01	0	101007技能1	6	2.73	1	0	0	0	0		1	1
10100712	fx_101007_skill01_hit	0	101007技能1受击	6	0.72	1	0	0	0	0		1	1
10100713	fx_101007_skill01_shuidan	0	101007技能1的水弹	6	1.5	1	0	0	0	0		1	1
10100721	fx_101007_skill02_new	0	101007技能2攻击特效	6	5.14	1	0	0	0	0		1	1
10100722	fx_101007_skill02_buff_new	0	101007技能2buff特效	6	1.49	1	0	0	0	0		1	1
10100731	101007_skill03_TL_new	0	101007的大招	6	12.2	4	0	0	0	0		1	1
10100732	fx_101007_skill03_hit_new	0	101007大招的受击	6	1	1	0	0	0	0		1	1
10101011	fx_101010_skill_1	0	101010技能1	6	1.35	1	0	0	0	0		1	1
10101012	fx_101010_skill_1_hit	0	101010技能1受击	6	4	3	0	0	0	0		1	1
101010151	fx_101010_skill_1_trail	0	101010技能1拖尾	6	3.05	2	wuqi_Jo_01	0	0	0		1	1
10101021	fx_101010_skill02_new	0	101010技能2攻击特效	6	5.76	1	0	0	0	0		1	1
10101022	fx_101010_skill02_buff_new	0	101010技能2buff特效	6	1.54	1	0	0	0	0		1	1
10101031	101010_skill03_TL	0	101010大招	6	6.458333	4	0	0	0	0		1	1
10101032	fx_101010_skill_3_hit	0	101010大招受击	6	2.5	1	0	0	0	0		1	1
10400411	fx_104004_skill01	0	104004skill01	6	3.3	1	0	0	0	0		1	1
104004151	fx_104004_skill01_tuowei	0	104004skill01拖尾	6	1.3	2	Root_M	0	0	0		1	1
10400421	fx_104004_skill02	0	104004二技能受击	6	2.9	3	0	0	0	0		1	1
10400422	fx_104004_skill02_hit	0	104004二技能受击	6	3.15	3	0	0	0	0		1	1
104004221	fx_104004_skill02_hit_2	0	104004二技能受击2	6	1.8	3	0	0	0	0		1	1
104004251	fx_104004_skill02_smoke_L	0	104004脚本烟尘	6	5.5	2	Ankle_L	0	0	0		1	1
104004252	fx_104004_skill02_smoke_R	0	104004脚本烟尘	6	5.5	2	Ankle_R	0	0	0		1	1
104004253	fx_104004_skill02_shandian	0	104004闪电	6	5.4	2	Cup_R	0	0	0		1	1
10400431	104004_skill03_TL	0	104004大招	6	0	4	0	0	0	0		1	1
10400432	fx_104004_skill_3_hit	0	104004大招受击	6	0.9	1	0	0	0	0		1	1
10200911	fx_102009_skill01	0	102009一技能攻击	6	5	1	0	0	0	0		1	1
10200921	fx_102009_skill02	0	102009二技能攻击	6	4	1	0	0	0	0		1	1
10200922	fx_102009_skill02_hit	0	102009二技能受击	6	2.7	1	0	0	0	0		1	1
102009251	fx_102009_skill02_canyin_R	0	102009二技能飞左	0	4	2	weapon_Jo_01	0	0	0		1	1
102009252	fx_102009_skill02_canyin_L	0	102009二技能飞右	0	4	2	weapon_Jo_02	0	0	0		1	1
10200931	102009_skill03_TL	0	102009大招	6	0	4	0	0	0	0		1	1
10200932	fx_102009_skill03_hit	0	102009大招受击	6	3	1	0	0	0	0		1	1
10201111	fx_102011_skill01	0	小技能	6	4.5	1	0	0	0	0		1	1
10201121	fx_102011_skill02	0	小技能	6	4.5	1	0	0	0	0		1	1
10201131	102011_skill03_TL	0	大招	6	0	4	0	0	0	0		1	1
10201132	fx_102011_skill03_hit	0	102011大招受击	6	0.8	1	0	0	0	0		1	1
401511	fx_4015_skill01	0	4015技能1	6	5.25	1	0	0	0	0		1	1
401521	fx_4015_skill02	0	4015技能2	6	6	1	0	0	0	0		1	1
401531	4015_skill03_TL	0	4015大招	6	0	4	0	0	0	0		1	1
401532	fx_4015_skill03_hit	0	大招受击	6	1.4	1	0	0	0	0		1	1
103011131	fx_103011_skill01_zidan_01	0	103011技能1子弹1	6	0.45	1	0	0	0	0		1	1
103011132	fx_103011_skill01_zidan_02	0	103011技能1子弹2	6	0.45	1	0	0	0	0		1	1
103011121	fx_103011_skill01_hit_01	0	103011技能1受击1	6	0.5	1	0	0	0	0		1	1
103011122	fx_103011_skill01_hit_02	0	103011技能1受击2	6	0.5	1	0	0	0	0		1	1
10301111	fx_103011_skill01	0	103011技能1	6	4.3	1	0	0	0	0		1	1
10301121	fx_103011_skill02	0	103011技能2	6	5.3	1	0	0	0	0		1	1
10301131	103011_skill03_TL	0	大招	6	0	4	0	0	0	0		1	1
10301132	fx_103011_skill03_hit	0	103011技能3受击	6	2	1	0	0	0	0		1	1
10301411	fx_103014_skill01	0	1技能	6	2	1	0	0	0	0		1	1
103014151	fx_103014_skill01_dunpai	0	1技能 盾牌	6	3.8	2	weapon_move_1_jnt	0	0	0		1	1
10301421	fx_103014_skill02	0	2技能	6	5	1	0	0	0	0		1	1
10301431	103014_skill03_TL	0	大招	6	0	4	0	0	0	0		1	1
10301432	fx_103014_skill03_shield	0	大招受击	6	1.5	1	0	0	0	0		1	1
101231	fx_1012_skill03	0	1012大招	6	5.83	1	0	0	0	0		1	1
101232	fx_1012_skill03_hit	0	1012大招受击	6	0.53	1	0	0	0	0		1	1
101221	fx_1012_skill02	0	1012二技能	6	3.33	1	0	0	0	0		1	1
101222	fx_1012_skill02_hit	0	1012二技能受击	20	1.25	1	0	0	0	0		1	1
101211	fx_1012_skill01	0	1012一技能	6	7.7	1	0	0	0	0		1	1
101212	fx_1012_skill01_hit	0	1012一技能受击	6	2.22	1	0	0	0	0		1	1
101311	fx_1013_skill01_new	0	1013技能1攻击	6	4.5	1	0	0	0	0		1	1
101312	fx_1013_skill01_hit	0	1013一技能受击	6	0.52	1	0	0	0	0		1	1
101321	fx_1013_skill02	0	1013二技能	6	3.76	1	0	0	0	0		1	1
101322	fx_1013_skill02_hit	0	1013二技能受击	6	1.47	1	0	0	0	0		1	1
101331	fx_1013_skill03	0	1013大招	6	3.73	1	0	0	0	0		1	1
101332	fx_1013_skill03_hit	0	1013大招受击	6	1.3	1	0	0	0	0		1	1
800301	8003_skill0_TL	0	8003大招	6	0	4	0	0	0	0		1	1
800302	fx_8003_skill04_hit	0	8003大招受击	6	2.3	1	0	0	0	0		1	1
800311	fx_8003_skill01	0	8003技能1	6	5.95	1	0	0	0	0		1	1
800321	fx_8003_skill_2_prefab	0	8003技能2	6	3	1	0	0	0	0		1	1
800331	fx_8003_skill03	0	8003技能3	6	6.96	1	0	0	0	0		1	1
800341	fx_8003_skill_4_prefab	0	8003技能4	6	5.5	1	0	0	0	0		1	1
800391	8003_skill9_TL	0	8003特殊大招	6	0	4	0	0	0	0		1	1
400811	fx_4008_skill01_new	0	4008技能1攻击特效	6	2.33	1	0	0	0	0		1	1
400812	fx_4008_skill01_hit_new	0	4008技能1受击特效	6	3	1	0	0	0	0		1	1
400821	fx_4008_skill02_new	0	4008技能2攻击	6	4	1	0	0	0	0		1	1
400822	fx_4008_skill02_hit_new	0	4008技能2受击	6	3.3	1	0	0	0	0		1	1
400831	4008_skill03	0	4008技能3攻击	6	3.7	1	0	0	0	0		1	1
400841	fx_4008_skill04	0	4008四技能	6	2.61	1	0	0	0	0		1	1
400851	fx_4008_skill05_new	0	4008技能5攻击	6	7.5	1	0	0	0	0		1	1
400861	fx_4008_skill06	0	4008六技能	6	4.6	1	0	0	0	0		1	1
400801	4008_skill0_TL	0	4008大招	6	0	4	0	0	0	0		1	1
400802	fx_4008_skill0_hit	0	4008大招受击	6	0.5	1	0	0	0	0		1	1
4008021	fx_4008_skill0_buff	0	4008大招buff	6	999	1	0	0	0	0		1	1
401431	fx_4014_skill03	0	4014三技能	6	3.25	1	0	0	0	0		1	1
401401	4014_skill0_TL_new	0	4014大招	6	0	4	0	0	0	0		1	1
4014011	fx_4014_skill_0_prefab	0	4014技能0	6	8	1	0	0	0	0		1	1
401402	fx_4014_skill03_hit	0	4014技能0受击	6	0.9	1	0	0	0	0		1	1
4014021	fx_4014_skill_0_hit_1_prefab	0	4014技能0受击1	6	0.9	1	0	0	0	0		1	1
401411	fx_4014_skill01	0	4014技能1	6	3.5	1	0	0	0	0		1	1
401412	fx_4014_skill01_hit	0	4014技能1受击	6	2.06	3	0	0	0	0		1	1
401413	fx_4014_skill01_bullet	0	4014技能1弹道	6	0.6	1	0	0	0	0		1	1
401421	fx_4014_skill02	0	4014技能2	6	3.26	1	0	0	0	0		1	1
4014221	fx_4014_skill_2_hudun_prefab	0	4014 skill2 护盾buff	6	9999	1	0	0	0	0		1	1
4014222	fx_4014_skill02_buff	0	4014技能2受击	6	0.71	1	0	0	0	0		1	1
101511	fx_1015_skill01_new	0	1015技能1	6	2.8	1	0	0	0	0		1	1
101521	fx_1015_skill02	0	1015二技能	6	4.2	1	0	0	0	0		1	1
101531	fx_1015_skill03	0	1015三技能	6	3.2	1	0	0	0	0		1	1
101411	fx_1014_skill01_new	0	1014技能1攻击	6	4.6	1	0	0	0	0		1	1
101421	fx_1014_skill02	0	1014二技能	6	3.2	1	0	0	0	0		1	1
101431	fx_1014_skill03	0	1014三技能	6	4.6	1	0	0	0	0		1	1
101611	fx_1016_skill01_new	0	1016技能1攻击	6	3.3	1	0	0	0	0		1	1
101621	fx_1016_skill02_new	0	1016技能2攻击	6	3	1	0	0	0	0		1	1
101622	fx_1016_skill02_hit	0	1016二技能受击	6	1.67	1	0	0	0	0		1	1
101631	fx_1016_skill03_new	0	1016技能3攻击	6	3.7	1	0	0	0	0		1	1
101632	fx_1016_skill03_hit	0	1016技能3受击	6	0.2	1	0	0	0	0		1	1
400901	4009_skill0_TL	0	4009大招	6	0	4	0	0	0	0		1	1
400902	fx_4009_skill00_hit	0	4009大招受击	6	2	1	0	0	0	0		1	1
400911	fx_4009_skill01	0	4009技能1	6	2.6	1	0	0	0	0		1	1
400912	fx_4009_skill01_hit	0	4009技能1受击	6	1.25	1	0	0	0	0		1	1
400913	fx_4009_skill01_liwu_zidan	0	4009技能1的子弹	6	0.55	1	0	0	0	0		1	1
400921	fx_4009_skill02	0	4009二技能	6	3.8	1	0	0	0	0		1	1
400931	fx_4009_skill03	0	4009三技能	6	2.6	1	0	0	0	0		1	1
400932	fx_4009_skill03_hit	0	4009三技能受击	6	3.5	1	0	0	0	0		1	1
400941	fx_4009_skill04_new	0	4009技能4攻击	6	2	1	0	0	0	0		1	1
400942	fx_4009_skill04_new_hit	0	4009技能4受击	6	1.24	1	0	0	0	0		1	1
400943	fx_4009_skill04_new_zidan	0	4009技能4子弹特效	6	4	1	0	0	0	0		1	1
400951	fx_4009_skill05_new	0	4009技能5攻击	6	5	1	0	0	0	0		1	1
4009521	fx_4009_skill_5_hudun_prefab	0	4009技能5护盾buff	6	9999	1	0	0	0	0		1	1
400961	fx_4009_skill06	0	4009六技能	6	5.2	1	0	0	0	0		1	1
400962	fx_4009_skill06_blue_hit	0	4009六技能蓝气球爆炸	6	5.2	1	0	0	0	0		1	1
4009621	fx_4009_skill06_red_hit	0	4009六技能红气球爆炸	6	5.2	1	0	0	0	0		1	1
101711	fx_1017_skill01	0	1017胶囊单体	6	1.57	1	0	0	0	0		1	1
101721	fx_1017_skill02	0	1017胶囊aoe	6	4.33	1	0	0	0	0		1	1
101731	fx_1017_skill03_new	0	1017技能3攻击	6	2	1	0	0	0	0		1	1
101732	fx_1017_skill03_hit_new	0	1017技能3受击	6	1	1	0	0	0	0		1	1
101811	fx_1018_skill01	0	1018蘑菇口臭aoe	6	5	1	0	0	0	0		1	1
101821	fx_1018_skill02	0	1018蘑菇口臭单体	6	5	1	0	0	0	0		1	1
101801	fx_1018_skill00	0	1018蘑菇自爆蓄力	6	5	1	0	0	0	0		1	1
101802	fx_1018_skill00_hit	0	1018蘑菇自爆受击	6	5	1	0	0	0	0		1	1
10101811	fx_101018_skill01	0	101018技能1	6	4.3333	1	0	0	0	0		1	1
10101812	fx_101018_skill01_heal	0	101018技能1回血效果	6	4.3333	1	0	0	0	0		1	1
101018131	fx_101018_skill01_huixuedan_1	0	101018技能1回血子弹效果1	6	0.6333	1	0	0	0	0		1	1
101018132	fx_101018_skill01_huixuedan_2	0	101018技能1回血子弹效果2	6	0.6333	1	0	0	0	0		1	1
101018133	fx_101018_skill01_huixuedan_3	0	101018技能1回血子弹效果3	6	0.6333	1	0	0	0	0		1	1
101018134	fx_101018_skill01_huixuedan_4	0	101018技能1回血子弹效果4	6	0.6333	1	0	0	0	0		1	1
10101821	fx_101018_skill02	0	101018技能2	6	5	1	0	0	0	0		1	1
101018221	fx_101018_skill02_hit	0	101018技能2受击	6	3.6	1	0	0	0	0		1	1
101018222	fx_101018_skill02_shield	0	101018技能2加盾	6	5	1	0	0	0	0		1	1
101018251	fx_101018_skill02_trail_01	0	101018技能2蜻蜓拖尾1	6	3.4333	2	wuqi_Jo_2	0	0	0		1	1
101018252	fx_101018_skill02_trail_01	0	101018技能2蜻蜓拖尾2	6	3.4333	2	wuqi_Jo_3	0	0	0		1	1
101018253	fx_101018_skill02_trail_01	0	101018技能2蜻蜓拖尾3	6	3.4333	2	wuqi_Jo_4	0	0	0		1	1
10101831	101018_skill03_TL	0	101018大招	6	0	4	0	0	0	0		1	1
10101832	fx_101018_skill03_hit	0	101018大招受击	6	2	1	0	0	0	0		1	1
10201011	fx_102010_skill01	0	102010skill01射击特效	6	4.5	1	0	0	0	0		1	1
10201012	fx_102010_skill01_hit	0	102010skill01受击特效	6	5.6	1	0	0	0	0		1	1
10201021	fx_102010_skill02	0	102010skill02特效	6	4.9	1	0	0	0	0		1	1
10201031	102010_skill03_TL	0	102010大招	6	0	4	0	0	0	0		1	1
10201032	fx_102010_skill03_hit	0	102010大招受击	6	2	1	0	0	0	0		1	1
101901	fx_1019_skill0	0	1019显微镜技能0	6	2.7	1	0	0	0	0		1	1
101902	fx_1019_skill0_hit1	0	1019显微镜技能0受击	6	2.5	1	0	0	0	0		1	1
101903	fx_1019_skill0_hit2	0	1019显微镜技能0受击	6	2.5	1	0	0	0	0		1	1
101904	fx_1019_skill0_hit3	0	1019显微镜技能0受击	6	2.5	1	0	0	0	0		1	1
101911	fx_1019_skill01	0	1019显微镜技能1	6	3.5	1	0	0	0	0		1	1
101912	fx_1019_skill01_hit	0	1019显微镜技能1受击	6	1	1	0	0	0	0		1	1
101921	fx_1019_skill02	0	1019显微镜技能2	6	3.5	1	0	0	0	0		1	1
101922	fx_1019_skill02_hit	0	1019显微镜技能2受击	6	1	1	0	0	0	0		1	1
400401	4004_skill0_TL	0	4004大招	6	0	4	0	0	0	0		1	1
400402	fx_4004_skill0_hit	0	4004大招受击	6	0.95	1	0	0	0	0		1	1
400411	fx_4004_skill01	0	4004技能1	6	2.3	1	0	0	0	0		1	1
400421	fx_4004_skill02	0	4004技能2	6	3.6333	1	0	0	0	0		1	1
400431	fx_4004_skill03	0	4004技能3	6	4	1	0	0	0	0		1	1
401001	4010_skill0_TL	0	4010大招	6	0	4	0	0	0	0		1	1
4010021	fx_4010_skill_00_hit	0	4010大招受击	6	2.5	1	0	0	0	0		1	1
4010022	fx_4010_skill_00_aoe	0	4010大招受击aoe	6	3.36	1	0	0	0	0		1	1
401011	fx_4010_skill02_new	0	4010技能1攻击	6	4	1	0	0	0	0		1	1
401012	fx_4010_skill_1_hit	0	4010技能1受击	6	1.2	1	0	0	0	0		1	1
401021	fx_4010_skill_2_prefab	0	4010技能2攻击	6	3.233333333	1	0	0	0	0		1	1
401022	fx_4010_skill_2_hit_prefab	0	4010技能2受击	6	1.08	1	0	0	0	0		1	1
401031	fx_4010_skill03	0	4010三技能	6	4	1	0	0	0	0		1	1
400501	4005_skill0_TL	0	4005大招	6	0	4	0	0	0	0		1	1
400502	fx_4005_skill00_hit	0	4005大招受击	6	1.3	1	0	0	0	0		1	1
400511	fx_4005_skill01	0	4005技能1	6	4.48	1	0	0	0	0		1	1
400512	fx_4005_skill01_hit	0	4005技能1受击	6	2.5	1	0	0	0	0		1	1
400521	fx_4005_skill_2_prefab	0	4005 skill2	6	4.2	1	0	0	0	0		1	1
400531	fx_4005_skill03	0	4005三技能	6	2.16	1	0	0	0	0		1	1
400541	fx_4005_skill04	0	四技能	6	8	1	0	0	0	0		1	1
400551	fx_4005_skill05	0	4005技能5	6	5.95	1	0	0	0	0		1	1
400561	fx_4005_skill06	0	4005六技能	6	4.76	1	0	0	0	0		1	1
400562	fx_4005_skill06_hit	0	4005六技能受击	6	4.76	1	0	0	0	0		1	1
10400811	fx_104008_skill01	0	104008一技能	6	2	1	0	0	0	0		1	1
10400812	fx_104008_skill01_hit	0	104008一技能受击	6	2	1	0	0	0	0		1	1
10400821	fx_104008_skill02	0	104008二技能	6	4	1	0	0	0	0		1	1
10400822	fx_104008_skill02_hit	0	104008二技能受击	6	5	1	0	0	0	0		1	1
10400823	fx_104008_skill02_tuowei	0	104008二技能拖尾	0	2.5	2	weapon_Jo_00	0	0	0		1	1
10400831	104008_skill03_TL	0	104008大招	6	0	4	0	0	0	0		1	1
10400832	fx_104008_skill03_hit	0	104008大招受击	6	1.3	1	0	0	0	0		1	1
10400911	fx_104009_skill01	0	104009一技能	6	2.3	1	0	0	0	0		1	1
10400921	fx_104009_skill02	0	104009二技能	6	3.02	1	0	0	0	0		1	1
10400922	fx_104009_skill02_hit	0	104009二技能受击	6	0.9	1	0	0	0	0		1	1
10400923	fx_104009_skill02_zidan	0	104009二技能子弹	6	1	1	0	0	0	0		1	1
10400931	104009_skill03_TL	0	104009大招	6	0	4	0	0	0	0		1	1
10400932	fx_104009_skill03_hit	0	104009大招受击	6	1	1	0	0	0	0		1	1
10101711	fx_101017_skill01	0	101017一技能	6	3.7	1	0	0	0	0		1	1
10101721	fx_101017_skill02	0	101017二技能	6	5	1	0	0	0	0		1	1
10101722	fx_101017_skill02_hit	0	101017二技能受击	6	5	1	0	0	0	0		1	1
10101731	101017_skill03_TL	0	101017大招	6	5	4	0	0	0	0		1	1
10101732	fx_101017_skill03_hit	0	101017大招受击	6	2.5	1	0	0	0	0		1	1
401801	4018_skill0_TL	0	4018大招	6	5	4	0	0	0	0		1	1
401802	fx_4018_skill0_hit	0	4018大招受击	6	1.5	1	0	0	0	0		1	1
401811	fx_4018_skill01	0	4018一技能	6	2.4	1	0	0	0	0		1	1
401812	fx_4018_skill01_hit	0	4018一技能左受击	6	3	1	0	0	0	0		1	1
401813	fx_4018_skill01_hit1	0	4018一技能右受击	6	2	1	0	0	0	0		1	1
401821	fx_4018_skill02	0	4018二技能	6	3.64	1	0	0	0	0		1	1
401831	fx_4018_skill03	0	4018三技能	6	2.53	1	0	0	0	0		1	1
401832	fx_4018_skill03_hit	0	4018三技能技能	6	3	1	0	0	0	0		1	1
401841	fx_4018_skill04	0	4018技能4	6	4	1	0	0	0	0		1	1
401851	fx_4018_skill05_test	0	4018五技能	6	1.8	1	0	0	0	0		1	1
10400311	fx_104003_skill01_new	0	104003一技能	6	3.54	1	0	0	0	0		1	1
10400321	fx_104003_skill02_new	0	104003二技能	6	4.09	1	0	0	0	0		1	1
10400331	104003_skill03_TL	0	104003大招	6	0	4	0	0	0	0		1	1
10400332	fx_104003_skill03_hit	0	104003大招受击	6	2	1	0	0	0	0		1	1
102001	fx_1020_skill03	0	1020大招	6	5	1	0	0	0	0		1	1
102011	fx_1020_skill01	0	1020一技能	6	1.6667	1	0	0	0	0		1	1
102021	fx_1020_skill02	0	1020二技能	6	5.2	1	0	0	0	0		1	1
102111	fx_1021_skill01	0	1021一技能	6	4.766666	1	0	0	0	0		1	1
102112	fx_1021_skill01_hit	0	1021一技能受击	6	2.22	1	0	0	0	0		1	1
102121	fx_1021_skill02	0	1021二技能	6	4.766666	1	0	0	0	0		1	1
102122	fx_1021_skill02_hit	0	1021二技能受击	6	1.38	1	0	0	0	0		1	1
10201611	fx_102016_skill01	0	102016一技能攻击	6	5.5	1	0	0	0	0		1	1
10201621	fx_102016_skill02	0	102016二技能攻击	6	2.4	1	0	0	0	0		1	1
10201622	fx_102016_skill02_hit	0	102016二技能受击	6	2	1	0	0	0	0		1	1
10201624	fx_102016_skill02_zidan	0	102016二技能子弹	6	2	1	0	0	0	0		1	1
10201631	102016_skill03_TL	0	102016大招	6	0	4	0	0	0	0		1	1
10201632	fx_102016_skill03_hit	0	102016大招受击	6	3	1	0	0	0	0		1	1
800411	fx_8004_skill01	0	8004一技能	6	3.5	2	mofang_move_1_jnt	0	0	0		1	1
800412	fx_8004_skill01_hit	0	8004一技能受击	6	3.5	1	0	0	0	0		1	1
800421	fx_8004_skill02	0	8004二技能	6	3.83	1	0	0	0	0		1	1
800422	fx_8004_skill02_hit	0	8004二技能受击	6	3.83	1	0	0	0	0		1	1
800431	8004_skill0_TL	0	102016大招	6	0	4	0	0	0	0		1	1
8004411	fx_8004_skill04	0	8004四技能	6	3.44	1	0	0	0	0		1	1
8004412	fx_8004_skill04_dandao	0	8004四技能弹道	6	2.4	1	0	0	0	0		1	1
800442	fx_8004_skill04_hit	0	8004四技能受击	6	1.03	1	0	0	0	0		1	1
800461	fx_8004_skill06	0	8004六技能	6	3.35	1	0	0	0	0		1	1
800462	fx_8004_skill06_hit	0	8004六技能受击	6	3.2	1	0	0	0	0		1	1
102511	fx_1025_skill01	0	1025一技能攻击	6	2.3	1	0	0	0	0		1	1
102521	fx_1025_skill02	0	1025技能2	6	4.2	1	0	0	0	0		1	1
102522	fx_1025_skill02_hit	0	1025技能2的受击	6	1.73	1	0	0	0	0		1	1
102541	fx_1025_skill04	0	1025技能2	6	3.27	1	0	0	0	0		1	1
12100831	121008_skill03_TL	0	121008大招	6	0	4	0	0	0	0		1	1
400701	4007_skill0_TL	0	4007大招	6	1	4	0	0	0	0		1	1
4007021	fx_4007_skill0_hit	0	4007大招受击	6	2.5	1	0	0	0	0		1	1
4007022	fx_4007_skill0_hit_aoe	0	4007大招受击AOE	6	1.77	1	0	0	0	0		1	1
400711	fx_4007_skill01	0	4007技能1	6	3	1	0	0	0	0		1	1
400712	fx_4007_skill01_hit	0	4007技能1受击	6	0.6333	1	0	0	0	0		1	1
400713	fx_4007_skill01_jian	0	4007技能1子弹	6	0.3667	1	0	0	0	0		1	1
400721	fx_4007_skill02	0	4007技能2	6	2.8667	1	0	0	0	0		1	1
400722	fx_4007_skill02_hit	0	4007技能2受击	6	1.2667	1	0	0	0	0		1	1
400723	fx_4007_skill02_jian	0	4007技能2子弹	6	0.3	1	0	0	0	0		1	1
400731	fx_4007_skill03	0	4007技能3	6	3.2	1	0	0	0	0		1	1
4007321	fx_4007_skill03_area	0	4007技能3区域受击	6	5.5	1	0	0	0	0		1	1
4007322	fx_4007_skill03_hit	0	4007技能3个人受击	6	1	1	0	0	0	0		1	1
10401611	fx_104016_skill01_new	0	104016技能1	6	4	1	0	0	0	0		1	1
10401621	fx_104016_skill02	0	104016技能2	6	3.3	1	0	0	0	0		1	1
10401631	104016_skill03_TL	0	104016大招	6	0	4	0	0	0	0		1	1
10401632	fx_104016_skill03_hit	0	104016大招受击	6	3	1	0	0	0	0		1	1
10300911	fx_103009_skill01	0	103009技能1	6	4	1	0	0	0	0		1	1
10300912	fx_103009_skill01_hit	0	103009技能1受击	6	4.4	1	0	0	0	0		1	1
10300921	fx_103009_skill02	0	103009技能2	6	3.12	1	0	0	0	0		1	1
10300922	fx_103009_skill02_hit	0	103009技能2受击	6	2	1	0	0	0	0		1	1
10300923	fx_103009_skill02_weapon_target	0	103009技能2武器拖尾	6	1.2	2	weapon_move_2_jnt	0	0	0		1	1
10300931	103009_skill03_TL	0	103009大招	6	0	4	0	0	0	0		1	1
10300932	fx_103009_skill03_hit	0	103009大招受击	6	5	1	0	0	0	0		1	1
10300941	fx_103009_dot_buff	0	103009持续的dot特效	6	999	1	0	0	0	0		1	1
10300942	fx_103009_dot_hit	0	103009持续的dot特效伤害	6	0.8	1	0	0	0	0		1	1
10300943	fx_103009_dot_buff_disappear	0	103009持续的dot特效消失	6	0.8	1	0	0	0	0		1	1
401711	fx_4017_skill01	0	4017技能1	6	5	1	0	0	0	0		1	1
401721	fx_4017_skill02	0	4017技能2	6	4.3333	1	0	0	0	0		1	1
401722	fx_4017_skill02_hit	0	4017技能2受击	6	0.5	1	0	0	0	0		1	1
401723	fx_4017_skill02_zidan	0	4017技能2子弹	6	0.4	1	0	0	0	0		1	1
401731	fx_4017_skill03	0	4017技能3	6	5	1	0	0	0	0		1	1
401712	fx_4017_skill01_buff	0	4017技能1持续buff	6	99999	1	0	0	0	0		1	1
401732	fx_4017_skill03_buff	0	4017技能3触发buff	6	0.8	1	0	0	0	0		1	1
401701	4017_skill0_TL	0	4017大招	6	0	4	0	0	0	0		1	1
401702	fx_4017_skill0_hit	0	4017大招受击	6	2	1	0	0	0	0		1	1
10201411	fx_102014_skill01	0	102014一技能	6	4.46	1	0	0	0	0		1	1
10201412	fx_102014_skill01_hit_blue	0	102014一技能受击蓝色	6	0.6	1	0	0	0	0		1	1
102014121	fx_102014_skill01_hit_powder	0	102014一技能受击粉色	6	0.6	1	0	0	0	0		1	1
10201413	fx_102014_skill01_dandao_powder	0	102014一技能弹道粉色	6	0.56	1	0	0	0	0		1	1
102014131	fx_102014_skill01_dandao_blue	0	102014一技能弹道蓝色	6	0.56	1	0	0	0	0		1	1
10201421	fx_102014_skill02	0	102014二技能	6	4.96	1	0	0	0	0		1	1
10201422	fx_102014_skill02_hit	0	102014二技能	6	4.61	1	0	0	0	0		1	1
10201431	102014_skill03_TL	0	102014大招	6	0	4	0	0	0	0		1	1
10201432	fx_102014_skill03_hit	0	102014大招受击	6	3	1	0	0	0	0		1	1
10201311	fx_102013_skill01	0	102013技能1	6	3.06	1	0	0	0	0		1	1
10201313	fx_102013_skill01_shuidan	0	102013技能1子弹	6	0.7	1	0	0	0	0		1	1
102013131	fx_102013_skill01_shuidan02	0	102013技能1子弹02	6	0.7	1	0	0	0	0		1	1
102013121	fx_102013_skill01_hit01	0	102013技能1受击01	6	1.3	1	0	0	0	0		1	1
102013122	fx_102013_skill01_hit02	0	102013技能1受击02	6	1.3	1	0	0	0	0		1	1
10201322	fx_102013_skill02	0	102013技能2受击	6	4	1	0	0	0	0		1	1
10201331	102013_skill03_TL	0	102013大招	6	0	4	0	0	0	0		1	1
10201332	fx_102013_skill03_hit	0	102013大招受击	6	1.25	1	0	0	0	0		1	1
10201211	fx_102012_skill01	0	技能1	6	5.4	1	0	0	0	0		1	1
10201221	fx_102012_skill02	0	技能2	6	4	1	0	0	0	0		1	1
102012251	fx_102012_skill02_weapon	0	技能2 飞行装置特效跟随	6	4	2	WuQi7_R	0	0	0		1	1
10201222	fx_102012_skill02_hit	0	技能2 受击	6	3.8	1	0	0	0	0		1	1
10201231	102012_skill03_TL	0	102012大招	6	0	4	0	0	0	0		1	1
10201232	fx_102012_skill03_hit	0	102012大招受击	6	3	1	0	0	0	0		1	1
10201212	fx_102012_skill01_shield_start	0	102012护盾触发buff	6	1	1	0	0	0	0		1	1
10201213	fx_102012_skill01_shield_keep	0	102012护盾持续buff	6	99999	1	0	0	0	0		1	1
10201214	fx_102012_skill01_shield_end	0	102012护盾消失buff	6	2	1	0	0	0	0		1	1
10201223	fx_102012_skill02_heal	0	102012回血buff	6	1.75	1	0	0	0	0		1	1
102611	fx_1026_skill01	0	技能1	6	2	1	0	0	0	0		1	1
1026151	fx_1026_skill01_trail	0	技能1子弹	6	0.5	1	0	0	0	0		1	1
102612	fx_1026_skill01_hit	0	技能1受击	6	1	1	0	0	0	0		1	1
102621	fx_1026_skill02	0	技能2	6	4.5	1	0	0	0	0		1	1
102631	fx_1026_skill03	0	技能3	6	2.1	1	0	0	0	0		1	1
102622	fx_1026_skill02_buff	0	技能2加buff	6	4	1	0	0	0	0		1	1
102632	fx_1026_skill03_debuff	0	技能3debuff	6	99999	1	0	0	0	0		1	1
10300411	fx_103004_skill01	0	技能1	6	3.7	1	0	0	0	0		1	1
10300412	fx_103004_skill01_hit	0	技能1受击	6	0.7	1	0	0	0	0		1	1
10300421	fx_103004_skill02	0	技能2攻击	6	3.7	1	0	0	0	0		1	1
10300431	103004_skill03_TL	0	技能3大招	6	0	4	0	0	0	0		1	1
10300432	fx_103004_skill03_hit	0	技能3大招受击	6	3	1	0	0	0	0		1	1
10101311	fx_101013_skill01	0	技能1	6	3	1	0	0	0	0		1	1
10101312	fx_101013_skill01_hit	0	技能1 受击	6	1.5	1	0	0	0	0		1	1
10101313	fx_101013_skill01_bullet	0	技能1 子弹	6	0.4	1	0	0	0	0		1	1
10101321	fx_101013_skill02	0	技能2	6	4.3	1	0	0	0	0		1	1
10101322	fx_101013_skill02_hit	0	技能2 受击	6	1.6	1	0	0	0	0		1	1
10101323	fx_101013_skill02_bullet	0	技能2 子弹	6	0.3	1	0	0	0	0		1	1
10101331	101013_skill03_TL	0	技能3大招	6	0	4	0	0	0	0		1	1
10101332	fx_101013_skill03_hit	0	技能3大招受击	6	1.2	1	0	0	0	0		1	1
10101411	fx_101014_skill01	0	101014技能1	6	3	2	Vehicle_lod	0	0	0		1	1
10101412	fx_101014_skill01_hit	0	101014技能1受击	6	2.5	1	0	0	0	0		1	1
10101421	fx_101014_skill02	0	101014技能2	6	4.02	1	0	0	0	0		1	1
101014221	fx_101014_skill02_buff_star	0	101014技能2buff1	6	0.3	1	0	0	0	0		1	1
101014222	fx_101014_skill02_buff_keep	0	101014技能2buff2	6	9999	1	0	0	0	0		1	1
101014223	fx_101014_skill02_buff_end	0	101014技能2buff3	6	1.3	1	0	0	0	0		1	1
10101431	101014_skill03_TL	0	大招	6	0	4	0	0	0	0		1	1
10101432	fx_101014_skill03_buff	0	大招buff	6	2.5	1	0	0	0	0		1	1
400601	4006_skill0_TL	0	技能大招	6	1	4	0	0	0	0		1	1
400602	fx_4006_skill0_hit	0	大招受击	6	0.74	1	0	0	0	0		1	1
400611	fx_4006_skill01	0	技能1	6	2.9667	1	0	0	0	0		1	1
400612	fx_4006_skill01_hit	0	技能1受击	6	3.5667	1	0	0	0	0		1	1
400621	fx_4006_skill02	0	技能2	6	5.6	1	0	0	0	0		1	1
400622	fx_4006_skill02_hit	0	技能2受击	6	5	1	0	0	0	0		1	1
4006251	fx_4006_skill02_weapon_target	0	技能2跟随刀光	6	5	2	weapon_1_move_jnt	0	0	0		1	1
400631	fx_4006_skill03	0	4006技能3	6	9	1	0	0	0	0		1	1
401611	fx_4016_skill01	0	技能1	6	3.2	1	0	0	0	0		1	1
401621	fx_4016_skill02	0	技能2	6	3.2	1	0	0	0	0		1	1
401631	fx_4016_skill03	0	技能3	6	1.5667	1	0	0	0	0		1	1
401632	fx_4016_skill03_call	0	技能3 召唤特效	6	2.5	1	0	0	0	0		1	1
401601	4016_skill0_TL	0	4016大招	6	0	4	0	0	0	0		1	1
401602	fx_4016_skill0_hit	0	4016大招受击	6	1.5	1	0	0	0	0		1	1
10400611	fx_104006_skill01	0	技能1	6	4	1	0	0	0	0		1	1
10400612	fx_104006_skill01_hit	0	技能1受击	6	4	1	0	0	0	0		1	1
10400621	fx_104006_skill02	0	技能2	6	4	1	0	0	0	0		1	1
10400622	fx_104006_skill02_buff	0	技能2buff盾	6	4.7	1	0	0	0	0		1	1
10400631	104006_skill03_TL	0	大招	6	0	4	0	0	0	0		1	1
10400632	fx_104006_skill03_hit	0	大招受击	6	4	1	0	0	0	0		1	1
10200211	fx_102002_skill01	0	技能1	6	4.2	1	0	0	0	0		1	1
10200221	fx_102002_skill02	0	技能2	6	3	1	0	0	0	0		1	1
10200231	102002_skill03_TL	0	102002大招	6	0	4	0	0	0	0		1	1
10200232	fx_102002_skill03_hit	0	102002大招受击	6	2	1	0	0	0	0		1	1
402211	fx_4022_skill01	0	技能1	6	1.9	1	0	0	0	0		1	1
4022151	fx_4022_skill01_zidan	0	技能1 子弹	6	0.33333	2	weapon_6_move_jnt	0	0	0		1	1
402212	fx_4022_skill01_hit	0	技能1 受击	6	1	1	0	0	0	0		1	1
402221	fx_4022_skill02	0	技能2	6	3	1	0	0	0	0		1	1
402222	fx_4022_skill02_hit	0	技能2 受击	6	3	1	0	0	0	0		1	1
402241	fx_4022_skill04	0	4022技能4	6	2.1	1	0	0	0	0		1	1
402242	fx_4022_skill04_hit	0	4022技能4受击（36帧开始）	6	2.5	1	0	0	0	0		1	1
402261	fx_4022_skill06	0	4022技能6	6	2.5	1	0	0	0	0		1	1
402201	4022_skill0_TL	0	大招	6	0	4	0	0	0	0		1	1
402202	fx_4022_skill03_hit	0	技能3受击	6	0.8	1	0	0	0	0		1	1
10600211	fx_106002_skill01	0	1技能	6	3.6	1	0	0	0	0		1	1
10600212	fx_106002_skill01_hit	0	1技能 buff	6	4.8	1	0	0	0	0		1	1
10600221	fx_106002_skill02	0	2技能	6	2.3	1	0	0	0	0		1	1
106002251	fx_106002_skill02_zidan	0	2技能 符文	6	3.8	2	weapon_2_move_jnt	0	0	0		1	1
10600222	fx_106002_skill02_hit_AOE	0	2技能 aoe受击	6	4.2	1	0	0	0	0		1	1
10600231	106002_skill03_TL	0	大招特效	6	0	4	0	0	0	0		1	1
10600232	fx_106002_skill03_hit	0	大招受击	6	1.24	1	0	0	0	0		1	1
10301211	fx_103012_skill01	0	103012技能1	6	3.8	1	0	0	0	0		1	1
10301213	fx_103012_skill01_bishou	0	103012技能1匕首	6	1.7	1	0	0	0	0		1	1
10301212	fx_103012_skill01_bishou_hit	0	103012技能1匕首受击	6	0.2	1	0	0	0	0		1	1
10301221	fx_103012_skill02	0	103012技能2	6	3.78	1	0	0	0	0		1	1
10301231	103012_skill03_TL	0	大招	6	0	4	0	0	0	0		1	1
10301232	fx_103012_skill03_hit	0	受击特效	6	2	1	0	0	0	0		1	1
10301241	fx_103012_skill04	0	103012技能4	6	2.58	1	0	0	0	0		1	1
10301251	fx_103012_skill05	0	103012技能5	6	3.78	1	0	0	0	0		1	1
10301261	fx_103012_idle2_buff	0	idle特效	6	999	2	Root_M	0	0	0		1	1
10600111	fx_106001_skill01	0	1技能	6	3	1	0	0	0	0		1	1
106001151	fx_106001_skill01_trail	0	1技能 沙袋拖尾	6	2.6	2	weapon_1_move_jnt	0	0	0		1	1
10600112	fx_106001_skill01_hit	0	1技能 hit	6	2.2	1	0	0	0	0		1	1
106001121	fx_106001_skill01_buff	0	1技能dbuff	6	1.65	1	0	0	0	0		1	1
10600121	fx_106001_skill02	0	2技能	6	7	1	0	0	0	0		1	1
10600131	106001_skill03_TL	0	大招	6	0	4	0	0	0	0		1	1
10600132	fx_106001_skill03_hit	0	大招受击	6	1.65	1	0	0	0	0		1	1
102411	fx_1024_skill01	0	技能1	6	1.7	1	0	0	0	0		1	1
102421	fx_1024_skill02	0	技能2	6	2.4	1	0	0	0	0		1	1
102431	fx_1024_skill03	0	技能3	6	4.75	1	0	0	0	0		1	1
10401011	fx_104010_skill01	0	104010技能1	6	2.73	1	0	0	0	0		1	1
10401013	fx_104010_skill01_bishou	0	104010技能1匕首	6	1.52	1	0	0	0	0		1	1
104010131	fx_104010_skill01_zidan	0	104010技能1子弹	6	0.93	1	0	0	0	0		1	1
104010121	fx_104010_skill01_bishou_hit	0	104010技能1匕首受击	6	0.43	1	0	0	0	0		1	1
104010122	fx_104010_skill01_zidan_hit	0	104010技能1子弹受击	6	0.58	1	0	0	0	0		1	1
10401021	fx_104010_skill02	0	104010技能2	6	4.8	1	0	0	0	0		1	1
10401022	fx_104010_skill02_buff	0	104010技能2的buff	6	1.9	1	0	0	0	0		1	1
10401031	104010_skill03_TL	0	技能3大招	6	0	4	0	0	0	0		1	1
10401032	fx_104010_skill03_hit	0	技能3大招受击	6	2	1	0	0	0	0		1	1
10400711	fx_104007_skill01	0	技能1	6	4.1	1	0	0	0	0		1	1
10400712	fx_104007_skill01_hit	0	技能1 受击	6	1.3	3	0	0	0	0		1	1
104007121	fx_104007_skill01_buff	0	技能1额外效果	6	999	1	0	0	0	0		1	1
104007122	fx_104007_skill01_buff_broke	0	技能1额外效果破碎	6	1.5	1	0	0	0	0		1	1
104007151	fx_104007_skill01_zidan	0	技能1 水球	6	4	2	weapon_1_move_jnt	0	0	0		1	1
10400721	fx_104007_skill02	0	技能2	6	4.3	1	0	0	0	0		1	1
104007251	fx_104007_skill02_bird	0	技能2 鸟攻击	6	4.3	2	weapon_1_move_jnt	0	0	0		1	1
10400731	104007_skill03_TL	0	技能3大招	6	0	4	0	0	0	0		1	1
10400732	fx_104007_skill03_ht	0	技能3大招受击	6	2	1	0	0	0	0		1	1
102211	fx_1022_skill01	0	技能1	6	1.8	1	0	0	0	0		1	1
102221	fx_1022_skill02	0	技能2	6	2.5667	1	0	0	0	0		1	1
102231	fx_1022_skill03	0	技能3	6	3	1	0	0	0	0		1	1
102232	fx_1022_skill03_hit	0	技能3 aoe受击	6	3	1	0	0	0	0		1	1
10500811	fx_105008_skill01	0	技能1	6	3.8	1	0	0	0	0		1	1
10500821	fx_105008_skill02	0	技能2	6	5.9	1	0	0	0	0		1	1
10500831	105008_skill03_TL	0	大招	6	0	4	0	0	0	0		1	1
10500832	fx_105008_skill03_hit	0	大招受击	6	1.4	1	0	0	0	0		1	1
105008321	fx_105008_skill03_buff	0	大招特殊效果	6	2.75	1	0	0	0	0		1	1
10800811	fx_108008_skill01_new	0	1技能	6	3.54	1	0	0	0	0		1	1
10800813	fx_108008_skill01_trail_new	0	108008技能1拖尾特效	0	4.34	2	gjj_jnt	0	0	0		1	1
108008121	fx_108008_skill01_hit_1	0	108008技能1第一次受击	6	1.5	1	0	0	0	0		1	1
108008122	fx_108008_skill01_hit_2	0	108008技能1第二次受击	6	1.5	1	0	0	0	0		1	1
108008123	fx_108008_skill01_hit_3	0	108008技能1第三次受击	6	0.5	1	0	0	0	0		1	1
10800821	fx_108008_skill02_new	0	108008二技能	6	3.63	1	0	0	0	0		1	1
10800822	fx_108008_skill02_hit	0	108008二技能受击	6	2	3	0	0	0	0		1	1
10800823	fx_108008_skill02_trail_new	0	108008技能2拖尾特效	0	4.26	2	sl_rot_jnt	0	0	0		1	1
10800831	108008_skill03_TL	0	108008大招	6	0	4	0	0	0	0		1	1
10800832	fx_108008_skill03_hit	0	108008大招受击	6	2	1	0	0	0	0		1	1
10800871	fx_enter_lobby_10802	0	入场特效	6	3.3	1	0	0	0	0		1	1
10201711	fx_102017_skill01	0	1技能	6	3.5	1	0	0	0	0		1	1
10201721	fx_102017_skill02	0	2技能	6	3.7	1	0	0	0	0		1	1
10201731	102017_skill03_TL	0	大招	6	0	4	0	0	0	0		1	1
10201732	fx_102017_skill03_hit	0	大招受击	6	1	1	0	0	0	0		1	1
10201811	fx_102018_skill01	0	102018技能1	6	3	1	0	0	0	0		1	1
102018151	fx_102018_skill01_weapon	0	102018技能1拖尾	6	2	1	0	0	0	0		1	1
10201813	fx_102018_skill01_zidan	0	102018技能1子弹	6	0.5	1	0	0	0	0		1	1
10201812	fx_102018_skill01_hit	0	102018技能1受击	6	1.5	1	0	0	0	0		1	1
10201821	fx_102018_skill02	0	102018技能2	6	3.2	1	0	0	0	0		1	1
10201822	fx_102018_skill02_buff	0	102018技能2buff	6	4.6	1	0	0	0	0		1	1
102018251	fx_102018_skill02_weapon	0	102018技能2拖尾	6	2	1	0	0	0	0		1	1
10201831	102018_skill03_TL	0	大招	6	0	4	0	0	0	0		1	1
10201832	fx_102018_skill03_hit	0	102018技能1受击	6	1	1	0	0	0	0		1	1
110111	fx_102017_dog_skill01	0	狗子1技能	6	4.5	1	0	0	0	0		1	1
110121	fx_102017_dog_skill02	0	狗子2技能	6	2.9	1	0	0	0	0		1	1
110122	fx_102017_dog_skill02_buff	0	BUFF	6	2.9	1	0	0	0	0		1	1
110131	fx_102017_dog_skill03	0	狗子3技能	6	4	1	0	0	0	0		1	1
10500311	fx_105003_skill01	0	技能1	6	2.3333	1	0	0	0	0		1	1
10500312	fx_105003_skill01_buff	0	技能1 buff效果	6	3.5	1	0	0	0	0		1	1
10500313	fx_105003_skill01_road	0	技能1 地面子弹	6	1.6	1	0	0	0	0		1	1
10500321	fx_105003_skill02	0	技能2	6	3.5667	1	0	0	0	0		1	1
10500331	105003_skill03_TL	0	大招	6	0	4	0	0	0	0		1	1
10500332	fx_105003_skill03_hit	0	大招受击	6	1.06	1	0	0	0	0		1	1
402111	fx_4021_skill01	0	技能1	6	1.5	1	0	0	0	0		1	1
4021151	fx_4021_skill01_weapon_target	0	技能1 武器特效	6	0.9	2	Weapon_JntA	0	0	0		1	1
402112	fx_4021_skill01_hit	0	技能1 受击	6	1.2	1	0	0	0	0		1	1
402121	fx_4021_skill02	0	技能2	6	3	1	0	0	0	0		1	1
402131	fx_4021_skill03	0	技能3	6	3.3	1	0	0	0	0		1	1
402132	fx_4021_skill03_hit	0	技能3BUFF受击	6	1.9	1	0	0	0	0		1	1
402141	fx_4021_skill04	0	技能4	6	1.4	1	0	0	0	0		1	1
4021421	fx_4021_skill04_hit	0	技能4 单体受击	20	1.27	1	0	0	0	0		1	1
4021422	fx_4021_skill04_hit_AOE	0	技能4 AOE受击	6	1.27	1	0	0	0	0		1	1
4021451	fx_4021_skill04_zhusun	0	技能4 子弹特效	6	0.7	2	Weapon_Jnt	0	0	0		1	1
402151	fx_4021_skill05	0	技能5	6	2.5	1	0	0	0	0		1	1
402161	fx_4021_skill06	0	技能6	6	2.6	1	0	0	0	0		1	1
402162	fx_4021_skill06_hit	0	技能6 单体延迟受击	6	2.6	1	0	0	0	0		1	1
402101	4021_skill0_TL	0	大招	6	0	4	0	0	0	0		1	1
402102	fx_4021_skill0_hit	0	受击特效	6	2	1	0	0	0	0		1	1
4012521	fx_4021_skill05_shield_start	0	技能5效果开始	6	1.03	1	0	0	0	0		1	1
4012522	fx_4021_skill05_shield_keep	0	技能5小时持续	6	999	1	0	0	0	0		1	1
4012523	fx_4021_skill05_shield_end	0	技能5效果结束	6	1	1	0	0	0	0		1	1
10500211	fx_105002_skill01	0	技能1	6	3.3	1	0	0	0	0		1	1
10500221	fx_105002_skill02	0	技能2	6	2.4	1	0	0	0	0		1	1
10500222	fx_105002_skill02_hit	0	技能2 受击	6	1.1	1	0	0	0	0		1	1
10500223	fx_105002_skill02_zidan	0	技能2 子弹	6	0.3	1	0	0	0	0		1	1
10500231	105002_skill03_TL	0	大招	6	0	4	0	0	0	0		1	1
10500232	fx_105002_skill03_hit	0	大招受击	6	1.1	1	0	0	0	0		1	1
402011	fx_4020_skill01	0	技能1	6	2.6	1	0	0	0	0		1	1
402021	fx_4020_skill02	0	技能2	6	2.7	1	0	0	0	0		1	1
4020221	fx_4020_skill02_fire	0	技能2 buff	6	9999	2	Head_M	0	0	0		1	1
402031	fx_4020_skill03	0	技能3	6	3.8667	1	0	0	0	0		1	1
402041	fx_4020_skill04	0	技能4	6	2.8667	1	0	0	0	0		1	1
402042	fx_4020_skill04_hit	0	技能4 hit	6	1.68	1	0	0	0	0		1	1
4020421	fx_4020_skill04_buff	0	技能4 buff	6	9999	1	0	0	0	0		1	1
402001	4020_skill0_TL	0	大招	6	0	4	0	0	0	0		1	1
402002	fx_4020_skill0_hit	0	大招受击	6	1.1	1	0	0	0	0		1	1
102311	fx_1023_skill01	0	技能1	6	3.1	1	0	0	0	0		1	1
102321	fx_1023_skill02	0	技能2	6	1.5	1	0	0	0	0		1	1
102322	fx_1023_skill02_hit	0	技能2 受击	6	2.2667	3	0	0	0	0		1	1
102323	fx_1023_skill02_zidan	0	技能2 子弹	6	0.5	1	0	0	0	0		1	1
102331	fx_1023_skill03	0	技能3	6	5.5	1	0	0	0	0		1	1
10700811	fx_107008_skill01	0	1技能	6	2	1	0	0	0	0		1	1
10700812	fx_107008_skill01_hit	0	1技能 受击	6	2.6	1	0	0	0	0		1	1
10700813	fx_107008_skill01_zidan	0	1技能 子弹	6	0.2	1	0	0	0	0		1	1
10700821	fx_107008_skill02	0	2技能	6	3.7333	1	0	0	0	0		1	1
10700831	107008_skill03_TL	0	大招	6	0	4	0	0	0	0		1	1
10700832	fx_107008_skill03_hit	0	大招受击	6	1.2	1	0	0	0	0		1	1
10600811	fx_106008_skill01	0	1技能	6	5.8	1	0	0	0	0		1	1
10600821	fx_106008_skill02	0	2技能	6	5.3	1	0	0	0	0		1	1
106008221	fx_106008_skill02_hit01	0	2技能 受击1	6	0.45	1	0	0	0	0		1	1
106008222	fx_106008_skill02_hit02	0	2技能 受击2	6	1	1	0	0	0	0		1	1
106008223	fx_106008_skill02_hit03	0	2技能 受击3	6	1.7	1	0	0	0	0		1	1
106008231	fx_106008_skill02_zidan01	0	2技能 子弹1	6	0.5	1	0	0	0	0		1	1
106008232	fx_106008_skill02_zidan02	0	2技能 子弹2	6	0.5	1	0	0	0	0		1	1
106008233	fx_106008_skill02_zidan03	0	2技能 子弹3	6	0.66	1	0	0	0	0		1	1
10600831	106008_skill03_TL	0	大招	6	0	4	0	0	0	0		1	1
10600832	fx_106008_skill03_hit	0	大招受击	6	2	1	0	0	0	0		1	1
10600911	fx_106009_skill01	0	106009技能1攻击特效	0	3.44	1	0	0	0	0		1	1
10600913	fx_106009_skill01_zidan	0	106009技能1子弹特效	0	999	1	0	0	0	0		1	1
10600912	fx_106009_skill01_hit_01	0	106009技能1受击特效1	0	4.28	1	0	0	0	0		1	1
106009121	fx_106009_skill01_hit_02	0	106009技能1受击特效2	0	4.29	1	0	0	0	0		1	1
10600921	fx_106009_skill02	0	106009技能2攻击特效	0	3	1	0	0	0	0		1	1
10600922	fx_106009_skill02_hit	0	106009技能2受击特效	0	2.45	1	0	0	0	0		1	1
10600931	106009_skill03_TL	0	大招	0	0	4	0	0	0	0		1	1
10600932	fx_106009_skill03_hit	0	大招受击	6	1	1	0	0	0	0		1	1
10600941	fx_106009_skill04	0	106009技能4攻击特效	0	4.03	1	0	0	0	0		1	1
10600942	fx_106009_skill04_hit	0	106009技能4受击特效	0	3.22	1	0	0	0	0		1	1
10600951	fx_106009_skill05	0	106009技能5攻击特效	0	5.76	1	0	0	0	0		1	1
10600952	fx_106009_skill05_hit	0	106009技能5受击特效	0	4.24	1	0	0	0	0		1	1
800211	fx_8002_skill01	0	技能1	6	1.6	1	0	0	0	0		1	1
800212	fx_8002_skill01_hit	0	技能1 受击	6	0.9	1	0	0	0	0		1	1
800213	fx_8002_skill01_zidan	0	技能1 子弹	6	0.1333	1	0	0	0	0		1	1
800221	fx_8002_skill02	0	技能2	6	2.6333	1	0	0	0	0		1	1
800222	fx_8002_skill02_hit	0	技能2 受击	6	0.4	1	0	0	0	0		1	1
8002221	fx_8002_skill02_hit_miaozhun	0	技能2 受击瞄准	6	0.6	1	0	0	0	0		1	1
800223	fx_8002_skill02_zidan	0	技能2 子弹	6	0.18	1	0	0	0	0		1	1
800231	fx_8002_skill03	0	技能3	6	4.5	1	0	0	0	0		1	1
800241	fx_8002_skill04	0	技能4	6	2.8667	1	0	0	0	0		1	1
800251	fx_8002_skill05	0	技能5	6	3.9	1	0	0	0	0		1	1
800261	fx_8002_skill06	0	技能6	6	2.3	1	0	0	0	0		1	1
800262	fx_8002_skill06_hit	0	技能6 受击	6	0.6	1	0	0	0	0		1	1
800263	fx_8002_skill06_zidan	0	技能6 子弹	6	2.05	1	0	0	0	0		1	1
8002621	fx_8002_skill06_buff001	0	技能6 buff1	6	1	1	0	0	0	0		1	1
8002622	fx_8002_skill06_buff002	0	技能6 buff2	6	1.2	1	0	0	0	0		1	1
8002623	fx_8002_skill06_buff003	0	技能6 buff3	6	1.25	1	0	0	0	0		1	1
8002624	fx_cell_remax_buff	0	姿态的状态BUFF	6	999	1	0	0	0	0		1	1
800201	8002_skill0_TL	0	大招	6	0	4	0	0	0	0		1	1
800202	fx_8002_skill0_hit	0	8002大招受击特效	6	1.2	1	0	0	0	0		1	1
401911	fx_4019_skill01	0	4019一技能	6	2.22	1	0	0	0	0		1	1
401912	fx_4019_skill01_hit	0	4019一技能受击	6	0.92	1	0	0	0	0		1	1
401913	fx_4019_skill01_zidan	0	4019一技能子弹	6	1.16	1	0	0	0	0		1	1
401921	fx_4019_skill02	0	4019二技能	6	2.8	1	0	0	0	0		1	1
401922	fx_4019_skill02_hit	0	4019二技能受击	6	0.85	1	0	0	0	0		1	1
401931	fx_4019_skill03	0	4019三技能	6	1.8	1	0	0	0	0		1	1
401932	fx_4019_skill03_hit	0	4019三技能受击	6	0.85	1	0	0	0	0		1	1
401933	fx_4019_skill03_zidan	0	4019三技能子弹	6	1.1	1	0	0	0	0		1	1
401941	fx_4019_skill04	0	4019四技能	6	2.88	1	0	0	0	0		1	1
401901	4019_skill0_TL	0	4019大招	6	0	4	0	0	0	0		1	1
401902	fx_4019_skill0_hit	0	4019大招受击特效	6	1.3	1	0	0	0	0		1	1
3010101	30101_skill0_attack_01_TL	0	猫球主动攻击TL	6	0	4	0	0	0	0		1	1
3010102	fx_30101_skill0_hit	0	猫球主攻攻击大招受击	6	1.5	1	0	0	0	0		1	1
3010111	fx_30101_skill01	0	30101技能1攻击特效	6	3	1	0	0	0	0		1	1
3010112	fx_30101_skill01_buff	0	30101技能1受击特效	6	1.05	1	0	0	0	0		1	1
3010121	fx_30101_skill02	0	30101技能2攻击特效	6	2.67	1	0	0	0	0		1	1
3010122	fx_30101_skill02_buff	0	30101技能2受击特效	6	1.04	1	0	0	0	0		1	1
3010131	30101_skill03_TL_new	0	大招	6	0	4	0	0	0	0		1	1
3010132	fx_30101_skill03_buff_new	0	受击特效	6	2.6	3	0	0	0	0		1	1
3010161	fx_30101_idle04	0	idle特效	6	999	1	0	0	0	0		1	1
10401311	fx_104013_skill01	0	技能1	6	3.6	1	0	0	0	0		1	1
10401312	fx_104013_skill01_hit	0	技能1受击	6	4.7	1	0	0	0	0		1	1
10401321	fx_104013_skill02	0	技能2	6	3.3	1	0	0	0	0		1	1
10401322	fx_104013_skill02_hit	0	技能2受击	6	3.7	1	0	0	0	0		1	1
10401331	104013_skill03_TL	0	大招	6	0	4	0	0	0	0		1	1
10401332	fx_104013_skill03_ht	0	大招受击	6	2.56	1	0	0	0	0		1	1
10301311	fx_103013_skill01	0	103013一技能	6	4.3	1	0	0	0	0		1	1
10301312	fx_103013_skill01_buff	0	103013一技能受击	6	4.2	1	0	0	0	0		1	1
10301321	fx_103013_skill02	0	103013二技能	6	4.6	1	0	0	0	0		1	1
10301322	fx_103013_skill02_buff	0	103013二技能受击	6	1.6	3	0	0	0	0		1	1
10301331	103013_skill03_TL	0	103013大招	6	0	4	0	0	0	0		1	1
10301332	fx_103013_skill03_hit	0	103013大招受击	6	2.3	1	0	0	0	0		1	1
103021311	10302150_skill03_TL	0	10302150大招	6	0	4	0	0	0	0		1	1
110311	fx_1103_skill01	0	1103技能1攻击特效	6	1.53	1	0	0	0	0		1	1
110312	fx_1103_skill01_hit	0	1103技能1受击特效	6	1.42	1	0	0	0	0		1	1
110313	fx_1103_skill01_zidan	0	1103技能1子弹特效	6	0.81	1	0	0	0	0		1	1
110321	fx_1103_skill02	0	1103技能2攻击特效	6	1.45	1	0	0	0	0		1	1
110322	fx_1103_skill02_hit	0	1103技能2受击特效	6	2.08	1	0	0	0	0		1	1
110323	fx_1103_skill02_zidan	0	1103技能2子弹特效	6	1.29	1	0	0	0	0		1	1
110331	fx_1103_skill03	0	1103技能3攻击特效	6	1.54	1	0	0	0	0		1	1
1103331	fx_1103_skill03_zidan_1	0	1103技能3子弹1特效	6	1.1	1	0	0	0	0		1	1
1103332	fx_1103_skill03_zidan_2	0	1103技能3子弹2特效	6	0.9	1	0	0	0	0		1	1
1103333	fx_1103_skill03_zidan_3	0	1103技能3子弹3特效	6	0.91	1	0	0	0	0		1	1
110332	fx_1103_skill03_hit	0	1103技能3受击特效	6	4.5	1	0	0	0	0		1	1
110211	fx_1102_skill01	0	1102技能1	6	2.6	1	0	0	0	0		1	1
110221	fx_1102_skill02	0	1102技能2	6	2.5	1	0	0	0	0		1	1
110231	fx_1102_skill03	0	1102技能3	6	3.36	1	0	0	0	0		1	1
402511	fx_4025_skill01	0	4025一技能	6	2	1	0	0	0	0		1	1
402515	fx_4025_skill01_tuowei	0	4025一技能拖尾	6	2	2	weapon_1_move_jnt	0	0	0		1	1
402512	fx_4025_skill01_hit	0	4025一技能受击	6	1	1	0	0	0	0		1	1
402521	fx_4025_skill02	0	4025二技能	6	2.5	1	0	0	0	0		1	1
402525	fx_4025_skill02_tuowei	0	4025二技能拖尾	6	0.7	2	Root_M	0	0	0		1	1
402531	fx_4025_skill03	0	4025三技能	6	3	1	0	0	0	0		1	1
402541	fx_4025_skill04	0	4025四技能	6	4	1	0	0	0	0		1	1
402501	4025_skill0_TL	0	4025大招	6	0	4	0	0	0	0		1	1
4025021	fx_4025_skill0_hit	0	4025大招受击	6	2.15	1	0	0	0	0		1	1
4025022	fx_4025_skill0_buff	0	4025大招buff	6	5.3333	1	0	0	0	0		1	1
402611	fx_4026_skill01	0	4026一技能攻击	6	2.3	1	0	0	0	0		1	1
402612	fx_4026_skill01_hit	0	4026一技能受击	6	0.7	1	0	0	0	0		1	1
402613	fx_4026_skill01_zidan	0	4026一技能子弹	6	1.1	1	0	0	0	0		1	1
402621	fx_4026_skill02	0	4026二技能	6	3.4	1	0	0	0	0		1	1
402622	fx_4026_skill02_buff	0	4026二技能BUFF	6	1.2	1	0	0	0	0		1	1
402631	fx_4026_skill03	0	4026三技能	6	3.2	1	0	0	0	0		1	1
402632	fx_4026_skill03_buff	0	4026三技能BUFF	6	1.1	1	0	0	0	0		1	1
402633	fx_4026_skill03_zidan	0	4026三技能子弹	6	2.98	1	0	0	0	0		1	1
402601	4026_skill0_TL	0	4026大招	6	0	4	0	0	0	0		1	1
402602	fx_4026_skill0_hit	0	4026大招受击	6	2.6	1	0	0	0	0		1	1
10301911	fx_103019_skill01	0	103019一技能	6	3	1	0	0	0	0		1	1
10301913	fx_103019_skill01_zidan	0	103019一技能子弹	6	0.45	1	0	0	0	0		1	1
10301912	fx_103019_skill01_hit	0	103019一技能受击	6	1.6	1	0	0	0	0		1	1
10301921	fx_103019_skill02	0	103019二技能	6	6	1	0	0	0	0		1	1
10301931	103019_skill03_TL	0	103019大招	6	0	4	0	0	0	0		1	1
10301932	fx_103019_skill03_hit	0	103019大招受击	6	1.25	1	0	0	0	0		1	1
104411	fx_1044_skill01	0	1044技能1攻击特效	6	4.14	1	0	0	0	0		1	1
104412	fx_1044_skill01_hit	0	1044技能1受击特效	6	2.5	1	0	0	0	0		1	1
104421	fx_1044_skill02	0	1044技能2攻击特效	6	4.05	1	0	0	0	0		1	1
104431	fx_1044_skill03	0	1044技能3攻击特效	6	3.42	1	0	0	0	0		1	1
104432	fx_1044_skill03_hit	0	1044技能3受击特效	6	1.07	1	0	0	0	0		1	1
104311	fx_1043_skill01	0	1043技能1攻击特效	6	3.94	1	0	0	0	0		1	1
104321	fx_1043_skill02	0	1043技能2攻击特效	6	3.24	1	0	0	0	0		1	1
104331	fx_1043_skill03	0	1043技能3攻击特效	6	4.26	1	0	0	0	0		1	1
10401711	fx_104017_skill01	0	104017一技能	6	1.4	1	0	0	0	0		1	1
10401712	fx_104017_skill01_hit	0	104017一技能受击	6	1	1	0	0	0	0		1	1
104017151	fx_104017_skill01_weapon	0	104017一技能拖尾	6	2.5	2	papermanA0_M	0	0	0		1	1
10401721	fx_104017_skill02_trail	0	104017二技能	6	2.4	2	papermanB0_M	0	0	0		1	1
10401722	fx_104017_skill02_buff	0	104017二技能buff	6	2.2	1	0	0	0	0		1	1
10401741	fx_104017_skill01	0	104017一技能二形态	6	1.4	1	0	0	0	0		1	1
10401742	fx_104017_skill04_buff	0	104017一技能二形态buff	6	1.4	1	0	0	0	0		1	1
104017451	fx_104017_skill04_weapon	0	104017一技能二形态拖尾	6	2.3	2	papermanB0_M	0	0	0		1	1
10401731	104017_skill03_TL	0	104017大招	6	0	4	0	0	0	0		1	1
10401732	fx_104017_skill03_hit	0	104017大招受击	6	1.4	1	0	0	0	0		1	1
104211	fx_1042_skill01	0	1042技能1攻击特效	6	2.03	1	0	0	0	0		1	1
104212	fx_1042_skill01_hit	0	1042技能1受击特效	6	0.85	1	0	0	0	0		1	1
1042151	fx_1042_skill01_zidan	0	1042技能1子弹特效	6	1.7	2	Bip001 Prop1	0	0	0		1	1
104221	fx_1042_skill02	0	1042技能2攻击特效	6	3.3	1	0	0	0	0		1	1
104231	fx_1042_skill03	0	1042技能3攻击特效	6	3.33	1	0	0	0	0		1	1
104011	fx_1040_skill1	0	1040技能1攻击特效	6	3.48	1	0	0	0	0		1	1
104021	fx_1040_skill2	0	1040技能2攻击特效	6	2.17	1	0	0	0	0		1	1
104031	fx_1040_skill3	0	1040技能3攻击特效	6	2.29	1	0	0	0	0		1	1
104032	fx_1040_skill3_hit	0	1040技能3受击特效	6	1	1	0	0	0	0		1	1
103011	fx_1030_skill1	0	1030技能1攻击特效	6	1.37	1	0	0	0	0		1	1
103021	fx_1030_skill2	0	1030技能2攻击特效	6	2.44	1	0	0	0	0		1	1
103031	fx_1030_skill3	0	1030技能3攻击特效	6	2.86	1	0	0	0	0		1	1
103032	fx_1030_skill3_hit	0	1030技能3受击特效	6	1.99	1	0	0	0	0		1	1
104511	fx_1045_skill01	0	1045技能1攻击特效	6	3.45	1	0	0	0	0		1	1
104521	fx_1045_skill02	0	1045技能2攻击特效	6	1.77	1	0	0	0	0		1	1
104523	fx_1045_skill02_zidan	0	1045技能2子弹特效	6	1.83	2	BallA0	0	0	0		1	1
104522	fx_1045_skill02_hit	0	1045技能2受击特效	6	0.83	1	0	0	0	0		1	1
104531	fx_1045_skill03	0	1045技能3攻击特效	6	1.42	1	0	0	0	0		1	1
104532	fx_1045_skill03_hit	0	1045技能3受击特效	6	0.9	1	0	0	0	0		1	1
104533	fx_1045_skill03_zidan	0	1045技能3子弹特效	6	3	2	BallA0	0	0	0		1	1
104101	411041_skill0_TL	0	411041特殊大招	6	0	4	0	0	0	0		1	1
104111	fx_1041_skill01	0	1041技能1攻击特效	6	3.58	1	0	0	0	0		1	1
104112	fx_1041_skill01_hit	0	1041技能1受击特效	6	0.72	1	0	0	0	0		1	1
104121	fx_1041_skill02	0	1041技能2攻击特效	6	3.65	1	0	0	0	0		1	1
104131	fx_1041_skill03	0	1041技能3攻击特效	6	2.57	1	0	0	0	0		1	1
104132	fx_1041_skill03_hit	0	1041技能3受击特效	6	3.09	1	0	0	0	0		1	1
103111	fx_1031_skill01	0	1031技能1攻击特效	6	3.34	1	0	0	0	0		1	1
103112	fx_1031_skill01_hit	0	1031技能1受击特效	6	1.8	1	0	0	0	0		1	1
103121	fx_1031_skill02	0	1031技能2攻击特效	6	4.35	1	0	0	0	0		1	1
103122	fx_1031_skill02_hit	0	1031技能2受击特效	6	3.43	1	0	0	0	0		1	1
103131	fx_1031_skill03	0	1031技能3攻击特效	6	2.87	1	0	0	0	0		1	1
103132	fx_1031_skill03_hit	0	1031技能3受击特效	6	2.87	1	0	0	0	0		1	1
110411	fx_1104_skill1	0	1104技能1攻击特效	6	2.29	1	0	0	0	0		1	1
110421	fx_1104_skill2	0	1104技能2攻击特效	6	2.16	1	0	0	0	0		1	1
110431	fx_1104_skill3	0	1104技能3攻击特效	6	4.82	1	0	0	0	0		1	1
110432	fx_1104_skill3_hit	0	1104技能3受击特效	6	0.67	1	0	0	0	0		1	1
403111	fx_4031_skill01	0	4031技能1攻击特效	6	0.85	1	0	0	0	0		1	1
403112	fx_4031_skill01_hit	0	4031技能1受击特效	6	2.38	3	0	0	0	0		1	1
4031151	fx_4031_skill01_zidan	0	4031技能1飞行特效	6	1.95	2	wep_sword	0	0	0		1	1
403121	fx_4031_skill02	0	4031技能2攻击特效	6	3.4	1	0	0	0	0		1	1
403122	fx_4031_skill02_hit	0	4031技能2受击特效	6	1.32	1	0	0	0	0		1	1
403131	fx_4031_skill03	0	4031技能3攻击特效	6	3.4	1	0	0	0	0		1	1
403141	fx_4031_skill04	0	4031技能4攻击特效	6	3.27	1	0	0	0	0		1	1
403142	fx_4031_skill04_hit	0	4031技能4受击特效	6	4.5	1	0	0	0	0		1	1
403143	fx_4031_skill04_zidan	0	4031技能4飞行特效	6	4.4	1	0	0	0	0		1	1
403151	fx_4031_skill05	0	4031技能5攻击特效	6	4.72	1	0	0	0	0		1	1
403152	fx_4031_skill05_buff	0	4031技能5受击特效	6	1	1	0	0	0	0		1	1
403161	fx_4031_skill06	0	4031技能6攻击特效	6	6.7	1	0	0	0	0		1	1
403162	fx_4031_skill06_buff	0	4031技能6受击特效	6	9999	2	Bip001 Prop1	0	0	0		1	1
403102	fx_4031_skill0_hit	0	4031大招受击	6	1.45	1	0	0	0	0		1	1
403101	4031_skill0_TL	0	4031大招	6	0	4	0	0	0	0		1	1
403011	fx_4030_skill01	0	4030技能1	6	3.6	1	0	0	0	0		1	1
4030151	fx_4030_skill01_jian	0	4030拖尾	6	2.4	2	BBone01	0	0	0		1	1
403012	fx_4030_skill01_hit	0	4030一技能受击	6	1	1	0	0	0	0		1	1
403021	fx_4030_skill02	0	4030技能2	6	4.3	1	0	0	0	0		1	1
403031	fx_4030_skill03	0	4030技能3	6	2	1	0	0	0	0		1	1
403051	fx_4030_skill04	0	4030技能5	6	1.7	1	0	0	0	0		1	1
403052	fx_4030_skill04_buff	0	4030技能5buff	6	2	1	0	0	0	0		1	1
403041	fx_4030_skill05	0	4030技能4	6	4	1	0	0	0	0		1	1
403042	fx_4030_skill05_hit	0	4030技能4受击	6	5	1	0	0	0	0		1	1
403061	fx_4030_skill06	0	4030技能6	6	1	1	0	0	0	0		1	1
403063	fx_4030_skill06_zidan	0	4030技能6子弹	6	0.5	1	0	0	0	0		1	1
403062	fx_4030_skill06_hit	0	4030技能6受击	6	1.1	1	0	0	0	0		1	1
403001	4030_skill0_TL	0	4030大招	6	0	4	0	0	0	0		1	1
403002	fx_4030_skill07_hit	0	4030大招受击	6	2	1	0	0	0	0		1	1
10301711	fx_103017_skill01	0	103017技能一	6	3.8	1	0	0	0	0		1	1
10301712	fx_103017_skill01_hit	0	103017技能一受击	6	5.8	1	0	0	0	0		1	1
10301721	fx_103017_skill02	0	103017技能二	6	3	1	0	0	0	0		1	1
10301722	fx_103017_skill02_buff	0	103017技能二BUFF	6	1.2	1	0	0	0	0		1	1
10301731	103017_skill03_TL	0	103017大招	6	0	4	0	0	0	0		1	1
10301732	fx_103017_skill03_hit	0	103017大招受击	6	1.2	1	0	0	0	0		1	1
10500411	fx_105004_skill01	0	技能1	6	2.8	1	0	0	0	0		1	1
10500421	fx_105004_skill02	0	技能2	6	3.5	1	0	0	0	0		1	1
10500431	105004_skill03_TL	0	大招	6	0	4	0	0	0	0		1	1
10500432	fx_105004_skill03_hit	0	大招受击	6	1.17	1	0	0	0	0		1	1
10701001	fx_107010_idle_weaponA0	0	107010常驻idle武器特效	6	9999	2	weaponA0	0	0	0		1	1
10701002	fx_107010_charge_start_Wrist_L	0	107010充能开始	6	0.98	2	Elbow_L	0	0	0		1	1
10701003	fx_107010_charge_keep_Wrist_L	0	107010充能持续	6	9999	2	Elbow_L	0	0	0		1	1
10701004	fx_107010_charge_raise_Wrist_L	0	107010充能增加	6	0.62	2	Elbow_L	0	0	0		1	1
10701005	fx_107010_charge_end_Wrist_L	0	107010充能消失	6	0.76	2	Elbow_L	0	0	0		1	1
107010111	fx_107010_skill01	0	107010技能一攻击	6	2.2	1	0	0	0	0		1	1
107010112	fx_107010_skill01_start	0	107010技能一刀光	6	2.2	1	0	0	0	0		1	1
10701012	fx_107010_skill01_hit	0	107010技能一受击	6	1	3	0	0	0	0		1	1
10701021	fx_107010_skill02	0	107010技能二攻击	6	2.45	1	0	0	0	0		1	1
10701022	fx_107010_skill02_hit	0	107010技能二受击	6	0.5	1	0	0	0	0		1	1
10701023	fx_107010_skill02_zidan	0	107010技能二子弹	6	0.6	1	0	0	0	0		1	1
107010411	fx_107010_skill04	0	107010技能4攻击	6	2.1	1	0	0	0	0		1	1
107010412	fx_107010_skill04_start	0	107010技能4刀光	6	1.6	1	0	0	0	0		1	1
107010421	fx_107010_skill04_AOE	0	107010技能4AOE受击	6	2	1	0	0	0	0		1	1
107010422	fx_107010_skill04_hit	0	107010技能4受击	6	0.8	1	0	0	0	0		1	1
10701051	fx_107010_skill05	0	107010技能5攻击	6	2.45	1	0	0	0	0		1	1
10701052	fx_107010_skill05_hit	0	107010技能5受击	6	0.5	1	0	0	0	0		1	1
10701053	fx_107010_skill05_zidan	0	107010技能5子弹	6	0.6	1	0	0	0	0		1	1
10701031	107010_skill03_TL	0	大招	6	0	4	0	0	0	0		1	1
10701032	fx_107010_skill03_hit	0	大招受击	6	1.25	1	0	0	0	0		1	1
105211	fx_1052_skill01	0	1052技能1攻击特效	6	4.4	1	0	0	0	0		1	1
105221	fx_1052_skill02	0	1052技能2攻击特效	6	3.25	1	0	0	0	0		1	1
105231	fx_1052_skill03	0	1052技能3攻击特效	6	3	1	0	0	0	0		1	1
105311	fx_1053_skill01	0	1053技能1攻击特效	6	3.6	1	0	0	0	0		1	1
105321	fx_1053_skill02	0	1053技能2攻击特效	6	3.75	1	0	0	0	0		1	1
105322	fx_1053_skill02_hit	0	1053技能2受击特效	6	0.75	1	0	0	0	0		1	1
105323	fx_1053_skill02_zidan	0	1053技能2飞行特效	6	0.22	1	0	0	0	0		1	1
105331	fx_1053_skill03	0	1053技能3攻击特效	6	3.7	1	0	0	0	0		1	1
403511	fx_4035_skill01	0	4035技能1攻击特效	6	3.27	1	0	0	0	0		1	1
403521	fx_4035_skill02	0	4035技能2攻击特效	6	3.11	1	0	0	0	0		1	1
403531	fx_4035_skill03	0	4035技能3攻击特效	6	2.5	1	0	0	0	0		1	1
403532	fx_4035_skill03_buff	0	4035技能3受击特效	6	1.5	3	0	0	0	0		1	1
403501	4035_skill0_TL	0	4035大招	6	0	4	0	0	0	0		1	1
403502	fx_4035_skill0_hit	0	4035大招受击特效	6	1.1	1	0	0	0	0		1	1
403611	fx_4036_skill01	0	4036技能1	6	4.5	1	0	0	0	0		1	1
403612	fx_4036_skill01_hit	0	4036技能1受击	6	1	1	0	0	0	0		1	1
403613	fx_4036_skill01_zidan	0	4036技能1子弹	6	1.1	1	0	0	0	0		1	1
403601	4036_skill0_TL	0	4036大招	6	0	4	0	0	0	0		1	1
403602	fx_4036_skill0_hit	0	4036大招受击	6	1	1	0	0	0	0		1	1
403621	fx_4036_skill02	0	4036技能2	6	4.4	1	0	0	0	0		1	1
403631	fx_4036_skill03	0	4036技能3	6	3.7	1	0	0	0	0		1	1
403632	fx_4036_skill03_hit	0	4036技能3受击	6	0.77	1	0	0	0	0		1	1
105011	fx_1050_skill01	0	1050技能1	6	2.5	1	0	0	0	0		1	1
105021	fx_1050_skill02	0	1050技能2	6	2.1	1	0	0	0	0		1	1
105022	fx_1050_skill02_buff	0	1050技能2buff	6	1.3	1	0	0	0	0		1	1
105031	fx_1050_skill03	0	1050技能3	6	2.55	1	0	0	0	0		1	1
105032	fx_1050_skill03_hit	0	1050技能3aoe受击	6	0.9	1	0	0	0	0		1	1
105111	fx_1051_skill01	0	1051技能1	6	1.62	1	0	0	0	0		1	1
105113	fx_1051_skill01_zidan	0	1051技能1子弹	6	1.65	1	0	0	0	0		1	1
105112	fx_1051_skill01_hit	0	1051技能1受击	6	0.7	1	0	0	0	0		1	1
105121	fx_1051_skill02	0	1051技能2	6	2.2	1	0	0	0	0		1	1
105122	fx_1051_skill02_buff	0	1051技能2buff	6	1.2	1	0	0	0	0		1	1
105131	fx_1051_skill03	0	1051技能3	6	1.2	1	0	0	0	0		1	1
105133	fx_1051_skill03_zidan	0	1051技能3子弹	6	1.7	1	0	0	0	0		1	1
105132	fx_1051_skill03_hit	0	1051技能3受击	6	0.8	1	0	0	0	0		1	1
403411	fx_4034_skill01	0	4034技能1	6	2.2	1	0	0	0	0		1	1
403421	fx_4034_skill02	0	4034技能2	6	2	1	0	0	0	0		1	1
403431	fx_4034_skill03	0	4034技能3	6	4.56	1	0	0	0	0		1	1
403432	fx_4034_skill03_buff	0	4034技能3buff	6	1.27	1	0	0	0	0		1	1
403401	4034_skill0_TL	0	4034大招	6	0	4	0	0	0	0		1	1
403402	fx_4034_skill0_hit	0	4034大招受击	6	1.96	1	0	0	0	0		1	1
104611	fx_1046_skill01	0	1046技能1攻击特效	0	4.7	1	0	0	0	0		1	1
104621	fx_1046_skill02	0	1046技能2攻击特效	0	3.25	1	0	0	0	0		1	1
104623	fx_1046_skill02_zidan	0	1046技能2飞行特效	0	4.31	2	bone032	0	0	0		1	1
104622	fx_1046_skill02_buff	0	1046技能2buff特效	6	2.63	1	0	0	0	0		1	1
104631	fx_1046_skill03	0	1046技能3攻击特效	0	3.23	1	0	0	0	0		1	1
104633	fx_1046_skill03_zidan	0	1046技能3zidan特效	6	0.46	1	0	0	0	0		1	1
104632	fx_1046_skill03_hit	0	1046技能3受击特效	6	0.35	1	0	0	0	0		1	1
105611	fx_1056_skill01	0	1056技能1	6	3.8	1	0	0	0	0		1	1
105621	fx_1056_skill02	0	1056技能2	6	3.8	1	0	0	0	0		1	1
105631	fx_1056_skill03	0	1056技能3	6	3.75	1	0	0	0	0		1	1
105632	fx_1056_skill03_hitdebuff	0	1056技能三debuff	6	1	1	0	0	0	0		1	1
403711	fx_4037_skill01	0	4037技能1攻击特效	6	2.92	1	0	0	0	0		1	1
403712	fx_4037_skill01_hit	0	4037技能1受击特效	6	1	3	0	0	0	0		1	1
403721	fx_4037_skill02	0	4037技能2攻击特效	6	3	1	0	0	0	0		1	1
403722	fx_4037_skill02_hit	0	4037技能2受击特效	6	4	3	0	0	0	0		1	1
403731	fx_4037_skill03	0	4037技能3攻击特效	6	4.17	1	0	0	0	0		1	1
403732	fx_4037_skill03_hit	0	4037技能3受击特效	6	4.17	1	0	0	0	0		1	1
403701	4037_skill0_TL	0	4037大招	6	0	4	0	0	0	0		1	1
403702	fx_4037_skill0_hit	0	4037大招受击	6	1	1	0	0	0	0		1	1
403311	fx_4033_skill01	0	4033一技能	6	2.66666	1	0	0	0	0		1	1
403312	fx_4033_skill01_hit	0	4033一技能受击	6	0.45	1	0	0	0	0		1	1
403313	fx_4033_skill01_zidan	0	4033弹道（第31帧出现40帧结束，第34到39帧移动，30帧速率）	6	0.3	1	0	0	0	0		1	1
403321	fx_4033_skill02	0	4033二技能	6	4.33333	1	0	0	0	0		1	1
403322	fx_4033_skill02_hit	0	4033二技能受击	6	0.64	1	0	0	0	0		1	1
403323	fx_4033_skill02_zidan	0	4033二技能弹道（第77帧出现83帧结束，第77到83帧移动，30帧速率）	6	0.2	1	0	0	0	0		1	1
403331	fx_4033_skill03	0	4033三技能	6	4	1	0	0	0	0		1	1
403332	fx_4033_skill03_hit	0	4033三技能受击	6	1.02	1	0	0	0	0		1	1
403333	fx_4033_skill03_zidan	0	4033三技能弹道（第40帧出现播放结束，第40到70帧移动，播放4次每次间隔15帧，30帧速率）	6	2.04	1	0	0	0	0		1	1
403341	fx_4033_skill04	0	4033四技能	6	6.16666	1	0	0	0	0		1	1
403342	fx_4033_skill04_hit	0	4033四技能受击	6	0.97	1	0	0	0	0		1	1
403343	fx_4033_skill04_zidan	0	4033四技能弹道（第91帧出现102帧结束，第92到101帧移动，30帧速率）	6	0.4	1	0	0	0	0		1	1
403351	fx_4033_skill05	0	4033五技能	6	4	1	0	0	0	0		1	1
403352	fx_4033_skill05_hit	0	4033五技能受击（第30帧出现）	6	2.85	1	0	0	0	0		1	1
403301	4033_skill0_TL	0	4033大招	6	0	4	0	0	0	0		1	1
403302	fx_4033_skill0_hit	0	4033大招受击	6	1.2	1	0	0	0	0		1	1
10800611	fx_108006_skill01	0	108006技能1攻击特效	6	1.9	1	0	0	0	0		1	1
10800621	fx_108006_skill02	0	108006技能2攻击特效	6	1.36	1	0	0	0	0		1	1
10800622	fx_108006_skill02_hit	0	108006技能2受击特效	6	2	1	0	0	0	0		1	1
10800623	fx_108006_skill02_zidan	0	108006技能2子弹特效	6	999	1	0	0	0	0		1	1
10800631	108006_skill03_TL	0	108006大招	6	0	4	0	0	0	0		1	1
10800632	fx_108006_skill03_hit	0	108006大招受击	6	0.84	1	0	0	0	0		1	1
10800690	108006_op_big_skill_mov	0	108006特殊大招	6	0	4	0	0	0	0		1	1
10800641	fx_108006_skill04	0	108006技能4攻击特效	6	1.08	1	0	0	0	0		1	1
10800642	fx_108006_skill04_hit	0	108006技能4受击特效	6	2.34	1	0	0	0	0		1	1
10800651	fx_108006_skill05	0	108006技能5攻击特效	6	5	1	0	0	0	0		1	1
10800652	fx_108006_skill05_hit	0	108006技能5受击特效	6	5	1	0	0	0	0		1	1
10800653	fx_108006_skill05_zidan	0	108006技能5子弹特效	6	999	1	0	0	0	0		1	1
10800661	fx_108006_skill05_xuanyun01_buff	0	108006技能晕眩热线	6	1	1	0	0	0	0		1	1
10800671	fx_108006_wuqi_fx01	0	108006技能5武器特效	6	999	2	weapon_Jnt1	0	0	0		1	1
10601111	fx_106011_skill01	0	1086011技能1攻击特效	6	5	1	0	0	0	0		1	1
10601121	fx_106011_skill02	0	1086011技能2攻击特效	6	6	2	weapon_2_move_jnt	0	0	0		1	1
10601122	fx_106011_skill02_buff	0	1086011技能2受击特效	6	6.44	1	0	0	0	0		1	1
10601131	106011_skill03_TL	0	106011大招	6	0	4	0	0	0	0		1	1
10601132	fx_106011_skill03_hit	0	106011大招受击	6	1.5	1	0	0	0	0		1	1
10601141	fx_106011_skill04	0	1086011技能4攻击特效	6	3.43	1	0	0	0	0		1	1
10800711	fx_108007_skill01	0	108007技能1攻击特效	6	3.5	1	0	0	0	0		1	1
108007121	fx_108007_skill01_hit	0	108007技能1受击特效	6	2.15	1	0	0	0	0		1	1
108007122	fx_108007_skill01_buff	0	108007技能1buff特效	6	1.5	1	0	0	0	0		1	1
10800713	fx_108007_skill01_zidan	0	108007技能1子弹特效	6	1.3	1	0	0	0	0		1	1
10800721	fx_108007_skill02	0	108007技能2攻击特效	6	2	1	0	0	0	0		1	1
10800722	fx_108007_skill02_hit	0	108007技能2受击特效	6	1.4	1	0	0	0	0		1	1
10800723	fx_108007_skill02_zidan	0	108007技能2子弹特效	6	1.74	1	0	0	0	0		1	1
10800731	108007_skill03_TL	0	108007大招	6	0	4	0	0	0	0		1	1
10800732	fx_108007_skill3_hit	0	108007大招受击	6	1.65	1	0	0	0	0		1	1
10800741	fx_108007_skill04	0	108007技能4攻击特效	6	3.4	1	0	0	0	0		1	1
10800742	fx_108007_skill04_hit	0	108007技能4受击特效	6	1.1	1	0	0	0	0		1	1
10800743	fx_108007_skill04_zidan	0	108007技能4子弹特效	6	1	1	0	0	0	0		1	1
10900811	fx_109008_skill01	0	109008一技能	6	5.466666667	1	0	0	0	0		1	1
10900812	fx_109008_skill01_hit	0	109008一技能受击	6	4.266666667	1	0	0	0	0		1	1
109008151	fx_109008_skill01_zidan	0	109008一技能弹道	6	5	2	weapon_Jnt15	0	0	0		1	1
10900821	fx_109008_skill02	0	109008技能2攻击特效	6	3.27	1	0	0	0	0		1	1
10900822	fx_109008_skill02_hit	0	109008技能2受击特效	6	1.5	1	0	0	0	0		1	1
10900823	fx_109008_skill02_zidan	0	109008技能2子弹特效	6	999	1	0	0	0	0		1	1
10900831	109008_skill03_TL	0	109008大招	6	0	4	0	0	0	0		1	1
10900832	fx_109008_skill03_hit	0	109008大招受击	6	2.6	1	0	0	0	0		1	1
11100811	fx_111008_skill01	0	111008技能1攻击特效	6	2.72	1	0	0	0	0		1	1
11100812	fx_111008_skill01_hit	0	111008技能1受击特效	6	1.41	1	0	0	0	0		1	1
11100813	fx_111008_skill01_bullet	0	111008技能1子弹特效	6	0.28	1	0	0	0	0		1	1
11100821	fx_111008_skill02	0	111008技能2攻击特效	6	3.33	1	0	0	0	0		1	1
11100822	fx_111008_skill02_dun	0	111008技能2受击特效	6	1.21	3	0	0	0	0		1	1
11100831	111008_skill03_TL	0	111008大招	6	0	4	0	0	0	0		1	1
11100832	fx_111008_skill03_hit	0	111008大招受击	6	1	1	0	0	0	0		1	1
10900211	fx_109002_skill01	0	109002一技能	6	3.04	1	0	0	0	0		1	1
109002121	fx_109002_skill01_hit	0	109002一技能受击	6	3.92	3	0	0	0	0		1	1
109002122	fx_109002_skill01_hit_aoe	0	109002一技能受击AOE	6	4.4	1	0	0	0	0		1	1
109002151	fx_109002_skill01_zidan	0	109002一技能子弹	6	2.4	2	weapon_2_move_jnt	0	0	0		1	1
10900221	fx_109002_skill02	0	109002二技能	6	4.83	1	0	0	0	0		1	1
109002251	fx_109002_skill02_zidan	0	109002二技能子弹	6	4.68	2	weapon_2_move_jnt	0	0	0		1	1
10900222	fx_109002_skill02_hit	0	109002二技能受击	6	4.06	3	0	0	0	0		1	1
10900226	fx_109002_skill02_buff	0	109002二技能BUFF	6	9999	1	0	0	0	0		1	1
109002262	fx_109002_skill02_buff_hit	0	109002二技能BUFF消失	6	1.63	1	0	0	0	0		1	1
10900231	109002_skill03_TL	0	109002大招	6	0	4	0	0	0	0		1	1
10900232	fx_109002_skill03_hit	0	109002大招受击	6	1.13	1	0	0	0	0		1	1
109002351	fx_buff_WhiteSoul_loop	0	109002大招BUFF持续	6	9999	7	0	0	0	0		1	1
109002352	fx_buff_WhiteSoul_ed	0	109002大招BUFF结束	6	1.28	7	0	0	0	0		1	1
109002353	fx_buff_WhiteSoul_hit	0	109002大招BUFF触发	6	1	7	0	0	0	0		1	1
10700511	fx_107005_skill01	0	107005一技能特效	6	4.77	1	0	0	0	0		1	1
10700521	fx_107005_skill02	0	107005技能2攻击特效	6	4.89	1	0	0	0	0		1	1
10700522	fx_107005_skill02_hit	0	107005技能2受击特效	6	1.7	3	0	0	0	0		1	1
10700523	fx_107005_skill02_guadian	0	107005技能2挂点特效	6	5	2	weapon_01	0	0	0		1	1
10700531	107005_skill03_TL	0	107005大招	6	0	4	0	0	0	0		1	1
10700532	fx_107005_skill03_hit	0	107005大招受击	6	1	1	0	0	0	0		1	1
11100211	fx_111002_skill01	0	111002一技能	6	3.066666667	1	0	0	0	0		1	1
11100212	fx_111002_skill01_hit	0	111002一技能受击	6	2	3	0	0	0	0		1	1
11100221	fx_111002_skill02	0	111002二技能	6	4	1	0	0	0	0		1	1
11100222	fx_111002_skill02_buff	0	111002二技能buff	6	2.166666667	3	0	0	0	0		1	1
11100241	fx_111002_skill04	0	111002四技能	6	3.166666667	1	0	0	0	0		1	1
11100242	fx_111002_skill04_hit	0	111002四技能受击	6	0.54	1	0	0	0	0		1	1
11100243	fx_111002_skill04_dandao	0	111002四技能弹道	6	0.4	1	0	0	0	0		1	1
11100251	fx_111002_skill05	0	111002五技能	6	3.6	1	0	0	0	0		1	1
11100252	fx_111002_skill02_buff	0	111002五技能	6	2.166666667	3	0	0	0	0		1	1
11100231	111002_skill03_TL	0	111002大招	6	0	4	0	0	0	0		1	1
111002311	11100250_skill03_TL	0	111002大招（50皮肤专用）	6	0	4	0	0	0	0		1	1
111002321	fx_111002_skill03_hit	0	111002大招受击	6	9999	1	0	0	0	0		1	1
111002322	fx_111002_skill03_hit_end	0	111002大招受击结束	6	2.5	1	0	0	0	0		1	1
111002323	fx_111002_skill03_hit02	0	111002大招受击2	6	3.02	3	0	0	0	0		1	1
111002601	fx_11100250_enter	0	111002入场特效	6	3	1	0	0	0	0		1	1
111002611	fx_11100250_skill01	0	111002一技能	6	3.066666667	1	0	0	0	0		1	1
111002612	fx_11100250_skill01_hit	0	111002一技能受击	6	2	3	0	0	0	0		1	1
111002621	fx_11100250_skill02	0	111002二技能	6	4	1	0	0	0	0		1	1
111002622	fx_11100250_skill02_buff	0	111002二技能buff	6	2.166666667	3	0	0	0	0		1	1
11300811	fx_113008_skill01	0	113008技能1攻击特效	6	3.64	1	0	0	0	0		1	1
11300812	fx_113008_skill01_hit	0	113008技能1受击特效	6	1.27	1	0	0	0	0		1	1
11300821	fx_113008_skill02	0	113008技能2攻击特效	6	3.18	1	0	0	0	0		1	1
11300823	fx_113008_skill02_bullet	0	113008技能2子弹	6	1.34	1	0	0	0	0		1	1
113008221	fx_113008_skill02_debuff	0	113008技能2debuff特效	6	9999	3	0	0	0	0		1	1
113008222	fx_113008_skill02_hit	0	113008技能2受击特效	6	1.62	3	0	0	0	0		1	1
11300831	113008_skill03_TL	0	113008大招	6	0	4	0	0	0	0		1	1
11300832	fx_113008_skill03_hit	0	113008大招受击	6	4.6	1	0	0	0	0		1	1
11400811	fx_114008_skill01	0	114008技能1	6	3.08	1	0	0	0	0		1	1
11400812	fx_114008_skill01_buff	0	114008技能1buff	6	2.36	1	0	0	0	0		1	1
11400821	fx_114008_skill02	0	114008技能2	6	5.44	1	0	0	0	0		1	1
11400822	fx_114008_skill02_buff	0	114008技能2buff	6	1.73	1	0	0	0	0		1	1
11400831	114008_skill03_TL_new	0	114008大招	6	0	4	0	0	0	0		1	1
11400832	fx_114008_skill03_hit	0	114008大招buff	6	1.4	1	0	0	0	0		1	1
11300111	fx_113001_skill01	0	113001技能1	6	2.4	1	0	0	0	0		1	1
11300112	fx_113001_skill01_hit	0	技能1受击	6	1.62	1	0	0	0	0		1	1
11300121	fx_113001_skill02	0	技能2	6	4.9	1	0	0	0	0		1	1
11300122	fx_113001_skill02_debuff	0	技能2受击	6	1.46	1	0	0	0	0		1	1
11300131	113001_skill03_TL	0	大招	6	0	4	0	0	0	0		1	1
11300132	fx_113001_skill03_hit	0	大招受击	6	1.32	1	0	0	0	0		1	1
113001601	fx_11300150_enter	0	113001入场	6	3.5	1	0	0	0	0		1	1
113001611	fx_11300150_skill01	0	113001技能1	6	2.4	1	0	0	0	0		1	1
113001612	fx_11300150_skill01_hit	0	技能1受击	6	1.62	1	0	0	0	0		1	1
113001621	fx_11300150_skill02	0	技能2	6	4.9	1	0	0	0	0		1	1
113001622	fx_11300150_skill02_debuff	0	技能2受击	6	1.46	3	0	0	0	0		1	1
11400111	fx_114001_skill01	0	114001技能1攻击特效	6	1.9	1	0	0	0	0		1	1
11400112	fx_114001_skill01_hit	0	114001技能1受击特效	6	3.4	1	0	0	0	0		1	1
11400113	fx_114001_skill01_weapon_target	0	114001技能1子弹特效	6	3.3	2	weapon_01_Jnt1	0	0	0		1	1
11400121	fx_114001_skill02	0	114001技能2攻击特效	6	1.6	1	0	0	0	0		1	1
11400122	fx_114001_skill02_hit	0	114001技能2受击特效	6	2.4	1	0	0	0	0		1	1
11400123	fx_114001_skill02_weapon_target	0	114001技能2子弹特效	6	3.44	2	weapon_01_Jnt1	0	0	0		1	1
11400131	114001_skill03_TL	0	114001大招	6	0	4	0	0	0	0		1	1
11400132	fx_114001_skill03_hit01	0	114001大招受击	6	1.83	1	0	0	0	0		1	1
114001601	fx_11400102_enter	0	114001入场	6	2.37	1	0	0	0	0		1	1
114001611	fx_11400102_skill01	0	114001技能1攻击特效	6	1.9	1	0	0	0	0		1	1
114001612	fx_11400102_skill01_hit	0	114001技能1受击特效	6	3.4	1	0	0	0	0		1	1
114001613	fx_11400102_skill01_weapon_target	0	114001技能1子弹特效	6	3.3	2	weapon_01_Jnt1	0	0	0		1	1
114001621	fx_11400102_skill02	0	114001技能2攻击特效	6	1.6	1	0	0	0	0		1	1
114001622	fx_11400102_skill02_hit	0	114001技能2受击特效	6	2.4	1	0	0	0	0		1	1
114001623	fx_11400102_skill02_weapon_target	0	114001技能2子弹特效	6	3.44	2	weapon_01_Jnt1	0	0	0		1	1
10500111	fx_105001_skill01	0	105001技能1	6	2.7	1	0	0	0	0		1	1
10500112	fx_105001_skill01_buff	0	105001技能1buff	6	1.1	1	0	0	0	0		1	1
10500121	fx_105001_skill02	0	105001技能2	6	5.7	1	0	0	0	0		1	1
10500131	105001_skill03_TL	0	105001大招	6	0	4	0	0	0	0		1	1
10500132	fx_105001_skill03_hit	0	105001大招受击	6	2.6	1	0	0	0	0		1	1
10500611	fx_105006_skill01	0	105006技能1	6	3	1	0	0	0	0		1	1
10500621	fx_105006_skill02	0	105006技能2	6	2.6	1	0	0	0	0		1	1
105006221	fx_105006_skill02_hit_1	0	105006技能2受击1	6	1	3	0	0	0	0		1	1
105006222	fx_105006_skill02_hit_2	0	105006技能2受击2	6	0.9	3	0	0	0	0		1	1
105006223	fx_105006_skill02_hit_3	0	105006技能2受击3	6	1.1	3	0	0	0	0		1	1
105006231	fx_105006_skill02_zidan_1	0	105006技能2子弹1	6	1	1	0	0	0	0		1	1
105006232	fx_105006_skill02_zidan_2	0	105006技能2子弹2	6	1	1	0	0	0	0		1	1
105006233	fx_105006_skill02_zidan_3	0	105006技能2子弹3	6	0.8	1	0	0	0	0		1	1
10500631	105006_skill03_TL	0	105006大招	6	0	4	0	0	0	0		1	1
10500632	fx_105006_skill03_hit	0	105006大招受击	6	1.5	1	0	0	0	0		1	1
10500641	fx_105006_skill04	0	105006技能4	6	1.75	1	0	0	0	0		1	1
10500642	fx_105006_skill04_hit_3	0	105006技能4受击	6	1.4	1	0	0	0	0		1	1
10500643	fx_105006_skill04_zidan	0	105006技能4子弹	6	0.7	1	0	0	0	0		1	1
10601011	fx_106010_skill01	0	106010技能1	6	3.73	1	0	0	0	0		1	1
10601013	fx_106010_skill01_bullet	0	106010技能1子弹	6	0.2	1	0	0	0	0		1	1
10601012	fx_106010_skill01_hit	0	106010技能1受击	6	1.03	1	0	0	0	0		1	1
10601021	fx_106010_skill02	0	106010技能2	6	5.2	1	0	0	0	0		1	1
10601022	fx_106010_skill02_hit	0	106010技能2受击	6	1.1	1	0	0	0	0		1	1
10601031	106010_skill03_TL	0	106010大招	6	0	4	0	0	0	0		1	1
10601032	fx_106010_skill03_hit	0	106010大招受击	6	1.2	1	0	0	0	0		1	1
107001111	fx_107001_skill01	0	107001技能1	6	3.83	1	0	0	0	0		1	1
107001121	fx_107001_skill01_buff_01	0	107001技能1buff1	6	0.56	1	0	0	0	0		1	1
107001122	fx_107001_skill01_buff_02	0	107001技能1buff2	6	9999	1	0	0	0	0		1	1
107001123	fx_107001_skill01_buff_03	0	107001技能1buff3	6	1.03	1	0	0	0	0		1	1
107001124	fx_107001_skill01_hit	0	107001技能1hit	6	3.3	1	0	0	0	0		1	1
107001112	fx_107001_skill01_trail	0	107001技能1拖尾	6	3	1	0	0	0	0		1	1
10700121	fx_107001_skill02	0	107001技能2	6	4.02	1	0	0	0	0		1	1
10700131	107001_skill03_TL	0	107001大招	6	0	4	0	0	0	0		1	1
10700132	fx_107001_skill03_hit	0	107001大招受击	6	1.09	1	0	0	0	0		1	1
11200811	fx_112008_skill01	0	112008技能1	6	3.01	1	0	0	0	0		1	1
11200821	fx_112008_skill02	0	112008技能2	6	5.7	1	0	0	0	0		1	1
11200822	fx_112008_skill02_buff	0	112008技能2buff	6	2.4	1	0	0	0	0		1	1
11200831	112008_skill03_TL	0	112008大招	6	0	4	0	0	0	0		1	1
11200832	fx_112008_skill03_hit	0	112008大招受击	6	2.33	1	0	0	0	0		1	1
11200211	fx_112002_skill01	0	112002技能1	6	3.1	1	0	0	0	0		1	1
11200221	fx_112002_skill02	0	112002技能2	6	3	1	0	0	0	0		1	1
112002221	fx_112002_skill02_hit	0	112002技能2受击	6	2	1	0	0	0	0		1	1
112002222	fx_112002_skill02_buff	0	112002技能2buff	6	9999	1	0	0	0	0		1	1
11200231	112002_skill03_TL	0	112002大招	6	0	4	0	0	0	0		1	1
11200232	fx_112002_skill03_hit	0	112002大招受击	6	1.6	1	0	0	0	0		1	1
110611	fx_1106_skill01	0	1106技能1	6	3	1	0	0	0	0		1	1
110612	fx_1106_skill01_hit	0	1106技能1受击	6	1	1	0	0	0	0		1	1
110613	fx_1106_skill01_zidan	0	1106技能1子弹	6	1.7	1	0	0	0	0		1	1
1106311	fx_1106_skill03	0	1106技能3	6	1.11	1	0	0	0	0		1	1
1106312	fx_1106_skill03_trail	0	1106技能3拖尾	6	2.3	2	Bear_Root_M	0	0	0		1	1
110632	fx_1106_skill03_hit	0	1106技能3受击	6	1.4	1	0	0	0	0		1	1
404301	4043_skill0_TL	0	4043大招	6	0	4	0	0	0	0		1	1
404302	fx_4043_skill0_hit	0	4043大招受击	6	0.7	1	0	0	0	0		1	1
404311	fx_4043_skill01	0	4043技能1	6	4	1	0	0	0	0		1	1
404321	fx_4043_skill02	0	4043技能2	6	3.94	1	0	0	0	0		1	1
404322	fx_4043_skill02_hit	0	4043技能2受击	6	0.64	1	0	0	0	0		1	1
404323	fx_4043_skill02_zidan	0	4043技能2子弹	6	1.16	1	0	0	0	0		1	1
404331	fx_4043_skill03	0	4043技能3	6	3.84	1	0	0	0	0		1	1
404101	4041_skill0_TL	0	4041大招	6	0	4	0	0	0	0		1	1
404102	fx_4041_skill03_hit	0	4041大招受击	6	1.63	1	0	0	0	0		1	1
404111	fx_4041_skill01	0	4041技能1攻击特效	6	2.2	1	0	0	0	0		1	1
4041121	fx_4041_skill01_hit1	0	4041技能1受击特效1	6	0.9	3	0	0	0	0		1	1
4041122	fx_4041_skill01_hit2	0	4041技能1受击特效2	6	0.9	3	0	0	0	0		1	1
4041131	fx_4041_skil01_zidan_01	0	4041技能1子弹特效1	6	0.8	1	0	0	0	0		1	1
4041132	fx_4041_skil01_zidan_02	0	4041技能1子弹特效2	6	0.8	1	0	0	0	0		1	1
404112	fx_4041_skill01_hit	0	4041技能1受击特效	6	1	1	0	0	0	0		1	1
404121	fx_4041_skill02	0	4041技能2攻击特效	6	3	1	0	0	0	0		1	1
404122	fx_4041_skill02_hit	0	4041技能2受击特效	6	1	1	0	0	0	0		1	1
404131	fx_4041_skill04	0	4041技能3攻击特效	6	4.09	1	0	0	0	0		1	1
404141	fx_4041_skill05	0	4041技能4攻击特效	6	3.33	1	0	0	0	0		1	1
4041421	fx_4041_skill05_start_buff	0	4041技能4buff开始	6	1.15	1	0	0	0	0		1	1
4041422	fx_4041_skill05_loop_buff	0	4041技能4buff持续	6	9999	1	0	0	0	0		1	1
4041423	fx_4041_skill05_end_buff	0	4041技能4buff结束	6	1.5	1	0	0	0	0		1	1
404151	fx_4041_skill06	0	4041技能5攻击特效	6	4.14	1	0	0	0	0		1	1
106011	fx_1060_skill01	0	1060技能1攻击特效	6	3.1	1	0	0	0	0		1	1
106012	fx_1060_skill01_hit	0	1060技能1受击特效	6	1.3	1	0	0	0	0		1	1
106021	fx_1060_skill02	0	1060技能2攻击特效	6	1.1	1	0	0	0	0		1	1
106022	fx_1060_skill02_hit	0	1060技能2受击特效	6	1	1	0	0	0	0		1	1
106031	fx_1060_skill03	0	1060技能3攻击特效	6	3	1	0	0	0	0		1	1
10800111	fx_108001_skill01	0	108001技能1	6	3.89	1	0	0	0	0		1	1
10800121	fx_108001_skill02	0	108001技能2	6	2	1	0	0	0	0		1	1
10800122	fx_108001_skill02_buff	0	108001技能2buff	6	0.75	1	0	0	0	0		1	1
10800131	108001_skill03_TL	0	108001大招	6	0	4	0	0	0	0		1	1
10800132	fx_108001_skill03_hit	0	108001大招受击	6	1.29	1	0	0	0	0		1	1
10800141	fx_108001_skill04	0	108001技能4	6	2.55	1	0	0	0	0		1	1
10800142	fx_108001_skill04_hit	0	108001技能4受击	6	1	1	0	0	0	0		1	1
10800411	fx_108004_skill01	0	108004技能1	6	2.8	1	0	0	0	0		1	1
10800412	fx_108004_skill01_hit	0	108004技能1受击	6	0.8	1	0	0	0	0		1	1
10800413	fx_108004_skill01_zidan	0	108004技能1子弹	6	1.5	1	0	0	0	0		1	1
10800421	fx_108004_skill02	0	108004技能2	6	2.6	1	0	0	0	0		1	1
10800422	fx_108004_skill02_buff	0	108004技能2buff	6	5	1	0	0	0	0		1	1
10800431	108004_skill03_TL	0	108004大招	6	0	4	0	0	0	0		1	1
10800432	fx_108004_skill03_hit	0	108004大招受击	6	1.81	1	0	0	0	0		1	1
10800441	fx_108004_skill04	0	108004技能4	6	3.96	1	0	0	0	0		1	1
10800442	fx_108004_skill04_hit	0	108004技能4受击	6	4	1	0	0	0	0		1	1
11000811	fx_110008_skill01	0	110008技能1	6	3.2	1	0	0	0	0		1	1
11000821	fx_110008_skill02	0	110008技能2	6	1.77	1	0	0	0	0		1	1
11000831	110008_skill03_TL	0	110008大招	6	0	4	0	0	0	0		1	1
11000832	fx_110008_skill03_hit	0	110008大招受击	6	0.95	1	0	0	0	0		1	1
117008111	fx_117008_skill01	0	117008技能1	6	2.42	1	0	0	0	0		1	1
117008112	fx_117008_skill01_weapon01	0	117008技能1武器01	6	2.34	2	Bip002	0	0	0		1	1
117008113	fx_117008_skill01_weapon02	0	117008技能1武器02	6	2.17	2	Bip003	0	0	0		1	1
11700812	fx_117008_skill01_hit	0	117008技能1受击	6	1.87	1	0	0	0	0		1	1
11700821	fx_117008_skill02	0	117008技能2	6	3.48	1	0	0	0	0		1	1
11700822	fx_117008_skill02_hit	0	117008技能2受击	6	2.23	1	0	0	0	0		1	1
11700831	117008_skill03_TL	0	117008大招	6	0	4	0	0	0	0		1	1
11700832	fx_117008_skill03_hit	0	117008大招受击	6	2.32	1	0	0	0	0		1	1
11700890	117008_op_big_skill_mov	0	117008特殊大招	6	0	4	0	0	0	0		1	1
105911	fx_1059_skill01	0	1059技能1攻击特效	6	2.3	1	0	0	0	0		1	1
105912	fx_1059_skill01_hit	0	1059技能1受击特效	6	1.8	1	0	0	0	0		1	1
105921	fx_1059_skill02	0	1059技能2攻击特效	6	1.6	1	0	0	0	0		1	1
105922	fx_1059_skill02_hit	0	1059技能2受击特效	6	1.9	1	0	0	0	0		1	1
105931	fx_1059_skill03	0	1059技能3攻击特效	6	3	1	0	0	0	0		1	1
105932	fx_1059_skill03_hit	0	1059技能3受击特效	6	1.9	3	0	0	0	0		1	1
105933	fx_1059_skill03_zidan	0	1059技能3子弹特效	6	2.3	1	0	0	0	0		1	1
105811	fx_1058_skill01	0	1058技能1	6	1.58	1	0	0	0	0		1	1
105821	fx_1058_skill02	0	1058技能2	6	1.74	1	0	0	0	0		1	1
105822	fx_1058_skill02_buff	0	1058技能2受击	6	1.01	1	0	0	0	0		1	1
105831	fx_1058_skill03	0	1058技能3	6	3.21	1	0	0	0	0		1	1
105832	fx_1058_skill03_hit	0	1058技能3受击	6	4.97	1	0	0	0	0		1	1
404001	4040_skill0_TL	0	4040大招	6	0	4	0	0	0	0		1	1
404002	fx_4040_skill0_hit	0	4040大招受击	6	1.15	1	0	0	0	0		1	1
404011	fx_4040_skill01	0	4040技能1攻击特效	6	2.89	1	0	0	0	0		1	1
404012	fx_4040_skill01_hit	0	4040技能1受击特效	6	1.18	1	0	0	0	0		1	1
404013	fx_4040_skill01_zidan	0	4040技能1子弹特效	6	0.66	1	0	0	0	0		1	1
404021	fx_4040_skill02	0	4040技能2攻击特效	6	2.23	1	0	0	0	0		1	1
404022	fx_4040_skill02_hit	0	4040技能2受击特效	6	1.06	1	0	0	0	0		1	1
404023	fx_4040_skill02_zidan	0	4040技能2子弹特效	6	1.96	1	0	0	0	0		1	1
404031	fx_4040_skill03	0	4040技能3攻击特效	6	4	1	0	0	0	0		1	1
11500811	fx_115008_skill01	0	115008技能1	6	1.6	1	0	0	0	0		1	1
11500821	fx_115008_skill02	0	115008技能2	6	2.4	1	0	0	0	0		1	1
11500822	fx_115008_skill02_hit01	0	115008技能2受击	6	3.2	1	0	0	0	0		1	1
11500831	115008_skill03_TL	0	115008大招	6	0	4	0	0	0	0		1	1
11500832	fx_115008_skill03_hit	0	115008大招受击	6	1.5	1	0	0	0	0		1	1
12700811	fx_127008_skill01	0	127008技能1	6	2.73	1	0	0	0	0		1	1
127008211	fx_127008_skill02	0	127008技能2攻击特效	6	1.8	1	0	0	0	0		1	1
127008212	fx_127008_skill02_trail	0	127008技能2幽灵拖尾	6	2	2	Bip001 Prop2or1	0	0	0		1	1
12700822	fx_127008_skill02_hit	0	127008技能2受击	6	1.53	1	0	0	0	0		1	1
12700831	127008_skill03_TL	0	127008大招	6	0	4	0	0	0	0		1	1
12700832	fx_127008_skill03_hit	0	127008大招受击	6	2.04	1	0	0	0	0		1	1
13000811	fx_130008_skill01	0	130008技能1	6	4.9	1	0	0	0	0		1	1
13000821	fx_130008_skill02	0	130008技能2	6	4.92	1	0	0	0	0		1	1
13000831	130008_skill03_TL	0	130008大招	6	0	4	0	0	0	0		1	1
13000832	fx_130008_skill03_hit	0	130008大招受击	6	1.5	1	0	0	0	0		1	1
13100811	fx_131008_skill01	0	131008技能1	6	3.05	1	0	0	0	0		1	1
13100812	fx_131008_skill01_hit	0	131008技能1受击	6	3.5	1	0	0	0	0		1	1
13100821	fx_131008_skill02	0	131008技能2	6	1.57	1	0	0	0	0		1	1
13100822	fx_131008_skill02_hit	0	131008技能2受击	6	1.86	1	0	0	0	0		1	1
13100823	fx_131008_skill02_zidan	0	131008技能2子弹	6	0.72	1	0	0	0	0		1	1
13100831	131008_skill03_TL	0	131008大招	6	0	4	0	0	0	0		1	1
13100832	fx_131008_skill03_hit	0	131008大招受击	6	1.91	1	0	0	0	0		1	1
402311	fx_4023_skill01	0	4023技能1	6	2.5	1	0	0	0	0		1	1
402312	fx_4023_skill01_hit	0	4023技能1受击	6	3.5	1	0	0	0	0		1	1
402313	fx_4023_skill01_zidan	0	4023子弹	6	0.8	1	0	0	0	0		1	1
402321	fx_4023_skill02	0	4023技能2	6	3.2	1	0	0	0	0		1	1
402322	fx_4023_skill02_buff	0	4023技能2buff	6	3.3	1	0	0	0	0		1	1
402301	4023_skill0_TL	0	4023大招	6	0	4	0	0	0	0		1	1
402302	fx_4023_skill03_hit	0	4023大招受击	6	2.4	1	0	0	0	0		1	1
105411	fx_1054_skill01	0	1054技能1	6	2.9	1	0	0	0	0		1	1
105413	fx_1054_skill01_bullet	0	1054技能1子弹	6	0.51	1	0	0	0	0		1	1
105412	fx_1054_skill01_hit	0	1054技能1受击	6	1.24	1	0	0	0	0		1	1
105421	fx_1054_skill02	0	1054技能2	6	4.14	1	0	0	0	0		1	1
105422	fx_1054_skill02_debuff	0	1054技能2debuff	6	1.3	3	0	0	0	0		1	1
105431	fx_1054_skill03	0	1054技能3	6	5.34	1	0	0	0	0		1	1
105511	fx_1055_skill01	0	1055技能1	6	4.04	1	0	0	0	0		1	1
105513	fx_1055_skill01_bullet	0	1055技能1子弹	6	0.25	1	0	0	0	0		1	1
105512	fx_1055_skill01_hit	0	1055技能1受击	6	1.23	1	0	0	0	0		1	1
105521	fx_1055_skill02	0	1055技能2	6	3.36	1	0	0	0	0		1	1
105531	fx_1055_skill03	0	1055技能3	6	5.8	1	0	0	0	0		1	1
105532	fx_1055_skill03_hit	0	1055技能3受击	6	1.37	1	0	0	0	0		1	1
12900811	fx_129008_skill01	0	129008技能1	6	2	1	0	0	0	0		1	1
12900821	fx_129008_skill02	0	129008技能2	6	4.96	1	0	0	0	0		1	1
12900822	fx_129008_skill02_hit	0	129008技能2受击	6	4.81	1	0	0	0	0		1	1
12900831	129008_skill03_TL	0	129008大招	6	0	4	0	0	0	0		1	1
12900832	fx_129008_skill03_hit	0	129008大招受击	6	1.08	1	0	0	0	0		1	1
12300811	fx_123008_skill01	0	123008技能1	6	2.08	1	0	0	0	0		1	1
123008121	fx_123008_skill01_hit01	0	123008技能1受击	6	1.92	1	0	0	0	0		1	1
123008122	fx_123008_skill01_hit02	0	123008技能1受击	6	1.92	1	0	0	0	0		1	1
12300813	fx_123008_skill01_zd	0	123008技能1子弹	6	0.85	1	0	0	0	0		1	1
12300821	fx_123008_skill02	0	123008技能2	6	4.4	1	0	0	0	0		1	1
12300831	123008_skill03_TL	0	123008大招	6	0	4	0	0	0	0		1	1
12300832	fx_123008_skill03_hit	0	123008大招受击	6	1.82	1	0	0	0	0		1	1
801001	8010_skill0_TL	0	8010大招	6	0	4	0	0	0	0		1	1
801002	fx_8010_skill0_hit	0	8010大招受击	6	2.26	1	0	0	0	0		1	1
801011	fx_8010_skill01	0	8010技能1	6	4.88	1	0	0	0	0		1	1
801021	fx_8010_skill02	0	8010技能2	6	3.19	1	0	0	0	0		1	1
801031	fx_8010_skill04	0	8010技能3	6	2.02	1	0	0	0	0		1	1
801032	fx_8010_skill04_hit	0	8010技能3受击	6	3.68	1	0	0	0	0		1	1
801041	fx_8010_skill05	0	8010技能4	6	3	1	0	0	0	0		1	1
800601	8006_skill0_TL	0	8006大招	6	0	4	0	0	0	0		1	1
800602	fx_8006_skill0_hit	0	8006大招受击	6	1.72	1	0	0	0	0		1	1
800611	fx_8006_skill01	0	8006技能1	6	3.9	1	0	0	0	0		1	1
800621	fx_8006_skill02	0	8006技能2	6	1.92	1	0	0	0	0		1	1
800622	fx_8006_skill02_hit	0	8006技能2受击	6	0.81	1	0	0	0	0		1	1
800631	fx_8006_skill03	0	8006技能3	6	3.11	1	0	0	0	0		1	1
800632	fx_8006_skill03_hit	0	8006技能3受击	6	4.61	1	0	0	0	0		1	1
800641	fx_8006_skill04	0	8006技能4	6	3.04	1	0	0	0	0		1	1
800642	fx_8006_skill04_hit	0	8006技能4受击	6	0.85	1	0	0	0	0		1	1
800651	fx_8006_skill05	0	8006技能5	6	2.87	1	0	0	0	0		1	1
8006551	fx_8006_skill05_buff_L	0	8006技能5BUFF1	6	9999	2	Wrist_L	0	0	0		1	1
8006552	fx_8006_skill05_buff_R	0	8006技能5BUFF2	6	9999	2	Wrist_R	0	0	0		1	1
116008111	fx_116008_skill01	0	116008技能1	6	1.32	1	0	0	0	0		1	1
116008112	fx_116008_skill01_weapon	0	116008技能1武器绑定	6	0.89	2	Bip001 Prop1	0	0	0		1	1
11600812	fx_116008_skill01_hit	0	116008技能1受击	6	1.96	1	0	0	0	0		1	1
11600821	fx_116008_skill02	0	116008技能2	6	2.21	1	0	0	0	0		1	1
11600831	116008_skill03_TL_new	0	116008大招	6	0	4	0	0	0	0		1	1
11600832	fx_ 116008_skill03_hit	0	116008大招受击	6	0.62	1	0	0	0	0		1	1
13700811	fx_137008_skill01	0	137008技能1	6	3.86	1	0	0	0	0		1	1
13700812	fx_137008_skill01_hit	0	137008技能1受击	6	3.32	3	0	0	0	0		1	1
13700821	fx_137008_skill02	0	137008技能2	6	2.33	1	0	0	0	0		1	1
13700822	fx_137008_skill02_hit	0	137008技能2受击	6	1.1	1	0	0	0	0		1	1
13700823	fx_137008_skill02_zidan	0	137008技能2子弹	6	3.26	1	0	0	0	0		1	1
13700831	137008_skill03_TL	0	137008大招	6	0	4	0	1	0	0		1	1
13700832	fx_137008_skill03_hit	0	137008大招受击	6	1.81	1	0	0	0	0		1	1
11600111	fx_116001_skill01	0	116001技能1	6	3.5	1	0	0	0	0		1	1
11600121	fx_116001_skill02	0	116001技能2	6	4.83	1	0	0	0	0		1	1
11600141	fx_116001_skill04	0	116001技能4	6	2.37	1	0	0	0	0		1	1
11600131	116001_skill03_TL	0	116001大招	6	0	4	0	0	0	0		1	1
11600132	fx_116001_skill03_hit	0	116001大招受击	6	1.63	1	0	0	0	0		1	1
41801011	fx_418010_skill01	0	418010技能1	6	3.39	1	0	0	0	0		1	1
41801012	fx_418010_skill01_hit	0	418010技能1受击	6	5.64	1	0	0	0	0		1	1
41801022	fx_418010_skill02_hit	0	418010技能2受击	6	4.96	1	0	0	0	0		1	1
41801031	fx_418010_skill03	0	418010技能3	6	3.54	1	0	0	0	0		1	1
41801032	fx_418010_skill03_hit	0	418010技能3受击	6	3.67	1	0	0	0	0		1	1
41801041	fx_418010_skill04	0	418010技能4	6	3.1	1	0	0	0	0		1	1
41801051	fx_418010_skill05	0	418010技能5	6	2.5	1	0	0	0	0		1	1
418010551	fx_418010_skill05_buffloop	0	418010技能5buff	6	9999	1	0	0	0	0		1	1
41801001	418010_skill0_TL	0	418010大招	6	0	4	0	0	0	0		1	1
41801002	fx_418010_skill0_hit	0	418010大招受击	6	1.67	1	0	0	0	0		1	1
14000811	fx_140008_skill01	0	140008技能1	6	4.36	1	0	0	0	0	fx_140008_M_skill01	1	1
14000812	fx_140008_skill01_hit	0	140008技能1受击	6	5	1	0	0	0	0		1	1
14000821	fx_140008_skill02	0	140008技能2	6	2.04	1	0	0	0	0	fx_140008_M_skill02	1	1
14000822	fx_140008_skill02_hit	0	140008技能2受击	6	5.65	1	0	0	0	0		1	1
14000831	140008_skill03_TL	0	140008大招	6	0	4	0	0	0	0		1	1
14000832	fx_140008_skill03_hit	0	140008大招受击	6	2.44	1	0	0	0	0		1	1
14000861	fx_14000850_skill01	0	14000850技能1	6	4.36	1	0	0	0	0	fx_140008_M_skill01	1	1
14000862	fx_14000850_skill01_hit	0	14000850技能1受击	6	5	1	0	0	0	0		1	1
14000871	fx_14000850_skill02	0	14000850技能2	6	2.04	1	0	0	0	0	fx_140008_M_skill02	1	1
14000872	fx_14000850_skill02_hit	0	14000850技能2受击	6	5.65	1	0	0	0	0		1	1
12900111	fx_129001_skill01	0	129001技能1	6	3	1	0	0	0	0		1	1
12900121	fx_129001_skill02	0	129001技能2	6	4.27	1	0	0	0	0		1	1
12900122	fx_129001_skill02_hit	0	129001技能2受击	6	3.49	1	0	0	0	0		1	1
12900131	129001_skill03_TL	0	129001大招	6	0	4	0	0	0	0		1	1
12900132	fx_129001_skill03_hit	0	129001大招受击	6	2	3	0	0	0	0		1	1
11300211	fx_113002_skill01	0	113002技能1	6	4.88	1	0	0	0	0		1	1
11300221	fx_113002_skill02	0	113002技能2	6	5.5	1	0	0	0	0		1	1
11300222	fx_113002_skill02_hit	0	113002技能2受击	6	2.56	1	0	0	0	0		1	1
11300231	113002_skill03_TL	0	113002大招	6	0	4	0	0	0	0		1	1
11300232	fx_113002_skill03_hit	0	113002大招受击	6	2.54	1	0	0	0	0		1	1
11400211	fx_114002_skill01	0	114002技能1	6	2.5	1	0	0	0	0		1	1
11400212	fx_114002_skill01_hit	0	114002技能1受击	6	1.05	1	0	0	0	0		1	1
11400213	fx_114002_skill01_zidan	0	114002技能1子弹	6	0.88	1	0	0	0	0		1	1
11400221	fx_114002_skill02	0	114002技能2	6	3.73	1	0	0	0	0		1	1
11400222	fx_114002_skill02_buff	0	114002技能2buff	6	2.03	1	0	0	0	0		1	1
11400231	114002_skill03_TL	0	114002大招	6	0	4	0	0	0	0		1	1
11400232	fx_114002_skill03_hit	0	114002大招受击	6	2.22	1	0	0	0	0		1	1
114002261	fx_114002_buff	0	114002技能2护盾	6	9999	1	0	0	1	0		1	1
114002262	fx_114002_buff_break	0	114002技能2护盾结束	6	1.73	1	0	0	0	0		1	1
13800811	fx_138008_skill01	0	138008技能1	6	3	1	0	0	0	0		1	1
13800821	fx_138008_skill02	0	138008技能2	6	3.75	1	0	0	0	0		1	1
13800822	fx_138008_skill02_hit	0	138008技能2受击	6	0.99	1	0	0	0	0		1	1
13800831	138008_skill03_TL	0	138008大招	6	0	4	0	0	0	0		1	1
13800832	fx_138008_skill03_hit	0	138008大招受击	6	2.53	1	0	0	0	0		1	1
13800111	fx_138001_skill01	0	138001技能1	6	3.78	1	0	0	0	0		1	1
13800112	fx_138001_skill01_hit	0	138001技能1受击	6	3.93	1	0	0	0	0		1	1
13800121	fx_138001_skill02	0	138001技能2	6	3.91	1	0	0	0	0		1	1
13800122	fx_138001_skill02_buff	0	138001技能2BUFF	6	5.67	3	0	0	0	0		1	1
13800131	138001_skill03_TL	0	138001大招	6	0	4	0	0	0	0		1	1
13800132	fx_138001_skill03_buff	0	138001大招BUFF	6	1.92	1	0	0	0	0		1	1
13500811	fx_135008_skill01	0	135008技能1	6	3.15	1	0	0	0	0		1	1
13500812	fx_135008_skill01_buff	0	135008技能1buff	6	1.56	3	0	0	0	0		1	1
13500821	fx_135008_skill02	0	135008技能2	6	3	1	0	0	0	0		1	1
13500822	fx_135008_skill02_buff	0	135008技能2buff	6	2.22	1	0	0	0	0		1	1
13500831	135008_skill03_TL	0	135008大招	6	0	4	0	1	0	0		1	1
135008311	13500802_skill03_TL	0	135008大招	6	0	4	0	1	0	0		1	1
13500832	fx_135008_skill03_hit	0	135008大招受击	6	1.52	1	0	0	0	0		1	1
135008601	fx_13500802_enter	0	13500802入场	6	3.2	1	0	0	0	0		1	1
135008611	fx_13500802_skill01	0	135008技能1	6	3.55	1	0	0	0	0		1	1
135008612	fx_13500802_skill01_buff	0	135008技能1buff	6	2.29	3	0	0	0	0		1	1
135008621	fx_13500802_skill02	0	135008技能2	6	3.43	1	0	0	0	0		1	1
135008622	fx_13500802_skill02_buff	0	135008技能2buff	6	2.22	1	0	0	0	0		1	1
80300811	fx_803008_skill01	0	803008技能1	6	4	1	0	0	0	0		1	1
80300812	fx_803008_skill01_hit	0	803008技能1受击	6	1.1	1	0	0	0	0		1	1
80300813	fx_803008_skill01_zidan	0	803008技能1子弹	6	1	1	0	0	0	0		1	1
80300821	fx_803008_skill02	0	803008技能2	6	5.4	1	0	0	0	0		1	1
80300822	fx_803008_skill02_buff	0	803008技能2buff	6	5.3	3	0	0	0	0		1	1
80300841	fx_803008_skill04	0	803008技能4	6	5	1	0	0	0	0		1	1
80300842	fx_803008_skill04_hit	0	803008技能4受击	6	4.5	1	0	0	0	0		1	1
80300831	803008_skill03_TL	0	803008大招	6	0	4	0	0	0	0		1	1
80300832	fx_803008_skill03_hit	0	803008大招受击	6	1.8	1	0	0	0	0		1	1
80100811	fx_801008_skill01	0	801008技能1	6	4.31	1	0	0	0	0		1	1
80100812	fx_801008_skill01_hit	0	801008技能1受击	6	3.3	1	0	0	0	0		1	1
80100821	fx_801008_skill02	0	801008技能2	6	4.89	1	0	0	0	0		1	1
80100822	fx_801008_skill02_hit	0	801008技能2受击	6	4.59	1	0	0	0	0		1	1
80100831	801008_skill03_TL	0	801008大招	6	0	4	0	0	0	0		1	1
80100832	fx_801008_skill03_hit	0	801008大招受击	6	1.3	1	0	0	0	0		1	1
12700111	fx_127001_skill01	0	127001技能1	6	4.34	1	0	0	0	0		1	1
12700112	fx_127001_skill01_hit	0	127001技能1受击	6	1.47	1	0	0	0	0		1	1
12700113	fx_127001_skill01_zidan	0	127001技能1子弹	6	3.88	2	Root_M Prop1	0	0	0		1	1
12700121	fx_127001_skill02	0	127001技能2	6	3.87	1	0	0	0	0		1	1
12700122	fx_127001_skill02_hit	0	127001技能2受击	6	5.35	1	0	0	0	0		1	1
12700123	fx_127001_skill02_zidan	0	127001技能2子弹	6	4.35	2	Root_M Prop2	0	0	0		1	1
12700131	127001_skill03_TL	0	127001大招	6	0	4	0	0	0	0		1	1
127001311	12700150_skill03_TL	0	127001大招	6	0	4	0	0	0	0		1	1
12700132	fx_127001_skill03_hit	0	127001大招受击	6	1.8	1	0	0	0	0		1	1
127001601	fx_12700150_enter	0	12700150入场	6	6.68	1	0	0	0	0		1	1
127001611	fx_12700150_skill01	0	127001技能1	6	5.24	1	0	0	0	0		1	1
127001612	fx_12700150_skill01_hit	0	127001技能1受击	6	1.76	1	0	0	0	0		1	1
127001613	fx_12700150_skill01_zidan	0	127001技能1子弹	6	4.05	2	Root_M Prop1	0	0	0		1	1
127001621	fx_12700150_skill02	0	127001技能2	6	3.87	1	0	0	0	0		1	1
127001622	fx_12700150_skill02_hit	0	127001技能2受击	6	5.35	1	0	0	0	0		1	1
127001623	fx_12700150_skill02_zidan	0	127001技能2子弹	6	5.41	2	Root_M Prop2	0	0	0		1	1
80200811	fx_802008_skill01	0	802008技能1	6	5.23	1	0	0	0	0		1	1
80200812	fx_802008_skill01_hit	0	802008技能1受击	6	1.6	1	0	0	0	0		1	1
80200821	fx_802008_skill02	0	802008技能2	6	4.5	1	0	0	0	0		1	1
80200831	802008_skill03_TL	0	802008大招	6	0	4	0	0	0	0		1	1
80200832	fx_802008_skill03_hit	0	802008大招受击	6	2.01	1	0	0	0	0		1	1
404711	fx_4047_skill01	0	4047技能1	6	3.83	1	0	0	0	0		1	1
404721	fx_4047_skill02	0	4047技能2	6	3.68	1	0	0	0	0		1	1
404701	4047_skill03_TL	0	4047大招	6	0	4	0	0	0	0		1	1
404702	fx_4047_skill03_hit	0	4047大招受击	6	0.72	1	0	0	0	0		1	1
4046111	fx_4046_skill01	0	4046技能1	6	2.5	1	0	0	0	0		1	1
4046112	fx_4046_skill01_bone025	0	4046技能1_骨骼	6	1.33	2	bone025	0	0	0		1	1
404612	fx_4046_skill01_hit	0	4046技能1受击	6	3.15	1	0	0	0	0		1	1
404621	fx_4046_skill02	0	4046技能2	6	4.34	1	0	0	0	0		1	1
404622	fx_4046_skill02_buff_loop	0	4046技能2buff（loop）	6	9999	1	0	0	0	0		1	1
404601	4046_skill03_TL	0	4046大招	6	0	4	0	0	0	0		1	1
4046021	fx_4046_skill03_buff	0	4046大招buff	6	9999	1	0	0	1	0		1	1
4046022	fx_4046_skill03_buff_end	0	4046大招buff结束	6	1.6	1	0	0	0	0		1	1
106311	fx_1063_skill01	0	1063技能1	6	5.26	1	0	0	0	0		1	1
106321	fx_1063_skill02	0	1063技能2	6	2.5	1	0	0	0	0		1	1
106322	fx_1063_skill02_hit	0	1063技能2受击	6	3.51	1	0	0	0	0		1	1
106301	fx_1063_skill03	0	1063技能3	6	4	1	0	0	0	0		1	1
106411	fx_1064_skill01	0	1064技能1	6	5.26	1	0	0	0	0		1	1
106421	fx_1064_skill02	0	1064技能2	6	2.5	1	0	0	0	0		1	1
106422	fx_1064_skill02_hit	0	1064技能2受击	6	3.51	1	0	0	0	0		1	1
106401	fx_1064_skill03	0	1064技能3	6	4	1	0	0	0	0		1	1
106511	fx_1065_skill01	0	1065技能1	6	5.26	1	0	0	0	0		1	1
106521	fx_1065_skill02	0	1065技能2	6	2.5	1	0	0	0	0		1	1
106522	fx_1065_skill02_hit	0	1065技能2受击	6	3.51	1	0	0	0	0		1	1
106501	fx_1065_skill03	0	1065技能3	6	4	1	0	0	0	0		1	1
106611	fx_1066_skill01	0	1066技能1	6	5.26	1	0	0	0	0		1	1
106621	fx_1066_skill02	0	1066技能2	6	2.5	1	0	0	0	0		1	1
106622	fx_1066_skill02_hit	0	1066技能2受击	6	3.51	1	0	0	0	0		1	1
106601	fx_1066_skill03	0	1066技能3	6	4	1	0	0	0	0		1	1
801101	8011_skill0_TL	0	8011大招	6	0	4	0	0	0	0		1	1
801102	fx_8011_skill0_hit	0	8011大招受击	6	3.5	1	0	0	0	0		1	1
801111	fx_8011_skill01	0	8011技能1	6	3.24	1	0	0	0	0		1	1
801112	fx_8011_skill01_hit	0	8011技能1受击	6	4	1	0	0	0	0		1	1
801113	fx_8011_skill01_zidan	0	8011技能1子弹	6	0.86	1	0	0	0	0		1	1
801121	fx_8011_skill02	0	8011技能2	6	6.3	1	0	0	0	0		1	1
801122	fx_8011_skill02_hit	0	8011技能2受击	6	6.76	1	0	0	0	0		1	1
801131	fx_8011_skill03	0	8011技能3	6	4.37	1	0	0	0	0		1	1
801132	fx_8011_skill03_hit	0	8011技能3受击	6	2.81	1	0	0	0	0		1	1
13600811	fx_136008_skill01	0	136008技能1	6	2.6	1	0	0	0	0		1	1
13600812	fx_136008_skill01_hit	0	136008技能1受击	6	3.56	1	0	0	0	0		1	1
13600813	fx_136008_skill01_zidan	0	136008技能1子弹	6	1	1	0	0	0	0		1	1
13600821	fx_136008_skill02	0	136008技能2	6	1.9	1	0	0	0	0		1	1
13600822	fx_136008_skill02_hit	0	136008技能2受击	6	1.1	1	0	0	0	0		1	1
13600823	fx_136008_skill02_zidan	0	136008技能2子弹	6	1	1	0	0	0	0		1	1
13600831	136008_skill03_TL	0	136008大招	6	0	4	0	0	0	0		1	1
13600832	fx_136008_skill03_hit	0	136008大招受击	6	2	1	0	0	0	0		1	1
136008311	13600850_skill03_TL	0	136008大招	6	0	4	0	0	0	0		1	1
13900811	fx_139008_skill01	0	139008技能1	6	3.81	1	0	0	0	0		1	1
13900821	fx_139008_skill02	0	139008技能2	6	4.26	1	0	0	0	0		1	1
13900831	139008_skill03_TL	0	139008大招	6	0	4	0	0	0	0		1	1
13900832	fx_139008_skill03_hit	0	139008大招受击	6	1.92	1	0	0	0	0		1	1
136008601	fx_13600850_enter	0	136008入场	6	4.54	1	0	0	0	0		1	1
136008611	fx_13600850_skill01	0	136008技能1	6	4.85	1	0	0	0	0		1	1
136008612	fx_13600850_skill01_hit	0	136008技能1受击	6	5.07	1	0	0	0	0		1	1
136008613	fx_13600850_skill01_zidan	0	136008技能1子弹	6	1.47	1	0	0	0	0		1	1
136008621	fx_13600850_skill02	0	136008技能2	6	5.02	1	0	0	0	0		1	1
136008622	fx_13600850_skill02_buff	0	136008技能2受击	6	5.84	1	0	0	0	0		1	1
136008623	fx_13600850_skill02_zidan	0	136008技能2子弹	6	1.62	1	0	0	0	0		1	1
14400811	fx_144008_skill01	0	144008技能1	6	2.34	1	0	0	0	0		1	1
14400812	fx_144008_skill01_hit	0	144008技能1受击	6	3.95	1	0	0	0	0		1	1
14400813	fx_144008_skill01_zidan	0	144008技能1子弹	6	2.41	2	Bone0444_tx_guadian	0	0	0		1	1
14400821	fx_144008_skill02	0	144008技能2	6	2.1	1	0	0	0	0		1	1
14400822	fx_144008_skill02_hit	0	144008技能2受击	6	2.44	1	0	0	0	0		1	1
14400831	144008_skill03_TL	0	144008大招	6	0	4	0	0	0	0		1	1
14400832	fx_144008_skill03_hit	0	144008大招受击	6	1.84	1	0	0	0	0		1	1
14400111	fx_144001_skill01	0	144001技能1	6	3.74	1	0	0	0	0		1	1
14400112	fx_144001_skill01_hit	0	144001技能1受击	6	4.51	1	0	0	0	0		1	1
14400141	fx_144001_skill02_zengyi	0	144001技能2增益	6	4.12	1	0	0	0	0		1	1
14400142	fx_144001_skill02_buff	0	144001技能2增益buff	6	4.03	1	0	0	0	0		1	1
14400121	fx_144001_skill02_jianyi	0	144001技能2减益	6	4.08	1	0	0	0	0		1	1
14400122	fx_144001_skill02_debuff	0	144001技能2减益debuff	6	3.73	1	0	0	0	0		1	1
14400131	144001_skill03_TL	0	144001大招	6	0	4	0	0	0	0		1	1
14400132	fx_144001_skill03_hit	0	144001大招受击	6	1.28	1	0	0	0	0		1	1
80400811	fx_804008_skill01	0	804008技能1	6	3.45	1	0	0	0	0		1	1
80400821	fx_804008_skill02	0	804008技能2	6	4.38	1	0	0	0	0		1	1
80400831	804008_skill03_TL	0	804008大招	6	0	4	0	0	0	0		1	1
80400832	fx_804008_skill03_hit	0	804008大招受击	6	1.07	1	0	0	0	0		1	1
80500811	fx_805008_skill01	0	805008技能1	6	3.65	1	0	0	0	0		1	1
805008131	fx_805008_skill01_bullet01	0	805008技能1子弹1	6	1.64	1	0	0	0	0		1	1
805008132	fx_805008_skill01_bullet02	0	805008技能1子弹2	6	1.64	1	0	0	0	0		1	1
805008121	fx_805008_skill01_hit01	0	805008技能1受击1	6	1.75	1	0	0	0	0		1	1
805008122	fx_805008_skill01_hit02	0	805008技能1受击2	6	1.75	1	0	0	0	0		1	1
80500821	fx_805008_skill02	0	805008技能2	6	4.07	1	0	0	0	0		1	1
80500822	fx_805008_skill02_buff	0	805008技能2受击	6	4.1	3	0	0	0	0		1	1
80500831	805008_skill03_TL	0	805008大招	6	0	4	0	0	0	0		1	1
80500832	fx_805008_skill03_hit	0	805008大招受击	6	2.17	1	0	0	0	0		1	1
80600811	fx_806008_skill01	0	806008技能1	6	3.39	1	0	0	0	0		1	1
80600821	fx_806008_skill02	0	806008技能2	6	2.74	1	0	0	0	0		1	1
80600831	806008_skill03_TL	0	806008大招	6	0	4	0	0	0	0		1	1
80600832	fx_806008_skill03_hit	0	806008大招受击	6	1.74	1	0	0	0	0		1	1
106711	fx_1067_skill01	0	1067技能1	6	2.88	1	0	0	0	0		1	1
106712	fx_1067_skill01_buff	0	1067技能1buff	6	2.5	1	0	0	0	0		1	1
106721	fx_1067_skill02	0	1067技能2	6	3.21	1	0	0	0	0		1	1
106722	fx_1067_skill02_hit	0	1067技能2受击	6	1.02	1	0	0	0	0		1	1
106723	fx_1067_skill02_zidan	0	1067技能2子弹	6	1.36	1	0	0	0	0		1	1
106731	fx_1067_skill03	0	1067技能3	6	4	1	0	0	0	0		1	1
106732	fx_1067_skill03_buff	0	1067技能3buff	6	4	1	0	0	0	0		1	1
106911	fx_1069_skill01	0	1069技能1	6	2.45	1	0	0	0	0		1	1
106913	fx_1069_skill01_bullet	0	1069技能1子弹	6	0.85	1	0	0	0	0		1	1
106912	fx_1069_skill01_hit	0	1069技能1受击	6	1.56	1	0	0	0	0		1	1
106921	fx_1069_skill02	0	1069技能2	6	5.14	1	0	0	0	0		1	1
106922	fx_1069_skill02_buff	0	1069技能2buff	6	4.99	1	0	0	0	0		1	1
106931	fx_1069_skill03	0	1069技能3	6	4.12	1	0	0	0	0		1	1
106933	fx_1069_skill03_bullet	0	1069技能3子弹	6	0.98	1	0	0	0	0		1	1
106932	fx_1069_skill03_hit	0	1069技能3受击	6	1.55	1	0	0	0	0		1	1
107011	fx_1070_skill01	0	1070技能1	6	2.32	1	0	0	0	0		1	1
107021	fx_1070_skill02	0	1070技能2	6	1.23	1	0	0	0	0		1	1
1070221	fx_1070_skill02_hit_1	0	1070技能2受击1	6	0.8	1	0	0	0	0		1	1
1070222	fx_1070_skill02_hit_2	0	1070技能2受击2	6	0.8	1	0	0	0	0		1	1
1070223	fx_1070_skill02_hit_3	0	1070技能2受击3	6	0.8	1	0	0	0	0		1	1
1070224	fx_1070_skill02_hit_4	0	1070技能2受击4	6	0.8	1	0	0	0	0		1	1
1070231	fx_1070_skill02_zidan01	0	1070技能2子弹1	6	0.5	1	0	0	0	0		1	1
1070232	fx_1070_skill02_zidan02	0	1070技能2子弹2	6	0.5	1	0	0	0	0		1	1
1070233	fx_1070_skill02_zidan03	0	1070技能2子弹3	6	0.5	1	0	0	0	0		1	1
1070234	fx_1070_skill02_zidan04	0	1070技能2子弹4	6	0.5	1	0	0	0	0		1	1
107031	fx_1070_skill03	0	1070技能3	6	1.68	1	0	0	0	0		1	1
107033	fx_1070_skill03_zidan	0	1070技能3子弹	6	1.15	1	0	0	0	0		1	1
107032	fx_1070_skill03_hit	0	1070技能3受击	6	0.81	1	0	0	0	0		1	1
404801	4048_skill0_TL	0	4048大招	6	0	4	0	0	0	0		1	1
404802	fx_4048_skill0_hit	0	4048大招受击	6	1.85	1	0	0	0	0		1	1
404811	fx_4048_skill01	0	4048技能1	6	1.8	1	0	0	0	0		1	1
404812	fx_4048_skill01_buff01	0	4048技能1buff	6	1.29	1	0	0	0	0		1	1
404821	fx_4048_skill02	0	4048技能2	6	2.85	1	0	0	0	0		1	1
4048221	fx_4048_skill02_buff01	0	4048技能2buff	6	2	1	0	0	0	0		1	1
4048222	fx_4048_skill02_buff02	0	4048技能2buff	6	2	1	0	0	0	0		1	1
4048223	fx_4048_skill02_buff03	0	4048技能2buff	6	2	1	0	0	0	0		1	1
4048224	fx_4048_skill02_buff04	0	4048技能2buff	6	2.4	1	0	0	0	0		1	1
404822	fx_4048_skill02_hit	0	4048技能2受击	6	3.85	1	0	0	0	0		1	1
404831	fx_4048_skill03	0	4048技能3	6	3.17	1	0	0	0	0		1	1
404832	fx_4048_skill03_hit	0	4048技能3受击	6	4.1	1	0	0	0	0		1	1
414037421	414037_skill04_01	0	414037技能4buff1	6	9999	1	0	0	0	0		1	1
414037422	414037_skill04_02	0	414037技能4buff2	6	9999	1	0	0	0	0		1	1
414037423	414037_skill04_03	0	414037技能4buff3	6	9999	1	0	0	0	0		1	1
414037424	414037_skill04_04	0	414037技能4buff4	6	9999	1	0	0	0	0		1	1
414037425	414037_skill04_05	0	414037技能4buff5	6	9999	1	0	0	0	0		1	1
414037426	414037_skill04_06	0	414037技能4buff6	6	9999	1	0	0	0	0		1	1
414037427	414037_skill04_ed_01	0	414037技能4buff结束1	6	1.9	1	0	0	0	0		1	1
414037428	414037_skill04_ed_02	0	414037技能4buff结束2	6	2.2	1	0	0	0	0		1	1
41403741	414037_skill04_op	0	414037技能4	6	3.5	1	0	0	0	0		1	1
14100811	fx_141008_skill01_Bip002	0	141008技能1	6	4.18	2	Bip002	0	0	0		1	1
14100812	fx_141008_skill01_hit	0	141008技能1受击	6	3.42	1	0	0	0	0		1	1
14100821	fx_141008_skill02_Bip002	0	141008技能2	6	3.3	2	Bip002	0	0	0		1	1
14100822	fx_141008_skill02_buff	0	141008技能2buff	6	3.13	1	0	0	0	0		1	1
14100831	141008_skill03_TL	0	141008大招	6	0	4	0	0	0	0		1	1
141008311	14100850_skill03_TL	0	141008大招	6	0	4	0	0	0	0		1	1
14100832	fx_141008_skill03_hit	0	141008大招受击	6	3	1	0	0	0	0		1	1
141008601	fx_14100850_enter	0	14100850入场	6	4	1	0	0	0	0		1	1
141008611	fx_14100850_skill01_Bip002	0	141008技能1	6	4.18	2	Bip002	0	0	0		1	1
141008612	fx_14100850_skill01_hit	0	141008技能1受击	6	3.42	1	0	0	0	0		1	1
141008621	fx_14100850_skill02_Bip002	0	141008技能2	6	3.3	2	Bip002	0	0	0		1	1
141008622	fx_14100850_skill02_buff	0	141008技能2buff	6	3.13	1	0	0	0	0		1	1
414037471	414037_skill04_01	0	414037技能4buff1	6	1.1	1	0	0	0	0		1	1
414037472	414037_skill04_02	0	414037技能4buff2	6	1.1	1	0	0	0	0		1	1
414037473	414037_skill04_03	0	414037技能4buff3	6	1.1	1	0	0	0	0		1	1
414037474	414037_skill04_04	0	414037技能4buff4	6	1.1	1	0	0	0	0		1	1
414037475	414037_skill04_05	0	414037技能4buff5	6	1.1	1	0	0	0	0		1	1
414037476	414037_skill04_06	0	414037技能4buff6	6	1.1	1	0	0	0	0		1	1
12900211	fx_129002_skill01	0	129002技能1	6	3	1	0	0	0	0		1	1
12900221	fx_129002_skill02	0	129002技能2	6	4.27	1	0	0	0	0		1	1
12900222	fx_129002_skill02_hit	0	129002技能2受击	6	3.49	1	0	0	0	0		1	1
12900231	129002_skill03_TL	0	129002大招	6	0	4	0	0	0	0		1	1
12900232	fx_129002_skill03_hit	0	129002大招受击	6	2	3	0	0	0	0		1	1
129002311	12900250_skill03_TL	0	12900250大招	6	0	4	0	0	0	0		1	1
129002601	fx_12900250_enter	0	12900250入场	6	4.6	1	0	0	0	0		1	1
129002611	fx_12900250_skill01	0	129002技能1	6	3.43	1	0	0	0	0		1	1
129002621	fx_12900250_skill02	0	129002技能2	6	4.42	1	0	0	0	0		1	1
129002622	fx_12900250_skill02_hit	0	129002技能2受击	6	3.73	1	0	0	0	0		1	1
129002632	fx_12900250_skill03_hit	0	129002大招受击	6	4	3	0	0	0	0		1	1
12000811	fx_120008_skill01	0	120008技能1	6	3.9	1	0	0	0	0		1	1
12000821	fx_120008_skill02	0	120008技能2	6	2.27	1	0	0	0	0		1	1
12000822	fx_120008_skill02_buff	0	120008技能2buff	6	2.54	1	0	0	0	0		1	1
12000831	120008_skill03_TL	0	120008大招	6	0	4	0	0	0	0		1	1
120008321	fx_120008_skill03_buff	0	120008大招buff	6	1.37	1	0	0	0	0		1	1
120008322	fx_120008_skill03_hit	0	120008大招受击	6	2.29	1	0	0	0	0		1	1
12500811	fx_125008_skill01	0	125008技能1	6	3.45	1	0	0	0	0		1	1
12500812	fx_125008_skill01_hit	0	125008技能1受击	6	3.73	1	0	0	0	0		1	1
12500821	fx_125008_skill02	0	125008技能2	6	2.41	1	0	0	0	0		1	1
12500822	fx_125008_skill02_hit	0	125008技能2受击	6	2.83	1	0	0	0	0		1	1
12500831	125008_skill03_TL	0	125008大招	6	0	4	0	0	0	0		1	1
12500832	fx_125008_skill03_hit	0	125008大招受击	6	2.18	1	0	0	0	0		1	1
11900811	fx_119008_skill01	0	119008技能1	6	2.43	1	0	0	0	0		1	1
11900812	fx_119008_skill01_hit	0	119008技能1受击	6	3.49	1	0	0	0	0		1	1
11900821	fx_119008_skill02	0	119008技能2	6	2.97	1	0	0	0	0		1	1
11900822	fx_119008_skill02_hit	0	119008技能2受击	6	5.59	1	0	0	0	0		1	1
11900831	119008_skill03_TL	0	119008大招	6	0	4	0	0	0	0		1	1
11900832	fx_119008_skill03_hit	0	119008大招受击	6	1.6	1	0	0	0	0		1	1
12200811	fx_122008_skill01	0	122008技能1	6	5.62	1	0	0	0	0		1	1
12200821	fx_122008_skill02	0	122008技能2	6	3.43	1	0	0	0	0		1	1
122008221	fx_122008_skill02_loop	0	122008技能2loop	6	9999	1	0	0	0	0		1	1
122008222	fx_122008_skill02_end	0	122008技能2end	6	1.14	1	0	0	0	0		1	1
12200831	122008_skill03_TL	0	122008大招	6	0	4	0	0	0	0		1	1
12200832	fx_122008_skill03_hit	0	122008大招受击	6	1.46	1	0	0	0	0		1	1
12200841	fx_122008_skill04	0	122008技能4	6	4.58	1	0	0	0	0		1	1
12200851	fx_122008_skill05	0	122008技能5	6	3.96	1	0	0	0	0		1	1
12200852	fx_122008_skill05_buff	0	122008技能5buff	6	3.97	1	0	0	0	0		1	1
12200861	fx_122008_skill06	0	122008技能6	6	3.17	1	0	0	0	0		1	1
143008111	fx_143008_skill01_Root_M Prop1	0	143008技能1	6	3.58	2	Root_M Prop1	0	0	0		1	1
143008112	fx_143008_skill01_Root_M Prop2	0	143008技能1	6	3.58	2	Root_M Prop2	0	0	0		1	1
143008113	fx_143008_skill01_Root_M Prop3	0	143008技能1	6	3.58	2	Root_M Prop3	0	0	0		1	1
14300812	fx_143008_skill01_hit	0	143008技能1受击	6	3.55	1	0	0	0	0		1	1
143008211	fx_143008_skill02	0	143008技能2	6	4.59	1	0	0	0	0		1	1
143008212	fx_143008_skill02_Root_M Prop3	0	143008技能2	6	4.59	2	Root_M Prop3	0	0	0		1	1
14300822	fx_143008_skill02_hit	0	143008技能2受击	6	4.81	1	0	0	0	0		1	1
14300831	143008_skill03_TL	0	143008大招	6	0	4	0	0	0	0		1	1
14300832	fx_143008_skill03_hit	0	143008大招受击	6	2.93	1	0	0	0	0		1	1
14900811	fx_149008_skill01	0	149009技能1	6	4.23	1	0	0	0	0		1	1
14900821	fx_149008_skill02	0	149008技能2	6	3.14	1	0	0	0	0		1	1
14900822	fx_149008_skill02_hit	0	149008技能2受击	6	0.68	1	0	0	0	0		1	1
14900831	149008_skill03_TL	0	149008大招	6	0	4	0	0	0	0		1	1
149008311	14900850_skill03_TL	0	149008大招	6	0	4	0	0	0	0		1	1
14900832	fx_149008_skill03_hit	0	149008大招受击	6	1.78	1	0	0	0	0		1	1
801311	fx_8013_skill01	0	8013技能1	6	4.35	1	0	0	0	0		1	1
801312	fx_8013_skill01_hit	0	8013技能1受击	6	3.95	1	0	0	0	0		1	1
801321	fx_8013_skill02	0	8013技能2	6	6.5	1	0	0	0	0		1	1
801322	fx_8013_skill02_hit	0	8013技能2受击	6	6	1	0	0	0	0		1	1
801301	8013_skill0_TL	0	8013大招	6	0	4	0	0	0	0		1	1
15200811	fx_152008_skill01	0	152008技能1	6	4.54	1	0	0	0	0		1	1
15200821	fx_152008_skill02	0	152008技能2	6	3.11	1	0	0	0	0		1	1
15200822	fx_152008_skill02_buff	0	152008技能2buff	6	1.48	1	0	0	0	0		1	1
15200831	152008_skill03_TL	0	152008大招	6	0	4	0	0	0	0		1	1
15200832	fx_152008_skill03_buff	0	152008大招受击	6	2.18	1	0	0	0	0		1	1
103021601	fx_10302150_enter	0	10302150入场	6	4.46	1	0	0	0	0		1	1
103021611	fx_10302150_skill01	0	10302150技能1	6	4.88	1	0	0	0	0		1	1
103021612	fx_10302150_skill01_buff	0	10302150技能1buff	6	4.64	1	0	0	0	0		1	1
103021621	fx_10302150_skill02	0	10302150技能2	6	5	1	0	0	0	0		1	1
103021622	fx_10302150_skill02_buff	0	10302150技能2buff	6	1.76	1	0	0	0	0		1	1
13300811	fx_133008_skill01	0	133008技能1	6	3.09	1	0	0	0	0		1	1
13300812	fx_133008_skill01_hit	0	133008技能1受击	6	1.35	1	0	0	0	0		1	1
13300813	fx_133008_skill01_zidan	0	133008技能1子弹	6	1.72	1	0	0	0	0		1	1
13300821	fx_133008_skill02	0	133008技能2	6	3.18	1	0	0	0	0		1	1
13300822	fx_133008_skill02_buff	0	133008技能2buff	6	3.82	1	0	0	0	0		1	1
13300831	133008_skill03_TL	0	133008大招	6	0	4	0	1	0	0		1	1
13300832	fx_133008_skill03_hit	0	133008大招受击	6	1.74	1	0	0	0	0		1	1
13300841	fx_133008_skill04	0	133008技能4	6	3.04	1	0	0	0	0		1	1
13300842	fx_133008_skill04_hit	0	133008技能4受击	6	1.54	1	0	0	0	0		1	1
13300843	fx_133008_skill04_zidan	0	133008技能4子弹	6	1.72	1	0	0	0	0		1	1
107211	fx_1072_skill01	0	1072技能1	6	4	1	0	0	0	0		1	1
107221	fx_1072_skill02	0	1072技能2	6	2.85	1	0	0	0	0		1	1
107222	fx_1072_skill02_buff	0	1072技能2buff	6	1.83	1	0	0	0	0		1	1
107231	fx_1072_skill03	0	1072技能3	6	4.54	1	0	0	0	0		1	1
107111	fx_1071_skill01	0	1071技能1	6	3.7	1	0	0	0	0		1	1
107112	fx_1071_skill01_hit	0	1071技能1受击	6	2.7	1	0	0	0	0		1	1
107121	fx_1071_skill02	0	1071技能2	6	5.14	1	0	0	0	0		1	1
107122	fx_1071_skill02_hit	0	1071技能2buff	6	2.71	1	0	0	0	0		1	1
107131	fx_1071_skill03	0	1071技能3	6	3.07	1	0	0	0	0		1	1
107132	fx_1071_skill03_hit	0	1071技能3受击	6	3.17	1	0	0	0	0		1	1
402401	4024_skill0_TL	0	4024大招	6	0	4	0	0	0	0		1	1
402402	fx_4024_skill0_hit	0	4024大招受击	6	2.3	1	0	0	0	0		1	1
402411	fx_4024_skill01	0	4024技能1	6	3.98	1	0	0	0	0		1	1
402421	fx_4024_skill02	0	4024技能2	6	3.52	1	0	0	0	0		1	1
402431	fx_4024_skill03	0	4024技能3	6	3.94	1	0	0	0	0		1	1
402432	fx_4024_skill03_hit	0	4024技能3受击	6	1	1	0	0	0	0		1	1
15100811	fx_151008_skill01	0	151008技能1	6	3.5	1	0	0	0	0		1	1
15100812	fx_151008_skill01_hit	0	151008技能1受击	6	2.2	1	0	0	0	0		1	1
15100821	fx_151008_skill02	0	151008技能2	6	2.7	1	0	0	0	0		1	1
15100822	fx_151008_skill02_hit	0	151008技能2受击	6	3.1	1	0	0	0	0		1	1
15100831	151008_skill03_TL	0	151008大招	6	0	4	0	0	0	0		1	1
15100832	fx_151008_skill03_hit	0	151008技能3受击	6	1.1	1	0	0	0	0		1	1
15300811	fx_153008_skill01	0	153008技能1	6	2.7	1	0	0	0	0		1	1
15300812	fx_153008_skill01_hit	0	153008技能1受击	6	5.5	1	0	0	0	0		1	1
15300821	fx_153008_skill02	0	153008技能2	6	2	1	0	0	0	0		1	1
15300822	fx_153008_skill02_hit	0	153008技能2受击	6	5	1	0	0	0	0		1	1
15300831	153008_skill03_TL	0	153008技能3	6	0	4	0	0	0	0		1	1
15300832	fx_153008_skill03_hit	0	153008技能3受击	6	1.7	3	0	0	0	0		1	1
15300842	fx_153008_skill04_hit	0	153008技能4受击	6	3	1	0	0	0	0		1	1
153008411	fx_153008_skill04_weapon01_weapon_1_Grp	0	153008技能4weapon	6	3	2	weapon_1_Grp	0	0	0		1	1
153008412	fx_153008_skill04_weapon02_Bone048	0	153008技能4weapon	6	2.7	2	Bone048	0	0	0		1	1
15300851	fx_153008_skill05	0	153008技能5	6	4.2	1	0	0	0	0		1	1
153008551	fx_153008_skill05_weapon01_weapon_1_Grp	0	153008技能5weapon	6	3.5	2	weapon_1_Grp	0	0	0		1	1
153008552	fx_153008_skill05_weapon02_Bone048	0	153008技能5	6	4.8	2	Bone048	0	0	0		1	1
15300852	fx_153008_skill05_hit	0	153008技能5受击	6	3.5	1	0	0	0	0		1	1
15300861	fx_153008_skill06	0	153008技能6转身	6	3.3	1	0	0	0	0		1	1
14800811	fx_148008_skill01	0	148008技能1	6	3.5	1	0	0	0	0		1	1
14800812	fx_148008_skill01_hit	0	148008技能1受击	6	3.7	1	0	0	0	0		1	1
14800821	fx_148008_skill02	0	148008技能2	6	5.4	1	0	0	0	0		1	1
14800831	148008_skill03_TL	0	148008大招	6	0	4	0	0	0	0		1	1
14800832	fx_148008_skill03_hit	0	148008技能3受击	6	2.8	1	0	0	0	0		1	1
1510085011	fx_15100850_skill01	0	15100850技能1	6	3.5	1	0	0	0	0		1	1
1510085012	fx_15100850_skill01_hit	0	15100850技能1受击	6	2.5	1	0	0	0	0		1	1
1510085021	fx_15100850_skill02	0	15100850技能2	6	3	1	0	0	0	0		1	1
1510085022	fx_15100850_skill02_hit	0	15100850技能2受击	6	3.4	1	0	0	0	0		1	1
1510085031	15100850_skill03_TL	0	15100850技能大招	6	0	4	0	0	0	0		1	1
15000811	fx_150008_skill01_weapon_1_Grp	0	150008技能1Bone017	6	3.2	2	weapon_1_Grp	0	0	0		1	1
15000812	fx_150008_skill01_hit	0	150008技能1受击	6	1.2	1	0	0	0	0		1	1
15000821	fx_150008_skill02	0	150008技能2	6	3.7	1	0	0	0	0		1	1
15000822	fx_150008_skill02_buff	0	150008技能2BUFF	6	1.18	1	0	0	0	0		1	1
15000831	150008_skill03_TL	0	150008大招	6	0	4	0	0	0	0		1	1
1520085011	fx_15200850_skill01	0	15200850技能1	6	4.54	1	0	0	0	0		1	1
1520085021	fx_15200850_skill02	0	15200850技能2	6	3.11	1	0	0	0	0		1	1
1520085022	fx_15200850_skill02_buff	0	15200850技能2buff	6	1.48	1	0	0	0	0		1	1
1520085031	15200850_skill03_TL	0	15200850大招	6	0	4	0	0	0	0		1	1
15400811	fx_154008_skill01	0	154008技能1	6	4	1	0	0	0	0		1	1
15400812	fx_154008_skill01_hit	0	154008技能1受击	6	5	1	0	0	0	0		1	1
15400821	fx_154008_skill02	0	154008技能2	6	3.35	1	0	0	0	0		1	1
15400822	fx_154008_skill02_hit	0	154008技能2受击	6	3.3	1	0	0	0	0		1	1
15400831	154008_skill03_TL	0	154008大招	6	0	4	0	0	0	0		1	1
15400832	fx_154008_skill03_hit	0	154008技能3受击	6	2.7	1	0	0	0	0		1	1
14600811	fx_146008_skill01	0	146008技能1	6	3	1	0	0	0	0		1	1
14600821	fx_146008_skill02	0	146008技能2	6	4	1	0	0	0	0		1	1
14600822	fx_146008_skill02_hit	0	146008技能2受击	6	3.6	1	0	0	0	0		1	1
14600831	146008_skill03_TL	0	146008大招	6	0	4	0	0	0	0		1	1
14600832	fx_146008_skill03_hit	0	146008技能3受击	6	1.5	1	0	0	0	0		1	1
405101	4051_skill0_TL	0	4051大招	6	0	4	0	0	0	0		1	1
405102	fx_4051_skill0_hit	0	4051大招受击	6	2.3	1	0	0	0	0		1	1
405111	fx_4051_skill01	0	4051技能1	6	4.5	1	0	0	0	0		1	1
405112	fx_4051_skill01_hit	0	4051技能1受击	6	4	1	0	0	0	0		1	1
405121	fx_4051_skill02	0	4051技能2	6	5	1	0	0	0	0		1	1
405131	fx_4051_skill03	0	4051技能3	6	2.5	1	0	0	0	0		1	1
405132	fx_4051_skill03_hit	0	4051技能3受击	6	3.3	1	0	0	0	0		1	1
405141	fx_4051_skill04	0	4051技能3	6	5.5	1	0	0	0	0		1	1
405142	fx_4051_skill04_hit	0	4051技能3受击	6	5.5	1	0	0	0	0		1	1
107511	fx_1075_skill01	0	1075技能1	6	3.3	1	0	0	0	0		1	1
107521	fx_1075_skill02	0	1075技能2	6	3.5	1	0	0	0	0		1	1
107522	fx_1075_skill02_hit	0	1075技能2hit	6	2.69	1	0	0	0	0		1	1
107531	fx_1075_skill03	0	1075技能3	6	3.6	1	0	0	0	0		1	1
107532	fx_1075_skill03_hit	0	1075技能3aoe受击	6	4.4	3	0	0	0	0		1	1
107911	fx_1079_skill01	0	1079技能1	6	2.5	1	0	0	0	0		1	1
107912	fx_1079_skill01_hit	0	1079技能1hit	6	3	1	0	0	0	0		1	1
107921	fx_1079_skill02	0	1079技能2	6	2.96	1	0	0	0	0		1	1
107922	fx_1079_skill02_buff	0	1079技能2buff	6	2	1	0	0	0	0		1	1
107923	fx_1079_skill02_zidan	0	1079技能2zidan	6	2	1	0	0	0	0		1	1
107931	fx_1079_skill03	0	1079技能3	6	3	3	0	0	0	0		1	1
107932	fx_1079_skill03_hit	0	1079技能3aoe受击	6	4.7	1	0	0	0	0		1	1
108011	fx_1080_skill01	0	1080技能1	6	3.8	1	0	0	0	0		1	1
108012	fx_1080_skill01_hit	0	1080技能1hit	6	3.28	1	0	0	0	0		1	1
108021	fx_1080_skill02	0	1080技能2	6	3.6	1	0	0	0	0		1	1
108022	fx_1080_skill02_hit	0	1080技能2hit	6	2.1	1	0	0	0	0		1	1
108031	fx_1080_skill03	0	1080技能3	6	6.7	1	0	0	0	0		1	1
108032	fx_1080_skill03_hit	0	1080技能3aoe受击	6	5.5	1	0	0	0	0		1	1
108111	fx_1081_skill01	0	1081技能1	6	2.6	1	0	0	0	0		1	1
108112	fx_1081_skill01_hit	0	1081技能1hit	6	4.8	1	0	0	0	0		1	1
108121	fx_1081_skill02	0	1081技能2	6	3.11	1	0	0	0	0		1	1
108131	fx_1081_skill03	0	1081技能3	6	3.69	1	0	0	0	0		1	1
108132	fx_1081_skill03_hit	0	1081技能3aoe受击	6	5.5	1	0	0	0	0		1	1
108133	fx_1081_skill03_zidan	0	1081技能3子弹	6	1	1	0	0	0	0		1	1
405011	fx_4050_skill01	0	4050技能1	6	1.86	1	0	0	0	0		1	1
405012	fx_4050_skill01_hit	0	4050技能1hit	6	0.72	1	0	0	0	0		1	1
405013	fx_4050_skill01_zidan	0	4050技能1子弹	6	1.07	1	0	0	0	0		1	1
405021	fx_4050_skill02	0	4050技能2	6	3.13	3	0	0	0	0		1	1
405031	fx_4050_skill03	0	4050技能3	6	2.85	1	0	0	0	0		1	1
405032	fx_4050_skill03_hit	0	4050技能3hit	6	2.01	1	0	0	0	0		1	1
405041	fx_4050_skill04	0	4050技能4	6	3.58	3	0	0	0	0		1	1
405001	4050_skill03_TL	0	4050大招	6	0	4	0	0	0	0		1	1
405002	fx_4050_bigskill_hit	0	4050大招hit	6	1	1	0	0	0	0		1	1
801411	fx_8014_skill01	0	8014技能1	6	2.75	1	0	0	0	0		1	1
801412	fx_8014_skill01_hit	0	8014技能1hit	6	2.85	1	0	0	0	0		1	1
801413	fx_8014_skill01_zidan	0	8014技能1hit_zidan	6	1	1	0	0	0	0		1	1
801421	fx_8014_skill02	0	8014_技能2	6	5.2	1	0	0	0	0		1	1
801422	fx_8014_skill02_debuff	0	8014_技能2_延迟aoe	6	5.12	1	0	0	0	0		1	1
801423	fx_8014_skill02_hit	0	8014_技能2_hit	6	1.8	1	0	0	0	0		1	1
801431	fx_8014_skill03	0	8014_技能3	6	4.35	1	0	0	0	0		1	1
801432	fx_8014_skill03_buff01_break	0	8014_技能3_buff01_break	6	1.75	1	0	0	0	0		1	1
801433	fx_8014_skill03_buff01_loop	0	8014_技能3_buff01_loop	6	9999	3	0	0	0	0		1	1
801434	fx_8014_skill03_buff02	0	8014_技能3_buff02	6	1.35	1	0	0	0	0		1	1
801441	fx_8014_skill04	0	8014_技能4	6	2.5	1	0	0	0	0		1	1
801401	8014_skill0_TL	0	8014_技能0TL	6	0	4	0	0	0	0		1	1
801402	fx_8014_skill0_hit	0	8014_技能0-单体-hit	6	1.3	1	0	0	0	0		1	1
107811	fx_1078_skill01_weapon_1_Grp	0	1078技能1骨骼	6	1.75	2	weapon_1_Grp	0	0	0		1	1
107812	fx_1078_skill01_hit	0	1078技能1hit	6	2.2	3	0	0	0	0		1	1
107821	fx_1078_skill02_weapon_1_Grp	0	1078技能2骨骼	6	2.3	2	weapon_1_Grp	0	0	0		1	1
107822	fx_1078_skill02_hit	0	1078技能2hit	6	2.2	3	0	0	0	0		1	1
107831	fx_1078_skill03	0	1078技能3	6	2.39	3	0	0	0	0		1	1
107832	fx_1078_skill03_hit	0	1078技能3aoe受击	6	4.51	1	0	0	0	0		1	1
1330085011	fx_13300850_skill01	0	13300850技能1	6	3.5	3	0	0	0	0		1	1
1330085012	fx_13300850_skill01_hit	0	13300850技能1hit	6	2.2	3	0	0	0	0		1	1
1330085013	fx_13300850_skill01_zidan	0	13300850技能1子弹	6	1.76	1	0	0	0	0		1	1
1330085021	fx_13300850_skill02	0	13300850技能2	6	3.87	3	0	0	0	0		1	1
1330085022	fx_13300850_skill02_buff	0	13300850技能2buff	6	4.55	3	0	0	0	0		1	1
1330085031	13300850_skill03_TL	0	13300850技能3TL	6	0	4	0	0	0	0		1	1
1330085041	fx_13300850_skill04	0	13300850技能4	6	3.5	3	0	0	0	0		1	1
1330085042	fx_13300850_skill04_hit	0	13300850技能4hit	6	2.2	3	0	0	0	0		1	1
1330085043	fx_13300850_skill04_zidan	0	13300850技能4子弹	6	1.76	1	0	0	0	0		1	1
133008601	fx_13300850_enter	0	133008入场特效	6	3.23	1	0	0	0	0		1	1
12600810	fx_126008_skill01	0	126008技能一	6	2.8	1	0	0	0	0		1	1
12600811	fx_126008_skill01_hit	0	126008技能一hit	6	0.75	1	0	0	0	0		1	1
12600820	fx_126008_skill02	0	126008技能二	6	1.5	1	0	0	0	0		1	1
12600821	fx_126008_skill02_hit	0	126008技能二hit	6	1	1	0	0	0	0		1	1
12600822	fx_126008_skill02_zidan	0	126008技能二子弹	6	1.3	1	0	0	0	0		1	1
12600830	fx_126008_skill03_hit	0	126008技能三hit	6	2	1	0	0	0	0		1	1
12600831	126008_skill03_TL	0	126008技能3TL	6	0	4	0	0	0	0		1	1
41100201	fx_411002_skill03	0	411002大招自爆	6	1.85	1	0	0	0	0		1	1
41100202	fx_411002_skill03_hit	0	411002大招自爆hit	6	2.14	1	0	0	0	0		1	1
14700810	fx_147008_skill01	0	147008技能一	6	3	1	0	0	0	0		1	1
14700811	fx_147008_skill01_hit	0	147008技能一hit	6	3	1	0	0	0	0		1	1
14700812	fx_147008_skill01_zidan	0	147008技能一子弹	6	1	1	0	0	0	0		1	1
14700820	fx_147008_skill02	0	147008技能二	6	4.4	1	0	0	0	0		1	1
14700821	fx_147008_skill02_BUFF	0	147008技能二buff	6	5	1	0	0	0	0		1	1
14700830	fx_147008_skill03_hit	0	147008技能三hit	6	2.26	1	0	0	0	0		1	1
14700831	147008_skill03_TL	0	147008技能3TL	6	0	4	0	0	0	0		1	1
15900811	fx_159008_skill01	0	159008技能1	6	3.66	1	0	0	0	0		1	1
15900812	fx_159008_skill01_hit	0	159008技能1hit	6	2.86	1	0	0	0	0		1	1
15900821	fx_159008_skill02	0	159008技能2	6	3.54	1	0	0	0	0		1	1
15900831	159008_skill03_TL	0	159008大招TL	6	0	4	0	0	0	0		1	1
15900832	fx_159008_skill03_hit	0	159008大招hit	6	2.32	1	0	0	0	0		1	1
15900841	fx_159008_skill04	0	159008技能4	6	4.55	1	0	0	0	0		1	1
15900842	fx_159008_skill04_hit	0	159008技能4hit	6	3.34	1	0	0	0	0		1	1
12800810	fx_128008_skill01	0	128008技能1	6	2	1	0	0	0	0		1	1
12800811	fx_128008_skill01_hit	0	128008技能1-hit	6	1.5	1	0	0	0	0		1	1
12800820	fx_128008_skill02	0	128008技能2	6	1	1	0	0	0	0		1	1
12800821	fx_128008_skill02_hit	0	128008技能2--hit-延迟	6	2	1	0	0	0	0		1	1
12800822	fx_128008_skill02_hit01	0	128008技能2--hit	6	2.4	1	0	0	0	0		1	1
12800830	128008_skill03_TL	0	128008技能3-TL	6	0	4	0	0	0	0		1	1
12800831	fx_128008_skill03_hit	0	128008技能3-aoe-hit	6	2.3	1	0	0	0	0		1	1
13100110	fx_131001_skill01	0	131001技能1	6	5	1	0	0	0	0		1	1
13100120	fx_131001_skill02	0	131001技能2	6	3.28	1	0	0	0	0		1	1
13100130	131001_skill03_TL	0	131001大招TL	6	0	4	0	0	0	0		1	1
13100131	fx_131001_skill03_hit	0	131001大招hit	6	2.7	1	0	0	0	0		1	1
16100810	fx_161008_skill01	0	161008技能1	6	2.8	1	0	0	0	0		1	1
16100811	fx_161008_skill01_bullet_01	0	161008技能1子弹1	6	0.4	1	0	0	0	0		1	1
16100812	fx_161008_skill01_bullet_02	0	161008技能1子弹2	6	0.4	1	0	0	0	0		1	1
16100813	fx_161008_skill01_Hit_01	0	161008技能1hit1	6	1.75	1	0	0	0	0		1	1
16100814	fx_161008_skill01_Hit_02	0	161008技能1hit2	6	2.2	1	0	0	0	0		1	1
16100820	fx_161008_skill02	0	161008技能2	6	3.9	1	0	0	0	0		1	1
16100821	fx_161008_skill02_buff	0	161008技能2buff	6	5.2	3	0	0	0	0		1	1
16100830	161008_skill03_TL	0	161008技能3-TL	6	0	4	0	0	0	0		1	1
16100831	fx_161008_skill03_hit	0	161008大招hit	6	2.6	1	0	0	0	0		1	1
16100840	fx_161008_skill04_buff	0	161008被动buff	6	9999	3	0	0	0	0		0	1
1540085011	fx_15400850_skill01	0	15400850技能1	6	4	1	0	0	0	0		1	1
1540085012	fx_15400850_skill01_hit	0	15400850技能1受击	6	5	1	0	0	0	0		1	1
1540085021	fx_15400850_skill02	0	15400850技能2	6	3.35	1	0	0	0	0		1	1
1540085022	fx_15400850_skill02_hit	0	15400850技能2受击	6	3.3	1	0	0	0	0		1	1
1540085031	15400850_skill03_TL	0	15400850大招	6	0	4	0	0	0	0		1	1
1540085032	fx_154008_skill03_hit	0	15400850技能3受击	6	2.7	1	0	0	0	0		1	1
405210	fx_4052_skill01	0	4052技能1	6	3.2	1	0	0	0	0		1	1
405211	fx_4052_skill01_hit	0	4052技能1hit	6	2.4	1	0	0	0	0		1	1
405212	fx_4052_skill01_daodan01	0	4052技能1子弹1	6	1	1	0	0	0	0		1	1
405213	fx_4052_skill01_daodan02	0	4052技能1子弹2	6	1	1	0	0	0	0		1	1
405214	fx_4052_skill01_daodan03	0	4052技能1子弹3	6	1	1	0	0	0	0		1	1
405220	fx_4052_skill02	0	4052技能2	6	5	1	0	0	0	0		1	1
405221	fx_4052_skill02_hit	0	4052技能2hit	6	3.8	1	0	0	0	0		1	1
405240	fx_4052_skill04	0	4052技能4	6	3.4	1	0	0	0	0		1	1
405230	4052_skill0_TL	0	4052大招tl	6	0	4	0	0	0	0		1	1
405231	fx_4052_skill0_hit	0	4052大招hit	6	3.4	1	0	0	0	0		1	1
16000810	fx_160008_skill01	0	160008技能1	6	2.25	1	0	0	0	0		1	1
16000811	fx_160008_skill01_bullet	0	160008技能1子弹	6	1.18	1	0	0	0	0		1	1
16000812	fx_160008_skill01_hit	0	160008技能1hit	6	1.08	1	0	0	0	0		1	1
16000820	fx_160008_skill02	0	160008技能2	6	4	1	0	0	0	0		1	1
16000830	160008_skill03_TL	0	160008大招TL	6	0	4	0	0	0	0		1	1
16000831	fx_160008_skill03_hit	0	160008大招hit	6	2.84	1	0	0	0	0		1	1
15600810	fx_156008_skill01	0	156008技能1	6	1.75	1	0	0	0	0		1	1
15600811	fx_156008_skill01_hit	0	156008技能1hit	6	2.3	1	0	0	0	0		1	1
15600812	fx_156008_skill01_Root_MProp1	0	156008技能1无人机骨骼	6	3.25	2	Root_M Prop1	0	0	0		1	1
15600820	fx_156008_skill02	0	156008技能2	6	2	1	0	0	0	0		1	1
15600821	fx_156008_skill02_Root_MProp1	0	156008技能2无人机骨骼	6	2	2	Root_M Prop1	0	0	0		1	1
15600822	fx_156008_skill02_buff	0	156008技能2无人机骨骼	6	3.7	1	0	0	0	0		1	1
15600830	156008_skill03_TL	0	156008大招TL	6	0	4	0	0	0	0		1	1
15600831	fx_156008_skill03_hit	0	156008大招hit	6	2.5	3	0	0	0	0		1	1
14500810	fx_145008_skill01	0	145008技能1	6	2.98	1	0	0	0	0		1	1
14500820	fx_145008_skill02	0	145008技能2	6	4.44	1	0	0	0	0		1	1
14500830	145008_skill03_TL	0	145008大招TL	6	0	4	0	0	0	0		1	1
14500831	fx_145008_skill03_hit	0	145008大招hit	6	1.5	1	0	0	0	0		1	1
15700810	fx_157008_skill01	0	157008技能1	6	3.2	1	0	0	0	0		1	1
15700811	fx_157008_skill01_hit	0	157008技能1hit	6	2.4	1	0	0	0	0		1	1
15700820	fx_157008_skill02	0	157008技能2	6	4	1	0	0	0	0		1	1
15700821	fx_157008_skill02_hit	0	157008技能2hit	6	2.4	1	0	0	0	0		1	1
15700830	157008_skill03_TL	0	157008大招TL	6	0	4	0	0	0	0		1	1
15700831	fx_157008_skill03_hit	0	157008大招hit	6	2.5	1	0	0	0	0		1	1
15800810	fx_158008_skill01	0	158008技能1	6	2.65	1	0	0	0	0		1	1
15800820	fx_158008_skill02	0	158008技能2	6	4.5	1	0	0	0	0		1	1
15800821	fx_158008_skill02_buff	0	158008技能2buff	6	1.3	1	0	0	0	0		1	1
15800830	158008_skill03_TL	0	158008大招TL	6	0	4	0	0	0	0		1	1
15800831	fx_158008_skill03_buff	0	158008大招buff	6	1.6	1	0	0	0	0		1	1
16300810	fx_163008_skill01	0	163008技能1	6	2.6	1	0	0	0	0		1	1
16300811	fx_163008_skill01_zidan	0	163008技能1zidan	6	0.5	1	0	0	0	0		1	1
16300812	fx_163008_skill01_hit	0	163008技能1hit	6	4	1	0	0	0	0		1	1
16300820	fx_163008_skill02	0	163008技能2	6	3.5	1	0	0	0	0		1	1
16300821	fx_163008_skill02_hit	0	163008技能2hit	6	2.7	1	0	0	0	0		1	1
16300830	163008_skill03_TL	0	163008技能3	6	0	4	0	0	0	0		1	1
16300831	fx_163008_skill03_hit	0	163008技能3hit	6	1.3	1	0	0	0	0		1	1
13200810	fx_132008_skill01	0	132008技能1	6	3	1	0	0	0	0		1	1
13200811	fx_132008_skill01_hit	0	132008技能1hit	6	3.4	1	0	0	0	0		1	1
13200820	fx_132008_skill02	0	132008技能2	6	4.2	1	0	0	0	0		1	1
13200821	fx_132008_skill02_hit	0	132008技能2hit	6	6.3	1	0	0	0	0		0	1
13200830	132008_skill03_TL	0	132008技能3	6	0	4	0	0	0	0		1	1
13200831	fx_132008_skill03_hit	0	132008技能3hit	6	1.6	1	0	0	0	0		1	1
16200810	fx_162008_skill01	0	162008技能1	6	4.1	1	0	0	0	0		1	1
16200811	fx_162008_skill01_hit	0	162008技能1hit	6	3.4	1	0	0	0	0		1	1
16200820	fx_162008_skill02	0	162008技能2	6	3.6	1	0	0	0	0		1	1
16200821	fx_162008_skill02_hit	0	162008技能2hit	6	2.1	1	0	0	0	0		1	1
16200830	162008_skill03_TL	0	162008技能3	6	0	4	0	0	0	0		1	1
16200831	fx_162008_skill03_hit	0	162008技能3hit	6	2.5	1	0	0	0	0		1	1
1570085010	fx_15700850_skill01	0	15700850技能1	6	3.2	1	0	0	0	0		1	1
1570085011	fx_15700850_skill01_hit	0	15700850技能1hit	6	2.4	1	0	0	0	0		1	1
1570085020	fx_15700850_skill02	0	15700850技能2	6	4	1	0	0	0	0		1	1
1570085021	fx_15700850_skill02_hit	0	15700850技能2hit	6	2.4	1	0	0	0	0		1	1
1570085030	15700850_skill03_TL	0	15700850大招TL	6	0	4	0	0	0	0		1	1
1570085031	fx_15700850_skill03_hit	0	15700850大招hit	6	2.5	1	0	0	0	0		1	1
15500810	fx_155008_skill01	0	155008技能1	6	3	1	0	0	0	0		1	1
15500811	fx_155008_skill01_buff	0	155008技能1buff	6	3	1	0	0	0	0		1	1
15500820	fx_155008_skill02	0	155008技能2	6	3.36	1	0	0	0	0		1	1
15500821	fx_155008_skill02_hit	0	155008技能2hit	6	5.1	1	0	0	0	0		1	1
15500830	155008_skill03_TL	0	155008技能3	6	0	4	0	0	0	0		1	1
15500831	fx_155008_skill03_hit	0	155008技能3hit	6	3.6	1	0	0	0	0		1	1
16400810	fx_164008_skill01	0	164008技能1	6	3.1	1	0	0	0	0		1	1
16400811	fx_164008_skill01_hit	0	164008技能1hit	6	3	1	0	0	0	0		1	1
16400812	fx_164008_skill01_zidan	0	164008技能1zidan	6	1	1	0	0	0	0		1	1
16400820	fx_164008_skill02	0	164008技能2	6	3.4	1	0	0	0	0		1	1
16400821	fx_164008_skill02_debuff	0	164008技能2debuff	6	9999	1	0	0	0	0		1	1
16400822	fx_164008_skill02_debuff_hit	0	164008技能2debuff_hit	6	2.7	1	0	0	0	0		1	1
16400823	fx_164008_skill02_hit	0	164008技能2hit	6	3.3	1	0	0	0	0		1	1
16400830	164008_skill03_TL	0	164008技能3	6	0	4	0	0	0	0		1	1
16400831	fx_164008_skill03_hit	0	164008技能3hit	6	2.5	1	0	0	0	0		1	1
405310	fx_4053_skill01	0	4053技能1	6	2	1	0	0	0	0		1	1
405311	fx_4053_skill01_hit	0	4053技能1hit	6	3.2	1	0	0	0	0		1	1
405320	fx_4053_skill02	0	4053技能2	6	2.8	1	0	0	0	0		1	1
405321	fx_4053_skill02_hit	0	4053技能2hit	6	3.5	1	0	0	0	0		1	1
405322	fx_4053_skill02_zidan	0	4053技能2zidan	6	0.6	1	0	0	0	0		1	1
405330	fx_4053_skill03	0	4053技能3	6	1	1	0	0	0	0		1	1
405331	fx_4053_skill03_buff	0	4053技能3buff	6	2.7	1	0	0	0	0		1	1
404910	fx_4049_skill01	0	4049技能1	6	4.4	1	0	0	0	0		1	1
404911	fx_4049_skill01_hit	0	4049技能1hit	6	2.6	1	0	0	0	0		1	1
404920	fx_4049_skill02	0	4049技能2	6	4.3	1	0	0	0	0		1	1
404930	fx_4049_skill03	0	4049技能3	6	3.2	1	0	0	0	0		1	1
404940	fx_4049_skill04	0	4049技能4	6	5.7	1	0	0	0	0		1	1
404941	fx_4049_skill04_hit	0	4049技能4hit	6	5.7	1	0	0	0	0		1	1
107611	fx_1076_skill01	0	1076技能1	6	3	1	0	0	0	0		1	1
107612	fx_1076_skill01_hit	0	1076技能1hit	6	3.4	1	0	0	0	0		1	1
107621	fx_1076_skill02	0	1076技能2	6	2.5	1	0	0	0	0		1	1
107622	fx_1076_skill02_hit	0	1076技能2hit	6	3	1	0	0	0	0		1	1
107623	fx_1076_skill02_zidan	0	1076技能2zidan	6	1	1	0	0	0	0		1	1
107631	fx_1076_skill03	0	1076技能3	6	4.4	1	0	0	0	0		1	1
107632	fx_1076_skill03_hit	0	1076技能3受击	6	3	1	0	0	0	0		1	1
13500210	fx_135002_skill01	0	135002技能1	6	1.55	1	0	0	0	0		1	1
13500211	fx_135002_skill01_hit	0	135002技能1hit	6	2.5	1	0	0	0	0		1	1
13500220	fx_135002_skill02	0	135002技能2	6	3	1	0	0	0	0		1	1
13500221	fx_135002_skill02_buff	0	135002技能2buff	6	3	1	0	0	0	0		1	1
13500230	135002_skill03_TL	0	135002技能3	6	0	4	0	0	0	0		1	1
13500231	fx_135002_skill03_hit	0	135002技能3hit	6	2.2	1	0	0	0	0		1	1
16500810	fx_165008_skill01	0	165008技能1	6	3	1	0	0	0	0		1	1
16500811	fx_165008_skill01_hit01	0	165008技能1hit1	6	4	1	0	0	0	0		1	1
16500812	fx_165008_skill01_hit02	0	165008技能1hit2	6	4.5	1	0	0	0	0		1	1
16500820	fx_165008_skill02	0	165008技能2	6	3.6	1	0	0	0	0		1	1
16500821	fx_165008_skill02_buff	0	165008技能2buff	6	3.1	1	0	0	0	0		1	1
16500830	165008_skill03_TL	0	165008技能3	6	0	4	0	0	0	0		1	1
16500831	fx_165008_skill03_hit	0	165008技能3hit	6	3.2	1	0	0	0	0		1	1
14400201	fx_144002_enter	0	144002入场特效	6	3.5	1	0	0	0	0		1	1
14400210	fx_144002_skill01	0	144002技能1	6	5.6	1	0	0	0	0		1	1
14400211	fx_144002_skill01_buff	0	144002技能1buff	6	4.8	1	0	0	0	0		1	1
14400212	fx_144002_skill01_buff_failure	0	144002技能1buff戏耍成功	6	1.6	1	0	0	0	0		1	1
14400213	fx_144002_skill01_buff_success	0	144002技能1buff戏耍失败	6	2.1	1	0	0	0	0		1	1
14400214	fx_144002_skill01_buff_sustain	0	144002技能1buff循环特效	6	9999	1	0	0	0	0		1	1
14400220	fx_144002_skill02	0	144002技能2	6	3.5	1	0	0	0	0		1	1
14400221	fx_144002_skill02_bullet	0	144002技能2子弹	6	1.3	1	0	0	0	0		1	1
14400222	fx_144002_skill02_hit	0	144002技能2hit	6	5.3	1	0	0	0	0		1	1
14400230	144002_skill03_TL	0	144002技能3	6	0	4	0	0	0	0		1	1
14400231	fx_144002_skill03_hit	0	144002技能3hit	6	1.8	1	0	0	0	0		1	1
16600810	fx_166008_skill01	0	166008技能1	6	3.5	1	0	0	0	0		1	1
16600811	fx_166008_skill01_hit	0	166008技能1hit	6	4	1	0	0	0	0		1	1
16600812	fx_166008_skill01_zidan	0	166008技能1子弹	6	1	1	0	0	0	0		1	1
16600820	fx_166008_skill02	0	166008技能2	6	5.4	1	0	0	0	0		1	1
16600821	fx_166008_skill02_hit	0	166008技能2hit	6	3.4	1	0	0	0	0		1	1
16600830	166008_skill03_TL	0	166008技能3	6	0	4	0	0	0	0		1	1
16600831	fx_166008_skill03_hit	0	166008技能3hit	6	2.5	1	0	0	0	0		1	1
16700810	fx_167008_skill01	0	167008技能1	6	3.5	1	0	0	0	0		1	1
16700811	fx_167008_skill01_hit	0	167008技能1hit	6	4	1	0	0	0	0		1	1
16700812	fx_167008_skill01_zidan	0	167008技能1子弹	6	1.5	3	0	0	0	0		1	1
16700820	fx_167008_skill02	0	167008技能2	6	5.4	1	0	0	0	0		1	1
16700821	fx_167008_skill02_hit	0	167008技能2hit	6	3.4	1	0	0	0	0		1	1
16700830	167008_skill03_TL	0	167008技能3	6	0	4	0	0	0	0		1	1
16700831	fx_167008_skill03_hit	0	167008技能3hit	6	2.5	1	0	0	0	0		1	1
17000810	fx_170008_skill01	0	170008技能1	6	4	1	0	0	0	0		1	1
17000811	fx_170008_skill01_hit	0	170008技能1hit	6	2	1	0	0	0	0		1	1
17000820	fx_170008_skill02	0	170008技能2	6	4	1	Bone054;Hand001	0	0	0		1	1
17000821	fx_170008_skill02_hit	0	170008技能2hit	6	2	1	0	0	0	0		1	1
17000830	170008_skill03_TL	0	170008技能3	6	0	4	0	0	0	0		1	1
17000831	fx_170008_skill03_hit	0	170008技能3hit	6	2	1	0	0	0	0		1	1
16900810	fx_169008_skill01	0	169008技能1	6	2.5	1	0	0	0	0		1	1
16900811	fx_169008_skill01_hit	0	169008技能1hit	6	5	1	0	0	0	0		1	1
16900820	fx_169008_skill02	0	169008技能2	6	5.8	1	0	0	0	0		1	1
16900821	fx_169008_skill02_hit	0	169008技能2hit	6	8.5	1	0	0	0	0		1	1
16900830	169008_skill03_TL	0	169008技能3	6	0	4	0	0	0	0		1	1
16900831	fx_169008_skill03_hit	0	169008技能3hit	6	2	1	0	0	0	0		1	1
17100810	fx_171008_skill01	0	171008技能1	6	5	1	0	0	0	0		1	1
17100811	fx_171008_skill01_hit	0	171008技能1hit	6	1.5	1	0	0	0	0		1	1
17100820	fx_171008_skill02	0	171008技能2hit	6	5	1	0	0	0	0		1	1
17100821	fx_171008_skill02_hit	0	171008技能2hit	6	5.5	1	0	0	0	0		1	1
17100830	171008_skill03_TL	0	171008技能3	6	0	4	0	0	0	0		1	1
17100831	fx_171008_skill03_hit	0	171008技能3hit	6	3	1	0	0	0	0		1	1
17100840	fx_171008_skill04	0	171008技能4	6	2	1	0	0	0	0		1	1
17100841	fx_171008_skill04_hit	0	171008技能4hit	6	1.5	1	0	0	0	0		1	1
10600510	fx_106005_skill01	0	106005技能1	6	3.5	1	0	0	0	0		1	1
10600511	fx_106005_skill01_hit	0	106005技能1hit	6	3	1	0	0	0	0		1	1
10600520	fx_106005_skill02	0	106005技能2	6	4	1	0	0	0	0		1	1
10600521	fx_106005_skill02_hit	0	106005技能2hit	6	3	1	0	0	0	0		1	1
10600530	106005_skill03_TL	0	106005技能3	6	0	4	0	0	0	0		1	1
10600531	fx_106005_skill03_hit	0	106005技能3hit	6	1.3	1	0	0	0	0		1	1
17200810	fx_172008_skill01	0	172008技能1	6	3.5	1	0	0	0	0		1	1
17200811	fx_172008_skill01_hit	0	172008技能1hit	6	3	1	0	0	0	0		1	1
17200812	fx_172008_skill01_ball01	0	172008技能1zidan	6	1	1	0	0	0	0		1	1
17200820	fx_172008_skill02	0	172008技能2	6	4	1	0	0	0	0		1	1
17200821	fx_172008_skill02_hit	0	172008技能2hit	6	3	1	0	0	0	0		1	1
17200830	172008_skill03_TL	0	172008技能3	6	0	4	0	0	0	0		1	1
17200831	fx_172008_skill03_hit	0	172008技能3hit	6	1.3	1	0	0	0	0		1	1
405410	fx_4054_skill01	0	4054技能1	6	2	1	0	0	0	0		1	1
405411	fx_4054_skill01_hit	0	4054技能1hit	6	3.2	1	0	0	0	0		1	1
405412	fx_4054_skill01_zidan	0	4054技能1zidan	6	1	1	0	0	0	0		1	1
405430	fx_4054_skill03	0	4054技能3	6	4	1	0	0	0	0		1	1
405431	fx_4054_skill03_hit	0	4054技能3hit	6	3	1	0	0	0	0		1	1
17300810	fx_173008_skill01	0	173008技能1	6	3.5	1	0	0	0	0		1	1
17300811	fx_173008_skill01_hit	0	173008技能1hit	6	3	1	0	0	0	0		1	1
17300820	fx_173008_skill02	0	173008技能2	6	4	1	0	0	0	0		1	1
17300821	fx_173008_skill02_buff	0	173008技能2buff	6	5.2	3	0	0	0	0		1	1
17300830	173008_skill03_TL	0	173008技能3	6	0	4	0	0	0	0		1	1
17300831	fx_173008_skill03_hit	0	173008技能3hit	6	1.3	1	0	0	0	0		1	1