id	skillId	starSkill	skillClass	triggerRule	skillType	label	skillStarMax	skillLvMax	isAoe	starEffect1	effectCondition1	effectTarget1	effect1	effectType1	starEffect2	effectCondition2	effectTarget2	effect2	effectType2	damageTarget	damageEffect	scriptType	scriptNum	damageEffectType	starEffect3	effectCondition3	effectTarget3	effect3	effectType3	starEffect4	effectCondition4	effectTarget4	effect4	effectType4	starEffect5	effectCondition5	effectTarget5	effect5	effectType5	starEffect6	effectCondition6	effectTarget6	effect6	effectType6	starEffect7	effectCondition7	effectTarget7	effect7	effectType7	hitRatio	skillTags	action	intensive	status
int	int	int	int	int	int	int	int	int	int	int	int	int	int	int	int	int	int	int	int	int	int	int	int	int	int	int	int	int	int	int	int	int	int	int	int	int	int	int	int	int	int	int	int	int	int	int	int	int	int	int	int	int	int	int
41101008	41101008	7	1		1	2	3	3	0											101	201070101			2																										1		1	1	1
42101008	42101008	7	1		2	2	3	3	0											101	201010119			2	7	1	-1	111502102	1																					0.3;0.3;0.4		2	1	1
43101008	43101008	33554431	1		3	2	25	25	0											101	201060103			2																										1		0	1	1
41101011	41101011	7	1		1	2	3	3	0											101	201010119			2	7	1	-1	111502102	1																					0.2;0.2;0.2;0.2;0.2		1	1	1
42101011	42101011	7	1		2	2	3	3	0											101	201040101			2																										0.5;0.5		2	1	1
43101011	43101011	33554431	1		3	2	25	25	0											101	201040103			2						 																				1		0	1	1
41101005	41101005	7	1		1	2	3	3	0											101	201010119			2	7	1	-1	111502102	1																					1		1	1	1
42101005	42101005	7	1		2	2	3	3	0											101	201010101			2																										0.25;0.25;0.25;0.25		2	1	1
43101005	43101005	33554431	1		3	2	25	25	0											101	201010121			2	33554431	1	-1	111502102	1																					1		0	1	1
41101006	41101006	7	1		1	2	3	3	0											101	201090101			2																										1		1	1	1
42101006	42101006	7	1		2	2	3	3	0											101	201010101			2																										0.3;0.3;0.4		2	1	1
43101006	43101006	33554431	1		3	2	25	25	0											101	201060103			2																										1		0	1	1
41102008	41102008	7	1		1	2	3	3	1											102	201010102			2																										0.25;0.25;0.25;0.25		1	1	1
42102008	42102008	7	1		2	1	3	3	0											201	110200803			1																										1		2	1	1
43102008	43102008	33554431	1		3	2	25	25	0											101	201010117			2	33554431	1	-1	210010108	2																					1		0	1	1
41102007	41102007	7	1		1	2	3	3	0											101	201010115			2	7	1	-1	210010111	2																					0.25;0.25;0.25;0.25		1	1	1
42102007	42102007	7	1		2	1	3	3	0											201	110200703			1	7	2018	-1	310200702	1	7	2018	-1	310200706	1																1		2	1	1
43102007	43102007	33554431	1		3	2	25	25	0											101	201060103			2																										0.25;0.25;0.25;0.25		0	1	1
41102011	41102011	7	1		1	2	3	3	0						7	1	-1	206020111	2	101	201010111			2																										0.5;0.5		1	1	1
42102011	42102011	7	1		2	1	3	3	0											201	110201103			1																										1		2	1	1
43102011	43102011	33554431	1		3	2	25	25	0											101	201010117			2	33554431	1	-1	210010108	2																					1		0	1	1
44102011	44102011	7	1		2	1	3	3	0											201	110201103			1	7	1	-1	206030102	2																					1		2	1	1
41102001	41102001	7	1		1	2	3	3	0											101	201010147			2	6	1	-1	210010106	2																					1		1	1	1
42102001	42102001	7	1		2	2	3	3	0											101	201060101			2																										1		2	1	1
43102001	43102001	33554431	1		3	2	25	25	0											101	201010103			2																										1		0	1	1
41102021	41102021	7	1		1	2	3	3	0											101	201040101			2																										0.167;0.167;0.167;0.167;0.167;0.167		1	1	1
42102021	42102021	7	1		2	2	3	3	1											102	201090102			2																										0.5;0.5		2	1	1
43102021	43102021	33554431	1		3	2	25	25	1											102	201040104			2																										1		0	1	1
41103008	41103008	7	1		1	2	3	3	0											101	201010101			2																										1		1	1	1
42103008	42103008	7	1		2	4	3	3	0											201	202010205			2	7	1	-1	206030111	2																					1		2	1	1
43103008	43103008	33554431	1		3	4	25	25	1											202	202010204			2																										1		0	1	1
41103002	41103002	7	1		1	2	3	3	0											101	201010101			2																										1		1	1	1
42103002	42103002	7	1		2	2	3	3	1											102	201010102			2																										1		2	1	1
43103002	43103002	33554431	1		3	2	25	25	1											102	201010104			2																										1		0	1	1
41103007	41103007	7	1		1	1	3	3	0											201	206030103			2	7	1	-1	110300703	1																					1		1	1	1
42103007	42103007	7	1		2	2	3	3	0											101	201070101			2																										0.25;0.25;0.25;0.25		2	1	1
43103007	43103007	33554431	1		3	2	25	25	0											101	201070103			2																										0.25;0.25;0.25;0.25		0	1	1
41103019	41103019	7	1		1	2	3	3	1											102	201010102			2																										1		1	1	1
42103019	42103019	7	1		2	1	3	3	1											202	206030111			2																										1		2	1	1
43103019	43103019	33554431	1		3	2	25	25	0											101	201060103			2																										1		0	1	1
41103021	41103021	7	1		1	1	3	3	1											202	206030114			2																										1		1	1	1
42103021	42103021	7	1		2	4	3	3	0											202	202010102			2																										1		2	1	1
43103021	43103021	33554431	1		3	2	25	25	0											101	201090103			2																										1		0	1	1
41104003	41104003	7	1		1	2	3	3	0											101	201010127			2	7	1	301	110400303	1																					0.5;0.5		1	1	1
42104003	42104003	7	1		2	2	3	3	0											101	201030101			2																										0.5;0.5		2	1	1
43104003	43104003	33554431	1		3	2	25	25	0											101	201010121			2	33554431	1	301	110400304	1																					1		0	1	1
41104005	41104005	7	1		1	2	3	3	0											101	201040101			2																										1		1	1	1
42104005	42104005	7	1		2	2	3	3	1											102	201010102			2																										0.25;0.25;0.25;0.25		2	1	1
43104005	43104005	33554431	1		3	2	25	25	0											101	201010129			2	33554431	1	301	110400502	1																					1		0	1	1
41104001	41104001	7	1		1	2	3	3	0											101	201010119			2	7	1	101	110400105	1	7	2018	-1	310400104	1	7	2018	-1	310400108	1											1		1	1	1
42104001	42104001	7	1		2	2	3	3	0											101	201010127			2	7	1	301	110400106	1																					0.5;0.5		2	1	1
43104001	43104001	33554431	1		3	2	25	25	0											101	201100103			2																										1		0	1	1
41104008	41104008	7	1		1	2	3	3	0											101	201030101			2																										0.3;0.3;0.4		1	1	1
42104008	42104008	7	1		2	2	3	3	0											101	201010127			2	7	1	301	110400804	1																					0.5;0.5		2	1	1
43104008	43104008	33554431	1		3	2	25	25	0											101	201010121			2	33554431	1	301	110400803	1																					1		0	1	1
41105008	41105008	7	1		1	2	3	3	0											101	201090101			2																										1		1	1	1
42105008	42105008	7	1		2	2	3	3	0											101	201010123			2	6	1	-1	111502102	1																					1		2	1	1
43105008	43105008	33554431	1		3	2	25	25	0											101	201090103			2																										1		0	1	1
41105001	41105001	7	1		1	2	3	3	0											301	100500103			1																										1		1	1	1
42105001	42105001	7	1		2	2	3	3	0											101	201100101			2																										1		2	1	1
43105001	43105001	33554431	1		3	2	25	25	0											101	201010103			2																										1		0	1	1
41105002	41105002	7	1		1	2	3	3	0											101	201010101			2																										0.5;0.5		1	1	1
42105002	42105002	7	1		2	2	3	3	0											101	201070101			2																										1		2	1	1
43105002	43105002	33554431	1		3	2	25	25	0											101	201100103			2																										1		0	1	1
41105006	41105006	7	1		1	2	3	3	0											101	201040101			2																										1		1	1	1
42105006	42105006	7	1		2	2	3	3	0											101	201010101			2																										0.3;0.3;0.4		2	1	1
43105006	43105006	33554431	1		3	2	25	25	0											101	201100103			2																										1		0	1	1
41106008	41106008	7	1		1	1	3	3	0											301	110600803			1																										1		1	1	1
42106008	42106008	7	1		2	2	3	3	0											101	201010301			2																										0.3;0.3;0.4		2	1	1
43106008	43106008	33554431	1		3	1	25	25	0											301	110600805			1	33554431	1	-1	110600804	1																					1		0	1	1
41106001	41106001	7	1		1	1	3	3	0											101	110600102			1																										1		1	1	1
42106001	42106001	7	1		2	2	3	3	0											101	201010109			2	6	1	-1	110600104	1																					1		2	1	1
43106001	43106001	33554431	1		3	2	25	25	0											101	201010103			2																										1		0	1	1
41106002	41106002	7	1		1	1	3	3	0											101	110600204			1	7	1	301	110600203	1																					1		1	1	1
42106002	42106002	7	1		2	2	3	3	1											102	201010110			2	6	1	-1	110600205	1																					0.25;0.25;0.25;0.25		2	1	1
43106002	43106002	33554431	1		3	2	25	25	0											101	201010103			2																										1		0	1	1
41106010	41106010	7	1		1	2	3	3	0											101	201010107			2	7	1	-1	110601003	1																					1		1	1	1
42106010	42106010	7	1		2	2	3	3	1											102	201010202			2																										0.25;0.25;0.25;0.25		2	1	1
43106010	43106010	33554431	1		3	2	25	25	0											101	201010207			2	33554431	1	-1	110601004	1																					1		0	1	1
41107008	41107008	7	1		1	2	3	3	0											101	201010101			2																										1		1	1	1
42107008	42107008	7	1		2	2	3	3	0											101	201060101			2																										1		2	1	1
43107008	43107008	33554431	1		3	2	25	25	0											101	201050103			2																										1		0	1	1
41107001	41107001	7	1		1	2	3	3	0						7	1	301	110700103	1	101	201010149			2																										0.5;0.5		1	1	1
42107001	42107001	7	1		2	2	3	3	0											101	201050101			2																										0.3;0.3;0.4		2	1	1
43107001	43107001	33554431	1		3	2	25	25	0											101	201050103			2																										1		0	1	1
41107005	41107005	7	1		1	1	3	3	0											301	110700503			1																										1		1	1	1
42107005	42107005	7	1		2	2	3	3	0											101	201010101			2																										1		2	1	1
43107005	43107005	33554431	1		3	2	25	25	0											101	201050103			2																										1		0	1	1
41108008	41108008	7	1		1	2	3	3	0											101	201040101			2																										0.3;0.3;0.4		1	1	1
42108008	42108008	7	1		2	2	3	3	0											101	201010101			2																										1		2	1	1
43108008	43108008	33554431	1		3	2	25	25	0											101	201100103			2																										1		0	1	1
41108001	41108001	7	1		1	2	3	3	0											101	201090101			2																										1		1	1	1
42108001	42108001	7	1		2	1	3	3	0											301	110800105			1	7	2018	301	310800102	1	7	2018	301	310800106	1																1		2	1	1
43108001	43108001	33554431	1		3	2	25	25	0											101	201100103			2																										1		0	1	1
41108006	41108006	7	1		1	2	3	3	0											101	201100101			2																										0.5;0.5		1	1	1
42108006	42108006	7	1		2	2	3	3	0											101	201010119			2	6	1	-1	111502102	1																					0.25;0.25;0.25;0.25		2	1	1
43108006	43108006	33554431	1		3	2	25	25	0											101	201100103			2																										1		0	1	1
44108006	44108006	7	1		1	2	3	3	0											101	201100101			2																										1		4	1	1
45108006	45108006	7	1		2	2	3	3	0											101	201100101			2	7	1	-1	111502102	1																					0.25;0.25;0.25;0.25		2	1	1
46108006	46108006	33554431	1		3	2	25	25	0											101	201090103			2	33554431	1	-1	1001	2																					1		7	1	1
41108004	41108004	7	1		1	2	3	3	0											101	201100101			2																										1		1	1	1
42108004	42108004	7	1		2	1	3	3	0											301	110800403			1																										1		2	1	1
43108004	43108004	33554431	1		3	2	25	25	1											102	201030104			2																										1		0	1	1
41109008	41109008	7	1		1	2	3	3	0											101	201030101			2																										0.2;0.2;0.2;0.2;0.2		1	1	1
42109008	42109008	7	1		2	2	3	3	0											101	201010171			2	6	1	-1	110900806	1																					1		2	1	1
43109008	43109008	33554431	1		3	2	25	25	0											101	201010172			2	33554431	1	-1	110900807	1																					1		0	1	1
41110008	41110008	7	1		1	2	3	3	0											101	201010139			2	7	1	-1	204020103	2																					0.25;0.25;0.25;0.25		1	1	1
42110008	42110008	7	1		2	1	3	3	0											301	111000803			1	7	2018	301	311000804	1	7	2018	301	311000808	1																1		2	1	1
43110008	43110008	33554431	1		3	2	25	25	0											101	201010141			2	33554431	1	-1	204020103	2																					1		0	1	1
41111008	41111008	7	1		1	2	3	3	0											101	201010101			2																										1		1	1	1
42111008	42111008	7	1		2	4	3	3	0											201	202010201			2																										1		2	1	1
43111008	43111008	33554431	1		3	2	25	25	0											101	201050103			2																										1		0	1	1
41111002	41111002	7	1		1	2	3	3	0											101	201010109			2	6	1	-1	111100203	1																					0.25;0.25;0.25;0.25		1	1	1
42111002	42111002	7	1		2	1	3	3	0											201	111100213			1	7	1	-1	111100214	1																					1		2	1	1
43111002	43111002	33554431	1		3	1	25	25	0											301	111100212			1	33554431	1	251	111100210	1	33554431	1	-1	111100211	1																1		0	1	1
44111002	44111002	33554431	2		4	1	25	25	0											102					33554431	1	-1	201210501	2	33554431	1	-1	206040101	2																1		0	1	1
45111002	45111002	7	1		1	2	3	3	0											101	201010109			2	6	1	-1	111100203	1																					0.25;0.25;0.25;0.25		4	1	1
46111002	46111002	7	1		2	1	3	3	0											202	111100213			1																										1		2	1	1
41112008	41112008	7	1		1	1	3	3	0											201	111200803			1																										1		1	1	1
42112008	42112008	7	1		2	1	3	3	0											201	111200804			1																										1		2	1	1
43112008	43112008	33554431	1		3	1	25	25	1											202	111200805			1																										1		0	1	1
41112002	41112002	7	1		1	2	3	3	0											101	201090101			2																										1		1	1	1
42112002	42112002	7	1		2	4	3	3	1											202	202010102			2																										1		2	1	1
43112002	43112002	33554431	1		3	1	25	25	1											202	111200204			1																										1		0	1	1
41113008	41113008	7	1		1	2	3	3	0											101	201060101			2																										1		1	1	1
42113008	42113008	7	1		2	2	3	3	0											101	201010101			2																										1		2	1	1
43113008	43113008	33554431	1		3	2	25	25	0											101	201060103			2																										1		0	1	1
41113001	41113001	7	1		1	2	3	3	0											101	201070101			2																										1		1	1	1
42113001	42113001	7	1		2	3	3	3	1											102	102030101			1																										1		2	1	1
43113001	43113001	33554431	1		3	2	25	25	0											101	201060103			2																										1		0	1	1
41114008	41114008	7	1		1	4	3	3	1											202	111400803			1																										1		1	1	1
42114008	42114008	7	1		2	1	3	3	1											201	111400804			1																										1		2	1	1
43114008	43114008	33554431	1		3	1	25	25	1											201	111400805			1																										1		0	1	1
41114001	41114001	7	1		1	2	3	3	1											102	201010170			2	7	1	-1	111400105	1	7	2018	-1	311400102	1	7	2018	-1	311400106	1											0.3;0.3;0.4		1	1	1
42114001	42114001	7	1		2	2	3	3	0											101	201030101			2																										0.25;0.25;0.25;0.25		2	1	1
43114001	43114001	33554431	1		3	2	25	25	0											101	201030103			2																										0.167;0.167;0.167;0.167;0.167;0.167		0	1	1
414001	414001	7	1		1	2	3	3	0											101	201010143			2	7	1	-1	102010101	1																					0.5;0.5		1	1	1
424001	424001	7	1		2	2	3	3	0											101	201010101			2																										1		2	1	1
434001	434001	33554431	1		3	2	25	25	0											101	201100103			2																										1		0	1	1
414002	414002	7	1		1	2	3	3	0											101	201070101			2																										1		1	1	1
424002	424002	7	1		2	2	3	3	0											101	201010101			2																										1		2	1	1
434002	434002	33554431	1		3	2	25	25	1											102	201010104			2																										0.25;0.25;0.25;0.25		0	1	1
414005	414005	7	1		1	2	3	3	0											101	201040101			2																										0.3;0.3;0.4		1	1	1
424005	424005	7	1		2	2	3	3	0											101	201010101			2																										0.3;0.3;0.4		2	1	1
434005	434005	33554431	1		3	2	25	25	0											101	201010113			2	33554431	1	-1	206020103	2																					0.25;0.25;0.25;0.25		0	1	1
414006	414006	7	1		1	2	3	3	0											101	201010101			2																										1		1	1	1
424006	424006	7	1		2	2	3	3	0											101	201020101			2																										1		2	1	1
434006	434006	33554431	1		3	2	25	25	1											102	201010104			2																										0.3;0.3;0.4		0	1	1
41121008	41121008	7	1		1	2	3	3	0											101	201040101			2																										1		1	1	1
42121008	42121008	7	1		2	2	3	3	0											101	201010101			2																										1		2	1	1
43121008	43121008	33554431	1		3	2	25	25	1											102	201040104			2																										1		0	1	1
414009	414009	7	1		1	2	3	3	0											101	201010135			2	7	1	-1	204020102	2																					1		1	1	1
424009	424009	7	1		2	2	3	3	0											101	201010101			2																										1		2	1	1
434009	434009	33554431	1		3	2	25	25	0											101	201010137			2	33554431	1	-1	204020102	2																					1		0	1	1
414010	414010	7	1		1	2	3	3	0											101	201050101			2																										1		1	1	1
424010	424010	7	1		2	2	3	3	0											101	201010101			2																										1		2	1	1
434010	434010	33554431	1		3	2	25	25	1											102	201010138			2	33554431	1	-1	204020102	2																					1		0	1	1
414014	414014	7	1		1	2	3	3	0											101	201010109			2	6	1	-1	10401404	1																					0.5;0.5		1	1	1
424014	424014	7	1		2	1	3	3	1											202	10401403			1																										1		2	1	1
434014	434014	33554431	1		3	2	25	25	0											101	201010129			2	33554431	1	-1	10401405	1																					1		0	1	1
414015	414015	7	1		1	2	3	3	1											102	201010102			2																										1		1	1	1
424015	424015	7	1		2	2	3	3	1											102	201060102			2																										1		2	1	1
434015	434015	33554431	1		3	2	25	25	0											101	201010141			2	33554431	1	-1	204020103	2																					1		0	1	1
414020	414020	7	1		1	2	3	3	0											101	201090101			2																										1		1	1	1
424020	424020	7	1		2	1	3	3	0											301	10402003			1																										1		2	1	1
434020	434020	33554431	1		3	2	25	25	0											101	201010129			2	33554431	1	-1	10402004	1																					1		0	1	1
414022	414022	7	1		1	2	3	3	0											101	201010109			2	6	1	-1	10402203	1																					1		1	1	1
424022	424022	7	1		2	2	3	3	1											102	201010102			2																										1		2	1	1
434022	434022	33554431	1		3	2	25	25	1											102	201040104			2																										1		0	1	1
414025	414025	7	1		1	2	3	3	0											101	201010101			2																										1		1	1	1
424025	424025	7	1		2	1	3	3	0											201	10402502			1																										1		2	1	1
434025	434025	33554431	1		3	1	25	25	1											202	10402503			1																										1		0	1	1
414026	414026	7	1		1	2	3	3	0											101	201010101			2																										1		1	1	1
424026	424026	7	1		2	4	3	3	1											202	202010202			2																										1		2	1	1
434026	434026	33554431	1		3	4	25	25	1											202	202010204			2																										1		0	1	1
414031	414031	7	1		1	2	3	3	0											101	201010101			2																										1		1	1	1
424031	424031	7	1		2	1	3	3	0											301	10403103			1																										1		2	1	1
434031	434031	33554431	1		3	1	25	25	0											301	10403106			1	33554431	1	251	10403104	1	33554431	1	-1	10403105	1																1		0	1	1
414033	414033	7	1		1	2	3	3	0											101	201010101			2																										1		1	1	1
424033	424033	7	1		2	3	3	3	0						7	1	-1	10403303	1	101	10403302			1																										1		2	1	1
434033	434033	33554431	1		3	2	25	25	0											101	201010129			2	33554431	1	-1	10403305	1																					1		0	1	1
414034	414034	7	1		1	2	3	3	0											101	201020101			2																										1		1	1	1
424034	424034	7	1		2	1	3	3	0											201	10403403			1																										1		2	1	1
434034	434034	33554431	1		3	2	25	25	1											102	201010104			2																										0.25;0.25;0.25;0.25		0	1	1
414041	414041	7	1		1	2	3	3	0											101	201010101			2																										0.5;0.5		1	1	1
424041	424041	7	1		2	2	3	3	0						7	1	301	10404103	1	101	201010149			2																										0.5;0.5		2	1	1
434041	434041	33554431	1		3	2	25	25	0						33554431	1	301	10404104	1	101	201010151			2																										1		0	1	1
414043	414043	7	1		1	2	3	3	0											101	201040101			2																										1		1	1	1
424043	424043	7	1		2	2	3	3	0											101	201010101			2																										0.5;0.5		2	1	1
434043	434043	33554431	1		3	2	25	25	0											101	201040103			2																										1		0	1	1
418002	418002	7	1		1	2	3	3	0											101	201030101			2																										1		1	1	1
428002	428002	7	1		2	2	3	3	0											101	201020101			2																										0.3;0.3;0.4		2	1	1
438002	438002	33554431	1		3	2	25	25	0											101	201010103			2																										1		0	1	1
41115008	41115008	7	1		1	2	3	3	0											101	201010101			2																										1		1	1	1
42115008	42115008	7	1		2	2	3	3	0											101	201010111			2	7	1	-1	206020111	2																					1		2	1	1
43115008	43115008	33554431	1		3	2	25	25	0											101	201030103			2																										1		0	1	1
44115008	44115008	33554431	1		3	2	25	25	0											101	201030103			2	33554431	1	-1	206020104	2																					1		0	1	1
41127008	41127008	7	1		1	2	3	3	0											101	201010109			2	6	1	-1	12700801	1																					1		1	1	1
42127008	42127008	7	1		2	2	3	3	0											101	201070101			2																										0.5;0.5		2	1	1
43127008	43127008	33554431	1		3	2	25	25	0						33554431	1	-1	12700802	1	101	201010121			2	33554431	1	-1	12700804	1																					1		0	1	1
41130008	41130008	7	1		1	2	3	3	0											101	201010101			2																										0.3;0.3;0.4		1	1	1
42130008	42130008	7	1		2	2	3	3	0											101	201040101			2																										0.2;0.2;0.2;0.2;0.2		2	1	1
43130008	43130008	33554431	1		3	2	25	25	0											101	201100103			2																										1		0	1	1
44130008	44130008	7	1		1	2	3	3	0											101	201010101			2	7	1	-1	13000801	1																					0.3;0.3;0.4		1	1	1
41131008	41131008	7	1		1	2	3	3	0											101	201050101			2																										1		1	1	1
42131008	42131008	7	1		2	3	3	3	1											102	13100801			1	6	1	-1	13100802	1																					1		2	1	1
43131008	43131008	33554431	1		3	2	25	25	0											101	201050103			2																										1		0	1	1
41117008	41117008	7	1		1	2	3	3	0						7	1	301	11700801	1	101	201010149			2																										0.5;0.5		1	1	1
42117008	42117008	7	1		2	2	3	3	0											101	201020101			2																										0.25;0.25;0.25;0.25		2	1	1
43117008	43117008	33554431	1		3	2	25	25	1											102	201010134			2	33554431	1	-1	204020101	2																					1		0	1	1
44117008	44117008	33554431	1		3	2	25	25	1											102	201010134			2	33554431	1	-1	204020101	2																					1		7	1	1
41103006	41103006	7	1		1	2	3	3	0											101	201010165			2	6	1	301	210010114	2																					0.16;0.16;0.16;0.16;0.16;0.2		1	1	1
42103006	42103006	7	1		2	2	3	3	0											101	201170101			2																										0.16;0.16;0.16;0.16;0.16;0.2		2	1	1
43103006	43103006	33554431	1		3	2	25	25	0						33554431	1	301	214010401	2	101	201010167			2																										0.16;0.16;0.16;0.16;0.16;0.2		0	1	1
41105004	41105004	7	1		1	2	3	3	0											101	201010101			2																										0.3;0.3;0.4		1	1	1
42105004	42105004	7	1		2	2	3	3	0											101	201070101			2																										0.5;0.5		2	1	1
43105004	43105004	33554431	1		3	2	25	25	0											101	201100103			2																										1		0	1	1
41106009	41106009	7	1		1	2	3	3	1											102	201020102			2																										1		4	1	1
42106009	42106009	7	1		2	1	3	3	0											201	10600903			1	7	2018	-1	310600904	1	7	2018	-1	310600908	1																1		2	1	1
43106009	43106009	33554431	1		3	2	25	25	0											101	201010168			2	33554431	1	102	10600904	1	33554431	1	-1	10600905	1																1		0	1	1
44106009	44106009	33554431	1		3	2	25	25	0											101	201010168			2	33554431	1	102	10600907	1	33554431	1	-1	10600908	1																1		0	1	1
41107010	41107010	7	1		1	2	3	3	0											101	410701002			2	7	1	301	10701014	1																					1		1	1	1
42107010	42107010	7	1		2	2	3	3	0											101	201020101			2																										0.125;0.125;0.125;0.125;0.125;0.125;0.125;0.125		2	1	1
43107010	43107010	33554431	1		3	2	25	25	0											101	410701003			2																										1		0	1	1
44107010	44107010	7	1		1	2	3	3	1											102	201090102			2																										1		4	1	1
45107010	45107010	7	1		2	2	3	3	0						7	2018	301	10701016	1	101	201020101			2																										0.125;0.125;0.125;0.125;0.125;0.125;0.125;0.125	1	2	1	1
46107010	46107010	7	1		2	2	3	3	0											101	410701001			2																										0.125;0.125;0.125;0.125;0.125;0.125;0.125;0.125	1	2	1	1
41101013	41101013	7	1		1	2	3	3	0											101	201050101			2																										1		1	1	1
42101013	42101013	7	1		2	2	3	3	0											101	201010119			2	7	1	-1	111502102	1																					1		2	1	1
43101013	43101013	33554431	1		3	2	25	25	0											101	201050103			2																										1		0	1	1
41129008	41129008	7	1		1	2	3	3	0											101	201020101			2																										0.16;0.16;0.16;0.16;0.16;0.2		1	1	1
42129008	42129008	7	1		2	2	3	3	0											101	201010165			2	7	1	301	210010114	2																					0.14;0.14;0.14;0.14;0.14;0.14;0.16		2	1	1
43129008	43129008	33554431	1		3	2	25	25	0						33554431	1	-1	206020105	2	101	201010113			2																										1		0	1	1
41123008	41123008	7	1		1	2	3	3	1											102	212300801			2	7	1	-1	112300801	1																					1		1	1	1
42123008	42123008	7	1		2	2	3	3	0											101	212300802			2	7	1	-1	112300803	1																					0.3;0.3;0.4		2	1	1
43123008	43123008	33554431	1		3	2	25	25	0											101	212300803			2																										1		0	1	1
41116001	41116001	7	1		1	2	3	3	0											101	201010101			2																										0.16;0.16;0.16;0.16;0.16;0.2		1	1	1
42116001	42116001	7	1		2	1	3	3	0											301	111600101			1	7	1	301	111600106	1	7	2018	301	311600104	1	7	2018	301	311600108	1											1		2	1	1
43116001	43116001	33554431	1		3	2	25	25	0											101	201010169			2	33554431	1	301	202010401	2																					1		0	1	1
41137008	41137008	7	1		1	2	3	3	1											102	201030102			2																										1		1	1	1
42137008	42137008	7	1		2	2	3	3	0											101	201010135			2	7	1	-1	204020102	2																					1		2	1	1
43137008	43137008	33554431	1		3	2	25	25	0											101	201030103			2																										1		0	1	1
44137008	44137008	7	1		1	2	3	3	1											102	201030102			2	7	1	-1	204020102	2																					1		1	1	1
41129001	41129001	7	1		1	2	3	3	0											101	201010165			2	6	1	301	210010114	2																					0.16;0.16;0.16;0.16;0.16;0.2		1	1	1
42129001	42129001	7	1		2	2	3	3	0											101	201010176			2	7	2025	-1	102030101	1	7	1	-1	112900101	1																0.2;0.2;0.2;0.2;0.2		2	1	1
43129001	43129001	33554431	1		3	2	25	25	0											101	201010177			2	33554431	2013	-1	212900101	2	33554431	2013	-1	212900102	2	33554431	2013	-1	212900103	2	3072	2013	-1	212900104	2						1		0	1	1
44129001	44129001	33554431	1		3	2	25	25	0	33554431	1	-1	112900113	1	33554431	1	-1	112900114	1	101	201010177			2	33554431	2013	-1	212900101	2	33554431	2013	-1	212900102	2	33554431	2013	-1	212900103	2	3072	2013	-1	212900104	2						1		0	1	1
41140008	41140008	7	1		1	2	3	3	0											101	201210101			2																										1		1	1	1
42140008	42140008	7	1		2	2	3	3	1											102	201010174			2	7	1	-1	102030101	1																					0.5;0.5		2	1	1
43140008	43140008	33554431	1		3	2	25	25	1											102	201010175			2	33554431	1	145	201210102	2	1911	1	102	211010101	2																1		0	1	1
44140008	44140008	33554431	1		3	2	25	25	1											102	201010175			2	33554431	1	145	201210102	2	33554431	1	145	201210103	2																1		0	1	1
41109002	41109002	7	1		1	2	3	3	1											102	41109002			2	7	1	-1	110900201	1																					0.2;0.2;0.2;0.2;0.2		1	1	1
42109002	42109002	7	1		2	2	3	3	0											101	42109002			2	7	1	230	110900202	1																					0.25;0.25;0.25;0.25		2	1	1
43109002	43109002	33554431	1		3	2	25	25	1											102	43109002			2	33554431	1	202	110900203	1	33554431	1	301	110900204	1	33554431	1	202	110900223	1											1		0	1	1
44109002	44109002	33554431	2		4	1	25	25	1											301	45109002			2	33554431	1	202	46109002	2	33554431	1	202	47109002	2	33554431	1	310	110900205	1	33554431	2018	310	110900216	1	33554431	1	202	54109002	2	1		1	1	1
45109002	45109002	7	1		2	2	3	3	0											101	42109002			2	7	1	202	110900202	1																					1		2	1	1
511002001	511002001	1	1		1	2	1	1												101	201010101			2																										1		1	0	1
521002001	521002001	1	1		2	2	1	1												101	201010119			2	1	1	-1	112010151	1																					1		2	0	1
571002001	571002001	1	1		3	2	1	1												101	301090101			2																										1		0	0	1
521002002	521002002	1	1		2	2	1	1												101	201010119			2	1	1	-1	1100251	1																					1		2	0	1
511003001	511003001	1	1		1	2	1	1												101	201010101			2																										1		1	0	1
521003001	521003001	1	1		1	2	1	1												230	202010101			2																										1		2	0	1
571003001	571003001	1	1		3	2	1	1												101	301090101			2																										1		0	0	1
511004001	511004001	1	1		1	2	1	1												101	201010101			2																										1		1	0	1
521004001	521004001	1	1		2	1	1	1												102	102121101			1																										1		2	0	1
571004001	571004001	1	1		3	2	1	1												102	301090102			2																										1		0	0	1
511005001	511005001	1	1		1	2	1	1												101	201010135			2	1	1	-1	204050152	2																					1		1	0	1
521005001	521005001	1	1		1	2	1	1												102	201010102			2																										1		2	0	1
571005001	571005001	1	1		3	2	1	1												101	201070103			2																										1		0	0	1
511005003	511005003	1	1		1	2	1	1												101	201010101			2																										1		1	0	1
521005003	521005003	1	1		1	2	1	1												102	201010102			2	1	1	301	104008054	1																					1		2	0	1
511005002	511005002	1	1		1	2	1	1												101	201010101			2																										1		1	0	1
521005002	521005002	1	1		1	2	1	1												102	201010120			2	1	1	301	141100501	1																					1		2	0	1
571005002	571005002	1	1		3	2	1	1												101	201070103			2																										1		0	0	1
511006001	511006001	1	1		1	2	1	1												101	201010101			2																										1		1	0	1
571006001	571006001	1	1		3	2	1	1												102	201030104			2																										1		0	0	1
511006002	511006002	1	1		1	2	1	1												101	201010101			2																										1		1	0	1
521006002	521006002	1	1		1	2	1	1												101	201010123			2	1	1	301	116030151	1																					1		2	0	1
571006002	571006002	1	1		3	2	1	1												102	201030104			2																										1		0	0	1
511007001	511007001	1	1		1	2	1	1												101	201010101			2																										1		1	0	1
521007001	521007001	1	1		1	4	1	1												202	210010101			2																										1		2	0	1
571007001	571007001	1	1		3	2	1	1												101	301030101			2																										1		0	0	1
511009001	511009001	1	1		1	2	1	1	0											101	201010101			2																										0.5;0.5		1	0	1
521009001	521009001	1	1		2	1	1	1	0											101	201010101			2	1	1	301	101009051	1	1	1	301	101009053	1																0.5;0.5		1	0	1
531009001	531009001	1	1		2	1	1	1	0											101	201010101			2	1	1	202	101009052	1																					0.5;0.5		1	0	1
571009001	571009001	1	1		3	2	1	1	0											101	301010103			2	1	1	301	101009001	1																					1		0	0	1
511010001	511010001	1	1		1	2	1	1	0											101	201010101			2																										1		1	0	1
521010001	521010001	1	1		2	2	1	1	0											101	201010101			2	1	1	-1	210010106	2																					1		2	0	1
571010001	571010001	1	1		3	2	1	1	1											102	301010102			2																										1		0	0	1
511010002	511010002	1	1		1	2	1	1	0											101	201010101			2																										1		1	0	1
521010002	521010002	1	1		2	2	1	1	0											101	201010115			2	1	1	-1	210010108	2																					1		2	0	1
571010002	571010002	1	1		3	2	1	1	1											102	301010104			2	1	1	-1	104070151	1																					1		0	0	1
511011001	511011001	1	1		1	2	1	1	0											101	201010101			2																										1		1	0	1
521011001	521011001	1	1		2	2	1	1	0											101	201010135			2	1	1	-1	204050152	2																					1		2	0	1
571011001	571011001	1	1		3	2	1	1	0											101	301010103			2	1	1	-1	204050152	2																					1		0	0	1
511012001	511012001	1	1		1	2	1	1	0											101	201010101			2																										0.2;0.2;0.2;0.2;0.2		1	0	1
521012001	521012001	1	1		2	2	1	1	1											102	201010102			2																										0.33;0.33;0.34		2	0	1
571012001	571012001	1	1		3	2	1	1	0											101	301030101			2																										0.25;0.25;0.25;0.25		0	0	1
511012002	511012002	1	1		1	2	1	1	0											101	201010101			2																										0.2;0.2;0.2;0.2;0.2		1	0	1
521012002	521012002	1	1		2	2	1	1	1											102	201010128			2	1	1	-1	141101251	1																					0.33;0.33;0.34		2	0	1
571012002	571012002	1	1		3	2	1	1	0											101	301030101			2																										0.25;0.25;0.25;0.25		0	0	1
511013001	511013001	1	1		1	2	1	1	0											101	201010101			2																										0.5;0.5		1	0	1
521013001	521013001	1	1		2	2	1	1	0						1	1	301	101102151	1	101	201010123			2																										1		2	0	1
571013001	571013001	1	1		3	2	1	1	0											101	301010101			2																										1		0	0	1
511014001	511014001	1	1		1	2	1	1	0											101	201010101			2																										1		1	0	1
521014001	521014001	1	1		2	2	1	1	0											101	101014051			1																										1		2	0	1
571014001	571014001	1	1		3	2	1	1	0											101	301010103			2	1	1	-1	104010151	1																					1		0	0	1
511014002	511014002	1	1		1	2	1	1	0											101	201010101			2																										1		1	0	1
521014002	521014002	1	1		2	2	1	1	0											101	101014052			1																										1		2	0	1
571014002	571014002	1	1		3	2	1	1	0											101	301010103			2	1	1	-1	104040151	1																					1		0	0	1
511015001	511015001	1	1		1	2	1	1	0											101	201010101			2																										1		1	0	1
521015001	521015001	1	1		2	2	1	1	0											301	101015051			1																										1		2	0	1
571015001	571015001	1	1		3	2	1	1	0											301	212010351			2																										1		0	0	1
511016001	511016001	1	1		1	2	1	1	0											101	201010101			2																										1		1	0	1
521016001	521016001	1	1		2	1	1	1	0											201	101016051			1																										1		2	0	1
571016001	571016001	1	1		3	2	1	1	1											102	301010102			2																										1		0	0	1
511016002	511016002	1	1		1	2	1	1	0											101	201010101			2																										1		1	0	1
521016002	521016002	1	1		2	1	1	1	1											202	101016051			1																										1		2	0	1
571016002	571016002	1	1		3	2	1	1	1											102	301010102			2																										1		0	0	1
511017001	511017001	1	1		1	2	1	1	0											101	201010101			2																										1		1	0	1
521017001	521017001	1	1		2	4	1	1	1											202	103010151			1																										1		2	0	1
571017001	571017001	1	1		3	2	1	1	1											102	301010102			2																										1		0	0	1
521017003	521017003	1	1		2	4	1	1	1											202	202010102			2																										1		2	0	1
511017002	511017002	1	1		1	2	1	1	0											101	201010101			2																										1		1	0	1
521017002	521017002	1	1		2	4	1	1	1											202	103010151			1																										1		2	0	1
571017002	571017002	1	1		3	2	1	1	1	1	1	301	111701151	1						102	301010104			2																										1		0	0	1
511018001	511018001	1	1		1	2	1	1	0											101	201010143			2	1	1	-1	102121101	1																					1		1	0	1
521018001	521018001	1	1		2	3	1	1	1											102	102121101			1																										1		2	0	1
571018001	571018001	1	1		3	2	1	1	1											102	301010102			2	1	1	301	209010151	2																					1		0	0	1
511018002	511018002	1	1		1	2	1	1	0											101	201010143			2	1	1	-1	141101851	1																					1		1	0	1
521018002	521018002	1	1		2	3	1	1	1											102	102121101			1																										1		2	0	1
571018002	571018002	1	1		3	2	1	1	1											102	301010162			2	1	1	301	209010151	2																					1		0	0	1
511019001	511019001	1	1		1	2	1	1	0											101	201010101			2																										1		1	0	1
521019001	521019001	1	1		2	2	1	1	0											101	201010111			2	1	1	301	206030101	2																					1		2	0	1
571019001	571019001	1	1		3	2	1	1	1											102	301010102			2																										0.33;0.33;0.34		0	0	1
511019002	511019002	1	1		1	2	1	1	0											101	201010101			2																										1		1	0	1
521019002	521019002	1	1		2	2	1	1	0											101	201010111			2	1	1	301	206030105	2																					1		2	0	1
571019002	571019002	1	1		3	2	1	1	1	1	1	301	111701151	1						102	301010104			2																										0.33;0.33;0.34		0	0	1
511020001	511020001	1	1		1	2	1	1	0											101	201010101			2																										1		1	0	1
521020001	521020001	1	1		2	2	1	1	0											101	201090101			2																										1		2	0	1
521020003	521020003	1	1		2	2	1	1	0											101	201010123			2	1	1	-1	1102051	1																					1		2	0	1
571020001	571020001	1	1		3	4	1	1	0											202	302010102			2																										1		0	0	1
511020002	511020002	1	1		1	2	1	1	0											101	201010101			2																										1		1	0	1
521020002	521020002	1	1		2	2	1	1	0											101	201090101			2																										1		2	0	1
571020002	571020002	1	1		3	4	1	1	0											202	302010102			2	1	1	-1	141102051	1																					1		0	0	1
511021001	511021001	1	1		1	2	1	1	0											101	201010101			2																										1		2	0	1
521021001	521021001	1	1		2	2	1	1	0											101	201010101			2	1	1	-1	111100203	1																					1		1	0	1
571021001	571021001	1	1		3	2	1	1	0											101	301010103			2	1	1	-1	204050152	2																					1		0	0	1
511022001	511022001	1	1		1	2	1	1	0											101	201010101			2																										1		1	0	1
521022001	521022001	1	1		2	2	1	1	0											101	201010111			2	1	1	-1	206020101	2																					1		2	0	1
571022001	571022001	1	1		3	2	1	1	0											102	301070102			2																										1		0	0	1
511022002	511022002	1	1		1	2	1	1	0											101	201010101			2																										1		1	0	1
521022002	521022002	1	1		2	2	1	1	0											101	201010119			2	1	1	-1	141102251	1																					1		2	0	1
571022002	571022002	1	1		3	2	1	1	1											102	301130102			2																										1		0	0	1
511023001	511023001	1	1		1	2	1	1	0											101	201010101			2																										1		1	0	1
521023001	521023001	1	1		2	2	1	1	0	1	1	301	111701151	1						101	201010101			2																										1		2	0	1
571023001	571023001	1	1		3	2	1	1	0	1	1	301	111701151	1						101	301010101			2																										1		0	0	1
571023004	571023004	1	1		3	2	1	1	0											101	301010101			2																										1		0	0	1
511023002	511023002	1	1		1	2	1	1	0											101	201010101			2																										1		1	0	1
521023002	521023002	1	1		2	2	1	1	0	1	1	301	111701151	1						101	201010101			2																										1		2	0	1
571023002	571023002	1	1		3	2	1	1	0	1	1	301	111701151	1						101	301010101			2																										1		0	0	1
521023005	521023005	1	1		2	2	1	1	0											101	201090101			2																										1		2	0	1
511023003	511023003	1	1		1	2	1	1	0											101	201010101			2																										1		1	0	1
521023003	521023003	1	1		2	2	1	1	0											101	201010101			2	1	1	301	143102351	1																					1		2	0	1
571023003	571023003	1	1		3	2	1	1	0	1	1	301	111701151	1						101	301010101			2																										1		0	0	1
511024001	511024001	1	1		1	2	1	1	0											101	201010101			2																										1		1	0	1
521024001	521024001	1	1		2	1	1	1	1											202	101102152			1																										1		2	0	1
571024001	571024001	1	1		3	2	1	1	0											101	301070101			2																										0.5;0.5		0	0	1
521024004	521024004	1	1		2	1	1	1	1											202	202010102			2																										1		2	0	1
571024004	571024004	1	1		3	2	1	1	0											101	301010101			2																										0.5;0.5		0	0	1
511024002	511024002	1	1		1	2	1	1	0											101	201010101			2																										1		1	0	1
521024002	521024002	1	1		2	1	1	1	1											202	101102152			1																										1		2	0	1
571024002	571024002	1	1		3	2	1	1	0											101	301010103			2																										1		0	0	1
511024003	511024003	1	1		1	2	1	1	0											101	201010101			2																										1		1	0	1
521024003	521024003	1	1		2	1	1	1	1											202	101102152			1																										1		2	0	1
571024003	571024003	1	1		3	2	1	1	0											101	301100101			2																										1		0	0	1
571024005	571024005	1	1		3	2	1	1	0											101	301090101			2																										1		0	0	1
511025001	511025001	1	1		1	2	1	1	0											101	201010101			2																										1		1	0	1
571025001	571025001	1	1		3	2	1	1	0											101	301010103			2	1	1	-1	112010152	1																					1		0	0	1
521025001	521025001	1	1		2	2	1	1	1											102	201230101			2																										1		2	0	1
511026001	511026001	1	1		1	2	1	1	0											101	201010101			2																										1		1	0	1
521026001	521026001	1	1		2	3	1	1	1											102	111303151			1																										1		2	0	1
571026001	571026001	1	1		3	2	1	1	0											101	301010103			2	1	1	-1	104040151	1																					1		0	0	1
521026002	521026002	1	1		2	3	1	1	1											102	1105651			1																										1		2	0	1
511027001	511027001	1	1		1	2	1	1	0											101	201010101			2																										1		1	0	1
571027001	571027001	1	1		3	2	1	1	0											101	301010101			2																										1		0	0	1
511030001	511030001	1	1		1	2	1	1	0											101	201010101			2																										1		1	0	1
571030001	571030001	1	1		3	2	1	1	0											101	301010103			2	1	1	301	116030151	1																					1		0	0	1
511030002	511030002	1	1		1	2	1	1	0											101	201010101			2																										1		1	0	1
521030002	521030002	1	1		2	2	1	1	0	1	1	301	111701151	1						101	201010101			2																										1		2	0	1
571030002	571030002	1	1		3	2	1	1	0											101	301070101			2																										1		0	0	1
511031001	511031001	1	1		1	2	1	1	0											101	201010101			2																										1		1	0	1
521031001	521031001	1	1		2	2	1	1	1											102	201010136			2	1	1	102	204050152	2																					1		2	0	1
571031001	571031001	1	1		3	2	1	1	0											101	301010101			2																										1		0	0	1
511031002	511031002	1	1		1	2	1	1	0											101	201010101			2																										1		1	0	1
521031002	521031002	1	1		2	2	1	1	1											102	201010136			2	1	1	102	204050152	2																					1		2	0	1
571031002	571031002	1	1		3	2	1	1	0											101	301010103			2	1	1	-1	102321101	1																					1		0	0	1
511040001	511040001	1	1		1	2	1	1	0											101	201010101			2																										1		1	0	1
571040001	571040001	1	1		3	2	1	1	0											101	301010103			2	1	1	101	204050152	2																					1		0	0	1
571040004	571040004	1	1		3	2	1	1	0											101	301010101			2																										1		0	0	1
511040003	511040003	1	1		1	2	1	1	0											101	201010101			2																										1		1	0	1
521040003	521040003	1	1		2	2	1	1	0											101	201070101			2																										1		2	0	1
571040003	571040003	1	1		3	2	1	1	0											101	301010103			2	1	1	101	204050152	2																					1		0	0	1
521040004	521040004	1	1		2	2	1	1	0						1	1	202	1104051	1	101	201010119			2																										1		2	0	1
521040005	521040005	1	1		2	2	1	1	0											101	201010119			2	1	1	-1	7100106	1																					1		2	0	1
511041001	511041001	1	1		1	2	1	1	1											102	201010102			2																										1		1	0	1
521041001	521041001	1	1		2	2	1	1	0											101	201050101			2																										1		2	0	1
571041001	571041001	1	1		3	2	1	1	1											102	301050102			2																										1		0	0	1
521041003	521041003	1	1		2	2	1	1	0											101	201010123			2	1	1	-1	1104151	1																					1		2	0	1
571041003	571041003	1	1		3	2	1	1	1											102	301100102			2																										1		0	0	1
511041002	511041002	1	1		1	2	1	1	1											102	201070102			2																										1		1	0	1
521041002	521041002	1	1		2	2	1	1	0											101	201090101			2																										1		2	0	1
571041002	571041002	1	1		3	2	1	1	1											102	301010104			2	1	1	-1	141104151	1																					1		0	0	1
511041003	511041003	1	1		1	2	1	1	1											102	201100102			2																										1		1	0	1
571041004	571041004	1	1		3	2	1	1	1											102	301100104			2																										1		0	0	1
511042001	511042001	1	1		1	2	1	1	0											101	201010101			2																										1		1	0	1
521042001	521042001	1	1		2	1	1	1	0											301	101042051			1	1	1	-1	101009053	1																					1		2	0	1
571042001	571042001	1	1		3	2	1	1	0											101	301010101			2																										1		0	0	1
571042003	571042003	1	1		3	2	1	1	0											101	301010103			2	1	1	-1	1104251	1																					1		0	0	1
511042002	511042002	1	1		1	2	1	1	0											101	201010101			2																										1		1	0	1
521042002	521042002	1	1		2	1	1	1	0											301	101042051			1	1	1	-1	101009053	1																					1		2	0	1
571042002	571042002	1	1		3	2	1	1	0											101	301010103			2	1	1	-1	104040151	1																					1		0	0	1
511043001	511043001	1	1		1	2	1	1	0											101	201010101			2																										1		1	0	1
521043001	521043001	1	1		2	2	1	1	0											101	201010115			2	1	1	-1	210010106	2																					1		2	0	1
571043001	571043001	1	1		3	2	1	1	0											101	301010101			2																										1		0	0	1
521043003	521043003	1	1		2	2	1	1	0											101	201010119			2	1	1	-1	1101351	1																					1		2	0	1
511043002	511043002	1	1		1	2	1	1	0											101	201010101			2																										1		1	0	1
521043002	521043002	1	1		2	2	1	1	0											101	201010115			2	1	1	-1	210010106	2																					1		2	0	1
571043002	571043002	1	1		3	2	1	1	0											101	301010103			2	1	1	-1	104010151	1																					1		0	0	1
511044001	511044001	1	1		1	2	1	1	0											101	201010101			2																										1		1	0	1
521044001	521044001	1	1		2	1	1	1	0											301	101044051			1	1	1	301	101044052	1																					1		2	0	1
571044001	571044001	1	1		3	2	1	1	0											101	301010103			2	1	1	-1	104030151	1																					1		0	0	1
511045001	511045001	1	1		1	2	1	1	0											101	201010101			2																										1		1	0	1
521045001	521045001	1	1		2	2	1	1	1											102	201020102			2																										1		2	0	1
571045001	571045001	1	1		3	2	1	1	1											102	301150102			2																										1		0	0	1
511045002	511045002	1	1		1	2	1	1	0											101	201010101			2																										1		1	0	1
521045002	521045002	1	1		2	2	1	1	1											102	201020102			2																										1		2	0	1
571045002	571045002	1	1		3	2	1	1	1											102	301150102			2																										1		0	0	1
521045003	521045003	1	1		2	2	1	1	1											102	201010119			2	1	1	-1	7100107	1																					1		2	0	1
511046001	511046001	1	1		1	2	1	1	0											101	201010101			2																										1		1	0	1
521046001	521046001	1	1		2	1	1	1	1											202	111303152			1																										1		2	0	1
521046002	521046002	1	1		2	1	1	1	1											202	111303153			1																										1		2	0	1
521046003	521046003	1	1		2	1	1	1	1											202	1104651			1																										1		2	0	1
571046001	571046001	1	1		3	2	1	1	0											101	301010101			2																										0.166;0.167;0.166;0.167;0.167;0.167		0	0	1
511050001	511050001	1	1		1	2	1	1	0											101	201010101			2																										0.5;0.5		1	0	1
521050001	521050001	1	1		2	1	1	1	0											301	101050051			1																										1		2	0	1
571050001	571050001	1	1		3	2	1	1	0											102	301090102			2																										1		0	0	1
521050003	521050003	1	1		2	1	1	1	0											301	1105051			1																										1		2	0	1
511050002	511050002	1	1		1	2	1	1	0											101	201010101			2																										0.5;0.5		1	0	1
521050002	521050002	1	1		2	1	1	1	1											202	101050051			1																										1		2	0	1
571050002	571050002	1	1		3	2	1	1	0											102	301090102			2																										1		0	0	1
571050003	571050003	1	1		3	2	1	1	0											102	301010102			2																										1		0	0	1
511051001	511051001	1	1		1	2	1	1	0											101	201010101			2																										1		1	0	1
521051001	521051001	1	1		2	1	1	1	0											301	101051051			1																										1		2	0	1
571051001	571051001	1	1		3	2	1	1	0											101	301090101			2																										1		0	0	1
511051002	511051002	1	1		1	2	1	1	0											101	201010101			2																										1		1	0	1
521051002	521051002	1	1		2	1	1	1	1											202	101051051			1																										1		2	0	1
571051002	571051002	1	1		3	2	1	1	0											101	301090101			2																										1		0	0	1
571051003	571051003	1	1		3	2	1	1	0											101	301010101			2																										1		0	0	1
511052001	511052001	1	1		1	2	1	1	0											101	201010101			2																										1		1	0	1
571052001	571052001	1	1		3	2	1	1	0											101	301010103			2	1	1	-1	111602151	1																					0.166;0.167;0.166;0.167;0.167;0.167		0	0	1
571052003	571052003	1	1		3	2	1	1	0											101	301010101			2																										0.166;0.167;0.166;0.167;0.167;0.167		0	0	1
511052002	511052002	1	1		1	2	1	1	0											101	201010101			2																										1		1	0	1
521052002	521052002	1	1		2	2	1	1	0											101	201010119			2	1	1	-1	111602151	1																					1		2	0	1
571052002	571052002	1	1		3	2	1	1	0											101	301010103			2	1	1	-1	104040151	1																					0.166;0.167;0.166;0.167;0.167;0.167		0	0	1
511053001	511053001	1	1		1	2	1	1	0											101	201010101			2																										1		1	0	1
571053001	571053001	1	1		3	2	1	1	0											101	301010103			2	1	1	-1	104060151	1																					1		0	0	1
511053002	511053002	1	1		1	2	1	1	0											101	201010101			2																										1		1	0	1
521053002	521053002	1	1		2	2	1	1	0											101	201010123			2	1	1	-1	101102154	1																					1		2	0	1
571053002	571053002	1	1		3	2	1	1	0											101	301070101			2																										1		0	0	1
511056001	511056001	1	1		1	2	1	1	0											101	201010101			2																										1		1	0	1
521056001	521056001	1	1		2	2	1	1	0											101	201190101			2																										1		2	0	1
571056001	571056001	1	1		3	2	1	1	0											101	301010103			2	1	1	-1	104020151	1	1	1	-1	104020152	1																1		0	0	1
571056002	571056002	1	1		3	2	1	1	0											101	301010103			2	1	1	-1	104040151	1																					1		0	0	1
511058001	511058001	1	1		1	2	1	1	0											101	201010101			2																										1		1	0	1
521058001	521058001	1	1		2	2	1	1	0											101	201010135			2	1	1	-1	204050152	2																					1		2	0	1
571058001	571058001	1	1		3	2	1	1	0											101	301010103			2	1	1	-1	204050152	2																					1		0	0	1
511059001	511059001	1	1		1	1	1	1	0											301	61059001			1																										1		1	0	1
521059001	521059001	1	1		2	2	1	1	0											101	201010101			2																										1		2	0	1
571059001	571059001	1	1		3	2	1	1	0											101	301010103			2	1	1	-1	104010151	1																					1		0	0	1
511059002	511059002	1	2		4	4	1	1	0											264	61059002			1																										1		1	0	1
511059003	511059003	1	1		1	4	1	1	1											202	210010101			2																										1		1	0	1
511060001	511060001	1	1		1	2	1	1	0	1	1	301	111701151	1						101	201010101			2																										1		1	0	1
521060001	521060001	1	1		2	2	1	1	0											101	201010131			2	1	1	-1	204050151	2																					1		2	0	1
571060001	571060001	1	1		3	2	1	1	0											101	301010101			2																										0.3;0.3;0.4		0	0	1
511060003	511060003	1	1		1	2	1	1	0											101	201010101			2																										1		1	0	1
521060003	521060003	1	1		2	2	1	1	0											101	201070101			2																										1		2	0	1
511060002	511060002	1	1		1	2	1	1	0	1	1	301	111701151	1						101	201010101			2																										1		1	0	1
521060002	521060002	1	1		2	2	1	1	0											101	201010131			2	1	1	-1	204050151	2																					1		2	0	1
571060002	571060002	1	1		3	2	1	1	0											101	301010103			2	1	1	-1	141106051	1																					0.3;0.3;0.4		0	0	1
571060003	571060003	1	1		3	2	1	1	0	1	1	301	111701151	1						101	301010101			2																										0.3;0.3;0.4		0	0	1
511102001	511102001	1	1		1	2	1	1	0											101	201090101			2																										1		1	0	1
521102001	521102001	1	1		2	4	1	1	0											301	210010101			2																										1		2	0	1
571102001	571102001	1	1		3	2	1	1	0											101	301030101			2																										0.3;0.3;0.4		0	0	1
571102002	571102002	1	1		3	2	1	1	0											101	301100101			2																										0.3;0.3;0.4		0	0	1
511103001	511103001	1	1		1	2	1	1	0											101	201010101			2																										1		1	0	1
521103001	521103001	1	1		2	2	1	1	1											102	201010102			2																										1		2	0	1
571103001	571103001	1	1		3	2	1	1	1											102	301110102			2																										0.5;0.5		0	0	1
521103002	521103002	1	1		2	2	1	1	1											102	201010124			2	1	1	-1	1110351	1																					1		2	0	1
511104001	511104001	1	1		1	2	1	1	0											101	201010101			2																										1		1	0	1
521104001	521104001	1	1		2	1	1	1	0											301	101104051			1																										1		2	0	1
571104001	571104001	1	1		3	2	1	1	0											101	301100101			2																										1		0	0	1
514001001	514001001	1	1		1	2	1	1	0											101	201010143			2	1	1	-1	102121101	1																					0.5;0.5		1	0	1
524001001	524001001	1	1		2	2	1	1	0											101	201010101			2																										1		2	0	1
534001001	534001001	1	1		2	2	1	1	1	1	1	301	111701151	1						102	201010102			2																										1		3	0	1
544001001	544001001	1	1		2	2	1	1	1											102	201010102			2																										0.3;0.3;0.4		4	0	1
574001001	574001001	1	1		3	2	1	1	0											101	301100103			2																										1		0	0	1
574001002	574001002	1	1		3	2	1	1	0											101	301010163			2																										1		0	0	1
514002001	514002001	1	1		1	2	1	1	0											101	201130101			2																										1		1	0	1
524002001	524002001	1	1		2	2	1	1	0											101	201180101			2																										1		2	0	1
534002001	534002001	1	1		2	2	1	1	1											102	201070102			2																										1		4	0	1
544002001	544002001	1	1		2	1	1	1	0											301	104002051			1	1	1	-1	111701154	1																					1		3	0	1
574002001	574002001	1	1		3	2	1	1	1											102	301010202			2																										1		0	0	1
514002002	514002002	1	1		1	2	1	1	0											101	201010119			2	1	1	-1	104002053	1																					1		1	0	1
534002002	534002002	1	1		2	2	1	1	1											102	201010120			2	1	1	-1	104002053	1																					1		4	0	1
514003001	514003001	1	1		1	2	1	1	0											101	201090101			2																										1		1	0	1
524003001	524003001	1	1		2	2	1	1	1											102	201010124			2	1	1	-1	104003051	1																					1		2	0	1
534003001	534003001	1	1		2	1	1	1	0											301	104003052			1																										1		3	0	1
544003001	544003001	1	1		2	2	1	1	0											101	201100101			2																										1		4	0	1
574003001	574003001	1	1		3	2	1	1	1											102	301010202			2																										1		0	0	1
534003002	534003002	1	1		2	1	1	1	0											301	104003052			1																										1		3	0	1
534003003	534003003	1	1		2	1	1	1	0											301	1400351			1																										1		3	0	1
514004001	514004001	1	1		1	2	1	1	1											102	201190102			2																										1		1	0	1
524004001	524004001	1	1		2	1	1	1	0											301	104004051			1																										1		2	0	1
534004001	534004001	1	1		2	3	1	1	1											102	104004052			1																										1		3	0	1
574004001	574004001	1	1		3	2	1	1	1											102	301050104			2																										1		0	0	1
514004002	514004002	1	1		1	2	1	1	1											102	201010128			2	1	1	-1	104004053	1																					1		1	0	1
524004002	524004002	1	1		2	1	1	1	0											301	104004054			1																										1		2	0	1
534004002	534004002	1	1		2	3	1	1	1											102	210010110			2																										1		3	0	1
574004002	574004002	1	1		3	2	1	1	1											102	301050104			2	1	1	301	104004055	1																					1		0	0	1
584004002	584004002	1	1		3	2	1	1	1	1	1	301	111701151	1						102	301050104			2																										1		0	0	1
514005001	514005001	1	1		1	2	1	1	0											101	201040101			2																										0.5;0.5		1	0	1
524005001	524005001	1	1		2	2	1	1	0											101	201010101			2																										0.5;0.5		2	0	1
534005001	534005001	1	1		2	4	1	1	0											301	206030105			2	1	1	-1	202010101	2																					1		3	0	1
544005001	544005001	1	1		2	2	1	1	1											102	201060102			2																										0.3;0.3;0.4		4	0	1
554005001	554005001	1	1		2	1	1	1	0											301	104005051			1																										1		5	0	1
564005001	564005001	1	1		2	2	1	1	1											102	201010112			2	1	1	-1	206020101	2																					1		6	0	1
574005001	574005001	1	1		3	2	1	1	0											101	301020201			2	1	1	-1	104005052	1																					1		0	0	1
514005002	514005002	1	1		1	2	1	1	0											101	201040101			2	1	1	301	210010101	2																					0.5;0.5		1	0	1
524005002	524005002	1	1		2	2	1	1	0											101	201010101			2	1	1	301	210010101	2																					0.5;0.5		2	0	1
514006001	514006001	1	1		1	2	1	1	0											101	201010101			2																										1		1	0	1
524006001	524006001	1	1		2	2	1	1	0											101	201020101			2																										1		2	0	1
534006001	534006001	1	1		2	1	1	1	0											301	104006051			1	1	1	301	104006052	1																					1		3	0	1
574006001	574006001	1	1		3	2	1	1	1											102	301010202			2																										0.5;0.5		0	0	1
514007001	514007001	1	1		1	2	1	1	0											101	201040101			2																										1		1	0	1
524007001	524007001	1	1		2	2	1	1	0											101	201010101			2																										1		2	0	1
534007001	534007001	1	1		2	2	1	1	1											102	201060102			2																										0.25;0.25;0.25;0.25		3	0	1
574007001	574007001	1	1		3	2	1	1	1											102	301040104			2																										1		0	0	1
514008001	514008001	1	1		1	2	1	1	0											101	201010101			2																										0.5;0.5		1	0	1
524008001	524008001	1	1		2	2	1	1	0											101	201110101			2																										0.25;0.25;0.25;0.25		2	0	1
534008001	534008001	1	1		2	1	1	1	0											301	104008051			1																										1		3	0	1
544008001	544008001	1	1		2	2	1	1	1											102	201010158			2	1	1	-1	102521101	1																					1		4	0	1
554008001	554008001	1	1		2	1	1	1	0											301	104008052			1																										1		5	0	1
564008001	564008001	1	1		2	2	1	1	1											102	201010154			2																										1		6	0	1
574008001	574008001	1	1		3	2	1	1	0											101	301180103			2																										1		0	0	1
534008002	534008002	1	1		2	1	1	1	0											301	104008054			1																										1		3	0	1
514009001	514009001	1	1		1	2	1	1	0											101	201010135			2	1	1	-1	204050152	2																					1		1	0	1
524009001	524009001	1	1		2	2	1	1	0											101	201010101			2																										1		2	0	1
534009001	534009001	1	1		2	1	1	1	1											202	104009051			1																										1		3	0	1
544009001	544009001	1	1		2	3	1	1	1											102	201010102			2	1	1	-1	204050152	2																					1		4	0	1
554009001	554009001	1	1		2	1	1	1	0											301	104009053			1																										1		5	0	1
564009001	564009001	1	1		2	2	1	1	1											102	201100102			2																										0.3;0.3;0.4		6	0	1
574009001	574009001	1	1		3	2	1	1	0											101	301020201			2	1	1	-1	204050152	2																					1		0	0	1
514010001	514010001	1	1		1	2	1	1	0											101	201050101			2																										1		1	0	1
524010001	524010001	1	1		2	2	1	1	0											101	201010101			2																										1		2	0	1
534010001	534010001	1	1		2	2	1	1	1											301	104010051			1	1	1	301	104010052	1																					1		3	0	1
574010001	574010001	1	1		3	2	1	1	1											102	301020202			2	1	1	-1	204050152	2																					1		0	0	1
514014001	514014001	1	1		1	2	1	1	0											101	201010101			2	1	1	-1	104014053	1																					1		1	0	1
524014001	524014001	1	1		2	1	1	1	0											201	104014051			1																										1		2	0	1
574014001	574014001	1	1		3	2	1	1	0											101	301020201			2	1	1	-1	104014052	1																					1		0	0	1
514014002	514014002	1	1		1	2	1	1	0											101	201010101			2																										1		1	0	1
524014002	524014002	1	1		2	1	1	1	1											202	104014051			1																										1		2	0	1
574014002	574014002	1	1		3	2	1	1	0											101	301010201			2																										1		0	0	1
514015001	514015001	1	1		1	2	1	1	1											102	201010102			2																										1		1	0	1
524015001	524015001	1	1		2	2	1	1	1											102	201060102			2																										1		2	0	1
574015001	574015001	1	1		3	2	1	1	0											101	301020201			2	1	1	-1	204050153	2																					1		0	0	1
524015002	524015002	1	1		2	2	1	1	1											102	201010124			2	1	1	-1	1401551	1																					1		2	0	1
514015002	514015002	1	1		1	2	1	1	1											102	201070101			2																										1		1	0	1
524015003	524015003	1	1		2	2	1	1	1											102	201010101			2	1	1	-1	104015101	1																					1		2	0	1
574015002	574015002	1	1		3	2	1	1	0											101	201100103			2																										1		0	0	1
514016001	514016001	1	1		1	2	1	1	0											101	201010123			2	1	1	-1	104016051	1																					1		1	0	1
524016001	524016001	1	1		2	2	1	1	0											101	201010101			2																										1		2	0	1
534016001	534016001	1	1		2	1	1	1	0											301	104016052			1																										1		3	0	1
574016001	574016001	1	1		3	2	1	1	1											102	301110104			2																										1		0	0	1
524016002	524016002	1	1		2	2	1	1	0											101	201010165			2	1	1	202	210010102	2																					1		2	0	1
534016002	534016002	1	1		2	1	1	1	0											301	104010051			1	1	1	-1	1401651	1																					1		3	0	1
574016002	574016002	1	1		3	2	1	1	1											102	301010102			2	1	1	102	201211057	2																					1		0	0	1
514017001	514017001	1	1		1	2	1	1	0											101	201010123			2	1	1	-1	104017052	1																					0.167;0.166;0.167;0.167;0.166;0.167		1	0	1
524017001	524017001	1	1		2	2	1	1	1											102	201010124			2	1	1	-1	104017052	1																					0.3;0.3;0.4		2	0	1
534017001	534017001	1	1		2	1	1	1	1											202	104017051			1																										1		3	0	1
574017001	574017001	1	1		3	1	1	1	0											102	201211051			2																										1		0	0	1
534017003	534017003	1	1		2	1	1	1	1											301	104010051			1	1	1	-1	1401751	1																					1		3	0	1
514017002	514017002	1	1		1	2	1	1	0											101	201010123			2	1	1	-1	104017052	1																					0.167;0.166;0.167;0.167;0.166;0.167		1	0	1
524017002	524017002	1	1		2	2	1	1	1											102	201010124			2	1	1	-1	104017052	1																					0.3;0.3;0.4		2	0	1
534017002	534017002	1	1		2	1	1	1	1											202	104017051			1	1	2018	-1	104017053	1																					1		3	0	1
574017002	574017002	1	1		3	1	1	1	0											102	201211051			2																										1		0	0	1
584017002	584017002	1	1		3	1	1	1	1											251					1	1	-1	210010105	2																									1
514018001	514018001	1	1		1	2	1	1	0											101	201010123			2	1	1	-1	104016051	1																					0.3;0.3;0.4		1	0	1
524018001	524018001	1	1		2	2	1	1	1											102					1	1	-1	104016051	1																					1		2	0	1
534018001	534018001	1	1		2	2	1	1	0											101	201070101			2																										1		3	0	1
574018001	574018001	1	1		3	2	1	1	1											102	301020104			2																										1		0	0	1
534018002	534018002	1	1		2	2	1	1	0											101	201070101			2	1	1	-1	1401851	1																					1		3	0	1
574018002	574018002	1	1		3	2	1	1	1											102	301020104			2	1	1	102	201211055	2																					1		0	0	1
514020001	514020001	1	1		1	2	1	1	0											101	201090101			2																										1		1	0	1
524020001	524020001	1	1		2	1	1	1	0											301	104020051			1																										1		2	0	1
534020001	534020001	1	1		2	2	1	1	1											102	201010112			2	1	1	-1	206020105	2																					0.3;0.3;0.4		3	0	1
574020001	574020001	1	1		3	2	1	1	0											101	301020201			2	1	1	-1	104070151	1																					1		0	0	1
514020003	514020003	1	1		1	2	1	1	0	1	1	301	111701153	1	1	1	-1	206040156	2	101	201190101			2																										1		1	0	1
514021001	514021001	1	1		1	2	1	1	0											101	201010131			2	1	1	-1	204050151	2																					1		1	0	1
524021001	524021001	1	1		2	2	1	1	0											101	201010101			2																										0.5;0.5		2	0	1
534021001	534021001	1	1		2	1	1	1	0											301	104021051			1																										1		3	0	1
544021001	544021001	1	1		2	2	1	1	1											102	201160102			2																										1		4	0	1
554021001	554021001	1	1		2	1	1	1	1											202	104021052			1																										1		5	0	1
574021001	574021001	1	1		3	2	1	1	1											102	301020202			2	1	1	-1	204050151	2																					1		0	0	1
514025001	514025001	1	1		1	2	1	1	0											101	201010101			2																										1		1	0	1
524025001	524025001	1	1		2	2	1	1	0											101	201010111			2	1	1	-1	206020101	2																					1		2	0	1
534025001	534025001	1	1		2	1	1	1	0											301	104025051			1																										1		3	0	1
544025001	544025001	1	1		2	2	1	1	0											101	201010101			2																										0.25;0.25;0.25;0.25		4	0	1
574025001	574025001	1	1		3	1	1	1	1											202	104025052			1																										1		0	0	1
574025002	574025002	1	1		3	1	1	1	1											202	104025057			1																										1		0	0	1
514025002	514025002	1	1		1	2	1	1	0											101	201010119			2	1	1	301	104025056	1																					1		1	0	1
514026001	514026001	1	1		1	2	1	1	0											101	201010101			2																										1		1	0	1
524026001	524026001	1	1		2	4	1	1	1											202	202010202			2																										1		2	0	1
534026001	534026001	1	1		2	4	1	1	1											202	104026051			1																										1		3	0	1
574026001	574026001	1	1		3	4	1	1	1											202	202010204			2																										1		0	0	1
524026002	524026002	1	1		2	4	1	1	0											301	104026052			1																										1		2	0	1
514030001	514030001	1	1		1	2	1	1	0											101	201010101			2																										1		1	0	1
524030001	524030001	1	1		2	2	1	1	0											101	201190101			2																										1		2	0	1
534030001	534030001	1	1		2	1	1	1	0											301	104030051			1																										1		3	0	1
544030001	544030001	1	1		2	2	1	1	1											102	201010136			2	1	1	-1	204050152	2																					0.25;0.25;0.25;0.25		4	0	1
554030001	554030001	1	1		2	3	1	1	0											101	102321101			1																										1		5	0	1
564030001	564030001	1	1		2	2	1	1	1											102	201010128			2	1	1	-1	104030052	1																					1		6	0	1
574030001	574030001	1	1		3	2	1	1	1											102	301100104			2																										1		0	0	1
514031001	514031001	1	1		1	2	1	1	0											101	201010101			2																										1		1	0	1
524031001	524031001	1	1		2	2	1	1	0											101	201010127			2	1	1	-1	104040151	1																					1		2	0	1
534031001	534031001	1	1		2	1	1	1	0											301	104031052			1	1	1	301	104031053	1																					1		3	0	1
534031003	534031003	1	1		2	1	1	1	0											301	104031060			1	1	1	301	104031053	1																					1		3	0	1
544031001	544031001	1	1		2	2	1	1	1											102	201010132			2	1	1	-1	204050151	2																					1		4	0	1
554031001	554031001	1	1		2	2	1	1	0											301	206030105			2	1	1	-1	104031054	1																					1		5	0	1
564031001	564031001	1	1		2	1	1	1	0											301	104031055			1																										1		6	0	1
574031001	574031001	1	1		3	1	1	1	0											260	104031056			1	1	1	301	104031057	1	1	1	301	104010052	1																1		0	0	1
514034001	514034001	1	1		1	2	1	1	0											101	201020101			2																										1		1	0	1
524034001	524034001	1	1		2	2	1	1	0											101	201010115			2	1	1	-1	210010107	2																					0.3;0.3;0.4		2	0	1
534034001	534034001	1	1		2	4	1	1	0											230	202010101			2																										1		3	0	1
574034001	574034001	1	1		3	2	1	1	1											102	301020202			2	1	1	-1	104034051	1																					1		0	0	1
574034002	574034002	1	1		3	2	1	1	1											102	301010202			2																										1		0	0	1
524034002	524034002	1	1		2	2	1	1	0											101	201010115			2	1	1	301	104026052	1																					0.3;0.3;0.4		2	0	1
514035001	514035001	1	1		1	2	1	1	0											101	201030101			2																										1		1	0	1
524035001	524035001	1	1		2	2	1	1	0											101	201060101			2																										0.3;0.3;0.4		2	0	1
534035001	534035001	1	1		2	1	1	1	0											301	104035051			1																										1		3	0	1
534035002	534035002	1	1		2	1	1	1	0											301	104035051			1	1	1	-1	210010102	2																					1		3	0	1
574035001	574035001	1	1		3	2	1	1	1											102	301050104			2																										1		0	0	1
534035003	534035003	1	1		2	1	1	1	0											301	403551			1																										1		3	0	1
514036001	514036001	1	1		1	2	1	1	0											101	201040101			2																										0.25;0.25;0.25;0.25		1	0	1
524036001	524036001	1	1		2	2	1	1	0											101	201160101			2																										0.5;0.5		2	0	1
534036001	534036001	1	1		2	2	1	1	1											102	201030102			2																										1		3	0	1
574036001	574036001	1	1		3	2	1	1	1											102	301030104			2																										1		0	0	1
514037001	514037001	1	1		1	2	1	1	0											101	201070101			2																										1		1	0	1
524037001	524037001	1	1		2	2	1	1	1											102	201010102			2																										0.3;0.3;0.4		2	0	1
534037001	534037001	1	1		2	2	1	1	0											101	201010115			2	1	1	-1	210010108	2																					1		3	0	1
574037001	574037001	1	1		3	2	1	1	1											102	301060104			2																										1		0	0	1
524037002	524037002	1	1		2	2	1	1	1											102	201010128			2	1	1	-1	104037051	1																					0.3;0.3;0.4		2	0	1
514040001	514040001	1	1		1	2	1	1	0											101	201010101			2																										1		1	0	1
524040001	524040001	1	1		2	2	1	1	0											101	201010131			2	1	1	-1	102421101	1																					1		2	0	1
534040001	534040001	1	1		2	1	1	1	1											202	104040051			1																										1		3	0	1
574040001	574040001	1	1		3	2	1	1	1											102	301020202			2	1	1	-1	104040052	1																					1		0	0	1
514041001	514041001	1	1		1	2	1	1	0	1	1	301	111701152	1						101	201010101			2																										0.5;0.5		1	0	1
524041001	524041001	1	1		2	2	1	1	1											102	201010132			2	1	1	-1	204050151	2																					1		2	0	1
534041001	534041001	1	1		2	2	1	1	0											101	201170101			2																										1		3	0	1
544041001	544041001	1	1		2	1	1	1	0											201	206030103			2	1	1	-1	104041051	1																					1		4	0	1
574041001	574041001	1	1		3	2	1	1	0	1	1	301	111701153	1						101	301120103			2																										1		0	0	1
514043001	514043001	1	1		1	2	1	1	0											101	201010102			2																										1		1	0	1
524043001	524043001	1	1		2	2	1	1	0											101	201010131			2	1	1	-1	111502102	1																					1		2	0	1
524043002	524043002	1	1		2	2	1	1	0											101	201090101			2																										1		2	0	1
574043001	574043001	1	1		3	2	1	1	0											101	301020201			2	1	1	-1	111502102	1																					1		0	0	1
574043002	574043002	1	1		3	2	1	1	0											101	301020103			2																										1		0	0	1
518001001	518001001	1	1		1	2	1	1	0											101	201010101			2																										1		1	0	1
528001001	528001001	1	1		2	2	1	1	0											101	201010123			2	1	1	-1	108001051	1																					0.5;0.5		2	0	1
538001001	538001001	1	1		2	1	1	1	0											301	108001052			1																										1		3	0	1
548001001	548001001	1	1		2	2	1	1	0											101	201030101			2																										1		4	0	1
558001001	558001001	1	1		2	2	1	1	1											102	201090102			2																										1		5	0	1
568001001	568001001	1	1		2	1	1	1	0											301	202010101			2																										1		6	0	1
578001001	578001001	1	1		3	2	1	1	1											102	301130104			2																										1		0	0	1
518002001	518002001	1	1		1	2	1	1	0											101	201030101			2																										1		1	0	1
528002001	528002001	1	1		2	2	1	1	0											101	201020101			2																										0.3;0.3;0.4		2	0	1
538002001	538002001	1	1		2	1	1	1	0											301	108002051			1																										1		3	0	1
548002001	548002001	1	1		2	2	1	1	0											101	201160101			2																										0.5;0.5		4	0	1
558002001	558002001	1	1		2	2	1	1	1											102	201090102			2																										0.5;0.5		5	0	1
568002001	568002001	1	1		2	4	1	1	0											301	202010251			2																										1		6	0	1
578002001	578002001	1	1		3	2	1	1	0											101	301020201			2	1	1	-1	210010108	2																					0.3;0.3;0.4		0	0	1
518004001	518004001	1	1		1	2	1	1	0											101	201010123			2	1	1	-1	108004051	1																					0.2;0.2;0.2;0.2;0.2		1	0	1
528004001	528004001	1	1		2	2	1	1	1											102	201010102			2																										1		2	0	1
538004001	538004001	1	1		2	2	1	1	1											102	201010107			2																										1		2	0	1
548004001	548004001	1	1		2	2	1	1	1											102	201010105			2																										0.3;0.3;0.4		2	0	1
578004001	578004001	1	1		3	2	1	1	0											301	201211052			2	1	1	251	210010103	2																					1		0	0	1
518003001	518003001	1	1		1	2	1	1	1											102	201010124			2	1	1	301	108003051	1																					1		1	0	1
528003001	528003001	1	1		2	2	1	1	1											102	201010202			2																										0.3;0.3;0.4		2	0	1
538003001	538003001	1	1		2	2	1	1	1											102	201010201			2																										0.3;0.3;0.4		2	0	1
548003001	548003001	1	1		2	2	1	1	1											102	201010120			2	1	1	301	108003054	1																					1		2	0	1
578003001	578003001	1	1		3	2	1	1	1											102	201010104			2																										1		0	0	1
578003002	578003002	1	1		3	2	1	1	1											102	301120104			2																										1		9	0	1
578003003	578003003	1	1		3	2	1	1	1											102	301010601			2																										1		9	0	1
514022001	514022001	1	1		1	2	1	1	0											101	201030101			2	1	1	-1	104022001	1																					1		1	0	1
524022001	524022001	1	1		2	2	1	1	1											102	201010124			2	1	1	-1	104022002	1																					1		2	0	1
534022001	534022001	1	1		2	2	1	1	1	1	1	301	104022003	1						102	201010102			2																										1		2	0	1
544022001	544022001	1	1		2	2	1	1	1											102	201010132			2	1	1	-1	204050151	2																					1		2	0	1
574022001	574022001	1	1		3	2	1	1	1											102	301110104			2																										1		0	0	1
514020002	514020002	1	1		1	2	1	1	0											101	201090101			2																										1		1	0	1
524020002	524020002	1	1		2	1	1	1	0											301	104020053			1																										1		2	0	1
534020002	534020002	1	1		2	2	1	1	1											102	201020102			2																										0.3;0.3;0.4		3	0	1
574020002	574020002	1	1		3	2	1	1	0											101	301020201			2	1	1	-1	104020052	1																					1		0	0	1
514021002	514021002	1	1		2	2	1	1	0											101	201010131			2	1	1	-1	204050151	2																					1		1	0	1
524021002	524021002	1	1		2	1	1	1	0											101	201010123			2	1	1	301	104021053	1																					0.5;0.5		2	0	1
534021002	534021002	1	1		2	1	1	1	1											102	201070102			2	1	1	-1	104021054	1																					1		6	0	1
544021002	544021002	1	1		2	2	1	1	0											301	104021058			1																										1		5	0	1
554021002	554021002	1	1		2	1	1	1	0											102	201160102			2																										1		4	0	1
574021002	574021002	1	1		3	2	1	1	1											102	301020202			2	1	1	-1	204050151	2																					1		0	0	1
514031002	514031002	1	1		1	2	1	1	0											101	201010101			2																										1		1	0	1
524031002	524031002	1	1		2	2	1	1	0											101	201010127			2	1	1	-1	104031058	1																					1		2	0	1
534031002	534031002	1	1		2	1	1	1	0											301	104031052			1	1	1	-1	104031053	1																					1		3	0	1
544031002	544031002	1	1		2	2	1	1	1											102	201010102			2																										1		4	0	1
574031002	574031002	1	1		3	1	1	1	0											301	104031057			1	1	1	202	104031059	1	1	1	251	104031056	1																1		0	0	1
518010001	518010001	1	1		2	2	1	1	0	1	1	301	108010001	1						101	201010101			2																										0.1;0.1;0.1;0.1;0.2;0.4		1	0	1
528010001	528010001	1	1		2	1	1	1	0											301	108010002			1																										1		2	0	1
538010001	538010001	1	1		2	2	1	1	1											102	201190151			2																										1		3	0	1
548010001	548010001	1	1		2	1	1	1	0											301	108010003			1	1	1	301	108010004	1																					1		4	0	1
558010001	558010001	1	1		3	2	1	1	1	1	1	102	108010005	1						102	301190104			2																										1		0	0	1
518010002	518010002	1	1		2	2	1	1	0											101	201010101			2																										0.1;0.1;0.1;0.1;0.2;0.4		1	0	1
518010101	518010101	1	1		2	2	1	1	1											102	201010102			2	1	1	-1	102421111	1																					1		1	0	1
528010101	528010101	1	1		2	2	1	1	0											101	201100101			2	1	1	-1	108010102	1																					1		2	0	1
538010101	538010101	1	1		2	2	1	1	1											102	201190151			2	1	1	-1	210010106	2																					1		3	0	1
548010101	548010101	1	1		2	1	1	1	0											301	108010104			1	1	1	301	108010105	1																					1		4	0	1
558010101	558010101	1	1		2	1	1	1	0											301	108010103			1	1	1	301	108010106	1																					1		5	0	1
568010101	568010101	1	1		3	2	1	1	1	1	1	301	108010101	1						102	301190104			2																										1		0	0	1
528010102	528010102	1	1		2	2	1	1	0											101	201100101			2																										1		2	0	1
538010102	538010102	1	1		2	2	1	1	1											102	201010124			2	1	1	-1	48010051	1	1	1	-1	48010052	1																1		3	0	1
548010102	548010102	1	1		2	1	1	1	1											102	210010110			2	1	1	301	206030105	2																					1		4	0	1
558010102	558010102	1	1		2	1	1	1	0											301	215010151			2	1	1	-1	206030105	2																					1		5	0	1
568010102	568010102	1	1		3	2	1	1	1											101	301130104			2																										1		0	0	1
1010001	1010001	1	2		4	1	1	1	1											202	1010001			1	1	1	-1	110800699	1																					1		0	0	1
1010002	1010002	1	2		4	1	1	1	1											202	110800699			1																										1		0	0	1
1010003	1010003	1	2		4	1	1	1	1											102	1010002			1	1	1	-1	110800699	1																					1		0	0	1
1010006	1010006	1	2		4	1	1	1	1											301	0			1	1	1	141	1010002	1	1	1	262	1010002	1																1		0	0	1
1010007	1010007	1	2		4	1	1	1	1											301	0			1	1	1	102	1010005	1																					1		0	0	1
1010008	1010008	1	2		4	1	1	1	1											301	0			1	1	1	102	1010007	1																					1		0	0	1
1010004	1010004	1	2		4	1	1	1	0											301					1	1	301	100000054	1																					1		0	0	1
1010005	1010005	1	2		4	1	1	1	0											202	1010004			1																										1		0	0	1
1010009	1010009	1	2		4	1	1	1	1											102	1010014			1																										1		2	1	1
1010010	1010010	1	2		4	1	1	1	1											102	100000055			1																										1		2	1	1
1010011	1010011	1	2		4	1	1	1	1											202	1010008			1																										1		2	1	1
1010012	1010012	1	2		4	1	1	1	1											301					1	1	-1	1010009	1																					1		0	0	1
1010013	1010013	1	2		4	1	1	1	1											301	1010010			1																										1		0	0	1
1010014	1010014	1	2		4	1	1	1	0											301	1010012			1																										1		0	0	1
1010015	1010015	1	2		4	1	1	1	0											102	201211053			2																										1		0	0	1
1010024	1010024	1	2		4	1	1	1	1											301	1010015			1																										1		0	0	1
1010017	1010017	1	2		4	1	1	1	1											301	1010019			1																										1		0	0	1
1010018	1010018	1	2		4	1	1	1	0											134	1010022			1	1	1	-1	1010037	1	1	1	-1	1010038	1	1	1	-1	1010040	1											1		0	0	1
1010019	1010019	1	2		4	1	1	1	0											301	201120552			2	1	1	301	1010023	1																					1		0	0	1
1010020	1010020	1	2		4	1	1	1	1											301	1010025			1																										1		0	0	1
1010021	1010021	1	2		4	1	1	1	1											202	206030101			2	1	1	123	1010028	1																					1		0	0	1
1010022	1010022	1	2		4	1	1	1	1											301	1010029			1																										1		0	0	1
1010023	1010023	1	2		4	1	1	1	1											102	206020101			2	1	1	202	210010101	2																					1		0	0	1
1010025	1010025	1	2		4	1	1	1	1											401	1010020			1	1	1	-1	1010021	1																					1		0	0	1
1010026	1010026	1	2		4	1	1	1	0											134	1010030			1																										1		0	0	1
1010027	1010027	1	2		4	1	1	1	0											134	100000051			1																										1		0	0	1
1010028	1010028	1	2		4	1	1	1	0											301	1010033			1																										1		0	0	1
1010029	1010029	1	2		4	1	1	1	0											102	201211053			2																										1		0	0	1
1010030	1010030	1	2		4	1	1	1	0											263	1010035			1																										1		0	0	1
1010031	1010031	1	2		4	1	1	1	0											262	1010036			1																										1		0	0	1
1010032	1010032	1	2		4	1	1	1	0											134	1010041			1																										1		0	0	1
1010033	1010033	1	2		4	1	1	1	0											202	108010108			1	1	1	102	108010108	1																					1		0	0	1
511040002	511040002	1	1		1	2	1	1	0											101	201010101			2																										1		1	0	1
521040002	521040002	1	1		2	1	1	1	0											301	101040051			1																										1		2	0	1
571040002	571040002	1	1		3	2	1	1	0											101	301040103			2																										1		0	0	1
511110021	511110021	1	1		1	2	1	1	0											101	201010101			2																										0.25;0.25;0.25;0.25		1	1	1
521110021	521110021	1	1		2	4	1	1	0											201	202010201			2																										1		2	1	1
571110021	571110021	1	1		3	2	1	1	0											101	301020201			2	1	1	-1	111100203	1																					1		0	1	1
511120081	511120081	1	1		1	1	1	1	0											201	111200803			1																										1		1	1	1
521120081	521120081	1	1		2	1	1	1	0											201	111200804			1																										1		2	1	1
571120081	571120081	1	1		3	2	1	1	1											102	301010202			2																										1		0	1	1
514033001	514033001	1	1		1	2	1	1	0											101	201010101			2																										1		1	1	1
524033001	524033001	1	1		2	2	1	1	0											101	201010123			2	1	1	-1	104033051	1																					1		2	1	1
534033001	534033001	1	1		2	3	1	1	1											102	104033053			1																										1		3	1	1
544033001	544033001	1	1		2	2	1	1	1											102	201010102			2	1	1	-1	201010102	2																					1		4	1	1
554033001	554033001	1	1		2	2	1	1	0											101	201010117			2	1	1	-1	210010108	2																					1		5	1	1
574033001	574033001	1	1		3	2	1	1	0											101	301020201			2	1	1	-1	104033052	1																					1		0	1	1
511115008	511115008	1	1		1	2	1	1	0											101	201010101			2																										1		1	1	1
521115008	521115008	1	1		2	2	1	1	0											101	201010107			2	1	1	-1	111500851	1																					1		2	1	1
571115008	571115008	1	1		3	2	1	1	0											101	301030103			2																										1		0	1	1
511121008	511121008	1	1		1	2	1	1	0											101	201040101			2																										1		1	1	1
521121008	521121008	1	1		2	2	1	1	0											101	201010101			2																										1		2	1	1
571121008	571121008	1	1		3	2	1	1	0											101	301040104			2																										1		0	1	1
511054001	511054001	1	1		1	2	1	1	0											101	201010101			2																										1		1	1	1
521054001	521054001	1	1		2	2	1	1	0											101	201010123			2	1	1	301	101054051	1																					1		2	1	1
571054001	571054001	1	1		3	2	1	1	0											101	301020201			2	1	1	301	210010103	2																					1		0	1	1
511055001	511055001	1	1		1	2	1	1	0											101	201010101			2																										0.5;0.5		1	1	1
521055001	521055001	1	1		2	2	1	1	0											101	201010123			2	1	1	-1	101055051	1																					1		2	1	1
571055001	571055001	1	1		3	2	1	1	0											101	301020201			2	1	1	-1	210010108	2																					1		0	1	1
101009	101009	1	2		4	1	1	1	1											102	99999991			1	1	1	202	99999991	1																					1		0	0	1
201009	201009	1	2		4	1	1	1	1											102	99999972			1	1	1	202	99999972	1	1	1	202	99999992	1	1	1	102	99999992	1											1		0	0	1
301009	301009	1	2		4	1	1	1	1											102	99999993			1	1	1	202	99999993	1																					1		0	0	1
401009	401009	1	2		4	1	1	1	1											102	99999994			1	1	1	202	99999994	1																					1		0	0	1
501009	501009	1	2		4	1	1	1	1											102	99999995			1	1	1	202	99999995	1																					1		0	0	1
502009	502009	1	2		4	1	1	1	1											301					1	1	-1	99999985	1																					1		0	0	1
601009	601009	1	2		4	1	1	1	1											301	99999986			1	1	1	-1	99999976	1																					1		0	0	1
514023001	514023001	1	1		1	2	1	1	0											101	201010123			2	1	1	-1	111502102	1																					1		1	1	1
524023001	524023001	1	1		2	1	1	1	1											202	104023051			1																										1		2	1	1
574023001	574023001	1	1		3	2	1	1	1											102	301020202			2	1	1	-1	104023052	1																					1		0	1	1
1010016	1010016	1	2		4	4	1	1	1											202	210010103			2	1	1	202	101001699	1																					1		0	0	1
41010011	41010011	1	1	2	1	2	1	1	0											101	40100117			2																										1		0	1	1
41010012	41010012	1	1	2	1	2	1	1	0											101	40100118			2																										1		0	1	1
41010013	41010013	1	1	2	1	2	1	1	0											101	40100119			2																										1		0	1	1
41010014	41010014	1	1	2	1	2	1	1	0											101	40100120			2																										1		0	1	1
41010021	41010021	1	1	2	1	3	1	1	0											101	5010013			1	1	1	102	5010016	1																					1		1	1	1
41010022	41010022	1	1	2	1	3	1	1	0											101	50100131			1	1	1	102	5010016	1																					1		1	1	1
41010023	41010023	1	1	2	1	3	1	1	0											101	50100132			1	1	1	102	5010016	1																					1		1	1	1
41010024	41010024	1	1	2	1	3	1	1	0											101	50100133			1	1	1	102	5010016	1																					1		1	1	1
41010031	41010031	1	1	2	1	3	1	1	1											102	5010015			1	1	1	102	5010016	1																					1		1	1	1
41010032	41010032	1	1	2	1	3	1	1	1											102	50100151			1	1	1	102	5010016	1																					1		1	1	1
41010033	41010033	1	1	2	1	3	1	1	1											102	50100152			1	1	1	102	5010016	1																					1		1	1	1
41010034	41010034	1	1	2	1	3	1	1	1											102	50100153			1	1	1	102	5010016	1																					1		1	1	1
41010041	41010041	1	1	2	1	4	1	1	1											202	40200117			2																										1		0	1	1
41010042	41010042	1	1	2	1	4	1	1	1											202	40200118			2																										1		0	1	1
41010043	41010043	1	1	2	1	4	1	1	1											202	40200119			2																										1		0	1	1
41010044	41010044	1	1	2	1	4	1	1	1											202	40200120			2																										1		0	1	1
41010051	41010051	1	1	2	1	1	1	1	1											202	5010022			1																										1		1	1	1
41010052	41010052	1	1	2	1	1	1	1	1											202	50100221			1																										1		1	1	1
41010053	41010053	1	1	2	1	1	1	1	1											202	50100222			1																										1		1	1	1
41010054	41010054	1	1	2	1	1	1	1	1											202	50100223			1																										1		1	1	1
41010061	41010061	1	1	2	1	1	1	1	0											201	5010019			1																										1		1	1	1
41010062	41010062	1	1	2	1	1	1	1	0											201	50100191			1																										1		1	1	1
41010063	41010063	1	1	2	1	1	1	1	0											201	50100192			1																										1		1	1	1
41010064	41010064	1	1	2	1	1	1	1	0											201	50100193			1																										1		1	1	1
41010081	41010081	1	1	2	1	2	1	1	1											102	40100141			2																										1		0	1	1
41010082	41010082	1	1	2	1	2	1	1	1											102	40100142			2																										1		0	1	1
41010083	41010083	1	1	2	1	2	1	1	1											102	40100143			2																										1		0	1	1
41010084	41010084	1	1	2	1	2	1	1	1											102	40100144			2																										1		0	1	1
41010101	41010101	1	1	2	1	1	1	1	1											202	5010023			1																										1		1	1	1
41010102	41010102	1	1	2	1	1	1	1	1											202	50100231			1																										1		1	1	1
41010103	41010103	1	1	2	1	1	1	1	1											202	50100232			1																										1		1	1	1
41010104	41010104	1	1	2	1	1	1	1	1											202	50100233			1																										1		1	1	1
41020011	41020011	1	1	2	1	3	1	1	1											102	5010024			1																										1		1	1	1
41020012	41020012	1	1	2	1	3	1	1	1											102	50100241			1																										1		1	1	1
41020013	41020013	1	1	2	1	3	1	1	1											102	50100242			1																										1		1	1	1
41020014	41020014	1	1	2	1	3	1	1	1											102	50100243			1																										1		1	1	1
41040031	41040031	1	1	2	1	2	1	1	0											101	40100109			2																										1		0	1	1
41040032	41040032	1	1	2	1	2	1	1	0											101	40100110			2																										1		0	1	1
41040033	41040033	1	1	2	1	2	1	1	0											101	40100111			2																										1		0	1	1
41040034	41040034	1	1	2	1	2	1	1	0											101	40100112			2																										1		0	1	1
41040041	41040041	1	1	2	1	3	1	1	1											102	50100410			1																										1		1	1	1
41040042	41040042	1	1	2	1	3	1	1	1											102	50100411			1																										1		1	1	1
41040043	41040043	1	1	2	1	3	1	1	1											102	50100412			1																										1		1	1	1
41040044	41040044	1	1	2	1	3	1	1	1											102	50100413			1																										1		1	1	1
41040061	41040061	1	1	2	1	3	1	1	0											101	5010012			1	1	1	102	5010016	1																					1		1	1	1
41040062	41040062	1	1	2	1	3	1	1	0											101	50100121			1	1	1	102	5010016	1																					1		1	1	1
41040063	41040063	1	1	2	1	3	1	1	0											101	50100122			1	1	1	102	5010016	1																					1		1	1	1
41040064	41040064	1	1	2	1	3	1	1	0											101	50100123			1	1	1	102	5010016	1																					1		1	1	1
41040101	41040101	1	1	2	1	1	1	1	0											201	5010018			1																										1		1	1	1
41040102	41040102	1	1	2	1	1	1	1	0											201	50100181			1																										1		1	1	1
41040103	41040103	1	1	2	1	1	1	1	0											201	50100182			1																										1		1	1	1
41040104	41040104	1	1	2	1	1	1	1	0											201	50100183			1																										1		1	1	1
41050011	41050011	1	1	2	1	4	1	1	0											201	40200105			2																										1		1	1	1
41050012	41050012	1	1	2	1	4	1	1	0											201	40200106			2																										1		1	1	1
41050013	41050013	1	1	2	1	4	1	1	0											201	40200107			2																										1		1	1	1
41050014	41050014	1	1	2	1	4	1	1	0											201	40200108			2																										1		1	1	1
41050021	41050021	1	1	2	1	4	1	1	1											202	40200109			2																										1		1	1	1
41050022	41050022	1	1	2	1	4	1	1	1											202	40200110			2																										1		1	1	1
41050023	41050023	1	1	2	1	4	1	1	1											202	40200111			2																										1		1	1	1
41050024	41050024	1	1	2	1	4	1	1	1											202	40200112			2																										1		1	1	1
41050131	41050131	1	1	2	1	2	1	1	0											101	40100101			2																										1		0	1	1
41050132	41050132	1	1	2	1	2	1	1	0											101	40100102			2																										1		0	1	1
41050133	41050133	1	1	2	1	2	1	1	0											101	40100103			2																										1		0	1	1
41050134	41050134	1	1	2	1	2	1	1	0											101	40100104			2																										1		0	1	1
41050141	41050141	1	1	2	1	1	1	1	0											201	5010017			1																										1		1	1	1
41050142	41050142	1	1	2	1	1	1	1	0											201	50100171			1																										1		1	1	1
41050143	41050143	1	1	2	1	1	1	1	0											201	50100172			1																										1		1	1	1
41050144	41050144	1	1	2	1	1	1	1	0											201	50100173			1																										1		1	1	1
41050151	41050151	1	1	2	1	4	1	1	0											201	40200101			2																										1		1	1	1
41050152	41050152	1	1	2	1	4	1	1	0											201	40200102			2																										1		1	1	1
41050153	41050153	1	1	2	1	4	1	1	0											201	40200103			2																										1		1	1	1
41050154	41050154	1	1	2	1	4	1	1	0											201	40200104			2																										1		1	1	1
999999	999999	1	2		4	4	1	1	1											205	9999998			1	1	1	-1	8999998	1	1	1	208	8888889	1	1	1	208	9888889	1											1		0	0	1
521028001	521028001	1	1		2	2	1	1	0											101	201010143			2	1	1	-1	102121101	1																					1		2	0	1
571028001	571028001	1	1		3	2	1	1	0											101	301010103			2	1	1	-1	102121101	1																					1		0	0	1
521029001	521029001	1	1		2	2	1	1	1											202	111701154			1																										1		2	0	1
5100101	5100101	1	2		4	4	1	1	1											102	6100101			1	1	1	202	6100101	1																					1		0	0	1
5100202	5100202	1	2		4	4	1	1	1											403	111502102			1	1	1	403	6100202	1																					1		0	0	1
5100302	5100302	1	2		4	4	1	1	1											404	6100302			1	1	1	404	6100303	1																					1		0	0	1
5100401	5100401	1	2		4	4	1	1	1											102	6100401			1	1	1	202	6100401	1																					1		0	0	1
5300101	5300101	1	2		4	4	1	1	1											102	6300101			1	1	1	202	6300101	1																					1		0	0	1
5110101	5110101	1	2		4	4	1	1	1											102	6110101			1																										1		0	0	1
5110201	5110201	1	2		4	4	1	1	1											202	6110201			1																										1		0	0	1
5110301	5110301	1	2		4	4	1	1	1											202	6110301			1	1	1	102	6110303	1																					1		0	0	1
5100201	5100201	1	2		4	4	1	1	1											301	6100201			1																										1		0	0	1
5110501	5110501	1	2		4	4	1	1	1											102	6110501			1																										1		0	0	1
5110601	5110601	1	2		4	4	1	1	1											102	6110601			1																										1		0	0	1
5110701	5110701	1	2		4	4	1	1	1											202	6110701			1																										1		0	0	1
5100301	5100301	1	2		4	4	1	1	1											301	6100301			1																										1		0	0	1
5110901	5110901	1	2		4	4	1	1	1											301	6110901			1	1	1	-1	6110904	1	1	1	-1	6110907	1	1	1	-1	6110910	1											1		0	0	1
5111001	5111001	1	2		4	4	1	1	1											202	6111001			1																										1		0	0	1
5111101	5111101	1	2		4	4	1	1	1											102	6111101			1																										1		0	0	1
5500201	5500201	1	2		4	4	1	1	1											134	6500202			1	1	1	202	6500203	1																					1		0	0	1
5500202	5500202	1	1		2	1	1	1	1											202	201221051			2	1	1	-1	6500201	1																					1		5	0	1
5500301	5500301	1	2		4	4	1	1	1											202	6500301			1	1	1	-1	6500302	1																					1		0	0	1
5500302	5500302	1	2		4	4	1	1	1											202	6500301			1	1	1	-1	6500303	1																					1		0	0	1
5500303	5500303	1	2		4	4	1	1	1											202	6500301			1	1	1	-1	6500304	1																					1		0	0	1
5500401	5500401	1	2		4	4	1	1	1											102	6500401			1	1	1	-1	6500407	1																					1		0	0	1
5500402	5500402	1	2		4	4	1	1	1											102	6500402			1	1	1	-1	6500408	1																					1		0	0	1
5500403	5500403	1	2		4	4	1	1	1											102	6500403			1	1	1	-1	6500409	1																					1		0	0	1
5500501	5500501	1	2		4	4	1	1	1											205	6500501			1	1	1	102	6999999	1																					1		0	0	1
5500502	5500502	1	2		4	4	1	1	1											205	6500502			1	1	1	102	6999999	1																					1		0	0	1
5500503	5500503	1	2		4	4	1	1	1											205	6500503			1	1	1	102	6999999	1																					1		0	0	1
5500601	5500601	1	2		4	4	1	1	1											102	6500601			1	1	1	-1	6999999	1																					1		0	0	1
5500602	5500602	1	2		4	4	1	1	1											102	6500602			1	1	1	-1	6999999	1																					1		0	0	1
5500603	5500603	1	2		4	4	1	1	1											102	6500603			1	1	1	-1	6999999	1																					1		0	0	1
5600101	5600101	1	2		4	4	1	1	1											202	6600202			1																										1		0	0	1
5600201	5600201	1	2		4	4	1	1	1											102	6600302			1																										1		0	0	1
7100101	7100101	1	2		4	4	1	1	1											102	7100101			1	1	1	202	7100108	1																					1		0	0	1
7100102	7100102	1	2		4	4	1	1	1											102	7100102			1	1	1	202	7100108	1																					1		0	0	1
7100103	7100103	1	2		4	4	1	1	1											102	7100103			1	1	1	202	7100108	1																					1		0	0	1
7100104	7100104	1	2		4	4	1	1	1											102	7100104			1	1	1	202	7100108	1																					1		0	0	1
7100105	7100105	1	2		4	4	1	1	1											202	7100109			1											1	1	202	7100119	1											1		0	0	1
7100106	7100106	1	2		4	4	1	1	1											202	7100109			1	1	1	202	7100110	1						1	1	202	7100119	1											1		0	0	1
7100107	7100107	1	2		4	4	1	1	1											202	7100109			1	1	1	202	7100110	1	1	1	102	7100111	1	1	1	202	7100119	1											1		0	0	1
7100111	7100111	1	2		4	4	1	1	1											301	7100115			1																										1		0	0	1
7100112	7100112	1	2		4	4	1	1	1											301	7100115			1	1	1	102	7100116	1																					1		0	0	1
7100113	7100113	1	2		4	4	1	1	1											301	7100115			1	1	1	102	7100116	1	1	1	301	7100117	1																1		0	0	1
514022101	514022101	1	1		1	2	1	1	0											101	201110101			2	1	1	-1	104022101	1																					1		1	0	1
524022201	524022201	1	1		2	2	1	1	1											102	201110102			2	1	1	-1	104022101	1																					1		2	0	1
574022301	574022301	1	1		3	2	1	1	1											102	301110104			2	1	1	102	201211054	2	1	1	301	104022105	1																1		0	0	1
534022301	534022301	1	2		4	1	1	1	0											102	201211057			2	1	1	301	104022105	1																					1		0	0	1
534022201	534022201	1	2		4	1	1	1	0											301	104022102			1																										1		0	0	1
1010043	1010043	1	2		4	1	1	1	0											102	1010048			1																										1		0	0	1
511018101	511018101	1	1		1	2	1	1	0											101	201010143			2	1	1	301	210010101	2																					1		1	0	1
521018101	521018101	1	1		2	3	1	1	1											102	102121101			1																										1		2	0	1
571018101	571018101	1	1		3	2	1	1	1	1	1	301	206040103	2						102	301110102			2	1	1	301	209010151	2																					1		0	0	1
5500304	5500304	1	1		1	2	1	1	0											301	201210351			2																										1		9	0	1
5500305	5500305	1	1		1	2	1	1	0											301	201210352			2																										1		9	0	1
5500306	5500306	1	1		1	2	1	1	0											301	201210352			2																										1		0	0	1
514018101	514018101	1	1		1	2	1	1	0											101	514018101			2	1	1	-1	54018002	1																					0.5;0.5		1	0	1
524018101	524018101	1	1		3	2	1	1	1											102	524018101			2	1	1	-1	54018002	1																					1		0	0	1
534018101	534018101	1	2		4	1	1	1	0											102	54018103			1																										1		0	0	1
544018101	544018101	1	1		1	2	1	1	0											101	534018101			2																										1		3	0	1
514005101	514005101	1	1		1	2	1	1	0											101	514005101			2																										1		1	0	1
524005101	524005101	1	1		2	2	1	1	0											301	206030105			2	1	1	301	54005101	1																					1		3	0	1
534005101	534005101	1	1		2	2	1	1	1											102	534005101			2																										0.25;0.25;0.25;0.25		2	0	1
544005101	544005101	1	1		3	2	1	1	1											102	544005101			2	1	1	-1	54005102	1																					1		0	0	1
514004101	514004101	1	1		1	2	1	1	1											102	514004101			2	1	1	-1	54004101	1																					1		1	0	1
524004101	524004101	1	1		3	1	1	1	0											102	524004101			2	1	1	301	54004102	1	1	1	301	54004103	1																1		0	0	1
534004101	534004101	1	2		4	1	1	1	0											301	54004104			1																										1		0	0	1
518006101	518006101	1	1		1	2	1	1	1											102	518006101			2																										0.5;0.5		1	0	1
528006101	528006101	1	1		3	2	1	1	1						1	1	-1	58006108	1	102	528006101			2	1	2022	-1	58006102	1																					1		0	0	1
538006101	538006101	1	2		4	1	1	1	0											102	58006103			1																										1		0	0	1
548006101	548006101	1	2		4	1	1	1	0											301	58006105			1																										1		0	0	1
558006101	558006101	1	2		4	1	1	1	0											301	58006107			1																										1		0	0	1
568006101	568006101	1	1		1	2	1	1	1											102	568006101			2																										0.25;0.25;0.25;0.25		3	0	1
511009101	511009101	1	1		1	2	1	1	0											101	201060101			2																										0.3;0.3;0.4		1	0	1
521009101	521009101	1	1		1	2	1	1	1											102	201060102			2																										1		2	0	1
531009101	531009101	1	1		3	2	1	1	1											102	301060102			2	1	1	-1	51009101	1																					1		0	0	1
514008101	514008101	1	1		1	2	1	1	0											101	201180101			2																										0.5;0.5		1	0	1
524008101	524008101	1	1		1	2	1	1	1											101	201090101			2																										0.25;0.25;0.25;0.25		2	0	1
534008101	534008101	1	1		3	2	1	1	0											101	301090103			2																										1		0	0	1
511041101	511041101	1	1		1	2	1	1	1											102	201010102			2																										1		1	0	1
521041101	521041101	1	1		1	2	1	1	1											102	521041101			2	1	1	-1	51041101	1																					1		2	0	1
531041101	531041101	1	1		3	2	1	1	1											102	301020202			2	1	1	-1	51041101	1																					1		0	0	1
514021101	514021101	1	1		1	2	1	1	0											101	201130101			2																										0.5;0.5		1	0	1
524021101	524021101	1	1		1	2	1	1	1											102	201010102			2	1	1	-1	54021105	1																					1		2	0	1
534021101	534021101	1	1		3	2	1	1	1											102	301130102			2																										1		0	0	1
8010001	8010001	1	2		4	1	1	1	1											102	8100101			1																										1		2	1	1
8010002	8010002	1	2		4	1	1	1	1											102	8100102			1																										1		2	1	1
8010003	8010003	1	2		4	1	1	1	1											102	8100103			1																										1		2	1	1
8010004	8010004	1	2		4	1	1	1	1											102	8100104			1																										1		2	1	1
8010005	8010005	1	2		4	1	1	1	1											102	8100105			1																										1		2	1	1
8010006	8010006	1	2		4	1	1	1	1											102	8100106			1																										1		2	1	1
8010007	8010007	1	2		4	1	1	1	1											102	8100107			1																										1		2	1	1
8010008	8010008	1	2		4	1	1	1	1											102	8100107			1																										1		2	1	1
8010009	8010009	1	2		4	1	1	1	1											102	8100108			1																										1		2	1	1
8010010	8010010	1	2		4	1	1	1	1											102	8100108			1																										1		2	1	1
8010011	8010011	1	2		4	1	1	1	1											102	8100109			1																										1		2	1	1
8010012	8010012	1	2		4	1	1	1	1											102	8100110			1																										1		2	1	1
8010013	8010013	1	2		4	1	1	1	1											102	8100110			1																										1		2	1	1
8010014	8010014	1	2		4	1	1	1	1											102	8100112			1																										1		2	1	1
8010015	8010015	1	2		4	1	1	1	1											102	8100112			1																										1		2	1	1
8010101	8010101	1	2		4	1	1	1	1											102	8100114			1																										1		2	1	1
8010102	8010102	1	2		4	1	1	1	1											102	8100115			1																										1		2	1	1
8010103	8010103	1	2		4	1	1	1	1											102	8100116			1																										1		2	1	1
8010104	8010104	1	2		4	1	1	1	1											102	8100117			1																										1		2	1	1
8010105	8010105	1	2		4	1	1	1	1											102	8100118			1																										1		2	1	1
8010106	8010106	1	2		4	1	1	1	1											301	8100128			1																										1		2	1	1
8010107	8010107	1	2		4	1	1	1	1											102	8100129			1	1	1	-1	8100130	1	1	1	-1	8100131	1	1	1	-1	8100132	1	1	1	-1	8100136	1						1		2	1	1
8010108	8010108	1	2		4	1	1	1	1											102	8100142			1																										1		2	1	1
8010109	8010109	1	2		4	1	1	1	1											102	8100141			1																										1		2	1	1
8010110	8010110	1	2		4	1	1	1	1											102	8100142			1	1	1	-1	8100141	1																					1		2	1	1
8010111	8010111	1	2		4	1	1	1	1											102	8100137			1	1	1	-1	8100139	1																					1		2	1	1
518011001	518011001	1	1		2	2	1	1	0											101	201010135			2	1	1	-1	204050152	2																					0.3;0.3;0.4		1	0	1
528011001	528011001	1	1		2	2	1	1	1											102	201010136			2	1	1	-1	204050152	2																					1		2	0	1
538011001	538011001	1	1		2	2	1	1	1											102	201110102			2																										1		3	0	1
548011001	548011001	1	1		3	2	1	1	1											102	301020202			2	1	1	-1	301210105	2	1	1	-1	206030108	2																1		0	0	1
514046001	514046001	1	1		2	2	1	1	1											102	201010136			2	1	1	-1	211010102	2																					1		1	0	1
524046001	524046001	1	1		2	1	1	1	1											202	104046001			1																										1		2	0	1
534046001	534046001	1	1		3	1	1	1	1											301	104046002			1	1	1	252	104046002	1	1	1	252	1010080	1																1		0	0	1
514047001	514047001	1	1		2	2	1	1	0											101	201010131			2	1	1	-1	204050151	2																					1		1	0	1
524047001	524047001	1	1		2	2	1	1	0											101	201100101			2																										1		2	0	1
534047001	534047001	1	1		3	2	1	1	0	1	1	-1	104047001	1						101	301020201			2																										1		0	0	1
511063001	511063001	1	1		2	2	1	1	0											101	201010101			2																										1		1	0	1
521063001	521063001	1	1		2	1	1	1	1											102	211010102			2																										1		2	0	1
531063002	531063002	1	1		3	1	1	1	1											301				1	1	9300	102	201211053	2	1	9266	202	101063001	1																1		0	0	1
511064001	511064001	1	1		2	2	1	1	0											101	201010101			2																										1		1	0	1
521064001	521064001	1	1		2	1	1	1	1											301	202010101			2	1	1	259	202010101	2																					1		2	0	1
531064002	531064002	1	1		3	1	1	1	1											301				1	1	9300	102	201211053	2	1	9266	202	210010101	2																1		0	0	1
511065001	511065001	1	1		2	2	1	1	0											101	201010101			2																										1		1	0	1
521065001	521065001	1	1		2	2	1	1	0											101	201010135			2	1	1	-1	204050152	2																					1		2	0	1
531065002	531065002	1	1		3	1	1	1	1											301				1	1	9300	102	201211053	2	1	9266	102	101065001	1																1		0	0	1
511066001	511066001	1	1		2	2	1	1	0											101	201010101			2																										1		1	0	1
521066001	521066001	1	1		2	2	1	1	0											101	201010135			2	1	1	-1	204050151	2																					1		2	0	1
531066002	531066002	1	1		3	1	1	1	1											301				1	1	9300	102	201211053	2	1	9266	202	101066001	1																1		0	0	1
41113002	41113002	7	1		1	2	3	3	0	7	2014	301	411300204	2						101	411300201			2																										0.3;0.3;0.4		1	1	1
42113002	42113002	7	1		2	2	3	3	1											102	411300202			2																										0.3;0.3;0.4		2	1	1
43113002	43113002	33554431	1		3	2	25	25	1	335544311	1	301	411300205	2						102	411300203			2																										1		0	1	1
41114002	41114002	7	1		1	2	3	3	1											102	411400201			2																										1		1	1	1
42114002	42114002	7	1		2	1	3	3	1	7	1	202	411400202	2						202	111400201			1																										1		2	1	1
43114002	43114002	33554431	1		3	1	25	25	1											202	111400206			1																										1		0	1	1
41138008	41138008	7	1		1	1	3	3	0	7	1	301	113800816	1						301	113800808			1	7	1	251	113800809	1	4	1	301	113800808	1																1		1	1	1
42138008	42138008	7	1		2	2	3	3	1											102	413800801			2																										1		2	1	1
43138008	43138008	33554431	1		3	2	25	25	1											102	413800802			2																										1		0	1	1
1010036	1010036	1	2		4	1	1	1	0											102	1010049			1																										1		0	0	1
524037003	524037003	1	1		2	2	1	1	1											102	201010102			2	1	1	301	206030105	2																					0.3;0.3;0.4		2	0	1
534037002	534037002	1	1		2	2	1	1	0											101	201010115			2	1	1	-1	206020105	2																					1		3	0	1
540372101	540372101	1	2		4	1	1	1	0											202	54037104			1	1	1	102	54037101	1	1	1	102	54037105	1																1		0	0	1
10800201	10800201	1	2		4	1	1	1	0											202	108002102			1																										1		0	0	1
540372102	540372102	1	2		4	1	1	1	0											301	54037103			1	1	1	-1	54037101	1	1	1	-1	54037102	1																1		0	0	1
8010112	8010112	1	2		4	1	1	1	1											202	8100143			1	1	1	-1	8100144	1																					1		2	1	1
8010113	8010113	1	2		4	1	1	1	1											202	8100149			1	1	1	-1	8100150	1	1	1	-1	8100154	1																1		2	1	1
8010114	8010114	1	2		4	1	1	1	1											202	8100145			1	1	1	-1	8100146	1																					1		2	1	1
8010115	8010115	1	2		4	1	1	1	1											202	8100151			1	1	1	-1	8100152	1	1	1	-1	8100156	1																1		2	1	1
1010037	1010037	1	2		4	1	1	1	1											134	1010050			1																										1		2	1	1
1010038	1010038	1	2		4	1	1	1	1											134	1010052			1	1	1	-1	1010053	1																					1		2	1	1
1010039	1010039	1	2		4	1	1	1	1											301	1010055			1																										1		2	1	1
1010040	1010040	1	2		4	1	1	1	1											134	1010056			1																										1		2	1	1
1010041	1010041	1	2		4	1	1	1	1											102	1010058			1																										1		2	1	1
1010048	1010048	1	1		4	1	1	1	1											301	1010072			1	1	1	301	1010077	1																					1		0	0	1
1010049	1010049	1	1		4	1	1	1	1											301				1	1	9300	102	201211053	2																					1		0	0	1
1010050	1010050	1	1		4	1	1	1	1											134	1010073			1	1	1	-1	1010074	1	1	1	-1	1010075	1	1	1	202	1010100	1	1	1	301	1010137	1						1		0	0	1
9001	9001	1	2		4	1	1	1	1											102	7100130			1	1	1	-1	7100131	1	1	1	202	7100138	1																1		2	1	1
9002	9002	1	2		4	1	1	1	1											102	7100130			1	1	1	-1	7100131	1	1	1	202	7100138	1																1		2	1	1
9003	9003	1	2		4	1	1	1	1											102	7100132			1						1	1	202	7100138	1																1		2	1	1
9004	9004	1	2		4	1	1	1	1											102	7100133			1						1	1	202	7100138	1																1		2	1	1
9005	9005	1	2		4	1	1	1	1											102	7100134			1	1	1	-1	7100135	1	1	1	202	7100138	1																1		2	1	1
9006	9006	1	2		4	1	1	1	1											102	7100135			1						1	1	202	7100138	1																1		2	1	1
9007	9007	1	2		4	1	1	1	1											102	7100136			1						1	1	202	7100138	1																1		2	1	1
41135008	41135008	7	1		1	3	3	3	1											102	213500801			2	7	1	-1	113500801	1																					1		1	1	1
42135008	42135008	7	1		2	1	3	3	1											202	113500802			1																										1		2	1	1
43135008	43135008	33554431	1		3	2	25	25	0											101	213500802			2	33554431	1	-1	113500803	1																					1		0	1	1
1010044	1010044	1	2		4	1	1	1	0											301	206040106			2	1	1	-1	206040107	2	1	1	-1	1010064	1	1	1	-1	1010065	1											1		0	0	1
1010045	1010045	1	2		4	1	1	1	0											102	1010060			1	1	1	-1	1010061	1	1	1	-1	1010062	1																1		0	0	1
1010046	1010046	1	2		4	1	1	1	0											102	1010066			1	1	1	-1	1010068	1	1	1	-1	1010070	1																1		0	0	1
1010047	1010047	1	2		4	1	1	1	0											102	1010071			1																										1		0	0	1
44138008	44138008	33554431	1		3	2	25	25	1	335544311	2044	301	113800815	1	335544311	2044	301	113800815	1	102	413800802			2																										1		0	1	1
514022002	514022002	1	1		1	2	1	1	1						1	1	301	110700103	1	102	201010106			2																										1		1	0	1
524022002	524022002	1	1		2	2	1	1	1											102	201010106			2																										1		2	0	1
534022002	534022002	1	1		2	2	1	1	0											101	201100103			2																										1		3	0	1
574022002	574022002	1	1		3	2	1	1	0											101	301130104			2	1	1	301	201211051	2	1	1	301	406040199	2																1		0	0	1
514022003	514022003	1	1		1	2	1	1	1											102	201020102			2																										1		1	0	1
524022003	524022003	1	1		2	2	1	1	1											102	201010124			2	1	1	-1	102321101	1																					1		2	0	1
534022003	534022003	1	1		2	2	1	1	0											101	201110103			2																										1		3	0	1
574022003	574022003	1	1		3	2	1	1	0											101	301110101			2	1	1	301	201211051	2	1	1	301	406040199	2																1		0	0	1
514022004	514022004	1	1		1	2	1	1	1											102	201030102			2																										1		1	0	1
524022004	524022004	1	1		2	2	1	1	1											102	201010124			2	1	1	-1	44022153	1																					1		2	0	1
534022004	534022004	1	1		2	2	1	1	0											101	401221151			2																										1		3	0	1
571023005	571023005	1	1		3	2	1	1	0											101	301010161			2	1	1	-1	102321101	1																					1		0	0	1
571023006	571023006	1	1		3	2	1	1	0											101	301130101			2																										1		0	0	1
511024004	511024004	1	1		2	1	1	1	1											202	202010208			2																										1		2	0	1
571024006	571024006	1	1		3	2	1	1	0											101	401221152			2																										1		0	0	1
518006001	518006001	1	1		1	2	1	1	1											102	201010124			2	1	1	301	48006051	1																					1		1	0	1
528006001	528006001	1	1		2	2	1	1	1											102	201130102			2																										1		3	0	1
578006001	578006001	1	1		3	2	1	1	0											101	301020201			2	1	1	202	48006052	1																					1		0	0	1
511059004	511059004	1	1		1	4	1	1	0											201	41105051			1																										1		1	0	1
521059002	521059002	1	1		2	2	1	1	0											101	201010101			2	1	9325	-1	6111002	1																					1		2	0	1
571059002	571059002	1	1		3	2	1	1	0											101	301010103			2																										1		0	0	1
598010001	598010001	1	2		4	1	1	1	0											202	48010054			1																										1		0	0	1
598006001	598006001	1	2		4	1	1	1	0											202	48006053			1																										1		0	0	1
41103009	41103009	7	1		1	2	3	3	0											101	210300901			2	7	1	-1	110300901	1																					0.3;0.3;0.4		1	1	1
42103009	42103009	7	1		2	2	3	3	1											102	210300902			2																										1		2	1	1
43103009	43103009	33554431	1		3	2	25	25	1											102	210300903			2																										1		0	1	1
44103009	44103009	7	1		2	2	3	3	1											102	210300902			2																										1	1	2	1	1
41104016	41104016	7	1		1	2	3	3	0											101	210401601			2																										1		1	1	1
42104016	42104016	7	1		2	1	3	3	0						7	2019	301	110401603	1	301	110401602			1	7	1	-1	110401601	1																					1		2	1	1
43104016	43104016	33554431	1		3	2	25	25	0											101	210401602			2																										1		0	1	1
41101018	41101018	7	1		1	2	3	3	0											101	210101801			2	7	1	102	110101801	1																					0.3;0.3;0.4		1	1	1
42101018	42101018	7	1		2	4	3	3	1											202	210101802			2	7	1	-1	110101802	1																					1		2	1	1
43101018	43101018	33554431	1		3	2	25	25	0											101	210101803			2	33554431	1	202	110101804	1	33554431	1	202	110101805	1																1		0	1	1
41102012	41102012	7	1		1	1	3	3	1											202	110201201			1	7	1	-1	110201208	1																					1		1	1	1
42102012	42102012	7	1		2	2	3	3	0											101	210201201			2																										1		2	1	1
43102012	43102012	33554431	1		3	2	25	25	0											101	210201202			2																										1		0	1	1
41803008	41803008	7	1		1	2	3	3	0											101	280300801			2	7	1	105	180300801	1																					1		1	1	1
42803008	42803008	7	1		2	4	3	3	0						7	1	-1	280300803	2	201	280300802			2																										1		2	1	1
43803008	43803008	33554431	1		3	1	25	25	1											202	180300802			1	33554431	1	-1	180300803	1																					1		0	1	1
41802008	41802008	7	1		1	2	3	3	0											101	280200801			2	7	1	301	180200804	1																					0.3;0.3;0.4		1	1	1
42802008	42802008	7	1		2	2	3	3	0											101	280200802			2																										0.3;0.3;0.4		2	1	1
43802008	43802008	33554431	1		3	2	25	25	0											101	280200803			2	33554431	1	301	180200804	1	33554431	1	147	280200806	2	33554431	1	147	280200810	2											1		0	1	1
41801008	41801008	7	1		1	2	3	3	0											101	280100801			2																										0.3;0.3;0.4		1	1	1
42801008	42801008	7	1		2	2	3	3	1											102	280100802			2	7	1	-1	180100801	1																					0.125;0.125;0.125;0.125;0.125;0.125;0.125;0.125		2	1	1
43801008	43801008	33554431	1		3	2	25	25	0											101	280100803			2	33554431	1	-1	180100802	1																					1		0	1	1
521015002	521015002	1	1		2	2	1	1	1											202	101015052			1																										1		2	0	1
571015002	571015002	1	1		3	2	1	1	0						1	1	-1	101015054	1	301	201211054			2	1	1	251	101015055	1	1	1	251	101015053	1	1	1	251	101015059	1	1	1	251	101015058	1						1		0	0	1
591055001	591055001	1	2		4	1	1	1	0						1	1	202	101055057	1	301	101055067			1	1	1	202	101055058	1	1	1	202	101055059	1	1	1	202	101055060	1	1	1	202	101055061	1	1	1	-1	101055068	1	1		0	0	1
8010116	8010116	1	2		4	1	1	1	1											102	8100157			1																										1		2	1	1
8010117	8010117	1	2		4	1	1	1	1											102	8100159			1																										1		2	1	1
521042003	521042003	1	1		2	1	1	1	0											301	111042051			1																										1		2	0	1
514017003	514017003	1	1		1	2	1	1	0											101	201010101			2																										0.167;0.166;0.167;0.167;0.166;0.167		1	0	1
524017003	524017003	1	1		2	2	1	1	1											102	201010102			2																										0.3;0.3;0.4		2	0	1
534017004	534017004	1	1		2	1	1	1	0											301	210010102			2																										1		3	0	1
574017003	574017003	1	1		3	1	1	1	0						1	1	-1	101015054	1	301	201211057			2						1	1	251	101015053	1	1	1	251	101015059	1											1		0	0	1
521053003	521053003	1	1		2	2	1	1	0											264	210010102			2																										1		2	0	1
571053003	571053003	1	1		3	2	1	1	0											101	301010103			2																										1		0	0	1
591015001	591015001	1	2		4	1	1	1	0											102	210010105			2																										1		0	0	1
41127001	41127001	7	1		1	2	3	3	0											101	212700101			2	7	1	-1	210010111	2																					1		1	1	1
42127001	42127001	7	1		2	2	3	3	0											101	212700102			2	7	1	-1	112700126	1																					1		2	1	1
43127001	43127001	33554431	1		3	2	25	25	1											102	212700103			2	33554431	1	101	112700102	1	33554431	9551	101	112700132	1																1		0	1	1
44127001	44127001	33554431	1		3	2	25	25	1											102	212700103			2	33554431	1	101	112700102	1	33554431	1	101	112700134	1																1		0	1	1
44802008	44802008	7	1		1	2	3	3	0	7	1	-1	180200801	1	7	1	103	180200802	1	101	280200804			2	7	1	301	280200809	2																					0.3;0.3;0.4		1	1	1
45802008	45802008	7	1		2	2	3	3	0											101	280200805			2	7	1	-1	180200803	1	7	1	301	280200809	2																0.3;0.3;0.4		2	1	1
46802008	46802008	33554431	1		3	2	25	25	0											101	280200803			2	33554431	1	301	180200804	1	33554431	1	147	280200807	2	33554431	1	147	280200810	2											1		0	1	1
8010118	8010118	1	2		4	1	1	1	1											102	8100161			1																										1		2	1	1
8010119	8010119	1	2		4	1	1	1	1											102	8100163			1																										1		2	1	1
521020004	521020004	1	1		2	2	1	1	0											101	201010102			2	1	1	-1	7100509	1																					1		2	0	1
534020003	534020003	1	1		2	2	1	1	1											102	201070102			2																										0.3;0.3;0.4		3	0	1
524043003	524043003	1	1		2	2	1	1	0											101	201010131			2	1	1	-1	7100512	1																					1		2	0	1
521009002	521009002	1	1		2	1	1	1	0											101	201010101			2	1	1	301	7100514	1	1	1	301	101009053	1																0.5;0.5		1	0	1
8010120	8010120	1	2		4	1	1	1	0											202	1010049			1	1	1	-1	7100515	1																					1		0	0	1
524020003	524020003	1	1		2	1	1	1	0											301	101102152			1																										1		2	0	1
574020003	574020003	1	1		3	2	1	1	0											101	301020201			2																										1		0	0	1
514043002	514043002	1	1		2	2	1	1	0											101	201010131			2	1	1	-1	111502102	1																					1		2	0	1
8010121	8010121	1	2		4	1	1	1	0											202	1010049			1	1	1	-1	7100512	1																					1		0	0	1
41136008	41136008	7	1		1	2	3	3	0											101	213600801			2	7	1	-1	113600801	1																					1		1	1	1
42136008	42136008	7	1		2	4	3	3	1											202	213600805			2	7	1	-1	113600803	1	7	2018	-1	313600802	1	7	2018	-1	313600806	1											1		2	1	1
43136008	43136008	33554431	1		3	4	25	25	1											202	213600802			2	33554431	1	202	113600804	1																					1		0	1	1
44136008	44136008	33554431	1		3	4	25	25	1											202	213600802			2	33554431	1	202	113600811	1																					1		0	1	1
8010122	8010122	1	2		4	1	1	1	1											202	8100165			1	1	1	-1	8100166	1																					1		2	1	1
8010123	8010123	1	2		4	1	1	1	1											102	8100168			1																										1		2	1	1
544003002	544003002	1	1		2	2	1	1	0											101	201100103			2																										1		4	0	1
514003002	514003002	1	1		1	2	1	1	0											101	201100101			2																										1		1	0	1
521004002	521004002	1	1		2	1	1	1												202	101102152			1	1	1	301	311010101	2																					1		2	0	1
521003002	521003002	1	1		1	2	1	1												202	311010102			2																										1		2	0	1
521016003	521016003	1	1		2	1	1	1	0											202	101016051			1																										1		2	0	1
8010124	8010124	1	2		4	1	1	1	1											102	8100170			1																										1		2	1	1
1010042	1010042	1	2		4	1	1	1	1											102	1010082			1																										1		2	1	1
44104016	44104016	7	1		1	2	3	3	0	7	1	301	110401603	1						101	210401601			2																										1	1	1	1	1
521015003	521015003	1	1		2	2	1	1	1											301	7100520			1																										1		2	0	1
8010125	8010125	1	2		4	1	1	1	1											102	8100172			1																										1		2	1	1
8010126	8010126	1	2		4	1	1	1	1											102	8100174			1																										1		2	1	1
91010017	91010017	1	2		4	4	1	1	1											202	191040161			1																										1		0	0	1
511067001	511067001	1	1		1	1	1	1	0											223	101067001			1	1	1	-1	101067002	1																					1		1	0	1
521067001	521067001	1	1		1	2	1	1	0											101	201010101			2	1	1	-1	101067003	1																					0.2;0.2;0.3;0.3		2	0	1
531067001	531067001	1	1		3	1	1	1	1											202	101067004			1	1	1	-1	101067005	1																					1		0	0	1
511068001	511068001	1	1		1	3	1	1	0											102	101068001			1																										1		1	0	1
521068001	521068001	1	1		1	2	1	1	0											101	201100101			2	1	1	-1	101068002	1																					1		2	0	1
531068001	531068001	1	1		3	3	1	1	1											102	210010107			2																										1		0	0	1
511069001	511069001	1	1		1	2	1	1	0											101	201060101			2	1	1	-1	101069001	1																					0.4;0.6		1	0	1
521069001	521069001	1	1		1	4	1	1	0											202	202010102			2	1	1	-1	206030102	2																					1		2	0	1
531069001	531069001	1	1		3	2	1	1	1	1	1	-1	206020105	2						101	301010101			2																										1		0	0	1
511070001	511070001	1	1		1	1	1	1	0											301	101070002			1	1	1	-1	101070003	1																					1		1	0	1
521070001	521070001	1	1		1	2	1	1	0											101	201010101			2	1	1	-1	101070001	1																					0.2;0.2;0.3;0.3		2	0	1
531070001	531070001	1	1		3	2	1	1	1											102	301060102			2																										1		0	0	1
514048001	514048001	1	1		1	3	1	1	1											202	104048001			1	1	1	202	104048001	1																					1		1	0	1
524048001	524048001	1	1		1	2	1	1	1											102	201010102			2	1	1	-1	104048007	1																					1		2	0	1
534048001	534048001	1	1		1	2	1	1	0	1	1	301	104048006	1						101	201010101			2																										1		3	0	1
544048001	544048001	1	1		3	2	1	1	1											102	301060104			2																										1		0	0	1
8010127	8010127	1	2		4	1	1	1	1											102	8100182			1																										1		2	1	1
8010128	8010128	1	2		4	1	1	1	1											202	8100176			1	1	1	-1	8100179	1	1	1	-1	8100180	1																1		2	1	1
9008	9008	1	2		4	1	1	1	1											102	7100139			1																										1		2	1	1
9009	9009	1	2		4	1	1	1	1											102	7100140			1	1	1	-1	7100141	1	1	1	-1	7100142	1																1		2	1	1
9010	9010	1	2		4	1	1	1	1											102	7100143			1																										1		2	1	1
41144001	41144001	7	1		1	2	3	3	0											101	214400101			2	7	1	-1	214400104	2																					0.3;0.3;0.4		1	1	1
42144001	42144001	7	1		2	3	3	3	1											102	114400101			1	7	1	202	114400102	1																					1		2	1	1
43144001	43144001	33554431	1		3	2	25	25	1	33554431	1	301	114400113	1	33554431	2018	301	114400114	1	102	214400102	1	1;0	2																										0.2;0.2;0.2;0.2;0.2		0	1	1
44144001	44144001	7	1		2	3	3	3	1											102	114400101			1																										1		2	1	1
45144001	45144001	7	1		2	1	3	3	1											202	114400102			1																										1		4	1	1
41144008	41144008	7	1		1	2	3	3	1											102	214400801			2	7	1	-1	114400801	1																					1		1	1	1
42144008	42144008	7	1		2	2	3	3	1											102	214400802			2																										1		2	1	1
43144008	43144008	33554431	1		3	2	25	25	1											102	214400803			2	33554431	1	-1	204020101	2																					1		0	1	1
8010129	8010129	1	2		4	1	1	1	1											102	8100185			1	1	1	-1	8100187	1																					1		2	1	1
8010130	8010130	1	2		4	1	1	1	1											102	8100189			1																										1		2	1	1
41804008	41804008	7	1		1	2	3	3	0											101	280400801			2	6	1	301	210010114	2																					1		1	1	1
42804008	42804008	7	1		2	2	3	3	0											101	280400802			2																										0.1;0.1;0.2;0.2;0.4		2	1	1
43804008	43804008	33554431	1		3	2	25	25	0											101	280400803			2	33554431	1	301	180400801	1																					1		0	1	1
44804008	44804008	7	1		2	2	3	3	0											101	280400802			2																										0.1;0.1;0.2;0.2;0.4	1	2	1	1
41805008	41805008	7	1		1	2	3	3	0											101	280500801			2	7	1	-1	180500801	1																					0.5;0.5		1	1	1
42805008	42805008	7	1		2	1	3	3	0											201	280500802			2																										1		2	1	1
43805008	43805008	33554431	1		3	1	25	25	1											202	180500810			1	33554431	1	202	206030103	2																					1		0	1	1
41806008	41806008	7	1		1	2	3	3	0											101	280600801			2	7	1	-1	111502102	1																					1		1	1	1
42806008	42806008	7	1		2	2	3	3	0											101	280600802			2																										0.5;0.5		2	1	1
43806008	43806008	33554431	1		3	2	25	25	0											101	280600803			2	33554431	1	-1	111502102	1																					1		0	1	1
514037002	514037002	1	1		1	2	1	1	1											102	201160102			2																										1		7	0	1
524037004	524037004	1	1		2	2	1	1	1											102	201170102			2																										0.3;0.3;0.4		2	0	1
534037003	534037003	1	1		2	2	1	1	0											301	205020151			2																										1		4	0	1
574037002	574037002	1	1		3	2	1	1	1											102	301060104			2																										1		0	0	1
1010051	1010051	1	2		4	1	1	1	1											102	1010086			1																										1		2	1	1
1010052	1010052	1	2		4	1	1	1	1											102	1010088			1																										1		2	1	1
1010053	1010053	1	2		4	1	1	1	1											202	1010091			1	1	1	133	1010091	1																					1		2	1	1
8010131	8010131	1	2		4	1	1	1	1											202	8100190			1																										1		2	1	1
8010132	8010132	1	2		4	1	1	1	1											102	8100196			1	1	1	202	8100201	1																					1		2	1	1
41129002	41129002	7	1		1	2	3	3	0											101	201010165			2	6	1	301	210010114	2																					0.16;0.16;0.16;0.16;0.16;0.2		1	1	1
42129002	42129002	7	1		2	2	3	3	0											101	201170101			2																										0.16;0.16;0.16;0.16;0.16;0.2		2	1	1
43129002	43129002	33554431	1		3	2	25	25	0						33554431	1	301	214010401	2	101	201010167			2																										0.16;0.16;0.16;0.16;0.16;0.2		0	1	1
41141008	41141008	7	1		1	2	3	3	0											101	214100801			2	6	1	-1	114100801	1																					0.5;0.5		1	1	1
42141008	42141008	7	1		2	1	3	3	1											202	114100802			1																										1		2	1	1
43141008	43141008	33554431	1		3	1	25	25	0											301	114100803			1	33554431	1	301	114100804	1	2184	1	205	114100821	1																1		0	1	1
41403701	41403701	1	2		4	1	1	1	1											102	201220151			2																										1		2	1	1
41403702	41403702	1	2		4	1	1	1	1											102	201220151			2	1	1	202	202010351	2																					1		2	1	1
41403703	41403703	1	2		4	1	1	1	1											102	201220151			2	1	1	202	141403727	1																					1		2	1	1
41403704	41403704	1	2		4	1	1	1	1											102	201220151			2	1	1	202	208010151	2																					1		2	1	1
41403705	41403705	1	2		4	1	1	1	1											102	201220151			2	1	1	202	210010105	2																					1		2	1	1
41403706	41403706	1	2		4	1	1	1	1											102	201220151			2	1	1	202	208010152	2																					1		2	1	1
534037004	534037004	1	1		2	2	1	1	0											301	205020152			2																										1		4	0	1
41403711	41403711	1	1		3	2	1	1	1											105	141403721			1																										1		5	0	1
41403712	41403712	1	1		3	2	1	1	1											105	141403722			1																										1		5	0	1
41403713	41403713	1	1		3	2	1	1	1											105	141403723			1																										1		5	0	1
41403714	41403714	1	1		3	2	1	1	1											105	141403724			1																										1		5	0	1
41403715	41403715	1	1		3	2	1	1	1											105	141403725			1																										1		5	0	1
41403716	41403716	1	1		3	2	1	1	1											105	141403726			1																										1		5	0	1
41403717	41403717	1	1		3	2	1	1	1											301	210010105			2																										1		6	0	1
41403718	41403718	1	1		3	2	1	1	1											301	210010105			2																										1		6	0	1
571103002	571103002	1	1		3	2	1	1	1											102	301110102			2	1	1	-1	7100147	1																					0.5;0.5		0	0	1
1010054	1010054	1	2		4	1	1	1	1											134	1010095			1																										1		2	1	1
534025002	534025002	1	1		2	1	1	1	0											301	104025058			1																										1		3	0	1
41120008	41120008	7	1		1	2	3	3	0											101	212000801			2	6	1	-1	112000811	1																					0.3;0.3;0.4		1	1	1
42120008	42120008	7	1		2	1	3	3	0											201	212000802			2	7	1	-1	112000801	1																					1		2	1	1
43120008	43120008	33554431	1		3	1	25	25	1											202	112000802			1	33554431	1	-1	112000805	1																					1		0	1	1
8010133	8010133	1	2		4	1	1	1	1											202	8100203			1	1	1	202	8100204	1	1	1	202	8100205	1																1		2	1	1
8010134	8010134	1	2		4	1	1	1	1											102	8100207			1	1	1	202	8100209	1																					1		2	1	1
1010035	1010035	1	2		4	1	1	1	1											202	7100148			1	1	1	-1	7100149	1																					1		0	0	1
41125008	41125008	7	1		1	2	3	3	1											102	212500801			2																										0.3;0.3;0.4		1	1	1
42125008	42125008	7	1		2	2	3	3	0											101	212500802			2	7	1	-1	112500801	1																					0.25;0.25;0.25;0.25		2	1	1
43125008	43125008	33554431	1		3	2	25	25	1											102	212500803			2																										1		0	1	1
41119008	41119008	7	1		1	2	3	3	0											101	211900801			2	7	1	301	111900801	1																					1		1	1	1
42119008	42119008	7	1		2	2	3	3	1											102	211900802			2	7	1	202	111900802	1	7	2018	301	111900801	1																1		2	1	1
43119008	43119008	33554431	1		3	2	25	25	1											102	211900803			2	33554431	1	301	211900804	2																					1		0	1	1
8010135	8010135	1	2		4	1	1	1	1											202	8100213			1	1	1	102	8100225	1	1	1	102	8100226	1																1		2	1	1
8010136	8010136	1	2		4	1	1	1	1											202	8100211			1																										1		2	1	1
8010137	8010137	1	2		4	1	1	1	1											102	8100217			1																										1		2	1	1
8010138	8010138	1	2		4	1	1	1	1											202	8100224			1	1	1	102	8100223	1																					1		2	1	1
514003003	514003003	1	1		1	2	1	1	0											101	201010101			2																										1		1	0	1
41133008	41133008	7	1		1	2	3	3	0											101	213300801			2	7	1	202	213300802	2																					1		1	1	1
42133008	42133008	7	1		2	4	3	3	1											202	113300801			1	6	1	-1	206030111	2																					1		2	1	1
43133008	43133008	33554431	1		3	2	25	25	1						33554431	1	-1	206020102	2	102	213300803			2	33554431	1	301	113300802	1																					1		0	1	1
44133008	44133008	7	1		1	2	3	3	1											102	213300801			2	7	1	202	213300802	2																					1		4	1	1
41104007	41104007	7	1		1	2	3	3	0											101	210400701			2	6	1	-1	110400701	1																					1		1	1	1
42104007	42104007	7	1		2	2	3	3	0											101	210400702			2																										0.2;0.2;0.2;0.2;0.2		2	1	1
43104007	43104007	33554431	1		3	2	25	25	0											101	210400703			2	33554431	1	-1	110400702	1																					1		0	1	1
44104007	44104007	33554431	1		3	2	25	25	0											101	210400703			2	33554431	1	-1	110400702	1	33554431	1	-1	110400701	1																1		0	1	1
44123008	44123008	33554431	1		3	2	25	25	0											101	212300803			2	33554431	2022	301	112300809	1																					1		0	1	1
1010055	1010055	1	2		4	1	1	1	1											202	210010106			2																										1		2	1	1
41103003	41103003	7	1		1	4	3	3	1						7	2018	-1	110300310	1	202	210300301			2	7	1	-1	110300301	1																					1		1	1	1
42103003	42103003	7	1		2	2	3	3	0											101	210300302			2																										1		2	1	1
43103003	43103003	33554431	1		3	1	25	25	1											202	110300302			1	33554431	1	-1	110300303	1	33554431	1	301	110300304	1																1		0	1	1
8010139	8010139	1	2		4	1	1	1	1											102	8100228			1	1	1	202	8100230	1																					1		2	1	1
8010140	8010140	1	2		4	1	1	1	1											202	8100231			1																										1		2	1	1
514047002	514047002	1	1		2	2	1	1	0											101	201010131			2	1	1	-1	1010105	1																					1		1	0	1
514046002	514046002	1	1		2	2	1	1	1											102	201010136			2	1	2018	-1	201010101	2																					1		1	0	1
41103017	41103017	7	1		1	2	3	3	1											102	210301701			2																										0.5;0.5		1	1	1
42103017	42103017	7	1		2	1	3	3	0											301	110301703			1	7	1	-1	110301701	1	6	1	-1	110301702	1	7	1	-1	110301720	1											1		2	1	1
43103017	43103017	33554431	1		3	2	25	25	0						33554431	2018	301	110301709	1	101	210301702			2																										1		0	1	1
44103017	44103017	33554431	1		3	2	25	25	0						33554431	2018	301	110301709	1	101	210301702			2																										1	1	0	1	1
41101012	41101012	7	1		1	2	3	3	0						7	2018	301	110101205	1	101	210101201			2																										0.25;0.25;0.25;0.25		1	1	1
42101012	42101012	7	1		2	2	3	3	1											102	210101202			2	7	1	-1	110101201	1																					0.5;0.5		2	1	1
43101012	43101012	33554431	1		3	2	25	25	0	33554431	1	301	110101212	1	33554431	2018	301	110101205	1	101	210101203			2																										1		0	1	1
41102018	41102018	7	1		1	2	3	3	0											101	210201801			2																										1		1	1	1
42102018	42102018	7	1		2	1	3	3	1											202	110201801			1																										1		2	1	1
43102018	43102018	33554431	1		3	2	25	25	0	33554431	1	-1	110201802	1	33554431	1	102	110201803	1	101	210201802			2																										1		0	1	1
41104009	41104009	7	1		1	2	3	3	0											101	210400901			2																										1		1	1	1
42104009	42104009	7	1		2	2	3	3	1											102	210400902			2																										0.3;0.3;0.4		2	1	1
43104009	43104009	33554431	1		3	2	25	25	0											101	210400903			2	33554431	1	-1	204020103	2																					1		0	1	1
8010141	8010141	1	2		4	1	1	1	1											102	8100233			1																										1		2	1	1
41139008	41139008	7	1		1	2	3	3	0											101	413900802			2	7	1	301	13900814	1																					0.125;0.125;0.125;0.125;0.125;0.125;0.125;0.125		1	1	1
42139008	42139008	7	1		2	2	3	3	0											101	201020101			2																										0.125;0.125;0.125;0.125;0.125;0.125;0.125;0.125		2	1	1
43139008	43139008	33554431	1		3	2	25	25	0											101	413900803			2																										1		0	1	1
44139008	44139008	7	1		1	2	3	3	1											102	201090102			2																										1		4	1	1
45139008	45139008	7	1		2	2	3	3	0						7	2018	301	13900816	1	101	201020101			2																										0.125;0.125;0.125;0.125;0.125;0.125;0.125;0.125	1	2	1	1
46139008	46139008	7	1		2	2	3	3	0											101	413900801			2																										0.125;0.125;0.125;0.125;0.125;0.125;0.125;0.125	1	2	1	1
41143008	41143008	7	1		1	2	3	3	0											101	214300801			2	7	1	-1	214300804	2																					0.15;0.15;0.15;0.15;0.15;0.25		1	1	1
42143008	42143008	7	1		2	2	3	3	0											101	214300802			2	7	1	-1	114300801	1																					1		2	1	1
43143008	43143008	33554431	1		3	2	25	25	0											101	214300803			2																										1		0	1	1
44143008	44143008	33554431	1		3	2	25	25	0											101	214300806			2																										1		0	1	1
45143008	45143008	7	1		2	2	3	3	0						7	1	301	114300810	1	101	214300802			2	7	1	-1	114300801	1																					1		2	1	1
41122008	41122008	7	1		1	2	3	3	0											101	212200801			2																										0.5;0.5		1	1	1
42122008	42122008	7	1		2	1	3	3	0											301	112200803			1	7	1	-1	112200802	1																					1		2	1	1
43122008	43122008	33554431	1		3	4	25	25	0											301	212200804			2																										1		0	1	1
44122008	44122008	7	1		1	2	3	3	1											102	212200802			2																										1		4	1	1
45122008	45122008	7	1		2	4	3	3	1											202	212200803			2																										1		5	1	1
46122008	46122008	33554431	1	2	3	1	25	25	0																																									1		6	1	1
584030001	584030001	1	1		2	2	1	1	0											101	201040101			2	1	1	-1	102321101	1																					1		5	0	1
594030001	594030001	1	1		2	2	1	1	0											101	301040101			2																										1		2	0	1
8010142	8010142	1	2		4	1	1	1	1											102	8100236			1	1	1	-1	8100238	1	1	1	202	8100240	1																1		2	1	1
8010143	8010143	1	2		4	1	1	1	1											102	8100241			1																										1		2	1	1
1010056	1010056	1	2		4	1	1	1	1											102	1010107			1																										1		2	1	1
1010057	1010057	1	2		4	1	1	1	1											102	1010109			1																										1		2	1	1
1010058	1010058	1	2		4	1	1	1	1											102	1010112			1	1	1	-1	1010114	1																					1		2	1	1
8010144	8010144	1	2		4	1	1	1	1											102	8100241			1	1	1	202	8100243	1																					1		2	1	1
8010145	8010145	1	2		4	1	1	1	1											301	8100244			1	1	1	102	8100246	1																					1		2	1	1
41149008	41149008	7	1		1	2	3	3	0											101	214900801			2	6	1	301	210010114	2																					0.5;0.5		1	1	1
42149008	42149008	7	1		2	2	3	3	1											102	214900802			2																										1		2	1	1
43149008	43149008	33554431	1		3	2	25	25	0											101	214900803			2	33554431	1	301	114900802	1	33554431	1	301	114900810	1																1		0	1	1
41152008	41152008	7	1		1	2	3	3	0											101	215200801			2	7	1	-1	115200801	1																					1		1	1	1
42152008	42152008	7	1		2	1	3	3	0											201	115200802			1	7	1	-1	215200802	2																					1		2	1	1
43152008	43152008	33554431	1		3	1	25	25	1											202	115200816			1																										1		0	1	1
44152008	44152008	7	1		2	1	3	3	0											201	115200807			1	7	1	-1	215200802	2																					1		2	1	1
511071001	511071001	1	1		1	2	1	1	0											101	201040101			2																										1		1	0	1
511071002	511071002	1	1		1	2	1	1	0	1	1	301	101071001	1						101	201010123			2																										1		2	0	1
511071003	511071003	1	1		3	2	1	1	0	1	1	-1	101071002	1						101	301040103			2																										0.1;0.1;0.1;0.1;0.3;0.3		0	0	1
511073001	511073001	1	1		1	2	1	1	0											101	201090101			2																										1		1	0	1
511073002	511073002	1	1		1	2	1	1	0	1	1	301	101071001	1						101	201010123			2																										1		2	0	1
511073003	511073003	1	1		3	2	1	1	0	1	1	301	101073001	1						101	301090103			2																										0.1;0.1;0.1;0.1;0.3;0.3		0	0	1
511072001	511072001	1	1		1	2	1	1	0											101	201010101			2																										0.2;0.2;0.2;0.4		1	0	1
511072002	511072002	1	1		1	4	1	1	1											202	202010104			2																										1		2	0	1
511072003	511072003	1	1		3	2	1	1	0	1	1	-1	101072002	1						101	301020201			2																										1		0	0	1
511074001	511074001	1	1		1	2	1	1	0											101	201010101			2																										0.2;0.2;0.2;0.4		1	0	1
511074002	511074002	1	1		1	1	1	1	1											202	101074001			1																										1		2	0	1
511074003	511074003	1	1		3	2	1	1	0	1	1	-1	101074002	1						101	301020201			2																										1		0	0	1
8010146	8010146	1	2		4	1	1	1	1											202	8100247			1	1	1	202	8100248	1																					1		2	1	1
8010147	8010147	1	2		4	1	1	1	1											102	8100250			1	1	1	202	8100252	1																					1		2	1	1
8010148	8010148	1	2		4	1	1	1	1											102	8100255			1																										1		2	1	1
8010149	8010149	1	2		4	1	1	1	1											102	8100257			1	1	1	202	8100252	1																					1		2	1	1
8010150	8010150	1	2		4	1	1	1	1											102	8100261			1	1	1	202	8100263	1																					1		2	1	1
8010151	8010151	1	2		4	1	1	1	1											102	8100257			1	1	1	301	8100266	1																					1		2	1	1
518013001	518013001	1	1		1	2	1	1	0											101	201010101			2	1	1	-1	210010106	2																					1		1	0	1
528013001	528013001	1	1		1	2	1	1	0											102	201010102			2	1	1	-1	104034051	1																					0.3;0.3;0.4		2	0	1
538013001	538013001	1	1		3	2	1	1	1											102	201090104			2																										1		0	0	1
8010152	8010152	1	2		4	1	1	1	1											202	8100269			1	1	1	102	8100217	1																					1		2	1	1
8010153	8010153	1	2		4	1	1	1	1											202	8100271			1																										1		2	1	1
514024001	514024001	1	1		1	1	1	1	0											101	201010101			2	1	1	-1	7100550	1																					1		1	0	1
524024001	524024001	1	1		2	2	1	1	0											301	7100551			1	1	1	-1	101009053	1																					1		2	0	1
534024001	534024001	1	1		2	1	1	1	1											102	201010102			2	1	2011	301	7100552	1																					0.5;0.5		3	0	1
544024001	544024001	1	1		3	1	1	1	0											101	201010103			2																										1		0	0	1
8010154	8010154	1	2		4	1	1	1	1											202	7100556			1	1	1	-1	7100557	1	1	1	-1	1010049	1																1		2	1	1
9010017	9010017	1	2		4	4	1	1	1						1	1	-1	413300801	2	202	210010103			2	1	1	202	101001699	1																					1		0	0	1
8010155	8010155	1	2		4	1	1	1	1											202	8100273			1																										1		2	1	1
41104013	41104013	7	1		1	2	3	3	0											101	210401301			2	7	1	-1	111502102	1																					1		1	1	1
42104013	42104013	7	1		1	2	3	3	1											102	210401302			2																										1		2	1	1
43104013	43104013	33554431	1		3	2	25	25	1						33554431	9546	202	110401301	1	102	210401303			2																										1		0	1	1
44104013	44104013	33554431	1		3	2	25	25	1						33554431	9546	202	110401313	1	102	210401303			2																										1		0	1	1
45104013	45104013	7	1		1	2	3	3	1											102	210401302			2																										1	1	2	1	1
41106011	41106011	7	1		1	2	3	3	0											101	210601101			2																										1		1	1	1
42106011	42106011	7	1		1	2	3	3	0											101	210601102			2	7	1	-1	310601101	1																					1		2	1	1
43106011	43106011	33554431	1		3	2	25	25	0											101	210601103			2																										1		0	1	1
92001999	92001999	1	2		4	1	1	1	1											326	92001989			1																										1		2	1	1
92001989	92001989	1	2		4	1	1	1	1											202	92001999			1																										1		2	1	1
92001979	92001979	1	2		4	1	1	1	1											202	92001978			1	1	1	102	92001979	1																					1		2	1	1
41153008	41153008	7	1		1	2	3	3	0											101	215300801			2																										0.16;0.16;0.17;0.17;0.17;0.17		1	1	1
42153008	42153008	7	1		1	2	3	3	0											101	215300802			2	7	1	301	115300802	1																					1		2	1	1
44153008	44153008	7	1		1	2	3	3	0											101	215300803			2																										1		4	1	1
45153008	45153008	7	1		1	2	3	3	0											101	215300804			2	7	1	103	215300806	2																					0.3;0.3;0.4		5	1	1
43153008	43153008	33554431	1		3	1	25	25	0	33554431	1	-1	115300814	1	33554431	1	-1	215300813	2	301	215300807			2	33554431	1	-1	115300801	1	33554431	1	-1	115300811	1	33554431	1	-1	215300808	2	33554431	1	-1	115300813	1	33554431	1	-1	215300812	2	1		6	1	1
46153008	46153008	33554431	1		3	2	25	25	0											102	215300805			2	33554431	1	301	115300812	1	33554431	1	301	215300811	2	33554431	1	301	215300810	2	33554431	1	-1	215300814	2						1		0	1	1
41151008	41151008	7	1		1	2	3	3	0											101	215100801			2																										0.3;0.3;0.4		1	1	1
42151008	42151008	7	1		1	2	3	3	0											101	215100802			2	7	1	301	115100801	1																					1		2	1	1
43151008	43151008	33554431	1		3	2	25	25	0						33554431	9555	301	115100802	1	101	215100803			2																										1		0	1	1
44151008	44151008	33554431	1		3	2	25	25	0						33554431	9555	301	115100809	1	101	215100803			2																										1		0	1	1
41150008	41150008	7	1		1	2	3	3	0											101	215000801			2																										0.3;0.3;0.4		1	1	1
42150008	42150008	7	1		1	4	3	3	1											202	215000802			2	7	1	-1	115000801	1																					1		2	1	1
43150008	43150008	33554431	1		3	4	25	25	1						33554431	9555	202	115000812	1	202	215000803			2																										1		0	1	1
44150008	44150008	33554431	1		3	4	25	25	1						33554431	9555	202	115000815	1	202	215000803			2																										1		0	1	1
41148008	41148008	7	1		1	2	3	3	0											101	214800801			2																										1		1	1	1
42148008	42148008	7	1		1	2	3	3	1											102	214800802			2	7	1	-1	114800801	1																					1		2	1	1
43148008	43148008	33554431	1		3	2	25	25	0											101	214800803			2																										1		0	1	1
44148008	44148008	7	1		1	2	3	3	0											101	214800804			2																										1		1	1	1
45148008	45148008	7	1		1	2	3	3	1											102	214800802			2	7	1	-1	114800805	1																					1		2	1	1
46148008	46148008	33554431	1		3	2	25	25	0						33554431	1	202	115100801	1	101	214800803			2																										1		0	1	1
514019001	514019001	1	1		1	2	1	1	0											101	201010101			2																										0.1;0.1;0.2;0.2;0.2;0.2		1	0	1
524019001	524019001	1	1		1	2	1	1	0											101	201010139			2	1	1	-1	204050153	2																					1		2	0	1
534019001	534019001	1	1		1	2	1	1	0											130	201160101			2																										1		3	0	1
544019001	544019001	1	1		1	1	1	1	0											301	206030104			2	1	1	-1	104019001	1																					1		4	0	1
554019001	554019001	1	1		3	2	1	1	1											102	201160104			2	1	1	-1	204050153	2																					1		0	0	1
1010059	1010059	1	2		4	1	1	1	1											202	1010116			1																										1		2	1	1
8010156	8010156	1	2		4	1	1	1	1											102	8100275			1																										1		2	1	1
8010157	8010157	1	2		4	1	1	1	1											202	8100277			1																										1		2	1	1
8010158	8010158	1	2		4	1	1	1	1											102	8100261			1	1	1	202	8100263	1																					1		2	1	1
8010159	8010159	1	2		4	1	1	1	1											301	8100266			1																										1		2	1	1
8010160	8010160	1	2		4	1	1	1	1											102	8100279			1																										1		2	1	1
8010161	8010161	1	2		4	1	1	1	1											202	8100282			1	1	1	202	8100283	1																					1		2	1	1
8010162	8010162	1	2		4	1	1	1	1											102	8100285			1	1	1	202	8100287	1																					1		2	1	1
8010163	8010163	1	2		4	1	1	1	1											102	8100289			1	1	1	-1	8100291	1																					1		2	1	1
8010164	8010164	1	2		4	1	1	1	1											102	8100293			1	1	1	202	8100295	1																					1		2	1	1
8010165	8010165	1	2		4	1	1	1	1											102	8100303			1	1	1	301	8100300	1																					1		2	1	1
8010166	8010166	1	2		4	1	1	1	1											102	8100297			1																										1		2	1	1
41803001	41803001	7	1		1	2	3	3	0											101	280300101			2	7	1	105	180300101	1																					1		1	1	1
42803001	42803001	7	1		2	2	3	3	0											101	280300102			2	7	1	-1	180300102	1																					0.2;0.2;0.2;0.2;0.2		2	1	1
43803001	43803001	33554431	1		3	1	25	25	1											202	180300802			1	33554431	1	301	180300103	1	33554431	1	301	180300104	1																1		0	1	1
44803001	44803001	7	1		2	4	3	3	0						7	1	301	180300103	1	334	280300102			2	7	1	-1	180300102	1	7	1	301	280300103	2																0.2;0.2;0.2;0.2;0.2	1	2	1	1
514051001	514051001	1	1		1	2	1	1	0											101	201010101			2																										0.1;0.1;0.2;0.2;0.2;0.2		1	0	1
524051001	524051001	1	1		1	1	1	1	0											301	1010126			1	1	1	301	315020104	2																					1		2	0	1
534051001	534051001	1	1		1	2	1	1	1											102	201010144			2	1	1	130	115400817	1																					1		3	0	1
544051001	544051001	1	1		1	2	1	1	0											101	201130101			2																										0.3;0.3;0.4		4	0	1
554051001	554051001	1	1		3	2	1	1	1											102	301130104			2	1	1	-1	115400817	1																					1		0	0	1
8010167	8010167	1	2		4	1	1	1	1											102	8100305			1	1	1	202	8100309	1																					1		2	1	1
8010168	8010168	1	2		4	1	1	1	1											102	8100307			1	1	1	202	8100311	1																					1		2	1	1
41154008	41154008	7	1		1	2	3	3	0											101	215400801			2	7	1	301	215400804	2																					1		1	1	1
42154008	42154008	7	1		2	2	3	3	0											101	215400802			2	7	1	-1	115400805	1																					1		2	1	1
43154008	43154008	33554431	1		3	2	25	25	0											101	215400805			2	33554431	1	-1	215400803	2	33554431	1	-1	215400809	2																1		0	1	1
44154008	44154008	33554431	1		3	2	25	25	0											101	215400805			2	33554431	1	-1	215400808	2	33554431	1	-1	215400809	2																1		0	1	1
41146008	41146008	7	1		1	2	3	3	0											101	214600801			2	7	1	-1	114600806	1																					1		1	1	1
42146008	42146008	7	1		2	2	3	3	0											101	214600802			2	7	1	-1	180300102	1																					0.2;0.2;0.2;0.2;0.2		2	1	1
43146008	43146008	33554431	1		3	2	25	25	0											101	214600803			2	33554431	1	-1	114600801	1	33554431	1	-1	114600803	1																1		0	1	1
44146008	44146008	33554431	1		3	2	25	25	0	33554431	1	-1	114600801	1	33554431	1	-1	114600803	1	101	214600803			2																										1		0	1	1
1010060	1010060	1	2		4	1	1	1	1											202	1010134			1	1	1	134	1010132	1																					1		2	1	1
1010061	1010061	1	2		4	1	1	1	1											134	1010135			1																										1		0	0	1
1010062	1010062	1	2		4	1	1	1	1											102	201211057			2																										1		0	0	1
8010169	8010169	1	2		4	1	1	1	1											301	8100316			1	1	1	202	8100313	1																					1		2	1	1
8010170	8010170	1	2		4	1	1	1	1											202	8100314			1	1	1	202	8100315	1																					1		2	1	1
7100201	7100201	1	2		4	1	1	1	1											202	7100201			1	1	1	202	7100203	1	1	1	102	7100209	1																1		2	1	1
7100205	7100205	1	2		4	1	1	1	1											202	8100295			1	1	1	102	7100209	1																					1		2	1	1
7100206	7100206	1	2		4	1	1	1	1											202	7100206			1	1	1	102	7100209	1																					1		2	1	1
8010171	8010171	1	2		4	1	1	1	1											102	8100317			1																										1		2	1	1
8010172	8010172	1	2		4	1	1	1	1											102	8100319			1																										1		2	1	1
511075001	511075001	1	1		1	2	1	1	0											101	201010101			2																										0.4;0.6		1	0	1
521075001	521075001	1	1		2	2	1	1	1											102	201010102			2	1	1	-1	101075001	1																					1		2	0	1
571075001	571075001	1	1		3	2	1	1	1											102	301070102			2	1	1	-1	204050151	2																					0.2;0.3;0.5		0	0	1
511076001	511076001	1	1		1	2	1	1	0											101	201010101			2																										1		1	0	1
521076001	521076001	1	1		2	2	1	1	0											101	201010101			2	1	1	-1	101076001	1																					1		2	0	1
571076001	571076001	1	1		3	2	1	1	0	1	1	301	101076002	1						101	201040101			2																										1		0	0	1
511077001	511077001	1	1		1	2	1	1	0											101	201010101			2																										0.4;0.6		1	0	1
521077001	521077001	1	1		2	2	1	1	1											102	201010102			2	1	1	-1	204050151	2																					1		2	0	1
571077001	571077001	1	1		3	2	1	1	1											102	201250104			2																										0.2;0.3;0.5		0	0	1
511078001	511078001	1	1		1	2	1	1	0											101	201010101			2																										1		1	0	1
521078001	521078001	1	1		2	2	1	1	1											102	201010102			2	1	1	-1	204050151	2																					1		2	0	1
571078001	571078001	1	1		3	2	1	1	0											102	201250103			2																										0.15;0.15;0.15;0.15;0.4		0	0	1
511079001	511079001	1	1		1	2	1	1	0											101	201040101			2																										1		1	0	1
521079001	521079001	1	1		2	3	1	1	0											101	101079001			1	1	1	-1	101079002	1																					1		2	0	1
571079001	571079001	1	1		3	2	1	1	0											101	301010101			2																										0.2;0.4;0.1;0.1;0.1;0.1		0	0	1
511081001	511081001	1	1		1	2	1	1	0											101	201040101			2																										1		1	0	1
521081001	521081001	1	1		2	1	1	1	0											301	101081001			1	1	1	-1	300212052	2																					1		2	0	1
571081001	571081001	1	1		3	2	1	1	0											101	301040102			2																										1		0	0	1
511080001	511080001	1	1		1	2	1	1	0											101	201010101			2																										0.6;0.2;0.2		1	0	1
521080001	521080001	1	1		2	2	1	1	1											102	201010102			2																										0.25;0.25;0.25;0.25		2	0	1
571080001	571080001	1	1		3	2	1	1	0											101	301040102			2																										0.2;0.2;0.1;0.2;0.2;0.1		0	0	1
514050001	514050001	1	1		1	2	1	1	0											101	201070101			2	1	9491	-1	544050001	3																					1		1	0	1
524050001	524050001	1	1		2	1	1	1	1											202	104050001			1	1	1	-1	104050004	1																					1		2	0	1
534050001	534050001	1	1		2	3	1	1	1											102	104050002			1	1	1	-1	104050003	1																					1		3	0	1
544050001	544050001	1	1		2	2	1	1	1											102	201010102			2	1	1	-1	104050011	1																					1		4	0	1
574050001	574050001	1	1		3	2	1	1	0											101	301060103			2																										0.3;0.3;0.1;0.1;0.1;0.1		0	0	1
8010173	8010173	1	2		4	1	1	1	1											202	8100323			1	1	1	102	8100324	1																					1		2	1	1
8010174	8010174	1	2		4	1	1	1	1											202	8100326			1	1	1	102	8100327	1																					1		2	1	1
8010175	8010175	1	2		4	1	1	1	1											301	8100322			1	1	1	202	8100321	1																					1		2	1	1
8010176	8010176	1	2		4	1	1	1	1											202	8100329			1	1	1	202	8100330	1																					1		2	1	1
8010177	8010177	1	2		4	1	1	1	1											202	8100337			1	1	1	202	8100335	1																					1		2	1	1
8010178	8010178	1	2		4	1	1	1	1											202	8100332			1	1	1	202	8100333	1																					1		2	1	1
8010179	8010179	1	2		4	1	1	1	1											202	8100339			1	1	1	202	8100341	1																					1		2	1	1
8010180	8010180	1	2		4	1	1	1	1											202	8100351			1	1	1	202	8100353	1																					1		2	1	1
8010181	8010181	1	2		4	1	1	1	1											102	8100343			1	1	1	-1	8100345	1																					1		2	1	1
8010182	8010182	1	2		4	1	1	1	1											202	8100355			1	1	1	202	8100357	1																					1		2	1	1
8010183	8010183	1	2		4	1	1	1	1											102	8100347			1	1	1	-1	8100349	1																					1		2	1	1
518014001	518014001	1	1		1	2	1	1	0											101	201010101			2	1	1	101	102421101	1																					1		1	0	1
528014001	528014001	1	1		2	2	1	1	1											102	201010102			2	1	1	102	108014013	1																					1		2	0	1
538014001	538014001	1	1		2	1	1	1	1											202	206030103			2	1	1	301	108014014	1	1	1	202	108014015	1																1		3	0	1
548014001	548014001	1	1		2	1	1	1	0											105	201010101			2																										0.3;0.3;0.4		4	0	1
578014001	578014001	1	1		3	1	1	1	0											105	201100103			2																										1		0	0	1
8010184	8010184	1	2		4	1	1	1	1											202	8100359			1																										1		2	1	1
8010185	8010185	1	2		4	1	1	1	1											102	8100361			1																										1		2	1	1
8010186	8010186	1	2		4	1	1	1	1											102	8100363			1	1	1	202	8100365	1																					1		2	1	1
8010187	8010187	1	2		4	1	1	1	1											102	8100367			1																										1		2	1	1
8010188	8010188	1	2		4	1	1	1	1											102	8100369			1	1	1	202	8100371	1																					1		2	1	1
511002041	511002041	1	1		1	2	1	1	0											101	201010101			2																										1		1	0	1
521002041	521002041	1	1		2	1	1	1	0											301	10100201			1																										1		2	0	1
571002041	571002041	1	1		3	2	1	1	1	1	1	-1	10100202	1						102	301010102			2	1	1	301	209010151	2																					1		0	0	1
511045043	511045043	1	1		1	2	1	1	0											101	201010101			2																										1		1	0	1
521045043	521045043	1	1		2	1	1	1	1											202	210010101			2																										1		2	0	1
571045043	571045043	1	1		3	2	1	1	0											101	301010101			2	1	1	101	201210353	2																					1		0	0	1
514022041	514022041	1	1		1	2	1	1	0											101	201010101			2																										1		1	0	1
524022041	524022041	1	1		2	2	1	1	1	1	1	-1	10402243	1						102	201010102			2																										1		2	0	1
534022041	534022041	1	1		2	1	1	1	1											202	210010101			2																										1		3	0	1
544022041	544022041	1	1		2	1	1	1	0											101	201210354			2																										1		4	0	1
574022041	574022041	1	1		3	2	1	1	0											101	301010101			2	1	1	301	10402244	1																					1		0	0	1
41103012	41103012	7	1		1	2	3	1	0											101	210301201			2	7	1	202	110301201	1																7	2019	301	110301207	1	0.5;0.5		1	1	1
42103012	42103012	7	1		1	2	3	1	0											101	210301202			2	7	1	251	110301202	1	7	1	301	110301218	1											7	2019	301	110301207	1	0.25;0.25;0.25;0.25		2	1	1
43103012	43103012	33554431	1		3	2	25	25	0											101	210301203			2	33554431	1	301	210301212	2	33554431	1	301	210301213	2	33554431	9607	301	110301204	1	33554431	9607	301	110301203	1						1		0	1	1
44103012	44103012	7	1		1	2	3	1	0											101	210301201			2	7	1	301	210301204	2	7	1	-1	210301205	2											7	2019	301	110301207	1	0.3;0.3;0.4		4	1	1
45103012	45103012	7	1		1	2	3	1	0											101	210301202			2	7	9606	301	210301206	2	7	9606	-1	210301207	2											7	2019	301	110301207	1	0.2;0.2;0.2;0.2;0.2		5	1	1
46103012	46103012	33554431	1		3	2	25	25	0											101	210301203			2	33554431	9607	301	110301204	1	33554431	9607	301	110301203	1																1		0	1	1
41126008	41126008	7	1		1	2	3	1	1											102	212600801			2																										1		1	1	1
42126008	42126008	7	1		1	2	3	1	0											101	212600802	3	1;0.35;0.3	2																										1;1		2	1	1
43126008	43126008	33554431	1		3	2	25	25	1											102	212600803			2	33554431	1	301	112600801	1																					1		0	1	1
44126008	44126008	7	1		1	2	3	1	0											101	212600802	3	1;0.35;0.3	2																										1;1;1;1		4	1	1
45126008	45126008	7	1		1	2	3	1	0											101	212600802	3	1;0.35;0.3	2																										1;1;1;1;1;1		5	1	1
46126008	46126008	33554431	1		3	2	25	25	1											102	212600803			2	33554431	2018	-1	212600804	2	33554431	1	301	112600801	1																1		0	1	1
41147008	41147008	7	1		1	2	3	1	1											102	214700801			2																										1		1	1	1
42147008	42147008	7	1		1	1	3	1	1	7	1	202	114700800	1						102	900011			1	7	1	301	114700801	1																					1		2	1	1
43147008	43147008	33554431	1		3	1	25	25	1											202	214700802			2	33554431	1	301	114700801	1																					1		0	1	1
44147008	44147008	7	1		1	1	3	1	1	7	1	202	114700809	1						102	900011			1	7	1	301	114700801	1																					1		2	1	1
45147008	45147008	7	1		1	2	3	1	1											102	214700801			2	7	1	337	114700809	1																					1		1	1	1
41138001	41138001	7	1		1	2	3	3	0						7	9551	230	113800107	1	101	213800101			2	7	1	230	213800102	2																					0.3;0.3;0.4		1	1	1
42138001	42138001	7	1		2	1	3	3	0											201	113800101			1	7	9551	-1	113800107	1																					1		2	1	1
43138001	43138001	33554431	1		3	1	25	25	1											202	113800102			1																										1		0	1	1
44138001	44138001	33554431	1		3	1	25	25	1											202	113800109			1																										1		0	1	1
41159008	41159008	7	1		1	2	3	1	0											101	215900801			2	7	1	301	115900801	1																					0.5;0.5		1	1	1
42159008	42159008	7	1		2	1	3	1	0											101	115900802			1	7	9593	301	115900803	1	7	2029	301	115900804	1	7	2030	301	115900805	1											1		2	1	1
43159008	43159008	33554431	1		3	2	25	25	0											101	215900802			2	33554431	9593	301	115900828	1	33554431	2029	301	115900829	1	33554431	2030	301	115900830	1											1		0	1	1
44159008	44159008	7	1		2	5	3	1	0	7	2018	-1	115900812	1						101	215900803			2	7	2018	301	215900805	2	7	1	301	115900824	1																1		4	1	1
45159008	45159008	7	1		2	5	3	1	0	7	2018	-1	115900812	1						101	215900804			2	7	2018	301	215900805	2	7	1	301	115900824	1																1		5	1	1
8010189	8010189	1	2		4	1	1	1	1											202	8100374			1	1	1	301	8100376	1																					1		2	1	1
8010190	8010190	1	2		4	1	1	1	1											202	8100378			1	1	1	301	8100380	1	1	1	301	8100382	1																1		2	1	1
8010191	8010191	1	2		4	1	1	1	1											202	8100384			1	1	1	301	8100386	1																					1		2	1	1
8010192	8010192	1	2		4	1	1	1	1											202	8100388			1	1	1	301	8100390	1	1	1	301	8100392	1																1		2	1	1
8010193	8010193	1	2		4	1	1	1	1											102	8100394			1																										1		2	1	1
8010194	8010194	1	2		4	1	1	1	1											202	8100378			1	1	1	301	8100380	1	1	1	301	8100382	1																1		2	1	1
8010195	8010195	1	2		4	1	1	1	1											102	8100367			1																										1		2	1	1
8010196	8010196	1	2		4	1	1	1	1											202	8100388			1	1	1	301	8100390	1	1	1	301	8100392	1																1		2	1	1
8010197	8010197	1	2		4	1	1	1	1											202	8100374			1	1	1	102	8100402	1																					1		2	1	1
8010198	8010198	1	2		4	1	1	1	1											202	8100378			1	1	1	301	8100380	1	1	1	301	8100382	1																1		2	1	1
8010199	8010199	1	2		4	1	1	1	1											202	8100384			1	1	1	102	8100403	1																					1		2	1	1
8010200	8010200	1	2		4	1	1	1	1											202	8100388			1	1	1	301	8100390	1	1	1	301	8100392	1																1		2	1	1
41128008	41128008	7	1		1	2	3	1	1											101	212800801			2																										0.3;0.3;0.4		1	1	1
42128008	42128008	7	1		1	2	3	1	1											102	212800802			2	7	1	251	112800801	1																					1		2	1	1
43128008	43128008	33554431	1		3	2	25	25	1											102	212800803			2	33554431	1	301	212800804	2																					0.2;0.2;0.2;0.2;0.2		0	1	1
41131001	41131001	7	1		1	2	3	1	0											101	213100101			2	7	1	301	113100104	1	6	1	301	113100101	1	4	1	101	113100102	1											0.5;0.5		1	1	1
42131001	42131001	7	1		2	2	3	1	0											101	213100102			2	7	1	301	113100104	1	7	1	301	113100103	1																0.125;0.125;0.125;0.125;0.125;0.125;0.125;0.125		2	1	1
43131001	43131001	33554431	1		3	2	25	25	0											101	213100104			2	33554431	1	301	213100105	2																					1		0	1	1
44131001	44131001	7	1		2	2	3	1	0											101	213100103			2	7	1	301	113100104	1	7	1	301	113100103	1																0.125;0.125;0.125;0.125;0.125;0.125;0.125;0.125		2	1	1
45131001	45131001	33554431	1		3	2	25	25	0											101	213100108			2	33554431	1	301	213100105	2																					1		0	1	1
8010201	8010201	1	2		4	1	1	1	1											202	8100404			1	1	1	202	8100406	1																					1		2	1	1
8010202	8010202	1	2		4	1	1	1	1											202	8100408			1	1	1	202	8100410	1																					1		2	1	1
8010203	8010203	1	2		4	1	1	1	1											202	8100412			1																										1		2	1	1
8010204	8010204	1	2		4	1	1	1	1											102	8100414			1																										1		2	1	1
41160008	41160008	7	1		1	2	3	1	0											101	216000801			2																										1		1	1	1
42160008	42160008	7	1		1	2	3	1	0											101	216000802			2	7	1	-1	116000801	1																					0.2;0.4;0.4		2	1	1
43160008	43160008	33554431	1		3	2	25	25	0											101	216000803			2	33554431	2011	-1	116000810	1																					1		0	1	1
44160008	44160008	33554431	1		3	2	25	25	0											101	216000803			2	33554431	2011	-1	116000811	1																					1		0	1	1
41161008	41161008	7	1		1	2	3	1	0											101	216100801			2	7	2023	-1	116100801	1																					0.2;0.2;0.3;0.3		1	1	1
42161008	42161008	7	1		1	4	3	1	0											230	216100802			2	7	1	-1	116100802	1	7	1	-1	116100803	1																1		2	1	1
43161008	43161008	33554431	1		3	2	25	25	1	33554431	1	301	116100806	1	33554431	1	-1	216100811	2	102	216100803			2	33554431	1	202	116100807	1	33554431	1	301	216100805	2																1		0	1	1
44161008	44161008	7	1		1	2	3	1	1											102	216100801			2	7	2023	-1	116100801	1																					0.2;0.2;0.3;0.3		1	1	1
45161008	45161008	7	1		1	4	3	1	0											230	216100802			2	7	1	202	116100802	1	7	1	202	116100803	1	7	1	301	216100804	2											1		2	1	1
46161008	46161008	33554431	1		3	2	25	25	1	33554431	1	301	116100806	1	33554431	1	-1	216100811	2	102	216100803			2	33554431	1	202	116100807	1	33554431	1	301	216100808	2	33554431	1	301	216100809	2											1		0	1	1
8010205	8010205	1	2		4	1	1	1	1											102	8100416			1	1	1	202	8100418	1																					1		2	1	1
8010206	8010206	1	2		4	1	1	1	1											102	8100417			1	1	1	202	8100420	1																					1		2	1	1
514052001	514052001	1	1		1	2	1	1	0											101	3405200101			2	1	9619	-1	3405200102	2																					0.3;0.3;0.4		1	1	1
524052001	524052001	1	1		2	2	1	1	1											102	3405200103			2	1	9619	301	1405200103	1																					0.2;0.2;0.2;0.2;0.2		2	1	1
574052001	574052001	1	1		3	2	1	1	1											102	3405200104			2	1	9620	-1	3405200105	2	1	9620	-1	3405200106	2	1	1	202	1405200101	1											1		0	1	1
544052001	544052001	1	1		2	5	1	1	1											102	1405200102			1																										1		4	1	1
8010207	8010207	1	2		4	1	1	1	1											202	8100422			1																										1		2	1	1
8010208	8010208	1	2		4	1	1	1	1											202	8100424			1																										1		2	1	1
8010209	8010209	1	2		4	1	1	1	1											102	8100426			1																										1		2	1	1
8010210	8010210	1	2		4	1	1	1	1											202	8100427			1	1	1	202	8100428	1	1	1	202	8100429	1																1		2	1	1
51145008	51145008	1	1		2	2	1	1	0											101	314500803			2																										0.4;0.6		1	1	1
52145008	52145008	1	1		1	2	1	1	0											101	314500801			2	1	1	301	1314500801	1																					0.3;0.3;0.4		2	1	1
57145008	57145008	1	1		3	2	1	1	0											136	314500805			2	1	1	301	1314500801	1	1	1	-1	1314500802	1																1		0	1	1
54145008	54145008	1	1		2	2	1	1	0	1	2022	-1	1314500810	1						101	314500803			2						1	2022	103	314500804	2																0.4;0.6		1	1	1
55145008	55145008	1	1		1	2	1	1	0											101	314500801			2	1	1	301	1314500801	1																					0.3;0.3;0.4		2	1	1
511027002	511027002	1	1		1	2	1	1	0											101	3102700201			2																										1		1	1	1
521027002	521027002	1	1		1	2	1	1	0																																									1		1	1	1
531027002	531027002	1	1		3	2	1	1	0																																									1		1	1	1
8010211	8010211	1	2		4	1	1	1	1											202	8100431			1																										1		2	1	1
8010212	8010212	1	2		4	1	1	1	1											202	8100435			1																										1		2	1	1
41156008	41156008	7	1		1	2	3	1	0						7	1	102	215600806	2	101	215600801			2	7	1	-1	115600801	1																7	1	-1	115700801	1	0.125;0.125;0.125;0.125;0.125;0.125;0.125;0.125		1	1	1
42156008	42156008	7	1		1	1	3	1	0											201	115600803			1	7	1	-1	115600814	1																					1		2	1	1
43156008	43156008	33554431	1		3	1	25	25	1											202	115600805			1	33554431	1	301	115600807	1	33554431	1	301	115600808	1	33554431	1	301	115600823	1											1		0	1	1
44156008	44156008	7	1		1	2	3	1	0											101	215600801			2	7	1	-1	115600802	1																7	1	-1	115700801	1	0.125;0.125;0.125;0.125;0.125;0.125;0.125;0.125	1	1	1	1
45156008	45156008	7	1		3	2	3	1	0											101	215600803			2	7	1	301	215600804	2																					0.125;0.125;0.125;0.125;0.125;0.125;0.125;0.125	1	1	1	1
46156008	46156008	7	1		1	2	3	1	0						7	1	102	215600807	2	101	215600801			2	7	1	-1	115600818	1																7	1	-1	115700801	1	0.125;0.125;0.125;0.125;0.125;0.125;0.125;0.125		1	1	1
47156008	47156008	7	1		1	1	3	1	0											201	115600820			1	7	1	-1	115600814	1																					1		2	1	1
48156008	48156008	7	1		1	2	3	1	1											101	215600805			2	7	1	301	215600804	2																					0.125;0.125;0.125;0.125;0.125;0.125;0.125;0.125	1	1	1	1
41157008	41157008	7	1		1	2	3	1	0											101	215700801			2																					7	1	-1	115700801	1	0.167;0.167;0.167;0.167;0.167;0.167		1	1	1
42157008	42157008	7	1		1	2	3	1	0											101	215700802			2	7	1	-1	115700810	1																					0.091;0.091;0.091;0.091;0.091;0.091;0.091;0.091;0.091;0.091;0.09		2	1	1
43157008	43157008	33554431	1		3	2	25	25	0											101	215700803			2	33554431	1	-1	115700808	1																33554431	1	-1	115700801		0.125;0.125;0.125;0.125;0.125;0.125;0.125;0.125		0	1	1
44157008	44157008	7	1		1	2	3	1	0						7	1	301	115700811	1	342	215700801			2																					7	1	-1	115700801	1	0.167;0.167;0.167;0.167;0.167;0.167	1	1	1	1
45157008	45157008	7	1		1	2	3	1	0						7	1	301	115700812	1	342	215700801			2																					7	1	-1	115700801	1	0.167;0.167;0.167;0.167;0.167;0.167;0.167;0.167	1	1	1	1
46157008	46157008	7	1		1	2	3	1	0						7	1	301	115700812	1	342	215700804			2																					7	1	-1	115700801	1	0.167;0.167;0.167;0.167;0.167;0.167;0.167;0.167	1	1	1	1
47157008	47157008	7	1		1	2	3	1	0						7	1	301	115700812	1	342	215700805			2																					7	1	-1	115700801	1	0.167;0.167;0.167;0.167;0.167;0.167;0.167;0.167	1	1	1	1
48157008	48157008	7	1		1	2	3	1	0						7	1	301	115700812	1	342	215700801			2																					7	1	-1	115700801	1	0.167;0.167;0.167;0.167;0.167;0.167	1	1	1	1
41158008	41158008	7	1		1	2	3	1	0											101	215800801			2																										0.5;0.5		1	1	1
42158008	42158008	7	1		1	4	3	1	0						7	1	345	215800803	2	201	215800802			2	7	9633	-1	115800805	1	7	1	-1	115800804	1	7	1	301	115800804	1											1		2	1	1
43158008	43158008	33554431	1		3	1	25	25	0	33554431	1	301	215800805	2						202	115800807			1	33554431	1	301	115800808	1	33554431	1	301	115800809	1																1		0	1	1
44158008	44158008	7	1		1	4	3	1	0	7	1	-1		2	7	1	-1	115800820	1	201	215800802			2	7	9633	-1	115800819	1	7	1	-1	115800804	1	7	1	301	115800804	1											1		2	1	1
45158008	45158008	33554431	1		3	1	25	25	0	33554431	1	301	215800805	2						202	115800807			1	33554431	1	202	215800806	2	33554431	1	301	115800808	1	33554431	1	301	115800824	1	33554431	1	301	115800822	1	33554431	1	202	115800823	1	1		0	1	1
8010213	8010213	1	2		4	1	1	1	1											102	8100439			1	1	1	102	8100441	1																					1		2	1	1
8010214	8010214	1	2		4	1	1	1	1											102	8100443			1	1	1	102	8100445	1																					1		2	1	1
41102005	41102005	7	1		1	1	3	1	1											102	110200501			1																										1		1	1	1
42102005	42102005	7	1		1	2	3	1	0											101	210200501			2	7	1	-1	110200502	1																					0.2;0.4;0.4		2	1	1
43102005	43102005	33554431	1		3	2	25	25	1											102	210200502			2	33554431	1	-1	110200508	1																					1		0	1	1
44102005	44102005	7	1		1	2	3	1	0											101	210200501			2	7	1	-1	110200502	1																					0.2;0.4;0.4	1	2	1	1
8010215	8010215	1	2		4	1	1	1	1											202	8100337			1	1	1	202	8100330	1																					1		2	1	1
8010216	8010216	1	2		4	1	1	1	1											202	8100341			1	1	1	202	8100333	1																					1		2	1	1
8010217	8010217	1	2		4	1	1	1	1											202	8100447			1																										1		2	1	1
41163008	41163008	7	1		1	2	3	1	1											102	216300801			2	7	1	202	116300801	1																					0.3;0.3;0.4		2	1	1
42163008	42163008	7	1		1	2	3	1	0											101	216300802			2	7	1	301	216300804	2																					0.3;0.1;0.1;0.5		1	1	1
43163008	43163008	33554431	1		3	2	25	25	1						33554431	1	301	216300805	2	102	216300803			2	33554431	1	301	216300806	2																					1		0	1	1
44163008	44163008	7	1		1	2	3	1	1											102	216300801			2	7	1	202	116300809	1																					0.3;0.3;0.4		2	1	1
45163008	45163008	33554431	1		3	2	25	25	1						33554431	1	301	216300807	2	102	216300808			2	33554431	1	301	216300806	2																					1		0	1	1
41132008	41132008	7	1		1	2	3	1	1											102	213200801			2																										1		1	1	1
42132008	42132008	7	1		1	1	3	1	1											202	113200801			1	7	1	301	113200820	1																					1		2	1	1
43132008	43132008	33554431	1		3	2	25	25	1											102	213200802			2	33554431	1	-1	113200804	1																					1		0	1	1
41162008	41162008	7	1		1	2	3	1	0						7	1	-1	116200810	1	303	216200801			2	7	1	301	116200802	1																					0.2;0.3;0.5		1	1	1
42162008	42162008	7	1		1	2	3	1	1						7	1	-1	116200810	1	102	216200802			2																										1		2	1	1
43162008	43162008	33554431	1		3	2	25	25	1						33554431	1	-1	116200810	1	102	216200803			2	33554431	1	301	216200808	2																					1		0	1	1
44162008	44162008	7	1		1	2	3	1	0						7	1	-1	116200810	1	303	216200801			2	7	1	301	116200806	1											7	1	301	216200806	2	7	1	301	216200807	2	0.2;0.3;0.5	2	1	1	1
45162008	45162008	7	1		1	2	3	1	1						7	1	-1	116200810	1	102	216200804			2																7	1	301	216200806	2	7	1	301	216200807	2	1	2	2	1	1
46162008	46162008	33554431	1		3	2	25	25	1						33554431	1	-1	116200810	1	102	216200805			2	33554431	1	-1	116200807	1	33554431	1	301	216200808	2						33554431	1	301	216200806	2	33554431	1	301	216200807	2	1	2	0	1	1
47162008	47162008	33554431	1		3	2	25	25	1	33554431	1	301	116200816	1	33554431	1	-1	116200810	1	102	216200805			2	33554431	1	-1	116200807	1	33554431	1	301	216200808	2	33554431	1	301	116200806	1	33554431	1	301	216200806	2	33554431	1	301	216200807	2	1	2	0	1	1
41101002	41101002	7	1		1	2	3	1	0											101	210100201			2	7	1	301	110100213	1																					0.3;0.3;0.4		1	1	1
42101002	42101002	7	1		1	1	3	1	1											202	110100201			1																										1		2	1	1
43101002	43101002	33554431	1		3	2	25	25	0											101	210100202			2	33554431	1	301	110100208	1																					1		0	1	1
44101002	44101002	7	1		1	1	3	1	1											202	110100212			1																										1		2	1	1
8010218	8010218	1	2		4	1	1	1	1											202	8100449			1	1	1	202	8100451	1																					1		2	1	1
8010219	8010219	1	2		4	1	1	1	1											202	8100452			1	1	1	202	8100454	1																					1		2	1	1
514019002	514019002	1	1		1	2	1	1	0											101	3401900201			2	1	1	102	1401900201	1																					0.1;0.1;0.2;0.2;0.2;0.2		1	1	1
524019002	524019002	1	1		2	2	1	1	1											102	3401900202			2	1	1	301	1401900202	1																					1		2	1	1
534019002	534019002	1	1		2	5	1	1	0											101	3401900203			2	1	1	-1	3401900204	2	1	1	301	3401900207	2																1		3	1	1
544019002	544019002	1	1		2	1	1	1	0											101	3401900205			2																										1		4	1	1
574019002	574019002	1	1		3	2	1	1	1	1	9652	-1	1401900208	1						102	3401900206			2																										1		0	1	1
514019003	514019003	1	1		1	3	1	1	1											102	1401900201			1																										1		1	1	1
574019003	574019003	1	1		3	3	1	1	0																																									1		0	1	1
8010220	8010220	1	2		4	1	1	1	1											202	8100455			1	1	1	202	8100457	1																					1		2	1	1
8010221	8010221	1	2		4	1	1	1	1											202	8100459			1	1	1	202	8100461	1																					1		2	1	1
8010222	8010222	1	2		4	1	1	1	1											102	8100463			1	1	1	102	8100465	1																					1		2	1	1
8010223	8010223	1	2		4	1	1	1	1											102	8100467			1	1	1	102	8100469	1																					1		2	1	1
41999999	41999999	7	1		1	2	3	1	1											101	299999901			2																										1		1	1	1
42999999	42999999	7	1		1	2	3	1	1											101	299999901			2																										1		2	1	1
43999999	43999999	33554431	1		3	2	25	25	1											101	299999901			2																										1		0	1	1
41145008	41145008	7	1		1	2	3	1	1											101	214500801			2	7	2019	301	114500801	1	7	9690	-1	114500802	1																0.4;0.6		1	1	1
42145008	42145008	7	1		1	2	3	1	1											101	214500802			2	7	1	-1	214500810	2																					0.3;0.3;0.4		2	1	1
43145008	43145008	33554431	1		3	2	25	25	1											101	214500803			2																										1		0	1	1
44145008	44145008	33554431	1		3	2	25	25	1											101	214500803			2	33554431	1	-1	114500805	1																					1		0	1	1
45145008	45145008	33554431	1		3	2	25	25	1											101	214500803			2	33554431	1	-1	214500809	2																					1		0	1	1
46145008	46145008	33554431	1		3	2	25	25	1											101	214500811			2	33554431	1	-1	114500805	1																					1		0	1	1
47145008	47145008	33554431	1		3	2	25	25	1											101	214500811			2	33554431	1	-1	214500809	2																					1		0	1	1
41155008	41155008	7	1		1	4	3	1	1											202	215500801			2	7	1	-1	115500801	1	7	1	-1	215500802	2																1		1	1	1
42155008	42155008	7	1		1	2	3	1	0											101	215500803			2	7	1	-1	115500802	1	7	1	-1	215500804	2																0.3;0.3;0.4		2	1	1
43155008	43155008	33554431	1		3	2	25	25	1						33554431	1	-1	115500803	1	102	215500805			2	33554431	1	-1	206020105	2																					1		0	1	1
44155008	44155008	7	1		1	4	3	1	1											202	215500801			2	7	1	-1	115500811	1	7	1	-1	215500808	2																1		1	1	1
45155008	45155008	33554431	1		3	2	25	25	1											102	215500805			2	33554431	1	-1	206020105	2	33554431	1	-1	115500813	1																1		0	1	1
41164008	41164008	7	1		1	2	3	1	0											101	216400801			2	7	1	-1	116400801	1																					1		1	1	1
42164008	42164008	7	1		1	3	3	1	0											101					7	1	-1	116400802	1																					1		2	1	1
43164008	43164008	33554431	1		3	1	25	25	0	33554431	1	348	216400803	2						301	216400802			2	33554431	1	348	116400805	1																					1		0	1	1
41103005	41103005	7	1		1	2	3	1	0											101	210300501			2	7	1	-1	110300501	1																					1		1	1	1
42103005	42103005	7	1		1	2	3	1	0											101	210300502			2	7	1	-1	110300502	1																					1		2	1	1
43103005	43103005	33554431	1		3	2	25	25	0											101	210300503			2	33554431	1	-1	110300503	1																					1		0	1	1
8010224	8010224	1	2		4	1	1	1	1											102	8100471			1	1	1	102	8100472	1	1	1	102	8100473	1																1		2	1	1
8010225	8010225	1	2		4	1	1	1	1											102	8100475			1	1	1	102	8100476	1	1	1	102	8100477	1																1		2	1	1
514053001	514053001	1	1		2	2	1	1	0											350	3405300101			2	1	1	-1	3405300105	2																					1		1	1	1
524053001	524053001	1	1		2	2	1	1	0											351	3405300102			2																										1		2	1	1
534053001	534053001	1	1		2	2	1	1	0											350	3405300103			2	1	1	-1	3405300105	2																					1		1	1	1
544053001	544053001	1	1		2	2	1	1	0											351	3405300104			2																										1		2	1	1
8010226	8010226	1	2		4	1	1	1	1											102	8100479			1	1	1	202	8100481	1																					1		2	1	1
8010227	8010227	1	2		4	1	1	1	1											102	8100483			1	1	1	102	8100485	1																					1		2	1	1
8010228	8010228	1	2		4	1	1	1	1											102	8100487			1	1	1	102	8100489	1																					1		2	1	1
514049001	514049001	1	1		1	2	1	1	0	1	1	301	1401900208	1						101	201010101			2																										0.4;0.6		1	0	1
524049001	524049001	1	1		1	2	1	1	0											101	201010131			2	1	1	-1	204050151	2																					1		2	0	1
534049001	534049001	1	1		1	2	1	1	0											301	104049301			1	1	1	251	104049302	1																					1		3	0	1
574049001	574049001	1	1		3	1	1	1	0											101	301050103			2																										0.2;0.2;0.2;0.4		0	0	1
8010229	8010229	1	2		4	1	1	1	1											102	8100491			1	1	1	202	8100492	1	1	1	202	8100494	1																1		2	1	1
8010230	8010230	1	2		4	1	1	1	1											102	8100496			1	1	1	202	8100497	1	1	1	202	8100499	1																1		2	1	1
8010231	8010231	1	2		4	1	1	1	1											102	8100501			1	1	1	102	8100502	1																					1		2	1	1
8010232	8010232	1	2		4	1	1	1	1											102	8100504			1	1	1	102	8100505	1																					1		2	1	1
41165008	41165008	7	1		1	2	3	1	0											101	216500801			2																										1		1	1	1
42165008	42165008	7	1		1	1	3	1	0						7	1	-1	116500814	1	301	216500802			2	7	1	-1	216500803	2	7	2019	-1	116500806	1	7	2019	-1	116500812	1											1		2	1	1
43165008	43165008	33554431	1		3	2	25	25	0											101	216500804			2																										1		0	1	1
44165008	44165008	7	1		1	2	3	1	0											101	216500801	4	1;0.67;1	2																										1;0.2;0.2;0.2;0.2;0.2		4	1	1
45165008	45165008	7	1		1	2	3	1	0											101	216500801	4	1;0.67;100	2																										1;0.2;0.2;0.2;0.2;0.2		4	1	1
46165008	46165008	7	1		1	2	3	1	0											101	216500809			2																										1		1	1	1
47165008	47165008	7	1		1	2	3	1	0											101	216500809	4	1;0.67;1	2																										1;0.2;0.2;0.2;0.2;0.2		4	1	1
48165008	48165008	7	1		1	2	3	1	0											101	216500809	4	1;0.67;100	2																										1;0.2;0.2;0.2;0.2;0.2		4	1	1
49165008	49165008	33554431	1		3	2	25	25	0											101	216500810			2																										1		0	1	1
41135002	41135002	7	1		1	2	3	1	0											101	213500201			2	7	1	202	113500205	1	7	1	202	113500201	1	7	1	202	113500202	1											1		1	1	1
42135002	42135002	7	1		1	1	3	1	0						7	1	-1	113500207	1	201	113500206			1	7	1	202	213500202	2	7	1	-1	113500211	1																1		2	1	1
43135002	43135002	33554431	1		3	2	25	25	1											102	213500203			2	33554431	1	301	213500204	2	33554431	1	202	113500208	1																1		0	1	1
44135002	44135002	7	1		1	1	3	1	0						7	1	-1	113500207	1	201	113500219			1	7	1	202	213500202	2	7	1	-1	113500216	1	7	1	-1	113500220	1											1		2	1	1
45135002	45135002	33554431	1		3	2	25	25	1											102	213500203			2	33554431	1	301	213500204	2	33554431	1	202	113500218	1																1		0	1	1
51165008	51165008	1	1		1	2	1	1	0											101	316500801			2																										1		1	0	1
52165008	52165008	1	1		2	1	1	1	0	1	2018	301	316500802	2						301	1316500801			1	1	9698	301	1316500802	1	1	9698	301	1316500803	1	1	9698	301	1316500804	1											1		2	0	1
57165008	57165008	1	1		3	2	1	1	0	1	1	301	1316500805	1						101	316500803			2																										1		0	0	1
54165008	54165008	1	2		1	1	1	1	0											101	1316500804			1																										1		1	0	1
55165008	55165008	1	2		1	1	1	1	0											101	1316500806			1	1	1	301	1316500807	1																					1		1	0	1
518012001	518012001	1	1		1	2	1	1	0											101	201010132			2	1	1	301	108012101	1																					0.2;0.2;0.2;0.2;0.2		1	0	1
528012001	528012001	1	1		1	2	1	1	0											101	201100101			2																										0.2;0.2;0.2;0.2;0.2		2	0	1
578012001	578012001	1	1		3	1	1	1	0											101																														1		0	0	1
578012002	578012002	1	1		3	1	1	1	0											101	201211052			2	1	1	202	108012104	1	1	1	301	108012105	1																1		0	0	1
41144002	41144002	7	1		1	2	3	1	0	7	1	123	214400201	2	7	1	301	214400202	2	201					7	2019	-1	114400201	1	7	2019	356	114400202	1											7	1	301	114400203	1	1		1	1	1
42144002	42144002	7	1		1	1	3	1	1											102	214400208			2	6	1	-1	114400214	1																					1		2	1	1
43144002	43144002	33554431	1		3	2	25	25	1											102	214400209			2																										1		0	1	1
44144002	44144002	7	1		1	2	3	1	0						7	1	202	214400204	2	201					7	2019	-1	114400201	1	7	2019	356	114400202	1											7	1	301	114400203	1	1		1	1	1
45144002	45144002	33554431	1		3	2	25	25	1											102	214400210			2																										1		0	1	1
41166008	41166008	7	1		1	2	3	3	0											101	216600801			2	7	1	301	116600801	1																					1		1	1	1
42166008	42166008	7	1		2	2	3	3	1											102	216600802			2	7	1	202	116600802	1	7	2018	301	116600801	1																1		2	1	1
43166008	43166008	33554431	1		3	2	25	25	1											102	216600803			2	33554431	1	301	216600804	2																					1		0	1	1
51166008	51166008	1	1		1	2		1	0											101	201050101			2																										1		1	1	1
52166008	52166008	1	1		2	2		1	0											102	201050102			2																										1		2	1	1
53166008	53166008	1	1		3	2		1	0											102	201050104			2																										1		0	1	1
41103010	41103010	7	1		1	2	3	3	0											101	210301001			2	7	1	-1	110301002	1																					1		1	1	1
42103010	42103010	7	1		2	2	3	3	1											102	210301002			2	7	1	301	210010101	2																					0.3;0.3;0.4		2	1	1
43103010	43103010	33554431	1		3	2	25	25	1											102	210301003			2	33554431	1	-1	110301001	1																					1		0	1	1
41167008	41167008	7	1		1	2	3	3	0											101	216700801			2	7	1	-1	116700801	1																					1		1	1	1
42167008	42167008	7	1		2	1	3	3	0											201	116700802			1																										1		2	1	1
43167008	43167008	33554431	1		3	2	25	25	1											102	216700803			2	33554431	1	205	116700802	1																					1		0	1	1
44167008	44167008	7	1		2	1	3	3	0											201	116700815			1	7	1	-1	116700813	1	7	1	-1	116700813	1																1		2	1	1
45167008	45167008	7	1		2	1	3	3	1											202	116700815			1	7	1	-1	116700813	1	7	1	-1	116700813	1																1		2	1	1
46167008	46167008	7	2		2	2	3	3	0											202	216700804			2																										1		2	1	1
41102017	41102017	7	1		1	2	3	3	1											202					7	1	-1	110201701	1																					1		1	1	1
42102017	42102017	7	1		2	2	3	3	0											101	210201701			2																										0.3;0.3;0.4		2	1	1
43102017	43102017	33554431	1		3	2	25	25	0											101	210201702			2	7	1	360	210201703	2																					1		0	1	1
44102017	44102017	7	2		2	1	3	1	0											301					7	2018	301	210201708	2	7	1	301	210201704	2																1		2	1	1
511101001	511101001	1	1		2	2	1	1	0											101	210201705			2																										0.3;0.3;0.4		1	1	1
571101001	571101001	1	1		2	2	1	1	0											101	210201707			2																										1		0	1	1
41104004	41104004	7	1		1	2	3	3	0											101	210400401			2																										1		1	1	1
42104004	42104004	7	1		2	2	3	3	1											101	210400402			2	7	1	-1	102020104	1																					0.3;0.3;0.4		2	1	1
43104004	43104004	33554431	1		3	2	25	25	1											101	210400403			2																										1		0	1	1
41170008	41170008	7	1		1	2	3	3	1											102	217000801			2	7	1	-1	102020104	1																					0.1;0.1;0.1;0.7		1	1	1
42170008	42170008	7	1		2	2	3	3	0											101	217000802			2	7	1	153	117000801	1	7	1	-1	117000803	1	7	1	153	217000807	2											1		2	1	1
43170008	43170008	33554431	1		3	2	25	25	1											102	217000803			2	33554431	2011	-1	117000802	1	33554431	2011	-1	217000804	2	33554431	2011	-1	217000805	2	33554431	2011	-1	217000806	2						1		0	1	1
44170008	44170008	7	1		1	2	3	3	1											102	217000801			2	7	1	-1	102020104	1																					0.1;0.1;0.1;0.7		1	1	1
45170008	45170008	7	1		1	2	3	3	0											101	217000802			2	7	1	153	117000811	1	7	1	-1	117000812	1	7	1	153	217000808	2											1		2	1	1
41102013	41102013	7	1		1	2	3	3	0											101	210201301			2																										1		1	1	1
42102013	42102013	7	1		2	1	3	3	1											202	110201307			1																										1		2	1	1
43102013	43102013	33554431	1		3	4	25	25	1											202	210201304			2	33554431	1	-1	110201301	1																					1		0	1	1
44102013	44102013	7	1		2	1	3	3	1											202	110201307			1	7	1	-1	210201302	2																					1		2	1	1
45102013	45102013	33554431	1		3	4	25	25	1											202	210201304			2	33554431	1	-1	110201306	1																					1		0	1	1
41104002	41104002	7	1		1	2	3	3	0											101	210400201			2	7	2014	301	210400204	2																					1	1	1	1	1
42104002	42104002	7	1		2	2	3	3	0											101	210400202			2	7	1	-1	110400221	1																					0.2;0.2;0.2;0.4		2	1	1
43104002	43104002	33554431	1		3	2	25	25	0						33554431	1	-1	210400205	2	101	210400203			2																										1		0	1	1
41169008	41169008	7	1		1	2	3	3	1											102	216900801			2																										0.2;0.2;0.2;0.2;0.2		1	1	1
42169008	42169008	7	1		2	2	3	3	1											102	216900802			2	7	1	202	116900801	1	7	1	202	116900804	1																0.2;0.2;0.2;0.2;0.2		2	1	1
43169008	43169008	33554431	1		3	2	25	25	1											102	216900803			2	7	1	-1	216900806	2																					0.2;0.2;0.2;0.2;0.2		0	1	1
41103011	41103011	7	1		1	2	3	3	0											101	210301101			2																										0.5;0.5		1	1	1
42103011	42103011	7	1		2	2	3	3	0											101	210301102			2	7	1	-1	110301118	1	7	1	-1	110301121	1	7	1	301	110301120	1											0.5;0.5		2	1	1
43103011	43103011	33554431	1		3	2	25	25	0											101	210301103			2	33554431	1	-1	210301104	2	33554431	1	-1	210301107	2	33554431	1	301	110301123	1	33554431	1	301	110301124	1						1		0	1	1
44103011	44103011	33554431	1		3	2	25	25	0											101	210301103			2	33554431	1	-1	210301108	2	33554431	1	-1	210301107	2	33554431	1	-1	110301108	1											1		0	1	1
45103011	45103011	7	1		2	2	3	3	0											101	210301102			2	7	1	-1	110301101	1	7	1	-1	110301118	1	7	1	-1	110301121	1	7	1	301	110301120	1						0.5;0.5		2	1	1
514015008	514015008	1	1		1	2	1	1	1											102	201070101			2																										1		1	0	1
524015008	524015008	1	1		2	2	1	1	1											102	201010101			2	1	1	-1	104015101	1																					1		2	0	1
574015008	574015008	1	1		3	2	1	1	0											101	201100103			2																										1		0	0	1
514015009	514015009	1	1		1	2	1	1	1											102	201070101			2																										1		1	0	1
524015009	524015009	1	1		2	2	1	1	1											102	201010101			2	1	1	-1	104015101	1																					1		2	0	1
574015009	574015009	1	1		3	2	1	1	0											101	201100103			2																										1		0	0	1
41171008	41171008	7	1		1	2	3	3	1											102	217100801			2	7	1	-1	117100831	1																					0.3;0.3;0.4		1	1	1
42171008	42171008	7	1		2	2	3	3	1											102	217100802			2																										0.1;0.1;0.2;0.2;0.2;0.2		2	1	1
43171008	43171008	33554431	1		3	2	25	25	1											102	217100803			2	33554431	1	251	117100832	1																					0.2;0.2;0.2;0.2;0.2		0	1	1
44171008	44171008	7	1		2	2	3	3	1											102	217100805			2	7	1	-1	117100834	1																					1		4	1	1
45171008	45171008	7	1		2	2	3	3	1											102	217100802			2																										0.1;0.1;0.2;0.2;0.2;0.2	1	2	1	1
41106005	41106005	7	1		1	2	3	3	1											102	210600501			2	7	1	301	110600501	1																					1		1	1	1
42106005	42106005	7	1		2	2	3	3	0											101	210600502			2																										1		2	1	1
43106005	43106005	33554431	1		3	2	25	25	0											101	210600503			2	33554431	1	301	110600513	1	33554431	1	202	110600502	1																1		0	1	1
44106005	44106005	33554431	1		3	2	25	25	0											101	210600505			2	33554431	1	301	110600513	1	33554431	1	202	110600502	1																1		0	1	1
45106005	45106005	33554431	1		3	2	25	25	0											101	210600506			2	33554431	1	301	110600513	1	33554431	1	202	110600507	1																1		0	1	1
41172008	41172008	7	1		1	2	3	3	0	7	1	360	117200805	1	7	1	360	117200806	1	101	217200801			2	7	1	360	117200801	1	7	1	360	117200801	1	7	1	360	117200802	1	7	1	360	117200803	1	7	1	360	117200804	1	1		1	1	1
42172008	42172008	7	1		2	2	3	3	0											101	217200802			2	7	1	-1	117200814	1	7	1	-1	117200814	1	7	1	-1	117200814	1	7	1	-1	117200814	1	7	1	-1	117200814	1	0.3;0.3;0.4		2	1	1
43172008	43172008	33554431	1		3	2	25	25	0	33554431	1	-1	117200816	1	33554431	1	-1	117200817	1	101	217200803			2	33554431	1	-1	117200816	1	33554431	1	-1	117200817	1	33554431	1	301	217200805	2	33554431	1	-1	117200830	1	7	1	301	117200810	1	1		0	1	1
44172008	44172008	7	2		2	1	3	1	0											301				2	7	1	301	217200805	2	7	1	301	210201704	2																1		2	1	1
45172008	45172008	7	2		2	1	3	1	0											301				2	7	1	301	217200806	2	7	1	301	210201704	2																1		2	1	1
46172008	46172008	7	2		2	1	3	1	0											301				2	7	1	301	217200807	2	7	1	301	210201704	2																1		2	1	1
47172008	47172008	7	2		2	1	3	1	0											301				2	7	1	301	217200808	2	7	1	301	210201704	2																1		2	1	1
511172001	511172001	1	1		2	2	1	1	0											101	217200809			2																										1		1	1	1
571172001	571172001	1	1		2	2	1	1	0											101	217200810			2																										1		0	1	1
581172001	581172001	1	1		2	1	1	1	0	1	1	301	117200850							366	217200810			2	1	1	367	217200811	2	1	1	301	217200812	2																1		0	1	1
51405401	51405401	1	1		2	2	1	1	0											101	217200809																													0.5;0.5		1	1	1
52405401	52405401	1	1		2	2	1	1	0											101	217200809																													1		1	1	1
57405401	57405401	1	1		2	2	1	1	0											101	217200810																													1		1	1	1
51172008	51172008	1	1		2	2	1	1	0											101	217200801			2																										1		1	1	1
52172008	52172008	1	1		2	2	1	1	0											101	217200802			2	1	1	-1	117200816	1																					1		2	1	1
57172008	57172008	1	1		2	2	1	1	0											101	217200803			2																										1		0	1	1
41173008	41173008	7	1		1	2	3	3	0											101	217300801			2	7	1	101	117300801	1	7	1	101	117300837	1																1		1	1	1
42173008	42173008	7	1		2	2	3	3	1											102	117300804			1																										1		2	1	1
43173008	43173008	33554431	1		3	2	25	25	1											102	217300803			2	33554431	1	301	117300806	1	33554431	1	102	117300807	1	33554431	1	202	117300816	1	33554431	1	301	117300818	1						1		0	1	1
44173008	44173008	33554431	1		3	2	25	25	1											102	217300803			2	33554431	1	301	117300806	1	33554431	1	102	117300807	1	33554431	1	202	117300828	1	33554431	1	301	117300818	1						1		0	1	1
41102010	41102010	7	1		1	2	3	3	0											101	210201001			2	7	1	202	110201001	1	7	1	301	110201015	1																1		1	1	1
42102010	42102010	7	1		2	2	3	3	0											101	210201002			2																										1		2	1	1
43102010	43102010	33554431	1		3	2	25	25	0											101	210201003			2																										1		0	1	1
44102010	44102010	33554431	1		3	2	25	25	0											101	210201004			2																										1		0	1	1
45102010	45102010	7	1		1	2	3	3	0											101	210201001			2	7	1	202	110201001	1	7	1	301	210201005	2	7	1	301	210201007	2	7	1	301	110201015	1						1		1	1	1
46102010	46102010	7	1		1	2	3	3	0											101	210201001			2	7	1	202	110201001	1	7	1	202	110201002	1	7	1	301	210201006	2	7	1	301	210201008	2	7	1	301	110201015	1	1		1	1	1