id	type	exp	fristRewards	fristRewardsNum	showItem	showItemNum	revenueRewardsTime	revenueRewardsNum	status
int	int	int	int	int	int	int	int	int	int
610001	1	0	4190001;4100011;3000019	50;5;2	4190001;4100011;3000019	50;5;2	30;1;60	1;50;1	1
610002	1	0	4190001;4100011;3000019	50;5;2	4190001;4100011;3000019	50;5;2	29;1;60	0;3;0	1
610003	1	0	4190001;4100011;3000019	50;5;2	4190001;4100011;3000019	50;5;2	27;1;60	0;3;0	1
610004	1	0	4190001;4100011;3000019	50;5;2	4190001;4100011;3000019	50;5;2	26;1;60	0;3;0	1
610005	1	0	4190001;4100011;3000019	300;5;2	4190001;4100011;3000019	300;5;2	25;1;60	0;3;0	1
610006	1	0	4190001;4100011;3000019	50;5;2	4190001;4100011;3000019	50;5;2	24;1;60	0;3;0	1
610007	1	0	4190001;4100011;3000019	50;5;2	4190001;4100011;3000019	50;5;2	23;1;60	0;3;0	1
610008	1	0	4190001;4100011;3000019	50;5;2	4190001;4100011;3000019	50;5;2	22;1;60	0;3;0	1
610009	1	0	4190001;4100011;3000019	50;5;2	4190001;4100011;3000019	50;5;2	21;1;60	0;3;0	1
610010	1	0	4190001;4100011;3000019	300;5;2	4190001;4100011;3000019	300;5;2	21;1;60	0;3;0	1
610011	1	0	4190001;4100011;3000019	50;5;2	4190001;4100011;3000019	50;5;2	20;1;60	0;3;0	1
610012	1	0	4190001;4100011;3000019	50;5;2	4190001;4100011;3000019	50;5;2	19;1;60	0;3;0	1
610013	1	0	4190001;4100011;3000019	50;5;2	4190001;4100011;3000019	50;5;2	19;1;60	0;3;0	1
610014	1	0	4190001;4100011;3000019	50;5;2	4190001;4100011;3000019	50;5;2	18;1;60	0;3;0	1
610015	1	0	4190001;4100011;3000019	300;5;2	4190001;4100011;3000019	300;5;2	18;1;60	0;3;0	1
610016	1	0	4190001;4100011;3000019	50;5;2	4190001;4100011;3000019	50;5;2	17;1;60	0;3;0	1
610017	1	0	4190001;4100011;3000019	50;5;2	4190001;4100011;3000019	50;5;2	17;1;60	0;3;0	1
610018	1	0	4190001;4100011;3000019	50;5;2	4190001;4100011;3000019	50;5;2	16;1;60	0;3;0	1
610019	1	0	4190001;4100011;3000019	50;5;2	4190001;4100011;3000019	50;5;2	16;1;60	0;3;0	1
610020	1	0	4190001;4100011;3000019	300;5;2	4190001;4100011;3000019	300;5;2	15;1;60	0;3;0	1
610021	1	0	4190001;4100011;3000019	50;15;2	4190001;4100011;3000019	50;15;2	15;1;60	0;3;0	1
610022	1	0	4190001;4100011;3000019	50;15;2	4190001;4100011;3000019	50;15;2	15;1;60	0;3;0	1
610023	1	0	4190001;4100011;3000019	50;15;2	4190001;4100011;3000019	50;15;2	14;1;60	0;3;0	1
610024	1	0	4190001;4100011;3000019	50;15;2	4190001;4100011;3000019	50;15;2	14;1;60	0;3;0	1
610025	1	0	4190001;4100011;3000019	300;15;2	4190001;4100011;3000019	300;15;2	14;1;60	0;3;0	1
610026	1	0	4190001;4100011;3000019	50;15;2	4190001;4100011;3000019	50;15;2	13;1;60	0;3;0	1
610027	1	0	4190001;4100011;3000019	50;15;2	4190001;4100011;3000019	50;15;2	13;1;60	0;3;0	1
610028	1	0	4190001;4100011;3000019	50;15;2	4190001;4100011;3000019	50;15;2	13;1;60	0;3;0	1
610029	1	0	4190001;4100011;3000019	50;15;2	4190001;4100011;3000019	50;15;2	13;1;60	0;3;0	1
610030	1	0	4190001;4100011;3000019	300;15;2	4190001;4100011;3000019	300;15;2	12;1;60	0;3;0	1
610031	1	0	4190001;4100011;3000019	50;20;2	4190001;4100011;3000019	50;20;2	12;1;60	0;3;0	1
610032	1	0	4190001;4100011;3000019	50;20;2	4190001;4100011;3000019	50;20;2	12;1;60	0;3;0	1
610033	1	0	4190001;4100011;3000019	50;20;2	4190001;4100011;3000019	50;20;2	12;1;60	0;3;0	1
610034	1	0	4190001;4100011;3000019	50;20;2	4190001;4100011;3000019	50;20;2	12;1;60	0;3;0	1
610035	1	0	4190001;4100011;3000019	300;20;2	4190001;4100011;3000019	300;20;2	12;1;60	0;3;0	1
610036	1	0	4190001;4100011;3000019	50;20;2	4190001;4100011;3000019	50;20;2	12;1;60	0;3;0	1
610037	1	0	4190001;4100011;3000019	50;20;2	4190001;4100011;3000019	50;20;2	12;1;60	0;3;0	1
610038	1	0	4190001;4100011;3000019	50;20;2	4190001;4100011;3000019	50;20;2	12;1;60	0;3;0	1
610039	1	0	4190001;4100011;3000019	50;20;2	4190001;4100011;3000019	50;20;2	12;1;60	0;3;0	1
610040	1	0	4190001;4100011;3000019	300;20;2	4190001;4100011;3000019	300;20;2	12;1;60	0;3;0	1
610041	1	0	4190001;4100011;3000019	50;20;2	4190001;4100011;3000019	50;20;2	12;1;60	0;3;0	1
610042	1	0	4190001;4100011;3000019	50;20;2	4190001;4100011;3000019	50;20;2	12;1;60	0;3;0	1
610043	1	0	4190001;4100011;3000019	50;20;2	4190001;4100011;3000019	50;20;2	12;1;60	0;3;0	1
610044	1	0	4190001;4100011;3000019	50;20;2	4190001;4100011;3000019	50;20;2	12;1;60	0;3;0	1
610045	1	0	4190001;4100011;3000019	300;20;2	4190001;4100011;3000019	300;20;2	12;1;60	0;3;0	1
610046	1	0	4190001;4100011;3000019	50;20;2	4190001;4100011;3000019	50;20;2	12;1;60	0;3;0	1
610047	1	0	4190001;4100011;3000019	50;20;2	4190001;4100011;3000019	50;20;2	12;1;60	0;3;0	1
610048	1	0	4190001;4100011;3000019	50;20;2	4190001;4100011;3000019	50;20;2	12;1;60	0;3;0	1
610049	1	0	4190001;4100011;3000019	50;20;2	4190001;4100011;3000019	50;20;2	12;1;60	0;3;0	1
610050	1	0	4190001;4100011;3000019	300;20;2	4190001;4100011;3000019	300;20;2	12;1;60	0;3;0	1
610051	1	0	4190001;4100011;3000019	50;20;2	4190001;4100011;3000019	50;20;2	12;1;60	0;3;0	1
610052	1	0	4190001;4100011;3000019	50;20;2	4190001;4100011;3000019	50;20;2	12;1;60	0;3;0	1
610053	1	0	4190001;4100011;3000019	50;20;2	4190001;4100011;3000019	50;20;2	12;1;60	0;3;0	1
610054	1	0	4190001;4100011;3000019	50;20;2	4190001;4100011;3000019	50;20;2	12;1;60	0;3;0	1
610055	1	0	4190001;4100011;3000019	300;20;2	4190001;4100011;3000019	300;20;2	12;1;60	0;3;0	1
610056	1	0	4190001;4100011;3000019	50;20;2	4190001;4100011;3000019	50;20;2	12;1;60	0;3;0	1
610057	1	0	4190001;4100011;3000019	50;20;2	4190001;4100011;3000019	50;20;2	12;1;60	0;3;0	1
610058	1	0	4190001;4100011;3000019	50;20;2	4190001;4100011;3000019	50;20;2	12;1;60	0;3;0	1
610059	1	0	4190001;4100011;3000019	50;20;2	4190001;4100011;3000019	50;20;2	12;1;60	0;3;0	1
610060	1	0	4190001;4100011;3000019	300;20;2	4190001;4100011;3000019	300;20;2	12;1;60	0;3;0	1
610061	1	0	4190001;4100011;3000019	50;20;2	4190001;4100011;3000019	50;20;2	12;1;60	0;1;0	1
610062	1	0	4190001;4100011;3000019	50;20;2	4190001;4100011;3000019	50;20;2	12;1;60	0;2;0	1
610063	1	0	4190001;4100011;3000019	50;20;2	4190001;4100011;3000019	50;20;2	12;1;60	0;1;0	1
610064	1	0	4190001;4100011;3000019	50;20;2	4190001;4100011;3000019	50;20;2	12;1;60	0;2;0	1
610065	1	0	4190001;4100011;3000019	300;20;2	4190001;4100011;3000019	300;20;2	12;1;60	0;1;0	1
610066	1	0	4190001;4100011;3000019	50;20;2	4190001;4100011;3000019	50;20;2	12;1;60	0;2;0	1
610067	1	0	4190001;4100011;3000019	50;20;2	4190001;4100011;3000019	50;20;2	12;1;60	0;1;0	1
610068	1	0	4190001;4100011;3000019	50;20;2	4190001;4100011;3000019	50;20;2	12;1;60	0;2;0	1
610069	1	0	4190001;4100011;3000019	50;20;2	4190001;4100011;3000019	50;20;2	12;1;60	0;1;0	1
610070	1	0	4190001;4100011;3000019	300;20;2	4190001;4100011;3000019	300;20;2	12;1;60	0;2;0	1
610071	1	0	4190001;4100011;3000019	50;20;2	4190001;4100011;3000019	50;20;2	12;1;60	0;1;0	1
610072	1	0	4190001;4100011;3000019	50;20;2	4190001;4100011;3000019	50;20;2	12;1;60	0;2;0	1
610073	1	0	4190001;4100011;3000019	50;20;2	4190001;4100011;3000019	50;20;2	12;1;60	0;1;0	1
610074	1	0	4190001;4100011;3000019	50;20;2	4190001;4100011;3000019	50;20;2	12;1;60	0;2;0	1
610075	1	0	4190001;4100011;3000019	300;20;2	4190001;4100011;3000019	300;20;2	12;1;60	0;1;0	1
610076	1	0	4190001;4100011;3000019	50;20;2	4190001;4100011;3000019	50;20;2	12;1;60	0;2;0	1
610077	1	0	4190001;4100011;3000019	50;20;2	4190001;4100011;3000019	50;20;2	12;1;60	0;1;0	1
610078	1	0	4190001;4100011;3000019	50;20;2	4190001;4100011;3000019	50;20;2	12;1;60	0;2;0	1
610079	1	0	4190001;4100011;3000019	50;20;2	4190001;4100011;3000019	50;20;2	12;1;60	0;1;0	1
610080	1	0	4190001;4100011;3000019	300;20;2	4190001;4100011;3000019	300;20;2	12;1;60	0;2;0	1
610081	1	0	4190001;4100032;3000019	50;1;2	4190001;4100032;3000019	50;1;2	12;1;60	0;1;0	1
610082	1	0	4190001;4100032;3000019	50;1;2	4190001;4100032;3000019	50;1;2	12;1;60	0;2;0	1
610083	1	0	4190001;4100032;3000019	50;1;2	4190001;4100032;3000019	50;1;2	12;1;60	0;1;0	1
610084	1	0	4190001;4100032;3000019	50;1;2	4190001;4100032;3000019	50;1;2	12;1;60	0;2;0	1
610085	1	0	4190001;4100032;3000019	300;1;2	4190001;4100032;3000019	300;1;2	12;1;60	0;1;0	1
610086	1	0	4190001;4100032;3000019	50;1;2	4190001;4100032;3000019	50;1;2	12;1;60	0;2;0	1
610087	1	0	4190001;4100032;3000019	50;1;2	4190001;4100032;3000019	50;1;2	12;1;60	0;1;0	1
610088	1	0	4190001;4100032;3000019	50;1;2	4190001;4100032;3000019	50;1;2	12;1;60	0;2;0	1
610089	1	0	4190001;4100032;3000019	50;1;2	4190001;4100032;3000019	50;1;2	12;1;60	0;1;0	1
610090	1	0	4190001;4100032;3000019	300;1;2	4190001;4100032;3000019	300;1;2	12;1;60	0;2;0	1
610091	1	0	4190001;4100032;3000019	50;1;2	4190001;4100032;3000019	50;1;2	12;1;60	0;1;0	1
610092	1	0	4190001;4100032;3000019	50;1;2	4190001;4100032;3000019	50;1;2	12;1;60	0;2;0	1
610093	1	0	4190001;4100032;3000019	50;1;2	4190001;4100032;3000019	50;1;2	12;1;60	0;1;0	1
610094	1	0	4190001;4100032;3000019	50;1;2	4190001;4100032;3000019	50;1;2	12;1;60	0;2;0	1
610095	1	0	4190001;4100032;3000019	300;1;2	4190001;4100032;3000019	300;1;2	12;1;60	0;1;0	1
610096	1	0	4190001;4100032;3000019	50;1;2	4190001;4100032;3000019	50;1;2	12;1;60	0;2;0	1
610097	1	0	4190001;4100032;3000019	50;1;2	4190001;4100032;3000019	50;1;2	12;1;60	0;1;0	1
610098	1	0	4190001;4100032;3000019	50;1;2	4190001;4100032;3000019	50;1;2	12;1;60	0;2;0	1
610099	1	0	4190001;4100032;3000019	50;1;2	4190001;4100032;3000019	50;1;2	12;1;60	0;1;0	1
610100	1	0	4190001;4100032;3000019	300;1;2	4190001;4100032;3000019	300;1;2	12;1;60	0;2;0	1
610101	1	0	4190001;4100032;3000019	50;1;2	4190001;4100032;3000019	50;1;2	12;1;60	0;1;0	1
610102	1	0	4190001;4100032;3000019	50;1;2	4190001;4100032;3000019	50;1;2	12;1;60	0;2;0	1
610103	1	0	4190001;4100032;3000019	50;1;2	4190001;4100032;3000019	50;1;2	12;1;60	0;1;0	1
610104	1	0	4190001;4100032;3000019	50;1;2	4190001;4100032;3000019	50;1;2	12;1;60	0;2;0	1
610105	1	0	4190001;4100032;3000019	300;1;2	4190001;4100032;3000019	300;1;2	12;1;60	0;1;0	1
610106	1	0	4190001;4100032;3000019	50;1;2	4190001;4100032;3000019	50;1;2	12;1;60	0;2;0	1
610107	1	0	4190001;4100032;3000019	50;1;2	4190001;4100032;3000019	50;1;2	12;1;60	0;1;0	1
610108	1	0	4190001;4100032;3000019	50;1;2	4190001;4100032;3000019	50;1;2	12;1;60	0;2;0	1
610109	1	0	4190001;4100032;3000019	50;1;2	4190001;4100032;3000019	50;1;2	12;1;60	0;1;0	1
610110	1	0	4190001;4100032;3000019	300;1;2	4190001;4100032;3000019	300;1;2	12;1;60	0;2;0	1
610111	1	0	4190001;4100032;3000019	50;1;2	4190001;4100032;3000019	50;1;2	12;1;60	0;1;0	1
610112	1	0	4190001;4100032;3000019	50;1;2	4190001;4100032;3000019	50;1;2	12;1;60	0;2;0	1
610113	1	0	4190001;4100032;3000019	50;1;2	4190001;4100032;3000019	50;1;2	12;1;60	0;1;0	1
610114	1	0	4190001;4100032;3000019	50;1;2	4190001;4100032;3000019	50;1;2	12;1;60	0;2;0	1
610115	1	0	4190001;4100032;3000019	300;1;2	4190001;4100032;3000019	300;1;2	12;1;60	0;1;0	1
610116	1	0	4190001;4100032;3000019	50;1;2	4190001;4100032;3000019	50;1;2	12;1;60	0;2;0	1
610117	1	0	4190001;4100032;3000019	50;1;2	4190001;4100032;3000019	50;1;2	12;1;60	0;1;0	1
610118	1	0	4190001;4100032;3000019	50;1;2	4190001;4100032;3000019	50;1;2	12;1;60	0;2;0	1
610119	1	0	4190001;4100032;3000019	50;1;2	4190001;4100032;3000019	50;1;2	12;1;60	0;1;0	1
610120	1	0	4190001;4100032;3000019	300;1;2	4190001;4100032;3000019	300;1;2	12;1;60	0;2;0	1
610121	1	0	4190001;4100032;3000019	50;1;2	4190001;4100032;3000019	50;1;2	12;1;60	0;1;0	1
610122	1	0	4190001;4100032;3000019	50;1;2	4190001;4100032;3000019	50;1;2	12;1;60	0;2;0	1
610123	1	0	4190001;4100032;3000019	50;1;2	4190001;4100032;3000019	50;1;2	12;1;60	0;1;0	1
610124	1	0	4190001;4100032;3000019	50;1;2	4190001;4100032;3000019	50;1;2	12;1;60	0;2;0	1
610125	1	0	4190001;4100032;3000019	300;1;2	4190001;4100032;3000019	300;1;2	12;1;60	0;1;0	1
610126	1	0	4190001;4100032;3000019	50;1;2	4190001;4100032;3000019	50;1;2	12;1;60	0;2;0	1
610127	1	0	4190001;4100032;3000019	50;1;2	4190001;4100032;3000019	50;1;2	12;1;60	0;1;0	1
610128	1	0	4190001;4100032;3000019	50;1;2	4190001;4100032;3000019	50;1;2	12;1;60	0;2;0	1
610129	1	0	4190001;4100032;3000019	50;1;2	4190001;4100032;3000019	50;1;2	12;1;60	0;1;0	1
610130	1	0	4190001;4100032;3000019	300;1;2	4190001;4100032;3000019	300;1;2	12;1;60	0;2;0	1
610131	1	0	4190001;4100032;3000019	50;1;2	4190001;4100032;3000019	50;1;2	12;1;60	0;1;0	1
610132	1	0	4190001;4100032;3000019	50;1;2	4190001;4100032;3000019	50;1;2	12;1;60	0;2;0	1
610133	1	0	4190001;4100032;3000019	50;1;2	4190001;4100032;3000019	50;1;2	12;1;60	0;1;0	1
610134	1	0	4190001;4100032;3000019	50;1;2	4190001;4100032;3000019	50;1;2	12;1;60	0;2;0	1
610135	1	0	4190001;4100032;3000019	300;1;2	4190001;4100032;3000019	300;1;2	12;1;60	0;1;0	1
610136	1	0	4190001;4100032;3000019	50;1;2	4190001;4100032;3000019	50;1;2	12;1;60	0;2;0	1
610137	1	0	4190001;4100032;3000019	50;1;2	4190001;4100032;3000019	50;1;2	12;1;60	0;1;0	1
610138	1	0	4190001;4100032;3000019	50;1;2	4190001;4100032;3000019	50;1;2	12;1;60	0;2;0	1
610139	1	0	4190001;4100032;3000019	50;1;2	4190001;4100032;3000019	50;1;2	12;1;60	0;1;0	1
610140	1	0	4190001;4100032;3000019	300;1;2	4190001;4100032;3000019	300;1;2	12;1;60	0;2;0	1
610141	1	0	4190001;4100032;3000019	50;1;2	4190001;4100032;3000019	50;1;2	12;1;60	0;1;0	1
610142	1	0	4190001;4100032;3000019	50;1;2	4190001;4100032;3000019	50;1;2	12;1;60	0;2;0	1
610143	1	0	4190001;4100032;3000019	50;1;2	4190001;4100032;3000019	50;1;2	12;1;60	0;1;0	1
610144	1	0	4190001;4100032;3000019	50;1;2	4190001;4100032;3000019	50;1;2	12;1;60	0;2;0	1
610145	1	0	4190001;4100032;3000019	300;1;2	4190001;4100032;3000019	300;1;2	12;1;60	0;1;0	1
610146	1	0	4190001;4100032;3000019	50;1;2	4190001;4100032;3000019	50;1;2	12;1;60	0;2;0	1
610147	1	0	4190001;4100032;3000019	50;1;2	4190001;4100032;3000019	50;1;2	12;1;60	0;1;0	1
610148	1	0	4190001;4100032;3000019	50;1;2	4190001;4100032;3000019	50;1;2	12;1;60	0;2;0	1
610149	1	0	4190001;4100032;3000019	50;1;2	4190001;4100032;3000019	50;1;2	12;1;60	0;1;0	1
610150	1	0	4190001;4100032;3000019	300;1;2	4190001;4100032;3000019	300;1;2	12;1;60	0;2;0	1
610151	1	0	4190001;4100032;3000019	50;1;2	4190001;4100032;3000019	50;1;2	12;1;60	0;1;0	1
610152	1	0	4190001;4100032;3000019	50;1;2	4190001;4100032;3000019	50;1;2	12;1;60	0;2;0	1
610153	1	0	4190001;4100032;3000019	50;1;2	4190001;4100032;3000019	50;1;2	12;1;60	0;1;0	1
610154	1	0	4190001;4100032;3000019	50;1;2	4190001;4100032;3000019	50;1;2	12;1;60	0;2;0	1
610155	1	0	4190001;4100032;3000019	300;1;2	4190001;4100032;3000019	300;1;2	12;1;60	0;1;0	1
610156	1	0	4190001;4100032;3000019	50;1;2	4190001;4100032;3000019	50;1;2	12;1;60	0;2;0	1
610157	1	0	4190001;4100032;3000019	50;1;2	4190001;4100032;3000019	50;1;2	12;1;60	0;1;0	1
610158	1	0	4190001;4100032;3000019	50;1;2	4190001;4100032;3000019	50;1;2	12;1;60	0;2;0	1
610159	1	0	4190001;4100032;3000019	50;1;2	4190001;4100032;3000019	50;1;2	12;1;60	0;1;0	1
610160	1	0	4190001;4100032;3000019	300;1;2	4190001;4100032;3000019	300;1;2	12;1;60	0;2;0	1
610161	1	0	4190001;4100032;3000019	50;1;2	4190001;4100032;3000019	50;1;2	12;1;60	0;1;0	1
610162	1	0	4190001;4100032;3000019	50;1;2	4190001;4100032;3000019	50;1;2	12;1;60	0;2;0	1
610163	1	0	4190001;4100032;3000019	50;1;2	4190001;4100032;3000019	50;1;2	12;1;60	0;1;0	1
610164	1	0	4190001;4100032;3000019	50;1;2	4190001;4100032;3000019	50;1;2	12;1;60	0;2;0	1
610165	1	0	4190001;4100032;3000019	300;1;2	4190001;4100032;3000019	300;1;2	12;1;60	0;1;0	1
610166	1	0	4190001;4100032;3000019	50;1;2	4190001;4100032;3000019	50;1;2	12;1;60	0;2;0	1
610167	1	0	4190001;4100032;3000019	50;1;2	4190001;4100032;3000019	50;1;2	12;1;60	0;1;0	1
610168	1	0	4190001;4100032;3000019	50;1;2	4190001;4100032;3000019	50;1;2	12;1;60	0;2;0	1
610169	1	0	4190001;4100032;3000019	50;1;2	4190001;4100032;3000019	50;1;2	12;1;60	0;1;0	1
610170	1	0	4190001;4100032;3000019	300;1;2	4190001;4100032;3000019	300;1;2	12;1;60	0;2;0	1
610171	1	0	4190001;4100032;3000019	50;1;2	4190001;4100032;3000019	50;1;2	12;1;60	0;1;0	1
610172	1	0	4190001;4100032;3000019	50;1;2	4190001;4100032;3000019	50;1;2	12;1;60	0;2;0	1
610173	1	0	4190001;4100032;3000019	50;1;2	4190001;4100032;3000019	50;1;2	12;1;60	0;1;0	1
610174	1	0	4190001;4100032;3000019	50;1;2	4190001;4100032;3000019	50;1;2	12;1;60	0;2;0	1
610175	1	0	4190001;4100032;3000019	300;1;2	4190001;4100032;3000019	300;1;2	12;1;60	0;1;0	1
610176	1	0	4190001;4100032;3000019	50;1;2	4190001;4100032;3000019	50;1;2	12;1;60	0;2;0	1
610177	1	0	4190001;4100032;3000019	50;1;2	4190001;4100032;3000019	50;1;2	12;1;60	0;1;0	1
610178	1	0	4190001;4100032;3000019	50;1;2	4190001;4100032;3000019	50;1;2	12;1;60	0;2;0	1
610179	1	0	4190001;4100032;3000019	50;1;2	4190001;4100032;3000019	50;1;2	12;1;60	0;1;0	1
610180	1	0	4190001;4100032;3000019	300;1;2	4190001;4100032;3000019	300;1;2	12;1;60	0;2;0	1
610181	1	0	4190001;4100032;3000019	50;1;2	4190001;4100032;3000019	50;1;2	12;1;60	0;1;0	1
610182	1	0	4190001;4100032;3000019	50;1;2	4190001;4100032;3000019	50;1;2	12;1;60	0;2;0	1
610183	1	0	4190001;4100032;3000019	50;1;2	4190001;4100032;3000019	50;1;2	12;1;60	0;1;0	1
610184	1	0	4190001;4100032;3000019	50;1;2	4190001;4100032;3000019	50;1;2	12;1;60	0;2;0	1
610185	1	0	4190001;4100032;3000019	300;1;2	4190001;4100032;3000019	300;1;2	12;1;60	0;1;0	1
610186	1	0	4190001;4100032;3000019	50;1;2	4190001;4100032;3000019	50;1;2	12;1;60	0;2;0	1
610187	1	0	4190001;4100032;3000019	50;1;2	4190001;4100032;3000019	50;1;2	12;1;60	0;1;0	1
610188	1	0	4190001;4100032;3000019	50;1;2	4190001;4100032;3000019	50;1;2	12;1;60	0;2;0	1
610189	1	0	4190001;4100032;3000019	50;1;2	4190001;4100032;3000019	50;1;2	12;1;60	0;1;0	1
610190	1	0	4190001;4100032;3000019	300;1;2	4190001;4100032;3000019	300;1;2	12;1;60	0;2;0	1
610191	1	0	4190001;4100032;3000019	50;1;2	4190001;4100032;3000019	50;1;2	12;1;60	0;1;0	1
610192	1	0	4190001;4100032;3000019	50;1;2	4190001;4100032;3000019	50;1;2	12;1;60	0;2;0	1
610193	1	0	4190001;4100032;3000019	50;1;2	4190001;4100032;3000019	50;1;2	12;1;60	0;1;0	1
610194	1	0	4190001;4100032;3000019	50;1;2	4190001;4100032;3000019	50;1;2	12;1;60	0;2;0	1
610195	1	0	4190001;4100032;3000019	300;1;2	4190001;4100032;3000019	300;1;2	12;1;60	0;1;0	1
610196	1	0	4190001;4100032;3000019	50;1;2	4190001;4100032;3000019	50;1;2	12;1;60	0;2;0	1
610197	1	0	4190001;4100032;3000019	50;1;2	4190001;4100032;3000019	50;1;2	12;1;60	0;1;0	1
610198	1	0	4190001;4100032;3000019	50;1;2	4190001;4100032;3000019	50;1;2	12;1;60	0;2;0	1
610199	1	0	4190001;4100032;3000019	50;1;2	4190001;4100032;3000019	50;1;2	12;1;60	0;1;0	1
610200	1	0	4190001;4100032;3000019	300;1;2	4190001;4100032;3000019	300;1;2	12;1;60	0;2;0	1
610201	1	0	4190001;4100032;3000019	50;1;2	4190001;4100032;3000019	50;1;2	12;1;60	0;1;0	1
610202	1	0	4190001;4100032;3000019	50;1;2	4190001;4100032;3000019	50;1;2	12;1;60	0;2;0	1
610203	1	0	4190001;4100032;3000019	50;1;2	4190001;4100032;3000019	50;1;2	12;1;60	0;1;0	1
610204	1	0	4190001;4100032;3000019	50;1;2	4190001;4100032;3000019	50;1;2	12;1;60	0;2;0	1
610205	1	0	4190001;4100032;3000019	300;1;2	4190001;4100032;3000019	300;1;2	12;1;60	0;1;0	1
610206	1	0	4190001;4100032;3000019	50;1;2	4190001;4100032;3000019	50;1;2	12;1;60	0;2;0	1
610207	1	0	4190001;4100032;3000019	50;1;2	4190001;4100032;3000019	50;1;2	12;1;60	0;1;0	1
610208	1	0	4190001;4100032;3000019	50;1;2	4190001;4100032;3000019	50;1;2	12;1;60	0;2;0	1
610209	1	0	4190001;4100032;3000019	50;1;2	4190001;4100032;3000019	50;1;2	12;1;60	0;1;0	1
610210	1	0	4190001;4100032;3000019	300;1;2	4190001;4100032;3000019	300;1;2	12;1;60	0;2;0	1
610211	1	0	4190001;4100032;3000019	50;1;2	4190001;4100032;3000019	50;1;2	12;1;60	0;1;0	1
610212	1	0	4190001;4100032;3000019	50;1;2	4190001;4100032;3000019	50;1;2	12;1;60	0;2;0	1
610213	1	0	4190001;4100032;3000019	50;1;2	4190001;4100032;3000019	50;1;2	12;1;60	0;1;0	1
610214	1	0	4190001;4100032;3000019	50;1;2	4190001;4100032;3000019	50;1;2	12;1;60	0;2;0	1
610215	1	0	4190001;4100032;3000019	300;1;2	4190001;4100032;3000019	300;1;2	12;1;60	0;1;0	1
610216	1	0	4190001;4100032;3000019	50;1;2	4190001;4100032;3000019	50;1;2	12;1;60	0;2;0	1
610217	1	0	4190001;4100032;3000019	50;1;2	4190001;4100032;3000019	50;1;2	12;1;60	0;1;0	1
610218	1	0	4190001;4100032;3000019	50;1;2	4190001;4100032;3000019	50;1;2	12;1;60	0;2;0	1
610219	1	0	4190001;4100032;3000019	50;1;2	4190001;4100032;3000019	50;1;2	12;1;60	0;1;0	1
610220	1	0	4190001;4100032;3000019	300;1;2	4190001;4100032;3000019	300;1;2	12;1;60	0;2;0	1
610221	1	0	4190001;4100032;3000019	50;1;2	4190001;4100032;3000019	50;1;2	12;1;60	0;1;0	1
610222	1	0	4190001;4100032;3000019	50;1;2	4190001;4100032;3000019	50;1;2	12;1;60	0;2;0	1
610223	1	0	4190001;4100032;3000019	50;1;2	4190001;4100032;3000019	50;1;2	12;1;60	0;1;0	1
610224	1	0	4190001;4100032;3000019	50;1;2	4190001;4100032;3000019	50;1;2	12;1;60	0;2;0	1
610225	1	0	4190001;4100032;3000019	300;1;2	4190001;4100032;3000019	300;1;2	12;1;60	0;1;0	1
610226	1	0	4190001;4100032;3000019	50;1;2	4190001;4100032;3000019	50;1;2	12;1;60	0;2;0	1
610227	1	0	4190001;4100032;3000019	50;1;2	4190001;4100032;3000019	50;1;2	12;1;60	0;1;0	1
610228	1	0	4190001;4100032;3000019	50;1;2	4190001;4100032;3000019	50;1;2	12;1;60	0;2;0	1
610229	1	0	4190001;4100032;3000019	50;1;2	4190001;4100032;3000019	50;1;2	12;1;60	0;1;0	1
610230	1	0	4190001;4100032;3000019	300;1;2	4190001;4100032;3000019	300;1;2	12;1;60	0;2;0	1
610231	1	0	4190001;4100032;3000019	50;1;2	4190001;4100032;3000019	50;1;2	12;1;60	0;1;0	1
610232	1	0	4190001;4100032;3000019	50;1;2	4190001;4100032;3000019	50;1;2	12;1;60	0;2;0	1
610233	1	0	4190001;4100032;3000019	50;1;2	4190001;4100032;3000019	50;1;2	12;1;60	0;1;0	1
610234	1	0	4190001;4100032;3000019	50;1;2	4190001;4100032;3000019	50;1;2	12;1;60	0;2;0	1
610235	1	0	4190001;4100032;3000019	300;1;2	4190001;4100032;3000019	300;1;2	12;1;60	0;1;0	1
610236	1	0	4190001;4100032;3000019	50;1;2	4190001;4100032;3000019	50;1;2	12;1;60	0;2;0	1
610237	1	0	4190001;4100032;3000019	50;1;2	4190001;4100032;3000019	50;1;2	12;1;60	0;1;0	1
610238	1	0	4190001;4100032;3000019	50;1;2	4190001;4100032;3000019	50;1;2	12;1;60	0;2;0	1
610239	1	0	4190001;4100032;3000019	50;1;2	4190001;4100032;3000019	50;1;2	12;1;60	0;1;0	1
610240	1	0	4190001;4100032;3000019	300;1;2	4190001;4100032;3000019	300;1;2	12;1;60	0;2;0	1
610241	1	0	4190001;4100032;3000019	50;1;2	4190001;4100032;3000019	50;1;2	12;1;60	0;1;0	1
610242	1	0	4190001;4100032;3000019	50;1;2	4190001;4100032;3000019	50;1;2	12;1;60	0;2;0	1
610243	1	0	4190001;4100032;3000019	50;1;2	4190001;4100032;3000019	50;1;2	12;1;60	0;1;0	1
610244	1	0	4190001;4100032;3000019	50;1;2	4190001;4100032;3000019	50;1;2	12;1;60	0;2;0	1
610245	1	0	4190001;4100032;3000019	300;1;2	4190001;4100032;3000019	300;1;2	12;1;60	0;1;0	1
610246	1	0	4190001;4100032;3000019	50;1;2	4190001;4100032;3000019	50;1;2	12;1;60	0;2;0	1
610247	1	0	4190001;4100032;3000019	50;1;2	4190001;4100032;3000019	50;1;2	12;1;60	0;1;0	1
610248	1	0	4190001;4100032;3000019	50;1;2	4190001;4100032;3000019	50;1;2	12;1;60	0;2;0	1
610249	1	0	4190001;4100032;3000019	50;1;2	4190001;4100032;3000019	50;1;2	12;1;60	0;1;0	1
610250	1	0	4190001;4100032;3000019	300;1;2	4190001;4100032;3000019	300;1;2	12;1;60	0;2;0	1
610251	1	0	4190001;4100032;3000019	50;1;2	4190001;4100032;3000019	50;1;2	12;1;60	0;1;0	1
610252	1	0	4190001;4100032;3000019	50;1;2	4190001;4100032;3000019	50;1;2	12;1;60	0;2;0	1
610253	1	0	4190001;4100032;3000019	50;1;2	4190001;4100032;3000019	50;1;2	12;1;60	0;1;0	1
610254	1	0	4190001;4100032;3000019	50;1;2	4190001;4100032;3000019	50;1;2	12;1;60	0;2;0	1
610255	1	0	4190001;4100032;3000019	300;1;2	4190001;4100032;3000019	300;1;2	12;1;60	0;1;0	1
610256	1	0	4190001;4100032;3000019	50;1;2	4190001;4100032;3000019	50;1;2	12;1;60	0;2;0	1
610257	1	0	4190001;4100032;3000019	50;1;2	4190001;4100032;3000019	50;1;2	12;1;60	0;1;0	1
610258	1	0	4190001;4100032;3000019	50;1;2	4190001;4100032;3000019	50;1;2	12;1;60	0;2;0	1
610259	1	0	4190001;4100032;3000019	50;1;2	4190001;4100032;3000019	50;1;2	12;1;60	0;1;0	1
610260	1	0	4190001;4100032;3000019	300;1;2	4190001;4100032;3000019	300;1;2	12;1;60	0;2;0	1
610261	1	0	4190001;4100032;3000019	50;1;2	4190001;4100032;3000019	50;1;2	12;1;60	0;1;0	1
610262	1	0	4190001;4100032;3000019	50;1;2	4190001;4100032;3000019	50;1;2	12;1;60	0;2;0	1
610263	1	0	4190001;4100032;3000019	50;1;2	4190001;4100032;3000019	50;1;2	12;1;60	0;1;0	1
610264	1	0	4190001;4100032;3000019	50;1;2	4190001;4100032;3000019	50;1;2	12;1;60	0;2;0	1
610265	1	0	4190001;4100032;3000019	300;1;2	4190001;4100032;3000019	300;1;2	12;1;60	0;1;0	1
610266	1	0	4190001;4100032;3000019	50;1;2	4190001;4100032;3000019	50;1;2	12;1;60	0;2;0	1
610267	1	0	4190001;4100032;3000019	50;1;2	4190001;4100032;3000019	50;1;2	12;1;60	0;1;0	1
610268	1	0	4190001;4100032;3000019	50;1;2	4190001;4100032;3000019	50;1;2	12;1;60	0;2;0	1
610269	1	0	4190001;4100032;3000019	50;1;2	4190001;4100032;3000019	50;1;2	12;1;60	0;1;0	1
610270	1	0	4190001;4100032;3000019	300;1;2	4190001;4100032;3000019	300;1;2	12;1;60	0;2;0	1
610271	1	0	4190001;4100032;3000019	50;1;2	4190001;4100032;3000019	50;1;2	12;1;60	0;1;0	1
610272	1	0	4190001;4100032;3000019	50;1;2	4190001;4100032;3000019	50;1;2	12;1;60	0;2;0	1
610273	1	0	4190001;4100032;3000019	50;1;2	4190001;4100032;3000019	50;1;2	12;1;60	0;1;0	1
610274	1	0	4190001;4100032;3000019	50;1;2	4190001;4100032;3000019	50;1;2	12;1;60	0;2;0	1
610275	1	0	4190001;4100032;3000019	300;1;2	4190001;4100032;3000019	300;1;2	12;1;60	0;1;0	1
610276	1	0	4190001;4100032;3000019	50;1;2	4190001;4100032;3000019	50;1;2	12;1;60	0;2;0	1
610277	1	0	4190001;4100032;3000019	50;1;2	4190001;4100032;3000019	50;1;2	12;1;60	0;1;0	1
610278	1	0	4190001;4100032;3000019	50;1;2	4190001;4100032;3000019	50;1;2	12;1;60	0;2;0	1
610279	1	0	4190001;4100032;3000019	50;1;2	4190001;4100032;3000019	50;1;2	12;1;60	0;1;0	1
610280	1	0	4190001;4100032;3000019	300;1;2	4190001;4100032;3000019	300;1;2	12;1;60	0;2;0	1
610281	1	0	4190001;4100032;3000019	50;1;2	4190001;4100032;3000019	50;1;2	12;1;60	0;1;0	1
610282	1	0	4190001;4100032;3000019	50;1;2	4190001;4100032;3000019	50;1;2	12;1;60	0;2;0	1
610283	1	0	4190001;4100032;3000019	50;1;2	4190001;4100032;3000019	50;1;2	12;1;60	0;1;0	1
610284	1	0	4190001;4100032;3000019	50;1;2	4190001;4100032;3000019	50;1;2	12;1;60	0;2;0	1
610285	1	0	4190001;4100032;3000019	300;1;2	4190001;4100032;3000019	300;1;2	12;1;60	0;1;0	1
610286	1	0	4190001;4100032;3000019	50;1;2	4190001;4100032;3000019	50;1;2	12;1;60	0;2;0	1
610287	1	0	4190001;4100032;3000019	50;1;2	4190001;4100032;3000019	50;1;2	12;1;60	0;1;0	1
610288	1	0	4190001;4100032;3000019	50;1;2	4190001;4100032;3000019	50;1;2	12;1;60	0;2;0	1
610289	1	0	4190001;4100032;3000019	50;1;2	4190001;4100032;3000019	50;1;2	12;1;60	0;1;0	1
610290	1	0	4190001;4100032;3000019	300;1;2	4190001;4100032;3000019	300;1;2	12;1;60	0;2;0	1
610291	1	0	4190001;4100032;3000019	50;1;2	4190001;4100032;3000019	50;1;2	12;1;60	0;1;0	1
610292	1	0	4190001;4100032;3000019	50;1;2	4190001;4100032;3000019	50;1;2	12;1;60	0;2;0	1
610293	1	0	4190001;4100032;3000019	50;1;2	4190001;4100032;3000019	50;1;2	12;1;60	0;1;0	1
610294	1	0	4190001;4100032;3000019	50;1;2	4190001;4100032;3000019	50;1;2	12;1;60	0;2;0	1
610295	1	0	4190001;4100032;3000019	300;1;2	4190001;4100032;3000019	300;1;2	12;1;60	0;1;0	1
610296	1	0	4190001;4100032;3000019	50;1;2	4190001;4100032;3000019	50;1;2	12;1;60	0;2;0	1
610297	1	0	4190001;4100032;3000019	50;1;2	4190001;4100032;3000019	50;1;2	12;1;60	0;1;0	1
610298	1	0	4190001;4100032;3000019	50;1;2	4190001;4100032;3000019	50;1;2	12;1;60	0;2;0	1
610299	1	0	4190001;4100032;3000019	50;1;2	4190001;4100032;3000019	50;1;2	12;1;60	0;1;0	1
610300	1	0	4190001;4100032;3000019	300;1;2	4190001;4100032;3000019	300;1;2	12;1;60	0;2;0	1
620001	2	0	4190001	100	4190001	100			1
620002	2	0	4190001	100	4190001	100			1
620003	2	0	4190001	100	4190001	100			1
620004	2	0	4190001	100	4190001	100			1
620005	2	0	4190001	500	4190001	500			1
620006	2	0	4190001	100	4190001	100			1
620007	2	0	4190001	100	4190001	100			1
620008	2	0	4190001	100	4190001	100			1
620009	2	0	4190001	100	4190001	100			1
620010	2	0	4190001	500	4190001	500			1
620011	2	0	4190001	100	4190001	100			1
620012	2	0	4190001	100	4190001	100			1
620013	2	0	4190001	100	4190001	100			1
620014	2	0	4190001	100	4190001	100			1
620015	2	0	4190001	500	4190001	500			1
620016	2	0	4190001	100	4190001	100			1
620017	2	0	4190001	100	4190001	100			1
620018	2	0	4190001	100	4190001	100			1
620019	2	0	4190001	100	4190001	100			1
620020	2	0	4190001	500	4190001	500			1
620021	2	0	4190001	100	4190001	100			1
620022	2	0	4190001	100	4190001	100			1
620023	2	0	4190001	100	4190001	100			1
620024	2	0	4190001	100	4190001	100			1
620025	2	0	4190001	500	4190001	500			1
620026	2	0	4190001	100	4190001	100			1
620027	2	0	4190001	100	4190001	100			1
620028	2	0	4190001	100	4190001	100			1
620029	2	0	4190001	100	4190001	100			1
620030	2	0	4190001	500	4190001	500			1
620031	2	0	4190001	100	4190001	100			1
620032	2	0	4190001	100	4190001	100			1
620033	2	0	4190001	100	4190001	100			1
620034	2	0	4190001	100	4190001	100			1
620035	2	0	4190001	500	4190001	500			1
620036	2	0	4190001	100	4190001	100			1
620037	2	0	4190001	100	4190001	100			1
620038	2	0	4190001	100	4190001	100			1
620039	2	0	4190001	100	4190001	100			1
620040	2	0	4190001	500	4190001	500			1
620041	2	0	4190001	100	4190001	100			1
620042	2	0	4190001	100	4190001	100			1
620043	2	0	4190001	100	4190001	100			1
620044	2	0	4190001	100	4190001	100			1
620045	2	0	4190001	500	4190001	500			1
620046	2	0	4190001	100	4190001	100			1
620047	2	0	4190001	100	4190001	100			1
620048	2	0	4190001	100	4190001	100			1
620049	2	0	4190001	100	4190001	100			1
620050	2	0	4190001	500	4190001	500			1
620051	2	0	4190001	100	4190001	100			1
620052	2	0	4190001	100	4190001	100			1
620053	2	0	4190001	100	4190001	100			1
620054	2	0	4190001	100	4190001	100			1
620055	2	0	4190001	500	4190001	500			1
620056	2	0	4190001	100	4190001	100			1
620057	2	0	4190001	100	4190001	100			1
620058	2	0	4190001	100	4190001	100			1
620059	2	0	4190001	100	4190001	100			1
620060	2	0	4190001	500	4190001	500			1
620061	2	0	4190001	100	4190001	100			1
620062	2	0	4190001	100	4190001	100			1
620063	2	0	4190001	100	4190001	100			1
620064	2	0	4190001	100	4190001	100			1
620065	2	0	4190001	500	4190001	500			1
620066	2	0	4190001	100	4190001	100			1
620067	2	0	4190001	100	4190001	100			1
620068	2	0	4190001	100	4190001	100			1
620069	2	0	4190001	100	4190001	100			1
620070	2	0	4190001	500	4190001	500			1
620071	2	0	4190001	100	4190001	100			1
620072	2	0	4190001	100	4190001	100			1
620073	2	0	4190001	100	4190001	100			1
620074	2	0	4190001	100	4190001	100			1
620075	2	0	4190001	500	4190001	500			1
620076	2	0	4190001	100	4190001	100			1
620077	2	0	4190001	100	4190001	100			1
620078	2	0	4190001	100	4190001	100			1
620079	2	0	4190001	100	4190001	100			1
620080	2	0	4190001	500	4190001	500			1
620081	2	0	4190001	100	4190001	100			1
620082	2	0	4190001	100	4190001	100			1
620083	2	0	4190001	100	4190001	100			1
620084	2	0	4190001	100	4190001	100			1
620085	2	0	4190001	500	4190001	500			1
620086	2	0	4190001	100	4190001	100			1
620087	2	0	4190001	100	4190001	100			1
620088	2	0	4190001	100	4190001	100			1
620089	2	0	4190001	100	4190001	100			1
620090	2	0	4190001	500	4190001	500			1
620091	2	0	4190001	100	4190001	100			1
620092	2	0	4190001	100	4190001	100			1
620093	2	0	4190001	100	4190001	100			1
620094	2	0	4190001	100	4190001	100			1
620095	2	0	4190001	500	4190001	500			1
620096	2	0	4190001	100	4190001	100			1
620097	2	0	4190001	100	4190001	100			1
620098	2	0	4190001	100	4190001	100			1
620099	2	0	4190001	100	4190001	100			1
620100	2	0	4190001	500	4190001	500			1
630001	3	0	4190001	100	4190001	100			1
630002	3	0	4190001	100	4190001	100			1
630003	3	0	4190001	100	4190001	100			1
630004	3	0	4190001	100	4190001	100			1
630005	3	0	4190001	500	4190001	500			1
630006	3	0	4190001	100	4190001	100			1
630007	3	0	4190001	100	4190001	100			1
630008	3	0	4190001	100	4190001	100			1
630009	3	0	4190001	100	4190001	100			1
630010	3	0	4190001	500	4190001	500			1
630011	3	0	4190001	100	4190001	100			1
630012	3	0	4190001	100	4190001	100			1
630013	3	0	4190001	100	4190001	100			1
630014	3	0	4190001	100	4190001	100			1
630015	3	0	4190001	500	4190001	500			1
630016	3	0	4190001	100	4190001	100			1
630017	3	0	4190001	100	4190001	100			1
630018	3	0	4190001	100	4190001	100			1
630019	3	0	4190001	100	4190001	100			1
630020	3	0	4190001	500	4190001	500			1
630021	3	0	4190001	100	4190001	100			1
630022	3	0	4190001	100	4190001	100			1
630023	3	0	4190001	100	4190001	100			1
630024	3	0	4190001	100	4190001	100			1
630025	3	0	4190001	500	4190001	500			1
630026	3	0	4190001	100	4190001	100			1
630027	3	0	4190001	100	4190001	100			1
630028	3	0	4190001	100	4190001	100			1
630029	3	0	4190001	100	4190001	100			1
630030	3	0	4190001	500	4190001	500			1
630031	3	0	4190001	100	4190001	100			1
630032	3	0	4190001	100	4190001	100			1
630033	3	0	4190001	100	4190001	100			1
630034	3	0	4190001	100	4190001	100			1
630035	3	0	4190001	500	4190001	500			1
630036	3	0	4190001	100	4190001	100			1
630037	3	0	4190001	100	4190001	100			1
630038	3	0	4190001	100	4190001	100			1
630039	3	0	4190001	100	4190001	100			1
630040	3	0	4190001	500	4190001	500			1
630041	3	0	4190001	100	4190001	100			1
630042	3	0	4190001	100	4190001	100			1
630043	3	0	4190001	100	4190001	100			1
630044	3	0	4190001	100	4190001	100			1
630045	3	0	4190001	500	4190001	500			1
630046	3	0	4190001	100	4190001	100			1
630047	3	0	4190001	100	4190001	100			1
630048	3	0	4190001	100	4190001	100			1
630049	3	0	4190001	100	4190001	100			1
630050	3	0	4190001	500	4190001	500			1
630051	3	0	4190001	100	4190001	100			1
630052	3	0	4190001	100	4190001	100			1
630053	3	0	4190001	100	4190001	100			1
630054	3	0	4190001	100	4190001	100			1
630055	3	0	4190001	500	4190001	500			1
630056	3	0	4190001	100	4190001	100			1
630057	3	0	4190001	100	4190001	100			1
630058	3	0	4190001	100	4190001	100			1
630059	3	0	4190001	100	4190001	100			1
630060	3	0	4190001	500	4190001	500			1
630061	3	0	4190001	100	4190001	100			1
630062	3	0	4190001	100	4190001	100			1
630063	3	0	4190001	100	4190001	100			1
630064	3	0	4190001	100	4190001	100			1
630065	3	0	4190001	500	4190001	500			1
630066	3	0	4190001	100	4190001	100			1
630067	3	0	4190001	100	4190001	100			1
630068	3	0	4190001	100	4190001	100			1
630069	3	0	4190001	100	4190001	100			1
630070	3	0	4190001	500	4190001	500			1
630071	3	0	4190001	100	4190001	100			1
630072	3	0	4190001	100	4190001	100			1
630073	3	0	4190001	100	4190001	100			1
630074	3	0	4190001	100	4190001	100			1
630075	3	0	4190001	500	4190001	500			1
630076	3	0	4190001	100	4190001	100			1
630077	3	0	4190001	100	4190001	100			1
630078	3	0	4190001	100	4190001	100			1
630079	3	0	4190001	100	4190001	100			1
630080	3	0	4190001	500	4190001	500			1
630081	3	0	4190001	100	4190001	100			1
630082	3	0	4190001	100	4190001	100			1
630083	3	0	4190001	100	4190001	100			1
630084	3	0	4190001	100	4190001	100			1
630085	3	0	4190001	500	4190001	500			1
630086	3	0	4190001	100	4190001	100			1
630087	3	0	4190001	100	4190001	100			1
630088	3	0	4190001	100	4190001	100			1
630089	3	0	4190001	100	4190001	100			1
630090	3	0	4190001	500	4190001	500			1
630091	3	0	4190001	100	4190001	100			1
630092	3	0	4190001	100	4190001	100			1
630093	3	0	4190001	100	4190001	100			1
630094	3	0	4190001	100	4190001	100			1
630095	3	0	4190001	500	4190001	500			1
630096	3	0	4190001	100	4190001	100			1
630097	3	0	4190001	100	4190001	100			1
630098	3	0	4190001	100	4190001	100			1
630099	3	0	4190001	100	4190001	100			1
630100	3	0	4190001	500	4190001	500			1
640001	4	0	4190001	100	4190001	100			1
640002	4	0	4190001	100	4190001	100			1
640003	4	0	4190001	100	4190001	100			1
640004	4	0	4190001	100	4190001	100			1
640005	4	0	4190001	500	4190001	500			1
640006	4	0	4190001	100	4190001	100			1
640007	4	0	4190001	100	4190001	100			1
640008	4	0	4190001	100	4190001	100			1
640009	4	0	4190001	100	4190001	100			1
640010	4	0	4190001	500	4190001	500			1
640011	4	0	4190001	100	4190001	100			1
640012	4	0	4190001	100	4190001	100			1
640013	4	0	4190001	100	4190001	100			1
640014	4	0	4190001	100	4190001	100			1
640015	4	0	4190001	500	4190001	500			1
640016	4	0	4190001	100	4190001	100			1
640017	4	0	4190001	100	4190001	100			1
640018	4	0	4190001	100	4190001	100			1
640019	4	0	4190001	100	4190001	100			1
640020	4	0	4190001	500	4190001	500			1
640021	4	0	4190001	100	4190001	100			1
640022	4	0	4190001	100	4190001	100			1
640023	4	0	4190001	100	4190001	100			1
640024	4	0	4190001	100	4190001	100			1
640025	4	0	4190001	500	4190001	500			1
640026	4	0	4190001	100	4190001	100			1
640027	4	0	4190001	100	4190001	100			1
640028	4	0	4190001	100	4190001	100			1
640029	4	0	4190001	100	4190001	100			1
640030	4	0	4190001	500	4190001	500			1
640031	4	0	4190001	100	4190001	100			1
640032	4	0	4190001	100	4190001	100			1
640033	4	0	4190001	100	4190001	100			1
640034	4	0	4190001	100	4190001	100			1
640035	4	0	4190001	500	4190001	500			1
640036	4	0	4190001	100	4190001	100			1
640037	4	0	4190001	100	4190001	100			1
640038	4	0	4190001	100	4190001	100			1
640039	4	0	4190001	100	4190001	100			1
640040	4	0	4190001	500	4190001	500			1
640041	4	0	4190001	100	4190001	100			1
640042	4	0	4190001	100	4190001	100			1
640043	4	0	4190001	100	4190001	100			1
640044	4	0	4190001	100	4190001	100			1
640045	4	0	4190001	500	4190001	500			1
640046	4	0	4190001	100	4190001	100			1
640047	4	0	4190001	100	4190001	100			1
640048	4	0	4190001	100	4190001	100			1
640049	4	0	4190001	100	4190001	100			1
640050	4	0	4190001	500	4190001	500			1
640051	4	0	4190001	100	4190001	100			1
640052	4	0	4190001	100	4190001	100			1
640053	4	0	4190001	100	4190001	100			1
640054	4	0	4190001	100	4190001	100			1
640055	4	0	4190001	500	4190001	500			1
640056	4	0	4190001	100	4190001	100			1
640057	4	0	4190001	100	4190001	100			1
640058	4	0	4190001	100	4190001	100			1
640059	4	0	4190001	100	4190001	100			1
640060	4	0	4190001	500	4190001	500			1
640061	4	0	4190001	100	4190001	100			1
640062	4	0	4190001	100	4190001	100			1
640063	4	0	4190001	100	4190001	100			1
640064	4	0	4190001	100	4190001	100			1
640065	4	0	4190001	500	4190001	500			1
640066	4	0	4190001	100	4190001	100			1
640067	4	0	4190001	100	4190001	100			1
640068	4	0	4190001	100	4190001	100			1
640069	4	0	4190001	100	4190001	100			1
640070	4	0	4190001	500	4190001	500			1
640071	4	0	4190001	100	4190001	100			1
640072	4	0	4190001	100	4190001	100			1
640073	4	0	4190001	100	4190001	100			1
640074	4	0	4190001	100	4190001	100			1
640075	4	0	4190001	500	4190001	500			1
640076	4	0	4190001	100	4190001	100			1
640077	4	0	4190001	100	4190001	100			1
640078	4	0	4190001	100	4190001	100			1
640079	4	0	4190001	100	4190001	100			1
640080	4	0	4190001	500	4190001	500			1
640081	4	0	4190001	100	4190001	100			1
640082	4	0	4190001	100	4190001	100			1
640083	4	0	4190001	100	4190001	100			1
640084	4	0	4190001	100	4190001	100			1
640085	4	0	4190001	500	4190001	500			1
640086	4	0	4190001	100	4190001	100			1
640087	4	0	4190001	100	4190001	100			1
640088	4	0	4190001	100	4190001	100			1
640089	4	0	4190001	100	4190001	100			1
640090	4	0	4190001	500	4190001	500			1
640091	4	0	4190001	100	4190001	100			1
640092	4	0	4190001	100	4190001	100			1
640093	4	0	4190001	100	4190001	100			1
640094	4	0	4190001	100	4190001	100			1
640095	4	0	4190001	500	4190001	500			1
640096	4	0	4190001	100	4190001	100			1
640097	4	0	4190001	100	4190001	100			1
640098	4	0	4190001	100	4190001	100			1
640099	4	0	4190001	100	4190001	100			1
640100	4	0	4190001	500	4190001	500			1
610301	1	0	4190001;4100032;3000019	50;1;2	4190001;4100032;3000019	50;1;2	12;1;60	0;0;0	1
610302	1	0	4190001;4100032;3000019	50;1;2	4190001;4100032;3000019	50;1;2	12;1;60	0;0;0	1
610303	1	0	4190001;4100032;3000019	50;1;2	4190001;4100032;3000019	50;1;2	12;1;60	0;0;0	1
610304	1	0	4190001;4100032;3000019	50;1;2	4190001;4100032;3000019	50;1;2	12;1;60	0;0;0	1
610305	1	0	4190001;4100032;3000019	300;1;2	4190001;4100032;3000019	300;1;2	12;1;60	0;0;0	1
610306	1	0	4190001;4100032;3000019	50;1;2	4190001;4100032;3000019	50;1;2	12;1;60	0;0;0	1
610307	1	0	4190001;4100032;3000019	50;1;2	4190001;4100032;3000019	50;1;2	12;1;60	0;0;0	1
610308	1	0	4190001;4100032;3000019	50;1;2	4190001;4100032;3000019	50;1;2	12;1;60	0;0;0	1
610309	1	0	4190001;4100032;3000019	50;1;2	4190001;4100032;3000019	50;1;2	12;1;60	0;0;0	1
610310	1	0	4190001;4100032;3000019	300;1;2	4190001;4100032;3000019	300;1;2	12;1;60	0;0;0	1
610311	1	0	4190001;4100032;3000019	50;1;2	4190001;4100032;3000019	50;1;2	12;1;60	0;0;0	1
610312	1	0	4190001;4100032;3000019	50;1;2	4190001;4100032;3000019	50;1;2	12;1;60	0;0;0	1
610313	1	0	4190001;4100032;3000019	50;1;2	4190001;4100032;3000019	50;1;2	12;1;60	0;0;0	1
610314	1	0	4190001;4100032;3000019	50;1;2	4190001;4100032;3000019	50;1;2	12;1;60	0;0;0	1
610315	1	0	4190001;4100032;3000019	300;1;2	4190001;4100032;3000019	300;1;2	12;1;60	0;0;0	1
610316	1	0	4190001;4100032;3000019	50;1;2	4190001;4100032;3000019	50;1;2	12;1;60	0;0;0	1
610317	1	0	4190001;4100032;3000019	50;1;2	4190001;4100032;3000019	50;1;2	12;1;60	0;0;0	1
610318	1	0	4190001;4100032;3000019	50;1;2	4190001;4100032;3000019	50;1;2	12;1;60	0;0;0	1
610319	1	0	4190001;4100032;3000019	50;1;2	4190001;4100032;3000019	50;1;2	12;1;60	0;0;0	1
610320	1	0	4190001;4100032;3000019	300;1;2	4190001;4100032;3000019	300;1;2	12;1;60	0;0;0	1
610321	1	0	4190001;4100032;3000019	50;1;2	4190001;4100032;3000019	50;1;2	12;1;60	0;0;0	1
610322	1	0	4190001;4100032;3000019	50;1;2	4190001;4100032;3000019	50;1;2	12;1;60	0;0;0	1
610323	1	0	4190001;4100032;3000019	50;1;2	4190001;4100032;3000019	50;1;2	12;1;60	0;0;0	1
610324	1	0	4190001;4100032;3000019	50;1;2	4190001;4100032;3000019	50;1;2	12;1;60	0;0;0	1
610325	1	0	4190001;4100032;3000019	300;1;2	4190001;4100032;3000019	300;1;2	12;1;60	0;0;0	1
610326	1	0	4190001;4100032;3000019	50;1;2	4190001;4100032;3000019	50;1;2	12;1;60	0;0;0	1
610327	1	0	4190001;4100032;3000019	50;1;2	4190001;4100032;3000019	50;1;2	12;1;60	0;0;0	1
610328	1	0	4190001;4100032;3000019	50;1;2	4190001;4100032;3000019	50;1;2	12;1;60	0;0;0	1
610329	1	0	4190001;4100032;3000019	50;1;2	4190001;4100032;3000019	50;1;2	12;1;60	0;0;0	1
610330	1	0	4190001;4100032;3000019	300;1;2	4190001;4100032;3000019	300;1;2	12;1;60	0;0;0	1
610331	1	0	4190001;4100032;3000019	50;1;2	4190001;4100032;3000019	50;1;2	12;1;60	0;0;0	1
610332	1	0	4190001;4100032;3000019	50;1;2	4190001;4100032;3000019	50;1;2	12;1;60	0;0;0	1
610333	1	0	4190001;4100032;3000019	50;1;2	4190001;4100032;3000019	50;1;2	12;1;60	0;0;0	1
610334	1	0	4190001;4100032;3000019	50;1;2	4190001;4100032;3000019	50;1;2	12;1;60	0;0;0	1
610335	1	0	4190001;4100032;3000019	300;1;2	4190001;4100032;3000019	300;1;2	12;1;60	0;0;0	1
610336	1	0	4190001;4100032;3000019	50;1;2	4190001;4100032;3000019	50;1;2	12;1;60	0;0;0	1
610337	1	0	4190001;4100032;3000019	50;1;2	4190001;4100032;3000019	50;1;2	12;1;60	0;0;0	1
610338	1	0	4190001;4100032;3000019	50;1;2	4190001;4100032;3000019	50;1;2	12;1;60	0;0;0	1
610339	1	0	4190001;4100032;3000019	50;1;2	4190001;4100032;3000019	50;1;2	12;1;60	0;0;0	1
610340	1	0	4190001;4100032;3000019	300;1;2	4190001;4100032;3000019	300;1;2	12;1;60	0;0;0	1
610341	1	0	4190001;4100032;3000019	50;1;2	4190001;4100032;3000019	50;1;2	12;1;60	0;0;0	1
610342	1	0	4190001;4100032;3000019	50;1;2	4190001;4100032;3000019	50;1;2	12;1;60	0;0;0	1
610343	1	0	4190001;4100032;3000019	50;1;2	4190001;4100032;3000019	50;1;2	12;1;60	0;0;0	1
610344	1	0	4190001;4100032;3000019	50;1;2	4190001;4100032;3000019	50;1;2	12;1;60	0;0;0	1
610345	1	0	4190001;4100032;3000019	300;1;2	4190001;4100032;3000019	300;1;2	12;1;60	0;0;0	1
610346	1	0	4190001;4100032;3000019	50;1;2	4190001;4100032;3000019	50;1;2	12;1;60	0;0;0	1
610347	1	0	4190001;4100032;3000019	50;1;2	4190001;4100032;3000019	50;1;2	12;1;60	0;0;0	1
610348	1	0	4190001;4100032;3000019	50;1;2	4190001;4100032;3000019	50;1;2	12;1;60	0;0;0	1
610349	1	0	4190001;4100032;3000019	50;1;2	4190001;4100032;3000019	50;1;2	12;1;60	0;0;0	1
610350	1	0	4190001;4100032;3000019	300;1;2	4190001;4100032;3000019	300;1;2	12;1;60	0;0;0	1
610351	1	0	4190001;4100032;3000019	50;1;2	4190001;4100032;3000019	50;1;2	12;1;60	0;0;0	1
610352	1	0	4190001;4100032;3000019	50;1;2	4190001;4100032;3000019	50;1;2	12;1;60	0;0;0	1
610353	1	0	4190001;4100032;3000019	50;1;2	4190001;4100032;3000019	50;1;2	12;1;60	0;0;0	1
610354	1	0	4190001;4100032;3000019	50;1;2	4190001;4100032;3000019	50;1;2	12;1;60	0;0;0	1
610355	1	0	4190001;4100032;3000019	300;1;2	4190001;4100032;3000019	300;1;2	12;1;60	0;0;0	1
610356	1	0	4190001;4100032;3000019	50;1;2	4190001;4100032;3000019	50;1;2	12;1;60	0;0;0	1
610357	1	0	4190001;4100032;3000019	50;1;2	4190001;4100032;3000019	50;1;2	12;1;60	0;0;0	1
610358	1	0	4190001;4100032;3000019	50;1;2	4190001;4100032;3000019	50;1;2	12;1;60	0;0;0	1
610359	1	0	4190001;4100032;3000019	50;1;2	4190001;4100032;3000019	50;1;2	12;1;60	0;0;0	1
610360	1	0	4190001;4100032;3000019	300;1;2	4190001;4100032;3000019	300;1;2	12;1;60	0;0;0	1
610361	1	0	4190001;4100032;3000019	50;1;2	4190001;4100032;3000019	50;1;2	12;1;60	0;0;0	1
610362	1	0	4190001;4100032;3000019	50;1;2	4190001;4100032;3000019	50;1;2	12;1;60	0;0;0	1
610363	1	0	4190001;4100032;3000019	50;1;2	4190001;4100032;3000019	50;1;2	12;1;60	0;0;0	1
610364	1	0	4190001;4100032;3000019	50;1;2	4190001;4100032;3000019	50;1;2	12;1;60	0;0;0	1
610365	1	0	4190001;4100032;3000019	300;1;2	4190001;4100032;3000019	300;1;2	12;1;60	0;0;0	1
610366	1	0	4190001;4100032;3000019	50;1;2	4190001;4100032;3000019	50;1;2	12;1;60	0;0;0	1
610367	1	0	4190001;4100032;3000019	50;1;2	4190001;4100032;3000019	50;1;2	12;1;60	0;0;0	1
610368	1	0	4190001;4100032;3000019	50;1;2	4190001;4100032;3000019	50;1;2	12;1;60	0;0;0	1
610369	1	0	4190001;4100032;3000019	50;1;2	4190001;4100032;3000019	50;1;2	12;1;60	0;0;0	1
610370	1	0	4190001;4100032;3000019	300;1;2	4190001;4100032;3000019	300;1;2	12;1;60	0;0;0	1
610371	1	0	4190001;4100032;3000019	50;1;2	4190001;4100032;3000019	50;1;2	12;1;60	0;0;0	1
610372	1	0	4190001;4100032;3000019	50;1;2	4190001;4100032;3000019	50;1;2	12;1;60	0;0;0	1
610373	1	0	4190001;4100032;3000019	50;1;2	4190001;4100032;3000019	50;1;2	12;1;60	0;0;0	1
610374	1	0	4190001;4100032;3000019	50;1;2	4190001;4100032;3000019	50;1;2	12;1;60	0;0;0	1
610375	1	0	4190001;4100032;3000019	300;1;2	4190001;4100032;3000019	300;1;2	12;1;60	0;0;0	1
610376	1	0	4190001;4100032;3000019	50;1;2	4190001;4100032;3000019	50;1;2	12;1;60	0;0;0	1
610377	1	0	4190001;4100032;3000019	50;1;2	4190001;4100032;3000019	50;1;2	12;1;60	0;0;0	1
610378	1	0	4190001;4100032;3000019	50;1;2	4190001;4100032;3000019	50;1;2	12;1;60	0;0;0	1
610379	1	0	4190001;4100032;3000019	50;1;2	4190001;4100032;3000019	50;1;2	12;1;60	0;0;0	1
610380	1	0	4190001;4100032;3000019	300;1;2	4190001;4100032;3000019	300;1;2	12;1;60	0;0;0	1
610381	1	0	4190001;4100032;3000019	50;1;2	4190001;4100032;3000019	50;1;2	12;1;60	0;0;0	1
610382	1	0	4190001;4100032;3000019	50;1;2	4190001;4100032;3000019	50;1;2	12;1;60	0;0;0	1
610383	1	0	4190001;4100032;3000019	50;1;2	4190001;4100032;3000019	50;1;2	12;1;60	0;0;0	1
610384	1	0	4190001;4100032;3000019	50;1;2	4190001;4100032;3000019	50;1;2	12;1;60	0;0;0	1
610385	1	0	4190001;4100032;3000019	300;1;2	4190001;4100032;3000019	300;1;2	12;1;60	0;0;0	1
610386	1	0	4190001;4100032;3000019	50;1;2	4190001;4100032;3000019	50;1;2	12;1;60	0;0;0	1
610387	1	0	4190001;4100032;3000019	50;1;2	4190001;4100032;3000019	50;1;2	12;1;60	0;0;0	1
610388	1	0	4190001;4100032;3000019	50;1;2	4190001;4100032;3000019	50;1;2	12;1;60	0;0;0	1
610389	1	0	4190001;4100032;3000019	50;1;2	4190001;4100032;3000019	50;1;2	12;1;60	0;0;0	1
610390	1	0	4190001;4100032;3000019	300;1;2	4190001;4100032;3000019	300;1;2	12;1;60	0;0;0	1
610391	1	0	4190001;4100032;3000019	50;1;2	4190001;4100032;3000019	50;1;2	12;1;60	0;0;0	1
610392	1	0	4190001;4100032;3000019	50;1;2	4190001;4100032;3000019	50;1;2	12;1;60	0;0;0	1
610393	1	0	4190001;4100032;3000019	50;1;2	4190001;4100032;3000019	50;1;2	12;1;60	0;0;0	1
610394	1	0	4190001;4100032;3000019	50;1;2	4190001;4100032;3000019	50;1;2	12;1;60	0;0;0	1
610395	1	0	4190001;4100032;3000019	300;1;2	4190001;4100032;3000019	300;1;2	12;1;60	0;0;0	1
610396	1	0	4190001;4100032;3000019	50;1;2	4190001;4100032;3000019	50;1;2	12;1;60	0;0;0	1
610397	1	0	4190001;4100032;3000019	50;1;2	4190001;4100032;3000019	50;1;2	12;1;60	0;0;0	1
610398	1	0	4190001;4100032;3000019	50;1;2	4190001;4100032;3000019	50;1;2	12;1;60	0;0;0	1
610399	1	0	4190001;4100032;3000019	50;1;2	4190001;4100032;3000019	50;1;2	12;1;60	0;0;0	1
610400	1	0	4190001;4100032;3000019	300;1;2	4190001;4100032;3000019	300;1;2	12;1;60	0;0;0	1
610401	1	0	4190001;4100032;3000019	50;1;2	4190001;4100032;3000019	50;1;2	12;1;60	0;0;0	1
610402	1	0	4190001;4100032;3000019	50;1;2	4190001;4100032;3000019	50;1;2	12;1;60	0;0;0	1
610403	1	0	4190001;4100032;3000019	50;1;2	4190001;4100032;3000019	50;1;2	12;1;60	0;0;0	1
610404	1	0	4190001;4100032;3000019	50;1;2	4190001;4100032;3000019	50;1;2	12;1;60	0;0;0	1
610405	1	0	4190001;4100032;3000019	300;1;2	4190001;4100032;3000019	300;1;2	12;1;60	0;0;0	1
610406	1	0	4190001;4100032;3000019	50;1;2	4190001;4100032;3000019	50;1;2	12;1;60	0;0;0	1
610407	1	0	4190001;4100032;3000019	50;1;2	4190001;4100032;3000019	50;1;2	12;1;60	0;0;0	1
610408	1	0	4190001;4100032;3000019	50;1;2	4190001;4100032;3000019	50;1;2	12;1;60	0;0;0	1
610409	1	0	4190001;4100032;3000019	50;1;2	4190001;4100032;3000019	50;1;2	12;1;60	0;0;0	1
610410	1	0	4190001;4100032;3000019	300;1;2	4190001;4100032;3000019	300;1;2	12;1;60	0;0;0	1
610411	1	0	4190001;4100032;3000019	50;1;2	4190001;4100032;3000019	50;1;2	12;1;60	0;0;0	1
610412	1	0	4190001;4100032;3000019	50;1;2	4190001;4100032;3000019	50;1;2	12;1;60	0;0;0	1
610413	1	0	4190001;4100032;3000019	50;1;2	4190001;4100032;3000019	50;1;2	12;1;60	0;0;0	1
610414	1	0	4190001;4100032;3000019	50;1;2	4190001;4100032;3000019	50;1;2	12;1;60	0;0;0	1
610415	1	0	4190001;4100032;3000019	300;1;2	4190001;4100032;3000019	300;1;2	12;1;60	0;0;0	1
610416	1	0	4190001;4100032;3000019	50;1;2	4190001;4100032;3000019	50;1;2	12;1;60	0;0;0	1
610417	1	0	4190001;4100032;3000019	50;1;2	4190001;4100032;3000019	50;1;2	12;1;60	0;0;0	1
610418	1	0	4190001;4100032;3000019	50;1;2	4190001;4100032;3000019	50;1;2	12;1;60	0;0;0	1
610419	1	0	4190001;4100032;3000019	50;1;2	4190001;4100032;3000019	50;1;2	12;1;60	0;0;0	1
610420	1	0	4190001;4100032;3000019	300;1;2	4190001;4100032;3000019	300;1;2	12;1;60	0;0;0	1
610421	1	0	4190001;4100032;3000019	50;1;2	4190001;4100032;3000019	50;1;2	12;1;60	0;0;0	1
610422	1	0	4190001;4100032;3000019	50;1;2	4190001;4100032;3000019	50;1;2	12;1;60	0;0;0	1
610423	1	0	4190001;4100032;3000019	50;1;2	4190001;4100032;3000019	50;1;2	12;1;60	0;0;0	1
610424	1	0	4190001;4100032;3000019	50;1;2	4190001;4100032;3000019	50;1;2	12;1;60	0;0;0	1
610425	1	0	4190001;4100032;3000019	300;1;2	4190001;4100032;3000019	300;1;2	12;1;60	0;0;0	1
610426	1	0	4190001;4100032;3000019	50;1;2	4190001;4100032;3000019	50;1;2	12;1;60	0;0;0	1
610427	1	0	4190001;4100032;3000019	50;1;2	4190001;4100032;3000019	50;1;2	12;1;60	0;0;0	1
610428	1	0	4190001;4100032;3000019	50;1;2	4190001;4100032;3000019	50;1;2	12;1;60	0;0;0	1
610429	1	0	4190001;4100032;3000019	50;1;2	4190001;4100032;3000019	50;1;2	12;1;60	0;0;0	1
610430	1	0	4190001;4100032;3000019	300;1;2	4190001;4100032;3000019	300;1;2	12;1;60	0;0;0	1
610431	1	0	4190001;4100032;3000019	50;1;2	4190001;4100032;3000019	50;1;2	12;1;60	0;0;0	1
610432	1	0	4190001;4100032;3000019	50;1;2	4190001;4100032;3000019	50;1;2	12;1;60	0;0;0	1
610433	1	0	4190001;4100032;3000019	50;1;2	4190001;4100032;3000019	50;1;2	12;1;60	0;0;0	1
610434	1	0	4190001;4100032;3000019	50;1;2	4190001;4100032;3000019	50;1;2	12;1;60	0;0;0	1
610435	1	0	4190001;4100032;3000019	300;1;2	4190001;4100032;3000019	300;1;2	12;1;60	0;0;0	1
610436	1	0	4190001;4100032;3000019	50;1;2	4190001;4100032;3000019	50;1;2	12;1;60	0;0;0	1
610437	1	0	4190001;4100032;3000019	50;1;2	4190001;4100032;3000019	50;1;2	12;1;60	0;0;0	1
610438	1	0	4190001;4100032;3000019	50;1;2	4190001;4100032;3000019	50;1;2	12;1;60	0;0;0	1
610439	1	0	4190001;4100032;3000019	50;1;2	4190001;4100032;3000019	50;1;2	12;1;60	0;0;0	1
610440	1	0	4190001;4100032;3000019	300;1;2	4190001;4100032;3000019	300;1;2	12;1;60	0;0;0	1
610441	1	0	4190001;4100032;3000019	50;1;2	4190001;4100032;3000019	50;1;2	12;1;60	0;0;0	1
610442	1	0	4190001;4100032;3000019	50;1;2	4190001;4100032;3000019	50;1;2	12;1;60	0;0;0	1
610443	1	0	4190001;4100032;3000019	50;1;2	4190001;4100032;3000019	50;1;2	12;1;60	0;0;0	1
610444	1	0	4190001;4100032;3000019	50;1;2	4190001;4100032;3000019	50;1;2	12;1;60	0;0;0	1
610445	1	0	4190001;4100032;3000019	300;1;2	4190001;4100032;3000019	300;1;2	12;1;60	0;0;0	1
610446	1	0	4190001;4100032;3000019	50;1;2	4190001;4100032;3000019	50;1;2	12;1;60	0;0;0	1
610447	1	0	4190001;4100032;3000019	50;1;2	4190001;4100032;3000019	50;1;2	12;1;60	0;0;0	1
610448	1	0	4190001;4100032;3000019	50;1;2	4190001;4100032;3000019	50;1;2	12;1;60	0;0;0	1
610449	1	0	4190001;4100032;3000019	50;1;2	4190001;4100032;3000019	50;1;2	12;1;60	0;0;0	1
610450	1	0	4190001;4100032;3000019	300;1;2	4190001;4100032;3000019	300;1;2	12;1;60	0;0;0	1
610451	1	0	4190001;4100032;3000019	50;1;2	4190001;4100032;3000019	50;1;2	12;1;60	0;0;0	1
610452	1	0	4190001;4100032;3000019	50;1;2	4190001;4100032;3000019	50;1;2	12;1;60	0;0;0	1
610453	1	0	4190001;4100032;3000019	50;1;2	4190001;4100032;3000019	50;1;2	12;1;60	0;0;0	1
610454	1	0	4190001;4100032;3000019	50;1;2	4190001;4100032;3000019	50;1;2	12;1;60	0;0;0	1
610455	1	0	4190001;4100032;3000019	300;1;2	4190001;4100032;3000019	300;1;2	12;1;60	0;0;0	1
610456	1	0	4190001;4100032;3000019	50;1;2	4190001;4100032;3000019	50;1;2	12;1;60	0;0;0	1
610457	1	0	4190001;4100032;3000019	50;1;2	4190001;4100032;3000019	50;1;2	12;1;60	0;0;0	1
610458	1	0	4190001;4100032;3000019	50;1;2	4190001;4100032;3000019	50;1;2	12;1;60	0;0;0	1
610459	1	0	4190001;4100032;3000019	50;1;2	4190001;4100032;3000019	50;1;2	12;1;60	0;0;0	1
610460	1	0	4190001;4100032;3000019	300;1;2	4190001;4100032;3000019	300;1;2	12;1;60	0;0;0	1
610461	1	0	4190001;4100032;3000019	50;1;2	4190001;4100032;3000019	50;1;2	12;1;60	0;0;0	1
610462	1	0	4190001;4100032;3000019	50;1;2	4190001;4100032;3000019	50;1;2	12;1;60	0;0;0	1
610463	1	0	4190001;4100032;3000019	50;1;2	4190001;4100032;3000019	50;1;2	12;1;60	0;0;0	1
610464	1	0	4190001;4100032;3000019	50;1;2	4190001;4100032;3000019	50;1;2	12;1;60	0;0;0	1
610465	1	0	4190001;4100032;3000019	300;1;2	4190001;4100032;3000019	300;1;2	12;1;60	0;0;0	1
610466	1	0	4190001;4100032;3000019	50;1;2	4190001;4100032;3000019	50;1;2	12;1;60	0;0;0	1
610467	1	0	4190001;4100032;3000019	50;1;2	4190001;4100032;3000019	50;1;2	12;1;60	0;0;0	1
610468	1	0	4190001;4100032;3000019	50;1;2	4190001;4100032;3000019	50;1;2	12;1;60	0;0;0	1
610469	1	0	4190001;4100032;3000019	50;1;2	4190001;4100032;3000019	50;1;2	12;1;60	0;0;0	1
610470	1	0	4190001;4100032;3000019	300;1;2	4190001;4100032;3000019	300;1;2	12;1;60	0;0;0	1
610471	1	0	4190001;4100032;3000019	50;1;2	4190001;4100032;3000019	50;1;2	12;1;60	0;0;0	1
610472	1	0	4190001;4100032;3000019	50;1;2	4190001;4100032;3000019	50;1;2	12;1;60	0;0;0	1
610473	1	0	4190001;4100032;3000019	50;1;2	4190001;4100032;3000019	50;1;2	12;1;60	0;0;0	1
610474	1	0	4190001;4100032;3000019	50;1;2	4190001;4100032;3000019	50;1;2	12;1;60	0;0;0	1
610475	1	0	4190001;4100032;3000019	300;1;2	4190001;4100032;3000019	300;1;2	12;1;60	0;0;0	1
610476	1	0	4190001;4100032;3000019	50;1;2	4190001;4100032;3000019	50;1;2	12;1;60	0;0;0	1
610477	1	0	4190001;4100032;3000019	50;1;2	4190001;4100032;3000019	50;1;2	12;1;60	0;0;0	1
610478	1	0	4190001;4100032;3000019	50;1;2	4190001;4100032;3000019	50;1;2	12;1;60	0;0;0	1
610479	1	0	4190001;4100032;3000019	50;1;2	4190001;4100032;3000019	50;1;2	12;1;60	0;0;0	1
610480	1	0	4190001;4100032;3000019	300;1;2	4190001;4100032;3000019	300;1;2	12;1;60	0;0;0	1
610481	1	0	4190001;4100032;3000019	50;1;2	4190001;4100032;3000019	50;1;2	12;1;60	0;0;0	1
610482	1	0	4190001;4100032;3000019	50;1;2	4190001;4100032;3000019	50;1;2	12;1;60	0;0;0	1
610483	1	0	4190001;4100032;3000019	50;1;2	4190001;4100032;3000019	50;1;2	12;1;60	0;0;0	1
610484	1	0	4190001;4100032;3000019	50;1;2	4190001;4100032;3000019	50;1;2	12;1;60	0;0;0	1
610485	1	0	4190001;4100032;3000019	300;1;2	4190001;4100032;3000019	300;1;2	12;1;60	0;0;0	1
610486	1	0	4190001;4100032;3000019	50;1;2	4190001;4100032;3000019	50;1;2	12;1;60	0;0;0	1
610487	1	0	4190001;4100032;3000019	50;1;2	4190001;4100032;3000019	50;1;2	12;1;60	0;0;0	1
610488	1	0	4190001;4100032;3000019	50;1;2	4190001;4100032;3000019	50;1;2	12;1;60	0;0;0	1
610489	1	0	4190001;4100032;3000019	50;1;2	4190001;4100032;3000019	50;1;2	12;1;60	0;0;0	1
610490	1	0	4190001;4100032;3000019	300;1;2	4190001;4100032;3000019	300;1;2	12;1;60	0;0;0	1
610491	1	0	4190001;4100032;3000019	50;1;2	4190001;4100032;3000019	50;1;2	12;1;60	0;0;0	1
610492	1	0	4190001;4100032;3000019	50;1;2	4190001;4100032;3000019	50;1;2	12;1;60	0;0;0	1
610493	1	0	4190001;4100032;3000019	50;1;2	4190001;4100032;3000019	50;1;2	12;1;60	0;0;0	1
610494	1	0	4190001;4100032;3000019	50;1;2	4190001;4100032;3000019	50;1;2	12;1;60	0;0;0	1
610495	1	0	4190001;4100032;3000019	300;1;2	4190001;4100032;3000019	300;1;2	12;1;60	0;0;0	1
610496	1	0	4190001;4100032;3000019	50;1;2	4190001;4100032;3000019	50;1;2	12;1;60	0;0;0	1
610497	1	0	4190001;4100032;3000019	50;1;2	4190001;4100032;3000019	50;1;2	12;1;60	0;0;0	1
610498	1	0	4190001;4100032;3000019	50;1;2	4190001;4100032;3000019	50;1;2	12;1;60	0;0;0	1
610499	1	0	4190001;4100032;3000019	50;1;2	4190001;4100032;3000019	50;1;2	12;1;60	0;0;0	1
610500	1	0	4190001;4100032;3000019	300;1;2	4190001;4100032;3000019	300;1;2	12;1;60	0;0;0	1
610501	1	0	4190001;4100032;3000019	50;1;2	4190001;4100032;3000019	50;1;2	12;1;60	0;0;0	1
610502	1	0	4190001;4100032;3000019	50;1;2	4190001;4100032;3000019	50;1;2	12;1;60	0;0;0	1
610503	1	0	4190001;4100032;3000019	50;1;2	4190001;4100032;3000019	50;1;2	12;1;60	0;0;0	1
610504	1	0	4190001;4100032;3000019	50;1;2	4190001;4100032;3000019	50;1;2	12;1;60	0;0;0	1
610505	1	0	4190001;4100032;3000019	300;1;2	4190001;4100032;3000019	300;1;2	12;1;60	0;0;0	1
610506	1	0	4190001;4100032;3000019	50;1;2	4190001;4100032;3000019	50;1;2	12;1;60	0;0;0	1
610507	1	0	4190001;4100032;3000019	50;1;2	4190001;4100032;3000019	50;1;2	12;1;60	0;0;0	1
610508	1	0	4190001;4100032;3000019	50;1;2	4190001;4100032;3000019	50;1;2	12;1;60	0;0;0	1
610509	1	0	4190001;4100032;3000019	50;1;2	4190001;4100032;3000019	50;1;2	12;1;60	0;0;0	1
610510	1	0	4190001;4100032;3000019	300;1;2	4190001;4100032;3000019	300;1;2	12;1;60	0;0;0	1
610511	1	0	4190001;4100032;3000019	50;1;2	4190001;4100032;3000019	50;1;2	12;1;60	0;0;0	1
610512	1	0	4190001;4100032;3000019	50;1;2	4190001;4100032;3000019	50;1;2	12;1;60	0;0;0	1
610513	1	0	4190001;4100032;3000019	50;1;2	4190001;4100032;3000019	50;1;2	12;1;60	0;0;0	1
610514	1	0	4190001;4100032;3000019	50;1;2	4190001;4100032;3000019	50;1;2	12;1;60	0;0;0	1
610515	1	0	4190001;4100032;3000019	300;1;2	4190001;4100032;3000019	300;1;2	12;1;60	0;0;0	1
610516	1	0	4190001;4100032;3000019	50;1;2	4190001;4100032;3000019	50;1;2	12;1;60	0;0;0	1
610517	1	0	4190001;4100032;3000019	50;1;2	4190001;4100032;3000019	50;1;2	12;1;60	0;0;0	1
610518	1	0	4190001;4100032;3000019	50;1;2	4190001;4100032;3000019	50;1;2	12;1;60	0;0;0	1
610519	1	0	4190001;4100032;3000019	50;1;2	4190001;4100032;3000019	50;1;2	12;1;60	0;0;0	1
610520	1	0	4190001;4100032;3000019	300;1;2	4190001;4100032;3000019	300;1;2	12;1;60	0;0;0	1
610521	1	0	4190001;4100032;3000019	50;1;2	4190001;4100032;3000019	50;1;2	12;1;60	0;0;0	1
610522	1	0	4190001;4100032;3000019	50;1;2	4190001;4100032;3000019	50;1;2	12;1;60	0;0;0	1
610523	1	0	4190001;4100032;3000019	50;1;2	4190001;4100032;3000019	50;1;2	12;1;60	0;0;0	1
610524	1	0	4190001;4100032;3000019	50;1;2	4190001;4100032;3000019	50;1;2	12;1;60	0;0;0	1
610525	1	0	4190001;4100032;3000019	300;1;2	4190001;4100032;3000019	300;1;2	12;1;60	0;0;0	1
610526	1	0	4190001;4100032;3000019	50;1;2	4190001;4100032;3000019	50;1;2	12;1;60	0;0;0	1
610527	1	0	4190001;4100032;3000019	50;1;2	4190001;4100032;3000019	50;1;2	12;1;60	0;0;0	1
610528	1	0	4190001;4100032;3000019	50;1;2	4190001;4100032;3000019	50;1;2	12;1;60	0;0;0	1
610529	1	0	4190001;4100032;3000019	50;1;2	4190001;4100032;3000019	50;1;2	12;1;60	0;0;0	1
610530	1	0	4190001;4100032;3000019	300;1;2	4190001;4100032;3000019	300;1;2	12;1;60	0;0;0	1
610531	1	0	4190001;4100032;3000019	50;1;2	4190001;4100032;3000019	50;1;2	12;1;60	0;0;0	1
610532	1	0	4190001;4100032;3000019	50;1;2	4190001;4100032;3000019	50;1;2	12;1;60	0;0;0	1
610533	1	0	4190001;4100032;3000019	50;1;2	4190001;4100032;3000019	50;1;2	12;1;60	0;0;0	1
610534	1	0	4190001;4100032;3000019	50;1;2	4190001;4100032;3000019	50;1;2	12;1;60	0;0;0	1
610535	1	0	4190001;4100032;3000019	300;1;2	4190001;4100032;3000019	300;1;2	12;1;60	0;0;0	1
610536	1	0	4190001;4100032;3000019	50;1;2	4190001;4100032;3000019	50;1;2	12;1;60	0;0;0	1
610537	1	0	4190001;4100032;3000019	50;1;2	4190001;4100032;3000019	50;1;2	12;1;60	0;0;0	1
610538	1	0	4190001;4100032;3000019	50;1;2	4190001;4100032;3000019	50;1;2	12;1;60	0;0;0	1
610539	1	0	4190001;4100032;3000019	50;1;2	4190001;4100032;3000019	50;1;2	12;1;60	0;0;0	1
610540	1	0	4190001;4100032;3000019	300;1;2	4190001;4100032;3000019	300;1;2	12;1;60	0;0;0	1
610541	1	0	4190001;4100032;3000019	50;1;2	4190001;4100032;3000019	50;1;2	12;1;60	0;0;0	1
610542	1	0	4190001;4100032;3000019	50;1;2	4190001;4100032;3000019	50;1;2	12;1;60	0;0;0	1
610543	1	0	4190001;4100032;3000019	50;1;2	4190001;4100032;3000019	50;1;2	12;1;60	0;0;0	1
610544	1	0	4190001;4100032;3000019	50;1;2	4190001;4100032;3000019	50;1;2	12;1;60	0;0;0	1
610545	1	0	4190001;4100032;3000019	300;1;2	4190001;4100032;3000019	300;1;2	12;1;60	0;0;0	1
610546	1	0	4190001;4100032;3000019	50;1;2	4190001;4100032;3000019	50;1;2	12;1;60	0;0;0	1
610547	1	0	4190001;4100032;3000019	50;1;2	4190001;4100032;3000019	50;1;2	12;1;60	0;0;0	1
610548	1	0	4190001;4100032;3000019	50;1;2	4190001;4100032;3000019	50;1;2	12;1;60	0;0;0	1
610549	1	0	4190001;4100032;3000019	50;1;2	4190001;4100032;3000019	50;1;2	12;1;60	0;0;0	1
610550	1	0	4190001;4100032;3000019	300;1;2	4190001;4100032;3000019	300;1;2	12;1;60	0;0;0	1
610551	1	0	4190001;4100032;3000019	50;1;2	4190001;4100032;3000019	50;1;2	12;1;60	0;0;0	1
610552	1	0	4190001;4100032;3000019	50;1;2	4190001;4100032;3000019	50;1;2	12;1;60	0;0;0	1
610553	1	0	4190001;4100032;3000019	50;1;2	4190001;4100032;3000019	50;1;2	12;1;60	0;0;0	1
610554	1	0	4190001;4100032;3000019	50;1;2	4190001;4100032;3000019	50;1;2	12;1;60	0;0;0	1
610555	1	0	4190001;4100032;3000019	300;1;2	4190001;4100032;3000019	300;1;2	12;1;60	0;0;0	1
610556	1	0	4190001;4100032;3000019	50;1;2	4190001;4100032;3000019	50;1;2	12;1;60	0;0;0	1
610557	1	0	4190001;4100032;3000019	50;1;2	4190001;4100032;3000019	50;1;2	12;1;60	0;0;0	1
610558	1	0	4190001;4100032;3000019	50;1;2	4190001;4100032;3000019	50;1;2	12;1;60	0;0;0	1
610559	1	0	4190001;4100032;3000019	50;1;2	4190001;4100032;3000019	50;1;2	12;1;60	0;0;0	1
610560	1	0	4190001;4100032;3000019	300;1;2	4190001;4100032;3000019	300;1;2	12;1;60	0;0;0	1
610561	1	0	4190001;4100032;3000019	50;1;2	4190001;4100032;3000019	50;1;2	12;1;60	0;0;0	1
610562	1	0	4190001;4100032;3000019	50;1;2	4190001;4100032;3000019	50;1;2	12;1;60	0;0;0	1
610563	1	0	4190001;4100032;3000019	50;1;2	4190001;4100032;3000019	50;1;2	12;1;60	0;0;0	1
610564	1	0	4190001;4100032;3000019	50;1;2	4190001;4100032;3000019	50;1;2	12;1;60	0;0;0	1
610565	1	0	4190001;4100032;3000019	300;1;2	4190001;4100032;3000019	300;1;2	12;1;60	0;0;0	1
610566	1	0	4190001;4100032;3000019	50;1;2	4190001;4100032;3000019	50;1;2	12;1;60	0;0;0	1
610567	1	0	4190001;4100032;3000019	50;1;2	4190001;4100032;3000019	50;1;2	12;1;60	0;0;0	1
610568	1	0	4190001;4100032;3000019	50;1;2	4190001;4100032;3000019	50;1;2	12;1;60	0;0;0	1
610569	1	0	4190001;4100032;3000019	50;1;2	4190001;4100032;3000019	50;1;2	12;1;60	0;0;0	1
610570	1	0	4190001;4100032;3000019	300;1;2	4190001;4100032;3000019	300;1;2	12;1;60	0;0;0	1
610571	1	0	4190001;4100032;3000019	50;1;2	4190001;4100032;3000019	50;1;2	12;1;60	0;0;0	1
610572	1	0	4190001;4100032;3000019	50;1;2	4190001;4100032;3000019	50;1;2	12;1;60	0;0;0	1
610573	1	0	4190001;4100032;3000019	50;1;2	4190001;4100032;3000019	50;1;2	12;1;60	0;0;0	1
610574	1	0	4190001;4100032;3000019	50;1;2	4190001;4100032;3000019	50;1;2	12;1;60	0;0;0	1
610575	1	0	4190001;4100032;3000019	300;1;2	4190001;4100032;3000019	300;1;2	12;1;60	0;0;0	1
610576	1	0	4190001;4100032;3000019	50;1;2	4190001;4100032;3000019	50;1;2	12;1;60	0;0;0	1
610577	1	0	4190001;4100032;3000019	50;1;2	4190001;4100032;3000019	50;1;2	12;1;60	0;0;0	1
610578	1	0	4190001;4100032;3000019	50;1;2	4190001;4100032;3000019	50;1;2	12;1;60	0;0;0	1
610579	1	0	4190001;4100032;3000019	50;1;2	4190001;4100032;3000019	50;1;2	12;1;60	0;0;0	1
610580	1	0	4190001;4100032;3000019	300;1;2	4190001;4100032;3000019	300;1;2	12;1;60	0;0;0	1
610581	1	0	4190001;4100032;3000019	50;1;2	4190001;4100032;3000019	50;1;2	12;1;60	0;0;0	1
610582	1	0	4190001;4100032;3000019	50;1;2	4190001;4100032;3000019	50;1;2	12;1;60	0;0;0	1
610583	1	0	4190001;4100032;3000019	50;1;2	4190001;4100032;3000019	50;1;2	12;1;60	0;0;0	1
610584	1	0	4190001;4100032;3000019	50;1;2	4190001;4100032;3000019	50;1;2	12;1;60	0;0;0	1
610585	1	0	4190001;4100032;3000019	300;1;2	4190001;4100032;3000019	300;1;2	12;1;60	0;0;0	1
610586	1	0	4190001;4100032;3000019	50;1;2	4190001;4100032;3000019	50;1;2	12;1;60	0;0;0	1
610587	1	0	4190001;4100032;3000019	50;1;2	4190001;4100032;3000019	50;1;2	12;1;60	0;0;0	1
610588	1	0	4190001;4100032;3000019	50;1;2	4190001;4100032;3000019	50;1;2	12;1;60	0;0;0	1
610589	1	0	4190001;4100032;3000019	50;1;2	4190001;4100032;3000019	50;1;2	12;1;60	0;0;0	1
610590	1	0	4190001;4100032;3000019	300;1;2	4190001;4100032;3000019	300;1;2	12;1;60	0;0;0	1
610591	1	0	4190001;4100032;3000019	50;1;2	4190001;4100032;3000019	50;1;2	12;1;60	0;0;0	1
610592	1	0	4190001;4100032;3000019	50;1;2	4190001;4100032;3000019	50;1;2	12;1;60	0;0;0	1
610593	1	0	4190001;4100032;3000019	50;1;2	4190001;4100032;3000019	50;1;2	12;1;60	0;0;0	1
610594	1	0	4190001;4100032;3000019	50;1;2	4190001;4100032;3000019	50;1;2	12;1;60	0;0;0	1
610595	1	0	4190001;4100032;3000019	300;1;2	4190001;4100032;3000019	300;1;2	12;1;60	0;0;0	1
610596	1	0	4190001;4100032;3000019	50;1;2	4190001;4100032;3000019	50;1;2	12;1;60	0;0;0	1
610597	1	0	4190001;4100032;3000019	50;1;2	4190001;4100032;3000019	50;1;2	12;1;60	0;0;0	1
610598	1	0	4190001;4100032;3000019	50;1;2	4190001;4100032;3000019	50;1;2	12;1;60	0;0;0	1
610599	1	0	4190001;4100032;3000019	50;1;2	4190001;4100032;3000019	50;1;2	12;1;60	0;0;0	1
610600	1	0	4190001;4100032;3000019	300;1;2	4190001;4100032;3000019	300;1;2	12;1;60	0;0;0	1
610601	1	0	4190001;4100032;3000019	50;1;2	4190001;4100032;3000019	50;1;2	12;1;60	0;0;0	1
610602	1	0	4190001;4100032;3000019	50;1;2	4190001;4100032;3000019	50;1;2	12;1;60	0;0;0	1
610603	1	0	4190001;4100032;3000019	50;1;2	4190001;4100032;3000019	50;1;2	12;1;60	0;0;0	1
610604	1	0	4190001;4100032;3000019	50;1;2	4190001;4100032;3000019	50;1;2	12;1;60	0;0;0	1
610605	1	0	4190001;4100032;3000019	300;1;2	4190001;4100032;3000019	300;1;2	12;1;60	0;0;0	1
610606	1	0	4190001;4100032;3000019	50;1;2	4190001;4100032;3000019	50;1;2	12;1;60	0;0;0	1
610607	1	0	4190001;4100032;3000019	50;1;2	4190001;4100032;3000019	50;1;2	12;1;60	0;0;0	1
610608	1	0	4190001;4100032;3000019	50;1;2	4190001;4100032;3000019	50;1;2	12;1;60	0;0;0	1
610609	1	0	4190001;4100032;3000019	50;1;2	4190001;4100032;3000019	50;1;2	12;1;60	0;0;0	1
610610	1	0	4190001;4100032;3000019	300;1;2	4190001;4100032;3000019	300;1;2	12;1;60	0;0;0	1
610611	1	0	4190001;4100032;3000019	50;1;2	4190001;4100032;3000019	50;1;2	12;1;60	0;0;0	1
610612	1	0	4190001;4100032;3000019	50;1;2	4190001;4100032;3000019	50;1;2	12;1;60	0;0;0	1
610613	1	0	4190001;4100032;3000019	50;1;2	4190001;4100032;3000019	50;1;2	12;1;60	0;0;0	1
610614	1	0	4190001;4100032;3000019	50;1;2	4190001;4100032;3000019	50;1;2	12;1;60	0;0;0	1
610615	1	0	4190001;4100032;3000019	300;1;2	4190001;4100032;3000019	300;1;2	12;1;60	0;0;0	1
610616	1	0	4190001;4100032;3000019	50;1;2	4190001;4100032;3000019	50;1;2	12;1;60	0;0;0	1
610617	1	0	4190001;4100032;3000019	50;1;2	4190001;4100032;3000019	50;1;2	12;1;60	0;0;0	1
610618	1	0	4190001;4100032;3000019	50;1;2	4190001;4100032;3000019	50;1;2	12;1;60	0;0;0	1
610619	1	0	4190001;4100032;3000019	50;1;2	4190001;4100032;3000019	50;1;2	12;1;60	0;0;0	1
610620	1	0	4190001;4100032;3000019	300;1;2	4190001;4100032;3000019	300;1;2	12;1;60	0;0;0	1
610621	1	0	4190001;4100032;3000019	50;1;2	4190001;4100032;3000019	50;1;2	12;1;60	0;0;0	1
610622	1	0	4190001;4100032;3000019	50;1;2	4190001;4100032;3000019	50;1;2	12;1;60	0;0;0	1
610623	1	0	4190001;4100032;3000019	50;1;2	4190001;4100032;3000019	50;1;2	12;1;60	0;0;0	1
610624	1	0	4190001;4100032;3000019	50;1;2	4190001;4100032;3000019	50;1;2	12;1;60	0;0;0	1
610625	1	0	4190001;4100032;3000019	300;1;2	4190001;4100032;3000019	300;1;2	12;1;60	0;0;0	1
610626	1	0	4190001;4100032;3000019	50;1;2	4190001;4100032;3000019	50;1;2	12;1;60	0;0;0	1
610627	1	0	4190001;4100032;3000019	50;1;2	4190001;4100032;3000019	50;1;2	12;1;60	0;0;0	1
610628	1	0	4190001;4100032;3000019	50;1;2	4190001;4100032;3000019	50;1;2	12;1;60	0;0;0	1
610629	1	0	4190001;4100032;3000019	50;1;2	4190001;4100032;3000019	50;1;2	12;1;60	0;0;0	1
610630	1	0	4190001;4100032;3000019	300;1;2	4190001;4100032;3000019	300;1;2	12;1;60	0;0;0	1
610631	1	0	4190001;4100032;3000019	50;1;2	4190001;4100032;3000019	50;1;2	12;1;60	0;0;0	1
610632	1	0	4190001;4100032;3000019	50;1;2	4190001;4100032;3000019	50;1;2	12;1;60	0;0;0	1
610633	1	0	4190001;4100032;3000019	50;1;2	4190001;4100032;3000019	50;1;2	12;1;60	0;0;0	1
610634	1	0	4190001;4100032;3000019	50;1;2	4190001;4100032;3000019	50;1;2	12;1;60	0;0;0	1
610635	1	0	4190001;4100032;3000019	300;1;2	4190001;4100032;3000019	300;1;2	12;1;60	0;0;0	1
610636	1	0	4190001;4100032;3000019	50;1;2	4190001;4100032;3000019	50;1;2	12;1;60	0;0;0	1
610637	1	0	4190001;4100032;3000019	50;1;2	4190001;4100032;3000019	50;1;2	12;1;60	0;0;0	1
610638	1	0	4190001;4100032;3000019	50;1;2	4190001;4100032;3000019	50;1;2	12;1;60	0;0;0	1
610639	1	0	4190001;4100032;3000019	50;1;2	4190001;4100032;3000019	50;1;2	12;1;60	0;0;0	1
610640	1	0	4190001;4100032;3000019	300;1;2	4190001;4100032;3000019	300;1;2	12;1;60	0;0;0	1
610641	1	0	4190001;4100032;3000019	50;1;2	4190001;4100032;3000019	50;1;2	12;1;60	0;0;0	1
610642	1	0	4190001;4100032;3000019	50;1;2	4190001;4100032;3000019	50;1;2	12;1;60	0;0;0	1
610643	1	0	4190001;4100032;3000019	50;1;2	4190001;4100032;3000019	50;1;2	12;1;60	0;0;0	1
610644	1	0	4190001;4100032;3000019	50;1;2	4190001;4100032;3000019	50;1;2	12;1;60	0;0;0	1
610645	1	0	4190001;4100032;3000019	300;1;2	4190001;4100032;3000019	300;1;2	12;1;60	0;0;0	1
610646	1	0	4190001;4100032;3000019	50;1;2	4190001;4100032;3000019	50;1;2	12;1;60	0;0;0	1
610647	1	0	4190001;4100032;3000019	50;1;2	4190001;4100032;3000019	50;1;2	12;1;60	0;0;0	1
610648	1	0	4190001;4100032;3000019	50;1;2	4190001;4100032;3000019	50;1;2	12;1;60	0;0;0	1
610649	1	0	4190001;4100032;3000019	50;1;2	4190001;4100032;3000019	50;1;2	12;1;60	0;0;0	1
610650	1	0	4190001;4100032;3000019	300;1;2	4190001;4100032;3000019	300;1;2	12;1;60	0;0;0	1
610651	1	0	4190001;4100032;3000019	50;1;2	4190001;4100032;3000019	50;1;2	12;1;60	0;0;0	1
610652	1	0	4190001;4100032;3000019	50;1;2	4190001;4100032;3000019	50;1;2	12;1;60	0;0;0	1
610653	1	0	4190001;4100032;3000019	50;1;2	4190001;4100032;3000019	50;1;2	12;1;60	0;0;0	1
610654	1	0	4190001;4100032;3000019	50;1;2	4190001;4100032;3000019	50;1;2	12;1;60	0;0;0	1
610655	1	0	4190001;4100032;3000019	300;1;2	4190001;4100032;3000019	300;1;2	12;1;60	0;0;0	1
610656	1	0	4190001;4100032;3000019	50;1;2	4190001;4100032;3000019	50;1;2	12;1;60	0;0;0	1
610657	1	0	4190001;4100032;3000019	50;1;2	4190001;4100032;3000019	50;1;2	12;1;60	0;0;0	1
610658	1	0	4190001;4100032;3000019	50;1;2	4190001;4100032;3000019	50;1;2	12;1;60	0;0;0	1
610659	1	0	4190001;4100032;3000019	50;1;2	4190001;4100032;3000019	50;1;2	12;1;60	0;0;0	1
610660	1	0	4190001;4100032;3000019	300;1;2	4190001;4100032;3000019	300;1;2	12;1;60	0;0;0	1
610661	1	0	4190001;4100032;3000019	50;1;2	4190001;4100032;3000019	50;1;2	12;1;60	0;0;0	1
610662	1	0	4190001;4100032;3000019	50;1;2	4190001;4100032;3000019	50;1;2	12;1;60	0;0;0	1
610663	1	0	4190001;4100032;3000019	50;1;2	4190001;4100032;3000019	50;1;2	12;1;60	0;0;0	1
610664	1	0	4190001;4100032;3000019	50;1;2	4190001;4100032;3000019	50;1;2	12;1;60	0;0;0	1
610665	1	0	4190001;4100032;3000019	300;1;2	4190001;4100032;3000019	300;1;2	12;1;60	0;0;0	1
610666	1	0	4190001;4100032;3000019	50;1;2	4190001;4100032;3000019	50;1;2	12;1;60	0;0;0	1
610667	1	0	4190001;4100032;3000019	50;1;2	4190001;4100032;3000019	50;1;2	12;1;60	0;0;0	1
610668	1	0	4190001;4100032;3000019	50;1;2	4190001;4100032;3000019	50;1;2	12;1;60	0;0;0	1
610669	1	0	4190001;4100032;3000019	50;1;2	4190001;4100032;3000019	50;1;2	12;1;60	0;0;0	1
610670	1	0	4190001;4100032;3000019	300;1;2	4190001;4100032;3000019	300;1;2	12;1;60	0;0;0	1
610671	1	0	4190001;4100032;3000019	50;1;2	4190001;4100032;3000019	50;1;2	12;1;60	0;0;0	1
610672	1	0	4190001;4100032;3000019	50;1;2	4190001;4100032;3000019	50;1;2	12;1;60	0;0;0	1
610673	1	0	4190001;4100032;3000019	50;1;2	4190001;4100032;3000019	50;1;2	12;1;60	0;0;0	1
610674	1	0	4190001;4100032;3000019	50;1;2	4190001;4100032;3000019	50;1;2	12;1;60	0;0;0	1
610675	1	0	4190001;4100032;3000019	300;1;2	4190001;4100032;3000019	300;1;2	12;1;60	0;0;0	1
610676	1	0	4190001;4100032;3000019	50;1;2	4190001;4100032;3000019	50;1;2	12;1;60	0;0;0	1
610677	1	0	4190001;4100032;3000019	50;1;2	4190001;4100032;3000019	50;1;2	12;1;60	0;0;0	1
610678	1	0	4190001;4100032;3000019	50;1;2	4190001;4100032;3000019	50;1;2	12;1;60	0;0;0	1
610679	1	0	4190001;4100032;3000019	50;1;2	4190001;4100032;3000019	50;1;2	12;1;60	0;0;0	1
610680	1	0	4190001;4100032;3000019	300;1;2	4190001;4100032;3000019	300;1;2	12;1;60	0;0;0	1
610681	1	0	4190001;4100032;3000019	50;1;2	4190001;4100032;3000019	50;1;2	12;1;60	0;0;0	1
610682	1	0	4190001;4100032;3000019	50;1;2	4190001;4100032;3000019	50;1;2	12;1;60	0;0;0	1
610683	1	0	4190001;4100032;3000019	50;1;2	4190001;4100032;3000019	50;1;2	12;1;60	0;0;0	1
610684	1	0	4190001;4100032;3000019	50;1;2	4190001;4100032;3000019	50;1;2	12;1;60	0;0;0	1
610685	1	0	4190001;4100032;3000019	300;1;2	4190001;4100032;3000019	300;1;2	12;1;60	0;0;0	1
610686	1	0	4190001;4100032;3000019	50;1;2	4190001;4100032;3000019	50;1;2	12;1;60	0;0;0	1
610687	1	0	4190001;4100032;3000019	50;1;2	4190001;4100032;3000019	50;1;2	12;1;60	0;0;0	1
610688	1	0	4190001;4100032;3000019	50;1;2	4190001;4100032;3000019	50;1;2	12;1;60	0;0;0	1
610689	1	0	4190001;4100032;3000019	50;1;2	4190001;4100032;3000019	50;1;2	12;1;60	0;0;0	1
610690	1	0	4190001;4100032;3000019	300;1;2	4190001;4100032;3000019	300;1;2	12;1;60	0;0;0	1
610691	1	0	4190001;4100032;3000019	50;1;2	4190001;4100032;3000019	50;1;2	12;1;60	0;0;0	1
610692	1	0	4190001;4100032;3000019	50;1;2	4190001;4100032;3000019	50;1;2	12;1;60	0;0;0	1
610693	1	0	4190001;4100032;3000019	50;1;2	4190001;4100032;3000019	50;1;2	12;1;60	0;0;0	1
610694	1	0	4190001;4100032;3000019	50;1;2	4190001;4100032;3000019	50;1;2	12;1;60	0;0;0	1
610695	1	0	4190001;4100032;3000019	300;1;2	4190001;4100032;3000019	300;1;2	12;1;60	0;0;0	1
610696	1	0	4190001;4100032;3000019	50;1;2	4190001;4100032;3000019	50;1;2	12;1;60	0;0;0	1
610697	1	0	4190001;4100032;3000019	50;1;2	4190001;4100032;3000019	50;1;2	12;1;60	0;0;0	1
610698	1	0	4190001;4100032;3000019	50;1;2	4190001;4100032;3000019	50;1;2	12;1;60	0;0;0	1
610699	1	0	4190001;4100032;3000019	50;1;2	4190001;4100032;3000019	50;1;2	12;1;60	0;0;0	1
610700	1	0	4190001;4100032;3000019	300;1;2	4190001;4100032;3000019	300;1;2	12;1;60	0;0;0	1
610701	1	0	4190001;4100032;3000019	50;1;2	4190001;4100032;3000019	50;1;2	12;1;60	0;0;0	1
610702	1	0	4190001;4100032;3000019	50;1;2	4190001;4100032;3000019	50;1;2	12;1;60	0;0;0	1
610703	1	0	4190001;4100032;3000019	50;1;2	4190001;4100032;3000019	50;1;2	12;1;60	0;0;0	1
610704	1	0	4190001;4100032;3000019	50;1;2	4190001;4100032;3000019	50;1;2	12;1;60	0;0;0	1
610705	1	0	4190001;4100032;3000019	300;1;2	4190001;4100032;3000019	300;1;2	12;1;60	0;0;0	1
610706	1	0	4190001;4100032;3000019	50;1;2	4190001;4100032;3000019	50;1;2	12;1;60	0;0;0	1
610707	1	0	4190001;4100032;3000019	50;1;2	4190001;4100032;3000019	50;1;2	12;1;60	0;0;0	1
610708	1	0	4190001;4100032;3000019	50;1;2	4190001;4100032;3000019	50;1;2	12;1;60	0;0;0	1
610709	1	0	4190001;4100032;3000019	50;1;2	4190001;4100032;3000019	50;1;2	12;1;60	0;0;0	1
610710	1	0	4190001;4100032;3000019	300;1;2	4190001;4100032;3000019	300;1;2	12;1;60	0;0;0	1
610711	1	0	4190001;4100032;3000019	50;1;2	4190001;4100032;3000019	50;1;2	12;1;60	0;0;0	1
610712	1	0	4190001;4100032;3000019	50;1;2	4190001;4100032;3000019	50;1;2	12;1;60	0;0;0	1
610713	1	0	4190001;4100032;3000019	50;1;2	4190001;4100032;3000019	50;1;2	12;1;60	0;0;0	1
610714	1	0	4190001;4100032;3000019	50;1;2	4190001;4100032;3000019	50;1;2	12;1;60	0;0;0	1
610715	1	0	4190001;4100032;3000019	300;1;2	4190001;4100032;3000019	300;1;2	12;1;60	0;0;0	1
610716	1	0	4190001;4100032;3000019	50;1;2	4190001;4100032;3000019	50;1;2	12;1;60	0;0;0	1
610717	1	0	4190001;4100032;3000019	50;1;2	4190001;4100032;3000019	50;1;2	12;1;60	0;0;0	1
610718	1	0	4190001;4100032;3000019	50;1;2	4190001;4100032;3000019	50;1;2	12;1;60	0;0;0	1
610719	1	0	4190001;4100032;3000019	50;1;2	4190001;4100032;3000019	50;1;2	12;1;60	0;0;0	1
610720	1	0	4190001;4100032;3000019	300;1;2	4190001;4100032;3000019	300;1;2	12;1;60	0;0;0	1
610721	1	0	4190001;4100032;3000019	50;1;2	4190001;4100032;3000019	50;1;2	12;1;60	0;0;0	1
610722	1	0	4190001;4100032;3000019	50;1;2	4190001;4100032;3000019	50;1;2	12;1;60	0;0;0	1
610723	1	0	4190001;4100032;3000019	50;1;2	4190001;4100032;3000019	50;1;2	12;1;60	0;0;0	1
610724	1	0	4190001;4100032;3000019	50;1;2	4190001;4100032;3000019	50;1;2	12;1;60	0;0;0	1
610725	1	0	4190001;4100032;3000019	300;1;2	4190001;4100032;3000019	300;1;2	12;1;60	0;0;0	1
610726	1	0	4190001;4100032;3000019	50;1;2	4190001;4100032;3000019	50;1;2	12;1;60	0;0;0	1
610727	1	0	4190001;4100032;3000019	50;1;2	4190001;4100032;3000019	50;1;2	12;1;60	0;0;0	1
610728	1	0	4190001;4100032;3000019	50;1;2	4190001;4100032;3000019	50;1;2	12;1;60	0;0;0	1
610729	1	0	4190001;4100032;3000019	50;1;2	4190001;4100032;3000019	50;1;2	12;1;60	0;0;0	1
610730	1	0	4190001;4100032;3000019	300;1;2	4190001;4100032;3000019	300;1;2	12;1;60	0;0;0	1
610731	1	0	4190001;4100032;3000019	50;1;2	4190001;4100032;3000019	50;1;2	12;1;60	0;0;0	1
610732	1	0	4190001;4100032;3000019	50;1;2	4190001;4100032;3000019	50;1;2	12;1;60	0;0;0	1
610733	1	0	4190001;4100032;3000019	50;1;2	4190001;4100032;3000019	50;1;2	12;1;60	0;0;0	1
610734	1	0	4190001;4100032;3000019	50;1;2	4190001;4100032;3000019	50;1;2	12;1;60	0;0;0	1
610735	1	0	4190001;4100032;3000019	300;1;2	4190001;4100032;3000019	300;1;2	12;1;60	0;0;0	1
610736	1	0	4190001;4100032;3000019	50;1;2	4190001;4100032;3000019	50;1;2	12;1;60	0;0;0	1
610737	1	0	4190001;4100032;3000019	50;1;2	4190001;4100032;3000019	50;1;2	12;1;60	0;0;0	1
610738	1	0	4190001;4100032;3000019	50;1;2	4190001;4100032;3000019	50;1;2	12;1;60	0;0;0	1
610739	1	0	4190001;4100032;3000019	50;1;2	4190001;4100032;3000019	50;1;2	12;1;60	0;0;0	1
610740	1	0	4190001;4100032;3000019	300;1;2	4190001;4100032;3000019	300;1;2	12;1;60	0;0;0	1
610741	1	0	4190001;4100032;3000019	50;1;2	4190001;4100032;3000019	50;1;2	12;1;60	0;0;0	1
610742	1	0	4190001;4100032;3000019	50;1;2	4190001;4100032;3000019	50;1;2	12;1;60	0;0;0	1
610743	1	0	4190001;4100032;3000019	50;1;2	4190001;4100032;3000019	50;1;2	12;1;60	0;0;0	1
610744	1	0	4190001;4100032;3000019	50;1;2	4190001;4100032;3000019	50;1;2	12;1;60	0;0;0	1
610745	1	0	4190001;4100032;3000019	300;1;2	4190001;4100032;3000019	300;1;2	12;1;60	0;0;0	1
610746	1	0	4190001;4100032;3000019	50;1;2	4190001;4100032;3000019	50;1;2	12;1;60	0;0;0	1
610747	1	0	4190001;4100032;3000019	50;1;2	4190001;4100032;3000019	50;1;2	12;1;60	0;0;0	1
610748	1	0	4190001;4100032;3000019	50;1;2	4190001;4100032;3000019	50;1;2	12;1;60	0;0;0	1
610749	1	0	4190001;4100032;3000019	50;1;2	4190001;4100032;3000019	50;1;2	12;1;60	0;0;0	1
610750	1	0	4190001;4100032;3000019	300;1;2	4190001;4100032;3000019	300;1;2	12;1;60	0;0;0	1
610751	1	0	4190001;4100032;3000019	50;1;2	4190001;4100032;3000019	50;1;2	12;1;60	0;0;0	1
610752	1	0	4190001;4100032;3000019	50;1;2	4190001;4100032;3000019	50;1;2	12;1;60	0;0;0	1
610753	1	0	4190001;4100032;3000019	50;1;2	4190001;4100032;3000019	50;1;2	12;1;60	0;0;0	1
610754	1	0	4190001;4100032;3000019	50;1;2	4190001;4100032;3000019	50;1;2	12;1;60	0;0;0	1
610755	1	0	4190001;4100032;3000019	300;1;2	4190001;4100032;3000019	300;1;2	12;1;60	0;0;0	1
610756	1	0	4190001;4100032;3000019	50;1;2	4190001;4100032;3000019	50;1;2	12;1;60	0;0;0	1
610757	1	0	4190001;4100032;3000019	50;1;2	4190001;4100032;3000019	50;1;2	12;1;60	0;0;0	1
610758	1	0	4190001;4100032;3000019	50;1;2	4190001;4100032;3000019	50;1;2	12;1;60	0;0;0	1
610759	1	0	4190001;4100032;3000019	50;1;2	4190001;4100032;3000019	50;1;2	12;1;60	0;0;0	1
610760	1	0	4190001;4100032;3000019	300;1;2	4190001;4100032;3000019	300;1;2	12;1;60	0;0;0	1
610761	1	0	4190001;4100032;3000019	50;1;2	4190001;4100032;3000019	50;1;2	12;1;60	0;0;0	1
610762	1	0	4190001;4100032;3000019	50;1;2	4190001;4100032;3000019	50;1;2	12;1;60	0;0;0	1
610763	1	0	4190001;4100032;3000019	50;1;2	4190001;4100032;3000019	50;1;2	12;1;60	0;0;0	1
610764	1	0	4190001;4100032;3000019	50;1;2	4190001;4100032;3000019	50;1;2	12;1;60	0;0;0	1
610765	1	0	4190001;4100032;3000019	300;1;2	4190001;4100032;3000019	300;1;2	12;1;60	0;0;0	1
610766	1	0	4190001;4100032;3000019	50;1;2	4190001;4100032;3000019	50;1;2	12;1;60	0;0;0	1
610767	1	0	4190001;4100032;3000019	50;1;2	4190001;4100032;3000019	50;1;2	12;1;60	0;0;0	1
610768	1	0	4190001;4100032;3000019	50;1;2	4190001;4100032;3000019	50;1;2	12;1;60	0;0;0	1
610769	1	0	4190001;4100032;3000019	50;1;2	4190001;4100032;3000019	50;1;2	12;1;60	0;0;0	1
610770	1	0	4190001;4100032;3000019	300;1;2	4190001;4100032;3000019	300;1;2	12;1;60	0;0;0	1
610771	1	0	4190001;4100032;3000019	50;1;2	4190001;4100032;3000019	50;1;2	12;1;60	0;0;0	1
610772	1	0	4190001;4100032;3000019	50;1;2	4190001;4100032;3000019	50;1;2	12;1;60	0;0;0	1
610773	1	0	4190001;4100032;3000019	50;1;2	4190001;4100032;3000019	50;1;2	12;1;60	0;0;0	1
610774	1	0	4190001;4100032;3000019	50;1;2	4190001;4100032;3000019	50;1;2	12;1;60	0;0;0	1
610775	1	0	4190001;4100032;3000019	300;1;2	4190001;4100032;3000019	300;1;2	12;1;60	0;0;0	1
610776	1	0	4190001;4100032;3000019	50;1;2	4190001;4100032;3000019	50;1;2	12;1;60	0;0;0	1
610777	1	0	4190001;4100032;3000019	50;1;2	4190001;4100032;3000019	50;1;2	12;1;60	0;0;0	1
610778	1	0	4190001;4100032;3000019	50;1;2	4190001;4100032;3000019	50;1;2	12;1;60	0;0;0	1
610779	1	0	4190001;4100032;3000019	50;1;2	4190001;4100032;3000019	50;1;2	12;1;60	0;0;0	1
610780	1	0	4190001;4100032;3000019	300;1;2	4190001;4100032;3000019	300;1;2	12;1;60	0;0;0	1
610781	1	0	4190001;4100032;3000019	50;1;2	4190001;4100032;3000019	50;1;2	12;1;60	0;0;0	1
610782	1	0	4190001;4100032;3000019	50;1;2	4190001;4100032;3000019	50;1;2	12;1;60	0;0;0	1
610783	1	0	4190001;4100032;3000019	50;1;2	4190001;4100032;3000019	50;1;2	12;1;60	0;0;0	1
610784	1	0	4190001;4100032;3000019	50;1;2	4190001;4100032;3000019	50;1;2	12;1;60	0;0;0	1
610785	1	0	4190001;4100032;3000019	300;1;2	4190001;4100032;3000019	300;1;2	12;1;60	0;0;0	1
610786	1	0	4190001;4100032;3000019	50;1;2	4190001;4100032;3000019	50;1;2	12;1;60	0;0;0	1
610787	1	0	4190001;4100032;3000019	50;1;2	4190001;4100032;3000019	50;1;2	12;1;60	0;0;0	1
610788	1	0	4190001;4100032;3000019	50;1;2	4190001;4100032;3000019	50;1;2	12;1;60	0;0;0	1
610789	1	0	4190001;4100032;3000019	50;1;2	4190001;4100032;3000019	50;1;2	12;1;60	0;0;0	1
610790	1	0	4190001;4100032;3000019	300;1;2	4190001;4100032;3000019	300;1;2	12;1;60	0;0;0	1
610791	1	0	4190001;4100032;3000019	50;1;2	4190001;4100032;3000019	50;1;2	12;1;60	0;0;0	1
610792	1	0	4190001;4100032;3000019	50;1;2	4190001;4100032;3000019	50;1;2	12;1;60	0;0;0	1
610793	1	0	4190001;4100032;3000019	50;1;2	4190001;4100032;3000019	50;1;2	12;1;60	0;0;0	1
610794	1	0	4190001;4100032;3000019	50;1;2	4190001;4100032;3000019	50;1;2	12;1;60	0;0;0	1
610795	1	0	4190001;4100032;3000019	300;1;2	4190001;4100032;3000019	300;1;2	12;1;60	0;0;0	1
610796	1	0	4190001;4100032;3000019	50;1;2	4190001;4100032;3000019	50;1;2	12;1;60	0;0;0	1
610797	1	0	4190001;4100032;3000019	50;1;2	4190001;4100032;3000019	50;1;2	12;1;60	0;0;0	1
610798	1	0	4190001;4100032;3000019	50;1;2	4190001;4100032;3000019	50;1;2	12;1;60	0;0;0	1
610799	1	0	4190001;4100032;3000019	50;1;2	4190001;4100032;3000019	50;1;2	12;1;60	0;0;0	1
610800	1	0	4190001;4100032;3000019	300;1;2	4190001;4100032;3000019	300;1;2	12;1;60	0;0;0	1
610801	1	0	4190001;4100032;3000019	50;1;2	4190001;4100032;3000019	50;1;2	12;1;60	0;0;0	1
610802	1	0	4190001;4100032;3000019	50;1;2	4190001;4100032;3000019	50;1;2	12;1;60	0;0;0	1
610803	1	0	4190001;4100032;3000019	50;1;2	4190001;4100032;3000019	50;1;2	12;1;60	0;0;0	1
610804	1	0	4190001;4100032;3000019	50;1;2	4190001;4100032;3000019	50;1;2	12;1;60	0;0;0	1
610805	1	0	4190001;4100032;3000019	300;1;2	4190001;4100032;3000019	300;1;2	12;1;60	0;0;0	1
610806	1	0	4190001;4100032;3000019	50;1;2	4190001;4100032;3000019	50;1;2	12;1;60	0;0;0	1
610807	1	0	4190001;4100032;3000019	50;1;2	4190001;4100032;3000019	50;1;2	12;1;60	0;0;0	1
610808	1	0	4190001;4100032;3000019	50;1;2	4190001;4100032;3000019	50;1;2	12;1;60	0;0;0	1
610809	1	0	4190001;4100032;3000019	50;1;2	4190001;4100032;3000019	50;1;2	12;1;60	0;0;0	1
610810	1	0	4190001;4100032;3000019	300;1;2	4190001;4100032;3000019	300;1;2	12;1;60	0;0;0	1
610811	1	0	4190001;4100032;3000019	50;1;2	4190001;4100032;3000019	50;1;2	12;1;60	0;0;0	1
610812	1	0	4190001;4100032;3000019	50;1;2	4190001;4100032;3000019	50;1;2	12;1;60	0;0;0	1
610813	1	0	4190001;4100032;3000019	50;1;2	4190001;4100032;3000019	50;1;2	12;1;60	0;0;0	1
610814	1	0	4190001;4100032;3000019	50;1;2	4190001;4100032;3000019	50;1;2	12;1;60	0;0;0	1
610815	1	0	4190001;4100032;3000019	300;1;2	4190001;4100032;3000019	300;1;2	12;1;60	0;0;0	1
610816	1	0	4190001;4100032;3000019	50;1;2	4190001;4100032;3000019	50;1;2	12;1;60	0;0;0	1
610817	1	0	4190001;4100032;3000019	50;1;2	4190001;4100032;3000019	50;1;2	12;1;60	0;0;0	1
610818	1	0	4190001;4100032;3000019	50;1;2	4190001;4100032;3000019	50;1;2	12;1;60	0;0;0	1
610819	1	0	4190001;4100032;3000019	50;1;2	4190001;4100032;3000019	50;1;2	12;1;60	0;0;0	1
610820	1	0	4190001;4100032;3000019	300;1;2	4190001;4100032;3000019	300;1;2	12;1;60	0;0;0	1
610821	1	0	4190001;4100032;3000019	50;1;2	4190001;4100032;3000019	50;1;2	12;1;60	0;0;0	1
610822	1	0	4190001;4100032;3000019	50;1;2	4190001;4100032;3000019	50;1;2	12;1;60	0;0;0	1
610823	1	0	4190001;4100032;3000019	50;1;2	4190001;4100032;3000019	50;1;2	12;1;60	0;0;0	1
610824	1	0	4190001;4100032;3000019	50;1;2	4190001;4100032;3000019	50;1;2	12;1;60	0;0;0	1
610825	1	0	4190001;4100032;3000019	300;1;2	4190001;4100032;3000019	300;1;2	12;1;60	0;0;0	1
610826	1	0	4190001;4100032;3000019	50;1;2	4190001;4100032;3000019	50;1;2	12;1;60	0;0;0	1
610827	1	0	4190001;4100032;3000019	50;1;2	4190001;4100032;3000019	50;1;2	12;1;60	0;0;0	1
610828	1	0	4190001;4100032;3000019	50;1;2	4190001;4100032;3000019	50;1;2	12;1;60	0;0;0	1
610829	1	0	4190001;4100032;3000019	50;1;2	4190001;4100032;3000019	50;1;2	12;1;60	0;0;0	1
610830	1	0	4190001;4100032;3000019	300;1;2	4190001;4100032;3000019	300;1;2	12;1;60	0;0;0	1
610831	1	0	4190001;4100032;3000019	50;1;2	4190001;4100032;3000019	50;1;2	12;1;60	0;0;0	1
610832	1	0	4190001;4100032;3000019	50;1;2	4190001;4100032;3000019	50;1;2	12;1;60	0;0;0	1
610833	1	0	4190001;4100032;3000019	50;1;2	4190001;4100032;3000019	50;1;2	12;1;60	0;0;0	1
610834	1	0	4190001;4100032;3000019	50;1;2	4190001;4100032;3000019	50;1;2	12;1;60	0;0;0	1
610835	1	0	4190001;4100032;3000019	300;1;2	4190001;4100032;3000019	300;1;2	12;1;60	0;0;0	1
610836	1	0	4190001;4100032;3000019	50;1;2	4190001;4100032;3000019	50;1;2	12;1;60	0;0;0	1
610837	1	0	4190001;4100032;3000019	50;1;2	4190001;4100032;3000019	50;1;2	12;1;60	0;0;0	1
610838	1	0	4190001;4100032;3000019	50;1;2	4190001;4100032;3000019	50;1;2	12;1;60	0;0;0	1
610839	1	0	4190001;4100032;3000019	50;1;2	4190001;4100032;3000019	50;1;2	12;1;60	0;0;0	1
610840	1	0	4190001;4100032;3000019	300;1;2	4190001;4100032;3000019	300;1;2	12;1;60	0;0;0	1
610841	1	0	4190001;4100032;3000019	50;1;2	4190001;4100032;3000019	50;1;2	12;1;60	0;0;0	1
610842	1	0	4190001;4100032;3000019	50;1;2	4190001;4100032;3000019	50;1;2	12;1;60	0;0;0	1
610843	1	0	4190001;4100032;3000019	50;1;2	4190001;4100032;3000019	50;1;2	12;1;60	0;0;0	1
610844	1	0	4190001;4100032;3000019	50;1;2	4190001;4100032;3000019	50;1;2	12;1;60	0;0;0	1
610845	1	0	4190001;4100032;3000019	300;1;2	4190001;4100032;3000019	300;1;2	12;1;60	0;0;0	1
610846	1	0	4190001;4100032;3000019	50;1;2	4190001;4100032;3000019	50;1;2	12;1;60	0;0;0	1
610847	1	0	4190001;4100032;3000019	50;1;2	4190001;4100032;3000019	50;1;2	12;1;60	0;0;0	1
610848	1	0	4190001;4100032;3000019	50;1;2	4190001;4100032;3000019	50;1;2	12;1;60	0;0;0	1
610849	1	0	4190001;4100032;3000019	50;1;2	4190001;4100032;3000019	50;1;2	12;1;60	0;0;0	1
610850	1	0	4190001;4100032;3000019	300;1;2	4190001;4100032;3000019	300;1;2	12;1;60	0;0;0	1
610851	1	0	4190001;4100032;3000019	50;1;2	4190001;4100032;3000019	50;1;2	12;1;60	0;0;0	1
610852	1	0	4190001;4100032;3000019	50;1;2	4190001;4100032;3000019	50;1;2	12;1;60	0;0;0	1
610853	1	0	4190001;4100032;3000019	50;1;2	4190001;4100032;3000019	50;1;2	12;1;60	0;0;0	1
610854	1	0	4190001;4100032;3000019	50;1;2	4190001;4100032;3000019	50;1;2	12;1;60	0;0;0	1
610855	1	0	4190001;4100032;3000019	300;1;2	4190001;4100032;3000019	300;1;2	12;1;60	0;0;0	1
610856	1	0	4190001;4100032;3000019	50;1;2	4190001;4100032;3000019	50;1;2	12;1;60	0;0;0	1
610857	1	0	4190001;4100032;3000019	50;1;2	4190001;4100032;3000019	50;1;2	12;1;60	0;0;0	1
610858	1	0	4190001;4100032;3000019	50;1;2	4190001;4100032;3000019	50;1;2	12;1;60	0;0;0	1
610859	1	0	4190001;4100032;3000019	50;1;2	4190001;4100032;3000019	50;1;2	12;1;60	0;0;0	1
610860	1	0	4190001;4100032;3000019	300;1;2	4190001;4100032;3000019	300;1;2	12;1;60	0;0;0	1
610861	1	0	4190001;4100032;3000019	50;1;2	4190001;4100032;3000019	50;1;2	12;1;60	0;0;0	1
610862	1	0	4190001;4100032;3000019	50;1;2	4190001;4100032;3000019	50;1;2	12;1;60	0;0;0	1
610863	1	0	4190001;4100032;3000019	50;1;2	4190001;4100032;3000019	50;1;2	12;1;60	0;0;0	1
610864	1	0	4190001;4100032;3000019	50;1;2	4190001;4100032;3000019	50;1;2	12;1;60	0;0;0	1
610865	1	0	4190001;4100032;3000019	300;1;2	4190001;4100032;3000019	300;1;2	12;1;60	0;0;0	1
610866	1	0	4190001;4100032;3000019	50;1;2	4190001;4100032;3000019	50;1;2	12;1;60	0;0;0	1
610867	1	0	4190001;4100032;3000019	50;1;2	4190001;4100032;3000019	50;1;2	12;1;60	0;0;0	1
610868	1	0	4190001;4100032;3000019	50;1;2	4190001;4100032;3000019	50;1;2	12;1;60	0;0;0	1
610869	1	0	4190001;4100032;3000019	50;1;2	4190001;4100032;3000019	50;1;2	12;1;60	0;0;0	1
610870	1	0	4190001;4100032;3000019	300;1;2	4190001;4100032;3000019	300;1;2	12;1;60	0;0;0	1
610871	1	0	4190001;4100032;3000019	50;1;2	4190001;4100032;3000019	50;1;2	12;1;60	0;0;0	1
610872	1	0	4190001;4100032;3000019	50;1;2	4190001;4100032;3000019	50;1;2	12;1;60	0;0;0	1
610873	1	0	4190001;4100032;3000019	50;1;2	4190001;4100032;3000019	50;1;2	12;1;60	0;0;0	1
610874	1	0	4190001;4100032;3000019	50;1;2	4190001;4100032;3000019	50;1;2	12;1;60	0;0;0	1
610875	1	0	4190001;4100032;3000019	300;1;2	4190001;4100032;3000019	300;1;2	12;1;60	0;0;0	1
610876	1	0	4190001;4100032;3000019	50;1;2	4190001;4100032;3000019	50;1;2	12;1;60	0;0;0	1
610877	1	0	4190001;4100032;3000019	50;1;2	4190001;4100032;3000019	50;1;2	12;1;60	0;0;0	1
610878	1	0	4190001;4100032;3000019	50;1;2	4190001;4100032;3000019	50;1;2	12;1;60	0;0;0	1
610879	1	0	4190001;4100032;3000019	50;1;2	4190001;4100032;3000019	50;1;2	12;1;60	0;0;0	1
610880	1	0	4190001;4100032;3000019	300;1;2	4190001;4100032;3000019	300;1;2	12;1;60	0;0;0	1
610881	1	0	4190001;4100032;3000019	50;1;2	4190001;4100032;3000019	50;1;2	12;1;60	0;0;0	1
610882	1	0	4190001;4100032;3000019	50;1;2	4190001;4100032;3000019	50;1;2	12;1;60	0;0;0	1
610883	1	0	4190001;4100032;3000019	50;1;2	4190001;4100032;3000019	50;1;2	12;1;60	0;0;0	1
610884	1	0	4190001;4100032;3000019	50;1;2	4190001;4100032;3000019	50;1;2	12;1;60	0;0;0	1
610885	1	0	4190001;4100032;3000019	300;1;2	4190001;4100032;3000019	300;1;2	12;1;60	0;0;0	1
610886	1	0	4190001;4100032;3000019	50;1;2	4190001;4100032;3000019	50;1;2	12;1;60	0;0;0	1
610887	1	0	4190001;4100032;3000019	50;1;2	4190001;4100032;3000019	50;1;2	12;1;60	0;0;0	1
610888	1	0	4190001;4100032;3000019	50;1;2	4190001;4100032;3000019	50;1;2	12;1;60	0;0;0	1
610889	1	0	4190001;4100032;3000019	50;1;2	4190001;4100032;3000019	50;1;2	12;1;60	0;0;0	1
610890	1	0	4190001;4100032;3000019	300;1;2	4190001;4100032;3000019	300;1;2	12;1;60	0;0;0	1
610891	1	0	4190001;4100032;3000019	50;1;2	4190001;4100032;3000019	50;1;2	12;1;60	0;0;0	1
610892	1	0	4190001;4100032;3000019	50;1;2	4190001;4100032;3000019	50;1;2	12;1;60	0;0;0	1
610893	1	0	4190001;4100032;3000019	50;1;2	4190001;4100032;3000019	50;1;2	12;1;60	0;0;0	1
610894	1	0	4190001;4100032;3000019	50;1;2	4190001;4100032;3000019	50;1;2	12;1;60	0;0;0	1
610895	1	0	4190001;4100032;3000019	300;1;2	4190001;4100032;3000019	300;1;2	12;1;60	0;0;0	1
610896	1	0	4190001;4100032;3000019	50;1;2	4190001;4100032;3000019	50;1;2	12;1;60	0;0;0	1
610897	1	0	4190001;4100032;3000019	50;1;2	4190001;4100032;3000019	50;1;2	12;1;60	0;0;0	1
610898	1	0	4190001;4100032;3000019	50;1;2	4190001;4100032;3000019	50;1;2	12;1;60	0;0;0	1
610899	1	0	4190001;4100032;3000019	50;1;2	4190001;4100032;3000019	50;1;2	12;1;60	0;0;0	1
610900	1	0	4190001;4100032;3000019	300;1;2	4190001;4100032;3000019	300;1;2	12;1;60	0;0;0	1
610901	1	0	4190001;4100032;3000019	50;1;2	4190001;4100032;3000019	50;1;2	12;1;60	0;0;0	1
610902	1	0	4190001;4100032;3000019	50;1;2	4190001;4100032;3000019	50;1;2	12;1;60	0;0;0	1
610903	1	0	4190001;4100032;3000019	50;1;2	4190001;4100032;3000019	50;1;2	12;1;60	0;0;0	1
610904	1	0	4190001;4100032;3000019	50;1;2	4190001;4100032;3000019	50;1;2	12;1;60	0;0;0	1
610905	1	0	4190001;4100032;3000019	300;1;2	4190001;4100032;3000019	300;1;2	12;1;60	0;0;0	1
610906	1	0	4190001;4100032;3000019	50;1;2	4190001;4100032;3000019	50;1;2	12;1;60	0;0;0	1
610907	1	0	4190001;4100032;3000019	50;1;2	4190001;4100032;3000019	50;1;2	12;1;60	0;0;0	1
610908	1	0	4190001;4100032;3000019	50;1;2	4190001;4100032;3000019	50;1;2	12;1;60	0;0;0	1
610909	1	0	4190001;4100032;3000019	50;1;2	4190001;4100032;3000019	50;1;2	12;1;60	0;0;0	1
610910	1	0	4190001;4100032;3000019	300;1;2	4190001;4100032;3000019	300;1;2	12;1;60	0;0;0	1
610911	1	0	4190001;4100032;3000019	50;1;2	4190001;4100032;3000019	50;1;2	12;1;60	0;0;0	1
610912	1	0	4190001;4100032;3000019	50;1;2	4190001;4100032;3000019	50;1;2	12;1;60	0;0;0	1
610913	1	0	4190001;4100032;3000019	50;1;2	4190001;4100032;3000019	50;1;2	12;1;60	0;0;0	1
610914	1	0	4190001;4100032;3000019	50;1;2	4190001;4100032;3000019	50;1;2	12;1;60	0;0;0	1
610915	1	0	4190001;4100032;3000019	300;1;2	4190001;4100032;3000019	300;1;2	12;1;60	0;0;0	1
610916	1	0	4190001;4100032;3000019	50;1;2	4190001;4100032;3000019	50;1;2	12;1;60	0;0;0	1
610917	1	0	4190001;4100032;3000019	50;1;2	4190001;4100032;3000019	50;1;2	12;1;60	0;0;0	1
610918	1	0	4190001;4100032;3000019	50;1;2	4190001;4100032;3000019	50;1;2	12;1;60	0;0;0	1
610919	1	0	4190001;4100032;3000019	50;1;2	4190001;4100032;3000019	50;1;2	12;1;60	0;0;0	1
610920	1	0	4190001;4100032;3000019	300;1;2	4190001;4100032;3000019	300;1;2	12;1;60	0;0;0	1
610921	1	0	4190001;4100032;3000019	50;1;2	4190001;4100032;3000019	50;1;2	12;1;60	0;0;0	1
610922	1	0	4190001;4100032;3000019	50;1;2	4190001;4100032;3000019	50;1;2	12;1;60	0;0;0	1
610923	1	0	4190001;4100032;3000019	50;1;2	4190001;4100032;3000019	50;1;2	12;1;60	0;0;0	1
610924	1	0	4190001;4100032;3000019	50;1;2	4190001;4100032;3000019	50;1;2	12;1;60	0;0;0	1
610925	1	0	4190001;4100032;3000019	300;1;2	4190001;4100032;3000019	300;1;2	12;1;60	0;0;0	1
610926	1	0	4190001;4100032;3000019	50;1;2	4190001;4100032;3000019	50;1;2	12;1;60	0;0;0	1
610927	1	0	4190001;4100032;3000019	50;1;2	4190001;4100032;3000019	50;1;2	12;1;60	0;0;0	1
610928	1	0	4190001;4100032;3000019	50;1;2	4190001;4100032;3000019	50;1;2	12;1;60	0;0;0	1
610929	1	0	4190001;4100032;3000019	50;1;2	4190001;4100032;3000019	50;1;2	12;1;60	0;0;0	1
610930	1	0	4190001;4100032;3000019	300;1;2	4190001;4100032;3000019	300;1;2	12;1;60	0;0;0	1
610931	1	0	4190001;4100032;3000019	50;1;2	4190001;4100032;3000019	50;1;2	12;1;60	0;0;0	1
610932	1	0	4190001;4100032;3000019	50;1;2	4190001;4100032;3000019	50;1;2	12;1;60	0;0;0	1
610933	1	0	4190001;4100032;3000019	50;1;2	4190001;4100032;3000019	50;1;2	12;1;60	0;0;0	1
610934	1	0	4190001;4100032;3000019	50;1;2	4190001;4100032;3000019	50;1;2	12;1;60	0;0;0	1
610935	1	0	4190001;4100032;3000019	300;1;2	4190001;4100032;3000019	300;1;2	12;1;60	0;0;0	1
610936	1	0	4190001;4100032;3000019	50;1;2	4190001;4100032;3000019	50;1;2	12;1;60	0;0;0	1
610937	1	0	4190001;4100032;3000019	50;1;2	4190001;4100032;3000019	50;1;2	12;1;60	0;0;0	1
610938	1	0	4190001;4100032;3000019	50;1;2	4190001;4100032;3000019	50;1;2	12;1;60	0;0;0	1
610939	1	0	4190001;4100032;3000019	50;1;2	4190001;4100032;3000019	50;1;2	12;1;60	0;0;0	1
610940	1	0	4190001;4100032;3000019	300;1;2	4190001;4100032;3000019	300;1;2	12;1;60	0;0;0	1
610941	1	0	4190001;4100032;3000019	50;1;2	4190001;4100032;3000019	50;1;2	12;1;60	0;0;0	1
610942	1	0	4190001;4100032;3000019	50;1;2	4190001;4100032;3000019	50;1;2	12;1;60	0;0;0	1
610943	1	0	4190001;4100032;3000019	50;1;2	4190001;4100032;3000019	50;1;2	12;1;60	0;0;0	1
610944	1	0	4190001;4100032;3000019	50;1;2	4190001;4100032;3000019	50;1;2	12;1;60	0;0;0	1
610945	1	0	4190001;4100032;3000019	300;1;2	4190001;4100032;3000019	300;1;2	12;1;60	0;0;0	1
610946	1	0	4190001;4100032;3000019	50;1;2	4190001;4100032;3000019	50;1;2	12;1;60	0;0;0	1
610947	1	0	4190001;4100032;3000019	50;1;2	4190001;4100032;3000019	50;1;2	12;1;60	0;0;0	1
610948	1	0	4190001;4100032;3000019	50;1;2	4190001;4100032;3000019	50;1;2	12;1;60	0;0;0	1
610949	1	0	4190001;4100032;3000019	50;1;2	4190001;4100032;3000019	50;1;2	12;1;60	0;0;0	1
610950	1	0	4190001;4100032;3000019	300;1;2	4190001;4100032;3000019	300;1;2	12;1;60	0;0;0	1
610951	1	0	4190001;4100032;3000019	50;1;2	4190001;4100032;3000019	50;1;2	12;1;60	0;0;0	1
610952	1	0	4190001;4100032;3000019	50;1;2	4190001;4100032;3000019	50;1;2	12;1;60	0;0;0	1
610953	1	0	4190001;4100032;3000019	50;1;2	4190001;4100032;3000019	50;1;2	12;1;60	0;0;0	1
610954	1	0	4190001;4100032;3000019	50;1;2	4190001;4100032;3000019	50;1;2	12;1;60	0;0;0	1
610955	1	0	4190001;4100032;3000019	300;1;2	4190001;4100032;3000019	300;1;2	12;1;60	0;0;0	1
610956	1	0	4190001;4100032;3000019	50;1;2	4190001;4100032;3000019	50;1;2	12;1;60	0;0;0	1
610957	1	0	4190001;4100032;3000019	50;1;2	4190001;4100032;3000019	50;1;2	12;1;60	0;0;0	1
610958	1	0	4190001;4100032;3000019	50;1;2	4190001;4100032;3000019	50;1;2	12;1;60	0;0;0	1
610959	1	0	4190001;4100032;3000019	50;1;2	4190001;4100032;3000019	50;1;2	12;1;60	0;0;0	1
610960	1	0	4190001;4100032;3000019	300;1;2	4190001;4100032;3000019	300;1;2	12;1;60	0;0;0	1
610961	1	0	4190001;4100032;3000019	50;1;2	4190001;4100032;3000019	50;1;2	12;1;60	0;0;0	1
610962	1	0	4190001;4100032;3000019	50;1;2	4190001;4100032;3000019	50;1;2	12;1;60	0;0;0	1
610963	1	0	4190001;4100032;3000019	50;1;2	4190001;4100032;3000019	50;1;2	12;1;60	0;0;0	1
610964	1	0	4190001;4100032;3000019	50;1;2	4190001;4100032;3000019	50;1;2	12;1;60	0;0;0	1
610965	1	0	4190001;4100032;3000019	300;1;2	4190001;4100032;3000019	300;1;2	12;1;60	0;0;0	1
610966	1	0	4190001;4100032;3000019	50;1;2	4190001;4100032;3000019	50;1;2	12;1;60	0;0;0	1
610967	1	0	4190001;4100032;3000019	50;1;2	4190001;4100032;3000019	50;1;2	12;1;60	0;0;0	1
610968	1	0	4190001;4100032;3000019	50;1;2	4190001;4100032;3000019	50;1;2	12;1;60	0;0;0	1
610969	1	0	4190001;4100032;3000019	50;1;2	4190001;4100032;3000019	50;1;2	12;1;60	0;0;0	1
610970	1	0	4190001;4100032;3000019	300;1;2	4190001;4100032;3000019	300;1;2	12;1;60	0;0;0	1
610971	1	0	4190001;4100032;3000019	50;1;2	4190001;4100032;3000019	50;1;2	12;1;60	0;0;0	1
610972	1	0	4190001;4100032;3000019	50;1;2	4190001;4100032;3000019	50;1;2	12;1;60	0;0;0	1
610973	1	0	4190001;4100032;3000019	50;1;2	4190001;4100032;3000019	50;1;2	12;1;60	0;0;0	1
610974	1	0	4190001;4100032;3000019	50;1;2	4190001;4100032;3000019	50;1;2	12;1;60	0;0;0	1
610975	1	0	4190001;4100032;3000019	300;1;2	4190001;4100032;3000019	300;1;2	12;1;60	0;0;0	1
610976	1	0	4190001;4100032;3000019	50;1;2	4190001;4100032;3000019	50;1;2	12;1;60	0;0;0	1
610977	1	0	4190001;4100032;3000019	50;1;2	4190001;4100032;3000019	50;1;2	12;1;60	0;0;0	1
610978	1	0	4190001;4100032;3000019	50;1;2	4190001;4100032;3000019	50;1;2	12;1;60	0;0;0	1
610979	1	0	4190001;4100032;3000019	50;1;2	4190001;4100032;3000019	50;1;2	12;1;60	0;0;0	1
610980	1	0	4190001;4100032;3000019	300;1;2	4190001;4100032;3000019	300;1;2	12;1;60	0;0;0	1
610981	1	0	4190001;4100032;3000019	50;1;2	4190001;4100032;3000019	50;1;2	12;1;60	0;0;0	1
610982	1	0	4190001;4100032;3000019	50;1;2	4190001;4100032;3000019	50;1;2	12;1;60	0;0;0	1
610983	1	0	4190001;4100032;3000019	50;1;2	4190001;4100032;3000019	50;1;2	12;1;60	0;0;0	1
610984	1	0	4190001;4100032;3000019	50;1;2	4190001;4100032;3000019	50;1;2	12;1;60	0;0;0	1
610985	1	0	4190001;4100032;3000019	300;1;2	4190001;4100032;3000019	300;1;2	12;1;60	0;0;0	1
610986	1	0	4190001;4100032;3000019	50;1;2	4190001;4100032;3000019	50;1;2	12;1;60	0;0;0	1
610987	1	0	4190001;4100032;3000019	50;1;2	4190001;4100032;3000019	50;1;2	12;1;60	0;0;0	1
610988	1	0	4190001;4100032;3000019	50;1;2	4190001;4100032;3000019	50;1;2	12;1;60	0;0;0	1
610989	1	0	4190001;4100032;3000019	50;1;2	4190001;4100032;3000019	50;1;2	12;1;60	0;0;0	1
610990	1	0	4190001;4100032;3000019	300;1;2	4190001;4100032;3000019	300;1;2	12;1;60	0;0;0	1
610991	1	0	4190001;4100032;3000019	50;1;2	4190001;4100032;3000019	50;1;2	12;1;60	0;0;0	1
610992	1	0	4190001;4100032;3000019	50;1;2	4190001;4100032;3000019	50;1;2	12;1;60	0;0;0	1
610993	1	0	4190001;4100032;3000019	50;1;2	4190001;4100032;3000019	50;1;2	12;1;60	0;0;0	1
610994	1	0	4190001;4100032;3000019	50;1;2	4190001;4100032;3000019	50;1;2	12;1;60	0;0;0	1
610995	1	0	4190001;4100032;3000019	300;1;2	4190001;4100032;3000019	300;1;2	12;1;60	0;0;0	1
610996	1	0	4190001;4100032;3000019	50;1;2	4190001;4100032;3000019	50;1;2	12;1;60	0;0;0	1
610997	1	0	4190001;4100032;3000019	50;1;2	4190001;4100032;3000019	50;1;2	12;1;60	0;0;0	1
610998	1	0	4190001;4100032;3000019	50;1;2	4190001;4100032;3000019	50;1;2	12;1;60	0;0;0	1
610999	1	0	4190001;4100032;3000019	50;1;2	4190001;4100032;3000019	50;1;2	12;1;60	0;0;0	1
611000	1	0	4190001;4100032;3000019	300;1;2	4190001;4100032;3000019	300;1;2	12;1;60	0;0;0	1
611001	1	0	4190001;4100032;3000019	50;1;2	4190001;4100032;3000019	50;1;2	12;1;60	0;0;0	1
611002	1	0	4190001;4100032;3000019	50;1;2	4190001;4100032;3000019	50;1;2	12;1;60	0;0;0	1
611003	1	0	4190001;4100032;3000019	50;1;2	4190001;4100032;3000019	50;1;2	12;1;60	0;0;0	1
611004	1	0	4190001;4100032;3000019	50;1;2	4190001;4100032;3000019	50;1;2	12;1;60	0;0;0	1
611005	1	0	4190001;4100032;3000019	300;1;2	4190001;4100032;3000019	300;1;2	12;1;60	0;0;0	1
611006	1	0	4190001;4100032;3000019	50;1;2	4190001;4100032;3000019	50;1;2	12;1;60	0;0;0	1
611007	1	0	4190001;4100032;3000019	50;1;2	4190001;4100032;3000019	50;1;2	12;1;60	0;0;0	1
611008	1	0	4190001;4100032;3000019	50;1;2	4190001;4100032;3000019	50;1;2	12;1;60	0;0;0	1
611009	1	0	4190001;4100032;3000019	50;1;2	4190001;4100032;3000019	50;1;2	12;1;60	0;0;0	1
611010	1	0	4190001;4100032;3000019	300;1;2	4190001;4100032;3000019	300;1;2	12;1;60	0;0;0	1
611011	1	0	4190001;4100032;3000019	50;1;2	4190001;4100032;3000019	50;1;2	12;1;60	0;0;0	1
611012	1	0	4190001;4100032;3000019	50;1;2	4190001;4100032;3000019	50;1;2	12;1;60	0;0;0	1
611013	1	0	4190001;4100032;3000019	50;1;2	4190001;4100032;3000019	50;1;2	12;1;60	0;0;0	1
611014	1	0	4190001;4100032;3000019	50;1;2	4190001;4100032;3000019	50;1;2	12;1;60	0;0;0	1
611015	1	0	4190001;4100032;3000019	300;1;2	4190001;4100032;3000019	300;1;2	12;1;60	0;0;0	1
611016	1	0	4190001;4100032;3000019	50;1;2	4190001;4100032;3000019	50;1;2	12;1;60	0;0;0	1
611017	1	0	4190001;4100032;3000019	50;1;2	4190001;4100032;3000019	50;1;2	12;1;60	0;0;0	1
611018	1	0	4190001;4100032;3000019	50;1;2	4190001;4100032;3000019	50;1;2	12;1;60	0;0;0	1
611019	1	0	4190001;4100032;3000019	50;1;2	4190001;4100032;3000019	50;1;2	12;1;60	0;0;0	1
611020	1	0	4190001;4100032;3000019	300;1;2	4190001;4100032;3000019	300;1;2	12;1;60	0;0;0	1
611021	1	0	4190001;4100032;3000019	50;1;2	4190001;4100032;3000019	50;1;2	12;1;60	0;0;0	1
611022	1	0	4190001;4100032;3000019	50;1;2	4190001;4100032;3000019	50;1;2	12;1;60	0;0;0	1
611023	1	0	4190001;4100032;3000019	50;1;2	4190001;4100032;3000019	50;1;2	12;1;60	0;0;0	1
611024	1	0	4190001;4100032;3000019	50;1;2	4190001;4100032;3000019	50;1;2	12;1;60	0;0;0	1
611025	1	0	4190001;4100032;3000019	300;1;2	4190001;4100032;3000019	300;1;2	12;1;60	0;0;0	1
611026	1	0	4190001;4100032;3000019	50;1;2	4190001;4100032;3000019	50;1;2	12;1;60	0;0;0	1
611027	1	0	4190001;4100032;3000019	50;1;2	4190001;4100032;3000019	50;1;2	12;1;60	0;0;0	1
611028	1	0	4190001;4100032;3000019	50;1;2	4190001;4100032;3000019	50;1;2	12;1;60	0;0;0	1
611029	1	0	4190001;4100032;3000019	50;1;2	4190001;4100032;3000019	50;1;2	12;1;60	0;0;0	1
611030	1	0	4190001;4100032;3000019	300;1;2	4190001;4100032;3000019	300;1;2	12;1;60	0;0;0	1
611031	1	0	4190001;4100032;3000019	50;1;2	4190001;4100032;3000019	50;1;2	12;1;60	0;0;0	1
611032	1	0	4190001;4100032;3000019	50;1;2	4190001;4100032;3000019	50;1;2	12;1;60	0;0;0	1
611033	1	0	4190001;4100032;3000019	50;1;2	4190001;4100032;3000019	50;1;2	12;1;60	0;0;0	1
611034	1	0	4190001;4100032;3000019	50;1;2	4190001;4100032;3000019	50;1;2	12;1;60	0;0;0	1
611035	1	0	4190001;4100032;3000019	300;1;2	4190001;4100032;3000019	300;1;2	12;1;60	0;0;0	1
611036	1	0	4190001;4100032;3000019	50;1;2	4190001;4100032;3000019	50;1;2	12;1;60	0;0;0	1
611037	1	0	4190001;4100032;3000019	50;1;2	4190001;4100032;3000019	50;1;2	12;1;60	0;0;0	1
611038	1	0	4190001;4100032;3000019	50;1;2	4190001;4100032;3000019	50;1;2	12;1;60	0;0;0	1
611039	1	0	4190001;4100032;3000019	50;1;2	4190001;4100032;3000019	50;1;2	12;1;60	0;0;0	1
611040	1	0	4190001;4100032;3000019	300;1;2	4190001;4100032;3000019	300;1;2	12;1;60	0;0;0	1
611041	1	0	4190001;4100032;3000019	50;1;2	4190001;4100032;3000019	50;1;2	12;1;60	0;0;0	1
611042	1	0	4190001;4100032;3000019	50;1;2	4190001;4100032;3000019	50;1;2	12;1;60	0;0;0	1
611043	1	0	4190001;4100032;3000019	50;1;2	4190001;4100032;3000019	50;1;2	12;1;60	0;0;0	1
611044	1	0	4190001;4100032;3000019	50;1;2	4190001;4100032;3000019	50;1;2	12;1;60	0;0;0	1
611045	1	0	4190001;4100032;3000019	300;1;2	4190001;4100032;3000019	300;1;2	12;1;60	0;0;0	1
611046	1	0	4190001;4100032;3000019	50;1;2	4190001;4100032;3000019	50;1;2	12;1;60	0;0;0	1
611047	1	0	4190001;4100032;3000019	50;1;2	4190001;4100032;3000019	50;1;2	12;1;60	0;0;0	1
611048	1	0	4190001;4100032;3000019	50;1;2	4190001;4100032;3000019	50;1;2	12;1;60	0;0;0	1
611049	1	0	4190001;4100032;3000019	50;1;2	4190001;4100032;3000019	50;1;2	12;1;60	0;0;0	1
611050	1	0	4190001;4100032;3000019	300;1;2	4190001;4100032;3000019	300;1;2	12;1;60	0;0;0	1
611051	1	0	4190001;4100032;3000019	50;1;2	4190001;4100032;3000019	50;1;2	12;1;60	0;0;0	1
611052	1	0	4190001;4100032;3000019	50;1;2	4190001;4100032;3000019	50;1;2	12;1;60	0;0;0	1
611053	1	0	4190001;4100032;3000019	50;1;2	4190001;4100032;3000019	50;1;2	12;1;60	0;0;0	1
611054	1	0	4190001;4100032;3000019	50;1;2	4190001;4100032;3000019	50;1;2	12;1;60	0;0;0	1
611055	1	0	4190001;4100032;3000019	300;1;2	4190001;4100032;3000019	300;1;2	12;1;60	0;0;0	1
611056	1	0	4190001;4100032;3000019	50;1;2	4190001;4100032;3000019	50;1;2	12;1;60	0;0;0	1
611057	1	0	4190001;4100032;3000019	50;1;2	4190001;4100032;3000019	50;1;2	12;1;60	0;0;0	1
611058	1	0	4190001;4100032;3000019	50;1;2	4190001;4100032;3000019	50;1;2	12;1;60	0;0;0	1
611059	1	0	4190001;4100032;3000019	50;1;2	4190001;4100032;3000019	50;1;2	12;1;60	0;0;0	1
611060	1	0	4190001;4100032;3000019	300;1;2	4190001;4100032;3000019	300;1;2	12;1;60	0;0;0	1
611061	1	0	4190001;4100032;3000019	50;1;2	4190001;4100032;3000019	50;1;2	12;1;60	0;0;0	1
611062	1	0	4190001;4100032;3000019	50;1;2	4190001;4100032;3000019	50;1;2	12;1;60	0;0;0	1
611063	1	0	4190001;4100032;3000019	50;1;2	4190001;4100032;3000019	50;1;2	12;1;60	0;0;0	1
611064	1	0	4190001;4100032;3000019	50;1;2	4190001;4100032;3000019	50;1;2	12;1;60	0;0;0	1
611065	1	0	4190001;4100032;3000019	300;1;2	4190001;4100032;3000019	300;1;2	12;1;60	0;0;0	1
611066	1	0	4190001;4100032;3000019	50;1;2	4190001;4100032;3000019	50;1;2	12;1;60	0;0;0	1
611067	1	0	4190001;4100032;3000019	50;1;2	4190001;4100032;3000019	50;1;2	12;1;60	0;0;0	1
611068	1	0	4190001;4100032;3000019	50;1;2	4190001;4100032;3000019	50;1;2	12;1;60	0;0;0	1
611069	1	0	4190001;4100032;3000019	50;1;2	4190001;4100032;3000019	50;1;2	12;1;60	0;0;0	1
611070	1	0	4190001;4100032;3000019	300;1;2	4190001;4100032;3000019	300;1;2	12;1;60	0;0;0	1
611071	1	0	4190001;4100032;3000019	50;1;2	4190001;4100032;3000019	50;1;2	12;1;60	0;0;0	1
611072	1	0	4190001;4100032;3000019	50;1;2	4190001;4100032;3000019	50;1;2	12;1;60	0;0;0	1
611073	1	0	4190001;4100032;3000019	50;1;2	4190001;4100032;3000019	50;1;2	12;1;60	0;0;0	1
611074	1	0	4190001;4100032;3000019	50;1;2	4190001;4100032;3000019	50;1;2	12;1;60	0;0;0	1
611075	1	0	4190001;4100032;3000019	300;1;2	4190001;4100032;3000019	300;1;2	12;1;60	0;0;0	1
611076	1	0	4190001;4100032;3000019	50;1;2	4190001;4100032;3000019	50;1;2	12;1;60	0;0;0	1
611077	1	0	4190001;4100032;3000019	50;1;2	4190001;4100032;3000019	50;1;2	12;1;60	0;0;0	1
611078	1	0	4190001;4100032;3000019	50;1;2	4190001;4100032;3000019	50;1;2	12;1;60	0;0;0	1
611079	1	0	4190001;4100032;3000019	50;1;2	4190001;4100032;3000019	50;1;2	12;1;60	0;0;0	1
611080	1	0	4190001;4100032;3000019	300;1;2	4190001;4100032;3000019	300;1;2	12;1;60	0;0;0	1
611081	1	0	4190001;4100032;3000019	50;1;2	4190001;4100032;3000019	50;1;2	12;1;60	0;0;0	1
611082	1	0	4190001;4100032;3000019	50;1;2	4190001;4100032;3000019	50;1;2	12;1;60	0;0;0	1
611083	1	0	4190001;4100032;3000019	50;1;2	4190001;4100032;3000019	50;1;2	12;1;60	0;0;0	1
611084	1	0	4190001;4100032;3000019	50;1;2	4190001;4100032;3000019	50;1;2	12;1;60	0;0;0	1
611085	1	0	4190001;4100032;3000019	300;1;2	4190001;4100032;3000019	300;1;2	12;1;60	0;0;0	1
611086	1	0	4190001;4100032;3000019	50;1;2	4190001;4100032;3000019	50;1;2	12;1;60	0;0;0	1
611087	1	0	4190001;4100032;3000019	50;1;2	4190001;4100032;3000019	50;1;2	12;1;60	0;0;0	1
611088	1	0	4190001;4100032;3000019	50;1;2	4190001;4100032;3000019	50;1;2	12;1;60	0;0;0	1
611089	1	0	4190001;4100032;3000019	50;1;2	4190001;4100032;3000019	50;1;2	12;1;60	0;0;0	1
611090	1	0	4190001;4100032;3000019	300;1;2	4190001;4100032;3000019	300;1;2	12;1;60	0;0;0	1
611091	1	0	4190001;4100032;3000019	50;1;2	4190001;4100032;3000019	50;1;2	12;1;60	0;0;0	1
611092	1	0	4190001;4100032;3000019	50;1;2	4190001;4100032;3000019	50;1;2	12;1;60	0;0;0	1
611093	1	0	4190001;4100032;3000019	50;1;2	4190001;4100032;3000019	50;1;2	12;1;60	0;0;0	1
611094	1	0	4190001;4100032;3000019	50;1;2	4190001;4100032;3000019	50;1;2	12;1;60	0;0;0	1
611095	1	0	4190001;4100032;3000019	300;1;2	4190001;4100032;3000019	300;1;2	12;1;60	0;0;0	1
611096	1	0	4190001;4100032;3000019	50;1;2	4190001;4100032;3000019	50;1;2	12;1;60	0;0;0	1
611097	1	0	4190001;4100032;3000019	50;1;2	4190001;4100032;3000019	50;1;2	12;1;60	0;0;0	1
611098	1	0	4190001;4100032;3000019	50;1;2	4190001;4100032;3000019	50;1;2	12;1;60	0;0;0	1
611099	1	0	4190001;4100032;3000019	50;1;2	4190001;4100032;3000019	50;1;2	12;1;60	0;0;0	1
611100	1	0	4190001;4100032;3000019	300;1;2	4190001;4100032;3000019	300;1;2	12;1;60	0;0;0	1
611101	1	0	4190001;4100032;3000019	50;1;2	4190001;4100032;3000019	50;1;2	12;1;60	0;0;0	1
611102	1	0	4190001;4100032;3000019	50;1;2	4190001;4100032;3000019	50;1;2	12;1;60	0;0;0	1
611103	1	0	4190001;4100032;3000019	50;1;2	4190001;4100032;3000019	50;1;2	12;1;60	0;0;0	1
611104	1	0	4190001;4100032;3000019	50;1;2	4190001;4100032;3000019	50;1;2	12;1;60	0;0;0	1
611105	1	0	4190001;4100032;3000019	300;1;2	4190001;4100032;3000019	300;1;2	12;1;60	0;0;0	1
611106	1	0	4190001;4100032;3000019	50;1;2	4190001;4100032;3000019	50;1;2	12;1;60	0;0;0	1
611107	1	0	4190001;4100032;3000019	50;1;2	4190001;4100032;3000019	50;1;2	12;1;60	0;0;0	1
611108	1	0	4190001;4100032;3000019	50;1;2	4190001;4100032;3000019	50;1;2	12;1;60	0;0;0	1
611109	1	0	4190001;4100032;3000019	50;1;2	4190001;4100032;3000019	50;1;2	12;1;60	0;0;0	1
611110	1	0	4190001;4100032;3000019	300;1;2	4190001;4100032;3000019	300;1;2	12;1;60	0;0;0	1
611111	1	0	4190001;4100032;3000019	50;1;2	4190001;4100032;3000019	50;1;2	12;1;60	0;0;0	1
611112	1	0	4190001;4100032;3000019	50;1;2	4190001;4100032;3000019	50;1;2	12;1;60	0;0;0	1
611113	1	0	4190001;4100032;3000019	50;1;2	4190001;4100032;3000019	50;1;2	12;1;60	0;0;0	1
611114	1	0	4190001;4100032;3000019	50;1;2	4190001;4100032;3000019	50;1;2	12;1;60	0;0;0	1
611115	1	0	4190001;4100032;3000019	300;1;2	4190001;4100032;3000019	300;1;2	12;1;60	0;0;0	1
611116	1	0	4190001;4100032;3000019	50;1;2	4190001;4100032;3000019	50;1;2	12;1;60	0;0;0	1
611117	1	0	4190001;4100032;3000019	50;1;2	4190001;4100032;3000019	50;1;2	12;1;60	0;0;0	1
611118	1	0	4190001;4100032;3000019	50;1;2	4190001;4100032;3000019	50;1;2	12;1;60	0;0;0	1
611119	1	0	4190001;4100032;3000019	50;1;2	4190001;4100032;3000019	50;1;2	12;1;60	0;0;0	1
611120	1	0	4190001;4100032;3000019	300;1;2	4190001;4100032;3000019	300;1;2	12;1;60	0;0;0	1
611121	1	0	4190001;4100032;3000019	50;1;2	4190001;4100032;3000019	50;1;2	12;1;60	0;0;0	1
611122	1	0	4190001;4100032;3000019	50;1;2	4190001;4100032;3000019	50;1;2	12;1;60	0;0;0	1
611123	1	0	4190001;4100032;3000019	50;1;2	4190001;4100032;3000019	50;1;2	12;1;60	0;0;0	1
611124	1	0	4190001;4100032;3000019	50;1;2	4190001;4100032;3000019	50;1;2	12;1;60	0;0;0	1
611125	1	0	4190001;4100032;3000019	300;1;2	4190001;4100032;3000019	300;1;2	12;1;60	0;0;0	1
611126	1	0	4190001;4100032;3000019	50;1;2	4190001;4100032;3000019	50;1;2	12;1;60	0;0;0	1
611127	1	0	4190001;4100032;3000019	50;1;2	4190001;4100032;3000019	50;1;2	12;1;60	0;0;0	1
611128	1	0	4190001;4100032;3000019	50;1;2	4190001;4100032;3000019	50;1;2	12;1;60	0;0;0	1
611129	1	0	4190001;4100032;3000019	50;1;2	4190001;4100032;3000019	50;1;2	12;1;60	0;0;0	1
611130	1	0	4190001;4100032;3000019	300;1;2	4190001;4100032;3000019	300;1;2	12;1;60	0;0;0	1
611131	1	0	4190001;4100032;3000019	50;1;2	4190001;4100032;3000019	50;1;2	12;1;60	0;0;0	1
611132	1	0	4190001;4100032;3000019	50;1;2	4190001;4100032;3000019	50;1;2	12;1;60	0;0;0	1
611133	1	0	4190001;4100032;3000019	50;1;2	4190001;4100032;3000019	50;1;2	12;1;60	0;0;0	1
611134	1	0	4190001;4100032;3000019	50;1;2	4190001;4100032;3000019	50;1;2	12;1;60	0;0;0	1
611135	1	0	4190001;4100032;3000019	300;1;2	4190001;4100032;3000019	300;1;2	12;1;60	0;0;0	1
611136	1	0	4190001;4100032;3000019	50;1;2	4190001;4100032;3000019	50;1;2	12;1;60	0;0;0	1
611137	1	0	4190001;4100032;3000019	50;1;2	4190001;4100032;3000019	50;1;2	12;1;60	0;0;0	1
611138	1	0	4190001;4100032;3000019	50;1;2	4190001;4100032;3000019	50;1;2	12;1;60	0;0;0	1
611139	1	0	4190001;4100032;3000019	50;1;2	4190001;4100032;3000019	50;1;2	12;1;60	0;0;0	1
611140	1	0	4190001;4100032;3000019	300;1;2	4190001;4100032;3000019	300;1;2	12;1;60	0;0;0	1
611141	1	0	4190001;4100032;3000019	50;1;2	4190001;4100032;3000019	50;1;2	12;1;60	0;0;0	1
611142	1	0	4190001;4100032;3000019	50;1;2	4190001;4100032;3000019	50;1;2	12;1;60	0;0;0	1
611143	1	0	4190001;4100032;3000019	50;1;2	4190001;4100032;3000019	50;1;2	12;1;60	0;0;0	1
611144	1	0	4190001;4100032;3000019	50;1;2	4190001;4100032;3000019	50;1;2	12;1;60	0;0;0	1
611145	1	0	4190001;4100032;3000019	300;1;2	4190001;4100032;3000019	300;1;2	12;1;60	0;0;0	1
611146	1	0	4190001;4100032;3000019	50;1;2	4190001;4100032;3000019	50;1;2	12;1;60	0;0;0	1
611147	1	0	4190001;4100032;3000019	50;1;2	4190001;4100032;3000019	50;1;2	12;1;60	0;0;0	1
611148	1	0	4190001;4100032;3000019	50;1;2	4190001;4100032;3000019	50;1;2	12;1;60	0;0;0	1
611149	1	0	4190001;4100032;3000019	50;1;2	4190001;4100032;3000019	50;1;2	12;1;60	0;0;0	1
611150	1	0	4190001;4100032;3000019	300;1;2	4190001;4100032;3000019	300;1;2	12;1;60	0;0;0	1
611151	1	0	4190001;4100032;3000019	50;1;2	4190001;4100032;3000019	50;1;2	12;1;60	0;0;0	1
611152	1	0	4190001;4100032;3000019	50;1;2	4190001;4100032;3000019	50;1;2	12;1;60	0;0;0	1
611153	1	0	4190001;4100032;3000019	50;1;2	4190001;4100032;3000019	50;1;2	12;1;60	0;0;0	1
611154	1	0	4190001;4100032;3000019	50;1;2	4190001;4100032;3000019	50;1;2	12;1;60	0;0;0	1
611155	1	0	4190001;4100032;3000019	300;1;2	4190001;4100032;3000019	300;1;2	12;1;60	0;0;0	1
611156	1	0	4190001;4100032;3000019	50;1;2	4190001;4100032;3000019	50;1;2	12;1;60	0;0;0	1
611157	1	0	4190001;4100032;3000019	50;1;2	4190001;4100032;3000019	50;1;2	12;1;60	0;0;0	1
611158	1	0	4190001;4100032;3000019	50;1;2	4190001;4100032;3000019	50;1;2	12;1;60	0;0;0	1
611159	1	0	4190001;4100032;3000019	50;1;2	4190001;4100032;3000019	50;1;2	12;1;60	0;0;0	1
611160	1	0	4190001;4100032;3000019	300;1;2	4190001;4100032;3000019	300;1;2	12;1;60	0;0;0	1
611161	1	0	4190001;4100032;3000019	50;1;2	4190001;4100032;3000019	50;1;2	12;1;60	0;0;0	1
611162	1	0	4190001;4100032;3000019	50;1;2	4190001;4100032;3000019	50;1;2	12;1;60	0;0;0	1
611163	1	0	4190001;4100032;3000019	50;1;2	4190001;4100032;3000019	50;1;2	12;1;60	0;0;0	1
611164	1	0	4190001;4100032;3000019	50;1;2	4190001;4100032;3000019	50;1;2	12;1;60	0;0;0	1
611165	1	0	4190001;4100032;3000019	300;1;2	4190001;4100032;3000019	300;1;2	12;1;60	0;0;0	1
611166	1	0	4190001;4100032;3000019	50;1;2	4190001;4100032;3000019	50;1;2	12;1;60	0;0;0	1
611167	1	0	4190001;4100032;3000019	50;1;2	4190001;4100032;3000019	50;1;2	12;1;60	0;0;0	1
611168	1	0	4190001;4100032;3000019	50;1;2	4190001;4100032;3000019	50;1;2	12;1;60	0;0;0	1
611169	1	0	4190001;4100032;3000019	50;1;2	4190001;4100032;3000019	50;1;2	12;1;60	0;0;0	1
611170	1	0	4190001;4100032;3000019	300;1;2	4190001;4100032;3000019	300;1;2	12;1;60	0;0;0	1
611171	1	0	4190001;4100032;3000019	50;1;2	4190001;4100032;3000019	50;1;2	12;1;60	0;0;0	1
611172	1	0	4190001;4100032;3000019	50;1;2	4190001;4100032;3000019	50;1;2	12;1;60	0;0;0	1
611173	1	0	4190001;4100032;3000019	50;1;2	4190001;4100032;3000019	50;1;2	12;1;60	0;0;0	1
611174	1	0	4190001;4100032;3000019	50;1;2	4190001;4100032;3000019	50;1;2	12;1;60	0;0;0	1
611175	1	0	4190001;4100032;3000019	300;1;2	4190001;4100032;3000019	300;1;2	12;1;60	0;0;0	1
611176	1	0	4190001;4100032;3000019	50;1;2	4190001;4100032;3000019	50;1;2	12;1;60	0;0;0	1
611177	1	0	4190001;4100032;3000019	50;1;2	4190001;4100032;3000019	50;1;2	12;1;60	0;0;0	1
611178	1	0	4190001;4100032;3000019	50;1;2	4190001;4100032;3000019	50;1;2	12;1;60	0;0;0	1
611179	1	0	4190001;4100032;3000019	50;1;2	4190001;4100032;3000019	50;1;2	12;1;60	0;0;0	1
611180	1	0	4190001;4100032;3000019	300;1;2	4190001;4100032;3000019	300;1;2	12;1;60	0;0;0	1
611181	1	0	4190001;4100032;3000019	50;1;2	4190001;4100032;3000019	50;1;2	12;1;60	0;0;0	1
611182	1	0	4190001;4100032;3000019	50;1;2	4190001;4100032;3000019	50;1;2	12;1;60	0;0;0	1
611183	1	0	4190001;4100032;3000019	50;1;2	4190001;4100032;3000019	50;1;2	12;1;60	0;0;0	1
611184	1	0	4190001;4100032;3000019	50;1;2	4190001;4100032;3000019	50;1;2	12;1;60	0;0;0	1
611185	1	0	4190001;4100032;3000019	300;1;2	4190001;4100032;3000019	300;1;2	12;1;60	0;0;0	1
611186	1	0	4190001;4100032;3000019	50;1;2	4190001;4100032;3000019	50;1;2	12;1;60	0;0;0	1
611187	1	0	4190001;4100032;3000019	50;1;2	4190001;4100032;3000019	50;1;2	12;1;60	0;0;0	1
611188	1	0	4190001;4100032;3000019	50;1;2	4190001;4100032;3000019	50;1;2	12;1;60	0;0;0	1
611189	1	0	4190001;4100032;3000019	50;1;2	4190001;4100032;3000019	50;1;2	12;1;60	0;0;0	1
611190	1	0	4190001;4100032;3000019	300;1;2	4190001;4100032;3000019	300;1;2	12;1;60	0;0;0	1
611191	1	0	4190001;4100032;3000019	50;1;2	4190001;4100032;3000019	50;1;2	12;1;60	0;0;0	1
611192	1	0	4190001;4100032;3000019	50;1;2	4190001;4100032;3000019	50;1;2	12;1;60	0;0;0	1
611193	1	0	4190001;4100032;3000019	50;1;2	4190001;4100032;3000019	50;1;2	12;1;60	0;0;0	1
611194	1	0	4190001;4100032;3000019	50;1;2	4190001;4100032;3000019	50;1;2	12;1;60	0;0;0	1
611195	1	0	4190001;4100032;3000019	300;1;2	4190001;4100032;3000019	300;1;2	12;1;60	0;0;0	1
611196	1	0	4190001;4100032;3000019	50;1;2	4190001;4100032;3000019	50;1;2	12;1;60	0;0;0	1
611197	1	0	4190001;4100032;3000019	50;1;2	4190001;4100032;3000019	50;1;2	12;1;60	0;0;0	1
611198	1	0	4190001;4100032;3000019	50;1;2	4190001;4100032;3000019	50;1;2	12;1;60	0;0;0	1
611199	1	0	4190001;4100032;3000019	50;1;2	4190001;4100032;3000019	50;1;2	12;1;60	0;0;0	1
611200	1	0	4190001;4100032;3000019	300;1;2	4190001;4100032;3000019	300;1;2	12;1;60	0;0;0	1
611201	1	0	4190001;4100032;3000019	50;1;2	4190001;4100032;3000019	50;1;2	12;1;60	0;0;0	1
611202	1	0	4190001;4100032;3000019	50;1;2	4190001;4100032;3000019	50;1;2	12;1;60	0;0;0	1
611203	1	0	4190001;4100032;3000019	50;1;2	4190001;4100032;3000019	50;1;2	12;1;60	0;0;0	1
611204	1	0	4190001;4100032;3000019	50;1;2	4190001;4100032;3000019	50;1;2	12;1;60	0;0;0	1
611205	1	0	4190001;4100032;3000019	300;1;2	4190001;4100032;3000019	300;1;2	12;1;60	0;0;0	1
611206	1	0	4190001;4100032;3000019	50;1;2	4190001;4100032;3000019	50;1;2	12;1;60	0;0;0	1
611207	1	0	4190001;4100032;3000019	50;1;2	4190001;4100032;3000019	50;1;2	12;1;60	0;0;0	1
611208	1	0	4190001;4100032;3000019	50;1;2	4190001;4100032;3000019	50;1;2	12;1;60	0;0;0	1
611209	1	0	4190001;4100032;3000019	50;1;2	4190001;4100032;3000019	50;1;2	12;1;60	0;0;0	1
611210	1	0	4190001;4100032;3000019	300;1;2	4190001;4100032;3000019	300;1;2	12;1;60	0;0;0	1
611211	1	0	4190001;4100032;3000019	50;1;2	4190001;4100032;3000019	50;1;2	12;1;60	0;0;0	1
611212	1	0	4190001;4100032;3000019	50;1;2	4190001;4100032;3000019	50;1;2	12;1;60	0;0;0	1
611213	1	0	4190001;4100032;3000019	50;1;2	4190001;4100032;3000019	50;1;2	12;1;60	0;0;0	1
611214	1	0	4190001;4100032;3000019	50;1;2	4190001;4100032;3000019	50;1;2	12;1;60	0;0;0	1
611215	1	0	4190001;4100032;3000019	300;1;2	4190001;4100032;3000019	300;1;2	12;1;60	0;0;0	1
611216	1	0	4190001;4100032;3000019	50;1;2	4190001;4100032;3000019	50;1;2	12;1;60	0;0;0	1
611217	1	0	4190001;4100032;3000019	50;1;2	4190001;4100032;3000019	50;1;2	12;1;60	0;0;0	1
611218	1	0	4190001;4100032;3000019	50;1;2	4190001;4100032;3000019	50;1;2	12;1;60	0;0;0	1
611219	1	0	4190001;4100032;3000019	50;1;2	4190001;4100032;3000019	50;1;2	12;1;60	0;0;0	1
611220	1	0	4190001;4100032;3000019	300;1;2	4190001;4100032;3000019	300;1;2	12;1;60	0;0;0	1
611221	1	0	4190001;4100032;3000019	50;1;2	4190001;4100032;3000019	50;1;2	12;1;60	0;0;0	1
611222	1	0	4190001;4100032;3000019	50;1;2	4190001;4100032;3000019	50;1;2	12;1;60	0;0;0	1
611223	1	0	4190001;4100032;3000019	50;1;2	4190001;4100032;3000019	50;1;2	12;1;60	0;0;0	1
611224	1	0	4190001;4100032;3000019	50;1;2	4190001;4100032;3000019	50;1;2	12;1;60	0;0;0	1
611225	1	0	4190001;4100032;3000019	300;1;2	4190001;4100032;3000019	300;1;2	12;1;60	0;0;0	1
611226	1	0	4190001;4100032;3000019	50;1;2	4190001;4100032;3000019	50;1;2	12;1;60	0;0;0	1
611227	1	0	4190001;4100032;3000019	50;1;2	4190001;4100032;3000019	50;1;2	12;1;60	0;0;0	1
611228	1	0	4190001;4100032;3000019	50;1;2	4190001;4100032;3000019	50;1;2	12;1;60	0;0;0	1
611229	1	0	4190001;4100032;3000019	50;1;2	4190001;4100032;3000019	50;1;2	12;1;60	0;0;0	1
611230	1	0	4190001;4100032;3000019	300;1;2	4190001;4100032;3000019	300;1;2	12;1;60	0;0;0	1
611231	1	0	4190001;4100032;3000019	50;1;2	4190001;4100032;3000019	50;1;2	12;1;60	0;0;0	1
611232	1	0	4190001;4100032;3000019	50;1;2	4190001;4100032;3000019	50;1;2	12;1;60	0;0;0	1
611233	1	0	4190001;4100032;3000019	50;1;2	4190001;4100032;3000019	50;1;2	12;1;60	0;0;0	1
611234	1	0	4190001;4100032;3000019	50;1;2	4190001;4100032;3000019	50;1;2	12;1;60	0;0;0	1
611235	1	0	4190001;4100032;3000019	300;1;2	4190001;4100032;3000019	300;1;2	12;1;60	0;0;0	1
611236	1	0	4190001;4100032;3000019	50;1;2	4190001;4100032;3000019	50;1;2	12;1;60	0;0;0	1
611237	1	0	4190001;4100032;3000019	50;1;2	4190001;4100032;3000019	50;1;2	12;1;60	0;0;0	1
611238	1	0	4190001;4100032;3000019	50;1;2	4190001;4100032;3000019	50;1;2	12;1;60	0;0;0	1
611239	1	0	4190001;4100032;3000019	50;1;2	4190001;4100032;3000019	50;1;2	12;1;60	0;0;0	1
611240	1	0	4190001;4100032;3000019	300;1;2	4190001;4100032;3000019	300;1;2	12;1;60	0;0;0	1
611241	1	0	4190001;4100032;3000019	50;1;2	4190001;4100032;3000019	50;1;2	12;1;60	0;0;0	1
611242	1	0	4190001;4100032;3000019	50;1;2	4190001;4100032;3000019	50;1;2	12;1;60	0;0;0	1
611243	1	0	4190001;4100032;3000019	50;1;2	4190001;4100032;3000019	50;1;2	12;1;60	0;0;0	1
611244	1	0	4190001;4100032;3000019	50;1;2	4190001;4100032;3000019	50;1;2	12;1;60	0;0;0	1
611245	1	0	4190001;4100032;3000019	300;1;2	4190001;4100032;3000019	300;1;2	12;1;60	0;0;0	1
611246	1	0	4190001;4100032;3000019	50;1;2	4190001;4100032;3000019	50;1;2	12;1;60	0;0;0	1
611247	1	0	4190001;4100032;3000019	50;1;2	4190001;4100032;3000019	50;1;2	12;1;60	0;0;0	1
611248	1	0	4190001;4100032;3000019	50;1;2	4190001;4100032;3000019	50;1;2	12;1;60	0;0;0	1
611249	1	0	4190001;4100032;3000019	50;1;2	4190001;4100032;3000019	50;1;2	12;1;60	0;0;0	1
611250	1	0	4190001;4100032;3000019	300;1;2	4190001;4100032;3000019	300;1;2	12;1;60	0;0;0	1
611251	1	0	4190001;4100032;3000019	50;1;2	4190001;4100032;3000019	50;1;2	12;1;60	0;0;0	1
611252	1	0	4190001;4100032;3000019	50;1;2	4190001;4100032;3000019	50;1;2	12;1;60	0;0;0	1
611253	1	0	4190001;4100032;3000019	50;1;2	4190001;4100032;3000019	50;1;2	12;1;60	0;0;0	1
611254	1	0	4190001;4100032;3000019	50;1;2	4190001;4100032;3000019	50;1;2	12;1;60	0;0;0	1
611255	1	0	4190001;4100032;3000019	300;1;2	4190001;4100032;3000019	300;1;2	12;1;60	0;0;0	1
611256	1	0	4190001;4100032;3000019	50;1;2	4190001;4100032;3000019	50;1;2	12;1;60	0;0;0	1
611257	1	0	4190001;4100032;3000019	50;1;2	4190001;4100032;3000019	50;1;2	12;1;60	0;0;0	1
611258	1	0	4190001;4100032;3000019	50;1;2	4190001;4100032;3000019	50;1;2	12;1;60	0;0;0	1
611259	1	0	4190001;4100032;3000019	50;1;2	4190001;4100032;3000019	50;1;2	12;1;60	0;0;0	1
611260	1	0	4190001;4100032;3000019	300;1;2	4190001;4100032;3000019	300;1;2	12;1;60	0;0;0	1
611261	1	0	4190001;4100032;3000019	50;1;2	4190001;4100032;3000019	50;1;2	12;1;60	0;0;0	1
611262	1	0	4190001;4100032;3000019	50;1;2	4190001;4100032;3000019	50;1;2	12;1;60	0;0;0	1
611263	1	0	4190001;4100032;3000019	50;1;2	4190001;4100032;3000019	50;1;2	12;1;60	0;0;0	1
611264	1	0	4190001;4100032;3000019	50;1;2	4190001;4100032;3000019	50;1;2	12;1;60	0;0;0	1
611265	1	0	4190001;4100032;3000019	300;1;2	4190001;4100032;3000019	300;1;2	12;1;60	0;0;0	1
611266	1	0	4190001;4100032;3000019	50;1;2	4190001;4100032;3000019	50;1;2	12;1;60	0;0;0	1
611267	1	0	4190001;4100032;3000019	50;1;2	4190001;4100032;3000019	50;1;2	12;1;60	0;0;0	1
611268	1	0	4190001;4100032;3000019	50;1;2	4190001;4100032;3000019	50;1;2	12;1;60	0;0;0	1
611269	1	0	4190001;4100032;3000019	50;1;2	4190001;4100032;3000019	50;1;2	12;1;60	0;0;0	1
611270	1	0	4190001;4100032;3000019	300;1;2	4190001;4100032;3000019	300;1;2	12;1;60	0;0;0	1
611271	1	0	4190001;4100032;3000019	50;1;2	4190001;4100032;3000019	50;1;2	12;1;60	0;0;0	1
611272	1	0	4190001;4100032;3000019	50;1;2	4190001;4100032;3000019	50;1;2	12;1;60	0;0;0	1
611273	1	0	4190001;4100032;3000019	50;1;2	4190001;4100032;3000019	50;1;2	12;1;60	0;0;0	1
611274	1	0	4190001;4100032;3000019	50;1;2	4190001;4100032;3000019	50;1;2	12;1;60	0;0;0	1
611275	1	0	4190001;4100032;3000019	300;1;2	4190001;4100032;3000019	300;1;2	12;1;60	0;0;0	1
611276	1	0	4190001;4100032;3000019	50;1;2	4190001;4100032;3000019	50;1;2	12;1;60	0;0;0	1
611277	1	0	4190001;4100032;3000019	50;1;2	4190001;4100032;3000019	50;1;2	12;1;60	0;0;0	1
611278	1	0	4190001;4100032;3000019	50;1;2	4190001;4100032;3000019	50;1;2	12;1;60	0;0;0	1
611279	1	0	4190001;4100032;3000019	50;1;2	4190001;4100032;3000019	50;1;2	12;1;60	0;0;0	1
611280	1	0	4190001;4100032;3000019	300;1;2	4190001;4100032;3000019	300;1;2	12;1;60	0;0;0	1
611281	1	0	4190001;4100032;3000019	50;1;2	4190001;4100032;3000019	50;1;2	12;1;60	0;0;0	1
611282	1	0	4190001;4100032;3000019	50;1;2	4190001;4100032;3000019	50;1;2	12;1;60	0;0;0	1
611283	1	0	4190001;4100032;3000019	50;1;2	4190001;4100032;3000019	50;1;2	12;1;60	0;0;0	1
611284	1	0	4190001;4100032;3000019	50;1;2	4190001;4100032;3000019	50;1;2	12;1;60	0;0;0	1
611285	1	0	4190001;4100032;3000019	300;1;2	4190001;4100032;3000019	300;1;2	12;1;60	0;0;0	1
611286	1	0	4190001;4100032;3000019	50;1;2	4190001;4100032;3000019	50;1;2	12;1;60	0;0;0	1
611287	1	0	4190001;4100032;3000019	50;1;2	4190001;4100032;3000019	50;1;2	12;1;60	0;0;0	1
611288	1	0	4190001;4100032;3000019	50;1;2	4190001;4100032;3000019	50;1;2	12;1;60	0;0;0	1
611289	1	0	4190001;4100032;3000019	50;1;2	4190001;4100032;3000019	50;1;2	12;1;60	0;0;0	1
611290	1	0	4190001;4100032;3000019	300;1;2	4190001;4100032;3000019	300;1;2	12;1;60	0;0;0	1
611291	1	0	4190001;4100032;3000019	50;1;2	4190001;4100032;3000019	50;1;2	12;1;60	0;0;0	1
611292	1	0	4190001;4100032;3000019	50;1;2	4190001;4100032;3000019	50;1;2	12;1;60	0;0;0	1
611293	1	0	4190001;4100032;3000019	50;1;2	4190001;4100032;3000019	50;1;2	12;1;60	0;0;0	1
611294	1	0	4190001;4100032;3000019	50;1;2	4190001;4100032;3000019	50;1;2	12;1;60	0;0;0	1
611295	1	0	4190001;4100032;3000019	300;1;2	4190001;4100032;3000019	300;1;2	12;1;60	0;0;0	1
611296	1	0	4190001;4100032;3000019	50;1;2	4190001;4100032;3000019	50;1;2	12;1;60	0;0;0	1
611297	1	0	4190001;4100032;3000019	50;1;2	4190001;4100032;3000019	50;1;2	12;1;60	0;0;0	1
611298	1	0	4190001;4100032;3000019	50;1;2	4190001;4100032;3000019	50;1;2	12;1;60	0;0;0	1
611299	1	0	4190001;4100032;3000019	50;1;2	4190001;4100032;3000019	50;1;2	12;1;60	0;0;0	1
611300	1	0	4190001;4100032;3000019	300;1;2	4190001;4100032;3000019	300;1;2	12;1;60	0;0;0	1
611301	1	0	4190001;4100032;3000019	50;1;2	4190001;4100032;3000019	50;1;2	12;1;60	0;0;0	1
611302	1	0	4190001;4100032;3000019	50;1;2	4190001;4100032;3000019	50;1;2	12;1;60	0;0;0	1
611303	1	0	4190001;4100032;3000019	50;1;2	4190001;4100032;3000019	50;1;2	12;1;60	0;0;0	1
611304	1	0	4190001;4100032;3000019	50;1;2	4190001;4100032;3000019	50;1;2	12;1;60	0;0;0	1
611305	1	0	4190001;4100032;3000019	300;1;2	4190001;4100032;3000019	300;1;2	12;1;60	0;0;0	1
611306	1	0	4190001;4100032;3000019	50;1;2	4190001;4100032;3000019	50;1;2	12;1;60	0;0;0	1
611307	1	0	4190001;4100032;3000019	50;1;2	4190001;4100032;3000019	50;1;2	12;1;60	0;0;0	1
611308	1	0	4190001;4100032;3000019	50;1;2	4190001;4100032;3000019	50;1;2	12;1;60	0;0;0	1
611309	1	0	4190001;4100032;3000019	50;1;2	4190001;4100032;3000019	50;1;2	12;1;60	0;0;0	1
611310	1	0	4190001;4100032;3000019	300;1;2	4190001;4100032;3000019	300;1;2	12;1;60	0;0;0	1
611311	1	0	4190001;4100032;3000019	50;1;2	4190001;4100032;3000019	50;1;2	12;1;60	0;0;0	1
611312	1	0	4190001;4100032;3000019	50;1;2	4190001;4100032;3000019	50;1;2	12;1;60	0;0;0	1
611313	1	0	4190001;4100032;3000019	50;1;2	4190001;4100032;3000019	50;1;2	12;1;60	0;0;0	1
611314	1	0	4190001;4100032;3000019	50;1;2	4190001;4100032;3000019	50;1;2	12;1;60	0;0;0	1
611315	1	0	4190001;4100032;3000019	300;1;2	4190001;4100032;3000019	300;1;2	12;1;60	0;0;0	1
611316	1	0	4190001;4100032;3000019	50;1;2	4190001;4100032;3000019	50;1;2	12;1;60	0;0;0	1
611317	1	0	4190001;4100032;3000019	50;1;2	4190001;4100032;3000019	50;1;2	12;1;60	0;0;0	1
611318	1	0	4190001;4100032;3000019	50;1;2	4190001;4100032;3000019	50;1;2	12;1;60	0;0;0	1
611319	1	0	4190001;4100032;3000019	50;1;2	4190001;4100032;3000019	50;1;2	12;1;60	0;0;0	1
611320	1	0	4190001;4100032;3000019	300;1;2	4190001;4100032;3000019	300;1;2	12;1;60	0;0;0	1
611321	1	0	4190001;4100032;3000019	50;1;2	4190001;4100032;3000019	50;1;2	12;1;60	0;0;0	1
611322	1	0	4190001;4100032;3000019	50;1;2	4190001;4100032;3000019	50;1;2	12;1;60	0;0;0	1
611323	1	0	4190001;4100032;3000019	50;1;2	4190001;4100032;3000019	50;1;2	12;1;60	0;0;0	1
611324	1	0	4190001;4100032;3000019	50;1;2	4190001;4100032;3000019	50;1;2	12;1;60	0;0;0	1
611325	1	0	4190001;4100032;3000019	300;1;2	4190001;4100032;3000019	300;1;2	12;1;60	0;0;0	1
611326	1	0	4190001;4100032;3000019	50;1;2	4190001;4100032;3000019	50;1;2	12;1;60	0;0;0	1
611327	1	0	4190001;4100032;3000019	50;1;2	4190001;4100032;3000019	50;1;2	12;1;60	0;0;0	1
611328	1	0	4190001;4100032;3000019	50;1;2	4190001;4100032;3000019	50;1;2	12;1;60	0;0;0	1
611329	1	0	4190001;4100032;3000019	50;1;2	4190001;4100032;3000019	50;1;2	12;1;60	0;0;0	1
611330	1	0	4190001;4100032;3000019	300;1;2	4190001;4100032;3000019	300;1;2	12;1;60	0;0;0	1
611331	1	0	4190001;4100032;3000019	50;1;2	4190001;4100032;3000019	50;1;2	12;1;60	0;0;0	1
611332	1	0	4190001;4100032;3000019	50;1;2	4190001;4100032;3000019	50;1;2	12;1;60	0;0;0	1
611333	1	0	4190001;4100032;3000019	50;1;2	4190001;4100032;3000019	50;1;2	12;1;60	0;0;0	1
611334	1	0	4190001;4100032;3000019	50;1;2	4190001;4100032;3000019	50;1;2	12;1;60	0;0;0	1
611335	1	0	4190001;4100032;3000019	300;1;2	4190001;4100032;3000019	300;1;2	12;1;60	0;0;0	1
611336	1	0	4190001;4100032;3000019	50;1;2	4190001;4100032;3000019	50;1;2	12;1;60	0;0;0	1
611337	1	0	4190001;4100032;3000019	50;1;2	4190001;4100032;3000019	50;1;2	12;1;60	0;0;0	1
611338	1	0	4190001;4100032;3000019	50;1;2	4190001;4100032;3000019	50;1;2	12;1;60	0;0;0	1
611339	1	0	4190001;4100032;3000019	50;1;2	4190001;4100032;3000019	50;1;2	12;1;60	0;0;0	1
611340	1	0	4190001;4100032;3000019	300;1;2	4190001;4100032;3000019	300;1;2	12;1;60	0;0;0	1
611341	1	0	4190001;4100032;3000019	50;1;2	4190001;4100032;3000019	50;1;2	12;1;60	0;0;0	1
611342	1	0	4190001;4100032;3000019	50;1;2	4190001;4100032;3000019	50;1;2	12;1;60	0;0;0	1
611343	1	0	4190001;4100032;3000019	50;1;2	4190001;4100032;3000019	50;1;2	12;1;60	0;0;0	1
611344	1	0	4190001;4100032;3000019	50;1;2	4190001;4100032;3000019	50;1;2	12;1;60	0;0;0	1
611345	1	0	4190001;4100032;3000019	300;1;2	4190001;4100032;3000019	300;1;2	12;1;60	0;0;0	1
611346	1	0	4190001;4100032;3000019	50;1;2	4190001;4100032;3000019	50;1;2	12;1;60	0;0;0	1
611347	1	0	4190001;4100032;3000019	50;1;2	4190001;4100032;3000019	50;1;2	12;1;60	0;0;0	1
611348	1	0	4190001;4100032;3000019	50;1;2	4190001;4100032;3000019	50;1;2	12;1;60	0;0;0	1
611349	1	0	4190001;4100032;3000019	50;1;2	4190001;4100032;3000019	50;1;2	12;1;60	0;0;0	1
611350	1	0	4190001;4100032;3000019	300;1;2	4190001;4100032;3000019	300;1;2	12;1;60	0;0;0	1
611351	1	0	4190001;4100032;3000019	50;1;2	4190001;4100032;3000019	50;1;2	12;1;60	0;0;0	1
611352	1	0	4190001;4100032;3000019	50;1;2	4190001;4100032;3000019	50;1;2	12;1;60	0;0;0	1
611353	1	0	4190001;4100032;3000019	50;1;2	4190001;4100032;3000019	50;1;2	12;1;60	0;0;0	1
611354	1	0	4190001;4100032;3000019	50;1;2	4190001;4100032;3000019	50;1;2	12;1;60	0;0;0	1
611355	1	0	4190001;4100032;3000019	300;1;2	4190001;4100032;3000019	300;1;2	12;1;60	0;0;0	1
611356	1	0	4190001;4100032;3000019	50;1;2	4190001;4100032;3000019	50;1;2	12;1;60	0;0;0	1
611357	1	0	4190001;4100032;3000019	50;1;2	4190001;4100032;3000019	50;1;2	12;1;60	0;0;0	1
611358	1	0	4190001;4100032;3000019	50;1;2	4190001;4100032;3000019	50;1;2	12;1;60	0;0;0	1
611359	1	0	4190001;4100032;3000019	50;1;2	4190001;4100032;3000019	50;1;2	12;1;60	0;0;0	1
611360	1	0	4190001;4100032;3000019	300;1;2	4190001;4100032;3000019	300;1;2	12;1;60	0;0;0	1
611361	1	0	4190001;4100032;3000019	50;1;2	4190001;4100032;3000019	50;1;2	12;1;60	0;0;0	1
611362	1	0	4190001;4100032;3000019	50;1;2	4190001;4100032;3000019	50;1;2	12;1;60	0;0;0	1
611363	1	0	4190001;4100032;3000019	50;1;2	4190001;4100032;3000019	50;1;2	12;1;60	0;0;0	1
611364	1	0	4190001;4100032;3000019	50;1;2	4190001;4100032;3000019	50;1;2	12;1;60	0;0;0	1
611365	1	0	4190001;4100032;3000019	300;1;2	4190001;4100032;3000019	300;1;2	12;1;60	0;0;0	1
611366	1	0	4190001;4100032;3000019	50;1;2	4190001;4100032;3000019	50;1;2	12;1;60	0;0;0	1
611367	1	0	4190001;4100032;3000019	50;1;2	4190001;4100032;3000019	50;1;2	12;1;60	0;0;0	1
611368	1	0	4190001;4100032;3000019	50;1;2	4190001;4100032;3000019	50;1;2	12;1;60	0;0;0	1
611369	1	0	4190001;4100032;3000019	50;1;2	4190001;4100032;3000019	50;1;2	12;1;60	0;0;0	1
611370	1	0	4190001;4100032;3000019	300;1;2	4190001;4100032;3000019	300;1;2	12;1;60	0;0;0	1
611371	1	0	4190001;4100032;3000019	50;1;2	4190001;4100032;3000019	50;1;2	12;1;60	0;0;0	1
611372	1	0	4190001;4100032;3000019	50;1;2	4190001;4100032;3000019	50;1;2	12;1;60	0;0;0	1
611373	1	0	4190001;4100032;3000019	50;1;2	4190001;4100032;3000019	50;1;2	12;1;60	0;0;0	1
611374	1	0	4190001;4100032;3000019	50;1;2	4190001;4100032;3000019	50;1;2	12;1;60	0;0;0	1
611375	1	0	4190001;4100032;3000019	300;1;2	4190001;4100032;3000019	300;1;2	12;1;60	0;0;0	1
611376	1	0	4190001;4100032;3000019	50;1;2	4190001;4100032;3000019	50;1;2	12;1;60	0;0;0	1
611377	1	0	4190001;4100032;3000019	50;1;2	4190001;4100032;3000019	50;1;2	12;1;60	0;0;0	1
611378	1	0	4190001;4100032;3000019	50;1;2	4190001;4100032;3000019	50;1;2	12;1;60	0;0;0	1
611379	1	0	4190001;4100032;3000019	50;1;2	4190001;4100032;3000019	50;1;2	12;1;60	0;0;0	1
611380	1	0	4190001;4100032;3000019	300;1;2	4190001;4100032;3000019	300;1;2	12;1;60	0;0;0	1
611381	1	0	4190001;4100032;3000019	50;1;2	4190001;4100032;3000019	50;1;2	12;1;60	0;0;0	1
611382	1	0	4190001;4100032;3000019	50;1;2	4190001;4100032;3000019	50;1;2	12;1;60	0;0;0	1
611383	1	0	4190001;4100032;3000019	50;1;2	4190001;4100032;3000019	50;1;2	12;1;60	0;0;0	1
611384	1	0	4190001;4100032;3000019	50;1;2	4190001;4100032;3000019	50;1;2	12;1;60	0;0;0	1
611385	1	0	4190001;4100032;3000019	300;1;2	4190001;4100032;3000019	300;1;2	12;1;60	0;0;0	1
611386	1	0	4190001;4100032;3000019	50;1;2	4190001;4100032;3000019	50;1;2	12;1;60	0;0;0	1
611387	1	0	4190001;4100032;3000019	50;1;2	4190001;4100032;3000019	50;1;2	12;1;60	0;0;0	1
611388	1	0	4190001;4100032;3000019	50;1;2	4190001;4100032;3000019	50;1;2	12;1;60	0;0;0	1
611389	1	0	4190001;4100032;3000019	50;1;2	4190001;4100032;3000019	50;1;2	12;1;60	0;0;0	1
611390	1	0	4190001;4100032;3000019	300;1;2	4190001;4100032;3000019	300;1;2	12;1;60	0;0;0	1
611391	1	0	4190001;4100032;3000019	50;1;2	4190001;4100032;3000019	50;1;2	12;1;60	0;0;0	1
611392	1	0	4190001;4100032;3000019	50;1;2	4190001;4100032;3000019	50;1;2	12;1;60	0;0;0	1
611393	1	0	4190001;4100032;3000019	50;1;2	4190001;4100032;3000019	50;1;2	12;1;60	0;0;0	1
611394	1	0	4190001;4100032;3000019	50;1;2	4190001;4100032;3000019	50;1;2	12;1;60	0;0;0	1
611395	1	0	4190001;4100032;3000019	300;1;2	4190001;4100032;3000019	300;1;2	12;1;60	0;0;0	1
611396	1	0	4190001;4100032;3000019	50;1;2	4190001;4100032;3000019	50;1;2	12;1;60	0;0;0	1
611397	1	0	4190001;4100032;3000019	50;1;2	4190001;4100032;3000019	50;1;2	12;1;60	0;0;0	1
611398	1	0	4190001;4100032;3000019	50;1;2	4190001;4100032;3000019	50;1;2	12;1;60	0;0;0	1
611399	1	0	4190001;4100032;3000019	50;1;2	4190001;4100032;3000019	50;1;2	12;1;60	0;0;0	1
611400	1	0	4190001;4100032;3000019	300;1;2	4190001;4100032;3000019	300;1;2	12;1;60	0;0;0	1
611401	1	0	4190001;4100032;3000019	50;1;2	4190001;4100032;3000019	50;1;2	12;1;60	0;0;0	1
611402	1	0	4190001;4100032;3000019	50;1;2	4190001;4100032;3000019	50;1;2	12;1;60	0;0;0	1
611403	1	0	4190001;4100032;3000019	50;1;2	4190001;4100032;3000019	50;1;2	12;1;60	0;0;0	1
611404	1	0	4190001;4100032;3000019	50;1;2	4190001;4100032;3000019	50;1;2	12;1;60	0;0;0	1
611405	1	0	4190001;4100032;3000019	300;1;2	4190001;4100032;3000019	300;1;2	12;1;60	0;0;0	1
611406	1	0	4190001;4100032;3000019	50;1;2	4190001;4100032;3000019	50;1;2	12;1;60	0;0;0	1
611407	1	0	4190001;4100032;3000019	50;1;2	4190001;4100032;3000019	50;1;2	12;1;60	0;0;0	1
611408	1	0	4190001;4100032;3000019	50;1;2	4190001;4100032;3000019	50;1;2	12;1;60	0;0;0	1
611409	1	0	4190001;4100032;3000019	50;1;2	4190001;4100032;3000019	50;1;2	12;1;60	0;0;0	1
611410	1	0	4190001;4100032;3000019	300;1;2	4190001;4100032;3000019	300;1;2	12;1;60	0;0;0	1
611411	1	0	4190001;4100032;3000019	50;1;2	4190001;4100032;3000019	50;1;2	12;1;60	0;0;0	1
611412	1	0	4190001;4100032;3000019	50;1;2	4190001;4100032;3000019	50;1;2	12;1;60	0;0;0	1
611413	1	0	4190001;4100032;3000019	50;1;2	4190001;4100032;3000019	50;1;2	12;1;60	0;0;0	1
611414	1	0	4190001;4100032;3000019	50;1;2	4190001;4100032;3000019	50;1;2	12;1;60	0;0;0	1
611415	1	0	4190001;4100032;3000019	300;1;2	4190001;4100032;3000019	300;1;2	12;1;60	0;0;0	1
611416	1	0	4190001;4100032;3000019	50;1;2	4190001;4100032;3000019	50;1;2	12;1;60	0;0;0	1
611417	1	0	4190001;4100032;3000019	50;1;2	4190001;4100032;3000019	50;1;2	12;1;60	0;0;0	1
611418	1	0	4190001;4100032;3000019	50;1;2	4190001;4100032;3000019	50;1;2	12;1;60	0;0;0	1
611419	1	0	4190001;4100032;3000019	50;1;2	4190001;4100032;3000019	50;1;2	12;1;60	0;0;0	1
611420	1	0	4190001;4100032;3000019	300;1;2	4190001;4100032;3000019	300;1;2	12;1;60	0;0;0	1
611421	1	0	4190001;4100032;3000019	50;1;2	4190001;4100032;3000019	50;1;2	12;1;60	0;0;0	1
611422	1	0	4190001;4100032;3000019	50;1;2	4190001;4100032;3000019	50;1;2	12;1;60	0;0;0	1
611423	1	0	4190001;4100032;3000019	50;1;2	4190001;4100032;3000019	50;1;2	12;1;60	0;0;0	1
611424	1	0	4190001;4100032;3000019	50;1;2	4190001;4100032;3000019	50;1;2	12;1;60	0;0;0	1
611425	1	0	4190001;4100032;3000019	300;1;2	4190001;4100032;3000019	300;1;2	12;1;60	0;0;0	1
611426	1	0	4190001;4100032;3000019	50;1;2	4190001;4100032;3000019	50;1;2	12;1;60	0;0;0	1
611427	1	0	4190001;4100032;3000019	50;1;2	4190001;4100032;3000019	50;1;2	12;1;60	0;0;0	1
611428	1	0	4190001;4100032;3000019	50;1;2	4190001;4100032;3000019	50;1;2	12;1;60	0;0;0	1
611429	1	0	4190001;4100032;3000019	50;1;2	4190001;4100032;3000019	50;1;2	12;1;60	0;0;0	1
611430	1	0	4190001;4100032;3000019	300;1;2	4190001;4100032;3000019	300;1;2	12;1;60	0;0;0	1
611431	1	0	4190001;4100032;3000019	50;1;2	4190001;4100032;3000019	50;1;2	12;1;60	0;0;0	1
611432	1	0	4190001;4100032;3000019	50;1;2	4190001;4100032;3000019	50;1;2	12;1;60	0;0;0	1
611433	1	0	4190001;4100032;3000019	50;1;2	4190001;4100032;3000019	50;1;2	12;1;60	0;0;0	1
611434	1	0	4190001;4100032;3000019	50;1;2	4190001;4100032;3000019	50;1;2	12;1;60	0;0;0	1
611435	1	0	4190001;4100032;3000019	300;1;2	4190001;4100032;3000019	300;1;2	12;1;60	0;0;0	1
611436	1	0	4190001;4100032;3000019	50;1;2	4190001;4100032;3000019	50;1;2	12;1;60	0;0;0	1
611437	1	0	4190001;4100032;3000019	50;1;2	4190001;4100032;3000019	50;1;2	12;1;60	0;0;0	1
611438	1	0	4190001;4100032;3000019	50;1;2	4190001;4100032;3000019	50;1;2	12;1;60	0;0;0	1
611439	1	0	4190001;4100032;3000019	50;1;2	4190001;4100032;3000019	50;1;2	12;1;60	0;0;0	1
611440	1	0	4190001;4100032;3000019	300;1;2	4190001;4100032;3000019	300;1;2	12;1;60	0;0;0	1
611441	1	0	4190001;4100032;3000019	50;1;2	4190001;4100032;3000019	50;1;2	12;1;60	0;0;0	1
611442	1	0	4190001;4100032;3000019	50;1;2	4190001;4100032;3000019	50;1;2	12;1;60	0;0;0	1
611443	1	0	4190001;4100032;3000019	50;1;2	4190001;4100032;3000019	50;1;2	12;1;60	0;0;0	1
611444	1	0	4190001;4100032;3000019	50;1;2	4190001;4100032;3000019	50;1;2	12;1;60	0;0;0	1
611445	1	0	4190001;4100032;3000019	300;1;2	4190001;4100032;3000019	300;1;2	12;1;60	0;0;0	1
611446	1	0	4190001;4100032;3000019	50;1;2	4190001;4100032;3000019	50;1;2	12;1;60	0;0;0	1
611447	1	0	4190001;4100032;3000019	50;1;2	4190001;4100032;3000019	50;1;2	12;1;60	0;0;0	1
611448	1	0	4190001;4100032;3000019	50;1;2	4190001;4100032;3000019	50;1;2	12;1;60	0;0;0	1
611449	1	0	4190001;4100032;3000019	50;1;2	4190001;4100032;3000019	50;1;2	12;1;60	0;0;0	1
611450	1	0	4190001;4100032;3000019	300;1;2	4190001;4100032;3000019	300;1;2	12;1;60	0;0;0	1
611451	1	0	4190001;4100032;3000019	50;1;2	4190001;4100032;3000019	50;1;2	12;1;60	0;0;0	1
611452	1	0	4190001;4100032;3000019	50;1;2	4190001;4100032;3000019	50;1;2	12;1;60	0;0;0	1
611453	1	0	4190001;4100032;3000019	50;1;2	4190001;4100032;3000019	50;1;2	12;1;60	0;0;0	1
611454	1	0	4190001;4100032;3000019	50;1;2	4190001;4100032;3000019	50;1;2	12;1;60	0;0;0	1
611455	1	0	4190001;4100032;3000019	300;1;2	4190001;4100032;3000019	300;1;2	12;1;60	0;0;0	1
611456	1	0	4190001;4100032;3000019	50;1;2	4190001;4100032;3000019	50;1;2	12;1;60	0;0;0	1
611457	1	0	4190001;4100032;3000019	50;1;2	4190001;4100032;3000019	50;1;2	12;1;60	0;0;0	1
611458	1	0	4190001;4100032;3000019	50;1;2	4190001;4100032;3000019	50;1;2	12;1;60	0;0;0	1
611459	1	0	4190001;4100032;3000019	50;1;2	4190001;4100032;3000019	50;1;2	12;1;60	0;0;0	1
611460	1	0	4190001;4100032;3000019	300;1;2	4190001;4100032;3000019	300;1;2	12;1;60	0;0;0	1
611461	1	0	4190001;4100032;3000019	50;1;2	4190001;4100032;3000019	50;1;2	12;1;60	0;0;0	1
611462	1	0	4190001;4100032;3000019	50;1;2	4190001;4100032;3000019	50;1;2	12;1;60	0;0;0	1
611463	1	0	4190001;4100032;3000019	50;1;2	4190001;4100032;3000019	50;1;2	12;1;60	0;0;0	1
611464	1	0	4190001;4100032;3000019	50;1;2	4190001;4100032;3000019	50;1;2	12;1;60	0;0;0	1
611465	1	0	4190001;4100032;3000019	300;1;2	4190001;4100032;3000019	300;1;2	12;1;60	0;0;0	1
611466	1	0	4190001;4100032;3000019	50;1;2	4190001;4100032;3000019	50;1;2	12;1;60	0;0;0	1
611467	1	0	4190001;4100032;3000019	50;1;2	4190001;4100032;3000019	50;1;2	12;1;60	0;0;0	1
611468	1	0	4190001;4100032;3000019	50;1;2	4190001;4100032;3000019	50;1;2	12;1;60	0;0;0	1
611469	1	0	4190001;4100032;3000019	50;1;2	4190001;4100032;3000019	50;1;2	12;1;60	0;0;0	1
611470	1	0	4190001;4100032;3000019	300;1;2	4190001;4100032;3000019	300;1;2	12;1;60	0;0;0	1
611471	1	0	4190001;4100032;3000019	50;1;2	4190001;4100032;3000019	50;1;2	12;1;60	0;0;0	1
611472	1	0	4190001;4100032;3000019	50;1;2	4190001;4100032;3000019	50;1;2	12;1;60	0;0;0	1
611473	1	0	4190001;4100032;3000019	50;1;2	4190001;4100032;3000019	50;1;2	12;1;60	0;0;0	1
611474	1	0	4190001;4100032;3000019	50;1;2	4190001;4100032;3000019	50;1;2	12;1;60	0;0;0	1
611475	1	0	4190001;4100032;3000019	300;1;2	4190001;4100032;3000019	300;1;2	12;1;60	0;0;0	1
611476	1	0	4190001;4100032;3000019	50;1;2	4190001;4100032;3000019	50;1;2	12;1;60	0;0;0	1
611477	1	0	4190001;4100032;3000019	50;1;2	4190001;4100032;3000019	50;1;2	12;1;60	0;0;0	1
611478	1	0	4190001;4100032;3000019	50;1;2	4190001;4100032;3000019	50;1;2	12;1;60	0;0;0	1
611479	1	0	4190001;4100032;3000019	50;1;2	4190001;4100032;3000019	50;1;2	12;1;60	0;0;0	1
611480	1	0	4190001;4100032;3000019	300;1;2	4190001;4100032;3000019	300;1;2	12;1;60	0;0;0	1
611481	1	0	4190001;4100032;3000019	50;1;2	4190001;4100032;3000019	50;1;2	12;1;60	0;0;0	1
611482	1	0	4190001;4100032;3000019	50;1;2	4190001;4100032;3000019	50;1;2	12;1;60	0;0;0	1
611483	1	0	4190001;4100032;3000019	50;1;2	4190001;4100032;3000019	50;1;2	12;1;60	0;0;0	1
611484	1	0	4190001;4100032;3000019	50;1;2	4190001;4100032;3000019	50;1;2	12;1;60	0;0;0	1
611485	1	0	4190001;4100032;3000019	300;1;2	4190001;4100032;3000019	300;1;2	12;1;60	0;0;0	1
611486	1	0	4190001;4100032;3000019	50;1;2	4190001;4100032;3000019	50;1;2	12;1;60	0;0;0	1
611487	1	0	4190001;4100032;3000019	50;1;2	4190001;4100032;3000019	50;1;2	12;1;60	0;0;0	1
611488	1	0	4190001;4100032;3000019	50;1;2	4190001;4100032;3000019	50;1;2	12;1;60	0;0;0	1
611489	1	0	4190001;4100032;3000019	50;1;2	4190001;4100032;3000019	50;1;2	12;1;60	0;0;0	1
611490	1	0	4190001;4100032;3000019	300;1;2	4190001;4100032;3000019	300;1;2	12;1;60	0;0;0	1
611491	1	0	4190001;4100032;3000019	50;1;2	4190001;4100032;3000019	50;1;2	12;1;60	0;0;0	1
611492	1	0	4190001;4100032;3000019	50;1;2	4190001;4100032;3000019	50;1;2	12;1;60	0;0;0	1
611493	1	0	4190001;4100032;3000019	50;1;2	4190001;4100032;3000019	50;1;2	12;1;60	0;0;0	1
611494	1	0	4190001;4100032;3000019	50;1;2	4190001;4100032;3000019	50;1;2	12;1;60	0;0;0	1
611495	1	0	4190001;4100032;3000019	300;1;2	4190001;4100032;3000019	300;1;2	12;1;60	0;0;0	1
611496	1	0	4190001;4100032;3000019	50;1;2	4190001;4100032;3000019	50;1;2	12;1;60	0;0;0	1
611497	1	0	4190001;4100032;3000019	50;1;2	4190001;4100032;3000019	50;1;2	12;1;60	0;0;0	1
611498	1	0	4190001;4100032;3000019	50;1;2	4190001;4100032;3000019	50;1;2	12;1;60	0;0;0	1
611499	1	0	4190001;4100032;3000019	50;1;2	4190001;4100032;3000019	50;1;2	12;1;60	0;0;0	1
611500	1	0	4190001;4100032;3000019	300;1;2	4190001;4100032;3000019	300;1;2	12;1;60	0;0;0	1
620101	2	0	4190001	100	4190001	100			1
620102	2	0	4190001	100	4190001	100			1
620103	2	0	4190001	100	4190001	100			1
620104	2	0	4190001	100	4190001	100			1
620105	2	0	4190001	500	4190001	500			1
620106	2	0	4190001	100	4190001	100			1
620107	2	0	4190001	100	4190001	100			1
620108	2	0	4190001	100	4190001	100			1
620109	2	0	4190001	100	4190001	100			1
620110	2	0	4190001	500	4190001	500			1
620111	2	0	4190001	100	4190001	100			1
620112	2	0	4190001	100	4190001	100			1
620113	2	0	4190001	100	4190001	100			1
620114	2	0	4190001	100	4190001	100			1
620115	2	0	4190001	500	4190001	500			1
620116	2	0	4190001	100	4190001	100			1
620117	2	0	4190001	100	4190001	100			1
620118	2	0	4190001	100	4190001	100			1
620119	2	0	4190001	100	4190001	100			1
620120	2	0	4190001	500	4190001	500			1
620121	2	0	4190001	100	4190001	100			1
620122	2	0	4190001	100	4190001	100			1
620123	2	0	4190001	100	4190001	100			1
620124	2	0	4190001	100	4190001	100			1
620125	2	0	4190001	500	4190001	500			1
620126	2	0	4190001	100	4190001	100			1
620127	2	0	4190001	100	4190001	100			1
620128	2	0	4190001	100	4190001	100			1
620129	2	0	4190001	100	4190001	100			1
620130	2	0	4190001	500	4190001	500			1
620131	2	0	4190001	100	4190001	100			1
620132	2	0	4190001	100	4190001	100			1
620133	2	0	4190001	100	4190001	100			1
620134	2	0	4190001	100	4190001	100			1
620135	2	0	4190001	500	4190001	500			1
620136	2	0	4190001	100	4190001	100			1
620137	2	0	4190001	100	4190001	100			1
620138	2	0	4190001	100	4190001	100			1
620139	2	0	4190001	100	4190001	100			1
620140	2	0	4190001	500	4190001	500			1
620141	2	0	4190001	100	4190001	100			1
620142	2	0	4190001	100	4190001	100			1
620143	2	0	4190001	100	4190001	100			1
620144	2	0	4190001	100	4190001	100			1
620145	2	0	4190001	500	4190001	500			1
620146	2	0	4190001	100	4190001	100			1
620147	2	0	4190001	100	4190001	100			1
620148	2	0	4190001	100	4190001	100			1
620149	2	0	4190001	100	4190001	100			1
620150	2	0	4190001	500	4190001	500			1
620151	2	0	4190001	100	4190001	100			1
620152	2	0	4190001	100	4190001	100			1
620153	2	0	4190001	100	4190001	100			1
620154	2	0	4190001	100	4190001	100			1
620155	2	0	4190001	500	4190001	500			1
620156	2	0	4190001	100	4190001	100			1
620157	2	0	4190001	100	4190001	100			1
620158	2	0	4190001	100	4190001	100			1
620159	2	0	4190001	100	4190001	100			1
620160	2	0	4190001	500	4190001	500			1
620161	2	0	4190001	100	4190001	100			1
620162	2	0	4190001	100	4190001	100			1
620163	2	0	4190001	100	4190001	100			1
620164	2	0	4190001	100	4190001	100			1
620165	2	0	4190001	500	4190001	500			1
620166	2	0	4190001	100	4190001	100			1
620167	2	0	4190001	100	4190001	100			1
620168	2	0	4190001	100	4190001	100			1
620169	2	0	4190001	100	4190001	100			1
620170	2	0	4190001	500	4190001	500			1
620171	2	0	4190001	100	4190001	100			1
620172	2	0	4190001	100	4190001	100			1
620173	2	0	4190001	100	4190001	100			1
620174	2	0	4190001	100	4190001	100			1
620175	2	0	4190001	500	4190001	500			1
620176	2	0	4190001	100	4190001	100			1
620177	2	0	4190001	100	4190001	100			1
620178	2	0	4190001	100	4190001	100			1
620179	2	0	4190001	100	4190001	100			1
620180	2	0	4190001	500	4190001	500			1
620181	2	0	4190001	100	4190001	100			1
620182	2	0	4190001	100	4190001	100			1
620183	2	0	4190001	100	4190001	100			1
620184	2	0	4190001	100	4190001	100			1
620185	2	0	4190001	500	4190001	500			1
620186	2	0	4190001	100	4190001	100			1
620187	2	0	4190001	100	4190001	100			1
620188	2	0	4190001	100	4190001	100			1
620189	2	0	4190001	100	4190001	100			1
620190	2	0	4190001	500	4190001	500			1
620191	2	0	4190001	100	4190001	100			1
620192	2	0	4190001	100	4190001	100			1
620193	2	0	4190001	100	4190001	100			1
620194	2	0	4190001	100	4190001	100			1
620195	2	0	4190001	500	4190001	500			1
620196	2	0	4190001	100	4190001	100			1
620197	2	0	4190001	100	4190001	100			1
620198	2	0	4190001	100	4190001	100			1
620199	2	0	4190001	100	4190001	100			1
620200	2	0	4190001	500	4190001	500			1
620201	2	0	4190001	100	4190001	100			1
620202	2	0	4190001	100	4190001	100			1
620203	2	0	4190001	100	4190001	100			1
620204	2	0	4190001	100	4190001	100			1
620205	2	0	4190001	500	4190001	500			1
620206	2	0	4190001	100	4190001	100			1
620207	2	0	4190001	100	4190001	100			1
620208	2	0	4190001	100	4190001	100			1
620209	2	0	4190001	100	4190001	100			1
620210	2	0	4190001	500	4190001	500			1
620211	2	0	4190001	100	4190001	100			1
620212	2	0	4190001	100	4190001	100			1
620213	2	0	4190001	100	4190001	100			1
620214	2	0	4190001	100	4190001	100			1
620215	2	0	4190001	500	4190001	500			1
620216	2	0	4190001	100	4190001	100			1
620217	2	0	4190001	100	4190001	100			1
620218	2	0	4190001	100	4190001	100			1
620219	2	0	4190001	100	4190001	100			1
620220	2	0	4190001	500	4190001	500			1
620221	2	0	4190001	100	4190001	100			1
620222	2	0	4190001	100	4190001	100			1
620223	2	0	4190001	100	4190001	100			1
620224	2	0	4190001	100	4190001	100			1
620225	2	0	4190001	500	4190001	500			1
620226	2	0	4190001	100	4190001	100			1
620227	2	0	4190001	100	4190001	100			1
620228	2	0	4190001	100	4190001	100			1
620229	2	0	4190001	100	4190001	100			1
620230	2	0	4190001	500	4190001	500			1
620231	2	0	4190001	100	4190001	100			1
620232	2	0	4190001	100	4190001	100			1
620233	2	0	4190001	100	4190001	100			1
620234	2	0	4190001	100	4190001	100			1
620235	2	0	4190001	500	4190001	500			1
620236	2	0	4190001	100	4190001	100			1
620237	2	0	4190001	100	4190001	100			1
620238	2	0	4190001	100	4190001	100			1
620239	2	0	4190001	100	4190001	100			1
620240	2	0	4190001	500	4190001	500			1
620241	2	0	4190001	100	4190001	100			1
620242	2	0	4190001	100	4190001	100			1
620243	2	0	4190001	100	4190001	100			1
620244	2	0	4190001	100	4190001	100			1
620245	2	0	4190001	500	4190001	500			1
620246	2	0	4190001	100	4190001	100			1
620247	2	0	4190001	100	4190001	100			1
620248	2	0	4190001	100	4190001	100			1
620249	2	0	4190001	100	4190001	100			1
620250	2	0	4190001	500	4190001	500			1
620251	2	0	4190001	100	4190001	100			1
620252	2	0	4190001	100	4190001	100			1
620253	2	0	4190001	100	4190001	100			1
620254	2	0	4190001	100	4190001	100			1
620255	2	0	4190001	500	4190001	500			1
620256	2	0	4190001	100	4190001	100			1
620257	2	0	4190001	100	4190001	100			1
620258	2	0	4190001	100	4190001	100			1
620259	2	0	4190001	100	4190001	100			1
620260	2	0	4190001	500	4190001	500			1
620261	2	0	4190001	100	4190001	100			1
620262	2	0	4190001	100	4190001	100			1
620263	2	0	4190001	100	4190001	100			1
620264	2	0	4190001	100	4190001	100			1
620265	2	0	4190001	500	4190001	500			1
620266	2	0	4190001	100	4190001	100			1
620267	2	0	4190001	100	4190001	100			1
620268	2	0	4190001	100	4190001	100			1
620269	2	0	4190001	100	4190001	100			1
620270	2	0	4190001	500	4190001	500			1
620271	2	0	4190001	100	4190001	100			1
620272	2	0	4190001	100	4190001	100			1
620273	2	0	4190001	100	4190001	100			1
620274	2	0	4190001	100	4190001	100			1
620275	2	0	4190001	500	4190001	500			1
620276	2	0	4190001	100	4190001	100			1
620277	2	0	4190001	100	4190001	100			1
620278	2	0	4190001	100	4190001	100			1
620279	2	0	4190001	100	4190001	100			1
620280	2	0	4190001	500	4190001	500			1
620281	2	0	4190001	100	4190001	100			1
620282	2	0	4190001	100	4190001	100			1
620283	2	0	4190001	100	4190001	100			1
620284	2	0	4190001	100	4190001	100			1
620285	2	0	4190001	500	4190001	500			1
620286	2	0	4190001	100	4190001	100			1
620287	2	0	4190001	100	4190001	100			1
620288	2	0	4190001	100	4190001	100			1
620289	2	0	4190001	100	4190001	100			1
620290	2	0	4190001	500	4190001	500			1
620291	2	0	4190001	100	4190001	100			1
620292	2	0	4190001	100	4190001	100			1
620293	2	0	4190001	100	4190001	100			1
620294	2	0	4190001	100	4190001	100			1
620295	2	0	4190001	500	4190001	500			1
620296	2	0	4190001	100	4190001	100			1
620297	2	0	4190001	100	4190001	100			1
620298	2	0	4190001	100	4190001	100			1
620299	2	0	4190001	100	4190001	100			1
620300	2	0	4190001	500	4190001	500			1
620301	2	0	4190001	100	4190001	100			1
620302	2	0	4190001	100	4190001	100			1
620303	2	0	4190001	100	4190001	100			1
620304	2	0	4190001	100	4190001	100			1
620305	2	0	4190001	500	4190001	500			1
620306	2	0	4190001	100	4190001	100			1
620307	2	0	4190001	100	4190001	100			1
620308	2	0	4190001	100	4190001	100			1
620309	2	0	4190001	100	4190001	100			1
620310	2	0	4190001	500	4190001	500			1
620311	2	0	4190001	100	4190001	100			1
620312	2	0	4190001	100	4190001	100			1
620313	2	0	4190001	100	4190001	100			1
620314	2	0	4190001	100	4190001	100			1
620315	2	0	4190001	500	4190001	500			1
620316	2	0	4190001	100	4190001	100			1
620317	2	0	4190001	100	4190001	100			1
620318	2	0	4190001	100	4190001	100			1
620319	2	0	4190001	100	4190001	100			1
620320	2	0	4190001	500	4190001	500			1
620321	2	0	4190001	100	4190001	100			1
620322	2	0	4190001	100	4190001	100			1
620323	2	0	4190001	100	4190001	100			1
620324	2	0	4190001	100	4190001	100			1
620325	2	0	4190001	500	4190001	500			1
620326	2	0	4190001	100	4190001	100			1
620327	2	0	4190001	100	4190001	100			1
620328	2	0	4190001	100	4190001	100			1
620329	2	0	4190001	100	4190001	100			1
620330	2	0	4190001	500	4190001	500			1
620331	2	0	4190001	100	4190001	100			1
620332	2	0	4190001	100	4190001	100			1
620333	2	0	4190001	100	4190001	100			1
620334	2	0	4190001	100	4190001	100			1
620335	2	0	4190001	500	4190001	500			1
620336	2	0	4190001	100	4190001	100			1
620337	2	0	4190001	100	4190001	100			1
620338	2	0	4190001	100	4190001	100			1
620339	2	0	4190001	100	4190001	100			1
620340	2	0	4190001	500	4190001	500			1
620341	2	0	4190001	100	4190001	100			1
620342	2	0	4190001	100	4190001	100			1
620343	2	0	4190001	100	4190001	100			1
620344	2	0	4190001	100	4190001	100			1
620345	2	0	4190001	500	4190001	500			1
620346	2	0	4190001	100	4190001	100			1
620347	2	0	4190001	100	4190001	100			1
620348	2	0	4190001	100	4190001	100			1
620349	2	0	4190001	100	4190001	100			1
620350	2	0	4190001	500	4190001	500			1
620351	2	0	4190001	100	4190001	100			1
620352	2	0	4190001	100	4190001	100			1
620353	2	0	4190001	100	4190001	100			1
620354	2	0	4190001	100	4190001	100			1
620355	2	0	4190001	500	4190001	500			1
620356	2	0	4190001	100	4190001	100			1
620357	2	0	4190001	100	4190001	100			1
620358	2	0	4190001	100	4190001	100			1
620359	2	0	4190001	100	4190001	100			1
620360	2	0	4190001	500	4190001	500			1
620361	2	0	4190001	100	4190001	100			1
620362	2	0	4190001	100	4190001	100			1
620363	2	0	4190001	100	4190001	100			1
620364	2	0	4190001	100	4190001	100			1
620365	2	0	4190001	500	4190001	500			1
620366	2	0	4190001	100	4190001	100			1
620367	2	0	4190001	100	4190001	100			1
620368	2	0	4190001	100	4190001	100			1
620369	2	0	4190001	100	4190001	100			1
620370	2	0	4190001	500	4190001	500			1
620371	2	0	4190001	100	4190001	100			1
620372	2	0	4190001	100	4190001	100			1
620373	2	0	4190001	100	4190001	100			1
620374	2	0	4190001	100	4190001	100			1
620375	2	0	4190001	500	4190001	500			1
620376	2	0	4190001	100	4190001	100			1
620377	2	0	4190001	100	4190001	100			1
620378	2	0	4190001	100	4190001	100			1
620379	2	0	4190001	100	4190001	100			1
620380	2	0	4190001	500	4190001	500			1
620381	2	0	4190001	100	4190001	100			1
620382	2	0	4190001	100	4190001	100			1
620383	2	0	4190001	100	4190001	100			1
620384	2	0	4190001	100	4190001	100			1
620385	2	0	4190001	500	4190001	500			1
620386	2	0	4190001	100	4190001	100			1
620387	2	0	4190001	100	4190001	100			1
620388	2	0	4190001	100	4190001	100			1
620389	2	0	4190001	100	4190001	100			1
620390	2	0	4190001	500	4190001	500			1
620391	2	0	4190001	100	4190001	100			1
620392	2	0	4190001	100	4190001	100			1
620393	2	0	4190001	100	4190001	100			1
620394	2	0	4190001	100	4190001	100			1
620395	2	0	4190001	500	4190001	500			1
620396	2	0	4190001	100	4190001	100			1
620397	2	0	4190001	100	4190001	100			1
620398	2	0	4190001	100	4190001	100			1
620399	2	0	4190001	100	4190001	100			1
620400	2	0	4190001	500	4190001	500			1
620401	2	0	4190001	100	4190001	100			1
620402	2	0	4190001	100	4190001	100			1
620403	2	0	4190001	100	4190001	100			1
620404	2	0	4190001	100	4190001	100			1
620405	2	0	4190001	500	4190001	500			1
620406	2	0	4190001	100	4190001	100			1
620407	2	0	4190001	100	4190001	100			1
620408	2	0	4190001	100	4190001	100			1
620409	2	0	4190001	100	4190001	100			1
620410	2	0	4190001	500	4190001	500			1
620411	2	0	4190001	100	4190001	100			1
620412	2	0	4190001	100	4190001	100			1
620413	2	0	4190001	100	4190001	100			1
620414	2	0	4190001	100	4190001	100			1
620415	2	0	4190001	500	4190001	500			1
620416	2	0	4190001	100	4190001	100			1
620417	2	0	4190001	100	4190001	100			1
620418	2	0	4190001	100	4190001	100			1
620419	2	0	4190001	100	4190001	100			1
620420	2	0	4190001	500	4190001	500			1
620421	2	0	4190001	100	4190001	100			1
620422	2	0	4190001	100	4190001	100			1
620423	2	0	4190001	100	4190001	100			1
620424	2	0	4190001	100	4190001	100			1
620425	2	0	4190001	500	4190001	500			1
620426	2	0	4190001	100	4190001	100			1
620427	2	0	4190001	100	4190001	100			1
620428	2	0	4190001	100	4190001	100			1
620429	2	0	4190001	100	4190001	100			1
620430	2	0	4190001	500	4190001	500			1
620431	2	0	4190001	100	4190001	100			1
620432	2	0	4190001	100	4190001	100			1
620433	2	0	4190001	100	4190001	100			1
620434	2	0	4190001	100	4190001	100			1
620435	2	0	4190001	500	4190001	500			1
620436	2	0	4190001	100	4190001	100			1
620437	2	0	4190001	100	4190001	100			1
620438	2	0	4190001	100	4190001	100			1
620439	2	0	4190001	100	4190001	100			1
620440	2	0	4190001	500	4190001	500			1
620441	2	0	4190001	100	4190001	100			1
620442	2	0	4190001	100	4190001	100			1
620443	2	0	4190001	100	4190001	100			1
620444	2	0	4190001	100	4190001	100			1
620445	2	0	4190001	500	4190001	500			1
620446	2	0	4190001	100	4190001	100			1
620447	2	0	4190001	100	4190001	100			1
620448	2	0	4190001	100	4190001	100			1
620449	2	0	4190001	100	4190001	100			1
620450	2	0	4190001	500	4190001	500			1
620451	2	0	4190001	100	4190001	100			1
620452	2	0	4190001	100	4190001	100			1
620453	2	0	4190001	100	4190001	100			1
620454	2	0	4190001	100	4190001	100			1
620455	2	0	4190001	500	4190001	500			1
620456	2	0	4190001	100	4190001	100			1
620457	2	0	4190001	100	4190001	100			1
620458	2	0	4190001	100	4190001	100			1
620459	2	0	4190001	100	4190001	100			1
620460	2	0	4190001	500	4190001	500			1
620461	2	0	4190001	100	4190001	100			1
620462	2	0	4190001	100	4190001	100			1
620463	2	0	4190001	100	4190001	100			1
620464	2	0	4190001	100	4190001	100			1
620465	2	0	4190001	500	4190001	500			1
620466	2	0	4190001	100	4190001	100			1
620467	2	0	4190001	100	4190001	100			1
620468	2	0	4190001	100	4190001	100			1
620469	2	0	4190001	100	4190001	100			1
620470	2	0	4190001	500	4190001	500			1
620471	2	0	4190001	100	4190001	100			1
620472	2	0	4190001	100	4190001	100			1
620473	2	0	4190001	100	4190001	100			1
620474	2	0	4190001	100	4190001	100			1
620475	2	0	4190001	500	4190001	500			1
620476	2	0	4190001	100	4190001	100			1
620477	2	0	4190001	100	4190001	100			1
620478	2	0	4190001	100	4190001	100			1
620479	2	0	4190001	100	4190001	100			1
620480	2	0	4190001	500	4190001	500			1
620481	2	0	4190001	100	4190001	100			1
620482	2	0	4190001	100	4190001	100			1
620483	2	0	4190001	100	4190001	100			1
620484	2	0	4190001	100	4190001	100			1
620485	2	0	4190001	500	4190001	500			1
620486	2	0	4190001	100	4190001	100			1
620487	2	0	4190001	100	4190001	100			1
620488	2	0	4190001	100	4190001	100			1
620489	2	0	4190001	100	4190001	100			1
620490	2	0	4190001	500	4190001	500			1
620491	2	0	4190001	100	4190001	100			1
620492	2	0	4190001	100	4190001	100			1
620493	2	0	4190001	100	4190001	100			1
620494	2	0	4190001	100	4190001	100			1
620495	2	0	4190001	500	4190001	500			1
620496	2	0	4190001	100	4190001	100			1
620497	2	0	4190001	100	4190001	100			1
620498	2	0	4190001	100	4190001	100			1
620499	2	0	4190001	100	4190001	100			1
620500	2	0	4190001	500	4190001	500			1
630101	3	0	4190001	100	4190001	100			1
630102	3	0	4190001	100	4190001	100			1
630103	3	0	4190001	100	4190001	100			1
630104	3	0	4190001	100	4190001	100			1
630105	3	0	4190001	500	4190001	500			1
630106	3	0	4190001	100	4190001	100			1
630107	3	0	4190001	100	4190001	100			1
630108	3	0	4190001	100	4190001	100			1
630109	3	0	4190001	100	4190001	100			1
630110	3	0	4190001	500	4190001	500			1
630111	3	0	4190001	100	4190001	100			1
630112	3	0	4190001	100	4190001	100			1
630113	3	0	4190001	100	4190001	100			1
630114	3	0	4190001	100	4190001	100			1
630115	3	0	4190001	500	4190001	500			1
630116	3	0	4190001	100	4190001	100			1
630117	3	0	4190001	100	4190001	100			1
630118	3	0	4190001	100	4190001	100			1
630119	3	0	4190001	100	4190001	100			1
630120	3	0	4190001	500	4190001	500			1
630121	3	0	4190001	100	4190001	100			1
630122	3	0	4190001	100	4190001	100			1
630123	3	0	4190001	100	4190001	100			1
630124	3	0	4190001	100	4190001	100			1
630125	3	0	4190001	500	4190001	500			1
630126	3	0	4190001	100	4190001	100			1
630127	3	0	4190001	100	4190001	100			1
630128	3	0	4190001	100	4190001	100			1
630129	3	0	4190001	100	4190001	100			1
630130	3	0	4190001	500	4190001	500			1
630131	3	0	4190001	100	4190001	100			1
630132	3	0	4190001	100	4190001	100			1
630133	3	0	4190001	100	4190001	100			1
630134	3	0	4190001	100	4190001	100			1
630135	3	0	4190001	500	4190001	500			1
630136	3	0	4190001	100	4190001	100			1
630137	3	0	4190001	100	4190001	100			1
630138	3	0	4190001	100	4190001	100			1
630139	3	0	4190001	100	4190001	100			1
630140	3	0	4190001	500	4190001	500			1
630141	3	0	4190001	100	4190001	100			1
630142	3	0	4190001	100	4190001	100			1
630143	3	0	4190001	100	4190001	100			1
630144	3	0	4190001	100	4190001	100			1
630145	3	0	4190001	500	4190001	500			1
630146	3	0	4190001	100	4190001	100			1
630147	3	0	4190001	100	4190001	100			1
630148	3	0	4190001	100	4190001	100			1
630149	3	0	4190001	100	4190001	100			1
630150	3	0	4190001	500	4190001	500			1
630151	3	0	4190001	100	4190001	100			1
630152	3	0	4190001	100	4190001	100			1
630153	3	0	4190001	100	4190001	100			1
630154	3	0	4190001	100	4190001	100			1
630155	3	0	4190001	500	4190001	500			1
630156	3	0	4190001	100	4190001	100			1
630157	3	0	4190001	100	4190001	100			1
630158	3	0	4190001	100	4190001	100			1
630159	3	0	4190001	100	4190001	100			1
630160	3	0	4190001	500	4190001	500			1
630161	3	0	4190001	100	4190001	100			1
630162	3	0	4190001	100	4190001	100			1
630163	3	0	4190001	100	4190001	100			1
630164	3	0	4190001	100	4190001	100			1
630165	3	0	4190001	500	4190001	500			1
630166	3	0	4190001	100	4190001	100			1
630167	3	0	4190001	100	4190001	100			1
630168	3	0	4190001	100	4190001	100			1
630169	3	0	4190001	100	4190001	100			1
630170	3	0	4190001	500	4190001	500			1
630171	3	0	4190001	100	4190001	100			1
630172	3	0	4190001	100	4190001	100			1
630173	3	0	4190001	100	4190001	100			1
630174	3	0	4190001	100	4190001	100			1
630175	3	0	4190001	500	4190001	500			1
630176	3	0	4190001	100	4190001	100			1
630177	3	0	4190001	100	4190001	100			1
630178	3	0	4190001	100	4190001	100			1
630179	3	0	4190001	100	4190001	100			1
630180	3	0	4190001	500	4190001	500			1
630181	3	0	4190001	100	4190001	100			1
630182	3	0	4190001	100	4190001	100			1
630183	3	0	4190001	100	4190001	100			1
630184	3	0	4190001	100	4190001	100			1
630185	3	0	4190001	500	4190001	500			1
630186	3	0	4190001	100	4190001	100			1
630187	3	0	4190001	100	4190001	100			1
630188	3	0	4190001	100	4190001	100			1
630189	3	0	4190001	100	4190001	100			1
630190	3	0	4190001	500	4190001	500			1
630191	3	0	4190001	100	4190001	100			1
630192	3	0	4190001	100	4190001	100			1
630193	3	0	4190001	100	4190001	100			1
630194	3	0	4190001	100	4190001	100			1
630195	3	0	4190001	500	4190001	500			1
630196	3	0	4190001	100	4190001	100			1
630197	3	0	4190001	100	4190001	100			1
630198	3	0	4190001	100	4190001	100			1
630199	3	0	4190001	100	4190001	100			1
630200	3	0	4190001	500	4190001	500			1
630201	3	0	4190001	100	4190001	100			1
630202	3	0	4190001	100	4190001	100			1
630203	3	0	4190001	100	4190001	100			1
630204	3	0	4190001	100	4190001	100			1
630205	3	0	4190001	500	4190001	500			1
630206	3	0	4190001	100	4190001	100			1
630207	3	0	4190001	100	4190001	100			1
630208	3	0	4190001	100	4190001	100			1
630209	3	0	4190001	100	4190001	100			1
630210	3	0	4190001	500	4190001	500			1
630211	3	0	4190001	100	4190001	100			1
630212	3	0	4190001	100	4190001	100			1
630213	3	0	4190001	100	4190001	100			1
630214	3	0	4190001	100	4190001	100			1
630215	3	0	4190001	500	4190001	500			1
630216	3	0	4190001	100	4190001	100			1
630217	3	0	4190001	100	4190001	100			1
630218	3	0	4190001	100	4190001	100			1
630219	3	0	4190001	100	4190001	100			1
630220	3	0	4190001	500	4190001	500			1
630221	3	0	4190001	100	4190001	100			1
630222	3	0	4190001	100	4190001	100			1
630223	3	0	4190001	100	4190001	100			1
630224	3	0	4190001	100	4190001	100			1
630225	3	0	4190001	500	4190001	500			1
630226	3	0	4190001	100	4190001	100			1
630227	3	0	4190001	100	4190001	100			1
630228	3	0	4190001	100	4190001	100			1
630229	3	0	4190001	100	4190001	100			1
630230	3	0	4190001	500	4190001	500			1
630231	3	0	4190001	100	4190001	100			1
630232	3	0	4190001	100	4190001	100			1
630233	3	0	4190001	100	4190001	100			1
630234	3	0	4190001	100	4190001	100			1
630235	3	0	4190001	500	4190001	500			1
630236	3	0	4190001	100	4190001	100			1
630237	3	0	4190001	100	4190001	100			1
630238	3	0	4190001	100	4190001	100			1
630239	3	0	4190001	100	4190001	100			1
630240	3	0	4190001	500	4190001	500			1
630241	3	0	4190001	100	4190001	100			1
630242	3	0	4190001	100	4190001	100			1
630243	3	0	4190001	100	4190001	100			1
630244	3	0	4190001	100	4190001	100			1
630245	3	0	4190001	500	4190001	500			1
630246	3	0	4190001	100	4190001	100			1
630247	3	0	4190001	100	4190001	100			1
630248	3	0	4190001	100	4190001	100			1
630249	3	0	4190001	100	4190001	100			1
630250	3	0	4190001	500	4190001	500			1
630251	3	0	4190001	100	4190001	100			1
630252	3	0	4190001	100	4190001	100			1
630253	3	0	4190001	100	4190001	100			1
630254	3	0	4190001	100	4190001	100			1
630255	3	0	4190001	500	4190001	500			1
630256	3	0	4190001	100	4190001	100			1
630257	3	0	4190001	100	4190001	100			1
630258	3	0	4190001	100	4190001	100			1
630259	3	0	4190001	100	4190001	100			1
630260	3	0	4190001	500	4190001	500			1
630261	3	0	4190001	100	4190001	100			1
630262	3	0	4190001	100	4190001	100			1
630263	3	0	4190001	100	4190001	100			1
630264	3	0	4190001	100	4190001	100			1
630265	3	0	4190001	500	4190001	500			1
630266	3	0	4190001	100	4190001	100			1
630267	3	0	4190001	100	4190001	100			1
630268	3	0	4190001	100	4190001	100			1
630269	3	0	4190001	100	4190001	100			1
630270	3	0	4190001	500	4190001	500			1
630271	3	0	4190001	100	4190001	100			1
630272	3	0	4190001	100	4190001	100			1
630273	3	0	4190001	100	4190001	100			1
630274	3	0	4190001	100	4190001	100			1
630275	3	0	4190001	500	4190001	500			1
630276	3	0	4190001	100	4190001	100			1
630277	3	0	4190001	100	4190001	100			1
630278	3	0	4190001	100	4190001	100			1
630279	3	0	4190001	100	4190001	100			1
630280	3	0	4190001	500	4190001	500			1
630281	3	0	4190001	100	4190001	100			1
630282	3	0	4190001	100	4190001	100			1
630283	3	0	4190001	100	4190001	100			1
630284	3	0	4190001	100	4190001	100			1
630285	3	0	4190001	500	4190001	500			1
630286	3	0	4190001	100	4190001	100			1
630287	3	0	4190001	100	4190001	100			1
630288	3	0	4190001	100	4190001	100			1
630289	3	0	4190001	100	4190001	100			1
630290	3	0	4190001	500	4190001	500			1
630291	3	0	4190001	100	4190001	100			1
630292	3	0	4190001	100	4190001	100			1
630293	3	0	4190001	100	4190001	100			1
630294	3	0	4190001	100	4190001	100			1
630295	3	0	4190001	500	4190001	500			1
630296	3	0	4190001	100	4190001	100			1
630297	3	0	4190001	100	4190001	100			1
630298	3	0	4190001	100	4190001	100			1
630299	3	0	4190001	100	4190001	100			1
630300	3	0	4190001	500	4190001	500			1
630301	3	0	4190001	100	4190001	100			1
630302	3	0	4190001	100	4190001	100			1
630303	3	0	4190001	100	4190001	100			1
630304	3	0	4190001	100	4190001	100			1
630305	3	0	4190001	500	4190001	500			1
630306	3	0	4190001	100	4190001	100			1
630307	3	0	4190001	100	4190001	100			1
630308	3	0	4190001	100	4190001	100			1
630309	3	0	4190001	100	4190001	100			1
630310	3	0	4190001	500	4190001	500			1
630311	3	0	4190001	100	4190001	100			1
630312	3	0	4190001	100	4190001	100			1
630313	3	0	4190001	100	4190001	100			1
630314	3	0	4190001	100	4190001	100			1
630315	3	0	4190001	500	4190001	500			1
630316	3	0	4190001	100	4190001	100			1
630317	3	0	4190001	100	4190001	100			1
630318	3	0	4190001	100	4190001	100			1
630319	3	0	4190001	100	4190001	100			1
630320	3	0	4190001	500	4190001	500			1
630321	3	0	4190001	100	4190001	100			1
630322	3	0	4190001	100	4190001	100			1
630323	3	0	4190001	100	4190001	100			1
630324	3	0	4190001	100	4190001	100			1
630325	3	0	4190001	500	4190001	500			1
630326	3	0	4190001	100	4190001	100			1
630327	3	0	4190001	100	4190001	100			1
630328	3	0	4190001	100	4190001	100			1
630329	3	0	4190001	100	4190001	100			1
630330	3	0	4190001	500	4190001	500			1
630331	3	0	4190001	100	4190001	100			1
630332	3	0	4190001	100	4190001	100			1
630333	3	0	4190001	100	4190001	100			1
630334	3	0	4190001	100	4190001	100			1
630335	3	0	4190001	500	4190001	500			1
630336	3	0	4190001	100	4190001	100			1
630337	3	0	4190001	100	4190001	100			1
630338	3	0	4190001	100	4190001	100			1
630339	3	0	4190001	100	4190001	100			1
630340	3	0	4190001	500	4190001	500			1
630341	3	0	4190001	100	4190001	100			1
630342	3	0	4190001	100	4190001	100			1
630343	3	0	4190001	100	4190001	100			1
630344	3	0	4190001	100	4190001	100			1
630345	3	0	4190001	500	4190001	500			1
630346	3	0	4190001	100	4190001	100			1
630347	3	0	4190001	100	4190001	100			1
630348	3	0	4190001	100	4190001	100			1
630349	3	0	4190001	100	4190001	100			1
630350	3	0	4190001	500	4190001	500			1
630351	3	0	4190001	100	4190001	100			1
630352	3	0	4190001	100	4190001	100			1
630353	3	0	4190001	100	4190001	100			1
630354	3	0	4190001	100	4190001	100			1
630355	3	0	4190001	500	4190001	500			1
630356	3	0	4190001	100	4190001	100			1
630357	3	0	4190001	100	4190001	100			1
630358	3	0	4190001	100	4190001	100			1
630359	3	0	4190001	100	4190001	100			1
630360	3	0	4190001	500	4190001	500			1
630361	3	0	4190001	100	4190001	100			1
630362	3	0	4190001	100	4190001	100			1
630363	3	0	4190001	100	4190001	100			1
630364	3	0	4190001	100	4190001	100			1
630365	3	0	4190001	500	4190001	500			1
630366	3	0	4190001	100	4190001	100			1
630367	3	0	4190001	100	4190001	100			1
630368	3	0	4190001	100	4190001	100			1
630369	3	0	4190001	100	4190001	100			1
630370	3	0	4190001	500	4190001	500			1
630371	3	0	4190001	100	4190001	100			1
630372	3	0	4190001	100	4190001	100			1
630373	3	0	4190001	100	4190001	100			1
630374	3	0	4190001	100	4190001	100			1
630375	3	0	4190001	500	4190001	500			1
630376	3	0	4190001	100	4190001	100			1
630377	3	0	4190001	100	4190001	100			1
630378	3	0	4190001	100	4190001	100			1
630379	3	0	4190001	100	4190001	100			1
630380	3	0	4190001	500	4190001	500			1
630381	3	0	4190001	100	4190001	100			1
630382	3	0	4190001	100	4190001	100			1
630383	3	0	4190001	100	4190001	100			1
630384	3	0	4190001	100	4190001	100			1
630385	3	0	4190001	500	4190001	500			1
630386	3	0	4190001	100	4190001	100			1
630387	3	0	4190001	100	4190001	100			1
630388	3	0	4190001	100	4190001	100			1
630389	3	0	4190001	100	4190001	100			1
630390	3	0	4190001	500	4190001	500			1
630391	3	0	4190001	100	4190001	100			1
630392	3	0	4190001	100	4190001	100			1
630393	3	0	4190001	100	4190001	100			1
630394	3	0	4190001	100	4190001	100			1
630395	3	0	4190001	500	4190001	500			1
630396	3	0	4190001	100	4190001	100			1
630397	3	0	4190001	100	4190001	100			1
630398	3	0	4190001	100	4190001	100			1
630399	3	0	4190001	100	4190001	100			1
630400	3	0	4190001	500	4190001	500			1
630401	3	0	4190001	100	4190001	100			1
630402	3	0	4190001	100	4190001	100			1
630403	3	0	4190001	100	4190001	100			1
630404	3	0	4190001	100	4190001	100			1
630405	3	0	4190001	500	4190001	500			1
630406	3	0	4190001	100	4190001	100			1
630407	3	0	4190001	100	4190001	100			1
630408	3	0	4190001	100	4190001	100			1
630409	3	0	4190001	100	4190001	100			1
630410	3	0	4190001	500	4190001	500			1
630411	3	0	4190001	100	4190001	100			1
630412	3	0	4190001	100	4190001	100			1
630413	3	0	4190001	100	4190001	100			1
630414	3	0	4190001	100	4190001	100			1
630415	3	0	4190001	500	4190001	500			1
630416	3	0	4190001	100	4190001	100			1
630417	3	0	4190001	100	4190001	100			1
630418	3	0	4190001	100	4190001	100			1
630419	3	0	4190001	100	4190001	100			1
630420	3	0	4190001	500	4190001	500			1
630421	3	0	4190001	100	4190001	100			1
630422	3	0	4190001	100	4190001	100			1
630423	3	0	4190001	100	4190001	100			1
630424	3	0	4190001	100	4190001	100			1
630425	3	0	4190001	500	4190001	500			1
630426	3	0	4190001	100	4190001	100			1
630427	3	0	4190001	100	4190001	100			1
630428	3	0	4190001	100	4190001	100			1
630429	3	0	4190001	100	4190001	100			1
630430	3	0	4190001	500	4190001	500			1
630431	3	0	4190001	100	4190001	100			1
630432	3	0	4190001	100	4190001	100			1
630433	3	0	4190001	100	4190001	100			1
630434	3	0	4190001	100	4190001	100			1
630435	3	0	4190001	500	4190001	500			1
630436	3	0	4190001	100	4190001	100			1
630437	3	0	4190001	100	4190001	100			1
630438	3	0	4190001	100	4190001	100			1
630439	3	0	4190001	100	4190001	100			1
630440	3	0	4190001	500	4190001	500			1
630441	3	0	4190001	100	4190001	100			1
630442	3	0	4190001	100	4190001	100			1
630443	3	0	4190001	100	4190001	100			1
630444	3	0	4190001	100	4190001	100			1
630445	3	0	4190001	500	4190001	500			1
630446	3	0	4190001	100	4190001	100			1
630447	3	0	4190001	100	4190001	100			1
630448	3	0	4190001	100	4190001	100			1
630449	3	0	4190001	100	4190001	100			1
630450	3	0	4190001	500	4190001	500			1
630451	3	0	4190001	100	4190001	100			1
630452	3	0	4190001	100	4190001	100			1
630453	3	0	4190001	100	4190001	100			1
630454	3	0	4190001	100	4190001	100			1
630455	3	0	4190001	500	4190001	500			1
630456	3	0	4190001	100	4190001	100			1
630457	3	0	4190001	100	4190001	100			1
630458	3	0	4190001	100	4190001	100			1
630459	3	0	4190001	100	4190001	100			1
630460	3	0	4190001	500	4190001	500			1
630461	3	0	4190001	100	4190001	100			1
630462	3	0	4190001	100	4190001	100			1
630463	3	0	4190001	100	4190001	100			1
630464	3	0	4190001	100	4190001	100			1
630465	3	0	4190001	500	4190001	500			1
630466	3	0	4190001	100	4190001	100			1
630467	3	0	4190001	100	4190001	100			1
630468	3	0	4190001	100	4190001	100			1
630469	3	0	4190001	100	4190001	100			1
630470	3	0	4190001	500	4190001	500			1
630471	3	0	4190001	100	4190001	100			1
630472	3	0	4190001	100	4190001	100			1
630473	3	0	4190001	100	4190001	100			1
630474	3	0	4190001	100	4190001	100			1
630475	3	0	4190001	500	4190001	500			1
630476	3	0	4190001	100	4190001	100			1
630477	3	0	4190001	100	4190001	100			1
630478	3	0	4190001	100	4190001	100			1
630479	3	0	4190001	100	4190001	100			1
630480	3	0	4190001	500	4190001	500			1
630481	3	0	4190001	100	4190001	100			1
630482	3	0	4190001	100	4190001	100			1
630483	3	0	4190001	100	4190001	100			1
630484	3	0	4190001	100	4190001	100			1
630485	3	0	4190001	500	4190001	500			1
630486	3	0	4190001	100	4190001	100			1
630487	3	0	4190001	100	4190001	100			1
630488	3	0	4190001	100	4190001	100			1
630489	3	0	4190001	100	4190001	100			1
630490	3	0	4190001	500	4190001	500			1
630491	3	0	4190001	100	4190001	100			1
630492	3	0	4190001	100	4190001	100			1
630493	3	0	4190001	100	4190001	100			1
630494	3	0	4190001	100	4190001	100			1
630495	3	0	4190001	500	4190001	500			1
630496	3	0	4190001	100	4190001	100			1
630497	3	0	4190001	100	4190001	100			1
630498	3	0	4190001	100	4190001	100			1
630499	3	0	4190001	100	4190001	100			1
630500	3	0	4190001	500	4190001	500			1
640101	4	0	4190001	100	4190001	100			1
640102	4	0	4190001	100	4190001	100			1
640103	4	0	4190001	100	4190001	100			1
640104	4	0	4190001	100	4190001	100			1
640105	4	0	4190001	500	4190001	500			1
640106	4	0	4190001	100	4190001	100			1
640107	4	0	4190001	100	4190001	100			1
640108	4	0	4190001	100	4190001	100			1
640109	4	0	4190001	100	4190001	100			1
640110	4	0	4190001	500	4190001	500			1
640111	4	0	4190001	100	4190001	100			1
640112	4	0	4190001	100	4190001	100			1
640113	4	0	4190001	100	4190001	100			1
640114	4	0	4190001	100	4190001	100			1
640115	4	0	4190001	500	4190001	500			1
640116	4	0	4190001	100	4190001	100			1
640117	4	0	4190001	100	4190001	100			1
640118	4	0	4190001	100	4190001	100			1
640119	4	0	4190001	100	4190001	100			1
640120	4	0	4190001	500	4190001	500			1
640121	4	0	4190001	100	4190001	100			1
640122	4	0	4190001	100	4190001	100			1
640123	4	0	4190001	100	4190001	100			1
640124	4	0	4190001	100	4190001	100			1
640125	4	0	4190001	500	4190001	500			1
640126	4	0	4190001	100	4190001	100			1
640127	4	0	4190001	100	4190001	100			1
640128	4	0	4190001	100	4190001	100			1
640129	4	0	4190001	100	4190001	100			1
640130	4	0	4190001	500	4190001	500			1
640131	4	0	4190001	100	4190001	100			1
640132	4	0	4190001	100	4190001	100			1
640133	4	0	4190001	100	4190001	100			1
640134	4	0	4190001	100	4190001	100			1
640135	4	0	4190001	500	4190001	500			1
640136	4	0	4190001	100	4190001	100			1
640137	4	0	4190001	100	4190001	100			1
640138	4	0	4190001	100	4190001	100			1
640139	4	0	4190001	100	4190001	100			1
640140	4	0	4190001	500	4190001	500			1
640141	4	0	4190001	100	4190001	100			1
640142	4	0	4190001	100	4190001	100			1
640143	4	0	4190001	100	4190001	100			1
640144	4	0	4190001	100	4190001	100			1
640145	4	0	4190001	500	4190001	500			1
640146	4	0	4190001	100	4190001	100			1
640147	4	0	4190001	100	4190001	100			1
640148	4	0	4190001	100	4190001	100			1
640149	4	0	4190001	100	4190001	100			1
640150	4	0	4190001	500	4190001	500			1
640151	4	0	4190001	100	4190001	100			1
640152	4	0	4190001	100	4190001	100			1
640153	4	0	4190001	100	4190001	100			1
640154	4	0	4190001	100	4190001	100			1
640155	4	0	4190001	500	4190001	500			1
640156	4	0	4190001	100	4190001	100			1
640157	4	0	4190001	100	4190001	100			1
640158	4	0	4190001	100	4190001	100			1
640159	4	0	4190001	100	4190001	100			1
640160	4	0	4190001	500	4190001	500			1
640161	4	0	4190001	100	4190001	100			1
640162	4	0	4190001	100	4190001	100			1
640163	4	0	4190001	100	4190001	100			1
640164	4	0	4190001	100	4190001	100			1
640165	4	0	4190001	500	4190001	500			1
640166	4	0	4190001	100	4190001	100			1
640167	4	0	4190001	100	4190001	100			1
640168	4	0	4190001	100	4190001	100			1
640169	4	0	4190001	100	4190001	100			1
640170	4	0	4190001	500	4190001	500			1
640171	4	0	4190001	100	4190001	100			1
640172	4	0	4190001	100	4190001	100			1
640173	4	0	4190001	100	4190001	100			1
640174	4	0	4190001	100	4190001	100			1
640175	4	0	4190001	500	4190001	500			1
640176	4	0	4190001	100	4190001	100			1
640177	4	0	4190001	100	4190001	100			1
640178	4	0	4190001	100	4190001	100			1
640179	4	0	4190001	100	4190001	100			1
640180	4	0	4190001	500	4190001	500			1
640181	4	0	4190001	100	4190001	100			1
640182	4	0	4190001	100	4190001	100			1
640183	4	0	4190001	100	4190001	100			1
640184	4	0	4190001	100	4190001	100			1
640185	4	0	4190001	500	4190001	500			1
640186	4	0	4190001	100	4190001	100			1
640187	4	0	4190001	100	4190001	100			1
640188	4	0	4190001	100	4190001	100			1
640189	4	0	4190001	100	4190001	100			1
640190	4	0	4190001	500	4190001	500			1
640191	4	0	4190001	100	4190001	100			1
640192	4	0	4190001	100	4190001	100			1
640193	4	0	4190001	100	4190001	100			1
640194	4	0	4190001	100	4190001	100			1
640195	4	0	4190001	500	4190001	500			1
640196	4	0	4190001	100	4190001	100			1
640197	4	0	4190001	100	4190001	100			1
640198	4	0	4190001	100	4190001	100			1
640199	4	0	4190001	100	4190001	100			1
640200	4	0	4190001	500	4190001	500			1
640201	4	0	4190001	100	4190001	100			1
640202	4	0	4190001	100	4190001	100			1
640203	4	0	4190001	100	4190001	100			1
640204	4	0	4190001	100	4190001	100			1
640205	4	0	4190001	500	4190001	500			1
640206	4	0	4190001	100	4190001	100			1
640207	4	0	4190001	100	4190001	100			1
640208	4	0	4190001	100	4190001	100			1
640209	4	0	4190001	100	4190001	100			1
640210	4	0	4190001	500	4190001	500			1
640211	4	0	4190001	100	4190001	100			1
640212	4	0	4190001	100	4190001	100			1
640213	4	0	4190001	100	4190001	100			1
640214	4	0	4190001	100	4190001	100			1
640215	4	0	4190001	500	4190001	500			1
640216	4	0	4190001	100	4190001	100			1
640217	4	0	4190001	100	4190001	100			1
640218	4	0	4190001	100	4190001	100			1
640219	4	0	4190001	100	4190001	100			1
640220	4	0	4190001	500	4190001	500			1
640221	4	0	4190001	100	4190001	100			1
640222	4	0	4190001	100	4190001	100			1
640223	4	0	4190001	100	4190001	100			1
640224	4	0	4190001	100	4190001	100			1
640225	4	0	4190001	500	4190001	500			1
640226	4	0	4190001	100	4190001	100			1
640227	4	0	4190001	100	4190001	100			1
640228	4	0	4190001	100	4190001	100			1
640229	4	0	4190001	100	4190001	100			1
640230	4	0	4190001	500	4190001	500			1
640231	4	0	4190001	100	4190001	100			1
640232	4	0	4190001	100	4190001	100			1
640233	4	0	4190001	100	4190001	100			1
640234	4	0	4190001	100	4190001	100			1
640235	4	0	4190001	500	4190001	500			1
640236	4	0	4190001	100	4190001	100			1
640237	4	0	4190001	100	4190001	100			1
640238	4	0	4190001	100	4190001	100			1
640239	4	0	4190001	100	4190001	100			1
640240	4	0	4190001	500	4190001	500			1
640241	4	0	4190001	100	4190001	100			1
640242	4	0	4190001	100	4190001	100			1
640243	4	0	4190001	100	4190001	100			1
640244	4	0	4190001	100	4190001	100			1
640245	4	0	4190001	500	4190001	500			1
640246	4	0	4190001	100	4190001	100			1
640247	4	0	4190001	100	4190001	100			1
640248	4	0	4190001	100	4190001	100			1
640249	4	0	4190001	100	4190001	100			1
640250	4	0	4190001	500	4190001	500			1
640251	4	0	4190001	100	4190001	100			1
640252	4	0	4190001	100	4190001	100			1
640253	4	0	4190001	100	4190001	100			1
640254	4	0	4190001	100	4190001	100			1
640255	4	0	4190001	500	4190001	500			1
640256	4	0	4190001	100	4190001	100			1
640257	4	0	4190001	100	4190001	100			1
640258	4	0	4190001	100	4190001	100			1
640259	4	0	4190001	100	4190001	100			1
640260	4	0	4190001	500	4190001	500			1
640261	4	0	4190001	100	4190001	100			1
640262	4	0	4190001	100	4190001	100			1
640263	4	0	4190001	100	4190001	100			1
640264	4	0	4190001	100	4190001	100			1
640265	4	0	4190001	500	4190001	500			1
640266	4	0	4190001	100	4190001	100			1
640267	4	0	4190001	100	4190001	100			1
640268	4	0	4190001	100	4190001	100			1
640269	4	0	4190001	100	4190001	100			1
640270	4	0	4190001	500	4190001	500			1
640271	4	0	4190001	100	4190001	100			1
640272	4	0	4190001	100	4190001	100			1
640273	4	0	4190001	100	4190001	100			1
640274	4	0	4190001	100	4190001	100			1
640275	4	0	4190001	500	4190001	500			1
640276	4	0	4190001	100	4190001	100			1
640277	4	0	4190001	100	4190001	100			1
640278	4	0	4190001	100	4190001	100			1
640279	4	0	4190001	100	4190001	100			1
640280	4	0	4190001	500	4190001	500			1
640281	4	0	4190001	100	4190001	100			1
640282	4	0	4190001	100	4190001	100			1
640283	4	0	4190001	100	4190001	100			1
640284	4	0	4190001	100	4190001	100			1
640285	4	0	4190001	500	4190001	500			1
640286	4	0	4190001	100	4190001	100			1
640287	4	0	4190001	100	4190001	100			1
640288	4	0	4190001	100	4190001	100			1
640289	4	0	4190001	100	4190001	100			1
640290	4	0	4190001	500	4190001	500			1
640291	4	0	4190001	100	4190001	100			1
640292	4	0	4190001	100	4190001	100			1
640293	4	0	4190001	100	4190001	100			1
640294	4	0	4190001	100	4190001	100			1
640295	4	0	4190001	500	4190001	500			1
640296	4	0	4190001	100	4190001	100			1
640297	4	0	4190001	100	4190001	100			1
640298	4	0	4190001	100	4190001	100			1
640299	4	0	4190001	100	4190001	100			1
640300	4	0	4190001	500	4190001	500			1
640301	4	0	4190001	100	4190001	100			1
640302	4	0	4190001	100	4190001	100			1
640303	4	0	4190001	100	4190001	100			1
640304	4	0	4190001	100	4190001	100			1
640305	4	0	4190001	500	4190001	500			1
640306	4	0	4190001	100	4190001	100			1
640307	4	0	4190001	100	4190001	100			1
640308	4	0	4190001	100	4190001	100			1
640309	4	0	4190001	100	4190001	100			1
640310	4	0	4190001	500	4190001	500			1
640311	4	0	4190001	100	4190001	100			1
640312	4	0	4190001	100	4190001	100			1
640313	4	0	4190001	100	4190001	100			1
640314	4	0	4190001	100	4190001	100			1
640315	4	0	4190001	500	4190001	500			1
640316	4	0	4190001	100	4190001	100			1
640317	4	0	4190001	100	4190001	100			1
640318	4	0	4190001	100	4190001	100			1
640319	4	0	4190001	100	4190001	100			1
640320	4	0	4190001	500	4190001	500			1
640321	4	0	4190001	100	4190001	100			1
640322	4	0	4190001	100	4190001	100			1
640323	4	0	4190001	100	4190001	100			1
640324	4	0	4190001	100	4190001	100			1
640325	4	0	4190001	500	4190001	500			1
640326	4	0	4190001	100	4190001	100			1
640327	4	0	4190001	100	4190001	100			1
640328	4	0	4190001	100	4190001	100			1
640329	4	0	4190001	100	4190001	100			1
640330	4	0	4190001	500	4190001	500			1
640331	4	0	4190001	100	4190001	100			1
640332	4	0	4190001	100	4190001	100			1
640333	4	0	4190001	100	4190001	100			1
640334	4	0	4190001	100	4190001	100			1
640335	4	0	4190001	500	4190001	500			1
640336	4	0	4190001	100	4190001	100			1
640337	4	0	4190001	100	4190001	100			1
640338	4	0	4190001	100	4190001	100			1
640339	4	0	4190001	100	4190001	100			1
640340	4	0	4190001	500	4190001	500			1
640341	4	0	4190001	100	4190001	100			1
640342	4	0	4190001	100	4190001	100			1
640343	4	0	4190001	100	4190001	100			1
640344	4	0	4190001	100	4190001	100			1
640345	4	0	4190001	500	4190001	500			1
640346	4	0	4190001	100	4190001	100			1
640347	4	0	4190001	100	4190001	100			1
640348	4	0	4190001	100	4190001	100			1
640349	4	0	4190001	100	4190001	100			1
640350	4	0	4190001	500	4190001	500			1
640351	4	0	4190001	100	4190001	100			1
640352	4	0	4190001	100	4190001	100			1
640353	4	0	4190001	100	4190001	100			1
640354	4	0	4190001	100	4190001	100			1
640355	4	0	4190001	500	4190001	500			1
640356	4	0	4190001	100	4190001	100			1
640357	4	0	4190001	100	4190001	100			1
640358	4	0	4190001	100	4190001	100			1
640359	4	0	4190001	100	4190001	100			1
640360	4	0	4190001	500	4190001	500			1
640361	4	0	4190001	100	4190001	100			1
640362	4	0	4190001	100	4190001	100			1
640363	4	0	4190001	100	4190001	100			1
640364	4	0	4190001	100	4190001	100			1
640365	4	0	4190001	500	4190001	500			1
640366	4	0	4190001	100	4190001	100			1
640367	4	0	4190001	100	4190001	100			1
640368	4	0	4190001	100	4190001	100			1
640369	4	0	4190001	100	4190001	100			1
640370	4	0	4190001	500	4190001	500			1
640371	4	0	4190001	100	4190001	100			1
640372	4	0	4190001	100	4190001	100			1
640373	4	0	4190001	100	4190001	100			1
640374	4	0	4190001	100	4190001	100			1
640375	4	0	4190001	500	4190001	500			1
640376	4	0	4190001	100	4190001	100			1
640377	4	0	4190001	100	4190001	100			1
640378	4	0	4190001	100	4190001	100			1
640379	4	0	4190001	100	4190001	100			1
640380	4	0	4190001	500	4190001	500			1
640381	4	0	4190001	100	4190001	100			1
640382	4	0	4190001	100	4190001	100			1
640383	4	0	4190001	100	4190001	100			1
640384	4	0	4190001	100	4190001	100			1
640385	4	0	4190001	500	4190001	500			1
640386	4	0	4190001	100	4190001	100			1
640387	4	0	4190001	100	4190001	100			1
640388	4	0	4190001	100	4190001	100			1
640389	4	0	4190001	100	4190001	100			1
640390	4	0	4190001	500	4190001	500			1
640391	4	0	4190001	100	4190001	100			1
640392	4	0	4190001	100	4190001	100			1
640393	4	0	4190001	100	4190001	100			1
640394	4	0	4190001	100	4190001	100			1
640395	4	0	4190001	500	4190001	500			1
640396	4	0	4190001	100	4190001	100			1
640397	4	0	4190001	100	4190001	100			1
640398	4	0	4190001	100	4190001	100			1
640399	4	0	4190001	100	4190001	100			1
640400	4	0	4190001	500	4190001	500			1
640401	4	0	4190001	100	4190001	100			1
640402	4	0	4190001	100	4190001	100			1
640403	4	0	4190001	100	4190001	100			1
640404	4	0	4190001	100	4190001	100			1
640405	4	0	4190001	500	4190001	500			1
640406	4	0	4190001	100	4190001	100			1
640407	4	0	4190001	100	4190001	100			1
640408	4	0	4190001	100	4190001	100			1
640409	4	0	4190001	100	4190001	100			1
640410	4	0	4190001	500	4190001	500			1
640411	4	0	4190001	100	4190001	100			1
640412	4	0	4190001	100	4190001	100			1
640413	4	0	4190001	100	4190001	100			1
640414	4	0	4190001	100	4190001	100			1
640415	4	0	4190001	500	4190001	500			1
640416	4	0	4190001	100	4190001	100			1
640417	4	0	4190001	100	4190001	100			1
640418	4	0	4190001	100	4190001	100			1
640419	4	0	4190001	100	4190001	100			1
640420	4	0	4190001	500	4190001	500			1
640421	4	0	4190001	100	4190001	100			1
640422	4	0	4190001	100	4190001	100			1
640423	4	0	4190001	100	4190001	100			1
640424	4	0	4190001	100	4190001	100			1
640425	4	0	4190001	500	4190001	500			1
640426	4	0	4190001	100	4190001	100			1
640427	4	0	4190001	100	4190001	100			1
640428	4	0	4190001	100	4190001	100			1
640429	4	0	4190001	100	4190001	100			1
640430	4	0	4190001	500	4190001	500			1
640431	4	0	4190001	100	4190001	100			1
640432	4	0	4190001	100	4190001	100			1
640433	4	0	4190001	100	4190001	100			1
640434	4	0	4190001	100	4190001	100			1
640435	4	0	4190001	500	4190001	500			1
640436	4	0	4190001	100	4190001	100			1
640437	4	0	4190001	100	4190001	100			1
640438	4	0	4190001	100	4190001	100			1
640439	4	0	4190001	100	4190001	100			1
640440	4	0	4190001	500	4190001	500			1
640441	4	0	4190001	100	4190001	100			1
640442	4	0	4190001	100	4190001	100			1
640443	4	0	4190001	100	4190001	100			1
640444	4	0	4190001	100	4190001	100			1
640445	4	0	4190001	500	4190001	500			1
640446	4	0	4190001	100	4190001	100			1
640447	4	0	4190001	100	4190001	100			1
640448	4	0	4190001	100	4190001	100			1
640449	4	0	4190001	100	4190001	100			1
640450	4	0	4190001	500	4190001	500			1
640451	4	0	4190001	100	4190001	100			1
640452	4	0	4190001	100	4190001	100			1
640453	4	0	4190001	100	4190001	100			1
640454	4	0	4190001	100	4190001	100			1
640455	4	0	4190001	500	4190001	500			1
640456	4	0	4190001	100	4190001	100			1
640457	4	0	4190001	100	4190001	100			1
640458	4	0	4190001	100	4190001	100			1
640459	4	0	4190001	100	4190001	100			1
640460	4	0	4190001	500	4190001	500			1
640461	4	0	4190001	100	4190001	100			1
640462	4	0	4190001	100	4190001	100			1
640463	4	0	4190001	100	4190001	100			1
640464	4	0	4190001	100	4190001	100			1
640465	4	0	4190001	500	4190001	500			1
640466	4	0	4190001	100	4190001	100			1
640467	4	0	4190001	100	4190001	100			1
640468	4	0	4190001	100	4190001	100			1
640469	4	0	4190001	100	4190001	100			1
640470	4	0	4190001	500	4190001	500			1
640471	4	0	4190001	100	4190001	100			1
640472	4	0	4190001	100	4190001	100			1
640473	4	0	4190001	100	4190001	100			1
640474	4	0	4190001	100	4190001	100			1
640475	4	0	4190001	500	4190001	500			1
640476	4	0	4190001	100	4190001	100			1
640477	4	0	4190001	100	4190001	100			1
640478	4	0	4190001	100	4190001	100			1
640479	4	0	4190001	100	4190001	100			1
640480	4	0	4190001	500	4190001	500			1
640481	4	0	4190001	100	4190001	100			1
640482	4	0	4190001	100	4190001	100			1
640483	4	0	4190001	100	4190001	100			1
640484	4	0	4190001	100	4190001	100			1
640485	4	0	4190001	500	4190001	500			1
640486	4	0	4190001	100	4190001	100			1
640487	4	0	4190001	100	4190001	100			1
640488	4	0	4190001	100	4190001	100			1
640489	4	0	4190001	100	4190001	100			1
640490	4	0	4190001	500	4190001	500			1
640491	4	0	4190001	100	4190001	100			1
640492	4	0	4190001	100	4190001	100			1
640493	4	0	4190001	100	4190001	100			1
640494	4	0	4190001	100	4190001	100			1
640495	4	0	4190001	500	4190001	500			1
640496	4	0	4190001	100	4190001	100			1
640497	4	0	4190001	100	4190001	100			1
640498	4	0	4190001	100	4190001	100			1
640499	4	0	4190001	100	4190001	100			1
640500	4	0	4190001	500	4190001	500			1