id	activityId	questId	groupId	siteType	tagLoc	tagId	tagOr	lineType	startLoc	endLoc	lightTag	status
int	int	int	int	int	int	int	int	int	int	int	int	int
41101101	1	12015010	2110101	1	1;7	31101101						1
41101102	1	12015010	2110101	1	1;5	31101102						1
41101103	1	12015010	2110101	1	1;3	31101103						1
41101104	1	12015010	2110101	1	1;1	31101104						1
41101105	1	12015010	2110101	1	2;7	31101105	110101					1
41101106	1	12015010	2110101	1	2;5	31101106	110101					1
41101107	1	12015010	2110101	1	2;3	31101107	110102					1
41101108	1	12015010	2110101	1	2;1	31101108	110102					1
41101109	1	12015010	2110101	1	3;7	31101109	110103					1
41101110	1	12015010	2110101	1	3;5	31101110	110103					1
41101111	1	12015010	2110101	1	3;3	31101111	110104					1
41101112	1	12015010	2110101	1	3;1	31101112	110104					1
41101113	1	12015010	2110101	1	4;4	31101113						1
41101114	1	12015010	2110101	1	5;7	31101114	110105					1
41101115	1	12015010	2110101	1	5;5	31101115	110105					1
41101116	1	12015010	2110101	1	5;3	31101116	110106					1
41101117	1	12015010	2110101	1	5;1	31101117	110106					1
41101118	1	12015010	2110101	1	6;7	31101118	110107					1
41101119	1	12015010	2110101	1	6;5	31101119	110107					1
41101120	1	12015010	2110101	1	6;3	31101120	110108					1
41101121	1	12015010	2110101	1	6;1	31101121	110108					1
41101122	1	12015010	2110101	2	1;7			4	1;7	1;5	41101101;41101102	1
41101123	1	12015010	2110101	2	1;6			5	1;6	1;6	41101101;41101102	1
41101124	1	12015010	2110101	2	1;3			4	1;3	1;1	41101103;41101104	1
41101125	1	12015010	2110101	2	1;2			5	1;2	1;2	41101103;41101104	1
41101126	1	12015010	2110101	2	2;6			3	2;6	2;6	41101105;41101116	1
41101127	1	12015010	2110101	2	2;2			3	2;2	2;2	41101107;41101108	1
41101128	1	12015010	2110101	2	3;6			4	3;6	3;2	41101109;41101110;41101111;41101112	1
41101129	1	12015010	2110101	2	3;4			5	3;4	3;4	41101109;41101110;41101111;41101112	1
41101130	1	12015010	2110101	2	4;6			2	4;6	4;2	41101113	1
41101131	1	12015010	2110101	2	4;4			1	4;4	4;4	41101113	1
41101132	1	12015010	2110101	2	5;6			3	5;6	5;6	41101114;41101115	1
41101133	1	12015010	2110101	2	5;2			3	5;2	5;2	41101116;41101117	1
41101134	1	12015010	2110102	1	1;6	31101122						1
41101135	1	12015010	2110102	1	1;2	31101129						1
41101136	1	12015010	2110102	1	2;7	31101123						1
41101137	1	12015010	2110102	1	2;5	31101126						1
41101138	1	12015010	2110102	1	2;3	31101130						1
41101139	1	12015010	2110102	1	2;1	31101132						1
41101140	1	12015010	2110102	1	3;7	31101124						1
41101141	1	12015010	2110102	1	3;5	31101127						1
41101142	1	12015010	2110102	1	3;3	31101131						1
41101143	1	12015010	2110102	1	3;1	31101133						1
41101144	1	12015010	2110102	1	4;7	31101125						1
41101145	1	12015010	2110102	1	4;5	31101128						1
41101146	1	12015010	2110102	1	4;2	31101134						1
41101147	1	12015010	2110102	2	1;7			2	1;7	1;5	41101134	1
41101148	1	12015010	2110102	2	1;6			1	1;6	1;6	41101134	1
41101149	1	12015010	2110102	2	1;3			2	1;3	1;1	41101135	1
41101150	1	12015010	2110102	2	1;2			1	1;2	1;2	41101135	1
41101151	1	12015010	2110102	2	2;7			3	2;7	2;7	41101136	1
41101152	1	12015010	2110102	2	2;5			3	2;5	2;5	41101137	1
41101153	1	12015010	2110102	2	2;3			3	2;3	2;3	41101138	1
41101154	1	12015010	2110102	2	2;1			3	2;1	2;1	41101139	1
41101155	1	12015010	2110102	2	3;7			3	3;7	3;7	41101140	1
41101156	1	12015010	2110102	2	3;5			3	3;5	3;5	41101141	1
41101157	1	12015010	2110102	2	3;3			4	3;3	3;1	41101142;41101143	1
41101158	1	12015010	2110102	2	3;2			5	3;2	3;2	41101142;41101143	1
41101159	1	12015010	2110103	1	1;4	31101135						1
41101160	1	12015010	2110103	1	2;5	31101136	110109					1
41101161	1	12015010	2110103	1	2;3	31101137	110109					1
41101162	1	12015010	2110103	1	3;6	31101138						1
41101163	1	12015010	2110103	1	3;2	31101139						1
41101164	1	12015010	2110103	1	4;7	31101140						1
41101165	1	12015010	2110103	1	4;5	31101141						1
41101166	1	12015010	2110103	1	4;3	31101142						1
41101167	1	12015010	2110103	1	4;1	31101143						1
41101168	1	12015010	2110103	1	5;6	31101144						1
41101169	1	12015010	2110103	1	5;3	31101145						1
41101170	1	12015010	2110103	1	5;1	31101146						1
41101171	1	12015010	2110103	1	6;2	31101147						1
41101172	1	12015010	2110103	2	1;4			3	1;4	1;4	41101159	1
41101173	1	12015010	2110103	2	2;6			2	2;6	2;2	41101160;41101161	1
41101174	1	12015010	2110103	2	2;4			1	2;4	2;4	41101160;41101161	1
41101175	1	12015010	2110103	2	3;7			2	3;7	3;5	41101162	1
41101176	1	12015010	2110103	2	3;6			1	3;6	3;6	41101162	1
41101177	1	12015010	2110103	2	3;3			2	3;3	3;1	41101163	1
41101178	1	12015010	2110103	2	3;2			1	3;2	3;2	41101163	1
41101179	1	12015010	2110103	2	4;7			4	4;7	4;5	41101164;41101165	1
41101180	1	12015010	2110103	2	4;6			5	4;6	4;6	41101164;41101165	1
41101181	1	12015010	2110103	2	4;3			3	4;3	4;3	41101166	1
41101182	1	12015010	2110103	2	4;1			3	4;1	4;1	41101167	1
41101183	1	12015010	2110103	2	4;3			4	5;3	5;1	41101169;41101170	1
41101184	1	12015010	2110103	2	4;2			5	5;2	5;2	41101169;41101170	1
41101185	1	12015010	2110104	1	1;6	31101148						1
41101186	1	12015010	2110104	1	1;2	31101149						1
41101187	1	12015010	2110104	1	2;7	31101150	110110					1
41101188	1	12015010	2110104	1	2;5	31101151	110110					1
41101189	1	12015010	2110104	1	2;3	31101152	110111					1
41101190	1	12015010	2110104	1	2;1	31101153	110111					1
41101191	1	12015010	2110104	1	3;7	31101154	110112					1
41101192	1	12015010	2110104	1	3;5	31101155	110112					1
41101193	1	12015010	2110104	1	3;3	31101156	110112					1
41101194	1	12015010	2110104	1	3;1	31101157	110112					1
41101195	1	12015010	2110104	1	4;6	31101158						1
41101196	1	12015010	2110104	1	4;4	31101159						1
41101197	1	12015010	2110104	1	4;2	31101160						1
41101198	1	12015010	2110104	1	5;7	31101161	110114					1
41101199	1	12015010	2110104	1	5;5	31101162	110114					1
41101200	1	12015010	2110104	1	5;3	31101163	110114					1
41101201	1	12015010	2110104	1	5;1	31101164	110114					1
41101202	1	12015010	2110104	1	6;4	31101165						1
41101203	1	12015010	2110104	2	1;6			3	1;6	1;6	41101185	1
41101204	1	12015010	2110104	2	1;2			3	1;2	1;2	41101186	1
41101205	1	12015010	2110104	2	2;6			4	2;6	2;2	41101187;41101188;41101189;41101190	1
41101206	1	12015010	2110104	2	2;4			5	2;4	2;4	41101187;41101188;41101189;41101190	1
41101207	1	12015010	2110104	2	3;6			2	3;6	3;2	41101191;41101192;41101193;41101194	1
41101208	1	12015010	2110104	2	3;4			1	3;4	3;4	41101191;41101192;41101193;41101194	1
41101209	1	12015010	2110104	2	3;4			3	3;4	3;4	41101191;41101192;41101193;41101194	1
41101210	1	12015010	2110104	2	4;6			4	4;6	4;2	41101195;41101196;41101197	1
41101211	1	12015010	2110104	2	4;4			5	4;4	4;4	41101195;41101196;41101197	1
41101212	1	12015010	2110104	2	4;4			3	4;4	4;4	41101195;41101196;41101197	1
41101213	1	12015010	2110104	2	5;4			3	5;4	5;4	41101198;41101199;41101200;41101201	1
41101214	1	12015010	2110105	1	1;7	31101166						1
41101215	1	12015010	2110105	1	1;3	31101170						1
41101216	1	12015010	2110105	1	2;7	31101167						1
41101217	1	12015010	2110105	1	2;4	31101171						1
41101218	1	12015010	2110105	1	2;2	31101172						1
41101219	1	12015010	2110105	1	3;7	31101168						1
41101220	1	12015010	2110105	1	3;3	31101173						1
41101221	1	12015010	2110105	1	4;7	31101169						1
41101222	1	12015010	2110105	1	4;5	31101174						1
41101223	1	12015010	2110105	1	4;3	31101175						1
41101224	1	12015010	2110105	1	4;1	31101176						1
41101225	1	12015010	2110105	1	6;7	31101177						1
41101226	1	12015010	2110105	1	6;5	31101178						1
41101227	1	12015010	2110105	1	6;3	31101179						1
41101228	1	12015010	2110105	2	1;7			3	1;7	1;7	41101214	1
41101229	1	12015010	2110105	2	1;4			2	1;4	1;2	41101215	1
41101230	1	12015010	2110105	2	1;3			1	1;3	1;3	41101215	1
41101231	1	12015010	2110105	2	2;7			3	2;7	2;7	41101216	1
41101232	1	12015010	2110105	2	2;4			4	2;4	2;2	41101217;41101218	1
41101233	1	12015010	2110105	2	2;3			5	2;3	2;3	41101217;41101218	1
41101234	1	12015010	2110105	2	3;7			3	3;7	3;7	41101219	1
41101235	1	12015010	2110105	2	3;5			2	3;5	3;1	41101220	1
41101236	1	12015010	2110105	2	3;3			1	3;3	3;3	41101220	1
41101237	1	12015010	2110105	2	3;3			3	3;3	3;3	41101220	1
41102101	1	12015011	2110201	1	1;4	31102101						1
41102102	1	12015011	2110201	1	2;7	31102102						1
41102103	1	12015011	2110201	1	2;4	31102103						1
41102104	1	12015011	2110201	1	2;1	31102104						1
41102105	1	12015011	2110201	1	3;7	31102105						1
41102106	1	12015011	2110201	1	3;1	31102106						1
41102107	1	12015011	2110201	1	4;5	31102107	110201					1
41102108	1	12015011	2110201	1	4;3	31102108	110201					1
41102109	1	12015011	2110201	1	5;7	31102109						1
41102110	1	12015011	2110201	1	5;4	31102110						1
41102111	1	12015011	2110201	1	5;1	31102111						1
41102112	1	12015011	2110201	1	6;5	31102112	110202					1
41102113	1	12015011	2110201	1	6;3	31102113	110202					1
41102114	1	12015011	2110201	2	1;7			2	1;7	1;1	41102101	1
41102115	1	12015011	2110201	2	1;4			3	1;4	1;4	41102101	1
41102116	1	12015011	2110201	2	2;1			1	1;4	1;4	41102101	1
41102117	1	12015011	2110201	2	2;1			3	2;1	2;1	41102104	1
41102118	1	12015011	2110201	2	2;7			3	2;7	2;7	41102102	1
41102119	1	12015011	2110201	2	3;7			4	3;7	3;1	41102105;41102106	1
41102120	1	12015011	2110201	2	3;4			5	3;4	3;4	41102105;41102106	1
41102121	1	12015011	2110201	2	4;7			2	4;7	4;1	41102107;41102108	1
41102122	1	12015011	2110201	2	4;4			1	4;4	4;4	41102107;41102108	1
41102123	1	12015011	2110201	2	4;4			3	4;4	4;4	41102107;41102108	1
41102124	1	12015011	2110201	2	5;4			3	5;4	5;4	41102110	1
41102125	1	12015011	2110202	1	1;3	31102114						1
41102126	1	12015011	2110202	1	2;5	31102115						1
41102127	1	12015011	2110202	1	2;1	31102116						1
41102128	1	12015011	2110202	1	3;7	31102117	110203					1
41102129	1	12015011	2110202	1	3;5	31102118	110203					1
41102130	1	12015011	2110202	1	3;3	31102119						1
41102131	1	12015011	2110202	1	3;1	31102120						1
41102132	1	12015011	2110202	1	4;6	31102121						1
41102133	1	12015011	2110202	1	4;1	31102122						1
41102134	1	12015011	2110202	1	5;7	31102123	110204					1
41102135	1	12015011	2110202	1	5;5	31102124	110204					1
41102136	1	12015011	2110202	1	6;6	31102125						1
41102137	1	12015011	2110202	2	1;5			2	1;5	1;1	41102125	1
41102138	1	12015011	2110202	2	1;4			1	1;4	1;4	41102125	1
41102139	1	12015011	2110202	2	2;6			2	2;6	2;3	41102126	1
41102140	1	12015011	2110202	2	2;5			1	2;5	2;5	41102126	1
41102141	1	12015011	2110202	2	2;1			3	2;1	2;1	41102127	1
41102142	1	12015011	2110202	2	3;6			3	3;6	3;6	41102128;41102129	1
41102143	1	12015011	2110202	2	3;1			3	3;1	3;1	41102130	1
41102144	1	12015011	2110202	2	4;6			3	4;6	4;6	41102132	1
41102145	1	12015011	2110202	2	5;6			3	5;6	5;6	41102134;41102135	1
41102146	1	12015011	2110203	1	1;4	31102126						1
41102147	1	12015011	2110203	1	2;5	31102127	110205					1
41102148	1	12015011	2110203	1	2;3	31102128	110205					1
41102149	1	12015011	2110203	1	3;6	31102129						1
41102150	1	12015011	2110203	1	3;2	31102130						1
41102151	1	12015011	2110203	1	4;7	31102131	110206					1
41102152	1	12015011	2110203	1	4;5	31102132	110206					1
41102153	1	12015011	2110203	1	4;3	31102133	110207					1
41102154	1	12015011	2110203	1	4;1	31102134	110207					1
41102155	1	12015011	2110203	1	5;6	31102135						1
41102156	1	12015011	2110203	1	5;3	31102136	110208					1
41102157	1	12015011	2110203	1	5;1	31102137	110208					1
41102158	1	12015011	2110203	1	6;2	31102138						1
41102159	1	12015011	2110203	2	1;4			3	1;4	1;4	41102146	1
41102160	1	12015011	2110203	2	2;6			2	2;6	2;2	41102147;41102148	1
41102161	1	12015011	2110203	2	2;4			1	2;4	2;4	41102147;41102148	1
41102162	1	12015011	2110203	2	3;6			3	3;6	3;6	41102149	1
41102163	1	12015011	2110203	2	3;2			3	3;2	3;2	41102150	1
41102164	1	12015011	2110203	2	4;6			3	4;6	4;6	41102151;41102152	1
41102165	1	12015011	2110203	2	4;2			3	4;2	4;2	41102153;41102154	1
41102166	1	12015011	2110203	2	5;2			3	5;2	5;2	41102156;41102157	1
41103101	1	12015012	2110301	1	1;6	31103101						1
41103102	1	12015012	2110301	1	1;2	31103102						1
41103103	1	12015012	2110301	1	2;6	31103103						1
41103104	1	12015012	2110301	1	2;3	31103104	110301					1
41103105	1	12015012	2110301	1	2;1	31103105	110301					1
41103106	1	12015012	2110301	1	3;6	31103106						1
41103107	1	12015012	2110301	1	3;3	31103107						1
41103108	1	12015012	2110301	1	3;1	31103108						1
41103109	1	12015012	2110301	1	4;7	31103109	110302					1
41103110	1	12015012	2110301	1	4;5	31103110	110302					1
41103111	1	12015012	2110301	1	4;2	31103111						1
41103112	1	12015012	2110301	1	5;4	31103112						1
41103113	1	12015012	2110301	1	6;4	31103113						1
41103114	1	12015012	2110301	2	1;6			3	1;6	1;6	41103101	1
41103115	1	12015012	2110301	2	1;2			3	1;2	1;2	41103102	1
41103116	1	12015012	2110301	2	2;6			3	2;6	2;6	41103103	1
41103117	1	12015012	2110301	2	2;3			2	2;3	2;1	41103104;41103105	1
41103118	1	12015012	2110301	2	2;2			1	2;2	2;2	41103104;41103105	1
41103119	1	12015012	2110301	2	3;6			3	3;6	3;6	41103106	1
41103120	1	12015012	2110301	2	3;3			4	3;3	3;1	41103107;41103108	1
41103121	1	12015012	2110301	2	3;2			5	3;2	3;2	41103107;41103108	1
41103122	1	12015012	2110301	2	4;6			4	4;6	4;2	41103109;41103110;41103111	1
41103123	1	12015012	2110301	2	4;4			5	4;4	4;4	41103109;41103110;41103111	1
41103124	1	12015012	2110301	2	5;4			3	5;4	5;4	41103112	1
41103125	1	12015012	2110302	1	1;4	31103114						1
41103126	1	12015012	2110302	1	2;6	31103115						1
41103127	1	12015012	2110302	1	2;3	31103116	110303					1
41103128	1	12015012	2110302	1	2;1	31103117	110303					1
41103129	1	12015012	2110302	1	3;4	31103118						1
41103130	1	12015012	2110302	1	4;5	31103119	110304					1
41103131	1	12015012	2110302	1	4;3	31103120	110304					1
41103132	1	12015012	2110302	1	5;6	31103121						1
41103133	1	12015012	2110302	1	5;2	31103122						1
41103134	1	12015012	2110302	1	6;6	31103123						1
41103135	1	12015012	2110302	1	6;2	31103124						1
41103136	1	12015012	2110302	2	1;6			2	1;6	1;2	41103125	1
41103137	1	12015012	2110302	2	1;4			1	1;4	1;4	41103125	1
41103138	1	12015012	2110302	2	2;6			4	2;6	2;2	41103126;41103127;41103128	1
41103139	1	12015012	2110302	2	2;4			5	2;4	2;4	41103126;41103127;41103128	1
41103140	1	12015012	2110302	2	3;4			3	3;4	3;4	41103129	1
41103141	1	12015012	2110302	2	4;6			2	4;6	4;2	41103130;41103131	1
41103142	1	12015012	2110302	2	4;4			1	4;4	4;4	41103130;41103131	1
41103143	1	12015012	2110302	2	5;6			3	5;6	5;6	41103132	1
41103144	1	12015012	2110302	2	5;2			3	5;2	5;2	41103133	1
41103145	1	12015012	2110303	1	1;6	31103125						1
41103146	1	12015012	2110303	1	1;2	31103126						1
41103147	1	12015012	2110303	1	2;6	31103127						1
41103148	1	12015012	2110303	1	2;3	31103128	110305					1
41103149	1	12015012	2110303	1	2;1	31103129	110305					1
41103150	1	12015012	2110303	1	3;6	31103130						1
41103151	1	12015012	2110303	1	3;2	31103131						1
41103152	1	12015012	2110303	1	4;7	31103132	110306					1
41103153	1	12015012	2110303	1	4;5	31103133	110306					1
41103154	1	12015012	2110303	1	4;2	31103134						1
41103155	1	12015012	2110303	1	5;4	31103135						1
41103156	1	12015012	2110303	1	6;5	31103136						1
41103157	1	12015012	2110303	1	6;3	31103137						1
41103158	1	12015012	2110303	2	1;6			3	1;6	1;6	41103145	1
41103159	1	12015012	2110303	2	1;2			3	1;2	1;2	41103146	1
41103160	1	12015012	2110303	2	2;6			3	2;6	2;6	41103147	1
41103161	1	12015012	2110303	2	2;2			3	2;2	2;2	41103148;41103149	1
41103162	1	12015012	2110303	2	3;6			3	3;6	3;6	41103150	1
41103163	1	12015012	2110303	2	3;2			3	3;2	3;2	41103151	1
41103164	1	12015012	2110303	2	4;6			4	4;6	4;2	41103152;41103153;41103154	1
41103165	1	12015012	2110303	2	4;4			5	4;4	4;4	41103152;41103153;41103154	1
41103166	1	12015012	2110303	2	5;5			2	5;5	5;3	41103155	1
41103167	1	12015012	2110303	2	5;4			1	5;4	5;4	41103155	1
41104101	1	12015013	2110401	1	1;4	31104101						1
41104102	1	12015013	2110401	1	2;5	31104102	110401					1
41104103	1	12015013	2110401	1	2;3	31104103	110401					1
41104104	1	12015013	2110401	1	3;6	31104104						1
41104105	1	12015013	2110401	1	3;4	31104105						1
41104106	1	12015013	2110401	1	3;2	31104106						1
41104107	1	12015013	2110401	1	4;7	31104107	110402					1
41104108	1	12015013	2110401	1	4;5	31104108	110402					1
41104109	1	12015013	2110401	1	4;3	31104109	110403					1
41104110	1	12015013	2110401	1	4;1	31104110	110403					1
41104111	1	12015013	2110401	1	5;4	31104111						1
41104112	1	12015013	2110401	1	6;4	31104112						1
41104113	1	12015013	2110401	2	1;4			3	1;4	1;4	41104101	1
41104114	1	12015013	2110401	2	2;6			2	2;6	2;2	41104102;41104103	1
41104115	1	12015013	2110401	2	2;4			1	2;4	2;4	41104102;41104103	1
41104116	1	12015013	2110401	2	2;4			3	2;4	2;4	41104102;41104103	1
41104117	1	12015013	2110401	2	3;6			3	3;6	3;6	41104104	1
41104118	1	12015013	2110401	2	3;2			3	3;2	3;2	41104106	1
41104119	1	12015013	2110401	2	4;6			4	4;6	4;2	41104107;41104108;41104109;41104110	1
41104120	1	12015013	2110401	2	4;4			5	4;4	4;4	41104107;41104108;41104109;41104110	1
41104121	1	12015013	2110401	2	5;4			3	5;4	5;4	41104111	1
41104122	1	12015013	2110402	1	1;4	31104113						1
41104123	1	12015013	2110402	1	2;6	31104114						1
41104124	1	12015013	2110402	1	2;3	31104115	110404					1
41104125	1	12015013	2110402	1	2;1	31104116	110404					1
41104126	1	12015013	2110402	1	3;6	31104117						1
41104127	1	12015013	2110402	1	3;2	31104118						1
41104128	1	12015013	2110402	1	4;5	31104119	110405					1
41104129	1	12015013	2110402	1	4;3	31104120	110405					1
41104130	1	12015013	2110402	1	5;5	31104121						1
41104131	1	12015013	2110402	1	5;3	31104122						1
41104132	1	12015013	2110402	1	6;5	31104123						1
41104133	1	12015013	2110402	1	6;3	31104124						1
41104134	1	12015013	2110402	2	1;6			2	1;6	1;2	41104122	1
41104135	1	12015013	2110402	2	1;4			1	1;4	1;4	41104123	1
41104136	1	12015013	2110402	2	2;6			3	2;6	2;6	41104124;41104125	1
41104137	1	12015013	2110402	2	2;2			3	2;2	2;2	41104126;41104127	1
41104138	1	12015013	2110402	2	3;6			4	3;6	3;2	41104126;41104127	1
41104139	1	12015013	2110402	2	3;4			5	3;4	3;4	41104126;41104127	1
41104140	1	12015013	2110402	2	4;5			2	4;5	4;3	41104128;41104129	1
41104141	1	12015013	2110402	2	4;4			1	4;4	4;4	41104128;41104129	1
41104142	1	12015013	2110402	2	5;5			3	5;5	5;5	41104130	1
41104143	1	12015013	2110402	2	5;3			3	5;3	5;3	41104131	1
41104144	1	12015013	2110403	1	1;5	31104125						1
41104145	1	12015013	2110403	1	1;2	31104126						1
41104146	1	12015013	2110403	1	2;6	31104127	110406					1
41104147	1	12015013	2110403	1	2;4	31104128	110406					1
41104148	1	12015013	2110403	1	2;2	31104129						1
41104149	1	12015013	2110403	1	3;5	31104130						1
41104150	1	12015013	2110403	1	3;2	31104131						1
41104151	1	12015013	2110403	1	4;5	31104132						1
41104152	1	12015013	2110403	1	5;6	31104133	110407					1
41104153	1	12015013	2110403	1	5;4	31104134	110407					1
41104154	1	12015013	2110403	1	6;6	31104135						1
41104155	1	12015013	2110403	1	6;4	31104136						1
41104156	1	12015013	2110403	2	1;5			3	1;5	1;5	41104144	1
41104157	1	12015013	2110403	2	1;2			3	1;2	1;2	41104145	1
41104158	1	12015013	2110403	2	2;5			3	2;5	2;5	41104146;41104147	1
41104159	1	12015013	2110403	2	2;2			3	2;2	2;2	41104148	1
41104160	1	12015013	2110403	2	3;5			3	3;5	3;5	41104149	1
41104161	1	12015013	2110403	2	4;5			3	4;5	4;5	41104151	1
41104162	1	12015013	2110403	2	5;5			1	5;5	5;5	41104152;41104153	1
41104163	1	12015013	2110403	2	5;6			2	5;6	5;4	41104152;41104153	1
41105101	1	12015014	2110501	1	1;6	31105101						1
41105102	1	12015014	2110501	1	2;7	31105102	31105102					1
41105103	1	12015014	2110501	1	2;5	31105103	31105102					1
41105104	1	12015014	2110501	1	3;6	31105104						1
41105105	1	12015014	2110501	1	4;6	31105105						1
41105106	1	12015014	2110501	1	1;2	31105106						1
41105107	1	12015014	2110501	1	2;2	31105107						1
41105108	1	12015014	2110501	1	3;1	31105108	31105108					1
41105109	1	12015014	2110501	1	3;3	31105109	31105108					1
41105110	1	12015014	2110501	1	4;2	31105110						1
41105111	1	12015014	2110501	1	5;4	31105111						1
41105112	1	12015014	2110501	1	6;4	31105112						1
41105113	1	12015014	2110501	2	1;6			3	1;6	1;6	41105101	1
41105114	1	12015014	2110501	2	1;2			3	2;6	2;6	41105102;41105103	1
41105115	1	12015014	2110501	2	2;6			3	3;6	3;6	41105104	1
41105116	1	12015014	2110501	2	2;3			4	4;6	4;2	41105105;41105110	1
41105117	1	12015014	2110501	2	2;2			5	4;4	4;4	41105105;41105110	1
41105118	1	12015014	2110501	2	3;6			3	5;4	5;4	41105111	1
41105119	1	12015014	2110501	2	3;3			3	1;2	1;2	41105106	1
41105120	1	12015014	2110501	2	3;2			3	2;2	2;2	41105107	1
41105121	1	12015014	2110501	2	4;6			3	3;2	3;2	41105108;41105109	1
41105125	1	12015014	2110502	1	1;5	31105113	31105113					1
41105126	1	12015014	2110502	1	1;3	31105114	31105113					1
41105127	1	12015014	2110502	1	2;6	31105115						1
41105128	1	12015014	2110502	1	3;7	31105116						1
41105129	1	12015014	2110502	1	3;5	31105117						1
41105130	1	12015014	2110502	1	4;6	31105118						1
41105131	1	12015014	2110502	1	2;2	31105119						1
41105132	1	12015014	2110502	1	3;1	31105120	31105120					1
41105133	1	12015014	2110502	1	3;3	31105121	31105120					1
41105134	1	12015014	2110502	1	4;2	31105122						1
41105135	1	12015014	2110502	1	5;4	31105123						1
41105136	1	12015014	2110502	1	6;4	31105124						1
41105137	1	12015014	2110502	2	1;4			1	1;4	1;4	31105113;31105114	1
41105138	1	12015014	2110502	2	2;6			2	1;6	1;2	31105113;31105114	1
41105139	1	12015014	2110502	2	2;4			1	2;6	2;6	41105127	1
41105140	1	12015014	2110502	2	3;4			2	2;7	2;5	41105127	1
41105141	1	12015014	2110502	2	4;6			4	3;7	3;5	41105128;41105129	1
41105142	1	12015014	2110502	2	4;4			5	3;6	3;6	41105128;41105129	1
41105143	1	12015014	2110502	2	5;6			3	2;2	2;2	41105131	1
41105144	1	12015014	2110502	2	5;2			3	3;2	3;2	41105132;41105133	1
41105145	1	12015014	2110502	2	5;2			4	4;6	4;2	41105134;41105130	1
41105146	1	12015014	2110502	2	5;2			5	4;4	4;4	41105134;41105130	1
41105147	1	12015014	2110502	2	5;2			3	5;4	5;4	41105135	1
41105148	1	12015014	2110503	1	1;6	31105125						1
41105149	1	12015014	2110503	1	2;7	31105126						1
41105150	1	12015014	2110503	1	2;5	31105127						1
41105151	1	12015014	2110503	1	3;6	31105128						1
41105152	1	12015014	2110503	1	1;3	31105129	31105129					1
41105153	1	12015014	2110503	1	1;1	31105130	31105129					1
41105154	1	12015014	2110503	1	2;3	31105131	31105131					1
41105155	1	12015014	2110503	1	2;1	31105132	31105131					1
41105156	1	12015014	2110503	1	3;2	31105133						1
41105157	1	12015014	2110503	1	4;4	31105134						1
41105158	1	12015014	2110503	1	5;5	31105135	31105135					1
41105159	1	12015014	2110503	1	5;3	31105136	31105135					1
41105160	1	12015014	2110503	1	6;4	31105137						1
41105161	1	12015014	2110503	2	1;6			1	1;6	1;6	41105148	1
41105162	1	12015014	2110503	2	1;2			2	1;7	1;5	41105148	1
41105163	1	12015014	2110503	2	2;6			4	2;7	2;5	41105149;41105150	1
41105164	1	12015014	2110503	2	2;2			5	2;6	2;6	41105149;41105150	1
41105165	1	12015014	2110503	2	3;6			3	1;2	1;2	41105152;41105153	1
41105166	1	12015014	2110503	2	3;2			3	2;2	2;2	41105154;41105155	1
41105167	1	12015014	2110503	2	4;6			4	3;6	3;2	41105151;41105156	1
41105168	1	12015014	2110503	2	4;4			5	3;4	3;4	41105151;41105156	1
41105169	1	12015014	2110503	2	5;5			3	4;4	4;4	41105157	1
41105170	1	12015014	2110503	2	5;4			3	5;4	5;4	41105158;41105159	1
41106101	1	12015015	2110601	1	1;6	31106101						1
41106102	1	12015015	2110601	1	1;4	31106102						1
41106103	1	12015015	2110601	1	1;2	31106103						1
41106104	1	12015015	2110601	1	2;5	31106104	31106104					1
41106105	1	12015015	2110601	1	2;3	31106105	31106104					1
41106106	1	12015015	2110601	1	3;6	31106106						1
41106107	1	12015015	2110601	1	3;2	31106107						1
41106108	1	12015015	2110601	1	4;7	31106108	31106108					1
41106109	1	12015015	2110601	1	4;5	31106109	31106108					1
41106110	1	12015015	2110601	1	4;3	31106110	31106110					1
41106111	1	12015015	2110601	1	4;1	31106111	31106110					1
41106112	1	12015015	2110601	1	5;4	31106112						1
41106113	1	12015015	2110601	1	6;4	31106113						1
41106114	1	12015015	2110601	2	1;6			4	1;6	1;2	41106101;41106102;41106103	1
41106115	1	12015015	2110601	2	1;2			3	1;4	1;4	41106101;41106102;41106103	1
41106116	1	12015015	2110601	2	2;6			2	2;6	2;2	41106104;41106105	1
41106117	1	12015015	2110601	2	2;3			1	2;4	2;4	41106104;41106105	1
41106118	1	12015015	2110601	2	2;2			3	3;6	3;6	41106106	1
41106119	1	12015015	2110601	2	3;6			3	3;2	3;2	41106107	1
41106120	1	12015015	2110601	2	3;3			4	4;6	4;2	41106108;41106109;41106110;41106111	1
41106121	1	12015015	2110601	2	3;2			5	4;4	4;4	41106112	1
41106122	1	12015015	2110601	2	4;6			3	5;4	5;4	41106113	1
41106125	1	12015015	2110602	1	1;5	31106114	31106114					1
41106126	1	12015015	2110602	1	1;3	31106115	31106114					1
41106127	1	12015015	2110602	1	2;5	31106116						1
41106128	1	12015015	2110602	1	2;3	31106117						1
41106129	1	12015015	2110602	1	3;6	31106118						1
41106130	1	12015015	2110602	1	3;4	31106119						1
41106131	1	12015015	2110602	1	4;6	31106120	31106120					1
41106132	1	12015015	2110602	1	4;4	31106121	31106120					1
41106133	1	12015015	2110602	1	5;7	31106122						1
41106134	1	12015015	2110602	1	5;3	31106123						1
41106135	1	12015015	2110602	1	6;7	31106124						1
41106136	1	12015015	2110602	1	6;3	31106125						1
41106137	1	12015015	2110602	2	1;4			1	1;4	1;4	41106125;41106126	1
41106138	1	12015015	2110602	2	2;6			2	1;5	1;3	41106125;41106126	1
41106139	1	12015015	2110602	2	2;4			1	2;5	2;5	41106127	1
41106140	1	12015015	2110602	2	3;4			2	2;6	2;4	41106127	1
41106141	1	12015015	2110602	2	4;6			4	3;6	3;4	41106129;41106130	1
41106142	1	12015015	2110602	2	4;4			5	3;5	3;5	41106129;41106130	1
41106143	1	12015015	2110602	2	5;6			1	4;5	4;5	41106131;41106132	1
41106144	1	12015015	2110602	2	5;2			2	4;7	4;3	41106131;41106132	1
41106145	1	12015015	2110602	2	5;2			3	5;7	5;7	41106133	1
41106146	1	12015015	2110602	2	5;2			3	5;3	5;3	41106134	1
41106148	1	12015015	2110603	1	1;6	31106127						1
41106149	1	12015015	2110603	1	1;2	31106128						1
41106150	1	12015015	2110603	1	2;7	31106129						1
41106151	1	12015015	2110603	1	2;5	31106130						1
41106152	1	12015015	2110603	1	2;3	31106131	31106131					1
41106153	1	12015015	2110603	1	2;1	31106132	31106131					1
41106154	1	12015015	2110603	1	3;6	31106133						1
41106155	1	12015015	2110603	1	3;2	31106134						1
41106156	1	12015015	2110603	1	4;4	31106135						1
41106157	1	12015015	2110603	1	5;4	31106136						1
41106158	1	12015015	2110603	1	6;5	31106137	31106137					1
41106159	1	12015015	2110603	1	6;3	31106138	31106137					1
41106161	1	12015015	2110603	2	1;6			1	1;6	1;6	41106148	1
41106162	1	12015015	2110603	2	1;2			2	1;7	1;5	41106148	1
41106163	1	12015015	2110603	2	2;6			3	1;2	1;2	41106149	1
41106164	1	12015015	2110603	2	2;2			4	2;7	2;5	41106150;41106150	1
41106165	1	12015015	2110603	2	3;6			5	2;6	2;6	41106150;41106150	1
41106166	1	12015015	2110603	2	3;2			3	2;2	2;2	41106152;41106153	1
41106167	1	12015015	2110603	2	4;6			4	3;6	3;2	41106154;41106155	1
41106168	1	12015015	2110603	2	4;4			5	3;4	3;4	41106154;41106155	1
41106169	1	12015015	2110603	2	5;5			3	4;4	4;4	41106156	1
41106170	1	12015015	2110603	2	5;4			3	5;4	5;4	41106157	1
41107101	1	12015016	2110701	1	1;5	31107101	31107101					1
41107102	1	12015016	2110701	1	1;3	31107102	31107101					1
41107103	1	12015016	2110701	1	2;4	31107103						1
41107104	1	12015016	2110701	1	3;6	31107104						1
41107105	1	12015016	2110701	1	3;4	31107105						1
41107106	1	12015016	2110701	1	3;2	31107106						1
41107107	1	12015016	2110701	1	4;5	31107107	31107107					1
41107108	1	12015016	2110701	1	4;3	31107108	31107107					1
41107109	1	12015016	2110701	1	5;5	31107109						1
41107110	1	12015016	2110701	1	5;3	31107110						1
41107111	1	12015016	2110701	1	6;4	31107111						1
41107114	1	12015016	2110701	2	1;6			3	1;4	1;4	41107101;41107102	1
41107115	1	12015016	2110701	2	1;2			1	2;4	2;4	41107103	1
41107116	1	12015016	2110701	2	2;6			2	2;6	2;2	41107103	1
41107117	1	12015016	2110701	2	2;3			3	2;4	2;4	41107103	1
41107118	1	12015016	2110701	2	2;2			3	3;4	3;4	41107104;41107105;41107106	1
41107119	1	12015016	2110701	2	3;6			4	3;6	3;2	41107104;41107105;41107106	1
41107120	1	12015016	2110701	2	3;3			5	3;4	3;4	41107104;41107105;41107106	1
41107121	1	12015016	2110701	2	3;2			1	4;4	4;4	41107107;41107108	1
41107122	1	12015016	2110701	2	4;6			2	4;5	4;3	41107107;41107108	1
41107123	1	12015016	2110701	2	3;2			4	5;5	5;3	41107109;41107110	1
41107124	1	12015016	2110701	2	4;6			5	5;4	5;4	41107109;41107110	1
41107125	1	12015016	2110702	1	1;6	31107114						1
41107126	1	12015016	2110702	1	1;2	31107115						1
41107127	1	12015016	2110702	1	2;7	31107116	31107116					1
41107128	1	12015016	2110702	1	2;5	31107117	31107116					1
41107129	1	12015016	2110702	1	2;2	31107118						1
41107130	1	12015016	2110702	1	3;4	31107119						1
41107131	1	12015016	2110702	1	4;5	31107120						1
41107132	1	12015016	2110702	1	4;3	31107121						1
41107133	1	12015016	2110702	1	5;5	31107122	31107122					1
41107134	1	12015016	2110702	1	5;3	31107123	31107122					1
41107135	1	12015016	2110702	1	6;5	31107124						1
41107136	1	12015016	2110702	1	6;3	31107125						1
41107137	1	12015016	2110702	2	1;4		·	3	1;2	1;2	41107125	1
41107138	1	12015016	2110702	2	2;6			3	1;6	1;6	41107126	1
41107139	1	12015016	2110702	2	2;4			4	2;6	2;2	41107127;41107128;41107129	1
41107140	1	12015016	2110702	2	3;4			5	2;4	2;4	41107127;41107128;41107129	1
41107141	1	12015016	2110702	2	4;6			1	3;4	3;4	41107130	1
41107142	1	12015016	2110702	2	4;4			2	3;5	3;3	41107130	1
41107143	1	12015016	2110702	2	5;6			4	4;5	4;3	41107131;41107132	1
41107144	1	12015016	2110702	2	5;2			5	4;4	4;4	41107131;41107132	1
41107145	1	12015016	2110702	2	5;2			1	5;4	5;4	41107133;41107134	1
41107146	1	12015016	2110702	2	5;2			2	5;5	5;3	41107133;41107134	1
41107148	1	12015016	2110703	1	1;6	31107126						1
41107149	1	12015016	2110703	1	1;2	31107127						1
41107150	1	12015016	2110703	1	2;7	31107128	31107128					1
41107151	1	12015016	2110703	1	2;5	31107129	31107128					1
41107152	1	12015016	2110703	1	2;2	31107130						1
41107153	1	12015016	2110703	1	3;7	31107131						1
41107154	1	12015016	2110703	1	3;5	31107132						1
41107155	1	12015016	2110703	1	3;3	31107133	31107133					1
41107156	1	12015016	2110703	1	3;1	31107134	31107133					1
41107157	1	12015016	2110703	1	4;6	31107135						1
41107158	1	12015016	2110703	1	4;2	31107136						1
41107159	1	12015016	2110703	1	5;4	31107137						1
41107160	1	12015016	2110703	1	6;4	31107138						1
41107161	1	12015016	2110703	2	1;6			3	1;6	1;6	41106148	1
41107162	1	12015016	2110703	2	1;2			3	1;2	1;2	41106149	1
41107163	1	12015016	2110703	2	2;6			1	2;6	2;6	41106150;41106151	1
41107164	1	12015016	2110703	2	2;2			2	2;7	2;5	41106150;41106151	1
41107165	1	12015016	2110703	2	3;6			3	2;2	2;2	41106152	1
41107166	1	12015016	2110703	2	3;2			4	3;7	3;5	41106153;41106154	1
41107167	1	12015016	2110703	2	4;6			5	3;6	3;6	41106153;41106154	1
41107168	1	12015016	2110703	2	4;4			3	3;2	3;2	41106155;41106156	1
41107169	1	12015016	2110703	2	5;5			4	4;6	4;2	41106157;41106158	1
41107170	1	12015016	2110703	2	5;4			5	4;4	4;4	41106157;41106158	1
41107171	1	12015016	2110703	2	5;4			3	5;4	5;4	41106159	1
41108101	1	12015017	2110801	1	1;5	31108101						1
41108102	1	12015017	2110801	1	1;3	31108102						1
41108103	1	12015017	2110801	1	2;4	31108103						1
41108104	1	12015017	2110801	1	3;6	31108104						1
41108105	1	12015017	2110801	1	3;2	31108105						1
41108106	1	12015017	2110801	1	4;7	31108106	110801					1
41108107	1	12015017	2110801	1	4;5	31108107	110801					1
41108108	1	12015017	2110801	1	4;2	31108108						1
41108109	1	12015017	2110801	1	5;5	31108109	110802					1
41108110	1	12015017	2110801	1	5;3	31108110	110802					1
41108111	1	12015017	2110801	1	6;5	31108111						1
41108112	1	12015017	2110801	1	6;3	31108112						1
41108113	1	12015017	2110801	2	1;5			4	1;5	1;3	41108101;41108102	1
41108114	1	12015017	2110801	2	1;4			5	1;4	1;4	41108101;41108102	1
41108115	1	12015017	2110801	2	2;6			2	2;6	2;2	41108103	1
41108116	1	12015017	2110801	2	2;4			1	2;4	2;4	41108103	1
41108117	1	12015017	2110801	2	3;6			3	3;6	3;6	41108104	1
41108118	1	12015017	2110801	2	3;2			3	3;2	3;2	41108105	1
41108119	1	12015017	2110801	2	4;6			4	4;6	4;2	41108106;41108107;41108108	1
41108120	1	12015017	2110801	2	4;4			5	4;4	4;4	41108106;41108107;41108108	1
41108121	1	12015017	2110801	2	5;5			2	5;5	5;3	41108109;41108110	1
41108122	1	12015017	2110801	2	5;4			1	5;4	5;4	41108109;41108110	1
41108123	1	12015017	2110802	1	1;6	31108113						1
41108124	1	12015017	2110802	1	1;2	31108114						1
41108125	1	12015017	2110802	1	2;6	31108115						1
41108126	1	12015017	2110802	1	2;2	31108116						1
41108127	1	12015017	2110802	1	3;4	31108117						1
41108128	1	12015017	2110802	1	4;5	31108118	110803					1
41108129	1	12015017	2110802	1	4;3	31108119	110803					1
41108130	1	12015017	2110802	1	5;7	31108120	110804					1
41108131	1	12015017	2110802	1	5;5	31108121	110804					1
41108132	1	12015017	2110802	1	5;2	31108122						1
41108133	1	12015017	2110802	1	6;6	31108123						1
41108134	1	12015017	2110802	2	1;6			3	1;6	1;6	41108123	1
41108135	1	12015017	2110802	2	1;2			3	1;2	1;2	41108124	1
41108136	1	12015017	2110802	2	2;6			4	2;6	2;2	41108125;41108126	1
41108137	1	12015017	2110802	2	2;4			5	2;4	2;4	41108125;41108126	1
41108138	1	12015017	2110802	2	3;4			3	3;4	3;4	41108127	1
41108139	1	12015017	2110802	2	4;6 			2	4;6 	4;2	41108128;41108129	1
41108140	1	12015017	2110802	2	4;4			1	4;4	4;4	41108128;41108129	1
41108141	1	12015017	2110802	2	5;6			3	5;6	5;6	41108130;41108131	1
41108142	1	12015017	2110803	1	1;4	31108124						1
41108143	1	12015017	2110803	1	2;6	31108125						1
41108144	1	12015017	2110803	1	2;2	31108126						1
41108145	1	12015017	2110803	1	3;4	31108127						1
41108146	1	12015017	2110803	1	4;4	31108128						1
41108147	1	12015017	2110803	1	5;7	31108129	110805					1
41108148	1	12015017	2110803	1	5;5	31108130	110805					1
41108149	1	12015017	2110803	1	5;2	31108131						1
41108150	1	12015017	2110803	1	6;6	31108132						1
41108151	1	12015017	2110803	1	6;3	31108133	110806					1
41108152	1	12015017	2110803	1	6;1	31108134	110806					1
41108153	1	12015017	2110803	2	1;6			2	1;6	1;2	41108142	1
41108154	1	12015017	2110803	2	1;4			1	1;4	1;4	41108142	1
41108155	1	12015017	2110803	2	2;6			4	2;6	2;2	41108143;41108144	1
41108156	1	12015017	2110803	2	2;4			5	2;4	2;4	41108143;41108144	1
41108157	1	12015017	2110803	2	3;4			3	3;4	3;4	41108145	1
41108158	1	12015017	2110803	2	4;6			2	4;6	4;2	41108146	1
41108159	1	12015017	2110803	2	4;4			1	4;4	4;4	41108146	1
41108160	1	12015017	2110803	2	5;6			3	5;6	5;6	41108147;41108148	1
41108161	1	12015017	2110803	2	5;3			3	5;2	5;2	41108149	1
41201101	2	12015020	2120101	1	1;7	31201101						1
41201102	2	12015020	2120101	1	1;5	31201102						1
41201103	2	12015020	2120101	1	1;3	31201103						1
41201104	2	12015020	2120101	1	1;1	31201104						1
41201105	2	12015020	2120101	1	2;7	31201105	120101					1
41201106	2	12015020	2120101	1	2;5	31201106	120101					1
41201107	2	12015020	2120101	1	2;3	31201107	120102					1
41201108	2	12015020	2120101	1	2;1	31201108	120102					1
41201109	2	12015020	2120101	1	3;7	31201109	120103					1
41201110	2	12015020	2120101	1	3;5	31201110	120103					1
41201111	2	12015020	2120101	1	3;3	31201111	120104					1
41201112	2	12015020	2120101	1	3;1	31201112	120104					1
41201113	2	12015020	2120101	1	4;4	31201113						1
41201114	2	12015020	2120101	1	5;7	31201114	120105					1
41201115	2	12015020	2120101	1	5;5	31201115	120105					1
41201116	2	12015020	2120101	1	5;3	31201116	120106					1
41201117	2	12015020	2120101	1	5;1	31201117	120106					1
41201118	2	12015020	2120101	1	6;7	31201118	120107					1
41201119	2	12015020	2120101	1	6;5	31201119	120107					1
41201120	2	12015020	2120101	1	6;3	31201120	120108					1
41201121	2	12015020	2120101	1	6;1	31201121	120108					1
41201122	2	12015020	2120101	2	1;7			4	1;7	1;5	41201101;41201102	1
41201123	2	12015020	2120101	2	1;6			5	1;6	1;6	41201101;41201102	1
41201124	2	12015020	2120101	2	1;3			4	1;3	1;1	41201103;41201104	1
41201125	2	12015020	2120101	2	1;2			5	1;2	1;2	41201103;41201104	1
41201126	2	12015020	2120101	2	2;6			3	2;6	2;6	41201105;41201116	1
41201127	2	12015020	2120101	2	2;2			3	2;2	2;2	41201107;41201108	1
41201128	2	12015020	2120101	2	3;6			4	3;6	3;2	41201109;41201110;41201111;41201112	1
41201129	2	12015020	2120101	2	3;4			5	3;4	3;4	41201109;41201110;41201111;41201112	1
41201130	2	12015020	2120101	2	4;6			2	4;6	4;2	41201113	1
41201131	2	12015020	2120101	2	4;4			1	4;4	4;4	41201113	1
41201132	2	12015020	2120101	2	5;6			3	5;6	5;6	41201114;41201115	1
41201133	2	12015020	2120101	2	5;2			3	5;2	5;2	41201116;41201117	1
41201134	2	12015020	2120102	1	1;6	31201122						1
41201135	2	12015020	2120102	1	1;2	31201129						1
41201136	2	12015020	2120102	1	2;7	31201123						1
41201137	2	12015020	2120102	1	2;5	31201126						1
41201138	2	12015020	2120102	1	2;3	31201130						1
41201139	2	12015020	2120102	1	2;1	31201132						1
41201140	2	12015020	2120102	1	3;7	31201124						1
41201141	2	12015020	2120102	1	3;5	31201127						1
41201142	2	12015020	2120102	1	3;3	31201131						1
41201143	2	12015020	2120102	1	3;1	31201133						1
41201144	2	12015020	2120102	1	4;7	31201125						1
41201145	2	12015020	2120102	1	4;5	31201128						1
41201146	2	12015020	2120102	1	4;2	31201134						1
41201147	2	12015020	2120102	2	1;7			2	1;7	1;5	41201134	1
41201148	2	12015020	2120102	2	1;6			1	1;6	1;6	41201134	1
41201149	2	12015020	2120102	2	1;3			2	1;3	1;1	41201135	1
41201150	2	12015020	2120102	2	1;2			1	1;2	1;2	41201135	1
41201151	2	12015020	2120102	2	2;7			3	2;7	2;7	41201136	1
41201152	2	12015020	2120102	2	2;5			3	2;5	2;5	41201137	1
41201153	2	12015020	2120102	2	2;3			3	2;3	2;3	41201138	1
41201154	2	12015020	2120102	2	2;1			3	2;1	2;1	41201139	1
41201155	2	12015020	2120102	2	3;7			3	3;7	3;7	41201140	1
41201156	2	12015020	2120102	2	3;5			3	3;5	3;5	41201141	1
41201157	2	12015020	2120102	2	3;3			4	3;3	3;1	41201142;41201143	1
41201158	2	12015020	2120102	2	3;2			5	3;2	3;2	41201142;41201143	1
41201159	2	12015020	2120103	1	1;4	31201135						1
41201160	2	12015020	2120103	1	2;5	31201136	120109					1
41201161	2	12015020	2120103	1	2;3	31201137	120109					1
41201162	2	12015020	2120103	1	3;6	31201138						1
41201163	2	12015020	2120103	1	3;2	31201139						1
41201164	2	12015020	2120103	1	4;7	31201140						1
41201165	2	12015020	2120103	1	4;5	31201141						1
41201166	2	12015020	2120103	1	4;3	31201142						1
41201167	2	12015020	2120103	1	4;1	31201143						1
41201168	2	12015020	2120103	1	5;6	31201144						1
41201169	2	12015020	2120103	1	5;3	31201145						1
41201170	2	12015020	2120103	1	5;1	31201146						1
41201171	2	12015020	2120103	1	6;2	31201147						1
41201172	2	12015020	2120103	2	1;4			3	1;4	1;4	41201159	1
41201173	2	12015020	2120103	2	2;6			2	2;6	2;2	41201160;41201161	1
41201174	2	12015020	2120103	2	2;4			1	2;4	2;4	41201160;41201161	1
41201175	2	12015020	2120103	2	3;7			2	3;7	3;5	41201162	1
41201176	2	12015020	2120103	2	3;6			1	3;6	3;6	41201162	1
41201177	2	12015020	2120103	2	3;3			2	3;3	3;1	41201163	1
41201178	2	12015020	2120103	2	3;2			1	3;2	3;2	41201163	1
41201179	2	12015020	2120103	2	4;7			4	4;7	4;5	41201164;41201165	1
41201180	2	12015020	2120103	2	4;6			5	4;6	4;6	41201164;41201165	1
41201181	2	12015020	2120103	2	4;3			3	4;3	4;3	41201166	1
41201182	2	12015020	2120103	2	4;1			3	4;1	4;1	41201167	1
41201183	2	12015020	2120103	2	4;3			4	5;3	5;1	41201169;41201170	1
41201184	2	12015020	2120103	2	4;2			5	5;2	5;2	41201169;41201170	1
41201185	2	12015020	2120104	1	1;6	31201148						1
41201186	2	12015020	2120104	1	1;2	31201149						1
41201187	2	12015020	2120104	1	2;7	31201150	120110					1
41201188	2	12015020	2120104	1	2;5	31201151	120110					1
41201189	2	12015020	2120104	1	2;3	31201152	120111					1
41201190	2	12015020	2120104	1	2;1	31201153	120111					1
41201191	2	12015020	2120104	1	3;7	31201154	120112					1
41201192	2	12015020	2120104	1	3;5	31201155	120112					1
41201193	2	12015020	2120104	1	3;3	31201156	120112					1
41201194	2	12015020	2120104	1	3;1	31201157	120112					1
41201195	2	12015020	2120104	1	4;6	31201158						1
41201196	2	12015020	2120104	1	4;4	31201159						1
41201197	2	12015020	2120104	1	4;2	31201160						1
41201198	2	12015020	2120104	1	5;7	31201161	120114					1
41201199	2	12015020	2120104	1	5;5	31201162	120114					1
41201200	2	12015020	2120104	1	5;3	31201163	120114					1
41201201	2	12015020	2120104	1	5;1	31201164	120114					1
41201202	2	12015020	2120104	1	6;4	31201165						1
41201203	2	12015020	2120104	2	1;6			3	1;6	1;6	41201185	1
41201204	2	12015020	2120104	2	1;2			3	1;2	1;2	41201186	1
41201205	2	12015020	2120104	2	2;6			4	2;6	2;2	41201187;41201188;41201189;41201190	1
41201206	2	12015020	2120104	2	2;4			5	2;4	2;4	41201187;41201188;41201189;41201190	1
41201207	2	12015020	2120104	2	3;6			2	3;6	3;2	41201191;41201192;41201193;41201194	1
41201208	2	12015020	2120104	2	3;4			1	3;4	3;4	41201191;41201192;41201193;41201194	1
41201209	2	12015020	2120104	2	3;4			3	3;4	3;4	41201191;41201192;41201193;41201194	1
41201210	2	12015020	2120104	2	4;6			4	4;6	4;2	41201195;41201196;41201197	1
41201211	2	12015020	2120104	2	4;4			5	4;4	4;4	41201195;41201196;41201197	1
41201212	2	12015020	2120104	2	4;4			3	4;4	4;4	41201195;41201196;41201197	1
41201213	2	12015020	2120104	2	5;4			3	5;4	5;4	41201198;41201199;41201200;41201201	1
41201214	2	12015020	2120105	1	1;7	31201166						1
41201215	2	12015020	2120105	1	1;3	31201170						1
41201216	2	12015020	2120105	1	2;7	31201167						1
41201217	2	12015020	2120105	1	2;4	31201171						1
41201218	2	12015020	2120105	1	2;2	31201172						1
41201219	2	12015020	2120105	1	3;7	31201168						1
41201220	2	12015020	2120105	1	3;3	31201173						1
41201221	2	12015020	2120105	1	4;7	31201169						1
41201222	2	12015020	2120105	1	4;5	31201174						1
41201223	2	12015020	2120105	1	4;3	31201175						1
41201224	2	12015020	2120105	1	4;1	31201176						1
41201225	2	12015020	2120105	1	6;7	31201177						1
41201226	2	12015020	2120105	1	6;5	31201178						1
41201227	2	12015020	2120105	1	6;3	31201179						1
41201228	2	12015020	2120105	2	1;7			3	1;7	1;7	41201214	1
41201229	2	12015020	2120105	2	1;4			2	1;4	1;2	41201215	1
41201230	2	12015020	2120105	2	1;3			1	1;3	1;3	41201215	1
41201231	2	12015020	2120105	2	2;7			3	2;7	2;7	41201216	1
41201232	2	12015020	2120105	2	2;4			4	2;4	2;2	41201217;41201218	1
41201233	2	12015020	2120105	2	2;3			5	2;3	2;3	41201217;41201218	1
41201234	2	12015020	2120105	2	3;7			3	3;7	3;7	41201219	1
41201235	2	12015020	2120105	2	3;5			2	3;5	3;1	41201220	1
41201236	2	12015020	2120105	2	3;3			1	3;3	3;3	41201220	1
41201237	2	12015020	2120105	2	3;3			3	3;3	3;3	41201220	1
41202101	2	12015021	2120201	1	1;4	31202101						1
41202102	2	12015021	2120201	1	2;7	31202102						1
41202103	2	12015021	2120201	1	2;4	31202103						1
41202104	2	12015021	2120201	1	2;1	31202104						1
41202105	2	12015021	2120201	1	3;7	31202105						1
41202106	2	12015021	2120201	1	3;1	31202106						1
41202107	2	12015021	2120201	1	4;5	31202107	120201					1
41202108	2	12015021	2120201	1	4;3	31202108	120201					1
41202109	2	12015021	2120201	1	5;7	31202109						1
41202110	2	12015021	2120201	1	5;4	31202120						1
41202111	2	12015021	2120201	1	5;1	31202111						1
41202112	2	12015021	2120201	1	6;5	31202112	120202					1
41202113	2	12015021	2120201	1	6;3	31202113	120202					1
41202114	2	12015021	2120201	2	1;7			2	1;7	1;1	41202101	1
41202115	2	12015021	2120201	2	1;4			3	1;4	1;4	41202101	1
41202116	2	12015021	2120201	2	2;1			1	1;4	1;4	41202101	1
41202117	2	12015021	2120201	2	2;1			3	2;1	2;1	41202104	1
41202118	2	12015021	2120201	2	2;7			3	2;7	2;7	41202102	1
41202119	2	12015021	2120201	2	3;7			4	3;7	3;1	41202105;41202106	1
41202120	2	12015021	2120201	2	3;4			5	3;4	3;4	41202105;41202106	1
41202121	2	12015021	2120201	2	4;7			2	4;7	4;1	41202107;41202108	1
41202122	2	12015021	2120201	2	4;4			1	4;4	4;4	41202107;41202108	1
41202123	2	12015021	2120201	2	4;4			3	4;4	4;4	41202107;41202108	1
41202124	2	12015021	2120201	2	5;4			3	5;4	5;4	41202110	1
41202125	2	12015021	2120202	1	1;3	31202114						1
41202126	2	12015021	2120202	1	2;5	31202115						1
41202127	2	12015021	2120202	1	2;1	31202116						1
41202128	2	12015021	2120202	1	3;7	31202117	120203					1
41202129	2	12015021	2120202	1	3;5	31202118	120203					1
41202130	2	12015021	2120202	1	3;3	31202119						1
41202131	2	12015021	2120202	1	3;1	31202120						1
41202132	2	12015021	2120202	1	4;6	31202121						1
41202133	2	12015021	2120202	1	4;1	31202122						1
41202134	2	12015021	2120202	1	5;7	31202123	120204					1
41202135	2	12015021	2120202	1	5;5	31202124	120204					1
41202136	2	12015021	2120202	1	6;6	31202125						1
41202137	2	12015021	2120202	2	1;5			2	1;5	1;1	41202125	1
41202138	2	12015021	2120202	2	1;4			1	1;4	1;4	41202125	1
41202139	2	12015021	2120202	2	2;6			2	2;6	2;3	41202126	1
41202140	2	12015021	2120202	2	2;5			1	2;5	2;5	41202126	1
41202141	2	12015021	2120202	2	2;1			3	2;1	2;1	41202127	1
41202142	2	12015021	2120202	2	3;6			3	3;6	3;6	41202128;41202129	1
41202143	2	12015021	2120202	2	3;1			3	3;1	3;1	41202130	1
41202144	2	12015021	2120202	2	4;6			3	4;6	4;6	41202132	1
41202145	2	12015021	2120202	2	5;6			3	5;6	5;6	41202134;41202135	1
41202146	2	12015021	2120203	1	1;4	31202126						1
41202147	2	12015021	2120203	1	2;5	31202127	120205					1
41202148	2	12015021	2120203	1	2;3	31202128	120205					1
41202149	2	12015021	2120203	1	3;6	31202129						1
41202150	2	12015021	2120203	1	3;2	31202130						1
41202151	2	12015021	2120203	1	4;7	31202131	120206					1
41202152	2	12015021	2120203	1	4;5	31202132	120206					1
41202153	2	12015021	2120203	1	4;3	31202133	120207					1
41202154	2	12015021	2120203	1	4;1	31202134	120207					1
41202155	2	12015021	2120203	1	5;6	31202135						1
41202156	2	12015021	2120203	1	5;3	31202136	120208					1
41202157	2	12015021	2120203	1	5;1	31202137	120208					1
41202158	2	12015021	2120203	1	6;2	31202138						1
41202159	2	12015021	2120203	2	1;4			3	1;4	1;4	41202146	1
41202160	2	12015021	2120203	2	2;6			2	2;6	2;2	41202147;41202148	1
41202161	2	12015021	2120203	2	2;4			1	2;4	2;4	41202147;41202148	1
41202162	2	12015021	2120203	2	3;6			3	3;6	3;6	41202149	1
41202163	2	12015021	2120203	2	3;2			3	3;2	3;2	41202150	1
41202164	2	12015021	2120203	2	4;6			3	4;6	4;6	41202151;41202152	1
41202165	2	12015021	2120203	2	4;2			3	4;2	4;2	41202153;41202154	1
41202166	2	12015021	2120203	2	5;2			3	5;2	5;2	41202156;41202157	1
41203101	2	12015022	2120301	1	1;6	31203101						1
41203102	2	12015022	2120301	1	1;2	31203102						1
41203103	2	12015022	2120301	1	2;6	31203103						1
41203104	2	12015022	2120301	1	2;3	31203104	120301					1
41203105	2	12015022	2120301	1	2;1	31203105	120301					1
41203106	2	12015022	2120301	1	3;6	31203106						1
41203107	2	12015022	2120301	1	3;3	31203107						1
41203108	2	12015022	2120301	1	3;1	31203108						1
41203109	2	12015022	2120301	1	4;7	31203109	120302					1
41203110	2	12015022	2120301	1	4;5	31203110	120302					1
41203111	2	12015022	2120301	1	4;2	31203111						1
41203112	2	12015022	2120301	1	5;4	31203112						1
41203113	2	12015022	2120301	1	6;4	31203113						1
41203114	2	12015022	2120301	2	1;6			3	1;6	1;6	41203101	1
41203115	2	12015022	2120301	2	1;2			3	1;2	1;2	41203102	1
41203116	2	12015022	2120301	2	2;6			3	2;6	2;6	41203103	1
41203117	2	12015022	2120301	2	2;3			2	2;3	2;1	41203104;41203105	1
41203118	2	12015022	2120301	2	2;2			1	2;2	2;2	41203104;41203105	1
41203119	2	12015022	2120301	2	3;6			3	3;6	3;6	41203106	1
41203120	2	12015022	2120301	2	3;3			4	3;3	3;1	41203107;41203108	1
41203121	2	12015022	2120301	2	3;2			5	3;2	3;2	41203107;41203108	1
41203122	2	12015022	2120301	2	4;6			4	4;6	4;2	41203109;41203110;41203111	1
41203123	2	12015022	2120301	2	4;4			5	4;4	4;4	41203109;41203110;41203111	1
41203124	2	12015022	2120301	2	5;4			3	5;4	5;4	41203112	1
41203125	2	12015022	2120302	1	1;4	31203114						1
41203126	2	12015022	2120302	1	2;6	31203115						1
41203127	2	12015022	2120302	1	2;3	31203116	120303					1
41203128	2	12015022	2120302	1	2;1	31203117	120303					1
41203129	2	12015022	2120302	1	3;4	31203118						1
41203130	2	12015022	2120302	1	4;5	31203119	120304					1
41203131	2	12015022	2120302	1	4;3	31203120	120304					1
41203132	2	12015022	2120302	1	5;6	31203121						1
41203133	2	12015022	2120302	1	5;2	31203122						1
41203134	2	12015022	2120302	1	6;6	31203123						1
41203135	2	12015022	2120302	1	6;2	31203124						1
41203136	2	12015022	2120302	2	1;6			2	1;6	1;2	41203125	1
41203137	2	12015022	2120302	2	1;4			1	1;4	1;4	41203125	1
41203138	2	12015022	2120302	2	2;6			4	2;6	2;2	41203126;41203127;41203128	1
41203139	2	12015022	2120302	2	2;4			5	2;4	2;4	41203126;41203127;41203128	1
41203140	2	12015022	2120302	2	3;4			3	3;4	3;4	41203129	1
41203141	2	12015022	2120302	2	4;6			2	4;6	4;2	41203130;41203131	1
41203142	2	12015022	2120302	2	4;4			1	4;4	4;4	41203130;41203131	1
41203143	2	12015022	2120302	2	5;6			3	5;6	5;6	41203132	1
41203144	2	12015022	2120302	2	5;2			3	5;2	5;2	41203133	1
41203145	2	12015022	2120303	1	1;6	31203125						1
41203146	2	12015022	2120303	1	1;2	31203126						1
41203147	2	12015022	2120303	1	2;6	31203127						1
41203148	2	12015022	2120303	1	2;3	31203128	120305					1
41203149	2	12015022	2120303	1	2;1	31203129	120305					1
41203150	2	12015022	2120303	1	3;6	31203130						1
41203151	2	12015022	2120303	1	3;2	31203131						1
41203152	2	12015022	2120303	1	4;7	31203132	120306					1
41203153	2	12015022	2120303	1	4;5	31203133	120306					1
41203154	2	12015022	2120303	1	4;2	31203134						1
41203155	2	12015022	2120303	1	5;4	31203135						1
41203156	2	12015022	2120303	1	6;5	31203136						1
41203157	2	12015022	2120303	1	6;3	31203137						1
41203158	2	12015022	2120303	2	1;6			3	1;6	1;6	41203145	1
41203159	2	12015022	2120303	2	1;2			3	1;2	1;2	41203146	1
41203160	2	12015022	2120303	2	2;6			3	2;6	2;6	41203147	1
41203161	2	12015022	2120303	2	2;2			3	2;2	2;2	41203148;41203149	1
41203162	2	12015022	2120303	2	3;6			3	3;6	3;6	41203150	1
41203163	2	12015022	2120303	2	3;2			3	3;2	3;2	41203151	1
41203164	2	12015022	2120303	2	4;6			4	4;6	4;2	41203152;41203153;41203154	1
41203165	2	12015022	2120303	2	4;4			5	4;4	4;4	41203152;41203153;41203154	1
41203166	2	12015022	2120303	2	5;5			2	5;5	5;3	41203155	1
41203167	2	12015022	2120303	2	5;4			1	5;4	5;4	41203155	1
41204101	2	12015023	2120401	1	1;4	31204101						1
41204102	2	12015023	2120401	1	2;5	31204102	120401					1
41204103	2	12015023	2120401	1	2;3	31204103	120401					1
41204104	2	12015023	2120401	1	3;6	31204104						1
41204105	2	12015023	2120401	1	3;4	31204105						1
41204106	2	12015023	2120401	1	3;2	31204106						1
41204107	2	12015023	2120401	1	4;7	31204107	120402					1
41204108	2	12015023	2120401	1	4;5	31204108	120402					1
41204109	2	12015023	2120401	1	4;3	31204109	120403					1
41204110	2	12015023	2120401	1	4;1	31204110	120403					1
41204111	2	12015023	2120401	1	5;4	31204111						1
41204112	2	12015023	2120401	1	6;4	31204112						1
41204113	2	12015023	2120401	2	1;4			3	1;4	1;4	41204101	1
41204114	2	12015023	2120401	2	2;6			2	2;6	2;2	41204102;41204103	1
41204115	2	12015023	2120401	2	2;4			1	2;4	2;4	41204102;41204103	1
41204116	2	12015023	2120401	2	2;4			3	2;4	2;4	41204102;41204103	1
41204117	2	12015023	2120401	2	3;6			3	3;6	3;6	41204104	1
41204118	2	12015023	2120401	2	3;2			3	3;2	3;2	41204106	1
41204119	2	12015023	2120401	2	4;6			4	4;6	4;2	41204107;41204108;41204109;41204110	1
41204120	2	12015023	2120401	2	4;4			5	4;4	4;4	41204107;41204108;41204109;41204110	1
41204121	2	12015023	2120401	2	5;4			3	5;4	5;4	41204111	1
41204122	2	12015023	2120402	1	1;4	31204113						1
41204123	2	12015023	2120402	1	2;6	31204114						1
41204124	2	12015023	2120402	1	2;3	31204115	120404					1
41204125	2	12015023	2120402	1	2;1	31204116	120404					1
41204126	2	12015023	2120402	1	3;6	31204117						1
41204127	2	12015023	2120402	1	3;2	31204118						1
41204128	2	12015023	2120402	1	4;5	31204119	120405					1
41204129	2	12015023	2120402	1	4;3	31204120	120405					1
41204130	2	12015023	2120402	1	5;5	31204121						1
41204131	2	12015023	2120402	1	5;3	31204122						1
41204132	2	12015023	2120402	1	6;5	31204123						1
41204133	2	12015023	2120402	1	6;3	31204124						1
41204134	2	12015023	2120402	2	1;6			2	1;6	1;2	41204122	1
41204135	2	12015023	2120402	2	1;4			1	1;4	1;4	41204123	1
41204136	2	12015023	2120402	2	2;6			3	2;6	2;6	41204124;41204125	1
41204137	2	12015023	2120402	2	2;2			3	2;2	2;2	41204126;41204127	1
41204138	2	12015023	2120402	2	3;6			4	3;6	3;2	41204126;41204127	1
41204139	2	12015023	2120402	2	3;4			5	3;4	3;4	41204126;41204127	1
41204140	2	12015023	2120402	2	4;5			2	4;5	4;3	41204128;41204129	1
41204141	2	12015023	2120402	2	4;4			1	4;4	4;4	41204128;41204129	1
41204142	2	12015023	2120402	2	5;5			3	5;5	5;5	41204130	1
41204143	2	12015023	2120402	2	5;3			3	5;3	5;3	41204131	1
41204144	2	12015023	2120403	1	1;5	31204125						1
41204145	2	12015023	2120403	1	1;2	31204126						1
41204146	2	12015023	2120403	1	2;6	31204127	120406					1
41204147	2	12015023	2120403	1	2;4	31204128	120406					1
41204148	2	12015023	2120403	1	2;2	31204129						1
41204149	2	12015023	2120403	1	3;5	31204130						1
41204150	2	12015023	2120403	1	3;2	31204131						1
41204151	2	12015023	2120403	1	4;5	31204132						1
41204152	2	12015023	2120403	1	5;6	31204133	120407					1
41204153	2	12015023	2120403	1	5;4	31204134	120407					1
41204154	2	12015023	2120403	1	6;6	31204135						1
41204155	2	12015023	2120403	1	6;4	31204136						1
41204156	2	12015023	2120403	2	1;5			3	1;5	1;5	41204144	1
41204157	2	12015023	2120403	2	1;2			3	1;2	1;2	41204145	1
41204158	2	12015023	2120403	2	2;5			3	2;5	2;5	41204146;41204147	1
41204159	2	12015023	2120403	2	2;2			3	2;2	2;2	41204148	1
41204160	2	12015023	2120403	2	3;5			3	3;5	3;5	41204149	1
41204161	2	12015023	2120403	2	4;5			3	4;5	4;5	41204151	1
41204162	2	12015023	2120403	2	5;5			1	5;5	5;5	41204152;41204153	1
41204163	2	12015023	2120403	2	5;6			2	5;6	5;4	41204152;41204153	1
41205101	2	12015024	2120501	1	1;6	31205101						1
41205102	2	12015024	2120501	1	2;7	31205102	31205102					1
41205103	2	12015024	2120501	1	2;5	31205103	31205102					1
41205104	2	12015024	2120501	1	3;6	31205104						1
41205105	2	12015024	2120501	1	4;6	31205105						1
41205106	2	12015024	2120501	1	1;2	31205106						1
41205107	2	12015024	2120501	1	2;2	31205107						1
41205108	2	12015024	2120501	1	3;1	31205108	31205108					1
41205109	2	12015024	2120501	1	3;3	31205109	31205108					1
41205110	2	12015024	2120501	1	4;2	31205110						1
41205111	2	12015024	2120501	1	5;4	31205111						1
41205112	2	12015024	2120501	1	6;4	31205112						1
41205113	2	12015024	2120501	2	1;6			3	1;6	1;6	41205101	1
41205114	2	12015024	2120501	2	1;2			3	2;6	2;6	41205102;41205103	1
41205115	2	12015024	2120501	2	2;6			3	3;6	3;6	41205104	1
41205116	2	12015024	2120501	2	2;3			4	4;6	4;2	41205105;41205110	1
41205117	2	12015024	2120501	2	2;2			5	4;4	4;4	41205105;41205110	1
41205118	2	12015024	2120501	2	3;6			3	5;4	5;4	41205111	1
41205119	2	12015024	2120501	2	3;3			3	1;2	1;2	41205106	1
41205120	2	12015024	2120501	2	3;2			3	2;2	2;2	41205107	1
41205121	2	12015024	2120501	2	4;6			3	3;2	3;2	41205108;41205109	1
41205125	2	12015024	2120502	1	1;5	31205113	31205113					1
41205126	2	12015024	2120502	1	1;3	31205114	31205113					1
41205127	2	12015024	2120502	1	2;6	31205115						1
41205128	2	12015024	2120502	1	3;7	31205116						1
41205129	2	12015024	2120502	1	3;5	31205117						1
41205130	2	12015024	2120502	1	4;6	31205118						1
41205131	2	12015024	2120502	1	2;2	31205119						1
41205132	2	12015024	2120502	1	3;1	31205120	31205120					1
41205133	2	12015024	2120502	1	3;3	31205121	31205120					1
41205134	2	12015024	2120502	1	4;2	31205122						1
41205135	2	12015024	2120502	1	5;4	31205123						1
41205136	2	12015024	2120502	1	6;4	31205124						1
41205137	2	12015024	2120502	2	1;4			1	1;4	1;4	31105113;31105114	1
41205138	2	12015024	2120502	2	2;6			2	1;6	1;2	31105113;31105114	1
41205139	2	12015024	2120502	2	2;4			1	2;6	2;6	41205127	1
41205140	2	12015024	2120502	2	3;4			2	2;7	2;5	41205127	1
41205141	2	12015024	2120502	2	4;6			4	3;7	3;5	41205128;41205129	1
41205142	2	12015024	2120502	2	4;4			5	3;6	3;6	41205128;41205129	1
41205143	2	12015024	2120502	2	5;6			3	2;2	2;2	41205131	1
41205144	2	12015024	2120502	2	5;2			3	3;2	3;2	41205132;41205133	1
41205145	2	12015024	2120502	2	5;2			4	4;6	4;2	41205134;41205130	1
41205146	2	12015024	2120502	2	5;2			5	4;4	4;4	41205134;41205130	1
41205147	2	12015024	2120502	2	5;2			3	5;4	5;4	41205135	1
41205148	2	12015024	2120503	1	1;6	31205125						1
41205149	2	12015024	2120503	1	2;7	31205126						1
41205150	2	12015024	2120503	1	2;5	31205127						1
41205151	2	12015024	2120503	1	3;6	31205128						1
41205152	2	12015024	2120503	1	1;3	31205129	31205129					1
41205153	2	12015024	2120503	1	1;1	31205130	31205129					1
41205154	2	12015024	2120503	1	2;3	31205131	31205131					1
41205155	2	12015024	2120503	1	2;1	31205132	31205131					1
41205156	2	12015024	2120503	1	3;2	31205133						1
41205157	2	12015024	2120503	1	4;4	31205134						1
41205158	2	12015024	2120503	1	5;5	31205135	31205135					1
41205159	2	12015024	2120503	1	5;3	31205136	31205135					1
41205160	2	12015024	2120503	1	6;4	31205137						1
41205161	2	12015024	2120503	2	1;6			1	1;6	1;6	41205148	1
41205162	2	12015024	2120503	2	1;2			2	1;7	1;5	41205148	1
41205163	2	12015024	2120503	2	2;6			4	2;7	2;5	41205149;41205150	1
41205164	2	12015024	2120503	2	2;2			5	2;6	2;6	41205149;41205150	1
41205165	2	12015024	2120503	2	3;6			3	1;2	1;2	41205152;41205153	1
41205166	2	12015024	2120503	2	3;2			3	2;2	2;2	41205154;41205155	1
41205167	2	12015024	2120503	2	4;6			4	3;6	3;2	41205151;41205156	1
41205168	2	12015024	2120503	2	4;4			5	3;4	3;4	41205151;41205156	1
41205169	2	12015024	2120503	2	5;5			3	4;4	4;4	41205157	1
41205170	2	12015024	2120503	2	5;4			3	5;4	5;4	41205158;41205159	1
41206101	2	12015025	2120601	1	1;6	31206101						1
41206102	2	12015025	2120601	1	1;4	31206102						1
41206103	2	12015025	2120601	1	1;2	31206103						1
41206104	2	12015025	2120601	1	2;5	31206104	31206104					1
41206105	2	12015025	2120601	1	2;3	31206105	31206104					1
41206106	2	12015025	2120601	1	3;6	31206106						1
41206107	2	12015025	2120601	1	3;2	31206107						1
41206108	2	12015025	2120601	1	4;7	31206108	31206108					1
41206109	2	12015025	2120601	1	4;5	31206109	31206108					1
41206110	2	12015025	2120601	1	4;3	31206110	31206110					1
41206111	2	12015025	2120601	1	4;1	31206111	31206110					1
41206112	2	12015025	2120601	1	5;4	31206112						1
41206113	2	12015025	2120601	1	6;4	31206113						1
41206114	2	12015025	2120601	2	1;6			4	1;6	1;2	41206101;41206102;41206103	1
41206115	2	12015025	2120601	2	1;2			3	1;4	1;4	41206101;41206102;41206103	1
41206116	2	12015025	2120601	2	2;6			2	2;6	2;2	41206104;41206105	1
41206117	2	12015025	2120601	2	2;3			1	2;4	2;4	41206104;41206105	1
41206118	2	12015025	2120601	2	2;2			3	3;6	3;6	41206106	1
41206119	2	12015025	2120601	2	3;6			3	3;2	3;2	41206107	1
41206120	2	12015025	2120601	2	3;3			4	4;6	4;2	41206108;41206109;41206110;41206111	1
41206121	2	12015025	2120601	2	3;2			5	4;4	4;4	41206112	1
41206122	2	12015025	2120601	2	4;6			3	5;4	5;4	41206113	1
41206125	2	12015025	2120602	1	1;5	31206114	31206114					1
41206126	2	12015025	2120602	1	1;3	31206115	31206114					1
41206127	2	12015025	2120602	1	2;5	31206116						1
41206128	2	12015025	2120602	1	2;3	31206117						1
41206129	2	12015025	2120602	1	3;6	31206118						1
41206130	2	12015025	2120602	1	3;4	31206119						1
41206131	2	12015025	2120602	1	4;6	31206120	31206120					1
41206132	2	12015025	2120602	1	4;4	31206121	31206120					1
41206133	2	12015025	2120602	1	5;7	31206122						1
41206134	2	12015025	2120602	1	5;3	31206123						1
41206135	2	12015025	2120602	1	6;7	31206124						1
41206136	2	12015025	2120602	1	6;3	31206125						1
41206137	2	12015025	2120602	2	1;4			1	1;4	1;4	41206125;41206126	1
41206138	2	12015025	2120602	2	2;6			2	1;5	1;3	41206125;41206126	1
41206139	2	12015025	2120602	2	2;4			1	2;5	2;5	41206127	1
41206140	2	12015025	2120602	2	3;4			2	2;6	2;4	41206127	1
41206141	2	12015025	2120602	2	4;6			4	3;6	3;4	41206129;41206130	1
41206142	2	12015025	2120602	2	4;4			5	3;5	3;5	41206129;41206130	1
41206143	2	12015025	2120602	2	5;6			1	4;5	4;5	41206131;41206132	1
41206144	2	12015025	2120602	2	5;2			2	4;7	4;3	41206131;41206132	1
41206145	2	12015025	2120602	2	5;2			3	5;7	5;7	41206133	1
41206146	2	12015025	2120602	2	5;2			3	5;3	5;3	41206134	1
41206148	2	12015025	2120603	1	1;6	31206127						1
41206149	2	12015025	2120603	1	1;2	31206128						1
41206150	2	12015025	2120603	1	2;7	31206129						1
41206151	2	12015025	2120603	1	2;5	31206130						1
41206152	2	12015025	2120603	1	2;3	31206131	31206131					1
41206153	2	12015025	2120603	1	2;1	31206132	31206131					1
41206154	2	12015025	2120603	1	3;6	31206133						1
41206155	2	12015025	2120603	1	3;2	31206134						1
41206156	2	12015025	2120603	1	4;4	31206135						1
41206157	2	12015025	2120603	1	5;4	31206136						1
41206158	2	12015025	2120603	1	6;5	31206137	31206137					1
41206159	2	12015025	2120603	1	6;3	31206138	31206137					1
41206161	2	12015025	2120603	2	1;6			1	1;6	1;6	41206148	1
41206162	2	12015025	2120603	2	1;2			2	1;7	1;5	41206148	1
41206163	2	12015025	2120603	2	2;6			3	1;2	1;2	41206149	1
41206164	2	12015025	2120603	2	2;2			4	2;7	2;5	41206150;41206150	1
41206165	2	12015025	2120603	2	3;6			5	2;6	2;6	41206150;41206150	1
41206166	2	12015025	2120603	2	3;2			3	2;2	2;2	41206152;41206153	1
41206167	2	12015025	2120603	2	4;6			4	3;6	3;2	41206154;41206155	1
41206168	2	12015025	2120603	2	4;4			5	3;4	3;4	41206154;41206155	1
41206169	2	12015025	2120603	2	5;5			3	4;4	4;4	41206156	1
41206170	2	12015025	2120603	2	5;4			3	5;4	5;4	41206157	1
41207101	2	12015026	2120701	1	1;5	31207101	31207101					1
41207102	2	12015026	2120701	1	1;3	31207102	31207101					1
41207103	2	12015026	2120701	1	2;4	31207103						1
41207104	2	12015026	2120701	1	3;6	31207104						1
41207105	2	12015026	2120701	1	3;4	31207105						1
41207106	2	12015026	2120701	1	3;2	31207106						1
41207107	2	12015026	2120701	1	4;5	31207107	31207107					1
41207108	2	12015026	2120701	1	4;3	31207108	31207107					1
41207109	2	12015026	2120701	1	5;5	31207109						1
41207110	2	12015026	2120701	1	5;3	31207110						1
41207111	2	12015026	2120701	1	6;4	31207111						1
41207114	2	12015026	2120701	2	1;6			3	1;4	1;4	41207101;41207102	1
41207115	2	12015026	2120701	2	1;2			1	2;4	2;4	41207103	1
41207116	2	12015026	2120701	2	2;6			2	2;6	2;2	41207103	1
41207117	2	12015026	2120701	2	2;3			3	2;4	2;4	41207103	1
41207118	2	12015026	2120701	2	2;2			3	3;4	3;4	41207104;41207105;41207106	1
41207119	2	12015026	2120701	2	3;6			4	3;6	3;2	41207104;41207105;41207106	1
41207120	2	12015026	2120701	2	3;3			5	3;4	3;4	41207104;41207105;41207106	1
41207121	2	12015026	2120701	2	3;2			1	4;4	4;4	41207107;41207108	1
41207122	2	12015026	2120701	2	4;6			2	4;5	4;3	41207107;41207108	1
41207123	2	12015026	2120701	2	3;2			4	5;5	5;3	41207109;41207110	1
41207124	2	12015026	2120701	2	4;6			5	5;4	5;4	41207109;41207110	1
41207125	2	12015026	2120702	1	1;6	31207114						1
41207126	2	12015026	2120702	1	1;2	31207115						1
41207127	2	12015026	2120702	1	2;7	31207116	31207116					1
41207128	2	12015026	2120702	1	2;5	31207117	31207116					1
41207129	2	12015026	2120702	1	2;2	31207118						1
41207130	2	12015026	2120702	1	3;4	31207119						1
41207131	2	12015026	2120702	1	4;5	31207120						1
41207132	2	12015026	2120702	1	4;3	31207121						1
41207133	2	12015026	2120702	1	5;5	31207122	31207122					1
41207134	2	12015026	2120702	1	5;3	31207123	31207122					1
41207135	2	12015026	2120702	1	6;5	31207124						1
41207136	2	12015026	2120702	1	6;3	31207125						1
41207137	2	12015026	2120702	2	1;4		·	3	1;2	1;2	41207125	1
41207138	2	12015026	2120702	2	2;6			3	1;6	1;6	41207126	1
41207139	2	12015026	2120702	2	2;4			4	2;6	2;2	41207127;41207128;41207129	1
41207140	2	12015026	2120702	2	3;4			5	2;4	2;4	41207127;41207128;41207129	1
41207141	2	12015026	2120702	2	4;6			1	3;4	3;4	41207130	1
41207142	2	12015026	2120702	2	4;4			2	3;5	3;3	41207130	1
41207143	2	12015026	2120702	2	5;6			4	4;5	4;3	41207131;41207132	1
41207144	2	12015026	2120702	2	5;2			5	4;4	4;4	41207131;41207132	1
41207145	2	12015026	2120702	2	5;2			1	5;4	5;4	41207133;41207134	1
41207146	2	12015026	2120702	2	5;2			2	5;5	5;3	41207133;41207134	1
41207148	2	12015026	2120703	1	1;6	31207126						1
41207149	2	12015026	2120703	1	1;2	31207127						1
41207150	2	12015026	2120703	1	2;7	31207128	31207128					1
41207151	2	12015026	2120703	1	2;5	31207129	31207128					1
41207152	2	12015026	2120703	1	2;2	31207130						1
41207153	2	12015026	2120703	1	3;7	31207131						1
41207154	2	12015026	2120703	1	3;5	31207132						1
41207155	2	12015026	2120703	1	3;3	31207133	31207133					1
41207156	2	12015026	2120703	1	3;1	31207134	31207133					1
41207157	2	12015026	2120703	1	4;6	31207135						1
41207158	2	12015026	2120703	1	4;2	31207136						1
41207159	2	12015026	2120703	1	5;4	31207137						1
41207160	2	12015026	2120703	1	6;4	31207138						1
41207161	2	12015026	2120703	2	1;6			3	1;6	1;6	41206148	1
41207162	2	12015026	2120703	2	1;2			3	1;2	1;2	41206149	1
41207163	2	12015026	2120703	2	2;6			1	2;6	2;6	41206150;41206151	1
41207164	2	12015026	2120703	2	2;2			2	2;7	2;5	41206150;41206151	1
41207165	2	12015026	2120703	2	3;6			3	2;2	2;2	41206152	1
41207166	2	12015026	2120703	2	3;2			4	3;7	3;5	41206153;41206154	1
41207167	2	12015026	2120703	2	4;6			5	3;6	3;6	41206153;41206154	1
41207168	2	12015026	2120703	2	4;4			3	3;2	3;2	41206155;41206156	1
41207169	2	12015026	2120703	2	5;5			4	4;6	4;2	41206157;41206158	1
41207170	2	12015026	2120703	2	5;4			5	4;4	4;4	41206157;41206158	1
41207171	2	12015026	2120703	2	5;4			3	5;4	5;4	41206159	1
41208101	2	12015027	2120801	1	1;5	31208101						1
41208102	2	12015027	2120801	1	1;3	31208102						1
41208103	2	12015027	2120801	1	2;4	31208103						1
41208104	2	12015027	2120801	1	3;6	31208104						1
41208105	2	12015027	2120801	1	3;2	31208105						1
41208106	2	12015027	2120801	1	4;7	31208106	120801					1
41208107	2	12015027	2120801	1	4;5	31208107	120801					1
41208108	2	12015027	2120801	1	4;2	31208108						1
41208109	2	12015027	2120801	1	5;5	31208109	120802					1
41208110	2	12015027	2120801	1	5;3	31208110	120802					1
41208111	2	12015027	2120801	1	6;5	31208111						1
41208112	2	12015027	2120801	1	6;3	31208112						1
41208113	2	12015027	2120801	2	1;5			4	1;5	1;3	41208101;41208102	1
41208114	2	12015027	2120801	2	1;4			5	1;4	1;4	41208101;41208102	1
41208115	2	12015027	2120801	2	2;6			2	2;6	2;2	41208103	1
41208116	2	12015027	2120801	2	2;4			1	2;4	2;4	41208103	1
41208117	2	12015027	2120801	2	3;6			3	3;6	3;6	41208104	1
41208118	2	12015027	2120801	2	3;2			3	3;2	3;2	41208105	1
41208119	2	12015027	2120801	2	4;6			4	4;6	4;2	41208106;41208107;41208108	1
41208120	2	12015027	2120801	2	4;4			5	4;4	4;4	41208106;41208107;41208108	1
41208121	2	12015027	2120801	2	5;5			2	5;5	5;3	41208109;41208110	1
41208122	2	12015027	2120801	2	5;4			1	5;4	5;4	41208109;41208110	1
41208123	2	12015027	2120802	1	1;6	31208113						1
41208124	2	12015027	2120802	1	1;2	31208114						1
41208125	2	12015027	2120802	1	2;6	31208115						1
41208126	2	12015027	2120802	1	2;2	31208116						1
41208127	2	12015027	2120802	1	3;4	31208117						1
41208128	2	12015027	2120802	1	4;5	31208118	120803					1
41208129	2	12015027	2120802	1	4;3	31208119	120803					1
41208130	2	12015027	2120802	1	5;7	31208120	120804					1
41208131	2	12015027	2120802	1	5;5	31208121	120804					1
41208132	2	12015027	2120802	1	5;2	31208122						1
41208133	2	12015027	2120802	1	6;6	31208123						1
41208134	2	12015027	2120802	2	1;6			3	1;6	1;6	41208123	1
41208135	2	12015027	2120802	2	1;2			3	1;2	1;2	41208124	1
41208136	2	12015027	2120802	2	2;6			4	2;6	2;2	41208125;41208126	1
41208137	2	12015027	2120802	2	2;4			5	2;4	2;4	41208125;41208126	1
41208138	2	12015027	2120802	2	3;4			3	3;4	3;4	41208127	1
41208139	2	12015027	2120802	2	4;6 			2	4;6 	4;2	41208128;41208129	1
41208140	2	12015027	2120802	2	4;4			1	4;4	4;4	41208128;41208129	1
41208141	2	12015027	2120802	2	5;6			3	5;6	5;6	41208130;41208131	1
41208142	2	12015027	2120803	1	1;4	31208124						1
41208143	2	12015027	2120803	1	2;6	31208125						1
41208144	2	12015027	2120803	1	2;2	31208126						1
41208145	2	12015027	2120803	1	3;4	31208127						1
41208146	2	12015027	2120803	1	4;4	31208128						1
41208147	2	12015027	2120803	1	5;7	31208129	120805					1
41208148	2	12015027	2120803	1	5;5	31208130	120805					1
41208149	2	12015027	2120803	1	5;2	31208131						1
41208150	2	12015027	2120803	1	6;6	31208132						1
41208151	2	12015027	2120803	1	6;3	31208133	120806					1
41208152	2	12015027	2120803	1	6;1	31208134	120806					1
41208153	2	12015027	2120803	2	1;6			2	1;6	1;2	41208142	1
41208154	2	12015027	2120803	2	1;4			1	1;4	1;4	41208142	1
41208155	2	12015027	2120803	2	2;6			4	2;6	2;2	41208143;41208144	1
41208156	2	12015027	2120803	2	2;4			5	2;4	2;4	41208143;41208144	1
41208157	2	12015027	2120803	2	3;4			3	3;4	3;4	41208145	1
41208158	2	12015027	2120803	2	4;6			2	4;6	4;2	41208146	1
41208159	2	12015027	2120803	2	4;4			1	4;4	4;4	41208146	1
41208160	2	12015027	2120803	2	5;6			3	5;6	5;6	41208147;41208148	1
41208161	2	12015027	2120803	2	5;3			3	5;2	5;2	41208149	1
41301101	3	12015030	2130101	1	1;7	31301101						1
41301102	3	12015030	2130101	1	1;5	31301102						1
41301103	3	12015030	2130101	1	1;3	31301103						1
41301104	3	12015030	2130101	1	1;1	31301104						1
41301105	3	12015030	2130101	1	2;7	31301105	130101					1
41301106	3	12015030	2130101	1	2;5	31301106	130101					1
41301107	3	12015030	2130101	1	2;3	31301107	130102					1
41301108	3	12015030	2130101	1	2;1	31301108	130102					1
41301109	3	12015030	2130101	1	3;7	31301109	130103					1
41301110	3	12015030	2130101	1	3;5	31301110	130103					1
41301111	3	12015030	2130101	1	3;3	31301111	130104					1
41301112	3	12015030	2130101	1	3;1	31301112	130104					1
41301113	3	12015030	2130101	1	4;4	31301113						1
41301114	3	12015030	2130101	1	5;7	31301114	130105					1
41301115	3	12015030	2130101	1	5;5	31301115	130105					1
41301116	3	12015030	2130101	1	5;3	31301116	130106					1
41301117	3	12015030	2130101	1	5;1	31301117	130106					1
41301118	3	12015030	2130101	1	6;7	31301118	130107					1
41301119	3	12015030	2130101	1	6;5	31301119	130107					1
41301120	3	12015030	2130101	1	6;3	31301120	130108					1
41301121	3	12015030	2130101	1	6;1	31301121	130108					1
41301122	3	12015030	2130101	2	1;7			4	1;7	1;5	41301101;41301102	1
41301123	3	12015030	2130101	2	1;6			5	1;6	1;6	41301101;41301102	1
41301124	3	12015030	2130101	2	1;3			4	1;3	1;1	41301103;41301104	1
41301125	3	12015030	2130101	2	1;2			5	1;2	1;2	41301103;41301104	1
41301126	3	12015030	2130101	2	2;6			3	2;6	2;6	41301105;41301116	1
41301127	3	12015030	2130101	2	2;2			3	2;2	2;2	41301107;41301108	1
41301128	3	12015030	2130101	2	3;6			4	3;6	3;2	41301109;41301110;41301111;41301112	1
41301129	3	12015030	2130101	2	3;4			5	3;4	3;4	41301109;41301110;41301111;41301112	1
41301130	3	12015030	2130101	2	4;6			2	4;6	4;2	41301113	1
41301131	3	12015030	2130101	2	4;4			1	4;4	4;4	41301113	1
41301132	3	12015030	2130101	2	5;6			3	5;6	5;6	41301114;41301115	1
41301133	3	12015030	2130101	2	5;2			3	5;2	5;2	41301116;41301117	1
41301134	3	12015030	2130102	1	1;6	31301122						1
41301135	3	12015030	2130102	1	1;2	31301129						1
41301136	3	12015030	2130102	1	2;7	31301123						1
41301137	3	12015030	2130102	1	2;5	31301126						1
41301138	3	12015030	2130102	1	2;3	31301130						1
41301139	3	12015030	2130102	1	2;1	31301132						1
41301140	3	12015030	2130102	1	3;7	31301124						1
41301141	3	12015030	2130102	1	3;5	31301127						1
41301142	3	12015030	2130102	1	3;3	31301131						1
41301143	3	12015030	2130102	1	3;1	31301133						1
41301144	3	12015030	2130102	1	4;7	31301125						1
41301145	3	12015030	2130102	1	4;5	31301128						1
41301146	3	12015030	2130102	1	4;2	31301134						1
41301147	3	12015030	2130102	2	1;7			2	1;7	1;5	41301134	1
41301148	3	12015030	2130102	2	1;6			1	1;6	1;6	41301134	1
41301149	3	12015030	2130102	2	1;3			2	1;3	1;1	41301135	1
41301150	3	12015030	2130102	2	1;2			1	1;2	1;2	41301135	1
41301151	3	12015030	2130102	2	2;7			3	2;7	2;7	41301136	1
41301152	3	12015030	2130102	2	2;5			3	2;5	2;5	41301137	1
41301153	3	12015030	2130102	2	2;3			3	2;3	2;3	41301138	1
41301154	3	12015030	2130102	2	2;1			3	2;1	2;1	41301139	1
41301155	3	12015030	2130102	2	3;7			3	3;7	3;7	41301140	1
41301156	3	12015030	2130102	2	3;5			3	3;5	3;5	41301141	1
41301157	3	12015030	2130102	2	3;3			4	3;3	3;1	41301142;41301143	1
41301158	3	12015030	2130102	2	3;2			5	3;2	3;2	41301142;41301143	1
41301159	3	12015030	2130103	1	1;4	31301135						1
41301160	3	12015030	2130103	1	2;5	31301136	130109					1
41301161	3	12015030	2130103	1	2;3	31301137	130109					1
41301162	3	12015030	2130103	1	3;6	31301138						1
41301163	3	12015030	2130103	1	3;2	31301139						1
41301164	3	12015030	2130103	1	4;7	31301140						1
41301165	3	12015030	2130103	1	4;5	31301141						1
41301166	3	12015030	2130103	1	4;3	31301142						1
41301167	3	12015030	2130103	1	4;1	31301143						1
41301168	3	12015030	2130103	1	5;6	31301144						1
41301169	3	12015030	2130103	1	5;3	31301145						1
41301170	3	12015030	2130103	1	5;1	31301146						1
41301171	3	12015030	2130103	1	6;2	31301147						1
41301172	3	12015030	2130103	2	1;4			3	1;4	1;4	41301159	1
41301173	3	12015030	2130103	2	2;6			2	2;6	2;2	41301160;41301161	1
41301174	3	12015030	2130103	2	2;4			1	2;4	2;4	41301160;41301161	1
41301175	3	12015030	2130103	2	3;7			2	3;7	3;5	41301162	1
41301176	3	12015030	2130103	2	3;6			1	3;6	3;6	41301162	1
41301177	3	12015030	2130103	2	3;3			2	3;3	3;1	41301163	1
41301178	3	12015030	2130103	2	3;2			1	3;2	3;2	41301163	1
41301179	3	12015030	2130103	2	4;7			4	4;7	4;5	41301164;41301165	1
41301180	3	12015030	2130103	2	4;6			5	4;6	4;6	41301164;41301165	1
41301181	3	12015030	2130103	2	4;3			3	4;3	4;3	41301166	1
41301182	3	12015030	2130103	2	4;1			3	4;1	4;1	41301167	1
41301183	3	12015030	2130103	2	4;3			4	5;3	5;1	41301169;41301170	1
41301184	3	12015030	2130103	2	4;2			5	5;2	5;2	41301169;41301170	1
41301185	3	12015030	2130104	1	1;6	31301148						1
41301186	3	12015030	2130104	1	1;2	31301149						1
41301187	3	12015030	2130104	1	2;7	31301150	130110					1
41301188	3	12015030	2130104	1	2;5	31301151	130110					1
41301189	3	12015030	2130104	1	2;3	31301152	130111					1
41301190	3	12015030	2130104	1	2;1	31301153	130111					1
41301191	3	12015030	2130104	1	3;7	31301154	130112					1
41301192	3	12015030	2130104	1	3;5	31301155	130112					1
41301193	3	12015030	2130104	1	3;3	31301156	130112					1
41301194	3	12015030	2130104	1	3;1	31301157	130112					1
41301195	3	12015030	2130104	1	4;6	31301158						1
41301196	3	12015030	2130104	1	4;4	31301159						1
41301197	3	12015030	2130104	1	4;2	31301160						1
41301198	3	12015030	2130104	1	5;7	31301161	130114					1
41301199	3	12015030	2130104	1	5;5	31301162	130114					1
41301200	3	12015030	2130104	1	5;3	31301163	130114					1
41301201	3	12015030	2130104	1	5;1	31301164	130114					1
41301202	3	12015030	2130104	1	6;4	31301165						1
41301203	3	12015030	2130104	2	1;6			3	1;6	1;6	41301185	1
41301204	3	12015030	2130104	2	1;2			3	1;2	1;2	41301186	1
41301205	3	12015030	2130104	2	2;6			4	2;6	2;2	41301187;41301188;41301189;41301190	1
41301206	3	12015030	2130104	2	2;4			5	2;4	2;4	41301187;41301188;41301189;41301190	1
41301207	3	12015030	2130104	2	3;6			2	3;6	3;2	41301191;41301192;41301193;41301194	1
41301208	3	12015030	2130104	2	3;4			1	3;4	3;4	41301191;41301192;41301193;41301194	1
41301209	3	12015030	2130104	2	3;4			3	3;4	3;4	41301191;41301192;41301193;41301194	1
41301210	3	12015030	2130104	2	4;6			4	4;6	4;2	41301195;41301196;41301197	1
41301211	3	12015030	2130104	2	4;4			5	4;4	4;4	41301195;41301196;41301197	1
41301212	3	12015030	2130104	2	4;4			3	4;4	4;4	41301195;41301196;41301197	1
41301213	3	12015030	2130104	2	5;4			3	5;4	5;4	41301198;41301199;41301200;41301201	1
41301214	3	12015030	2130105	1	1;7	31301166						1
41301215	3	12015030	2130105	1	1;3	31301170						1
41301216	3	12015030	2130105	1	2;7	31301167						1
41301217	3	12015030	2130105	1	2;4	31301171						1
41301218	3	12015030	2130105	1	2;2	31301172						1
41301219	3	12015030	2130105	1	3;7	31301168						1
41301220	3	12015030	2130105	1	3;3	31301173						1
41301221	3	12015030	2130105	1	4;7	31301169						1
41301222	3	12015030	2130105	1	4;5	31301174						1
41301223	3	12015030	2130105	1	4;3	31301175						1
41301224	3	12015030	2130105	1	4;1	31301176						1
41301225	3	12015030	2130105	1	6;7	31301177						1
41301226	3	12015030	2130105	1	6;5	31301178						1
41301227	3	12015030	2130105	1	6;3	31301179						1
41301228	3	12015030	2130105	2	1;7			3	1;7	1;7	41301214	1
41301229	3	12015030	2130105	2	1;4			2	1;4	1;2	41301215	1
41301230	3	12015030	2130105	2	1;3			1	1;3	1;3	41301215	1
41301231	3	12015030	2130105	2	2;7			3	2;7	2;7	41301216	1
41301232	3	12015030	2130105	2	2;4			4	2;4	2;2	41301217;41301218	1
41301233	3	12015030	2130105	2	2;3			5	2;3	2;3	41301217;41301218	1
41301234	3	12015030	2130105	2	3;7			3	3;7	3;7	41301219	1
41301235	3	12015030	2130105	2	3;5			2	3;5	3;1	41301220	1
41301236	3	12015030	2130105	2	3;3			1	3;3	3;3	41301220	1
41301237	3	12015030	2130105	2	3;3			3	3;3	3;3	41301220	1
41302101	3	12015031	2130201	1	1;4	31302101						1
41302102	3	12015031	2130201	1	2;7	31302102						1
41302103	3	12015031	2130201	1	2;4	31302103						1
41302104	3	12015031	2130201	1	2;1	31302104						1
41302105	3	12015031	2130201	1	3;7	31302105						1
41302106	3	12015031	2130201	1	3;1	31302106						1
41302107	3	12015031	2130201	1	4;5	31302107	130201					1
41302108	3	12015031	2130201	1	4;3	31302108	130201					1
41302109	3	12015031	2130201	1	5;7	31302109						1
41302110	3	12015031	2130201	1	5;4	31302110						1
41302111	3	12015031	2130201	1	5;1	31302111						1
41302112	3	12015031	2130201	1	6;5	31302112	130202					1
41302113	3	12015031	2130201	1	6;3	31302113	130202					1
41302114	3	12015031	2130201	2	1;7			2	1;7	1;1	41302101	1
41302115	3	12015031	2130201	2	1;4			3	1;4	1;4	41302101	1
41302116	3	12015031	2130201	2	2;1			1	1;4	1;4	41302101	1
41302117	3	12015031	2130201	2	2;1			3	2;1	2;1	41302104	1
41302118	3	12015031	2130201	2	2;7			3	2;7	2;7	41302102	1
41302119	3	12015031	2130201	2	3;7			4	3;7	3;1	41302105;41302106	1
41302120	3	12015031	2130201	2	3;4			5	3;4	3;4	41302105;41302106	1
41302121	3	12015031	2130201	2	4;7			2	4;7	4;1	41302107;41302108	1
41302122	3	12015031	2130201	2	4;4			1	4;4	4;4	41302107;41302108	1
41302123	3	12015031	2130201	2	4;4			3	4;4	4;4	41302107;41302108	1
41302124	3	12015031	2130201	2	5;4			3	5;4	5;4	41302110	1
41302125	3	12015031	2130202	1	1;3	31302114						1
41302126	3	12015031	2130202	1	2;5	31302115						1
41302127	3	12015031	2130202	1	2;1	31302116						1
41302128	3	12015031	2130202	1	3;7	31302117	130203					1
41302129	3	12015031	2130202	1	3;5	31302118	130203					1
41302130	3	12015031	2130202	1	3;3	31302119						1
41302131	3	12015031	2130202	1	3;1	31302120						1
41302132	3	12015031	2130202	1	4;6	31302121						1
41302133	3	12015031	2130202	1	4;1	31302122						1
41302134	3	12015031	2130202	1	5;7	31302123	130204					1
41302135	3	12015031	2130202	1	5;5	31302124	130204					1
41302136	3	12015031	2130202	1	6;6	31302125						1
41302137	3	12015031	2130202	2	1;5			2	1;5	1;1	41302125	1
41302138	3	12015031	2130202	2	1;4			1	1;4	1;4	41302125	1
41302139	3	12015031	2130202	2	2;6			2	2;6	2;3	41302126	1
41302140	3	12015031	2130202	2	2;5			1	2;5	2;5	41302126	1
41302141	3	12015031	2130202	2	2;1			3	2;1	2;1	41302127	1
41302142	3	12015031	2130202	2	3;6			3	3;6	3;6	41302128;41302129	1
41302143	3	12015031	2130202	2	3;1			3	3;1	3;1	41302130	1
41302144	3	12015031	2130202	2	4;6			3	4;6	4;6	41302132	1
41302145	3	12015031	2130202	2	5;6			3	5;6	5;6	41302134;41302135	1
41302146	3	12015031	2130203	1	1;4	31302126						1
41302147	3	12015031	2130203	1	2;5	31302127	130205					1
41302148	3	12015031	2130203	1	2;3	31302128	130205					1
41302149	3	12015031	2130203	1	3;6	31302129						1
41302150	3	12015031	2130203	1	3;2	31302130						1
41302151	3	12015031	2130203	1	4;7	31302131	130206					1
41302152	3	12015031	2130203	1	4;5	31302132	130206					1
41302153	3	12015031	2130203	1	4;3	31302133	130207					1
41302154	3	12015031	2130203	1	4;1	31302134	130207					1
41302155	3	12015031	2130203	1	5;6	31302135						1
41302156	3	12015031	2130203	1	5;3	31302136	130208					1
41302157	3	12015031	2130203	1	5;1	31302137	130208					1
41302158	3	12015031	2130203	1	6;2	31302138						1
41302159	3	12015031	2130203	2	1;4			3	1;4	1;4	41302146	1
41302160	3	12015031	2130203	2	2;6			2	2;6	2;2	41302147;41302148	1
41302161	3	12015031	2130203	2	2;4			1	2;4	2;4	41302147;41302148	1
41302162	3	12015031	2130203	2	3;6			3	3;6	3;6	41302149	1
41302163	3	12015031	2130203	2	3;2			3	3;2	3;2	41302150	1
41302164	3	12015031	2130203	2	4;6			3	4;6	4;6	41302151;41302152	1
41302165	3	12015031	2130203	2	4;2			3	4;2	4;2	41302153;41302154	1
41302166	3	12015031	2130203	2	5;2			3	5;2	5;2	41302156;41302157	1
41303101	3	12015032	2130301	1	1;6	31303101						1
41303102	3	12015032	2130301	1	1;2	31303102						1
41303103	3	12015032	2130301	1	2;6	31303103						1
41303104	3	12015032	2130301	1	2;3	31303104	130301					1
41303105	3	12015032	2130301	1	2;1	31303105	130301					1
41303106	3	12015032	2130301	1	3;6	31303106						1
41303107	3	12015032	2130301	1	3;3	31303107						1
41303108	3	12015032	2130301	1	3;1	31303108						1
41303109	3	12015032	2130301	1	4;7	31303109	130302					1
41303110	3	12015032	2130301	1	4;5	31303110	130302					1
41303111	3	12015032	2130301	1	4;2	31303111						1
41303112	3	12015032	2130301	1	5;4	31303112						1
41303113	3	12015032	2130301	1	6;4	31303113						1
41303114	3	12015032	2130301	2	1;6			3	1;6	1;6	41303101	1
41303115	3	12015032	2130301	2	1;2			3	1;2	1;2	41303102	1
41303116	3	12015032	2130301	2	2;6			3	2;6	2;6	41303103	1
41303117	3	12015032	2130301	2	2;3			2	2;3	2;1	41303104;41303105	1
41303118	3	12015032	2130301	2	2;2			1	2;2	2;2	41303104;41303105	1
41303119	3	12015032	2130301	2	3;6			3	3;6	3;6	41303106	1
41303120	3	12015032	2130301	2	3;3			4	3;3	3;1	41303107;41303108	1
41303121	3	12015032	2130301	2	3;2			5	3;2	3;2	41303107;41303108	1
41303122	3	12015032	2130301	2	4;6			4	4;6	4;2	41303109;41303110;41303111	1
41303123	3	12015032	2130301	2	4;4			5	4;4	4;4	41303109;41303110;41303111	1
41303124	3	12015032	2130301	2	5;4			3	5;4	5;4	41303112	1
41303125	3	12015032	2130302	1	1;4	31303114						1
41303126	3	12015032	2130302	1	2;6	31303115						1
41303127	3	12015032	2130302	1	2;3	31303116	130303					1
41303128	3	12015032	2130302	1	2;1	31303117	130303					1
41303129	3	12015032	2130302	1	3;4	31303118						1
41303130	3	12015032	2130302	1	4;5	31303119	130304					1
41303131	3	12015032	2130302	1	4;3	31303120	130304					1
41303132	3	12015032	2130302	1	5;6	31303121						1
41303133	3	12015032	2130302	1	5;2	31303122						1
41303134	3	12015032	2130302	1	6;6	31303123						1
41303135	3	12015032	2130302	1	6;2	31303124						1
41303136	3	12015032	2130302	2	1;6			2	1;6	1;2	41303125	1
41303137	3	12015032	2130302	2	1;4			1	1;4	1;4	41303125	1
41303138	3	12015032	2130302	2	2;6			4	2;6	2;2	41303126;41303127;41303128	1
41303139	3	12015032	2130302	2	2;4			5	2;4	2;4	41303126;41303127;41303128	1
41303140	3	12015032	2130302	2	3;4			3	3;4	3;4	41303129	1
41303141	3	12015032	2130302	2	4;6			2	4;6	4;2	41303130;41303131	1
41303142	3	12015032	2130302	2	4;4			1	4;4	4;4	41303130;41303131	1
41303143	3	12015032	2130302	2	5;6			3	5;6	5;6	41303132	1
41303144	3	12015032	2130302	2	5;2			3	5;2	5;2	41303133	1
41303145	3	12015032	2130303	1	1;6	31303125						1
41303146	3	12015032	2130303	1	1;2	31303126						1
41303147	3	12015032	2130303	1	2;6	31303127						1
41303148	3	12015032	2130303	1	2;3	31303128	130305					1
41303149	3	12015032	2130303	1	2;1	31303129	130305					1
41303150	3	12015032	2130303	1	3;6	31303130						1
41303151	3	12015032	2130303	1	3;2	31303131						1
41303152	3	12015032	2130303	1	4;7	31303132	130306					1
41303153	3	12015032	2130303	1	4;5	31303133	130306					1
41303154	3	12015032	2130303	1	4;2	31303134						1
41303155	3	12015032	2130303	1	5;4	31303135						1
41303156	3	12015032	2130303	1	6;5	31303136						1
41303157	3	12015032	2130303	1	6;3	31303137						1
41303158	3	12015032	2130303	2	1;6			3	1;6	1;6	41303145	1
41303159	3	12015032	2130303	2	1;2			3	1;2	1;2	41303146	1
41303160	3	12015032	2130303	2	2;6			3	2;6	2;6	41303147	1
41303161	3	12015032	2130303	2	2;2			3	2;2	2;2	41303148;41303149	1
41303162	3	12015032	2130303	2	3;6			3	3;6	3;6	41303150	1
41303163	3	12015032	2130303	2	3;2			3	3;2	3;2	41303151	1
41303164	3	12015032	2130303	2	4;6			4	4;6	4;2	41303152;41303153;41303154	1
41303165	3	12015032	2130303	2	4;4			5	4;4	4;4	41303152;41303153;41303154	1
41303166	3	12015032	2130303	2	5;5			2	5;5	5;3	41303155	1
41303167	3	12015032	2130303	2	5;4			1	5;4	5;4	41303155	1
41304101	3	12015033	2130401	1	1;4	31304101						1
41304102	3	12015033	2130401	1	2;5	31304102	130401					1
41304103	3	12015033	2130401	1	2;3	31304103	130401					1
41304104	3	12015033	2130401	1	3;6	31304104						1
41304105	3	12015033	2130401	1	3;4	31304105						1
41304106	3	12015033	2130401	1	3;2	31304106						1
41304107	3	12015033	2130401	1	4;7	31304107	130402					1
41304108	3	12015033	2130401	1	4;5	31304108	130402					1
41304109	3	12015033	2130401	1	4;3	31304109	130403					1
41304110	3	12015033	2130401	1	4;1	31304110	130403					1
41304111	3	12015033	2130401	1	5;4	31304111						1
41304112	3	12015033	2130401	1	6;4	31304112						1
41304113	3	12015033	2130401	2	1;4			3	1;4	1;4	41304101	1
41304114	3	12015033	2130401	2	2;6			2	2;6	2;2	41304102;41304103	1
41304115	3	12015033	2130401	2	2;4			1	2;4	2;4	41304102;41304103	1
41304116	3	12015033	2130401	2	2;4			3	2;4	2;4	41304102;41304103	1
41304117	3	12015033	2130401	2	3;6			3	3;6	3;6	41304104	1
41304118	3	12015033	2130401	2	3;2			3	3;2	3;2	41304106	1
41304119	3	12015033	2130401	2	4;6			4	4;6	4;2	41304107;41304108;41304109;41304110	1
41304120	3	12015033	2130401	2	4;4			5	4;4	4;4	41304107;41304108;41304109;41304110	1
41304121	3	12015033	2130401	2	5;4			3	5;4	5;4	41304111	1
41304122	3	12015033	2130402	1	1;4	31304113						1
41304123	3	12015033	2130402	1	2;6	31304114						1
41304124	3	12015033	2130402	1	2;3	31304115	130404					1
41304125	3	12015033	2130402	1	2;1	31304116	130404					1
41304126	3	12015033	2130402	1	3;6	31304117						1
41304127	3	12015033	2130402	1	3;2	31304118						1
41304128	3	12015033	2130402	1	4;5	31304119	130405					1
41304129	3	12015033	2130402	1	4;3	31304120	130405					1
41304130	3	12015033	2130402	1	5;5	31304121						1
41304131	3	12015033	2130402	1	5;3	31304122						1
41304132	3	12015033	2130402	1	6;5	31304123						1
41304133	3	12015033	2130402	1	6;3	31304124						1
41304134	3	12015033	2130402	2	1;6			2	1;6	1;2	41304122	1
41304135	3	12015033	2130402	2	1;4			1	1;4	1;4	41304123	1
41304136	3	12015033	2130402	2	2;6			3	2;6	2;6	41304124;41304125	1
41304137	3	12015033	2130402	2	2;2			3	2;2	2;2	41304126;41304127	1
41304138	3	12015033	2130402	2	3;6			4	3;6	3;2	41304126;41304127	1
41304139	3	12015033	2130402	2	3;4			5	3;4	3;4	41304126;41304127	1
41304140	3	12015033	2130402	2	4;5			2	4;5	4;3	41304128;41304129	1
41304141	3	12015033	2130402	2	4;4			1	4;4	4;4	41304128;41304129	1
41304142	3	12015033	2130402	2	5;5			3	5;5	5;5	41304130	1
41304143	3	12015033	2130402	2	5;3			3	5;3	5;3	41304131	1
41304144	3	12015033	2130403	1	1;5	31304125						1
41304145	3	12015033	2130403	1	1;2	31304126						1
41304146	3	12015033	2130403	1	2;6	31304127	130406					1
41304147	3	12015033	2130403	1	2;4	31304128	130406					1
41304148	3	12015033	2130403	1	2;2	31304129						1
41304149	3	12015033	2130403	1	3;5	31304130						1
41304150	3	12015033	2130403	1	3;2	31304131						1
41304151	3	12015033	2130403	1	4;5	31304132						1
41304152	3	12015033	2130403	1	5;6	31304133	130407					1
41304153	3	12015033	2130403	1	5;4	31304134	130407					1
41304154	3	12015033	2130403	1	6;6	31304135						1
41304155	3	12015033	2130403	1	6;4	31304136						1
41304156	3	12015033	2130403	2	1;5			3	1;5	1;5	41304144	1
41304157	3	12015033	2130403	2	1;2			3	1;2	1;2	41304145	1
41304158	3	12015033	2130403	2	2;5			3	2;5	2;5	41304146;41304147	1
41304159	3	12015033	2130403	2	2;2			3	2;2	2;2	41304148	1
41304160	3	12015033	2130403	2	3;5			3	3;5	3;5	41304149	1
41304161	3	12015033	2130403	2	4;5			3	4;5	4;5	41304151	1
41304162	3	12015033	2130403	2	5;5			1	5;5	5;5	41304152;41304153	1
41304163	3	12015033	2130403	2	5;6			2	5;6	5;4	41304152;41304153	1
41305101	3	12015034	2130501	1	1;6	31305101						1
41305102	3	12015034	2130501	1	2;7	31305102	31305102					1
41305103	3	12015034	2130501	1	2;5	31305103	31305102					1
41305104	3	12015034	2130501	1	3;6	31305104						1
41305105	3	12015034	2130501	1	4;6	31305105						1
41305106	3	12015034	2130501	1	1;2	31305106						1
41305107	3	12015034	2130501	1	2;2	31305107						1
41305108	3	12015034	2130501	1	3;1	31305108	31305108					1
41305109	3	12015034	2130501	1	3;3	31305109	31305108					1
41305110	3	12015034	2130501	1	4;2	31305110						1
41305111	3	12015034	2130501	1	5;4	31305111						1
41305112	3	12015034	2130501	1	6;4	31305112						1
41305113	3	12015034	2130501	2	1;6			3	1;6	1;6	41305101	1
41305114	3	12015034	2130501	2	1;2			3	2;6	2;6	41305102;41305103	1
41305115	3	12015034	2130501	2	2;6			3	3;6	3;6	41305104	1
41305116	3	12015034	2130501	2	2;3			4	4;6	4;2	41305105;41305110	1
41305117	3	12015034	2130501	2	2;2			5	4;4	4;4	41305105;41305110	1
41305118	3	12015034	2130501	2	3;6			3	5;4	5;4	41305111	1
41305119	3	12015034	2130501	2	3;3			3	1;2	1;2	41305106	1
41305120	3	12015034	2130501	2	3;2			3	2;2	2;2	41305107	1
41305121	3	12015034	2130501	2	4;6			3	3;2	3;2	41305108;41305109	1
41305125	3	12015034	2130502	1	1;5	31305113	31305113					1
41305126	3	12015034	2130502	1	1;3	31305114	31305113					1
41305127	3	12015034	2130502	1	2;6	31305115						1
41305128	3	12015034	2130502	1	3;7	31305116						1
41305129	3	12015034	2130502	1	3;5	31305117						1
41305130	3	12015034	2130502	1	4;6	31305118						1
41305131	3	12015034	2130502	1	2;2	31305119						1
41305132	3	12015034	2130502	1	3;1	31305120	31305120					1
41305133	3	12015034	2130502	1	3;3	31305121	31305120					1
41305134	3	12015034	2130502	1	4;2	31305122						1
41305135	3	12015034	2130502	1	5;4	31305123						1
41305136	3	12015034	2130502	1	6;4	31305124						1
41305137	3	12015034	2130502	2	1;4			1	1;4	1;4	31105113;31105114	1
41305138	3	12015034	2130502	2	2;6			2	1;6	1;2	31105113;31105114	1
41305139	3	12015034	2130502	2	2;4			1	2;6	2;6	41305127	1
41305140	3	12015034	2130502	2	3;4			2	2;7	2;5	41305127	1
41305141	3	12015034	2130502	2	4;6			4	3;7	3;5	41305128;41305129	1
41305142	3	12015034	2130502	2	4;4			5	3;6	3;6	41305128;41305129	1
41305143	3	12015034	2130502	2	5;6			3	2;2	2;2	41305131	1
41305144	3	12015034	2130502	2	5;2			3	3;2	3;2	41305132;41305133	1
41305145	3	12015034	2130502	2	5;2			4	4;6	4;2	41305134;41305130	1
41305146	3	12015034	2130502	2	5;2			5	4;4	4;4	41305134;41305130	1
41305147	3	12015034	2130502	2	5;2			3	5;4	5;4	41305135	1
41305148	3	12015034	2130503	1	1;6	31305125						1
41305149	3	12015034	2130503	1	2;7	31305126						1
41305150	3	12015034	2130503	1	2;5	31305127						1
41305151	3	12015034	2130503	1	3;6	31305128						1
41305152	3	12015034	2130503	1	1;3	31305129	31305129					1
41305153	3	12015034	2130503	1	1;1	31305130	31305129					1
41305154	3	12015034	2130503	1	2;3	31305131	31305131					1
41305155	3	12015034	2130503	1	2;1	31305132	31305131					1
41305156	3	12015034	2130503	1	3;2	31305133						1
41305157	3	12015034	2130503	1	4;4	31305134						1
41305158	3	12015034	2130503	1	5;5	31305135	31305135					1
41305159	3	12015034	2130503	1	5;3	31305136	31305135					1
41305160	3	12015034	2130503	1	6;4	31305137						1
41305161	3	12015034	2130503	2	1;6			1	1;6	1;6	41305148	1
41305162	3	12015034	2130503	2	1;2			2	1;7	1;5	41305148	1
41305163	3	12015034	2130503	2	2;6			4	2;7	2;5	41305149;41305150	1
41305164	3	12015034	2130503	2	2;2			5	2;6	2;6	41305149;41305150	1
41305165	3	12015034	2130503	2	3;6			3	1;2	1;2	41305152;41305153	1
41305166	3	12015034	2130503	2	3;2			3	2;2	2;2	41305154;41305155	1
41305167	3	12015034	2130503	2	4;6			4	3;6	3;2	41305151;41305156	1
41305168	3	12015034	2130503	2	4;4			5	3;4	3;4	41305151;41305156	1
41305169	3	12015034	2130503	2	5;5			3	4;4	4;4	41305157	1
41305170	3	12015034	2130503	2	5;4			3	5;4	5;4	41305158;41305159	1
41306101	3	12015035	2130601	1	1;6	31306101						1
41306102	3	12015035	2130601	1	1;4	31306102						1
41306103	3	12015035	2130601	1	1;2	31306103						1
41306104	3	12015035	2130601	1	2;5	31306104	31306104					1
41306105	3	12015035	2130601	1	2;3	31306105	31306104					1
41306106	3	12015035	2130601	1	3;6	31306106						1
41306107	3	12015035	2130601	1	3;2	31306107						1
41306108	3	12015035	2130601	1	4;7	31306108	31306108					1
41306109	3	12015035	2130601	1	4;5	31306109	31306108					1
41306110	3	12015035	2130601	1	4;3	31306110	31306110					1
41306111	3	12015035	2130601	1	4;1	31306111	31306110					1
41306112	3	12015035	2130601	1	5;4	31306112						1
41306113	3	12015035	2130601	1	6;4	31306113						1
41306114	3	12015035	2130601	2	1;6			4	1;6	1;2	41306101;41306102;41306103	1
41306115	3	12015035	2130601	2	1;2			3	1;4	1;4	41306101;41306102;41306103	1
41306116	3	12015035	2130601	2	2;6			2	2;6	2;2	41306104;41306105	1
41306117	3	12015035	2130601	2	2;3			1	2;4	2;4	41306104;41306105	1
41306118	3	12015035	2130601	2	2;2			3	3;6	3;6	41306106	1
41306119	3	12015035	2130601	2	3;6			3	3;2	3;2	41306107	1
41306120	3	12015035	2130601	2	3;3			4	4;6	4;2	41306108;41306109;41306110;41306111	1
41306121	3	12015035	2130601	2	3;2			5	4;4	4;4	41306112	1
41306122	3	12015035	2130601	2	4;6			3	5;4	5;4	41306113	1
41306125	3	12015035	2130602	1	1;5	31306114	31306114					1
41306126	3	12015035	2130602	1	1;3	31306115	31306114					1
41306127	3	12015035	2130602	1	2;5	31306116						1
41306128	3	12015035	2130602	1	2;3	31306117						1
41306129	3	12015035	2130602	1	3;6	31306118						1
41306130	3	12015035	2130602	1	3;4	31306119						1
41306131	3	12015035	2130602	1	4;6	31306120	31306120					1
41306132	3	12015035	2130602	1	4;4	31306121	31306120					1
41306133	3	12015035	2130602	1	5;7	31306122						1
41306134	3	12015035	2130602	1	5;3	31306123						1
41306135	3	12015035	2130602	1	6;7	31306124						1
41306136	3	12015035	2130602	1	6;3	31306125						1
41306137	3	12015035	2130602	2	1;4			1	1;4	1;4	41306125;41306126	1
41306138	3	12015035	2130602	2	2;6			2	1;5	1;3	41306125;41306126	1
41306139	3	12015035	2130602	2	2;4			1	2;5	2;5	41306127	1
41306140	3	12015035	2130602	2	3;4			2	2;6	2;4	41306127	1
41306141	3	12015035	2130602	2	4;6			4	3;6	3;4	41306129;41306130	1
41306142	3	12015035	2130602	2	4;4			5	3;5	3;5	41306129;41306130	1
41306143	3	12015035	2130602	2	5;6			1	4;5	4;5	41306131;41306132	1
41306144	3	12015035	2130602	2	5;2			2	4;7	4;3	41306131;41306132	1
41306145	3	12015035	2130602	2	5;2			3	5;7	5;7	41306133	1
41306146	3	12015035	2130602	2	5;2			3	5;3	5;3	41306134	1
41306148	3	12015035	2130603	1	1;6	31306127						1
41306149	3	12015035	2130603	1	1;2	31306128						1
41306150	3	12015035	2130603	1	2;7	31306129						1
41306151	3	12015035	2130603	1	2;5	31306130						1
41306152	3	12015035	2130603	1	2;3	31306131	31306131					1
41306153	3	12015035	2130603	1	2;1	31306132	31306131					1
41306154	3	12015035	2130603	1	3;6	31306133						1
41306155	3	12015035	2130603	1	3;2	31306134						1
41306156	3	12015035	2130603	1	4;4	31306135						1
41306157	3	12015035	2130603	1	5;4	31306136						1
41306158	3	12015035	2130603	1	6;5	31306137	31306137					1
41306159	3	12015035	2130603	1	6;3	31306138	31306137					1
41306161	3	12015035	2130603	2	1;6			1	1;6	1;6	41306148	1
41306162	3	12015035	2130603	2	1;2			2	1;7	1;5	41306148	1
41306163	3	12015035	2130603	2	2;6			3	1;2	1;2	41306149	1
41306164	3	12015035	2130603	2	2;2			4	2;7	2;5	41306150;41306150	1
41306165	3	12015035	2130603	2	3;6			5	2;6	2;6	41306150;41306150	1
41306166	3	12015035	2130603	2	3;2			3	2;2	2;2	41306152;41306153	1
41306167	3	12015035	2130603	2	4;6			4	3;6	3;2	41306154;41306155	1
41306168	3	12015035	2130603	2	4;4			5	3;4	3;4	41306154;41306155	1
41306169	3	12015035	2130603	2	5;5			3	4;4	4;4	41306156	1
41306170	3	12015035	2130603	2	5;4			3	5;4	5;4	41306157	1
41307101	3	12015036	2130701	1	1;5	31307101	31307101					1
41307102	3	12015036	2130701	1	1;3	31307102	31307101					1
41307103	3	12015036	2130701	1	2;4	31307103						1
41307104	3	12015036	2130701	1	3;6	31307104						1
41307105	3	12015036	2130701	1	3;4	31307105						1
41307106	3	12015036	2130701	1	3;2	31307106						1
41307107	3	12015036	2130701	1	4;5	31307107	31307107					1
41307108	3	12015036	2130701	1	4;3	31307108	31307107					1
41307109	3	12015036	2130701	1	5;5	31307109						1
41307110	3	12015036	2130701	1	5;3	31307110						1
41307111	3	12015036	2130701	1	6;4	31307111						1
41307114	3	12015036	2130701	2	1;6			3	1;4	1;4	41307101;41307102	1
41307115	3	12015036	2130701	2	1;2			1	2;4	2;4	41307103	1
41307116	3	12015036	2130701	2	2;6			2	2;6	2;2	41307103	1
41307117	3	12015036	2130701	2	2;3			3	2;4	2;4	41307103	1
41307118	3	12015036	2130701	2	2;2			3	3;4	3;4	41307104;41307105;41307106	1
41307119	3	12015036	2130701	2	3;6			4	3;6	3;2	41307104;41307105;41307106	1
41307120	3	12015036	2130701	2	3;3			5	3;4	3;4	41307104;41307105;41307106	1
41307121	3	12015036	2130701	2	3;2			1	4;4	4;4	41307107;41307108	1
41307122	3	12015036	2130701	2	4;6			2	4;5	4;3	41307107;41307108	1
41307123	3	12015036	2130701	2	3;2			4	5;5	5;3	41307109;41307110	1
41307124	3	12015036	2130701	2	4;6			5	5;4	5;4	41307109;41307110	1
41307125	3	12015036	2130702	1	1;6	31307114						1
41307126	3	12015036	2130702	1	1;2	31307115						1
41307127	3	12015036	2130702	1	2;7	31307116	31307116					1
41307128	3	12015036	2130702	1	2;5	31307117	31307116					1
41307129	3	12015036	2130702	1	2;2	31307118						1
41307130	3	12015036	2130702	1	3;4	31307119						1
41307131	3	12015036	2130702	1	4;5	31307120						1
41307132	3	12015036	2130702	1	4;3	31307121						1
41307133	3	12015036	2130702	1	5;5	31307122	31307122					1
41307134	3	12015036	2130702	1	5;3	31307123	31307122					1
41307135	3	12015036	2130702	1	6;5	31307124						1
41307136	3	12015036	2130702	1	6;3	31307125						1
41307137	3	12015036	2130702	2	1;4			3	1;2	1;2	41307125	1
41307138	3	12015036	2130702	2	2;6			3	1;6	1;6	41307126	1
41307139	3	12015036	2130702	2	2;4			4	2;6	2;2	41307127;41307128;41307129	1
41307140	3	12015036	2130702	2	3;4			5	2;4	2;4	41307127;41307128;41307129	1
41307141	3	12015036	2130702	2	4;6			1	3;4	3;4	41307130	1
41307142	3	12015036	2130702	2	4;4			2	3;5	3;3	41307130	1
41307143	3	12015036	2130702	2	5;6			4	4;5	4;3	41307131;41307132	1
41307144	3	12015036	2130702	2	5;2			5	4;4	4;4	41307131;41307132	1
41307145	3	12015036	2130702	2	5;2			1	5;4	5;4	41307133;41307134	1
41307146	3	12015036	2130702	2	5;2			2	5;5	5;3	41307133;41307134	1
41307148	3	12015036	2130703	1	1;6	31307126						1
41307149	3	12015036	2130703	1	1;2	31307127						1
41307150	3	12015036	2130703	1	2;7	31307128	31307128					1
41307151	3	12015036	2130703	1	2;5	31307129	31307128					1
41307152	3	12015036	2130703	1	2;2	31307130						1
41307153	3	12015036	2130703	1	3;7	31307131						1
41307154	3	12015036	2130703	1	3;5	31307132						1
41307155	3	12015036	2130703	1	3;3	31307133	31307133					1
41307156	3	12015036	2130703	1	3;1	31307134	31307133					1
41307157	3	12015036	2130703	1	4;6	31307135						1
41307158	3	12015036	2130703	1	4;2	31307136						1
41307159	3	12015036	2130703	1	5;4	31307137						1
41307160	3	12015036	2130703	1	6;4	31307138						1
41307161	3	12015036	2130703	2	1;6			3	1;6	1;6	41306148	1
41307162	3	12015036	2130703	2	1;2			3	1;2	1;2	41306149	1
41307163	3	12015036	2130703	2	2;6			1	2;6	2;6	41306150;41306151	1
41307164	3	12015036	2130703	2	2;2			2	2;7	2;5	41306150;41306151	1
41307165	3	12015036	2130703	2	3;6			3	2;2	2;2	41306152	1
41307166	3	12015036	2130703	2	3;2			4	3;7	3;5	41306153;41306154	1
41307167	3	12015036	2130703	2	4;6			5	3;6	3;6	41306153;41306154	1
41307168	3	12015036	2130703	2	4;4			3	3;2	3;2	41306155;41306156	1
41307169	3	12015036	2130703	2	5;5			4	4;6	4;2	41306157;41306158	1
41307170	3	12015036	2130703	2	5;4			5	4;4	4;4	41306157;41306158	1
41307171	3	12015036	2130703	2	5;4			3	5;4	5;4	41306159	1
41308101	3	12015037	2130801	1	1;5	31308101						1
41308102	3	12015037	2130801	1	1;3	31308102						1
41308103	3	12015037	2130801	1	2;4	31308103						1
41308104	3	12015037	2130801	1	3;6	31308104						1
41308105	3	12015037	2130801	1	3;2	31308105						1
41308106	3	12015037	2130801	1	4;7	31308106	130801					1
41308107	3	12015037	2130801	1	4;5	31308107	130801					1
41308108	3	12015037	2130801	1	4;2	31308108						1
41308109	3	12015037	2130801	1	5;5	31308109	130802					1
41308110	3	12015037	2130801	1	5;3	31308110	130802					1
41308111	3	12015037	2130801	1	6;5	31308111						1
41308112	3	12015037	2130801	1	6;3	31308112						1
41308113	3	12015037	2130801	2	1;5			4	1;5	1;3	41308101;41308102	1
41308114	3	12015037	2130801	2	1;4			5	1;4	1;4	41308101;41308102	1
41308115	3	12015037	2130801	2	2;6			2	2;6	2;2	41308103	1
41308116	3	12015037	2130801	2	2;4			1	2;4	2;4	41308103	1
41308117	3	12015037	2130801	2	3;6			3	3;6	3;6	41308104	1
41308118	3	12015037	2130801	2	3;2			3	3;2	3;2	41308105	1
41308119	3	12015037	2130801	2	4;6			4	4;6	4;2	41308106;41308107;41308108	1
41308120	3	12015037	2130801	2	4;4			5	4;4	4;4	41308106;41308107;41308108	1
41308121	3	12015037	2130801	2	5;5			2	5;5	5;3	41308109;41308110	1
41308122	3	12015037	2130801	2	5;4			1	5;4	5;4	41308109;41308110	1
41308123	3	12015037	2130802	1	1;6	31308113						1
41308124	3	12015037	2130802	1	1;2	31308114						1
41308125	3	12015037	2130802	1	2;6	31308115						1
41308126	3	12015037	2130802	1	2;2	31308116						1
41308127	3	12015037	2130802	1	3;4	31308117						1
41308128	3	12015037	2130802	1	4;5	31308118	130803					1
41308129	3	12015037	2130802	1	4;3	31308119	130803					1
41308130	3	12015037	2130802	1	5;7	31308120	130804					1
41308131	3	12015037	2130802	1	5;5	31308121	130804					1
41308132	3	12015037	2130802	1	5;2	31308122						1
41308133	3	12015037	2130802	1	6;6	31308123						1
41308134	3	12015037	2130802	2	1;6			3	1;6	1;6	41308123	1
41308135	3	12015037	2130802	2	1;2			3	1;2	1;2	41308124	1
41308136	3	12015037	2130802	2	2;6			4	2;6	2;2	41308125;41308126	1
41308137	3	12015037	2130802	2	2;4			5	2;4	2;4	41308125;41308126	1
41308138	3	12015037	2130802	2	3;4			3	3;4	3;4	41308127	1
41308139	3	12015037	2130802	2	4;6 			2	4;6 	4;2	41308128;41308129	1
41308140	3	12015037	2130802	2	4;4			1	4;4	4;4	41308128;41308129	1
41308141	3	12015037	2130802	2	5;6			3	5;6	5;6	41308130;41308131	1
41308142	3	12015037	2130803	1	1;4	31308124						1
41308143	3	12015037	2130803	1	2;6	31308125						1
41308144	3	12015037	2130803	1	2;2	31308126						1
41308145	3	12015037	2130803	1	3;4	31308127						1
41308146	3	12015037	2130803	1	4;4	31308128						1
41308147	3	12015037	2130803	1	5;7	31308129	130805					1
41308148	3	12015037	2130803	1	5;5	31308130	130805					1
41308149	3	12015037	2130803	1	5;2	31308131						1
41308150	3	12015037	2130803	1	6;6	31308132						1
41308151	3	12015037	2130803	1	6;3	31308133	130806					1
41308152	3	12015037	2130803	1	6;1	31308134	130806					1
41308153	3	12015037	2130803	2	1;6			2	1;6	1;2	41308142	1
41308154	3	12015037	2130803	2	1;4			1	1;4	1;4	41308142	1
41308155	3	12015037	2130803	2	2;6			4	2;6	2;2	41308143;41308144	1
41308156	3	12015037	2130803	2	2;4			5	2;4	2;4	41308143;41308144	1
41308157	3	12015037	2130803	2	3;4			3	3;4	3;4	41308145	1
41308158	3	12015037	2130803	2	4;6			2	4;6	4;2	41308146	1
41308159	3	12015037	2130803	2	4;4			1	4;4	4;4	41308146	1
41308160	3	12015037	2130803	2	5;6			3	5;6	5;6	41308147;41308148	1
41308161	3	12015037	2130803	2	5;3			3	5;2	5;2	41308149	1