"Mission_Daily_001","MissionGroup_Daily","","","","Str_UI_Mission_DailyList_010","MissionGroupCompleteCount","9","","Coin_TaleStone","20","Point_ArcanaCoin","100"
"Mission_Daily_002","MissionGroup_Daily","","","","Str_UI_Mission_DailyList_001","LoginToday","1","","Point_AP","50","",""
"Mission_Daily_003","MissionGroup_Daily","","","","Str_UI_Mission_DailyList_002","LoginTime","1","19","Point_AP","50","",""
"Mission_Daily_004","MissionGroup_Daily","","","","Str_UI_Mission_DailyList_003","APBuyCount","1","","Point_Gold","20000","",""
"Mission_Daily_005","MissionGroup_Daily","","","","Str_UI_Mission_DailyList_004","AdventureAllStageClearCount","10","","Item_Material_HeroExp_01","5","",""
"Mission_Daily_006","MissionGroup_Daily","","","","Str_UI_Mission_DailyList_005","AdventureHardStageClearCount","3","","Item_Material_EquipExp_01","5","",""
"Mission_Daily_007","MissionGroup_Daily","","","","Str_UI_Mission_DailyList_006","DungeonStageClearCount","3","","Item_Material_SkillLvUp_Common","3","",""
"Mission_Daily_008","MissionGroup_Daily","","","","Str_UI_DailyMission_KingdomInteractionCount","KingdomInteractionCount","1","","Point_Gold","10000","",""
"Mission_Daily_009","MissionGroup_Daily","","","","Str_UI_DailyMission_InviteHeroCount","InviteHeroCount","1","","Item_RandomBox_Schedule_1Lv","3","",""
"Mission_Daily_010","MissionGroup_Daily","","","","Str_UI_Mission_DailyList_007","ArenaPlayCount","1","","Item_RandomBox_SkillLvUp_Attribute_01","2","",""
"Mission_Daily_011","MissionGroup_Daily","","","","Str_UI_Mission_DailyList_008","ScheduleCompleteCount","2","","Item_WSkill_LvUp","3","",""
"Mission_Daily_012","MissionGroup_Daily","","","","Str_UI_Mission_AchievementList_0021","RuinsStageClearCount","2","","Item_RandomBox_Equip_02_03","3","",""
"Mission_Daily_013","MissionGroup_Daily","","","","Str_UI_Mission_DailyList_009","CoinShopBuyCount","1","","Point_ArcanaCoin","20","",""
"Mission_weekly_001","MissionGroup_Weekly","","","","Str_UI_Mission_WeeklyList_008","MissionGroupCompleteCount","7","","Coin_TaleStone","120","Point_ArcanaCoin","200"
"Mission_weekly_002","MissionGroup_Weekly","","","","Str_UI_Mission_weeklyList_001","LoginDateCount","5","","Point_AP","200","",""
"Mission_weekly_003","MissionGroup_Weekly","","","","Str_UI_Mission_DailyList_004","AdventureAllStageClearCount","50","","Item_Material_HeroExp_03","3","",""
"Mission_weekly_004","MissionGroup_Weekly","","","","Str_UI_Mission_DailyList_005","AdventureHardStageClearCount","15","","Item_Material_EquipExp_03","3","",""
"Mission_weekly_005","MissionGroup_Weekly","","","","Str_UI_Mission_DailyList_006","DungeonStageClearCount","20","","Item_Material_SkillLvUp_Common","10","",""
"Mission_weekly_006","MissionGroup_Weekly","","","","Str_UI_Mission_DailyList_007","ArenaPlayCount","10","","Item_RandomBox_SkillLvUp_Attribute_02","2","",""
"Mission_weekly_007","MissionGroup_Weekly","","","","Str_UI_DailyMission_InviteHeroCount","InviteHeroCount","5","","Item_RandomBox_SkillLvUp_Class_02","2","",""
"Mission_weekly_008","MissionGroup_Weekly","","","","Str_UI_Mission_DailyList_008","ScheduleCompleteCount","15","","Item_WSkill_LvUp","10","",""
"Mission_weekly_009","MissionGroup_Weekly","","","","Str_UI_Mission_AchievementList_0021","RuinsStageClearCount","15","","Item_RandomBox_Equip_02_03","3","",""
"Mission_weekly_010","MissionGroup_Weekly","","","","Str_UI_Mission_DailyList_009","CoinShopBuyCount","10","","Point_ArcanaCoin","50","",""
"Achievement_ReaderLv_01","MissionGroup_Achievement","ReaderLv","1","","Str_UI_Mission_AchievementList_0001","ReaderLv","2","","Coin_TaleStone","50","",""
"Achievement_ReaderLv_02","MissionGroup_Achievement","ReaderLv","2","","Str_UI_Mission_AchievementList_0001","ReaderLv","3","","Coin_TaleStone","50","",""
"Achievement_ReaderLv_03","MissionGroup_Achievement","ReaderLv","3","","Str_UI_Mission_AchievementList_0001","ReaderLv","4","","Coin_TaleStone","50","",""
"Achievement_ReaderLv_04","MissionGroup_Achievement","ReaderLv","4","","Str_UI_Mission_AchievementList_0001","ReaderLv","5","","Coin_TaleStone","50","",""
"Achievement_ReaderLv_05","MissionGroup_Achievement","ReaderLv","5","","Str_UI_Mission_AchievementList_0001","ReaderLv","6","","Coin_TaleStone","50","",""
"Achievement_ReaderLv_06","MissionGroup_Achievement","ReaderLv","6","","Str_UI_Mission_AchievementList_0001","ReaderLv","7","","Coin_TaleStone","50","",""
"Achievement_ReaderLv_07","MissionGroup_Achievement","ReaderLv","7","","Str_UI_Mission_AchievementList_0001","ReaderLv","8","","Coin_TaleStone","50","",""
"Achievement_ReaderLv_08","MissionGroup_Achievement","ReaderLv","8","","Str_UI_Mission_AchievementList_0001","ReaderLv","9","","Coin_TaleStone","50","",""
"Achievement_ReaderLv_09","MissionGroup_Achievement","ReaderLv","9","","Str_UI_Mission_AchievementList_0001","ReaderLv","10","","Coin_TaleStone","50","",""
"Achievement_ReaderLv_10","MissionGroup_Achievement","ReaderLv","10","","Str_UI_Mission_AchievementList_0001","ReaderLv","11","","Coin_TaleStone","50","",""
"Achievement_ReaderLv_11","MissionGroup_Achievement","ReaderLv","11","","Str_UI_Mission_AchievementList_0001","ReaderLv","12","","Coin_TaleStone","50","",""
"Achievement_ReaderLv_12","MissionGroup_Achievement","ReaderLv","12","","Str_UI_Mission_AchievementList_0001","ReaderLv","13","","Coin_TaleStone","50","",""
"Achievement_ReaderLv_13","MissionGroup_Achievement","ReaderLv","13","","Str_UI_Mission_AchievementList_0001","ReaderLv","14","","Coin_TaleStone","50","",""
"Achievement_ReaderLv_14","MissionGroup_Achievement","ReaderLv","14","","Str_UI_Mission_AchievementList_0001","ReaderLv","15","","Coin_TaleStone","50","",""
"Achievement_ReaderLv_15","MissionGroup_Achievement","ReaderLv","15","","Str_UI_Mission_AchievementList_0001","ReaderLv","16","","Coin_TaleStone","50","",""
"Achievement_ReaderLv_16","MissionGroup_Achievement","ReaderLv","16","","Str_UI_Mission_AchievementList_0001","ReaderLv","17","","Coin_TaleStone","50","",""
"Achievement_ReaderLv_17","MissionGroup_Achievement","ReaderLv","17","","Str_UI_Mission_AchievementList_0001","ReaderLv","18","","Coin_TaleStone","50","",""
"Achievement_ReaderLv_18","MissionGroup_Achievement","ReaderLv","18","","Str_UI_Mission_AchievementList_0001","ReaderLv","19","","Coin_TaleStone","50","",""
"Achievement_ReaderLv_19","MissionGroup_Achievement","ReaderLv","19","","Str_UI_Mission_AchievementList_0001","ReaderLv","20","","Coin_TaleStone","50","",""
"Achievement_ReaderLv_20","MissionGroup_Achievement","ReaderLv","20","","Str_UI_Mission_AchievementList_0001","ReaderLv","21","","Coin_TaleStone","50","",""
"Achievement_ReaderLv_21","MissionGroup_Achievement","ReaderLv","21","","Str_UI_Mission_AchievementList_0001","ReaderLv","22","","Coin_TaleStone","50","",""
"Achievement_ReaderLv_22","MissionGroup_Achievement","ReaderLv","22","","Str_UI_Mission_AchievementList_0001","ReaderLv","23","","Coin_TaleStone","50","",""
"Achievement_ReaderLv_23","MissionGroup_Achievement","ReaderLv","23","","Str_UI_Mission_AchievementList_0001","ReaderLv","24","","Coin_TaleStone","50","",""
"Achievement_ReaderLv_24","MissionGroup_Achievement","ReaderLv","24","","Str_UI_Mission_AchievementList_0001","ReaderLv","25","","Coin_TaleStone","50","",""
"Achievement_ReaderLv_25","MissionGroup_Achievement","ReaderLv","25","","Str_UI_Mission_AchievementList_0001","ReaderLv","26","","Coin_TaleStone","50","",""
"Achievement_ReaderLv_26","MissionGroup_Achievement","ReaderLv","26","","Str_UI_Mission_AchievementList_0001","ReaderLv","27","","Coin_TaleStone","50","",""
"Achievement_ReaderLv_27","MissionGroup_Achievement","ReaderLv","27","","Str_UI_Mission_AchievementList_0001","ReaderLv","28","","Coin_TaleStone","50","",""
"Achievement_ReaderLv_28","MissionGroup_Achievement","ReaderLv","28","","Str_UI_Mission_AchievementList_0001","ReaderLv","29","","Coin_TaleStone","50","",""
"Achievement_ReaderLv_29","MissionGroup_Achievement","ReaderLv","29","","Str_UI_Mission_AchievementList_0001","ReaderLv","30","","Coin_TaleStone","50","",""
"Achievement_ReaderLv_30","MissionGroup_Achievement","ReaderLv","30","","Str_UI_Mission_AchievementList_0001","ReaderLv","31","","Coin_TaleStone","50","",""
"Achievement_ReaderLv_31","MissionGroup_Achievement","ReaderLv","31","","Str_UI_Mission_AchievementList_0001","ReaderLv","32","","Coin_TaleStone","50","",""
"Achievement_ReaderLv_32","MissionGroup_Achievement","ReaderLv","32","","Str_UI_Mission_AchievementList_0001","ReaderLv","33","","Coin_TaleStone","50","",""
"Achievement_ReaderLv_33","MissionGroup_Achievement","ReaderLv","33","","Str_UI_Mission_AchievementList_0001","ReaderLv","34","","Coin_TaleStone","50","",""
"Achievement_ReaderLv_34","MissionGroup_Achievement","ReaderLv","34","","Str_UI_Mission_AchievementList_0001","ReaderLv","35","","Coin_TaleStone","50","",""
"Achievement_ReaderLv_35","MissionGroup_Achievement","ReaderLv","35","","Str_UI_Mission_AchievementList_0001","ReaderLv","36","","Coin_TaleStone","50","",""
"Achievement_ReaderLv_36","MissionGroup_Achievement","ReaderLv","36","","Str_UI_Mission_AchievementList_0001","ReaderLv","37","","Coin_TaleStone","50","",""
"Achievement_ReaderLv_37","MissionGroup_Achievement","ReaderLv","37","","Str_UI_Mission_AchievementList_0001","ReaderLv","38","","Coin_TaleStone","50","",""
"Achievement_ReaderLv_38","MissionGroup_Achievement","ReaderLv","38","","Str_UI_Mission_AchievementList_0001","ReaderLv","39","","Coin_TaleStone","50","",""
"Achievement_ReaderLv_39","MissionGroup_Achievement","ReaderLv","39","","Str_UI_Mission_AchievementList_0001","ReaderLv","40","","Coin_TaleStone","50","",""
"Achievement_ReaderLv_40","MissionGroup_Achievement","ReaderLv","40","","Str_UI_Mission_AchievementList_0001","ReaderLv","41","","Coin_TaleStone","50","",""
"Achievement_ReaderLv_41","MissionGroup_Achievement","ReaderLv","41","","Str_UI_Mission_AchievementList_0001","ReaderLv","42","","Coin_TaleStone","50","",""
"Achievement_ReaderLv_42","MissionGroup_Achievement","ReaderLv","42","","Str_UI_Mission_AchievementList_0001","ReaderLv","43","","Coin_TaleStone","50","",""
"Achievement_ReaderLv_43","MissionGroup_Achievement","ReaderLv","43","","Str_UI_Mission_AchievementList_0001","ReaderLv","44","","Coin_TaleStone","50","",""
"Achievement_ReaderLv_44","MissionGroup_Achievement","ReaderLv","44","","Str_UI_Mission_AchievementList_0001","ReaderLv","45","","Coin_TaleStone","50","",""
"Achievement_ReaderLv_45","MissionGroup_Achievement","ReaderLv","45","","Str_UI_Mission_AchievementList_0001","ReaderLv","46","","Coin_TaleStone","50","",""
"Achievement_ReaderLv_46","MissionGroup_Achievement","ReaderLv","46","","Str_UI_Mission_AchievementList_0001","ReaderLv","47","","Coin_TaleStone","50","",""
"Achievement_ReaderLv_47","MissionGroup_Achievement","ReaderLv","47","","Str_UI_Mission_AchievementList_0001","ReaderLv","48","","Coin_TaleStone","50","",""
"Achievement_ReaderLv_48","MissionGroup_Achievement","ReaderLv","48","","Str_UI_Mission_AchievementList_0001","ReaderLv","49","","Coin_TaleStone","50","",""
"Achievement_ReaderLv_49","MissionGroup_Achievement","ReaderLv","49","","Str_UI_Mission_AchievementList_0001","ReaderLv","50","","Coin_TaleStone","50","",""
"Achievement_ReaderLv_50","MissionGroup_Achievement","ReaderLv","50","","Str_UI_Mission_AchievementList_0001","ReaderLv","51","","Coin_TaleStone","50","",""
"Achievement_ReaderLv_51","MissionGroup_Achievement","ReaderLv","51","","Str_UI_Mission_AchievementList_0001","ReaderLv","52","","Coin_TaleStone","50","",""
"Achievement_ReaderLv_52","MissionGroup_Achievement","ReaderLv","52","","Str_UI_Mission_AchievementList_0001","ReaderLv","53","","Coin_TaleStone","50","",""
"Achievement_ReaderLv_53","MissionGroup_Achievement","ReaderLv","53","","Str_UI_Mission_AchievementList_0001","ReaderLv","54","","Coin_TaleStone","50","",""
"Achievement_ReaderLv_54","MissionGroup_Achievement","ReaderLv","54","","Str_UI_Mission_AchievementList_0001","ReaderLv","55","","Coin_TaleStone","50","",""
"Achievement_ReaderLv_55","MissionGroup_Achievement","ReaderLv","55","","Str_UI_Mission_AchievementList_0001","ReaderLv","56","","Coin_TaleStone","50","",""
"Achievement_ReaderLv_56","MissionGroup_Achievement","ReaderLv","56","","Str_UI_Mission_AchievementList_0001","ReaderLv","57","","Coin_TaleStone","50","",""
"Achievement_ReaderLv_57","MissionGroup_Achievement","ReaderLv","57","","Str_UI_Mission_AchievementList_0001","ReaderLv","58","","Coin_TaleStone","50","",""
"Achievement_ReaderLv_58","MissionGroup_Achievement","ReaderLv","58","","Str_UI_Mission_AchievementList_0001","ReaderLv","59","","Coin_TaleStone","50","",""
"Achievement_ReaderLv_59","MissionGroup_Achievement","ReaderLv","59","","Str_UI_Mission_AchievementList_0001","ReaderLv","60","","Coin_TaleStone","50","",""
"Achievement_AdventureStageIdClear_Normal_01","MissionGroup_Achievement","AdventureStageIdClear_Normal","1","","Str_UI_Mission_AchievementList_0002","AdventureStageIdClear","1","Stage_Normal_0005","Coin_TaleStone","30","Item_Material_HeroExp_01","3"
"Achievement_AdventureStageIdClear_Normal_02","MissionGroup_Achievement","AdventureStageIdClear_Normal","2","","Str_UI_Mission_AchievementList_0002","AdventureStageIdClear","1","Stage_Normal_0010","Coin_TaleStone","30","Item_Material_HeroExp_01","3"
"Achievement_AdventureStageIdClear_Normal_03","MissionGroup_Achievement","AdventureStageIdClear_Normal","3","","Str_UI_Mission_AchievementList_0002","AdventureStageIdClear","1","Stage_Normal_0015","Coin_TaleStone","30","Item_Material_HeroExp_01","3"
"Achievement_AdventureStageIdClear_Normal_04","MissionGroup_Achievement","AdventureStageIdClear_Normal","4","","Str_UI_Mission_AchievementList_0002","AdventureStageIdClear","1","Stage_Normal_0020","Coin_TaleStone","30","Item_Material_HeroExp_01","3"
"Achievement_AdventureStageIdClear_Normal_05","MissionGroup_Achievement","AdventureStageIdClear_Normal","5","","Str_UI_Mission_AchievementList_0002","AdventureStageIdClear","1","Stage_Normal_0025","Coin_TaleStone","30","Item_Material_HeroExp_01","3"
"Achievement_AdventureStageIdClear_Normal_06","MissionGroup_Achievement","AdventureStageIdClear_Normal","6","","Str_UI_Mission_AchievementList_0002","AdventureStageIdClear","1","Stage_Normal_0030","Coin_TaleStone","30","Item_Material_HeroExp_01","3"
"Achievement_AdventureStageIdClear_Normal_07","MissionGroup_Achievement","AdventureStageIdClear_Normal","7","","Str_UI_Mission_AchievementList_0002","AdventureStageIdClear","1","Stage_Normal_0035","Coin_TaleStone","30","Item_Material_HeroExp_01","3"
"Achievement_AdventureStageIdClear_Normal_08","MissionGroup_Achievement","AdventureStageIdClear_Normal","8","","Str_UI_Mission_AchievementList_0002","AdventureStageIdClear","1","Stage_Normal_0040","Coin_TaleStone","30","Item_Material_HeroExp_01","3"
"Achievement_AdventureStageIdClear_Normal_09","MissionGroup_Achievement","AdventureStageIdClear_Normal","9","","Str_UI_Mission_AchievementList_0002","AdventureStageIdClear","1","Stage_Normal_0045","Coin_TaleStone","30","Item_Material_HeroExp_01","3"
"Achievement_AdventureStageIdClear_Normal_10","MissionGroup_Achievement","AdventureStageIdClear_Normal","10","","Str_UI_Mission_AchievementList_0002","AdventureStageIdClear","1","Stage_Normal_0050","Coin_TaleStone","30","Item_Material_HeroExp_01","3"
"Achievement_AdventureStageIdClear_Normal_11","MissionGroup_Achievement","AdventureStageIdClear_Normal","11","","Str_UI_Mission_AchievementList_0002","AdventureStageIdClear","1","Stage_Normal_0055","Coin_TaleStone","30","Item_Material_HeroExp_01","3"
"Achievement_AdventureStageIdClear_Normal_12","MissionGroup_Achievement","AdventureStageIdClear_Normal","12","","Str_UI_Mission_AchievementList_0002","AdventureStageIdClear","1","Stage_Normal_0060","Coin_TaleStone","30","Item_Material_HeroExp_01","3"
"Achievement_AdventureStageIdClear_Normal_13","MissionGroup_Achievement","AdventureStageIdClear_Normal","13","","Str_UI_Mission_AchievementList_0002","AdventureStageIdClear","1","Stage_Normal_0065","Coin_TaleStone","30","Item_Material_HeroExp_01","5"
"Achievement_AdventureStageIdClear_Normal_14","MissionGroup_Achievement","AdventureStageIdClear_Normal","14","","Str_UI_Mission_AchievementList_0002","AdventureStageIdClear","1","Stage_Normal_0070","Coin_TaleStone","30","Item_Material_HeroExp_01","5"
"Achievement_AdventureStageIdClear_Normal_15","MissionGroup_Achievement","AdventureStageIdClear_Normal","15","","Str_UI_Mission_AchievementList_0002","AdventureStageIdClear","1","Stage_Normal_0075","Coin_TaleStone","30","Item_Material_HeroExp_01","5"
"Achievement_AdventureStageIdClear_Normal_16","MissionGroup_Achievement","AdventureStageIdClear_Normal","16","","Str_UI_Mission_AchievementList_0002","AdventureStageIdClear","1","Stage_Normal_0080","Coin_TaleStone","30","Item_Material_HeroExp_01","5"
"Achievement_AdventureStageIdClear_Normal_17","MissionGroup_Achievement","AdventureStageIdClear_Normal","17","","Str_UI_Mission_AchievementList_0002","AdventureStageIdClear","1","Stage_Normal_0085","Coin_TaleStone","30","Item_Material_HeroExp_01","5"
"Achievement_AdventureStageIdClear_Normal_18","MissionGroup_Achievement","AdventureStageIdClear_Normal","18","","Str_UI_Mission_AchievementList_0002","AdventureStageIdClear","1","Stage_Normal_0090","Coin_TaleStone","30","Item_Material_HeroExp_01","5"
"Achievement_AdventureStageIdClear_Normal_19","MissionGroup_Achievement","AdventureStageIdClear_Normal","19","","Str_UI_Mission_AchievementList_0002","AdventureStageIdClear","1","Stage_Normal_0095","Coin_TaleStone","30","Item_Material_HeroExp_01","5"
"Achievement_AdventureStageIdClear_Normal_20","MissionGroup_Achievement","AdventureStageIdClear_Normal","20","","Str_UI_Mission_AchievementList_0002","AdventureStageIdClear","1","Stage_Normal_0100","Coin_TaleStone","30","Item_Material_HeroExp_01","5"
"Achievement_AdventureStageIdClear_Normal_21","MissionGroup_Achievement","AdventureStageIdClear_Normal","21","","Str_UI_Mission_AchievementList_0002","AdventureStageIdClear","1","Stage_Normal_0105","Coin_TaleStone","30","Item_Material_HeroExp_01","5"
"Achievement_AdventureStageIdClear_Normal_22","MissionGroup_Achievement","AdventureStageIdClear_Normal","22","","Str_UI_Mission_AchievementList_0002","AdventureStageIdClear","1","Stage_Normal_0110","Coin_TaleStone","30","Item_Material_HeroExp_01","5"
"Achievement_AdventureStageIdClear_Normal_23","MissionGroup_Achievement","AdventureStageIdClear_Normal","23","","Str_UI_Mission_AchievementList_0002","AdventureStageIdClear","1","Stage_Normal_0115","Coin_TaleStone","30","Item_Material_HeroExp_01","5"
"Achievement_AdventureStageIdClear_Normal_24","MissionGroup_Achievement","AdventureStageIdClear_Normal","24","","Str_UI_Mission_AchievementList_0002","AdventureStageIdClear","1","Stage_Normal_0120","Coin_TaleStone","30","Item_Material_HeroExp_01","5"
"Achievement_AdventureStageIdClear_Normal_25","MissionGroup_Achievement","AdventureStageIdClear_Normal","25","","Str_UI_Mission_AchievementList_0002","AdventureStageIdClear","1","Stage_Normal_0125","Coin_TaleStone","30","Item_Material_HeroExp_01","7"
"Achievement_AdventureStageIdClear_Normal_26","MissionGroup_Achievement","AdventureStageIdClear_Normal","26","","Str_UI_Mission_AchievementList_0002","AdventureStageIdClear","1","Stage_Normal_0130","Coin_TaleStone","30","Item_Material_HeroExp_01","7"
"Achievement_AdventureStageIdClear_Normal_27","MissionGroup_Achievement","AdventureStageIdClear_Normal","27","","Str_UI_Mission_AchievementList_0002","AdventureStageIdClear","1","Stage_Normal_0135","Coin_TaleStone","30","Item_Material_HeroExp_01","7"
"Achievement_AdventureStageIdClear_Normal_28","MissionGroup_Achievement","AdventureStageIdClear_Normal","28","","Str_UI_Mission_AchievementList_0002","AdventureStageIdClear","1","Stage_Normal_0140","Coin_TaleStone","30","Item_Material_HeroExp_01","7"
"Achievement_AdventureStageIdClear_Normal_29","MissionGroup_Achievement","AdventureStageIdClear_Normal","29","","Str_UI_Mission_AchievementList_0002","AdventureStageIdClear","1","Stage_Normal_0145","Coin_TaleStone","30","Item_Material_HeroExp_01","7"
"Achievement_AdventureStageIdClear_Normal_30","MissionGroup_Achievement","AdventureStageIdClear_Normal","30","","Str_UI_Mission_AchievementList_0002","AdventureStageIdClear","1","Stage_Normal_0150","Coin_TaleStone","30","Item_Material_HeroExp_01","7"
"Achievement_AdventureStageIdClear_Normal_31","MissionGroup_Achievement","AdventureStageIdClear_Normal","31","","Str_UI_Mission_AchievementList_0002","AdventureStageIdClear","1","Stage_Normal_0155","Coin_TaleStone","30","Item_Material_HeroExp_01","7"
"Achievement_AdventureStageIdClear_Normal_32","MissionGroup_Achievement","AdventureStageIdClear_Normal","32","","Str_UI_Mission_AchievementList_0002","AdventureStageIdClear","1","Stage_Normal_0160","Coin_TaleStone","30","Item_Material_HeroExp_01","7"
"Achievement_AdventureStageIdClear_Normal_33","MissionGroup_Achievement","AdventureStageIdClear_Normal","33","","Str_UI_Mission_AchievementList_0002","AdventureStageIdClear","1","Stage_Normal_0165","Coin_TaleStone","30","Item_Material_HeroExp_01","7"
"Achievement_AdventureStageIdClear_Normal_34","MissionGroup_Achievement","AdventureStageIdClear_Normal","34","","Str_UI_Mission_AchievementList_0002","AdventureStageIdClear","1","Stage_Normal_0170","Coin_TaleStone","30","Item_Material_HeroExp_01","7"
"Achievement_AdventureStageIdClear_Normal_35","MissionGroup_Achievement","AdventureStageIdClear_Normal","35","","Str_UI_Mission_AchievementList_0002","AdventureStageIdClear","1","Stage_Normal_0175","Coin_TaleStone","30","Item_Material_HeroExp_01","7"
"Achievement_AdventureStageIdClear_Normal_36","MissionGroup_Achievement","AdventureStageIdClear_Normal","36","","Str_UI_Mission_AchievementList_0002","AdventureStageIdClear","1","Stage_Normal_0180","Coin_TaleStone","30","Item_Material_HeroExp_01","7"
"Achievement_AdventureStageIdClear_Normal_37","MissionGroup_Achievement","AdventureStageIdClear_Normal","37","","Str_UI_Mission_AchievementList_0002","AdventureStageIdClear","1","Stage_Normal_0185","Coin_TaleStone","30","Item_Material_HeroExp_01","9"
"Achievement_AdventureStageIdClear_Normal_38","MissionGroup_Achievement","AdventureStageIdClear_Normal","38","","Str_UI_Mission_AchievementList_0002","AdventureStageIdClear","1","Stage_Normal_0190","Coin_TaleStone","30","Item_Material_HeroExp_01","9"
"Achievement_AdventureStageIdClear_Normal_39","MissionGroup_Achievement","AdventureStageIdClear_Normal","39","","Str_UI_Mission_AchievementList_0002","AdventureStageIdClear","1","Stage_Normal_0195","Coin_TaleStone","30","Item_Material_HeroExp_01","9"
"Achievement_AdventureStageIdClear_Normal_40","MissionGroup_Achievement","AdventureStageIdClear_Normal","40","","Str_UI_Mission_AchievementList_0002","AdventureStageIdClear","1","Stage_Normal_0200","Coin_TaleStone","30","Item_Material_HeroExp_01","9"
"Achievement_AdventureStageIdClear_Normal_41","MissionGroup_Achievement","AdventureStageIdClear_Normal","41","","Str_UI_Mission_AchievementList_0002","AdventureStageIdClear","1","Stage_Normal_0205","Coin_TaleStone","30","Item_Material_HeroExp_01","9"
"Achievement_AdventureStageIdClear_Normal_42","MissionGroup_Achievement","AdventureStageIdClear_Normal","42","","Str_UI_Mission_AchievementList_0002","AdventureStageIdClear","1","Stage_Normal_0210","Coin_TaleStone","30","Item_Material_HeroExp_01","9"
"Achievement_AdventureStageIdClear_Normal_43","MissionGroup_Achievement","AdventureStageIdClear_Normal","43","","Str_UI_Mission_AchievementList_0002","AdventureStageIdClear","1","Stage_Normal_0215","Coin_TaleStone","30","Item_Material_HeroExp_01","9"
"Achievement_AdventureStageIdClear_Normal_44","MissionGroup_Achievement","AdventureStageIdClear_Normal","44","","Str_UI_Mission_AchievementList_0002","AdventureStageIdClear","1","Stage_Normal_0220","Coin_TaleStone","30","Item_Material_HeroExp_01","9"
"Achievement_AdventureStageIdClear_Normal_45","MissionGroup_Achievement","AdventureStageIdClear_Normal","45","","Str_UI_Mission_AchievementList_0002","AdventureStageIdClear","1","Stage_Normal_0225","Coin_TaleStone","30","Item_Material_HeroExp_01","9"
"Achievement_AdventureStageIdClear_Normal_46","MissionGroup_Achievement","AdventureStageIdClear_Normal","46","","Str_UI_Mission_AchievementList_0002","AdventureStageIdClear","1","Stage_Normal_0230","Coin_TaleStone","30","Item_Material_HeroExp_01","9"
"Achievement_AdventureStageIdClear_Normal_47","MissionGroup_Achievement","AdventureStageIdClear_Normal","47","","Str_UI_Mission_AchievementList_0002","AdventureStageIdClear","1","Stage_Normal_0235","Coin_TaleStone","30","Item_Material_HeroExp_01","9"
"Achievement_AdventureStageIdClear_Normal_48","MissionGroup_Achievement","AdventureStageIdClear_Normal","48","","Str_UI_Mission_AchievementList_0002","AdventureStageIdClear","1","Stage_Normal_0240","Coin_TaleStone","30","Item_Material_HeroExp_01","9"
"Achievement_AdventureStageIdClear_Normal_49","MissionGroup_Achievement","AdventureStageIdClear_Hard","1","","Str_UI_Mission_AchievementList_0003","AdventureStageIdClear","1","Stage_Hard_0003","Coin_TaleStone","30","Item_Material_HeroExp_02","1"
"Achievement_AdventureStageIdClear_Normal_50","MissionGroup_Achievement","AdventureStageIdClear_Hard","2","","Str_UI_Mission_AchievementList_0003","AdventureStageIdClear","1","Stage_Hard_0006","Coin_TaleStone","30","Item_Material_HeroExp_02","1"
"Achievement_AdventureStageIdClear_Normal_51","MissionGroup_Achievement","AdventureStageIdClear_Hard","3","","Str_UI_Mission_AchievementList_0003","AdventureStageIdClear","1","Stage_Hard_0009","Coin_TaleStone","30","Item_Material_HeroExp_02","1"
"Achievement_AdventureStageIdClear_Normal_52","MissionGroup_Achievement","AdventureStageIdClear_Hard","4","","Str_UI_Mission_AchievementList_0003","AdventureStageIdClear","1","Stage_Hard_0012","Coin_TaleStone","30","Item_Material_HeroExp_02","1"
"Achievement_AdventureStageIdClear_Normal_53","MissionGroup_Achievement","AdventureStageIdClear_Hard","5","","Str_UI_Mission_AchievementList_0003","AdventureStageIdClear","1","Stage_Hard_0015","Coin_TaleStone","30","Item_Material_HeroExp_02","2"
"Achievement_AdventureStageIdClear_Normal_54","MissionGroup_Achievement","AdventureStageIdClear_Hard","6","","Str_UI_Mission_AchievementList_0003","AdventureStageIdClear","1","Stage_Hard_0018","Coin_TaleStone","30","Item_Material_HeroExp_02","2"
"Achievement_AdventureStageIdClear_Normal_55","MissionGroup_Achievement","AdventureStageIdClear_Hard","7","","Str_UI_Mission_AchievementList_0003","AdventureStageIdClear","1","Stage_Hard_0021","Coin_TaleStone","30","Item_Material_HeroExp_02","2"
"Achievement_AdventureStageIdClear_Normal_56","MissionGroup_Achievement","AdventureStageIdClear_Hard","8","","Str_UI_Mission_AchievementList_0003","AdventureStageIdClear","1","Stage_Hard_0024","Coin_TaleStone","30","Item_Material_HeroExp_02","2"
"Achievement_AdventureStageIdClear_Normal_57","MissionGroup_Achievement","AdventureStageIdClear_Hard","9","","Str_UI_Mission_AchievementList_0003","AdventureStageIdClear","1","Stage_Hard_0027","Coin_TaleStone","30","Item_Material_HeroExp_02","3"
"Achievement_AdventureStageIdClear_Normal_58","MissionGroup_Achievement","AdventureStageIdClear_Hard","10","","Str_UI_Mission_AchievementList_0003","AdventureStageIdClear","1","Stage_Hard_0030","Coin_TaleStone","30","Item_Material_HeroExp_02","3"
"Achievement_AdventureStageIdClear_Normal_59","MissionGroup_Achievement","AdventureStageIdClear_Hard","11","","Str_UI_Mission_AchievementList_0003","AdventureStageIdClear","1","Stage_Hard_0033","Coin_TaleStone","30","Item_Material_HeroExp_02","3"
"Achievement_AdventureStageIdClear_Normal_60","MissionGroup_Achievement","AdventureStageIdClear_Hard","12","","Str_UI_Mission_AchievementList_0003","AdventureStageIdClear","1","Stage_Hard_0036","Coin_TaleStone","30","Item_Material_HeroExp_02","3"
"Achievement_AdventureStageIdClear_Normal_61","MissionGroup_Achievement","AdventureStageIdClear_Hard","13","","Str_UI_Mission_AchievementList_0003","AdventureStageIdClear","1","Stage_Hard_0039","Coin_TaleStone","30","Item_Material_HeroExp_02","4"
"Achievement_AdventureStageIdClear_Normal_62","MissionGroup_Achievement","AdventureStageIdClear_Hard","14","","Str_UI_Mission_AchievementList_0003","AdventureStageIdClear","1","Stage_Hard_0042","Coin_TaleStone","30","Item_Material_HeroExp_02","4"
"Achievement_AdventureStageIdClear_Normal_63","MissionGroup_Achievement","AdventureStageIdClear_Hard","15","","Str_UI_Mission_AchievementList_0003","AdventureStageIdClear","1","Stage_Hard_0045","Coin_TaleStone","30","Item_Material_HeroExp_02","4"
"Achievement_AdventureStageIdClear_Normal_64","MissionGroup_Achievement","AdventureStageIdClear_Hard","16","","Str_UI_Mission_AchievementList_0003","AdventureStageIdClear","1","Stage_Hard_0048","Coin_TaleStone","30","Item_Material_HeroExp_02","4"
"Achievement_AdventureStageIdClear_Normal_65","MissionGroup_Achievement","AdventureStageMissionClearCount","1","","Str_UI_Mission_AchievementList_0004","AdventureStageMissionClearCount","10","","Coin_TaleStone","30","Item_Material_EquipExp_01","3"
"Achievement_AdventureStageIdClear_Normal_66","MissionGroup_Achievement","AdventureStageMissionClearCount","2","","Str_UI_Mission_AchievementList_0004","AdventureStageMissionClearCount","30","","Coin_TaleStone","30","Item_Material_EquipExp_01","3"
"Achievement_AdventureStageIdClear_Normal_67","MissionGroup_Achievement","AdventureStageMissionClearCount","3","","Str_UI_Mission_AchievementList_0004","AdventureStageMissionClearCount","60","","Coin_TaleStone","30","Item_Material_EquipExp_01","3"
"Achievement_AdventureStageIdClear_Normal_68","MissionGroup_Achievement","AdventureStageMissionClearCount","4","","Str_UI_Mission_AchievementList_0004","AdventureStageMissionClearCount","90","","Coin_TaleStone","30","Item_Material_EquipExp_01","3"
"Achievement_AdventureStageIdClear_Normal_69","MissionGroup_Achievement","AdventureStageMissionClearCount","5","","Str_UI_Mission_AchievementList_0004","AdventureStageMissionClearCount","120","","Coin_TaleStone","30","Item_Material_EquipExp_01","5"
"Achievement_AdventureStageIdClear_Normal_70","MissionGroup_Achievement","AdventureStageMissionClearCount","6","","Str_UI_Mission_AchievementList_0004","AdventureStageMissionClearCount","150","","Coin_TaleStone","30","Item_Material_EquipExp_01","5"
"Achievement_AdventureStageIdClear_Normal_71","MissionGroup_Achievement","AdventureStageMissionClearCount","7","","Str_UI_Mission_AchievementList_0004","AdventureStageMissionClearCount","180","","Coin_TaleStone","30","Item_Material_EquipExp_01","5"
"Achievement_AdventureStageIdClear_Normal_72","MissionGroup_Achievement","AdventureStageMissionClearCount","8","","Str_UI_Mission_AchievementList_0004","AdventureStageMissionClearCount","210","","Coin_TaleStone","30","Item_Material_EquipExp_01","7"
"Achievement_AdventureStageIdClear_Normal_73","MissionGroup_Achievement","AdventureStageMissionClearCount","9","","Str_UI_Mission_AchievementList_0004","AdventureStageMissionClearCount","240","","Coin_TaleStone","30","Item_Material_EquipExp_01","7"
"Achievement_AdventureStageIdClear_Normal_74","MissionGroup_Achievement","AdventureStageMissionClearCount","10","","Str_UI_Mission_AchievementList_0004","AdventureStageMissionClearCount","270","","Coin_TaleStone","30","Item_Material_EquipExp_01","7"
"Achievement_AdventureStageIdClear_Normal_75","MissionGroup_Achievement","AdventureStageMissionClearCount","11","","Str_UI_Mission_AchievementList_0004","AdventureStageMissionClearCount","300","","Coin_TaleStone","30","Item_Material_EquipExp_01","9"
"Achievement_AdventureStageIdClear_Normal_76","MissionGroup_Achievement","AdventureStageMissionClearCount","12","","Str_UI_Mission_AchievementList_0004","AdventureStageMissionClearCount","330","","Coin_TaleStone","30","Item_Material_EquipExp_01","9"
"Achievement_AdventureStageIdClear_Normal_77","MissionGroup_Achievement","AdventureStageMissionClearCount","13","","Str_UI_Mission_AchievementList_0004","AdventureStageMissionClearCount","360","","Coin_TaleStone","30","Item_Material_EquipExp_01","9"
"Achievement_AdventureStageIdClear_Normal_78","MissionGroup_Achievement","AdventureStageMissionClearCount","14","","Str_UI_Mission_AchievementList_0004","AdventureStageMissionClearCount","390","","Coin_TaleStone","30","Item_Material_EquipExp_01","9"
"Achievement_AdventureStageIdClear_Normal_79","MissionGroup_Achievement","AdventureStageMissionClearCount","15","","Str_UI_Mission_AchievementList_0004","AdventureStageMissionClearCount","420","","Coin_TaleStone","30","Item_Material_EquipExp_01","11"
"Achievement_AdventureStageIdClear_Normal_80","MissionGroup_Achievement","AdventureStageMissionClearCount","16","","Str_UI_Mission_AchievementList_0004","AdventureStageMissionClearCount","450","","Coin_TaleStone","30","Item_Material_EquipExp_01","11"
"Achievement_AdventureStageIdClear_Normal_81","MissionGroup_Achievement","AdventureStageMissionClearCount","17","","Str_UI_Mission_AchievementList_0004","AdventureStageMissionClearCount","480","","Coin_TaleStone","30","Item_Material_EquipExp_01","11"
"Achievement_AdventureStageIdClear_Normal_82","MissionGroup_Achievement","AdventureStageMissionClearCount","18","","Str_UI_Mission_AchievementList_0004","AdventureStageMissionClearCount","510","","Coin_TaleStone","30","Item_Material_EquipExp_01","13"
"Achievement_AdventureStageIdClear_Normal_83","MissionGroup_Achievement","AdventureStageMissionClearCount","19","","Str_UI_Mission_AchievementList_0004","AdventureStageMissionClearCount","540","","Coin_TaleStone","30","Item_Material_EquipExp_01","13"
"Achievement_AdventureStageIdClear_Normal_84","MissionGroup_Achievement","AdventureStageMissionClearCount","20","","Str_UI_Mission_AchievementList_0004","AdventureStageMissionClearCount","570","","Coin_TaleStone","30","Item_Material_EquipExp_01","13"
"Achievement_AdventureStageIdClear_Normal_85","MissionGroup_Achievement","AdventureStageMissionClearCount","21","","Str_UI_Mission_AchievementList_0004","AdventureStageMissionClearCount","600","","Coin_TaleStone","30","Item_Material_EquipExp_01","15"
"Achievement_AdventureStageIdClear_Normal_86","MissionGroup_Achievement","AdventureStageMissionClearCount","22","","Str_UI_Mission_AchievementList_0004","AdventureStageMissionClearCount","630","","Coin_TaleStone","30","Item_Material_EquipExp_01","15"
"Achievement_AdventureStageIdClear_Normal_87","MissionGroup_Achievement","AdventureStageMissionClearCount","23","","Str_UI_Mission_AchievementList_0004","AdventureStageMissionClearCount","660","","Coin_TaleStone","30","Item_Material_EquipExp_01","15"
"Achievement_AdventureStageIdClear_Normal_88","MissionGroup_Achievement","AdventureStageMissionClearCount","24","","Str_UI_Mission_AchievementList_0004","AdventureStageMissionClearCount","690","","Coin_TaleStone","30","Item_Material_EquipExp_01","15"
"Achievement_AdventureStageIdClear_Normal_89","MissionGroup_Achievement","AdventureStageMissionClearCount","25","","Str_UI_Mission_AchievementList_0004","AdventureStageMissionClearCount","720","","Coin_TaleStone","30","Item_Material_EquipExp_01","17"
"Achievement_AdventureStageIdClear_Normal_90","MissionGroup_Achievement","AdventureStageMissionClearCount","26","","Str_UI_Mission_AchievementList_0004","AdventureStageMissionClearCount","750","","Coin_TaleStone","30","Item_Material_EquipExp_01","17"
"Achievement_AdventureStageIdClear_Normal_91","MissionGroup_Achievement","AdventureStageMissionClearCount","27","","Str_UI_Mission_AchievementList_0004","AdventureStageMissionClearCount","780","","Coin_TaleStone","30","Item_Material_EquipExp_01","17"
"Achievement_AdventureStageIdClear_Normal_92","MissionGroup_Achievement","AdventureStageMissionClearCount","28","","Str_UI_Mission_AchievementList_0004","AdventureStageMissionClearCount","810","","Coin_TaleStone","30","Item_Material_EquipExp_01","19"
"Achievement_AdventureStageIdClear_Normal_93","MissionGroup_Achievement","AdventureStageMissionClearCount","29","","Str_UI_Mission_AchievementList_0004","AdventureStageMissionClearCount","850","","Coin_TaleStone","30","Item_Material_EquipExp_01","19"
"Achievement_EpisodeIdComplete_01","MissionGroup_Achievement","EpisodeIdComplete","1","","Str_UI_Mission_GuideMission_0002","EpisodeIdComplete","1","Episode_M_001_03","Coin_TaleStone","30","",""
"Achievement_EpisodeIdComplete_02","MissionGroup_Achievement","EpisodeIdComplete","2","","Str_UI_Mission_GuideMission_0002","EpisodeIdComplete","1","Episode_M_001_06","Coin_TaleStone","30","",""
"Achievement_EpisodeIdComplete_03","MissionGroup_Achievement","EpisodeIdComplete","3","","Str_UI_Mission_GuideMission_0002","EpisodeIdComplete","1","Episode_M_001_10","Coin_TaleStone","30","",""
"Achievement_EpisodeIdComplete_04","MissionGroup_Achievement","EpisodeIdComplete","4","","Str_UI_Mission_GuideMission_0002","EpisodeIdComplete","1","Episode_M_002_03","Coin_TaleStone","30","",""
"Achievement_EpisodeIdComplete_05","MissionGroup_Achievement","EpisodeIdComplete","5","","Str_UI_Mission_GuideMission_0002","EpisodeIdComplete","1","Episode_M_002_06","Coin_TaleStone","30","",""
"Achievement_EpisodeIdComplete_06","MissionGroup_Achievement","EpisodeIdComplete","6","","Str_UI_Mission_GuideMission_0002","EpisodeIdComplete","1","Episode_M_002_10","Coin_TaleStone","30","",""
"Achievement_EpisodeIdComplete_07","MissionGroup_Achievement","EpisodeIdComplete","7","","Str_UI_Mission_GuideMission_0002","EpisodeIdComplete","1","Episode_M_003_03","Coin_TaleStone","30","",""
"Achievement_EpisodeIdComplete_08","MissionGroup_Achievement","EpisodeIdComplete","8","","Str_UI_Mission_GuideMission_0002","EpisodeIdComplete","1","Episode_M_003_06","Coin_TaleStone","30","",""
"Achievement_EpisodeIdComplete_09","MissionGroup_Achievement","EpisodeIdComplete","9","","Str_UI_Mission_GuideMission_0002","EpisodeIdComplete","1","Episode_M_003_10","Coin_TaleStone","30","",""
"Achievement_EpisodeIdComplete_10","MissionGroup_Achievement","EpisodeIdComplete","10","","Str_UI_Mission_GuideMission_0002","EpisodeIdComplete","1","Episode_M_004_03","Coin_TaleStone","30","",""
"Achievement_EpisodeIdComplete_11","MissionGroup_Achievement","EpisodeIdComplete","11","","Str_UI_Mission_GuideMission_0002","EpisodeIdComplete","1","Episode_M_004_06","Coin_TaleStone","30","",""
"Achievement_EpisodeIdComplete_12","MissionGroup_Achievement","EpisodeIdComplete","12","","Str_UI_Mission_GuideMission_0002","EpisodeIdComplete","1","Episode_M_004_10","Coin_TaleStone","30","",""
"Achievement_GradeHeroGetCount_5_01","MissionGroup_Achievement","GradeHeroGetCount_5","1","","Str_UI_Mission_AchievementList_0006","GradeHeroGetCount","5","5","Coin_TaleStone","50","",""
"Achievement_GradeHeroGetCount_5_02","MissionGroup_Achievement","GradeHeroGetCount_5","2","","Str_UI_Mission_AchievementList_0006","GradeHeroGetCount","10","5","Coin_TaleStone","50","",""
"Achievement_GradeHeroGetCount_5_03","MissionGroup_Achievement","GradeHeroGetCount_5","3","","Str_UI_Mission_AchievementList_0006","GradeHeroGetCount","15","5","Coin_TaleStone","50","",""
"Achievement_GradeHeroGetCount_5_04","MissionGroup_Achievement","GradeHeroGetCount_5","4","","Str_UI_Mission_AchievementList_0006","GradeHeroGetCount","20","5","Coin_TaleStone","50","",""
"Achievement_GradeHeroGetCount_5_05","MissionGroup_Achievement","GradeHeroGetCount_5","5","","Str_UI_Mission_AchievementList_0006","GradeHeroGetCount","25","5","Coin_TaleStone","50","",""
"Achievement_GradeHeroGetCount_5_06","MissionGroup_Achievement","GradeHeroGetCount_5","6","","Str_UI_Mission_AchievementList_0006","GradeHeroGetCount","30","5","Coin_TaleStone","50","",""
"Achievement_GradeHeroGetCount_5_07","MissionGroup_Achievement","GradeHeroGetCount_5","7","","Str_UI_Mission_AchievementList_0006","GradeHeroGetCount","35","5","Coin_TaleStone","50","",""
"Achievement_GradeHeroGetCount_5_08","MissionGroup_Achievement","GradeHeroGetCount_5","8","","Str_UI_Mission_AchievementList_0006","GradeHeroGetCount","40","5","Coin_TaleStone","50","",""
"Achievement_GradeHeroGetCount_5_09","MissionGroup_Achievement","GradeHeroGetCount_5","9","","Str_UI_Mission_AchievementList_0006","GradeHeroGetCount","45","5","Coin_TaleStone","50","",""
"Achievement_GradeHeroGetCount_5_10","MissionGroup_Achievement","GradeHeroGetCount_5","10","","Str_UI_Mission_AchievementList_0006","GradeHeroGetCount","50","5","Coin_TaleStone","50","",""
"Achievement_GradeHeroGetCount_5_11","MissionGroup_Achievement","GradeHeroGetCount_5","11","","Str_UI_Mission_AchievementList_0006","GradeHeroGetCount","55","5","Coin_TaleStone","50","",""
"Achievement_GradeHeroGetCount_5_12","MissionGroup_Achievement","GradeHeroGetCount_5","12","","Str_UI_Mission_AchievementList_0006","GradeHeroGetCount","60","5","Coin_TaleStone","50","",""
"Achievement_GradeHeroGetCount_5_13","MissionGroup_Achievement","GradeHeroGetCount_5","13","","Str_UI_Mission_AchievementList_0006","GradeHeroGetCount","65","5","Coin_TaleStone","50","",""
"Achievement_GradeHeroGetCount_5_14","MissionGroup_Achievement","GradeHeroGetCount_5","14","","Str_UI_Mission_AchievementList_0006","GradeHeroGetCount","70","5","Coin_TaleStone","50","",""
"Achievement_GradeHeroGetCount_5_15","MissionGroup_Achievement","GradeHeroGetCount_5","15","","Str_UI_Mission_AchievementList_0006","GradeHeroGetCount","75","5","Coin_TaleStone","50","",""
"Achievement_GradeHeroGetCount_5_16","MissionGroup_Achievement","GradeHeroGetCount_5","16","","Str_UI_Mission_AchievementList_0006","GradeHeroGetCount","80","5","Coin_TaleStone","50","",""
"Achievement_GradeHeroGetCount_5_17","MissionGroup_Achievement","GradeHeroGetCount_5","17","","Str_UI_Mission_AchievementList_0006","GradeHeroGetCount","85","5","Coin_TaleStone","50","",""
"Achievement_GradeHeroGetCount_5_18","MissionGroup_Achievement","GradeHeroGetCount_5","18","","Str_UI_Mission_AchievementList_0006","GradeHeroGetCount","90","5","Coin_TaleStone","50","",""
"Achievement_GradeHeroGetCount_5_19","MissionGroup_Achievement","GradeHeroGetCount_5","19","","Str_UI_Mission_AchievementList_0006","GradeHeroGetCount","95","5","Coin_TaleStone","50","",""
"Achievement_GradeHeroGetCount_5_20","MissionGroup_Achievement","GradeHeroGetCount_5","20","","Str_UI_Mission_AchievementList_0006","GradeHeroGetCount","100","5","Coin_TaleStone","50","",""
"Achievement_GradeHeroGetCount_3_01","MissionGroup_Achievement","GradeHeroGetCount_3","1","","Str_UI_Mission_AchievementList_0006","GradeHeroGetCount","5","3","Coin_TaleStone","30","",""
"Achievement_GradeHeroGetCount_3_02","MissionGroup_Achievement","GradeHeroGetCount_3","2","","Str_UI_Mission_AchievementList_0006","GradeHeroGetCount","10","3","Coin_TaleStone","30","",""
"Achievement_GradeHeroGetCount_3_03","MissionGroup_Achievement","GradeHeroGetCount_3","3","","Str_UI_Mission_AchievementList_0006","GradeHeroGetCount","15","3","Coin_TaleStone","30","",""
"Achievement_GradeHeroGetCount_3_04","MissionGroup_Achievement","GradeHeroGetCount_3","4","","Str_UI_Mission_AchievementList_0006","GradeHeroGetCount","20","3","Coin_TaleStone","30","",""
"Achievement_GradeHeroGetCount_3_05","MissionGroup_Achievement","GradeHeroGetCount_3","5","","Str_UI_Mission_AchievementList_0006","GradeHeroGetCount","25","3","Coin_TaleStone","30","",""
"Achievement_GradeHeroGetCount_3_06","MissionGroup_Achievement","GradeHeroGetCount_3","6","","Str_UI_Mission_AchievementList_0006","GradeHeroGetCount","30","3","Coin_TaleStone","30","",""
"Achievement_GradeHeroGetCount_3_07","MissionGroup_Achievement","GradeHeroGetCount_3","7","","Str_UI_Mission_AchievementList_0006","GradeHeroGetCount","35","3","Coin_TaleStone","30","",""
"Achievement_GradeHeroGetCount_3_08","MissionGroup_Achievement","GradeHeroGetCount_3","8","","Str_UI_Mission_AchievementList_0006","GradeHeroGetCount","40","3","Coin_TaleStone","30","",""
"Achievement_GradeHeroGetCount_3_09","MissionGroup_Achievement","GradeHeroGetCount_3","9","","Str_UI_Mission_AchievementList_0006","GradeHeroGetCount","45","3","Coin_TaleStone","30","",""
"Achievement_GradeHeroGetCount_3_10","MissionGroup_Achievement","GradeHeroGetCount_3","10","","Str_UI_Mission_AchievementList_0006","GradeHeroGetCount","50","3","Coin_TaleStone","30","",""
"Achievement_GradeHeroGetCount_3_11","MissionGroup_Achievement","GradeHeroGetCount_3","11","","Str_UI_Mission_AchievementList_0006","GradeHeroGetCount","55","3","Coin_TaleStone","30","",""
"Achievement_GradeHeroGetCount_3_12","MissionGroup_Achievement","GradeHeroGetCount_3","12","","Str_UI_Mission_AchievementList_0006","GradeHeroGetCount","60","3","Coin_TaleStone","30","",""
"Achievement_GradeHeroGetCount_3_13","MissionGroup_Achievement","GradeHeroGetCount_3","13","","Str_UI_Mission_AchievementList_0006","GradeHeroGetCount","65","3","Coin_TaleStone","30","",""
"Achievement_GradeHeroGetCount_3_14","MissionGroup_Achievement","GradeHeroGetCount_3","14","","Str_UI_Mission_AchievementList_0006","GradeHeroGetCount","70","3","Coin_TaleStone","30","",""
"Achievement_GradeHeroGetCount_3_15","MissionGroup_Achievement","GradeHeroGetCount_3","15","","Str_UI_Mission_AchievementList_0006","GradeHeroGetCount","75","3","Coin_TaleStone","30","",""
"Achievement_GradeHeroGetCount_3_16","MissionGroup_Achievement","GradeHeroGetCount_3","16","","Str_UI_Mission_AchievementList_0006","GradeHeroGetCount","80","3","Coin_TaleStone","30","",""
"Achievement_GradeHeroGetCount_3_17","MissionGroup_Achievement","GradeHeroGetCount_3","17","","Str_UI_Mission_AchievementList_0006","GradeHeroGetCount","85","3","Coin_TaleStone","30","",""
"Achievement_GradeHeroGetCount_3_18","MissionGroup_Achievement","GradeHeroGetCount_3","18","","Str_UI_Mission_AchievementList_0006","GradeHeroGetCount","90","3","Coin_TaleStone","30","",""
"Achievement_GradeHeroGetCount_3_19","MissionGroup_Achievement","GradeHeroGetCount_3","19","","Str_UI_Mission_AchievementList_0006","GradeHeroGetCount","95","3","Coin_TaleStone","30","",""
"Achievement_GradeHeroGetCount_3_20","MissionGroup_Achievement","GradeHeroGetCount_3","20","","Str_UI_Mission_AchievementList_0006","GradeHeroGetCount","100","3","Coin_TaleStone","30","",""
"Achievement_HeroLvUpCount_01","MissionGroup_Achievement","HeroLvUpCount","1","","Str_UI_Mission_AchievementList_0007","HeroLvUpCount","10","","Item_Material_HeroExp_01","5","Item_Material_HeroExp_02","1"
"Achievement_HeroLvUpCount_02","MissionGroup_Achievement","HeroLvUpCount","2","","Str_UI_Mission_AchievementList_0007","HeroLvUpCount","20","","Item_Material_HeroExp_01","5","Item_Material_HeroExp_02","1"
"Achievement_HeroLvUpCount_03","MissionGroup_Achievement","HeroLvUpCount","3","","Str_UI_Mission_AchievementList_0007","HeroLvUpCount","30","","Item_Material_HeroExp_01","5","Item_Material_HeroExp_02","1"
"Achievement_HeroLvUpCount_04","MissionGroup_Achievement","HeroLvUpCount","4","","Str_UI_Mission_AchievementList_0007","HeroLvUpCount","40","","Item_Material_HeroExp_01","5","Item_Material_HeroExp_02","1"
"Achievement_HeroLvUpCount_05","MissionGroup_Achievement","HeroLvUpCount","5","","Str_UI_Mission_AchievementList_0007","HeroLvUpCount","50","","Item_Material_HeroExp_01","5","Item_Material_HeroExp_02","1"
"Achievement_HeroLvUpCount_06","MissionGroup_Achievement","HeroLvUpCount","6","","Str_UI_Mission_AchievementList_0007","HeroLvUpCount","60","","Item_Material_HeroExp_02","2","Item_Material_HeroExp_03","1"
"Achievement_HeroLvUpCount_07","MissionGroup_Achievement","HeroLvUpCount","7","","Str_UI_Mission_AchievementList_0007","HeroLvUpCount","70","","Item_Material_HeroExp_02","2","Item_Material_HeroExp_03","1"
"Achievement_HeroLvUpCount_08","MissionGroup_Achievement","HeroLvUpCount","8","","Str_UI_Mission_AchievementList_0007","HeroLvUpCount","80","","Item_Material_HeroExp_02","2","Item_Material_HeroExp_03","1"
"Achievement_HeroLvUpCount_09","MissionGroup_Achievement","HeroLvUpCount","9","","Str_UI_Mission_AchievementList_0007","HeroLvUpCount","90","","Item_Material_HeroExp_02","2","Item_Material_HeroExp_03","1"
"Achievement_HeroLvUpCount_10","MissionGroup_Achievement","HeroLvUpCount","10","","Str_UI_Mission_AchievementList_0007","HeroLvUpCount","100","","Item_Material_HeroExp_02","2","Item_Material_HeroExp_03","1"
"Achievement_HeroLvUpCount_11","MissionGroup_Achievement","HeroLvUpCount","11","","Str_UI_Mission_AchievementList_0007","HeroLvUpCount","120","","Item_Material_HeroExp_02","2","Item_Material_HeroExp_03","1"
"Achievement_HeroLvUpCount_12","MissionGroup_Achievement","HeroLvUpCount","12","","Str_UI_Mission_AchievementList_0007","HeroLvUpCount","140","","Item_Material_HeroExp_02","2","Item_Material_HeroExp_03","1"
"Achievement_HeroLvUpCount_13","MissionGroup_Achievement","HeroLvUpCount","13","","Str_UI_Mission_AchievementList_0007","HeroLvUpCount","160","","Item_Material_HeroExp_02","2","Item_Material_HeroExp_03","1"
"Achievement_HeroLvUpCount_14","MissionGroup_Achievement","HeroLvUpCount","14","","Str_UI_Mission_AchievementList_0007","HeroLvUpCount","180","","Item_Material_HeroExp_02","2","Item_Material_HeroExp_03","1"
"Achievement_HeroLvUpCount_15","MissionGroup_Achievement","HeroLvUpCount","15","","Str_UI_Mission_AchievementList_0007","HeroLvUpCount","200","","Item_Material_HeroExp_02","2","Item_Material_HeroExp_03","1"
"Achievement_HeroLvUpCount_16","MissionGroup_Achievement","HeroLvUpCount","16","","Str_UI_Mission_AchievementList_0007","HeroLvUpCount","220","","Item_Material_HeroExp_02","2","Item_Material_HeroExp_03","1"
"Achievement_HeroLvUpCount_17","MissionGroup_Achievement","HeroLvUpCount","17","","Str_UI_Mission_AchievementList_0007","HeroLvUpCount","250","","Item_Material_HeroExp_02","2","Item_Material_HeroExp_03","1"
"Achievement_HeroLvUpCount_18","MissionGroup_Achievement","HeroLvUpCount","18","","Str_UI_Mission_AchievementList_0007","HeroLvUpCount","300","","Item_Material_HeroExp_03","2","Item_Material_HeroExp_04","1"
"Achievement_HeroLvUpCount_19","MissionGroup_Achievement","HeroLvUpCount","19","","Str_UI_Mission_AchievementList_0007","HeroLvUpCount","350","","Item_Material_HeroExp_03","2","Item_Material_HeroExp_04","1"
"Achievement_HeroLvUpCount_20","MissionGroup_Achievement","HeroLvUpCount","20","","Str_UI_Mission_AchievementList_0007","HeroLvUpCount","400","","Item_Material_HeroExp_03","2","Item_Material_HeroExp_04","1"
"Achievement_HeroLvUpCount_21","MissionGroup_Achievement","HeroLvUpCount","21","","Str_UI_Mission_AchievementList_0007","HeroLvUpCount","450","","Item_Material_HeroExp_03","2","Item_Material_HeroExp_04","1"
"Achievement_HeroLvUpCount_22","MissionGroup_Achievement","HeroLvUpCount","22","","Str_UI_Mission_AchievementList_0007","HeroLvUpCount","500","","Item_Material_HeroExp_03","2","Item_Material_HeroExp_04","1"
"Achievement_HeroLvUpCount_23","MissionGroup_Achievement","HeroLvUpCount","23","","Str_UI_Mission_AchievementList_0007","HeroLvUpCount","550","","Item_Material_HeroExp_03","2","Item_Material_HeroExp_04","1"
"Achievement_HeroLvUpCount_24","MissionGroup_Achievement","HeroLvUpCount","24","","Str_UI_Mission_AchievementList_0007","HeroLvUpCount","600","","Item_Material_HeroExp_03","2","Item_Material_HeroExp_04","1"
"Achievement_HeroLvUpCount_25","MissionGroup_Achievement","HeroLvUpCount","25","","Str_UI_Mission_AchievementList_0007","HeroLvUpCount","650","","Item_Material_HeroExp_03","2","Item_Material_HeroExp_04","1"
"Achievement_HeroLvUpCount_26","MissionGroup_Achievement","HeroLvUpCount","26","","Str_UI_Mission_AchievementList_0007","HeroLvUpCount","700","","Item_Material_HeroExp_03","2","Item_Material_HeroExp_04","1"
"Achievement_HeroLvUpCount_27","MissionGroup_Achievement","HeroLvUpCount","27","","Str_UI_Mission_AchievementList_0007","HeroLvUpCount","750","","Item_Material_HeroExp_03","2","Item_Material_HeroExp_04","1"
"Achievement_HeroLvUpCount_28","MissionGroup_Achievement","HeroLvUpCount","28","","Str_UI_Mission_AchievementList_0007","HeroLvUpCount","800","","Item_Material_HeroExp_03","2","Item_Material_HeroExp_04","1"
"Achievement_HeroLvUpCount_29","MissionGroup_Achievement","HeroLvUpCount","29","","Str_UI_Mission_AchievementList_0007","HeroLvUpCount","850","","Item_Material_HeroExp_03","2","Item_Material_HeroExp_04","1"
"Achievement_HeroLvUpCount_30","MissionGroup_Achievement","HeroLvUpCount","30","","Str_UI_Mission_AchievementList_0007","HeroLvUpCount","900","","Item_Material_HeroExp_03","2","Item_Material_HeroExp_04","1"
"Achievement_HeroLvUpCount_31","MissionGroup_Achievement","HeroLvUpCount","31","","Str_UI_Mission_AchievementList_0007","HeroLvUpCount","950","","Item_Material_HeroExp_03","2","Item_Material_HeroExp_04","1"
"Achievement_HeroLvUpCount_32","MissionGroup_Achievement","HeroLvUpCount","32","","Str_UI_Mission_AchievementList_0007","HeroLvUpCount","1000","","Item_Material_HeroExp_03","2","Item_Material_HeroExp_04","1"
"Achievement_HeroLvUpCount_33","MissionGroup_Achievement","HeroLvUpCount","33","","Str_UI_Mission_AchievementList_0007","HeroLvUpCount","1050","","Item_Material_HeroExp_03","2","Item_Material_HeroExp_04","1"
"Achievement_HeroLvUpCount_34","MissionGroup_Achievement","HeroLvUpCount","34","","Str_UI_Mission_AchievementList_0007","HeroLvUpCount","1100","","Item_Material_HeroExp_03","2","Item_Material_HeroExp_04","1"
"Achievement_HeroLvUpCount_35","MissionGroup_Achievement","HeroLvUpCount","35","","Str_UI_Mission_AchievementList_0007","HeroLvUpCount","1150","","Item_Material_HeroExp_03","2","Item_Material_HeroExp_04","1"
"Achievement_HeroLvUpCount_36","MissionGroup_Achievement","HeroLvUpCount","36","","Str_UI_Mission_AchievementList_0007","HeroLvUpCount","1200","","Item_Material_HeroExp_03","2","Item_Material_HeroExp_04","1"
"Achievement_HeroLvUpCount_37","MissionGroup_Achievement","HeroLvUpCount","37","","Str_UI_Mission_AchievementList_0007","HeroLvUpCount","1250","","Item_Material_HeroExp_03","3","Item_Material_HeroExp_04","2"
"Achievement_HeroLvUpCount_38","MissionGroup_Achievement","HeroLvUpCount","38","","Str_UI_Mission_AchievementList_0007","HeroLvUpCount","1300","","Item_Material_HeroExp_03","3","Item_Material_HeroExp_04","2"
"Achievement_HeroLvUpCount_39","MissionGroup_Achievement","HeroLvUpCount","39","","Str_UI_Mission_AchievementList_0007","HeroLvUpCount","1350","","Item_Material_HeroExp_03","3","Item_Material_HeroExp_04","2"
"Achievement_HeroLvUpCount_40","MissionGroup_Achievement","HeroLvUpCount","40","","Str_UI_Mission_AchievementList_0007","HeroLvUpCount","1400","","Item_Material_HeroExp_03","3","Item_Material_HeroExp_04","2"
"Achievement_HeroLvUpCount_41","MissionGroup_Achievement","HeroLvUpCount","41","","Str_UI_Mission_AchievementList_0007","HeroLvUpCount","1450","","Item_Material_HeroExp_03","3","Item_Material_HeroExp_04","2"
"Achievement_HeroLvUpCount_42","MissionGroup_Achievement","HeroLvUpCount","42","","Str_UI_Mission_AchievementList_0007","HeroLvUpCount","1500","","Item_Material_HeroExp_03","3","Item_Material_HeroExp_04","2"
"Achievement_HeroLvUpCount_43","MissionGroup_Achievement","HeroLvUpCount","43","","Str_UI_Mission_AchievementList_0007","HeroLvUpCount","1550","","Item_Material_HeroExp_03","3","Item_Material_HeroExp_04","2"
"Achievement_HeroLvUpCount_44","MissionGroup_Achievement","HeroLvUpCount","44","","Str_UI_Mission_AchievementList_0007","HeroLvUpCount","1600","","Item_Material_HeroExp_03","3","Item_Material_HeroExp_04","2"
"Achievement_HeroLvUpCount_45","MissionGroup_Achievement","HeroLvUpCount","45","","Str_UI_Mission_AchievementList_0007","HeroLvUpCount","1650","","Item_Material_HeroExp_03","3","Item_Material_HeroExp_04","2"
"Achievement_HeroLvUpCount_46","MissionGroup_Achievement","HeroLvUpCount","46","","Str_UI_Mission_AchievementList_0007","HeroLvUpCount","1700","","Item_Material_HeroExp_03","3","Item_Material_HeroExp_04","2"
"Achievement_HeroLvUpCount_47","MissionGroup_Achievement","HeroLvUpCount","47","","Str_UI_Mission_AchievementList_0007","HeroLvUpCount","1750","","Item_Material_HeroExp_03","3","Item_Material_HeroExp_04","2"
"Achievement_HeroLvUpCount_48","MissionGroup_Achievement","HeroLvUpCount","48","","Str_UI_Mission_AchievementList_0007","HeroLvUpCount","1800","","Item_Material_HeroExp_03","3","Item_Material_HeroExp_04","2"
"Achievement_HeroLvUpCount_49","MissionGroup_Achievement","HeroLvUpCount","49","","Str_UI_Mission_AchievementList_0007","HeroLvUpCount","1850","","Item_Material_HeroExp_03","3","Item_Material_HeroExp_04","2"
"Achievement_HeroLvUpCount_50","MissionGroup_Achievement","HeroLvUpCount","50","","Str_UI_Mission_AchievementList_0007","HeroLvUpCount","1900","","Item_Material_HeroExp_03","3","Item_Material_HeroExp_04","2"
"Achievement_HeroLvUpCount_51","MissionGroup_Achievement","HeroLvUpCount","51","","Str_UI_Mission_AchievementList_0007","HeroLvUpCount","1950","","Item_Material_HeroExp_03","3","Item_Material_HeroExp_04","2"
"Achievement_HeroLvUpCount_52","MissionGroup_Achievement","HeroLvUpCount","52","","Str_UI_Mission_AchievementList_0007","HeroLvUpCount","2000","","Item_Material_HeroExp_03","3","Item_Material_HeroExp_04","2"
"Achievement_HeroLvUpCount_53","MissionGroup_Achievement","HeroLvUpCount","53","","Str_UI_Mission_AchievementList_0007","HeroLvUpCount","2050","","Item_Material_HeroExp_03","3","Item_Material_HeroExp_04","2"
"Achievement_HeroLvUpCount_54","MissionGroup_Achievement","HeroLvUpCount","54","","Str_UI_Mission_AchievementList_0007","HeroLvUpCount","2100","","Item_Material_HeroExp_03","3","Item_Material_HeroExp_04","2"
"Achievement_HeroLvUpCount_55","MissionGroup_Achievement","HeroLvUpCount","55","","Str_UI_Mission_AchievementList_0007","HeroLvUpCount","2150","","Item_Material_HeroExp_03","3","Item_Material_HeroExp_04","2"
"Achievement_HeroLvUpCount_56","MissionGroup_Achievement","HeroLvUpCount","56","","Str_UI_Mission_AchievementList_0007","HeroLvUpCount","2200","","Item_Material_HeroExp_04","2","Item_Material_HeroExp_05","1"
"Achievement_HeroLvUpCount_57","MissionGroup_Achievement","HeroLvUpCount","57","","Str_UI_Mission_AchievementList_0007","HeroLvUpCount","2250","","Item_Material_HeroExp_04","2","Item_Material_HeroExp_05","1"
"Achievement_HeroLvUpCount_58","MissionGroup_Achievement","HeroLvUpCount","58","","Str_UI_Mission_AchievementList_0007","HeroLvUpCount","2300","","Item_Material_HeroExp_04","2","Item_Material_HeroExp_05","1"
"Achievement_HeroLvUpCount_59","MissionGroup_Achievement","HeroLvUpCount","59","","Str_UI_Mission_AchievementList_0007","HeroLvUpCount","2350","","Item_Material_HeroExp_04","2","Item_Material_HeroExp_05","1"
"Achievement_HeroLvUpCount_60","MissionGroup_Achievement","HeroLvUpCount","60","","Str_UI_Mission_AchievementList_0007","HeroLvUpCount","2400","","Item_Material_HeroExp_04","2","Item_Material_HeroExp_05","1"
"Achievement_HeroLvUpCount_61","MissionGroup_Achievement","HeroLvUpCount","61","","Str_UI_Mission_AchievementList_0007","HeroLvUpCount","2450","","Item_Material_HeroExp_04","2","Item_Material_HeroExp_05","1"
"Achievement_HeroLvUpCount_62","MissionGroup_Achievement","HeroLvUpCount","62","","Str_UI_Mission_AchievementList_0007","HeroLvUpCount","2500","","Item_Material_HeroExp_04","2","Item_Material_HeroExp_05","1"
"Achievement_HeroLvUpCount_63","MissionGroup_Achievement","HeroLvUpCount","63","","Str_UI_Mission_AchievementList_0007","HeroLvUpCount","2550","","Item_Material_HeroExp_04","2","Item_Material_HeroExp_05","1"
"Achievement_HeroLvUpCount_64","MissionGroup_Achievement","HeroLvUpCount","64","","Str_UI_Mission_AchievementList_0007","HeroLvUpCount","2600","","Item_Material_HeroExp_04","2","Item_Material_HeroExp_05","1"
"Achievement_HeroLvUpCount_65","MissionGroup_Achievement","HeroLvUpCount","65","","Str_UI_Mission_AchievementList_0007","HeroLvUpCount","2650","","Item_Material_HeroExp_04","2","Item_Material_HeroExp_05","1"
"Achievement_HeroLvUpCount_66","MissionGroup_Achievement","HeroLvUpCount","66","","Str_UI_Mission_AchievementList_0007","HeroLvUpCount","2700","","Item_Material_HeroExp_04","2","Item_Material_HeroExp_05","1"
"Achievement_HeroLvUpCount_67","MissionGroup_Achievement","HeroLvUpCount","67","","Str_UI_Mission_AchievementList_0007","HeroLvUpCount","2750","","Item_Material_HeroExp_04","2","Item_Material_HeroExp_05","1"
"Achievement_HeroLvUpCount_68","MissionGroup_Achievement","HeroLvUpCount","68","","Str_UI_Mission_AchievementList_0007","HeroLvUpCount","2800","","Item_Material_HeroExp_04","2","Item_Material_HeroExp_05","1"
"Achievement_HeroLvUpCount_69","MissionGroup_Achievement","HeroLvUpCount","69","","Str_UI_Mission_AchievementList_0007","HeroLvUpCount","2850","","Item_Material_HeroExp_04","2","Item_Material_HeroExp_05","1"
"Achievement_HeroLvUpCount_70","MissionGroup_Achievement","HeroLvUpCount","70","","Str_UI_Mission_AchievementList_0007","HeroLvUpCount","2900","","Item_Material_HeroExp_04","2","Item_Material_HeroExp_05","1"
"Achievement_HeroLvUpCount_71","MissionGroup_Achievement","HeroLvUpCount","71","","Str_UI_Mission_AchievementList_0007","HeroLvUpCount","2950","","Item_Material_HeroExp_04","2","Item_Material_HeroExp_05","1"
"Achievement_HeroLvUpCount_72","MissionGroup_Achievement","HeroLvUpCount","72","","Str_UI_Mission_AchievementList_0007","HeroLvUpCount","3000","","Item_Material_HeroExp_04","2","Item_Material_HeroExp_05","1"
"Achievement_HeroLvUpCount_73","MissionGroup_Achievement","HeroLvUpCount","73","","Str_UI_Mission_AchievementList_0007","HeroLvUpCount","3050","","Item_Material_HeroExp_04","2","Item_Material_HeroExp_05","1"
"Achievement_HeroLvUpCount_74","MissionGroup_Achievement","HeroLvUpCount","74","","Str_UI_Mission_AchievementList_0007","HeroLvUpCount","3100","","Item_Material_HeroExp_04","2","Item_Material_HeroExp_05","1"
"Achievement_HeroLvUpCount_75","MissionGroup_Achievement","HeroLvUpCount","75","","Str_UI_Mission_AchievementList_0007","HeroLvUpCount","3150","","Item_Material_HeroExp_04","2","Item_Material_HeroExp_05","2"
"Achievement_HeroLvUpCount_76","MissionGroup_Achievement","HeroLvUpCount","76","","Str_UI_Mission_AchievementList_0007","HeroLvUpCount","3200","","Item_Material_HeroExp_04","2","Item_Material_HeroExp_05","2"
"Achievement_HeroLvUpCount_77","MissionGroup_Achievement","HeroLvUpCount","77","","Str_UI_Mission_AchievementList_0007","HeroLvUpCount","3250","","Item_Material_HeroExp_04","2","Item_Material_HeroExp_05","2"
"Achievement_HeroLvUpCount_78","MissionGroup_Achievement","HeroLvUpCount","78","","Str_UI_Mission_AchievementList_0007","HeroLvUpCount","3300","","Item_Material_HeroExp_04","2","Item_Material_HeroExp_05","2"
"Achievement_HeroLvUpCount_79","MissionGroup_Achievement","HeroLvUpCount","79","","Str_UI_Mission_AchievementList_0007","HeroLvUpCount","3350","","Item_Material_HeroExp_04","2","Item_Material_HeroExp_05","2"
"Achievement_HeroLvUpCount_80","MissionGroup_Achievement","HeroLvUpCount","80","","Str_UI_Mission_AchievementList_0007","HeroLvUpCount","3400","","Item_Material_HeroExp_04","2","Item_Material_HeroExp_05","2"
"Achievement_HeroLvUpCount_81","MissionGroup_Achievement","HeroLvUpCount","81","","Str_UI_Mission_AchievementList_0007","HeroLvUpCount","3450","","Item_Material_HeroExp_04","2","Item_Material_HeroExp_05","2"
"Achievement_HeroLvUpCount_82","MissionGroup_Achievement","HeroLvUpCount","82","","Str_UI_Mission_AchievementList_0007","HeroLvUpCount","3500","","Item_Material_HeroExp_04","2","Item_Material_HeroExp_05","2"
"Achievement_HeroLvUpCount_83","MissionGroup_Achievement","HeroLvUpCount","83","","Str_UI_Mission_AchievementList_0007","HeroLvUpCount","3550","","Item_Material_HeroExp_04","2","Item_Material_HeroExp_05","2"
"Achievement_HeroLvUpCount_84","MissionGroup_Achievement","HeroLvUpCount","84","","Str_UI_Mission_AchievementList_0007","HeroLvUpCount","3600","","Item_Material_HeroExp_04","2","Item_Material_HeroExp_05","2"
"Achievement_HeroLvUpCount_85","MissionGroup_Achievement","HeroLvUpCount","85","","Str_UI_Mission_AchievementList_0007","HeroLvUpCount","3650","","Item_Material_HeroExp_04","2","Item_Material_HeroExp_05","2"
"Achievement_HeroLvUpCount_86","MissionGroup_Achievement","HeroLvUpCount","86","","Str_UI_Mission_AchievementList_0007","HeroLvUpCount","3700","","Item_Material_HeroExp_04","2","Item_Material_HeroExp_05","2"
"Achievement_HeroLvUpCount_87","MissionGroup_Achievement","HeroLvUpCount","87","","Str_UI_Mission_AchievementList_0007","HeroLvUpCount","3750","","Item_Material_HeroExp_04","2","Item_Material_HeroExp_05","2"
"Achievement_HeroLvUpCount_88","MissionGroup_Achievement","HeroLvUpCount","88","","Str_UI_Mission_AchievementList_0007","HeroLvUpCount","3800","","Item_Material_HeroExp_04","2","Item_Material_HeroExp_05","2"
"Achievement_HeroLvUpCount_89","MissionGroup_Achievement","HeroLvUpCount","89","","Str_UI_Mission_AchievementList_0007","HeroLvUpCount","3850","","Item_Material_HeroExp_04","2","Item_Material_HeroExp_05","2"
"Achievement_HeroLvUpCount_90","MissionGroup_Achievement","HeroLvUpCount","90","","Str_UI_Mission_AchievementList_0007","HeroLvUpCount","3900","","Item_Material_HeroExp_04","2","Item_Material_HeroExp_05","2"
"Achievement_HeroLvUpCount_91","MissionGroup_Achievement","HeroLvUpCount","91","","Str_UI_Mission_AchievementList_0007","HeroLvUpCount","3950","","Item_Material_HeroExp_04","2","Item_Material_HeroExp_05","2"
"Achievement_HeroLvUpCount_92","MissionGroup_Achievement","HeroLvUpCount","92","","Str_UI_Mission_AchievementList_0007","HeroLvUpCount","4000","","Item_Material_HeroExp_04","2","Item_Material_HeroExp_05","2"
"Achievement_HeroGradeUpCount_01","MissionGroup_Achievement","HeroGradeUpCount","1","","Str_UI_Mission_AchievementList_0008","HeroGradeUpCount","1","","Coin_TaleStone","30","",""
"Achievement_HeroGradeUpCount_02","MissionGroup_Achievement","HeroGradeUpCount","2","","Str_UI_Mission_AchievementList_0008","HeroGradeUpCount","5","","Coin_TaleStone","30","",""
"Achievement_HeroGradeUpCount_03","MissionGroup_Achievement","HeroGradeUpCount","3","","Str_UI_Mission_AchievementList_0008","HeroGradeUpCount","10","","Coin_TaleStone","30","",""
"Achievement_HeroGradeUpCount_04","MissionGroup_Achievement","HeroGradeUpCount","4","","Str_UI_Mission_AchievementList_0008","HeroGradeUpCount","15","","Coin_TaleStone","30","",""
"Achievement_HeroGradeUpCount_05","MissionGroup_Achievement","HeroGradeUpCount","5","","Str_UI_Mission_AchievementList_0008","HeroGradeUpCount","20","","Coin_TaleStone","30","",""
"Achievement_HeroGradeUpCount_06","MissionGroup_Achievement","HeroGradeUpCount","6","","Str_UI_Mission_AchievementList_0008","HeroGradeUpCount","25","","Coin_TaleStone","30","",""
"Achievement_HeroGradeUpCount_07","MissionGroup_Achievement","HeroGradeUpCount","7","","Str_UI_Mission_AchievementList_0008","HeroGradeUpCount","30","","Coin_TaleStone","30","",""
"Achievement_HeroGradeUpCount_08","MissionGroup_Achievement","HeroGradeUpCount","8","","Str_UI_Mission_AchievementList_0008","HeroGradeUpCount","35","","Coin_TaleStone","30","",""
"Achievement_HeroGradeUpCount_09","MissionGroup_Achievement","HeroGradeUpCount","9","","Str_UI_Mission_AchievementList_0008","HeroGradeUpCount","40","","Coin_TaleStone","30","",""
"Achievement_HeroGradeUpCount_10","MissionGroup_Achievement","HeroGradeUpCount","10","","Str_UI_Mission_AchievementList_0008","HeroGradeUpCount","45","","Coin_TaleStone","30","",""
"Achievement_HeroGradeUpCount_11","MissionGroup_Achievement","HeroGradeUpCount","11","","Str_UI_Mission_AchievementList_0008","HeroGradeUpCount","50","","Coin_TaleStone","30","",""
"Achievement_HeroGradeUpCount_12","MissionGroup_Achievement","HeroGradeUpCount","12","","Str_UI_Mission_AchievementList_0008","HeroGradeUpCount","55","","Coin_TaleStone","30","",""
"Achievement_HeroGradeUpCount_13","MissionGroup_Achievement","HeroGradeUpCount","13","","Str_UI_Mission_AchievementList_0008","HeroGradeUpCount","60","","Coin_TaleStone","30","",""
"Achievement_HeroGradeUpCount_14","MissionGroup_Achievement","HeroGradeUpCount","14","","Str_UI_Mission_AchievementList_0008","HeroGradeUpCount","65","","Coin_TaleStone","30","",""
"Achievement_HeroGradeUpCount_15","MissionGroup_Achievement","HeroGradeUpCount","15","","Str_UI_Mission_AchievementList_0008","HeroGradeUpCount","70","","Coin_TaleStone","30","",""
"Achievement_HeroGradeUpCount_16","MissionGroup_Achievement","HeroGradeUpCount","16","","Str_UI_Mission_AchievementList_0008","HeroGradeUpCount","75","","Coin_TaleStone","30","",""
"Achievement_HeroGradeUpCount_17","MissionGroup_Achievement","HeroGradeUpCount","17","","Str_UI_Mission_AchievementList_0008","HeroGradeUpCount","80","","Coin_TaleStone","30","",""
"Achievement_HeroGradeUpCount_18","MissionGroup_Achievement","HeroGradeUpCount","18","","Str_UI_Mission_AchievementList_0008","HeroGradeUpCount","85","","Coin_TaleStone","30","",""
"Achievement_HeroGradeUpCount_19","MissionGroup_Achievement","HeroGradeUpCount","19","","Str_UI_Mission_AchievementList_0008","HeroGradeUpCount","90","","Coin_TaleStone","30","",""
"Achievement_HeroGradeUpCount_20","MissionGroup_Achievement","HeroGradeUpCount","20","","Str_UI_Mission_AchievementList_0008","HeroGradeUpCount","95","","Coin_TaleStone","30","",""
"Achievement_HeroGradeUpCount_21","MissionGroup_Achievement","HeroGradeUpCount","21","","Str_UI_Mission_AchievementList_0008","HeroGradeUpCount","100","","Coin_TaleStone","30","",""
"Achievement_HeroGradeUpCount_22","MissionGroup_Achievement","HeroGradeUpCount","22","","Str_UI_Mission_AchievementList_0008","HeroGradeUpCount","105","","Coin_TaleStone","30","",""
"Achievement_HeroGradeUpCount_23","MissionGroup_Achievement","HeroGradeUpCount","23","","Str_UI_Mission_AchievementList_0008","HeroGradeUpCount","110","","Coin_TaleStone","30","",""
"Achievement_HeroGradeUpCount_24","MissionGroup_Achievement","HeroGradeUpCount","24","","Str_UI_Mission_AchievementList_0008","HeroGradeUpCount","115","","Coin_TaleStone","30","",""
"Achievement_HeroGradeUpCount_25","MissionGroup_Achievement","HeroGradeUpCount","25","","Str_UI_Mission_AchievementList_0008","HeroGradeUpCount","120","","Coin_TaleStone","30","",""
"Achievement_HeroGradeUpCount_26","MissionGroup_Achievement","HeroGradeUpCount","26","","Str_UI_Mission_AchievementList_0008","HeroGradeUpCount","125","","Coin_TaleStone","30","",""
"Achievement_HeroGradeUpCount_27","MissionGroup_Achievement","HeroGradeUpCount","27","","Str_UI_Mission_AchievementList_0008","HeroGradeUpCount","130","","Coin_TaleStone","30","",""
"Achievement_HeroGradeUpCount_28","MissionGroup_Achievement","HeroGradeUpCount","28","","Str_UI_Mission_AchievementList_0008","HeroGradeUpCount","135","","Coin_TaleStone","30","",""
"Achievement_HeroGradeUpCount_29","MissionGroup_Achievement","HeroGradeUpCount","29","","Str_UI_Mission_AchievementList_0008","HeroGradeUpCount","140","","Coin_TaleStone","30","",""
"Achievement_HeroGradeUpCount_30","MissionGroup_Achievement","HeroGradeUpCount","30","","Str_UI_Mission_AchievementList_0008","HeroGradeUpCount","145","","Coin_TaleStone","30","",""
"Achievement_HeroGradeUpCount_31","MissionGroup_Achievement","HeroGradeUpCount","31","","Str_UI_Mission_AchievementList_0008","HeroGradeUpCount","150","","Coin_TaleStone","30","",""
"Achievement_HeroGradeUpCount_32","MissionGroup_Achievement","HeroGradeUpCount","32","","Str_UI_Mission_AchievementList_0008","HeroGradeUpCount","155","","Coin_TaleStone","30","",""
"Achievement_HeroGradeUpCount_33","MissionGroup_Achievement","HeroGradeUpCount","33","","Str_UI_Mission_AchievementList_0008","HeroGradeUpCount","160","","Coin_TaleStone","30","",""
"Achievement_HeroGradeUpCount_34","MissionGroup_Achievement","HeroGradeUpCount","34","","Str_UI_Mission_AchievementList_0008","HeroGradeUpCount","165","","Coin_TaleStone","30","",""
"Achievement_HeroGradeUpCount_35","MissionGroup_Achievement","HeroGradeUpCount","35","","Str_UI_Mission_AchievementList_0008","HeroGradeUpCount","170","","Coin_TaleStone","30","",""
"Achievement_HeroGradeUpCount_36","MissionGroup_Achievement","HeroGradeUpCount","36","","Str_UI_Mission_AchievementList_0008","HeroGradeUpCount","175","","Coin_TaleStone","30","",""
"Achievement_HeroGradeUpCount_37","MissionGroup_Achievement","HeroGradeUpCount","37","","Str_UI_Mission_AchievementList_0008","HeroGradeUpCount","180","","Coin_TaleStone","30","",""
"Achievement_HeroGradeUpCount_38","MissionGroup_Achievement","HeroGradeUpCount","38","","Str_UI_Mission_AchievementList_0008","HeroGradeUpCount","185","","Coin_TaleStone","30","",""
"Achievement_HeroGradeUpCount_39","MissionGroup_Achievement","HeroGradeUpCount","39","","Str_UI_Mission_AchievementList_0008","HeroGradeUpCount","190","","Coin_TaleStone","30","",""
"Achievement_HeroGradeUpCount_40","MissionGroup_Achievement","HeroGradeUpCount","40","","Str_UI_Mission_AchievementList_0008","HeroGradeUpCount","195","","Coin_TaleStone","30","",""
"Achievement_HeroGradeUpCount_41","MissionGroup_Achievement","HeroGradeUpCount","41","","Str_UI_Mission_AchievementList_0008","HeroGradeUpCount","200","","Coin_TaleStone","30","",""
"Achievement_EquipLvUpCount_01","MissionGroup_Achievement","EquipLvUpCount","1","","Str_UI_Mission_AchievementList_0009","EquipLvUpCount","5","","Point_Gold","2000","Item_Material_EquipExp_02","1"
"Achievement_EquipLvUpCount_02","MissionGroup_Achievement","EquipLvUpCount","2","","Str_UI_Mission_AchievementList_0009","EquipLvUpCount","10","","Point_Gold","2000","Item_Material_EquipExp_02","1"
"Achievement_EquipLvUpCount_03","MissionGroup_Achievement","EquipLvUpCount","3","","Str_UI_Mission_AchievementList_0009","EquipLvUpCount","15","","Point_Gold","2000","Item_Material_EquipExp_02","1"
"Achievement_EquipLvUpCount_04","MissionGroup_Achievement","EquipLvUpCount","4","","Str_UI_Mission_AchievementList_0009","EquipLvUpCount","20","","Point_Gold","2000","Item_Material_EquipExp_02","1"
"Achievement_EquipLvUpCount_05","MissionGroup_Achievement","EquipLvUpCount","5","","Str_UI_Mission_AchievementList_0009","EquipLvUpCount","25","","Point_Gold","2000","Item_Material_EquipExp_02","1"
"Achievement_EquipLvUpCount_06","MissionGroup_Achievement","EquipLvUpCount","6","","Str_UI_Mission_AchievementList_0009","EquipLvUpCount","30","","Point_Gold","2000","Item_Material_EquipExp_02","1"
"Achievement_EquipLvUpCount_07","MissionGroup_Achievement","EquipLvUpCount","7","","Str_UI_Mission_AchievementList_0009","EquipLvUpCount","35","","Point_Gold","2000","Item_Material_EquipExp_02","1"
"Achievement_EquipLvUpCount_08","MissionGroup_Achievement","EquipLvUpCount","8","","Str_UI_Mission_AchievementList_0009","EquipLvUpCount","40","","Point_Gold","2000","Item_Material_EquipExp_02","1"
"Achievement_EquipLvUpCount_09","MissionGroup_Achievement","EquipLvUpCount","9","","Str_UI_Mission_AchievementList_0009","EquipLvUpCount","45","","Point_Gold","2000","Item_Material_EquipExp_02","1"
"Achievement_EquipLvUpCount_10","MissionGroup_Achievement","EquipLvUpCount","10","","Str_UI_Mission_AchievementList_0009","EquipLvUpCount","50","","Point_Gold","2000","Item_Material_EquipExp_02","1"
"Achievement_EquipLvUpCount_11","MissionGroup_Achievement","EquipLvUpCount","11","","Str_UI_Mission_AchievementList_0009","EquipLvUpCount","60","","Point_Gold","2000","Item_Material_EquipExp_02","1"
"Achievement_EquipLvUpCount_12","MissionGroup_Achievement","EquipLvUpCount","12","","Str_UI_Mission_AchievementList_0009","EquipLvUpCount","70","","Point_Gold","2000","Item_Material_EquipExp_02","1"
"Achievement_EquipLvUpCount_13","MissionGroup_Achievement","EquipLvUpCount","13","","Str_UI_Mission_AchievementList_0009","EquipLvUpCount","80","","Point_Gold","2000","Item_Material_EquipExp_02","1"
"Achievement_EquipLvUpCount_14","MissionGroup_Achievement","EquipLvUpCount","14","","Str_UI_Mission_AchievementList_0009","EquipLvUpCount","90","","Point_Gold","2000","Item_Material_EquipExp_02","1"
"Achievement_EquipLvUpCount_15","MissionGroup_Achievement","EquipLvUpCount","15","","Str_UI_Mission_AchievementList_0009","EquipLvUpCount","100","","Point_Gold","2000","Item_Material_EquipExp_02","1"
"Achievement_EquipLvUpCount_16","MissionGroup_Achievement","EquipLvUpCount","16","","Str_UI_Mission_AchievementList_0009","EquipLvUpCount","110","","Point_Gold","2000","Item_Material_EquipExp_02","1"
"Achievement_EquipLvUpCount_17","MissionGroup_Achievement","EquipLvUpCount","17","","Str_UI_Mission_AchievementList_0009","EquipLvUpCount","120","","Point_Gold","2000","Item_Material_EquipExp_02","1"
"Achievement_EquipLvUpCount_18","MissionGroup_Achievement","EquipLvUpCount","18","","Str_UI_Mission_AchievementList_0009","EquipLvUpCount","130","","Point_Gold","2000","Item_Material_EquipExp_02","1"
"Achievement_EquipLvUpCount_19","MissionGroup_Achievement","EquipLvUpCount","19","","Str_UI_Mission_AchievementList_0009","EquipLvUpCount","140","","Point_Gold","2000","Item_Material_EquipExp_02","1"
"Achievement_EquipLvUpCount_20","MissionGroup_Achievement","EquipLvUpCount","20","","Str_UI_Mission_AchievementList_0009","EquipLvUpCount","150","","Point_Gold","2000","Item_Material_EquipExp_02","1"
"Achievement_EquipLvUpCount_21","MissionGroup_Achievement","EquipLvUpCount","21","","Str_UI_Mission_AchievementList_0009","EquipLvUpCount","160","","Point_Gold","2000","Item_Material_EquipExp_02","1"
"Achievement_EquipLvUpCount_22","MissionGroup_Achievement","EquipLvUpCount","22","","Str_UI_Mission_AchievementList_0009","EquipLvUpCount","180","","Point_Gold","2000","Item_Material_EquipExp_02","1"
"Achievement_EquipLvUpCount_23","MissionGroup_Achievement","EquipLvUpCount","23","","Str_UI_Mission_AchievementList_0009","EquipLvUpCount","190","","Point_Gold","2000","Item_Material_EquipExp_02","1"
"Achievement_EquipLvUpCount_24","MissionGroup_Achievement","EquipLvUpCount","24","","Str_UI_Mission_AchievementList_0009","EquipLvUpCount","200","","Point_Gold","2000","Item_Material_EquipExp_02","1"
"Achievement_EquipLvUpCount_25","MissionGroup_Achievement","EquipLvUpCount","25","","Str_UI_Mission_AchievementList_0009","EquipLvUpCount","210","","Point_Gold","2000","Item_Material_EquipExp_02","1"
"Achievement_EquipLvUpCount_26","MissionGroup_Achievement","EquipLvUpCount","26","","Str_UI_Mission_AchievementList_0009","EquipLvUpCount","220","","Point_Gold","2000","Item_Material_EquipExp_02","1"
"Achievement_EquipLvUpCount_27","MissionGroup_Achievement","EquipLvUpCount","27","","Str_UI_Mission_AchievementList_0009","EquipLvUpCount","230","","Point_Gold","2000","Item_Material_EquipExp_02","1"
"Achievement_EquipLvUpCount_28","MissionGroup_Achievement","EquipLvUpCount","28","","Str_UI_Mission_AchievementList_0009","EquipLvUpCount","240","","Point_Gold","2000","Item_Material_EquipExp_02","1"
"Achievement_EquipLvUpCount_29","MissionGroup_Achievement","EquipLvUpCount","29","","Str_UI_Mission_AchievementList_0009","EquipLvUpCount","250","","Point_Gold","2000","Item_Material_EquipExp_02","1"
"Achievement_EquipLvUpCount_30","MissionGroup_Achievement","EquipLvUpCount","30","","Str_UI_Mission_AchievementList_0009","EquipLvUpCount","300","","Point_Gold","2000","Item_Material_EquipExp_02","1"
"Achievement_EquipLvUpCount_31","MissionGroup_Achievement","EquipLvUpCount","31","","Str_UI_Mission_AchievementList_0009","EquipLvUpCount","350","","Point_Gold","2000","Item_Material_EquipExp_02","1"
"Achievement_EquipLvUpCount_32","MissionGroup_Achievement","EquipLvUpCount","32","","Str_UI_Mission_AchievementList_0009","EquipLvUpCount","400","","Point_Gold","2000","Item_Material_EquipExp_02","1"
"Achievement_EquipLvUpCount_33","MissionGroup_Achievement","EquipLvUpCount","33","","Str_UI_Mission_AchievementList_0009","EquipLvUpCount","450","","Point_Gold","2000","Item_Material_EquipExp_02","1"
"Achievement_EquipLvUpCount_34","MissionGroup_Achievement","EquipLvUpCount","34","","Str_UI_Mission_AchievementList_0009","EquipLvUpCount","500","","Point_Gold","2000","Item_Material_EquipExp_02","1"
"Achievement_EquipLvUpCount_35","MissionGroup_Achievement","EquipLvUpCount","35","","Str_UI_Mission_AchievementList_0009","EquipLvUpCount","550","","Point_Gold","2000","Item_Material_EquipExp_02","1"
"Achievement_EquipLvUpCount_36","MissionGroup_Achievement","EquipLvUpCount","36","","Str_UI_Mission_AchievementList_0009","EquipLvUpCount","600","","Point_Gold","2000","Item_Material_EquipExp_02","1"
"Achievement_EquipLvUpCount_37","MissionGroup_Achievement","EquipLvUpCount","37","","Str_UI_Mission_AchievementList_0009","EquipLvUpCount","650","","Point_Gold","2000","Item_Material_EquipExp_02","1"
"Achievement_EquipLvUpCount_38","MissionGroup_Achievement","EquipLvUpCount","38","","Str_UI_Mission_AchievementList_0009","EquipLvUpCount","700","","Point_Gold","2000","Item_Material_EquipExp_02","1"
"Achievement_EquipLvUpCount_39","MissionGroup_Achievement","EquipLvUpCount","39","","Str_UI_Mission_AchievementList_0009","EquipLvUpCount","750","","Point_Gold","2000","Item_Material_EquipExp_02","1"
"Achievement_EquipLvUpCount_40","MissionGroup_Achievement","EquipLvUpCount","40","","Str_UI_Mission_AchievementList_0009","EquipLvUpCount","800","","Point_Gold","2000","Item_Material_EquipExp_02","1"
"Achievement_EquipLvUpCount_41","MissionGroup_Achievement","EquipLvUpCount","41","","Str_UI_Mission_AchievementList_0009","EquipLvUpCount","850","","Point_Gold","2000","Item_Material_EquipExp_02","1"
"Achievement_EquipLvUpCount_42","MissionGroup_Achievement","EquipLvUpCount","42","","Str_UI_Mission_AchievementList_0009","EquipLvUpCount","900","","Point_Gold","2000","Item_Material_EquipExp_02","1"
"Achievement_EquipLvUpCount_43","MissionGroup_Achievement","EquipLvUpCount","43","","Str_UI_Mission_AchievementList_0009","EquipLvUpCount","950","","Point_Gold","2000","Item_Material_EquipExp_02","1"
"Achievement_EquipLvUpCount_44","MissionGroup_Achievement","EquipLvUpCount","44","","Str_UI_Mission_AchievementList_0009","EquipLvUpCount","1000","","Point_Gold","2000","Item_Material_EquipExp_02","1"
"Achievement_EquipLvUpCount_45","MissionGroup_Achievement","EquipLvUpCount","45","","Str_UI_Mission_AchievementList_0009","EquipLvUpCount","1050","","Point_Gold","2000","Item_Material_EquipExp_02","1"
"Achievement_EquipLvUpCount_46","MissionGroup_Achievement","EquipLvUpCount","46","","Str_UI_Mission_AchievementList_0009","EquipLvUpCount","1100","","Point_Gold","2000","Item_Material_EquipExp_02","1"
"Achievement_EquipLvUpCount_47","MissionGroup_Achievement","EquipLvUpCount","47","","Str_UI_Mission_AchievementList_0009","EquipLvUpCount","1150","","Point_Gold","2000","Item_Material_EquipExp_02","1"
"Achievement_EquipLvUpCount_48","MissionGroup_Achievement","EquipLvUpCount","48","","Str_UI_Mission_AchievementList_0009","EquipLvUpCount","1200","","Point_Gold","2000","Item_Material_EquipExp_02","1"
"Achievement_EquipLvUpCount_49","MissionGroup_Achievement","EquipLvUpCount","49","","Str_UI_Mission_AchievementList_0009","EquipLvUpCount","1250","","Point_Gold","2000","Item_Material_EquipExp_02","1"
"Achievement_EquipLvUpCount_50","MissionGroup_Achievement","EquipLvUpCount","50","","Str_UI_Mission_AchievementList_0009","EquipLvUpCount","1300","","Point_Gold","2000","Item_Material_EquipExp_02","1"
"Achievement_EquipLvUpCount_51","MissionGroup_Achievement","EquipLvUpCount","51","","Str_UI_Mission_AchievementList_0009","EquipLvUpCount","1350","","Point_Gold","2000","Item_Material_EquipExp_02","1"
"Achievement_EquipLvUpCount_52","MissionGroup_Achievement","EquipLvUpCount","52","","Str_UI_Mission_AchievementList_0009","EquipLvUpCount","1400","","Point_Gold","2000","Item_Material_EquipExp_02","1"
"Achievement_EquipLvUpCount_53","MissionGroup_Achievement","EquipLvUpCount","53","","Str_UI_Mission_AchievementList_0009","EquipLvUpCount","1450","","Point_Gold","2000","Item_Material_EquipExp_02","1"
"Achievement_EquipLvUpCount_54","MissionGroup_Achievement","EquipLvUpCount","54","","Str_UI_Mission_AchievementList_0009","EquipLvUpCount","1500","","Point_Gold","2000","Item_Material_EquipExp_02","1"
"Achievement_EquipLvUpCount_55","MissionGroup_Achievement","EquipLvUpCount","55","","Str_UI_Mission_AchievementList_0009","EquipLvUpCount","1550","","Point_Gold","2000","Item_Material_EquipExp_02","1"
"Achievement_EquipLvUpCount_56","MissionGroup_Achievement","EquipLvUpCount","56","","Str_UI_Mission_AchievementList_0009","EquipLvUpCount","1600","","Point_Gold","2000","Item_Material_EquipExp_02","1"
"Achievement_EquipLvUpCount_57","MissionGroup_Achievement","EquipLvUpCount","57","","Str_UI_Mission_AchievementList_0009","EquipLvUpCount","1650","","Point_Gold","2000","Item_Material_EquipExp_02","1"
"Achievement_EquipLvUpCount_58","MissionGroup_Achievement","EquipLvUpCount","58","","Str_UI_Mission_AchievementList_0009","EquipLvUpCount","1700","","Point_Gold","2000","Item_Material_EquipExp_02","1"
"Achievement_EquipLvUpCount_59","MissionGroup_Achievement","EquipLvUpCount","59","","Str_UI_Mission_AchievementList_0009","EquipLvUpCount","1750","","Point_Gold","2000","Item_Material_EquipExp_02","1"
"Achievement_EquipLvUpCount_60","MissionGroup_Achievement","EquipLvUpCount","60","","Str_UI_Mission_AchievementList_0009","EquipLvUpCount","1800","","Point_Gold","2000","Item_Material_EquipExp_02","1"
"Achievement_EquipLvUpCount_61","MissionGroup_Achievement","EquipLvUpCount","61","","Str_UI_Mission_AchievementList_0009","EquipLvUpCount","1850","","Point_Gold","2000","Item_Material_EquipExp_02","1"
"Achievement_EquipLvUpCount_62","MissionGroup_Achievement","EquipLvUpCount","62","","Str_UI_Mission_AchievementList_0009","EquipLvUpCount","1900","","Point_Gold","2000","Item_Material_EquipExp_02","1"
"Achievement_EquipLvUpCount_63","MissionGroup_Achievement","EquipLvUpCount","63","","Str_UI_Mission_AchievementList_0009","EquipLvUpCount","1950","","Point_Gold","2000","Item_Material_EquipExp_02","1"
"Achievement_EquipLvUpCount_64","MissionGroup_Achievement","EquipLvUpCount","64","","Str_UI_Mission_AchievementList_0009","EquipLvUpCount","2000","","Point_Gold","2000","Item_Material_EquipExp_02","1"
"Achievement_EquipLvUpCount_65","MissionGroup_Achievement","EquipLvUpCount","65","","Str_UI_Mission_AchievementList_0009","EquipLvUpCount","2050","","Point_Gold","2000","Item_Material_EquipExp_02","1"
"Achievement_EquipLvUpCount_66","MissionGroup_Achievement","EquipLvUpCount","66","","Str_UI_Mission_AchievementList_0009","EquipLvUpCount","2100","","Point_Gold","2000","Item_Material_EquipExp_02","1"
"Achievement_EquipLvUpCount_67","MissionGroup_Achievement","EquipLvUpCount","67","","Str_UI_Mission_AchievementList_0009","EquipLvUpCount","2150","","Point_Gold","2000","Item_Material_EquipExp_02","1"
"Achievement_EquipLvUpCount_68","MissionGroup_Achievement","EquipLvUpCount","68","","Str_UI_Mission_AchievementList_0009","EquipLvUpCount","2200","","Point_Gold","2000","Item_Material_EquipExp_02","1"
"Achievement_EquipLvUpCount_69","MissionGroup_Achievement","EquipLvUpCount","69","","Str_UI_Mission_AchievementList_0009","EquipLvUpCount","2250","","Point_Gold","2000","Item_Material_EquipExp_02","1"
"Achievement_EquipLvUpCount_70","MissionGroup_Achievement","EquipLvUpCount","70","","Str_UI_Mission_AchievementList_0009","EquipLvUpCount","2300","","Point_Gold","2000","Item_Material_EquipExp_02","1"
"Achievement_EquipLvUpCount_71","MissionGroup_Achievement","EquipLvUpCount","71","","Str_UI_Mission_AchievementList_0009","EquipLvUpCount","2350","","Point_Gold","2000","Item_Material_EquipExp_02","1"
"Achievement_EquipLvUpCount_72","MissionGroup_Achievement","EquipLvUpCount","72","","Str_UI_Mission_AchievementList_0009","EquipLvUpCount","2400","","Point_Gold","2000","Item_Material_EquipExp_02","1"
"Achievement_EquipLvUpCount_73","MissionGroup_Achievement","EquipLvUpCount","73","","Str_UI_Mission_AchievementList_0009","EquipLvUpCount","2450","","Point_Gold","2000","Item_Material_EquipExp_02","1"
"Achievement_EquipLvUpCount_74","MissionGroup_Achievement","EquipLvUpCount","74","","Str_UI_Mission_AchievementList_0009","EquipLvUpCount","2500","","Point_Gold","2000","Item_Material_EquipExp_02","1"
"Achievement_EquipLvUpCount_75","MissionGroup_Achievement","EquipLvUpCount","75","","Str_UI_Mission_AchievementList_0009","EquipLvUpCount","2550","","Point_Gold","2000","Item_Material_EquipExp_02","1"
"Achievement_EquipLvUpCount_76","MissionGroup_Achievement","EquipLvUpCount","76","","Str_UI_Mission_AchievementList_0009","EquipLvUpCount","2600","","Point_Gold","2000","Item_Material_EquipExp_02","1"
"Achievement_EquipLvUpCount_77","MissionGroup_Achievement","EquipLvUpCount","77","","Str_UI_Mission_AchievementList_0009","EquipLvUpCount","2650","","Point_Gold","2000","Item_Material_EquipExp_02","1"
"Achievement_EquipLvUpCount_78","MissionGroup_Achievement","EquipLvUpCount","78","","Str_UI_Mission_AchievementList_0009","EquipLvUpCount","2700","","Point_Gold","2000","Item_Material_EquipExp_02","1"
"Achievement_EquipLvUpCount_79","MissionGroup_Achievement","EquipLvUpCount","79","","Str_UI_Mission_AchievementList_0009","EquipLvUpCount","2750","","Point_Gold","2000","Item_Material_EquipExp_02","1"
"Achievement_EquipLvUpCount_80","MissionGroup_Achievement","EquipLvUpCount","80","","Str_UI_Mission_AchievementList_0009","EquipLvUpCount","2800","","Point_Gold","2000","Item_Material_EquipExp_02","1"
"Achievement_EquipLvUpCount_81","MissionGroup_Achievement","EquipLvUpCount","81","","Str_UI_Mission_AchievementList_0009","EquipLvUpCount","2850","","Point_Gold","2000","Item_Material_EquipExp_02","1"
"Achievement_EquipLvUpCount_82","MissionGroup_Achievement","EquipLvUpCount","82","","Str_UI_Mission_AchievementList_0009","EquipLvUpCount","2900","","Point_Gold","2000","Item_Material_EquipExp_02","1"
"Achievement_EquipLvUpCount_83","MissionGroup_Achievement","EquipLvUpCount","83","","Str_UI_Mission_AchievementList_0009","EquipLvUpCount","2950","","Point_Gold","2000","Item_Material_EquipExp_02","1"
"Achievement_EquipLvUpCount_84","MissionGroup_Achievement","EquipLvUpCount","84","","Str_UI_Mission_AchievementList_0009","EquipLvUpCount","3000","","Point_Gold","2000","Item_Material_EquipExp_02","1"
"Achievement_EquipLvUpCount_85","MissionGroup_Achievement","EquipLvUpCount","85","","Str_UI_Mission_AchievementList_0009","EquipLvUpCount","3050","","Point_Gold","2000","Item_Material_EquipExp_02","1"
"Achievement_EquipLvUpCount_86","MissionGroup_Achievement","EquipLvUpCount","86","","Str_UI_Mission_AchievementList_0009","EquipLvUpCount","3100","","Point_Gold","2000","Item_Material_EquipExp_02","1"
"Achievement_EquipLvUpCount_87","MissionGroup_Achievement","EquipLvUpCount","87","","Str_UI_Mission_AchievementList_0009","EquipLvUpCount","3150","","Point_Gold","2000","Item_Material_EquipExp_02","1"
"Achievement_EquipLvUpCount_88","MissionGroup_Achievement","EquipLvUpCount","88","","Str_UI_Mission_AchievementList_0009","EquipLvUpCount","3200","","Point_Gold","2000","Item_Material_EquipExp_02","1"
"Achievement_EquipLvUpCount_89","MissionGroup_Achievement","EquipLvUpCount","89","","Str_UI_Mission_AchievementList_0009","EquipLvUpCount","3250","","Point_Gold","2000","Item_Material_EquipExp_02","1"
"Achievement_EquipLvUpCount_90","MissionGroup_Achievement","EquipLvUpCount","90","","Str_UI_Mission_AchievementList_0009","EquipLvUpCount","3300","","Point_Gold","2000","Item_Material_EquipExp_02","1"
"Achievement_EquipLvUpCount_91","MissionGroup_Achievement","EquipLvUpCount","91","","Str_UI_Mission_AchievementList_0009","EquipLvUpCount","3350","","Point_Gold","2000","Item_Material_EquipExp_02","1"
"Achievement_EquipLvUpCount_92","MissionGroup_Achievement","EquipLvUpCount","92","","Str_UI_Mission_AchievementList_0009","EquipLvUpCount","3400","","Point_Gold","2000","Item_Material_EquipExp_02","1"
"Achievement_EquipLvUpCount_93","MissionGroup_Achievement","EquipLvUpCount","93","","Str_UI_Mission_AchievementList_0009","EquipLvUpCount","3450","","Point_Gold","2000","Item_Material_EquipExp_02","1"
"Achievement_EquipLvUpCount_94","MissionGroup_Achievement","EquipLvUpCount","94","","Str_UI_Mission_AchievementList_0009","EquipLvUpCount","3500","","Point_Gold","2000","Item_Material_EquipExp_02","1"
"Achievement_EquipLvUpCount_95","MissionGroup_Achievement","EquipLvUpCount","95","","Str_UI_Mission_AchievementList_0009","EquipLvUpCount","3550","","Point_Gold","2000","Item_Material_EquipExp_02","1"
"Achievement_EquipLvUpCount_96","MissionGroup_Achievement","EquipLvUpCount","96","","Str_UI_Mission_AchievementList_0009","EquipLvUpCount","3600","","Point_Gold","2000","Item_Material_EquipExp_02","1"
"Achievement_EquipLvUpCount_97","MissionGroup_Achievement","EquipLvUpCount","97","","Str_UI_Mission_AchievementList_0009","EquipLvUpCount","3650","","Point_Gold","2000","Item_Material_EquipExp_02","1"
"Achievement_EquipLvUpCount_98","MissionGroup_Achievement","EquipLvUpCount","98","","Str_UI_Mission_AchievementList_0009","EquipLvUpCount","3700","","Point_Gold","2000","Item_Material_EquipExp_02","1"
"Achievement_EquipLvUpCount_99","MissionGroup_Achievement","EquipLvUpCount","99","","Str_UI_Mission_AchievementList_0009","EquipLvUpCount","3750","","Point_Gold","2000","Item_Material_EquipExp_02","1"
"Achievement_EquipLvUpCount_100","MissionGroup_Achievement","EquipLvUpCount","100","","Str_UI_Mission_AchievementList_0009","EquipLvUpCount","3800","","Point_Gold","2000","Item_Material_EquipExp_02","1"
"Achievement_EquipLvUpCount_101","MissionGroup_Achievement","EquipLvUpCount","101","","Str_UI_Mission_AchievementList_0009","EquipLvUpCount","3850","","Point_Gold","2000","Item_Material_EquipExp_02","1"
"Achievement_EquipLvUpCount_102","MissionGroup_Achievement","EquipLvUpCount","102","","Str_UI_Mission_AchievementList_0009","EquipLvUpCount","3900","","Point_Gold","2000","Item_Material_EquipExp_02","1"
"Achievement_EquipLvUpCount_103","MissionGroup_Achievement","EquipLvUpCount","103","","Str_UI_Mission_AchievementList_0009","EquipLvUpCount","3950","","Point_Gold","2000","Item_Material_EquipExp_02","1"
"Achievement_EquipLvUpCount_104","MissionGroup_Achievement","EquipLvUpCount","104","","Str_UI_Mission_AchievementList_0009","EquipLvUpCount","4000","","Point_Gold","2000","Item_Material_EquipExp_02","1"
"Achievement_EquipLvUpCount_105","MissionGroup_Achievement","EquipLvUpCount","105","","Str_UI_Mission_AchievementList_0009","EquipLvUpCount","4050","","Point_Gold","2000","Item_Material_EquipExp_02","1"
"Achievement_EquipLvUpCount_106","MissionGroup_Achievement","EquipLvUpCount","106","","Str_UI_Mission_AchievementList_0009","EquipLvUpCount","4100","","Point_Gold","2000","Item_Material_EquipExp_02","1"
"Achievement_EquipLvUpCount_107","MissionGroup_Achievement","EquipLvUpCount","107","","Str_UI_Mission_AchievementList_0009","EquipLvUpCount","4150","","Point_Gold","2000","Item_Material_EquipExp_02","1"
"Achievement_EquipLvUpCount_108","MissionGroup_Achievement","EquipLvUpCount","108","","Str_UI_Mission_AchievementList_0009","EquipLvUpCount","4200","","Point_Gold","2000","Item_Material_EquipExp_02","1"
"Achievement_EquipLvUpCount_109","MissionGroup_Achievement","EquipLvUpCount","109","","Str_UI_Mission_AchievementList_0009","EquipLvUpCount","4250","","Point_Gold","2000","Item_Material_EquipExp_02","1"
"Achievement_EquipLvUpCount_110","MissionGroup_Achievement","EquipLvUpCount","110","","Str_UI_Mission_AchievementList_0009","EquipLvUpCount","4300","","Point_Gold","2000","Item_Material_EquipExp_02","1"
"Achievement_EquipLvUpCount_111","MissionGroup_Achievement","EquipLvUpCount","111","","Str_UI_Mission_AchievementList_0009","EquipLvUpCount","4350","","Point_Gold","2000","Item_Material_EquipExp_02","1"
"Achievement_EquipLvUpCount_112","MissionGroup_Achievement","EquipLvUpCount","112","","Str_UI_Mission_AchievementList_0009","EquipLvUpCount","4400","","Point_Gold","2000","Item_Material_EquipExp_02","1"
"Achievement_EquipLvUpCount_113","MissionGroup_Achievement","EquipLvUpCount","113","","Str_UI_Mission_AchievementList_0009","EquipLvUpCount","4450","","Point_Gold","2000","Item_Material_EquipExp_02","1"
"Achievement_EquipLvUpCount_114","MissionGroup_Achievement","EquipLvUpCount","114","","Str_UI_Mission_AchievementList_0009","EquipLvUpCount","4500","","Point_Gold","2000","Item_Material_EquipExp_02","1"
"Achievement_EquipLvUpCount_115","MissionGroup_Achievement","EquipLvUpCount","115","","Str_UI_Mission_AchievementList_0009","EquipLvUpCount","4550","","Point_Gold","2000","Item_Material_EquipExp_02","1"
"Achievement_EquipLvUpCount_116","MissionGroup_Achievement","EquipLvUpCount","116","","Str_UI_Mission_AchievementList_0009","EquipLvUpCount","4600","","Point_Gold","2000","Item_Material_EquipExp_02","1"
"Achievement_EquipLvUpCount_117","MissionGroup_Achievement","EquipLvUpCount","117","","Str_UI_Mission_AchievementList_0009","EquipLvUpCount","4650","","Point_Gold","2000","Item_Material_EquipExp_02","1"
"Achievement_EquipLvUpCount_118","MissionGroup_Achievement","EquipLvUpCount","118","","Str_UI_Mission_AchievementList_0009","EquipLvUpCount","4700","","Point_Gold","2000","Item_Material_EquipExp_02","1"
"Achievement_EquipLvUpCount_119","MissionGroup_Achievement","EquipLvUpCount","119","","Str_UI_Mission_AchievementList_0009","EquipLvUpCount","4750","","Point_Gold","2000","Item_Material_EquipExp_02","1"
"Achievement_EquipLvUpCount_120","MissionGroup_Achievement","EquipLvUpCount","120","","Str_UI_Mission_AchievementList_0009","EquipLvUpCount","4800","","Point_Gold","2000","Item_Material_EquipExp_02","1"
"Achievement_EquipLvUpCount_121","MissionGroup_Achievement","EquipLvUpCount","121","","Str_UI_Mission_AchievementList_0009","EquipLvUpCount","4850","","Point_Gold","2000","Item_Material_EquipExp_02","1"
"Achievement_EquipLvUpCount_122","MissionGroup_Achievement","EquipLvUpCount","122","","Str_UI_Mission_AchievementList_0009","EquipLvUpCount","4900","","Point_Gold","2000","Item_Material_EquipExp_02","1"
"Achievement_EquipLvUpCount_123","MissionGroup_Achievement","EquipLvUpCount","123","","Str_UI_Mission_AchievementList_0009","EquipLvUpCount","4950","","Point_Gold","2000","Item_Material_EquipExp_02","1"
"Achievement_EquipLvUpCount_124","MissionGroup_Achievement","EquipLvUpCount","124","","Str_UI_Mission_AchievementList_0009","EquipLvUpCount","5000","","Point_Gold","2000","Item_Material_EquipExp_02","1"
"Achievement_EquipLvUpCount_125","MissionGroup_Achievement","EquipLvUpCount","125","","Str_UI_Mission_AchievementList_0009","EquipLvUpCount","5050","","Point_Gold","2000","Item_Material_EquipExp_02","1"
"Achievement_EquipLvUpCount_126","MissionGroup_Achievement","EquipLvUpCount","126","","Str_UI_Mission_AchievementList_0009","EquipLvUpCount","5100","","Point_Gold","2000","Item_Material_EquipExp_02","1"
"Achievement_EquipLvUpCount_127","MissionGroup_Achievement","EquipLvUpCount","127","","Str_UI_Mission_AchievementList_0009","EquipLvUpCount","5150","","Point_Gold","2000","Item_Material_EquipExp_02","1"
"Achievement_EquipLvUpCount_128","MissionGroup_Achievement","EquipLvUpCount","128","","Str_UI_Mission_AchievementList_0009","EquipLvUpCount","5200","","Point_Gold","2000","Item_Material_EquipExp_02","1"
"Achievement_EquipLvUpCount_129","MissionGroup_Achievement","EquipLvUpCount","129","","Str_UI_Mission_AchievementList_0009","EquipLvUpCount","5250","","Point_Gold","2000","Item_Material_EquipExp_02","1"
"Achievement_EquipLvUpCount_130","MissionGroup_Achievement","EquipLvUpCount","130","","Str_UI_Mission_AchievementList_0009","EquipLvUpCount","5300","","Point_Gold","2000","Item_Material_EquipExp_02","1"
"Achievement_EquipLvUpCount_131","MissionGroup_Achievement","EquipLvUpCount","131","","Str_UI_Mission_AchievementList_0009","EquipLvUpCount","5350","","Point_Gold","2000","Item_Material_EquipExp_02","1"
"Achievement_EquipLvUpCount_132","MissionGroup_Achievement","EquipLvUpCount","132","","Str_UI_Mission_AchievementList_0009","EquipLvUpCount","5400","","Point_Gold","2000","Item_Material_EquipExp_02","1"
"Achievement_EquipLvUpCount_133","MissionGroup_Achievement","EquipLvUpCount","133","","Str_UI_Mission_AchievementList_0009","EquipLvUpCount","5450","","Point_Gold","2000","Item_Material_EquipExp_02","1"
"Achievement_EquipLvUpCount_134","MissionGroup_Achievement","EquipLvUpCount","134","","Str_UI_Mission_AchievementList_0009","EquipLvUpCount","5500","","Point_Gold","2000","Item_Material_EquipExp_02","1"
"Achievement_EquipLvUpCount_135","MissionGroup_Achievement","EquipLvUpCount","135","","Str_UI_Mission_AchievementList_0009","EquipLvUpCount","5550","","Point_Gold","2000","Item_Material_EquipExp_02","1"
"Achievement_EquipLvUpCount_136","MissionGroup_Achievement","EquipLvUpCount","136","","Str_UI_Mission_AchievementList_0009","EquipLvUpCount","5600","","Point_Gold","2000","Item_Material_EquipExp_02","1"
"Achievement_EquipLvUpCount_137","MissionGroup_Achievement","EquipLvUpCount","137","","Str_UI_Mission_AchievementList_0009","EquipLvUpCount","5650","","Point_Gold","2000","Item_Material_EquipExp_02","1"
"Achievement_EquipLvUpCount_138","MissionGroup_Achievement","EquipLvUpCount","138","","Str_UI_Mission_AchievementList_0009","EquipLvUpCount","5700","","Point_Gold","2000","Item_Material_EquipExp_02","1"
"Achievement_EquipLvUpCount_139","MissionGroup_Achievement","EquipLvUpCount","139","","Str_UI_Mission_AchievementList_0009","EquipLvUpCount","5750","","Point_Gold","2000","Item_Material_EquipExp_02","1"
"Achievement_EquipLvUpCount_140","MissionGroup_Achievement","EquipLvUpCount","140","","Str_UI_Mission_AchievementList_0009","EquipLvUpCount","5800","","Point_Gold","2000","Item_Material_EquipExp_02","1"
"Achievement_EquipLvUpCount_141","MissionGroup_Achievement","EquipLvUpCount","141","","Str_UI_Mission_AchievementList_0009","EquipLvUpCount","5850","","Point_Gold","2000","Item_Material_EquipExp_02","1"
"Achievement_EquipLvUpCount_142","MissionGroup_Achievement","EquipLvUpCount","142","","Str_UI_Mission_AchievementList_0009","EquipLvUpCount","5900","","Point_Gold","2000","Item_Material_EquipExp_02","1"
"Achievement_EquipLvUpCount_143","MissionGroup_Achievement","EquipLvUpCount","143","","Str_UI_Mission_AchievementList_0009","EquipLvUpCount","5950","","Point_Gold","2000","Item_Material_EquipExp_02","1"
"Achievement_EquipLvUpCount_144","MissionGroup_Achievement","EquipLvUpCount","144","","Str_UI_Mission_AchievementList_0009","EquipLvUpCount","6000","","Point_Gold","2000","Item_Material_EquipExp_02","1"
"Achievement_EquipLvUpCount_145","MissionGroup_Achievement","EquipLvUpCount","145","","Str_UI_Mission_AchievementList_0009","EquipLvUpCount","6050","","Point_Gold","2000","Item_Material_EquipExp_02","1"
"Achievement_EquipLvUpCount_146","MissionGroup_Achievement","EquipLvUpCount","146","","Str_UI_Mission_AchievementList_0009","EquipLvUpCount","6100","","Point_Gold","2000","Item_Material_EquipExp_02","1"
"Achievement_EquipLvUpCount_147","MissionGroup_Achievement","EquipLvUpCount","147","","Str_UI_Mission_AchievementList_0009","EquipLvUpCount","6150","","Point_Gold","2000","Item_Material_EquipExp_02","1"
"Achievement_EquipLvUpCount_148","MissionGroup_Achievement","EquipLvUpCount","148","","Str_UI_Mission_AchievementList_0009","EquipLvUpCount","6200","","Point_Gold","2000","Item_Material_EquipExp_02","1"
"Achievement_EquipLvUpCount_149","MissionGroup_Achievement","EquipLvUpCount","149","","Str_UI_Mission_AchievementList_0009","EquipLvUpCount","6250","","Point_Gold","2000","Item_Material_EquipExp_02","1"
"Achievement_EquipLvUpCount_150","MissionGroup_Achievement","EquipLvUpCount","150","","Str_UI_Mission_AchievementList_0009","EquipLvUpCount","6300","","Point_Gold","2000","Item_Material_EquipExp_02","1"
"Achievement_EquipLvUpCount_151","MissionGroup_Achievement","EquipLvUpCount","151","","Str_UI_Mission_AchievementList_0009","EquipLvUpCount","6350","","Point_Gold","2000","Item_Material_EquipExp_02","1"
"Achievement_EquipLvUpCount_152","MissionGroup_Achievement","EquipLvUpCount","152","","Str_UI_Mission_AchievementList_0009","EquipLvUpCount","6400","","Point_Gold","2000","Item_Material_EquipExp_02","1"
"Achievement_EquipLvUpCount_153","MissionGroup_Achievement","EquipLvUpCount","153","","Str_UI_Mission_AchievementList_0009","EquipLvUpCount","6450","","Point_Gold","2000","Item_Material_EquipExp_02","1"
"Achievement_EquipLvUpCount_154","MissionGroup_Achievement","EquipLvUpCount","154","","Str_UI_Mission_AchievementList_0009","EquipLvUpCount","6500","","Point_Gold","2000","Item_Material_EquipExp_02","1"
"Achievement_EquipLvUpCount_155","MissionGroup_Achievement","EquipLvUpCount","155","","Str_UI_Mission_AchievementList_0009","EquipLvUpCount","6550","","Point_Gold","2000","Item_Material_EquipExp_02","1"
"Achievement_EquipLvUpCount_156","MissionGroup_Achievement","EquipLvUpCount","156","","Str_UI_Mission_AchievementList_0009","EquipLvUpCount","6600","","Point_Gold","2000","Item_Material_EquipExp_02","1"
"Achievement_EquipLvUpCount_157","MissionGroup_Achievement","EquipLvUpCount","157","","Str_UI_Mission_AchievementList_0009","EquipLvUpCount","6650","","Point_Gold","2000","Item_Material_EquipExp_02","1"
"Achievement_EquipLvUpCount_158","MissionGroup_Achievement","EquipLvUpCount","158","","Str_UI_Mission_AchievementList_0009","EquipLvUpCount","6700","","Point_Gold","2000","Item_Material_EquipExp_02","1"
"Achievement_EquipLvUpCount_159","MissionGroup_Achievement","EquipLvUpCount","159","","Str_UI_Mission_AchievementList_0009","EquipLvUpCount","6750","","Point_Gold","2000","Item_Material_EquipExp_02","1"
"Achievement_EquipLvUpCount_160","MissionGroup_Achievement","EquipLvUpCount","160","","Str_UI_Mission_AchievementList_0009","EquipLvUpCount","6800","","Point_Gold","2000","Item_Material_EquipExp_02","1"
"Achievement_EquipLvUpCount_161","MissionGroup_Achievement","EquipLvUpCount","161","","Str_UI_Mission_AchievementList_0009","EquipLvUpCount","6850","","Point_Gold","2000","Item_Material_EquipExp_02","1"
"Achievement_EquipLvUpCount_162","MissionGroup_Achievement","EquipLvUpCount","162","","Str_UI_Mission_AchievementList_0009","EquipLvUpCount","6900","","Point_Gold","2000","Item_Material_EquipExp_02","1"
"Achievement_EquipLvUpCount_163","MissionGroup_Achievement","EquipLvUpCount","163","","Str_UI_Mission_AchievementList_0009","EquipLvUpCount","6950","","Point_Gold","2000","Item_Material_EquipExp_02","1"
"Achievement_EquipLvUpCount_164","MissionGroup_Achievement","EquipLvUpCount","164","","Str_UI_Mission_AchievementList_0009","EquipLvUpCount","7000","","Point_Gold","2000","Item_Material_EquipExp_02","1"
"Achievement_EquipLvUpCount_165","MissionGroup_Achievement","EquipLvUpCount","165","","Str_UI_Mission_AchievementList_0009","EquipLvUpCount","7050","","Point_Gold","2000","Item_Material_EquipExp_02","1"
"Achievement_EquipLvUpCount_166","MissionGroup_Achievement","EquipLvUpCount","166","","Str_UI_Mission_AchievementList_0009","EquipLvUpCount","7100","","Point_Gold","2000","Item_Material_EquipExp_02","1"
"Achievement_EquipLvUpCount_167","MissionGroup_Achievement","EquipLvUpCount","167","","Str_UI_Mission_AchievementList_0009","EquipLvUpCount","7150","","Point_Gold","2000","Item_Material_EquipExp_02","1"
"Achievement_EquipLvUpCount_168","MissionGroup_Achievement","EquipLvUpCount","168","","Str_UI_Mission_AchievementList_0009","EquipLvUpCount","7200","","Point_Gold","2000","Item_Material_EquipExp_02","1"
"Achievement_EquipLvUpCount_169","MissionGroup_Achievement","EquipLvUpCount","169","","Str_UI_Mission_AchievementList_0009","EquipLvUpCount","7250","","Point_Gold","2000","Item_Material_EquipExp_02","1"
"Achievement_EquipLvUpCount_170","MissionGroup_Achievement","EquipLvUpCount","170","","Str_UI_Mission_AchievementList_0009","EquipLvUpCount","7300","","Point_Gold","2000","Item_Material_EquipExp_02","1"
"Achievement_EquipLvUpCount_171","MissionGroup_Achievement","EquipLvUpCount","171","","Str_UI_Mission_AchievementList_0009","EquipLvUpCount","7350","","Point_Gold","2000","Item_Material_EquipExp_02","1"
"Achievement_EquipLvUpCount_172","MissionGroup_Achievement","EquipLvUpCount","172","","Str_UI_Mission_AchievementList_0009","EquipLvUpCount","7400","","Point_Gold","2000","Item_Material_EquipExp_02","1"
"Achievement_EquipLvUpCount_173","MissionGroup_Achievement","EquipLvUpCount","173","","Str_UI_Mission_AchievementList_0009","EquipLvUpCount","7450","","Point_Gold","2000","Item_Material_EquipExp_02","1"
"Achievement_EquipLvUpCount_174","MissionGroup_Achievement","EquipLvUpCount","174","","Str_UI_Mission_AchievementList_0009","EquipLvUpCount","7500","","Point_Gold","2000","Item_Material_EquipExp_02","1"
"Achievement_EquipLvUpCount_175","MissionGroup_Achievement","EquipLvUpCount","175","","Str_UI_Mission_AchievementList_0009","EquipLvUpCount","7550","","Point_Gold","2000","Item_Material_EquipExp_02","1"
"Achievement_EquipLvUpCount_176","MissionGroup_Achievement","EquipLvUpCount","176","","Str_UI_Mission_AchievementList_0009","EquipLvUpCount","7600","","Point_Gold","2000","Item_Material_EquipExp_02","1"
"Achievement_EquipLvUpCount_177","MissionGroup_Achievement","EquipLvUpCount","177","","Str_UI_Mission_AchievementList_0009","EquipLvUpCount","7650","","Point_Gold","2000","Item_Material_EquipExp_02","1"
"Achievement_EquipLvUpCount_178","MissionGroup_Achievement","EquipLvUpCount","178","","Str_UI_Mission_AchievementList_0009","EquipLvUpCount","7700","","Point_Gold","2000","Item_Material_EquipExp_02","1"
"Achievement_EquipLvUpCount_179","MissionGroup_Achievement","EquipLvUpCount","179","","Str_UI_Mission_AchievementList_0009","EquipLvUpCount","7750","","Point_Gold","2000","Item_Material_EquipExp_02","1"
"Achievement_EquipLvUpCount_180","MissionGroup_Achievement","EquipLvUpCount","180","","Str_UI_Mission_AchievementList_0009","EquipLvUpCount","7800","","Point_Gold","2000","Item_Material_EquipExp_02","1"
"Achievement_EquipLvUpCount_181","MissionGroup_Achievement","EquipLvUpCount","181","","Str_UI_Mission_AchievementList_0009","EquipLvUpCount","7850","","Point_Gold","2000","Item_Material_EquipExp_02","1"
"Achievement_EquipLvUpCount_182","MissionGroup_Achievement","EquipLvUpCount","182","","Str_UI_Mission_AchievementList_0009","EquipLvUpCount","7900","","Point_Gold","2000","Item_Material_EquipExp_02","1"
"Achievement_EquipLvUpCount_183","MissionGroup_Achievement","EquipLvUpCount","183","","Str_UI_Mission_AchievementList_0009","EquipLvUpCount","7950","","Point_Gold","2000","Item_Material_EquipExp_02","1"
"Achievement_EquipLvUpCount_184","MissionGroup_Achievement","EquipLvUpCount","184","","Str_UI_Mission_AchievementList_0009","EquipLvUpCount","8000","","Point_Gold","2000","Item_Material_EquipExp_02","1"
"Achievement_EquipLvUpCount_185","MissionGroup_Achievement","EquipLvUpCount","185","","Str_UI_Mission_AchievementList_0009","EquipLvUpCount","8050","","Point_Gold","2000","Item_Material_EquipExp_02","1"
"Achievement_EquipLvUpCount_186","MissionGroup_Achievement","EquipLvUpCount","186","","Str_UI_Mission_AchievementList_0009","EquipLvUpCount","8100","","Point_Gold","2000","Item_Material_EquipExp_02","1"
"Achievement_EquipLvUpCount_187","MissionGroup_Achievement","EquipLvUpCount","187","","Str_UI_Mission_AchievementList_0009","EquipLvUpCount","8150","","Point_Gold","2000","Item_Material_EquipExp_02","1"
"Achievement_EquipLvUpCount_188","MissionGroup_Achievement","EquipLvUpCount","188","","Str_UI_Mission_AchievementList_0009","EquipLvUpCount","8200","","Point_Gold","2000","Item_Material_EquipExp_02","1"
"Achievement_EquipLvUpCount_189","MissionGroup_Achievement","EquipLvUpCount","189","","Str_UI_Mission_AchievementList_0009","EquipLvUpCount","8250","","Point_Gold","2000","Item_Material_EquipExp_02","1"
"Achievement_EquipLvUpCount_190","MissionGroup_Achievement","EquipLvUpCount","190","","Str_UI_Mission_AchievementList_0009","EquipLvUpCount","8300","","Point_Gold","2000","Item_Material_EquipExp_02","1"
"Achievement_EquipLvUpCount_191","MissionGroup_Achievement","EquipLvUpCount","191","","Str_UI_Mission_AchievementList_0009","EquipLvUpCount","8350","","Point_Gold","2000","Item_Material_EquipExp_02","1"
"Achievement_EquipLvUpCount_192","MissionGroup_Achievement","EquipLvUpCount","192","","Str_UI_Mission_AchievementList_0009","EquipLvUpCount","8400","","Point_Gold","2000","Item_Material_EquipExp_02","1"
"Achievement_EquipLvUpCount_193","MissionGroup_Achievement","EquipLvUpCount","193","","Str_UI_Mission_AchievementList_0009","EquipLvUpCount","8450","","Point_Gold","2000","Item_Material_EquipExp_02","1"
"Achievement_EquipLvUpCount_194","MissionGroup_Achievement","EquipLvUpCount","194","","Str_UI_Mission_AchievementList_0009","EquipLvUpCount","8500","","Point_Gold","2000","Item_Material_EquipExp_02","1"
"Achievement_EquipLvUpCount_195","MissionGroup_Achievement","EquipLvUpCount","195","","Str_UI_Mission_AchievementList_0009","EquipLvUpCount","8550","","Point_Gold","2000","Item_Material_EquipExp_02","1"
"Achievement_EquipLvUpCount_196","MissionGroup_Achievement","EquipLvUpCount","196","","Str_UI_Mission_AchievementList_0009","EquipLvUpCount","8600","","Point_Gold","2000","Item_Material_EquipExp_02","1"
"Achievement_EquipLvUpCount_197","MissionGroup_Achievement","EquipLvUpCount","197","","Str_UI_Mission_AchievementList_0009","EquipLvUpCount","8650","","Point_Gold","2000","Item_Material_EquipExp_02","1"
"Achievement_EquipLvUpCount_198","MissionGroup_Achievement","EquipLvUpCount","198","","Str_UI_Mission_AchievementList_0009","EquipLvUpCount","8700","","Point_Gold","2000","Item_Material_EquipExp_02","1"
"Achievement_EquipLvUpCount_199","MissionGroup_Achievement","EquipLvUpCount","199","","Str_UI_Mission_AchievementList_0009","EquipLvUpCount","8750","","Point_Gold","2000","Item_Material_EquipExp_02","1"
"Achievement_EquipLvUpCount_200","MissionGroup_Achievement","EquipLvUpCount","200","","Str_UI_Mission_AchievementList_0009","EquipLvUpCount","8800","","Point_Gold","2000","Item_Material_EquipExp_02","1"
"Achievement_EquipLvUpCount_201","MissionGroup_Achievement","EquipLvUpCount","201","","Str_UI_Mission_AchievementList_0009","EquipLvUpCount","8850","","Point_Gold","2000","Item_Material_EquipExp_02","1"
"Achievement_EquipLvUpCount_202","MissionGroup_Achievement","EquipLvUpCount","202","","Str_UI_Mission_AchievementList_0009","EquipLvUpCount","8900","","Point_Gold","2000","Item_Material_EquipExp_02","1"
"Achievement_EquipLvUpCount_203","MissionGroup_Achievement","EquipLvUpCount","203","","Str_UI_Mission_AchievementList_0009","EquipLvUpCount","8950","","Point_Gold","2000","Item_Material_EquipExp_02","1"
"Achievement_EquipLvUpCount_204","MissionGroup_Achievement","EquipLvUpCount","204","","Str_UI_Mission_AchievementList_0009","EquipLvUpCount","9000","","Point_Gold","2000","Item_Material_EquipExp_02","1"
"Achievement_EquipLvUpCount_205","MissionGroup_Achievement","EquipLvUpCount","205","","Str_UI_Mission_AchievementList_0009","EquipLvUpCount","9050","","Point_Gold","2000","Item_Material_EquipExp_02","1"
"Achievement_EquipLvUpCount_206","MissionGroup_Achievement","EquipLvUpCount","206","","Str_UI_Mission_AchievementList_0009","EquipLvUpCount","9100","","Point_Gold","2000","Item_Material_EquipExp_02","1"
"Achievement_EquipLvUpCount_207","MissionGroup_Achievement","EquipLvUpCount","207","","Str_UI_Mission_AchievementList_0009","EquipLvUpCount","9150","","Point_Gold","2000","Item_Material_EquipExp_02","1"
"Achievement_EquipLvUpCount_208","MissionGroup_Achievement","EquipLvUpCount","208","","Str_UI_Mission_AchievementList_0009","EquipLvUpCount","9200","","Point_Gold","2000","Item_Material_EquipExp_02","1"
"Achievement_EquipLvUpCount_209","MissionGroup_Achievement","EquipLvUpCount","209","","Str_UI_Mission_AchievementList_0009","EquipLvUpCount","9250","","Point_Gold","2000","Item_Material_EquipExp_02","1"
"Achievement_EquipLvUpCount_210","MissionGroup_Achievement","EquipLvUpCount","210","","Str_UI_Mission_AchievementList_0009","EquipLvUpCount","9300","","Point_Gold","2000","Item_Material_EquipExp_02","1"
"Achievement_EquipLvUpCount_211","MissionGroup_Achievement","EquipLvUpCount","211","","Str_UI_Mission_AchievementList_0009","EquipLvUpCount","9350","","Point_Gold","2000","Item_Material_EquipExp_02","1"
"Achievement_EquipLvUpCount_212","MissionGroup_Achievement","EquipLvUpCount","212","","Str_UI_Mission_AchievementList_0009","EquipLvUpCount","9400","","Point_Gold","2000","Item_Material_EquipExp_02","1"
"Achievement_EquipLvUpCount_213","MissionGroup_Achievement","EquipLvUpCount","213","","Str_UI_Mission_AchievementList_0009","EquipLvUpCount","9450","","Point_Gold","2000","Item_Material_EquipExp_02","1"
"Achievement_EquipLvUpCount_214","MissionGroup_Achievement","EquipLvUpCount","214","","Str_UI_Mission_AchievementList_0009","EquipLvUpCount","9500","","Point_Gold","2000","Item_Material_EquipExp_02","1"
"Achievement_EquipLvUpCount_215","MissionGroup_Achievement","EquipLvUpCount","215","","Str_UI_Mission_AchievementList_0009","EquipLvUpCount","9550","","Point_Gold","2000","Item_Material_EquipExp_02","1"
"Achievement_EquipLvUpCount_216","MissionGroup_Achievement","EquipLvUpCount","216","","Str_UI_Mission_AchievementList_0009","EquipLvUpCount","9600","","Point_Gold","2000","Item_Material_EquipExp_02","1"
"Achievement_EquipLvUpCount_217","MissionGroup_Achievement","EquipLvUpCount","217","","Str_UI_Mission_AchievementList_0009","EquipLvUpCount","9650","","Point_Gold","2000","Item_Material_EquipExp_02","1"
"Achievement_EquipLvUpCount_218","MissionGroup_Achievement","EquipLvUpCount","218","","Str_UI_Mission_AchievementList_0009","EquipLvUpCount","9700","","Point_Gold","2000","Item_Material_EquipExp_02","1"
"Achievement_EquipLvUpCount_219","MissionGroup_Achievement","EquipLvUpCount","219","","Str_UI_Mission_AchievementList_0009","EquipLvUpCount","9750","","Point_Gold","2000","Item_Material_EquipExp_02","1"
"Achievement_EquipLvUpCount_220","MissionGroup_Achievement","EquipLvUpCount","220","","Str_UI_Mission_AchievementList_0009","EquipLvUpCount","9800","","Point_Gold","2000","Item_Material_EquipExp_02","1"
"Achievement_EquipLvUpCount_221","MissionGroup_Achievement","EquipLvUpCount","221","","Str_UI_Mission_AchievementList_0009","EquipLvUpCount","9850","","Point_Gold","2000","Item_Material_EquipExp_02","1"
"Achievement_EquipLvUpCount_222","MissionGroup_Achievement","EquipLvUpCount","222","","Str_UI_Mission_AchievementList_0009","EquipLvUpCount","9900","","Point_Gold","2000","Item_Material_EquipExp_02","1"
"Achievement_EquipLvUpCount_223","MissionGroup_Achievement","EquipLvUpCount","223","","Str_UI_Mission_AchievementList_0009","EquipLvUpCount","9950","","Point_Gold","2000","Item_Material_EquipExp_02","1"
"Achievement_EquipLvUpCount_224","MissionGroup_Achievement","EquipLvUpCount","224","","Str_UI_Mission_AchievementList_0009","EquipLvUpCount","10000","","Point_Gold","2000","Item_Material_EquipExp_02","1"
"Achievement_EquipLvUpCount_225","MissionGroup_Achievement","EquipLvUpCount","225","","Str_UI_Mission_AchievementList_0009","EquipLvUpCount","10050","","Point_Gold","2000","Item_Material_EquipExp_02","1"
"Achievement_EquipLvUpCount_226","MissionGroup_Achievement","EquipLvUpCount","226","","Str_UI_Mission_AchievementList_0009","EquipLvUpCount","10100","","Point_Gold","2000","Item_Material_EquipExp_02","1"
"Achievement_EquipLvUpCount_227","MissionGroup_Achievement","EquipLvUpCount","227","","Str_UI_Mission_AchievementList_0009","EquipLvUpCount","10150","","Point_Gold","2000","Item_Material_EquipExp_02","1"
"Achievement_EquipLvUpCount_228","MissionGroup_Achievement","EquipLvUpCount","228","","Str_UI_Mission_AchievementList_0009","EquipLvUpCount","10200","","Point_Gold","2000","Item_Material_EquipExp_02","1"
"Achievement_EquipLvUpCount_229","MissionGroup_Achievement","EquipLvUpCount","229","","Str_UI_Mission_AchievementList_0009","EquipLvUpCount","10250","","Point_Gold","2000","Item_Material_EquipExp_02","1"
"Achievement_EquipLvUpCount_230","MissionGroup_Achievement","EquipLvUpCount","230","","Str_UI_Mission_AchievementList_0009","EquipLvUpCount","10300","","Point_Gold","2000","Item_Material_EquipExp_02","1"
"Achievement_EquipLvUpCount_231","MissionGroup_Achievement","EquipLvUpCount","231","","Str_UI_Mission_AchievementList_0009","EquipLvUpCount","10350","","Point_Gold","2000","Item_Material_EquipExp_02","1"
"Achievement_EquipLvUpCount_232","MissionGroup_Achievement","EquipLvUpCount","232","","Str_UI_Mission_AchievementList_0009","EquipLvUpCount","10400","","Point_Gold","2000","Item_Material_EquipExp_02","1"
"Achievement_EquipLvUpCount_233","MissionGroup_Achievement","EquipLvUpCount","233","","Str_UI_Mission_AchievementList_0009","EquipLvUpCount","10450","","Point_Gold","2000","Item_Material_EquipExp_02","1"
"Achievement_EquipLvUpCount_234","MissionGroup_Achievement","EquipLvUpCount","234","","Str_UI_Mission_AchievementList_0009","EquipLvUpCount","10500","","Point_Gold","2000","Item_Material_EquipExp_02","1"
"Achievement_EquipLvUpCount_235","MissionGroup_Achievement","EquipLvUpCount","235","","Str_UI_Mission_AchievementList_0009","EquipLvUpCount","10550","","Point_Gold","2000","Item_Material_EquipExp_02","1"
"Achievement_EquipLvUpCount_236","MissionGroup_Achievement","EquipLvUpCount","236","","Str_UI_Mission_AchievementList_0009","EquipLvUpCount","10600","","Point_Gold","2000","Item_Material_EquipExp_02","1"
"Achievement_EquipLvUpCount_237","MissionGroup_Achievement","EquipLvUpCount","237","","Str_UI_Mission_AchievementList_0009","EquipLvUpCount","10650","","Point_Gold","2000","Item_Material_EquipExp_02","1"
"Achievement_EquipLvUpCount_238","MissionGroup_Achievement","EquipLvUpCount","238","","Str_UI_Mission_AchievementList_0009","EquipLvUpCount","10700","","Point_Gold","2000","Item_Material_EquipExp_02","1"
"Achievement_EquipLvUpCount_239","MissionGroup_Achievement","EquipLvUpCount","239","","Str_UI_Mission_AchievementList_0009","EquipLvUpCount","10750","","Point_Gold","2000","Item_Material_EquipExp_02","1"
"Achievement_EquipLvUpCount_240","MissionGroup_Achievement","EquipLvUpCount","240","","Str_UI_Mission_AchievementList_0009","EquipLvUpCount","10800","","Point_Gold","2000","Item_Material_EquipExp_02","1"
"Achievement_EquipLvUpCount_241","MissionGroup_Achievement","EquipLvUpCount","241","","Str_UI_Mission_AchievementList_0009","EquipLvUpCount","10850","","Point_Gold","2000","Item_Material_EquipExp_02","1"
"Achievement_EquipLvUpCount_242","MissionGroup_Achievement","EquipLvUpCount","242","","Str_UI_Mission_AchievementList_0009","EquipLvUpCount","10900","","Point_Gold","2000","Item_Material_EquipExp_02","1"
"Achievement_EquipLvUpCount_243","MissionGroup_Achievement","EquipLvUpCount","243","","Str_UI_Mission_AchievementList_0009","EquipLvUpCount","10950","","Point_Gold","2000","Item_Material_EquipExp_02","1"
"Achievement_EquipLvUpCount_244","MissionGroup_Achievement","EquipLvUpCount","244","","Str_UI_Mission_AchievementList_0009","EquipLvUpCount","11000","","Point_Gold","2000","Item_Material_EquipExp_02","1"
"Achievement_EquipGradeUpCount_01","MissionGroup_Achievement","EquipGradeUpCount","1","","Str_UI_Mission_AchievementList_0010","EquipGradeUpCount","1","","Point_Gold","3000","Coin_TaleStone","20"
"Achievement_EquipGradeUpCount_02","MissionGroup_Achievement","EquipGradeUpCount","2","","Str_UI_Mission_AchievementList_0010","EquipGradeUpCount","5","","Point_Gold","3000","Coin_TaleStone","20"
"Achievement_EquipGradeUpCount_03","MissionGroup_Achievement","EquipGradeUpCount","3","","Str_UI_Mission_AchievementList_0010","EquipGradeUpCount","10","","Point_Gold","3000","Coin_TaleStone","20"
"Achievement_EquipGradeUpCount_04","MissionGroup_Achievement","EquipGradeUpCount","4","","Str_UI_Mission_AchievementList_0010","EquipGradeUpCount","15","","Point_Gold","3000","Coin_TaleStone","20"
"Achievement_EquipGradeUpCount_05","MissionGroup_Achievement","EquipGradeUpCount","5","","Str_UI_Mission_AchievementList_0010","EquipGradeUpCount","20","","Point_Gold","3000","Coin_TaleStone","20"
"Achievement_EquipGradeUpCount_06","MissionGroup_Achievement","EquipGradeUpCount","6","","Str_UI_Mission_AchievementList_0010","EquipGradeUpCount","25","","Point_Gold","3000","Coin_TaleStone","20"
"Achievement_EquipGradeUpCount_07","MissionGroup_Achievement","EquipGradeUpCount","7","","Str_UI_Mission_AchievementList_0010","EquipGradeUpCount","30","","Point_Gold","3000","Coin_TaleStone","20"
"Achievement_EquipGradeUpCount_08","MissionGroup_Achievement","EquipGradeUpCount","8","","Str_UI_Mission_AchievementList_0010","EquipGradeUpCount","35","","Point_Gold","3000","Coin_TaleStone","20"
"Achievement_EquipGradeUpCount_09","MissionGroup_Achievement","EquipGradeUpCount","9","","Str_UI_Mission_AchievementList_0010","EquipGradeUpCount","40","","Point_Gold","3000","Coin_TaleStone","20"
"Achievement_EquipGradeUpCount_10","MissionGroup_Achievement","EquipGradeUpCount","10","","Str_UI_Mission_AchievementList_0010","EquipGradeUpCount","45","","Point_Gold","3000","Coin_TaleStone","20"
"Achievement_EquipGradeUpCount_11","MissionGroup_Achievement","EquipGradeUpCount","11","","Str_UI_Mission_AchievementList_0010","EquipGradeUpCount","50","","Point_Gold","3000","Coin_TaleStone","20"
"Achievement_EquipGradeUpCount_12","MissionGroup_Achievement","EquipGradeUpCount","12","","Str_UI_Mission_AchievementList_0010","EquipGradeUpCount","55","","Point_Gold","3000","Coin_TaleStone","20"
"Achievement_EquipGradeUpCount_13","MissionGroup_Achievement","EquipGradeUpCount","13","","Str_UI_Mission_AchievementList_0010","EquipGradeUpCount","60","","Point_Gold","3000","Coin_TaleStone","20"
"Achievement_EquipGradeUpCount_14","MissionGroup_Achievement","EquipGradeUpCount","14","","Str_UI_Mission_AchievementList_0010","EquipGradeUpCount","65","","Point_Gold","3000","Coin_TaleStone","20"
"Achievement_EquipGradeUpCount_15","MissionGroup_Achievement","EquipGradeUpCount","15","","Str_UI_Mission_AchievementList_0010","EquipGradeUpCount","70","","Point_Gold","3000","Coin_TaleStone","20"
"Achievement_EquipGradeUpCount_16","MissionGroup_Achievement","EquipGradeUpCount","16","","Str_UI_Mission_AchievementList_0010","EquipGradeUpCount","75","","Point_Gold","3000","Coin_TaleStone","20"
"Achievement_EquipGradeUpCount_17","MissionGroup_Achievement","EquipGradeUpCount","17","","Str_UI_Mission_AchievementList_0010","EquipGradeUpCount","80","","Point_Gold","3000","Coin_TaleStone","20"
"Achievement_EquipGradeUpCount_18","MissionGroup_Achievement","EquipGradeUpCount","18","","Str_UI_Mission_AchievementList_0010","EquipGradeUpCount","85","","Point_Gold","3000","Coin_TaleStone","20"
"Achievement_EquipGradeUpCount_19","MissionGroup_Achievement","EquipGradeUpCount","19","","Str_UI_Mission_AchievementList_0010","EquipGradeUpCount","90","","Point_Gold","3000","Coin_TaleStone","20"
"Achievement_EquipGradeUpCount_20","MissionGroup_Achievement","EquipGradeUpCount","20","","Str_UI_Mission_AchievementList_0010","EquipGradeUpCount","95","","Point_Gold","3000","Coin_TaleStone","20"
"Achievement_EquipGradeUpCount_21","MissionGroup_Achievement","EquipGradeUpCount","21","","Str_UI_Mission_AchievementList_0010","EquipGradeUpCount","100","","Point_Gold","3000","Coin_TaleStone","20"
"Achievement_EquipGradeUpCount_22","MissionGroup_Achievement","EquipGradeUpCount","22","","Str_UI_Mission_AchievementList_0010","EquipGradeUpCount","105","","Point_Gold","3000","Coin_TaleStone","20"
"Achievement_EquipGradeUpCount_23","MissionGroup_Achievement","EquipGradeUpCount","23","","Str_UI_Mission_AchievementList_0010","EquipGradeUpCount","110","","Point_Gold","3000","Coin_TaleStone","20"
"Achievement_EquipGradeUpCount_24","MissionGroup_Achievement","EquipGradeUpCount","24","","Str_UI_Mission_AchievementList_0010","EquipGradeUpCount","115","","Point_Gold","3000","Coin_TaleStone","20"
"Achievement_EquipGradeUpCount_25","MissionGroup_Achievement","EquipGradeUpCount","25","","Str_UI_Mission_AchievementList_0010","EquipGradeUpCount","120","","Point_Gold","3000","Coin_TaleStone","20"
"Achievement_EquipGradeUpCount_26","MissionGroup_Achievement","EquipGradeUpCount","26","","Str_UI_Mission_AchievementList_0010","EquipGradeUpCount","125","","Point_Gold","3000","Coin_TaleStone","20"
"Achievement_EquipGradeUpCount_27","MissionGroup_Achievement","EquipGradeUpCount","27","","Str_UI_Mission_AchievementList_0010","EquipGradeUpCount","130","","Point_Gold","3000","Coin_TaleStone","20"
"Achievement_EquipGradeUpCount_28","MissionGroup_Achievement","EquipGradeUpCount","28","","Str_UI_Mission_AchievementList_0010","EquipGradeUpCount","135","","Point_Gold","3000","Coin_TaleStone","20"
"Achievement_EquipGradeUpCount_29","MissionGroup_Achievement","EquipGradeUpCount","29","","Str_UI_Mission_AchievementList_0010","EquipGradeUpCount","140","","Point_Gold","3000","Coin_TaleStone","20"
"Achievement_EquipGradeUpCount_30","MissionGroup_Achievement","EquipGradeUpCount","30","","Str_UI_Mission_AchievementList_0010","EquipGradeUpCount","145","","Point_Gold","3000","Coin_TaleStone","20"
"Achievement_EquipGradeUpCount_31","MissionGroup_Achievement","EquipGradeUpCount","31","","Str_UI_Mission_AchievementList_0010","EquipGradeUpCount","150","","Point_Gold","3000","Coin_TaleStone","20"
"Achievement_EquipGradeUpCount_32","MissionGroup_Achievement","EquipGradeUpCount","32","","Str_UI_Mission_AchievementList_0010","EquipGradeUpCount","155","","Point_Gold","3000","Coin_TaleStone","20"
"Achievement_EquipGradeUpCount_33","MissionGroup_Achievement","EquipGradeUpCount","33","","Str_UI_Mission_AchievementList_0010","EquipGradeUpCount","160","","Point_Gold","3000","Coin_TaleStone","20"
"Achievement_EquipGradeUpCount_34","MissionGroup_Achievement","EquipGradeUpCount","34","","Str_UI_Mission_AchievementList_0010","EquipGradeUpCount","165","","Point_Gold","3000","Coin_TaleStone","20"
"Achievement_EquipGradeUpCount_35","MissionGroup_Achievement","EquipGradeUpCount","35","","Str_UI_Mission_AchievementList_0010","EquipGradeUpCount","170","","Point_Gold","3000","Coin_TaleStone","20"
"Achievement_EquipGradeUpCount_36","MissionGroup_Achievement","EquipGradeUpCount","36","","Str_UI_Mission_AchievementList_0010","EquipGradeUpCount","175","","Point_Gold","3000","Coin_TaleStone","20"
"Achievement_EquipGradeUpCount_37","MissionGroup_Achievement","EquipGradeUpCount","37","","Str_UI_Mission_AchievementList_0010","EquipGradeUpCount","180","","Point_Gold","3000","Coin_TaleStone","20"
"Achievement_EquipGradeUpCount_38","MissionGroup_Achievement","EquipGradeUpCount","38","","Str_UI_Mission_AchievementList_0010","EquipGradeUpCount","185","","Point_Gold","3000","Coin_TaleStone","20"
"Achievement_EquipGradeUpCount_39","MissionGroup_Achievement","EquipGradeUpCount","39","","Str_UI_Mission_AchievementList_0010","EquipGradeUpCount","190","","Point_Gold","3000","Coin_TaleStone","20"
"Achievement_EquipGradeUpCount_40","MissionGroup_Achievement","EquipGradeUpCount","40","","Str_UI_Mission_AchievementList_0010","EquipGradeUpCount","195","","Point_Gold","3000","Coin_TaleStone","20"
"Achievement_EquipGradeUpCount_41","MissionGroup_Achievement","EquipGradeUpCount","41","","Str_UI_Mission_AchievementList_0010","EquipGradeUpCount","200","","Point_Gold","3000","Coin_TaleStone","20"
"Achievement_EquipGradeUpCount_42","MissionGroup_Achievement","EquipGradeUpCount","42","","Str_UI_Mission_AchievementList_0010","EquipGradeUpCount","205","","Point_Gold","3000","Coin_TaleStone","20"
"Achievement_EquipGradeUpCount_43","MissionGroup_Achievement","EquipGradeUpCount","43","","Str_UI_Mission_AchievementList_0010","EquipGradeUpCount","210","","Point_Gold","3000","Coin_TaleStone","20"
"Achievement_EquipGradeUpCount_44","MissionGroup_Achievement","EquipGradeUpCount","44","","Str_UI_Mission_AchievementList_0010","EquipGradeUpCount","215","","Point_Gold","3000","Coin_TaleStone","20"
"Achievement_EquipGradeUpCount_45","MissionGroup_Achievement","EquipGradeUpCount","45","","Str_UI_Mission_AchievementList_0010","EquipGradeUpCount","220","","Point_Gold","3000","Coin_TaleStone","20"
"Achievement_EquipGradeUpCount_46","MissionGroup_Achievement","EquipGradeUpCount","46","","Str_UI_Mission_AchievementList_0010","EquipGradeUpCount","225","","Point_Gold","3000","Coin_TaleStone","20"
"Achievement_EquipGradeUpCount_47","MissionGroup_Achievement","EquipGradeUpCount","47","","Str_UI_Mission_AchievementList_0010","EquipGradeUpCount","230","","Point_Gold","3000","Coin_TaleStone","20"
"Achievement_EquipGradeUpCount_48","MissionGroup_Achievement","EquipGradeUpCount","48","","Str_UI_Mission_AchievementList_0010","EquipGradeUpCount","235","","Point_Gold","3000","Coin_TaleStone","20"
"Achievement_EquipGradeUpCount_49","MissionGroup_Achievement","EquipGradeUpCount","49","","Str_UI_Mission_AchievementList_0010","EquipGradeUpCount","240","","Point_Gold","3000","Coin_TaleStone","20"
"Achievement_EquipGradeUpCount_50","MissionGroup_Achievement","EquipGradeUpCount","50","","Str_UI_Mission_AchievementList_0010","EquipGradeUpCount","245","","Point_Gold","3000","Coin_TaleStone","20"
"Achievement_EquipGradeUpCount_51","MissionGroup_Achievement","EquipGradeUpCount","51","","Str_UI_Mission_AchievementList_0010","EquipGradeUpCount","250","","Point_Gold","3000","Coin_TaleStone","20"
"Achievement_EquipGradeUpCount_52","MissionGroup_Achievement","EquipGradeUpCount","52","","Str_UI_Mission_AchievementList_0010","EquipGradeUpCount","255","","Point_Gold","3000","Coin_TaleStone","20"
"Achievement_EquipGradeUpCount_53","MissionGroup_Achievement","EquipGradeUpCount","53","","Str_UI_Mission_AchievementList_0010","EquipGradeUpCount","260","","Point_Gold","3000","Coin_TaleStone","20"
"Achievement_EquipGradeUpCount_54","MissionGroup_Achievement","EquipGradeUpCount","54","","Str_UI_Mission_AchievementList_0010","EquipGradeUpCount","265","","Point_Gold","3000","Coin_TaleStone","20"
"Achievement_EquipGradeUpCount_55","MissionGroup_Achievement","EquipGradeUpCount","55","","Str_UI_Mission_AchievementList_0010","EquipGradeUpCount","270","","Point_Gold","3000","Coin_TaleStone","20"
"Achievement_EquipGradeUpCount_56","MissionGroup_Achievement","EquipGradeUpCount","56","","Str_UI_Mission_AchievementList_0010","EquipGradeUpCount","275","","Point_Gold","3000","Coin_TaleStone","20"
"Achievement_EquipGradeUpCount_57","MissionGroup_Achievement","EquipGradeUpCount","57","","Str_UI_Mission_AchievementList_0010","EquipGradeUpCount","280","","Point_Gold","3000","Coin_TaleStone","20"
"Achievement_EquipGradeUpCount_58","MissionGroup_Achievement","EquipGradeUpCount","58","","Str_UI_Mission_AchievementList_0010","EquipGradeUpCount","285","","Point_Gold","3000","Coin_TaleStone","20"
"Achievement_EquipGradeUpCount_59","MissionGroup_Achievement","EquipGradeUpCount","59","","Str_UI_Mission_AchievementList_0010","EquipGradeUpCount","290","","Point_Gold","3000","Coin_TaleStone","20"
"Achievement_EquipGradeUpCount_60","MissionGroup_Achievement","EquipGradeUpCount","60","","Str_UI_Mission_AchievementList_0010","EquipGradeUpCount","295","","Point_Gold","3000","Coin_TaleStone","20"
"Achievement_EquipGradeUpCount_61","MissionGroup_Achievement","EquipGradeUpCount","61","","Str_UI_Mission_AchievementList_0010","EquipGradeUpCount","300","","Point_Gold","3000","Coin_TaleStone","20"
"Achievement_EquipGradeUpCount_62","MissionGroup_Achievement","EquipGradeUpCount","62","","Str_UI_Mission_AchievementList_0010","EquipGradeUpCount","305","","Point_Gold","3000","Coin_TaleStone","20"
"Achievement_EquipGradeUpCount_63","MissionGroup_Achievement","EquipGradeUpCount","63","","Str_UI_Mission_AchievementList_0010","EquipGradeUpCount","310","","Point_Gold","3000","Coin_TaleStone","20"
"Achievement_EquipGradeUpCount_64","MissionGroup_Achievement","EquipGradeUpCount","64","","Str_UI_Mission_AchievementList_0010","EquipGradeUpCount","315","","Point_Gold","3000","Coin_TaleStone","20"
"Achievement_EquipGradeUpCount_65","MissionGroup_Achievement","EquipGradeUpCount","65","","Str_UI_Mission_AchievementList_0010","EquipGradeUpCount","320","","Point_Gold","3000","Coin_TaleStone","20"
"Achievement_EquipGradeUpCount_66","MissionGroup_Achievement","EquipGradeUpCount","66","","Str_UI_Mission_AchievementList_0010","EquipGradeUpCount","325","","Point_Gold","3000","Coin_TaleStone","20"
"Achievement_EquipGradeUpCount_67","MissionGroup_Achievement","EquipGradeUpCount","67","","Str_UI_Mission_AchievementList_0010","EquipGradeUpCount","330","","Point_Gold","3000","Coin_TaleStone","20"
"Achievement_EquipGradeUpCount_68","MissionGroup_Achievement","EquipGradeUpCount","68","","Str_UI_Mission_AchievementList_0010","EquipGradeUpCount","335","","Point_Gold","3000","Coin_TaleStone","20"
"Achievement_EquipGradeUpCount_69","MissionGroup_Achievement","EquipGradeUpCount","69","","Str_UI_Mission_AchievementList_0010","EquipGradeUpCount","340","","Point_Gold","3000","Coin_TaleStone","20"
"Achievement_EquipGradeUpCount_70","MissionGroup_Achievement","EquipGradeUpCount","70","","Str_UI_Mission_AchievementList_0010","EquipGradeUpCount","345","","Point_Gold","3000","Coin_TaleStone","20"
"Achievement_EquipGradeUpCount_71","MissionGroup_Achievement","EquipGradeUpCount","71","","Str_UI_Mission_AchievementList_0010","EquipGradeUpCount","350","","Point_Gold","3000","Coin_TaleStone","20"
"Achievement_EquipGradeUpCount_72","MissionGroup_Achievement","EquipGradeUpCount","72","","Str_UI_Mission_AchievementList_0010","EquipGradeUpCount","355","","Point_Gold","3000","Coin_TaleStone","20"
"Achievement_EquipGradeUpCount_73","MissionGroup_Achievement","EquipGradeUpCount","73","","Str_UI_Mission_AchievementList_0010","EquipGradeUpCount","360","","Point_Gold","3000","Coin_TaleStone","20"
"Achievement_EquipGradeUpCount_74","MissionGroup_Achievement","EquipGradeUpCount","74","","Str_UI_Mission_AchievementList_0010","EquipGradeUpCount","365","","Point_Gold","3000","Coin_TaleStone","20"
"Achievement_EquipGradeUpCount_75","MissionGroup_Achievement","EquipGradeUpCount","75","","Str_UI_Mission_AchievementList_0010","EquipGradeUpCount","370","","Point_Gold","3000","Coin_TaleStone","20"
"Achievement_EquipGradeUpCount_76","MissionGroup_Achievement","EquipGradeUpCount","76","","Str_UI_Mission_AchievementList_0010","EquipGradeUpCount","375","","Point_Gold","3000","Coin_TaleStone","20"
"Achievement_EquipGradeUpCount_77","MissionGroup_Achievement","EquipGradeUpCount","77","","Str_UI_Mission_AchievementList_0010","EquipGradeUpCount","380","","Point_Gold","3000","Coin_TaleStone","20"
"Achievement_EquipGradeUpCount_78","MissionGroup_Achievement","EquipGradeUpCount","78","","Str_UI_Mission_AchievementList_0010","EquipGradeUpCount","385","","Point_Gold","3000","Coin_TaleStone","20"
"Achievement_EquipGradeUpCount_79","MissionGroup_Achievement","EquipGradeUpCount","79","","Str_UI_Mission_AchievementList_0010","EquipGradeUpCount","390","","Point_Gold","3000","Coin_TaleStone","20"
"Achievement_EquipGradeUpCount_80","MissionGroup_Achievement","EquipGradeUpCount","80","","Str_UI_Mission_AchievementList_0010","EquipGradeUpCount","395","","Point_Gold","3000","Coin_TaleStone","20"
"Achievement_EquipGradeUpCount_81","MissionGroup_Achievement","EquipGradeUpCount","81","","Str_UI_Mission_AchievementList_0010","EquipGradeUpCount","400","","Point_Gold","3000","Coin_TaleStone","20"
"Achievement_EquipGradeUpCount_82","MissionGroup_Achievement","EquipGradeUpCount","82","","Str_UI_Mission_AchievementList_0010","EquipGradeUpCount","405","","Point_Gold","3000","Coin_TaleStone","20"
"Achievement_EquipGradeUpCount_83","MissionGroup_Achievement","EquipGradeUpCount","83","","Str_UI_Mission_AchievementList_0010","EquipGradeUpCount","410","","Point_Gold","3000","Coin_TaleStone","20"
"Achievement_EquipGradeUpCount_84","MissionGroup_Achievement","EquipGradeUpCount","84","","Str_UI_Mission_AchievementList_0010","EquipGradeUpCount","415","","Point_Gold","3000","Coin_TaleStone","20"
"Achievement_EquipGradeUpCount_85","MissionGroup_Achievement","EquipGradeUpCount","85","","Str_UI_Mission_AchievementList_0010","EquipGradeUpCount","420","","Point_Gold","3000","Coin_TaleStone","20"
"Achievement_EquipGradeUpCount_86","MissionGroup_Achievement","EquipGradeUpCount","86","","Str_UI_Mission_AchievementList_0010","EquipGradeUpCount","425","","Point_Gold","3000","Coin_TaleStone","20"
"Achievement_EquipGradeUpCount_87","MissionGroup_Achievement","EquipGradeUpCount","87","","Str_UI_Mission_AchievementList_0010","EquipGradeUpCount","430","","Point_Gold","3000","Coin_TaleStone","20"
"Achievement_EquipGradeUpCount_88","MissionGroup_Achievement","EquipGradeUpCount","88","","Str_UI_Mission_AchievementList_0010","EquipGradeUpCount","435","","Point_Gold","3000","Coin_TaleStone","20"
"Achievement_EquipGradeUpCount_89","MissionGroup_Achievement","EquipGradeUpCount","89","","Str_UI_Mission_AchievementList_0010","EquipGradeUpCount","440","","Point_Gold","3000","Coin_TaleStone","20"
"Achievement_EquipGradeUpCount_90","MissionGroup_Achievement","EquipGradeUpCount","90","","Str_UI_Mission_AchievementList_0010","EquipGradeUpCount","445","","Point_Gold","3000","Coin_TaleStone","20"
"Achievement_EquipGradeUpCount_91","MissionGroup_Achievement","EquipGradeUpCount","91","","Str_UI_Mission_AchievementList_0010","EquipGradeUpCount","450","","Point_Gold","3000","Coin_TaleStone","20"
"Achievement_EquipGradeUpCount_92","MissionGroup_Achievement","EquipGradeUpCount","92","","Str_UI_Mission_AchievementList_0010","EquipGradeUpCount","455","","Point_Gold","3000","Coin_TaleStone","20"
"Achievement_EquipGradeUpCount_93","MissionGroup_Achievement","EquipGradeUpCount","93","","Str_UI_Mission_AchievementList_0010","EquipGradeUpCount","460","","Point_Gold","3000","Coin_TaleStone","20"
"Achievement_EquipGradeUpCount_94","MissionGroup_Achievement","EquipGradeUpCount","94","","Str_UI_Mission_AchievementList_0010","EquipGradeUpCount","465","","Point_Gold","3000","Coin_TaleStone","20"
"Achievement_EquipGradeUpCount_95","MissionGroup_Achievement","EquipGradeUpCount","95","","Str_UI_Mission_AchievementList_0010","EquipGradeUpCount","470","","Point_Gold","3000","Coin_TaleStone","20"
"Achievement_EquipGradeUpCount_96","MissionGroup_Achievement","EquipGradeUpCount","96","","Str_UI_Mission_AchievementList_0010","EquipGradeUpCount","475","","Point_Gold","3000","Coin_TaleStone","20"
"Achievement_EquipGradeUpCount_97","MissionGroup_Achievement","EquipGradeUpCount","97","","Str_UI_Mission_AchievementList_0010","EquipGradeUpCount","480","","Point_Gold","3000","Coin_TaleStone","20"
"Achievement_EquipGradeUpCount_98","MissionGroup_Achievement","EquipGradeUpCount","98","","Str_UI_Mission_AchievementList_0010","EquipGradeUpCount","485","","Point_Gold","3000","Coin_TaleStone","20"
"Achievement_EquipGradeUpCount_99","MissionGroup_Achievement","EquipGradeUpCount","99","","Str_UI_Mission_AchievementList_0010","EquipGradeUpCount","490","","Point_Gold","3000","Coin_TaleStone","20"
"Achievement_EquipGradeUpCount_100","MissionGroup_Achievement","EquipGradeUpCount","100","","Str_UI_Mission_AchievementList_0010","EquipGradeUpCount","495","","Point_Gold","3000","Coin_TaleStone","20"
"Achievement_EquipGradeUpCount_101","MissionGroup_Achievement","EquipGradeUpCount","101","","Str_UI_Mission_AchievementList_0010","EquipGradeUpCount","500","","Point_Gold","3000","Coin_TaleStone","20"
"Achievement_EquipGradeUpCount_102","MissionGroup_Achievement","EquipGradeUpCount","102","","Str_UI_Mission_AchievementList_0010","EquipGradeUpCount","505","","Point_Gold","3000","Coin_TaleStone","20"
"Achievement_EquipGradeUpCount_103","MissionGroup_Achievement","EquipGradeUpCount","103","","Str_UI_Mission_AchievementList_0010","EquipGradeUpCount","510","","Point_Gold","3000","Coin_TaleStone","20"
"Achievement_EquipGradeUpCount_104","MissionGroup_Achievement","EquipGradeUpCount","104","","Str_UI_Mission_AchievementList_0010","EquipGradeUpCount","515","","Point_Gold","3000","Coin_TaleStone","20"
"Achievement_EquipGradeUpCount_105","MissionGroup_Achievement","EquipGradeUpCount","105","","Str_UI_Mission_AchievementList_0010","EquipGradeUpCount","520","","Point_Gold","3000","Coin_TaleStone","20"
"Achievement_EquipGradeUpCount_106","MissionGroup_Achievement","EquipGradeUpCount","106","","Str_UI_Mission_AchievementList_0010","EquipGradeUpCount","525","","Point_Gold","3000","Coin_TaleStone","20"
"Achievement_EquipGradeUpCount_107","MissionGroup_Achievement","EquipGradeUpCount","107","","Str_UI_Mission_AchievementList_0010","EquipGradeUpCount","530","","Point_Gold","3000","Coin_TaleStone","20"
"Achievement_EquipGradeUpCount_108","MissionGroup_Achievement","EquipGradeUpCount","108","","Str_UI_Mission_AchievementList_0010","EquipGradeUpCount","535","","Point_Gold","3000","Coin_TaleStone","20"
"Achievement_EquipGradeUpCount_109","MissionGroup_Achievement","EquipGradeUpCount","109","","Str_UI_Mission_AchievementList_0010","EquipGradeUpCount","540","","Point_Gold","3000","Coin_TaleStone","20"
"Achievement_EquipGradeUpCount_110","MissionGroup_Achievement","EquipGradeUpCount","110","","Str_UI_Mission_AchievementList_0010","EquipGradeUpCount","545","","Point_Gold","3000","Coin_TaleStone","20"
"Achievement_EquipGradeUpCount_111","MissionGroup_Achievement","EquipGradeUpCount","111","","Str_UI_Mission_AchievementList_0010","EquipGradeUpCount","550","","Point_Gold","3000","Coin_TaleStone","20"
"Achievement_EquipGradeUpCount_112","MissionGroup_Achievement","EquipGradeUpCount","112","","Str_UI_Mission_AchievementList_0010","EquipGradeUpCount","555","","Point_Gold","3000","Coin_TaleStone","20"
"Achievement_EquipGradeUpCount_113","MissionGroup_Achievement","EquipGradeUpCount","113","","Str_UI_Mission_AchievementList_0010","EquipGradeUpCount","560","","Point_Gold","3000","Coin_TaleStone","20"
"Achievement_EquipGradeUpCount_114","MissionGroup_Achievement","EquipGradeUpCount","114","","Str_UI_Mission_AchievementList_0010","EquipGradeUpCount","565","","Point_Gold","3000","Coin_TaleStone","20"
"Achievement_EquipGradeUpCount_115","MissionGroup_Achievement","EquipGradeUpCount","115","","Str_UI_Mission_AchievementList_0010","EquipGradeUpCount","570","","Point_Gold","3000","Coin_TaleStone","20"
"Achievement_EquipGradeUpCount_116","MissionGroup_Achievement","EquipGradeUpCount","116","","Str_UI_Mission_AchievementList_0010","EquipGradeUpCount","575","","Point_Gold","3000","Coin_TaleStone","20"
"Achievement_EquipGradeUpCount_117","MissionGroup_Achievement","EquipGradeUpCount","117","","Str_UI_Mission_AchievementList_0010","EquipGradeUpCount","580","","Point_Gold","3000","Coin_TaleStone","20"
"Achievement_EquipGradeUpCount_118","MissionGroup_Achievement","EquipGradeUpCount","118","","Str_UI_Mission_AchievementList_0010","EquipGradeUpCount","585","","Point_Gold","3000","Coin_TaleStone","20"
"Achievement_EquipGradeUpCount_119","MissionGroup_Achievement","EquipGradeUpCount","119","","Str_UI_Mission_AchievementList_0010","EquipGradeUpCount","590","","Point_Gold","3000","Coin_TaleStone","20"
"Achievement_EquipGradeUpCount_120","MissionGroup_Achievement","EquipGradeUpCount","120","","Str_UI_Mission_AchievementList_0010","EquipGradeUpCount","595","","Point_Gold","3000","Coin_TaleStone","20"
"Achievement_EquipGradeUpCount_121","MissionGroup_Achievement","EquipGradeUpCount","121","","Str_UI_Mission_AchievementList_0010","EquipGradeUpCount","600","","Point_Gold","3000","Coin_TaleStone","20"
"Achievement_EquipGradeUpCount_122","MissionGroup_Achievement","EquipGradeUpCount","122","","Str_UI_Mission_AchievementList_0010","EquipGradeUpCount","605","","Point_Gold","3000","Coin_TaleStone","20"
"Achievement_EquipGradeUpCount_123","MissionGroup_Achievement","EquipGradeUpCount","123","","Str_UI_Mission_AchievementList_0010","EquipGradeUpCount","610","","Point_Gold","3000","Coin_TaleStone","20"
"Achievement_EquipGradeUpCount_124","MissionGroup_Achievement","EquipGradeUpCount","124","","Str_UI_Mission_AchievementList_0010","EquipGradeUpCount","615","","Point_Gold","3000","Coin_TaleStone","20"
"Achievement_EquipGradeUpCount_125","MissionGroup_Achievement","EquipGradeUpCount","125","","Str_UI_Mission_AchievementList_0010","EquipGradeUpCount","620","","Point_Gold","3000","Coin_TaleStone","20"
"Achievement_EquipGradeUpCount_126","MissionGroup_Achievement","EquipGradeUpCount","126","","Str_UI_Mission_AchievementList_0010","EquipGradeUpCount","625","","Point_Gold","3000","Coin_TaleStone","20"
"Achievement_EquipGradeUpCount_127","MissionGroup_Achievement","EquipGradeUpCount","127","","Str_UI_Mission_AchievementList_0010","EquipGradeUpCount","630","","Point_Gold","3000","Coin_TaleStone","20"
"Achievement_EquipGradeUpCount_128","MissionGroup_Achievement","EquipGradeUpCount","128","","Str_UI_Mission_AchievementList_0010","EquipGradeUpCount","635","","Point_Gold","3000","Coin_TaleStone","20"
"Achievement_EquipGradeUpCount_129","MissionGroup_Achievement","EquipGradeUpCount","129","","Str_UI_Mission_AchievementList_0010","EquipGradeUpCount","640","","Point_Gold","3000","Coin_TaleStone","20"
"Achievement_EquipGradeUpCount_130","MissionGroup_Achievement","EquipGradeUpCount","130","","Str_UI_Mission_AchievementList_0010","EquipGradeUpCount","645","","Point_Gold","3000","Coin_TaleStone","20"
"Achievement_EquipGradeUpCount_131","MissionGroup_Achievement","EquipGradeUpCount","131","","Str_UI_Mission_AchievementList_0010","EquipGradeUpCount","650","","Point_Gold","3000","Coin_TaleStone","20"
"Achievement_EquipGradeUpCount_132","MissionGroup_Achievement","EquipGradeUpCount","132","","Str_UI_Mission_AchievementList_0010","EquipGradeUpCount","655","","Point_Gold","3000","Coin_TaleStone","20"
"Achievement_EquipGradeUpCount_133","MissionGroup_Achievement","EquipGradeUpCount","133","","Str_UI_Mission_AchievementList_0010","EquipGradeUpCount","660","","Point_Gold","3000","Coin_TaleStone","20"
"Achievement_EquipGradeUpCount_134","MissionGroup_Achievement","EquipGradeUpCount","134","","Str_UI_Mission_AchievementList_0010","EquipGradeUpCount","665","","Point_Gold","3000","Coin_TaleStone","20"
"Achievement_EquipGradeUpCount_135","MissionGroup_Achievement","EquipGradeUpCount","135","","Str_UI_Mission_AchievementList_0010","EquipGradeUpCount","670","","Point_Gold","3000","Coin_TaleStone","20"
"Achievement_EquipGradeUpCount_136","MissionGroup_Achievement","EquipGradeUpCount","136","","Str_UI_Mission_AchievementList_0010","EquipGradeUpCount","675","","Point_Gold","3000","Coin_TaleStone","20"
"Achievement_EquipGradeUpCount_137","MissionGroup_Achievement","EquipGradeUpCount","137","","Str_UI_Mission_AchievementList_0010","EquipGradeUpCount","680","","Point_Gold","3000","Coin_TaleStone","20"
"Achievement_EquipGradeUpCount_138","MissionGroup_Achievement","EquipGradeUpCount","138","","Str_UI_Mission_AchievementList_0010","EquipGradeUpCount","685","","Point_Gold","3000","Coin_TaleStone","20"
"Achievement_EquipGradeUpCount_139","MissionGroup_Achievement","EquipGradeUpCount","139","","Str_UI_Mission_AchievementList_0010","EquipGradeUpCount","690","","Point_Gold","3000","Coin_TaleStone","20"
"Achievement_EquipGradeUpCount_140","MissionGroup_Achievement","EquipGradeUpCount","140","","Str_UI_Mission_AchievementList_0010","EquipGradeUpCount","695","","Point_Gold","3000","Coin_TaleStone","20"
"Achievement_EquipGradeUpCount_141","MissionGroup_Achievement","EquipGradeUpCount","141","","Str_UI_Mission_AchievementList_0010","EquipGradeUpCount","700","","Point_Gold","3000","Coin_TaleStone","20"
"Achievement_EquipGradeUpCount_142","MissionGroup_Achievement","EquipGradeUpCount","142","","Str_UI_Mission_AchievementList_0010","EquipGradeUpCount","705","","Point_Gold","3000","Coin_TaleStone","20"
"Achievement_EquipGradeUpCount_143","MissionGroup_Achievement","EquipGradeUpCount","143","","Str_UI_Mission_AchievementList_0010","EquipGradeUpCount","710","","Point_Gold","3000","Coin_TaleStone","20"
"Achievement_EquipGradeUpCount_144","MissionGroup_Achievement","EquipGradeUpCount","144","","Str_UI_Mission_AchievementList_0010","EquipGradeUpCount","715","","Point_Gold","3000","Coin_TaleStone","20"
"Achievement_EquipGradeUpCount_145","MissionGroup_Achievement","EquipGradeUpCount","145","","Str_UI_Mission_AchievementList_0010","EquipGradeUpCount","720","","Point_Gold","3000","Coin_TaleStone","20"
"Achievement_EquipGradeUpCount_146","MissionGroup_Achievement","EquipGradeUpCount","146","","Str_UI_Mission_AchievementList_0010","EquipGradeUpCount","725","","Point_Gold","3000","Coin_TaleStone","20"
"Achievement_EquipGradeUpCount_147","MissionGroup_Achievement","EquipGradeUpCount","147","","Str_UI_Mission_AchievementList_0010","EquipGradeUpCount","730","","Point_Gold","3000","Coin_TaleStone","20"
"Achievement_EquipGradeUpCount_148","MissionGroup_Achievement","EquipGradeUpCount","148","","Str_UI_Mission_AchievementList_0010","EquipGradeUpCount","735","","Point_Gold","3000","Coin_TaleStone","20"
"Achievement_EquipGradeUpCount_149","MissionGroup_Achievement","EquipGradeUpCount","149","","Str_UI_Mission_AchievementList_0010","EquipGradeUpCount","740","","Point_Gold","3000","Coin_TaleStone","20"
"Achievement_EquipGradeUpCount_150","MissionGroup_Achievement","EquipGradeUpCount","150","","Str_UI_Mission_AchievementList_0010","EquipGradeUpCount","745","","Point_Gold","3000","Coin_TaleStone","20"
"Achievement_EquipGradeUpCount_151","MissionGroup_Achievement","EquipGradeUpCount","151","","Str_UI_Mission_AchievementList_0010","EquipGradeUpCount","750","","Point_Gold","3000","Coin_TaleStone","20"
"Achievement_EquipGradeUpCount_152","MissionGroup_Achievement","EquipGradeUpCount","152","","Str_UI_Mission_AchievementList_0010","EquipGradeUpCount","755","","Point_Gold","3000","Coin_TaleStone","20"
"Achievement_EquipGradeUpCount_153","MissionGroup_Achievement","EquipGradeUpCount","153","","Str_UI_Mission_AchievementList_0010","EquipGradeUpCount","760","","Point_Gold","3000","Coin_TaleStone","20"
"Achievement_EquipGradeUpCount_154","MissionGroup_Achievement","EquipGradeUpCount","154","","Str_UI_Mission_AchievementList_0010","EquipGradeUpCount","765","","Point_Gold","3000","Coin_TaleStone","20"
"Achievement_EquipGradeUpCount_155","MissionGroup_Achievement","EquipGradeUpCount","155","","Str_UI_Mission_AchievementList_0010","EquipGradeUpCount","770","","Point_Gold","3000","Coin_TaleStone","20"
"Achievement_EquipGradeUpCount_156","MissionGroup_Achievement","EquipGradeUpCount","156","","Str_UI_Mission_AchievementList_0010","EquipGradeUpCount","775","","Point_Gold","3000","Coin_TaleStone","20"
"Achievement_EquipGradeUpCount_157","MissionGroup_Achievement","EquipGradeUpCount","157","","Str_UI_Mission_AchievementList_0010","EquipGradeUpCount","780","","Point_Gold","3000","Coin_TaleStone","20"
"Achievement_EquipGradeUpCount_158","MissionGroup_Achievement","EquipGradeUpCount","158","","Str_UI_Mission_AchievementList_0010","EquipGradeUpCount","785","","Point_Gold","3000","Coin_TaleStone","20"
"Achievement_EquipGradeUpCount_159","MissionGroup_Achievement","EquipGradeUpCount","159","","Str_UI_Mission_AchievementList_0010","EquipGradeUpCount","790","","Point_Gold","3000","Coin_TaleStone","20"
"Achievement_EquipGradeUpCount_160","MissionGroup_Achievement","EquipGradeUpCount","160","","Str_UI_Mission_AchievementList_0010","EquipGradeUpCount","795","","Point_Gold","3000","Coin_TaleStone","20"
"Achievement_EquipGradeUpCount_161","MissionGroup_Achievement","EquipGradeUpCount","161","","Str_UI_Mission_AchievementList_0010","EquipGradeUpCount","800","","Point_Gold","3000","Coin_TaleStone","20"
"Achievement_EquipGradeUpCount_162","MissionGroup_Achievement","EquipGradeUpCount","162","","Str_UI_Mission_AchievementList_0010","EquipGradeUpCount","805","","Point_Gold","3000","Coin_TaleStone","20"
"Achievement_EquipGradeUpCount_163","MissionGroup_Achievement","EquipGradeUpCount","163","","Str_UI_Mission_AchievementList_0010","EquipGradeUpCount","810","","Point_Gold","3000","Coin_TaleStone","20"
"Achievement_EquipGradeUpCount_164","MissionGroup_Achievement","EquipGradeUpCount","164","","Str_UI_Mission_AchievementList_0010","EquipGradeUpCount","815","","Point_Gold","3000","Coin_TaleStone","20"
"Achievement_EquipGradeUpCount_165","MissionGroup_Achievement","EquipGradeUpCount","165","","Str_UI_Mission_AchievementList_0010","EquipGradeUpCount","820","","Point_Gold","3000","Coin_TaleStone","20"
"Achievement_EquipGradeUpCount_166","MissionGroup_Achievement","EquipGradeUpCount","166","","Str_UI_Mission_AchievementList_0010","EquipGradeUpCount","825","","Point_Gold","3000","Coin_TaleStone","20"
"Achievement_EquipGradeUpCount_167","MissionGroup_Achievement","EquipGradeUpCount","167","","Str_UI_Mission_AchievementList_0010","EquipGradeUpCount","830","","Point_Gold","3000","Coin_TaleStone","20"
"Achievement_EquipGradeUpCount_168","MissionGroup_Achievement","EquipGradeUpCount","168","","Str_UI_Mission_AchievementList_0010","EquipGradeUpCount","835","","Point_Gold","3000","Coin_TaleStone","20"
"Achievement_EquipGradeUpCount_169","MissionGroup_Achievement","EquipGradeUpCount","169","","Str_UI_Mission_AchievementList_0010","EquipGradeUpCount","840","","Point_Gold","3000","Coin_TaleStone","20"
"Achievement_EquipGradeUpCount_170","MissionGroup_Achievement","EquipGradeUpCount","170","","Str_UI_Mission_AchievementList_0010","EquipGradeUpCount","845","","Point_Gold","3000","Coin_TaleStone","20"
"Achievement_EquipGradeUpCount_171","MissionGroup_Achievement","EquipGradeUpCount","171","","Str_UI_Mission_AchievementList_0010","EquipGradeUpCount","850","","Point_Gold","3000","Coin_TaleStone","20"
"Achievement_EquipGradeUpCount_172","MissionGroup_Achievement","EquipGradeUpCount","172","","Str_UI_Mission_AchievementList_0010","EquipGradeUpCount","855","","Point_Gold","3000","Coin_TaleStone","20"
"Achievement_EquipGradeUpCount_173","MissionGroup_Achievement","EquipGradeUpCount","173","","Str_UI_Mission_AchievementList_0010","EquipGradeUpCount","860","","Point_Gold","3000","Coin_TaleStone","20"
"Achievement_EquipGradeUpCount_174","MissionGroup_Achievement","EquipGradeUpCount","174","","Str_UI_Mission_AchievementList_0010","EquipGradeUpCount","865","","Point_Gold","3000","Coin_TaleStone","20"
"Achievement_EquipGradeUpCount_175","MissionGroup_Achievement","EquipGradeUpCount","175","","Str_UI_Mission_AchievementList_0010","EquipGradeUpCount","870","","Point_Gold","3000","Coin_TaleStone","20"
"Achievement_EquipGradeUpCount_176","MissionGroup_Achievement","EquipGradeUpCount","176","","Str_UI_Mission_AchievementList_0010","EquipGradeUpCount","875","","Point_Gold","3000","Coin_TaleStone","20"
"Achievement_EquipGradeUpCount_177","MissionGroup_Achievement","EquipGradeUpCount","177","","Str_UI_Mission_AchievementList_0010","EquipGradeUpCount","880","","Point_Gold","3000","Coin_TaleStone","20"
"Achievement_EquipGradeUpCount_178","MissionGroup_Achievement","EquipGradeUpCount","178","","Str_UI_Mission_AchievementList_0010","EquipGradeUpCount","885","","Point_Gold","3000","Coin_TaleStone","20"
"Achievement_EquipGradeUpCount_179","MissionGroup_Achievement","EquipGradeUpCount","179","","Str_UI_Mission_AchievementList_0010","EquipGradeUpCount","890","","Point_Gold","3000","Coin_TaleStone","20"
"Achievement_EquipGradeUpCount_180","MissionGroup_Achievement","EquipGradeUpCount","180","","Str_UI_Mission_AchievementList_0010","EquipGradeUpCount","895","","Point_Gold","3000","Coin_TaleStone","20"
"Achievement_EquipGradeUpCount_181","MissionGroup_Achievement","EquipGradeUpCount","181","","Str_UI_Mission_AchievementList_0010","EquipGradeUpCount","900","","Point_Gold","3000","Coin_TaleStone","20"
"Achievement_EquipGradeUpCount_182","MissionGroup_Achievement","EquipGradeUpCount","182","","Str_UI_Mission_AchievementList_0010","EquipGradeUpCount","905","","Point_Gold","3000","Coin_TaleStone","20"
"Achievement_EquipGradeUpCount_183","MissionGroup_Achievement","EquipGradeUpCount","183","","Str_UI_Mission_AchievementList_0010","EquipGradeUpCount","910","","Point_Gold","3000","Coin_TaleStone","20"
"Achievement_EquipGradeUpCount_184","MissionGroup_Achievement","EquipGradeUpCount","184","","Str_UI_Mission_AchievementList_0010","EquipGradeUpCount","915","","Point_Gold","3000","Coin_TaleStone","20"
"Achievement_EquipGradeUpCount_185","MissionGroup_Achievement","EquipGradeUpCount","185","","Str_UI_Mission_AchievementList_0010","EquipGradeUpCount","920","","Point_Gold","3000","Coin_TaleStone","20"
"Achievement_EquipGradeUpCount_186","MissionGroup_Achievement","EquipGradeUpCount","186","","Str_UI_Mission_AchievementList_0010","EquipGradeUpCount","925","","Point_Gold","3000","Coin_TaleStone","20"
"Achievement_EquipGradeUpCount_187","MissionGroup_Achievement","EquipGradeUpCount","187","","Str_UI_Mission_AchievementList_0010","EquipGradeUpCount","930","","Point_Gold","3000","Coin_TaleStone","20"
"Achievement_EquipGradeUpCount_188","MissionGroup_Achievement","EquipGradeUpCount","188","","Str_UI_Mission_AchievementList_0010","EquipGradeUpCount","935","","Point_Gold","3000","Coin_TaleStone","20"
"Achievement_EquipGradeUpCount_189","MissionGroup_Achievement","EquipGradeUpCount","189","","Str_UI_Mission_AchievementList_0010","EquipGradeUpCount","940","","Point_Gold","3000","Coin_TaleStone","20"
"Achievement_EquipGradeUpCount_190","MissionGroup_Achievement","EquipGradeUpCount","190","","Str_UI_Mission_AchievementList_0010","EquipGradeUpCount","945","","Point_Gold","3000","Coin_TaleStone","20"
"Achievement_EquipGradeUpCount_191","MissionGroup_Achievement","EquipGradeUpCount","191","","Str_UI_Mission_AchievementList_0010","EquipGradeUpCount","950","","Point_Gold","3000","Coin_TaleStone","20"
"Achievement_EquipGradeUpCount_192","MissionGroup_Achievement","EquipGradeUpCount","192","","Str_UI_Mission_AchievementList_0010","EquipGradeUpCount","955","","Point_Gold","3000","Coin_TaleStone","20"
"Achievement_EquipGradeUpCount_193","MissionGroup_Achievement","EquipGradeUpCount","193","","Str_UI_Mission_AchievementList_0010","EquipGradeUpCount","960","","Point_Gold","3000","Coin_TaleStone","20"
"Achievement_EquipGradeUpCount_194","MissionGroup_Achievement","EquipGradeUpCount","194","","Str_UI_Mission_AchievementList_0010","EquipGradeUpCount","965","","Point_Gold","3000","Coin_TaleStone","20"
"Achievement_EquipGradeUpCount_195","MissionGroup_Achievement","EquipGradeUpCount","195","","Str_UI_Mission_AchievementList_0010","EquipGradeUpCount","970","","Point_Gold","3000","Coin_TaleStone","20"
"Achievement_EquipGradeUpCount_196","MissionGroup_Achievement","EquipGradeUpCount","196","","Str_UI_Mission_AchievementList_0010","EquipGradeUpCount","975","","Point_Gold","3000","Coin_TaleStone","20"
"Achievement_EquipGradeUpCount_197","MissionGroup_Achievement","EquipGradeUpCount","197","","Str_UI_Mission_AchievementList_0010","EquipGradeUpCount","980","","Point_Gold","3000","Coin_TaleStone","20"
"Achievement_EquipGradeUpCount_198","MissionGroup_Achievement","EquipGradeUpCount","198","","Str_UI_Mission_AchievementList_0010","EquipGradeUpCount","985","","Point_Gold","3000","Coin_TaleStone","20"
"Achievement_EquipGradeUpCount_199","MissionGroup_Achievement","EquipGradeUpCount","199","","Str_UI_Mission_AchievementList_0010","EquipGradeUpCount","990","","Point_Gold","3000","Coin_TaleStone","20"
"Achievement_EquipGradeUpCount_200","MissionGroup_Achievement","EquipGradeUpCount","200","","Str_UI_Mission_AchievementList_0010","EquipGradeUpCount","995","","Point_Gold","3000","Coin_TaleStone","20"
"Achievement_EquipGradeUpCount_201","MissionGroup_Achievement","EquipGradeUpCount","201","","Str_UI_Mission_AchievementList_0010","EquipGradeUpCount","1000","","Point_Gold","3000","Coin_TaleStone","20"
"Achievement_HeroSkillLvUpCount_01","MissionGroup_Achievement","HeroSkillLvUpCount","1","","Str_UI_Mission_AchievementList_0011","HeroSkillLvUpCount","5","","Item_Material_SkillLvUp_Common","5","",""
"Achievement_HeroSkillLvUpCount_02","MissionGroup_Achievement","HeroSkillLvUpCount","2","","Str_UI_Mission_AchievementList_0011","HeroSkillLvUpCount","10","","Item_Material_SkillLvUp_Common","5","",""
"Achievement_HeroSkillLvUpCount_03","MissionGroup_Achievement","HeroSkillLvUpCount","3","","Str_UI_Mission_AchievementList_0011","HeroSkillLvUpCount","15","","Item_Material_SkillLvUp_Common","5","",""
"Achievement_HeroSkillLvUpCount_04","MissionGroup_Achievement","HeroSkillLvUpCount","4","","Str_UI_Mission_AchievementList_0011","HeroSkillLvUpCount","20","","Item_Material_SkillLvUp_Common","5","",""
"Achievement_HeroSkillLvUpCount_05","MissionGroup_Achievement","HeroSkillLvUpCount","5","","Str_UI_Mission_AchievementList_0011","HeroSkillLvUpCount","25","","Item_Material_SkillLvUp_Common","5","",""
"Achievement_HeroSkillLvUpCount_06","MissionGroup_Achievement","HeroSkillLvUpCount","6","","Str_UI_Mission_AchievementList_0011","HeroSkillLvUpCount","30","","Item_Material_SkillLvUp_Common","5","",""
"Achievement_HeroSkillLvUpCount_07","MissionGroup_Achievement","HeroSkillLvUpCount","7","","Str_UI_Mission_AchievementList_0011","HeroSkillLvUpCount","35","","Item_Material_SkillLvUp_Common","5","",""
"Achievement_HeroSkillLvUpCount_08","MissionGroup_Achievement","HeroSkillLvUpCount","8","","Str_UI_Mission_AchievementList_0011","HeroSkillLvUpCount","40","","Item_Material_SkillLvUp_Common","5","",""
"Achievement_HeroSkillLvUpCount_09","MissionGroup_Achievement","HeroSkillLvUpCount","9","","Str_UI_Mission_AchievementList_0011","HeroSkillLvUpCount","45","","Item_Material_SkillLvUp_Common","5","",""
"Achievement_HeroSkillLvUpCount_10","MissionGroup_Achievement","HeroSkillLvUpCount","10","","Str_UI_Mission_AchievementList_0011","HeroSkillLvUpCount","50","","Item_Material_SkillLvUp_Common","5","",""
"Achievement_HeroSkillLvUpCount_11","MissionGroup_Achievement","HeroSkillLvUpCount","11","","Str_UI_Mission_AchievementList_0011","HeroSkillLvUpCount","60","","Item_Material_SkillLvUp_Common","5","",""
"Achievement_HeroSkillLvUpCount_12","MissionGroup_Achievement","HeroSkillLvUpCount","12","","Str_UI_Mission_AchievementList_0011","HeroSkillLvUpCount","70","","Item_Material_SkillLvUp_Common","5","",""
"Achievement_HeroSkillLvUpCount_13","MissionGroup_Achievement","HeroSkillLvUpCount","13","","Str_UI_Mission_AchievementList_0011","HeroSkillLvUpCount","80","","Item_Material_SkillLvUp_Common","5","",""
"Achievement_HeroSkillLvUpCount_14","MissionGroup_Achievement","HeroSkillLvUpCount","14","","Str_UI_Mission_AchievementList_0011","HeroSkillLvUpCount","90","","Item_Material_SkillLvUp_Common","5","",""
"Achievement_HeroSkillLvUpCount_15","MissionGroup_Achievement","HeroSkillLvUpCount","15","","Str_UI_Mission_AchievementList_0011","HeroSkillLvUpCount","100","","Item_Material_SkillLvUp_Common","5","",""
"Achievement_HeroSkillLvUpCount_16","MissionGroup_Achievement","HeroSkillLvUpCount","16","","Str_UI_Mission_AchievementList_0011","HeroSkillLvUpCount","110","","Item_Material_SkillLvUp_Common","5","",""
"Achievement_HeroSkillLvUpCount_17","MissionGroup_Achievement","HeroSkillLvUpCount","17","","Str_UI_Mission_AchievementList_0011","HeroSkillLvUpCount","120","","Item_Material_SkillLvUp_Common","5","",""
"Achievement_HeroSkillLvUpCount_18","MissionGroup_Achievement","HeroSkillLvUpCount","18","","Str_UI_Mission_AchievementList_0011","HeroSkillLvUpCount","130","","Item_Material_SkillLvUp_Common","5","",""
"Achievement_HeroSkillLvUpCount_19","MissionGroup_Achievement","HeroSkillLvUpCount","19","","Str_UI_Mission_AchievementList_0011","HeroSkillLvUpCount","140","","Item_Material_SkillLvUp_Common","5","",""
"Achievement_HeroSkillLvUpCount_20","MissionGroup_Achievement","HeroSkillLvUpCount","20","","Str_UI_Mission_AchievementList_0011","HeroSkillLvUpCount","150","","Item_Material_SkillLvUp_Common","5","",""
"Achievement_HeroSkillLvUpCount_21","MissionGroup_Achievement","HeroSkillLvUpCount","21","","Str_UI_Mission_AchievementList_0011","HeroSkillLvUpCount","160","","Item_Material_SkillLvUp_Common","5","",""
"Achievement_HeroSkillLvUpCount_22","MissionGroup_Achievement","HeroSkillLvUpCount","22","","Str_UI_Mission_AchievementList_0011","HeroSkillLvUpCount","180","","Item_Material_SkillLvUp_Common","5","",""
"Achievement_HeroSkillLvUpCount_23","MissionGroup_Achievement","HeroSkillLvUpCount","23","","Str_UI_Mission_AchievementList_0011","HeroSkillLvUpCount","190","","Item_Material_SkillLvUp_Common","5","",""
"Achievement_HeroSkillLvUpCount_24","MissionGroup_Achievement","HeroSkillLvUpCount","24","","Str_UI_Mission_AchievementList_0011","HeroSkillLvUpCount","200","","Item_Material_SkillLvUp_Common","5","",""
"Achievement_HeroSkillLvUpCount_25","MissionGroup_Achievement","HeroSkillLvUpCount","25","","Str_UI_Mission_AchievementList_0011","HeroSkillLvUpCount","210","","Item_Material_SkillLvUp_Common","5","",""
"Achievement_HeroSkillLvUpCount_26","MissionGroup_Achievement","HeroSkillLvUpCount","26","","Str_UI_Mission_AchievementList_0011","HeroSkillLvUpCount","220","","Item_Material_SkillLvUp_Common","5","",""
"Achievement_HeroSkillLvUpCount_27","MissionGroup_Achievement","HeroSkillLvUpCount","27","","Str_UI_Mission_AchievementList_0011","HeroSkillLvUpCount","230","","Item_Material_SkillLvUp_Common","5","",""
"Achievement_HeroSkillLvUpCount_28","MissionGroup_Achievement","HeroSkillLvUpCount","28","","Str_UI_Mission_AchievementList_0011","HeroSkillLvUpCount","240","","Item_Material_SkillLvUp_Common","5","",""
"Achievement_HeroSkillLvUpCount_29","MissionGroup_Achievement","HeroSkillLvUpCount","29","","Str_UI_Mission_AchievementList_0011","HeroSkillLvUpCount","250","","Item_Material_SkillLvUp_Common","5","",""
"Achievement_HeroSkillLvUpCount_30","MissionGroup_Achievement","HeroSkillLvUpCount","30","","Str_UI_Mission_AchievementList_0011","HeroSkillLvUpCount","300","","Item_Material_SkillLvUp_Common","5","",""
"Achievement_HeroSkillLvUpCount_31","MissionGroup_Achievement","HeroSkillLvUpCount","31","","Str_UI_Mission_AchievementList_0011","HeroSkillLvUpCount","350","","Item_Material_SkillLvUp_Common","5","",""
"Achievement_HeroSkillLvUpCount_32","MissionGroup_Achievement","HeroSkillLvUpCount","32","","Str_UI_Mission_AchievementList_0011","HeroSkillLvUpCount","400","","Item_Material_SkillLvUp_Common","5","",""
"Achievement_HeroSkillLvUpCount_33","MissionGroup_Achievement","HeroSkillLvUpCount","33","","Str_UI_Mission_AchievementList_0011","HeroSkillLvUpCount","450","","Item_Material_SkillLvUp_Common","5","",""
"Achievement_HeroSkillLvUpCount_34","MissionGroup_Achievement","HeroSkillLvUpCount","34","","Str_UI_Mission_AchievementList_0011","HeroSkillLvUpCount","500","","Item_Material_SkillLvUp_Common","5","",""
"Achievement_HeroSkillLvUpCount_35","MissionGroup_Achievement","HeroSkillLvUpCount","35","","Str_UI_Mission_AchievementList_0011","HeroSkillLvUpCount","550","","Item_Material_SkillLvUp_Common","5","",""
"Achievement_HeroSkillLvUpCount_36","MissionGroup_Achievement","HeroSkillLvUpCount","36","","Str_UI_Mission_AchievementList_0011","HeroSkillLvUpCount","600","","Item_Material_SkillLvUp_Common","5","",""
"Achievement_HeroSkillLvUpCount_37","MissionGroup_Achievement","HeroSkillLvUpCount","37","","Str_UI_Mission_AchievementList_0011","HeroSkillLvUpCount","650","","Item_Material_SkillLvUp_Common","5","",""
"Achievement_HeroSkillLvUpCount_38","MissionGroup_Achievement","HeroSkillLvUpCount","38","","Str_UI_Mission_AchievementList_0011","HeroSkillLvUpCount","700","","Item_Material_SkillLvUp_Common","5","",""
"Achievement_HeroSkillLvUpCount_39","MissionGroup_Achievement","HeroSkillLvUpCount","39","","Str_UI_Mission_AchievementList_0011","HeroSkillLvUpCount","750","","Item_Material_SkillLvUp_Common","5","",""
"Achievement_HeroSkillLvUpCount_40","MissionGroup_Achievement","HeroSkillLvUpCount","40","","Str_UI_Mission_AchievementList_0011","HeroSkillLvUpCount","800","","Item_Material_SkillLvUp_Common","5","",""
"Achievement_HeroSkillLvUpCount_41","MissionGroup_Achievement","HeroSkillLvUpCount","41","","Str_UI_Mission_AchievementList_0011","HeroSkillLvUpCount","850","","Item_Material_SkillLvUp_Common","5","",""
"Achievement_HeroSkillLvUpCount_42","MissionGroup_Achievement","HeroSkillLvUpCount","42","","Str_UI_Mission_AchievementList_0011","HeroSkillLvUpCount","900","","Item_Material_SkillLvUp_Common","5","",""
"Achievement_HeroSkillLvUpCount_43","MissionGroup_Achievement","HeroSkillLvUpCount","43","","Str_UI_Mission_AchievementList_0011","HeroSkillLvUpCount","950","","Item_Material_SkillLvUp_Common","5","",""
"Achievement_HeroSkillLvUpCount_44","MissionGroup_Achievement","HeroSkillLvUpCount","44","","Str_UI_Mission_AchievementList_0011","HeroSkillLvUpCount","1000","","Item_Material_SkillLvUp_Common","5","",""
"Achievement_HeroSkillLvUpCount_45","MissionGroup_Achievement","HeroSkillLvUpCount","45","","Str_UI_Mission_AchievementList_0011","HeroSkillLvUpCount","1050","","Item_Material_SkillLvUp_Common","5","",""
"Achievement_HeroSkillLvUpCount_46","MissionGroup_Achievement","HeroSkillLvUpCount","46","","Str_UI_Mission_AchievementList_0011","HeroSkillLvUpCount","1100","","Item_Material_SkillLvUp_Common","5","",""
"Achievement_HeroSkillLvUpCount_47","MissionGroup_Achievement","HeroSkillLvUpCount","47","","Str_UI_Mission_AchievementList_0011","HeroSkillLvUpCount","1150","","Item_Material_SkillLvUp_Common","5","",""
"Achievement_HeroSkillLvUpCount_48","MissionGroup_Achievement","HeroSkillLvUpCount","48","","Str_UI_Mission_AchievementList_0011","HeroSkillLvUpCount","1200","","Item_Material_SkillLvUp_Common","5","",""
"Achievement_HeroSkillLvUpCount_49","MissionGroup_Achievement","HeroSkillLvUpCount","49","","Str_UI_Mission_AchievementList_0011","HeroSkillLvUpCount","1250","","Item_Material_SkillLvUp_Common","5","",""
"Achievement_HeroSkillLvUpCount_50","MissionGroup_Achievement","HeroSkillLvUpCount","50","","Str_UI_Mission_AchievementList_0011","HeroSkillLvUpCount","1300","","Item_Material_SkillLvUp_Common","5","",""
"Achievement_HeroSkillLvUpCount_51","MissionGroup_Achievement","HeroSkillLvUpCount","51","","Str_UI_Mission_AchievementList_0011","HeroSkillLvUpCount","1350","","Item_Material_SkillLvUp_Common","5","",""
"Achievement_HeroSkillLvUpCount_52","MissionGroup_Achievement","HeroSkillLvUpCount","52","","Str_UI_Mission_AchievementList_0011","HeroSkillLvUpCount","1400","","Item_Material_SkillLvUp_Common","5","",""
"Achievement_HeroSkillLvUpCount_53","MissionGroup_Achievement","HeroSkillLvUpCount","53","","Str_UI_Mission_AchievementList_0011","HeroSkillLvUpCount","1450","","Item_Material_SkillLvUp_Common","5","",""
"Achievement_HeroSkillLvUpCount_54","MissionGroup_Achievement","HeroSkillLvUpCount","54","","Str_UI_Mission_AchievementList_0011","HeroSkillLvUpCount","1500","","Item_Material_SkillLvUp_Common","5","",""
"Achievement_HeroSkillLvUpCount_55","MissionGroup_Achievement","HeroSkillLvUpCount","55","","Str_UI_Mission_AchievementList_0011","HeroSkillLvUpCount","1550","","Item_Material_SkillLvUp_Common","5","",""
"Achievement_HeroSkillLvUpCount_56","MissionGroup_Achievement","HeroSkillLvUpCount","56","","Str_UI_Mission_AchievementList_0011","HeroSkillLvUpCount","1600","","Item_Material_SkillLvUp_Common","5","",""
"Achievement_HeroSkillLvUpCount_57","MissionGroup_Achievement","HeroSkillLvUpCount","57","","Str_UI_Mission_AchievementList_0011","HeroSkillLvUpCount","1650","","Item_Material_SkillLvUp_Common","5","",""
"Achievement_HeroSkillLvUpCount_58","MissionGroup_Achievement","HeroSkillLvUpCount","58","","Str_UI_Mission_AchievementList_0011","HeroSkillLvUpCount","1700","","Item_Material_SkillLvUp_Common","5","",""
"Achievement_HeroSkillLvUpCount_59","MissionGroup_Achievement","HeroSkillLvUpCount","59","","Str_UI_Mission_AchievementList_0011","HeroSkillLvUpCount","1750","","Item_Material_SkillLvUp_Common","5","",""
"Achievement_HeroSkillLvUpCount_60","MissionGroup_Achievement","HeroSkillLvUpCount","60","","Str_UI_Mission_AchievementList_0011","HeroSkillLvUpCount","1800","","Item_Material_SkillLvUp_Common","5","",""
"Achievement_HeroSkillLvUpCount_61","MissionGroup_Achievement","HeroSkillLvUpCount","61","","Str_UI_Mission_AchievementList_0011","HeroSkillLvUpCount","1850","","Item_Material_SkillLvUp_Common","5","",""
"Achievement_HeroSkillLvUpCount_62","MissionGroup_Achievement","HeroSkillLvUpCount","62","","Str_UI_Mission_AchievementList_0011","HeroSkillLvUpCount","1900","","Item_Material_SkillLvUp_Common","5","",""
"Achievement_HeroSkillLvUpCount_63","MissionGroup_Achievement","HeroSkillLvUpCount","63","","Str_UI_Mission_AchievementList_0011","HeroSkillLvUpCount","1950","","Item_Material_SkillLvUp_Common","5","",""
"Achievement_HeroSkillLvUpCount_64","MissionGroup_Achievement","HeroSkillLvUpCount","64","","Str_UI_Mission_AchievementList_0011","HeroSkillLvUpCount","2000","","Item_Material_SkillLvUp_Common","5","",""
"Achievement_HeroSkillLvUpCount_65","MissionGroup_Achievement","HeroSkillLvUpCount","65","","Str_UI_Mission_AchievementList_0011","HeroSkillLvUpCount","2050","","Item_Material_SkillLvUp_Common","5","",""
"Achievement_HeroSkillLvUpCount_66","MissionGroup_Achievement","HeroSkillLvUpCount","66","","Str_UI_Mission_AchievementList_0011","HeroSkillLvUpCount","2100","","Item_Material_SkillLvUp_Common","5","",""
"Achievement_HeroSkillLvUpCount_67","MissionGroup_Achievement","HeroSkillLvUpCount","67","","Str_UI_Mission_AchievementList_0011","HeroSkillLvUpCount","2150","","Item_Material_SkillLvUp_Common","5","",""
"Achievement_HeroSkillLvUpCount_68","MissionGroup_Achievement","HeroSkillLvUpCount","68","","Str_UI_Mission_AchievementList_0011","HeroSkillLvUpCount","2200","","Item_Material_SkillLvUp_Common","5","",""
"Achievement_HeroSkillLvUpCount_69","MissionGroup_Achievement","HeroSkillLvUpCount","69","","Str_UI_Mission_AchievementList_0011","HeroSkillLvUpCount","2250","","Item_Material_SkillLvUp_Common","5","",""
"Achievement_HeroSkillLvUpCount_70","MissionGroup_Achievement","HeroSkillLvUpCount","70","","Str_UI_Mission_AchievementList_0011","HeroSkillLvUpCount","2300","","Item_Material_SkillLvUp_Common","5","",""
"Achievement_HeroSkillLvUpCount_71","MissionGroup_Achievement","HeroSkillLvUpCount","71","","Str_UI_Mission_AchievementList_0011","HeroSkillLvUpCount","2350","","Item_Material_SkillLvUp_Common","5","",""
"Achievement_HeroSkillLvUpCount_72","MissionGroup_Achievement","HeroSkillLvUpCount","72","","Str_UI_Mission_AchievementList_0011","HeroSkillLvUpCount","2400","","Item_Material_SkillLvUp_Common","5","",""
"Achievement_HeroSkillLvUpCount_73","MissionGroup_Achievement","HeroSkillLvUpCount","73","","Str_UI_Mission_AchievementList_0011","HeroSkillLvUpCount","2450","","Item_Material_SkillLvUp_Common","5","",""
"Achievement_HeroSkillLvUpCount_74","MissionGroup_Achievement","HeroSkillLvUpCount","74","","Str_UI_Mission_AchievementList_0011","HeroSkillLvUpCount","2500","","Item_Material_SkillLvUp_Common","5","",""
"Achievement_HeroSkillLvUpCount_75","MissionGroup_Achievement","HeroSkillLvUpCount","75","","Str_UI_Mission_AchievementList_0011","HeroSkillLvUpCount","2550","","Item_Material_SkillLvUp_Common","5","",""
"Achievement_HeroSkillLvUpCount_76","MissionGroup_Achievement","HeroSkillLvUpCount","76","","Str_UI_Mission_AchievementList_0011","HeroSkillLvUpCount","2600","","Item_Material_SkillLvUp_Common","5","",""
"Achievement_HeroSkillLvUpCount_77","MissionGroup_Achievement","HeroSkillLvUpCount","77","","Str_UI_Mission_AchievementList_0011","HeroSkillLvUpCount","2650","","Item_Material_SkillLvUp_Common","5","",""
"Achievement_HeroSkillLvUpCount_78","MissionGroup_Achievement","HeroSkillLvUpCount","78","","Str_UI_Mission_AchievementList_0011","HeroSkillLvUpCount","2700","","Item_Material_SkillLvUp_Common","5","",""
"Achievement_HeroSkillLvUpCount_79","MissionGroup_Achievement","HeroSkillLvUpCount","79","","Str_UI_Mission_AchievementList_0011","HeroSkillLvUpCount","2750","","Item_Material_SkillLvUp_Common","5","",""
"Achievement_HeroSkillLvUpCount_80","MissionGroup_Achievement","HeroSkillLvUpCount","80","","Str_UI_Mission_AchievementList_0011","HeroSkillLvUpCount","2800","","Item_Material_SkillLvUp_Common","5","",""
"Achievement_HeroSkillLvUpCount_81","MissionGroup_Achievement","HeroSkillLvUpCount","81","","Str_UI_Mission_AchievementList_0011","HeroSkillLvUpCount","2850","","Item_Material_SkillLvUp_Common","5","",""
"Achievement_HeroSkillLvUpCount_82","MissionGroup_Achievement","HeroSkillLvUpCount","82","","Str_UI_Mission_AchievementList_0011","HeroSkillLvUpCount","2900","","Item_Material_SkillLvUp_Common","5","",""
"Achievement_HeroSkillLvUpCount_83","MissionGroup_Achievement","HeroSkillLvUpCount","83","","Str_UI_Mission_AchievementList_0011","HeroSkillLvUpCount","2950","","Item_Material_SkillLvUp_Common","5","",""
"Achievement_HeroSkillLvUpCount_84","MissionGroup_Achievement","HeroSkillLvUpCount","84","","Str_UI_Mission_AchievementList_0011","HeroSkillLvUpCount","3000","","Item_Material_SkillLvUp_Common","5","",""
"Achievement_HeroSkillLvUpCount_85","MissionGroup_Achievement","HeroSkillLvUpCount","85","","Str_UI_Mission_AchievementList_0011","HeroSkillLvUpCount","3050","","Item_Material_SkillLvUp_Common","5","",""
"Achievement_HeroSkillLvUpCount_86","MissionGroup_Achievement","HeroSkillLvUpCount","86","","Str_UI_Mission_AchievementList_0011","HeroSkillLvUpCount","3100","","Item_Material_SkillLvUp_Common","5","",""
"Achievement_HeroSkillLvUpCount_87","MissionGroup_Achievement","HeroSkillLvUpCount","87","","Str_UI_Mission_AchievementList_0011","HeroSkillLvUpCount","3150","","Item_Material_SkillLvUp_Common","5","",""
"Achievement_HeroSkillLvUpCount_88","MissionGroup_Achievement","HeroSkillLvUpCount","88","","Str_UI_Mission_AchievementList_0011","HeroSkillLvUpCount","3200","","Item_Material_SkillLvUp_Common","5","",""
"Achievement_HeroSkillLvUpCount_89","MissionGroup_Achievement","HeroSkillLvUpCount","89","","Str_UI_Mission_AchievementList_0011","HeroSkillLvUpCount","3250","","Item_Material_SkillLvUp_Common","5","",""
"Achievement_HeroSkillLvUpCount_90","MissionGroup_Achievement","HeroSkillLvUpCount","90","","Str_UI_Mission_AchievementList_0011","HeroSkillLvUpCount","3300","","Item_Material_SkillLvUp_Common","5","",""
"Achievement_HeroSkillLvUpCount_91","MissionGroup_Achievement","HeroSkillLvUpCount","91","","Str_UI_Mission_AchievementList_0011","HeroSkillLvUpCount","3350","","Item_Material_SkillLvUp_Common","5","",""
"Achievement_HeroSkillLvUpCount_92","MissionGroup_Achievement","HeroSkillLvUpCount","92","","Str_UI_Mission_AchievementList_0011","HeroSkillLvUpCount","3400","","Item_Material_SkillLvUp_Common","5","",""
"Achievement_HeroSkillLvUpCount_93","MissionGroup_Achievement","HeroSkillLvUpCount","93","","Str_UI_Mission_AchievementList_0011","HeroSkillLvUpCount","3450","","Item_Material_SkillLvUp_Common","5","",""
"Achievement_HeroSkillLvUpCount_94","MissionGroup_Achievement","HeroSkillLvUpCount","94","","Str_UI_Mission_AchievementList_0011","HeroSkillLvUpCount","3500","","Item_Material_SkillLvUp_Common","5","",""
"Achievement_HeroSkillLvUpCount_95","MissionGroup_Achievement","HeroSkillLvUpCount","95","","Str_UI_Mission_AchievementList_0011","HeroSkillLvUpCount","3550","","Item_Material_SkillLvUp_Common","5","",""
"Achievement_HeroSkillLvUpCount_96","MissionGroup_Achievement","HeroSkillLvUpCount","96","","Str_UI_Mission_AchievementList_0011","HeroSkillLvUpCount","3600","","Item_Material_SkillLvUp_Common","5","",""
"Achievement_HeroSkillLvUpCount_97","MissionGroup_Achievement","HeroSkillLvUpCount","97","","Str_UI_Mission_AchievementList_0011","HeroSkillLvUpCount","3650","","Item_Material_SkillLvUp_Common","5","",""
"Achievement_HeroSkillLvUpCount_98","MissionGroup_Achievement","HeroSkillLvUpCount","98","","Str_UI_Mission_AchievementList_0011","HeroSkillLvUpCount","3700","","Item_Material_SkillLvUp_Common","5","",""
"Achievement_HeroSkillLvUpCount_99","MissionGroup_Achievement","HeroSkillLvUpCount","99","","Str_UI_Mission_AchievementList_0011","HeroSkillLvUpCount","3750","","Item_Material_SkillLvUp_Common","5","",""
"Achievement_HeroSkillLvUpCount_100","MissionGroup_Achievement","HeroSkillLvUpCount","100","","Str_UI_Mission_AchievementList_0011","HeroSkillLvUpCount","3800","","Item_Material_SkillLvUp_Common","5","",""
"Achievement_HeroSkillLvUpCount_101","MissionGroup_Achievement","HeroSkillLvUpCount","101","","Str_UI_Mission_AchievementList_0011","HeroSkillLvUpCount","3850","","Item_Material_SkillLvUp_Common","5","",""
"Achievement_HeroSkillLvUpCount_102","MissionGroup_Achievement","HeroSkillLvUpCount","102","","Str_UI_Mission_AchievementList_0011","HeroSkillLvUpCount","3900","","Item_Material_SkillLvUp_Common","5","",""
"Achievement_HeroSkillLvUpCount_103","MissionGroup_Achievement","HeroSkillLvUpCount","103","","Str_UI_Mission_AchievementList_0011","HeroSkillLvUpCount","3950","","Item_Material_SkillLvUp_Common","5","",""
"Achievement_HeroSkillLvUpCount_104","MissionGroup_Achievement","HeroSkillLvUpCount","104","","Str_UI_Mission_AchievementList_0011","HeroSkillLvUpCount","4000","","Item_Material_SkillLvUp_Common","5","",""
"Achievement_HeroSkillLvUpCount_105","MissionGroup_Achievement","HeroSkillLvUpCount","105","","Str_UI_Mission_AchievementList_0011","HeroSkillLvUpCount","4050","","Item_Material_SkillLvUp_Common","5","",""
"Achievement_HeroSkillLvUpCount_106","MissionGroup_Achievement","HeroSkillLvUpCount","106","","Str_UI_Mission_AchievementList_0011","HeroSkillLvUpCount","4100","","Item_Material_SkillLvUp_Common","5","",""
"Achievement_HeroSkillLvUpCount_107","MissionGroup_Achievement","HeroSkillLvUpCount","107","","Str_UI_Mission_AchievementList_0011","HeroSkillLvUpCount","4150","","Item_Material_SkillLvUp_Common","5","",""
"Achievement_HeroSkillLvUpCount_108","MissionGroup_Achievement","HeroSkillLvUpCount","108","","Str_UI_Mission_AchievementList_0011","HeroSkillLvUpCount","4200","","Item_Material_SkillLvUp_Common","5","",""
"Achievement_HeroSkillLvUpCount_109","MissionGroup_Achievement","HeroSkillLvUpCount","109","","Str_UI_Mission_AchievementList_0011","HeroSkillLvUpCount","4250","","Item_Material_SkillLvUp_Common","5","",""
"Achievement_HeroSkillLvUpCount_110","MissionGroup_Achievement","HeroSkillLvUpCount","110","","Str_UI_Mission_AchievementList_0011","HeroSkillLvUpCount","4300","","Item_Material_SkillLvUp_Common","5","",""
"Achievement_HeroSkillLvUpCount_111","MissionGroup_Achievement","HeroSkillLvUpCount","111","","Str_UI_Mission_AchievementList_0011","HeroSkillLvUpCount","4350","","Item_Material_SkillLvUp_Common","5","",""
"Achievement_HeroSkillLvUpCount_112","MissionGroup_Achievement","HeroSkillLvUpCount","112","","Str_UI_Mission_AchievementList_0011","HeroSkillLvUpCount","4400","","Item_Material_SkillLvUp_Common","5","",""
"Achievement_HeroSkillLvUpCount_113","MissionGroup_Achievement","HeroSkillLvUpCount","113","","Str_UI_Mission_AchievementList_0011","HeroSkillLvUpCount","4450","","Item_Material_SkillLvUp_Common","5","",""
"Achievement_HeroSkillLvUpCount_114","MissionGroup_Achievement","HeroSkillLvUpCount","114","","Str_UI_Mission_AchievementList_0011","HeroSkillLvUpCount","4500","","Item_Material_SkillLvUp_Common","5","",""
"Achievement_HeroSkillLvUpCount_115","MissionGroup_Achievement","HeroSkillLvUpCount","115","","Str_UI_Mission_AchievementList_0011","HeroSkillLvUpCount","4550","","Item_Material_SkillLvUp_Common","5","",""
"Achievement_HeroSkillLvUpCount_116","MissionGroup_Achievement","HeroSkillLvUpCount","116","","Str_UI_Mission_AchievementList_0011","HeroSkillLvUpCount","4600","","Item_Material_SkillLvUp_Common","5","",""
"Achievement_HeroSkillLvUpCount_117","MissionGroup_Achievement","HeroSkillLvUpCount","117","","Str_UI_Mission_AchievementList_0011","HeroSkillLvUpCount","4650","","Item_Material_SkillLvUp_Common","5","",""
"Achievement_HeroSkillLvUpCount_118","MissionGroup_Achievement","HeroSkillLvUpCount","118","","Str_UI_Mission_AchievementList_0011","HeroSkillLvUpCount","4700","","Item_Material_SkillLvUp_Common","5","",""
"Achievement_HeroSkillLvUpCount_119","MissionGroup_Achievement","HeroSkillLvUpCount","119","","Str_UI_Mission_AchievementList_0011","HeroSkillLvUpCount","4750","","Item_Material_SkillLvUp_Common","5","",""
"Achievement_HeroSkillLvUpCount_120","MissionGroup_Achievement","HeroSkillLvUpCount","120","","Str_UI_Mission_AchievementList_0011","HeroSkillLvUpCount","4800","","Item_Material_SkillLvUp_Common","5","",""
"Achievement_HeroSkillLvUpCount_121","MissionGroup_Achievement","HeroSkillLvUpCount","121","","Str_UI_Mission_AchievementList_0011","HeroSkillLvUpCount","4850","","Item_Material_SkillLvUp_Common","5","",""
"Achievement_HeroSkillLvUpCount_122","MissionGroup_Achievement","HeroSkillLvUpCount","122","","Str_UI_Mission_AchievementList_0011","HeroSkillLvUpCount","4900","","Item_Material_SkillLvUp_Common","5","",""
"Achievement_HeroSkillLvUpCount_123","MissionGroup_Achievement","HeroSkillLvUpCount","123","","Str_UI_Mission_AchievementList_0011","HeroSkillLvUpCount","4950","","Item_Material_SkillLvUp_Common","5","",""
"Achievement_HeroSkillLvUpCount_124","MissionGroup_Achievement","HeroSkillLvUpCount","124","","Str_UI_Mission_AchievementList_0011","HeroSkillLvUpCount","5000","","Item_Material_SkillLvUp_Common","5","",""
"Achievement_HeroSkillLvUpCount_125","MissionGroup_Achievement","HeroSkillLvUpCount","125","","Str_UI_Mission_AchievementList_0011","HeroSkillLvUpCount","5050","","Item_Material_SkillLvUp_Common","5","",""
"Achievement_HeroSkillLvUpCount_126","MissionGroup_Achievement","HeroSkillLvUpCount","126","","Str_UI_Mission_AchievementList_0011","HeroSkillLvUpCount","5100","","Item_Material_SkillLvUp_Common","5","",""
"Achievement_HeroSkillLvUpCount_127","MissionGroup_Achievement","HeroSkillLvUpCount","127","","Str_UI_Mission_AchievementList_0011","HeroSkillLvUpCount","5150","","Item_Material_SkillLvUp_Common","5","",""
"Achievement_HeroSkillLvUpCount_128","MissionGroup_Achievement","HeroSkillLvUpCount","128","","Str_UI_Mission_AchievementList_0011","HeroSkillLvUpCount","5200","","Item_Material_SkillLvUp_Common","5","",""
"Achievement_HeroSkillLvUpCount_129","MissionGroup_Achievement","HeroSkillLvUpCount","129","","Str_UI_Mission_AchievementList_0011","HeroSkillLvUpCount","5250","","Item_Material_SkillLvUp_Common","5","",""
"Achievement_HeroSkillLvUpCount_130","MissionGroup_Achievement","HeroSkillLvUpCount","130","","Str_UI_Mission_AchievementList_0011","HeroSkillLvUpCount","5300","","Item_Material_SkillLvUp_Common","5","",""
"Achievement_HeroSkillLvUpCount_131","MissionGroup_Achievement","HeroSkillLvUpCount","131","","Str_UI_Mission_AchievementList_0011","HeroSkillLvUpCount","5350","","Item_Material_SkillLvUp_Common","5","",""
"Achievement_HeroSkillLvUpCount_132","MissionGroup_Achievement","HeroSkillLvUpCount","132","","Str_UI_Mission_AchievementList_0011","HeroSkillLvUpCount","5400","","Item_Material_SkillLvUp_Common","5","",""
"Achievement_HeroSkillLvUpCount_133","MissionGroup_Achievement","HeroSkillLvUpCount","133","","Str_UI_Mission_AchievementList_0011","HeroSkillLvUpCount","5450","","Item_Material_SkillLvUp_Common","5","",""
"Achievement_HeroSkillLvUpCount_134","MissionGroup_Achievement","HeroSkillLvUpCount","134","","Str_UI_Mission_AchievementList_0011","HeroSkillLvUpCount","5500","","Item_Material_SkillLvUp_Common","5","",""
"Achievement_HeroSkillLvUpCount_135","MissionGroup_Achievement","HeroSkillLvUpCount","135","","Str_UI_Mission_AchievementList_0011","HeroSkillLvUpCount","5550","","Item_Material_SkillLvUp_Common","5","",""
"Achievement_HeroSkillLvUpCount_136","MissionGroup_Achievement","HeroSkillLvUpCount","136","","Str_UI_Mission_AchievementList_0011","HeroSkillLvUpCount","5600","","Item_Material_SkillLvUp_Common","5","",""
"Achievement_HeroSkillLvUpCount_137","MissionGroup_Achievement","HeroSkillLvUpCount","137","","Str_UI_Mission_AchievementList_0011","HeroSkillLvUpCount","5650","","Item_Material_SkillLvUp_Common","5","",""
"Achievement_HeroSkillLvUpCount_138","MissionGroup_Achievement","HeroSkillLvUpCount","138","","Str_UI_Mission_AchievementList_0011","HeroSkillLvUpCount","5700","","Item_Material_SkillLvUp_Common","5","",""
"Achievement_HeroSkillLvUpCount_139","MissionGroup_Achievement","HeroSkillLvUpCount","139","","Str_UI_Mission_AchievementList_0011","HeroSkillLvUpCount","5750","","Item_Material_SkillLvUp_Common","5","",""
"Achievement_HeroSkillLvUpCount_140","MissionGroup_Achievement","HeroSkillLvUpCount","140","","Str_UI_Mission_AchievementList_0011","HeroSkillLvUpCount","5800","","Item_Material_SkillLvUp_Common","5","",""
"Achievement_HeroSkillLvUpCount_141","MissionGroup_Achievement","HeroSkillLvUpCount","141","","Str_UI_Mission_AchievementList_0011","HeroSkillLvUpCount","5850","","Item_Material_SkillLvUp_Common","5","",""
"Achievement_HeroSkillLvUpCount_142","MissionGroup_Achievement","HeroSkillLvUpCount","142","","Str_UI_Mission_AchievementList_0011","HeroSkillLvUpCount","5900","","Item_Material_SkillLvUp_Common","5","",""
"Achievement_HeroSkillLvUpCount_143","MissionGroup_Achievement","HeroSkillLvUpCount","143","","Str_UI_Mission_AchievementList_0011","HeroSkillLvUpCount","5950","","Item_Material_SkillLvUp_Common","5","",""
"Achievement_HeroSkillLvUpCount_144","MissionGroup_Achievement","HeroSkillLvUpCount","144","","Str_UI_Mission_AchievementList_0011","HeroSkillLvUpCount","6000","","Item_Material_SkillLvUp_Common","5","",""
"Achievement_HeroSkillLvUpCount_145","MissionGroup_Achievement","HeroSkillLvUpCount","145","","Str_UI_Mission_AchievementList_0011","HeroSkillLvUpCount","6050","","Item_Material_SkillLvUp_Common","5","",""
"Achievement_HeroSkillLvUpCount_146","MissionGroup_Achievement","HeroSkillLvUpCount","146","","Str_UI_Mission_AchievementList_0011","HeroSkillLvUpCount","6100","","Item_Material_SkillLvUp_Common","5","",""
"Achievement_HeroSkillLvUpCount_147","MissionGroup_Achievement","HeroSkillLvUpCount","147","","Str_UI_Mission_AchievementList_0011","HeroSkillLvUpCount","6150","","Item_Material_SkillLvUp_Common","5","",""
"Achievement_HeroSkillLvUpCount_148","MissionGroup_Achievement","HeroSkillLvUpCount","148","","Str_UI_Mission_AchievementList_0011","HeroSkillLvUpCount","6200","","Item_Material_SkillLvUp_Common","5","",""
"Achievement_HeroSkillLvUpCount_149","MissionGroup_Achievement","HeroSkillLvUpCount","149","","Str_UI_Mission_AchievementList_0011","HeroSkillLvUpCount","6250","","Item_Material_SkillLvUp_Common","5","",""
"Achievement_HeroSkillLvUpCount_150","MissionGroup_Achievement","HeroSkillLvUpCount","150","","Str_UI_Mission_AchievementList_0011","HeroSkillLvUpCount","6300","","Item_Material_SkillLvUp_Common","5","",""
"Achievement_HeroSkillLvUpCount_151","MissionGroup_Achievement","HeroSkillLvUpCount","151","","Str_UI_Mission_AchievementList_0011","HeroSkillLvUpCount","6350","","Item_Material_SkillLvUp_Common","5","",""
"Achievement_HeroSkillLvUpCount_152","MissionGroup_Achievement","HeroSkillLvUpCount","152","","Str_UI_Mission_AchievementList_0011","HeroSkillLvUpCount","6400","","Item_Material_SkillLvUp_Common","5","",""
"Achievement_HeroSkillLvUpCount_153","MissionGroup_Achievement","HeroSkillLvUpCount","153","","Str_UI_Mission_AchievementList_0011","HeroSkillLvUpCount","6450","","Item_Material_SkillLvUp_Common","5","",""
"Achievement_HeroSkillLvUpCount_154","MissionGroup_Achievement","HeroSkillLvUpCount","154","","Str_UI_Mission_AchievementList_0011","HeroSkillLvUpCount","6500","","Item_Material_SkillLvUp_Common","5","",""
"Achievement_HeroSkillLvUpCount_155","MissionGroup_Achievement","HeroSkillLvUpCount","155","","Str_UI_Mission_AchievementList_0011","HeroSkillLvUpCount","6550","","Item_Material_SkillLvUp_Common","5","",""
"Achievement_HeroSkillLvUpCount_156","MissionGroup_Achievement","HeroSkillLvUpCount","156","","Str_UI_Mission_AchievementList_0011","HeroSkillLvUpCount","6600","","Item_Material_SkillLvUp_Common","5","",""
"Achievement_HeroSkillLvUpCount_157","MissionGroup_Achievement","HeroSkillLvUpCount","157","","Str_UI_Mission_AchievementList_0011","HeroSkillLvUpCount","6650","","Item_Material_SkillLvUp_Common","5","",""
"Achievement_HeroSkillLvUpCount_158","MissionGroup_Achievement","HeroSkillLvUpCount","158","","Str_UI_Mission_AchievementList_0011","HeroSkillLvUpCount","6700","","Item_Material_SkillLvUp_Common","5","",""
"Achievement_HeroSkillLvUpCount_159","MissionGroup_Achievement","HeroSkillLvUpCount","159","","Str_UI_Mission_AchievementList_0011","HeroSkillLvUpCount","6750","","Item_Material_SkillLvUp_Common","5","",""
"Achievement_HeroSkillLvUpCount_160","MissionGroup_Achievement","HeroSkillLvUpCount","160","","Str_UI_Mission_AchievementList_0011","HeroSkillLvUpCount","6800","","Item_Material_SkillLvUp_Common","5","",""
"Achievement_HeroSkillLvUpCount_161","MissionGroup_Achievement","HeroSkillLvUpCount","161","","Str_UI_Mission_AchievementList_0011","HeroSkillLvUpCount","6850","","Item_Material_SkillLvUp_Common","5","",""
"Achievement_HeroSkillLvUpCount_162","MissionGroup_Achievement","HeroSkillLvUpCount","162","","Str_UI_Mission_AchievementList_0011","HeroSkillLvUpCount","6900","","Item_Material_SkillLvUp_Common","5","",""
"Achievement_HeroSkillLvUpCount_163","MissionGroup_Achievement","HeroSkillLvUpCount","163","","Str_UI_Mission_AchievementList_0011","HeroSkillLvUpCount","6950","","Item_Material_SkillLvUp_Common","5","",""
"Achievement_HeroSkillLvUpCount_164","MissionGroup_Achievement","HeroSkillLvUpCount","164","","Str_UI_Mission_AchievementList_0011","HeroSkillLvUpCount","7000","","Item_Material_SkillLvUp_Common","5","",""
"Achievement_HeroSkillLvUpCount_165","MissionGroup_Achievement","HeroSkillLvUpCount","165","","Str_UI_Mission_AchievementList_0011","HeroSkillLvUpCount","7050","","Item_Material_SkillLvUp_Common","5","",""
"Achievement_HeroSkillLvUpCount_166","MissionGroup_Achievement","HeroSkillLvUpCount","166","","Str_UI_Mission_AchievementList_0011","HeroSkillLvUpCount","7100","","Item_Material_SkillLvUp_Common","5","",""
"Achievement_HeroSkillLvUpCount_167","MissionGroup_Achievement","HeroSkillLvUpCount","167","","Str_UI_Mission_AchievementList_0011","HeroSkillLvUpCount","7150","","Item_Material_SkillLvUp_Common","5","",""
"Achievement_HeroSkillLvUpCount_168","MissionGroup_Achievement","HeroSkillLvUpCount","168","","Str_UI_Mission_AchievementList_0011","HeroSkillLvUpCount","7200","","Item_Material_SkillLvUp_Common","5","",""
"Achievement_HeroSkillLvUpCount_169","MissionGroup_Achievement","HeroSkillLvUpCount","169","","Str_UI_Mission_AchievementList_0011","HeroSkillLvUpCount","7250","","Item_Material_SkillLvUp_Common","5","",""
"Achievement_HeroSkillLvUpCount_170","MissionGroup_Achievement","HeroSkillLvUpCount","170","","Str_UI_Mission_AchievementList_0011","HeroSkillLvUpCount","7300","","Item_Material_SkillLvUp_Common","5","",""
"Achievement_HeroSkillLvUpCount_171","MissionGroup_Achievement","HeroSkillLvUpCount","171","","Str_UI_Mission_AchievementList_0011","HeroSkillLvUpCount","7350","","Item_Material_SkillLvUp_Common","5","",""
"Achievement_HeroSkillLvUpCount_172","MissionGroup_Achievement","HeroSkillLvUpCount","172","","Str_UI_Mission_AchievementList_0011","HeroSkillLvUpCount","7400","","Item_Material_SkillLvUp_Common","5","",""
"Achievement_HeroSkillLvUpCount_173","MissionGroup_Achievement","HeroSkillLvUpCount","173","","Str_UI_Mission_AchievementList_0011","HeroSkillLvUpCount","7450","","Item_Material_SkillLvUp_Common","5","",""
"Achievement_HeroSkillLvUpCount_174","MissionGroup_Achievement","HeroSkillLvUpCount","174","","Str_UI_Mission_AchievementList_0011","HeroSkillLvUpCount","7500","","Item_Material_SkillLvUp_Common","5","",""
"Achievement_HeroSkillLvUpCount_175","MissionGroup_Achievement","HeroSkillLvUpCount","175","","Str_UI_Mission_AchievementList_0011","HeroSkillLvUpCount","7550","","Item_Material_SkillLvUp_Common","5","",""
"Achievement_HeroSkillLvUpCount_176","MissionGroup_Achievement","HeroSkillLvUpCount","176","","Str_UI_Mission_AchievementList_0011","HeroSkillLvUpCount","7600","","Item_Material_SkillLvUp_Common","5","",""
"Achievement_HeroSkillLvUpCount_177","MissionGroup_Achievement","HeroSkillLvUpCount","177","","Str_UI_Mission_AchievementList_0011","HeroSkillLvUpCount","7650","","Item_Material_SkillLvUp_Common","5","",""
"Achievement_HeroSkillLvUpCount_178","MissionGroup_Achievement","HeroSkillLvUpCount","178","","Str_UI_Mission_AchievementList_0011","HeroSkillLvUpCount","7700","","Item_Material_SkillLvUp_Common","5","",""
"Achievement_HeroSkillLvUpCount_179","MissionGroup_Achievement","HeroSkillLvUpCount","179","","Str_UI_Mission_AchievementList_0011","HeroSkillLvUpCount","7750","","Item_Material_SkillLvUp_Common","5","",""
"Achievement_HeroSkillLvUpCount_180","MissionGroup_Achievement","HeroSkillLvUpCount","180","","Str_UI_Mission_AchievementList_0011","HeroSkillLvUpCount","7800","","Item_Material_SkillLvUp_Common","5","",""
"Achievement_HeroSkillLvUpCount_181","MissionGroup_Achievement","HeroSkillLvUpCount","181","","Str_UI_Mission_AchievementList_0011","HeroSkillLvUpCount","7850","","Item_Material_SkillLvUp_Common","5","",""
"Achievement_HeroSkillLvUpCount_182","MissionGroup_Achievement","HeroSkillLvUpCount","182","","Str_UI_Mission_AchievementList_0011","HeroSkillLvUpCount","7900","","Item_Material_SkillLvUp_Common","5","",""
"Achievement_HeroSkillLvUpCount_183","MissionGroup_Achievement","HeroSkillLvUpCount","183","","Str_UI_Mission_AchievementList_0011","HeroSkillLvUpCount","7950","","Item_Material_SkillLvUp_Common","5","",""
"Achievement_HeroSkillLvUpCount_184","MissionGroup_Achievement","HeroSkillLvUpCount","184","","Str_UI_Mission_AchievementList_0011","HeroSkillLvUpCount","8000","","Item_Material_SkillLvUp_Common","5","",""
"Achievement_HeroSkillLvUpCount_185","MissionGroup_Achievement","HeroSkillLvUpCount","185","","Str_UI_Mission_AchievementList_0011","HeroSkillLvUpCount","8050","","Item_Material_SkillLvUp_Common","5","",""
"Achievement_HeroSkillLvUpCount_186","MissionGroup_Achievement","HeroSkillLvUpCount","186","","Str_UI_Mission_AchievementList_0011","HeroSkillLvUpCount","8100","","Item_Material_SkillLvUp_Common","5","",""
"Achievement_HeroSkillLvUpCount_187","MissionGroup_Achievement","HeroSkillLvUpCount","187","","Str_UI_Mission_AchievementList_0011","HeroSkillLvUpCount","8150","","Item_Material_SkillLvUp_Common","5","",""
"Achievement_HeroSkillLvUpCount_188","MissionGroup_Achievement","HeroSkillLvUpCount","188","","Str_UI_Mission_AchievementList_0011","HeroSkillLvUpCount","8200","","Item_Material_SkillLvUp_Common","5","",""
"Achievement_HeroSkillLvUpCount_189","MissionGroup_Achievement","HeroSkillLvUpCount","189","","Str_UI_Mission_AchievementList_0011","HeroSkillLvUpCount","8250","","Item_Material_SkillLvUp_Common","5","",""
"Achievement_HeroSkillLvUpCount_190","MissionGroup_Achievement","HeroSkillLvUpCount","190","","Str_UI_Mission_AchievementList_0011","HeroSkillLvUpCount","8300","","Item_Material_SkillLvUp_Common","5","",""
"Achievement_HeroSkillLvUpCount_191","MissionGroup_Achievement","HeroSkillLvUpCount","191","","Str_UI_Mission_AchievementList_0011","HeroSkillLvUpCount","8350","","Item_Material_SkillLvUp_Common","5","",""
"Achievement_HeroSkillLvUpCount_192","MissionGroup_Achievement","HeroSkillLvUpCount","192","","Str_UI_Mission_AchievementList_0011","HeroSkillLvUpCount","8400","","Item_Material_SkillLvUp_Common","5","",""
"Achievement_HeroSkillLvUpCount_193","MissionGroup_Achievement","HeroSkillLvUpCount","193","","Str_UI_Mission_AchievementList_0011","HeroSkillLvUpCount","8450","","Item_Material_SkillLvUp_Common","5","",""
"Achievement_HeroSkillLvUpCount_194","MissionGroup_Achievement","HeroSkillLvUpCount","194","","Str_UI_Mission_AchievementList_0011","HeroSkillLvUpCount","8500","","Item_Material_SkillLvUp_Common","5","",""
"Achievement_HeroSkillLvUpCount_195","MissionGroup_Achievement","HeroSkillLvUpCount","195","","Str_UI_Mission_AchievementList_0011","HeroSkillLvUpCount","8550","","Item_Material_SkillLvUp_Common","5","",""
"Achievement_HeroSkillLvUpCount_196","MissionGroup_Achievement","HeroSkillLvUpCount","196","","Str_UI_Mission_AchievementList_0011","HeroSkillLvUpCount","8600","","Item_Material_SkillLvUp_Common","5","",""
"Achievement_HeroSkillLvUpCount_197","MissionGroup_Achievement","HeroSkillLvUpCount","197","","Str_UI_Mission_AchievementList_0011","HeroSkillLvUpCount","8650","","Item_Material_SkillLvUp_Common","5","",""
"Achievement_HeroSkillLvUpCount_198","MissionGroup_Achievement","HeroSkillLvUpCount","198","","Str_UI_Mission_AchievementList_0011","HeroSkillLvUpCount","8700","","Item_Material_SkillLvUp_Common","5","",""
"Achievement_HeroSkillLvUpCount_199","MissionGroup_Achievement","HeroSkillLvUpCount","199","","Str_UI_Mission_AchievementList_0011","HeroSkillLvUpCount","8750","","Item_Material_SkillLvUp_Common","5","",""
"Achievement_HeroSkillLvUpCount_200","MissionGroup_Achievement","HeroSkillLvUpCount","200","","Str_UI_Mission_AchievementList_0011","HeroSkillLvUpCount","8800","","Item_Material_SkillLvUp_Common","5","",""
"Achievement_HeroSkillLvUpCount_201","MissionGroup_Achievement","HeroSkillLvUpCount","201","","Str_UI_Mission_AchievementList_0011","HeroSkillLvUpCount","8850","","Item_Material_SkillLvUp_Common","5","",""
"Achievement_HeroSkillLvUpCount_202","MissionGroup_Achievement","HeroSkillLvUpCount","202","","Str_UI_Mission_AchievementList_0011","HeroSkillLvUpCount","8900","","Item_Material_SkillLvUp_Common","5","",""
"Achievement_HeroSkillLvUpCount_203","MissionGroup_Achievement","HeroSkillLvUpCount","203","","Str_UI_Mission_AchievementList_0011","HeroSkillLvUpCount","8950","","Item_Material_SkillLvUp_Common","5","",""
"Achievement_HeroSkillLvUpCount_204","MissionGroup_Achievement","HeroSkillLvUpCount","204","","Str_UI_Mission_AchievementList_0011","HeroSkillLvUpCount","9000","","Item_Material_SkillLvUp_Common","5","",""
"Achievement_HeroSkillLvUpCount_205","MissionGroup_Achievement","HeroSkillLvUpCount","205","","Str_UI_Mission_AchievementList_0011","HeroSkillLvUpCount","9050","","Item_Material_SkillLvUp_Common","5","",""
"Achievement_HeroSkillLvUpCount_206","MissionGroup_Achievement","HeroSkillLvUpCount","206","","Str_UI_Mission_AchievementList_0011","HeroSkillLvUpCount","9100","","Item_Material_SkillLvUp_Common","5","",""
"Achievement_HeroSkillLvUpCount_207","MissionGroup_Achievement","HeroSkillLvUpCount","207","","Str_UI_Mission_AchievementList_0011","HeroSkillLvUpCount","9150","","Item_Material_SkillLvUp_Common","5","",""
"Achievement_HeroSkillLvUpCount_208","MissionGroup_Achievement","HeroSkillLvUpCount","208","","Str_UI_Mission_AchievementList_0011","HeroSkillLvUpCount","9200","","Item_Material_SkillLvUp_Common","5","",""
"Achievement_HeroSkillLvUpCount_209","MissionGroup_Achievement","HeroSkillLvUpCount","209","","Str_UI_Mission_AchievementList_0011","HeroSkillLvUpCount","9250","","Item_Material_SkillLvUp_Common","5","",""
"Achievement_HeroSkillLvUpCount_210","MissionGroup_Achievement","HeroSkillLvUpCount","210","","Str_UI_Mission_AchievementList_0011","HeroSkillLvUpCount","9300","","Item_Material_SkillLvUp_Common","5","",""
"Achievement_HeroSkillLvUpCount_211","MissionGroup_Achievement","HeroSkillLvUpCount","211","","Str_UI_Mission_AchievementList_0011","HeroSkillLvUpCount","9350","","Item_Material_SkillLvUp_Common","5","",""
"Achievement_HeroSkillLvUpCount_212","MissionGroup_Achievement","HeroSkillLvUpCount","212","","Str_UI_Mission_AchievementList_0011","HeroSkillLvUpCount","9400","","Item_Material_SkillLvUp_Common","5","",""
"Achievement_HeroSkillLvUpCount_213","MissionGroup_Achievement","HeroSkillLvUpCount","213","","Str_UI_Mission_AchievementList_0011","HeroSkillLvUpCount","9450","","Item_Material_SkillLvUp_Common","5","",""
"Achievement_HeroSkillLvUpCount_214","MissionGroup_Achievement","HeroSkillLvUpCount","214","","Str_UI_Mission_AchievementList_0011","HeroSkillLvUpCount","9500","","Item_Material_SkillLvUp_Common","5","",""
"Achievement_HeroSkillLvUpCount_215","MissionGroup_Achievement","HeroSkillLvUpCount","215","","Str_UI_Mission_AchievementList_0011","HeroSkillLvUpCount","9550","","Item_Material_SkillLvUp_Common","5","",""
"Achievement_HeroSkillLvUpCount_216","MissionGroup_Achievement","HeroSkillLvUpCount","216","","Str_UI_Mission_AchievementList_0011","HeroSkillLvUpCount","9600","","Item_Material_SkillLvUp_Common","5","",""
"Achievement_HeroSkillLvUpCount_217","MissionGroup_Achievement","HeroSkillLvUpCount","217","","Str_UI_Mission_AchievementList_0011","HeroSkillLvUpCount","9650","","Item_Material_SkillLvUp_Common","5","",""
"Achievement_HeroSkillLvUpCount_218","MissionGroup_Achievement","HeroSkillLvUpCount","218","","Str_UI_Mission_AchievementList_0011","HeroSkillLvUpCount","9700","","Item_Material_SkillLvUp_Common","5","",""
"Achievement_HeroSkillLvUpCount_219","MissionGroup_Achievement","HeroSkillLvUpCount","219","","Str_UI_Mission_AchievementList_0011","HeroSkillLvUpCount","9750","","Item_Material_SkillLvUp_Common","5","",""
"Achievement_HeroSkillLvUpCount_220","MissionGroup_Achievement","HeroSkillLvUpCount","220","","Str_UI_Mission_AchievementList_0011","HeroSkillLvUpCount","9800","","Item_Material_SkillLvUp_Common","5","",""
"Achievement_HeroSkillLvUpCount_221","MissionGroup_Achievement","HeroSkillLvUpCount","221","","Str_UI_Mission_AchievementList_0011","HeroSkillLvUpCount","9850","","Item_Material_SkillLvUp_Common","5","",""
"Achievement_HeroSkillLvUpCount_222","MissionGroup_Achievement","HeroSkillLvUpCount","222","","Str_UI_Mission_AchievementList_0011","HeroSkillLvUpCount","9900","","Item_Material_SkillLvUp_Common","5","",""
"Achievement_HeroSkillLvUpCount_223","MissionGroup_Achievement","HeroSkillLvUpCount","223","","Str_UI_Mission_AchievementList_0011","HeroSkillLvUpCount","9950","","Item_Material_SkillLvUp_Common","5","",""
"Achievement_HeroSkillLvUpCount_224","MissionGroup_Achievement","HeroSkillLvUpCount","224","","Str_UI_Mission_AchievementList_0011","HeroSkillLvUpCount","10000","","Item_Material_SkillLvUp_Common","5","",""
"Achievement_HeroSkillLvUpCount_225","MissionGroup_Achievement","HeroSkillLvUpCount","225","","Str_UI_Mission_AchievementList_0011","HeroSkillLvUpCount","10050","","Item_Material_SkillLvUp_Common","5","",""
"Achievement_HeroSkillLvUpCount_226","MissionGroup_Achievement","HeroSkillLvUpCount","226","","Str_UI_Mission_AchievementList_0011","HeroSkillLvUpCount","10100","","Item_Material_SkillLvUp_Common","5","",""
"Achievement_HeroSkillLvUpCount_227","MissionGroup_Achievement","HeroSkillLvUpCount","227","","Str_UI_Mission_AchievementList_0011","HeroSkillLvUpCount","10150","","Item_Material_SkillLvUp_Common","5","",""
"Achievement_HeroSkillLvUpCount_228","MissionGroup_Achievement","HeroSkillLvUpCount","228","","Str_UI_Mission_AchievementList_0011","HeroSkillLvUpCount","10200","","Item_Material_SkillLvUp_Common","5","",""
"Achievement_HeroSkillLvUpCount_229","MissionGroup_Achievement","HeroSkillLvUpCount","229","","Str_UI_Mission_AchievementList_0011","HeroSkillLvUpCount","10250","","Item_Material_SkillLvUp_Common","5","",""
"Achievement_HeroSkillLvUpCount_230","MissionGroup_Achievement","HeroSkillLvUpCount","230","","Str_UI_Mission_AchievementList_0011","HeroSkillLvUpCount","10300","","Item_Material_SkillLvUp_Common","5","",""
"Achievement_HeroSkillLvUpCount_231","MissionGroup_Achievement","HeroSkillLvUpCount","231","","Str_UI_Mission_AchievementList_0011","HeroSkillLvUpCount","10350","","Item_Material_SkillLvUp_Common","5","",""
"Achievement_HeroSkillLvUpCount_232","MissionGroup_Achievement","HeroSkillLvUpCount","232","","Str_UI_Mission_AchievementList_0011","HeroSkillLvUpCount","10400","","Item_Material_SkillLvUp_Common","5","",""
"Achievement_HeroSkillLvUpCount_233","MissionGroup_Achievement","HeroSkillLvUpCount","233","","Str_UI_Mission_AchievementList_0011","HeroSkillLvUpCount","10450","","Item_Material_SkillLvUp_Common","5","",""
"Achievement_HeroSkillLvUpCount_234","MissionGroup_Achievement","HeroSkillLvUpCount","234","","Str_UI_Mission_AchievementList_0011","HeroSkillLvUpCount","10500","","Item_Material_SkillLvUp_Common","5","",""
"Achievement_HeroSkillLvUpCount_235","MissionGroup_Achievement","HeroSkillLvUpCount","235","","Str_UI_Mission_AchievementList_0011","HeroSkillLvUpCount","10550","","Item_Material_SkillLvUp_Common","5","",""
"Achievement_HeroSkillLvUpCount_236","MissionGroup_Achievement","HeroSkillLvUpCount","236","","Str_UI_Mission_AchievementList_0011","HeroSkillLvUpCount","10600","","Item_Material_SkillLvUp_Common","5","",""
"Achievement_HeroSkillLvUpCount_237","MissionGroup_Achievement","HeroSkillLvUpCount","237","","Str_UI_Mission_AchievementList_0011","HeroSkillLvUpCount","10650","","Item_Material_SkillLvUp_Common","5","",""
"Achievement_HeroSkillLvUpCount_238","MissionGroup_Achievement","HeroSkillLvUpCount","238","","Str_UI_Mission_AchievementList_0011","HeroSkillLvUpCount","10700","","Item_Material_SkillLvUp_Common","5","",""
"Achievement_HeroSkillLvUpCount_239","MissionGroup_Achievement","HeroSkillLvUpCount","239","","Str_UI_Mission_AchievementList_0011","HeroSkillLvUpCount","10750","","Item_Material_SkillLvUp_Common","5","",""
"Achievement_HeroSkillLvUpCount_240","MissionGroup_Achievement","HeroSkillLvUpCount","240","","Str_UI_Mission_AchievementList_0011","HeroSkillLvUpCount","10800","","Item_Material_SkillLvUp_Common","5","",""
"Achievement_HeroSkillLvUpCount_241","MissionGroup_Achievement","HeroSkillLvUpCount","241","","Str_UI_Mission_AchievementList_0011","HeroSkillLvUpCount","10850","","Item_Material_SkillLvUp_Common","5","",""
"Achievement_HeroSkillLvUpCount_242","MissionGroup_Achievement","HeroSkillLvUpCount","242","","Str_UI_Mission_AchievementList_0011","HeroSkillLvUpCount","10900","","Item_Material_SkillLvUp_Common","5","",""
"Achievement_HeroSkillLvUpCount_243","MissionGroup_Achievement","HeroSkillLvUpCount","243","","Str_UI_Mission_AchievementList_0011","HeroSkillLvUpCount","10950","","Item_Material_SkillLvUp_Common","5","",""
"Achievement_HeroSkillLvUpCount_244","MissionGroup_Achievement","HeroSkillLvUpCount","244","","Str_UI_Mission_AchievementList_0011","HeroSkillLvUpCount","11000","","Item_Material_SkillLvUp_Common","5","",""
"Achievement_HeroSkillLvUpCount_245","MissionGroup_Achievement","HeroSkillLvUpCount","245","","Str_UI_Mission_AchievementList_0011","HeroSkillLvUpCount","11050","","Item_Material_SkillLvUp_Common","5","",""
"Achievement_HeroSkillLvUpCount_246","MissionGroup_Achievement","HeroSkillLvUpCount","246","","Str_UI_Mission_AchievementList_0011","HeroSkillLvUpCount","11100","","Item_Material_SkillLvUp_Common","5","",""
"Achievement_HeroSkillLvUpCount_247","MissionGroup_Achievement","HeroSkillLvUpCount","247","","Str_UI_Mission_AchievementList_0011","HeroSkillLvUpCount","11150","","Item_Material_SkillLvUp_Common","5","",""
"Achievement_HeroSkillLvUpCount_248","MissionGroup_Achievement","HeroSkillLvUpCount","248","","Str_UI_Mission_AchievementList_0011","HeroSkillLvUpCount","11200","","Item_Material_SkillLvUp_Common","5","",""
"Achievement_HeroSkillLvUpCount_249","MissionGroup_Achievement","HeroSkillLvUpCount","249","","Str_UI_Mission_AchievementList_0011","HeroSkillLvUpCount","11250","","Item_Material_SkillLvUp_Common","5","",""
"Achievement_HeroSkillLvUpCount_250","MissionGroup_Achievement","HeroSkillLvUpCount","250","","Str_UI_Mission_AchievementList_0011","HeroSkillLvUpCount","11300","","Item_Material_SkillLvUp_Common","5","",""
"Achievement_HeroSkillLvUpCount_251","MissionGroup_Achievement","HeroSkillLvUpCount","251","","Str_UI_Mission_AchievementList_0011","HeroSkillLvUpCount","11350","","Item_Material_SkillLvUp_Common","5","",""
"Achievement_HeroSkillLvUpCount_252","MissionGroup_Achievement","HeroSkillLvUpCount","252","","Str_UI_Mission_AchievementList_0011","HeroSkillLvUpCount","11400","","Item_Material_SkillLvUp_Common","5","",""
"Achievement_HeroSkillLvUpCount_253","MissionGroup_Achievement","HeroSkillLvUpCount","253","","Str_UI_Mission_AchievementList_0011","HeroSkillLvUpCount","11450","","Item_Material_SkillLvUp_Common","5","",""
"Achievement_HeroSkillLvUpCount_254","MissionGroup_Achievement","HeroSkillLvUpCount","254","","Str_UI_Mission_AchievementList_0011","HeroSkillLvUpCount","11500","","Item_Material_SkillLvUp_Common","5","",""
"Achievement_HeroSkillLvUpCount_255","MissionGroup_Achievement","HeroSkillLvUpCount","255","","Str_UI_Mission_AchievementList_0011","HeroSkillLvUpCount","11550","","Item_Material_SkillLvUp_Common","5","",""
"Achievement_HeroSkillLvUpCount_256","MissionGroup_Achievement","HeroSkillLvUpCount","256","","Str_UI_Mission_AchievementList_0011","HeroSkillLvUpCount","11600","","Item_Material_SkillLvUp_Common","5","",""
"Achievement_HeroSkillLvUpCount_257","MissionGroup_Achievement","HeroSkillLvUpCount","257","","Str_UI_Mission_AchievementList_0011","HeroSkillLvUpCount","11650","","Item_Material_SkillLvUp_Common","5","",""
"Achievement_HeroSkillLvUpCount_258","MissionGroup_Achievement","HeroSkillLvUpCount","258","","Str_UI_Mission_AchievementList_0011","HeroSkillLvUpCount","11700","","Item_Material_SkillLvUp_Common","5","",""
"Achievement_HeroSkillLvUpCount_259","MissionGroup_Achievement","HeroSkillLvUpCount","259","","Str_UI_Mission_AchievementList_0011","HeroSkillLvUpCount","11750","","Item_Material_SkillLvUp_Common","5","",""
"Achievement_HeroSkillLvUpCount_260","MissionGroup_Achievement","HeroSkillLvUpCount","260","","Str_UI_Mission_AchievementList_0011","HeroSkillLvUpCount","11800","","Item_Material_SkillLvUp_Common","5","",""
"Achievement_HeroSkillLvUpCount_261","MissionGroup_Achievement","HeroSkillLvUpCount","261","","Str_UI_Mission_AchievementList_0011","HeroSkillLvUpCount","11850","","Item_Material_SkillLvUp_Common","5","",""
"Achievement_HeroSkillLvUpCount_262","MissionGroup_Achievement","HeroSkillLvUpCount","262","","Str_UI_Mission_AchievementList_0011","HeroSkillLvUpCount","11900","","Item_Material_SkillLvUp_Common","5","",""
"Achievement_HeroSkillLvUpCount_263","MissionGroup_Achievement","HeroSkillLvUpCount","263","","Str_UI_Mission_AchievementList_0011","HeroSkillLvUpCount","11950","","Item_Material_SkillLvUp_Common","5","",""
"Achievement_HeroSkillLvUpCount_264","MissionGroup_Achievement","HeroSkillLvUpCount","264","","Str_UI_Mission_AchievementList_0011","HeroSkillLvUpCount","12000","","Item_Material_SkillLvUp_Common","5","",""
"Achievement_HeroSkillLvUpCount_265","MissionGroup_Achievement","HeroSkillLvUpCount","265","","Str_UI_Mission_AchievementList_0011","HeroSkillLvUpCount","12050","","Item_Material_SkillLvUp_Common","5","",""
"Achievement_HeroSkillLvUpCount_266","MissionGroup_Achievement","HeroSkillLvUpCount","266","","Str_UI_Mission_AchievementList_0011","HeroSkillLvUpCount","12100","","Item_Material_SkillLvUp_Common","5","",""
"Achievement_HeroSkillLvUpCount_267","MissionGroup_Achievement","HeroSkillLvUpCount","267","","Str_UI_Mission_AchievementList_0011","HeroSkillLvUpCount","12150","","Item_Material_SkillLvUp_Common","5","",""
"Achievement_HeroSkillLvUpCount_268","MissionGroup_Achievement","HeroSkillLvUpCount","268","","Str_UI_Mission_AchievementList_0011","HeroSkillLvUpCount","12200","","Item_Material_SkillLvUp_Common","5","",""
"Achievement_HeroSkillLvUpCount_269","MissionGroup_Achievement","HeroSkillLvUpCount","269","","Str_UI_Mission_AchievementList_0011","HeroSkillLvUpCount","12250","","Item_Material_SkillLvUp_Common","5","",""
"Achievement_HeroSkillLvUpCount_270","MissionGroup_Achievement","HeroSkillLvUpCount","270","","Str_UI_Mission_AchievementList_0011","HeroSkillLvUpCount","12300","","Item_Material_SkillLvUp_Common","5","",""
"Achievement_HeroSkillLvUpCount_271","MissionGroup_Achievement","HeroSkillLvUpCount","271","","Str_UI_Mission_AchievementList_0011","HeroSkillLvUpCount","12350","","Item_Material_SkillLvUp_Common","5","",""
"Achievement_HeroSkillLvUpCount_272","MissionGroup_Achievement","HeroSkillLvUpCount","272","","Str_UI_Mission_AchievementList_0011","HeroSkillLvUpCount","12400","","Item_Material_SkillLvUp_Common","5","",""
"Achievement_HeroSkillLvUpCount_273","MissionGroup_Achievement","HeroSkillLvUpCount","273","","Str_UI_Mission_AchievementList_0011","HeroSkillLvUpCount","12450","","Item_Material_SkillLvUp_Common","5","",""
"Achievement_HeroSkillLvUpCount_274","MissionGroup_Achievement","HeroSkillLvUpCount","274","","Str_UI_Mission_AchievementList_0011","HeroSkillLvUpCount","12500","","Item_Material_SkillLvUp_Common","5","",""
"Achievement_HeroSkillLvUpCount_275","MissionGroup_Achievement","HeroSkillLvUpCount","275","","Str_UI_Mission_AchievementList_0011","HeroSkillLvUpCount","12550","","Item_Material_SkillLvUp_Common","5","",""
"Achievement_HeroSkillLvUpCount_276","MissionGroup_Achievement","HeroSkillLvUpCount","276","","Str_UI_Mission_AchievementList_0011","HeroSkillLvUpCount","12600","","Item_Material_SkillLvUp_Common","5","",""
"Achievement_HeroSkillLvUpCount_277","MissionGroup_Achievement","HeroSkillLvUpCount","277","","Str_UI_Mission_AchievementList_0011","HeroSkillLvUpCount","12650","","Item_Material_SkillLvUp_Common","5","",""
"Achievement_HeroSkillLvUpCount_278","MissionGroup_Achievement","HeroSkillLvUpCount","278","","Str_UI_Mission_AchievementList_0011","HeroSkillLvUpCount","12700","","Item_Material_SkillLvUp_Common","5","",""
"Achievement_HeroSkillLvUpCount_279","MissionGroup_Achievement","HeroSkillLvUpCount","279","","Str_UI_Mission_AchievementList_0011","HeroSkillLvUpCount","12750","","Item_Material_SkillLvUp_Common","5","",""
"Achievement_HeroSkillLvUpCount_280","MissionGroup_Achievement","HeroSkillLvUpCount","280","","Str_UI_Mission_AchievementList_0011","HeroSkillLvUpCount","12800","","Item_Material_SkillLvUp_Common","5","",""
"Achievement_HeroSkillLvUpCount_281","MissionGroup_Achievement","HeroSkillLvUpCount","281","","Str_UI_Mission_AchievementList_0011","HeroSkillLvUpCount","12850","","Item_Material_SkillLvUp_Common","5","",""
"Achievement_HeroSkillLvUpCount_282","MissionGroup_Achievement","HeroSkillLvUpCount","282","","Str_UI_Mission_AchievementList_0011","HeroSkillLvUpCount","12900","","Item_Material_SkillLvUp_Common","5","",""
"Achievement_HeroSkillLvUpCount_283","MissionGroup_Achievement","HeroSkillLvUpCount","283","","Str_UI_Mission_AchievementList_0011","HeroSkillLvUpCount","12950","","Item_Material_SkillLvUp_Common","5","",""
"Achievement_HeroSkillLvUpCount_284","MissionGroup_Achievement","HeroSkillLvUpCount","284","","Str_UI_Mission_AchievementList_0011","HeroSkillLvUpCount","13000","","Item_Material_SkillLvUp_Common","5","",""
"Achievement_HeroSkillLvUpCount_285","MissionGroup_Achievement","HeroSkillLvUpCount","285","","Str_UI_Mission_AchievementList_0011","HeroSkillLvUpCount","13050","","Item_Material_SkillLvUp_Common","5","",""
"Achievement_HeroSkillLvUpCount_286","MissionGroup_Achievement","HeroSkillLvUpCount","286","","Str_UI_Mission_AchievementList_0011","HeroSkillLvUpCount","13100","","Item_Material_SkillLvUp_Common","5","",""
"Achievement_HeroSkillLvUpCount_287","MissionGroup_Achievement","HeroSkillLvUpCount","287","","Str_UI_Mission_AchievementList_0011","HeroSkillLvUpCount","13150","","Item_Material_SkillLvUp_Common","5","",""
"Achievement_HeroSkillLvUpCount_288","MissionGroup_Achievement","HeroSkillLvUpCount","288","","Str_UI_Mission_AchievementList_0011","HeroSkillLvUpCount","13200","","Item_Material_SkillLvUp_Common","5","",""
"Achievement_HeroSkillLvUpCount_289","MissionGroup_Achievement","HeroSkillLvUpCount","289","","Str_UI_Mission_AchievementList_0011","HeroSkillLvUpCount","13250","","Item_Material_SkillLvUp_Common","5","",""
"Achievement_HeroSkillLvUpCount_290","MissionGroup_Achievement","HeroSkillLvUpCount","290","","Str_UI_Mission_AchievementList_0011","HeroSkillLvUpCount","13300","","Item_Material_SkillLvUp_Common","5","",""
"Achievement_HeroSkillLvUpCount_291","MissionGroup_Achievement","HeroSkillLvUpCount","291","","Str_UI_Mission_AchievementList_0011","HeroSkillLvUpCount","13350","","Item_Material_SkillLvUp_Common","5","",""
"Achievement_HeroSkillLvUpCount_292","MissionGroup_Achievement","HeroSkillLvUpCount","292","","Str_UI_Mission_AchievementList_0011","HeroSkillLvUpCount","13400","","Item_Material_SkillLvUp_Common","5","",""
"Achievement_HeroSkillLvUpCount_293","MissionGroup_Achievement","HeroSkillLvUpCount","293","","Str_UI_Mission_AchievementList_0011","HeroSkillLvUpCount","13450","","Item_Material_SkillLvUp_Common","5","",""
"Achievement_HeroSkillLvUpCount_294","MissionGroup_Achievement","HeroSkillLvUpCount","294","","Str_UI_Mission_AchievementList_0011","HeroSkillLvUpCount","13500","","Item_Material_SkillLvUp_Common","5","",""
"Achievement_HeroSkillLvUpCount_295","MissionGroup_Achievement","HeroSkillLvUpCount","295","","Str_UI_Mission_AchievementList_0011","HeroSkillLvUpCount","13550","","Item_Material_SkillLvUp_Common","5","",""
"Achievement_HeroSkillLvUpCount_296","MissionGroup_Achievement","HeroSkillLvUpCount","296","","Str_UI_Mission_AchievementList_0011","HeroSkillLvUpCount","13600","","Item_Material_SkillLvUp_Common","5","",""
"Achievement_HeroSkillLvUpCount_297","MissionGroup_Achievement","HeroSkillLvUpCount","297","","Str_UI_Mission_AchievementList_0011","HeroSkillLvUpCount","13650","","Item_Material_SkillLvUp_Common","5","",""
"Achievement_HeroSkillLvUpCount_298","MissionGroup_Achievement","HeroSkillLvUpCount","298","","Str_UI_Mission_AchievementList_0011","HeroSkillLvUpCount","13700","","Item_Material_SkillLvUp_Common","5","",""
"Achievement_HeroSkillLvUpCount_299","MissionGroup_Achievement","HeroSkillLvUpCount","299","","Str_UI_Mission_AchievementList_0011","HeroSkillLvUpCount","13750","","Item_Material_SkillLvUp_Common","5","",""
"Achievement_HeroSkillLvUpCount_300","MissionGroup_Achievement","HeroSkillLvUpCount","300","","Str_UI_Mission_AchievementList_0011","HeroSkillLvUpCount","13800","","Item_Material_SkillLvUp_Common","5","",""
"Achievement_HeroSkillLvUpCount_301","MissionGroup_Achievement","HeroSkillLvUpCount","301","","Str_UI_Mission_AchievementList_0011","HeroSkillLvUpCount","13850","","Item_Material_SkillLvUp_Common","5","",""
"Achievement_HeroSkillLvUpCount_302","MissionGroup_Achievement","HeroSkillLvUpCount","302","","Str_UI_Mission_AchievementList_0011","HeroSkillLvUpCount","13900","","Item_Material_SkillLvUp_Common","5","",""
"Achievement_HeroSkillLvUpCount_303","MissionGroup_Achievement","HeroSkillLvUpCount","303","","Str_UI_Mission_AchievementList_0011","HeroSkillLvUpCount","13950","","Item_Material_SkillLvUp_Common","5","",""
"Achievement_HeroSkillLvUpCount_304","MissionGroup_Achievement","HeroSkillLvUpCount","304","","Str_UI_Mission_AchievementList_0011","HeroSkillLvUpCount","14000","","Item_Material_SkillLvUp_Common","5","",""
"Achievement_HeroSkillLvUpCount_305","MissionGroup_Achievement","HeroSkillLvUpCount","305","","Str_UI_Mission_AchievementList_0011","HeroSkillLvUpCount","14050","","Item_Material_SkillLvUp_Common","5","",""
"Achievement_HeroSkillLvUpCount_306","MissionGroup_Achievement","HeroSkillLvUpCount","306","","Str_UI_Mission_AchievementList_0011","HeroSkillLvUpCount","14100","","Item_Material_SkillLvUp_Common","5","",""
"Achievement_HeroSkillLvUpCount_307","MissionGroup_Achievement","HeroSkillLvUpCount","307","","Str_UI_Mission_AchievementList_0011","HeroSkillLvUpCount","14150","","Item_Material_SkillLvUp_Common","5","",""
"Achievement_HeroSkillLvUpCount_308","MissionGroup_Achievement","HeroSkillLvUpCount","308","","Str_UI_Mission_AchievementList_0011","HeroSkillLvUpCount","14200","","Item_Material_SkillLvUp_Common","5","",""
"Achievement_HeroSkillLvUpCount_309","MissionGroup_Achievement","HeroSkillLvUpCount","309","","Str_UI_Mission_AchievementList_0011","HeroSkillLvUpCount","14250","","Item_Material_SkillLvUp_Common","5","",""
"Achievement_HeroSkillLvUpCount_310","MissionGroup_Achievement","HeroSkillLvUpCount","310","","Str_UI_Mission_AchievementList_0011","HeroSkillLvUpCount","14300","","Item_Material_SkillLvUp_Common","5","",""
"Achievement_HeroSkillLvUpCount_311","MissionGroup_Achievement","HeroSkillLvUpCount","311","","Str_UI_Mission_AchievementList_0011","HeroSkillLvUpCount","14350","","Item_Material_SkillLvUp_Common","5","",""
"Achievement_HeroSkillLvUpCount_312","MissionGroup_Achievement","HeroSkillLvUpCount","312","","Str_UI_Mission_AchievementList_0011","HeroSkillLvUpCount","14400","","Item_Material_SkillLvUp_Common","5","",""
"Achievement_HeroSkillLvUpCount_313","MissionGroup_Achievement","HeroSkillLvUpCount","313","","Str_UI_Mission_AchievementList_0011","HeroSkillLvUpCount","14450","","Item_Material_SkillLvUp_Common","5","",""
"Achievement_HeroSkillLvUpCount_314","MissionGroup_Achievement","HeroSkillLvUpCount","314","","Str_UI_Mission_AchievementList_0011","HeroSkillLvUpCount","14500","","Item_Material_SkillLvUp_Common","5","",""
"Achievement_HeroSkillLvUpCount_315","MissionGroup_Achievement","HeroSkillLvUpCount","315","","Str_UI_Mission_AchievementList_0011","HeroSkillLvUpCount","14550","","Item_Material_SkillLvUp_Common","5","",""
"Achievement_HeroSkillLvUpCount_316","MissionGroup_Achievement","HeroSkillLvUpCount","316","","Str_UI_Mission_AchievementList_0011","HeroSkillLvUpCount","14600","","Item_Material_SkillLvUp_Common","5","",""
"Achievement_HeroSkillLvUpCount_317","MissionGroup_Achievement","HeroSkillLvUpCount","317","","Str_UI_Mission_AchievementList_0011","HeroSkillLvUpCount","14650","","Item_Material_SkillLvUp_Common","5","",""
"Achievement_HeroSkillLvUpCount_318","MissionGroup_Achievement","HeroSkillLvUpCount","318","","Str_UI_Mission_AchievementList_0011","HeroSkillLvUpCount","14700","","Item_Material_SkillLvUp_Common","5","",""
"Achievement_HeroSkillLvUpCount_319","MissionGroup_Achievement","HeroSkillLvUpCount","319","","Str_UI_Mission_AchievementList_0011","HeroSkillLvUpCount","14750","","Item_Material_SkillLvUp_Common","5","",""
"Achievement_HeroSkillLvUpCount_320","MissionGroup_Achievement","HeroSkillLvUpCount","320","","Str_UI_Mission_AchievementList_0011","HeroSkillLvUpCount","14800","","Item_Material_SkillLvUp_Common","5","",""
"Achievement_HeroSkillLvUpCount_321","MissionGroup_Achievement","HeroSkillLvUpCount","321","","Str_UI_Mission_AchievementList_0011","HeroSkillLvUpCount","14850","","Item_Material_SkillLvUp_Common","5","",""
"Achievement_HeroSkillLvUpCount_322","MissionGroup_Achievement","HeroSkillLvUpCount","322","","Str_UI_Mission_AchievementList_0011","HeroSkillLvUpCount","14900","","Item_Material_SkillLvUp_Common","5","",""
"Achievement_HeroSkillLvUpCount_323","MissionGroup_Achievement","HeroSkillLvUpCount","323","","Str_UI_Mission_AchievementList_0011","HeroSkillLvUpCount","14950","","Item_Material_SkillLvUp_Common","5","",""
"Achievement_HeroSkillLvUpCount_324","MissionGroup_Achievement","HeroSkillLvUpCount","324","","Str_UI_Mission_AchievementList_0011","HeroSkillLvUpCount","15000","","Item_Material_SkillLvUp_Common","5","",""
"Achievement_GoldGetCount_01","MissionGroup_Achievement","GoldGetCount","1","","Str_UI_Mission_AchievementList_0013","GoldGetCount","100000","","Coin_TaleStone","20","",""
"Achievement_GoldGetCount_02","MissionGroup_Achievement","GoldGetCount","2","","Str_UI_Mission_AchievementList_0013","GoldGetCount","200000","","Coin_TaleStone","20","",""
"Achievement_GoldGetCount_03","MissionGroup_Achievement","GoldGetCount","3","","Str_UI_Mission_AchievementList_0013","GoldGetCount","300000","","Coin_TaleStone","20","",""
"Achievement_GoldGetCount_04","MissionGroup_Achievement","GoldGetCount","4","","Str_UI_Mission_AchievementList_0013","GoldGetCount","400000","","Coin_TaleStone","20","",""
"Achievement_GoldGetCount_05","MissionGroup_Achievement","GoldGetCount","5","","Str_UI_Mission_AchievementList_0013","GoldGetCount","500000","","Coin_TaleStone","20","",""
"Achievement_GoldGetCount_06","MissionGroup_Achievement","GoldGetCount","6","","Str_UI_Mission_AchievementList_0013","GoldGetCount","600000","","Coin_TaleStone","20","",""
"Achievement_GoldGetCount_07","MissionGroup_Achievement","GoldGetCount","7","","Str_UI_Mission_AchievementList_0013","GoldGetCount","700000","","Coin_TaleStone","20","",""
"Achievement_GoldGetCount_08","MissionGroup_Achievement","GoldGetCount","8","","Str_UI_Mission_AchievementList_0013","GoldGetCount","800000","","Coin_TaleStone","20","",""
"Achievement_GoldGetCount_09","MissionGroup_Achievement","GoldGetCount","9","","Str_UI_Mission_AchievementList_0013","GoldGetCount","900000","","Coin_TaleStone","20","",""
"Achievement_GoldGetCount_10","MissionGroup_Achievement","GoldGetCount","10","","Str_UI_Mission_AchievementList_0013","GoldGetCount","1000000","","Coin_TaleStone","20","",""
"Achievement_GoldGetCount_11","MissionGroup_Achievement","GoldGetCount","11","","Str_UI_Mission_AchievementList_0013","GoldGetCount","1500000","","Coin_TaleStone","20","",""
"Achievement_GoldGetCount_12","MissionGroup_Achievement","GoldGetCount","12","","Str_UI_Mission_AchievementList_0013","GoldGetCount","2000000","","Coin_TaleStone","20","",""
"Achievement_GoldGetCount_13","MissionGroup_Achievement","GoldGetCount","13","","Str_UI_Mission_AchievementList_0013","GoldGetCount","2500000","","Coin_TaleStone","20","",""
"Achievement_GoldGetCount_14","MissionGroup_Achievement","GoldGetCount","14","","Str_UI_Mission_AchievementList_0013","GoldGetCount","3000000","","Coin_TaleStone","20","",""
"Achievement_GoldGetCount_15","MissionGroup_Achievement","GoldGetCount","15","","Str_UI_Mission_AchievementList_0013","GoldGetCount","3500000","","Coin_TaleStone","20","",""
"Achievement_GoldGetCount_16","MissionGroup_Achievement","GoldGetCount","16","","Str_UI_Mission_AchievementList_0013","GoldGetCount","4000000","","Coin_TaleStone","20","",""
"Achievement_GoldGetCount_17","MissionGroup_Achievement","GoldGetCount","17","","Str_UI_Mission_AchievementList_0013","GoldGetCount","4500000","","Coin_TaleStone","20","",""
"Achievement_GoldGetCount_18","MissionGroup_Achievement","GoldGetCount","18","","Str_UI_Mission_AchievementList_0013","GoldGetCount","5000000","","Coin_TaleStone","20","",""
"Achievement_GoldGetCount_19","MissionGroup_Achievement","GoldGetCount","19","","Str_UI_Mission_AchievementList_0013","GoldGetCount","5500000","","Coin_TaleStone","20","",""
"Achievement_GoldGetCount_20","MissionGroup_Achievement","GoldGetCount","20","","Str_UI_Mission_AchievementList_0013","GoldGetCount","6000000","","Coin_TaleStone","20","",""
"Achievement_GoldGetCount_21","MissionGroup_Achievement","GoldGetCount","21","","Str_UI_Mission_AchievementList_0013","GoldGetCount","6500000","","Coin_TaleStone","20","",""
"Achievement_GoldGetCount_22","MissionGroup_Achievement","GoldGetCount","22","","Str_UI_Mission_AchievementList_0013","GoldGetCount","7000000","","Coin_TaleStone","20","",""
"Achievement_GoldGetCount_23","MissionGroup_Achievement","GoldGetCount","23","","Str_UI_Mission_AchievementList_0013","GoldGetCount","7500000","","Coin_TaleStone","20","",""
"Achievement_GoldGetCount_24","MissionGroup_Achievement","GoldGetCount","24","","Str_UI_Mission_AchievementList_0013","GoldGetCount","8000000","","Coin_TaleStone","20","",""
"Achievement_GoldGetCount_25","MissionGroup_Achievement","GoldGetCount","25","","Str_UI_Mission_AchievementList_0013","GoldGetCount","8500000","","Coin_TaleStone","20","",""
"Achievement_GoldGetCount_26","MissionGroup_Achievement","GoldGetCount","26","","Str_UI_Mission_AchievementList_0013","GoldGetCount","9000000","","Coin_TaleStone","20","",""
"Achievement_GoldGetCount_27","MissionGroup_Achievement","GoldGetCount","27","","Str_UI_Mission_AchievementList_0013","GoldGetCount","9500000","","Coin_TaleStone","20","",""
"Achievement_GoldGetCount_28","MissionGroup_Achievement","GoldGetCount","28","","Str_UI_Mission_AchievementList_0013","GoldGetCount","10000000","","Coin_TaleStone","20","",""
"Achievement_GoldGetCount_29","MissionGroup_Achievement","GoldGetCount","29","","Str_UI_Mission_AchievementList_0013","GoldGetCount","11000000","","Coin_TaleStone","20","",""
"Achievement_GoldGetCount_30","MissionGroup_Achievement","GoldGetCount","30","","Str_UI_Mission_AchievementList_0013","GoldGetCount","12000000","","Coin_TaleStone","20","",""
"Achievement_GoldGetCount_31","MissionGroup_Achievement","GoldGetCount","31","","Str_UI_Mission_AchievementList_0013","GoldGetCount","13000000","","Coin_TaleStone","20","",""
"Achievement_GoldGetCount_32","MissionGroup_Achievement","GoldGetCount","32","","Str_UI_Mission_AchievementList_0013","GoldGetCount","14000000","","Coin_TaleStone","20","",""
"Achievement_GoldGetCount_33","MissionGroup_Achievement","GoldGetCount","33","","Str_UI_Mission_AchievementList_0013","GoldGetCount","15000000","","Coin_TaleStone","20","",""
"Achievement_GoldGetCount_34","MissionGroup_Achievement","GoldGetCount","34","","Str_UI_Mission_AchievementList_0013","GoldGetCount","16000000","","Coin_TaleStone","20","",""
"Achievement_GoldGetCount_35","MissionGroup_Achievement","GoldGetCount","35","","Str_UI_Mission_AchievementList_0013","GoldGetCount","17000000","","Coin_TaleStone","20","",""
"Achievement_GoldGetCount_36","MissionGroup_Achievement","GoldGetCount","36","","Str_UI_Mission_AchievementList_0013","GoldGetCount","18000000","","Coin_TaleStone","20","",""
"Achievement_GoldGetCount_37","MissionGroup_Achievement","GoldGetCount","37","","Str_UI_Mission_AchievementList_0013","GoldGetCount","19000000","","Coin_TaleStone","20","",""
"Achievement_GoldGetCount_38","MissionGroup_Achievement","GoldGetCount","38","","Str_UI_Mission_AchievementList_0013","GoldGetCount","20000000","","Coin_TaleStone","20","",""
"Achievement_GoldGetCount_39","MissionGroup_Achievement","GoldGetCount","39","","Str_UI_Mission_AchievementList_0013","GoldGetCount","25000000","","Coin_TaleStone","20","",""
"Achievement_GoldGetCount_40","MissionGroup_Achievement","GoldGetCount","40","","Str_UI_Mission_AchievementList_0013","GoldGetCount","30000000","","Coin_TaleStone","20","",""
"Achievement_GoldGetCount_41","MissionGroup_Achievement","GoldGetCount","41","","Str_UI_Mission_AchievementList_0013","GoldGetCount","35000000","","Coin_TaleStone","20","",""
"Achievement_GoldGetCount_42","MissionGroup_Achievement","GoldGetCount","42","","Str_UI_Mission_AchievementList_0013","GoldGetCount","40000000","","Coin_TaleStone","20","",""
"Achievement_GoldGetCount_43","MissionGroup_Achievement","GoldGetCount","43","","Str_UI_Mission_AchievementList_0013","GoldGetCount","45000000","","Coin_TaleStone","20","",""
"Achievement_GoldGetCount_44","MissionGroup_Achievement","GoldGetCount","44","","Str_UI_Mission_AchievementList_0013","GoldGetCount","50000000","","Coin_TaleStone","20","",""
"Achievement_GoldGetCount_45","MissionGroup_Achievement","GoldGetCount","45","","Str_UI_Mission_AchievementList_0013","GoldGetCount","55000000","","Coin_TaleStone","20","",""
"Achievement_GoldGetCount_46","MissionGroup_Achievement","GoldGetCount","46","","Str_UI_Mission_AchievementList_0013","GoldGetCount","60000000","","Coin_TaleStone","20","",""
"Achievement_GoldGetCount_47","MissionGroup_Achievement","GoldGetCount","47","","Str_UI_Mission_AchievementList_0013","GoldGetCount","65000000","","Coin_TaleStone","20","",""
"Achievement_GoldGetCount_48","MissionGroup_Achievement","GoldGetCount","48","","Str_UI_Mission_AchievementList_0013","GoldGetCount","70000000","","Coin_TaleStone","20","",""
"Achievement_GoldGetCount_49","MissionGroup_Achievement","GoldGetCount","49","","Str_UI_Mission_AchievementList_0013","GoldGetCount","75000000","","Coin_TaleStone","20","",""
"Achievement_GoldGetCount_50","MissionGroup_Achievement","GoldGetCount","50","","Str_UI_Mission_AchievementList_0013","GoldGetCount","80000000","","Coin_TaleStone","20","",""
"Achievement_GoldGetCount_51","MissionGroup_Achievement","GoldGetCount","51","","Str_UI_Mission_AchievementList_0013","GoldGetCount","85000000","","Coin_TaleStone","20","",""
"Achievement_GoldGetCount_52","MissionGroup_Achievement","GoldGetCount","52","","Str_UI_Mission_AchievementList_0013","GoldGetCount","90000000","","Coin_TaleStone","20","",""
"Achievement_GoldGetCount_53","MissionGroup_Achievement","GoldGetCount","53","","Str_UI_Mission_AchievementList_0013","GoldGetCount","95000000","","Coin_TaleStone","20","",""
"Achievement_GoldGetCount_54","MissionGroup_Achievement","GoldGetCount","54","","Str_UI_Mission_AchievementList_0013","GoldGetCount","100000000","","Coin_TaleStone","20","",""
"Achievement_GoldGetCount_55","MissionGroup_Achievement","GoldGetCount","55","","Str_UI_Mission_AchievementList_0013","GoldGetCount","110000000","","Coin_TaleStone","20","",""
"Achievement_GoldGetCount_56","MissionGroup_Achievement","GoldGetCount","56","","Str_UI_Mission_AchievementList_0013","GoldGetCount","120000000","","Coin_TaleStone","20","",""
"Achievement_GoldGetCount_57","MissionGroup_Achievement","GoldGetCount","57","","Str_UI_Mission_AchievementList_0013","GoldGetCount","130000000","","Coin_TaleStone","20","",""
"Achievement_GoldGetCount_58","MissionGroup_Achievement","GoldGetCount","58","","Str_UI_Mission_AchievementList_0013","GoldGetCount","140000000","","Coin_TaleStone","20","",""
"Achievement_GoldGetCount_59","MissionGroup_Achievement","GoldGetCount","59","","Str_UI_Mission_AchievementList_0013","GoldGetCount","150000000","","Coin_TaleStone","20","",""
"Achievement_GoldGetCount_60","MissionGroup_Achievement","GoldGetCount","60","","Str_UI_Mission_AchievementList_0013","GoldGetCount","160000000","","Coin_TaleStone","20","",""
"Achievement_GoldGetCount_61","MissionGroup_Achievement","GoldGetCount","61","","Str_UI_Mission_AchievementList_0013","GoldGetCount","170000000","","Coin_TaleStone","20","",""
"Achievement_GoldGetCount_62","MissionGroup_Achievement","GoldGetCount","62","","Str_UI_Mission_AchievementList_0013","GoldGetCount","180000000","","Coin_TaleStone","20","",""
"Achievement_GoldGetCount_63","MissionGroup_Achievement","GoldGetCount","63","","Str_UI_Mission_AchievementList_0013","GoldGetCount","190000000","","Coin_TaleStone","20","",""
"Achievement_GoldGetCount_64","MissionGroup_Achievement","GoldGetCount","64","","Str_UI_Mission_AchievementList_0013","GoldGetCount","200000000","","Coin_TaleStone","20","",""
"Achievement_GoldGetCount_65","MissionGroup_Achievement","GoldGetCount","65","","Str_UI_Mission_AchievementList_0013","GoldGetCount","210000000","","Coin_TaleStone","20","",""
"Achievement_GoldGetCount_66","MissionGroup_Achievement","GoldGetCount","66","","Str_UI_Mission_AchievementList_0013","GoldGetCount","220000000","","Coin_TaleStone","20","",""
"Achievement_GoldGetCount_67","MissionGroup_Achievement","GoldGetCount","67","","Str_UI_Mission_AchievementList_0013","GoldGetCount","230000000","","Coin_TaleStone","20","",""
"Achievement_GoldGetCount_68","MissionGroup_Achievement","GoldGetCount","68","","Str_UI_Mission_AchievementList_0013","GoldGetCount","240000000","","Coin_TaleStone","20","",""
"Achievement_GoldGetCount_69","MissionGroup_Achievement","GoldGetCount","69","","Str_UI_Mission_AchievementList_0013","GoldGetCount","250000000","","Coin_TaleStone","20","",""
"Achievement_GoldGetCount_70","MissionGroup_Achievement","GoldGetCount","70","","Str_UI_Mission_AchievementList_0013","GoldGetCount","260000000","","Coin_TaleStone","20","",""
"Achievement_GoldGetCount_71","MissionGroup_Achievement","GoldGetCount","71","","Str_UI_Mission_AchievementList_0013","GoldGetCount","270000000","","Coin_TaleStone","20","",""
"Achievement_GoldGetCount_72","MissionGroup_Achievement","GoldGetCount","72","","Str_UI_Mission_AchievementList_0013","GoldGetCount","280000000","","Coin_TaleStone","20","",""
"Achievement_GoldGetCount_73","MissionGroup_Achievement","GoldGetCount","73","","Str_UI_Mission_AchievementList_0013","GoldGetCount","290000000","","Coin_TaleStone","20","",""
"Achievement_GoldGetCount_74","MissionGroup_Achievement","GoldGetCount","74","","Str_UI_Mission_AchievementList_0013","GoldGetCount","300000000","","Coin_TaleStone","20","",""
"Achievement_GoldGetCount_75","MissionGroup_Achievement","GoldGetCount","75","","Str_UI_Mission_AchievementList_0013","GoldGetCount","310000000","","Coin_TaleStone","20","",""
"Achievement_GoldGetCount_76","MissionGroup_Achievement","GoldGetCount","76","","Str_UI_Mission_AchievementList_0013","GoldGetCount","320000000","","Coin_TaleStone","20","",""
"Achievement_GoldGetCount_77","MissionGroup_Achievement","GoldGetCount","77","","Str_UI_Mission_AchievementList_0013","GoldGetCount","330000000","","Coin_TaleStone","20","",""
"Achievement_GoldGetCount_78","MissionGroup_Achievement","GoldGetCount","78","","Str_UI_Mission_AchievementList_0013","GoldGetCount","340000000","","Coin_TaleStone","20","",""
"Achievement_GoldGetCount_79","MissionGroup_Achievement","GoldGetCount","79","","Str_UI_Mission_AchievementList_0013","GoldGetCount","350000000","","Coin_TaleStone","20","",""
"Achievement_GoldGetCount_80","MissionGroup_Achievement","GoldGetCount","80","","Str_UI_Mission_AchievementList_0013","GoldGetCount","360000000","","Coin_TaleStone","20","",""
"Achievement_GoldGetCount_81","MissionGroup_Achievement","GoldGetCount","81","","Str_UI_Mission_AchievementList_0013","GoldGetCount","370000000","","Coin_TaleStone","20","",""
"Achievement_GoldGetCount_82","MissionGroup_Achievement","GoldGetCount","82","","Str_UI_Mission_AchievementList_0013","GoldGetCount","380000000","","Coin_TaleStone","20","",""
"Achievement_GoldGetCount_83","MissionGroup_Achievement","GoldGetCount","83","","Str_UI_Mission_AchievementList_0013","GoldGetCount","390000000","","Coin_TaleStone","20","",""
"Achievement_GoldGetCount_84","MissionGroup_Achievement","GoldGetCount","84","","Str_UI_Mission_AchievementList_0013","GoldGetCount","400000000","","Coin_TaleStone","20","",""
"Achievement_GoldGetCount_85","MissionGroup_Achievement","GoldGetCount","85","","Str_UI_Mission_AchievementList_0013","GoldGetCount","410000000","","Coin_TaleStone","20","",""
"Achievement_GoldGetCount_86","MissionGroup_Achievement","GoldGetCount","86","","Str_UI_Mission_AchievementList_0013","GoldGetCount","420000000","","Coin_TaleStone","20","",""
"Achievement_GoldGetCount_87","MissionGroup_Achievement","GoldGetCount","87","","Str_UI_Mission_AchievementList_0013","GoldGetCount","430000000","","Coin_TaleStone","20","",""
"Achievement_GoldGetCount_88","MissionGroup_Achievement","GoldGetCount","88","","Str_UI_Mission_AchievementList_0013","GoldGetCount","440000000","","Coin_TaleStone","20","",""
"Achievement_GoldGetCount_89","MissionGroup_Achievement","GoldGetCount","89","","Str_UI_Mission_AchievementList_0013","GoldGetCount","450000000","","Coin_TaleStone","20","",""
"Achievement_GoldGetCount_90","MissionGroup_Achievement","GoldGetCount","90","","Str_UI_Mission_AchievementList_0013","GoldGetCount","460000000","","Coin_TaleStone","20","",""
"Achievement_GoldGetCount_91","MissionGroup_Achievement","GoldGetCount","91","","Str_UI_Mission_AchievementList_0013","GoldGetCount","470000000","","Coin_TaleStone","20","",""
"Achievement_GoldGetCount_92","MissionGroup_Achievement","GoldGetCount","92","","Str_UI_Mission_AchievementList_0013","GoldGetCount","480000000","","Coin_TaleStone","20","",""
"Achievement_GoldGetCount_93","MissionGroup_Achievement","GoldGetCount","93","","Str_UI_Mission_AchievementList_0013","GoldGetCount","490000000","","Coin_TaleStone","20","",""
"Achievement_GoldGetCount_94","MissionGroup_Achievement","GoldGetCount","94","","Str_UI_Mission_AchievementList_0013","GoldGetCount","500000000","","Coin_TaleStone","20","",""
"Achievement_GoldGetCount_95","MissionGroup_Achievement","GoldGetCount","95","","Str_UI_Mission_AchievementList_0013","GoldGetCount","510000000","","Coin_TaleStone","20","",""
"Achievement_GoldGetCount_96","MissionGroup_Achievement","GoldGetCount","96","","Str_UI_Mission_AchievementList_0013","GoldGetCount","520000000","","Coin_TaleStone","20","",""
"Achievement_GoldGetCount_97","MissionGroup_Achievement","GoldGetCount","97","","Str_UI_Mission_AchievementList_0013","GoldGetCount","530000000","","Coin_TaleStone","20","",""
"Achievement_GoldGetCount_98","MissionGroup_Achievement","GoldGetCount","98","","Str_UI_Mission_AchievementList_0013","GoldGetCount","540000000","","Coin_TaleStone","20","",""
"Achievement_GoldGetCount_99","MissionGroup_Achievement","GoldGetCount","99","","Str_UI_Mission_AchievementList_0013","GoldGetCount","550000000","","Coin_TaleStone","20","",""
"Achievement_GoldGetCount_100","MissionGroup_Achievement","GoldGetCount","100","","Str_UI_Mission_AchievementList_0013","GoldGetCount","560000000","","Coin_TaleStone","20","",""
"Achievement_GoldGetCount_101","MissionGroup_Achievement","GoldGetCount","101","","Str_UI_Mission_AchievementList_0013","GoldGetCount","570000000","","Coin_TaleStone","20","",""
"Achievement_GoldGetCount_102","MissionGroup_Achievement","GoldGetCount","102","","Str_UI_Mission_AchievementList_0013","GoldGetCount","580000000","","Coin_TaleStone","20","",""
"Achievement_GoldGetCount_103","MissionGroup_Achievement","GoldGetCount","103","","Str_UI_Mission_AchievementList_0013","GoldGetCount","590000000","","Coin_TaleStone","20","",""
"Achievement_GoldGetCount_104","MissionGroup_Achievement","GoldGetCount","104","","Str_UI_Mission_AchievementList_0013","GoldGetCount","600000000","","Coin_TaleStone","20","",""
"Achievement_GoldGetCount_105","MissionGroup_Achievement","GoldGetCount","105","","Str_UI_Mission_AchievementList_0013","GoldGetCount","610000000","","Coin_TaleStone","20","",""
"Achievement_GoldGetCount_106","MissionGroup_Achievement","GoldGetCount","106","","Str_UI_Mission_AchievementList_0013","GoldGetCount","620000000","","Coin_TaleStone","20","",""
"Achievement_GoldGetCount_107","MissionGroup_Achievement","GoldGetCount","107","","Str_UI_Mission_AchievementList_0013","GoldGetCount","630000000","","Coin_TaleStone","20","",""
"Achievement_GoldGetCount_108","MissionGroup_Achievement","GoldGetCount","108","","Str_UI_Mission_AchievementList_0013","GoldGetCount","640000000","","Coin_TaleStone","20","",""
"Achievement_GoldGetCount_109","MissionGroup_Achievement","GoldGetCount","109","","Str_UI_Mission_AchievementList_0013","GoldGetCount","650000000","","Coin_TaleStone","20","",""
"Achievement_GoldGetCount_110","MissionGroup_Achievement","GoldGetCount","110","","Str_UI_Mission_AchievementList_0013","GoldGetCount","660000000","","Coin_TaleStone","20","",""
"Achievement_GoldGetCount_111","MissionGroup_Achievement","GoldGetCount","111","","Str_UI_Mission_AchievementList_0013","GoldGetCount","670000000","","Coin_TaleStone","20","",""
"Achievement_GoldGetCount_112","MissionGroup_Achievement","GoldGetCount","112","","Str_UI_Mission_AchievementList_0013","GoldGetCount","680000000","","Coin_TaleStone","20","",""
"Achievement_GoldGetCount_113","MissionGroup_Achievement","GoldGetCount","113","","Str_UI_Mission_AchievementList_0013","GoldGetCount","690000000","","Coin_TaleStone","20","",""
"Achievement_GoldGetCount_114","MissionGroup_Achievement","GoldGetCount","114","","Str_UI_Mission_AchievementList_0013","GoldGetCount","700000000","","Coin_TaleStone","20","",""
"Achievement_GoldGetCount_115","MissionGroup_Achievement","GoldGetCount","115","","Str_UI_Mission_AchievementList_0013","GoldGetCount","710000000","","Coin_TaleStone","20","",""
"Achievement_GoldGetCount_116","MissionGroup_Achievement","GoldGetCount","116","","Str_UI_Mission_AchievementList_0013","GoldGetCount","720000000","","Coin_TaleStone","20","",""
"Achievement_GoldGetCount_117","MissionGroup_Achievement","GoldGetCount","117","","Str_UI_Mission_AchievementList_0013","GoldGetCount","730000000","","Coin_TaleStone","20","",""
"Achievement_GoldGetCount_118","MissionGroup_Achievement","GoldGetCount","118","","Str_UI_Mission_AchievementList_0013","GoldGetCount","740000000","","Coin_TaleStone","20","",""
"Achievement_GoldGetCount_119","MissionGroup_Achievement","GoldGetCount","119","","Str_UI_Mission_AchievementList_0013","GoldGetCount","750000000","","Coin_TaleStone","20","",""
"Achievement_GoldGetCount_120","MissionGroup_Achievement","GoldGetCount","120","","Str_UI_Mission_AchievementList_0013","GoldGetCount","760000000","","Coin_TaleStone","20","",""
"Achievement_GoldGetCount_121","MissionGroup_Achievement","GoldGetCount","121","","Str_UI_Mission_AchievementList_0013","GoldGetCount","770000000","","Coin_TaleStone","20","",""
"Achievement_GoldGetCount_122","MissionGroup_Achievement","GoldGetCount","122","","Str_UI_Mission_AchievementList_0013","GoldGetCount","780000000","","Coin_TaleStone","20","",""
"Achievement_GoldGetCount_123","MissionGroup_Achievement","GoldGetCount","123","","Str_UI_Mission_AchievementList_0013","GoldGetCount","790000000","","Coin_TaleStone","20","",""
"Achievement_GoldGetCount_124","MissionGroup_Achievement","GoldGetCount","124","","Str_UI_Mission_AchievementList_0013","GoldGetCount","800000000","","Coin_TaleStone","20","",""
"Achievement_GoldGetCount_125","MissionGroup_Achievement","GoldGetCount","125","","Str_UI_Mission_AchievementList_0013","GoldGetCount","810000000","","Coin_TaleStone","20","",""
"Achievement_GoldGetCount_126","MissionGroup_Achievement","GoldGetCount","126","","Str_UI_Mission_AchievementList_0013","GoldGetCount","820000000","","Coin_TaleStone","20","",""
"Achievement_GoldGetCount_127","MissionGroup_Achievement","GoldGetCount","127","","Str_UI_Mission_AchievementList_0013","GoldGetCount","830000000","","Coin_TaleStone","20","",""
"Achievement_GoldGetCount_128","MissionGroup_Achievement","GoldGetCount","128","","Str_UI_Mission_AchievementList_0013","GoldGetCount","840000000","","Coin_TaleStone","20","",""
"Achievement_GoldGetCount_129","MissionGroup_Achievement","GoldGetCount","129","","Str_UI_Mission_AchievementList_0013","GoldGetCount","850000000","","Coin_TaleStone","20","",""
"Achievement_GoldGetCount_130","MissionGroup_Achievement","GoldGetCount","130","","Str_UI_Mission_AchievementList_0013","GoldGetCount","860000000","","Coin_TaleStone","20","",""
"Achievement_GoldGetCount_131","MissionGroup_Achievement","GoldGetCount","131","","Str_UI_Mission_AchievementList_0013","GoldGetCount","870000000","","Coin_TaleStone","20","",""
"Achievement_GoldGetCount_132","MissionGroup_Achievement","GoldGetCount","132","","Str_UI_Mission_AchievementList_0013","GoldGetCount","880000000","","Coin_TaleStone","20","",""
"Achievement_GoldGetCount_133","MissionGroup_Achievement","GoldGetCount","133","","Str_UI_Mission_AchievementList_0013","GoldGetCount","890000000","","Coin_TaleStone","20","",""
"Achievement_GoldGetCount_134","MissionGroup_Achievement","GoldGetCount","134","","Str_UI_Mission_AchievementList_0013","GoldGetCount","900000000","","Coin_TaleStone","20","",""
"Achievement_GoldGetCount_135","MissionGroup_Achievement","GoldGetCount","135","","Str_UI_Mission_AchievementList_0013","GoldGetCount","910000000","","Coin_TaleStone","20","",""
"Achievement_GoldGetCount_136","MissionGroup_Achievement","GoldGetCount","136","","Str_UI_Mission_AchievementList_0013","GoldGetCount","920000000","","Coin_TaleStone","20","",""
"Achievement_GoldGetCount_137","MissionGroup_Achievement","GoldGetCount","137","","Str_UI_Mission_AchievementList_0013","GoldGetCount","930000000","","Coin_TaleStone","20","",""
"Achievement_GoldGetCount_138","MissionGroup_Achievement","GoldGetCount","138","","Str_UI_Mission_AchievementList_0013","GoldGetCount","940000000","","Coin_TaleStone","20","",""
"Achievement_GoldGetCount_139","MissionGroup_Achievement","GoldGetCount","139","","Str_UI_Mission_AchievementList_0013","GoldGetCount","950000000","","Coin_TaleStone","20","",""
"Achievement_GoldGetCount_140","MissionGroup_Achievement","GoldGetCount","140","","Str_UI_Mission_AchievementList_0013","GoldGetCount","960000000","","Coin_TaleStone","20","",""
"Achievement_GoldGetCount_141","MissionGroup_Achievement","GoldGetCount","141","","Str_UI_Mission_AchievementList_0013","GoldGetCount","970000000","","Coin_TaleStone","20","",""
"Achievement_GoldGetCount_142","MissionGroup_Achievement","GoldGetCount","142","","Str_UI_Mission_AchievementList_0013","GoldGetCount","980000000","","Coin_TaleStone","20","",""
"Achievement_GoldGetCount_143","MissionGroup_Achievement","GoldGetCount","143","","Str_UI_Mission_AchievementList_0013","GoldGetCount","990000000","","Coin_TaleStone","20","",""
"Achievement_GoldGetCount_144","MissionGroup_Achievement","GoldGetCount","144","","Str_UI_Mission_AchievementList_0013","GoldGetCount","1000000000","","Coin_TaleStone","20","",""
"Achievement_GoldUseCount_01","MissionGroup_Achievement","GoldUseCount","1","","Str_UI_Mission_AchievementList_0014","GoldUseCount","100000","","Coin_TaleStone","20","",""
"Achievement_GoldUseCount_02","MissionGroup_Achievement","GoldUseCount","2","","Str_UI_Mission_AchievementList_0014","GoldUseCount","200000","","Coin_TaleStone","20","",""
"Achievement_GoldUseCount_03","MissionGroup_Achievement","GoldUseCount","3","","Str_UI_Mission_AchievementList_0014","GoldUseCount","300000","","Coin_TaleStone","20","",""
"Achievement_GoldUseCount_04","MissionGroup_Achievement","GoldUseCount","4","","Str_UI_Mission_AchievementList_0014","GoldUseCount","400000","","Coin_TaleStone","20","",""
"Achievement_GoldUseCount_05","MissionGroup_Achievement","GoldUseCount","5","","Str_UI_Mission_AchievementList_0014","GoldUseCount","500000","","Coin_TaleStone","20","",""
"Achievement_GoldUseCount_06","MissionGroup_Achievement","GoldUseCount","6","","Str_UI_Mission_AchievementList_0014","GoldUseCount","600000","","Coin_TaleStone","20","",""
"Achievement_GoldUseCount_07","MissionGroup_Achievement","GoldUseCount","7","","Str_UI_Mission_AchievementList_0014","GoldUseCount","700000","","Coin_TaleStone","20","",""
"Achievement_GoldUseCount_08","MissionGroup_Achievement","GoldUseCount","8","","Str_UI_Mission_AchievementList_0014","GoldUseCount","800000","","Coin_TaleStone","20","",""
"Achievement_GoldUseCount_09","MissionGroup_Achievement","GoldUseCount","9","","Str_UI_Mission_AchievementList_0014","GoldUseCount","900000","","Coin_TaleStone","20","",""
"Achievement_GoldUseCount_10","MissionGroup_Achievement","GoldUseCount","10","","Str_UI_Mission_AchievementList_0014","GoldUseCount","1000000","","Coin_TaleStone","20","",""
"Achievement_GoldUseCount_11","MissionGroup_Achievement","GoldUseCount","11","","Str_UI_Mission_AchievementList_0014","GoldUseCount","1500000","","Coin_TaleStone","20","",""
"Achievement_GoldUseCount_12","MissionGroup_Achievement","GoldUseCount","12","","Str_UI_Mission_AchievementList_0014","GoldUseCount","2000000","","Coin_TaleStone","20","",""
"Achievement_GoldUseCount_13","MissionGroup_Achievement","GoldUseCount","13","","Str_UI_Mission_AchievementList_0014","GoldUseCount","2500000","","Coin_TaleStone","20","",""
"Achievement_GoldUseCount_14","MissionGroup_Achievement","GoldUseCount","14","","Str_UI_Mission_AchievementList_0014","GoldUseCount","3000000","","Coin_TaleStone","20","",""
"Achievement_GoldUseCount_15","MissionGroup_Achievement","GoldUseCount","15","","Str_UI_Mission_AchievementList_0014","GoldUseCount","3500000","","Coin_TaleStone","20","",""
"Achievement_GoldUseCount_16","MissionGroup_Achievement","GoldUseCount","16","","Str_UI_Mission_AchievementList_0014","GoldUseCount","4000000","","Coin_TaleStone","20","",""
"Achievement_GoldUseCount_17","MissionGroup_Achievement","GoldUseCount","17","","Str_UI_Mission_AchievementList_0014","GoldUseCount","4500000","","Coin_TaleStone","20","",""
"Achievement_GoldUseCount_18","MissionGroup_Achievement","GoldUseCount","18","","Str_UI_Mission_AchievementList_0014","GoldUseCount","5000000","","Coin_TaleStone","20","",""
"Achievement_GoldUseCount_19","MissionGroup_Achievement","GoldUseCount","19","","Str_UI_Mission_AchievementList_0014","GoldUseCount","5500000","","Coin_TaleStone","20","",""
"Achievement_GoldUseCount_20","MissionGroup_Achievement","GoldUseCount","20","","Str_UI_Mission_AchievementList_0014","GoldUseCount","6000000","","Coin_TaleStone","20","",""
"Achievement_GoldUseCount_21","MissionGroup_Achievement","GoldUseCount","21","","Str_UI_Mission_AchievementList_0014","GoldUseCount","6500000","","Coin_TaleStone","20","",""
"Achievement_GoldUseCount_22","MissionGroup_Achievement","GoldUseCount","22","","Str_UI_Mission_AchievementList_0014","GoldUseCount","7000000","","Coin_TaleStone","20","",""
"Achievement_GoldUseCount_23","MissionGroup_Achievement","GoldUseCount","23","","Str_UI_Mission_AchievementList_0014","GoldUseCount","7500000","","Coin_TaleStone","20","",""
"Achievement_GoldUseCount_24","MissionGroup_Achievement","GoldUseCount","24","","Str_UI_Mission_AchievementList_0014","GoldUseCount","8000000","","Coin_TaleStone","20","",""
"Achievement_GoldUseCount_25","MissionGroup_Achievement","GoldUseCount","25","","Str_UI_Mission_AchievementList_0014","GoldUseCount","8500000","","Coin_TaleStone","20","",""
"Achievement_GoldUseCount_26","MissionGroup_Achievement","GoldUseCount","26","","Str_UI_Mission_AchievementList_0014","GoldUseCount","9000000","","Coin_TaleStone","20","",""
"Achievement_GoldUseCount_27","MissionGroup_Achievement","GoldUseCount","27","","Str_UI_Mission_AchievementList_0014","GoldUseCount","9500000","","Coin_TaleStone","20","",""
"Achievement_GoldUseCount_28","MissionGroup_Achievement","GoldUseCount","28","","Str_UI_Mission_AchievementList_0014","GoldUseCount","10000000","","Coin_TaleStone","20","",""
"Achievement_GoldUseCount_29","MissionGroup_Achievement","GoldUseCount","29","","Str_UI_Mission_AchievementList_0014","GoldUseCount","11000000","","Coin_TaleStone","20","",""
"Achievement_GoldUseCount_30","MissionGroup_Achievement","GoldUseCount","30","","Str_UI_Mission_AchievementList_0014","GoldUseCount","12000000","","Coin_TaleStone","20","",""
"Achievement_GoldUseCount_31","MissionGroup_Achievement","GoldUseCount","31","","Str_UI_Mission_AchievementList_0014","GoldUseCount","13000000","","Coin_TaleStone","20","",""
"Achievement_GoldUseCount_32","MissionGroup_Achievement","GoldUseCount","32","","Str_UI_Mission_AchievementList_0014","GoldUseCount","14000000","","Coin_TaleStone","20","",""
"Achievement_GoldUseCount_33","MissionGroup_Achievement","GoldUseCount","33","","Str_UI_Mission_AchievementList_0014","GoldUseCount","15000000","","Coin_TaleStone","20","",""
"Achievement_GoldUseCount_34","MissionGroup_Achievement","GoldUseCount","34","","Str_UI_Mission_AchievementList_0014","GoldUseCount","16000000","","Coin_TaleStone","20","",""
"Achievement_GoldUseCount_35","MissionGroup_Achievement","GoldUseCount","35","","Str_UI_Mission_AchievementList_0014","GoldUseCount","17000000","","Coin_TaleStone","20","",""
"Achievement_GoldUseCount_36","MissionGroup_Achievement","GoldUseCount","36","","Str_UI_Mission_AchievementList_0014","GoldUseCount","18000000","","Coin_TaleStone","20","",""
"Achievement_GoldUseCount_37","MissionGroup_Achievement","GoldUseCount","37","","Str_UI_Mission_AchievementList_0014","GoldUseCount","19000000","","Coin_TaleStone","20","",""
"Achievement_GoldUseCount_38","MissionGroup_Achievement","GoldUseCount","38","","Str_UI_Mission_AchievementList_0014","GoldUseCount","20000000","","Coin_TaleStone","20","",""
"Achievement_GoldUseCount_39","MissionGroup_Achievement","GoldUseCount","39","","Str_UI_Mission_AchievementList_0014","GoldUseCount","25000000","","Coin_TaleStone","20","",""
"Achievement_GoldUseCount_40","MissionGroup_Achievement","GoldUseCount","40","","Str_UI_Mission_AchievementList_0014","GoldUseCount","30000000","","Coin_TaleStone","20","",""
"Achievement_GoldUseCount_41","MissionGroup_Achievement","GoldUseCount","41","","Str_UI_Mission_AchievementList_0014","GoldUseCount","35000000","","Coin_TaleStone","20","",""
"Achievement_GoldUseCount_42","MissionGroup_Achievement","GoldUseCount","42","","Str_UI_Mission_AchievementList_0014","GoldUseCount","40000000","","Coin_TaleStone","20","",""
"Achievement_GoldUseCount_43","MissionGroup_Achievement","GoldUseCount","43","","Str_UI_Mission_AchievementList_0014","GoldUseCount","45000000","","Coin_TaleStone","20","",""
"Achievement_GoldUseCount_44","MissionGroup_Achievement","GoldUseCount","44","","Str_UI_Mission_AchievementList_0014","GoldUseCount","50000000","","Coin_TaleStone","20","",""
"Achievement_GoldUseCount_45","MissionGroup_Achievement","GoldUseCount","45","","Str_UI_Mission_AchievementList_0014","GoldUseCount","55000000","","Coin_TaleStone","20","",""
"Achievement_GoldUseCount_46","MissionGroup_Achievement","GoldUseCount","46","","Str_UI_Mission_AchievementList_0014","GoldUseCount","60000000","","Coin_TaleStone","20","",""
"Achievement_GoldUseCount_47","MissionGroup_Achievement","GoldUseCount","47","","Str_UI_Mission_AchievementList_0014","GoldUseCount","65000000","","Coin_TaleStone","20","",""
"Achievement_GoldUseCount_48","MissionGroup_Achievement","GoldUseCount","48","","Str_UI_Mission_AchievementList_0014","GoldUseCount","70000000","","Coin_TaleStone","20","",""
"Achievement_GoldUseCount_49","MissionGroup_Achievement","GoldUseCount","49","","Str_UI_Mission_AchievementList_0014","GoldUseCount","75000000","","Coin_TaleStone","20","",""
"Achievement_GoldUseCount_50","MissionGroup_Achievement","GoldUseCount","50","","Str_UI_Mission_AchievementList_0014","GoldUseCount","80000000","","Coin_TaleStone","20","",""
"Achievement_GoldUseCount_51","MissionGroup_Achievement","GoldUseCount","51","","Str_UI_Mission_AchievementList_0014","GoldUseCount","85000000","","Coin_TaleStone","20","",""
"Achievement_GoldUseCount_52","MissionGroup_Achievement","GoldUseCount","52","","Str_UI_Mission_AchievementList_0014","GoldUseCount","90000000","","Coin_TaleStone","20","",""
"Achievement_GoldUseCount_53","MissionGroup_Achievement","GoldUseCount","53","","Str_UI_Mission_AchievementList_0014","GoldUseCount","95000000","","Coin_TaleStone","20","",""
"Achievement_GoldUseCount_54","MissionGroup_Achievement","GoldUseCount","54","","Str_UI_Mission_AchievementList_0014","GoldUseCount","100000000","","Coin_TaleStone","20","",""
"Achievement_GoldUseCount_55","MissionGroup_Achievement","GoldUseCount","55","","Str_UI_Mission_AchievementList_0014","GoldUseCount","110000000","","Coin_TaleStone","20","",""
"Achievement_GoldUseCount_56","MissionGroup_Achievement","GoldUseCount","56","","Str_UI_Mission_AchievementList_0014","GoldUseCount","120000000","","Coin_TaleStone","20","",""
"Achievement_GoldUseCount_57","MissionGroup_Achievement","GoldUseCount","57","","Str_UI_Mission_AchievementList_0014","GoldUseCount","130000000","","Coin_TaleStone","20","",""
"Achievement_GoldUseCount_58","MissionGroup_Achievement","GoldUseCount","58","","Str_UI_Mission_AchievementList_0014","GoldUseCount","140000000","","Coin_TaleStone","20","",""
"Achievement_GoldUseCount_59","MissionGroup_Achievement","GoldUseCount","59","","Str_UI_Mission_AchievementList_0014","GoldUseCount","150000000","","Coin_TaleStone","20","",""
"Achievement_GoldUseCount_60","MissionGroup_Achievement","GoldUseCount","60","","Str_UI_Mission_AchievementList_0014","GoldUseCount","160000000","","Coin_TaleStone","20","",""
"Achievement_GoldUseCount_61","MissionGroup_Achievement","GoldUseCount","61","","Str_UI_Mission_AchievementList_0014","GoldUseCount","170000000","","Coin_TaleStone","20","",""
"Achievement_GoldUseCount_62","MissionGroup_Achievement","GoldUseCount","62","","Str_UI_Mission_AchievementList_0014","GoldUseCount","180000000","","Coin_TaleStone","20","",""
"Achievement_GoldUseCount_63","MissionGroup_Achievement","GoldUseCount","63","","Str_UI_Mission_AchievementList_0014","GoldUseCount","190000000","","Coin_TaleStone","20","",""
"Achievement_GoldUseCount_64","MissionGroup_Achievement","GoldUseCount","64","","Str_UI_Mission_AchievementList_0014","GoldUseCount","200000000","","Coin_TaleStone","20","",""
"Achievement_GoldUseCount_65","MissionGroup_Achievement","GoldUseCount","65","","Str_UI_Mission_AchievementList_0014","GoldUseCount","210000000","","Coin_TaleStone","20","",""
"Achievement_GoldUseCount_66","MissionGroup_Achievement","GoldUseCount","66","","Str_UI_Mission_AchievementList_0014","GoldUseCount","220000000","","Coin_TaleStone","20","",""
"Achievement_GoldUseCount_67","MissionGroup_Achievement","GoldUseCount","67","","Str_UI_Mission_AchievementList_0014","GoldUseCount","230000000","","Coin_TaleStone","20","",""
"Achievement_GoldUseCount_68","MissionGroup_Achievement","GoldUseCount","68","","Str_UI_Mission_AchievementList_0014","GoldUseCount","240000000","","Coin_TaleStone","20","",""
"Achievement_GoldUseCount_69","MissionGroup_Achievement","GoldUseCount","69","","Str_UI_Mission_AchievementList_0014","GoldUseCount","250000000","","Coin_TaleStone","20","",""
"Achievement_GoldUseCount_70","MissionGroup_Achievement","GoldUseCount","70","","Str_UI_Mission_AchievementList_0014","GoldUseCount","260000000","","Coin_TaleStone","20","",""
"Achievement_GoldUseCount_71","MissionGroup_Achievement","GoldUseCount","71","","Str_UI_Mission_AchievementList_0014","GoldUseCount","270000000","","Coin_TaleStone","20","",""
"Achievement_GoldUseCount_72","MissionGroup_Achievement","GoldUseCount","72","","Str_UI_Mission_AchievementList_0014","GoldUseCount","280000000","","Coin_TaleStone","20","",""
"Achievement_GoldUseCount_73","MissionGroup_Achievement","GoldUseCount","73","","Str_UI_Mission_AchievementList_0014","GoldUseCount","290000000","","Coin_TaleStone","20","",""
"Achievement_GoldUseCount_74","MissionGroup_Achievement","GoldUseCount","74","","Str_UI_Mission_AchievementList_0014","GoldUseCount","300000000","","Coin_TaleStone","20","",""
"Achievement_GoldUseCount_75","MissionGroup_Achievement","GoldUseCount","75","","Str_UI_Mission_AchievementList_0014","GoldUseCount","310000000","","Coin_TaleStone","20","",""
"Achievement_GoldUseCount_76","MissionGroup_Achievement","GoldUseCount","76","","Str_UI_Mission_AchievementList_0014","GoldUseCount","320000000","","Coin_TaleStone","20","",""
"Achievement_GoldUseCount_77","MissionGroup_Achievement","GoldUseCount","77","","Str_UI_Mission_AchievementList_0014","GoldUseCount","330000000","","Coin_TaleStone","20","",""
"Achievement_GoldUseCount_78","MissionGroup_Achievement","GoldUseCount","78","","Str_UI_Mission_AchievementList_0014","GoldUseCount","340000000","","Coin_TaleStone","20","",""
"Achievement_GoldUseCount_79","MissionGroup_Achievement","GoldUseCount","79","","Str_UI_Mission_AchievementList_0014","GoldUseCount","350000000","","Coin_TaleStone","20","",""
"Achievement_GoldUseCount_80","MissionGroup_Achievement","GoldUseCount","80","","Str_UI_Mission_AchievementList_0014","GoldUseCount","360000000","","Coin_TaleStone","20","",""
"Achievement_GoldUseCount_81","MissionGroup_Achievement","GoldUseCount","81","","Str_UI_Mission_AchievementList_0014","GoldUseCount","370000000","","Coin_TaleStone","20","",""
"Achievement_GoldUseCount_82","MissionGroup_Achievement","GoldUseCount","82","","Str_UI_Mission_AchievementList_0014","GoldUseCount","380000000","","Coin_TaleStone","20","",""
"Achievement_GoldUseCount_83","MissionGroup_Achievement","GoldUseCount","83","","Str_UI_Mission_AchievementList_0014","GoldUseCount","390000000","","Coin_TaleStone","20","",""
"Achievement_GoldUseCount_84","MissionGroup_Achievement","GoldUseCount","84","","Str_UI_Mission_AchievementList_0014","GoldUseCount","400000000","","Coin_TaleStone","20","",""
"Achievement_GoldUseCount_85","MissionGroup_Achievement","GoldUseCount","85","","Str_UI_Mission_AchievementList_0014","GoldUseCount","410000000","","Coin_TaleStone","20","",""
"Achievement_GoldUseCount_86","MissionGroup_Achievement","GoldUseCount","86","","Str_UI_Mission_AchievementList_0014","GoldUseCount","420000000","","Coin_TaleStone","20","",""
"Achievement_GoldUseCount_87","MissionGroup_Achievement","GoldUseCount","87","","Str_UI_Mission_AchievementList_0014","GoldUseCount","430000000","","Coin_TaleStone","20","",""
"Achievement_GoldUseCount_88","MissionGroup_Achievement","GoldUseCount","88","","Str_UI_Mission_AchievementList_0014","GoldUseCount","440000000","","Coin_TaleStone","20","",""
"Achievement_GoldUseCount_89","MissionGroup_Achievement","GoldUseCount","89","","Str_UI_Mission_AchievementList_0014","GoldUseCount","450000000","","Coin_TaleStone","20","",""
"Achievement_GoldUseCount_90","MissionGroup_Achievement","GoldUseCount","90","","Str_UI_Mission_AchievementList_0014","GoldUseCount","460000000","","Coin_TaleStone","20","",""
"Achievement_GoldUseCount_91","MissionGroup_Achievement","GoldUseCount","91","","Str_UI_Mission_AchievementList_0014","GoldUseCount","470000000","","Coin_TaleStone","20","",""
"Achievement_GoldUseCount_92","MissionGroup_Achievement","GoldUseCount","92","","Str_UI_Mission_AchievementList_0014","GoldUseCount","480000000","","Coin_TaleStone","20","",""
"Achievement_GoldUseCount_93","MissionGroup_Achievement","GoldUseCount","93","","Str_UI_Mission_AchievementList_0014","GoldUseCount","490000000","","Coin_TaleStone","20","",""
"Achievement_GoldUseCount_94","MissionGroup_Achievement","GoldUseCount","94","","Str_UI_Mission_AchievementList_0014","GoldUseCount","500000000","","Coin_TaleStone","20","",""
"Achievement_GoldUseCount_95","MissionGroup_Achievement","GoldUseCount","95","","Str_UI_Mission_AchievementList_0014","GoldUseCount","510000000","","Coin_TaleStone","20","",""
"Achievement_GoldUseCount_96","MissionGroup_Achievement","GoldUseCount","96","","Str_UI_Mission_AchievementList_0014","GoldUseCount","520000000","","Coin_TaleStone","20","",""
"Achievement_GoldUseCount_97","MissionGroup_Achievement","GoldUseCount","97","","Str_UI_Mission_AchievementList_0014","GoldUseCount","530000000","","Coin_TaleStone","20","",""
"Achievement_GoldUseCount_98","MissionGroup_Achievement","GoldUseCount","98","","Str_UI_Mission_AchievementList_0014","GoldUseCount","540000000","","Coin_TaleStone","20","",""
"Achievement_GoldUseCount_99","MissionGroup_Achievement","GoldUseCount","99","","Str_UI_Mission_AchievementList_0014","GoldUseCount","550000000","","Coin_TaleStone","20","",""
"Achievement_GoldUseCount_100","MissionGroup_Achievement","GoldUseCount","100","","Str_UI_Mission_AchievementList_0014","GoldUseCount","560000000","","Coin_TaleStone","20","",""
"Achievement_GoldUseCount_101","MissionGroup_Achievement","GoldUseCount","101","","Str_UI_Mission_AchievementList_0014","GoldUseCount","570000000","","Coin_TaleStone","20","",""
"Achievement_GoldUseCount_102","MissionGroup_Achievement","GoldUseCount","102","","Str_UI_Mission_AchievementList_0014","GoldUseCount","580000000","","Coin_TaleStone","20","",""
"Achievement_GoldUseCount_103","MissionGroup_Achievement","GoldUseCount","103","","Str_UI_Mission_AchievementList_0014","GoldUseCount","590000000","","Coin_TaleStone","20","",""
"Achievement_GoldUseCount_104","MissionGroup_Achievement","GoldUseCount","104","","Str_UI_Mission_AchievementList_0014","GoldUseCount","600000000","","Coin_TaleStone","20","",""
"Achievement_GoldUseCount_105","MissionGroup_Achievement","GoldUseCount","105","","Str_UI_Mission_AchievementList_0014","GoldUseCount","610000000","","Coin_TaleStone","20","",""
"Achievement_GoldUseCount_106","MissionGroup_Achievement","GoldUseCount","106","","Str_UI_Mission_AchievementList_0014","GoldUseCount","620000000","","Coin_TaleStone","20","",""
"Achievement_GoldUseCount_107","MissionGroup_Achievement","GoldUseCount","107","","Str_UI_Mission_AchievementList_0014","GoldUseCount","630000000","","Coin_TaleStone","20","",""
"Achievement_GoldUseCount_108","MissionGroup_Achievement","GoldUseCount","108","","Str_UI_Mission_AchievementList_0014","GoldUseCount","640000000","","Coin_TaleStone","20","",""
"Achievement_GoldUseCount_109","MissionGroup_Achievement","GoldUseCount","109","","Str_UI_Mission_AchievementList_0014","GoldUseCount","650000000","","Coin_TaleStone","20","",""
"Achievement_GoldUseCount_110","MissionGroup_Achievement","GoldUseCount","110","","Str_UI_Mission_AchievementList_0014","GoldUseCount","660000000","","Coin_TaleStone","20","",""
"Achievement_GoldUseCount_111","MissionGroup_Achievement","GoldUseCount","111","","Str_UI_Mission_AchievementList_0014","GoldUseCount","670000000","","Coin_TaleStone","20","",""
"Achievement_GoldUseCount_112","MissionGroup_Achievement","GoldUseCount","112","","Str_UI_Mission_AchievementList_0014","GoldUseCount","680000000","","Coin_TaleStone","20","",""
"Achievement_GoldUseCount_113","MissionGroup_Achievement","GoldUseCount","113","","Str_UI_Mission_AchievementList_0014","GoldUseCount","690000000","","Coin_TaleStone","20","",""
"Achievement_GoldUseCount_114","MissionGroup_Achievement","GoldUseCount","114","","Str_UI_Mission_AchievementList_0014","GoldUseCount","700000000","","Coin_TaleStone","20","",""
"Achievement_GoldUseCount_115","MissionGroup_Achievement","GoldUseCount","115","","Str_UI_Mission_AchievementList_0014","GoldUseCount","710000000","","Coin_TaleStone","20","",""
"Achievement_GoldUseCount_116","MissionGroup_Achievement","GoldUseCount","116","","Str_UI_Mission_AchievementList_0014","GoldUseCount","720000000","","Coin_TaleStone","20","",""
"Achievement_GoldUseCount_117","MissionGroup_Achievement","GoldUseCount","117","","Str_UI_Mission_AchievementList_0014","GoldUseCount","730000000","","Coin_TaleStone","20","",""
"Achievement_GoldUseCount_118","MissionGroup_Achievement","GoldUseCount","118","","Str_UI_Mission_AchievementList_0014","GoldUseCount","740000000","","Coin_TaleStone","20","",""
"Achievement_GoldUseCount_119","MissionGroup_Achievement","GoldUseCount","119","","Str_UI_Mission_AchievementList_0014","GoldUseCount","750000000","","Coin_TaleStone","20","",""
"Achievement_GoldUseCount_120","MissionGroup_Achievement","GoldUseCount","120","","Str_UI_Mission_AchievementList_0014","GoldUseCount","760000000","","Coin_TaleStone","20","",""
"Achievement_GoldUseCount_121","MissionGroup_Achievement","GoldUseCount","121","","Str_UI_Mission_AchievementList_0014","GoldUseCount","770000000","","Coin_TaleStone","20","",""
"Achievement_GoldUseCount_122","MissionGroup_Achievement","GoldUseCount","122","","Str_UI_Mission_AchievementList_0014","GoldUseCount","780000000","","Coin_TaleStone","20","",""
"Achievement_GoldUseCount_123","MissionGroup_Achievement","GoldUseCount","123","","Str_UI_Mission_AchievementList_0014","GoldUseCount","790000000","","Coin_TaleStone","20","",""
"Achievement_GoldUseCount_124","MissionGroup_Achievement","GoldUseCount","124","","Str_UI_Mission_AchievementList_0014","GoldUseCount","800000000","","Coin_TaleStone","20","",""
"Achievement_GoldUseCount_125","MissionGroup_Achievement","GoldUseCount","125","","Str_UI_Mission_AchievementList_0014","GoldUseCount","810000000","","Coin_TaleStone","20","",""
"Achievement_GoldUseCount_126","MissionGroup_Achievement","GoldUseCount","126","","Str_UI_Mission_AchievementList_0014","GoldUseCount","820000000","","Coin_TaleStone","20","",""
"Achievement_GoldUseCount_127","MissionGroup_Achievement","GoldUseCount","127","","Str_UI_Mission_AchievementList_0014","GoldUseCount","830000000","","Coin_TaleStone","20","",""
"Achievement_GoldUseCount_128","MissionGroup_Achievement","GoldUseCount","128","","Str_UI_Mission_AchievementList_0014","GoldUseCount","840000000","","Coin_TaleStone","20","",""
"Achievement_GoldUseCount_129","MissionGroup_Achievement","GoldUseCount","129","","Str_UI_Mission_AchievementList_0014","GoldUseCount","850000000","","Coin_TaleStone","20","",""
"Achievement_GoldUseCount_130","MissionGroup_Achievement","GoldUseCount","130","","Str_UI_Mission_AchievementList_0014","GoldUseCount","860000000","","Coin_TaleStone","20","",""
"Achievement_GoldUseCount_131","MissionGroup_Achievement","GoldUseCount","131","","Str_UI_Mission_AchievementList_0014","GoldUseCount","870000000","","Coin_TaleStone","20","",""
"Achievement_GoldUseCount_132","MissionGroup_Achievement","GoldUseCount","132","","Str_UI_Mission_AchievementList_0014","GoldUseCount","880000000","","Coin_TaleStone","20","",""
"Achievement_GoldUseCount_133","MissionGroup_Achievement","GoldUseCount","133","","Str_UI_Mission_AchievementList_0014","GoldUseCount","890000000","","Coin_TaleStone","20","",""
"Achievement_GoldUseCount_134","MissionGroup_Achievement","GoldUseCount","134","","Str_UI_Mission_AchievementList_0014","GoldUseCount","900000000","","Coin_TaleStone","20","",""
"Achievement_GoldUseCount_135","MissionGroup_Achievement","GoldUseCount","135","","Str_UI_Mission_AchievementList_0014","GoldUseCount","910000000","","Coin_TaleStone","20","",""
"Achievement_GoldUseCount_136","MissionGroup_Achievement","GoldUseCount","136","","Str_UI_Mission_AchievementList_0014","GoldUseCount","920000000","","Coin_TaleStone","20","",""
"Achievement_GoldUseCount_137","MissionGroup_Achievement","GoldUseCount","137","","Str_UI_Mission_AchievementList_0014","GoldUseCount","930000000","","Coin_TaleStone","20","",""
"Achievement_GoldUseCount_138","MissionGroup_Achievement","GoldUseCount","138","","Str_UI_Mission_AchievementList_0014","GoldUseCount","940000000","","Coin_TaleStone","20","",""
"Achievement_GoldUseCount_139","MissionGroup_Achievement","GoldUseCount","139","","Str_UI_Mission_AchievementList_0014","GoldUseCount","950000000","","Coin_TaleStone","20","",""
"Achievement_GoldUseCount_140","MissionGroup_Achievement","GoldUseCount","140","","Str_UI_Mission_AchievementList_0014","GoldUseCount","960000000","","Coin_TaleStone","20","",""
"Achievement_GoldUseCount_141","MissionGroup_Achievement","GoldUseCount","141","","Str_UI_Mission_AchievementList_0014","GoldUseCount","970000000","","Coin_TaleStone","20","",""
"Achievement_GoldUseCount_142","MissionGroup_Achievement","GoldUseCount","142","","Str_UI_Mission_AchievementList_0014","GoldUseCount","980000000","","Coin_TaleStone","20","",""
"Achievement_GoldUseCount_143","MissionGroup_Achievement","GoldUseCount","143","","Str_UI_Mission_AchievementList_0014","GoldUseCount","990000000","","Coin_TaleStone","20","",""
"Achievement_GoldUseCount_144","MissionGroup_Achievement","GoldUseCount","144","","Str_UI_Mission_AchievementList_0014","GoldUseCount","1000000000","","Coin_TaleStone","20","",""
"Achievement_HeroGetCount_01","MissionGroup_Achievement","HeroGetCount","1","","Str_UI_Mission_AchievementList_0015","HeroGetCount","10","","Coin_TaleStone","50","",""
"Achievement_HeroGetCount_02","MissionGroup_Achievement","HeroGetCount","2","","Str_UI_Mission_AchievementList_0015","HeroGetCount","11","","Coin_TaleStone","50","",""
"Achievement_HeroGetCount_03","MissionGroup_Achievement","HeroGetCount","3","","Str_UI_Mission_AchievementList_0015","HeroGetCount","12","","Coin_TaleStone","50","",""
"Achievement_HeroGetCount_04","MissionGroup_Achievement","HeroGetCount","4","","Str_UI_Mission_AchievementList_0015","HeroGetCount","13","","Coin_TaleStone","50","",""
"Achievement_HeroGetCount_05","MissionGroup_Achievement","HeroGetCount","5","","Str_UI_Mission_AchievementList_0015","HeroGetCount","14","","Coin_TaleStone","50","",""
"Achievement_HeroGetCount_06","MissionGroup_Achievement","HeroGetCount","6","","Str_UI_Mission_AchievementList_0015","HeroGetCount","15","","Coin_TaleStone","50","",""
"Achievement_HeroGetCount_07","MissionGroup_Achievement","HeroGetCount","7","","Str_UI_Mission_AchievementList_0015","HeroGetCount","16","","Coin_TaleStone","50","",""
"Achievement_HeroGetCount_08","MissionGroup_Achievement","HeroGetCount","8","","Str_UI_Mission_AchievementList_0015","HeroGetCount","17","","Coin_TaleStone","50","",""
"Achievement_HeroGetCount_09","MissionGroup_Achievement","HeroGetCount","9","","Str_UI_Mission_AchievementList_0015","HeroGetCount","18","","Coin_TaleStone","50","",""
"Achievement_HeroGetCount_10","MissionGroup_Achievement","HeroGetCount","10","","Str_UI_Mission_AchievementList_0015","HeroGetCount","19","","Coin_TaleStone","50","",""
"Achievement_HeroGetCount_11","MissionGroup_Achievement","HeroGetCount","11","","Str_UI_Mission_AchievementList_0015","HeroGetCount","20","","Coin_TaleStone","50","",""
"Achievement_HeroGetCount_12","MissionGroup_Achievement","HeroGetCount","12","","Str_UI_Mission_AchievementList_0015","HeroGetCount","21","","Coin_TaleStone","50","",""
"Achievement_HeroGetCount_13","MissionGroup_Achievement","HeroGetCount","13","","Str_UI_Mission_AchievementList_0015","HeroGetCount","22","","Coin_TaleStone","50","",""
"Achievement_HeroGetCount_14","MissionGroup_Achievement","HeroGetCount","14","","Str_UI_Mission_AchievementList_0015","HeroGetCount","23","","Coin_TaleStone","50","",""
"Achievement_HeroGetCount_15","MissionGroup_Achievement","HeroGetCount","15","","Str_UI_Mission_AchievementList_0015","HeroGetCount","24","","Coin_TaleStone","50","",""
"Achievement_HeroGetCount_16","MissionGroup_Achievement","HeroGetCount","16","","Str_UI_Mission_AchievementList_0015","HeroGetCount","25","","Coin_TaleStone","50","",""
"Achievement_HeroGetCount_17","MissionGroup_Achievement","HeroGetCount","17","","Str_UI_Mission_AchievementList_0015","HeroGetCount","26","","Coin_TaleStone","50","",""
"Achievement_HeroGetCount_18","MissionGroup_Achievement","HeroGetCount","18","","Str_UI_Mission_AchievementList_0015","HeroGetCount","27","","Coin_TaleStone","50","",""
"Achievement_HeroGetCount_19","MissionGroup_Achievement","HeroGetCount","19","","Str_UI_Mission_AchievementList_0015","HeroGetCount","28","","Coin_TaleStone","50","",""
"Achievement_HeroGetCount_20","MissionGroup_Achievement","HeroGetCount","20","","Str_UI_Mission_AchievementList_0015","HeroGetCount","29","","Coin_TaleStone","50","",""
"Achievement_HeroGetCount_21","MissionGroup_Achievement","HeroGetCount","21","","Str_UI_Mission_AchievementList_0015","HeroGetCount","30","","Coin_TaleStone","50","",""
"Achievement_HeroGetCount_22","MissionGroup_Achievement","HeroGetCount","22","","Str_UI_Mission_AchievementList_0015","HeroGetCount","31","","Coin_TaleStone","50","",""
"Achievement_HeroGetCount_23","MissionGroup_Achievement","HeroGetCount","23","","Str_UI_Mission_AchievementList_0015","HeroGetCount","32","","Coin_TaleStone","50","",""
"Achievement_HeroGetCount_24","MissionGroup_Achievement","HeroGetCount","24","","Str_UI_Mission_AchievementList_0015","HeroGetCount","33","","Coin_TaleStone","50","",""
"Achievement_HeroGetCount_25","MissionGroup_Achievement","HeroGetCount","25","","Str_UI_Mission_AchievementList_0015","HeroGetCount","34","","Coin_TaleStone","50","",""
"Achievement_HeroGetCount_26","MissionGroup_Achievement","HeroGetCount","26","","Str_UI_Mission_AchievementList_0015","HeroGetCount","35","","Coin_TaleStone","50","",""
"Achievement_HeroGetCount_27","MissionGroup_Achievement","HeroGetCount","27","","Str_UI_Mission_AchievementList_0015","HeroGetCount","36","","Coin_TaleStone","50","",""
"Achievement_HeroGetCount_28","MissionGroup_Achievement","HeroGetCount","28","","Str_UI_Mission_AchievementList_0015","HeroGetCount","37","","Coin_TaleStone","50","",""
"Achievement_HeroGetCount_29","MissionGroup_Achievement","HeroGetCount","29","","Str_UI_Mission_AchievementList_0015","HeroGetCount","38","","Coin_TaleStone","50","",""
"Achievement_HeroGetCount_30","MissionGroup_Achievement","HeroGetCount","30","","Str_UI_Mission_AchievementList_0015","HeroGetCount","39","","Coin_TaleStone","50","",""
"Achievement_HeroGetCount_31","MissionGroup_Achievement","HeroGetCount","31","","Str_UI_Mission_AchievementList_0015","HeroGetCount","40","","Coin_TaleStone","50","",""
"Achievement_HeroGetCount_32","MissionGroup_Achievement","HeroGetCount","32","","Str_UI_Mission_AchievementList_0015","HeroGetCount","41","","Coin_TaleStone","50","",""
"Achievement_HeroGetCount_33","MissionGroup_Achievement","HeroGetCount","33","","Str_UI_Mission_AchievementList_0015","HeroGetCount","42","","Coin_TaleStone","50","",""
"Achievement_HeroGetCount_34","MissionGroup_Achievement","HeroGetCount","34","","Str_UI_Mission_AchievementList_0015","HeroGetCount","43","","Coin_TaleStone","50","",""
"Achievement_HeroGetCount_35","MissionGroup_Achievement","HeroGetCount","35","","Str_UI_Mission_AchievementList_0015","HeroGetCount","44","","Coin_TaleStone","50","",""
"Achievement_HeroGetCount_36","MissionGroup_Achievement","HeroGetCount","36","","Str_UI_Mission_AchievementList_0015","HeroGetCount","45","","Coin_TaleStone","50","",""
"Achievement_HeroGetCount_37","MissionGroup_Achievement","HeroGetCount","37","","Str_UI_Mission_AchievementList_0015","HeroGetCount","46","","Coin_TaleStone","50","",""
"Achievement_HeroGetCount_38","MissionGroup_Achievement","HeroGetCount","38","","Str_UI_Mission_AchievementList_0015","HeroGetCount","47","","Coin_TaleStone","50","",""
"Achievement_HeroGetCount_39","MissionGroup_Achievement","HeroGetCount","39","","Str_UI_Mission_AchievementList_0015","HeroGetCount","48","","Coin_TaleStone","50","",""
"Achievement_HeroGetCount_40","MissionGroup_Achievement","HeroGetCount","40","","Str_UI_Mission_AchievementList_0015","HeroGetCount","49","","Coin_TaleStone","50","",""
"Achievement_HeroGetCount_41","MissionGroup_Achievement","HeroGetCount","41","","Str_UI_Mission_AchievementList_0015","HeroGetCount","50","","Coin_TaleStone","50","",""
"Achievement_HeroGetCount_42","MissionGroup_Achievement","HeroGetCount","42","","Str_UI_Mission_AchievementList_0015","HeroGetCount","51","","Coin_TaleStone","50","",""
"Achievement_HeroGetCount_43","MissionGroup_Achievement","HeroGetCount","43","","Str_UI_Mission_AchievementList_0015","HeroGetCount","52","","Coin_TaleStone","50","",""
"Achievement_HeroGetCount_44","MissionGroup_Achievement","HeroGetCount","44","","Str_UI_Mission_AchievementList_0015","HeroGetCount","53","","Coin_TaleStone","50","",""
"Achievement_HeroGetCount_45","MissionGroup_Achievement","HeroGetCount","45","","Str_UI_Mission_AchievementList_0015","HeroGetCount","54","","Coin_TaleStone","50","",""
"Achievement_HeroGetCount_46","MissionGroup_Achievement","HeroGetCount","46","","Str_UI_Mission_AchievementList_0015","HeroGetCount","55","","Coin_TaleStone","50","",""
"Achievement_HeroGetCount_47","MissionGroup_Achievement","HeroGetCount","47","","Str_UI_Mission_AchievementList_0015","HeroGetCount","56","","Coin_TaleStone","50","",""
"Achievement_HeroGetCount_48","MissionGroup_Achievement","HeroGetCount","48","","Str_UI_Mission_AchievementList_0015","HeroGetCount","57","","Coin_TaleStone","50","",""
"Achievement_HeroGetCount_49","MissionGroup_Achievement","HeroGetCount","49","","Str_UI_Mission_AchievementList_0015","HeroGetCount","58","","Coin_TaleStone","50","",""
"Achievement_HeroGetCount_50","MissionGroup_Achievement","HeroGetCount","50","","Str_UI_Mission_AchievementList_0015","HeroGetCount","59","","Coin_TaleStone","50","",""
"Achievement_HeroGetCount_51","MissionGroup_Achievement","HeroGetCount","51","","Str_UI_Mission_AchievementList_0015","HeroGetCount","60","","Coin_TaleStone","50","",""
"Achievement_HeroGetCount_52","MissionGroup_Achievement","HeroGetCount","52","","Str_UI_Mission_AchievementList_0015","HeroGetCount","61","","Coin_TaleStone","50","",""
"Achievement_HeroGetCount_53","MissionGroup_Achievement","HeroGetCount","53","","Str_UI_Mission_AchievementList_0015","HeroGetCount","62","","Coin_TaleStone","50","",""
"Achievement_HeroGetCount_54","MissionGroup_Achievement","HeroGetCount","54","","Str_UI_Mission_AchievementList_0015","HeroGetCount","63","","Coin_TaleStone","50","",""
"Achievement_HeroGetCount_55","MissionGroup_Achievement","HeroGetCount","55","","Str_UI_Mission_AchievementList_0015","HeroGetCount","64","","Coin_TaleStone","50","",""
"Achievement_HeroGetCount_56","MissionGroup_Achievement","HeroGetCount","56","","Str_UI_Mission_AchievementList_0015","HeroGetCount","65","","Coin_TaleStone","50","",""
"Achievement_HeroGetCount_57","MissionGroup_Achievement","HeroGetCount","57","","Str_UI_Mission_AchievementList_0015","HeroGetCount","66","","Coin_TaleStone","50","",""
"Achievement_HeroGetCount_58","MissionGroup_Achievement","HeroGetCount","58","","Str_UI_Mission_AchievementList_0015","HeroGetCount","67","","Coin_TaleStone","50","",""
"Achievement_HeroGetCount_59","MissionGroup_Achievement","HeroGetCount","59","","Str_UI_Mission_AchievementList_0015","HeroGetCount","68","","Coin_TaleStone","50","",""
"Achievement_HeroGetCount_60","MissionGroup_Achievement","HeroGetCount","60","","Str_UI_Mission_AchievementList_0015","HeroGetCount","69","","Coin_TaleStone","50","",""
"Achievement_HeroGetCount_61","MissionGroup_Achievement","HeroGetCount","61","","Str_UI_Mission_AchievementList_0015","HeroGetCount","70","","Coin_TaleStone","50","",""
"Achievement_HeroGetCount_62","MissionGroup_Achievement","HeroGetCount","62","","Str_UI_Mission_AchievementList_0015","HeroGetCount","71","","Coin_TaleStone","50","",""
"Achievement_HeroGetCount_63","MissionGroup_Achievement","HeroGetCount","63","","Str_UI_Mission_AchievementList_0015","HeroGetCount","72","","Coin_TaleStone","50","",""
"Achievement_HeroGetCount_64","MissionGroup_Achievement","HeroGetCount","64","","Str_UI_Mission_AchievementList_0015","HeroGetCount","73","","Coin_TaleStone","50","",""
"Achievement_HeroGetCount_65","MissionGroup_Achievement","HeroGetCount","65","","Str_UI_Mission_AchievementList_0015","HeroGetCount","74","","Coin_TaleStone","50","",""
"Achievement_HeroGetCount_66","MissionGroup_Achievement","HeroGetCount","66","","Str_UI_Mission_AchievementList_0015","HeroGetCount","75","","Coin_TaleStone","50","",""
"Achievement_HeroGetCount_67","MissionGroup_Achievement","HeroGetCount","67","","Str_UI_Mission_AchievementList_0015","HeroGetCount","76","","Coin_TaleStone","50","",""
"Achievement_HeroGetCount_68","MissionGroup_Achievement","HeroGetCount","68","","Str_UI_Mission_AchievementList_0015","HeroGetCount","77","","Coin_TaleStone","50","",""
"Achievement_HeroGetCount_69","MissionGroup_Achievement","HeroGetCount","69","","Str_UI_Mission_AchievementList_0015","HeroGetCount","78","","Coin_TaleStone","50","",""
"Achievement_HeroGetCount_70","MissionGroup_Achievement","HeroGetCount","70","","Str_UI_Mission_AchievementList_0015","HeroGetCount","79","","Coin_TaleStone","50","",""
"Achievement_HeroGetCount_71","MissionGroup_Achievement","HeroGetCount","71","","Str_UI_Mission_AchievementList_0015","HeroGetCount","80","","Coin_TaleStone","50","",""
"Achievement_HeroGetCount_72","MissionGroup_Achievement","HeroGetCount","72","","Str_UI_Mission_AchievementList_0015","HeroGetCount","81","","Coin_TaleStone","50","",""
"Achievement_HeroGetCount_73","MissionGroup_Achievement","HeroGetCount","73","","Str_UI_Mission_AchievementList_0015","HeroGetCount","82","","Coin_TaleStone","50","",""
"Achievement_HeroGetCount_74","MissionGroup_Achievement","HeroGetCount","74","","Str_UI_Mission_AchievementList_0015","HeroGetCount","83","","Coin_TaleStone","50","",""
"Achievement_HeroGetCount_75","MissionGroup_Achievement","HeroGetCount","75","","Str_UI_Mission_AchievementList_0015","HeroGetCount","84","","Coin_TaleStone","50","",""
"Achievement_HeroGetCount_76","MissionGroup_Achievement","HeroGetCount","76","","Str_UI_Mission_AchievementList_0015","HeroGetCount","85","","Coin_TaleStone","50","",""
"Achievement_HeroGetCount_77","MissionGroup_Achievement","HeroGetCount","77","","Str_UI_Mission_AchievementList_0015","HeroGetCount","86","","Coin_TaleStone","50","",""
"Achievement_HeroGetCount_78","MissionGroup_Achievement","HeroGetCount","78","","Str_UI_Mission_AchievementList_0015","HeroGetCount","87","","Coin_TaleStone","50","",""
"Achievement_HeroGetCount_79","MissionGroup_Achievement","HeroGetCount","79","","Str_UI_Mission_AchievementList_0015","HeroGetCount","88","","Coin_TaleStone","50","",""
"Achievement_HeroGetCount_80","MissionGroup_Achievement","HeroGetCount","80","","Str_UI_Mission_AchievementList_0015","HeroGetCount","89","","Coin_TaleStone","50","",""
"Achievement_HeroGetCount_81","MissionGroup_Achievement","HeroGetCount","81","","Str_UI_Mission_AchievementList_0015","HeroGetCount","90","","Coin_TaleStone","50","",""
"Achievement_HeroGetCount_82","MissionGroup_Achievement","HeroGetCount","82","","Str_UI_Mission_AchievementList_0015","HeroGetCount","91","","Coin_TaleStone","50","",""
"Achievement_HeroGetCount_83","MissionGroup_Achievement","HeroGetCount","83","","Str_UI_Mission_AchievementList_0015","HeroGetCount","92","","Coin_TaleStone","50","",""
"Achievement_HeroGetCount_84","MissionGroup_Achievement","HeroGetCount","84","","Str_UI_Mission_AchievementList_0015","HeroGetCount","93","","Coin_TaleStone","50","",""
"Achievement_HeroGetCount_85","MissionGroup_Achievement","HeroGetCount","85","","Str_UI_Mission_AchievementList_0015","HeroGetCount","94","","Coin_TaleStone","50","",""
"Achievement_HeroGetCount_86","MissionGroup_Achievement","HeroGetCount","86","","Str_UI_Mission_AchievementList_0015","HeroGetCount","95","","Coin_TaleStone","50","",""
"Achievement_HeroGetCount_87","MissionGroup_Achievement","HeroGetCount","87","","Str_UI_Mission_AchievementList_0015","HeroGetCount","96","","Coin_TaleStone","50","",""
"Achievement_HeroGetCount_88","MissionGroup_Achievement","HeroGetCount","88","","Str_UI_Mission_AchievementList_0015","HeroGetCount","97","","Coin_TaleStone","50","",""
"Achievement_HeroGetCount_89","MissionGroup_Achievement","HeroGetCount","89","","Str_UI_Mission_AchievementList_0015","HeroGetCount","98","","Coin_TaleStone","50","",""
"Achievement_HeroGetCount_90","MissionGroup_Achievement","HeroGetCount","90","","Str_UI_Mission_AchievementList_0015","HeroGetCount","99","","Coin_TaleStone","50","",""
"Achievement_HeroGetCount_91","MissionGroup_Achievement","HeroGetCount","91","","Str_UI_Mission_AchievementList_0015","HeroGetCount","100","","Coin_TaleStone","50","",""
"Achievement_FreindshipRankCompleteHeroCount_01","MissionGroup_Achievement","FreindshipRankCompleteHeroCount","1","","Str_UI_Mission_AchievementList_0016","FreindshipRankCompleteHeroCount","1","12","Item_Coin_MemoryCoin","2","",""
"Achievement_FreindshipRankCompleteHeroCount_02","MissionGroup_Achievement","FreindshipRankCompleteHeroCount","2","","Str_UI_Mission_AchievementList_0016","FreindshipRankCompleteHeroCount","2","12","Item_Coin_MemoryCoin","2","",""
"Achievement_FreindshipRankCompleteHeroCount_03","MissionGroup_Achievement","FreindshipRankCompleteHeroCount","3","","Str_UI_Mission_AchievementList_0016","FreindshipRankCompleteHeroCount","3","12","Item_Coin_MemoryCoin","2","",""
"Achievement_FreindshipRankCompleteHeroCount_04","MissionGroup_Achievement","FreindshipRankCompleteHeroCount","4","","Str_UI_Mission_AchievementList_0016","FreindshipRankCompleteHeroCount","4","12","Item_Coin_MemoryCoin","2","",""
"Achievement_FreindshipRankCompleteHeroCount_05","MissionGroup_Achievement","FreindshipRankCompleteHeroCount","5","","Str_UI_Mission_AchievementList_0016","FreindshipRankCompleteHeroCount","5","12","Item_Coin_MemoryCoin","2","",""
"Achievement_FreindshipRankCompleteHeroCount_06","MissionGroup_Achievement","FreindshipRankCompleteHeroCount","6","","Str_UI_Mission_AchievementList_0016","FreindshipRankCompleteHeroCount","6","12","Item_Coin_MemoryCoin","2","",""
"Achievement_FreindshipRankCompleteHeroCount_07","MissionGroup_Achievement","FreindshipRankCompleteHeroCount","7","","Str_UI_Mission_AchievementList_0016","FreindshipRankCompleteHeroCount","7","12","Item_Coin_MemoryCoin","2","",""
"Achievement_FreindshipRankCompleteHeroCount_08","MissionGroup_Achievement","FreindshipRankCompleteHeroCount","8","","Str_UI_Mission_AchievementList_0016","FreindshipRankCompleteHeroCount","8","12","Item_Coin_MemoryCoin","2","",""
"Achievement_FreindshipRankCompleteHeroCount_09","MissionGroup_Achievement","FreindshipRankCompleteHeroCount","9","","Str_UI_Mission_AchievementList_0016","FreindshipRankCompleteHeroCount","9","12","Item_Coin_MemoryCoin","2","",""
"Achievement_FreindshipRankCompleteHeroCount_10","MissionGroup_Achievement","FreindshipRankCompleteHeroCount","10","","Str_UI_Mission_AchievementList_0016","FreindshipRankCompleteHeroCount","10","12","Item_Coin_MemoryCoin","2","",""
"Achievement_FreindshipRankCompleteHeroCount_11","MissionGroup_Achievement","FreindshipRankCompleteHeroCount","11","","Str_UI_Mission_AchievementList_0016","FreindshipRankCompleteHeroCount","11","12","Item_Coin_MemoryCoin","2","",""
"Achievement_FreindshipRankCompleteHeroCount_12","MissionGroup_Achievement","FreindshipRankCompleteHeroCount","12","","Str_UI_Mission_AchievementList_0016","FreindshipRankCompleteHeroCount","12","12","Item_Coin_MemoryCoin","2","",""
"Achievement_FreindshipRankCompleteHeroCount_13","MissionGroup_Achievement","FreindshipRankCompleteHeroCount","13","","Str_UI_Mission_AchievementList_0016","FreindshipRankCompleteHeroCount","13","12","Item_Coin_MemoryCoin","2","",""
"Achievement_FreindshipRankCompleteHeroCount_14","MissionGroup_Achievement","FreindshipRankCompleteHeroCount","14","","Str_UI_Mission_AchievementList_0016","FreindshipRankCompleteHeroCount","14","12","Item_Coin_MemoryCoin","2","",""
"Achievement_FreindshipRankCompleteHeroCount_15","MissionGroup_Achievement","FreindshipRankCompleteHeroCount","15","","Str_UI_Mission_AchievementList_0016","FreindshipRankCompleteHeroCount","15","12","Item_Coin_MemoryCoin","2","",""
"Achievement_FreindshipRankCompleteHeroCount_16","MissionGroup_Achievement","FreindshipRankCompleteHeroCount","16","","Str_UI_Mission_AchievementList_0016","FreindshipRankCompleteHeroCount","16","12","Item_Coin_MemoryCoin","2","",""
"Achievement_FreindshipRankCompleteHeroCount_17","MissionGroup_Achievement","FreindshipRankCompleteHeroCount","17","","Str_UI_Mission_AchievementList_0016","FreindshipRankCompleteHeroCount","17","12","Item_Coin_MemoryCoin","2","",""
"Achievement_FreindshipRankCompleteHeroCount_18","MissionGroup_Achievement","FreindshipRankCompleteHeroCount","18","","Str_UI_Mission_AchievementList_0016","FreindshipRankCompleteHeroCount","18","12","Item_Coin_MemoryCoin","2","",""
"Achievement_FreindshipRankCompleteHeroCount_19","MissionGroup_Achievement","FreindshipRankCompleteHeroCount","19","","Str_UI_Mission_AchievementList_0016","FreindshipRankCompleteHeroCount","19","12","Item_Coin_MemoryCoin","2","",""
"Achievement_FreindshipRankCompleteHeroCount_20","MissionGroup_Achievement","FreindshipRankCompleteHeroCount","20","","Str_UI_Mission_AchievementList_0016","FreindshipRankCompleteHeroCount","20","12","Item_Coin_MemoryCoin","2","",""
"Achievement_FreindshipRankCompleteHeroCount_21","MissionGroup_Achievement","FreindshipRankCompleteHeroCount","21","","Str_UI_Mission_AchievementList_0016","FreindshipRankCompleteHeroCount","21","12","Item_Coin_MemoryCoin","2","",""
"Achievement_FreindshipRankCompleteHeroCount_22","MissionGroup_Achievement","FreindshipRankCompleteHeroCount","22","","Str_UI_Mission_AchievementList_0016","FreindshipRankCompleteHeroCount","22","12","Item_Coin_MemoryCoin","2","",""
"Achievement_FreindshipRankCompleteHeroCount_23","MissionGroup_Achievement","FreindshipRankCompleteHeroCount","23","","Str_UI_Mission_AchievementList_0016","FreindshipRankCompleteHeroCount","23","12","Item_Coin_MemoryCoin","2","",""
"Achievement_FreindshipRankCompleteHeroCount_24","MissionGroup_Achievement","FreindshipRankCompleteHeroCount","24","","Str_UI_Mission_AchievementList_0016","FreindshipRankCompleteHeroCount","24","12","Item_Coin_MemoryCoin","2","",""
"Achievement_FreindshipRankCompleteHeroCount_25","MissionGroup_Achievement","FreindshipRankCompleteHeroCount","25","","Str_UI_Mission_AchievementList_0016","FreindshipRankCompleteHeroCount","25","12","Item_Coin_MemoryCoin","2","",""
"Achievement_FreindshipRankCompleteHeroCount_26","MissionGroup_Achievement","FreindshipRankCompleteHeroCount","26","","Str_UI_Mission_AchievementList_0016","FreindshipRankCompleteHeroCount","26","12","Item_Coin_MemoryCoin","2","",""
"Achievement_FreindshipRankCompleteHeroCount_27","MissionGroup_Achievement","FreindshipRankCompleteHeroCount","27","","Str_UI_Mission_AchievementList_0016","FreindshipRankCompleteHeroCount","27","12","Item_Coin_MemoryCoin","2","",""
"Achievement_FreindshipRankCompleteHeroCount_28","MissionGroup_Achievement","FreindshipRankCompleteHeroCount","28","","Str_UI_Mission_AchievementList_0016","FreindshipRankCompleteHeroCount","28","12","Item_Coin_MemoryCoin","2","",""
"Achievement_FreindshipRankCompleteHeroCount_29","MissionGroup_Achievement","FreindshipRankCompleteHeroCount","29","","Str_UI_Mission_AchievementList_0016","FreindshipRankCompleteHeroCount","29","12","Item_Coin_MemoryCoin","2","",""
"Achievement_FreindshipRankCompleteHeroCount_30","MissionGroup_Achievement","FreindshipRankCompleteHeroCount","30","","Str_UI_Mission_AchievementList_0016","FreindshipRankCompleteHeroCount","30","12","Item_Coin_MemoryCoin","2","",""
"Achievement_FreindshipRankCompleteHeroCount_31","MissionGroup_Achievement","FreindshipRankCompleteHeroCount","31","","Str_UI_Mission_AchievementList_0016","FreindshipRankCompleteHeroCount","31","12","Item_Coin_MemoryCoin","2","",""
"Achievement_FreindshipRankCompleteHeroCount_32","MissionGroup_Achievement","FreindshipRankCompleteHeroCount","32","","Str_UI_Mission_AchievementList_0016","FreindshipRankCompleteHeroCount","32","12","Item_Coin_MemoryCoin","2","",""
"Achievement_FreindshipRankCompleteHeroCount_33","MissionGroup_Achievement","FreindshipRankCompleteHeroCount","33","","Str_UI_Mission_AchievementList_0016","FreindshipRankCompleteHeroCount","33","12","Item_Coin_MemoryCoin","2","",""
"Achievement_FreindshipRankCompleteHeroCount_34","MissionGroup_Achievement","FreindshipRankCompleteHeroCount","34","","Str_UI_Mission_AchievementList_0016","FreindshipRankCompleteHeroCount","34","12","Item_Coin_MemoryCoin","2","",""
"Achievement_FreindshipRankCompleteHeroCount_35","MissionGroup_Achievement","FreindshipRankCompleteHeroCount","35","","Str_UI_Mission_AchievementList_0016","FreindshipRankCompleteHeroCount","35","12","Item_Coin_MemoryCoin","2","",""
"Achievement_FreindshipRankCompleteHeroCount_36","MissionGroup_Achievement","FreindshipRankCompleteHeroCount","36","","Str_UI_Mission_AchievementList_0016","FreindshipRankCompleteHeroCount","36","12","Item_Coin_MemoryCoin","2","",""
"Achievement_FreindshipRankCompleteHeroCount_37","MissionGroup_Achievement","FreindshipRankCompleteHeroCount","37","","Str_UI_Mission_AchievementList_0016","FreindshipRankCompleteHeroCount","37","12","Item_Coin_MemoryCoin","2","",""
"Achievement_FreindshipRankCompleteHeroCount_38","MissionGroup_Achievement","FreindshipRankCompleteHeroCount","38","","Str_UI_Mission_AchievementList_0016","FreindshipRankCompleteHeroCount","38","12","Item_Coin_MemoryCoin","2","",""
"Achievement_FreindshipRankCompleteHeroCount_39","MissionGroup_Achievement","FreindshipRankCompleteHeroCount","39","","Str_UI_Mission_AchievementList_0016","FreindshipRankCompleteHeroCount","39","12","Item_Coin_MemoryCoin","2","",""
"Achievement_FreindshipRankCompleteHeroCount_40","MissionGroup_Achievement","FreindshipRankCompleteHeroCount","40","","Str_UI_Mission_AchievementList_0016","FreindshipRankCompleteHeroCount","40","12","Item_Coin_MemoryCoin","2","",""
"Achievement_FreindshipRankCompleteHeroCount_41","MissionGroup_Achievement","FreindshipRankCompleteHeroCount","41","","Str_UI_Mission_AchievementList_0016","FreindshipRankCompleteHeroCount","41","12","Item_Coin_MemoryCoin","2","",""
"Achievement_FreindshipRankCompleteHeroCount_42","MissionGroup_Achievement","FreindshipRankCompleteHeroCount","42","","Str_UI_Mission_AchievementList_0016","FreindshipRankCompleteHeroCount","42","12","Item_Coin_MemoryCoin","2","",""
"Achievement_FreindshipRankCompleteHeroCount_43","MissionGroup_Achievement","FreindshipRankCompleteHeroCount","43","","Str_UI_Mission_AchievementList_0016","FreindshipRankCompleteHeroCount","43","12","Item_Coin_MemoryCoin","2","",""
"Achievement_FreindshipRankCompleteHeroCount_44","MissionGroup_Achievement","FreindshipRankCompleteHeroCount","44","","Str_UI_Mission_AchievementList_0016","FreindshipRankCompleteHeroCount","44","12","Item_Coin_MemoryCoin","2","",""
"Achievement_FreindshipRankCompleteHeroCount_45","MissionGroup_Achievement","FreindshipRankCompleteHeroCount","45","","Str_UI_Mission_AchievementList_0016","FreindshipRankCompleteHeroCount","45","12","Item_Coin_MemoryCoin","2","",""
"Achievement_FreindshipRankCompleteHeroCount_46","MissionGroup_Achievement","FreindshipRankCompleteHeroCount","46","","Str_UI_Mission_AchievementList_0016","FreindshipRankCompleteHeroCount","46","12","Item_Coin_MemoryCoin","2","",""
"Achievement_FreindshipRankCompleteHeroCount_47","MissionGroup_Achievement","FreindshipRankCompleteHeroCount","47","","Str_UI_Mission_AchievementList_0016","FreindshipRankCompleteHeroCount","47","12","Item_Coin_MemoryCoin","2","",""
"Achievement_FreindshipRankCompleteHeroCount_48","MissionGroup_Achievement","FreindshipRankCompleteHeroCount","48","","Str_UI_Mission_AchievementList_0016","FreindshipRankCompleteHeroCount","48","12","Item_Coin_MemoryCoin","2","",""
"Achievement_FreindshipRankCompleteHeroCount_49","MissionGroup_Achievement","FreindshipRankCompleteHeroCount","49","","Str_UI_Mission_AchievementList_0016","FreindshipRankCompleteHeroCount","49","12","Item_Coin_MemoryCoin","2","",""
"Achievement_FreindshipRankCompleteHeroCount_50","MissionGroup_Achievement","FreindshipRankCompleteHeroCount","50","","Str_UI_Mission_AchievementList_0016","FreindshipRankCompleteHeroCount","50","12","Item_Coin_MemoryCoin","2","",""
"Achievement_FreindshipRankCompleteHeroCount_51","MissionGroup_Achievement","FreindshipRankCompleteHeroCount","51","","Str_UI_Mission_AchievementList_0016","FreindshipRankCompleteHeroCount","51","12","Item_Coin_MemoryCoin","2","",""
"Achievement_FreindshipRankCompleteHeroCount_52","MissionGroup_Achievement","FreindshipRankCompleteHeroCount","52","","Str_UI_Mission_AchievementList_0016","FreindshipRankCompleteHeroCount","52","12","Item_Coin_MemoryCoin","2","",""
"Achievement_FreindshipRankCompleteHeroCount_53","MissionGroup_Achievement","FreindshipRankCompleteHeroCount","53","","Str_UI_Mission_AchievementList_0016","FreindshipRankCompleteHeroCount","53","12","Item_Coin_MemoryCoin","2","",""
"Achievement_FreindshipRankCompleteHeroCount_54","MissionGroup_Achievement","FreindshipRankCompleteHeroCount","54","","Str_UI_Mission_AchievementList_0016","FreindshipRankCompleteHeroCount","54","12","Item_Coin_MemoryCoin","2","",""
"Achievement_FreindshipRankCompleteHeroCount_55","MissionGroup_Achievement","FreindshipRankCompleteHeroCount","55","","Str_UI_Mission_AchievementList_0016","FreindshipRankCompleteHeroCount","55","12","Item_Coin_MemoryCoin","2","",""
"Achievement_FreindshipRankCompleteHeroCount_56","MissionGroup_Achievement","FreindshipRankCompleteHeroCount","56","","Str_UI_Mission_AchievementList_0016","FreindshipRankCompleteHeroCount","56","12","Item_Coin_MemoryCoin","2","",""
"Achievement_FreindshipRankCompleteHeroCount_57","MissionGroup_Achievement","FreindshipRankCompleteHeroCount","57","","Str_UI_Mission_AchievementList_0016","FreindshipRankCompleteHeroCount","57","12","Item_Coin_MemoryCoin","2","",""
"Achievement_FreindshipRankCompleteHeroCount_58","MissionGroup_Achievement","FreindshipRankCompleteHeroCount","58","","Str_UI_Mission_AchievementList_0016","FreindshipRankCompleteHeroCount","58","12","Item_Coin_MemoryCoin","2","",""
"Achievement_FreindshipRankCompleteHeroCount_59","MissionGroup_Achievement","FreindshipRankCompleteHeroCount","59","","Str_UI_Mission_AchievementList_0016","FreindshipRankCompleteHeroCount","59","12","Item_Coin_MemoryCoin","2","",""
"Achievement_FreindshipRankCompleteHeroCount_60","MissionGroup_Achievement","FreindshipRankCompleteHeroCount","60","","Str_UI_Mission_AchievementList_0016","FreindshipRankCompleteHeroCount","60","12","Item_Coin_MemoryCoin","2","",""
"Achievement_FreindshipRankCompleteHeroCount_61","MissionGroup_Achievement","FreindshipRankCompleteHeroCount","61","","Str_UI_Mission_AchievementList_0016","FreindshipRankCompleteHeroCount","61","12","Item_Coin_MemoryCoin","2","",""
"Achievement_FreindshipRankCompleteHeroCount_62","MissionGroup_Achievement","FreindshipRankCompleteHeroCount","62","","Str_UI_Mission_AchievementList_0016","FreindshipRankCompleteHeroCount","62","12","Item_Coin_MemoryCoin","2","",""
"Achievement_FreindshipRankCompleteHeroCount_63","MissionGroup_Achievement","FreindshipRankCompleteHeroCount","63","","Str_UI_Mission_AchievementList_0016","FreindshipRankCompleteHeroCount","63","12","Item_Coin_MemoryCoin","2","",""
"Achievement_FreindshipRankCompleteHeroCount_64","MissionGroup_Achievement","FreindshipRankCompleteHeroCount","64","","Str_UI_Mission_AchievementList_0016","FreindshipRankCompleteHeroCount","64","12","Item_Coin_MemoryCoin","2","",""
"Achievement_FreindshipRankCompleteHeroCount_65","MissionGroup_Achievement","FreindshipRankCompleteHeroCount","65","","Str_UI_Mission_AchievementList_0016","FreindshipRankCompleteHeroCount","65","12","Item_Coin_MemoryCoin","2","",""
"Achievement_FreindshipRankCompleteHeroCount_66","MissionGroup_Achievement","FreindshipRankCompleteHeroCount","66","","Str_UI_Mission_AchievementList_0016","FreindshipRankCompleteHeroCount","66","12","Item_Coin_MemoryCoin","2","",""
"Achievement_FreindshipRankCompleteHeroCount_67","MissionGroup_Achievement","FreindshipRankCompleteHeroCount","67","","Str_UI_Mission_AchievementList_0016","FreindshipRankCompleteHeroCount","67","12","Item_Coin_MemoryCoin","2","",""
"Achievement_FreindshipRankCompleteHeroCount_68","MissionGroup_Achievement","FreindshipRankCompleteHeroCount","68","","Str_UI_Mission_AchievementList_0016","FreindshipRankCompleteHeroCount","68","12","Item_Coin_MemoryCoin","2","",""
"Achievement_FreindshipRankCompleteHeroCount_69","MissionGroup_Achievement","FreindshipRankCompleteHeroCount","69","","Str_UI_Mission_AchievementList_0016","FreindshipRankCompleteHeroCount","69","12","Item_Coin_MemoryCoin","2","",""
"Achievement_FreindshipRankCompleteHeroCount_70","MissionGroup_Achievement","FreindshipRankCompleteHeroCount","70","","Str_UI_Mission_AchievementList_0016","FreindshipRankCompleteHeroCount","70","12","Item_Coin_MemoryCoin","2","",""
"Achievement_FreindshipRankCompleteHeroCount_71","MissionGroup_Achievement","FreindshipRankCompleteHeroCount","71","","Str_UI_Mission_AchievementList_0016","FreindshipRankCompleteHeroCount","71","12","Item_Coin_MemoryCoin","2","",""
"Achievement_FreindshipRankCompleteHeroCount_72","MissionGroup_Achievement","FreindshipRankCompleteHeroCount","72","","Str_UI_Mission_AchievementList_0016","FreindshipRankCompleteHeroCount","72","12","Item_Coin_MemoryCoin","2","",""
"Achievement_FreindshipRankCompleteHeroCount_73","MissionGroup_Achievement","FreindshipRankCompleteHeroCount","73","","Str_UI_Mission_AchievementList_0016","FreindshipRankCompleteHeroCount","73","12","Item_Coin_MemoryCoin","2","",""
"Achievement_FreindshipRankCompleteHeroCount_74","MissionGroup_Achievement","FreindshipRankCompleteHeroCount","74","","Str_UI_Mission_AchievementList_0016","FreindshipRankCompleteHeroCount","74","12","Item_Coin_MemoryCoin","2","",""
"Achievement_FreindshipRankCompleteHeroCount_75","MissionGroup_Achievement","FreindshipRankCompleteHeroCount","75","","Str_UI_Mission_AchievementList_0016","FreindshipRankCompleteHeroCount","75","12","Item_Coin_MemoryCoin","2","",""
"Achievement_FreindshipRankCompleteHeroCount_76","MissionGroup_Achievement","FreindshipRankCompleteHeroCount","76","","Str_UI_Mission_AchievementList_0016","FreindshipRankCompleteHeroCount","76","12","Item_Coin_MemoryCoin","2","",""
"Achievement_FreindshipRankCompleteHeroCount_77","MissionGroup_Achievement","FreindshipRankCompleteHeroCount","77","","Str_UI_Mission_AchievementList_0016","FreindshipRankCompleteHeroCount","77","12","Item_Coin_MemoryCoin","2","",""
"Achievement_FreindshipRankCompleteHeroCount_78","MissionGroup_Achievement","FreindshipRankCompleteHeroCount","78","","Str_UI_Mission_AchievementList_0016","FreindshipRankCompleteHeroCount","78","12","Item_Coin_MemoryCoin","2","",""
"Achievement_FreindshipRankCompleteHeroCount_79","MissionGroup_Achievement","FreindshipRankCompleteHeroCount","79","","Str_UI_Mission_AchievementList_0016","FreindshipRankCompleteHeroCount","79","12","Item_Coin_MemoryCoin","2","",""
"Achievement_FreindshipRankCompleteHeroCount_80","MissionGroup_Achievement","FreindshipRankCompleteHeroCount","80","","Str_UI_Mission_AchievementList_0016","FreindshipRankCompleteHeroCount","80","12","Item_Coin_MemoryCoin","2","",""
"Achievement_FreindshipRankCompleteHeroCount_81","MissionGroup_Achievement","FreindshipRankCompleteHeroCount","81","","Str_UI_Mission_AchievementList_0016","FreindshipRankCompleteHeroCount","81","12","Item_Coin_MemoryCoin","2","",""
"Achievement_FreindshipRankCompleteHeroCount_82","MissionGroup_Achievement","FreindshipRankCompleteHeroCount","82","","Str_UI_Mission_AchievementList_0016","FreindshipRankCompleteHeroCount","82","12","Item_Coin_MemoryCoin","2","",""
"Achievement_FreindshipRankCompleteHeroCount_83","MissionGroup_Achievement","FreindshipRankCompleteHeroCount","83","","Str_UI_Mission_AchievementList_0016","FreindshipRankCompleteHeroCount","83","12","Item_Coin_MemoryCoin","2","",""
"Achievement_FreindshipRankCompleteHeroCount_84","MissionGroup_Achievement","FreindshipRankCompleteHeroCount","84","","Str_UI_Mission_AchievementList_0016","FreindshipRankCompleteHeroCount","84","12","Item_Coin_MemoryCoin","2","",""
"Achievement_FreindshipRankCompleteHeroCount_85","MissionGroup_Achievement","FreindshipRankCompleteHeroCount","85","","Str_UI_Mission_AchievementList_0016","FreindshipRankCompleteHeroCount","85","12","Item_Coin_MemoryCoin","2","",""
"Achievement_FreindshipRankCompleteHeroCount_86","MissionGroup_Achievement","FreindshipRankCompleteHeroCount","86","","Str_UI_Mission_AchievementList_0016","FreindshipRankCompleteHeroCount","86","12","Item_Coin_MemoryCoin","2","",""
"Achievement_FreindshipRankCompleteHeroCount_87","MissionGroup_Achievement","FreindshipRankCompleteHeroCount","87","","Str_UI_Mission_AchievementList_0016","FreindshipRankCompleteHeroCount","87","12","Item_Coin_MemoryCoin","2","",""
"Achievement_FreindshipRankCompleteHeroCount_88","MissionGroup_Achievement","FreindshipRankCompleteHeroCount","88","","Str_UI_Mission_AchievementList_0016","FreindshipRankCompleteHeroCount","88","12","Item_Coin_MemoryCoin","2","",""
"Achievement_FreindshipRankCompleteHeroCount_89","MissionGroup_Achievement","FreindshipRankCompleteHeroCount","89","","Str_UI_Mission_AchievementList_0016","FreindshipRankCompleteHeroCount","89","12","Item_Coin_MemoryCoin","2","",""
"Achievement_FreindshipRankCompleteHeroCount_90","MissionGroup_Achievement","FreindshipRankCompleteHeroCount","90","","Str_UI_Mission_AchievementList_0016","FreindshipRankCompleteHeroCount","90","12","Item_Coin_MemoryCoin","2","",""
"Achievement_FreindshipRankCompleteHeroCount_91","MissionGroup_Achievement","FreindshipRankCompleteHeroCount","91","","Str_UI_Mission_AchievementList_0016","FreindshipRankCompleteHeroCount","91","12","Item_Coin_MemoryCoin","2","",""
"Achievement_FreindshipRankCompleteHeroCount_92","MissionGroup_Achievement","FreindshipRankCompleteHeroCount","92","","Str_UI_Mission_AchievementList_0016","FreindshipRankCompleteHeroCount","92","12","Item_Coin_MemoryCoin","2","",""
"Achievement_FreindshipRankCompleteHeroCount_93","MissionGroup_Achievement","FreindshipRankCompleteHeroCount","93","","Str_UI_Mission_AchievementList_0016","FreindshipRankCompleteHeroCount","93","12","Item_Coin_MemoryCoin","2","",""
"Achievement_FreindshipRankCompleteHeroCount_94","MissionGroup_Achievement","FreindshipRankCompleteHeroCount","94","","Str_UI_Mission_AchievementList_0016","FreindshipRankCompleteHeroCount","94","12","Item_Coin_MemoryCoin","2","",""
"Achievement_FreindshipRankCompleteHeroCount_95","MissionGroup_Achievement","FreindshipRankCompleteHeroCount","95","","Str_UI_Mission_AchievementList_0016","FreindshipRankCompleteHeroCount","95","12","Item_Coin_MemoryCoin","2","",""
"Achievement_FreindshipRankCompleteHeroCount_96","MissionGroup_Achievement","FreindshipRankCompleteHeroCount","96","","Str_UI_Mission_AchievementList_0016","FreindshipRankCompleteHeroCount","96","12","Item_Coin_MemoryCoin","2","",""
"Achievement_FreindshipRankCompleteHeroCount_97","MissionGroup_Achievement","FreindshipRankCompleteHeroCount","97","","Str_UI_Mission_AchievementList_0016","FreindshipRankCompleteHeroCount","97","12","Item_Coin_MemoryCoin","2","",""
"Achievement_FreindshipRankCompleteHeroCount_98","MissionGroup_Achievement","FreindshipRankCompleteHeroCount","98","","Str_UI_Mission_AchievementList_0016","FreindshipRankCompleteHeroCount","98","12","Item_Coin_MemoryCoin","2","",""
"Achievement_FreindshipRankCompleteHeroCount_99","MissionGroup_Achievement","FreindshipRankCompleteHeroCount","99","","Str_UI_Mission_AchievementList_0016","FreindshipRankCompleteHeroCount","99","12","Item_Coin_MemoryCoin","2","",""
"Achievement_FreindshipRankCompleteHeroCount_100","MissionGroup_Achievement","FreindshipRankCompleteHeroCount","100","","Str_UI_Mission_AchievementList_0016","FreindshipRankCompleteHeroCount","100","12","Item_Coin_MemoryCoin","2","",""
"Achievement_MemorialGetCount_01","MissionGroup_Achievement","MemorialGetCount","1","","Str_UI_Mission_AchievementList_0017","MemorialGetCount","1","","Coin_TaleStone","50","",""
"Achievement_MemorialGetCount_02","MissionGroup_Achievement","MemorialGetCount","2","","Str_UI_Mission_AchievementList_0017","MemorialGetCount","2","","Coin_TaleStone","50","",""
"Achievement_MemorialGetCount_03","MissionGroup_Achievement","MemorialGetCount","3","","Str_UI_Mission_AchievementList_0017","MemorialGetCount","3","","Coin_TaleStone","50","",""
"Achievement_MemorialGetCount_04","MissionGroup_Achievement","MemorialGetCount","4","","Str_UI_Mission_AchievementList_0017","MemorialGetCount","4","","Coin_TaleStone","50","",""
"Achievement_MemorialGetCount_05","MissionGroup_Achievement","MemorialGetCount","5","","Str_UI_Mission_AchievementList_0017","MemorialGetCount","5","","Coin_TaleStone","50","",""
"Achievement_MemorialGetCount_06","MissionGroup_Achievement","MemorialGetCount","6","","Str_UI_Mission_AchievementList_0017","MemorialGetCount","6","","Coin_TaleStone","50","",""
"Achievement_MemorialGetCount_07","MissionGroup_Achievement","MemorialGetCount","7","","Str_UI_Mission_AchievementList_0017","MemorialGetCount","7","","Coin_TaleStone","50","",""
"Achievement_MemorialGetCount_08","MissionGroup_Achievement","MemorialGetCount","8","","Str_UI_Mission_AchievementList_0017","MemorialGetCount","8","","Coin_TaleStone","50","",""
"Achievement_MemorialGetCount_09","MissionGroup_Achievement","MemorialGetCount","9","","Str_UI_Mission_AchievementList_0017","MemorialGetCount","9","","Coin_TaleStone","50","",""
"Achievement_MemorialGetCount_10","MissionGroup_Achievement","MemorialGetCount","10","","Str_UI_Mission_AchievementList_0017","MemorialGetCount","10","","Coin_TaleStone","50","",""
"Achievement_MemorialGetCount_11","MissionGroup_Achievement","MemorialGetCount","11","","Str_UI_Mission_AchievementList_0017","MemorialGetCount","11","","Coin_TaleStone","50","",""
"Achievement_MemorialGetCount_12","MissionGroup_Achievement","MemorialGetCount","12","","Str_UI_Mission_AchievementList_0017","MemorialGetCount","12","","Coin_TaleStone","50","",""
"Achievement_MemorialGetCount_13","MissionGroup_Achievement","MemorialGetCount","13","","Str_UI_Mission_AchievementList_0017","MemorialGetCount","13","","Coin_TaleStone","50","",""
"Achievement_MemorialGetCount_14","MissionGroup_Achievement","MemorialGetCount","14","","Str_UI_Mission_AchievementList_0017","MemorialGetCount","14","","Coin_TaleStone","50","",""
"Achievement_MemorialGetCount_15","MissionGroup_Achievement","MemorialGetCount","15","","Str_UI_Mission_AchievementList_0017","MemorialGetCount","15","","Coin_TaleStone","50","",""
"Achievement_MemorialGetCount_16","MissionGroup_Achievement","MemorialGetCount","16","","Str_UI_Mission_AchievementList_0017","MemorialGetCount","16","","Coin_TaleStone","50","",""
"Achievement_MemorialGetCount_17","MissionGroup_Achievement","MemorialGetCount","17","","Str_UI_Mission_AchievementList_0017","MemorialGetCount","17","","Coin_TaleStone","50","",""
"Achievement_MemorialGetCount_18","MissionGroup_Achievement","MemorialGetCount","18","","Str_UI_Mission_AchievementList_0017","MemorialGetCount","18","","Coin_TaleStone","50","",""
"Achievement_MemorialGetCount_19","MissionGroup_Achievement","MemorialGetCount","19","","Str_UI_Mission_AchievementList_0017","MemorialGetCount","19","","Coin_TaleStone","50","",""
"Achievement_MemorialGetCount_20","MissionGroup_Achievement","MemorialGetCount","20","","Str_UI_Mission_AchievementList_0017","MemorialGetCount","20","","Coin_TaleStone","50","",""
"Achievement_MemorialGetCount_21","MissionGroup_Achievement","MemorialGetCount","21","","Str_UI_Mission_AchievementList_0017","MemorialGetCount","21","","Coin_TaleStone","50","",""
"Achievement_MemorialGetCount_22","MissionGroup_Achievement","MemorialGetCount","22","","Str_UI_Mission_AchievementList_0017","MemorialGetCount","22","","Coin_TaleStone","50","",""
"Achievement_MemorialGetCount_23","MissionGroup_Achievement","MemorialGetCount","23","","Str_UI_Mission_AchievementList_0017","MemorialGetCount","23","","Coin_TaleStone","50","",""
"Achievement_MemorialGetCount_24","MissionGroup_Achievement","MemorialGetCount","24","","Str_UI_Mission_AchievementList_0017","MemorialGetCount","24","","Coin_TaleStone","50","",""
"Achievement_MemorialGetCount_25","MissionGroup_Achievement","MemorialGetCount","25","","Str_UI_Mission_AchievementList_0017","MemorialGetCount","25","","Coin_TaleStone","50","",""
"Achievement_MemorialGetCount_26","MissionGroup_Achievement","MemorialGetCount","26","","Str_UI_Mission_AchievementList_0017","MemorialGetCount","26","","Coin_TaleStone","50","",""
"Achievement_MemorialGetCount_27","MissionGroup_Achievement","MemorialGetCount","27","","Str_UI_Mission_AchievementList_0017","MemorialGetCount","27","","Coin_TaleStone","50","",""
"Achievement_MemorialGetCount_28","MissionGroup_Achievement","MemorialGetCount","28","","Str_UI_Mission_AchievementList_0017","MemorialGetCount","28","","Coin_TaleStone","50","",""
"Achievement_MemorialGetCount_29","MissionGroup_Achievement","MemorialGetCount","29","","Str_UI_Mission_AchievementList_0017","MemorialGetCount","29","","Coin_TaleStone","50","",""
"Achievement_MemorialGetCount_30","MissionGroup_Achievement","MemorialGetCount","30","","Str_UI_Mission_AchievementList_0017","MemorialGetCount","30","","Coin_TaleStone","50","",""
"Achievement_MemorialGetCount_31","MissionGroup_Achievement","MemorialGetCount","31","","Str_UI_Mission_AchievementList_0017","MemorialGetCount","31","","Coin_TaleStone","50","",""
"Achievement_MemorialGetCount_32","MissionGroup_Achievement","MemorialGetCount","32","","Str_UI_Mission_AchievementList_0017","MemorialGetCount","32","","Coin_TaleStone","50","",""
"Achievement_MemorialGetCount_33","MissionGroup_Achievement","MemorialGetCount","33","","Str_UI_Mission_AchievementList_0017","MemorialGetCount","33","","Coin_TaleStone","50","",""
"Achievement_MemorialGetCount_34","MissionGroup_Achievement","MemorialGetCount","34","","Str_UI_Mission_AchievementList_0017","MemorialGetCount","34","","Coin_TaleStone","50","",""
"Achievement_MemorialGetCount_35","MissionGroup_Achievement","MemorialGetCount","35","","Str_UI_Mission_AchievementList_0017","MemorialGetCount","35","","Coin_TaleStone","50","",""
"Achievement_MemorialGetCount_36","MissionGroup_Achievement","MemorialGetCount","36","","Str_UI_Mission_AchievementList_0017","MemorialGetCount","36","","Coin_TaleStone","50","",""
"Achievement_MemorialGetCount_37","MissionGroup_Achievement","MemorialGetCount","37","","Str_UI_Mission_AchievementList_0017","MemorialGetCount","37","","Coin_TaleStone","50","",""
"Achievement_MemorialGetCount_38","MissionGroup_Achievement","MemorialGetCount","38","","Str_UI_Mission_AchievementList_0017","MemorialGetCount","38","","Coin_TaleStone","50","",""
"Achievement_MemorialGetCount_39","MissionGroup_Achievement","MemorialGetCount","39","","Str_UI_Mission_AchievementList_0017","MemorialGetCount","39","","Coin_TaleStone","50","",""
"Achievement_MemorialGetCount_40","MissionGroup_Achievement","MemorialGetCount","40","","Str_UI_Mission_AchievementList_0017","MemorialGetCount","40","","Coin_TaleStone","50","",""
"Achievement_MemorialGetCount_41","MissionGroup_Achievement","MemorialGetCount","41","","Str_UI_Mission_AchievementList_0017","MemorialGetCount","41","","Coin_TaleStone","50","",""
"Achievement_MemorialGetCount_42","MissionGroup_Achievement","MemorialGetCount","42","","Str_UI_Mission_AchievementList_0017","MemorialGetCount","42","","Coin_TaleStone","50","",""
"Achievement_MemorialGetCount_43","MissionGroup_Achievement","MemorialGetCount","43","","Str_UI_Mission_AchievementList_0017","MemorialGetCount","43","","Coin_TaleStone","50","",""
"Achievement_MemorialGetCount_44","MissionGroup_Achievement","MemorialGetCount","44","","Str_UI_Mission_AchievementList_0017","MemorialGetCount","44","","Coin_TaleStone","50","",""
"Achievement_MemorialGetCount_45","MissionGroup_Achievement","MemorialGetCount","45","","Str_UI_Mission_AchievementList_0017","MemorialGetCount","45","","Coin_TaleStone","50","",""
"Achievement_MemorialGetCount_46","MissionGroup_Achievement","MemorialGetCount","46","","Str_UI_Mission_AchievementList_0017","MemorialGetCount","46","","Coin_TaleStone","50","",""
"Achievement_MemorialGetCount_47","MissionGroup_Achievement","MemorialGetCount","47","","Str_UI_Mission_AchievementList_0017","MemorialGetCount","47","","Coin_TaleStone","50","",""
"Achievement_MemorialGetCount_48","MissionGroup_Achievement","MemorialGetCount","48","","Str_UI_Mission_AchievementList_0017","MemorialGetCount","48","","Coin_TaleStone","50","",""
"Achievement_MemorialGetCount_49","MissionGroup_Achievement","MemorialGetCount","49","","Str_UI_Mission_AchievementList_0017","MemorialGetCount","49","","Coin_TaleStone","50","",""
"Achievement_MemorialGetCount_50","MissionGroup_Achievement","MemorialGetCount","50","","Str_UI_Mission_AchievementList_0017","MemorialGetCount","50","","Coin_TaleStone","50","",""
"Achievement_MemorialGetCount_51","MissionGroup_Achievement","MemorialGetCount","51","","Str_UI_Mission_AchievementList_0017","MemorialGetCount","51","","Coin_TaleStone","50","",""
"Achievement_MemorialGetCount_52","MissionGroup_Achievement","MemorialGetCount","52","","Str_UI_Mission_AchievementList_0017","MemorialGetCount","52","","Coin_TaleStone","50","",""
"Achievement_MemorialGetCount_53","MissionGroup_Achievement","MemorialGetCount","53","","Str_UI_Mission_AchievementList_0017","MemorialGetCount","53","","Coin_TaleStone","50","",""
"Achievement_MemorialGetCount_54","MissionGroup_Achievement","MemorialGetCount","54","","Str_UI_Mission_AchievementList_0017","MemorialGetCount","54","","Coin_TaleStone","50","",""
"Achievement_MemorialGetCount_55","MissionGroup_Achievement","MemorialGetCount","55","","Str_UI_Mission_AchievementList_0017","MemorialGetCount","55","","Coin_TaleStone","50","",""
"Achievement_MemorialGetCount_56","MissionGroup_Achievement","MemorialGetCount","56","","Str_UI_Mission_AchievementList_0017","MemorialGetCount","56","","Coin_TaleStone","50","",""
"Achievement_MemorialGetCount_57","MissionGroup_Achievement","MemorialGetCount","57","","Str_UI_Mission_AchievementList_0017","MemorialGetCount","57","","Coin_TaleStone","50","",""
"Achievement_MemorialGetCount_58","MissionGroup_Achievement","MemorialGetCount","58","","Str_UI_Mission_AchievementList_0017","MemorialGetCount","58","","Coin_TaleStone","50","",""
"Achievement_MemorialGetCount_59","MissionGroup_Achievement","MemorialGetCount","59","","Str_UI_Mission_AchievementList_0017","MemorialGetCount","59","","Coin_TaleStone","50","",""
"Achievement_MemorialGetCount_60","MissionGroup_Achievement","MemorialGetCount","60","","Str_UI_Mission_AchievementList_0017","MemorialGetCount","60","","Coin_TaleStone","50","",""
"Achievement_MemorialGetCount_61","MissionGroup_Achievement","MemorialGetCount","61","","Str_UI_Mission_AchievementList_0017","MemorialGetCount","61","","Coin_TaleStone","50","",""
"Achievement_MemorialGetCount_62","MissionGroup_Achievement","MemorialGetCount","62","","Str_UI_Mission_AchievementList_0017","MemorialGetCount","62","","Coin_TaleStone","50","",""
"Achievement_MemorialGetCount_63","MissionGroup_Achievement","MemorialGetCount","63","","Str_UI_Mission_AchievementList_0017","MemorialGetCount","63","","Coin_TaleStone","50","",""
"Achievement_MemorialGetCount_64","MissionGroup_Achievement","MemorialGetCount","64","","Str_UI_Mission_AchievementList_0017","MemorialGetCount","64","","Coin_TaleStone","50","",""
"Achievement_MemorialGetCount_65","MissionGroup_Achievement","MemorialGetCount","65","","Str_UI_Mission_AchievementList_0017","MemorialGetCount","65","","Coin_TaleStone","50","",""
"Achievement_MemorialGetCount_66","MissionGroup_Achievement","MemorialGetCount","66","","Str_UI_Mission_AchievementList_0017","MemorialGetCount","66","","Coin_TaleStone","50","",""
"Achievement_MemorialGetCount_67","MissionGroup_Achievement","MemorialGetCount","67","","Str_UI_Mission_AchievementList_0017","MemorialGetCount","67","","Coin_TaleStone","50","",""
"Achievement_MemorialGetCount_68","MissionGroup_Achievement","MemorialGetCount","68","","Str_UI_Mission_AchievementList_0017","MemorialGetCount","68","","Coin_TaleStone","50","",""
"Achievement_MemorialGetCount_69","MissionGroup_Achievement","MemorialGetCount","69","","Str_UI_Mission_AchievementList_0017","MemorialGetCount","69","","Coin_TaleStone","50","",""
"Achievement_MemorialGetCount_70","MissionGroup_Achievement","MemorialGetCount","70","","Str_UI_Mission_AchievementList_0017","MemorialGetCount","70","","Coin_TaleStone","50","",""
"Achievement_MemorialGetCount_71","MissionGroup_Achievement","MemorialGetCount","71","","Str_UI_Mission_AchievementList_0017","MemorialGetCount","71","","Coin_TaleStone","50","",""
"Achievement_MemorialGetCount_72","MissionGroup_Achievement","MemorialGetCount","72","","Str_UI_Mission_AchievementList_0017","MemorialGetCount","72","","Coin_TaleStone","50","",""
"Achievement_MemorialGetCount_73","MissionGroup_Achievement","MemorialGetCount","73","","Str_UI_Mission_AchievementList_0017","MemorialGetCount","73","","Coin_TaleStone","50","",""
"Achievement_MemorialGetCount_74","MissionGroup_Achievement","MemorialGetCount","74","","Str_UI_Mission_AchievementList_0017","MemorialGetCount","74","","Coin_TaleStone","50","",""
"Achievement_MemorialGetCount_75","MissionGroup_Achievement","MemorialGetCount","75","","Str_UI_Mission_AchievementList_0017","MemorialGetCount","75","","Coin_TaleStone","50","",""
"Achievement_MemorialGetCount_76","MissionGroup_Achievement","MemorialGetCount","76","","Str_UI_Mission_AchievementList_0017","MemorialGetCount","76","","Coin_TaleStone","50","",""
"Achievement_MemorialGetCount_77","MissionGroup_Achievement","MemorialGetCount","77","","Str_UI_Mission_AchievementList_0017","MemorialGetCount","77","","Coin_TaleStone","50","",""
"Achievement_MemorialGetCount_78","MissionGroup_Achievement","MemorialGetCount","78","","Str_UI_Mission_AchievementList_0017","MemorialGetCount","78","","Coin_TaleStone","50","",""
"Achievement_MemorialGetCount_79","MissionGroup_Achievement","MemorialGetCount","79","","Str_UI_Mission_AchievementList_0017","MemorialGetCount","79","","Coin_TaleStone","50","",""
"Achievement_MemorialGetCount_80","MissionGroup_Achievement","MemorialGetCount","80","","Str_UI_Mission_AchievementList_0017","MemorialGetCount","80","","Coin_TaleStone","50","",""
"Achievement_MemorialGetCount_81","MissionGroup_Achievement","MemorialGetCount","81","","Str_UI_Mission_AchievementList_0017","MemorialGetCount","81","","Coin_TaleStone","50","",""
"Achievement_MemorialGetCount_82","MissionGroup_Achievement","MemorialGetCount","82","","Str_UI_Mission_AchievementList_0017","MemorialGetCount","82","","Coin_TaleStone","50","",""
"Achievement_MemorialGetCount_83","MissionGroup_Achievement","MemorialGetCount","83","","Str_UI_Mission_AchievementList_0017","MemorialGetCount","83","","Coin_TaleStone","50","",""
"Achievement_MemorialGetCount_84","MissionGroup_Achievement","MemorialGetCount","84","","Str_UI_Mission_AchievementList_0017","MemorialGetCount","84","","Coin_TaleStone","50","",""
"Achievement_MemorialGetCount_85","MissionGroup_Achievement","MemorialGetCount","85","","Str_UI_Mission_AchievementList_0017","MemorialGetCount","85","","Coin_TaleStone","50","",""
"Achievement_MemorialGetCount_86","MissionGroup_Achievement","MemorialGetCount","86","","Str_UI_Mission_AchievementList_0017","MemorialGetCount","86","","Coin_TaleStone","50","",""
"Achievement_MemorialGetCount_87","MissionGroup_Achievement","MemorialGetCount","87","","Str_UI_Mission_AchievementList_0017","MemorialGetCount","87","","Coin_TaleStone","50","",""
"Achievement_MemorialGetCount_88","MissionGroup_Achievement","MemorialGetCount","88","","Str_UI_Mission_AchievementList_0017","MemorialGetCount","88","","Coin_TaleStone","50","",""
"Achievement_MemorialGetCount_89","MissionGroup_Achievement","MemorialGetCount","89","","Str_UI_Mission_AchievementList_0017","MemorialGetCount","89","","Coin_TaleStone","50","",""
"Achievement_MemorialGetCount_90","MissionGroup_Achievement","MemorialGetCount","90","","Str_UI_Mission_AchievementList_0017","MemorialGetCount","90","","Coin_TaleStone","50","",""
"Achievement_MemorialGetCount_91","MissionGroup_Achievement","MemorialGetCount","91","","Str_UI_Mission_AchievementList_0017","MemorialGetCount","91","","Coin_TaleStone","50","",""
"Achievement_MemorialGetCount_92","MissionGroup_Achievement","MemorialGetCount","92","","Str_UI_Mission_AchievementList_0017","MemorialGetCount","92","","Coin_TaleStone","50","",""
"Achievement_MemorialGetCount_93","MissionGroup_Achievement","MemorialGetCount","93","","Str_UI_Mission_AchievementList_0017","MemorialGetCount","93","","Coin_TaleStone","50","",""
"Achievement_MemorialGetCount_94","MissionGroup_Achievement","MemorialGetCount","94","","Str_UI_Mission_AchievementList_0017","MemorialGetCount","94","","Coin_TaleStone","50","",""
"Achievement_MemorialGetCount_95","MissionGroup_Achievement","MemorialGetCount","95","","Str_UI_Mission_AchievementList_0017","MemorialGetCount","95","","Coin_TaleStone","50","",""
"Achievement_MemorialGetCount_96","MissionGroup_Achievement","MemorialGetCount","96","","Str_UI_Mission_AchievementList_0017","MemorialGetCount","96","","Coin_TaleStone","50","",""
"Achievement_MemorialGetCount_97","MissionGroup_Achievement","MemorialGetCount","97","","Str_UI_Mission_AchievementList_0017","MemorialGetCount","97","","Coin_TaleStone","50","",""
"Achievement_MemorialGetCount_98","MissionGroup_Achievement","MemorialGetCount","98","","Str_UI_Mission_AchievementList_0017","MemorialGetCount","98","","Coin_TaleStone","50","",""
"Achievement_MemorialGetCount_99","MissionGroup_Achievement","MemorialGetCount","99","","Str_UI_Mission_AchievementList_0017","MemorialGetCount","99","","Coin_TaleStone","50","",""
"Achievement_MemorialGetCount_100","MissionGroup_Achievement","MemorialGetCount","100","","Str_UI_Mission_AchievementList_0017","MemorialGetCount","100","","Coin_TaleStone","50","",""
"Mission_Title_Default","MissionGroup_UserTitle","","","","Str_UI_UserTitleDesc_Default","None","","","Title_Default","1","",""
"Mission_Title_UserLevel_01","MissionGroup_UserTitle","","","","Str_UI_UserTitleDesc_UserLevel_01","ReaderLv","10","","Title_UserLevel_01","1","",""
"Mission_Title_UserLevel_02","MissionGroup_UserTitle","","","","Str_UI_UserTitleDesc_UserLevel_02","ReaderLv","20","","Title_UserLevel_02","1","",""
"Mission_Title_UserLevel_03","MissionGroup_UserTitle","","","","Str_UI_UserTitleDesc_UserLevel_03","ReaderLv","30","","Title_UserLevel_03","1","",""
"Mission_Title_MainStory_001","MissionGroup_UserTitle","","","","Str_UI_UserTitleDesc_MainStory_001","EpisodeIdComplete","1","Episode_M_002_Epilogue","Title_MainStory_001","1","",""
"Mission_Title_MainStory_002","MissionGroup_UserTitle","","","","Str_UI_UserTitleDesc_MainStory_002","EpisodeIdComplete","1","Episode_M_004_Epilogue","Title_MainStory_002","1","",""
"Mission_Title_Adventure_001","MissionGroup_UserTitle","","","","Str_UI_UserTitleDesc_Adventure_001","AdventurePartMissionAllClear","1","Part_01","Title_Adventure_001","1","",""
"Mission_Title_Adventure_002","MissionGroup_UserTitle","","","","Str_UI_UserTitleDesc_Adventure_002","AdventurePartMissionAllClear","1","Part_02","Title_Adventure_002","1","",""
"Mission_Title_Adventure_003","MissionGroup_UserTitle","","","","Str_UI_UserTitleDesc_Adventure_003","AdventurePartMissionAllClear","1","Part_03","Title_Adventure_003","1","",""
"Mission_Title_Adventure_004","MissionGroup_UserTitle","","","","Str_UI_UserTitleDesc_Adventure_004","AdventurePartMissionAllClear","1","Part_04","Title_Adventure_004","1","",""
"Mission_Title_Hero_001_S01_01","MissionGroup_UserTitle","","","","Str_UI_UserTitleDesc_Hero_001_S01_01","HeroFriendshipLevel","5","Char_001_S01_B","Title_Hero_001_S01_01","1","",""
"Mission_Title_Hero_001_S01_02","MissionGroup_UserTitle","","","","Str_UI_UserTitleDesc_Hero_001_S01_02","HeroFriendshipLevel","12","Char_001_S01_B","Title_Hero_001_S01_02","1","",""
"Mission_Title_Hero_001_S01_03","MissionGroup_UserTitle","","","","Str_UI_UserTitleDesc_Hero_001_S01_03","HeroFriendshipLevel","20","Char_001_S01_B","Title_Hero_001_S01_03","1","",""
"Mission_Title_Hero_002_S01_01","MissionGroup_UserTitle","","","","Str_UI_UserTitleDesc_Hero_002_S01_01","HeroFriendshipLevel","5","Char_002_S01_R","Title_Hero_002_S01_01","1","",""
"Mission_Title_Hero_002_S01_02","MissionGroup_UserTitle","","","","Str_UI_UserTitleDesc_Hero_002_S01_02","HeroFriendshipLevel","12","Char_002_S01_R","Title_Hero_002_S01_02","1","",""
"Mission_Title_Hero_002_S01_03","MissionGroup_UserTitle","","","","Str_UI_UserTitleDesc_Hero_002_S01_03","HeroFriendshipLevel","20","Char_002_S01_R","Title_Hero_002_S01_03","1","",""
"Mission_Title_Hero_003_S01_01","MissionGroup_UserTitle","","","","Str_UI_UserTitleDesc_Hero_003_S01_01","HeroFriendshipLevel","5","Char_003_S01_B","Title_Hero_003_S01_01","1","",""
"Mission_Title_Hero_003_S01_02","MissionGroup_UserTitle","","","","Str_UI_UserTitleDesc_Hero_003_S01_02","HeroFriendshipLevel","12","Char_003_S01_B","Title_Hero_003_S01_02","1","",""
"Mission_Title_Hero_003_S01_03","MissionGroup_UserTitle","","","","Str_UI_UserTitleDesc_Hero_003_S01_03","HeroFriendshipLevel","20","Char_003_S01_B","Title_Hero_003_S01_03","1","",""
"Mission_Title_Hero_005_S01_01","MissionGroup_UserTitle","","","","Str_UI_UserTitleDesc_Hero_005_S01_01","HeroFriendshipLevel","5","Char_005_S01_D","Title_Hero_005_S01_01","1","",""
"Mission_Title_Hero_005_S01_02","MissionGroup_UserTitle","","","","Str_UI_UserTitleDesc_Hero_005_S01_02","HeroFriendshipLevel","12","Char_005_S01_D","Title_Hero_005_S01_02","1","",""
"Mission_Title_Hero_005_S01_03","MissionGroup_UserTitle","","","","Str_UI_UserTitleDesc_Hero_005_S01_03","HeroFriendshipLevel","20","Char_005_S01_D","Title_Hero_005_S01_03","1","",""
"Mission_Title_Hero_006_S01_01","MissionGroup_UserTitle","","","","Str_UI_UserTitleDesc_Hero_006_S01_01","HeroFriendshipLevel","5","Char_006_S01_G","Title_Hero_006_S01_01","1","",""
"Mission_Title_Hero_006_S01_02","MissionGroup_UserTitle","","","","Str_UI_UserTitleDesc_Hero_006_S01_02","HeroFriendshipLevel","12","Char_006_S01_G","Title_Hero_006_S01_02","1","",""
"Mission_Title_Hero_006_S01_03","MissionGroup_UserTitle","","","","Str_UI_UserTitleDesc_Hero_006_S01_03","HeroFriendshipLevel","20","Char_006_S01_G","Title_Hero_006_S01_03","1","",""
"Mission_Title_Hero_007_S01_01","MissionGroup_UserTitle","","","","Str_UI_UserTitleDesc_Hero_007_S01_01","HeroFriendshipLevel","5","Char_007_S01_D","Title_Hero_007_S01_01","1","",""
"Mission_Title_Hero_007_S01_02","MissionGroup_UserTitle","","","","Str_UI_UserTitleDesc_Hero_007_S01_02","HeroFriendshipLevel","12","Char_007_S01_D","Title_Hero_007_S01_02","1","",""
"Mission_Title_Hero_007_S01_03","MissionGroup_UserTitle","","","","Str_UI_UserTitleDesc_Hero_007_S01_03","HeroFriendshipLevel","20","Char_007_S01_D","Title_Hero_007_S01_03","1","",""
"Mission_Title_Hero_008_S01_01","MissionGroup_UserTitle","","","","Str_UI_UserTitleDesc_Hero_008_S01_01","HeroFriendshipLevel","5","Char_008_S01_B","Title_Hero_008_S01_01","1","",""
"Mission_Title_Hero_008_S01_02","MissionGroup_UserTitle","","","","Str_UI_UserTitleDesc_Hero_008_S01_02","HeroFriendshipLevel","12","Char_008_S01_B","Title_Hero_008_S01_02","1","",""
"Mission_Title_Hero_008_S01_03","MissionGroup_UserTitle","","","","Str_UI_UserTitleDesc_Hero_008_S01_03","HeroFriendshipLevel","20","Char_008_S01_B","Title_Hero_008_S01_03","1","",""
"Mission_Title_Hero_009_S01_01","MissionGroup_UserTitle","","","","Str_UI_UserTitleDesc_Hero_009_S01_01","HeroFriendshipLevel","5","Char_009_S01_G","Title_Hero_009_S01_01","1","",""
"Mission_Title_Hero_009_S01_02","MissionGroup_UserTitle","","","","Str_UI_UserTitleDesc_Hero_009_S01_02","HeroFriendshipLevel","12","Char_009_S01_G","Title_Hero_009_S01_02","1","",""
"Mission_Title_Hero_009_S01_03","MissionGroup_UserTitle","","","","Str_UI_UserTitleDesc_Hero_009_S01_03","HeroFriendshipLevel","20","Char_009_S01_G","Title_Hero_009_S01_03","1","",""
"Mission_Title_Hero_010_S01_01","MissionGroup_UserTitle","","","","Str_UI_UserTitleDesc_Hero_010_S01_01","HeroFriendshipLevel","5","Char_010_S01_B","Title_Hero_010_S01_01","1","",""
"Mission_Title_Hero_010_S01_02","MissionGroup_UserTitle","","","","Str_UI_UserTitleDesc_Hero_010_S01_02","HeroFriendshipLevel","12","Char_010_S01_B","Title_Hero_010_S01_02","1","",""
"Mission_Title_Hero_010_S01_03","MissionGroup_UserTitle","","","","Str_UI_UserTitleDesc_Hero_010_S01_03","HeroFriendshipLevel","20","Char_010_S01_B","Title_Hero_010_S01_03","1","",""
"Mission_Title_Hero_011_S01_01","MissionGroup_UserTitle","","","","Str_UI_UserTitleDesc_Hero_011_S01_01","HeroFriendshipLevel","5","Char_011_S01_R","Title_Hero_011_S01_01","1","",""
"Mission_Title_Hero_011_S01_02","MissionGroup_UserTitle","","","","Str_UI_UserTitleDesc_Hero_011_S01_02","HeroFriendshipLevel","12","Char_011_S01_R","Title_Hero_011_S01_02","1","",""
"Mission_Title_Hero_011_S01_03","MissionGroup_UserTitle","","","","Str_UI_UserTitleDesc_Hero_011_S01_03","HeroFriendshipLevel","20","Char_011_S01_R","Title_Hero_011_S01_03","1","",""
"Mission_Title_Hero_014_S01_01","MissionGroup_UserTitle","","","","Str_UI_UserTitleDesc_Hero_014_S01_01","HeroFriendshipLevel","5","Char_014_S01_D","Title_Hero_014_S01_01","1","",""
"Mission_Title_Hero_014_S01_02","MissionGroup_UserTitle","","","","Str_UI_UserTitleDesc_Hero_014_S01_02","HeroFriendshipLevel","12","Char_014_S01_D","Title_Hero_014_S01_02","1","",""
"Mission_Title_Hero_014_S01_03","MissionGroup_UserTitle","","","","Str_UI_UserTitleDesc_Hero_014_S01_03","HeroFriendshipLevel","20","Char_014_S01_D","Title_Hero_014_S01_03","1","",""
"Mission_Title_Hero_015_S01_01","MissionGroup_UserTitle","","","","Str_UI_UserTitleDesc_Hero_015_S01_01","HeroFriendshipLevel","5","Char_015_S01_B","Title_Hero_015_S01_01","1","",""
"Mission_Title_Hero_015_S01_02","MissionGroup_UserTitle","","","","Str_UI_UserTitleDesc_Hero_015_S01_02","HeroFriendshipLevel","12","Char_015_S01_B","Title_Hero_015_S01_02","1","",""
"Mission_Title_Hero_015_S01_03","MissionGroup_UserTitle","","","","Str_UI_UserTitleDesc_Hero_015_S01_03","HeroFriendshipLevel","20","Char_015_S01_B","Title_Hero_015_S01_03","1","",""
"Mission_Title_Hero_016_S01_01","MissionGroup_UserTitle","","","","Str_UI_UserTitleDesc_Hero_016_S01_01","HeroFriendshipLevel","5","Char_016_S01_B","Title_Hero_016_S01_01","1","",""
"Mission_Title_Hero_016_S01_02","MissionGroup_UserTitle","","","","Str_UI_UserTitleDesc_Hero_016_S01_02","HeroFriendshipLevel","12","Char_016_S01_B","Title_Hero_016_S01_02","1","",""
"Mission_Title_Hero_016_S01_03","MissionGroup_UserTitle","","","","Str_UI_UserTitleDesc_Hero_016_S01_03","HeroFriendshipLevel","20","Char_016_S01_B","Title_Hero_016_S01_03","1","",""
"Mission_Title_Hero_017_S01_01","MissionGroup_UserTitle","","","","Str_UI_UserTitleDesc_Hero_017_S01_01","HeroFriendshipLevel","5","Char_017_S01_G","Title_Hero_017_S01_01","1","",""
"Mission_Title_Hero_017_S01_02","MissionGroup_UserTitle","","","","Str_UI_UserTitleDesc_Hero_017_S01_02","HeroFriendshipLevel","12","Char_017_S01_G","Title_Hero_017_S01_02","1","",""
"Mission_Title_Hero_017_S01_03","MissionGroup_UserTitle","","","","Str_UI_UserTitleDesc_Hero_017_S01_03","HeroFriendshipLevel","20","Char_017_S01_G","Title_Hero_017_S01_03","1","",""
"Mission_Title_Hero_034_S01_01","MissionGroup_UserTitle","","","","Str_UI_UserTitleDesc_Hero_034_S01_01","HeroFriendshipLevel","5","Char_034_S01_B","Title_Hero_034_S01_01","1","",""
"Mission_Title_Hero_034_S01_02","MissionGroup_UserTitle","","","","Str_UI_UserTitleDesc_Hero_034_S01_02","HeroFriendshipLevel","12","Char_034_S01_B","Title_Hero_034_S01_02","1","",""
"Mission_Title_Hero_034_S01_03","MissionGroup_UserTitle","","","","Str_UI_UserTitleDesc_Hero_034_S01_03","HeroFriendshipLevel","20","Char_034_S01_B","Title_Hero_034_S01_03","1","",""
"Mission_Title_Hero_037_S01_01","MissionGroup_UserTitle","","","","Str_UI_UserTitleDesc_Hero_037_S01_01","HeroFriendshipLevel","5","Char_037_S01_L","Title_Hero_037_S01_01","1","",""
"Mission_Title_Hero_037_S01_02","MissionGroup_UserTitle","","","","Str_UI_UserTitleDesc_Hero_037_S01_02","HeroFriendshipLevel","12","Char_037_S01_L","Title_Hero_037_S01_02","1","",""
"Mission_Title_Hero_037_S01_03","MissionGroup_UserTitle","","","","Str_UI_UserTitleDesc_Hero_037_S01_03","HeroFriendshipLevel","20","Char_037_S01_L","Title_Hero_037_S01_03","1","",""
"Mission_Title_Hero_038_S01_01","MissionGroup_UserTitle","","","","Str_UI_UserTitleDesc_Hero_038_S01_01","HeroFriendshipLevel","5","Char_038_S01_L","Title_Hero_038_S01_01","1","",""
"Mission_Title_Hero_038_S01_02","MissionGroup_UserTitle","","","","Str_UI_UserTitleDesc_Hero_038_S01_02","HeroFriendshipLevel","12","Char_038_S01_L","Title_Hero_038_S01_02","1","",""
"Mission_Title_Hero_038_S01_03","MissionGroup_UserTitle","","","","Str_UI_UserTitleDesc_Hero_038_S01_03","HeroFriendshipLevel","20","Char_038_S01_L","Title_Hero_038_S01_03","1","",""
"Mission_Title_Hero_040_S01_01","MissionGroup_UserTitle","","","","Str_UI_UserTitleDesc_Hero_040_S01_01","HeroFriendshipLevel","5","Char_040_S01_R","Title_Hero_040_S01_01","1","",""
"Mission_Title_Hero_040_S01_02","MissionGroup_UserTitle","","","","Str_UI_UserTitleDesc_Hero_040_S01_02","HeroFriendshipLevel","12","Char_040_S01_R","Title_Hero_040_S01_02","1","",""
"Mission_Title_Hero_040_S01_03","MissionGroup_UserTitle","","","","Str_UI_UserTitleDesc_Hero_040_S01_03","HeroFriendshipLevel","20","Char_040_S01_R","Title_Hero_040_S01_03","1","",""
"Mission_Title_Hero_041_S01_01","MissionGroup_UserTitle","","","","Str_UI_UserTitleDesc_Hero_041_S01_01","HeroFriendshipLevel","5","Char_041_S01_R","Title_Hero_041_S01_01","1","",""
"Mission_Title_Hero_041_S01_02","MissionGroup_UserTitle","","","","Str_UI_UserTitleDesc_Hero_041_S01_02","HeroFriendshipLevel","12","Char_041_S01_R","Title_Hero_041_S01_02","1","",""
"Mission_Title_Hero_041_S01_03","MissionGroup_UserTitle","","","","Str_UI_UserTitleDesc_Hero_041_S01_03","HeroFriendshipLevel","20","Char_041_S01_R","Title_Hero_041_S01_03","1","",""
"Mission_Title_Hero_044_S01_01","MissionGroup_UserTitle","","","","Str_UI_UserTitleDesc_Hero_044_S01_01","HeroFriendshipLevel","5","Char_044_S01_D","Title_Hero_044_S01_01","1","",""
"Mission_Title_Hero_044_S01_02","MissionGroup_UserTitle","","","","Str_UI_UserTitleDesc_Hero_044_S01_02","HeroFriendshipLevel","12","Char_044_S01_D","Title_Hero_044_S01_02","1","",""
"Mission_Title_Hero_044_S01_03","MissionGroup_UserTitle","","","","Str_UI_UserTitleDesc_Hero_044_S01_03","HeroFriendshipLevel","20","Char_044_S01_D","Title_Hero_044_S01_03","1","",""
"Mission_Title_Hero_051_S01_01","MissionGroup_UserTitle","","","","Str_UI_UserTitleDesc_Hero_051_S01_01","HeroFriendshipLevel","5","Char_051_S01_B","Title_Hero_051_S01_01","1","",""
"Mission_Title_Hero_051_S01_02","MissionGroup_UserTitle","","","","Str_UI_UserTitleDesc_Hero_051_S01_02","HeroFriendshipLevel","12","Char_051_S01_B","Title_Hero_051_S01_02","1","",""
"Mission_Title_Hero_051_S01_03","MissionGroup_UserTitle","","","","Str_UI_UserTitleDesc_Hero_051_S01_03","HeroFriendshipLevel","20","Char_051_S01_B","Title_Hero_051_S01_03","1","",""
"Mission_Title_Hero_062_S01_01","MissionGroup_UserTitle","","","","Str_UI_UserTitleDesc_Hero_062_S01_01","HeroFriendshipLevel","5","Char_062_S01_G","Title_Hero_062_S01_01","1","",""
"Mission_Title_Hero_062_S01_02","MissionGroup_UserTitle","","","","Str_UI_UserTitleDesc_Hero_062_S01_02","HeroFriendshipLevel","12","Char_062_S01_G","Title_Hero_062_S01_02","1","",""
"Mission_Title_Hero_062_S01_03","MissionGroup_UserTitle","","","","Str_UI_UserTitleDesc_Hero_062_S01_03","HeroFriendshipLevel","20","Char_062_S01_G","Title_Hero_062_S01_03","1","",""
"Mission_Title_Hero_064_S01_01","MissionGroup_UserTitle","","","","Str_UI_UserTitleDesc_Hero_064_S01_01","HeroFriendshipLevel","5","Char_064_S01_R","Title_Hero_064_S01_01","1","",""
"Mission_Title_Hero_064_S01_02","MissionGroup_UserTitle","","","","Str_UI_UserTitleDesc_Hero_064_S01_02","HeroFriendshipLevel","12","Char_064_S01_R","Title_Hero_064_S01_02","1","",""
"Mission_Title_Hero_064_S01_03","MissionGroup_UserTitle","","","","Str_UI_UserTitleDesc_Hero_064_S01_03","HeroFriendshipLevel","20","Char_064_S01_R","Title_Hero_064_S01_03","1","",""
"Mission_Title_Hero_066_S01_01","MissionGroup_UserTitle","","","","Str_UI_UserTitleDesc_Hero_066_S01_01","HeroFriendshipLevel","5","Char_066_S01_B","Title_Hero_066_S01_01","1","",""
"Mission_Title_Hero_066_S01_02","MissionGroup_UserTitle","","","","Str_UI_UserTitleDesc_Hero_066_S01_02","HeroFriendshipLevel","12","Char_066_S01_B","Title_Hero_066_S01_02","1","",""
"Mission_Title_Hero_066_S01_03","MissionGroup_UserTitle","","","","Str_UI_UserTitleDesc_Hero_066_S01_03","HeroFriendshipLevel","20","Char_066_S01_B","Title_Hero_066_S01_03","1","",""
"Mission_Title_Hero_067_S01_01","MissionGroup_UserTitle","","","","Str_UI_UserTitleDesc_Hero_067_S01_01","HeroFriendshipLevel","5","Char_067_S01_B","Title_Hero_067_S01_01","1","",""
"Mission_Title_Hero_067_S01_02","MissionGroup_UserTitle","","","","Str_UI_UserTitleDesc_Hero_067_S01_02","HeroFriendshipLevel","12","Char_067_S01_B","Title_Hero_067_S01_02","1","",""
"Mission_Title_Hero_067_S01_03","MissionGroup_UserTitle","","","","Str_UI_UserTitleDesc_Hero_067_S01_03","HeroFriendshipLevel","20","Char_067_S01_B","Title_Hero_067_S01_03","1","",""
"Mission_Title_Hero_072_S01_01","MissionGroup_UserTitle","","","","Str_UI_UserTitleDesc_Hero_072_S01_01","HeroFriendshipLevel","5","Char_072_S01_R","Title_Hero_072_S01_01","1","",""
"Mission_Title_Hero_072_S01_02","MissionGroup_UserTitle","","","","Str_UI_UserTitleDesc_Hero_072_S01_02","HeroFriendshipLevel","12","Char_072_S01_R","Title_Hero_072_S01_02","1","",""
"Mission_Title_Hero_072_S01_03","MissionGroup_UserTitle","","","","Str_UI_UserTitleDesc_Hero_072_S01_03","HeroFriendshipLevel","20","Char_072_S01_R","Title_Hero_072_S01_03","1","",""
"Mission_Title_Hero_073_S01_01","MissionGroup_UserTitle","","","","Str_UI_UserTitleDesc_Hero_073_S01_01","HeroFriendshipLevel","5","Char_073_S01_G","Title_Hero_073_S01_01","1","",""
"Mission_Title_Hero_073_S01_02","MissionGroup_UserTitle","","","","Str_UI_UserTitleDesc_Hero_073_S01_02","HeroFriendshipLevel","12","Char_073_S01_G","Title_Hero_073_S01_02","1","",""
"Mission_Title_Hero_073_S01_03","MissionGroup_UserTitle","","","","Str_UI_UserTitleDesc_Hero_073_S01_03","HeroFriendshipLevel","20","Char_073_S01_G","Title_Hero_073_S01_03","1","",""
"Mission_Title_Hero_077_S01_01","MissionGroup_UserTitle","","","","Str_UI_UserTitleDesc_Hero_077_S01_01","HeroFriendshipLevel","5","Char_077_S01_G","Title_Hero_077_S01_01","1","",""
"Mission_Title_Hero_077_S01_02","MissionGroup_UserTitle","","","","Str_UI_UserTitleDesc_Hero_077_S01_02","HeroFriendshipLevel","12","Char_077_S01_G","Title_Hero_077_S01_02","1","",""
"Mission_Title_Hero_077_S01_03","MissionGroup_UserTitle","","","","Str_UI_UserTitleDesc_Hero_077_S01_03","HeroFriendshipLevel","20","Char_077_S01_G","Title_Hero_077_S01_03","1","",""
"Mission_Title_Hero_078_S01_01","MissionGroup_UserTitle","","","","Str_UI_UserTitleDesc_Hero_078_S01_01","HeroFriendshipLevel","5","Char_078_S01_R","Title_Hero_078_S01_01","1","",""
"Mission_Title_Hero_078_S01_02","MissionGroup_UserTitle","","","","Str_UI_UserTitleDesc_Hero_078_S01_02","HeroFriendshipLevel","12","Char_078_S01_R","Title_Hero_078_S01_02","1","",""
"Mission_Title_Hero_078_S01_03","MissionGroup_UserTitle","","","","Str_UI_UserTitleDesc_Hero_078_S01_03","HeroFriendshipLevel","20","Char_078_S01_R","Title_Hero_078_S01_03","1","",""
"Mission_Title_Hero_080_S01_01","MissionGroup_UserTitle","","","","Str_UI_UserTitleDesc_Hero_080_S01_01","HeroFriendshipLevel","5","Char_080_S01_G","Title_Hero_080_S01_01","1","",""
"Mission_Title_Hero_080_S01_02","MissionGroup_UserTitle","","","","Str_UI_UserTitleDesc_Hero_080_S01_02","HeroFriendshipLevel","12","Char_080_S01_G","Title_Hero_080_S01_02","1","",""
"Mission_Title_Hero_080_S01_03","MissionGroup_UserTitle","","","","Str_UI_UserTitleDesc_Hero_080_S01_03","HeroFriendshipLevel","20","Char_080_S01_G","Title_Hero_080_S01_03","1","",""
"Mission_Title_Hero_083_S01_01","MissionGroup_UserTitle","","","","Str_UI_UserTitleDesc_Hero_083_S01_01","HeroFriendshipLevel","5","Char_083_S01_B","Title_Hero_083_S01_01","1","",""
"Mission_Title_Hero_083_S01_02","MissionGroup_UserTitle","","","","Str_UI_UserTitleDesc_Hero_083_S01_02","HeroFriendshipLevel","12","Char_083_S01_B","Title_Hero_083_S01_02","1","",""
"Mission_Title_Hero_083_S01_03","MissionGroup_UserTitle","","","","Str_UI_UserTitleDesc_Hero_083_S01_03","HeroFriendshipLevel","20","Char_083_S01_B","Title_Hero_083_S01_03","1","",""
"Mission_Title_Hero_084_S01_01","MissionGroup_UserTitle","","","","Str_UI_UserTitleDesc_Hero_084_S01_01","HeroFriendshipLevel","5","Char_084_S01_G","Title_Hero_084_S01_01","1","",""
"Mission_Title_Hero_084_S01_02","MissionGroup_UserTitle","","","","Str_UI_UserTitleDesc_Hero_084_S01_02","HeroFriendshipLevel","12","Char_084_S01_G","Title_Hero_084_S01_02","1","",""
"Mission_Title_Hero_084_S01_03","MissionGroup_UserTitle","","","","Str_UI_UserTitleDesc_Hero_084_S01_03","HeroFriendshipLevel","20","Char_084_S01_G","Title_Hero_084_S01_03","1","",""
"Mission_Title_Hero_085_S01_01","MissionGroup_UserTitle","","","","Str_UI_UserTitleDesc_Hero_085_S01_01","HeroFriendshipLevel","5","Char_085_S01_B","Title_Hero_085_S01_01","1","",""
"Mission_Title_Hero_085_S01_02","MissionGroup_UserTitle","","","","Str_UI_UserTitleDesc_Hero_085_S01_02","HeroFriendshipLevel","12","Char_085_S01_B","Title_Hero_085_S01_02","1","",""
"Mission_Title_Hero_085_S01_03","MissionGroup_UserTitle","","","","Str_UI_UserTitleDesc_Hero_085_S01_03","HeroFriendshipLevel","20","Char_085_S01_B","Title_Hero_085_S01_03","1","",""
"Mission_Title_Hero_088_S01_01","MissionGroup_UserTitle","","","","Str_UI_UserTitleDesc_Hero_088_S01_01","HeroFriendshipLevel","5","Char_088_S01_R","Title_Hero_088_S01_01","1","",""
"Mission_Title_Hero_088_S01_02","MissionGroup_UserTitle","","","","Str_UI_UserTitleDesc_Hero_088_S01_02","HeroFriendshipLevel","12","Char_088_S01_R","Title_Hero_088_S01_02","1","",""
"Mission_Title_Hero_088_S01_03","MissionGroup_UserTitle","","","","Str_UI_UserTitleDesc_Hero_088_S01_03","HeroFriendshipLevel","20","Char_088_S01_R","Title_Hero_088_S01_03","1","",""
"Mission_Title_Hero_089_S01_01","MissionGroup_UserTitle","","","","Str_UI_UserTitleDesc_Hero_089_S01_01","HeroFriendshipLevel","5","Char_089_S01_D","Title_Hero_089_S01_01","1","",""
"Mission_Title_Hero_089_S01_02","MissionGroup_UserTitle","","","","Str_UI_UserTitleDesc_Hero_089_S01_02","HeroFriendshipLevel","12","Char_089_S01_D","Title_Hero_089_S01_02","1","",""
"Mission_Title_Hero_089_S01_03","MissionGroup_UserTitle","","","","Str_UI_UserTitleDesc_Hero_089_S01_03","HeroFriendshipLevel","20","Char_089_S01_D","Title_Hero_089_S01_03","1","",""
"Mission_Title_Hero_090_S01_01","MissionGroup_UserTitle","","","","Str_UI_UserTitleDesc_Hero_090_S01_01","HeroFriendshipLevel","5","Char_090_S01_L","Title_Hero_090_S01_01","1","",""
"Mission_Title_Hero_090_S01_02","MissionGroup_UserTitle","","","","Str_UI_UserTitleDesc_Hero_090_S01_02","HeroFriendshipLevel","12","Char_090_S01_L","Title_Hero_090_S01_02","1","",""
"Mission_Title_Hero_090_S01_03","MissionGroup_UserTitle","","","","Str_UI_UserTitleDesc_Hero_090_S01_03","HeroFriendshipLevel","20","Char_090_S01_L","Title_Hero_090_S01_03","1","",""
"Mission_Title_Hero_091_S01_01","MissionGroup_UserTitle","","","","Str_UI_UserTitleDesc_Hero_091_S01_01","HeroFriendshipLevel","5","Char_091_S01_G","Title_Hero_091_S01_01","1","",""
"Mission_Title_Hero_091_S01_02","MissionGroup_UserTitle","","","","Str_UI_UserTitleDesc_Hero_091_S01_02","HeroFriendshipLevel","12","Char_091_S01_G","Title_Hero_091_S01_02","1","",""
"Mission_Title_Hero_091_S01_03","MissionGroup_UserTitle","","","","Str_UI_UserTitleDesc_Hero_091_S01_03","HeroFriendshipLevel","20","Char_091_S01_G","Title_Hero_091_S01_03","1","",""
"Mission_Title_Hero_097_S01_01","MissionGroup_UserTitle","","","","Str_UI_UserTitleDesc_Hero_097_S01_01","HeroFriendshipLevel","5","Char_097_S01_D","Title_Hero_097_S01_01","1","",""
"Mission_Title_Hero_097_S01_02","MissionGroup_UserTitle","","","","Str_UI_UserTitleDesc_Hero_097_S01_02","HeroFriendshipLevel","12","Char_097_S01_D","Title_Hero_097_S01_02","1","",""
"Mission_Title_Hero_097_S01_03","MissionGroup_UserTitle","","","","Str_UI_UserTitleDesc_Hero_097_S01_03","HeroFriendshipLevel","20","Char_097_S01_D","Title_Hero_097_S01_03","1","",""
"Mission_Title_Hero_098_S01_01","MissionGroup_UserTitle","","","","Str_UI_UserTitleDesc_Hero_098_S01_01","HeroFriendshipLevel","5","Char_098_S01_R","Title_Hero_098_S01_01","1","",""
"Mission_Title_Hero_098_S01_02","MissionGroup_UserTitle","","","","Str_UI_UserTitleDesc_Hero_098_S01_02","HeroFriendshipLevel","12","Char_098_S01_R","Title_Hero_098_S01_02","1","",""
"Mission_Title_Hero_098_S01_03","MissionGroup_UserTitle","","","","Str_UI_UserTitleDesc_Hero_098_S01_03","HeroFriendshipLevel","20","Char_098_S01_R","Title_Hero_098_S01_03","1","",""
"Mission_Title_Hero_099_S01_01","MissionGroup_UserTitle","","","","Str_UI_UserTitleDesc_Hero_099_S01_01","HeroFriendshipLevel","5","Char_099_S01_G","Title_Hero_099_S01_01","1","",""
"Mission_Title_Hero_099_S01_02","MissionGroup_UserTitle","","","","Str_UI_UserTitleDesc_Hero_099_S01_02","HeroFriendshipLevel","12","Char_099_S01_G","Title_Hero_099_S01_02","1","",""
"Mission_Title_Hero_099_S01_03","MissionGroup_UserTitle","","","","Str_UI_UserTitleDesc_Hero_099_S01_03","HeroFriendshipLevel","20","Char_099_S01_G","Title_Hero_099_S01_03","1","",""
"Mission_Title_Hero_100_S01_01","MissionGroup_UserTitle","","","","Str_UI_UserTitleDesc_Hero_100_S01_01","HeroFriendshipLevel","5","Char_100_S01_G","Title_Hero_100_S01_01","1","",""
"Mission_Title_Hero_100_S01_02","MissionGroup_UserTitle","","","","Str_UI_UserTitleDesc_Hero_100_S01_02","HeroFriendshipLevel","12","Char_100_S01_G","Title_Hero_100_S01_02","1","",""
"Mission_Title_Hero_100_S01_03","MissionGroup_UserTitle","","","","Str_UI_UserTitleDesc_Hero_100_S01_03","HeroFriendshipLevel","20","Char_100_S01_G","Title_Hero_100_S01_03","1","",""
"Mission_Title_Hero_101_S01_01","MissionGroup_UserTitle","","","","Str_UI_UserTitleDesc_Hero_101_S01_01","HeroFriendshipLevel","5","Char_101_S01_B","Title_Hero_101_S01_01","1","",""
"Mission_Title_Hero_101_S01_02","MissionGroup_UserTitle","","","","Str_UI_UserTitleDesc_Hero_101_S01_02","HeroFriendshipLevel","12","Char_101_S01_B","Title_Hero_101_S01_02","1","",""
"Mission_Title_Hero_101_S01_03","MissionGroup_UserTitle","","","","Str_UI_UserTitleDesc_Hero_101_S01_03","HeroFriendshipLevel","20","Char_101_S01_B","Title_Hero_101_S01_03","1","",""
"Mission_Title_Hero_103_S01_01","MissionGroup_UserTitle","","","","Str_UI_UserTitleDesc_Hero_103_S01_01","HeroFriendshipLevel","5","Char_103_S01_G","Title_Hero_103_S01_01","1","",""
"Mission_Title_Hero_103_S01_02","MissionGroup_UserTitle","","","","Str_UI_UserTitleDesc_Hero_103_S01_02","HeroFriendshipLevel","12","Char_103_S01_G","Title_Hero_103_S01_02","1","",""
"Mission_Title_Hero_103_S01_03","MissionGroup_UserTitle","","","","Str_UI_UserTitleDesc_Hero_103_S01_03","HeroFriendshipLevel","20","Char_103_S01_G","Title_Hero_103_S01_03","1","",""
"Mission_Title_Hero_104_S01_01","MissionGroup_UserTitle","","","","Str_UI_UserTitleDesc_Hero_104_S01_01","HeroFriendshipLevel","5","Char_104_S01_G","Title_Hero_104_S01_01","1","",""
"Mission_Title_Hero_104_S01_02","MissionGroup_UserTitle","","","","Str_UI_UserTitleDesc_Hero_104_S01_02","HeroFriendshipLevel","12","Char_104_S01_G","Title_Hero_104_S01_02","1","",""
"Mission_Title_Hero_104_S01_03","MissionGroup_UserTitle","","","","Str_UI_UserTitleDesc_Hero_104_S01_03","HeroFriendshipLevel","20","Char_104_S01_G","Title_Hero_104_S01_03","1","",""
"Mission_Title_Hero_105_S01_01","MissionGroup_UserTitle","","","","Str_UI_UserTitleDesc_Hero_105_S01_01","HeroFriendshipLevel","5","Char_105_S01_B","Title_Hero_105_S01_01","1","",""
"Mission_Title_Hero_105_S01_02","MissionGroup_UserTitle","","","","Str_UI_UserTitleDesc_Hero_105_S01_02","HeroFriendshipLevel","12","Char_105_S01_B","Title_Hero_105_S01_02","1","",""
"Mission_Title_Hero_105_S01_03","MissionGroup_UserTitle","","","","Str_UI_UserTitleDesc_Hero_105_S01_03","HeroFriendshipLevel","20","Char_105_S01_B","Title_Hero_105_S01_03","1","",""
"Mission_Title_Hero_106_S01_01","MissionGroup_UserTitle","","","","Str_UI_UserTitleDesc_Hero_106_S01_01","HeroFriendshipLevel","5","Char_106_S01_R","Title_Hero_106_S01_01","1","",""
"Mission_Title_Hero_106_S01_02","MissionGroup_UserTitle","","","","Str_UI_UserTitleDesc_Hero_106_S01_02","HeroFriendshipLevel","12","Char_106_S01_R","Title_Hero_106_S01_02","1","",""
"Mission_Title_Hero_106_S01_03","MissionGroup_UserTitle","","","","Str_UI_UserTitleDesc_Hero_106_S01_03","HeroFriendshipLevel","20","Char_106_S01_R","Title_Hero_106_S01_03","1","",""
"Mission_Title_Hero_110_S01_01","MissionGroup_UserTitle","","","","Str_UI_UserTitleDesc_Hero_110_S01_01","HeroFriendshipLevel","5","Char_110_S01_G","Title_Hero_110_S01_01","1","",""
"Mission_Title_Hero_110_S01_02","MissionGroup_UserTitle","","","","Str_UI_UserTitleDesc_Hero_110_S01_02","HeroFriendshipLevel","12","Char_110_S01_G","Title_Hero_110_S01_02","1","",""
"Mission_Title_Hero_110_S01_03","MissionGroup_UserTitle","","","","Str_UI_UserTitleDesc_Hero_110_S01_03","HeroFriendshipLevel","20","Char_110_S01_G","Title_Hero_110_S01_03","1","",""
"Mission_Title_Hero_111_S01_01","MissionGroup_UserTitle","","","","Str_UI_UserTitleDesc_Hero_111_S01_01","HeroFriendshipLevel","5","Char_111_S01_B","Title_Hero_111_S01_01","1","",""
"Mission_Title_Hero_111_S01_02","MissionGroup_UserTitle","","","","Str_UI_UserTitleDesc_Hero_111_S01_02","HeroFriendshipLevel","12","Char_111_S01_B","Title_Hero_111_S01_02","1","",""
"Mission_Title_Hero_111_S01_03","MissionGroup_UserTitle","","","","Str_UI_UserTitleDesc_Hero_111_S01_03","HeroFriendshipLevel","20","Char_111_S01_B","Title_Hero_111_S01_03","1","",""
"Mission_Title_Hero_112_S01_01","MissionGroup_UserTitle","","","","Str_UI_UserTitleDesc_Hero_112_S01_01","HeroFriendshipLevel","5","Char_112_S01_B","Title_Hero_112_S01_01","1","",""
"Mission_Title_Hero_112_S01_02","MissionGroup_UserTitle","","","","Str_UI_UserTitleDesc_Hero_112_S01_02","HeroFriendshipLevel","12","Char_112_S01_B","Title_Hero_112_S01_02","1","",""
"Mission_Title_Hero_112_S01_03","MissionGroup_UserTitle","","","","Str_UI_UserTitleDesc_Hero_112_S01_03","HeroFriendshipLevel","20","Char_112_S01_B","Title_Hero_112_S01_03","1","",""
"Mission_Title_Hero_113_S01_01","MissionGroup_UserTitle","","","","Str_UI_UserTitleDesc_Hero_113_S01_01","HeroFriendshipLevel","5","Char_113_S01_B","Title_Hero_113_S01_01","1","",""
"Mission_Title_Hero_113_S01_02","MissionGroup_UserTitle","","","","Str_UI_UserTitleDesc_Hero_113_S01_02","HeroFriendshipLevel","12","Char_113_S01_B","Title_Hero_113_S01_02","1","",""
"Mission_Title_Hero_113_S01_03","MissionGroup_UserTitle","","","","Str_UI_UserTitleDesc_Hero_113_S01_03","HeroFriendshipLevel","20","Char_113_S01_B","Title_Hero_113_S01_03","1","",""
"Mission_Title_Hero_114_S01_01","MissionGroup_UserTitle","","","","Str_UI_UserTitleDesc_Hero_114_S01_01","HeroFriendshipLevel","5","Char_114_S01_B","Title_Hero_114_S01_01","1","",""
"Mission_Title_Hero_114_S01_02","MissionGroup_UserTitle","","","","Str_UI_UserTitleDesc_Hero_114_S01_02","HeroFriendshipLevel","12","Char_114_S01_B","Title_Hero_114_S01_02","1","",""
"Mission_Title_Hero_114_S01_03","MissionGroup_UserTitle","","","","Str_UI_UserTitleDesc_Hero_114_S01_03","HeroFriendshipLevel","20","Char_114_S01_B","Title_Hero_114_S01_03","1","",""
"Mission_Title_Arena_01","MissionGroup_UserTitle","","","","Str_UI_UserTitleDesc_Arena_01","ArenaWinStreak","10","","Title_Arena_01","1","",""
"Mission_Title_Arena_02","MissionGroup_UserTitle","","","","Str_UI_UserTitleDesc_Arena_02","ArenaRankEnter","1","100","Title_Arena_02","1","",""
"Mission_Title_Arena_03","MissionGroup_UserTitle","","","","Str_UI_UserTitleDesc_Arena_03","ArenaRankEnter","1","1","Title_Arena_03","1","",""
"Mission_Title_TotalWar_Leshy_01","MissionGroup_UserTitle","","","","Str_UI_UserTitleDesc_TotalWar_Leshy_01","TotalWarStageIdClear","1","TW_Stage_Resh_04","Title_TotalWar_Leshy_01","1","",""
"Mission_Title_TotalWar_Leshy_02","MissionGroup_UserTitle","","","","Str_UI_UserTitleDesc_TotalWar_Leshy_02","TotalWarStageIdClear","1","TW_Stage_Resh_05","Title_TotalWar_Leshy_02","1","",""
"Mission_Title_TotalWar_Leshy_03","MissionGroup_UserTitle","","","","Str_UI_UserTitleDesc_TotalWar_Leshy_03","TotalWarStageIdClear","1","TW_Stage_Resh_06","Title_TotalWar_Leshy_03","1","",""
"Mission_Title_TotalWar_Zephyrus_01","MissionGroup_UserTitle","","","","Str_UI_UserTitleDesc_TotalWar_Zephyrus_01","TotalWarStageIdClear","1","TW_Stage_Zephyrus_04","Title_TotalWar_Zephyrus_01","1","",""
"Mission_Title_TotalWar_Zephyrus_02","MissionGroup_UserTitle","","","","Str_UI_UserTitleDesc_TotalWar_Zephyrus_02","TotalWarStageIdClear","1","TW_Stage_Zephyrus_05","Title_TotalWar_Zephyrus_02","1","",""
"Mission_Title_TotalWar_Zephyrus_03","MissionGroup_UserTitle","","","","Str_UI_UserTitleDesc_TotalWar_Zephyrus_03","TotalWarStageIdClear","1","TW_Stage_Zephyrus_06","Title_TotalWar_Zephyrus_03","1","",""
"Mission_Title_EventAdventure_001","MissionGroup_UserTitle","","","","Str_UI_UserTitleDesc_EventAdventure_001","EventAdventureStoryAllClear","1","EventAdventure_001","Title_EventAdventure_001","1","",""
"Mission_Title_CBT_01","MissionGroup_UserTitle","","","","Str_UI_UserTitleDesc_Event_CBT_01","Impossible","","","Title_CBT_01","1","",""
"Mission_Title_CBT_02","MissionGroup_UserTitle","","","","Str_UI_UserTitleDesc_Event_CBT_02","Impossible","","","Title_CBT_02","1","",""
"Mission_Title_Challenge_001","MissionGroup_UserTitle","","","","Str_UI_UserTitleDesc_Challenge_001","HeroGetCount","50","","Title_Challenge_001","1","",""
"Mission_Title_Challenge_002","MissionGroup_UserTitle","","","","Str_UI_UserTitleDesc_Challenge_002","GradeHeroGetCount","30","5","Title_Challenge_002","1","",""
"Mission_Title_Challenge_003","MissionGroup_UserTitle","","","","Str_UI_UserTitleDesc_Challenge_003","GoldUseCount","1000000000","","Title_Challenge_003","1","",""
"Mission_Title_Challenge_004","MissionGroup_UserTitle","","","","Str_UI_UserTitleDesc_Challenge_004","MemorialGetCount","50","","Title_Challenge_004","1","",""
"Mission_Title_Challenge_005","MissionGroup_UserTitle","","","","Str_UI_UserTitleDesc_Challenge_005","KingdomInteractionCount","1000","","Title_Challenge_005","1","",""
"Mission_Title_Challenge_006","MissionGroup_UserTitle","","","","Str_UI_UserTitleDesc_Challenge_006","GiftUseCount","500","","Title_Challenge_006","1","",""
"Mission_Title_Challenge_007","MissionGroup_UserTitle","","","","Str_UI_UserTitleDesc_Challenge_007","ScheduleCompleteCount","1000","","Title_Challenge_007","1","",""
"Mission_Title_Challenge_008","MissionGroup_UserTitle","","","","Str_UI_UserTitleDesc_Challenge_008","KingdomLevelCount","10","","Title_Challenge_008","1","",""
"Mission_Title_Challenge_009","MissionGroup_UserTitle","","","","Str_UI_UserTitleDesc_Challenge_009","CoinShopBuyCount","5000","","Title_Challenge_009","1","",""
"Mission_Title_Challenge_010","MissionGroup_UserTitle","","","","Str_UI_UserTitleDesc_Challenge_010","HeroStoryClearCount","150","","Title_Challenge_010","1","",""
"Mission_Title_Challenge_011","MissionGroup_UserTitle","","","","Str_UI_UserTitleDesc_Challenge_011","FollowingsCount","30","","Title_Challenge_011","1","",""
"Mission_Title_Challenge_012","MissionGroup_UserTitle","","","","Str_UI_UserTitleDesc_Challenge_012","DungeonStageClearCount","500","","Title_Challenge_012","1","",""
"Mission_Title_Challenge_013","MissionGroup_UserTitle","","","","Str_UI_UserTitleDesc_Challenge_013","RuinsStageClearCount","300","","Title_Challenge_013","1","",""
"Mission_Title_Challenge_014","MissionGroup_UserTitle","","","","Str_UI_UserTitleDesc_Challenge_014","ArenaClearCount","300","","Title_Challenge_014","1","",""
"Mission_Title_Challenge_015","MissionGroup_UserTitle","","","","Str_UI_UserTitleDesc_Challenge_015","MissionClearCount","5000","","Title_Challenge_015","1","",""
"MissionInfo_Castle_2Rank_02","MissionGroup_Castle_2Rank","","","","Str_UI_Mission_KingdomInteractionCount","KingdomInteractionCount","1","","","","",""
"MissionInfo_Castle_2Rank_03","MissionGroup_Castle_2Rank","","","","Str_UI_Mission_InviteHeroCount","InviteHeroCount","1","","","","",""
"MissionInfo_Castle_3Rank_01","MissionGroup_Castle_3Rank","","","","Str_UI_Mission_FriendshipAccrueLv","FriendshipAccrueLv","5","","","","",""
"MissionInfo_Castle_3Rank_02","MissionGroup_Castle_3Rank","","","","Str_UI_Mission_ScheduleCompleteCount","ScheduleCompleteCount","2","","","","",""
"MissionInfo_Castle_3Rank_03","MissionGroup_Castle_3Rank","","","","Str_UI_Mission_GiftGivingHero","GiftUseCount","3","","","","",""
"MissionInfo_Castle_4Rank_01","MissionGroup_Castle_4Rank","","","","Str_UI_Mission_FriendshipAccrueLv","FriendshipAccrueLv","20","","","","",""
"MissionInfo_Castle_4Rank_02","MissionGroup_Castle_4Rank","","","","Str_UI_Mission_KingdomInteractionCount","KingdomInteractionCount","5","","","","",""
"MissionInfo_Castle_4Rank_03","MissionGroup_Castle_4Rank","","","","Str_UI_Mission_InviteHeroCount","InviteHeroCount","10","","","","",""
"MissionInfo_Castle_4Rank_04","MissionGroup_Castle_4Rank","","","","Str_UI_Mission_ScheduleCompleteCount","ScheduleCompleteCount","20","","","","",""
"MissionInfo_Castle_4Rank_05","MissionGroup_Castle_4Rank","","","","Str_UI_Mission_GiftGivingHero","GiftUseCount","10","","","","",""
"MissionInfo_Castle_5Rank_01","MissionGroup_Castle_5Rank","","","","Str_UI_Mission_FriendshipAccrueLv","FriendshipAccrueLv","50","","","","",""
"MissionInfo_Castle_5Rank_02","MissionGroup_Castle_5Rank","","","","Str_UI_Mission_KingdomInteractionCount","KingdomInteractionCount","50","","","","",""
"MissionInfo_Castle_5Rank_03","MissionGroup_Castle_5Rank","","","","Str_UI_Mission_InviteHeroCount","InviteHeroCount","25","","","","",""
"MissionInfo_Castle_5Rank_04","MissionGroup_Castle_5Rank","","","","Str_UI_Mission_ScheduleCompleteCount","ScheduleCompleteCount","50","","","","",""
"MissionInfo_Castle_5Rank_05","MissionGroup_Castle_5Rank","","","","Str_UI_Mission_GiftGivingHero","GiftUseCount","15","","","","",""
"MissionInfo_Castle_6Rank_01","MissionGroup_Castle_6Rank","","","","Str_UI_Mission_FriendshipAccrueLv","FriendshipAccrueLv","100","","","","",""
"MissionInfo_Castle_6Rank_02","MissionGroup_Castle_6Rank","","","","Str_UI_Mission_KingdomInteractionCount","KingdomInteractionCount","60","","","","",""
"MissionInfo_Castle_6Rank_03","MissionGroup_Castle_6Rank","","","","Str_UI_Mission_InviteHeroCount","InviteHeroCount","30","","","","",""
"MissionInfo_Castle_6Rank_04","MissionGroup_Castle_6Rank","","","","Str_UI_Mission_ScheduleCompleteCount","ScheduleCompleteCount","60","","","","",""
"MissionInfo_Castle_6Rank_05","MissionGroup_Castle_6Rank","","","","Str_UI_Mission_GiftGivingHero","GiftUseCount","20","","","","",""
"MissionInfo_Castle_7Rank_01","MissionGroup_Castle_7Rank","","","","Str_UI_Mission_FriendshipAccrueLv","FriendshipAccrueLv","200","","","","",""
"MissionInfo_Castle_7Rank_02","MissionGroup_Castle_7Rank","","","","Str_UI_Mission_KingdomInteractionCount","KingdomInteractionCount","70","","","","",""
"MissionInfo_Castle_7Rank_03","MissionGroup_Castle_7Rank","","","","Str_UI_Mission_InviteHeroCount","InviteHeroCount","45","","","","",""
"MissionInfo_Castle_7Rank_04","MissionGroup_Castle_7Rank","","","","Str_UI_Mission_ScheduleCompleteCount","ScheduleCompleteCount","70","","","","",""
"MissionInfo_Castle_7Rank_05","MissionGroup_Castle_7Rank","","","","Str_UI_Mission_GiftGivingHero","GiftUseCount","35","","","","",""
"MissionInfo_Castle_8Rank_01","MissionGroup_Castle_8Rank","","","","Str_UI_Mission_FriendshipAccrueLv","FriendshipAccrueLv","400","","","","",""
"MissionInfo_Castle_8Rank_02","MissionGroup_Castle_8Rank","","","","Str_UI_Mission_KingdomInteractionCount","KingdomInteractionCount","80","","","","",""
"MissionInfo_Castle_8Rank_03","MissionGroup_Castle_8Rank","","","","Str_UI_Mission_InviteHeroCount","InviteHeroCount","50","","","","",""
"MissionInfo_Castle_8Rank_04","MissionGroup_Castle_8Rank","","","","Str_UI_Mission_ScheduleCompleteCount","ScheduleCompleteCount","80","","","","",""
"MissionInfo_Castle_8Rank_05","MissionGroup_Castle_8Rank","","","","Str_UI_Mission_GiftGivingHero","GiftUseCount","40","","","","",""
"MissionInfo_Castle_9Rank_01","MissionGroup_Castle_9Rank","","","","Str_UI_Mission_FriendshipAccrueLv","FriendshipAccrueLv","600","","","","",""
"MissionInfo_Castle_9Rank_02","MissionGroup_Castle_9Rank","","","","Str_UI_Mission_KingdomInteractionCount","KingdomInteractionCount","90","","","","",""
"MissionInfo_Castle_9Rank_03","MissionGroup_Castle_9Rank","","","","Str_UI_Mission_InviteHeroCount","InviteHeroCount","55","","","","",""
"MissionInfo_Castle_9Rank_04","MissionGroup_Castle_9Rank","","","","Str_UI_Mission_ScheduleCompleteCount","ScheduleCompleteCount","90","","","","",""
"MissionInfo_Castle_9Rank_05","MissionGroup_Castle_9Rank","","","","Str_UI_Mission_GiftGivingHero","GiftUseCount","55","","","","",""
"MissionInfo_Castle_10Rank_01","MissionGroup_Castle_10Rank","","","","Str_UI_Mission_FriendshipAccrueLv","FriendshipAccrueLv","800","","","","",""
"MissionInfo_Castle_10Rank_02","MissionGroup_Castle_10Rank","","","","Str_UI_Mission_KingdomInteractionCount","KingdomInteractionCount","100","","","","",""
"MissionInfo_Castle_10Rank_03","MissionGroup_Castle_10Rank","","","","Str_UI_Mission_InviteHeroCount","InviteHeroCount","60","","","","",""
"MissionInfo_Castle_10Rank_04","MissionGroup_Castle_10Rank","","","","Str_UI_Mission_ScheduleCompleteCount","ScheduleCompleteCount","100","","","","",""
"MissionInfo_Castle_10Rank_05","MissionGroup_Castle_10Rank","","","","Str_UI_Mission_GiftGivingHero","GiftUseCount","60","","","","",""
"EventAdventure_001_Mission_01","MissionGroup_EventAdventure_001","","","","Str_UI_EventAdventure_AllClear","EventAdventureAllClear","","","Coin_TaleStone","10","",""
"EventAdventure_001_Mission_02","MissionGroup_EventAdventure_001","","","","Str_UI_EventAdventure_Story_AllClear","EventAdventureStoryAllClear","","","Coin_TaleStone","10","",""
"EventAdventure_001_Mission_03","MissionGroup_EventAdventure_001","LinkGroup_EventAdventure_001_Vote","1","","Str_UI_EventAdventure_Vote_Round","EventAdventureVoteRound","1","","Coin_TaleStone","10","",""
"EventAdventure_001_Mission_04","MissionGroup_EventAdventure_001","LinkGroup_EventAdventure_001_Vote","2","","Str_UI_EventAdventure_Vote_Round","EventAdventureVoteRound","2","","Coin_TaleStone","10","",""
"EventAdventure_001_Mission_05","MissionGroup_EventAdventure_001","LinkGroup_EventAdventure_001_Vote","3","","Str_UI_EventAdventure_Vote_Round","EventAdventureVoteRound","3","","Coin_TaleStone","10","",""
"EventAdventure_001_Mission_06","MissionGroup_EventAdventure_001","LinkGroup_EventAdventure_001_Vote","4","","Str_UI_EventAdventure_Vote_Round","EventAdventureVoteRound","4","","Coin_TaleStone","10","",""
"EventAdventure_001_Mission_07","MissionGroup_EventAdventure_001","LinkGroup_EventAdventure_001_Vote","5","","Str_UI_EventAdventure_Vote_Round","EventAdventureVoteRound","5","","Coin_TaleStone","10","",""
"EventAdventure_001_Mission_08","MissionGroup_EventAdventure_001","LinkGroup_EventAdventure_001_EventBoss","1","","Str_UI_EventAdventure_BossStage_Clear","EventAdventureBossStageClear","1","3","Coin_TaleStone","10","",""
"EventAdventure_001_Mission_09","MissionGroup_EventAdventure_001","LinkGroup_EventAdventure_001_EventBoss","2","","Str_UI_EventAdventure_BossStage_Clear","EventAdventureBossStageClear","2","3","Coin_TaleStone","10","",""
"EventAdventure_001_Mission_10","MissionGroup_EventAdventure_001","LinkGroup_EventAdventure_001_EventBoss","3","","Str_UI_EventAdventure_BossStage_Clear","EventAdventureBossStageClear","3","3","Coin_TaleStone","10","",""
"EventAdventure_001_Mission_11","MissionGroup_EventAdventure_001","LinkGroup_EventAdventure_001_EventBoss","4","","Str_UI_EventAdventure_BossStage_Clear","EventAdventureBossStageClear","4","3","Coin_TaleStone","10","",""
"EventAdventure_001_Mission_12","MissionGroup_EventAdventure_001","LinkGroup_EventAdventure_001_EventBoss","5","","Str_UI_EventAdventure_BossStage_Clear","EventAdventureBossStageClear","5","3","Coin_TaleStone","10","",""
"EventAdventure_001_Mission_13","MissionGroup_EventAdventure_001","","","","Str_UI_EventAdventure_Battle_Star","EventAdventureBattleMission","30","","Coin_TaleStone","10","",""
"GuideMission_New_User_01","GuideMission_New_User","","","1","Str_UI_Mission_AchievementList_0001","ReaderLv","5","","Coin_TaleStone","150","Item_Coin_GuideMissionGroup_New_User","10"
"GuideMission_New_User_02","GuideMission_New_User","","","1","Str_UI_Mission_AchievementList_0002","AdventureStageIdClear","1","Stage_Normal_0012","Item_Hero_Char_064_S01_R","1","Item_Coin_GuideMissionGroup_New_User","10"
"GuideMission_New_User_03","GuideMission_New_User","","","1","Str_UI_Mission_GuideMission_0002","EpisodeIdComplete","1","Episode_M_001_03","Item_Material_HeroExp_01","20","Item_Coin_GuideMissionGroup_New_User","10"
"GuideMission_New_User_04","GuideMission_New_User","","","1","Str_UI_Mission_AchievementList_0009","EquipLvUpCount","1","","Item_Material_EquipExp_01","10","Item_Coin_GuideMissionGroup_New_User","10"
"GuideMission_New_User_05","GuideMission_New_User","","","1","Str_UI_Mission_AchievementList_0033","HeroLvUpComplete","4","5","Item_Material_SkillLvUp_ClassShooter_01","20","Item_Coin_GuideMissionGroup_New_User","10"
"GuideMission_New_User_06","GuideMission_New_User","","","1","Str_UI_Mission_AchievementList_0004","AdventureStageMissionClearCount","30","","Point_Gold","100000","Item_Coin_GuideMissionGroup_New_User","10"
"GuideMission_New_User_07","GuideMission_New_User","","","1","Str_UI_Mission_GuideMission_0013","DiaUseCount","1300","","Coin_TaleStone","300","Item_Coin_GuideMissionGroup_New_User","10"
"GuideMission_New_User_08","GuideMission_New_User","","","1","Str_UI_Mission_AchievementList_0015","HeroGetCount","10","","Item_Material_HeroExp_02","5","Item_Coin_GuideMissionGroup_New_User","10"
"GuideMission_New_User_09","GuideMission_New_User","","","1","Str_UI_Mission_AchievementList_0014","GoldUseCount","10000","","Point_AP","50","Item_Coin_GuideMissionGroup_New_User","10"
"GuideMission_New_User_10","GuideMission_New_User","","","1","Str_UI_Mission_DailyList_003","APBuyCount","1","","Point_Gold","100000","Item_Coin_GuideMissionGroup_New_User","10"
"GuideMission_New_User_11","GuideMission_New_User","","","2","Str_UI_Mission_AchievementList_0001","ReaderLv","10","","Coin_TaleStone","150","Item_Coin_GuideMissionGroup_New_User","10"
"GuideMission_New_User_12","GuideMission_New_User","","","2","Str_UI_Mission_AchievementList_0002","AdventureStageIdClear","1","Stage_Normal_0023","Item_Material_HeroGradeUp_Char_064_S01_R","10","Item_Coin_GuideMissionGroup_New_User","10"
"GuideMission_New_User_13","GuideMission_New_User","","","2","Str_UI_Mission_GuideMission_0002","EpisodeIdComplete","1","Episode_M_001_06","Item_Material_HeroExp_01","20","Item_Coin_GuideMissionGroup_New_User","10"
"GuideMission_New_User_14","GuideMission_New_User","","","2","Str_UI_Mission_DailyList_008","ScheduleCompleteCount","2","","Item_Coin_MemoryCoin","5","Item_Coin_GuideMissionGroup_New_User","10"
"GuideMission_New_User_15","GuideMission_New_User","","","2","Str_UI_Mission_AchievementList_0033","HeroLvUpComplete","5","10","Item_Material_SkillLvUp_ClassFighter_01","20","Item_Coin_GuideMissionGroup_New_User","10"
"GuideMission_New_User_16","GuideMission_New_User","","","2","Str_UI_Mission_GuideMission_0013","DiaUseCount","3000","","Coin_TaleStone","300","Item_Coin_GuideMissionGroup_New_User","10"
"GuideMission_New_User_17","GuideMission_New_User","","","2","Str_UI_Mission_AchievementList_0015","HeroGetCount","15","","Item_Material_HeroExp_02","5","Item_Coin_GuideMissionGroup_New_User","10"
"GuideMission_New_User_18","GuideMission_New_User","","","2","Str_UI_Mission_AchievementList_0011","HeroSkillLvUpCount","5","","Item_Material_SkillLvUp_Common","20","Item_Coin_GuideMissionGroup_New_User","10"
"GuideMission_New_User_19","GuideMission_New_User","","","2","Str_UI_Mission_DailyList_003","APBuyCount","3","","Point_Gold","100000","Item_Coin_GuideMissionGroup_New_User","10"
"GuideMission_New_User_20","GuideMission_New_User","","","2","Str_UI_Mission_AchievementList_0027","RuinsStageIdClear","1","Ruins_Gold_0001","Point_Gold","100000","Item_Coin_GuideMissionGroup_New_User","10"
"GuideMission_New_User_21","GuideMission_New_User","","","3","Str_UI_Mission_AchievementList_0001","ReaderLv","15","","Coin_TaleStone","150","Item_Coin_GuideMissionGroup_New_User","10"
"GuideMission_New_User_22","GuideMission_New_User","","","3","Str_UI_Mission_AchievementList_0002","AdventureStageIdClear","1","Stage_Normal_0032","Item_Material_HeroGradeUp_Char_064_S01_R","10","Item_Coin_GuideMissionGroup_New_User","10"
"GuideMission_New_User_23","GuideMission_New_User","","","3","Str_UI_Mission_GuideMission_0002","EpisodeIdComplete","1","Episode_M_001_10","Item_Material_HeroExp_01","20","Item_Coin_GuideMissionGroup_New_User","10"
"GuideMission_New_User_24","GuideMission_New_User","","","3","Str_UI_Mission_DailyList_008","ScheduleCompleteCount","5","","Item_Coin_MemoryCoin","5","Item_Coin_GuideMissionGroup_New_User","10"
"GuideMission_New_User_25","GuideMission_New_User","","","3","Str_UI_Mission_AchievementList_0033","HeroLvUpComplete","5","15","Item_Material_SkillLvUp_ClassRanger_01","20","Item_Coin_GuideMissionGroup_New_User","10"
"GuideMission_New_User_26","GuideMission_New_User","","","3","Str_UI_Mission_AchievementList_0018","GiftUseCount","1","","Item_Material_EquipExp_01","20","Item_Coin_GuideMissionGroup_New_User","10"
"GuideMission_New_User_27","GuideMission_New_User","","","3","Str_UI_Mission_AchievementList_0011","HeroSkillLvUpCount","10","","Item_Material_SkillLvUp_Common","20","Item_Coin_GuideMissionGroup_New_User","10"
"GuideMission_New_User_28","GuideMission_New_User","","","3","Str_UI_Mission_AchievementList_0028","RuinsStageIdClear","1","Ruins_Exp_0001","Item_Material_HeroExp_01","20","Item_Coin_GuideMissionGroup_New_User","10"
"GuideMission_New_User_29","GuideMission_New_User","","","3","Str_UI_Mission_AchievementList_0024","DungeonStageIdClear","1","Dungeon_Clover_0001","Item_Material_SkillLvUp_AttributeGreen_01","10","Item_Coin_GuideMissionGroup_New_User","10"
"GuideMission_New_User_30","GuideMission_New_User","","","3","Str_UI_Mission_AchievementList_0023","DungeonStageIdClear","1","Dungeon_Heart_0001","Item_Material_SkillLvUp_AttributeRed_01","10","Item_Coin_GuideMissionGroup_New_User","10"
"GuideMission_New_User_31","GuideMission_New_User","","","4","Str_UI_Mission_AchievementList_0001","ReaderLv","20","","Coin_TaleStone","150","Item_Coin_GuideMissionGroup_New_User","10"
"GuideMission_New_User_32","GuideMission_New_User","","","4","Str_UI_Mission_AchievementList_0002","AdventureStageIdClear","1","Stage_Normal_0044","Item_Material_HeroGradeUp_Char_064_S01_R","20","Item_Coin_GuideMissionGroup_New_User","10"
"GuideMission_New_User_33","GuideMission_New_User","","","4","Str_UI_Mission_GuideMission_0002","EpisodeIdComplete","1","Episode_M_002_03","Item_Material_HeroExp_02","10","Item_Coin_GuideMissionGroup_New_User","10"
"GuideMission_New_User_34","GuideMission_New_User","","","4","Str_UI_Mission_DailyList_008","ScheduleCompleteCount","8","","Item_Coin_MemoryCoin","10","Item_Coin_GuideMissionGroup_New_User","10"
"GuideMission_New_User_35","GuideMission_New_User","","","4","Str_UI_Mission_AchievementList_0033","HeroLvUpComplete","5","20","Item_Material_SkillLvUp_ClassCleric_01","20","Item_Coin_GuideMissionGroup_New_User","10"
"GuideMission_New_User_36","GuideMission_New_User","","","4","Str_UI_Mission_AchievementList_0018","GiftUseCount","3","","Item_Material_EquipExp_01","20","Item_Coin_GuideMissionGroup_New_User","10"
"GuideMission_New_User_37","GuideMission_New_User","","","4","Str_UI_Mission_AchievementList_0011","HeroSkillLvUpCount","15","","Item_Material_SkillLvUp_Common","20","Item_Coin_GuideMissionGroup_New_User","10"
"GuideMission_New_User_38","GuideMission_New_User","","","4","Str_UI_Mission_AchievementList_0027","RuinsStageIdClear","1","Ruins_Gold_0002","Point_Gold","200000","Item_Coin_GuideMissionGroup_New_User","10"
"GuideMission_New_User_39","GuideMission_New_User","","","4","Str_UI_Mission_AchievementList_0025","DungeonStageIdClear","1","Dungeon_Diamond_0001","Item_Material_SkillLvUp_AttributeGreen_01","10","Item_Coin_GuideMissionGroup_New_User","10"
"GuideMission_New_User_40","GuideMission_New_User","","","4","Str_UI_Mission_AchievementList_0026","DungeonStageIdClear","1","Dungeon_Spade_0001","Item_WSkill_LvUp","10","Item_Coin_GuideMissionGroup_New_User","10"
"GuideMission_New_User_41","GuideMission_New_User","","","5","Str_UI_Mission_AchievementList_0001","ReaderLv","25","","Coin_TaleStone","150","Item_Coin_GuideMissionGroup_New_User","10"
"GuideMission_New_User_42","GuideMission_New_User","","","5","Str_UI_Mission_AchievementList_0002","AdventureStageIdClear","1","Stage_Normal_0050","Item_Material_HeroGradeUp_Char_064_S01_R","20","Item_Coin_GuideMissionGroup_New_User","10"
"GuideMission_New_User_43","GuideMission_New_User","","","5","Str_UI_Mission_GuideMission_0002","EpisodeIdComplete","1","Episode_M_002_06","Item_Material_HeroExp_02","20","Item_Coin_GuideMissionGroup_New_User","10"
"GuideMission_New_User_44","GuideMission_New_User","","","5","Str_UI_Mission_DailyList_008","ScheduleCompleteCount","10","","Item_Coin_MemoryCoin","10","Item_Coin_GuideMissionGroup_New_User","10"
"GuideMission_New_User_45","GuideMission_New_User","","","5","Str_UI_Mission_AchievementList_0033","HeroLvUpComplete","5","25","Item_RandomBox_ClassBook_Level2","20","Item_Coin_GuideMissionGroup_New_User","10"
"GuideMission_New_User_46","GuideMission_New_User","","","5","Str_UI_Mission_AchievementList_0018","GiftUseCount","5","","Item_Material_EquipExp_02","10","Item_Coin_GuideMissionGroup_New_User","10"
"GuideMission_New_User_47","GuideMission_New_User","","","5","Str_UI_Mission_AchievementList_0011","HeroSkillLvUpCount","20","","Item_Material_SkillLvUp_Common","30","Item_Coin_GuideMissionGroup_New_User","10"
"GuideMission_New_User_48","GuideMission_New_User","","","5","Str_UI_Mission_AchievementList_0028","RuinsStageIdClear","1","Ruins_Exp_0002","Item_Material_HeroExp_03","10","Item_Coin_GuideMissionGroup_New_User","10"
"GuideMission_New_User_49","GuideMission_New_User","","","5","Str_UI_Mission_AchievementList_0024","DungeonStageIdClear","1","Dungeon_Clover_0002","Item_Material_SkillLvUp_AttributeGreen_01","20","Item_Coin_GuideMissionGroup_New_User","10"
"GuideMission_New_User_50","GuideMission_New_User","","","5","Str_UI_Mission_AchievementList_0023","DungeonStageIdClear","1","Dungeon_Heart_0002","Item_Material_SkillLvUp_AttributeRed_01","20","Item_Coin_GuideMissionGroup_New_User","10"
"GuideMission_New_User_51","GuideMission_New_User","","","6","Str_UI_Mission_AchievementList_0001","ReaderLv","30","","Coin_TaleStone","150","Item_Coin_GuideMissionGroup_New_User","10"
"GuideMission_New_User_52","GuideMission_New_User","","","6","Str_UI_Mission_GuideMission_0002","EpisodeIdComplete","1","Episode_M_002_10","Item_Material_HeroExp_02","10","Item_Coin_GuideMissionGroup_New_User","10"
"GuideMission_New_User_53","GuideMission_New_User","","","6","Str_UI_Mission_DailyList_008","ScheduleCompleteCount","12","","Item_Coin_MemoryCoin","10","Item_Coin_GuideMissionGroup_New_User","10"
"GuideMission_New_User_54","GuideMission_New_User","","","6","Str_UI_Mission_AchievementList_0033","HeroLvUpComplete","5","30","Item_RandomBox_ClassBook_Level2","20","Item_Coin_GuideMissionGroup_New_User","10"
"GuideMission_New_User_55","GuideMission_New_User","","","6","Str_UI_Mission_AchievementList_0018","GiftUseCount","8","","Item_Material_EquipExp_02","20","Item_Coin_GuideMissionGroup_New_User","10"
"GuideMission_New_User_56","GuideMission_New_User","","","6","Str_UI_Mission_AchievementList_0011","HeroSkillLvUpCount","25","","Item_Material_SkillLvUp_Common","40","Item_Coin_GuideMissionGroup_New_User","10"
"GuideMission_New_User_57","GuideMission_New_User","","","6","Str_UI_Kingdom_News_Kingdom_Rank","KingdomLevelCount","2","","Item_Material_HeroGradeUp_Char_064_S01_R","20","Item_Coin_GuideMissionGroup_New_User","10"
"GuideMission_New_User_58","GuideMission_New_User","","","6","Str_UI_Mission_AchievementList_0027","RuinsStageIdClear","1","Ruins_Gold_0003","Point_Gold","300000","Item_Coin_GuideMissionGroup_New_User","10"
"GuideMission_New_User_59","GuideMission_New_User","","","6","Str_UI_Mission_AchievementList_0025","DungeonStageIdClear","1","Dungeon_Diamond_0002","Item_Material_SkillLvUp_AttributeGreen_01","20","Item_Coin_GuideMissionGroup_New_User","10"
"GuideMission_New_User_60","GuideMission_New_User","","","6","Str_UI_Mission_AchievementList_0026","DungeonStageIdClear","1","Dungeon_Spade_0002","Item_WSkill_LvUp","20","Item_Coin_GuideMissionGroup_New_User","10"
"GuideMission_New_User_61","GuideMission_New_User","","","7","Str_UI_Mission_AchievementList_0001","ReaderLv","35","","Coin_TaleStone","150","Item_Coin_GuideMissionGroup_New_User","10"
"GuideMission_New_User_62","GuideMission_New_User","","","7","Str_UI_Mission_DailyList_008","ScheduleCompleteCount","15","","Item_Coin_MemoryCoin","10","Item_Coin_GuideMissionGroup_New_User","10"
"GuideMission_New_User_63","GuideMission_New_User","","","7","Str_UI_Mission_AchievementList_0033","HeroLvUpComplete","10","30","Item_Material_EquipExp_03","20","Item_Coin_GuideMissionGroup_New_User","10"
"GuideMission_New_User_64","GuideMission_New_User","","","7","Str_UI_Mission_AchievementList_0018","GiftUseCount","10","","Item_Material_EquipExp_03","10","Item_Coin_GuideMissionGroup_New_User","10"
"GuideMission_New_User_65","GuideMission_New_User","","","7","Str_UI_Mission_AchievementList_0028","RuinsStageIdClear","1","Ruins_Exp_0003","Item_Material_EquipExp_03","20","Item_Coin_GuideMissionGroup_New_User","10"
"GuideMission_New_User_66","GuideMission_New_User","","","7","Str_UI_Mission_AchievementList_0024","DungeonStageIdClear","1","Dungeon_Clover_0003","Item_Material_SkillLvUp_AttributeGreen_02","10","Item_Coin_GuideMissionGroup_New_User","10"
"GuideMission_New_User_67","GuideMission_New_User","","","7","Str_UI_Mission_AchievementList_0023","DungeonStageIdClear","1","Dungeon_Heart_0003","Item_Material_SkillLvUp_AttributeRed_02","10","Item_Coin_GuideMissionGroup_New_User","10"
"GuideMission_New_User_68","GuideMission_New_User","","","7","Str_UI_Mission_AchievementList_0025","DungeonStageIdClear","1","Dungeon_Diamond_0003","Item_Material_SkillLvUp_AttributeGreen_02","10","Item_Coin_GuideMissionGroup_New_User","10"
"GuideMission_New_User_69","GuideMission_New_User","","","7","Str_UI_Mission_AchievementList_0026","DungeonStageIdClear","1","Dungeon_Spade_0003","Item_WSkill_LvUp","50","Item_Coin_GuideMissionGroup_New_User","10"
"GuideMission_New_User_70","GuideMission_New_User","","","7","Str_UI_Mission_AchievementList_0017","MemorialGetCount","2","","Item_Ticket_TenRoll_GachaTicket","1","Item_Coin_GuideMissionGroup_New_User","10"
