RoleId,,Level,Condition,ConditionDes,LevelType,,,Attr,AttrRefixId,AttrRefixType,,Group,Des,CostItem,LevelName,LevelIcon,,TypeName,TypeIcon,SkillChoose
3000001,律,1,,,1,韧形,待机解锁,"101,117;102,13;103,7;104,55",,4,待命时，跳过行动回合，行动时间减少50%，下次攻击时提升5弱破效果，不可叠加，造成1次常规伤害后消失,0,Level_Des_3000001_1_1,"1006223,2",LevelName_3000001_1,3900001_zy_jn_dj_icon,韧形,Level_TypeName_3000001_1,tianfu_3900001_big_1,
3000001,律,2,,,1,,弱点精通Ⅰ,"101,117;102,13;103,7;104,56","3100002,1",5,弱破效果提升2%,0,,"1006223,4",LevelName_3000001_2,3900001_zy_jn_bd_icon,,,tianfu_3900001_big_1,
3000001,律,3,,,1,,属性强化Ⅰ,"101,117;102,13;103,8;104,56",,,,0,,"1006223,6",LevelName_3000001_3,3900001_zy_jn_sx_icon,,,tianfu_3900001_big_1,
3000001,律,4,,,1,,属性强化Ⅱ,"101,117;102,13;103,7;104,55",,,,0,,"1006223,8",LevelName_3000001_4,3900001_zy_jn_sx_icon,,,tianfu_3900001_big_1,
3000001,律,5,,,1,,弱点特效Ⅰ,"101,117;102,13;103,7;104,56","3100003,1",5,穿透率提升1.6%,0,,"1006223,8",LevelName_3000001_5,3900001_zy_jn_bd_icon,,,tianfu_3900001_big_1,
3000001,律,6,,,1,,属性强化Ⅲ,"101,117;102,13;103,8;104,56",,,,0,,"1006223,12",LevelName_3000001_6,3900001_zy_jn_sx_icon,,,tianfu_3900001_big_1,
3000001,律,7,,,1,,奥义解锁,"101,117;102,13;103,7;104,55","3100004,1",4,解锁魔女奥义，在战斗中进行三层灵魂解放即可释放强大的奥义技能,0,Level_Des_3000001_1_7,"1006223,12",LevelName_3000001_7,3900001_zy_jn_ay_icon,,,tianfu_3900001_big_1,
3000001,律,8,,,1,,属性强化Ⅳ,"101,117;102,13;103,7;104,56",,,,0,,"1006223,16",LevelName_3000001_8,3900001_zy_jn_sx_icon,,,tianfu_3900001_big_1,
3000001,律,9,,,1,,连携技解锁,"101,117;102,13;103,8;104,56","3100062,1",5,,0,,"1006223,16",LevelName_3000001_9,3900001_zy_jn_qte_icon,,,tianfu_3900001_big_1,
3000001,律,10,,,1,,第三栏位解锁,"101,117;102,13;103,7;104,55","3100005,1",4,解锁魔女的第三星痕栏位,0,Level_Des_3000001_1_10,"1006223,20",LevelName_3000001_10,3900001_zy_jn_xh_icon,,,tianfu_3900001_big_1,
3000001,律,11,,,1,,普攻强化Ⅰ,"101,117;102,13;103,7;104,56","3100006,1",1,普通攻击等级+1,0,Level_Des_3000001_1_11,"1006223,20",LevelName_3000001_11,3900001_zy_jn_pg_icon,,,tianfu_3900001_big_1,
3000001,律,12,,,1,,属性强化Ⅴ,"101,117;102,13;103,8;104,56",,,,0,,"1006223,24",LevelName_3000001_12,3900001_zy_jn_sx_icon,,,tianfu_3900001_big_1,
3000001,律,13,,,1,,连携技强化Ⅰ,"101,117;102,13;103,7;104,55",,,连携技等级+1,0,,"1006223,24",LevelName_3000001_13,3900001_zy_jn_qte_icon,,,tianfu_3900001_big_1,
3000001,律,14,,,1,,属性强化Ⅵ,"101,117;102,13;103,7;104,56",,,,0,,"1006223,28",LevelName_3000001_14,3900001_zy_jn_sx_icon,,,tianfu_3900001_big_1,
3000001,律,15,,,1,,奥义强化Ⅰ,"101,117;102,13;103,8;104,56","3100007,1",1,奥义等级+1,0,Level_Des_3000001_1_15,"1006223,28",LevelName_3000001_15,3900001_zy_jn_ay_icon,,,tianfu_3900001_big_1,
3000001,律,16,,,1,,属性强化Ⅶ,"101,117;102,13;103,7;104,55",,,,0,,"1006223,32",LevelName_3000001_16,3900001_zy_jn_sx_icon,,,tianfu_3900001_big_1,
3000001,律,17,,,1,,属性强化Ⅷ,"101,117;102,13;103,7;104,56",,,,0,,"1006223,32",LevelName_3000001_17,3900001_zy_jn_sx_icon,,,tianfu_3900001_big_1,
3000001,律,18,,,1,,属性强化Ⅸ,"101,117;102,13;103,8;104,56",,,,0,,"1006223,34",LevelName_3000001_18,3900001_zy_jn_sx_icon,,,tianfu_3900001_big_1,
3000001,律,19,,,1,,属性强化Ⅹ,"101,117;102,13;103,7;104,55",,,,0,,"1006223,34",LevelName_3000001_19,3900001_zy_jn_sx_icon,,,tianfu_3900001_big_1,
3000001,律,20,,,1,,君王Ⅰ,"101,117;102,13;103,7;104,56","3100008,1",3,每携带1位君王，攻击时降低目标弱点防御0.5%，持续1回合,10001,,"1006223,38",LevelName_3000001_20,3900001_zy_jn_zj_icon,,,tianfu_3900001_big_1,"31000201,31000202"
3000001,律,21,"16000,20",Level_ConditionDes_3000001_2,2,怒目,仆从Ⅰ,"101,117;102,13;103,8;104,56","3100009,1",3,每携带1位仆从，自身弱破效果提升0.5%,10002,,"1006223,42",LevelName_3000001_21,3900001_zy_jn_zj_icon,怒目,Level_TypeName_3000001_2,tianfu_3900001_big_2,
3000001,律,22,"16000,20",,2,,属性强化Ⅰ,"101,117;102,13;103,7;104,55",,,,0,,"1006223,46",LevelName_3000001_22,3900001_zy_jn_sx_icon,,,tianfu_3900001_big_2,
3000001,律,23,"16000,20",,2,,神子Ⅰ,"101,117;102,13;103,7;104,56","3100010,1",3,每携带1位神子，自身穿透效果提升0.5%,10003,,"1006223,50",LevelName_3000001_23,3900001_zy_jn_zj_icon,,,tianfu_3900001_big_2,
3000001,律,24,"16000,20",,2,,属性强化Ⅱ,"101,117;102,13;103,8;104,56",,,,0,,"1006223,54",LevelName_3000001_24,3900001_zy_jn_sx_icon,,,tianfu_3900001_big_2,
3000001,律,25,"16000,20",,2,,普攻强化Ⅱ,"101,117;102,13;103,7;104,55","3100011,1",1,普通攻击等级+1,0,Level_Des_3000001_2_25,"1006223,58",LevelName_3000001_25,3900001_zy_jn_pg_icon,,,tianfu_3900001_big_2,
3000001,律,26,"16000,20",,2,,属性强化Ⅲ,"101,117;102,13;103,7;104,56","3100062,1",5,,0,,"1006223,62",LevelName_3000001_26,3900001_zy_jn_sx_icon,,,tianfu_3900001_big_2,
3000001,律,27,"16000,20",,2,,连携技强化Ⅱ,"101,117;102,13;103,8;104,56",,,连携技等级+1,0,,"1006223,66",LevelName_3000001_27,3900001_zy_jn_qte_icon,,,tianfu_3900001_big_2,
3000001,律,28,"16000,20",,2,,属性强化Ⅳ,"101,117;102,13;103,7;104,55",,,,0,,"1006223,70",LevelName_3000001_28,3900001_zy_jn_sx_icon,,,tianfu_3900001_big_2,
3000001,律,29,"16000,20",,2,,奥义强化Ⅱ,"101,117;102,13;103,7;104,56","3100012,1",1,奥义等级+1,0,Level_Des_3000001_2_29,"1006223,74",LevelName_3000001_29,3900001_zy_jn_ay_icon,,,tianfu_3900001_big_2,
3000001,律,30,"16000,20",,2,,属性强化Ⅴ,"101,117;102,13;103,8;104,56","3100060,1",5,能量上限+1,0,,"1006223,78",LevelName_3000001_30,3900001_zy_jn_sx_icon,,,tianfu_3900001_big_2,
3000001,律,31,"16000,20",,2,,乘势追击Ⅰ,"101,117;102,13;103,7;104,55","3100013,1",2,对完全弱点击破的怪物进行攻击时，伤害提升5%,101,,"1006223,82",LevelName_3000001_31,3900001_zy_jn_tf_icon,,,tianfu_3900001_big_2,
3000001,律,32,"16000,20",,2,,属性强化Ⅵ,"101,117;102,13;103,7;104,56",,,,0,,"1006223,86",LevelName_3000001_32,3900001_zy_jn_sx_icon,,,tianfu_3900001_big_2,
3000001,律,33,"16000,20",,2,,普攻强化Ⅲ,"101,117;102,13;103,8;104,56","3100014,1",1,普通攻击等级+1,0,Level_Des_3000001_2_33,"1006223,90",LevelName_3000001_33,3900001_zy_jn_pg_icon,,,tianfu_3900001_big_2,
3000001,律,34,"16000,20",,2,,属性强化Ⅶ,"101,117;102,13;103,7;104,55",,,,0,,"1006223,94",LevelName_3000001_34,3900001_zy_jn_sx_icon,,,tianfu_3900001_big_2,
3000001,律,35,"16000,20",,2,,连携技强化Ⅲ,"101,117;102,13;103,7;104,56",,,连携技等级+1,0,,"1006223,98",LevelName_3000001_35,3900001_zy_jn_qte_icon,,,tianfu_3900001_big_2,
3000001,律,36,"16000,20",,2,,属性强化Ⅷ,"101,117;102,13;103,8;104,56",,,,0,,"1006223,102",LevelName_3000001_36,3900001_zy_jn_sx_icon,,,tianfu_3900001_big_2,
3000001,律,37,"16000,20",,2,,奥义强化Ⅲ,"101,117;102,13;103,7;104,55","3100015,1",1,奥义等级+1,0,Level_Des_3000001_2_37,"1006223,106",LevelName_3000001_37,3900001_zy_jn_ay_icon,,,tianfu_3900001_big_2,
3000001,律,38,"16000,20",,2,,属性强化Ⅸ,"101,117;102,13;103,7;104,56",,,,0,,"1006223,110",LevelName_3000001_38,3900001_zy_jn_sx_icon,,,tianfu_3900001_big_2,
3000001,律,39,"16000,20",,2,,属性强化Ⅹ,"101,117;102,13;103,8;104,56",,,,0,,"1006223,114",LevelName_3000001_39,3900001_zy_jn_sx_icon,,,tianfu_3900001_big_2,
3000001,律,40,"16000,20",,2,,弱点精通Ⅱ,"101,117;102,13;103,7;104,55","3100016,1",5,弱破效果提升2%,0,,"1006223,118",LevelName_3000001_40,3900001_zy_jn_bd_icon,,,tianfu_3900001_big_2,"31000401,31000402"
3000001,律,41,"16000,40",Level_ConditionDes_3000001_3,3,破法,待机强化Ⅰ,"101,117;102,13;103,7;104,56","3100017,1",4,待机技能等级+1,1001,Level_Des_3000001_3_41,"1006223,122",LevelName_3000001_41,3900001_zy_jn_dj_icon,破法,Level_TypeName_3000001_3,tianfu_3900001_big_3,
3000001,律,42,"16000,40",,3,,属性强化Ⅰ,"101,117;102,13;103,8;104,56","3100062,1",5,,0,,"1006223,126",LevelName_3000001_42,3900001_zy_jn_sx_icon,,,tianfu_3900001_big_3,
3000001,律,43,"16000,40",,3,,君王Ⅱ,"101,117;102,13;103,7;104,55","3100008,2",3,每携带1位君王，攻击时降低目标弱点防御1%，持续1回合,10001,,"1006223,130",LevelName_3000001_43,3900001_zy_jn_zj_icon,,,tianfu_3900001_big_3,
3000001,律,44,"16000,40",,3,,属性强化Ⅱ,"101,117;102,13;103,7;104,56",,,,0,,"1006223,134",LevelName_3000001_44,3900001_zy_jn_sx_icon,,,tianfu_3900001_big_3,
3000001,律,45,"16000,40",,3,,普攻强化Ⅳ,"101,117;102,13;103,8;104,56","3100019,1",1,普通攻击等级+1,0,Level_Des_3000001_3_45,"1006223,138",LevelName_3000001_45,3900001_zy_jn_pg_icon,,,tianfu_3900001_big_3,
3000001,律,46,"16000,40",,3,,属性强化Ⅲ,"101,117;102,13;103,7;104,55",,,,0,,"1006223,142",LevelName_3000001_46,3900001_zy_jn_sx_icon,,,tianfu_3900001_big_3,
3000001,律,47,"16000,40",,3,,连携技强化Ⅳ,"101,117;102,13;103,7;104,56",,,连携技等级+1,0,,"1006223,146",LevelName_3000001_47,3900001_zy_jn_qte_icon,,,tianfu_3900001_big_3,
3000001,律,48,"16000,40",,3,,属性强化Ⅳ,"101,117;102,13;103,8;104,56",,,,0,,"1006223,150",LevelName_3000001_48,3900001_zy_jn_sx_icon,,,tianfu_3900001_big_3,
3000001,律,49,"16000,40",,3,,奥义强化Ⅳ,"101,117;102,13;103,7;104,55","3100020,1",1,奥义等级+1,0,Level_Des_3000001_3_49,"1006223,154",LevelName_3000001_49,3900001_zy_jn_ay_icon,,,tianfu_3900001_big_3,
3000001,律,50,"16000,40",,3,,属性强化Ⅴ,"101,117;102,13;103,7;104,56",,,,0,,"1006223,158",LevelName_3000001_50,3900001_zy_jn_sx_icon,,,tianfu_3900001_big_3,
3000001,律,51,"16000,40",,3,,仆从Ⅱ,"101,117;102,13;103,8;104,56","3100009,2",3,每携带1位仆从，自身弱破效果提升1%,10002,,"1006223,162",LevelName_3000001_51,3900001_zy_jn_zj_icon,,,tianfu_3900001_big_3,
3000001,律,52,"16000,40",,3,,属性强化Ⅵ,"101,117;102,13;103,7;104,55",,,,0,,"1006223,166",LevelName_3000001_52,3900001_zy_jn_sx_icon,,,tianfu_3900001_big_3,
3000001,律,53,"16000,40",,3,,普攻强化Ⅴ,"101,117;102,13;103,7;104,56","3100022,1",1,普通攻击等级+1,0,Level_Des_3000001_3_53,"1006223,170",LevelName_3000001_53,3900001_zy_jn_pg_icon,,,tianfu_3900001_big_3,
3000001,律,54,"16000,40",,3,,属性强化Ⅶ,"101,117;102,13;103,8;104,56",,,,0,,"1006223,174",LevelName_3000001_54,3900001_zy_jn_sx_icon,,,tianfu_3900001_big_3,
3000001,律,55,"16000,40",,3,,连携技强化Ⅴ,"101,117;102,13;103,7;104,55",,,连携技等级+1,0,,"1006223,178",LevelName_3000001_55,3900001_zy_jn_qte_icon,,,tianfu_3900001_big_3,
3000001,律,56,"16000,40",,3,,属性强化Ⅷ,"101,117;102,13;103,7;104,56",,,,0,,"1006223,182",LevelName_3000001_56,3900001_zy_jn_sx_icon,,,tianfu_3900001_big_3,
3000001,律,57,"16000,40",,3,,奥义强化Ⅴ,"101,117;102,13;103,8;104,56","3100023,1",1,奥义等级+1,0,Level_Des_3000001_3_57,"1006223,186",LevelName_3000001_57,3900001_zy_jn_ay_icon,,,tianfu_3900001_big_3,
3000001,律,58,"16000,40",,3,,属性强化Ⅸ,"101,117;102,13;103,7;104,55","3100062,1",5,,0,,"1006223,190",LevelName_3000001_58,3900001_zy_jn_sx_icon,,,tianfu_3900001_big_3,
3000001,律,59,"16000,40",,3,,神子Ⅱ,"101,117;102,13;103,7;104,56","3100010,2",3,每携带1位神子，自身穿透效果提升0.5%,10003,,"1006223,194",LevelName_3000001_59,3900001_zy_jn_zj_icon,,,tianfu_3900001_big_3,
3000001,律,60,"16000,40",,3,,弱点特效Ⅱ,"101,117;102,13;103,8;104,56","3100025,1",5,穿透率提升1.6%,0,,"1006223,198",LevelName_3000001_60,3900001_zy_jn_bd_icon,,,tianfu_3900001_big_3,"31000601,31000602"
3000001,律,61,"16000,60",Level_ConditionDes_3000001_4,4,叩天,弱点精通Ⅲ,"101,117;102,13;103,7;104,55","3100026,1",5,弱破效果提升2%,0,,"1006223,206",LevelName_3000001_61,3900001_zy_jn_bd_icon,叩天,Level_TypeName_3000001_4,tianfu_3900001_big_4,
3000001,律,62,"16000,60",,4,,属性强化Ⅰ,"101,117;102,13;103,7;104,56",,,,0,,"1006223,214",LevelName_3000001_62,3900001_zy_jn_sx_icon,,,tianfu_3900001_big_4,
3000001,律,63,"16000,60",,4,,待机强化Ⅱ,"101,117;102,13;103,8;104,56","3100017,2",4,待机技能等级+1,1001,Level_Des_3000001_4_63,"1006223,222",LevelName_3000001_63,3900001_zy_jn_dj_icon,,,tianfu_3900001_big_4,
3000001,律,64,"16000,60",,4,,属性强化Ⅱ,"101,117;102,13;103,7;104,55",,,,0,,"1006223,230",LevelName_3000001_64,3900001_zy_jn_sx_icon,,,tianfu_3900001_big_4,
3000001,律,65,"16000,60",,4,,普攻强化Ⅵ,"101,117;102,13;103,7;104,56","3100028,1",1,普通攻击等级+1,0,Level_Des_3000001_4_65,"1006223,238",LevelName_3000001_65,3900001_zy_jn_pg_icon,,,tianfu_3900001_big_4,
3000001,律,66,"16000,60",,4,,属性强化Ⅲ,"101,117;102,13;103,8;104,56",,,,0,,"1006223,246",LevelName_3000001_66,3900001_zy_jn_sx_icon,,,tianfu_3900001_big_4,
3000001,律,67,"16000,60",,4,,连携技强化Ⅵ,"101,117;102,13;103,7;104,55",,,连携技等级+1,0,,"1006223,254",LevelName_3000001_67,3900001_zy_jn_qte_icon,,,tianfu_3900001_big_4,
3000001,律,68,"16000,60",,4,,属性强化Ⅳ,"101,117;102,13;103,7;104,56",,,,0,,"1006223,262",LevelName_3000001_68,3900001_zy_jn_sx_icon,,,tianfu_3900001_big_4,
3000001,律,69,"16000,60",,4,,奥义强化Ⅵ,"101,117;102,13;103,8;104,56","3100029,1",1,奥义等级+1,0,Level_Des_3000001_4_69,"1006223,270",LevelName_3000001_69,3900001_zy_jn_ay_icon,,,tianfu_3900001_big_4,
3000001,律,70,"16000,60",,4,,属性强化Ⅴ,"101,117;102,13;103,7;104,55",,,,0,,"1006223,278",LevelName_3000001_70,3900001_zy_jn_sx_icon,,,tianfu_3900001_big_4,
3000001,律,71,"16000,60",,4,,弱点特效Ⅲ,"101,117;102,13;103,7;104,56","3100030,1",5,穿透率提升1.6%,0,,"1006223,286",LevelName_3000001_71,3900001_zy_jn_bd_icon,,,tianfu_3900001_big_4,
3000001,律,72,"16000,60",,4,,属性强化Ⅵ,"101,117;102,13;103,8;104,56",,,,0,,"1006223,294",LevelName_3000001_72,3900001_zy_jn_sx_icon,,,tianfu_3900001_big_4,
3000001,律,73,"16000,60",,4,,普攻强化Ⅶ,"101,117;102,13;103,7;104,55","3100031,1",1,普通攻击等级+1,0,Level_Des_3000001_4_73,"1006223,302",LevelName_3000001_73,3900001_zy_jn_pg_icon,,,tianfu_3900001_big_4,
3000001,律,74,"16000,60",,4,,属性强化Ⅶ,"101,117;102,13;103,7;104,56",,,,0,,"1006223,310",LevelName_3000001_74,3900001_zy_jn_sx_icon,,,tianfu_3900001_big_4,
3000001,律,75,"16000,60",,4,,连携技强化Ⅶ,"101,117;102,13;103,8;104,56",,,连携技等级+1,0,,"1006223,318",LevelName_3000001_75,3900001_zy_jn_qte_icon,,,tianfu_3900001_big_4,
3000001,律,76,"16000,60",,4,,属性强化Ⅷ,"101,117;102,13;103,7;104,55","3100062,1",5,,0,,"1006223,326",LevelName_3000001_76,3900001_zy_jn_sx_icon,,,tianfu_3900001_big_4,
3000001,律,77,"16000,60",,4,,奥义强化Ⅶ,"101,117;102,13;103,7;104,56","3100032,1",1,奥义等级+1,0,Level_Des_3000001_4_77,"1006223,334",LevelName_3000001_77,3900001_zy_jn_ay_icon,,,tianfu_3900001_big_4,
3000001,律,78,"16000,60",,4,,属性强化Ⅸ,"101,117;102,13;103,8;104,56",,,,0,,"1006223,342",LevelName_3000001_78,3900001_zy_jn_sx_icon,,,tianfu_3900001_big_4,
3000001,律,79,"16000,60",,4,,乘势追击Ⅱ,"101,117;102,13;103,7;104,55","3100013,2",2,对完全弱点击破的怪物进行攻击时，伤害提升7%,101,,"1006223,350",LevelName_3000001_79,3900001_zy_jn_tf_icon,,,tianfu_3900001_big_4,
3000001,律,80,"16000,60",,4,,君王Ⅲ,"101,117;102,13;103,7;104,56","3100008,3",3,每携带1位君王，攻击时降低目标弱点防御1.5%，持续1回合,10001,,"1006223,358",LevelName_3000001_80,3900001_zy_jn_zj_icon,,,tianfu_3900001_big_4,"31000801,31000802"
3000001,律,81,"16000,80",Level_ConditionDes_3000001_5,5,真言,仆从Ⅲ,"101,117;102,13;103,8;104,56","3100009,3",3,每携带1位仆从，自身弱破效果提升1.5%,10002,,"1006223,366",LevelName_3000001_81,3900001_zy_jn_zj_icon,真言,Level_TypeName_3000001_5,tianfu_3900001_big_5,
3000001,律,82,"16000,80",,5,,属性强化Ⅰ,"101,117;102,13;103,7;104,55",,,,0,,"1006223,374",LevelName_3000001_82,3900001_zy_jn_sx_icon,,,tianfu_3900001_big_5,
3000001,律,83,"16000,80",,5,,神子Ⅲ,"101,117;102,13;103,7;104,56","3100010,3",3,每携带1位神子，自身穿透效果提升0.5%,10003,,"1006223,382",LevelName_3000001_83,3900001_zy_jn_zj_icon,,,tianfu_3900001_big_5,
3000001,律,84,"16000,80",,5,,属性强化Ⅱ,"101,117;102,13;103,8;104,56",,,,0,,"1006223,390",LevelName_3000001_84,3900001_zy_jn_sx_icon,,,tianfu_3900001_big_5,
3000001,律,85,"16000,80",,5,,普攻强化Ⅷ,"101,117;102,13;103,7;104,55","3100037,1",1,普通攻击等级+1,0,Level_Des_3000001_5_85,"1006223,398",LevelName_3000001_85,3900001_zy_jn_pg_icon,,,tianfu_3900001_big_5,
3000001,律,86,"16000,80",,5,,属性强化Ⅲ,"101,117;102,13;103,7;104,56",,,,0,,"1006223,406",LevelName_3000001_86,3900001_zy_jn_sx_icon,,,tianfu_3900001_big_5,
3000001,律,87,"16000,80",,5,,连携技强化Ⅷ,"101,117;102,13;103,8;104,56",,,连携技等级+1,0,,"1006223,414",LevelName_3000001_87,3900001_zy_jn_qte_icon,,,tianfu_3900001_big_5,
3000001,律,88,"16000,80",,5,,属性强化Ⅳ,"101,117;102,13;103,7;104,55",,,,0,,"1006223,422",LevelName_3000001_88,3900001_zy_jn_sx_icon,,,tianfu_3900001_big_5,
3000001,律,89,"16000,80",,5,,奥义强化Ⅷ,"101,117;102,13;103,7;104,56","3100038,1",1,奥义等级+1,0,Level_Des_3000001_5_89,"1006223,430",LevelName_3000001_89,3900001_zy_jn_ay_icon,,,tianfu_3900001_big_5,
3000001,律,90,"16000,80",,5,,属性强化Ⅴ,"101,117;102,13;103,8;104,56","3100061,1",5,能量上限+1,0,,"1006223,438",LevelName_3000001_90,3900001_zy_jn_sx_icon,,,tianfu_3900001_big_5,
3000001,律,91,"16000,80",,5,,弱点精通Ⅳ,"101,117;102,13;103,7;104,55","3100039,1",5,弱破效果提升2%,0,,"1006223,446",LevelName_3000001_91,3900001_zy_jn_bd_icon,,,tianfu_3900001_big_5,
3000001,律,92,"16000,80",,5,,属性强化Ⅵ,"101,117;102,13;103,7;104,56",,,,0,,"1006223,454",LevelName_3000001_92,3900001_zy_jn_sx_icon,,,tianfu_3900001_big_5,
3000001,律,93,"16000,80",,5,,普攻强化Ⅸ,"101,117;102,13;103,8;104,56","3100040,1",1,普通攻击等级+1,0,Level_Des_3000001_5_93,"1006223,462",LevelName_3000001_93,3900001_zy_jn_pg_icon,,,tianfu_3900001_big_5,
3000001,律,94,"16000,80",,5,,属性强化Ⅶ,"101,117;102,13;103,7;104,55",,,,0,,"1006223,470",LevelName_3000001_94,3900001_zy_jn_sx_icon,,,tianfu_3900001_big_5,
3000001,律,95,"16000,80",,5,,连携技强化Ⅸ,"101,117;102,13;103,7;104,56",,,连携技等级+1,0,,"1006223,478",LevelName_3000001_95,3900001_zy_jn_qte_icon,,,tianfu_3900001_big_5,
3000001,律,96,"16000,80",,5,,属性强化Ⅷ,"101,117;102,13;103,8;104,56",,,,0,,"1006223,486",LevelName_3000001_96,3900001_zy_jn_sx_icon,,,tianfu_3900001_big_5,
3000001,律,97,"16000,80",,5,,奥义强化Ⅸ,"101,117;102,13;103,7;104,55","3100041,1",1,奥义等级+1,0,Level_Des_3000001_5_97,"1006223,494",LevelName_3000001_97,3900001_zy_jn_ay_icon,,,tianfu_3900001_big_5,
3000001,律,98,"16000,80",,5,,属性强化Ⅸ,"101,117;102,13;103,7;104,56",,,,0,,"1006223,502",LevelName_3000001_98,3900001_zy_jn_sx_icon,,,tianfu_3900001_big_5,
3000001,律,99,"16000,80",,5,,待机强化Ⅲ,"101,117;102,13;103,8;104,56","3100017,3",4,待机技能等级+1,1001,Level_Des_3000001_5_99,"1006223,510",LevelName_3000001_99,3900001_zy_jn_dj_icon,,,tianfu_3900001_big_5,
3000001,律,100,"16000,80",,5,,弱点特效Ⅳ,"101,117;102,13;103,7;104,55","3100043,1",5,穿透率提升1.6%,0,,"1006223,518",LevelName_3000001_100,3900001_zy_jn_bd_icon,,,tianfu_3900001_big_5,"31001001,31001002"
3000001,律,101,"16000,100",Level_ConditionDes_3000001_6,6,恩赐,攻击强化,"101,117;102,13;103,7;104,56","3100044,1",5,攻击力提升2.5%,0,,"1006223,534",LevelName_3000001_101,3900001_zy_jn_bd_icon,恩赐,Level_TypeName_3000001_6,tianfu_3900001_big_6,
3000001,律,102,"16000,100",,6,,属性强化Ⅰ,"101,117;102,13;103,8;104,56",,,,0,,"1006223,550",LevelName_3000001_102,3900001_zy_jn_sx_icon,,,tianfu_3900001_big_6,
3000001,律,103,"16000,100",,6,,普攻强化Ⅹ,"101,117;102,13;103,7;104,55","3100045,1",1,普通攻击等级+1,0,Level_Des_3000001_6_103,"1006223,566",LevelName_3000001_103,3900001_zy_jn_pg_icon,,,tianfu_3900001_big_6,
3000001,律,104,"16000,100",,6,,属性强化Ⅱ,"101,117;102,13;103,7;104,56",,,,0,,"1006223,582",LevelName_3000001_104,3900001_zy_jn_sx_icon,,,tianfu_3900001_big_6,
3000001,律,105,"16000,100",,6,,连携技强化Ⅹ,"101,117;102,13;103,8;104,56",,,连携技等级+1,0,,"1006223,598",LevelName_3000001_105,3900001_zy_jn_qte_icon,,,tianfu_3900001_big_6,
3000001,律,106,"16000,100",,6,,属性强化Ⅲ,"101,117;102,13;103,7;104,55",,,,0,,"1006223,614",LevelName_3000001_106,3900001_zy_jn_sx_icon,,,tianfu_3900001_big_6,
3000001,律,107,"16000,100",,6,,奥义强化Ⅹ,"101,117;102,13;103,7;104,56","3100046,1",1,奥义等级+1,0,Level_Des_3000001_6_107,"1006223,630",LevelName_3000001_107,3900001_zy_jn_ay_icon,,,tianfu_3900001_big_6,
3000001,律,108,"16000,100",,6,,属性强化Ⅳ,"101,117;102,13;103,8;104,56",,,,0,,"1006223,646",LevelName_3000001_108,3900001_zy_jn_sx_icon,,,tianfu_3900001_big_6,
3000001,律,109,"16000,100",,6,,弱点精通Ⅴ,"101,117;102,13;103,7;104,55","3100047,1",5,弱破效果提升2%,0,,"1006223,662",LevelName_3000001_109,3900001_zy_jn_bd_icon,,,tianfu_3900001_big_6,
3000001,律,110,"16000,100",,6,,属性强化Ⅴ,"101,117;102,13;103,7;104,56",,,,0,,"1006223,678",LevelName_3000001_110,3900001_zy_jn_sx_icon,,,tianfu_3900001_big_6,
3000001,律,111,"16000,100",,6,,普攻强化Ⅺ,"101,117;102,13;103,8;104,56","3100048,1",1,普通攻击等级+1,0,Level_Des_3000001_6_111,"1006223,694",LevelName_3000001_111,3900001_zy_jn_pg_icon,,,tianfu_3900001_big_6,
3000001,律,112,"16000,100",,6,,属性强化Ⅵ,"101,117;102,13;103,7;104,55",,,,0,,"1006223,710",LevelName_3000001_112,3900001_zy_jn_sx_icon,,,tianfu_3900001_big_6,
3000001,律,113,"16000,100",,6,,连携技强化Ⅺ,"101,117;102,13;103,7;104,56",,,连携技等级+1,0,,"1006223,726",LevelName_3000001_113,3900001_zy_jn_qte_icon,,,tianfu_3900001_big_6,
3000001,律,114,"16000,100",,6,,属性强化Ⅶ,"101,117;102,13;103,8;104,56",,,,0,,"1006223,742",LevelName_3000001_114,3900001_zy_jn_sx_icon,,,tianfu_3900001_big_6,
3000001,律,115,"16000,100",,6,,奥义强化Ⅺ,"101,117;102,13;103,7;104,55","3100049,1",1,奥义等级+1,0,Level_Des_3000001_6_115,"1006223,758",LevelName_3000001_115,3900001_zy_jn_ay_icon,,,tianfu_3900001_big_6,
3000001,律,116,"16000,100",,6,,属性强化Ⅷ,"101,117;102,13;103,7;104,56",,,,0,,"1006223,774",LevelName_3000001_116,3900001_zy_jn_sx_icon,,,tianfu_3900001_big_6,
3000001,律,117,"16000,100",,6,,待机强化Ⅳ,"101,117;102,13;103,8;104,56","3100017,4",4,待机技能等级+1,1001,Level_Des_3000001_6_117,"1006223,790",LevelName_3000001_117,3900001_zy_jn_dj_icon,,,tianfu_3900001_big_6,
3000001,律,118,"16000,100",,6,,属性强化Ⅸ,"101,117;102,13;103,7;104,55",,,,0,,"1006223,806",LevelName_3000001_118,3900001_zy_jn_sx_icon,,,tianfu_3900001_big_6,
3000001,律,119,"16000,100",,6,,属性强化Ⅹ,"101,117;102,13;103,7;104,56",,,,0,,"1006223,822",LevelName_3000001_119,3900001_zy_jn_sx_icon,,,tianfu_3900001_big_6,
3000001,律,120,"16000,100",,6,,弱点特效Ⅴ,"101,117;102,13;103,8;104,56","3100051,1",5,穿透率提升1.6%,0,,"1006223,838",LevelName_3000001_120,3900001_zy_jn_bd_icon,,,tianfu_3900001_big_6,"31001201,31001202"
3000001,律,121,"16000,120",Level_ConditionDes_3000001_7,7,天火,乘势追击Ⅲ,"101,117;102,13;103,7;104,55","3100013,3",2,对完全弱点击破的怪物进行攻击时，伤害提升9%,101,,"1006223,854",LevelName_3000001_121,3900001_zy_jn_tf_icon,天火,Level_TypeName_3000001_7,tianfu_3900001_big_7,
3000001,律,122,"16000,120",,7,,属性强化Ⅰ,"101,117;102,13;103,7;104,56",,,,0,,"1006223,870",LevelName_3000001_122,3900001_zy_jn_sx_icon,,,tianfu_3900001_big_7,
3000001,律,123,"16000,120",,7,,普攻强化Ⅻ,"101,117;102,13;103,8;104,56","3100053,1",1,普通攻击等级+1,0,Level_Des_3000001_7_123,"1006223,886",LevelName_3000001_123,3900001_zy_jn_pg_icon,,,tianfu_3900001_big_7,
3000001,律,124,"16000,120",,7,,属性强化Ⅱ,"101,117;102,13;103,7;104,55",,,,0,,"1006223,902",LevelName_3000001_124,3900001_zy_jn_sx_icon,,,tianfu_3900001_big_7,
3000001,律,125,"16000,120",,7,,连携技强化Ⅻ,"101,117;102,13;103,7;104,56",,,连携技等级+1,0,,"1006223,918",LevelName_3000001_125,3900001_zy_jn_qte_icon,,,tianfu_3900001_big_7,
3000001,律,126,"16000,120",,7,,属性强化Ⅲ,"101,117;102,13;103,8;104,56",,,,0,,"1006223,934",LevelName_3000001_126,3900001_zy_jn_sx_icon,,,tianfu_3900001_big_7,
3000001,律,127,"16000,120",,7,,奥义强化Ⅻ,"101,117;102,13;103,7;104,55","3100054,1",1,奥义等级+1,0,Level_Des_3000001_7_127,"1006223,950",LevelName_3000001_127,3900001_zy_jn_ay_icon,,,tianfu_3900001_big_7,
3000001,律,128,"16000,120",,7,,属性强化Ⅳ,"101,117;102,13;103,7;104,56",,,,0,,"1006223,966",LevelName_3000001_128,3900001_zy_jn_sx_icon,,,tianfu_3900001_big_7,
3000001,律,129,"16000,120",,7,,弱点精通Ⅵ,"101,117;102,13;103,8;104,56","3100055,1",5,弱破效果提升2%,0,,"1006223,982",LevelName_3000001_129,3900001_zy_jn_bd_icon,,,tianfu_3900001_big_7,
3000001,律,130,"16000,120",,7,,属性强化Ⅴ,"101,117;102,13;103,7;104,55",,,,0,,"1006223,998",LevelName_3000001_130,3900001_zy_jn_sx_icon,,,tianfu_3900001_big_7,
3000001,律,131,"16000,120",,7,,普攻强化XIII,"101,117;102,13;103,7;104,56","3100056,1",1,普通攻击等级+1,0,Level_Des_3000001_7_131,"1006223,1014",LevelName_3000001_131,3900001_zy_jn_pg_icon,,,tianfu_3900001_big_7,
3000001,律,132,"16000,120",,7,,属性强化Ⅵ,"101,117;102,13;103,8;104,56",,,,0,,"1006223,1030",LevelName_3000001_132,3900001_zy_jn_sx_icon,,,tianfu_3900001_big_7,
3000001,律,133,"16000,120",,7,,连携技强化XIII,"101,117;102,13;103,7;104,55",,,连携技等级+1,0,,"1006223,1046",LevelName_3000001_133,3900001_zy_jn_qte_icon,,,tianfu_3900001_big_7,
3000001,律,134,"16000,120",,7,,属性强化Ⅶ,"101,117;102,13;103,7;104,56",,,,0,,"1006223,1062",LevelName_3000001_134,3900001_zy_jn_sx_icon,,,tianfu_3900001_big_7,
3000001,律,135,"16000,120",,7,,奥义强化XIII,"101,117;102,13;103,8;104,56","3100057,1",1,奥义等级+1,0,Level_Des_3000001_7_135,"1006223,1078",LevelName_3000001_135,3900001_zy_jn_ay_icon,,,tianfu_3900001_big_7,
3000001,律,136,"16000,120",,7,,属性强化Ⅷ,"101,117;102,13;103,7;104,55",,,,0,,"1006223,1094",LevelName_3000001_136,3900001_zy_jn_sx_icon,,,tianfu_3900001_big_7,
3000001,律,137,"16000,120",,7,,待机强化Ⅴ,"101,117;102,13;103,7;104,56","3100017,5",4,待机技能等级+1,1001,Level_Des_3000001_7_137,"1006223,1110",LevelName_3000001_137,3900001_zy_jn_dj_icon,,,tianfu_3900001_big_7,
3000001,律,138,"16000,120",,7,,属性强化Ⅸ,"101,117;102,13;103,8;104,56",,,,0,,"1006223,1126",LevelName_3000001_138,3900001_zy_jn_sx_icon,,,tianfu_3900001_big_7,
3000001,律,139,"16000,120",,7,,属性强化Ⅹ,"101,117;102,13;103,7;104,55",,,,0,,"1006223,1142",LevelName_3000001_139,3900001_zy_jn_sx_icon,,,tianfu_3900001_big_7,
3000001,律,140,"16000,120",,7,,乘势追击Ⅳ,"101,117;102,13;103,7;104,56","3100013,4",2,对完全弱点击破的怪物进行攻击时，伤害提升11%,101,,"1006223,1158",LevelName_3000001_140,3900001_zy_jn_tf_icon,,,tianfu_3900001_big_7,"31001401,31001402"
3000002,克萝萝,1,,,1,慈爱,待机解锁,"101,105;102,13;103,6;104,58",,4,待命时，跳过行动回合，行动时间减少30%，自身回复5%最大生命值,0,Level_Des_3000002_1_1,"1006223,2",LevelName_3000002_1,3900002_zy_jn_dj_icon,慈爱,Level_TypeName_3000002_1,tianfu_3900002_big_1,
3000002,克萝萝,2,,,1,,治疗精通Ⅰ,"101,106;102,14;103,6;104,59","3200002,1",5,治疗效果提升1.2%,0,,"1006223,4",LevelName_3000002_2,3900002_zy_jn_bd_icon,,,tianfu_3900002_big_1,
3000002,克萝萝,3,,,1,,属性强化Ⅰ,"101,106;102,14;103,6;104,58",,,,0,,"1006223,6",LevelName_3000002_3,3900002_zy_jn_sx_icon,,,tianfu_3900002_big_1,
3000002,克萝萝,4,,,1,,属性强化Ⅱ,"101,106;102,13;103,6;104,59",,,,0,,"1006223,8",LevelName_3000002_4,3900002_zy_jn_sx_icon,,,tianfu_3900002_big_1,
3000002,克萝萝,5,,,1,,生命强化Ⅰ,"101,106;102,14;103,6;104,58","3200003,1",5,生命额外加成2.5%,0,,"1006223,8",LevelName_3000002_5,3900002_zy_jn_bd_icon,,,tianfu_3900002_big_1,
3000002,克萝萝,6,,,1,,属性强化Ⅲ,"101,106;102,14;103,6;104,59",,,,0,,"1006223,12",LevelName_3000002_6,3900002_zy_jn_sx_icon,,,tianfu_3900002_big_1,
3000002,克萝萝,7,,,1,,奥义解锁,"101,105;102,13;103,6;104,58","3200004,1",4,解锁魔女奥义，在战斗中进行三层灵魂解放即可释放强大的奥义技能,0,Level_Des_3000002_1_7,"1006223,12",LevelName_3000002_7,3900002_zy_jn_ay_icon,,,tianfu_3900002_big_1,
3000002,克萝萝,8,,,1,,属性强化Ⅳ,"101,106;102,14;103,6;104,59",,,,0,,"1006223,16",LevelName_3000002_8,3900002_zy_jn_sx_icon,,,tianfu_3900002_big_1,
3000002,克萝萝,9,,,1,,连携技解锁,"101,106;102,14;103,6;104,58","3200062,1",5,,0,,"1006223,16",LevelName_3000002_9,3900002_zy_jn_qte_icon,,,tianfu_3900002_big_1,
3000002,克萝萝,10,,,1,,第三栏位解锁,"101,106;102,13;103,6;104,59","3200005,1",4,解锁魔女的第三星痕栏位,0,Level_Des_3000002_1_10,"1006223,20",LevelName_3000002_10,3900002_zy_jn_xh_icon,,,tianfu_3900002_big_1,
3000002,克萝萝,11,,,1,,普攻强化Ⅰ,"101,106;102,14;103,6;104,58","3200006,1",1,普通攻击等级+1,0,Level_Des_3000002_1_11,"1006223,20",LevelName_3000002_11,3900002_zy_jn_pg_icon,,,tianfu_3900002_big_1,
3000002,克萝萝,12,,,1,,属性强化Ⅴ,"101,106;102,14;103,6;104,59",,,,0,,"1006223,24",LevelName_3000002_12,3900002_zy_jn_sx_icon,,,tianfu_3900002_big_1,
3000002,克萝萝,13,,,1,,连携技强化Ⅰ,"101,105;102,13;103,6;104,58",,,连携技等级+1,0,,"1006223,24",LevelName_3000002_13,3900002_zy_jn_qte_icon,,,tianfu_3900002_big_1,
3000002,克萝萝,14,,,1,,属性强化Ⅵ,"101,106;102,14;103,6;104,59",,,,0,,"1006223,28",LevelName_3000002_14,3900002_zy_jn_sx_icon,,,tianfu_3900002_big_1,
3000002,克萝萝,15,,,1,,奥义强化Ⅰ,"101,106;102,14;103,6;104,58","3200007,1",1,奥义等级+1,0,Level_Des_3000002_1_15,"1006223,28",LevelName_3000002_15,3900002_zy_jn_ay_icon,,,tianfu_3900002_big_1,
3000002,克萝萝,16,,,1,,属性强化Ⅶ,"101,106;102,13;103,6;104,59",,,,0,,"1006223,32",LevelName_3000002_16,3900002_zy_jn_sx_icon,,,tianfu_3900002_big_1,
3000002,克萝萝,17,,,1,,属性强化Ⅷ,"101,106;102,14;103,6;104,58",,,,0,,"1006223,32",LevelName_3000002_17,3900002_zy_jn_sx_icon,,,tianfu_3900002_big_1,
3000002,克萝萝,18,,,1,,属性强化Ⅸ,"101,106;102,14;103,6;104,59",,,,0,,"1006223,34",LevelName_3000002_18,3900002_zy_jn_sx_icon,,,tianfu_3900002_big_1,
3000002,克萝萝,19,,,1,,属性强化Ⅹ,"101,105;102,13;103,6;104,58",,,,0,,"1006223,34",LevelName_3000002_19,3900002_zy_jn_sx_icon,,,tianfu_3900002_big_1,
3000002,克萝萝,20,,,1,,诞生Ⅰ,"101,106;102,14;103,6;104,59","3200008,1",3,每携带1位诞生，自身效果命中提升0.5%,20001,,"1006223,38",LevelName_3000002_20,3900002_zy_jn_zj_icon,,,tianfu_3900002_big_1,"32000201,32000202"
3000002,克萝萝,21,"16001,20",Level_ConditionDes_3000002_2,2,回春,传道Ⅰ,"101,106;102,14;103,6;104,58","3200009,1",3,每携带1位传道，自身治疗效果提升0.5%,20002,,"1006223,42",LevelName_3000002_21,3900002_zy_jn_zj_icon,回春,Level_TypeName_3000002_2,tianfu_3900002_big_2,
3000002,克萝萝,22,"16001,20",,2,,属性强化Ⅰ,"101,106;102,13;103,6;104,59",,,,0,,"1006223,46",LevelName_3000002_22,3900002_zy_jn_sx_icon,,,tianfu_3900002_big_2,
3000002,克萝萝,23,"16001,20",,2,,人子Ⅰ,"101,106;102,14;103,6;104,58","3200010,1",3,每携带1位人子，提升1.5%异常抗性,20003,,"1006223,50",LevelName_3000002_23,3900002_zy_jn_zj_icon,,,tianfu_3900002_big_2,
3000002,克萝萝,24,"16001,20",,2,,属性强化Ⅱ,"101,106;102,14;103,6;104,59",,,,0,,"1006223,54",LevelName_3000002_24,3900002_zy_jn_sx_icon,,,tianfu_3900002_big_2,
3000002,克萝萝,25,"16001,20",,2,,普攻强化Ⅱ,"101,105;102,13;103,6;104,58","3200011,1",1,普通攻击等级+1,0,Level_Des_3000002_2_25,"1006223,58",LevelName_3000002_25,3900002_zy_jn_pg_icon,,,tianfu_3900002_big_2,
3000002,克萝萝,26,"16001,20",,2,,属性强化Ⅲ,"101,106;102,14;103,6;104,59","3200062,1",5,,0,,"1006223,62",LevelName_3000002_26,3900002_zy_jn_sx_icon,,,tianfu_3900002_big_2,
3000002,克萝萝,27,"16001,20",,2,,连携技强化Ⅱ,"101,106;102,14;103,6;104,58",,,连携技等级+1,0,,"1006223,66",LevelName_3000002_27,3900002_zy_jn_qte_icon,,,tianfu_3900002_big_2,
3000002,克萝萝,28,"16001,20",,2,,属性强化Ⅳ,"101,106;102,13;103,6;104,59",,,,0,,"1006223,70",LevelName_3000002_28,3900002_zy_jn_sx_icon,,,tianfu_3900002_big_2,
3000002,克萝萝,29,"16001,20",,2,,奥义强化Ⅱ,"101,106;102,14;103,6;104,58","3200012,1",1,奥义等级+1,0,Level_Des_3000002_2_29,"1006223,74",LevelName_3000002_29,3900002_zy_jn_ay_icon,,,tianfu_3900002_big_2,
3000002,克萝萝,30,"16001,20",,2,,属性强化Ⅴ,"101,106;102,14;103,6;104,59","3200060,1",5,能量上限+1,0,,"1006223,78",LevelName_3000002_30,3900002_zy_jn_sx_icon,,,tianfu_3900002_big_2,
3000002,克萝萝,31,"16001,20",,2,,生命强化Ⅱ,"101,105;102,13;103,6;104,58","3200013,1",5,生命额外加成2.5%,0,,"1006223,82",LevelName_3000002_31,3900002_zy_jn_bd_icon,,,tianfu_3900002_big_2,
3000002,克萝萝,32,"16001,20",,2,,属性强化Ⅵ,"101,106;102,14;103,6;104,59",,,,0,,"1006223,86",LevelName_3000002_32,3900002_zy_jn_sx_icon,,,tianfu_3900002_big_2,
3000002,克萝萝,33,"16001,20",,2,,普攻强化Ⅲ,"101,106;102,14;103,6;104,58","3200014,1",1,普通攻击等级+1,0,Level_Des_3000002_2_33,"1006223,90",LevelName_3000002_33,3900002_zy_jn_pg_icon,,,tianfu_3900002_big_2,
3000002,克萝萝,34,"16001,20",,2,,属性强化Ⅶ,"101,106;102,13;103,6;104,59",,,,0,,"1006223,94",LevelName_3000002_34,3900002_zy_jn_sx_icon,,,tianfu_3900002_big_2,
3000002,克萝萝,35,"16001,20",,2,,连携技强化Ⅲ,"101,106;102,14;103,6;104,58",,,连携技等级+1,0,,"1006223,98",LevelName_3000002_35,3900002_zy_jn_qte_icon,,,tianfu_3900002_big_2,
3000002,克萝萝,36,"16001,20",,2,,属性强化Ⅷ,"101,106;102,14;103,6;104,59",,,,0,,"1006223,102",LevelName_3000002_36,3900002_zy_jn_sx_icon,,,tianfu_3900002_big_2,
3000002,克萝萝,37,"16001,20",,2,,奥义强化Ⅲ,"101,105;102,13;103,6;104,58","3200015,1",1,奥义等级+1,0,Level_Des_3000002_2_37,"1006223,106",LevelName_3000002_37,3900002_zy_jn_ay_icon,,,tianfu_3900002_big_2,
3000002,克萝萝,38,"16001,20",,2,,属性强化Ⅸ,"101,106;102,14;103,6;104,59",,,,0,,"1006223,110",LevelName_3000002_38,3900002_zy_jn_sx_icon,,,tianfu_3900002_big_2,
3000002,克萝萝,39,"16001,20",,2,,属性强化Ⅹ,"101,106;102,14;103,6;104,58",,,,0,,"1006223,114",LevelName_3000002_39,3900002_zy_jn_sx_icon,,,tianfu_3900002_big_2,
3000002,克萝萝,40,"16001,20",,2,,治疗精通Ⅱ,"101,106;102,13;103,6;104,59","3200016,1",5,治疗效果提升1.2%,0,,"1006223,118",LevelName_3000002_40,3900002_zy_jn_bd_icon,,,tianfu_3900002_big_2,"32000401,32000402"
3000002,克萝萝,41,"16001,40",Level_ConditionDes_3000002_3,3,调和,异常抗性Ⅰ,"101,106;102,14;103,6;104,58","3200017,1",5,异常抗性提升0.8%,0,,"1006223,122",LevelName_3000002_41,3900002_zy_jn_bd_icon,调和,Level_TypeName_3000002_3,tianfu_3900002_big_3,
3000002,克萝萝,42,"16001,40",,3,,属性强化Ⅰ,"101,106;102,14;103,6;104,59","3200062,1",5,,0,,"1006223,126",LevelName_3000002_42,3900002_zy_jn_sx_icon,,,tianfu_3900002_big_3,
3000002,克萝萝,43,"16001,40",,3,,诞生Ⅱ,"101,105;102,13;103,6;104,58","3200008,2",3,每携带1位诞生，自身效果命中提升1%,20001,,"1006223,130",LevelName_3000002_43,3900002_zy_jn_zj_icon,,,tianfu_3900002_big_3,
3000002,克萝萝,44,"16001,40",,3,,属性强化Ⅱ,"101,106;102,14;103,6;104,59",,,,0,,"1006223,134",LevelName_3000002_44,3900002_zy_jn_sx_icon,,,tianfu_3900002_big_3,
3000002,克萝萝,45,"16001,40",,3,,普攻强化Ⅳ,"101,106;102,14;103,6;104,58","3200019,1",1,普通攻击等级+1,0,Level_Des_3000002_3_45,"1006223,138",LevelName_3000002_45,3900002_zy_jn_pg_icon,,,tianfu_3900002_big_3,
3000002,克萝萝,46,"16001,40",,3,,属性强化Ⅲ,"101,106;102,13;103,6;104,59",,,,0,,"1006223,142",LevelName_3000002_46,3900002_zy_jn_sx_icon,,,tianfu_3900002_big_3,
3000002,克萝萝,47,"16001,40",,3,,连携技强化Ⅳ,"101,106;102,14;103,6;104,58",,,连携技等级+1,0,,"1006223,146",LevelName_3000002_47,3900002_zy_jn_qte_icon,,,tianfu_3900002_big_3,
3000002,克萝萝,48,"16001,40",,3,,属性强化Ⅳ,"101,106;102,14;103,6;104,59",,,,0,,"1006223,150",LevelName_3000002_48,3900002_zy_jn_sx_icon,,,tianfu_3900002_big_3,
3000002,克萝萝,49,"16001,40",,3,,奥义强化Ⅳ,"101,105;102,13;103,6;104,58","3200020,1",1,奥义等级+1,0,Level_Des_3000002_3_49,"1006223,154",LevelName_3000002_49,3900002_zy_jn_ay_icon,,,tianfu_3900002_big_3,
3000002,克萝萝,50,"16001,40",,3,,属性强化Ⅴ,"101,106;102,14;103,6;104,59",,,,0,,"1006223,158",LevelName_3000002_50,3900002_zy_jn_sx_icon,,,tianfu_3900002_big_3,
3000002,克萝萝,51,"16001,40",,3,,传道Ⅱ,"101,106;102,14;103,6;104,58","3200009,2",3,每携带1位传道，自身治疗效果提升1%,20002,,"1006223,162",LevelName_3000002_51,3900002_zy_jn_zj_icon,,,tianfu_3900002_big_3,
3000002,克萝萝,52,"16001,40",,3,,属性强化Ⅵ,"101,106;102,13;103,6;104,59",,,,0,,"1006223,166",LevelName_3000002_52,3900002_zy_jn_sx_icon,,,tianfu_3900002_big_3,
3000002,克萝萝,53,"16001,40",,3,,普攻强化Ⅴ,"101,106;102,14;103,6;104,58","3200022,1",1,普通攻击等级+1,0,Level_Des_3000002_3_53,"1006223,170",LevelName_3000002_53,3900002_zy_jn_pg_icon,,,tianfu_3900002_big_3,
3000002,克萝萝,54,"16001,40",,3,,属性强化Ⅶ,"101,106;102,14;103,6;104,59",,,,0,,"1006223,174",LevelName_3000002_54,3900002_zy_jn_sx_icon,,,tianfu_3900002_big_3,
3000002,克萝萝,55,"16001,40",,3,,连携技强化Ⅴ,"101,105;102,13;103,6;104,58",,,连携技等级+1,0,,"1006223,178",LevelName_3000002_55,3900002_zy_jn_qte_icon,,,tianfu_3900002_big_3,
3000002,克萝萝,56,"16001,40",,3,,属性强化Ⅷ,"101,106;102,14;103,6;104,59",,,,0,,"1006223,182",LevelName_3000002_56,3900002_zy_jn_sx_icon,,,tianfu_3900002_big_3,
3000002,克萝萝,57,"16001,40",,3,,奥义强化Ⅴ,"101,106;102,14;103,6;104,58","3200023,1",1,奥义等级+1,0,Level_Des_3000002_3_57,"1006223,186",LevelName_3000002_57,3900002_zy_jn_ay_icon,,,tianfu_3900002_big_3,
3000002,克萝萝,58,"16001,40",,3,,属性强化Ⅸ,"101,106;102,13;103,6;104,59","3200062,1",5,,0,,"1006223,190",LevelName_3000002_58,3900002_zy_jn_sx_icon,,,tianfu_3900002_big_3,
3000002,克萝萝,59,"16001,40",,3,,人子Ⅱ,"101,106;102,14;103,6;104,58","3200010,2",3,每携带1位人子，提升2%异常抗性,20003,,"1006223,194",LevelName_3000002_59,3900002_zy_jn_zj_icon,,,tianfu_3900002_big_3,
3000002,克萝萝,60,"16001,40",,3,,待机强化Ⅰ,"101,106;102,14;103,6;104,59","3200025,1",4,待机技能等级+1,1002,Level_Des_3000002_3_60,"1006223,198",LevelName_3000002_60,3900002_zy_jn_dj_icon,,,tianfu_3900002_big_3,"32000601,32000602"
3000002,克萝萝,61,"16001,60",Level_ConditionDes_3000002_4,4,缄语,生命强化Ⅲ,"101,105;102,13;103,6;104,58","3200026,1",5,生命额外加成2.5%,0,,"1006223,206",LevelName_3000002_61,3900002_zy_jn_bd_icon,缄语,Level_TypeName_3000002_4,tianfu_3900002_big_4,
3000002,克萝萝,62,"16001,60",,4,,属性强化Ⅰ,"101,106;102,14;103,6;104,59",,,,0,,"1006223,214",LevelName_3000002_62,3900002_zy_jn_sx_icon,,,tianfu_3900002_big_4,
3000002,克萝萝,63,"16001,60",,4,,治疗精通Ⅲ,"101,106;102,14;103,6;104,58","3200027,1",5,治疗效果提升1.2%,0,,"1006223,222",LevelName_3000002_63,3900002_zy_jn_bd_icon,,,tianfu_3900002_big_4,
3000002,克萝萝,64,"16001,60",,4,,属性强化Ⅱ,"101,106;102,13;103,6;104,59",,,,0,,"1006223,230",LevelName_3000002_64,3900002_zy_jn_sx_icon,,,tianfu_3900002_big_4,
3000002,克萝萝,65,"16001,60",,4,,普攻强化Ⅵ,"101,106;102,14;103,6;104,58","3200028,1",1,普通攻击等级+1,0,Level_Des_3000002_4_65,"1006223,238",LevelName_3000002_65,3900002_zy_jn_pg_icon,,,tianfu_3900002_big_4,
3000002,克萝萝,66,"16001,60",,4,,属性强化Ⅲ,"101,106;102,14;103,6;104,59",,,,0,,"1006223,246",LevelName_3000002_66,3900002_zy_jn_sx_icon,,,tianfu_3900002_big_4,
3000002,克萝萝,67,"16001,60",,4,,连携技强化Ⅵ,"101,105;102,13;103,6;104,58",,,连携技等级+1,0,,"1006223,254",LevelName_3000002_67,3900002_zy_jn_qte_icon,,,tianfu_3900002_big_4,
3000002,克萝萝,68,"16001,60",,4,,属性强化Ⅳ,"101,106;102,14;103,6;104,59",,,,0,,"1006223,262",LevelName_3000002_68,3900002_zy_jn_sx_icon,,,tianfu_3900002_big_4,
3000002,克萝萝,69,"16001,60",,4,,奥义强化Ⅵ,"101,106;102,14;103,6;104,58","3200029,1",1,奥义等级+1,0,Level_Des_3000002_4_69,"1006223,270",LevelName_3000002_69,3900002_zy_jn_ay_icon,,,tianfu_3900002_big_4,
3000002,克萝萝,70,"16001,60",,4,,属性强化Ⅴ,"101,106;102,13;103,6;104,59",,,,0,,"1006223,278",LevelName_3000002_70,3900002_zy_jn_sx_icon,,,tianfu_3900002_big_4,
3000002,克萝萝,71,"16001,60",,4,,异常抗性Ⅱ,"101,106;102,14;103,6;104,58","3200030,1",5,异常抗性提升0.8%,0,,"1006223,286",LevelName_3000002_71,3900002_zy_jn_bd_icon,,,tianfu_3900002_big_4,
3000002,克萝萝,72,"16001,60",,4,,属性强化Ⅵ,"101,106;102,14;103,6;104,59",,,,0,,"1006223,294",LevelName_3000002_72,3900002_zy_jn_sx_icon,,,tianfu_3900002_big_4,
3000002,克萝萝,73,"16001,60",,4,,普攻强化Ⅶ,"101,105;102,13;103,6;104,58","3200031,1",1,普通攻击等级+1,0,Level_Des_3000002_4_73,"1006223,302",LevelName_3000002_73,3900002_zy_jn_pg_icon,,,tianfu_3900002_big_4,
3000002,克萝萝,74,"16001,60",,4,,属性强化Ⅶ,"101,106;102,14;103,6;104,59",,,,0,,"1006223,310",LevelName_3000002_74,3900002_zy_jn_sx_icon,,,tianfu_3900002_big_4,
3000002,克萝萝,75,"16001,60",,4,,连携技强化Ⅶ,"101,106;102,14;103,6;104,58",,,连携技等级+1,0,,"1006223,318",LevelName_3000002_75,3900002_zy_jn_qte_icon,,,tianfu_3900002_big_4,
3000002,克萝萝,76,"16001,60",,4,,属性强化Ⅷ,"101,106;102,13;103,6;104,59","3200062,1",5,,0,,"1006223,326",LevelName_3000002_76,3900002_zy_jn_sx_icon,,,tianfu_3900002_big_4,
3000002,克萝萝,77,"16001,60",,4,,奥义强化Ⅶ,"101,106;102,14;103,6;104,58","3200032,1",1,奥义等级+1,0,Level_Des_3000002_4_77,"1006223,334",LevelName_3000002_77,3900002_zy_jn_ay_icon,,,tianfu_3900002_big_4,
3000002,克萝萝,78,"16001,60",,4,,属性强化Ⅸ,"101,106;102,14;103,6;104,59",,,,0,,"1006223,342",LevelName_3000002_78,3900002_zy_jn_sx_icon,,,tianfu_3900002_big_4,
3000002,克萝萝,79,"16001,60",,4,,诞生Ⅲ,"101,105;102,13;103,6;104,58","3200008,3",3,每携带1位诞生，自身效果命中提升1.5%,20001,,"1006223,350",LevelName_3000002_79,3900002_zy_jn_zj_icon,,,tianfu_3900002_big_4,
3000002,克萝萝,80,"16001,60",,4,,传道Ⅲ,"101,106;102,14;103,6;104,59","3200009,3",3,每携带1位传道，自身治疗效果提升1.5%,20002,,"1006223,358",LevelName_3000002_80,3900002_zy_jn_zj_icon,,,tianfu_3900002_big_4,"32000801,32000802"
3000002,克萝萝,81,"16001,80",Level_ConditionDes_3000002_5,5,共鸣,人子Ⅲ,"101,106;102,14;103,6;104,58","3200010,3",3,每携带1位人子，提升2.5%异常抗性,20003,,"1006223,366",LevelName_3000002_81,3900002_zy_jn_zj_icon,共鸣,Level_TypeName_3000002_5,tianfu_3900002_big_5,
3000002,克萝萝,82,"16001,80",,5,,属性强化Ⅰ,"101,106;102,13;103,6;104,59",,,,0,,"1006223,374",LevelName_3000002_82,3900002_zy_jn_sx_icon,,,tianfu_3900002_big_5,
3000002,克萝萝,83,"16001,80",,5,,待机强化Ⅱ,"101,106;102,14;103,6;104,58","3200025,2",4,待机技能等级+1,1002,Level_Des_3000002_5_83,"1006223,382",LevelName_3000002_83,3900002_zy_jn_dj_icon,,,tianfu_3900002_big_5,
3000002,克萝萝,84,"16001,80",,5,,属性强化Ⅱ,"101,106;102,14;103,6;104,59",,,,0,,"1006223,390",LevelName_3000002_84,3900002_zy_jn_sx_icon,,,tianfu_3900002_big_5,
3000002,克萝萝,85,"16001,80",,5,,普攻强化Ⅷ,"101,105;102,13;103,6;104,58","3200037,1",1,普通攻击等级+1,0,Level_Des_3000002_5_85,"1006223,398",LevelName_3000002_85,3900002_zy_jn_pg_icon,,,tianfu_3900002_big_5,
3000002,克萝萝,86,"16001,80",,5,,属性强化Ⅲ,"101,106;102,14;103,6;104,59",,,,0,,"1006223,406",LevelName_3000002_86,3900002_zy_jn_sx_icon,,,tianfu_3900002_big_5,
3000002,克萝萝,87,"16001,80",,5,,连携技强化Ⅷ,"101,106;102,14;103,6;104,58",,,连携技等级+1,0,,"1006223,414",LevelName_3000002_87,3900002_zy_jn_qte_icon,,,tianfu_3900002_big_5,
3000002,克萝萝,88,"16001,80",,5,,属性强化Ⅳ,"101,106;102,13;103,6;104,59",,,,0,,"1006223,422",LevelName_3000002_88,3900002_zy_jn_sx_icon,,,tianfu_3900002_big_5,
3000002,克萝萝,89,"16001,80",,5,,奥义强化Ⅷ,"101,106;102,14;103,6;104,58","3200038,1",1,奥义等级+1,0,Level_Des_3000002_5_89,"1006223,430",LevelName_3000002_89,3900002_zy_jn_ay_icon,,,tianfu_3900002_big_5,
3000002,克萝萝,90,"16001,80",,5,,属性强化Ⅴ,"101,106;102,14;103,6;104,59","3200061,1",5,能量上限+1,0,,"1006223,438",LevelName_3000002_90,3900002_zy_jn_sx_icon,,,tianfu_3900002_big_5,
3000002,克萝萝,91,"16001,80",,5,,治疗精通Ⅳ,"101,105;102,13;103,6;104,58","3200039,1",5,治疗效果提升1.2%,0,,"1006223,446",LevelName_3000002_91,3900002_zy_jn_bd_icon,,,tianfu_3900002_big_5,
3000002,克萝萝,92,"16001,80",,5,,属性强化Ⅵ,"101,106;102,14;103,6;104,59",,,,0,,"1006223,454",LevelName_3000002_92,3900002_zy_jn_sx_icon,,,tianfu_3900002_big_5,
3000002,克萝萝,93,"16001,80",,5,,普攻强化Ⅸ,"101,106;102,14;103,6;104,58","3200040,1",1,普通攻击等级+1,0,Level_Des_3000002_5_93,"1006223,462",LevelName_3000002_93,3900002_zy_jn_pg_icon,,,tianfu_3900002_big_5,
3000002,克萝萝,94,"16001,80",,5,,属性强化Ⅶ,"101,106;102,13;103,6;104,59",,,,0,,"1006223,470",LevelName_3000002_94,3900002_zy_jn_sx_icon,,,tianfu_3900002_big_5,
3000002,克萝萝,95,"16001,80",,5,,连携技强化Ⅸ,"101,106;102,14;103,6;104,58",,,连携技等级+1,0,,"1006223,478",LevelName_3000002_95,3900002_zy_jn_qte_icon,,,tianfu_3900002_big_5,
3000002,克萝萝,96,"16001,80",,5,,属性强化Ⅷ,"101,106;102,14;103,6;104,59",,,,0,,"1006223,486",LevelName_3000002_96,3900002_zy_jn_sx_icon,,,tianfu_3900002_big_5,
3000002,克萝萝,97,"16001,80",,5,,奥义强化Ⅸ,"101,105;102,13;103,6;104,58","3200041,1",1,奥义等级+1,0,Level_Des_3000002_5_97,"1006223,494",LevelName_3000002_97,3900002_zy_jn_ay_icon,,,tianfu_3900002_big_5,
3000002,克萝萝,98,"16001,80",,5,,属性强化Ⅸ,"101,106;102,14;103,6;104,59",,,,0,,"1006223,502",LevelName_3000002_98,3900002_zy_jn_sx_icon,,,tianfu_3900002_big_5,
3000002,克萝萝,99,"16001,80",,5,,异常抗性Ⅲ,"101,106;102,14;103,6;104,58","3200042,1",5,异常抗性提升0.8%,0,,"1006223,510",LevelName_3000002_99,3900002_zy_jn_bd_icon,,,tianfu_3900002_big_5,
3000002,克萝萝,100,"16001,80",,5,,生命强化Ⅳ,"101,106;102,13;103,6;104,59","3200043,1",5,生命额外加成2.5%,0,,"1006223,518",LevelName_3000002_100,3900002_zy_jn_bd_icon,,,tianfu_3900002_big_5,"32001001,32001002"
3000002,克萝萝,101,"16001,100",Level_ConditionDes_3000002_6,6,灵窍,待机强化Ⅲ,"101,106;102,14;103,6;104,58","3200025,3",4,待机技能等级+1,1002,Level_Des_3000002_6_101,"1006223,534",LevelName_3000002_101,3900002_zy_jn_dj_icon,灵窍,Level_TypeName_3000002_6,tianfu_3900002_big_6,
3000002,克萝萝,102,"16001,100",,6,,属性强化Ⅰ,"101,106;102,14;103,6;104,59",,,,0,,"1006223,550",LevelName_3000002_102,3900002_zy_jn_sx_icon,,,tianfu_3900002_big_6,
3000002,克萝萝,103,"16001,100",,6,,普攻强化Ⅹ,"101,105;102,13;103,6;104,58","3200045,1",1,普通攻击等级+1,0,Level_Des_3000002_6_103,"1006223,566",LevelName_3000002_103,3900002_zy_jn_pg_icon,,,tianfu_3900002_big_6,
3000002,克萝萝,104,"16001,100",,6,,属性强化Ⅱ,"101,106;102,14;103,6;104,59",,,,0,,"1006223,582",LevelName_3000002_104,3900002_zy_jn_sx_icon,,,tianfu_3900002_big_6,
3000002,克萝萝,105,"16001,100",,6,,连携技强化Ⅹ,"101,106;102,14;103,6;104,58",,,连携技等级+1,0,,"1006223,598",LevelName_3000002_105,3900002_zy_jn_qte_icon,,,tianfu_3900002_big_6,
3000002,克萝萝,106,"16001,100",,6,,属性强化Ⅲ,"101,106;102,13;103,6;104,59",,,,0,,"1006223,614",LevelName_3000002_106,3900002_zy_jn_sx_icon,,,tianfu_3900002_big_6,
3000002,克萝萝,107,"16001,100",,6,,奥义强化Ⅹ,"101,106;102,14;103,6;104,58","3200046,1",1,奥义等级+1,0,Level_Des_3000002_6_107,"1006223,630",LevelName_3000002_107,3900002_zy_jn_ay_icon,,,tianfu_3900002_big_6,
3000002,克萝萝,108,"16001,100",,6,,属性强化Ⅳ,"101,106;102,14;103,6;104,59",,,,0,,"1006223,646",LevelName_3000002_108,3900002_zy_jn_sx_icon,,,tianfu_3900002_big_6,
3000002,克萝萝,109,"16001,100",,6,,异常抗性Ⅳ,"101,105;102,13;103,6;104,58","3200047,1",5,异常抗性提升0.8%,0,,"1006223,662",LevelName_3000002_109,3900002_zy_jn_bd_icon,,,tianfu_3900002_big_6,
3000002,克萝萝,110,"16001,100",,6,,属性强化Ⅴ,"101,106;102,14;103,6;104,59",,,,0,,"1006223,678",LevelName_3000002_110,3900002_zy_jn_sx_icon,,,tianfu_3900002_big_6,
3000002,克萝萝,111,"16001,100",,6,,普攻强化Ⅺ,"101,106;102,14;103,6;104,58","3200048,1",1,普通攻击等级+1,0,Level_Des_3000002_6_111,"1006223,694",LevelName_3000002_111,3900002_zy_jn_pg_icon,,,tianfu_3900002_big_6,
3000002,克萝萝,112,"16001,100",,6,,属性强化Ⅵ,"101,106;102,13;103,6;104,59",,,,0,,"1006223,710",LevelName_3000002_112,3900002_zy_jn_sx_icon,,,tianfu_3900002_big_6,
3000002,克萝萝,113,"16001,100",,6,,连携技强化Ⅺ,"101,106;102,14;103,6;104,58",,,连携技等级+1,0,,"1006223,726",LevelName_3000002_113,3900002_zy_jn_qte_icon,,,tianfu_3900002_big_6,
3000002,克萝萝,114,"16001,100",,6,,属性强化Ⅶ,"101,106;102,14;103,6;104,59",,,,0,,"1006223,742",LevelName_3000002_114,3900002_zy_jn_sx_icon,,,tianfu_3900002_big_6,
3000002,克萝萝,115,"16001,100",,6,,奥义强化Ⅺ,"101,105;102,13;103,6;104,58","3200049,1",1,奥义等级+1,0,Level_Des_3000002_6_115,"1006223,758",LevelName_3000002_115,3900002_zy_jn_ay_icon,,,tianfu_3900002_big_6,
3000002,克萝萝,116,"16001,100",,6,,属性强化Ⅷ,"101,106;102,14;103,6;104,59",,,,0,,"1006223,774",LevelName_3000002_116,3900002_zy_jn_sx_icon,,,tianfu_3900002_big_6,
3000002,克萝萝,117,"16001,100",,6,,生命强化Ⅴ,"101,106;102,14;103,6;104,58","3200050,1",5,生命额外加成2.5%,0,,"1006223,790",LevelName_3000002_117,3900002_zy_jn_bd_icon,,,tianfu_3900002_big_6,
3000002,克萝萝,118,"16001,100",,6,,属性强化Ⅸ,"101,106;102,13;103,6;104,59",,,,0,,"1006223,806",LevelName_3000002_118,3900002_zy_jn_sx_icon,,,tianfu_3900002_big_6,
3000002,克萝萝,119,"16001,100",,6,,属性强化Ⅹ,"101,106;102,14;103,6;104,58",,,,0,,"1006223,822",LevelName_3000002_119,3900002_zy_jn_sx_icon,,,tianfu_3900002_big_6,
3000002,克萝萝,120,"16001,100",,6,,治疗精通Ⅴ,"101,106;102,14;103,6;104,59","3200051,1",5,治疗效果提升1.2%,0,,"1006223,838",LevelName_3000002_120,3900002_zy_jn_bd_icon,,,tianfu_3900002_big_6,"32001201,32001202"
3000002,克萝萝,121,"16001,120",Level_ConditionDes_3000002_7,7,圣语,待机强化Ⅳ,"101,105;102,13;103,6;104,58","3200025,4",4,待机技能等级+1,1002,Level_Des_3000002_7_121,"1006223,854",LevelName_3000002_121,3900002_zy_jn_dj_icon,圣语,Level_TypeName_3000002_7,tianfu_3900002_big_7,
3000002,克萝萝,122,"16001,120",,7,,属性强化Ⅰ,"101,106;102,14;103,6;104,59",,,,0,,"1006223,870",LevelName_3000002_122,3900002_zy_jn_sx_icon,,,tianfu_3900002_big_7,
3000002,克萝萝,123,"16001,120",,7,,普攻强化Ⅻ,"101,106;102,14;103,6;104,58","3200053,1",1,普通攻击等级+1,0,Level_Des_3000002_7_123,"1006223,886",LevelName_3000002_123,3900002_zy_jn_pg_icon,,,tianfu_3900002_big_7,
3000002,克萝萝,124,"16001,120",,7,,属性强化Ⅱ,"101,106;102,13;103,6;104,59",,,,0,,"1006223,902",LevelName_3000002_124,3900002_zy_jn_sx_icon,,,tianfu_3900002_big_7,
3000002,克萝萝,125,"16001,120",,7,,连携技强化Ⅻ,"101,106;102,14;103,6;104,58",,,连携技等级+1,0,,"1006223,918",LevelName_3000002_125,3900002_zy_jn_qte_icon,,,tianfu_3900002_big_7,
3000002,克萝萝,126,"16001,120",,7,,属性强化Ⅲ,"101,106;102,14;103,6;104,59",,,,0,,"1006223,934",LevelName_3000002_126,3900002_zy_jn_sx_icon,,,tianfu_3900002_big_7,
3000002,克萝萝,127,"16001,120",,7,,奥义强化Ⅻ,"101,105;102,13;103,6;104,58","3200054,1",1,奥义等级+1,0,Level_Des_3000002_7_127,"1006223,950",LevelName_3000002_127,3900002_zy_jn_ay_icon,,,tianfu_3900002_big_7,
3000002,克萝萝,128,"16001,120",,7,,属性强化Ⅳ,"101,106;102,14;103,6;104,59",,,,0,,"1006223,966",LevelName_3000002_128,3900002_zy_jn_sx_icon,,,tianfu_3900002_big_7,
3000002,克萝萝,129,"16001,120",,7,,异常抗性Ⅴ,"101,106;102,14;103,6;104,58","3200055,1",5,异常抗性提升0.8%,0,,"1006223,982",LevelName_3000002_129,3900002_zy_jn_bd_icon,,,tianfu_3900002_big_7,
3000002,克萝萝,130,"16001,120",,7,,属性强化Ⅴ,"101,106;102,13;103,6;104,59",,,,0,,"1006223,998",LevelName_3000002_130,3900002_zy_jn_sx_icon,,,tianfu_3900002_big_7,
3000002,克萝萝,131,"16001,120",,7,,普攻强化XIII,"101,106;102,14;103,6;104,58","3200056,1",1,普通攻击等级+1,0,Level_Des_3000002_7_131,"1006223,1014",LevelName_3000002_131,3900002_zy_jn_pg_icon,,,tianfu_3900002_big_7,
3000002,克萝萝,132,"16001,120",,7,,属性强化Ⅵ,"101,106;102,14;103,6;104,59",,,,0,,"1006223,1030",LevelName_3000002_132,3900002_zy_jn_sx_icon,,,tianfu_3900002_big_7,
3000002,克萝萝,133,"16001,120",,7,,连携技强化XIII,"101,105;102,13;103,6;104,58",,,连携技等级+1,0,,"1006223,1046",LevelName_3000002_133,3900002_zy_jn_qte_icon,,,tianfu_3900002_big_7,
3000002,克萝萝,134,"16001,120",,7,,属性强化Ⅶ,"101,106;102,14;103,6;104,59",,,,0,,"1006223,1062",LevelName_3000002_134,3900002_zy_jn_sx_icon,,,tianfu_3900002_big_7,
3000002,克萝萝,135,"16001,120",,7,,奥义强化XIII,"101,106;102,14;103,6;104,58","3200057,1",1,奥义等级+1,0,Level_Des_3000002_7_135,"1006223,1078",LevelName_3000002_135,3900002_zy_jn_ay_icon,,,tianfu_3900002_big_7,
3000002,克萝萝,136,"16001,120",,7,,属性强化Ⅷ,"101,106;102,13;103,6;104,59",,,,0,,"1006223,1094",LevelName_3000002_136,3900002_zy_jn_sx_icon,,,tianfu_3900002_big_7,
3000002,克萝萝,137,"16001,120",,7,,生命强化Ⅵ,"101,106;102,14;103,6;104,58","3200058,1",5,生命额外加成2.5%,0,,"1006223,1110",LevelName_3000002_137,3900002_zy_jn_bd_icon,,,tianfu_3900002_big_7,
3000002,克萝萝,138,"16001,120",,7,,属性强化Ⅸ,"101,106;102,14;103,6;104,59",,,,0,,"1006223,1126",LevelName_3000002_138,3900002_zy_jn_sx_icon,,,tianfu_3900002_big_7,
3000002,克萝萝,139,"16001,120",,7,,属性强化Ⅹ,"101,105;102,13;103,6;104,58",,,,0,,"1006223,1142",LevelName_3000002_139,3900002_zy_jn_sx_icon,,,tianfu_3900002_big_7,
3000002,克萝萝,140,"16001,120",,7,,治疗精通Ⅵ,"101,106;102,14;103,6;104,59","3200059,1",5,治疗效果提升5%,0,,"1006223,1158",LevelName_3000002_140,3900002_zy_jn_bd_icon,,,tianfu_3900002_big_7,"32001401,32001402"
3000003,黑神月咏,1,,,1,锻体,待机解锁,"101,106;102,14;103,6;104,55",,4,待命时，跳过行动回合，行动时间减少30%，下次攻击时提升5%攻击力，不可叠加,0,Level_Des_3000003_1_1,"1006223,2",LevelName_3000003_1,3900003_zy_jn_dj_icon,锻体,Level_TypeName_3000003_1,tianfu_3900003_big_1,
3000003,黑神月咏,2,,,1,,瞥见真实Ⅰ,"101,106;102,14;103,6;104,56","3300002,1",5,暴击概率提升0.8%,0,,"1006223,4",LevelName_3000003_2,3900003_zy_jn_bd_icon,,,tianfu_3900003_big_1,
3000003,黑神月咏,3,,,1,,属性强化Ⅰ,"101,106;102,15;103,6;104,56",,,,0,,"1006223,6",LevelName_3000003_3,3900003_zy_jn_sx_icon,,,tianfu_3900003_big_1,
3000003,黑神月咏,4,,,1,,属性强化Ⅱ,"101,106;102,14;103,6;104,55",,,,0,,"1006223,8",LevelName_3000003_4,3900003_zy_jn_sx_icon,,,tianfu_3900003_big_1,
3000003,黑神月咏,5,,,1,,弱点特效Ⅰ,"101,105;102,14;103,6;104,56","3300003,1",5,穿透率提升2%,0,,"1006223,8",LevelName_3000003_5,3900003_zy_jn_bd_icon,,,tianfu_3900003_big_1,
3000003,黑神月咏,6,,,1,,属性强化Ⅲ,"101,106;102,15;103,6;104,56",,,,0,,"1006223,12",LevelName_3000003_6,3900003_zy_jn_sx_icon,,,tianfu_3900003_big_1,
3000003,黑神月咏,7,,,1,,奥义解锁,"101,106;102,14;103,6;104,55","3300004,1",4,解锁魔女奥义，在战斗中进行三层灵魂解放即可释放强大的奥义技能,0,Level_Des_3000003_1_7,"1006223,12",LevelName_3000003_7,3900003_zy_jn_ay_icon,,,tianfu_3900003_big_1,
3000003,黑神月咏,8,,,1,,属性强化Ⅳ,"101,106;102,14;103,6;104,56",,,,0,,"1006223,16",LevelName_3000003_8,3900003_zy_jn_sx_icon,,,tianfu_3900003_big_1,
3000003,黑神月咏,9,,,1,,连携技解锁,"101,106;102,15;103,6;104,56","3300062,1",5,,0,,"1006223,16",LevelName_3000003_9,3900003_zy_jn_qte_icon,,,tianfu_3900003_big_1,
3000003,黑神月咏,10,,,1,,第三栏位解锁,"101,106;102,14;103,6;104,55","3300005,1",4,解锁魔女的第三星痕栏位,0,Level_Des_3000003_1_10,"1006223,20",LevelName_3000003_10,3900003_zy_jn_xh_icon,,,tianfu_3900003_big_1,
3000003,黑神月咏,11,,,1,,普攻强化Ⅰ,"101,105;102,14;103,6;104,56","3300006,1",1,普通攻击等级+1,0,Level_Des_3000003_1_11,"1006223,20",LevelName_3000003_11,3900003_zy_jn_pg_icon,,,tianfu_3900003_big_1,
3000003,黑神月咏,12,,,1,,属性强化Ⅴ,"101,106;102,15;103,6;104,56",,,,0,,"1006223,24",LevelName_3000003_12,3900003_zy_jn_sx_icon,,,tianfu_3900003_big_1,
3000003,黑神月咏,13,,,1,,连携技强化Ⅰ,"101,106;102,14;103,6;104,55",,,连携技等级+1,0,,"1006223,24",LevelName_3000003_13,3900003_zy_jn_qte_icon,,,tianfu_3900003_big_1,
3000003,黑神月咏,14,,,1,,属性强化Ⅵ,"101,106;102,14;103,6;104,56",,,,0,,"1006223,28",LevelName_3000003_14,3900003_zy_jn_sx_icon,,,tianfu_3900003_big_1,
3000003,黑神月咏,15,,,1,,奥义强化Ⅰ,"101,106;102,15;103,6;104,56","3300007,1",1,奥义等级+1,0,Level_Des_3000003_1_15,"1006223,28",LevelName_3000003_15,3900003_zy_jn_ay_icon,,,tianfu_3900003_big_1,
3000003,黑神月咏,16,,,1,,属性强化Ⅶ,"101,106;102,14;103,6;104,55",,,,0,,"1006223,32",LevelName_3000003_16,3900003_zy_jn_sx_icon,,,tianfu_3900003_big_1,
3000003,黑神月咏,17,,,1,,属性强化Ⅷ,"101,105;102,14;103,6;104,56",,,,0,,"1006223,32",LevelName_3000003_17,3900003_zy_jn_sx_icon,,,tianfu_3900003_big_1,
3000003,黑神月咏,18,,,1,,属性强化Ⅸ,"101,106;102,15;103,6;104,56",,,,0,,"1006223,34",LevelName_3000003_18,3900003_zy_jn_sx_icon,,,tianfu_3900003_big_1,
3000003,黑神月咏,19,,,1,,属性强化Ⅹ,"101,106;102,14;103,6;104,55",,,,0,,"1006223,34",LevelName_3000003_19,3900003_zy_jn_sx_icon,,,tianfu_3900003_big_1,
3000003,黑神月咏,20,,,1,,传道Ⅰ,"101,106;102,14;103,6;104,56","3300008,1",3,每携带1位传道，自身治疗效果提升0.5%,30001,,"1006223,38",LevelName_3000003_20,3900003_zy_jn_zj_icon,,,tianfu_3900003_big_1,"33000201,33000202"
3000003,黑神月咏,21,"16002,20",Level_ConditionDes_3000003_2,2,白刃,神子Ⅰ,"101,106;102,15;103,6;104,56","3300009,1",3,每携带1位神子，提升1%攻击力,30002,,"1006223,42",LevelName_3000003_21,3900003_zy_jn_zj_icon,白刃,Level_TypeName_3000003_2,tianfu_3900003_big_2,
3000003,黑神月咏,22,"16002,20",,2,,属性强化Ⅰ,"101,106;102,14;103,6;104,55",,,,0,,"1006223,46",LevelName_3000003_22,3900003_zy_jn_sx_icon,,,tianfu_3900003_big_2,
3000003,黑神月咏,23,"16002,20",,2,,受难Ⅰ,"101,105;102,14;103,6;104,56","3300010,1",3,每携带一位受难，行动后回复1%最大生命值,30003,,"1006223,50",LevelName_3000003_23,3900003_zy_jn_zj_icon,,,tianfu_3900003_big_2,
3000003,黑神月咏,24,"16002,20",,2,,属性强化Ⅱ,"101,106;102,15;103,6;104,56",,,,0,,"1006223,54",LevelName_3000003_24,3900003_zy_jn_sx_icon,,,tianfu_3900003_big_2,
3000003,黑神月咏,25,"16002,20",,2,,普攻强化Ⅱ,"101,106;102,14;103,6;104,55","3300011,1",1,普通攻击等级+1,0,Level_Des_3000003_2_25,"1006223,58",LevelName_3000003_25,3900003_zy_jn_pg_icon,,,tianfu_3900003_big_2,
3000003,黑神月咏,26,"16002,20",,2,,属性强化Ⅲ,"101,106;102,14;103,6;104,56","3300062,1",5,,0,,"1006223,62",LevelName_3000003_26,3900003_zy_jn_sx_icon,,,tianfu_3900003_big_2,
3000003,黑神月咏,27,"16002,20",,2,,连携技强化Ⅱ,"101,106;102,15;103,6;104,56",,,连携技等级+1,0,,"1006223,66",LevelName_3000003_27,3900003_zy_jn_qte_icon,,,tianfu_3900003_big_2,
3000003,黑神月咏,28,"16002,20",,2,,属性强化Ⅳ,"101,106;102,14;103,6;104,55",,,,0,,"1006223,70",LevelName_3000003_28,3900003_zy_jn_sx_icon,,,tianfu_3900003_big_2,
3000003,黑神月咏,29,"16002,20",,2,,奥义强化Ⅱ,"101,105;102,14;103,6;104,56","3300012,1",1,奥义等级+1,0,Level_Des_3000003_2_29,"1006223,74",LevelName_3000003_29,3900003_zy_jn_ay_icon,,,tianfu_3900003_big_2,
3000003,黑神月咏,30,"16002,20",,2,,属性强化Ⅴ,"101,106;102,15;103,6;104,56","3300060,1",5,能量上限+1,0,,"1006223,78",LevelName_3000003_30,3900003_zy_jn_sx_icon,,,tianfu_3900003_big_2,
3000003,黑神月咏,31,"16002,20",,2,,待机强化Ⅰ,"101,106;102,14;103,6;104,55","3300013,1",4,待机技能等级+1,1003,Level_Des_3000003_2_31,"1006223,82",LevelName_3000003_31,3900003_zy_jn_dj_icon,,,tianfu_3900003_big_2,
3000003,黑神月咏,32,"16002,20",,2,,属性强化Ⅵ,"101,106;102,14;103,6;104,56",,,,0,,"1006223,86",LevelName_3000003_32,3900003_zy_jn_sx_icon,,,tianfu_3900003_big_2,
3000003,黑神月咏,33,"16002,20",,2,,普攻强化Ⅲ,"101,106;102,15;103,6;104,56","3300014,1",1,普通攻击等级+1,0,Level_Des_3000003_2_33,"1006223,90",LevelName_3000003_33,3900003_zy_jn_pg_icon,,,tianfu_3900003_big_2,
3000003,黑神月咏,34,"16002,20",,2,,属性强化Ⅶ,"101,106;102,14;103,6;104,55",,,,0,,"1006223,94",LevelName_3000003_34,3900003_zy_jn_sx_icon,,,tianfu_3900003_big_2,
3000003,黑神月咏,35,"16002,20",,2,,连携技强化Ⅲ,"101,105;102,14;103,6;104,56",,,连携技等级+1,0,,"1006223,98",LevelName_3000003_35,3900003_zy_jn_qte_icon,,,tianfu_3900003_big_2,
3000003,黑神月咏,36,"16002,20",,2,,属性强化Ⅷ,"101,106;102,15;103,6;104,56",,,,0,,"1006223,102",LevelName_3000003_36,3900003_zy_jn_sx_icon,,,tianfu_3900003_big_2,
3000003,黑神月咏,37,"16002,20",,2,,奥义强化Ⅲ,"101,106;102,14;103,6;104,55","3300015,1",1,奥义等级+1,0,Level_Des_3000003_2_37,"1006223,106",LevelName_3000003_37,3900003_zy_jn_ay_icon,,,tianfu_3900003_big_2,
3000003,黑神月咏,38,"16002,20",,2,,属性强化Ⅸ,"101,106;102,14;103,6;104,56",,,,0,,"1006223,110",LevelName_3000003_38,3900003_zy_jn_sx_icon,,,tianfu_3900003_big_2,
3000003,黑神月咏,39,"16002,20",,2,,属性强化Ⅹ,"101,106;102,15;103,6;104,56",,,,0,,"1006223,114",LevelName_3000003_39,3900003_zy_jn_sx_icon,,,tianfu_3900003_big_2,
3000003,黑神月咏,40,"16002,20",,2,,瞥见真实Ⅱ,"101,106;102,14;103,6;104,55","3300016,1",5,暴击概率提升0.8%,0,,"1006223,118",LevelName_3000003_40,3900003_zy_jn_bd_icon,,,tianfu_3900003_big_2,"33000401,33000402"
3000003,黑神月咏,41,"16002,40",Level_ConditionDes_3000003_3,3,会心,真实追击Ⅰ,"101,105;102,14;103,6;104,56","3300017,1",5,暴击伤害提升6%,0,,"1006223,122",LevelName_3000003_41,3900003_zy_jn_bd_icon,会心,Level_TypeName_3000003_3,tianfu_3900003_big_3,
3000003,黑神月咏,42,"16002,40",,3,,属性强化Ⅰ,"101,106;102,15;103,6;104,56","3300062,1",5,,0,,"1006223,126",LevelName_3000003_42,3900003_zy_jn_sx_icon,,,tianfu_3900003_big_3,
3000003,黑神月咏,43,"16002,40",,3,,弱点特效Ⅱ,"101,106;102,14;103,6;104,55","3300018,1",5,穿透率提升2%,0,,"1006223,130",LevelName_3000003_43,3900003_zy_jn_bd_icon,,,tianfu_3900003_big_3,
3000003,黑神月咏,44,"16002,40",,3,,属性强化Ⅱ,"101,106;102,14;103,6;104,56",,,,0,,"1006223,134",LevelName_3000003_44,3900003_zy_jn_sx_icon,,,tianfu_3900003_big_3,
3000003,黑神月咏,45,"16002,40",,3,,普攻强化Ⅳ,"101,106;102,15;103,6;104,56","3300019,1",1,普通攻击等级+1,0,Level_Des_3000003_3_45,"1006223,138",LevelName_3000003_45,3900003_zy_jn_pg_icon,,,tianfu_3900003_big_3,
3000003,黑神月咏,46,"16002,40",,3,,属性强化Ⅲ,"101,106;102,14;103,6;104,55",,,,0,,"1006223,142",LevelName_3000003_46,3900003_zy_jn_sx_icon,,,tianfu_3900003_big_3,
3000003,黑神月咏,47,"16002,40",,3,,连携技强化Ⅳ,"101,105;102,14;103,6;104,56",,,连携技等级+1,0,,"1006223,146",LevelName_3000003_47,3900003_zy_jn_qte_icon,,,tianfu_3900003_big_3,
3000003,黑神月咏,48,"16002,40",,3,,属性强化Ⅳ,"101,106;102,15;103,6;104,56",,,,0,,"1006223,150",LevelName_3000003_48,3900003_zy_jn_sx_icon,,,tianfu_3900003_big_3,
3000003,黑神月咏,49,"16002,40",,3,,奥义强化Ⅳ,"101,106;102,14;103,6;104,55","3300020,1",1,奥义等级+1,0,Level_Des_3000003_3_49,"1006223,154",LevelName_3000003_49,3900003_zy_jn_ay_icon,,,tianfu_3900003_big_3,
3000003,黑神月咏,50,"16002,40",,3,,属性强化Ⅴ,"101,106;102,14;103,6;104,56",,,,0,,"1006223,158",LevelName_3000003_50,3900003_zy_jn_sx_icon,,,tianfu_3900003_big_3,
3000003,黑神月咏,51,"16002,40",,3,,传道Ⅱ,"101,106;102,15;103,6;104,56","3300008,2",3,每携带1位传道，自身治疗效果提升1%,30001,,"1006223,162",LevelName_3000003_51,3900003_zy_jn_zj_icon,,,tianfu_3900003_big_3,
3000003,黑神月咏,52,"16002,40",,3,,属性强化Ⅵ,"101,106;102,14;103,6;104,55",,,,0,,"1006223,166",LevelName_3000003_52,3900003_zy_jn_sx_icon,,,tianfu_3900003_big_3,
3000003,黑神月咏,53,"16002,40",,3,,普攻强化Ⅴ,"101,105;102,14;103,6;104,56","3300022,1",1,普通攻击等级+1,0,Level_Des_3000003_3_53,"1006223,170",LevelName_3000003_53,3900003_zy_jn_pg_icon,,,tianfu_3900003_big_3,
3000003,黑神月咏,54,"16002,40",,3,,属性强化Ⅶ,"101,106;102,15;103,6;104,56",,,,0,,"1006223,174",LevelName_3000003_54,3900003_zy_jn_sx_icon,,,tianfu_3900003_big_3,
3000003,黑神月咏,55,"16002,40",,3,,连携技强化Ⅴ,"101,106;102,14;103,6;104,55",,,连携技等级+1,0,,"1006223,178",LevelName_3000003_55,3900003_zy_jn_qte_icon,,,tianfu_3900003_big_3,
3000003,黑神月咏,56,"16002,40",,3,,属性强化Ⅷ,"101,106;102,14;103,6;104,56",,,,0,,"1006223,182",LevelName_3000003_56,3900003_zy_jn_sx_icon,,,tianfu_3900003_big_3,
3000003,黑神月咏,57,"16002,40",,3,,奥义强化Ⅴ,"101,106;102,15;103,6;104,56","3300023,1",1,奥义等级+1,0,Level_Des_3000003_3_57,"1006223,186",LevelName_3000003_57,3900003_zy_jn_ay_icon,,,tianfu_3900003_big_3,
3000003,黑神月咏,58,"16002,40",,3,,属性强化Ⅸ,"101,106;102,14;103,6;104,55","3300062,1",5,,0,,"1006223,190",LevelName_3000003_58,3900003_zy_jn_sx_icon,,,tianfu_3900003_big_3,
3000003,黑神月咏,59,"16002,40",,3,,神子Ⅱ,"101,105;102,14;103,6;104,56","3300009,2",3,每携带1位神子，提升1.5%攻击力,30002,,"1006223,194",LevelName_3000003_59,3900003_zy_jn_zj_icon,,,tianfu_3900003_big_3,
3000003,黑神月咏,60,"16002,40",,3,,受难Ⅱ,"101,106;102,15;103,6;104,56","3300010,2",3,每携带一位受难，行动后回复1.5%最大生命值,30003,,"1006223,198",LevelName_3000003_60,3900003_zy_jn_zj_icon,,,tianfu_3900003_big_3,"33000601,33000602"
3000003,黑神月咏,61,"16002,60",Level_ConditionDes_3000003_4,4,照破,瞥见真实Ⅲ,"101,106;102,14;103,6;104,55","3300026,1",5,暴击概率提升0.8%,0,,"1006223,206",LevelName_3000003_61,3900003_zy_jn_bd_icon,照破,Level_TypeName_3000003_4,tianfu_3900003_big_4,
3000003,黑神月咏,62,"16002,60",,4,,属性强化Ⅰ,"101,106;102,14;103,6;104,56",,,,0,,"1006223,214",LevelName_3000003_62,3900003_zy_jn_sx_icon,,,tianfu_3900003_big_4,
3000003,黑神月咏,63,"16002,60",,4,,待机强化Ⅱ,"101,106;102,15;103,6;104,56","3300013,2",4,待机技能等级+1,1003,Level_Des_3000003_4_63,"1006223,222",LevelName_3000003_63,3900003_zy_jn_dj_icon,,,tianfu_3900003_big_4,
3000003,黑神月咏,64,"16002,60",,4,,属性强化Ⅱ,"101,106;102,14;103,6;104,55",,,,0,,"1006223,230",LevelName_3000003_64,3900003_zy_jn_sx_icon,,,tianfu_3900003_big_4,
3000003,黑神月咏,65,"16002,60",,4,,普攻强化Ⅵ,"101,105;102,14;103,6;104,56","3300028,1",1,普通攻击等级+1,0,Level_Des_3000003_4_65,"1006223,238",LevelName_3000003_65,3900003_zy_jn_pg_icon,,,tianfu_3900003_big_4,
3000003,黑神月咏,66,"16002,60",,4,,属性强化Ⅲ,"101,106;102,15;103,6;104,56",,,,0,,"1006223,246",LevelName_3000003_66,3900003_zy_jn_sx_icon,,,tianfu_3900003_big_4,
3000003,黑神月咏,67,"16002,60",,4,,连携技强化Ⅵ,"101,106;102,14;103,6;104,55",,,连携技等级+1,0,,"1006223,254",LevelName_3000003_67,3900003_zy_jn_qte_icon,,,tianfu_3900003_big_4,
3000003,黑神月咏,68,"16002,60",,4,,属性强化Ⅳ,"101,106;102,14;103,6;104,56",,,,0,,"1006223,262",LevelName_3000003_68,3900003_zy_jn_sx_icon,,,tianfu_3900003_big_4,
3000003,黑神月咏,69,"16002,60",,4,,奥义强化Ⅵ,"101,106;102,15;103,6;104,56","3300029,1",1,奥义等级+1,0,Level_Des_3000003_4_69,"1006223,270",LevelName_3000003_69,3900003_zy_jn_ay_icon,,,tianfu_3900003_big_4,
3000003,黑神月咏,70,"16002,60",,4,,属性强化Ⅴ,"101,106;102,14;103,6;104,55",,,,0,,"1006223,278",LevelName_3000003_70,3900003_zy_jn_sx_icon,,,tianfu_3900003_big_4,
3000003,黑神月咏,71,"16002,60",,4,,真实追击Ⅱ,"101,105;102,14;103,6;104,56","3300030,1",5,暴击伤害提升6%,0,,"1006223,286",LevelName_3000003_71,3900003_zy_jn_bd_icon,,,tianfu_3900003_big_4,
3000003,黑神月咏,72,"16002,60",,4,,属性强化Ⅵ,"101,106;102,15;103,6;104,56",,,,0,,"1006223,294",LevelName_3000003_72,3900003_zy_jn_sx_icon,,,tianfu_3900003_big_4,
3000003,黑神月咏,73,"16002,60",,4,,普攻强化Ⅶ,"101,106;102,14;103,6;104,55","3300031,1",1,普通攻击等级+1,0,Level_Des_3000003_4_73,"1006223,302",LevelName_3000003_73,3900003_zy_jn_pg_icon,,,tianfu_3900003_big_4,
3000003,黑神月咏,74,"16002,60",,4,,属性强化Ⅶ,"101,106;102,14;103,6;104,56",,,,0,,"1006223,310",LevelName_3000003_74,3900003_zy_jn_sx_icon,,,tianfu_3900003_big_4,
3000003,黑神月咏,75,"16002,60",,4,,连携技强化Ⅶ,"101,106;102,15;103,6;104,56",,,连携技等级+1,0,,"1006223,318",LevelName_3000003_75,3900003_zy_jn_qte_icon,,,tianfu_3900003_big_4,
3000003,黑神月咏,76,"16002,60",,4,,属性强化Ⅷ,"101,106;102,14;103,6;104,55","3300062,1",5,,0,,"1006223,326",LevelName_3000003_76,3900003_zy_jn_sx_icon,,,tianfu_3900003_big_4,
3000003,黑神月咏,77,"16002,60",,4,,奥义强化Ⅶ,"101,105;102,14;103,6;104,56","3300032,1",1,奥义等级+1,0,Level_Des_3000003_4_77,"1006223,334",LevelName_3000003_77,3900003_zy_jn_ay_icon,,,tianfu_3900003_big_4,
3000003,黑神月咏,78,"16002,60",,4,,属性强化Ⅸ,"101,106;102,15;103,6;104,56",,,,0,,"1006223,342",LevelName_3000003_78,3900003_zy_jn_sx_icon,,,tianfu_3900003_big_4,
3000003,黑神月咏,79,"16002,60",,4,,待机强化Ⅲ,"101,106;102,14;103,6;104,55","3300013,3",4,待机技能等级+1,1003,Level_Des_3000003_4_79,"1006223,350",LevelName_3000003_79,3900003_zy_jn_dj_icon,,,tianfu_3900003_big_4,
3000003,黑神月咏,80,"16002,60",,4,,传道Ⅲ,"101,106;102,14;103,6;104,56","3300008,3",3,每携带1位传道，自身治疗效果提升1.5%,30001,,"1006223,358",LevelName_3000003_80,3900003_zy_jn_zj_icon,,,tianfu_3900003_big_4,"33000801,33000802"
3000003,黑神月咏,81,"16002,80",Level_ConditionDes_3000003_5,5,斩岩,神子Ⅲ,"101,106;102,15;103,6;104,56","3300009,3",3,每携带1位神子，提升2%攻击力,30002,,"1006223,366",LevelName_3000003_81,3900003_zy_jn_zj_icon,斩岩,Level_TypeName_3000003_5,tianfu_3900003_big_5,
3000003,黑神月咏,82,"16002,80",,5,,属性强化Ⅰ,"101,106;102,14;103,6;104,55",,,,0,,"1006223,374",LevelName_3000003_82,3900003_zy_jn_sx_icon,,,tianfu_3900003_big_5,
3000003,黑神月咏,83,"16002,80",,5,,受难Ⅲ,"101,105;102,14;103,6;104,56","3300010,3",3,每携带一位受难，行动后回复2%最大生命值,30003,,"1006223,382",LevelName_3000003_83,3900003_zy_jn_zj_icon,,,tianfu_3900003_big_5,
3000003,黑神月咏,84,"16002,80",,5,,属性强化Ⅱ,"101,106;102,15;103,6;104,56",,,,0,,"1006223,390",LevelName_3000003_84,3900003_zy_jn_sx_icon,,,tianfu_3900003_big_5,
3000003,黑神月咏,85,"16002,80",,5,,普攻强化Ⅷ,"101,106;102,14;103,6;104,55","3300037,1",1,普通攻击等级+1,0,Level_Des_3000003_5_85,"1006223,398",LevelName_3000003_85,3900003_zy_jn_pg_icon,,,tianfu_3900003_big_5,
3000003,黑神月咏,86,"16002,80",,5,,属性强化Ⅲ,"101,106;102,14;103,6;104,56",,,,0,,"1006223,406",LevelName_3000003_86,3900003_zy_jn_sx_icon,,,tianfu_3900003_big_5,
3000003,黑神月咏,87,"16002,80",,5,,连携技强化Ⅷ,"101,106;102,15;103,6;104,56",,,连携技等级+1,0,,"1006223,414",LevelName_3000003_87,3900003_zy_jn_qte_icon,,,tianfu_3900003_big_5,
3000003,黑神月咏,88,"16002,80",,5,,属性强化Ⅳ,"101,106;102,14;103,6;104,55",,,,0,,"1006223,422",LevelName_3000003_88,3900003_zy_jn_sx_icon,,,tianfu_3900003_big_5,
3000003,黑神月咏,89,"16002,80",,5,,奥义强化Ⅷ,"101,105;102,14;103,6;104,56","3300038,1",1,奥义等级+1,0,Level_Des_3000003_5_89,"1006223,430",LevelName_3000003_89,3900003_zy_jn_ay_icon,,,tianfu_3900003_big_5,
3000003,黑神月咏,90,"16002,80",,5,,属性强化Ⅴ,"101,106;102,15;103,6;104,56","3300061,1",5,能量上限+1,0,,"1006223,438",LevelName_3000003_90,3900003_zy_jn_sx_icon,,,tianfu_3900003_big_5,
3000003,黑神月咏,91,"16002,80",,5,,瞥见真实Ⅳ,"101,106;102,14;103,6;104,55","3300039,1",5,暴击概率提升0.8%,0,,"1006223,446",LevelName_3000003_91,3900003_zy_jn_bd_icon,,,tianfu_3900003_big_5,
3000003,黑神月咏,92,"16002,80",,5,,属性强化Ⅵ,"101,106;102,14;103,6;104,56",,,,0,,"1006223,454",LevelName_3000003_92,3900003_zy_jn_sx_icon,,,tianfu_3900003_big_5,
3000003,黑神月咏,93,"16002,80",,5,,普攻强化Ⅸ,"101,106;102,15;103,6;104,56","3300040,1",1,普通攻击等级+1,0,Level_Des_3000003_5_93,"1006223,462",LevelName_3000003_93,3900003_zy_jn_pg_icon,,,tianfu_3900003_big_5,
3000003,黑神月咏,94,"16002,80",,5,,属性强化Ⅶ,"101,106;102,14;103,6;104,55",,,,0,,"1006223,470",LevelName_3000003_94,3900003_zy_jn_sx_icon,,,tianfu_3900003_big_5,
3000003,黑神月咏,95,"16002,80",,5,,连携技强化Ⅸ,"101,105;102,14;103,6;104,56",,,连携技等级+1,0,,"1006223,478",LevelName_3000003_95,3900003_zy_jn_qte_icon,,,tianfu_3900003_big_5,
3000003,黑神月咏,96,"16002,80",,5,,属性强化Ⅷ,"101,106;102,15;103,6;104,56",,,,0,,"1006223,486",LevelName_3000003_96,3900003_zy_jn_sx_icon,,,tianfu_3900003_big_5,
3000003,黑神月咏,97,"16002,80",,5,,奥义强化Ⅸ,"101,106;102,14;103,6;104,55","3300041,1",1,奥义等级+1,0,Level_Des_3000003_5_97,"1006223,494",LevelName_3000003_97,3900003_zy_jn_ay_icon,,,tianfu_3900003_big_5,
3000003,黑神月咏,98,"16002,80",,5,,属性强化Ⅸ,"101,106;102,14;103,6;104,56",,,,0,,"1006223,502",LevelName_3000003_98,3900003_zy_jn_sx_icon,,,tianfu_3900003_big_5,
3000003,黑神月咏,99,"16002,80",,5,,真实追击Ⅲ,"101,106;102,15;103,6;104,56","3300042,1",5,暴击伤害提升6%,0,,"1006223,510",LevelName_3000003_99,3900003_zy_jn_bd_icon,,,tianfu_3900003_big_5,
3000003,黑神月咏,100,"16002,80",,5,,待机强化Ⅳ,"101,106;102,14;103,6;104,55","3300013,4",4,待机技能等级+1,1003,Level_Des_3000003_5_100,"1006223,518",LevelName_3000003_100,3900003_zy_jn_dj_icon,,,tianfu_3900003_big_5,"33001001,33001002"
3000003,黑神月咏,101,"16002,100",Level_ConditionDes_3000003_6,6,断钢,弱点特效Ⅲ,"101,105;102,14;103,6;104,56","3300044,1",5,穿透率提升2%,0,,"1006223,534",LevelName_3000003_101,3900003_zy_jn_bd_icon,断钢,Level_TypeName_3000003_6,tianfu_3900003_big_6,
3000003,黑神月咏,102,"16002,100",,6,,属性强化Ⅰ,"101,106;102,15;103,6;104,56",,,,0,,"1006223,550",LevelName_3000003_102,3900003_zy_jn_sx_icon,,,tianfu_3900003_big_6,
3000003,黑神月咏,103,"16002,100",,6,,普攻强化Ⅹ,"101,106;102,14;103,6;104,55","3300045,1",1,普通攻击等级+1,0,Level_Des_3000003_6_103,"1006223,566",LevelName_3000003_103,3900003_zy_jn_pg_icon,,,tianfu_3900003_big_6,
3000003,黑神月咏,104,"16002,100",,6,,属性强化Ⅱ,"101,106;102,14;103,6;104,56",,,,0,,"1006223,582",LevelName_3000003_104,3900003_zy_jn_sx_icon,,,tianfu_3900003_big_6,
3000003,黑神月咏,105,"16002,100",,6,,连携技强化Ⅹ,"101,106;102,15;103,6;104,56",,,连携技等级+1,0,,"1006223,598",LevelName_3000003_105,3900003_zy_jn_qte_icon,,,tianfu_3900003_big_6,
3000003,黑神月咏,106,"16002,100",,6,,属性强化Ⅲ,"101,106;102,14;103,6;104,55",,,,0,,"1006223,614",LevelName_3000003_106,3900003_zy_jn_sx_icon,,,tianfu_3900003_big_6,
3000003,黑神月咏,107,"16002,100",,6,,奥义强化Ⅹ,"101,105;102,14;103,6;104,56","3300046,1",1,奥义等级+1,0,Level_Des_3000003_6_107,"1006223,630",LevelName_3000003_107,3900003_zy_jn_ay_icon,,,tianfu_3900003_big_6,
3000003,黑神月咏,108,"16002,100",,6,,属性强化Ⅳ,"101,106;102,15;103,6;104,56",,,,0,,"1006223,646",LevelName_3000003_108,3900003_zy_jn_sx_icon,,,tianfu_3900003_big_6,
3000003,黑神月咏,109,"16002,100",,6,,攻击强化Ⅰ,"101,106;102,14;103,6;104,55","3300047,1",5,攻击力提升2.5%,0,,"1006223,662",LevelName_3000003_109,3900003_zy_jn_bd_icon,,,tianfu_3900003_big_6,
3000003,黑神月咏,110,"16002,100",,6,,属性强化Ⅴ,"101,106;102,14;103,6;104,56",,,,0,,"1006223,678",LevelName_3000003_110,3900003_zy_jn_sx_icon,,,tianfu_3900003_big_6,
3000003,黑神月咏,111,"16002,100",,6,,普攻强化Ⅺ,"101,106;102,15;103,6;104,56","3300048,1",1,普通攻击等级+1,0,Level_Des_3000003_6_111,"1006223,694",LevelName_3000003_111,3900003_zy_jn_pg_icon,,,tianfu_3900003_big_6,
3000003,黑神月咏,112,"16002,100",,6,,属性强化Ⅵ,"101,106;102,14;103,6;104,55",,,,0,,"1006223,710",LevelName_3000003_112,3900003_zy_jn_sx_icon,,,tianfu_3900003_big_6,
3000003,黑神月咏,113,"16002,100",,6,,连携技强化Ⅺ,"101,105;102,14;103,6;104,56",,,连携技等级+1,0,,"1006223,726",LevelName_3000003_113,3900003_zy_jn_qte_icon,,,tianfu_3900003_big_6,
3000003,黑神月咏,114,"16002,100",,6,,属性强化Ⅶ,"101,106;102,15;103,6;104,56",,,,0,,"1006223,742",LevelName_3000003_114,3900003_zy_jn_sx_icon,,,tianfu_3900003_big_6,
3000003,黑神月咏,115,"16002,100",,6,,奥义强化Ⅺ,"101,106;102,14;103,6;104,55","3300049,1",1,奥义等级+1,0,Level_Des_3000003_6_115,"1006223,758",LevelName_3000003_115,3900003_zy_jn_ay_icon,,,tianfu_3900003_big_6,
3000003,黑神月咏,116,"16002,100",,6,,属性强化Ⅷ,"101,106;102,14;103,6;104,56",,,,0,,"1006223,774",LevelName_3000003_116,3900003_zy_jn_sx_icon,,,tianfu_3900003_big_6,
3000003,黑神月咏,117,"16002,100",,6,,真实追击Ⅳ,"101,106;102,15;103,6;104,56","3300050,1",5,暴击伤害提升6%,0,,"1006223,790",LevelName_3000003_117,3900003_zy_jn_bd_icon,,,tianfu_3900003_big_6,
3000003,黑神月咏,118,"16002,100",,6,,属性强化Ⅸ,"101,106;102,14;103,6;104,55",,,,0,,"1006223,806",LevelName_3000003_118,3900003_zy_jn_sx_icon,,,tianfu_3900003_big_6,
3000003,黑神月咏,119,"16002,100",,6,,属性强化Ⅹ,"101,105;102,14;103,6;104,56",,,,0,,"1006223,822",LevelName_3000003_119,3900003_zy_jn_sx_icon,,,tianfu_3900003_big_6,
3000003,黑神月咏,120,"16002,100",,6,,瞥见真实Ⅴ,"101,106;102,15;103,6;104,56","3300051,1",5,暴击概率提升0.8%,0,,"1006223,838",LevelName_3000003_120,3900003_zy_jn_bd_icon,,,tianfu_3900003_big_6,"33001201,33001202"
3000003,黑神月咏,121,"16002,120",Level_ConditionDes_3000003_7,7,拨云,待机强化Ⅴ,"101,106;102,14;103,6;104,55","3300013,5",4,待机技能等级+1,1003,Level_Des_3000003_7_121,"1006223,854",LevelName_3000003_121,3900003_zy_jn_dj_icon,拨云,Level_TypeName_3000003_7,tianfu_3900003_big_7,
3000003,黑神月咏,122,"16002,120",,7,,属性强化Ⅰ,"101,106;102,14;103,6;104,56",,,,0,,"1006223,870",LevelName_3000003_122,3900003_zy_jn_sx_icon,,,tianfu_3900003_big_7,
3000003,黑神月咏,123,"16002,120",,7,,普攻强化Ⅻ,"101,106;102,15;103,6;104,56","3300053,1",1,普通攻击等级+1,0,Level_Des_3000003_7_123,"1006223,886",LevelName_3000003_123,3900003_zy_jn_pg_icon,,,tianfu_3900003_big_7,
3000003,黑神月咏,124,"16002,120",,7,,属性强化Ⅱ,"101,106;102,14;103,6;104,55",,,,0,,"1006223,902",LevelName_3000003_124,3900003_zy_jn_sx_icon,,,tianfu_3900003_big_7,
3000003,黑神月咏,125,"16002,120",,7,,连携技强化Ⅻ,"101,105;102,14;103,6;104,56",,,连携技等级+1,0,,"1006223,918",LevelName_3000003_125,3900003_zy_jn_qte_icon,,,tianfu_3900003_big_7,
3000003,黑神月咏,126,"16002,120",,7,,属性强化Ⅲ,"101,106;102,15;103,6;104,56",,,,0,,"1006223,934",LevelName_3000003_126,3900003_zy_jn_sx_icon,,,tianfu_3900003_big_7,
3000003,黑神月咏,127,"16002,120",,7,,奥义强化Ⅻ,"101,106;102,14;103,6;104,55","3300054,1",1,奥义等级+1,0,Level_Des_3000003_7_127,"1006223,950",LevelName_3000003_127,3900003_zy_jn_ay_icon,,,tianfu_3900003_big_7,
3000003,黑神月咏,128,"16002,120",,7,,属性强化Ⅳ,"101,106;102,14;103,6;104,56",,,,0,,"1006223,966",LevelName_3000003_128,3900003_zy_jn_sx_icon,,,tianfu_3900003_big_7,
3000003,黑神月咏,129,"16002,120",,7,,弱点特效Ⅳ,"101,106;102,15;103,6;104,56","3300055,1",5,穿透率提升2%,0,,"1006223,982",LevelName_3000003_129,3900003_zy_jn_bd_icon,,,tianfu_3900003_big_7,
3000003,黑神月咏,130,"16002,120",,7,,属性强化Ⅴ,"101,106;102,14;103,6;104,55",,,,0,,"1006223,998",LevelName_3000003_130,3900003_zy_jn_sx_icon,,,tianfu_3900003_big_7,
3000003,黑神月咏,131,"16002,120",,7,,普攻强化XIII,"101,105;102,14;103,6;104,56","3300056,1",1,普通攻击等级+1,0,Level_Des_3000003_7_131,"1006223,1014",LevelName_3000003_131,3900003_zy_jn_pg_icon,,,tianfu_3900003_big_7,
3000003,黑神月咏,132,"16002,120",,7,,属性强化Ⅵ,"101,106;102,15;103,6;104,56",,,,0,,"1006223,1030",LevelName_3000003_132,3900003_zy_jn_sx_icon,,,tianfu_3900003_big_7,
3000003,黑神月咏,133,"16002,120",,7,,连携技强化XIII,"101,106;102,14;103,6;104,55",,,连携技等级+1,0,,"1006223,1046",LevelName_3000003_133,3900003_zy_jn_qte_icon,,,tianfu_3900003_big_7,
3000003,黑神月咏,134,"16002,120",,7,,属性强化Ⅶ,"101,106;102,14;103,6;104,56",,,,0,,"1006223,1062",LevelName_3000003_134,3900003_zy_jn_sx_icon,,,tianfu_3900003_big_7,
3000003,黑神月咏,135,"16002,120",,7,,奥义强化XIII,"101,106;102,15;103,6;104,56","3300057,1",1,奥义等级+1,0,Level_Des_3000003_7_135,"1006223,1078",LevelName_3000003_135,3900003_zy_jn_ay_icon,,,tianfu_3900003_big_7,
3000003,黑神月咏,136,"16002,120",,7,,属性强化Ⅷ,"101,106;102,14;103,6;104,55",,,,0,,"1006223,1094",LevelName_3000003_136,3900003_zy_jn_sx_icon,,,tianfu_3900003_big_7,
3000003,黑神月咏,137,"16002,120",,7,,攻击强化Ⅱ,"101,105;102,14;103,6;104,56","3300058,1",5,攻击力提升2.5%,0,,"1006223,1110",LevelName_3000003_137,3900003_zy_jn_bd_icon,,,tianfu_3900003_big_7,
3000003,黑神月咏,138,"16002,120",,7,,属性强化Ⅸ,"101,106;102,15;103,6;104,56",,,,0,,"1006223,1126",LevelName_3000003_138,3900003_zy_jn_sx_icon,,,tianfu_3900003_big_7,
3000003,黑神月咏,139,"16002,120",,7,,属性强化Ⅹ,"101,106;102,14;103,6;104,55",,,,0,,"1006223,1142",LevelName_3000003_139,3900003_zy_jn_sx_icon,,,tianfu_3900003_big_7,
3000003,黑神月咏,140,"16002,120",,7,,真实追击Ⅴ,"101,106;102,14;103,6;104,56","3300059,1",5,暴击伤害提升8%%,0,,"1006223,1158",LevelName_3000003_140,3900003_zy_jn_bd_icon,,,tianfu_3900003_big_7,"33001401,33001402"
3000004,安洁,1,,,1,冥思,待机解锁,"101,111;102,13;103,6;104,58",,4,待命时，跳过行动回合，行动时间减少30%，自身获得20点能量,0,Level_Des_3000004_1_1,"1006223,2",LevelName_3000004_1,3900004_zy_jn_dj_icon,冥思,Level_TypeName_3000004_1,tianfu_3900004_big_1,
3000004,安洁,2,,,1,,能量效率Ⅰ,"101,111;102,14;103,6;104,59","3400002,1",5,回能效率提升1.2%,0,,"1006223,4",LevelName_3000004_2,3900004_zy_jn_bd_icon,,,tianfu_3900004_big_1,
3000004,安洁,3,,,1,,属性强化Ⅰ,"101,112;102,14;103,6;104,58",,,,0,,"1006223,6",LevelName_3000004_3,3900004_zy_jn_sx_icon,,,tianfu_3900004_big_1,
3000004,安洁,4,,,1,,属性强化Ⅱ,"101,111;102,13;103,6;104,59",,,,0,,"1006223,8",LevelName_3000004_4,3900004_zy_jn_sx_icon,,,tianfu_3900004_big_1,
3000004,安洁,5,,,1,,能量回复Ⅰ,"101,111;102,14;103,6;104,58","3400003,1",5,能量恢复提升2,0,,"1006223,8",LevelName_3000004_5,3900004_zy_jn_bd_icon,,,tianfu_3900004_big_1,
3000004,安洁,6,,,1,,属性强化Ⅲ,"101,112;102,14;103,6;104,59",,,,0,,"1006223,12",LevelName_3000004_6,3900004_zy_jn_sx_icon,,,tianfu_3900004_big_1,
3000004,安洁,7,,,1,,奥义解锁,"101,111;102,13;103,6;104,58","3400004,1",4,解锁魔女奥义，在战斗中进行三层灵魂解放即可释放强大的奥义技能,0,Level_Des_3000004_1_7,"1006223,12",LevelName_3000004_7,3900004_zy_jn_ay_icon,,,tianfu_3900004_big_1,
3000004,安洁,8,,,1,,属性强化Ⅳ,"101,111;102,14;103,6;104,59",,,,0,,"1006223,16",LevelName_3000004_8,3900004_zy_jn_sx_icon,,,tianfu_3900004_big_1,
3000004,安洁,9,,,1,,连携技解锁,"101,112;102,14;103,6;104,58","3400062,1",5,,0,,"1006223,16",LevelName_3000004_9,3900004_zy_jn_qte_icon,,,tianfu_3900004_big_1,
3000004,安洁,10,,,1,,第三栏位解锁,"101,111;102,13;103,6;104,59","3400005,1",4,解锁魔女的第三星痕栏位,0,Level_Des_3000004_1_10,"1006223,20",LevelName_3000004_10,3900004_zy_jn_xh_icon,,,tianfu_3900004_big_1,
3000004,安洁,11,,,1,,普攻强化Ⅰ,"101,111;102,14;103,6;104,58","3400006,1",1,普通攻击等级+1,0,Level_Des_3000004_1_11,"1006223,20",LevelName_3000004_11,3900004_zy_jn_pg_icon,,,tianfu_3900004_big_1,
3000004,安洁,12,,,1,,属性强化Ⅴ,"101,112;102,14;103,6;104,59",,,,0,,"1006223,24",LevelName_3000004_12,3900004_zy_jn_sx_icon,,,tianfu_3900004_big_1,
3000004,安洁,13,,,1,,连携技强化Ⅰ,"101,111;102,13;103,6;104,58",,,连携技等级+1,0,,"1006223,24",LevelName_3000004_13,3900004_zy_jn_qte_icon,,,tianfu_3900004_big_1,
3000004,安洁,14,,,1,,属性强化Ⅵ,"101,111;102,14;103,6;104,59",,,,0,,"1006223,28",LevelName_3000004_14,3900004_zy_jn_sx_icon,,,tianfu_3900004_big_1,
3000004,安洁,15,,,1,,奥义强化Ⅰ,"101,112;102,14;103,6;104,58","3400007,1",1,奥义等级+1,0,Level_Des_3000004_1_15,"1006223,28",LevelName_3000004_15,3900004_zy_jn_ay_icon,,,tianfu_3900004_big_1,
3000004,安洁,16,,,1,,属性强化Ⅶ,"101,111;102,13;103,6;104,59",,,,0,,"1006223,32",LevelName_3000004_16,3900004_zy_jn_sx_icon,,,tianfu_3900004_big_1,
3000004,安洁,17,,,1,,属性强化Ⅷ,"101,111;102,14;103,6;104,58",,,,0,,"1006223,32",LevelName_3000004_17,3900004_zy_jn_sx_icon,,,tianfu_3900004_big_1,
3000004,安洁,18,,,1,,属性强化Ⅸ,"101,112;102,14;103,6;104,59",,,,0,,"1006223,34",LevelName_3000004_18,3900004_zy_jn_sx_icon,,,tianfu_3900004_big_1,
3000004,安洁,19,,,1,,属性强化Ⅹ,"101,111;102,13;103,6;104,58",,,,0,,"1006223,34",LevelName_3000004_19,3900004_zy_jn_sx_icon,,,tianfu_3900004_big_1,
3000004,安洁,20,,,1,,君王Ⅰ,"101,111;102,14;103,6;104,59","3400008,1",3,每携带1位君王，自身回能效率提升0.5%,40001,,"1006223,38",LevelName_3000004_20,3900004_zy_jn_zj_icon,,,tianfu_3900004_big_1,"34000201,34000202"
3000004,安洁,21,"16003,20",Level_ConditionDes_3000004_2,2,铭语,传道Ⅰ,"101,112;102,14;103,6;104,58","3400009,1",3,每携带1位传道，自身治疗效果提升0.5%,40002,,"1006223,42",LevelName_3000004_21,3900004_zy_jn_zj_icon,铭语,Level_TypeName_3000004_2,tianfu_3900004_big_2,
3000004,安洁,22,"16003,20",,2,,属性强化Ⅰ,"101,111;102,13;103,6;104,59",,,,0,,"1006223,46",LevelName_3000004_22,3900004_zy_jn_sx_icon,,,tianfu_3900004_big_2,
3000004,安洁,23,"16003,20",,2,,人子Ⅰ,"101,111;102,14;103,6;104,58","3400010,1",3,每携带1位人子，行动结束后能量回复3点,40003,,"1006223,50",LevelName_3000004_23,3900004_zy_jn_zj_icon,,,tianfu_3900004_big_2,
3000004,安洁,24,"16003,20",,2,,属性强化Ⅱ,"101,112;102,14;103,6;104,59",,,,0,,"1006223,54",LevelName_3000004_24,3900004_zy_jn_sx_icon,,,tianfu_3900004_big_2,
3000004,安洁,25,"16003,20",,2,,普攻强化Ⅱ,"101,111;102,13;103,6;104,58","3400011,1",1,普通攻击等级+1,0,Level_Des_3000004_2_25,"1006223,58",LevelName_3000004_25,3900004_zy_jn_pg_icon,,,tianfu_3900004_big_2,
3000004,安洁,26,"16003,20",,2,,属性强化Ⅲ,"101,111;102,14;103,6;104,59","3400062,1",5,,0,,"1006223,62",LevelName_3000004_26,3900004_zy_jn_sx_icon,,,tianfu_3900004_big_2,
3000004,安洁,27,"16003,20",,2,,连携技强化Ⅱ,"101,112;102,14;103,6;104,58",,,连携技等级+1,0,,"1006223,66",LevelName_3000004_27,3900004_zy_jn_qte_icon,,,tianfu_3900004_big_2,
3000004,安洁,28,"16003,20",,2,,属性强化Ⅳ,"101,111;102,13;103,6;104,59",,,,0,,"1006223,70",LevelName_3000004_28,3900004_zy_jn_sx_icon,,,tianfu_3900004_big_2,
3000004,安洁,29,"16003,20",,2,,奥义强化Ⅱ,"101,111;102,14;103,6;104,58","3400012,1",1,奥义等级+1,0,Level_Des_3000004_2_29,"1006223,74",LevelName_3000004_29,3900004_zy_jn_ay_icon,,,tianfu_3900004_big_2,
3000004,安洁,30,"16003,20",,2,,属性强化Ⅴ,"101,112;102,14;103,6;104,59","3400060,1",5,能量上限+1,0,,"1006223,78",LevelName_3000004_30,3900004_zy_jn_sx_icon,,,tianfu_3900004_big_2,
3000004,安洁,31,"16003,20",,2,,能量效率Ⅱ,"101,111;102,13;103,6;104,58","3400013,1",5,回能效率提升1.2%,0,,"1006223,82",LevelName_3000004_31,3900004_zy_jn_bd_icon,,,tianfu_3900004_big_2,
3000004,安洁,32,"16003,20",,2,,属性强化Ⅵ,"101,111;102,14;103,6;104,59",,,,0,,"1006223,86",LevelName_3000004_32,3900004_zy_jn_sx_icon,,,tianfu_3900004_big_2,
3000004,安洁,33,"16003,20",,2,,普攻强化Ⅲ,"101,112;102,14;103,6;104,58","3400014,1",1,普通攻击等级+1,0,Level_Des_3000004_2_33,"1006223,90",LevelName_3000004_33,3900004_zy_jn_pg_icon,,,tianfu_3900004_big_2,
3000004,安洁,34,"16003,20",,2,,属性强化Ⅶ,"101,111;102,13;103,6;104,59",,,,0,,"1006223,94",LevelName_3000004_34,3900004_zy_jn_sx_icon,,,tianfu_3900004_big_2,
3000004,安洁,35,"16003,20",,2,,连携技强化Ⅲ,"101,111;102,14;103,6;104,58",,,连携技等级+1,0,,"1006223,98",LevelName_3000004_35,3900004_zy_jn_qte_icon,,,tianfu_3900004_big_2,
3000004,安洁,36,"16003,20",,2,,属性强化Ⅷ,"101,112;102,14;103,6;104,59",,,,0,,"1006223,102",LevelName_3000004_36,3900004_zy_jn_sx_icon,,,tianfu_3900004_big_2,
3000004,安洁,37,"16003,20",,2,,奥义强化Ⅲ,"101,111;102,13;103,6;104,58","3400015,1",1,奥义等级+1,0,Level_Des_3000004_2_37,"1006223,106",LevelName_3000004_37,3900004_zy_jn_ay_icon,,,tianfu_3900004_big_2,
3000004,安洁,38,"16003,20",,2,,属性强化Ⅸ,"101,111;102,14;103,6;104,59",,,,0,,"1006223,110",LevelName_3000004_38,3900004_zy_jn_sx_icon,,,tianfu_3900004_big_2,
3000004,安洁,39,"16003,20",,2,,属性强化Ⅹ,"101,112;102,14;103,6;104,58",,,,0,,"1006223,114",LevelName_3000004_39,3900004_zy_jn_sx_icon,,,tianfu_3900004_big_2,
3000004,安洁,40,"16003,20",,2,,初始能量Ⅰ,"101,111;102,13;103,6;104,59","3400016,1",5,入场能量提升5,0,,"1006223,118",LevelName_3000004_40,3900004_zy_jn_bd_icon,,,tianfu_3900004_big_2,"34000401,34000402"
3000004,安洁,41,"16003,40",Level_ConditionDes_3000004_3,3,蕴法,能量回复Ⅱ,"101,111;102,14;103,6;104,58","3400017,1",5,能量恢复提升2,0,,"1006223,122",LevelName_3000004_41,3900004_zy_jn_bd_icon,蕴法,Level_TypeName_3000004_3,tianfu_3900004_big_3,
3000004,安洁,42,"16003,40",,3,,属性强化Ⅰ,"101,112;102,14;103,6;104,59","3400062,1",5,,0,,"1006223,126",LevelName_3000004_42,3900004_zy_jn_sx_icon,,,tianfu_3900004_big_3,
3000004,安洁,43,"16003,40",,3,,待机强化Ⅰ,"101,111;102,13;103,6;104,58","3400018,1",4,待机技能等级+1,1004,Level_Des_3000004_3_43,"1006223,130",LevelName_3000004_43,3900004_zy_jn_dj_icon,,,tianfu_3900004_big_3,
3000004,安洁,44,"16003,40",,3,,属性强化Ⅱ,"101,111;102,14;103,6;104,59",,,,0,,"1006223,134",LevelName_3000004_44,3900004_zy_jn_sx_icon,,,tianfu_3900004_big_3,
3000004,安洁,45,"16003,40",,3,,普攻强化Ⅳ,"101,112;102,14;103,6;104,58","3400019,1",1,普通攻击等级+1,0,Level_Des_3000004_3_45,"1006223,138",LevelName_3000004_45,3900004_zy_jn_pg_icon,,,tianfu_3900004_big_3,
3000004,安洁,46,"16003,40",,3,,属性强化Ⅲ,"101,111;102,13;103,6;104,59",,,,0,,"1006223,142",LevelName_3000004_46,3900004_zy_jn_sx_icon,,,tianfu_3900004_big_3,
3000004,安洁,47,"16003,40",,3,,连携技强化Ⅳ,"101,111;102,14;103,6;104,58",,,连携技等级+1,0,,"1006223,146",LevelName_3000004_47,3900004_zy_jn_qte_icon,,,tianfu_3900004_big_3,
3000004,安洁,48,"16003,40",,3,,属性强化Ⅳ,"101,112;102,14;103,6;104,59",,,,0,,"1006223,150",LevelName_3000004_48,3900004_zy_jn_sx_icon,,,tianfu_3900004_big_3,
3000004,安洁,49,"16003,40",,3,,奥义强化Ⅳ,"101,111;102,13;103,6;104,58","3400020,1",1,奥义等级+1,0,Level_Des_3000004_3_49,"1006223,154",LevelName_3000004_49,3900004_zy_jn_ay_icon,,,tianfu_3900004_big_3,
3000004,安洁,50,"16003,40",,3,,属性强化Ⅴ,"101,111;102,14;103,6;104,59",,,,0,,"1006223,158",LevelName_3000004_50,3900004_zy_jn_sx_icon,,,tianfu_3900004_big_3,
3000004,安洁,51,"16003,40",,3,,君王Ⅱ,"101,112;102,14;103,6;104,58","3400008,2",3,每携带1位君王，自身回能效率提升1%,40001,,"1006223,162",LevelName_3000004_51,3900004_zy_jn_zj_icon,,,tianfu_3900004_big_3,
3000004,安洁,52,"16003,40",,3,,属性强化Ⅵ,"101,111;102,13;103,6;104,59",,,,0,,"1006223,166",LevelName_3000004_52,3900004_zy_jn_sx_icon,,,tianfu_3900004_big_3,
3000004,安洁,53,"16003,40",,3,,普攻强化Ⅴ,"101,111;102,14;103,6;104,58","3400022,1",1,普通攻击等级+1,0,Level_Des_3000004_3_53,"1006223,170",LevelName_3000004_53,3900004_zy_jn_pg_icon,,,tianfu_3900004_big_3,
3000004,安洁,54,"16003,40",,3,,属性强化Ⅶ,"101,112;102,14;103,6;104,59",,,,0,,"1006223,174",LevelName_3000004_54,3900004_zy_jn_sx_icon,,,tianfu_3900004_big_3,
3000004,安洁,55,"16003,40",,3,,连携技强化Ⅴ,"101,111;102,13;103,6;104,58",,,连携技等级+1,0,、,"1006223,178",LevelName_3000004_55,3900004_zy_jn_qte_icon,,,tianfu_3900004_big_3,
3000004,安洁,56,"16003,40",,3,,属性强化Ⅷ,"101,111;102,14;103,6;104,59",,,,0,,"1006223,182",LevelName_3000004_56,3900004_zy_jn_sx_icon,,,tianfu_3900004_big_3,
3000004,安洁,57,"16003,40",,3,,奥义强化Ⅴ,"101,112;102,14;103,6;104,58","3400023,1",1,奥义等级+1,0,Level_Des_3000004_3_57,"1006223,186",LevelName_3000004_57,3900004_zy_jn_bd_icon,,,tianfu_3900004_big_3,
3000004,安洁,58,"16003,40",,3,,属性强化Ⅸ,"101,111;102,13;103,6;104,59","3400062,1",5,,0,,"1006223,190",LevelName_3000004_58,3900004_zy_jn_sx_icon,,,tianfu_3900004_big_3,
3000004,安洁,59,"16003,40",,3,,传道Ⅱ,"101,111;102,14;103,6;104,58","3400009,2",3,每携带1位传道，自身治疗效果提升1%,40002,,"1006223,194",LevelName_3000004_59,3900004_zy_jn_zj_icon,,,tianfu_3900004_big_3,
3000004,安洁,60,"16003,40",,3,,人子Ⅱ,"101,112;102,14;103,6;104,59","3400010,2",3,每携带1位人子，行动结束后能量回复4点,40003,,"1006223,198",LevelName_3000004_60,3900004_zy_jn_zj_icon,,,tianfu_3900004_big_3,"34000601,34000602"
3000004,安洁,61,"16003,60",Level_ConditionDes_3000004_4,4,神佑,初始能量Ⅱ,"101,111;102,13;103,6;104,58","3400026,1",5,入场能量提升5,0,,"1006223,206",LevelName_3000004_61,3900004_zy_jn_bd_icon,神佑,Level_TypeName_3000004_4,tianfu_3900004_big_4,
3000004,安洁,62,"16003,60",,4,,属性强化Ⅰ,"101,111;102,14;103,6;104,59",,,,0,,"1006223,214",LevelName_3000004_62,3900004_zy_jn_sx_icon,,,tianfu_3900004_big_4,
3000004,安洁,63,"16003,60",,4,,能量回复Ⅲ,"101,112;102,14;103,6;104,58","3400027,1",5,能量恢复提升2,0,,"1006223,222",LevelName_3000004_63,3900004_zy_jn_bd_icon,,,tianfu_3900004_big_4,
3000004,安洁,64,"16003,60",,4,,属性强化Ⅱ,"101,111;102,13;103,6;104,59",,,,0,,"1006223,230",LevelName_3000004_64,3900004_zy_jn_sx_icon,,,tianfu_3900004_big_4,
3000004,安洁,65,"16003,60",,4,,普攻强化Ⅵ,"101,111;102,14;103,6;104,58","3400028,1",1,普通攻击等级+1,0,Level_Des_3000004_4_65,"1006223,238",LevelName_3000004_65,3900004_zy_jn_pg_icon,,,tianfu_3900004_big_4,
3000004,安洁,66,"16003,60",,4,,属性强化Ⅲ,"101,112;102,14;103,6;104,59",,,,0,,"1006223,246",LevelName_3000004_66,3900004_zy_jn_sx_icon,,,tianfu_3900004_big_4,
3000004,安洁,67,"16003,60",,4,,连携技强化Ⅵ,"101,111;102,13;103,6;104,58",,,连携技等级+1,0,,"1006223,254",LevelName_3000004_67,3900004_zy_jn_qte_icon,,,tianfu_3900004_big_4,
3000004,安洁,68,"16003,60",,4,,属性强化Ⅳ,"101,111;102,14;103,6;104,59",,,,0,,"1006223,262",LevelName_3000004_68,3900004_zy_jn_sx_icon,,,tianfu_3900004_big_4,
3000004,安洁,69,"16003,60",,4,,奥义强化Ⅵ,"101,112;102,14;103,6;104,58","3400029,1",1,奥义等级+1,0,Level_Des_3000004_4_69,"1006223,270",LevelName_3000004_69,3900004_zy_jn_ay_icon,,,tianfu_3900004_big_4,
3000004,安洁,70,"16003,60",,4,,属性强化Ⅴ,"101,111;102,13;103,6;104,59",,,,0,,"1006223,278",LevelName_3000004_70,3900004_zy_jn_sx_icon,,,tianfu_3900004_big_4,
3000004,安洁,71,"16003,60",,4,,能量效率Ⅲ,"101,111;102,14;103,6;104,58","3400030,1",5,回能效率提升1.2%,0,,"1006223,286",LevelName_3000004_71,3900004_zy_jn_bd_icon,,,tianfu_3900004_big_4,
3000004,安洁,72,"16003,60",,4,,属性强化Ⅵ,"101,112;102,14;103,6;104,59",,,,0,,"1006223,294",LevelName_3000004_72,3900004_zy_jn_sx_icon,,,tianfu_3900004_big_4,
3000004,安洁,73,"16003,60",,4,,普攻强化Ⅶ,"101,111;102,13;103,6;104,58","3400031,1",1,普通攻击等级+1,0,Level_Des_3000004_4_73,"1006223,302",LevelName_3000004_73,3900004_zy_jn_pg_icon,,,tianfu_3900004_big_4,
3000004,安洁,74,"16003,60",,4,,属性强化Ⅶ,"101,111;102,14;103,6;104,59",,,,0,,"1006223,310",LevelName_3000004_74,3900004_zy_jn_sx_icon,,,tianfu_3900004_big_4,
3000004,安洁,75,"16003,60",,4,,连携技强化Ⅶ,"101,112;102,14;103,6;104,58",,,连携技等级+1,0,,"1006223,318",LevelName_3000004_75,3900004_zy_jn_qte_icon,,,tianfu_3900004_big_4,
3000004,安洁,76,"16003,60",,4,,属性强化Ⅷ,"101,111;102,13;103,6;104,59","3400062,1",5,,0,,"1006223,326",LevelName_3000004_76,3900004_zy_jn_sx_icon,,,tianfu_3900004_big_4,
3000004,安洁,77,"16003,60",,4,,奥义强化Ⅶ,"101,111;102,14;103,6;104,58","3400032,1",1,奥义等级+1,0,Level_Des_3000004_4_77,"1006223,334",LevelName_3000004_77,3900004_zy_jn_ay_icon,,,tianfu_3900004_big_4,
3000004,安洁,78,"16003,60",,4,,属性强化Ⅸ,"101,112;102,14;103,6;104,59",,,,0,,"1006223,342",LevelName_3000004_78,3900004_zy_jn_sx_icon,,,tianfu_3900004_big_4,
3000004,安洁,79,"16003,60",,4,,异常性能Ⅱ,"101,111;102,13;103,6;104,58","3400033,1",5,效果命中提升4%,0,,"1006223,350",LevelName_3000004_79,3900004_zy_jn_bd_icon,,,tianfu_3900004_big_4,
3000004,安洁,80,"16003,60",,4,,君王Ⅲ,"101,111;102,14;103,6;104,59","3400008,3",3,每携带1位君王，自身回能效率提升1.5%,40001,,"1006223,358",LevelName_3000004_80,3900004_zy_jn_zj_icon,,,tianfu_3900004_big_4,"34000801,34000802"
3000004,安洁,81,"16003,80",Level_ConditionDes_3000004_5,5,溯能,传道Ⅲ,"101,112;102,14;103,6;104,58","3400009,3",3,每携带1位传道，自身治疗效果提升1.5%,40002,,"1006223,366",LevelName_3000004_81,3900004_zy_jn_zj_icon,溯能,Level_TypeName_3000004_5,tianfu_3900004_big_5,
3000004,安洁,82,"16003,80",,5,,属性强化Ⅰ,"101,111;102,13;103,6;104,59",,,,0,,"1006223,374",LevelName_3000004_82,3900004_zy_jn_sx_icon,,,tianfu_3900004_big_5,
3000004,安洁,83,"16003,80",,5,,人子Ⅲ,"101,111;102,14;103,6;104,58","3400010,3",3,每携带1位人子，行动结束后能量回复5点,40003,,"1006223,382",LevelName_3000004_83,3900004_zy_jn_zj_icon,,,tianfu_3900004_big_5,
3000004,安洁,84,"16003,80",,5,,属性强化Ⅱ,"101,112;102,14;103,6;104,59",,,,0,,"1006223,390",LevelName_3000004_84,3900004_zy_jn_sx_icon,,,tianfu_3900004_big_5,
3000004,安洁,85,"16003,80",,5,,普攻强化Ⅷ,"101,111;102,13;103,6;104,58","3400037,1",1,普通攻击等级+1,0,Level_Des_3000004_5_85,"1006223,398",LevelName_3000004_85,3900004_zy_jn_pg_icon,,,tianfu_3900004_big_5,
3000004,安洁,86,"16003,80",,5,,属性强化Ⅲ,"101,111;102,14;103,6;104,59",,,,0,,"1006223,406",LevelName_3000004_86,3900004_zy_jn_sx_icon,,,tianfu_3900004_big_5,
3000004,安洁,87,"16003,80",,5,,连携技强化Ⅷ,"101,112;102,14;103,6;104,58",,,连携技等级+1,0,,"1006223,414",LevelName_3000004_87,3900004_zy_jn_qte_icon,,,tianfu_3900004_big_5,
3000004,安洁,88,"16003,80",,5,,属性强化Ⅳ,"101,111;102,13;103,6;104,59",,,,0,,"1006223,422",LevelName_3000004_88,3900004_zy_jn_sx_icon,,,tianfu_3900004_big_5,
3000004,安洁,89,"16003,80",,5,,奥义强化Ⅷ,"101,111;102,14;103,6;104,58","3400038,1",1,奥义等级+1,0,Level_Des_3000004_5_89,"1006223,430",LevelName_3000004_89,3900004_zy_jn_ay_icon,,,tianfu_3900004_big_5,
3000004,安洁,90,"16003,80",,5,,属性强化Ⅴ,"101,112;102,14;103,6;104,59","3400061,1",5,能量上限+1,0,,"1006223,438",LevelName_3000004_90,3900004_zy_jn_sx_icon,,,tianfu_3900004_big_5,
3000004,安洁,91,"16003,80",,5,,能量效率Ⅳ,"101,111;102,13;103,6;104,58","3400039,1",5,回能效率提升1.2%,0,,"1006223,446",LevelName_3000004_91,3900004_zy_jn_bd_icon,,,tianfu_3900004_big_5,
3000004,安洁,92,"16003,80",,5,,属性强化Ⅵ,"101,111;102,14;103,6;104,59",,,,0,,"1006223,454",LevelName_3000004_92,3900004_zy_jn_sx_icon,,,tianfu_3900004_big_5,
3000004,安洁,93,"16003,80",,5,,普攻强化Ⅸ,"101,112;102,14;103,6;104,58","3400040,1",1,普通攻击等级+1,0,Level_Des_3000004_5_93,"1006223,462",LevelName_3000004_93,3900004_zy_jn_pg_icon,,,tianfu_3900004_big_5,
3000004,安洁,94,"16003,80",,5,,属性强化Ⅶ,"101,111;102,13;103,6;104,59",,,,0,,"1006223,470",LevelName_3000004_94,3900004_zy_jn_sx_icon,,,tianfu_3900004_big_5,
3000004,安洁,95,"16003,80",,5,,连携技强化Ⅸ,"101,111;102,14;103,6;104,58",,,连携技等级+1,0,,"1006223,478",LevelName_3000004_95,3900004_zy_jn_qte_icon,,,tianfu_3900004_big_5,
3000004,安洁,96,"16003,80",,5,,属性强化Ⅷ,"101,112;102,14;103,6;104,59",,,,0,,"1006223,486",LevelName_3000004_96,3900004_zy_jn_sx_icon,,,tianfu_3900004_big_5,
3000004,安洁,97,"16003,80",,5,,奥义强化Ⅸ,"101,111;102,13;103,6;104,58","3400041,1",1,奥义等级+1,0,Level_Des_3000004_5_97,"1006223,494",LevelName_3000004_97,3900004_zy_jn_ay_icon,,,tianfu_3900004_big_5,
3000004,安洁,98,"16003,80",,5,,属性强化Ⅸ,"101,111;102,14;103,6;104,59",,,,0,,"1006223,502",LevelName_3000004_98,3900004_zy_jn_sx_icon,,,tianfu_3900004_big_5,
3000004,安洁,99,"16003,80",,5,,待机强化Ⅱ,"101,112;102,14;103,6;104,58","3400018,2",4,待机技能等级+1,1004,Level_Des_3000004_5_99,"1006223,510",LevelName_3000004_99,3900004_zy_jn_dj_icon,,,tianfu_3900004_big_5,
3000004,安洁,100,"16003,80",,5,,初始能量Ⅲ,"101,111;102,13;103,6;104,59","3400043,1",5,入场能量提升5,0,,"1006223,518",LevelName_3000004_100,3900004_zy_jn_bd_icon,,,tianfu_3900004_big_5,"34001001,34001002"
3000004,安洁,101,"16003,100",Level_ConditionDes_3000004_6,6,秘环,能量回复Ⅳ,"101,111;102,14;103,6;104,58","3400044,1",5,能量恢复提升2,0,,"1006223,534",LevelName_3000004_101,3900004_zy_jn_bd_icon,秘环,Level_TypeName_3000004_6,tianfu_3900004_big_6,
3000004,安洁,102,"16003,100",,6,,属性强化Ⅰ,"101,112;102,14;103,6;104,59",,,,0,,"1006223,550",LevelName_3000004_102,3900004_zy_jn_sx_icon,,,tianfu_3900004_big_6,
3000004,安洁,103,"16003,100",,6,,普攻强化Ⅹ,"101,111;102,13;103,6;104,58","3400045,1",1,普通攻击等级+1,0,Level_Des_3000004_6_103,"1006223,566",LevelName_3000004_103,3900004_zy_jn_pg_icon,,,tianfu_3900004_big_6,
3000004,安洁,104,"16003,100",,6,,属性强化Ⅱ,"101,111;102,14;103,6;104,59",,,,0,,"1006223,582",LevelName_3000004_104,3900004_zy_jn_sx_icon,,,tianfu_3900004_big_6,
3000004,安洁,105,"16003,100",,6,,连携技强化Ⅹ,"101,112;102,14;103,6;104,58",,,连携技等级+1,0,,"1006223,598",LevelName_3000004_105,3900004_zy_jn_qte_icon,,,tianfu_3900004_big_6,
3000004,安洁,106,"16003,100",,6,,属性强化Ⅲ,"101,111;102,13;103,6;104,59",,,,0,,"1006223,614",LevelName_3000004_106,3900004_zy_jn_sx_icon,,,tianfu_3900004_big_6,
3000004,安洁,107,"16003,100",,6,,奥义强化Ⅹ,"101,111;102,14;103,6;104,58","3400046,1",1,奥义等级+1,0,Level_Des_3000004_6_107,"1006223,630",LevelName_3000004_107,3900004_zy_jn_ay_icon,,,tianfu_3900004_big_6,
3000004,安洁,108,"16003,100",,6,,属性强化Ⅳ,"101,112;102,14;103,6;104,59",,,,0,,"1006223,646",LevelName_3000004_108,3900004_zy_jn_sx_icon,,,tianfu_3900004_big_6,
3000004,安洁,109,"16003,100",,6,,能量效率Ⅴ,"101,111;102,13;103,6;104,58","3400047,1",5,回能效率提升1.2%,0,,"1006223,662",LevelName_3000004_109,3900004_zy_jn_bd_icon,,,tianfu_3900004_big_6,
3000004,安洁,110,"16003,100",,6,,属性强化Ⅴ,"101,111;102,14;103,6;104,59",,,,0,,"1006223,678",LevelName_3000004_110,3900004_zy_jn_sx_icon,,,tianfu_3900004_big_6,
3000004,安洁,111,"16003,100",,6,,普攻强化Ⅺ,"101,112;102,14;103,6;104,58","3400048,1",1,普通攻击等级+1,0,Level_Des_3000004_6_111,"1006223,694",LevelName_3000004_111,3900004_zy_jn_pg_icon,,,tianfu_3900004_big_6,
3000004,安洁,112,"16003,100",,6,,属性强化Ⅵ,"101,111;102,13;103,6;104,59",,,,0,,"1006223,710",LevelName_3000004_112,3900004_zy_jn_sx_icon,,,tianfu_3900004_big_6,
3000004,安洁,113,"16003,100",,6,,连携技强化Ⅺ,"101,111;102,14;103,6;104,58",,,连携技等级+1,0,,"1006223,726",LevelName_3000004_113,3900004_zy_jn_qte_icon,,,tianfu_3900004_big_6,
3000004,安洁,114,"16003,100",,6,,属性强化Ⅶ,"101,112;102,14;103,6;104,59",,,,0,,"1006223,742",LevelName_3000004_114,3900004_zy_jn_sx_icon,,,tianfu_3900004_big_6,
3000004,安洁,115,"16003,100",,6,,奥义强化Ⅺ,"101,111;102,13;103,6;104,58","3400049,1",1,奥义等级+1,0,Level_Des_3000004_6_115,"1006223,758",LevelName_3000004_115,3900004_zy_jn_ay_icon,,,tianfu_3900004_big_6,
3000004,安洁,116,"16003,100",,6,,属性强化Ⅷ,"101,111;102,14;103,6;104,59",,,,0,,"1006223,774",LevelName_3000004_116,3900004_zy_jn_sx_icon,,,tianfu_3900004_big_6,
3000004,安洁,117,"16003,100",,6,,待机强化Ⅲ,"101,112;102,14;103,6;104,58","3400018,3",4,待机技能等级+1,1004,Level_Des_3000004_6_117,"1006223,790",LevelName_3000004_117,3900004_zy_jn_dj_icon,,,tianfu_3900004_big_6,
3000004,安洁,118,"16003,100",,6,,属性强化Ⅸ,"101,111;102,13;103,6;104,59",,,,0,,"1006223,806",LevelName_3000004_118,3900004_zy_jn_sx_icon,,,tianfu_3900004_big_6,
3000004,安洁,119,"16003,100",,6,,属性强化Ⅹ,"101,111;102,14;103,6;104,58",,,,0,,"1006223,822",LevelName_3000004_119,3900004_zy_jn_sx_icon,,,tianfu_3900004_big_6,
3000004,安洁,120,"16003,100",,6,,初始能量Ⅳ,"101,112;102,14;103,6;104,59","3400051,1",5,入场能量提升5,0,,"1006223,838",LevelName_3000004_120,3900004_zy_jn_bd_icon,,,tianfu_3900004_big_6,"34001201,34001202"
3000004,安洁,121,"16003,120",Level_ConditionDes_3000004_7,7,逆转,能量回复Ⅴ,"101,111;102,13;103,6;104,58","3400052,1",5,能量恢复提升2,0,,"1006223,854",LevelName_3000004_121,3900004_zy_jn_bd_icon,逆转,Level_TypeName_3000004_7,tianfu_3900004_big_7,
3000004,安洁,122,"16003,120",,7,,属性强化Ⅰ,"101,111;102,14;103,6;104,59",,,,0,,"1006223,870",LevelName_3000004_122,3900004_zy_jn_sx_icon,,,tianfu_3900004_big_7,
3000004,安洁,123,"16003,120",,7,,普攻强化Ⅻ,"101,112;102,14;103,6;104,58","3400053,1",1,普通攻击等级+1,0,Level_Des_3000004_7_123,"1006223,886",LevelName_3000004_123,3900004_zy_jn_pg_icon,,,tianfu_3900004_big_7,
3000004,安洁,124,"16003,120",,7,,属性强化Ⅱ,"101,111;102,13;103,6;104,59",,,,0,,"1006223,902",LevelName_3000004_124,3900004_zy_jn_sx_icon,,,tianfu_3900004_big_7,
3000004,安洁,125,"16003,120",,7,,连携技强化Ⅻ,"101,111;102,14;103,6;104,58",,,连携技等级+1,0,,"1006223,918",LevelName_3000004_125,3900004_zy_jn_qte_icon,,,tianfu_3900004_big_7,
3000004,安洁,126,"16003,120",,7,,属性强化Ⅲ,"101,112;102,14;103,6;104,59",,,,0,,"1006223,934",LevelName_3000004_126,3900004_zy_jn_sx_icon,,,tianfu_3900004_big_7,
3000004,安洁,127,"16003,120",,7,,奥义强化Ⅻ,"101,111;102,13;103,6;104,58","3400054,1",1,奥义等级+1,0,Level_Des_3000004_7_127,"1006223,950",LevelName_3000004_127,3900004_zy_jn_ay_icon,,,tianfu_3900004_big_7,
3000004,安洁,128,"16003,120",,7,,属性强化Ⅳ,"101,111;102,14;103,6;104,59",,,,0,,"1006223,966",LevelName_3000004_128,3900004_zy_jn_sx_icon,,,tianfu_3900004_big_7,
3000004,安洁,129,"16003,120",,7,,待机强化Ⅳ,"101,112;102,14;103,6;104,58","3400018,4",4,待机技能等级+1,1004,Level_Des_3000004_7_129,"1006223,982",LevelName_3000004_129,3900004_zy_jn_dj_icon,,,tianfu_3900004_big_7,
3000004,安洁,130,"16003,120",,7,,属性强化Ⅴ,"101,111;102,13;103,6;104,59",,,,0,,"1006223,998",LevelName_3000004_130,3900004_zy_jn_sx_icon,,,tianfu_3900004_big_7,
3000004,安洁,131,"16003,120",,7,,普攻强化XIII,"101,111;102,14;103,6;104,58","3400056,1",1,普通攻击等级+1,0,Level_Des_3000004_7_131,"1006223,1014",LevelName_3000004_131,3900004_zy_jn_pg_icon,,,tianfu_3900004_big_7,
3000004,安洁,132,"16003,120",,7,,属性强化Ⅵ,"101,112;102,14;103,6;104,59",,,,0,,"1006223,1030",LevelName_3000004_132,3900004_zy_jn_sx_icon,,,tianfu_3900004_big_7,
3000004,安洁,133,"16003,120",,7,,连携技强化XIII,"101,111;102,13;103,6;104,58",,,连携技等级+1,0,,"1006223,1046",LevelName_3000004_133,3900004_zy_jn_qte_icon,,,tianfu_3900004_big_7,
3000004,安洁,134,"16003,120",,7,,属性强化Ⅶ,"101,111;102,14;103,6;104,59",,,,0,,"1006223,1062",LevelName_3000004_134,3900004_zy_jn_sx_icon,,,tianfu_3900004_big_7,
3000004,安洁,135,"16003,120",,7,,奥义强化XIII,"101,112;102,14;103,6;104,58","3400057,1",1,奥义等级+1,0,Level_Des_3000004_7_135,"1006223,1078",LevelName_3000004_135,3900004_zy_jn_ay_icon,,,tianfu_3900004_big_7,
3000004,安洁,136,"16003,120",,7,,属性强化Ⅷ,"101,111;102,13;103,6;104,59",,,,0,,"1006223,1094",LevelName_3000004_136,3900004_zy_jn_sx_icon,,,tianfu_3900004_big_7,
3000004,安洁,137,"16003,120",,7,,初始能量Ⅴ,"101,111;102,14;103,6;104,58","3400058,1",5,入场能量提升5,0,,"1006223,1110",LevelName_3000004_137,3900004_zy_jn_bd_icon,,,tianfu_3900004_big_7,
3000004,安洁,138,"16003,120",,7,,属性强化Ⅸ,"101,112;102,14;103,6;104,59",,,,0,,"1006223,1126",LevelName_3000004_138,3900004_zy_jn_sx_icon,,,tianfu_3900004_big_7,
3000004,安洁,139,"16003,120",,7,,属性强化Ⅹ,"101,111;102,13;103,6;104,58",,,,0,,"1006223,1142",LevelName_3000004_139,3900004_zy_jn_sx_icon,,,tianfu_3900004_big_7,
3000004,安洁,140,"16003,120",,7,,异常性能Ⅲ,"101,111;102,14;103,6;104,59","3400059,1",5,效果命中提升5%,0,,"1006223,1158",LevelName_3000004_140,3900004_zy_jn_bd_icon,,,tianfu_3900004_big_7,"34001401,34001402"
3000005,米娅,1,,,1,血气,待机解锁,"101,117;102,12;103,6;104,55",,4,待命时，跳过行动回合，行动时间减少30%，自身提升10%防御，持续2回合,0,Level_Des_3000005_1_1,"1006223,2",LevelName_3000005_1,3900005_zy_jn_dj_icon,血气,Level_TypeName_3000005_1,tianfu_3900005_big_1,
3000005,米娅,2,,,1,,护甲强化Ⅰ,"101,117;102,12;103,7;104,56","3500002,1",5,基础防御提升2.5%,0,,"1006223,4",LevelName_3000005_2,3900005_zy_jn_bd_icon,,,tianfu_3900005_big_1,
3000005,米娅,3,,,1,,属性强化Ⅰ,"101,117;102,13;103,7;104,56",,,,0,,"1006223,6",LevelName_3000005_3,3900005_zy_jn_sx_icon,,,tianfu_3900005_big_1,
3000005,米娅,4,,,1,,属性强化Ⅱ,"101,117;102,12;103,6;104,55",,,,0,,"1006223,8",LevelName_3000005_4,3900005_zy_jn_sx_icon,,,tianfu_3900005_big_1,
3000005,米娅,5,,,1,,沐浴恩惠Ⅰ,"101,117;102,12;103,7;104,56","3500003,1",5,受到治疗效果提升2%,0,,"1006223,8",LevelName_3000005_5,3900005_zy_jn_bd_icon,,,tianfu_3900005_big_1,
3000005,米娅,6,,,1,,属性强化Ⅲ,"101,117;102,13;103,7;104,56",,,,0,,"1006223,12",LevelName_3000005_6,3900005_zy_jn_sx_icon,,,tianfu_3900005_big_1,
3000005,米娅,7,,,1,,奥义解锁,"101,117;102,12;103,6;104,55","3500004,1",4,解锁魔女奥义，在战斗中进行三层灵魂解放即可释放强大的奥义技能,0,Level_Des_3000005_1_7,"1006223,12",LevelName_3000005_7,3900005_zy_jn_ay_icon,,,tianfu_3900005_big_1,
3000005,米娅,8,,,1,,属性强化Ⅳ,"101,117;102,12;103,7;104,56",,,,0,,"1006223,16",LevelName_3000005_8,3900005_zy_jn_sx_icon,,,tianfu_3900005_big_1,
3000005,米娅,9,,,1,,连携技解锁,"101,117;102,13;103,7;104,56","3500062,1",5,,0,,"1006223,16",LevelName_3000005_9,3900005_zy_jn_qte_icon,,,tianfu_3900005_big_1,
3000005,米娅,10,,,1,,第三栏位解锁,"101,117;102,12;103,6;104,55","3500005,1",4,解锁魔女的第三星痕栏位,0,,"1006223,20",LevelName_3000005_10,3900005_zy_jn_xh_icon,,,tianfu_3900005_big_1,
3000005,米娅,11,,,1,,普攻强化Ⅰ,"101,117;102,12;103,7;104,56","3500006,1",1,普通攻击等级+1,0,Level_Des_3000005_1_11,"1006223,20",LevelName_3000005_11,3900005_zy_jn_pg_icon,,,tianfu_3900005_big_1,
3000005,米娅,12,,,1,,属性强化Ⅴ,"101,117;102,13;103,7;104,56",,,,0,,"1006223,24",LevelName_3000005_12,3900005_zy_jn_sx_icon,,,tianfu_3900005_big_1,
3000005,米娅,13,,,1,,连携技强化Ⅰ,"101,117;102,12;103,6;104,55",,,连携技等级+1,0,,"1006223,24",LevelName_3000005_13,3900005_zy_jn_qte_icon,,,tianfu_3900005_big_1,
3000005,米娅,14,,,1,,属性强化Ⅵ,"101,117;102,12;103,7;104,56",,,,0,,"1006223,28",LevelName_3000005_14,3900005_zy_jn_sx_icon,,,tianfu_3900005_big_1,
3000005,米娅,15,,,1,,奥义强化Ⅰ,"101,117;102,13;103,7;104,56","3500007,1",1,奥义等级+1,0,Level_Des_3000005_1_15,"1006223,28",LevelName_3000005_15,3900005_zy_jn_ay_icon,,,tianfu_3900005_big_1,
3000005,米娅,16,,,1,,属性强化Ⅶ,"101,117;102,12;103,6;104,55",,,,0,,"1006223,32",LevelName_3000005_16,3900005_zy_jn_sx_icon,,,tianfu_3900005_big_1,
3000005,米娅,17,,,1,,属性强化Ⅷ,"101,117;102,12;103,7;104,56",,,,0,,"1006223,32",LevelName_3000005_17,3900005_zy_jn_sx_icon,,,tianfu_3900005_big_1,
3000005,米娅,18,,,1,,属性强化Ⅸ,"101,117;102,13;103,7;104,56",,,,0,,"1006223,34",LevelName_3000005_18,3900005_zy_jn_sx_icon,,,tianfu_3900005_big_1,
3000005,米娅,19,,,1,,属性强化Ⅹ,"101,117;102,12;103,6;104,55",,,,0,,"1006223,34",LevelName_3000005_19,3900005_zy_jn_sx_icon,,,tianfu_3900005_big_1,
3000005,米娅,20,,,1,,诞生Ⅰ,"101,117;102,12;103,7;104,56","3500008,1",3,每携带1位诞生，自身效果命中提升0.5%,50001,,"1006223,38",LevelName_3000005_20,3900005_zy_jn_zj_icon,,,tianfu_3900005_big_1,"35000201,35000202"
3000005,米娅,21,"16004,20",Level_ConditionDes_3000005_2,2,蛮勇,仆从Ⅰ,"101,117;102,13;103,7;104,56","3500009,1",3,每携带1位仆从，攻击时降低目标异常抗性0.5%，持续1回合,50002,,"1006223,42",LevelName_3000005_21,3900005_zy_jn_zj_icon,蛮勇,Level_TypeName_3000005_2,tianfu_3900005_big_2,
3000005,米娅,22,"16004,20",,2,,属性强化Ⅰ,"101,117;102,12;103,6;104,55",,,,0,,"1006223,46",LevelName_3000005_22,3900005_zy_jn_sx_icon,,,tianfu_3900005_big_2,
3000005,米娅,23,"16004,20",,2,,人子Ⅰ,"101,117;102,12;103,7;104,56","3500010,1",3,每携带1位人子星痕，战斗开始时获得生命上限3%的护盾,50003,,"1006223,50",LevelName_3000005_23,3900005_zy_jn_zj_icon,,,tianfu_3900005_big_2,
3000005,米娅,24,"16004,20",,2,,属性强化Ⅱ,"101,117;102,13;103,7;104,56",,,,0,,"1006223,54",LevelName_3000005_24,3900005_zy_jn_sx_icon,,,tianfu_3900005_big_2,
3000005,米娅,25,"16004,20",,2,,普攻强化Ⅱ,"101,117;102,12;103,6;104,55","3500011,1",1,普通攻击等级+1,0,Level_Des_3000005_2_25,"1006223,58",LevelName_3000005_25,3900005_zy_jn_pg_icon,,,tianfu_3900005_big_2,
3000005,米娅,26,"16004,20",,2,,属性强化Ⅲ,"101,117;102,12;103,7;104,56","3500062,1",5,,0,,"1006223,62",LevelName_3000005_26,3900005_zy_jn_sx_icon,,,tianfu_3900005_big_2,
3000005,米娅,27,"16004,20",,2,,连携技强化Ⅱ,"101,117;102,13;103,7;104,56",,,连携技等级+1,0,,"1006223,66",LevelName_3000005_27,3900005_zy_jn_qte_icon,,,tianfu_3900005_big_2,
3000005,米娅,28,"16004,20",,2,,属性强化Ⅳ,"101,117;102,12;103,6;104,55",,,,0,,"1006223,70",LevelName_3000005_28,3900005_zy_jn_sx_icon,,,tianfu_3900005_big_2,
3000005,米娅,29,"16004,20",,2,,奥义强化Ⅱ,"101,117;102,12;103,7;104,56","3500012,1",1,奥义等级+1,0,Level_Des_3000005_2_29,"1006223,74",LevelName_3000005_29,3900005_zy_jn_ay_icon,,,tianfu_3900005_big_2,
3000005,米娅,30,"16004,20",,2,,属性强化Ⅴ,"101,117;102,13;103,7;104,56","3500060,1",5,能量上限+1,0,,"1006223,78",LevelName_3000005_30,3900005_zy_jn_sx_icon,,,tianfu_3900005_big_2,
3000005,米娅,31,"16004,20",,2,,护甲强化Ⅱ,"101,117;102,12;103,6;104,55","3500013,1",5,基础防御提升2.5%,0,,"1006223,82",LevelName_3000005_31,3900005_zy_jn_bd_icon,,,tianfu_3900005_big_2,
3000005,米娅,32,"16004,20",,2,,属性强化Ⅵ,"101,117;102,12;103,7;104,56",,,,0,,"1006223,86",LevelName_3000005_32,3900005_zy_jn_sx_icon,,,tianfu_3900005_big_2,
3000005,米娅,33,"16004,20",,2,,普攻强化Ⅲ,"101,117;102,13;103,7;104,56","3500014,1",1,普通攻击等级+1,0,Level_Des_3000005_2_33,"1006223,90",LevelName_3000005_33,3900005_zy_jn_pg_icon,,,tianfu_3900005_big_2,
3000005,米娅,34,"16004,20",,2,,属性强化Ⅶ,"101,117;102,12;103,6;104,55",,,,0,,"1006223,94",LevelName_3000005_34,3900005_zy_jn_sx_icon,,,tianfu_3900005_big_2,
3000005,米娅,35,"16004,20",,2,,连携技强化Ⅲ,"101,117;102,12;103,7;104,56",,,连携技等级+1,0,,"1006223,98",LevelName_3000005_35,3900005_zy_jn_qte_icon,,,tianfu_3900005_big_2,
3000005,米娅,36,"16004,20",,2,,属性强化Ⅷ,"101,117;102,13;103,7;104,56",,,,0,,"1006223,102",LevelName_3000005_36,3900005_zy_jn_sx_icon,,,tianfu_3900005_big_2,
3000005,米娅,37,"16004,20",,2,,奥义强化Ⅲ,"101,117;102,12;103,6;104,55","3500015,1",1,奥义等级+1,0,Level_Des_3000005_2_37,"1006223,106",LevelName_3000005_37,3900005_zy_jn_ay_icon,,,tianfu_3900005_big_2,
3000005,米娅,38,"16004,20",,2,,属性强化Ⅸ,"101,117;102,12;103,7;104,56",,,,0,,"1006223,110",LevelName_3000005_38,3900005_zy_jn_sx_icon,,,tianfu_3900005_big_2,
3000005,米娅,39,"16004,20",,2,,属性强化Ⅹ,"101,117;102,13;103,7;104,56",,,,0,,"1006223,114",LevelName_3000005_39,3900005_zy_jn_sx_icon,,,tianfu_3900005_big_2,
3000005,米娅,40,"16004,20",,2,,沐浴恩惠Ⅱ,"101,117;102,12;103,6;104,55","3500016,1",5,受到治疗效果提升2%,0,,"1006223,118",LevelName_3000005_40,3900005_zy_jn_bd_icon,,,tianfu_3900005_big_2,"35000401,35000402"
3000005,米娅,41,"16004,40",Level_ConditionDes_3000005_3,3,坚毅,严防死守Ⅰ,"101,117;102,12;103,7;104,56","3500017,1",5,护盾效果提升1.6%,0,,"1006223,122",LevelName_3000005_41,3900005_zy_jn_bd_icon,坚毅,Level_TypeName_3000005_3,tianfu_3900005_big_3,
3000005,米娅,42,"16004,40",,3,,属性强化Ⅰ,"101,117;102,13;103,7;104,56","3500062,1",5,,0,,"1006223,126",LevelName_3000005_42,3900005_zy_jn_sx_icon,,,tianfu_3900005_big_3,
3000005,米娅,43,"16004,40",,3,,待机强化Ⅰ,"101,117;102,12;103,6;104,55","3500018,1",4,待机技能等级+1,1005,Level_Des_3000005_3_43,"1006223,130",LevelName_3000005_43,3900005_zy_jn_dj_icon,,,tianfu_3900005_big_3,
3000005,米娅,44,"16004,40",,3,,属性强化Ⅱ,"101,117;102,12;103,7;104,56",,,,0,,"1006223,134",LevelName_3000005_44,3900005_zy_jn_sx_icon,,,tianfu_3900005_big_3,
3000005,米娅,45,"16004,40",,3,,普攻强化Ⅳ,"101,117;102,13;103,7;104,56","3500019,1",1,普通攻击等级+1,0,Level_Des_3000005_3_45,"1006223,138",LevelName_3000005_45,3900005_zy_jn_pg_icon,,,tianfu_3900005_big_3,
3000005,米娅,46,"16004,40",,3,,属性强化Ⅲ,"101,117;102,12;103,6;104,55",,,,0,,"1006223,142",LevelName_3000005_46,3900005_zy_jn_sx_icon,,,tianfu_3900005_big_3,
3000005,米娅,47,"16004,40",,3,,连携技强化Ⅳ,"101,117;102,12;103,7;104,56",,,连携技等级+1,0,,"1006223,146",LevelName_3000005_47,3900005_zy_jn_qte_icon,,,tianfu_3900005_big_3,
3000005,米娅,48,"16004,40",,3,,属性强化Ⅳ,"101,117;102,13;103,7;104,56",,,,0,,"1006223,150",LevelName_3000005_48,3900005_zy_jn_sx_icon,,,tianfu_3900005_big_3,
3000005,米娅,49,"16004,40",,3,,奥义强化Ⅳ,"101,117;102,12;103,6;104,55","3500020,1",1,奥义等级+1,0,Level_Des_3000005_3_49,"1006223,154",LevelName_3000005_49,3900005_zy_jn_ay_icon,,,tianfu_3900005_big_3,
3000005,米娅,50,"16004,40",,3,,属性强化Ⅴ,"101,117;102,12;103,7;104,56",,,,0,,"1006223,158",LevelName_3000005_50,3900005_zy_jn_sx_icon,,,tianfu_3900005_big_3,
3000005,米娅,51,"16004,40",,3,,诞生Ⅱ,"101,117;102,13;103,7;104,56","3500008,2",3,每携带1位诞生，自身效果命中提升1%,50001,,"1006223,162",LevelName_3000005_51,3900005_zy_jn_zj_icon,,,tianfu_3900005_big_3,
3000005,米娅,52,"16004,40",,3,,属性强化Ⅵ,"101,117;102,12;103,6;104,55",,,,0,,"1006223,166",LevelName_3000005_52,3900005_zy_jn_sx_icon,,,tianfu_3900005_big_3,
3000005,米娅,53,"16004,40",,3,,普攻强化Ⅴ,"101,117;102,12;103,7;104,56","3500022,1",1,普通攻击等级+1,0,Level_Des_3000005_3_53,"1006223,170",LevelName_3000005_53,3900005_zy_jn_pg_icon,,,tianfu_3900005_big_3,
3000005,米娅,54,"16004,40",,3,,属性强化Ⅶ,"101,117;102,13;103,7;104,56",,,,0,,"1006223,174",LevelName_3000005_54,3900005_zy_jn_sx_icon,,,tianfu_3900005_big_3,
3000005,米娅,55,"16004,40",,3,,连携技强化Ⅴ,"101,117;102,12;103,6;104,55",,,连携技等级+1,0,,"1006223,178",LevelName_3000005_55,3900005_zy_jn_qte_icon,,,tianfu_3900005_big_3,
3000005,米娅,56,"16004,40",,3,,属性强化Ⅷ,"101,117;102,12;103,7;104,56",,,,0,,"1006223,182",LevelName_3000005_56,3900005_zy_jn_sx_icon,,,tianfu_3900005_big_3,
3000005,米娅,57,"16004,40",,3,,奥义强化Ⅴ,"101,117;102,13;103,7;104,56","3500023,1",1,奥义等级+1,0,Level_Des_3000005_3_57,"1006223,186",LevelName_3000005_57,3900005_zy_jn_ay_icon,,,tianfu_3900005_big_3,
3000005,米娅,58,"16004,40",,3,,属性强化Ⅸ,"101,117;102,12;103,6;104,55","3500062,1",5,,0,,"1006223,190",LevelName_3000005_58,3900005_zy_jn_sx_icon,,,tianfu_3900005_big_3,
3000005,米娅,59,"16004,40",,3,,仆从Ⅱ,"101,117;102,12;103,7;104,56","3500009,2",3,每携带1位仆从，攻击时降低目标异常抗性1%，持续1回合,50002,,"1006223,194",LevelName_3000005_59,3900005_zy_jn_zj_icon,,,tianfu_3900005_big_3,
3000005,米娅,60,"16004,40",,3,,人子Ⅱ,"101,117;102,13;103,7;104,56","3500010,2",3,每携带1位人子星痕，战斗开始时获得生命上限4%的护盾,50003,,"1006223,198",LevelName_3000005_60,3900005_zy_jn_zj_icon,,,tianfu_3900005_big_3,"35000601,35000602"
3000005,米娅,61,"16004,60",Level_ConditionDes_3000005_4,4,戍卫,护甲强化Ⅲ,"101,117;102,12;103,6;104,55","3500026,1",5,基础防御提升2.5%,0,,"1006223,206",LevelName_3000005_61,3900005_zy_jn_bd_icon,戍卫,Level_TypeName_3000005_4,tianfu_3900005_big_4,
3000005,米娅,62,"16004,60",,4,,属性强化Ⅰ,"101,117;102,12;103,7;104,56",,,,0,,"1006223,214",LevelName_3000005_62,3900005_zy_jn_sx_icon,,,tianfu_3900005_big_4,
3000005,米娅,63,"16004,60",,4,,沐浴恩惠Ⅲ,"101,117;102,13;103,7;104,56","3500027,1",5,受到治疗效果提升2%,0,,"1006223,222",LevelName_3000005_63,3900005_zy_jn_bd_icon,,,tianfu_3900005_big_4,
3000005,米娅,64,"16004,60",,4,,属性强化Ⅱ,"101,117;102,12;103,6;104,55",,,,0,,"1006223,230",LevelName_3000005_64,3900005_zy_jn_sx_icon,,,tianfu_3900005_big_4,
3000005,米娅,65,"16004,60",,4,,普攻强化Ⅵ,"101,117;102,12;103,7;104,56","3500028,1",1,普通攻击等级+1,0,Level_Des_3000005_4_65,"1006223,238",LevelName_3000005_65,3900005_zy_jn_pg_icon,,,tianfu_3900005_big_4,
3000005,米娅,66,"16004,60",,4,,属性强化Ⅲ,"101,117;102,13;103,7;104,56",,,,0,,"1006223,246",LevelName_3000005_66,3900005_zy_jn_sx_icon,,,tianfu_3900005_big_4,
3000005,米娅,67,"16004,60",,4,,连携技强化Ⅵ,"101,117;102,12;103,6;104,55",,,连携技等级+1,0,,"1006223,254",LevelName_3000005_67,3900005_zy_jn_qte_icon,,,tianfu_3900005_big_4,
3000005,米娅,68,"16004,60",,4,,属性强化Ⅳ,"101,117;102,12;103,7;104,56",,,,0,,"1006223,262",LevelName_3000005_68,3900005_zy_jn_sx_icon,,,tianfu_3900005_big_4,
3000005,米娅,69,"16004,60",,4,,奥义强化Ⅵ,"101,117;102,13;103,7;104,56","3500029,1",1,奥义等级+1,0,Level_Des_3000005_4_69,"1006223,270",LevelName_3000005_69,3900005_zy_jn_ay_icon,,,tianfu_3900005_big_4,
3000005,米娅,70,"16004,60",,4,,属性强化Ⅴ,"101,117;102,12;103,6;104,55",,,,0,,"1006223,278",LevelName_3000005_70,3900005_zy_jn_sx_icon,,,tianfu_3900005_big_4,
3000005,米娅,71,"16004,60",,4,,严防死守Ⅱ,"101,117;102,12;103,7;104,56","3500030,1",5,护盾效果提升1.6%,0,,"1006223,286",LevelName_3000005_71,3900005_zy_jn_bd_icon,,,tianfu_3900005_big_4,
3000005,米娅,72,"16004,60",,4,,属性强化Ⅵ,"101,117;102,13;103,7;104,56",,,,0,,"1006223,294",LevelName_3000005_72,3900005_zy_jn_sx_icon,,,tianfu_3900005_big_4,
3000005,米娅,73,"16004,60",,4,,普攻强化Ⅶ,"101,117;102,12;103,6;104,55","3500031,1",1,普通攻击等级+1,0,Level_Des_3000005_4_73,"1006223,302",LevelName_3000005_73,3900005_zy_jn_pg_icon,,,tianfu_3900005_big_4,
3000005,米娅,74,"16004,60",,4,,属性强化Ⅶ,"101,117;102,12;103,7;104,56",,,,0,,"1006223,310",LevelName_3000005_74,3900005_zy_jn_sx_icon,,,tianfu_3900005_big_4,
3000005,米娅,75,"16004,60",,4,,连携技强化Ⅶ,"101,117;102,13;103,7;104,56",,,连携技等级+1,0,,"1006223,318",LevelName_3000005_75,3900005_zy_jn_qte_icon,,,tianfu_3900005_big_4,
3000005,米娅,76,"16004,60",,4,,属性强化Ⅷ,"101,117;102,12;103,6;104,55","3500062,1",5,,0,,"1006223,326",LevelName_3000005_76,3900005_zy_jn_sx_icon,,,tianfu_3900005_big_4,
3000005,米娅,77,"16004,60",,4,,奥义强化Ⅶ,"101,117;102,12;103,7;104,56","3500032,1",1,奥义等级+1,0,Level_Des_3000005_4_77,"1006223,334",LevelName_3000005_77,3900005_zy_jn_ay_icon,,,tianfu_3900005_big_4,
3000005,米娅,78,"16004,60",,4,,属性强化Ⅸ,"101,117;102,13;103,7;104,56",,,,0,,"1006223,342",LevelName_3000005_78,3900005_zy_jn_sx_icon,,,tianfu_3900005_big_4,
3000005,米娅,79,"16004,60",,4,,吸引法则,"101,117;102,12;103,6;104,55","3500033,1",5,仇恨值提升40,0,,"1006223,350",LevelName_3000005_79,3900005_zy_jn_bd_icon,,,tianfu_3900005_big_4,
3000005,米娅,80,"16004,60",,4,,诞生Ⅲ,"101,117;102,12;103,7;104,56","3500008,3",3,每携带1位诞生，自身效果命中提升1.5%,50001,,"1006223,358",LevelName_3000005_80,3900005_zy_jn_zj_icon,,,tianfu_3900005_big_4,"35000801,35000802"
3000005,米娅,81,"16004,80",Level_ConditionDes_3000005_5,5,不屈,仆从Ⅲ,"101,117;102,13;103,7;104,56","3500009,3",3,每携带1位仆从，攻击时降低目标异常抗性1.5%，持续1回合,50002,,"1006223,366",LevelName_3000005_81,3900005_zy_jn_zj_icon,不屈,Level_TypeName_3000005_5,tianfu_3900005_big_5,
3000005,米娅,82,"16004,80",,5,,属性强化Ⅰ,"101,117;102,12;103,6;104,55",,,,0,,"1006223,374",LevelName_3000005_82,3900005_zy_jn_sx_icon,,,tianfu_3900005_big_5,
3000005,米娅,83,"16004,80",,5,,人子Ⅲ,"101,117;102,12;103,7;104,56","3500010,3",3,每携带1位人子星痕，战斗开始时获得生命上限5%的护盾,50003,,"1006223,382",LevelName_3000005_83,3900005_zy_jn_zj_icon,,,tianfu_3900005_big_5,
3000005,米娅,84,"16004,80",,5,,属性强化Ⅱ,"101,117;102,13;103,7;104,56",,,,0,,"1006223,390",LevelName_3000005_84,3900005_zy_jn_sx_icon,,,tianfu_3900005_big_5,
3000005,米娅,85,"16004,80",,5,,普攻强化Ⅷ,"101,117;102,12;103,6;104,55","3500037,1",1,普通攻击等级+1,0,Level_Des_3000005_5_85,"1006223,398",LevelName_3000005_85,3900005_zy_jn_pg_icon,,,tianfu_3900005_big_5,
3000005,米娅,86,"16004,80",,5,,属性强化Ⅲ,"101,117;102,12;103,7;104,56",,,,0,,"1006223,406",LevelName_3000005_86,3900005_zy_jn_sx_icon,,,tianfu_3900005_big_5,
3000005,米娅,87,"16004,80",,5,,连携技强化Ⅷ,"101,117;102,13;103,7;104,56",,,连携技等级+1,0,,"1006223,414",LevelName_3000005_87,3900005_zy_jn_qte_icon,,,tianfu_3900005_big_5,
3000005,米娅,88,"16004,80",,5,,属性强化Ⅳ,"101,117;102,12;103,6;104,55",,,,0,,"1006223,422",LevelName_3000005_88,3900005_zy_jn_sx_icon,,,tianfu_3900005_big_5,
3000005,米娅,89,"16004,80",,5,,奥义强化Ⅷ,"101,117;102,12;103,7;104,56","3500038,1",1,奥义等级+1,0,Level_Des_3000005_5_89,"1006223,430",LevelName_3000005_89,3900005_zy_jn_ay_icon,,,tianfu_3900005_big_5,
3000005,米娅,90,"16004,80",,5,,属性强化Ⅴ,"101,117;102,13;103,7;104,56","3500061,1",5,能量上限+1,0,,"1006223,438",LevelName_3000005_90,3900005_zy_jn_sx_icon,,,tianfu_3900005_big_5,
3000005,米娅,91,"16004,80",,5,,护甲强化Ⅳ,"101,117;102,12;103,6;104,55","3500039,1",5,基础防御提升2.5%,0,,"1006223,446",LevelName_3000005_91,3900005_zy_jn_bd_icon,,,tianfu_3900005_big_5,
3000005,米娅,92,"16004,80",,5,,属性强化Ⅵ,"101,117;102,12;103,7;104,56",,,,0,,"1006223,454",LevelName_3000005_92,3900005_zy_jn_sx_icon,,,tianfu_3900005_big_5,
3000005,米娅,93,"16004,80",,5,,属性强化Ⅸ,"101,117;102,13;103,7;104,56","3500040,1",1,普通攻击等级+1,0,Level_Des_3000005_5_93,"1006223,462",LevelName_3000005_93,3900005_zy_jn_pg_icon,,,tianfu_3900005_big_5,
3000005,米娅,94,"16004,80",,5,,属性强化Ⅶ,"101,117;102,12;103,6;104,55",,,,0,,"1006223,470",LevelName_3000005_94,3900005_zy_jn_sx_icon,,,tianfu_3900005_big_5,
3000005,米娅,95,"16004,80",,5,,连携技强化Ⅸ,"101,117;102,12;103,7;104,56",,,连携技等级+1,0,,"1006223,478",LevelName_3000005_95,3900005_zy_jn_qte_icon,,,tianfu_3900005_big_5,
3000005,米娅,96,"16004,80",,5,,属性强化Ⅷ,"101,117;102,13;103,7;104,56",,,,0,,"1006223,486",LevelName_3000005_96,3900005_zy_jn_sx_icon,,,tianfu_3900005_big_5,
3000005,米娅,97,"16004,80",,5,,奥义强化Ⅸ,"101,117;102,12;103,6;104,55","3500041,1",1,奥义等级+1,0,Level_Des_3000005_5_97,"1006223,494",LevelName_3000005_97,3900005_zy_jn_ay_icon,,,tianfu_3900005_big_5,
3000005,米娅,98,"16004,80",,5,,属性强化Ⅸ,"101,117;102,12;103,7;104,56",,,,0,,"1006223,502",LevelName_3000005_98,3900005_zy_jn_sx_icon,,,tianfu_3900005_big_5,
3000005,米娅,99,"16004,80",,5,,沐浴恩惠Ⅳ,"101,117;102,13;103,7;104,56","3500042,1",5,受到治疗效果提升2%,0,,"1006223,510",LevelName_3000005_99,3900005_zy_jn_bd_icon,,,tianfu_3900005_big_5,
3000005,米娅,100,"16004,80",,5,,严防死守Ⅲ,"101,117;102,12;103,6;104,55","3500043,1",5,护盾效果提升1.6%,0,,"1006223,518",LevelName_3000005_100,3900005_zy_jn_bd_icon,,,tianfu_3900005_big_5,"35001001,35001002"
3000005,米娅,101,"16004,100",Level_ConditionDes_3000005_6,6,狮心,待机强化Ⅱ,"101,117;102,12;103,7;104,56","3500018,2",4,待机技能等级+1,1005,Level_Des_3000005_6_101,"1006223,534",LevelName_3000005_101,3900005_zy_jn_dj_icon,狮心,Level_TypeName_3000005_6,tianfu_3900005_big_6,
3000005,米娅,102,"16004,100",,6,,属性强化Ⅰ,"101,117;102,13;103,7;104,56",,,,0,,"1006223,550",LevelName_3000005_102,3900005_zy_jn_sx_icon,,,tianfu_3900005_big_6,
3000005,米娅,103,"16004,100",,6,,普攻强化Ⅹ,"101,117;102,12;103,6;104,55","3500045,1",1,普通攻击等级+1,0,Level_Des_3000005_6_103,"1006223,566",LevelName_3000005_103,3900005_zy_jn_pg_icon,,,tianfu_3900005_big_6,
3000005,米娅,104,"16004,100",,6,,属性强化Ⅱ,"101,117;102,12;103,7;104,56",,,,0,,"1006223,582",LevelName_3000005_104,3900005_zy_jn_sx_icon,,,tianfu_3900005_big_6,
3000005,米娅,105,"16004,100",,6,,连携技强化Ⅹ,"101,117;102,13;103,7;104,56",,,连携技等级+1,0,,"1006223,598",LevelName_3000005_105,3900005_zy_jn_qte_icon,,,tianfu_3900005_big_6,
3000005,米娅,106,"16004,100",,6,,属性强化Ⅲ,"101,117;102,12;103,6;104,55",,,,0,,"1006223,614",LevelName_3000005_106,3900005_zy_jn_sx_icon,,,tianfu_3900005_big_6,
3000005,米娅,107,"16004,100",,6,,奥义强化Ⅹ,"101,117;102,12;103,7;104,56","3500046,1",1,奥义等级+1,0,Level_Des_3000005_6_107,"1006223,630",LevelName_3000005_107,3900005_zy_jn_ay_icon,,,tianfu_3900005_big_6,
3000005,米娅,108,"16004,100",,6,,属性强化Ⅳ,"101,117;102,13;103,7;104,56",,,,0,,"1006223,646",LevelName_3000005_108,3900005_zy_jn_sx_icon,,,tianfu_3900005_big_6,
3000005,米娅,109,"16004,100",,6,,异常抗性Ⅰ,"101,117;102,12;103,6;104,55","3500047,1",5,异常抗性提升5%,0,,"1006223,662",LevelName_3000005_109,3900005_zy_jn_bd_icon,,,tianfu_3900005_big_6,
3000005,米娅,110,"16004,100",,6,,属性强化Ⅴ,"101,117;102,12;103,7;104,56",,,,0,,"1006223,678",LevelName_3000005_110,3900005_zy_jn_sx_icon,,,tianfu_3900005_big_6,
3000005,米娅,111,"16004,100",,6,,普攻强化Ⅺ,"101,117;102,13;103,7;104,56","3500048,1",1,普通攻击等级+1,0,Level_Des_3000005_6_111,"1006223,694",LevelName_3000005_111,3900005_zy_jn_pg_icon,,,tianfu_3900005_big_6,
3000005,米娅,112,"16004,100",,6,,属性强化Ⅵ,"101,117;102,12;103,6;104,55",,,,0,,"1006223,710",LevelName_3000005_112,3900005_zy_jn_sx_icon,,,tianfu_3900005_big_6,
3000005,米娅,113,"16004,100",,6,,连携技强化Ⅺ,"101,117;102,12;103,7;104,56",,,连携技等级+1,0,,"1006223,726",LevelName_3000005_113,3900005_zy_jn_qte_icon,,,tianfu_3900005_big_6,
3000005,米娅,114,"16004,100",,6,,属性强化Ⅶ,"101,117;102,13;103,7;104,56",,,,0,,"1006223,742",LevelName_3000005_114,3900005_zy_jn_sx_icon,,,tianfu_3900005_big_6,
3000005,米娅,115,"16004,100",,6,,奥义强化Ⅺ,"101,117;102,12;103,6;104,55","3500049,1",1,奥义等级+1,0,Level_Des_3000005_6_115,"1006223,758",LevelName_3000005_115,3900005_zy_jn_ay_icon,,,tianfu_3900005_big_6,
3000005,米娅,116,"16004,100",,6,,属性强化Ⅷ,"101,117;102,12;103,7;104,56",,,,0,,"1006223,774",LevelName_3000005_116,3900005_zy_jn_sx_icon,,,tianfu_3900005_big_6,
3000005,米娅,117,"16004,100",,6,,护甲强化Ⅴ,"101,117;102,13;103,7;104,56","3500050,1",5,基础防御提升2.5%,0,,"1006223,790",LevelName_3000005_117,3900005_zy_jn_bd_icon,,,tianfu_3900005_big_6,
3000005,米娅,118,"16004,100",,6,,属性强化Ⅸ,"101,117;102,12;103,6;104,55",,,,0,,"1006223,806",LevelName_3000005_118,3900005_zy_jn_sx_icon,,,tianfu_3900005_big_6,
3000005,米娅,119,"16004,100",,6,,属性强化Ⅹ,"101,117;102,12;103,7;104,56",,,,0,,"1006223,822",LevelName_3000005_119,3900005_zy_jn_sx_icon,,,tianfu_3900005_big_6,
3000005,米娅,120,"16004,100",,6,,沐浴恩惠Ⅴ,"101,117;102,13;103,7;104,56","3500051,1",5,受到治疗效果提升2%,0,,"1006223,838",LevelName_3000005_120,3900005_zy_jn_bd_icon,,,tianfu_3900005_big_6,"35001201,35001202"
3000005,米娅,121,"16004,120",Level_ConditionDes_3000005_7,7,铁壁,严防死守Ⅳ,"101,117;102,12;103,6;104,55","3500052,1",5,护盾效果提升1.6%,0,,"1006223,854",LevelName_3000005_121,3900005_zy_jn_bd_icon,铁壁,Level_TypeName_3000005_7,tianfu_3900005_big_7,
3000005,米娅,122,"16004,120",,7,,属性强化Ⅰ,"101,117;102,12;103,7;104,56",,,,0,,"1006223,870",LevelName_3000005_122,3900005_zy_jn_sx_icon,,,tianfu_3900005_big_7,
3000005,米娅,123,"16004,120",,7,,普攻强化Ⅻ,"101,117;102,13;103,7;104,56","3500053,1",1,普通攻击等级+1,0,Level_Des_3000005_7_123,"1006223,886",LevelName_3000005_123,3900005_zy_jn_pg_icon,,,tianfu_3900005_big_7,
3000005,米娅,124,"16004,120",,7,,属性强化Ⅱ,"101,117;102,12;103,6;104,55",,,,0,,"1006223,902",LevelName_3000005_124,3900005_zy_jn_sx_icon,,,tianfu_3900005_big_7,
3000005,米娅,125,"16004,120",,7,,连携技强化Ⅻ,"101,117;102,12;103,7;104,56",,,连携技等级+1,0,,"1006223,918",LevelName_3000005_125,3900005_zy_jn_qte_icon,,,tianfu_3900005_big_7,
3000005,米娅,126,"16004,120",,7,,属性强化Ⅲ,"101,117;102,13;103,7;104,56",,,,0,,"1006223,934",LevelName_3000005_126,3900005_zy_jn_sx_icon,,,tianfu_3900005_big_7,
3000005,米娅,127,"16004,120",,7,,奥义强化Ⅻ,"101,117;102,12;103,6;104,55","3500054,1",1,奥义等级+1,0,Level_Des_3000005_7_127,"1006223,950",LevelName_3000005_127,3900005_zy_jn_ay_icon,,,tianfu_3900005_big_7,
3000005,米娅,128,"16004,120",,7,,属性强化Ⅳ,"101,117;102,12;103,7;104,56",,,,0,,"1006223,966",LevelName_3000005_128,3900005_zy_jn_sx_icon,,,tianfu_3900005_big_7,
3000005,米娅,129,"16004,120",,7,,待机强化Ⅲ,"101,117;102,13;103,7;104,56","3500018,3",4,待机技能等级+1,1005,Level_Des_3000005_7_129,"1006223,982",LevelName_3000005_129,3900005_zy_jn_dj_icon,,,tianfu_3900005_big_7,
3000005,米娅,130,"16004,120",,7,,属性强化Ⅴ,"101,117;102,12;103,6;104,55",,,,0,,"1006223,998",LevelName_3000005_130,3900005_zy_jn_sx_icon,,,tianfu_3900005_big_7,
3000005,米娅,131,"16004,120",,7,,普攻强化XIII,"101,117;102,12;103,7;104,56","3500056,1",1,普通攻击等级+1,0,Level_Des_3000005_7_131,"1006223,1014",LevelName_3000005_131,3900005_zy_jn_pg_icon,,,tianfu_3900005_big_7,
3000005,米娅,132,"16004,120",,7,,属性强化Ⅵ,"101,117;102,13;103,7;104,56",,,,0,,"1006223,1030",LevelName_3000005_132,3900005_zy_jn_sx_icon,,,tianfu_3900005_big_7,
3000005,米娅,133,"16004,120",,7,,连携技强化XIII,"101,117;102,12;103,6;104,55",,,连携技等级+1,0,,"1006223,1046",LevelName_3000005_133,3900005_zy_jn_qte_icon,,,tianfu_3900005_big_7,
3000005,米娅,134,"16004,120",,7,,属性强化Ⅶ,"101,117;102,12;103,7;104,56",,,,0,,"1006223,1062",LevelName_3000005_134,3900005_zy_jn_sx_icon,,,tianfu_3900005_big_7,
3000005,米娅,135,"16004,120",,7,,奥义强化XIII,"101,117;102,13;103,7;104,56","3500057,1",1,奥义等级+1,0,Level_Des_3000005_7_135,"1006223,1078",LevelName_3000005_135,3900005_zy_jn_ay_icon,,,tianfu_3900005_big_7,
3000005,米娅,136,"16004,120",,7,,属性强化Ⅷ,"101,117;102,12;103,6;104,55",,,,0,,"1006223,1094",LevelName_3000005_136,3900005_zy_jn_sx_icon,,,tianfu_3900005_big_7,
3000005,米娅,137,"16004,120",,7,,严防死守Ⅴ,"101,117;102,12;103,7;104,56","3500058,1",5,护盾效果提升1.6%,0,,"1006223,1110",LevelName_3000005_137,3900005_zy_jn_bd_icon,,,tianfu_3900005_big_7,
3000005,米娅,138,"16004,120",,7,,属性强化Ⅸ,"101,117;102,13;103,7;104,56",,,,0,,"1006223,1126",LevelName_3000005_138,3900005_zy_jn_sx_icon,,,tianfu_3900005_big_7,
3000005,米娅,139,"16004,120",,7,,属性强化Ⅹ,"101,117;102,12;103,6;104,55",,,,0,,"1006223,1142",LevelName_3000005_139,3900005_zy_jn_sx_icon,,,tianfu_3900005_big_7,
3000005,米娅,140,"16004,120",,7,,异常抗性Ⅱ,"101,117;102,12;103,7;104,56","3500059,1",5,异常抗性提升4%,0,,"1006223,1158",LevelName_3000005_140,3900005_zy_jn_bd_icon,,,tianfu_3900005_big_7,"35001401,35001402"
3000006,玛莎,1,,,1,刺剑,待机解锁,"101,111;102,15;103,6;104,55",,4,待命时，跳过行动回合，行动时间减少30%，下次攻击时提升5%效果命中，不可叠加,0,Level_Des_3000006_1_1,"1006223,2",LevelName_3000006_1,3900006_zy_jn_dj_icon,刺剑,Level_TypeName_3000006_1,tianfu_3900006_big_1,
3000006,玛莎,2,,,1,,效果命中Ⅰ,"101,111;102,15;103,6;104,56","3600002,1",5,效果命中提升0.8%,0,,"1006223,4",LevelName_3000006_2,3900006_zy_jn_bd_icon,,,tianfu_3900006_big_1,
3000006,玛莎,3,,,1,,属性强化Ⅰ,"101,112;102,15;103,6;104,56",,,,0,,"1006223,6",LevelName_3000006_3,3900006_zy_jn_sx_icon,,,tianfu_3900006_big_1,
3000006,玛莎,4,,,1,,属性强化Ⅱ,"101,111;102,15;103,6;104,55",,,,0,,"1006223,8",LevelName_3000006_4,3900006_zy_jn_sx_icon,,,tianfu_3900006_big_1,
3000006,玛莎,5,,,1,,侵蚀强度Ⅰ,"101,111;102,15;103,6;104,56","3600003,1",5,侵蚀效果提升1.5%,0,,"1006223,8",LevelName_3000006_5,3900006_zy_jn_bd_icon,,,tianfu_3900006_big_1,
3000006,玛莎,6,,,1,,属性强化Ⅲ,"101,112;102,15;103,6;104,56",,,,0,,"1006223,12",LevelName_3000006_6,3900006_zy_jn_sx_icon,,,tianfu_3900006_big_1,
3000006,玛莎,7,,,1,,奥义解锁,"101,111;102,16;103,6;104,55","3600004,1",4,解锁魔女奥义，在战斗中进行三层灵魂解放即可释放强大的奥义技能,0,Level_Des_3000006_1_7,"1006223,12",LevelName_3000006_7,3900006_zy_jn_ay_icon,,,tianfu_3900006_big_1,
3000006,玛莎,8,,,1,,属性强化Ⅳ,"101,111;102,15;103,6;104,56",,,,0,,"1006223,16",LevelName_3000006_8,3900006_zy_jn_sx_icon,,,tianfu_3900006_big_1,
3000006,玛莎,9,,,1,,连携技解锁,"101,112;102,15;103,6;104,56","3600067,1",5,,0,,"1006223,16",LevelName_3000006_9,3900006_zy_jn_qte_icon,,,tianfu_3900006_big_1,
3000006,玛莎,10,,,1,,第三栏位解锁,"101,111;102,15;103,6;104,55","3600005,1",4,解锁魔女的第三星痕栏位,0,Level_Des_3000006_1_10,"1006223,20",LevelName_3000006_10,3900006_zy_jn_xh_icon,,,tianfu_3900006_big_1,
3000006,玛莎,11,,,1,,普攻强化Ⅰ,"101,111;102,15;103,6;104,56","3600006,1",1,普通攻击等级+1,0,Level_Des_3000006_1_11,"1006223,20",LevelName_3000006_11,3900006_zy_jn_pg_icon,,,tianfu_3900006_big_1,
3000006,玛莎,12,,,1,,属性强化Ⅴ,"101,112;102,15;103,6;104,56",,,,0,,"1006223,24",LevelName_3000006_12,3900006_zy_jn_sx_icon,,,tianfu_3900006_big_1,
3000006,玛莎,13,,,1,,连携技强化Ⅰ,"101,111;102,15;103,6;104,55",,,连携技等级+1,0,,"1006223,24",LevelName_3000006_13,3900006_zy_jn_qte_icon,,,tianfu_3900006_big_1,
3000006,玛莎,14,,,1,,属性强化Ⅵ,"101,111;102,16;103,6;104,56",,,,0,,"1006223,28",LevelName_3000006_14,3900006_zy_jn_sx_icon,,,tianfu_3900006_big_1,
3000006,玛莎,15,,,1,,奥义强化Ⅰ,"101,112;102,15;103,6;104,56","3600007,1",1,奥义等级+1,0,Level_Des_3000006_1_15,"1006223,28",LevelName_3000006_15,3900006_zy_jn_ay_icon,,,tianfu_3900006_big_1,
3000006,玛莎,16,,,1,,属性强化Ⅶ,"101,111;102,15;103,6;104,55",,,,0,,"1006223,32",LevelName_3000006_16,3900006_zy_jn_sx_icon,,,tianfu_3900006_big_1,
3000006,玛莎,17,,,1,,弱点特效Ⅰ,"101,111;102,15;103,6;104,56","3600008,1",5,穿透率提升2%,0,,"1006223,32",LevelName_3000006_17,3900006_zy_jn_sx_icon,,,tianfu_3900006_big_1,
3000006,玛莎,18,,,1,,属性强化Ⅷ,"101,112;102,15;103,6;104,56",,,,0,,"1006223,34",LevelName_3000006_18,3900006_zy_jn_sx_icon,,,tianfu_3900006_big_1,
3000006,玛莎,19,,,1,,属性强化Ⅸ,"101,111;102,15;103,6;104,55",,,,0,,"1006223,34",LevelName_3000006_19,3900006_zy_jn_sx_icon,,,tianfu_3900006_big_1,
3000006,玛莎,20,,,1,,仆从Ⅰ,"101,111;102,15;103,6;104,56","3600009,1",3,每携带1位仆从，战斗开始时提升0.5%攻击力,60001,,"1006223,38",LevelName_3000006_20,3900006_zy_jn_zj_icon,,,tianfu_3900006_big_1,
3000006,玛莎,21,"16005,20",Level_ConditionDes_3000006_2,2,书卷,神子Ⅰ,"101,112;102,16;103,6;104,56","3600010,1",3,每携带1位神子，玛莎成功添加异常状态后就有22%概率回复2点能量,60002,,"1006223,42",LevelName_3000006_21,3900006_zy_jn_zj_icon,书卷,Level_TypeName_3000006_2,tianfu_3900006_big_2,
3000006,玛莎,22,"16005,20",,2,,属性强化Ⅰ,"101,111;102,15;103,6;104,55",,,,0,,"1006223,46",LevelName_3000006_22,3900006_zy_jn_sx_icon,,,tianfu_3900006_big_2,
3000006,玛莎,23,"16005,20",,2,,传道Ⅰ,"101,111;102,15;103,6;104,56","3600011,1",3,每携带1位传道，自身治疗效果提升0.5%,60003,,"1006223,50",LevelName_3000006_23,3900006_zy_jn_zj_icon,,,tianfu_3900006_big_2,
3000006,玛莎,24,"16005,20",,2,,属性强化Ⅱ,"101,112;102,15;103,6;104,56",,,,0,,"1006223,54",LevelName_3000006_24,3900006_zy_jn_sx_icon,,,tianfu_3900006_big_2,
3000006,玛莎,25,"16005,20",,2,,普攻强化Ⅱ,"101,111;102,15;103,6;104,55","3600012,1",1,普通攻击等级+1,0,Level_Des_3000006_2_25,"1006223,58",LevelName_3000006_25,3900006_zy_jn_pg_icon,,,tianfu_3900006_big_2,
3000006,玛莎,26,"16005,20",,2,,属性强化Ⅲ,"101,111;102,15;103,6;104,56",,,,0,,"1006223,62",LevelName_3000006_26,3900006_zy_jn_sx_icon,,,tianfu_3900006_big_2,
3000006,玛莎,27,"16005,20",,2,,连携技强化Ⅱ,"101,112;102,15;103,6;104,56","3600067,1",5,连携技等级+1,0,,"1006223,66",LevelName_3000006_27,3900006_zy_jn_qte_icon,,,tianfu_3900006_big_2,
3000006,玛莎,28,"16005,20",,2,,属性强化Ⅳ,"101,111;102,16;103,6;104,55",,,,0,,"1006223,70",LevelName_3000006_28,3900006_zy_jn_sx_icon,,,tianfu_3900006_big_2,
3000006,玛莎,29,"16005,20",,2,,奥义强化Ⅱ,"101,111;102,15;103,6;104,56","3600013,1",1,奥义等级+1,0,Level_Des_3000006_2_29,"1006223,74",LevelName_3000006_29,3900006_zy_jn_ay_icon,,,tianfu_3900006_big_2,
3000006,玛莎,30,"16005,20",,2,,属性强化Ⅴ,"101,112;102,15;103,6;104,56","3600065,1",5,能量上限+1,0,,"1006223,78",LevelName_3000006_30,3900006_zy_jn_sx_icon,,,tianfu_3900006_big_2,
3000006,玛莎,31,"16005,20",,2,,待机强化Ⅰ,"101,111;102,15;103,6;104,55","3600014,1",4,待机技能等级+1,1006,Level_Des_3000006_2_31,"1006223,82",LevelName_3000006_31,3900006_zy_jn_tf_icon,,,tianfu_3900006_big_2,
3000006,玛莎,32,"16005,20",,2,,属性强化Ⅵ,"101,111;102,15;103,6;104,56",,,,0,,"1006223,86",LevelName_3000006_32,3900006_zy_jn_sx_icon,,,tianfu_3900006_big_2,
3000006,玛莎,33,"16005,20",,2,,普攻强化Ⅲ,"101,112;102,15;103,6;104,56","3600015,1",1,普通攻击等级+1,0,Level_Des_3000006_2_33,"1006223,90",LevelName_3000006_33,3900006_zy_jn_pg_icon,,,tianfu_3900006_big_2,
3000006,玛莎,34,"16005,20",,2,,属性强化Ⅶ,"101,111;102,15;103,6;104,55",,,,0,,"1006223,94",LevelName_3000006_34,3900006_zy_jn_sx_icon,,,tianfu_3900006_big_2,
3000006,玛莎,35,"16005,20",,2,,连携技强化Ⅲ,"101,111;102,16;103,6;104,56",,,连携技等级+1,0,,"1006223,98",LevelName_3000006_35,3900006_zy_jn_qte_icon,,,tianfu_3900006_big_2,
3000006,玛莎,36,"16005,20",,2,,属性强化Ⅷ,"101,112;102,15;103,6;104,56",,,,0,,"1006223,102",LevelName_3000006_36,3900006_zy_jn_sx_icon,,,tianfu_3900006_big_2,
3000006,玛莎,37,"16005,20",,2,,奥义强化Ⅲ,"101,111;102,15;103,6;104,55","3600016,1",1,奥义等级+1,0,Level_Des_3000006_2_37,"1006223,106",LevelName_3000006_37,3900006_zy_jn_ay_icon,,,tianfu_3900006_big_2,
3000006,玛莎,38,"16005,20",,2,,属性强化Ⅸ,"101,111;102,15;103,6;104,56",,,,0,,"1006223,110",LevelName_3000006_38,3900006_zy_jn_sx_icon,,,tianfu_3900006_big_2,
3000006,玛莎,39,"16005,20",,2,,属性强化Ⅹ,"101,112;102,15;103,6;104,56",,,,0,,"1006223,114",LevelName_3000006_39,3900006_zy_jn_sx_icon,,,tianfu_3900006_big_2,
3000006,玛莎,40,"16005,20",,2,,效果命中Ⅱ,"101,111;102,15;103,6;104,55","3600017,1",5,效果命中提升0.8%,0,,"1006223,118",LevelName_3000006_40,3900006_zy_jn_bd_icon,,,tianfu_3900006_big_2,
3000006,玛莎,41,"16005,40",Level_ConditionDes_3000006_3,3,水晶,灼烧强度Ⅰ,"101,111;102,15;103,6;104,56","3600018,1",5,灼烧效果伤害提升1.5%,0,,"1006223,122",LevelName_3000006_41,3900006_zy_jn_dj_icon,水晶,Level_TypeName_3000006_3,tianfu_3900006_big_3,
3000006,玛莎,42,"16005,40",,3,,灼烧伤害Ⅰ,"101,112;102,16;103,6;104,56","3600019,1",5,灼烧效果伤害提升1.5%,0,,"1006223,126",LevelName_3000006_42,3900006_zy_jn_sx_icon,,,tianfu_3900006_big_3,
3000006,玛莎,43,"16005,40",,3,,仆从Ⅱ,"101,111;102,15;103,6;104,55","3600009,2",3,每携带1位仆从，战斗开始时提升1%攻击力,60001,,"1006223,130",LevelName_3000006_43,3900006_zy_jn_zj_icon,,,tianfu_3900006_big_3,
3000006,玛莎,44,"16005,40",,3,,属性强化Ⅰ,"101,111;102,15;103,6;104,56",,,,0,,"1006223,134",LevelName_3000006_44,3900006_zy_jn_sx_icon,,,tianfu_3900006_big_3,
3000006,玛莎,45,"16005,40",,3,,普攻强化Ⅳ,"101,112;102,15;103,6;104,56","3600021,1",1,普通攻击等级+1,0,Level_Des_3000006_3_45,"1006223,138",LevelName_3000006_45,3900006_zy_jn_pg_icon,,,tianfu_3900006_big_3,
3000006,玛莎,46,"16005,40",,3,,属性强化Ⅱ,"101,111;102,15;103,6;104,55","3600067,1",5,,0,,"1006223,142",LevelName_3000006_46,3900006_zy_jn_sx_icon,,,tianfu_3900006_big_3,
3000006,玛莎,47,"16005,40",,3,,连携技强化Ⅳ,"101,111;102,15;103,6;104,56",,,连携技等级+1,0,,"1006223,146",LevelName_3000006_47,3900006_zy_jn_qte_icon,,,tianfu_3900006_big_3,
3000006,玛莎,48,"16005,40",,3,,属性强化Ⅲ,"101,112;102,15;103,6;104,56",,,,0,,"1006223,150",LevelName_3000006_48,3900006_zy_jn_sx_icon,,,tianfu_3900006_big_3,
3000006,玛莎,49,"16005,40",,3,,奥义强化Ⅳ,"101,111;102,16;103,6;104,55","3600022,1",1,奥义等级+1,0,Level_Des_3000006_3_49,"1006223,154",LevelName_3000006_49,3900006_zy_jn_ay_icon,,,tianfu_3900006_big_3,
3000006,玛莎,50,"16005,40",,3,,属性强化Ⅳ,"101,111;102,15;103,6;104,56",,,,0,,"1006223,158",LevelName_3000006_50,3900006_zy_jn_sx_icon,,,tianfu_3900006_big_3,
3000006,玛莎,51,"16005,40",,3,,神子Ⅱ,"101,112;102,15;103,6;104,56","3600010,2",3,每携带1位神子，玛莎成功添加异常状态后就有22%概率回复4点能量,60002,,"1006223,162",LevelName_3000006_51,3900006_zy_jn_zj_icon,,,tianfu_3900006_big_3,
3000006,玛莎,52,"16005,40",,3,,属性强化Ⅴ,"101,111;102,15;103,6;104,55",,,,0,,"1006223,166",LevelName_3000006_52,3900006_zy_jn_sx_icon,,,tianfu_3900006_big_3,
3000006,玛莎,53,"16005,40",,3,,普攻强化Ⅴ,"101,111;102,15;103,6;104,56","3600024,1",1,普通攻击等级+1,0,Level_Des_3000006_3_53,"1006223,170",LevelName_3000006_53,3900006_zy_jn_pg_icon,,,tianfu_3900006_big_3,
3000006,玛莎,54,"16005,40",,3,,属性强化Ⅵ,"101,112;102,15;103,6;104,56",,,,0,,"1006223,174",LevelName_3000006_54,3900006_zy_jn_sx_icon,,,tianfu_3900006_big_3,
3000006,玛莎,55,"16005,40",,3,,连携技强化Ⅴ,"101,111;102,15;103,6;104,55",,,连携技等级+1,0,,"1006223,178",LevelName_3000006_55,3900006_zy_jn_qte_icon,,,tianfu_3900006_big_3,
3000006,玛莎,56,"16005,40",,3,,属性强化Ⅶ,"101,111;102,16;103,6;104,56",,,,0,,"1006223,182",LevelName_3000006_56,3900006_zy_jn_sx_icon,,,tianfu_3900006_big_3,
3000006,玛莎,57,"16005,40",,3,,奥义强化Ⅴ,"101,112;102,15;103,6;104,56","3600025,1",1,奥义等级+1,0,Level_Des_3000006_3_57,"1006223,186",LevelName_3000006_57,3900006_zy_jn_ay_icon,,,tianfu_3900006_big_3,
3000006,玛莎,58,"16005,40",,3,,属性强化Ⅷ,"101,111;102,15;103,6;104,55",,,,0,,"1006223,190",LevelName_3000006_58,3900006_zy_jn_sx_icon,,,tianfu_3900006_big_3,
3000006,玛莎,59,"16005,40",,3,,传道Ⅱ,"101,111;102,15;103,6;104,56","3600011,2",3,每携带1位传道，自身治疗效果提升1%,60003,,"1006223,194",LevelName_3000006_59,3900006_zy_jn_zj_icon,,,tianfu_3900006_big_3,
3000006,玛莎,60,"16005,40",,3,,感电强度Ⅰ,"101,112;102,15;103,6;104,56","3600027,1",5,感电强度提升1.2%,0,,"1006223,198",LevelName_3000006_60,3900006_zy_jn_bd_icon,,,tianfu_3900006_big_3,
3000006,玛莎,61,"16005,60",Level_ConditionDes_3000006_4,4,烛台,效果命中Ⅲ,"101,111;102,15;103,6;104,55","3600028,1",5,效果命中提升0.8%,0,,"1006223,206",LevelName_3000006_61,3900006_zy_jn_bd_icon,烛台,Level_TypeName_3000006_4,tianfu_3900006_big_4,
3000006,玛莎,62,"16005,60",,4,,属性强化Ⅰ,"101,111;102,15;103,6;104,56",,,,0,,"1006223,214",LevelName_3000006_62,3900006_zy_jn_sx_icon,,,tianfu_3900006_big_4,
3000006,玛莎,63,"16005,60",,4,,侵蚀强度Ⅱ,"101,112;102,16;103,6;104,56","3600029,1",5,侵蚀效果提升1.5%,0,,"1006223,222",LevelName_3000006_63,3900006_zy_jn_dj_icon,,,tianfu_3900006_big_4,
3000006,玛莎,64,"16005,60",,4,,属性强化Ⅱ,"101,111;102,15;103,6;104,55","3600067,1",5,,0,,"1006223,230",LevelName_3000006_64,3900006_zy_jn_sx_icon,,,tianfu_3900006_big_4,
3000006,玛莎,65,"16005,60",,4,,普攻强化Ⅵ,"101,111;102,15;103,6;104,56","3600030,1",1,普通攻击等级+1,0,Level_Des_3000006_4_65,"1006223,238",LevelName_3000006_65,3900006_zy_jn_pg_icon,,,tianfu_3900006_big_4,
3000006,玛莎,66,"16005,60",,4,,属性强化Ⅲ,"101,112;102,15;103,6;104,56",,,,0,,"1006223,246",LevelName_3000006_66,3900006_zy_jn_sx_icon,,,tianfu_3900006_big_4,
3000006,玛莎,67,"16005,60",,4,,连携技强化Ⅵ,"101,111;102,15;103,6;104,55",,,连携技等级+1,0,,"1006223,254",LevelName_3000006_67,3900006_zy_jn_qte_icon,,,tianfu_3900006_big_4,
3000006,玛莎,68,"16005,60",,4,,属性强化Ⅳ,"101,111;102,15;103,6;104,56",,,,0,,"1006223,262",LevelName_3000006_68,3900006_zy_jn_sx_icon,,,tianfu_3900006_big_4,
3000006,玛莎,69,"16005,60",,4,,奥义强化Ⅵ,"101,112;102,15;103,6;104,56","3600031,1",1,奥义等级+1,0,Level_Des_3000006_4_69,"1006223,270",LevelName_3000006_69,3900006_zy_jn_ay_icon,,,tianfu_3900006_big_4,
3000006,玛莎,70,"16005,60",,4,,属性强化Ⅴ,"101,111;102,16;103,6;104,55",,,,0,,"1006223,278",LevelName_3000006_70,3900006_zy_jn_sx_icon,,,tianfu_3900006_big_4,
3000006,玛莎,71,"16005,60",,4,,灼烧强度Ⅱ,"101,111;102,15;103,6;104,56","3600032,1",5,灼烧效果伤害提升1.5%,0,,"1006223,286",LevelName_3000006_71,3900006_zy_jn_bd_icon,,,tianfu_3900006_big_4,
3000006,玛莎,72,"16005,60",,4,,灼烧伤害Ⅱ,"101,112;102,15;103,6;104,56","3600033,1",5,灼烧效果伤害提升1.5%,0,,"1006223,294",LevelName_3000006_72,3900006_zy_jn_sx_icon,,,tianfu_3900006_big_4,
3000006,玛莎,73,"16005,60",,4,,普攻强化Ⅶ,"101,111;102,15;103,6;104,55","3600034,1",1,普通攻击等级+1,0,Level_Des_3000006_4_73,"1006223,302",LevelName_3000006_73,3900006_zy_jn_pg_icon,,,tianfu_3900006_big_4,
3000006,玛莎,74,"16005,60",,4,,属性强化Ⅵ,"101,111;102,15;103,6;104,56",,,,0,,"1006223,310",LevelName_3000006_74,3900006_zy_jn_sx_icon,,,tianfu_3900006_big_4,
3000006,玛莎,75,"16005,60",,4,,连携技强化Ⅶ,"101,112;102,15;103,6;104,56",,,连携技等级+1,0,,"1006223,318",LevelName_3000006_75,3900006_zy_jn_qte_icon,,,tianfu_3900006_big_4,
3000006,玛莎,76,"16005,60",,4,,属性强化Ⅶ,"101,111;102,15;103,6;104,55",,,,0,,"1006223,326",LevelName_3000006_76,3900006_zy_jn_sx_icon,,,tianfu_3900006_big_4,
3000006,玛莎,77,"16005,60",,4,,奥义强化Ⅶ,"101,111;102,16;103,6;104,56","3600035,1",1,奥义等级+1,0,Level_Des_3000006_4_77,"1006223,334",LevelName_3000006_77,3900006_zy_jn_ay_icon,,,tianfu_3900006_big_4,
3000006,玛莎,78,"16005,60",,4,,属性强化Ⅷ,"101,112;102,15;103,6;104,56",,,,0,,"1006223,342",LevelName_3000006_78,3900006_zy_jn_sx_icon,,,tianfu_3900006_big_4,
3000006,玛莎,79,"16005,60",,4,,待机强化Ⅱ,"101,111;102,15;103,6;104,55","3600014,2",4,待机技能等级+1,1006,Level_Des_3000006_4_79,"1006223,350",LevelName_3000006_79,3900006_zy_jn_tf_icon,,,tianfu_3900006_big_4,
3000006,玛莎,80,"16005,60",,4,,仆从Ⅲ,"101,111;102,15;103,6;104,56","3600009,3",3,每携带1位仆从，战斗开始时提升1.5%攻击力,60001,,"1006223,358",LevelName_3000006_80,3900006_zy_jn_zj_icon,,,tianfu_3900006_big_4,
3000006,玛莎,81,"16005,80",Level_ConditionDes_3000006_5,5,天平,神子Ⅲ,"101,112;102,15;103,6;104,56","3600010,3",3,每携带1位神子，玛莎成功添加异常状态后就有22%概率回复5点能量,60002,,"1006223,366",LevelName_3000006_81,3900006_zy_jn_zj_icon,天平,Level_TypeName_3000006_5,tianfu_3900006_big_5,
3000006,玛莎,82,"16005,80",,5,,属性强化Ⅰ,"101,111;102,15;103,6;104,55",,,,0,,"1006223,374",LevelName_3000006_82,3900006_zy_jn_sx_icon,,,tianfu_3900006_big_5,
3000006,玛莎,83,"16005,80",,5,,传道Ⅲ,"101,111;102,15;103,6;104,56","3600011,3",3,每携带1位传道，自身治疗效果提升1.5%,60003,,"1006223,382",LevelName_3000006_83,3900006_zy_jn_zj_icon,,,tianfu_3900006_big_5,
3000006,玛莎,84,"16005,80",,5,,属性强化Ⅱ,"101,112;102,16;103,6;104,56","3600067,1",5,,0,,"1006223,390",LevelName_3000006_84,3900006_zy_jn_sx_icon,,,tianfu_3900006_big_5,
3000006,玛莎,85,"16005,80",,5,,普攻强化Ⅷ,"101,111;102,15;103,6;104,55","3600040,1",1,普通攻击等级+1,0,Level_Des_3000006_5_85,"1006223,398",LevelName_3000006_85,3900006_zy_jn_pg_icon,,,tianfu_3900006_big_5,
3000006,玛莎,86,"16005,80",,5,,属性强化Ⅲ,"101,111;102,15;103,6;104,56",,,,0,,"1006223,406",LevelName_3000006_86,3900006_zy_jn_sx_icon,,,tianfu_3900006_big_5,
3000006,玛莎,87,"16005,80",,5,,连携技强化Ⅷ,"101,112;102,15;103,6;104,56",,,连携技等级+1,0,,"1006223,414",LevelName_3000006_87,3900006_zy_jn_qte_icon,,,tianfu_3900006_big_5,
3000006,玛莎,88,"16005,80",,5,,属性强化Ⅳ,"101,111;102,15;103,6;104,55",,,,0,,"1006223,422",LevelName_3000006_88,3900006_zy_jn_sx_icon,,,tianfu_3900006_big_5,
3000006,玛莎,89,"16005,80",,5,,奥义强化Ⅷ,"101,111;102,15;103,6;104,56","3600041,1",1,奥义等级+1,0,Level_Des_3000006_5_89,"1006223,430",LevelName_3000006_89,3900006_zy_jn_ay_icon,,,tianfu_3900006_big_5,
3000006,玛莎,90,"16005,80",,5,,属性强化Ⅴ,"101,112;102,15;103,6;104,56","3600066,1",5,能量上限+1,0,,"1006223,438",LevelName_3000006_90,3900006_zy_jn_sx_icon,,,tianfu_3900006_big_5,
3000006,玛莎,91,"16005,80",,5,,效果命中Ⅳ,"101,111;102,16;103,6;104,55","3600042,1",5,效果命中提升0.8%,0,,"1006223,446",LevelName_3000006_91,3900006_zy_jn_bd_icon,,,tianfu_3900006_big_5,
3000006,玛莎,92,"16005,80",,5,,属性强化Ⅵ,"101,111;102,15;103,6;104,56",,,,0,,"1006223,454",LevelName_3000006_92,3900006_zy_jn_sx_icon,,,tianfu_3900006_big_5,
3000006,玛莎,93,"16005,80",,5,,普攻强化Ⅸ,"101,112;102,15;103,6;104,56","3600043,1",1,普通攻击等级+1,0,Level_Des_3000006_5_93,"1006223,462",LevelName_3000006_93,3900006_zy_jn_pg_icon,,,tianfu_3900006_big_5,
3000006,玛莎,94,"16005,80",,5,,属性强化Ⅶ,"101,111;102,15;103,6;104,55",,,,0,,"1006223,470",LevelName_3000006_94,3900006_zy_jn_sx_icon,,,tianfu_3900006_big_5,
3000006,玛莎,95,"16005,80",,5,,连携技强化Ⅸ,"101,111;102,15;103,6;104,56",,,连携技等级+1,0,,"1006223,478",LevelName_3000006_95,3900006_zy_jn_qte_icon,,,tianfu_3900006_big_5,
3000006,玛莎,96,"16005,80",,5,,属性强化Ⅷ,"101,112;102,15;103,6;104,56",,,,0,,"1006223,486",LevelName_3000006_96,3900006_zy_jn_sx_icon,,,tianfu_3900006_big_5,
3000006,玛莎,97,"16005,80",,5,,奥义强化Ⅸ,"101,111;102,15;103,6;104,55","3600044,1",1,奥义等级+1,0,Level_Des_3000006_5_97,"1006223,494",LevelName_3000006_97,3900006_zy_jn_ay_icon,,,tianfu_3900006_big_5,
3000006,玛莎,98,"16005,80",,5,,属性强化Ⅸ,"101,111;102,16;103,6;104,56",,,,0,,"1006223,502",LevelName_3000006_98,3900006_zy_jn_sx_icon,,,tianfu_3900006_big_5,
3000006,玛莎,99,"16005,80",,5,,感电强度Ⅱ,"101,112;102,15;103,6;104,56","3600045,1",5,感电强度提升1.2%,0,,"1006223,510",LevelName_3000006_99,3900006_zy_jn_dj_icon,,,tianfu_3900006_big_5,
3000006,玛莎,100,"16005,80",,5,,侵蚀强度Ⅲ,"101,111;102,15;103,6;104,55","3600046,1",5,侵蚀效果提升1.5%,0,,"1006223,518",LevelName_3000006_100,3900006_zy_jn_bd_icon,,,tianfu_3900006_big_5,
3000006,玛莎,101,"16005,100",Level_ConditionDes_3000006_6,6,天球仪,待机强化Ⅲ,"101,111;102,15;103,6;104,56","3600014,3",4,待机技能等级+1,1006,Level_Des_3000006_6_101,"1006223,534",LevelName_3000006_101,3900006_zy_jn_bd_icon,天球仪,Level_TypeName_3000006_6,tianfu_3900006_big_6,
3000006,玛莎,102,"16005,100",,6,,属性强化Ⅰ,"101,112;102,15;103,6;104,56",,,,0,,"1006223,550",LevelName_3000006_102,3900006_zy_jn_sx_icon,,,tianfu_3900006_big_6,
3000006,玛莎,103,"16005,100",,6,,普攻强化Ⅹ,"101,111;102,15;103,6;104,55","3600048,1",1,普通攻击等级+1,0,Level_Des_3000006_6_103,"1006223,566",LevelName_3000006_103,3900006_zy_jn_pg_icon,,,tianfu_3900006_big_6,
3000006,玛莎,104,"16005,100",,6,,属性强化Ⅱ,"101,111;102,15;103,6;104,56",,,,0,,"1006223,582",LevelName_3000006_104,3900006_zy_jn_sx_icon,,,tianfu_3900006_big_6,
3000006,玛莎,105,"16005,100",,6,,连携技强化Ⅹ,"101,112;102,16;103,6;104,56",,,连携技等级+1,0,,"1006223,598",LevelName_3000006_105,3900006_zy_jn_qte_icon,,,tianfu_3900006_big_6,
3000006,玛莎,106,"16005,100",,6,,属性强化Ⅲ,"101,111;102,15;103,6;104,55",,,,0,,"1006223,614",LevelName_3000006_106,3900006_zy_jn_sx_icon,,,tianfu_3900006_big_6,
3000006,玛莎,107,"16005,100",,6,,奥义强化Ⅹ,"101,111;102,15;103,6;104,56","3600049,1",1,奥义等级+1,0,Level_Des_3000006_6_107,"1006223,630",LevelName_3000006_107,3900006_zy_jn_ay_icon,,,tianfu_3900006_big_6,
3000006,玛莎,108,"16005,100",,6,,属性强化Ⅳ,"101,112;102,15;103,6;104,56",,,,0,,"1006223,646",LevelName_3000006_108,3900006_zy_jn_sx_icon,,,tianfu_3900006_big_6,
3000006,玛莎,109,"16005,100",,6,,效果命中Ⅴ,"101,111;102,15;103,6;104,55","3600050,1",5,效果命中提升0.8%,0,,"1006223,662",LevelName_3000006_109,3900006_zy_jn_bd_icon,,,tianfu_3900006_big_6,
3000006,玛莎,110,"16005,100",,6,,属性强化Ⅴ,"101,111;102,15;103,6;104,56",,,,0,,"1006223,678",LevelName_3000006_110,3900006_zy_jn_sx_icon,,,tianfu_3900006_big_6,
3000006,玛莎,111,"16005,100",,6,,普攻强化Ⅺ,"101,112;102,15;103,6;104,56","3600051,1",1,普通攻击等级+1,0,Level_Des_3000006_6_111,"1006223,694",LevelName_3000006_111,3900006_zy_jn_pg_icon,,,tianfu_3900006_big_6,
3000006,玛莎,112,"16005,100",,6,,属性强化Ⅵ,"101,111;102,16;103,6;104,55",,,,0,,"1006223,710",LevelName_3000006_112,3900006_zy_jn_sx_icon,,,tianfu_3900006_big_6,
3000006,玛莎,113,"16005,100",,6,,连携技强化Ⅺ,"101,111;102,15;103,6;104,56",,,连携技等级+1,0,,"1006223,726",LevelName_3000006_113,3900006_zy_jn_qte_icon,,,tianfu_3900006_big_6,
3000006,玛莎,114,"16005,100",,6,,属性强化Ⅶ,"101,112;102,15;103,6;104,56",,,,0,,"1006223,742",LevelName_3000006_114,3900006_zy_jn_sx_icon,,,tianfu_3900006_big_6,
3000006,玛莎,115,"16005,100",,6,,奥义强化Ⅺ,"101,111;102,15;103,6;104,55","3600052,1",1,奥义等级+1,0,Level_Des_3000006_6_115,"1006223,758",LevelName_3000006_115,3900006_zy_jn_ay_icon,,,tianfu_3900006_big_6,
3000006,玛莎,116,"16005,100",,6,,属性强化Ⅷ,"101,111;102,15;103,6;104,56",,,,0,,"1006223,774",LevelName_3000006_116,3900006_zy_jn_sx_icon,,,tianfu_3900006_big_6,
3000006,玛莎,117,"16005,100",,6,,灼烧强度Ⅲ,"101,112;102,15;103,6;104,56","3600053,1",5,灼烧效果伤害提升1.5%,0,,"1006223,790",LevelName_3000006_117,3900006_zy_jn_dj_icon,,,tianfu_3900006_big_6,
3000006,玛莎,118,"16005,100",,6,,灼烧伤害Ⅲ,"101,111;102,15;103,6;104,55","3600054,1",5,灼烧效果伤害提升1.5%,0,,"1006223,806",LevelName_3000006_118,3900006_zy_jn_sx_icon,,,tianfu_3900006_big_6,
3000006,玛莎,119,"16005,100",,6,,弱点特效Ⅱ,"101,111;102,16;103,6;104,56","3600055,1",5,穿透率提升2%,0,,"1006223,822",LevelName_3000006_119,3900006_zy_jn_sx_icon,,,tianfu_3900006_big_6,
3000006,玛莎,120,"16005,100",,6,,感电强度Ⅲ,"101,112;102,15;103,6;104,56","3600056,1",5,感电强度提升1.2%,0,,"1006223,838",LevelName_3000006_120,3900006_zy_jn_bd_icon,,,tianfu_3900006_big_6,
3000006,玛莎,121,"16005,120",Level_ConditionDes_3000006_7,7,命运之轮,待机强化Ⅳ,"101,111;102,15;103,6;104,55","3600014,4",4,待机技能等级+1,1006,Level_Des_3000006_7_121,"1006223,854",LevelName_3000006_121,3900006_zy_jn_tf_icon,命运之轮,Level_TypeName_3000006_7,tianfu_3900006_big_7,
3000006,玛莎,122,"16005,120",,7,,属性强化Ⅰ,"101,111;102,15;103,6;104,56",,,,0,,"1006223,870",LevelName_3000006_122,3900006_zy_jn_sx_icon,,,tianfu_3900006_big_7,
3000006,玛莎,123,"16005,120",,7,,普攻强化Ⅻ,"101,112;102,15;103,6;104,56","3600058,1",1,普通攻击等级+1,0,Level_Des_3000006_7_123,"1006223,886",LevelName_3000006_123,3900006_zy_jn_pg_icon,,,tianfu_3900006_big_7,
3000006,玛莎,124,"16005,120",,7,,属性强化Ⅱ,"101,111;102,15;103,6;104,55",,,,0,,"1006223,902",LevelName_3000006_124,3900006_zy_jn_sx_icon,,,tianfu_3900006_big_7,
3000006,玛莎,125,"16005,120",,7,,连携技强化Ⅻ,"101,111;102,15;103,6;104,56",,,连携技等级+1,0,,"1006223,918",LevelName_3000006_125,3900006_zy_jn_qte_icon,,,tianfu_3900006_big_7,
3000006,玛莎,126,"16005,120",,7,,属性强化Ⅲ,"101,112;102,16;103,6;104,56",,,,0,,"1006223,934",LevelName_3000006_126,3900006_zy_jn_sx_icon,,,tianfu_3900006_big_7,
3000006,玛莎,127,"16005,120",,7,,奥义强化Ⅻ,"101,111;102,15;103,6;104,55","3600059,1",1,奥义等级+1,0,Level_Des_3000006_7_127,"1006223,950",LevelName_3000006_127,3900006_zy_jn_ay_icon,,,tianfu_3900006_big_7,
3000006,玛莎,128,"16005,120",,7,,属性强化Ⅳ,"101,111;102,15;103,6;104,56",,,,0,,"1006223,966",LevelName_3000006_128,3900006_zy_jn_sx_icon,,,tianfu_3900006_big_7,
3000006,玛莎,129,"16005,120",,7,,效果命中Ⅵ,"101,112;102,15;103,6;104,56","3600060,1",5,效果命中提升0.8%,0,,"1006223,982",LevelName_3000006_129,3900006_zy_jn_bd_icon,,,tianfu_3900006_big_7,
3000006,玛莎,130,"16005,120",,7,,属性强化Ⅴ,"101,111;102,15;103,6;104,55",,,,0,,"1006223,998",LevelName_3000006_130,3900006_zy_jn_sx_icon,,,tianfu_3900006_big_7,
3000006,玛莎,131,"16005,120",,7,,普攻强化XIII,"101,111;102,15;103,6;104,56","3600061,1",1,普通攻击等级+1,0,Level_Des_3000006_7_131,"1006223,1014",LevelName_3000006_131,3900006_zy_jn_pg_icon,,,tianfu_3900006_big_7,
3000006,玛莎,132,"16005,120",,7,,攻击强化,"101,112;102,15;103,6;104,56","3600062,1",5,攻击力提升2.5%,0,,"1006223,1030",LevelName_3000006_132,3900006_zy_jn_sx_icon,,,tianfu_3900006_big_7,
3000006,玛莎,133,"16005,120",,7,,连携技强化XIII,"101,111;102,16;103,6;104,55",,,连携技等级+1,0,,"1006223,1046",LevelName_3000006_133,3900006_zy_jn_qte_icon,,,tianfu_3900006_big_7,
3000006,玛莎,134,"16005,120",,7,,属性强化Ⅵ,"101,111;102,15;103,6;104,56",,,,0,,"1006223,1062",LevelName_3000006_134,3900006_zy_jn_sx_icon,,,tianfu_3900006_big_7,
3000006,玛莎,135,"16005,120",,7,,奥义强化XIII,"101,112;102,15;103,6;104,56","3600063,1",1,奥义等级+1,0,Level_Des_3000006_7_135,"1006223,1078",LevelName_3000006_135,3900006_zy_jn_ay_icon,,,tianfu_3900006_big_7,
3000006,玛莎,136,"16005,120",,7,,属性强化Ⅶ,"101,111;102,15;103,6;104,55",,,,0,,"1006223,1094",LevelName_3000006_136,3900006_zy_jn_sx_icon,,,tianfu_3900006_big_7,
3000006,玛莎,137,"16005,120",,7,,待机强化Ⅴ,"101,111;102,15;103,6;104,56","3600014,5",4,待机技能等级+1,1006,Level_Des_3000006_7_137,"1006223,1110",LevelName_3000006_137,3900006_zy_jn_dj_icon,,,tianfu_3900006_big_7,
3000006,玛莎,138,"16005,120",,7,,属性强化Ⅷ,"101,112;102,15;103,6;104,56",,,,0,,"1006223,1126",LevelName_3000006_138,3900006_zy_jn_sx_icon,,,tianfu_3900006_big_7,
3000006,玛莎,139,"16005,120",,7,,属性强化Ⅸ,"101,111;102,15;103,6;104,55",,,,0,,"1006223,1142",LevelName_3000006_139,3900006_zy_jn_sx_icon,,,tianfu_3900006_big_7,
3000006,玛莎,140,"16005,120",,7,,属性强化Ⅹ,"101,111;102,16;103,6;104,56",,,,0,,"1006223,1158",LevelName_3000006_140,3900006_zy_jn_tf_icon,,,tianfu_3900006_big_7,
