id	roleId	Type	level	consumeItem	consumeNum	status
int	int	int	int	int	int	int
101008101	101008	1	1	4104011;3000003	5;20000	1
101008102	101008	1	2	4104011;3000003	10;40000	1
101008103	101008	1	3	4104011;3000003	10;70000	1
101008104	101008	1	4	4104011;3000003	20;100000	1
101008105	101008	1	5	4104011;3000003	20;140000	1
101008106	101008	1	6	4104011;3000003	30;180000	1
101008107	101008	1	7	4104011;3000003	30;220000	1
101008108	101008	1	8	4104011;3000003	40;260000	1
101008109	101008	1	9	4104011;3000003	50;300000	1
101008110	101008	1	10			1
101008201	101008	2	1	4104011;3000003	10;10000	1
101008202	101008	2	2	4104011;3000003	20;40000	1
101008203	101008	2	3	4104011;3000003	30;90000	1
101008204	101008	2	4	4104011;3000003	40;160000	1
101008205	101008	2	5	4104011;3000003	50;250000	1
101008206	101008	2	6	4104011;3000003	60;360000	1
101008207	101008	2	7			1
101011101	101011	1	1	4104011;3000003	5;20000	1
101011102	101011	1	2	4104011;3000003	10;40000	1
101011103	101011	1	3	4104011;3000003	10;70000	1
101011104	101011	1	4	4104011;3000003	20;100000	1
101011105	101011	1	5	4104011;3000003	20;140000	1
101011106	101011	1	6	4104011;3000003	30;180000	1
101011107	101011	1	7	4104011;3000003	30;220000	1
101011108	101011	1	8	4104011;3000003	40;260000	1
101011109	101011	1	9	4104011;3000003	50;300000	1
101011110	101011	1	10			1
101011201	101011	2	1	4104011;3000003	10;10000	1
101011202	101011	2	2	4104011;3000003	20;40000	1
101011203	101011	2	3	4104011;3000003	30;90000	1
101011204	101011	2	4	4104011;3000003	40;160000	1
101011205	101011	2	5	4104011;3000003	50;250000	1
101011206	101011	2	6	4104011;3000003	60;360000	1
101011207	101011	2	7			1
101005101	101005	1	1	4104011;3000003	5;20000	1
101005102	101005	1	2	4104011;3000003	10;40000	1
101005103	101005	1	3	4104011;3000003	10;70000	1
101005104	101005	1	4	4104011;3000003	20;100000	1
101005105	101005	1	5	4104011;3000003	20;140000	1
101005106	101005	1	6	4104011;3000003	30;180000	1
101005107	101005	1	7	4104011;3000003	30;220000	1
101005108	101005	1	8	4104011;3000003	40;260000	1
101005109	101005	1	9	4104011;3000003	50;300000	1
101005110	101005	1	10			1
101005201	101005	2	1	4104011;3000003	10;10000	1
101005202	101005	2	2	4104011;3000003	20;40000	1
101005203	101005	2	3	4104011;3000003	30;90000	1
101005204	101005	2	4	4104011;3000003	40;160000	1
101005205	101005	2	5	4104011;3000003	50;250000	1
101005206	101005	2	6	4104011;3000003	60;360000	1
101005207	101005	2	7			1
101013101	101013	1	1	4104011;3000003	5;20000	1
101013102	101013	1	2	4104011;3000003	10;40000	1
101013103	101013	1	3	4104011;3000003	10;70000	1
101013104	101013	1	4	4104011;3000003	20;100000	1
101013105	101013	1	5	4104011;3000003	20;140000	1
101013106	101013	1	6	4104011;3000003	30;180000	1
101013107	101013	1	7	4104011;3000003	30;220000	1
101013108	101013	1	8	4104011;3000003	40;260000	1
101013109	101013	1	9	4104011;3000003	50;300000	1
101013110	101013	1	10			1
101013201	101013	2	1	4104011;3000003	10;10000	1
101013202	101013	2	2	4104011;3000003	20;40000	1
101013203	101013	2	3	4104011;3000003	30;90000	1
101013204	101013	2	4	4104011;3000003	40;160000	1
101013205	101013	2	5	4104011;3000003	50;250000	1
101013206	101013	2	6	4104011;3000003	60;360000	1
101013207	101013	2	7			1
102008101	102008	1	1	4104011;3000003	5;20000	1
102008102	102008	1	2	4104011;3000003	10;40000	1
102008103	102008	1	3	4104011;3000003	10;70000	1
102008104	102008	1	4	4104011;3000003	20;100000	1
102008105	102008	1	5	4104011;3000003	20;140000	1
102008106	102008	1	6	4104011;3000003	30;180000	1
102008107	102008	1	7	4104011;3000003	30;220000	1
102008108	102008	1	8	4104011;3000003	40;260000	1
102008109	102008	1	9	4104011;3000003	50;300000	1
102008110	102008	1	10			1
102008201	102008	2	1	4104011;3000003	10;10000	1
102008202	102008	2	2	4104011;3000003	20;40000	1
102008203	102008	2	3	4104011;3000003	30;90000	1
102008204	102008	2	4	4104011;3000003	40;160000	1
102008205	102008	2	5	4104011;3000003	50;250000	1
102008206	102008	2	6	4104011;3000003	60;360000	1
102008207	102008	2	7			1
102007101	102007	1	1	4104011;3000003	5;20000	1
102007102	102007	1	2	4104011;3000003	10;40000	1
102007103	102007	1	3	4104011;3000003	10;70000	1
102007104	102007	1	4	4104011;3000003	20;100000	1
102007105	102007	1	5	4104011;3000003	20;140000	1
102007106	102007	1	6	4104011;3000003	30;180000	1
102007107	102007	1	7	4104011;3000003	30;220000	1
102007108	102007	1	8	4104011;3000003	40;260000	1
102007109	102007	1	9	4104011;3000003	50;300000	1
102007110	102007	1	10			1
102007201	102007	2	1	4104011;3000003	10;10000	1
102007202	102007	2	2	4104011;3000003	20;40000	1
102007203	102007	2	3	4104011;3000003	30;90000	1
102007204	102007	2	4	4104011;3000003	40;160000	1
102007205	102007	2	5	4104011;3000003	50;250000	1
102007206	102007	2	6	4104011;3000003	60;360000	1
102007207	102007	2	7			1
102011101	102011	1	1	4104011;3000003	5;20000	1
102011102	102011	1	2	4104011;3000003	10;40000	1
102011103	102011	1	3	4104011;3000003	10;70000	1
102011104	102011	1	4	4104011;3000003	20;100000	1
102011105	102011	1	5	4104011;3000003	20;140000	1
102011106	102011	1	6	4104011;3000003	30;180000	1
102011107	102011	1	7	4104011;3000003	30;220000	1
102011108	102011	1	8	4104011;3000003	40;260000	1
102011109	102011	1	9	4104011;3000003	50;300000	1
102011110	102011	1	10			1
102011201	102011	2	1	4104011;3000003	10;10000	1
102011202	102011	2	2	4104011;3000003	20;40000	1
102011203	102011	2	3	4104011;3000003	30;90000	1
102011204	102011	2	4	4104011;3000003	40;160000	1
102011205	102011	2	5	4104011;3000003	50;250000	1
102011206	102011	2	6	4104011;3000003	60;360000	1
102011207	102011	2	7			1
102001101	102001	1	1	4104011;3000003	5;20000	1
102001102	102001	1	2	4104011;3000003	10;40000	1
102001103	102001	1	3	4104011;3000003	10;70000	1
102001104	102001	1	4	4104011;3000003	20;100000	1
102001105	102001	1	5	4104011;3000003	20;140000	1
102001106	102001	1	6	4104011;3000003	30;180000	1
102001107	102001	1	7	4104011;3000003	30;220000	1
102001108	102001	1	8	4104011;3000003	40;260000	1
102001109	102001	1	9	4104011;3000003	50;300000	1
102001110	102001	1	10			1
102001201	102001	2	1	4104011;3000003	10;10000	1
102001202	102001	2	2	4104011;3000003	20;40000	1
102001203	102001	2	3	4104011;3000003	30;90000	1
102001204	102001	2	4	4104011;3000003	40;160000	1
102001205	102001	2	5	4104011;3000003	50;250000	1
102001206	102001	2	6	4104011;3000003	60;360000	1
102001207	102001	2	7			1
102021101	102021	1	1	4104011;3000003	5;20000	1
102021102	102021	1	2	4104011;3000003	10;40000	1
102021103	102021	1	3	4104011;3000003	10;70000	1
102021104	102021	1	4	4104011;3000003	20;100000	1
102021105	102021	1	5	4104011;3000003	20;140000	1
102021106	102021	1	6	4104011;3000003	30;180000	1
102021107	102021	1	7	4104011;3000003	30;220000	1
102021108	102021	1	8	4104011;3000003	40;260000	1
102021109	102021	1	9	4104011;3000003	50;300000	1
102021110	102021	1	10			1
102021201	102021	2	1	4104011;3000003	10;10000	1
102021202	102021	2	2	4104011;3000003	20;40000	1
102021203	102021	2	3	4104011;3000003	30;90000	1
102021204	102021	2	4	4104011;3000003	40;160000	1
102021205	102021	2	5	4104011;3000003	50;250000	1
102021206	102021	2	6	4104011;3000003	60;360000	1
102021207	102021	2	7			1
103008101	103008	1	1	4104011;3000003	5;20000	1
103008102	103008	1	2	4104011;3000003	10;40000	1
103008103	103008	1	3	4104011;3000003	10;70000	1
103008104	103008	1	4	4104011;3000003	20;100000	1
103008105	103008	1	5	4104011;3000003	20;140000	1
103008106	103008	1	6	4104011;3000003	30;180000	1
103008107	103008	1	7	4104011;3000003	30;220000	1
103008108	103008	1	8	4104011;3000003	40;260000	1
103008109	103008	1	9	4104011;3000003	50;300000	1
103008110	103008	1	10			1
103008201	103008	2	1	4104011;3000003	10;10000	1
103008202	103008	2	2	4104011;3000003	20;40000	1
103008203	103008	2	3	4104011;3000003	30;90000	1
103008204	103008	2	4	4104011;3000003	40;160000	1
103008205	103008	2	5	4104011;3000003	50;250000	1
103008206	103008	2	6	4104011;3000003	60;360000	1
103008207	103008	2	7			1
103002101	103002	1	1	4104011;3000003	5;20000	1
103002102	103002	1	2	4104011;3000003	10;40000	1
103002103	103002	1	3	4104011;3000003	10;70000	1
103002104	103002	1	4	4104011;3000003	20;100000	1
103002105	103002	1	5	4104011;3000003	20;140000	1
103002106	103002	1	6	4104011;3000003	30;180000	1
103002107	103002	1	7	4104011;3000003	30;220000	1
103002108	103002	1	8	4104011;3000003	40;260000	1
103002109	103002	1	9	4104011;3000003	50;300000	1
103002110	103002	1	10			1
103002201	103002	2	1	4104011;3000003	10;10000	1
103002202	103002	2	2	4104011;3000003	20;40000	1
103002203	103002	2	3	4104011;3000003	30;90000	1
103002204	103002	2	4	4104011;3000003	40;160000	1
103002205	103002	2	5	4104011;3000003	50;250000	1
103002206	103002	2	6	4104011;3000003	60;360000	1
103002207	103002	2	7			1
103007101	103007	1	1	4104011;3000003	5;20000	1
103007102	103007	1	2	4104011;3000003	10;40000	1
103007103	103007	1	3	4104011;3000003	10;70000	1
103007104	103007	1	4	4104011;3000003	20;100000	1
103007105	103007	1	5	4104011;3000003	20;140000	1
103007106	103007	1	6	4104011;3000003	30;180000	1
103007107	103007	1	7	4104011;3000003	30;220000	1
103007108	103007	1	8	4104011;3000003	40;260000	1
103007109	103007	1	9	4104011;3000003	50;300000	1
103007110	103007	1	10			1
103007201	103007	2	1	4104011;3000003	10;10000	1
103007202	103007	2	2	4104011;3000003	20;40000	1
103007203	103007	2	3	4104011;3000003	30;90000	1
103007204	103007	2	4	4104011;3000003	40;160000	1
103007205	103007	2	5	4104011;3000003	50;250000	1
103007206	103007	2	6	4104011;3000003	60;360000	1
103007207	103007	2	7			1
103019101	103019	1	1	4104011;3000003	5;20000	1
103019102	103019	1	2	4104011;3000003	10;40000	1
103019103	103019	1	3	4104011;3000003	10;70000	1
103019104	103019	1	4	4104011;3000003	20;100000	1
103019105	103019	1	5	4104011;3000003	20;140000	1
103019106	103019	1	6	4104011;3000003	30;180000	1
103019107	103019	1	7	4104011;3000003	30;220000	1
103019108	103019	1	8	4104011;3000003	40;260000	1
103019109	103019	1	9	4104011;3000003	50;300000	1
103019110	103019	1	10			1
103019201	103019	2	1	4104011;3000003	10;10000	1
103019202	103019	2	2	4104011;3000003	20;40000	1
103019203	103019	2	3	4104011;3000003	30;90000	1
103019204	103019	2	4	4104011;3000003	40;160000	1
103019205	103019	2	5	4104011;3000003	50;250000	1
103019206	103019	2	6	4104011;3000003	60;360000	1
103019207	103019	2	7			1
103021101	103021	1	1	4104011;3000003	5;20000	1
103021102	103021	1	2	4104011;3000003	10;40000	1
103021103	103021	1	3	4104011;3000003	10;70000	1
103021104	103021	1	4	4104011;3000003	20;100000	1
103021105	103021	1	5	4104011;3000003	20;140000	1
103021106	103021	1	6	4104011;3000003	30;180000	1
103021107	103021	1	7	4104011;3000003	30;220000	1
103021108	103021	1	8	4104011;3000003	40;260000	1
103021109	103021	1	9	4104011;3000003	50;300000	1
103021110	103021	1	10			1
103021201	103021	2	1	4104011;3000003	10;10000	1
103021202	103021	2	2	4104011;3000003	20;40000	1
103021203	103021	2	3	4104011;3000003	30;90000	1
103021204	103021	2	4	4104011;3000003	40;160000	1
103021205	103021	2	5	4104011;3000003	50;250000	1
103021206	103021	2	6	4104011;3000003	60;360000	1
103021207	103021	2	7			1
104003101	104003	1	1	4104011;3000003	5;20000	1
104003102	104003	1	2	4104011;3000003	10;40000	1
104003103	104003	1	3	4104011;3000003	10;70000	1
104003104	104003	1	4	4104011;3000003	20;100000	1
104003105	104003	1	5	4104011;3000003	20;140000	1
104003106	104003	1	6	4104011;3000003	30;180000	1
104003107	104003	1	7	4104011;3000003	30;220000	1
104003108	104003	1	8	4104011;3000003	40;260000	1
104003109	104003	1	9	4104011;3000003	50;300000	1
104003110	104003	1	10			1
104003201	104003	2	1	4104011;3000003	10;10000	1
104003202	104003	2	2	4104011;3000003	20;40000	1
104003203	104003	2	3	4104011;3000003	30;90000	1
104003204	104003	2	4	4104011;3000003	40;160000	1
104003205	104003	2	5	4104011;3000003	50;250000	1
104003206	104003	2	6	4104011;3000003	60;360000	1
104003207	104003	2	7			1
104005101	104005	1	1	4104011;3000003	5;20000	1
104005102	104005	1	2	4104011;3000003	10;40000	1
104005103	104005	1	3	4104011;3000003	10;70000	1
104005104	104005	1	4	4104011;3000003	20;100000	1
104005105	104005	1	5	4104011;3000003	20;140000	1
104005106	104005	1	6	4104011;3000003	30;180000	1
104005107	104005	1	7	4104011;3000003	30;220000	1
104005108	104005	1	8	4104011;3000003	40;260000	1
104005109	104005	1	9	4104011;3000003	50;300000	1
104005110	104005	1	10			1
104005201	104005	2	1	4104011;3000003	10;10000	1
104005202	104005	2	2	4104011;3000003	20;40000	1
104005203	104005	2	3	4104011;3000003	30;90000	1
104005204	104005	2	4	4104011;3000003	40;160000	1
104005205	104005	2	5	4104011;3000003	50;250000	1
104005206	104005	2	6	4104011;3000003	60;360000	1
104005207	104005	2	7			1
104001101	104001	1	1	4104011;3000003	5;20000	1
104001102	104001	1	2	4104011;3000003	10;40000	1
104001103	104001	1	3	4104011;3000003	10;70000	1
104001104	104001	1	4	4104011;3000003	20;100000	1
104001105	104001	1	5	4104011;3000003	20;140000	1
104001106	104001	1	6	4104011;3000003	30;180000	1
104001107	104001	1	7	4104011;3000003	30;220000	1
104001108	104001	1	8	4104011;3000003	40;260000	1
104001109	104001	1	9	4104011;3000003	50;300000	1
104001110	104001	1	10			1
104001201	104001	2	1	4104011;3000003	10;10000	1
104001202	104001	2	2	4104011;3000003	20;40000	1
104001203	104001	2	3	4104011;3000003	30;90000	1
104001204	104001	2	4	4104011;3000003	40;160000	1
104001205	104001	2	5	4104011;3000003	50;250000	1
104001206	104001	2	6	4104011;3000003	60;360000	1
104001207	104001	2	7			1
104008101	104008	1	1	4104011;3000003	5;20000	1
104008102	104008	1	2	4104011;3000003	10;40000	1
104008103	104008	1	3	4104011;3000003	10;70000	1
104008104	104008	1	4	4104011;3000003	20;100000	1
104008105	104008	1	5	4104011;3000003	20;140000	1
104008106	104008	1	6	4104011;3000003	30;180000	1
104008107	104008	1	7	4104011;3000003	30;220000	1
104008108	104008	1	8	4104011;3000003	40;260000	1
104008109	104008	1	9	4104011;3000003	50;300000	1
104008110	104008	1	10			1
104008201	104008	2	1	4104011;3000003	10;10000	1
104008202	104008	2	2	4104011;3000003	20;40000	1
104008203	104008	2	3	4104011;3000003	30;90000	1
104008204	104008	2	4	4104011;3000003	40;160000	1
104008205	104008	2	5	4104011;3000003	50;250000	1
104008206	104008	2	6	4104011;3000003	60;360000	1
104008207	104008	2	7			1
105008101	105008	1	1	4104011;3000003	5;20000	1
105008102	105008	1	2	4104011;3000003	10;40000	1
105008103	105008	1	3	4104011;3000003	10;70000	1
105008104	105008	1	4	4104011;3000003	20;100000	1
105008105	105008	1	5	4104011;3000003	20;140000	1
105008106	105008	1	6	4104011;3000003	30;180000	1
105008107	105008	1	7	4104011;3000003	30;220000	1
105008108	105008	1	8	4104011;3000003	40;260000	1
105008109	105008	1	9	4104011;3000003	50;300000	1
105008110	105008	1	10			1
105008201	105008	2	1	4104011;3000003	10;10000	1
105008202	105008	2	2	4104011;3000003	20;40000	1
105008203	105008	2	3	4104011;3000003	30;90000	1
105008204	105008	2	4	4104011;3000003	40;160000	1
105008205	105008	2	5	4104011;3000003	50;250000	1
105008206	105008	2	6	4104011;3000003	60;360000	1
105008207	105008	2	7			1
105001101	105001	1	1	4104011;3000003	5;20000	1
105001102	105001	1	2	4104011;3000003	10;40000	1
105001103	105001	1	3	4104011;3000003	10;70000	1
105001104	105001	1	4	4104011;3000003	20;100000	1
105001105	105001	1	5	4104011;3000003	20;140000	1
105001106	105001	1	6	4104011;3000003	30;180000	1
105001107	105001	1	7	4104011;3000003	30;220000	1
105001108	105001	1	8	4104011;3000003	40;260000	1
105001109	105001	1	9	4104011;3000003	50;300000	1
105001110	105001	1	10			1
105001201	105001	2	1	4104011;3000003	10;10000	1
105001202	105001	2	2	4104011;3000003	20;40000	1
105001203	105001	2	3	4104011;3000003	30;90000	1
105001204	105001	2	4	4104011;3000003	40;160000	1
105001205	105001	2	5	4104011;3000003	50;250000	1
105001206	105001	2	6	4104011;3000003	60;360000	1
105001207	105001	2	7			1
105002101	105002	1	1	4104011;3000003	5;20000	1
105002102	105002	1	2	4104011;3000003	10;40000	1
105002103	105002	1	3	4104011;3000003	10;70000	1
105002104	105002	1	4	4104011;3000003	20;100000	1
105002105	105002	1	5	4104011;3000003	20;140000	1
105002106	105002	1	6	4104011;3000003	30;180000	1
105002107	105002	1	7	4104011;3000003	30;220000	1
105002108	105002	1	8	4104011;3000003	40;260000	1
105002109	105002	1	9	4104011;3000003	50;300000	1
105002110	105002	1	10			1
105002201	105002	2	1	4104011;3000003	10;10000	1
105002202	105002	2	2	4104011;3000003	20;40000	1
105002203	105002	2	3	4104011;3000003	30;90000	1
105002204	105002	2	4	4104011;3000003	40;160000	1
105002205	105002	2	5	4104011;3000003	50;250000	1
105002206	105002	2	6	4104011;3000003	60;360000	1
105002207	105002	2	7			1
105006101	105006	1	1	4104011;3000003	5;20000	1
105006102	105006	1	2	4104011;3000003	10;40000	1
105006103	105006	1	3	4104011;3000003	10;70000	1
105006104	105006	1	4	4104011;3000003	20;100000	1
105006105	105006	1	5	4104011;3000003	20;140000	1
105006106	105006	1	6	4104011;3000003	30;180000	1
105006107	105006	1	7	4104011;3000003	30;220000	1
105006108	105006	1	8	4104011;3000003	40;260000	1
105006109	105006	1	9	4104011;3000003	50;300000	1
105006110	105006	1	10			1
105006201	105006	2	1	4104011;3000003	10;10000	1
105006202	105006	2	2	4104011;3000003	20;40000	1
105006203	105006	2	3	4104011;3000003	30;90000	1
105006204	105006	2	4	4104011;3000003	40;160000	1
105006205	105006	2	5	4104011;3000003	50;250000	1
105006206	105006	2	6	4104011;3000003	60;360000	1
105006207	105006	2	7			1
106008101	106008	1	1	4104011;3000003	5;20000	1
106008102	106008	1	2	4104011;3000003	10;40000	1
106008103	106008	1	3	4104011;3000003	10;70000	1
106008104	106008	1	4	4104011;3000003	20;100000	1
106008105	106008	1	5	4104011;3000003	20;140000	1
106008106	106008	1	6	4104011;3000003	30;180000	1
106008107	106008	1	7	4104011;3000003	30;220000	1
106008108	106008	1	8	4104011;3000003	40;260000	1
106008109	106008	1	9	4104011;3000003	50;300000	1
106008110	106008	1	10			1
106008201	106008	2	1	4104011;3000003	10;10000	1
106008202	106008	2	2	4104011;3000003	20;40000	1
106008203	106008	2	3	4104011;3000003	30;90000	1
106008204	106008	2	4	4104011;3000003	40;160000	1
106008205	106008	2	5	4104011;3000003	50;250000	1
106008206	106008	2	6	4104011;3000003	60;360000	1
106008207	106008	2	7			1
106001101	106001	1	1	4104011;3000003	5;20000	1
106001102	106001	1	2	4104011;3000003	10;40000	1
106001103	106001	1	3	4104011;3000003	10;70000	1
106001104	106001	1	4	4104011;3000003	20;100000	1
106001105	106001	1	5	4104011;3000003	20;140000	1
106001106	106001	1	6	4104011;3000003	30;180000	1
106001107	106001	1	7	4104011;3000003	30;220000	1
106001108	106001	1	8	4104011;3000003	40;260000	1
106001109	106001	1	9	4104011;3000003	50;300000	1
106001110	106001	1	10			1
106001201	106001	2	1	4104011;3000003	10;10000	1
106001202	106001	2	2	4104011;3000003	20;40000	1
106001203	106001	2	3	4104011;3000003	30;90000	1
106001204	106001	2	4	4104011;3000003	40;160000	1
106001205	106001	2	5	4104011;3000003	50;250000	1
106001206	106001	2	6	4104011;3000003	60;360000	1
106001207	106001	2	7			1
106002101	106002	1	1	4104011;3000003	5;20000	1
106002102	106002	1	2	4104011;3000003	10;40000	1
106002103	106002	1	3	4104011;3000003	10;70000	1
106002104	106002	1	4	4104011;3000003	20;100000	1
106002105	106002	1	5	4104011;3000003	20;140000	1
106002106	106002	1	6	4104011;3000003	30;180000	1
106002107	106002	1	7	4104011;3000003	30;220000	1
106002108	106002	1	8	4104011;3000003	40;260000	1
106002109	106002	1	9	4104011;3000003	50;300000	1
106002110	106002	1	10			1
106002201	106002	2	1	4104011;3000003	10;10000	1
106002202	106002	2	2	4104011;3000003	20;40000	1
106002203	106002	2	3	4104011;3000003	30;90000	1
106002204	106002	2	4	4104011;3000003	40;160000	1
106002205	106002	2	5	4104011;3000003	50;250000	1
106002206	106002	2	6	4104011;3000003	60;360000	1
106002207	106002	2	7			1
106010101	106010	1	1	4104011;3000003	5;20000	1
106010102	106010	1	2	4104011;3000003	10;40000	1
106010103	106010	1	3	4104011;3000003	10;70000	1
106010104	106010	1	4	4104011;3000003	20;100000	1
106010105	106010	1	5	4104011;3000003	20;140000	1
106010106	106010	1	6	4104011;3000003	30;180000	1
106010107	106010	1	7	4104011;3000003	30;220000	1
106010108	106010	1	8	4104011;3000003	40;260000	1
106010109	106010	1	9	4104011;3000003	50;300000	1
106010110	106010	1	10			1
106010201	106010	2	1	4104011;3000003	10;10000	1
106010202	106010	2	2	4104011;3000003	20;40000	1
106010203	106010	2	3	4104011;3000003	30;90000	1
106010204	106010	2	4	4104011;3000003	40;160000	1
106010205	106010	2	5	4104011;3000003	50;250000	1
106010206	106010	2	6	4104011;3000003	60;360000	1
106010207	106010	2	7			1
107008101	107008	1	1	4104011;3000003	5;20000	1
107008102	107008	1	2	4104011;3000003	10;40000	1
107008103	107008	1	3	4104011;3000003	10;70000	1
107008104	107008	1	4	4104011;3000003	20;100000	1
107008105	107008	1	5	4104011;3000003	20;140000	1
107008106	107008	1	6	4104011;3000003	30;180000	1
107008107	107008	1	7	4104011;3000003	30;220000	1
107008108	107008	1	8	4104011;3000003	40;260000	1
107008109	107008	1	9	4104011;3000003	50;300000	1
107008110	107008	1	10			1
107008201	107008	2	1	4104011;3000003	10;10000	1
107008202	107008	2	2	4104011;3000003	20;40000	1
107008203	107008	2	3	4104011;3000003	30;90000	1
107008204	107008	2	4	4104011;3000003	40;160000	1
107008205	107008	2	5	4104011;3000003	50;250000	1
107008206	107008	2	6	4104011;3000003	60;360000	1
107008207	107008	2	7			1
107001101	107001	1	1	4104011;3000003	5;20000	1
107001102	107001	1	2	4104011;3000003	10;40000	1
107001103	107001	1	3	4104011;3000003	10;70000	1
107001104	107001	1	4	4104011;3000003	20;100000	1
107001105	107001	1	5	4104011;3000003	20;140000	1
107001106	107001	1	6	4104011;3000003	30;180000	1
107001107	107001	1	7	4104011;3000003	30;220000	1
107001108	107001	1	8	4104011;3000003	40;260000	1
107001109	107001	1	9	4104011;3000003	50;300000	1
107001110	107001	1	10			1
107001201	107001	2	1	4104011;3000003	10;10000	1
107001202	107001	2	2	4104011;3000003	20;40000	1
107001203	107001	2	3	4104011;3000003	30;90000	1
107001204	107001	2	4	4104011;3000003	40;160000	1
107001205	107001	2	5	4104011;3000003	50;250000	1
107001206	107001	2	6	4104011;3000003	60;360000	1
107001207	107001	2	7			1
107005101	107005	1	1	4104011;3000003	5;20000	1
107005102	107005	1	2	4104011;3000003	10;40000	1
107005103	107005	1	3	4104011;3000003	10;70000	1
107005104	107005	1	4	4104011;3000003	20;100000	1
107005105	107005	1	5	4104011;3000003	20;140000	1
107005106	107005	1	6	4104011;3000003	30;180000	1
107005107	107005	1	7	4104011;3000003	30;220000	1
107005108	107005	1	8	4104011;3000003	40;260000	1
107005109	107005	1	9	4104011;3000003	50;300000	1
107005110	107005	1	10			1
107005201	107005	2	1	4104011;3000003	10;10000	1
107005202	107005	2	2	4104011;3000003	20;40000	1
107005203	107005	2	3	4104011;3000003	30;90000	1
107005204	107005	2	4	4104011;3000003	40;160000	1
107005205	107005	2	5	4104011;3000003	50;250000	1
107005206	107005	2	6	4104011;3000003	60;360000	1
107005207	107005	2	7			1
108008101	108008	1	1	4104011;3000003	5;20000	1
108008102	108008	1	2	4104011;3000003	10;40000	1
108008103	108008	1	3	4104011;3000003	10;70000	1
108008104	108008	1	4	4104011;3000003	20;100000	1
108008105	108008	1	5	4104011;3000003	20;140000	1
108008106	108008	1	6	4104011;3000003	30;180000	1
108008107	108008	1	7	4104011;3000003	30;220000	1
108008108	108008	1	8	4104011;3000003	40;260000	1
108008109	108008	1	9	4104011;3000003	50;300000	1
108008110	108008	1	10			1
108008201	108008	2	1	4104011;3000003	10;10000	1
108008202	108008	2	2	4104011;3000003	20;40000	1
108008203	108008	2	3	4104011;3000003	30;90000	1
108008204	108008	2	4	4104011;3000003	40;160000	1
108008205	108008	2	5	4104011;3000003	50;250000	1
108008206	108008	2	6	4104011;3000003	60;360000	1
108008207	108008	2	7			1
108001101	108001	1	1	4104011;3000003	5;20000	1
108001102	108001	1	2	4104011;3000003	10;40000	1
108001103	108001	1	3	4104011;3000003	10;70000	1
108001104	108001	1	4	4104011;3000003	20;100000	1
108001105	108001	1	5	4104011;3000003	20;140000	1
108001106	108001	1	6	4104011;3000003	30;180000	1
108001107	108001	1	7	4104011;3000003	30;220000	1
108001108	108001	1	8	4104011;3000003	40;260000	1
108001109	108001	1	9	4104011;3000003	50;300000	1
108001110	108001	1	10			1
108001201	108001	2	1	4104011;3000003	10;10000	1
108001202	108001	2	2	4104011;3000003	20;40000	1
108001203	108001	2	3	4104011;3000003	30;90000	1
108001204	108001	2	4	4104011;3000003	40;160000	1
108001205	108001	2	5	4104011;3000003	50;250000	1
108001206	108001	2	6	4104011;3000003	60;360000	1
108001207	108001	2	7			1
108006101	108006	1	1	4104011;3000003	5;20000	1
108006102	108006	1	2	4104011;3000003	10;40000	1
108006103	108006	1	3	4104011;3000003	10;70000	1
108006104	108006	1	4	4104011;3000003	20;100000	1
108006105	108006	1	5	4104011;3000003	20;140000	1
108006106	108006	1	6	4104011;3000003	30;180000	1
108006107	108006	1	7	4104011;3000003	30;220000	1
108006108	108006	1	8	4104011;3000003	40;260000	1
108006109	108006	1	9	4104011;3000003	50;300000	1
108006110	108006	1	10			1
108006201	108006	2	1	4104011;3000003	10;10000	1
108006202	108006	2	2	4104011;3000003	20;40000	1
108006203	108006	2	3	4104011;3000003	30;90000	1
108006204	108006	2	4	4104011;3000003	40;160000	1
108006205	108006	2	5	4104011;3000003	50;250000	1
108006206	108006	2	6	4104011;3000003	60;360000	1
108006207	108006	2	7			1
108004101	108004	1	1	4104011;3000003	5;20000	1
108004102	108004	1	2	4104011;3000003	10;40000	1
108004103	108004	1	3	4104011;3000003	10;70000	1
108004104	108004	1	4	4104011;3000003	20;100000	1
108004105	108004	1	5	4104011;3000003	20;140000	1
108004106	108004	1	6	4104011;3000003	30;180000	1
108004107	108004	1	7	4104011;3000003	30;220000	1
108004108	108004	1	8	4104011;3000003	40;260000	1
108004109	108004	1	9	4104011;3000003	50;300000	1
108004110	108004	1	10			1
108004201	108004	2	1	4104011;3000003	10;10000	1
108004202	108004	2	2	4104011;3000003	20;40000	1
108004203	108004	2	3	4104011;3000003	30;90000	1
108004204	108004	2	4	4104011;3000003	40;160000	1
108004205	108004	2	5	4104011;3000003	50;250000	1
108004206	108004	2	6	4104011;3000003	60;360000	1
108004207	108004	2	7			1
109008101	109008	1	1	4104011;3000003	5;20000	1
109008102	109008	1	2	4104011;3000003	10;40000	1
109008103	109008	1	3	4104011;3000003	10;70000	1
109008104	109008	1	4	4104011;3000003	20;100000	1
109008105	109008	1	5	4104011;3000003	20;140000	1
109008106	109008	1	6	4104011;3000003	30;180000	1
109008107	109008	1	7	4104011;3000003	30;220000	1
109008108	109008	1	8	4104011;3000003	40;260000	1
109008109	109008	1	9	4104011;3000003	50;300000	1
109008110	109008	1	10			1
109008201	109008	2	1	4104011;3000003	10;10000	1
109008202	109008	2	2	4104011;3000003	20;40000	1
109008203	109008	2	3	4104011;3000003	30;90000	1
109008204	109008	2	4	4104011;3000003	40;160000	1
109008205	109008	2	5	4104011;3000003	50;250000	1
109008206	109008	2	6	4104011;3000003	60;360000	1
109008207	109008	2	7			1
110008101	110008	1	1	4104011;3000003	5;20000	1
110008102	110008	1	2	4104011;3000003	10;40000	1
110008103	110008	1	3	4104011;3000003	10;70000	1
110008104	110008	1	4	4104011;3000003	20;100000	1
110008105	110008	1	5	4104011;3000003	20;140000	1
110008106	110008	1	6	4104011;3000003	30;180000	1
110008107	110008	1	7	4104011;3000003	30;220000	1
110008108	110008	1	8	4104011;3000003	40;260000	1
110008109	110008	1	9	4104011;3000003	50;300000	1
110008110	110008	1	10			1
110008201	110008	2	1	4104011;3000003	10;10000	1
110008202	110008	2	2	4104011;3000003	20;40000	1
110008203	110008	2	3	4104011;3000003	30;90000	1
110008204	110008	2	4	4104011;3000003	40;160000	1
110008205	110008	2	5	4104011;3000003	50;250000	1
110008206	110008	2	6	4104011;3000003	60;360000	1
110008207	110008	2	7			1
111008101	111008	1	1	4104011;3000003	5;20000	1
111008102	111008	1	2	4104011;3000003	10;40000	1
111008103	111008	1	3	4104011;3000003	10;70000	1
111008104	111008	1	4	4104011;3000003	20;100000	1
111008105	111008	1	5	4104011;3000003	20;140000	1
111008106	111008	1	6	4104011;3000003	30;180000	1
111008107	111008	1	7	4104011;3000003	30;220000	1
111008108	111008	1	8	4104011;3000003	40;260000	1
111008109	111008	1	9	4104011;3000003	50;300000	1
111008110	111008	1	10			1
111008201	111008	2	1	4104011;3000003	10;10000	1
111008202	111008	2	2	4104011;3000003	20;40000	1
111008203	111008	2	3	4104011;3000003	30;90000	1
111008204	111008	2	4	4104011;3000003	40;160000	1
111008205	111008	2	5	4104011;3000003	50;250000	1
111008206	111008	2	6	4104011;3000003	60;360000	1
111008207	111008	2	7			1
111002101	111002	1	1	4104011;3000003	5;20000	1
111002102	111002	1	2	4104011;3000003	10;40000	1
111002103	111002	1	3	4104011;3000003	10;70000	1
111002104	111002	1	4	4104011;3000003	20;100000	1
111002105	111002	1	5	4104011;3000003	20;140000	1
111002106	111002	1	6	4104011;3000003	30;180000	1
111002107	111002	1	7	4104011;3000003	30;220000	1
111002108	111002	1	8	4104011;3000003	40;260000	1
111002109	111002	1	9	4104011;3000003	50;300000	1
111002110	111002	1	10			1
111002201	111002	2	1	4104011;3000003	10;10000	1
111002202	111002	2	2	4104011;3000003	20;40000	1
111002203	111002	2	3	4104011;3000003	30;90000	1
111002204	111002	2	4	4104011;3000003	40;160000	1
111002205	111002	2	5	4104011;3000003	50;250000	1
111002206	111002	2	6	4104011;3000003	60;360000	1
111002207	111002	2	7			1
112008101	112008	1	1	4104011;3000003	5;20000	1
112008102	112008	1	2	4104011;3000003	10;40000	1
112008103	112008	1	3	4104011;3000003	10;70000	1
112008104	112008	1	4	4104011;3000003	20;100000	1
112008105	112008	1	5	4104011;3000003	20;140000	1
112008106	112008	1	6	4104011;3000003	30;180000	1
112008107	112008	1	7	4104011;3000003	30;220000	1
112008108	112008	1	8	4104011;3000003	40;260000	1
112008109	112008	1	9	4104011;3000003	50;300000	1
112008110	112008	1	10			1
112008201	112008	2	1	4104011;3000003	10;10000	1
112008202	112008	2	2	4104011;3000003	20;40000	1
112008203	112008	2	3	4104011;3000003	30;90000	1
112008204	112008	2	4	4104011;3000003	40;160000	1
112008205	112008	2	5	4104011;3000003	50;250000	1
112008206	112008	2	6	4104011;3000003	60;360000	1
112008207	112008	2	7			1
112002101	112002	1	1	4104011;3000003	5;20000	1
112002102	112002	1	2	4104011;3000003	10;40000	1
112002103	112002	1	3	4104011;3000003	10;70000	1
112002104	112002	1	4	4104011;3000003	20;100000	1
112002105	112002	1	5	4104011;3000003	20;140000	1
112002106	112002	1	6	4104011;3000003	30;180000	1
112002107	112002	1	7	4104011;3000003	30;220000	1
112002108	112002	1	8	4104011;3000003	40;260000	1
112002109	112002	1	9	4104011;3000003	50;300000	1
112002110	112002	1	10			1
112002201	112002	2	1	4104011;3000003	10;10000	1
112002202	112002	2	2	4104011;3000003	20;40000	1
112002203	112002	2	3	4104011;3000003	30;90000	1
112002204	112002	2	4	4104011;3000003	40;160000	1
112002205	112002	2	5	4104011;3000003	50;250000	1
112002206	112002	2	6	4104011;3000003	60;360000	1
112002207	112002	2	7			1
113008101	113008	1	1	4104011;3000003	5;20000	1
113008102	113008	1	2	4104011;3000003	10;40000	1
113008103	113008	1	3	4104011;3000003	10;70000	1
113008104	113008	1	4	4104011;3000003	20;100000	1
113008105	113008	1	5	4104011;3000003	20;140000	1
113008106	113008	1	6	4104011;3000003	30;180000	1
113008107	113008	1	7	4104011;3000003	30;220000	1
113008108	113008	1	8	4104011;3000003	40;260000	1
113008109	113008	1	9	4104011;3000003	50;300000	1
113008110	113008	1	10			1
113008201	113008	2	1	4104011;3000003	10;10000	1
113008202	113008	2	2	4104011;3000003	20;40000	1
113008203	113008	2	3	4104011;3000003	30;90000	1
113008204	113008	2	4	4104011;3000003	40;160000	1
113008205	113008	2	5	4104011;3000003	50;250000	1
113008206	113008	2	6	4104011;3000003	60;360000	1
113008207	113008	2	7			1
113001101	113001	1	1	4104011;3000003	5;20000	1
113001102	113001	1	2	4104011;3000003	10;40000	1
113001103	113001	1	3	4104011;3000003	10;70000	1
113001104	113001	1	4	4104011;3000003	20;100000	1
113001105	113001	1	5	4104011;3000003	20;140000	1
113001106	113001	1	6	4104011;3000003	30;180000	1
113001107	113001	1	7	4104011;3000003	30;220000	1
113001108	113001	1	8	4104011;3000003	40;260000	1
113001109	113001	1	9	4104011;3000003	50;300000	1
113001110	113001	1	10			1
113001201	113001	2	1	4104011;3000003	10;10000	1
113001202	113001	2	2	4104011;3000003	20;40000	1
113001203	113001	2	3	4104011;3000003	30;90000	1
113001204	113001	2	4	4104011;3000003	40;160000	1
113001205	113001	2	5	4104011;3000003	50;250000	1
113001206	113001	2	6	4104011;3000003	60;360000	1
113001207	113001	2	7			1
114008101	114008	1	1	4104011;3000003	5;20000	1
114008102	114008	1	2	4104011;3000003	10;40000	1
114008103	114008	1	3	4104011;3000003	10;70000	1
114008104	114008	1	4	4104011;3000003	20;100000	1
114008105	114008	1	5	4104011;3000003	20;140000	1
114008106	114008	1	6	4104011;3000003	30;180000	1
114008107	114008	1	7	4104011;3000003	30;220000	1
114008108	114008	1	8	4104011;3000003	40;260000	1
114008109	114008	1	9	4104011;3000003	50;300000	1
114008110	114008	1	10			1
114008201	114008	2	1	4104011;3000003	10;10000	1
114008202	114008	2	2	4104011;3000003	20;40000	1
114008203	114008	2	3	4104011;3000003	30;90000	1
114008204	114008	2	4	4104011;3000003	40;160000	1
114008205	114008	2	5	4104011;3000003	50;250000	1
114008206	114008	2	6	4104011;3000003	60;360000	1
114008207	114008	2	7			1
114001101	114001	1	1	4104011;3000003	5;20000	1
114001102	114001	1	2	4104011;3000003	10;40000	1
114001103	114001	1	3	4104011;3000003	10;70000	1
114001104	114001	1	4	4104011;3000003	20;100000	1
114001105	114001	1	5	4104011;3000003	20;140000	1
114001106	114001	1	6	4104011;3000003	30;180000	1
114001107	114001	1	7	4104011;3000003	30;220000	1
114001108	114001	1	8	4104011;3000003	40;260000	1
114001109	114001	1	9	4104011;3000003	50;300000	1
114001110	114001	1	10			1
114001201	114001	2	1	4104011;3000003	10;10000	1
114001202	114001	2	2	4104011;3000003	20;40000	1
114001203	114001	2	3	4104011;3000003	30;90000	1
114001204	114001	2	4	4104011;3000003	40;160000	1
114001205	114001	2	5	4104011;3000003	50;250000	1
114001206	114001	2	6	4104011;3000003	60;360000	1
114001207	114001	2	7			1
904001101	904001	1	1	4104011;3000003	5;20000	1
904001102	904001	1	2	4104011;3000003	10;40000	1
904001103	904001	1	3	4104011;3000003	10;70000	1
904001104	904001	1	4	4104011;3000003	20;100000	1
904001105	904001	1	5	4104011;3000003	20;140000	1
904001106	904001	1	6	4104011;3000003	30;180000	1
904001107	904001	1	7	4104011;3000003	30;220000	1
904001108	904001	1	8	4104011;3000003	40;260000	1
904001109	904001	1	9	4104011;3000003	50;300000	1
904001110	904001	1	10			1
904001201	904001	2	1	4104011;3000003	10;10000	1
904001202	904001	2	2	4104011;3000003	20;40000	1
904001203	904001	2	3	4104011;3000003	30;90000	1
904001204	904001	2	4	4104011;3000003	40;160000	1
904001205	904001	2	5	4104011;3000003	50;250000	1
904001206	904001	2	6	4104011;3000003	60;360000	1
904001207	904001	2	7			1
904002101	904002	1	1	4104011;3000003	5;20000	1
904002102	904002	1	2	4104011;3000003	10;40000	1
904002103	904002	1	3	4104011;3000003	10;70000	1
904002104	904002	1	4	4104011;3000003	20;100000	1
904002105	904002	1	5	4104011;3000003	20;140000	1
904002106	904002	1	6	4104011;3000003	30;180000	1
904002107	904002	1	7	4104011;3000003	30;220000	1
904002108	904002	1	8	4104011;3000003	40;260000	1
904002109	904002	1	9	4104011;3000003	50;300000	1
904002110	904002	1	10			1
904002201	904002	2	1	4104011;3000003	10;10000	1
904002202	904002	2	2	4104011;3000003	20;40000	1
904002203	904002	2	3	4104011;3000003	30;90000	1
904002204	904002	2	4	4104011;3000003	40;160000	1
904002205	904002	2	5	4104011;3000003	50;250000	1
904002206	904002	2	6	4104011;3000003	60;360000	1
904002207	904002	2	7			1
904005101	904005	1	1	4104011;3000003	5;20000	1
904005102	904005	1	2	4104011;3000003	10;40000	1
904005103	904005	1	3	4104011;3000003	10;70000	1
904005104	904005	1	4	4104011;3000003	20;100000	1
904005105	904005	1	5	4104011;3000003	20;140000	1
904005106	904005	1	6	4104011;3000003	30;180000	1
904005107	904005	1	7	4104011;3000003	30;220000	1
904005108	904005	1	8	4104011;3000003	40;260000	1
904005109	904005	1	9	4104011;3000003	50;300000	1
904005110	904005	1	10			1
904005201	904005	2	1	4104011;3000003	10;10000	1
904005202	904005	2	2	4104011;3000003	20;40000	1
904005203	904005	2	3	4104011;3000003	30;90000	1
904005204	904005	2	4	4104011;3000003	40;160000	1
904005205	904005	2	5	4104011;3000003	50;250000	1
904005206	904005	2	6	4104011;3000003	60;360000	1
904005207	904005	2	7			1
904006101	904006	1	1	4104011;3000003	5;20000	1
904006102	904006	1	2	4104011;3000003	10;40000	1
904006103	904006	1	3	4104011;3000003	10;70000	1
904006104	904006	1	4	4104011;3000003	20;100000	1
904006105	904006	1	5	4104011;3000003	20;140000	1
904006106	904006	1	6	4104011;3000003	30;180000	1
904006107	904006	1	7	4104011;3000003	30;220000	1
904006108	904006	1	8	4104011;3000003	40;260000	1
904006109	904006	1	9	4104011;3000003	50;300000	1
904006110	904006	1	10			1
904006201	904006	2	1	4104011;3000003	10;10000	1
904006202	904006	2	2	4104011;3000003	20;40000	1
904006203	904006	2	3	4104011;3000003	30;90000	1
904006204	904006	2	4	4104011;3000003	40;160000	1
904006205	904006	2	5	4104011;3000003	50;250000	1
904006206	904006	2	6	4104011;3000003	60;360000	1
904006207	904006	2	7			1
904009101	904009	1	1	4104011;3000003	5;20000	1
904009102	904009	1	2	4104011;3000003	10;40000	1
904009103	904009	1	3	4104011;3000003	10;70000	1
904009104	904009	1	4	4104011;3000003	20;100000	1
904009105	904009	1	5	4104011;3000003	20;140000	1
904009106	904009	1	6	4104011;3000003	30;180000	1
904009107	904009	1	7	4104011;3000003	30;220000	1
904009108	904009	1	8	4104011;3000003	40;260000	1
904009109	904009	1	9	4104011;3000003	50;300000	1
904009110	904009	1	10			1
904009201	904009	2	1	4104011;3000003	10;10000	1
904009202	904009	2	2	4104011;3000003	20;40000	1
904009203	904009	2	3	4104011;3000003	30;90000	1
904009204	904009	2	4	4104011;3000003	40;160000	1
904009205	904009	2	5	4104011;3000003	50;250000	1
904009206	904009	2	6	4104011;3000003	60;360000	1
904009207	904009	2	7			1
904010101	904010	1	1	4104011;3000003	5;20000	1
904010102	904010	1	2	4104011;3000003	10;40000	1
904010103	904010	1	3	4104011;3000003	10;70000	1
904010104	904010	1	4	4104011;3000003	20;100000	1
904010105	904010	1	5	4104011;3000003	20;140000	1
904010106	904010	1	6	4104011;3000003	30;180000	1
904010107	904010	1	7	4104011;3000003	30;220000	1
904010108	904010	1	8	4104011;3000003	40;260000	1
904010109	904010	1	9	4104011;3000003	50;300000	1
904010110	904010	1	10			1
904010201	904010	2	1	4104011;3000003	10;10000	1
904010202	904010	2	2	4104011;3000003	20;40000	1
904010203	904010	2	3	4104011;3000003	30;90000	1
904010204	904010	2	4	4104011;3000003	40;160000	1
904010205	904010	2	5	4104011;3000003	50;250000	1
904010206	904010	2	6	4104011;3000003	60;360000	1
904010207	904010	2	7			1
904014101	904014	1	1	4104011;3000003	5;20000	1
904014102	904014	1	2	4104011;3000003	10;40000	1
904014103	904014	1	3	4104011;3000003	10;70000	1
904014104	904014	1	4	4104011;3000003	20;100000	1
904014105	904014	1	5	4104011;3000003	20;140000	1
904014106	904014	1	6	4104011;3000003	30;180000	1
904014107	904014	1	7	4104011;3000003	30;220000	1
904014108	904014	1	8	4104011;3000003	40;260000	1
904014109	904014	1	9	4104011;3000003	50;300000	1
904014110	904014	1	10			1
904014201	904014	2	1	4104011;3000003	10;10000	1
904014202	904014	2	2	4104011;3000003	20;40000	1
904014203	904014	2	3	4104011;3000003	30;90000	1
904014204	904014	2	4	4104011;3000003	40;160000	1
904014205	904014	2	5	4104011;3000003	50;250000	1
904014206	904014	2	6	4104011;3000003	60;360000	1
904014207	904014	2	7			1
904015101	904015	1	1	4104011;3000003	5;20000	1
904015102	904015	1	2	4104011;3000003	10;40000	1
904015103	904015	1	3	4104011;3000003	10;70000	1
904015104	904015	1	4	4104011;3000003	20;100000	1
904015105	904015	1	5	4104011;3000003	20;140000	1
904015106	904015	1	6	4104011;3000003	30;180000	1
904015107	904015	1	7	4104011;3000003	30;220000	1
904015108	904015	1	8	4104011;3000003	40;260000	1
904015109	904015	1	9	4104011;3000003	50;300000	1
904015110	904015	1	10			1
904015201	904015	2	1	4104011;3000003	10;10000	1
904015202	904015	2	2	4104011;3000003	20;40000	1
904015203	904015	2	3	4104011;3000003	30;90000	1
904015204	904015	2	4	4104011;3000003	40;160000	1
904015205	904015	2	5	4104011;3000003	50;250000	1
904015206	904015	2	6	4104011;3000003	60;360000	1
904015207	904015	2	7			1
904020101	904020	1	1	4104011;3000003	5;20000	1
904020102	904020	1	2	4104011;3000003	10;40000	1
904020103	904020	1	3	4104011;3000003	10;70000	1
904020104	904020	1	4	4104011;3000003	20;100000	1
904020105	904020	1	5	4104011;3000003	20;140000	1
904020106	904020	1	6	4104011;3000003	30;180000	1
904020107	904020	1	7	4104011;3000003	30;220000	1
904020108	904020	1	8	4104011;3000003	40;260000	1
904020109	904020	1	9	4104011;3000003	50;300000	1
904020110	904020	1	10			1
904020201	904020	2	1	4104011;3000003	10;10000	1
904020202	904020	2	2	4104011;3000003	20;40000	1
904020203	904020	2	3	4104011;3000003	30;90000	1
904020204	904020	2	4	4104011;3000003	40;160000	1
904020205	904020	2	5	4104011;3000003	50;250000	1
904020206	904020	2	6	4104011;3000003	60;360000	1
904020207	904020	2	7			1
904022101	904022	1	1	4104011;3000003	5;20000	1
904022102	904022	1	2	4104011;3000003	10;40000	1
904022103	904022	1	3	4104011;3000003	10;70000	1
904022104	904022	1	4	4104011;3000003	20;100000	1
904022105	904022	1	5	4104011;3000003	20;140000	1
904022106	904022	1	6	4104011;3000003	30;180000	1
904022107	904022	1	7	4104011;3000003	30;220000	1
904022108	904022	1	8	4104011;3000003	40;260000	1
904022109	904022	1	9	4104011;3000003	50;300000	1
904022110	904022	1	10			1
904022201	904022	2	1	4104011;3000003	10;10000	1
904022202	904022	2	2	4104011;3000003	20;40000	1
904022203	904022	2	3	4104011;3000003	30;90000	1
904022204	904022	2	4	4104011;3000003	40;160000	1
904022205	904022	2	5	4104011;3000003	50;250000	1
904022206	904022	2	6	4104011;3000003	60;360000	1
904022207	904022	2	7			1
904025101	904025	1	1	4104011;3000003	5;20000	1
904025102	904025	1	2	4104011;3000003	10;40000	1
904025103	904025	1	3	4104011;3000003	10;70000	1
904025104	904025	1	4	4104011;3000003	20;100000	1
904025105	904025	1	5	4104011;3000003	20;140000	1
904025106	904025	1	6	4104011;3000003	30;180000	1
904025107	904025	1	7	4104011;3000003	30;220000	1
904025108	904025	1	8	4104011;3000003	40;260000	1
904025109	904025	1	9	4104011;3000003	50;300000	1
904025110	904025	1	10			1
904025201	904025	2	1	4104011;3000003	10;10000	1
904025202	904025	2	2	4104011;3000003	20;40000	1
904025203	904025	2	3	4104011;3000003	30;90000	1
904025204	904025	2	4	4104011;3000003	40;160000	1
904025205	904025	2	5	4104011;3000003	50;250000	1
904025206	904025	2	6	4104011;3000003	60;360000	1
904025207	904025	2	7			1
904026101	904026	1	1	4104011;3000003	5;20000	1
904026102	904026	1	2	4104011;3000003	10;40000	1
904026103	904026	1	3	4104011;3000003	10;70000	1
904026104	904026	1	4	4104011;3000003	20;100000	1
904026105	904026	1	5	4104011;3000003	20;140000	1
904026106	904026	1	6	4104011;3000003	30;180000	1
904026107	904026	1	7	4104011;3000003	30;220000	1
904026108	904026	1	8	4104011;3000003	40;260000	1
904026109	904026	1	9	4104011;3000003	50;300000	1
904026110	904026	1	10			1
904026201	904026	2	1	4104011;3000003	10;10000	1
904026202	904026	2	2	4104011;3000003	20;40000	1
904026203	904026	2	3	4104011;3000003	30;90000	1
904026204	904026	2	4	4104011;3000003	40;160000	1
904026205	904026	2	5	4104011;3000003	50;250000	1
904026206	904026	2	6	4104011;3000003	60;360000	1
904026207	904026	2	7			1
904031101	904031	1	1	4104011;3000003	5;20000	1
904031102	904031	1	2	4104011;3000003	10;40000	1
904031103	904031	1	3	4104011;3000003	10;70000	1
904031104	904031	1	4	4104011;3000003	20;100000	1
904031105	904031	1	5	4104011;3000003	20;140000	1
904031106	904031	1	6	4104011;3000003	30;180000	1
904031107	904031	1	7	4104011;3000003	30;220000	1
904031108	904031	1	8	4104011;3000003	40;260000	1
904031109	904031	1	9	4104011;3000003	50;300000	1
904031110	904031	1	10			1
904031201	904031	2	1	4104011;3000003	10;10000	1
904031202	904031	2	2	4104011;3000003	20;40000	1
904031203	904031	2	3	4104011;3000003	30;90000	1
904031204	904031	2	4	4104011;3000003	40;160000	1
904031205	904031	2	5	4104011;3000003	50;250000	1
904031206	904031	2	6	4104011;3000003	60;360000	1
904031207	904031	2	7			1
904033101	904033	1	1	4104011;3000003	5;20000	1
904033102	904033	1	2	4104011;3000003	10;40000	1
904033103	904033	1	3	4104011;3000003	10;70000	1
904033104	904033	1	4	4104011;3000003	20;100000	1
904033105	904033	1	5	4104011;3000003	20;140000	1
904033106	904033	1	6	4104011;3000003	30;180000	1
904033107	904033	1	7	4104011;3000003	30;220000	1
904033108	904033	1	8	4104011;3000003	40;260000	1
904033109	904033	1	9	4104011;3000003	50;300000	1
904033110	904033	1	10			1
904033201	904033	2	1	4104011;3000003	10;10000	1
904033202	904033	2	2	4104011;3000003	20;40000	1
904033203	904033	2	3	4104011;3000003	30;90000	1
904033204	904033	2	4	4104011;3000003	40;160000	1
904033205	904033	2	5	4104011;3000003	50;250000	1
904033206	904033	2	6	4104011;3000003	60;360000	1
904033207	904033	2	7			1
904034101	904034	1	1	4104011;3000003	5;20000	1
904034102	904034	1	2	4104011;3000003	10;40000	1
904034103	904034	1	3	4104011;3000003	10;70000	1
904034104	904034	1	4	4104011;3000003	20;100000	1
904034105	904034	1	5	4104011;3000003	20;140000	1
904034106	904034	1	6	4104011;3000003	30;180000	1
904034107	904034	1	7	4104011;3000003	30;220000	1
904034108	904034	1	8	4104011;3000003	40;260000	1
904034109	904034	1	9	4104011;3000003	50;300000	1
904034110	904034	1	10			1
904034201	904034	2	1	4104011;3000003	10;10000	1
904034202	904034	2	2	4104011;3000003	20;40000	1
904034203	904034	2	3	4104011;3000003	30;90000	1
904034204	904034	2	4	4104011;3000003	40;160000	1
904034205	904034	2	5	4104011;3000003	50;250000	1
904034206	904034	2	6	4104011;3000003	60;360000	1
904034207	904034	2	7			1
904041101	904041	1	1	4104011;3000003	5;20000	1
904041102	904041	1	2	4104011;3000003	10;40000	1
904041103	904041	1	3	4104011;3000003	10;70000	1
904041104	904041	1	4	4104011;3000003	20;100000	1
904041105	904041	1	5	4104011;3000003	20;140000	1
904041106	904041	1	6	4104011;3000003	30;180000	1
904041107	904041	1	7	4104011;3000003	30;220000	1
904041108	904041	1	8	4104011;3000003	40;260000	1
904041109	904041	1	9	4104011;3000003	50;300000	1
904041110	904041	1	10			1
904041201	904041	2	1	4104011;3000003	10;10000	1
904041202	904041	2	2	4104011;3000003	20;40000	1
904041203	904041	2	3	4104011;3000003	30;90000	1
904041204	904041	2	4	4104011;3000003	40;160000	1
904041205	904041	2	5	4104011;3000003	50;250000	1
904041206	904041	2	6	4104011;3000003	60;360000	1
904041207	904041	2	7			1
904043101	904043	1	1	4104011;3000003	5;20000	1
904043102	904043	1	2	4104011;3000003	10;40000	1
904043103	904043	1	3	4104011;3000003	10;70000	1
904043104	904043	1	4	4104011;3000003	20;100000	1
904043105	904043	1	5	4104011;3000003	20;140000	1
904043106	904043	1	6	4104011;3000003	30;180000	1
904043107	904043	1	7	4104011;3000003	30;220000	1
904043108	904043	1	8	4104011;3000003	40;260000	1
904043109	904043	1	9	4104011;3000003	50;300000	1
904043110	904043	1	10			1
904043201	904043	2	1	4104011;3000003	10;10000	1
904043202	904043	2	2	4104011;3000003	20;40000	1
904043203	904043	2	3	4104011;3000003	30;90000	1
904043204	904043	2	4	4104011;3000003	40;160000	1
904043205	904043	2	5	4104011;3000003	50;250000	1
904043206	904043	2	6	4104011;3000003	60;360000	1
904043207	904043	2	7			1
908002101	908002	1	1	4104011;3000003	5;20000	1
908002102	908002	1	2	4104011;3000003	10;40000	1
908002103	908002	1	3	4104011;3000003	10;70000	1
908002104	908002	1	4	4104011;3000003	20;100000	1
908002105	908002	1	5	4104011;3000003	20;140000	1
908002106	908002	1	6	4104011;3000003	30;180000	1
908002107	908002	1	7	4104011;3000003	30;220000	1
908002108	908002	1	8	4104011;3000003	40;260000	1
908002109	908002	1	9	4104011;3000003	50;300000	1
908002110	908002	1	10			1
908002201	908002	2	1	4104011;3000003	10;10000	1
908002202	908002	2	2	4104011;3000003	20;40000	1
908002203	908002	2	3	4104011;3000003	30;90000	1
908002204	908002	2	4	4104011;3000003	40;160000	1
908002205	908002	2	5	4104011;3000003	50;250000	1
908002206	908002	2	6	4104011;3000003	60;360000	1
908002207	908002	2	7			1
115008101	115008	1	1	4104011;3000003	5;20000	1
115008102	115008	1	2	4104011;3000003	10;40000	1
115008103	115008	1	3	4104011;3000003	10;70000	1
115008104	115008	1	4	4104011;3000003	20;100000	1
115008105	115008	1	5	4104011;3000003	20;140000	1
115008106	115008	1	6	4104011;3000003	30;180000	1
115008107	115008	1	7	4104011;3000003	30;220000	1
115008108	115008	1	8	4104011;3000003	40;260000	1
115008109	115008	1	9	4104011;3000003	50;300000	1
115008110	115008	1	10			1
115008201	115008	2	1	4104011;3000003	10;10000	1
115008202	115008	2	2	4104011;3000003	20;40000	1
115008203	115008	2	3	4104011;3000003	30;90000	1
115008204	115008	2	4	4104011;3000003	40;160000	1
115008205	115008	2	5	4104011;3000003	50;250000	1
115008206	115008	2	6	4104011;3000003	60;360000	1
115008207	115008	2	7			1
127008101	127008	1	1	4104011;3000003	5;20000	1
127008102	127008	1	2	4104011;3000003	10;40000	1
127008103	127008	1	3	4104011;3000003	10;70000	1
127008104	127008	1	4	4104011;3000003	20;100000	1
127008105	127008	1	5	4104011;3000003	20;140000	1
127008106	127008	1	6	4104011;3000003	30;180000	1
127008107	127008	1	7	4104011;3000003	30;220000	1
127008108	127008	1	8	4104011;3000003	40;260000	1
127008109	127008	1	9	4104011;3000003	50;300000	1
127008110	127008	1	10			1
127008201	127008	2	1	4104011;3000003	10;10000	1
127008202	127008	2	2	4104011;3000003	20;40000	1
127008203	127008	2	3	4104011;3000003	30;90000	1
127008204	127008	2	4	4104011;3000003	40;160000	1
127008205	127008	2	5	4104011;3000003	50;250000	1
127008206	127008	2	6	4104011;3000003	60;360000	1
127008207	127008	2	7			1
130008101	130008	1	1	4104011;3000003	5;20000	1
130008102	130008	1	2	4104011;3000003	10;40000	1
130008103	130008	1	3	4104011;3000003	10;70000	1
130008104	130008	1	4	4104011;3000003	20;100000	1
130008105	130008	1	5	4104011;3000003	20;140000	1
130008106	130008	1	6	4104011;3000003	30;180000	1
130008107	130008	1	7	4104011;3000003	30;220000	1
130008108	130008	1	8	4104011;3000003	40;260000	1
130008109	130008	1	9	4104011;3000003	50;300000	1
130008110	130008	1	10			1
130008201	130008	2	1	4104011;3000003	10;10000	1
130008202	130008	2	2	4104011;3000003	20;40000	1
130008203	130008	2	3	4104011;3000003	30;90000	1
130008204	130008	2	4	4104011;3000003	40;160000	1
130008205	130008	2	5	4104011;3000003	50;250000	1
130008206	130008	2	6	4104011;3000003	60;360000	1
130008207	130008	2	7			1
131008101	131008	1	1	4104011;3000003	5;20000	1
131008102	131008	1	2	4104011;3000003	10;40000	1
131008103	131008	1	3	4104011;3000003	10;70000	1
131008104	131008	1	4	4104011;3000003	20;100000	1
131008105	131008	1	5	4104011;3000003	20;140000	1
131008106	131008	1	6	4104011;3000003	30;180000	1
131008107	131008	1	7	4104011;3000003	30;220000	1
131008108	131008	1	8	4104011;3000003	40;260000	1
131008109	131008	1	9	4104011;3000003	50;300000	1
131008110	131008	1	10			1
131008201	131008	2	1	4104011;3000003	10;10000	1
131008202	131008	2	2	4104011;3000003	20;40000	1
131008203	131008	2	3	4104011;3000003	30;90000	1
131008204	131008	2	4	4104011;3000003	40;160000	1
131008205	131008	2	5	4104011;3000003	50;250000	1
131008206	131008	2	6	4104011;3000003	60;360000	1
131008207	131008	2	7			1
117008101	117008	1	1	4104011;3000003	5;20000	1
117008102	117008	1	2	4104011;3000003	10;40000	1
117008103	117008	1	3	4104011;3000003	10;70000	1
117008104	117008	1	4	4104011;3000003	20;100000	1
117008105	117008	1	5	4104011;3000003	20;140000	1
117008106	117008	1	6	4104011;3000003	30;180000	1
117008107	117008	1	7	4104011;3000003	30;220000	1
117008108	117008	1	8	4104011;3000003	40;260000	1
117008109	117008	1	9	4104011;3000003	50;300000	1
117008110	117008	1	10			1
117008201	117008	2	1	4104011;3000003	10;10000	1
117008202	117008	2	2	4104011;3000003	20;40000	1
117008203	117008	2	3	4104011;3000003	30;90000	1
117008204	117008	2	4	4104011;3000003	40;160000	1
117008205	117008	2	5	4104011;3000003	50;250000	1
117008206	117008	2	6	4104011;3000003	60;360000	1
117008207	117008	2	7			1
121008101	121008	1	1	4104011;3000003	5;20000	1
121008102	121008	1	2	4104011;3000003	10;40000	1
121008103	121008	1	3	4104011;3000003	10;70000	1
121008104	121008	1	4	4104011;3000003	20;100000	1
121008105	121008	1	5	4104011;3000003	20;140000	1
121008106	121008	1	6	4104011;3000003	30;180000	1
121008107	121008	1	7	4104011;3000003	30;220000	1
121008108	121008	1	8	4104011;3000003	40;260000	1
121008109	121008	1	9	4104011;3000003	50;300000	1
121008110	121008	1	10			1
121008201	121008	2	1	4104011;3000003	10;10000	1
121008202	121008	2	2	4104011;3000003	20;40000	1
121008203	121008	2	3	4104011;3000003	30;90000	1
121008204	121008	2	4	4104011;3000003	40;160000	1
121008205	121008	2	5	4104011;3000003	50;250000	1
121008206	121008	2	6	4104011;3000003	60;360000	1
121008207	121008	2	7			1
103006101	103006	1	1	4104011;3000003	5;20000	1
103006102	103006	1	2	4104011;3000003	10;40000	1
103006103	103006	1	3	4104011;3000003	10;70000	1
103006104	103006	1	4	4104011;3000003	20;100000	1
103006105	103006	1	5	4104011;3000003	20;140000	1
103006106	103006	1	6	4104011;3000003	30;180000	1
103006107	103006	1	7	4104011;3000003	30;220000	1
103006108	103006	1	8	4104011;3000003	40;260000	1
103006109	103006	1	9	4104011;3000003	50;300000	1
103006110	103006	1	10			1
103006201	103006	2	1	4104011;3000003	10;10000	1
103006202	103006	2	2	4104011;3000003	20;40000	1
103006203	103006	2	3	4104011;3000003	30;90000	1
103006204	103006	2	4	4104011;3000003	40;160000	1
103006205	103006	2	5	4104011;3000003	50;250000	1
103006206	103006	2	6	4104011;3000003	60;360000	1
103006207	103006	2	7			1
105004101	105004	1	1	4104011;3000003	5;20000	1
105004102	105004	1	2	4104011;3000003	10;40000	1
105004103	105004	1	3	4104011;3000003	10;70000	1
105004104	105004	1	4	4104011;3000003	20;100000	1
105004105	105004	1	5	4104011;3000003	20;140000	1
105004106	105004	1	6	4104011;3000003	30;180000	1
105004107	105004	1	7	4104011;3000003	30;220000	1
105004108	105004	1	8	4104011;3000003	40;260000	1
105004109	105004	1	9	4104011;3000003	50;300000	1
105004110	105004	1	10			1
105004201	105004	2	1	4104011;3000003	10;10000	1
105004202	105004	2	2	4104011;3000003	20;40000	1
105004203	105004	2	3	4104011;3000003	30;90000	1
105004204	105004	2	4	4104011;3000003	40;160000	1
105004205	105004	2	5	4104011;3000003	50;250000	1
105004206	105004	2	6	4104011;3000003	60;360000	1
105004207	105004	2	7			1
106009101	106009	1	1	4104011;3000003	5;20000	1
106009102	106009	1	2	4104011;3000003	10;40000	1
106009103	106009	1	3	4104011;3000003	10;70000	1
106009104	106009	1	4	4104011;3000003	20;100000	1
106009105	106009	1	5	4104011;3000003	20;140000	1
106009106	106009	1	6	4104011;3000003	30;180000	1
106009107	106009	1	7	4104011;3000003	30;220000	1
106009108	106009	1	8	4104011;3000003	40;260000	1
106009109	106009	1	9	4104011;3000003	50;300000	1
106009110	106009	1	10			1
106009201	106009	2	1	4104011;3000003	10;10000	1
106009202	106009	2	2	4104011;3000003	20;40000	1
106009203	106009	2	3	4104011;3000003	30;90000	1
106009204	106009	2	4	4104011;3000003	40;160000	1
106009205	106009	2	5	4104011;3000003	50;250000	1
106009206	106009	2	6	4104011;3000003	60;360000	1
106009207	106009	2	7			1
107010101	107010	1	1	4104011;3000003	5;20000	1
107010102	107010	1	2	4104011;3000003	10;40000	1
107010103	107010	1	3	4104011;3000003	10;70000	1
107010104	107010	1	4	4104011;3000003	20;100000	1
107010105	107010	1	5	4104011;3000003	20;140000	1
107010106	107010	1	6	4104011;3000003	30;180000	1
107010107	107010	1	7	4104011;3000003	30;220000	1
107010108	107010	1	8	4104011;3000003	40;260000	1
107010109	107010	1	9	4104011;3000003	50;300000	1
107010110	107010	1	10			1
107010201	107010	2	1	4104011;3000003	10;10000	1
107010202	107010	2	2	4104011;3000003	20;40000	1
107010203	107010	2	3	4104011;3000003	30;90000	1
107010204	107010	2	4	4104011;3000003	40;160000	1
107010205	107010	2	5	4104011;3000003	50;250000	1
107010206	107010	2	6	4104011;3000003	60;360000	1
107010207	107010	2	7			1
123008101	123008	1	1	4104011;3000003	5;20000	1
123008102	123008	1	2	4104011;3000003	10;40000	1
123008103	123008	1	3	4104011;3000003	10;70000	1
123008104	123008	1	4	4104011;3000003	20;100000	1
123008105	123008	1	5	4104011;3000003	20;140000	1
123008106	123008	1	6	4104011;3000003	30;180000	1
123008107	123008	1	7	4104011;3000003	30;220000	1
123008108	123008	1	8	4104011;3000003	40;260000	1
123008109	123008	1	9	4104011;3000003	50;300000	1
123008110	123008	1	10			1
123008201	123008	2	1	4104011;3000003	10;10000	1
123008202	123008	2	2	4104011;3000003	20;40000	1
123008203	123008	2	3	4104011;3000003	30;90000	1
123008204	123008	2	4	4104011;3000003	40;160000	1
123008205	123008	2	5	4104011;3000003	50;250000	1
123008206	123008	2	6	4104011;3000003	60;360000	1
123008207	123008	2	7			1
125008101	125008	1	1	4104011;3000003	5;20000	1
125008102	125008	1	2	4104011;3000003	10;40000	1
125008103	125008	1	3	4104011;3000003	10;70000	1
125008104	125008	1	4	4104011;3000003	20;100000	1
125008105	125008	1	5	4104011;3000003	20;140000	1
125008106	125008	1	6	4104011;3000003	30;180000	1
125008107	125008	1	7	4104011;3000003	30;220000	1
125008108	125008	1	8	4104011;3000003	40;260000	1
125008109	125008	1	9	4104011;3000003	50;300000	1
125008110	125008	1	10			1
125008201	125008	2	1	4104011;3000003	10;10000	1
125008202	125008	2	2	4104011;3000003	20;40000	1
125008203	125008	2	3	4104011;3000003	30;90000	1
125008204	125008	2	4	4104011;3000003	40;160000	1
125008205	125008	2	5	4104011;3000003	50;250000	1
125008206	125008	2	6	4104011;3000003	60;360000	1
125008207	125008	2	7			1
137008101	137008	1	1	4104011;3000003	5;20000	1
137008102	137008	1	2	4104011;3000003	10;40000	1
137008103	137008	1	3	4104011;3000003	10;70000	1
137008104	137008	1	4	4104011;3000003	20;100000	1
137008105	137008	1	5	4104011;3000003	20;140000	1
137008106	137008	1	6	4104011;3000003	30;180000	1
137008107	137008	1	7	4104011;3000003	30;220000	1
137008108	137008	1	8	4104011;3000003	40;260000	1
137008109	137008	1	9	4104011;3000003	50;300000	1
137008110	137008	1	10			1
137008201	137008	2	1	4104011;3000003	10;10000	1
137008202	137008	2	2	4104011;3000003	20;40000	1
137008203	137008	2	3	4104011;3000003	30;90000	1
137008204	137008	2	4	4104011;3000003	40;160000	1
137008205	137008	2	5	4104011;3000003	50;250000	1
137008206	137008	2	6	4104011;3000003	60;360000	1
137008207	137008	2	7			1
116001101	116001	1	1	4104011;3000003	5;20000	1
116001102	116001	1	2	4104011;3000003	10;40000	1
116001103	116001	1	3	4104011;3000003	10;70000	1
116001104	116001	1	4	4104011;3000003	20;100000	1
116001105	116001	1	5	4104011;3000003	20;140000	1
116001106	116001	1	6	4104011;3000003	30;180000	1
116001107	116001	1	7	4104011;3000003	30;220000	1
116001108	116001	1	8	4104011;3000003	40;260000	1
116001109	116001	1	9	4104011;3000003	50;300000	1
116001110	116001	1	10			1
116001201	116001	2	1	4104011;3000003	10;10000	1
116001202	116001	2	2	4104011;3000003	20;40000	1
116001203	116001	2	3	4104011;3000003	30;90000	1
116001204	116001	2	4	4104011;3000003	40;160000	1
116001205	116001	2	5	4104011;3000003	50;250000	1
116001206	116001	2	6	4104011;3000003	60;360000	1
116001207	116001	2	7			1
140008101	140008	1	1	4104011;3000003	5;20000	1
140008102	140008	1	2	4104011;3000003	10;40000	1
140008103	140008	1	3	4104011;3000003	10;70000	1
140008104	140008	1	4	4104011;3000003	20;100000	1
140008105	140008	1	5	4104011;3000003	20;140000	1
140008106	140008	1	6	4104011;3000003	30;180000	1
140008107	140008	1	7	4104011;3000003	30;220000	1
140008108	140008	1	8	4104011;3000003	40;260000	1
140008109	140008	1	9	4104011;3000003	50;300000	1
140008110	140008	1	10			1
140008201	140008	2	1	4104011;3000003	10;10000	1
140008202	140008	2	2	4104011;3000003	20;40000	1
140008203	140008	2	3	4104011;3000003	30;90000	1
140008204	140008	2	4	4104011;3000003	40;160000	1
140008205	140008	2	5	4104011;3000003	50;250000	1
140008206	140008	2	6	4104011;3000003	60;360000	1
140008207	140008	2	7			1
129001101	129001	1	1	4104011;3000003	5;20000	1
129001102	129001	1	2	4104011;3000003	10;40000	1
129001103	129001	1	3	4104011;3000003	10;70000	1
129001104	129001	1	4	4104011;3000003	20;100000	1
129001105	129001	1	5	4104011;3000003	20;140000	1
129001106	129001	1	6	4104011;3000003	30;180000	1
129001107	129001	1	7	4104011;3000003	30;220000	1
129001108	129001	1	8	4104011;3000003	40;260000	1
129001109	129001	1	9	4104011;3000003	50;300000	1
129001110	129001	1	10			1
129001201	129001	2	1	4104011;3000003	10;10000	1
129001202	129001	2	2	4104011;3000003	20;40000	1
129001203	129001	2	3	4104011;3000003	30;90000	1
129001204	129001	2	4	4104011;3000003	40;160000	1
129001205	129001	2	5	4104011;3000003	50;250000	1
129001206	129001	2	6	4104011;3000003	60;360000	1
129001207	129001	2	7			1
129008101	129008	1	1	4104011;3000003	5;20000	1
129008102	129008	1	2	4104011;3000003	10;40000	1
129008103	129008	1	3	4104011;3000003	10;70000	1
129008104	129008	1	4	4104011;3000003	20;100000	1
129008105	129008	1	5	4104011;3000003	20;140000	1
129008106	129008	1	6	4104011;3000003	30;180000	1
129008107	129008	1	7	4104011;3000003	30;220000	1
129008108	129008	1	8	4104011;3000003	40;260000	1
129008109	129008	1	9	4104011;3000003	50;300000	1
129008110	129008	1	10			1
129008201	129008	2	1	4104011;3000003	10;10000	1
129008202	129008	2	2	4104011;3000003	20;40000	1
129008203	129008	2	3	4104011;3000003	30;90000	1
129008204	129008	2	4	4104011;3000003	40;160000	1
129008205	129008	2	5	4104011;3000003	50;250000	1
129008206	129008	2	6	4104011;3000003	60;360000	1
129008207	129008	2	7			1
109002101	109002	1	1	4104011;3000003	5;20000	1
109002102	109002	1	2	4104011;3000003	10;40000	1
109002103	109002	1	3	4104011;3000003	10;70000	1
109002104	109002	1	4	4104011;3000003	20;100000	1
109002105	109002	1	5	4104011;3000003	20;140000	1
109002106	109002	1	6	4104011;3000003	30;180000	1
109002107	109002	1	7	4104011;3000003	30;220000	1
109002108	109002	1	8	4104011;3000003	40;260000	1
109002109	109002	1	9	4104011;3000003	50;300000	1
109002110	109002	1	10			1
109002201	109002	2	1	4104011;3000003	10;10000	1
109002202	109002	2	2	4104011;3000003	20;40000	1
109002203	109002	2	3	4104011;3000003	30;90000	1
109002204	109002	2	4	4104011;3000003	40;160000	1
109002205	109002	2	5	4104011;3000003	50;250000	1
109002206	109002	2	6	4104011;3000003	60;360000	1
109002207	109002	2	7			1
113002101	113002	1	1	4104011;3000003	5;20000	1
113002102	113002	1	2	4104011;3000003	10;40000	1
113002103	113002	1	3	4104011;3000003	10;70000	1
113002104	113002	1	4	4104011;3000003	20;100000	1
113002105	113002	1	5	4104011;3000003	20;140000	1
113002106	113002	1	6	4104011;3000003	30;180000	1
113002107	113002	1	7	4104011;3000003	30;220000	1
113002108	113002	1	8	4104011;3000003	40;260000	1
113002109	113002	1	9	4104011;3000003	50;300000	1
113002110	113002	1	10			1
113002201	113002	2	1	4104011;3000003	10;10000	1
113002202	113002	2	2	4104011;3000003	20;40000	1
113002203	113002	2	3	4104011;3000003	30;90000	1
113002204	113002	2	4	4104011;3000003	40;160000	1
113002205	113002	2	5	4104011;3000003	50;250000	1
113002206	113002	2	6	4104011;3000003	60;360000	1
113002207	113002	2	7			1
114002101	114002	1	1	4104011;3000003	5;20000	1
114002102	114002	1	2	4104011;3000003	10;40000	1
114002103	114002	1	3	4104011;3000003	10;70000	1
114002104	114002	1	4	4104011;3000003	20;100000	1
114002105	114002	1	5	4104011;3000003	20;140000	1
114002106	114002	1	6	4104011;3000003	30;180000	1
114002107	114002	1	7	4104011;3000003	30;220000	1
114002108	114002	1	8	4104011;3000003	40;260000	1
114002109	114002	1	9	4104011;3000003	50;300000	1
114002110	114002	1	10			1
114002201	114002	2	1	4104011;3000003	10;10000	1
114002202	114002	2	2	4104011;3000003	20;40000	1
114002203	114002	2	3	4104011;3000003	30;90000	1
114002204	114002	2	4	4104011;3000003	40;160000	1
114002205	114002	2	5	4104011;3000003	50;250000	1
114002206	114002	2	6	4104011;3000003	60;360000	1
114002207	114002	2	7			1
138001101	138001	1	1	4104011;3000003	5;20000	1
138001102	138001	1	2	4104011;3000003	10;40000	1
138001103	138001	1	3	4104011;3000003	10;70000	1
138001104	138001	1	4	4104011;3000003	20;100000	1
138001105	138001	1	5	4104011;3000003	20;140000	1
138001106	138001	1	6	4104011;3000003	30;180000	1
138001107	138001	1	7	4104011;3000003	30;220000	1
138001108	138001	1	8	4104011;3000003	40;260000	1
138001109	138001	1	9	4104011;3000003	50;300000	1
138001110	138001	1	10			1
138001201	138001	2	1	4104011;3000003	10;10000	1
138001202	138001	2	2	4104011;3000003	20;40000	1
138001203	138001	2	3	4104011;3000003	30;90000	1
138001204	138001	2	4	4104011;3000003	40;160000	1
138001205	138001	2	5	4104011;3000003	50;250000	1
138001206	138001	2	6	4104011;3000003	60;360000	1
138001207	138001	2	7			1
138008101	138008	1	1	4104011;3000003	5;20000	1
138008102	138008	1	2	4104011;3000003	10;40000	1
138008103	138008	1	3	4104011;3000003	10;70000	1
138008104	138008	1	4	4104011;3000003	20;100000	1
138008105	138008	1	5	4104011;3000003	20;140000	1
138008106	138008	1	6	4104011;3000003	30;180000	1
138008107	138008	1	7	4104011;3000003	30;220000	1
138008108	138008	1	8	4104011;3000003	40;260000	1
138008109	138008	1	9	4104011;3000003	50;300000	1
138008110	138008	1	10			1
138008201	138008	2	1	4104011;3000003	10;10000	1
138008202	138008	2	2	4104011;3000003	20;40000	1
138008203	138008	2	3	4104011;3000003	30;90000	1
138008204	138008	2	4	4104011;3000003	40;160000	1
138008205	138008	2	5	4104011;3000003	50;250000	1
138008206	138008	2	6	4104011;3000003	60;360000	1
138008207	138008	2	7			1
135008101	135008	1	1	4104011;3000003	5;20000	1
135008102	135008	1	2	4104011;3000003	10;40000	1
135008103	135008	1	3	4104011;3000003	10;70000	1
135008104	135008	1	4	4104011;3000003	20;100000	1
135008105	135008	1	5	4104011;3000003	20;140000	1
135008106	135008	1	6	4104011;3000003	30;180000	1
135008107	135008	1	7	4104011;3000003	30;220000	1
135008108	135008	1	8	4104011;3000003	40;260000	1
135008109	135008	1	9	4104011;3000003	50;300000	1
135008110	135008	1	10			1
135008201	135008	2	1	4104011;3000003	10;10000	1
135008202	135008	2	2	4104011;3000003	20;40000	1
135008203	135008	2	3	4104011;3000003	30;90000	1
135008204	135008	2	4	4104011;3000003	40;160000	1
135008205	135008	2	5	4104011;3000003	50;250000	1
135008206	135008	2	6	4104011;3000003	60;360000	1
135008207	135008	2	7			1
802008101	802008	1	1	4104011;3000003	5;20000	1
802008102	802008	1	2	4104011;3000003	10;40000	1
802008103	802008	1	3	4104011;3000003	10;70000	1
802008104	802008	1	4	4104011;3000003	20;100000	1
802008105	802008	1	5	4104011;3000003	20;140000	1
802008106	802008	1	6	4104011;3000003	30;180000	1
802008107	802008	1	7	4104011;3000003	30;220000	1
802008108	802008	1	8	4104011;3000003	40;260000	1
802008109	802008	1	9	4104011;3000003	50;300000	1
802008110	802008	1	10			1
802008201	802008	2	1	4104011;3000003	10;10000	1
802008202	802008	2	2	4104011;3000003	20;40000	1
802008203	802008	2	3	4104011;3000003	30;90000	1
802008204	802008	2	4	4104011;3000003	40;160000	1
802008205	802008	2	5	4104011;3000003	50;250000	1
802008206	802008	2	6	4104011;3000003	60;360000	1
802008207	802008	2	7			1
803008101	803008	1	1	4104011;3000003	5;20000	1
803008102	803008	1	2	4104011;3000003	10;40000	1
803008103	803008	1	3	4104011;3000003	10;70000	1
803008104	803008	1	4	4104011;3000003	20;100000	1
803008105	803008	1	5	4104011;3000003	20;140000	1
803008106	803008	1	6	4104011;3000003	30;180000	1
803008107	803008	1	7	4104011;3000003	30;220000	1
803008108	803008	1	8	4104011;3000003	40;260000	1
803008109	803008	1	9	4104011;3000003	50;300000	1
803008110	803008	1	10			1
803008201	803008	2	1	4104011;3000003	10;10000	1
803008202	803008	2	2	4104011;3000003	20;40000	1
803008203	803008	2	3	4104011;3000003	30;90000	1
803008204	803008	2	4	4104011;3000003	40;160000	1
803008205	803008	2	5	4104011;3000003	50;250000	1
803008206	803008	2	6	4104011;3000003	60;360000	1
803008207	803008	2	7			1
801008101	801008	1	1	4104011;3000003	5;20000	1
801008102	801008	1	2	4104011;3000003	10;40000	1
801008103	801008	1	3	4104011;3000003	10;70000	1
801008104	801008	1	4	4104011;3000003	20;100000	1
801008105	801008	1	5	4104011;3000003	20;140000	1
801008106	801008	1	6	4104011;3000003	30;180000	1
801008107	801008	1	7	4104011;3000003	30;220000	1
801008108	801008	1	8	4104011;3000003	40;260000	1
801008109	801008	1	9	4104011;3000003	50;300000	1
801008110	801008	1	10			1
801008201	801008	2	1	4104011;3000003	10;10000	1
801008202	801008	2	2	4104011;3000003	20;40000	1
801008203	801008	2	3	4104011;3000003	30;90000	1
801008204	801008	2	4	4104011;3000003	40;160000	1
801008205	801008	2	5	4104011;3000003	50;250000	1
801008206	801008	2	6	4104011;3000003	60;360000	1
801008207	801008	2	7			1
127001101	127001	1	1	4104011;3000003	5;20000	1
127001102	127001	1	2	4104011;3000003	10;40000	1
127001103	127001	1	3	4104011;3000003	10;70000	1
127001104	127001	1	4	4104011;3000003	20;100000	1
127001105	127001	1	5	4104011;3000003	20;140000	1
127001106	127001	1	6	4104011;3000003	30;180000	1
127001107	127001	1	7	4104011;3000003	30;220000	1
127001108	127001	1	8	4104011;3000003	40;260000	1
127001109	127001	1	9	4104011;3000003	50;300000	1
127001110	127001	1	10			1
127001201	127001	2	1	4104011;3000003	10;10000	1
127001202	127001	2	2	4104011;3000003	20;40000	1
127001203	127001	2	3	4104011;3000003	30;90000	1
127001204	127001	2	4	4104011;3000003	40;160000	1
127001205	127001	2	5	4104011;3000003	50;250000	1
127001206	127001	2	6	4104011;3000003	60;360000	1
127001207	127001	2	7			1
136008101	136008	1	1	4104011;3000003	5;20000	1
136008102	136008	1	2	4104011;3000003	10;40000	1
136008103	136008	1	3	4104011;3000003	10;70000	1
136008104	136008	1	4	4104011;3000003	20;100000	1
136008105	136008	1	5	4104011;3000003	20;140000	1
136008106	136008	1	6	4104011;3000003	30;180000	1
136008107	136008	1	7	4104011;3000003	30;220000	1
136008108	136008	1	8	4104011;3000003	40;260000	1
136008109	136008	1	9	4104011;3000003	50;300000	1
136008110	136008	1	10			1
136008201	136008	2	1	4104011;3000003	10;10000	1
136008202	136008	2	2	4104011;3000003	20;40000	1
136008203	136008	2	3	4104011;3000003	30;90000	1
136008204	136008	2	4	4104011;3000003	40;160000	1
136008205	136008	2	5	4104011;3000003	50;250000	1
136008206	136008	2	6	4104011;3000003	60;360000	1
136008207	136008	2	7			1
104016101	104016	1	1	4104011;3000003	5;20000	1
104016102	104016	1	2	4104011;3000003	10;40000	1
104016103	104016	1	3	4104011;3000003	10;70000	1
104016104	104016	1	4	4104011;3000003	20;100000	1
104016105	104016	1	5	4104011;3000003	20;140000	1
104016106	104016	1	6	4104011;3000003	30;180000	1
104016107	104016	1	7	4104011;3000003	30;220000	1
104016108	104016	1	8	4104011;3000003	40;260000	1
104016109	104016	1	9	4104011;3000003	50;300000	1
104016110	104016	1	10			1
104016201	104016	2	1	4104011;3000003	10;10000	1
104016202	104016	2	2	4104011;3000003	20;40000	1
104016203	104016	2	3	4104011;3000003	30;90000	1
104016204	104016	2	4	4104011;3000003	40;160000	1
104016205	104016	2	5	4104011;3000003	50;250000	1
104016206	104016	2	6	4104011;3000003	60;360000	1
104016207	104016	2	7			1
103009101	103009	1	1	4104011;3000003	5;20000	1
103009102	103009	1	2	4104011;3000003	10;40000	1
103009103	103009	1	3	4104011;3000003	10;70000	1
103009104	103009	1	4	4104011;3000003	20;100000	1
103009105	103009	1	5	4104011;3000003	20;140000	1
103009106	103009	1	6	4104011;3000003	30;180000	1
103009107	103009	1	7	4104011;3000003	30;220000	1
103009108	103009	1	8	4104011;3000003	40;260000	1
103009109	103009	1	9	4104011;3000003	50;300000	1
103009110	103009	1	10			1
103009201	103009	2	1	4104011;3000003	10;10000	1
103009202	103009	2	2	4104011;3000003	20;40000	1
103009203	103009	2	3	4104011;3000003	30;90000	1
103009204	103009	2	4	4104011;3000003	40;160000	1
103009205	103009	2	5	4104011;3000003	50;250000	1
103009206	103009	2	6	4104011;3000003	60;360000	1
103009207	103009	2	7			1
102012101	102012	1	1	4104011;3000003	5;20000	1
102012102	102012	1	2	4104011;3000003	10;40000	1
102012103	102012	1	3	4104011;3000003	10;70000	1
102012104	102012	1	4	4104011;3000003	20;100000	1
102012105	102012	1	5	4104011;3000003	20;140000	1
102012106	102012	1	6	4104011;3000003	30;180000	1
102012107	102012	1	7	4104011;3000003	30;220000	1
102012108	102012	1	8	4104011;3000003	40;260000	1
102012109	102012	1	9	4104011;3000003	50;300000	1
102012110	102012	1	10			1
102012201	102012	2	1	4104011;3000003	10;10000	1
102012202	102012	2	2	4104011;3000003	20;40000	1
102012203	102012	2	3	4104011;3000003	30;90000	1
102012204	102012	2	4	4104011;3000003	40;160000	1
102012205	102012	2	5	4104011;3000003	50;250000	1
102012206	102012	2	6	4104011;3000003	60;360000	1
102012207	102012	2	7			1
101018101	101018	1	1	4104011;3000003	5;20000	1
101018102	101018	1	2	4104011;3000003	10;40000	1
101018103	101018	1	3	4104011;3000003	10;70000	1
101018104	101018	1	4	4104011;3000003	20;100000	1
101018105	101018	1	5	4104011;3000003	20;140000	1
101018106	101018	1	6	4104011;3000003	30;180000	1
101018107	101018	1	7	4104011;3000003	30;220000	1
101018108	101018	1	8	4104011;3000003	40;260000	1
101018109	101018	1	9	4104011;3000003	50;300000	1
101018110	101018	1	10			1
101018201	101018	2	1	4104011;3000003	10;10000	1
101018202	101018	2	2	4104011;3000003	20;40000	1
101018203	101018	2	3	4104011;3000003	30;90000	1
101018204	101018	2	4	4104011;3000003	40;160000	1
101018205	101018	2	5	4104011;3000003	50;250000	1
101018206	101018	2	6	4104011;3000003	60;360000	1
101018207	101018	2	7			1
144001101	144001	1	1	4104011;3000003	5;20000	1
144001102	144001	1	2	4104011;3000003	10;40000	1
144001103	144001	1	3	4104011;3000003	10;70000	1
144001104	144001	1	4	4104011;3000003	20;100000	1
144001105	144001	1	5	4104011;3000003	20;140000	1
144001106	144001	1	6	4104011;3000003	30;180000	1
144001107	144001	1	7	4104011;3000003	30;220000	1
144001108	144001	1	8	4104011;3000003	40;260000	1
144001109	144001	1	9	4104011;3000003	50;300000	1
144001110	144001	1	10			1
144001201	144001	2	1	4104011;3000003	10;10000	1
144001202	144001	2	2	4104011;3000003	20;40000	1
144001203	144001	2	3	4104011;3000003	30;90000	1
144001204	144001	2	4	4104011;3000003	40;160000	1
144001205	144001	2	5	4104011;3000003	50;250000	1
144001206	144001	2	6	4104011;3000003	60;360000	1
144001207	144001	2	7			1
144008101	144008	1	1	4104011;3000003	5;20000	1
144008102	144008	1	2	4104011;3000003	10;40000	1
144008103	144008	1	3	4104011;3000003	10;70000	1
144008104	144008	1	4	4104011;3000003	20;100000	1
144008105	144008	1	5	4104011;3000003	20;140000	1
144008106	144008	1	6	4104011;3000003	30;180000	1
144008107	144008	1	7	4104011;3000003	30;220000	1
144008108	144008	1	8	4104011;3000003	40;260000	1
144008109	144008	1	9	4104011;3000003	50;300000	1
144008110	144008	1	10			1
144008201	144008	2	1	4104011;3000003	10;10000	1
144008202	144008	2	2	4104011;3000003	20;40000	1
144008203	144008	2	3	4104011;3000003	30;90000	1
144008204	144008	2	4	4104011;3000003	40;160000	1
144008205	144008	2	5	4104011;3000003	50;250000	1
144008206	144008	2	6	4104011;3000003	60;360000	1
144008207	144008	2	7			1
141008101	141008	1	1	4104011;3000003	5;20000	1
141008102	141008	1	2	4104011;3000003	10;40000	1
141008103	141008	1	3	4104011;3000003	10;70000	1
141008104	141008	1	4	4104011;3000003	20;100000	1
141008105	141008	1	5	4104011;3000003	20;140000	1
141008106	141008	1	6	4104011;3000003	30;180000	1
141008107	141008	1	7	4104011;3000003	30;220000	1
141008108	141008	1	8	4104011;3000003	40;260000	1
141008109	141008	1	9	4104011;3000003	50;300000	1
141008110	141008	1	10			1
141008201	141008	2	1	4104011;3000003	10;10000	1
141008202	141008	2	2	4104011;3000003	20;40000	1
141008203	141008	2	3	4104011;3000003	30;90000	1
141008204	141008	2	4	4104011;3000003	40;160000	1
141008205	141008	2	5	4104011;3000003	50;250000	1
141008206	141008	2	6	4104011;3000003	60;360000	1
141008207	141008	2	7			1
129002101	129002	1	1	4104011;3000003	5;20000	1
129002102	129002	1	2	4104011;3000003	10;40000	1
129002103	129002	1	3	4104011;3000003	10;70000	1
129002104	129002	1	4	4104011;3000003	20;100000	1
129002105	129002	1	5	4104011;3000003	20;140000	1
129002106	129002	1	6	4104011;3000003	30;180000	1
129002107	129002	1	7	4104011;3000003	30;220000	1
129002108	129002	1	8	4104011;3000003	40;260000	1
129002109	129002	1	9	4104011;3000003	50;300000	1
129002110	129002	1	10			1
129002201	129002	2	1	4104011;3000003	10;10000	1
129002202	129002	2	2	4104011;3000003	20;40000	1
129002203	129002	2	3	4104011;3000003	30;90000	1
129002204	129002	2	4	4104011;3000003	40;160000	1
129002205	129002	2	5	4104011;3000003	50;250000	1
129002206	129002	2	6	4104011;3000003	60;360000	1
129002207	129002	2	7			1
804008101	804008	1	1	4104011;3000003	5;20000	1
804008102	804008	1	2	4104011;3000003	10;40000	1
804008103	804008	1	3	4104011;3000003	10;70000	1
804008104	804008	1	4	4104011;3000003	20;100000	1
804008105	804008	1	5	4104011;3000003	20;140000	1
804008106	804008	1	6	4104011;3000003	30;180000	1
804008107	804008	1	7	4104011;3000003	30;220000	1
804008108	804008	1	8	4104011;3000003	40;260000	1
804008109	804008	1	9	4104011;3000003	50;300000	1
804008110	804008	1	10			1
804008201	804008	2	1	4104011;3000003	10;10000	1
804008202	804008	2	2	4104011;3000003	20;40000	1
804008203	804008	2	3	4104011;3000003	30;90000	1
804008204	804008	2	4	4104011;3000003	40;160000	1
804008205	804008	2	5	4104011;3000003	50;250000	1
804008206	804008	2	6	4104011;3000003	60;360000	1
804008207	804008	2	7			1
805008101	805008	1	1	4104011;3000003	5;20000	1
805008102	805008	1	2	4104011;3000003	10;40000	1
805008103	805008	1	3	4104011;3000003	10;70000	1
805008104	805008	1	4	4104011;3000003	20;100000	1
805008105	805008	1	5	4104011;3000003	20;140000	1
805008106	805008	1	6	4104011;3000003	30;180000	1
805008107	805008	1	7	4104011;3000003	30;220000	1
805008108	805008	1	8	4104011;3000003	40;260000	1
805008109	805008	1	9	4104011;3000003	50;300000	1
805008110	805008	1	10			1
805008201	805008	2	1	4104011;3000003	10;10000	1
805008202	805008	2	2	4104011;3000003	20;40000	1
805008203	805008	2	3	4104011;3000003	30;90000	1
805008204	805008	2	4	4104011;3000003	40;160000	1
805008205	805008	2	5	4104011;3000003	50;250000	1
805008206	805008	2	6	4104011;3000003	60;360000	1
805008207	805008	2	7			1
806008101	806008	1	1	4104011;3000003	5;20000	1
806008102	806008	1	2	4104011;3000003	10;40000	1
806008103	806008	1	3	4104011;3000003	10;70000	1
806008104	806008	1	4	4104011;3000003	20;100000	1
806008105	806008	1	5	4104011;3000003	20;140000	1
806008106	806008	1	6	4104011;3000003	30;180000	1
806008107	806008	1	7	4104011;3000003	30;220000	1
806008108	806008	1	8	4104011;3000003	40;260000	1
806008109	806008	1	9	4104011;3000003	50;300000	1
806008110	806008	1	10			1
806008201	806008	2	1	4104011;3000003	10;10000	1
806008202	806008	2	2	4104011;3000003	20;40000	1
806008203	806008	2	3	4104011;3000003	30;90000	1
806008204	806008	2	4	4104011;3000003	40;160000	1
806008205	806008	2	5	4104011;3000003	50;250000	1
806008206	806008	2	6	4104011;3000003	60;360000	1
806008207	806008	2	7			1
120008101	120008	1	1	4104011;3000003	5;20000	1
120008102	120008	1	2	4104011;3000003	10;40000	1
120008103	120008	1	3	4104011;3000003	10;70000	1
120008104	120008	1	4	4104011;3000003	20;100000	1
120008105	120008	1	5	4104011;3000003	20;140000	1
120008106	120008	1	6	4104011;3000003	30;180000	1
120008107	120008	1	7	4104011;3000003	30;220000	1
120008108	120008	1	8	4104011;3000003	40;260000	1
120008109	120008	1	9	4104011;3000003	50;300000	1
120008110	120008	1	10			1
120008201	120008	2	1	4104011;3000003	10;10000	1
120008202	120008	2	2	4104011;3000003	20;40000	1
120008203	120008	2	3	4104011;3000003	30;90000	1
120008204	120008	2	4	4104011;3000003	40;160000	1
120008205	120008	2	5	4104011;3000003	50;250000	1
120008206	120008	2	6	4104011;3000003	60;360000	1
120008207	120008	2	7			1
119008101	119008	1	1	4104011;3000003	5;20000	1
119008102	119008	1	2	4104011;3000003	10;40000	1
119008103	119008	1	3	4104011;3000003	10;70000	1
119008104	119008	1	4	4104011;3000003	20;100000	1
119008105	119008	1	5	4104011;3000003	20;140000	1
119008106	119008	1	6	4104011;3000003	30;180000	1
119008107	119008	1	7	4104011;3000003	30;220000	1
119008108	119008	1	8	4104011;3000003	40;260000	1
119008109	119008	1	9	4104011;3000003	50;300000	1
119008110	119008	1	10			1
119008201	119008	2	1	4104011;3000003	10;10000	1
119008202	119008	2	2	4104011;3000003	20;40000	1
119008203	119008	2	3	4104011;3000003	30;90000	1
119008204	119008	2	4	4104011;3000003	40;160000	1
119008205	119008	2	5	4104011;3000003	50;250000	1
119008206	119008	2	6	4104011;3000003	60;360000	1
119008207	119008	2	7			1
133008101	133008	1	1	4104011;3000003	5;20000	1
133008102	133008	1	2	4104011;3000003	10;40000	1
133008103	133008	1	3	4104011;3000003	10;70000	1
133008104	133008	1	4	4104011;3000003	20;100000	1
133008105	133008	1	5	4104011;3000003	20;140000	1
133008106	133008	1	6	4104011;3000003	30;180000	1
133008107	133008	1	7	4104011;3000003	30;220000	1
133008108	133008	1	8	4104011;3000003	40;260000	1
133008109	133008	1	9	4104011;3000003	50;300000	1
133008110	133008	1	10			1
133008201	133008	2	1	4104011;3000003	10;10000	1
133008202	133008	2	2	4104011;3000003	20;40000	1
133008203	133008	2	3	4104011;3000003	30;90000	1
133008204	133008	2	4	4104011;3000003	40;160000	1
133008205	133008	2	5	4104011;3000003	50;250000	1
133008206	133008	2	6	4104011;3000003	60;360000	1
133008207	133008	2	7			1
104007101	104007	1	1	4104011;3000003	5;20000	1
104007102	104007	1	2	4104011;3000003	10;40000	1
104007103	104007	1	3	4104011;3000003	10;70000	1
104007104	104007	1	4	4104011;3000003	20;100000	1
104007105	104007	1	5	4104011;3000003	20;140000	1
104007106	104007	1	6	4104011;3000003	30;180000	1
104007107	104007	1	7	4104011;3000003	30;220000	1
104007108	104007	1	8	4104011;3000003	40;260000	1
104007109	104007	1	9	4104011;3000003	50;300000	1
104007110	104007	1	10			1
104007201	104007	2	1	4104011;3000003	10;10000	1
104007202	104007	2	2	4104011;3000003	20;40000	1
104007203	104007	2	3	4104011;3000003	30;90000	1
104007204	104007	2	4	4104011;3000003	40;160000	1
104007205	104007	2	5	4104011;3000003	50;250000	1
104007206	104007	2	6	4104011;3000003	60;360000	1
104007207	104007	2	7			1
103003101	103003	1	1	4104011;3000003	5;20000	1
103003102	103003	1	2	4104011;3000003	10;40000	1
103003103	103003	1	3	4104011;3000003	10;70000	1
103003104	103003	1	4	4104011;3000003	20;100000	1
103003105	103003	1	5	4104011;3000003	20;140000	1
103003106	103003	1	6	4104011;3000003	30;180000	1
103003107	103003	1	7	4104011;3000003	30;220000	1
103003108	103003	1	8	4104011;3000003	40;260000	1
103003109	103003	1	9	4104011;3000003	50;300000	1
103003110	103003	1	10			1
103003201	103003	2	1	4104011;3000003	10;10000	1
103003202	103003	2	2	4104011;3000003	20;40000	1
103003203	103003	2	3	4104011;3000003	30;90000	1
103003204	103003	2	4	4104011;3000003	40;160000	1
103003205	103003	2	5	4104011;3000003	50;250000	1
103003206	103003	2	6	4104011;3000003	60;360000	1
103003207	103003	2	7			1
103017101	103017	1	1	4104011;3000003	5;20000	1
103017102	103017	1	2	4104011;3000003	10;40000	1
103017103	103017	1	3	4104011;3000003	10;70000	1
103017104	103017	1	4	4104011;3000003	20;100000	1
103017105	103017	1	5	4104011;3000003	20;140000	1
103017106	103017	1	6	4104011;3000003	30;180000	1
103017107	103017	1	7	4104011;3000003	30;220000	1
103017108	103017	1	8	4104011;3000003	40;260000	1
103017109	103017	1	9	4104011;3000003	50;300000	1
103017110	103017	1	10			1
103017201	103017	2	1	4104011;3000003	10;10000	1
103017202	103017	2	2	4104011;3000003	20;40000	1
103017203	103017	2	3	4104011;3000003	30;90000	1
103017204	103017	2	4	4104011;3000003	40;160000	1
103017205	103017	2	5	4104011;3000003	50;250000	1
103017206	103017	2	6	4104011;3000003	60;360000	1
103017207	103017	2	7			1
102018101	102018	1	1	4104011;3000003	5;20000	1
102018102	102018	1	2	4104011;3000003	10;40000	1
102018103	102018	1	3	4104011;3000003	10;70000	1
102018104	102018	1	4	4104011;3000003	20;100000	1
102018105	102018	1	5	4104011;3000003	20;140000	1
102018106	102018	1	6	4104011;3000003	30;180000	1
102018107	102018	1	7	4104011;3000003	30;220000	1
102018108	102018	1	8	4104011;3000003	40;260000	1
102018109	102018	1	9	4104011;3000003	50;300000	1
102018110	102018	1	10			1
102018201	102018	2	1	4104011;3000003	10;10000	1
102018202	102018	2	2	4104011;3000003	20;40000	1
102018203	102018	2	3	4104011;3000003	30;90000	1
102018204	102018	2	4	4104011;3000003	40;160000	1
102018205	102018	2	5	4104011;3000003	50;250000	1
102018206	102018	2	6	4104011;3000003	60;360000	1
102018207	102018	2	7			1
101012101	101012	1	1	4104011;3000003	5;20000	1
101012102	101012	1	2	4104011;3000003	10;40000	1
101012103	101012	1	3	4104011;3000003	10;70000	1
101012104	101012	1	4	4104011;3000003	20;100000	1
101012105	101012	1	5	4104011;3000003	20;140000	1
101012106	101012	1	6	4104011;3000003	30;180000	1
101012107	101012	1	7	4104011;3000003	30;220000	1
101012108	101012	1	8	4104011;3000003	40;260000	1
101012109	101012	1	9	4104011;3000003	50;300000	1
101012110	101012	1	10			1
101012201	101012	2	1	4104011;3000003	10;10000	1
101012202	101012	2	2	4104011;3000003	20;40000	1
101012203	101012	2	3	4104011;3000003	30;90000	1
101012204	101012	2	4	4104011;3000003	40;160000	1
101012205	101012	2	5	4104011;3000003	50;250000	1
101012206	101012	2	6	4104011;3000003	60;360000	1
101012207	101012	2	7			1
104009101	104009	1	1	4104011;3000003	5;20000	1
104009102	104009	1	2	4104011;3000003	10;40000	1
104009103	104009	1	3	4104011;3000003	10;70000	1
104009104	104009	1	4	4104011;3000003	20;100000	1
104009105	104009	1	5	4104011;3000003	20;140000	1
104009106	104009	1	6	4104011;3000003	30;180000	1
104009107	104009	1	7	4104011;3000003	30;220000	1
104009108	104009	1	8	4104011;3000003	40;260000	1
104009109	104009	1	9	4104011;3000003	50;300000	1
104009110	104009	1	10			1
104009201	104009	2	1	4104011;3000003	10;10000	1
104009202	104009	2	2	4104011;3000003	20;40000	1
104009203	104009	2	3	4104011;3000003	30;90000	1
104009204	104009	2	4	4104011;3000003	40;160000	1
104009205	104009	2	5	4104011;3000003	50;250000	1
104009206	104009	2	6	4104011;3000003	60;360000	1
104009207	104009	2	7			1
139008101	139008	1	1	4104011;3000003	5;20000	1
139008102	139008	1	2	4104011;3000003	10;40000	1
139008103	139008	1	3	4104011;3000003	10;70000	1
139008104	139008	1	4	4104011;3000003	20;100000	1
139008105	139008	1	5	4104011;3000003	20;140000	1
139008106	139008	1	6	4104011;3000003	30;180000	1
139008107	139008	1	7	4104011;3000003	30;220000	1
139008108	139008	1	8	4104011;3000003	40;260000	1
139008109	139008	1	9	4104011;3000003	50;300000	1
139008110	139008	1	10			1
139008201	139008	2	1	4104011;3000003	10;10000	1
139008202	139008	2	2	4104011;3000003	20;40000	1
139008203	139008	2	3	4104011;3000003	30;90000	1
139008204	139008	2	4	4104011;3000003	40;160000	1
139008205	139008	2	5	4104011;3000003	50;250000	1
139008206	139008	2	6	4104011;3000003	60;360000	1
139008207	139008	2	7			1
149008101	149008	1	1	4104011;3000003	5;20000	1
149008102	149008	1	2	4104011;3000003	10;40000	1
149008103	149008	1	3	4104011;3000003	10;70000	1
149008104	149008	1	4	4104011;3000003	20;100000	1
149008105	149008	1	5	4104011;3000003	20;140000	1
149008106	149008	1	6	4104011;3000003	30;180000	1
149008107	149008	1	7	4104011;3000003	30;220000	1
149008108	149008	1	8	4104011;3000003	40;260000	1
149008109	149008	1	9	4104011;3000003	50;300000	1
149008110	149008	1	10			1
149008201	149008	2	1	4104011;3000003	10;10000	1
149008202	149008	2	2	4104011;3000003	20;40000	1
149008203	149008	2	3	4104011;3000003	30;90000	1
149008204	149008	2	4	4104011;3000003	40;160000	1
149008205	149008	2	5	4104011;3000003	50;250000	1
149008206	149008	2	6	4104011;3000003	60;360000	1
149008207	149008	2	7			1
143008101	143008	1	1	4104011;3000003	5;20000	1
143008102	143008	1	2	4104011;3000003	10;40000	1
143008103	143008	1	3	4104011;3000003	10;70000	1
143008104	143008	1	4	4104011;3000003	20;100000	1
143008105	143008	1	5	4104011;3000003	20;140000	1
143008106	143008	1	6	4104011;3000003	30;180000	1
143008107	143008	1	7	4104011;3000003	30;220000	1
143008108	143008	1	8	4104011;3000003	40;260000	1
143008109	143008	1	9	4104011;3000003	50;300000	1
143008110	143008	1	10			1
143008201	143008	2	1	4104011;3000003	10;10000	1
143008202	143008	2	2	4104011;3000003	20;40000	1
143008203	143008	2	3	4104011;3000003	30;90000	1
143008204	143008	2	4	4104011;3000003	40;160000	1
143008205	143008	2	5	4104011;3000003	50;250000	1
143008206	143008	2	6	4104011;3000003	60;360000	1
143008207	143008	2	7			1
122008101	122008	1	1	4104011;3000003	5;20000	1
122008102	122008	1	2	4104011;3000003	10;40000	1
122008103	122008	1	3	4104011;3000003	10;70000	1
122008104	122008	1	4	4104011;3000003	20;100000	1
122008105	122008	1	5	4104011;3000003	20;140000	1
122008106	122008	1	6	4104011;3000003	30;180000	1
122008107	122008	1	7	4104011;3000003	30;220000	1
122008108	122008	1	8	4104011;3000003	40;260000	1
122008109	122008	1	9	4104011;3000003	50;300000	1
122008110	122008	1	10			1
122008201	122008	2	1	4104011;3000003	10;10000	1
122008202	122008	2	2	4104011;3000003	20;40000	1
122008203	122008	2	3	4104011;3000003	30;90000	1
122008204	122008	2	4	4104011;3000003	40;160000	1
122008205	122008	2	5	4104011;3000003	50;250000	1
122008206	122008	2	6	4104011;3000003	60;360000	1
122008207	122008	2	7			1
152008101	152008	1	1	4104011;3000003	5;20000	1
152008102	152008	1	2	4104011;3000003	10;40000	1
152008103	152008	1	3	4104011;3000003	10;70000	1
152008104	152008	1	4	4104011;3000003	20;100000	1
152008105	152008	1	5	4104011;3000003	20;140000	1
152008106	152008	1	6	4104011;3000003	30;180000	1
152008107	152008	1	7	4104011;3000003	30;220000	1
152008108	152008	1	8	4104011;3000003	40;260000	1
152008109	152008	1	9	4104011;3000003	50;300000	1
152008110	152008	1	10			1
152008201	152008	2	1	4104011;3000003	10;10000	1
152008202	152008	2	2	4104011;3000003	20;40000	1
152008203	152008	2	3	4104011;3000003	30;90000	1
152008204	152008	2	4	4104011;3000003	40;160000	1
152008205	152008	2	5	4104011;3000003	50;250000	1
152008206	152008	2	6	4104011;3000003	60;360000	1
152008207	152008	2	7			1
135001101	135001	1	1	4104011;3000003	5;20000	1
135001102	135001	1	2	4104011;3000003	10;40000	1
135001103	135001	1	3	4104011;3000003	10;70000	1
135001104	135001	1	4	4104011;3000003	20;100000	1
135001105	135001	1	5	4104011;3000003	20;140000	1
135001106	135001	1	6	4104011;3000003	30;180000	1
135001107	135001	1	7	4104011;3000003	30;220000	1
135001108	135001	1	8	4104011;3000003	40;260000	1
135001109	135001	1	9	4104011;3000003	50;300000	1
135001110	135001	1	10			1
135001201	135001	2	1	4104011;3000003	10;10000	1
135001202	135001	2	2	4104011;3000003	20;40000	1
135001203	135001	2	3	4104011;3000003	30;90000	1
135001204	135001	2	4	4104011;3000003	40;160000	1
135001205	135001	2	5	4104011;3000003	50;250000	1
135001206	135001	2	6	4104011;3000003	60;360000	1
135001207	135001	2	7			1
104013101	104013	1	1	4104011;3000003	5;20000	1
104013102	104013	1	2	4104011;3000003	10;40000	1
104013103	104013	1	3	4104011;3000003	10;70000	1
104013104	104013	1	4	4104011;3000003	20;100000	1
104013105	104013	1	5	4104011;3000003	20;140000	1
104013106	104013	1	6	4104011;3000003	30;180000	1
104013107	104013	1	7	4104011;3000003	30;220000	1
104013108	104013	1	8	4104011;3000003	40;260000	1
104013109	104013	1	9	4104011;3000003	50;300000	1
104013110	104013	1	10			1
104013201	104013	2	1	4104011;3000003	10;10000	1
104013202	104013	2	2	4104011;3000003	20;40000	1
104013203	104013	2	3	4104011;3000003	30;90000	1
104013204	104013	2	4	4104011;3000003	40;160000	1
104013205	104013	2	5	4104011;3000003	50;250000	1
104013206	104013	2	6	4104011;3000003	60;360000	1
104013207	104013	2	7			1
106011101	106011	1	1	4104011;3000003	5;20000	1
106011102	106011	1	2	4104011;3000003	10;40000	1
106011103	106011	1	3	4104011;3000003	10;70000	1
106011104	106011	1	4	4104011;3000003	20;100000	1
106011105	106011	1	5	4104011;3000003	20;140000	1
106011106	106011	1	6	4104011;3000003	30;180000	1
106011107	106011	1	7	4104011;3000003	30;220000	1
106011108	106011	1	8	4104011;3000003	40;260000	1
106011109	106011	1	9	4104011;3000003	50;300000	1
106011110	106011	1	10			1
106011201	106011	2	1	4104011;3000003	10;10000	1
106011202	106011	2	2	4104011;3000003	20;40000	1
106011203	106011	2	3	4104011;3000003	30;90000	1
106011204	106011	2	4	4104011;3000003	40;160000	1
106011205	106011	2	5	4104011;3000003	50;250000	1
106011206	106011	2	6	4104011;3000003	60;360000	1
106011207	106011	2	7			1
153008101	153008	1	1	4104011;3000003	5;20000	1
153008102	153008	1	2	4104011;3000003	10;40000	1
153008103	153008	1	3	4104011;3000003	10;70000	1
153008104	153008	1	4	4104011;3000003	20;100000	1
153008105	153008	1	5	4104011;3000003	20;140000	1
153008106	153008	1	6	4104011;3000003	30;180000	1
153008107	153008	1	7	4104011;3000003	30;220000	1
153008108	153008	1	8	4104011;3000003	40;260000	1
153008109	153008	1	9	4104011;3000003	50;300000	1
153008110	153008	1	10			1
153008201	153008	2	1	4104011;3000003	10;10000	1
153008202	153008	2	2	4104011;3000003	20;40000	1
153008203	153008	2	3	4104011;3000003	30;90000	1
153008204	153008	2	4	4104011;3000003	40;160000	1
153008205	153008	2	5	4104011;3000003	50;250000	1
153008206	153008	2	6	4104011;3000003	60;360000	1
153008207	153008	2	7			1
151008101	151008	1	1	4104011;3000003	5;20000	1
151008102	151008	1	2	4104011;3000003	10;40000	1
151008103	151008	1	3	4104011;3000003	10;70000	1
151008104	151008	1	4	4104011;3000003	20;100000	1
151008105	151008	1	5	4104011;3000003	20;140000	1
151008106	151008	1	6	4104011;3000003	30;180000	1
151008107	151008	1	7	4104011;3000003	30;220000	1
151008108	151008	1	8	4104011;3000003	40;260000	1
151008109	151008	1	9	4104011;3000003	50;300000	1
151008110	151008	1	10			1
151008201	151008	2	1	4104011;3000003	10;10000	1
151008202	151008	2	2	4104011;3000003	20;40000	1
151008203	151008	2	3	4104011;3000003	30;90000	1
151008204	151008	2	4	4104011;3000003	40;160000	1
151008205	151008	2	5	4104011;3000003	50;250000	1
151008206	151008	2	6	4104011;3000003	60;360000	1
151008207	151008	2	7			1
150008101	150008	1	1	4104011;3000003	5;20000	1
150008102	150008	1	2	4104011;3000003	10;40000	1
150008103	150008	1	3	4104011;3000003	10;70000	1
150008104	150008	1	4	4104011;3000003	20;100000	1
150008105	150008	1	5	4104011;3000003	20;140000	1
150008106	150008	1	6	4104011;3000003	30;180000	1
150008107	150008	1	7	4104011;3000003	30;220000	1
150008108	150008	1	8	4104011;3000003	40;260000	1
150008109	150008	1	9	4104011;3000003	50;300000	1
150008110	150008	1	10			1
150008201	150008	2	1	4104011;3000003	10;10000	1
150008202	150008	2	2	4104011;3000003	20;40000	1
150008203	150008	2	3	4104011;3000003	30;90000	1
150008204	150008	2	4	4104011;3000003	40;160000	1
150008205	150008	2	5	4104011;3000003	50;250000	1
150008206	150008	2	6	4104011;3000003	60;360000	1
150008207	150008	2	7			1
148008101	148008	1	1	4104011;3000003	5;20000	1
148008102	148008	1	2	4104011;3000003	10;40000	1
148008103	148008	1	3	4104011;3000003	10;70000	1
148008104	148008	1	4	4104011;3000003	20;100000	1
148008105	148008	1	5	4104011;3000003	20;140000	1
148008106	148008	1	6	4104011;3000003	30;180000	1
148008107	148008	1	7	4104011;3000003	30;220000	1
148008108	148008	1	8	4104011;3000003	40;260000	1
148008109	148008	1	9	4104011;3000003	50;300000	1
148008110	148008	1	10			1
148008201	148008	2	1	4104011;3000003	10;10000	1
148008202	148008	2	2	4104011;3000003	20;40000	1
148008203	148008	2	3	4104011;3000003	30;90000	1
148008204	148008	2	4	4104011;3000003	40;160000	1
148008205	148008	2	5	4104011;3000003	50;250000	1
148008206	148008	2	6	4104011;3000003	60;360000	1
148008207	148008	2	7			1
154008101	154008	1	1	4104011;3000003	5;20000	1
154008102	154008	1	2	4104011;3000003	10;40000	1
154008103	154008	1	3	4104011;3000003	10;70000	1
154008104	154008	1	4	4104011;3000003	20;100000	1
154008105	154008	1	5	4104011;3000003	20;140000	1
154008106	154008	1	6	4104011;3000003	30;180000	1
154008107	154008	1	7	4104011;3000003	30;220000	1
154008108	154008	1	8	4104011;3000003	40;260000	1
154008109	154008	1	9	4104011;3000003	50;300000	1
154008110	154008	1	10			1
154008201	154008	2	1	4104011;3000003	10;10000	1
154008202	154008	2	2	4104011;3000003	20;40000	1
154008203	154008	2	3	4104011;3000003	30;90000	1
154008204	154008	2	4	4104011;3000003	40;160000	1
154008205	154008	2	5	4104011;3000003	50;250000	1
154008206	154008	2	6	4104011;3000003	60;360000	1
154008207	154008	2	7			1
803001101	803001	1	1	4104011;3000003	5;20000	1
803001102	803001	1	2	4104011;3000003	10;40000	1
803001103	803001	1	3	4104011;3000003	10;70000	1
803001104	803001	1	4	4104011;3000003	20;100000	1
803001105	803001	1	5	4104011;3000003	20;140000	1
803001106	803001	1	6	4104011;3000003	30;180000	1
803001107	803001	1	7	4104011;3000003	30;220000	1
803001108	803001	1	8	4104011;3000003	40;260000	1
803001109	803001	1	9	4104011;3000003	50;300000	1
803001110	803001	1	10			1
803001201	803001	2	1	4104011;3000003	10;10000	1
803001202	803001	2	2	4104011;3000003	20;40000	1
803001203	803001	2	3	4104011;3000003	30;90000	1
803001204	803001	2	4	4104011;3000003	40;160000	1
803001205	803001	2	5	4104011;3000003	50;250000	1
803001206	803001	2	6	4104011;3000003	60;360000	1
803001207	803001	2	7			1
146008101	146008	1	1	4104011;3000003	5;20000	1
146008102	146008	1	2	4104011;3000003	10;40000	1
146008103	146008	1	3	4104011;3000003	10;70000	1
146008104	146008	1	4	4104011;3000003	20;100000	1
146008105	146008	1	5	4104011;3000003	20;140000	1
146008106	146008	1	6	4104011;3000003	30;180000	1
146008107	146008	1	7	4104011;3000003	30;220000	1
146008108	146008	1	8	4104011;3000003	40;260000	1
146008109	146008	1	9	4104011;3000003	50;300000	1
146008110	146008	1	10			1
146008201	146008	2	1	4104011;3000003	10;10000	1
146008202	146008	2	2	4104011;3000003	20;40000	1
146008203	146008	2	3	4104011;3000003	30;90000	1
146008204	146008	2	4	4104011;3000003	40;160000	1
146008205	146008	2	5	4104011;3000003	50;250000	1
146008206	146008	2	6	4104011;3000003	60;360000	1
146008207	146008	2	7			1
126008101	126008	1	1	4104011;3000003	5;20000	1
126008102	126008	1	2	4104011;3000003	10;40000	1
126008103	126008	1	3	4104011;3000003	10;70000	1
126008104	126008	1	4	4104011;3000003	20;100000	1
126008105	126008	1	5	4104011;3000003	20;140000	1
126008106	126008	1	6	4104011;3000003	30;180000	1
126008107	126008	1	7	4104011;3000003	30;220000	1
126008108	126008	1	8	4104011;3000003	40;260000	1
126008109	126008	1	9	4104011;3000003	50;300000	1
126008110	126008	1	10			1
126008201	126008	2	1	4104011;3000003	10;10000	1
126008202	126008	2	2	4104011;3000003	20;40000	1
126008203	126008	2	3	4104011;3000003	30;90000	1
126008204	126008	2	4	4104011;3000003	40;160000	1
126008205	126008	2	5	4104011;3000003	50;250000	1
126008206	126008	2	6	4104011;3000003	60;360000	1
126008207	126008	2	7			1
103012101	103012	1	1	4104011;3000003	5;20000	1
103012102	103012	1	2	4104011;3000003	10;40000	1
103012103	103012	1	3	4104011;3000003	10;70000	1
103012104	103012	1	4	4104011;3000003	20;100000	1
103012105	103012	1	5	4104011;3000003	20;140000	1
103012106	103012	1	6	4104011;3000003	30;180000	1
103012107	103012	1	7	4104011;3000003	30;220000	1
103012108	103012	1	8	4104011;3000003	40;260000	1
103012109	103012	1	9	4104011;3000003	50;300000	1
103012110	103012	1	10			1
103012201	103012	2	1	4104011;3000003	10;10000	1
103012202	103012	2	2	4104011;3000003	20;40000	1
103012203	103012	2	3	4104011;3000003	30;90000	1
103012204	103012	2	4	4104011;3000003	40;160000	1
103012205	103012	2	5	4104011;3000003	50;250000	1
103012206	103012	2	6	4104011;3000003	60;360000	1
103012207	103012	2	7			1
147008101	147008	1	1	4104011;3000003	5;20000	1
147008102	147008	1	2	4104011;3000003	10;40000	1
147008103	147008	1	3	4104011;3000003	10;70000	1
147008104	147008	1	4	4104011;3000003	20;100000	1
147008105	147008	1	5	4104011;3000003	20;140000	1
147008106	147008	1	6	4104011;3000003	30;180000	1
147008107	147008	1	7	4104011;3000003	30;220000	1
147008108	147008	1	8	4104011;3000003	40;260000	1
147008109	147008	1	9	4104011;3000003	50;300000	1
147008110	147008	1	10			1
147008201	147008	2	1	4104011;3000003	10;10000	1
147008202	147008	2	2	4104011;3000003	20;40000	1
147008203	147008	2	3	4104011;3000003	30;90000	1
147008204	147008	2	4	4104011;3000003	40;160000	1
147008205	147008	2	5	4104011;3000003	50;250000	1
147008206	147008	2	6	4104011;3000003	60;360000	1
147008207	147008	2	7			1
159008101	159008	1	1	4104011;3000003	5;20000	1
159008102	159008	1	2	4104011;3000003	10;40000	1
159008103	159008	1	3	4104011;3000003	10;70000	1
159008104	159008	1	4	4104011;3000003	20;100000	1
159008105	159008	1	5	4104011;3000003	20;140000	1
159008106	159008	1	6	4104011;3000003	30;180000	1
159008107	159008	1	7	4104011;3000003	30;220000	1
159008108	159008	1	8	4104011;3000003	40;260000	1
159008109	159008	1	9	4104011;3000003	50;300000	1
159008110	159008	1	10			1
159008201	159008	2	1	4104011;3000003	10;10000	1
159008202	159008	2	2	4104011;3000003	20;40000	1
159008203	159008	2	3	4104011;3000003	30;90000	1
159008204	159008	2	4	4104011;3000003	40;160000	1
159008205	159008	2	5	4104011;3000003	50;250000	1
159008206	159008	2	6	4104011;3000003	60;360000	1
159008207	159008	2	7			1
128008101	128008	1	1	4104011;3000003	5;20000	1
128008102	128008	1	2	4104011;3000003	10;40000	1
128008103	128008	1	3	4104011;3000003	10;70000	1
128008104	128008	1	4	4104011;3000003	20;100000	1
128008105	128008	1	5	4104011;3000003	20;140000	1
128008106	128008	1	6	4104011;3000003	30;180000	1
128008107	128008	1	7	4104011;3000003	30;220000	1
128008108	128008	1	8	4104011;3000003	40;260000	1
128008109	128008	1	9	4104011;3000003	50;300000	1
128008110	128008	1	10			1
128008201	128008	2	1	4104011;3000003	10;10000	1
128008202	128008	2	2	4104011;3000003	20;40000	1
128008203	128008	2	3	4104011;3000003	30;90000	1
128008204	128008	2	4	4104011;3000003	40;160000	1
128008205	128008	2	5	4104011;3000003	50;250000	1
128008206	128008	2	6	4104011;3000003	60;360000	1
128008207	128008	2	7			1
131001101	131001	1	1	4104011;3000003	5;20000	1
131001102	131001	1	2	4104011;3000003	10;40000	1
131001103	131001	1	3	4104011;3000003	10;70000	1
131001104	131001	1	4	4104011;3000003	20;100000	1
131001105	131001	1	5	4104011;3000003	20;140000	1
131001106	131001	1	6	4104011;3000003	30;180000	1
131001107	131001	1	7	4104011;3000003	30;220000	1
131001108	131001	1	8	4104011;3000003	40;260000	1
131001109	131001	1	9	4104011;3000003	50;300000	1
131001110	131001	1	10			1
131001201	131001	2	1	4104011;3000003	10;10000	1
131001202	131001	2	2	4104011;3000003	20;40000	1
131001203	131001	2	3	4104011;3000003	30;90000	1
131001204	131001	2	4	4104011;3000003	40;160000	1
131001205	131001	2	5	4104011;3000003	50;250000	1
131001206	131001	2	6	4104011;3000003	60;360000	1
131001207	131001	2	7			1
160008101	160008	1	1	4104011;3000003	5;20000	1
160008102	160008	1	2	4104011;3000003	10;40000	1
160008103	160008	1	3	4104011;3000003	10;70000	1
160008104	160008	1	4	4104011;3000003	20;100000	1
160008105	160008	1	5	4104011;3000003	20;140000	1
160008106	160008	1	6	4104011;3000003	30;180000	1
160008107	160008	1	7	4104011;3000003	30;220000	1
160008108	160008	1	8	4104011;3000003	40;260000	1
160008109	160008	1	9	4104011;3000003	50;300000	1
160008110	160008	1	10			1
160008201	160008	2	1	4104011;3000003	10;10000	1
160008202	160008	2	2	4104011;3000003	20;40000	1
160008203	160008	2	3	4104011;3000003	30;90000	1
160008204	160008	2	4	4104011;3000003	40;160000	1
160008205	160008	2	5	4104011;3000003	50;250000	1
160008206	160008	2	6	4104011;3000003	60;360000	1
160008207	160008	2	7			1
161008101	161008	1	1	4104011;3000003	5;20000	1
161008102	161008	1	2	4104011;3000003	10;40000	1
161008103	161008	1	3	4104011;3000003	10;70000	1
161008104	161008	1	4	4104011;3000003	20;100000	1
161008105	161008	1	5	4104011;3000003	20;140000	1
161008106	161008	1	6	4104011;3000003	30;180000	1
161008107	161008	1	7	4104011;3000003	30;220000	1
161008108	161008	1	8	4104011;3000003	40;260000	1
161008109	161008	1	9	4104011;3000003	50;300000	1
161008110	161008	1	10			1
161008201	161008	2	1	4104011;3000003	10;10000	1
161008202	161008	2	2	4104011;3000003	20;40000	1
161008203	161008	2	3	4104011;3000003	30;90000	1
161008204	161008	2	4	4104011;3000003	40;160000	1
161008205	161008	2	5	4104011;3000003	50;250000	1
161008206	161008	2	6	4104011;3000003	60;360000	1
161008207	161008	2	7			1
102005101	102005	1	1	4104011;3000003	5;20000	1
102005102	102005	1	2	4104011;3000003	10;40000	1
102005103	102005	1	3	4104011;3000003	10;70000	1
102005104	102005	1	4	4104011;3000003	20;100000	1
102005105	102005	1	5	4104011;3000003	20;140000	1
102005106	102005	1	6	4104011;3000003	30;180000	1
102005107	102005	1	7	4104011;3000003	30;220000	1
102005108	102005	1	8	4104011;3000003	40;260000	1
102005109	102005	1	9	4104011;3000003	50;300000	1
102005110	102005	1	10			1
102005201	102005	2	1	4104011;3000003	10;10000	1
102005202	102005	2	2	4104011;3000003	20;40000	1
102005203	102005	2	3	4104011;3000003	30;90000	1
102005204	102005	2	4	4104011;3000003	40;160000	1
102005205	102005	2	5	4104011;3000003	50;250000	1
102005206	102005	2	6	4104011;3000003	60;360000	1
102005207	102005	2	7			1
156008101	156008	1	1	4104011;3000003	5;20000	1
156008102	156008	1	2	4104011;3000003	10;40000	1
156008103	156008	1	3	4104011;3000003	10;70000	1
156008104	156008	1	4	4104011;3000003	20;100000	1
156008105	156008	1	5	4104011;3000003	20;140000	1
156008106	156008	1	6	4104011;3000003	30;180000	1
156008107	156008	1	7	4104011;3000003	30;220000	1
156008108	156008	1	8	4104011;3000003	40;260000	1
156008109	156008	1	9	4104011;3000003	50;300000	1
156008110	156008	1	10			1
156008201	156008	2	1	4104011;3000003	10;10000	1
156008202	156008	2	2	4104011;3000003	20;40000	1
156008203	156008	2	3	4104011;3000003	30;90000	1
156008204	156008	2	4	4104011;3000003	40;160000	1
156008205	156008	2	5	4104011;3000003	50;250000	1
156008206	156008	2	6	4104011;3000003	60;360000	1
156008207	156008	2	7			1
157008101	157008	1	1	4104011;3000003	5;20000	1
157008102	157008	1	2	4104011;3000003	10;40000	1
157008103	157008	1	3	4104011;3000003	10;70000	1
157008104	157008	1	4	4104011;3000003	20;100000	1
157008105	157008	1	5	4104011;3000003	20;140000	1
157008106	157008	1	6	4104011;3000003	30;180000	1
157008107	157008	1	7	4104011;3000003	30;220000	1
157008108	157008	1	8	4104011;3000003	40;260000	1
157008109	157008	1	9	4104011;3000003	50;300000	1
157008110	157008	1	10			1
157008201	157008	2	1	4104011;3000003	10;10000	1
157008202	157008	2	2	4104011;3000003	20;40000	1
157008203	157008	2	3	4104011;3000003	30;90000	1
157008204	157008	2	4	4104011;3000003	40;160000	1
157008205	157008	2	5	4104011;3000003	50;250000	1
157008206	157008	2	6	4104011;3000003	60;360000	1
157008207	157008	2	7			1
158008101	158008	1	1	4104011;3000003	5;20000	1
158008102	158008	1	2	4104011;3000003	10;40000	1
158008103	158008	1	3	4104011;3000003	10;70000	1
158008104	158008	1	4	4104011;3000003	20;100000	1
158008105	158008	1	5	4104011;3000003	20;140000	1
158008106	158008	1	6	4104011;3000003	30;180000	1
158008107	158008	1	7	4104011;3000003	30;220000	1
158008108	158008	1	8	4104011;3000003	40;260000	1
158008109	158008	1	9	4104011;3000003	50;300000	1
158008110	158008	1	10			1
158008201	158008	2	1	4104011;3000003	10;10000	1
158008202	158008	2	2	4104011;3000003	20;40000	1
158008203	158008	2	3	4104011;3000003	30;90000	1
158008204	158008	2	4	4104011;3000003	40;160000	1
158008205	158008	2	5	4104011;3000003	50;250000	1
158008206	158008	2	6	4104011;3000003	60;360000	1
158008207	158008	2	7			1
163008101	163008	1	1	4104011;3000003	5;20000	1
163008102	163008	1	2	4104011;3000003	10;40000	1
163008103	163008	1	3	4104011;3000003	10;70000	1
163008104	163008	1	4	4104011;3000003	20;100000	1
163008105	163008	1	5	4104011;3000003	20;140000	1
163008106	163008	1	6	4104011;3000003	30;180000	1
163008107	163008	1	7	4104011;3000003	30;220000	1
163008108	163008	1	8	4104011;3000003	40;260000	1
163008109	163008	1	9	4104011;3000003	50;300000	1
163008110	163008	1	10			1
163008201	163008	2	1	4104011;3000003	10;10000	1
163008202	163008	2	2	4104011;3000003	20;40000	1
163008203	163008	2	3	4104011;3000003	30;90000	1
163008204	163008	2	4	4104011;3000003	40;160000	1
163008205	163008	2	5	4104011;3000003	50;250000	1
163008206	163008	2	6	4104011;3000003	60;360000	1
163008207	163008	2	7			1
162008101	162008	1	1	4104011;3000003	5;20000	1
162008102	162008	1	2	4104011;3000003	10;40000	1
162008103	162008	1	3	4104011;3000003	10;70000	1
162008104	162008	1	4	4104011;3000003	20;100000	1
162008105	162008	1	5	4104011;3000003	20;140000	1
162008106	162008	1	6	4104011;3000003	30;180000	1
162008107	162008	1	7	4104011;3000003	30;220000	1
162008108	162008	1	8	4104011;3000003	40;260000	1
162008109	162008	1	9	4104011;3000003	50;300000	1
162008110	162008	1	10			1
162008201	162008	2	1	4104011;3000003	10;10000	1
162008202	162008	2	2	4104011;3000003	20;40000	1
162008203	162008	2	3	4104011;3000003	30;90000	1
162008204	162008	2	4	4104011;3000003	40;160000	1
162008205	162008	2	5	4104011;3000003	50;250000	1
162008206	162008	2	6	4104011;3000003	60;360000	1
162008207	162008	2	7			1
101002101	101002	1	1	4104011;3000003	5;20000	1
101002102	101002	1	2	4104011;3000003	10;40000	1
101002103	101002	1	3	4104011;3000003	10;70000	1
101002104	101002	1	4	4104011;3000003	20;100000	1
101002105	101002	1	5	4104011;3000003	20;140000	1
101002106	101002	1	6	4104011;3000003	30;180000	1
101002107	101002	1	7	4104011;3000003	30;220000	1
101002108	101002	1	8	4104011;3000003	40;260000	1
101002109	101002	1	9	4104011;3000003	50;300000	1
101002110	101002	1	10			1
101002201	101002	2	1	4104011;3000003	10;10000	1
101002202	101002	2	2	4104011;3000003	20;40000	1
101002203	101002	2	3	4104011;3000003	30;90000	1
101002204	101002	2	4	4104011;3000003	40;160000	1
101002205	101002	2	5	4104011;3000003	50;250000	1
101002206	101002	2	6	4104011;3000003	60;360000	1
101002207	101002	2	7			1
132008101	132008	1	1	4104011;3000003	5;20000	1
132008102	132008	1	2	4104011;3000003	10;40000	1
132008103	132008	1	3	4104011;3000003	10;70000	1
132008104	132008	1	4	4104011;3000003	20;100000	1
132008105	132008	1	5	4104011;3000003	20;140000	1
132008106	132008	1	6	4104011;3000003	30;180000	1
132008107	132008	1	7	4104011;3000003	30;220000	1
132008108	132008	1	8	4104011;3000003	40;260000	1
132008109	132008	1	9	4104011;3000003	50;300000	1
132008110	132008	1	10			1
132008201	132008	2	1	4104011;3000003	10;10000	1
132008202	132008	2	2	4104011;3000003	20;40000	1
132008203	132008	2	3	4104011;3000003	30;90000	1
132008204	132008	2	4	4104011;3000003	40;160000	1
132008205	132008	2	5	4104011;3000003	50;250000	1
132008206	132008	2	6	4104011;3000003	60;360000	1
132008207	132008	2	7			1
164008101	164008	1	1	4104011;3000003	5;20000	1
164008102	164008	1	2	4104011;3000003	10;40000	1
164008103	164008	1	3	4104011;3000003	10;70000	1
164008104	164008	1	4	4104011;3000003	20;100000	1
164008105	164008	1	5	4104011;3000003	20;140000	1
164008106	164008	1	6	4104011;3000003	30;180000	1
164008107	164008	1	7	4104011;3000003	30;220000	1
164008108	164008	1	8	4104011;3000003	40;260000	1
164008109	164008	1	9	4104011;3000003	50;300000	1
164008110	164008	1	10			1
164008201	164008	2	1	4104011;3000003	10;10000	1
164008202	164008	2	2	4104011;3000003	20;40000	1
164008203	164008	2	3	4104011;3000003	30;90000	1
164008204	164008	2	4	4104011;3000003	40;160000	1
164008205	164008	2	5	4104011;3000003	50;250000	1
164008206	164008	2	6	4104011;3000003	60;360000	1
164008207	164008	2	7			1
155008101	155008	1	1	4104011;3000003	5;20000	1
155008102	155008	1	2	4104011;3000003	10;40000	1
155008103	155008	1	3	4104011;3000003	10;70000	1
155008104	155008	1	4	4104011;3000003	20;100000	1
155008105	155008	1	5	4104011;3000003	20;140000	1
155008106	155008	1	6	4104011;3000003	30;180000	1
155008107	155008	1	7	4104011;3000003	30;220000	1
155008108	155008	1	8	4104011;3000003	40;260000	1
155008109	155008	1	9	4104011;3000003	50;300000	1
155008110	155008	1	10			1
155008201	155008	2	1	4104011;3000003	10;10000	1
155008202	155008	2	2	4104011;3000003	20;40000	1
155008203	155008	2	3	4104011;3000003	30;90000	1
155008204	155008	2	4	4104011;3000003	40;160000	1
155008205	155008	2	5	4104011;3000003	50;250000	1
155008206	155008	2	6	4104011;3000003	60;360000	1
155008207	155008	2	7			1
145008101	145008	1	1	4104011;3000003	5;20000	1
145008102	145008	1	2	4104011;3000003	10;40000	1
145008103	145008	1	3	4104011;3000003	10;70000	1
145008104	145008	1	4	4104011;3000003	20;100000	1
145008105	145008	1	5	4104011;3000003	20;140000	1
145008106	145008	1	6	4104011;3000003	30;180000	1
145008107	145008	1	7	4104011;3000003	30;220000	1
145008108	145008	1	8	4104011;3000003	40;260000	1
145008109	145008	1	9	4104011;3000003	50;300000	1
145008110	145008	1	10			1
145008201	145008	2	1	4104011;3000003	10;10000	1
145008202	145008	2	2	4104011;3000003	20;40000	1
145008203	145008	2	3	4104011;3000003	30;90000	1
145008204	145008	2	4	4104011;3000003	40;160000	1
145008205	145008	2	5	4104011;3000003	50;250000	1
145008206	145008	2	6	4104011;3000003	60;360000	1
145008207	145008	2	7			1
103005101	103005	1	1	4104011;3000003	5;20000	1
103005102	103005	1	2	4104011;3000003	10;40000	1
103005103	103005	1	3	4104011;3000003	10;70000	1
103005104	103005	1	4	4104011;3000003	20;100000	1
103005105	103005	1	5	4104011;3000003	20;140000	1
103005106	103005	1	6	4104011;3000003	30;180000	1
103005107	103005	1	7	4104011;3000003	30;220000	1
103005108	103005	1	8	4104011;3000003	40;260000	1
103005109	103005	1	9	4104011;3000003	50;300000	1
103005110	103005	1	10			1
103005201	103005	2	1	4104011;3000003	10;10000	1
103005202	103005	2	2	4104011;3000003	20;40000	1
103005203	103005	2	3	4104011;3000003	30;90000	1
103005204	103005	2	4	4104011;3000003	40;160000	1
103005205	103005	2	5	4104011;3000003	50;250000	1
103005206	103005	2	6	4104011;3000003	60;360000	1
103005207	103005	2	7			1
165008101	165008	1	1	4104011;3000003	5;20000	1
165008102	165008	1	2	4104011;3000003	10;40000	1
165008103	165008	1	3	4104011;3000003	10;70000	1
165008104	165008	1	4	4104011;3000003	20;100000	1
165008105	165008	1	5	4104011;3000003	20;140000	1
165008106	165008	1	6	4104011;3000003	30;180000	1
165008107	165008	1	7	4104011;3000003	30;220000	1
165008108	165008	1	8	4104011;3000003	40;260000	1
165008109	165008	1	9	4104011;3000003	50;300000	1
165008110	165008	1	10			1
165008201	165008	2	1	4104011;3000003	10;10000	1
165008202	165008	2	2	4104011;3000003	20;40000	1
165008203	165008	2	3	4104011;3000003	30;90000	1
165008204	165008	2	4	4104011;3000003	40;160000	1
165008205	165008	2	5	4104011;3000003	50;250000	1
165008206	165008	2	6	4104011;3000003	60;360000	1
165008207	165008	2	7			1
135002101	135002	1	1	4104011;3000003	5;20000	1
135002102	135002	1	2	4104011;3000003	10;40000	1
135002103	135002	1	3	4104011;3000003	10;70000	1
135002104	135002	1	4	4104011;3000003	20;100000	1
135002105	135002	1	5	4104011;3000003	20;140000	1
135002106	135002	1	6	4104011;3000003	30;180000	1
135002107	135002	1	7	4104011;3000003	30;220000	1
135002108	135002	1	8	4104011;3000003	40;260000	1
135002109	135002	1	9	4104011;3000003	50;300000	1
135002110	135002	1	10			1
135002201	135002	2	1	4104011;3000003	10;10000	1
135002202	135002	2	2	4104011;3000003	20;40000	1
135002203	135002	2	3	4104011;3000003	30;90000	1
135002204	135002	2	4	4104011;3000003	40;160000	1
135002205	135002	2	5	4104011;3000003	50;250000	1
135002206	135002	2	6	4104011;3000003	60;360000	1
135002207	135002	2	7			1
144002101	144002	1	1	4104011;3000003	5;20000	1
144002102	144002	1	2	4104011;3000003	10;40000	1
144002103	144002	1	3	4104011;3000003	10;70000	1
144002104	144002	1	4	4104011;3000003	20;100000	1
144002105	144002	1	5	4104011;3000003	20;140000	1
144002106	144002	1	6	4104011;3000003	30;180000	1
144002107	144002	1	7	4104011;3000003	30;220000	1
144002108	144002	1	8	4104011;3000003	40;260000	1
144002109	144002	1	9	4104011;3000003	50;300000	1
144002110	144002	1	10			1
144002201	144002	2	1	4104011;3000003	10;10000	1
144002202	144002	2	2	4104011;3000003	20;40000	1
144002203	144002	2	3	4104011;3000003	30;90000	1
144002204	144002	2	4	4104011;3000003	40;160000	1
144002205	144002	2	5	4104011;3000003	50;250000	1
144002206	144002	2	6	4104011;3000003	60;360000	1
144002207	144002	2	7			1
166008101	166008	1	1	4104011;3000003	5;20000	1
166008102	166008	1	2	4104011;3000003	10;40000	1
166008103	166008	1	3	4104011;3000003	10;70000	1
166008104	166008	1	4	4104011;3000003	20;100000	1
166008105	166008	1	5	4104011;3000003	20;140000	1
166008106	166008	1	6	4104011;3000003	30;180000	1
166008107	166008	1	7	4104011;3000003	30;220000	1
166008108	166008	1	8	4104011;3000003	40;260000	1
166008109	166008	1	9	4104011;3000003	50;300000	1
166008110	166008	1	10			1
166008201	166008	2	1	4104011;3000003	10;10000	1
166008202	166008	2	2	4104011;3000003	20;40000	1
166008203	166008	2	3	4104011;3000003	30;90000	1
166008204	166008	2	4	4104011;3000003	40;160000	1
166008205	166008	2	5	4104011;3000003	50;250000	1
166008206	166008	2	6	4104011;3000003	60;360000	1
166008207	166008	2	7			1
103010101	103010	1	1	4104011;3000003	5;20000	1
103010102	103010	1	2	4104011;3000003	10;40000	1
103010103	103010	1	3	4104011;3000003	10;70000	1
103010104	103010	1	4	4104011;3000003	20;100000	1
103010105	103010	1	5	4104011;3000003	20;140000	1
103010106	103010	1	6	4104011;3000003	30;180000	1
103010107	103010	1	7	4104011;3000003	30;220000	1
103010108	103010	1	8	4104011;3000003	40;260000	1
103010109	103010	1	9	4104011;3000003	50;300000	1
103010110	103010	1	10			1
103010201	103010	2	1	4104011;3000003	10;10000	1
103010202	103010	2	2	4104011;3000003	20;40000	1
103010203	103010	2	3	4104011;3000003	30;90000	1
103010204	103010	2	4	4104011;3000003	40;160000	1
103010205	103010	2	5	4104011;3000003	50;250000	1
103010206	103010	2	6	4104011;3000003	60;360000	1
103010207	103010	2	7			1
167008101	167008	1	1	4104011;3000003	5;20000	1
167008102	167008	1	2	4104011;3000003	10;40000	1
167008103	167008	1	3	4104011;3000003	10;70000	1
167008104	167008	1	4	4104011;3000003	20;100000	1
167008105	167008	1	5	4104011;3000003	20;140000	1
167008106	167008	1	6	4104011;3000003	30;180000	1
167008107	167008	1	7	4104011;3000003	30;220000	1
167008108	167008	1	8	4104011;3000003	40;260000	1
167008109	167008	1	9	4104011;3000003	50;300000	1
167008110	167008	1	10			1
167008201	167008	2	1	4104011;3000003	10;10000	1
167008202	167008	2	2	4104011;3000003	20;40000	1
167008203	167008	2	3	4104011;3000003	30;90000	1
167008204	167008	2	4	4104011;3000003	40;160000	1
167008205	167008	2	5	4104011;3000003	50;250000	1
167008206	167008	2	6	4104011;3000003	60;360000	1
167008207	167008	2	7			1
102017101	102017	1	1	4104011;3000003	5;20000	1
102017102	102017	1	2	4104011;3000003	10;40000	1
102017103	102017	1	3	4104011;3000003	10;70000	1
102017104	102017	1	4	4104011;3000003	20;100000	1
102017105	102017	1	5	4104011;3000003	20;140000	1
102017106	102017	1	6	4104011;3000003	30;180000	1
102017107	102017	1	7	4104011;3000003	30;220000	1
102017108	102017	1	8	4104011;3000003	40;260000	1
102017109	102017	1	9	4104011;3000003	50;300000	1
102017110	102017	1	10			1
102017201	102017	2	1	4104011;3000003	10;10000	1
102017202	102017	2	2	4104011;3000003	20;40000	1
102017203	102017	2	3	4104011;3000003	30;90000	1
102017204	102017	2	4	4104011;3000003	40;160000	1
102017205	102017	2	5	4104011;3000003	50;250000	1
102017206	102017	2	6	4104011;3000003	60;360000	1
102017207	102017	2	7			1
104004101	104004	1	1	4104011;3000003	5;20000	1
104004102	104004	1	2	4104011;3000003	10;40000	1
104004103	104004	1	3	4104011;3000003	10;70000	1
104004104	104004	1	4	4104011;3000003	20;100000	1
104004105	104004	1	5	4104011;3000003	20;140000	1
104004106	104004	1	6	4104011;3000003	30;180000	1
104004107	104004	1	7	4104011;3000003	30;220000	1
104004108	104004	1	8	4104011;3000003	40;260000	1
104004109	104004	1	9	4104011;3000003	50;300000	1
104004110	104004	1	10			1
104004201	104004	2	1	4104011;3000003	10;10000	1
104004202	104004	2	2	4104011;3000003	20;40000	1
104004203	104004	2	3	4104011;3000003	30;90000	1
104004204	104004	2	4	4104011;3000003	40;160000	1
104004205	104004	2	5	4104011;3000003	50;250000	1
104004206	104004	2	6	4104011;3000003	60;360000	1
104004207	104004	2	7			1
170008101	170008	1	1	4104011;3000003	5;20000	1
170008102	170008	1	2	4104011;3000003	10;40000	1
170008103	170008	1	3	4104011;3000003	10;70000	1
170008104	170008	1	4	4104011;3000003	20;100000	1
170008105	170008	1	5	4104011;3000003	20;140000	1
170008106	170008	1	6	4104011;3000003	30;180000	1
170008107	170008	1	7	4104011;3000003	30;220000	1
170008108	170008	1	8	4104011;3000003	40;260000	1
170008109	170008	1	9	4104011;3000003	50;300000	1
170008110	170008	1	10			1
170008201	170008	2	1	4104011;3000003	10;10000	1
170008202	170008	2	2	4104011;3000003	20;40000	1
170008203	170008	2	3	4104011;3000003	30;90000	1
170008204	170008	2	4	4104011;3000003	40;160000	1
170008205	170008	2	5	4104011;3000003	50;250000	1
170008206	170008	2	6	4104011;3000003	60;360000	1
170008207	170008	2	7			1
102013101	102013	1	1	4104011;3000003	5;20000	1
102013102	102013	1	2	4104011;3000003	10;40000	1
102013103	102013	1	3	4104011;3000003	10;70000	1
102013104	102013	1	4	4104011;3000003	20;100000	1
102013105	102013	1	5	4104011;3000003	20;140000	1
102013106	102013	1	6	4104011;3000003	30;180000	1
102013107	102013	1	7	4104011;3000003	30;220000	1
102013108	102013	1	8	4104011;3000003	40;260000	1
102013109	102013	1	9	4104011;3000003	50;300000	1
102013110	102013	1	10			1
102013201	102013	2	1	4104011;3000003	10;10000	1
102013202	102013	2	2	4104011;3000003	20;40000	1
102013203	102013	2	3	4104011;3000003	30;90000	1
102013204	102013	2	4	4104011;3000003	40;160000	1
102013205	102013	2	5	4104011;3000003	50;250000	1
102013206	102013	2	6	4104011;3000003	60;360000	1
102013207	102013	2	7			1
104002101	104002	1	1	4104011;3000003	5;20000	1
104002102	104002	1	2	4104011;3000003	10;40000	1
104002103	104002	1	3	4104011;3000003	10;70000	1
104002104	104002	1	4	4104011;3000003	20;100000	1
104002105	104002	1	5	4104011;3000003	20;140000	1
104002106	104002	1	6	4104011;3000003	30;180000	1
104002107	104002	1	7	4104011;3000003	30;220000	1
104002108	104002	1	8	4104011;3000003	40;260000	1
104002109	104002	1	9	4104011;3000003	50;300000	1
104002110	104002	1	10			1
104002201	104002	2	1	4104011;3000003	10;10000	1
104002202	104002	2	2	4104011;3000003	20;40000	1
104002203	104002	2	3	4104011;3000003	30;90000	1
104002204	104002	2	4	4104011;3000003	40;160000	1
104002205	104002	2	5	4104011;3000003	50;250000	1
104002206	104002	2	6	4104011;3000003	60;360000	1
104002207	104002	2	7			1
169008101	169008	1	1	4104011;3000003	5;20000	1
169008102	169008	1	2	4104011;3000003	10;40000	1
169008103	169008	1	3	4104011;3000003	10;70000	1
169008104	169008	1	4	4104011;3000003	20;100000	1
169008105	169008	1	5	4104011;3000003	20;140000	1
169008106	169008	1	6	4104011;3000003	30;180000	1
169008107	169008	1	7	4104011;3000003	30;220000	1
169008108	169008	1	8	4104011;3000003	40;260000	1
169008109	169008	1	9	4104011;3000003	50;300000	1
169008110	169008	1	10			1
169008201	169008	2	1	4104011;3000003	10;10000	1
169008202	169008	2	2	4104011;3000003	20;40000	1
169008203	169008	2	3	4104011;3000003	30;90000	1
169008204	169008	2	4	4104011;3000003	40;160000	1
169008205	169008	2	5	4104011;3000003	50;250000	1
169008206	169008	2	6	4104011;3000003	60;360000	1
169008207	169008	2	7			1
103011101	103011	1	1	4104011;3000003	5;20000	1
103011102	103011	1	2	4104011;3000003	10;40000	1
103011103	103011	1	3	4104011;3000003	10;70000	1
103011104	103011	1	4	4104011;3000003	20;100000	1
103011105	103011	1	5	4104011;3000003	20;140000	1
103011106	103011	1	6	4104011;3000003	30;180000	1
103011107	103011	1	7	4104011;3000003	30;220000	1
103011108	103011	1	8	4104011;3000003	40;260000	1
103011109	103011	1	9	4104011;3000003	50;300000	1
103011110	103011	1	10			1
103011201	103011	2	1	4104011;3000003	10;10000	1
103011202	103011	2	2	4104011;3000003	20;40000	1
103011203	103011	2	3	4104011;3000003	30;90000	1
103011204	103011	2	4	4104011;3000003	40;160000	1
103011205	103011	2	5	4104011;3000003	50;250000	1
103011206	103011	2	6	4104011;3000003	60;360000	1
103011207	103011	2	7			1
171008101	171008	1	1	4104011;3000003	5;20000	1
171008102	171008	1	2	4104011;3000003	10;40000	1
171008103	171008	1	3	4104011;3000003	10;70000	1
171008104	171008	1	4	4104011;3000003	20;100000	1
171008105	171008	1	5	4104011;3000003	20;140000	1
171008106	171008	1	6	4104011;3000003	30;180000	1
171008107	171008	1	7	4104011;3000003	30;220000	1
171008108	171008	1	8	4104011;3000003	40;260000	1
171008109	171008	1	9	4104011;3000003	50;300000	1
171008110	171008	1	10			1
171008201	171008	2	1	4104011;3000003	10;10000	1
171008202	171008	2	2	4104011;3000003	20;40000	1
171008203	171008	2	3	4104011;3000003	30;90000	1
171008204	171008	2	4	4104011;3000003	40;160000	1
171008205	171008	2	5	4104011;3000003	50;250000	1
171008206	171008	2	6	4104011;3000003	60;360000	1
171008207	171008	2	7			1
106005101	106005	1	1	4104011;3000003	5;20000	1
106005102	106005	1	2	4104011;3000003	10;40000	1
106005103	106005	1	3	4104011;3000003	10;70000	1
106005104	106005	1	4	4104011;3000003	20;100000	1
106005105	106005	1	5	4104011;3000003	20;140000	1
106005106	106005	1	6	4104011;3000003	30;180000	1
106005107	106005	1	7	4104011;3000003	30;220000	1
106005108	106005	1	8	4104011;3000003	40;260000	1
106005109	106005	1	9	4104011;3000003	50;300000	1
106005110	106005	1	10			1
106005201	106005	2	1	4104011;3000003	10;10000	1
106005202	106005	2	2	4104011;3000003	20;40000	1
106005203	106005	2	3	4104011;3000003	30;90000	1
106005204	106005	2	4	4104011;3000003	40;160000	1
106005205	106005	2	5	4104011;3000003	50;250000	1
106005206	106005	2	6	4104011;3000003	60;360000	1
106005207	106005	2	7			1
172008101	172008	1	1	4104011;3000003	5;20000	1
172008102	172008	1	2	4104011;3000003	10;40000	1
172008103	172008	1	3	4104011;3000003	10;70000	1
172008104	172008	1	4	4104011;3000003	20;100000	1
172008105	172008	1	5	4104011;3000003	20;140000	1
172008106	172008	1	6	4104011;3000003	30;180000	1
172008107	172008	1	7	4104011;3000003	30;220000	1
172008108	172008	1	8	4104011;3000003	40;260000	1
172008109	172008	1	9	4104011;3000003	50;300000	1
172008110	172008	1	10			1
172008201	172008	2	1	4104011;3000003	10;10000	1
172008202	172008	2	2	4104011;3000003	20;40000	1
172008203	172008	2	3	4104011;3000003	30;90000	1
172008204	172008	2	4	4104011;3000003	40;160000	1
172008205	172008	2	5	4104011;3000003	50;250000	1
172008206	172008	2	6	4104011;3000003	60;360000	1
172008207	172008	2	7			1
173008101	173008	1	1	4104011;3000003	5;20000	1
173008102	173008	1	2	4104011;3000003	10;40000	1
173008103	173008	1	3	4104011;3000003	10;70000	1
173008104	173008	1	4	4104011;3000003	20;100000	1
173008105	173008	1	5	4104011;3000003	20;140000	1
173008106	173008	1	6	4104011;3000003	30;180000	1
173008107	173008	1	7	4104011;3000003	30;220000	1
173008108	173008	1	8	4104011;3000003	40;260000	1
173008109	173008	1	9	4104011;3000003	50;300000	1
173008110	173008	1	10			1
173008201	173008	2	1	4104011;3000003	10;10000	1
173008202	173008	2	2	4104011;3000003	20;40000	1
173008203	173008	2	3	4104011;3000003	30;90000	1
173008204	173008	2	4	4104011;3000003	40;160000	1
173008205	173008	2	5	4104011;3000003	50;250000	1
173008206	173008	2	6	4104011;3000003	60;360000	1
173008207	173008	2	7			1
102010101	102010	1	1	4104011;3000003	5;20000	1
102010102	102010	1	2	4104011;3000003	10;40000	1
102010103	102010	1	3	4104011;3000003	10;70000	1
102010104	102010	1	4	4104011;3000003	20;100000	1
102010105	102010	1	5	4104011;3000003	20;140000	1
102010106	102010	1	6	4104011;3000003	30;180000	1
102010107	102010	1	7	4104011;3000003	30;220000	1
102010108	102010	1	8	4104011;3000003	40;260000	1
102010109	102010	1	9	4104011;3000003	50;300000	1
102010110	102010	1	10			1
102010201	102010	2	1	4104011;3000003	10;10000	1
102010202	102010	2	2	4104011;3000003	20;40000	1
102010203	102010	2	3	4104011;3000003	30;90000	1
102010204	102010	2	4	4104011;3000003	40;160000	1
102010205	102010	2	5	4104011;3000003	50;250000	1
102010206	102010	2	6	4104011;3000003	60;360000	1
102010207	102010	2	7			1