id	pos	type	roleId	attAddTypeId	attAddNum	exId	addBuffId	star	exBuffId	exStar	icon	groupId	costItem	costNum	status
int	int	int	int	int	int	int	int	int	int	int	int	int	int	int	int
10101001	1	1	101010	201;101	40;85						88:talent_ico_740001	1	300022;300003	1200;12000	1
10101002	2	1	101010	101;301	85;1138						88:talent_ico_740001	1	300022;300003	1500;15000	1
10101003	3	1	101010	301;201	1138;40						88:talent_ico_740001	1	300022;300003	1500;15000	1
10101004	4	2	101010	201;101;301;1601	80;171;2275;0.03						88:talent_ico_740001	1	417100;300022;300003	12;3000;30000	1
10101005	5	1	101010	201;101	66;142						88:talent_ico_740002	1	300022;300003	1800;18000	1
10101006	6	1	101010	101;301	142;1896						88:talent_ico_740002	1	300022;300003	2400;24000	1
10101007	7	1	101010	301;201	1896;66						88:talent_ico_740002	1	300022;300003	2400;24000	1
10101008	8	2	101010	201;101;301;1601	133;284;3792;0.05						88:talent_ico_740002	1	417100;300022;300003	18;3600;36000	1
10101009	9	1	101010	101;301	142;1896						88:talent_ico_740002	1	300022;300003	2400;24000	1
10101010	10	1	101010	301;201	1896;66						88:talent_ico_740002	1	300022;300003	2400;24000	1
10101011	11	1	101010	201;101	66;142						88:talent_ico_740002	1	300022;300003	1800;18000	1
10101012	12	3	101010				91011	1			88:talent_ico_71101010	1	417200;300022;300003	12;5400;54000	1
10101013	13	1	101010	201;101	106;228						88:talent_ico_740003	1	300022;300003	3600;36000	1
10101014	14	1	101010	101;301	228;3034						88:talent_ico_740003	1	300022;300003	3600;36000	1
10101015	15	1	101010	301;201	3034;106						88:talent_ico_740003	1	300022;300003	3600;36000	1
10101016	16	3	101010			10101012	92011	1	91011	1	88:talent_ico_72101010	1	417300;300022;300003	12;9000;90000	1
10101017	17	1	101010	301;201	1896;66						88:talent_ico_740002	1	300022;300003	2400;24000	1
10101018	18	1	101010	201;101	66;142						88:talent_ico_740002	1	300022;300003	1800;18000	1
10101019	19	1	101010	101;301	142;1896						88:talent_ico_740002	1	300022;300003	2400;24000	1
10101020	20	3	101010				91005	1			88:talent_ico_81101010	1	417200;300022;300003	12;5400;54000	1
10101021	21	1	101010	101;301	228;3034						88:talent_ico_740003	1	300022;300003	3600;36000	1
10101022	22	1	101010	301;201	3034;106						88:talent_ico_740003	1	300022;300003	3600;36000	1
10101023	23	1	101010	201;101	106;228						88:talent_ico_740003	1	300022;300003	3600;36000	1
10101024	24	2	101010	201;101;301;1601	159;341;4550;0.07						88:talent_ico_740003	1	417200;300022;300003	12;5400;54000	1
10101025	25	1	101010	301;201	3034;106						88:talent_ico_740003	1	300022;300003	3600;36000	1
10101026	26	1	101010	201;101	106;228						88:talent_ico_740003	1	300022;300003	3600;36000	1
10101027	27	1	101010	101;301	228;3034						88:talent_ico_740003	1	300022;300003	3600;36000	1
10101028	28	3	101010			10101020	92005	1	91005	1	88:talent_ico_82101010	1	417300;300022;300003	12;9000;90000	1
10300801	1	1	103008	201;101	42;90						88:talent_ico_740001	1	300022;300003	1600;16000	1
10300802	2	1	103008	101;301	90;1198						88:talent_ico_740001	1	300022;300003	2000;20000	1
10300803	3	1	103008	301;201	1198;42						88:talent_ico_740001	1	300022;300003	2000;20000	1
10300804	4	2	103008	201;101;301;1601	84;180;2395;0.03						88:talent_ico_740001	1	417100;300022;300003	16;4000;40000	1
10300805	5	1	103008	201;101	70;150						88:talent_ico_740002	1	300022;300003	2400;24000	1
10300806	6	1	103008	101;301	150;1996						88:talent_ico_740002	1	300022;300003	3200;32000	1
10300807	7	1	103008	301;201	1996;70						88:talent_ico_740002	1	300022;300003	3200;32000	1
10300808	8	2	103008	201;101;301;1601	140;299;3992;0.05						88:talent_ico_740002	1	417100;300022;300003	24;4800;48000	1
10300809	9	1	103008	101;301	150;1996						88:talent_ico_740002	1	300022;300003	3200;32000	1
10300810	10	1	103008	301;201	1996;70						88:talent_ico_740002	1	300022;300003	3200;32000	1
10300811	11	1	103008	201;101	70;150						88:talent_ico_740002	1	300022;300003	2400;24000	1
10300812	12	3	103008				91011	1			88:talent_ico_71103008	1	417200;300022;300003	16;7200;72000	1
10300813	13	1	103008	201;101	112;240						88:talent_ico_740003	1	300022;300003	4800;48000	1
10300814	14	1	103008	101;301	240;3194						88:talent_ico_740003	1	300022;300003	4800;48000	1
10300815	15	1	103008	301;201	3194;112						88:talent_ico_740003	1	300022;300003	4800;48000	1
10300816	16	3	103008			10300812	92011	1	91011	1	88:talent_ico_72103008	1	417300;300022;300003	16;12000;120000	1
10300817	17	1	103008	301;201	1996;70						88:talent_ico_740002	1	300022;300003	3200;32000	1
10300818	18	1	103008	201;101	70;150						88:talent_ico_740002	1	300022;300003	2400;24000	1
10300819	19	1	103008	101;301	150;1996						88:talent_ico_740002	1	300022;300003	3200;32000	1
10300820	20	3	103008				91005	1			88:talent_ico_81103008	1	417200;300022;300003	16;7200;72000	1
10300821	21	1	103008	101;301	240;3194						88:talent_ico_740003	1	300022;300003	4800;48000	1
10300822	22	1	103008	301;201	3194;112						88:talent_ico_740003	1	300022;300003	4800;48000	1
10300823	23	1	103008	201;101	112;240						88:talent_ico_740003	1	300022;300003	4800;48000	1
10300824	24	2	103008	201;101;301;1601	168;359;4790;0.07						88:talent_ico_740003	1	417200;300022;300003	16;7200;72000	1
10300825	25	1	103008	301;201	3194;112						88:talent_ico_740003	1	300022;300003	4800;48000	1
10300826	26	1	103008	201;101	112;240						88:talent_ico_740003	1	300022;300003	4800;48000	1
10300827	27	1	103008	101;301	240;3194						88:talent_ico_740003	1	300022;300003	4800;48000	1
10300828	28	3	103008			10300820	92005	1	91005	1	88:talent_ico_82103008	1	417300;300022;300003	16;12000;120000	1
10101801	1	1	101018	201;101	47;104						88:talent_ico_740001	1	300022;300003	2000;20000	1
10101802	2	1	101018	101;301	104;1100						88:talent_ico_740001	1	300022;300003	2500;25000	1
10101803	3	1	101018	301;201	1100;47						88:talent_ico_740001	1	300022;300003	2500;25000	1
10101804	4	2	101018	201;101;301;2502	94;208;2201;0.02						88:talent_ico_740001	1	417100;300022;300003	20;5000;50000	1
10101805	5	1	101018	201;101	79;173						88:talent_ico_740002	1	300022;300003	3000;30000	1
10101806	6	1	101018	101;301	173;1834						88:talent_ico_740002	1	300022;300003	4000;40000	1
10101807	7	1	101018	301;201	1834;79						88:talent_ico_740002	1	300022;300003	4000;40000	1
10101808	8	2	101018	201;101;301;401	157;346;3668;200						88:talent_ico_740002	1	417100;300022;300003	30;6000;60000	1
10101809	9	1	101018	101;301	173;1834						88:talent_ico_740002	1	300022;300003	4000;40000	1
10101810	10	1	101018	301;201	1834;79						88:talent_ico_740002	1	300022;300003	4000;40000	1
10101811	11	1	101018	201;101	79;173						88:talent_ico_740002	1	300022;300003	3000;30000	1
10101812	12	3	101018				91011	1			88:talent_ico_71101018	1	417200;300022;300003	20;9000;90000	1
10101813	13	1	101018	201;101	126;277						88:talent_ico_740003	1	300022;300003	6000;60000	1
10101814	14	1	101018	101;301	277;2934						88:talent_ico_740003	1	300022;300003	6000;60000	1
10101815	15	1	101018	301;201	2934;126						88:talent_ico_740003	1	300022;300003	6000;60000	1
10101816	16	3	101018			10101812	92011	1	91011	1	88:talent_ico_72101018	1	417300;300022;300003	20;15000;150000	1
10101817	17	1	101018	301;201	1834;79						88:talent_ico_740002	1	300022;300003	4000;40000	1
10101818	18	1	101018	201;101	79;173						88:talent_ico_740002	1	300022;300003	3000;30000	1
10101819	19	1	101018	101;301	173;1834						88:talent_ico_740002	1	300022;300003	4000;40000	1
10101820	20	3	101018				91020	1			88:talent_ico_81101018	1	417200;300022;300003	20;9000;90000	1
10101821	21	1	101018	101;301	277;2934						88:talent_ico_740003	1	300022;300003	6000;60000	1
10101822	22	1	101018	301;201	2934;126						88:talent_ico_740003	1	300022;300003	6000;60000	1
10101823	23	1	101018	201;101	126;277						88:talent_ico_740003	1	300022;300003	6000;60000	1
10101824	24	2	101018	201;101;301;2502	189;415;4402;0.04						88:talent_ico_740003	1	417200;300022;300003	20;9000;90000	1
10101825	25	1	101018	301;201	2934;126						88:talent_ico_740003	1	300022;300003	6000;60000	1
10101826	26	1	101018	201;101	126;277						88:talent_ico_740003	1	300022;300003	6000;60000	1
10101827	27	1	101018	101;301	277;2934						88:talent_ico_740003	1	300022;300003	6000;60000	1
10101828	28	3	101018			10101820	92020	1	91020	1	88:talent_ico_82101018	1	417300;300022;300003	20;15000;150000	1
10100901	1	1	101009	301;201	928;46						88:talent_ico_720001	1	300022;300003	1600;16000	1
10100902	2	1	101009	201;101	46;102						88:talent_ico_720001	1	300022;300003	2000;20000	1
10100903	3	1	101009	101;301	102;928						88:talent_ico_720001	1	300022;300003	2000;20000	1
10100904	4	2	101009	301;201;101;2502	1856;93;102;0.04						88:talent_ico_720001	1	417100;300022;300003	16;4000;40000	1
10100905	5	1	101009	301;201	1547;77						88:talent_ico_720002	1	300022;300003	2400;24000	1
10100906	6	1	101009	201;101	77;170						88:talent_ico_720002	1	300022;300003	3200;32000	1
10100907	7	1	101009	101;301	170;1547						88:talent_ico_720002	1	300022;300003	3200;32000	1
10100908	8	2	101009	301;201;101;401	3094;155;170;200						88:talent_ico_720002	1	417100;300022;300003	24;4800;48000	1
10100909	9	1	101009	201;101	77;170						88:talent_ico_720002	1	300022;300003	3200;32000	1
10100910	10	1	101009	101;301	170;1547						88:talent_ico_720002	1	300022;300003	3200;32000	1
10100911	11	1	101009	301;201	1547;77						88:talent_ico_720002	1	300022;300003	2400;24000	1
10100912	12	3	101009				93001	1			88:talent_ico_71101009	1	417200;300022;300003	16;7200;72000	1
10100913	13	1	101009	301;201	2475;124						88:talent_ico_720003	1	300022;300003	4800;48000	1
10100914	14	1	101009	201;101	124;271						88:talent_ico_720003	1	300022;300003	4800;48000	1
10100915	15	1	101009	101;301	271;2475						88:talent_ico_720003	1	300022;300003	4800;48000	1
10100916	16	3	101009			10100912	93002	1	93001	1	88:talent_ico_72101009	1	417300;300022;300003	16;12000;120000	1
10100917	17	1	101009	101;301	170;1547						88:talent_ico_720002	1	300022;300003	3200;32000	1
10100918	18	1	101009	301;201	1547;77						88:talent_ico_720002	1	300022;300003	2400;24000	1
10100919	19	1	101009	201;101	77;170						88:talent_ico_720002	1	300022;300003	3200;32000	1
10100920	20	3	101009				91107008	1			88:talent_ico_81101009	1	417200;300022;300003	16;7200;72000	1
10100921	21	1	101009	201;101	124;271						88:talent_ico_720003	1	300022;300003	4800;48000	1
10100922	22	1	101009	101;301	271;2475						88:talent_ico_720003	1	300022;300003	4800;48000	1
10100923	23	1	101009	301;201	2475;124						88:talent_ico_720003	1	300022;300003	4800;48000	1
10100924	24	2	101009	301;201;101;2502	3713;186;204;0.06						88:talent_ico_720003	1	417200;300022;300003	16;7200;72000	1
10100925	25	1	101009	101;301	271;2475						88:talent_ico_720003	1	300022;300003	4800;48000	1
10100926	26	1	101009	301;201	2475;124						88:talent_ico_720003	1	300022;300003	4800;48000	1
10100927	27	1	101009	201;101	124;271						88:talent_ico_720003	1	300022;300003	4800;48000	1
10100928	28	3	101009			10100920	92107008	1	91107008	1	88:talent_ico_82101009	1	417300;300022;300003	16;12000;120000	1
10200401	1	1	102004	301;201	928;46						88:talent_ico_720001	1	300022;300003	1600;16000	1
10200402	2	1	102004	201;101	46;102						88:talent_ico_720001	1	300022;300003	2000;20000	1
10200403	3	1	102004	101;301	102;928						88:talent_ico_720001	1	300022;300003	2000;20000	1
10200404	4	2	102004	301;201;101;2502	1856;93;102;0.04						88:talent_ico_720001	1	417100;300022;300003	16;4000;40000	1
10200405	5	1	102004	301;201	1547;77						88:talent_ico_720002	1	300022;300003	2400;24000	1
10200406	6	1	102004	201;101	77;170						88:talent_ico_720002	1	300022;300003	3200;32000	1
10200407	7	1	102004	101;301	170;1547						88:talent_ico_720002	1	300022;300003	3200;32000	1
10200408	8	2	102004	301;201;101;401	3094;155;170;200						88:talent_ico_720002	1	417100;300022;300003	24;4800;48000	1
10200409	9	1	102004	201;101	77;170						88:talent_ico_720002	1	300022;300003	3200;32000	1
10200410	10	1	102004	101;301	170;1547						88:talent_ico_720002	1	300022;300003	3200;32000	1
10200411	11	1	102004	301;201	1547;77						88:talent_ico_720002	1	300022;300003	2400;24000	1
10200412	12	3	102004				91016	1			88:talent_ico_71102004	1	417200;300022;300003	16;7200;72000	1
10200413	13	1	102004	301;201	2475;124						88:talent_ico_720003	1	300022;300003	4800;48000	1
10200414	14	1	102004	201;101	124;271						88:talent_ico_720003	1	300022;300003	4800;48000	1
10200415	15	1	102004	101;301	271;2475						88:talent_ico_720003	1	300022;300003	4800;48000	1
10200416	16	3	102004			10200412	92016	1	91016	1	88:talent_ico_72102004	1	417300;300022;300003	16;12000;120000	1
10200417	17	1	102004	101;301	170;1547						88:talent_ico_720002	1	300022;300003	3200;32000	1
10200418	18	1	102004	301;201	1547;77						88:talent_ico_720002	1	300022;300003	2400;24000	1
10200419	19	1	102004	201;101	77;170						88:talent_ico_720002	1	300022;300003	3200;32000	1
10200420	20	3	102004				91006	1			88:talent_ico_81102004	1	417200;300022;300003	16;7200;72000	1
10200421	21	1	102004	201;101	124;271						88:talent_ico_720003	1	300022;300003	4800;48000	1
10200422	22	1	102004	101;301	271;2475						88:talent_ico_720003	1	300022;300003	4800;48000	1
10200423	23	1	102004	301;201	2475;124						88:talent_ico_720003	1	300022;300003	4800;48000	1
10200424	24	2	102004	301;201;101;2502	3713;186;204;0.06						88:talent_ico_720003	1	417200;300022;300003	16;7200;72000	1
10200425	25	1	102004	101;301	271;2475						88:talent_ico_720003	1	300022;300003	4800;48000	1
10200426	26	1	102004	301;201	2475;124						88:talent_ico_720003	1	300022;300003	4800;48000	1
10200427	27	1	102004	201;101	124;271						88:talent_ico_720003	1	300022;300003	4800;48000	1
10200428	28	3	102004			10200420	92006	1	91006	1	88:talent_ico_82102004	1	417300;300022;300003	16;12000;120000	1
10201601	1	1	102016	301;201	928;46						88:talent_ico_720001	1	300022;300003	1600;16000	1
10201602	2	1	102016	201;101	46;102						88:talent_ico_720001	1	300022;300003	2000;20000	1
10201603	3	1	102016	101;301	102;928						88:talent_ico_720001	1	300022;300003	2000;20000	1
10201604	4	2	102016	301;201;101;2502	1856;93;102;0.04						88:talent_ico_720001	1	417100;300022;300003	16;4000;40000	1
10201605	5	1	102016	301;201	1547;77						88:talent_ico_720002	1	300022;300003	2400;24000	1
10201606	6	1	102016	201;101	77;170						88:talent_ico_720002	1	300022;300003	3200;32000	1
10201607	7	1	102016	101;301	170;1547						88:talent_ico_720002	1	300022;300003	3200;32000	1
10201608	8	2	102016	301;201;101;401	3094;155;170;200						88:talent_ico_720002	1	417100;300022;300003	24;4800;48000	1
10201609	9	1	102016	201;101	77;170						88:talent_ico_720002	1	300022;300003	3200;32000	1
10201610	10	1	102016	101;301	170;1547						88:talent_ico_720002	1	300022;300003	3200;32000	1
10201611	11	1	102016	301;201	1547;77						88:talent_ico_720002	1	300022;300003	2400;24000	1
10201612	12	3	102016				91023	1			88:talent_ico_71102016	1	417200;300022;300003	16;7200;72000	1
10201613	13	1	102016	301;201	2475;124						88:talent_ico_720003	1	300022;300003	4800;48000	1
10201614	14	1	102016	201;101	124;271						88:talent_ico_720003	1	300022;300003	4800;48000	1
10201615	15	1	102016	101;301	271;2475						88:talent_ico_720003	1	300022;300003	4800;48000	1
10201616	16	3	102016			10201612	92023	1	91023	1	88:talent_ico_72102016	1	417300;300022;300003	16;12000;120000	1
10201617	17	1	102016	101;301	170;1547						88:talent_ico_720002	1	300022;300003	3200;32000	1
10201618	18	1	102016	301;201	1547;77						88:talent_ico_720002	1	300022;300003	2400;24000	1
10201619	19	1	102016	201;101	77;170						88:talent_ico_720002	1	300022;300003	3200;32000	1
10201620	20	3	102016				91006	1			88:talent_ico_81102016	1	417200;300022;300003	16;7200;72000	1
10201621	21	1	102016	201;101	124;271						88:talent_ico_720003	1	300022;300003	4800;48000	1
10201622	22	1	102016	101;301	271;2475						88:talent_ico_720003	1	300022;300003	4800;48000	1
10201623	23	1	102016	301;201	2475;124						88:talent_ico_720003	1	300022;300003	4800;48000	1
10201624	24	2	102016	301;201;101;2502	3713;186;204;0.06						88:talent_ico_720003	1	417200;300022;300003	16;7200;72000	1
10201625	25	1	102016	101;301	271;2475						88:talent_ico_720003	1	300022;300003	4800;48000	1
10201626	26	1	102016	301;201	2475;124						88:talent_ico_720003	1	300022;300003	4800;48000	1
10201627	27	1	102016	201;101	124;271						88:talent_ico_720003	1	300022;300003	4800;48000	1
10201628	28	3	102016			10201620	92006	1	91006	1	88:talent_ico_82102016	1	417300;300022;300003	16;12000;120000	1
10300101	1	1	103001	301;201	882;44						88:talent_ico_720001	1	300022;300003	1200;12000	1
10300102	2	1	103001	201;101	44;97						88:talent_ico_720001	1	300022;300003	1500;15000	1
10300103	3	1	103001	101;301	97;882						88:talent_ico_720001	1	300022;300003	1500;15000	1
10300104	4	2	103001	301;201;101;2502	1763;88;97;0.04						88:talent_ico_720001	1	417100;300022;300003	12;3000;30000	1
10300105	5	1	103001	301;201	1469;73						88:talent_ico_720002	1	300022;300003	1800;18000	1
10300106	6	1	103001	201;101	73;161						88:talent_ico_720002	1	300022;300003	2400;24000	1
10300107	7	1	103001	101;301	161;1469						88:talent_ico_720002	1	300022;300003	2400;24000	1
10300108	8	2	103001	301;201;101;401	2939;147;161;200						88:talent_ico_720002	1	417100;300022;300003	18;3600;36000	1
10300109	9	1	103001	201;101	73;161						88:talent_ico_720002	1	300022;300003	2400;24000	1
10300110	10	1	103001	101;301	161;1469						88:talent_ico_720002	1	300022;300003	2400;24000	1
10300111	11	1	103001	301;201	1469;73						88:talent_ico_720002	1	300022;300003	1800;18000	1
10300112	12	3	103001				91025	1			88:talent_ico_71103001	1	417200;300022;300003	12;5400;54000	1
10300113	13	1	103001	301;201	2351;118						88:talent_ico_720003	1	300022;300003	3600;36000	1
10300114	14	1	103001	201;101	118;258						88:talent_ico_720003	1	300022;300003	3600;36000	1
10300115	15	1	103001	101;301	258;2351						88:talent_ico_720003	1	300022;300003	3600;36000	1
10300116	16	3	103001			10300112	92025	1	91025	1	88:talent_ico_72103001	1	417300;300022;300003	12;9000;90000	1
10300117	17	1	103001	101;301	161;1469						88:talent_ico_720002	1	300022;300003	2400;24000	1
10300118	18	1	103001	301;201	1469;73						88:talent_ico_720002	1	300022;300003	1800;18000	1
10300119	19	1	103001	201;101	73;161						88:talent_ico_720002	1	300022;300003	2400;24000	1
10300120	20	3	103001				93001	1			88:talent_ico_81103001	1	417200;300022;300003	12;5400;54000	1
10300121	21	1	103001	201;101	118;258						88:talent_ico_720003	1	300022;300003	3600;36000	1
10300122	22	1	103001	101;301	258;2351						88:talent_ico_720003	1	300022;300003	3600;36000	1
10300123	23	1	103001	301;201	2351;118						88:talent_ico_720003	1	300022;300003	3600;36000	1
10300124	24	2	103001	301;201;101;2502	3527;176;193;0.06						88:talent_ico_720003	1	417200;300022;300003	12;5400;54000	1
10300125	25	1	103001	101;301	258;2351						88:talent_ico_720003	1	300022;300003	3600;36000	1
10300126	26	1	103001	301;201	2351;118						88:talent_ico_720003	1	300022;300003	3600;36000	1
10300127	27	1	103001	201;101	118;258						88:talent_ico_720003	1	300022;300003	3600;36000	1
10300128	28	3	103001			10300120	93002	1	93001	1	88:talent_ico_82103001	1	417300;300022;300003	12;9000;90000	1
10301001	1	1	103010	301;201	975;49						88:talent_ico_720001	1	300022;300003	2000;20000	1
10301002	2	1	103010	201;101	49;119						88:talent_ico_720001	1	300022;300003	2500;25000	1
10301003	3	1	103010	101;301	119;975						88:talent_ico_720001	1	300022;300003	2500;25000	1
10301004	4	2	103010	301;201;101;1501	1949;97;119;0.02						88:talent_ico_720001	1	417100;300022;300003	20;5000;50000	1
10301005	5	1	103010	301;201	1624;81						88:talent_ico_720002	1	300022;300003	3000;30000	1
10301006	6	1	103010	201;101	81;199						88:talent_ico_720002	1	300022;300003	4000;40000	1
10301007	7	1	103010	101;301	199;1624						88:talent_ico_720002	1	300022;300003	4000;40000	1
10301008	8	2	103010	301;201;101;1501	3249;162;199;0.04						88:talent_ico_720002	1	417100;300022;300003	30;6000;60000	1
10301009	9	1	103010	201;101	81;199						88:talent_ico_720002	1	300022;300003	4000;40000	1
10301010	10	1	103010	101;301	199;1624						88:talent_ico_720002	1	300022;300003	4000;40000	1
10301011	11	1	103010	301;201	1624;81						88:talent_ico_720002	1	300022;300003	3000;30000	1
10301012	12	3	103010				91030	1			88:talent_ico_71103010	1	417200;300022;300003	20;9000;90000	1
10301013	13	1	103010	301;201	2599;130						88:talent_ico_720003	1	300022;300003	6000;60000	1
10301014	14	1	103010	201;101	130;319						88:talent_ico_720003	1	300022;300003	6000;60000	1
10301015	15	1	103010	101;301	319;2599						88:talent_ico_720003	1	300022;300003	6000;60000	1
10301016	16	3	103010			10301012	91030	2	91030	1	88:talent_ico_72103010	1	417300;300022;300003	20;15000;150000	1
10301017	17	1	103010	101;301	199;1624						88:talent_ico_720002	1	300022;300003	4000;40000	1
10301018	18	1	103010	301;201	1624;81						88:talent_ico_720002	1	300022;300003	3000;30000	1
10301019	19	1	103010	201;101	81;199						88:talent_ico_720002	1	300022;300003	4000;40000	1
10301020	20	3	103010				92030	1			88:talent_ico_81103010	1	417200;300022;300003	20;9000;90000	1
10301021	21	1	103010	201;101	130;319						88:talent_ico_720003	1	300022;300003	6000;60000	1
10301022	22	1	103010	101;301	319;2599						88:talent_ico_720003	1	300022;300003	6000;60000	1
10301023	23	1	103010	301;201	2599;130						88:talent_ico_720003	1	300022;300003	6000;60000	1
10301024	24	2	103010	301;201;101;1501	3899;195;239;0.06						88:talent_ico_720003	1	417200;300022;300003	20;9000;90000	1
10301025	25	1	103010	101;301	319;2599						88:talent_ico_720003	1	300022;300003	6000;60000	1
10301026	26	1	103010	301;201	2599;130						88:talent_ico_720003	1	300022;300003	6000;60000	1
10301027	27	1	103010	201;101	130;319						88:talent_ico_720003	1	300022;300003	6000;60000	1
10301028	28	3	103010			10301020	92030	2	92030	1	88:talent_ico_82103010	1	417300;300022;300003	20;15000;150000	1
10301101	1	1	103011	301;201	778;45						88:talent_ico_730001	1	300022;300003	1600;16000	1
10301102	2	1	103011	201;101	45;126						88:talent_ico_730001	1	300022;300003	2000;20000	1
10301103	3	1	103011	101;301	126;778						88:talent_ico_730001	1	300022;300003	2000;20000	1
10301104	4	2	103011	301;201;101;603	1557;90;126;0.02						88:talent_ico_730001	1	417100;300022;300003	16;4000;40000	1
10301105	5	1	103011	301;201	1297;75						88:talent_ico_730002	1	300022;300003	2400;24000	1
10301106	6	1	103011	201;101	75;210						88:talent_ico_730002	1	300022;300003	3200;32000	1
10301107	7	1	103011	101;301	210;1297						88:talent_ico_730002	1	300022;300003	3200;32000	1
10301108	8	2	103011	301;201;101;603	2595;150;210;0.03						88:talent_ico_730002	1	417100;300022;300003	24;4800;48000	1
10301109	9	1	103011	201;101	75;210						88:talent_ico_730002	1	300022;300003	3200;32000	1
10301110	10	1	103011	101;301	210;1297						88:talent_ico_730002	1	300022;300003	3200;32000	1
10301111	11	1	103011	301;201	1297;75						88:talent_ico_730002	1	300022;300003	2400;24000	1
10301112	12	3	103011				91015	1			88:talent_ico_71103011	1	417200;300022;300003	16;7200;72000	1
10301113	13	1	103011	301;201	2076;120						88:talent_ico_730003	1	300022;300003	4800;48000	1
10301114	14	1	103011	201;101	120;335						88:talent_ico_730003	1	300022;300003	4800;48000	1
10301115	15	1	103011	101;301	335;2076						88:talent_ico_730003	1	300022;300003	4800;48000	1
10301116	16	3	103011			10301112	92015	1	91015	1	88:talent_ico_72103011	1	417300;300022;300003	16;12000;120000	1
10301117	17	1	103011	101;301	210;1297						88:talent_ico_730002	1	300022;300003	3200;32000	1
10301118	18	1	103011	301;201	1297;75						88:talent_ico_730002	1	300022;300003	2400;24000	1
10301119	19	1	103011	201;101	75;210						88:talent_ico_730002	1	300022;300003	3200;32000	1
10301120	20	3	103011				93001	1			88:talent_ico_81103011	1	417200;300022;300003	16;7200;72000	1
10301121	21	1	103011	201;101	120;335						88:talent_ico_730003	1	300022;300003	4800;48000	1
10301122	22	1	103011	101;301	335;2076						88:talent_ico_730003	1	300022;300003	4800;48000	1
10301123	23	1	103011	301;201	2076;120						88:talent_ico_730003	1	300022;300003	4800;48000	1
10301124	24	2	103011	301;201;101;603	3114;180;251;0.03						88:talent_ico_730003	1	417200;300022;300003	16;7200;72000	1
10301125	25	1	103011	101;301	335;2076						88:talent_ico_730003	1	300022;300003	4800;48000	1
10301126	26	1	103011	301;201	2076;120						88:talent_ico_730003	1	300022;300003	4800;48000	1
10301127	27	1	103011	201;101	120;335						88:talent_ico_730003	1	300022;300003	4800;48000	1
10301128	28	3	103011			10301120	93002	1	93001	1	88:talent_ico_82103011	1	417300;300022;300003	16;12000;120000	1
10400601	1	1	104006	301;201	882;44						88:talent_ico_720001	1	300022;300003	1200;12000	1
10400602	2	1	104006	201;101	44;97						88:talent_ico_720001	1	300022;300003	1500;15000	1
10400603	3	1	104006	101;301	97;882						88:talent_ico_720001	1	300022;300003	1500;15000	1
10400604	4	2	104006	301;201;101;2502	1763;88;97;0.04						88:talent_ico_720001	1	417100;300022;300003	12;3000;30000	1
10400605	5	1	104006	301;201	1469;73						88:talent_ico_720002	1	300022;300003	1800;18000	1
10400606	6	1	104006	201;101	73;161						88:talent_ico_720002	1	300022;300003	2400;24000	1
10400607	7	1	104006	101;301	161;1469						88:talent_ico_720002	1	300022;300003	2400;24000	1
10400608	8	2	104006	301;201;101;401	2939;147;161;200						88:talent_ico_720002	1	417100;300022;300003	18;3600;36000	1
10400609	9	1	104006	201;101	73;161						88:talent_ico_720002	1	300022;300003	2400;24000	1
10400610	10	1	104006	101;301	161;1469						88:talent_ico_720002	1	300022;300003	2400;24000	1
10400611	11	1	104006	301;201	1469;73						88:talent_ico_720002	1	300022;300003	1800;18000	1
10400612	12	3	104006				91031	1			88:talent_ico_71104006	1	417200;300022;300003	12;5400;54000	1
10400613	13	1	104006	301;201	2351;118						88:talent_ico_720003	1	300022;300003	3600;36000	1
10400614	14	1	104006	201;101	118;258						88:talent_ico_720003	1	300022;300003	3600;36000	1
10400615	15	1	104006	101;301	258;2351						88:talent_ico_720003	1	300022;300003	3600;36000	1
10400616	16	3	104006			10400612	91031	2	91031	1	88:talent_ico_72104006	1	417300;300022;300003	12;9000;90000	1
10400617	17	1	104006	101;301	161;1469						88:talent_ico_720002	1	300022;300003	2400;24000	1
10400618	18	1	104006	301;201	1469;73						88:talent_ico_720002	1	300022;300003	1800;18000	1
10400619	19	1	104006	201;101	73;161						88:talent_ico_720002	1	300022;300003	2400;24000	1
10400620	20	3	104006				91107008	1			88:talent_ico_81104006	1	417200;300022;300003	12;5400;54000	1
10400621	21	1	104006	201;101	118;258						88:talent_ico_720003	1	300022;300003	3600;36000	1
10400622	22	1	104006	101;301	258;2351						88:talent_ico_720003	1	300022;300003	3600;36000	1
10400623	23	1	104006	301;201	2351;118						88:talent_ico_720003	1	300022;300003	3600;36000	1
10400624	24	2	104006	301;201;101;2502	3527;176;193;0.06						88:talent_ico_720003	1	417200;300022;300003	12;5400;54000	1
10400625	25	1	104006	101;301	258;2351						88:talent_ico_720003	1	300022;300003	3600;36000	1
10400626	26	1	104006	301;201	2351;118						88:talent_ico_720003	1	300022;300003	3600;36000	1
10400627	27	1	104006	201;101	118;258						88:talent_ico_720003	1	300022;300003	3600;36000	1
10400628	28	3	104006			10400620	92107008	1	91107008	1	88:talent_ico_82104006	1	417300;300022;300003	12;9000;90000	1
10400801	1	1	104008	301;201	928;46						88:talent_ico_720001	1	300022;300003	1600;16000	1
10400802	2	1	104008	201;101	46;102						88:talent_ico_720001	1	300022;300003	2000;20000	1
10400803	3	1	104008	101;301	102;928						88:talent_ico_720001	1	300022;300003	2000;20000	1
10400804	4	2	104008	301;201;101;2502	1856;93;102;0.04						88:talent_ico_720001	1	417100;300022;300003	16;4000;40000	1
10400805	5	1	104008	301;201	1547;77						88:talent_ico_720002	1	300022;300003	2400;24000	1
10400806	6	1	104008	201;101	77;170						88:talent_ico_720002	1	300022;300003	3200;32000	1
10400807	7	1	104008	101;301	170;1547						88:talent_ico_720002	1	300022;300003	3200;32000	1
10400808	8	2	104008	301;201;101;401	3094;155;170;200						88:talent_ico_720002	1	417100;300022;300003	24;4800;48000	1
10400809	9	1	104008	201;101	77;170						88:talent_ico_720002	1	300022;300003	3200;32000	1
10400810	10	1	104008	101;301	170;1547						88:talent_ico_720002	1	300022;300003	3200;32000	1
10400811	11	1	104008	301;201	1547;77						88:talent_ico_720002	1	300022;300003	2400;24000	1
10400812	12	3	104008				91023	1			88:talent_ico_71104008	1	417200;300022;300003	16;7200;72000	1
10400813	13	1	104008	301;201	2475;124						88:talent_ico_720003	1	300022;300003	4800;48000	1
10400814	14	1	104008	201;101	124;271						88:talent_ico_720003	1	300022;300003	4800;48000	1
10400815	15	1	104008	101;301	271;2475						88:talent_ico_720003	1	300022;300003	4800;48000	1
10400816	16	3	104008			10400812	92023	1	91023	1	88:talent_ico_72104008	1	417300;300022;300003	16;12000;120000	1
10400817	17	1	104008	101;301	170;1547						88:talent_ico_720002	1	300022;300003	3200;32000	1
10400818	18	1	104008	301;201	1547;77						88:talent_ico_720002	1	300022;300003	2400;24000	1
10400819	19	1	104008	201;101	77;170						88:talent_ico_720002	1	300022;300003	3200;32000	1
10400820	20	3	104008				91006	1			88:talent_ico_81104008	1	417200;300022;300003	16;7200;72000	1
10400821	21	1	104008	201;101	124;271						88:talent_ico_720003	1	300022;300003	4800;48000	1
10400822	22	1	104008	101;301	271;2475						88:talent_ico_720003	1	300022;300003	4800;48000	1
10400823	23	1	104008	301;201	2475;124						88:talent_ico_720003	1	300022;300003	4800;48000	1
10400824	24	2	104008	301;201;101;2502	3713;186;204;0.06						88:talent_ico_720003	1	417200;300022;300003	16;7200;72000	1
10400825	25	1	104008	101;301	271;2475						88:talent_ico_720003	1	300022;300003	4800;48000	1
10400826	26	1	104008	301;201	2475;124						88:talent_ico_720003	1	300022;300003	4800;48000	1
10400827	27	1	104008	201;101	124;271						88:talent_ico_720003	1	300022;300003	4800;48000	1
10400828	28	3	104008			10400820	92006	1	91006	1	88:talent_ico_82104008	1	417300;300022;300003	16;12000;120000	1
10201201	1	1	102012	101;201	90;48						88:talent_ico_710001	1	300022;300003	1600;16000	1
10201202	2	1	102012	201;301	48;1287						88:talent_ico_710001	1	300022;300003	2000;20000	1
10201203	3	1	102012	301;101	1287;90						88:talent_ico_710001	1	300022;300003	2000;20000	1
10201204	4	2	102012	101;201;301;2101	180;96;1287;0.02						88:talent_ico_710001	1	417100;300022;300003	16;4000;40000	1
10201205	5	1	102012	101;201	150;80						88:talent_ico_710002	1	300022;300003	2400;24000	1
10201206	6	1	102012	201;301	80;2146						88:talent_ico_710002	1	300022;300003	3200;32000	1
10201207	7	1	102012	301;101	2146;150						88:talent_ico_710002	1	300022;300003	3200;32000	1
10201208	8	2	102012	101;201;301;2502	299;160;2146;0.04						88:talent_ico_710002	1	417100;300022;300003	24;4800;48000	1
10201209	9	1	102012	201;301	80;2146						88:talent_ico_710002	1	300022;300003	3200;32000	1
10201210	10	1	102012	301;101	2146;150						88:talent_ico_710002	1	300022;300003	3200;32000	1
10201211	11	1	102012	101;201	150;80						88:talent_ico_710002	1	300022;300003	2400;24000	1
10201212	12	3	102012				91016	1			88:talent_ico_71102012	1	417200;300022;300003	16;7200;72000	1
10201213	13	1	102012	101;201	240;128						88:talent_ico_710003	1	300022;300003	4800;48000	1
10201214	14	1	102012	201;301	128;3433						88:talent_ico_710003	1	300022;300003	4800;48000	1
10201215	15	1	102012	301;101	3433;240						88:talent_ico_710003	1	300022;300003	4800;48000	1
10201216	16	3	102012			10201212	92016	1	91016	1	88:talent_ico_72102012	1	417300;300022;300003	16;12000;120000	1
10201217	17	1	102012	301;101	2146;150						88:talent_ico_710002	1	300022;300003	3200;32000	1
10201218	18	1	102012	101;201	150;80						88:talent_ico_710002	1	300022;300003	2400;24000	1
10201219	19	1	102012	201;301	80;2146						88:talent_ico_710002	1	300022;300003	3200;32000	1
10201220	20	3	102012				91020	1			88:talent_ico_81102012	1	417200;300022;300003	16;7200;72000	1
10201221	21	1	102012	201;301	128;3433						88:talent_ico_710003	1	300022;300003	4800;48000	1
10201222	22	1	102012	301;101	3433;240						88:talent_ico_710003	1	300022;300003	4800;48000	1
10201223	23	1	102012	101;201	240;128						88:talent_ico_710003	1	300022;300003	4800;48000	1
10201224	24	2	102012	101;201;301;2101	359;192;2575;0.04						88:talent_ico_710003	1	417200;300022;300003	16;7200;72000	1
10201225	25	1	102012	301;101	3433;240						88:talent_ico_710003	1	300022;300003	4800;48000	1
10201226	26	1	102012	101;201	240;128						88:talent_ico_710003	1	300022;300003	4800;48000	1
10201227	27	1	102012	201;301	128;3433						88:talent_ico_710003	1	300022;300003	4800;48000	1
10201228	28	3	102012			10201220	92020	1	91020	1	88:talent_ico_82102012	1	417300;300022;300003	16;12000;120000	1
10300301	1	1	103003	201;101	44;94						88:talent_ico_740001	1	300022;300003	2000;20000	1
10300302	2	1	103003	101;301	94;1258						88:talent_ico_740001	1	300022;300003	2500;25000	1
10300303	3	1	103003	301;201	1258;44						88:talent_ico_740001	1	300022;300003	2500;25000	1
10300304	4	2	103003	201;101;301;1601	88;189;2515;0.03						88:talent_ico_740001	1	417100;300022;300003	20;5000;50000	1
10300305	5	1	103003	201;101	73;157						88:talent_ico_740002	1	300022;300003	3000;30000	1
10300306	6	1	103003	101;301	157;2096						88:talent_ico_740002	1	300022;300003	4000;40000	1
10300307	7	1	103003	301;201	2096;73						88:talent_ico_740002	1	300022;300003	4000;40000	1
10300308	8	2	103003	201;101;301;1601	147;314;4192;0.05						88:talent_ico_740002	1	417100;300022;300003	30;6000;60000	1
10300309	9	1	103003	101;301	157;2096						88:talent_ico_740002	1	300022;300003	4000;40000	1
10300310	10	1	103003	301;201	2096;73						88:talent_ico_740002	1	300022;300003	4000;40000	1
10300311	11	1	103003	201;101	73;157						88:talent_ico_740002	1	300022;300003	3000;30000	1
10300312	12	3	103003				91011	1			88:talent_ico_71103003	1	417200;300022;300003	20;9000;90000	1
10300313	13	1	103003	201;101	117;252						88:talent_ico_740003	1	300022;300003	6000;60000	1
10300314	14	1	103003	101;301	252;3354						88:talent_ico_740003	1	300022;300003	6000;60000	1
10300315	15	1	103003	301;201	3354;117						88:talent_ico_740003	1	300022;300003	6000;60000	1
10300316	16	3	103003			10300312	92011	1	91011	1	88:talent_ico_72103003	1	417300;300022;300003	20;15000;150000	1
10300317	17	1	103003	301;201	2096;73						88:talent_ico_740002	1	300022;300003	4000;40000	1
10300318	18	1	103003	201;101	73;157						88:talent_ico_740002	1	300022;300003	3000;30000	1
10300319	19	1	103003	101;301	157;2096						88:talent_ico_740002	1	300022;300003	4000;40000	1
10300320	20	3	103003				91005	1			88:talent_ico_81103003	1	417200;300022;300003	20;9000;90000	1
10300321	21	1	103003	101;301	252;3354						88:talent_ico_740003	1	300022;300003	6000;60000	1
10300322	22	1	103003	301;201	3354;117						88:talent_ico_740003	1	300022;300003	6000;60000	1
10300323	23	1	103003	201;101	117;252						88:talent_ico_740003	1	300022;300003	6000;60000	1
10300324	24	2	103003	201;101;301;1601	176;377;5030;0.07						88:talent_ico_740003	1	417200;300022;300003	20;9000;90000	1
10300325	25	1	103003	301;201	3354;117						88:talent_ico_740003	1	300022;300003	6000;60000	1
10300326	26	1	103003	201;101	117;252						88:talent_ico_740003	1	300022;300003	6000;60000	1
10300327	27	1	103003	101;301	252;3354						88:talent_ico_740003	1	300022;300003	6000;60000	1
10300328	28	3	103003			10300320	92005	1	91005	1	88:talent_ico_82103003	1	417300;300022;300003	20;15000;150000	1
10100701	1	1	101007	201;101	42;90						88:talent_ico_740001	1	300022;300003	1600;16000	1
10100702	2	1	101007	101;301	90;1198						88:talent_ico_740001	1	300022;300003	2000;20000	1
10100703	3	1	101007	301;201	1198;42						88:talent_ico_740001	1	300022;300003	2000;20000	1
10100704	4	2	101007	201;101;301;1601	84;180;2395;0.03						88:talent_ico_740001	1	417100;300022;300003	16;4000;40000	1
10100705	5	1	101007	201;101	70;150						88:talent_ico_740002	1	300022;300003	2400;24000	1
10100706	6	1	101007	101;301	150;1996						88:talent_ico_740002	1	300022;300003	3200;32000	1
10100707	7	1	101007	301;201	1996;70						88:talent_ico_740002	1	300022;300003	3200;32000	1
10100708	8	2	101007	201;101;301;1601	140;299;3992;0.05						88:talent_ico_740002	1	417100;300022;300003	24;4800;48000	1
10100709	9	1	101007	101;301	150;1996						88:talent_ico_740002	1	300022;300003	3200;32000	1
10100710	10	1	101007	301;201	1996;70						88:talent_ico_740002	1	300022;300003	3200;32000	1
10100711	11	1	101007	201;101	70;150						88:talent_ico_740002	1	300022;300003	2400;24000	1
10100712	12	3	101007				91011	1			88:talent_ico_71101007	1	417200;300022;300003	16;7200;72000	1
10100713	13	1	101007	201;101	112;240						88:talent_ico_740003	1	300022;300003	4800;48000	1
10100714	14	1	101007	101;301	240;3194						88:talent_ico_740003	1	300022;300003	4800;48000	1
10100715	15	1	101007	301;201	3194;112						88:talent_ico_740003	1	300022;300003	4800;48000	1
10100716	16	3	101007			10100712	92011	1	91011	1	88:talent_ico_72101007	1	417300;300022;300003	16;12000;120000	1
10100717	17	1	101007	301;201	1996;70						88:talent_ico_740002	1	300022;300003	3200;32000	1
10100718	18	1	101007	201;101	70;150						88:talent_ico_740002	1	300022;300003	2400;24000	1
10100719	19	1	101007	101;301	150;1996						88:talent_ico_740002	1	300022;300003	3200;32000	1
10100720	20	3	101007				91005	1			88:talent_ico_81101007	1	417200;300022;300003	16;7200;72000	1
10100721	21	1	101007	101;301	240;3194						88:talent_ico_740003	1	300022;300003	4800;48000	1
10100722	22	1	101007	301;201	3194;112						88:talent_ico_740003	1	300022;300003	4800;48000	1
10100723	23	1	101007	201;101	112;240						88:talent_ico_740003	1	300022;300003	4800;48000	1
10100724	24	2	101007	201;101;301;1601	168;359;4790;0.07						88:talent_ico_740003	1	417200;300022;300003	16;7200;72000	1
10100725	25	1	101007	301;201	3194;112						88:talent_ico_740003	1	300022;300003	4800;48000	1
10100726	26	1	101007	201;101	112;240						88:talent_ico_740003	1	300022;300003	4800;48000	1
10100727	27	1	101007	101;301	240;3194						88:talent_ico_740003	1	300022;300003	4800;48000	1
10100728	28	3	101007			10100720	92005	1	91005	1	88:talent_ico_82101007	1	417300;300022;300003	16;12000;120000	1
10100201	1	1	101002	301;201	778;45						88:talent_ico_730001	1	300022;300003	1600;16000	1
10100202	2	1	101002	201;101	45;135						88:talent_ico_730001	1	300022;300003	2000;20000	1
10100203	3	1	101002	101;301	135;778						88:talent_ico_730001	1	300022;300003	2000;20000	1
10100204	4	2	101002	301;201;101;1501	1557;90;135;0.04						88:talent_ico_730001	1	417100;300022;300003	16;4000;40000	1
10100205	5	1	101002	301;201	1297;75						88:talent_ico_730002	1	300022;300003	2400;24000	1
10100206	6	1	101002	201;101	75;225						88:talent_ico_730002	1	300022;300003	3200;32000	1
10100207	7	1	101002	101;301	225;1297						88:talent_ico_730002	1	300022;300003	3200;32000	1
10100208	8	2	101002	301;201;101;2502	2595;150;225;0.03						88:talent_ico_730002	1	417100;300022;300003	24;4800;48000	1
10100209	9	1	101002	201;101	75;225						88:talent_ico_730002	1	300022;300003	3200;32000	1
10100210	10	1	101002	101;301	225;1297						88:talent_ico_730002	1	300022;300003	3200;32000	1
10100211	11	1	101002	301;201	1297;75						88:talent_ico_730002	1	300022;300003	2400;24000	1
10100212	12	3	101002				91009	1			88:talent_ico_71101002	1	417200;300022;300003	16;7200;72000	1
10100213	13	1	101002	301;201	2076;120						88:talent_ico_730003	1	300022;300003	4800;48000	1
10100214	14	1	101002	201;101	120;359						88:talent_ico_730003	1	300022;300003	4800;48000	1
10100215	15	1	101002	101;301	359;2076						88:talent_ico_730003	1	300022;300003	4800;48000	1
10100216	16	3	101002			10100212	92009	1	91009	1	88:talent_ico_72101002	1	417300;300022;300003	16;12000;120000	1
10100217	17	1	101002	101;301	225;1297						88:talent_ico_730002	1	300022;300003	3200;32000	1
10100218	18	1	101002	301;201	1297;75						88:talent_ico_730002	1	300022;300003	2400;24000	1
10100219	19	1	101002	201;101	75;225						88:talent_ico_730002	1	300022;300003	3200;32000	1
10100220	20	3	101002				93001	1			88:talent_ico_81101002	1	417200;300022;300003	16;7200;72000	1
10100221	21	1	101002	201;101	120;359						88:talent_ico_730003	1	300022;300003	4800;48000	1
10100222	22	1	101002	101;301	359;2076						88:talent_ico_730003	1	300022;300003	4800;48000	1
10100223	23	1	101002	301;201	2076;120						88:talent_ico_730003	1	300022;300003	4800;48000	1
10100224	24	2	101002	301;201;101;401	3114;180;269;200						88:talent_ico_730003	1	417200;300022;300003	16;7200;72000	1
10100225	25	1	101002	101;301	359;2076						88:talent_ico_730003	1	300022;300003	4800;48000	1
10100226	26	1	101002	301;201	2076;120						88:talent_ico_730003	1	300022;300003	4800;48000	1
10100227	27	1	101002	201;101	120;359						88:talent_ico_730003	1	300022;300003	4800;48000	1
10100228	28	3	101002			10100220	93002	1	93001	1	88:talent_ico_82101002	1	417300;300022;300003	16;12000;120000	1
10100401	1	1	101004	201;301	42;898						88:talent_ico_740001	1	300022;300003	1600;16000	1
10100402	2	1	101004	301;101	898;114						88:talent_ico_740001	1	300022;300003	2000;20000	1
10100403	3	1	101004	101;201	114;42						88:talent_ico_740001	1	300022;300003	2000;20000	1
10100404	4	2	101004	201;301;101;2101	84;1796;228;0.03						88:talent_ico_740001	1	417100;300022;300003	16;4000;40000	1
10100405	5	1	101004	201;301	70;1497						88:talent_ico_740002	1	300022;300003	2400;24000	1
10100406	6	1	101004	301;101	1497;190						88:talent_ico_740002	1	300022;300003	3200;32000	1
10100407	7	1	101004	101;201	190;70						88:talent_ico_740002	1	300022;300003	3200;32000	1
10100408	8	2	101004	201;301;101;2101	140;2994;379;0.05						88:talent_ico_740002	1	417100;300022;300003	24;4800;48000	1
10100409	9	1	101004	301;101	1497;190						88:talent_ico_740002	1	300022;300003	3200;32000	1
10100410	10	1	101004	101;201	190;70						88:talent_ico_740002	1	300022;300003	3200;32000	1
10100411	11	1	101004	201;301	70;1497						88:talent_ico_740002	1	300022;300003	2400;24000	1
10100412	12	3	101004				91016	1			88:talent_ico_71101004	1	417200;300022;300003	16;7200;72000	1
10100413	13	1	101004	201;301	112;2395						88:talent_ico_740003	1	300022;300003	4800;48000	1
10100414	14	1	101004	301;101	2395;303						88:talent_ico_740003	1	300022;300003	4800;48000	1
10100415	15	1	101004	101;201	303;112						88:talent_ico_740003	1	300022;300003	4800;48000	1
10100416	16	3	101004			10100412	92016	1	91016	1	88:talent_ico_72101004	1	417300;300022;300003	16;12000;120000	1
10100417	17	1	101004	101;201	190;70						88:talent_ico_740002	1	300022;300003	3200;32000	1
10100418	18	1	101004	201;301	70;1497						88:talent_ico_740002	1	300022;300003	2400;24000	1
10100419	19	1	101004	301;101	1497;190						88:talent_ico_740002	1	300022;300003	3200;32000	1
10100420	20	3	101004				91017	1			88:talent_ico_81101004	1	417200;300022;300003	16;7200;72000	1
10100421	21	1	101004	301;101	2395;303						88:talent_ico_740003	1	300022;300003	4800;48000	1
10100422	22	1	101004	101;201	303;112						88:talent_ico_740003	1	300022;300003	4800;48000	1
10100423	23	1	101004	201;301	112;2395						88:talent_ico_740003	1	300022;300003	4800;48000	1
10100424	24	2	101004	201;301;101;2101	168;3593;455;0.07						88:talent_ico_740003	1	417200;300022;300003	16;7200;72000	1
10100425	25	1	101004	101;201	303;112						88:talent_ico_740003	1	300022;300003	4800;48000	1
10100426	26	1	101004	201;301	112;2395						88:talent_ico_740003	1	300022;300003	4800;48000	1
10100427	27	1	101004	301;101	2395;303						88:talent_ico_740003	1	300022;300003	4800;48000	1
10100428	28	3	101004			10100420	92017	1	91017	1	88:talent_ico_82101004	1	417300;300022;300003	16;12000;120000	1
10101701	1	1	101017	101;201	94;55						88:talent_ico_710001	1	300022;300003	2000;20000	1
10101702	2	1	101017	201;301	55;1258						88:talent_ico_710001	1	300022;300003	2500;25000	1
10101703	3	1	101017	301;101	1258;94						88:talent_ico_710001	1	300022;300003	2500;25000	1
10101704	4	2	101017	101;201;301;903	189;110;1258;0.08						88:talent_ico_710001	1	417100;300022;300003	20;5000;50000	1
10101705	5	1	101017	101;201	157;92						88:talent_ico_710002	1	300022;300003	3000;30000	1
10101706	6	1	101017	201;301	92;2096						88:talent_ico_710002	1	300022;300003	4000;40000	1
10101707	7	1	101017	301;101	2096;157						88:talent_ico_710002	1	300022;300003	4000;40000	1
10101708	8	2	101017	101;201;301;1502	314;183;2096;-0.06						88:talent_ico_710002	1	417100;300022;300003	30;6000;60000	1
10101709	9	1	101017	201;301	92;2096						88:talent_ico_710002	1	300022;300003	4000;40000	1
10101710	10	1	101017	301;101	2096;157						88:talent_ico_710002	1	300022;300003	4000;40000	1
10101711	11	1	101017	101;201	157;92						88:talent_ico_710002	1	300022;300003	3000;30000	1
10101712	12	3	101017				91101017	1			88:talent_ico_71101017	1	417200;300022;300003	20;9000;90000	1
10101713	13	1	101017	101;201	252;147						88:talent_ico_710003	1	300022;300003	6000;60000	1
10101714	14	1	101017	201;301	147;3354						88:talent_ico_710003	1	300022;300003	6000;60000	1
10101715	15	1	101017	301;101	3354;252						88:talent_ico_710003	1	300022;300003	6000;60000	1
10101716	16	3	101017			10101712	92101017	1	91101017	1	88:talent_ico_72101017	1	417300;300022;300003	20;15000;150000	1
10101717	17	1	101017	301;101	2096;157						88:talent_ico_710002	1	300022;300003	4000;40000	1
10101718	18	1	101017	101;201	157;92						88:talent_ico_710002	1	300022;300003	3000;30000	1
10101719	19	1	101017	201;301	92;2096						88:talent_ico_710002	1	300022;300003	4000;40000	1
10101720	20	3	101017				93001	1			88:talent_ico_81101017	1	417200;300022;300003	20;9000;90000	1
10101721	21	1	101017	201;301	147;3354						88:talent_ico_710003	1	300022;300003	6000;60000	1
10101722	22	1	101017	301;101	3354;252						88:talent_ico_710003	1	300022;300003	6000;60000	1
10101723	23	1	101017	101;201	252;147						88:talent_ico_710003	1	300022;300003	6000;60000	1
10101724	24	2	101017	101;201;301;2502	377;220;2515;0.04						88:talent_ico_710003	1	417200;300022;300003	20;9000;90000	1
10101725	25	1	101017	301;101	3354;252						88:talent_ico_710003	1	300022;300003	6000;60000	1
10101726	26	1	101017	101;201	252;147						88:talent_ico_710003	1	300022;300003	6000;60000	1
10101727	27	1	101017	201;301	147;3354						88:talent_ico_710003	1	300022;300003	6000;60000	1
10101728	28	3	101017			10101720	93002	1	93001	1	88:talent_ico_82101017	1	417300;300022;300003	20;15000;150000	1
10200101	1	1	102001	301;201	739;43						88:talent_ico_730001	1	300022;300003	1200;12000	1
10200102	2	1	102001	201;101	43;128						88:talent_ico_730001	1	300022;300003	1500;15000	1
10200103	3	1	102001	101;301	128;739						88:talent_ico_730001	1	300022;300003	1500;15000	1
10200104	4	2	102001	301;201;101;1501	1479;85;128;0.04						88:talent_ico_730001	1	417100;300022;300003	12;3000;30000	1
10200105	5	1	102001	301;201	1232;71						88:talent_ico_730002	1	300022;300003	1800;18000	1
10200106	6	1	102001	201;101	71;213						88:talent_ico_730002	1	300022;300003	2400;24000	1
10200107	7	1	102001	101;301	213;1232						88:talent_ico_730002	1	300022;300003	2400;24000	1
10200108	8	2	102001	301;201;101;2502	2465;142;213;0.03						88:talent_ico_730002	1	417100;300022;300003	18;3600;36000	1
10200109	9	1	102001	201;101	71;213						88:talent_ico_730002	1	300022;300003	2400;24000	1
10200110	10	1	102001	101;301	213;1232						88:talent_ico_730002	1	300022;300003	2400;24000	1
10200111	11	1	102001	301;201	1232;71						88:talent_ico_730002	1	300022;300003	1800;18000	1
10200112	12	3	102001				91015	1			88:talent_ico_71102001	1	417200;300022;300003	12;5400;54000	1
10200113	13	1	102001	301;201	1972;114						88:talent_ico_730003	1	300022;300003	3600;36000	1
10200114	14	1	102001	201;101	114;341						88:talent_ico_730003	1	300022;300003	3600;36000	1
10200115	15	1	102001	101;301	341;1972						88:talent_ico_730003	1	300022;300003	3600;36000	1
10200116	16	3	102001			10200112	92015	1	91015	1	88:talent_ico_72102001	1	417300;300022;300003	12;9000;90000	1
10200117	17	1	102001	101;301	213;1232						88:talent_ico_730002	1	300022;300003	2400;24000	1
10200118	18	1	102001	301;201	1232;71						88:talent_ico_730002	1	300022;300003	1800;18000	1
10200119	19	1	102001	201;101	71;213						88:talent_ico_730002	1	300022;300003	2400;24000	1
10200120	20	3	102001				93001	1			88:talent_ico_81102001	1	417200;300022;300003	12;5400;54000	1
10200121	21	1	102001	201;101	114;341						88:talent_ico_730003	1	300022;300003	3600;36000	1
10200122	22	1	102001	101;301	341;1972						88:talent_ico_730003	1	300022;300003	3600;36000	1
10200123	23	1	102001	301;201	1972;114						88:talent_ico_730003	1	300022;300003	3600;36000	1
10200124	24	2	102001	301;201;101;401	2958;171;256;200						88:talent_ico_730003	1	417200;300022;300003	12;5400;54000	1
10200125	25	1	102001	101;301	341;1972						88:talent_ico_730003	1	300022;300003	3600;36000	1
10200126	26	1	102001	301;201	1972;114						88:talent_ico_730003	1	300022;300003	3600;36000	1
10200127	27	1	102001	201;101	114;341						88:talent_ico_730003	1	300022;300003	3600;36000	1
10200128	28	3	102001			10200120	93002	1	93001	1	88:talent_ico_82102001	1	417300;300022;300003	12;9000;90000	1
10200701	1	1	102007	201;101	47;104						88:talent_ico_740001	1	300022;300003	2000;20000	1
10200702	2	1	102007	101;301	104;1100						88:talent_ico_740001	1	300022;300003	2500;25000	1
10200703	3	1	102007	301;201	1100;47						88:talent_ico_740001	1	300022;300003	2500;25000	1
10200704	4	2	102007	201;101;301;2502	94;208;2201;0.02						88:talent_ico_740001	1	417100;300022;300003	20;5000;50000	1
10200705	5	1	102007	201;101	79;173						88:talent_ico_740002	1	300022;300003	3000;30000	1
10200706	6	1	102007	101;301	173;1834						88:talent_ico_740002	1	300022;300003	4000;40000	1
10200707	7	1	102007	301;201	1834;79						88:talent_ico_740002	1	300022;300003	4000;40000	1
10200708	8	2	102007	201;101;301;401	157;346;3668;200						88:talent_ico_740002	1	417100;300022;300003	30;6000;60000	1
10200709	9	1	102007	101;301	173;1834						88:talent_ico_740002	1	300022;300003	4000;40000	1
10200710	10	1	102007	301;201	1834;79						88:talent_ico_740002	1	300022;300003	4000;40000	1
10200711	11	1	102007	201;101	79;173						88:talent_ico_740002	1	300022;300003	3000;30000	1
10200712	12	3	102007				91009	1			88:talent_ico_71102007	1	417200;300022;300003	20;9000;90000	1
10200713	13	1	102007	201;101	126;277						88:talent_ico_740003	1	300022;300003	6000;60000	1
10200714	14	1	102007	101;301	277;2934						88:talent_ico_740003	1	300022;300003	6000;60000	1
10200715	15	1	102007	301;201	2934;126						88:talent_ico_740003	1	300022;300003	6000;60000	1
10200716	16	3	102007			10200712	92009	1	91009	1	88:talent_ico_72102007	1	417300;300022;300003	20;15000;150000	1
10200717	17	1	102007	301;201	1834;79						88:talent_ico_740002	1	300022;300003	4000;40000	1
10200718	18	1	102007	201;101	79;173						88:talent_ico_740002	1	300022;300003	3000;30000	1
10200719	19	1	102007	101;301	173;1834						88:talent_ico_740002	1	300022;300003	4000;40000	1
10200720	20	3	102007				91016	1			88:talent_ico_81102007	1	417200;300022;300003	20;9000;90000	1
10200721	21	1	102007	101;301	277;2934						88:talent_ico_740003	1	300022;300003	6000;60000	1
10200722	22	1	102007	301;201	2934;126						88:talent_ico_740003	1	300022;300003	6000;60000	1
10200723	23	1	102007	201;101	126;277						88:talent_ico_740003	1	300022;300003	6000;60000	1
10200724	24	2	102007	201;101;301;2502	189;415;4402;0.04						88:talent_ico_740003	1	417200;300022;300003	20;9000;90000	1
10200725	25	1	102007	301;201	2934;126						88:talent_ico_740003	1	300022;300003	6000;60000	1
10200726	26	1	102007	201;101	126;277						88:talent_ico_740003	1	300022;300003	6000;60000	1
10200727	27	1	102007	101;301	277;2934						88:talent_ico_740003	1	300022;300003	6000;60000	1
10200728	28	3	102007			10200720	92016	1	91016	1	88:talent_ico_82102007	1	417300;300022;300003	20;15000;150000	1
10200801	1	1	102008	301;201	928;46						88:talent_ico_720001	1	300022;300003	1600;16000	1
10200802	2	1	102008	201;101	46;114						88:talent_ico_720001	1	300022;300003	2000;20000	1
10200803	3	1	102008	101;301	114;928						88:talent_ico_720001	1	300022;300003	2000;20000	1
10200804	4	2	102008	301;201;101;1501	1856;93;114;0.02						88:talent_ico_720001	1	417100;300022;300003	16;4000;40000	1
10200805	5	1	102008	301;201	1547;77						88:talent_ico_720002	1	300022;300003	2400;24000	1
10200806	6	1	102008	201;101	77;190						88:talent_ico_720002	1	300022;300003	3200;32000	1
10200807	7	1	102008	101;301	190;1547						88:talent_ico_720002	1	300022;300003	3200;32000	1
10200808	8	2	102008	301;201;101;1501	3094;155;190;0.04						88:talent_ico_720002	1	417100;300022;300003	24;4800;48000	1
10200809	9	1	102008	201;101	77;190						88:talent_ico_720002	1	300022;300003	3200;32000	1
10200810	10	1	102008	101;301	190;1547						88:talent_ico_720002	1	300022;300003	3200;32000	1
10200811	11	1	102008	301;201	1547;77						88:talent_ico_720002	1	300022;300003	2400;24000	1
10200812	12	3	102008				91016	1			88:talent_ico_71102008	1	417200;300022;300003	16;7200;72000	1
10200813	13	1	102008	301;201	2475;124						88:talent_ico_720003	1	300022;300003	4800;48000	1
10200814	14	1	102008	201;101	124;303						88:talent_ico_720003	1	300022;300003	4800;48000	1
10200815	15	1	102008	101;301	303;2475						88:talent_ico_720003	1	300022;300003	4800;48000	1
10200816	16	3	102008			10200812	92016	1	91016	1	88:talent_ico_72102008	1	417300;300022;300003	16;12000;120000	1
10200817	17	1	102008	101;301	190;1547						88:talent_ico_720002	1	300022;300003	3200;32000	1
10200818	18	1	102008	301;201	1547;77						88:talent_ico_720002	1	300022;300003	2400;24000	1
10200819	19	1	102008	201;101	77;190						88:talent_ico_720002	1	300022;300003	3200;32000	1
10200820	20	3	102008				93001	1			88:talent_ico_81102008	1	417200;300022;300003	16;7200;72000	1
10200821	21	1	102008	201;101	124;303						88:talent_ico_720003	1	300022;300003	4800;48000	1
10200822	22	1	102008	101;301	303;2475						88:talent_ico_720003	1	300022;300003	4800;48000	1
10200823	23	1	102008	301;201	2475;124						88:talent_ico_720003	1	300022;300003	4800;48000	1
10200824	24	2	102008	301;201;101;1501	3713;186;228;0.06						88:talent_ico_720003	1	417200;300022;300003	16;7200;72000	1
10200825	25	1	102008	101;301	303;2475						88:talent_ico_720003	1	300022;300003	4800;48000	1
10200826	26	1	102008	301;201	2475;124						88:talent_ico_720003	1	300022;300003	4800;48000	1
10200827	27	1	102008	201;101	124;303						88:talent_ico_720003	1	300022;300003	4800;48000	1
10200828	28	3	102008			10200820	93002	1	93001	1	88:talent_ico_82102008	1	417300;300022;300003	16;12000;120000	1
10201001	1	1	102010	301;201	817;47						88:talent_ico_730001	1	300022;300003	2000;20000	1
10201002	2	1	102010	201;101	47;132						88:talent_ico_730001	1	300022;300003	2500;25000	1
10201003	3	1	102010	101;301	132;817						88:talent_ico_730001	1	300022;300003	2500;25000	1
10201004	4	2	102010	301;201;101;603	1635;94;132;0.02						88:talent_ico_730001	1	417100;300022;300003	20;5000;50000	1
10201005	5	1	102010	301;201	1362;79						88:talent_ico_730002	1	300022;300003	3000;30000	1
10201006	6	1	102010	201;101	79;220						88:talent_ico_730002	1	300022;300003	4000;40000	1
10201007	7	1	102010	101;301	220;1362						88:talent_ico_730002	1	300022;300003	4000;40000	1
10201008	8	2	102010	301;201;101;603	2725;157;220;0.03						88:talent_ico_730002	1	417100;300022;300003	30;6000;60000	1
10201009	9	1	102010	201;101	79;220						88:talent_ico_730002	1	300022;300003	4000;40000	1
10201010	10	1	102010	101;301	220;1362						88:talent_ico_730002	1	300022;300003	4000;40000	1
10201011	11	1	102010	301;201	1362;79						88:talent_ico_730002	1	300022;300003	3000;30000	1
10201012	12	3	102010				91017	1			88:talent_ico_71102010	1	417200;300022;300003	20;9000;90000	1
10201013	13	1	102010	301;201	2180;126						88:talent_ico_730003	1	300022;300003	6000;60000	1
10201014	14	1	102010	201;101	126;352						88:talent_ico_730003	1	300022;300003	6000;60000	1
10201015	15	1	102010	101;301	352;2180						88:talent_ico_730003	1	300022;300003	6000;60000	1
10201016	16	3	102010			10201012	92017	1	91017	1	88:talent_ico_72102010	1	417300;300022;300003	20;15000;150000	1
10201017	17	1	102010	101;301	220;1362						88:talent_ico_730002	1	300022;300003	4000;40000	1
10201018	18	1	102010	301;201	1362;79						88:talent_ico_730002	1	300022;300003	3000;30000	1
10201019	19	1	102010	201;101	79;220						88:talent_ico_730002	1	300022;300003	4000;40000	1
10201020	20	3	102010				93001	1			88:talent_ico_81102010	1	417200;300022;300003	20;9000;90000	1
10201021	21	1	102010	201;101	126;352						88:talent_ico_730003	1	300022;300003	6000;60000	1
10201022	22	1	102010	101;301	352;2180						88:talent_ico_730003	1	300022;300003	6000;60000	1
10201023	23	1	102010	301;201	2180;126						88:talent_ico_730003	1	300022;300003	6000;60000	1
10201024	24	2	102010	301;201;101;603	3270;189;264;0.03						88:talent_ico_730003	1	417200;300022;300003	20;9000;90000	1
10201025	25	1	102010	101;301	352;2180						88:talent_ico_730003	1	300022;300003	6000;60000	1
10201026	26	1	102010	301;201	2180;126						88:talent_ico_730003	1	300022;300003	6000;60000	1
10201027	27	1	102010	201;101	126;352						88:talent_ico_730003	1	300022;300003	6000;60000	1
10201028	28	3	102010			10201020	93002	1	93001	1	88:talent_ico_82102010	1	417300;300022;300003	20;15000;150000	1
10300201	1	1	103002	301;201	928;46						88:talent_ico_720001	1	300022;300003	1600;16000	1
10300202	2	1	103002	201;101	46;108						88:talent_ico_720001	1	300022;300003	2000;20000	1
10300203	3	1	103002	101;301	108;928						88:talent_ico_720001	1	300022;300003	2000;20000	1
10300204	4	2	103002	301;201;101;703	1856;93;108;0.03						88:talent_ico_720001	1	417100;300022;300003	16;4000;40000	1
10300205	5	1	103002	301;201	1547;77						88:talent_ico_720002	1	300022;300003	2400;24000	1
10300206	6	1	103002	201;101	77;180						88:talent_ico_720002	1	300022;300003	3200;32000	1
10300207	7	1	103002	101;301	180;1547						88:talent_ico_720002	1	300022;300003	3200;32000	1
10300208	8	2	103002	301;201;101;703	3094;155;180;0.05						88:talent_ico_720002	1	417100;300022;300003	24;4800;48000	1
10300209	9	1	103002	201;101	77;180						88:talent_ico_720002	1	300022;300003	3200;32000	1
10300210	10	1	103002	101;301	180;1547						88:talent_ico_720002	1	300022;300003	3200;32000	1
10300211	11	1	103002	301;201	1547;77						88:talent_ico_720002	1	300022;300003	2400;24000	1
10300212	12	3	103002				91015	1			88:talent_ico_71103002	1	417200;300022;300003	16;7200;72000	1
10300213	13	1	103002	301;201	2475;124						88:talent_ico_720003	1	300022;300003	4800;48000	1
10300214	14	1	103002	201;101	124;287						88:talent_ico_720003	1	300022;300003	4800;48000	1
10300215	15	1	103002	101;301	287;2475						88:talent_ico_720003	1	300022;300003	4800;48000	1
10300216	16	3	103002			10300212	92015	1	91015	1	88:talent_ico_72103002	1	417300;300022;300003	16;12000;120000	1
10300217	17	1	103002	101;301	180;1547						88:talent_ico_720002	1	300022;300003	3200;32000	1
10300218	18	1	103002	301;201	1547;77						88:talent_ico_720002	1	300022;300003	2400;24000	1
10300219	19	1	103002	201;101	77;180						88:talent_ico_720002	1	300022;300003	3200;32000	1
10300220	20	3	103002				93001	1			88:talent_ico_81103002	1	417200;300022;300003	16;7200;72000	1
10300221	21	1	103002	201;101	124;287						88:talent_ico_720003	1	300022;300003	4800;48000	1
10300222	22	1	103002	101;301	287;2475						88:talent_ico_720003	1	300022;300003	4800;48000	1
10300223	23	1	103002	301;201	2475;124						88:talent_ico_720003	1	300022;300003	4800;48000	1
10300224	24	2	103002	301;201;101;703	3713;186;216;0.08						88:talent_ico_720003	1	417200;300022;300003	16;7200;72000	1
10300225	25	1	103002	101;301	287;2475						88:talent_ico_720003	1	300022;300003	4800;48000	1
10300226	26	1	103002	301;201	2475;124						88:talent_ico_720003	1	300022;300003	4800;48000	1
10300227	27	1	103002	201;101	124;287						88:talent_ico_720003	1	300022;300003	4800;48000	1
10300228	28	3	103002			10300220	93002	1	93001	1	88:talent_ico_82103002	1	417300;300022;300003	16;12000;120000	1
10300701	1	1	103007	201;101	47;104						88:talent_ico_740001	1	300022;300003	2000;20000	1
10300702	2	1	103007	101;301	104;1100						88:talent_ico_740001	1	300022;300003	2500;25000	1
10300703	3	1	103007	301;201	1100;47						88:talent_ico_740001	1	300022;300003	2500;25000	1
10300704	4	2	103007	201;101;301;2502	94;208;2201;0.02						88:talent_ico_740001	1	417100;300022;300003	20;5000;50000	1
10300705	5	1	103007	201;101	79;173						88:talent_ico_740002	1	300022;300003	3000;30000	1
10300706	6	1	103007	101;301	173;1834						88:talent_ico_740002	1	300022;300003	4000;40000	1
10300707	7	1	103007	301;201	1834;79						88:talent_ico_740002	1	300022;300003	4000;40000	1
10300708	8	2	103007	201;101;301;401	157;346;3668;200						88:talent_ico_740002	1	417100;300022;300003	30;6000;60000	1
10300709	9	1	103007	101;301	173;1834						88:talent_ico_740002	1	300022;300003	4000;40000	1
10300710	10	1	103007	301;201	1834;79						88:talent_ico_740002	1	300022;300003	4000;40000	1
10300711	11	1	103007	201;101	79;173						88:talent_ico_740002	1	300022;300003	3000;30000	1
10300712	12	3	103007				91009	1			88:talent_ico_71103007	1	417200;300022;300003	20;9000;90000	1
10300713	13	1	103007	201;101	126;277						88:talent_ico_740003	1	300022;300003	6000;60000	1
10300714	14	1	103007	101;301	277;2934						88:talent_ico_740003	1	300022;300003	6000;60000	1
10300715	15	1	103007	301;201	2934;126						88:talent_ico_740003	1	300022;300003	6000;60000	1
10300716	16	3	103007			10300712	92009	1	91009	1	88:talent_ico_72103007	1	417300;300022;300003	20;15000;150000	1
10300717	17	1	103007	301;201	1834;79						88:talent_ico_740002	1	300022;300003	4000;40000	1
10300718	18	1	103007	201;101	79;173						88:talent_ico_740002	1	300022;300003	3000;30000	1
10300719	19	1	103007	101;301	173;1834						88:talent_ico_740002	1	300022;300003	4000;40000	1
10300720	20	3	103007				91010	1			88:talent_ico_81103007	1	417200;300022;300003	20;9000;90000	1
10300721	21	1	103007	101;301	277;2934						88:talent_ico_740003	1	300022;300003	6000;60000	1
10300722	22	1	103007	301;201	2934;126						88:talent_ico_740003	1	300022;300003	6000;60000	1
10300723	23	1	103007	201;101	126;277						88:talent_ico_740003	1	300022;300003	6000;60000	1
10300724	24	2	103007	201;101;301;2502	189;415;4402;0.04						88:talent_ico_740003	1	417200;300022;300003	20;9000;90000	1
10300725	25	1	103007	301;201	2934;126						88:talent_ico_740003	1	300022;300003	6000;60000	1
10300726	26	1	103007	201;101	126;277						88:talent_ico_740003	1	300022;300003	6000;60000	1
10300727	27	1	103007	101;301	277;2934						88:talent_ico_740003	1	300022;300003	6000;60000	1
10300728	28	3	103007			10300720	92010	1	91010	1	88:talent_ico_82103007	1	417300;300022;300003	20;15000;150000	1
10300901	1	1	103009	301;201	975;49						88:talent_ico_720001	1	300022;300003	2000;20000	1
10300902	2	1	103009	201;101	49;119						88:talent_ico_720001	1	300022;300003	2500;25000	1
10300903	3	1	103009	101;301	119;975						88:talent_ico_720001	1	300022;300003	2500;25000	1
10300904	4	2	103009	301;201;101	1949;97;119						88:talent_ico_720001	1	417100;300022;300003	20;5000;50000	1
10300905	5	1	103009	301;201	1624;81						88:talent_ico_720002	1	300022;300003	3000;30000	1
10300906	6	1	103009	201;101	81;199						88:talent_ico_720002	1	300022;300003	4000;40000	1
10300907	7	1	103009	101;301	199;1624						88:talent_ico_720002	1	300022;300003	4000;40000	1
10300908	8	2	103009	301;201;101	3249;162;199						88:talent_ico_720002	1	417100;300022;300003	30;6000;60000	1
10300909	9	1	103009	201;101	81;199						88:talent_ico_720002	1	300022;300003	4000;40000	1
10300910	10	1	103009	101;301	199;1624						88:talent_ico_720002	1	300022;300003	4000;40000	1
10300911	11	1	103009	301;201	1624;81						88:talent_ico_720002	1	300022;300003	3000;30000	1
10300912	12	3	103009				91015	1			88:talent_ico_71103009	1	417200;300022;300003	20;9000;90000	1
10300913	13	1	103009	301;201	2599;130						88:talent_ico_720003	1	300022;300003	6000;60000	1
10300914	14	1	103009	201;101	130;319						88:talent_ico_720003	1	300022;300003	6000;60000	1
10300915	15	1	103009	101;301	319;2599						88:talent_ico_720003	1	300022;300003	6000;60000	1
10300916	16	3	103009			10300912	92015	1	91015	1	88:talent_ico_72103009	1	417300;300022;300003	20;15000;150000	1
10300917	17	1	103009	101;301	199;1624						88:talent_ico_720002	1	300022;300003	4000;40000	1
10300918	18	1	103009	301;201	1624;81						88:talent_ico_720002	1	300022;300003	3000;30000	1
10300919	19	1	103009	201;101	81;199						88:talent_ico_720002	1	300022;300003	4000;40000	1
10300920	20	3	103009				93001	1			88:talent_ico_81103009	1	417200;300022;300003	20;9000;90000	1
10300921	21	1	103009	201;101	130;319						88:talent_ico_720003	1	300022;300003	6000;60000	1
10300922	22	1	103009	101;301	319;2599						88:talent_ico_720003	1	300022;300003	6000;60000	1
10300923	23	1	103009	301;201	2599;130						88:talent_ico_720003	1	300022;300003	6000;60000	1
10300924	24	2	103009	301;201;101	3899;195;239						88:talent_ico_720003	1	417200;300022;300003	20;9000;90000	1
10300925	25	1	103009	101;301	319;2599						88:talent_ico_720003	1	300022;300003	6000;60000	1
10300926	26	1	103009	301;201	2599;130						88:talent_ico_720003	1	300022;300003	6000;60000	1
10300927	27	1	103009	201;101	130;319						88:talent_ico_720003	1	300022;300003	6000;60000	1
10300928	28	3	103009			10300920	93002	1	93001	1	88:talent_ico_82103009	1	417300;300022;300003	20;15000;150000	1
10401001	1	1	104010	301;201	975;49						88:talent_ico_720001	1	300022;300003	2000;20000	1
10401002	2	1	104010	201;101	49;119						88:talent_ico_720001	1	300022;300003	2500;25000	1
10401003	3	1	104010	101;301	119;975						88:talent_ico_720001	1	300022;300003	2500;25000	1
10401004	4	2	104010	301;201;101;1501	1949;97;119;0.02						88:talent_ico_720001	1	417100;300022;300003	20;5000;50000	1
10401005	5	1	104010	301;201	1624;81						88:talent_ico_720002	1	300022;300003	3000;30000	1
10401006	6	1	104010	201;101	81;199						88:talent_ico_720002	1	300022;300003	4000;40000	1
10401007	7	1	104010	101;301	199;1624						88:talent_ico_720002	1	300022;300003	4000;40000	1
10401008	8	2	104010	301;201;101;1501	3249;162;199;0.04						88:talent_ico_720002	1	417100;300022;300003	30;6000;60000	1
10401009	9	1	104010	201;101	81;199						88:talent_ico_720002	1	300022;300003	4000;40000	1
10401010	10	1	104010	101;301	199;1624						88:talent_ico_720002	1	300022;300003	4000;40000	1
10401011	11	1	104010	301;201	1624;81						88:talent_ico_720002	1	300022;300003	3000;30000	1
10401012	12	3	104010				91009	1			88:talent_ico_71104010	1	417200;300022;300003	20;9000;90000	1
10401013	13	1	104010	301;201	2599;130						88:talent_ico_720003	1	300022;300003	6000;60000	1
10401014	14	1	104010	201;101	130;319						88:talent_ico_720003	1	300022;300003	6000;60000	1
10401015	15	1	104010	101;301	319;2599						88:talent_ico_720003	1	300022;300003	6000;60000	1
10401016	16	3	104010			10401012	92009	1	91009	1	88:talent_ico_72104010	1	417300;300022;300003	20;15000;150000	1
10401017	17	1	104010	101;301	199;1624						88:talent_ico_720002	1	300022;300003	4000;40000	1
10401018	18	1	104010	301;201	1624;81						88:talent_ico_720002	1	300022;300003	3000;30000	1
10401019	19	1	104010	201;101	81;199						88:talent_ico_720002	1	300022;300003	4000;40000	1
10401020	20	3	104010				93001	1			88:talent_ico_81104010	1	417200;300022;300003	20;9000;90000	1
10401021	21	1	104010	201;101	130;319						88:talent_ico_720003	1	300022;300003	6000;60000	1
10401022	22	1	104010	101;301	319;2599						88:talent_ico_720003	1	300022;300003	6000;60000	1
10401023	23	1	104010	301;201	2599;130						88:talent_ico_720003	1	300022;300003	6000;60000	1
10401024	24	2	104010	301;201;101;1501	3899;195;239;0.06						88:talent_ico_720003	1	417200;300022;300003	20;9000;90000	1
10401025	25	1	104010	101;301	319;2599						88:talent_ico_720003	1	300022;300003	6000;60000	1
10401026	26	1	104010	301;201	2599;130						88:talent_ico_720003	1	300022;300003	6000;60000	1
10401027	27	1	104010	201;101	130;319						88:talent_ico_720003	1	300022;300003	6000;60000	1
10401028	28	3	104010			10401020	93002	1	93001	1	88:talent_ico_82104010	1	417300;300022;300003	20;15000;150000	1
10100801	1	1	101008	301;201	817;47						88:talent_ico_730001	1	300022;300003	2000;20000	1
10100802	2	1	101008	201;101	47;132						88:talent_ico_730001	1	300022;300003	2500;25000	1
10100803	3	1	101008	101;301	132;817						88:talent_ico_730001	1	300022;300003	2500;25000	1
10100804	4	2	101008	301;201;101;603	1635;94;132;0.02						88:talent_ico_730001	1	417100;300022;300003	20;5000;50000	1
10100805	5	1	101008	301;201	1362;79						88:talent_ico_730002	1	300022;300003	3000;30000	1
10100806	6	1	101008	201;101	79;220						88:talent_ico_730002	1	300022;300003	4000;40000	1
10100807	7	1	101008	101;301	220;1362						88:talent_ico_730002	1	300022;300003	4000;40000	1
10100808	8	2	101008	301;201;101;603	2725;157;220;0.03						88:talent_ico_730002	1	417100;300022;300003	30;6000;60000	1
10100809	9	1	101008	201;101	79;220						88:talent_ico_730002	1	300022;300003	4000;40000	1
10100810	10	1	101008	101;301	220;1362						88:talent_ico_730002	1	300022;300003	4000;40000	1
10100811	11	1	101008	301;201	1362;79						88:talent_ico_730002	1	300022;300003	3000;30000	1
10100812	12	3	101008				91015	1			88:talent_ico_71101008	1	417200;300022;300003	20;9000;90000	1
10100813	13	1	101008	301;201	2180;126						88:talent_ico_730003	1	300022;300003	6000;60000	1
10100814	14	1	101008	201;101	126;352						88:talent_ico_730003	1	300022;300003	6000;60000	1
10100815	15	1	101008	101;301	352;2180						88:talent_ico_730003	1	300022;300003	6000;60000	1
10100816	16	3	101008			10100812	92015	1	91015	1	88:talent_ico_72101008	1	417300;300022;300003	20;15000;150000	1
10100817	17	1	101008	101;301	220;1362						88:talent_ico_730002	1	300022;300003	4000;40000	1
10100818	18	1	101008	301;201	1362;79						88:talent_ico_730002	1	300022;300003	3000;30000	1
10100819	19	1	101008	201;101	79;220						88:talent_ico_730002	1	300022;300003	4000;40000	1
10100820	20	3	101008				91019	1			88:talent_ico_81101008	1	417200;300022;300003	20;9000;90000	1
10100821	21	1	101008	201;101	126;352						88:talent_ico_730003	1	300022;300003	6000;60000	1
10100822	22	1	101008	101;301	352;2180						88:talent_ico_730003	1	300022;300003	6000;60000	1
10100823	23	1	101008	301;201	2180;126						88:talent_ico_730003	1	300022;300003	6000;60000	1
10100824	24	2	101008	301;201;101;603	3270;189;264;0.03						88:talent_ico_730003	1	417200;300022;300003	20;9000;90000	1
10100825	25	1	101008	101;301	352;2180						88:talent_ico_730003	1	300022;300003	6000;60000	1
10100826	26	1	101008	301;201	2180;126						88:talent_ico_730003	1	300022;300003	6000;60000	1
10100827	27	1	101008	201;101	126;352						88:talent_ico_730003	1	300022;300003	6000;60000	1
10100828	28	3	101008			10100820	92019	1	91019	1	88:talent_ico_82101008	1	417300;300022;300003	20;15000;150000	1
10401601	1	1	104016	301;201	817;47						88:talent_ico_730001	1	300022;300003	2000;20000	1
10401602	2	1	104016	201;101	47;132						88:talent_ico_730001	1	300022;300003	2500;25000	1
10401603	3	1	104016	101;301	132;817						88:talent_ico_730001	1	300022;300003	2500;25000	1
10401604	4	2	104016	301;201;101;703	1635;94;132;0.03						88:talent_ico_730001	1	417100;300022;300003	20;5000;50000	1
10401605	5	1	104016	301;201	1362;79						88:talent_ico_730002	1	300022;300003	3000;30000	1
10401606	6	1	104016	201;101	79;220						88:talent_ico_730002	1	300022;300003	4000;40000	1
10401607	7	1	104016	101;301	220;1362						88:talent_ico_730002	1	300022;300003	4000;40000	1
10401608	8	2	104016	301;201;101;703	2725;157;220;0.05						88:talent_ico_730002	1	417100;300022;300003	30;6000;60000	1
10401609	9	1	104016	201;101	79;220						88:talent_ico_730002	1	300022;300003	4000;40000	1
10401610	10	1	104016	101;301	220;1362						88:talent_ico_730002	1	300022;300003	4000;40000	1
10401611	11	1	104016	301;201	1362;79						88:talent_ico_730002	1	300022;300003	3000;30000	1
10401612	12	3	104016				91015	1			88:talent_ico_71104016	1	417200;300022;300003	20;9000;90000	1
10401613	13	1	104016	301;201	2180;126						88:talent_ico_730003	1	300022;300003	6000;60000	1
10401614	14	1	104016	201;101	126;352						88:talent_ico_730003	1	300022;300003	6000;60000	1
10401615	15	1	104016	101;301	352;2180						88:talent_ico_730003	1	300022;300003	6000;60000	1
10401616	16	3	104016			10401612	92015	1	91015	1	88:talent_ico_72104016	1	417300;300022;300003	20;15000;150000	1
10401617	17	1	104016	101;301	220;1362						88:talent_ico_730002	1	300022;300003	4000;40000	1
10401618	18	1	104016	301;201	1362;79						88:talent_ico_730002	1	300022;300003	3000;30000	1
10401619	19	1	104016	201;101	79;220						88:talent_ico_730002	1	300022;300003	4000;40000	1
10401620	20	3	104016				91019	1			88:talent_ico_81104016	1	417200;300022;300003	20;9000;90000	1
10401621	21	1	104016	201;101	126;352						88:talent_ico_730003	1	300022;300003	6000;60000	1
10401622	22	1	104016	101;301	352;2180						88:talent_ico_730003	1	300022;300003	6000;60000	1
10401623	23	1	104016	301;201	2180;126						88:talent_ico_730003	1	300022;300003	6000;60000	1
10401624	24	2	104016	301;201;101;703	3270;189;264;0.08						88:talent_ico_730003	1	417200;300022;300003	20;9000;90000	1
10401625	25	1	104016	101;301	352;2180						88:talent_ico_730003	1	300022;300003	6000;60000	1
10401626	26	1	104016	301;201	2180;126						88:talent_ico_730003	1	300022;300003	6000;60000	1
10401627	27	1	104016	201;101	126;352						88:talent_ico_730003	1	300022;300003	6000;60000	1
10401628	28	3	104016			10401620	92019	1	91019	1	88:talent_ico_82104016	1	417300;300022;300003	20;15000;150000	1
10101301	1	1	101013	301;201	817;47						88:talent_ico_730001	1	300022;300003	2000;20000	1
10101302	2	1	101013	201;101	47;132						88:talent_ico_730001	1	300022;300003	2500;25000	1
10101303	3	1	101013	101;301	132;817						88:talent_ico_730001	1	300022;300003	2500;25000	1
10101304	4	2	101013	301;201;101;603	1635;94;132;0.02						88:talent_ico_730001	1	417100;300022;300003	20;5000;50000	1
10101305	5	1	101013	301;201	1362;79						88:talent_ico_730002	1	300022;300003	3000;30000	1
10101306	6	1	101013	201;101	79;220						88:talent_ico_730002	1	300022;300003	4000;40000	1
10101307	7	1	101013	101;301	220;1362						88:talent_ico_730002	1	300022;300003	4000;40000	1
10101308	8	2	101013	301;201;101;603	2725;157;220;0.03						88:talent_ico_730002	1	417100;300022;300003	30;6000;60000	1
10101309	9	1	101013	201;101	79;220						88:talent_ico_730002	1	300022;300003	4000;40000	1
10101310	10	1	101013	101;301	220;1362						88:talent_ico_730002	1	300022;300003	4000;40000	1
10101311	11	1	101013	301;201	1362;79						88:talent_ico_730002	1	300022;300003	3000;30000	1
10101312	12	3	101013				91101013	1			88:talent_ico_71101013	1	417200;300022;300003	20;9000;90000	1
10101313	13	1	101013	301;201	2180;126						88:talent_ico_730003	1	300022;300003	6000;60000	1
10101314	14	1	101013	201;101	126;352						88:talent_ico_730003	1	300022;300003	6000;60000	1
10101315	15	1	101013	101;301	352;2180						88:talent_ico_730003	1	300022;300003	6000;60000	1
10101316	16	3	101013			10101312	91101013	2	91101013	1	88:talent_ico_72101013	1	417300;300022;300003	20;15000;150000	1
10101317	17	1	101013	101;301	220;1362						88:talent_ico_730002	1	300022;300003	4000;40000	1
10101318	18	1	101013	301;201	1362;79						88:talent_ico_730002	1	300022;300003	3000;30000	1
10101319	19	1	101013	201;101	79;220						88:talent_ico_730002	1	300022;300003	4000;40000	1
10101320	20	3	101013				93001	1			88:talent_ico_81101013	1	417200;300022;300003	20;9000;90000	1
10101321	21	1	101013	201;101	126;352						88:talent_ico_730003	1	300022;300003	6000;60000	1
10101322	22	1	101013	101;301	352;2180						88:talent_ico_730003	1	300022;300003	6000;60000	1
10101323	23	1	101013	301;201	2180;126						88:talent_ico_730003	1	300022;300003	6000;60000	1
10101324	24	2	101013	301;201;101;603	3270;189;264;0.03						88:talent_ico_730003	1	417200;300022;300003	20;9000;90000	1
10101325	25	1	101013	101;301	352;2180						88:talent_ico_730003	1	300022;300003	6000;60000	1
10101326	26	1	101013	301;201	2180;126						88:talent_ico_730003	1	300022;300003	6000;60000	1
10101327	27	1	101013	201;101	126;352						88:talent_ico_730003	1	300022;300003	6000;60000	1
10101328	28	3	101013			10101320	93002	1	93001	1	88:talent_ico_82101013	1	417300;300022;300003	20;15000;150000	1
10200901	1	1	102009	301;201	778;45						88:talent_ico_730001	1	300022;300003	1600;16000	1
10200902	2	1	102009	201;101	45;126						88:talent_ico_730001	1	300022;300003	2000;20000	1
10200903	3	1	102009	101;301	126;778						88:talent_ico_730001	1	300022;300003	2000;20000	1
10200904	4	2	102009	301;201;101;603	1557;90;126;0.02						88:talent_ico_730001	1	417100;300022;300003	16;4000;40000	1
10200905	5	1	102009	301;201	1297;75						88:talent_ico_730002	1	300022;300003	2400;24000	1
10200906	6	1	102009	201;101	75;210						88:talent_ico_730002	1	300022;300003	3200;32000	1
10200907	7	1	102009	101;301	210;1297						88:talent_ico_730002	1	300022;300003	3200;32000	1
10200908	8	2	102009	301;201;101;603	2595;150;210;0.03						88:talent_ico_730002	1	417100;300022;300003	24;4800;48000	1
10200909	9	1	102009	201;101	75;210						88:talent_ico_730002	1	300022;300003	3200;32000	1
10200910	10	1	102009	101;301	210;1297						88:talent_ico_730002	1	300022;300003	3200;32000	1
10200911	11	1	102009	301;201	1297;75						88:talent_ico_730002	1	300022;300003	2400;24000	1
10200912	12	3	102009				91015	1			88:talent_ico_71102009	1	417200;300022;300003	16;7200;72000	1
10200913	13	1	102009	301;201	2076;120						88:talent_ico_730003	1	300022;300003	4800;48000	1
10200914	14	1	102009	201;101	120;335						88:talent_ico_730003	1	300022;300003	4800;48000	1
10200915	15	1	102009	101;301	335;2076						88:talent_ico_730003	1	300022;300003	4800;48000	1
10200916	16	3	102009			10200912	92015	1	91015	1	88:talent_ico_72102009	1	417300;300022;300003	16;12000;120000	1
10200917	17	1	102009	101;301	210;1297						88:talent_ico_730002	1	300022;300003	3200;32000	1
10200918	18	1	102009	301;201	1297;75						88:talent_ico_730002	1	300022;300003	2400;24000	1
10200919	19	1	102009	201;101	75;210						88:talent_ico_730002	1	300022;300003	3200;32000	1
10200920	20	3	102009				93001	1			88:talent_ico_81102009	1	417200;300022;300003	16;7200;72000	1
10200921	21	1	102009	201;101	120;335						88:talent_ico_730003	1	300022;300003	4800;48000	1
10200922	22	1	102009	101;301	335;2076						88:talent_ico_730003	1	300022;300003	4800;48000	1
10200923	23	1	102009	301;201	2076;120						88:talent_ico_730003	1	300022;300003	4800;48000	1
10200924	24	2	102009	301;201;101;603	3114;180;251;0.03						88:talent_ico_730003	1	417200;300022;300003	16;7200;72000	1
10200925	25	1	102009	101;301	335;2076						88:talent_ico_730003	1	300022;300003	4800;48000	1
10200926	26	1	102009	301;201	2076;120						88:talent_ico_730003	1	300022;300003	4800;48000	1
10200927	27	1	102009	201;101	120;335						88:talent_ico_730003	1	300022;300003	4800;48000	1
10200928	28	3	102009			10200920	93002	1	93001	1	88:talent_ico_82102009	1	417300;300022;300003	16;12000;120000	1
10201401	1	1	102014	301;201	975;49						88:talent_ico_720001	1	300022;300003	2000;20000	1
10201402	2	1	102014	201;101	49;113						88:talent_ico_720001	1	300022;300003	2500;25000	1
10201403	3	1	102014	101;301	113;975						88:talent_ico_720001	1	300022;300003	2500;25000	1
10201404	4	2	102014	301;201;101;703	1949;97;113;0.03						88:talent_ico_720001	1	417100;300022;300003	20;5000;50000	1
10201405	5	1	102014	301;201	1624;81						88:talent_ico_720002	1	300022;300003	3000;30000	1
10201406	6	1	102014	201;101	81;189						88:talent_ico_720002	1	300022;300003	4000;40000	1
10201407	7	1	102014	101;301	189;1624						88:talent_ico_720002	1	300022;300003	4000;40000	1
10201408	8	2	102014	301;201;101;703	3249;162;189;0.05						88:talent_ico_720002	1	417100;300022;300003	30;6000;60000	1
10201409	9	1	102014	201;101	81;189						88:talent_ico_720002	1	300022;300003	4000;40000	1
10201410	10	1	102014	101;301	189;1624						88:talent_ico_720002	1	300022;300003	4000;40000	1
10201411	11	1	102014	301;201	1624;81						88:talent_ico_720002	1	300022;300003	3000;30000	1
10201412	12	3	102014				91015	1			88:talent_ico_71102014	1	417200;300022;300003	20;9000;90000	1
10201413	13	1	102014	301;201	2599;130						88:talent_ico_720003	1	300022;300003	6000;60000	1
10201414	14	1	102014	201;101	130;302						88:talent_ico_720003	1	300022;300003	6000;60000	1
10201415	15	1	102014	101;301	302;2599						88:talent_ico_720003	1	300022;300003	6000;60000	1
10201416	16	3	102014			10201412	92015	1	91015	1	88:talent_ico_72102014	1	417300;300022;300003	20;15000;150000	1
10201417	17	1	102014	101;301	189;1624						88:talent_ico_720002	1	300022;300003	4000;40000	1
10201418	18	1	102014	301;201	1624;81						88:talent_ico_720002	1	300022;300003	3000;30000	1
10201419	19	1	102014	201;101	81;189						88:talent_ico_720002	1	300022;300003	4000;40000	1
10201420	20	3	102014				93001	1			88:talent_ico_81102014	1	417200;300022;300003	20;9000;90000	1
10201421	21	1	102014	201;101	130;302						88:talent_ico_720003	1	300022;300003	6000;60000	1
10201422	22	1	102014	101;301	302;2599						88:talent_ico_720003	1	300022;300003	6000;60000	1
10201423	23	1	102014	301;201	2599;130						88:talent_ico_720003	1	300022;300003	6000;60000	1
10201424	24	2	102014	301;201;101;703	3899;195;226;0.08						88:talent_ico_720003	1	417200;300022;300003	20;9000;90000	1
10201425	25	1	102014	101;301	302;2599						88:talent_ico_720003	1	300022;300003	6000;60000	1
10201426	26	1	102014	301;201	2599;130						88:talent_ico_720003	1	300022;300003	6000;60000	1
10201427	27	1	102014	201;101	130;302						88:talent_ico_720003	1	300022;300003	6000;60000	1
10201428	28	3	102014			10201420	93002	1	93001	1	88:talent_ico_82102014	1	417300;300022;300003	20;15000;150000	1
10300601	1	1	103006	301;201	817;47						88:talent_ico_730001	1	300022;300003	2000;20000	1
10300602	2	1	103006	201;101	47;132						88:talent_ico_730001	1	300022;300003	2500;25000	1
10300603	3	1	103006	101;301	132;817						88:talent_ico_730001	1	300022;300003	2500;25000	1
10300604	4	2	103006	301;201;101;603	1635;94;132;0.02						88:talent_ico_730001	1	417100;300022;300003	20;5000;50000	1
10300605	5	1	103006	301;201	1362;79						88:talent_ico_730002	1	300022;300003	3000;30000	1
10300606	6	1	103006	201;101	79;220						88:talent_ico_730002	1	300022;300003	4000;40000	1
10300607	7	1	103006	101;301	220;1362						88:talent_ico_730002	1	300022;300003	4000;40000	1
10300608	8	2	103006	301;201;101;603	2725;157;220;0.03						88:talent_ico_730002	1	417100;300022;300003	30;6000;60000	1
10300609	9	1	103006	201;101	79;220						88:talent_ico_730002	1	300022;300003	4000;40000	1
10300610	10	1	103006	101;301	220;1362						88:talent_ico_730002	1	300022;300003	4000;40000	1
10300611	11	1	103006	301;201	1362;79						88:talent_ico_730002	1	300022;300003	3000;30000	1
10300612	12	3	103006				91018	1			88:talent_ico_71103006	1	417200;300022;300003	20;9000;90000	1
10300613	13	1	103006	301;201	2180;126						88:talent_ico_730003	1	300022;300003	6000;60000	1
10300614	14	1	103006	201;101	126;352						88:talent_ico_730003	1	300022;300003	6000;60000	1
10300615	15	1	103006	101;301	352;2180						88:talent_ico_730003	1	300022;300003	6000;60000	1
10300616	16	3	103006			10300612	92018	1	91018	1	88:talent_ico_72103006	1	417300;300022;300003	20;15000;150000	1
10300617	17	1	103006	101;301	220;1362						88:talent_ico_730002	1	300022;300003	4000;40000	1
10300618	18	1	103006	301;201	1362;79						88:talent_ico_730002	1	300022;300003	3000;30000	1
10300619	19	1	103006	201;101	79;220						88:talent_ico_730002	1	300022;300003	4000;40000	1
10300620	20	3	103006				91017	1			88:talent_ico_81103006	1	417200;300022;300003	20;9000;90000	1
10300621	21	1	103006	201;101	126;352						88:talent_ico_730003	1	300022;300003	6000;60000	1
10300622	22	1	103006	101;301	352;2180						88:talent_ico_730003	1	300022;300003	6000;60000	1
10300623	23	1	103006	301;201	2180;126						88:talent_ico_730003	1	300022;300003	6000;60000	1
10300624	24	2	103006	301;201;101;603	3270;189;264;0.03						88:talent_ico_730003	1	417200;300022;300003	20;9000;90000	1
10300625	25	1	103006	101;301	352;2180						88:talent_ico_730003	1	300022;300003	6000;60000	1
10300626	26	1	103006	301;201	2180;126						88:talent_ico_730003	1	300022;300003	6000;60000	1
10300627	27	1	103006	201;101	126;352						88:talent_ico_730003	1	300022;300003	6000;60000	1
10300628	28	3	103006			10300620	92017	1	91017	1	88:talent_ico_82103006	1	417300;300022;300003	20;15000;150000	1
10100501	1	1	101005	101;201	90;52						88:talent_ico_710001	1	300022;300003	1600;16000	1
10100502	2	1	101005	201;301	52;1198						88:talent_ico_710001	1	300022;300003	2000;20000	1
10100503	3	1	101005	301;101	1198;90						88:talent_ico_710001	1	300022;300003	2000;20000	1
10100504	4	2	101005	101;201;301;903	180;105;1198;0.08						88:talent_ico_710001	1	417100;300022;300003	16;4000;40000	1
10100505	5	1	101005	101;201	150;87						88:talent_ico_710002	1	300022;300003	2400;24000	1
10100506	6	1	101005	201;301	87;1996						88:talent_ico_710002	1	300022;300003	3200;32000	1
10100507	7	1	101005	301;101	1996;150						88:talent_ico_710002	1	300022;300003	3200;32000	1
10100508	8	2	101005	101;201;301;1502	299;175;1996;-0.06						88:talent_ico_710002	1	417100;300022;300003	24;4800;48000	1
10100509	9	1	101005	201;301	87;1996						88:talent_ico_710002	1	300022;300003	3200;32000	1
10100510	10	1	101005	301;101	1996;150						88:talent_ico_710002	1	300022;300003	3200;32000	1
10100511	11	1	101005	101;201	150;87						88:talent_ico_710002	1	300022;300003	2400;24000	1
10100512	12	3	101005				91101005	1			88:talent_ico_71101005	1	417200;300022;300003	16;7200;72000	1
10100513	13	1	101005	101;201	240;140						88:talent_ico_710003	1	300022;300003	4800;48000	1
10100514	14	1	101005	201;301	140;3194						88:talent_ico_710003	1	300022;300003	4800;48000	1
10100515	15	1	101005	301;101	3194;240						88:talent_ico_710003	1	300022;300003	4800;48000	1
10100516	16	3	101005			10100512	92101005	1	91101005	1	88:talent_ico_72101005	1	417300;300022;300003	16;12000;120000	1
10100517	17	1	101005	301;101	1996;150						88:talent_ico_710002	1	300022;300003	3200;32000	1
10100518	18	1	101005	101;201	150;87						88:talent_ico_710002	1	300022;300003	2400;24000	1
10100519	19	1	101005	201;301	87;1996						88:talent_ico_710002	1	300022;300003	3200;32000	1
10100520	20	3	101005				91017	1			88:talent_ico_81101005	1	417200;300022;300003	16;7200;72000	1
10100521	21	1	101005	201;301	140;3194						88:talent_ico_710003	1	300022;300003	4800;48000	1
10100522	22	1	101005	301;101	3194;240						88:talent_ico_710003	1	300022;300003	4800;48000	1
10100523	23	1	101005	101;201	240;140						88:talent_ico_710003	1	300022;300003	4800;48000	1
10100524	24	2	101005	101;201;301;2502	359;210;2395;0.04						88:talent_ico_710003	1	417200;300022;300003	16;7200;72000	1
10100525	25	1	101005	301;101	3194;240						88:talent_ico_710003	1	300022;300003	4800;48000	1
10100526	26	1	101005	101;201	240;140						88:talent_ico_710003	1	300022;300003	4800;48000	1
10100527	27	1	101005	201;301	140;3194						88:talent_ico_710003	1	300022;300003	4800;48000	1
10100528	28	3	101005			10100520	92017	1	91017	1	88:talent_ico_82101005	1	417300;300022;300003	16;12000;120000	1
10400101	1	1	104001	201;101	47;94						88:talent_ico_710001	1	300022;300003	2000;20000	1
10400102	2	1	104001	101;301	94;1415						88:talent_ico_710001	1	300022;300003	2500;25000	1
10400103	3	1	104001	301;201	1415;47						88:talent_ico_710001	1	300022;300003	2500;25000	1
10400104	4	2	104001	201;101;301;603	94;189;2830;0.02						88:talent_ico_710001	1	417100;300022;300003	20;5000;50000	1
10400105	5	1	104001	201;101	79;157						88:talent_ico_710002	1	300022;300003	3000;30000	1
10400106	6	1	104001	101;301	157;2358						88:talent_ico_710002	1	300022;300003	4000;40000	1
10400107	7	1	104001	301;201	2358;79						88:talent_ico_710002	1	300022;300003	4000;40000	1
10400108	8	2	104001	201;101;301;603	157;314;4716;0.025						88:talent_ico_710002	1	417100;300022;300003	30;6000;60000	1
10400109	9	1	104001	101;301	157;2358						88:talent_ico_710002	1	300022;300003	4000;40000	1
10400110	10	1	104001	301;201	2358;79						88:talent_ico_710002	1	300022;300003	4000;40000	1
10400111	11	1	104001	201;101	79;157						88:talent_ico_710002	1	300022;300003	3000;30000	1
10400112	12	3	104001				91018	1			88:talent_ico_71104001	1	417200;300022;300003	20;9000;90000	1
10400113	13	1	104001	201;101	126;252						88:talent_ico_710003	1	300022;300003	6000;60000	1
10400114	14	1	104001	101;301	252;3773						88:talent_ico_710003	1	300022;300003	6000;60000	1
10400115	15	1	104001	301;201	3773;126						88:talent_ico_710003	1	300022;300003	6000;60000	1
10400116	16	3	104001			10400112	92018	1	91018	1	88:talent_ico_72104001	1	417300;300022;300003	20;15000;150000	1
10400117	17	1	104001	301;201	2358;79						88:talent_ico_710002	1	300022;300003	4000;40000	1
10400118	18	1	104001	201;101	79;157						88:talent_ico_710002	1	300022;300003	3000;30000	1
10400119	19	1	104001	101;301	157;2358						88:talent_ico_710002	1	300022;300003	4000;40000	1
10400120	20	3	104001				91017	1			88:talent_ico_81104001	1	417200;300022;300003	20;9000;90000	1
10400121	21	1	104001	101;301	252;3773						88:talent_ico_710003	1	300022;300003	6000;60000	1
10400122	22	1	104001	301;201	3773;126						88:talent_ico_710003	1	300022;300003	6000;60000	1
10400123	23	1	104001	201;101	126;252						88:talent_ico_710003	1	300022;300003	6000;60000	1
10400124	24	2	104001	201;101;301;603	189;377;5659;0.03						88:talent_ico_710003	1	417200;300022;300003	20;9000;90000	1
10400125	25	1	104001	301;201	3773;126						88:talent_ico_710003	1	300022;300003	6000;60000	1
10400126	26	1	104001	201;101	126;252						88:talent_ico_710003	1	300022;300003	6000;60000	1
10400127	27	1	104001	101;301	252;3773						88:talent_ico_710003	1	300022;300003	6000;60000	1
10400128	28	3	104001			10400120	92017	1	91017	1	88:talent_ico_82104001	1	417300;300022;300003	20;15000;150000	1
10100301	1	1	101003	201;101	43;85						88:talent_ico_710001	1	300022;300003	1200;12000	1
10100302	2	1	101003	101;301	85;1280						88:talent_ico_710001	1	300022;300003	1500;15000	1
10100303	3	1	101003	301;201	1280;43						88:talent_ico_710001	1	300022;300003	1500;15000	1
10100304	4	2	101003	201;101;301;2502	85;171;2560;0.04						88:talent_ico_710001	1	417100;300022;300003	12;3000;30000	1
10100305	5	1	101003	201;101	71;142						88:talent_ico_710002	1	300022;300003	1800;18000	1
10100306	6	1	101003	101;301	142;2133						88:talent_ico_710002	1	300022;300003	2400;24000	1
10100307	7	1	101003	301;201	2133;71						88:talent_ico_710002	1	300022;300003	2400;24000	1
10100308	8	2	101003	201;101;301;401	142;284;4266;200						88:talent_ico_710002	1	417100;300022;300003	18;3600;36000	1
10100309	9	1	101003	101;301	142;2133						88:talent_ico_710002	1	300022;300003	2400;24000	1
10100310	10	1	101003	301;201	2133;71						88:talent_ico_710002	1	300022;300003	2400;24000	1
10100311	11	1	101003	201;101	71;142						88:talent_ico_710002	1	300022;300003	1800;18000	1
10100312	12	3	101003				91017	1			88:talent_ico_71101003	1	417200;300022;300003	12;5400;54000	1
10100313	13	1	101003	201;101	114;228						88:talent_ico_710003	1	300022;300003	3600;36000	1
10100314	14	1	101003	101;301	228;3413						88:talent_ico_710003	1	300022;300003	3600;36000	1
10100315	15	1	101003	301;201	3413;114						88:talent_ico_710003	1	300022;300003	3600;36000	1
10100316	16	3	101003			10100312	92017	1	91017	1	88:talent_ico_72101003	1	417300;300022;300003	12;9000;90000	1
10100317	17	1	101003	301;201	2133;71						88:talent_ico_710002	1	300022;300003	2400;24000	1
10100318	18	1	101003	201;101	71;142						88:talent_ico_710002	1	300022;300003	1800;18000	1
10100319	19	1	101003	101;301	142;2133						88:talent_ico_710002	1	300022;300003	2400;24000	1
10100320	20	3	101003				91101003	1			88:talent_ico_81101003	1	417200;300022;300003	12;5400;54000	1
10100321	21	1	101003	101;301	228;3413						88:talent_ico_710003	1	300022;300003	3600;36000	1
10100322	22	1	101003	301;201	3413;114						88:talent_ico_710003	1	300022;300003	3600;36000	1
10100323	23	1	101003	201;101	114;228						88:talent_ico_710003	1	300022;300003	3600;36000	1
10100324	24	2	101003	201;101;301;2502	171;341;5119;0.06						88:talent_ico_710003	1	417200;300022;300003	12;5400;54000	1
10100325	25	1	101003	301;201	3413;114						88:talent_ico_710003	1	300022;300003	3600;36000	1
10100326	26	1	101003	201;101	114;228						88:talent_ico_710003	1	300022;300003	3600;36000	1
10100327	27	1	101003	101;301	228;3413						88:talent_ico_710003	1	300022;300003	3600;36000	1
10100328	28	3	101003			10100320	92101003	1	91101003	1	88:talent_ico_82101003	1	417300;300022;300003	12;9000;90000	1
10101101	1	1	101011	201;101	45;90						88:talent_ico_710001	1	300022;300003	1600;16000	1
10101102	2	1	101011	101;301	90;1347						88:talent_ico_710001	1	300022;300003	2000;20000	1
10101103	3	1	101011	301;201	1347;45						88:talent_ico_710001	1	300022;300003	2000;20000	1
10101104	4	2	101011	201;101;301;2101	90;180;2695;0.02						88:talent_ico_710001	1	417100;300022;300003	16;4000;40000	1
10101105	5	1	101011	201;101	75;150						88:talent_ico_710002	1	300022;300003	2400;24000	1
10101106	6	1	101011	101;301	150;2246						88:talent_ico_710002	1	300022;300003	3200;32000	1
10101107	7	1	101011	301;201	2246;75						88:talent_ico_710002	1	300022;300003	3200;32000	1
10101108	8	2	101011	201;101;301;2502	150;299;4491;0.04						88:talent_ico_710002	1	417100;300022;300003	24;4800;48000	1
10101109	9	1	101011	101;301	150;2246						88:talent_ico_710002	1	300022;300003	3200;32000	1
10101110	10	1	101011	301;201	2246;75						88:talent_ico_710002	1	300022;300003	3200;32000	1
10101111	11	1	101011	201;101	75;150						88:talent_ico_710002	1	300022;300003	2400;24000	1
10101112	12	3	101011				91101011	1			88:talent_ico_71101011	1	417200;300022;300003	16;7200;72000	1
10101113	13	1	101011	201;101	120;240						88:talent_ico_710003	1	300022;300003	4800;48000	1
10101114	14	1	101011	101;301	240;3593						88:talent_ico_710003	1	300022;300003	4800;48000	1
10101115	15	1	101011	301;201	3593;120						88:talent_ico_710003	1	300022;300003	4800;48000	1
10101116	16	3	101011			10101112	92101011	1	91101011	1	88:talent_ico_72101011	1	417300;300022;300003	16;12000;120000	1
10101117	17	1	101011	301;201	2246;75						88:talent_ico_710002	1	300022;300003	3200;32000	1
10101118	18	1	101011	201;101	75;150						88:talent_ico_710002	1	300022;300003	2400;24000	1
10101119	19	1	101011	101;301	150;2246						88:talent_ico_710002	1	300022;300003	3200;32000	1
10101120	20	3	101011				93101011	1			88:talent_ico_81101011	1	417200;300022;300003	16;7200;72000	1
10101121	21	1	101011	101;301	240;3593						88:talent_ico_710003	1	300022;300003	4800;48000	1
10101122	22	1	101011	301;201	3593;120						88:talent_ico_710003	1	300022;300003	4800;48000	1
10101123	23	1	101011	201;101	120;240						88:talent_ico_710003	1	300022;300003	4800;48000	1
10101124	24	2	101011	201;101;301;2101	180;359;5389;0.04						88:talent_ico_710003	1	417200;300022;300003	16;7200;72000	1
10101125	25	1	101011	301;201	3593;120						88:talent_ico_710003	1	300022;300003	4800;48000	1
10101126	26	1	101011	201;101	120;240						88:talent_ico_710003	1	300022;300003	4800;48000	1
10101127	27	1	101011	101;301	240;3593						88:talent_ico_710003	1	300022;300003	4800;48000	1
10101128	28	3	101011			10101120	94101011	1	93101011	1	88:talent_ico_82101011	1	417300;300022;300003	16;12000;120000	1
10200201	1	1	102002	101;201	85;50						88:talent_ico_710001	1	300022;300003	1200;12000	1
10200202	2	1	102002	201;301	50;1138						88:talent_ico_710001	1	300022;300003	1500;15000	1
10200203	3	1	102002	301;101	1138;85						88:talent_ico_710001	1	300022;300003	1500;15000	1
10200204	4	2	102002	101;201;301;903	171;100;1138;0.08						88:talent_ico_710001	1	417100;300022;300003	12;3000;30000	1
10200205	5	1	102002	101;201	142;83						88:talent_ico_710002	1	300022;300003	1800;18000	1
10200206	6	1	102002	201;301	83;1896						88:talent_ico_710002	1	300022;300003	2400;24000	1
10200207	7	1	102002	301;101	1896;142						88:talent_ico_710002	1	300022;300003	2400;24000	1
10200208	8	2	102002	101;201;301;1502	284;166;1896;-0.06						88:talent_ico_710002	1	417100;300022;300003	18;3600;36000	1
10200209	9	1	102002	201;301	83;1896						88:talent_ico_710002	1	300022;300003	2400;24000	1
10200210	10	1	102002	301;101	1896;142						88:talent_ico_710002	1	300022;300003	2400;24000	1
10200211	11	1	102002	101;201	142;83						88:talent_ico_710002	1	300022;300003	1800;18000	1
10200212	12	3	102002				91102002	1			88:talent_ico_71102002	1	417200;300022;300003	12;5400;54000	1
10200213	13	1	102002	101;201	228;133						88:talent_ico_710003	1	300022;300003	3600;36000	1
10200214	14	1	102002	201;301	133;3034						88:talent_ico_710003	1	300022;300003	3600;36000	1
10200215	15	1	102002	301;101	3034;228						88:talent_ico_710003	1	300022;300003	3600;36000	1
10200216	16	3	102002			10200212	92102002	1	91102002	1	88:talent_ico_72102002	1	417300;300022;300003	12;9000;90000	1
10200217	17	1	102002	301;101	1896;142						88:talent_ico_710002	1	300022;300003	2400;24000	1
10200218	18	1	102002	101;201	142;83						88:talent_ico_710002	1	300022;300003	1800;18000	1
10200219	19	1	102002	201;301	83;1896						88:talent_ico_710002	1	300022;300003	2400;24000	1
10200220	20	3	102002				93001	1			88:talent_ico_81102002	1	417200;300022;300003	12;5400;54000	1
10200221	21	1	102002	201;301	133;3034						88:talent_ico_710003	1	300022;300003	3600;36000	1
10200222	22	1	102002	301;101	3034;228						88:talent_ico_710003	1	300022;300003	3600;36000	1
10200223	23	1	102002	101;201	228;133						88:talent_ico_710003	1	300022;300003	3600;36000	1
10200224	24	2	102002	101;201;301;2502	341;199;2275;0.04						88:talent_ico_710003	1	417200;300022;300003	12;5400;54000	1
10200225	25	1	102002	301;101	3034;228						88:talent_ico_710003	1	300022;300003	3600;36000	1
10200226	26	1	102002	101;201	228;133						88:talent_ico_710003	1	300022;300003	3600;36000	1
10200227	27	1	102002	201;301	133;3034						88:talent_ico_710003	1	300022;300003	3600;36000	1
10200228	28	3	102002			10200220	93002	1	93001	1	88:talent_ico_82102002	1	417300;300022;300003	12;9000;90000	1
10201101	1	1	102011	201;101	47;94						88:talent_ico_710001	1	300022;300003	2000;20000	1
10201102	2	1	102011	101;301	94;1415						88:talent_ico_710001	1	300022;300003	2500;25000	1
10201103	3	1	102011	301;201	1415;47						88:talent_ico_710001	1	300022;300003	2500;25000	1
10201104	4	2	102011	201;101;301;2101	94;189;2830;0.02						88:talent_ico_710001	1	417100;300022;300003	20;5000;50000	1
10201105	5	1	102011	201;101	79;157						88:talent_ico_710002	1	300022;300003	3000;30000	1
10201106	6	1	102011	101;301	157;2358						88:talent_ico_710002	1	300022;300003	4000;40000	1
10201107	7	1	102011	301;201	2358;79						88:talent_ico_710002	1	300022;300003	4000;40000	1
10201108	8	2	102011	201;101;301;2502	157;314;4716;0.04						88:talent_ico_710002	1	417100;300022;300003	30;6000;60000	1
10201109	9	1	102011	101;301	157;2358						88:talent_ico_710002	1	300022;300003	4000;40000	1
10201110	10	1	102011	301;201	2358;79						88:talent_ico_710002	1	300022;300003	4000;40000	1
10201111	11	1	102011	201;101	79;157						88:talent_ico_710002	1	300022;300003	3000;30000	1
10201112	12	3	102011				91102011	1			88:talent_ico_71102011	1	417200;300022;300003	20;9000;90000	1
10201113	13	1	102011	201;101	126;252						88:talent_ico_710003	1	300022;300003	6000;60000	1
10201114	14	1	102011	101;301	252;3773						88:talent_ico_710003	1	300022;300003	6000;60000	1
10201115	15	1	102011	301;201	3773;126						88:talent_ico_710003	1	300022;300003	6000;60000	1
10201116	16	3	102011			10201112	92102011	1	91102011	1	88:talent_ico_72102011	1	417300;300022;300003	20;15000;150000	1
10201117	17	1	102011	301;201	2358;79						88:talent_ico_710002	1	300022;300003	4000;40000	1
10201118	18	1	102011	201;101	79;157						88:talent_ico_710002	1	300022;300003	3000;30000	1
10201119	19	1	102011	101;301	157;2358						88:talent_ico_710002	1	300022;300003	4000;40000	1
10201120	20	3	102011				95102011	1			88:talent_ico_81102011	1	417200;300022;300003	20;9000;90000	1
10201121	21	1	102011	101;301	252;3773						88:talent_ico_710003	1	300022;300003	6000;60000	1
10201122	22	1	102011	301;201	3773;126						88:talent_ico_710003	1	300022;300003	6000;60000	1
10201123	23	1	102011	201;101	126;252						88:talent_ico_710003	1	300022;300003	6000;60000	1
10201124	24	2	102011	201;101;301;2101	189;377;5659;0.04						88:talent_ico_710003	1	417200;300022;300003	20;9000;90000	1
10201125	25	1	102011	301;201	3773;126						88:talent_ico_710003	1	300022;300003	6000;60000	1
10201126	26	1	102011	201;101	126;252						88:talent_ico_710003	1	300022;300003	6000;60000	1
10201127	27	1	102011	101;301	252;3773						88:talent_ico_710003	1	300022;300003	6000;60000	1
10201128	28	3	102011			10201120	96102011	1	95102011	1	88:talent_ico_82102011	1	417300;300022;300003	20;15000;150000	1
10201301	1	1	102013	201;301	44;943						88:talent_ico_740001	1	300022;300003	2000;20000	1
10201302	2	1	102013	301;101	943;126						88:talent_ico_740001	1	300022;300003	2500;25000	1
10201303	3	1	102013	101;201	126;44						88:talent_ico_740001	1	300022;300003	2500;25000	1
10201304	4	2	102013	201;301;101;2101	88;1886;252;0.03						88:talent_ico_740001	1	417100;300022;300003	20;5000;50000	1
10201305	5	1	102013	201;301	73;1572						88:talent_ico_740002	1	300022;300003	3000;30000	1
10201306	6	1	102013	301;101	1572;210						88:talent_ico_740002	1	300022;300003	4000;40000	1
10201307	7	1	102013	101;201	210;73						88:talent_ico_740002	1	300022;300003	4000;40000	1
10201308	8	2	102013	201;301;101;2101	147;3144;419;0.05						88:talent_ico_740002	1	417100;300022;300003	30;6000;60000	1
10201309	9	1	102013	301;101	1572;210						88:talent_ico_740002	1	300022;300003	4000;40000	1
10201310	10	1	102013	101;201	210;73						88:talent_ico_740002	1	300022;300003	4000;40000	1
10201311	11	1	102013	201;301	73;1572						88:talent_ico_740002	1	300022;300003	3000;30000	1
10201312	12	3	102013				91009	1			88:talent_ico_71102013	1	417200;300022;300003	20;9000;90000	1
10201313	13	1	102013	201;301	117;2515						88:talent_ico_740003	1	300022;300003	6000;60000	1
10201314	14	1	102013	301;101	2515;335						88:talent_ico_740003	1	300022;300003	6000;60000	1
10201315	15	1	102013	101;201	335;117						88:talent_ico_740003	1	300022;300003	6000;60000	1
10201316	16	3	102013			10201312	92009	1	91009	1	88:talent_ico_72102013	1	417300;300022;300003	20;15000;150000	1
10201317	17	1	102013	101;201	210;73						88:talent_ico_740002	1	300022;300003	4000;40000	1
10201318	18	1	102013	201;301	73;1572						88:talent_ico_740002	1	300022;300003	3000;30000	1
10201319	19	1	102013	301;101	1572;210						88:talent_ico_740002	1	300022;300003	4000;40000	1
10201320	20	3	102013				91016	1			88:talent_ico_81102013	1	417200;300022;300003	20;9000;90000	1
10201321	21	1	102013	301;101	2515;335						88:talent_ico_740003	1	300022;300003	6000;60000	1
10201322	22	1	102013	101;201	335;117						88:talent_ico_740003	1	300022;300003	6000;60000	1
10201323	23	1	102013	201;301	117;2515						88:talent_ico_740003	1	300022;300003	6000;60000	1
10201324	24	2	102013	201;301;101;2101	176;3773;503;0.07						88:talent_ico_740003	1	417200;300022;300003	20;9000;90000	1
10201325	25	1	102013	101;201	335;117						88:talent_ico_740003	1	300022;300003	6000;60000	1
10201326	26	1	102013	201;301	117;2515						88:talent_ico_740003	1	300022;300003	6000;60000	1
10201327	27	1	102013	301;101	2515;335						88:talent_ico_740003	1	300022;300003	6000;60000	1
10201328	28	3	102013			10201320	92016	1	91016	1	88:talent_ico_82102013	1	417300;300022;300003	20;15000;150000	1
10400301	1	1	104003	301;201	928;46						88:talent_ico_720001	1	300022;300003	1600;16000	1
10400302	2	1	104003	201;101	46;108						88:talent_ico_720001	1	300022;300003	2000;20000	1
10400303	3	1	104003	101;301	108;928						88:talent_ico_720001	1	300022;300003	2000;20000	1
10400304	4	2	104003	301;201;101;703	1856;93;108;0.03						88:talent_ico_720001	1	417100;300022;300003	16;4000;40000	1
10400305	5	1	104003	301;201	1547;77						88:talent_ico_720002	1	300022;300003	2400;24000	1
10400306	6	1	104003	201;101	77;180						88:talent_ico_720002	1	300022;300003	3200;32000	1
10400307	7	1	104003	101;301	180;1547						88:talent_ico_720002	1	300022;300003	3200;32000	1
10400308	8	2	104003	301;201;101;703	3094;155;180;0.05						88:talent_ico_720002	1	417100;300022;300003	24;4800;48000	1
10400309	9	1	104003	201;101	77;180						88:talent_ico_720002	1	300022;300003	3200;32000	1
10400310	10	1	104003	101;301	180;1547						88:talent_ico_720002	1	300022;300003	3200;32000	1
10400311	11	1	104003	301;201	1547;77						88:talent_ico_720002	1	300022;300003	2400;24000	1
10400312	12	3	104003				91015	1			88:talent_ico_71104003	1	417200;300022;300003	16;7200;72000	1
10400313	13	1	104003	301;201	2475;124						88:talent_ico_720003	1	300022;300003	4800;48000	1
10400314	14	1	104003	201;101	124;287						88:talent_ico_720003	1	300022;300003	4800;48000	1
10400315	15	1	104003	101;301	287;2475						88:talent_ico_720003	1	300022;300003	4800;48000	1
10400316	16	3	104003			10400312	92015	1	91015	1	88:talent_ico_72104003	1	417300;300022;300003	16;12000;120000	1
10400317	17	1	104003	101;301	180;1547						88:talent_ico_720002	1	300022;300003	3200;32000	1
10400318	18	1	104003	301;201	1547;77						88:talent_ico_720002	1	300022;300003	2400;24000	1
10400319	19	1	104003	201;101	77;180						88:talent_ico_720002	1	300022;300003	3200;32000	1
10400320	20	3	104003				91019	1			88:talent_ico_81104003	1	417200;300022;300003	16;7200;72000	1
10400321	21	1	104003	201;101	124;287						88:talent_ico_720003	1	300022;300003	4800;48000	1
10400322	22	1	104003	101;301	287;2475						88:talent_ico_720003	1	300022;300003	4800;48000	1
10400323	23	1	104003	301;201	2475;124						88:talent_ico_720003	1	300022;300003	4800;48000	1
10400324	24	2	104003	301;201;101;703	3713;186;216;0.08						88:talent_ico_720003	1	417200;300022;300003	16;7200;72000	1
10400325	25	1	104003	101;301	287;2475						88:talent_ico_720003	1	300022;300003	4800;48000	1
10400326	26	1	104003	301;201	2475;124						88:talent_ico_720003	1	300022;300003	4800;48000	1
10400327	27	1	104003	201;101	124;287						88:talent_ico_720003	1	300022;300003	4800;48000	1
10400328	28	3	104003			10400320	92019	1	91019	1	88:talent_ico_82104003	1	417300;300022;300003	16;12000;120000	1
10400401	1	1	104004	301;201	817;47						88:talent_ico_730001	1	300022;300003	2000;20000	1
10400402	2	1	104004	201;101	47;132						88:talent_ico_730001	1	300022;300003	2500;25000	1
10400403	3	1	104004	101;301	132;817						88:talent_ico_730001	1	300022;300003	2500;25000	1
10400404	4	2	104004	301;201;101;703	1635;94;132;0.03						88:talent_ico_730001	1	417100;300022;300003	20;5000;50000	1
10400405	5	1	104004	301;201	1362;79						88:talent_ico_730002	1	300022;300003	3000;30000	1
10400406	6	1	104004	201;101	79;220						88:talent_ico_730002	1	300022;300003	4000;40000	1
10400407	7	1	104004	101;301	220;1362						88:talent_ico_730002	1	300022;300003	4000;40000	1
10400408	8	2	104004	301;201;101;703	2725;157;220;0.05						88:talent_ico_730002	1	417100;300022;300003	30;6000;60000	1
10400409	9	1	104004	201;101	79;220						88:talent_ico_730002	1	300022;300003	4000;40000	1
10400410	10	1	104004	101;301	220;1362						88:talent_ico_730002	1	300022;300003	4000;40000	1
10400411	11	1	104004	301;201	1362;79						88:talent_ico_730002	1	300022;300003	3000;30000	1
10400412	12	3	104004				91021	1			88:talent_ico_71104004	1	417200;300022;300003	20;9000;90000	1
10400413	13	1	104004	301;201	2180;126						88:talent_ico_730003	1	300022;300003	6000;60000	1
10400414	14	1	104004	201;101	126;352						88:talent_ico_730003	1	300022;300003	6000;60000	1
10400415	15	1	104004	101;301	352;2180						88:talent_ico_730003	1	300022;300003	6000;60000	1
10400416	16	3	104004			10400412	92021	1	91021	1	88:talent_ico_72104004	1	417300;300022;300003	20;15000;150000	1
10400417	17	1	104004	101;301	220;1362						88:talent_ico_730002	1	300022;300003	4000;40000	1
10400418	18	1	104004	301;201	1362;79						88:talent_ico_730002	1	300022;300003	3000;30000	1
10400419	19	1	104004	201;101	79;220						88:talent_ico_730002	1	300022;300003	4000;40000	1
10400420	20	3	104004				91022	1			88:talent_ico_81104004	1	417200;300022;300003	20;9000;90000	1
10400421	21	1	104004	201;101	126;352						88:talent_ico_730003	1	300022;300003	6000;60000	1
10400422	22	1	104004	101;301	352;2180						88:talent_ico_730003	1	300022;300003	6000;60000	1
10400423	23	1	104004	301;201	2180;126						88:talent_ico_730003	1	300022;300003	6000;60000	1
10400424	24	2	104004	301;201;101;703	3270;189;264;0.08						88:talent_ico_730003	1	417200;300022;300003	20;9000;90000	1
10400425	25	1	104004	101;301	352;2180						88:talent_ico_730003	1	300022;300003	6000;60000	1
10400426	26	1	104004	301;201	2180;126						88:talent_ico_730003	1	300022;300003	6000;60000	1
10400427	27	1	104004	201;101	126;352						88:talent_ico_730003	1	300022;300003	6000;60000	1
10400428	28	3	104004			10400420	92022	1	91022	1	88:talent_ico_82104004	1	417300;300022;300003	20;15000;150000	1
10300501	1	1	103005	301;201	817;47						88:talent_ico_730001	1	300022;300003	2000;20000	1
10300502	2	1	103005	201;101	47;132						88:talent_ico_730001	1	300022;300003	2500;25000	1
10300503	3	1	103005	101;301	132;817						88:talent_ico_730001	1	300022;300003	2500;25000	1
10300504	4	2	103005	301;201;101;603	1635;94;132;0.02						88:talent_ico_730001	1	417100;300022;300003	20;5000;50000	1
10300505	5	1	103005	301;201	1362;79						88:talent_ico_730002	1	300022;300003	3000;30000	1
10300506	6	1	103005	201;101	79;220						88:talent_ico_730002	1	300022;300003	4000;40000	1
10300507	7	1	103005	101;301	220;1362						88:talent_ico_730002	1	300022;300003	4000;40000	1
10300508	8	2	103005	301;201;101;603	2725;157;220;0.03						88:talent_ico_730002	1	417100;300022;300003	30;6000;60000	1
10300509	9	1	103005	201;101	79;220						88:talent_ico_730002	1	300022;300003	4000;40000	1
10300510	10	1	103005	101;301	220;1362						88:talent_ico_730002	1	300022;300003	4000;40000	1
10300511	11	1	103005	301;201	1362;79						88:talent_ico_730002	1	300022;300003	3000;30000	1
10300512	12	3	103005				91015	1			88:talent_ico_71103005	1	417200;300022;300003	20;9000;90000	1
10300513	13	1	103005	301;201	2180;126						88:talent_ico_730003	1	300022;300003	6000;60000	1
10300514	14	1	103005	201;101	126;352						88:talent_ico_730003	1	300022;300003	6000;60000	1
10300515	15	1	103005	101;301	352;2180						88:talent_ico_730003	1	300022;300003	6000;60000	1
10300516	16	3	103005			10300512	92015	1	91015	1	88:talent_ico_72103005	1	417300;300022;300003	20;15000;150000	1
10300517	17	1	103005	101;301	220;1362						88:talent_ico_730002	1	300022;300003	4000;40000	1
10300518	18	1	103005	301;201	1362;79						88:talent_ico_730002	1	300022;300003	3000;30000	1
10300519	19	1	103005	201;101	79;220						88:talent_ico_730002	1	300022;300003	4000;40000	1
10300520	20	3	103005				93001	1			88:talent_ico_81103005	1	417200;300022;300003	20;9000;90000	1
10300521	21	1	103005	201;101	126;352						88:talent_ico_730003	1	300022;300003	6000;60000	1
10300522	22	1	103005	101;301	352;2180						88:talent_ico_730003	1	300022;300003	6000;60000	1
10300523	23	1	103005	301;201	2180;126						88:talent_ico_730003	1	300022;300003	6000;60000	1
10300524	24	2	103005	301;201;101;603	3270;189;264;0.03						88:talent_ico_730003	1	417200;300022;300003	20;9000;90000	1
10300525	25	1	103005	101;301	352;2180						88:talent_ico_730003	1	300022;300003	6000;60000	1
10300526	26	1	103005	301;201	2180;126						88:talent_ico_730003	1	300022;300003	6000;60000	1
10300527	27	1	103005	201;101	126;352						88:talent_ico_730003	1	300022;300003	6000;60000	1
10300528	28	3	103005			10300520	93002	1	93001	1	88:talent_ico_82103005	1	417300;300022;300003	20;15000;150000	1
10101201	1	1	101012	301;201	975;49						88:talent_ico_720001	1	300022;300003	2000;20000	1
10101202	2	1	101012	201;101	49;113						88:talent_ico_720001	1	300022;300003	2500;25000	1
10101203	3	1	101012	101;301	113;975						88:talent_ico_720001	1	300022;300003	2500;25000	1
10101204	4	2	101012	301;201;101;703	1949;97;113;0.03						88:talent_ico_720001	1	417100;300022;300003	20;5000;50000	1
10101205	5	1	101012	301;201	1624;81						88:talent_ico_720002	1	300022;300003	3000;30000	1
10101206	6	1	101012	201;101	81;189						88:talent_ico_720002	1	300022;300003	4000;40000	1
10101207	7	1	101012	101;301	189;1624						88:talent_ico_720002	1	300022;300003	4000;40000	1
10101208	8	2	101012	301;201;101;703	3249;162;189;0.05						88:talent_ico_720002	1	417100;300022;300003	30;6000;60000	1
10101209	9	1	101012	201;101	81;189						88:talent_ico_720002	1	300022;300003	4000;40000	1
10101210	10	1	101012	101;301	189;1624						88:talent_ico_720002	1	300022;300003	4000;40000	1
10101211	11	1	101012	301;201	1624;81						88:talent_ico_720002	1	300022;300003	3000;30000	1
10101212	12	3	101012				91015	1			88:talent_ico_71101012	1	417200;300022;300003	20;9000;90000	1
10101213	13	1	101012	301;201	2599;130						88:talent_ico_720003	1	300022;300003	6000;60000	1
10101214	14	1	101012	201;101	130;302						88:talent_ico_720003	1	300022;300003	6000;60000	1
10101215	15	1	101012	101;301	302;2599						88:talent_ico_720003	1	300022;300003	6000;60000	1
10101216	16	3	101012			10101212	92015	1	91015	1	88:talent_ico_72101012	1	417300;300022;300003	20;15000;150000	1
10101217	17	1	101012	101;301	189;1624						88:talent_ico_720002	1	300022;300003	4000;40000	1
10101218	18	1	101012	301;201	1624;81						88:talent_ico_720002	1	300022;300003	3000;30000	1
10101219	19	1	101012	201;101	81;189						88:talent_ico_720002	1	300022;300003	4000;40000	1
10101220	20	3	101012				93001	1			88:talent_ico_81101012	1	417200;300022;300003	20;9000;90000	1
10101221	21	1	101012	201;101	130;302						88:talent_ico_720003	1	300022;300003	6000;60000	1
10101222	22	1	101012	101;301	302;2599						88:talent_ico_720003	1	300022;300003	6000;60000	1
10101223	23	1	101012	301;201	2599;130						88:talent_ico_720003	1	300022;300003	6000;60000	1
10101224	24	2	101012	301;201;101;703	3899;195;226;0.08						88:talent_ico_720003	1	417200;300022;300003	20;9000;90000	1
10101225	25	1	101012	101;301	302;2599						88:talent_ico_720003	1	300022;300003	6000;60000	1
10101226	26	1	101012	301;201	2599;130						88:talent_ico_720003	1	300022;300003	6000;60000	1
10101227	27	1	101012	201;101	130;302						88:talent_ico_720003	1	300022;300003	6000;60000	1
10101228	28	3	101012			10101220	93002	1	93001	1	88:talent_ico_82101012	1	417300;300022;300003	20;15000;150000	1
10200501	1	1	102005	301;201	975;49						88:talent_ico_720001	1	300022;300003	2000;20000	1
10200502	2	1	102005	201;101	49;119						88:talent_ico_720001	1	300022;300003	2500;25000	1
10200503	3	1	102005	101;301	119;975						88:talent_ico_720001	1	300022;300003	2500;25000	1
10200504	4	2	102005	301;201;101;1501	1949;97;119;0.02						88:talent_ico_720001	1	417100;300022;300003	20;5000;50000	1
10200505	5	1	102005	301;201	1624;81						88:talent_ico_720002	1	300022;300003	3000;30000	1
10200506	6	1	102005	201;101	81;199						88:talent_ico_720002	1	300022;300003	4000;40000	1
10200507	7	1	102005	101;301	199;1624						88:talent_ico_720002	1	300022;300003	4000;40000	1
10200508	8	2	102005	301;201;101;1501	3249;162;199;0.04						88:talent_ico_720002	1	417100;300022;300003	30;6000;60000	1
10200509	9	1	102005	201;101	81;199						88:talent_ico_720002	1	300022;300003	4000;40000	1
10200510	10	1	102005	101;301	199;1624						88:talent_ico_720002	1	300022;300003	4000;40000	1
10200511	11	1	102005	301;201	1624;81						88:talent_ico_720002	1	300022;300003	3000;30000	1
10200512	12	3	102005				91015	1			88:talent_ico_71102005	1	417200;300022;300003	20;9000;90000	1
10200513	13	1	102005	301;201	2599;130						88:talent_ico_720003	1	300022;300003	6000;60000	1
10200514	14	1	102005	201;101	130;319						88:talent_ico_720003	1	300022;300003	6000;60000	1
10200515	15	1	102005	101;301	319;2599						88:talent_ico_720003	1	300022;300003	6000;60000	1
10200516	16	3	102005			10200512	92015	1	91015	1	88:talent_ico_72102005	1	417300;300022;300003	20;15000;150000	1
10200517	17	1	102005	101;301	199;1624						88:talent_ico_720002	1	300022;300003	4000;40000	1
10200518	18	1	102005	301;201	1624;81						88:talent_ico_720002	1	300022;300003	3000;30000	1
10200519	19	1	102005	201;101	81;199						88:talent_ico_720002	1	300022;300003	4000;40000	1
10200520	20	3	102005				91102005	1			88:talent_ico_81102005	1	417200;300022;300003	20;9000;90000	1
10200521	21	1	102005	201;101	130;319						88:talent_ico_720003	1	300022;300003	6000;60000	1
10200522	22	1	102005	101;301	319;2599						88:talent_ico_720003	1	300022;300003	6000;60000	1
10200523	23	1	102005	301;201	2599;130						88:talent_ico_720003	1	300022;300003	6000;60000	1
10200524	24	2	102005	301;201;101;1501	3899;195;239;0.06						88:talent_ico_720003	1	417200;300022;300003	20;9000;90000	1
10200525	25	1	102005	101;301	319;2599						88:talent_ico_720003	1	300022;300003	6000;60000	1
10200526	26	1	102005	301;201	2599;130						88:talent_ico_720003	1	300022;300003	6000;60000	1
10200527	27	1	102005	201;101	130;319						88:talent_ico_720003	1	300022;300003	6000;60000	1
10200528	28	3	102005			10200520	91102005	2	91102005	1	88:talent_ico_82102005	1	417300;300022;300003	20;15000;150000	1
10400201	1	1	104002	301;201	817;47						88:talent_ico_730001	1	300022;300003	2000;20000	1
10400202	2	1	104002	201;101	47;132						88:talent_ico_730001	1	300022;300003	2500;25000	1
10400203	3	1	104002	101;301	132;817						88:talent_ico_730001	1	300022;300003	2500;25000	1
10400204	4	2	104002	301;201;101;603	1635;94;132;0.02						88:talent_ico_730001	1	417100;300022;300003	20;5000;50000	1
10400205	5	1	104002	301;201	1362;79						88:talent_ico_730002	1	300022;300003	3000;30000	1
10400206	6	1	104002	201;101	79;220						88:talent_ico_730002	1	300022;300003	4000;40000	1
10400207	7	1	104002	101;301	220;1362						88:talent_ico_730002	1	300022;300003	4000;40000	1
10400208	8	2	104002	301;201;101;603	2725;157;220;0.03						88:talent_ico_730002	1	417100;300022;300003	30;6000;60000	1
10400209	9	1	104002	201;101	79;220						88:talent_ico_730002	1	300022;300003	4000;40000	1
10400210	10	1	104002	101;301	220;1362						88:talent_ico_730002	1	300022;300003	4000;40000	1
10400211	11	1	104002	301;201	1362;79						88:talent_ico_730002	1	300022;300003	3000;30000	1
10400212	12	3	104002				91032	1			88:talent_ico_71104002	1	417200;300022;300003	20;9000;90000	1
10400213	13	1	104002	301;201	2180;126						88:talent_ico_730003	1	300022;300003	6000;60000	1
10400214	14	1	104002	201;101	126;352						88:talent_ico_730003	1	300022;300003	6000;60000	1
10400215	15	1	104002	101;301	352;2180						88:talent_ico_730003	1	300022;300003	6000;60000	1
10400216	16	3	104002			10400212	91032	2	91032	1	88:talent_ico_72104002	1	417300;300022;300003	20;15000;150000	1
10400217	17	1	104002	101;301	220;1362						88:talent_ico_730002	1	300022;300003	4000;40000	1
10400218	18	1	104002	301;201	1362;79						88:talent_ico_730002	1	300022;300003	3000;30000	1
10400219	19	1	104002	201;101	79;220						88:talent_ico_730002	1	300022;300003	4000;40000	1
10400220	20	3	104002				93001	1			88:talent_ico_81104002	1	417200;300022;300003	20;9000;90000	1
10400221	21	1	104002	201;101	126;352						88:talent_ico_730003	1	300022;300003	6000;60000	1
10400222	22	1	104002	101;301	352;2180						88:talent_ico_730003	1	300022;300003	6000;60000	1
10400223	23	1	104002	301;201	2180;126						88:talent_ico_730003	1	300022;300003	6000;60000	1
10400224	24	2	104002	301;201;101;603	3270;189;264;0.03						88:talent_ico_730003	1	417200;300022;300003	20;9000;90000	1
10400225	25	1	104002	101;301	352;2180						88:talent_ico_730003	1	300022;300003	6000;60000	1
10400226	26	1	104002	301;201	2180;126						88:talent_ico_730003	1	300022;300003	6000;60000	1
10400227	27	1	104002	201;101	126;352						88:talent_ico_730003	1	300022;300003	6000;60000	1
10400228	28	3	104002			10400220	93002	1	93001	1	88:talent_ico_82104002	1	417300;300022;300003	20;15000;150000	1
10100101	1	1	101001	301;201	882;44						88:talent_ico_720001	1	300022;300003	1200;12000	1
10100102	2	1	101001	201;101	44;102						88:talent_ico_720001	1	300022;300003	1500;15000	1
10100103	3	1	101001	101;301	102;882						88:talent_ico_720001	1	300022;300003	1500;15000	1
10100104	4	2	101001	301;201;101;703	1763;88;102;0.03						88:talent_ico_720001	1	417100;300022;300003	12;3000;30000	1
10100105	5	1	101001	301;201	1469;73						88:talent_ico_720002	1	300022;300003	1800;18000	1
10100106	6	1	101001	201;101	73;171						88:talent_ico_720002	1	300022;300003	2400;24000	1
10100107	7	1	101001	101;301	171;1469						88:talent_ico_720002	1	300022;300003	2400;24000	1
10100108	8	2	101001	301;201;101;703	2939;147;171;0.05						88:talent_ico_720002	1	417100;300022;300003	18;3600;36000	1
10100109	9	1	101001	201;101	73;171						88:talent_ico_720002	1	300022;300003	2400;24000	1
10100110	10	1	101001	101;301	171;1469						88:talent_ico_720002	1	300022;300003	2400;24000	1
10100111	11	1	101001	301;201	1469;73						88:talent_ico_720002	1	300022;300003	1800;18000	1
10100112	12	3	101001				91015	1			88:talent_ico_71101001	1	417200;300022;300003	12;5400;54000	1
10100113	13	1	101001	301;201	2351;118						88:talent_ico_720003	1	300022;300003	3600;36000	1
10100114	14	1	101001	201;101	118;273						88:talent_ico_720003	1	300022;300003	3600;36000	1
10100115	15	1	101001	101;301	273;2351						88:talent_ico_720003	1	300022;300003	3600;36000	1
10100116	16	3	101001			10100112	92015	1	91015	1	88:talent_ico_72101001	1	417300;300022;300003	12;9000;90000	1
10100117	17	1	101001	101;301	171;1469						88:talent_ico_720002	1	300022;300003	2400;24000	1
10100118	18	1	101001	301;201	1469;73						88:talent_ico_720002	1	300022;300003	1800;18000	1
10100119	19	1	101001	201;101	73;171						88:talent_ico_720002	1	300022;300003	2400;24000	1
10100120	20	3	101001				93001	1			88:talent_ico_81101001	1	417200;300022;300003	12;5400;54000	1
10100121	21	1	101001	201;101	118;273						88:talent_ico_720003	1	300022;300003	3600;36000	1
10100122	22	1	101001	101;301	273;2351						88:talent_ico_720003	1	300022;300003	3600;36000	1
10100123	23	1	101001	301;201	2351;118						88:talent_ico_720003	1	300022;300003	3600;36000	1
10100124	24	2	101001	301;201;101;703	3527;176;205;0.08						88:talent_ico_720003	1	417200;300022;300003	12;5400;54000	1
10100125	25	1	101001	101;301	273;2351						88:talent_ico_720003	1	300022;300003	3600;36000	1
10100126	26	1	101001	301;201	2351;118						88:talent_ico_720003	1	300022;300003	3600;36000	1
10100127	27	1	101001	201;101	118;273						88:talent_ico_720003	1	300022;300003	3600;36000	1
10100128	28	3	101001			10100120	93002	1	93001	1	88:talent_ico_82101001	1	417300;300022;300003	12;9000;90000	1
10100601	1	1	101006	301;201	739;43						88:talent_ico_730001	1	300022;300003	1200;12000	1
10100602	2	1	101006	201;101	43;119						88:talent_ico_730001	1	300022;300003	1500;15000	1
10100603	3	1	101006	101;301	119;739						88:talent_ico_730001	1	300022;300003	1500;15000	1
10100604	4	2	101006	301;201;101;603	1479;85;119;0.02						88:talent_ico_730001	1	417100;300022;300003	12;3000;30000	1
10100605	5	1	101006	301;201	1232;71						88:talent_ico_730002	1	300022;300003	1800;18000	1
10100606	6	1	101006	201;101	71;199						88:talent_ico_730002	1	300022;300003	2400;24000	1
10100607	7	1	101006	101;301	199;1232						88:talent_ico_730002	1	300022;300003	2400;24000	1
10100608	8	2	101006	301;201;101;603	2465;142;199;0.03						88:talent_ico_730002	1	417100;300022;300003	18;3600;36000	1
10100609	9	1	101006	201;101	71;199						88:talent_ico_730002	1	300022;300003	2400;24000	1
10100610	10	1	101006	101;301	199;1232						88:talent_ico_730002	1	300022;300003	2400;24000	1
10100611	11	1	101006	301;201	1232;71						88:talent_ico_730002	1	300022;300003	1800;18000	1
10100612	12	3	101006				91015	1			88:talent_ico_71101006	1	417200;300022;300003	12;5400;54000	1
10100613	13	1	101006	301;201	1972;114						88:talent_ico_730003	1	300022;300003	3600;36000	1
10100614	14	1	101006	201;101	114;319						88:talent_ico_730003	1	300022;300003	3600;36000	1
10100615	15	1	101006	101;301	319;1972						88:talent_ico_730003	1	300022;300003	3600;36000	1
10100616	16	3	101006			10100612	92015	1	91015	1	88:talent_ico_72101006	1	417300;300022;300003	12;9000;90000	1
10100617	17	1	101006	101;301	199;1232						88:talent_ico_730002	1	300022;300003	2400;24000	1
10100618	18	1	101006	301;201	1232;71						88:talent_ico_730002	1	300022;300003	1800;18000	1
10100619	19	1	101006	201;101	71;199						88:talent_ico_730002	1	300022;300003	2400;24000	1
10100620	20	3	101006				91019	1			88:talent_ico_81101006	1	417200;300022;300003	12;5400;54000	1
10100621	21	1	101006	201;101	114;319						88:talent_ico_730003	1	300022;300003	3600;36000	1
10100622	22	1	101006	101;301	319;1972						88:talent_ico_730003	1	300022;300003	3600;36000	1
10100623	23	1	101006	301;201	1972;114						88:talent_ico_730003	1	300022;300003	3600;36000	1
10100624	24	2	101006	301;201;101;603	2958;171;239;0.03						88:talent_ico_730003	1	417200;300022;300003	12;5400;54000	1
10100625	25	1	101006	101;301	319;1972						88:talent_ico_730003	1	300022;300003	3600;36000	1
10100626	26	1	101006	301;201	1972;114						88:talent_ico_730003	1	300022;300003	3600;36000	1
10100627	27	1	101006	201;101	114;319						88:talent_ico_730003	1	300022;300003	3600;36000	1
10100628	28	3	101006			10100620	92019	1	91019	1	88:talent_ico_82101006	1	417300;300022;300003	12;9000;90000	1
10200601	1	1	102006	301;201	778;45						88:talent_ico_730001	1	300022;300003	1600;16000	1
10200602	2	1	102006	201;101	45;135						88:talent_ico_730001	1	300022;300003	2000;20000	1
10200603	3	1	102006	101;301	135;778						88:talent_ico_730001	1	300022;300003	2000;20000	1
10200604	4	2	102006	301;201;101;1501	1557;90;135;0.04						88:talent_ico_730001	1	417100;300022;300003	16;4000;40000	1
10200605	5	1	102006	301;201	1297;75						88:talent_ico_730002	1	300022;300003	2400;24000	1
10200606	6	1	102006	201;101	75;225						88:talent_ico_730002	1	300022;300003	3200;32000	1
10200607	7	1	102006	101;301	225;1297						88:talent_ico_730002	1	300022;300003	3200;32000	1
10200608	8	2	102006	301;201;101;2502	2595;150;225;0.03						88:talent_ico_730002	1	417100;300022;300003	24;4800;48000	1
10200609	9	1	102006	201;101	75;225						88:talent_ico_730002	1	300022;300003	3200;32000	1
10200610	10	1	102006	101;301	225;1297						88:talent_ico_730002	1	300022;300003	3200;32000	1
10200611	11	1	102006	301;201	1297;75						88:talent_ico_730002	1	300022;300003	2400;24000	1
10200612	12	3	102006				91023	1			88:talent_ico_71102006	1	417200;300022;300003	16;7200;72000	1
10200613	13	1	102006	301;201	2076;120						88:talent_ico_730003	1	300022;300003	4800;48000	1
10200614	14	1	102006	201;101	120;359						88:talent_ico_730003	1	300022;300003	4800;48000	1
10200615	15	1	102006	101;301	359;2076						88:talent_ico_730003	1	300022;300003	4800;48000	1
10200616	16	3	102006			10200612	92023	1	91023	1	88:talent_ico_72102006	1	417300;300022;300003	16;12000;120000	1
10200617	17	1	102006	101;301	225;1297						88:talent_ico_730002	1	300022;300003	3200;32000	1
10200618	18	1	102006	301;201	1297;75						88:talent_ico_730002	1	300022;300003	2400;24000	1
10200619	19	1	102006	201;101	75;225						88:talent_ico_730002	1	300022;300003	3200;32000	1
10200620	20	3	102006				91006	1			88:talent_ico_81102006	1	417200;300022;300003	16;7200;72000	1
10200621	21	1	102006	201;101	120;359						88:talent_ico_730003	1	300022;300003	4800;48000	1
10200622	22	1	102006	101;301	359;2076						88:talent_ico_730003	1	300022;300003	4800;48000	1
10200623	23	1	102006	301;201	2076;120						88:talent_ico_730003	1	300022;300003	4800;48000	1
10200624	24	2	102006	301;201;101;401	3114;180;269;200						88:talent_ico_730003	1	417200;300022;300003	16;7200;72000	1
10200625	25	1	102006	101;301	359;2076						88:talent_ico_730003	1	300022;300003	4800;48000	1
10200626	26	1	102006	301;201	2076;120						88:talent_ico_730003	1	300022;300003	4800;48000	1
10200627	27	1	102006	201;101	120;359						88:talent_ico_730003	1	300022;300003	4800;48000	1
10200628	28	3	102006			10200620	92006	1	91006	1	88:talent_ico_82102006	1	417300;300022;300003	16;12000;120000	1
10300401	1	1	103004	301;201	882;44						88:talent_ico_720001	1	300022;300003	1200;12000	1
10300402	2	1	103004	201;101	44;102						88:talent_ico_720001	1	300022;300003	1500;15000	1
10300403	3	1	103004	101;301	102;882						88:talent_ico_720001	1	300022;300003	1500;15000	1
10300404	4	2	103004	301;201;101;703	1763;88;102;0.03						88:talent_ico_720001	1	417100;300022;300003	12;3000;30000	1
10300405	5	1	103004	301;201	1469;73						88:talent_ico_720002	1	300022;300003	1800;18000	1
10300406	6	1	103004	201;101	73;171						88:talent_ico_720002	1	300022;300003	2400;24000	1
10300407	7	1	103004	101;301	171;1469						88:talent_ico_720002	1	300022;300003	2400;24000	1
10300408	8	2	103004	301;201;101;703	2939;147;171;0.05						88:talent_ico_720002	1	417100;300022;300003	18;3600;36000	1
10300409	9	1	103004	201;101	73;171						88:talent_ico_720002	1	300022;300003	2400;24000	1
10300410	10	1	103004	101;301	171;1469						88:talent_ico_720002	1	300022;300003	2400;24000	1
10300411	11	1	103004	301;201	1469;73						88:talent_ico_720002	1	300022;300003	1800;18000	1
10300412	12	3	103004				91015	1			88:talent_ico_71103004	1	417200;300022;300003	12;5400;54000	1
10300413	13	1	103004	301;201	2351;118						88:talent_ico_720003	1	300022;300003	3600;36000	1
10300414	14	1	103004	201;101	118;273						88:talent_ico_720003	1	300022;300003	3600;36000	1
10300415	15	1	103004	101;301	273;2351						88:talent_ico_720003	1	300022;300003	3600;36000	1
10300416	16	3	103004			10300412	92015	1	91015	1	88:talent_ico_72103004	1	417300;300022;300003	12;9000;90000	1
10300417	17	1	103004	101;301	171;1469						88:talent_ico_720002	1	300022;300003	2400;24000	1
10300418	18	1	103004	301;201	1469;73						88:talent_ico_720002	1	300022;300003	1800;18000	1
10300419	19	1	103004	201;101	73;171						88:talent_ico_720002	1	300022;300003	2400;24000	1
10300420	20	3	103004				93001	1			88:talent_ico_81103004	1	417200;300022;300003	12;5400;54000	1
10300421	21	1	103004	201;101	118;273						88:talent_ico_720003	1	300022;300003	3600;36000	1
10300422	22	1	103004	101;301	273;2351						88:talent_ico_720003	1	300022;300003	3600;36000	1
10300423	23	1	103004	301;201	2351;118						88:talent_ico_720003	1	300022;300003	3600;36000	1
10300424	24	2	103004	301;201;101;703	3527;176;205;0.08						88:talent_ico_720003	1	417200;300022;300003	12;5400;54000	1
10300425	25	1	103004	101;301	273;2351						88:talent_ico_720003	1	300022;300003	3600;36000	1
10300426	26	1	103004	301;201	2351;118						88:talent_ico_720003	1	300022;300003	3600;36000	1
10300427	27	1	103004	201;101	118;273						88:talent_ico_720003	1	300022;300003	3600;36000	1
10300428	28	3	103004			10300420	93002	1	93001	1	88:talent_ico_82103004	1	417300;300022;300003	12;9000;90000	1
10400501	1	1	104005	301;201	739;43						88:talent_ico_730001	1	300022;300003	1200;12000	1
10400502	2	1	104005	201;101	43;119						88:talent_ico_730001	1	300022;300003	1500;15000	1
10400503	3	1	104005	101;301	119;739						88:talent_ico_730001	1	300022;300003	1500;15000	1
10400504	4	2	104005	301;201;101;603	1479;85;119;0.02						88:talent_ico_730001	1	417100;300022;300003	12;3000;30000	1
10400505	5	1	104005	301;201	1232;71						88:talent_ico_730002	1	300022;300003	1800;18000	1
10400506	6	1	104005	201;101	71;199						88:talent_ico_730002	1	300022;300003	2400;24000	1
10400507	7	1	104005	101;301	199;1232						88:talent_ico_730002	1	300022;300003	2400;24000	1
10400508	8	2	104005	301;201;101;603	2465;142;199;0.03						88:talent_ico_730002	1	417100;300022;300003	18;3600;36000	1
10400509	9	1	104005	201;101	71;199						88:talent_ico_730002	1	300022;300003	2400;24000	1
10400510	10	1	104005	101;301	199;1232						88:talent_ico_730002	1	300022;300003	2400;24000	1
10400511	11	1	104005	301;201	1232;71						88:talent_ico_730002	1	300022;300003	1800;18000	1
10400512	12	3	104005				91015	1			88:talent_ico_71104005	1	417200;300022;300003	12;5400;54000	1
10400513	13	1	104005	301;201	1972;114						88:talent_ico_730003	1	300022;300003	3600;36000	1
10400514	14	1	104005	201;101	114;319						88:talent_ico_730003	1	300022;300003	3600;36000	1
10400515	15	1	104005	101;301	319;1972						88:talent_ico_730003	1	300022;300003	3600;36000	1
10400516	16	3	104005			10400512	92015	1	91015	1	88:talent_ico_72104005	1	417300;300022;300003	12;9000;90000	1
10400517	17	1	104005	101;301	199;1232						88:talent_ico_730002	1	300022;300003	2400;24000	1
10400518	18	1	104005	301;201	1232;71						88:talent_ico_730002	1	300022;300003	1800;18000	1
10400519	19	1	104005	201;101	71;199						88:talent_ico_730002	1	300022;300003	2400;24000	1
10400520	20	3	104005				93001	1			88:talent_ico_81104005	1	417200;300022;300003	12;5400;54000	1
10400521	21	1	104005	201;101	114;319						88:talent_ico_730003	1	300022;300003	3600;36000	1
10400522	22	1	104005	101;301	319;1972						88:talent_ico_730003	1	300022;300003	3600;36000	1
10400523	23	1	104005	301;201	1972;114						88:talent_ico_730003	1	300022;300003	3600;36000	1
10400524	24	2	104005	301;201;101;603	2958;171;239;0.03						88:talent_ico_730003	1	417200;300022;300003	12;5400;54000	1
10400525	25	1	104005	101;301	319;1972						88:talent_ico_730003	1	300022;300003	3600;36000	1
10400526	26	1	104005	301;201	1972;114						88:talent_ico_730003	1	300022;300003	3600;36000	1
10400527	27	1	104005	201;101	114;319						88:talent_ico_730003	1	300022;300003	3600;36000	1
10400528	28	3	104005			10400520	93002	1	93001	1	88:talent_ico_82104005	1	417300;300022;300003	12;9000;90000	1
10200301	1	1	102003	301;201	778;45						88:talent_ico_730001	1	300022;300003	1600;16000	1
10200302	2	1	102003	201;101	45;135						88:talent_ico_730001	1	300022;300003	2000;20000	1
10200303	3	1	102003	101;301	135;778						88:talent_ico_730001	1	300022;300003	2000;20000	1
10200304	4	2	102003	301;201;101;1501	1557;90;135;0.04						88:talent_ico_730001	1	417100;300022;300003	16;4000;40000	1
10200305	5	1	102003	301;201	1297;75						88:talent_ico_730002	1	300022;300003	2400;24000	1
10200306	6	1	102003	201;101	75;225						88:talent_ico_730002	1	300022;300003	3200;32000	1
10200307	7	1	102003	101;301	225;1297						88:talent_ico_730002	1	300022;300003	3200;32000	1
10200308	8	2	102003	301;201;101;2502	2595;150;225;0.03						88:talent_ico_730002	1	417100;300022;300003	24;4800;48000	1
10200309	9	1	102003	201;101	75;225						88:talent_ico_730002	1	300022;300003	3200;32000	1
10200310	10	1	102003	101;301	225;1297						88:talent_ico_730002	1	300022;300003	3200;32000	1
10200311	11	1	102003	301;201	1297;75						88:talent_ico_730002	1	300022;300003	2400;24000	1
10200312	12	3	102003				91015	1			88:talent_ico_71102003	1	417200;300022;300003	16;7200;72000	1
10200313	13	1	102003	301;201	2076;120						88:talent_ico_730003	1	300022;300003	4800;48000	1
10200314	14	1	102003	201;101	120;359						88:talent_ico_730003	1	300022;300003	4800;48000	1
10200315	15	1	102003	101;301	359;2076						88:talent_ico_730003	1	300022;300003	4800;48000	1
10200316	16	3	102003			10200312	92015	1	91015	1	88:talent_ico_72102003	1	417300;300022;300003	16;12000;120000	1
10200317	17	1	102003	101;301	225;1297						88:talent_ico_730002	1	300022;300003	3200;32000	1
10200318	18	1	102003	301;201	1297;75						88:talent_ico_730002	1	300022;300003	2400;24000	1
10200319	19	1	102003	201;101	75;225						88:talent_ico_730002	1	300022;300003	3200;32000	1
10200320	20	3	102003				93001	1			88:talent_ico_81102003	1	417200;300022;300003	16;7200;72000	1
10200321	21	1	102003	201;101	120;359						88:talent_ico_730003	1	300022;300003	4800;48000	1
10200322	22	1	102003	101;301	359;2076						88:talent_ico_730003	1	300022;300003	4800;48000	1
10200323	23	1	102003	301;201	2076;120						88:talent_ico_730003	1	300022;300003	4800;48000	1
10200324	24	2	102003	301;201;101;401	3114;180;269;200						88:talent_ico_730003	1	417200;300022;300003	16;7200;72000	1
10200325	25	1	102003	101;301	359;2076						88:talent_ico_730003	1	300022;300003	4800;48000	1
10200326	26	1	102003	301;201	2076;120						88:talent_ico_730003	1	300022;300003	4800;48000	1
10200327	27	1	102003	201;101	120;359						88:talent_ico_730003	1	300022;300003	4800;48000	1
10200328	28	3	102003			10200320	93002	1	93001	1	88:talent_ico_82102003	1	417300;300022;300003	16;12000;120000	1
10201701	1	1	102017	301;201	817;47						88:talent_ico_730001	1	300022;300003	2000;20000	1
10201702	2	1	102017	201;101	47;132						88:talent_ico_730001	1	300022;300003	2500;25000	1
10201703	3	1	102017	101;301	132;817						88:talent_ico_730001	1	300022;300003	2500;25000	1
10201704	4	2	102017	301;201;101;703	1635;94;132;0.03						88:talent_ico_730001	1	417100;300022;300003	20;5000;50000	1
10201705	5	1	102017	301;201	1362;79						88:talent_ico_730002	1	300022;300003	3000;30000	1
10201706	6	1	102017	201;101	79;220						88:talent_ico_730002	1	300022;300003	4000;40000	1
10201707	7	1	102017	101;301	220;1362						88:talent_ico_730002	1	300022;300003	4000;40000	1
10201708	8	2	102017	301;201;101;703	2725;157;220;0.05						88:talent_ico_730002	1	417100;300022;300003	30;6000;60000	1
10201709	9	1	102017	201;101	79;220						88:talent_ico_730002	1	300022;300003	4000;40000	1
10201710	10	1	102017	101;301	220;1362						88:talent_ico_730002	1	300022;300003	4000;40000	1
10201711	11	1	102017	301;201	1362;79						88:talent_ico_730002	1	300022;300003	3000;30000	1
10201712	12	3	102017				91102017	1			88:talent_ico_71102017	1	417200;300022;300003	20;9000;90000	1
10201713	13	1	102017	301;201	2180;126						88:talent_ico_730003	1	300022;300003	6000;60000	1
10201714	14	1	102017	201;101	126;352						88:talent_ico_730003	1	300022;300003	6000;60000	1
10201715	15	1	102017	101;301	352;2180						88:talent_ico_730003	1	300022;300003	6000;60000	1
10201716	16	3	102017			10201712	92102017	1	91102017	1	88:talent_ico_72102017	1	417300;300022;300003	20;15000;150000	1
10201717	17	1	102017	101;301	220;1362						88:talent_ico_730002	1	300022;300003	4000;40000	1
10201718	18	1	102017	301;201	1362;79						88:talent_ico_730002	1	300022;300003	3000;30000	1
10201719	19	1	102017	201;101	79;220						88:talent_ico_730002	1	300022;300003	4000;40000	1
10201720	20	3	102017				91015	1			88:talent_ico_81102017	1	417200;300022;300003	20;9000;90000	1
10201721	21	1	102017	201;101	126;352						88:talent_ico_730003	1	300022;300003	6000;60000	1
10201722	22	1	102017	101;301	352;2180						88:talent_ico_730003	1	300022;300003	6000;60000	1
10201723	23	1	102017	301;201	2180;126						88:talent_ico_730003	1	300022;300003	6000;60000	1
10201724	24	2	102017	301;201;101;703	3270;189;264;0.08						88:talent_ico_730003	1	417200;300022;300003	20;9000;90000	1
10201725	25	1	102017	101;301	352;2180						88:talent_ico_730003	1	300022;300003	6000;60000	1
10201726	26	1	102017	301;201	2180;126						88:talent_ico_730003	1	300022;300003	6000;60000	1
10201727	27	1	102017	201;101	126;352						88:talent_ico_730003	1	300022;300003	6000;60000	1
10201728	28	3	102017			10201720	92015	1	91015	1	88:talent_ico_82102017	1	417300;300022;300003	20;15000;150000	1
10301201	1	1	103012	301;201	817;47						88:talent_ico_730001	1	300022;300003	2000;20000	1
10301202	2	1	103012	201;101	47;132						88:talent_ico_730001	1	300022;300003	2500;25000	1
10301203	3	1	103012	101;301	132;817						88:talent_ico_730001	1	300022;300003	2500;25000	1
10301204	4	2	103012	301;201;101;603	1635;94;132;0.02						88:talent_ico_730001	1	417100;300022;300003	20;5000;50000	1
10301205	5	1	103012	301;201	1362;79						88:talent_ico_730002	1	300022;300003	3000;30000	1
10301206	6	1	103012	201;101	79;220						88:talent_ico_730002	1	300022;300003	4000;40000	1
10301207	7	1	103012	101;301	220;1362						88:talent_ico_730002	1	300022;300003	4000;40000	1
10301208	8	2	103012	301;201;101;603	2725;157;220;0.03						88:talent_ico_730002	1	417100;300022;300003	30;6000;60000	1
10301209	9	1	103012	201;101	79;220						88:talent_ico_730002	1	300022;300003	4000;40000	1
10301210	10	1	103012	101;301	220;1362						88:talent_ico_730002	1	300022;300003	4000;40000	1
10301211	11	1	103012	301;201	1362;79						88:talent_ico_730002	1	300022;300003	3000;30000	1
10301212	12	3	103012				93001	1			88:talent_ico_71103012	1	417200;300022;300003	20;9000;90000	1
10301213	13	1	103012	301;201	2180;126						88:talent_ico_730003	1	300022;300003	6000;60000	1
10301214	14	1	103012	201;101	126;352						88:talent_ico_730003	1	300022;300003	6000;60000	1
10301215	15	1	103012	101;301	352;2180						88:talent_ico_730003	1	300022;300003	6000;60000	1
10301216	16	3	103012			10301212	93002	1	93001	1	88:talent_ico_72103012	1	417300;300022;300003	20;15000;150000	1
10301217	17	1	103012	101;301	220;1362						88:talent_ico_730002	1	300022;300003	4000;40000	1
10301218	18	1	103012	301;201	1362;79						88:talent_ico_730002	1	300022;300003	3000;30000	1
10301219	19	1	103012	201;101	79;220						88:talent_ico_730002	1	300022;300003	4000;40000	1
10301220	20	3	103012				91107008	1			88:talent_ico_81103012	1	417200;300022;300003	20;9000;90000	1
10301221	21	1	103012	201;101	126;352						88:talent_ico_730003	1	300022;300003	6000;60000	1
10301222	22	1	103012	101;301	352;2180						88:talent_ico_730003	1	300022;300003	6000;60000	1
10301223	23	1	103012	301;201	2180;126						88:talent_ico_730003	1	300022;300003	6000;60000	1
10301224	24	2	103012	301;201;101;603	3270;189;264;0.03						88:talent_ico_730003	1	417200;300022;300003	20;9000;90000	1
10301225	25	1	103012	101;301	352;2180						88:talent_ico_730003	1	300022;300003	6000;60000	1
10301226	26	1	103012	301;201	2180;126						88:talent_ico_730003	1	300022;300003	6000;60000	1
10301227	27	1	103012	201;101	126;352						88:talent_ico_730003	1	300022;300003	6000;60000	1
10301228	28	3	103012			10301220	92107008	1	91107008	1	88:talent_ico_82103012	1	417300;300022;300003	20;15000;150000	1
10301401	1	1	103014	201;101	45;90						88:talent_ico_710001	1	300022;300003	1600;16000	1
10301402	2	1	103014	101;301	90;1347						88:talent_ico_710001	1	300022;300003	2000;20000	1
10301403	3	1	103014	301;201	1347;45						88:talent_ico_710001	1	300022;300003	2000;20000	1
10301404	4	2	103014	201;101;301;2502	90;180;2695;0.04						88:talent_ico_710001	1	417100;300022;300003	16;4000;40000	1
10301405	5	1	103014	201;101	75;150						88:talent_ico_710002	1	300022;300003	2400;24000	1
10301406	6	1	103014	101;301	150;2246						88:talent_ico_710002	1	300022;300003	3200;32000	1
10301407	7	1	103014	301;201	2246;75						88:talent_ico_710002	1	300022;300003	3200;32000	1
10301408	8	2	103014	201;101;301;401	150;299;4491;200						88:talent_ico_710002	1	417100;300022;300003	24;4800;48000	1
10301409	9	1	103014	101;301	150;2246						88:talent_ico_710002	1	300022;300003	3200;32000	1
10301410	10	1	103014	301;201	2246;75						88:talent_ico_710002	1	300022;300003	3200;32000	1
10301411	11	1	103014	201;101	75;150						88:talent_ico_710002	1	300022;300003	2400;24000	1
10301412	12	3	103014				93103012	1			88:talent_ico_71103014	1	417200;300022;300003	16;7200;72000	1
10301413	13	1	103014	201;101	120;240						88:talent_ico_710003	1	300022;300003	4800;48000	1
10301414	14	1	103014	101;301	240;3593						88:talent_ico_710003	1	300022;300003	4800;48000	1
10301415	15	1	103014	301;201	3593;120						88:talent_ico_710003	1	300022;300003	4800;48000	1
10301416	16	3	103014			10301412	94103012	1	93103012	1	88:talent_ico_72103014	1	417300;300022;300003	16;12000;120000	1
10301417	17	1	103014	301;201	2246;75						88:talent_ico_710002	1	300022;300003	3200;32000	1
10301418	18	1	103014	201;101	75;150						88:talent_ico_710002	1	300022;300003	2400;24000	1
10301419	19	1	103014	101;301	150;2246						88:talent_ico_710002	1	300022;300003	3200;32000	1
10301420	20	3	103014				91016	1			88:talent_ico_81103014	1	417200;300022;300003	16;7200;72000	1
10301421	21	1	103014	101;301	240;3593						88:talent_ico_710003	1	300022;300003	4800;48000	1
10301422	22	1	103014	301;201	3593;120						88:talent_ico_710003	1	300022;300003	4800;48000	1
10301423	23	1	103014	201;101	120;240						88:talent_ico_710003	1	300022;300003	4800;48000	1
10301424	24	2	103014	201;101;301;2502	180;359;5389;0.06						88:talent_ico_710003	1	417200;300022;300003	16;7200;72000	1
10301425	25	1	103014	301;201	3593;120						88:talent_ico_710003	1	300022;300003	4800;48000	1
10301426	26	1	103014	201;101	120;240						88:talent_ico_710003	1	300022;300003	4800;48000	1
10301427	27	1	103014	101;301	240;3593						88:talent_ico_710003	1	300022;300003	4800;48000	1
10301428	28	3	103014			10301420	92016	1	91016	1	88:talent_ico_82103014	1	417300;300022;300003	16;12000;120000	1
10400701	1	1	104007	301;201	975;49						88:talent_ico_720001	1	300022;300003	2000;20000	1
10400702	2	1	104007	201;101	49;107						88:talent_ico_720001	1	300022;300003	2500;25000	1
10400703	3	1	104007	101;301	107;975						88:talent_ico_720001	1	300022;300003	2500;25000	1
10400704	4	2	104007	301;201;101;2502	1949;97;107;0.04						88:talent_ico_720001	1	417100;300022;300003	20;5000;50000	1
10400705	5	1	104007	301;201	1624;81						88:talent_ico_720002	1	300022;300003	3000;30000	1
10400706	6	1	104007	201;101	81;178						88:talent_ico_720002	1	300022;300003	4000;40000	1
10400707	7	1	104007	101;301	178;1624						88:talent_ico_720002	1	300022;300003	4000;40000	1
10400708	8	2	104007	301;201;101;401	3249;162;178;200						88:talent_ico_720002	1	417100;300022;300003	30;6000;60000	1
10400709	9	1	104007	201;101	81;178						88:talent_ico_720002	1	300022;300003	4000;40000	1
10400710	10	1	104007	101;301	178;1624						88:talent_ico_720002	1	300022;300003	4000;40000	1
10400711	11	1	104007	301;201	1624;81						88:talent_ico_720002	1	300022;300003	3000;30000	1
10400712	12	3	104007				91104007	1			88:talent_ico_71104007	1	417200;300022;300003	20;9000;90000	1
10400713	13	1	104007	301;201	2599;130						88:talent_ico_720003	1	300022;300003	6000;60000	1
10400714	14	1	104007	201;101	130;285						88:talent_ico_720003	1	300022;300003	6000;60000	1
10400715	15	1	104007	101;301	285;2599						88:talent_ico_720003	1	300022;300003	6000;60000	1
10400716	16	3	104007			10400712	92104007	1	91104007	1	88:talent_ico_72104007	1	417300;300022;300003	20;15000;150000	1
10400717	17	1	104007	101;301	178;1624						88:talent_ico_720002	1	300022;300003	4000;40000	1
10400718	18	1	104007	301;201	1624;81						88:talent_ico_720002	1	300022;300003	3000;30000	1
10400719	19	1	104007	201;101	81;178						88:talent_ico_720002	1	300022;300003	4000;40000	1
10400720	20	3	104007				93001	1			88:talent_ico_81104007	1	417200;300022;300003	20;9000;90000	1
10400721	21	1	104007	201;101	130;285						88:talent_ico_720003	1	300022;300003	6000;60000	1
10400722	22	1	104007	101;301	285;2599						88:talent_ico_720003	1	300022;300003	6000;60000	1
10400723	23	1	104007	301;201	2599;130						88:talent_ico_720003	1	300022;300003	6000;60000	1
10400724	24	2	104007	301;201;101;2502	3899;195;214;0.06						88:talent_ico_720003	1	417200;300022;300003	20;9000;90000	1
10400725	25	1	104007	101;301	285;2599						88:talent_ico_720003	1	300022;300003	6000;60000	1
10400726	26	1	104007	301;201	2599;130						88:talent_ico_720003	1	300022;300003	6000;60000	1
10400727	27	1	104007	201;101	130;285						88:talent_ico_720003	1	300022;300003	6000;60000	1
10400728	28	3	104007			10400720	93002	1	93001	1	88:talent_ico_82104007	1	417300;300022;300003	20;15000;150000	1
10500201	1	1	105002	301;201	739;43						88:talent_ico_730001	1	300022;300003	1200;12000	1
10500202	2	1	105002	201;101	43;119						88:talent_ico_730001	1	300022;300003	1500;15000	1
10500203	3	1	105002	101;301	119;739						88:talent_ico_730001	1	300022;300003	1500;15000	1
10500204	4	2	105002	301;201;101;703	1479;85;119;0.03						88:talent_ico_730001	1	417100;300022;300003	12;3000;30000	1
10500205	5	1	105002	301;201	1232;71						88:talent_ico_730002	1	300022;300003	1800;18000	1
10500206	6	1	105002	201;101	71;199						88:talent_ico_730002	1	300022;300003	2400;24000	1
10500207	7	1	105002	101;301	199;1232						88:talent_ico_730002	1	300022;300003	2400;24000	1
10500208	8	2	105002	301;201;101;703	2465;142;199;0.05						88:talent_ico_730002	1	417100;300022;300003	18;3600;36000	1
10500209	9	1	105002	201;101	71;199						88:talent_ico_730002	1	300022;300003	2400;24000	1
10500210	10	1	105002	101;301	199;1232						88:talent_ico_730002	1	300022;300003	2400;24000	1
10500211	11	1	105002	301;201	1232;71						88:talent_ico_730002	1	300022;300003	1800;18000	1
10500212	12	3	105002				91015	1			88:talent_ico_71105002	1	417200;300022;300003	12;5400;54000	1
10500213	13	1	105002	301;201	1972;114						88:talent_ico_730003	1	300022;300003	3600;36000	1
10500214	14	1	105002	201;101	114;319						88:talent_ico_730003	1	300022;300003	3600;36000	1
10500215	15	1	105002	101;301	319;1972						88:talent_ico_730003	1	300022;300003	3600;36000	1
10500216	16	3	105002			10500212	92015	1	91015	1	88:talent_ico_72105002	1	417300;300022;300003	12;9000;90000	1
10500217	17	1	105002	101;301	199;1232						88:talent_ico_730002	1	300022;300003	2400;24000	1
10500218	18	1	105002	301;201	1232;71						88:talent_ico_730002	1	300022;300003	1800;18000	1
10500219	19	1	105002	201;101	71;199						88:talent_ico_730002	1	300022;300003	2400;24000	1
10500220	20	3	105002				93001	1			88:talent_ico_81105002	1	417200;300022;300003	12;5400;54000	1
10500221	21	1	105002	201;101	114;319						88:talent_ico_730003	1	300022;300003	3600;36000	1
10500222	22	1	105002	101;301	319;1972						88:talent_ico_730003	1	300022;300003	3600;36000	1
10500223	23	1	105002	301;201	1972;114						88:talent_ico_730003	1	300022;300003	3600;36000	1
10500224	24	2	105002	301;201;101;703	2958;171;239;0.08						88:talent_ico_730003	1	417200;300022;300003	12;5400;54000	1
10500225	25	1	105002	101;301	319;1972						88:talent_ico_730003	1	300022;300003	3600;36000	1
10500226	26	1	105002	301;201	1972;114						88:talent_ico_730003	1	300022;300003	3600;36000	1
10500227	27	1	105002	201;101	114;319						88:talent_ico_730003	1	300022;300003	3600;36000	1
10500228	28	3	105002			10500220	93002	1	93001	1	88:talent_ico_82105002	1	417300;300022;300003	12;9000;90000	1
10500301	1	1	105003	101;201	90;52						88:talent_ico_710001	1	300022;300003	1600;16000	1
10500302	2	1	105003	201;301	52;1198						88:talent_ico_710001	1	300022;300003	2000;20000	1
10500303	3	1	105003	301;101	1198;90						88:talent_ico_710001	1	300022;300003	2000;20000	1
10500304	4	2	105003	101;201;301;903	180;105;1198;0.08						88:talent_ico_710001	1	417100;300022;300003	16;4000;40000	1
10500305	5	1	105003	101;201	150;87						88:talent_ico_710002	1	300022;300003	2400;24000	1
10500306	6	1	105003	201;301	87;1996						88:talent_ico_710002	1	300022;300003	3200;32000	1
10500307	7	1	105003	301;101	1996;150						88:talent_ico_710002	1	300022;300003	3200;32000	1
10500308	8	2	105003	101;201;301;1502	299;175;1996;-0.06						88:talent_ico_710002	1	417100;300022;300003	24;4800;48000	1
10500309	9	1	105003	201;301	87;1996						88:talent_ico_710002	1	300022;300003	3200;32000	1
10500310	10	1	105003	301;101	1996;150						88:talent_ico_710002	1	300022;300003	3200;32000	1
10500311	11	1	105003	101;201	150;87						88:talent_ico_710002	1	300022;300003	2400;24000	1
10500312	12	3	105003				91017	1			88:talent_ico_71105003	1	417200;300022;300003	16;7200;72000	1
10500313	13	1	105003	101;201	240;140						88:talent_ico_710003	1	300022;300003	4800;48000	1
10500314	14	1	105003	201;301	140;3194						88:talent_ico_710003	1	300022;300003	4800;48000	1
10500315	15	1	105003	301;101	3194;240						88:talent_ico_710003	1	300022;300003	4800;48000	1
10500316	16	3	105003			10500312	92017	1	91017	1	88:talent_ico_72105003	1	417300;300022;300003	16;12000;120000	1
10500317	17	1	105003	301;101	1996;150						88:talent_ico_710002	1	300022;300003	3200;32000	1
10500318	18	1	105003	101;201	150;87						88:talent_ico_710002	1	300022;300003	2400;24000	1
10500319	19	1	105003	201;301	87;1996						88:talent_ico_710002	1	300022;300003	3200;32000	1
10500320	20	3	105003				93001	1			88:talent_ico_81105003	1	417200;300022;300003	16;7200;72000	1
10500321	21	1	105003	201;301	140;3194						88:talent_ico_710003	1	300022;300003	4800;48000	1
10500322	22	1	105003	301;101	3194;240						88:talent_ico_710003	1	300022;300003	4800;48000	1
10500323	23	1	105003	101;201	240;140						88:talent_ico_710003	1	300022;300003	4800;48000	1
10500324	24	2	105003	101;201;301;2502	359;210;2395;0.04						88:talent_ico_710003	1	417200;300022;300003	16;7200;72000	1
10500325	25	1	105003	301;101	3194;240						88:talent_ico_710003	1	300022;300003	4800;48000	1
10500326	26	1	105003	101;201	240;140						88:talent_ico_710003	1	300022;300003	4800;48000	1
10500327	27	1	105003	201;301	140;3194						88:talent_ico_710003	1	300022;300003	4800;48000	1
10500328	28	3	105003			10500320	93002	1	93001	1	88:talent_ico_82105003	1	417300;300022;300003	16;12000;120000	1
10500801	1	1	105008	301;201	817;47						88:talent_ico_730001	1	300022;300003	2000;20000	1
10500802	2	1	105008	201;101	47;132						88:talent_ico_730001	1	300022;300003	2500;25000	1
10500803	3	1	105008	101;301	132;817						88:talent_ico_730001	1	300022;300003	2500;25000	1
10500804	4	2	105008	301;201;101;603	1635;94;132;0.02						88:talent_ico_730001	1	417100;300022;300003	20;5000;50000	1
10500805	5	1	105008	301;201	1362;79						88:talent_ico_730002	1	300022;300003	3000;30000	1
10500806	6	1	105008	201;101	79;220						88:talent_ico_730002	1	300022;300003	4000;40000	1
10500807	7	1	105008	101;301	220;1362						88:talent_ico_730002	1	300022;300003	4000;40000	1
10500808	8	2	105008	301;201;101;603	2725;157;220;0.03						88:talent_ico_730002	1	417100;300022;300003	30;6000;60000	1
10500809	9	1	105008	201;101	79;220						88:talent_ico_730002	1	300022;300003	4000;40000	1
10500810	10	1	105008	101;301	220;1362						88:talent_ico_730002	1	300022;300003	4000;40000	1
10500811	11	1	105008	301;201	1362;79						88:talent_ico_730002	1	300022;300003	3000;30000	1
10500812	12	3	105008				93105008;931050081	1;1			88:talent_ico_71105008	1	417200;300022;300003	20;9000;90000	1
10500813	13	1	105008	301;201	2180;126						88:talent_ico_730003	1	300022;300003	6000;60000	1
10500814	14	1	105008	201;101	126;352						88:talent_ico_730003	1	300022;300003	6000;60000	1
10500815	15	1	105008	101;301	352;2180						88:talent_ico_730003	1	300022;300003	6000;60000	1
10500816	16	3	105008			10500812	94105008;941050081	1;1	93105008;931050081	1;1	88:talent_ico_72105008	1	417300;300022;300003	20;15000;150000	1
10500817	17	1	105008	101;301	220;1362						88:talent_ico_730002	1	300022;300003	4000;40000	1
10500818	18	1	105008	301;201	1362;79						88:talent_ico_730002	1	300022;300003	3000;30000	1
10500819	19	1	105008	201;101	79;220						88:talent_ico_730002	1	300022;300003	4000;40000	1
10500820	20	3	105008				91105008	1			88:talent_ico_81105008	1	417200;300022;300003	20;9000;90000	1
10500821	21	1	105008	201;101	126;352						88:talent_ico_730003	1	300022;300003	6000;60000	1
10500822	22	1	105008	101;301	352;2180						88:talent_ico_730003	1	300022;300003	6000;60000	1
10500823	23	1	105008	301;201	2180;126						88:talent_ico_730003	1	300022;300003	6000;60000	1
10500824	24	2	105008	301;201;101;603	3270;189;264;0.03						88:talent_ico_730003	1	417200;300022;300003	20;9000;90000	1
10500825	25	1	105008	101;301	352;2180						88:talent_ico_730003	1	300022;300003	6000;60000	1
10500826	26	1	105008	301;201	2180;126						88:talent_ico_730003	1	300022;300003	6000;60000	1
10500827	27	1	105008	201;101	126;352						88:talent_ico_730003	1	300022;300003	6000;60000	1
10500828	28	3	105008			10500820	92105008	1	91105008	1	88:talent_ico_82105008	1	417300;300022;300003	20;15000;150000	1
10600101	1	1	106001	301;201	739;43						88:talent_ico_730001	1	300022;300003	1200;12000	1
10600102	2	1	106001	201;101	43;128						88:talent_ico_730001	1	300022;300003	1500;15000	1
10600103	3	1	106001	101;301	128;739						88:talent_ico_730001	1	300022;300003	1500;15000	1
10600104	4	2	106001	301;201;101;1501	1479;85;128;0.04						88:talent_ico_730001	1	417100;300022;300003	12;3000;30000	1
10600105	5	1	106001	301;201	1232;71						88:talent_ico_730002	1	300022;300003	1800;18000	1
10600106	6	1	106001	201;101	71;213						88:talent_ico_730002	1	300022;300003	2400;24000	1
10600107	7	1	106001	101;301	213;1232						88:talent_ico_730002	1	300022;300003	2400;24000	1
10600108	8	2	106001	301;201;101;2502	2465;142;213;0.03						88:talent_ico_730002	1	417100;300022;300003	18;3600;36000	1
10600109	9	1	106001	201;101	71;213						88:talent_ico_730002	1	300022;300003	2400;24000	1
10600110	10	1	106001	101;301	213;1232						88:talent_ico_730002	1	300022;300003	2400;24000	1
10600111	11	1	106001	301;201	1232;71						88:talent_ico_730002	1	300022;300003	1800;18000	1
10600112	12	3	106001				91017	1			88:talent_ico_71106001	1	417200;300022;300003	12;5400;54000	1
10600113	13	1	106001	301;201	1972;114						88:talent_ico_730003	1	300022;300003	3600;36000	1
10600114	14	1	106001	201;101	114;341						88:talent_ico_730003	1	300022;300003	3600;36000	1
10600115	15	1	106001	101;301	341;1972						88:talent_ico_730003	1	300022;300003	3600;36000	1
10600116	16	3	106001			10600112	92017	1	91017	1	88:talent_ico_72106001	1	417300;300022;300003	12;9000;90000	1
10600117	17	1	106001	101;301	213;1232						88:talent_ico_730002	1	300022;300003	2400;24000	1
10600118	18	1	106001	301;201	1232;71						88:talent_ico_730002	1	300022;300003	1800;18000	1
10600119	19	1	106001	201;101	71;213						88:talent_ico_730002	1	300022;300003	2400;24000	1
10600120	20	3	106001				91026	1			88:talent_ico_81106001	1	417200;300022;300003	12;5400;54000	1
10600121	21	1	106001	201;101	114;341						88:talent_ico_730003	1	300022;300003	3600;36000	1
10600122	22	1	106001	101;301	341;1972						88:talent_ico_730003	1	300022;300003	3600;36000	1
10600123	23	1	106001	301;201	1972;114						88:talent_ico_730003	1	300022;300003	3600;36000	1
10600124	24	2	106001	301;201;101;401	2958;171;256;200						88:talent_ico_730003	1	417200;300022;300003	12;5400;54000	1
10600125	25	1	106001	101;301	341;1972						88:talent_ico_730003	1	300022;300003	3600;36000	1
10600126	26	1	106001	301;201	1972;114						88:talent_ico_730003	1	300022;300003	3600;36000	1
10600127	27	1	106001	201;101	114;341						88:talent_ico_730003	1	300022;300003	3600;36000	1
10600128	28	3	106001			10600120	92026	1	91026	1	88:talent_ico_82106001	1	417300;300022;300003	12;9000;90000	1
10600201	1	1	106002	301;201	975;49						88:talent_ico_720001	1	300022;300003	2000;20000	1
10600202	2	1	106002	201;101	49;113						88:talent_ico_720001	1	300022;300003	2500;25000	1
10600203	3	1	106002	101;301	113;975						88:talent_ico_720001	1	300022;300003	2500;25000	1
10600204	4	2	106002	301;201;101;703	1949;97;113;0.03						88:talent_ico_720001	1	417100;300022;300003	20;5000;50000	1
10600205	5	1	106002	301;201	1624;81						88:talent_ico_720002	1	300022;300003	3000;30000	1
10600206	6	1	106002	201;101	81;189						88:talent_ico_720002	1	300022;300003	4000;40000	1
10600207	7	1	106002	101;301	189;1624						88:talent_ico_720002	1	300022;300003	4000;40000	1
10600208	8	2	106002	301;201;101;703	3249;162;189;0.05						88:talent_ico_720002	1	417100;300022;300003	30;6000;60000	1
10600209	9	1	106002	201;101	81;189						88:talent_ico_720002	1	300022;300003	4000;40000	1
10600210	10	1	106002	101;301	189;1624						88:talent_ico_720002	1	300022;300003	4000;40000	1
10600211	11	1	106002	301;201	1624;81						88:talent_ico_720002	1	300022;300003	3000;30000	1
10600212	12	3	106002				93001	1			88:talent_ico_71106002	1	417200;300022;300003	20;9000;90000	1
10600213	13	1	106002	301;201	2599;130						88:talent_ico_720003	1	300022;300003	6000;60000	1
10600214	14	1	106002	201;101	130;302						88:talent_ico_720003	1	300022;300003	6000;60000	1
10600215	15	1	106002	101;301	302;2599						88:talent_ico_720003	1	300022;300003	6000;60000	1
10600216	16	3	106002			10600212	93002	1	93001	1	88:talent_ico_72106002	1	417300;300022;300003	20;15000;150000	1
10600217	17	1	106002	101;301	189;1624						88:talent_ico_720002	1	300022;300003	4000;40000	1
10600218	18	1	106002	301;201	1624;81						88:talent_ico_720002	1	300022;300003	3000;30000	1
10600219	19	1	106002	201;101	81;189						88:talent_ico_720002	1	300022;300003	4000;40000	1
10600220	20	3	106002				91026	1			88:talent_ico_81106002	1	417200;300022;300003	20;9000;90000	1
10600221	21	1	106002	201;101	130;302						88:talent_ico_720003	1	300022;300003	6000;60000	1
10600222	22	1	106002	101;301	302;2599						88:talent_ico_720003	1	300022;300003	6000;60000	1
10600223	23	1	106002	301;201	2599;130						88:talent_ico_720003	1	300022;300003	6000;60000	1
10600224	24	2	106002	301;201;101;703	3899;195;226;0.08						88:talent_ico_720003	1	417200;300022;300003	20;9000;90000	1
10600225	25	1	106002	101;301	302;2599						88:talent_ico_720003	1	300022;300003	6000;60000	1
10600226	26	1	106002	301;201	2599;130						88:talent_ico_720003	1	300022;300003	6000;60000	1
10600227	27	1	106002	201;101	130;302						88:talent_ico_720003	1	300022;300003	6000;60000	1
10600228	28	3	106002			10600220	92026	1	91026	1	88:talent_ico_82106002	1	417300;300022;300003	20;15000;150000	1
10600801	1	1	106008	201;101	45;90						88:talent_ico_710001	1	300022;300003	1600;16000	1
10600802	2	1	106008	101;301	90;1347						88:talent_ico_710001	1	300022;300003	2000;20000	1
10600803	3	1	106008	301;201	1347;45						88:talent_ico_710001	1	300022;300003	2000;20000	1
10600804	4	2	106008	201;101;301;2502	90;180;2695;0.04						88:talent_ico_710001	1	417100;300022;300003	16;4000;40000	1
10600805	5	1	106008	201;101	75;150						88:talent_ico_710002	1	300022;300003	2400;24000	1
10600806	6	1	106008	101;301	150;2246						88:talent_ico_710002	1	300022;300003	3200;32000	1
10600807	7	1	106008	301;201	2246;75						88:talent_ico_710002	1	300022;300003	3200;32000	1
10600808	8	2	106008	201;101;301;401	150;299;4491;200						88:talent_ico_710002	1	417100;300022;300003	24;4800;48000	1
10600809	9	1	106008	101;301	150;2246						88:talent_ico_710002	1	300022;300003	3200;32000	1
10600810	10	1	106008	301;201	2246;75						88:talent_ico_710002	1	300022;300003	3200;32000	1
10600811	11	1	106008	201;101	75;150						88:talent_ico_710002	1	300022;300003	2400;24000	1
10600812	12	3	106008				91106008	1			88:talent_ico_71106008	1	417200;300022;300003	16;7200;72000	1
10600813	13	1	106008	201;101	120;240						88:talent_ico_710003	1	300022;300003	4800;48000	1
10600814	14	1	106008	101;301	240;3593						88:talent_ico_710003	1	300022;300003	4800;48000	1
10600815	15	1	106008	301;201	3593;120						88:talent_ico_710003	1	300022;300003	4800;48000	1
10600816	16	3	106008			10600812	92106008	1	91106008	1	88:talent_ico_72106008	1	417300;300022;300003	16;12000;120000	1
10600817	17	1	106008	301;201	2246;75						88:talent_ico_710002	1	300022;300003	3200;32000	1
10600818	18	1	106008	201;101	75;150						88:talent_ico_710002	1	300022;300003	2400;24000	1
10600819	19	1	106008	101;301	150;2246						88:talent_ico_710002	1	300022;300003	3200;32000	1
10600820	20	3	106008				91017	1			88:talent_ico_81106008	1	417200;300022;300003	16;7200;72000	1
10600821	21	1	106008	101;301	240;3593						88:talent_ico_710003	1	300022;300003	4800;48000	1
10600822	22	1	106008	301;201	3593;120						88:talent_ico_710003	1	300022;300003	4800;48000	1
10600823	23	1	106008	201;101	120;240						88:talent_ico_710003	1	300022;300003	4800;48000	1
10600824	24	2	106008	201;101;301;2502	180;359;5389;0.06						88:talent_ico_710003	1	417200;300022;300003	16;7200;72000	1
10600825	25	1	106008	301;201	3593;120						88:talent_ico_710003	1	300022;300003	4800;48000	1
10600826	26	1	106008	201;101	120;240						88:talent_ico_710003	1	300022;300003	4800;48000	1
10600827	27	1	106008	101;301	240;3593						88:talent_ico_710003	1	300022;300003	4800;48000	1
10600828	28	3	106008			10600820	92017	1	91017	1	88:talent_ico_82106008	1	417300;300022;300003	16;12000;120000	1
10700801	1	1	107008	301;201	778;45						88:talent_ico_730001	1	300022;300003	1600;16000	1
10700802	2	1	107008	201;101	45;135						88:talent_ico_730001	1	300022;300003	2000;20000	1
10700803	3	1	107008	101;301	135;778						88:talent_ico_730001	1	300022;300003	2000;20000	1
10700804	4	2	107008	301;201;101;1501	1557;90;135;0.04						88:talent_ico_730001	1	417100;300022;300003	16;4000;40000	1
10700805	5	1	107008	301;201	1297;75						88:talent_ico_730002	1	300022;300003	2400;24000	1
10700806	6	1	107008	201;101	75;225						88:talent_ico_730002	1	300022;300003	3200;32000	1
10700807	7	1	107008	101;301	225;1297						88:talent_ico_730002	1	300022;300003	3200;32000	1
10700808	8	2	107008	301;201;101;2502	2595;150;225;0.03						88:talent_ico_730002	1	417100;300022;300003	24;4800;48000	1
10700809	9	1	107008	201;101	75;225						88:talent_ico_730002	1	300022;300003	3200;32000	1
10700810	10	1	107008	101;301	225;1297						88:talent_ico_730002	1	300022;300003	3200;32000	1
10700811	11	1	107008	301;201	1297;75						88:talent_ico_730002	1	300022;300003	2400;24000	1
10700812	12	3	107008				91107008	1			88:talent_ico_71107008	1	417200;300022;300003	16;7200;72000	1
10700813	13	1	107008	301;201	2076;120						88:talent_ico_730003	1	300022;300003	4800;48000	1
10700814	14	1	107008	201;101	120;359						88:talent_ico_730003	1	300022;300003	4800;48000	1
10700815	15	1	107008	101;301	359;2076						88:talent_ico_730003	1	300022;300003	4800;48000	1
10700816	16	3	107008			10700812	92107008	1	91107008	1	88:talent_ico_72107008	1	417300;300022;300003	16;12000;120000	1
10700817	17	1	107008	101;301	225;1297						88:talent_ico_730002	1	300022;300003	3200;32000	1
10700818	18	1	107008	301;201	1297;75						88:talent_ico_730002	1	300022;300003	2400;24000	1
10700819	19	1	107008	201;101	75;225						88:talent_ico_730002	1	300022;300003	3200;32000	1
10700820	20	3	107008				91026	1			88:talent_ico_81107008	1	417200;300022;300003	16;7200;72000	1
10700821	21	1	107008	201;101	120;359						88:talent_ico_730003	1	300022;300003	4800;48000	1
10700822	22	1	107008	101;301	359;2076						88:talent_ico_730003	1	300022;300003	4800;48000	1
10700823	23	1	107008	301;201	2076;120						88:talent_ico_730003	1	300022;300003	4800;48000	1
10700824	24	2	107008	301;201;101;401	3114;180;269;200						88:talent_ico_730003	1	417200;300022;300003	16;7200;72000	1
10700825	25	1	107008	101;301	359;2076						88:talent_ico_730003	1	300022;300003	4800;48000	1
10700826	26	1	107008	301;201	2076;120						88:talent_ico_730003	1	300022;300003	4800;48000	1
10700827	27	1	107008	201;101	120;359						88:talent_ico_730003	1	300022;300003	4800;48000	1
10700828	28	3	107008			10700820	92026	1	91026	1	88:talent_ico_82107008	1	417300;300022;300003	16;12000;120000	1
10800801	1	1	108008	301;201	882;44						88:talent_ico_720001	1	300022;300003	1200;12000	1
10800802	2	1	108008	201;101	44;114						88:talent_ico_720001	1	300022;300003	1500;15000	1
10800803	3	1	108008	101;301	114;882						88:talent_ico_720001	1	300022;300003	1500;15000	1
10800804	4	2	108008	301;201;101;1501	1763;88;114;0.02						88:talent_ico_720001	1	417100;300022;300003	12;3000;30000	1
10800805	5	1	108008	301;201	1469;73						88:talent_ico_720002	1	300022;300003	1800;18000	1
10800806	6	1	108008	201;101	73;190						88:talent_ico_720002	1	300022;300003	2400;24000	1
10800807	7	1	108008	101;301	190;1469						88:talent_ico_720002	1	300022;300003	2400;24000	1
10800808	8	2	108008	301;201;101;1501	2939;147;190;0.04						88:talent_ico_720002	1	417100;300022;300003	18;3600;36000	1
10800809	9	1	108008	201;101	73;190						88:talent_ico_720002	1	300022;300003	2400;24000	1
10800810	10	1	108008	101;301	190;1469						88:talent_ico_720002	1	300022;300003	2400;24000	1
10800811	11	1	108008	301;201	1469;73						88:talent_ico_720002	1	300022;300003	1800;18000	1
10800812	12	3	108008				93001	1			88:talent_ico_71108008	1	417200;300022;300003	12;5400;54000	1
10800813	13	1	108008	301;201	2351;118						88:talent_ico_720003	1	300022;300003	3600;36000	1
10800814	14	1	108008	201;101	118;303						88:talent_ico_720003	1	300022;300003	3600;36000	1
10800815	15	1	108008	101;301	303;2351						88:talent_ico_720003	1	300022;300003	3600;36000	1
10800816	16	3	108008			10800812	93002	1	93001	1	88:talent_ico_72108008	1	417300;300022;300003	12;9000;90000	1
10800817	17	1	108008	101;301	190;1469						88:talent_ico_720002	1	300022;300003	2400;24000	1
10800818	18	1	108008	301;201	1469;73						88:talent_ico_720002	1	300022;300003	1800;18000	1
10800819	19	1	108008	201;101	73;190						88:talent_ico_720002	1	300022;300003	2400;24000	1
10800820	20	3	108008				91026	1			88:talent_ico_81108008	1	417200;300022;300003	12;5400;54000	1
10800821	21	1	108008	201;101	118;303						88:talent_ico_720003	1	300022;300003	3600;36000	1
10800822	22	1	108008	101;301	303;2351						88:talent_ico_720003	1	300022;300003	3600;36000	1
10800823	23	1	108008	301;201	2351;118						88:talent_ico_720003	1	300022;300003	3600;36000	1
10800824	24	2	108008	301;201;101;1501	3527;176;228;0.06						88:talent_ico_720003	1	417200;300022;300003	12;5400;54000	1
10800825	25	1	108008	101;301	303;2351						88:talent_ico_720003	1	300022;300003	3600;36000	1
10800826	26	1	108008	301;201	2351;118						88:talent_ico_720003	1	300022;300003	3600;36000	1
10800827	27	1	108008	201;101	118;303						88:talent_ico_720003	1	300022;300003	3600;36000	1
10800828	28	3	108008			10800820	92026	1	91026	1	88:talent_ico_82108008	1	417300;300022;300003	12;9000;90000	1
10101401	1	1	101014	201;101	45;90						88:talent_ico_710001	1	300022;300003	1600;16000	1
10101402	2	1	101014	101;301	90;1347						88:talent_ico_710001	1	300022;300003	2000;20000	1
10101403	3	1	101014	301;201	1347;45						88:talent_ico_710001	1	300022;300003	2000;20000	1
10101404	4	2	101014	201;101;301;2502	90;180;2695;0.04						88:talent_ico_710001	1	417100;300022;300003	16;4000;40000	1
10101405	5	1	101014	201;101	75;150						88:talent_ico_710002	1	300022;300003	2400;24000	1
10101406	6	1	101014	101;301	150;2246						88:talent_ico_710002	1	300022;300003	3200;32000	1
10101407	7	1	101014	301;201	2246;75						88:talent_ico_710002	1	300022;300003	3200;32000	1
10101408	8	2	101014	201;101;301;401	150;299;4491;200						88:talent_ico_710002	1	417100;300022;300003	24;4800;48000	1
10101409	9	1	101014	101;301	150;2246						88:talent_ico_710002	1	300022;300003	3200;32000	1
10101410	10	1	101014	301;201	2246;75						88:talent_ico_710002	1	300022;300003	3200;32000	1
10101411	11	1	101014	201;101	75;150						88:talent_ico_710002	1	300022;300003	2400;24000	1
10101412	12	3	101014				91017	1			88:talent_ico_71101014	1	417200;300022;300003	16;7200;72000	1
10101413	13	1	101014	201;101	120;240						88:talent_ico_710003	1	300022;300003	4800;48000	1
10101414	14	1	101014	101;301	240;3593						88:talent_ico_710003	1	300022;300003	4800;48000	1
10101415	15	1	101014	301;201	3593;120						88:talent_ico_710003	1	300022;300003	4800;48000	1
10101416	16	3	101014			10101412	92017	1	91017	1	88:talent_ico_72101014	1	417300;300022;300003	16;12000;120000	1
10101417	17	1	101014	301;201	2246;75						88:talent_ico_710002	1	300022;300003	3200;32000	1
10101418	18	1	101014	201;101	75;150						88:talent_ico_710002	1	300022;300003	2400;24000	1
10101419	19	1	101014	101;301	150;2246						88:talent_ico_710002	1	300022;300003	3200;32000	1
10101420	20	3	101014				91016	1			88:talent_ico_81101014	1	417200;300022;300003	16;7200;72000	1
10101421	21	1	101014	101;301	240;3593						88:talent_ico_710003	1	300022;300003	4800;48000	1
10101422	22	1	101014	301;201	3593;120						88:talent_ico_710003	1	300022;300003	4800;48000	1
10101423	23	1	101014	201;101	120;240						88:talent_ico_710003	1	300022;300003	4800;48000	1
10101424	24	2	101014	201;101;301;2502	180;359;5389;0.06						88:talent_ico_710003	1	417200;300022;300003	16;7200;72000	1
10101425	25	1	101014	301;201	3593;120						88:talent_ico_710003	1	300022;300003	4800;48000	1
10101426	26	1	101014	201;101	120;240						88:talent_ico_710003	1	300022;300003	4800;48000	1
10101427	27	1	101014	101;301	240;3593						88:talent_ico_710003	1	300022;300003	4800;48000	1
10101428	28	3	101014			10101420	92016	1	91016	1	88:talent_ico_82101014	1	417300;300022;300003	16;12000;120000	1
10301601	1	1	103016	201;101	43;94						88:talent_icon_720001	1	300022;300003	1200;12000	1
10301602	2	1	103016	101;301	94;995						88:talent_icon_720001	1	300022;300003	1500;15000	1
10301603	3	1	103016	301;201	995;43						88:talent_icon_720001	1	300022;300003	1500;15000	1
10301604	4	2	103016	201;101;301	85;188;1991						88:talent_icon_720001	1	417100;300022;300003	12;3000;30000	1
10301605	5	1	103016	201;101	71;156						88:talent_icon_720002	1	300022;300003	1800;18000	1
10301606	6	1	103016	101;301	156;1659						88:talent_icon_720002	1	300022;300003	2400;24000	1
10301607	7	1	103016	301;201	1659;71						88:talent_icon_720002	1	300022;300003	2400;24000	1
10301608	8	2	103016	201;101;301	142;313;3318						88:talent_icon_720002	1	417100;300022;300003	18;3600;36000	1
10301609	9	1	103016	101;301	156;1659						88:talent_icon_720002	1	300022;300003	2400;24000	1
10301610	10	1	103016	301;201	1659;71						88:talent_icon_720002	1	300022;300003	2400;24000	1
10301611	11	1	103016	201;101	71;156						88:talent_icon_720002	1	300022;300003	1800;18000	1
10301612	12	3	103016				93001	1			88:talent_ico_71108008	1	417200;300022;300003	12;5400;54000	1
10301613	13	1	103016	201;101	114;250						88:talent_icon_720003	1	300022;300003	3600;36000	1
10301614	14	1	103016	101;301	250;2654						88:talent_icon_720003	1	300022;300003	3600;36000	1
10301615	15	1	103016	301;201	2654;114						88:talent_icon_720003	1	300022;300003	3600;36000	1
10301616	16	3	103016			10800812	93002	1	93001	1	88:talent_ico_72108008	1	417300;300022;300003	12;9000;90000	1
10301617	17	1	103016	301;201	1659;71						88:talent_icon_720002	1	300022;300003	2400;24000	1
10301618	18	1	103016	201;101	71;156						88:talent_icon_720002	1	300022;300003	1800;18000	1
10301619	19	1	103016	101;301	156;1659						88:talent_icon_720002	1	300022;300003	2400;24000	1
10301620	20	3	103016				91026	1			88:talent_ico_81108008	1	417200;300022;300003	12;5400;54000	1
10301621	21	1	103016	101;301	250;2654						88:talent_icon_720003	1	300022;300003	3600;36000	1
10301622	22	1	103016	301;201	2654;114						88:talent_icon_720003	1	300022;300003	3600;36000	1
10301623	23	1	103016	201;101	114;250						88:talent_icon_720003	1	300022;300003	3600;36000	1
10301624	24	2	103016	201;101;301	171;375;3982						88:talent_icon_720003	1	417200;300022;300003	12;5400;54000	1
10301625	25	1	103016	301;201	2654;114						88:talent_icon_720003	1	300022;300003	3600;36000	1
10301626	26	1	103016	201;101	114;250						88:talent_icon_720003	1	300022;300003	3600;36000	1
10301627	27	1	103016	101;301	250;2654						88:talent_icon_720003	1	300022;300003	3600;36000	1
10301628	28	3	103016			10800820	92026	1	91026	1	88:talent_ico_82108008	1	417300;300022;300003	12;9000;90000	1
10401101	1	1	104011	101;201	90;52						88:talent_icon_730001	1	300022;300003	1600;16000	1
10401102	2	1	104011	201;301	52;1198						88:talent_icon_730001	1	300022;300003	2000;20000	1
10401103	3	1	104011	301;101	1198;90						88:talent_icon_730001	1	300022;300003	2000;20000	1
10401104	4	2	104011	101;201;301	180;105;1198						88:talent_icon_730001	1	417100;300022;300003	16;4000;40000	1
10401105	5	1	104011	101;201	150;87						88:talent_icon_730002	1	300022;300003	2400;24000	1
10401106	6	1	104011	201;301	87;1996						88:talent_icon_730002	1	300022;300003	3200;32000	1
10401107	7	1	104011	301;101	1996;150						88:talent_icon_730002	1	300022;300003	3200;32000	1
10401108	8	2	104011	101;201;301	299;175;1996						88:talent_icon_730002	1	417100;300022;300003	24;4800;48000	1
10401109	9	1	104011	201;301	87;1996						88:talent_icon_730002	1	300022;300003	3200;32000	1
10401110	10	1	104011	301;101	1996;150						88:talent_icon_730002	1	300022;300003	3200;32000	1
10401111	11	1	104011	101;201	150;87						88:talent_icon_730002	1	300022;300003	2400;24000	1
10401112	12	3	104011				93001	1			88:talent_ico_71107008	1	417200;300022;300003	16;7200;72000	1
10401113	13	1	104011	101;201	240;140						88:talent_icon_730003	1	300022;300003	4800;48000	1
10401114	14	1	104011	201;301	140;3194						88:talent_icon_730003	1	300022;300003	4800;48000	1
10401115	15	1	104011	301;101	3194;240						88:talent_icon_730003	1	300022;300003	4800;48000	1
10401116	16	3	104011			10700812	93002	1	93001	1	88:talent_ico_72107008	1	417300;300022;300003	16;12000;120000	1
10401117	17	1	104011	301;101	1996;150						88:talent_icon_730002	1	300022;300003	3200;32000	1
10401118	18	1	104011	101;201	150;87						88:talent_icon_730002	1	300022;300003	2400;24000	1
10401119	19	1	104011	201;301	87;1996						88:talent_icon_730002	1	300022;300003	3200;32000	1
10401120	20	3	104011				91026	1			88:talent_ico_81107008	1	417200;300022;300003	16;7200;72000	1
10401121	21	1	104011	201;301	140;3194						88:talent_icon_730003	1	300022;300003	4800;48000	1
10401122	22	1	104011	301;101	3194;240						88:talent_icon_730003	1	300022;300003	4800;48000	1
10401123	23	1	104011	101;201	240;140						88:talent_icon_730003	1	300022;300003	4800;48000	1
10401124	24	2	104011	101;201;301	359;210;2395						88:talent_icon_730003	1	417200;300022;300003	16;7200;72000	1
10401125	25	1	104011	301;101	3194;240						88:talent_icon_730003	1	300022;300003	4800;48000	1
10401126	26	1	104011	101;201	240;140						88:talent_icon_730003	1	300022;300003	4800;48000	1
10401127	27	1	104011	201;301	140;3194						88:talent_icon_730003	1	300022;300003	4800;48000	1
10401128	28	3	104011			10700820	92026	1	91026	1	88:talent_ico_82107008	1	417300;300022;300003	16;12000;120000	1
10500601	1	1	105006	301;201	928;46						88:talent_icon_720001	1	300022;300003	1600;16000	1
10500602	2	1	105006	201;101	46;108						88:talent_icon_720001	1	300022;300003	2000;20000	1
10500603	3	1	105006	101;301	108;928						88:talent_icon_720001	1	300022;300003	2000;20000	1
10500604	4	2	105006	301;201;101	1856;93;108						88:talent_icon_720001	1	417100;300022;300003	16;4000;40000	1
10500605	5	1	105006	301;201	1547;77						88:talent_icon_720002	1	300022;300003	2400;24000	1
10500606	6	1	105006	201;101	77;180						88:talent_icon_720002	1	300022;300003	3200;32000	1
10500607	7	1	105006	101;301	180;1547						88:talent_icon_720002	1	300022;300003	3200;32000	1
10500608	8	2	105006	301;201;101	3094;155;180						88:talent_icon_720002	1	417100;300022;300003	24;4800;48000	1
10500609	9	1	105006	201;101	77;180						88:talent_icon_720002	1	300022;300003	3200;32000	1
10500610	10	1	105006	101;301	180;1547						88:talent_icon_720002	1	300022;300003	3200;32000	1
10500611	11	1	105006	301;201	1547;77						88:talent_icon_720002	1	300022;300003	2400;24000	1
10500612	12	3	105006				93001	1			88:talent_ico_71108008	1	417200;300022;300003	16;7200;72000	1
10500613	13	1	105006	301;201	2475;124						88:talent_icon_720003	1	300022;300003	4800;48000	1
10500614	14	1	105006	201;101	124;287						88:talent_icon_720003	1	300022;300003	4800;48000	1
10500615	15	1	105006	101;301	287;2475						88:talent_icon_720003	1	300022;300003	4800;48000	1
10500616	16	3	105006			10800812	93002	1	93001	1	88:talent_ico_72108008	1	417300;300022;300003	16;12000;120000	1
10500617	17	1	105006	101;301	180;1547						88:talent_icon_720002	1	300022;300003	3200;32000	1
10500618	18	1	105006	301;201	1547;77						88:talent_icon_720002	1	300022;300003	2400;24000	1
10500619	19	1	105006	201;101	77;180						88:talent_icon_720002	1	300022;300003	3200;32000	1
10500620	20	3	105006				91026	1			88:talent_ico_81108008	1	417200;300022;300003	16;7200;72000	1
10500621	21	1	105006	201;101	124;287						88:talent_icon_720003	1	300022;300003	4800;48000	1
10500622	22	1	105006	101;301	287;2475						88:talent_icon_720003	1	300022;300003	4800;48000	1
10500623	23	1	105006	301;201	2475;124						88:talent_icon_720003	1	300022;300003	4800;48000	1
10500624	24	2	105006	301;201;101	3713;186;216						88:talent_icon_720003	1	417200;300022;300003	16;7200;72000	1
10500625	25	1	105006	101;301	287;2475						88:talent_icon_720003	1	300022;300003	4800;48000	1
10500626	26	1	105006	301;201	2475;124						88:talent_icon_720003	1	300022;300003	4800;48000	1
10500627	27	1	105006	201;101	124;287						88:talent_icon_720003	1	300022;300003	4800;48000	1
10500628	28	3	105006			10800820	92026	1	91026	1	88:talent_ico_82108008	1	417300;300022;300003	16;12000;120000	1
10201501	1	1	102015	201;101	47;94						88:talent_icon_730001	1	300022;300003	2000;20000	1
10201502	2	1	102015	101;301	94;1415						88:talent_icon_730001	1	300022;300003	2500;25000	1
10201503	3	1	102015	301;201	1415;47						88:talent_icon_730001	1	300022;300003	2500;25000	1
10201504	4	2	102015	201;101;301;603	94;189;2830;0.02						88:talent_icon_730001	1	417100;300022;300003	20;5000;50000	1
10201505	5	1	102015	201;101	79;157						88:talent_icon_730002	1	300022;300003	3000;30000	1
10201506	6	1	102015	101;301	157;2358						88:talent_icon_730002	1	300022;300003	4000;40000	1
10201507	7	1	102015	301;201	2358;79						88:talent_icon_730002	1	300022;300003	4000;40000	1
10201508	8	2	102015	201;101;301;603	157;314;4716;0.025						88:talent_icon_730002	1	417100;300022;300003	30;6000;60000	1
10201509	9	1	102015	101;301	157;2358						88:talent_icon_730002	1	300022;300003	4000;40000	1
10201510	10	1	102015	301;201	2358;79						88:talent_icon_730002	1	300022;300003	4000;40000	1
10201511	11	1	102015	201;101	79;157						88:talent_icon_730002	1	300022;300003	3000;30000	1
10201512	12	3	102015				93001	1			88:talent_ico_71107008	1	417200;300022;300003	20;9000;90000	1
10201513	13	1	102015	201;101	126;252						88:talent_icon_730003	1	300022;300003	6000;60000	1
10201514	14	1	102015	101;301	252;3773						88:talent_icon_730003	1	300022;300003	6000;60000	1
10201515	15	1	102015	301;201	3773;126						88:talent_icon_730003	1	300022;300003	6000;60000	1
10201516	16	3	102015			10700812	93002	1	93001	1	88:talent_ico_72107008	1	417300;300022;300003	20;15000;150000	1
10201517	17	1	102015	301;201	2358;79						88:talent_icon_730002	1	300022;300003	4000;40000	1
10201518	18	1	102015	201;101	79;157						88:talent_icon_730002	1	300022;300003	3000;30000	1
10201519	19	1	102015	101;301	157;2358						88:talent_icon_730002	1	300022;300003	4000;40000	1
10201520	20	3	102015				91026	1			88:talent_ico_81107008	1	417200;300022;300003	20;9000;90000	1
10201521	21	1	102015	101;301	252;3773						88:talent_icon_730003	1	300022;300003	6000;60000	1
10201522	22	1	102015	301;201	3773;126						88:talent_icon_730003	1	300022;300003	6000;60000	1
10201523	23	1	102015	201;101	126;252						88:talent_icon_730003	1	300022;300003	6000;60000	1
10201524	24	2	102015	201;101;301;603	189;377;5659;0.03						88:talent_icon_730003	1	417200;300022;300003	20;9000;90000	1
10201525	25	1	102015	301;201	3773;126						88:talent_icon_730003	1	300022;300003	6000;60000	1
10201526	26	1	102015	201;101	126;252						88:talent_icon_730003	1	300022;300003	6000;60000	1
10201527	27	1	102015	101;301	252;3773						88:talent_icon_730003	1	300022;300003	6000;60000	1
10201528	28	3	102015			10700820	92026	1	91026	1	88:talent_ico_82107008	1	417300;300022;300003	20;15000;150000	1
10301301	1	1	103013	201;101	47;104						88:talent_ico_740001	1	300022;300003	2000;20000	1
10301302	2	1	103013	101;301	104;1100						88:talent_ico_740001	1	300022;300003	2500;25000	1
10301303	3	1	103013	301;201	1100;47						88:talent_ico_740001	1	300022;300003	2500;25000	1
10301304	4	2	103013	201;101;301;2502	94;208;2201;0.02						88:talent_ico_740001	1	417100;300022;300003	20;5000;50000	1
10301305	5	1	103013	201;101	79;173						88:talent_ico_740002	1	300022;300003	3000;30000	1
10301306	6	1	103013	101;301	173;1834						88:talent_ico_740002	1	300022;300003	4000;40000	1
10301307	7	1	103013	301;201	1834;79						88:talent_ico_740002	1	300022;300003	4000;40000	1
10301308	8	2	103013	201;101;301;401	157;346;3668;200						88:talent_ico_740002	1	417100;300022;300003	30;6000;60000	1
10301309	9	1	103013	101;301	173;1834						88:talent_ico_740002	1	300022;300003	4000;40000	1
10301310	10	1	103013	301;201	1834;79						88:talent_ico_740002	1	300022;300003	4000;40000	1
10301311	11	1	103013	201;101	79;173						88:talent_ico_740002	1	300022;300003	3000;30000	1
10301312	12	3	103013				91103013	1			88:talent_ico_71103013	1	417200;300022;300003	20;9000;90000	1
10301313	13	1	103013	201;101	126;277						88:talent_ico_740003	1	300022;300003	6000;60000	1
10301314	14	1	103013	101;301	277;2934						88:talent_ico_740003	1	300022;300003	6000;60000	1
10301315	15	1	103013	301;201	2934;126						88:talent_ico_740003	1	300022;300003	6000;60000	1
10301316	16	3	103013			10301312	91103013	2	91103013	1	88:talent_ico_72103013	1	417300;300022;300003	20;15000;150000	1
10301317	17	1	103013	301;201	1834;79						88:talent_ico_740002	1	300022;300003	4000;40000	1
10301318	18	1	103013	201;101	79;173						88:talent_ico_740002	1	300022;300003	3000;30000	1
10301319	19	1	103013	101;301	173;1834						88:talent_ico_740002	1	300022;300003	4000;40000	1
10301320	20	3	103013				92103013	1			88:talent_ico_81103013	1	417200;300022;300003	20;9000;90000	1
10301321	21	1	103013	101;301	277;2934						88:talent_ico_740003	1	300022;300003	6000;60000	1
10301322	22	1	103013	301;201	2934;126						88:talent_ico_740003	1	300022;300003	6000;60000	1
10301323	23	1	103013	201;101	126;277						88:talent_ico_740003	1	300022;300003	6000;60000	1
10301324	24	2	103013	201;101;301;2502	189;415;4402;0.04						88:talent_ico_740003	1	417200;300022;300003	20;9000;90000	1
10301325	25	1	103013	301;201	2934;126						88:talent_ico_740003	1	300022;300003	6000;60000	1
10301326	26	1	103013	201;101	126;277						88:talent_ico_740003	1	300022;300003	6000;60000	1
10301327	27	1	103013	101;301	277;2934						88:talent_ico_740003	1	300022;300003	6000;60000	1
10301328	28	3	103013			10301320	92103013	2	92103013	1	88:talent_ico_82103013	1	417300;300022;300003	20;15000;150000	1
10500101	1	1	105001	201;101	45;90						88:talent_icon_730001	1	300022;300003	1600;16000	1
10500102	2	1	105001	101;301	90;1347						88:talent_icon_730001	1	300022;300003	2000;20000	1
10500103	3	1	105001	301;201	1347;45						88:talent_icon_730001	1	300022;300003	2000;20000	1
10500104	4	2	105001	201;101;301;603	90;180;2695;0.02						88:talent_icon_730001	1	417100;300022;300003	16;4000;40000	1
10500105	5	1	105001	201;101	75;150						88:talent_icon_730002	1	300022;300003	2400;24000	1
10500106	6	1	105001	101;301	150;2246						88:talent_icon_730002	1	300022;300003	3200;32000	1
10500107	7	1	105001	301;201	2246;75						88:talent_icon_730002	1	300022;300003	3200;32000	1
10500108	8	2	105001	201;101;301;603	150;299;4491;0.025						88:talent_icon_730002	1	417100;300022;300003	24;4800;48000	1
10500109	9	1	105001	101;301	150;2246						88:talent_icon_730002	1	300022;300003	3200;32000	1
10500110	10	1	105001	301;201	2246;75						88:talent_icon_730002	1	300022;300003	3200;32000	1
10500111	11	1	105001	201;101	75;150						88:talent_icon_730002	1	300022;300003	2400;24000	1
10500112	12	3	105001				93001	1			88:talent_ico_71107008	1	417200;300022;300003	16;7200;72000	1
10500113	13	1	105001	201;101	120;240						88:talent_icon_730003	1	300022;300003	4800;48000	1
10500114	14	1	105001	101;301	240;3593						88:talent_icon_730003	1	300022;300003	4800;48000	1
10500115	15	1	105001	301;201	3593;120						88:talent_icon_730003	1	300022;300003	4800;48000	1
10500116	16	3	105001			10700812	93002	1	93001	1	88:talent_ico_72107008	1	417300;300022;300003	16;12000;120000	1
10500117	17	1	105001	301;201	2246;75						88:talent_icon_730002	1	300022;300003	3200;32000	1
10500118	18	1	105001	201;101	75;150						88:talent_icon_730002	1	300022;300003	2400;24000	1
10500119	19	1	105001	101;301	150;2246						88:talent_icon_730002	1	300022;300003	3200;32000	1
10500120	20	3	105001				91026	1			88:talent_ico_81107008	1	417200;300022;300003	16;7200;72000	1
10500121	21	1	105001	101;301	240;3593						88:talent_icon_730003	1	300022;300003	4800;48000	1
10500122	22	1	105001	301;201	3593;120						88:talent_icon_730003	1	300022;300003	4800;48000	1
10500123	23	1	105001	201;101	120;240						88:talent_icon_730003	1	300022;300003	4800;48000	1
10500124	24	2	105001	201;101;301;603	180;359;5389;0.03						88:talent_icon_730003	1	417200;300022;300003	16;7200;72000	1
10500125	25	1	105001	301;201	3593;120						88:talent_icon_730003	1	300022;300003	4800;48000	1
10500126	26	1	105001	201;101	120;240						88:talent_icon_730003	1	300022;300003	4800;48000	1
10500127	27	1	105001	101;301	240;3593						88:talent_icon_730003	1	300022;300003	4800;48000	1
10500128	28	3	105001			10700820	92026	1	91026	1	88:talent_ico_82107008	1	417300;300022;300003	16;12000;120000	1
10500501	1	1	105005	301;201	817;47						88:talent_icon_720001	1	300022;300003	2000;20000	1
10500502	2	1	105005	201;101	47;132						88:talent_icon_720001	1	300022;300003	2500;25000	1
10500503	3	1	105005	101;301	132;817						88:talent_icon_720001	1	300022;300003	2500;25000	1
10500504	4	2	105005	301;201;101;703	1635;94;132;0.03						88:talent_icon_720001	1	417100;300022;300003	20;5000;50000	1
10500505	5	1	105005	301;201	1362;79						88:talent_icon_720002	1	300022;300003	3000;30000	1
10500506	6	1	105005	201;101	79;220						88:talent_icon_720002	1	300022;300003	4000;40000	1
10500507	7	1	105005	101;301	220;1362						88:talent_icon_720002	1	300022;300003	4000;40000	1
10500508	8	2	105005	301;201;101;703	2725;157;220;0.05						88:talent_icon_720002	1	417100;300022;300003	30;6000;60000	1
10500509	9	1	105005	201;101	79;220						88:talent_icon_720002	1	300022;300003	4000;40000	1
10500510	10	1	105005	101;301	220;1362						88:talent_icon_720002	1	300022;300003	4000;40000	1
10500511	11	1	105005	301;201	1362;79						88:talent_icon_720002	1	300022;300003	3000;30000	1
10500512	12	3	105005				93001	1			88:talent_ico_71108008	1	417200;300022;300003	20;9000;90000	1
10500513	13	1	105005	301;201	2180;126						88:talent_icon_720003	1	300022;300003	6000;60000	1
10500514	14	1	105005	201;101	126;352						88:talent_icon_720003	1	300022;300003	6000;60000	1
10500515	15	1	105005	101;301	352;2180						88:talent_icon_720003	1	300022;300003	6000;60000	1
10500516	16	3	105005			10800812	93002	1	93001	1	88:talent_ico_72108008	1	417300;300022;300003	20;15000;150000	1
10500517	17	1	105005	101;301	220;1362						88:talent_icon_720002	1	300022;300003	4000;40000	1
10500518	18	1	105005	301;201	1362;79						88:talent_icon_720002	1	300022;300003	3000;30000	1
10500519	19	1	105005	201;101	79;220						88:talent_icon_720002	1	300022;300003	4000;40000	1
10500520	20	3	105005				91026	1			88:talent_ico_81108008	1	417200;300022;300003	20;9000;90000	1
10500521	21	1	105005	201;101	126;352						88:talent_icon_720003	1	300022;300003	6000;60000	1
10500522	22	1	105005	101;301	352;2180						88:talent_icon_720003	1	300022;300003	6000;60000	1
10500523	23	1	105005	301;201	2180;126						88:talent_icon_720003	1	300022;300003	6000;60000	1
10500524	24	2	105005	301;201;101;703	3270;189;264;0.08						88:talent_icon_720003	1	417200;300022;300003	20;9000;90000	1
10500525	25	1	105005	101;301	352;2180						88:talent_icon_720003	1	300022;300003	6000;60000	1
10500526	26	1	105005	301;201	2180;126						88:talent_icon_720003	1	300022;300003	6000;60000	1
10500527	27	1	105005	201;101	126;352						88:talent_icon_720003	1	300022;300003	6000;60000	1
10500528	28	3	105005			10800820	92026	1	91026	1	88:talent_ico_82108008	1	417300;300022;300003	20;15000;150000	1
10600301	1	1	106003	201;101	43;94						88:talent_icon_730001	1	300022;300003	1200;12000	1
10600302	2	1	106003	101;301	94;995						88:talent_icon_730001	1	300022;300003	1500;15000	1
10600303	3	1	106003	301;201	995;43						88:talent_icon_730001	1	300022;300003	1500;15000	1
10600304	4	2	106003	201;101;301;2502	85;188;1991;0.02						88:talent_icon_730001	1	417100;300022;300003	12;3000;30000	1
10600305	5	1	106003	201;101	71;156						88:talent_icon_730002	1	300022;300003	1800;18000	1
10600306	6	1	106003	101;301	156;1659						88:talent_icon_730002	1	300022;300003	2400;24000	1
10600307	7	1	106003	301;201	1659;71						88:talent_icon_730002	1	300022;300003	2400;24000	1
10600308	8	2	106003	201;101;301;401	142;313;3318;200						88:talent_icon_730002	1	417100;300022;300003	18;3600;36000	1
10600309	9	1	106003	101;301	156;1659						88:talent_icon_730002	1	300022;300003	2400;24000	1
10600310	10	1	106003	301;201	1659;71						88:talent_icon_730002	1	300022;300003	2400;24000	1
10600311	11	1	106003	201;101	71;156						88:talent_icon_730002	1	300022;300003	1800;18000	1
10600312	12	3	106003				93001	1			88:talent_ico_71107008	1	417200;300022;300003	12;5400;54000	1
10600313	13	1	106003	201;101	114;250						88:talent_icon_730003	1	300022;300003	3600;36000	1
10600314	14	1	106003	101;301	250;2654						88:talent_icon_730003	1	300022;300003	3600;36000	1
10600315	15	1	106003	301;201	2654;114						88:talent_icon_730003	1	300022;300003	3600;36000	1
10600316	16	3	106003			10700812	93002	1	93001	1	88:talent_ico_72107008	1	417300;300022;300003	12;9000;90000	1
10600317	17	1	106003	301;201	1659;71						88:talent_icon_730002	1	300022;300003	2400;24000	1
10600318	18	1	106003	201;101	71;156						88:talent_icon_730002	1	300022;300003	1800;18000	1
10600319	19	1	106003	101;301	156;1659						88:talent_icon_730002	1	300022;300003	2400;24000	1
10600320	20	3	106003				91026	1			88:talent_ico_81107008	1	417200;300022;300003	12;5400;54000	1
10600321	21	1	106003	101;301	250;2654						88:talent_icon_730003	1	300022;300003	3600;36000	1
10600322	22	1	106003	301;201	2654;114						88:talent_icon_730003	1	300022;300003	3600;36000	1
10600323	23	1	106003	201;101	114;250						88:talent_icon_730003	1	300022;300003	3600;36000	1
10600324	24	2	106003	201;101;301;2502	171;375;3982;0.04						88:talent_icon_730003	1	417200;300022;300003	12;5400;54000	1
10600325	25	1	106003	301;201	2654;114						88:talent_icon_730003	1	300022;300003	3600;36000	1
10600326	26	1	106003	201;101	114;250						88:talent_icon_730003	1	300022;300003	3600;36000	1
10600327	27	1	106003	101;301	250;2654						88:talent_icon_730003	1	300022;300003	3600;36000	1
10600328	28	3	106003			10700820	92026	1	91026	1	88:talent_ico_82107008	1	417300;300022;300003	12;9000;90000	1
10600501	1	1	106005	301;201	975;49						88:talent_icon_720001	1	300022;300003	2000;20000	1
10600502	2	1	106005	201;101	49;113						88:talent_icon_720001	1	300022;300003	2500;25000	1
10600503	3	1	106005	101;301	113;975						88:talent_icon_720001	1	300022;300003	2500;25000	1
10600504	4	2	106005	301;201;101;703	1949;97;113;0.03						88:talent_icon_720001	1	417100;300022;300003	20;5000;50000	1
10600505	5	1	106005	301;201	1624;81						88:talent_icon_720002	1	300022;300003	3000;30000	1
10600506	6	1	106005	201;101	81;189						88:talent_icon_720002	1	300022;300003	4000;40000	1
10600507	7	1	106005	101;301	189;1624						88:talent_icon_720002	1	300022;300003	4000;40000	1
10600508	8	2	106005	301;201;101;703	3249;162;189;0.05						88:talent_icon_720002	1	417100;300022;300003	30;6000;60000	1
10600509	9	1	106005	201;101	81;189						88:talent_icon_720002	1	300022;300003	4000;40000	1
10600510	10	1	106005	101;301	189;1624						88:talent_icon_720002	1	300022;300003	4000;40000	1
10600511	11	1	106005	301;201	1624;81						88:talent_icon_720002	1	300022;300003	3000;30000	1
10600512	12	3	106005				93001	1			88:talent_ico_71108008	1	417200;300022;300003	20;9000;90000	1
10600513	13	1	106005	301;201	2599;130						88:talent_icon_720003	1	300022;300003	6000;60000	1
10600514	14	1	106005	201;101	130;302						88:talent_icon_720003	1	300022;300003	6000;60000	1
10600515	15	1	106005	101;301	302;2599						88:talent_icon_720003	1	300022;300003	6000;60000	1
10600516	16	3	106005			10800812	93002	1	93001	1	88:talent_ico_72108008	1	417300;300022;300003	20;15000;150000	1
10600517	17	1	106005	101;301	189;1624						88:talent_icon_720002	1	300022;300003	4000;40000	1
10600518	18	1	106005	301;201	1624;81						88:talent_icon_720002	1	300022;300003	3000;30000	1
10600519	19	1	106005	201;101	81;189						88:talent_icon_720002	1	300022;300003	4000;40000	1
10600520	20	3	106005				91026	1			88:talent_ico_81108008	1	417200;300022;300003	20;9000;90000	1
10600521	21	1	106005	201;101	130;302						88:talent_icon_720003	1	300022;300003	6000;60000	1
10600522	22	1	106005	101;301	302;2599						88:talent_icon_720003	1	300022;300003	6000;60000	1
10600523	23	1	106005	301;201	2599;130						88:talent_icon_720003	1	300022;300003	6000;60000	1
10600524	24	2	106005	301;201;101;703	3899;195;226;0.08						88:talent_icon_720003	1	417200;300022;300003	20;9000;90000	1
10600525	25	1	106005	101;301	302;2599						88:talent_icon_720003	1	300022;300003	6000;60000	1
10600526	26	1	106005	301;201	2599;130						88:talent_icon_720003	1	300022;300003	6000;60000	1
10600527	27	1	106005	201;101	130;302						88:talent_icon_720003	1	300022;300003	6000;60000	1
10600528	28	3	106005			10800820	92026	1	91026	1	88:talent_ico_82108008	1	417300;300022;300003	20;15000;150000	1
10700101	1	1	107001	301;201	975;49						88:talent_icon_730001	1	300022;300003	2000;20000	1
10700102	2	1	107001	201;101	49;107						88:talent_icon_730001	1	300022;300003	2500;25000	1
10700103	3	1	107001	101;301	107;975						88:talent_icon_730001	1	300022;300003	2500;25000	1
10700104	4	2	107001	301;201;101;2502	1949;97;107;0.04						88:talent_icon_730001	1	417100;300022;300003	20;5000;50000	1
10700105	5	1	107001	301;201	1624;81						88:talent_icon_730002	1	300022;300003	3000;30000	1
10700106	6	1	107001	201;101	81;178						88:talent_icon_730002	1	300022;300003	4000;40000	1
10700107	7	1	107001	101;301	178;1624						88:talent_icon_730002	1	300022;300003	4000;40000	1
10700108	8	2	107001	301;201;101;401	3249;162;178;200						88:talent_icon_730002	1	417100;300022;300003	30;6000;60000	1
10700109	9	1	107001	201;101	81;178						88:talent_icon_730002	1	300022;300003	4000;40000	1
10700110	10	1	107001	101;301	178;1624						88:talent_icon_730002	1	300022;300003	4000;40000	1
10700111	11	1	107001	301;201	1624;81						88:talent_icon_730002	1	300022;300003	3000;30000	1
10700112	12	3	107001				93001	1			88:talent_ico_71107008	1	417200;300022;300003	20;9000;90000	1
10700113	13	1	107001	301;201	2599;130						88:talent_icon_730003	1	300022;300003	6000;60000	1
10700114	14	1	107001	201;101	130;285						88:talent_icon_730003	1	300022;300003	6000;60000	1
10700115	15	1	107001	101;301	285;2599						88:talent_icon_730003	1	300022;300003	6000;60000	1
10700116	16	3	107001			10700812	93002	1	93001	1	88:talent_ico_72107008	1	417300;300022;300003	20;15000;150000	1
10700117	17	1	107001	101;301	178;1624						88:talent_icon_730002	1	300022;300003	4000;40000	1
10700118	18	1	107001	301;201	1624;81						88:talent_icon_730002	1	300022;300003	3000;30000	1
10700119	19	1	107001	201;101	81;178						88:talent_icon_730002	1	300022;300003	4000;40000	1
10700120	20	3	107001				91026	1			88:talent_ico_81107008	1	417200;300022;300003	20;9000;90000	1
10700121	21	1	107001	201;101	130;285						88:talent_icon_730003	1	300022;300003	6000;60000	1
10700122	22	1	107001	101;301	285;2599						88:talent_icon_730003	1	300022;300003	6000;60000	1
10700123	23	1	107001	301;201	2599;130						88:talent_icon_730003	1	300022;300003	6000;60000	1
10700124	24	2	107001	301;201;101;2502	3899;195;214;0.06						88:talent_icon_730003	1	417200;300022;300003	20;9000;90000	1
10700125	25	1	107001	101;301	285;2599						88:talent_icon_730003	1	300022;300003	6000;60000	1
10700126	26	1	107001	301;201	2599;130						88:talent_icon_730003	1	300022;300003	6000;60000	1
10700127	27	1	107001	201;101	130;285						88:talent_icon_730003	1	300022;300003	6000;60000	1
10700128	28	3	107001			10700820	92026	1	91026	1	88:talent_ico_82107008	1	417300;300022;300003	20;15000;150000	1
10700401	1	1	107004	201;101	47;104						88:talent_icon_720001	1	300022;300003	2000;20000	1
10700402	2	1	107004	101;301	104;1100						88:talent_icon_720001	1	300022;300003	2500;25000	1
10700403	3	1	107004	301;201	1100;47						88:talent_icon_720001	1	300022;300003	2500;25000	1
10700404	4	2	107004	201;101;301;2502	94;208;2201;0.02						88:talent_icon_720001	1	417100;300022;300003	20;5000;50000	1
10700405	5	1	107004	201;101	79;173						88:talent_icon_720002	1	300022;300003	3000;30000	1
10700406	6	1	107004	101;301	173;1834						88:talent_icon_720002	1	300022;300003	4000;40000	1
10700407	7	1	107004	301;201	1834;79						88:talent_icon_720002	1	300022;300003	4000;40000	1
10700408	8	2	107004	201;101;301;401	157;346;3668;200						88:talent_icon_720002	1	417100;300022;300003	30;6000;60000	1
10700409	9	1	107004	101;301	173;1834						88:talent_icon_720002	1	300022;300003	4000;40000	1
10700410	10	1	107004	301;201	1834;79						88:talent_icon_720002	1	300022;300003	4000;40000	1
10700411	11	1	107004	201;101	79;173						88:talent_icon_720002	1	300022;300003	3000;30000	1
10700412	12	3	107004				93001	1			88:talent_ico_71108008	1	417200;300022;300003	20;9000;90000	1
10700413	13	1	107004	201;101	126;277						88:talent_icon_720003	1	300022;300003	6000;60000	1
10700414	14	1	107004	101;301	277;2934						88:talent_icon_720003	1	300022;300003	6000;60000	1
10700415	15	1	107004	301;201	2934;126						88:talent_icon_720003	1	300022;300003	6000;60000	1
10700416	16	3	107004			10800812	93002	1	93001	1	88:talent_ico_72108008	1	417300;300022;300003	20;15000;150000	1
10700417	17	1	107004	301;201	1834;79						88:talent_icon_720002	1	300022;300003	4000;40000	1
10700418	18	1	107004	201;101	79;173						88:talent_icon_720002	1	300022;300003	3000;30000	1
10700419	19	1	107004	101;301	173;1834						88:talent_icon_720002	1	300022;300003	4000;40000	1
10700420	20	3	107004				91026	1			88:talent_ico_81108008	1	417200;300022;300003	20;9000;90000	1
10700421	21	1	107004	101;301	277;2934						88:talent_icon_720003	1	300022;300003	6000;60000	1
10700422	22	1	107004	301;201	2934;126						88:talent_icon_720003	1	300022;300003	6000;60000	1
10700423	23	1	107004	201;101	126;277						88:talent_icon_720003	1	300022;300003	6000;60000	1
10700424	24	2	107004	201;101;301;2502	189;415;4402;0.04						88:talent_icon_720003	1	417200;300022;300003	20;9000;90000	1
10700425	25	1	107004	301;201	2934;126						88:talent_icon_720003	1	300022;300003	6000;60000	1
10700426	26	1	107004	201;101	126;277						88:talent_icon_720003	1	300022;300003	6000;60000	1
10700427	27	1	107004	101;301	277;2934						88:talent_icon_720003	1	300022;300003	6000;60000	1
10700428	28	3	107004			10800820	92026	1	91026	1	88:talent_ico_82108008	1	417300;300022;300003	20;15000;150000	1
10700501	1	1	107005	101;201	90;52						88:talent_icon_730001	1	300022;300003	1600;16000	1
10700502	2	1	107005	201;301	52;1198						88:talent_icon_730001	1	300022;300003	2000;20000	1
10700503	3	1	107005	301;101	1198;90						88:talent_icon_730001	1	300022;300003	2000;20000	1
10700504	4	2	107005	101;201;301;903	180;105;1198;0.08						88:talent_icon_730001	1	417100;300022;300003	16;4000;40000	1
10700505	5	1	107005	101;201	150;87						88:talent_icon_730002	1	300022;300003	2400;24000	1
10700506	6	1	107005	201;301	87;1996						88:talent_icon_730002	1	300022;300003	3200;32000	1
10700507	7	1	107005	301;101	1996;150						88:talent_icon_730002	1	300022;300003	3200;32000	1
10700508	8	2	107005	101;201;301;1502	299;175;1996;-0.06						88:talent_icon_730002	1	417100;300022;300003	24;4800;48000	1
10700509	9	1	107005	201;301	87;1996						88:talent_icon_730002	1	300022;300003	3200;32000	1
10700510	10	1	107005	301;101	1996;150						88:talent_icon_730002	1	300022;300003	3200;32000	1
10700511	11	1	107005	101;201	150;87						88:talent_icon_730002	1	300022;300003	2400;24000	1
10700512	12	3	107005				91102011	1			88:talent_ico_71107005	1	417200;300022;300003	16;7200;72000	1
10700513	13	1	107005	101;201	240;140						88:talent_icon_730003	1	300022;300003	4800;48000	1
10700514	14	1	107005	201;301	140;3194						88:talent_icon_730003	1	300022;300003	4800;48000	1
10700515	15	1	107005	301;101	3194;240						88:talent_icon_730003	1	300022;300003	4800;48000	1
10700516	16	3	107005			10700512	92102011	1	91102011	1	88:talent_ico_72107005	1	417300;300022;300003	16;12000;120000	1
10700517	17	1	107005	301;101	1996;150						88:talent_icon_730002	1	300022;300003	3200;32000	1
10700518	18	1	107005	101;201	150;87						88:talent_icon_730002	1	300022;300003	2400;24000	1
10700519	19	1	107005	201;301	87;1996						88:talent_icon_730002	1	300022;300003	3200;32000	1
10700520	20	3	107005				95102011	1			88:talent_ico_81107005	1	417200;300022;300003	16;7200;72000	1
10700521	21	1	107005	201;301	140;3194						88:talent_icon_730003	1	300022;300003	4800;48000	1
10700522	22	1	107005	301;101	3194;240						88:talent_icon_730003	1	300022;300003	4800;48000	1
10700523	23	1	107005	101;201	240;140						88:talent_icon_730003	1	300022;300003	4800;48000	1
10700524	24	2	107005	101;201;301;2502	359;210;2395;0.04						88:talent_icon_730003	1	417200;300022;300003	16;7200;72000	1
10700525	25	1	107005	301;101	3194;240						88:talent_icon_730003	1	300022;300003	4800;48000	1
10700526	26	1	107005	101;201	240;140						88:talent_icon_730003	1	300022;300003	4800;48000	1
10700527	27	1	107005	201;301	140;3194						88:talent_icon_730003	1	300022;300003	4800;48000	1
10700528	28	3	107005			10700520	96102011	1	95102011	1	88:talent_ico_82107005	1	417300;300022;300003	16;12000;120000	1
10401301	1	1	104013	301;201	928;46						88:talent_ico_720001	1	300022;300003	1600;16000	1
10401302	2	1	104013	201;101	46;102						88:talent_ico_720001	1	300022;300003	2000;20000	1
10401303	3	1	104013	101;301	102;928						88:talent_ico_720001	1	300022;300003	2000;20000	1
10401304	4	2	104013	301;201;101;2502	1856;93;102;0.04						88:talent_ico_720001	1	417100;300022;300003	16;4000;40000	1
10401305	5	1	104013	301;201	1547;77						88:talent_ico_720002	1	300022;300003	2400;24000	1
10401306	6	1	104013	201;101	77;170						88:talent_ico_720002	1	300022;300003	3200;32000	1
10401307	7	1	104013	101;301	170;1547						88:talent_ico_720002	1	300022;300003	3200;32000	1
10401308	8	2	104013	301;201;101;401	3094;155;170;200						88:talent_ico_720002	1	417100;300022;300003	24;4800;48000	1
10401309	9	1	104013	201;101	77;170						88:talent_ico_720002	1	300022;300003	3200;32000	1
10401310	10	1	104013	101;301	170;1547						88:talent_ico_720002	1	300022;300003	3200;32000	1
10401311	11	1	104013	301;201	1547;77						88:talent_ico_720002	1	300022;300003	2400;24000	1
10401312	12	3	104013				91104013	1			88:talent_ico_71104013	1	417200;300022;300003	16;7200;72000	1
10401313	13	1	104013	301;201	2475;124						88:talent_ico_720003	1	300022;300003	4800;48000	1
10401314	14	1	104013	201;101	124;271						88:talent_ico_720003	1	300022;300003	4800;48000	1
10401315	15	1	104013	101;301	271;2475						88:talent_ico_720003	1	300022;300003	4800;48000	1
10401316	16	3	104013			10401312	91104013	2	91104013	1	88:talent_ico_72104013	1	417300;300022;300003	16;12000;120000	1
10401317	17	1	104013	101;301	170;1547						88:talent_ico_720002	1	300022;300003	3200;32000	1
10401318	18	1	104013	301;201	1547;77						88:talent_ico_720002	1	300022;300003	2400;24000	1
10401319	19	1	104013	201;101	77;170						88:talent_ico_720002	1	300022;300003	3200;32000	1
10401320	20	3	104013				92104013	1			88:talent_ico_81104013	1	417200;300022;300003	16;7200;72000	1
10401321	21	1	104013	201;101	124;271						88:talent_ico_720003	1	300022;300003	4800;48000	1
10401322	22	1	104013	101;301	271;2475						88:talent_ico_720003	1	300022;300003	4800;48000	1
10401323	23	1	104013	301;201	2475;124						88:talent_ico_720003	1	300022;300003	4800;48000	1
10401324	24	2	104013	301;201;101;2502	3713;186;204;0.06						88:talent_ico_720003	1	417200;300022;300003	16;7200;72000	1
10401325	25	1	104013	101;301	271;2475						88:talent_ico_720003	1	300022;300003	4800;48000	1
10401326	26	1	104013	301;201	2475;124						88:talent_ico_720003	1	300022;300003	4800;48000	1
10401327	27	1	104013	201;101	124;271						88:talent_ico_720003	1	300022;300003	4800;48000	1
10401328	28	3	104013			10401320	92104013	2	92104013	1	88:talent_ico_82104013	1	417300;300022;300003	16;12000;120000	1
10401701	1	1	104017	201;101	45;99						88:talent_ico_740001	1	300022;300003	1600;16000	1
10401702	2	1	104017	101;301	99;1048						88:talent_ico_740001	1	300022;300003	2000;20000	1
10401703	3	1	104017	301;201	1048;45						88:talent_ico_740001	1	300022;300003	2000;20000	1
10401704	4	2	104017	201;101;301;2502	90;198;2096;0.02						88:talent_ico_740001	1	417100;300022;300003	16;4000;40000	1
10401705	5	1	104017	201;101	75;165						88:talent_ico_740002	1	300022;300003	2400;24000	1
10401706	6	1	104017	101;301	165;1747						88:talent_ico_740002	1	300022;300003	3200;32000	1
10401707	7	1	104017	301;201	1747;75						88:talent_ico_740002	1	300022;300003	3200;32000	1
10401708	8	2	104017	201;101;301;401	150;329;3493;200						88:talent_ico_740002	1	417100;300022;300003	24;4800;48000	1
10401709	9	1	104017	101;301	165;1747						88:talent_ico_740002	1	300022;300003	3200;32000	1
10401710	10	1	104017	301;201	1747;75						88:talent_ico_740002	1	300022;300003	3200;32000	1
10401711	11	1	104017	201;101	75;165						88:talent_ico_740002	1	300022;300003	2400;24000	1
10401712	12	3	104017				91104017	1			88:talent_ico_71104017	1	417200;300022;300003	16;7200;72000	1
10401713	13	1	104017	201;101	120;263						88:talent_ico_740003	1	300022;300003	4800;48000	1
10401714	14	1	104017	101;301	263;2794						88:talent_ico_740003	1	300022;300003	4800;48000	1
10401715	15	1	104017	301;201	2794;120						88:talent_ico_740003	1	300022;300003	4800;48000	1
10401716	16	3	104017			10401712	91104017	2	91104017	1	88:talent_ico_72104017	1	417300;300022;300003	16;12000;120000	1
10401717	17	1	104017	301;201	1747;75						88:talent_ico_740002	1	300022;300003	3200;32000	1
10401718	18	1	104017	201;101	75;165						88:talent_ico_740002	1	300022;300003	2400;24000	1
10401719	19	1	104017	101;301	165;1747						88:talent_ico_740002	1	300022;300003	3200;32000	1
10401720	20	3	104017				92104017	1			88:talent_ico_81104017	1	417200;300022;300003	16;7200;72000	1
10401721	21	1	104017	101;301	263;2794						88:talent_ico_740003	1	300022;300003	4800;48000	1
10401722	22	1	104017	301;201	2794;120						88:talent_ico_740003	1	300022;300003	4800;48000	1
10401723	23	1	104017	201;101	120;263						88:talent_ico_740003	1	300022;300003	4800;48000	1
10401724	24	2	104017	201;101;301;2502	180;395;4192;0.04						88:talent_ico_740003	1	417200;300022;300003	16;7200;72000	1
10401725	25	1	104017	301;201	2794;120						88:talent_ico_740003	1	300022;300003	4800;48000	1
10401726	26	1	104017	201;101	120;263						88:talent_ico_740003	1	300022;300003	4800;48000	1
10401727	27	1	104017	101;301	263;2794						88:talent_ico_740003	1	300022;300003	4800;48000	1
10401728	28	3	104017			10401720	92104017	2	92104017	1	88:talent_ico_82104017	1	417300;300022;300003	16;12000;120000	1
10301901	1	1	103019	301;201	928;46						88:talent_ico_720001	1	300022;300003	1600;16000	1
10301902	2	1	103019	201;101	46;108						88:talent_ico_720001	1	300022;300003	2000;20000	1
10301903	3	1	103019	101;301	108;928						88:talent_ico_720001	1	300022;300003	2000;20000	1
10301904	4	2	103019	301;201;101;703	1856;93;108;0.03						88:talent_ico_720001	1	417100;300022;300003	16;4000;40000	1
10301905	5	1	103019	301;201	1547;77						88:talent_ico_720002	1	300022;300003	2400;24000	1
10301906	6	1	103019	201;101	77;180						88:talent_ico_720002	1	300022;300003	3200;32000	1
10301907	7	1	103019	101;301	180;1547						88:talent_ico_720002	1	300022;300003	3200;32000	1
10301908	8	2	103019	301;201;101;703	3094;155;180;0.05						88:talent_ico_720002	1	417100;300022;300003	24;4800;48000	1
10301909	9	1	103019	201;101	77;180						88:talent_ico_720002	1	300022;300003	3200;32000	1
10301910	10	1	103019	101;301	180;1547						88:talent_ico_720002	1	300022;300003	3200;32000	1
10301911	11	1	103019	301;201	1547;77						88:talent_ico_720002	1	300022;300003	2400;24000	1
10301912	12	3	103019				91015	1			88:talent_ico_71103019	1	417200;300022;300003	16;7200;72000	1
10301913	13	1	103019	301;201	2475;124						88:talent_ico_720003	1	300022;300003	4800;48000	1
10301914	14	1	103019	201;101	124;287						88:talent_ico_720003	1	300022;300003	4800;48000	1
10301915	15	1	103019	101;301	287;2475						88:talent_ico_720003	1	300022;300003	4800;48000	1
10301916	16	3	103019			10301912	92015	1	91015	1	88:talent_ico_72103019	1	417300;300022;300003	16;12000;120000	1
10301917	17	1	103019	101;301	180;1547						88:talent_ico_720002	1	300022;300003	3200;32000	1
10301918	18	1	103019	301;201	1547;77						88:talent_ico_720002	1	300022;300003	2400;24000	1
10301919	19	1	103019	201;101	77;180						88:talent_ico_720002	1	300022;300003	3200;32000	1
10301920	20	3	103019				93001	1			88:talent_ico_81103019	1	417200;300022;300003	16;7200;72000	1
10301921	21	1	103019	201;101	124;287						88:talent_ico_720003	1	300022;300003	4800;48000	1
10301922	22	1	103019	101;301	287;2475						88:talent_ico_720003	1	300022;300003	4800;48000	1
10301923	23	1	103019	301;201	2475;124						88:talent_ico_720003	1	300022;300003	4800;48000	1
10301924	24	2	103019	301;201;101;703	3713;186;216;0.08						88:talent_ico_720003	1	417200;300022;300003	16;7200;72000	1
10301925	25	1	103019	101;301	287;2475						88:talent_ico_720003	1	300022;300003	4800;48000	1
10301926	26	1	103019	301;201	2475;124						88:talent_ico_720003	1	300022;300003	4800;48000	1
10301927	27	1	103019	201;101	124;287						88:talent_ico_720003	1	300022;300003	4800;48000	1
10301928	28	3	103019			10301920	93002	1	93001	1	88:talent_ico_82103019	1	417300;300022;300003	16;12000;120000	1
10201801	1	1	102018	301;201	817;47						88:talent_ico_720001	1	300022;300003	2000;20000	1
10201802	2	1	102018	201;101	47;141						88:talent_ico_720001	1	300022;300003	2500;25000	1
10201803	3	1	102018	101;301	141;817						88:talent_ico_720001	1	300022;300003	2500;25000	1
10201804	4	2	102018	301;201;101;1501	1635;94;141;0.04						88:talent_ico_720001	1	417100;300022;300003	20;5000;50000	1
10201805	5	1	102018	301;201	1362;79						88:talent_ico_720002	1	300022;300003	3000;30000	1
10201806	6	1	102018	201;101	79;236						88:talent_ico_720002	1	300022;300003	4000;40000	1
10201807	7	1	102018	101;301	236;1362						88:talent_ico_720002	1	300022;300003	4000;40000	1
10201808	8	2	102018	301;201;101	2725;157;236;0.03						88:talent_ico_720002	1	417100;300022;300003	30;6000;60000	1
10201809	9	1	102018	201;101	79;236						88:talent_ico_720002	1	300022;300003	4000;40000	1
10201810	10	1	102018	101;301	236;1362						88:talent_ico_720002	1	300022;300003	4000;40000	1
10201811	11	1	102018	301;201	1362;79						88:talent_ico_720002	1	300022;300003	3000;30000	1
10201812	12	3	102018				91107008	1			88:talent_ico_71102018	1	417200;300022;300003	20;9000;90000	1
10201813	13	1	102018	301;201	2180;126						88:talent_ico_720003	1	300022;300003	6000;60000	1
10201814	14	1	102018	201;101	126;377						88:talent_ico_720003	1	300022;300003	6000;60000	1
10201815	15	1	102018	101;301	335;2599						88:talent_ico_720003	1	300022;300003	6000;60000	1
10201816	16	3	102018			10201812	92107008	1	91107008	1	88:talent_ico_72102018	1	417300;300022;300003	20;15000;150000	1
10201817	17	1	102018	101;301	210;1624						88:talent_ico_720002	1	300022;300003	4000;40000	1
10201818	18	1	102018	301;201	1624;81						88:talent_ico_720002	1	300022;300003	3000;30000	1
10201819	19	1	102018	201;101	81;210						88:talent_ico_720002	1	300022;300003	4000;40000	1
10201820	20	3	102018				93001	1			88:talent_ico_81102018	1	417200;300022;300003	20;9000;90000	1
10201821	21	1	102018	201;101	130;335						88:talent_ico_720003	1	300022;300003	6000;60000	1
10201822	22	1	102018	101;301	335;2599						88:talent_ico_720003	1	300022;300003	6000;60000	1
10201823	23	1	102018	301;201	2599;130						88:talent_ico_720003	1	300022;300003	6000;60000	1
10201824	24	2	102018	301;201;101	3899;195;283;200						88:talent_ico_720003	1	417200;300022;300003	20;9000;90000	1
10201825	25	1	102018	101;301	335;2599						88:talent_ico_720003	1	300022;300003	6000;60000	1
10201826	26	1	102018	301;201	2599;130						88:talent_ico_720003	1	300022;300003	6000;60000	1
10201827	27	1	102018	201;101	130;335						88:talent_ico_720003	1	300022;300003	6000;60000	1
10201828	28	3	102018			10201820	93002	1	93001	1	88:talent_ico_82102018	1	417300;300022;300003	20;15000;150000	1
10301701	1	1	103017	301;201	975;49						88:talent_ico_720001	1	300022;300003	2000;20000	1
10301702	2	1	103017	201;101	49;126						88:talent_ico_720001	1	300022;300003	2500;25000	1
10301703	3	1	103017	101;301	126;975						88:talent_ico_720001	1	300022;300003	2500;25000	1
10301704	4	2	103017	301;201;101;1501	1949;97;126;0.02						88:talent_ico_720001	1	417100;300022;300003	20;5000;50000	1
10301705	5	1	103017	301;201	1624;81						88:talent_ico_720002	1	300022;300003	3000;30000	1
10301706	6	1	103017	201;101	81;210						88:talent_ico_720002	1	300022;300003	4000;40000	1
10301707	7	1	103017	101;301	210;1624						88:talent_ico_720002	1	300022;300003	4000;40000	1
10301708	8	2	103017	301;201;101;1501	3249;162;210;0.04						88:talent_ico_720002	1	417100;300022;300003	30;6000;60000	1
10301709	9	1	103017	201;101	81;210						88:talent_ico_720002	1	300022;300003	4000;40000	1
10301710	10	1	103017	101;301	210;1624						88:talent_ico_720002	1	300022;300003	4000;40000	1
10301711	11	1	103017	301;201	1624;81						88:talent_ico_720002	1	300022;300003	3000;30000	1
10301712	12	3	103017				91015	1			88:talent_ico_71103017	1	417200;300022;300003	20;9000;90000	1
10301713	13	1	103017	301;201	2599;130						88:talent_ico_720003	1	300022;300003	6000;60000	1
10301714	14	1	103017	201;101	130;335						88:talent_ico_720003	1	300022;300003	6000;60000	1
10301715	15	1	103017	101;301	335;2599						88:talent_ico_720003	1	300022;300003	6000;60000	1
10301716	16	3	103017			10301712	92015	1	91015	1	88:talent_ico_72103017	1	417300;300022;300003	20;15000;150000	1
10301717	17	1	103017	101;301	210;1624						88:talent_ico_720002	1	300022;300003	4000;40000	1
10301718	18	1	103017	301;201	1624;81						88:talent_ico_720002	1	300022;300003	3000;30000	1
10301719	19	1	103017	201;101	81;210						88:talent_ico_720002	1	300022;300003	4000;40000	1
10301720	20	3	103017				93001	1			88:talent_ico_81103017	1	417200;300022;300003	20;9000;90000	1
10301721	21	1	103017	201;101	130;335						88:talent_ico_720003	1	300022;300003	6000;60000	1
10301722	22	1	103017	101;301	335;2599						88:talent_ico_720003	1	300022;300003	6000;60000	1
10301723	23	1	103017	301;201	2599;130						88:talent_ico_720003	1	300022;300003	6000;60000	1
10301724	24	2	103017	301;201;101;1501	3899;195;252;0.06						88:talent_ico_720003	1	417200;300022;300003	20;9000;90000	1
10301725	25	1	103017	101;301	335;2599						88:talent_ico_720003	1	300022;300003	6000;60000	1
10301726	26	1	103017	301;201	2599;130						88:talent_ico_720003	1	300022;300003	6000;60000	1
10301727	27	1	103017	201;101	130;335						88:talent_ico_720003	1	300022;300003	6000;60000	1
10301728	28	3	103017			10301720	93002	1	93001	1	88:talent_ico_82103017	1	417300;300022;300003	20;15000;150000	1
10400901	1	1	104009	301;201	778;45						88:talent_ico_720001	1	300022;300003	1600;16000	1
10400902	2	1	104009	201;101	45;126						88:talent_ico_720001	1	300022;300003	2000;20000	1
10400903	3	1	104009	101;301	126;778						88:talent_ico_720001	1	300022;300003	2000;20000	1
10400904	4	2	104009	301;201;101;703	1557;90;126;0.03						88:talent_ico_720001	1	417100;300022;300003	16;4000;40000	1
10400905	5	1	104009	301;201	1297;75						88:talent_ico_720002	1	300022;300003	2400;24000	1
10400906	6	1	104009	201;101	75;210						88:talent_ico_720002	1	300022;300003	3200;32000	1
10400907	7	1	104009	101;301	210;1297						88:talent_ico_720002	1	300022;300003	3200;32000	1
10400908	8	2	104009	301;201;101;703	2595;150;210;0.05						88:talent_ico_720002	1	417100;300022;300003	24;4800;48000	1
10400909	9	1	104009	201;101	75;210						88:talent_ico_720002	1	300022;300003	3200;32000	1
10400910	10	1	104009	101;301	210;1297						88:talent_ico_720002	1	300022;300003	3200;32000	1
10400911	11	1	104009	301;201	1297;75						88:talent_ico_720002	1	300022;300003	2400;24000	1
10400912	12	3	104009				91015	1			88:talent_ico_71103019	1	417200;300022;300003	16;7200;72000	1
10400913	13	1	104009	301;201	2076;120						88:talent_ico_720003	1	300022;300003	4800;48000	1
10400914	14	1	104009	201;101	120;335						88:talent_ico_720003	1	300022;300003	4800;48000	1
10400915	15	1	104009	101;301	287;2475						88:talent_ico_720003	1	300022;300003	4800;48000	1
10400916	16	3	104009			10400912	92015	1	91015	1	88:talent_ico_72103019	1	417300;300022;300003	16;12000;120000	1
10400917	17	1	104009	101;301	180;1547						88:talent_ico_720002	1	300022;300003	3200;32000	1
10400918	18	1	104009	301;201	1547;77						88:talent_ico_720002	1	300022;300003	2400;24000	1
10400919	19	1	104009	201;101	77;180						88:talent_ico_720002	1	300022;300003	3200;32000	1
10400920	20	3	104009				93001	1			88:talent_ico_81103019	1	417200;300022;300003	16;7200;72000	1
10400921	21	1	104009	201;101	124;287						88:talent_ico_720003	1	300022;300003	4800;48000	1
10400922	22	1	104009	101;301	287;2475						88:talent_ico_720003	1	300022;300003	4800;48000	1
10400923	23	1	104009	301;201	2475;124						88:talent_ico_720003	1	300022;300003	4800;48000	1
10400924	24	2	104009	301;201;101;703	3713;186;251;0.08						88:talent_ico_720003	1	417200;300022;300003	16;7200;72000	1
10400925	25	1	104009	101;301	287;2475						88:talent_ico_720003	1	300022;300003	4800;48000	1
10400926	26	1	104009	301;201	2475;124						88:talent_ico_720003	1	300022;300003	4800;48000	1
10400927	27	1	104009	201;101	124;287						88:talent_ico_720003	1	300022;300003	4800;48000	1
10400928	28	3	104009			10400920	93002	1	93001	1	88:talent_ico_82103019	1	417300;300022;300003	16;12000;120000	1
10601001	1	1	106010	301;201	928;46						88:talent_ico_720001	1	300022;300003	1600;16000	1
10601002	2	1	106010	201;101	46;108						88:talent_ico_720001	1	300022;300003	2000;20000	1
10601003	3	1	106010	101;301	108;928						88:talent_ico_720001	1	300022;300003	2000;20000	1
10601004	4	2	106010	301;201;101	1856;93;108						88:talent_ico_720001	1	417100;300022;300003	16;4000;40000	1
10601005	5	1	106010	301;201	1547;77						88:talent_ico_720002	1	300022;300003	2400;24000	1
10601006	6	1	106010	201;101	77;180						88:talent_ico_720002	1	300022;300003	3200;32000	1
10601007	7	1	106010	101;301	180;1547						88:talent_ico_720002	1	300022;300003	3200;32000	1
10601008	8	2	106010	301;201;101	3094;155;180						88:talent_ico_720002	1	417100;300022;300003	24;4800;48000	1
10601009	9	1	106010	201;101	77;180						88:talent_ico_720002	1	300022;300003	3200;32000	1
10601010	10	1	106010	101;301	180;1547						88:talent_ico_720002	1	300022;300003	3200;32000	1
10601011	11	1	106010	301;201	1547;77						88:talent_ico_720002	1	300022;300003	2400;24000	1
10601012	12	3	106010				91015	1			88:talent_ico_71103019	1	417200;300022;300003	16;7200;72000	1
10601013	13	1	106010	301;201	2475;124						88:talent_ico_720003	1	300022;300003	4800;48000	1
10601014	14	1	106010	201;101	124;287						88:talent_ico_720003	1	300022;300003	4800;48000	1
10601015	15	1	106010	101;301	287;2475						88:talent_ico_720003	1	300022;300003	4800;48000	1
10601016	16	3	106010			10601012	92015	1	91015	1	88:talent_ico_72103019	1	417300;300022;300003	16;12000;120000	1
10601017	17	1	106010	101;301	180;1547						88:talent_ico_720002	1	300022;300003	3200;32000	1
10601018	18	1	106010	301;201	1547;77						88:talent_ico_720002	1	300022;300003	2400;24000	1
10601019	19	1	106010	201;101	77;180						88:talent_ico_720002	1	300022;300003	3200;32000	1
10601020	20	3	106010				93001	1			88:talent_ico_81103019	1	417200;300022;300003	16;7200;72000	1
10601021	21	1	106010	201;101	124;287						88:talent_ico_720003	1	300022;300003	4800;48000	1
10601022	22	1	106010	101;301	287;2475						88:talent_ico_720003	1	300022;300003	4800;48000	1
10601023	23	1	106010	301;201	2475;124						88:talent_ico_720003	1	300022;300003	4800;48000	1
10601024	24	2	106010	301;201;101	3713;186;216						88:talent_ico_720003	1	417200;300022;300003	16;7200;72000	1
10601025	25	1	106010	101;301	287;2475						88:talent_ico_720003	1	300022;300003	4800;48000	1
10601026	26	1	106010	301;201	2475;124						88:talent_ico_720003	1	300022;300003	4800;48000	1
10601027	27	1	106010	201;101	124;287						88:talent_ico_720003	1	300022;300003	4800;48000	1
10601028	28	3	106010			10601020	93002	1	93001	1	88:talent_ico_82103019	1	417300;300022;300003	16;12000;120000	1
10700701	1	1	107007	201;101	47;104						88:talent_ico_720001	1	300022;300003	2000;20000	1
10700702	2	1	107007	101;301	104;1100						88:talent_ico_720001	1	300022;300003	2500;25000	1
10700703	3	1	107007	301;201	1100;47						88:talent_ico_720001	1	300022;300003	2500;25000	1
10700704	4	2	107007	201;101;301	94;208;2201						88:talent_ico_720001	1	417100;300022;300003	20;5000;50000	1
10700705	5	1	107007	201;101	79;173						88:talent_ico_720002	1	300022;300003	3000;30000	1
10700706	6	1	107007	101;301	173;1834						88:talent_ico_720002	1	300022;300003	4000;40000	1
10700707	7	1	107007	301;201	1834;79						88:talent_ico_720002	1	300022;300003	4000;40000	1
10700708	8	2	107007	201;101;301	157;346;3668						88:talent_ico_720002	1	417100;300022;300003	30;6000;60000	1
10700709	9	1	107007	101;301	173;1834						88:talent_ico_720002	1	300022;300003	4000;40000	1
10700710	10	1	107007	301;201	1834;79						88:talent_ico_720002	1	300022;300003	4000;40000	1
10700711	11	1	107007	201;101	79;173						88:talent_ico_720002	1	300022;300003	3000;30000	1
10700712	12	3	107007				91015	1			88:talent_ico_71103019	1	417200;300022;300003	20;9000;90000	1
10700713	13	1	107007	201;101	126;277						88:talent_ico_720003	1	300022;300003	6000;60000	1
10700714	14	1	107007	101;301	277;2934						88:talent_ico_720003	1	300022;300003	6000;60000	1
10700715	15	1	107007	301;201	2180;126						88:talent_ico_720003	1	300022;300003	6000;60000	1
10700716	16	3	107007			10700712	92015	1	91015	1	88:talent_ico_72103019	1	417300;300022;300003	20;15000;150000	1
10700717	17	1	107007	301;201	1362;79						88:talent_ico_720002	1	300022;300003	4000;40000	1
10700718	18	1	107007	201;101	79;220						88:talent_ico_720002	1	300022;300003	3000;30000	1
10700719	19	1	107007	101;301	220;1362						88:talent_ico_720002	1	300022;300003	4000;40000	1
10700720	20	3	107007				93001	1			88:talent_ico_81103019	1	417200;300022;300003	20;9000;90000	1
10700721	21	1	107007	101;301	352;2180						88:talent_ico_720003	1	300022;300003	6000;60000	1
10700722	22	1	107007	301;201	2180;126						88:talent_ico_720003	1	300022;300003	6000;60000	1
10700723	23	1	107007	201;101	126;352						88:talent_ico_720003	1	300022;300003	6000;60000	1
10700724	24	2	107007	201;101;301	189;528;4402						88:talent_ico_720003	1	417200;300022;300003	20;9000;90000	1
10700725	25	1	107007	301;201	2180;126						88:talent_ico_720003	1	300022;300003	6000;60000	1
10700726	26	1	107007	201;101	126;352						88:talent_ico_720003	1	300022;300003	6000;60000	1
10700727	27	1	107007	101;301	352;2180						88:talent_ico_720003	1	300022;300003	6000;60000	1
10700728	28	3	107007			10700720	93002	1	93001	1	88:talent_ico_82103019	1	417300;300022;300003	20;15000;150000	1
10800101	1	1	108001	301;201	817;47						88:talent_ico_720001	1	300022;300003	2000;20000	1
10800102	2	1	108001	201;101	47;132						88:talent_ico_720001	1	300022;300003	2500;25000	1
10800103	3	1	108001	101;301	132;817						88:talent_ico_720001	1	300022;300003	2500;25000	1
10800104	4	2	108001	301;201;101	1635;94;132						88:talent_ico_720001	1	417100;300022;300003	20;5000;50000	1
10800105	5	1	108001	301;201	1362;79						88:talent_ico_720002	1	300022;300003	3000;30000	1
10800106	6	1	108001	201;101	79;220						88:talent_ico_720002	1	300022;300003	4000;40000	1
10800107	7	1	108001	101;301	220;1362						88:talent_ico_720002	1	300022;300003	4000;40000	1
10800108	8	2	108001	301;201;101	2725;157;220						88:talent_ico_720002	1	417100;300022;300003	30;6000;60000	1
10800109	9	1	108001	201;101	79;220						88:talent_ico_720002	1	300022;300003	4000;40000	1
10800110	10	1	108001	101;301	220;1362						88:talent_ico_720002	1	300022;300003	4000;40000	1
10800111	11	1	108001	301;201	1362;79						88:talent_ico_720002	1	300022;300003	3000;30000	1
10800112	12	3	108001				91015	1			88:talent_ico_71103019	1	417200;300022;300003	20;9000;90000	1
10800113	13	1	108001	301;201	2180;126						88:talent_ico_720003	1	300022;300003	6000;60000	1
10800114	14	1	108001	201;101	126;352						88:talent_ico_720003	1	300022;300003	6000;60000	1
10800115	15	1	108001	101;301	352;2180						88:talent_ico_720003	1	300022;300003	6000;60000	1
10800116	16	3	108001			10800112	92015	1	91015	1	88:talent_ico_72103019	1	417300;300022;300003	20;15000;150000	1
10800117	17	1	108001	101;301	220;1362						88:talent_ico_720002	1	300022;300003	4000;40000	1
10800118	18	1	108001	301;201	1362;79						88:talent_ico_720002	1	300022;300003	3000;30000	1
10800119	19	1	108001	201;101	79;220						88:talent_ico_720002	1	300022;300003	4000;40000	1
10800120	20	3	108001				93001	1			88:talent_ico_81103019	1	417200;300022;300003	20;9000;90000	1
10800121	21	1	108001	201;101	126;352						88:talent_ico_720003	1	300022;300003	6000;60000	1
10800122	22	1	108001	101;301	352;2180						88:talent_ico_720003	1	300022;300003	6000;60000	1
10800123	23	1	108001	301;201	2180;126						88:talent_ico_720003	1	300022;300003	6000;60000	1
10800124	24	2	108001	301;201;101	3270;189;264						88:talent_ico_720003	1	417200;300022;300003	20;9000;90000	1
10800125	25	1	108001	101;301	352;2180						88:talent_ico_720003	1	300022;300003	6000;60000	1
10800126	26	1	108001	301;201	2180;126						88:talent_ico_720003	1	300022;300003	6000;60000	1
10800127	27	1	108001	201;101	126;352						88:talent_ico_720003	1	300022;300003	6000;60000	1
10800128	28	3	108001			10800120	93002	1	93001	1	88:talent_ico_82103019	1	417300;300022;300003	20;15000;150000	1
10600901	1	1	106009	301;201	975;49						88:talent_ico_720001	1	300022;300003	2000;20000	1
10600902	2	1	106009	201;101	49;126						88:talent_ico_720001	1	300022;300003	2500;25000	1
10600903	3	1	106009	101;301	126;975						88:talent_ico_720001	1	300022;300003	2500;25000	1
10600904	4	2	106009	301;201;101;1501	1949;97;126;0.02						88:talent_ico_720001	1	417100;300022;300003	20;5000;50000	1
10600905	5	1	106009	301;201	1624;81						88:talent_ico_720002	1	300022;300003	3000;30000	1
10600906	6	1	106009	201;101	81;210						88:talent_ico_720002	1	300022;300003	4000;40000	1
10600907	7	1	106009	101;301	210;1624						88:talent_ico_720002	1	300022;300003	4000;40000	1
10600908	8	2	106009	301;201;101;1501	3249;162;210;0.04						88:talent_ico_720002	1	417100;300022;300003	30;6000;60000	1
10600909	9	1	106009	201;101	81;210						88:talent_ico_720002	1	300022;300003	4000;40000	1
10600910	10	1	106009	101;301	210;1624						88:talent_ico_720002	1	300022;300003	4000;40000	1
10600911	11	1	106009	301;201	1624;81						88:talent_ico_720002	1	300022;300003	3000;30000	1
10600912	12	3	106009				91015	1			88:talent_ico_71103019	1	417200;300022;300003	20;9000;90000	1
10600913	13	1	106009	301;201	2599;130						88:talent_ico_720003	1	300022;300003	6000;60000	1
10600914	14	1	106009	201;101	130;335						88:talent_ico_720003	1	300022;300003	6000;60000	1
10600915	15	1	106009	101;301	335;2599						88:talent_ico_720003	1	300022;300003	6000;60000	1
10600916	16	3	106009			10600912	92015	1	91015	1	88:talent_ico_72103019	1	417300;300022;300003	20;15000;150000	1
10600917	17	1	106009	101;301	210;1624						88:talent_ico_720002	1	300022;300003	4000;40000	1
10600918	18	1	106009	301;201	1624;81						88:talent_ico_720002	1	300022;300003	3000;30000	1
10600919	19	1	106009	201;101	81;210						88:talent_ico_720002	1	300022;300003	4000;40000	1
10600920	20	3	106009				93001	1			88:talent_ico_81103019	1	417200;300022;300003	20;9000;90000	1
10600921	21	1	106009	201;101	130;335						88:talent_ico_720003	1	300022;300003	6000;60000	1
10600922	22	1	106009	101;301	335;2599						88:talent_ico_720003	1	300022;300003	6000;60000	1
10600923	23	1	106009	301;201	2599;130						88:talent_ico_720003	1	300022;300003	6000;60000	1
10600924	24	2	106009	301;201;101;1501	3899;195;252;0.06						88:talent_ico_720003	1	417200;300022;300003	20;9000;90000	1
10600925	25	1	106009	101;301	335;2599						88:talent_ico_720003	1	300022;300003	6000;60000	1
10600926	26	1	106009	301;201	2599;130						88:talent_ico_720003	1	300022;300003	6000;60000	1
10600927	27	1	106009	201;101	130;335						88:talent_ico_720003	1	300022;300003	6000;60000	1
10600928	28	3	106009			10600920	93002	1	93001	1	88:talent_ico_82103019	1	417300;300022;300003	20;15000;150000	1
10500401	1	1	105004	301;201	928;46						88:talent_ico_720001	1	300022;300003	1600;16000	1
10500402	2	1	105004	201;101	46;120						88:talent_ico_720001	1	300022;300003	2000;20000	1
10500403	3	1	105004	101;301	120;928						88:talent_ico_720001	1	300022;300003	2000;20000	1
10500404	4	2	105004	301;201;101;1501	1856;93;120;0.02						88:talent_ico_720001	1	417100;300022;300003	16;4000;40000	1
10500405	5	1	105004	301;201	1547;77						88:talent_ico_720002	1	300022;300003	2400;24000	1
10500406	6	1	105004	201;101	77;200						88:talent_ico_720002	1	300022;300003	3200;32000	1
10500407	7	1	105004	101;301	200;1547						88:talent_ico_720002	1	300022;300003	3200;32000	1
10500408	8	2	105004	301;201;101;1501	3094;155;200;0.04						88:talent_ico_720002	1	417100;300022;300003	24;4800;48000	1
10500409	9	1	105004	201;101	77;200						88:talent_ico_720002	1	300022;300003	3200;32000	1
10500410	10	1	105004	101;301	200;1547						88:talent_ico_720002	1	300022;300003	3200;32000	1
10500411	11	1	105004	301;201	1547;77						88:talent_ico_720002	1	300022;300003	2400;24000	1
10500412	12	3	105004				91015	1			88:talent_ico_71103019	1	417200;300022;300003	16;7200;72000	1
10500413	13	1	105004	301;201	2475;124						88:talent_ico_720003	1	300022;300003	4800;48000	1
10500414	14	1	105004	201;101	124;319						88:talent_ico_720003	1	300022;300003	4800;48000	1
10500415	15	1	105004	101;301	319;2475						88:talent_ico_720003	1	300022;300003	4800;48000	1
10500416	16	3	105004			10500412	92015	1	91015	1	88:talent_ico_72103019	1	417300;300022;300003	16;12000;120000	1
10500417	17	1	105004	101;301	200;1547						88:talent_ico_720002	1	300022;300003	3200;32000	1
10500418	18	1	105004	301;201	1547;77						88:talent_ico_720002	1	300022;300003	2400;24000	1
10500419	19	1	105004	201;101	77;200						88:talent_ico_720002	1	300022;300003	3200;32000	1
10500420	20	3	105004				93001	1			88:talent_ico_81103019	1	417200;300022;300003	16;7200;72000	1
10500421	21	1	105004	201;101	124;319						88:talent_ico_720003	1	300022;300003	4800;48000	1
10500422	22	1	105004	101;301	319;2475						88:talent_ico_720003	1	300022;300003	4800;48000	1
10500423	23	1	105004	301;201	2475;124						88:talent_ico_720003	1	300022;300003	4800;48000	1
10500424	24	2	105004	301;201;101;1501	3713;186;240;0.06						88:talent_ico_720003	1	417200;300022;300003	16;7200;72000	1
10500425	25	1	105004	101;301	319;2475						88:talent_ico_720003	1	300022;300003	4800;48000	1
10500426	26	1	105004	301;201	2475;124						88:talent_ico_720003	1	300022;300003	4800;48000	1
10500427	27	1	105004	201;101	124;319						88:talent_ico_720003	1	300022;300003	4800;48000	1
10500428	28	3	105004			10500420	93002	1	93001	1	88:talent_ico_82103019	1	417300;300022;300003	16;12000;120000	1
10701001	1	1	107010	301;201	817;47						88:talent_ico_730001	1	300022;300003	2000;20000	1
10701002	2	1	107010	201;101	47;132						88:talent_ico_730001	1	300022;300003	2500;25000	1
10701003	3	1	107010	101;301	132;817						88:talent_ico_730001	1	300022;300003	2500;25000	1
10701004	4	2	107010	301;201;101;603	1635;94;132;0.02						88:talent_ico_730001	1	417100;300022;300003	20;5000;50000	1
10701005	5	1	107010	301;201	1362;79						88:talent_ico_730002	1	300022;300003	3000;30000	1
10701006	6	1	107010	201;101	79;220						88:talent_ico_730002	1	300022;300003	4000;40000	1
10701007	7	1	107010	101;301	220;1362						88:talent_ico_730002	1	300022;300003	4000;40000	1
10701008	8	2	107010	301;201;101;603	2725;157;220;0.03						88:talent_ico_730002	1	417100;300022;300003	30;6000;60000	1
10701009	9	1	107010	201;101	79;220						88:talent_ico_730002	1	300022;300003	4000;40000	1
10701010	10	1	107010	101;301	220;1362						88:talent_ico_730002	1	300022;300003	4000;40000	1
10701011	11	1	107010	301;201	1362;79						88:talent_ico_730002	1	300022;300003	3000;30000	1
10701012	12	3	107010				91015	1			88:talent_ico_71107010	1	417200;300022;300003	20;9000;90000	1
10701013	13	1	107010	301;201	2180;126						88:talent_ico_730003	1	300022;300003	6000;60000	1
10701014	14	1	107010	201;101	126;352						88:talent_ico_730003	1	300022;300003	6000;60000	1
10701015	15	1	107010	101;301	302;2599						88:talent_ico_730003	1	300022;300003	6000;60000	1
10701016	16	3	107010			10701012	92015	1	91015	1	88:talent_ico_72107010	1	417300;300022;300003	20;15000;150000	1
10701017	17	1	107010	101;301	189;1624						88:talent_ico_730002	1	300022;300003	4000;40000	1
10701018	18	1	107010	301;201	1624;81						88:talent_ico_730002	1	300022;300003	3000;30000	1
10701019	19	1	107010	201;101	81;189						88:talent_ico_730002	1	300022;300003	4000;40000	1
10701020	20	3	107010				91107010	1			88:talent_ico_81107010	1	417200;300022;300003	20;9000;90000	1
10701021	21	1	107010	201;101	130;302						88:talent_ico_730003	1	300022;300003	6000;60000	1
10701022	22	1	107010	101;301	302;2599						88:talent_ico_730003	1	300022;300003	6000;60000	1
10701023	23	1	107010	301;201	2599;130						88:talent_ico_730003	1	300022;300003	6000;60000	1
10701024	24	2	107010	301;201;101;603	3899;195;264;0.03						88:talent_ico_730003	1	417200;300022;300003	20;9000;90000	1
10701025	25	1	107010	101;301	302;2599						88:talent_ico_730003	1	300022;300003	6000;60000	1
10701026	26	1	107010	301;201	2599;130						88:talent_ico_730003	1	300022;300003	6000;60000	1
10701027	27	1	107010	201;101	130;302						88:talent_ico_730003	1	300022;300003	6000;60000	1
10701028	28	3	107010			10701020	92107010	1	91107010	1	88:talent_ico_82107010	1	417300;300022;300003	20;15000;150000	1
10800601	1	1	108006	101;201	94;55						88:talent_ico_720001	1	300022;300003	2000;20000	1
10800602	2	1	108006	201;301	55;1258						88:talent_ico_720001	1	300022;300003	2500;25000	1
10800603	3	1	108006	301;101	1258;94						88:talent_ico_720001	1	300022;300003	2500;25000	1
10800604	4	2	108006	101;201;301;903	189;110;1258;0.08						88:talent_ico_720001	1	417100;300022;300003	20;5000;50000	1
10800605	5	1	108006	101;201	157;92						88:talent_ico_720002	1	300022;300003	3000;30000	1
10800606	6	1	108006	201;301	92;2096						88:talent_ico_720002	1	300022;300003	4000;40000	1
10800607	7	1	108006	301;101	2096;157						88:talent_ico_720002	1	300022;300003	4000;40000	1
10800608	8	2	108006	101;201;301;1502	314;183;2096;-0.06						88:talent_ico_720002	1	417100;300022;300003	30;6000;60000	1
10800609	9	1	108006	201;301	92;2096						88:talent_ico_720002	1	300022;300003	4000;40000	1
10800610	10	1	108006	301;101	2096;157						88:talent_ico_720002	1	300022;300003	4000;40000	1
10800611	11	1	108006	101;201	157;92						88:talent_ico_720002	1	300022;300003	3000;30000	1
10800612	12	3	108006				110800613;110800614	1;1			88:talent_ico_71108006	1	417200;300022;300003	20;9000;90000	1
10800613	13	1	108006	101;201	252;147						88:talent_ico_720003	1	300022;300003	6000;60000	1
10800614	14	1	108006	201;301	147;3354						88:talent_ico_720003	1	300022;300003	6000;60000	1
10800615	15	1	108006	301;101	3354;252						88:talent_ico_720003	1	300022;300003	6000;60000	1
10800616	16	3	108006			10800612	110800613;110800614	2;2	110800613;110800614	1;1	88:talent_ico_72108006	1	417300;300022;300003	20;15000;150000	1
10800617	17	1	108006	301;101	2096;157						88:talent_ico_720002	1	300022;300003	4000;40000	1
10800618	18	1	108006	101;201	157;92						88:talent_ico_720002	1	300022;300003	3000;30000	1
10800619	19	1	108006	201;301	92;2096						88:talent_ico_720002	1	300022;300003	4000;40000	1
10800620	20	3	108006				91019	1			88:talent_ico_81108006	1	417200;300022;300003	20;9000;90000	1
10800621	21	1	108006	201;301	147;3354						88:talent_ico_720003	1	300022;300003	6000;60000	1
10800622	22	1	108006	301;101	3354;252						88:talent_ico_720003	1	300022;300003	6000;60000	1
10800623	23	1	108006	101;201	252;147						88:talent_ico_720003	1	300022;300003	6000;60000	1
10800624	24	2	108006	101;201;301;2502	377;220;2515;0.04						88:talent_ico_720003	1	417200;300022;300003	20;9000;90000	1
10800625	25	1	108006	301;101	3354;252						88:talent_ico_720003	1	300022;300003	6000;60000	1
10800626	26	1	108006	101;201	252;147						88:talent_ico_720003	1	300022;300003	6000;60000	1
10800627	27	1	108006	201;301	147;3354						88:talent_ico_720003	1	300022;300003	6000;60000	1
10800628	28	3	108006			10800620	92019	1	91019	1	88:talent_ico_82108006	1	417300;300022;300003	20;15000;150000	1
10800701	1	1	108007	301;201	928;46						88:talent_ico_720001	1	300022;300003	1600;16000	1
10800702	2	1	108007	201;101	46;114						88:talent_ico_720001	1	300022;300003	2000;20000	1
10800703	3	1	108007	101;301	114;928						88:talent_ico_720001	1	300022;300003	2000;20000	1
10800704	4	2	108007	301;201;101;1501	1856;93;114;0.02						88:talent_ico_720001	1	417100;300022;300003	16;4000;40000	1
10800705	5	1	108007	301;201	1547;77						88:talent_ico_720002	1	300022;300003	2400;24000	1
10800706	6	1	108007	201;101	77;190						88:talent_ico_720002	1	300022;300003	3200;32000	1
10800707	7	1	108007	101;301	190;1547						88:talent_ico_720002	1	300022;300003	3200;32000	1
10800708	8	2	108007	301;201;101;1501	3094;155;190;0.04						88:talent_ico_720002	1	417100;300022;300003	24;4800;48000	1
10800709	9	1	108007	201;101	77;190						88:talent_ico_720002	1	300022;300003	3200;32000	1
10800710	10	1	108007	101;301	190;1547						88:talent_ico_720002	1	300022;300003	3200;32000	1
10800711	11	1	108007	301;201	1547;77						88:talent_ico_720002	1	300022;300003	2400;24000	1
10800712	12	3	108007				91015	1			88:talent_ico_71108007	1	417200;300022;300003	16;7200;72000	1
10800713	13	1	108007	301;201	2475;124						88:talent_ico_720003	1	300022;300003	4800;48000	1
10800714	14	1	108007	201;101	124;303						88:talent_ico_720003	1	300022;300003	4800;48000	1
10800715	15	1	108007	101;301	335;2076						88:talent_ico_720003	1	300022;300003	4800;48000	1
10800716	16	3	108007			10800712	92015	1	91015	1	88:talent_ico_72108007	1	417300;300022;300003	16;12000;120000	1
10800717	17	1	108007	101;301	210;1297						88:talent_ico_720002	1	300022;300003	3200;32000	1
10800718	18	1	108007	301;201	1297;75						88:talent_ico_720002	1	300022;300003	2400;24000	1
10800719	19	1	108007	201;101	75;210						88:talent_ico_720002	1	300022;300003	3200;32000	1
10800720	20	3	108007				93001	1			88:talent_ico_81108007	1	417200;300022;300003	16;7200;72000	1
10800721	21	1	108007	201;101	120;335						88:talent_ico_720003	1	300022;300003	4800;48000	1
10800722	22	1	108007	101;301	335;2076						88:talent_ico_720003	1	300022;300003	4800;48000	1
10800723	23	1	108007	301;201	2076;120						88:talent_ico_720003	1	300022;300003	4800;48000	1
10800724	24	2	108007	301;201;101;1501	3114;180;228;0.06						88:talent_ico_720003	1	417200;300022;300003	16;7200;72000	1
10800725	25	1	108007	101;301	335;2076						88:talent_ico_720003	1	300022;300003	4800;48000	1
10800726	26	1	108007	301;201	2076;120						88:talent_ico_720003	1	300022;300003	4800;48000	1
10800727	27	1	108007	201;101	120;335						88:talent_ico_720003	1	300022;300003	4800;48000	1
10800728	28	3	108007			10800720	93002	1	93001	1	88:talent_ico_82108007	1	417300;300022;300003	16;12000;120000	1
10601101	1	1	106011	301;201	817;47						88:talent_ico_730001	1	300022;300003	2000;20000	1
10601102	2	1	106011	201;101	47;132						88:talent_ico_730001	1	300022;300003	2500;25000	1
10601103	3	1	106011	101;301	132;817						88:talent_ico_730001	1	300022;300003	2500;25000	1
10601104	4	2	106011	301;201;101;703	1635;94;132;0.03						88:talent_ico_730001	1	417100;300022;300003	20;5000;50000	1
10601105	5	1	106011	301;201	1362;79						88:talent_ico_730002	1	300022;300003	3000;30000	1
10601106	6	1	106011	201;101	79;220						88:talent_ico_730002	1	300022;300003	4000;40000	1
10601107	7	1	106011	101;301	220;1362						88:talent_ico_730002	1	300022;300003	4000;40000	1
10601108	8	2	106011	301;201;101;703	2725;157;220;0.05						88:talent_ico_730002	1	417100;300022;300003	30;6000;60000	1
10601109	9	1	106011	201;101	79;220						88:talent_ico_730002	1	300022;300003	4000;40000	1
10601110	10	1	106011	101;301	220;1362						88:talent_ico_730002	1	300022;300003	4000;40000	1
10601111	11	1	106011	301;201	1362;79						88:talent_ico_730002	1	300022;300003	3000;30000	1
10601112	12	3	106011				91015	1			88:talent_ico_71106011	1	417200;300022;300003	20;9000;90000	1
10601113	13	1	106011	301;201	2180;126						88:talent_ico_730003	1	300022;300003	6000;60000	1
10601114	14	1	106011	201;101	126;352						88:talent_ico_730003	1	300022;300003	6000;60000	1
10601115	15	1	106011	101;301	352;2180						88:talent_ico_730003	1	300022;300003	6000;60000	1
10601116	16	3	106011			10601112	92015	1	91015	1	88:talent_ico_72106011	1	417300;300022;300003	20;15000;150000	1
10601117	17	1	106011	101;301	220;1362						88:talent_ico_730002	1	300022;300003	4000;40000	1
10601118	18	1	106011	301;201	1362;79						88:talent_ico_730002	1	300022;300003	3000;30000	1
10601119	19	1	106011	201;101	79;220						88:talent_ico_730002	1	300022;300003	4000;40000	1
10601120	20	3	106011				91026	1			88:talent_ico_81106011	1	417200;300022;300003	20;9000;90000	1
10601121	21	1	106011	201;101	126;352						88:talent_ico_730003	1	300022;300003	6000;60000	1
10601122	22	1	106011	101;301	352;2180						88:talent_ico_730003	1	300022;300003	6000;60000	1
10601123	23	1	106011	301;201	2180;126						88:talent_ico_730003	1	300022;300003	6000;60000	1
10601124	24	2	106011	301;201;101;703	3270;189;264;0.08						88:talent_ico_730003	1	417200;300022;300003	20;9000;90000	1
10601125	25	1	106011	101;301	352;2180						88:talent_ico_730003	1	300022;300003	6000;60000	1
10601126	26	1	106011	301;201	2180;126						88:talent_ico_730003	1	300022;300003	6000;60000	1
10601127	27	1	106011	201;101	126;352						88:talent_ico_730003	1	300022;300003	6000;60000	1
10601128	28	3	106011			10601120	92026	1	91026	1	88:talent_ico_82106011	1	417300;300022;300003	20;15000;150000	1
10900801	1	1	109008	301;201	817;47						88:talent_ico_720001	1	300022;300003	2000;20000	1
10900802	2	1	109008	201;101	47;132						88:talent_ico_720001	1	300022;300003	2500;25000	1
10900803	3	1	109008	101;301	132;817						88:talent_ico_720001	1	300022;300003	2500;25000	1
10900804	4	2	109008	301;201;101;603	1635;94;132;0.02						88:talent_ico_720001	1	417100;300022;300003	20;5000;50000	1
10900805	5	1	109008	301;201	1362;79						88:talent_ico_720002	1	300022;300003	3000;30000	1
10900806	6	1	109008	201;101	79;220						88:talent_ico_720002	1	300022;300003	4000;40000	1
10900807	7	1	109008	101;301	220;1362						88:talent_ico_720002	1	300022;300003	4000;40000	1
10900808	8	2	109008	301;201;101;603	2725;157;220;0.03						88:talent_ico_720002	1	417100;300022;300003	30;6000;60000	1
10900809	9	1	109008	201;101	79;220						88:talent_ico_720002	1	300022;300003	4000;40000	1
10900810	10	1	109008	101;301	220;1362						88:talent_ico_720002	1	300022;300003	4000;40000	1
10900811	11	1	109008	301;201	1362;79						88:talent_ico_720002	1	300022;300003	3000;30000	1
10900812	12	3	109008				91019	1			88:talent_ico_71109008	1	417200;300022;300003	20;9000;90000	1
10900813	13	1	109008	301;201	2180;126						88:talent_ico_720003	1	300022;300003	6000;60000	1
10900814	14	1	109008	201;101	126;352						88:talent_ico_720003	1	300022;300003	6000;60000	1
10900815	15	1	109008	101;301	352;2180						88:talent_ico_720003	1	300022;300003	6000;60000	1
10900816	16	3	109008			10900812	92019	1	91019	1	88:talent_ico_72109008	1	417300;300022;300003	20;15000;150000	1
10900817	17	1	109008	101;301	220;1362						88:talent_ico_720002	1	300022;300003	4000;40000	1
10900818	18	1	109008	301;201	1362;79						88:talent_ico_720002	1	300022;300003	3000;30000	1
10900819	19	1	109008	201;101	79;220						88:talent_ico_720002	1	300022;300003	4000;40000	1
10900820	20	3	109008				93001	1			88:talent_ico_81109008	1	417200;300022;300003	20;9000;90000	1
10900821	21	1	109008	201;101	126;352						88:talent_ico_720003	1	300022;300003	6000;60000	1
10900822	22	1	109008	101;301	352;2180						88:talent_ico_720003	1	300022;300003	6000;60000	1
10900823	23	1	109008	301;201	2180;126						88:talent_ico_720003	1	300022;300003	6000;60000	1
10900824	24	2	109008	301;201;101;603	3270;189;264;0.03						88:talent_ico_720003	1	417200;300022;300003	20;9000;90000	1
10900825	25	1	109008	101;301	352;2180						88:talent_ico_720003	1	300022;300003	6000;60000	1
10900826	26	1	109008	301;201	2180;126						88:talent_ico_720003	1	300022;300003	6000;60000	1
10900827	27	1	109008	201;101	126;352						88:talent_ico_720003	1	300022;300003	6000;60000	1
10900828	28	3	109008			10900820	93002	1	93001	1	88:talent_ico_82109008	1	417300;300022;300003	20;15000;150000	1
11100801	1	1	111008	301;201	928;46						88:talent_ico_720001	1	300022;300003	1600;16000	1
11100802	2	1	111008	201;101	46;120						88:talent_ico_720001	1	300022;300003	2000;20000	1
11100803	3	1	111008	101;301	120;928						88:talent_ico_720001	1	300022;300003	2000;20000	1
11100804	4	2	111008	301;201;101;1501	1856;93;120;0.02						88:talent_ico_720001	1	417100;300022;300003	16;4000;40000	1
11100805	5	1	111008	301;201	1547;77						88:talent_ico_720002	1	300022;300003	2400;24000	1
11100806	6	1	111008	201;101	77;200						88:talent_ico_720002	1	300022;300003	3200;32000	1
11100807	7	1	111008	101;301	200;1547						88:talent_ico_720002	1	300022;300003	3200;32000	1
11100808	8	2	111008	301;201;101;1501	3094;155;200;0.04						88:talent_ico_720002	1	417100;300022;300003	24;4800;48000	1
11100809	9	1	111008	201;101	77;200						88:talent_ico_720002	1	300022;300003	3200;32000	1
11100810	10	1	111008	101;301	200;1547						88:talent_ico_720002	1	300022;300003	3200;32000	1
11100811	11	1	111008	301;201	1547;77						88:talent_ico_720002	1	300022;300003	2400;24000	1
11100812	12	3	111008				91015	1			88:talent_ico_71111008	1	417200;300022;300003	16;7200;72000	1
11100813	13	1	111008	301;201	2475;124						88:talent_ico_720003	1	300022;300003	4800;48000	1
11100814	14	1	111008	201;101	124;319						88:talent_ico_720003	1	300022;300003	4800;48000	1
11100815	15	1	111008	101;301	319;2475						88:talent_ico_720003	1	300022;300003	4800;48000	1
11100816	16	3	111008			11100812	92015	1	91015	1	88:talent_ico_72111008	1	417300;300022;300003	16;12000;120000	1
11100817	17	1	111008	101;301	200;1547						88:talent_ico_720002	1	300022;300003	3200;32000	1
11100818	18	1	111008	301;201	1547;77						88:talent_ico_720002	1	300022;300003	2400;24000	1
11100819	19	1	111008	201;101	77;200						88:talent_ico_720002	1	300022;300003	3200;32000	1
11100820	20	3	111008				93001	1			88:talent_ico_81111008	1	417200;300022;300003	16;7200;72000	1
11100821	21	1	111008	201;101	124;319						88:talent_ico_720003	1	300022;300003	4800;48000	1
11100822	22	1	111008	101;301	319;2475						88:talent_ico_720003	1	300022;300003	4800;48000	1
11100823	23	1	111008	301;201	2475;124						88:talent_ico_720003	1	300022;300003	4800;48000	1
11100824	24	2	111008	301;201;101;1501	3713;186;240;0.06						88:talent_ico_720003	1	417200;300022;300003	16;7200;72000	1
11100825	25	1	111008	101;301	319;2475						88:talent_ico_720003	1	300022;300003	4800;48000	1
11100826	26	1	111008	301;201	2475;124						88:talent_ico_720003	1	300022;300003	4800;48000	1
11100827	27	1	111008	201;101	124;319						88:talent_ico_720003	1	300022;300003	4800;48000	1
11100828	28	3	111008			11100820	93002	1	93001	1	88:talent_ico_82111008	1	417300;300022;300003	16;12000;120000	1
10900201	1	1	109002	301;201	975;49						88:talent_ico_720001	1	300022;300003	2000;20000	1
10900202	2	1	109002	201;101	49;113						88:talent_ico_720001	1	300022;300003	2500;25000	1
10900203	3	1	109002	101;301	113;975						88:talent_ico_720001	1	300022;300003	2500;25000	1
10900204	4	2	109002	301;201;101;703	1949;97;113;0.03						88:talent_ico_720001	1	417100;300022;300003	20;5000;50000	1
10900205	5	1	109002	301;201	1624;81						88:talent_ico_720002	1	300022;300003	3000;30000	1
10900206	6	1	109002	201;101	81;189						88:talent_ico_720002	1	300022;300003	4000;40000	1
10900207	7	1	109002	101;301	189;1624						88:talent_ico_720002	1	300022;300003	4000;40000	1
10900208	8	2	109002	301;201;101;703	3249;162;189;0.05						88:talent_ico_720002	1	417100;300022;300003	30;6000;60000	1
10900209	9	1	109002	201;101	81;189						88:talent_ico_720002	1	300022;300003	4000;40000	1
10900210	10	1	109002	101;301	189;1624						88:talent_ico_720002	1	300022;300003	4000;40000	1
10900211	11	1	109002	301;201	1624;81						88:talent_ico_720002	1	300022;300003	3000;30000	1
10900212	12	3	109002				91015	1			88:talent_ico_71109002	1	417200;300022;300003	20;9000;90000	1
10900213	13	1	109002	301;201	2599;130						88:talent_ico_720003	1	300022;300003	6000;60000	1
10900214	14	1	109002	201;101	130;302						88:talent_ico_720003	1	300022;300003	6000;60000	1
10900215	15	1	109002	101;301	302;2599						88:talent_ico_720003	1	300022;300003	6000;60000	1
10900216	16	3	109002			10900212	92015	1	91015	1	88:talent_ico_72109002	1	417300;300022;300003	20;15000;150000	1
10900217	17	1	109002	101;301	189;1624						88:talent_ico_720002	1	300022;300003	4000;40000	1
10900218	18	1	109002	301;201	1624;81						88:talent_ico_720002	1	300022;300003	3000;30000	1
10900219	19	1	109002	201;101	81;189						88:talent_ico_720002	1	300022;300003	4000;40000	1
10900220	20	3	109002				93001	1			88:talent_ico_81109002	1	417200;300022;300003	20;9000;90000	1
10900221	21	1	109002	201;101	130;302						88:talent_ico_720003	1	300022;300003	6000;60000	1
10900222	22	1	109002	101;301	302;2599						88:talent_ico_720003	1	300022;300003	6000;60000	1
10900223	23	1	109002	301;201	2599;130						88:talent_ico_720003	1	300022;300003	6000;60000	1
10900224	24	2	109002	301;201;101;703	3899;195;226;0.08						88:talent_ico_720003	1	417200;300022;300003	20;9000;90000	1
10900225	25	1	109002	101;301	302;2599						88:talent_ico_720003	1	300022;300003	6000;60000	1
10900226	26	1	109002	301;201	2599;130						88:talent_ico_720003	1	300022;300003	6000;60000	1
10900227	27	1	109002	201;101	130;302						88:talent_ico_720003	1	300022;300003	6000;60000	1
10900228	28	3	109002			10900220	93002	1	93001	1	88:talent_ico_82109002	1	417300;300022;300003	20;15000;150000	1
11100201	1	1	111002	201;101	47;94						88:talent_ico_720001	1	300022;300003	2000;20000	1
11100202	2	1	111002	101;301	94;1415						88:talent_ico_720001	1	300022;300003	2500;25000	1
11100203	3	1	111002	301;201	1415;47						88:talent_ico_720001	1	300022;300003	2500;25000	1
11100204	4	2	111002	201;101;301	94;189;2830;0.02						88:talent_ico_720001	1	417100;300022;300003	20;5000;50000	1
11100205	5	1	111002	201;101	79;157						88:talent_ico_720002	1	300022;300003	3000;30000	1
11100206	6	1	111002	101;301	157;2358						88:talent_ico_720002	1	300022;300003	4000;40000	1
11100207	7	1	111002	301;201	2358;79						88:talent_ico_720002	1	300022;300003	4000;40000	1
11100208	8	2	111002	201;101;301	157;314;4716;0.04						88:talent_ico_720002	1	417100;300022;300003	30;6000;60000	1
11100209	9	1	111002	101;301	157;2358						88:talent_ico_720002	1	300022;300003	4000;40000	1
11100210	10	1	111002	301;201	2358;79						88:talent_ico_720002	1	300022;300003	4000;40000	1
11100211	11	1	111002	201;101	79;157						88:talent_ico_720002	1	300022;300003	3000;30000	1
11100212	12	3	111002				91015	1			88:talent_ico_71111002	1	417200;300022;300003	20;9000;90000	1
11100213	13	1	111002	201;101	126;252						88:talent_ico_720003	1	300022;300003	6000;60000	1
11100214	14	1	111002	101;301	252;3773						88:talent_ico_720003	1	300022;300003	6000;60000	1
11100215	15	1	111002	301;201	3773;126						88:talent_ico_720003	1	300022;300003	6000;60000	1
11100216	16	3	111002			11100212	92015	1	91015	1	88:talent_ico_72111002	1	417300;300022;300003	20;15000;150000	1
11100217	17	1	111002	301;201	2358;79						88:talent_ico_720002	1	300022;300003	4000;40000	1
11100218	18	1	111002	201;101	79;157						88:talent_ico_720002	1	300022;300003	3000;30000	1
11100219	19	1	111002	101;301	157;2358						88:talent_ico_720002	1	300022;300003	4000;40000	1
11100220	20	3	111002				93001	1			88:talent_ico_81111002	1	417200;300022;300003	20;9000;90000	1
11100221	21	1	111002	101;301	252;3773						88:talent_ico_720003	1	300022;300003	6000;60000	1
11100222	22	1	111002	301;201	3773;126						88:talent_ico_720003	1	300022;300003	6000;60000	1
11100223	23	1	111002	201;101	126;252						88:talent_ico_720003	1	300022;300003	6000;60000	1
11100224	24	2	111002	201;101;301	189;377;5659;0.04						88:talent_ico_720003	1	417200;300022;300003	20;9000;90000	1
11100225	25	1	111002	301;201	3773;126						88:talent_ico_720003	1	300022;300003	6000;60000	1
11100226	26	1	111002	201;101	126;252						88:talent_ico_720003	1	300022;300003	6000;60000	1
11100227	27	1	111002	101;301	252;3773						88:talent_ico_720003	1	300022;300003	6000;60000	1
11100228	28	3	111002			11100220	93002	1	93001	1	88:talent_ico_82111002	1	417300;300022;300003	20;15000;150000	1