npcId	role	maxSp	skinId	classId	mode	handbook	class	location	behavior	attribute	atkSkill1	atkSkill2	atkSkill3	atkSkill4	atkSkill5	atkSkill6	hitSkill	passiveSkill	weakness	ai	showPassive	enterTimeline	enterSfx	summonPool	summonData	roleId	characterId	catType	race	summonPriority	status
int	int	int	int	int	int	int	int	int	int	int	int	int	int	int	int	int	int	int	int	int	int	int	int	int	int	int	int	int	int	int	int
31290082	2	5	12900890	2101			2	3	2	2										monster/monster_01											1
31027011		5	30102701	1201	1027	1027	1	1	1	1	511027001						571027001			monster/monster_91000093_01											1
31027001		5	30102701	2101	1027	1027	1	1	1	1	511027001						571027001			monster/monster_91000091_01											1
31117008		5	11700851	2101	117008		1	2	2	3	71117008	72117008					73117008	1010003		monster/monster_10002											1
38010082		5	30801091	2101	8010		1	2	2	3	518010002	528010001	538010001	548010001			558010001			monster/monster_38010081_02											1
31002001		5	30100201	2101	1002	1002	1	2	1	1	511002001	521002001					571002001			monster/monster_01											1
31003001		5	30100301	2201	1003	1003	1	5	1	1	511003001	521003001					571003001			monster/monster_01											1
31004001		5	30100401	2101	1004	1004	1	3	1	1	511004001	521004001					571004001			monster/monster_01											1
31005001		5	30100501	2101	1005	1005	1	4	1	1	511005001	521005001					571005001			monster/monster_01											1
31006001		5	30100601	2101	1006	1006	1	4	1	1	511006001						571006001			monster/monster_01_oneskill											1
31006016		5	30100601	2101	1006	1006	1	4	1	1	511006001	521006002					571006001			monster/monster_01											1
31007001		5	30100701	2201	1007	1007	1	5	1	1	511007001	521007001					571007001			monster/monster_01											1
31009001		5	30100901	2301	1009	1009	1	1	1	1	511009001	521009001					571009001			monster/monster_01											1
31010001		5	30101001	2101	1010	1010	1	5	1	1	511010001	521010001					571010001			monster/monster_01											1
31011001		5	30101101	2101	1011	1011	1	5	1	1	511011001	521011001					571011001			monster/monster_01											1
31012001		5	30101201	2101	1012	1012	1	3	1	1	511012001	521012001					571012001			monster/monster_01											1
31013001		5	30101301	2101	1013	1013	1	4	1	1	511013001	521013001					571013001			monster/monster_01											1
31014001		5	30101401	2201	1014	1014	1	4	1	1	511014001	521014001					571014001			monster/monster_01											1
31015001		5	30101501	2101	1015	1015	1	2	1	1	511015001	521015001					571015001			monster/monster_01											1
31016001		5	30101601	2301	1016	1016	1	1	1	1	511016001	521016001					571016001			monster/monster_03											1
31017001		5	30101701	2101	1017	1017	1	5	1	1	511017001	521017001					571017001			monster/monster_01											1
31018001		5	30101801	2101	1018	1018	1	3	1	1	511018001	521018001					571018001			monster/monster_01											1
31019001		5	30101901	2101	1019	1019	1	4	1	1	511019001	521019001					571019001			monster/monster_01											1
31020001		5	30102001	2201	1020	1020	1	3	1	1	511020001	521020001					571020001			monster/monster_01											1
31021001		5	30102101	2101	1021	1021	1	3	1	1	511021001	521021001					571021001			monster/monster_01											1
31022001		5	30102201	2101	1022	1022	1	4	1	1	511022001	521022001					571022001			monster/monster_01											1
31023001		5	30102301	2101	1023	1023	1	3	1	1	511023001	521023001					571023001			monster/monster_01											1
31024001		5	30102401	2101	1024	1024	1	5	1	1	511024001	521024001					571024001			monster/monster_01											1
31028001		5	30102801	2101	1023	1023	1	3	1	1	511023001	521023001					571023001			monster/monster_01											1
31029001		5	30102901	2101	1024	1024	1	5	1	1	511024001	521024001					571024001			monster/monster_01											1
31025001		5	30102501	2101	1025	1025	1	5	1	1	511025001						571025001			monster/monster_31022001_001											1
31026001		5	30102601	2201	1026	1026	1	4	1	1	511026001	521026001					571026001			monster/monster_01											1
31030001		5	30103001	2101	1030	1030	1	3	1	1	511030001	521030002					571030001			monster/monster_01											1
31031001		5	30103101	2101	1031	1031	1	4	1	1	511031001	521031001					571031001			monster/monster_01											1
31040001		5	30104001	2101	1040	1040	1	2	1	1	511040001	521040003					571040001			monster/monster_01											1
31041001		5	30104101	2101	1041	1041	1	4	1	1	511041001	521041001					571041001	101041051		monster/monster_01											1
31042001		5	30104201	2301	1042	1042	1	1	1	1	511042001	521042001					571042001			monster/monster_01											1
31043001		5	30104301	2201	1043	1043	1	2	1	1	511043001	521043001					571043001			monster/monster_01											1
31044001		5	30104401	2301	1044	1044	1	3	1	1	511044001	521044001					571044001			monster/monster_01											1
31045001		5	30104501	2101	1045	1045	1	2	1	1	511045001	521045001					571045001			monster/monster_01											1
31046001		5	30104601	2101	1046	1046	1	5	1	1	511046001	521046001					571046001			monster/monster_01											1
31046011		5	30104601	2101	1046	1046	1	5	1	1	511046001	521046002					571046001			monster/monster_01											1
31050001		5	30105001	2201	1050	1050	1	4	1	1	511050001	521050001					571050001			monster/monster_01											1
31051001		5	30105101	2201	1051	1051	1	5	1	1	511051001	521051001					571051001			monster/monster_03											1
31052001		5	30105201	2101	1052	1052	1	2	1	1	511052001						571052001			monster/monster_01_oneskill											1
31053001		5	30105301	2101	1053	1053	1	4	1	1	511053001						571053001			monster/monster_01_oneskill											1
31056001		5	30105601	2201	1056	1056	1	3	1	1	511056001	521056001					571056001			monster/monster_01											1
31058001		5	30105801	2101	1058	1058	1	3	1	1	511058001	521058001					571058001			monster/monster_01											1
31059001		5	30105901	2301	1059	1059	1	4	1	1	511059003	521059001					571059001			monster/monster_01											1
31060001		5	30106001	2101	1060	1060	1	2	1	1	511060001	521060001					571060001			monster/monster_01											1
31102001		5	30110201	2101	1102	1102	1	4	1	1	511102001	521102001					571102001			monster/monster_01											1
31103001		5	30110301	2101	1103	1103	1	3	1	1	511103001	521103001					571103001			monster/monster_01											1
31104001		5	30110401	2301	1104	1104	1	2	1	1	511104001	521104001					571104001			monster/monster_01											1
31054001		5	30105401	2101	1054	1054	1	2	1	1	511054001	521054001					571054001			monster/monster_01											1
31055001		5	30105501	2101	1055	1055	1	2	1	1	511055001	521055001					571055001			monster/monster_01											1
34002001		5	30400201	4101	4002	4002	2	4	2	1	514002001	524002001	534002001	544002001			574002001	100000051		monster/monster_34002001_01											1
34001001		5	30400101	4101	4001	4001	2	4	2	1	514001001	524001001	534001001	544001001			574001001	100000051		monster/monster_34001001_01											1
34003001		5	30400301	4101	4003	4003	2	2	2	1	514003001	524003001	534003001	544003001			574003001	100000051		monster/monster_34003001_01											1
34004001		5	30400401	4101	4004	4004	2	2	2	1	514004001	524004001	534004001				574004001	100000051		monster/monster_34004001_01											1
34005001		5	30400501	4101	4005	4005	2	4	2	1	514005001	524005001	534005001	544005001	554005001	564005001	574005001	100000051;104021060		monster/monster_34005001_01											1
34006001		5	30400601	4101	4006	4006	2	4	2	1	514006001	524006001	534006001				574006001	100000051		monster/monster_34006001_01											1
34006008		5	30400601	2101	4006	4006	2	4	2	1	514006001	524006001	534006001				574006001	100000051		monster/monster_34006001_01											1
34007001		5	30400701	4101	4007	4007	2	4	2	1	514007001	524007001	534007001				574007001	100000051		monster/monster_34007001_01											1
34008001		5	30400801	4301	4008	4008	2	2	2	1	514008001	524008001	534008001				574008001	100000051		monster/monster_34008001_01											1
34009001		5	30400901	4101	4009	4009	2	2	2	1	514009001	524009001	534009001	544009001	554009001	564009001	574009001	100000051		monster/monster_34009001_01											1
34010001		5	30401001	4101	4010	4010	2	2	2	1	514010001	524010001	534010001				574010001	100000051;104021060		monster/monster_34010001_01											1
34014001		5	30401401	4201	4014	4014	2	5	2	1	514014001	524014001					574014001	100000051		monster/monster_34014001_01											1
34015001		3	30501501	4301	1026	1026	2	5	2	1	514015001	524015001					574015001	100000051;104021060		monster/monster_34015001_01											1
34016001		5	30401601	4101	4016	4016	2	2	2	1	514016001	524016001	534016001				574016001	100000051		monster/monster_34016001_01											1
34017001		5	30401701	4201	4017	4017	2	5	2	1	514017001	524017001	534017001				574017001	100000051		monster/monster_34017001_01											1
34018001		5	30401801	4101	4018	4018	2	5	2	1	514018001	524018001	534018001				574018001	100000051		monster/monster_34018001_01											1
34020001		5	30402001	4101	4020	4020	2	2	2	1	514020001	524020001	534020001				574020001	100000051		monster/monster_34020001_01											1
34021001		5	30402101	4101	4021	4021	2	2	2	1	514021001	524021001	534021001	544021001	554021001		574021001	100000051		monster/monster_34021001_01											1
34022001		5	30402201	4101	4022	4022	2	2	2	1	514022001	524022001					574022001	100000051		monster/monster_01_1cd											1
34025001		5	30402501	4201	4025	4025	2	2	2	1	514025001	524025001	534025001	544025001			574025001	100000051		monster/monster_34025001_01											1
34026001		5	30402601	4301	4026	4026	2	5	2	1	514026001	524026001	534026001				574026001	100000051		monster/monster_34026001_01											1
34030001		5	30403001	4101	4030	4030	2	2	2	1	514030001	524030001	534030001	544030001	554030001	564030001	574030001	100000051		monster/monster_34030001_01											1
34030011		5	30403001	4101	4030	4030	2	2	2	1	514030001	524030001	534030001	544030001	554030001	564030001	574030001	100000051		monster/monster_34030001_01_weak											1
34031001		5	30403101	4301	4031	4031	2	1	2	1	514031001	524031001	534031001	544031001	554031001	564031001	574031001	100000051		monster/monster_34031001_01											1
34031011		5	30403101	4301	4031	4031	2	1	2	1	514031001	524031001	534031003	544031001	554031001	564031001	574031001	100000051		monster/monster_34031001_01_weak											1
34033001		5	30403301	4101	4033	4033	2	3	2	1	514033001	524033001	534033001	544033001	554033001		574033001	100000051		monster/monster_34033001_01											1
34034001		5	30403401	4101	4034	4034	2	5	2	1	514034001	524034001	534034001				574034001	100000051		monster/monster_34034001_01											1
34035001		5	30403501	4101	4035	4035	2	4	2	1	514035001	524035001	534035001				574035001	100000051;104021060		monster/monster_34035001_01											1
34036001		5	30403601	4101	4036	4036	2	4	2	1	514036001	524036001	534036001				574036001	100000051		monster/monster_34036001_01											1
34037001		5	30403702	4101	4037	4037	2	3	2	1	514037001	524037001	534037001				574037001	100000051;104021060		monster/monster_34037001_01											1
34040001		5	30404001	4201	4040	4040	2	2	2	1	514040001	524040001	534040001				574040001	100000051		monster/monster_34040001_01											1
34041001		5	30404101	4101	4041	4041	2	4	2	1	514041001	524041001	534041001	544041001			574041001	100000051		monster/monster_34041001_01											1
34043001		5	30404301	4101	4043	4043	2	2	2	1	514043001	524043001					574043001	100000051		monster/monster_34043001_01											1
38001001		5	30800101	4101	8001	8001	2	2	2	1	518001001	528001001	538001001	548001001	558001001	568001001	578001001	100000051		monster/monster_38001001_01											1
38002001		5	30800201	4101	8002	8002	2	4	2	1	518002001	528002001	538002001	548002001	558002001	568002001	578002001	100000051		monster/monster_38002001_01											1
38002011		5	30800201	4101	8002	8002	2	4	2	1	518002001	528002001	538002001	548002001	558002001	568002001	578002001	100000051		monster/monster_38002001_01_weak											1
31150081	2	5	11500801	4101	115008	115008	2	4	2	1										monster/monster_01_1cd											1
31210081	2	5	12100890	4101	121008	121008	2	4	2	1										monster/monster_01_1cd											1
34023001		5	30402301	4101	4023	4023	2	2	2	1	514023001	524023001					574023001	100000051		monster/monster_01_1cd											1
31290081	2	5	12900890	4101	129008		2	3	2	2										monster/monster_01_1cd											1
31310081	2	5	13100890	4101	131008		2	3	2	2										monster/monster_01_1cd											1
38010081		5	30801090	4101	8010		2	2	2	3	518010001	528010001	538010001	548010001			558010001	100000051		monster/monster_38010081_01											1
34180101		5	30801041	4101	418010		2	2	2	5	518010101	528010101	538010101	548010101	558010101		568010101	100000052;104021062		monster/monster_34180101_01		418010_switch_timeline_01	418010_switch_tl								1
31270081	2	5	12700890	4101	127008		2	4	2	1										monster/monster_01_1cd											1
31110081	2	5	11100801	4301	111008	111008	1	1	2	1										monster/monster_01_1cd											1
31120081	2	5	11200801	4201	112008	112008	1	6	2	2										monster/monster_31120081_001											1
31005009		5	30100541	2101	1005	1005	1	4	1	1	511005002	521005002					571005002			monster/monster_01											1
31014009		5	30101441	2201	1014	1014	1	4	1	1	511014002	521014002					571014002			monster/monster_01											1
31023009		5	30102341	2101	1023	1023	1	3	1	1	511023002	521023002					571023002			monster/monster_01											1
31024009		5	30102441	2101	1024	1024	1	5	1	1	511024002	521024002					571024002			monster/monster_01											1
31010009		5	30101041	2101	1010	1010	1	5	1	1	511010002	521010002					571010002			monster/monster_01											1
31012009		5	30101201	2101	1012	1012	1	3	1	1	511012002	521012002					571012002			monster/monster_01											1
31018009		5	30101841	2101	1018	1018	1	3	1	1	511018002	521018002					571018002			monster/monster_01											1
31016009		5	30101641	2301	1016	1016	1	1	1	1	511016002	521016002					571016002			monster/monster_03											1
31022009		5	30102241	2101	1022	1022	1	4	1	1	511022002	521022002					571022002			monster/monster_01											1
31023010		5	30102343	2101	1023	1023	1	3	1	1	511023003	521023003					571023003			monster/monster_01											1
31024010		5	30102443	2101	1024	1024	1	5	1	1	511024003	521024003					571024003			monster/monster_01											1
31030009		5	30103041	2101	1030	1030	1	3	1	1	511030002	521030002					571030002			monster/monster_01											1
31031009		5	30103141	2101	1031	1031	1	4	1	1	511031002	521031002					571031002			monster/monster_01											1
31040009		5	30104041	2101	1040	1040	1	2	1	1	511040003	521040003					571040003			monster/monster_01											1
31020009		5	30102041	2201	1020	1020	1	3	1	1	511020002	521020002					571020002			monster/monster_01											1
31042009		5	30104241	2301	1042	1042	1	1	1	1	511042002	521042002					571042002			monster/monster_01											1
31043009		5	30104341	2201	1043	1043	1	2	1	1	511043002	521043002					571043002			monster/monster_01											1
31019009		5	30101941	2101	1019	1019	1	4	1	1	511019002	521019002					571019002			monster/monster_01											1
31052009		5	30105241	2101	1052	1052	1	2	1	1	511052002	521052002					571052002			monster/monster_01											1
31053009		5	30105342	2101	1053	1053	1	4	1	1	511053002	521053002					571053002			monster/monster_01											1
31060009		5	30106041	2101	1060	1060	1	2	1	1	511060002	521060002					571060002			monster/monster_01											1
31006009		5	30100641	2101	1006	1006	1	4	1	1	511006002	521006002					571006002			monster/monster_01											1
31050009		5	30105041	2201	1050	1050	1	4	1	1	511050002	521050002					571050002			monster/monster_01											1
31051009		5	30105141	2201	1051	1051	1	5	1	1	511051002	521051002					571051002			monster/monster_03											1
31017009		5	30101741	2101	1017	1017	1	5	1	1	511017002	521017002					571017002			monster/monster_01											1
31045009		5	30104541	2101	1045	1045	1	2	1	1	511045002	521045002					571045002			monster/monster_01											1
58003099		5	30800351	5101	8003	8003	1	1	3	2	518003001	528003001					578003001	100000052;1010006		monster/monster_58003001_01	100000052	8003_enter_timeline	8003_enter_tl								1
58003079		5	30800351	5101	8003	8003	1	1	3	2	518003001	528003001					578003003	100000052;1010006;104021056;104021057		monster/monster_58003001_01	100000052	8003_enter_timeline	8003_enter_tl								1
31002003		5	30100201	2103	1002	1002	1	2	1	1	511002001	521002001					571002001			monster/monster_01											1
31003003		5	30100301	2203	1003	1003	1	5	1	1	511003001	521003001					571003001			monster/monster_01											1
31004003		5	30100401	2103	1004	1004	1	3	1	1	511004001	521004001					571004001			monster/monster_01											1
31005003		5	30100501	2103	1005	1005	1	4	1	1	511005001						571005001			monster/monster_01_oneskill											1
31006003		5	30100601	2103	1006	1006	1	4	1	1	511006001						571006001			monster/monster_01_oneskill											1
31007003		5	30100701	2203	1007	1007	1	5	1	1	511007001	521007001					571007001			monster/monster_01											1
31009003		5	30100901	2303	1009	1009	1	1	1	1	511009001	521009001					571009001			monster/monster_01											1
31010003		5	30101001	2103	1010	1010	1	5	1	1	511010001	521010001					571010001			monster/monster_01											1
31011003		5	30101101	2103	1011	1011	1	5	1	1	511011001	521011001					571011001			monster/monster_01											1
31012003		5	30101201	2103	1012	1012	1	3	1	1	511012001	521012001					571012001			monster/monster_01											1
31013003		5	30101301	2103	1013	1013	1	4	1	1	511013001	521013001					571013001			monster/monster_01											1
31014003		5	30101401	2203	1014	1014	1	4	1	1	511014001	521014001					571014001			monster/monster_01											1
31015003		5	30101501	2103	1015	1015	1	2	1	1	511015001	521015001					571015001			monster/monster_01											1
31016003		5	30101601	2303	1016	1016	1	1	1	1	511016001	521016001					571016001			monster/monster_01											1
31017003		5	30101701	2103	1017	1017	1	5	1	1	511017001	521017001					571017001			monster/monster_01											1
31018003		5	30101801	2103	1018	1018	1	3	1	1	511018001	521018001					571018001			monster/monster_01											1
31019003		5	30101901	2103	1019	1019	1	4	1	1	511019001	521019001					571019001			monster/monster_01											1
31020003		5	30102001	2203	1020	1020	1	3	1	1	511020001	521020001					571020001			monster/monster_01											1
31021003		5	30102101	2103	1021	1021	1	3	1	1	511021001	521021001					571021001			monster/monster_01											1
31022003		5	30102201	2103	1022	1022	1	4	1	1	511022001	521022001					571022001			monster/monster_01											1
31023003		5	30102301	2103	1023	1023	1	3	1	1	511023001	521023001					571023001			monster/monster_01											1
31024003		5	30102401	2103	1024	1024	1	5	1	1	511024001	521024001					571024001			monster/monster_01											1
31025003		5	30102501	2103	1025	1025	1	5	1	1	511025001						571025001			monster/monster_31022001_001											1
31026003		5	30102601	2203	1026	1026	1	4	1	1	511026001	521026001					571026001			monster/monster_01											1
31030003		5	30103001	2103	1030	1030	1	3	1	1	511030001						571030001			monster/monster_01_oneskill											1
31031003		5	30103101	2103	1031	1031	1	4	1	1	511031001	521031001					571031001			monster/monster_01											1
31040003		5	30104001	2103	1040	1040	1	2	1	1	511040001						571040001			monster/monster_01_oneskill											1
31041003		5	30104101	2103	1041	1041	1	4	1	1	511041001	521041001					571041001			monster/monster_01											1
31042003		5	30104201	2303	1042	1042	1	1	1	1	511042001	521042001					571042001			monster/monster_01											1
31043003		5	30104301	2203	1043	1043	1	2	1	1	511043001	521043001					571043001			monster/monster_01											1
31044003		5	30104401	2303	1044	1044	1	3	1	1	511044001	521044001					571044001			monster/monster_01											1
31045003		5	30104501	2103	1045	1045	1	2	1	1	511045001	521045001					571045001			monster/monster_01											1
31046003		5	30104601	2103	1046	1046	1	5	1	1	511046001	521046001					571046001			monster/monster_01											1
31050003		5	30105001	2203	1050	1050	1	4	1	1	511050001	521050001					571050001			monster/monster_01											1
31051003		5	30105101	2203	1051	1051	1	5	1	1	511051001	521051001					571051001			monster/monster_01											1
31052003		5	30105201	2103	1052	1052	1	2	1	1	511052001						571052001			monster/monster_01_oneskill											1
31053003		5	30105301	2103	1053	1053	1	4	1	1	511053001						571053001			monster/monster_01_oneskill											1
31056003		5	30105601	2203	1056	1056	1	3	1	1	511056001	521056001					571056001			monster/monster_01											1
31058003		5	30105801	2103	1058	1058	1	3	1	1	511058001	521058001					571058001			monster/monster_01											1
31059003		5	30105901	2303	1059	1059	1	4	1	1	511059003	521059001					571059001			monster/monster_01											1
31060003		5	30106001	2103	1060	1060	1	2	1	1	511060001	521060001					571060001			monster/monster_01											1
31102003		5	30110201	2103	1102	1102	1	4	1	1	511102001	521102001					571102001			monster/monster_01											1
31103003		5	30110301	2103	1103	1103	1	3	1	1	511103001	521103001					571103001			monster/monster_01											1
31104003		5	30110401	2303	1104	1104	1	2	1	1	511104001	521104001					571104001			monster/monster_01											1
31054003		5	30105401	2103	1054	1054	1	2	1	1	511054001	521054001					571054001			monster/monster_01											1
31055003		5	30105501	2103	1055	1055	1	2	1	1	511055001	521055001					571055001			monster/monster_01											1
34002003		5	30400201	3103	4002	4002	2	4	2	1	514002001	524002001	534002001	544002001			574002001	100000051		monster/monster_01											1
34001003		5	30400101	3103	4001	4001	2	4	2	1	514001001	524001001	534001001	544001001			574001001	100000051		monster/monster_01											1
34003003		5	30400301	3103	4003	4003	2	2	2	1	514003001	524003001	534003001	544003001			574003001	100000051		monster/monster_01											1
34004003		5	30400401	3103	4004	4004	2	2	2	1	514004001	524004001	534004001				574004001	100000051		monster/monster_01											1
34005003		5	30400501	3103	4005	4005	2	4	2	1	514005001	524005001	534005001	544005001	554005001	564005001	574005001	100000051;104021060		monster/monster_01											1
34006003		5	30400601	3103	4006	4006	2	4	2	1	514006001	524006001	534006001				574006001	100000051		monster/monster_01											1
34007003		5	30400701	3103	4007	4007	2	4	2	1	514007001	524007001	534007001				574007001	100000051		monster/monster_01											1
34008003		5	30400801	3303	4008	4008	2	2	2	1	514008001	524008001	534008001				574008001	100000051		monster/monster_01											1
34009003		5	30400901	3103	4009	4009	2	2	2	1	514009001	524009001	534009001	544009001	554009001	564009001	574009001	100000051		monster/monster_01											1
34010003		5	30401001	3103	4010	4010	2	2	2	1	514010001	524010001	534010001				574010001	100000051;104021060		monster/monster_01											1
34014003		5	30401401	3203	4014	4014	2	5	2	1	514014001	524014001					574014001	100000051		monster/monster_01											1
34015003		3	30501501	3303	1026	1026	2	5	2	1	514015001	524015001					574015001	100000051;104021060		monster/monster_01											1
34016003		5	30401601	3103	4016	4016	2	2	2	1	514016001	524016001	534016001				574016001	100000051		monster/monster_01											1
34017003		5	30401701	3203	4017	4017	2	5	2	1	514017001	524017001	534017001				574017001	100000051		monster/monster_01											1
34018003		5	30401801	3103	4018	4018	2	5	2	1	514018001	524018001	534018001				574018001	100000051		monster/monster_01											1
34020003		5	30402001	3103	4020	4020	2	2	2	1	514020001	524020001	534020001				574020001	100000051		monster/monster_01											1
34021003		5	30402101	3103	4021	4021	2	2	2	1	514021001	524021001	534021001	544021001	554021001		574021001	100000051		monster/monster_01											1
34022003		5	30402201	3103	4022	4022	2	2	2	1	514022001	524022001					574022001	100000051		monster/monster_01											1
34025003		5	30402501	3303	4025	4025	2	2	2	1	514025001	524025001	534025001	544025001			574025001	100000051		monster/monster_01											1
34026003		5	30402601	3203	4026	4026	2	5	2	1	514026001	524026001	534026001				574026001	100000051		monster/monster_01											1
34030003		5	30403001	3103	4030	4030	2	2	2	1	514030001	524030001	534030001	544030001	554030001	564030001	574030001	100000051		monster/monster_01											1
34031003		5	30403101	3303	4031	4031	2	1	2	1	514031001	524031001	534031001	544031001	554031001	564031001	574031001	100000051		monster/monster_01											1
34033003		5	30403301	3103	4033	4033	2	3	2	1	514033001	524033001	534033001	544033001	554033001		574033001	100000051		monster/monster_01											1
34034003		5	30403401	3103	4034	4034	2	5	2	1	514034001	524034001	534034001				574034001	100000051		monster/monster_01											1
34035003		5	30403501	3103	4035	4035	2	4	2	1	514035001	524035001	534035001				574035001	100000051;104021060		monster/monster_01											1
34036003		5	30403601	3103	4036	4036	2	4	3	1	514036001	524036001	534036001				574036001	100000051		monster/monster_01											1
34037003		5	30403701	3103	4037	4037	2	3	1	1	514037001	524037001	534037001				574037001	100000051;104021060		monster/monster_34037001_01											1
34040003		5	30404001	3203	4040	4040	2	2	2	1	514040001	524040001	534040001				574040001	100000051		monster/monster_01											1
34041003		5	30404101	3103	4041	4041	2	4	2	1	514041001	524041001	534041001	544041001			574041001	100000051		monster/monster_01											1
34043003		5	30404301	3103	4043	4043	2	2	2	1	514043001	524043001					574043001	100000051		monster/monster_01											1
38001003		5	30800101	3103	8001	8001	2	2	2	1	518001001	528001001	538001001	548001001	558001001	568001001	578001001	100000051		monster/monster_01											1
38002003		5	30800201	3103	8002	8002	2	4	2	1	518002001	528002001	538002001	548002001	558002001	568002001	578002001	100000051		monster/monster_01											1
34023003		5	30402301	3103	4023	4023	2	2	2	1	514023001	524023001					574023001	100000051		monster/monster_01											1
31005011		5	30100541	2101	1005	1005	1	4	1	1	511005002	521005002					571005002			monster/monster_01											1
31014011		5	30101441	2201	1014	1014	1	4	1	1	511014002	521014002					571014002			monster/monster_01											1
31023013		5	30102341	2101	1023	1023	1	3	1	1	511023002	521023002					571023002			monster/monster_01											1
31024013		5	30102441	2101	1024	1024	1	5	1	1	511024002	521024002					571024002			monster/monster_01											1
31010011		5	30101041	2101	1010	1010	1	5	1	1	511010002	521010002					571010002			monster/monster_01											1
31012011		5	30101201	2101	1012	1012	1	3	1	1	511012002	521012002					571012002			monster/monster_01											1
31018011		5	30101841	2101	1018	1018	1	3	1	1	511018002	521018002					571018002			monster/monster_01											1
31016011		5	30101641	2301	1016	1016	1	1	1	1	511016002	521016002					571016002			monster/monster_03											1
31022011		5	30102241	2101	1022	1022	1	4	1	1	511022002	521022002					571022002			monster/monster_01											1
31023014		5	30102343	2101	1023	1023	1	3	1	1	511023003	521023003					571023003			monster/monster_01											1
31024014		5	30102443	2101	1024	1024	1	5	1	1	511024003	521024003					571024003			monster/monster_01											1
31030011		5	30103041	2101	1030	1030	1	3	1	1	511030002	521030002					571030002			monster/monster_01											1
31031011		5	30103141	2101	1031	1031	1	4	1	1	511031002	521031002					571031002			monster/monster_01											1
31040011		5	30104041	2101	1040	1040	1	2	1	1	511040003	521040003					571040003			monster/monster_01											1
31020011		5	30102041	2201	1020	1020	1	3	1	1	511020002	521020002					571020002			monster/monster_01											1
31042011		5	30104241	2301	1042	1042	1	1	1	1	511042002	521042002					571042002			monster/monster_01											1
31043011		5	30104341	2201	1043	1043	1	2	1	1	511043002	521043002					571043002			monster/monster_01											1
31019011		5	30101941	2101	1019	1019	1	4	1	1	511019002	521019002					571019002			monster/monster_01											1
31052011		5	30105241	2101	1052	1052	1	2	1	1	511052002	521052002					571052002			monster/monster_01											1
31053011		5	30105342	2101	1053	1053	1	4	1	1	511053002	521053002					571053002			monster/monster_01											1
31060011		5	30106041	2101	1060	1060	1	2	1	1	511060002	521060002					571060002			monster/monster_01											1
31006011		5	30100641	2101	1006	1006	1	4	1	1	511006002	521006002					571006002			monster/monster_01											1
31050011		5	30105041	2201	1050	1050	1	4	1	1	511050002	521050002					571050002			monster/monster_01											1
31051011		5	30105141	2201	1051	1051	1	5	1	1	511051002	521051002					571051002			monster/monster_03											1
31017011		5	30101741	2101	1017	1017	1	5	1	1	511017002	521017002					571017002			monster/monster_01											1
31045011		5	30104541	2101	1045	1045	1	2	1	1	511045002	521045002					571045002			monster/monster_01											1
31002004		5	30100201	2104	1002	1002	1	2	1	1	511002001	521002001					571002001			monster/monster_01											1
31003004		5	30100301	2204	1003	1003	1	5	1	1	511003001	521003001					571003001			monster/monster_01											1
31004004		5	30100401	2104	1004	1004	1	3	1	1	511004001	521004001					571004001			monster/monster_01											1
31005004		5	30100501	2104	1005	1005	1	4	1	1	511005001	521005001					571005001			monster/monster_01											1
31006004		5	30100601	2104	1006	1006	1	4	1	1	511006001						571006001			monster/monster_01_oneskill											1
31007004		5	30100701	2204	1007	1007	1	5	1	1	511007001	521007001					571007001			monster/monster_01											1
31009004		5	30100901	2304	1009	1009	1	1	1	1	511009001	521009001					571009001			monster/monster_01											1
31010004		5	30101001	2104	1010	1010	1	5	1	1	511010001	521010001					571010001			monster/monster_01											1
31011004		5	30101101	2104	1011	1011	1	5	1	1	511011001	521011001					571011001			monster/monster_01											1
31012004		5	30101201	2104	1012	1012	1	3	1	1	511012001	521012001					571012001			monster/monster_01											1
31013004		5	30101301	2104	1013	1013	1	4	1	1	511013001	521013001					571013001			monster/monster_01											1
31014004		5	30101401	2204	1014	1014	1	4	1	1	511014001	521014001					571014001			monster/monster_01											1
31015004		5	30101501	2104	1015	1015	1	2	1	1	511015001	521015001					571015001			monster/monster_01											1
31016004		5	30101601	2304	1016	1016	1	1	1	1	511016001	521016001					571016001			monster/monster_01											1
31017004		5	30101701	2104	1017	1017	1	5	1	1	511017001	521017001					571017001			monster/monster_01											1
31018004		5	30101801	2104	1018	1018	1	3	1	1	511018001	521018001					571018001			monster/monster_01											1
31019004		5	30101901	2104	1019	1019	1	4	1	1	511019001	521019001					571019001			monster/monster_01											1
31020004		5	30102001	2204	1020	1020	1	3	1	1	511020001	521020001					571020001			monster/monster_01											1
31021004		5	30102101	2104	1021	1021	1	3	1	1	511021001	521021001					571021001			monster/monster_01											1
31022004		5	30102201	2104	1022	1022	1	4	1	1	511022001	521022001					571022001			monster/monster_01											1
31023004		5	30102301	2104	1023	1023	1	3	1	1	511023001	521023001					571023001			monster/monster_01											1
31024004		5	30102401	2104	1024	1024	1	5	1	1	511024001	521024001					571024001			monster/monster_01											1
31025004		5	30102501	2104	1025	1025	1	5	1	1	511025001						571025001			monster/monster_31022001_001											1
31026004		5	30102601	2204	1026	1026	1	4	1	1	511026001	521026001					571026001			monster/monster_01											1
31030004		5	30103001	2104	1030	1030	1	3	1	1	511030001						571030001			monster/monster_01_oneskill											1
31031004		5	30103101	2104	1031	1031	1	4	1	1	511031001	521031001					571031001			monster/monster_01											1
31040004		5	30104001	2104	1040	1040	1	2	1	1	511040001						571040001			monster/monster_01_oneskill											1
31041004		5	30104101	2104	1041	1041	1	4	1	1	511041001	521041001					571041001	101041051		monster/monster_01											1
31042004		5	30104201	2304	1042	1042	1	1	1	1	511042001	521042001					571042001			monster/monster_01											1
31043004		5	30104301	2204	1043	1043	1	2	1	1	511043001	521043001					571043001			monster/monster_01											1
31044004		5	30104401	2304	1044	1044	1	3	1	1	511044001	521044001					571044001			monster/monster_01											1
31045004		5	30104501	2104	1045	1045	1	2	1	1	511045001	521045001					571045001			monster/monster_01											1
31046004		5	30104601	2104	1046	1046	1	5	1	1	511046001	521046001					571046001			monster/monster_01											1
31050004		5	30105001	2204	1050	1050	1	4	1	1	511050001	521050001					571050001			monster/monster_01											1
31051004		5	30105101	2204	1051	1051	1	5	1	1	511051001	521051001					571051001			monster/monster_01											1
31052004		5	30105201	2104	1052	1052	1	2	1	1	511052001						571052001			monster/monster_01_oneskill											1
31053004		5	30105301	2104	1053	1053	1	4	1	1	511053001						571053001			monster/monster_01_oneskill											1
31056004		5	30105601	2204	1056	1056	1	3	1	1	511056001	521056001					571056001			monster/monster_01											1
31058004		5	30105801	2104	1058	1058	1	3	1	1	511058001	521058001					571058001			monster/monster_01											1
31059004		5	30105901	2304	1059	1059	1	4	1	1	511059003	521059001					571059001			monster/monster_01											1
31060004		5	30106001	2104	1060	1060	1	2	1	1	511060001	521060001					571060001			monster/monster_01											1
31102004		5	30110201	2104	1102	1102	1	4	1	1	511102001	521102001					571102001			monster/monster_01											1
31103004		5	30110301	2104	1103	1103	1	3	1	1	511103001	521103001					571103001			monster/monster_01											1
31104004		5	30110401	2304	1104	1104	1	2	1	1	511104001	521104001					571104001			monster/monster_01											1
31054004		5	30105401	2104	1054	1054	1	2	1	1	511054001	521054001					571054001			monster/monster_01											1
31055004		5	30105501	2104	1055	1055	1	2	1	1	511055001	521055001					571055001			monster/monster_01											1
34002004		5	30400201	3104	4002	4002	2	4	2	1	514002001	524002001	534002001	544002001			574002001	100000051		monster/monster_01											1
34001004		5	30400101	3104	4001	4001	2	4	2	1	514001001	524001001	534001001	544001001			574001001	100000051		monster/monster_01											1
34003004		5	30400301	3104	4003	4003	2	2	2	1	514003001	524003001	534003001	544003001			574003001	100000051		monster/monster_01											1
34004004		5	30400401	3104	4004	4004	2	2	2	1	514004001	524004001	534004001				574004001	100000051		monster/monster_01											1
34005004		5	30400501	3104	4005	4005	2	4	2	1	514005001	524005001	534005001	544005001	554005001	564005001	574005001	100000051;104021060		monster/monster_01											1
34006004		5	30400601	3104	4006	4006	2	4	2	1	514006001	524006001	534006001				574006001	100000051		monster/monster_01											1
34007004		5	30400701	3104	4007	4007	2	4	2	1	514007001	524007001	534007001				574007001	100000051		monster/monster_01											1
34008004		5	30400801	3304	4008	4008	2	2	2	1	514008001	524008001	534008001				574008001	100000051		monster/monster_01											1
34009004		5	30400901	3104	4009	4009	2	2	2	1	514009001	524009001	534009001	544009001	554009001	564009001	574009001	100000051		monster/monster_01											1
34010004		5	30401001	3104	4010	4010	2	2	2	1	514010001	524010001	534010001				574010001	100000051;104021060		monster/monster_01											1
34014004		5	30401401	3204	4014	4014	2	5	2	1	514014001	524014001					574014001	100000051		monster/monster_01											1
34015004		3	30401501	3304	1026	1026	2	5	2	1	514015001	524015001					574015001	100000051;104021060		monster/monster_01											1
34016004		5	30401601	3104	4016	4016	2	2	2	1	514016001	524016001	534016001				574016001	100000051		monster/monster_01											1
34017004		5	30401701	3204	4017	4017	2	5	2	1	514017001	524017001	534017001				574017001	100000051		monster/monster_01											1
34018004		5	30401801	3104	4018	4018	2	5	2	1	514018001	524018001	534018001				574018001	100000051		monster/monster_01											1
34020004		5	30402001	3104	4020	4020	2	2	2	1	514020001	524020001	534020001				574020001	100000051		monster/monster_01											1
34021004		5	30402101	3104	4021	4021	2	2	2	1	514021001	524021001	534021001	544021001	554021001		574021001	100000051		monster/monster_01											1
34022004		5	30402201	3104	4022	4022	2	2	2	1	514022001	524022001					574022001	100000051		monster/monster_01											1
34025004		5	30402501	3304	4025	4025	2	2	2	1	514025001	524025001	534025001	544025001			574025001	100000051		monster/monster_01											1
34026004		5	30402601	3204	4026	4026	2	5	2	1	514026001	524026001	534026001				574026001	100000051		monster/monster_01											1
34030004		5	30403001	3104	4030	4030	2	2	2	1	514030001	524030001	534030001	544030001	554030001	564030001	574030001	100000051		monster/monster_01											1
34031004		5	30403101	3304	4031	4031	2	1	2	1	514031001	524031001	534031001	544031001	554031001	564031001	574031001	100000051		monster/monster_01											1
34033004		5	30403301	3104	4033	4033	2	3	2	1	514033001	524033001	534033001	544033001	554033001		574033001	100000051		monster/monster_01											1
34034004		5	30403401	3104	4034	4034	2	5	2	1	514034001	524034001	534034001				574034001	100000051		monster/monster_01											1
34035004		5	30403501	3104	4035	4035	2	4	2	1	514035001	524035001	534035001				574035001	100000051;104021060		monster/monster_01											1
34036004		5	30403601	3104	4036	4036	2	4	4	1	514036001	524036001	534036001				574036001	100000051		monster/monster_01											1
34037004		5	30403701	3104	4037	4037	2	3	2	1	514037001	524037001	534037001				574037001	100000051;104021060		monster/monster_34037001_01											1
34040004		5	30404001	3204	4040	4040	2	2	2	1	514040001	524040001	534040001				574040001	100000051		monster/monster_01											1
34041004		5	30404101	3104	4041	4041	2	4	2	1	514041001	524041001	534041001	544041001			574041001	100000051		monster/monster_01											1
34043004		5	30404301	3104	4043	4043	2	2	2	1	514043001	524043001					574043001	100000051		monster/monster_01											1
38001004		5	30800101	3104	8001	8001	2	2	2	1	518001001	528001001	538001001	548001001	558001001	568001001	578001001	100000051		monster/monster_01											1
38002004		5	30800201	3104	8002	8002	2	4	2	1	518002001	528002001	538002001	548002001	558002001	568002001	578002001	100000051		monster/monster_01											1
34023004		5	30402301	3104	4023	4023	2	2	2	1	514023001	524023001					574023001	100000051		monster/monster_01											1
31005012		5	30100541	2101	1005	1005	1	4	1	1	511005002	521005002					571005002			monster/monster_01											1
31014012		5	30101441	2201	1014	1014	1	4	1	1	511014002	521014002					571014002			monster/monster_01											1
31023015		5	30102341	2101	1023	1023	1	3	1	1	511023002	521023002					571023002			monster/monster_01											1
31024015		5	30102441	2101	1024	1024	1	5	1	1	511024002	521024002					571024002			monster/monster_01											1
31010012		5	30101041	2101	1010	1010	1	5	1	1	511010002	521010002					571010002			monster/monster_01											1
31012012		5	30101201	2101	1012	1012	1	3	1	1	511012002	521012002					571012002			monster/monster_01											1
31018012		5	30101841	2101	1018	1018	1	3	1	1	511018002	521018002					571018002			monster/monster_01											1
31016012		5	30101641	2301	1016	1016	1	1	1	1	511016002	521016002					571016002			monster/monster_03											1
31022012		5	30102241	2101	1022	1022	1	4	1	1	511022002	521022002					571022002			monster/monster_01											1
31023016		5	30102343	2101	1023	1023	1	3	1	1	511023003	521023003					571023003			monster/monster_01											1
31024016		5	30102443	2101	1024	1024	1	5	1	1	511024003	521024003					571024003			monster/monster_01											1
31030012		5	30103041	2101	1030	1030	1	3	1	1	511030002	521030002					571030002			monster/monster_01											1
31031012		5	30103141	2101	1031	1031	1	4	1	1	511031002	521031002					571031002			monster/monster_01											1
31040012		5	30104041	2101	1040	1040	1	2	1	1	511040003	521040003					571040003			monster/monster_01											1
31020012		5	30102041	2201	1020	1020	1	3	1	1	511020002	521020002					571020002			monster/monster_01											1
31042012		5	30104241	2301	1042	1042	1	1	1	1	511042002	521042002					571042002			monster/monster_01											1
31043012		5	30104341	2201	1043	1043	1	2	1	1	511043002	521043002					571043002			monster/monster_01											1
31019012		5	30101941	2101	1019	1019	1	4	1	1	511019002	521019002					571019002			monster/monster_01											1
31052012		5	30105241	2104	1052	1052	1	2	1	1	511052002	521052002					571052002			monster/monster_01											1
31053012		5	30105342	2101	1053	1053	1	4	1	1	511053002	521053002					571053002			monster/monster_01											1
31060012		5	30106041	2101	1060	1060	1	2	1	1	511060002	521060002					571060002			monster/monster_01											1
31006012		5	30100641	2101	1006	1006	1	4	1	1	511006002	521006002					571006002			monster/monster_01											1
31050012		5	30105041	2201	1050	1050	1	4	1	1	511050002	521050002					571050002			monster/monster_01											1
31051012		5	30105141	2201	1051	1051	1	5	1	1	511051002	521051002					571051002			monster/monster_03											1
31017012		5	30101741	2101	1017	1017	1	5	1	1	511017002	521017002					571017002			monster/monster_01											1
31045012		5	30104541	2101	1045	1045	1	2	1	1	511045002	521045002					571045002			monster/monster_01											1
31002005		5	30100201	2105	1002	1002	1	2	1	1	511002001	521002001					571002001			monster/monster_01											1
31003005		5	30100301	2205	1003	1003	1	5	1	1	511003001	521003001					571003001			monster/monster_01											1
31004005		5	30100401	2105	1004	1004	1	3	1	1	511004001	521004001					571004001			monster/monster_01											1
31005005		5	30100501	2105	1005	1005	1	4	1	1	511005001	521005001					571005001			monster/monster_01											1
31006005		5	30100601	2105	1006	1006	1	4	1	1	511006001						571006001			monster/monster_01_oneskill											1
31007005		5	30100701	2205	1007	1007	1	5	1	1	511007001	521007001					571007001			monster/monster_01											1
31009005		5	30100901	2305	1009	1009	1	1	1	1	511009001	521009001					571009001			monster/monster_01											1
31010005		5	30101001	2105	1010	1010	1	5	1	1	511010001	521010001					571010001			monster/monster_01											1
31011005		5	30101101	2105	1011	1011	1	5	1	1	511011001	521011001					571011001			monster/monster_01											1
31012005		5	30101201	2105	1012	1012	1	3	1	1	511012001	521012001					571012001			monster/monster_01											1
31013005		5	30101301	2105	1013	1013	1	4	1	1	511013001	521013001					571013001			monster/monster_01											1
31014005		5	30101401	2205	1014	1014	1	4	1	1	511014001	521014001					571014001			monster/monster_01											1
31015005		5	30101501	2105	1015	1015	1	2	1	1	511015001	521015001					571015001			monster/monster_01											1
31016005		5	30101601	2305	1016	1016	1	1	1	1	511016001	521016001					571016001			monster/monster_01											1
31017005		5	30101701	2105	1017	1017	1	5	1	1	511017001	521017001					571017001			monster/monster_01											1
31018005		5	30101801	2105	1018	1018	1	3	1	1	511018001	521018001					571018001			monster/monster_01											1
31019005		5	30101901	2105	1019	1019	1	4	1	1	511019001	521019001					571019001			monster/monster_01											1
31020005		5	30102001	2205	1020	1020	1	3	1	1	511020001	521020001					571020001			monster/monster_01											1
31021005		5	30102101	2105	1021	1021	1	3	1	1	511021001	521021001					571021001			monster/monster_01											1
31022005		5	30102201	2105	1022	1022	1	4	1	1	511022001	521022001					571022001			monster/monster_01											1
31023005		5	30102301	2105	1023	1023	1	3	1	1	511023001	521023001					571023001			monster/monster_01											1
31024005		5	30102401	2105	1024	1024	1	5	1	1	511024001	521024001					571024001			monster/monster_01											1
31025005		5	30102501	2105	1025	1025	1	5	1	1	511025001						571025001			monster/monster_31022001_001											1
31026005		5	30102601	2205	1026	1026	1	4	1	1	511026001	521026001					571026001			monster/monster_01											1
31030005		5	30103001	2105	1030	1030	1	3	1	1	511030001						571030001			monster/monster_01_oneskill											1
31031005		5	30103101	2105	1031	1031	1	4	1	1	511031001	521031001					571031001			monster/monster_01											1
31040005		5	30104001	2105	1040	1040	1	2	1	1	511040001						571040001			monster/monster_01_oneskill											1
31041005		5	30104101	2105	1041	1041	1	4	1	1	511041001	521041001					571041001	101041051		monster/monster_01											1
31042005		5	30104201	2305	1042	1042	1	1	1	1	511042001	521042001					571042001			monster/monster_01											1
31043005		5	30104301	2205	1043	1043	1	2	1	1	511043001	521043001					571043001			monster/monster_01											1
31044005		5	30104401	2305	1044	1044	1	3	1	1	511044001	521044001					571044001			monster/monster_01											1
31045005		5	30104501	2105	1045	1045	1	2	1	1	511045001	521045001					571045001			monster/monster_01											1
31046005		5	30104601	2105	1046	1046	1	5	1	1	511046001	521046001					571046001			monster/monster_01											1
31050005		5	30105001	2205	1050	1050	1	4	1	1	511050001	521050001					571050001			monster/monster_01											1
31051005		5	30105101	2205	1051	1051	1	5	1	1	511051001	521051001					571051001			monster/monster_01											1
31052005		5	30105201	2105	1052	1052	1	2	1	1	511052001						571052001			monster/monster_01_oneskill											1
31053005		5	30105301	2105	1053	1053	1	4	1	1	511053001						571053001			monster/monster_01_oneskill											1
31056005		5	30105601	2205	1056	1056	1	3	1	1	511056001	521056001					571056001			monster/monster_01											1
31058005		5	30105801	2105	1058	1058	1	3	1	1	511058001	521058001					571058001			monster/monster_01											1
31059005		5	30105901	2305	1059	1059	1	4	1	1	511059003	521059001					571059001			monster/monster_01											1
31060005		5	30106001	2105	1060	1060	1	2	1	1	511060001	521060001					571060001			monster/monster_01											1
31102005		5	30110201	2105	1102	1102	1	4	1	1	511102001	521102001					571102001			monster/monster_01											1
31103005		5	30110301	2105	1103	1103	1	3	1	1	511103001	521103001					571103001			monster/monster_01											1
31104005		5	30110401	2305	1104	1104	1	2	1	1	511104001	521104001					571104001			monster/monster_01											1
31054005		5	30105401	2105	1054	1054	1	2	1	1	511054001	521054001					571054001			monster/monster_01											1
31055005		5	30105501	2105	1055	1055	1	2	1	1	511055001	521055001					571055001			monster/monster_01											1
34002005		5	30400201	3105	4002	4002	2	4	2	1	514002001	524002001	534002001	544002001			574002001	100000051		monster/monster_01											1
34001005		5	30400101	3105	4001	4001	2	4	2	1	514001001	524001001	534001001	544001001			574001001	100000051		monster/monster_01											1
34003005		5	30400301	3105	4003	4003	2	2	2	1	514003001	524003001	534003001	544003001			574003001	100000051		monster/monster_01											1
34004005		5	30400401	3105	4004	4004	2	2	2	1	514004001	524004001	534004001				574004001	100000051		monster/monster_01											1
34005005		5	30400501	3105	4005	4005	2	4	2	1	514005001	524005001	534005001	544005001	554005001	564005001	574005001	100000051;104021060		monster/monster_01											1
34006005		5	30400601	3105	4006	4006	2	4	2	1	514006001	524006001	534006001				574006001	100000051		monster/monster_01											1
34007005		5	30400701	3105	4007	4007	2	4	2	1	514007001	524007001	534007001				574007001	100000051		monster/monster_01											1
34008005		5	30400801	3305	4008	4008	2	2	2	1	514008001	524008001	534008001				574008001	100000051		monster/monster_01											1
34009005		5	30400901	3105	4009	4009	2	2	2	1	514009001	524009001	534009001	544009001	554009001	564009001	574009001	100000051		monster/monster_01											1
34010005		5	30401001	3105	4010	4010	2	2	2	1	514010001	524010001	534010001				574010001	100000051;104021060		monster/monster_01											1
34014005		5	30401401	3205	4014	4014	2	5	2	1	514014001	524014001					574014001	100000051		monster/monster_01											1
34015005		3	30401502	3305	1026	1026	2	5	2	1	514015001	524015001					574015001	100000051;104021060		monster/monster_01											1
34016005		5	30401601	3105	4016	4016	2	2	2	1	514016001	524016001	534016001				574016001	100000051		monster/monster_01											1
34017005		5	30401701	3205	4017	4017	2	5	2	1	514017001	524017001	534017001				574017001	100000051		monster/monster_01											1
34018005		5	30401801	3105	4018	4018	2	5	2	1	514018001	524018001	534018001				574018001	100000051		monster/monster_01											1
34020005		5	30402001	3105	4020	4020	2	2	2	1	514020001	524020001	534020001				574020001	100000051		monster/monster_01											1
34021005		5	30402101	3105	4021	4021	2	2	2	1	514021001	524021001	534021001	544021001	554021001		574021001	100000051		monster/monster_01											1
34022005		5	30402201	3105	4022	4022	2	2	2	1	514022001	524022001					574022001	100000051		monster/monster_01											1
34025005		5	30402501	3305	4025	4025	2	2	2	1	514025001	524025001	534025001	544025001			574025001	100000051		monster/monster_01											1
34026005		5	30402601	3205	4026	4026	2	5	2	1	514026001	524026001	534026001				574026001	100000051		monster/monster_01											1
34030005		5	30403001	3105	4030	4030	2	2	2	1	514030001	524030001	534030001	544030001	554030001	564030001	574030001	100000051		monster/monster_01											1
34031005		5	30403101	3305	4031	4031	2	1	2	1	514031001	524031001	534031001	544031001	554031001	564031001	574031001	100000051		monster/monster_01											1
34033005		5	30403301	3105	4033	4033	2	3	2	1	514033001	524033001	534033001	544033001	554033001		574033001	100000051		monster/monster_01											1
34034005		5	30403401	3105	4034	4034	2	5	2	1	514034001	524034001	534034001				574034001	100000051		monster/monster_01											1
34035005		5	30403501	3105	4035	4035	2	4	2	1	514035001	524035001	534035001				574035001	100000051;104021060		monster/monster_01											1
34036005		5	30403601	3105	4036	4036	2	4	4	1	514036001	524036001	534036001				574036001	100000051		monster/monster_01											1
34037005		5	30403701	3105	4037	4037	2	3	2	1	514037001	524037001	534037001				574037001	100000051;104021060		monster/monster_34037001_01											1
34040005		5	30404001	3205	4040	4040	2	2	2	1	514040001	524040001	534040001				574040001	100000051		monster/monster_01											1
34041005		5	30404101	3105	4041	4041	2	4	2	1	514041001	524041001	534041001	544041001			574041001	100000051		monster/monster_01											1
34043005		5	30404301	3105	4043	4043	2	2	2	1	514043001	524043001					574043001	100000051		monster/monster_01											1
38001005		5	30800101	3105	8001	8001	2	2	2	1	518001001	528001001	538001001	548001001	558001001	568001001	578001001	100000051		monster/monster_01											1
38002005		5	30800201	3105	8002	8002	2	4	2	1	518002001	528002001	538002001	548002001	558002001	568002001	578002001	100000051		monster/monster_01											1
34022031		5	30402231	1109	4022	4022	2	1	2	3	514022101	524022201					574022301	104022104;104022105;104021056;104021057;104022106		monster/monster_54022001_01											1
31018031		5	30101801	3407	1018	1018	1	3	1	3	511018101	521018101					571018101	101018101;104022106;101018103		monster/monster_01											1
34023005		5	30402301	3105	4023	4023	2	2	2	1	514023001	524023001					574023001	100000051		monster/monster_01											1
34025099		5	30402501	4201	4025	4025	2	2	1	1	514025001	524025001	534025001	544025001			574025001			monster/monster_34025001_01											1
34005101		5	30400501	3105	4005	4005	2	4	2	1	514005001	524005001	534005001	544005001	554005001	564005001	574005001	100000051;104021060		monster/pata/pata_boss_tongyong											1
34022101		5	30402201	3105	4022	4022	2	2	2	1	514022001	524022001					574022001	100000051		monster/monster_01											1
34009101		5	30400901	3105	4009	4009	2	2	2	1	514009001	524009001	534009001	544009001	554009001	564009001	574009001	100000051		monster/pata/pata_boss_tongyong											1
34044101		5	30404401	3105	4044	4044	2	3	2	1	514033001	524033001	534033001	544033001	554033001		574033001	100000051		monster/pata/pata_boss_4033											1
31300087		5	12900190	4105	129001		3	4	2	3	71129001	72129001					73129001			monster/monster_01											1
31005016		5	30100542	2305	1005	1005	1	4	1	1	511005002	521005003					571005002			monster/monster_01											1
31045016		5	30104542	3305	1045	1045	1	2	2	1	511045002	521045003					571045002	100000051		monster/monster_01											1
31040016		5	30104042	2305	1040	1040	1	2	1	1	511040003	521040005					571040003			monster/monster_01											1
31045017		5	30104542	3105	1045	1045	1	2	1	1	511045002	521045003					571045002	1010044;1010043;414071051;414031052;414111151		monster/monster_31045018	1010044;1010043;414071051;414031052;414111151										1
31040017		5	30104042	5306	1040	1040	1	2	1	1	511040003	521040005					571040003	414071051;414031052;414111151		monster/monster_31040017	414071051;414031052;414111151										1
31300089		5	12900190	5306	129001		3	4	2	3	71129001	72129001					73129001	1010046;414071051;414031052;414111151		monster/monster_31300089_001	1010046;414071051;414031052;414111151										1
34015016		5	30501501	4105	4015	4015	3	5	2	1	514015001	524015001					574015001	7100120		monster/monster_34015001_01	7100120										1
34036016		5	30403601	4105	4036	4036	2	4	2	1	514036001	524036001	534036001				574036001	100000051		monster/monster_34036016_01											1
31054016		5	30105401	2105	1054	1054	1	2	1	1	511054001	521054001					571054001			monster/monster_31054016											1
31055016		5	30105501	2105	1055	1055	1	2	1	1	511055001	521055001					571055001			monster/monster_31054016											1
31041016		5	30104101	2105	1041	1041	1	4	1	1	511041001	521041001					571041001	101041051		monster/monster_01	101041051										1
31042016		5	30104201	2305	1042	1042	1	1	1	1	511042001	521042001					571042001			monster/monster_01											1
31043016		5	30104301	2205	1043	1043	1	2	1	1	511043001	521043001					571043001			monster/monster_01											1
31041017		5	30104101	2105	1041	1041	1	4	1	1	511041001	521041001					571041001	101041051;7100113		monster/monster_01	101041051;7100113										1
31042017		5	30104201	2305	1042	1042	1	1	1	2	511042001	521042001					571042001	7100113		monster/monster_01	7100113										1
31043017		5	30104301	2205	1043	1043	1	2	1	3	511043001	521043001					571043001	7100113		monster/monster_01	7100113										1
31041018		5	30104101	2105	1041	1041	1	4	1	1	511041001	521041001					571041001	101041051;7100113;7100114		monster/monster_01	101041051;7100113;7100114										1
31042018		5	30104201	2305	1042	1042	1	1	1	2	511042001	521042001					571042001	7100113;7100114		monster/monster_01	7100113;7100114										1
31043018		5	30104301	2205	1043	1043	1	2	1	3	511043001	521043001					571043001	7100113;7100114		monster/monster_01	7100113;7100114										1
32042018		5	30104241	2301	1042	1042	1	1	1	1	511042002	521042002					571042002	7100113;7100114		monster/monster_01	7100113;7100114										1
32043018		5	30104341	2201	1043	1043	1	2	1	1	511043002	521043002					571043002	7100113;7100114		monster/monster_01	7100113;7100114										1
33041016		5	30104141	4102	1041	1041	1	4	2	1	511041002	521041002					571041002	100000051;7100112		monster/monster_01	100000051;7100113;7100112										1
33041017		5	30104141	4102	1041	1041	1	4	2	1	511041002	521041002					571041002	100000051;7100113;7100112		monster/monster_01	100000051;7100113;7100112										1
33041018		5	30104141	4102	1041	1041	1	4	2	1	511041002	521041002					571041002	100000051;7100113;7100114;7100112		monster/monster_01	100000051;7100113;7100114;7100112										1
31005013		5	30100541	2105	1005	1005	1	4	1	1	511005002	521005002					571005002			monster/monster_01											1
31014013		5	30101441	2205	1014	1014	1	4	1	1	511014002	521014002					571014002			monster/monster_01											1
31023017		5	30102341	2105	1023	1023	1	3	1	1	511023002	521023002					571023002			monster/monster_01											1
31024017		5	30102441	2105	1024	1024	1	5	1	1	511024002	521024002					571024002			monster/monster_01											1
31010013		5	30101041	2105	1010	1010	1	5	1	1	511010002	521010002					571010002			monster/monster_01											1
31012013		5	30101201	2105	1012	1012	1	3	1	1	511012002	521012002					571012002			monster/monster_01											1
31018013		5	30101841	2105	1018	1018	1	3	1	1	511018002	521018002					571018002			monster/monster_01											1
31016013		5	30101641	2305	1016	1016	1	1	1	1	511016002	521016002					571016002			monster/monster_03											1
31022013		5	30102241	2105	1022	1022	1	4	1	1	511022002	521022002					571022002			monster/monster_01											1
31023018		5	30102343	2105	1023	1023	1	3	1	1	511023003	521023003					571023003			monster/monster_01											1
31024018		5	30102443	2105	1024	1024	1	5	1	1	511024003	521024003					571024003			monster/monster_01											1
31030013		5	30103041	2105	1030	1030	1	3	1	1	511030002	521030002					571030002			monster/monster_01											1
31031013		5	30103141	2105	1031	1031	1	4	1	1	511031002	521031002					571031002			monster/monster_01											1
31040013		5	30104041	2105	1040	1040	1	2	1	1	511040003	521040003					571040003			monster/monster_01											1
31020013		5	30102041	2205	1020	1020	1	3	1	1	511020002	521020002					571020002			monster/monster_01											1
31042013		5	30104241	2305	1042	1042	1	1	1	1	511042002	521042002					571042002			monster/monster_01											1
31043013		5	30104341	2205	1043	1043	1	2	1	1	511043002	521043002					571043002			monster/monster_01											1
31019013		5	30101941	2105	1019	1019	1	4	1	1	511019002	521019002					571019002			monster/monster_01											1
31052013		5	30105241	2105	1052	1052	1	2	1	1	511052002	521052002					571052002			monster/monster_01											1
31053013		5	30105342	2105	1053	1053	1	4	1	1	511053002	521053002					571053002			monster/monster_01											1
31060013		5	30106041	2105	1060	1060	1	2	1	1	511060002	521060002					571060002			monster/monster_01											1
31006013		5	30100641	2105	1006	1006	1	4	1	1	511006002	521006002					571006002			monster/monster_01											1
31050013		5	30105041	2205	1050	1050	1	4	1	1	511050002	521050002					571050002			monster/monster_01											1
31051013		5	30105141	2205	1051	1051	1	5	1	1	511051002	521051002					571051002			monster/monster_03											1
31017013		5	30101741	2105	1017	1017	1	5	1	1	511017002	521017002					571017002			monster/monster_01											1
31045013		5	30104541	2105	1045	1045	1	2	1	1	511045002	521045002					571045002			monster/monster_01											1
31002008		5	30100201	3101	1002	1002	1	2	1	1	511002001	521002001					571002001			monster/monster_01											1
31003008		5	30100301	3201	1003	1003	1	5	1	1	511003001	521003001					571003001			monster/monster_01											1
31004008		5	30100401	3101	1004	1004	1	3	1	1	511004001	521004001					571004001			monster/monster_01											1
31005008		5	30100501	3101	1005	1005	1	4	1	1	511005001	521005001					571005001			monster/monster_01											1
31006008		5	30100601	3101	1006	1006	1	4	1	1	511006001						571006001			monster/monster_01_oneskill											1
31007008		5	30100701	3201	1007	1007	1	5	1	1	511007001	521007001					571007001			monster/monster_01											1
31009008		5	30100901	3301	1009	1009	1	1	1	1	511009001	521009001					571009001			monster/monster_01											1
31010008		5	30101001	3101	1010	1010	1	5	1	1	511010001	521010001					571010001			monster/monster_01											1
31011008		5	30101101	3101	1011	1011	1	5	1	1	511011001	521011001					571011001			monster/monster_01											1
31012008		5	30101201	3101	1012	1012	1	3	1	1	511012001	521012001					571012001			monster/monster_01											1
31013008		5	30101301	3101	1013	1013	1	4	1	1	511013001	521013001					571013001			monster/monster_01											1
31014008		5	30101401	3201	1014	1014	1	4	1	1	511014001	521014001					571014001			monster/monster_01											1
31015008		5	30101501	3101	1015	1015	1	2	1	1	511015001	521015001					571015001			monster/monster_01											1
31016008		5	30101601	3301	1016	1016	1	1	1	1	511016001	521016001					571016001			monster/monster_01											1
31017008		5	30101701	3101	1017	1017	1	5	1	1	511017001	521017001					571017001			monster/monster_01											1
31018008		5	30101801	3101	1018	1018	1	3	1	1	511018001	521018001					571018001			monster/monster_01											1
31019008		5	30101901	3101	1019	1019	1	4	1	1	511019001	521019001					571019001			monster/monster_01											1
31020008		5	30102001	3201	1020	1020	1	3	1	1	511020001	521020001					571020001			monster/monster_01											1
31021008		5	30102101	3101	1021	1021	1	3	1	1	511021001	521021001					571021001			monster/monster_01											1
31022008		5	30102201	3101	1022	1022	1	4	1	1	511022001	521022001					571022001			monster/monster_01											1
31023008		5	30102301	3101	1023	1023	1	3	1	1	511023001	521023001					571023001			monster/monster_01											1
31024008		5	30102401	3101	1024	1024	1	5	1	1	511024001	521024001					571024001			monster/monster_01											1
31025008		5	30102501	3101	1025	1025	1	5	1	1	511025001						571025001			monster/monster_31022001_001											1
31026008		5	30102601	3201	1026	1026	1	4	1	1	511026001	521026001					571026001			monster/monster_01											1
31030008		5	30103001	3101	1030	1030	1	3	1	1	511030001						571030001			monster/monster_01_oneskill											1
31031008		5	30103101	3101	1031	1031	1	4	1	1	511031001	521031001					571031001			monster/monster_01											1
31040008		5	30104001	3101	1040	1040	1	2	1	1	511040001						571040001			monster/monster_01_oneskill											1
31041008		5	30104101	3101	1041	1041	1	4	1	1	511041001	521041001					571041001	101041051		monster/monster_01											1
31042008		5	30104201	3301	1042	1042	1	1	1	1	511042001	521042001					571042001			monster/monster_01											1
31043008		5	30104301	3201	1043	1043	1	2	1	1	511043001	521043001					571043001			monster/monster_01											1
31044008		5	30104401	3301	1044	1044	1	3	1	1	511044001	521044001					571044001			monster/monster_01											1
31045008		5	30104501	3101	1045	1045	1	2	1	1	511045001	521045001					571045001			monster/monster_01											1
31046008		5	30104601	3101	1046	1046	1	5	1	1	511046001	521046001					571046001			monster/monster_01											1
31050008		5	30105001	3201	1050	1050	1	4	1	1	511050001	521050001					571050001			monster/monster_01											1
31051008		5	30105101	3201	1051	1051	1	5	1	1	511051001	521051001					571051001			monster/monster_01											1
31052008		5	30105201	3101	1052	1052	1	2	1	1	511052001						571052001			monster/monster_01_oneskill											1
31053008		5	30105301	3101	1053	1053	1	4	1	1	511053001						571053001			monster/monster_01_oneskill											1
31056008		5	30105601	3201	1056	1056	1	3	1	1	511056001	521056001					571056001			monster/monster_01											1
31058008		5	30105801	3101	1058	1058	1	3	1	1	511058001	521058001					571058001			monster/monster_01											1
31059008		5	30105901	3301	1059	1059	1	4	1	1	511059003	521059001					571059001			monster/monster_01											1
31060008		5	30106001	3101	1060	1060	1	2	1	1	511060001	521060001					571060001			monster/monster_01											1
31102008		5	30110201	3101	1102	1102	1	4	1	1	511102001	521102001					571102001			monster/monster_01											1
31103008		5	30110301	3101	1103	1103	1	3	1	1	511103001	521103001					571103001			monster/monster_01											1
31104008		5	30110401	3301	1104	1104	1	2	1	1	511104001	521104001					571104001			monster/monster_01											1
31023020		5	30102341	2105	1023	1023	1	3	1	1	511023002	521023002					571023002			monster/monster_01											1
31024030		5	30102441	2105	1024	1024	1	5	1	1	511024002	521024002					571024002			monster/monster_01											1
31013010		5	30101301	2105	1013	1013	1	4	1	1	511013001	521013001					571013001			monster/monster_01											1
31054010		5	30105401	2105	1054	1054	1	2	1	1	511054001	521054001					571054001			monster/monster_01											1
31055010		5	30105501	2105	1055	1055	1	2	1	1	511055001	521055001					571055001			monster/monster_01											1
31014020		5	30101441	2205	1014	1014	1	4	1	1	511014002	521014002					571014002			monster/monster_01											1
31014030		5	30101401	2205	1014	1014	1	4	1	1	511014001	521014001					571014001			monster/monster_01											1
31005020		5	30100541	2105	1005	1005	1	4	1	1	511005002	521005002					571005002			monster/monster_01											1
31005030		5	30100501	2105	1005	1005	1	4	1	1	511005001	521005001					571005001			monster/monster_01											1
34035010		5	30403501	3105	4035	4035	2	4	2	1	514035001	524035001	534035001				574035001	100000051		monster/monster_34035012											1
34035011		5	30403501	3105	4035	4035	2	4	3	1	514035001	524035001	534035001				574035001	100000052		monster/monster_34035012											1
34035012		5	30403501	3105	4035	4035	2	4	4	1	514035001	524035001	534035002				574035001	100000050		monster/monster_34035012											1
34036010		5	30403601	3105	4036	4036	2	4	2	1	514036001	524036001	534036001				574036001	100000051		monster/monster_34036012											1
34036011		5	30403601	3105	4036	4036	2	4	3	1	514036001	524036001	534036001				574036001	100000052		monster/monster_34036012											1
34036012		5	30403601	3105	4036	4036	2	4	4	1	514036001	524036001	534036001				574036001	100000050		monster/monster_34036012											1
34037010		5	30403701	3105	4037	4037	2	3	1	1	514037001	524037001	534037001				574037001	100000051		monster/monster_34037012											1
34037011		5	30403701	3105	4037	4037	2	3	2	1	514037001	524037001	534037001				574037001	100000052		monster/monster_34037012											1
34037012		5	30403701	3105	4037	4037	2	3	3	1	514037001	524037001	534037001				574037001	100000050		monster/monster_34037012											1
34002010		5	30400201	3105	4002	4002	2	4	2	1	514002001	524002001	534002001				574002001	100000051		monster/monster_34036012											1
34002011		5	30400201	3105	4002	4002	2	4	3	1	514002001	524002001	534002001				574002001	100000052		monster/monster_34036012											1
34002012		5	30400201	3105	4002	4002	2	4	4	1	514002001	524002001	534002001	544002001			574002001	100000050		monster/monster_34036012											1
34041010		5	30404101	3105	4041	4041	2	4	2	1	514041001	524041001	534041001				574041001	100000051		monster/monster_34037012											1
34041011		5	30404101	3105	4041	4041	2	4	3	1	514041001	524041001	534041001				574041001	100000052		monster/monster_34037012											1
34041012		5	30404101	3105	4041	4041	2	4	4	1	514041001	524041001	534041001				574041001	100000050		monster/monster_34041012											1
31023105		5	30102801	2101	1024	1021	1	1	2	1	511023001	521023001					571023001			monster/monster_01											1
31024105		5	30102901	2101	1024	1021	1	1	2	1	511024001	521024001					571024001			monster/monster_01											1
44020001		5	30402001	5306	4020	4020	2	2	2	1	514020002	524020002	534020002				574020002	104020054;104020055;104020057;104021056;100000051		monster/monster_4020_01											1
44021001		5	30402101	5306	4021	4021	2	2	2	2	514021002	524021002	544021002	554021002			574021002	104021056;104021059;100000051		monster/monster_4021_01											1
44022001		5	30402201	5306	4022	4022	2	1	2	1	514022001	524022001	534022001	544022001	554031001		574022001			monster/monster_01											1
44031001		5	30403151	5306	4031	4031	2	1	2	3	514031002	534031002	544031002				574031002	104021056;100000053;101040052;101040053;100000051;414111151;414071053		monster/monster_4031_01	101040053;100000053;414111151;414071053										1
41040001		5	30104051	5306	1040	1040	1	2	1	3	511040002	521040002					571040002	101040052;101040053;100000053;414111151;414071053		monster/monster_01	101040053;100000053;414111151;414071053										1
44180101		5	30801041	5306	418010		2	2	3	5	518010101	528010102	538010102	548010102			568010102	104021056;100000052;48010053;104021057		monster/monster_34180101_02	104021056;48010053;104021057										1
44015001		5	30501501	5306	1026	1026	2	5	2	1	514015002	524015003					574015002	104015102;100000051;104021056;104021057		monster/monster_34015001_02											1
41001001		5	30461002	4204	1002	1002	1	1	2	3	511002001	521002001					571002001			monster/monster_01											1
41003001		5	30461003	4504	1003	1003	1	3	2	3	511003001	521003001					571003001			monster/monster_01											1
41004001		5	30461004	2302	1004	1004	1	1	2	3	511004001	521004001					571004001			monster/monster_01											1
41005001		5	30461005	2202	1005	1005	1	3	2	3	511005001	521005001					571005001			monster/monster_01											1
41009001		5	30461009	2202	1009	1009	1	1	2	1	511009001	521009001					571009001			monster/monster_01											1
41010001		6	30461010	2202	2010	1010	1	1	2	2	511010001	521010001					571010001			monster/monster_01											1
41011001		6	30461011	2202	2011	1011	1	1	2	4	511011001	521011001					571011001			monster/monster_01											1
41015001		5	30461015	2202	1015	1015	1	1	2	3	511015001	521015001					571015001			monster/monster_01											1
41016001		5	30101601	2202	1016	1016	1	1	2	1	511016001	521016001					571016001			monster/monster_01											1
30400202		5	30400201	2202	4002	4002	1	4	1	1	514041001	524041001	534041001	544041001			574041001			monster/monster_01											1
30400102		5	30400101	2202	4001	4001	1	4	1	1	514043001	524043001					574043001			monster/monster_01											1
58004001		5	30800451	5104	8004	8004	1	1	2	3	518004001	528004001					578004001	414031051;414051052;104021056;104021057;413111151;108004055		monster/monster_58004001_01	414031051;414051052;104021056;104021057;413111151;108004055	8004_enter_timeline	8004_enter_tl								1
58004002		5	30800452	5104	8004	8004	1	1	2	3	518004001	538004001					578004001	414031051;414051052;104021056;104021057;413111151;108004055		monster/monster_58004001_01	414031051;414051052;104021056;104021057;413111151;108004055	8004_switch_timeline_01	8004_switch_tl_01								1
58004003		5	30800453	5104	8004	8004	1	1	2	3	518004001	548004001					578004001	414031051;414051052;104021056;104021057;413111151;108004055		monster/monster_58004001_01	414031051;414051052;104021056;104021057;413111151;108004055	8004_switch_timeline_02	8004_switch_tl_02								1
58003001		5	30800351	5104	8003	8003	1	1	2	2	518003001	528003001					578003001	414071051;414031052;104021056;104021057;413011151;108003056		monster/monster_58003001_02	414071051;414031052;104021056;104021057;413011151;108003056	8003_enter_timeline	8003_enter_tl								1
58003002		5	30800352	5104	8003	8003	1	1	2	2	518003001	538003001					578003001	414071051;414031052;104021056;104021057;413011151;108003056		monster/monster_58003001_02	414071051;414031052;104021056;104021057;413011151;108003056	8003_switch_timeline_01	8003_switch_tl_01								1
58003003		5	30800353	5104	8003	8003	1	1	2	2	518003001	548003001					578003001	414071051;414031052;104021056;104021057;413011151;108003056		monster/monster_58003001_02	414071051;414031052;104021056;104021057;413011151;108003056	8003_switch_timeline_02	8003_switch_tl_02								1
54022001		5	30402251	5104	4022	4022	1	1	2	1	514022002	524022002	534022004				574022002	414051051;104021056;104021057;44022156;44022157;108004055;44022167;44022168		monster/monster_54022001_02	414051051;104021056;104021057;44022167	4022_enter_timeline	4022_enter_tl								1
54022002		5	30402252	5104	4022	4022	1	1	2	1	514022002	514022003	534022004				574022002	414051051;104021056;104021057;44022156;44022157;108004055;44022167;44022168		monster/monster_54022001_02	414051051;104021056;104021057;44022167	4022_switch_timeline_01	4022_switch_tl_01								1
54022003		5	30402253	5104	4022	4022	1	1	3	1	514022002	514022004	534022004				574022002	414051051;104021056;104021057;44022156;44022157;108004055;44022167;44022168		monster/monster_54022001_02	414051051;104021056;104021057;44022167	4022_switch_timeline_02	4022_switch_tl_01								1
31025009		5	30102501	2104	1025	1025	1	3	1	3	511025001						571025001	101025051;101025052;414031051;414051052;413111151		monster/monster_31022001_001	101025051;101025052;414031051;414051052;413111151										1
31025010		5	30102501	2104	1025	1025	1	3	1	3	511025001						571025001	101025051;108004056;101025052;414031051;414051052;413111151		monster/monster_31022001_001	101025051;108004056;101025052;414031051;414051052;413111151										1
31025011		5	30102501	2104	1025	1025	1	3	1	3	511025001						571025001	101025051;108004057;101025052;414031051;414051052;413111151		monster/monster_31022001_001	101025051;108004057;101025052;414031051;414051052;413111151										1
31002006		5	30200201	3101	1002	1002	1	2	1	1	511002001	521002001					571002001			monster/monster_01											1
31003006		5	30200301	3201	1003	1003	1	5	1	1	511003001	521003001					571003001			monster/monster_01											1
31004006		5	30200401	3101	1004	1004	1	3	1	1	511004001	521004001					571004001			monster/monster_01											1
31005006		5	30200501	3101	1005	1005	1	4	1	1	511005001	521005001					571005001			monster/monster_01											1
31006006		5	30200601	3101	1006	1006	1	4	1	1	511006001						571006001			monster/monster_01_oneskill											1
31007006		5	30200701	3201	1007	1007	1	5	1	1	511007001	521007001					571007001			monster/monster_01											1
31009006		5	30200901	3301	1009	1009	1	1	1	1	511009001	521009001					571009001			monster/monster_01											1
31010006		5	30201001	3101	1010	1010	1	5	1	1	511010001	521010001					571010001			monster/monster_01											1
31011006		5	30201101	3101	1011	1011	1	5	1	1	511011001	521011001					571011001			monster/monster_01											1
31012006		5	30201201	3101	1012	1012	1	3	1	1	511012001	521012001					571012001			monster/monster_01											1
31013006		5	30201301	3101	1013	1013	1	4	1	1	511013001	521013001					571013001			monster/monster_01											1
31014006		5	30201401	3201	1014	1014	1	4	1	1	511014001	521014001					571014001			monster/monster_01											1
31015006		5	30201501	3101	1015	1015	1	2	1	1	511015001	521015001					571015001			monster/monster_01											1
31016006		5	30201601	3301	1016	1016	1	1	1	1	511016001	521016001					571016001			monster/monster_01											1
31017006		5	30201701	3101	1017	1017	1	5	1	1	511017001	521017001					571017001			monster/monster_01											1
31018006		5	30201801	3101	1018	1018	1	3	1	1	511018001	521018001					571018001			monster/monster_01											1
31019006		5	30201901	3101	1019	1019	1	4	1	1	511019001	521019001					571019001			monster/monster_01											1
31020006		5	30202041	3201	1020	1020	1	3	1	1	511020001	521020001					571020001			monster/monster_01											1
31021006		5	30202101	3101	1021	1021	1	3	1	1	511021001	521021001					571021001			monster/monster_01											1
31022006		5	30202201	3101	1022	1022	1	4	1	1	511022001	521022001					571022001			monster/monster_01											1
31023006		5	30202301	3101	1023	1023	1	3	1	1	511023001	521023001					571023001			monster/monster_01											1
31024006		5	30202401	3101	1024	1024	1	5	1	1	511024001	521024001					571024001			monster/monster_01											1
31025006		5	30202501	3101	1025	1025	1	5	1	1	511025001						571025001			monster/monster_31022001_001											1
31026006		5	30202601	3201	1026	1026	1	4	1	1	511026001	521026001					571026001			monster/monster_01											1
31030006		5	30203001	3101	1030	1030	1	3	1	1	511030001						571030001			monster/monster_01_oneskill											1
31031006		5	30203101	3101	1031	1031	1	4	1	1	511031001	521031001					571031001			monster/monster_01											1
31040006		5	30204001	3101	1040	1040	1	2	1	1	511040001						571040001			monster/monster_01_oneskill											1
31041006		5	30204101	3101	1041	1041	1	4	1	1	511041001	521041001					571041001	101041051		monster/monster_01											1
31042006		5	30204201	3301	1042	1042	1	1	1	1	511042001	521042001					571042001			monster/monster_01											1
31043006		5	30204301	3201	1043	1043	1	2	1	1	511043001	521043001					571043001			monster/monster_01											1
31044006		5	30204401	3301	1044	1044	1	3	1	1	511044001	521044001					571044001			monster/monster_01											1
31045006		5	30204501	3101	1045	1045	1	2	1	1	511045001	521045001					571045001			monster/monster_01											1
31046006		5	30204601	3101	1046	1046	1	5	1	1	511046001	521046001					571046001			monster/monster_01											1
31050006		5	30205001	3201	1050	1050	1	4	1	1	511050001	521050001					571050001			monster/monster_01											1
31051006		5	30205101	3201	1051	1051	1	5	1	1	511051001	521051001					571051001			monster/monster_01											1
31052006		5	30205201	3101	1052	1052	1	2	1	1	511052001						571052001			monster/monster_01_oneskill											1
31053006		5	30205301	3101	1053	1053	1	4	1	1	511053001						571053001			monster/monster_01_oneskill											1
31056006		5	30205601	3201	1056	1056	1	3	1	1	511056001	521056001					571056001			monster/monster_01											1
31058006		5	30205801	3101	1058	1058	1	3	1	1	511058001	521058001					571058001			monster/monster_01											1
31059006		5	30205901	3301	1059	1059	1	4	1	1	511059003	521059001					571059001			monster/monster_01											1
31060006		5	30206001	3101	1060	1060	1	2	1	1	511060001	521060001					571060001			monster/monster_01											1
31102006		5	30210201	3101	1102	1102	1	4	1	1	511102001	521102001					571102001			monster/monster_01											1
31103006		5	30210301	3101	1103	1103	1	3	1	1	511103001	521103001					571103001			monster/monster_01											1
31104006		5	30210401	3301	1104	1104	1	2	1	1	511104001	521104001					571104001			monster/monster_01											1
31041009		5	30104141	3101	1041	1041	1	4	1	1	511041002	521041002					571041002	101041051		monster/monster_01											1
31005014		5	30200541	3101	1005	1005	1	4	1	1	511005002	521005002					571005002			monster/monster_01											1
31014014		5	30201441	3201	1014	1014	1	4	1	1	511014002	521014002					571014002			monster/monster_01											1
31023019		5	30202341	3101	1023	1023	1	3	1	1	511023002	521023002					571023002			monster/monster_01											1
31024020		5	30202441	3101	1024	1024	1	5	1	1	511024002	521024002					571024002			monster/monster_01											1
31010014		5	30201041	3101	1010	1010	1	5	1	1	511010002	521010002					571010002			monster/monster_01											1
31012014		5	30201201	3101	1012	1012	1	3	1	1	511012002	521012002					571012002			monster/monster_01											1
31018014		5	30201841	3101	1018	1018	1	3	1	1	511018002	521018002					571018002			monster/monster_01											1
31016014		5	30201641	2301	1016	1016	1	1	1	1	511016002	521016002					571016002			monster/monster_03											1
31022014		5	30202241	3101	1022	1022	1	4	1	1	511022002	521022002					571022002			monster/monster_01											1
31023021		5	30202343	3101	1023	1023	1	3	1	1	511023003	521023003					571023003			monster/monster_01											1
31024022		5	30202443	3101	1024	1024	1	5	1	1	511024003	521024003					571024003			monster/monster_01											1
31030014		5	30203041	3101	1030	1030	1	3	1	1	511030002	521030002					571030002			monster/monster_01											1
31031014		5	30203141	3101	1031	1031	1	4	1	1	511031002	521031002					571031002			monster/monster_01											1
31040014		5	30204041	3101	1040	1040	1	2	1	1	511040003	521040003					571040003			monster/monster_01											1
31020014		5	30202041	3201	1020	1020	1	3	1	1	511020002	521020002					571020002			monster/monster_01											1
31042014		5	30204241	2301	1042	1042	1	1	1	1	511042002	521042002					571042002			monster/monster_01											1
31043014		5	30204341	3201	1043	1043	1	2	1	1	511043002	521043002					571043002			monster/monster_01											1
31019014		5	30201941	3101	1019	1019	1	4	1	1	511019002	521019002					571019002			monster/monster_01											1
31052014		5	30205241	3101	1052	1052	1	2	1	1	511052002	521052002					571052002			monster/monster_01											1
31053014		5	30205342	3101	1053	1053	1	4	1	1	511053002	521053002					571053002			monster/monster_01											1
31060014		5	30206041	3101	1060	1060	1	2	1	1	511060002	521060002					571060002			monster/monster_01											1
31006014		5	30200641	3101	1006	1006	1	4	1	1	511006002	521006002					571006002			monster/monster_01											1
31050014		5	30205041	3201	1050	1050	1	4	1	1	511050002	521050002					571050002			monster/monster_01											1
31051014		5	30205141	3201	1051	1051	1	5	1	1	511051002	521051002					571051002			monster/monster_03											1
31017014		5	30201741	3101	1017	1017	1	5	1	1	511017002	521017002					571017002			monster/monster_01											1
31045014		5	30204541	3101	1045	1045	1	2	1	1	511045002	521045002					571045002			monster/monster_01											1
34036099		5	30403601	4101	4036	4036	2	4	1	1	514036001	524036001	534036001				574036001			monster/monster_34036001_01											1
34037099		5	30403701	4101	4037	4037	2	3	1	1	514037001	524037001	534037001				574037001			monster/monster_34037001_01											1
31023089		5	30102301	2107	1023	1023	1	3	1	1	511023001	521023001					571023004			monster/monster_01											1
31024089		5	30102401	2107	1024	1024	1	5	1	1	511024001	521024004					571024004			monster/monster_01											1
31023087		5	30102341	2107	1023	1023	1	3	1	1	511023002	521023005					571023002			monster/monster_01											1
31024087		5	30102441	2107	1024	1024	1	5	1	1	511024002	521024004					571024002			monster/monster_01											1
31023086		5	30102343	2107	1023	1023	1	3	1	1	511023003	521023003					571023003			monster/monster_01											1
31024086		5	30102443	2107	1024	1024	1	5	1	1	511024003	521024004					571024005			monster/monster_01											1
31050089		5	30105001	2107	1050	1050	1	4	1	1	511050001	521050003					571050001			monster/monster_01											1
31051089		5	30105101	2107	1051	1051	1	5	1	1	511051001	521051001					571051001			monster/monster_03											1
31060089		5	30106001	2107	1060	1060	1	2	1	1	511060003	521060003					571060001			monster/monster_01											1
31050087		5	30105041	2107	1050	1050	1	4	1	1	511050002	521050003					571050003			monster/monster_01											1
31051087		5	30105141	2107	1051	1051	1	5	1	1	511051002	521051001					571051002			monster/monster_03											1
31060087		5	30106041	2107	1060	1060	1	2	1	1	511060002	521060003					571060003			monster/monster_01											1
34006089		5	30400601	4107	4006	4006	2	4	2	1	514006001	524006001					574006001	100000051		monster/monster_01											1
34014089		5	30401401	4207	4014	4014	2	5	2	1	514014002	524014002					574014002	100000051		monster/monster_34014001_01											1
34002089		5	30400201	4107	4002	4002	2	4	2	1	514002001	524002001	534002001				574002001	100000051		monster/monster_34002001_02											1
34001089		5	30400101	4107	4001	4001	2	4	2	1	514001001	524001001	534001001	544001001			574001001	100000051		monster/monster_34001001_02											1
34034089		5	30403401	4107	4034	4034	2	5	2	1	514034001	524034001	534034001				574034002	100000051		monster/monster_34034001_01											1
34043089		5	30404301	4107	4043	4043	2	2	2	1	514043001	524043002					574043002	100000051		monster/monster_34043001_01											1
31018089		5	30101801	2107	1018	1018	1	3	1	1	511018001	521018001					571018001	6000003		monster/monster_01											1
31020089		5	30102001	2107	1020	1020	1	3	1	1	511020001	521020003					571020001	6000002		monster/monster_01											1
31020087		5	30102041	2107	1020	1020	1	3	1	1	511020002	521020003					571020001	6000002		monster/monster_01											1
31041089		5	30104101	2107	1041	1041	1	4	1	1	511041001	521041003					571041003	6000001		monster/monster_01											1
31042089		5	30104201	2107	1042	1042	1	1	1	1	511042001	521042001					571042003	6000006		monster/monster_01											1
31043089		5	30104301	2107	1043	1043	1	2	1	1	511043001	521043003					571043001	6000001		monster/monster_01											1
31018087		5	30101841	2107	1018	1018	1	3	1	1	511018002	521018002					571018002	6000003		monster/monster_01											1
31042087		5	30104241	2107	1042	1042	1	1	1	1	511042002	521042002					571042002	6000004		monster/monster_01											1
31043087		5	30104341	2107	1043	1043	1	2	1	1	511043002	521043003					571043002	6000001		monster/monster_01											1
31018090		5	30201801	3107	1018	1018	1	3	2	1	511018001	521018001					571018001	6000001;100000051		monster/monster_01											1
31020090		5	30202041	3107	1020	1020	1	3	2	1	511020001	521020001					571020001	6000002;100000051		monster/monster_01											1
31020091		5	30202041	3107	1020	1020	1	3	2	1	511020002	521020002					571020002	6000002;100000051		monster/monster_01											1
31041090		5	30204101	3107	1041	1041	1	4	2	1	511041001	521041001					571041001	6000003;100000051		monster/monster_01											1
31042090		5	30204201	3107	1042	1042	1	1	2	1	511042001	521042001					571042001	6000004;100000051		monster/monster_01											1
31043090		5	30204301	3107	1043	1043	1	2	2	1	511043001	521043001					571043001	6000001;100000051		monster/monster_01											1
31018091		5	30201841	3107	1018	1018	1	3	2	1	511018002	521018002					571018002	6000001;100000051		monster/monster_01											1
31042091		5	30204241	3107	1042	1042	1	1	2	1	511042002	521042002					571042002	6000004;100000051		monster/monster_01											1
31043091		5	30204341	3107	1043	1043	1	2	2	1	511043002	521043002					571043002	6000001;100000051		monster/monster_01											1
31041091		5	30104141	4107	1041	1041	2	4	3	1	511041002	521041003					571041004	6500101;100000052		monster/monster_01											1
31041092		5	30104141	4107	1041	1041	2	4	3	1	511041002	521041003					571041004	6500102;6000003;100000052		monster/monster_01											1
31041093		5	30104141	4107	1041	1041	2	4	3	1	511041002	521041003					571041004	6500103;6000003;100000052		monster/monster_01											1
31005089		5	30100501	2207	1005	1005	1	4	1	1	511005003	521005003					571005001	6000001		monster/monster_01											1
31040089		5	30104001	2207	1040	1040	1	2	1	1	511040001	521040004					571040004	6000003		monster/monster_01											1
31016089		5	30101601	2207	1016	1016	1	1	1	1	511016001	521016001					571016001	6000004		monster/monster_03											1
31009089		5	30100901	2207	1009	1009	1	1	1	1	511009001	521009001					571009001	6000004		monster/monster_01											1
31040087		5	30104041	2207	1040	1040	1	2	1	1	511040003	521040004					571040004	6000001		monster/monster_01											1
31016087		5	30101641	2207	1016	1016	1	1	1	1	511016002	521016002					571016002	6000004		monster/monster_03											1
31046089		5	30104601	2207	1046	1046	1	5	1	1	511046001	521046003					571046001	6000001		monster/monster_01											1
31005090		5	30200501	3207	1005	1005	1	4	1	1	511005003	521005001					571005001	6000001		monster/monster_01											1
31040090		5	30204001	3207	1040	1040	1	2	1	1	511040001						571040004	6000001		monster/monster_01_oneskill											1
31016090		5	30201601	3207	1016	1016	1	1	1	1	511016001	521016001					571016001	6000004		monster/monster_01											1
31009090		5	30200901	3207	1009	1009	1	1	1	1	511009001	521009001					571009001	6000004		monster/monster_01											1
31040091		5	30204041	3207	1040	1040	1	2	1	1	511040003	521040004					571040004	6000003		monster/monster_01											1
31016091		5	30201641	3207	1016	1016	1	1	1	1	511016002	521016002					571016002	6000004		monster/monster_03											1
34031088		5	30403101	4207	4031	4031	2	1	2	1	514031001	524031001	534031001				574031001	100000051		monster/monster_34031001_01_easy											1
34031089		5	30403101	4207	4031	4031	2	1	2	1	514031001	524031001	534031001				574031001	100000051;6000004		monster/monster_34031001_01_easy											1
31052089		5	30105201	2107	1052	1052	1	2	1	3	511052001						571052003	6000001;6500309		monster/monster_01_oneskill											1
31053089		5	30105301	2107	1053	1053	1	4	1	3	511053001						571052003	6000003;6500308		monster/monster_01_oneskill											1
31052088		5	30105201	2107	1052	1052	1	2	1	3	511052001						571052003	6000001		monster/monster_01_oneskill											1
31053088		5	30105301	2107	1053	1053	1	4	1	3	511053001						571052003	6000003		monster/monster_01_oneskill											1
31052087		5	30105241	2107	1052	1052	1	2	1	3	511052002	521052002					571052002	6000001;6500309		monster/monster_01											1
31053087		5	30105342	2107	1053	1053	1	4	1	3	511053002	521053002					571053002	6000003;6500308		monster/monster_01											1
31052090		5	30205201	3107	1052	1052	1	2	2	3	511052001						571052003	100000051;6000001;6500309		monster/monster_01_oneskill											1
31053090		5	30205301	3107	1053	1053	1	4	2	3	511053001						571052003	100000051;6000003;6500308		monster/monster_01_oneskill											1
31052091		5	30205241	3107	1052	1052	1	2	2	3	511052002	521052002					571052002	100000051;6000001;6500309		monster/monster_01											1
31053091		5	30205342	3107	1053	1053	1	4	2	3	511053002	521053002					571053002	100000051;6000003;6500308		monster/monster_01											1
31052086		5	30105241	2107	1052	1052	1	2	1	3	511052002	521052002					571052002	6000001		monster/monster_01											1
31053086		5	30105342	2107	1053	1053	1	4	1	3	511053002	521053002					571053002	6000003		monster/monster_01											1
31052096		5	30205201	3107	1052	1052	1	2	2	3	511052001						571052003	6000001		monster/monster_01_oneskill											1
31053096		5	30205301	3107	1053	1053	1	4	2	3	511053001						571052003	6000003		monster/monster_01_oneskill											1
31052095		5	30205241	3107	1052	1052	1	2	2	3	511052002	521052002					571052002	6000001		monster/monster_01											1
31053095		5	30205342	3107	1053	1053	1	4	2	3	511053002	521053002					571053002	6000003		monster/monster_01											1
34016089		5	30401601	3107	4016	4016	2	2	2	3	514016001	524016002	534016002				574016002	100000051;6000001;6500309		monster/monster_34016001_01											1
34018089		5	30401801	3107	4018	4018	2	5	2	3	514018001	524018001	534018002				574018002	100000051;6000003;6500308		monster/monster_34018001_01											1
34017089		5	30401701	4107	4017	4017	2	5	2	3	514017001	524017001	534017003				574017001	100000051;6000002;6500309		monster/monster_34017001_01											1
31026089		5	30102601	2207	1026	1026	1	4	1	1	511026001	521026002					571026001	6000003		monster/monster_01											1
31102089		5	30110201	2207	1102	1102	1	4	1	1	511102001	521102001					571102002	6000001		monster/monster_01											1
31103089		5	30110301	2207	1103	1103	1	3	1	1	511103001	521103002					571103001	6000002		monster/monster_01											1
31104089		5	30110401	2207	1104	1104	1	2	1	1	511104001	521104001					571104001	6000001		monster/monster_01											1
31026090		5	30202601	3207	1026	1026	1	4	2	1	511026001	521026002					571026001	6000003;100000051		monster/monster_01											1
31102090		5	30210201	3207	1102	1102	1	4	2	1	511102001	521102001					571102002	6000003;100000051		monster/monster_01											1
31103090		5	30210301	3207	1103	1103	1	3	2	1	511103001	521103002					571103001	6000003;100000051		monster/monster_01											1
31104090		5	30210401	3207	1104	1104	1	2	2	1	511104001	521104001					571104001	6000001;100000051		monster/monster_01											1
34015089		3	30501501	4207	1026	1026	2	5	3	1	514015001	524015002					574015001	100000052;104021060;6000003		monster/monster_34015001_01											1
31002089		5	30100201	2307	1002	1002	1	2	1	1	511002001	521002002					571002001	6000001		monster/monster_01											1
31003089		5	30100301	2307	1003	1003	1	5	1	1	511003001	521003001					571003001	6000002		monster/monster_01											1
31004089		5	30100401	2307	1004	1004	1	3	1	1	511004001	521004001					571004001	6000003		monster/monster_01											1
31056089		5	30105601	2307	1056	1056	1	3	1	1	511056001	521056001					571056002	6000002		monster/monster_01											1
31017089		5	30101701	2307	1017	1017	1	5	1	1	511017001	521017003					571017001	6000001		monster/monster_01											1
31017087		5	30101741	2307	1017	1017	1	5	1	1	511017002	521017003					571017002	6000001		monster/monster_01											1
31002090		5	30200201	3307	1002	1002	1	2	1	1	511002001	521002002					571002001	6000001		monster/monster_01											1
31003090		5	30200301	3307	1003	1003	1	5	1	1	511003001	521003001					571003001	6000002		monster/monster_01											1
31004090		5	30200401	3307	1004	1004	1	3	1	1	511004001	521004001					571004001	6000001		monster/monster_01											1
31056090		5	30205601	3307	1056	1056	1	3	1	1	511056001	521056001					571056002	6000002		monster/monster_01											1
31017090		5	30201701	3307	1017	1017	1	5	1	1	511017001	521017003					571017001	6000003		monster/monster_01											1
31017091		5	30201741	3307	1017	1017	1	5	1	1	511017002	521017003					571017002	6000001		monster/monster_01											1
34003089		5	30400301	4307	4003	4003	2	2	2	1	514003001	524003001	534003003	544003001			574003001	100000051;6000003		monster/monster_34003001_01											1
31013089		5	30101301	2207	1013	1013	1	4	1	1	511013001	521013001					571013001	6000001		monster/monster_01											1
31014089		5	30101401	2207	1014	1014	1	4	1	1	511014001	521014001					571014001	6000002		monster/monster_01											1
31054089		5	30105401	2207	1054	1054	1	2	1	1	511054001	521054001					571054001	6000003		monster/monster_01											1
31055089		5	30105501	2207	1055	1055	1	2	1	1	511055001	521055001					571055001	6000003		monster/monster_01											1
31014087		5	30101441	2207	1014	1014	1	4	1	1	511014002	521014002					571014002	6000002		monster/monster_01											1
31013090		5	30201301	3207	1013	1013	1	4	2	1	511013001	521013001					571013001	6000001;100000051		monster/monster_01											1
31014090		5	30201401	3207	1014	1014	1	4	2	1	511014001	521014001					571014001	6000002;100000051		monster/monster_01											1
31054091		5	30205401	3207	1054	1054	1	2	2	1	511054001	521054001					571054001	6000001;100000051		monster/monster_01											1
31055091		5	30205501	3207	1055	1055	1	2	2	1	511055001	521055001					571055001	6000001;100000051		monster/monster_01											1
31014091		5	30201441	3207	1014	1014	1	4	2	1	511014002	521014002					571014002	6000002;100000051		monster/monster_01											1
34035089		5	30403501	4207	4035	4035	2	4	3	1	514035001	524035001	534035003				574035001	100000052;104021060;6000003		monster/monster_34035001_01											1
31023088		5	30102301	2107	1023	1023	1	3	1	1	511023001	521023001					571023004			monster/monster_01											1
31024088		5	30102401	2107	1024	1024	1	5	1	1	511024001	521024004					571024004			monster/monster_01											1
31023085		5	30102341	2107	1023	1023	1	3	1	1	511023002	521023005					571023002			monster/monster_01											1
31024085		5	30102441	2107	1024	1024	1	5	1	1	511024002	521024004					571024002			monster/monster_01											1
31023084		5	30102343	2107	1023	1023	1	3	1	1	511023003	521023003					571023003			monster/monster_01											1
31024084		5	30102443	2107	1024	1024	1	5	1	1	511024003	521024004					571024005			monster/monster_01											1
31023081		5	30202301	3107	1023	1023	1	3	1	1	511023001	521023001					571023001	6000003		monster/monster_01											1
31024081		5	30202401	3107	1024	1024	1	5	1	1	511024001	521024001					571024001	6000001		monster/monster_01											1
31023080		5	30202341	3107	1023	1023	1	3	1	1	511023002	521023002					571023002	6000001		monster/monster_01											1
31024080		5	30202441	3107	1024	1024	1	5	1	1	511024002	521024002					571024002	6000003		monster/monster_01											1
31023079		5	30202343	3107	1023	1023	1	3	1	1	511023003	521023003					571023003	6000001		monster/monster_01											1
31024079		5	30202443	3107	1024	1024	1	5	1	1	511024003	521024003					571024003	6000003		monster/monster_01											1
34020089		5	30402001	4107	4020	4020	2	2	1	1	514020003						574020001	6000003;6600101;6600103		monster/monster_34020001_oneskill											1
31050086		5	30105001	2107	1050	1050	1	4	1	1	511050001	521050003					571050001			monster/monster_01											1
31051086		5	30105101	2107	1051	1051	1	5	1	1	511051001	521051001					571051001			monster/monster_03											1
31050085		5	30105041	2107	1050	1050	1	4	1	1	511050002	521050003					571050003			monster/monster_01											1
31051085		5	30105141	2107	1051	1051	1	5	1	1	511051002	521051001					571051002			monster/monster_03											1
31050080		5	30205001	3207	1050	1050	1	4	1	1	511050001	521050001					571050001	6000002		monster/monster_01											1
31051080		5	30205101	3207	1051	1051	1	5	1	1	511051001	521051001					571051001	6000002		monster/monster_01											1
31050079		5	30205041	3207	1050	1050	1	4	1	1	511050002	521050002					571050002	6000002		monster/monster_01											1
31051079		5	30205141	3207	1051	1051	1	5	1	1	511051002	521051002					571051002	6000002		monster/monster_03											1
34034088		5	30403401	4107	4034	4034	2	5	1	1	514034001	524034002	534034001				574034002			monster/monster_34034001_hp											1
31060086		5	30106001	2107	1060	1060	1	2	1	1	511060003	521060003					571060001			monster/monster_01											1
31060085		5	30106041	2107	1060	1060	1	2	1	1	511060002	521060003					571060003			monster/monster_01											1
31060080		5	30206001	3107	1060	1060	1	2	1	1	511060001	521060001					571060001	6000003		monster/monster_01											1
31060079		5	30206041	3107	1060	1060	1	2	1	1	511060002	521060002					571060002	6000003		monster/monster_01											1
34041088		5	30404101	4107	4041	4041	2	4	2	1	514041001	524041001	534041001	544041001			574041001	100000051;6000001;6600201		monster/monster_34041001_ult											1
31044088		5	30104401	2307	1044	1044	1	3	1	1	511044001	521044001					571044001	6000004		monster/monster_01											1
31045088		5	30104501	2107	1045	1045	1	2	1	1	511045001	521045001					571045001	6000003		monster/monster_01											1
31015088		5	30101501	2107	1015	1015	1	2	1	1	511015001	521015001					571015001	6000001		monster/monster_01											1
31006088		5	30100601	2107	1006	1006	1	4	1	1	511006001						571006001	6000003		monster/monster_01_oneskill											1
31044087		5	30204401	3307	1044	1044	1	3	1	1	511044001	521044001					571044001	6000004		monster/monster_01											1
31045086		5	30204501	3107	1045	1045	1	2	1	1	511045001	521045001					571045001	6000001		monster/monster_01											1
31015087		5	30201501	3107	1015	1015	1	2	1	1	511015001	521015001					571015001	6000001		monster/monster_01											1
31006086		5	30200601	3107	1006	1006	1	4	1	1	511006001						571006001	6000003		monster/monster_01_oneskill											1
34026087		5	30402601	4307	4026	4026	1	5	2	1	514026001	524026001	534026001				574026001	6000002		monster/monster_34026001_01											1
31006089		5	30100601	2107	1006	1006	1	4	1	1	511006001						571006001	6000003		monster/monster_01_oneskill											1
31007089		5	30100701	2207	1007	1007	1	5	1	1	511007001	521007001					571007001	6000003		monster/monster_01											1
31010089		5	30101001	2107	1010	1010	1	5	1	1	511010001	521010001					571010001	6000001		monster/monster_01											1
31011089		5	30101101	2107	1011	1011	1	5	1	1	511011001	521011001					571011001	6000003		monster/monster_01											1
31012089		5	30101201	2107	1012	1012	1	3	1	1	511012001	521012001					571012001	6000003		monster/monster_01											1
31015089		5	30101501	2107	1015	1015	1	2	1	1	511015001	521015001					571015001	6000001		monster/monster_01											1
31019089		5	30101901	2107	1019	1019	1	4	1	1	511019001	521019001					571019001	6000001		monster/monster_01											1
31021089		5	30102101	2107	1021	1021	1	3	1	1	511021001	521021001					571021001	6000001		monster/monster_01											1
31022089		5	30102201	2107	1022	1022	1	4	1	1	511022001	521022001					571022001	6000003		monster/monster_01											1
31028089		5	30102801	2107	1023	1023	1	3	1	1	511023001	521028001					571028001	6000003		monster/monster_01											1
31029089		5	30102901	2107	1024	1024	1	5	1	1	511024001	521029001					571024001	6000001		monster/monster_01											1
31025089		5	30102501	2107	1025	1025	1	5	1	1	511025001						571025001	6000003		monster/monster_31022001_001											1
31030089		5	30103001	2107	1030	1030	1	3	1	1	511030001						571030001	6000001		monster/monster_01_oneskill											1
31031089		5	30103101	2107	1031	1031	1	4	1	1	511031001	521031001					571031001	6000001		monster/monster_01											1
31044089		5	30104401	2307	1044	1044	1	3	1	1	511044001	521044001					571044001	6000004		monster/monster_01											1
31045089		5	30104501	2107	1045	1045	1	2	1	1	511045001	521045001					571045001	6000003		monster/monster_01											1
31058089		5	30105801	2107	1058	1058	1	3	1	1	511058001	521058001					571058001	6000001		monster/monster_01											1
31059089		5	30105901	2307	1059	1059	1	4	1	1	511059001	521059001					571059001	6000002;61059003;61059004		monster/monster_01											1
31110089		5	11100201	2307	111002	111002	1	2	1	1	511110021	521110021					571110021	6000002		monster/monster_01											1
31120089		5	11200801	2207	112008	112008	1	5	1	1	511120081	521120081					571120081	6000001		monster/monster_01											1
34004089		5	30400401	4107	4004	4004	2	2	2	1	514004001	524004001	534004001				574004001	100000051;6000003		monster/monster_34004001_01											1
34005089		5	30400501	4107	4005	4005	2	4	2	1	514005001	524005001	534005001	544005001	554005001	564005001	574005001	100000051;104021060;6000001		monster/monster_34005001_01											1
34007089		5	30400701	4107	4007	4007	2	4	2	1	514007001	524007001	534007001				574007001	100000051;6000001		monster/monster_34007001_01											1
34008089		5	30400801	4207	4008	4008	2	2	2	1	514008001	524008001	534008001				574008001	100000051;6000004		monster/monster_34008001_01											1
34009089		5	30400901	4107	4009	4009	2	2	2	1	514009001	524009001	534009001	544009001	554009001	564009001	574009001	100000051;6000001		monster/monster_34009001_01											1
34010089		5	30401001	4107	4010	4010	2	2	2	1	514010001	524010001	534010001				574010001	100000051;104021060;6000003		monster/monster_34010001_01											1
34021089		5	30402101	4107	4021	4021	2	2	2	1	514021001	524021001	534021001	544021001	554021001		574021001	100000051;6000003		monster/monster_34021001_01											1
34022089		5	30402201	4107	4022	4022	2	2	2	1	514022001	524022001					574022001	100000051;6000003		monster/monster_01											1
34025089		5	30402501	4207	4025	4025	2	2	2	1	514025001	524025001	534025001	544025001			574025002	100000051;6000002		monster/monster_34025001_01											1
34026089		5	30402601	4307	4026	4026	2	5	2	1	514026001	524026001	534026001				574026001	100000051;6000002		monster/monster_34026001_01											1
34030089		5	30403001	4107	4030	4030	2	2	2	1	514030001	524030001	534030001	544030001	554030001	564030001	574030001	100000051;6000001		monster/monster_34030001_01											1
34033089		5	30403301	4107	4033	4033	2	3	2	1	514033001	524033001	534033001	544033001	554033001		574033001	100000051;6000001		monster/monster_34033001_01											1
34036089		5	30403601	4107	4036	4036	2	4	2	1	514036001	524036001	534036001				574036001	100000051;6000001		monster/monster_34036001_01											1
34037089		5	30403701	4107	4037	4037	2	3	2	1	514037001	524037002	534037001				574037001	100000051;104021060;6000003		monster/monster_34037001_01_pt											1
34040089		5	30404001	4207	4040	4040	2	2	2	1	514040001	524040001	534040001				574040001	100000051;6000002		monster/monster_34040001_01											1
34041089		5	30404101	4107	4041	4041	2	4	2	1	514041001	524041001	534041001	544041001			574041001	100000051;6000001		monster/monster_34041001_01											1
38001089		5	30800101	4107	8001	8001	2	2	2	1	518001001	528001001	538001001	548001001	558001001	568001001	578001001	100000051;6000003		monster/monster_38001001_01											1
38002089		5	30800201	4107	8002	8002	2	4	2	1	518002001	528002001	538002001	548002001	558002001	568002001	578002001	100000051;6000003		monster/monster_38002001_01											1
31150089		5	11500801	4107	115008	115008	2	4	2	1	511115008	521115008					571115008	100000051;6000001		monster/monster_01											1
31210089		5	12100801	4107	121008	121008	2	4	2	1	511121008	521121008					571121008	100000051;6000003		monster/monster_01											1
34023089		5	30402301	4107	4023	4023	2	2	2	1	514023001	524023001					574023001	100000051;6000001		monster/monster_01											1
38010089		5	30801091	4107	8010		2	2	2	3	518010002	528010001	538010001	548010001			558010001			monster/monster_38010081_02											1
34025088		5	30402501	4207	4025	4025	2	2	2	1	514025002	524025001	534025001	544025001			574025001	100000051;6000002		monster/monster_34025001_01											1
34005088		5	30400501	4107	4005	4005	2	4	2	1	514005002	524005002	534005001	544005001	554005001	564005001	574005001	100000051;104021060;6000001		monster/monster_34005001_01											1
34026088		5	30402601	4307	4026	4026	2	5	2	1	514026001	524026002	534026001				574026001	100000051;6000005		monster/monster_34026001_01											1
34008088		5	30400801	4307	4008	4008	2	2	2	1	514008001	524008001	534008002				574008001	100000051;6000004;104021056;104021057;6200101		monster/monster_34008001_03											1
34001088		5	30400101	4107	4001	4001	2	4	2	1	514001001	524001001	534001001	544001001			574001002	100000051;6000006;104021056;104021057		monster/monster_34001001_01											1
34002088		5	30400201	4107	4002	4002	2	4	2	1	514002002	524002001	534002002	544002001			574002001	100000051;6000003;6999999		monster/monster_34002001_01											1
31005087		5	30100541	2107	1005	1005	1	4	1	1	511005002	521005002					571005002	6000001		monster/monster_01											1
31010087		5	30101041	2107	1010	1010	1	5	1	1	511010002	521010002					571010002	6000001		monster/monster_01											1
31012087		5	30101201	2107	1012	1012	1	3	1	1	511012002	521012002					571012002	6000001		monster/monster_01											1
31022087		5	30102241	2107	1022	1022	1	4	1	1	511022002	521022002					571022002	6000001		monster/monster_01											1
31030087		5	30103041	2107	1030	1030	1	3	1	1	511030002	521030002					571030002	6000001		monster/monster_01											1
31031087		5	30103141	2107	1031	1031	1	4	1	1	511031002	521031002					571031002	6000003		monster/monster_01											1
31019087		5	30101941	2107	1019	1019	1	4	1	1	511019002	521019002					571019002	6000003		monster/monster_01											1
31006087		5	30100641	2107	1006	1006	1	4	1	1	511006002	521006002					571006002	6000003		monster/monster_01											1
31045087		5	30104541	2107	1045	1045	1	2	1	1	511045002	521045002					571045002	6000003		monster/monster_01											1
31006090		5	30200601	3107	1006	1006	1	4	1	1	511006001						571006001	6000003		monster/monster_01_oneskill											1
31007090		5	30200701	3207	1007	1007	1	5	1	1	511007001	521007001					571007001	6000003		monster/monster_01											1
31010090		5	30201001	3107	1010	1010	1	5	1	1	511010001	521010001					571010001	6000001		monster/monster_01											1
31011090		5	30201101	3107	1011	1011	1	5	1	1	511011001	521011001					571011001	6000003		monster/monster_01											1
31012090		5	30201201	3107	1012	1012	1	3	1	1	511012001	521012001					571012001	6000001		monster/monster_01											1
31015090		5	30201501	3107	1015	1015	1	2	1	1	511015001	521015001					571015001	6000001		monster/monster_01											1
31019090		5	30201901	3107	1019	1019	1	4	1	1	511019001	521019001					571019001	6000003		monster/monster_01											1
31021090		5	30202101	3107	1021	1021	1	3	1	1	511021001	521021001					571021001	6000003		monster/monster_01											1
31022090		5	30202201	3107	1022	1022	1	4	1	1	511022001	521022001					571022001	6000003		monster/monster_01											1
31023090		5	30202301	3107	1023	1023	1	3	1	1	511023001	521023001					571023001	6000003		monster/monster_01											1
31024090		5	30202401	3107	1024	1024	1	5	1	1	511024001	521024001					571024001	6000001		monster/monster_01											1
31025090		5	30202501	3107	1025	1025	1	5	1	1	511025001						571025001	6000001		monster/monster_31022001_001											1
31030090		5	30203001	3107	1030	1030	1	3	1	1	511030001						571030001	6000003		monster/monster_01_oneskill											1
31031090		5	30203101	3107	1031	1031	1	4	1	1	511031001	521031001					571031001	6000003		monster/monster_01											1
31044090		5	30204401	3307	1044	1044	1	3	1	1	511044001	521044001					571044001	6000004		monster/monster_01											1
31045090		5	30204501	3107	1045	1045	1	2	1	1	511045001	521045001					571045001	6000001		monster/monster_01											1
31046090		5	30204601	3107	1046	1046	1	5	1	1	511046001	521046001					571046001	6000003		monster/monster_01											1
31050090		5	30205001	3207	1050	1050	1	4	1	1	511050001	521050001					571050001	6000002		monster/monster_01											1
31051090		5	30205101	3207	1051	1051	1	5	1	1	511051001	521051001					571051001	6000002		monster/monster_01											1
31058090		5	30205801	3107	1058	1058	1	3	1	1	511058001	521058001					571058001	6000003		monster/monster_01											1
31059090		5	30205901	3307	1059	1059	1	4	1	1	511059003	521059001					571059001	6000001		monster/monster_01											1
31060090		5	30206001	3107	1060	1060	1	2	1	1	511060001	521060001					571060001	6000003		monster/monster_01											1
31005091		5	30200541	3107	1005	1005	1	4	1	1	511005002	521005002					571005002	6000003		monster/monster_01											1
31023091		5	30202341	3107	1023	1023	1	3	1	1	511023002	521023002					571023002	6000001		monster/monster_01											1
31024091		5	30202441	3107	1024	1024	1	5	1	1	511024002	521024002					571024002	6000003		monster/monster_01											1
31010091		5	30201041	3107	1010	1010	1	5	1	1	511010002	521010002					571010002	6000001		monster/monster_01											1
31012091		5	30201201	3107	1012	1012	1	3	1	1	511012002	521012002					571012002	6000001		monster/monster_01											1
31022091		5	30202241	3107	1022	1022	1	4	1	1	511022002	521022002					571022002	6000003		monster/monster_01											1
31023092		5	30202343	3107	1023	1023	1	3	1	1	511023003	521023003					571023003	6000001		monster/monster_01											1
31024092		5	30202443	3107	1024	1024	1	5	1	1	511024003	521024003					571024003	6000003		monster/monster_01											1
31030091		5	30203041	3107	1030	1030	1	3	1	1	511030002	521030002					571030002	6000003		monster/monster_01											1
31031091		5	30203141	3107	1031	1031	1	4	1	1	511031002	521031002					571031002	6000001		monster/monster_01											1
31019091		5	30201941	3107	1019	1019	1	4	1	1	511019002	521019002					571019002	6000001		monster/monster_01											1
31060091		5	30206041	3107	1060	1060	1	2	1	1	511060002	521060002					571060002	6000003		monster/monster_01											1
31006091		5	30200641	3107	1006	1006	1	4	1	1	511006002	521006002					571006002	6000003		monster/monster_01											1
31050091		5	30205041	3207	1050	1050	1	4	1	1	511050002	521050002					571050002	6000002		monster/monster_01											1
31051091		5	30205141	3207	1051	1051	1	5	1	1	511051002	521051002					571051002	6000002		monster/monster_03											1
31045091		5	30204541	3107	1045	1045	1	2	1	1	511045002	521045002					571045002	6000001		monster/monster_01											1
31020018	2	5	10200101	1708	102001		1	4	1	1										monster/monster_01											1
31030198	2	5	10301901	1708	103019		1	2	1	1										monster/monster_01											1
39040418	2	5	90404101	1708	904041		1	4	1	1										monster/monster_01											1
39040438	2	5	90404301	1708	904043		1	3	1	1										monster/monster_01											1
31010088	2	5	10100801	2708	101008		1	4	1	1										monster/monster_01											1
31010118	2	5	10101101	2708	101011		1	4	1	1										monster/monster_01											1
31050018	2	5	10500101	2708	105001		1	4	1	1										monster/monster_01											1
31060108	2	5	10601001	2708	106010		1	3	1	1										monster/monster_01											1
31070058	2	5	10700501	2708	107005		1	4	1	1										monster/monster_01											1
31110088	2	5	11100801	2708	111008		1	1	1	1										monster/monster_01											1
31130088	2	5	11300801	2708	113008		1	4	1	1										monster/monster_01											1
39040058	2	5	90400501	2708	904005		1	4	1	1										monster/monster_01											1
39040108	2	5	90401001	2708	904010		1	5	1	1										monster/monster_01											1
39040268	2	5	90402601	2708	904026		1	1	1	1										monster/monster_01											1
31020078	2	5	10200701	3708	102007		1	3	1	1										monster/monster_01											1
31030078	2	5	10300701	3708	103007		1	2	1	1										monster/monster_01											1
31040018	2	5	10400101	3708	104001		1	6	1	1										monster/monster_01											1
31100088	2	5	11000801	3708	110008		1	4	1	1										monster/monster_01											1
31140018	2	5	11400101	3708	114001		1	4	1	1										monster/monster_01											1
31090088	2	5	10900801	3708	109008		1	3	1	1										monster/monster_01											1
31170088	2	5	11700801	3708	117008		1	4	1	1										monster/monster_01											1
31040058	2	5	10400501	1708	104005		1	6	1	2										monster/monster_01											1
31050028	2	5	10500201	1708	105002		1	4	1	2										monster/monster_01											1
31060018	2	5	10600101	1708	106001		1	3	1	2										monster/monster_01											1
31080088	2	5	10800801	1708	108008		1	4	1	2										monster/monster_01											1
39040028	2	5	90400201	1708	904002		1	4	1	2										monster/monster_01											1
31030028	2	5	10300201	2708	103002		1	5	1	2										monster/monster_01											1
31040038	2	5	10400301	2708	104003		1	6	1	2										monster/monster_01											1
31050068	2	5	10500601	2708	105006		1	4	1	2										monster/monster_01											1
31120088	2	5	11200801	2708	112008		1	6	1	2										monster/monster_01											1
31140088	2	5	11400801	2708	114008		1	2	1	2										monster/monster_01											1
39040098	2	5	90400901	2708	904009		1	3	1	2										monster/monster_01											1
39040338	2	5	90403301	2708	904033		1	4	1	2										monster/monster_01											1
39080028	2	5	90800201	2708	908002		1	4	1	2										monster/monster_01											1
31010138	2	5	10101301	3708	101013		1	4	1	2										monster/monster_01											1
31020218	2	5	10202101	3708	102021		1	5	1	2										monster/monster_01											1
31030218	2	5	10302101	3708	103021		1	6	1	2										monster/monster_01											1
31060028	2	5	10600201	3708	106002		1	3	1	2										monster/monster_01											1
31070018	2	5	10700101	3708	107001		1	4	1	2										monster/monster_01											1
31080068	2	5	10800601	3708	108006		1	4	1	2										monster/monster_01											1
31110028	2	5	11100201	3708	111002		1	1	1	2										monster/monster_01											1
31310088	2	5	13100801	3708	131008		1	3	1	2										monster/monster_01											1
31010058	2	5	10100501	1708	101005		1	4	1	3										monster/monster_01											1
39040018	2	5	90400101	1708	904001		1	4	1	3										monster/monster_01											1
39040068	2	5	90400601	1708	904006		1	4	1	3										monster/monster_01											1
31020088	2	5	10200801	2708	102008		1	2	1	3										monster/monster_01											1
31030088	2	5	10300801	2708	103008		1	1	1	3										monster/monster_01											1
31040088	2	5	10400801	2708	104008		1	6	1	3										monster/monster_01											1
31060088	2	5	10600801	2708	106008		1	6	1	3										monster/monster_01											1
31070088	2	5	10700801	2708	107008		1	4	1	3										monster/monster_01											1
31080048	2	5	10800401	2708	108004		1	4	1	3										monster/monster_01											1
39040148	2	5	90401401	2708	904014		1	2	1	3										monster/monster_01											1
39040158	2	5	90401501	2708	904015		1	5	1	3										monster/monster_01											1
39040208	2	5	90402001	2708	904020		1	4	1	3										monster/monster_01											1
39040228	2	5	90402201	2708	904022		1	5	1	3										monster/monster_01											1
39040258	2	5	90402501	2708	904025		1	2	1	3										monster/monster_01											1
39040318	2	5	90403101	2708	904031		1	6	1	3										monster/monster_01											1
39040348	2	5	90403401	2708	904034		1	2	1	3										monster/monster_01											1
31150088	2	5	11500801	2708	115008		1	4	1	3										monster/monster_01											1
31210088	2	5	12100801	2708	121008		1	5	1	3										monster/monster_01											1
31050088	2	5	10500801	3708	105008		1	4	1	3										monster/monster_01											1
31080018	2	5	10800101	3708	108001		1	4	1	3										monster/monster_01											1
31120028	2	5	11200201	3708	112002		1	2	1	3										monster/monster_01											1
31130018	2	5	11300101	3708	113001		1	3	1	3										monster/monster_01											1
31270088	2	5	12700801	3708	127008		1	3	1	3										monster/monster_01											1
31300088	2	5	13000801	3708	130008		1	4	1	3										monster/monster_01											1
31002002		5	30100201	2102	1002	1002	1	2	1	1	511002001	521002001					571002001			monster/monster_01											1
31003002		5	30100301	2202	1003	1003	1	5	1	1	511003001	521003001					571003001			monster/monster_01											1
31004002		5	30100401	2102	1004	1004	1	3	1	1	511004001	521004001					571004001			monster/monster_01											1
31005002		5	30100501	2102	1005	1005	1	4	1	1	511005001	521005001					571005001			monster/monster_01											1
31006002		5	30100601	2102	1006	1006	1	4	1	1	511006001						571006001			monster/monster_01_oneskill											1
31007002		5	30100701	2202	1007	1007	1	5	1	1	511007001	521007001					571007001			monster/monster_01											1
31009002		5	30100901	2302	1009	1009	1	1	1	1	511009001	521009001					571009001			monster/monster_01											1
31010002		5	30101001	2102	1010	1010	1	5	1	1	511010001	521010001					571010001			monster/monster_01											1
31011002		5	30101101	2102	1011	1011	1	5	1	1	511011001	521011001					571011001			monster/monster_01											1
31012002		5	30101201	2102	1012	1012	1	3	1	1	511012001	521012001					571012001			monster/monster_01											1
31013002		5	30101301	2102	1013	1013	1	4	1	1	511013001	521013001					571013001			monster/monster_01											1
31014002		5	30101401	2202	1014	1014	1	4	1	1	511014001	521014001					571014001			monster/monster_01											1
31015002		5	30101501	2102	1015	1015	1	2	1	1	511015001	521015001					571015001			monster/monster_01											1
31016002		5	30101601	2302	1016	1016	1	1	1	1	511016001	521016001					571016001			monster/monster_01											1
31017002		5	30101701	2102	1017	1017	1	5	1	1	511017001	521017001					571017001			monster/monster_01											1
31018002		5	30101801	2102	1018	1018	1	3	1	1	511018001	521018001					571018001			monster/monster_01											1
31019002		5	30101901	2102	1019	1019	1	4	1	1	511019001	521019001					571019001			monster/monster_01											1
31020002		5	30102001	2202	1020	1020	1	3	1	1	511020001	521020001					571020001			monster/monster_01											1
31021002		5	30102101	2102	1021	1021	1	3	1	1	511021001	521021001					571021001			monster/monster_01											1
31022002		5	30102201	2102	1022	1022	1	4	1	1	511022001	521022001					571022001			monster/monster_01											1
31023002		5	30102301	2102	1023	1023	1	3	1	1	511023001	521023001					571023001			monster/monster_01											1
31024002		5	30102401	2102	1024	1024	1	5	1	1	511024001	521024001					571024001			monster/monster_01											1
31025002		5	30102501	2102	1025	1025	1	5	1	1	511025001						571025001			monster/monster_31022001_001											1
31026002		5	30102601	2202	1026	1026	1	4	1	1	511026001	521026001					571026001			monster/monster_01											1
31030002		5	30103001	2102	1030	1030	1	3	1	1	511030001						571030001			monster/monster_01_oneskill											1
31031002		5	30103101	2102	1031	1031	1	4	1	1	511031001	521031001					571031001			monster/monster_01											1
31040002		5	30104001	2102	1040	1040	1	2	1	1	511040001						571040001			monster/monster_01_oneskill											1
31041002		5	30104101	2102	1041	1041	1	4	1	1	511041001	521041001					571041001	101041051		monster/monster_01											1
31042002		5	30104201	2302	1042	1042	1	1	1	1	511042001	521042001					571042001			monster/monster_01											1
31043002		5	30104301	2202	1043	1043	1	2	1	1	511043001	521043001					571043001			monster/monster_01											1
31044002		5	30104401	2302	1044	1044	1	3	1	1	511044001	521044001					571044001			monster/monster_01											1
31045002		5	30104501	2102	1045	1045	1	2	1	1	511045001	521045001					571045001			monster/monster_01											1
31046002		5	30104601	2102	1046	1046	1	5	1	1	511046001	521046001					571046001			monster/monster_01											1
31050002		5	30105001	2202	1050	1050	1	4	1	1	511050001	521050001					571050001			monster/monster_01											1
31051002		5	30105101	2202	1051	1051	1	5	1	1	511051001	521051001					571051001			monster/monster_01											1
31052002		5	30105201	2102	1052	1052	1	2	1	1	511052001						571052001			monster/monster_01_oneskill											1
31053002		5	30105301	2102	1053	1053	1	4	1	1	511053001						571053001			monster/monster_01_oneskill											1
31056002		5	30105601	2202	1056	1056	1	3	1	1	511056001	521056001					571056001			monster/monster_01											1
31058002		5	30105801	2102	1058	1058	1	3	1	1	511058001	521058001					571058001			monster/monster_01											1
31059002		5	30105901	2302	1059	1059	1	4	1	1	511059003	521059001					571059001			monster/monster_01											1
31060002		5	30106001	2102	1060	1060	1	2	1	1	511060001	521060001					571060001			monster/monster_01											1
31102002		5	30110201	2102	1102	1102	1	4	1	1	511102001	521102001					571102001			monster/monster_01											1
31103002		5	30110301	2102	1103	1103	1	3	1	1	511103001	521103001					571103001			monster/monster_01											1
31104002		5	30110401	2302	1104	1104	1	2	1	1	511104001	521104001					571104001			monster/monster_01											1
31054002		5	30105401	2102	1054	1054	1	2	1	1	511054001	521054001					571054001			monster/monster_01											1
31055002		5	30105501	2102	1055	1055	1	2	1	1	511055001	521055001					571055001			monster/monster_01											1
34002002		5	30400201	3102	4002	4002	2	4	2	1	514002001	524002001	534002001	544002001			574002001	100000051		monster/monster_34002001_01											1
34001002		5	30400101	3102	4001	4001	2	4	2	1	514001001	524001001	534001001	544001001			574001001	100000051		monster/monster_34001001_01											1
34003002		5	30400301	3102	4003	4003	2	2	2	1	514003001	524003001	534003001	544003001			574003001	100000051		monster/monster_34003001_01											1
34004002		5	30400401	3102	4004	4004	2	2	2	1	514004001	524004001	534004001				574004001	100000051		monster/monster_34004001_01											1
34005002		5	30400501	3102	4005	4005	2	4	2	1	514005001	524005001	534005001	544005001	554005001	564005001	574005001	100000051;104021060		monster/monster_34005001_01											1
34006002		5	30400601	3102	4006	4006	2	4	2	1	514006001	524006001	534006001				574006001	100000051		monster/monster_34006001_01											1
34007002		5	30400701	3102	4007	4007	2	4	2	1	514007001	524007001	534007001				574007001	100000051		monster/monster_34007001_01											1
34008002		5	30400801	3302	4008	4008	2	2	2	1	514008001	524008001	534008001				574008001	100000051		monster/monster_34008001_01											1
34009002		5	30400901	3102	4009	4009	2	2	2	1	514009001	524009001	534009001	544009001	554009001	564009001	574009001	100000051		monster/monster_34009001_01											1
34010002		5	30401001	3102	4010	4010	2	2	2	1	514010001	524010001	534010001				574010001	100000051;104021060		monster/monster_34010001_01											1
34014002		5	30401401	3202	4014	4014	2	5	2	1	514014001	524014001					574014001	100000051		monster/monster_34014001_01											1
34015002		3	30401501	3302	4015	4015	2	5	2	1	514015001	524015001					574015001	100000051;104021060		monster/monster_34015001_01											1
34016002		5	30401601	3102	4016	4016	2	2	2	1	514016001	524016001	534016001				574016001	100000051		monster/monster_34016001_01											1
34017002		5	30401701	3202	4017	4017	2	5	2	1	514017001	524017001	534017001				574017001	100000051		monster/monster_34017001_01											1
34018002		5	30401801	3102	4018	4018	2	5	2	1	514018001	524018001	534018001				574018001	100000051		monster/monster_34018001_01											1
34020002		5	30402001	3102	4020	4020	2	2	2	1	514020001	524020001	534020001				574020001	100000051		monster/monster_34020001_01											1
34021002		5	30402101	3102	4021	4021	2	2	2	1	514021001	524021001	534021001	544021001	554021001		574021001	100000051		monster/monster_34021001_01											1
34022002		5	30402201	3102	4022	4022	2	2	2	1	514022001	524022001					574022001	100000051		monster/monster_01											1
34025002		5	30402501	3302	4025	4025	2	2	2	1	514025001	524025001	534025001	544025001			574025001	100000051		monster/monster_34025001_01											1
34026002		5	30402601	3202	4026	4026	2	5	2	1	514026001	524026001	534026001				574026001	100000051		monster/monster_34026001_01											1
34030002		5	30403001	3102	4030	4030	2	2	2	1	514030001	524030001	534030001	544030001	554030001	564030001	574030001	100000051		monster/monster_34030001_01											1
34031002		5	30403101	3302	4031	4031	2	1	2	1	514031001	524031001	534031001	544031001	554031001	564031001	574031001	100000051		monster/monster_34031001_01											1
34033002		5	30403301	3102	4033	4033	2	3	2	1	514033001	524033001	534033001	544033001	554033001		574033001	100000051		monster/monster_34033001_01											1
34034002		5	30403401	3102	4034	4034	2	5	2	1	514034001	524034001	534034001				574034001	100000051		monster/monster_34034001_01											1
34035002		5	30403501	3102	4035	4035	2	4	2	1	514035001	524035001	534035001				574035001	100000051;104021060		monster/monster_34035001_01											1
34036002		5	30403601	3102	4036	4036	2	4	4	1	514036001	524036001	534036001				574036001	100000051		monster/monster_34036001_01											1
34037002		5	30403701	3102	4037	4037	2	3	2	1	514037001	524037001	534037001				574037001	100000051;104021060		monster/monster_34037001_01											1
34040002		5	30404001	3202	4040	4040	2	2	2	1	514040001	524040001	534040001				574040001	100000051		monster/monster_34040001_01											1
34041002		5	30404101	3102	4041	4041	2	4	2	1	514041001	524041001	534041001	544041001			574041001	100000051		monster/monster_34041001_01											1
34043002		5	30404301	3102	4043	4043	2	2	2	1	514043001	524043001					574043001	100000051		monster/monster_34043001_01											1
38001002		5	30800101	3102	8001	8001	2	2	2	1	518001001	528001001	538001001	548001001	558001001	568001001	578001001	100000051		monster/monster_38001001_01											1
38002002		5	30800201	3102	8002	8002	2	4	2	1	518002001	528002001	538002001	548002001	558002001	568002001	578002001	100000051		monster/monster_38002001_01											1
34023002		5	30402301	3102	4023	4023	2	2	2	1	514023001	524023001					574023001	100000051		monster/monster_01											1
34002006		5	30400201	4103	4002	4002	2	4	3	1	514002001	524002001	534002001	544002001			574002001	100000052		monster/monster_01											1
34001006		5	30400101	4103	4001	4001	2	4	3	1	514001001	524001001	534001001	544001001			574001001	100000052		monster/monster_01											1
34003006		5	30400301	4103	4003	4003	2	2	3	1	514003001	524003001	534003001	544003001			574003001	100000052		monster/monster_01											1
34004006		5	30400401	4103	4004	4004	2	2	3	1	514004001	524004001	534004001				574004001	100000052		monster/monster_34008001_01											1
34005006		5	30400501	4103	4005	4005	2	4	3	1	514005001	524005001	534005001	544005001	554005001	564005001	574005001	100000052		monster/monster_34005001_01											1
34006006		5	30400601	4103	4006	4006	2	4	3	1	514006001	524006001	534006001				574006001	100000052		monster/monster_01											1
34007006		5	30400701	4103	4007	4007	2	4	3	1	514007001	524007001	534007001				574007001	100000052		monster/monster_01											1
34008006		5	30400801	4303	4008	4008	2	2	3	1	514008001	524008001	534008001				574008001	100000052		monster/monster_34008001_01											1
34009006		5	30400901	4103	4009	4009	2	2	3	1	514009001	524009001	534009001	544009001	554009001	564009001	574009001	100000052		monster/monster_01											1
34010006		5	30401001	4103	4010	4010	2	2	3	1	514010001	524010001	534010001				574010001	100000052		monster/monster_01											1
34014006		5	30401401	4203	4014	4014	2	5	3	1	514014001	524014001					574014001	100000052		monster/monster_01											1
34015006		3	30401501	4303	4015	4015	2	5	3	1	514015001	524015001					574015001	100000052		monster/monster_34015001_01											1
34016006		5	30401601	4103	4016	4016	2	2	3	1	514016001	524016001	534016001				574016001	100000052		monster/monster_01											1
34017006		5	30401701	4203	4017	4017	2	5	3	1	514017001	524017001	534017001				574017001	100000052		monster/monster_34017001_01											1
34018006		5	30401801	4103	4018	4018	2	5	3	1	514018001	524018001	534018001				574018001	100000052		monster/monster_01											1
34020006		5	30402001	4103	4020	4020	2	2	3	1	514020001	524020001	534020001				574020001	100000052		monster/monster_01											1
34021006		5	30402101	4103	4021	4021	2	2	3	1	514021001	524021001	534021001	544021001	554021001		574021001	100000052		monster/monster_01											1
34022006		5	30402201	4103	4022	4022	2	2	3	1	514022001	524022001					574022001	100000052		monster/monster_01											1
34025006		5	30402501	4303	4025	4025	2	2	3	1	514025001	524025001	534025001	544025001			574025001	100000052		monster/monster_34025007_01											1
34026006		5	30402601	4203	4026	4026	2	5	3	1	514026001	524026001	534026001				574026001	100000052		monster/monster_01											1
34030006		5	30403001	4103	4030	4030	2	2	3	1	514030001	524030001	534030001	544030001	554030001	564030001	574030001	100000052		monster/monster_34030001_01											1
34031006		5	30403101	4303	4031	4031	2	1	3	1	514031001	524031001	534031001	544031001	554031001	564031001	574031001	100000052		monster/monster_01											1
34033006		5	30403301	4103	4033	4033	2	3	3	1	514033001	524033001	534033001	544033001	554033001		574033001	100000052		monster/monster_01											1
34034006		5	30403401	4103	4034	4034	2	5	3	1	514034001	524034001	534034001				574034001	100000052		monster/monster_01											1
34035006		5	30403501	4103	4035	4035	2	4	3	1	514035001	524035001	534035001				574035001	100000052		monster/monster_34036001_01											1
34036006		5	30403601	4103	4036	4036	2	4	3	1	514036001	524036001	534036001				574036001	100000052		monster/monster_34036001_01											1
34037006		5	30403701	4103	4037	4037	2	3	3	1	514037001	524037001	534037001				574037001	100000052		monster/monster_34037001_01											1
34040006		5	30404001	4203	4040	4040	2	2	3	1	514040001	524040001	534040001				574040001	100000052		monster/monster_01											1
34041006		5	30404101	4103	4041	4041	2	4	3	1	514041001	524041001	534041001	544041001			574041001	100000052		monster/monster_01											1
34043006		5	30404301	4103	4043	4043	2	2	3	1	514043001	524043001					574043001	100000052		monster/monster_01											1
38001006		5	30800101	4103	8001	8001	2	2	3	1	518001001	528001001	538001001	548001001	558001001	568001001	578001001	100000052		monster/monster_01											1
38006006		5	30800201	4103	8002	8002	2	4	3	1	518002001	528002001	538002001	548002001	558002001	568002001	578002001	100000052		monster/monster_01											1
34023006		5	30402301	4103	4023	4023	2	2	3	1	514023001	524023001					574023001	100000052		monster/monster_01											1
34002007		5	30400201	4103	4002	4002	2	4	4	1	514002001	524002001	534002001	544002001			574002001	100000050		monster/monster_01											1
34001007		5	30400101	4103	4001	4001	2	4	4	1	514001001	524001001	534001001	544001001			574001001	100000050		monster/monster_01											1
34003007		5	30400301	4103	4003	4003	2	2	4	1	514003001	524003001	534003001	544003001			574003001	100000050		monster/monster_01											1
34004007		5	30400401	4103	4004	4004	2	2	4	1	514004002	524004002	534004002				574004002	100000050		monster/monster_34008001_01											1
34005007		5	30400501	4103	4005	4005	2	4	4	1	514005001	524005001	534005001	544005001	554005001	564005001	574005001	100000050;104005053		monster/monster_34005001_01	104005053										1
34006007		5	30400601	4103	4006	4006	2	4	4	1	514006001	524006001	534006001				574006001	100000050		monster/monster_01											1
34007007		5	30400701	4103	4007	4007	2	4	4	1	514007001	524007001	534007001				574007001	100000050		monster/monster_01											1
34008007		5	30400801	4303	4008	4008	2	2	4	1	514008001	524008001	534008001	544008001	554008001	564008001	574008001	100000050		monster/monster_34008001_02											1
34009007		5	30400901	4103	4009	4009	2	2	4	1	514009001	524009001	534009001	544009001	554009001	564009001	574009001	100000050		monster/monster_01											1
34010007		5	30401001	4103	4010	4010	2	2	4	1	514010001	524010001	534010001				574010001	100000050		monster/monster_01											1
34014007		5	30401401	4203	4014	4014	2	5	4	1	514014001	524014001					574014001	100000050		monster/monster_01											1
34015007		3	30401501	4303	4015	4015	2	5	4	1	514015001	524015001					574015001	100000050		monster/monster_01											1
34016007		5	30401601	4103	4016	4016	2	2	4	1	514016001	524016001	534016001				574016001	100000050		monster/monster_01											1
34017007		5	30401701	4203	4017	4017	2	5	4	1	514017002	524017002	534017002				574017002	100000050		monster/monster_34017001_01											1
34018007		5	30401801	4103	4018	4018	2	5	4	1	514018001	524018001	534018001				574018001	100000050		monster/monster_01											1
34020007		5	30402001	4103	4020	4020	2	2	4	1	514020001	524020001	534020001				574020001	100000050		monster/monster_01											1
34021007		5	30402101	4103	4021	4021	2	2	4	1	514021001	524021001	534021001	544021001	554021001		574021001	100000050		monster/monster_01											1
34022007		5	30402201	4103	4022	4022	2	2	4	1	514022001	524022001					574022001	100000050		monster/monster_01											1
34025007		5	30402501	4303	4025	4025	2	2	4	1	514025001	524025001	534025001	544025001			574025001	100000050;104025053		monster/monster_34025007_01											1
34026007		5	30402601	4203	4026	4026	2	5	4	1	514026001	524026001	534026001				574026001	100000050		monster/monster_01											1
34030007		5	30403001	4103	4030	4030	2	2	4	1	514030001	524030001	534030001	544030001	554030001	564030001	574030001	100000050;104030053;104030054		monster/monster_34030001_01	104030053										1
34031007		5	30403101	4303	4031	4031	2	1	4	1	514031001	524031001	534031001	544031001	554031001	564031001	574031001	100000050		monster/monster_01											1
34033007		5	30403301	4103	4033	4033	2	3	4	1	514033001	524033001	534033001	544033001	554033001		574033001	100000050		monster/monster_01											1
34034007		5	30403401	4103	4034	4034	2	5	4	1	514034001	524034001	534034001				574034001	100000050		monster/monster_01											1
34035007		5	30403501	4103	4035	4035	2	4	4	1	514035001	524035001	534035001				574035001	100000050		monster/monster_01											1
34037007		5	30403701	4103	4037	4037	2	3	4	1	514037001	524037001	534037001				574037001	100000050		monster/monster_34037001_01											1
34040007		5	30404001	4203	4040	4040	2	2	4	1	514040001	524040001	534040001				574040001	100000050		monster/monster_01											1
34041007		5	30404101	4103	4041	4041	2	4	4	1	514041001	524041001	534041001	544041001			574041001	100000050		monster/monster_01											1
34043007		5	30404301	4103	4043	4043	2	2	4	1	514043001	524043001					574043001	100000050		monster/monster_01											1
38001007		5	30800101	4103	8001	8001	2	2	4	1	518001001	528001001	538001001	548001001	558001001	568001001	578001001	100000050		monster/monster_01											1
38006007		5	30800201	4103	8002	8002	2	4	4	1	518002001	528002001	538002001	548002001	558002001	568002001	578002001	100000050		monster/monster_01											1
34023007		5	30402301	4103	4023	4023	2	2	4	1	514023001	524023001					574023001	100000050		monster/monster_01											1
31005010		5	30100541	2102	1005	1005	1	4	1	1	511005002	521005002					571005002			monster/monster_01											1
31014010		5	30101441	2202	1014	1014	1	4	1	1	511014002	521014002					571014002			monster/monster_01											1
31023011		5	30102341	2102	1023	1023	1	3	1	1	511023002	521023002					571023002			monster/monster_01											1
31024011		5	30102441	2102	1024	1024	1	5	1	1	511024002	521024002					571024002			monster/monster_01											1
31010010		5	30101041	2102	1010	1010	1	5	1	1	511010002	521010002					571010002			monster/monster_01											1
31012010		5	30101201	2102	1012	1012	1	3	1	1	511012002	521012002					571012002			monster/monster_01											1
31018010		5	30101841	2102	1018	1018	1	3	1	1	511018002	521018002					571018002			monster/monster_01											1
31016010		5	30101641	2302	1016	1016	1	1	1	1	511016002	521016002					571016002			monster/monster_03											1
31022010		5	30102241	2102	1022	1022	1	4	1	1	511022002	521022002					571022002			monster/monster_01											1
31023012		5	30102343	2102	1023	1023	1	3	1	1	511023003	521023003					571023003			monster/monster_01											1
31024012		5	30102443	2102	1024	1024	1	5	1	1	511024003	521024003					571024003			monster/monster_01											1
31030010		5	30103041	2102	1030	1030	1	3	1	1	511030002	521030002					571030002			monster/monster_01											1
31031010		5	30103141	2102	1031	1031	1	4	1	1	511031002	521031002					571031002			monster/monster_01											1
31040010		5	30104041	2102	1040	1040	1	2	1	1	511040003	521040003					571040003			monster/monster_01											1
31020010		5	30102041	2202	1020	1020	1	3	1	1	511020002	521020002					571020002			monster/monster_01											1
31042010		5	30104241	2302	1042	1042	1	1	1	1	511042002	521042002					571042002			monster/monster_01											1
31043010		5	30104341	2202	1043	1043	1	2	1	1	511043002	521043002					571043002			monster/monster_01											1
31019010		5	30101941	2102	1019	1019	1	4	1	1	511019002	521019002					571019002			monster/monster_01											1
31052010		5	30105241	2102	1052	1052	1	2	1	1	511052002	521052002					571052002			monster/monster_01											1
31053010		5	30105342	2102	1053	1053	1	4	1	1	511053002	521053002					571053002			monster/monster_01											1
31060010		5	30106041	2102	1060	1060	1	2	1	1	511060002	521060002					571060002			monster/monster_01											1
31006010		5	30100641	2102	1006	1006	1	4	1	1	511006002	521006002					571006002			monster/monster_01											1
31050010		5	30105041	2202	1050	1050	1	4	1	1	511050002	521050002					571050002			monster/monster_01											1
31051010		5	30105141	2202	1051	1051	1	5	1	1	511051002	521051002					571051002			monster/monster_03											1
31017010		5	30101741	2102	1017	1017	1	5	1	1	511017002	521017002					571017002			monster/monster_01											1
31045010		5	30104541	2102	1045	1045	1	2	1	1	511045002	521045002					571045002			monster/monster_01											1
31002007		5	30200201	3102	1002	1002	1	2	2	1	511002001	521002001					571002001	100000051		monster/monster_01											1
31003007		5	30200301	3202	1003	1003	1	5	2	1	511003001	521003001					571003001	100000051		monster/monster_01											1
31004007		5	30200401	3102	1004	1004	1	3	2	1	511004001	521004001					571004001	100000051		monster/monster_01											1
31005007		5	30200501	3102	1005	1005	1	4	2	1	511005001	521005001					571005001	100000051		monster/monster_01											1
31006007		5	30200601	3102	1006	1006	1	4	2	1	511006001						571006001	100000051		monster/monster_01_oneskill											1
31007007		5	30200701	3202	1007	1007	1	5	2	1	511007001	521007001					571007001	100000051		monster/monster_01											1
31009007		5	30200901	3302	1009	1009	1	1	2	1	511009001	521009001					571009001	100000051		monster/monster_01											1
31010007		5	30201001	3102	1010	1010	1	5	2	1	511010001	521010001					571010001	100000051		monster/monster_01											1
31011007		5	30201101	3102	1011	1011	1	5	2	1	511011001	521011001					571011001	100000051		monster/monster_01											1
31012007		5	30201201	3102	1012	1012	1	3	2	1	511012001	521012001					571012001	100000051		monster/monster_01											1
31013007		5	30201301	3102	1013	1013	1	4	2	1	511013001	521013001					571013001	100000051		monster/monster_01											1
31014007		5	30201401	3202	1014	1014	1	4	2	1	511014001	521014001					571014001	100000051		monster/monster_01											1
31015007		5	30201501	3102	1015	1015	1	2	2	1	511015001	521015001					571015001	100000051		monster/monster_01											1
31016007		5	30201601	3302	1016	1016	1	1	2	1	511016001	521016001					571016001	100000051		monster/monster_01											1
31017007		5	30201701	3102	1017	1017	1	5	2	1	511017001	521017001					571017001	100000051		monster/monster_01											1
31018007		5	30201801	3102	1018	1018	1	3	2	1	511018001	521018001					571018001	100000051		monster/monster_01											1
31019007		5	30201901	3102	1019	1019	1	4	2	1	511019001	521019001					571019001	100000051		monster/monster_01											1
31020007		5	30202001	3202	1020	1020	1	3	2	1	511020001	521020001					571020001	100000051		monster/monster_01											1
31021007		5	30202101	3102	1021	1021	1	3	2	1	511021001	521021001					571021001	100000051		monster/monster_01											1
31022007		5	30202201	3102	1022	1022	1	4	2	1	511022001	521022001					571022001	100000051		monster/monster_01											1
31023007		5	30202301	3102	1023	1023	1	3	2	1	511023001	521023001					571023001	100000051		monster/monster_01											1
31024007		5	30202401	3102	1024	1024	1	5	2	1	511024001	521024001					571024001	100000051		monster/monster_01											1
31025007		5	30202501	3102	1025	1025	1	5	2	1	511025001						571025001	100000051		monster/monster_31022001_001											1
31026007		5	30202601	3202	1026	1026	1	4	2	1	511026001	521026001					571026001	100000051		monster/monster_01											1
31030007		5	30203001	3102	1030	1030	1	3	2	1	511030001						571030001	100000051		monster/monster_01_oneskill											1
31031007		5	30203101	3102	1031	1031	1	4	2	1	511031001	521031001					571031001	100000051		monster/monster_01											1
31040007		5	30204001	3102	1040	1040	1	2	2	1	511040001						571040001	100000051		monster/monster_01_oneskill											1
31041007		5	30204101	3102	1041	1041	1	4	2	1	511041001	521041001					571041001	100000051		monster/monster_01											1
31042007		5	30204201	3302	1042	1042	1	1	2	1	511042001	521042001					571042001	100000051		monster/monster_01											1
31043007		5	30204301	3202	1043	1043	1	2	2	1	511043001	521043001					571043001	100000051		monster/monster_01											1
31044007		5	30204401	3302	1044	1044	1	3	2	1	511044001	521044001					571044001	100000051		monster/monster_01											1
31045007		5	30204501	3102	1045	1045	1	2	2	1	511045001	521045001					571045001	100000051		monster/monster_01											1
31046007		5	30204601	3102	1046	1046	1	5	2	1	511046001	521046001					571046001	100000051		monster/monster_01											1
31050007		5	30205001	3202	1050	1050	1	4	2	1	511050001	521050001					571050001	100000051		monster/monster_01											1
31051007		5	30205101	3202	1051	1051	1	5	2	1	511051001	521051001					571051001	100000051		monster/monster_01											1
31052007		5	30205201	3102	1052	1052	1	2	2	1	511052001						571052001	100000051		monster/monster_01_oneskill											1
31053007		5	30205301	3102	1053	1053	1	4	2	1	511053001						571053001	100000051		monster/monster_01_oneskill											1
31056007		5	30205601	3202	1056	1056	1	3	2	1	511056001	521056001					571056001	100000051		monster/monster_01											1
31058007		5	30205801	3102	1058	1058	1	3	2	1	511058001	521058001					571058001	100000051		monster/monster_01											1
31059007		5	30205901	3302	1059	1059	1	4	2	1	511059003	521059001					571059001	100000051		monster/monster_01											1
31060007		5	30206001	3102	1060	1060	1	2	2	1	511060001	521060001					571060001	100000051		monster/monster_01											1
31102007		5	30210201	3102	1102	1102	1	4	2	1	511102001	521102001					571102001	100000051		monster/monster_01											1
31103007		5	30210301	3102	1103	1103	1	3	2	1	511103001	521103001					571103001	100000051		monster/monster_01											1
31104007		5	30210401	3302	1104	1104	1	2	2	1	511104001	521104001					571104001	100000051		monster/monster_01											1
31054007		5	30205401	3102	1054	1054	1	2	2	1	511054001	521054001					571054001	100000051		monster/monster_01											1
31055007		5	30205501	3102	1055	1055	1	2	2	1	511055001	521055001					571055001	100000051		monster/monster_01											1
31041012		5	30104141	4102	1041	1041	1	4	2	1	511041002	521041002					571041002	100000051		monster/monster_01											1
31005015		5	30200541	3102	1005	1005	1	4	2	1	511005002	521005002					571005002	100000051		monster/monster_01											1
31014015		5	30201441	3202	1014	1014	1	4	2	1	511014002	521014002					571014002	100000051		monster/monster_01											1
31023115		5	30202341	3102	1023	1023	1	3	2	1	511023002	521023002					571023002	100000051		monster/monster_01											1
31024115		5	30202441	3102	1024	1024	1	5	2	1	511024002	521024002					571024002	100000051		monster/monster_01											1
31010015		5	30201041	3102	1010	1010	1	5	2	1	511010002	521010002					571010002	100000051		monster/monster_01											1
31012015		5	30201201	3102	1012	1012	1	3	2	1	511012002	521012002					571012002	100000051		monster/monster_01											1
31018015		5	30201841	3102	1018	1018	1	3	2	1	511018002	521018002					571018002	100000051		monster/monster_01											1
31016015		5	30201641	3302	1016	1016	1	1	2	1	511016002	521016002					571016002	100000051		monster/monster_03											1
31022015		5	30202241	3102	1022	1022	1	4	2	1	511022002	521022002					571022002	100000051		monster/monster_01											1
31023216		5	30202343	3102	1023	1023	1	3	2	1	511023003	521023003					571023003	100000051		monster/monster_01											1
31024216		5	30202443	3102	1024	1024	1	5	2	1	511024003	521024003					571024003	100000051		monster/monster_01											1
31030015		5	30203041	3102	1030	1030	1	3	2	1	511030002	521030002					571030002	100000051		monster/monster_01											1
31031015		5	30203141	3102	1031	1031	1	4	2	1	511031002	521031002					571031002	100000051		monster/monster_01											1
31040015		5	30204041	3102	1040	1040	1	2	2	1	511040003	521040003					571040003	100000051		monster/monster_01											1
31020015		5	30202041	3202	1020	1020	1	3	2	1	511020002	521020002					571020002	100000051		monster/monster_01											1
31042015		5	30204241	3302	1042	1042	1	1	2	1	511042002	521042002					571042002	100000051		monster/monster_01											1
31043015		5	30204341	3202	1043	1043	1	2	2	1	511043002	521043002					571043002	100000051		monster/monster_01											1
31019015		5	30201941	3102	1019	1019	1	4	2	1	511019002	521019002					571019002	100000051		monster/monster_01											1
31052015		5	30205241	3102	1052	1052	1	2	2	1	511052002	521052002					571052002	100000051		monster/monster_01											1
31053015		5	30205342	3102	1053	1053	1	4	2	1	511053002	521053002					571053002	100000051		monster/monster_01											1
31060015		5	30206041	3102	1060	1060	1	2	2	1	511060002	521060002					571060002	100000051		monster/monster_01											1
31006015		5	30200641	3102	1006	1006	1	4	2	1	511006002	521006002					571006002	100000051		monster/monster_01											1
31050015		5	30205041	3202	1050	1050	1	4	2	1	511050002	521050002					571050002	100000051		monster/monster_01											1
31051015		5	30205141	3202	1051	1051	1	5	2	1	511051002	521051002					571051002	100000051		monster/monster_03											1
31017015		5	30201741	3102	1017	1017	1	5	2	1	511017002	521017002					571017002	100000051		monster/monster_01											1
31045015		5	30204541	3102	1045	1045	1	2	2	1	511045002	521045002					571045002	100000051		monster/monster_01											1
31041010		5	30104141	3102	1041	1041	1	4	3	1	511041002	521041002					571041002			monster/monster_01											1
34018009		5	30401801	1110	4018	4018	2	5	2	1	514018101	544018101					524018101	54018103;58006107		monster/monster_01											1
34005009		5	30400501	1110	4005	4005	2	4	3	2	514005101	524005101	534005101				544005101	58006107		monster/monster_34037001_01											1
34004009		5	30400401	1110	4004	4004	2	2	2	3	514004101						524004101	54004104;58006107		monster/monster_01_oneskill											1
38006009		5	30800601	1210	8006	8006	2	4	2	4	518006101	568006101					528006101	58006105;58006107;58006107		monster/monster_01											1
31009010		5	30200901	1110	1009	1009	2	1	2	1	511009101	521009101					531009101	51009102;58006107		monster/monster_01											1
34008009		5	30400801	1110	4008	4008	2	2	3	2	514008101	524008101					534008101	54008101;58006107		monster/monster_01											1
31041011		5	30104141	1110	1041	1041	2	4	2	3	511041101	521041101					531041101	51041104;58006107		monster/monster_01											1
34021009		5	30402101	1210	4021	4021	2	2	2	4	514021101	524021101					534021101	54021101;54021103;58006107		monster/monster_01											1
31002051		5	30100201	1111	1002	1002	1	2	1	1	511002001	521002001					571002001			monster/monster_01											1
31003051		5	30100301	1111	1003	1003	1	5	1	1	511003001	521003001					571003001			monster/monster_01											1
31004051		5	30100401	1111	1004	1004	1	3	1	1	511004001	521004001					571004001			monster/monster_01											1
31005051		5	30100501	1111	1005	1005	1	4	1	1	511005001	521005001					571005001			monster/monster_01											1
31006051		5	30100601	1111	1006	1006	1	4	1	1	511006001						571006001			monster/monster_01_oneskill											1
31006052		5	30100601	1111	1006	1006	1	4	1	1	511006001	521006002					571006001			monster/monster_01											1
31007051		5	30100701	1111	1007	1007	1	5	1	1	511007001	521007001					571007001			monster/monster_01											1
31009051		5	30100901	1111	1009	1009	1	1	1	1	511009001	521009001					571009001			monster/monster_01											1
31010051		5	30101001	1111	1010	1010	1	5	1	1	511010001	521010001					571010001			monster/monster_01											1
31011051		5	30101101	1111	1011	1011	1	5	1	1	511011001	521011001					571011001			monster/monster_01											1
31012051		5	30101201	1111	1012	1012	1	3	1	1	511012001	521012001					571012001			monster/monster_01											1
31013051		5	30101301	1111	1013	1013	1	4	1	1	511013001	521013001					571013001			monster/monster_01											1
31014051		5	30101401	1111	1014	1014	1	4	1	1	511014001	521014001					571014001			monster/monster_01											1
31015051		5	30101501	1111	1015	1015	1	2	1	1	511015001	521015001					571015001			monster/monster_01											1
31016051		5	30101601	1111	1016	1016	1	1	1	1	511016001	521016001					571016001			monster/monster_03											1
31017051		5	30101701	1111	1017	1017	1	5	1	1	511017001	521017001					571017001			monster/monster_01											1
31018051		5	30101801	1111	1018	1018	1	3	1	1	511018001	521018001					571018001			monster/monster_01											1
31019051		5	30101901	1111	1019	1019	1	4	1	1	511019001	521019001					571019001			monster/monster_01											1
31020051		5	30102001	1111	1020	1020	1	3	1	1	511020001	521020001					571020001			monster/monster_01											1
31021051		5	30102101	1111	1021	1021	1	3	1	1	511021001	521021001					571021001			monster/monster_01											1
31022051		5	30102201	1111	1022	1022	1	4	1	1	511022001	521022001					571022001			monster/monster_01											1
31023051		5	30102301	1111	1023	1023	1	3	1	1	511023001	521023001					571023001			monster/monster_01											1
31024051		5	30102401	1111	1024	1024	1	5	1	1	511024001	521024001					571024001			monster/monster_01											1
31028051		5	30102801	1111	1023	1023	1	3	1	1	511023001	521023001					571023001			monster/monster_01											1
31029051		5	30102901	1111	1024	1024	1	5	1	1	511024001	521024001					571024001			monster/monster_01											1
31025051		5	30102501	1111	1025	1025	1	5	1	1	511025001						571025001			monster/monster_31022001_001											1
31026051		5	30102601	1111	1026	1026	1	4	1	1	511026001	521026001					571026001			monster/monster_01											1
31030051		5	30103001	1111	1030	1030	1	3	1	1	511030001	521030002					571030001			monster/monster_01											1
31031051		5	30103101	1111	1031	1031	1	4	1	1	511031001	521031001					571031001			monster/monster_01											1
31040051		5	30104001	1111	1040	1040	1	2	1	1	511040001	521040003					571040001			monster/monster_01											1
31041051		5	30104101	1111	1041	1041	1	4	1	1	511041001	521041001					571041001	101041051		monster/monster_01											1
31042051		5	30104201	1111	1042	1042	1	1	1	1	511042001	521042001					571042001			monster/monster_01											1
31043051		5	30104301	1111	1043	1043	1	2	1	1	511043001	521043001					571043001			monster/monster_01											1
31044051		5	30104401	1111	1044	1044	1	3	1	1	511044001	521044001					571044001			monster/monster_01											1
31045051		5	30104501	1111	1045	1045	1	2	1	1	511045001	521045001					571045001			monster/monster_01											1
31046051		5	30104601	1111	1046	1046	1	5	1	1	511046001	521046001					571046001			monster/monster_01											1
31046052		5	30104601	1111	1046	1046	1	5	1	1	511046001	521046002					571046001			monster/monster_01											1
31050051		5	30105001	1111	1050	1050	1	4	1	1	511050001	521050001					571050001			monster/monster_01											1
31051051		5	30105101	1111	1051	1051	1	5	1	1	511051001	521051001					571051001			monster/monster_03											1
31052051		5	30105201	1111	1052	1052	1	2	1	1	511052001						571052001			monster/monster_01_oneskill											1
31053051		5	30105301	1111	1053	1053	1	4	1	1	511053001						571053001			monster/monster_01_oneskill											1
31056051		5	30105601	1111	1056	1056	1	3	1	1	511056001	521056001					571056001			monster/monster_01											1
31058051		5	30105801	1111	1058	1058	1	3	1	1	511058001	521058001					571058001			monster/monster_01											1
31059051		5	30105901	1111	1059	1059	1	4	1	1	511059003	521059001					571059001			monster/monster_01											1
31060051		5	30106001	1111	1060	1060	1	2	1	1	511060001	521060001					571060001			monster/monster_01											1
31102051		5	30110201	1111	1102	1102	1	4	1	1	511102001	521102001					571102001			monster/monster_01											1
31103051		5	30110301	1111	1103	1103	1	3	1	1	511103001	521103001					571103001			monster/monster_01											1
31104051		5	30110401	1111	1104	1104	1	2	1	1	511104001	521104001					571104001			monster/monster_01											1
31054051		5	30105401	1111	1054	1054	1	2	1	1	511054001	521054001					571054001			monster/monster_01											1
31055051		5	30105501	1111	1055	1055	1	2	1	1	511055001	521055001					571055001			monster/monster_01											1
34002051		5	30400201	3111	4002	4002	2	4	2	1	514002001	524002001	534002001	544002001			574002001	100000051		monster/monster_34002001_01											1
34001051		5	30400101	3111	4001	4001	2	4	2	1	514001001	524001001	534001001	544001001			574001001	100000051		monster/monster_34001001_01											1
34003051		5	30400301	3111	4003	4003	2	2	2	1	514003001	524003001	534003001	544003001			574003001	100000051		monster/monster_34003001_01											1
34004051		5	30400401	3111	4004	4004	2	2	2	1	514004001	524004001	534004001				574004001	100000051		monster/monster_34004001_01											1
34005051		5	30400501	3111	4005	4005	2	4	2	1	514005001	524005001	534005001	544005001	554005001	564005001	574005001	100000051;104021060		monster/monster_34005001_01											1
34006051		5	30400601	3111	4006	4006	2	4	2	1	514006001	524006001	534006001				574006001	100000051		monster/monster_34006001_01											1
34006052		5	30400601	3111	4006	4006	2	4	2	1	514006001	524006001	534006001				574006001	100000051		monster/monster_34006001_01											1
34007051		5	30400701	3111	4007	4007	2	4	2	1	514007001	524007001	534007001				574007001	100000051		monster/monster_34007001_01											1
34008051		5	30400801	3111	4008	4008	2	2	2	1	514008001	524008001	534008001				574008001	100000051		monster/monster_34008001_01											1
34009051		5	30400901	3111	4009	4009	2	2	2	1	514009001	524009001	534009001	544009001	554009001	564009001	574009001	100000051		monster/monster_34009001_01											1
34010051		5	30401001	3111	4010	4010	2	2	2	1	514010001	524010001	534010001				574010001	100000051;104021060		monster/monster_34010001_01											1
34014051		5	30401401	3111	4014	4014	2	5	2	1	514014001	524014001					574014001	100000051		monster/monster_34014001_01											1
34015051		3	30501501	3111	1026	1026	2	5	2	1	514015001	524015001					574015001	100000051;104021060		monster/monster_34015001_01											1
34016051		5	30401601	3111	4016	4016	2	2	2	1	514016001	524016001	534016001				574016001	100000051		monster/monster_34016001_01											1
34017051		5	30401701	3111	4017	4017	2	5	2	1	514017001	524017001	534017001				574017001	100000051		monster/monster_34017001_01											1
34018051		5	30401801	3111	4018	4018	2	5	2	1	514018001	524018001	534018001				574018001	100000051		monster/monster_34018001_01											1
34020051		5	30402001	3111	4020	4020	2	2	2	1	514020001	524020001	534020001				574020001	100000051		monster/monster_34020001_01											1
34021051		5	30402101	3111	4021	4021	2	2	2	1	514021001	524021001	534021001	544021001	554021001		574021001	100000051		monster/monster_34021001_01											1
34022051		5	30402201	3111	4022	4022	2	2	2	1	514022001	524022001					574022001	100000051		monster/monster_01_1cd											1
34025051		5	30402501	3111	4025	4025	2	2	2	1	514025001	524025001	534025002	544025001			574025001	100000051		monster/monster_34025001_01											1
34026051		5	30402601	3111	4026	4026	2	5	2	1	514026001	524026001	534026001				574026001	100000051		monster/monster_34026001_01											1
34030051		5	30403001	3111	4030	4030	2	2	2	1	514030001	524030001	534030001	544030001	554030001	564030001	574030001	100000051		monster/monster_34030001_01											1
34030052		5	30403001	3111	4030	4030	2	2	2	1	514030001	524030001	534030001	544030001	554030001	564030001	574030001	100000051		monster/monster_34030001_01_weak											1
34031053		5	30403101	3111	4031	4031	2	1	2	1	514031001	524031001	534031001	544031001	554031001	564031001	574031001	100000051		monster/monster_34031001_01											1
34031054		5	30403101	3111	4031	4031	2	1	2	1	514031001	524031001	534031003	544031001	554031001	564031001	574031001	100000051		monster/monster_34031001_01_weak											1
34033051		5	30403301	3111	4033	4033	2	3	2	1	514033001	524033001	534033001	544033001	554033001		574033001	100000051		monster/monster_34033001_01											1
34034051		5	30403401	3111	4034	4034	2	5	2	1	514034001	524034001	534034001				574034001	100000051		monster/monster_34034001_01											1
34035051		5	30403501	3111	4035	4035	2	4	2	1	514035001	524035001	534035001				574035001	100000051;104021060		monster/monster_34035001_01											1
34036051		5	30403601	3111	4036	4036	2	4	2	1	514036001	524036001	534036001				574036001	100000051		monster/monster_34036001_01											1
34037051		5	30403702	3111	4037	4037	2	3	2	1	514037001	524037001	534037001				574037001	100000051;104021060		monster/monster_34037001_01											1
34040051		5	30404001	3111	4040	4040	2	2	2	1	514040001	524040001	534040001				574040001	100000051		monster/monster_34040001_01											1
34041051		5	30404101	3111	4041	4041	2	4	2	1	514041001	524041001	534041001	544041001			574041001	100000051		monster/monster_34041001_01											1
34043051		5	30404301	3111	4043	4043	2	2	2	1	514043001	524043001					574043001	100000051		monster/monster_34043001_01											1
38001051		5	30800101	3111	8001	8001	2	2	2	1	518001001	528001001	538001001	548001001	558001001	568001001	578001001	100000051		monster/monster_38001001_01											1
38002051		5	30800201	3111	8002	8002	2	4	2	1	518002001	528002001	538002001	548002001	558002001	568002001	578002001	100000051		monster/monster_38002001_01											1
38002052		5	30800201	3111	8002	8002	2	4	2	1	518002001	528002001	538002001	548002001	558002001	568002001	578002001	100000051		monster/monster_38002001_01_weak											1
34023051		5	30402301	3111	4023	4023	2	2	2	1	514023001	524023001					574023001	100000051		monster/monster_01_1cd											1
31063001		5	30106301	2201	1063	1063	1	2	1	2	511066001	521066001					531066002			monster/monster_01											1
31064001		5	30106401	2201	1064	1064	1	2	1	2	511065001	521065001					531065002			monster/monster_01											1
31065001		5	30106501	2201	1065	1065	1	2	1	2	511064001	521064001					531064002			monster/monster_01											1
31066001		5	30106601	2201	1066	1066	1	2	1	2	511063001	521063001					531063002			monster/monster_01											1
34047001		5	30404701	3111	4047	4047	2	2	2	1	514047001	524047001					534047001	100000051		monster/monster_01											1
34046001		5	30404601	3111	4046	4046	2	2	2	2	514046001	524046001					534046001	100000051;413071151;1010078		monster/monster_34046001_01											1
38011001		5	30801101	3111	8011	8011	2	2	3	2	518011001	528011001					548011001	100000052;104021062;104021057;1010078;413071151;1010098		monster/monster_38011001_01											1
38011002		5	30801101	3111	8011	8011	2	2	3	2	518011001	528011001	538011001				548011001	100000052;104021062;104021057;1010078;413071151;1010098		monster/monster_38011002_01											1
38004001		5	30800402	5104	8004	8004	1	1	2	2	518004001	528004001					578004001	104021056;104021057;108004055		monster/monster_58004001_01	104021056;104021057;108004055	8004_enter_timeline	8004_enter_tl								1
31025012		5	30102501	2201	1025	1025	1	3	1	1	511025001						571025001	101025051;101025052		monster/monster_31022001_001											1
31014050		5	30101441	1110	1014	1014	1	4	3	1	511014002	521014002					571014002	58006107		monster/monster_01											1
34016050		5	30401601	1110	4016	4016	1	2	2	1	514016001	524016001	534016001				574016001	58006107		monster/monster_34016001_01											1
31031050		5	30103101	1110	1031	1031	1	4	2	1	511031001	521031001					571031001	58006107		monster/monster_01											1
34037050		5	30403702	1210	4037	4037	2	3	2	1	514037001	524037003	534037002				574037001	58006107		monster/monster_34037001_02											1
48002001		5	30800201	5306	8002	8002	2	4	3	1	518002001	528002001	538002001	548002001	558002001		578002001	100000052;108002103		monster/monster_38002001_02	108002103										1
31002061		5	30100201	2101	1002	1002	1	2	1	1	511002001	521002001					571002001			monster/monster_01											1
31003061		5	30100301	2201	1003	1003	1	5	1	1	511003001	521003001					571003001			monster/monster_01											1
31004061		5	30100401	2101	1004	1004	1	3	1	1	511004001	521004001					571004001			monster/monster_01											1
31005061		5	30100501	2101	1005	1005	1	4	1	1	511005001	521005001					571005001			monster/monster_01											1
31006061		5	30100601	2101	1006	1006	1	4	1	1	511006001						571006001			monster/monster_01_oneskill											1
31006062		5	30100601	2101	1006	1006	1	4	1	1	511006001	521006002					571006001			monster/monster_01											1
31007061		5	30100701	2201	1007	1007	1	5	1	1	511007001	521007001					571007001			monster/monster_01											1
31009061		5	30100901	2301	1009	1009	1	1	1	1	511009001	521009001					571009001			monster/monster_01											1
31010061		5	30101001	2101	1010	1010	1	5	1	1	511010001	521010001					571010001			monster/monster_01											1
31011061		5	30101101	2101	1011	1011	1	5	1	1	511011001	521011001					571011001			monster/monster_01											1
31012061		5	30101201	2101	1012	1012	1	3	1	1	511012001	521012001					571012001			monster/monster_01											1
31013061		5	30101301	2101	1013	1013	1	4	1	1	511013001	521013001					571013001			monster/monster_01											1
31014061		5	30101401	2201	1014	1014	1	4	1	1	511014001	521014001					571014001			monster/monster_01											1
31015061		5	30101501	2101	1015	1015	1	2	1	1	511015001	521015001					571015001			monster/monster_01											1
31016061		5	30101601	2301	1016	1016	1	1	1	1	511016001	521016001					571016001			monster/monster_03											1
31017061		5	30101701	2101	1017	1017	1	5	1	1	511017001	521017001					571017001			monster/monster_01											1
31018061		5	30101801	2101	1018	1018	1	3	1	1	511018001	521018001					571018001			monster/monster_01											1
31019061		5	30101901	2101	1019	1019	1	4	1	1	511019001	521019001					571019001			monster/monster_01											1
31020061		5	30102001	2201	1020	1020	1	3	1	1	511020001	521020001					571020001			monster/monster_01											1
31021061		5	30102101	2101	1021	1021	1	3	1	1	511021001	521021001					571021001			monster/monster_01											1
31022061		5	30102201	2101	1022	1022	1	4	1	1	511022001	521022001					571022001			monster/monster_01											1
31023061		5	30102301	2101	1023	1023	1	3	1	1	511023001	521023001					571023001			monster/monster_01											1
31024061		5	30102401	2101	1024	1024	1	5	1	1	511024001	521024001					571024001			monster/monster_01											1
31028061		5	30102801	2101	1023	1023	1	3	1	1	511023001	521023001					571023001			monster/monster_01											1
31029061		5	30102901	2101	1024	1024	1	5	1	1	511024001	521024001					571024001			monster/monster_01											1
31025061		5	30102501	2101	1025	1025	1	5	1	1	511025001						571025001			monster/monster_31022001_001											1
31026061		5	30102601	2201	1026	1026	1	4	1	1	511026001	521026001					571026001			monster/monster_01											1
31030061		5	30103001	2101	1030	1030	1	3	1	1	511030001	521030002					571030001			monster/monster_01											1
31031061		5	30103101	2101	1031	1031	1	4	1	1	511031001	521031001					571031001			monster/monster_01											1
31040061		5	30104001	2101	1040	1040	1	2	1	1	511040001	521040003					571040001			monster/monster_01											1
31041061		5	30104101	2101	1041	1041	1	4	1	1	511041001	521041001					571041001	101041051		monster/monster_01											1
31042061		5	30104201	2301	1042	1042	1	1	1	1	511042001	521042001					571042001			monster/monster_01											1
31043061		5	30104301	2201	1043	1043	1	2	1	1	511043001	521043001					571043001			monster/monster_01											1
31044061		5	30104401	2301	1044	1044	1	3	1	1	511044001	521044001					571044001			monster/monster_01											1
31045061		5	30104501	2101	1045	1045	1	2	1	1	511045001	521045001					571045001			monster/monster_01											1
31046061		5	30104601	2101	1046	1046	1	5	1	1	511046001	521046001					571046001			monster/monster_01											1
31046062		5	30104601	2101	1046	1046	1	5	1	1	511046001	521046002					571046001			monster/monster_01											1
31050061		5	30105001	2201	1050	1050	1	4	1	1	511050001	521050001					571050001			monster/monster_01											1
31051061		5	30105101	2201	1051	1051	1	5	1	1	511051001	521051001					571051001			monster/monster_03											1
31052061		5	30105201	2101	1052	1052	1	2	1	1	511052001						571052001			monster/monster_01_oneskill											1
31053061		5	30105301	2101	1053	1053	1	4	1	1	511053001						571053001			monster/monster_01_oneskill											1
31056061		5	30105601	2201	1056	1056	1	3	1	1	511056001	521056001					571056001			monster/monster_01											1
31058061		5	30105801	2101	1058	1058	1	3	1	1	511058001	521058001					571058001			monster/monster_01											1
31059061		5	30105901	2301	1059	1059	1	4	1	1	511059003	521059001					571059001			monster/monster_01											1
31060061		5	30106001	2101	1060	1060	1	2	1	1	511060001	521060001					571060001			monster/monster_01											1
31102061		5	30110201	2101	1102	1102	1	4	1	1	511102001	521102001					571102001			monster/monster_01											1
31103061		5	30110301	2101	1103	1103	1	3	1	1	511103001	521103001					571103001			monster/monster_01											1
31104061		5	30110401	2301	1104	1104	1	2	1	1	511104001	521104001					571104001			monster/monster_01											1
31054061		5	30105401	2101	1054	1054	1	2	1	1	511054001	521054001					571054001			monster/monster_01											1
31055061		5	30105501	2101	1055	1055	1	2	1	1	511055001	521055001					571055001			monster/monster_01											1
34002061		5	30400201	4101	4002	4002	2	4	2	1	514002001	524002001	534002001	544002001			574002001	100000051		monster/monster_34002001_01											1
34001061		5	30400101	4101	4001	4001	2	4	2	1	514001001	524001001	534001001	544001001			574001001	100000051		monster/monster_34001001_01											1
34003061		5	30400301	4101	4003	4003	2	2	2	1	514003001	524003001	534003001	544003001			574003001	100000051		monster/monster_34003001_01											1
34004061		5	30400401	4101	4004	4004	2	2	2	1	514004001	524004001	534004001				574004001	100000051		monster/monster_34004001_01											1
34005061		5	30400501	4101	4005	4005	2	4	2	1	514005001	524005001	534005001	544005001	554005001	564005001	574005001	100000051;104021060		monster/monster_34005001_01											1
34006061		5	30400601	4101	4006	4006	2	4	2	1	514006001	524006001	534006001				574006001	100000051		monster/monster_34006001_01											1
34006062		5	30400601	2101	4006	4006	2	4	2	1	514006001	524006001	534006001				574006001	100000051		monster/monster_34006001_01											1
34007061		5	30400701	4101	4007	4007	2	4	2	1	514007001	524007001	534007001				574007001	100000051		monster/monster_34007001_01											1
34008061		5	30400801	4301	4008	4008	2	2	2	1	514008001	524008001	534008001				574008001	100000051		monster/monster_34008001_01											1
34009061		5	30400901	4101	4009	4009	2	2	2	1	514009001	524009001	534009001	544009001	554009001	564009001	574009001	100000051		monster/monster_34009001_01											1
34010061		5	30401001	4101	4010	4010	2	2	2	1	514010001	524010001	534010001				574010001	100000051;104021060		monster/monster_34010001_01											1
34014061		5	30401401	4201	4014	4014	2	5	2	1	514014001	524014001					574014001	100000051		monster/monster_34014001_01											1
34015061		3	30501501	4301	1026	1026	2	5	2	1	514015001	524015001					574015001	100000051;104021060		monster/monster_34015001_01											1
34016061		5	30401601	4101	4016	4016	2	2	2	1	514016001	524016001	534016001				574016001	100000051		monster/monster_34016001_01											1
34017061		5	30401701	4201	4017	4017	2	5	2	1	514017001	524017001	534017001				574017001	100000051		monster/monster_34017001_01											1
34018061		5	30401801	4101	4018	4018	2	5	2	1	514018001	524018001	534018001				574018001	100000051		monster/monster_34018001_01											1
34020061		5	30402001	4101	4020	4020	2	2	2	1	514020001	524020001	534020001				574020001	100000051		monster/monster_34020001_01											1
34021061		5	30402101	4101	4021	4021	2	2	2	1	514021001	524021001	534021001	544021001	554021001		574021001	100000051		monster/monster_34021001_01											1
34022061		5	30402201	4101	4022	4022	2	2	2	1	514022001	524022001					574022001	100000051		monster/monster_01_1cd											1
34025061		5	30402501	4201	4025	4025	2	2	2	1	514025001	524025001	534025001	544025001			574025001	100000051		monster/monster_34025001_01											1
34026061		5	30402601	4301	4026	4026	2	5	2	1	514026001	524026001	534026001				574026001	100000051		monster/monster_34026001_01											1
34030061		5	30403001	4101	4030	4030	2	2	2	1	514030001	524030001	534030001	544030001	554030001	564030001	574030001	100000051		monster/monster_34030001_01											1
34030062		5	30403001	4101	4030	4030	2	2	2	1	514030001	524030001	534030001	544030001	554030001	564030001	574030001	100000051		monster/monster_34030001_01_weak											1
34031063		5	30403101	4301	4031	4031	2	1	2	1	514031001	524031001	534031001	544031001	554031001	564031001	574031001	100000051		monster/monster_34031001_01											1
34031064		5	30403101	4301	4031	4031	2	1	2	1	514031001	524031001	534031003	544031001	554031001	564031001	574031001	100000051		monster/monster_34031001_01_weak											1
34033061		5	30403301	4101	4033	4033	2	3	2	1	514033001	524033001	534033001	544033001	554033001		574033001	100000051		monster/monster_34033001_01											1
34034061		5	30403401	4101	4034	4034	2	5	2	1	514034001	524034001	534034001				574034001	100000051		monster/monster_34034001_01											1
34035061		5	30403501	4101	4035	4035	2	4	2	1	514035001	524035001	534035001				574035001	100000051;104021060		monster/monster_34035001_01											1
34036061		5	30403601	4101	4036	4036	2	4	2	1	514036001	524036001	534036001				574036001	100000051		monster/monster_34036001_01											1
34037061		5	30403702	4101	4037	4037	2	3	2	1	514037001	524037001	534037001				574037001	100000051;104021060		monster/monster_34037001_01											1
34040061		5	30404001	4201	4040	4040	2	2	2	1	514040001	524040001	534040001				574040001	100000051		monster/monster_34040001_01											1
34041061		5	30404101	4101	4041	4041	2	4	2	1	514041001	524041001	534041001	544041001			574041001	100000051		monster/monster_34041001_01											1
34043061		5	30404301	4101	4043	4043	2	2	2	1	514043001	524043001					574043001	100000051		monster/monster_34043001_01											1
38001061		5	30800101	4101	8001	8001	2	2	2	1	518001001	528001001	538001001	548001001	558001001	568001001	578001001	100000051		monster/monster_38001001_01											1
38002061		5	30800201	4101	8002	8002	2	4	2	1	518002001	528002001	538002001	548002001	558002001	568002001	578002001	100000051		monster/monster_38002001_01											1
38002062		5	30800201	4101	8002	8002	2	4	2	1	518002001	528002001	538002001	548002001	558002001	568002001	578002001	100000051		monster/monster_38002001_01_weak											1
34023061		5	30402301	4101	4023	4023	2	2	2	1	514023001	524023001					574023001	100000051		monster/monster_01_1cd											1
31023060		5	30102301	2104	1023	1023	1	1	1	1	511023001						571023006	414051051;104021056;104021057;44022163;44022158;44022165		monster/monster_01_oneskill											1
31023082		5	30102341	2104	1023	1023	1	3	1	1	511023001						571023006	414051051;104021056;104021057;44022163;44022158;44022165		monster/monster_01_oneskill											1
31024083		5	30102401	2104	1024	1024	1	5	1	1	511024004						571024006	414051051;104021056;104021057;44022163;44022158;44022165		monster/monster_01_oneskill											1
38006051		5	30800642	3205	428006	8006	1	1	3	1	518006001	528006001					578006001	100000052		monster/monster_01											1
31059080		5	30105901	5306	1059	1059	1	4	1	1	511059004	521059002					571059002	104021056;48010053;104021057		monster/monster_01_2round	104021056;48010053;104021057										1
31015060		5	30201501	1110	1015	1015	1	2	2	1	511015001	521015002					571015002	58006107		monster/monster_31015060											1
31055090		5	30205501	1110	1055	1055	1	2	2	1	511055001	521055001					571055001	58006107;101055057;101055058;101055059;101055060;101055061;58006107		monster/monster_01											1
31042060		5	30204241	1110	1042	1042	1	1	2	1	511042002	521042003					571042001	58006107		monster/monster_01											1
34017090		5	30401701	1210	4017	4017	2	5	2	1	514017003	524017003	534017004				574017003	58006107		monster/monster_34017001_02											1
31053065		5	30105342	1210	1053	1053	1	4	1	1	511053002	521053003					571053003	58006107		monster/monster_31053065											1
31005025		5	30100501	2101	1005	1005	1	4	1	1	511005001	521005001					571005001	7100504;7100500		monster/monster_01	7100504;7100500										1
31009025		5	30100901	2301	1009	1009	1	1	1	1	511009001	521009002					571009001	7100500;7100502		monster/monster_01	7100500;7100502										1
31025025		5	30202041	4101	1020	1020	1	3	3	1	511020001	521020004					571020001			monster/monster_31025025_001											1
34005025		5	30400501	4101	4005	4005	2	4	3	1	514005001	524005001	534005001	544005001	554005001	564005001	574005001	100000051;7100504		monster/monster_34005001_01	100000051;7100504										1
34020025		5	30402001	4101	4020	4020	2	2	3	1	514020001	524020003	534020003				574020003	100000051;7100501		monster/monster_34020001_01	100000051;7100501										1
34025025		5	30402501	4201	4025	4025	2	2	2	1	514025001	524025001	534025001	544025001			574025001	7100500;7100502		monster/monster_34025001_01	7100500;7100502										1
34026025		5	30402601	4301	4026	4026	2	5	2	1	514026001	524026001	534026001				574026001	7100500;7100502		monster/monster_34026001_01	7100500;7100502										1
34041025		5	30404101	4101	4041	4041	2	4	3	1	514041001	524041001	534041001	544041001			574041001	100000051;7100513		monster/monster_34041001_01	100000051;7100513										1
34043025		5	30404301	4101	4043	4043	2	2	3	1	514043002	524043003					574043001	100000051;7100505;7100508		monster/monster_34043001_01	100000051;7100505;7100508										1
38002520		5	30800201	4101	8002	8002	2	4	3	1	518002001	528002001	538002001	548002001	558002001	568002001	578002001	100000051;7100513		monster/monster_38002001_01	100000051;7100513										1
34003020		5	30400301	4101	4003	4003	2	2	3	1	514003002	524003001	534003001	544003002			574003001	100000051;7100500;7100508		monster/monster_34003001_02	100000051;7100500;7100508										1
31002101		5	30100246	2101	1002	1002	1	2	1	1	511002001	521002001					571002001			monster/monster_01											1
31003101		5	30100346	2201	1003	1003	1	5	1	1	511003001	521003002					571003001			monster/monster_01											1
31004101		5	30100446	2101	1004	1004	1	3	1	1	511004001	521004002					571004001			monster/monster_01											1
31005101		5	30100546	2101	1005	1005	1	4	1	1	511005001	521005001					571005001	7100502		monster/monster_01											1
31009101		5	30100946	2301	1009	1009	1	1	1	1	511009001	521009001					571009001			monster/monster_01											1
31010101		5	30101046	2101	1010	1010	1	5	1	1	511010001	521010001					571010001	7100502		monster/monster_01											1
31011101		5	30101146	2101	1011	1011	1	5	1	1	511011001	521011001					571011001	7100502		monster/monster_01											1
31015101		5	30101546	2301	1015	1015	1	2	1	3	511015001	521015003					571015001			monster/monster_01											1
31016101		5	30101646	2401	1016	1016	1	1	1	1	511016001	521016003					571016001	7100502		monster/monster_03											1
31007101		5	30100701	2201	1007	1007	1	5	1	1	511007001	521007001					571007001			monster/monster_01											1
34009201		5	30400901	4101	4009	4009	2	2	3	1	514009001	524009001	534009001	544009001	554009001	564009001	574009001	100000052		monster/monster_34009001_01											1
34021101		5	30402101	4101	4021	4021	2	2	2	1	514021001	524021001	534021001	544021001	554021001		574021001	100000051		monster/monster_34021001_01											1
31390081		5	13900801	4101	4021	4021	2	2	2	1	511067001	521067001					531067001			monster/monster_01											1
31067001		5	30106701	2101	1067	1067	1	2	1	3	511067001	521067001					531067001	101067051		monster/monster_01											1
31068001		5	30106901	2101	1068	1068	1	2	1	3	511068001	521068001					531068001	101068051		monster/monster_01											1
31069001		5	30106901	2101	1069	1069	1	2	1	3	511069001	521069001					531069001	101069051		monster/monster_01											1
31070001		5	30107001	2101	1070	1070	1	2	1	3	511070001	521070001					531070001	101070051		monster/monster_01											1
34048001		5	30404801	4101	4048	4048	2	2	2	3	514048001	524048001	534048001				544048001	104048051;100000051		monster/monster_34048001_01											1
31170081	2	5	11700851	4101	117008		2	3	2	2										monster/monster_01_1cd											1
31270011	2	5	12700130	4101	127001		2	3	2	2										monster/monster_01_1cd											1
31080081	2	5	10800830	4101	108008		2	3	2	2										monster/monster_01_1cd											1
34037041		5	30403741	1110	4037	4037	2	3	2	1	514037002	524037004	534037003				574037002	141403701;141403702;141403703;141403704;141403718;141403719;141403730;141403731;141403732;104021056		monster/monster_34037411_01											1
34037042		5	30403741	1110	4037	4037	2	3	2	1	514037002	524037004	534037003				574037002	141403701;141403702;141403703;141403704;141403718;141403719;141403730;141403731;141403732;104021056		monster/monster_34037411_01											1
34037043		5	30403741	1110	4037	4037	2	3	2	1	514037002	524037004	534037003				574037002	141403701;141403702;141403703;141403704;141403718;141403719;141403730;141403731;141403732;104021056		monster/monster_34037411_01											1
34037044		5	30403741	1110	4037	4037	2	3	2	1	514037002	524037004	534037003				574037002	141403701;141403702;141403703;141403704;141403718;141403719;141403730;141403731;141403732;104021056		monster/monster_34037411_01											1
34037045		5	30403741	1110	4037	4037	2	3	2	1	514037002	524037004	534037003				574037002	141403701;141403702;141403703;141403704;141403718;141403719;141403730;141403731;141403732;104021056		monster/monster_34037411_01											1
34003021		5	30400341	4101	4003	4003	3	2	3	1	514003003	524003001	534003001	544003002			574003001	100000052;7100146;413071151		monster/monster_34003001_02	100000052;7100146;413071151										1
31104021		5	30110442	2301	1104	1104	1	2	1	1	511104001	521104001					571104001	7100146		monster/monster_01											1
31103021		5	30110341	2101	1103	1103	1	3	1	1	511103001	521103001					571103002	7100146		monster/monster_01											1
31002021		5	30100201	2101	1002	1002	1	2	1	1	511002001	521002001					571002001			monster/monster_01											1
31011021		5	30101101	2101	1011	1011	1	5	1	1	511011001	521011001					571011001			monster/monster_01											1
31015021		5	30101501	2101	1015	1015	1	2	1	1	511015001	521015001					571015001			monster/monster_01											1
31017021		5	30101701	2101	1017	1017	1	5	1	1	511017001	521017001					571017001			monster/monster_01											1
31018021		5	30101801	2101	1018	1018	1	3	1	1	511018001	521018001					571018001			monster/monster_01											1
31041021		5	30104101	2101	1041	1041	1	4	1	1	511041001	521041001					571041001	101041051		monster/monster_01											1
31042021		5	30104201	2301	1042	1042	1	1	1	1	511042001	521042001					571042001			monster/monster_01											1
31043021		5	30104301	2201	1043	1043	1	2	1	1	511043001	521043001					571043001			monster/monster_01											1
31022021		5	30102201	2101	1022	1022	1	4	1	1	511022001	521022001					571022001			monster/monster_01											1
34035008		5	30403501	3103	4035	4035	2	4	1	1	514035001	524035001	534035001				574035001	100000051;104021060		monster/monster_01											1
38011051		5	30801101	3111	8011	8011	2	2	3	1	518011001	528011001	538011001				548011001	100000051;413071151		monster/monster_38011002_01											1
31002071		5	30100201	1111	1002	1002	1	2	1	1	511002001	521002001					571002001			monster/monster_01											1
31003071		5	30100301	1111	1003	1003	1	5	1	1	511003001	521003001					571003001			monster/monster_01											1
31004071		5	30100401	1111	1004	1004	1	3	1	1	511004001	521004001					571004001			monster/monster_01											1
31005071		5	30100501	1111	1005	1005	1	4	1	1	511005001	521005001					571005001			monster/monster_01											1
31006071		5	30100601	1111	1006	1006	1	4	1	1	511006001						571006001			monster/monster_01_oneskill											1
31006072		5	30100601	1111	1006	1006	1	4	1	1	511006001	521006002					571006001			monster/monster_01											1
31007071		5	30100701	1111	1007	1007	1	5	1	1	511007001	521007001					571007001			monster/monster_01											1
31009071		5	30100901	1111	1009	1009	1	1	1	1	511009001	521009001					571009001			monster/monster_01											1
31010071		5	30101001	1111	1010	1010	1	5	1	1	511010001	521010001					571010001			monster/monster_01											1
31011071		5	30101101	1111	1011	1011	1	5	1	1	511011001	521011001					571011001			monster/monster_01											1
31012071		5	30101201	1111	1012	1012	1	3	1	1	511012001	521012001					571012001			monster/monster_01											1
31013071		5	30101301	1111	1013	1013	1	4	1	1	511013001	521013001					571013001			monster/monster_01											1
31014071		5	30101401	1111	1014	1014	1	4	1	1	511014001	521014001					571014001			monster/monster_01											1
31015071		5	30101501	1111	1015	1015	1	2	1	1	511015001	521015001					571015001			monster/monster_01											1
31016071		5	30101601	1111	1016	1016	1	1	1	1	511016001	521016001					571016001			monster/monster_03											1
31017071		5	30101701	1111	1017	1017	1	5	1	1	511017001	521017001					571017001			monster/monster_01											1
31018071		5	30101801	1111	1018	1018	1	3	1	1	511018001	521018001					571018001			monster/monster_01											1
31019071		5	30101901	1111	1019	1019	1	4	1	1	511019001	521019001					571019001			monster/monster_01											1
31020071		5	30102001	1111	1020	1020	1	3	1	1	511020001	521020001					571020001			monster/monster_01											1
31021071		5	30102101	1111	1021	1021	1	3	1	1	511021001	521021001					571021001			monster/monster_01											1
31022071		5	30102201	1111	1022	1022	1	4	1	1	511022001	521022001					571022001			monster/monster_01											1
31023071		5	30102301	1111	1023	1023	1	3	1	1	511023001	521023001					571023001			monster/monster_01											1
31024071		5	30102401	1111	1024	1024	1	5	1	1	511024001	521024001					571024001			monster/monster_01											1
31028071		5	30102801	1111	1023	1023	1	3	1	1	511023001	521023001					571023001			monster/monster_01											1
31029071		5	30102901	1111	1024	1024	1	5	1	1	511024001	521024001					571024001			monster/monster_01											1
31025071		5	30102501	1111	1025	1025	1	5	1	1	511025001						571025001			monster/monster_31022001_001											1
31026071		5	30102601	1111	1026	1026	1	4	1	1	511026001	521026001					571026001			monster/monster_01											1
31030071		5	30103001	1111	1030	1030	1	3	1	1	511030001	521030002					571030001			monster/monster_01											1
31031071		5	30103101	1111	1031	1031	1	4	1	1	511031001	521031001					571031001			monster/monster_01											1
31040071		5	30104001	1111	1040	1040	1	2	1	1	511040001	521040003					571040001			monster/monster_01											1
31041071		5	30104101	1111	1041	1041	1	4	1	1	511041001	521041001					571041001	101041051		monster/monster_01											1
31042071		5	30104201	1111	1042	1042	1	1	1	1	511042001	521042001					571042001			monster/monster_01											1
31043071		5	30104301	1111	1043	1043	1	2	1	1	511043001	521043001					571043001			monster/monster_01											1
31044071		5	30104401	1111	1044	1044	1	3	1	1	511044001	521044001					571044001			monster/monster_01											1
31045071		5	30104501	1111	1045	1045	1	2	1	1	511045001	521045001					571045001			monster/monster_01											1
31046071		5	30104601	1111	1046	1046	1	5	1	1	511046001	521046001					571046001			monster/monster_01											1
31046072		5	30104601	1111	1046	1046	1	5	1	1	511046001	521046002					571046001			monster/monster_01											1
31050071		5	30105001	1111	1050	1050	1	4	1	1	511050001	521050001					571050001			monster/monster_01											1
31051071		5	30105101	1111	1051	1051	1	5	1	1	511051001	521051001					571051001			monster/monster_03											1
31052071		5	30105201	1111	1052	1052	1	2	1	1	511052001						571052001			monster/monster_01_oneskill											1
31053071		5	30105301	1111	1053	1053	1	4	1	1	511053001						571053001			monster/monster_01_oneskill											1
31056071		5	30105601	1111	1056	1056	1	3	1	1	511056001	521056001					571056001			monster/monster_01											1
31058071		5	30105801	1111	1058	1058	1	3	1	1	511058001	521058001					571058001			monster/monster_01											1
31059071		5	30105901	1111	1059	1059	1	4	1	1	511059003	521059001					571059001			monster/monster_01											1
31060071		5	30106001	1111	1060	1060	1	2	1	1	511060001	521060001					571060001			monster/monster_01											1
31102071		5	30110201	1111	1102	1102	1	4	1	1	511102001	521102001					571102001			monster/monster_01											1
31103071		5	30110301	1111	1103	1103	1	3	1	1	511103001	521103001					571103001			monster/monster_01											1
31104071		5	30110401	1111	1104	1104	1	2	1	1	511104001	521104001					571104001			monster/monster_01											1
31054071		5	30105401	1111	1054	1054	1	2	1	1	511054001	521054001					571054001			monster/monster_01											1
31055071		5	30105501	1111	1055	1055	1	2	1	1	511055001	521055001					571055001			monster/monster_01											1
34002071		5	30400201	3111	4002	4002	2	4	2	1	514002001	524002001	534002001	544002001			574002001	100000051		monster/monster_34002001_01											1
34001071		5	30400101	3111	4001	4001	2	4	2	1	514001001	524001001	534001001	544001001			574001001	100000051		monster/monster_34001001_01											1
34003071		5	30400301	3111	4003	4003	2	2	2	1	514003001	524003001	534003001	544003001			574003001	100000051		monster/monster_34003001_01											1
34004071		5	30400401	3111	4004	4004	2	2	2	1	514004001	524004001	534004001				574004001	100000051		monster/monster_34004001_01											1
34005071		5	30400501	3111	4005	4005	2	4	2	1	514005001	524005001	534005001	544005001	554005001	564005001	574005001	100000051;104021060		monster/monster_34005001_01											1
34006071		5	30400601	3111	4006	4006	2	4	2	1	514006001	524006001	534006001				574006001	100000051		monster/monster_34006001_01											1
34006072		5	30400601	3111	4006	4006	2	4	2	1	514006001	524006001	534006001				574006001	100000051		monster/monster_34006001_01											1
34007071		5	30400701	3111	4007	4007	2	4	2	1	514007001	524007001	534007001				574007001	100000051		monster/monster_34007001_01											1
34008071		5	30400801	3111	4008	4008	2	2	2	1	514008001	524008001	534008001				574008001	100000051		monster/monster_34008001_01											1
34009071		5	30400901	3111	4009	4009	2	2	2	1	514009001	524009001	534009001	544009001	554009001	564009001	574009001	100000051		monster/monster_34009001_02											1
34010071		5	30401001	3111	4010	4010	2	2	2	1	514010001	524010001	534010001				574010001	100000051;104021060		monster/monster_34010001_01											1
34014071		5	30401401	3111	4014	4014	2	5	2	1	514014001	524014001					574014001	100000051		monster/monster_34014001_01											1
34015071		3	30501501	3111	1026	1026	2	5	2	1	514015001	524015001					574015001	100000051;104021060		monster/monster_34015001_01											1
34016071		5	30401601	3111	4016	4016	2	2	2	1	514016001	524016001	534016001				574016001	100000051		monster/monster_34016001_01											1
34017071		5	30401701	3111	4017	4017	2	5	2	1	514017001	524017001	534017001				574017001	100000051		monster/monster_34017001_01											1
34018071		5	30401801	3111	4018	4018	2	5	2	1	514018001	524018001	534018001				574018001	100000051		monster/monster_34018001_01											1
34020071		5	30402001	3111	4020	4020	2	2	2	1	514020001	524020001	534020001				574020001	100000051		monster/monster_34020001_01											1
34021071		5	30402101	3111	4021	4021	2	2	2	1	514021001	524021001	534021001	544021001	554021001		574021001	100000051		monster/monster_34021001_01											1
34022071		5	30402201	3111	4022	4022	2	2	2	1	514022001	524022001					574022001	100000051		monster/monster_01_1cd											1
34025071		5	30402501	3111	4025	4025	2	2	2	1	514025001	524025001	534025002	544025001			574025001	100000051		monster/monster_34025001_01											1
34026071		5	30402601	3111	4026	4026	2	5	2	1	514026001	524026001	534026001				574026001	100000051		monster/monster_34026001_01											1
34030071		5	30403001	3111	4030	4030	2	2	2	1	514030001	594030001	534030001	544030001	584030001	564030001	574030001	100000051		monster/monster_34030001_01											1
34030072		5	30403001	3111	4030	4030	2	2	2	1	514030001	524030001	534030001	544030001	554030001	564030001	574030001	100000051		monster/monster_34030001_01_weak											1
34031073		5	30403101	3111	4031	4031	2	1	2	1	514031001	524031001	534031001	544031001	554031001	564031001	574031001	100000051		monster/monster_34031001_01											1
34031074		5	30403101	3111	4031	4031	2	1	2	1	514031001	524031001	534031003	544031001	554031001	564031001	574031001	100000051		monster/monster_34031001_01_weak											1
34033071		5	30403301	3111	4033	4033	2	3	2	1	514033001	524033001	534033001	544033001	554033001		574033001	100000051		monster/monster_34033001_01											1
34034071		5	30403401	3111	4034	4034	2	5	2	1	514034001	524034001	534034001				574034001	100000051		monster/monster_34034001_01											1
34035071		5	30403501	3111	4035	4035	2	4	2	1	514035001	524035001	534035001				574035001	100000051;104021060		monster/monster_34035001_01											1
34036071		5	30403601	3111	4036	4036	2	4	2	1	514036001	524036001	534036001				574036001	100000051		monster/monster_34036001_01											1
34037071		5	30403702	3111	4037	4037	2	3	2	1	514037001	524037001	534037001				574037001	100000051;104021060		monster/monster_34037001_01											1
34040071		5	30404001	3111	4040	4040	2	2	2	1	514040001	524040001	534040001				574040001	100000051		monster/monster_34040001_01											1
34041071		5	30404101	3111	4041	4041	2	4	2	1	514041001	524041001	534041001	544041001			574041001	100000051		monster/monster_34041001_01											1
34043071		5	30404301	3111	4043	4043	2	2	2	1	514043001	524043001					574043001	100000051		monster/monster_34043001_01											1
38001071		5	30800101	3111	8001	8001	2	2	2	1	518001001	528001001	538001001	548001001	558001001	568001001	578001001	100000051		monster/monster_38001001_01											1
38002071		5	30800201	3111	8002	8002	2	4	2	1	518002001	528002001	538002001	548002001	558002001	568002001	578002001	100000051		monster/monster_38002001_01											1
38002072		5	30800201	3111	8002	8002	2	4	2	1	518002001	528002001	538002001	548002001	558002001	568002001	578002001	100000051		monster/monster_38002001_01_weak											1
34023071		5	30402301	3111	4023	4023	2	2	2	1	514023001	524023001					574023001	100000051		monster/monster_01_1cd											1
31067071		5	30106701	2101	1067	1067	1	2	1	3	511067001	521067001					531067001	101067051		monster/monster_01											1
31068071		5	30106901	2101	1068	1068	1	2	1	3	511068001	521068001					531068001	101068051		monster/monster_01											1
31069071		5	30106901	2101	1069	1069	1	2	1	3	511069001	521069001					531069001	101069051		monster/monster_01											1
31070071		5	30107001	2101	1070	1070	1	2	1	3	511070001	521070001					531070001	101070051		monster/monster_01											1
34048071		5	30404801	4101	4048	4048	2	2	2	3	514048001	524048001	534048001				544048001	104048051;100000051		monster/monster_34048001_01											1
38011071		5	30801101	3111	8011	8011	2	2	3	1	518011001	528011001	538011001				548011001	100000051;413071151		monster/monster_38011002_01											1
31063071		5	30106301	2201	1063	1063	1	2	1	1	511066001	521066001					531066002			monster/monster_01											1
31064071		5	30106401	2201	1064	1064	1	2	1	1	511065001	521065001					531065002			monster/monster_01											1
31065071		5	30106501	2201	1065	1065	1	2	1	1	511064001	521064001					531064002			monster/monster_01											1
31066071		5	30106601	2201	1066	1066	1	2	1	1	511063001	521063001					531063002			monster/monster_01											1
34047071		5	30404701	3111	4047	4047	2	2	2	1	514047001	524047001					534047001	100000051		monster/monster_01											1
34046071		5	30404601	3111	4046	4046	2	2	2	1	514046001	524046001					534046001	100000051;413071151;1010078		monster/monster_34046001_01											1
38010071		5	30801090	4101	8010		2	2	2	3	518010001	528010001	538010001	548010001			558010001	100000051		monster/monster_38010081_01											1
34180102		5	30801041	4101	418010		2	2	2	5	518010101	528010101	538010101	548010101	558010101		568010101	100000051		monster/monster_34180101_01		418010_switch_timeline_01	418010_switch_tl								1
34048051		5	30404801	4101	4048	4048	2	2	2	3	514048001	524048001	534048001				544048001	104048051;100000051		monster/monster_34048001_01											1
34180103		5	30801041	4101	418010		2	2	2	5	518010101	528010101	538010101	548010101	558010101		568010101	100000052;104021062		monster/monster_34180101_01		418010_switch_timeline_01	418010_switch_tl								1
34048002		5	30404801	4101	4048	4048	2	2	3	3	514048001	524048001	534048001				544048001	1010049;100000051;1010101		monster/monster_34048001_01											1
34047072		5	30404701	4101	4047	4047	2	2	3	1	514047002	524047001					534047001	1010049;100000051		monster/monster_01											1
34046072		1	30404601	4101	4046	4046	2	2	3	1	514046002	524046001					534046001	1010049;100000051		monster/monster_34046001_02											1
31043072		5	30104301	1111	1043	1043	1	2	1	1	511043001	521043001					571043001	12015227		monster/monster_01											1
31044072		5	30104401	1111	1044	1044	1	3	1	1	511044001	521044001					571044001	12015225		monster/monster_01											1
31046073		5	30104601	1111	1046	1046	1	5	1	1	511046001	521046001					571046001	12015227		monster/monster_01											1
31022072		5	30102201	1111	1022	1022	1	4	1	1	511022001	521022001					571022001	12015225		monster/monster_01											1
31016072		5	30101601	1111	1016	1016	1	1	1	1	511016001	521016001					571016001	12015227		monster/monster_03											1
31041072		5	30104101	1111	1041	1041	1	4	1	1	511041001	521041001					571041001	12015227		monster/monster_01											1
31055072		5	30105501	1111	1055	1055	1	2	1	1	511055001	521055001					571055001	12015227		monster/monster_01											1
31014072		5	30101401	1111	1014	1014	1	4	1	1	511014001	521014001					571014001	12015225		monster/monster_01											1
31103072		5	30110301	1111	1103	1103	1	3	1	1	511103001	521103001					571103001	12015227		monster/monster_01											1
31104072		5	30110401	1111	1104	1104	1	2	1	1	511104001	521104001					571104001	12015225		monster/monster_01											1
31044012		5	30104401	2305	1044	1044	1	3	1	1	511044001	521044001					571044001			monster/monster_01											1
31045018		5	30104501	2105	1045	1045	1	2	1	1	511045001	521045001					571045001			monster/monster_01											1
31071001		5	30107101	2101	1071	1071	1	2	1	3	511071001	511071002					511071003	101074003		monster/monster_01											1
31073001		5	30107301	2101	1073	1073	1	2	1	3	511073001	511073002					511073003	101074003		monster/monster_01											1
31072001		5	30107201	2101	1072	1072	1	2	1	3	511072001	511072002					511072003	101072003;101074003		monster/monster_01											1
31074001		5	30107401	2101	1074	1074	1	2	1	3	511074001	511074002					511074003	101074003		monster/monster_01											1
31801301		5	30801301	5306	8013	8013	3	2	3	1	518013001	528013001					538013001	12018001;100000051;101041051;413111151		monster/monster_31801301_01											1
31801302		5	30801301	4101	8013	8013	2	2	3	1	518013001	528013001					538013001	100000051;101041051		monster/monster_01											1
31018023		5	30101801	2101	1018	1018	1	3	1	1	511018001	521018001					571018001			monster/monster_01											1
31018024		5	30101841	2305	1018	1018	1	3	1	1	511018001	521018001					571018001			monster/monster_01											1
31041022		5	30104101	2101	1041	1041	1	4	1	1	511041001	521041001					571041001	101041051		monster/monster_01											1
31042022		5	30104201	2301	1042	1042	1	1	1	1	511042001	521042001					571042001			monster/monster_01											1
31043022		5	30104301	2201	1043	1043	1	2	1	1	511043001	521043001					571043001			monster/monster_01											1
31015022		5	30101501	2101	1015	1015	1	2	1	1	511015001	521015001					571015001			monster/monster_01											1
34003022		5	30400342	4103	4003	4003	2	2	4	1	514003001	524003001	534003001	544003001			574003001	100000050		monster/monster_34003001_01											1
31801303		5	30801301	4101	8013	8013	2	2	3	1	518013001	528013001					538013001	12018001;100000051;101041051		monster/monster_01											1
31015023		5	30101501	2101	1015	1015	1	2	1	1	511015001	521015001					571015001	12018001;413111151		monster/monster_01											1
34002020		5	30400201	4101	4002	4002	2	4	2	1	514002001	524002001	534002001	544002001			574002001	100000051;7100558		monster/monster_34002001_01											1
38002020		5	30800241	3111	8002	8002	2	4	2	1	518002001	528002001	538002001	548002001	558002001	568002001	578002001	100000051;7100558		monster/monster_38002001_01											1
34024001		5	30402401	4101	4002	4002	3	4	2	1	514024001	524024001	534024001				544024001	100000051;7100558;7100554;7100559		monster/monster_34024001_01											1
31023022		5	30102341	2102	1023	1023	1	3	1	1	511023002	521023002					571023002			monster/monster_01											1
31024023		5	30102441	2102	1024	1024	1	5	1	1	511024002	521024002					571024002			monster/monster_01											1
31015024		5	30101501	2102	1015	1015	1	2	1	1	511015001	521015001					571015001			monster/monster_01											1
31016022		5	30101601	2102	1016	1016	1	1	1	1	511016001	521016001					571016001			monster/monster_03											1
31017022		5	30101701	2102	1017	1017	1	5	1	1	511017001	521017001					571017001			monster/monster_01											1
31022022		5	30102201	2102	1022	1022	1	4	1	1	511022001	521022001					571022001			monster/monster_01											1
31104022		5	30110441	2102	1104	1104	1	2	1	1	511104001	521104001					571104001			monster/monster_01											1
31053022		5	30105341	2101	1053	1053	1	4	1	1	511053001						571053001			monster/monster_01_oneskill											1
34007022		5	30400741	4101	4007	4007	2	4	2	1	514007001	524007001	534007001				574007001	100000051		monster/monster_34007001_01											1
34031022		5	30403141	4301	4031	4031	2	1	2	1	514031001	524031001	534031001	544031001	554031001	564031001	574031001	100000051		monster/monster_34031001_01											1
34040191		5	30404019	4301	404019	404019	3	1	3	3	514019001	524019001	534019001	544019001			554019001	100000052;104021062;104021057;1010117;1010119		monster/monster_34040191_01											1
34040192		5	30404019	4301	404019	404019	2	1	3	3	514019001	524019001	534019001	544019001			554019001	100000052;104021062;104021057		monster/monster_34040191_01											1
31040019		5	30104001	2105	1040	1040	1	2	1	1	511040001						571040001	1010120;1010121		monster/monster_01_oneskill											1
31044019		5	30104401	2305	1044	1044	1	3	1	1	511044001	521044001					571044001	1010122;1010123		monster/monster_01											1
31045019		5	30104501	2105	1045	1045	1	2	1	1	511045001	521045001					571045001	1010124;1010125		monster/monster_01											1
34040193		5	30404019	5306	404019	404019	2	1	3	3	514019001	524019001	534019001	544019001			554019001	100000052;104021062;104021057;340401903		monster/monster_34040191_01											1
34030053		5	30403001	3111	4030	4030	2	2	2	1	514030001	524030001	534030001	544030001	554030001		574030001	100000051		monster/monster_34030001_02											1
34051001		5	30405101	4301	4051	4051	3	1	3	2	514051001	524051001	534051001	544051001			554051001	100000052;104021062;104021057;1010135		monster/monster_34051001_01											1
31018032		5	30101802	3407	1018	1018	1	3	1	2	511018101	521018101					571018101	1010129;1010130		monster/monster_01											1
34051002		5	30405101	3105	4051	4051	3	1	3	2	514051001	524051001	534051001	544051001			554051001			monster/monster_34051001_01											1
31018033		5	30101802	3407	1018	1018	1	3	1	2	511018101	521018101					571018101			monster/monster_01											1
31067072		5	30106701	4101	1067	1067	1	2	1	3	511067001	521067001					531067001	101067051		monster/monster_01											1
31068072		5	30106901	4101	1068	1068	1	2	1	3	511068001	521068001					531068001	101068051		monster/monster_01											1
31069072		5	30106901	4101	1069	1069	1	2	1	3	511069001	521069001					531069001	101069051		monster/monster_01											1
31070072		5	30107001	4101	1070	1070	1	2	1	3	511070001	521070001					531070001	101070051		monster/monster_01											1
34048072		5	30404801	4101	4048	4048	2	2	2	3	514048001	524048001	534048001				544048001	104048051;100000051		monster/monster_34048001_01											1
34010072		5	30401001	4101	4010	4010	2	2	2	1	514010001	524010001	534010001				574010001	100000051;104021060		monster/monster_34010001_01											1
31023072		5	30102301	4101	1023	1023	1	3	1	1	511023001	521023001					571023001			monster/monster_01											1
34002072		5	30400201	4101	4002	4002	2	4	2	1	514002001	524002001	534002001	544002001			574002001	100000051		monster/monster_34002001_01											1
31007072		5	30200701	4101	1007	1007	1	5	1	1	511007001	521007001					571007001	100000051		monster/monster_01											1
31075001		5	30107501	2101	1075	1075	1	2	1	3	511075001	521075001					571075001	101075011		monster/monster_01											1
31076001		5	30107601	2101	1076	1076	1	2	1	3	511076001	521076001					571076001	101075011		monster/monster_01											1
31077001		5	30107701	2101	1077	1077	1	2	1	3	511077001	521077001					571077001	101075011		monster/monster_01											1
31078001		5	30107801	2101	1078	1078	1	2	1	3	511078001	521078001					571078001	101075011		monster/monster_01											1
31079001		5	30107901	2101	1079	1079	1	2	1	3	511079001	521079001					571079001	104050012		monster/monster_01											1
31080001		5	30108001	2101	1080	1080	1	2	1	3	511080001	521080001					571080001	104050012		monster/monster_01											1
31081001		5	30108101	2101	1081	1081	1	2	1	3	511081001	521081001					571081001	104050012		monster/monster_01											1
34050001		5	30405001	2101	4050	4050	2	2	2	3	514050001	524050001	534050001	544050001			574050001	104050012		monster/monster_34050001_01											1
38014001		5	30801401	2101	8014	8014	2	3	2	1	518014001	528014001	538014001	548014001			578014001	108014012		monster/monster_38014001_01											1
31002041		5	31002041	2101	411002	411002	1	2	1	2	511002041	521002041					571002041	10100203		monster/monster_31002041											1
31045043		5	31045043	2105	431045	431045	1	2	2	2	511045043	521045043					571045043			monster/monster_01											1
34022041		5	34022041	5306	414022	414022	3	3	4	2	514022041	524022041	534022041	544022041			574022041	10402245		monster/monster_34022041											1
31023078		5	30102301	5306	1023	1023	1	3	1	3	511023001						571023001			monster/monster_01_oneskill_p											1
38010080		5	30801091	5306	8010		3	2	2	3	518010002	528010001	538010001				558010001			monster/monster_38010081_02_p											1
34052001		4	34052001	5306	4052	4052	3	2	2	2	514052001	524052001					574052001	1405200104;1405200105;1405200107		monster/monster_34052001	1405200105;1405200107										1
31450080		5	31450080	5306	145008	145008	3	2	3	2	51145008	52145008					57145008	1314500803;1314500805;1314500808;1314500809		monster/monster_3145008001	1314500805;1314500809										1
31027002		0	30102701	2101	1027	1027	1	1	0	1	521027002						531027002	1102700201		monster/monster_01	1102700201										1
34019002		5	34019002	5306	4019	4019	3	2	2	3	514019002	524019002					574019002	1401900204;1401900205;1401900206		monster/monster_34019002											1
34019003		5	34019003	2106	4019	4019	1	2	1	3	514019003						574019003	1401900301		monster/monster_34019003											1
34052002		4	34052001	5306	4052	4052	2	2	2	2	514052001	524052001					574052001	1405200104;1405200105;1405200107		monster/monster_34052001	1405200105;1405200107										1
34053001		0	34053001	6101	4053	4053	1	1	0	5	514053001	524053001					574053001	116400804;116400810;116400813;116400814		monster/monster_summon											1
31101001		0	31101001	6101	1101	1101	1	1	0	2	511101001						571101001	110201708;110201709		monster/monster_summon											1
31178001		0	31178001	6101	4054	4054	1	1	0	5	511172001						571172001	117200808;117200815;117200812;117200836;117200838		monster/monster_summon											1
31390082	2	5	13900890	4101	139008		2	3	2	3										monster/monster_01_1cd											1
34049001		5	30404901	4101	4049	4049	2	3	2	1	514049001	524049001	534049001				574049001	101075011		monster/monster_34049001_01											1
31650080		4	31650080	5306	40165008	40165008	3	2	2	4	51165008	52165008					57165008	1316500808;1316500809;1316500811;104021062		monster/monster_31650080	1316500809;104021062										1
31002031		5	30100201	2101	1002	1002	1	2	1	1	511002001	521002001					571002001			monster/monster_01											1
31003031		5	30100301	2201	1003	1003	1	5	1	1	511003001	521003001					571003001			monster/monster_01											1
31004031		5	30100401	2101	1004	1004	1	3	1	1	511004001	521004001					571004001			monster/monster_01											1
31007031		5	30100701	2201	1007	1007	1	5	1	1	511007001	521007001					571007001			monster/monster_01											1
31009031		5	30100901	2301	1009	1009	1	1	1	1	511009001	521009001					571009001			monster/monster_01											1
31010031		5	30101001	2101	1010	1010	1	5	1	1	511010001	521010001					571010001			monster/monster_01											1
31011031		5	30101101	2101	1011	1011	1	5	1	1	511011001	521011001					571011001			monster/monster_01											1
31012031		5	30101201	2101	1012	1012	1	3	1	1	511012001	521012001					571012001			monster/monster_01											1
31030031		5	30103001	2101	1030	1030	1	3	1	1	511030001	521030002					571030001			monster/monster_01											1
31031031		5	30103101	2101	1031	1031	1	4	1	1	511031001	521031001					571031001			monster/monster_01											1
31040031		5	30104001	2101	1040	1040	1	2	1	1	511040001	521040003					571040001			monster/monster_01											1
31041031		5	30104101	2101	1041	1041	1	4	1	1	511041001	521041001					571041001	101041051		monster/monster_01											1
31042031		5	30104201	2301	1042	1042	1	1	1	1	511042001	521042001					571042001			monster/monster_01											1
31043031		5	30104301	2201	1043	1043	1	2	1	1	511043001	521043001					571043001			monster/monster_01											1
34030031		5	30403001	4101	4030	4030	2	2	2	1	514030001	524030001	534030001	544030001	554030001	564030001	574030001	100000051		monster/monster_34030001_01											1
34031031		5	30403101	4301	4031	4031	2	1	2	1	514031001	524031001	534031001	544031001	554031001	564031001	574031001	100000051		monster/monster_34031001_01											1
31019031		5	30101901	2101	1019	1019	1	4	1	1	511019001	521019001					571019001			monster/monster_01											1
31021031		5	30102101	2101	1021	1021	1	3	1	1	511021001	521021001					571021001			monster/monster_01											1
31022031		5	30102201	2101	1022	1022	1	4	1	1	511022001	521022001					571022001			monster/monster_01											1
31660081	2	5	16600801	4301	166008		3	4	3	5										monster/monster_01											1
31660082		5	31660080	4301	166008		3	4	3	5	51166008	52166008					53166008	1133992;1133993;1133994		monster/monster_166008	1133992;1133993;1133994										1
31660083		5	31660080	4301	166008		3	4	3	5	51166008	52166008					53166008			monster/monster_166008											1
31002032		5	30100341	2101	411002	1002	1	2	1	1	511002001	521002001					571002001			monster/monster_01											1
31030032		5	30103001	2101	1030	1030	1	3	1	1	511030001	521030002					571030001			monster/monster_01											1
31019032		5	30101942	2101	411019	1019	1	4	1	1	511019001	521019001					571019001			monster/monster_01											1
34007032		5	30400742	3103	414007	4007	2	4	2	1	514007001	524007001	534007001				574007001	100000051		monster/monster_01											1
34051032		5	30405141	3105	414051	4051	3	1	3	2	514051001	524051001	534051001	544051001			554051001			monster/monster_34051001_01											1
31031032		5	30103101	2101	1031	1031	1	4	1	1	511031001	521031001					571031001			monster/monster_01											1
31012032		5	30101201	2101	1012	1012	1	3	1	1	511012001	521012001					571012001			monster/monster_01											1
31009032		5	30100901	2301	1009	1009	1	1	1	1	511009001	531009001					571009001			monster/monster_01											1
34015008		5	30501501	5306	1026	1026	2	5	2	4	514015008	524015008					574015008			monster/monster_01	501500801										1
34015009		5	30501501	5306	1026	1026	1	5	1	1	514015009	524015009					574015009			monster/monster_01											1
31720081		5	17200801	4301	172008		3	4	3	5	51172008	52172008					57172008			monster/monster_166008											1
34054001		5	31178001	4301	405401	4054	3	4	3	5	51405401	52405401					57405401			monster/monster_01											1
34051003		5	30405101	4301	4051	4051	3	1	3	2	514051001	524051001	534051001	544051001			554051001	100000052;104021062;104021057;1010135;3405100301		monster/monster_34051001_01											1