mainId	roleId	level	cardLevel	upProperty	upqualityItem	upqualityItemNum	breakProperty	status
int	int	int	int	int	int	int	int	int
10100801	101008	1	15	101:11.4;201:4.4;301:26.8				1
10100802	101008	2	25	101:12.9;201:5;301:30.4	4102101;3000003	1;30000	101:22.5;201:9;301:54	1
10100803	101008	3	35	101:14.5;201:5.6;301:34.1	4102011;4102101;4102102;3000003	5;3;3;50000	101:40;201:15;301:92.5	1
10100804	101008	4	40	101:16;201:6.2;301:37.7	4102021;4102102;4102103;4102901;3000003	10;1;3;1;100000	101:52.5;201:21;301:126	1
10100805	101008	5	45	101:17.6;201:6.8;301:41.4	4102021;4102103;4102104;4102901;3000003	10;5;3;3;200000	101:64.1;201:24;301:148	1
10100806	101008	6	50	101:19.1;201:7.4;301:45	4102031;4102103;4102104;4102901;3000003	5;3;5;6;300000	101:67.5;201:27;301:162	1
10100807	101008	7	55	101:20.6;201:8;301:48.6	4102031;4102104;4102105;4102901;3000003	10;5;1;9;400000	101:75;201:30;301:180	1
10100808	101008	8	60	101:22.2;201:8.7;301:52.4	4102031;4102105;4102901;4102902;3000003	15;3;9;3;500000	101:88.1;201:38.5;301:209	1
10100809	101008	9	65	101:23.9;201:9.3;301:56.3	4102031;4102105;4102901;4102902;3000003	15;3;3;9;500000	101:102;201:36;301:234	1
10100810	101008	10	70	101:25.6;201:10;301:60.3	4102031;4102105;4102902;4102903;3000003	15;3;9;3;500000	101:110.5;201:45.6;301:260	1
10100811	101008	11	75	101:27.3;201:10.6;301:64.4	4102031;4102105;4102902;4102903;3000003	15;3;9;3;500000	101:119;201:42;301:287	1
10100812	101008	12	80	101:29.1;201:11.3;301:68.7	4102031;4102105;4102902;4102903;3000003	15;3;9;3;500000	101:135;201:52.6;301:322.5	1
10100813	101008	13	85	101:31;201:12.1;301:73.1	4102031;4102105;4102902;4102903;3000003	15;3;9;3;500000	101:152;201:64;301:352	1
10100814	101008	14	90	101:32.9;201:12.8;301:77.6	4102031;4102105;4102902;4102903;3000003	15;3;9;3;500000	101:161.5;201:59.5;301:382.5	1
10100815	101008	15	95	101:34.9;201:13.6;301:82.2	4102031;4102105;4102902;4102903;3000003	15;3;9;3;500000	101:180;201:72.1;301:414	1
10101101	101011	1	15	101:11.5;201:4.4;301:26.8				1
10101102	101011	2	25	101:13;201:5;301:30.4	4102101;3000003	1;30000	101:22.5;201:9;301:54	1
10101103	101011	3	35	101:14.6;201:5.6;301:34.1	4102011;4102101;4102102;3000003	5;3;3;50000	101:40;201:15;301:92.5	1
10101104	101011	4	40	101:16.2;201:6.2;301:37.7	4102021;4102102;4102103;4102901;3000003	10;1;3;1;100000	101:56.1;201:21;301:126	1
10101105	101011	5	45	101:17.7;201:6.8;301:41.4	4102021;4102103;4102104;4102901;3000003	10;5;3;3;200000	101:60;201:24;301:148	1
10101106	101011	6	50	101:19.3;201:7.4;301:45	4102031;4102103;4102104;4102901;3000003	5;3;5;6;300000	101:72;201:27;301:162	1
10101107	101011	7	55	101:20.8;201:8;301:48.6	4102031;4102104;4102105;4102901;3000003	10;5;1;9;400000	101:75;201:30;301:180	1
10101108	101011	8	60	101:22.5;201:8.7;301:52.4	4102031;4102105;4102901;4102902;3000003	15;3;9;3;500000	101:93.5;201:38.5;301:209	1
10101109	101011	9	65	101:24.1;201:9.3;301:56.3	4102031;4102105;4102901;4102902;3000003	15;3;3;9;500000	101:96.1;201:36;301:234	1
10101110	101011	10	70	101:25.8;201:10;301:60.3	4102031;4102105;4102902;4102903;3000003	15;3;9;3;500000	101:110.5;201:45.6;301:260	1
10101111	101011	11	75	101:27.6;201:10.6;301:64.4	4102031;4102105;4102902;4102903;3000003	15;3;9;3;500000	101:126;201:42;301:287	1
10101112	101011	12	80	101:29.4;201:11.3;301:68.7	4102031;4102105;4102902;4102903;3000003	15;3;9;3;500000	101:135;201:52.6;301:322.5	1
10101113	101011	13	85	101:31.3;201:12.1;301:73.1	4102031;4102105;4102902;4102903;3000003	15;3;9;3;500000	101:152;201:64;301:352	1
10101114	101011	14	90	101:33.2;201:12.8;301:77.6	4102031;4102105;4102902;4102903;3000003	15;3;9;3;500000	101:161.5;201:59.5;301:382.5	1
10101115	101011	15	95	101:35.2;201:13.6;301:82.2	4102031;4102105;4102902;4102903;3000003	15;3;9;3;500000	101:180;201:72.1;301:414	1
10100501	101005	1	15	101:9.3;201:3.5;301:20.5				1
10100502	101005	2	25	101:10.5;201:3.9;301:23.3	4102301;3000003	1;30000	101:18;201:6;301:42	1
10100503	101005	3	35	101:11.8;201:4.4;301:26.1	4102011;4102301;4102302;3000003	5;3;3;50000	101:32.5;201:12.5;301:70	1
10100504	101005	4	40	101:13.1;201:4.9;301:28.9	4102021;4102302;4102303;4102901;3000003	10;1;3;1;100000	101:45.5;201:17.5;301:98	1
10100505	101005	5	45	101:14.3;201:5.3;301:31.7	4102021;4102303;4102304;4102901;3000003	10;5;3;3;200000	101:48;201:16;301:112	1
10100506	101005	6	50	101:15.6;201:5.8;301:34.5	4102031;4102303;4102304;4102901;3000003	5;3;5;6;300000	101:58.5;201:22.5;301:126	1
10100507	101005	7	55	101:16.8;201:6.2;301:37.2	4102031;4102304;4102305;4102901;3000003	10;5;1;9;400000	101:60.1;201:20;301:135	1
10100508	101005	8	60	101:18.2;201:6.7;301:40.1	4102031;4102305;4102901;4102902;3000003	15;3;9;3;500000	101:77.1;201:27.5;301:159.5	1
10100509	101005	9	65	101:19.5;201:7.2;301:43.1	4102031;4102305;4102901;4102902;3000003	15;3;3;9;500000	101:78;201:30;301:180	1
10100510	101005	10	70	101:20.9;201:7.7;301:46.2	4102031;4102305;4102902;4102903;3000003	15;3;9;3;500000	101:91.1;201:32.5;301:201.5	1
10100511	101005	11	75	101:22.3;201:8.3;301:49.3	4102031;4102305;4102902;4102903;3000003	15;3;9;3;500000	101:98;201:42;301:217	1
10100512	101005	12	80	101:23.8;201:8.8;301:52.6	4102031;4102305;4102902;4102903;3000003	15;3;9;3;500000	101:112.5;201:37.5;301:247.5	1
10100513	101005	13	85	101:25.3;201:9.4;301:55.9	4102031;4102305;4102902;4102903;3000003	15;3;9;3;500000	101:120;201:48.1;301:264	1
10100514	101005	14	90	101:26.8;201:9.9;301:59.4	4102031;4102305;4102902;4102903;3000003	15;3;9;3;500000	101:127.5;201:42.5;301:297.5	1
10100515	101005	15	95	101:28.4;201:10.5;301:62.9	4102031;4102305;4102902;4102903;3000003	15;3;9;3;500000	101:144;201:54;301:315	1
10101301	101013	1	15	101:15.3;201:6.1;301:36.3				1
10101302	101013	2	25	101:17.4;201:6.9;301:41.3	4102201;3000003	1;30000	101:31.5;201:12;301:75.1	1
10101303	101013	3	35	101:19.5;201:7.7;301:46.2	4102011;4102201;4102202;3000003	5;3;3;50000	101:52.5;201:20;301:122.5	1
10101304	101013	4	40	101:21.6;201:8.6;301:51.2	4102021;4102202;4102203;4102901;3000003	10;1;3;1;100000	101:73.6;201:31.5;301:175	1
10101305	101013	5	45	101:23.7;201:9.4;301:56.1	4102021;4102203;4102204;4102901;3000003	10;5;3;3;200000	101:84.1;201:32;301:196	1
10101306	101013	6	50	101:25.8;201:10.2;301:61.1	4102031;4102203;4102204;4102901;3000003	5;3;5;6;300000	101:94.5;201:36;301:225	1
10101307	101013	7	55	101:27.8;201:11;301:66	4102031;4102204;4102205;4102901;3000003	10;5;1;9;400000	101:100;201:40;301:245	1
10101308	101013	8	60	101:30;201:11.9;301:71.2	4102031;4102205;4102901;4102902;3000003	15;3;9;3;500000	101:121;201:49.5;301:286	1
10101309	101013	9	65	101:32.2;201:12.8;301:76.4	4102031;4102205;4102901;4102902;3000003	15;3;3;9;500000	101:132;201:54;301:312	1
10101310	101013	10	70	101:34.5;201:13.7;301:81.9	4102031;4102205;4102902;4102903;3000003	15;3;9;3;500000	101:149.5;201:58.5;301:357.5	1
10101311	101013	11	75	101:36.9;201:14.6;301:87.5	4102031;4102205;4102902;4102903;3000003	15;3;9;3;500000	101:168;201:63;301:392.1	1
10101312	101013	12	80	101:39.3;201:15.6;301:93.3	4102031;4102205;4102902;4102903;3000003	15;3;9;3;500000	101:180;201:75;301:435	1
10101313	101013	13	85	101:41.8;201:16.6;301:99.2	4102031;4102205;4102902;4102903;3000003	15;3;9;3;500000	101:200;201:80.1;301:472	1
10101314	101013	14	90	101:44.4;201:17.6;301:105.3	4102031;4102205;4102902;4102903;3000003	15;3;9;3;500000	101:221;201:85;301:518.6	1
10101315	101013	15	95	101:47;201:18.6;301:111.6	4102031;4102205;4102902;4102903;3000003	15;3;9;3;500000	101:234;201:90;301:567	1
10200801	102008	1	15	101:10.5;201:4.4;301:26.4				1
10200802	102008	2	25	101:11.9;201:5;301:30	4102301;3000003	1;30000	101:21;201:9;301:54	1
10200803	102008	3	35	101:13.3;201:5.6;301:33.6	4102011;4102301;4102302;3000003	5;3;3;50000	101:35;201:15;301:90	1
10200804	102008	4	40	101:14.8;201:6.2;301:37.2	4102021;4102302;4102303;4102901;3000003	10;1;3;1;100000	101:52.5;201:21;301:126	1
10200805	102008	5	45	101:16.2;201:6.8;301:40.8	4102021;4102303;4102304;4102901;3000003	10;5;3;3;200000	101:56.1;201:24;301:144	1
10200806	102008	6	50	101:17.6;201:7.4;301:44.4	4102031;4102303;4102304;4102901;3000003	5;3;5;6;300000	101:63;201:27;301:162	1
10200807	102008	7	55	101:19;201:8;301:48	4102031;4102304;4102305;4102901;3000003	10;5;1;9;400000	101:70;201:30;301:180	1
10200808	102008	8	60	101:20.5;201:8.7;301:51.8	4102031;4102305;4102901;4102902;3000003	15;3;9;3;500000	101:82.5;201:38.5;301:209	1
10200809	102008	9	65	101:22;201:9.3;301:55.6	4102031;4102305;4102901;4102902;3000003	15;3;3;9;500000	101:90;201:36;301:228	1
10200810	102008	10	70	101:23.6;201:10;301:59.6	4102031;4102305;4102902;4102903;3000003	15;3;9;3;500000	101:104;201:45.6;301:260	1
10200811	102008	11	75	101:25.2;201:10.6;301:63.6	4102031;4102305;4102902;4102903;3000003	15;3;9;3;500000	101:112;201:42;301:280	1
10200812	102008	12	80	101:26.9;201:11.3;301:67.8	4102031;4102305;4102902;4102903;3000003	15;3;9;3;500000	101:127.5;201:52.6;301:315	1
10200813	102008	13	85	101:28.6;201:12.1;301:72.2	4102031;4102305;4102902;4102903;3000003	15;3;9;3;500000	101:136;201:64;301:352	1
10200814	102008	14	90	101:30.4;201:12.8;301:76.6	4102031;4102305;4102902;4102903;3000003	15;3;9;3;500000	101:153;201:59.5;301:374	1
10200815	102008	15	95	101:32.2;201:13.6;301:81.2	4102031;4102305;4102902;4102903;3000003	15;3;9;3;500000	101:162;201:72.1;301:414	1
10200701	102007	1	15	101:14.9;201:6.1;301:36.7				1
10200702	102007	2	25	101:16.9;201:6.9;301:41.7	4102101;3000003	1;30000	101:30;201:12;301:75	1
10200703	102007	3	35	101:18.9;201:7.7;301:46.7	4102011;4102101;4102102;3000003	5;3;3;50000	101:50;201:20;301:125	1
10200704	102007	4	40	101:21;201:8.6;301:51.7	4102021;4102102;4102103;4102901;3000003	10;1;3;1;100000	101:73.6;201:31.5;301:175	1
10200705	102007	5	45	101:23;201:9.4;301:56.7	4102021;4102103;4102104;4102901;3000003	10;5;3;3;200000	101:80;201:32;301:200	1
10200706	102007	6	50	101:25;201:10.2;301:61.7	4102031;4102103;4102104;4102901;3000003	5;3;5;6;300000	101:90;201:36;301:225	1
10200707	102007	7	55	101:27;201:11;301:66.6	4102031;4102104;4102105;4102901;3000003	10;5;1;9;400000	101:100;201:40;301:245	1
10200708	102007	8	60	101:29.1;201:11.9;301:71.8	4102031;4102105;4102901;4102902;3000003	15;3;9;3;500000	101:115.5;201:49.5;301:286	1
10200709	102007	9	65	101:31.3;201:12.8;301:77.1	4102031;4102105;4102901;4102902;3000003	15;3;3;9;500000	101:132;201:54;301:318	1
10200710	102007	10	70	101:33.5;201:13.7;301:82.6	4102031;4102105;4102902;4102903;3000003	15;3;9;3;500000	101:143;201:58.5;301:357.5	1
10200711	102007	11	75	101:35.8;201:14.6;301:88.3	4102031;4102105;4102902;4102903;3000003	15;3;9;3;500000	101:161;201:63;301:399	1
10200712	102007	12	80	101:38.2;201:15.6;301:94.1	4102031;4102105;4102902;4102903;3000003	15;3;9;3;500000	101:180;201:75;301:435	1
10200713	102007	13	85	101:40.6;201:16.6;301:100.1	4102031;4102105;4102902;4102903;3000003	15;3;9;3;500000	101:192;201:80.1;301:480	1
10200714	102007	14	90	101:43.1;201:17.6;301:106.3	4102031;4102105;4102902;4102903;3000003	15;3;9;3;500000	101:212.5;201:85;301:527	1
10200715	102007	15	95	101:45.7;201:18.6;301:112.6	4102031;4102105;4102902;4102903;3000003	15;3;9;3;500000	101:234;201:90;301:567	1
10201101	102011	1	15	101:12.6;201:7.6;301:45.7				1
10201102	102011	2	25	101:14.3;201:8.7;301:51.9	4102401;3000003	1;30000	101:25.5;201:16.5;301:93	1
10201103	102011	3	35	101:16;201:9.7;301:58.1	4102011;4102401;4102402;3000003	5;3;3;50000	101:42.5;201:25;301:155	1
10201104	102011	4	40	101:17.7;201:10.7;301:64.4	4102021;4102402;4102403;4102901;3000003	10;1;3;1;100000	101:59.6;201:35;301:220.5	1
10201105	102011	5	45	101:19.4;201:11.8;301:70.6	4102021;4102403;4102404;4102901;3000003	10;5;3;3;200000	101:68;201:44;301:248	1
10201106	102011	6	50	101:21.1;201:12.8;301:76.8	4102031;4102403;4102404;4102901;3000003	5;3;5;6;300000	101:76.5;201:45;301:279	1
10201107	102011	7	55	101:22.8;201:13.8;301:83	4102031;4102404;4102405;4102901;3000003	10;5;1;9;400000	101:85;201:50.1;301:310	1
10201108	102011	8	60	101:24.6;201:14.9;301:89.5	4102031;4102405;4102901;4102902;3000003	15;3;9;3;500000	101:99;201:60.5;301:357.5	1
10201109	102011	9	65	101:26.4;201:16;301:96.1	4102031;4102405;4102901;4102902;3000003	15;3;3;9;500000	101:108;201:66;301:396	1
10201110	102011	10	70	101:28.3;201:17.2;301:103	4102031;4102405;4102902;4102903;3000003	15;3;9;3;500000	101:123.5;201:78.1;301:448.5	1
10201111	102011	11	75	101:30.3;201:18.3;301:110	4102031;4102405;4102902;4102903;3000003	15;3;9;3;500000	101:140;201:77;301:490	1
10201112	102011	12	80	101:32.3;201:19.5;301:117.3	4102031;4102405;4102902;4102903;3000003	15;3;9;3;500000	101:150;201:90;301:547.5	1
10201113	102011	13	85	101:34.3;201:20.8;301:124.8	4102031;4102405;4102902;4102903;3000003	15;3;9;3;500000	101:160;201:104;301:600	1
10201114	102011	14	90	101:36.4;201:22.1;301:132.4	4102031;4102405;4102902;4102903;3000003	15;3;9;3;500000	101:178.5;201:110.5;301:646.1	1
10201115	102011	15	95	101:38.6;201:23.4;301:140.3	4102031;4102405;4102902;4102903;3000003	15;3;9;3;500000	101:198;201:117;301:711	1
10200101	102001	1	15	101:8.5;201:3.5;301:20.5				1
10200102	102001	2	25	101:9.7;201:3.9;301:23.3	4102101;3000003	1;30000	101:18;201:6;301:42	1
10200103	102001	3	35	101:10.8;201:4.4;301:26.1	4102011;4102101;4102102;3000003	5;3;3;50000	101:27.5;201:12.5;301:70	1
10200104	102001	4	40	101:12;201:4.9;301:28.9	4102021;4102102;4102103;4102901;3000003	10;1;3;1;100000	101:42;201:17.5;301:98	1
10200105	102001	5	45	101:13.1;201:5.3;301:31.7	4102021;4102103;4102104;4102901;3000003	10;5;3;3;200000	101:44;201:16;301:112	1
10200106	102001	6	50	101:14.3;201:5.8;301:34.5	4102031;4102103;4102104;4102901;3000003	5;3;5;6;300000	101:54;201:22.5;301:126	1
10200107	102001	7	55	101:15.4;201:6.2;301:37.2	4102031;4102104;4102105;4102901;3000003	10;5;1;9;400000	101:55.1;201:20;301:135	1
10200108	102001	8	60	101:16.6;201:6.7;301:40.1	4102031;4102105;4102901;4102902;3000003	15;3;9;3;500000	101:66.1;201:27.5;301:159.5	1
10200109	102001	9	65	101:17.9;201:7.2;301:43.1	4102031;4102105;4102901;4102902;3000003	15;3;3;9;500000	101:78;201:30;301:180	1
10200110	102001	10	70	101:19.1;201:7.7;301:46.2	4102031;4102105;4102902;4102903;3000003	15;3;9;3;500000	101:78;201:32.5;301:201.5	1
10200111	102001	11	75	101:20.5;201:8.3;301:49.3	4102031;4102105;4102902;4102903;3000003	15;3;9;3;500000	101:98;201:42;301:217	1
10200112	102001	12	80	101:21.8;201:8.8;301:52.6	4102031;4102105;4102902;4102903;3000003	15;3;9;3;500000	101:97.6;201:37.5;301:247.5	1
10200113	102001	13	85	101:23.2;201:9.4;301:55.9	4102031;4102105;4102902;4102903;3000003	15;3;9;3;500000	101:112;201:48.1;301:264	1
10200114	102001	14	90	101:24.6;201:9.9;301:59.4	4102031;4102105;4102902;4102903;3000003	15;3;9;3;500000	101:119;201:42.5;301:297.5	1
10200115	102001	15	95	101:26.1;201:10.5;301:62.9	4102031;4102105;4102902;4102903;3000003	15;3;9;3;500000	101:135;201:54;301:315	1
10202101	102021	1	15	101:14.5;201:6;301:37				1
10202102	102021	2	25	101:16.4;201:6.8;301:42	4102201;3000003	1;30000	101:28.5;201:12;301:75	1
10202103	102021	3	35	101:18.4;201:7.6;301:47.1	4102011;4102201;4102202;3000003	5;3;3;50000	101:50;201:20;301:127.5	1
10202104	102021	4	40	101:20.4;201:8.4;301:52.1	4102021;4102202;4102203;4102901;3000003	10;1;3;1;100000	101:70;201:28;301:175	1
10202105	102021	5	45	101:22.3;201:9.2;301:57.2	4102021;4102203;4102204;4102901;3000003	10;5;3;3;200000	101:76;201:32;301:204	1
10202106	102021	6	50	101:24.3;201:10;301:62.2	4102031;4102203;4102204;4102901;3000003	5;3;5;6;300000	101:90;201:36;301:225	1
10202107	102021	7	55	101:26.2;201:10.8;301:67.2	4102031;4102204;4102205;4102901;3000003	10;5;1;9;400000	101:95;201:40;301:250	1
10202108	102021	8	60	101:28.3;201:11.7;301:72.5	4102031;4102205;4102901;4102902;3000003	15;3;9;3;500000	101:115.5;201:49.5;301:291.5	1
10202109	102021	9	65	101:30.4;201:12.6;301:77.8	4102031;4102205;4102901;4102902;3000003	15;3;3;9;500000	101:126;201:54;301:318	1
10202110	102021	10	70	101:32.5;201:13.4;301:83.4	4102031;4102205;4102902;4102903;3000003	15;3;9;3;500000	101:136.5;201:52;301:364	1
10202111	102021	11	75	101:34.8;201:14.4;301:89.1	4102031;4102205;4102902;4102903;3000003	15;3;9;3;500000	101:161;201:70;301:399	1
10202112	102021	12	80	101:37.1;201:15.3;301:95	4102031;4102205;4102902;4102903;3000003	15;3;9;3;500000	101:172.5;201:67.5;301:442.5	1
10202113	102021	13	85	101:39.4;201:16.3;301:101	4102031;4102205;4102902;4102903;3000003	15;3;9;3;500000	101:184;201:80.1;301:480	1
10202114	102021	14	90	101:41.8;201:17.3;301:107.2	4102031;4102205;4102902;4102903;3000003	15;3;9;3;500000	101:204;201:85;301:527	1
10202115	102021	15	95	101:44.3;201:18.3;301:113.6	4102031;4102205;4102902;4102903;3000003	15;3;9;3;500000	101:225;201:90;301:576	1
10300801	103008	1	15	101:9.4;201:5;301:34.5				1
10300802	103008	2	25	101:10.7;201:5.7;301:39.2	4102301;3000003	1;30000	101:19.5;201:10.5;301:70.5	1
10300803	103008	3	35	101:11.9;201:6.3;301:43.9	4102011;4102301;4102302;3000003	5;3;3;50000	101:30;201:15;301:117.5	1
10300804	103008	4	40	101:13.2;201:7;301:48.6	4102021;4102302;4102303;4102901;3000003	10;1;3;1;100000	101:45.5;201:24.5;301:164.5	1
10300805	103008	5	45	101:14.5;201:7.7;301:53.3	4102021;4102303;4102304;4102901;3000003	10;5;3;3;200000	101:52;201:28;301:188	1
10300806	103008	6	50	101:15.8;201:8.4;301:58	4102031;4102303;4102304;4102901;3000003	5;3;5;6;300000	101:58.5;201:31.5;301:211.5	1
10300807	103008	7	55	101:17;201:9;301:62.6	4102031;4102304;4102305;4102901;3000003	10;5;1;9;400000	101:60.1;201:30;301:230	1
10300808	103008	8	60	101:18.4;201:9.7;301:67.5	4102031;4102305;4102901;4102902;3000003	15;3;9;3;500000	101:77.1;201:38.5;301:269.5	1
10300809	103008	9	65	101:19.7;201:10.5;301:72.5	4102031;4102305;4102901;4102902;3000003	15;3;3;9;500000	101:78;201:48;301:300	1
10300810	103008	10	70	101:21.1;201:11.2;301:77.7	4102031;4102305;4102902;4102903;3000003	15;3;9;3;500000	101:91;201:45.5;301:338	1
10300811	103008	11	75	101:22.6;201:12;301:83	4102031;4102305;4102902;4102903;3000003	15;3;9;3;500000	101:105;201:56;301:371.1	1
10300812	103008	12	80	101:24.1;201:12.8;301:88.5	4102031;4102305;4102902;4102903;3000003	15;3;9;3;500000	101:112.5;201:60;301:412.5	1
10300813	103008	13	85	101:25.6;201:13.6;301:94.1	4102031;4102305;4102902;4102903;3000003	15;3;9;3;500000	101:120;201:64.1;301:448	1
10300814	103008	14	90	101:27.2;201:14.4;301:99.9	4102031;4102305;4102902;4102903;3000003	15;3;9;3;500000	101:136;201:68.1;301:493	1
10300815	103008	15	95	101:28.8;201:15.3;301:105.8	4102031;4102305;4102902;4102903;3000003	15;3;9;3;500000	101:144;201:81;301:531	1
10300201	103002	1	15	101:10.9;201:4.2;301:31				1
10300202	103002	2	25	101:12.4;201:4.8;301:35.2	4102201;3000003	1;30000	101:22.5;201:9.1;301:63	1
10300203	103002	3	35	101:13.9;201:5.4;301:39.4	4102011;4102201;4102202;3000003	5;3;3;50000	101:37.5;201:15;301:105	1
10300204	103002	4	40	101:15.4;201:5.9;301:43.6	4102021;4102202;4102203;4102901;3000003	10;1;3;1;100000	101:52.5;201:17.5;301:147	1
10300205	103002	5	45	101:16.9;201:6.5;301:47.8	4102021;4102203;4102204;4102901;3000003	10;5;3;3;200000	101:60.1;201:24;301:168	1
10300206	103002	6	50	101:18.4;201:7.1;301:52	4102031;4102203;4102204;4102901;3000003	5;3;5;6;300000	101:67.5;201:27;301:189	1
10300207	103002	7	55	101:19.8;201:7.6;301:56.2	4102031;4102204;4102205;4102901;3000003	10;5;1;9;400000	101:70;201:25;301:210	1
10300208	103002	8	60	101:21.4;201:8.2;301:60.6	4102031;4102205;4102901;4102902;3000003	15;3;9;3;500000	101:88.1;201:33;301:242	1
10300209	103002	9	65	101:23;201:8.8;301:65.1	4102031;4102205;4102901;4102902;3000003	15;3;3;9;500000	101:96;201:36;301:270	1
10300210	103002	10	70	101:24.6;201:9.5;301:69.7	4102031;4102205;4102902;4102903;3000003	15;3;9;3;500000	101:104;201:45.6;301:299	1
10300211	103002	11	75	101:26.3;201:10.1;301:74.5	4102031;4102205;4102902;4102903;3000003	15;3;9;3;500000	101:119;201:42;301:336.1	1
10300212	103002	12	80	101:28;201:10.8;301:79.4	4102031;4102205;4102902;4102903;3000003	15;3;9;3;500000	101:127.5;201:52.5;301:367.5	1
10300213	103002	13	85	101:29.8;201:11.5;301:84.5	4102031;4102205;4102902;4102903;3000003	15;3;9;3;500000	101:144;201:56.1;301:408.1	1
10300214	103002	14	90	101:31.6;201:12.2;301:89.7	4102031;4102205;4102902;4102903;3000003	15;3;9;3;500000	101:153;201:59.5;301:442	1
10300215	103002	15	95	101:33.5;201:12.9;301:95	4102031;4102205;4102902;4102903;3000003	15;3;9;3;500000	101:171;201:63.1;301:477.1	1
10300701	103007	1	15	101:15.7;201:5.7;301:43.4				1
10300702	103007	2	25	101:17.8;201:6.4;301:49.3	4102101;3000003	1;30000	101:31.5;201:10.5;301:88.6	1
10300703	103007	3	35	101:19.9;201:7.2;301:55.2	4102011;4102101;4102102;3000003	5;3;3;50000	101:52.5;201:20;301:147.5	1
10300704	103007	4	40	101:22.1;201:8;301:61.1	4102021;4102102;4102103;4102901;3000003	10;1;3;1;100000	101:77;201:28;301:206.5	1
10300705	103007	5	45	101:24.2;201:8.7;301:67	4102021;4102103;4102104;4102901;3000003	10;5;3;3;200000	101:84.1;201:28;301:236	1
10300706	103007	6	50	101:26.3;201:9.5;301:72.9	4102031;4102103;4102104;4102901;3000003	5;3;5;6;300000	101:94.5;201:36;301:265.5	1
10300707	103007	7	55	101:28.4;201:10.2;301:78.8	4102031;4102104;4102105;4102901;3000003	10;5;1;9;400000	101:105;201:35;301:295	1
10300708	103007	8	60	101:30.7;201:11;301:85	4102031;4102105;4102901;4102902;3000003	15;3;9;3;500000	101:126.5;201:44;301:341	1
10300709	103007	9	65	101:32.9;201:11.9;301:91.3	4102031;4102105;4102901;4102902;3000003	15;3;3;9;500000	101:132;201:54;301:378	1
10300710	103007	10	70	101:35.3;201:12.7;301:97.8	4102031;4102105;4102902;4102903;3000003	15;3;9;3;500000	101:156;201:52;301:422.5	1
10300711	103007	11	75	101:37.7;201:13.6;301:104.5	4102031;4102105;4102902;4102903;3000003	15;3;9;3;500000	101:168;201:63;301:469	1
10300712	103007	12	80	101:40.2;201:14.5;301:111.4	4102031;4102105;4102902;4102903;3000003	15;3;9;3;500000	101:187.5;201:67.5;301:517.5	1
10300713	103007	13	85	101:42.7;201:15.4;301:118.4	4102031;4102105;4102902;4102903;3000003	15;3;9;3;500000	101:200;201:72;301:560	1
10300714	103007	14	90	101:45.3;201:16.3;301:125.7	4102031;4102105;4102902;4102903;3000003	15;3;9;3;500000	101:221;201:76.5;301:620.5	1
10300715	103007	15	95	101:48;201:17.3;301:133.2	4102031;4102105;4102902;4102903;3000003	15;3;9;3;500000	101:243;201:90;301:675	1
10301901	103019	1	15	101:6.9;201:4.1;301:30.3				1
10301902	103019	2	25	101:7.8;201:4.7;301:34.4	4102101;3000003	1;30000	101:13.5;201:9;301:61.5	1
10301903	103019	3	35	101:8.7;201:5.2;301:38.5	4102011;4102101;4102102;3000003	5;3;3;50000	101:22.5;201:12.5;301:102.5	1
10301904	103019	4	40	101:9.7;201:5.8;301:42.7	4102021;4102102;4102103;4102901;3000003	10;1;3;1;100000	101:35;201:21;301:147	1
10301905	103019	5	45	101:10.6;201:6.3;301:46.8	4102021;4102103;4102104;4102901;3000003	10;5;3;3;200000	101:36;201:20;301:164	1
10301906	103019	6	50	101:11.5;201:6.9;301:50.9	4102031;4102103;4102104;4102901;3000003	5;3;5;6;300000	101:40.5;201:27;301:184.5	1
10301907	103019	7	55	101:12.4;201:7.4;301:55	4102031;4102104;4102105;4102901;3000003	10;5;1;9;400000	101:45;201:25;301:205	1
10301908	103019	8	60	101:13.4;201:8;301:59.3	4102031;4102105;4102901;4102902;3000003	15;3;9;3;500000	101:55;201:33;301:236.5	1
10301909	103019	9	65	101:14.4;201:8.6;301:63.7	4102031;4102105;4102901;4102902;3000003	15;3;3;9;500000	101:60;201:36;301:264	1
10301910	103019	10	70	101:15.4;201:9.2;301:68.2	4102031;4102105;4102902;4102903;3000003	15;3;9;3;500000	101:65;201:39;301:292.5	1
10301911	103019	11	75	101:16.5;201:9.9;301:72.9	4102031;4102105;4102902;4102903;3000003	15;3;9;3;500000	101:77;201:49.1;301:329	1
10301912	103019	12	80	101:17.6;201:10.5;301:77.7	4102031;4102105;4102902;4102903;3000003	15;3;9;3;500000	101:82.6;201:45;301:360	1
10301913	103019	13	85	101:18.7;201:11.2;301:82.7	4102031;4102105;4102902;4102903;3000003	15;3;9;3;500000	101:88.1;201:56;301:400	1
10301914	103019	14	90	101:19.8;201:11.9;301:87.8	4102031;4102105;4102902;4102903;3000003	15;3;9;3;500000	101:93.5;201:59.6;301:433.6	1
10301915	103019	15	95	101:21;201:12.6;301:93	4102031;4102105;4102902;4102903;3000003	15;3;9;3;500000	101:108;201:63;301:468	1
10302101	103021	1	15	101:14.3;201:6.3;301:47.3				1
10302102	103021	2	25	101:16.3;201:7.2;301:53.8	4102201;3000003	1;30000	101:30;201:13.5;301:97.6	1
10302103	103021	3	35	101:18.2;201:8;301:60.2	4102011;4102201;4102202;3000003	5;3;3;50000	101:47.5;201:20;301:160	1
10302104	103021	4	40	101:20.2;201:8.9;301:66.7	4102021;4102202;4102203;4102901;3000003	10;1;3;1;100000	101:70.1;201:31.5;301:227.5	1
10302105	103021	5	45	101:22.1;201:9.7;301:73.1	4102021;4102203;4102204;4102901;3000003	10;5;3;3;200000	101:76;201:32;301:256	1
10302106	103021	6	50	101:24.1;201:10.6;301:79.6	4102031;4102203;4102204;4102901;3000003	5;3;5;6;300000	101:90;201:40.5;301:292.5	1
10302107	103021	7	55	101:26;201:11.4;301:86	4102031;4102204;4102205;4102901;3000003	10;5;1;9;400000	101:95;201:40;301:320	1
10302108	103021	8	60	101:28.1;201:12.3;301:92.7	4102031;4102205;4102901;4102902;3000003	15;3;9;3;500000	101:115.5;201:49.5;301:368.5	1
10302109	103021	9	65	101:30.1;201:13.2;301:99.6	4102031;4102205;4102901;4102902;3000003	15;3;3;9;500000	101:120;201:54;301:414	1
10302110	103021	10	70	101:32.3;201:14.2;301:106.7	4102031;4102205;4102902;4102903;3000003	15;3;9;3;500000	101:143;201:65;301:461.5	1
10302111	103021	11	75	101:34.5;201:15.2;301:114	4102031;4102205;4102902;4102903;3000003	15;3;9;3;500000	101:154;201:70;301:511.1	1
10302112	103021	12	80	101:36.8;201:16.2;301:121.5	4102031;4102205;4102902;4102903;3000003	15;3;9;3;500000	101:172.5;201:75.1;301:562.5	1
10302113	103021	13	85	101:39.1;201:17.2;301:129.3	4102031;4102205;4102902;4102903;3000003	15;3;9;3;500000	101:184;201:80;301:624	1
10302114	103021	14	90	101:41.5;201:18.2;301:137.2	4102031;4102205;4102902;4102903;3000003	15;3;9;3;500000	101:204;201:85;301:671.5	1
10302115	103021	15	95	101:44;201:19.3;301:145.4	4102031;4102205;4102902;4102903;3000003	15;3;9;3;500000	101:225;201:99;301:738.1	1
10400301	104003	1	15	101:8.4;201:5.4;301:38.2				1
10400302	104003	2	25	101:9.5;201:6.2;301:43.4	4102201;3000003	1;30000	101:16.5;201:12;301:78	1
10400303	104003	3	35	101:10.7;201:6.9;301:48.6	4102011;4102201;4102202;3000003	5;3;3;50000	101:30;201:17.5;301:130	1
10400304	104003	4	40	101:11.8;201:7.6;301:53.8	4102021;4102202;4102203;4102901;3000003	10;1;3;1;100000	101:38.5;201:24.5;301:182	1
10400305	104003	5	45	101:13;201:8.4;301:59	4102021;4102203;4102204;4102901;3000003	10;5;3;3;200000	101:48;201:32;301:208	1
10400306	104003	6	50	101:14.1;201:9.1;301:64.2	4102031;4102203;4102204;4102901;3000003	5;3;5;6;300000	101:49.5;201:31.5;301:234	1
10400307	104003	7	55	101:15.2;201:9.8;301:69.4	4102031;4102204;4102205;4102901;3000003	10;5;1;9;400000	101:55;201:35.1;301:260.1	1
10400308	104003	8	60	101:16.4;201:10.6;301:74.8	4102031;4102205;4102901;4102902;3000003	15;3;9;3;500000	101:66.1;201:44;301:297	1
10400309	104003	9	65	101:17.6;201:11.4;301:80.4	4102031;4102205;4102901;4102902;3000003	15;3;3;9;500000	101:72;201:48;301:336	1
10400310	104003	10	70	101:18.9;201:12.2;301:86.1	4102031;4102205;4102902;4102903;3000003	15;3;9;3;500000	101:84.5;201:52;301:370.5	1
10400311	104003	11	75	101:20.2;201:13;301:92	4102031;4102205;4102902;4102903;3000003	15;3;9;3;500000	101:91.1;201:56;301:413	1
10400312	104003	12	80	101:21.5;201:13.9;301:98.1	4102031;4102205;4102902;4102903;3000003	15;3;9;3;500000	101:97.5;201:67.5;301:457.5	1
10400313	104003	13	85	101:22.9;201:14.8;301:104.3	4102031;4102205;4102902;4102903;3000003	15;3;9;3;500000	101:112;201:72;301:496	1
10400314	104003	14	90	101:24.3;201:15.7;301:110.7	4102031;4102205;4102902;4102903;3000003	15;3;9;3;500000	101:119;201:76.5;301:544	1
10400315	104003	15	95	101:25.7;201:16.6;301:117.3	4102031;4102205;4102902;4102903;3000003	15;3;9;3;500000	101:126;201:81.1;301:594.1	1
10400501	104005	1	15	101:6.6;201:4.2;301:30.3				1
10400502	104005	2	25	101:7.5;201:4.8;301:34.4	4102201;3000003	1;30000	101:13.5;201:9.1;301:61.5	1
10400503	104005	3	35	101:8.4;201:5.4;301:38.5	4102011;4102201;4102202;3000003	5;3;3;50000	101:22.5;201:15;301:102.5	1
10400504	104005	4	40	101:9.3;201:5.9;301:42.7	4102021;4102202;4102203;4102901;3000003	10;1;3;1;100000	101:31.5;201:17.5;301:147	1
10400505	104005	5	45	101:10.2;201:6.5;301:46.8	4102021;4102203;4102204;4102901;3000003	10;5;3;3;200000	101:36;201:24;301:164	1
10400506	104005	6	50	101:11.1;201:7.1;301:50.9	4102031;4102203;4102204;4102901;3000003	5;3;5;6;300000	101:40.5;201:27;301:184.5	1
10400507	104005	7	55	101:12;201:7.6;301:55	4102031;4102204;4102205;4102901;3000003	10;5;1;9;400000	101:45;201:25;301:205	1
10400508	104005	8	60	101:13;201:8.2;301:59.3	4102031;4102205;4102901;4102902;3000003	15;3;9;3;500000	101:55;201:33;301:236.5	1
10400509	104005	9	65	101:13.9;201:8.8;301:63.7	4102031;4102205;4102901;4102902;3000003	15;3;3;9;500000	101:54;201:36;301:264	1
10400510	104005	10	70	101:14.9;201:9.5;301:68.2	4102031;4102205;4102902;4102903;3000003	15;3;9;3;500000	101:65;201:45.6;301:292.5	1
10400511	104005	11	75	101:15.9;201:10.1;301:72.9	4102031;4102205;4102902;4102903;3000003	15;3;9;3;500000	101:70;201:42;301:329	1
10400512	104005	12	80	101:17;201:10.8;301:77.7	4102031;4102205;4102902;4102903;3000003	15;3;9;3;500000	101:82.5;201:52.5;301:360	1
10400513	104005	13	85	101:18.1;201:11.5;301:82.7	4102031;4102205;4102902;4102903;3000003	15;3;9;3;500000	101:88.1;201:56.1;301:400	1
10400514	104005	14	90	101:19.2;201:12.2;301:87.8	4102031;4102205;4102902;4102903;3000003	15;3;9;3;500000	101:93.6;201:59.5;301:433.6	1
10400515	104005	15	95	101:20.3;201:12.9;301:93	4102031;4102205;4102902;4102903;3000003	15;3;9;3;500000	101:99;201:63.1;301:468	1
10400101	104001	1	15	101:12.8;201:8.3;301:50.5				1
10400102	104001	2	25	101:14.5;201:9.4;301:57.4	4102101;3000003	1;30000	101:25.5;201:16.5;301:103.5	1
10400103	104001	3	35	101:16.3;201:10.5;301:64.3	4102011;4102101;4102102;3000003	5;3;3;50000	101:45;201:27.5;301:172.5	1
10400104	104001	4	40	101:18;201:11.7;301:71.2	4102021;4102102;4102103;4102901;3000003	10;1;3;1;100000	101:59.5;201:42;301:241.5	1
10400105	104001	5	45	101:19.8;201:12.8;301:78.1	4102021;4102103;4102104;4102901;3000003	10;5;3;3;200000	101:72;201:44;301:276	1
10400106	104001	6	50	101:21.5;201:13.9;301:85	4102031;4102103;4102104;4102901;3000003	5;3;5;6;300000	101:76.5;201:49.6;301:310.5	1
10400107	104001	7	55	101:23.2;201:15;301:91.8	4102031;4102104;4102105;4102901;3000003	10;5;1;9;400000	101:85;201:55;301:340	1
10400108	104001	8	60	101:25;201:16.2;301:99	4102031;4102105;4102901;4102902;3000003	15;3;9;3;500000	101:99;201:66.1;301:396	1
10400109	104001	9	65	101:26.9;201:17.4;301:106.3	4102031;4102105;4102901;4102902;3000003	15;3;3;9;500000	101:114;201:72;301:438	1
10400110	104001	10	70	101:28.8;201:18.6;301:113.9	4102031;4102105;4102902;4102903;3000003	15;3;9;3;500000	101:123.5;201:78;301:494	1
10400111	104001	11	75	101:30.8;201:19.9;301:121.7	4102031;4102105;4102902;4102903;3000003	15;3;9;3;500000	101:140;201:91.1;301:546	1
10400112	104001	12	80	101:32.8;201:21.2;301:129.7	4102031;4102105;4102902;4102903;3000003	15;3;9;3;500000	101:150;201:97.6;301:600	1
10400113	104001	13	85	101:34.9;201:22.6;301:138	4102031;4102105;4102902;4102903;3000003	15;3;9;3;500000	101:168;201:112;301:664.1	1
10400114	104001	14	90	101:37.1;201:24;301:146.5	4102031;4102105;4102902;4102903;3000003	15;3;9;3;500000	101:187;201:119;301:722.5	1
10400115	104001	15	95	101:39.3;201:25.4;301:155.2	4102031;4102105;4102902;4102903;3000003	15;3;9;3;500000	101:198;201:126;301:783	1
10400801	104008	1	15	101:8.5;201:5.3;301:38.2				1
10400802	104008	2	25	101:9.7;201:6;301:43.4	4102301;3000003	1;30000	101:18;201:10.5;301:78	1
10400803	104008	3	35	101:10.8;201:6.8;301:48.6	4102011;4102301;4102302;3000003	5;3;3;50000	101:27.5;201:20;301:130	1
10400804	104008	4	40	101:12;201:7.5;301:53.8	4102021;4102302;4102303;4102901;3000003	10;1;3;1;100000	101:42;201:24.5;301:182	1
10400805	104008	5	45	101:13.1;201:8.2;301:59	4102021;4102303;4102304;4102901;3000003	10;5;3;3;200000	101:44;201:28;301:208	1
10400806	104008	6	50	101:14.3;201:8.9;301:64.2	4102031;4102303;4102304;4102901;3000003	5;3;5;6;300000	101:54;201:31.5;301:234	1
10400807	104008	7	55	101:15.4;201:9.6;301:69.4	4102031;4102304;4102305;4102901;3000003	10;5;1;9;400000	101:55.1;201:35;301:260.1	1
10400808	104008	8	60	101:16.6;201:10.4;301:74.8	4102031;4102305;4102901;4102902;3000003	15;3;9;3;500000	101:66.1;201:44;301:297	1
10400809	104008	9	65	101:17.9;201:11.2;301:80.4	4102031;4102305;4102901;4102902;3000003	15;3;3;9;500000	101:78;201:48;301:336	1
10400810	104008	10	70	101:19.1;201:12;301:86.1	4102031;4102305;4102902;4102903;3000003	15;3;9;3;500000	101:78;201:52;301:370.5	1
10400811	104008	11	75	101:20.5;201:12.8;301:92	4102031;4102305;4102902;4102903;3000003	15;3;9;3;500000	101:98;201:56;301:413	1
10400812	104008	12	80	101:21.8;201:13.6;301:98.1	4102031;4102305;4102902;4102903;3000003	15;3;9;3;500000	101:97.6;201:60.1;301:457.5	1
10400813	104008	13	85	101:23.2;201:14.5;301:104.3	4102031;4102305;4102902;4102903;3000003	15;3;9;3;500000	101:112;201:72;301:496	1
10400814	104008	14	90	101:24.6;201:15.4;301:110.7	4102031;4102305;4102902;4102903;3000003	15;3;9;3;500000	101:119;201:76.5;301:544	1
10400815	104008	15	95	101:26.1;201:16.3;301:117.3	4102031;4102305;4102902;4102903;3000003	15;3;9;3;500000	101:135;201:81;301:594.1	1
10500801	105008	1	15	101:16;201:6;301:35.7				1
10500802	105008	2	25	101:18.2;201:6.8;301:40.5	4102301;3000003	1;30000	101:33;201:12;301:72	1
10500803	105008	3	35	101:20.3;201:7.6;301:45.4	4102011;4102301;4102302;3000003	5;3;3;50000	101:52.5;201:20;301:122.5	1
10500804	105008	4	40	101:22.5;201:8.4;301:50.3	4102021;4102302;4102303;4102901;3000003	10;1;3;1;100000	101:77;201:28;301:171.5	1
10500805	105008	5	45	101:24.7;201:9.2;301:55.1	4102021;4102303;4102304;4102901;3000003	10;5;3;3;200000	101:88.1;201:32;301:192	1
10500806	105008	6	50	101:26.9;201:10;301:60	4102031;4102303;4102304;4102901;3000003	5;3;5;6;300000	101:99;201:36;301:220.5	1
10500807	105008	7	55	101:29;201:10.8;301:64.8	4102031;4102304;4102305;4102901;3000003	10;5;1;9;400000	101:105;201:40;301:240	1
10500808	105008	8	60	101:31.3;201:11.7;301:69.9	4102031;4102305;4102901;4102902;3000003	15;3;9;3;500000	101:126.5;201:49.5;301:280.5	1
10500809	105008	9	65	101:33.6;201:12.6;301:75.1	4102031;4102305;4102901;4102902;3000003	15;3;3;9;500000	101:138;201:54;301:312	1
10500810	105008	10	70	101:36;201:13.4;301:80.4	4102031;4102305;4102902;4102903;3000003	15;3;9;3;500000	101:156;201:52;301:344.5	1
10500811	105008	11	75	101:38.5;201:14.4;301:85.9	4102031;4102305;4102902;4102903;3000003	15;3;9;3;500000	101:175;201:70;301:385	1
10500812	105008	12	80	101:41;201:15.3;301:91.6	4102031;4102305;4102902;4102903;3000003	15;3;9;3;500000	101:187.5;201:67.5;301:427.5	1
10500813	105008	13	85	101:43.6;201:16.3;301:97.4	4102031;4102305;4102902;4102903;3000003	15;3;9;3;500000	101:208;201:80.1;301:464	1
10500814	105008	14	90	101:46.3;201:17.3;301:103.4	4102031;4102305;4102902;4102903;3000003	15;3;9;3;500000	101:229.5;201:85;301:510	1
10500815	105008	15	95	101:49.1;201:18.3;301:109.6	4102031;4102305;4102902;4102903;3000003	15;3;9;3;500000	101:252;201:90;301:558	1
10500101	105001	1	15	101:11.8;201:4.2;301:30.2				1
10500102	105001	2	25	101:13.4;201:4.8;301:34.3	4102101;3000003	1;30000	101:24;201:9.1;301:61.5	1
10500103	105001	3	35	101:15;201:5.4;301:38.4	4102011;4102101;4102102;3000003	5;3;3;50000	101:40;201:15;301:102.5	1
10500104	105001	4	40	101:16.6;201:5.9;301:42.5	4102021;4102102;4102103;4102901;3000003	10;1;3;1;100000	101:56;201:17.5;301:143.5	1
10500105	105001	5	45	101:18.2;201:6.5;301:46.6	4102021;4102103;4102104;4102901;3000003	10;5;3;3;200000	101:64.1;201:24;301:164	1
10500106	105001	6	50	101:19.8;201:7.1;301:50.7	4102031;4102103;4102104;4102901;3000003	5;3;5;6;300000	101:72;201:27;301:184.5	1
10500107	105001	7	55	101:21.4;201:7.6;301:54.8	4102031;4102104;4102105;4102901;3000003	10;5;1;9;400000	101:80;201:25;301:205	1
10500108	105001	8	60	101:23.1;201:8.2;301:59.1	4102031;4102105;4102901;4102902;3000003	15;3;9;3;500000	101:93.6;201:33;301:236.5	1
10500109	105001	9	65	101:24.8;201:8.8;301:63.5	4102031;4102105;4102901;4102902;3000003	15;3;3;9;500000	101:102;201:36;301:264	1
10500110	105001	10	70	101:26.6;201:9.5;301:68	4102031;4102105;4102902;4102903;3000003	15;3;9;3;500000	101:117;201:45.6;301:292.5	1
10500111	105001	11	75	101:28.4;201:10.1;301:72.7	4102031;4102105;4102902;4102903;3000003	15;3;9;3;500000	101:126;201:42;301:329	1
10500112	105001	12	80	101:30.3;201:10.8;301:77.5	4102031;4102105;4102902;4102903;3000003	15;3;9;3;500000	101:142.5;201:52.5;301:360.1	1
10500113	105001	13	85	101:32.2;201:11.5;301:82.4	4102031;4102105;4102902;4102903;3000003	15;3;9;3;500000	101:152;201:56.1;301:392	1
10500114	105001	14	90	101:34.2;201:12.2;301:87.5	4102031;4102105;4102902;4102903;3000003	15;3;9;3;500000	101:170;201:59.5;301:433.6	1
10500115	105001	15	95	101:36.2;201:12.9;301:92.7	4102031;4102105;4102902;4102903;3000003	15;3;9;3;500000	101:180;201:63.1;301:468	1
10500201	105002	1	15	101:9.2;201:3.5;301:20.7				1
10500202	105002	2	25	101:10.4;201:3.9;301:23.5	4102201;3000003	1;30000	101:18;201:6;301:42	1
10500203	105002	3	35	101:11.7;201:4.4;301:26.4	4102011;4102201;4102202;3000003	5;3;3;50000	101:32.5;201:12.5;301:72.6	1
10500204	105002	4	40	101:12.9;201:4.9;301:29.2	4102021;4102202;4102203;4102901;3000003	10;1;3;1;100000	101:42;201:17.5;301:98	1
10500205	105002	5	45	101:14.2;201:5.3;301:32	4102021;4102203;4102204;4102901;3000003	10;5;3;3;200000	101:52;201:16;301:112	1
10500206	105002	6	50	101:15.4;201:5.8;301:34.8	4102031;4102203;4102204;4102901;3000003	5;3;5;6;300000	101:54;201:22.5;301:126	1
10500207	105002	7	55	101:16.6;201:6.2;301:37.6	4102031;4102204;4102205;4102901;3000003	10;5;1;9;400000	101:60.1;201:20;301:140	1
10500208	105002	8	60	101:17.9;201:6.7;301:40.6	4102031;4102205;4102901;4102902;3000003	15;3;9;3;500000	101:71.5;201:27.5;301:165	1
10500209	105002	9	65	101:19.3;201:7.2;301:43.6	4102031;4102205;4102901;4102902;3000003	15;3;3;9;500000	101:84;201:30;301:180	1
10500210	105002	10	70	101:20.6;201:7.7;301:46.7	4102031;4102205;4102902;4102903;3000003	15;3;9;3;500000	101:84.5;201:32.5;301:201.5	1
10500211	105002	11	75	101:22;201:8.3;301:49.9	4102031;4102205;4102902;4102903;3000003	15;3;9;3;500000	101:98;201:42;301:224	1
10500212	105002	12	80	101:23.5;201:8.8;301:53.2	4102031;4102205;4102902;4102903;3000003	15;3;9;3;500000	101:112.5;201:37.5;301:247.5	1
10500213	105002	13	85	101:25;201:9.4;301:56.5	4102031;4102205;4102902;4102903;3000003	15;3;9;3;500000	101:120;201:48.1;301:264	1
10500214	105002	14	90	101:26.5;201:9.9;301:60	4102031;4102205;4102902;4102903;3000003	15;3;9;3;500000	101:127.5;201:42.5;301:297.5	1
10500215	105002	15	95	101:28.1;201:10.5;301:63.6	4102031;4102205;4102902;4102903;3000003	15;3;9;3;500000	101:144;201:54;301:324	1
10500601	105006	1	15	101:11.6;201:4.3;301:26.8				1
10500602	105006	2	25	101:13.2;201:4.9;301:30.4	4102201;3000003	1;30000	101:24;201:9;301:54	1
10500603	105006	3	35	101:14.7;201:5.5;301:34.1	4102011;4102201;4102202;3000003	5;3;3;50000	101:37.5;201:15;301:92.5	1
10500604	105006	4	40	101:16.3;201:6.1;301:37.7	4102021;4102202;4102203;4102901;3000003	10;1;3;1;100000	101:56;201:21;301:126	1
10500605	105006	5	45	101:17.9;201:6.7;301:41.4	4102021;4102203;4102204;4102901;3000003	10;5;3;3;200000	101:64.1;201:24;301:148	1
10500606	105006	6	50	101:19.5;201:7.3;301:45	4102031;4102203;4102204;4102901;3000003	5;3;5;6;300000	101:72;201:27;301:162	1
10500607	105006	7	55	101:21;201:7.8;301:48.6	4102031;4102204;4102205;4102901;3000003	10;5;1;9;400000	101:75;201:25;301:180	1
10500608	105006	8	60	101:22.7;201:8.5;301:52.4	4102031;4102205;4102901;4102902;3000003	15;3;9;3;500000	101:93.6;201:38.5;301:209	1
10500609	105006	9	65	101:24.4;201:9.1;301:56.3	4102031;4102205;4102901;4102902;3000003	15;3;3;9;500000	101:102;201:36;301:234	1
10500610	105006	10	70	101:26.1;201:9.7;301:60.3	4102031;4102205;4102902;4102903;3000003	15;3;9;3;500000	101:110.5;201:39;301:260	1
10500611	105006	11	75	101:27.9;201:10.4;301:64.4	4102031;4102205;4102902;4102903;3000003	15;3;9;3;500000	101:126;201:49.1;301:287	1
10500612	105006	12	80	101:29.7;201:11.1;301:68.7	4102031;4102205;4102902;4102903;3000003	15;3;9;3;500000	101:135;201:52.5;301:322.5	1
10500613	105006	13	85	101:31.6;201:11.8;301:73.1	4102031;4102205;4102902;4102903;3000003	15;3;9;3;500000	101:152;201:56;301:352	1
10500614	105006	14	90	101:33.5;201:12.5;301:77.6	4102031;4102205;4102902;4102903;3000003	15;3;9;3;500000	101:161.5;201:59.6;301:382.5	1
10500615	105006	15	95	101:35.5;201:13.2;301:82.2	4102031;4102205;4102902;4102903;3000003	15;3;9;3;500000	101:180;201:63;301:414	1
10600801	106008	1	15	101:8.6;201:5.3;301:36.6				1
10600802	106008	2	25	101:9.8;201:6;301:41.5	4102301;3000003	1;30000	101:18;201:10.5;301:73.5	1
10600803	106008	3	35	101:11;201:6.8;301:46.5	4102011;4102301;4102302;3000003	5;3;3;50000	101:30;201:20;301:125	1
10600804	106008	4	40	101:12.1;201:7.5;301:51.5	4102021;4102302;4102303;4102901;3000003	10;1;3;1;100000	101:38.5;201:24.5;301:175	1
10600805	106008	5	45	101:13.3;201:8.2;301:56.5	4102021;4102303;4102304;4102901;3000003	10;5;3;3;200000	101:48;201:28;301:200	1
10600806	106008	6	50	101:14.5;201:8.9;301:61.5	4102031;4102303;4102304;4102901;3000003	5;3;5;6;300000	101:54;201:31.5;301:225	1
10600807	106008	7	55	101:15.6;201:9.6;301:66.4	4102031;4102304;4102305;4102901;3000003	10;5;1;9;400000	101:55;201:35;301:245	1
10600808	106008	8	60	101:16.9;201:10.4;301:71.6	4102031;4102305;4102901;4102902;3000003	15;3;9;3;500000	101:71.6;201:44;301:286	1
10600809	106008	9	65	101:18.1;201:11.2;301:76.9	4102031;4102305;4102901;4102902;3000003	15;3;3;9;500000	101:72;201:48;301:318	1
10600810	106008	10	70	101:19.4;201:12;301:82.4	4102031;4102305;4102902;4102903;3000003	15;3;9;3;500000	101:84.5;201:52;301:357.5	1
10600811	106008	11	75	101:20.7;201:12.8;301:88	4102031;4102305;4102902;4102903;3000003	15;3;9;3;500000	101:91.1;201:56;301:392.1	1
10600812	106008	12	80	101:22.1;201:13.6;301:93.8	4102031;4102305;4102902;4102903;3000003	15;3;9;3;500000	101:105;201:60.1;301:435	1
10600813	106008	13	85	101:23.5;201:14.5;301:99.8	4102031;4102305;4102902;4102903;3000003	15;3;9;3;500000	101:112;201:72;301:480	1
10600814	106008	14	90	101:24.9;201:15.4;301:106	4102031;4102305;4102902;4102903;3000003	15;3;9;3;500000	101:119;201:76.5;301:527	1
10600815	106008	15	95	101:26.4;201:16.3;301:112.3	4102031;4102305;4102902;4102903;3000003	15;3;9;3;500000	101:135;201:81;301:567	1
10600101	106001	1	15	101:6.9;201:5.1;301:25.1				1
10600102	106001	2	25	101:7.8;201:5.8;301:28.5	4102201;3000003	1;30000	101:13.5;201:10.5;301:51	1
10600103	106001	3	35	101:8.7;201:6.5;301:32	4102011;4102201;4102202;3000003	5;3;3;50000	101:22.5;201:17.5;301:87.5	1
10600104	106001	4	40	101:9.7;201:7.2;301:35.4	4102021;4102202;4102203;4102901;3000003	10;1;3;1;100000	101:35;201:24.5;301:119	1
10600105	106001	5	45	101:10.6;201:7.9;301:38.8	4102021;4102203;4102204;4102901;3000003	10;5;3;3;200000	101:36;201:28;301:136	1
10600106	106001	6	50	101:11.5;201:8.6;301:42.2	4102031;4102203;4102204;4102901;3000003	5;3;5;6;300000	101:40.5;201:31.5;301:153	1
10600107	106001	7	55	101:12.4;201:9.2;301:45.6	4102031;4102204;4102205;4102901;3000003	10;5;1;9;400000	101:45;201:30;301:170	1
10600108	106001	8	60	101:13.4;201:10;301:49.2	4102031;4102205;4102901;4102902;3000003	15;3;9;3;500000	101:55;201:44;301:198	1
10600109	106001	9	65	101:14.4;201:10.7;301:52.8	4102031;4102205;4102901;4102902;3000003	15;3;3;9;500000	101:60;201:42;301:216	1
10600110	106001	10	70	101:15.4;201:11.5;301:56.6	4102031;4102205;4102902;4102903;3000003	15;3;9;3;500000	101:65;201:52;301:247	1
10600111	106001	11	75	101:16.5;201:12.2;301:60.5	4102031;4102205;4102902;4102903;3000003	15;3;9;3;500000	101:77;201:49;301:273	1
10600112	106001	12	80	101:17.6;201:13;301:64.5	4102031;4102205;4102902;4102903;3000003	15;3;9;3;500000	101:82.6;201:60.1;301:300	1
10600113	106001	13	85	101:18.7;201:13.9;301:68.6	4102031;4102205;4102902;4102903;3000003	15;3;9;3;500000	101:88.1;201:72;301:328	1
10600114	106001	14	90	101:19.8;201:14.7;301:72.8	4102031;4102205;4102902;4102903;3000003	15;3;9;3;500000	101:93.5;201:68;301:357	1
10600115	106001	15	95	101:21;201:15.6;301:77.1	4102031;4102205;4102902;4102903;3000003	15;3;9;3;500000	101:108;201:81;301:387	1
10600201	106002	1	15	101:11.9;201:7.1;301:49.8				1
10600202	106002	2	25	101:13.5;201:8;301:56.5	4102201;3000003	1;30000	101:24;201:13.5;301:100.5	1
10600203	106002	3	35	101:15.2;201:9;301:63.3	4102011;4102201;4102202;3000003	5;3;3;50000	101:42.5;201:25;301:170	1
10600204	106002	4	40	101:16.8;201:10;301:70.1	4102021;4102202;4102203;4102901;3000003	10;1;3;1;100000	101:56;201:35;301:238	1
10600205	106002	5	45	101:18.4;201:10.9;301:76.9	4102021;4102203;4102204;4102901;3000003	10;5;3;3;200000	101:64.1;201:36;301:272	1
10600206	106002	6	50	101:20;201:11.9;301:83.7	4102031;4102203;4102204;4102901;3000003	5;3;5;6;300000	101:72;201:45;301:306	1
10600207	106002	7	55	101:21.6;201:12.8;301:90.4	4102031;4102204;4102205;4102901;3000003	10;5;1;9;400000	101:80.1;201:45;301:335.1	1
10600208	106002	8	60	101:23.3;201:13.8;301:97.5	4102031;4102205;4102901;4102902;3000003	15;3;9;3;500000	101:93.5;201:55;301:390.5	1
10600209	106002	9	65	101:25.1;201:14.9;301:104.7	4102031;4102205;4102901;4102902;3000003	15;3;3;9;500000	101:108;201:66.1;301:432	1
10600210	106002	10	70	101:26.8;201:15.9;301:112.1	4102031;4102205;4102902;4102903;3000003	15;3;9;3;500000	101:110.5;201:65;301:481	1
10600211	106002	11	75	101:28.7;201:17;301:119.8	4102031;4102205;4102902;4102903;3000003	15;3;9;3;500000	101:133;201:77;301:539	1
10600212	106002	12	80	101:30.6;201:18.1;301:127.7	4102031;4102205;4102902;4102903;3000003	15;3;9;3;500000	101:142.5;201:82.6;301:592.5	1
10600213	106002	13	85	101:32.5;201:19.3;301:135.9	4102031;4102205;4102902;4102903;3000003	15;3;9;3;500000	101:152;201:96;301:656.1	1
10600214	106002	14	90	101:34.5;201:20.5;301:144.2	4102031;4102205;4102902;4102903;3000003	15;3;9;3;500000	101:170;201:102;301:705.5	1
10600215	106002	15	95	101:36.6;201:21.7;301:152.8	4102031;4102205;4102902;4102903;3000003	15;3;9;3;500000	101:189;201:108;301:774	1
10601001	106010	1	15	101:8.5;201:5.4;301:36.6				1
10601002	106010	2	25	101:9.7;201:6.2;301:41.5	4102101;3000003	1;30000	101:18;201:12;301:73.5	1
10601003	106010	3	35	101:10.8;201:6.9;301:46.5	4102011;4102101;4102102;3000003	5;3;3;50000	101:27.5;201:17.5;301:125	1
10601004	106010	4	40	101:12;201:7.6;301:51.5	4102021;4102102;4102103;4102901;3000003	10;1;3;1;100000	101:42;201:24.5;301:175	1
10601005	106010	5	45	101:13.1;201:8.4;301:56.5	4102021;4102103;4102104;4102901;3000003	10;5;3;3;200000	101:44;201:32;301:200	1
10601006	106010	6	50	101:14.3;201:9.1;301:61.5	4102031;4102103;4102104;4102901;3000003	5;3;5;6;300000	101:54;201:31.5;301:225	1
10601007	106010	7	55	101:15.4;201:9.8;301:66.4	4102031;4102104;4102105;4102901;3000003	10;5;1;9;400000	101:55.1;201:35.1;301:245	1
10601008	106010	8	60	101:16.6;201:10.6;301:71.6	4102031;4102105;4102901;4102902;3000003	15;3;9;3;500000	101:66.1;201:44;301:286	1
10601009	106010	9	65	101:17.9;201:11.4;301:76.9	4102031;4102105;4102901;4102902;3000003	15;3;3;9;500000	101:78;201:48;301:318	1
10601010	106010	10	70	101:19.1;201:12.2;301:82.4	4102031;4102105;4102902;4102903;3000003	15;3;9;3;500000	101:78;201:52;301:357.5	1
10601011	106010	11	75	101:20.5;201:13;301:88	4102031;4102105;4102902;4102903;3000003	15;3;9;3;500000	101:98;201:56;301:392.1	1
10601012	106010	12	80	101:21.8;201:13.9;301:93.8	4102031;4102105;4102902;4102903;3000003	15;3;9;3;500000	101:97.6;201:67.5;301:435	1
10601013	106010	13	85	101:23.2;201:14.8;301:99.8	4102031;4102105;4102902;4102903;3000003	15;3;9;3;500000	101:112;201:72;301:480	1
10601014	106010	14	90	101:24.6;201:15.7;301:106	4102031;4102105;4102902;4102903;3000003	15;3;9;3;500000	101:119;201:76.5;301:527	1
10601015	106010	15	95	101:26.1;201:16.6;301:112.3	4102031;4102105;4102902;4102903;3000003	15;3;9;3;500000	101:135;201:81.1;301:567	1
10700801	107008	1	15	101:10.7;201:4.3;301:26.4				1
10700802	107008	2	25	101:12.2;201:4.9;301:30	4102301;3000003	1;30000	101:22.5;201:9;301:54	1
10700803	107008	3	35	101:13.6;201:5.5;301:33.6	4102011;4102301;4102302;3000003	5;3;3;50000	101:35;201:15;301:90	1
10700804	107008	4	40	101:15.1;201:6.1;301:37.2	4102021;4102302;4102303;4102901;3000003	10;1;3;1;100000	101:52.5;201:21;301:126	1
10700805	107008	5	45	101:16.5;201:6.7;301:40.8	4102021;4102303;4102304;4102901;3000003	10;5;3;3;200000	101:56;201:24;301:144	1
10700806	107008	6	50	101:18;201:7.3;301:44.4	4102031;4102303;4102304;4102901;3000003	5;3;5;6;300000	101:67.5;201:27;301:162	1
10700807	107008	7	55	101:19.4;201:7.8;301:48	4102031;4102304;4102305;4102901;3000003	10;5;1;9;400000	101:70;201:25;301:180	1
10700808	107008	8	60	101:21;201:8.5;301:51.8	4102031;4102305;4102901;4102902;3000003	15;3;9;3;500000	101:88.1;201:38.5;301:209	1
10700809	107008	9	65	101:22.5;201:9.1;301:55.6	4102031;4102305;4102901;4102902;3000003	15;3;3;9;500000	101:90;201:36;301:228	1
10700810	107008	10	70	101:24.1;201:9.7;301:59.6	4102031;4102305;4102902;4102903;3000003	15;3;9;3;500000	101:104;201:39;301:260	1
10700811	107008	11	75	101:25.8;201:10.4;301:63.6	4102031;4102305;4102902;4102903;3000003	15;3;9;3;500000	101:119;201:49.1;301:280	1
10700812	107008	12	80	101:27.5;201:11.1;301:67.8	4102031;4102305;4102902;4102903;3000003	15;3;9;3;500000	101:127.5;201:52.5;301:315	1
10700813	107008	13	85	101:29.2;201:11.8;301:72.2	4102031;4102305;4102902;4102903;3000003	15;3;9;3;500000	101:136;201:56;301:352	1
10700814	107008	14	90	101:31;201:12.5;301:76.6	4102031;4102305;4102902;4102903;3000003	15;3;9;3;500000	101:153;201:59.6;301:374	1
10700815	107008	15	95	101:32.8;201:13.2;301:81.2	4102031;4102305;4102902;4102903;3000003	15;3;9;3;500000	101:162;201:63;301:414	1
10700101	107001	1	15	101:15.7;201:6;301:35.7				1
10700102	107001	2	25	101:17.8;201:6.8;301:40.5	4102201;3000003	1;30000	101:31.5;201:12;301:72	1
10700103	107001	3	35	101:19.9;201:7.6;301:45.4	4102011;4102201;4102202;3000003	5;3;3;50000	101:52.5;201:20;301:122.5	1
10700104	107001	4	40	101:22.1;201:8.4;301:50.3	4102021;4102202;4102203;4102901;3000003	10;1;3;1;100000	101:77;201:28;301:171.5	1
10700105	107001	5	45	101:24.2;201:9.2;301:55.1	4102021;4102203;4102204;4102901;3000003	10;5;3;3;200000	101:84.1;201:32;301:192	1
10700106	107001	6	50	101:26.3;201:10;301:60	4102031;4102203;4102204;4102901;3000003	5;3;5;6;300000	101:94.5;201:36;301:220.5	1
10700107	107001	7	55	101:28.4;201:10.8;301:64.8	4102031;4102204;4102205;4102901;3000003	10;5;1;9;400000	101:105;201:40;301:240	1
10700108	107001	8	60	101:30.7;201:11.7;301:69.9	4102031;4102205;4102901;4102902;3000003	15;3;9;3;500000	101:126.5;201:49.5;301:280.5	1
10700109	107001	9	65	101:32.9;201:12.6;301:75.1	4102031;4102205;4102901;4102902;3000003	15;3;3;9;500000	101:132;201:54;301:312	1
10700110	107001	10	70	101:35.3;201:13.4;301:80.4	4102031;4102205;4102902;4102903;3000003	15;3;9;3;500000	101:156;201:52;301:344.5	1
10700111	107001	11	75	101:37.7;201:14.4;301:85.9	4102031;4102205;4102902;4102903;3000003	15;3;9;3;500000	101:168;201:70;301:385	1
10700112	107001	12	80	101:40.2;201:15.3;301:91.6	4102031;4102205;4102902;4102903;3000003	15;3;9;3;500000	101:187.5;201:67.5;301:427.5	1
10700113	107001	13	85	101:42.7;201:16.3;301:97.4	4102031;4102205;4102902;4102903;3000003	15;3;9;3;500000	101:200;201:80.1;301:464	1
10700114	107001	14	90	101:45.3;201:17.3;301:103.4	4102031;4102205;4102902;4102903;3000003	15;3;9;3;500000	101:221;201:85;301:510	1
10700115	107001	15	95	101:48;201:18.3;301:109.6	4102031;4102205;4102902;4102903;3000003	15;3;9;3;500000	101:243;201:90;301:558	1
10700501	107005	1	15	101:9.6;201:5.3;301:32.1				1
10700502	107005	2	25	101:10.9;201:6;301:36.4	4102101;3000003	1;30000	101:19.5;201:10.5;301:64.5	1
10700503	107005	3	35	101:12.2;201:6.8;301:40.8	4102011;4102101;4102102;3000003	5;3;3;50000	101:32.5;201:20;301:110	1
10700504	107005	4	40	101:13.5;201:7.5;301:45.2	4102021;4102102;4102103;4102901;3000003	10;1;3;1;100000	101:45.5;201:24.5;301:154	1
10700505	107005	5	45	101:14.8;201:8.2;301:49.5	4102021;4102103;4102104;4102901;3000003	10;5;3;3;200000	101:52;201:28;301:172	1
10700506	107005	6	50	101:16.1;201:8.9;301:53.9	4102031;4102103;4102104;4102901;3000003	5;3;5;6;300000	101:58.6;201:31.5;301:198	1
10700507	107005	7	55	101:17.4;201:9.6;301:58.2	4102031;4102104;4102105;4102901;3000003	10;5;1;9;400000	101:65;201:35;301:215	1
10700508	107005	8	60	101:18.8;201:10.4;301:62.8	4102031;4102105;4102901;4102902;3000003	15;3;9;3;500000	101:77.1;201:44;301:253	1
10700509	107005	9	65	101:20.2;201:11.2;301:67.4	4102031;4102105;4102901;4102902;3000003	15;3;3;9;500000	101:84.1;201:48;301:276	1
10700510	107005	10	70	101:21.6;201:12;301:72.2	4102031;4102105;4102902;4102903;3000003	15;3;9;3;500000	101:91;201:52;301:312	1
10700511	107005	11	75	101:23.1;201:12.8;301:77.2	4102031;4102105;4102902;4102903;3000003	15;3;9;3;500000	101:105;201:56;301:350	1
10700512	107005	12	80	101:24.6;201:13.6;301:82.3	4102031;4102105;4102902;4102903;3000003	15;3;9;3;500000	101:112.5;201:60.1;301:382.6	1
10700513	107005	13	85	101:26.2;201:14.5;301:87.5	4102031;4102105;4102902;4102903;3000003	15;3;9;3;500000	101:128;201:72;301:416	1
10700514	107005	14	90	101:27.8;201:15.4;301:92.9	4102031;4102105;4102902;4102903;3000003	15;3;9;3;500000	101:136;201:76.5;301:459	1
10700515	107005	15	95	101:29.5;201:16.3;301:98.4	4102031;4102105;4102902;4102903;3000003	15;3;9;3;500000	101:153;201:81;301:495	1
10800801	108008	1	15	101:9.4;201:3.5;301:23				1
10800802	108008	2	25	101:10.7;201:3.9;301:26.2	4102201;3000003	1;30000	101:19.5;201:6;301:48	1
10800803	108008	3	35	101:11.9;201:4.4;301:29.3	4102011;4102201;4102202;3000003	5;3;3;50000	101:30;201:12.5;301:77.5	1
10800804	108008	4	40	101:13.2;201:4.9;301:32.4	4102021;4102202;4102203;4102901;3000003	10;1;3;1;100000	101:45.5;201:17.5;301:108.5	1
10800805	108008	5	45	101:14.5;201:5.3;301:35.6	4102021;4102203;4102204;4102901;3000003	10;5;3;3;200000	101:52;201:16;301:128	1
10800806	108008	6	50	101:15.8;201:5.8;301:38.7	4102031;4102203;4102204;4102901;3000003	5;3;5;6;300000	101:58.5;201:22.5;301:139.5	1
10800807	108008	7	55	101:17;201:6.2;301:41.8	4102031;4102204;4102205;4102901;3000003	10;5;1;9;400000	101:60.1;201:20;301:155	1
10800808	108008	8	60	101:18.4;201:6.7;301:45.1	4102031;4102205;4102901;4102902;3000003	15;3;9;3;500000	101:77.1;201:27.5;301:181.5	1
10800809	108008	9	65	101:19.7;201:7.2;301:48.4	4102031;4102205;4102901;4102902;3000003	15;3;3;9;500000	101:78;201:30;301:198	1
10800810	108008	10	70	101:21.1;201:7.7;301:51.9	4102031;4102205;4102902;4102903;3000003	15;3;9;3;500000	101:91;201:32.5;301:227.5	1
10800811	108008	11	75	101:22.6;201:8.3;301:55.4	4102031;4102205;4102902;4102903;3000003	15;3;9;3;500000	101:105;201:42;301:245	1
10800812	108008	12	80	101:24.1;201:8.8;301:59.1	4102031;4102205;4102902;4102903;3000003	15;3;9;3;500000	101:112.5;201:37.5;301:277.5	1
10800813	108008	13	85	101:25.6;201:9.4;301:62.9	4102031;4102205;4102902;4102903;3000003	15;3;9;3;500000	101:120;201:48.1;301:304	1
10800814	108008	14	90	101:27.2;201:9.9;301:66.7	4102031;4102205;4102902;4102903;3000003	15;3;9;3;500000	101:136;201:42.5;301:323	1
10800815	108008	15	95	101:28.8;201:10.5;301:70.7	4102031;4102205;4102902;4102903;3000003	15;3;9;3;500000	101:144;201:54;301:360	1
10800101	108001	1	15	101:16;201:5.9;301:40.3				1
10800102	108001	2	25	101:18.2;201:6.7;301:45.8	4102301;3000003	1;30000	101:33;201:12;301:82.5	1
10800103	108001	3	35	101:20.3;201:7.5;301:51.3	4102011;4102301;4102302;3000003	5;3;3;50000	101:52.5;201:20;301:137.5	1
10800104	108001	4	40	101:22.5;201:8.3;301:56.8	4102021;4102302;4102303;4102901;3000003	10;1;3;1;100000	101:77;201:28;301:192.5	1
10800105	108001	5	45	101:24.7;201:9.1;301:62.3	4102021;4102303;4102304;4102901;3000003	10;5;3;3;200000	101:88.1;201:32;301:220	1
10800106	108001	6	50	101:26.9;201:9.9;301:67.8	4102031;4102303;4102304;4102901;3000003	5;3;5;6;300000	101:99;201:36;301:247.5	1
10800107	108001	7	55	101:29;201:10.6;301:73.2	4102031;4102304;4102305;4102901;3000003	10;5;1;9;400000	101:105;201:35;301:270	1
10800108	108001	8	60	101:31.3;201:11.5;301:78.9	4102031;4102305;4102901;4102902;3000003	15;3;9;3;500000	101:126.5;201:49.5;301:313.5	1
10800109	108001	9	65	101:33.6;201:12.3;301:84.8	4102031;4102305;4102901;4102902;3000003	15;3;3;9;500000	101:138;201:48;301:354	1
10800110	108001	10	70	101:36;201:13.2;301:90.8	4102031;4102305;4102902;4102903;3000003	15;3;9;3;500000	101:156;201:58.5;301:390	1
10800111	108001	11	75	101:38.5;201:14.1;301:97	4102031;4102305;4102902;4102903;3000003	15;3;9;3;500000	101:175;201:63;301:434	1
10800112	108001	12	80	101:41;201:15;301:103.4	4102031;4102305;4102902;4102903;3000003	15;3;9;3;500000	101:187.5;201:67.5;301:480	1
10800113	108001	13	85	101:43.6;201:16;301:110	4102031;4102305;4102902;4102903;3000003	15;3;9;3;500000	101:208;201:80;301:528.1	1
10800114	108001	14	90	101:46.3;201:17;301:116.8	4102031;4102305;4102902;4102903;3000003	15;3;9;3;500000	101:229.5;201:85;301:578	1
10800115	108001	15	95	101:49.1;201:18;301:123.8	4102031;4102305;4102902;4102903;3000003	15;3;9;3;500000	101:252;201:90;301:630	1
10800601	108006	1	15	101:16.1;201:5.9;301:38.4				1
10800602	108006	2	25	101:18.3;201:6.7;301:43.7	4102201;3000003	1;30000	101:33;201:12;301:79.6	1
10800603	108006	3	35	101:20.5;201:7.5;301:48.9	4102011;4102201;4102202;3000003	5;3;3;50000	101:55;201:20;301:130	1
10800604	108006	4	40	101:22.7;201:8.3;301:54.1	4102021;4102202;4102203;4102901;3000003	10;1;3;1;100000	101:77.1;201:28;301:182	1
10800605	108006	5	45	101:24.9;201:9.1;301:59.4	4102021;4102203;4102204;4102901;3000003	10;5;3;3;200000	101:88;201:32;301:212	1
10800606	108006	6	50	101:27.1;201:9.9;301:64.6	4102031;4102203;4102204;4102901;3000003	5;3;5;6;300000	101:99;201:36;301:234	1
10800607	108006	7	55	101:29.2;201:10.6;301:69.8	4102031;4102204;4102205;4102901;3000003	10;5;1;9;400000	101:105;201:35;301:260	1
10800608	108006	8	60	101:31.5;201:11.5;301:75.3	4102031;4102205;4102901;4102902;3000003	15;3;9;3;500000	101:126.5;201:49.5;301:302.5	1
10800609	108006	9	65	101:33.8;201:12.3;301:80.8	4102031;4102205;4102901;4102902;3000003	15;3;3;9;500000	101:138;201:48;301:330	1
10800610	108006	10	70	101:36.3;201:13.2;301:86.6	4102031;4102205;4102902;4102903;3000003	15;3;9;3;500000	101:162.5;201:58.5;301:377	1
10800611	108006	11	75	101:38.7;201:14.1;301:92.5	4102031;4102205;4102902;4102903;3000003	15;3;9;3;500000	101:168;201:63;301:413	1
10800612	108006	12	80	101:41.3;201:15;301:98.6	4102031;4102205;4102902;4102903;3000003	15;3;9;3;500000	101:195;201:67.5;301:457.5	1
10800613	108006	13	85	101:43.9;201:16;301:104.9	4102031;4102205;4102902;4102903;3000003	15;3;9;3;500000	101:208;201:80;301:504	1
10800614	108006	14	90	101:46.6;201:17;301:111.4	4102031;4102205;4102902;4102903;3000003	15;3;9;3;500000	101:229.5;201:85;301:552.5	1
10800615	108006	15	95	101:49.4;201:18;301:118	4102031;4102205;4102902;4102903;3000003	15;3;9;3;500000	101:252;201:90;301:594.1	1
10800401	108004	1	15	101:12;201:4.2;301:29.3				1
10800402	108004	2	25	101:13.7;201:4.8;301:33.3	4102301;3000003	1;30000	101:25.5;201:9.1;301:60.1	1
10800403	108004	3	35	101:15.3;201:5.4;301:37.3	4102011;4102301;4102302;3000003	5;3;3;50000	101:40;201:15;301:100	1
10800404	108004	4	40	101:16.9;201:5.9;301:41.3	4102021;4102302;4102303;4102901;3000003	10;1;3;1;100000	101:56.1;201:17.5;301:140	1
10800405	108004	5	45	101:18.6;201:6.5;301:45.3	4102021;4102303;4102304;4102901;3000003	10;5;3;3;200000	101:68;201:24;301:160	1
10800406	108004	6	50	101:20.2;201:7.1;301:49.3	4102031;4102303;4102304;4102901;3000003	5;3;5;6;300000	101:72.1;201:27;301:180	1
10800407	108004	7	55	101:21.8;201:7.6;301:53.2	4102031;4102304;4102305;4102901;3000003	10;5;1;9;400000	101:80;201:25;301:195	1
10800408	108004	8	60	101:23.5;201:8.2;301:57.4	4102031;4102305;4102901;4102902;3000003	15;3;9;3;500000	101:93.5;201:33;301:231	1
10800409	108004	9	65	101:25.3;201:8.8;301:61.6	4102031;4102305;4102901;4102902;3000003	15;3;3;9;500000	101:108;201:36;301:252	1
10800410	108004	10	70	101:27.1;201:9.5;301:66	4102031;4102305;4102902;4102903;3000003	15;3;9;3;500000	101:117;201:45.6;301:286	1
10800411	108004	11	75	101:28.9;201:10.1;301:70.5	4102031;4102305;4102902;4102903;3000003	15;3;9;3;500000	101:126;201:42;301:315	1
10800412	108004	12	80	101:30.8;201:10.8;301:75.2	4102031;4102305;4102902;4102903;3000003	15;3;9;3;500000	101:142.5;201:52.5;301:352.5	1
10800413	108004	13	85	101:32.8;201:11.5;301:80	4102031;4102305;4102902;4102903;3000003	15;3;9;3;500000	101:160;201:56.1;301:384.1	1
10800414	108004	14	90	101:34.8;201:12.2;301:84.9	4102031;4102305;4102902;4102903;3000003	15;3;9;3;500000	101:170;201:59.5;301:416.5	1
10800415	108004	15	95	101:36.9;201:12.9;301:90	4102031;4102305;4102902;4102903;3000003	15;3;9;3;500000	101:189;201:63.1;301:459.1	1
10900801	109008	1	15	101:14.5;201:6.1;301:35.7				1
10900802	109008	2	25	101:16.4;201:6.9;301:40.5	4102101;3000003	1;30000	101:28.5;201:12;301:72	1
10900803	109008	3	35	101:18.4;201:7.7;301:45.4	4102011;4102101;4102102;3000003	5;3;3;50000	101:50;201:20;301:122.5	1
10900804	109008	4	40	101:20.4;201:8.6;301:50.3	4102021;4102102;4102103;4102901;3000003	10;1;3;1;100000	101:70;201:31.5;301:171.5	1
10900805	109008	5	45	101:22.3;201:9.4;301:55.1	4102021;4102103;4102104;4102901;3000003	10;5;3;3;200000	101:76;201:32;301:192	1
10900806	109008	6	50	101:24.3;201:10.2;301:60	4102031;4102103;4102104;4102901;3000003	5;3;5;6;300000	101:90;201:36;301:220.5	1
10900807	109008	7	55	101:26.2;201:11;301:64.8	4102031;4102104;4102105;4102901;3000003	10;5;1;9;400000	101:95;201:40;301:240	1
10900808	109008	8	60	101:28.3;201:11.9;301:69.9	4102031;4102105;4102901;4102902;3000003	15;3;9;3;500000	101:115.5;201:49.5;301:280.5	1
10900809	109008	9	65	101:30.4;201:12.8;301:75.1	4102031;4102105;4102901;4102902;3000003	15;3;3;9;500000	101:126;201:54;301:312	1
10900810	109008	10	70	101:32.5;201:13.7;301:80.4	4102031;4102105;4102902;4102903;3000003	15;3;9;3;500000	101:136.5;201:58.5;301:344.5	1
10900811	109008	11	75	101:34.8;201:14.6;301:85.9	4102031;4102105;4102902;4102903;3000003	15;3;9;3;500000	101:161;201:63;301:385	1
10900812	109008	12	80	101:37.1;201:15.6;301:91.6	4102031;4102105;4102902;4102903;3000003	15;3;9;3;500000	101:172.5;201:75;301:427.5	1
10900813	109008	13	85	101:39.4;201:16.6;301:97.4	4102031;4102105;4102902;4102903;3000003	15;3;9;3;500000	101:184;201:80.1;301:464	1
10900814	109008	14	90	101:41.8;201:17.6;301:103.4	4102031;4102105;4102902;4102903;3000003	15;3;9;3;500000	101:204;201:85;301:510	1
10900815	109008	15	95	101:44.3;201:18.6;301:109.6	4102031;4102105;4102902;4102903;3000003	15;3;9;3;500000	101:225;201:90;301:558	1
11000801	110008	1	15	101:15.3;201:6;301:36				1
11000802	110008	2	25	101:17.4;201:6.8;301:40.9	4102101;3000003	1;30000	101:31.5;201:12;301:73.5	1
11000803	110008	3	35	101:19.5;201:7.6;301:45.8	4102011;4102101;4102102;3000003	5;3;3;50000	101:52.5;201:20;301:122.5	1
11000804	110008	4	40	101:21.6;201:8.4;301:50.7	4102021;4102102;4102103;4102901;3000003	10;1;3;1;100000	101:73.6;201:28;301:171.5	1
11000805	110008	5	45	101:23.7;201:9.2;301:55.6	4102021;4102103;4102104;4102901;3000003	10;5;3;3;200000	101:84.1;201:32;301:196	1
11000806	110008	6	50	101:25.8;201:10;301:60.5	4102031;4102103;4102104;4102901;3000003	5;3;5;6;300000	101:94.5;201:36;301:220.5	1
11000807	110008	7	55	101:27.8;201:10.8;301:65.4	4102031;4102104;4102105;4102901;3000003	10;5;1;9;400000	101:100;201:40;301:245	1
11000808	110008	8	60	101:30;201:11.7;301:70.5	4102031;4102105;4102901;4102902;3000003	15;3;9;3;500000	101:121;201:49.5;301:280.5	1
11000809	110008	9	65	101:32.2;201:12.6;301:75.8	4102031;4102105;4102901;4102902;3000003	15;3;3;9;500000	101:132;201:54;301:318	1
11000810	110008	10	70	101:34.5;201:13.4;301:81.1	4102031;4102105;4102902;4102903;3000003	15;3;9;3;500000	101:149.5;201:52;301:344.5	1
11000811	110008	11	75	101:36.9;201:14.4;301:86.7	4102031;4102105;4102902;4102903;3000003	15;3;9;3;500000	101:168;201:70;301:392	1
11000812	110008	12	80	101:39.3;201:15.3;301:92.4	4102031;4102105;4102902;4102903;3000003	15;3;9;3;500000	101:180;201:67.5;301:427.5	1
11000813	110008	13	85	101:41.8;201:16.3;301:98.3	4102031;4102105;4102902;4102903;3000003	15;3;9;3;500000	101:200;201:80.1;301:472	1
11000814	110008	14	90	101:44.4;201:17.3;301:104.4	4102031;4102105;4102902;4102903;3000003	15;3;9;3;500000	101:221;201:85;301:518.5	1
11000815	110008	15	95	101:47;201:18.3;301:110.6	4102031;4102105;4102902;4102903;3000003	15;3;9;3;500000	101:234;201:90;301:558	1
11100801	111008	1	15	101:9.6;201:4.9;301:34.5				1
11100802	111008	2	25	101:10.9;201:5.5;301:39.2	4102101;3000003	1;30000	101:19.5;201:9.1;301:70.5	1
11100803	111008	3	35	101:12.2;201:6.2;301:43.9	4102011;4102101;4102102;3000003	5;3;3;50000	101:32.5;201:17.5;301:117.5	1
11100804	111008	4	40	101:13.5;201:6.9;301:48.6	4102021;4102102;4102103;4102901;3000003	10;1;3;1;100000	101:45.5;201:24.5;301:164.5	1
11100805	111008	5	45	101:14.8;201:7.5;301:53.3	4102021;4102103;4102104;4102901;3000003	10;5;3;3;200000	101:52;201:24;301:188	1
11100806	111008	6	50	101:16.1;201:8.2;301:58	4102031;4102103;4102104;4102901;3000003	5;3;5;6;300000	101:58.6;201:31.5;301:211.5	1
11100807	111008	7	55	101:17.4;201:8.8;301:62.6	4102031;4102104;4102105;4102901;3000003	10;5;1;9;400000	101:65;201:30.1;301:230	1
11100808	111008	8	60	101:18.8;201:9.5;301:67.5	4102031;4102105;4102901;4102902;3000003	15;3;9;3;500000	101:77.1;201:38.5;301:269.5	1
11100809	111008	9	65	101:20.2;201:10.2;301:72.5	4102031;4102105;4102901;4102902;3000003	15;3;3;9;500000	101:84.1;201:42;301:300	1
11100810	111008	10	70	101:21.6;201:11;301:77.7	4102031;4102105;4102902;4102903;3000003	15;3;9;3;500000	101:91;201:52;301:338	1
11100811	111008	11	75	101:23.1;201:11.7;301:83	4102031;4102105;4102902;4102903;3000003	15;3;9;3;500000	101:105;201:49;301:371.1	1
11100812	111008	12	80	101:24.6;201:12.5;301:88.5	4102031;4102105;4102902;4102903;3000003	15;3;9;3;500000	101:112.5;201:60.1;301:412.5	1
11100813	111008	13	85	101:26.2;201:13.3;301:94.1	4102031;4102105;4102902;4102903;3000003	15;3;9;3;500000	101:128;201:64;301:448	1
11100814	111008	14	90	101:27.8;201:14.1;301:99.9	4102031;4102105;4102902;4102903;3000003	15;3;9;3;500000	101:136;201:68.1;301:493	1
11100815	111008	15	95	101:29.5;201:14.9;301:105.8	4102031;4102105;4102902;4102903;3000003	15;3;9;3;500000	101:153;201:72.1;301:531	1
11100201	111002	1	15	101:12.9;201:6.6;301:46.8				1
11100202	111002	2	25	101:14.7;201:7.5;301:53.2	4102201;3000003	1;30000	101:27;201:13.5;301:96	1
11100203	111002	3	35	101:16.4;201:8.4;301:59.5	4102011;4102201;4102202;3000003	5;3;3;50000	101:42.6;201:22.5;301:157.5	1
11100204	111002	4	40	101:18.2;201:9.3;301:65.9	4102021;4102202;4102203;4102901;3000003	10;1;3;1;100000	101:63;201:31.5;301:224	1
11100205	111002	5	45	101:19.9;201:10.2;301:72.3	4102021;4102203;4102204;4102901;3000003	10;5;3;3;200000	101:68;201:36;301:256	1
11100206	111002	6	50	101:21.7;201:11.1;301:78.7	4102031;4102203;4102204;4102901;3000003	5;3;5;6;300000	101:81;201:40.5;301:288	1
11100207	111002	7	55	101:23.4;201:12;301:85	4102031;4102204;4102205;4102901;3000003	10;5;1;9;400000	101:85;201:45;301:315.1	1
11100208	111002	8	60	101:25.3;201:13;301:91.6	4102031;4102205;4102901;4102902;3000003	15;3;9;3;500000	101:104.5;201:55;301:363	1
11100209	111002	9	65	101:27.1;201:13.9;301:98.4	4102031;4102205;4102901;4102902;3000003	15;3;3;9;500000	101:108;201:54;301:408	1
11100210	111002	10	70	101:29.1;201:14.9;301:105.4	4102031;4102205;4102902;4102903;3000003	15;3;9;3;500000	101:130;201:65;301:455.1	1
11100211	111002	11	75	101:31.1;201:15.9;301:112.7	4102031;4102205;4102902;4102903;3000003	15;3;9;3;500000	101:140;201:70;301:511	1
11100212	111002	12	80	101:33.1;201:17;301:120.1	4102031;4102205;4102902;4102903;3000003	15;3;9;3;500000	101:150;201:82.5;301:555	1
11100213	111002	13	85	101:35.2;201:18.1;301:127.8	4102031;4102205;4102902;4102903;3000003	15;3;9;3;500000	101:168;201:88.1;301:616	1
11100214	111002	14	90	101:37.4;201:19.2;301:135.6	4102031;4102205;4102902;4102903;3000003	15;3;9;3;500000	101:187;201:93.6;301:663	1
11100215	111002	15	95	101:39.6;201:20.3;301:143.7	4102031;4102205;4102902;4102903;3000003	15;3;9;3;500000	101:198;201:99;301:729	1
11200801	112008	1	15	101:9.6;201:4.9;301:34.5				1
11200802	112008	2	25	101:10.9;201:5.5;301:39.2	4102201;3000003	1;30000	101:19.5;201:9.1;301:70.5	1
11200803	112008	3	35	101:12.2;201:6.2;301:43.9	4102011;4102201;4102202;3000003	5;3;3;50000	101:32.5;201:17.5;301:117.5	1
11200804	112008	4	40	101:13.5;201:6.9;301:48.6	4102021;4102202;4102203;4102901;3000003	10;1;3;1;100000	101:45.5;201:24.5;301:164.5	1
11200805	112008	5	45	101:14.8;201:7.5;301:53.3	4102021;4102203;4102204;4102901;3000003	10;5;3;3;200000	101:52;201:24;301:188	1
11200806	112008	6	50	101:16.1;201:8.2;301:58	4102031;4102203;4102204;4102901;3000003	5;3;5;6;300000	101:58.6;201:31.5;301:211.5	1
11200807	112008	7	55	101:17.4;201:8.8;301:62.6	4102031;4102204;4102205;4102901;3000003	10;5;1;9;400000	101:65;201:30.1;301:230	1
11200808	112008	8	60	101:18.8;201:9.5;301:67.5	4102031;4102205;4102901;4102902;3000003	15;3;9;3;500000	101:77.1;201:38.5;301:269.5	1
11200809	112008	9	65	101:20.2;201:10.2;301:72.5	4102031;4102205;4102901;4102902;3000003	15;3;3;9;500000	101:84.1;201:42;301:300	1
11200810	112008	10	70	101:21.6;201:11;301:77.7	4102031;4102205;4102902;4102903;3000003	15;3;9;3;500000	101:91;201:52;301:338	1
11200811	112008	11	75	101:23.1;201:11.7;301:83	4102031;4102205;4102902;4102903;3000003	15;3;9;3;500000	101:105;201:49;301:371.1	1
11200812	112008	12	80	101:24.6;201:12.5;301:88.5	4102031;4102205;4102902;4102903;3000003	15;3;9;3;500000	101:112.5;201:60.1;301:412.5	1
11200813	112008	13	85	101:26.2;201:13.3;301:94.1	4102031;4102205;4102902;4102903;3000003	15;3;9;3;500000	101:128;201:64;301:448	1
11200814	112008	14	90	101:27.8;201:14.1;301:99.9	4102031;4102205;4102902;4102903;3000003	15;3;9;3;500000	101:136;201:68.1;301:493	1
11200815	112008	15	95	101:29.5;201:14.9;301:105.8	4102031;4102205;4102902;4102903;3000003	15;3;9;3;500000	101:153;201:72.1;301:531	1
11200201	112002	1	15	101:15.3;201:5.8;301:42.9				1
11200202	112002	2	25	101:17.4;201:6.5;301:48.8	4102301;3000003	1;30000	101:31.5;201:10.5;301:88.6	1
11200203	112002	3	35	101:19.5;201:7.3;301:54.6	4102011;4102301;4102302;3000003	5;3;3;50000	101:52.5;201:20;301:145	1
11200204	112002	4	40	101:21.6;201:8.1;301:60.5	4102021;4102302;4102303;4102901;3000003	10;1;3;1;100000	101:73.6;201:28;301:206.5	1
11200205	112002	5	45	101:23.7;201:8.9;301:66.3	4102021;4102303;4102304;4102901;3000003	10;5;3;3;200000	101:84.1;201:32;301:232	1
11200206	112002	6	50	101:25.8;201:9.7;301:72.2	4102031;4102303;4102304;4102901;3000003	5;3;5;6;300000	101:94.5;201:36;301:265.5	1
11200207	112002	7	55	101:27.8;201:10.4;301:78	4102031;4102304;4102305;4102901;3000003	10;5;1;9;400000	101:100;201:35.1;301:290.1	1
11200208	112002	8	60	101:30;201:11.3;301:84.1	4102031;4102305;4102901;4102902;3000003	15;3;9;3;500000	101:121;201:49.5;301:335.5	1
11200209	112002	9	65	101:32.2;201:12.1;301:90.3	4102031;4102305;4102901;4102902;3000003	15;3;3;9;500000	101:132;201:48;301:372	1
11200210	112002	10	70	101:34.5;201:12.9;301:96.8	4102031;4102305;4102902;4102903;3000003	15;3;9;3;500000	101:149.5;201:52;301:422.5	1
11200211	112002	11	75	101:36.9;201:13.8;301:103.4	4102031;4102305;4102902;4102903;3000003	15;3;9;3;500000	101:168;201:63;301:462	1
11200212	112002	12	80	101:39.3;201:14.7;301:110.2	4102031;4102305;4102902;4102903;3000003	15;3;9;3;500000	101:180;201:67.5;301:510	1
11200213	112002	13	85	101:41.8;201:15.7;301:117.2	4102031;4102305;4102902;4102903;3000003	15;3;9;3;500000	101:200;201:80;301:560	1
11200214	112002	14	90	101:44.4;201:16.6;301:124.5	4102031;4102305;4102902;4102903;3000003	15;3;9;3;500000	101:221;201:76.6;301:620.6	1
11200215	112002	15	95	101:47;201:17.6;301:131.9	4102031;4102305;4102902;4102903;3000003	15;3;9;3;500000	101:234;201:90;301:666	1
11300801	113008	1	15	101:11.5;201:4.3;301:26.8				1
11300802	113008	2	25	101:13;201:4.9;301:30.4	4102101;3000003	1;30000	101:22.5;201:9;301:54	1
11300803	113008	3	35	101:14.6;201:5.5;301:34.1	4102011;4102101;4102102;3000003	5;3;3;50000	101:40;201:15;301:92.5	1
11300804	113008	4	40	101:16.2;201:6.1;301:37.7	4102021;4102102;4102103;4102901;3000003	10;1;3;1;100000	101:56.1;201:21;301:126	1
11300805	113008	5	45	101:17.7;201:6.7;301:41.4	4102021;4102103;4102104;4102901;3000003	10;5;3;3;200000	101:60;201:24;301:148	1
11300806	113008	6	50	101:19.3;201:7.3;301:45	4102031;4102103;4102104;4102901;3000003	5;3;5;6;300000	101:72;201:27;301:162	1
11300807	113008	7	55	101:20.8;201:7.8;301:48.6	4102031;4102104;4102105;4102901;3000003	10;5;1;9;400000	101:75;201:25;301:180	1
11300808	113008	8	60	101:22.5;201:8.5;301:52.4	4102031;4102105;4102901;4102902;3000003	15;3;9;3;500000	101:93.5;201:38.5;301:209	1
11300809	113008	9	65	101:24.1;201:9.1;301:56.3	4102031;4102105;4102901;4102902;3000003	15;3;3;9;500000	101:96.1;201:36;301:234	1
11300810	113008	10	70	101:25.8;201:9.7;301:60.3	4102031;4102105;4102902;4102903;3000003	15;3;9;3;500000	101:110.5;201:39;301:260	1
11300811	113008	11	75	101:27.6;201:10.4;301:64.4	4102031;4102105;4102902;4102903;3000003	15;3;9;3;500000	101:126;201:49.1;301:287	1
11300812	113008	12	80	101:29.4;201:11.1;301:68.7	4102031;4102105;4102902;4102903;3000003	15;3;9;3;500000	101:135;201:52.5;301:322.5	1
11300813	113008	13	85	101:31.3;201:11.8;301:73.1	4102031;4102105;4102902;4102903;3000003	15;3;9;3;500000	101:152;201:56;301:352	1
11300814	113008	14	90	101:33.2;201:12.5;301:77.6	4102031;4102105;4102902;4102903;3000003	15;3;9;3;500000	101:161.5;201:59.6;301:382.5	1
11300815	113008	15	95	101:35.2;201:13.2;301:82.2	4102031;4102105;4102902;4102903;3000003	15;3;9;3;500000	101:180;201:63;301:414	1
11300101	113001	1	15	101:15.7;201:6;301:35.7				1
11300102	113001	2	25	101:17.8;201:6.8;301:40.5	4102101;3000003	1;30000	101:31.5;201:12;301:72	1
11300103	113001	3	35	101:19.9;201:7.6;301:45.4	4102011;4102101;4102102;3000003	5;3;3;50000	101:52.5;201:20;301:122.5	1
11300104	113001	4	40	101:22.1;201:8.4;301:50.3	4102021;4102102;4102103;4102901;3000003	10;1;3;1;100000	101:77;201:28;301:171.5	1
11300105	113001	5	45	101:24.2;201:9.2;301:55.1	4102021;4102103;4102104;4102901;3000003	10;5;3;3;200000	101:84.1;201:32;301:192	1
11300106	113001	6	50	101:26.3;201:10;301:60	4102031;4102103;4102104;4102901;3000003	5;3;5;6;300000	101:94.5;201:36;301:220.5	1
11300107	113001	7	55	101:28.4;201:10.8;301:64.8	4102031;4102104;4102105;4102901;3000003	10;5;1;9;400000	101:105;201:40;301:240	1
11300108	113001	8	60	101:30.7;201:11.7;301:69.9	4102031;4102105;4102901;4102902;3000003	15;3;9;3;500000	101:126.5;201:49.5;301:280.5	1
11300109	113001	9	65	101:32.9;201:12.6;301:75.1	4102031;4102105;4102901;4102902;3000003	15;3;3;9;500000	101:132;201:54;301:312	1
11300110	113001	10	70	101:35.3;201:13.4;301:80.4	4102031;4102105;4102902;4102903;3000003	15;3;9;3;500000	101:156;201:52;301:344.5	1
11300111	113001	11	75	101:37.7;201:14.4;301:85.9	4102031;4102105;4102902;4102903;3000003	15;3;9;3;500000	101:168;201:70;301:385	1
11300112	113001	12	80	101:40.2;201:15.3;301:91.6	4102031;4102105;4102902;4102903;3000003	15;3;9;3;500000	101:187.5;201:67.5;301:427.5	1
11300113	113001	13	85	101:42.7;201:16.3;301:97.4	4102031;4102105;4102902;4102903;3000003	15;3;9;3;500000	101:200;201:80.1;301:464	1
11300114	113001	14	90	101:45.3;201:17.3;301:103.4	4102031;4102105;4102902;4102903;3000003	15;3;9;3;500000	101:221;201:85;301:510	1
11300115	113001	15	95	101:48;201:18.3;301:109.6	4102031;4102105;4102902;4102903;3000003	15;3;9;3;500000	101:243;201:90;301:558	1
11400801	114008	1	15	101:9.3;201:4.9;301:35.5				1
11400802	114008	2	25	101:10.5;201:5.5;301:40.3	4102101;3000003	1;30000	101:18;201:9.1;301:72.1	1
11400803	114008	3	35	101:11.8;201:6.2;301:45.1	4102011;4102101;4102102;3000003	5;3;3;50000	101:32.5;201:17.5;301:120	1
11400804	114008	4	40	101:13.1;201:6.9;301:50	4102021;4102102;4102103;4102901;3000003	10;1;3;1;100000	101:45.5;201:24.5;301:171.5	1
11400805	114008	5	45	101:14.3;201:7.5;301:54.8	4102021;4102103;4102104;4102901;3000003	10;5;3;3;200000	101:48;201:24;301:192	1
11400806	114008	6	50	101:15.6;201:8.2;301:59.6	4102031;4102103;4102104;4102901;3000003	5;3;5;6;300000	101:58.5;201:31.5;301:216	1
11400807	114008	7	55	101:16.8;201:8.8;301:64.4	4102031;4102104;4102105;4102901;3000003	10;5;1;9;400000	101:60.1;201:30.1;301:240	1
11400808	114008	8	60	101:18.2;201:9.5;301:69.4	4102031;4102105;4102901;4102902;3000003	15;3;9;3;500000	101:77.1;201:38.5;301:275	1
11400809	114008	9	65	101:19.5;201:10.2;301:74.6	4102031;4102105;4102901;4102902;3000003	15;3;3;9;500000	101:78;201:42;301:312	1
11400810	114008	10	70	101:20.9;201:11;301:79.9	4102031;4102105;4102902;4102903;3000003	15;3;9;3;500000	101:91.1;201:52;301:344.5	1
11400811	114008	11	75	101:22.3;201:11.7;301:85.4	4102031;4102105;4102902;4102903;3000003	15;3;9;3;500000	101:98;201:49;301:385	1
11400812	114008	12	80	101:23.8;201:12.5;301:91	4102031;4102105;4102902;4102903;3000003	15;3;9;3;500000	101:112.5;201:60.1;301:420.1	1
11400813	114008	13	85	101:25.3;201:13.3;301:96.8	4102031;4102105;4102902;4102903;3000003	15;3;9;3;500000	101:120;201:64;301:464	1
11400814	114008	14	90	101:26.8;201:14.1;301:102.8	4102031;4102105;4102902;4102903;3000003	15;3;9;3;500000	101:127.5;201:68.1;301:510	1
11400815	114008	15	95	101:28.4;201:14.9;301:108.9	4102031;4102105;4102902;4102903;3000003	15;3;9;3;500000	101:144;201:72.1;301:549	1
11400101	114001	1	15	101:15.7;201:6;301:36.3				1
11400102	114001	2	25	101:17.8;201:6.8;301:41.3	4102101;3000003	1;30000	101:31.5;201:12;301:75.1	1
11400103	114001	3	35	101:19.9;201:7.6;301:46.2	4102011;4102101;4102102;3000003	5;3;3;50000	101:52.5;201:20;301:122.5	1
11400104	114001	4	40	101:22.1;201:8.4;301:51.2	4102021;4102102;4102103;4102901;3000003	10;1;3;1;100000	101:77;201:28;301:175	1
11400105	114001	5	45	101:24.2;201:9.2;301:56.1	4102021;4102103;4102104;4102901;3000003	10;5;3;3;200000	101:84.1;201:32;301:196	1
11400106	114001	6	50	101:26.3;201:10;301:61.1	4102031;4102103;4102104;4102901;3000003	5;3;5;6;300000	101:94.5;201:36;301:225	1
11400107	114001	7	55	101:28.4;201:10.8;301:66	4102031;4102104;4102105;4102901;3000003	10;5;1;9;400000	101:105;201:40;301:245	1
11400108	114001	8	60	101:30.7;201:11.7;301:71.2	4102031;4102105;4102901;4102902;3000003	15;3;9;3;500000	101:126.5;201:49.5;301:286	1
11400109	114001	9	65	101:32.9;201:12.6;301:76.4	4102031;4102105;4102901;4102902;3000003	15;3;3;9;500000	101:132;201:54;301:312	1
11400110	114001	10	70	101:35.3;201:13.4;301:81.9	4102031;4102105;4102902;4102903;3000003	15;3;9;3;500000	101:156;201:52;301:357.5	1
11400111	114001	11	75	101:37.7;201:14.4;301:87.5	4102031;4102105;4102902;4102903;3000003	15;3;9;3;500000	101:168;201:70;301:392.1	1
11400112	114001	12	80	101:40.2;201:15.3;301:93.3	4102031;4102105;4102902;4102903;3000003	15;3;9;3;500000	101:187.5;201:67.5;301:435	1
11400113	114001	13	85	101:42.7;201:16.3;301:99.2	4102031;4102105;4102902;4102903;3000003	15;3;9;3;500000	101:200;201:80.1;301:472	1
11400114	114001	14	90	101:45.3;201:17.3;301:105.3	4102031;4102105;4102902;4102903;3000003	15;3;9;3;500000	101:221;201:85;301:518.6	1
11400115	114001	15	95	101:48;201:18.3;301:111.6	4102031;4102105;4102902;4102903;3000003	15;3;9;3;500000	101:243;201:90;301:567	1
90400101	904001	1	15	101:9.1;201:3.5;301:20.9				1
90400102	904001	2	25	101:10.3;201:3.9;301:23.8	4102301;3000003	1;30000	101:18;201:6;301:43.5	1
90400103	904001	3	35	101:11.5;201:4.4;301:26.6	4102011;4102301;4102302;3000003	5;3;3;50000	101:30;201:12.5;301:70	1
90400104	904001	4	40	101:12.8;201:4.9;301:29.5	4102021;4102302;4102303;4102901;3000003	10;1;3;1;100000	101:45.5;201:17.5;301:101.5	1
90400105	904001	5	45	101:14;201:5.3;301:32.3	4102021;4102303;4102304;4102901;3000003	10;5;3;3;200000	101:48;201:16;301:112	1
90400106	904001	6	50	101:15.2;201:5.8;301:35.2	4102031;4102303;4102304;4102901;3000003	5;3;5;6;300000	101:54;201:22.5;301:130.5	1
90400107	904001	7	55	101:16.4;201:6.2;301:38	4102031;4102304;4102305;4102901;3000003	10;5;1;9;400000	101:60;201:20;301:140	1
90400108	904001	8	60	101:17.7;201:6.7;301:41	4102031;4102305;4102901;4102902;3000003	15;3;9;3;500000	101:71.6;201:27.5;301:165	1
90400109	904001	9	65	101:19;201:7.2;301:44	4102031;4102305;4102901;4102902;3000003	15;3;3;9;500000	101:78;201:30;301:180	1
90400110	904001	10	70	101:20.4;201:7.7;301:47.2	4102031;4102305;4102902;4102903;3000003	15;3;9;3;500000	101:91.1;201:32.5;301:208	1
90400111	904001	11	75	101:21.8;201:8.3;301:50.4	4102031;4102305;4102902;4102903;3000003	15;3;9;3;500000	101:98;201:42;301:224	1
90400112	904001	12	80	101:23.2;201:8.8;301:53.7	4102031;4102305;4102902;4102903;3000003	15;3;9;3;500000	101:105;201:37.5;301:247.5	1
90400113	904001	13	85	101:24.7;201:9.4;301:57.1	4102031;4102305;4102902;4102903;3000003	15;3;9;3;500000	101:120;201:48.1;301:272	1
90400114	904001	14	90	101:26.2;201:9.9;301:60.7	4102031;4102305;4102902;4102903;3000003	15;3;9;3;500000	101:127.5;201:42.5;301:306	1
90400115	904001	15	95	101:27.8;201:10.5;301:64.3	4102031;4102305;4102902;4102903;3000003	15;3;9;3;500000	101:144;201:54;301:324	1
90400201	904002	1	15	101:8.3;201:3.5;301:20.9				1
90400202	904002	2	25	101:9.4;201:3.9;301:23.8	4102201;3000003	1;30000	101:16.5;201:6;301:43.5	1
90400203	904002	3	35	101:10.5;201:4.4;301:26.6	4102011;4102201;4102202;3000003	5;3;3;50000	101:27.5;201:12.5;301:70	1
90400204	904002	4	40	101:11.7;201:4.9;301:29.5	4102021;4102202;4102203;4102901;3000003	10;1;3;1;100000	101:42;201:17.5;301:101.5	1
90400205	904002	5	45	101:12.8;201:5.3;301:32.3	4102021;4102203;4102204;4102901;3000003	10;5;3;3;200000	101:44;201:16;301:112	1
90400206	904002	6	50	101:13.9;201:5.8;301:35.2	4102031;4102203;4102204;4102901;3000003	5;3;5;6;300000	101:49.6;201:22.5;301:130.5	1
90400207	904002	7	55	101:15;201:6.2;301:38	4102031;4102204;4102205;4102901;3000003	10;5;1;9;400000	101:55;201:20;301:140	1
90400208	904002	8	60	101:16.2;201:6.7;301:41	4102031;4102205;4102901;4102902;3000003	15;3;9;3;500000	101:66.1;201:27.5;301:165	1
90400209	904002	9	65	101:17.4;201:7.2;301:44	4102031;4102205;4102901;4102902;3000003	15;3;3;9;500000	101:72;201:30;301:180	1
90400210	904002	10	70	101:18.6;201:7.7;301:47.2	4102031;4102205;4102902;4102903;3000003	15;3;9;3;500000	101:78;201:32.5;301:208	1
90400211	904002	11	75	101:19.9;201:8.3;301:50.4	4102031;4102205;4102902;4102903;3000003	15;3;9;3;500000	101:91.1;201:42;301:224	1
90400212	904002	12	80	101:21.2;201:8.8;301:53.7	4102031;4102205;4102902;4102903;3000003	15;3;9;3;500000	101:97.6;201:37.5;301:247.5	1
90400213	904002	13	85	101:22.6;201:9.4;301:57.1	4102031;4102205;4102902;4102903;3000003	15;3;9;3;500000	101:112;201:48.1;301:272	1
90400214	904002	14	90	101:24;201:9.9;301:60.7	4102031;4102205;4102902;4102903;3000003	15;3;9;3;500000	101:119;201:42.5;301:306	1
90400215	904002	15	95	101:25.4;201:10.5;301:64.3	4102031;4102205;4102902;4102903;3000003	15;3;9;3;500000	101:126;201:54;301:324	1
90400501	904005	1	15	101:11.3;201:4.4;301:26.4				1
90400502	904005	2	25	101:12.8;201:5;301:30	4102101;3000003	1;30000	101:22.5;201:9;301:54	1
90400503	904005	3	35	101:14.3;201:5.6;301:33.6	4102011;4102101;4102102;3000003	5;3;3;50000	101:37.5;201:15;301:90	1
90400504	904005	4	40	101:15.9;201:6.2;301:37.2	4102021;4102102;4102103;4102901;3000003	10;1;3;1;100000	101:56;201:21;301:126	1
90400505	904005	5	45	101:17.4;201:6.8;301:40.8	4102021;4102103;4102104;4102901;3000003	10;5;3;3;200000	101:60.1;201:24;301:144	1
90400506	904005	6	50	101:18.9;201:7.4;301:44.4	4102031;4102103;4102104;4102901;3000003	5;3;5;6;300000	101:67.5;201:27;301:162	1
90400507	904005	7	55	101:20.4;201:8;301:48	4102031;4102104;4102105;4102901;3000003	10;5;1;9;400000	101:75;201:30;301:180	1
90400508	904005	8	60	101:22;201:8.7;301:51.8	4102031;4102105;4102901;4102902;3000003	15;3;9;3;500000	101:88.1;201:38.5;301:209	1
90400509	904005	9	65	101:23.7;201:9.3;301:55.6	4102031;4102105;4102901;4102902;3000003	15;3;3;9;500000	101:102;201:36;301:228	1
90400510	904005	10	70	101:25.3;201:10;301:59.6	4102031;4102105;4102902;4102903;3000003	15;3;9;3;500000	101:104;201:45.6;301:260	1
90400511	904005	11	75	101:27.1;201:10.6;301:63.6	4102031;4102105;4102902;4102903;3000003	15;3;9;3;500000	101:126;201:42;301:280	1
90400512	904005	12	80	101:28.9;201:11.3;301:67.8	4102031;4102105;4102902;4102903;3000003	15;3;9;3;500000	101:135;201:52.6;301:315	1
90400513	904005	13	85	101:30.7;201:12.1;301:72.2	4102031;4102105;4102902;4102903;3000003	15;3;9;3;500000	101:144;201:64;301:352	1
90400514	904005	14	90	101:32.6;201:12.8;301:76.6	4102031;4102105;4102902;4102903;3000003	15;3;9;3;500000	101:161.5;201:59.5;301:374	1
90400515	904005	15	95	101:34.5;201:13.6;301:81.2	4102031;4102105;4102902;4102903;3000003	15;3;9;3;500000	101:171;201:72.1;301:414	1
90400601	904006	1	15	101:9.2;201:3.3;301:21.4				1
90400602	904006	2	25	101:10.4;201:3.8;301:24.3	4102301;3000003	1;30000	101:18;201:7.6;301:43.5	1
90400603	904006	3	35	101:11.7;201:4.2;301:27.2	4102011;4102301;4102302;3000003	5;3;3;50000	101:32.5;201:10;301:72.6	1
90400604	904006	4	40	101:12.9;201:4.7;301:30.1	4102021;4102302;4102303;4102901;3000003	10;1;3;1;100000	101:42;201:17.5;301:101.5	1
90400605	904006	5	45	101:14.2;201:5.1;301:33	4102021;4102303;4102304;4102901;3000003	10;5;3;3;200000	101:52;201:16;301:116	1
90400606	904006	6	50	101:15.4;201:5.6;301:35.9	4102031;4102303;4102304;4102901;3000003	5;3;5;6;300000	101:54;201:22.5;301:130.5	1
90400607	904006	7	55	101:16.6;201:6;301:38.8	4102031;4102304;4102305;4102901;3000003	10;5;1;9;400000	101:60.1;201:20;301:145	1
90400608	904006	8	60	101:17.9;201:6.5;301:41.9	4102031;4102305;4102901;4102902;3000003	15;3;9;3;500000	101:71.5;201:27.5;301:170.5	1
90400609	904006	9	65	101:19.3;201:7;301:45	4102031;4102305;4102901;4102902;3000003	15;3;3;9;500000	101:84;201:30;301:186	1
90400610	904006	10	70	101:20.6;201:7.5;301:48.2	4102031;4102305;4102902;4102903;3000003	15;3;9;3;500000	101:84.5;201:32.5;301:208	1
90400611	904006	11	75	101:22;201:8;301:51.5	4102031;4102305;4102902;4102903;3000003	15;3;9;3;500000	101:98;201:35;301:231	1
90400612	904006	12	80	101:23.5;201:8.5;301:54.9	4102031;4102305;4102902;4102903;3000003	15;3;9;3;500000	101:112.5;201:37.5;301:255	1
90400613	904006	13	85	101:25;201:9.1;301:58.3	4102031;4102305;4102902;4102903;3000003	15;3;9;3;500000	101:120;201:48;301:272	1
90400614	904006	14	90	101:26.5;201:9.6;301:61.9	4102031;4102305;4102902;4102903;3000003	15;3;9;3;500000	101:127.5;201:42.5;301:306	1
90400615	904006	15	95	101:28.1;201:10.2;301:65.6	4102031;4102305;4102902;4102903;3000003	15;3;9;3;500000	101:144;201:54;301:333	1
90400901	904009	1	15	101:10.2;201:5.2;301:26.8				1
90400902	904009	2	25	101:11.5;201:5.9;301:30.4	4102201;3000003	1;30000	101:19.5;201:10.5;301:54	1
90400903	904009	3	35	101:12.9;201:6.6;301:34.1	4102011;4102201;4102202;3000003	5;3;3;50000	101:35;201:17.5;301:92.5	1
90400904	904009	4	40	101:14.3;201:7.3;301:37.7	4102021;4102202;4102203;4102901;3000003	10;1;3;1;100000	101:49;201:24.5;301:126	1
90400905	904009	5	45	101:15.7;201:8;301:41.4	4102021;4102203;4102204;4102901;3000003	10;5;3;3;200000	101:56;201:28;301:148	1
90400906	904009	6	50	101:17.1;201:8.7;301:45	4102031;4102203;4102204;4102901;3000003	5;3;5;6;300000	101:63.1;201:31.5;301:162	1
90400907	904009	7	55	101:18.4;201:9.4;301:48.6	4102031;4102204;4102205;4102901;3000003	10;5;1;9;400000	101:65;201:35.1;301:180	1
90400908	904009	8	60	101:19.9;201:10.2;301:52.4	4102031;4102205;4102901;4102902;3000003	15;3;9;3;500000	101:82.6;201:44;301:209	1
90400909	904009	9	65	101:21.3;201:10.9;301:56.3	4102031;4102205;4102901;4102902;3000003	15;3;3;9;500000	101:84;201:42.1;301:234	1
90400910	904009	10	70	101:22.9;201:11.7;301:60.3	4102031;4102205;4102902;4102903;3000003	15;3;9;3;500000	101:104;201:52;301:260	1
90400911	904009	11	75	101:24.4;201:12.5;301:64.4	4102031;4102205;4102902;4102903;3000003	15;3;9;3;500000	101:105;201:56;301:287	1
90400912	904009	12	80	101:26;201:13.3;301:68.7	4102031;4102205;4102902;4102903;3000003	15;3;9;3;500000	101:120;201:60;301:322.5	1
90400913	904009	13	85	101:27.7;201:14.2;301:73.1	4102031;4102205;4102902;4102903;3000003	15;3;9;3;500000	101:136;201:72;301:352	1
90400914	904009	14	90	101:29.4;201:15;301:77.6	4102031;4102205;4102902;4102903;3000003	15;3;9;3;500000	101:144.5;201:68.1;301:382.5	1
90400915	904009	15	95	101:31.1;201:15.9;301:82.2	4102031;4102205;4102902;4102903;3000003	15;3;9;3;500000	101:153;201:81;301:414	1
90401001	904010	1	15	101:11.6;201:4.4;301:26.2				1
90401002	904010	2	25	101:13.2;201:5;301:29.8	4102101;3000003	1;30000	101:24;201:9;301:54	1
90401003	904010	3	35	101:14.7;201:5.6;301:33.4	4102011;4102101;4102102;3000003	5;3;3;50000	101:37.5;201:15;301:90	1
90401004	904010	4	40	101:16.3;201:6.2;301:36.9	4102021;4102102;4102103;4102901;3000003	10;1;3;1;100000	101:56;201:21;301:122.5	1
90401005	904010	5	45	101:17.9;201:6.8;301:40.5	4102021;4102103;4102104;4102901;3000003	10;5;3;3;200000	101:64.1;201:24;301:144	1
90401006	904010	6	50	101:19.5;201:7.4;301:44.1	4102031;4102103;4102104;4102901;3000003	5;3;5;6;300000	101:72;201:27;301:162	1
90401007	904010	7	55	101:21;201:8;301:47.6	4102031;4102104;4102105;4102901;3000003	10;5;1;9;400000	101:75;201:30;301:175	1
90401008	904010	8	60	101:22.7;201:8.7;301:51.3	4102031;4102105;4102901;4102902;3000003	15;3;9;3;500000	101:93.6;201:38.5;301:203.5	1
90401009	904010	9	65	101:24.4;201:9.3;301:55.1	4102031;4102105;4102901;4102902;3000003	15;3;3;9;500000	101:102;201:36;301:228	1
90401010	904010	10	70	101:26.1;201:10;301:59.1	4102031;4102105;4102902;4102903;3000003	15;3;9;3;500000	101:110.5;201:45.6;301:260	1
90401011	904010	11	75	101:27.9;201:10.6;301:63.1	4102031;4102105;4102902;4102903;3000003	15;3;9;3;500000	101:126;201:42;301:280	1
90401012	904010	12	80	101:29.7;201:11.3;301:67.3	4102031;4102105;4102902;4102903;3000003	15;3;9;3;500000	101:135;201:52.6;301:315	1
90401013	904010	13	85	101:31.6;201:12.1;301:71.6	4102031;4102105;4102902;4102903;3000003	15;3;9;3;500000	101:152;201:64;301:344	1
90401014	904010	14	90	101:33.5;201:12.8;301:76	4102031;4102105;4102902;4102903;3000003	15;3;9;3;500000	101:161.5;201:59.5;301:374	1
90401015	904010	15	95	101:35.5;201:13.6;301:80.5	4102031;4102105;4102902;4102903;3000003	15;3;9;3;500000	101:180;201:72.1;301:405	1
90401401	904014	1	15	101:11.9;201:7.3;301:50.5				1
90401402	904014	2	25	101:13.5;201:8.3;301:57.4	4102301;3000003	1;30000	101:24;201:15;301:103.5	1
90401403	904014	3	35	101:15.2;201:9.3;301:64.3	4102011;4102301;4102302;3000003	5;3;3;50000	101:42.5;201:25;301:172.5	1
90401404	904014	4	40	101:16.8;201:10.3;301:71.2	4102021;4102302;4102303;4102901;3000003	10;1;3;1;100000	101:56;201:35;301:241.5	1
90401405	904014	5	45	101:18.4;201:11.3;301:78.1	4102021;4102303;4102304;4102901;3000003	10;5;3;3;200000	101:64.1;201:40;301:276	1
90401406	904014	6	50	101:20;201:12.3;301:85	4102031;4102303;4102304;4102901;3000003	5;3;5;6;300000	101:72;201:45;301:310.5	1
90401407	904014	7	55	101:21.6;201:13.2;301:91.8	4102031;4102304;4102305;4102901;3000003	10;5;1;9;400000	101:80.1;201:45;301:340	1
90401408	904014	8	60	101:23.3;201:14.3;301:99	4102031;4102305;4102901;4102902;3000003	15;3;9;3;500000	101:93.5;201:60.5;301:396	1
90401409	904014	9	65	101:25.1;201:15.3;301:106.3	4102031;4102305;4102901;4102902;3000003	15;3;3;9;500000	101:108;201:60;301:438	1
90401410	904014	10	70	101:26.8;201:16.4;301:113.9	4102031;4102305;4102902;4102903;3000003	15;3;9;3;500000	101:110.5;201:71.6;301:494	1
90401411	904014	11	75	101:28.7;201:17.5;301:121.7	4102031;4102305;4102902;4102903;3000003	15;3;9;3;500000	101:133;201:77;301:546	1
90401412	904014	12	80	101:30.6;201:18.7;301:129.7	4102031;4102305;4102902;4102903;3000003	15;3;9;3;500000	101:142.5;201:90.1;301:600	1
90401413	904014	13	85	101:32.5;201:19.9;301:138	4102031;4102305;4102902;4102903;3000003	15;3;9;3;500000	101:152;201:96;301:664.1	1
90401414	904014	14	90	101:34.5;201:21.1;301:146.5	4102031;4102305;4102902;4102903;3000003	15;3;9;3;500000	101:170;201:102;301:722.5	1
90401415	904014	15	95	101:36.6;201:22.4;301:155.2	4102031;4102305;4102902;4102903;3000003	15;3;9;3;500000	101:189;201:117;301:783	1
90401501	904015	1	15	101:11.6;201:4.3;301:26.4				1
90401502	904015	2	25	101:13.2;201:4.9;301:30	4102301;3000003	1;30000	101:24;201:9;301:54	1
90401503	904015	3	35	101:14.7;201:5.5;301:33.6	4102011;4102301;4102302;3000003	5;3;3;50000	101:37.5;201:15;301:90	1
90401504	904015	4	40	101:16.3;201:6.1;301:37.2	4102021;4102302;4102303;4102901;3000003	10;1;3;1;100000	101:56;201:21;301:126	1
90401505	904015	5	45	101:17.9;201:6.7;301:40.8	4102021;4102303;4102304;4102901;3000003	10;5;3;3;200000	101:64.1;201:24;301:144	1
90401506	904015	6	50	101:19.5;201:7.3;301:44.4	4102031;4102303;4102304;4102901;3000003	5;3;5;6;300000	101:72;201:27;301:162	1
90401507	904015	7	55	101:21;201:7.8;301:48	4102031;4102304;4102305;4102901;3000003	10;5;1;9;400000	101:75;201:25;301:180	1
90401508	904015	8	60	101:22.7;201:8.5;301:51.8	4102031;4102305;4102901;4102902;3000003	15;3;9;3;500000	101:93.6;201:38.5;301:209	1
90401509	904015	9	65	101:24.4;201:9.1;301:55.6	4102031;4102305;4102901;4102902;3000003	15;3;3;9;500000	101:102;201:36;301:228	1
90401510	904015	10	70	101:26.1;201:9.7;301:59.6	4102031;4102305;4102902;4102903;3000003	15;3;9;3;500000	101:110.5;201:39;301:260	1
90401511	904015	11	75	101:27.9;201:10.4;301:63.6	4102031;4102305;4102902;4102903;3000003	15;3;9;3;500000	101:126;201:49.1;301:280	1
90401512	904015	12	80	101:29.7;201:11.1;301:67.8	4102031;4102305;4102902;4102903;3000003	15;3;9;3;500000	101:135;201:52.5;301:315	1
90401513	904015	13	85	101:31.6;201:11.8;301:72.2	4102031;4102305;4102902;4102903;3000003	15;3;9;3;500000	101:152;201:56;301:352	1
90401514	904015	14	90	101:33.5;201:12.5;301:76.6	4102031;4102305;4102902;4102903;3000003	15;3;9;3;500000	101:161.5;201:59.6;301:374	1
90401515	904015	15	95	101:35.5;201:13.2;301:81.2	4102031;4102305;4102902;4102903;3000003	15;3;9;3;500000	101:180;201:63;301:414	1
90402001	904020	1	15	101:11.8;201:4.4;301:25.9				1
90402002	904020	2	25	101:13.4;201:5;301:29.4	4102301;3000003	1;30000	101:24;201:9;301:52.5	1
90402003	904020	3	35	101:15;201:5.6;301:32.9	4102011;4102301;4102302;3000003	5;3;3;50000	101:40;201:15;301:87.5	1
90402004	904020	4	40	101:16.6;201:6.2;301:36.5	4102021;4102302;4102303;4102901;3000003	10;1;3;1;100000	101:56;201:21;301:126	1
90402005	904020	5	45	101:18.2;201:6.8;301:40	4102021;4102303;4102304;4102901;3000003	10;5;3;3;200000	101:64.1;201:24;301:140	1
90402006	904020	6	50	101:19.8;201:7.4;301:43.5	4102031;4102303;4102304;4102901;3000003	5;3;5;6;300000	101:72;201:27;301:157.5	1
90402007	904020	7	55	101:21.4;201:8;301:47	4102031;4102304;4102305;4102901;3000003	10;5;1;9;400000	101:80;201:30;301:175	1
90402008	904020	8	60	101:23.1;201:8.7;301:50.7	4102031;4102305;4102901;4102902;3000003	15;3;9;3;500000	101:93.6;201:38.5;301:203.5	1
90402009	904020	9	65	101:24.8;201:9.3;301:54.5	4102031;4102305;4102901;4102902;3000003	15;3;3;9;500000	101:102;201:36;301:228	1
90402010	904020	10	70	101:26.6;201:10;301:58.3	4102031;4102305;4102902;4102903;3000003	15;3;9;3;500000	101:117;201:45.6;301:247	1
90402011	904020	11	75	101:28.4;201:10.6;301:62.3	4102031;4102305;4102902;4102903;3000003	15;3;9;3;500000	101:126;201:42;301:280	1
90402012	904020	12	80	101:30.3;201:11.3;301:66.4	4102031;4102305;4102902;4102903;3000003	15;3;9;3;500000	101:142.5;201:52.6;301:307.5	1
90402013	904020	13	85	101:32.2;201:12.1;301:70.7	4102031;4102305;4102902;4102903;3000003	15;3;9;3;500000	101:152;201:64;301:344	1
90402014	904020	14	90	101:34.2;201:12.8;301:75	4102031;4102305;4102902;4102903;3000003	15;3;9;3;500000	101:170;201:59.5;301:365.6	1
90402015	904020	15	95	101:36.2;201:13.6;301:79.5	4102031;4102305;4102902;4102903;3000003	15;3;9;3;500000	101:180;201:72.1;301:405	1
90402201	904022	1	15	101:10.7;201:4.3;301:26.4				1
90402202	904022	2	25	101:12.2;201:4.9;301:30	4102301;3000003	1;30000	101:22.5;201:9;301:54	1
90402203	904022	3	35	101:13.6;201:5.5;301:33.6	4102011;4102301;4102302;3000003	5;3;3;50000	101:35;201:15;301:90	1
90402204	904022	4	40	101:15.1;201:6.1;301:37.2	4102021;4102302;4102303;4102901;3000003	10;1;3;1;100000	101:52.5;201:21;301:126	1
90402205	904022	5	45	101:16.5;201:6.7;301:40.8	4102021;4102303;4102304;4102901;3000003	10;5;3;3;200000	101:56;201:24;301:144	1
90402206	904022	6	50	101:18;201:7.3;301:44.4	4102031;4102303;4102304;4102901;3000003	5;3;5;6;300000	101:67.5;201:27;301:162	1
90402207	904022	7	55	101:19.4;201:7.8;301:48	4102031;4102304;4102305;4102901;3000003	10;5;1;9;400000	101:70;201:25;301:180	1
90402208	904022	8	60	101:21;201:8.5;301:51.8	4102031;4102305;4102901;4102902;3000003	15;3;9;3;500000	101:88.1;201:38.5;301:209	1
90402209	904022	9	65	101:22.5;201:9.1;301:55.6	4102031;4102305;4102901;4102902;3000003	15;3;3;9;500000	101:90;201:36;301:228	1
90402210	904022	10	70	101:24.1;201:9.7;301:59.6	4102031;4102305;4102902;4102903;3000003	15;3;9;3;500000	101:104;201:39;301:260	1
90402211	904022	11	75	101:25.8;201:10.4;301:63.6	4102031;4102305;4102902;4102903;3000003	15;3;9;3;500000	101:119;201:49.1;301:280	1
90402212	904022	12	80	101:27.5;201:11.1;301:67.8	4102031;4102305;4102902;4102903;3000003	15;3;9;3;500000	101:127.5;201:52.5;301:315	1
90402213	904022	13	85	101:29.2;201:11.8;301:72.2	4102031;4102305;4102902;4102903;3000003	15;3;9;3;500000	101:136;201:56;301:352	1
90402214	904022	14	90	101:31;201:12.5;301:76.6	4102031;4102305;4102902;4102903;3000003	15;3;9;3;500000	101:153;201:59.6;301:374	1
90402215	904022	15	95	101:32.8;201:13.2;301:81.2	4102031;4102305;4102902;4102903;3000003	15;3;9;3;500000	101:162;201:63;301:414	1
90402501	904025	1	15	101:8.5;201:6.9;301:32.4				1
90402502	904025	2	25	101:9.7;201:7.8;301:36.8	4102301;3000003	1;30000	101:18;201:13.5;301:66.1	1
90402503	904025	3	35	101:10.8;201:8.7;301:41.2	4102011;4102301;4102302;3000003	5;3;3;50000	101:27.5;201:22.5;301:110	1
90402504	904025	4	40	101:12;201:9.7;301:45.6	4102021;4102302;4102303;4102901;3000003	10;1;3;1;100000	101:42;201:35;301:154	1
90402505	904025	5	45	101:13.1;201:10.6;301:50	4102021;4102303;4102304;4102901;3000003	10;5;3;3;200000	101:44;201:36;301:176	1
90402506	904025	6	50	101:14.3;201:11.5;301:54.4	4102031;4102303;4102304;4102901;3000003	5;3;5;6;300000	101:54;201:40.5;301:198	1
90402507	904025	7	55	101:15.4;201:12.4;301:58.8	4102031;4102304;4102305;4102901;3000003	10;5;1;9;400000	101:55.1;201:45;301:220	1
90402508	904025	8	60	101:16.6;201:13.4;301:63.4	4102031;4102305;4102901;4102902;3000003	15;3;9;3;500000	101:66.1;201:55;301:253	1
90402509	904025	9	65	101:17.9;201:14.4;301:68.1	4102031;4102305;4102901;4102902;3000003	15;3;3;9;500000	101:78;201:60;301:282	1
90402510	904025	10	70	101:19.1;201:15.4;301:73	4102031;4102305;4102902;4102903;3000003	15;3;9;3;500000	101:78;201:65;301:318.5	1
90402511	904025	11	75	101:20.5;201:16.5;301:78	4102031;4102305;4102902;4102903;3000003	15;3;9;3;500000	101:98;201:77;301:350	1
90402512	904025	12	80	101:21.8;201:17.6;301:83.1	4102031;4102305;4102902;4102903;3000003	15;3;9;3;500000	101:97.6;201:82.6;301:382.5	1
90402513	904025	13	85	101:23.2;201:18.7;301:88.4	4102031;4102305;4102902;4102903;3000003	15;3;9;3;500000	101:112;201:88.1;301:424	1
90402514	904025	14	90	101:24.6;201:19.8;301:93.8	4102031;4102305;4102902;4102903;3000003	15;3;9;3;500000	101:119;201:93.5;301:459	1
90402515	904025	15	95	101:26.1;201:21;301:99.4	4102031;4102305;4102902;4102903;3000003	15;3;9;3;500000	101:135;201:108;301:504	1
90402601	904026	1	15	101:8.6;201:5.4;301:37.6				1
90402602	904026	2	25	101:9.8;201:6.2;301:42.7	4102101;3000003	1;30000	101:18;201:12;301:76.5	1
90402603	904026	3	35	101:11;201:6.9;301:47.8	4102011;4102101;4102102;3000003	5;3;3;50000	101:30;201:17.5;301:127.5	1
90402604	904026	4	40	101:12.1;201:7.6;301:52.9	4102021;4102102;4102103;4102901;3000003	10;1;3;1;100000	101:38.5;201:24.5;301:178.5	1
90402605	904026	5	45	101:13.3;201:8.4;301:58	4102021;4102103;4102104;4102901;3000003	10;5;3;3;200000	101:48;201:32;301:204	1
90402606	904026	6	50	101:14.5;201:9.1;301:63.1	4102031;4102103;4102104;4102901;3000003	5;3;5;6;300000	101:54;201:31.5;301:229.5	1
90402607	904026	7	55	101:15.6;201:9.8;301:68.2	4102031;4102104;4102105;4102901;3000003	10;5;1;9;400000	101:55;201:35.1;301:255	1
90402608	904026	8	60	101:16.9;201:10.6;301:73.5	4102031;4102105;4102901;4102902;3000003	15;3;9;3;500000	101:71.6;201:44;301:291.5	1
90402609	904026	9	65	101:18.1;201:11.4;301:79	4102031;4102105;4102901;4102902;3000003	15;3;3;9;500000	101:72;201:48;301:330	1
90402610	904026	10	70	101:19.4;201:12.2;301:84.6	4102031;4102105;4102902;4102903;3000003	15;3;9;3;500000	101:84.5;201:52;301:364	1
90402611	904026	11	75	101:20.7;201:13;301:90.4	4102031;4102105;4102902;4102903;3000003	15;3;9;3;500000	101:91.1;201:56;301:406	1
90402612	904026	12	80	101:22.1;201:13.9;301:96.4	4102031;4102105;4102902;4102903;3000003	15;3;9;3;500000	101:105;201:67.5;301:450	1
90402613	904026	13	85	101:23.5;201:14.8;301:102.5	4102031;4102105;4102902;4102903;3000003	15;3;9;3;500000	101:112;201:72;301:488.1	1
90402614	904026	14	90	101:24.9;201:15.7;301:108.8	4102031;4102105;4102902;4102903;3000003	15;3;9;3;500000	101:119;201:76.5;301:535.5	1
90402615	904026	15	95	101:26.4;201:16.6;301:115.3	4102031;4102105;4102902;4102903;3000003	15;3;9;3;500000	101:135;201:81.1;301:585	1
90403101	904031	1	15	101:8.4;201:6.9;301:36.6				1
90403102	904031	2	25	101:9.5;201:7.8;301:41.5	4102301;3000003	1;30000	101:16.5;201:13.5;301:73.5	1
90403103	904031	3	35	101:10.7;201:8.7;301:46.5	4102011;4102301;4102302;3000003	5;3;3;50000	101:30;201:22.5;301:125	1
90403104	904031	4	40	101:11.8;201:9.7;301:51.5	4102021;4102302;4102303;4102901;3000003	10;1;3;1;100000	101:38.5;201:35;301:175	1
90403105	904031	5	45	101:13;201:10.6;301:56.5	4102021;4102303;4102304;4102901;3000003	10;5;3;3;200000	101:48;201:36;301:200	1
90403106	904031	6	50	101:14.1;201:11.5;301:61.5	4102031;4102303;4102304;4102901;3000003	5;3;5;6;300000	101:49.5;201:40.5;301:225	1
90403107	904031	7	55	101:15.2;201:12.4;301:66.4	4102031;4102304;4102305;4102901;3000003	10;5;1;9;400000	101:55;201:45;301:245	1
90403108	904031	8	60	101:16.4;201:13.4;301:71.6	4102031;4102305;4102901;4102902;3000003	15;3;9;3;500000	101:66.1;201:55;301:286	1
90403109	904031	9	65	101:17.6;201:14.4;301:76.9	4102031;4102305;4102901;4102902;3000003	15;3;3;9;500000	101:72;201:60;301:318	1
90403110	904031	10	70	101:18.9;201:15.4;301:82.4	4102031;4102305;4102902;4102903;3000003	15;3;9;3;500000	101:84.5;201:65;301:357.5	1
90403111	904031	11	75	101:20.2;201:16.5;301:88	4102031;4102305;4102902;4102903;3000003	15;3;9;3;500000	101:91.1;201:77;301:392.1	1
90403112	904031	12	80	101:21.5;201:17.6;301:93.8	4102031;4102305;4102902;4102903;3000003	15;3;9;3;500000	101:97.5;201:82.6;301:435	1
90403113	904031	13	85	101:22.9;201:18.7;301:99.8	4102031;4102305;4102902;4102903;3000003	15;3;9;3;500000	101:112;201:88.1;301:480	1
90403114	904031	14	90	101:24.3;201:19.8;301:106	4102031;4102305;4102902;4102903;3000003	15;3;9;3;500000	101:119;201:93.5;301:527	1
90403115	904031	15	95	101:25.7;201:21;301:112.3	4102031;4102305;4102902;4102903;3000003	15;3;9;3;500000	101:126;201:108;301:567	1
90403301	904033	1	15	101:11.6;201:4.3;301:26.8				1
90403302	904033	2	25	101:13.2;201:4.9;301:30.4	4102201;3000003	1;30000	101:24;201:9;301:54	1
90403303	904033	3	35	101:14.7;201:5.5;301:34.1	4102011;4102201;4102202;3000003	5;3;3;50000	101:37.5;201:15;301:92.5	1
90403304	904033	4	40	101:16.3;201:6.1;301:37.7	4102021;4102202;4102203;4102901;3000003	10;1;3;1;100000	101:56;201:21;301:126	1
90403305	904033	5	45	101:17.9;201:6.7;301:41.4	4102021;4102203;4102204;4102901;3000003	10;5;3;3;200000	101:64.1;201:24;301:148	1
90403306	904033	6	50	101:19.5;201:7.3;301:45	4102031;4102203;4102204;4102901;3000003	5;3;5;6;300000	101:72;201:27;301:162	1
90403307	904033	7	55	101:21;201:7.8;301:48.6	4102031;4102204;4102205;4102901;3000003	10;5;1;9;400000	101:75;201:25;301:180	1
90403308	904033	8	60	101:22.7;201:8.5;301:52.4	4102031;4102205;4102901;4102902;3000003	15;3;9;3;500000	101:93.6;201:38.5;301:209	1
90403309	904033	9	65	101:24.4;201:9.1;301:56.3	4102031;4102205;4102901;4102902;3000003	15;3;3;9;500000	101:102;201:36;301:234	1
90403310	904033	10	70	101:26.1;201:9.7;301:60.3	4102031;4102205;4102902;4102903;3000003	15;3;9;3;500000	101:110.5;201:39;301:260	1
90403311	904033	11	75	101:27.9;201:10.4;301:64.4	4102031;4102205;4102902;4102903;3000003	15;3;9;3;500000	101:126;201:49.1;301:287	1
90403312	904033	12	80	101:29.7;201:11.1;301:68.7	4102031;4102205;4102902;4102903;3000003	15;3;9;3;500000	101:135;201:52.5;301:322.5	1
90403313	904033	13	85	101:31.6;201:11.8;301:73.1	4102031;4102205;4102902;4102903;3000003	15;3;9;3;500000	101:152;201:56;301:352	1
90403314	904033	14	90	101:33.5;201:12.5;301:77.6	4102031;4102205;4102902;4102903;3000003	15;3;9;3;500000	101:161.5;201:59.6;301:382.5	1
90403315	904033	15	95	101:35.5;201:13.2;301:82.2	4102031;4102205;4102902;4102903;3000003	15;3;9;3;500000	101:180;201:63;301:414	1
90403401	904034	1	15	101:10.5;201:4.4;301:26.8				1
90403402	904034	2	25	101:11.9;201:5;301:30.4	4102301;3000003	1;30000	101:21;201:9;301:54	1
90403403	904034	3	35	101:13.3;201:5.6;301:34.1	4102011;4102301;4102302;3000003	5;3;3;50000	101:35;201:15;301:92.5	1
90403404	904034	4	40	101:14.8;201:6.2;301:37.7	4102021;4102302;4102303;4102901;3000003	10;1;3;1;100000	101:52.5;201:21;301:126	1
90403405	904034	5	45	101:16.2;201:6.8;301:41.4	4102021;4102303;4102304;4102901;3000003	10;5;3;3;200000	101:56.1;201:24;301:148	1
90403406	904034	6	50	101:17.6;201:7.4;301:45	4102031;4102303;4102304;4102901;3000003	5;3;5;6;300000	101:63;201:27;301:162	1
90403407	904034	7	55	101:19;201:8;301:48.6	4102031;4102304;4102305;4102901;3000003	10;5;1;9;400000	101:70;201:30;301:180	1
90403408	904034	8	60	101:20.5;201:8.7;301:52.4	4102031;4102305;4102901;4102902;3000003	15;3;9;3;500000	101:82.5;201:38.5;301:209	1
90403409	904034	9	65	101:22;201:9.3;301:56.3	4102031;4102305;4102901;4102902;3000003	15;3;3;9;500000	101:90;201:36;301:234	1
90403410	904034	10	70	101:23.6;201:10;301:60.3	4102031;4102305;4102902;4102903;3000003	15;3;9;3;500000	101:104;201:45.6;301:260	1
90403411	904034	11	75	101:25.2;201:10.6;301:64.4	4102031;4102305;4102902;4102903;3000003	15;3;9;3;500000	101:112;201:42;301:287	1
90403412	904034	12	80	101:26.9;201:11.3;301:68.7	4102031;4102305;4102902;4102903;3000003	15;3;9;3;500000	101:127.5;201:52.6;301:322.5	1
90403413	904034	13	85	101:28.6;201:12.1;301:73.1	4102031;4102305;4102902;4102903;3000003	15;3;9;3;500000	101:136;201:64;301:352	1
90403414	904034	14	90	101:30.4;201:12.8;301:77.6	4102031;4102305;4102902;4102903;3000003	15;3;9;3;500000	101:153;201:59.5;301:382.5	1
90403415	904034	15	95	101:32.2;201:13.6;301:82.2	4102031;4102305;4102902;4102903;3000003	15;3;9;3;500000	101:162;201:72.1;301:414	1
90404101	904041	1	15	101:9.3;201:3.5;301:20.7				1
90404102	904041	2	25	101:10.5;201:3.9;301:23.5	4102101;3000003	1;30000	101:18;201:6;301:42	1
90404103	904041	3	35	101:11.8;201:4.4;301:26.4	4102011;4102101;4102102;3000003	5;3;3;50000	101:32.5;201:12.5;301:72.6	1
90404104	904041	4	40	101:13.1;201:4.9;301:29.2	4102021;4102102;4102103;4102901;3000003	10;1;3;1;100000	101:45.5;201:17.5;301:98	1
90404105	904041	5	45	101:14.3;201:5.3;301:32	4102021;4102103;4102104;4102901;3000003	10;5;3;3;200000	101:48;201:16;301:112	1
90404106	904041	6	50	101:15.6;201:5.8;301:34.8	4102031;4102103;4102104;4102901;3000003	5;3;5;6;300000	101:58.5;201:22.5;301:126	1
90404107	904041	7	55	101:16.8;201:6.2;301:37.6	4102031;4102104;4102105;4102901;3000003	10;5;1;9;400000	101:60.1;201:20;301:140	1
90404108	904041	8	60	101:18.2;201:6.7;301:40.6	4102031;4102105;4102901;4102902;3000003	15;3;9;3;500000	101:77.1;201:27.5;301:165	1
90404109	904041	9	65	101:19.5;201:7.2;301:43.6	4102031;4102105;4102901;4102902;3000003	15;3;3;9;500000	101:78;201:30;301:180	1
90404110	904041	10	70	101:20.9;201:7.7;301:46.7	4102031;4102105;4102902;4102903;3000003	15;3;9;3;500000	101:91.1;201:32.5;301:201.5	1
90404111	904041	11	75	101:22.3;201:8.3;301:49.9	4102031;4102105;4102902;4102903;3000003	15;3;9;3;500000	101:98;201:42;301:224	1
90404112	904041	12	80	101:23.8;201:8.8;301:53.2	4102031;4102105;4102902;4102903;3000003	15;3;9;3;500000	101:112.5;201:37.5;301:247.5	1
90404113	904041	13	85	101:25.3;201:9.4;301:56.5	4102031;4102105;4102902;4102903;3000003	15;3;9;3;500000	101:120;201:48.1;301:264	1
90404114	904041	14	90	101:26.8;201:9.9;301:60	4102031;4102105;4102902;4102903;3000003	15;3;9;3;500000	101:127.5;201:42.5;301:297.5	1
90404115	904041	15	95	101:28.4;201:10.5;301:63.6	4102031;4102105;4102902;4102903;3000003	15;3;9;3;500000	101:144;201:54;301:324	1
90404301	904043	1	15	101:8.5;201:3.3;301:20.9				1
90404302	904043	2	25	101:9.7;201:3.8;301:23.8	4102101;3000003	1;30000	101:18;201:7.6;301:43.5	1
90404303	904043	3	35	101:10.8;201:4.2;301:26.6	4102011;4102101;4102102;3000003	5;3;3;50000	101:27.5;201:10;301:70	1
90404304	904043	4	40	101:12;201:4.7;301:29.5	4102021;4102102;4102103;4102901;3000003	10;1;3;1;100000	101:42;201:17.5;301:101.5	1
90404305	904043	5	45	101:13.1;201:5.1;301:32.3	4102021;4102103;4102104;4102901;3000003	10;5;3;3;200000	101:44;201:16;301:112	1
90404306	904043	6	50	101:14.3;201:5.6;301:35.2	4102031;4102103;4102104;4102901;3000003	5;3;5;6;300000	101:54;201:22.5;301:130.5	1
90404307	904043	7	55	101:15.4;201:6;301:38	4102031;4102104;4102105;4102901;3000003	10;5;1;9;400000	101:55.1;201:20;301:140	1
90404308	904043	8	60	101:16.6;201:6.5;301:41	4102031;4102105;4102901;4102902;3000003	15;3;9;3;500000	101:66.1;201:27.5;301:165	1
90404309	904043	9	65	101:17.9;201:7;301:44	4102031;4102105;4102901;4102902;3000003	15;3;3;9;500000	101:78;201:30;301:180	1
90404310	904043	10	70	101:19.1;201:7.5;301:47.2	4102031;4102105;4102902;4102903;3000003	15;3;9;3;500000	101:78;201:32.5;301:208	1
90404311	904043	11	75	101:20.5;201:8;301:50.4	4102031;4102105;4102902;4102903;3000003	15;3;9;3;500000	101:98;201:35;301:224	1
90404312	904043	12	80	101:21.8;201:8.5;301:53.7	4102031;4102105;4102902;4102903;3000003	15;3;9;3;500000	101:97.6;201:37.5;301:247.5	1
90404313	904043	13	85	101:23.2;201:9.1;301:57.1	4102031;4102105;4102902;4102903;3000003	15;3;9;3;500000	101:112;201:48;301:272	1
90404314	904043	14	90	101:24.6;201:9.6;301:60.7	4102031;4102105;4102902;4102903;3000003	15;3;9;3;500000	101:119;201:42.5;301:306	1
90404315	904043	15	95	101:26.1;201:10.2;301:64.3	4102031;4102105;4102902;4102903;3000003	15;3;9;3;500000	101:135;201:54;301:324	1
90800201	908002	1	15	101:11.6;201:4.3;301:26.2				1
90800202	908002	2	25	101:13.2;201:4.9;301:29.8	4102201;3000003	1;30000	101:24;201:9;301:54	1
90800203	908002	3	35	101:14.7;201:5.5;301:33.4	4102011;4102201;4102202;3000003	5;3;3;50000	101:37.5;201:15;301:90	1
90800204	908002	4	40	101:16.3;201:6.1;301:36.9	4102021;4102202;4102203;4102901;3000003	10;1;3;1;100000	101:56;201:21;301:122.5	1
90800205	908002	5	45	101:17.9;201:6.7;301:40.5	4102021;4102203;4102204;4102901;3000003	10;5;3;3;200000	101:64.1;201:24;301:144	1
90800206	908002	6	50	101:19.5;201:7.3;301:44.1	4102031;4102203;4102204;4102901;3000003	5;3;5;6;300000	101:72;201:27;301:162	1
90800207	908002	7	55	101:21;201:7.8;301:47.6	4102031;4102204;4102205;4102901;3000003	10;5;1;9;400000	101:75;201:25;301:175	1
90800208	908002	8	60	101:22.7;201:8.5;301:51.3	4102031;4102205;4102901;4102902;3000003	15;3;9;3;500000	101:93.6;201:38.5;301:203.5	1
90800209	908002	9	65	101:24.4;201:9.1;301:55.1	4102031;4102205;4102901;4102902;3000003	15;3;3;9;500000	101:102;201:36;301:228	1
90800210	908002	10	70	101:26.1;201:9.7;301:59.1	4102031;4102205;4102902;4102903;3000003	15;3;9;3;500000	101:110.5;201:39;301:260	1
90800211	908002	11	75	101:27.9;201:10.4;301:63.1	4102031;4102205;4102902;4102903;3000003	15;3;9;3;500000	101:126;201:49.1;301:280	1
90800212	908002	12	80	101:29.7;201:11.1;301:67.3	4102031;4102205;4102902;4102903;3000003	15;3;9;3;500000	101:135;201:52.5;301:315	1
90800213	908002	13	85	101:31.6;201:11.8;301:71.6	4102031;4102205;4102902;4102903;3000003	15;3;9;3;500000	101:152;201:56;301:344	1
90800214	908002	14	90	101:33.5;201:12.5;301:76	4102031;4102205;4102902;4102903;3000003	15;3;9;3;500000	101:161.5;201:59.6;301:374	1
90800215	908002	15	95	101:35.5;201:13.2;301:80.5	4102031;4102205;4102902;4102903;3000003	15;3;9;3;500000	101:180;201:63;301:405	1
11500801	115008	1	15	101:15.7;201:6.8;301:36.3				1
11500802	115008	2	25	101:17.8;201:7.7;301:41.3	4102301;3000003	1;30000	101:31.5;201:13.5;301:75.1	1
11500803	115008	3	35	101:19.9;201:8.6;301:46.2	4102011;4102301;4102302;3000003	5;3;3;50000	101:52.5;201:22.5;301:122.5	1
11500804	115008	4	40	101:22.1;201:9.5;301:51.2	4102021;4102302;4102303;4102901;3000003	10;1;3;1;100000	101:77;201:31.5;301:175	1
11500805	115008	5	45	101:24.2;201:10.4;301:56.1	4102021;4102303;4102304;4102901;3000003	10;5;3;3;200000	101:84.1;201:36;301:196	1
11500806	115008	6	50	101:26.3;201:11.3;301:61.1	4102031;4102303;4102304;4102901;3000003	5;3;5;6;300000	101:94.5;201:40.5;301:225	1
11500807	115008	7	55	101:28.4;201:12.2;301:66	4102031;4102304;4102305;4102901;3000003	10;5;1;9;400000	101:105;201:45;301:245	1
11500808	115008	8	60	101:30.7;201:13.2;301:71.2	4102031;4102305;4102901;4102902;3000003	15;3;9;3;500000	101:126.5;201:55;301:286	1
11500809	115008	9	65	101:32.9;201:14.2;301:76.4	4102031;4102305;4102901;4102902;3000003	15;3;3;9;500000	101:132;201:60;301:312	1
11500810	115008	10	70	101:35.3;201:15.2;301:81.9	4102031;4102305;4102902;4102903;3000003	15;3;9;3;500000	101:156;201:65;301:357.5	1
11500811	115008	11	75	101:37.7;201:16.2;301:87.5	4102031;4102305;4102902;4102903;3000003	15;3;9;3;500000	101:168;201:70.1;301:392.1	1
11500812	115008	12	80	101:40.2;201:17.3;301:93.3	4102031;4102305;4102902;4102903;3000003	15;3;9;3;500000	101:187.5;201:82.5;301:435	1
11500813	115008	13	85	101:42.7;201:18.4;301:99.2	4102031;4102305;4102902;4102903;3000003	15;3;9;3;500000	101:200;201:88.1;301:472	1
11500814	115008	14	90	101:45.3;201:19.5;301:105.3	4102031;4102305;4102902;4102903;3000003	15;3;9;3;500000	101:221;201:93.5;301:518.6	1
11500815	115008	15	95	101:48;201:20.7;301:111.6	4102031;4102305;4102902;4102903;3000003	15;3;9;3;500000	101:243;201:108;301:567	1
12700801	127008	1	15	101:15.3;201:5.7;301:41.1				1
12700802	127008	2	25	101:17.4;201:6.4;301:46.7	4102301;3000003	1;30000	101:31.5;201:10.5;301:84	1
12700803	127008	3	35	101:19.5;201:7.2;301:52.3	4102011;4102301;4102302;3000003	5;3;3;50000	101:52.5;201:20;301:140	1
12700804	127008	4	40	101:21.6;201:8;301:57.9	4102021;4102302;4102303;4102901;3000003	10;1;3;1;100000	101:73.6;201:28;301:196	1
12700805	127008	5	45	101:23.7;201:8.7;301:63.5	4102021;4102303;4102304;4102901;3000003	10;5;3;3;200000	101:84.1;201:28;301:224	1
12700806	127008	6	50	101:25.8;201:9.5;301:69.1	4102031;4102303;4102304;4102901;3000003	5;3;5;6;300000	101:94.5;201:36;301:252	1
12700807	127008	7	55	101:27.8;201:10.2;301:74.6	4102031;4102304;4102305;4102901;3000003	10;5;1;9;400000	101:100;201:35;301:275	1
12700808	127008	8	60	101:30;201:11;301:80.4	4102031;4102305;4102901;4102902;3000003	15;3;9;3;500000	101:121;201:44;301:319	1
12700809	127008	9	65	101:32.2;201:11.9;301:86.4	4102031;4102305;4102901;4102902;3000003	15;3;3;9;500000	101:132;201:54;301:360	1
12700810	127008	10	70	101:34.5;201:12.7;301:92.6	4102031;4102305;4102902;4102903;3000003	15;3;9;3;500000	101:149.5;201:52;301:403	1
12700811	127008	11	75	101:36.9;201:13.6;301:98.9	4102031;4102305;4102902;4102903;3000003	15;3;9;3;500000	101:168;201:63;301:441	1
12700812	127008	12	80	101:39.3;201:14.5;301:105.4	4102031;4102305;4102902;4102903;3000003	15;3;9;3;500000	101:180;201:67.5;301:487.5	1
12700813	127008	13	85	101:41.8;201:15.4;301:112.1	4102031;4102305;4102902;4102903;3000003	15;3;9;3;500000	101:200;201:72;301:536	1
12700814	127008	14	90	101:44.4;201:16.3;301:119	4102031;4102305;4102902;4102903;3000003	15;3;9;3;500000	101:221;201:76.5;301:586.5	1
12700815	127008	15	95	101:47;201:17.3;301:126.1	4102031;4102305;4102902;4102903;3000003	15;3;9;3;500000	101:234;201:90;301:639	1
13000801	130008	1	15	101:15.3;201:6;301:36				1
13000802	130008	2	25	101:17.4;201:6.8;301:40.9	4102301;3000003	1;30000	101:31.5;201:12;301:73.5	1
13000803	130008	3	35	101:19.5;201:7.6;301:45.8	4102011;4102301;4102302;3000003	5;3;3;50000	101:52.5;201:20;301:122.5	1
13000804	130008	4	40	101:21.6;201:8.4;301:50.7	4102021;4102302;4102303;4102901;3000003	10;1;3;1;100000	101:73.6;201:28;301:171.5	1
13000805	130008	5	45	101:23.7;201:9.2;301:55.6	4102021;4102303;4102304;4102901;3000003	10;5;3;3;200000	101:84.1;201:32;301:196	1
13000806	130008	6	50	101:25.8;201:10;301:60.5	4102031;4102303;4102304;4102901;3000003	5;3;5;6;300000	101:94.5;201:36;301:220.5	1
13000807	130008	7	55	101:27.8;201:10.8;301:65.4	4102031;4102304;4102305;4102901;3000003	10;5;1;9;400000	101:100;201:40;301:245	1
13000808	130008	8	60	101:30;201:11.7;301:70.5	4102031;4102305;4102901;4102902;3000003	15;3;9;3;500000	101:121;201:49.5;301:280.5	1
13000809	130008	9	65	101:32.2;201:12.6;301:75.8	4102031;4102305;4102901;4102902;3000003	15;3;3;9;500000	101:132;201:54;301:318	1
13000810	130008	10	70	101:34.5;201:13.4;301:81.1	4102031;4102305;4102902;4102903;3000003	15;3;9;3;500000	101:149.5;201:52;301:344.5	1
13000811	130008	11	75	101:36.9;201:14.4;301:86.7	4102031;4102305;4102902;4102903;3000003	15;3;9;3;500000	101:168;201:70;301:392	1
13000812	130008	12	80	101:39.3;201:15.3;301:92.4	4102031;4102305;4102902;4102903;3000003	15;3;9;3;500000	101:180;201:67.5;301:427.5	1
13000813	130008	13	85	101:41.8;201:16.3;301:98.3	4102031;4102305;4102902;4102903;3000003	15;3;9;3;500000	101:200;201:80.1;301:472	1
13000814	130008	14	90	101:44.4;201:17.3;301:104.4	4102031;4102305;4102902;4102903;3000003	15;3;9;3;500000	101:221;201:85;301:518.5	1
13000815	130008	15	95	101:47;201:18.3;301:110.6	4102031;4102305;4102902;4102903;3000003	15;3;9;3;500000	101:234;201:90;301:558	1
13100801	131008	1	15	101:16;201:5.7;301:38.5				1
13100802	131008	2	25	101:18.2;201:6.4;301:43.8	4102201;3000003	1;30000	101:33;201:10.5;301:79.6	1
13100803	131008	3	35	101:20.3;201:7.2;301:49	4102011;4102201;4102202;3000003	5;3;3;50000	101:52.5;201:20;301:130	1
13100804	131008	4	40	101:22.5;201:8;301:54.3	4102021;4102202;4102203;4102901;3000003	10;1;3;1;100000	101:77;201:28;301:185.5	1
13100805	131008	5	45	101:24.7;201:8.7;301:59.5	4102021;4102203;4102204;4102901;3000003	10;5;3;3;200000	101:88.1;201:28;301:208	1
13100806	131008	6	50	101:26.9;201:9.5;301:64.8	4102031;4102203;4102204;4102901;3000003	5;3;5;6;300000	101:99;201:36;301:238.5	1
13100807	131008	7	55	101:29;201:10.2;301:70	4102031;4102204;4102205;4102901;3000003	10;5;1;9;400000	101:105;201:35;301:260	1
13100808	131008	8	60	101:31.3;201:11;301:75.5	4102031;4102205;4102901;4102902;3000003	15;3;9;3;500000	101:126.5;201:44;301:302.5	1
13100809	131008	9	65	101:33.6;201:11.9;301:81.1	4102031;4102205;4102901;4102902;3000003	15;3;3;9;500000	101:138;201:54;301:336	1
13100810	131008	10	70	101:36;201:12.7;301:86.8	4102031;4102205;4102902;4102903;3000003	15;3;9;3;500000	101:156;201:52;301:370.5	1
13100811	131008	11	75	101:38.5;201:13.6;301:92.8	4102031;4102205;4102902;4102903;3000003	15;3;9;3;500000	101:175;201:63;301:420	1
13100812	131008	12	80	101:41;201:14.5;301:98.9	4102031;4102205;4102902;4102903;3000003	15;3;9;3;500000	101:187.5;201:67.5;301:457.5	1
13100813	131008	13	85	101:43.6;201:15.4;301:105.2	4102031;4102205;4102902;4102903;3000003	15;3;9;3;500000	101:208;201:72;301:504	1
13100814	131008	14	90	101:46.3;201:16.3;301:111.7	4102031;4102205;4102902;4102903;3000003	15;3;9;3;500000	101:229.5;201:76.5;301:552.5	1
13100815	131008	15	95	101:49.1;201:17.3;301:118.3	4102031;4102205;4102902;4102903;3000003	15;3;9;3;500000	101:252;201:90;301:594.1	1
11700801	117008	1	15	101:16.1;201:5.7;301:38.2				1
11700802	117008	2	25	101:18.3;201:6.4;301:43.4	4102101;3000003	1;30000	101:33;201:10.5;301:78	1
11700803	117008	3	35	101:20.5;201:7.2;301:48.6	4102011;4102101;4102102;3000003	5;3;3;50000	101:55;201:20;301:130	1
11700804	117008	4	40	101:22.7;201:8;301:53.8	4102021;4102102;4102103;4102901;3000003	10;1;3;1;100000	101:77.1;201:28;301:182	1
11700805	117008	5	45	101:24.9;201:8.7;301:59	4102021;4102103;4102104;4102901;3000003	10;5;3;3;200000	101:88;201:28;301:208	1
11700806	117008	6	50	101:27.1;201:9.5;301:64.2	4102031;4102103;4102104;4102901;3000003	5;3;5;6;300000	101:99;201:36;301:234	1
11700807	117008	7	55	101:29.2;201:10.2;301:69.4	4102031;4102104;4102105;4102901;3000003	10;5;1;9;400000	101:105;201:35;301:260.1	1
11700808	117008	8	60	101:31.5;201:11;301:74.8	4102031;4102105;4102901;4102902;3000003	15;3;9;3;500000	101:126.5;201:44;301:297	1
11700809	117008	9	65	101:33.8;201:11.9;301:80.4	4102031;4102105;4102901;4102902;3000003	15;3;3;9;500000	101:138;201:54;301:336	1
11700810	117008	10	70	101:36.3;201:12.7;301:86.1	4102031;4102105;4102902;4102903;3000003	15;3;9;3;500000	101:162.5;201:52;301:370.5	1
11700811	117008	11	75	101:38.7;201:13.6;301:92	4102031;4102105;4102902;4102903;3000003	15;3;9;3;500000	101:168;201:63;301:413	1
11700812	117008	12	80	101:41.3;201:14.5;301:98.1	4102031;4102105;4102902;4102903;3000003	15;3;9;3;500000	101:195;201:67.5;301:457.5	1
11700813	117008	13	85	101:43.9;201:15.4;301:104.3	4102031;4102105;4102902;4102903;3000003	15;3;9;3;500000	101:208;201:72;301:496	1
11700814	117008	14	90	101:46.6;201:16.3;301:110.7	4102031;4102105;4102902;4102903;3000003	15;3;9;3;500000	101:229.5;201:76.5;301:544	1
11700815	117008	15	95	101:49.4;201:17.3;301:117.3	4102031;4102105;4102902;4102903;3000003	15;3;9;3;500000	101:252;201:90;301:594.1	1
12100801	121008	1	15	101:16;201:6;301:35.7				1
12100802	121008	2	25	101:18.2;201:6.8;301:40.5	4102301;3000003	1;30000	101:33;201:12;301:72	1
12100803	121008	3	35	101:20.3;201:7.6;301:45.4	4102011;4102301;4102302;3000003	5;3;3;50000	101:52.5;201:20;301:122.5	1
12100804	121008	4	40	101:22.5;201:8.4;301:50.3	4102021;4102302;4102303;4102901;3000003	10;1;3;1;100000	101:77;201:28;301:171.5	1
12100805	121008	5	45	101:24.7;201:9.2;301:55.1	4102021;4102303;4102304;4102901;3000003	10;5;3;3;200000	101:88.1;201:32;301:192	1
12100806	121008	6	50	101:26.9;201:10;301:60	4102031;4102303;4102304;4102901;3000003	5;3;5;6;300000	101:99;201:36;301:220.5	1
12100807	121008	7	55	101:29;201:10.8;301:64.8	4102031;4102304;4102305;4102901;3000003	10;5;1;9;400000	101:105;201:40;301:240	1
12100808	121008	8	60	101:31.3;201:11.7;301:69.9	4102031;4102305;4102901;4102902;3000003	15;3;9;3;500000	101:126.5;201:49.5;301:280.5	1
12100809	121008	9	65	101:33.6;201:12.6;301:75.1	4102031;4102305;4102901;4102902;3000003	15;3;3;9;500000	101:138;201:54;301:312	1
12100810	121008	10	70	101:36;201:13.4;301:80.4	4102031;4102305;4102902;4102903;3000003	15;3;9;3;500000	101:156;201:52;301:344.5	1
12100811	121008	11	75	101:38.5;201:14.4;301:85.9	4102031;4102305;4102902;4102903;3000003	15;3;9;3;500000	101:175;201:70;301:385	1
12100812	121008	12	80	101:41;201:15.3;301:91.6	4102031;4102305;4102902;4102903;3000003	15;3;9;3;500000	101:187.5;201:67.5;301:427.5	1
12100813	121008	13	85	101:43.6;201:16.3;301:97.4	4102031;4102305;4102902;4102903;3000003	15;3;9;3;500000	101:208;201:80.1;301:464	1
12100814	121008	14	90	101:46.3;201:17.3;301:103.4	4102031;4102305;4102902;4102903;3000003	15;3;9;3;500000	101:229.5;201:85;301:510	1
12100815	121008	15	95	101:49.1;201:18.3;301:109.6	4102031;4102305;4102902;4102903;3000003	15;3;9;3;500000	101:252;201:90;301:558	1
10300601	103006	1	15	101:15.8;201:6;301:35.7				1
10300602	103006	2	25	101:17.9;201:6.8;301:40.5	4102501;3000003	1;30000	101:31.5;201:12;301:72	1
10300603	103006	3	35	101:20.1;201:7.6;301:45.4	4102011;4102501;4102502;3000003	5;3;3;50000	101:55;201:20;301:122.5	1
10300604	103006	4	40	101:22.2;201:8.4;301:50.3	4102021;4102502;4102503;4102901;3000003	10;1;3;1;100000	101:73.6;201:28;301:171.5	1
10300605	103006	5	45	101:24.4;201:9.2;301:55.1	4102021;4102503;4102504;4102901;3000003	10;5;3;3;200000	101:88;201:32;301:192	1
10300606	103006	6	50	101:26.5;201:10;301:60	4102031;4102503;4102504;4102901;3000003	5;3;5;6;300000	101:94.5;201:36;301:220.5	1
10300607	103006	7	55	101:28.6;201:10.8;301:64.8	4102031;4102504;4102505;4102901;3000003	10;5;1;9;400000	101:105;201:40;301:240	1
10300608	103006	8	60	101:30.9;201:11.7;301:69.9	4102031;4102505;4102901;4102902;3000003	15;3;9;3;500000	101:126.5;201:49.5;301:280.5	1
10300609	103006	9	65	101:33.2;201:12.6;301:75.1	4102031;4102505;4102901;4102902;3000003	15;3;3;9;500000	101:138;201:54;301:312	1
10300610	103006	10	70	101:35.5;201:13.4;301:80.4	4102031;4102505;4102902;4102903;3000003	15;3;9;3;500000	101:149.5;201:52;301:344.5	1
10300611	103006	11	75	101:37.9;201:14.4;301:85.9	4102031;4102505;4102902;4102903;3000003	15;3;9;3;500000	101:168;201:70;301:385	1
10300612	103006	12	80	101:40.4;201:15.3;301:91.6	4102031;4102505;4102902;4102903;3000003	15;3;9;3;500000	101:187.5;201:67.5;301:427.5	1
10300613	103006	13	85	101:43;201:16.3;301:97.4	4102031;4102505;4102902;4102903;3000003	15;3;9;3;500000	101:208;201:80.1;301:464	1
10300614	103006	14	90	101:45.7;201:17.3;301:103.4	4102031;4102505;4102902;4102903;3000003	15;3;9;3;500000	101:229.5;201:85;301:510	1
10300615	103006	15	95	101:48.4;201:18.3;301:109.6	4102031;4102505;4102902;4102903;3000003	15;3;9;3;500000	101:243;201:90;301:558	1
10500401	105004	1	15	101:11.5;201:4.4;301:26.4				1
10500402	105004	2	25	101:13;201:5;301:30	4102301;3000003	1;30000	101:22.5;201:9;301:54	1
10500403	105004	3	35	101:14.6;201:5.6;301:33.6	4102011;4102301;4102302;3000003	5;3;3;50000	101:40;201:15;301:90	1
10500404	105004	4	40	101:16.2;201:6.2;301:37.2	4102021;4102302;4102303;4102901;3000003	10;1;3;1;100000	101:56.1;201:21;301:126	1
10500405	105004	5	45	101:17.7;201:6.8;301:40.8	4102021;4102303;4102304;4102901;3000003	10;5;3;3;200000	101:60;201:24;301:144	1
10500406	105004	6	50	101:19.3;201:7.4;301:44.4	4102031;4102303;4102304;4102901;3000003	5;3;5;6;300000	101:72;201:27;301:162	1
10500407	105004	7	55	101:20.8;201:8;301:48	4102031;4102304;4102305;4102901;3000003	10;5;1;9;400000	101:75;201:30;301:180	1
10500408	105004	8	60	101:22.5;201:8.7;301:51.8	4102031;4102305;4102901;4102902;3000003	15;3;9;3;500000	101:93.5;201:38.5;301:209	1
10500409	105004	9	65	101:24.1;201:9.3;301:55.6	4102031;4102305;4102901;4102902;3000003	15;3;3;9;500000	101:96.1;201:36;301:228	1
10500410	105004	10	70	101:25.8;201:10;301:59.6	4102031;4102305;4102902;4102903;3000003	15;3;9;3;500000	101:110.5;201:45.6;301:260	1
10500411	105004	11	75	101:27.6;201:10.6;301:63.6	4102031;4102305;4102902;4102903;3000003	15;3;9;3;500000	101:126;201:42;301:280	1
10500412	105004	12	80	101:29.4;201:11.3;301:67.8	4102031;4102305;4102902;4102903;3000003	15;3;9;3;500000	101:135;201:52.6;301:315	1
10500413	105004	13	85	101:31.3;201:12.1;301:72.2	4102031;4102305;4102902;4102903;3000003	15;3;9;3;500000	101:152;201:64;301:352	1
10500414	105004	14	90	101:33.2;201:12.8;301:76.6	4102031;4102305;4102902;4102903;3000003	15;3;9;3;500000	101:161.5;201:59.5;301:374	1
10500415	105004	15	95	101:35.2;201:13.6;301:81.2	4102031;4102305;4102902;4102903;3000003	15;3;9;3;500000	101:180;201:72.1;301:414	1
10600901	106009	1	15	101:16;201:5.7;301:37.8				1
10600902	106009	2	25	101:18.2;201:6.4;301:42.9	4102201;3000003	1;30000	101:33;201:10.5;301:76.5	1
10600903	106009	3	35	101:20.3;201:7.2;301:48.1	4102011;4102201;4102202;3000003	5;3;3;50000	101:52.5;201:20;301:130	1
10600904	106009	4	40	101:22.5;201:8;301:53.2	4102021;4102202;4102203;4102901;3000003	10;1;3;1;100000	101:77;201:28;301:178.5	1
10600905	106009	5	45	101:24.7;201:8.7;301:58.4	4102021;4102203;4102204;4102901;3000003	10;5;3;3;200000	101:88.1;201:28;301:208	1
10600906	106009	6	50	101:26.9;201:9.5;301:63.5	4102031;4102203;4102204;4102901;3000003	5;3;5;6;300000	101:99;201:36;301:229.5	1
10600907	106009	7	55	101:29;201:10.2;301:68.6	4102031;4102204;4102205;4102901;3000003	10;5;1;9;400000	101:105;201:35;301:255	1
10600908	106009	8	60	101:31.3;201:11;301:74	4102031;4102205;4102901;4102902;3000003	15;3;9;3;500000	101:126.5;201:44;301:297	1
10600909	106009	9	65	101:33.6;201:11.9;301:79.5	4102031;4102205;4102901;4102902;3000003	15;3;3;9;500000	101:138;201:54;301:330	1
10600910	106009	10	70	101:36;201:12.7;301:85.1	4102031;4102205;4102902;4102903;3000003	15;3;9;3;500000	101:156;201:52;301:364	1
10600911	106009	11	75	101:38.5;201:13.6;301:90.9	4102031;4102205;4102902;4102903;3000003	15;3;9;3;500000	101:175;201:63;301:406	1
10600912	106009	12	80	101:41;201:14.5;301:96.9	4102031;4102205;4102902;4102903;3000003	15;3;9;3;500000	101:187.5;201:67.5;301:450	1
10600913	106009	13	85	101:43.6;201:15.4;301:103.1	4102031;4102205;4102902;4102903;3000003	15;3;9;3;500000	101:208;201:72;301:496	1
10600914	106009	14	90	101:46.3;201:16.3;301:109.5	4102031;4102205;4102902;4102903;3000003	15;3;9;3;500000	101:229.5;201:76.5;301:544	1
10600915	106009	15	95	101:49.1;201:17.3;301:116	4102031;4102205;4102902;4102903;3000003	15;3;9;3;500000	101:252;201:90;301:585	1
10701001	107010	1	15	101:16;201:6;301:33.8				1
10701002	107010	2	25	101:18.2;201:6.8;301:38.4	4102301;3000003	1;30000	101:33;201:12;301:69	1
10701003	107010	3	35	101:20.3;201:7.6;301:43	4102011;4102301;4102302;3000003	5;3;3;50000	101:52.5;201:20;301:115	1
10701004	107010	4	40	101:22.5;201:8.4;301:47.6	4102021;4102302;4102303;4102901;3000003	10;1;3;1;100000	101:77;201:28;301:161	1
10701005	107010	5	45	101:24.7;201:9.2;301:52.2	4102021;4102303;4102304;4102901;3000003	10;5;3;3;200000	101:88.1;201:32;301:184	1
10701006	107010	6	50	101:26.9;201:10;301:56.8	4102031;4102303;4102304;4102901;3000003	5;3;5;6;300000	101:99;201:36;301:207	1
10701007	107010	7	55	101:29;201:10.8;301:61.4	4102031;4102304;4102305;4102901;3000003	10;5;1;9;400000	101:105;201:40;301:230	1
10701008	107010	8	60	101:31.3;201:11.7;301:66.2	4102031;4102305;4102901;4102902;3000003	15;3;9;3;500000	101:126.5;201:49.5;301:264	1
10701009	107010	9	65	101:33.6;201:12.6;301:71.1	4102031;4102305;4102901;4102902;3000003	15;3;3;9;500000	101:138;201:54;301:294	1
10701010	107010	10	70	101:36;201:13.4;301:76.2	4102031;4102305;4102902;4102903;3000003	15;3;9;3;500000	101:156;201:52;301:331.5	1
10701011	107010	11	75	101:38.5;201:14.4;301:81.4	4102031;4102305;4102902;4102903;3000003	15;3;9;3;500000	101:175;201:70;301:364	1
10701012	107010	12	80	101:41;201:15.3;301:86.8	4102031;4102305;4102902;4102903;3000003	15;3;9;3;500000	101:187.5;201:67.5;301:405	1
10701013	107010	13	85	101:43.6;201:16.3;301:92.3	4102031;4102305;4102902;4102903;3000003	15;3;9;3;500000	101:208;201:80.1;301:440	1
10701014	107010	14	90	101:46.3;201:17.3;301:98	4102031;4102305;4102902;4102903;3000003	15;3;9;3;500000	101:229.5;201:85;301:484.5	1
10701015	107010	15	95	101:49.1;201:18.3;301:103.8	4102031;4102305;4102902;4102903;3000003	15;3;9;3;500000	101:252;201:90;301:522	1
12300801	123008	1	15	101:14.8;201:6.3;301:48.7				1
12300802	123008	2	25	101:16.8;201:7.2;301:55.3	4102301;3000003	1;30000	101:30;201:13.5;301:99	1
12300803	123008	3	35	101:18.8;201:8;301:61.9	4102011;4102301;4102302;3000003	5;3;3;50000	101:50;201:20;301:165	1
12300804	123008	4	40	101:20.8;201:8.9;301:68.6	4102021;4102302;4102303;4102901;3000003	10;1;3;1;100000	101:70;201:31.5;301:234.5	1
12300805	123008	5	45	101:22.8;201:9.7;301:75.2	4102021;4102303;4102304;4102901;3000003	10;5;3;3;200000	101:80;201:32;301:264	1
12300806	123008	6	50	101:24.8;201:10.6;301:81.8	4102031;4102303;4102304;4102901;3000003	5;3;5;6;300000	101:90;201:40.5;301:297	1
12300807	123008	7	55	101:26.8;201:11.4;301:88.4	4102031;4102304;4102305;4102901;3000003	10;5;1;9;400000	101:100;201:40;301:330	1
12300808	123008	8	60	101:28.9;201:12.3;301:95.3	4102031;4102305;4102901;4102902;3000003	15;3;9;3;500000	101:115.5;201:49.5;301:379.5	1
12300809	123008	9	65	101:31.1;201:13.2;301:102.4	4102031;4102305;4102901;4102902;3000003	15;3;3;9;500000	101:132;201:54;301:426	1
12300810	123008	10	70	101:33.3;201:14.2;301:109.7	4102031;4102305;4102902;4102903;3000003	15;3;9;3;500000	101:143;201:65;301:474.5	1
12300811	123008	11	75	101:35.6;201:15.2;301:117.2	4102031;4102305;4102902;4102903;3000003	15;3;9;3;500000	101:161;201:70;301:525	1
12300812	123008	12	80	101:37.9;201:16.2;301:124.9	4102031;4102305;4102902;4102903;3000003	15;3;9;3;500000	101:172.5;201:75.1;301:577.5	1
12300813	123008	13	85	101:40.3;201:17.2;301:132.9	4102031;4102305;4102902;4102903;3000003	15;3;9;3;500000	101:192;201:80;301:640.1	1
12300814	123008	14	90	101:42.8;201:18.2;301:141	4102031;4102305;4102902;4102903;3000003	15;3;9;3;500000	101:212.5;201:85;301:688.5	1
12300815	123008	15	95	101:45.3;201:19.3;301:149.4	4102031;4102305;4102902;4102903;3000003	15;3;9;3;500000	101:225;201:99;301:756	1
12500801	125008	1	15	101:15;201:6;301:38.1				1
12500802	125008	2	25	101:17;201:6.8;301:43.3	4102301;3000003	1;30000	101:30;201:12;301:78	1
12500803	125008	3	35	101:19.1;201:7.6;301:48.5	4102011;4102301;4102302;3000003	5;3;3;50000	101:52.5;201:20;301:130	1
12500804	125008	4	40	101:21.1;201:8.4;301:53.7	4102021;4102302;4102303;4102901;3000003	10;1;3;1;100000	101:70;201:28;301:182	1
12500805	125008	5	45	101:23.2;201:9.2;301:58.9	4102021;4102303;4102304;4102901;3000003	10;5;3;3;200000	101:84.1;201:32;301:208	1
12500806	125008	6	50	101:25.2;201:10;301:64.1	4102031;4102303;4102304;4102901;3000003	5;3;5;6;300000	101:90;201:36;301:234	1
12500807	125008	7	55	101:27.2;201:10.8;301:69.2	4102031;4102304;4102305;4102901;3000003	10;5;1;9;400000	101:100;201:40;301:255	1
12500808	125008	8	60	101:29.4;201:11.7;301:74.6	4102031;4102305;4102901;4102902;3000003	15;3;9;3;500000	101:121;201:49.5;301:297	1
12500809	125008	9	65	101:31.5;201:12.6;301:80.1	4102031;4102305;4102901;4102902;3000003	15;3;3;9;500000	101:126;201:54;301:330	1
12500810	125008	10	70	101:33.8;201:13.4;301:85.9	4102031;4102305;4102902;4102903;3000003	15;3;9;3;500000	101:149.5;201:52;301:377	1
12500811	125008	11	75	101:36.1;201:14.4;301:91.7	4102031;4102305;4102902;4102903;3000003	15;3;9;3;500000	101:161;201:70;301:406	1
12500812	125008	12	80	101:38.5;201:15.3;301:97.8	4102031;4102305;4102902;4102903;3000003	15;3;9;3;500000	101:180;201:67.5;301:457.6	1
12500813	125008	13	85	101:40.9;201:16.3;301:104	4102031;4102305;4102902;4102903;3000003	15;3;9;3;500000	101:192;201:80.1;301:496	1
12500814	125008	14	90	101:43.4;201:17.3;301:110.4	4102031;4102305;4102902;4102903;3000003	15;3;9;3;500000	101:212.5;201:85;301:544	1
12500815	125008	15	95	101:46;201:18.3;301:117	4102031;4102305;4102902;4102903;3000003	15;3;9;3;500000	101:234;201:90;301:594.1	1
12900801	129008	1	15	101:10.8;201:4.3;301:26.2				1
12900802	129008	2	25	101:12.3;201:4.9;301:29.8	4102201;3000003	1;30000	101:22.5;201:9;301:54	1
12900803	129008	3	35	101:13.8;201:5.5;301:33.4	4102011;4102201;4102202;3000003	5;3;3;50000	101:37.5;201:15;301:90	1
12900804	129008	4	40	101:15.2;201:6.1;301:36.9	4102021;4102202;4102203;4102901;3000003	10;1;3;1;100000	101:49;201:21;301:122.5	1
12900805	129008	5	45	101:16.7;201:6.7;301:40.5	4102021;4102203;4102204;4102901;3000003	10;5;3;3;200000	101:60.1;201:24;301:144	1
12900806	129008	6	50	101:18.2;201:7.3;301:44.1	4102031;4102203;4102204;4102901;3000003	5;3;5;6;300000	101:67.5;201:27;301:162	1
12900807	129008	7	55	101:19.6;201:7.8;301:47.6	4102031;4102204;4102205;4102901;3000003	10;5;1;9;400000	101:70;201:25;301:175	1
12900808	129008	8	60	101:21.2;201:8.5;301:51.3	4102031;4102205;4102901;4102902;3000003	15;3;9;3;500000	101:88.1;201:38.5;301:203.5	1
12900809	129008	9	65	101:22.7;201:9.1;301:55.1	4102031;4102205;4102901;4102902;3000003	15;3;3;9;500000	101:90;201:36;301:228	1
12900810	129008	10	70	101:24.4;201:9.7;301:59.1	4102031;4102205;4102902;4102903;3000003	15;3;9;3;500000	101:110.5;201:39;301:260	1
12900811	129008	11	75	101:26;201:10.4;301:63.1	4102031;4102205;4102902;4102903;3000003	15;3;9;3;500000	101:112;201:49.1;301:280	1
12900812	129008	12	80	101:27.7;201:11.1;301:67.3	4102031;4102205;4102902;4102903;3000003	15;3;9;3;500000	101:127.5;201:52.5;301:315	1
12900813	129008	13	85	101:29.5;201:11.8;301:71.6	4102031;4102205;4102902;4102903;3000003	15;3;9;3;500000	101:144;201:56;301:344	1
12900814	129008	14	90	101:31.3;201:12.5;301:76	4102031;4102205;4102902;4102903;3000003	15;3;9;3;500000	101:153;201:59.6;301:374	1
12900815	129008	15	95	101:33.2;201:13.2;301:80.5	4102031;4102205;4102902;4102903;3000003	15;3;9;3;500000	101:171;201:63;301:405	1
12600801	126008	1	15	101:15.6;201:6;301:36.3				1
12600802	126008	2	25	101:17.7;201:6.8;301:41.2	4102101;3000003	1;30000	101:31.5;201:12;301:73.5	1
12600803	126008	3	35	101:19.8;201:7.7;301:46.2	4102011;4102101;4102102;3000003	5;3;3;50000	101:52.5;201:22.5;301:125	1
12600804	126008	4	40	101:22;201:8.5;301:51.1	4102021;4102102;4102103;4102901;3000003	10;1;3;1;100000	101:77;201:28;301:171.5	1
12600805	126008	5	45	101:24.1;201:9.3;301:56.1	4102021;4102103;4102104;4102901;3000003	10;5;3;3;200000	101:84;201:32;301:200	1
12600806	126008	6	50	101:26.2;201:10.1;301:61	4102031;4102103;4102104;4102901;3000003	5;3;5;6;300000	101:94.4;201:36;301:220.5	1
12600807	126008	7	55	101:28.4;201:11;301:66	4102031;4102104;4102105;4102901;3000003	10;5;1;9;400000	101:110;201:45;301:250	1
12600808	126008	8	60	101:30.6;201:11.8;301:71.1	4102031;4102105;4102901;4102902;3000003	15;3;9;3;500000	101:121;201:44;301:280.5	1
12600809	126008	9	65	101:32.8;201:12.7;301:76.3	4102031;4102105;4102901;4102902;3000003	15;3;3;9;500000	101:132;201:53.9;301:312	1
12600810	126008	10	70	101:35.2;201:13.6;301:81.8	4102031;4102105;4102902;4102903;3000003	15;3;9;3;500000	101:156;201:58.5;301:357.5	1
12600811	126008	11	75	101:37.6;201:14.5;301:87.4	4102031;4102105;4102902;4102903;3000003	15;3;9;3;500000	101:168;201:63;301:392	1
12600812	126008	12	80	101:40.1;201:15.5;301:93.2	4102031;4102105;4102902;4102903;3000003	15;3;9;3;500000	101:187.5;201:75;301:435	1
12600813	126008	13	85	101:42.6;201:16.5;301:99.1	4102031;4102105;4102902;4102903;3000003	15;3;9;3;500000	101:200;201:80;301:471.9	1
12600814	126008	14	90	101:45.2;201:17.5;301:105.2	4102031;4102105;4102902;4102903;3000003	15;3;9;3;500000	101:221;201:85;301:518.5	1
12600815	126008	15	95	101:47.9;201:18.5;301:111.5	4102031;4102105;4102902;4102903;3000003	15;3;9;3;500000	101:243;201:90;301:567	1
13700801	137008	1	15	101:15.2;201:6.3;301:46.6				1
13700802	137008	2	25	101:17.3;201:7.2;301:52.9	4102101;3000003	1;30000	101:31.5;201:13.5;301:94.5	1
13700803	137008	3	35	101:19.4;201:8;301:59.3	4102011;4102101;4102102;3000003	5;3;3;50000	101:52.5;201:20;301:160	1
13700804	137008	4	40	101:21.4;201:8.9;301:65.6	4102021;4102102;4102103;4102901;3000003	10;1;3;1;100000	101:70;201:31.5;301:220.5	1
13700805	137008	5	45	101:23.5;201:9.7;301:72	4102021;4102103;4102104;4102901;3000003	10;5;3;3;200000	101:84;201:32;301:256	1
13700806	137008	6	50	101:25.6;201:10.6;301:78.3	4102031;4102103;4102104;4102901;3000003	5;3;5;6;300000	101:94.6;201:40.5;301:283.5	1
13700807	137008	7	55	101:27.6;201:11.4;301:84.6	4102031;4102104;4102105;4102901;3000003	10;5;1;9;400000	101:100;201:40;301:315	1
13700808	137008	8	60	101:29.8;201:12.3;301:91.2	4102031;4102105;4102901;4102902;3000003	15;3;9;3;500000	101:121;201:49.5;301:363	1
13700809	137008	9	65	101:32;201:13.2;301:98	4102031;4102105;4102901;4102902;3000003	15;3;3;9;500000	101:132;201:54;301:408.1	1
13700810	137008	10	70	101:34.3;201:14.2;301:105	4102031;4102105;4102902;4102903;3000003	15;3;9;3;500000	101:149.5;201:65;301:455	1
13700811	137008	11	75	101:36.6;201:15.2;301:112.1	4102031;4102105;4102902;4102903;3000003	15;3;9;3;500000	101:161;201:70;301:497	1
13700812	137008	12	80	101:39;201:16.2;301:119.5	4102031;4102105;4102902;4102903;3000003	15;3;9;3;500000	101:180;201:75.1;301:555	1
13700813	137008	13	85	101:41.5;201:17.2;301:127.2	4102031;4102105;4102902;4102903;3000003	15;3;9;3;500000	101:200;201:80;301:616	1
13700814	137008	14	90	101:44.1;201:18.2;301:135	4102031;4102105;4102902;4102903;3000003	15;3;9;3;500000	101:221;201:85;301:663.1	1
13700815	137008	15	95	101:46.7;201:19.3;301:143	4102031;4102105;4102902;4102903;3000003	15;3;9;3;500000	101:234;201:99;301:720	1
13500801	135008	1	15	101:12.8;201:7.3;301:50.5				1
13500802	135008	2	25	101:14.5;201:8.3;301:57.4	4102201;3000003	1;30000	101:25.5;201:15;301:103.5	1
13500803	135008	3	35	101:16.3;201:9.3;301:64.3	4102011;4102201;4102202;3000003	5;3;3;50000	101:45;201:25;301:172.5	1
13500804	135008	4	40	101:18;201:10.3;301:71.2	4102021;4102202;4102203;4102901;3000003	10;1;3;1;100000	101:59.5;201:35;301:241.5	1
13500805	135008	5	45	101:19.8;201:11.3;301:78.1	4102021;4102203;4102204;4102901;3000003	10;5;3;3;200000	101:72;201:40;301:276	1
13500806	135008	6	50	101:21.5;201:12.3;301:85	4102031;4102203;4102204;4102901;3000003	5;3;5;6;300000	101:76.5;201:45;301:310.5	1
13500807	135008	7	55	101:23.2;201:13.2;301:91.8	4102031;4102204;4102205;4102901;3000003	10;5;1;9;400000	101:85;201:45;301:340	1
13500808	135008	8	60	101:25;201:14.3;301:99	4102031;4102205;4102901;4102902;3000003	15;3;9;3;500000	101:99;201:60.5;301:396	1
13500809	135008	9	65	101:26.9;201:15.3;301:106.3	4102031;4102205;4102901;4102902;3000003	15;3;3;9;500000	101:114;201:60;301:438	1
13500810	135008	10	70	101:28.8;201:16.4;301:113.9	4102031;4102205;4102902;4102903;3000003	15;3;9;3;500000	101:123.5;201:71.6;301:494	1
13500811	135008	11	75	101:30.8;201:17.5;301:121.7	4102031;4102205;4102902;4102903;3000003	15;3;9;3;500000	101:140;201:77;301:546	1
13500812	135008	12	80	101:32.8;201:18.7;301:129.7	4102031;4102205;4102902;4102903;3000003	15;3;9;3;500000	101:150;201:90.1;301:600	1
13500813	135008	13	85	101:34.9;201:19.9;301:138	4102031;4102205;4102902;4102903;3000003	15;3;9;3;500000	101:168;201:96;301:664.1	1
13500814	135008	14	90	101:37.1;201:21.1;301:146.5	4102031;4102205;4102902;4102903;3000003	15;3;9;3;500000	101:187;201:102;301:722.5	1
13500815	135008	15	95	101:39.3;201:22.4;301:155.2	4102031;4102205;4102902;4102903;3000003	15;3;9;3;500000	101:198;201:117;301:783	1
11600101	116001	1	15	101:11.6;201:7.3;301:51.5				1
11600102	116001	2	25	101:13.2;201:8.3;301:58.5	4102301;3000003	1;30000	101:24;201:15;301:105	1
11600103	116001	3	35	101:14.7;201:9.3;301:65.6	4102011;4102301;4102302;3000003	5;3;3;50000	101:37.5;201:25;301:177.5	1
11600104	116001	4	40	101:16.3;201:10.3;301:72.6	4102021;4102302;4102303;4102901;3000003	10;1;3;1;100000	101:56;201:35;301:245	1
11600105	116001	5	45	101:17.9;201:11.3;301:79.6	4102021;4102303;4102304;4102901;3000003	10;5;3;3;200000	101:64.1;201:40;301:280	1
11600106	116001	6	50	101:19.5;201:12.3;301:86.6	4102031;4102303;4102304;4102901;3000003	5;3;5;6;300000	101:72;201:45;301:315	1
11600107	116001	7	55	101:21;201:13.2;301:93.6	4102031;4102304;4102305;4102901;3000003	10;5;1;9;400000	101:75;201:45;301:350	1
11600108	116001	8	60	101:22.7;201:14.3;301:100.9	4102031;4102305;4102901;4102902;3000003	15;3;9;3;500000	101:93.6;201:60.5;301:401.5	1
11600109	116001	9	65	101:24.4;201:15.3;301:108.4	4102031;4102305;4102901;4102902;3000003	15;3;3;9;500000	101:102;201:60;301:450	1
11600110	116001	10	70	101:26.1;201:16.4;301:116.1	4102031;4102305;4102902;4102903;3000003	15;3;9;3;500000	101:110.5;201:71.6;301:500.5	1
11600111	116001	11	75	101:27.9;201:17.5;301:124.1	4102031;4102305;4102902;4102903;3000003	15;3;9;3;500000	101:126;201:77;301:560	1
11600112	116001	12	80	101:29.7;201:18.7;301:132.3	4102031;4102305;4102902;4102903;3000003	15;3;9;3;500000	101:135;201:90.1;301:615	1
11600113	116001	13	85	101:31.6;201:19.9;301:140.7	4102031;4102305;4102902;4102903;3000003	15;3;9;3;500000	101:152;201:96;301:672	1
11600114	116001	14	90	101:33.5;201:21.1;301:149.3	4102031;4102305;4102902;4102903;3000003	15;3;9;3;500000	101:161.5;201:102;301:731	1
11600115	116001	15	95	101:35.5;201:22.4;301:158.2	4102031;4102305;4102902;4102903;3000003	15;3;9;3;500000	101:180;201:117;301:801	1
14000801	140008	1	15	101:14.8;201:6.2;301:42.8				1
14000802	140008	2	25	101:16.8;201:7;301:48.7	4102101;3000003	1;30000	101:30;201:12;301:88.5	1
14000803	140008	3	35	101:18.8;201:7.9;301:54.5	4102011;4102101;4102102;3000003	5;3;3;50000	101:50;201:22.5;301:145	1
14000804	140008	4	40	101:20.8;201:8.7;301:60.3	4102021;4102102;4102103;4102901;3000003	10;1;3;1;100000	101:70;201:28;301:203	1
14000805	140008	5	45	101:22.8;201:9.6;301:66.2	4102021;4102103;4102104;4102901;3000003	10;5;3;3;200000	101:80;201:36;301:236	1
14000806	140008	6	50	101:24.8;201:10.4;301:72	4102031;4102103;4102104;4102901;3000003	5;3;5;6;300000	101:90;201:36;301:261.1	1
14000807	140008	7	55	101:26.8;201:11.2;301:77.8	4102031;4102104;4102105;4102901;3000003	10;5;1;9;400000	101:100;201:40;301:290	1
14000808	140008	8	60	101:28.9;201:12.1;301:83.9	4102031;4102105;4102901;4102902;3000003	15;3;9;3;500000	101:115.5;201:49.5;301:335.5	1
14000809	140008	9	65	101:31.1;201:13;301:90.1	4102031;4102105;4102901;4102902;3000003	15;3;3;9;500000	101:132;201:54;301:372	1
14000810	140008	10	70	101:33.3;201:13.9;301:96.5	4102031;4102105;4102902;4102903;3000003	15;3;9;3;500000	101:143;201:58.5;301:416	1
14000811	140008	11	75	101:35.6;201:14.9;301:103.1	4102031;4102105;4102902;4102903;3000003	15;3;9;3;500000	101:161;201:70;301:462	1
14000812	140008	12	80	101:37.9;201:15.9;301:109.9	4102031;4102105;4102902;4102903;3000003	15;3;9;3;500000	101:172.5;201:75;301:510	1
14000813	140008	13	85	101:40.3;201:16.9;301:116.9	4102031;4102105;4102902;4102903;3000003	15;3;9;3;500000	101:192;201:80.1;301:560	1
14000814	140008	14	90	101:42.8;201:17.9;301:124.1	4102031;4102105;4102902;4102903;3000003	15;3;9;3;500000	101:212.5;201:85;301:612	1
14000815	140008	15	95	101:45.3;201:19;301:131.5	4102031;4102105;4102902;4102903;3000003	15;3;9;3;500000	101:225;201:99;301:666	1
12900101	129001	1	15	101:16;201:5.8;301:38.4				1
12900102	129001	2	25	101:18.2;201:6.5;301:43.7	4102101;3000003	1;30000	101:33;201:10.5;301:79.6	1
12900103	129001	3	35	101:20.3;201:7.3;301:48.9	4102011;4102101;4102102;3000003	5;3;3;50000	101:52.5;201:20;301:130	1
12900104	129001	4	40	101:22.5;201:8.1;301:54.1	4102021;4102102;4102103;4102901;3000003	10;1;3;1;100000	101:77;201:28;301:182	1
12900105	129001	5	45	101:24.7;201:8.9;301:59.4	4102021;4102103;4102104;4102901;3000003	10;5;3;3;200000	101:88.1;201:32;301:212	1
12900106	129001	6	50	101:26.9;201:9.7;301:64.6	4102031;4102103;4102104;4102901;3000003	5;3;5;6;300000	101:99;201:36;301:234	1
12900107	129001	7	55	101:29;201:10.4;301:69.8	4102031;4102104;4102105;4102901;3000003	10;5;1;9;400000	101:105;201:35.1;301:260	1
12900108	129001	8	60	101:31.3;201:11.3;301:75.3	4102031;4102105;4102901;4102902;3000003	15;3;9;3;500000	101:126.5;201:49.5;301:302.5	1
12900109	129001	9	65	101:33.6;201:12.1;301:80.8	4102031;4102105;4102901;4102902;3000003	15;3;3;9;500000	101:138;201:48;301:330	1
12900110	129001	10	70	101:36;201:12.9;301:86.6	4102031;4102105;4102902;4102903;3000003	15;3;9;3;500000	101:156;201:52;301:377	1
12900111	129001	11	75	101:38.5;201:13.8;301:92.5	4102031;4102105;4102902;4102903;3000003	15;3;9;3;500000	101:175;201:63;301:413	1
12900112	129001	12	80	101:41;201:14.7;301:98.6	4102031;4102105;4102902;4102903;3000003	15;3;9;3;500000	101:187.5;201:67.5;301:457.5	1
12900113	129001	13	85	101:43.6;201:15.7;301:104.9	4102031;4102105;4102902;4102903;3000003	15;3;9;3;500000	101:208;201:80;301:504	1
12900114	129001	14	90	101:46.3;201:16.6;301:111.4	4102031;4102105;4102902;4102903;3000003	15;3;9;3;500000	101:229.5;201:76.6;301:552.5	1
12900115	129001	15	95	101:49.1;201:17.6;301:118	4102031;4102105;4102902;4102903;3000003	15;3;9;3;500000	101:252;201:90;301:594.1	1
10900201	109002	1	15	101:13;201:6.6;301:45.3				1
10900202	109002	2	25	101:14.8;201:7.5;301:51.4	4102401;3000003	1;30000	101:27;201:13.5;301:91.5	1
10900203	109002	3	35	101:16.6;201:8.4;301:57.6	4102011;4102401;4102402;3000003	5;3;3;50000	101:45.1;201:22.5;301:155	1
10900204	109002	4	40	101:18.3;201:9.3;301:63.8	4102021;4102402;4102403;4102901;3000003	10;1;3;1;100000	101:59.5;201:31.5;301:217	1
10900205	109002	5	45	101:20.1;201:10.2;301:69.9	4102021;4102403;4102404;4102901;3000003	10;5;3;3;200000	101:72;201:36;301:244	1
10900206	109002	6	50	101:21.9;201:11.1;301:76.1	4102031;4102403;4102404;4102901;3000003	5;3;5;6;300000	101:81;201:40.5;301:279	1
10900207	109002	7	55	101:23.6;201:12;301:82.2	4102031;4102404;4102405;4102901;3000003	10;5;1;9;400000	101:85;201:45;301:305	1
10900208	109002	8	60	101:25.5;201:13;301:88.6	4102031;4102405;4102901;4102902;3000003	15;3;9;3;500000	101:104.5;201:55;301:352	1
10900209	109002	9	65	101:27.4;201:13.9;301:95.2	4102031;4102405;4102901;4102902;3000003	15;3;3;9;500000	101:114;201:54;301:396	1
10900210	109002	10	70	101:29.3;201:14.9;301:102	4102031;4102405;4102902;4102903;3000003	15;3;9;3;500000	101:123.5;201:65;301:442.1	1
10900211	109002	11	75	101:31.3;201:15.9;301:109	4102031;4102405;4102902;4102903;3000003	15;3;9;3;500000	101:140;201:70;301:490	1
10900212	109002	12	80	101:33.4;201:17;301:116.2	4102031;4102405;4102902;4102903;3000003	15;3;9;3;500000	101:157.5;201:82.5;301:540	1
10900213	109002	13	85	101:35.5;201:18.1;301:123.6	4102031;4102405;4102902;4102903;3000003	15;3;9;3;500000	101:168;201:88.1;301:592	1
10900214	109002	14	90	101:37.7;201:19.2;301:131.2	4102031;4102405;4102902;4102903;3000003	15;3;9;3;500000	101:187;201:93.6;301:646	1
10900215	109002	15	95	101:39.9;201:20.3;301:139	4102031;4102405;4102902;4102903;3000003	15;3;9;3;500000	101:198;201:99;301:702.1	1
11300201	113002	1	15	101:15.8;201:5.8;301:37.4				1
11300202	113002	2	25	101:17.9;201:6.5;301:42.5	4102301;3000003	1;30000	101:31.5;201:10.5;301:76.5	1
11300203	113002	3	35	101:20.1;201:7.3;301:47.6	4102011;4102301;4102302;3000003	5;3;3;50000	101:55;201:20;301:127.5	1
11300204	113002	4	40	101:22.2;201:8.1;301:52.7	4102021;4102302;4102303;4102901;3000003	10;1;3;1;100000	101:73.6;201:28;301:178.5	1
11300205	113002	5	45	101:24.4;201:8.9;301:57.8	4102021;4102303;4102304;4102901;3000003	10;5;3;3;200000	101:88;201:32;301:204	1
11300206	113002	6	50	101:26.5;201:9.7;301:62.9	4102031;4102303;4102304;4102901;3000003	5;3;5;6;300000	101:94.5;201:36;301:229.5	1
11300207	113002	7	55	101:28.6;201:10.4;301:68	4102031;4102304;4102305;4102901;3000003	10;5;1;9;400000	101:105;201:35.1;301:255	1
11300208	113002	8	60	101:30.9;201:11.3;301:73.3	4102031;4102305;4102901;4102902;3000003	15;3;9;3;500000	101:126.5;201:49.5;301:291.5	1
11300209	113002	9	65	101:33.2;201:12.1;301:78.8	4102031;4102305;4102901;4102902;3000003	15;3;3;9;500000	101:138;201:48;301:330	1
11300210	113002	10	70	101:35.5;201:12.9;301:84.4	4102031;4102305;4102902;4102903;3000003	15;3;9;3;500000	101:149.5;201:52;301:364	1
11300211	113002	11	75	101:37.9;201:13.8;301:90.1	4102031;4102305;4102902;4102903;3000003	15;3;9;3;500000	101:168;201:63;301:399	1
11300212	113002	12	80	101:40.4;201:14.7;301:96.1	4102031;4102305;4102902;4102903;3000003	15;3;9;3;500000	101:187.5;201:67.5;301:450	1
11300213	113002	13	85	101:43;201:15.7;301:102.2	4102031;4102305;4102902;4102903;3000003	15;3;9;3;500000	101:208;201:80;301:488	1
11300214	113002	14	90	101:45.7;201:16.6;301:108.5	4102031;4102305;4102902;4102903;3000003	15;3;9;3;500000	101:229.5;201:76.6;301:535.6	1
11300215	113002	15	95	101:48.4;201:17.6;301:115	4102031;4102305;4102902;4102903;3000003	15;3;9;3;500000	101:243;201:90;301:585	1
11400201	114002	1	15	101:12.8;201:7.3;301:50.5				1
11400202	114002	2	25	101:14.5;201:8.3;301:57.4	4102301;3000003	1;30000	101:25.5;201:15;301:103.5	1
11400203	114002	3	35	101:16.3;201:9.3;301:64.3	4102011;4102301;4102302;3000003	5;3;3;50000	101:45;201:25;301:172.5	1
11400204	114002	4	40	101:18;201:10.3;301:71.2	4102021;4102302;4102303;4102901;3000003	10;1;3;1;100000	101:59.5;201:35;301:241.5	1
11400205	114002	5	45	101:19.8;201:11.3;301:78.1	4102021;4102303;4102304;4102901;3000003	10;5;3;3;200000	101:72;201:40;301:276	1
11400206	114002	6	50	101:21.5;201:12.3;301:85	4102031;4102303;4102304;4102901;3000003	5;3;5;6;300000	101:76.5;201:45;301:310.5	1
11400207	114002	7	55	101:23.2;201:13.2;301:91.8	4102031;4102304;4102305;4102901;3000003	10;5;1;9;400000	101:85;201:45;301:340	1
11400208	114002	8	60	101:25;201:14.3;301:99	4102031;4102305;4102901;4102902;3000003	15;3;9;3;500000	101:99;201:60.5;301:396	1
11400209	114002	9	65	101:26.9;201:15.3;301:106.3	4102031;4102305;4102901;4102902;3000003	15;3;3;9;500000	101:114;201:60;301:438	1
11400210	114002	10	70	101:28.8;201:16.4;301:113.9	4102031;4102305;4102902;4102903;3000003	15;3;9;3;500000	101:123.5;201:71.6;301:494	1
11400211	114002	11	75	101:30.8;201:17.5;301:121.7	4102031;4102305;4102902;4102903;3000003	15;3;9;3;500000	101:140;201:77;301:546	1
11400212	114002	12	80	101:32.8;201:18.7;301:129.7	4102031;4102305;4102902;4102903;3000003	15;3;9;3;500000	101:150;201:90.1;301:600	1
11400213	114002	13	85	101:34.9;201:19.9;301:138	4102031;4102305;4102902;4102903;3000003	15;3;9;3;500000	101:168;201:96;301:664.1	1
11400214	114002	14	90	101:37.1;201:21.1;301:146.5	4102031;4102305;4102902;4102903;3000003	15;3;9;3;500000	101:187;201:102;301:722.5	1
11400215	114002	15	95	101:39.3;201:22.4;301:155.2	4102031;4102305;4102902;4102903;3000003	15;3;9;3;500000	101:198;201:117;301:783	1
13800101	138001	1	15	101:11.6;201:8.5;301:51.4				1
13800102	138001	2	25	101:13.2;201:9.7;301:58.5	4102101;3000003	1;30000	101:19.5;201:12;301:76.5	1
13800103	138001	3	35	101:14.8;201:10.9;301:65.5	4102011;4102101;4102102;3000003	5;3;3;50000	101:32.5;201:17.5;301:130	1
13800104	138001	4	40	101:16.4;201:12;301:72.5	4102021;4102102;4102103;4102901;3000003	10;1;3;1;100000	101:45.5;201:24.5;301:182	1
13800105	138001	5	45	101:18;201:13.2;301:79.5	4102021;4102103;4102104;4102901;3000003	10;5;3;3;200000	101:52;201:32;301:204	1
13800106	138001	6	50	101:19.6;201:14.4;301:86.5	4102031;4102103;4102104;4102901;3000003	5;3;5;6;300000	101:58.6;201:31.5;301:234	1
13800107	138001	7	55	101:21.2;201:15.6;301:93.6	4102031;4102104;4102105;4102901;3000003	10;5;1;9;400000	101:65;201:35.1;301:255	1
13800108	138001	8	60	101:22.8;201:16.8;301:100.8	4102031;4102105;4102901;4102902;3000003	15;3;9;3;500000	101:77.1;201:44;301:297	1
13800109	138001	9	65	101:24.5;201:18;301:108.3	4102031;4102105;4102901;4102902;3000003	15;3;3;9;500000	101:84.1;201:48;301:330	1
13800110	138001	10	70	101:26.2;201:19.3;301:116	4102031;4102105;4102902;4102903;3000003	15;3;9;3;500000	101:91;201:52;301:370.5	1
13800111	138001	11	75	101:28;201:20.6;301:124	4102031;4102105;4102902;4102903;3000003	15;3;9;3;500000	101:105;201:56;301:406	1
13800112	138001	12	80	101:29.9;201:22;301:132.2	4102031;4102105;4102902;4102903;3000003	15;3;9;3;500000	101:112.5;201:67.5;301:450	1
13800113	138001	13	85	101:31.8;201:23.4;301:140.6	4102031;4102105;4102902;4102903;3000003	15;3;9;3;500000	101:128;201:72;301:496	1
13800114	138001	14	90	101:33.8;201:24.8;301:149.2	4102031;4102105;4102902;4102903;3000003	15;3;9;3;500000	101:136;201:76.5;301:544	1
13800115	138001	15	95	101:35.8;201:26.3;301:158.1	4102031;4102105;4102902;4102903;3000003	15;3;9;3;500000	101:153;201:81.1;301:585	1
13800801	138008	1	15	101:16.8;201:6.3;301:45.7				1
13800802	138008	2	25	101:19;201:7.2;301:51.9	4102501;3000003	1;30000	101:33;201:13.5;301:93	1
13800803	138008	3	35	101:21.3;201:8;301:58.1	4102011;4102501;4102502;3000003	5;3;3;50000	101:57.5;201:20;301:155	1
13800804	138008	4	40	101:23.6;201:8.9;301:64.4	4102021;4102502;4102503;4102901;3000003	10;1;3;1;100000	101:80.5;201:31.5;301:220.5	1
13800805	138008	5	45	101:25.9;201:9.7;301:70.6	4102021;4102503;4102504;4102901;3000003	10;5;3;3;200000	101:92;201:32;301:248	1
13800806	138008	6	50	101:28.2;201:10.6;301:76.8	4102031;4102503;4102504;4102901;3000003	5;3;5;6;300000	101:103.5;201:40.5;301:279	1
13800807	138008	7	55	101:30.4;201:11.4;301:83	4102031;4102504;4102505;4102901;3000003	10;5;1;9;400000	101:110;201:40;301:310	1
13800808	138008	8	60	101:32.8;201:12.3;301:89.5	4102031;4102505;4102901;4102902;3000003	15;3;9;3;500000	101:132;201:49.5;301:357.5	1
13800809	138008	9	65	101:35.2;201:13.2;301:96.1	4102031;4102505;4102901;4102902;3000003	15;3;3;9;500000	101:144;201:54;301:396	1
13800810	138008	10	70	101:37.7;201:14.2;301:103	4102031;4102505;4102902;4102903;3000003	15;3;9;3;500000	101:162.5;201:65;301:448.5	1
13800811	138008	11	75	101:40.3;201:15.2;301:110	4102031;4102505;4102902;4102903;3000003	15;3;9;3;500000	101:182;201:70;301:490	1
13800812	138008	12	80	101:43;201:16.2;301:117.3	4102031;4102505;4102902;4102903;3000003	15;3;9;3;500000	101:202.5;201:75.1;301:547.5	1
13800813	138008	13	85	101:45.7;201:17.2;301:124.8	4102031;4102505;4102902;4102903;3000003	15;3;9;3;500000	101:216;201:80;301:600	1
13800814	138008	14	90	101:48.5;201:18.2;301:132.4	4102031;4102505;4102902;4102903;3000003	15;3;9;3;500000	101:238;201:85;301:646.1	1
13800815	138008	15	95	101:51.4;201:19.3;301:140.3	4102031;4102505;4102902;4102903;3000003	15;3;9;3;500000	101:261;201:99;301:711	1
80200801	802008	1	15	101:15.7;201:6;301:38.4				1
80200802	802008	2	25	101:17.8;201:6.8;301:43.7	4102101;3000003	1;30000	101:31.5;201:12;301:79.6	1
80200803	802008	3	35	101:19.9;201:7.6;301:48.9	4102011;4102101;4102102;3000003	5;3;3;50000	101:52.5;201:20;301:130	1
80200804	802008	4	40	101:22.1;201:8.4;301:54.1	4102021;4102102;4102103;4102901;3000003	10;1;3;1;100000	101:77;201:28;301:182	1
80200805	802008	5	45	101:24.2;201:9.2;301:59.4	4102021;4102103;4102104;4102901;3000003	10;5;3;3;200000	101:84.1;201:32;301:212	1
80200806	802008	6	50	101:26.3;201:10;301:64.6	4102031;4102103;4102104;4102901;3000003	5;3;5;6;300000	101:94.5;201:36;301:234	1
80200807	802008	7	55	101:28.4;201:10.8;301:69.8	4102031;4102104;4102105;4102901;3000003	10;5;1;9;400000	101:105;201:40;301:260	1
80200808	802008	8	60	101:30.7;201:11.7;301:75.3	4102031;4102105;4102901;4102902;3000003	15;3;9;3;500000	101:126.5;201:49.5;301:302.5	1
80200809	802008	9	65	101:32.9;201:12.6;301:80.8	4102031;4102105;4102901;4102902;3000003	15;3;3;9;500000	101:132;201:54;301:330	1
80200810	802008	10	70	101:35.3;201:13.4;301:86.6	4102031;4102105;4102902;4102903;3000003	15;3;9;3;500000	101:156;201:52;301:377	1
80200811	802008	11	75	101:37.7;201:14.4;301:92.5	4102031;4102105;4102902;4102903;3000003	15;3;9;3;500000	101:168;201:70;301:413	1
80200812	802008	12	80	101:40.2;201:15.3;301:98.6	4102031;4102105;4102902;4102903;3000003	15;3;9;3;500000	101:187.5;201:67.5;301:457.5	1
80200813	802008	13	85	101:42.7;201:16.3;301:104.9	4102031;4102105;4102902;4102903;3000003	15;3;9;3;500000	101:200;201:80.1;301:504	1
80200814	802008	14	90	101:45.3;201:17.3;301:111.4	4102031;4102105;4102902;4102903;3000003	15;3;9;3;500000	101:221;201:85;301:552.5	1
80200815	802008	15	95	101:48;201:18.3;301:118	4102031;4102105;4102902;4102903;3000003	15;3;9;3;500000	101:243;201:90;301:594.1	1
80300801	803008	1	15	101:11.9;201:7.7;301:47				1
80300802	803008	2	25	101:13.5;201:8.8;301:53.4	4102101;3000003	1;30000	101:24;201:16.5;301:96	1
80300803	803008	3	35	101:15.2;201:9.8;301:59.8	4102011;4102101;4102102;3000003	5;3;3;50000	101:42.5;201:25;301:160	1
80300804	803008	4	40	101:16.8;201:10.9;301:66.2	4102021;4102102;4102103;4102901;3000003	10;1;3;1;100000	101:56;201:38.5;301:224	1
80300805	803008	5	45	101:18.4;201:11.9;301:72.6	4102021;4102103;4102104;4102901;3000003	10;5;3;3;200000	101:64.1;201:40;301:256	1
80300806	803008	6	50	101:20;201:13;301:79	4102031;4102103;4102104;4102901;3000003	5;3;5;6;300000	101:72;201:49.5;301:288	1
80300807	803008	7	55	101:21.6;201:14;301:85.4	4102031;4102104;4102105;4102901;3000003	10;5;1;9;400000	101:80.1;201:50;301:320	1
80300808	803008	8	60	101:23.3;201:15.1;301:92.1	4102031;4102105;4102901;4102902;3000003	15;3;9;3;500000	101:93.5;201:60.5;301:368.5	1
80300809	803008	9	65	101:25.1;201:16.3;301:98.9	4102031;4102105;4102901;4102902;3000003	15;3;3;9;500000	101:108;201:72.1;301:408	1
80300810	803008	10	70	101:26.8;201:17.4;301:105.9	4102031;4102105;4102902;4102903;3000003	15;3;9;3;500000	101:110.5;201:71.6;301:455	1
80300811	803008	11	75	101:28.7;201:18.6;301:113.2	4102031;4102105;4102902;4102903;3000003	15;3;9;3;500000	101:133;201:84;301:511	1
80300812	803008	12	80	101:30.6;201:19.8;301:120.7	4102031;4102105;4102902;4102903;3000003	15;3;9;3;500000	101:142.5;201:90;301:562.5	1
80300813	803008	13	85	101:32.5;201:21.1;301:128.4	4102031;4102105;4102902;4102903;3000003	15;3;9;3;500000	101:152;201:104;301:616.1	1
80300814	803008	14	90	101:34.5;201:22.4;301:136.3	4102031;4102105;4102902;4102903;3000003	15;3;9;3;500000	101:170;201:110.5;301:671.5	1
80300815	803008	15	95	101:36.6;201:23.7;301:144.4	4102031;4102105;4102902;4102903;3000003	15;3;9;3;500000	101:189;201:117;301:729.1	1
80100801	801008	1	15	101:8.7;201:6.1;301:37.1				1
80100802	801008	2	25	101:9.9;201:6.9;301:42.2	4102101;3000003	1;30000	101:18;201:12;301:76.5	1
80100803	801008	3	35	101:11.1;201:7.7;301:47.2	4102011;4102101;4102102;3000003	5;3;3;50000	101:30;201:20;301:125	1
80100804	801008	4	40	101:12.3;201:8.6;301:52.3	4102021;4102102;4102103;4102901;3000003	10;1;3;1;100000	101:42;201:31.5;301:178.5	1
80100805	801008	5	45	101:13.5;201:9.4;301:57.3	4102021;4102103;4102104;4102901;3000003	10;5;3;3;200000	101:48;201:32;301:200	1
80100806	801008	6	50	101:14.7;201:10.2;301:62.4	4102031;4102103;4102104;4102901;3000003	5;3;5;6;300000	101:54;201:36;301:229.5	1
80100807	801008	7	55	101:15.8;201:11;301:67.4	4102031;4102104;4102105;4102901;3000003	10;5;1;9;400000	101:55.1;201:40;301:250	1
80100808	801008	8	60	101:17.1;201:11.9;301:72.7	4102031;4102105;4102901;4102902;3000003	15;3;9;3;500000	101:71.5;201:49.5;301:291.5	1
80100809	801008	9	65	101:18.3;201:12.8;301:78.1	4102031;4102105;4102901;4102902;3000003	15;3;3;9;500000	101:72;201:54;301:324	1
80100810	801008	10	70	101:19.6;201:13.7;301:83.6	4102031;4102105;4102902;4102903;3000003	15;3;9;3;500000	101:84.5;201:58.5;301:357.5	1
80100811	801008	11	75	101:21;201:14.6;301:89.4	4102031;4102105;4102902;4102903;3000003	15;3;9;3;500000	101:98;201:63;301:406	1
80100812	801008	12	80	101:22.4;201:15.6;301:95.3	4102031;4102105;4102902;4102903;3000003	15;3;9;3;500000	101:105;201:75;301:442.5	1
80100813	801008	13	85	101:23.8;201:16.6;301:101.3	4102031;4102105;4102902;4102903;3000003	15;3;9;3;500000	101:112;201:80.1;301:480	1
80100814	801008	14	90	101:25.3;201:17.6;301:107.6	4102031;4102105;4102902;4102903;3000003	15;3;9;3;500000	101:127.5;201:85;301:535.5	1
80100815	801008	15	95	101:26.8;201:18.6;301:114	4102031;4102105;4102902;4102903;3000003	15;3;9;3;500000	101:135;201:90;301:576	1
12700101	127001	1	15	101:13;201:7.3;301:49.5				1
12700102	127001	2	25	101:14.8;201:8.3;301:56.3	4102101;3000003	1;30000	101:27;201:15;301:102	1
12700103	127001	3	35	101:16.6;201:9.3;301:63	4102011;4102101;4102102;3000003	5;3;3;50000	101:45.1;201:25;301:167.5	1
12700104	127001	4	40	101:18.3;201:10.3;301:69.8	4102021;4102102;4102103;4102901;3000003	10;1;3;1;100000	101:59.5;201:35;301:238	1
12700105	127001	5	45	101:20.1;201:11.3;301:76.5	4102021;4102103;4102104;4102901;3000003	10;5;3;3;200000	101:72;201:40;301:268	1
12700106	127001	6	50	101:21.9;201:12.3;301:83.3	4102031;4102103;4102104;4102901;3000003	5;3;5;6;300000	101:81;201:45;301:306	1
12700107	127001	7	55	101:23.6;201:13.2;301:90	4102031;4102104;4102105;4102901;3000003	10;5;1;9;400000	101:85;201:45;301:335	1
12700108	127001	8	60	101:25.5;201:14.3;301:97	4102031;4102105;4102901;4102902;3000003	15;3;9;3;500000	101:104.5;201:60.5;301:385	1
12700109	127001	9	65	101:27.4;201:15.3;301:104.2	4102031;4102105;4102901;4102902;3000003	15;3;3;9;500000	101:114;201:60;301:432	1
12700110	127001	10	70	101:29.3;201:16.4;301:111.6	4102031;4102105;4102902;4102903;3000003	15;3;9;3;500000	101:123.5;201:71.6;301:481	1
12700111	127001	11	75	101:31.3;201:17.5;301:119.3	4102031;4102105;4102902;4102903;3000003	15;3;9;3;500000	101:140;201:77;301:539	1
12700112	127001	12	80	101:33.4;201:18.7;301:127.2	4102031;4102105;4102902;4102903;3000003	15;3;9;3;500000	101:157.5;201:90.1;301:592.5	1
12700113	127001	13	85	101:35.5;201:19.9;301:135.3	4102031;4102105;4102902;4102903;3000003	15;3;9;3;500000	101:168;201:96;301:648	1
12700114	127001	14	90	101:37.7;201:21.1;301:143.6	4102031;4102105;4102902;4102903;3000003	15;3;9;3;500000	101:187;201:102;301:705.6	1
12700115	127001	15	95	101:39.9;201:22.4;301:152.1	4102031;4102105;4102902;4102903;3000003	15;3;9;3;500000	101:198;201:117;301:765	1
13600801	136008	1	15	101:13;201:7.3;301:49.5				1
13600802	136008	2	25	101:14.8;201:8.3;301:56.3	4102101;3000003	1;30000	101:27;201:15;301:102	1
13600803	136008	3	35	101:16.6;201:9.3;301:63	4102011;4102101;4102102;3000003	5;3;3;50000	101:45.1;201:25;301:167.5	1
13600804	136008	4	40	101:18.3;201:10.3;301:69.8	4102021;4102102;4102103;4102901;3000003	10;1;3;1;100000	101:59.5;201:35;301:238	1
13600805	136008	5	45	101:20.1;201:11.3;301:76.5	4102021;4102103;4102104;4102901;3000003	10;5;3;3;200000	101:72;201:40;301:268	1
13600806	136008	6	50	101:21.9;201:12.3;301:83.3	4102031;4102103;4102104;4102901;3000003	5;3;5;6;300000	101:81;201:45;301:306	1
13600807	136008	7	55	101:23.6;201:13.2;301:90	4102031;4102104;4102105;4102901;3000003	10;5;1;9;400000	101:85;201:45;301:335	1
13600808	136008	8	60	101:25.5;201:14.3;301:97	4102031;4102105;4102901;4102902;3000003	15;3;9;3;500000	101:104.5;201:60.5;301:385	1
13600809	136008	9	65	101:27.4;201:15.3;301:104.2	4102031;4102105;4102901;4102902;3000003	15;3;3;9;500000	101:114;201:60;301:432	1
13600810	136008	10	70	101:29.3;201:16.4;301:111.6	4102031;4102105;4102902;4102903;3000003	15;3;9;3;500000	101:123.5;201:71.6;301:481	1
13600811	136008	11	75	101:31.3;201:17.5;301:119.3	4102031;4102105;4102902;4102903;3000003	15;3;9;3;500000	101:140;201:77;301:539	1
13600812	136008	12	80	101:33.4;201:18.7;301:127.2	4102031;4102105;4102902;4102903;3000003	15;3;9;3;500000	101:157.5;201:90.1;301:592.5	1
13600813	136008	13	85	101:35.5;201:19.9;301:135.3	4102031;4102105;4102902;4102903;3000003	15;3;9;3;500000	101:168;201:96;301:648	1
13600814	136008	14	90	101:37.7;201:21.1;301:143.6	4102031;4102105;4102902;4102903;3000003	15;3;9;3;500000	101:187;201:102;301:705.6	1
13600815	136008	15	95	101:39.9;201:22.4;301:152.1	4102031;4102105;4102902;4102903;3000003	15;3;9;3;500000	101:198;201:117;301:765	1
10401601	104016	1	15	101:16;201:6;301:37.7				1
10401602	104016	2	25	101:18.2;201:6.8;301:42.8	4102201;3000003	1;30000	101:33;201:12;301:76.5	1
10401603	104016	3	35	101:20.3;201:7.6;301:47.9	4102011;4102201;4102202;3000003	5;3;3;50000	101:52.5;201:20;301:127.5	1
10401604	104016	4	40	101:22.5;201:8.4;301:53.1	4102021;4102202;4102203;4102901;3000003	10;1;3;1;100000	101:77;201:28;301:182	1
10401605	104016	5	45	101:24.7;201:9.2;301:58.2	4102021;4102203;4102204;4102901;3000003	10;5;3;3;200000	101:88.1;201:32;301:204	1
10401606	104016	6	50	101:26.9;201:10;301:63.3	4102031;4102203;4102204;4102901;3000003	5;3;5;6;300000	101:99;201:36;301:229.5	1
10401607	104016	7	55	101:29;201:10.8;301:68.4	4102031;4102204;4102205;4102901;3000003	10;5;1;9;400000	101:105;201:40;301:255	1
10401608	104016	8	60	101:31.3;201:11.7;301:73.8	4102031;4102205;4102901;4102902;3000003	15;3;9;3;500000	101:126.5;201:49.5;301:297	1
10401609	104016	9	65	101:33.6;201:12.6;301:79.2	4102031;4102205;4102901;4102902;3000003	15;3;3;9;500000	101:138;201:54;301:324	1
10401610	104016	10	70	101:36;201:13.4;301:84.9	4102031;4102205;4102902;4102903;3000003	15;3;9;3;500000	101:156;201:52;301:370.5	1
10401611	104016	11	75	101:38.5;201:14.4;301:90.7	4102031;4102205;4102902;4102903;3000003	15;3;9;3;500000	101:175;201:70;301:406	1
10401612	104016	12	80	101:41;201:15.3;301:96.7	4102031;4102205;4102902;4102903;3000003	15;3;9;3;500000	101:187.5;201:67.5;301:450	1
10401613	104016	13	85	101:43.6;201:16.3;301:102.8	4102031;4102205;4102902;4102903;3000003	15;3;9;3;500000	101:208;201:80.1;301:488.1	1
10401614	104016	14	90	101:46.3;201:17.3;301:109.1	4102031;4102205;4102902;4102903;3000003	15;3;9;3;500000	101:229.5;201:85;301:535.5	1
10401615	104016	15	95	101:49.1;201:18.3;301:115.6	4102031;4102205;4102902;4102903;3000003	15;3;9;3;500000	101:252;201:90;301:585	1
10300901	103009	1	15	101:15.7;201:6;301:41.3				1
10300902	103009	2	25	101:17.8;201:6.8;301:46.9	4102201;3000003	1;30000	101:31.5;201:12;301:84	1
10300903	103009	3	35	101:19.9;201:7.6;301:52.5	4102011;4102201;4102202;3000003	5;3;3;50000	101:52.5;201:20;301:140	1
10300904	103009	4	40	101:22.1;201:8.4;301:58.2	4102021;4102202;4102203;4102901;3000003	10;1;3;1;100000	101:77;201:28;301:199.5	1
10300905	103009	5	45	101:24.2;201:9.2;301:63.8	4102021;4102203;4102204;4102901;3000003	10;5;3;3;200000	101:84.1;201:32;301:224	1
10300906	103009	6	50	101:26.3;201:10;301:69.4	4102031;4102203;4102204;4102901;3000003	5;3;5;6;300000	101:94.5;201:36;301:252	1
10300907	103009	7	55	101:28.4;201:10.8;301:75	4102031;4102204;4102205;4102901;3000003	10;5;1;9;400000	101:105;201:40;301:280	1
10300908	103009	8	60	101:30.7;201:11.7;301:80.9	4102031;4102205;4102901;4102902;3000003	15;3;9;3;500000	101:126.5;201:49.5;301:324.5	1
10300909	103009	9	65	101:32.9;201:12.6;301:86.9	4102031;4102205;4102901;4102902;3000003	15;3;3;9;500000	101:132;201:54;301:360	1
10300910	103009	10	70	101:35.3;201:13.4;301:93	4102031;4102205;4102902;4102903;3000003	15;3;9;3;500000	101:156;201:52;301:396.6	1
10300911	103009	11	75	101:37.7;201:14.4;301:99.4	4102031;4102205;4102902;4102903;3000003	15;3;9;3;500000	101:168;201:70;301:448	1
10300912	103009	12	80	101:40.2;201:15.3;301:106	4102031;4102205;4102902;4102903;3000003	15;3;9;3;500000	101:187.5;201:67.5;301:495.1	1
10300913	103009	13	85	101:42.7;201:16.3;301:112.7	4102031;4102205;4102902;4102903;3000003	15;3;9;3;500000	101:200;201:80.1;301:536	1
10300914	103009	14	90	101:45.3;201:17.3;301:119.7	4102031;4102205;4102902;4102903;3000003	15;3;9;3;500000	101:221;201:85;301:595	1
10300915	103009	15	95	101:48;201:18.3;301:126.8	4102031;4102205;4102902;4102903;3000003	15;3;9;3;500000	101:243;201:90;301:639.1	1
10201201	102012	1	15	101:8.5;201:5.4;301:32.4				1
10201202	102012	2	25	101:9.7;201:6.2;301:36.8	4102201;3000003	1;30000	101:18;201:12;301:66.1	1
10201203	102012	3	35	101:10.8;201:6.9;301:41.2	4102011;4102201;4102202;3000003	5;3;3;50000	101:27.5;201:17.5;301:110	1
10201204	102012	4	40	101:12;201:7.6;301:45.6	4102021;4102202;4102203;4102901;3000003	10;1;3;1;100000	101:42;201:24.5;301:154	1
10201205	102012	5	45	101:13.1;201:8.4;301:50	4102021;4102203;4102204;4102901;3000003	10;5;3;3;200000	101:44;201:32;301:176	1
10201206	102012	6	50	101:14.3;201:9.1;301:54.4	4102031;4102203;4102204;4102901;3000003	5;3;5;6;300000	101:54;201:31.5;301:198	1
10201207	102012	7	55	101:15.4;201:9.8;301:58.8	4102031;4102204;4102205;4102901;3000003	10;5;1;9;400000	101:55.1;201:35.1;301:220	1
10201208	102012	8	60	101:16.6;201:10.6;301:63.4	4102031;4102205;4102901;4102902;3000003	15;3;9;3;500000	101:66.1;201:44;301:253	1
10201209	102012	9	65	101:17.9;201:11.4;301:68.1	4102031;4102205;4102901;4102902;3000003	15;3;3;9;500000	101:78;201:48;301:282	1
10201210	102012	10	70	101:19.1;201:12.2;301:73	4102031;4102205;4102902;4102903;3000003	15;3;9;3;500000	101:78;201:52;301:318.5	1
10201211	102012	11	75	101:20.5;201:13;301:78	4102031;4102205;4102902;4102903;3000003	15;3;9;3;500000	101:98;201:56;301:350	1
10201212	102012	12	80	101:21.8;201:13.9;301:83.1	4102031;4102205;4102902;4102903;3000003	15;3;9;3;500000	101:97.6;201:67.5;301:382.5	1
10201213	102012	13	85	101:23.2;201:14.8;301:88.4	4102031;4102205;4102902;4102903;3000003	15;3;9;3;500000	101:112;201:72;301:424	1
10201214	102012	14	90	101:24.6;201:15.7;301:93.8	4102031;4102205;4102902;4102903;3000003	15;3;9;3;500000	101:119;201:76.5;301:459	1
10201215	102012	15	95	101:26.1;201:16.6;301:99.4	4102031;4102205;4102902;4102903;3000003	15;3;9;3;500000	101:135;201:81.1;301:504	1
10101801	101018	1	15	101:14.8;201:6.6;301:42				1
10101802	101018	2	25	101:16.8;201:7.5;301:47.7	4102201;3000003	1;30000	101:30;201:13.5;301:85.5	1
10101803	101018	3	35	101:18.8;201:8.4;301:53.4	4102011;4102201;4102202;3000003	5;3;3;50000	101:50;201:22.5;301:142.5	1
10101804	101018	4	40	101:20.8;201:9.3;301:59.1	4102021;4102202;4102203;4102901;3000003	10;1;3;1;100000	101:70;201:31.5;301:199.5	1
10101805	101018	5	45	101:22.8;201:10.2;301:64.8	4102021;4102203;4102204;4102901;3000003	10;5;3;3;200000	101:80;201:36;301:228	1
10101806	101018	6	50	101:24.8;201:11.1;301:70.5	4102031;4102203;4102204;4102901;3000003	5;3;5;6;300000	101:90;201:40.5;301:256.5	1
10101807	101018	7	55	101:26.8;201:12;301:76.2	4102031;4102204;4102205;4102901;3000003	10;5;1;9;400000	101:100;201:45;301:285	1
10101808	101018	8	60	101:28.9;201:13;301:82.2	4102031;4102205;4102901;4102902;3000003	15;3;9;3;500000	101:115.5;201:55;301:330	1
10101809	101018	9	65	101:31.1;201:13.9;301:88.3	4102031;4102205;4102901;4102902;3000003	15;3;3;9;500000	101:132;201:54;301:366.1	1
10101810	101018	10	70	101:33.3;201:14.9;301:94.5	4102031;4102205;4102902;4102903;3000003	15;3;9;3;500000	101:143;201:65;301:403	1
10101811	101018	11	75	101:35.6;201:15.9;301:101	4102031;4102205;4102902;4102903;3000003	15;3;9;3;500000	101:161;201:70;301:455	1
10101812	101018	12	80	101:37.9;201:17;301:107.7	4102031;4102205;4102902;4102903;3000003	15;3;9;3;500000	101:172.5;201:82.5;301:502.5	1
10101813	101018	13	85	101:40.3;201:18.1;301:114.5	4102031;4102205;4102902;4102903;3000003	15;3;9;3;500000	101:192;201:88.1;301:544.1	1
10101814	101018	14	90	101:42.8;201:19.2;301:121.6	4102031;4102205;4102902;4102903;3000003	15;3;9;3;500000	101:212.5;201:93.6;301:603.5	1
10101815	101018	15	95	101:45.3;201:20.3;301:128.8	4102031;4102205;4102902;4102903;3000003	15;3;9;3;500000	101:225;201:99;301:648	1
14400101	144001	1	15	101:16.3;201:6;301:39.1				1
14400102	144001	2	25	101:18.5;201:6.8;301:44.4	4102101;3000003	1;30000	101:33;201:12;301:79.5	1
14400103	144001	3	35	101:20.8;201:7.6;301:49.7	4102011;4102101;4102102;3000003	5;3;3;50000	101:57.5;201:20;301:132.5	1
14400104	144001	4	40	101:23;201:8.4;301:55.1	4102021;4102102;4102103;4102901;3000003	10;1;3;1;100000	101:77;201:28;301:189	1
14400105	144001	5	45	101:25.2;201:9.2;301:60.4	4102021;4102103;4102104;4102901;3000003	10;5;3;3;200000	101:88.1;201:32;301:212	1
14400106	144001	6	50	101:27.4;201:10;301:65.7	4102031;4102103;4102104;4102901;3000003	5;3;5;6;300000	101:99;201:36;301:238.5	1
14400107	144001	7	55	101:29.6;201:10.8;301:71	4102031;4102104;4102105;4102901;3000003	10;5;1;9;400000	101:110;201:40;301:265.1	1
14400108	144001	8	60	101:31.9;201:11.7;301:76.6	4102031;4102105;4102901;4102902;3000003	15;3;9;3;500000	101:126.5;201:49.5;301:308	1
14400109	144001	9	65	101:34.3;201:12.6;301:82.2	4102031;4102105;4102901;4102902;3000003	15;3;3;9;500000	101:144;201:54;301:336	1
14400110	144001	10	70	101:36.8;201:13.4;301:88.1	4102031;4102105;4102902;4102903;3000003	15;3;9;3;500000	101:162.5;201:52;301:383.5	1
14400111	144001	11	75	101:39.3;201:14.4;301:94.1	4102031;4102105;4102902;4102903;3000003	15;3;9;3;500000	101:175;201:70;301:420	1
14400112	144001	12	80	101:41.9;201:15.3;301:100.3	4102031;4102105;4102902;4102903;3000003	15;3;9;3;500000	101:195;201:67.5;301:465	1
14400113	144001	13	85	101:44.5;201:16.3;301:106.7	4102031;4102105;4102902;4102903;3000003	15;3;9;3;500000	101:208;201:80.1;301:512	1
14400114	144001	14	90	101:47.3;201:17.3;301:113.3	4102031;4102105;4102902;4102903;3000003	15;3;9;3;500000	101:238;201:85;301:561.1	1
14400115	144001	15	95	101:50.1;201:18.3;301:120	4102031;4102105;4102902;4102903;3000003	15;3;9;3;500000	101:252;201:90;301:603	1
14400801	144008	1	15	101:11.5;201:4.4;301:29.6				1
14400802	144008	2	25	101:13;201:5;301:33.7	4102101;3000003	1;30000	101:22.5;201:9;301:61.5	1
14400803	144008	3	35	101:14.6;201:5.6;301:37.7	4102011;4102101;4102102;3000003	5;3;3;50000	101:40;201:15;301:100	1
14400804	144008	4	40	101:16.2;201:6.2;301:41.7	4102021;4102102;4102103;4102901;3000003	10;1;3;1;100000	101:56.1;201:21;301:140	1
14400805	144008	5	45	101:17.7;201:6.8;301:45.8	4102021;4102103;4102104;4102901;3000003	10;5;3;3;200000	101:60;201:24;301:164	1
14400806	144008	6	50	101:19.3;201:7.4;301:49.8	4102031;4102103;4102104;4102901;3000003	5;3;5;6;300000	101:72;201:27;301:180	1
14400807	144008	7	55	101:20.8;201:8;301:53.8	4102031;4102104;4102105;4102901;3000003	10;5;1;9;400000	101:75;201:30;301:200	1
14400808	144008	8	60	101:22.5;201:8.7;301:58	4102031;4102105;4102901;4102902;3000003	15;3;9;3;500000	101:93.5;201:38.5;301:231	1
14400809	144008	9	65	101:24.1;201:9.3;301:62.3	4102031;4102105;4102901;4102902;3000003	15;3;3;9;500000	101:96.1;201:36;301:258	1
14400810	144008	10	70	101:25.8;201:10;301:66.8	4102031;4102105;4102902;4102903;3000003	15;3;9;3;500000	101:110.5;201:45.6;301:292.5	1
14400811	144008	11	75	101:27.6;201:10.6;301:71.3	4102031;4102105;4102902;4102903;3000003	15;3;9;3;500000	101:126;201:42;301:315	1
14400812	144008	12	80	101:29.4;201:11.3;301:76	4102031;4102105;4102902;4102903;3000003	15;3;9;3;500000	101:135;201:52.6;301:352.5	1
14400813	144008	13	85	101:31.3;201:12.1;301:80.9	4102031;4102105;4102902;4102903;3000003	15;3;9;3;500000	101:152;201:64;301:392	1
14400814	144008	14	90	101:33.2;201:12.8;301:85.9	4102031;4102105;4102902;4102903;3000003	15;3;9;3;500000	101:161.5;201:59.5;301:425	1
14400815	144008	15	95	101:35.2;201:13.6;301:91	4102031;4102105;4102902;4102903;3000003	15;3;9;3;500000	101:180;201:72.1;301:459.1	1
80400801	804008	1	15	101:15.7;201:6;301:38.4				1
80400802	804008	2	25	101:17.8;201:6.8;301:43.7	4102301;3000003	1;30000	101:31.5;201:12;301:79.6	1
80400803	804008	3	35	101:19.9;201:7.6;301:48.9	4102011;4102301;4102302;3000003	5;3;3;50000	101:52.5;201:20;301:130	1
80400804	804008	4	40	101:22.1;201:8.4;301:54.1	4102021;4102302;4102303;4102901;3000003	10;1;3;1;100000	101:77;201:28;301:182	1
80400805	804008	5	45	101:24.2;201:9.2;301:59.4	4102021;4102303;4102304;4102901;3000003	10;5;3;3;200000	101:84.1;201:32;301:212	1
80400806	804008	6	50	101:26.3;201:10;301:64.6	4102031;4102303;4102304;4102901;3000003	5;3;5;6;300000	101:94.5;201:36;301:234	1
80400807	804008	7	55	101:28.4;201:10.8;301:69.8	4102031;4102304;4102305;4102901;3000003	10;5;1;9;400000	101:105;201:40;301:260	1
80400808	804008	8	60	101:30.7;201:11.7;301:75.3	4102031;4102305;4102901;4102902;3000003	15;3;9;3;500000	101:126.5;201:49.5;301:302.5	1
80400809	804008	9	65	101:32.9;201:12.6;301:80.8	4102031;4102305;4102901;4102902;3000003	15;3;3;9;500000	101:132;201:54;301:330	1
80400810	804008	10	70	101:35.3;201:13.4;301:86.6	4102031;4102305;4102902;4102903;3000003	15;3;9;3;500000	101:156;201:52;301:377	1
80400811	804008	11	75	101:37.7;201:14.4;301:92.5	4102031;4102305;4102902;4102903;3000003	15;3;9;3;500000	101:168;201:70;301:413	1
80400812	804008	12	80	101:40.2;201:15.3;301:98.6	4102031;4102305;4102902;4102903;3000003	15;3;9;3;500000	101:187.5;201:67.5;301:457.5	1
80400813	804008	13	85	101:42.7;201:16.3;301:104.9	4102031;4102305;4102902;4102903;3000003	15;3;9;3;500000	101:200;201:80.1;301:504	1
80400814	804008	14	90	101:45.3;201:17.3;301:111.4	4102031;4102305;4102902;4102903;3000003	15;3;9;3;500000	101:221;201:85;301:552.5	1
80400815	804008	15	95	101:48;201:18.3;301:118	4102031;4102305;4102902;4102903;3000003	15;3;9;3;500000	101:243;201:90;301:594.1	1
80500801	805008	1	15	101:12.8;201:7.3;301:50.5				1
80500802	805008	2	25	101:14.5;201:8.3;301:57.4	4102301;3000003	1;30000	101:25.5;201:15;301:103.5	1
80500803	805008	3	35	101:16.3;201:9.3;301:64.3	4102011;4102301;4102302;3000003	5;3;3;50000	101:45;201:25;301:172.5	1
80500804	805008	4	40	101:18;201:10.3;301:71.2	4102021;4102302;4102303;4102901;3000003	10;1;3;1;100000	101:59.5;201:35;301:241.5	1
80500805	805008	5	45	101:19.8;201:11.3;301:78.1	4102021;4102303;4102304;4102901;3000003	10;5;3;3;200000	101:72;201:40;301:276	1
80500806	805008	6	50	101:21.5;201:12.3;301:85	4102031;4102303;4102304;4102901;3000003	5;3;5;6;300000	101:76.5;201:45;301:310.5	1
80500807	805008	7	55	101:23.2;201:13.2;301:91.8	4102031;4102304;4102305;4102901;3000003	10;5;1;9;400000	101:85;201:45;301:340	1
80500808	805008	8	60	101:25;201:14.3;301:99	4102031;4102305;4102901;4102902;3000003	15;3;9;3;500000	101:99;201:60.5;301:396	1
80500809	805008	9	65	101:26.9;201:15.3;301:106.3	4102031;4102305;4102901;4102902;3000003	15;3;3;9;500000	101:114;201:60;301:438	1
80500810	805008	10	70	101:28.8;201:16.4;301:113.9	4102031;4102305;4102902;4102903;3000003	15;3;9;3;500000	101:123.5;201:71.6;301:494	1
80500811	805008	11	75	101:30.8;201:17.5;301:121.7	4102031;4102305;4102902;4102903;3000003	15;3;9;3;500000	101:140;201:77;301:546	1
80500812	805008	12	80	101:32.8;201:18.7;301:129.7	4102031;4102305;4102902;4102903;3000003	15;3;9;3;500000	101:150;201:90.1;301:600	1
80500813	805008	13	85	101:34.9;201:19.9;301:138	4102031;4102305;4102902;4102903;3000003	15;3;9;3;500000	101:168;201:96;301:664.1	1
80500814	805008	14	90	101:37.1;201:21.1;301:146.5	4102031;4102305;4102902;4102903;3000003	15;3;9;3;500000	101:187;201:102;301:722.5	1
80500815	805008	15	95	101:39.3;201:22.4;301:155.2	4102031;4102305;4102902;4102903;3000003	15;3;9;3;500000	101:198;201:117;301:783	1
80600801	806008	1	15	101:11.7;201:4.4;301:29.3				1
80600802	806008	2	25	101:13.3;201:5;301:33.3	4102301;3000003	1;30000	101:24;201:9;301:60.1	1
80600803	806008	3	35	101:14.9;201:5.6;301:37.3	4102011;4102301;4102302;3000003	5;3;3;50000	101:40;201:15;301:100	1
80600804	806008	4	40	101:16.5;201:6.2;301:41.3	4102021;4102302;4102303;4102901;3000003	10;1;3;1;100000	101:56;201:21;301:140	1
80600805	806008	5	45	101:18.1;201:6.8;301:45.3	4102021;4102303;4102304;4102901;3000003	10;5;3;3;200000	101:64.1;201:24;301:160	1
80600806	806008	6	50	101:19.7;201:7.4;301:49.3	4102031;4102303;4102304;4102901;3000003	5;3;5;6;300000	101:72.1;201:27;301:180	1
80600807	806008	7	55	101:21.2;201:8;301:53.2	4102031;4102304;4102305;4102901;3000003	10;5;1;9;400000	101:75;201:30;301:195	1
80600808	806008	8	60	101:22.9;201:8.7;301:57.4	4102031;4102305;4102901;4102902;3000003	15;3;9;3;500000	101:93.6;201:38.5;301:231	1
80600809	806008	9	65	101:24.6;201:9.3;301:61.6	4102031;4102305;4102901;4102902;3000003	15;3;3;9;500000	101:102;201:36;301:252	1
80600810	806008	10	70	101:26.3;201:10;301:66	4102031;4102305;4102902;4102903;3000003	15;3;9;3;500000	101:110.5;201:45.6;301:286	1
80600811	806008	11	75	101:28.1;201:10.6;301:70.5	4102031;4102305;4102902;4102903;3000003	15;3;9;3;500000	101:126;201:42;301:315	1
80600812	806008	12	80	101:30;201:11.3;301:75.2	4102031;4102305;4102902;4102903;3000003	15;3;9;3;500000	101:142.5;201:52.6;301:352.5	1
80600813	806008	13	85	101:31.9;201:12.1;301:80	4102031;4102305;4102902;4102903;3000003	15;3;9;3;500000	101:152;201:64;301:384.1	1
80600814	806008	14	90	101:33.9;201:12.8;301:84.9	4102031;4102305;4102902;4102903;3000003	15;3;9;3;500000	101:170;201:59.5;301:416.5	1
80600815	806008	15	95	101:35.9;201:13.6;301:90	4102031;4102305;4102902;4102903;3000003	15;3;9;3;500000	101:180;201:72.1;301:459.1	1
14100801	141008	1	15	101:12.8;201:7.3;301:50.5				1
14100802	141008	2	25	101:14.5;201:8.3;301:57.4	4102301;3000003	1;30000	101:25.5;201:15;301:103.5	1
14100803	141008	3	35	101:16.3;201:9.3;301:64.3	4102011;4102301;4102302;3000003	5;3;3;50000	101:45;201:25;301:172.5	1
14100804	141008	4	40	101:18;201:10.3;301:71.2	4102021;4102302;4102303;4102901;3000003	10;1;3;1;100000	101:59.5;201:35;301:241.5	1
14100805	141008	5	45	101:19.8;201:11.3;301:78.1	4102021;4102303;4102304;4102901;3000003	10;5;3;3;200000	101:72;201:40;301:276	1
14100806	141008	6	50	101:21.5;201:12.3;301:85	4102031;4102303;4102304;4102901;3000003	5;3;5;6;300000	101:76.5;201:45;301:310.5	1
14100807	141008	7	55	101:23.2;201:13.2;301:91.8	4102031;4102304;4102305;4102901;3000003	10;5;1;9;400000	101:85;201:45;301:340	1
14100808	141008	8	60	101:25;201:14.3;301:99	4102031;4102305;4102901;4102902;3000003	15;3;9;3;500000	101:99;201:60.5;301:396	1
14100809	141008	9	65	101:26.9;201:15.3;301:106.3	4102031;4102305;4102901;4102902;3000003	15;3;3;9;500000	101:114;201:60;301:438	1
14100810	141008	10	70	101:28.8;201:16.4;301:113.9	4102031;4102305;4102902;4102903;3000003	15;3;9;3;500000	101:123.5;201:71.6;301:494	1
14100811	141008	11	75	101:30.8;201:17.5;301:121.7	4102031;4102305;4102902;4102903;3000003	15;3;9;3;500000	101:140;201:77;301:546	1
14100812	141008	12	80	101:32.8;201:18.7;301:129.7	4102031;4102305;4102902;4102903;3000003	15;3;9;3;500000	101:150;201:90.1;301:600	1
14100813	141008	13	85	101:34.9;201:19.9;301:138	4102031;4102305;4102902;4102903;3000003	15;3;9;3;500000	101:168;201:96;301:664.1	1
14100814	141008	14	90	101:37.1;201:21.1;301:146.5	4102031;4102305;4102902;4102903;3000003	15;3;9;3;500000	101:187;201:102;301:722.5	1
14100815	141008	15	95	101:39.3;201:22.4;301:155.2	4102031;4102305;4102902;4102903;3000003	15;3;9;3;500000	101:198;201:117;301:783	1
12900201	129002	1	15	101:15.8;201:6;301:35.7				1
12900202	129002	2	25	101:17.9;201:6.8;301:40.5	4102501;3000003	1;30000	101:31.5;201:12;301:72	1
12900203	129002	3	35	101:20.1;201:7.6;301:45.4	4102011;4102501;4102502;3000003	5;3;3;50000	101:55;201:20;301:122.5	1
12900204	129002	4	40	101:22.2;201:8.4;301:50.3	4102021;4102502;4102503;4102901;3000003	10;1;3;1;100000	101:73.6;201:28;301:171.5	1
12900205	129002	5	45	101:24.4;201:9.2;301:55.1	4102021;4102503;4102504;4102901;3000003	10;5;3;3;200000	101:88;201:32;301:192	1
12900206	129002	6	50	101:26.5;201:10;301:60	4102031;4102503;4102504;4102901;3000003	5;3;5;6;300000	101:94.5;201:36;301:220.5	1
12900207	129002	7	55	101:28.6;201:10.8;301:64.8	4102031;4102504;4102505;4102901;3000003	10;5;1;9;400000	101:105;201:40;301:240	1
12900208	129002	8	60	101:30.9;201:11.7;301:69.9	4102031;4102505;4102901;4102902;3000003	15;3;9;3;500000	101:126.5;201:49.5;301:280.5	1
12900209	129002	9	65	101:33.2;201:12.6;301:75.1	4102031;4102505;4102901;4102902;3000003	15;3;3;9;500000	101:138;201:54;301:312	1
12900210	129002	10	70	101:35.5;201:13.4;301:80.4	4102031;4102505;4102902;4102903;3000003	15;3;9;3;500000	101:149.5;201:52;301:344.5	1
12900211	129002	11	75	101:37.9;201:14.4;301:85.9	4102031;4102505;4102902;4102903;3000003	15;3;9;3;500000	101:168;201:70;301:385	1
12900212	129002	12	80	101:40.4;201:15.3;301:91.6	4102031;4102505;4102902;4102903;3000003	15;3;9;3;500000	101:187.5;201:67.5;301:427.5	1
12900213	129002	13	85	101:43;201:16.3;301:97.4	4102031;4102505;4102902;4102903;3000003	15;3;9;3;500000	101:208;201:80.1;301:464	1
12900214	129002	14	90	101:45.7;201:17.3;301:103.4	4102031;4102505;4102902;4102903;3000003	15;3;9;3;500000	101:229.5;201:85;301:510	1
12900215	129002	15	95	101:48.4;201:18.3;301:109.6	4102031;4102505;4102902;4102903;3000003	15;3;9;3;500000	101:243;201:90;301:558	1
12000801	120008	1	15	101:13.5;201:7.3;301:53.1				1
12000802	120008	2	25	101:15.3;201:8.3;301:60.3	4102401;3000003	1;30000	101:27;201:15;301:108	1
12000803	120008	3	35	101:17.1;201:9.3;301:67.5	4102011;4102401;4102402;3000003	5;3;3;50000	101:45.1;201:25;301:180	1
12000804	120008	4	40	101:19;201:10.3;301:74.8	4102021;4102402;4102403;4102901;3000003	10;1;3;1;100000	101:66.5;201:35;301:255.5	1
12000805	120008	5	45	101:20.8;201:11.3;301:82	4102021;4102403;4102404;4102901;3000003	10;5;3;3;200000	101:72;201:40;301:288	1
12000806	120008	6	50	101:22.6;201:12.3;301:89.2	4102031;4102403;4102404;4102901;3000003	5;3;5;6;300000	101:81;201:45;301:324	1
12000807	120008	7	55	101:24.4;201:13.2;301:96.4	4102031;4102404;4102405;4102901;3000003	10;5;1;9;400000	101:90;201:45;301:360.1	1
12000808	120008	8	60	101:26.3;201:14.3;301:103.9	4102031;4102405;4102901;4102902;3000003	15;3;9;3;500000	101:104.5;201:60.5;301:412.5	1
12000809	120008	9	65	101:28.3;201:15.3;301:111.6	4102031;4102405;4102901;4102902;3000003	15;3;3;9;500000	101:120;201:60;301:462	1
12000810	120008	10	70	101:30.3;201:16.4;301:119.6	4102031;4102405;4102902;4102903;3000003	15;3;9;3;500000	101:130;201:71.6;301:520	1
12000811	120008	11	75	101:32.4;201:17.5;301:127.8	4102031;4102405;4102902;4102903;3000003	15;3;9;3;500000	101:147;201:77;301:574	1
12000812	120008	12	80	101:34.5;201:18.7;301:136.2	4102031;4102405;4102902;4102903;3000003	15;3;9;3;500000	101:157.5;201:90.1;301:630	1
12000813	120008	13	85	101:36.7;201:19.9;301:144.9	4102031;4102405;4102902;4102903;3000003	15;3;9;3;500000	101:176;201:96;301:696.1	1
12000814	120008	14	90	101:39;201:21.1;301:153.8	4102031;4102405;4102902;4102903;3000003	15;3;9;3;500000	101:195.5;201:102;301:756.5	1
12000815	120008	15	95	101:41.3;201:22.4;301:163	4102031;4102405;4102902;4102903;3000003	15;3;9;3;500000	101:207;201:117;301:828.1	1
11900801	119008	1	15	101:15.7;201:6;301:37				1
11900802	119008	2	25	101:17.8;201:6.8;301:42	4102301;3000003	1;30000	101:31.5;201:12;301:75	1
11900803	119008	3	35	101:19.9;201:7.6;301:47.1	4102011;4102301;4102302;3000003	5;3;3;50000	101:52.5;201:20;301:127.5	1
11900804	119008	4	40	101:22.1;201:8.4;301:52.1	4102021;4102302;4102303;4102901;3000003	10;1;3;1;100000	101:77;201:28;301:175	1
11900805	119008	5	45	101:24.2;201:9.2;301:57.2	4102021;4102303;4102304;4102901;3000003	10;5;3;3;200000	101:84.1;201:32;301:204	1
11900806	119008	6	50	101:26.3;201:10;301:62.2	4102031;4102303;4102304;4102901;3000003	5;3;5;6;300000	101:94.5;201:36;301:225	1
11900807	119008	7	55	101:28.4;201:10.8;301:67.2	4102031;4102304;4102305;4102901;3000003	10;5;1;9;400000	101:105;201:40;301:250	1
11900808	119008	8	60	101:30.7;201:11.7;301:72.5	4102031;4102305;4102901;4102902;3000003	15;3;9;3;500000	101:126.5;201:49.5;301:291.5	1
11900809	119008	9	65	101:32.9;201:12.6;301:77.8	4102031;4102305;4102901;4102902;3000003	15;3;3;9;500000	101:132;201:54;301:318	1
11900810	119008	10	70	101:35.3;201:13.4;301:83.4	4102031;4102305;4102902;4102903;3000003	15;3;9;3;500000	101:156;201:52;301:364	1
11900811	119008	11	75	101:37.7;201:14.4;301:89.1	4102031;4102305;4102902;4102903;3000003	15;3;9;3;500000	101:168;201:70;301:399	1
11900812	119008	12	80	101:40.2;201:15.3;301:95	4102031;4102305;4102902;4102903;3000003	15;3;9;3;500000	101:187.5;201:67.5;301:442.5	1
11900813	119008	13	85	101:42.7;201:16.3;301:101	4102031;4102305;4102902;4102903;3000003	15;3;9;3;500000	101:200;201:80.1;301:480	1
11900814	119008	14	90	101:45.3;201:17.3;301:107.2	4102031;4102305;4102902;4102903;3000003	15;3;9;3;500000	101:221;201:85;301:527	1
11900815	119008	15	95	101:48;201:18.3;301:113.6	4102031;4102305;4102902;4102903;3000003	15;3;9;3;500000	101:243;201:90;301:576	1
13300801	133008	1	15	101:12.1;201:7.2;301:53				1
13300802	133008	2	25	101:13.7;201:8.2;301:60.2	4102301;3000003	1;30000	101:24;201:15;301:108	1
13300803	133008	3	35	101:15.4;201:9.2;301:67.4	4102011;4102301;4102302;3000003	5;3;3;50000	101:42.5;201:25;301:180	1
13300804	133008	4	40	101:17;201:10.2;301:74.7	4102021;4102302;4102303;4102901;3000003	10;1;3;1;100000	101:56;201:35;301:255.5	1
13300805	133008	5	45	101:18.7;201:11.2;301:81.9	4102021;4102303;4102304;4102901;3000003	10;5;3;3;200000	101:68;201:40;301:288	1
13300806	133008	6	50	101:20.3;201:12.2;301:89.1	4102031;4102303;4102304;4102901;3000003	5;3;5;6;300000	101:72;201:45;301:323.9	1
13300807	133008	7	55	101:22;201:13.2;301:96.4	4102031;4102304;4102305;4102901;3000003	10;5;1;9;400000	101:85;201:50;301:365	1
13300808	133008	8	60	101:23.7;201:14.2;301:103.8	4102031;4102305;4102901;4102902;3000003	15;3;9;3;500000	101:93.5;201:55;301:407	1
13300809	133008	9	65	101:25.4;201:15.2;301:111.5	4102031;4102305;4102901;4102902;3000003	15;3;3;9;500000	101:102;201:60;301:462	1
13300810	133008	10	70	101:27.2;201:16.3;301:119.5	4102031;4102305;4102902;4102903;3000003	15;3;9;3;500000	101:117;201:71.5;301:520	1
13300811	133008	11	75	101:29.1;201:17.4;301:127.7	4102031;4102305;4102902;4102903;3000003	15;3;9;3;500000	101:133;201:76.9;301:574	1
13300812	133008	12	80	101:31;201:18.6;301:136.1	4102031;4102305;4102902;4102903;3000003	15;3;9;3;500000	101:142.5;201:90;301:629.9	1
13300813	133008	13	85	101:33;201:19.8;301:144.8	4102031;4102305;4102902;4102903;3000003	15;3;9;3;500000	101:160;201:95.9;301:696	1
13300814	133008	14	90	101:35;201:21;301:153.7	4102031;4102305;4102902;4102903;3000003	15;3;9;3;500000	101:170;201:102;301:756.4	1
13300815	133008	15	95	101:37.1;201:22.3;301:162.9	4102031;4102305;4102902;4102903;3000003	15;3;9;3;500000	101:189;201:117;301:828	1
10400701	104007	1	15	101:12.4;201:9.1;301:48.7				1
10400702	104007	2	25	101:14.1;201:10.3;301:55.3	4102301;3000003	1;30000	101:25.5;201:18;301:98.9	1
10400703	104007	3	35	101:15.8;201:11.6;301:62	4102011;4102301;4102302;3000003	5;3;3;50000	101:42.5;201:32.5;301:167.5	1
10400704	104007	4	40	101:17.5;201:12.8;301:68.6	4102021;4102302;4102303;4102901;3000003	10;1;3;1;100000	101:59.5;201:42;301:231	1
10400705	104007	5	45	101:19.2;201:14.1;301:75.3	4102021;4102303;4102304;4102901;3000003	10;5;3;3;200000	101:68;201:52;301:268	1
10400706	104007	6	50	101:20.9;201:15.3;301:81.9	4102031;4102303;4102304;4102901;3000003	5;3;5;6;300000	101:76.5;201:54;301:297	1
10400707	104007	7	55	101:22.6;201:16.6;301:88.6	4102031;4102304;4102305;4102901;3000003	10;5;1;9;400000	101:85;201:65;301:334.9	1
10400708	104007	8	60	101:24.3;201:17.8;301:95.4	4102031;4102305;4102901;4102902;3000003	15;3;9;3;500000	101:93.5;201:66;301:374	1
10400709	104007	9	65	101:26.1;201:19.2;301:102.5	4102031;4102305;4102901;4102902;3000003	15;3;3;9;500000	101:108;201:83.9;301:426	1
10400710	104007	10	70	101:28;201:20.5;301:109.8	4102031;4102305;4102902;4102903;3000003	15;3;9;3;500000	101:123.5;201:84.5;301:474.5	1
10400711	104007	11	75	101:29.9;201:21.9;301:117.3	4102031;4102305;4102902;4102903;3000003	15;3;9;3;500000	101:133;201:97.9;301:525	1
10400712	104007	12	80	101:31.9;201:23.4;301:125.1	4102031;4102305;4102902;4102903;3000003	15;3;9;3;500000	101:150;201:112.5;301:585	1
10400713	104007	13	85	101:33.9;201:24.9;301:133.1	4102031;4102305;4102902;4102903;3000003	15;3;9;3;500000	101:160;201:120;301:640	1
10400714	104007	14	90	101:36;201:26.4;301:141.3	4102031;4102305;4102902;4102903;3000003	15;3;9;3;500000	101:178.5;201:127.5;301:697	1
10400715	104007	15	95	101:38.1;201:28;301:149.7	4102031;4102305;4102902;4102903;3000003	15;3;9;3;500000	101:189;201:144;301:755.9	1
10300301	103003	1	15	101:12.7;201:7.2;301:50.4				1
10300302	103003	2	25	101:14.5;201:8.2;301:57.3	4102101;3000003	1;30000	101:27;201:15;301:103.5	1
10300303	103003	3	35	101:16.2;201:9.2;301:64.2	4102011;4102101;4102102;3000003	5;3;3;50000	101:42.5;201:25;301:172.5	1
10300304	103003	4	40	101:17.9;201:10.2;301:71.1	4102021;4102102;4102103;4102901;3000003	10;1;3;1;100000	101:59.5;201:35;301:241.5	1
10300305	103003	5	45	101:19.7;201:11.2;301:78	4102021;4102103;4102104;4102901;3000003	10;5;3;3;200000	101:72;201:40;301:276	1
10300306	103003	6	50	101:21.4;201:12.2;301:84.9	4102031;4102103;4102104;4102901;3000003	5;3;5;6;300000	101:76.5;201:45;301:310.5	1
10300307	103003	7	55	101:23.2;201:13.2;301:91.8	4102031;4102104;4102105;4102901;3000003	10;5;1;9;400000	101:90;201:50;301:345	1
10300308	103003	8	60	101:24.9;201:14.2;301:98.9	4102031;4102105;4102901;4102902;3000003	15;3;9;3;500000	101:93.5;201:55;301:390.5	1
10300309	103003	9	65	101:26.8;201:15.2;301:106.2	4102031;4102105;4102901;4102902;3000003	15;3;3;9;500000	101:114;201:60;301:438	1
10300310	103003	10	70	101:28.7;201:16.3;301:113.8	4102031;4102105;4102902;4102903;3000003	15;3;9;3;500000	101:123.5;201:71.5;301:494	1
10300311	103003	11	75	101:30.7;201:17.4;301:121.6	4102031;4102105;4102902;4102903;3000003	15;3;9;3;500000	101:140;201:76.9;301:546	1
10300312	103003	12	80	101:32.7;201:18.6;301:129.6	4102031;4102105;4102902;4102903;3000003	15;3;9;3;500000	101:150;201:90;301:600	1
10300313	103003	13	85	101:34.8;201:19.8;301:137.9	4102031;4102105;4102902;4102903;3000003	15;3;9;3;500000	101:168;201:95.9;301:664	1
10300314	103003	14	90	101:37;201:21;301:146.4	4102031;4102105;4102902;4102903;3000003	15;3;9;3;500000	101:187;201:102;301:722.5	1
10300315	103003	15	95	101:39.2;201:22.3;301:155.1	4102031;4102105;4102902;4102903;3000003	15;3;9;3;500000	101:198;201:117;301:782.9	1
10301701	103017	1	15	101:16.7;201:5.9;301:36.5				1
10301702	103017	2	25	101:19;201:6.7;301:41.5	4102301;3000003	1;30000	101:34.5;201:12;301:75	1
10301703	103017	3	35	101:21.2;201:7.5;301:46.4	4102011;4102301;4102302;3000003	5;3;3;50000	101:55;201:20;301:122.5	1
10301704	103017	4	40	101:23.5;201:8.3;301:51.4	4102021;4102302;4102303;4102901;3000003	10;1;3;1;100000	101:80.5;201:28;301:175	1
10301705	103017	5	45	101:25.8;201:9.1;301:56.4	4102021;4102303;4102304;4102901;3000003	10;5;3;3;200000	101:92;201:32;301:200	1
10301706	103017	6	50	101:28.1;201:9.9;301:61.4	4102031;4102303;4102304;4102901;3000003	5;3;5;6;300000	101:103.5;201:36;301:225	1
10301707	103017	7	55	101:30.4;201:10.8;301:66.4	4102031;4102304;4102305;4102901;3000003	10;5;1;9;400000	101:115;201:45;301:250	1
10301708	103017	8	60	101:32.7;201:11.6;301:71.5	4102031;4102305;4102901;4102902;3000003	15;3;9;3;500000	101:126.5;201:43.9;301:280.5	1
10301709	103017	9	65	101:35.1;201:12.5;301:76.8	4102031;4102305;4102901;4102902;3000003	15;3;3;9;500000	101:144;201:54;301:318	1
10301710	103017	10	70	101:37.6;201:13.3;301:82.3	4102031;4102305;4102902;4102903;3000003	15;3;9;3;500000	101:162.5;201:52;301:357.5	1
10301711	103017	11	75	101:40.2;201:14.3;301:87.9	4102031;4102305;4102902;4102903;3000003	15;3;9;3;500000	101:182;201:70;301:392	1
10301712	103017	12	80	101:42.9;201:15.2;301:93.7	4102031;4102305;4102902;4102903;3000003	15;3;9;3;500000	101:202.5;201:67.4;301:435	1
10301713	103017	13	85	101:45.6;201:16.2;301:99.7	4102031;4102305;4102902;4102903;3000003	15;3;9;3;500000	101:216;201:80;301:480	1
10301714	103017	14	90	101:48.4;201:17.2;301:105.9	4102031;4102305;4102902;4102903;3000003	15;3;9;3;500000	101:238;201:85;301:527	1
10301715	103017	15	95	101:51.3;201:18.2;301:112.2	4102031;4102305;4102902;4102903;3000003	15;3;9;3;500000	101:261;201:90;301:567	1
10201801	102018	1	15	101:15.6;201:5.9;301:41.2				1
10201802	102018	2	25	101:17.7;201:6.7;301:46.8	4102301;3000003	1;30000	101:31.5;201:12;301:83.9	1
10201803	102018	3	35	101:19.8;201:7.5;301:52.5	4102011;4102301;4102302;3000003	5;3;3;50000	101:52.5;201:20;301:142.5	1
10201804	102018	4	40	101:22;201:8.3;301:58.1	4102021;4102302;4102303;4102901;3000003	10;1;3;1;100000	101:77;201:28;301:196	1
10201805	102018	5	45	101:24.1;201:9.1;301:63.7	4102021;4102303;4102304;4102901;3000003	10;5;3;3;200000	101:84;201:32;301:224	1
10201806	102018	6	50	101:26.2;201:9.9;301:69.3	4102031;4102303;4102304;4102901;3000003	5;3;5;6;300000	101:94.4;201:36;301:252	1
10201807	102018	7	55	101:28.4;201:10.8;301:75	4102031;4102304;4102305;4102901;3000003	10;5;1;9;400000	101:110;201:45;301:285	1
10201808	102018	8	60	101:30.6;201:11.6;301:80.8	4102031;4102305;4102901;4102902;3000003	15;3;9;3;500000	101:121;201:43.9;301:319	1
10201809	102018	9	65	101:32.8;201:12.5;301:86.8	4102031;4102305;4102901;4102902;3000003	15;3;3;9;500000	101:132;201:54;301:360	1
10201810	102018	10	70	101:35.2;201:13.3;301:93	4102031;4102305;4102902;4102903;3000003	15;3;9;3;500000	101:156;201:52;301:403	1
10201811	102018	11	75	101:37.6;201:14.3;301:99.3	4102031;4102305;4102902;4102903;3000003	15;3;9;3;500000	101:168;201:70;301:441	1
10201812	102018	12	80	101:40.1;201:15.2;301:105.9	4102031;4102305;4102902;4102903;3000003	15;3;9;3;500000	101:187.5;201:67.4;301:495	1
10201813	102018	13	85	101:42.6;201:16.2;301:112.6	4102031;4102305;4102902;4102903;3000003	15;3;9;3;500000	101:200;201:80;301:535.9	1
10201814	102018	14	90	101:45.2;201:17.2;301:119.6	4102031;4102305;4102902;4102903;3000003	15;3;9;3;500000	101:221;201:85;301:595	1
10201815	102018	15	95	101:47.9;201:18.2;301:126.7	4102031;4102305;4102902;4102903;3000003	15;3;9;3;500000	101:243;201:90;301:639	1
10101201	101012	1	15	101:15.9;201:5.9;301:38.3				1
10101202	101012	2	25	101:18.1;201:6.7;301:43.6	4102301;3000003	1;30000	101:33;201:12;301:79.5	1
10101203	101012	3	35	101:20.3;201:7.5;301:48.8	4102011;4102301;4102302;3000003	5;3;3;50000	101:55;201:20;301:130	1
10101204	101012	4	40	101:22.4;201:8.3;301:54	4102021;4102302;4102303;4102901;3000003	10;1;3;1;100000	101:73.4;201:28;301:182	1
10101205	101012	5	45	101:24.6;201:9.1;301:59.3	4102021;4102303;4102304;4102901;3000003	10;5;3;3;200000	101:88;201:32;301:212	1
10101206	101012	6	50	101:26.8;201:9.9;301:64.5	4102031;4102303;4102304;4102901;3000003	5;3;5;6;300000	101:99;201:36;301:234	1
10101207	101012	7	55	101:29;201:10.8;301:69.8	4102031;4102304;4102305;4102901;3000003	10;5;1;9;400000	101:110;201:45;301:265	1
10101208	101012	8	60	101:31.2;201:11.6;301:75.2	4102031;4102305;4102901;4102902;3000003	15;3;9;3;500000	101:121;201:43.9;301:297	1
10101209	101012	9	65	101:33.5;201:12.5;301:80.7	4102031;4102305;4102901;4102902;3000003	15;3;3;9;500000	101:138;201:54;301:330	1
10101210	101012	10	70	101:35.9;201:13.3;301:86.5	4102031;4102305;4102902;4102903;3000003	15;3;9;3;500000	101:156;201:52;301:377	1
10101211	101012	11	75	101:38.4;201:14.3;301:92.4	4102031;4102305;4102902;4102903;3000003	15;3;9;3;500000	101:175;201:70;301:413	1
10101212	101012	12	80	101:40.9;201:15.2;301:98.5	4102031;4102305;4102902;4102903;3000003	15;3;9;3;500000	101:187.5;201:67.4;301:457.5	1
10101213	101012	13	85	101:43.5;201:16.2;301:104.8	4102031;4102305;4102902;4102903;3000003	15;3;9;3;500000	101:208;201:80;301:504	1
10101214	101012	14	90	101:46.2;201:17.2;301:111.3	4102031;4102305;4102902;4102903;3000003	15;3;9;3;500000	101:229.5;201:85;301:552.5	1
10101215	101012	15	95	101:49;201:18.2;301:117.9	4102031;4102305;4102902;4102903;3000003	15;3;9;3;500000	101:252;201:90;301:594	1
10400901	104009	1	15	101:9.3;201:5.3;301:37				1
10400902	104009	2	25	101:10.6;201:6.1;301:42.1	4102301;3000003	1;30000	101:19.5;201:12;301:76.5	1
10400903	104009	3	35	101:11.9;201:6.8;301:47.1	4102011;4102301;4102302;3000003	5;3;3;50000	101:32.5;201:17.5;301:125	1
10400904	104009	4	40	101:13.1;201:7.5;301:52.2	4102021;4102302;4102303;4102901;3000003	10;1;3;1;100000	101:42;201:24.5;301:178.5	1
10400905	104009	5	45	101:14.4;201:8.3;301:57.2	4102021;4102303;4102304;4102901;3000003	10;5;3;3;200000	101:52;201:32;301:200	1
10400906	104009	6	50	101:15.7;201:9;301:62.3	4102031;4102303;4102304;4102901;3000003	5;3;5;6;300000	101:58.5;201:31.5;301:229.5	1
10400907	104009	7	55	101:17;201:9.8;301:67.4	4102031;4102304;4102305;4102901;3000003	10;5;1;9;400000	101:65;201:40;301:255	1
10400908	104009	8	60	101:18.3;201:10.5;301:72.6	4102031;4102305;4102901;4102902;3000003	15;3;9;3;500000	101:71.5;201:38.5;301:285.9	1
10400909	104009	9	65	101:19.6;201:11.3;301:78	4102031;4102305;4102901;4102902;3000003	15;3;3;9;500000	101:78;201:48;301:324	1
10400910	104009	10	70	101:21;201:12.1;301:83.5	4102031;4102305;4102902;4102903;3000003	15;3;9;3;500000	101:90.9;201:51.9;301:357.5	1
10400911	104009	11	75	101:22.5;201:12.9;301:89.3	4102031;4102305;4102902;4102903;3000003	15;3;9;3;500000	101:105;201:56;301:406	1
10400912	104009	12	80	101:24;201:13.8;301:95.2	4102031;4102305;4102902;4102903;3000003	15;3;9;3;500000	101:112.5;201:67.5;301:442.5	1
10400913	104009	13	85	101:25.5;201:14.7;301:101.2	4102031;4102305;4102902;4102903;3000003	15;3;9;3;500000	101:120;201:71.9;301:480	1
10400914	104009	14	90	101:27.1;201:15.6;301:107.5	4102031;4102305;4102902;4102903;3000003	15;3;9;3;500000	101:136;201:76.5;301:535.5	1
10400915	104009	15	95	101:28.7;201:16.5;301:113.9	4102031;4102305;4102902;4102903;3000003	15;3;9;3;500000	101:144;201:81;301:576	1
13900801	139008	1	15	101:16;201:6;301:33.8				1
13900802	139008	2	25	101:18.2;201:6.8;301:38.4	4102301;3000003	1;30000	101:33;201:12;301:69	1
13900803	139008	3	35	101:20.3;201:7.6;301:43	4102011;4102301;4102302;3000003	5;3;3;50000	101:52.5;201:20;301:115	1
13900804	139008	4	40	101:22.5;201:8.4;301:47.6	4102021;4102302;4102303;4102901;3000003	10;1;3;1;100000	101:77;201:28;301:161	1
13900805	139008	5	45	101:24.7;201:9.2;301:52.2	4102021;4102303;4102304;4102901;3000003	10;5;3;3;200000	101:88.1;201:32;301:184	1
13900806	139008	6	50	101:26.9;201:10;301:56.8	4102031;4102303;4102304;4102901;3000003	5;3;5;6;300000	101:99;201:36;301:207	1
13900807	139008	7	55	101:29;201:10.8;301:61.4	4102031;4102304;4102305;4102901;3000003	10;5;1;9;400000	101:105;201:40;301:230	1
13900808	139008	8	60	101:31.3;201:11.7;301:66.2	4102031;4102305;4102901;4102902;3000003	15;3;9;3;500000	101:126.5;201:49.5;301:264	1
13900809	139008	9	65	101:33.6;201:12.6;301:71.1	4102031;4102305;4102901;4102902;3000003	15;3;3;9;500000	101:138;201:54;301:294	1
13900810	139008	10	70	101:36;201:13.4;301:76.2	4102031;4102305;4102902;4102903;3000003	15;3;9;3;500000	101:156;201:52;301:331.5	1
13900811	139008	11	75	101:38.5;201:14.4;301:81.4	4102031;4102305;4102902;4102903;3000003	15;3;9;3;500000	101:175;201:70;301:364	1
13900812	139008	12	80	101:41;201:15.3;301:86.8	4102031;4102305;4102902;4102903;3000003	15;3;9;3;500000	101:187.5;201:67.5;301:405	1
13900813	139008	13	85	101:43.6;201:16.3;301:92.3	4102031;4102305;4102902;4102903;3000003	15;3;9;3;500000	101:208;201:80.1;301:440	1
13900814	139008	14	90	101:46.3;201:17.3;301:98	4102031;4102305;4102902;4102903;3000003	15;3;9;3;500000	101:229.5;201:85;301:484.5	1
13900815	139008	15	95	101:49.1;201:18.3;301:103.8	4102031;4102305;4102902;4102903;3000003	15;3;9;3;500000	101:252;201:90;301:522	1
14900801	149008	1	15	101:16.2;201:5.9;301:37.6				1
14900802	149008	2	25	101:18.5;201:6.7;301:42.7	4102201;3000003	1;30000	101:34.5;201:12;301:76.5	1
14900803	149008	3	35	101:20.7;201:7.5;301:47.8	4102011;4102201;4102202;3000003	5;3;3;50000	101:55;201:20;301:127.5	1
14900804	149008	4	40	101:22.9;201:8.3;301:53	4102021;4102202;4102203;4102901;3000003	10;1;3;1;100000	101:77;201:28;301:182	1
14900805	149008	5	45	101:25.1;201:9.1;301:58.1	4102021;4102203;4102204;4102901;3000003	10;5;3;3;200000	101:88;201:32;301:204	1
14900806	149008	6	50	101:27.3;201:9.9;301:63.2	4102031;4102203;4102204;4102901;3000003	5;3;5;6;300000	101:99;201:36;301:229.5	1
14900807	149008	7	55	101:29.6;201:10.8;301:68.4	4102031;4102204;4102205;4102901;3000003	10;5;1;9;400000	101:115;201:45;301:260	1
14900808	149008	8	60	101:31.8;201:11.6;301:73.7	4102031;4102205;4102901;4102902;3000003	15;3;9;3;500000	101:121;201:43.9;301:291.5	1
14900809	149008	9	65	101:34.2;201:12.5;301:79.1	4102031;4102205;4102901;4102902;3000003	15;3;3;9;500000	101:144;201:54;301:323.9	1
14900810	149008	10	70	101:36.7;201:13.3;301:84.8	4102031;4102205;4102902;4102903;3000003	15;3;9;3;500000	101:162.5;201:52;301:370.5	1
14900811	149008	11	75	101:39.2;201:14.3;301:90.6	4102031;4102205;4102902;4102903;3000003	15;3;9;3;500000	101:175;201:70;301:406	1
14900812	149008	12	80	101:41.8;201:15.2;301:96.6	4102031;4102205;4102902;4102903;3000003	15;3;9;3;500000	101:195;201:67.4;301:450	1
14900813	149008	13	85	101:44.4;201:16.2;301:102.7	4102031;4102205;4102902;4102903;3000003	15;3;9;3;500000	101:208;201:80;301:488	1
14900814	149008	14	90	101:47.2;201:17.2;301:109	4102031;4102205;4102902;4102903;3000003	15;3;9;3;500000	101:238;201:85;301:535.5	1
14900815	149008	15	95	101:50;201:18.2;301:115.5	4102031;4102205;4102902;4102903;3000003	15;3;9;3;500000	101:252;201:90;301:585	1
14300801	143008	1	15	101:15.6;201:5.9;301:38.8				1
14300802	143008	2	25	101:17.7;201:6.7;301:44.1	4102201;3000003	1;30000	101:31.5;201:12;301:79.5	1
14300803	143008	3	35	101:19.8;201:7.5;301:49.4	4102011;4102201;4102202;3000003	5;3;3;50000	101:52.5;201:20;301:132.5	1
14300804	143008	4	40	101:22;201:8.3;301:54.7	4102021;4102202;4102203;4102901;3000003	10;1;3;1;100000	101:77;201:28;301:185.5	1
14300805	143008	5	45	101:24.1;201:9.1;301:60	4102021;4102203;4102204;4102901;3000003	10;5;3;3;200000	101:84;201:32;301:212	1
14300806	143008	6	50	101:26.2;201:9.9;301:65.3	4102031;4102203;4102204;4102901;3000003	5;3;5;6;300000	101:94.4;201:36;301:238.5	1
14300807	143008	7	55	101:28.4;201:10.8;301:70.6	4102031;4102204;4102205;4102901;3000003	10;5;1;9;400000	101:110;201:45;301:265	1
14300808	143008	8	60	101:30.6;201:11.6;301:76	4102031;4102205;4102901;4102902;3000003	15;3;9;3;500000	101:121;201:43.9;301:297	1
14300809	143008	9	65	101:32.8;201:12.5;301:81.7	4102031;4102205;4102901;4102902;3000003	15;3;3;9;500000	101:132;201:54;301:342	1
14300810	143008	10	70	101:35.2;201:13.3;301:87.5	4102031;4102205;4102902;4102903;3000003	15;3;9;3;500000	101:156;201:52;301:377	1
14300811	143008	11	75	101:37.6;201:14.3;301:93.5	4102031;4102205;4102902;4102903;3000003	15;3;9;3;500000	101:168;201:70;301:420	1
14300812	143008	12	80	101:40.1;201:15.2;301:99.7	4102031;4102205;4102902;4102903;3000003	15;3;9;3;500000	101:187.5;201:67.4;301:465	1
14300813	143008	13	85	101:42.6;201:16.2;301:106	4102031;4102205;4102902;4102903;3000003	15;3;9;3;500000	101:200;201:80;301:504	1
14300814	143008	14	90	101:45.2;201:17.2;301:112.6	4102031;4102205;4102902;4102903;3000003	15;3;9;3;500000	101:221;201:85;301:561	1
14300815	143008	15	95	101:47.9;201:18.2;301:119.3	4102031;4102205;4102902;4102903;3000003	15;3;9;3;500000	101:243;201:90;301:603	1
12200801	122008	1	15	101:11.2;201:8.9;301:51.4				1
12200802	122008	2	25	101:12.7;201:10.1;301:58.5	4102201;3000003	1;30000	101:22.5;201:18;301:106.5	1
12200803	122008	3	35	101:14.2;201:11.3;301:65.5	4102011;4102201;4102202;3000003	5;3;3;50000	101:37.5;201:30;301:175	1
12200804	122008	4	40	101:15.8;201:12.5;301:72.5	4102021;4102202;4102203;4102901;3000003	10;1;3;1;100000	101:56;201:42;301:245	1
12200805	122008	5	45	101:17.3;201:13.7;301:79.5	4102021;4102203;4102204;4102901;3000003	10;5;3;3;200000	101:60;201:48;301:280	1
12200806	122008	6	50	101:18.8;201:14.9;301:86.5	4102031;4102203;4102204;4102901;3000003	5;3;5;6;300000	101:67.5;201:54;301:315	1
12200807	122008	7	55	101:20.4;201:16.2;301:93.6	4102031;4102204;4102205;4102901;3000003	10;5;1;9;400000	101:79.9;201:64.9;301:355	1
12200808	122008	8	60	101:21.9;201:17.4;301:100.8	4102031;4102205;4102901;4102902;3000003	15;3;9;3;500000	101:82.5;201:66;301:396	1
12200809	122008	9	65	101:23.6;201:18.7;301:108.3	4102031;4102205;4102901;4102902;3000003	15;3;3;9;500000	101:102;201:78;301:450	1
12200810	122008	10	70	101:25.2;201:20;301:116	4102031;4102205;4102902;4102903;3000003	15;3;9;3;500000	101:104;201:84.5;301:500.5	1
12200811	122008	11	75	101:27;201:21.4;301:124	4102031;4102205;4102902;4102903;3000003	15;3;9;3;500000	101:126;201:97.9;301:560	1
12200812	122008	12	80	101:28.8;201:22.8;301:132.2	4102031;4102205;4102902;4102903;3000003	15;3;9;3;500000	101:135;201:105;301:614.9	1
12200813	122008	13	85	101:30.6;201:24.3;301:140.6	4102031;4102205;4102902;4102903;3000003	15;3;9;3;500000	101:144;201:120;301:672	1
12200814	122008	14	90	101:32.5;201:25.8;301:149.2	4102031;4102205;4102902;4102903;3000003	15;3;9;3;500000	101:161.5;201:127.5;301:731	1
12200815	122008	15	95	101:34.4;201:27.3;301:158.1	4102031;4102205;4102902;4102903;3000003	15;3;9;3;500000	101:171;201:135;301:801	1
15200801	152008	1	15	101:14.1;201:6.3;301:48.1				1
15200802	152008	2	25	101:16.1;201:7.2;301:54.7	4102201;3000003	1;30000	101:30;201:13.5;301:99	1
15200803	152008	3	35	101:18;201:8.1;301:61.3	4102011;4102201;4102202;3000003	5;3;3;50000	101:47.5;201:22.5;301:165	1
15200804	152008	4	40	101:19.9;201:8.9;301:67.8	4102021;4102202;4102203;4102901;3000003	10;1;3;1;100000	101:66.4;201:28;301:227.5	1
15200805	152008	5	45	101:21.9;201:9.8;301:74.4	4102021;4102203;4102204;4102901;3000003	10;5;3;3;200000	101:80;201:36;301:264	1
15200806	152008	6	50	101:23.8;201:10.7;301:81	4102031;4102203;4102204;4102901;3000003	5;3;5;6;300000	101:85.5;201:40.4;301:297	1
15200807	152008	7	55	101:25.8;201:11.6;301:87.6	4102031;4102204;4102205;4102901;3000003	10;5;1;9;400000	101:100;201:45;301:330	1
15200808	152008	8	60	101:27.7;201:12.4;301:94.3	4102031;4102205;4102901;4102902;3000003	15;3;9;3;500000	101:104.5;201:44;301:368.5	1
15200809	152008	9	65	101:29.8;201:13.4;301:101.3	4102031;4102205;4102901;4102902;3000003	15;3;3;9;500000	101:126;201:60;301:420	1
15200810	152008	10	70	101:31.9;201:14.3;301:108.6	4102031;4102205;4102902;4102903;3000003	15;3;9;3;500000	101:136.5;201:58.5;301:474.5	1
15200811	152008	11	75	101:34.1;201:15.3;301:116	4102031;4102205;4102902;4102903;3000003	15;3;9;3;500000	101:154;201:70;301:518	1
15200812	152008	12	80	101:36.4;201:16.3;301:123.7	4102031;4102205;4102902;4102903;3000003	15;3;9;3;500000	101:172.5;201:75;301:577.5	1
15200813	152008	13	85	101:38.7;201:17.4;301:131.6	4102031;4102205;4102902;4102903;3000003	15;3;9;3;500000	101:184;201:87.9;301:631.9	1
15200814	152008	14	90	101:41.1;201:18.5;301:139.7	4102031;4102205;4102902;4102903;3000003	15;3;9;3;500000	101:204;201:93.5;301:688.5	1
15200815	152008	15	95	101:43.6;201:19.6;301:148	4102031;4102205;4102902;4102903;3000003	15;3;9;3;500000	101:225;201:99;301:747	1
13500101	135001	1	15	101:12.8;201:7.3;301:50.5				1
13500102	135001	2	25	101:14.5;201:8.3;301:57.4	4102101;3000003	1;30000	101:25.5;201:15;301:103.5	1
13500103	135001	3	35	101:16.3;201:9.3;301:64.3	4102011;4102101;4102102;3000003	5;3;3;50000	101:45;201:25;301:172.5	1
13500104	135001	4	40	101:18;201:10.3;301:71.2	4102021;4102102;4102103;4102901;3000003	10;1;3;1;100000	101:59.5;201:35;301:241.5	1
13500105	135001	5	45	101:19.8;201:11.3;301:78.1	4102021;4102103;4102104;4102901;3000003	10;5;3;3;200000	101:72;201:40;301:276	1
13500106	135001	6	50	101:21.5;201:12.3;301:85	4102031;4102103;4102104;4102901;3000003	5;3;5;6;300000	101:76.5;201:45;301:310.5	1
13500107	135001	7	55	101:23.2;201:13.2;301:91.8	4102031;4102104;4102105;4102901;3000003	10;5;1;9;400000	101:85;201:45;301:340	1
13500108	135001	8	60	101:25;201:14.3;301:99	4102031;4102105;4102901;4102902;3000003	15;3;9;3;500000	101:99;201:60.5;301:396	1
13500109	135001	9	65	101:26.9;201:15.3;301:106.3	4102031;4102105;4102901;4102902;3000003	15;3;3;9;500000	101:114;201:60;301:438	1
13500110	135001	10	70	101:28.8;201:16.4;301:113.9	4102031;4102105;4102902;4102903;3000003	15;3;9;3;500000	101:123.5;201:71.6;301:494	1
13500111	135001	11	75	101:30.8;201:17.5;301:121.7	4102031;4102105;4102902;4102903;3000003	15;3;9;3;500000	101:140;201:77;301:546	1
13500112	135001	12	80	101:32.8;201:18.7;301:129.7	4102031;4102105;4102902;4102903;3000003	15;3;9;3;500000	101:150;201:90.1;301:600	1
13500113	135001	13	85	101:34.9;201:19.9;301:138	4102031;4102105;4102902;4102903;3000003	15;3;9;3;500000	101:168;201:96;301:664.1	1
13500114	135001	14	90	101:37.1;201:21.1;301:146.5	4102031;4102105;4102902;4102903;3000003	15;3;9;3;500000	101:187;201:102;301:722.5	1
13500115	135001	15	95	101:39.3;201:22.4;301:155.2	4102031;4102105;4102902;4102903;3000003	15;3;9;3;500000	101:198;201:117;301:783	1
10401301	104013	1	15	101:15.7;201:5.7;301:37.4				1
10401302	104013	2	25	101:17.8;201:6.5;301:42.5	4102201;3000003	1;30000	101:31.5;201:12;301:76.5	1
10401303	104013	3	35	101:20;201:7.2;301:47.6	4102011;4102201;4102202;3000003	5;3;3;50000	101:55;201:17.5;301:127.5	1
10401304	104013	4	40	101:22.1;201:8;301:52.7	4102021;4102202;4102203;4102901;3000003	10;1;3;1;100000	101:73.5;201:28;301:178.5	1
10401305	104013	5	45	101:24.3;201:8.8;301:57.8	4102021;4102203;4102204;4102901;3000003	10;5;3;3;200000	101:88;201:32;301:204	1
10401306	104013	6	50	101:26.4;201:9.6;301:62.9	4102031;4102203;4102204;4102901;3000003	5;3;5;6;300000	101:94.4;201:36;301:229.5	1
10401307	104013	7	55	101:28.6;201:10.4;301:68	4102031;4102204;4102205;4102901;3000003	10;5;1;9;400000	101:110;201:40;301:255	1
10401308	104013	8	60	101:30.8;201:11.2;301:73.2	4102031;4102205;4102901;4102902;3000003	15;3;9;3;500000	101:121;201:43.9;301:286	1
10401309	104013	9	65	101:33.1;201:12;301:78.7	4102031;4102205;4102901;4102902;3000003	15;3;3;9;500000	101:138;201:48;301:330	1
10401310	104013	10	70	101:35.4;201:12.8;301:84.3	4102031;4102205;4102902;4102903;3000003	15;3;9;3;500000	101:149.5;201:52;301:364	1
10401311	104013	11	75	101:37.8;201:13.7;301:90.1	4102031;4102205;4102902;4102903;3000003	15;3;9;3;500000	101:168;201:62.9;301:406	1
10401312	104013	12	80	101:40.3;201:14.6;301:96	4102031;4102205;4102902;4102903;3000003	15;3;9;3;500000	101:187.5;201:67.5;301:442.5	1
10401313	104013	13	85	101:42.9;201:15.6;301:102.1	4102031;4102205;4102902;4102903;3000003	15;3;9;3;500000	101:208;201:80;301:488	1
10401314	104013	14	90	101:45.6;201:16.5;301:108.4	4102031;4102205;4102902;4102903;3000003	15;3;9;3;500000	101:229.5;201:76.5;301:535.5	1
10401315	104013	15	95	101:48.3;201:17.5;301:114.9	4102031;4102205;4102902;4102903;3000003	15;3;9;3;500000	101:243;201:90;301:585	1
10601101	106011	1	15	101:11.6;201:4.4;301:29.2				1
10601102	106011	2	25	101:13.2;201:5;301:33.2	4102201;3000003	1;30000	101:24;201:8.9;301:60	1
10601103	106011	3	35	101:14.8;201:5.6;301:37.2	4102011;4102201;4102202;3000003	5;3;3;50000	101:40;201:15;301:100	1
10601104	106011	4	40	101:16.4;201:6.2;301:41.2	4102021;4102202;4102203;4102901;3000003	10;1;3;1;100000	101:55.9;201:21;301:140	1
10601105	106011	5	45	101:18;201:6.8;301:45.2	4102021;4102203;4102204;4102901;3000003	10;5;3;3;200000	101:64;201:24;301:160	1
10601106	106011	6	50	101:19.6;201:7.4;301:49.2	4102031;4102203;4102204;4102901;3000003	5;3;5;6;300000	101:72;201:27;301:180	1
10601107	106011	7	55	101:21.2;201:8;301:53.2	4102031;4102204;4102205;4102901;3000003	10;5;1;9;400000	101:79.9;201:30;301:200	1
10601108	106011	8	60	101:22.8;201:8.6;301:57.3	4102031;4102205;4102901;4102902;3000003	15;3;9;3;500000	101:88;201:33;301:225.5	1
10601109	106011	9	65	101:24.5;201:9.2;301:61.5	4102031;4102205;4102901;4102902;3000003	15;3;3;9;500000	101:102;201:36;301:252	1
10601110	106011	10	70	101:26.2;201:9.9;301:65.9	4102031;4102205;4102902;4102903;3000003	15;3;9;3;500000	101:110.5;201:45.5;301:286	1
10601111	106011	11	75	101:28;201:10.6;301:70.4	4102031;4102205;4102902;4102903;3000003	15;3;9;3;500000	101:126;201:49;301:315	1
10601112	106011	12	80	101:29.9;201:11.3;301:75.1	4102031;4102205;4102902;4102903;3000003	15;3;9;3;500000	101:142.5;201:52.5;301:352.4	1
10601113	106011	13	85	101:31.8;201:12;301:79.9	4102031;4102205;4102902;4102903;3000003	15;3;9;3;500000	101:152;201:55.9;301:384	1
10601114	106011	14	90	101:33.8;201:12.7;301:84.8	4102031;4102205;4102902;4102903;3000003	15;3;9;3;500000	101:170;201:59.4;301:416.4	1
10601115	106011	15	95	101:35.8;201:13.5;301:89.9	4102031;4102205;4102902;4102903;3000003	15;3;9;3;500000	101:180;201:72;301:459	1
15300801	153008	1	15	101:16.7;201:5.9;301:37.4				1
15300802	153008	2	25	101:19;201:6.7;301:42.5	4102501;3000003	1;30000	101:34.5;201:12;301:76.5	1
15300803	153008	3	35	101:21.2;201:7.5;301:47.6	4102011;4102501;4102502;3000003	5;3;3;50000	101:55;201:20;301:127.5	1
15300804	153008	4	40	101:23.5;201:8.3;301:52.7	4102021;4102502;4102503;4102901;3000003	10;1;3;1;100000	101:80.5;201:28;301:178.5	1
15300805	153008	5	45	101:25.8;201:9.1;301:57.8	4102021;4102503;4102504;4102901;3000003	10;5;3;3;200000	101:92;201:32;301:204	1
15300806	153008	6	50	101:28.1;201:9.9;301:62.9	4102031;4102503;4102504;4102901;3000003	5;3;5;6;300000	101:103.5;201:36;301:229.5	1
15300807	153008	7	55	101:30.4;201:10.8;301:68	4102031;4102504;4102505;4102901;3000003	10;5;1;9;400000	101:115;201:45;301:255	1
15300808	153008	8	60	101:32.7;201:11.6;301:73.2	4102031;4102505;4102901;4102902;3000003	15;3;9;3;500000	101:126.5;201:43.9;301:286	1
15300809	153008	9	65	101:35.1;201:12.5;301:78.7	4102031;4102505;4102901;4102902;3000003	15;3;3;9;500000	101:144;201:54;301:330	1
15300810	153008	10	70	101:37.6;201:13.3;301:84.3	4102031;4102505;4102902;4102903;3000003	15;3;9;3;500000	101:162.5;201:52;301:364	1
15300811	153008	11	75	101:40.2;201:14.3;301:90.1	4102031;4102505;4102902;4102903;3000003	15;3;9;3;500000	101:182;201:70;301:406	1
15300812	153008	12	80	101:42.9;201:15.2;301:96	4102031;4102505;4102902;4102903;3000003	15;3;9;3;500000	101:202.5;201:67.4;301:442.5	1
15300813	153008	13	85	101:45.6;201:16.2;301:102.1	4102031;4102505;4102902;4102903;3000003	15;3;9;3;500000	101:216;201:80;301:488	1
15300814	153008	14	90	101:48.4;201:17.2;301:108.4	4102031;4102505;4102902;4102903;3000003	15;3;9;3;500000	101:238;201:85;301:535.5	1
15300815	153008	15	95	101:51.3;201:18.2;301:114.9	4102031;4102505;4102902;4102903;3000003	15;3;9;3;500000	101:261;201:90;301:585	1
15100801	151008	1	15	101:15.7;201:5.7;301:35.9				1
15100802	151008	2	25	101:17.8;201:6.5;301:40.8	4102201;3000003	1;30000	101:31.5;201:12;301:73.5	1
15100803	151008	3	35	101:20;201:7.2;301:45.7	4102011;4102201;4102202;3000003	5;3;3;50000	101:55;201:17.5;301:122.5	1
15100804	151008	4	40	101:22.1;201:8;301:50.6	4102021;4102202;4102203;4102901;3000003	10;1;3;1;100000	101:73.5;201:28;301:171.5	1
15100805	151008	5	45	101:24.3;201:8.8;301:55.5	4102021;4102203;4102204;4102901;3000003	10;5;3;3;200000	101:88;201:32;301:196	1
15100806	151008	6	50	101:26.4;201:9.6;301:60.4	4102031;4102203;4102204;4102901;3000003	5;3;5;6;300000	101:94.4;201:36;301:220.5	1
15100807	151008	7	55	101:28.6;201:10.4;301:65.4	4102031;4102204;4102205;4102901;3000003	10;5;1;9;400000	101:110;201:40;301:250	1
15100808	151008	8	60	101:30.8;201:11.2;301:70.4	4102031;4102205;4102901;4102902;3000003	15;3;9;3;500000	101:121;201:43.9;301:275	1
15100809	151008	9	65	101:33.1;201:12;301:75.7	4102031;4102205;4102901;4102902;3000003	15;3;3;9;500000	101:138;201:48;301:318	1
15100810	151008	10	70	101:35.4;201:12.8;301:81	4102031;4102205;4102902;4102903;3000003	15;3;9;3;500000	101:149.5;201:52;301:344.5	1
15100811	151008	11	75	101:37.8;201:13.7;301:86.6	4102031;4102205;4102902;4102903;3000003	15;3;9;3;500000	101:168;201:62.9;301:392	1
15100812	151008	12	80	101:40.3;201:14.6;301:92.3	4102031;4102205;4102902;4102903;3000003	15;3;9;3;500000	101:187.5;201:67.5;301:427.5	1
15100813	151008	13	85	101:42.9;201:15.6;301:98.2	4102031;4102205;4102902;4102903;3000003	15;3;9;3;500000	101:208;201:80;301:472	1
15100814	151008	14	90	101:45.6;201:16.5;301:104.3	4102031;4102205;4102902;4102903;3000003	15;3;9;3;500000	101:229.5;201:76.5;301:518.5	1
15100815	151008	15	95	101:48.3;201:17.5;301:110.5	4102031;4102205;4102902;4102903;3000003	15;3;9;3;500000	101:243;201:90;301:558	1
15000801	150008	1	15	101:11.9;201:7;301:47.4				1
15000802	150008	2	25	101:13.6;201:8;301:53.8	4102201;3000003	1;30000	101:25.5;201:15;301:96	1
15000803	150008	3	35	101:15.2;201:8.9;301:60.3	4102011;4102201;4102202;3000003	5;3;3;50000	101:40;201:22.5;301:162.5	1
15000804	150008	4	40	101:16.8;201:9.9;301:66.8	4102021;4102202;4102203;4102901;3000003	10;1;3;1;100000	101:56;201:35;301:227.5	1
15000805	150008	5	45	101:18.5;201:10.8;301:73.2	4102021;4102203;4102204;4102901;3000003	10;5;3;3;200000	101:68;201:36;301:256	1
15000806	150008	6	50	101:20.1;201:11.8;301:79.7	4102031;4102203;4102204;4102901;3000003	5;3;5;6;300000	101:72;201:45;301:292.5	1
15000807	150008	7	55	101:21.8;201:12.8;301:86.2	4102031;4102204;4102205;4102901;3000003	10;5;1;9;400000	101:85;201:50;301:325	1
15000808	150008	8	60	101:23.4;201:13.7;301:92.8	4102031;4102205;4102901;4102902;3000003	15;3;9;3;500000	101:87.9;201:49.4;301:363	1
15000809	150008	9	65	101:25.2;201:14.8;301:99.7	4102031;4102205;4102901;4102902;3000003	15;3;3;9;500000	101:108;201:66;301:414	1
15000810	150008	10	70	101:27;201:15.8;301:106.8	4102031;4102205;4102902;4102903;3000003	15;3;9;3;500000	101:117;201:65;301:461.5	1
15000811	150008	11	75	101:28.8;201:16.9;301:114.2	4102031;4102205;4102902;4102903;3000003	15;3;9;3;500000	101:126;201:76.9;301:518	1
15000812	150008	12	80	101:30.7;201:18;301:121.7	4102031;4102205;4102902;4102903;3000003	15;3;9;3;500000	101:142.5;201:82.5;301:562.5	1
15000813	150008	13	85	101:32.7;201:19.2;301:129.5	4102031;4102205;4102902;4102903;3000003	15;3;9;3;500000	101:160;201:95.9;301:624	1
15000814	150008	14	90	101:34.7;201:20.4;301:137.4	4102031;4102205;4102902;4102903;3000003	15;3;9;3;500000	101:170;201:102;301:671.5	1
15000815	150008	15	95	101:36.8;201:21.6;301:145.6	4102031;4102205;4102902;4102903;3000003	15;3;9;3;500000	101:188.9;201:108;301:737.9	1
14800801	148008	1	15	101:15.7;201:5.7;301:38.8				1
14800802	148008	2	25	101:17.8;201:6.5;301:44.1	4102201;3000003	1;30000	101:31.5;201:12;301:79.5	1
14800803	148008	3	35	101:20;201:7.2;301:49.4	4102011;4102201;4102202;3000003	5;3;3;50000	101:55;201:17.5;301:132.5	1
14800804	148008	4	40	101:22.1;201:8;301:54.7	4102021;4102202;4102203;4102901;3000003	10;1;3;1;100000	101:73.5;201:28;301:185.5	1
14800805	148008	5	45	101:24.3;201:8.8;301:60	4102021;4102203;4102204;4102901;3000003	10;5;3;3;200000	101:88;201:32;301:212	1
14800806	148008	6	50	101:26.4;201:9.6;301:65.3	4102031;4102203;4102204;4102901;3000003	5;3;5;6;300000	101:94.4;201:36;301:238.5	1
14800807	148008	7	55	101:28.6;201:10.4;301:70.6	4102031;4102204;4102205;4102901;3000003	10;5;1;9;400000	101:110;201:40;301:265	1
14800808	148008	8	60	101:30.8;201:11.2;301:76	4102031;4102205;4102901;4102902;3000003	15;3;9;3;500000	101:121;201:43.9;301:297	1
14800809	148008	9	65	101:33.1;201:12;301:81.7	4102031;4102205;4102901;4102902;3000003	15;3;3;9;500000	101:138;201:48;301:342	1
14800810	148008	10	70	101:35.4;201:12.8;301:87.5	4102031;4102205;4102902;4102903;3000003	15;3;9;3;500000	101:149.5;201:52;301:377	1
14800811	148008	11	75	101:37.8;201:13.7;301:93.5	4102031;4102205;4102902;4102903;3000003	15;3;9;3;500000	101:168;201:62.9;301:420	1
14800812	148008	12	80	101:40.3;201:14.6;301:99.7	4102031;4102205;4102902;4102903;3000003	15;3;9;3;500000	101:187.5;201:67.5;301:465	1
14800813	148008	13	85	101:42.9;201:15.6;301:106	4102031;4102205;4102902;4102903;3000003	15;3;9;3;500000	101:208;201:80;301:504	1
14800814	148008	14	90	101:45.6;201:16.5;301:112.6	4102031;4102205;4102902;4102903;3000003	15;3;9;3;500000	101:229.5;201:76.5;301:561	1
14800815	148008	15	95	101:48.3;201:17.5;301:119.3	4102031;4102205;4102902;4102903;3000003	15;3;9;3;500000	101:243;201:90;301:603	1
15400801	154008	1	15	101:14.8;201:5.9;301:38.3				1
15400802	154008	2	25	101:16.8;201:6.7;301:43.6	4102101;3000003	1;30000	101:30;201:12;301:79.5	1
15400803	154008	3	35	101:18.9;201:7.5;301:48.8	4102011;4102101;4102102;3000003	5;3;3;50000	101:52.4;201:20;301:130	1
15400804	154008	4	40	101:20.9;201:8.3;301:54	4102021;4102102;4102103;4102901;3000003	10;1;3;1;100000	101:70;201:28;301:182	1
15400805	154008	5	45	101:22.9;201:9.1;301:59.3	4102021;4102103;4102104;4102901;3000003	10;5;3;3;200000	101:80;201:32;301:212	1
15400806	154008	6	50	101:24.9;201:9.9;301:64.5	4102031;4102103;4102104;4102901;3000003	5;3;5;6;300000	101:90;201:36;301:234	1
15400807	154008	7	55	101:27;201:10.8;301:69.8	4102031;4102104;4102105;4102901;3000003	10;5;1;9;400000	101:105;201:45;301:265	1
15400808	154008	8	60	101:29;201:11.6;301:75.2	4102031;4102105;4102901;4102902;3000003	15;3;9;3;500000	101:110;201:43.9;301:297	1
15400809	154008	9	65	101:31.2;201:12.5;301:80.7	4102031;4102105;4102901;4102902;3000003	15;3;3;9;500000	101:132;201:54;301:330	1
15400810	154008	10	70	101:33.4;201:13.3;301:86.5	4102031;4102105;4102902;4102903;3000003	15;3;9;3;500000	101:143;201:52;301:377	1
15400811	154008	11	75	101:35.7;201:14.3;301:92.4	4102031;4102105;4102902;4102903;3000003	15;3;9;3;500000	101:161;201:70;301:413	1
15400812	154008	12	80	101:38.1;201:15.2;301:98.5	4102031;4102105;4102902;4102903;3000003	15;3;9;3;500000	101:180;201:67.4;301:457.5	1
15400813	154008	13	85	101:40.5;201:16.2;301:104.8	4102031;4102105;4102902;4102903;3000003	15;3;9;3;500000	101:192;201:80;301:504	1
15400814	154008	14	90	101:43;201:17.2;301:111.3	4102031;4102105;4102902;4102903;3000003	15;3;9;3;500000	101:212.5;201:85;301:552.5	1
15400815	154008	15	95	101:45.6;201:18.2;301:117.9	4102031;4102105;4102902;4102903;3000003	15;3;9;3;500000	101:234;201:90;301:594	1
80300101	803001	1	15	101:15.9;201:5.9;301:38.3				1
80300102	803001	2	25	101:18.1;201:6.7;301:43.6	4102101;3000003	1;30000	101:33;201:12;301:79.5	1
80300103	803001	3	35	101:20.3;201:7.5;301:48.8	4102011;4102101;4102102;3000003	5;3;3;50000	101:55;201:20;301:130	1
80300104	803001	4	40	101:22.4;201:8.3;301:54	4102021;4102102;4102103;4102901;3000003	10;1;3;1;100000	101:73.4;201:28;301:182	1
80300105	803001	5	45	101:24.6;201:9.1;301:59.3	4102021;4102103;4102104;4102901;3000003	10;5;3;3;200000	101:88;201:32;301:212	1
80300106	803001	6	50	101:26.8;201:9.9;301:64.5	4102031;4102103;4102104;4102901;3000003	5;3;5;6;300000	101:99;201:36;301:234	1
80300107	803001	7	55	101:29;201:10.8;301:69.8	4102031;4102104;4102105;4102901;3000003	10;5;1;9;400000	101:110;201:45;301:265	1
80300108	803001	8	60	101:31.2;201:11.6;301:75.2	4102031;4102105;4102901;4102902;3000003	15;3;9;3;500000	101:121;201:43.9;301:297	1
80300109	803001	9	65	101:33.5;201:12.5;301:80.7	4102031;4102105;4102901;4102902;3000003	15;3;3;9;500000	101:138;201:54;301:330	1
80300110	803001	10	70	101:35.9;201:13.3;301:86.5	4102031;4102105;4102902;4102903;3000003	15;3;9;3;500000	101:156;201:52;301:377	1
80300111	803001	11	75	101:38.4;201:14.3;301:92.4	4102031;4102105;4102902;4102903;3000003	15;3;9;3;500000	101:175;201:70;301:413	1
80300112	803001	12	80	101:40.9;201:15.2;301:98.5	4102031;4102105;4102902;4102903;3000003	15;3;9;3;500000	101:187.5;201:67.4;301:457.5	1
80300113	803001	13	85	101:43.5;201:16.2;301:104.8	4102031;4102105;4102902;4102903;3000003	15;3;9;3;500000	101:208;201:80;301:504	1
80300114	803001	14	90	101:46.2;201:17.2;301:111.3	4102031;4102105;4102902;4102903;3000003	15;3;9;3;500000	101:229.5;201:85;301:552.5	1
80300115	803001	15	95	101:49;201:18.2;301:117.9	4102031;4102105;4102902;4102903;3000003	15;3;9;3;500000	101:252;201:90;301:594	1
14600801	146008	1	15	101:14.8;201:5.9;301:38.3				1
14600802	146008	2	25	101:16.8;201:6.7;301:43.6	4102101;3000003	1;30000	101:30;201:12;301:79.5	1
14600803	146008	3	35	101:18.9;201:7.5;301:48.8	4102011;4102101;4102102;3000003	5;3;3;50000	101:52.4;201:20;301:130	1
14600804	146008	4	40	101:20.9;201:8.3;301:54	4102021;4102102;4102103;4102901;3000003	10;1;3;1;100000	101:70;201:28;301:182	1
14600805	146008	5	45	101:22.9;201:9.1;301:59.3	4102021;4102103;4102104;4102901;3000003	10;5;3;3;200000	101:80;201:32;301:212	1
14600806	146008	6	50	101:24.9;201:9.9;301:64.5	4102031;4102103;4102104;4102901;3000003	5;3;5;6;300000	101:90;201:36;301:234	1
14600807	146008	7	55	101:27;201:10.8;301:69.8	4102031;4102104;4102105;4102901;3000003	10;5;1;9;400000	101:105;201:45;301:265	1
14600808	146008	8	60	101:29;201:11.6;301:75.2	4102031;4102105;4102901;4102902;3000003	15;3;9;3;500000	101:110;201:43.9;301:297	1
14600809	146008	9	65	101:31.2;201:12.5;301:80.7	4102031;4102105;4102901;4102902;3000003	15;3;3;9;500000	101:132;201:54;301:330	1
14600810	146008	10	70	101:33.4;201:13.3;301:86.5	4102031;4102105;4102902;4102903;3000003	15;3;9;3;500000	101:143;201:52;301:377	1
14600811	146008	11	75	101:35.7;201:14.3;301:92.4	4102031;4102105;4102902;4102903;3000003	15;3;9;3;500000	101:161;201:70;301:413	1
14600812	146008	12	80	101:38.1;201:15.2;301:98.5	4102031;4102105;4102902;4102903;3000003	15;3;9;3;500000	101:180;201:67.4;301:457.5	1
14600813	146008	13	85	101:40.5;201:16.2;301:104.8	4102031;4102105;4102902;4102903;3000003	15;3;9;3;500000	101:192;201:80;301:504	1
14600814	146008	14	90	101:43;201:17.2;301:111.3	4102031;4102105;4102902;4102903;3000003	15;3;9;3;500000	101:212.5;201:85;301:552.5	1
14600815	146008	15	95	101:45.6;201:18.2;301:117.9	4102031;4102105;4102902;4102903;3000003	15;3;9;3;500000	101:234;201:90;301:594	1
10301201	103012	1	15	101:17.4;201:5.9;301:40.7				1
10301202	103012	2	25	101:19.8;201:6.7;301:46.2	4102401;3000003	1;30000	101:36;201:12;301:82.5	1
10301203	103012	3	35	101:22.2;201:7.5;301:51.8	4102011;4102401;4102402;3000003	5;3;3;50000	101:60;201:20;301:140	1
10301204	103012	4	40	101:24.6;201:8.3;301:57.3	4102021;4102402;4102403;4102901;3000003	10;1;3;1;100000	101:84;201:28;301:192.5	1
10301205	103012	5	45	101:27;201:9.1;301:62.9	4102021;4102403;4102404;4102901;3000003	10;5;3;3;200000	101:95.9;201:32;301:224	1
10301206	103012	6	50	101:29.4;201:9.9;301:68.4	4102031;4102403;4102404;4102901;3000003	5;3;5;6;300000	101:108;201:36;301:247.5	1
10301207	103012	7	55	101:31.8;201:10.8;301:74	4102031;4102404;4102405;4102901;3000003	10;5;1;9;400000	101:120;201:45;301:280	1
10301208	103012	8	60	101:34.2;201:11.6;301:79.7	4102031;4102405;4102901;4102902;3000003	15;3;9;3;500000	101:132;201:43.9;301:313.5	1
10301209	103012	9	65	101:36.8;201:12.5;301:85.6	4102031;4102405;4102901;4102902;3000003	15;3;3;9;500000	101:156;201:54;301:353.9	1
10301210	103012	10	70	101:39.4;201:13.3;301:91.7	4102031;4102405;4102902;4102903;3000003	15;3;9;3;500000	101:169;201:52;301:396.5	1
10301211	103012	11	75	101:42.1;201:14.3;301:98	4102031;4102405;4102902;4102903;3000003	15;3;9;3;500000	101:189;201:70;301:441	1
10301212	103012	12	80	101:44.9;201:15.2;301:104.5	4102031;4102405;4102902;4102903;3000003	15;3;9;3;500000	101:210;201:67.4;301:487.5	1
10301213	103012	13	85	101:47.7;201:16.2;301:111.1	4102031;4102405;4102902;4102903;3000003	15;3;9;3;500000	101:224;201:80;301:528	1
10301214	103012	14	90	101:50.7;201:17.2;301:118	4102031;4102405;4102902;4102903;3000003	15;3;9;3;500000	101:255;201:85;301:586.5	1
10301215	103012	15	95	101:53.7;201:18.2;301:125	4102031;4102405;4102902;4102903;3000003	15;3;9;3;500000	101:270;201:90;301:630	1
14700801	147008	1	15	101:14.5;201:6.4;301:45.4				1
14700802	147008	2	25	101:16.5;201:7.3;301:51.6	4102101;3000003	1;30000	101:30;201:13.5;301:93	1
14700803	147008	3	35	101:18.4;201:8.2;301:57.8	4102011;4102101;4102102;3000003	5;3;3;50000	101:47.5;201:22.5;301:155	1
14700804	147008	4	40	101:20.4;201:9.1;301:64	4102021;4102102;4102103;4102901;3000003	10;1;3;1;100000	101:70;201:31.5;301:217	1
14700805	147008	5	45	101:22.4;201:10;301:70.2	4102021;4102103;4102104;4102901;3000003	10;5;3;3;200000	101:80;201:36;301:248	1
14700806	147008	6	50	101:24.4;201:10.9;301:76.4	4102031;4102103;4102104;4102901;3000003	5;3;5;6;300000	101:90;201:40.5;301:279	1
14700807	147008	7	55	101:26.4;201:11.8;301:82.6	4102031;4102104;4102105;4102901;3000003	10;5;1;9;400000	101:100;201:45;301:309.9	1
14700808	147008	8	60	101:28.4;201:12.7;301:89	4102031;4102105;4102901;4102902;3000003	15;3;9;3;500000	101:110;201:49.4;301:352	1
14700809	147008	9	65	101:30.5;201:13.6;301:95.6	4102031;4102105;4102901;4102902;3000003	15;3;3;9;500000	101:126;201:54;301:396	1
14700810	147008	10	70	101:32.7;201:14.6;301:102.4	4102031;4102105;4102902;4102903;3000003	15;3;9;3;500000	101:143;201:65;301:442	1
14700811	147008	11	75	101:34.9;201:15.6;301:109.4	4102031;4102105;4102902;4102903;3000003	15;3;9;3;500000	101:154;201:70;301:490	1
14700812	147008	12	80	101:37.2;201:16.6;301:116.6	4102031;4102105;4102902;4102903;3000003	15;3;9;3;500000	101:172.5;201:75;301:539.9	1
14700813	147008	13	85	101:39.6;201:17.7;301:124.1	4102031;4102105;4102902;4102903;3000003	15;3;9;3;500000	101:192;201:87.9;301:600	1
14700814	147008	14	90	101:42.1;201:18.8;301:131.7	4102031;4102105;4102902;4102903;3000003	15;3;9;3;500000	101:212.5;201:93.5;301:646	1
14700815	147008	15	95	101:44.6;201:19.9;301:139.5	4102031;4102105;4102902;4102903;3000003	15;3;9;3;500000	101:225;201:98.9;301:702	1
15900801	159008	1	15	101:16.2;201:5.7;301:36.6				1
15900802	159008	2	25	101:18.5;201:6.5;301:41.6	4102101;3000003	1;30000	101:34.5;201:12;301:75	1
15900803	159008	3	35	101:20.7;201:7.2;301:46.6	4102011;4102101;4102102;3000003	5;3;3;50000	101:55;201:17.5;301:125	1
15900804	159008	4	40	101:22.9;201:8;301:51.6	4102021;4102102;4102103;4102901;3000003	10;1;3;1;100000	101:77;201:28;301:175	1
15900805	159008	5	45	101:25.1;201:8.8;301:56.6	4102021;4102103;4102104;4102901;3000003	10;5;3;3;200000	101:88;201:32;301:200	1
15900806	159008	6	50	101:27.3;201:9.6;301:61.6	4102031;4102103;4102104;4102901;3000003	5;3;5;6;300000	101:99;201:36;301:225	1
15900807	159008	7	55	101:29.6;201:10.4;301:66.6	4102031;4102104;4102105;4102901;3000003	10;5;1;9;400000	101:115;201:40;301:250	1
15900808	159008	8	60	101:31.8;201:11.2;301:71.7	4102031;4102105;4102901;4102902;3000003	15;3;9;3;500000	101:121;201:43.9;301:280.5	1
15900809	159008	9	65	101:34.2;201:12;301:77	4102031;4102105;4102901;4102902;3000003	15;3;3;9;500000	101:144;201:48;301:318	1
15900810	159008	10	70	101:36.7;201:12.8;301:82.5	4102031;4102105;4102902;4102903;3000003	15;3;9;3;500000	101:162.5;201:52;301:357.5	1
15900811	159008	11	75	101:39.2;201:13.7;301:88.2	4102031;4102105;4102902;4102903;3000003	15;3;9;3;500000	101:175;201:62.9;301:399	1
15900812	159008	12	80	101:41.8;201:14.6;301:94	4102031;4102105;4102902;4102903;3000003	15;3;9;3;500000	101:195;201:67.5;301:435	1
15900813	159008	13	85	101:44.4;201:15.6;301:100	4102031;4102105;4102902;4102903;3000003	15;3;9;3;500000	101:208;201:80;301:480	1
15900814	159008	14	90	101:47.2;201:16.5;301:106.2	4102031;4102105;4102902;4102903;3000003	15;3;9;3;500000	101:238;201:76.5;301:527	1
15900815	159008	15	95	101:50;201:17.5;301:112.5	4102031;4102105;4102902;4102903;3000003	15;3;9;3;500000	101:252;201:90;301:567	1
12800801	128008	1	15	101:11.3;201:7.9;301:51.4				1
12800802	128008	2	25	101:12.8;201:9;301:58.5	4102301;3000003	1;30000	101:22.5;201:16.5;301:106.5	1
12800803	128008	3	35	101:14.4;201:10;301:65.5	4102011;4102301;4102302;3000003	5;3;3;50000	101:40;201:25;301:175	1
12800804	128008	4	40	101:15.9;201:11.1;301:72.5	4102021;4102302;4102303;4102901;3000003	10;1;3;1;100000	101:52.5;201:38.5;301:245	1
12800805	128008	5	45	101:17.5;201:12.2;301:79.5	4102021;4102303;4102304;4102901;3000003	10;5;3;3;200000	101:64;201:44;301:280	1
12800806	128008	6	50	101:19;201:13.3;301:86.5	4102031;4102303;4102304;4102901;3000003	5;3;5;6;300000	101:67.5;201:49.5;301:315	1
12800807	128008	7	55	101:20.6;201:14.4;301:93.6	4102031;4102304;4102305;4102901;3000003	10;5;1;9;400000	101:80;201:55;301:355	1
12800808	128008	8	60	101:22.1;201:15.5;301:100.8	4102031;4102305;4102901;4102902;3000003	15;3;9;3;500000	101:82.5;201:60.5;301:396	1
12800809	128008	9	65	101:23.8;201:16.6;301:108.3	4102031;4102305;4102901;4102902;3000003	15;3;3;9;500000	101:102;201:66;301:450	1
12800810	128008	10	70	101:25.5;201:17.8;301:116	4102031;4102305;4102902;4102903;3000003	15;3;9;3;500000	101:110.5;201:78;301:500.5	1
12800811	128008	11	75	101:27.2;201:19;301:124	4102031;4102305;4102902;4102903;3000003	15;3;9;3;500000	101:119;201:83.9;301:560	1
12800812	128008	12	80	101:29;201:20.3;301:132.2	4102031;4102305;4102902;4102903;3000003	15;3;9;3;500000	101:135;201:97.5;301:614.9	1
12800813	128008	13	85	101:30.9;201:21.6;301:140.6	4102031;4102305;4102902;4102903;3000003	15;3;9;3;500000	101:152;201:104;301:672	1
12800814	128008	14	90	101:32.8;201:22.9;301:149.2	4102031;4102305;4102902;4102903;3000003	15;3;9;3;500000	101:161.5;201:110.5;301:731	1
12800815	128008	15	95	101:34.8;201:24.3;301:158.1	4102031;4102305;4102902;4102903;3000003	15;3;9;3;500000	101:180;201:126;301:801	1
13100101	131001	1	15	101:15.7;201:5.8;301:36.9				1
13100102	131001	2	25	101:17.8;201:6.6;301:42	4102301;3000003	1;30000	101:31.5;201:12;301:76.5	1
13100103	131001	3	35	101:20;201:7.4;301:47	4102011;4102301;4102302;3000003	5;3;3;50000	101:55;201:20;301:125	1
13100104	131001	4	40	101:22.1;201:8.2;301:52	4102021;4102302;4102303;4102901;3000003	10;1;3;1;100000	101:73.5;201:28;301:175	1
13100105	131001	5	45	101:24.3;201:9;301:57.1	4102021;4102303;4102304;4102901;3000003	10;5;3;3;200000	101:88;201:32;301:204	1
13100106	131001	6	50	101:26.4;201:9.8;301:62.1	4102031;4102303;4102304;4102901;3000003	5;3;5;6;300000	101:94.4;201:36;301:225	1
13100107	131001	7	55	101:28.6;201:10.6;301:67.2	4102031;4102304;4102305;4102901;3000003	10;5;1;9;400000	101:110;201:39.9;301:255	1
13100108	131001	8	60	101:30.8;201:11.4;301:72.4	4102031;4102305;4102901;4102902;3000003	15;3;9;3;500000	101:121;201:44;301:286	1
13100109	131001	9	65	101:33.1;201:12.2;301:77.7	4102031;4102305;4102901;4102902;3000003	15;3;3;9;500000	101:138;201:47.9;301:318	1
13100110	131001	10	70	101:35.4;201:13.1;301:83.3	4102031;4102305;4102902;4102903;3000003	15;3;9;3;500000	101:149.5;201:58.5;301:364	1
13100111	131001	11	75	101:37.8;201:14;301:89	4102031;4102305;4102902;4102903;3000003	15;3;9;3;500000	101:168;201:63;301:399	1
13100112	131001	12	80	101:40.3;201:14.9;301:94.9	4102031;4102305;4102902;4102903;3000003	15;3;9;3;500000	101:187.5;201:67.5;301:442.5	1
13100113	131001	13	85	101:42.9;201:15.9;301:100.9	4102031;4102305;4102902;4102903;3000003	15;3;9;3;500000	101:208;201:80;301:480	1
13100114	131001	14	90	101:45.6;201:16.9;301:107.1	4102031;4102305;4102902;4102903;3000003	15;3;9;3;500000	101:229.5;201:84.9;301:526.9	1
13100115	131001	15	95	101:48.3;201:17.9;301:113.5	4102031;4102305;4102902;4102903;3000003	15;3;9;3;500000	101:243;201:90;301:576	1
16000801	160008	1	15	101:16.8;201:5.6;301:35.5				1
16000802	160008	2	25	101:19.1;201:6.3;301:40.3	4102101;3000003	1;30000	101:34.5;201:10.5;301:72	1
16000803	160008	3	35	101:21.4;201:7.1;301:45.2	4102011;4102101;4102102;3000003	5;3;3;50000	101:57.4;201:20;301:122.5	1
16000804	160008	4	40	101:23.7;201:7.9;301:50	4102021;4102102;4102103;4102901;3000003	10;1;3;1;100000	101:80.5;201:28;301:168	1
16000805	160008	5	45	101:26;201:8.6;301:54.9	4102021;4102103;4102104;4102901;3000003	10;5;3;3;200000	101:92;201:28;301:196	1
16000806	160008	6	50	101:28.3;201:9.4;301:59.7	4102031;4102103;4102104;4102901;3000003	5;3;5;6;300000	101:103.5;201:36;301:216	1
16000807	160008	7	55	101:30.6;201:10.2;301:64.6	4102031;4102104;4102105;4102901;3000003	10;5;1;9;400000	101:115;201:39.9;301:245	1
16000808	160008	8	60	101:32.9;201:10.9;301:69.6	4102031;4102105;4102901;4102902;3000003	15;3;9;3;500000	101:126.5;201:38.5;301:275	1
16000809	160008	9	65	101:35.4;201:11.8;301:74.7	4102031;4102105;4102901;4102902;3000003	15;3;3;9;500000	101:150;201:54;301:306	1
16000810	160008	10	70	101:37.9;201:12.6;301:80.1	4102031;4102105;4102902;4102903;3000003	15;3;9;3;500000	101:162.5;201:51.9;301:350.9	1
16000811	160008	11	75	101:40.5;201:13.5;301:85.5	4102031;4102105;4102902;4102903;3000003	15;3;9;3;500000	101:182;201:63;301:378	1
16000812	160008	12	80	101:43.2;201:14.4;301:91.2	4102031;4102105;4102902;4102903;3000003	15;3;9;3;500000	101:202.5;201:67.5;301:427.5	1
16000813	160008	13	85	101:45.9;201:15.3;301:97	4102031;4102105;4102902;4102903;3000003	15;3;9;3;500000	101:216;201:72;301:464	1
16000814	160008	14	90	101:48.8;201:16.2;301:103	4102031;4102105;4102902;4102903;3000003	15;3;9;3;500000	101:246.5;201:76.4;301:510	1
16000815	160008	15	95	101:51.7;201:17.2;301:109.1	4102031;4102105;4102902;4102903;3000003	15;3;9;3;500000	101:261;201:90;301:549	1
16100801	161008	1	15	101:17.4;201:6.1;301:41.9				1
16100802	161008	2	25	101:19.8;201:7;301:47.6	4102401;3000003	1;30000	101:36;201:13.5;301:85.5	1
16100803	161008	3	35	101:22.2;201:7.8;301:53.3	4102011;4102401;4102402;3000003	5;3;3;50000	101:60;201:20;301:142.5	1
16100804	161008	4	40	101:24.6;201:8.6;301:59	4102021;4102402;4102403;4102901;3000003	10;1;3;1;100000	101:84;201:28;301:199.5	1
16100805	161008	5	45	101:27;201:9.5;301:64.7	4102021;4102403;4102404;4102901;3000003	10;5;3;3;200000	101:95.9;201:36;301:228	1
16100806	161008	6	50	101:29.4;201:10.3;301:70.4	4102031;4102403;4102404;4102901;3000003	5;3;5;6;300000	101:108;201:36;301:256.5	1
16100807	161008	7	55	101:31.8;201:11.2;301:76.2	4102031;4102404;4102405;4102901;3000003	10;5;1;9;400000	101:120;201:44.9;301:290	1
16100808	161008	8	60	101:34.2;201:12;301:82.1	4102031;4102405;4102901;4102902;3000003	15;3;9;3;500000	101:132;201:44;301:324.5	1
16100809	161008	9	65	101:36.8;201:12.9;301:88.2	4102031;4102405;4102901;4102902;3000003	15;3;3;9;500000	101:156;201:54;301:366	1
16100810	161008	10	70	101:39.4;201:13.8;301:94.4	4102031;4102405;4102902;4102903;3000003	15;3;9;3;500000	101:169;201:58.5;301:403	1
16100811	161008	11	75	101:42.1;201:14.8;301:100.9	4102031;4102405;4102902;4102903;3000003	15;3;9;3;500000	101:189;201:70;301:455	1
16100812	161008	12	80	101:44.9;201:15.8;301:107.6	4102031;4102405;4102902;4102903;3000003	15;3;9;3;500000	101:210;201:75;301:502.4	1
16100813	161008	13	85	101:47.7;201:16.8;301:114.4	4102031;4102405;4102902;4102903;3000003	15;3;9;3;500000	101:224;201:80;301:544	1
16100814	161008	14	90	101:50.7;201:17.8;301:121.5	4102031;4102405;4102902;4102903;3000003	15;3;9;3;500000	101:255;201:85;301:603.5	1
16100815	161008	15	95	101:53.7;201:18.9;301:128.7	4102031;4102405;4102902;4102903;3000003	15;3;9;3;500000	101:270;201:98.9;301:647.9	1
10200501	102005	1	15	101:12.7;201:7.3;301:49.9				1
10200502	102005	2	25	101:14.5;201:8.3;301:56.7	4102301;3000003	1;30000	101:27;201:15;301:102	1
10200503	102005	3	35	101:16.2;201:9.3;301:63.5	4102011;4102301;4102302;3000003	5;3;3;50000	101:42.5;201:25;301:170	1
10200504	102005	4	40	101:17.9;201:10.3;301:70.3	4102021;4102302;4102303;4102901;3000003	10;1;3;1;100000	101:59.5;201:35;301:238	1
10200505	102005	5	45	101:19.7;201:11.3;301:77.1	4102021;4102303;4102304;4102901;3000003	10;5;3;3;200000	101:72;201:40;301:272	1
10200506	102005	6	50	101:21.4;201:12.3;301:83.9	4102031;4102303;4102304;4102901;3000003	5;3;5;6;300000	101:76.5;201:45;301:306	1
10200507	102005	7	55	101:23.2;201:13.4;301:90.8	4102031;4102304;4102305;4102901;3000003	10;5;1;9;400000	101:90;201:55;301:345	1
10200508	102005	8	60	101:24.9;201:14.4;301:97.8	4102031;4102305;4102901;4102902;3000003	15;3;9;3;500000	101:93.5;201:55;301:385	1
10200509	102005	9	65	101:26.8;201:15.5;301:105.1	4102031;4102305;4102901;4102902;3000003	15;3;3;9;500000	101:114;201:66;301:438	1
10200510	102005	10	70	101:28.7;201:16.6;301:112.5	4102031;4102305;4102902;4102903;3000003	15;3;9;3;500000	101:123.5;201:71.5;301:481	1
10200511	102005	11	75	101:30.7;201:17.7;301:120.3	4102031;4102305;4102902;4102903;3000003	15;3;9;3;500000	101:140;201:76.9;301:546	1
10200512	102005	12	80	101:32.7;201:18.9;301:128.2	4102031;4102305;4102902;4102903;3000003	15;3;9;3;500000	101:150;201:89.9;301:592.4	1
10200513	102005	13	85	101:34.8;201:20.1;301:136.4	4102031;4102305;4102902;4102903;3000003	15;3;9;3;500000	101:168;201:96;301:656	1
10200514	102005	14	90	101:37;201:21.3;301:144.8	4102031;4102305;4102902;4102903;3000003	15;3;9;3;500000	101:187;201:102;301:714	1
10200515	102005	15	95	101:39.2;201:22.6;301:153.4	4102031;4102305;4102902;4102903;3000003	15;3;9;3;500000	101:198;201:117;301:774	1
15600801	156008	1	15	101:16.7;201:5.7;301:36				1
15600802	156008	2	25	101:19;201:6.5;301:41	4102301;3000003	1;30000	101:34.5;201:12;301:75	1
15600803	156008	3	35	101:21.2;201:7.2;301:45.9	4102011;4102301;4102302;3000003	5;3;3;50000	101:55;201:17.5;301:122.5	1
15600804	156008	4	40	101:23.5;201:8;301:50.8	4102021;4102302;4102303;4102901;3000003	10;1;3;1;100000	101:80.5;201:28;301:171.5	1
15600805	156008	5	45	101:25.8;201:8.8;301:55.7	4102021;4102303;4102304;4102901;3000003	10;5;3;3;200000	101:92;201:32;301:196	1
15600806	156008	6	50	101:28.1;201:9.6;301:60.6	4102031;4102303;4102304;4102901;3000003	5;3;5;6;300000	101:103.5;201:36;301:220.5	1
15600807	156008	7	55	101:30.4;201:10.4;301:65.6	4102031;4102304;4102305;4102901;3000003	10;5;1;9;400000	101:115;201:40;301:250	1
15600808	156008	8	60	101:32.7;201:11.2;301:70.6	4102031;4102305;4102901;4102902;3000003	15;3;9;3;500000	101:126.5;201:43.9;301:275	1
15600809	156008	9	65	101:35.1;201:12;301:75.9	4102031;4102305;4102901;4102902;3000003	15;3;3;9;500000	101:144;201:48;301:318	1
15600810	156008	10	70	101:37.6;201:12.8;301:81.3	4102031;4102305;4102902;4102903;3000003	15;3;9;3;500000	101:162.5;201:52;301:350.9	1
15600811	156008	11	75	101:40.2;201:13.7;301:86.9	4102031;4102305;4102902;4102903;3000003	15;3;9;3;500000	101:182;201:62.9;301:392	1
15600812	156008	12	80	101:42.9;201:14.6;301:92.6	4102031;4102305;4102902;4102903;3000003	15;3;9;3;500000	101:202.5;201:67.5;301:427.4	1
15600813	156008	13	85	101:45.6;201:15.6;301:98.5	4102031;4102305;4102902;4102903;3000003	15;3;9;3;500000	101:216;201:80;301:472	1
15600814	156008	14	90	101:48.4;201:16.5;301:104.6	4102031;4102305;4102902;4102903;3000003	15;3;9;3;500000	101:238;201:76.5;301:518.5	1
15600815	156008	15	95	101:51.3;201:17.5;301:110.8	4102031;4102305;4102902;4102903;3000003	15;3;9;3;500000	101:261;201:90;301:558	1
15700801	157008	1	15	101:17.1;201:6.1;301:38.8				1
15700802	157008	2	25	101:19.5;201:7;301:44.1	4102501;3000003	1;30000	101:36;201:13.5;301:79.5	1
15700803	157008	3	35	101:21.8;201:7.8;301:49.4	4102011;4102501;4102502;3000003	5;3;3;50000	101:57.5;201:20;301:132.5	1
15700804	157008	4	40	101:24.1;201:8.6;301:54.7	4102021;4102502;4102503;4102901;3000003	10;1;3;1;100000	101:80.5;201:28;301:185.5	1
15700805	157008	5	45	101:26.5;201:9.5;301:60	4102021;4102503;4102504;4102901;3000003	10;5;3;3;200000	101:95.9;201:36;301:212	1
15700806	157008	6	50	101:28.8;201:10.3;301:65.3	4102031;4102503;4102504;4102901;3000003	5;3;5;6;300000	101:103.5;201:36;301:238.5	1
15700807	157008	7	55	101:31.2;201:11.2;301:70.6	4102031;4102504;4102505;4102901;3000003	10;5;1;9;400000	101:120;201:44.9;301:265	1
15700808	157008	8	60	101:33.6;201:12;301:76	4102031;4102505;4102901;4102902;3000003	15;3;9;3;500000	101:132;201:44;301:297	1
15700809	157008	9	65	101:36.1;201:12.9;301:81.7	4102031;4102505;4102901;4102902;3000003	15;3;3;9;500000	101:150;201:54;301:342	1
15700810	157008	10	70	101:38.6;201:13.8;301:87.5	4102031;4102505;4102902;4102903;3000003	15;3;9;3;500000	101:162.5;201:58.5;301:377	1
15700811	157008	11	75	101:41.3;201:14.8;301:93.5	4102031;4102505;4102902;4102903;3000003	15;3;9;3;500000	101:189;201:70;301:420	1
15700812	157008	12	80	101:44;201:15.8;301:99.7	4102031;4102505;4102902;4102903;3000003	15;3;9;3;500000	101:202.5;201:75;301:465	1
15700813	157008	13	85	101:46.8;201:16.8;301:106	4102031;4102505;4102902;4102903;3000003	15;3;9;3;500000	101:224;201:80;301:504	1
15700814	157008	14	90	101:49.7;201:17.8;301:112.6	4102031;4102505;4102902;4102903;3000003	15;3;9;3;500000	101:246.5;201:85;301:561	1
15700815	157008	15	95	101:52.7;201:18.9;301:119.3	4102031;4102505;4102902;4102903;3000003	15;3;9;3;500000	101:270;201:98.9;301:603	1
15800801	158008	1	15	101:11.8;201:7.9;301:50.4				1
15800802	158008	2	25	101:13.5;201:9;301:57.3	4102301;3000003	1;30000	101:25.5;201:16.5;301:103.5	1
15800803	158008	3	35	101:15.1;201:10;301:64.2	4102011;4102301;4102302;3000003	5;3;3;50000	101:40;201:25;301:172.5	1
15800804	158008	4	40	101:16.7;201:11.1;301:71.1	4102021;4102302;4102303;4102901;3000003	10;1;3;1;100000	101:56;201:38.5;301:241.5	1
15800805	158008	5	45	101:18.3;201:12.2;301:78	4102021;4102303;4102304;4102901;3000003	10;5;3;3;200000	101:64;201:44;301:276	1
15800806	158008	6	50	101:19.9;201:13.3;301:84.9	4102031;4102303;4102304;4102901;3000003	5;3;5;6;300000	101:71.9;201:49.5;301:310.5	1
15800807	158008	7	55	101:21.6;201:14.4;301:91.8	4102031;4102304;4102305;4102901;3000003	10;5;1;9;400000	101:85;201:55;301:345	1
15800808	158008	8	60	101:23.2;201:15.5;301:98.9	4102031;4102305;4102901;4102902;3000003	15;3;9;3;500000	101:87.9;201:60.5;301:390.5	1
15800809	158008	9	65	101:25;201:16.6;301:106.2	4102031;4102305;4102901;4102902;3000003	15;3;3;9;500000	101:108;201:66;301:438	1
15800810	158008	10	70	101:26.7;201:17.8;301:113.8	4102031;4102305;4102902;4102903;3000003	15;3;9;3;500000	101:110.5;201:78;301:494	1
15800811	158008	11	75	101:28.6;201:19;301:121.6	4102031;4102305;4102902;4102903;3000003	15;3;9;3;500000	101:133;201:83.9;301:546	1
15800812	158008	12	80	101:30.5;201:20.3;301:129.6	4102031;4102305;4102902;4102903;3000003	15;3;9;3;500000	101:142.5;201:97.5;301:600	1
15800813	158008	13	85	101:32.4;201:21.6;301:137.9	4102031;4102305;4102902;4102903;3000003	15;3;9;3;500000	101:152;201:104;301:664	1
15800814	158008	14	90	101:34.4;201:22.9;301:146.4	4102031;4102305;4102902;4102903;3000003	15;3;9;3;500000	101:170;201:110.5;301:722.5	1
15800815	158008	15	95	101:36.5;201:24.3;301:155.1	4102031;4102305;4102902;4102903;3000003	15;3;9;3;500000	101:189;201:126;301:782.9	1
16300801	163008	1	15	101:16.7;201:5.6;301:36.9				1
16300802	163008	2	25	101:19;201:6.3;301:42	4102201;3000003	1;30000	101:34.5;201:10.5;301:76.5	1
16300803	163008	3	35	101:21.2;201:7.1;301:47	4102011;4102201;4102202;3000003	5;3;3;50000	101:55;201:20;301:125	1
16300804	163008	4	40	101:23.5;201:7.9;301:52	4102021;4102202;4102203;4102901;3000003	10;1;3;1;100000	101:80.5;201:28;301:175	1
16300805	163008	5	45	101:25.8;201:8.6;301:57.1	4102021;4102203;4102204;4102901;3000003	10;5;3;3;200000	101:92;201:28;301:204	1
16300806	163008	6	50	101:28.1;201:9.4;301:62.1	4102031;4102203;4102204;4102901;3000003	5;3;5;6;300000	101:103.5;201:36;301:225	1
16300807	163008	7	55	101:30.4;201:10.2;301:67.2	4102031;4102204;4102205;4102901;3000003	10;5;1;9;400000	101:115;201:39.9;301:255	1
16300808	163008	8	60	101:32.7;201:10.9;301:72.4	4102031;4102205;4102901;4102902;3000003	15;3;9;3;500000	101:126.5;201:38.5;301:286	1
16300809	163008	9	65	101:35.1;201:11.8;301:77.7	4102031;4102205;4102901;4102902;3000003	15;3;3;9;500000	101:144;201:54;301:318	1
16300810	163008	10	70	101:37.6;201:12.6;301:83.3	4102031;4102205;4102902;4102903;3000003	15;3;9;3;500000	101:162.5;201:51.9;301:364	1
16300811	163008	11	75	101:40.2;201:13.5;301:89	4102031;4102205;4102902;4102903;3000003	15;3;9;3;500000	101:182;201:63;301:399	1
16300812	163008	12	80	101:42.9;201:14.4;301:94.9	4102031;4102205;4102902;4102903;3000003	15;3;9;3;500000	101:202.5;201:67.5;301:442.5	1
16300813	163008	13	85	101:45.6;201:15.3;301:100.9	4102031;4102205;4102902;4102903;3000003	15;3;9;3;500000	101:216;201:72;301:480	1
16300814	163008	14	90	101:48.4;201:16.2;301:107.1	4102031;4102205;4102902;4102903;3000003	15;3;9;3;500000	101:238;201:76.4;301:526.9	1
16300815	163008	15	95	101:51.3;201:17.2;301:113.5	4102031;4102205;4102902;4102903;3000003	15;3;9;3;500000	101:261;201:90;301:576	1
16200801	162008	1	15	101:18.2;201:6;301:37.9				1
16200802	162008	2	25	101:20.7;201:6.8;301:43.1	4102401;3000003	1;30000	101:37.5;201:12;301:78	1
16200803	162008	3	35	101:23.2;201:7.7;301:48.3	4102011;4102401;4102402;3000003	5;3;3;50000	101:62.5;201:22.5;301:130	1
16200804	162008	4	40	101:25.7;201:8.5;301:53.4	4102021;4102402;4102403;4102901;3000003	10;1;3;1;100000	101:87.5;201:28;301:178.5	1
16200805	162008	5	45	101:28.2;201:9.3;301:58.6	4102021;4102403;4102404;4102901;3000003	10;5;3;3;200000	101:100;201:32;301:208	1
16200806	162008	6	50	101:30.7;201:10.1;301:63.8	4102031;4102403;4102404;4102901;3000003	5;3;5;6;300000	101:112.5;201:36;301:234	1
16200807	162008	7	55	101:33.2;201:11;301:69	4102031;4102404;4102405;4102901;3000003	10;5;1;9;400000	101:125;201:45;301:260	1
16200808	162008	8	60	101:35.7;201:11.8;301:74.3	4102031;4102405;4102901;4102902;3000003	15;3;9;3;500000	101:137.5;201:44;301:291.5	1
16200809	162008	9	65	101:38.4;201:12.7;301:79.8	4102031;4102405;4102901;4102902;3000003	15;3;3;9;500000	101:162;201:53.9;301:330	1
16200810	162008	10	70	101:41.1;201:13.6;301:85.5	4102031;4102405;4102902;4102903;3000003	15;3;9;3;500000	101:175.5;201:58.5;301:370.5	1
16200811	162008	11	75	101:43.9;201:14.5;301:91.4	4102031;4102405;4102902;4102903;3000003	15;3;9;3;500000	101:196;201:63;301:413	1
16200812	162008	12	80	101:46.8;201:15.5;301:97.4	4102031;4102405;4102902;4102903;3000003	15;3;9;3;500000	101:217.5;201:75;301:450	1
16200813	162008	13	85	101:49.8;201:16.5;301:103.6	4102031;4102405;4102902;4102903;3000003	15;3;9;3;500000	101:240;201:80;301:495.9	1
16200814	162008	14	90	101:52.9;201:17.5;301:110	4102031;4102405;4102902;4102903;3000003	15;3;9;3;500000	101:263.5;201:85;301:544	1
16200815	162008	15	95	101:56.1;201:18.5;301:116.6	4102031;4102405;4102902;4102903;3000003	15;3;9;3;500000	101:288;201:90;301:594	1
10100201	101002	1	15	101:16.7;201:5.7;301:36				1
10100202	101002	2	25	101:19;201:6.5;301:41	4102201;3000003	1;30000	101:34.5;201:12;301:75	1
10100203	101002	3	35	101:21.2;201:7.2;301:45.9	4102011;4102201;4102202;3000003	5;3;3;50000	101:55;201:17.5;301:122.5	1
10100204	101002	4	40	101:23.5;201:8;301:50.8	4102021;4102202;4102203;4102901;3000003	10;1;3;1;100000	101:80.5;201:28;301:171.5	1
10100205	101002	5	45	101:25.8;201:8.8;301:55.7	4102021;4102203;4102204;4102901;3000003	10;5;3;3;200000	101:92;201:32;301:196	1
10100206	101002	6	50	101:28.1;201:9.6;301:60.6	4102031;4102203;4102204;4102901;3000003	5;3;5;6;300000	101:103.5;201:36;301:220.5	1
10100207	101002	7	55	101:30.4;201:10.4;301:65.6	4102031;4102204;4102205;4102901;3000003	10;5;1;9;400000	101:115;201:40;301:250	1
10100208	101002	8	60	101:32.7;201:11.2;301:70.6	4102031;4102205;4102901;4102902;3000003	15;3;9;3;500000	101:126.5;201:43.9;301:275	1
10100209	101002	9	65	101:35.1;201:12;301:75.9	4102031;4102205;4102901;4102902;3000003	15;3;3;9;500000	101:144;201:48;301:318	1
10100210	101002	10	70	101:37.6;201:12.8;301:81.3	4102031;4102205;4102902;4102903;3000003	15;3;9;3;500000	101:162.5;201:52;301:350.9	1
10100211	101002	11	75	101:40.2;201:13.7;301:86.9	4102031;4102205;4102902;4102903;3000003	15;3;9;3;500000	101:182;201:62.9;301:392	1
10100212	101002	12	80	101:42.9;201:14.6;301:92.6	4102031;4102205;4102902;4102903;3000003	15;3;9;3;500000	101:202.5;201:67.5;301:427.4	1
10100213	101002	13	85	101:45.6;201:15.6;301:98.5	4102031;4102205;4102902;4102903;3000003	15;3;9;3;500000	101:216;201:80;301:472	1
10100214	101002	14	90	101:48.4;201:16.5;301:104.6	4102031;4102205;4102902;4102903;3000003	15;3;9;3;500000	101:238;201:76.5;301:518.5	1
10100215	101002	15	95	101:51.3;201:17.5;301:110.8	4102031;4102205;4102902;4102903;3000003	15;3;9;3;500000	101:261;201:90;301:558	1
13200801	132008	1	15	101:16.7;201:5.9;301:35.2				1
13200802	132008	2	25	101:19;201:6.7;301:40	4102201;3000003	1;30000	101:34.5;201:12;301:72	1
13200803	132008	3	35	101:21.2;201:7.5;301:44.8	4102011;4102201;4102202;3000003	5;3;3;50000	101:55;201:20;301:120	1
13200804	132008	4	40	101:23.5;201:8.3;301:49.6	4102021;4102202;4102203;4102901;3000003	10;1;3;1;100000	101:80.5;201:28;301:168	1
13200805	132008	5	45	101:25.8;201:9.1;301:54.4	4102021;4102203;4102204;4102901;3000003	10;5;3;3;200000	101:92;201:32;301:192	1
13200806	132008	6	50	101:28.1;201:9.9;301:59.2	4102031;4102203;4102204;4102901;3000003	5;3;5;6;300000	101:103.5;201:36;301:216	1
13200807	132008	7	55	101:30.4;201:10.8;301:64	4102031;4102204;4102205;4102901;3000003	10;5;1;9;400000	101:115;201:45;301:240	1
13200808	132008	8	60	101:32.7;201:11.6;301:68.9	4102031;4102205;4102901;4102902;3000003	15;3;9;3;500000	101:126.5;201:43.9;301:269.5	1
13200809	132008	9	65	101:35.1;201:12.5;301:74	4102031;4102205;4102901;4102902;3000003	15;3;3;9;500000	101:144;201:54;301:306	1
13200810	132008	10	70	101:37.6;201:13.3;301:79.3	4102031;4102205;4102902;4102903;3000003	15;3;9;3;500000	101:162.5;201:52;301:344.5	1
13200811	132008	11	75	101:40.2;201:14.3;301:84.8	4102031;4102205;4102902;4102903;3000003	15;3;9;3;500000	101:182;201:70;301:385	1
13200812	132008	12	80	101:42.9;201:15.2;301:90.4	4102031;4102205;4102902;4102903;3000003	15;3;9;3;500000	101:202.5;201:67.4;301:420	1
13200813	132008	13	85	101:45.6;201:16.2;301:96.1	4102031;4102205;4102902;4102903;3000003	15;3;9;3;500000	101:216;201:80;301:455.9	1
13200814	132008	14	90	101:48.4;201:17.2;301:102	4102031;4102205;4102902;4102903;3000003	15;3;9;3;500000	101:238;201:85;301:501.5	1
13200815	132008	15	95	101:51.3;201:18.2;301:108.1	4102031;4102205;4102902;4102903;3000003	15;3;9;3;500000	101:261;201:90;301:549	1
16400801	164008	1	15	101:18.7;201:5.9;301:37.5				1
16400802	164008	2	25	101:21.2;201:6.7;301:42.6	4102501;3000003	1;30000	101:37.5;201:12;301:76.5	1
16400803	164008	3	35	101:23.8;201:7.5;301:47.7	4102011;4102501;4102502;3000003	5;3;3;50000	101:65;201:20;301:127.5	1
16400804	164008	4	40	101:26.3;201:8.3;301:52.8	4102021;4102502;4102503;4102901;3000003	10;1;3;1;100000	101:87.5;201:28;301:178.5	1
16400805	164008	5	45	101:28.9;201:9.1;301:57.9	4102021;4102503;4102504;4102901;3000003	10;5;3;3;200000	101:104;201:32;301:204	1
16400806	164008	6	50	101:31.4;201:9.9;301:63	4102031;4102503;4102504;4102901;3000003	5;3;5;6;300000	101:112.5;201:36;301:229.5	1
16400807	164008	7	55	101:34;201:10.8;301:68.2	4102031;4102504;4102505;4102901;3000003	10;5;1;9;400000	101:130;201:45;301:260	1
16400808	164008	8	60	101:36.6;201:11.6;301:73.4	4102031;4102505;4102901;4102902;3000003	15;3;9;3;500000	101:143;201:43.9;301:286	1
16400809	164008	9	65	101:39.3;201:12.5;301:78.9	4102031;4102505;4102901;4102902;3000003	15;3;3;9;500000	101:162;201:54;301:330	1
16400810	164008	10	70	101:42.1;201:13.3;301:84.5	4102031;4102505;4102902;4102903;3000003	15;3;9;3;500000	101:182;201:52;301:364	1
16400811	164008	11	75	101:45;201:14.3;301:90.3	4102031;4102505;4102902;4102903;3000003	15;3;9;3;500000	101:203;201:70;301:406	1
16400812	164008	12	80	101:48;201:15.2;301:96.3	4102031;4102505;4102902;4102903;3000003	15;3;9;3;500000	101:225;201:67.4;301:450	1
16400813	164008	13	85	101:51;201:16.2;301:102.4	4102031;4102505;4102902;4102903;3000003	15;3;9;3;500000	101:240;201:80;301:488	1
16400814	164008	14	90	101:54.2;201:17.2;301:108.7	4102031;4102505;4102902;4102903;3000003	15;3;9;3;500000	101:272;201:85;301:535.5	1
16400815	164008	15	95	101:57.4;201:18.2;301:115.2	4102031;4102505;4102902;4102903;3000003	15;3;9;3;500000	101:288;201:90;301:585	1
15500801	155008	1	15	101:11.8;201:8.2;301:48.1				1
15500802	155008	2	25	101:13.5;201:9.3;301:54.7	4102101;3000003	1;30000	101:25.5;201:16.5;301:99	1
15500803	155008	3	35	101:15.1;201:10.5;301:61.3	4102011;4102101;4102102;3000003	5;3;3;50000	101:40;201:30;301:165	1
15500804	155008	4	40	101:16.7;201:11.6;301:67.8	4102021;4102102;4102103;4102901;3000003	10;1;3;1;100000	101:56;201:38.5;301:227.5	1
15500805	155008	5	45	101:18.3;201:12.7;301:74.4	4102021;4102103;4102104;4102901;3000003	10;5;3;3;200000	101:64;201:44;301:264	1
15500806	155008	6	50	101:19.9;201:13.8;301:81	4102031;4102103;4102104;4102901;3000003	5;3;5;6;300000	101:71.9;201:49.5;301:297	1
15500807	155008	7	55	101:21.6;201:15;301:87.6	4102031;4102104;4102105;4102901;3000003	10;5;1;9;400000	101:85;201:60;301:330	1
15500808	155008	8	60	101:23.2;201:16.1;301:94.3	4102031;4102105;4102901;4102902;3000003	15;3;9;3;500000	101:87.9;201:60.5;301:368.5	1
15500809	155008	9	65	101:25;201:17.3;301:101.3	4102031;4102105;4102901;4102902;3000003	15;3;3;9;500000	101:108;201:72;301:420	1
15500810	155008	10	70	101:26.7;201:18.6;301:108.6	4102031;4102105;4102902;4102903;3000003	15;3;9;3;500000	101:110.5;201:84.5;301:474.5	1
15500811	155008	11	75	101:28.6;201:19.8;301:116	4102031;4102105;4102902;4102903;3000003	15;3;9;3;500000	101:133;201:83.9;301:518	1
15500812	155008	12	80	101:30.5;201:21.1;301:123.7	4102031;4102105;4102902;4102903;3000003	15;3;9;3;500000	101:142.5;201:97.5;301:577.5	1
15500813	155008	13	85	101:32.4;201:22.5;301:131.6	4102031;4102105;4102902;4102903;3000003	15;3;9;3;500000	101:152;201:112;301:631.9	1
15500814	155008	14	90	101:34.4;201:23.9;301:139.7	4102031;4102105;4102902;4102903;3000003	15;3;9;3;500000	101:170;201:119;301:688.5	1
15500815	155008	15	95	101:36.5;201:25.3;301:148	4102031;4102105;4102902;4102903;3000003	15;3;9;3;500000	101:189;201:126;301:747	1
14500801	145008	1	15	101:16.7;201:5.9;301:35.2				1
14500802	145008	2	25	101:19;201:6.7;301:40	4102101;3000003	1;30000	101:34.5;201:12;301:72	1
14500803	145008	3	35	101:21.2;201:7.5;301:44.8	4102011;4102101;4102102;3000003	5;3;3;50000	101:55;201:20;301:120	1
14500804	145008	4	40	101:23.5;201:8.3;301:49.6	4102021;4102102;4102103;4102901;3000003	10;1;3;1;100000	101:80.5;201:28;301:168	1
14500805	145008	5	45	101:25.8;201:9.1;301:54.4	4102021;4102103;4102104;4102901;3000003	10;5;3;3;200000	101:92;201:32;301:192	1
14500806	145008	6	50	101:28.1;201:9.9;301:59.2	4102031;4102103;4102104;4102901;3000003	5;3;5;6;300000	101:103.5;201:36;301:216	1
14500807	145008	7	55	101:30.4;201:10.8;301:64	4102031;4102104;4102105;4102901;3000003	10;5;1;9;400000	101:115;201:45;301:240	1
14500808	145008	8	60	101:32.7;201:11.6;301:68.9	4102031;4102105;4102901;4102902;3000003	15;3;9;3;500000	101:126.5;201:43.9;301:269.5	1
14500809	145008	9	65	101:35.1;201:12.5;301:74	4102031;4102105;4102901;4102902;3000003	15;3;3;9;500000	101:144;201:54;301:306	1
14500810	145008	10	70	101:37.6;201:13.3;301:79.3	4102031;4102105;4102902;4102903;3000003	15;3;9;3;500000	101:162.5;201:52;301:344.5	1
14500811	145008	11	75	101:40.2;201:14.3;301:84.8	4102031;4102105;4102902;4102903;3000003	15;3;9;3;500000	101:182;201:70;301:385	1
14500812	145008	12	80	101:42.9;201:15.2;301:90.4	4102031;4102105;4102902;4102903;3000003	15;3;9;3;500000	101:202.5;201:67.4;301:420	1
14500813	145008	13	85	101:45.6;201:16.2;301:96.1	4102031;4102105;4102902;4102903;3000003	15;3;9;3;500000	101:216;201:80;301:455.9	1
14500814	145008	14	90	101:48.4;201:17.2;301:102	4102031;4102105;4102902;4102903;3000003	15;3;9;3;500000	101:238;201:85;301:501.5	1
14500815	145008	15	95	101:51.3;201:18.2;301:108.1	4102031;4102105;4102902;4102903;3000003	15;3;9;3;500000	101:261;201:90;301:549	1
10300501	103005	1	15	101:16.2;201:5.6;301:37.9				1
10300502	103005	2	25	101:18.5;201:6.3;301:43.1	4102101;3000003	1;30000	101:34.5;201:10.5;301:78	1
10300503	103005	3	35	101:20.7;201:7.1;301:48.3	4102011;4102101;4102102;3000003	5;3;3;50000	101:55;201:20;301:130	1
10300504	103005	4	40	101:22.9;201:7.9;301:53.4	4102021;4102102;4102103;4102901;3000003	10;1;3;1;100000	101:77;201:28;301:178.5	1
10300505	103005	5	45	101:25.1;201:8.6;301:58.6	4102021;4102103;4102104;4102901;3000003	10;5;3;3;200000	101:88;201:28;301:208	1
10300506	103005	6	50	101:27.3;201:9.4;301:63.8	4102031;4102103;4102104;4102901;3000003	5;3;5;6;300000	101:99;201:36;301:234	1
10300507	103005	7	55	101:29.6;201:10.2;301:69	4102031;4102104;4102105;4102901;3000003	10;5;1;9;400000	101:115;201:39.9;301:260	1
10300508	103005	8	60	101:31.8;201:10.9;301:74.3	4102031;4102105;4102901;4102902;3000003	15;3;9;3;500000	101:121;201:38.5;301:291.5	1
10300509	103005	9	65	101:34.2;201:11.8;301:79.8	4102031;4102105;4102901;4102902;3000003	15;3;3;9;500000	101:144;201:54;301:330	1
10300510	103005	10	70	101:36.7;201:12.6;301:85.5	4102031;4102105;4102902;4102903;3000003	15;3;9;3;500000	101:162.5;201:51.9;301:370.5	1
10300511	103005	11	75	101:39.2;201:13.5;301:91.4	4102031;4102105;4102902;4102903;3000003	15;3;9;3;500000	101:175;201:63;301:413	1
10300512	103005	12	80	101:41.8;201:14.4;301:97.4	4102031;4102105;4102902;4102903;3000003	15;3;9;3;500000	101:195;201:67.5;301:450	1
10300513	103005	13	85	101:44.4;201:15.3;301:103.6	4102031;4102105;4102902;4102903;3000003	15;3;9;3;500000	101:208;201:72;301:495.9	1
10300514	103005	14	90	101:47.2;201:16.2;301:110	4102031;4102105;4102902;4102903;3000003	15;3;9;3;500000	101:238;201:76.4;301:544	1
10300515	103005	15	95	101:50;201:17.2;301:116.6	4102031;4102105;4102902;4102903;3000003	15;3;9;3;500000	101:252;201:90;301:594	1
16500801	165008	1	15	101:19.1;201:5.9;301:36.9				1
16500802	165008	2	25	101:21.7;201:6.7;301:42	4102401;3000003	1;30000	101:39;201:12;301:76.5	1
16500803	165008	3	35	101:24.3;201:7.5;301:47	4102011;4102401;4102402;3000003	5;3;3;50000	101:65;201:20;301:125	1
16500804	165008	4	40	101:26.9;201:8.3;301:52	4102021;4102402;4102403;4102901;3000003	10;1;3;1;100000	101:90.9;201:28;301:175	1
16500805	165008	5	45	101:29.5;201:9.1;301:57.1	4102021;4102403;4102404;4102901;3000003	10;5;3;3;200000	101:104;201:32;301:204	1
16500806	165008	6	50	101:32.1;201:9.9;301:62.1	4102031;4102403;4102404;4102901;3000003	5;3;5;6;300000	101:117;201:36;301:225	1
16500807	165008	7	55	101:34.8;201:10.8;301:67.2	4102031;4102404;4102405;4102901;3000003	10;5;1;9;400000	101:135;201:45;301:255	1
16500808	165008	8	60	101:37.4;201:11.6;301:72.4	4102031;4102405;4102901;4102902;3000003	15;3;9;3;500000	101:143;201:43.9;301:286	1
16500809	165008	9	65	101:40.2;201:12.5;301:77.7	4102031;4102405;4102901;4102902;3000003	15;3;3;9;500000	101:168;201:54;301:318	1
16500810	165008	10	70	101:43.1;201:13.3;301:83.3	4102031;4102405;4102902;4102903;3000003	15;3;9;3;500000	101:188.5;201:52;301:364	1
16500811	165008	11	75	101:46.1;201:14.3;301:89	4102031;4102405;4102902;4102903;3000003	15;3;9;3;500000	101:210;201:70;301:399	1
16500812	165008	12	80	101:49.1;201:15.2;301:94.9	4102031;4102405;4102902;4102903;3000003	15;3;9;3;500000	101:225;201:67.4;301:442.5	1
16500813	165008	13	85	101:52.2;201:16.2;301:100.9	4102031;4102405;4102902;4102903;3000003	15;3;9;3;500000	101:248;201:80;301:480	1
16500814	165008	14	90	101:55.5;201:17.2;301:107.1	4102031;4102405;4102902;4102903;3000003	15;3;9;3;500000	101:280.5;201:85;301:526.9	1
16500815	165008	15	95	101:58.8;201:18.2;301:113.5	4102031;4102405;4102902;4102903;3000003	15;3;9;3;500000	101:297;201:90;301:576	1
13500201	135002	1	15	101:11.8;201:8;301:49.2				1
13500202	135002	2	25	101:13.5;201:9.1;301:56	4102301;3000003	1;30000	101:25.5;201:16.5;301:102	1
13500203	135002	3	35	101:15.1;201:10.2;301:62.7	4102011;4102301;4102302;3000003	5;3;3;50000	101:40;201:27.5;301:167.5	1
13500204	135002	4	40	101:16.7;201:11.3;301:69.4	4102021;4102302;4102303;4102901;3000003	10;1;3;1;100000	101:56;201:38.5;301:234.5	1
13500205	135002	5	45	101:18.3;201:12.4;301:76.1	4102021;4102303;4102304;4102901;3000003	10;5;3;3;200000	101:64;201:44;301:268	1
13500206	135002	6	50	101:19.9;201:13.5;301:82.8	4102031;4102303;4102304;4102901;3000003	5;3;5;6;300000	101:71.9;201:49.5;301:301.5	1
13500207	135002	7	55	101:21.6;201:14.6;301:89.6	4102031;4102304;4102305;4102901;3000003	10;5;1;9;400000	101:85;201:55;301:340	1
13500208	135002	8	60	101:23.2;201:15.7;301:96.5	4102031;4102305;4102901;4102902;3000003	15;3;9;3;500000	101:87.9;201:60.5;301:379.5	1
13500209	135002	9	65	101:25;201:16.8;301:103.7	4102031;4102305;4102901;4102902;3000003	15;3;3;9;500000	101:108;201:66;301:432	1
13500210	135002	10	70	101:26.7;201:18.1;301:111.1	4102031;4102305;4102902;4102903;3000003	15;3;9;3;500000	101:110.5;201:84.5;301:480.9	1
13500211	135002	11	75	101:28.6;201:19.3;301:118.7	4102031;4102305;4102902;4102903;3000003	15;3;9;3;500000	101:133;201:83.9;301:532	1
13500212	135002	12	80	101:30.5;201:20.6;301:126.5	4102031;4102305;4102902;4102903;3000003	15;3;9;3;500000	101:142.5;201:97.5;301:585	1
13500213	135002	13	85	101:32.4;201:21.9;301:134.6	4102031;4102305;4102902;4102903;3000003	15;3;9;3;500000	101:152;201:104;301:648	1
13500214	135002	14	90	101:34.4;201:23.2;301:142.9	4102031;4102305;4102902;4102903;3000003	15;3;9;3;500000	101:170;201:110.5;301:705.5	1
13500215	135002	15	95	101:36.5;201:24.6;301:151.4	4102031;4102305;4102902;4102903;3000003	15;3;9;3;500000	101:189;201:126;301:765	1
14400201	144002	1	15	101:16.2;201:5.6;301:37.9				1
14400202	144002	2	25	101:18.5;201:6.3;301:43.1	4102301;3000003	1;30000	101:34.5;201:10.5;301:78	1
14400203	144002	3	35	101:20.7;201:7.1;301:48.3	4102011;4102301;4102302;3000003	5;3;3;50000	101:55;201:20;301:130	1
14400204	144002	4	40	101:22.9;201:7.9;301:53.4	4102021;4102302;4102303;4102901;3000003	10;1;3;1;100000	101:77;201:28;301:178.5	1
14400205	144002	5	45	101:25.1;201:8.6;301:58.6	4102021;4102303;4102304;4102901;3000003	10;5;3;3;200000	101:88;201:28;301:208	1
14400206	144002	6	50	101:27.3;201:9.4;301:63.8	4102031;4102303;4102304;4102901;3000003	5;3;5;6;300000	101:99;201:36;301:234	1
14400207	144002	7	55	101:29.6;201:10.2;301:69	4102031;4102304;4102305;4102901;3000003	10;5;1;9;400000	101:115;201:39.9;301:260	1
14400208	144002	8	60	101:31.8;201:10.9;301:74.3	4102031;4102305;4102901;4102902;3000003	15;3;9;3;500000	101:121;201:38.5;301:291.5	1
14400209	144002	9	65	101:34.2;201:11.8;301:79.8	4102031;4102305;4102901;4102902;3000003	15;3;3;9;500000	101:144;201:54;301:330	1
14400210	144002	10	70	101:36.7;201:12.6;301:85.5	4102031;4102305;4102902;4102903;3000003	15;3;9;3;500000	101:162.5;201:51.9;301:370.5	1
14400211	144002	11	75	101:39.2;201:13.5;301:91.4	4102031;4102305;4102902;4102903;3000003	15;3;9;3;500000	101:175;201:63;301:413	1
14400212	144002	12	80	101:41.8;201:14.4;301:97.4	4102031;4102305;4102902;4102903;3000003	15;3;9;3;500000	101:195;201:67.5;301:450	1
14400213	144002	13	85	101:44.4;201:15.3;301:103.6	4102031;4102305;4102902;4102903;3000003	15;3;9;3;500000	101:208;201:72;301:495.9	1
14400214	144002	14	90	101:47.2;201:16.2;301:110	4102031;4102305;4102902;4102903;3000003	15;3;9;3;500000	101:238;201:76.4;301:544	1
14400215	144002	15	95	101:50;201:17.2;301:116.6	4102031;4102305;4102902;4102903;3000003	15;3;9;3;500000	101:252;201:90;301:594	1
16600801	166008	1	15	101:19.9;201:5.7;301:36				1
16600802	166008	2	25	101:22.6;201:6.5;301:41	4102501;3000003	1;30000	101:40.5;201:12;301:75	1
16600803	166008	3	35	101:25.3;201:7.2;301:45.9	4102011;4102501;4102502;3000003	5;3;3;50000	101:67.5;201:17.5;301:122.5	1
16600804	166008	4	40	101:28;201:8;301:50.8	4102021;4102502;4102503;4102901;3000003	10;1;3;1;100000	101:94.5;201:28;301:171.5	1
16600805	166008	5	45	101:30.7;201:8.8;301:55.7	4102021;4102503;4102504;4102901;3000003	10;5;3;3;200000	101:108;201:32;301:196	1
16600806	166008	6	50	101:33.4;201:9.6;301:60.6	4102031;4102503;4102504;4102901;3000003	5;3;5;6;300000	101:121.5;201:36;301:220.5	1
16600807	166008	7	55	101:36.2;201:10.4;301:65.6	4102031;4102504;4102505;4102901;3000003	10;5;1;9;400000	101:140;201:40;301:250	1
16600808	166008	8	60	101:39;201:11.2;301:70.6	4102031;4102505;4102901;4102902;3000003	15;3;9;3;500000	101:154;201:43.9;301:275	1
16600809	166008	9	65	101:41.9;201:12;301:75.9	4102031;4102505;4102901;4102902;3000003	15;3;3;9;500000	101:174;201:48;301:318	1
16600810	166008	10	70	101:44.8;201:12.8;301:81.3	4102031;4102505;4102902;4102903;3000003	15;3;9;3;500000	101:188.5;201:52;301:350.9	1
16600811	166008	11	75	101:47.9;201:13.7;301:86.9	4102031;4102505;4102902;4102903;3000003	15;3;9;3;500000	101:217;201:62.9;301:392	1
16600812	166008	12	80	101:51.1;201:14.6;301:92.6	4102031;4102505;4102902;4102903;3000003	15;3;9;3;500000	101:240;201:67.5;301:427.4	1
16600813	166008	13	85	101:54.3;201:15.6;301:98.5	4102031;4102505;4102902;4102903;3000003	15;3;9;3;500000	101:256;201:80;301:472	1
16600814	166008	14	90	101:57.7;201:16.5;301:104.6	4102031;4102505;4102902;4102903;3000003	15;3;9;3;500000	101:289;201:76.5;301:518.5	1
16600815	166008	15	95	101:61.1;201:17.5;301:110.8	4102031;4102505;4102902;4102903;3000003	15;3;9;3;500000	101:306;201:90;301:558	1
10301001	103010	1	15	101:16.7;201:5.7;301:36				1
10301002	103010	2	25	101:19;201:6.5;301:41	4102201;3000003	1;30000	101:34.5;201:12;301:75	1
10301003	103010	3	35	101:21.2;201:7.2;301:45.9	4102011;4102201;4102202;3000003	5;3;3;50000	101:55;201:17.5;301:122.5	1
10301004	103010	4	40	101:23.5;201:8;301:50.8	4102021;4102202;4102203;4102901;3000003	10;1;3;1;100000	101:80.5;201:28;301:171.5	1
10301005	103010	5	45	101:25.8;201:8.8;301:55.7	4102021;4102203;4102204;4102901;3000003	10;5;3;3;200000	101:92;201:32;301:196	1
10301006	103010	6	50	101:28.1;201:9.6;301:60.6	4102031;4102203;4102204;4102901;3000003	5;3;5;6;300000	101:103.5;201:36;301:220.5	1
10301007	103010	7	55	101:30.4;201:10.4;301:65.6	4102031;4102204;4102205;4102901;3000003	10;5;1;9;400000	101:115;201:40;301:250	1
10301008	103010	8	60	101:32.7;201:11.2;301:70.6	4102031;4102205;4102901;4102902;3000003	15;3;9;3;500000	101:126.5;201:43.9;301:275	1
10301009	103010	9	65	101:35.1;201:12;301:75.9	4102031;4102205;4102901;4102902;3000003	15;3;3;9;500000	101:144;201:48;301:318	1
10301010	103010	10	70	101:37.6;201:12.8;301:81.3	4102031;4102205;4102902;4102903;3000003	15;3;9;3;500000	101:162.5;201:52;301:350.9	1
10301011	103010	11	75	101:40.2;201:13.7;301:86.9	4102031;4102205;4102902;4102903;3000003	15;3;9;3;500000	101:182;201:62.9;301:392	1
10301012	103010	12	80	101:42.9;201:14.6;301:92.6	4102031;4102205;4102902;4102903;3000003	15;3;9;3;500000	101:202.5;201:67.5;301:427.4	1
10301013	103010	13	85	101:45.6;201:15.6;301:98.5	4102031;4102205;4102902;4102903;3000003	15;3;9;3;500000	101:216;201:80;301:472	1
10301014	103010	14	90	101:48.4;201:16.5;301:104.6	4102031;4102205;4102902;4102903;3000003	15;3;9;3;500000	101:238;201:76.5;301:518.5	1
10301015	103010	15	95	101:51.3;201:17.5;301:110.8	4102031;4102205;4102902;4102903;3000003	15;3;9;3;500000	101:261;201:90;301:558	1
16700801	167008	1	15	101:17.4;201:5.9;301:39.1				1
16700802	167008	2	25	101:19.8;201:6.7;301:44.5	4102401;3000003	1;30000	101:36;201:12;301:81	1
16700803	167008	3	35	101:22.2;201:7.5;301:49.8	4102011;4102401;4102402;3000003	5;3;3;50000	101:60;201:20;301:132.5	1
16700804	167008	4	40	101:24.6;201:8.3;301:55.1	4102021;4102402;4102403;4102901;3000003	10;1;3;1;100000	101:84;201:28;301:185.5	1
16700805	167008	5	45	101:27;201:9.1;301:60.5	4102021;4102403;4102404;4102901;3000003	10;5;3;3;200000	101:95.9;201:32;301:216	1
16700806	167008	6	50	101:29.4;201:9.9;301:65.8	4102031;4102403;4102404;4102901;3000003	5;3;5;6;300000	101:108;201:36;301:238.5	1
16700807	167008	7	55	101:31.8;201:10.8;301:71.2	4102031;4102404;4102405;4102901;3000003	10;5;1;9;400000	101:120;201:45;301:270	1
16700808	167008	8	60	101:34.2;201:11.6;301:76.7	4102031;4102405;4102901;4102902;3000003	15;3;9;3;500000	101:132;201:43.9;301:302.5	1
16700809	167008	9	65	101:36.8;201:12.5;301:82.4	4102031;4102405;4102901;4102902;3000003	15;3;3;9;500000	101:156;201:54;301:342	1
16700810	167008	10	70	101:39.4;201:13.3;301:88.2	4102031;4102405;4102902;4102903;3000003	15;3;9;3;500000	101:169;201:52;301:377	1
16700811	167008	11	75	101:42.1;201:14.3;301:94.3	4102031;4102405;4102902;4102903;3000003	15;3;9;3;500000	101:189;201:70;301:427	1
16700812	167008	12	80	101:44.9;201:15.2;301:100.5	4102031;4102405;4102902;4102903;3000003	15;3;9;3;500000	101:210;201:67.4;301:465	1
16700813	167008	13	85	101:47.7;201:16.2;301:106.9	4102031;4102405;4102902;4102903;3000003	15;3;9;3;500000	101:224;201:80;301:512	1
16700814	167008	14	90	101:50.7;201:17.2;301:113.5	4102031;4102405;4102902;4102903;3000003	15;3;9;3;500000	101:255;201:85;301:561	1
16700815	167008	15	95	101:53.7;201:18.2;301:120.3	4102031;4102405;4102902;4102903;3000003	15;3;9;3;500000	101:270;201:90;301:612	1
10201701	102017	1	15	101:17.4;201:5.6;301:33.7				1
10201702	102017	2	25	101:19.8;201:6.3;301:38.3	4102201;3000003	1;30000	101:36;201:10.5;301:68.9	1
10201703	102017	3	35	101:22.2;201:7.1;301:42.9	4102011;4102201;4102202;3000003	5;3;3;50000	101:60;201:20;301:115	1
10201704	102017	4	40	101:24.6;201:7.9;301:47.5	4102021;4102202;4102203;4102901;3000003	10;1;3;1;100000	101:84;201:28;301:161	1
10201705	102017	5	45	101:27;201:8.6;301:52.1	4102021;4102203;4102204;4102901;3000003	10;5;3;3;200000	101:95.9;201:28;301:184	1
10201706	102017	6	50	101:29.4;201:9.4;301:56.7	4102031;4102203;4102204;4102901;3000003	5;3;5;6;300000	101:108;201:36;301:207	1
10201707	102017	7	55	101:31.8;201:10.2;301:61.4	4102031;4102204;4102205;4102901;3000003	10;5;1;9;400000	101:120;201:39.9;301:235	1
10201708	102017	8	60	101:34.2;201:10.9;301:66.1	4102031;4102205;4102901;4102902;3000003	15;3;9;3;500000	101:132;201:38.5;301:258.5	1
10201709	102017	9	65	101:36.8;201:11.8;301:71	4102031;4102205;4102901;4102902;3000003	15;3;3;9;500000	101:156;201:54;301:294	1
10201710	102017	10	70	101:39.4;201:12.6;301:76.1	4102031;4102205;4102902;4102903;3000003	15;3;9;3;500000	101:169;201:51.9;301:331.5	1
10201711	102017	11	75	101:42.1;201:13.5;301:81.3	4102031;4102205;4102902;4102903;3000003	15;3;9;3;500000	101:189;201:63;301:364	1
10201712	102017	12	80	101:44.9;201:14.4;301:86.7	4102031;4102205;4102902;4102903;3000003	15;3;9;3;500000	101:210;201:67.5;301:405	1
10201713	102017	13	85	101:47.7;201:15.3;301:92.2	4102031;4102205;4102902;4102903;3000003	15;3;9;3;500000	101:224;201:72;301:440	1
10201714	102017	14	90	101:50.7;201:16.2;301:97.9	4102031;4102205;4102902;4102903;3000003	15;3;9;3;500000	101:255;201:76.4;301:484.5	1
10201715	102017	15	95	101:53.7;201:17.2;301:103.7	4102031;4102205;4102902;4102903;3000003	15;3;9;3;500000	101:270;201:90;301:522	1
10400401	104004	1	15	101:17.4;201:5.6;301:33.7				1
10400402	104004	2	25	101:19.8;201:6.3;301:38.3	4102101;3000003	1;30000	101:36;201:10.5;301:68.9	1
10400403	104004	3	35	101:22.2;201:7.1;301:42.9	4102011;4102101;4102102;3000003	5;3;3;50000	101:60;201:20;301:115	1
10400404	104004	4	40	101:24.6;201:7.9;301:47.5	4102021;4102102;4102103;4102901;3000003	10;1;3;1;100000	101:84;201:28;301:161	1
10400405	104004	5	45	101:27;201:8.6;301:52.1	4102021;4102103;4102104;4102901;3000003	10;5;3;3;200000	101:95.9;201:28;301:184	1
10400406	104004	6	50	101:29.4;201:9.4;301:56.7	4102031;4102103;4102104;4102901;3000003	5;3;5;6;300000	101:108;201:36;301:207	1
10400407	104004	7	55	101:31.8;201:10.2;301:61.4	4102031;4102104;4102105;4102901;3000003	10;5;1;9;400000	101:120;201:39.9;301:235	1
10400408	104004	8	60	101:34.2;201:10.9;301:66.1	4102031;4102105;4102901;4102902;3000003	15;3;9;3;500000	101:132;201:38.5;301:258.5	1
10400409	104004	9	65	101:36.8;201:11.8;301:71	4102031;4102105;4102901;4102902;3000003	15;3;3;9;500000	101:156;201:54;301:294	1
10400410	104004	10	70	101:39.4;201:12.6;301:76.1	4102031;4102105;4102902;4102903;3000003	15;3;9;3;500000	101:169;201:51.9;301:331.5	1
10400411	104004	11	75	101:42.1;201:13.5;301:81.3	4102031;4102105;4102902;4102903;3000003	15;3;9;3;500000	101:189;201:63;301:364	1
10400412	104004	12	80	101:44.9;201:14.4;301:86.7	4102031;4102105;4102902;4102903;3000003	15;3;9;3;500000	101:210;201:67.5;301:405	1
10400413	104004	13	85	101:47.7;201:15.3;301:92.2	4102031;4102105;4102902;4102903;3000003	15;3;9;3;500000	101:224;201:72;301:440	1
10400414	104004	14	90	101:50.7;201:16.2;301:97.9	4102031;4102105;4102902;4102903;3000003	15;3;9;3;500000	101:255;201:76.4;301:484.5	1
10400415	104004	15	95	101:53.7;201:17.2;301:103.7	4102031;4102105;4102902;4102903;3000003	15;3;9;3;500000	101:270;201:90;301:522	1
17000801	170008	1	15	101:19.9;201:5.7;301:36				1
17000802	170008	2	25	101:22.6;201:6.5;301:41	4102501;3000003	1;30000	101:40.5;201:12;301:75	1
17000803	170008	3	35	101:25.3;201:7.2;301:45.9	4102011;4102501;4102502;3000003	5;3;3;50000	101:67.5;201:17.5;301:122.5	1
17000804	170008	4	40	101:28;201:8;301:50.8	4102021;4102502;4102503;4102901;3000003	10;1;3;1;100000	101:94.5;201:28;301:171.5	1
17000805	170008	5	45	101:30.7;201:8.8;301:55.7	4102021;4102503;4102504;4102901;3000003	10;5;3;3;200000	101:108;201:32;301:196	1
17000806	170008	6	50	101:33.4;201:9.6;301:60.6	4102031;4102503;4102504;4102901;3000003	5;3;5;6;300000	101:121.5;201:36;301:220.5	1
17000807	170008	7	55	101:36.2;201:10.4;301:65.6	4102031;4102504;4102505;4102901;3000003	10;5;1;9;400000	101:140;201:40;301:250	1
17000808	170008	8	60	101:39;201:11.2;301:70.6	4102031;4102505;4102901;4102902;3000003	15;3;9;3;500000	101:154;201:43.9;301:275	1
17000809	170008	9	65	101:41.9;201:12;301:75.9	4102031;4102505;4102901;4102902;3000003	15;3;3;9;500000	101:174;201:48;301:318	1
17000810	170008	10	70	101:44.8;201:12.8;301:81.3	4102031;4102505;4102902;4102903;3000003	15;3;9;3;500000	101:188.5;201:52;301:350.9	1
17000811	170008	11	75	101:47.9;201:13.7;301:86.9	4102031;4102505;4102902;4102903;3000003	15;3;9;3;500000	101:217;201:62.9;301:392	1
17000812	170008	12	80	101:51.1;201:14.6;301:92.6	4102031;4102505;4102902;4102903;3000003	15;3;9;3;500000	101:240;201:67.5;301:427.4	1
17000813	170008	13	85	101:54.3;201:15.6;301:98.5	4102031;4102505;4102902;4102903;3000003	15;3;9;3;500000	101:256;201:80;301:472	1
17000814	170008	14	90	101:57.7;201:16.5;301:104.6	4102031;4102505;4102902;4102903;3000003	15;3;9;3;500000	101:289;201:76.5;301:518.5	1
17000815	170008	15	95	101:61.1;201:17.5;301:110.8	4102031;4102505;4102902;4102903;3000003	15;3;9;3;500000	101:306;201:90;301:558	1
10201301	102013	1	15	101:14.3;201:6;301:38.2				1
10201302	102013	2	25	101:16.2;201:6.8;301:43.5	4102101;3000003	1;30000	101:28.5;201:12;301:79.5	1
10201303	102013	3	35	101:18.2;201:7.7;301:48.7	4102011;4102101;4102102;3000003	5;3;3;50000	101:50;201:22.5;301:130	1
10201304	102013	4	40	101:20.1;201:8.5;301:53.9	4102021;4102102;4102103;4102901;3000003	10;1;3;1;100000	101:66.5;201:28;301:182	1
10201305	102013	5	45	101:22.1;201:9.3;301:59.1	4102021;4102103;4102104;4102901;3000003	10;5;3;3;200000	101:80;201:32;301:208	1
10201306	102013	6	50	101:24;201:10.1;301:64.3	4102031;4102103;4102104;4102901;3000003	5;3;5;6;300000	101:85.4;201:36;301:234	1
10201307	102013	7	55	101:26;201:11;301:69.6	4102031;4102104;4102105;4102901;3000003	10;5;1;9;400000	101:100;201:45;301:265	1
10201308	102013	8	60	101:28;201:11.8;301:74.9	4102031;4102105;4102901;4102902;3000003	15;3;9;3;500000	101:110;201:44;301:291.5	1
10201309	102013	9	65	101:30;201:12.7;301:80.5	4102031;4102105;4102901;4102902;3000003	15;3;3;9;500000	101:120;201:53.9;301:336	1
10201310	102013	10	70	101:32.2;201:13.6;301:86.3	4102031;4102105;4102902;4102903;3000003	15;3;9;3;500000	101:143;201:58.5;301:377	1
10201311	102013	11	75	101:34.4;201:14.5;301:92.2	4102031;4102105;4102902;4102903;3000003	15;3;9;3;500000	101:154;201:63;301:413	1
10201312	102013	12	80	101:36.7;201:15.5;301:98.3	4102031;4102105;4102902;4102903;3000003	15;3;9;3;500000	101:172.5;201:75;301:457.5	1
10201313	102013	13	85	101:39;201:16.5;301:104.5	4102031;4102105;4102902;4102903;3000003	15;3;9;3;500000	101:184;201:80;301:496	1
10201314	102013	14	90	101:41.4;201:17.5;301:111	4102031;4102105;4102902;4102903;3000003	15;3;9;3;500000	101:204;201:85;301:552.5	1
10201315	102013	15	95	101:43.9;201:18.5;301:117.6	4102031;4102105;4102902;4102903;3000003	15;3;9;3;500000	101:225;201:90;301:594	1
10400201	104002	1	15	101:17.4;201:5.6;301:33.7				1
10400202	104002	2	25	101:19.8;201:6.3;301:38.3	4102301;3000003	1;30000	101:36;201:10.5;301:68.9	1
10400203	104002	3	35	101:22.2;201:7.1;301:42.9	4102011;4102301;4102302;3000003	5;3;3;50000	101:60;201:20;301:115	1
10400204	104002	4	40	101:24.6;201:7.9;301:47.5	4102021;4102302;4102303;4102901;3000003	10;1;3;1;100000	101:84;201:28;301:161	1
10400205	104002	5	45	101:27;201:8.6;301:52.1	4102021;4102303;4102304;4102901;3000003	10;5;3;3;200000	101:95.9;201:28;301:184	1
10400206	104002	6	50	101:29.4;201:9.4;301:56.7	4102031;4102303;4102304;4102901;3000003	5;3;5;6;300000	101:108;201:36;301:207	1
10400207	104002	7	55	101:31.8;201:10.2;301:61.4	4102031;4102304;4102305;4102901;3000003	10;5;1;9;400000	101:120;201:39.9;301:235	1
10400208	104002	8	60	101:34.2;201:10.9;301:66.1	4102031;4102305;4102901;4102902;3000003	15;3;9;3;500000	101:132;201:38.5;301:258.5	1
10400209	104002	9	65	101:36.8;201:11.8;301:71	4102031;4102305;4102901;4102902;3000003	15;3;3;9;500000	101:156;201:54;301:294	1
10400210	104002	10	70	101:39.4;201:12.6;301:76.1	4102031;4102305;4102902;4102903;3000003	15;3;9;3;500000	101:169;201:51.9;301:331.5	1
10400211	104002	11	75	101:42.1;201:13.5;301:81.3	4102031;4102305;4102902;4102903;3000003	15;3;9;3;500000	101:189;201:63;301:364	1
10400212	104002	12	80	101:44.9;201:14.4;301:86.7	4102031;4102305;4102902;4102903;3000003	15;3;9;3;500000	101:210;201:67.5;301:405	1
10400213	104002	13	85	101:47.7;201:15.3;301:92.2	4102031;4102305;4102902;4102903;3000003	15;3;9;3;500000	101:224;201:72;301:440	1
10400214	104002	14	90	101:50.7;201:16.2;301:97.9	4102031;4102305;4102902;4102903;3000003	15;3;9;3;500000	101:255;201:76.4;301:484.5	1
10400215	104002	15	95	101:53.7;201:17.2;301:103.7	4102031;4102305;4102902;4102903;3000003	15;3;9;3;500000	101:270;201:90;301:522	1
16900801	169008	1	15	101:22.3;201:5.2;301:32				1
16900802	169008	2	25	101:25.3;201:6;301:36.3	4102401;3000003	1;30000	101:45;201:12;301:64.5	1
16900803	169008	3	35	101:28.4;201:6.7;301:40.7	4102011;4102401;4102402;3000003	5;3;3;50000	101:77.4;201:17.5;301:110	1
16900804	169008	4	40	101:31.4;201:7.4;301:45.1	4102021;4102402;4102403;4102901;3000003	10;1;3;1;100000	101:105;201:24.5;301:154	1
16900805	169008	5	45	101:34.5;201:8.1;301:49.4	4102021;4102403;4102404;4102901;3000003	10;5;3;3;200000	101:124;201:28;301:172	1
16900806	169008	6	50	101:37.5;201:8.8;301:53.8	4102031;4102403;4102404;4102901;3000003	5;3;5;6;300000	101:135;201:31.5;301:198	1
16900807	169008	7	55	101:40.6;201:9.6;301:58.2	4102031;4102404;4102405;4102901;3000003	10;5;1;9;400000	101:155;201:39.9;301:220	1
16900808	169008	8	60	101:43.7;201:10.3;301:62.7	4102031;4102405;4102901;4102902;3000003	15;3;9;3;500000	101:170.5;201:38.5;301:247.5	1
16900809	169008	9	65	101:46.9;201:11.1;301:67.3	4102031;4102405;4102901;4102902;3000003	15;3;3;9;500000	101:192;201:47.9;301:276	1
16900810	169008	10	70	101:50.3;201:11.9;301:72.1	4102031;4102405;4102902;4102903;3000003	15;3;9;3;500000	101:221;201:52;301:312	1
16900811	169008	11	75	101:53.7;201:12.7;301:77.1	4102031;4102405;4102902;4102903;3000003	15;3;9;3;500000	101:238;201:55.9;301:350	1
16900812	169008	12	80	101:57.3;201:13.5;301:82.2	4102031;4102405;4102902;4102903;3000003	15;3;9;3;500000	101:270;201:60;301:382.5	1
16900813	169008	13	85	101:61;201:14.4;301:87.4	4102031;4102405;4102902;4102903;3000003	15;3;9;3;500000	101:296;201:72;301:416	1
16900814	169008	14	90	101:64.7;201:15.3;301:92.8	4102031;4102405;4102902;4102903;3000003	15;3;9;3;500000	101:314.5;201:76.5;301:458.9	1
16900815	169008	15	95	101:68.6;201:16.2;301:98.3	4102031;4102405;4102902;4102903;3000003	15;3;9;3;500000	101:350.9;201:80.9;301:495	1
10301101	103011	1	15	101:17.4;201:5.6;301:33.7				1
10301102	103011	2	25	101:19.8;201:6.3;301:38.3	4102301;3000003	1;30000	101:36;201:10.5;301:68.9	1
10301103	103011	3	35	101:22.2;201:7.1;301:42.9	4102011;4102301;4102302;3000003	5;3;3;50000	101:60;201:20;301:115	1
10301104	103011	4	40	101:24.6;201:7.9;301:47.5	4102021;4102302;4102303;4102901;3000003	10;1;3;1;100000	101:84;201:28;301:161	1
10301105	103011	5	45	101:27;201:8.6;301:52.1	4102021;4102303;4102304;4102901;3000003	10;5;3;3;200000	101:95.9;201:28;301:184	1
10301106	103011	6	50	101:29.4;201:9.4;301:56.7	4102031;4102303;4102304;4102901;3000003	5;3;5;6;300000	101:108;201:36;301:207	1
10301107	103011	7	55	101:31.8;201:10.2;301:61.4	4102031;4102304;4102305;4102901;3000003	10;5;1;9;400000	101:120;201:39.9;301:235	1
10301108	103011	8	60	101:34.2;201:10.9;301:66.1	4102031;4102305;4102901;4102902;3000003	15;3;9;3;500000	101:132;201:38.5;301:258.5	1
10301109	103011	9	65	101:36.8;201:11.8;301:71	4102031;4102305;4102901;4102902;3000003	15;3;3;9;500000	101:156;201:54;301:294	1
10301110	103011	10	70	101:39.4;201:12.6;301:76.1	4102031;4102305;4102902;4102903;3000003	15;3;9;3;500000	101:169;201:51.9;301:331.5	1
10301111	103011	11	75	101:42.1;201:13.5;301:81.3	4102031;4102305;4102902;4102903;3000003	15;3;9;3;500000	101:189;201:63;301:364	1
10301112	103011	12	80	101:44.9;201:14.4;301:86.7	4102031;4102305;4102902;4102903;3000003	15;3;9;3;500000	101:210;201:67.5;301:405	1
10301113	103011	13	85	101:47.7;201:15.3;301:92.2	4102031;4102305;4102902;4102903;3000003	15;3;9;3;500000	101:224;201:72;301:440	1
10301114	103011	14	90	101:50.7;201:16.2;301:97.9	4102031;4102305;4102902;4102903;3000003	15;3;9;3;500000	101:255;201:76.4;301:484.5	1
10301115	103011	15	95	101:53.7;201:17.2;301:103.7	4102031;4102305;4102902;4102903;3000003	15;3;9;3;500000	101:270;201:90;301:522	1
17100801	171008	1	15	101:23.1;201:5.1;301:31.1				1
17100802	171008	2	25	101:26.2;201:5.8;301:35.3	4102501;3000003	1;30000	101:46.5;201:10.5;301:62.9	1
17100803	171008	3	35	101:29.4;201:6.5;301:39.6	4102011;4102501;4102502;3000003	5;3;3;50000	101:80;201:17.5;301:107.5	1
17100804	171008	4	40	101:32.5;201:7.2;301:43.8	4102021;4102502;4102503;4102901;3000003	10;1;3;1;100000	101:108.5;201:24.5;301:147	1
17100805	171008	5	45	101:35.7;201:7.9;301:48.1	4102021;4102503;4102504;4102901;3000003	10;5;3;3;200000	101:128;201:28;301:172	1
17100806	171008	6	50	101:38.8;201:8.6;301:52.3	4102031;4102503;4102504;4102901;3000003	5;3;5;6;300000	101:139.5;201:31.5;301:189	1
17100807	171008	7	55	101:42;201:9.4;301:56.6	4102031;4102504;4102505;4102901;3000003	10;5;1;9;400000	101:160;201:40;301:215	1
17100808	171008	8	60	101:45.2;201:10.1;301:60.9	4102031;4102505;4102901;4102902;3000003	15;3;9;3;500000	101:176;201:38.5;301:236.5	1
17100809	171008	9	65	101:48.6;201:10.8;301:65.5	4102031;4102505;4102901;4102902;3000003	15;3;3;9;500000	101:204;201:42;301:276	1
17100810	171008	10	70	101:52;201:11.6;301:70.1	4102031;4102505;4102902;4102903;3000003	15;3;9;3;500000	101:221;201:51.9;301:299	1
17100811	171008	11	75	101:55.6;201:12.4;301:74.9	4102031;4102505;4102902;4102903;3000003	15;3;9;3;500000	101:252;201:56;301:336	1
17100812	171008	12	80	101:59.3;201:13.2;301:79.9	4102031;4102505;4102902;4102903;3000003	15;3;9;3;500000	101:277.5;201:59.9;301:375	1
17100813	171008	13	85	101:63.1;201:14.1;301:85	4102031;4102505;4102902;4102903;3000003	15;3;9;3;500000	101:304;201:72;301:408	1
17100814	171008	14	90	101:66.9;201:14.9;301:90.2	4102031;4102505;4102902;4102903;3000003	15;3;9;3;500000	101:323;201:68;301:442	1
17100815	171008	15	95	101:70.9;201:15.8;301:95.6	4102031;4102505;4102902;4102903;3000003	15;3;9;3;500000	101:360;201:81;301:485.9	1
10600501	106005	1	15	101:11.6;201:7.5;301:45.6				1
10600502	106005	2	25	101:13.2;201:8.6;301:51.8	4102201;3000003	1;30000	101:24;201:16.5;301:92.9	1
10600503	106005	3	35	101:14.8;201:9.6;301:58.1	4102011;4102201;4102202;3000003	5;3;3;50000	101:40;201:25;301:157.5	1
10600504	106005	4	40	101:16.4;201:10.6;301:64.3	4102021;4102202;4102203;4102901;3000003	10;1;3;1;100000	101:55.9;201:35;301:217	1
10600505	106005	5	45	101:18;201:11.7;301:70.5	4102021;4102203;4102204;4102901;3000003	10;5;3;3;200000	101:64;201:44;301:248	1
10600506	106005	6	50	101:19.6;201:12.7;301:76.7	4102031;4102203;4102204;4102901;3000003	5;3;5;6;300000	101:72;201:45;301:279	1
10600507	106005	7	55	101:21.2;201:13.8;301:83	4102031;4102204;4102205;4102901;3000003	10;5;1;9;400000	101:79.9;201:55;301:315	1
10600508	106005	8	60	101:22.8;201:14.8;301:89.4	4102031;4102205;4102901;4102902;3000003	15;3;9;3;500000	101:88;201:55;301:352	1
10600509	106005	9	65	101:24.5;201:15.9;301:96	4102031;4102205;4102901;4102902;3000003	15;3;3;9;500000	101:102;201:66;301:396	1
10600510	106005	10	70	101:26.2;201:17.1;301:102.9	4102031;4102205;4102902;4102903;3000003	15;3;9;3;500000	101:110.5;201:78;301:448.5	1
10600511	106005	11	75	101:28;201:18.2;301:109.9	4102031;4102205;4102902;4102903;3000003	15;3;9;3;500000	101:126;201:76.9;301:490	1
10600512	106005	12	80	101:29.9;201:19.4;301:117.2	4102031;4102205;4102902;4102903;3000003	15;3;9;3;500000	101:142.5;201:89.9;301:547.5	1
10600513	106005	13	85	101:31.8;201:20.7;301:124.7	4102031;4102205;4102902;4102903;3000003	15;3;9;3;500000	101:152;201:104;301:600	1
10600514	106005	14	90	101:33.8;201:22;301:132.3	4102031;4102205;4102902;4102903;3000003	15;3;9;3;500000	101:170;201:110.5;301:646	1
10600515	106005	15	95	101:35.8;201:23.3;301:140.2	4102031;4102205;4102902;4102903;3000003	15;3;9;3;500000	101:180;201:117;301:710.9	1
17200801	172008	1	15	101:23.1;201:5.1;301:31.1				1
17200802	172008	2	25	101:26.2;201:5.8;301:35.3	4102501;3000003	1;30000	101:46.5;201:10.5;301:62.9	1
17200803	172008	3	35	101:29.4;201:6.5;301:39.6	4102011;4102501;4102502;3000003	5;3;3;50000	101:80;201:17.5;301:107.5	1
17200804	172008	4	40	101:32.5;201:7.2;301:43.8	4102021;4102502;4102503;4102901;3000003	10;1;3;1;100000	101:108.5;201:24.5;301:147	1
17200805	172008	5	45	101:35.7;201:7.9;301:48.1	4102021;4102503;4102504;4102901;3000003	10;5;3;3;200000	101:128;201:28;301:172	1
17200806	172008	6	50	101:38.8;201:8.6;301:52.3	4102031;4102503;4102504;4102901;3000003	5;3;5;6;300000	101:139.5;201:31.5;301:189	1
17200807	172008	7	55	101:42;201:9.4;301:56.6	4102031;4102504;4102505;4102901;3000003	10;5;1;9;400000	101:160;201:40;301:215	1
17200808	172008	8	60	101:45.2;201:10.1;301:60.9	4102031;4102505;4102901;4102902;3000003	15;3;9;3;500000	101:176;201:38.5;301:236.5	1
17200809	172008	9	65	101:48.6;201:10.8;301:65.5	4102031;4102505;4102901;4102902;3000003	15;3;3;9;500000	101:204;201:42;301:276	1
17200810	172008	10	70	101:52;201:11.6;301:70.1	4102031;4102505;4102902;4102903;3000003	15;3;9;3;500000	101:221;201:51.9;301:299	1
17200811	172008	11	75	101:55.6;201:12.4;301:74.9	4102031;4102505;4102902;4102903;3000003	15;3;9;3;500000	101:252;201:56;301:336	1
17200812	172008	12	80	101:59.3;201:13.2;301:79.9	4102031;4102505;4102902;4102903;3000003	15;3;9;3;500000	101:277.5;201:59.9;301:375	1
17200813	172008	13	85	101:63.1;201:14.1;301:85	4102031;4102505;4102902;4102903;3000003	15;3;9;3;500000	101:304;201:72;301:408	1
17200814	172008	14	90	101:66.9;201:14.9;301:90.2	4102031;4102505;4102902;4102903;3000003	15;3;9;3;500000	101:323;201:68;301:442	1
17200815	172008	15	95	101:70.9;201:15.8;301:95.6	4102031;4102505;4102902;4102903;3000003	15;3;9;3;500000	101:360;201:81;301:485.9	1
17300801	173008	1	15	101:11.6;201:7.5;301:45.6				1
17300802	173008	2	25	101:13.2;201:8.6;301:51.8	4102201;3000003	1;30000	101:24;201:16.5;301:92.9	1
17300803	173008	3	35	101:14.8;201:9.6;301:58.1	4102011;4102201;4102202;3000003	5;3;3;50000	101:40;201:25;301:157.5	1
17300804	173008	4	40	101:16.4;201:10.6;301:64.3	4102021;4102202;4102203;4102901;3000003	10;1;3;1;100000	101:55.9;201:35;301:217	1
17300805	173008	5	45	101:18;201:11.7;301:70.5	4102021;4102203;4102204;4102901;3000003	10;5;3;3;200000	101:64;201:44;301:248	1
17300806	173008	6	50	101:19.6;201:12.7;301:76.7	4102031;4102203;4102204;4102901;3000003	5;3;5;6;300000	101:72;201:45;301:279	1
17300807	173008	7	55	101:21.2;201:13.8;301:83	4102031;4102204;4102205;4102901;3000003	10;5;1;9;400000	101:79.9;201:55;301:315	1
17300808	173008	8	60	101:22.8;201:14.8;301:89.4	4102031;4102205;4102901;4102902;3000003	15;3;9;3;500000	101:88;201:55;301:352	1
17300809	173008	9	65	101:24.5;201:15.9;301:96	4102031;4102205;4102901;4102902;3000003	15;3;3;9;500000	101:102;201:66;301:396	1
17300810	173008	10	70	101:26.2;201:17.1;301:102.9	4102031;4102205;4102902;4102903;3000003	15;3;9;3;500000	101:110.5;201:78;301:448.5	1
17300811	173008	11	75	101:28;201:18.2;301:109.9	4102031;4102205;4102902;4102903;3000003	15;3;9;3;500000	101:126;201:76.9;301:490	1
17300812	173008	12	80	101:29.9;201:19.4;301:117.2	4102031;4102205;4102902;4102903;3000003	15;3;9;3;500000	101:142.5;201:89.9;301:547.5	1
17300813	173008	13	85	101:31.8;201:20.7;301:124.7	4102031;4102205;4102902;4102903;3000003	15;3;9;3;500000	101:152;201:104;301:600	1
17300814	173008	14	90	101:33.8;201:22;301:132.3	4102031;4102205;4102902;4102903;3000003	15;3;9;3;500000	101:170;201:110.5;301:646	1
17300815	173008	15	95	101:35.8;201:23.3;301:140.2	4102031;4102205;4102902;4102903;3000003	15;3;9;3;500000	101:180;201:117;301:710.9	1
10201001	102010	1	15	101:17.4;201:5.6;301:33.7				1
10201002	102010	2	25	101:19.8;201:6.3;301:38.3	4102201;3000003	1;30000	101:36;201:10.5;301:68.9	1
10201003	102010	3	35	101:22.2;201:7.1;301:42.9	4102011;4102201;4102202;3000003	5;3;3;50000	101:60;201:20;301:115	1
10201004	102010	4	40	101:24.6;201:7.9;301:47.5	4102021;4102202;4102203;4102901;3000003	10;1;3;1;100000	101:84;201:28;301:161	1
10201005	102010	5	45	101:27;201:8.6;301:52.1	4102021;4102203;4102204;4102901;3000003	10;5;3;3;200000	101:95.9;201:28;301:184	1
10201006	102010	6	50	101:29.4;201:9.4;301:56.7	4102031;4102203;4102204;4102901;3000003	5;3;5;6;300000	101:108;201:36;301:207	1
10201007	102010	7	55	101:31.8;201:10.2;301:61.4	4102031;4102204;4102205;4102901;3000003	10;5;1;9;400000	101:120;201:39.9;301:235	1
10201008	102010	8	60	101:34.2;201:10.9;301:66.1	4102031;4102205;4102901;4102902;3000003	15;3;9;3;500000	101:132;201:38.5;301:258.5	1
10201009	102010	9	65	101:36.8;201:11.8;301:71	4102031;4102205;4102901;4102902;3000003	15;3;3;9;500000	101:156;201:54;301:294	1
10201010	102010	10	70	101:39.4;201:12.6;301:76.1	4102031;4102205;4102902;4102903;3000003	15;3;9;3;500000	101:169;201:51.9;301:331.5	1
10201011	102010	11	75	101:42.1;201:13.5;301:81.3	4102031;4102205;4102902;4102903;3000003	15;3;9;3;500000	101:189;201:63;301:364	1
10201012	102010	12	80	101:44.9;201:14.4;301:86.7	4102031;4102205;4102902;4102903;3000003	15;3;9;3;500000	101:210;201:67.5;301:405	1
10201013	102010	13	85	101:47.7;201:15.3;301:92.2	4102031;4102205;4102902;4102903;3000003	15;3;9;3;500000	101:224;201:72;301:440	1
10201014	102010	14	90	101:50.7;201:16.2;301:97.9	4102031;4102205;4102902;4102903;3000003	15;3;9;3;500000	101:255;201:76.4;301:484.5	1
10201015	102010	15	95	101:53.7;201:17.2;301:103.7	4102031;4102205;4102902;4102903;3000003	15;3;9;3;500000	101:270;201:90;301:522	1