mainId	roleId	star	upStarType	condition	type	initOpenAbility	SpLevel	SpDescId	PassiveLevel	capabilityValue	property	upstarIteam	upstarIteamNum	superUpStarExp	status	levelLimit	upProperty
int	int	int	int	int	int	int	int	int	int	int	int	int	int	int	int	int	int
10100810	101008	0	1		2	61101008	5		1	0					1		
10100811	101008	1	1				6	7310100801		90	101:65.2;201:28.1;301:168.5	7101008;3000003	100;20000		1	30000	301:88.14;101:10.23;201:4.395
10100812	101008	2	1						2	90	101:65.2;201:28.1;301:168.5	7101008;3000003	100;40000		1	60000	301:102.83;101:11.935;201:5.1275
10100813	101008	3	1		3	73101008	7	7310100803		130	101:97.8;201:42.1;301:252.7	7101008;3000003	100;60000		1	120000	301:117.52;101:13.64;201:5.86
10100814	101008	4	1						3	130	101:97.8;201:42.1;301:252.7	7101008;3000003	200;80000		1	240000	301:132.21;101:15.345;201:6.5925
10100815	101008	5	1		3	75101008	8	7310100805		180	101:125.4;201:54;301:324	7101008;3000003	200;100000		1	480000	301:146.9;101:17.05;201:7.325
10100816	101008	6	1						4	180	101:188.1;201:81;301:486	7101008;3000003	200;120000		1	960000	301:176.28;101:20.46;201:8.79
10101110	101011	0	1		2	61101011	5		1	0					1		301:176.28;101:20.46;201:8.79
10101111	101011	1	1				6	7310101101		90	101:65.9;201:27.8;301:168.5	7101011;3000003	100;20000		1	30000	301:176.28;101:20.46;201:8.79
10101112	101011	2	1						2	90	101:65.9;201:27.8;301:168.5	7101011;3000003	100;40000		1	60000	301:176.28;101:20.46;201:8.79
10101113	101011	3	1		3	73101011	7	7310101103		130	101:98.8;201:41.7;301:252.7	7101011;3000003	100;60000		1	120000	301:176.28;101:20.46;201:8.79
10101114	101011	4	1						3	130	101:98.8;201:41.7;301:252.7	7101011;3000003	200;80000		1	240000	301:176.28;101:20.46;201:8.79
10101115	101011	5	1		3	75101011	8	7310101105		180	101:126.7;201:53.5;301:324	7101011;3000003	200;100000		1	480000	301:176.28;101:20.46;201:8.79
10101116	101011	6	1						4	180	101:190.1;201:80.2;301:486	7101011;3000003	200;120000		1	960000	
10100510	101005	0	1		2	61101005	1		1	0					1		301:77.82;101:13.47;201:4.485
10100511	101005	1	1				2	7310100501		60	101:47.4;201:19.4;301:115.1	7101005;3000003	100;10000		1	40000	301:103.76;101:17.96;201:5.98
10100512	101005	2	1						2	60	101:47.4;201:19.4;301:115.1	7101005;3000003	100;20000		1	80000	301:129.7;101:22.45;201:7.475
10100513	101005	3	1		3	73101005	3	7310100503		80	101:47.4;201:19.4;301:115.1	7101005;3000003	100;30000		1	160000	301:155.64;101:26.94;201:8.97
10100514	101005	4	1						3	80	101:53.8;201:22;301:130.6	7101005;3000003	200;40000		1	320000	301:181.58;101:31.43;201:10.465
10100515	101005	5	1		3	75101005	4	7310100505		100	101:53.8;201:22;301:130.6	7101005;3000003	200;50000		1	640000	301:207.52;101:35.92;201:11.96
10100516	101005	6	1						4	100	101:53.8;201:22;301:130.6	7101005;3000003	200;60000		1	1280000	301:176.28;101:20.46;201:8.79
10101310	101013	0	1		2	61101013	9		1	0					1		301:176.28;101:20.46;201:8.79
10101311	101013	1	1				10	7310101301		120	101:95;201:41.3;301:247.9	7101013;3000003	100;50000		1	40000	301:176.28;101:20.46;201:8.79
10101312	101013	2	1						2	120	101:95;201:41.3;301:247.9	7101013;3000003	100;100000		1	80000	301:176.28;101:20.46;201:8.79
10101313	101013	3	1		3	73101013	11	7310101303		180	101:142.6;201:62;301:371.8	7101013;3000003	100;150000		1	160000	301:176.28;101:20.46;201:8.79
10101314	101013	4	1						3	180	101:142.6;201:62;301:371.8	7101013;3000003	200;200000		1	320000	301:176.28;101:20.46;201:8.79
10101315	101013	5	1		3	75101013	12	7310101305		250	101:190.1;201:82.6;301:495.7	7101013;3000003	200;250000		1	640000	
10101316	101013	6	1						4	250	101:285.1;201:123.9;301:743.6	7101013;3000003	200;300000		1	1280000	301:88.14;101:10.23;201:4.395
10200810	102008	0	1		2	61102008	5		1	0					1		301:102.83;101:11.935;201:5.1275
10200811	102008	1	1				6	7310200801		90	101:65.9;201:28.1;301:166.8	7102008;3000003	100;20000		1	30000	301:117.52;101:13.64;201:5.86
10200812	102008	2	1						2	90	101:65.9;201:28.1;301:166.8	7102008;3000003	100;40000		1	60000	301:132.21;101:15.345;201:6.5925
10200813	102008	3	1		3	73102008	7	7310200803		130	101:98.8;201:42.1;301:250.2	7102008;3000003	100;60000		1	120000	301:146.9;101:17.05;201:7.325
10200814	102008	4	1						3	130	101:98.8;201:42.1;301:250.2	7102008;3000003	200;80000		1	240000	301:176.28;101:20.46;201:8.79
10200815	102008	5	1		3	75102008	8	7310200805		180	101:126.7;201:54;301:320.8	7102008;3000003	200;100000		1	480000	301:176.28;101:20.46;201:8.79
10200816	102008	6	1						4	180	101:190.1;201:81;301:481.1	7102008;3000003	200;120000		1	960000	301:176.28;101:20.46;201:8.79
10200710	102007	0	1		2	61102007	9		1	0					1		301:176.28;101:20.46;201:8.79
10200711	102007	1	1				10	7310200701		120	101:94.1;201:41.3;301:250.3	7102007;3000003	100;50000		1	50000	301:176.28;101:20.46;201:8.79
10200712	102007	2	1						2	120	101:94.1;201:41.3;301:250.3	7102007;3000003	100;100000		1	100000	301:176.28;101:20.46;201:8.79
10200713	102007	3	1		3	73102007	11	7310200703		180	101:141.1;201:62;301:375.4	7102007;3000003	100;150000		1	200000	301:176.28;101:20.46;201:8.79
10200714	102007	4	1						3	180	101:141.1;201:62;301:375.4	7102007;3000003	200;200000		1	400000	
10200715	102007	5	1		3	75102007	12	7310200705		250	101:188.1;201:82.6;301:500.6	7102007;3000003	200;250000		1	800000	301:88.14;101:10.23;201:4.395
10200716	102007	6	1						4	250	101:282.2;201:123.9;301:750.9	7102007;3000003	200;300000		1	1600000	301:102.83;101:11.935;201:5.1275
10201110	102011	0	1		2	61102011	9		1	0					1		301:117.52;101:13.64;201:5.86
10201111	102011	1	1		3	71102011	10	7310201101		120	101:85.5;201:45.9;301:278.1	7102011;3000003	100;50000		1	40000	301:132.21;101:15.345;201:6.5925
10201112	102011	2	1						2	120	101:85.5;201:45.9;301:278.1	7102011;3000003	100;100000		1	80000	301:146.9;101:17.05;201:7.325
10201113	102011	3	1		3	73102011	11	7310201103		180	101:128.3;201:68.9;301:417.2	7102011;3000003	100;150000		1	160000	301:176.28;101:20.46;201:8.79
10201114	102011	4	1						3	180	101:128.3;201:68.9;301:417.2	7102011;3000003	200;200000		1	320000	301:176.28;101:20.46;201:8.79
10201115	102011	5	1		3	75102011	12	7310201105		250	101:171;201:91.8;301:556.2	7102011;3000003	200;250000		1	640000	301:176.28;101:20.46;201:8.79
10201116	102011	6	1						4	250	101:256.5;201:137.7;301:834.3	7102011;3000003	200;300000		1	1280000	301:176.28;101:20.46;201:8.79
10200110	102001	0	1		2	61102001	1		1	0					1		301:176.28;101:20.46;201:8.79
10200111	102001	1	1				2	7310200101		60	101:47.9;201:19.2;301:115.1	7102001;3000003	100;10000		1	50000	301:176.28;101:20.46;201:8.79
10200112	102001	2	1						2	60	101:47.9;201:19.2;301:115.1	7102001;3000003	100;20000		1	100000	301:176.28;101:20.46;201:8.79
10200113	102001	3	1		3	73102001	3	7310200103		80	101:47.9;201:19.2;301:115.1	7102001;3000003	100;30000		1	200000	
10200114	102001	4	1						3	80	101:54.3;201:21.8;301:130.6	7102001;3000003	200;40000		1	400000	
10200115	102001	5	1		3	75102001	4	7310200105		100	101:54.3;201:21.8;301:130.6	7102001;3000003	200;50000		1	800000	
10200116	102001	6	1						4	100	101:54.3;201:21.8;301:130.6	7102001;3000003	200;60000		1	1600000	
10202110	102021	0	1		2	61102021	9		1	0					1		
10202111	102021	1	1				10	7310202101		120	101:98;201:40.9;301:243	7102021;3000003	100;50000		1	50000	
10202112	102021	2	1						2	120	101:98;201:40.9;301:243	7102021;3000003	100;100000		1	100000	
10202113	102021	3	1		3	73102021	11	7310202103		180	101:147;201:61.4;301:364.5	7102021;3000003	100;150000		1	200000	
10202114	102021	4	1						3	180	101:147;201:61.4;301:364.5	7102021;3000003	200;200000		1	400000	
10202115	102021	5	1		3	75102021	12	7310202105		250	101:196;201:81.8;301:486	7102021;3000003	200;250000		1	800000	
10202116	102021	6	1						4	250	101:294;201:122.7;301:729	7102021;3000003	200;300000		1	1600000	
10300810	103008	0	1		2	61103008	5		1	0					1		
10300811	103008	1	1				6	7310300801		90	101:59.3;201:31.2;301:187.2	7103008;3000003	100;20000		1	40000	
10300812	103008	2	1						2	90	101:59.3;201:31.2;301:187.2	7103008;3000003	100;40000		1	80000	
10300813	103008	3	1		3	73103008	7	7310300803		130	101:88.9;201:46.8;301:280.8	7103008;3000003	100;60000		1	160000	
10300814	103008	4	1						3	130	101:88.9;201:46.8;301:280.8	7103008;3000003	200;80000		1	320000	
10300815	103008	5	1		3	75103008	8	7310300805		180	101:114;201:60;301:360	7103008;3000003	200;100000		1	640000	
10300816	103008	6	1						4	180	101:171;201:90;301:540	7103008;3000003	200;120000		1	1280000	
10300210	103002	0	1		2	61103002	5		1	0					1		
10300211	103002	1	1				6	7310300201		90	101:68.6;201:26.7;301:168.5	7103002;3000003	100;20000		1	50000	
10300212	103002	2	1						2	90	101:68.6;201:26.7;301:168.5	7103002;3000003	100;40000		1	100000	
10300213	103002	3	1		3	73103002	7	7310300203		130	101:103;201:40;301:252.7	7103002;3000003	100;60000		1	200000	
10300214	103002	4	1						3	130	101:103;201:40;301:252.7	7103002;3000003	200;80000		1	400000	
10300215	103002	5	1		3	75103002	8	7310300205		180	101:132;201:51.3;301:324	7103002;3000003	200;100000		1	800000	
10300216	103002	6	1						4	180	101:198;201:77;301:486	7103002;3000003	200;120000		1	1600000	
10300710	103007	0	1		2	61103007	9		1	0					1		
10300711	103007	1	1				10	7310300701		120	101:99;201:38.5;301:255.2	7103007;3000003	100;50000		1	40000	
10300712	103007	2	1						2	120	101:99;201:38.5;301:255.2	7103007;3000003	100;100000		1	80000	
10300713	103007	3	1		3	73103007	11	7310300703		180	101:148.5;201:57.7;301:382.7	7103007;3000003	100;150000		1	160000	
10300714	103007	4	1						3	180	101:148.5;201:57.7;301:382.7	7103007;3000003	200;200000		1	320000	
10300715	103007	5	1		3	75103007	12	7310300705		250	101:198;201:77;301:510.3	7103007;3000003	200;250000		1	640000	
10300716	103007	6	1						4	250	101:297;201:115.4;301:765.5	7103007;3000003	200;300000		1	1280000	
10301910	103019	0	1		2	61103019	1		1	0					1		
10301911	103019	1	1				2	7310301901		60	101:38.4;201:23;301:146.5	7103019;3000003	100;10000		1	50000	
10301912	103019	2	1						2	60	101:38.4;201:23;301:146.5	7103019;3000003	100;20000		1	100000	
10301913	103019	3	1		3	73103019	3	7310301903		80	101:38.4;201:23;301:146.5	7103019;3000003	100;30000		1	200000	
10301914	103019	4	1						3	80	101:43.5;201:26.1;301:166.3	7103019;3000003	200;40000		1	400000	
10301915	103019	5	1		3	75103019	4	7310301905		100	101:43.5;201:26.1;301:166.3	7103019;3000003	200;50000		1	800000	
10301916	103019	6	1						4	100	101:43.5;201:26.1;301:166.3	7103019;3000003	200;60000		1	1600000	
10302110	103021	0	1		2	61103021	9		1	0					1		
10302111	103021	1	1				10	7310302101		120	101:90.9;201:43.2;301:278.1	7103021;3000003	100;50000		1	30000	
10302112	103021	2	1						2	120	101:90.9;201:43.2;301:278.1	7103021;3000003	100;100000		1	60000	
10302113	103021	3	1		3	73103021	11	7310302103		180	101:136.4;201:64.8;301:417.2	7103021;3000003	100;150000		1	120000	
10302114	103021	4	1						3	180	101:136.4;201:64.8;301:417.2	7103021;3000003	200;200000		1	240000	
10302115	103021	5	1		3	75103021	12	7310302105		250	101:181.8;201:86.4;301:556.2	7103021;3000003	200;250000		1	480000	
10302116	103021	6	1						4	250	101:272.7;201:129.6;301:834.3	7103021;3000003	200;300000		1	960000	
10400310	104003	0	1		2	61104003	5		1	0					1		
10400311	104003	1	1				6	7310400301		90	101:52.8;201:34.3;301:208	7104003;3000003	100;20000		1	50000	
10400312	104003	2	1						2	90	101:52.8;201:34.3;301:208	7104003;3000003	100;40000		1	100000	
10400313	104003	3	1		3	73104003	7	7310400303		130	101:79.2;201:51.5;301:312	7104003;3000003	100;60000		1	200000	
10400314	104003	4	1						3	130	101:79.2;201:51.5;301:312	7104003;3000003	200;80000		1	400000	
10400315	104003	5	1		3	75104003	8	7310400305		180	101:101.5;201:66;301:400	7104003;3000003	200;100000		1	800000	
10400316	104003	6	1						4	180	101:152.3;201:99;301:599.9	7104003;3000003	200;120000		1	1600000	
10400510	104005	0	1		2	61104005	1		1	0					1		
10400511	104005	1	1				2	7310400501		60	101:37.2;201:23.7;301:146.5	7104005;3000003	100;10000		1	40000	
10400512	104005	2	1						2	60	101:37.2;201:23.7;301:146.5	7104005;3000003	100;20000		1	80000	
10400513	104005	3	1		3	73104005	3	7310400503		80	101:37.2;201:23.7;301:146.5	7104005;3000003	100;30000		1	160000	
10400514	104005	4	1						3	80	101:42.2;201:26.9;301:166.3	7104005;3000003	200;40000		1	320000	
10400515	104005	5	1		3	75104005	4	7310400505		100	101:42.2;201:26.9;301:166.3	7104005;3000003	200;50000		1	640000	
10400516	104005	6	1						4	100	101:42.2;201:26.9;301:166.3	7104005;3000003	200;60000		1	1280000	
10400110	104001	0	1		2	61104001	9		1	0					1		
10400111	104001	1	1				10	7310400101		120	101:81;201:49.5;301:297	7104001;3000003	100;50000		1	30000	
10400112	104001	2	1						2	120	101:81;201:49.5;301:297	7104001;3000003	100;100000		1	60000	
10400113	104001	3	1		3	73104001	11	7310400103		180	101:121.5;201:74.3;301:445.5	7104001;3000003	100;150000		1	120000	
10400114	104001	4	1						3	180	101:121.5;201:74.3;301:445.5	7104001;3000003	200;200000		1	240000	
10400115	104001	5	1		3	75104001	12	7310400105		250	101:162;201:99;301:594	7104001;3000003	200;250000		1	480000	
10400116	104001	6	1						4	250	101:243;201:148.5;301:891	7104001;3000003	200;300000		1	960000	
10400810	104008	0	1		2	61104008	5		1	0					1		
10400811	104008	1	1				6	7310400801		90	101:53.9;201:33.6;301:208	7104008;3000003	100;20000		1	40000	
10400812	104008	2	1						2	90	101:53.9;201:33.6;301:208	7104008;3000003	100;40000		1	80000	
10400813	104008	3	1		3	73104008	7	7310400803		130	101:80.9;201:50.5;301:312	7104008;3000003	100;60000		1	160000	
10400814	104008	4	1						3	130	101:80.9;201:50.5;301:312	7104008;3000003	200;80000		1	320000	
10400815	104008	5	1		3	75104008	8	7310400805		180	101:103.7;201:64.7;301:400	7104008;3000003	200;100000		1	640000	
10400816	104008	6	1						4	180	101:155.5;201:97;301:599.9	7104008;3000003	200;120000		1	1280000	
10500810	105008	0	1		2	61105008	9		1	0					1		
10500811	105008	1	1				10	7310500801		120	101:99;201:40.5;301:243	7105008;3000003	100;50000		1	40000	
10500812	105008	2	1						2	120	101:99;201:40.5;301:243	7105008;3000003	100;100000		1	80000	
10500813	105008	3	1		3	73105008	11	7310500803		180	101:148.5;201:60.8;301:364.5	7105008;3000003	100;150000		1	160000	
10500814	105008	4	1						3	180	101:148.5;201:60.8;301:364.5	7105008;3000003	200;200000		1	320000	
10500815	105008	5	1		3	75105008	12	7310500805		250	101:198;201:81;301:486	7105008;3000003	200;250000		1	640000	
10500816	105008	6	1						4	250	101:297;201:121.5;301:729	7105008;3000003	200;300000		1	1280000	
10500110	105001	0	1		2	61105001	5		1	0					1		
10500111	105001	1	1				6	7310500101		90	101:68;201:26.7;301:170.2	7105001;3000003	100;20000		1	30000	
10500112	105001	2	1						2	90	101:68;201:26.7;301:170.2	7105001;3000003	100;40000		1	60000	
10500113	105001	3	1		3	73105001	7	7310500103		130	101:101.9;201:40;301:255.2	7105001;3000003	100;60000		1	120000	
10500114	105001	4	1						3	130	101:101.9;201:40;301:255.2	7105001;3000003	200;80000		1	240000	
10500115	105001	5	1		3	75105001	8	7310500105		180	101:130.7;201:51.3;301:327.2	7105001;3000003	200;100000		1	480000	
10500116	105001	6	1						4	180	101:196;201:77;301:490.9	7105001;3000003	200;120000		1	960000	
10500210	105002	0	1		2	61105002	1		1	0					1		
10500211	105002	1	1				2	7310500201		60	101:46.9;201:19.4;301:116.3	7105002;3000003	100;10000		1	40000	
10500212	105002	2	1						2	60	101:46.9;201:19.4;301:116.3	7105002;3000003	100;20000		1	80000	
10500213	105002	3	1		3	73105002	3	7310500203		80	101:46.9;201:19.4;301:116.3	7105002;3000003	100;30000		1	160000	
10500214	105002	4	1						3	80	101:53.2;201:22;301:132	7105002;3000003	200;40000		1	320000	
10500215	105002	5	1		3	75105002	4	7310500205		100	101:53.2;201:22;301:132	7105002;3000003	200;50000		1	640000	
10500216	105002	6	1						4	100	101:53.2;201:22;301:132	7105002;3000003	200;60000		1	1280000	
10500610	105006	0	1		2	61105006	5		1	0					1		
10500611	105006	1	1				6	7310500601		90	101:66.6;201:27.5;301:168.5	7105006;3000003	100;20000		1	50000	
10500612	105006	2	1						2	90	101:66.6;201:27.5;301:168.5	7105006;3000003	100;40000		1	100000	
10500613	105006	3	1		3	73105006	7	7310500603		130	101:99.9;201:41.3;301:252.7	7105006;3000003	100;60000		1	200000	
10500614	105006	4	1						3	130	101:99.9;201:41.3;301:252.7	7105006;3000003	200;80000		1	400000	
10500615	105006	5	1		3	75105006	8	7310500605		180	101:128;201:52.9;301:324	7105006;3000003	200;100000		1	800000	
10500616	105006	6	1						4	180	101:192.1;201:79.4;301:486	7105006;3000003	200;120000		1	1600000	
10600810	106008	0	1		2	61106008	5		1	0					1		
10600811	106008	1	1				6	7310600801		90	101:54.5;201:33.6;301:205.9	7106008;3000003	100;20000		1	30000	
10600812	106008	2	1						2	90	101:54.5;201:33.6;301:205.9	7106008;3000003	100;40000		1	60000	
10600813	106008	3	1		3	73106008	7	7310600803		130	101:81.7;201:50.5;301:308.9	7106008;3000003	100;60000		1	120000	
10600814	106008	4	1						3	130	101:81.7;201:50.5;301:308.9	7106008;3000003	200;80000		1	240000	
10600815	106008	5	1		3	75106008	8	7310600805		180	101:104.8;201:64.7;301:396	7106008;3000003	200;100000		1	480000	
10600816	106008	6	1						4	180	101:157.1;201:97;301:594	7106008;3000003	200;120000		1	960000	
10600110	106001	0	1		2	61106001	1		1	0					1		
10600111	106001	1	1				2	7310600101		60	101:38.4;201:23.9;301:140.7	7106001;3000003	100;10000		1	50000	
10600112	106001	2	1						2	60	101:38.4;201:23.9;301:140.7	7106001;3000003	100;20000		1	100000	
10600113	106001	3	1		3	73106001	3	7310600103		80	101:38.4;201:23.9;301:140.7	7106001;3000003	100;30000		1	200000	
10600114	106001	4	1						3	80	101:43.5;201:27.2;301:159.7	7106001;3000003	200;40000		1	400000	
10600115	106001	5	1		3	75106001	4	7310600105		100	101:43.5;201:27.2;301:159.7	7106001;3000003	200;50000		1	800000	
10600116	106001	6	1						4	100	101:43.5;201:27.2;301:159.7	7106001;3000003	200;60000		1	1600000	
10600210	106002	0	1		2	61106002	9		1	0					1		
10600211	106002	1	1				10	7310600201		120	101:81;201:48.5;301:302.9	7106002;3000003	100;50000		1	40000	
10600212	106002	2	1						2	120	101:81;201:48.5;301:302.9	7106002;3000003	100;100000		1	80000	
10600213	106002	3	1		3	73106002	11	7310600203		180	101:121.5;201:72.8;301:454.4	7106002;3000003	100;150000		1	160000	
10600214	106002	4	1						3	180	101:121.5;201:72.8;301:454.4	7106002;3000003	200;200000		1	320000	
10600215	106002	5	1		3	75106002	12	7310600205		250	101:162;201:97;301:605.9	7106002;3000003	200;250000		1	640000	
10600216	106002	6	1						4	250	101:243;201:145.5;301:908.8	7106002;3000003	200;300000		1	1280000	
10601010	106010	0	1		2	61106010	5		1	0					1		
10601011	106010	1	1				6	7310601001		90	101:53.9;201:34;301:205.9	7106010;3000003	100;20000		1	40000	
10601012	106010	2	1						2	90	101:53.9;201:34;301:205.9	7106010;3000003	100;40000		1	80000	
10601013	106010	3	1		3	73106010	7	7310601003		130	101:80.9;201:51;301:308.9	7106010;3000003	100;60000		1	160000	
10601014	106010	4	1						3	130	101:80.9;201:51;301:308.9	7106010;3000003	200;80000		1	320000	
10601015	106010	5	1		3	75106010	8	7310601005		180	101:103.7;201:65.3;301:396	7106010;3000003	200;100000		1	640000	
10601016	106010	6	1						4	180	101:155.5;201:98;301:594	7106010;3000003	200;120000		1	1280000	
10700810	107008	0	1		2	61107008	5		1	0					1		
10700811	107008	1	1				6	7310700801		90	101:67.3;201:27.5;301:166.8	7107008;3000003	100;20000		1	50000	
10700812	107008	2	1						2	90	101:67.3;201:27.5;301:166.8	7107008;3000003	100;40000		1	100000	
10700813	107008	3	1		3	73107008	7	7310700803		130	101:100.9;201:41.3;301:250.2	7107008;3000003	100;60000		1	200000	
10700814	107008	4	1						3	130	101:100.9;201:41.3;301:250.2	7107008;3000003	200;80000		1	400000	
10700815	107008	5	1		3	75107008	8	7310700805		180	101:129.4;201:52.9;301:320.8	7107008;3000003	200;100000		1	800000	
10700816	107008	6	1						4	180	101:194;201:79.4;301:481.1	7107008;3000003	200;120000		1	1600000	
10700110	107001	0	1		2	61107001	9		1	0					1		
10700111	107001	1	1				10	7310700101		120	101:99;201:40.5;301:243	7107001;3000003	100;50000		1	40000	
10700112	107001	2	1						2	120	101:99;201:40.5;301:243	7107001;3000003	100;100000		1	80000	
10700113	107001	3	1		3	73107001	11	7310700103		180	101:148.5;201:60.8;301:364.5	7107001;3000003	100;150000		1	160000	
10700114	107001	4	1						3	180	101:148.5;201:60.8;301:364.5	7107001;3000003	200;200000		1	320000	
10700115	107001	5	1		3	75107001	12	7310700105		250	101:198;201:81;301:486	7107001;3000003	200;250000		1	640000	
10700116	107001	6	1						4	250	101:297;201:121.5;301:729	7107001;3000003	200;300000		1	1280000	
10700510	107005	0	1		2	61107005	5		1	0					1		
10700511	107005	1	1				6	7310700501		90	101:56.2;201:33.3;301:201.8	7107005;3000003	100;20000		1	40000	
10700512	107005	2	1						2	90	101:56.2;201:33.3;301:201.8	7107005;3000003	100;40000		1	80000	
10700513	107005	3	1		3	73107005	7	7310700503		130	101:84.2;201:49.9;301:302.7	7107005;3000003	100;60000		1	160000	
10700514	107005	4	1						3	130	101:84.2;201:49.9;301:302.7	7107005;3000003	200;80000		1	320000	
10700515	107005	5	1		3	75107005	8	7310700505		180	101:108;201:64;301:388.1	7107005;3000003	200;100000		1	640000	
10700516	107005	6	1						4	180	101:162;201:96;301:582.1	7107005;3000003	200;120000		1	1280000	
10800810	108008	0	1		2	61108008	1		1	0					1		
10800811	108008	1	1				2	7310800801		60	101:47.9;201:19.2;301:115.1	7108008;3000003	100;10000		1	50000	
10800812	108008	2	1						2	60	101:47.9;201:19.2;301:115.1	7108008;3000003	100;20000		1	100000	
10800813	108008	3	1		3	73108008	3	7310800803		80	101:47.9;201:19.2;301:115.1	7108008;3000003	100;30000		1	200000	
10800814	108008	4	1						3	80	101:54.3;201:21.8;301:130.6	7108008;3000003	200;40000		1	400000	
10800815	108008	5	1		3	75108008	4	7310800805		100	101:54.3;201:21.8;301:130.6	7108008;3000003	200;50000		1	800000	
10800816	108008	6	1						4	100	101:54.3;201:21.8;301:130.6	7108008;3000003	200;60000		1	1600000	
10800110	108001	0	1		2	61108001	9		1	0					1		
10800111	108001	1	1				10	7310800101		120	101:99;201:40.1;301:245.4	7108001;3000003	100;50000		1	40000	
10800112	108001	2	1						2	120	101:99;201:40.1;301:245.4	7108001;3000003	100;100000		1	80000	
10800113	108001	3	1		3	73108001	11	7310800103		180	101:148.5;201:60.1;301:368.1	7108001;3000003	100;150000		1	160000	
10800114	108001	4	1						3	180	101:148.5;201:60.1;301:368.1	7108001;3000003	200;200000		1	320000	
10800115	108001	5	1		3	75108001	12	7310800105		250	101:198;201:80.2;301:490.9	7108001;3000003	200;250000		1	640000	
10800116	108001	6	1						4	250	101:297;201:120.3;301:736.3	7108001;3000003	200;300000		1	1280000	
10800610	108006	0	1		2	61108006	9		1	0					1		
10800611	108006	1	1		3	71108006	10	7310800601		120	101:100;201:40.1;301:243	7108006;3000003	100;50000		1	50000	
10800612	108006	2	1						2	120	101:100;201:40.1;301:243	7108006;3000003	100;100000		1	100000	
10800613	108006	3	1				11	7310800603		180	101:150;201:60.1;301:364.5	7108006;3000003	100;150000		1	200000	
10800614	108006	4	1						3	180	101:150;201:60.1;301:364.5	7108006;3000003	200;200000		1	400000	
10800615	108006	5	1				12	7310800605		250	101:200;201:80.2;301:486	7108006;3000003	200;250000		1	800000	
10800616	108006	6	1						4	250	101:300;201:120.3;301:729	7108006;3000003	200;300000		1	1600000	
10800410	108004	0	1		2	61108004	5		1	0					1		
10800411	108004	1	1				6	7310800401		90	101:69.3;201:27;301:165.1	7108004;3000003	100;20000		1	30000	
10800412	108004	2	1						2	90	101:69.3;201:27;301:165.1	7108004;3000003	100;40000		1	60000	
10800413	108004	3	1		3	73108004	7	7310800403		130	101:104;201:40.4;301:247.7	7108004;3000003	100;60000		1	120000	
10800414	108004	4	1						3	130	101:104;201:40.4;301:247.7	7108004;3000003	200;80000		1	240000	
10800415	108004	5	1		3	75108004	8	7310800405		180	101:133.3;201:51.8;301:317.5	7108004;3000003	200;100000		1	480000	
10800416	108004	6	1						4	180	101:200;201:77.8;301:476.3	7108004;3000003	200;120000		1	960000	
10900810	109008	0	1		2	61109008	9		1	0					1		
10900811	109008	1	1				10	7310900801		120	101:96;201:41.7;301:243	7109008;3000003	100;50000		1	50000	
10900812	109008	2	1						2	120	101:96;201:41.7;301:243	7109008;3000003	100;100000		1	100000	
10900813	109008	3	1		3	73109008	11	7310900803		180	101:144;201:62.6;301:364.5	7109008;3000003	100;150000		1	200000	
10900814	109008	4	1						3	180	101:144;201:62.6;301:364.5	7109008;3000003	200;200000		1	400000	
10900815	109008	5	1		3	75109008	12	7310900805		250	101:192.1;201:83.4;301:486	7109008;3000003	200;250000		1	800000	
10900816	109008	6	1						4	250	101:288.1;201:125.1;301:729	7109008;3000003	200;300000		1	1600000	
11000810	110008	0	1		2	61110008	9		1	0					1		
11000811	110008	1	1				10	7311000801		120	101:97;201:40.9;301:245.4	7110008;3000003	100;50000		1	50000	
11000812	110008	2	1						2	120	101:97;201:40.9;301:245.4	7110008;3000003	100;100000		1	100000	
11000813	110008	3	1		3	73110008	11	7311000803		180	101:145.5;201:61.4;301:368.1	7110008;3000003	100;150000		1	200000	
11000814	110008	4	1						3	180	101:145.5;201:61.4;301:368.1	7110008;3000003	200;200000		1	400000	
11000815	110008	5	1		3	75110008	12	7311000805		250	101:194;201:81.8;301:490.9	7110008;3000003	200;250000		1	800000	
11000816	110008	6	1						4	250	101:291.1;201:122.7;301:736.3	7110008;3000003	200;300000		1	1600000	
11100810	111008	0	1		2	61111008	5		1	0					1		
11100811	111008	1	1				6	7311100801		90	101:60.5;201:30.6;301:187.2	7111008;3000003	100;20000		1	50000	
11100812	111008	2	1						2	90	101:60.5;201:30.6;301:187.2	7111008;3000003	100;40000		1	100000	
11100813	111008	3	1		3	73111008	7	7311100803		130	101:90.8;201:45.9;301:280.8	7111008;3000003	100;60000		1	200000	
11100814	111008	4	1						3	130	101:90.8;201:45.9;301:280.8	7111008;3000003	200;80000		1	400000	
11100815	111008	5	1		3	75111008	8	7311100805		180	101:116.4;201:58.8;301:360	7111008;3000003	200;100000		1	800000	
11100816	111008	6	1						4	180	101:174.6;201:88.2;301:540	7111008;3000003	200;120000		1	1600000	
11100210	111002	0	1		2	61111002	9		1	0					1		
11100211	111002	1	1				10	7311100201		120	101:88.2;201:45;301:275.4	7111002;3000003	100;50000		1	40000	
11100212	111002	2	1						2	120	101:88.2;201:45;301:275.4	7111002;3000003	100;100000		1	80000	
11100213	111002	3	1		3	73111002	11	7311100203		180	101:132.3;201:67.5;301:413.1	7111002;3000003	100;150000		1	160000	
11100214	111002	4	1						3	180	101:132.3;201:67.5;301:413.1	7111002;3000003	200;200000		1	320000	
11100215	111002	5	1				12	7311100205		250	101:176.4;201:90;301:550.8	7111002;3000003	200;250000		1	640000	
11100216	111002	6	1		3	75111002			4	250	101:264.6;201:135;301:826.2	7111002;3000003	200;300000		1	1280000	
11200810	112008	0	1		2	61112008	5		1	0					1		
11200811	112008	1	1				6	7311200801		90	101:60.5;201:30.6;301:187.2	7112008;3000003	100;20000		1	50000	
11200812	112008	2	1						2	90	101:60.5;201:30.6;301:187.2	7112008;3000003	100;40000		1	100000	
11200813	112008	3	1		3	73112008	7	7311200803		130	101:90.8;201:45.9;301:280.8	7112008;3000003	100;60000		1	200000	
11200814	112008	4	1						3	130	101:90.8;201:45.9;301:280.8	7112008;3000003	200;80000		1	400000	
11200815	112008	5	1		3	75112008	8	7311200805		180	101:116.4;201:58.8;301:360	7112008;3000003	200;100000		1	800000	
11200816	112008	6	1						4	180	101:174.6;201:88.2;301:540	7112008;3000003	200;120000		1	1600000	
11200210	112002	0	1		2	61112002	9		1	0					1		
11200211	112002	1	1		3	71112002	10	7311200201		120	101:97;201:39.7;301:252.7	7112002;3000003	100;50000		1	40000	
11200212	112002	2	1						2	120	101:97;201:39.7;301:252.7	7112002;3000003	100;100000		1	80000	
11200213	112002	3	1				11	7311200203		180	101:145.5;201:59.5;301:379.1	7112002;3000003	100;150000		1	160000	
11200214	112002	4	1		3	74112002			3	180	101:145.5;201:59.5;301:379.1	7112002;3000003	200;200000		1	320000	
11200215	112002	5	1				12	7311200205		250	101:194;201:79.4;301:505.4	7112002;3000003	200;250000		1	640000	
11200216	112002	6	1		3	76112002			4	250	101:291.1;201:119.1;301:758.2	7112002;3000003	200;300000		1	1280000	
11300810	113008	0	1		2	61113008	5		1	0					1		
11300811	113008	1	1				6	7311300801		90	101:67.3;201:27.2;301:168.5	7113008;3000003	100;20000		1	50000	
11300812	113008	2	1						2	90	101:67.3;201:27.2;301:168.5	7113008;3000003	100;40000		1	100000	
11300813	113008	3	1		3	73113008	7	7311300803		130	101:100.9;201:40.9;301:252.7	7113008;3000003	100;60000		1	200000	
11300814	113008	4	1						3	130	101:100.9;201:40.9;301:252.7	7113008;3000003	200;80000		1	400000	
11300815	113008	5	1		3	75113008	8	7311300805		180	101:129.4;201:52.4;301:324	7113008;3000003	200;100000		1	800000	
11300816	113008	6	1						4	180	101:194;201:78.6;301:486	7113008;3000003	200;120000		1	1600000	
11300110	113001	0	1		2	61113001	9		1	0					1		
11300111	113001	1	1				10	7311300101		120	101:99;201:40.5;301:243	7113001;3000003	100;50000		1	40000	
11300112	113001	2	1						2	120	101:99;201:40.5;301:243	7113001;3000003	100;100000		1	80000	
11300113	113001	3	1		3	73113001	11	7311300103		180	101:148.5;201:60.8;301:364.5	7113001;3000003	100;150000		1	160000	
11300114	113001	4	1						3	180	101:148.5;201:60.8;301:364.5	7113001;3000003	200;200000		1	320000	
11300115	113001	5	1		3	75113001	12	7311300105		250	101:198;201:81;301:486	7113001;3000003	200;250000		1	640000	
11300116	113001	6	1						4	250	101:297;201:121.5;301:729	7113001;3000003	200;300000		1	1280000	
11400810	114008	0	1		2	61114008	5		1	0					1		
11400811	114008	1	1				6	7311400801		90	101:58.7;201:30.6;301:192.8	7114008;3000003	100;20000		1	50000	
11400812	114008	2	1						2	90	101:58.7;201:30.6;301:192.8	7114008;3000003	100;40000		1	100000	
11400813	114008	3	1		3	73114008	7	7311400803		130	101:88;201:45.9;301:289.2	7114008;3000003	100;60000		1	200000	
11400814	114008	4	1						3	130	101:88;201:45.9;301:289.2	7114008;3000003	200;80000		1	400000	
11400815	114008	5	1		3	75114008	8	7311400805		180	101:112.8;201:58.8;301:370.8	7114008;3000003	200;100000		1	800000	
11400816	114008	6	1						4	180	101:169.2;201:88.2;301:556.2	7114008;3000003	200;120000		1	1600000	
11400110	114001	0	1		2	61114001	9		1	0					1		
11400111	114001	1	1				10	7311400101		120	101:97;201:40.5;301:247.9	7114001;3000003	100;50000		1	40000	
11400112	114001	2	1						2	120	101:97;201:40.5;301:247.9	7114001;3000003	100;100000		1	80000	
11400113	114001	3	1		3	73114001	11	7311400103		180	101:145.5;201:60.8;301:371.8	7114001;3000003	100;150000		1	160000	
11400114	114001	4	1						3	180	101:145.5;201:60.8;301:371.8	7114001;3000003	200;200000		1	320000	
11400115	114001	5	1		3	75114001	12	7311400105		250	101:194;201:81;301:495.7	7114001;3000003	200;250000		1	640000	
11400116	114001	6	1						4	250	101:291.1;201:121.5;301:743.6	7114001;3000003	200;300000		1	1280000	
90400110	904001	0	1		2	61904001	1		1	0					1		
90400111	904001	1	1				2	7390400101		60	101:46.9;201:19.2;301:117.5	7904001;3000003	100;10000		1	30000	
90400112	904001	2	1						2	60	101:46.9;201:19.2;301:117.5	7904001;3000003	100;20000		1	60000	
90400113	904001	3	1		3	73904001	3	7390400103		80	101:46.9;201:19.2;301:117.5	7904001;3000003	100;30000		1	120000	
90400114	904001	4	1						3	80	101:53.2;201:21.8;301:133.4	7904001;3000003	200;40000		1	240000	
90400115	904001	5	1		3	75904001	4	7390400105		100	101:53.2;201:21.8;301:133.4	7904001;3000003	200;50000		1	480000	
90400116	904001	6	1						4	100	101:53.2;201:21.8;301:133.4	7904001;3000003	200;60000		1	960000	
90400210	904002	0	1		2	61904002	1		1	0					1		
90400211	904002	1	1				2	7390400201		60	101:46.4;201:19.4;301:117.5	7904002;3000003	100;10000		1	30000	
90400212	904002	2	1						2	60	101:46.4;201:19.4;301:117.5	7904002;3000003	100;20000		1	60000	
90400213	904002	3	1		3	73904002	3	7390400203		80	101:46.4;201:19.4;301:117.5	7904002;3000003	100;30000		1	120000	
90400214	904002	4	1						3	80	101:52.7;201:22;301:133.4	7904002;3000003	200;40000		1	240000	
90400215	904002	5	1		3	75904002	4	7390400205		100	101:52.7;201:22;301:133.4	7904002;3000003	200;50000		1	480000	
90400216	904002	6	1						4	100	101:52.7;201:22;301:133.4	7904002;3000003	200;60000		1	960000	
90400510	904005	0	1		2	61904005	5		1	0					1		
90400511	904005	1	1				6	7390400501		90	101:65.9;201:28.1;301:166.8	7904005;3000003	100;20000		1	40000	
90400512	904005	2	1						2	90	101:65.9;201:28.1;301:166.8	7904005;3000003	100;40000		1	80000	
90400513	904005	3	1		3	73904005	7	7390400503		130	101:98.8;201:42.1;301:250.2	7904005;3000003	100;60000		1	160000	
90400514	904005	4	1						3	130	101:98.8;201:42.1;301:250.2	7904005;3000003	200;80000		1	320000	
90400515	904005	5	1		3	75904005	8	7390400505		180	101:126.7;201:54;301:320.8	7904005;3000003	200;100000		1	640000	
90400516	904005	6	1						4	180	101:190.1;201:81;301:481.1	7904005;3000003	200;120000		1	1280000	
90400610	904006	0	1		2	61904006	1		1	0					1		
90400611	904006	1	1				2	7390400601		60	101:46.9;201:18.8;301:119.9	7904006;3000003	100;10000		1	30000	
90400612	904006	2	1						2	60	101:46.9;201:18.8;301:119.9	7904006;3000003	100;20000		1	60000	
90400613	904006	3	1		3	73904006	3	7390400603		80	101:46.9;201:18.8;301:119.9	7904006;3000003	100;30000		1	120000	
90400614	904006	4	1						3	80	101:53.2;201:21.3;301:136.1	7904006;3000003	200;40000		1	240000	
90400615	904006	5	1		3	75904006	4	7390400605		100	101:53.2;201:21.3;301:136.1	7904006;3000003	200;50000		1	480000	
90400616	904006	6	1						4	100	101:53.2;201:21.3;301:136.1	7904006;3000003	200;60000		1	960000	
90400910	904009	0	1		2	61904009	5		1	0					1		
90400911	904009	1	1				6	7390400901		90	101:63.8;201:28.6;301:168.5	7904009;3000003	100;20000		1	40000	
90400912	904009	2	1						2	90	101:63.8;201:28.6;301:168.5	7904009;3000003	100;40000		1	80000	
90400913	904009	3	1		3	73904009	7	7390400903		130	101:95.8;201:43;301:252.7	7904009;3000003	100;60000		1	160000	
90400914	904009	4	1						3	130	101:95.8;201:43;301:252.7	7904009;3000003	200;80000		1	320000	
90400915	904009	5	1		3	75904009	8	7390400905		180	101:122.8;201:55.1;301:324	7904009;3000003	200;100000		1	640000	
90400916	904009	6	1						4	180	101:184.1;201:82.6;301:486	7904009;3000003	200;120000		1	1280000	
90401010	904010	0	1		2	61904010	5		1	0					1		
90401011	904010	1	1				6	7390401001		90	101:66.6;201:28.1;301:165.1	7904010;3000003	100;20000		1	40000	
90401012	904010	2	1						2	90	101:66.6;201:28.1;301:165.1	7904010;3000003	100;40000		1	80000	
90401013	904010	3	1		3	73904010	7	7390401003		130	101:99.9;201:42.1;301:247.7	7904010;3000003	100;60000		1	160000	
90401014	904010	4	1						3	130	101:99.9;201:42.1;301:247.7	7904010;3000003	200;80000		1	320000	
90401015	904010	5	1		3	75904010	8	7390401005		180	101:128;201:54;301:317.5	7904010;3000003	200;100000		1	640000	
90401016	904010	6	1						4	180	101:192.1;201:81;301:476.3	7904010;3000003	200;120000		1	1280000	
90401410	904014	0	1		2	61904014	5		1	0					1		
90401411	904014	1	1				6	7390401401		120	101:81;201:49.5;301:297	7904014;3000003	100;50000		1	40000	
90401412	904014	2	1						2	120	101:81;201:49.5;301:297	7904014;3000003	100;100000		1	80000	
90401413	904014	3	1		3	73904014	7	7390401403		180	101:121.5;201:74.3;301:445.5	7904014;3000003	100;150000		1	160000	
90401414	904014	4	1						3	180	101:121.5;201:74.3;301:445.5	7904014;3000003	200;200000		1	320000	
90401415	904014	5	1		3	75904014	8	7390401405		250	101:162;201:99;301:594	7904014;3000003	200;250000		1	640000	
90401416	904014	6	1						4	250	101:243;201:148.5;301:891	7904014;3000003	200;300000		1	1280000	
90401510	904015	0	1		2	61904015	5		1	0					1		
90401511	904015	1	1				6	7390401501		120	101:68;201:27.2;301:166.8	7904015;3000003	100;50000		1	50000	
90401512	904015	2	1						2	120	101:68;201:27.2;301:166.8	7904015;3000003	100;100000		1	100000	
90401513	904015	3	1		3	73904015	7	7390401503		180	101:101.9;201:40.9;301:250.2	7904015;3000003	100;150000		1	200000	
90401514	904015	4	1						3	180	101:101.9;201:40.9;301:250.2	7904015;3000003	200;200000		1	400000	
90401515	904015	5	1		3	75904015	8	7390401505		250	101:130.7;201:52.4;301:320.8	7904015;3000003	200;250000		1	800000	
90401516	904015	6	1						4	250	101:196;201:78.6;301:481.1	7904015;3000003	200;300000		1	1600000	
90402010	904020	0	1		2	61904020	5		1	0					1		
90402011	904020	1	1				6	7390402001		120	101:68;201:27.8;301:163.4	7904020;3000003	100;50000		1	50000	
90402012	904020	2	1						2	120	101:68;201:27.8;301:163.4	7904020;3000003	100;100000		1	100000	
90402013	904020	3	1		3	73904020	7	7390402003		180	101:101.9;201:41.7;301:245.1	7904020;3000003	100;150000		1	200000	
90402014	904020	4	1						3	180	101:101.9;201:41.7;301:245.1	7904020;3000003	200;200000		1	400000	
90402015	904020	5	1		3	75904020	8	7390402005		250	101:130.7;201:53.5;301:314.3	7904020;3000003	200;250000		1	800000	
90402016	904020	6	1						4	250	101:196;201:80.2;301:471.4	7904020;3000003	200;300000		1	1600000	
90402210	904022	0	1		2	61904022	5		1	0					1		
90402211	904022	1	1				6	7390402201		90	101:67.3;201:27.5;301:166.8	7904022;3000003	100;20000		1	50000	
90402212	904022	2	1						2	90	101:67.3;201:27.5;301:166.8	7904022;3000003	100;40000		1	100000	
90402213	904022	3	1		3	73904022	7	7390402203		130	101:100.9;201:41.3;301:250.2	7904022;3000003	100;60000		1	200000	
90402214	904022	4	1						3	130	101:100.9;201:41.3;301:250.2	7904022;3000003	200;80000		1	400000	
90402215	904022	5	1		3	75904022	8	7390402205		180	101:129.4;201:52.9;301:320.8	7904022;3000003	200;100000		1	800000	
90402216	904022	6	1						4	180	101:194;201:79.4;301:481.1	7904022;3000003	200;120000		1	1600000	
90402510	904025	0	1		2	61904025	5		1	0					1		
90402511	904025	1	1				6	7390402501		90	101:53.9;201:34.3;301:203.9	7904025;3000003	100;20000		1	40000	
90402512	904025	2	1						2	90	101:53.9;201:34.3;301:203.9	7904025;3000003	100;40000		1	80000	
90402513	904025	3	1		3	73904025	7	7390402503		130	101:80.9;201:51.5;301:305.8	7904025;3000003	100;60000		1	160000	
90402514	904025	4	1						3	130	101:80.9;201:51.5;301:305.8	7904025;3000003	200;80000		1	320000	
90402515	904025	5	1		3	75904025	8	7390402505		180	101:103.7;201:66;301:392	7904025;3000003	200;100000		1	640000	
90402516	904025	6	1						4	180	101:155.5;201:99;301:588.1	7904025;3000003	200;120000		1	1280000	
90402610	904026	0	1		2	61904026	5		1	0					1		
90402611	904026	1	1				6	7390402601		90	101:54.5;201:34;301:203.9	7904026;3000003	100;20000		1	40000	
90402612	904026	2	1						2	90	101:54.5;201:34;301:203.9	7904026;3000003	100;40000		1	80000	
90402613	904026	3	1		3	73904026	7	7390402603		130	101:81.7;201:51;301:305.8	7904026;3000003	100;60000		1	160000	
90402614	904026	4	1						3	130	101:81.7;201:51;301:305.8	7904026;3000003	200;80000		1	320000	
90402615	904026	5	1		3	75904026	8	7390402605		180	101:104.8;201:65.3;301:392	7904026;3000003	200;100000		1	640000	
90402616	904026	6	1						4	180	101:157.1;201:98;301:588.1	7904026;3000003	200;120000		1	1280000	
90403110	904031	0	1		2	61904031	5		1	0					1		
90403111	904031	1	1				6	7390403101		90	101:53.4;201:34.3;301:205.9	7904031;3000003	100;20000		1	40000	
90403112	904031	2	1						2	90	101:53.4;201:34.3;301:205.9	7904031;3000003	100;40000		1	80000	
90403113	904031	3	1		3	73904031	7	7390403103		130	101:80;201:51.5;301:308.9	7904031;3000003	100;60000		1	160000	
90403114	904031	4	1						3	130	101:80;201:51.5;301:308.9	7904031;3000003	200;80000		1	320000	
90403115	904031	5	1		3	75904031	8	7390403105		180	101:102.6;201:66;301:396	7904031;3000003	200;100000		1	640000	
90403116	904031	6	1						4	180	101:153.9;201:99;301:594	7904031;3000003	200;120000		1	1280000	
90403310	904033	0	1		2	61904033	5		1	0					1		
90403311	904033	1	1				6	7390403301		90	101:66.6;201:27.5;301:168.5	7904033;3000003	100;20000		1	40000	
90403312	904033	2	1						2	90	101:66.6;201:27.5;301:168.5	7904033;3000003	100;40000		1	80000	
90403313	904033	3	1		3	73904033	7	7390403303		130	101:99.9;201:41.3;301:252.7	7904033;3000003	100;60000		1	160000	
90403314	904033	4	1						3	130	101:99.9;201:41.3;301:252.7	7904033;3000003	200;80000		1	320000	
90403315	904033	5	1		3	75904033	8	7390403305		180	101:128;201:52.9;301:324	7904033;3000003	200;100000		1	640000	
90403316	904033	6	1						4	180	101:192.1;201:79.4;301:486	7904033;3000003	200;120000		1	1280000	
90403410	904034	0	1		2	61904034	5		1	0					1		
90403411	904034	1	1				6	7390403401		90	101:65.9;201:27.8;301:168.5	7904034;3000003	100;20000		1	40000	
90403412	904034	2	1						2	90	101:65.9;201:27.8;301:168.5	7904034;3000003	100;40000		1	80000	
90403413	904034	3	1		3	73904034	7	7390403403		130	101:98.8;201:41.7;301:252.7	7904034;3000003	100;60000		1	160000	
90403414	904034	4	1						3	130	101:98.8;201:41.7;301:252.7	7904034;3000003	200;80000		1	320000	
90403415	904034	5	1		3	75904034	8	7390403405		180	101:126.7;201:53.5;301:324	7904034;3000003	200;100000		1	640000	
90403416	904034	6	1						4	180	101:190.1;201:80.2;301:486	7904034;3000003	200;120000		1	1280000	
90404110	904041	0	1		2	61904041	1		1	0					1		
90404111	904041	1	1				2	7390404101		60	101:47.4;201:19.2;301:116.3	7904041;3000003	100;10000		1	40000	
90404112	904041	2	1						2	60	101:47.4;201:19.2;301:116.3	7904041;3000003	100;20000		1	80000	
90404113	904041	3	1		3	73904041	3	7390404103		80	101:47.4;201:19.2;301:116.3	7904041;3000003	100;30000		1	160000	
90404114	904041	4	1						3	80	101:53.8;201:21.8;301:132	7904041;3000003	200;40000		1	320000	
90404115	904041	5	1		3	75904041	4	7390404105		100	101:53.8;201:21.8;301:132	7904041;3000003	200;50000		1	640000	
90404116	904041	6	1						4	100	101:53.8;201:21.8;301:132	7904041;3000003	200;60000		1	1280000	
90404310	904043	0	1		2	61904043	1		1	0					1		
90404311	904043	1	1				2	7390404301		60	101:47.9;201:18.8;301:117.5	7904043;3000003	100;10000		1	30000	
90404312	904043	2	1						2	60	101:47.9;201:18.8;301:117.5	7904043;3000003	100;20000		1	60000	
90404313	904043	3	1		3	73904043	3	7390404303		80	101:47.9;201:18.8;301:117.5	7904043;3000003	100;30000		1	120000	
90404314	904043	4	1						3	80	101:54.3;201:21.3;301:133.4	7904043;3000003	200;40000		1	240000	
90404315	904043	5	1		3	75904043	4	7390404305		100	101:54.3;201:21.3;301:133.4	7904043;3000003	200;50000		1	480000	
90404316	904043	6	1						4	100	101:54.3;201:21.3;301:133.4	7904043;3000003	200;60000		1	960000	
90800210	908002	0	1		2	61908002	5		1	0					1		
90800211	908002	1	1				6	7390800201		120	101:68;201:27.5;301:165.1	7908002;3000003	100;50000		1	30000	
90800212	908002	2	1						2	120	101:68;201:27.5;301:165.1	7908002;3000003	100;100000		1	60000	
90800213	908002	3	1		3	73908002	7	7390800203		180	101:101.9;201:41.3;301:247.7	7908002;3000003	100;150000		1	120000	
90800214	908002	4	1						3	180	101:101.9;201:41.3;301:247.7	7908002;3000003	200;200000		1	240000	
90800215	908002	5	1		3	75908002	8	7390800205		250	101:130.7;201:52.9;301:317.5	7908002;3000003	200;250000		1	480000	
90800216	908002	6	1						4	250	101:196;201:79.4;301:476.3	7908002;3000003	200;300000		1	960000	
11500810	115008	0	1		2	61115008	5		1	0					1		
11500811	115008	1	1				6	7311500801		90	101:97;201:40.5;301:247.9	7115008;3000003	100;20000		1	50000	
11500812	115008	2	1						2	90	101:97;201:40.5;301:247.9	7115008;3000003	100;40000		1	100000	
11500813	115008	3	1		3	73115008	7	7311500803		130	101:145.5;201:60.8;301:371.8	7115008;3000003	100;60000		1	200000	
11500814	115008	4	1						3	130	101:145.5;201:60.8;301:371.8	7115008;3000003	200;80000		1	400000	
11500815	115008	5	1		3	75115008	8	7311500805		180	101:194;201:81;301:495.7	7115008;3000003	200;100000		1	800000	
11500816	115008	6	1						4	180	101:291.1;201:121.5;301:743.6	7115008;3000003	200;120000		1	1600000	
12700810	127008	0	1		2	61127008	9		1	0					1		
12700811	127008	1	1				10	7312700801		120	101:100;201:38.9;301:250.3	7127008;3000003	100;50000		1	40000	
12700812	127008	2	1						2	120	101:100;201:38.9;301:250.3	7127008;3000003	100;100000		1	80000	
12700813	127008	3	1		3	73127008	11	7312700803		180	101:150;201:58.3;301:375.4	7127008;3000003	100;150000		1	160000	
12700814	127008	4	1						3	180	101:150;201:58.3;301:375.4	7127008;3000003	200;200000		1	320000	
12700815	127008	5	1		3	75127008	12	7312700805		250	101:200;201:77.8;301:500.6	7127008;3000003	200;250000		1	640000	
12700816	127008	6	1						4	250	101:300;201:116.6;301:750.9	7127008;3000003	200;300000		1	1280000	
13000810	130008	0	1		2	61130008	9		1	0					1		
13000811	130008	1	1				10	7313000801		120	101:97;201:40.9;301:245.4	7130008;3000003	100;50000		1	50000	
13000812	130008	2	1						2	120	101:97;201:40.9;301:245.4	7130008;3000003	100;100000		1	100000	
13000813	130008	3	1		3	73130008	11	7313000803		180	101:145.5;201:61.4;301:368.1	7130008;3000003	100;150000		1	200000	
13000814	130008	4	1						3	180	101:145.5;201:61.4;301:368.1	7130008;3000003	200;200000		1	400000	
13000815	130008	5	1		3	75130008	12	7313000805		250	101:194;201:81.8;301:490.9	7130008;3000003	200;250000		1	800000	
13000816	130008	6	1						4	250	101:291.1;201:122.7;301:736.3	7130008;3000003	200;300000		1	1600000	
13100810	131008	0	1		2	61131008	9		1	0					1		
13100811	131008	1	1				10	7313100801		120	101:99;201:38.9;301:252.7	7131008;3000003	100;50000		1	50000	
13100812	131008	2	1						2	120	101:99;201:38.9;301:252.7	7131008;3000003	100;100000		1	100000	
13100813	131008	3	1		3	73131008	11	7313100803		180	101:148.5;201:58.3;301:379.1	7131008;3000003	100;150000		1	200000	
13100814	131008	4	1						3	180	101:148.5;201:58.3;301:379.1	7131008;3000003	200;200000		1	400000	
13100815	131008	5	1		3	75131008	12	7313100805		250	101:198;201:77.8;301:505.4	7131008;3000003	200;250000		1	800000	
13100816	131008	6	1						4	250	101:297;201:116.6;301:758.2	7131008;3000003	200;300000		1	1600000	
11700810	117008	0	1		2	61117008	9		1	0					1		
11700811	117008	1	1				10	7311700801		120	101:100;201:38.9;301:250.3	7117008;3000003	100;50000		1	50000	
11700812	117008	2	1						2	120	101:100;201:38.9;301:250.3	7117008;3000003	100;100000		1	100000	
11700813	117008	3	1		3	73117008	11	7311700803		180	101:150;201:58.3;301:375.4	7117008;3000003	100;150000		1	200000	
11700814	117008	4	1						3	180	101:150;201:58.3;301:375.4	7117008;3000003	200;200000		1	400000	
11700815	117008	5	1		3	75117008	12	7311700805		250	101:200;201:77.8;301:500.6	7117008;3000003	200;250000		1	800000	
11700816	117008	6	1						4	250	101:300;201:116.6;301:750.9	7117008;3000003	200;300000		1	1600000	
12100810	121008	0	1		2	61121008	5		1	0					1		
12100811	121008	1	1				6	7312100801		90	101:99;201:40.5;301:243	7121008;3000003	100;20000		1	50000	
12100812	121008	2	1						2	90	101:99;201:40.5;301:243	7121008;3000003	100;40000		1	100000	
12100813	121008	3	1		3	73121008	7	7312100803		130	101:148.5;201:60.8;301:364.5	7121008;3000003	100;60000		1	200000	
12100814	121008	4	1						3	130	101:148.5;201:60.8;301:364.5	7121008;3000003	200;80000		1	400000	
12100815	121008	5	1		3	75121008	8	7312100805		180	101:198;201:81;301:486	7121008;3000003	200;100000		1	800000	
12100816	121008	6	1						4	180	101:297;201:121.5;301:729	7121008;3000003	200;120000		1	1600000	
10300610	103006	0	1		2	61103006	9		1	0					1		
10300611	103006	1	1				10	7310300601		120	101:98;201:40.9;301:243	7103006;3000003	100;50000		1	40000	
10300612	103006	2	1						2	120	101:98;201:40.9;301:243	7103006;3000003	100;100000		1	80000	
10300613	103006	3	1		3	73103006	11	7310300603		180	101:147;201:61.4;301:364.5	7103006;3000003	100;150000		1	160000	
10300614	103006	4	1						3	180	101:147;201:61.4;301:364.5	7103006;3000003	200;200000		1	320000	
10300615	103006	5	1		3	75103006	12	7310300605		250	101:196;201:81.8;301:486	7103006;3000003	200;250000		1	640000	
10300616	103006	6	1						4	250	101:294;201:122.7;301:729	7103006;3000003	200;300000		1	1280000	
10500410	105004	0	1		2	61105004	5		1	0					1		
10500411	105004	1	1				6	7310500401		90	101:65.9;201:28.1;301:166.8	7105004;3000003	100;20000		1	50000	
10500412	105004	2	1						2	90	101:65.9;201:28.1;301:166.8	7105004;3000003	100;40000		1	100000	
10500413	105004	3	1		3	73105004	7	7310500403		130	101:98.8;201:42.1;301:250.2	7105004;3000003	100;60000		1	200000	
10500414	105004	4	1						3	130	101:98.8;201:42.1;301:250.2	7105004;3000003	200;80000		1	400000	
10500415	105004	5	1		3	75105004	8	7310500405		180	101:126.7;201:54;301:320.8	7105004;3000003	200;100000		1	800000	
10500416	105004	6	1						4	180	101:190.1;201:81;301:481.1	7105004;3000003	200;120000		1	1600000	
10600910	106009	0	1		2	61106009	9		1	0					1		
10600911	106009	1	1		3	71106009	10	7310600901		120	101:101;201:38.9;301:247.9	7106009;3000003	100;50000		1	40000	
10600912	106009	2	1						2	120	101:101;201:38.9;301:247.9	7106009;3000003	100;100000		1	80000	
10600913	106009	3	1		3	73106009	11	7310600903		180	101:151.5;201:58.3;301:371.8	7106009;3000003	100;150000		1	160000	
10600914	106009	4	1						3	180	101:151.5;201:58.3;301:371.8	7106009;3000003	200;200000		1	320000	
10600915	106009	5	1		3	75106009	12	7310600905		250	101:202;201:77.8;301:495.7	7106009;3000003	200;250000		1	640000	
10600916	106009	6	1						4	250	101:302.9;201:116.6;301:743.6	7106009;3000003	200;300000		1	1280000	
10701010	107010	0	1		2	61107010	9		1	0					1		
10701011	107010	1	1		3	71107010	10	7310701001		120	101:104;201:40.5;301:230.9	7107010;3000003	100;50000		1	50000	
10701012	107010	2	1						2	120	101:104;201:40.5;301:230.9	7107010;3000003	100;100000		1	100000	
10701013	107010	3	1				11	7310701003		180	101:155.9;201:60.8;301:346.3	7107010;3000003	100;150000		1	200000	
10701014	107010	4	1		3	74107010			3	180	101:155.9;201:60.8;301:346.3	7107010;3000003	200;200000		1	400000	
10701015	107010	5	1				12	7310701005		250	101:207.9;201:81;301:461.7	7107010;3000003	200;250000		1	800000	
10701016	107010	6	1		3	76107010			4	250	101:311.9;201:121.5;301:692.6	7107010;3000003	200;300000		1	1600000	
12300810	123008	0	1		2	61123008	9		1	0					1		
12300811	123008	1	1		3	71123008	10	7312300801		120	101:93.6;201:42.8;301:286.3	7123008;3000003	100;50000		1	50000	
12300812	123008	2	1						2	120	101:93.6;201:42.8;301:286.3	7123008;3000003	100;100000		1	100000	
12300813	123008	3	1				11	7312300803		180	101:140.3;201:64.1;301:429.5	7123008;3000003	100;150000		1	200000	
12300814	123008	4	1		3	74123008			3	180	101:140.3;201:64.1;301:429.5	7123008;3000003	200;200000		1	400000	
12300815	123008	5	1				12	7312300805		250	101:187.1;201:85.5;301:572.7	7123008;3000003	200;250000		1	800000	
12300816	123008	6	1		3	76123008			4	250	101:280.7;201:128.3;301:859	7123008;3000003	200;300000		1	1600000	
12500810	125008	0	1		2	61125008	9		1	0					1		
12500811	125008	1	1		3	71125008	10	7312500801		120	101:97;201:40.5;301:247.9	7125008;3000003	100;20000		1	50000	
12500812	125008	2	1						2	120	101:97;201:40.5;301:247.9	7125008;3000003	100;40000		1	100000	
12500813	125008	3	1				11	7312500803		180	101:145.5;201:60.8;301:371.8	7125008;3000003	100;60000		1	200000	
12500814	125008	4	1		3	74125008			3	180	101:145.5;201:60.8;301:371.8	7125008;3000003	200;80000		1	400000	
12500815	125008	5	1				12	7312500805		250	101:194;201:81;301:495.7	7125008;3000003	200;100000		1	800000	
12500816	125008	6	1		3	76125008			4	250	101:291.1;201:121.5;301:743.6	7125008;3000003	200;120000		1	1600000	
12900810	129008	0	1		2	61129008	9		1	0					1		
12900811	129008	1	1				10	7312900801		120	101:68;201:27.5;301:165.1	7129008;3000003	100;50000		1		
12900812	129008	2	1						2	120	101:68;201:27.5;301:165.1	7129008;3000003	100;100000		1		
12900813	129008	3	1		3	73129008	11	7312900803		180	101:101.9;201:41.3;301:247.7	7129008;3000003	100;150000		1		
12900814	129008	4	1						3	180	101:101.9;201:41.3;301:247.7	7129008;3000003	200;200000		1		
12900815	129008	5	1		3	75129008	12	7312900805		250	101:130.7;201:52.9;301:317.5	7129008;3000003	200;250000		1		
12900816	129008	6	1						4	250	101:196;201:79.4;301:476.3	7129008;3000003	200;300000		1		
13700810	137008	0	1		2	61137008	9		1	0					1		
13700811	137008	1	1				10	7313700801		120	101:97;201:40.5;301:247.9	7137008;3000003	100;20000		1		
13700812	137008	2	1						2	120	101:97;201:40.5;301:247.9	7137008;3000003	100;40000		1		
13700813	137008	3	1		3	73137008	11	7313700803		180	101:145.5;201:60.8;301:371.8	7137008;3000003	100;60000		1		
13700814	137008	4	1						3	180	101:145.5;201:60.8;301:371.8	7137008;3000003	200;80000		1		
13700815	137008	5	1		3	75137008	12	7313700805		250	101:194;201:81;301:495.7	7137008;3000003	200;100000		1		
13700816	137008	6	1						4	250	101:291.1;201:121.5;301:743.6	7137008;3000003	200;120000		1		
13500810	135008	0	1		2	61135008	9		1	0					1		
13500811	135008	1	1		3	71135008	10	7313500801		120	101:81;201:49.5;301:297	7135008;3000003	100;50000		1		
13500812	135008	2	1						2	120	101:81;201:49.5;301:297	7135008;3000003	100;100000		1		
13500813	135008	3	1		3	73135008	11	7313500803		180	101:121.5;201:74.3;301:445.5	7135008;3000003	100;150000		1		
13500814	135008	4	1						3	180	101:121.5;201:74.3;301:445.5	7135008;3000003	200;200000		1		
13500815	135008	5	1		3	75135008	12	7313500805		250	101:162;201:99;301:594	7135008;3000003	200;250000		1		
13500816	135008	6	1						4	250	101:243;201:148.5;301:891	7135008;3000003	200;300000		1		
11600110	116001	0	1		2	61116001	9		1	0					1		
11600111	116001	1	1				10	7311600101		120	101:79.4;201:49.5;301:302.9	7116001;3000003	100;50000		1		
11600112	116001	2	1						2	120	101:79.4;201:49.5;301:302.9	7116001;3000003	100;100000		1		
11600113	116001	3	1		3	73116001	11	7311600103		180	101:119.1;201:74.3;301:454.4	7116001;3000003	100;150000		1		
11600114	116001	4	1						3	180	101:119.1;201:74.3;301:454.4	7116001;3000003	200;200000		1		
11600115	116001	5	1		3	75116001	12	7311600105		250	101:158.8;201:99;301:605.9	7116001;3000003	200;250000		1		
11600116	116001	6	1						4	250	101:238.1;201:148.5;301:908.8	7116001;3000003	200;300000		1		
14000810	140008	0	1		2	61140008	9		1	0					1		
14000811	140008	1	1		3	71140008	10	7314000801		120	101:95.4;201:42.3;301:280.7	7140008;3000003	100;50000		1		
14000812	140008	2	1						2	120	101:95.4;201:42.3;301:280.7	7140008;3000003	100;100000		1		
14000813	140008	3	1		3	73140008	11	7314000803		180	101:143.1;201:63.5;301:421	7140008;3000003	100;150000		1		
14000814	140008	4	1						3	180	101:143.1;201:63.5;301:421	7140008;3000003	200;200000		1		
14000815	140008	5	1				12	7314000805		250	101:190.8;201:84.6;301:561.3	7140008;3000003	200;250000		1		
14000816	140008	6	1		3	76140008			4	250	101:286.2;201:127;301:842	7140008;3000003	200;300000		1		
12900110	129001	0	1		2	61129001	9		1	0					1		
12900111	129001	1	1		3	71129001	10	7312900101		120	101:101;201:39.7;301:243	7129001;3000003	100;50000		1		
12900112	129001	2	1						2	120	101:101;201:39.7;301:243	7129001;3000003	100;100000		1		
12900113	129001	3	1				11	7312900103		180	101:151.5;201:59.5;301:364.5	7129001;3000003	100;150000		1		
12900114	129001	4	1		3	74129001			3	180	101:151.5;201:59.5;301:364.5	7129001;3000003	200;200000		1		
12900115	129001	5	1				12	7312900105		250	101:202;201:79.4;301:486	7129001;3000003	200;250000		1		
12900116	129001	6	1		3	76129001			4	250	101:302.9;201:119.1;301:729	7129001;3000003	200;300000		1		
10900210	109002	0	1		2	61109002	9		1	0					1		
10900211	109002	1	1		3	71109002	10	7310900201		120	101:89.1;201:45;301:297	7109002;3000003	100;50000		1		
10900212	109002	2	1						2	120	101:89.1;201:45;301:297	7109002;3000003	100;100000		1		
10900213	109002	3	1				11	7310900203		180	101:133.7;201:67.5;301:445.5	7109002;3000003	100;150000		1		
10900214	109002	4	1		3	74109002			3	180	101:133.7;201:67.5;301:445.5	7109002;3000003	200;200000		1		
10900215	109002	5	1				12	7310900205		250	101:178.2;201:90;301:594	7109002;3000003	200;250000		1		
10900216	109002	6	1		3	76109002			4	250	101:267.3;201:135;301:891	7109002;3000003	200;300000		1		
11300210	113002	0	1		2	61113002	9		1	0		7113002;3000003			1		
11300211	113002	1	1		3	71113002	10	7311300201		120	101:100;201:39.7;301:245.4	7113002;3000003	100;50000		1		
11300212	113002	2	1						2	120	101:100;201:39.7;301:245.4	7113002;3000003	100;100000		1		
11300213	113002	3	1				11	7311300203		180	101:150;201:59.5;301:368.1	7113002;3000003	100;150000		1		
11300214	113002	4	1		3	74113002			3	180	101:150;201:59.5;301:368.1	7113002;3000003	200;200000		1		
11300215	113002	5	1				12	7311300205		250	101:200;201:79.4;301:490.9	7113002;3000003	200;250000		1		
11300216	113002	6	1		3	76113002			4	250	101:300;201:119.1;301:736.3	7113002;3000003	200;300000		1		
11400210	114002	0	1		2	61114002	9		1	0		7114002;3000003			1		
11400211	114002	1	1		3	71114002	10	7311400201		120	101:81;201:49.5;301:297	7114002;3000003	100;50000		1		
11400212	114002	2	1						2	120	101:81;201:49.5;301:297	7114002;3000003	100;100000		1		
11400213	114002	3	1				11	7311400203		180	101:121.5;201:74.3;301:445.5	7114002;3000003	100;150000		1		
11400214	114002	4	1		3	74114002			3	180	101:121.5;201:74.3;301:445.5	7114002;3000003	200;200000		1		
11400215	114002	5	1				12	7311400205		250	101:162;201:99;301:594	7114002;3000003	200;250000		1		
11400216	114002	6	1		3	76114002			4	250	101:243;201:148.5;301:891	7114002;3000003	200;300000		1		
13800810	138008	0	1		2	61138008	9		1	0		7138008;3000003			1		
13800811	138008	1	1		3	71138008	10	7313800801		120	101:104;201:42.8;301:311.9	7138008;3000003	100;50000		1		
13800812	138008	2	1						2	120	101:104;201:42.8;301:311.9	7138008;3000003	100;100000		1		
13800813	138008	3	1				11	7313800803		180	101:155.9;201:64.1;301:467.8	7138008;3000003	100;150000		1		
13800814	138008	4	1		3	74138008			3	180	101:155.9;201:64.1;301:467.8	7138008;3000003	200;200000		1		
13800815	138008	5	1				12	7313800805		250	101:207.9;201:85.5;301:623.7	7138008;3000003	200;250000		1		
13800816	138008	6	1		3	76138008			4	250	101:311.9;201:128.3;301:935.6	7138008;3000003	200;300000		1		
80200810	802008	0	1		2	61802008	9		1	0					1		
80200811	802008	1	1		3	71802008	10	7380200801		120	101:99;201:40.5;301:243	7802008;3000003	100;50000		1		
80200812	802008	2	1						2	120	101:99;201:40.5;301:243	7802008;3000003	100;100000		1		
80200813	802008	3	1				11	7380200803		180	101:148.5;201:60.8;301:364.5	7802008;3000003	100;150000		1		
80200814	802008	4	1		3	74802008			3	180	101:148.5;201:60.8;301:364.5	7802008;3000003	200;200000		1		
80200815	802008	5	1				12	7380200805		250	101:198;201:81;301:486	7802008;3000003	200;250000		1		
80200816	802008	6	1		3	76802008			4	250	101:297;201:121.5;301:729	7802008;3000003	200;300000		1		
80300810	803008	0	1		2	61803008	9		1	0					1		
80300811	803008	1	1		3	71803008	10	7380300801		120	101:72.9;201:49.5;301:326.7	7803008;3000003	100;50000		1		
80300812	803008	2	1						2	120	101:72.9;201:49.5;301:326.7	7803008;3000003	100;100000		1		
80300813	803008	3	1				11	7380300803		180	101:109.4;201:74.3;301:490.1	7803008;3000003	100;150000		1		
80300814	803008	4	1		3	74803008			3	180	101:109.4;201:74.3;301:490.1	7803008;3000003	200;200000		1		
80300815	803008	5	1				12	7380300805		250	101:145.8;201:99;301:653.4	7803008;3000003	200;250000		1		
80300816	803008	6	1		3	76803008			4	250	101:218.7;201:148.5;301:980.1	7803008;3000003	200;300000		1		
80100810	801008	0	1		2	61801008	5		1	0					1		
80100811	801008	1	1				6	7380200801		120	101:55;201:34;301:201.8	7801008;3000003	100;50000		1		
80100812	801008	2	1						2	120	101:55;201:34;301:201.8	7801008;3000003	100;100000		1		
80100813	801008	3	1		3	73801008	7	7380200803		180	101:82.6;201:51;301:302.7	7801008;3000003	100;150000		1		
80100814	801008	4	1						3	180	101:82.6;201:51;301:302.7	7801008;3000003	200;200000		1		
80100815	801008	5	1		3	75801008	8	7380200805		250	101:105.8;201:65.3;301:388.1	7801008;3000003	200;250000		1		
80100816	801008	6	1						4	250	101:158.8;201:98;301:582.1	7801008;3000003	200;300000		1		
12700110	127001	0	1		2	61127001	9		1	0					1		
12700111	127001	1	1		3	71127001	10	7312700101		120	101:82.6;201:49.5;301:291.1	7127001;3000003	100;50000		1		
12700112	127001	2	1						2	120	101:82.6;201:49.5;301:291.1	7127001;3000003	100;100000		1		
12700113	127001	3	1		3	73127001	11	7312700103		180	101:123.9;201:74.3;301:436.6	7127001;3000003	100;150000		1		
12700114	127001	4	1		3	74127001			3	180	101:123.9;201:74.3;301:436.6	7127001;3000003	200;200000		1		
12700115	127001	5	1		3	75127001	12	7312700105		250	101:165.2;201:99;301:582.1	7127001;3000003	200;250000		1		
12700116	127001	6	1		3	76127001			4	250	101:247.9;201:148.5;301:873.2	7127001;3000003	200;300000		1		
13600810	136008	0	1		2	61136008	9		1	0					1		
13600811	136008	1	1		3	71136008	10	7313600801		120	101:82.6;201:49.5;301:291.1	7136008;3000003	100;50000		1		
13600812	136008	2	1						2	120	101:82.6;201:49.5;301:291.1	7136008;3000003	100;100000		1		
13600813	136008	3	1		3	73136008	11	7313600803		180	101:123.9;201:74.3;301:436.6	7136008;3000003	100;150000		1		
13600814	136008	4	1						3	180	101:123.9;201:74.3;301:436.6	7136008;3000003	200;200000		1		
13600815	136008	5	1		3	75136008	12	7313600805		250	101:165.2;201:99;301:582.1	7136008;3000003	200;250000		1		
13600816	136008	6	1						4	250	101:247.9;201:148.5;301:873.2	7136008;3000003	200;300000		1		
10401610	104016	0	1		2	61104016	9		1	0					1		
10401611	104016	1	1		3	71104016	10	7310401601		120	101:101;201:40.5;301:238.1	7104016;3000003	100;50000		1		
10401612	104016	2	1						2	120	101:101;201:40.5;301:238.1	7104016;3000003	100;100000		1		
10401613	104016	3	1				11	7310401603		180	101:151.5;201:60.8;301:357.2	7104016;3000003	100;150000		1		
10401614	104016	4	1		3	74104016			3	180	101:151.5;201:60.8;301:357.2	7104016;3000003	200;200000		1		
10401615	104016	5	1				12	7310401605		250	101:202;201:81;301:476.3	7104016;3000003	200;250000		1		
10401616	104016	6	1		3	76104016			4	250	101:302.9;201:121.5;301:714.4	7104016;3000003	200;300000		1		
10300910	103009	0	1		2	61103009	9		1	0					1		
10300911	103009	1	1		3	71103009	10	7310300901		120	101:99;201:40.5;301:243	7103009;3000003	100;50000		1		
10300912	103009	2	1						2	120	101:99;201:40.5;301:243	7103009;3000003	100;100000		1		
10300913	103009	3	1				11	7310300903		180	101:148.5;201:60.8;301:364.5	7103009;3000003	100;150000		1		
10300914	103009	4	1		3	74103009			3	180	101:148.5;201:60.8;301:364.5	7103009;3000003	200;200000		1		
10300915	103009	5	1				12	7310300905		250	101:198;201:81;301:486	7103009;3000003	200;250000		1		
10300916	103009	6	1		3	76103009			4	250	101:297;201:121.5;301:729	7103009;3000003	200;300000		1		
10201210	102012	0	1		2	61102012	5		1	0					1		
10201211	102012	1	1				6	7310201201		90	101:53.9;201:34.3;301:203.9	7102012;3000003	100;50000		1		
10201212	102012	2	1						2	90	101:53.9;201:34.3;301:203.9	7102012;3000003	100;100000		1		
10201213	102012	3	1		3	73102012	7	7310201203		130	101:80.9;201:51.5;301:305.8	7102012;3000003	100;150000		1		
10201214	102012	4	1						3	130	101:80.9;201:51.5;301:305.8	7102012;3000003	200;200000		1		
10201215	102012	5	1		3	75102012	8	7310201205		180	101:103.7;201:66;301:392	7102012;3000003	200;250000		1		
10201216	102012	6	1						4	180	101:155.5;201:99;301:588.1	7102012;3000003	200;300000		1		
10101810	101018	0	1		2	61101018	9		1	0					1		
10101811	101018	1	1		3	71101018	10	7380200801		120	101:82.6;201:49.5;301:291.1	7101018;3000003	100;50000		1		
10101812	101018	2	1						2	120	101:82.6;201:49.5;301:291.1	7101018;3000003	100;100000		1		
10101813	101018	3	1		3	73101018	11	7380200803		180	101:123.9;201:74.3;301:436.6	7101018;3000003	100;150000		1		
10101814	101018	4	1						3	180	101:123.9;201:74.3;301:436.6	7101018;3000003	200;200000		1		
10101815	101018	5	1		3	75101018	12	7380200805		250	101:165.2;201:99;301:582.1	7101018;3000003	200;250000		1		
10101816	101018	6	1						4	250	101:247.9;201:148.5;301:873.2	7101018;3000003	200;300000		1		
14400110	144001	0	1		2	61144001	9		1	0					1		
14400111	144001	1	1		3	71144001	10	7314400101		120	101:101;201:40.5;301:238.1	7144001;3000003	100;50000		1		
14400112	144001	2	1						2	120	101:101;201:40.5;301:238.1	7144001;3000003	100;100000		1		
14400113	144001	3	1				11	7314400103		180	101:151.5;201:60.8;301:357.2	7144001;3000003	100;150000		1		
14400114	144001	4	1		3	74144001			3	180	101:151.5;201:60.8;301:357.2	7144001;3000003	200;200000		1		
14400115	144001	5	1				12	7314400105		250	101:202;201:81;301:476.3	7144001;3000003	200;250000		1		
14400116	144001	6	1		3	76144001			4	250	101:302.9;201:121.5;301:714.4	7144001;3000003	200;300000		1		
14400810	144008	0	1		2	61144008	5		1	0					1		
14400811	144008	1	1				6	7314400801		90	101:65.9;201:28.1;301:166.8	7144008;3000003	100;50000		1		
14400812	144008	2	1						2	90	101:65.9;201:28.1;301:166.8	7144008;3000003	100;100000		1		
14400813	144008	3	1		3	73144008	7	7314400803		130	101:98.8;201:42.1;301:250.2	7144008;3000003	100;150000		1		
14400814	144008	4	1						3	130	101:98.8;201:42.1;301:250.2	7144008;3000003	200;200000		1		
14400815	144008	5	1		3	75144008	8	7314400805		180	101:126.7;201:54;301:320.8	7144008;3000003	200;250000		1		
14400816	144008	6	1						4	180	101:190.1;201:81;301:481.1	7144008;3000003	200;300000		1		
80400810	804008	0	1		2	61804008	9		1						1		
80400811	804008	1	1		3	71804008	10	7314400801		120	101:99;201:40.5;301:243	7804008;3000003	100;50000		1		
80400812	804008	2	1						2	120	101:99;201:40.5;301:243	7804008;3000003	100;100000		1		
80400813	804008	3	1				11	7314400803		180	101:148.5;201:60.8;301:364.5	7804008;3000003	100;150000		1		
80400814	804008	4	1		3	74804008			3	180	101:148.5;201:60.8;301:364.5	7804008;3000003	200;200000		1		
80400815	804008	5	1				12	7314400805		250	101:198;201:81;301:486	7804008;3000003	200;250000		1		
80400816	804008	6	1		3	76804008			4	250	101:297;201:121.5;301:729	7804008;3000003	200;300000		1		
80500810	805008	0	1		2	61805008	9		1						1		
80500811	805008	1	1		3	71805008	10	7314400801		120	101:81;201:49.5;301:297	7805008;3000003	100;50000		1		
80500812	805008	2	1						2	120	101:81;201:49.5;301:297	7805008;3000003	100;100000		1		
80500813	805008	3	1				11	7314400803		180	101:121.5;201:74.3;301:445.5	7805008;3000003	100;150000		1		
80500814	805008	4	1		3	74805008			3	180	101:121.5;201:74.3;301:445.5	7805008;3000003	200;200000		1		
80500815	805008	5	1				12	7314400805		250	101:162;201:99;301:594	7805008;3000003	200;250000		1		
80500816	805008	6	1		3	76805008			4	250	101:243;201:148.5;301:891	7805008;3000003	200;300000		1		
80600810	806008	0	1		2	61806008	5		1						1		
80600811	806008	1	1				6	7380600801		90	101:67.3;201:27.8;301:165.1	7806008;3000003	100;50000		1		
80600812	806008	2	1						2	90	101:67.3;201:27.8;301:165.1	7806008;3000003	100;100000		1		
80600813	806008	3	1		3	73806008	7	7380600803		130	101:100.9;201:41.7;301:247.7	7806008;3000003	100;150000		1		
80600814	806008	4	1						3	130	101:100.9;201:41.7;301:247.7	7806008;3000003	200;200000		1		
80600815	806008	5	1		3	75806008	8	7380600805		180	101:129.4;201:53.5;301:317.5	7806008;3000003	200;250000		1		
80600816	806008	6	1						4	180	101:194;201:80.2;301:476.3	7806008;3000003	200;300000		1		
14100810	141008	0	1		2	61141008	9		1						1		
14100811	141008	1	1		3	71141008	10	7314100801		120	101:81;201:49.5;301:297	7141008;3000003	100;50000		1		
14100812	141008	2	1						2	120	101:81;201:49.5;301:297	7141008;3000003	100;100000		1		
14100813	141008	3	1		3	73141008	11	7314100803		180	101:121.5;201:74.3;301:445.5	7141008;3000003	100;150000		1		
14100814	141008	4	1						3	180	101:121.5;201:74.3;301:445.5	7141008;3000003	200;200000		1		
14100815	141008	5	1		3	75141008	12	7314100805		250	101:162;201:99;301:594	7141008;3000003	200;250000		1		
14100816	141008	6	1						4	250	101:243;201:148.5;301:891	7141008;3000003	200;300000		1		
12900210	129002	0	1		2	61129002	9		1	0					1		
12900211	129002	1	1				10	7312900201		120	101:98;201:40.9;301:243	7129002;3000003	100;50000		1		
12900212	129002	2	1						2	120	101:98;201:40.9;301:243	7129002;3000003	100;100000		1		
12900213	129002	3	1		3	73129002	11	7312900203		180	101:147;201:61.4;301:364.5	7129002;3000003	100;150000		1		
12900214	129002	4	1						3	180	101:147;201:61.4;301:364.5	7129002;3000003	200;200000		1		
12900215	129002	5	1		3	75129002	12	7312900205		250	101:196;201:81.8;301:486	7129002;3000003	200;250000		1		
12900216	129002	6	1						4	250	101:294;201:122.7;301:729	7129002;3000003	200;300000		1		
12000810	120008	0	1		2	61120008	9		1						1		
12000811	120008	1	1		3	71120008	10	7312000801		120	101:85.1;201:49.5;301:311.9	7120008;3000003	100;50000		1		
12000812	120008	2	1						2	120	101:85.1;201:49.5;301:311.9	7120008;3000003	100;100000		1		
12000813	120008	3	1				11	7312000803		180	101:127.6;201:74.3;301:467.8	7120008;3000003	100;150000		1		
12000814	120008	4	1		3	74120008			3	180	101:127.6;201:74.3;301:467.8	7120008;3000003	200;200000		1		
12000815	120008	5	1				12	7312000805		250	101:170.1;201:99;301:623.7	7120008;3000003	200;250000		1		
12000816	120008	6	1		3	76120008			4	250	101:255.2;201:148.5;301:935.6	7120008;3000003	200;300000		1		
11900810	119008	0	1		2	61119008	9		1						1		
11900811	119008	1	1		3	71119008	10	7311900801		120	101:99;201:40.5;301:243	7119008;3000003	100;50000		1		
11900812	119008	2	1						2	120	101:99;201:40.5;301:243	7119008;3000003	100;100000		1		
11900813	119008	3	1				11	7311900803		180	101:148.5;201:60.8;301:364.5	7119008;3000003	100;150000		1		
11900814	119008	4	1		3	74119008			3	180	101:148.5;201:60.8;301:364.5	7119008;3000003	200;200000		1		
11900815	119008	5	1				12	7311900805		250	101:198;201:81;301:486	7119008;3000003	200;250000		1		
11900816	119008	6	1		3	76119008			4	250	101:297;201:121.5;301:729	7119008;3000003	200;300000		1		
13300810	133008	0	1		2	61133008	9		1						1		
13300811	133008	1	1		3	71133008	10	7313300801		120	101:77;201:49.5;301:311.9	7133008;3000003	100;50000		1		
13300812	133008	2	1						2	120	101:77;201:49.5;301:311.9	7133008;3000003	100;100000		1		
13300813	133008	3	1				11	7313300803		180	101:115.4;201:74.3;301:467.8	7133008;3000003	100;150000		1		
13300814	133008	4	1		3	74133008			3	180	101:115.4;201:74.3;301:467.8	7133008;3000003	200;200000		1		
13300815	133008	5	1				12	7313300805		250	101:153.9;201:99;301:623.7	7133008;3000003	200;250000		1		
13300816	133008	6	1		3	76133008			4	250	101:230.9;201:148.5;301:935.6	7133008;3000003	200;300000		1		
10400710	104007	0	1		2	61104007	9		1						1		
10400711	104007	1	1		3	71104007	10	7310400701		120	101:81;201:49.5;301:297	7104007;3000003	100;50000		1		
10400712	104007	2	1						2	120	101:81;201:49.5;301:297	7104007;3000003	100;100000		1		
10400713	104007	3	1		3	73104007	11	7310400703		180	101:121.5;201:74.3;301:445.5	7104007;3000003	100;150000		1		
10400714	104007	4	1						3	180	101:121.5;201:74.3;301:445.5	7104007;3000003	200;200000		1		
10400715	104007	5	1		3	75104007	12	7310400705		250	101:162;201:99;301:594	7104007;3000003	200;250000		1		
10400716	104007	6	1						4	250	101:243;201:148.5;301:891	7104007;3000003	200;300000		1		
10300310	103003	0	1		2	61103003	9		1						1		
10300311	103003	1	1		3	71103003	10	7310300301		120	101:81;201:49.5;301:297	7103003;3000003	100;50000		1		
10300312	103003	2	1						2	120	101:81;201:49.5;301:297	7103003;3000003	100;100000		1		
10300313	103003	3	1		3	73103003	11	7310300303		180	101:121.5;201:74.3;301:445.5	7103003;3000003	100;150000		1		
10300314	103003	4	1						3	180	101:121.5;201:74.3;301:445.5	7103003;3000003	200;200000		1		
10300315	103003	5	1		3	75103003	12	7310300305		250	101:162;201:99;301:594	7103003;3000003	200;250000		1		
10300316	103003	6	1						4	250	101:243;201:148.5;301:891	7103003;3000003	200;300000		1		
10301710	103017	0	1		2	61103017	9		1						1		
10301711	103017	1	1		3	71103017	10	7310301701		120	101:104;201:40.5;301:230.9	7103017;3000003	100;50000		1		
10301712	103017	2	1						2	120	101:104;201:40.5;301:230.9	7103017;3000003	100;100000		1		
10301713	103017	3	1				11	7310301703		180	101:155.9;201:60.8;301:346.3	7103017;3000003	100;150000		1		
10301714	103017	4	1		3	74103017			3	180	101:155.9;201:60.8;301:346.3	7103017;3000003	200;200000		1		
10301715	103017	5	1				12	7310301705		250	101:207.9;201:81;301:461.7	7103017;3000003	200;250000		1		
10301716	103017	6	1		3	76103017			4	250	101:311.9;201:121.5;301:692.6	7103017;3000003	200;300000		1		
10201810	102018	0	1		2	61102018	9		1						1		
10201811	102018	1	1		3	71102018	10	7310201801		120	101:99;201:40.5;301:243	7102018;3000003	100;50000		1		
10201812	102018	2	1						2	120	101:99;201:40.5;301:243	7102018;3000003	100;100000		1		
10201813	102018	3	1				11	7310201803		180	101:148.5;201:60.8;301:364.5	7102018;3000003	100;150000		1		
10201814	102018	4	1		3	74102018			3	180	101:148.5;201:60.8;301:364.5	7102018;3000003	200;200000		1		
10201815	102018	5	1				12	7310201805		250	101:198;201:81;301:486	7102018;3000003	200;250000		1		
10201816	102018	6	1		3	76102018			4	250	101:297;201:121.5;301:729	7102018;3000003	200;300000		1		
10101210	101012	0	1		2	61101012	9		1						1		
10101211	101012	1	1		3	71101012	10	7310101201		120	101:99;201:40.5;301:243	7101012;3000003	100;50000		1		
10101212	101012	2	1						2	120	101:99;201:40.5;301:243	7101012;3000003	100;100000		1		
10101213	101012	3	1		3	73101012	11	7310101203		180	101:148.5;201:60.8;301:364.5	7101012;3000003	100;150000		1		
10101214	101012	4	1						3	180	101:148.5;201:60.8;301:364.5	7101012;3000003	200;200000		1		
10101215	101012	5	1		3	75101012	12	7310101205		250	101:198;201:81;301:486	7101012;3000003	200;250000		1		
10101216	101012	6	1						4	250	101:297;201:121.5;301:729	7101012;3000003	200;300000		1		
10400910	104009	0	1		2	61104009	5		1						1		
10400911	104009	1	1				6	7310400901		120	101:55;201:34;301:201.8	7104009;3000003	100;50000		1		
10400912	104009	2	1						2	120	101:55;201:34;301:201.8	7104009;3000003	100;100000		1		
10400913	104009	3	1		3	73104009	7	7310400903		180	101:82.6;201:51;301:302.7	7104009;3000003	100;150000		1		
10400914	104009	4	1						3	180	101:82.6;201:51;301:302.7	7104009;3000003	200;200000		1		
10400915	104009	5	1		3	75104009	8	7310400905		250	101:105.8;201:65.3;301:388.1	7104009;3000003	200;250000		1		
10400916	104009	6	1						4	250	101:158.8;201:98;301:582.1	7104009;3000003	200;300000		1		
13900810	139008	0	1		2	61139008	9		1	0					1		
13900811	139008	1	1		3	71139008	10	7313900801		120	101:104;201:40.5;301:230.9	7139008;3000003	100;50000		1		
13900812	139008	2	1						2	120	101:104;201:40.5;301:230.9	7139008;3000003	100;100000		1		
13900813	139008	3	1				11	7313900803		180	101:155.9;201:60.8;301:346.3	7139008;3000003	100;150000		1		
13900814	139008	4	1		3	74139008			3	180	101:155.9;201:60.8;301:346.3	7139008;3000003	200;200000		1		
13900815	139008	5	1				12	7313900805		250	101:207.9;201:81;301:461.7	7139008;3000003	200;250000		1		
13900816	139008	6	1		3	76139008			4	250	101:311.9;201:121.5;301:692.6	7139008;3000003	200;300000		1		
14900810	149008	0	1		2	61149008	9		1						1		
14900811	149008	1	1		3	71149008	10	7314900801		120	101:101;201:40.5;301:238.1	7149008;3000003	100;50000		1		
14900812	149008	2	1						2	120	101:101;201:40.5;301:238.1	7149008;3000003	100;100000		1		
14900813	149008	3	1				11	7314900803		180	101:151.5;201:60.8;301:357.2	7149008;3000003	100;150000		1		
14900814	149008	4	1		3	74149008			3	180	101:151.5;201:60.8;301:357.2	7149008;3000003	200;200000		1		
14900815	149008	5	1				12	7314900805		250	101:202;201:81;301:476.3	7149008;3000003	200;250000		1		
14900816	149008	6	1		3	76149008			4	250	101:302.9;201:121.5;301:714.4	7149008;3000003	200;300000		1		
14300810	143008	0	1		2	61143008	9		1						1		
14300811	143008	1	1		3	71143008	10	7314300801		120	101:97;201:40.9;301:245.4	7143008;3000003	100;50000		1		
14300812	143008	2	1						2	120	101:97;201:40.9;301:245.4	7143008;3000003	100;100000		1		
14300813	143008	3	1				11	7314300803		180	101:145.5;201:61.4;301:368.1	7143008;3000003	100;150000		1		
14300814	143008	4	1		3	74143008			3	180	101:145.5;201:61.4;301:368.1	7143008;3000003	200;200000		1		
14300815	143008	5	1				12	7314300805		250	101:194;201:81.8;301:490.9	7143008;3000003	200;250000		1		
14300816	143008	6	1		3	76143008			4	250	101:291.1;201:122.7;301:736.3	7143008;3000003	200;300000		1		
12200810	122008	0	1		2	61122008	9		1						1		
12200811	122008	1	1		3	71122008	10	7312200801		120	101:77;201:51;301:302.9	7122008;3000003	100;50000		1		
12200812	122008	2	1						2	120	101:77;201:51;301:302.9	7122008;3000003	100;100000		1		
12200813	122008	3	1				11	7312200803		180	101:115.4;201:76.5;301:454.4	7122008;3000003	100;150000		1		
12200814	122008	4	1		3	74122008			3	180	101:115.4;201:76.5;301:454.4	7122008;3000003	200;200000		1		
12200815	122008	5	1				12	7312200805		250	101:153.9;201:102;301:605.9	7122008;3000003	200;250000		1		
12200816	122008	6	1		3	76122008			4	250	101:230.9;201:153;301:908.8	7122008;3000003	200;300000		1		
15200810	152008	0	1		2	61152008	9		1						1		
15200811	152008	1	1		3	71152008	10	7315200801		120	101:92.6;201:43.6;301:283.5	7152008;3000003	100;50000		1		
15200812	152008	2	1						2	120	101:92.6;201:43.6;301:283.5	7152008;3000003	100;100000		1		
15200813	152008	3	1		3	74152008	11	7315200803		180	101:138.9;201:65.4;301:425.3	7152008;3000003	100;150000		1		
15200814	152008	4	1						3	180	101:138.9;201:65.4;301:425.3	7152008;3000003	200;200000		1		
15200815	152008	5	1		3	76152008	12	7315200805		250	101:185.2;201:87.2;301:567	7152008;3000003	200;250000		1		
15200816	152008	6	1						4	250	101:277.8;201:130.8;301:850.5	7152008;3000003	200;300000		1		
13500110	135001	0	1		2	61135001	9		1	0					1		
13500111	135001	1	1		3	71135001	10	7313500101		120	101:81;201:49.5;301:297	7135001;3000003	100;50000		1		
13500112	135001	2	1						2	120	101:81;201:49.5;301:297	7135001;3000003	100;100000		1		
13500113	135001	3	1		3	73135001	11	7313500103		180	101:121.5;201:74.3;301:445.5	7135001;3000003	100;150000		1		
13500114	135001	4	1						3	180	101:121.5;201:74.3;301:445.5	7135001;3000003	200;200000		1		
13500115	135001	5	1		3	75135001	12	7313500105		250	101:162;201:99;301:594	7135001;3000003	200;250000		1		
13500116	135001	6	1						4	250	101:243;201:148.5;301:891	7135001;3000003	200;300000		1		
10401310	104013	0	1		2	61104013	9		1						1		
10401311	104013	1	1		3	71104013	10	7310401301		120	101:100;201:39.7;301:245.4	7104013;3000003	100;50000		1		
10401312	104013	2	1						2	120	101:100;201:39.7;301:245.4	7104013;3000003	100;100000		1		
10401313	104013	3	1				11	7310401303		180	101:150;201:59.5;301:368.1	7104013;3000003	100;150000		1		
10401314	104013	4	1		3	74104013			3	180	101:150;201:59.5;301:368.1	7104013;3000003	200;200000		1		
10401315	104013	5	1				12	7310401305		250	101:200;201:79.4;301:490.9	7104013;3000003	200;250000		1		
10401316	104013	6	1		3	76104013			4	250	101:300;201:119.1;301:736.3	7104013;3000003	200;300000		1		
10601110	106011	0	1		2	61106011	5		1						1		
10601111	106011	1	1				6	7310601101		90	101:67.3;201:27.8;301:165.1	7106011;3000003	100;50000		1		
10601112	106011	2	1						2	90	101:67.3;201:27.8;301:165.1	7106011;3000003	100;100000		1		
10601113	106011	3	1		3	73106011	7	7310601103		130	101:100.9;201:41.7;301:247.7	7106011;3000003	100;150000		1		
10601114	106011	4	1						3	130	101:100.9;201:41.7;301:247.7	7106011;3000003	200;200000		1		
10601115	106011	5	1		3	75106011	8	7310601105		180	101:129.4;201:53.5;301:317.5	7106011;3000003	200;250000		1		
10601116	106011	6	1						4	180	101:194;201:80.2;301:476.3	7106011;3000003	200;300000		1		
15300810	153008	0	1		2	61153008	9		1						1		
15300811	153008	1	1		3	71153008	10	7315300801		120	101:104;201:40.5;301:255.2	7153008;3000003	100;50000		1		
15300812	153008	2	1						2	120	101:104;201:40.5;301:255.2	7153008;3000003	100;100000		1		
15300813	153008	3	1				11	7315300803		180	101:155.9;201:60.8;301:382.7	7153008;3000003	100;150000		1		
15300814	153008	4	1		3	74153008			3	180	101:155.9;201:60.8;301:382.7	7153008;3000003	200;200000		1		
15300815	153008	5	1				12	7315300805		250	101:207.9;201:81;301:510.3	7153008;3000003	200;250000		1		
15300816	153008	6	1		3	76153008			4	250	101:311.9;201:121.5;301:765.5	7153008;3000003	200;300000		1		
15100810	151008	0	1		2	61151008	9		1						1		
15100811	151008	1	1		3	71151008	10	7315100801		120	101:100;201:39.7;301:245.4	7151008;3000003	100;50000		1		
15100812	151008	2	1						2	120	101:100;201:39.7;301:245.4	7151008;3000003	100;100000		1		
15100813	151008	3	1				11	7315100803		180	101:150;201:59.5;301:368.1	7151008;3000003	100;150000		1		
15100814	151008	4	1		3	74151008			3	180	101:150;201:59.5;301:368.1	7151008;3000003	200;200000		1		
15100815	151008	5	1				12	7315100805		250	101:200;201:79.4;301:490.9	7151008;3000003	200;250000		1		
15100816	151008	6	1		3	76151008			4	250	101:300;201:119.1;301:736.3	7151008;3000003	200;300000		1		
15000810	150008	0	1		2	61150008	9		1						1		
15000811	150008	1	1		3	71150008	10	7315000801		120	101:81.8;201:48.5;301:300	7150008;3000003	100;50000		1		
15000812	150008	2	1						2	120	101:81.8;201:48.5;301:300	7150008;3000003	100;100000		1		
15000813	150008	3	1		3	73150008	11	7315000803		180	101:122.7;201:72.8;301:450	7150008;3000003	100;150000		1		
15000814	150008	4	1						3	180	101:122.7;201:72.8;301:450	7150008;3000003	200;200000		1		
15000815	150008	5	1		3	75150008	12	7315000805		250	101:163.6;201:97;301:599.9	7150008;3000003	200;250000		1		
15000816	150008	6	1						4	250	101:245.4;201:145.5;301:899.9	7150008;3000003	200;300000		1		
14800810	148008	0	1		2	61148008	9		1						1		
14800811	148008	1	1		3	71148008	10	7314800801		120	101:100;201:39.7;301:245.4	7148008;3000003	100;50000		1		
14800812	148008	2	1						2	120	101:100;201:39.7;301:245.4	7148008;3000003	100;100000		1		
14800813	148008	3	1				11	7314800803		180	101:150;201:59.5;301:368.1	7148008;3000003	100;150000		1		
14800814	148008	4	1		3	74148008			3	180	101:150;201:59.5;301:368.1	7148008;3000003	200;200000		1		
14800815	148008	5	1				12	7314800805		250	101:200;201:79.4;301:490.9	7148008;3000003	200;250000		1		
14800816	148008	6	1		3	76148008			4	250	101:300;201:119.1;301:736.3	7148008;3000003	200;300000		1		
15400810	154008	0	1		2	61154008	9		1						1		
15400811	154008	1	1		3	71154008	10	7315400801		120	101:99;201:40.5;301:243	7154008;3000003	100;50000		1		
15400812	154008	2	1						2	120	101:99;201:40.5;301:243	7154008;3000003	100;100000		1		
15400813	154008	3	1				11	7315400803		180	101:148.5;201:60.8;301:364.5	7154008;3000003	100;150000		1		
15400814	154008	4	1		3	74154008			3	180	101:148.5;201:60.8;301:364.5	7154008;3000003	200;200000		1		
15400815	154008	5	1				12	7315400805		250	101:198;201:81;301:486	7154008;3000003	200;250000		1		
15400816	154008	6	1		3	76154008			4	250	101:297;201:121.5;301:729	7154008;3000003	200;300000		1		
80300110	803001	0	1		2	61803001	9		1						1		
80300111	803001	1	1		3	71803001	10	7380300101		120	101:99;201:40.5;301:243	7803001;3000003	100;50000		1		
80300112	803001	2	1						2	120	101:99;201:40.5;301:243	7803001;3000003	100;100000		1		
80300113	803001	3	1				11	7380300103		180	101:148.5;201:60.8;301:364.5	7803001;3000003	100;150000		1		
80300114	803001	4	1		3	74803001			3	180	101:148.5;201:60.8;301:364.5	7803001;3000003	200;200000		1		
80300115	803001	5	1				12	7380300105		250	101:198;201:81;301:486	7803001;3000003	200;250000		1		
80300116	803001	6	1		3	76803001			4	250	101:297;201:121.5;301:729	7803001;3000003	200;300000		1		
14600810	146008	0	1		2	61146008	9		1						1		
14600811	146008	1	1		3	71146008	10	7314600801		120	101:99;201:40.5;301:243	7146008;3000003	100;50000		1		
14600812	146008	2	1						2	120	101:99;201:40.5;301:243	7146008;3000003	100;100000		1		
14600813	146008	3	1				11	7314600803		180	101:148.5;201:60.8;301:364.5	7146008;3000003	100;150000		1		
14600814	146008	4	1		3	74146008			3	180	101:148.5;201:60.8;301:364.5	7146008;3000003	200;200000		1		
14600815	146008	5	1				12	7314600805		250	101:198;201:81;301:486	7146008;3000003	200;250000		1		
14600816	146008	6	1		3	76146008			4	250	101:297;201:121.5;301:729	7146008;3000003	200;300000		1		
15900810	159008	0	1		2	61159008	9		1						1		
15900811	159008	1	1		3	71159008	10	7315900801		120	101:103;201:39.3;301:240.6	7159008;3000003	100;50000		1		
15900812	159008	2	1						2	120	101:103;201:39.3;301:240.6	7159008;3000003	100;100000		1		
15900813	159008	3	1				11	7315900803		180	101:154.4;201:58.9;301:360.9	7159008;3000003	100;150000		1		
15900814	159008	4	1		3	74159008			3	180	101:154.4;201:58.9;301:360.9	7159008;3000003	200;200000		1		
15900815	159008	5	1				12	7315900805		250	101:205.9;201:78.6;301:481.1	7159008;3000003	200;250000		1		
15900816	159008	6	1		3	76159008			4	250	101:308.9;201:117.9;301:721.7	7159008;3000003	200;300000		1		
14700810	147008	0	1		2	61147008	9		1						1		
14700811	147008	1	1		3	71147008	10	7314700801		120	101:91.8;201:44.6;301:267.3	7147008;3000003	100;50000		1		
14700812	147008	2	1						2	120	101:91.8;201:44.6;301:267.3	7147008;3000003	100;100000		1		
14700813	147008	3	1				11	7314700803		180	101:137.7;201:66.8;301:401	7147008;3000003	100;150000		1		
14700814	147008	4	1		3	74147008			3	180	101:137.7;201:66.8;301:401	7147008;3000003	200;200000		1		
14700815	147008	5	1				12	7314700805		250	101:183.6;201:89.1;301:534.6	7147008;3000003	200;250000		1		
14700816	147008	6	1		3	76147008			4	250	101:275.4;201:133.7;301:801.9	7147008;3000003	200;300000		1		
10301210	103012	0	1		2	61103012	9		1	0					1		
10301211	103012	1	1		3	71103012	10	7310301201		120	101:108.9;201:40.5;301:267.3	7103012;3000003	100;50000		1	40000	
10301212	103012	2	1						2	120	101:108.9;201:40.5;301:267.3	7103012;3000003	100;100000		1	80000	
10301213	103012	3	1				11	7310301203		180	101:163.4;201:60.8;301:401	7103012;3000003	100;150000		1	160000	
10301214	103012	4	1		3	74103012			3	180	101:163.4;201:60.8;301:401	7103012;3000003	200;200000		1	320000	
10301215	103012	5	1				12	7310301205		250	101:217.8;201:81;301:534.6	7103012;3000003	200;250000		1	640000	
10301216	103012	6	1		3	76103012			4	250	101:326.7;201:121.5;301:801.9	7103012;3000003	200;300000		1	1280000	
13800110	138001	0	1		2	61138001	9		1	0		7138001;3000003			1		
13800111	138001	1	1		3	71138001	10	7313800101		120	101:80.2;201:49;301:302.9	7138001;3000003	100;50000		1		
13800112	138001	2	1						2	120	101:80.2;201:49;301:302.9	7138001;3000003	100;100000		1		
13800113	138001	3	1		3	73138001	11	7313800103		180	101:120.3;201:73.5;301:454.4	7138001;3000003	100;150000		1		
13800114	138001	4	1						3	180	101:120.3;201:73.5;301:454.4	7138001;3000003	200;200000		1		
13800115	138001	5	1		3	75138001	12	7313800105		250	101:160.4;201:98;301:605.9	7138001;3000003	200;250000		1		
13800116	138001	6	1						4	250	101:240.6;201:147;301:908.8	7138001;3000003	200;300000		1		
12600810	126008	0	1		2	61126008	9		1	0					1		
12600811	126008	1	1		3	71126008		7312600801	2	120	101:99;201:41.3;301:238.1	7126008;3000003	100;50000		1		
12600812	126008	2	1				10			120	101:99;201:41.3;301:238.1	7126008;3000003	100;100000		1		
12600813	126008	3	1					7312600803	3	180	101:148.5;201:62;301:357.2	7126008;3000003	100;150000		1		
12600814	126008	4	1		3	74126008	11			180	101:148.5;201:62;301:357.2	7126008;3000003	200;200000		1		
12600815	126008	5	1					7312600805	4	250	101:198;201:82.6;301:476.3	7126008;3000003	200;250000		1		
12600816	126008	6	1		3	76126008	12			250	101:297;201:123.9;301:714.4	7126008;3000003	200;300000		1		
12800810	128008	0	1		2	61128008	9		1	0					1		
12800811	128008	1	1		3	71128008		7312800801	2	120	101:77.8;201:50.5;301:302.9	7128008;3000003	100;50000		1		
12800812	128008	2	1				10			120	101:77.8;201:50.5;301:302.9	7128008;3000003	100;100000		1		
12800813	128008	3	1		3	73128008		7312800803	3	180	101:116.6;201:75.7;301:454.4	7128008;3000003	100;150000		1		
12800814	128008	4	1				11			180	101:116.6;201:75.7;301:454.4	7128008;3000003	200;200000		1		
12800815	128008	5	1		3	75128008		7312800805	4	250	101:155.5;201:101;301:605.9	7128008;3000003	200;250000		1		
12800816	128008	6	1				12			250	101:233.3;201:151.5;301:908.8	7128008;3000003	200;300000		1		
13100110	131001	0	1		2	61131001	9		1	0					1		
13100111	131001	1	1		3	71131001		7313100101	2	120	101:100;201:40.1;301:243	7131001;3000003	100;50000		1		
13100112	131001	2	1				10			120	101:100;201:40.1;301:243	7131001;3000003	100;100000		1		
13100113	131001	3	1					7313100103	3	180	101:150;201:60.1;301:364.5	7131001;3000003	100;150000		1		
13100114	131001	4	1		3	74131001	11			180	101:150;201:60.1;301:364.5	7131001;3000003	200;200000		1		
13100115	131001	5	1					7313100105	4	250	101:200;201:80.2;301:486	7131001;3000003	200;250000		1		
13100116	131001	6	1		3	76131001	12			250	101:300;201:120.3;301:729	7131001;3000003	200;300000		1		
16000810	160008	0	1		2	61160008	9		1						1		
16000811	160008	1	1		3	71160008		7316000801	2	120	101:106.9;201:38.9;301:233.3	7160008;3000003	100;50000		1		
16000812	160008	2	1				10			120	101:106.9;201:38.9;301:233.3	7160008;3000003	100;100000		1		
16000813	160008	3	1					7316000803	3	180	101:160.4;201:58.3;301:349.9	7160008;3000003	100;150000		1		
16000814	160008	4	1		3	74160008	11			180	101:160.4;201:58.3;301:349.9	7160008;3000003	200;200000		1		
16000815	160008	5	1					7316000805	4	250	101:213.8;201:77.8;301:466.6	7160008;3000003	200;250000		1		
16000816	160008	6	1		3	76160008	12			250	101:320.8;201:116.6;301:699.8	7160008;3000003	200;300000		1		
16100810	161008	0	1		2	61161008	9		1						1		
16100811	161008	1	1		3	71161008		7316100801	2	120	101:108.9;201:42.5;301:255.2	7161008;3000003	100;50000		1		
16100812	161008	2	1				10			120	101:108.9;201:42.5;301:255.2	7161008;3000003	100;100000		1		
16100813	161008	3	1					7316100803	3	180	101:163.4;201:63.8;301:382.7	7161008;3000003	100;150000		1		
16100814	161008	4	1		3	74161008	11			180	101:163.4;201:63.8;301:382.7	7161008;3000003	200;200000		1		
16100815	161008	5	1					7316100805	4	250	101:217.8;201:85.1;301:510.3	7161008;3000003	200;250000		1		
16100816	161008	6	1		3	76161008	12			250	101:326.7;201:127.6;301:765.5	7161008;3000003	200;300000		1		
10200510	102005	0	1		2	61102005	9		1						1		
10200511	102005	1	1		3	71102005	10	7310200501		120	101:83;201:47;301:304.4	7102005;3000003	100;50000		1		
10200512	102005	2	1						2	120	101:83;201:47;301:304.4	7102005;3000003	100;100000		1		
10200513	102005	3	1		3	73102005	11	7310200503		180	101:124.5;201:70.5;301:456.6	7102005;3000003	100;150000		1		
10200514	102005	4	1						3	180	101:124.5;201:70.5;301:456.6	7102005;3000003	200;200000		1		
10200515	102005	5	1		3	75102005	12	7310200505		250	101:166.1;201:94.1;301:608.9	7102005;3000003	200;250000		1		
10200516	102005	6	1						4	250	101:249.1;201:141.1;301:913.3	7102005;3000003	200;300000		1		
15600810	156008	0	1		2	61156008	9		1						1		
15600811	156008	1	1		3	71156008		7315600801	2	120	101:104;201:39.5;301:236.9	7156008;3000003	100;50000		1		
15600812	156008	2	1				10			120	101:104;201:39.5;301:236.9	7156008;3000003	100;100000		1		
15600813	156008	3	1					7315600803	3	180	101:155.9;201:59.2;301:355.4	7156008;3000003	100;150000		1		
15600814	156008	4	1		3	74156008	11			180	101:155.9;201:59.2;301:355.4	7156008;3000003	200;200000		1		
15600815	156008	5	1					7315600805	4	250	101:207.9;201:79;301:473.9	7156008;3000003	200;250000		1		
15600816	156008	6	1		3	76156008	12			250	101:311.9;201:118.5;301:710.8	7156008;3000003	200;300000		1		
15700810	157008	0	1		2	61157008	9		1						1		
15700811	157008	1	1		3	71157008		7315700801	2	120	101:108.9;201:42.5;301:255.2	7157008;3000003	100;50000		1		
15700812	157008	2	1				10			120	101:108.9;201:42.5;301:255.2	7157008;3000003	100;100000		1		
15700813	157008	3	1					7315700803	3	180	101:163.4;201:63.8;301:382.7	7157008;3000003	100;150000		1		
15700814	157008	4	1		3	74157008	11			180	101:163.4;201:63.8;301:382.7	7157008;3000003	200;200000		1		
15700815	157008	5	1					7315700805	4	250	101:217.8;201:85.1;301:510.3	7157008;3000003	200;250000		1		
15700816	157008	6	1		3	76157008	12			250	101:326.7;201:127.6;301:765.5	7157008;3000003	200;300000		1		
15800810	158008	0	1		2	61158008	9		1						1		
15800811	158008	1	1		3	71158008		7315800801	2	120	101:81;201:45;301:297	7158008;3000003	100;50000		1		
15800812	158008	2	1				10			120	101:81;201:45;301:297	7158008;3000003	100;100000		1		
15800813	158008	3	1					7315800803	3	180	101:121.5;201:67.5;301:445.5	7158008;3000003	100;150000		1		
15800814	158008	4	1		3	74158008	11			180	101:121.5;201:67.5;301:445.5	7158008;3000003	200;200000		1		
15800815	158008	5	1					7315800805	4	250	101:162;201:90;301:594	7158008;3000003	200;250000		1		
15800816	158008	6	1		3	76158008	12			250	101:243;201:135;301:891	7158008;3000003	200;300000		1		
16300810	163008	0	1		2	61163008	9		1	0					1		
16300811	163008	1	1		3	71163008	10	7316300801		120	101:104;201:38.5;301:243	7163008;3000003	100;50000		1		
16300812	163008	2	1						2	120	101:104;201:38.5;301:243	7163008;3000003	100;100000		1		
16300813	163008	3	1				11	7316300803		180	101:155.9;201:57.7;301:364.5	7163008;3000003	100;150000		1		
16300814	163008	4	1		3	74163008			3	180	101:155.9;201:57.7;301:364.5	7163008;3000003	200;200000		1		
16300815	163008	5	1				12	7316300805		250	101:207.9;201:77;301:486	7163008;3000003	200;250000		1		
16300816	163008	6	1		3	76163008			4	250	101:311.9;201:115.4;301:729	7163008;3000003	200;300000		1		
16200810	162008	0	1		2	61162008	9		1	0					1		
16200811	162008	1	1		3	71162008	10	7316200801		120	101:113.9;201:41.5;301:249.1	7162008;3000003	100;50000		1		
16200812	162008	2	1						2	120	101:113.9;201:41.5;301:249.1	7162008;3000003	100;100000		1		
16200813	162008	3	1				11	7316200803		180	101:170.8;201:62.3;301:373.6	7162008;3000003	100;150000		1		
16200814	162008	4	1		3	74162008			3	180	101:170.8;201:62.3;301:373.6	7162008;3000003	200;200000		1		
16200815	162008	5	1				12	7316200805		250	101:227.7;201:83;301:498.2	7162008;3000003	200;250000		1		
16200816	162008	6	1		3	76162008			4	250	101:341.6;201:124.5;301:747.2	7162008;3000003	200;300000		1		
10100210	101002	0	1		2	61101002	9		1	0					1		
10100211	101002	1	1		3	71101002	10	7310100201		120	101:104;201:39.5;301:236.9	7101002;3000003	100;50000		1		
10100212	101002	2	1						2	120	101:104;201:39.5;301:236.9	7101002;3000003	100;100000		1		
10100213	101002	3	1		3	73101002	11	7310100203		180	101:155.9;201:59.2;301:355.4	7101002;3000003	100;150000		1		
10100214	101002	4	1						3	180	101:155.9;201:59.2;301:355.4	7101002;3000003	200;200000		1		
10100215	101002	5	1		3	75101002	12	7310100205		250	101:207.9;201:79;301:473.9	7101002;3000003	200;250000		1		
10100216	101002	6	1						4	250	101:311.9;201:118.5;301:710.8	7101002;3000003	200;300000		1		
13200810	132008	0	1		2	61132008	9		1	0					1		
13200811	132008	1	1		3	71132008	10	7313200801		120	101:104;201:40.5;301:230.9	7132008;3000003	100;50000		1		
13200812	132008	2	1						2	120	101:104;201:40.5;301:230.9	7132008;3000003	100;100000		1		
13200813	132008	3	1				11	7313200803		180	101:155.9;201:60.8;301:346.3	7132008;3000003	100;150000		1		
13200814	132008	4	1		3	74132008			3	180	101:155.9;201:60.8;301:346.3	7132008;3000003	200;200000		1		
13200815	132008	5	1				12	7313200805		250	101:207.9;201:81;301:461.7	7132008;3000003	200;250000		1		
13200816	132008	6	1		3	76132008			4	250	101:311.9;201:121.5;301:692.6	7132008;3000003	200;300000		1		
16400810	164008	0	1		2	61164008	9		1						1		
16400811	164008	1	1		3	71164008	10	7316400801		120	101:116.3;201:41;301:246	7164008;3000003	100;50000		1		
16400812	164008	2	1						2	120	101:116.3;201:41;301:246	7164008;3000003	100;100000		1		
16400813	164008	3	1				11	7316400803		180	101:174.5;201:61.5;301:369.1	7164008;3000003	100;150000		1		
16400814	164008	4	1		3	74164008			3	180	101:174.5;201:61.5;301:369.1	7164008;3000003	200;200000		1		
16400815	164008	5	1				12	7316400805		250	101:232.7;201:82;301:492.1	7164008;3000003	200;250000		1		
16400816	164008	6	1		3	76164008			4	250	101:349;201:123;301:738.1	7164008;3000003	200;300000		1		
15500810	155008	0	1		2	61155008	9		1						1		
15500811	155008	1	1		3	71155008	10	7315500801		120	101:81;201:47.3;301:283.5	7155008;3000003	100;50000		1		
15500812	155008	2	1						2	120	101:81;201:47.3;301:283.5	7155008;3000003	100;100000		1		
15500813	155008	3	1				11	7315500803		180	101:121.5;201:70.9;301:425.3	7155008;3000003	100;150000		1		
15500814	155008	4	1		3	74155008			3	180	101:121.5;201:70.9;301:425.3	7155008;3000003	200;200000		1		
15500815	155008	5	1				12	7315500805		250	101:162;201:94.5;301:567	7155008;3000003	200;250000		1		
15500816	155008	6	1		3	76155008			4	250	101:243;201:141.8;301:850.5	7155008;3000003	200;300000		1		
14500810	145008	0	1		2	61145008	9		1						1		
14500811	145008	1	1		3	71145008	10	7314500801		120	101:104;201:40.5;301:230.9	7145008;3000003	100;50000		1		
14500812	145008	2	1						2	120	101:104;201:40.5;301:230.9	7145008;3000003	100;100000		1		
14500813	145008	3	1				11	7314500803		180	101:155.9;201:60.8;301:346.3	7145008;3000003	100;150000		1		
14500814	145008	4	1		3	74145008			3	180	101:155.9;201:60.8;301:346.3	7145008;3000003	200;200000		1		
14500815	145008	5	1				12	7314500805		250	101:207.9;201:81;301:461.7	7145008;3000003	200;250000		1		
14500816	145008	6	1		3	76145008			4	250	101:311.9;201:121.5;301:692.6	7145008;3000003	200;300000		1		
10300510	103005	0	1		2	61103005	9		1						1		
10300511	103005	1	1		3	71103005	10	7310300501		120	101:101.5;201:38.5;301:249.1	7103005;3000003	100;50000		1		
10300512	103005	2	1						2	120	101:101.5;201:38.5;301:249.1	7103005;3000003	100;100000		1		
10300513	103005	3	1		3	73103005	11	7310300503		180	101:152.2;201:57.7;301:373.6	7103005;3000003	100;150000		1		
10300514	103005	4	1						3	180	101:152.2;201:57.7;301:373.6	7103005;3000003	200;200000		1		
10300515	103005	5	1		3	75103005	12	7310300505		250	101:203;201:77;301:498.2	7103005;3000003	200;250000		1		
10300516	103005	6	1						4	250	101:304.4;201:115.4;301:747.2	7103005;3000003	200;300000		1		
16500810	165008	0	1		2	61165008	9		1						1		
16500811	165008	1	1		3	71165008	10	7316500801		120	101:116.3;201:41;301:246	7165008;3000003	100;50000		1		
16500812	165008	2	1						2	120	101:116.3;201:41;301:246	7165008;3000003	100;100000		1		
16500813	165008	3	1				11	7316500803		180	101:174.5;201:61.5;301:369.1	7165008;3000003	100;150000		1		
16500814	165008	4	1		3	74165008			3	180	101:174.5;201:61.5;301:369.1	7165008;3000003	200;200000		1		
16500815	165008	5	1				12	7316500805		250	101:232.7;201:82;301:492.1	7165008;3000003	200;250000		1		
16500816	165008	6	1		3	76165008			4	250	101:349;201:123;301:738.1	7165008;3000003	200;300000		1		
14400210	144002	0	1		2	61144002	9		1						1		
14400211	144002	1	1		3	71144002	10	7314400201		120	101:81;201:47.3;301:283.5	7144002;3000003	100;50000		1		
14400212	144002	2	1						2	120	101:81;201:47.3;301:283.5	7144002;3000003	100;100000		1		
14400213	144002	3	1				11	7314400203		180	101:121.5;201:70.9;301:425.3	7144002;3000003	100;150000		1		
14400214	144002	4	1		3	74144002			3	180	101:121.5;201:70.9;301:425.3	7144002;3000003	200;200000		1		
14400215	144002	5	1				12	7314400205		250	101:162;201:94.5;301:567	7144002;3000003	200;250000		1		
14400216	144002	6	1		3	76144002			4	250	101:243;201:141.8;301:850.5	7144002;3000003	200;300000		1		
13500210	135002	0	1		2	61135002	9		1						1		
13500211	135002	1	1		3	71135002	10	7313500201		120	101:104;201:40.5;301:230.9	7135002;3000003	100;50000		1		
13500212	135002	2	1						2	120	101:104;201:40.5;301:230.9	7135002;3000003	100;100000		1		
13500213	135002	3	1				11	7313500203		180	101:155.9;201:60.8;301:346.3	7135002;3000003	100;150000		1		
13500214	135002	4	1		3	74135002			3	180	101:155.9;201:60.8;301:346.3	7135002;3000003	200;200000		1		
13500215	135002	5	1				12	7313500205		250	101:207.9;201:81;301:461.7	7135002;3000003	200;250000		1		
13500216	135002	6	1		3	76135002			4	250	101:311.9;201:121.5;301:692.6	7135002;3000003	200;300000		1		
16600810	166008	0	1		2	61166008	9		1						1		
16600811	166008	1	1		3	71166008	10	7316600801		120	101:118.8;201:40.5;301:243	7166008;3000003	100;50000		1		
16600812	166008	2	1						2	120	101:118.8;201:40.5;301:243	7166008;3000003	100;100000		1		
16600813	166008	3	1				11	7316600803		180	101:178.2;201:60.8;301:364.5	7166008;3000003	100;150000		1		
16600814	166008	4	1		3	74166008			3	180	101:178.2;201:60.8;301:364.5	7166008;3000003	200;200000		1		
16600815	166008	5	1				12	7316600805		250	101:237.6;201:81;301:486	7166008;3000003	200;250000		1		
16600816	166008	6	1		3	76166008			4	250	101:356.4;201:121.5;301:729	7166008;3000003	200;300000		1		
10301010	103010	0	1		2	61103010	9		1						1		
10301011	103010	1	1		3	71103010	10	7310301001		120	101:104;201:39.5;301:236.9	7103010;3000003	100;50000		1		
10301012	103010	2	1						2	120	101:104;201:39.5;301:236.9	7103010;3000003	100;100000		1		
10301013	103010	3	1				11	7310301003		180	101:155.9;201:59.2;301:355.4	7103010;3000003	100;150000		1		
10301014	103010	4	1		3	74103010			3	180	101:155.9;201:59.2;301:355.4	7103010;3000003	200;200000		1		
10301015	103010	5	1				12	7310301005		250	101:207.9;201:79;301:473.9	7103010;3000003	200;250000		1		
10301016	103010	6	1		3	76103010			4	250	101:311.9;201:118.5;301:710.8	7103010;3000003	200;300000		1		
16700810	167008	0	1		2	61167008	9		1						1		
16700811	167008	1	1		3	71167008	10	7316700801		120	101:108.9;201:40.5;301:267.3	7167008;3000003	100;50000		1		
16700812	167008	2	1						2	120	101:108.9;201:40.5;301:267.3	7167008;3000003	100;100000		1		
16700813	167008	3	1				11	7316700803		180	101:163.4;201:60.8;301:401	7167008;3000003	100;150000		1		
16700814	167008	4	1		3	74167008			3	180	101:163.4;201:60.8;301:401	7167008;3000003	200;200000		1		
16700815	167008	5	1				12	7316700805		250	101:217.8;201:81;301:534.6	7167008;3000003	200;250000		1		
16700816	167008	6	1		3	76167008			4	250	101:326.7;201:121.5;301:801.9	7167008;3000003	200;300000		1		
10201710	102017	0	1		2	61102017	9		1						1		
10201711	102017	1	1		3	71102017	10	7310201701		120	101:108.9;201:38.5;301:230.9	7102017;3000003	100;50000		1		
10201712	102017	2	1						2	120	101:108.9;201:38.5;301:230.9	7102017;3000003	100;100000		1		
10201713	102017	3	1				11	7310201703		180	101:163.4;201:57.7;301:346.3	7102017;3000003	100;150000		1		
10201714	102017	4	1		3	74102017			3	180	101:163.4;201:57.7;301:346.3	7102017;3000003	200;200000		1		
10201715	102017	5	1				12	7310201705		250	101:217.8;201:77;301:461.7	7102017;3000003	200;250000		1		
10201716	102017	6	1		3	76102017			4	250	101:326.7;201:115.4;301:692.6	7102017;3000003	200;300000		1		
10400410	104004	0	1		2	61104004	9		1						1		
10400411	104004	1	1		3	71104004	10	7310400401		120	101:108.9;201:38.5;301:230.9	7104004;3000003	100;50000		1		
10400412	104004	2	1						2	120	101:108.9;201:38.5;301:230.9	7104004;3000003	100;100000		1		
10400413	104004	3	1				11	7310400403		180	101:163.4;201:57.7;301:346.3	7104004;3000003	100;150000		1		
10400414	104004	4	1		3	74104004			3	180	101:163.4;201:57.7;301:346.3	7104004;3000003	200;200000		1		
10400415	104004	5	1				12	7310400405		250	101:217.8;201:77;301:461.7	7104004;3000003	200;250000		1		
10400416	104004	6	1		3	76104004			4	250	101:326.7;201:115.4;301:692.6	7104004;3000003	200;300000		1		
17000810	170008	0	1		2	61170008	9		1						1		
17000811	170008	1	1		3	71170008	10	7317000801		120	101:118.8;201:40.5;301:243	7170008;3000003	100;50000		1		
17000812	170008	2	1						2	120	101:118.8;201:40.5;301:243	7170008;3000003	100;100000		1		
17000813	170008	3	1				11	7317000803		180	101:178.2;201:60.8;301:364.5	7170008;3000003	100;150000		1		
17000814	170008	4	1		3	74170008			3	180	101:178.2;201:60.8;301:364.5	7170008;3000003	200;200000		1		
17000815	170008	5	1				12	7317000805		250	101:237.6;201:81;301:486	7170008;3000003	200;250000		1		
17000816	170008	6	1		3	76170008			4	250	101:356.4;201:121.5;301:729	7170008;3000003	200;300000		1		
10201310	102013	0	1		2	61102013	9		1						1		
10201311	102013	1	1		3	71102013	10	7310201301		120	101:118.8;201:40.5;301:243	7102013;3000003	100;50000		1		
10201312	102013	2	1						2	120	101:118.8;201:40.5;301:243	7102013;3000003	100;100000		1		
10201313	102013	3	1				11	7310201303		180	101:178.2;201:60.8;301:364.5	7102013;3000003	100;150000		1		
10201314	102013	4	1		3	74102013			3	180	101:178.2;201:60.8;301:364.5	7102013;3000003	200;200000		1		
10201315	102013	5	1				12	7310201305		250	101:237.6;201:81;301:486	7102013;3000003	200;250000		1		
10201316	102013	6	1		3	76102013			4	250	101:356.4;201:121.5;301:729	7102013;3000003	200;300000		1		
10400210	104002	0	1		2	61104002	9		1						1		
10400211	104002	1	1		3	71104002	10	7310400201		120	101:108.9;201:38.5;301:230.9	7104002;3000003	100;50000		1		
10400212	104002	2	1						2	120	101:108.9;201:38.5;301:230.9	7104002;3000003	100;100000		1		
10400213	104002	3	1				11	7310400203		180	101:163.4;201:57.7;301:346.3	7104002;3000003	100;150000		1		
10400214	104002	4	1		3	74104002			3	180	101:163.4;201:57.7;301:346.3	7104002;3000003	200;200000		1		
10400215	104002	5	1				12	7310400205		250	101:217.8;201:77;301:461.7	7104002;3000003	200;250000		1		
10400216	104002	6	1		3	76104002			4	250	101:326.7;201:115.4;301:692.6	7104002;3000003	200;300000		1		
16900810	169008	0	1		2	61169008	9		1						1		
16900811	169008	1	1		3	71169008	10	7316900801		120	101:138.6;201:36.5;301:218.7	7169008;3000003	100;50000		1		
16900812	169008	2	1						2	120	101:138.6;201:36.5;301:218.7	7169008;3000003	100;100000		1		
16900813	169008	3	1				11	7316900803		180	101:207.9;201:54.7;301:328.1	7169008;3000003	100;150000		1		
16900814	169008	4	1		3	74169008			3	180	101:207.9;201:54.7;301:328.1	7169008;3000003	200;200000		1		
16900815	169008	5	1				12	7316900805		250	101:277.2;201:72.9;301:437.4	7169008;3000003	200;250000		1		
16900816	169008	6	1		3	76169008			4	250	101:415.8;201:109.4;301:656.1	7169008;3000003	200;300000		1		
10301110	103011	0	1		2	61103011	9		1						1		
10301111	103011	1	1		3	71103011	10	7310301101		120	101:108.9;201:38.5;301:230.9	7103011;3000003	100;50000		1		
10301112	103011	2	1						2	120	101:108.9;201:38.5;301:230.9	7103011;3000003	100;100000		1		
10301113	103011	3	1				11	7310301103		180	101:163.4;201:57.7;301:346.3	7103011;3000003	100;150000		1		
10301114	103011	4	1		3	74103011			3	180	101:163.4;201:57.7;301:346.3	7103011;3000003	200;200000		1		
10301115	103011	5	1				12	7310301105		250	101:217.8;201:77;301:461.7	7103011;3000003	200;250000		1		
10301116	103011	6	1		3	76103011			4	250	101:326.7;201:115.4;301:692.6	7103011;3000003	200;300000		1		
17100810	171008	0	1		2	61171008	9		1						1		
17100811	171008	1	1		3	71171008	10	7317100801		120	101:143.6;201:35.4;301:212.6	7171008;3000003	100;50000		1		
17100812	171008	2	1						2	120	101:143.6;201:35.4;301:212.6	7171008;3000003	100;100000		1		
17100813	171008	3	1				11	7317100803		180	101:215.3;201:53.2;301:318.9	7171008;3000003	100;150000		1		
17100814	171008	4	1		3	74171008			3	180	101:215.3;201:53.2;301:318.9	7171008;3000003	200;200000		1		
17100815	171008	5	1				12	7317100805		250	101:287.1;201:70.9;301:425.3	7171008;3000003	200;250000		1		
17100816	171008	6	1		3	76171008			4	250	101:430.7;201:106.3;301:637.9	7171008;3000003	200;300000		1		
10600510	106005	0	1		2	61106005	9		1						1		
10600511	106005	1	1		3	71106005	10	7310600501		120	101:72.9;201:52;301:311.9	7106005;3000003	100;50000		1		
10600512	106005	2	1						2	120	101:72.9;201:52;301:311.9	7106005;3000003	100;100000		1		
10600513	106005	3	1				11	7310600503		180	101:109.4;201:78;301:467.8	7106005;3000003	100;150000		1		
10600514	106005	4	1		3	74106005			3	180	101:109.4;201:78;301:467.8	7106005;3000003	200;200000		1		
10600515	106005	5	1				12	7310600505		250	101:145.8;201:104;301:623.7	7106005;3000003	200;250000		1		
10600516	106005	6	1		3	76106005			4	250	101:218.7;201:155.9;301:935.6	7106005;3000003	200;300000		1		
17200810	172008	0	1		2	61172008	9		1						1		
17200811	172008	1	1		3	71172008	10	7317200801		120	101:143.6;201:35.4;301:212.6	7172008;3000003	100;50000		1		
17200812	172008	2	1						2	120	101:143.6;201:35.4;301:212.6	7172008;3000003	100;100000		1		
17200813	172008	3	1				11	7317200803		180	101:215.3;201:53.2;301:318.9	7172008;3000003	100;150000		1		
17200814	172008	4	1		3	74172008			3	180	101:215.3;201:53.2;301:318.9	7172008;3000003	200;200000		1		
17200815	172008	5	1				12	7317200805		250	101:287.1;201:70.9;301:425.3	7172008;3000003	200;250000		1		
17200816	172008	6	1		3	76172008			4	250	101:430.7;201:106.3;301:637.9	7172008;3000003	200;300000		1		
17300810	173008	0	1		2	61173008	9		1						1		
17300811	173008	1	1		3	71173008	10	7317300801		120	101:72.9;201:52;301:311.9	7173008;3000003	100;50000		1		
17300812	173008	2	1						2	120	101:72.9;201:52;301:311.9	7173008;3000003	100;100000		1		
17300813	173008	3	1				11	7317300803		180	101:109.4;201:78;301:467.8	7173008;3000003	100;150000		1		
17300814	173008	4	1		3	74173008			3	180	101:109.4;201:78;301:467.8	7173008;3000003	200;200000		1		
17300815	173008	5	1				12	7317300805		250	101:145.8;201:104;301:623.7	7173008;3000003	200;250000		1		
17300816	173008	6	1		3	76173008			4	250	101:218.7;201:155.9;301:935.6	7173008;3000003	200;300000		1		
10201010	102010	0	1		2	61102010	9		1						1		
10201011	102010	1	1		3	71102010	10	7310201001		120	101:108.9;201:38.5;301:230.9	7102010;3000003	100;50000		1		
10201012	102010	2	1						2	120	101:108.9;201:38.5;301:230.9	7102010;3000003	100;100000		1		
10201013	102010	3	1				11	7310201003		180	101:163.4;201:57.7;301:346.3	7102010;3000003	100;150000		1		
10201014	102010	4	1		3	74102010			3	180	101:163.4;201:57.7;301:346.3	7102010;3000003	200;200000		1		
10201015	102010	5	1				12	7310201005		250	101:217.8;201:77;301:461.7	7102010;3000003	200;250000		1		
10201016	102010	6	1		3	76102010			4	250	101:326.7;201:115.4;301:692.6	7102010;3000003	200;300000		1		