Id,Title,Name,NameHide,,Type,Display,RefreshType,Link,OperationType,OpenConditions,Conditions,Param,Pass,Reward,ChooseReward,ChooseRewardNum,PreMissionIds,Group,Image,DataTracking
101,0,mission_decs_101,0,首次登录游戏,4,1,1,0,0,0,"11000,1",0,0,130001,,,0,0,0,
102,0,mission_decs_102_1,0,累计消耗200点星魂力,4,1,1,10018,0,0,"11005,200",0,0,130002,,,0,0,0,
103,0,mission_decs_103_1,0,主线关卡取得2次胜利,4,1,1,10018,0,0,"11007,2",0,0,130002,,,0,0,0,
104,0,mission_decs_104_1,0,宝库之门取得2次胜利,4,1,1,10033,0,0,"11006,2",0,0,130001,,,0,0,0,
105,0,mission_decs_105_1,0,宝库之门取得4次胜利,4,1,1,10033,0,0,"11006,4",0,0,130002,,,0,0,0,
106,0,mission_decs_106_1,0,强化一次星痕等级,4,1,1,10013,0,0,"11010,1",0,0,130001,,,0,0,0,
107,0,mission_decs_107_1,0,在任意商店购买一次道具,4,1,1,1401,0,0,"11011,1",0,0,130001,,,0,0,0,
108,0,mission_decs_108_1,0,进行一次克萝萝大冒险,4,1,1,0,0,0,"11008,1",0,0,130001,,,0,0,0,
109,0,mission_decs_109_1,0,使用星魂结晶购买1次星魂力（新条件）,4,1,1,0,0,0,"17003,1",0,0,130001,,,0,0,0,
110,0,mission_decs_110_1,0,进行一次公会首领挑战（新条件）,4,1,1,0,0,0,"11012,1",0,0,130002,,,0,0,0,
111,0,mission_decs_111,0,参与一次公会赛马押注（新条件）,4,1,1,0,0,0,"11013,1",0,0,130002,,,0,0,0,
112,0,mission_decs_112,0,进行一次召唤,4,1,1,0,0,0,"11014,1",0,0,130001,,,0,0,0,
113,0,mission_decs_113,0,强化一次魔女等级,4,1,1,10014,0,0,"11009,1",0,0,130001,,,0,0,0,
114,0,mission_decs_114,0,进行一次深渊之域挑战,4,1,1,10032,0,0,"11015,1",0,0,130002,,,0,0,0,
151,0,mission_decs_151,0,"击败BOSS,战斗力20奖励(每日)",4,4,1,0,0,0,"11200,20",0,0,130006,,,0,151,10001,
152,0,mission_decs_152,0,"击败BOSS,战斗力40奖励(每日)",4,4,1,0,0,0,"11200,40",0,0,130007,,,0,151,10002,
153,0,mission_decs_153,0,"击败BOSS,战斗力60奖励(每日)",4,4,1,0,0,0,"11200,60",0,0,130008,,,0,151,10003,
154,0,mission_decs_154,0,"击败BOSS,战斗力80奖励(每日)",4,4,1,0,0,0,"11200,80",0,0,130009,,,0,151,10004,
155,0,mission_decs_155,0,"击败BOSS,战斗力100奖励(每日)",4,4,1,0,0,0,"11200,100",0,0,130010,,,0,151,10005,
201,0,mission_decs_201_1,0,累计5天登录游戏,4,2,2,0,0,0,"12000,5",0,0,130003,,,0,0,0,
202,0,mission_decs_202_1,0,累计消耗1000点星魂力,4,2,2,10018,0,0,"12003,1000",0,0,130003,,,0,0,0,
203,0,mission_decs_203_1,0,累计消耗2000点星魂力,4,2,2,10018,0,0,"12003,2000",0,0,130004,,,0,0,0,
204,0,mission_decs_204_1,0,累计消耗3000点星魂力,4,2,2,10018,0,0,"12003,3000",0,0,130004,,,0,0,0,
205,0,mission_decs_205_1,0,宝库之门取得10次胜利,4,2,2,10033,0,0,"12005,10",0,0,130003,,,0,0,0,
206,0,mission_decs_206_1,0,宝库之门取得20次胜利,4,2,2,10033,0,0,"12005,20",0,0,130003,,,0,0,0,
207,0,mission_decs_207_1,0,宝库之门取得30次胜利,4,2,2,10033,0,0,"12005,30",0,0,130004,,,0,0,0,
208,0,mission_decs_208_1,0,宝库之门取得40次胜利,4,2,2,10033,0,0,"12005,40",0,0,130004,,,0,0,0,
209,0,mission_decs_209_1,0,进行10次召唤,4,2,2,0,0,0,"12008,10",0,0,130003,,,0,0,0,
210,0,mission_decs_210_1,0,主线关卡取得10次胜利,4,2,2,10018,0,0,"12009,10",0,0,130003,,,0,0,0,
211,0,mission_decs_211_1,0,参与3次公会赛马押注（新条件）,4,2,2,0,0,0,"12007,3",0,0,130003,,,0,0,0,
212,0,mission_decs_212_1,0,参与6次公会赛马押注（新条件）,4,2,2,0,0,0,"12007,6",0,0,130003,,,0,0,0,
213,0,mission_decs_213,0,进行3次公会首领挑战（新条件）,4,2,2,0,0,0,"12006,3",0,0,130003,,,0,0,0,
214,0,mission_decs_214,0,进行6次公会首领挑战（新条件）,4,2,2,0,0,0,"12006,6",0,0,130003,,,0,0,0,
251,0,mission_decs_251,0,"击败BOSS,战斗力20奖励(每周)",4,5,2,0,0,0,"12200,20",0,0,140003,,,0,251,10006,
252,0,mission_decs_252,0,"击败BOSS,战斗力40奖励(每周)",4,5,2,0,0,0,"12200,40",0,0,140004,,,0,251,10007,
253,0,mission_decs_253,0,"击败BOSS,战斗力60奖励(每周)",4,5,2,0,0,0,"12200,60",0,0,140005,,,0,251,10008,
254,0,mission_decs_254,0,"击败BOSS,战斗力80奖励(每周)",4,5,2,0,0,0,"12200,80",0,0,140006,,,0,251,10009,
255,0,mission_decs_255,0,"击败BOSS,战斗力100奖励(每周)",4,5,2,0,0,0,"12200,100",0,0,140007,,,0,251,10010,
101098,0,mission_decs_101098,0,通关简单难度主线1-9(主线),4,3,0,0,0,"15063,0,0","101060,1",0,1,0,,,0,101,0,
101108,0,mission_decs_101108,0,通关简单难度主线1-10(主线),4,3,0,0,0,"15063,0,0","101070,1",0,1,0,,,0,101,0,
101128,0,mission_decs_101128,0,通关简单难度主线1-12(主线),4,3,0,0,0,"15063,0,0","101200,1",0,1,0,,,0,101,0,
101138,0,mission_decs_101138,0,通关简单难度主线1-13(主线),4,3,0,0,0,"15063,0,0","101090,1",0,1,0,,,0,101,0,
101148,0,mission_decs_101148,0,通关简单难度主线1-14(主线),4,3,0,0,0,"15063,0,0","101210,1",0,1,0,,,0,101,0,
101158,0,mission_decs_101158,0,通关简单难度主线1-15(主线),4,3,0,0,0,"15063,0,0","101100,1",0,1,0,,,0,101,0,
101168,0,mission_decs_101168,0,通关简单难度主线1-16(主线),4,3,0,0,0,"15063,0,0","101110,1",0,1,0,,,0,101,0,
101178,0,mission_decs_101178,0,通关简单难度主线1-18(主线),4,3,0,0,0,"15063,0,0","101230,1",0,1,0,,,0,101,0,
101188,0,mission_decs_101188,0,通关简单难度主线1-20(主线),4,3,0,0,0,"15063,0,0","101140,1",0,1,0,,,0,101,0,
101208,0,mission_decs_101208,0,通关简单难度主线1-24(主线),4,3,0,0,0,"15063,0,0","101270,1",0,1,0,,,0,101,0,
10100,0,mission_decs_10100,0,血量低于90%掉落(主线),4,6,0,0,0,"15063,0,0","15052,1",0,0,100001,,,0,0,10011,
10101,0,mission_decs_10101,0,血量低于80%掉落(主线),4,6,0,0,0,"15063,0,0","15052,2",0,0,100002,,,0,0,10011,
10102,0,mission_decs_10102,0,血量低于70%掉落(主线),4,6,0,0,0,"15063,0,0","15052,3",0,0,100003,,,0,0,10011,
10103,0,mission_decs_10103,0,血量低于60%掉落(主线),4,6,0,0,0,"15063,0,0","15052,4",0,0,100004,,,0,0,10011,
10104,0,mission_decs_10104,0,血量低于50%掉落(主线),4,6,0,0,0,"15063,0,0","15052,5",0,0,100005,,,0,0,10011,
10105,0,mission_decs_10105,0,血量低于40%掉落(主线),4,6,0,0,0,"15063,0,0","15052,6",0,0,100006,,,0,0,10011,
10106,0,mission_decs_10106,0,血量低于30%掉落(主线),4,6,0,0,0,"15063,0,0","15052,7",0,0,100007,,,0,0,10011,
10107,0,mission_decs_10107,0,血量低于20%掉落(主线),4,6,0,0,0,"15063,0,0","15052,8",0,0,100008,,,0,0,10011,
10108,0,mission_decs_10108,0,血量低于10%掉落(主线),4,6,0,0,0,"15063,0,0","15052,9",0,0,100009,,,0,0,10011,
10109,0,mission_decs_10109,0,血量低于0%掉落(主线),4,6,0,0,0,"15063,0,0","15052,10",0,0,100010,,,0,0,10011,
102018,0,mission_decs_102018,0,通关简单难度主线2-1(主线),4,3,0,0,0,"15063,1,1","102010,1",0,1,0,,,0,102,0,
102028,0,mission_decs_102028,0,通关简单难度主线2-2(主线),4,3,0,0,0,"15063,1,1","102020,1",0,1,0,,,0,102,0,
102138,0,mission_decs_102138,0,通关简单难度主线2-13(主线),4,3,0,0,0,"15063,1,1","102130,1",0,1,0,,,0,102,0,
102148,0,mission_decs_102148,0,通关简单难度主线2-14(主线),4,3,0,0,0,"15063,1,1","102140,1",0,1,0,,,0,102,0,
102168,0,mission_decs_102168,0,通关简单难度主线2-16(主线),4,3,0,0,0,"15063,1,1","102160,1",0,1,0,,,0,102,0,
102178,0,mission_decs_102178,0,通关简单难度主线2-17(主线),4,3,0,0,0,"15063,1,1","102170,1",0,1,0,,,0,102,0,
102188,0,mission_decs_102188,0,通关简单难度主线2-18(主线),4,3,0,0,0,"15063,1,1","102180,1",0,1,0,,,0,102,0,
102208,0,mission_decs_102208,0,通关简单难度主线2-25(主线),4,3,0,0,0,"15063,1,1","102250,1",0,1,0,,,0,102,0,
102228,0,mission_decs_102228,0,通关简单难度主线2-28(主线),4,3,0,0,0,"15063,1,1","102280,1",0,1,0,,,0,102,0,
10200,0,mission_decs_10200,0,击败5个怪物(主线),4,3,0,0,0,"15063,1,1","10001,5",0,0,0,,,0,102,0,
10201,0,mission_decs_10201,0,血量低于90%掉落(主线),4,6,0,0,0,"15063,1,1","15053,1",0,0,100011,,,0,0,10012,
10202,0,mission_decs_10202,0,血量低于80%掉落(主线),4,6,0,0,0,"15063,1,1","15053,2",0,0,100012,,,0,0,10012,
10203,0,mission_decs_10203,0,血量低于70%掉落(主线),4,6,0,0,0,"15063,1,1","15053,3",0,0,100013,,,0,0,10012,
10204,0,mission_decs_10204,0,血量低于60%掉落(主线),4,6,0,0,0,"15063,1,1","15053,4",0,0,100014,,,0,0,10012,
10205,0,mission_decs_10205,0,血量低于50%掉落(主线),4,6,0,0,0,"15063,1,1","15053,5",0,0,100015,,,0,0,10012,
10206,0,mission_decs_10206,0,血量低于40%掉落(主线),4,6,0,0,0,"15063,1,1","15053,6",0,0,100016,,,0,0,10012,
10207,0,mission_decs_10207,0,血量低于30%掉落(主线),4,6,0,0,0,"15063,1,1","15053,7",0,0,100017,,,0,0,10012,
10208,0,mission_decs_10208,0,血量低于20%掉落(主线),4,6,0,0,0,"15063,1,1","15053,8",0,0,100018,,,0,0,10012,
10209,0,mission_decs_10209,0,血量低于10%掉落(主线),4,6,0,0,0,"15063,1,1","15053,9",0,0,100019,,,0,0,10012,
10210,0,mission_decs_10210,0,血量低于0%掉落(主线),4,6,0,0,0,"15063,1,1","15053,10",0,0,100020,,,0,0,10012,
103108,0,mission_decs_103108,0,通关简单难度主线3-10(主线),4,3,0,0,0,"15063,2,2","103100,1",0,1,0,,,0,103,0,
103118,0,mission_decs_103118,0,通关简单难度主线3-11(主线),4,3,0,0,0,"15063,2,2","103110,1",0,1,0,,,0,103,0,
103128,0,mission_decs_103128,0,通关简单难度主线3-12(主线),4,3,0,0,0,"15063,2,2","103120,1",0,1,0,,,0,103,0,
103138,0,mission_decs_103138,0,通关简单难度主线3-13(主线),4,3,0,0,0,"15063,2,2","103130,1",0,1,0,,,0,103,0,
103148,0,mission_decs_103148,0,通关简单难度主线3-14(主线),4,3,0,0,0,"15063,2,2","103140,1",0,1,0,,,0,103,0,
103158,0,mission_decs_103158,0,通关简单难度主线3-15(主线),4,3,0,0,0,"15063,2,2","103150,1",0,1,0,,,0,103,0,
103168,0,mission_decs_103168,0,通关简单难度主线3-16(主线),4,3,0,0,0,"15063,2,2","103160,1",0,1,0,,,0,103,0,
103178,0,mission_decs_103178,0,通关简单难度主线3-17(主线),4,3,0,0,0,"15063,2,2","103170,1",0,1,0,,,0,103,0,
103188,0,mission_decs_103188,0,通关简单难度主线3-18(主线),4,3,0,0,0,"15063,2,2","103180,1",0,1,0,,,0,103,0,
103208,0,mission_decs_103208,0,通关简单难度主线3-20(主线),4,3,0,0,0,"15063,2,2","103200,1",0,1,0,,,0,103,0,
10300,0,mission_decs_10300,0,血量低于90%掉落(主线),4,6,0,0,0,"15063,2,2","15054,1",0,0,100021,,,0,0,10013,
10301,0,mission_decs_10301,0,血量低于80%掉落(主线),4,6,0,0,0,"15063,2,2","15054,2",0,0,100022,,,0,0,10013,
10302,0,mission_decs_10302,0,血量低于70%掉落(主线),4,6,0,0,0,"15063,2,2","15054,3",0,0,100023,,,0,0,10013,
10303,0,mission_decs_10303,0,血量低于60%掉落(主线),4,6,0,0,0,"15063,2,2","15054,4",0,0,100024,,,0,0,10013,
10304,0,mission_decs_10304,0,血量低于50%掉落(主线),4,6,0,0,0,"15063,2,2","15054,5",0,0,100025,,,0,0,10013,
10305,0,mission_decs_10305,0,血量低于40%掉落(主线),4,6,0,0,0,"15063,2,2","15054,6",0,0,100026,,,0,0,10013,
10306,0,mission_decs_10306,0,血量低于30%掉落(主线),4,6,0,0,0,"15063,2,2","15054,7",0,0,100027,,,0,0,10013,
10307,0,mission_decs_10307,0,血量低于20%掉落(主线),4,6,0,0,0,"15063,2,2","15054,8",0,0,100028,,,0,0,10013,
10308,0,mission_decs_10308,0,血量低于10%掉落(主线),4,6,0,0,0,"15063,2,2","15054,9",0,0,100029,,,0,0,10013,
10309,0,mission_decs_10309,0,血量低于0%掉落(主线),4,6,0,0,0,"15063,2,2","15054,10",0,0,100030,,,0,0,10013,
104038,0,mission_decs_104038,0,通关简单难度主线4-3(主线),4,3,0,0,0,"15063,3,3","104030,1",0,1,0,,,0,104,0,
104078,0,mission_decs_104078,0,通关简单难度主线4-7(主线),4,3,0,0,0,"15063,3,3","104070,1",0,1,0,,,0,104,0,
104128,0,mission_decs_104128,0,通关简单难度主线4-12(主线),4,3,0,0,0,"15063,3,3","104120,1",0,1,0,,,0,104,0,
104138,0,mission_decs_104138,0,通关简单难度主线4-13(主线),4,3,0,0,0,"15063,3,3","104130,1",0,1,0,,,0,104,0,
104148,0,mission_decs_104148,0,通关简单难度主线4-14(主线),4,3,0,0,0,"15063,3,3","104140,1",0,1,0,,,0,104,0,
104168,0,mission_decs_104168,0,通关简单难度主线4-16(主线),4,3,0,0,0,"15063,3,3","104160,1",0,1,0,,,0,104,0,
104178,0,mission_decs_104178,0,通关简单难度主线4-17(主线),4,3,0,0,0,"15063,3,3","104170,1",0,1,0,,,0,104,0,
104188,0,mission_decs_104188,0,通关简单难度主线4-18(主线),4,3,0,0,0,"15063,3,3","104180,1",0,1,0,,,0,104,0,
104198,0,mission_decs_104198,0,通关简单难度主线4-19(主线),4,3,0,0,0,"15063,3,3","104190,1",0,1,0,,,0,104,0,
104208,0,mission_decs_104208,0,通关简单难度主线4-24(主线),4,3,0,0,0,"15063,3,3","104240,1",0,1,0,,,0,104,0,
10400,0,mission_decs_10400,0,血量低于90%掉落(主线),4,6,0,0,0,"15063,3,3","15055,1",0,0,100031,,,0,0,10014,
10401,0,mission_decs_10401,0,血量低于80%掉落(主线),4,6,0,0,0,"15063,3,3","15055,2",0,0,100032,,,0,0,10014,
10402,0,mission_decs_10402,0,血量低于70%掉落(主线),4,6,0,0,0,"15063,3,3","15055,3",0,0,100033,,,0,0,10014,
10403,0,mission_decs_10403,0,血量低于60%掉落(主线),4,6,0,0,0,"15063,3,3","15055,4",0,0,100034,,,0,0,10014,
10404,0,mission_decs_10404,0,血量低于50%掉落(主线),4,6,0,0,0,"15063,3,3","15055,5",0,0,100035,,,0,0,10014,
10405,0,mission_decs_10405,0,血量低于40%掉落(主线),4,6,0,0,0,"15063,3,3","15055,6",0,0,100036,,,0,0,10014,
10406,0,mission_decs_10406,0,血量低于30%掉落(主线),4,6,0,0,0,"15063,3,3","15055,7",0,0,100037,,,0,0,10014,
10407,0,mission_decs_10407,0,血量低于20%掉落(主线),4,6,0,0,0,"15063,3,3","15055,8",0,0,100038,,,0,0,10014,
10408,0,mission_decs_10408,0,血量低于10%掉落(主线),4,6,0,0,0,"15063,3,3","15055,9",0,0,100039,,,0,0,10014,
10409,0,mission_decs_10409,0,血量低于0%掉落(主线),4,6,0,0,0,"15063,3,3","15055,10",0,0,100040,,,0,0,10014,
105068,0,mission_decs_105068,0,通关简单难度主线5-6(主线),4,3,0,0,0,"15063,4","105060,1",0,1,0,,,0,105,0,
105078,0,mission_decs_105078,0,通关简单难度主线5-7(主线),4,3,0,0,0,"15063,4","105070,1",0,1,0,,,0,105,0,
105108,0,mission_decs_105108,0,通关简单难度主线5-10(主线),4,3,0,0,0,"15063,4","105100,1",0,1,0,,,0,105,0,
105138,0,mission_decs_105138,0,通关简单难度主线5-13(主线),4,3,0,0,0,"15063,4","105130,1",0,1,0,,,0,105,0,
105168,0,mission_decs_105168,0,通关简单难度主线5-16(主线),4,3,0,0,0,"15063,4","105160,1",0,1,0,,,0,105,0,
105198,0,mission_decs_105198,0,通关简单难度主线5-19(主线),4,3,0,0,0,"15063,4","105190,1",0,1,0,,,0,105,0,
105218,0,mission_decs_105218,0,通关简单难度主线5-21(主线),4,3,0,0,0,"15063,4","105210,1",0,1,0,,,0,105,0,
105228,0,mission_decs_105228,0,通关简单难度主线5-23(主线),4,3,0,0,0,"15063,4","105230,1",0,1,0,,,0,105,0,
105238,0,mission_decs_105238,0,通关简单难度主线5-25(主线),4,3,0,0,0,"15063,4","105250,1",0,1,0,,,0,105,0,
105258,0,mission_decs_105258,0,通关简单难度主线5-33(主线),4,3,0,0,0,"15063,4","105330,1",0,1,0,,,0,105,0,
10500,0,mission_decs_10500,0,血量低于90%掉落(主线),4,6,0,0,0,"15063,4","15056,1",0,0,100041,,,0,0,10015,
10501,0,mission_decs_10501,0,血量低于80%掉落(主线),4,6,0,0,0,"15063,4","15056,2",0,0,100042,,,0,0,10015,
10502,0,mission_decs_10502,0,血量低于70%掉落(主线),4,6,0,0,0,"15063,4","15056,3",0,0,100043,,,0,0,10015,
10503,0,mission_decs_10503,0,血量低于60%掉落(主线),4,6,0,0,0,"15063,4","15056,4",0,0,100044,,,0,0,10015,
10504,0,mission_decs_10504,0,血量低于50%掉落(主线),4,6,0,0,0,"15063,4","15056,5",0,0,100045,,,0,0,10015,
10505,0,mission_decs_10505,0,血量低于40%掉落(主线),4,6,0,0,0,"15063,4","15056,6",0,0,100046,,,0,0,10015,
10506,0,mission_decs_10506,0,血量低于30%掉落(主线),4,6,0,0,0,"15063,4","15056,7",0,0,100047,,,0,0,10015,
10507,0,mission_decs_10507,0,血量低于20%掉落(主线),4,6,0,0,0,"15063,4","15056,8",0,0,100048,,,0,0,10015,
10508,0,mission_decs_10508,0,血量低于10%掉落(主线),4,6,0,0,0,"15063,4","15056,9",0,0,100049,,,0,0,10015,
10509,0,mission_decs_10509,0,血量低于0%掉落(主线),4,6,0,0,0,"15063,4","15056,10",0,0,100050,,,0,0,10015,
106058,0,mission_decs_106058,0,通关简单难度主线6序-5(主线),4,3,0,0,0,"15063,6,6","106050,1",0,1,0,,,0,106,0,
106088,0,mission_decs_106088,0,通关简单难度主线6序-8(主线),4,3,0,0,0,"15063,6,6","106080,1",0,1,0,,,0,106,0,
106108,0,mission_decs_106108,0,通关简单难度主线6序-10(主线),4,3,0,0,0,"15063,6,6","106100,1",0,1,0,,,0,106,0,
106138,0,mission_decs_106138,0,通关简单难度主线6序-13(主线),4,3,0,0,0,"15063,6,6","106130,1",0,1,0,,,0,106,0,
106158,0,mission_decs_106158,0,通关简单难度主线6序-15(主线),4,3,0,0,0,"15063,6,6","106150,1",0,1,0,,,0,106,0,
106168,0,mission_decs_106168,0,通关简单难度主线6序-16(主线),4,3,0,0,0,"15063,6,6","106160,1",0,1,0,,,0,106,0,
106178,0,mission_decs_106178,0,通关简单难度主线6序-17(主线),4,3,0,0,0,"15063,6,6","106170,1",0,1,0,,,0,106,0,
106188,0,mission_decs_106188,0,通关简单难度主线6序-18(主线),4,3,0,0,0,"15063,6,6","106180,1",0,1,0,,,0,106,0,
106198,0,mission_decs_106198,0,通关简单难度主线6序-19(主线),4,3,0,0,0,"15063,6,6","106190,1",0,1,0,,,0,106,0,
106208,0,mission_decs_106208,0,通关简单难度主线6序-22(主线),4,3,0,0,0,"15063,6,6","106220,1",0,1,0,,,0,106,0,
10600,0,mission_decs_10600,0,血量低于90%掉落(主线),4,6,0,0,0,"15063,6,6","15057,1",0,0,100051,,,0,0,10016,
10601,0,mission_decs_10601,0,血量低于80%掉落(主线),4,6,0,0,0,"15063,6,6","15057,2",0,0,100052,,,0,0,10016,
10602,0,mission_decs_10602,0,血量低于70%掉落(主线),4,6,0,0,0,"15063,6,6","15057,3",0,0,100053,,,0,0,10016,
10603,0,mission_decs_10603,0,血量低于60%掉落(主线),4,6,0,0,0,"15063,6,6","15057,4",0,0,100054,,,0,0,10016,
10604,0,mission_decs_10604,0,血量低于50%掉落(主线),4,6,0,0,0,"15063,6,6","15057,5",0,0,100055,,,0,0,10016,
10605,0,mission_decs_10605,0,血量低于40%掉落(主线),4,6,0,0,0,"15063,6,6","15057,6",0,0,100056,,,0,0,10016,
10606,0,mission_decs_10606,0,血量低于30%掉落(主线),4,6,0,0,0,"15063,6,6","15057,7",0,0,100057,,,0,0,10016,
10607,0,mission_decs_10607,0,血量低于20%掉落(主线),4,6,0,0,0,"15063,6,6","15057,8",0,0,100058,,,0,0,10016,
10608,0,mission_decs_10608,0,血量低于10%掉落(主线),4,6,0,0,0,"15063,6,6","15057,9",0,0,100059,,,0,0,10016,
10609,0,mission_decs_10609,0,血量低于0%掉落(主线),4,6,0,0,0,"15063,6,6","15057,10",0,0,100060,,,0,0,10016,
107178,0,mission_decs_107178,0,通关简单难度主线6上-17(主线),4,3,0,0,0,"15063,6,6","107170,1",0,1,0,,,0,107,0,
107188,0,mission_decs_107188,0,通关简单难度主线6上-18(主线),4,3,0,0,0,"15063,6,6","107180,1",0,1,0,,,0,107,0,
107198,0,mission_decs_107198,0,通关简单难度主线6上-19(主线),4,3,0,0,0,"15063,6,6","107190,1",0,1,0,,,0,107,0,
107208,0,mission_decs_107208,0,通关简单难度主线6上-20(主线),4,3,0,0,0,"15063,6,6","107200,1",0,1,0,,,0,107,0,
107218,0,mission_decs_107218,0,通关简单难度主线6上-21(主线),4,3,0,0,0,"15063,6,6","107210,1",0,1,0,,,0,107,0,
107228,0,mission_decs_107228,0,通关简单难度主线6上-22(主线),4,3,0,0,0,"15063,6,6","107220,1",0,1,0,,,0,107,0,
107238,0,mission_decs_107238,0,通关简单难度主线6上-23(主线),4,3,0,0,0,"15063,6,6","107230,1",0,1,0,,,0,107,0,
107248,0,mission_decs_107248,0,通关简单难度主线6上-24(主线),4,3,0,0,0,"15063,6,6","107240,1",0,1,0,,,0,107,0,
107258,0,mission_decs_107258,0,通关简单难度主线6上-25(主线),4,3,0,0,0,"15063,6,6","107250,1",0,1,0,,,0,107,0,
107268,0,mission_decs_107268,0,通关简单难度主线6上-26(主线),4,3,0,0,0,"15063,6,6","107260,1",0,1,0,,,0,107,0,
10700,0,mission_decs_10700,0,血量低于90%掉落(主线),4,6,0,0,0,"15063,6,6","15058,1",0,0,100061,,,0,0,10017,
10701,0,mission_decs_10701,0,血量低于80%掉落(主线),4,6,0,0,0,"15063,6,6","15058,2",0,0,100062,,,0,0,10017,
10702,0,mission_decs_10702,0,血量低于70%掉落(主线),4,6,0,0,0,"15063,6,6","15058,3",0,0,100063,,,0,0,10017,
10703,0,mission_decs_10703,0,血量低于60%掉落(主线),4,6,0,0,0,"15063,6,6","15058,4",0,0,100064,,,0,0,10017,
10704,0,mission_decs_10704,0,血量低于50%掉落(主线),4,6,0,0,0,"15063,6,6","15058,5",0,0,100065,,,0,0,10017,
10705,0,mission_decs_10705,0,血量低于40%掉落(主线),4,6,0,0,0,"15063,6,6","15058,6",0,0,100066,,,0,0,10017,
10706,0,mission_decs_10706,0,血量低于30%掉落(主线),4,6,0,0,0,"15063,6,6","15058,7",0,0,100067,,,0,0,10017,
10707,0,mission_decs_10707,0,血量低于20%掉落(主线),4,6,0,0,0,"15063,6,6","15058,8",0,0,100068,,,0,0,10017,
10708,0,mission_decs_10708,0,血量低于10%掉落(主线),4,6,0,0,0,"15063,6,6","15058,9",0,0,100069,,,0,0,10017,
10709,0,mission_decs_10709,0,血量低于0%掉落(主线),4,6,0,0,0,"15063,6,6","15058,10",0,0,100070,,,0,0,10017,
108168,0,mission_decs_108168,0,通关简单难度主线6下-16(主线),4,3,0,0,0,"15063,7,7","108160,1",0,1,0,,,0,108,0,
108178,0,mission_decs_108178,0,通关简单难度主线6下-17(主线),4,3,0,0,0,"15063,7,7","108170,1",0,1,0,,,0,108,0,
108208,0,mission_decs_108208,0,通关简单难度主线6下-20(主线),4,3,0,0,0,"15063,7,7","108200,1",0,1,0,,,0,108,0,
108228,0,mission_decs_108228,0,通关简单难度主线6下-22(主线),4,3,0,0,0,"15063,7,7","108220,1",0,1,0,,,0,108,0,
108258,0,mission_decs_108258,0,通关简单难度主线6下-25(主线),4,3,0,0,0,"15063,7,7","108250,1",0,1,0,,,0,108,0,
108278,0,mission_decs_108278,0,通关简单难度主线6下-27(主线),4,3,0,0,0,"15063,7,7","108270,1",0,1,0,,,0,108,0,
108308,0,mission_decs_108308,0,通关简单难度主线6下-30(主线),4,3,0,0,0,"15063,7,7","108300,1",0,1,0,,,0,108,0,
108318,0,mission_decs_108318,0,通关简单难度主线6下-31(主线),4,3,0,0,0,"15063,7,7","108310,1",0,1,0,,,0,108,0,
108328,0,mission_decs_108328,0,通关简单难度主线6下-32(主线),4,3,0,0,0,"15063,7,7","108320,1",0,1,0,,,0,108,0,
108338,0,mission_decs_108338,0,通关简单难度主线6下-33(主线),4,3,0,0,0,"15063,7,7","108330,1",0,1,0,,,0,108,0,
10800,0,mission_decs_10800,0,血量低于90%掉落(主线),4,6,0,0,0,"15063,7,7","15059,1",0,0,100071,,,0,0,10018,
10801,0,mission_decs_10801,0,血量低于80%掉落(主线),4,6,0,0,0,"15063,7,7","15059,2",0,0,100072,,,0,0,10018,
10802,0,mission_decs_10802,0,血量低于70%掉落(主线),4,6,0,0,0,"15063,7,7","15059,3",0,0,100073,,,0,0,10018,
10803,0,mission_decs_10803,0,血量低于60%掉落(主线),4,6,0,0,0,"15063,7,7","15059,4",0,0,100074,,,0,0,10018,
10804,0,mission_decs_10804,0,血量低于50%掉落(主线),4,6,0,0,0,"15063,7,7","15059,5",0,0,100075,,,0,0,10018,
10805,0,mission_decs_10805,0,血量低于40%掉落(主线),4,6,0,0,0,"15063,7,7","15059,6",0,0,100076,,,0,0,10018,
10806,0,mission_decs_10806,0,血量低于30%掉落(主线),4,6,0,0,0,"15063,7,7","15059,7",0,0,100077,,,0,0,10018,
10807,0,mission_decs_10807,0,血量低于20%掉落(主线),4,6,0,0,0,"15063,7,7","15059,8",0,0,100078,,,0,0,10018,
10808,0,mission_decs_10808,0,血量低于10%掉落(主线),4,6,0,0,0,"15063,7,7","15059,9",0,0,100079,,,0,0,10018,
10809,0,mission_decs_10809,0,血量低于0%掉落(主线),4,6,0,0,0,"15063,7,7","15059,10",0,0,100080,,,0,0,10018,
109208,0,mission_decs_109208,0,通关简单难度主线7-20(主线),4,3,0,0,0,"15063,8,8","109200,1",0,1,0,,,0,109,0,
109258,0,mission_decs_109258,0,通关简单难度主线7-25(主线),4,3,0,0,0,"15063,8,8","109250,1",0,1,0,,,0,109,0,
109268,0,mission_decs_109268,0,通关简单难度主线7-26(主线),4,3,0,0,0,"15063,8,8","109260,1",0,1,0,,,0,109,0,
109278,0,mission_decs_109278,0,通关简单难度主线7-27(主线),4,3,0,0,0,"15063,8,8","109270,1",0,1,0,,,0,109,0,
109288,0,mission_decs_109288,0,通关简单难度主线7-28(主线),4,3,0,0,0,"15063,8,8","109280,1",0,1,0,,,0,109,0,
109298,0,mission_decs_109298,0,通关简单难度主线7-29(主线),4,3,0,0,0,"15063,8,8","109290,1",0,1,0,,,0,109,0,
109308,0,mission_decs_109308,0,通关简单难度主线7-30(主线),4,3,0,0,0,"15063,8,8","109300,1",0,1,0,,,0,109,0,
109318,0,mission_decs_109318,0,通关简单难度主线7-31(主线),4,3,0,0,0,"15063,8,8","109310,1",0,1,0,,,0,109,0,
109328,0,mission_decs_109328,0,通关简单难度主线7-32(主线),4,3,0,0,0,"15063,8,8","109320,1",0,1,0,,,0,109,0,
109338,0,mission_decs_109338,0,通关简单难度主线7-33(主线),4,3,0,0,0,"15063,8,8","109330,1",0,1,0,,,0,109,0,
10900,0,mission_decs_10900,0,血量低于90%掉落(主线),4,6,0,0,0,"15063,8,8","15060,1",0,0,100081,,,0,0,10019,
10901,0,mission_decs_10901,0,血量低于80%掉落(主线),4,6,0,0,0,"15063,8,8","15060,2",0,0,100082,,,0,0,10019,
10902,0,mission_decs_10902,0,血量低于70%掉落(主线),4,6,0,0,0,"15063,8,8","15060,3",0,0,100083,,,0,0,10019,
10903,0,mission_decs_10903,0,血量低于60%掉落(主线),4,6,0,0,0,"15063,8,8","15060,4",0,0,100084,,,0,0,10019,
10904,0,mission_decs_10904,0,血量低于50%掉落(主线),4,6,0,0,0,"15063,8,8","15060,5",0,0,100085,,,0,0,10019,
10905,0,mission_decs_10905,0,血量低于40%掉落(主线),4,6,0,0,0,"15063,8,8","15060,6",0,0,100086,,,0,0,10019,
10906,0,mission_decs_10906,0,血量低于30%掉落(主线),4,6,0,0,0,"15063,8,8","15060,7",0,0,100087,,,0,0,10019,
10907,0,mission_decs_10907,0,血量低于20%掉落(主线),4,6,0,0,0,"15063,8,8","15060,8",0,0,100088,,,0,0,10019,
10908,0,mission_decs_10908,0,血量低于10%掉落(主线),4,6,0,0,0,"15063,8,8","15060,9",0,0,100089,,,0,0,10019,
10909,0,mission_decs_10909,0,血量低于0%掉落(主线),4,6,0,0,0,"15063,8,8","15060,10",0,0,100090,,,0,0,10019,
110258,0,mission_decs_110258,0,通关简单难度主线8-25(主线),4,3,0,0,0,"15063,9,9","110250,1",0,1,0,,,0,110,0,
110268,0,mission_decs_110268,0,通关简单难度主线8-26(主线),4,3,0,0,0,"15063,9,9","110260,1",0,1,0,,,0,110,0,
110278,0,mission_decs_110278,0,通关简单难度主线8-27(主线),4,3,0,0,0,"15063,9,9","110270,1",0,1,0,,,0,110,0,
110288,0,mission_decs_110288,0,通关简单难度主线8-28(主线),4,3,0,0,0,"15063,9,9","110280,1",0,1,0,,,0,110,0,
110298,0,mission_decs_110298,0,通关简单难度主线8-29(主线),4,3,0,0,0,"15063,9,9","110290,1",0,1,0,,,0,110,0,
110308,0,mission_decs_110308,0,通关简单难度主线8-30(主线),4,3,0,0,0,"15063,9,9","110300,1",0,1,0,,,0,110,0,
110318,0,mission_decs_110318,0,通关简单难度主线8-31(主线),4,3,0,0,0,"15063,9,9","110310,1",0,1,0,,,0,110,0,
110328,0,mission_decs_110328,0,通关简单难度主线8-32(主线),4,3,0,0,0,"15063,9,9","110320,1",0,1,0,,,0,110,0,
110348,0,mission_decs_110348,0,通关简单难度主线8-34(主线),4,3,0,0,0,"15063,9,9","110340,1",0,1,0,,,0,110,0,
110358,0,mission_decs_110358,0,通关简单难度主线8-35(主线),4,3,0,0,0,"15063,9,9","110350,1",0,1,0,,,0,110,0,
11000,0,mission_decs_11000,0,血量低于90%掉落(主线),4,6,0,0,0,"15063,9,9","15061,1",0,0,100091,,,0,0,10020,
11001,0,mission_decs_11001,0,血量低于80%掉落(主线),4,6,0,0,0,"15063,9,9","15061,2",0,0,100092,,,0,0,10020,
11002,0,mission_decs_11002,0,血量低于70%掉落(主线),4,6,0,0,0,"15063,9,9","15061,3",0,0,100093,,,0,0,10020,
11003,0,mission_decs_11003,0,血量低于60%掉落(主线),4,6,0,0,0,"15063,9,9","15061,4",0,0,100094,,,0,0,10020,
11004,0,mission_decs_11004,0,血量低于50%掉落(主线),4,6,0,0,0,"15063,9,9","15061,5",0,0,100095,,,0,0,10020,
11005,0,mission_decs_11005,0,血量低于40%掉落(主线),4,6,0,0,0,"15063,9,9","15061,6",0,0,100096,,,0,0,10020,
11006,0,mission_decs_11006,0,血量低于30%掉落(主线),4,6,0,0,0,"15063,9,9","15061,7",0,0,100097,,,0,0,10020,
11007,0,mission_decs_11007,0,血量低于20%掉落(主线),4,6,0,0,0,"15063,9,9","15061,8",0,0,100098,,,0,0,10020,
11008,0,mission_decs_11008,0,血量低于10%掉落(主线),4,6,0,0,0,"15063,9,9","15061,9",0,0,100099,,,0,0,10020,
11009,0,mission_decs_11009,0,血量低于0%掉落(主线),4,6,0,0,0,"15063,9,9","15061,10",0,0,100100,,,0,0,10020,
301,0,guild_mission_decs_1,0,今日登录游戏<color=#0cb9b7>1</color>次,4,15,1,0,0,"1061,1,1","106,1",0,0,20100,,,0,0,0,
302,0,guild_mission_decs_2,0,今日累计消耗星魂力<color=#0cb9b7>100</color>点,4,15,1,0,0,"1061,1,1","11005,100",0,0,20104,,,0,0,0,
303,0,guild_mission_decs_3,0,今日累计消耗星魂力<color=#0cb9b7>200</color>点,4,15,1,0,0,"1061,1,1","11005,200",0,0,20105,,,0,0,0,
304,0,guild_mission_decs_4,0,完成<color=#0cb9b7>1</color>次克萝萝大冒险,4,15,1,0,0,"1061,1,1","11008,1",0,0,20107,,,0,0,0,
305,0,guild_mission_decs_5,0,今日对公会进行<color=#0cb9b7>3</color>次捐赠,4,15,1,0,0,"1061,1,1","17002,3",0,0,20108,,,0,0,0,
306,0,guild_mission_decs_6,0,今日使用星魂结晶购买<color=#0cb9b7>1</color>次星魂力,4,15,1,0,0,"1061,1,1","17003,1",0,0,20110,,,0,0,0,
307,0,guild_mission_decs_7,0,今日使用星魂结晶购买<color=#0cb9b7>2</color>次星魂力,4,15,1,0,0,"1061,1,1","17003,2",0,0,20111,,,0,0,0,
308,0,guild_mission_decs_8,0,今日对公会成员进行<color=#0cb9b7>1</color>次点赞,4,15,1,0,0,"1061,1,1","17005,1",0,0,20112,,,0,0,0,
309,0,guild_mission_decs_9,0,今日在宝库之门的关卡中取得<color=#0cb9b7>1</color>次胜利,4,15,1,0,0,"1061,1,1","17006,1",0,0,20113,,,0,0,0,
310,0,guild_mission_decs_10,0,今日在宝库之门的关卡中取得<color=#0cb9b7>3</color>次胜利,4,15,1,0,0,"1061,1,1","17006,3",0,0,20114,,,0,0,0,
311,0,guild_mission_decs_11,0,公会商店中购买<color=#0cb9b7>1</color>次商品,4,15,1,0,0,"1061,1,1","17008,1",0,0,20115,,,0,0,0,
312,0,guild_mission_decs_12,0,今日通关主线关卡<color=#0cb9b7>3</color>次,4,15,1,0,0,"1061,1,1","17007,3",0,0,20116,,,0,0,0,
313,0,guild_mission_decs_13,0,参与<color=#0cb9b7>1</color>公会首领,4,15,1,0,0,"1061,1,1","11012,1",0,0,20117,,,0,0,0,
314,0,guild_mission_decs_14,0,参与<color=#0cb9b7>1</color>公会赛马,4,15,1,0,0,"1061,1,1","11013,1",0,0,20118,,,0,0,0,
315,0,guild_mission_decs_15,0,挑战<color=#0cb9b7>1</color>次深渊之域,4,15,1,0,0,"1061,1,1","11015,1",0,0,20117,,,0,0,0,
320,0,guild_mission_decs_20,0,公会任务活跃度20奖励(公会每日),4,16,1,0,0,"1061,1,1","17100,20",0,0,20201,,,0,0,10001,
321,0,guild_mission_decs_21,0,公会任务活跃度40奖励(公会每日),4,16,1,0,0,"1061,1,1","17100,40",0,0,20202,,,0,0,10002,
322,0,guild_mission_decs_22,0,公会任务活跃度60奖励(公会每日),4,16,1,0,0,"1061,1,1","17100,60",0,0,20203,,,0,0,10003,
323,0,guild_mission_decs_23,0,公会任务活跃度80奖励(公会每日),4,16,1,0,0,"1061,1,1","17100,80",0,0,20204,,,0,0,10004,
324,0,guild_mission_decs_24,0,公会任务活跃度100奖励(公会每日),4,16,1,0,0,"1061,1,1","17100,100",0,0,20205,,,0,0,10005,
325,0,guild_mission_decs_25,0,本周累计登录游戏<color=#0cb9b7>1</color>次,4,17,2,0,0,"1061,1,1","12000,1",0,0,20301,,,0,0,0,
326,0,guild_mission_decs_26,0,本周累计登录游戏<color=#0cb9b7>3</color>次,4,17,2,0,0,"1061,1,1","12000,3",0,0,20303,,,0,0,0,
327,0,guild_mission_decs_27,0,本周累计登录游戏<color=#0cb9b7>5</color>次,4,17,2,0,0,"1061,1,1","12000,5",0,0,20305,,,0,0,0,
328,0,guild_mission_decs_28,0,本周累计消耗星魂力<color=#0cb9b7>1000</color>点,4,17,2,0,0,"1061,1,1","12003,1000",0,0,20306,,,0,0,0,
329,0,guild_mission_decs_29,0,本周累计消耗星魂力<color=#0cb9b7>2000</color>点,4,17,2,0,0,"1061,1,1","12003,2000",0,0,20307,,,0,0,0,
330,0,guild_mission_decs_30,0,本周累计消耗星魂力<color=#0cb9b7>3000</color>点,4,17,2,0,0,"1061,1,1","12003,3000",0,0,20308,,,0,0,0,
331,0,guild_mission_decs_31,0,本周对公会成员进行<color=#0cb9b7>9</color>次点赞,4,17,2,0,0,"1061,1,1","17101,9",0,0,20311,,,0,0,0,
332,0,guild_mission_decs_32,0,本周对公会进行<color=#0cb9b7>15</color>次捐赠,4,17,2,0,0,"1061,1,1","17102,15",0,0,20312,,,0,0,0,
333,0,guild_mission_decs_33,0,本周使用星魂结晶购买<color=#0cb9b7>5</color>次星魂力,4,17,2,0,0,"1061,1,1","17103,5",0,0,20313,,,0,0,0,
334,0,guild_mission_decs_34,0,参与<color=#0cb9b7>3</color>公会首领,4,17,2,0,0,"1061,1,1","17205,3",0,0,20314,,,0,0,0,
335,0,guild_mission_decs_35,0,参与<color=#0cb9b7>3</color>公会赛马,4,17,2,0,0,"1061,1,1","17206,3",0,0,20315,,,0,0,0,
336,0,guild_mission_decs_36,0,公会商店中购买<color=#0cb9b7>5</color>次商品,4,17,2,0,0,"1061,1,1","17207,5",0,0,20316,,,0,0,0,
337,0,guild_mission_decs_37,0,完成<color=#0cb9b7>5</color>次克萝萝大冒险,4,17,2,0,0,"1061,1,1","17204,5",0,0,20317,,,0,0,0,
350,0,guild_mission_decs_50,0,公会任务活跃度20奖励(公会每周),4,18,2,0,0,"1061,1,1","17200,20",0,0,20401,,,0,0,10006,
351,0,guild_mission_decs_51,0,公会任务活跃度40奖励(公会每周),4,18,2,0,0,"1061,1,1","17200,40",0,0,20402,,,0,0,10007,
352,0,guild_mission_decs_52,0,公会任务活跃度60奖励(公会每周),4,18,2,0,0,"1061,1,1","17200,60",0,0,20403,,,0,0,10008,
353,0,guild_mission_decs_53,0,公会任务活跃度80奖励(公会每周),4,18,2,0,0,"1061,1,1","17200,80",0,0,20404,,,0,0,10009,
354,0,guild_mission_decs_54,0,公会任务活跃度100奖励(公会每周),4,18,2,0,0,"1061,1,1","17200,100",0,0,20405,,,0,0,10010,
400,0,guild_boss_decs_1,0,公会boss首通奖励,4,20,1,0,0,0,"11012,1",0,0,20500,,,0,0,0,
401,0,guild_boss_killdecs_1,0,击败公会首领第1阶段,4,23,4,0,0,0,"1325,1",0,0,20501,,,0,400,0,
402,0,guild_boss_killdecs_2,0,击败公会首领第2阶段,4,23,4,0,0,0,"1325,2",0,0,20502,,,0,400,0,
403,0,guild_boss_killdecs_3,0,击败公会首领第3阶段,4,23,4,0,0,0,"1325,3",0,0,20503,,,0,400,0,
404,0,guild_boss_killdecs_4,0,击败公会首领第4阶段,4,23,4,0,0,0,"1325,4",0,0,20504,,,0,400,0,
405,0,guild_boss_killdecs_5,0,击败公会首领第5阶段,4,23,4,0,0,0,"1325,5",0,0,20505,,,0,400,0,
406,0,guild_boss_killdecs_6,0,击败公会首领第6阶段,4,23,4,0,0,0,"1325,6",0,0,20506,,,0,400,0,
407,0,guild_boss_killdecs_7,0,击败公会首领第7阶段,4,23,4,0,0,0,"1325,7",0,0,20507,,,0,400,0,
408,0,guild_boss_killdecs_8,0,击败公会首领第8阶段,4,23,4,0,0,0,"1325,8",0,0,20508,,,0,400,0,
409,0,guild_boss_killdecs_9,0,击败公会首领第9阶段,4,23,4,0,0,0,"1325,9",0,0,20509,,,0,400,0,
410,0,guild_boss_killdecs_10,0,击败公会首领第10阶段,4,23,4,0,0,0,"1325,10",0,0,20510,,,0,400,0,
411,0,guild_boss_killdecs_11,0,击败公会首领第11阶段,4,23,4,0,0,0,"1325,11",0,0,20511,,,0,400,0,
412,0,guild_boss_killdecs_12,0,击败公会首领第12阶段,4,23,4,0,0,0,"1325,12",0,0,20512,,,0,400,0,
413,0,guild_boss_killdecs_13,0,击败公会首领第13阶段,4,23,4,0,0,0,"1325,13",0,0,20513,,,0,400,0,
414,0,guild_boss_killdecs_14,0,击败公会首领第14阶段,4,23,4,0,0,0,"1325,14",0,0,20514,,,0,400,0,
415,0,guild_boss_killdecs_15,0,击败公会首领第15阶段,4,23,4,0,0,0,"1325,15",0,0,20515,,,0,400,0,
416,0,guild_boss_killdecs_16,0,击败公会首领第16阶段,4,23,4,0,0,0,"1325,16",0,0,20516,,,0,400,0,
417,0,guild_boss_killdecs_17,0,击败公会首领第17阶段,4,23,4,0,0,0,"1325,17",0,0,20517,,,0,400,0,
418,0,guild_boss_killdecs_18,0,击败公会首领第18阶段,4,23,4,0,0,0,"1325,18",0,0,20518,,,0,400,0,
419,0,guild_boss_killdecs_19,0,击败公会首领第19阶段,4,23,4,0,0,0,"1325,19",0,0,20519,,,0,400,0,
420,0,guild_boss_killdecs_20,0,击败公会首领第20阶段,4,23,4,0,0,0,"1325,20",0,0,20520,,,0,400,0,
421,0,guild_boss_killdecs_21,0,击败公会首领第21阶段,4,23,4,0,0,0,"1325,21",0,0,20521,,,0,400,0,
1200001,0,mission_decs_1200001,0,战令等级1基础奖励任务-1期,4,14,0,0,0,0,"30001,0",0,,1200001,,,0,1010,0,
1200002,0,mission_decs_1200002,0,战令等级2基础奖励任务-1期,4,14,0,0,0,0,"30001,100",0,,1200002,,,0,1010,0,
1200003,0,mission_decs_1200003,0,战令等级3基础奖励任务-1期,4,14,0,0,0,0,"30001,200",0,,1200003,,,0,1010,0,
1200004,0,mission_decs_1200004,0,战令等级4基础奖励任务-1期,4,14,0,0,0,0,"30001,300",0,,1200004,,,0,1010,0,
1200005,0,mission_decs_1200005,0,战令等级5基础奖励任务-1期,4,14,0,0,0,0,"30001,400",0,,1200005,,,0,1010,0,
1200006,0,mission_decs_1200006,0,战令等级6基础奖励任务-1期,4,14,0,0,0,0,"30001,500",0,,1200006,,,0,1010,0,
1200007,0,mission_decs_1200007,0,战令等级7基础奖励任务-1期,4,14,0,0,0,0,"30001,600",0,,1200007,,,0,1010,0,
1200008,0,mission_decs_1200008,0,战令等级8基础奖励任务-1期,4,14,0,0,0,0,"30001,700",0,,1200008,,,0,1010,0,
1200009,0,mission_decs_1200009,0,战令等级9基础奖励任务-1期,4,14,0,0,0,0,"30001,800",0,,1200009,,,0,1010,0,
1200010,0,mission_decs_1200010,0,战令等级10基础奖励任务-1期,4,14,0,0,0,0,"30001,900",0,,1200010,,,0,1010,0,
1200011,0,mission_decs_1200011,0,战令等级11基础奖励任务-1期,4,14,0,0,0,0,"30001,1000",0,,1200011,,,0,1010,0,
1200012,0,mission_decs_1200012,0,战令等级12基础奖励任务-1期,4,14,0,0,0,0,"30001,1100",0,,1200012,,,0,1010,0,
1200013,0,mission_decs_1200013,0,战令等级13基础奖励任务-1期,4,14,0,0,0,0,"30001,1200",0,,1200013,,,0,1010,0,
1200014,0,mission_decs_1200014,0,战令等级14基础奖励任务-1期,4,14,0,0,0,0,"30001,1300",0,,1200014,,,0,1010,0,
1200015,0,mission_decs_1200015,0,战令等级15基础奖励任务-1期,4,14,0,0,0,0,"30001,1400",0,,1200015,,,0,1010,0,
1200016,0,mission_decs_1200016,0,战令等级16基础奖励任务-1期,4,14,0,0,0,0,"30001,1500",0,,1200016,,,0,1010,0,
1200017,0,mission_decs_1200017,0,战令等级17基础奖励任务-1期,4,14,0,0,0,0,"30001,1600",0,,1200017,,,0,1010,0,
1200018,0,mission_decs_1200018,0,战令等级18基础奖励任务-1期,4,14,0,0,0,0,"30001,1700",0,,1200018,,,0,1010,0,
1200019,0,mission_decs_1200019,0,战令等级19基础奖励任务-1期,4,14,0,0,0,0,"30001,1800",0,,1200019,,,0,1010,0,
1200020,0,mission_decs_1200020,0,战令等级20基础奖励任务-1期,4,14,0,0,0,0,"30001,1900",0,,1200020,,,0,1010,0,
1200021,0,mission_decs_1200021,0,战令等级21基础奖励任务-1期,4,14,0,0,0,0,"30001,2000",0,,1200021,,,0,1010,0,
1200022,0,mission_decs_1200022,0,战令等级22基础奖励任务-1期,4,14,0,0,0,0,"30001,2100",0,,1200022,,,0,1010,0,
1200023,0,mission_decs_1200023,0,战令等级23基础奖励任务-1期,4,14,0,0,0,0,"30001,2200",0,,1200023,,,0,1010,0,
1200024,0,mission_decs_1200024,0,战令等级24基础奖励任务-1期,4,14,0,0,0,0,"30001,2300",0,,1200024,,,0,1010,0,
1200025,0,mission_decs_1200025,0,战令等级25基础奖励任务-1期,4,14,0,0,0,0,"30001,2400",0,,1200025,,,0,1010,0,
1200026,0,mission_decs_1200026,0,战令等级26基础奖励任务-1期,4,14,0,0,0,0,"30001,2500",0,,1200026,,,0,1010,0,
1200027,0,mission_decs_1200027,0,战令等级27基础奖励任务-1期,4,14,0,0,0,0,"30001,2600",0,,1200027,,,0,1010,0,
1200028,0,mission_decs_1200028,0,战令等级28基础奖励任务-1期,4,14,0,0,0,0,"30001,2700",0,,1200028,,,0,1010,0,
1200029,0,mission_decs_1200029,0,战令等级29基础奖励任务-1期,4,14,0,0,0,0,"30001,2800",0,,1200029,,,0,1010,0,
1200030,0,mission_decs_1200030,0,战令等级30基础奖励任务-1期,4,14,0,0,0,0,"30001,2900",0,,1200030,,,0,1010,0,
1200031,0,mission_decs_1200031,0,战令等级31基础奖励任务-1期,4,14,0,0,0,0,"30001,3000",0,,1200031,,,0,1010,0,
1200032,0,mission_decs_1200032,0,战令等级32基础奖励任务-1期,4,14,0,0,0,0,"30001,3100",0,,1200032,,,0,1010,0,
1200033,0,mission_decs_1200033,0,战令等级33基础奖励任务-1期,4,14,0,0,0,0,"30001,3200",0,,1200033,,,0,1010,0,
1200034,0,mission_decs_1200034,0,战令等级34基础奖励任务-1期,4,14,0,0,0,0,"30001,3300",0,,1200034,,,0,1010,0,
1200035,0,mission_decs_1200035,0,战令等级35基础奖励任务-1期,4,14,0,0,0,0,"30001,3400",0,,1200035,,,0,1010,0,
1200036,0,mission_decs_1200036,0,战令等级36基础奖励任务-1期,4,14,0,0,0,0,"30001,3500",0,,1200036,,,0,1010,0,
1200037,0,mission_decs_1200037,0,战令等级37基础奖励任务-1期,4,14,0,0,0,0,"30001,3600",0,,1200037,,,0,1010,0,
1200038,0,mission_decs_1200038,0,战令等级38基础奖励任务-1期,4,14,0,0,0,0,"30001,3700",0,,1200038,,,0,1010,0,
1200039,0,mission_decs_1200039,0,战令等级39基础奖励任务-1期,4,14,0,0,0,0,"30001,3800",0,,1200039,,,0,1010,0,
1200040,0,mission_decs_1200040,0,战令等级40基础奖励任务-1期,4,14,0,0,0,0,"30001,3900",0,,1200040,,,0,1010,0,
1200041,0,mission_decs_1200041,0,战令等级41基础奖励任务-1期,4,14,0,0,0,0,"30001,4000",0,,1200041,,,0,1010,0,
1200042,0,mission_decs_1200042,0,战令等级42基础奖励任务-1期,4,14,0,0,0,0,"30001,4100",0,,1200042,,,0,1010,0,
1200043,0,mission_decs_1200043,0,战令等级43基础奖励任务-1期,4,14,0,0,0,0,"30001,4200",0,,1200043,,,0,1010,0,
1200044,0,mission_decs_1200044,0,战令等级44基础奖励任务-1期,4,14,0,0,0,0,"30001,4300",0,,1200044,,,0,1010,0,
1200045,0,mission_decs_1200045,0,战令等级45基础奖励任务-1期,4,14,0,0,0,0,"30001,4400",0,,1200045,,,0,1010,0,
1200046,0,mission_decs_1200046,0,战令等级46基础奖励任务-1期,4,14,0,0,0,0,"30001,4500",0,,1200046,,,0,1010,0,
1200047,0,mission_decs_1200047,0,战令等级47基础奖励任务-1期,4,14,0,0,0,0,"30001,4600",0,,1200047,,,0,1010,0,
1200048,0,mission_decs_1200048,0,战令等级48基础奖励任务-1期,4,14,0,0,0,0,"30001,4700",0,,1200048,,,0,1010,0,
1200049,0,mission_decs_1200049,0,战令等级49基础奖励任务-1期,4,14,0,0,0,0,"30001,4800",0,,1200049,,,0,1010,0,
1200050,0,mission_decs_1200050,0,战令等级50基础奖励任务-1期,4,14,0,0,0,0,"30001,4900",0,,1200050,,,0,1010,0,
1200051,0,mission_decs_1200051,0,战令等级51基础奖励任务-1期,4,14,0,0,0,0,"30001,5000",0,,1200051,,,0,1010,0,
1200052,0,mission_decs_1200052,0,战令等级52基础奖励任务-1期,4,14,0,0,0,0,"30001,5100",0,,1200052,,,0,1010,0,
1200053,0,mission_decs_1200053,0,战令等级53基础奖励任务-1期,4,14,0,0,0,0,"30001,5200",0,,1200053,,,0,1010,0,
1200054,0,mission_decs_1200054,0,战令等级54基础奖励任务-1期,4,14,0,0,0,0,"30001,5300",0,,1200054,,,0,1010,0,
1200055,0,mission_decs_1200055,0,战令等级55基础奖励任务-1期,4,14,0,0,0,0,"30001,5400",0,,1200055,,,0,1010,0,
1200056,0,mission_decs_1200056,0,战令等级56基础奖励任务-1期,4,14,0,0,0,0,"30001,5500",0,,1200056,,,0,1010,0,
1200057,0,mission_decs_1200057,0,战令等级57基础奖励任务-1期,4,14,0,0,0,0,"30001,5600",0,,1200057,,,0,1010,0,
1200058,0,mission_decs_1200058,0,战令等级58基础奖励任务-1期,4,14,0,0,0,0,"30001,5700",0,,1200058,,,0,1010,0,
1200059,0,mission_decs_1200059,0,战令等级59基础奖励任务-1期,4,14,0,0,0,0,"30001,5800",0,,1200059,,,0,1010,0,
1200060,0,mission_decs_1200060,0,战令等级60基础奖励任务-1期,4,14,0,0,0,0,"30001,5900",0,,1200060,,,0,1010,0,
1200099,0,mission_decs_1200099,0,战令满级循环基础奖励任务-1期,3,14,0,0,0,0,"30001,6000","30001,5900,100",,1200099,,,0,101099,0,
1210001,0,mission_decs_1210001,0,战令等级1高级奖励任务-1期,4,14,0,0,0,0,"30001,0;30002,1",0,,1210001,,,0,1011,0,
1210002,0,mission_decs_1210002,0,战令等级2高级奖励任务-1期,4,14,0,0,0,0,"30001,100;30002,1",0,,1210002,,,0,1011,0,
1210003,0,mission_decs_1210003,0,战令等级3高级奖励任务-1期,4,14,0,0,0,0,"30001,200;30002,1",0,,1210003,,,0,1011,0,
1210004,0,mission_decs_1210004,0,战令等级4高级奖励任务-1期,4,14,0,0,0,0,"30001,300;30002,1",0,,1210004,,,0,1011,0,
1210005,0,mission_decs_1210005,0,战令等级5高级奖励任务-1期,4,14,0,0,0,0,"30001,400;30002,1",0,,1210005,,,0,1011,0,
1210006,0,mission_decs_1210006,0,战令等级6高级奖励任务-1期,4,14,0,0,0,0,"30001,500;30002,1",0,,1210006,,,0,1011,0,
1210007,0,mission_decs_1210007,0,战令等级7高级奖励任务-1期,4,14,0,0,0,0,"30001,600;30002,1",0,,1210007,,,0,1011,0,
1210008,0,mission_decs_1210008,0,战令等级8高级奖励任务-1期,4,14,0,0,0,0,"30001,700;30002,1",0,,1210008,,,0,1011,0,
1210009,0,mission_decs_1210009,0,战令等级9高级奖励任务-1期,4,14,0,0,0,0,"30001,800;30002,1",0,,1210009,,,0,1011,0,
1210010,0,mission_decs_1210010,0,战令等级10高级奖励任务-1期,4,14,0,0,0,0,"30001,900;30002,1",0,,1210010,,,0,1011,0,
1210011,0,mission_decs_1210011,0,战令等级11高级奖励任务-1期,4,14,0,0,0,0,"30001,1000;30002,1",0,,1210011,,,0,1011,0,
1210012,0,mission_decs_1210012,0,战令等级12高级奖励任务-1期,4,14,0,0,0,0,"30001,1100;30002,1",0,,1210012,,,0,1011,0,
1210013,0,mission_decs_1210013,0,战令等级13高级奖励任务-1期,4,14,0,0,0,0,"30001,1200;30002,1",0,,1210013,,,0,1011,0,
1210014,0,mission_decs_1210014,0,战令等级14高级奖励任务-1期,4,14,0,0,0,0,"30001,1300;30002,1",0,,1210014,,,0,1011,0,
1210015,0,mission_decs_1210015,0,战令等级15高级奖励任务-1期,4,14,0,0,0,0,"30001,1400;30002,1",0,,1210015,,,0,1011,0,
1210016,0,mission_decs_1210016,0,战令等级16高级奖励任务-1期,4,14,0,0,0,0,"30001,1500;30002,1",0,,1210016,,,0,1011,0,
1210017,0,mission_decs_1210017,0,战令等级17高级奖励任务-1期,4,14,0,0,0,0,"30001,1600;30002,1",0,,1210017,,,0,1011,0,
1210018,0,mission_decs_1210018,0,战令等级18高级奖励任务-1期,4,14,0,0,0,0,"30001,1700;30002,1",0,,1210018,,,0,1011,0,
1210019,0,mission_decs_1210019,0,战令等级19高级奖励任务-1期,4,14,0,0,0,0,"30001,1800;30002,1",0,,1210019,,,0,1011,0,
1210020,0,mission_decs_1210020,0,战令等级20高级奖励任务-1期,4,14,0,0,0,0,"30001,1900;30002,1",0,,1210020,,,0,1011,0,
1210021,0,mission_decs_1210021,0,战令等级21高级奖励任务-1期,4,14,0,0,0,0,"30001,2000;30002,1",0,,1210021,,,0,1011,0,
1210022,0,mission_decs_1210022,0,战令等级22高级奖励任务-1期,4,14,0,0,0,0,"30001,2100;30002,1",0,,1210022,,,0,1011,0,
1210023,0,mission_decs_1210023,0,战令等级23高级奖励任务-1期,4,14,0,0,0,0,"30001,2200;30002,1",0,,1210023,,,0,1011,0,
1210024,0,mission_decs_1210024,0,战令等级24高级奖励任务-1期,4,14,0,0,0,0,"30001,2300;30002,1",0,,1210024,,,0,1011,0,
1210025,0,mission_decs_1210025,0,战令等级25高级奖励任务-1期,4,14,0,0,0,0,"30001,2400;30002,1",0,,1210025,,,0,1011,0,
1210026,0,mission_decs_1210026,0,战令等级26高级奖励任务-1期,4,14,0,0,0,0,"30001,2500;30002,1",0,,1210026,,,0,1011,0,
1210027,0,mission_decs_1210027,0,战令等级27高级奖励任务-1期,4,14,0,0,0,0,"30001,2600;30002,1",0,,1210027,,,0,1011,0,
1210028,0,mission_decs_1210028,0,战令等级28高级奖励任务-1期,4,14,0,0,0,0,"30001,2700;30002,1",0,,1210028,,,0,1011,0,
1210029,0,mission_decs_1210029,0,战令等级29高级奖励任务-1期,4,14,0,0,0,0,"30001,2800;30002,1",0,,1210029,,,0,1011,0,
1210030,0,mission_decs_1210030,0,战令等级30高级奖励任务-1期,4,14,0,0,0,0,"30001,2900;30002,1",0,,1210030,,,0,1011,0,
1210031,0,mission_decs_1210031,0,战令等级31高级奖励任务-1期,4,14,0,0,0,0,"30001,3000;30002,1",0,,1210031,,,0,1011,0,
1210032,0,mission_decs_1210032,0,战令等级32高级奖励任务-1期,4,14,0,0,0,0,"30001,3100;30002,1",0,,1210032,,,0,1011,0,
1210033,0,mission_decs_1210033,0,战令等级33高级奖励任务-1期,4,14,0,0,0,0,"30001,3200;30002,1",0,,1210033,,,0,1011,0,
1210034,0,mission_decs_1210034,0,战令等级34高级奖励任务-1期,4,14,0,0,0,0,"30001,3300;30002,1",0,,1210034,,,0,1011,0,
1210035,0,mission_decs_1210035,0,战令等级35高级奖励任务-1期,4,14,0,0,0,0,"30001,3400;30002,1",0,,1210035,,,0,1011,0,
1210036,0,mission_decs_1210036,0,战令等级36高级奖励任务-1期,4,14,0,0,0,0,"30001,3500;30002,1",0,,1210036,,,0,1011,0,
1210037,0,mission_decs_1210037,0,战令等级37高级奖励任务-1期,4,14,0,0,0,0,"30001,3600;30002,1",0,,1210037,,,0,1011,0,
1210038,0,mission_decs_1210038,0,战令等级38高级奖励任务-1期,4,14,0,0,0,0,"30001,3700;30002,1",0,,1210038,,,0,1011,0,
1210039,0,mission_decs_1210039,0,战令等级39高级奖励任务-1期,4,14,0,0,0,0,"30001,3800;30002,1",0,,1210039,,,0,1011,0,
1210040,0,mission_decs_1210040,0,战令等级40高级奖励任务-1期,4,14,0,0,0,0,"30001,3900;30002,1",0,,1210040,,,0,1011,0,
1210041,0,mission_decs_1210041,0,战令等级41高级奖励任务-1期,4,14,0,0,0,0,"30001,4000;30002,1",0,,1210041,,,0,1011,0,
1210042,0,mission_decs_1210042,0,战令等级42高级奖励任务-1期,4,14,0,0,0,0,"30001,4100;30002,1",0,,1210042,,,0,1011,0,
1210043,0,mission_decs_1210043,0,战令等级43高级奖励任务-1期,4,14,0,0,0,0,"30001,4200;30002,1",0,,1210043,,,0,1011,0,
1210044,0,mission_decs_1210044,0,战令等级44高级奖励任务-1期,4,14,0,0,0,0,"30001,4300;30002,1",0,,1210044,,,0,1011,0,
1210045,0,mission_decs_1210045,0,战令等级45高级奖励任务-1期,4,14,0,0,0,0,"30001,4400;30002,1",0,,1210045,,,0,1011,0,
1210046,0,mission_decs_1210046,0,战令等级46高级奖励任务-1期,4,14,0,0,0,0,"30001,4500;30002,1",0,,1210046,,,0,1011,0,
1210047,0,mission_decs_1210047,0,战令等级47高级奖励任务-1期,4,14,0,0,0,0,"30001,4600;30002,1",0,,1210047,,,0,1011,0,
1210048,0,mission_decs_1210048,0,战令等级48高级奖励任务-1期,4,14,0,0,0,0,"30001,4700;30002,1",0,,1210048,,,0,1011,0,
1210049,0,mission_decs_1210049,0,战令等级49高级奖励任务-1期,4,14,0,0,0,0,"30001,4800;30002,1",0,,1210049,,,0,1011,0,
1210050,0,mission_decs_1210050,0,战令等级50高级奖励任务-1期,4,14,0,0,0,0,"30001,4900;30002,1",0,,1210050,,,0,1011,0,
1210051,0,mission_decs_1210051,0,战令等级51高级奖励任务-1期,4,14,0,0,0,0,"30001,5000;30002,1",0,,1210051,,,0,1011,0,
1210052,0,mission_decs_1210052,0,战令等级52高级奖励任务-1期,4,14,0,0,0,0,"30001,5100;30002,1",0,,1210052,,,0,1011,0,
1210053,0,mission_decs_1210053,0,战令等级53高级奖励任务-1期,4,14,0,0,0,0,"30001,5200;30002,1",0,,1210053,,,0,1011,0,
1210054,0,mission_decs_1210054,0,战令等级54高级奖励任务-1期,4,14,0,0,0,0,"30001,5300;30002,1",0,,1210054,,,0,1011,0,
1210055,0,mission_decs_1210055,0,战令等级55高级奖励任务-1期,4,14,0,0,0,0,"30001,5400;30002,1",0,,1210055,,,0,1011,0,
1210056,0,mission_decs_1210056,0,战令等级56高级奖励任务-1期,4,14,0,0,0,0,"30001,5500;30002,1",0,,1210056,,,0,1011,0,
1210057,0,mission_decs_1210057,0,战令等级57高级奖励任务-1期,4,14,0,0,0,0,"30001,5600;30002,1",0,,1210057,,,0,1011,0,
1210058,0,mission_decs_1210058,0,战令等级58高级奖励任务-1期,4,14,0,0,0,0,"30001,5700;30002,1",0,,1210058,,,0,1011,0,
1210059,0,mission_decs_1210059,0,战令等级59高级奖励任务-1期,4,14,0,0,0,0,"30001,5800;30002,1",0,,1210059,,,0,1011,0,
1210060,0,mission_decs_1210060,0,战令等级60高级奖励任务-1期,4,14,0,0,0,0,"30001,5900;30002,1",0,,1210060,,,0,1011,0,
1210099,0,mission_decs_1210099,0,战令满级循环高级奖励任务-1期,3,14,0,0,0,0,"30001,6000;30002,1","30001,5900,100",,1210099,,,0,101199,0,
1200101,0,mission_decs_1200101,0,战令等级1基础奖励任务-2期,4,14,0,0,0,0,"30001,0",0,,1200001,,,0,1012,0,
1200102,0,mission_decs_1200102,0,战令等级2基础奖励任务-2期,4,14,0,0,0,0,"30001,100",0,,1200002,,,0,1012,0,
1200103,0,mission_decs_1200103,0,战令等级3基础奖励任务-2期,4,14,0,0,0,0,"30001,200",0,,1200003,,,0,1012,0,
1200104,0,mission_decs_1200104,0,战令等级4基础奖励任务-2期,4,14,0,0,0,0,"30001,300",0,,1200004,,,0,1012,0,
1200105,0,mission_decs_1200105,0,战令等级5基础奖励任务-2期,4,14,0,0,0,0,"30001,400",0,,1200005,,,0,1012,0,
1200106,0,mission_decs_1200106,0,战令等级6基础奖励任务-2期,4,14,0,0,0,0,"30001,500",0,,1200006,,,0,1012,0,
1200107,0,mission_decs_1200107,0,战令等级7基础奖励任务-2期,4,14,0,0,0,0,"30001,600",0,,1200007,,,0,1012,0,
1200108,0,mission_decs_1200108,0,战令等级8基础奖励任务-2期,4,14,0,0,0,0,"30001,700",0,,1200008,,,0,1012,0,
1200109,0,mission_decs_1200109,0,战令等级9基础奖励任务-2期,4,14,0,0,0,0,"30001,800",0,,1200009,,,0,1012,0,
1200110,0,mission_decs_1200110,0,战令等级10基础奖励任务-2期,4,14,0,0,0,0,"30001,900",0,,1200010,,,0,1012,0,
1200111,0,mission_decs_1200111,0,战令等级11基础奖励任务-2期,4,14,0,0,0,0,"30001,1000",0,,1200011,,,0,1012,0,
1200112,0,mission_decs_1200112,0,战令等级12基础奖励任务-2期,4,14,0,0,0,0,"30001,1100",0,,1200012,,,0,1012,0,
1200113,0,mission_decs_1200113,0,战令等级13基础奖励任务-2期,4,14,0,0,0,0,"30001,1200",0,,1200013,,,0,1012,0,
1200114,0,mission_decs_1200114,0,战令等级14基础奖励任务-2期,4,14,0,0,0,0,"30001,1300",0,,1200014,,,0,1012,0,
1200115,0,mission_decs_1200115,0,战令等级15基础奖励任务-2期,4,14,0,0,0,0,"30001,1400",0,,1200015,,,0,1012,0,
1200116,0,mission_decs_1200116,0,战令等级16基础奖励任务-2期,4,14,0,0,0,0,"30001,1500",0,,1200016,,,0,1012,0,
1200117,0,mission_decs_1200117,0,战令等级17基础奖励任务-2期,4,14,0,0,0,0,"30001,1600",0,,1200017,,,0,1012,0,
1200118,0,mission_decs_1200118,0,战令等级18基础奖励任务-2期,4,14,0,0,0,0,"30001,1700",0,,1200018,,,0,1012,0,
1200119,0,mission_decs_1200119,0,战令等级19基础奖励任务-2期,4,14,0,0,0,0,"30001,1800",0,,1200019,,,0,1012,0,
1200120,0,mission_decs_1200120,0,战令等级20基础奖励任务-2期,4,14,0,0,0,0,"30001,1900",0,,1200020,,,0,1012,0,
1200121,0,mission_decs_1200121,0,战令等级21基础奖励任务-2期,4,14,0,0,0,0,"30001,2000",0,,1200021,,,0,1012,0,
1200122,0,mission_decs_1200122,0,战令等级22基础奖励任务-2期,4,14,0,0,0,0,"30001,2100",0,,1200022,,,0,1012,0,
1200123,0,mission_decs_1200123,0,战令等级23基础奖励任务-2期,4,14,0,0,0,0,"30001,2200",0,,1200023,,,0,1012,0,
1200124,0,mission_decs_1200124,0,战令等级24基础奖励任务-2期,4,14,0,0,0,0,"30001,2300",0,,1200024,,,0,1012,0,
1200125,0,mission_decs_1200125,0,战令等级25基础奖励任务-2期,4,14,0,0,0,0,"30001,2400",0,,1200025,,,0,1012,0,
1200126,0,mission_decs_1200126,0,战令等级26基础奖励任务-2期,4,14,0,0,0,0,"30001,2500",0,,1200026,,,0,1012,0,
1200127,0,mission_decs_1200127,0,战令等级27基础奖励任务-2期,4,14,0,0,0,0,"30001,2600",0,,1200027,,,0,1012,0,
1200128,0,mission_decs_1200128,0,战令等级28基础奖励任务-2期,4,14,0,0,0,0,"30001,2700",0,,1200028,,,0,1012,0,
1200129,0,mission_decs_1200129,0,战令等级29基础奖励任务-2期,4,14,0,0,0,0,"30001,2800",0,,1200029,,,0,1012,0,
1200130,0,mission_decs_1200130,0,战令等级30基础奖励任务-2期,4,14,0,0,0,0,"30001,2900",0,,1200030,,,0,1012,0,
1200131,0,mission_decs_1200131,0,战令等级31基础奖励任务-2期,4,14,0,0,0,0,"30001,3000",0,,1200031,,,0,1012,0,
1200132,0,mission_decs_1200132,0,战令等级32基础奖励任务-2期,4,14,0,0,0,0,"30001,3100",0,,1200032,,,0,1012,0,
1200133,0,mission_decs_1200133,0,战令等级33基础奖励任务-2期,4,14,0,0,0,0,"30001,3200",0,,1200033,,,0,1012,0,
1200134,0,mission_decs_1200134,0,战令等级34基础奖励任务-2期,4,14,0,0,0,0,"30001,3300",0,,1200034,,,0,1012,0,
1200135,0,mission_decs_1200135,0,战令等级35基础奖励任务-2期,4,14,0,0,0,0,"30001,3400",0,,1200035,,,0,1012,0,
1200136,0,mission_decs_1200136,0,战令等级36基础奖励任务-2期,4,14,0,0,0,0,"30001,3500",0,,1200036,,,0,1012,0,
1200137,0,mission_decs_1200137,0,战令等级37基础奖励任务-2期,4,14,0,0,0,0,"30001,3600",0,,1200037,,,0,1012,0,
1200138,0,mission_decs_1200138,0,战令等级38基础奖励任务-2期,4,14,0,0,0,0,"30001,3700",0,,1200038,,,0,1012,0,
1200139,0,mission_decs_1200139,0,战令等级39基础奖励任务-2期,4,14,0,0,0,0,"30001,3800",0,,1200039,,,0,1012,0,
1200140,0,mission_decs_1200140,0,战令等级40基础奖励任务-2期,4,14,0,0,0,0,"30001,3900",0,,1200040,,,0,1012,0,
1200141,0,mission_decs_1200141,0,战令等级41基础奖励任务-2期,4,14,0,0,0,0,"30001,4000",0,,1200041,,,0,1012,0,
1200142,0,mission_decs_1200142,0,战令等级42基础奖励任务-2期,4,14,0,0,0,0,"30001,4100",0,,1200042,,,0,1012,0,
1200143,0,mission_decs_1200143,0,战令等级43基础奖励任务-2期,4,14,0,0,0,0,"30001,4200",0,,1200043,,,0,1012,0,
1200144,0,mission_decs_1200144,0,战令等级44基础奖励任务-2期,4,14,0,0,0,0,"30001,4300",0,,1200044,,,0,1012,0,
1200145,0,mission_decs_1200145,0,战令等级45基础奖励任务-2期,4,14,0,0,0,0,"30001,4400",0,,1200045,,,0,1012,0,
1200146,0,mission_decs_1200146,0,战令等级46基础奖励任务-2期,4,14,0,0,0,0,"30001,4500",0,,1200046,,,0,1012,0,
1200147,0,mission_decs_1200147,0,战令等级47基础奖励任务-2期,4,14,0,0,0,0,"30001,4600",0,,1200047,,,0,1012,0,
1200148,0,mission_decs_1200148,0,战令等级48基础奖励任务-2期,4,14,0,0,0,0,"30001,4700",0,,1200048,,,0,1012,0,
1200149,0,mission_decs_1200149,0,战令等级49基础奖励任务-2期,4,14,0,0,0,0,"30001,4800",0,,1200049,,,0,1012,0,
1200150,0,mission_decs_1200150,0,战令等级50基础奖励任务-2期,4,14,0,0,0,0,"30001,4900",0,,1200050,,,0,1012,0,
1200151,0,mission_decs_1200151,0,战令等级51基础奖励任务-2期,4,14,0,0,0,0,"30001,5000",0,,1200051,,,0,1012,0,
1200152,0,mission_decs_1200152,0,战令等级52基础奖励任务-2期,4,14,0,0,0,0,"30001,5100",0,,1200052,,,0,1012,0,
1200153,0,mission_decs_1200153,0,战令等级53基础奖励任务-2期,4,14,0,0,0,0,"30001,5200",0,,1200053,,,0,1012,0,
1200154,0,mission_decs_1200154,0,战令等级54基础奖励任务-2期,4,14,0,0,0,0,"30001,5300",0,,1200054,,,0,1012,0,
1200155,0,mission_decs_1200155,0,战令等级55基础奖励任务-2期,4,14,0,0,0,0,"30001,5400",0,,1200055,,,0,1012,0,
1200156,0,mission_decs_1200156,0,战令等级56基础奖励任务-2期,4,14,0,0,0,0,"30001,5500",0,,1200056,,,0,1012,0,
1200157,0,mission_decs_1200157,0,战令等级57基础奖励任务-2期,4,14,0,0,0,0,"30001,5600",0,,1200057,,,0,1012,0,
1200158,0,mission_decs_1200158,0,战令等级58基础奖励任务-2期,4,14,0,0,0,0,"30001,5700",0,,1200058,,,0,1012,0,
1200159,0,mission_decs_1200159,0,战令等级59基础奖励任务-2期,4,14,0,0,0,0,"30001,5800",0,,1200059,,,0,1012,0,
1200160,0,mission_decs_1200160,0,战令等级60基础奖励任务-2期,4,14,0,0,0,0,"30001,5900",0,,1200060,,,0,1012,0,
1210101,0,mission_decs_1210101,0,战令等级1高级奖励任务-2期,4,14,0,0,0,0,"30001,0;30002,1",0,,1210001,,,0,1013,0,
1210102,0,mission_decs_1210102,0,战令等级2高级奖励任务-2期,4,14,0,0,0,0,"30001,100;30002,1",0,,1210002,,,0,1013,0,
1210103,0,mission_decs_1210103,0,战令等级3高级奖励任务-2期,4,14,0,0,0,0,"30001,200;30002,1",0,,1210003,,,0,1013,0,
1210104,0,mission_decs_1210104,0,战令等级4高级奖励任务-2期,4,14,0,0,0,0,"30001,300;30002,1",0,,1210004,,,0,1013,0,
1210105,0,mission_decs_1210105,0,战令等级5高级奖励任务-2期,4,14,0,0,0,0,"30001,400;30002,1",0,,1210005,,,0,1013,0,
1210106,0,mission_decs_1210106,0,战令等级6高级奖励任务-2期,4,14,0,0,0,0,"30001,500;30002,1",0,,1210006,,,0,1013,0,
1210107,0,mission_decs_1210107,0,战令等级7高级奖励任务-2期,4,14,0,0,0,0,"30001,600;30002,1",0,,1210007,,,0,1013,0,
1210108,0,mission_decs_1210108,0,战令等级8高级奖励任务-2期,4,14,0,0,0,0,"30001,700;30002,1",0,,1210008,,,0,1013,0,
1210109,0,mission_decs_1210109,0,战令等级9高级奖励任务-2期,4,14,0,0,0,0,"30001,800;30002,1",0,,1210009,,,0,1013,0,
1210110,0,mission_decs_1210110,0,战令等级10高级奖励任务-2期,4,14,0,0,0,0,"30001,900;30002,1",0,,1210010,,,0,1013,0,
1210111,0,mission_decs_1210111,0,战令等级11高级奖励任务-2期,4,14,0,0,0,0,"30001,1000;30002,1",0,,1210011,,,0,1013,0,
1210112,0,mission_decs_1210112,0,战令等级12高级奖励任务-2期,4,14,0,0,0,0,"30001,1100;30002,1",0,,1210012,,,0,1013,0,
1210113,0,mission_decs_1210113,0,战令等级13高级奖励任务-2期,4,14,0,0,0,0,"30001,1200;30002,1",0,,1210013,,,0,1013,0,
1210114,0,mission_decs_1210114,0,战令等级14高级奖励任务-2期,4,14,0,0,0,0,"30001,1300;30002,1",0,,1210014,,,0,1013,0,
1210115,0,mission_decs_1210115,0,战令等级15高级奖励任务-2期,4,14,0,0,0,0,"30001,1400;30002,1",0,,1210015,,,0,1013,0,
1210116,0,mission_decs_1210116,0,战令等级16高级奖励任务-2期,4,14,0,0,0,0,"30001,1500;30002,1",0,,1210016,,,0,1013,0,
1210117,0,mission_decs_1210117,0,战令等级17高级奖励任务-2期,4,14,0,0,0,0,"30001,1600;30002,1",0,,1210017,,,0,1013,0,
1210118,0,mission_decs_1210118,0,战令等级18高级奖励任务-2期,4,14,0,0,0,0,"30001,1700;30002,1",0,,1210018,,,0,1013,0,
1210119,0,mission_decs_1210119,0,战令等级19高级奖励任务-2期,4,14,0,0,0,0,"30001,1800;30002,1",0,,1210019,,,0,1013,0,
1210120,0,mission_decs_1210120,0,战令等级20高级奖励任务-2期,4,14,0,0,0,0,"30001,1900;30002,1",0,,1210020,,,0,1013,0,
1210121,0,mission_decs_1210121,0,战令等级21高级奖励任务-2期,4,14,0,0,0,0,"30001,2000;30002,1",0,,1210021,,,0,1013,0,
1210122,0,mission_decs_1210122,0,战令等级22高级奖励任务-2期,4,14,0,0,0,0,"30001,2100;30002,1",0,,1210022,,,0,1013,0,
1210123,0,mission_decs_1210123,0,战令等级23高级奖励任务-2期,4,14,0,0,0,0,"30001,2200;30002,1",0,,1210023,,,0,1013,0,
1210124,0,mission_decs_1210124,0,战令等级24高级奖励任务-2期,4,14,0,0,0,0,"30001,2300;30002,1",0,,1210024,,,0,1013,0,
1210125,0,mission_decs_1210125,0,战令等级25高级奖励任务-2期,4,14,0,0,0,0,"30001,2400;30002,1",0,,1210025,,,0,1013,0,
1210126,0,mission_decs_1210126,0,战令等级26高级奖励任务-2期,4,14,0,0,0,0,"30001,2500;30002,1",0,,1210026,,,0,1013,0,
1210127,0,mission_decs_1210127,0,战令等级27高级奖励任务-2期,4,14,0,0,0,0,"30001,2600;30002,1",0,,1210027,,,0,1013,0,
1210128,0,mission_decs_1210128,0,战令等级28高级奖励任务-2期,4,14,0,0,0,0,"30001,2700;30002,1",0,,1210028,,,0,1013,0,
1210129,0,mission_decs_1210129,0,战令等级29高级奖励任务-2期,4,14,0,0,0,0,"30001,2800;30002,1",0,,1210029,,,0,1013,0,
1210130,0,mission_decs_1210130,0,战令等级30高级奖励任务-2期,4,14,0,0,0,0,"30001,2900;30002,1",0,,1210030,,,0,1013,0,
1210131,0,mission_decs_1210131,0,战令等级31高级奖励任务-2期,4,14,0,0,0,0,"30001,3000;30002,1",0,,1210031,,,0,1013,0,
1210132,0,mission_decs_1210132,0,战令等级32高级奖励任务-2期,4,14,0,0,0,0,"30001,3100;30002,1",0,,1210032,,,0,1013,0,
1210133,0,mission_decs_1210133,0,战令等级33高级奖励任务-2期,4,14,0,0,0,0,"30001,3200;30002,1",0,,1210033,,,0,1013,0,
1210134,0,mission_decs_1210134,0,战令等级34高级奖励任务-2期,4,14,0,0,0,0,"30001,3300;30002,1",0,,1210034,,,0,1013,0,
1210135,0,mission_decs_1210135,0,战令等级35高级奖励任务-2期,4,14,0,0,0,0,"30001,3400;30002,1",0,,1210035,,,0,1013,0,
1210136,0,mission_decs_1210136,0,战令等级36高级奖励任务-2期,4,14,0,0,0,0,"30001,3500;30002,1",0,,1210036,,,0,1013,0,
1210137,0,mission_decs_1210137,0,战令等级37高级奖励任务-2期,4,14,0,0,0,0,"30001,3600;30002,1",0,,1210037,,,0,1013,0,
1210138,0,mission_decs_1210138,0,战令等级38高级奖励任务-2期,4,14,0,0,0,0,"30001,3700;30002,1",0,,1210038,,,0,1013,0,
1210139,0,mission_decs_1210139,0,战令等级39高级奖励任务-2期,4,14,0,0,0,0,"30001,3800;30002,1",0,,1210039,,,0,1013,0,
1210140,0,mission_decs_1210140,0,战令等级40高级奖励任务-2期,4,14,0,0,0,0,"30001,3900;30002,1",0,,1210040,,,0,1013,0,
1210141,0,mission_decs_1210141,0,战令等级41高级奖励任务-2期,4,14,0,0,0,0,"30001,4000;30002,1",0,,1210041,,,0,1013,0,
1210142,0,mission_decs_1210142,0,战令等级42高级奖励任务-2期,4,14,0,0,0,0,"30001,4100;30002,1",0,,1210042,,,0,1013,0,
1210143,0,mission_decs_1210143,0,战令等级43高级奖励任务-2期,4,14,0,0,0,0,"30001,4200;30002,1",0,,1210043,,,0,1013,0,
1210144,0,mission_decs_1210144,0,战令等级44高级奖励任务-2期,4,14,0,0,0,0,"30001,4300;30002,1",0,,1210044,,,0,1013,0,
1210145,0,mission_decs_1210145,0,战令等级45高级奖励任务-2期,4,14,0,0,0,0,"30001,4400;30002,1",0,,1210045,,,0,1013,0,
1210146,0,mission_decs_1210146,0,战令等级46高级奖励任务-2期,4,14,0,0,0,0,"30001,4500;30002,1",0,,1210046,,,0,1013,0,
1210147,0,mission_decs_1210147,0,战令等级47高级奖励任务-2期,4,14,0,0,0,0,"30001,4600;30002,1",0,,1210047,,,0,1013,0,
1210148,0,mission_decs_1210148,0,战令等级48高级奖励任务-2期,4,14,0,0,0,0,"30001,4700;30002,1",0,,1210048,,,0,1013,0,
1210149,0,mission_decs_1210149,0,战令等级49高级奖励任务-2期,4,14,0,0,0,0,"30001,4800;30002,1",0,,1210049,,,0,1013,0,
1210150,0,mission_decs_1210150,0,战令等级50高级奖励任务-2期,4,14,0,0,0,0,"30001,4900;30002,1",0,,1210050,,,0,1013,0,
1210151,0,mission_decs_1210151,0,战令等级51高级奖励任务-2期,4,14,0,0,0,0,"30001,5000;30002,1",0,,1210051,,,0,1013,0,
1210152,0,mission_decs_1210152,0,战令等级52高级奖励任务-2期,4,14,0,0,0,0,"30001,5100;30002,1",0,,1210052,,,0,1013,0,
1210153,0,mission_decs_1210153,0,战令等级53高级奖励任务-2期,4,14,0,0,0,0,"30001,5200;30002,1",0,,1210053,,,0,1013,0,
1210154,0,mission_decs_1210154,0,战令等级54高级奖励任务-2期,4,14,0,0,0,0,"30001,5300;30002,1",0,,1210054,,,0,1013,0,
1210155,0,mission_decs_1210155,0,战令等级55高级奖励任务-2期,4,14,0,0,0,0,"30001,5400;30002,1",0,,1210055,,,0,1013,0,
1210156,0,mission_decs_1210156,0,战令等级56高级奖励任务-2期,4,14,0,0,0,0,"30001,5500;30002,1",0,,1210056,,,0,1013,0,
1210157,0,mission_decs_1210157,0,战令等级57高级奖励任务-2期,4,14,0,0,0,0,"30001,5600;30002,1",0,,1210057,,,0,1013,0,
1210158,0,mission_decs_1210158,0,战令等级58高级奖励任务-2期,4,14,0,0,0,0,"30001,5700;30002,1",0,,1210058,,,0,1013,0,
1210159,0,mission_decs_1210159,0,战令等级59高级奖励任务-2期,4,14,0,0,0,0,"30001,5800;30002,1",0,,1210059,,,0,1013,0,
1210160,0,mission_decs_1210160,0,战令等级60高级奖励任务-2期,4,14,0,0,0,0,"30001,5900;30002,1",0,,1210060,,,0,1013,0,
1200201,0,mission_decs_1200201,0,战令等级1基础奖励任务-2期,4,14,0,0,0,0,"30001,0",0,,1200001,,,0,1014,0,
1200202,0,mission_decs_1200202,0,战令等级2基础奖励任务-2期,4,14,0,0,0,0,"30001,100",0,,1200002,,,0,1014,0,
1200203,0,mission_decs_1200203,0,战令等级3基础奖励任务-2期,4,14,0,0,0,0,"30001,200",0,,1200003,,,0,1014,0,
1200204,0,mission_decs_1200204,0,战令等级4基础奖励任务-2期,4,14,0,0,0,0,"30001,300",0,,1200004,,,0,1014,0,
1200205,0,mission_decs_1200205,0,战令等级5基础奖励任务-2期,4,14,0,0,0,0,"30001,400",0,,1200005,,,0,1014,0,
1200206,0,mission_decs_1200206,0,战令等级6基础奖励任务-2期,4,14,0,0,0,0,"30001,500",0,,1200006,,,0,1014,0,
1200207,0,mission_decs_1200207,0,战令等级7基础奖励任务-2期,4,14,0,0,0,0,"30001,600",0,,1200007,,,0,1014,0,
1200208,0,mission_decs_1200208,0,战令等级8基础奖励任务-2期,4,14,0,0,0,0,"30001,700",0,,1200008,,,0,1014,0,
1200209,0,mission_decs_1200209,0,战令等级9基础奖励任务-2期,4,14,0,0,0,0,"30001,800",0,,1200009,,,0,1014,0,
1200210,0,mission_decs_1200210,0,战令等级10基础奖励任务-2期,4,14,0,0,0,0,"30001,900",0,,1200010,,,0,1014,0,
1200211,0,mission_decs_1200211,0,战令等级11基础奖励任务-2期,4,14,0,0,0,0,"30001,1000",0,,1200011,,,0,1014,0,
1200212,0,mission_decs_1200212,0,战令等级12基础奖励任务-2期,4,14,0,0,0,0,"30001,1100",0,,1200012,,,0,1014,0,
1200213,0,mission_decs_1200213,0,战令等级13基础奖励任务-2期,4,14,0,0,0,0,"30001,1200",0,,1200013,,,0,1014,0,
1200214,0,mission_decs_1200214,0,战令等级14基础奖励任务-2期,4,14,0,0,0,0,"30001,1300",0,,1200014,,,0,1014,0,
1200215,0,mission_decs_1200215,0,战令等级15基础奖励任务-2期,4,14,0,0,0,0,"30001,1400",0,,1200015,,,0,1014,0,
1200216,0,mission_decs_1200216,0,战令等级16基础奖励任务-2期,4,14,0,0,0,0,"30001,1500",0,,1200016,,,0,1014,0,
1200217,0,mission_decs_1200217,0,战令等级17基础奖励任务-2期,4,14,0,0,0,0,"30001,1600",0,,1200017,,,0,1014,0,
1200218,0,mission_decs_1200218,0,战令等级18基础奖励任务-2期,4,14,0,0,0,0,"30001,1700",0,,1200018,,,0,1014,0,
1200219,0,mission_decs_1200219,0,战令等级19基础奖励任务-2期,4,14,0,0,0,0,"30001,1800",0,,1200019,,,0,1014,0,
1200220,0,mission_decs_1200220,0,战令等级20基础奖励任务-2期,4,14,0,0,0,0,"30001,1900",0,,1200020,,,0,1014,0,
1200221,0,mission_decs_1200221,0,战令等级21基础奖励任务-2期,4,14,0,0,0,0,"30001,2000",0,,1200021,,,0,1014,0,
1200222,0,mission_decs_1200222,0,战令等级22基础奖励任务-2期,4,14,0,0,0,0,"30001,2100",0,,1200022,,,0,1014,0,
1200223,0,mission_decs_1200223,0,战令等级23基础奖励任务-2期,4,14,0,0,0,0,"30001,2200",0,,1200023,,,0,1014,0,
1200224,0,mission_decs_1200224,0,战令等级24基础奖励任务-2期,4,14,0,0,0,0,"30001,2300",0,,1200024,,,0,1014,0,
1200225,0,mission_decs_1200225,0,战令等级25基础奖励任务-2期,4,14,0,0,0,0,"30001,2400",0,,1200025,,,0,1014,0,
1200226,0,mission_decs_1200226,0,战令等级26基础奖励任务-2期,4,14,0,0,0,0,"30001,2500",0,,1200026,,,0,1014,0,
1200227,0,mission_decs_1200227,0,战令等级27基础奖励任务-2期,4,14,0,0,0,0,"30001,2600",0,,1200027,,,0,1014,0,
1200228,0,mission_decs_1200228,0,战令等级28基础奖励任务-2期,4,14,0,0,0,0,"30001,2700",0,,1200028,,,0,1014,0,
1200229,0,mission_decs_1200229,0,战令等级29基础奖励任务-2期,4,14,0,0,0,0,"30001,2800",0,,1200029,,,0,1014,0,
1200230,0,mission_decs_1200230,0,战令等级30基础奖励任务-2期,4,14,0,0,0,0,"30001,2900",0,,1200030,,,0,1014,0,
1200231,0,mission_decs_1200231,0,战令等级31基础奖励任务-2期,4,14,0,0,0,0,"30001,3000",0,,1200031,,,0,1014,0,
1200232,0,mission_decs_1200232,0,战令等级32基础奖励任务-2期,4,14,0,0,0,0,"30001,3100",0,,1200032,,,0,1014,0,
1200233,0,mission_decs_1200233,0,战令等级33基础奖励任务-2期,4,14,0,0,0,0,"30001,3200",0,,1200033,,,0,1014,0,
1200234,0,mission_decs_1200234,0,战令等级34基础奖励任务-2期,4,14,0,0,0,0,"30001,3300",0,,1200034,,,0,1014,0,
1200235,0,mission_decs_1200235,0,战令等级35基础奖励任务-2期,4,14,0,0,0,0,"30001,3400",0,,1200035,,,0,1014,0,
1200236,0,mission_decs_1200236,0,战令等级36基础奖励任务-2期,4,14,0,0,0,0,"30001,3500",0,,1200036,,,0,1014,0,
1200237,0,mission_decs_1200237,0,战令等级37基础奖励任务-2期,4,14,0,0,0,0,"30001,3600",0,,1200037,,,0,1014,0,
1200238,0,mission_decs_1200238,0,战令等级38基础奖励任务-2期,4,14,0,0,0,0,"30001,3700",0,,1200038,,,0,1014,0,
1200239,0,mission_decs_1200239,0,战令等级39基础奖励任务-2期,4,14,0,0,0,0,"30001,3800",0,,1200039,,,0,1014,0,
1200240,0,mission_decs_1200240,0,战令等级40基础奖励任务-2期,4,14,0,0,0,0,"30001,3900",0,,1200040,,,0,1014,0,
1200241,0,mission_decs_1200241,0,战令等级41基础奖励任务-2期,4,14,0,0,0,0,"30001,4000",0,,1200041,,,0,1014,0,
1200242,0,mission_decs_1200242,0,战令等级42基础奖励任务-2期,4,14,0,0,0,0,"30001,4100",0,,1200042,,,0,1014,0,
1200243,0,mission_decs_1200243,0,战令等级43基础奖励任务-2期,4,14,0,0,0,0,"30001,4200",0,,1200043,,,0,1014,0,
1200244,0,mission_decs_1200244,0,战令等级44基础奖励任务-2期,4,14,0,0,0,0,"30001,4300",0,,1200044,,,0,1014,0,
1200245,0,mission_decs_1200245,0,战令等级45基础奖励任务-2期,4,14,0,0,0,0,"30001,4400",0,,1200045,,,0,1014,0,
1200246,0,mission_decs_1200246,0,战令等级46基础奖励任务-2期,4,14,0,0,0,0,"30001,4500",0,,1200046,,,0,1014,0,
1200247,0,mission_decs_1200247,0,战令等级47基础奖励任务-2期,4,14,0,0,0,0,"30001,4600",0,,1200047,,,0,1014,0,
1200248,0,mission_decs_1200248,0,战令等级48基础奖励任务-2期,4,14,0,0,0,0,"30001,4700",0,,1200048,,,0,1014,0,
1200249,0,mission_decs_1200249,0,战令等级49基础奖励任务-2期,4,14,0,0,0,0,"30001,4800",0,,1200049,,,0,1014,0,
1200250,0,mission_decs_1200250,0,战令等级50基础奖励任务-2期,4,14,0,0,0,0,"30001,4900",0,,1200050,,,0,1014,0,
1200251,0,mission_decs_1200251,0,战令等级51基础奖励任务-2期,4,14,0,0,0,0,"30001,5000",0,,1200051,,,0,1014,0,
1200252,0,mission_decs_1200252,0,战令等级52基础奖励任务-2期,4,14,0,0,0,0,"30001,5100",0,,1200052,,,0,1014,0,
1200253,0,mission_decs_1200253,0,战令等级53基础奖励任务-2期,4,14,0,0,0,0,"30001,5200",0,,1200053,,,0,1014,0,
1200254,0,mission_decs_1200254,0,战令等级54基础奖励任务-2期,4,14,0,0,0,0,"30001,5300",0,,1200054,,,0,1014,0,
1200255,0,mission_decs_1200255,0,战令等级55基础奖励任务-2期,4,14,0,0,0,0,"30001,5400",0,,1200055,,,0,1014,0,
1200256,0,mission_decs_1200256,0,战令等级56基础奖励任务-2期,4,14,0,0,0,0,"30001,5500",0,,1200056,,,0,1014,0,
1200257,0,mission_decs_1200257,0,战令等级57基础奖励任务-2期,4,14,0,0,0,0,"30001,5600",0,,1200057,,,0,1014,0,
1200258,0,mission_decs_1200258,0,战令等级58基础奖励任务-2期,4,14,0,0,0,0,"30001,5700",0,,1200058,,,0,1014,0,
1200259,0,mission_decs_1200259,0,战令等级59基础奖励任务-2期,4,14,0,0,0,0,"30001,5800",0,,1200059,,,0,1014,0,
1200260,0,mission_decs_1200260,0,战令等级60基础奖励任务-2期,4,14,0,0,0,0,"30001,5900",0,,1200060,,,0,1014,0,
1210201,0,mission_decs_1210201,0,战令等级1高级奖励任务-2期,4,14,0,0,0,0,"30001,0;30002,1",0,,1210001,,,0,1015,0,
1210202,0,mission_decs_1210202,0,战令等级2高级奖励任务-2期,4,14,0,0,0,0,"30001,100;30002,1",0,,1210002,,,0,1015,0,
1210203,0,mission_decs_1210203,0,战令等级3高级奖励任务-2期,4,14,0,0,0,0,"30001,200;30002,1",0,,1210003,,,0,1015,0,
1210204,0,mission_decs_1210204,0,战令等级4高级奖励任务-2期,4,14,0,0,0,0,"30001,300;30002,1",0,,1210004,,,0,1015,0,
1210205,0,mission_decs_1210205,0,战令等级5高级奖励任务-2期,4,14,0,0,0,0,"30001,400;30002,1",0,,1210005,,,0,1015,0,
1210206,0,mission_decs_1210206,0,战令等级6高级奖励任务-2期,4,14,0,0,0,0,"30001,500;30002,1",0,,1210006,,,0,1015,0,
1210207,0,mission_decs_1210207,0,战令等级7高级奖励任务-2期,4,14,0,0,0,0,"30001,600;30002,1",0,,1210007,,,0,1015,0,
1210208,0,mission_decs_1210208,0,战令等级8高级奖励任务-2期,4,14,0,0,0,0,"30001,700;30002,1",0,,1210008,,,0,1015,0,
1210209,0,mission_decs_1210209,0,战令等级9高级奖励任务-2期,4,14,0,0,0,0,"30001,800;30002,1",0,,1210009,,,0,1015,0,
1210210,0,mission_decs_1210210,0,战令等级10高级奖励任务-2期,4,14,0,0,0,0,"30001,900;30002,1",0,,1210010,,,0,1015,0,
1210211,0,mission_decs_1210211,0,战令等级11高级奖励任务-2期,4,14,0,0,0,0,"30001,1000;30002,1",0,,1210011,,,0,1015,0,
1210212,0,mission_decs_1210212,0,战令等级12高级奖励任务-2期,4,14,0,0,0,0,"30001,1100;30002,1",0,,1210012,,,0,1015,0,
1210213,0,mission_decs_1210213,0,战令等级13高级奖励任务-2期,4,14,0,0,0,0,"30001,1200;30002,1",0,,1210013,,,0,1015,0,
1210214,0,mission_decs_1210214,0,战令等级14高级奖励任务-2期,4,14,0,0,0,0,"30001,1300;30002,1",0,,1210014,,,0,1015,0,
1210215,0,mission_decs_1210215,0,战令等级15高级奖励任务-2期,4,14,0,0,0,0,"30001,1400;30002,1",0,,1210015,,,0,1015,0,
1210216,0,mission_decs_1210216,0,战令等级16高级奖励任务-2期,4,14,0,0,0,0,"30001,1500;30002,1",0,,1210016,,,0,1015,0,
1210217,0,mission_decs_1210217,0,战令等级17高级奖励任务-2期,4,14,0,0,0,0,"30001,1600;30002,1",0,,1210017,,,0,1015,0,
1210218,0,mission_decs_1210218,0,战令等级18高级奖励任务-2期,4,14,0,0,0,0,"30001,1700;30002,1",0,,1210018,,,0,1015,0,
1210219,0,mission_decs_1210219,0,战令等级19高级奖励任务-2期,4,14,0,0,0,0,"30001,1800;30002,1",0,,1210019,,,0,1015,0,
1210220,0,mission_decs_1210220,0,战令等级20高级奖励任务-2期,4,14,0,0,0,0,"30001,1900;30002,1",0,,1210020,,,0,1015,0,
1210221,0,mission_decs_1210221,0,战令等级21高级奖励任务-2期,4,14,0,0,0,0,"30001,2000;30002,1",0,,1210021,,,0,1015,0,
1210222,0,mission_decs_1210222,0,战令等级22高级奖励任务-2期,4,14,0,0,0,0,"30001,2100;30002,1",0,,1210022,,,0,1015,0,
1210223,0,mission_decs_1210223,0,战令等级23高级奖励任务-2期,4,14,0,0,0,0,"30001,2200;30002,1",0,,1210023,,,0,1015,0,
1210224,0,mission_decs_1210224,0,战令等级24高级奖励任务-2期,4,14,0,0,0,0,"30001,2300;30002,1",0,,1210024,,,0,1015,0,
1210225,0,mission_decs_1210225,0,战令等级25高级奖励任务-2期,4,14,0,0,0,0,"30001,2400;30002,1",0,,1210025,,,0,1015,0,
1210226,0,mission_decs_1210226,0,战令等级26高级奖励任务-2期,4,14,0,0,0,0,"30001,2500;30002,1",0,,1210026,,,0,1015,0,
1210227,0,mission_decs_1210227,0,战令等级27高级奖励任务-2期,4,14,0,0,0,0,"30001,2600;30002,1",0,,1210027,,,0,1015,0,
1210228,0,mission_decs_1210228,0,战令等级28高级奖励任务-2期,4,14,0,0,0,0,"30001,2700;30002,1",0,,1210028,,,0,1015,0,
1210229,0,mission_decs_1210229,0,战令等级29高级奖励任务-2期,4,14,0,0,0,0,"30001,2800;30002,1",0,,1210029,,,0,1015,0,
1210230,0,mission_decs_1210230,0,战令等级30高级奖励任务-2期,4,14,0,0,0,0,"30001,2900;30002,1",0,,1210030,,,0,1015,0,
1210231,0,mission_decs_1210231,0,战令等级31高级奖励任务-2期,4,14,0,0,0,0,"30001,3000;30002,1",0,,1210031,,,0,1015,0,
1210232,0,mission_decs_1210232,0,战令等级32高级奖励任务-2期,4,14,0,0,0,0,"30001,3100;30002,1",0,,1210032,,,0,1015,0,
1210233,0,mission_decs_1210233,0,战令等级33高级奖励任务-2期,4,14,0,0,0,0,"30001,3200;30002,1",0,,1210033,,,0,1015,0,
1210234,0,mission_decs_1210234,0,战令等级34高级奖励任务-2期,4,14,0,0,0,0,"30001,3300;30002,1",0,,1210034,,,0,1015,0,
1210235,0,mission_decs_1210235,0,战令等级35高级奖励任务-2期,4,14,0,0,0,0,"30001,3400;30002,1",0,,1210035,,,0,1015,0,
1210236,0,mission_decs_1210236,0,战令等级36高级奖励任务-2期,4,14,0,0,0,0,"30001,3500;30002,1",0,,1210036,,,0,1015,0,
1210237,0,mission_decs_1210237,0,战令等级37高级奖励任务-2期,4,14,0,0,0,0,"30001,3600;30002,1",0,,1210037,,,0,1015,0,
1210238,0,mission_decs_1210238,0,战令等级38高级奖励任务-2期,4,14,0,0,0,0,"30001,3700;30002,1",0,,1210038,,,0,1015,0,
1210239,0,mission_decs_1210239,0,战令等级39高级奖励任务-2期,4,14,0,0,0,0,"30001,3800;30002,1",0,,1210039,,,0,1015,0,
1210240,0,mission_decs_1210240,0,战令等级40高级奖励任务-2期,4,14,0,0,0,0,"30001,3900;30002,1",0,,1210040,,,0,1015,0,
1210241,0,mission_decs_1210241,0,战令等级41高级奖励任务-2期,4,14,0,0,0,0,"30001,4000;30002,1",0,,1210041,,,0,1015,0,
1210242,0,mission_decs_1210242,0,战令等级42高级奖励任务-2期,4,14,0,0,0,0,"30001,4100;30002,1",0,,1210042,,,0,1015,0,
1210243,0,mission_decs_1210243,0,战令等级43高级奖励任务-2期,4,14,0,0,0,0,"30001,4200;30002,1",0,,1210043,,,0,1015,0,
1210244,0,mission_decs_1210244,0,战令等级44高级奖励任务-2期,4,14,0,0,0,0,"30001,4300;30002,1",0,,1210044,,,0,1015,0,
1210245,0,mission_decs_1210245,0,战令等级45高级奖励任务-2期,4,14,0,0,0,0,"30001,4400;30002,1",0,,1210045,,,0,1015,0,
1210246,0,mission_decs_1210246,0,战令等级46高级奖励任务-2期,4,14,0,0,0,0,"30001,4500;30002,1",0,,1210046,,,0,1015,0,
1210247,0,mission_decs_1210247,0,战令等级47高级奖励任务-2期,4,14,0,0,0,0,"30001,4600;30002,1",0,,1210047,,,0,1015,0,
1210248,0,mission_decs_1210248,0,战令等级48高级奖励任务-2期,4,14,0,0,0,0,"30001,4700;30002,1",0,,1210048,,,0,1015,0,
1210249,0,mission_decs_1210249,0,战令等级49高级奖励任务-2期,4,14,0,0,0,0,"30001,4800;30002,1",0,,1210049,,,0,1015,0,
1210250,0,mission_decs_1210250,0,战令等级50高级奖励任务-2期,4,14,0,0,0,0,"30001,4900;30002,1",0,,1210050,,,0,1015,0,
1210251,0,mission_decs_1210251,0,战令等级51高级奖励任务-2期,4,14,0,0,0,0,"30001,5000;30002,1",0,,1210051,,,0,1015,0,
1210252,0,mission_decs_1210252,0,战令等级52高级奖励任务-2期,4,14,0,0,0,0,"30001,5100;30002,1",0,,1210052,,,0,1015,0,
1210253,0,mission_decs_1210253,0,战令等级53高级奖励任务-2期,4,14,0,0,0,0,"30001,5200;30002,1",0,,1210053,,,0,1015,0,
1210254,0,mission_decs_1210254,0,战令等级54高级奖励任务-2期,4,14,0,0,0,0,"30001,5300;30002,1",0,,1210054,,,0,1015,0,
1210255,0,mission_decs_1210255,0,战令等级55高级奖励任务-2期,4,14,0,0,0,0,"30001,5400;30002,1",0,,1210055,,,0,1015,0,
1210256,0,mission_decs_1210256,0,战令等级56高级奖励任务-2期,4,14,0,0,0,0,"30001,5500;30002,1",0,,1210056,,,0,1015,0,
1210257,0,mission_decs_1210257,0,战令等级57高级奖励任务-2期,4,14,0,0,0,0,"30001,5600;30002,1",0,,1210057,,,0,1015,0,
1210258,0,mission_decs_1210258,0,战令等级58高级奖励任务-2期,4,14,0,0,0,0,"30001,5700;30002,1",0,,1210058,,,0,1015,0,
1210259,0,mission_decs_1210259,0,战令等级59高级奖励任务-2期,4,14,0,0,0,0,"30001,5800;30002,1",0,,1210059,,,0,1015,0,
1210260,0,mission_decs_1210260,0,战令等级60高级奖励任务-2期,4,14,0,0,0,0,"30001,5900;30002,1",0,,1210060,,,0,1015,0,
1200301,0,mission_decs_1200301,0,战令等级1基础奖励任务-2期,4,14,0,0,0,0,"30001,0",0,,1200001,,,0,1016,0,
1200302,0,mission_decs_1200302,0,战令等级2基础奖励任务-2期,4,14,0,0,0,0,"30001,100",0,,1200002,,,0,1016,0,
1200303,0,mission_decs_1200303,0,战令等级3基础奖励任务-2期,4,14,0,0,0,0,"30001,200",0,,1200003,,,0,1016,0,
1200304,0,mission_decs_1200304,0,战令等级4基础奖励任务-2期,4,14,0,0,0,0,"30001,300",0,,1200004,,,0,1016,0,
1200305,0,mission_decs_1200305,0,战令等级5基础奖励任务-2期,4,14,0,0,0,0,"30001,400",0,,1200005,,,0,1016,0,
1200306,0,mission_decs_1200306,0,战令等级6基础奖励任务-2期,4,14,0,0,0,0,"30001,500",0,,1200006,,,0,1016,0,
1200307,0,mission_decs_1200307,0,战令等级7基础奖励任务-2期,4,14,0,0,0,0,"30001,600",0,,1200007,,,0,1016,0,
1200308,0,mission_decs_1200308,0,战令等级8基础奖励任务-2期,4,14,0,0,0,0,"30001,700",0,,1200008,,,0,1016,0,
1200309,0,mission_decs_1200309,0,战令等级9基础奖励任务-2期,4,14,0,0,0,0,"30001,800",0,,1200009,,,0,1016,0,
1200310,0,mission_decs_1200310,0,战令等级10基础奖励任务-2期,4,14,0,0,0,0,"30001,900",0,,1200010,,,0,1016,0,
1200311,0,mission_decs_1200311,0,战令等级11基础奖励任务-2期,4,14,0,0,0,0,"30001,1000",0,,1200011,,,0,1016,0,
1200312,0,mission_decs_1200312,0,战令等级12基础奖励任务-2期,4,14,0,0,0,0,"30001,1100",0,,1200012,,,0,1016,0,
1200313,0,mission_decs_1200313,0,战令等级13基础奖励任务-2期,4,14,0,0,0,0,"30001,1200",0,,1200013,,,0,1016,0,
1200314,0,mission_decs_1200314,0,战令等级14基础奖励任务-2期,4,14,0,0,0,0,"30001,1300",0,,1200014,,,0,1016,0,
1200315,0,mission_decs_1200315,0,战令等级15基础奖励任务-2期,4,14,0,0,0,0,"30001,1400",0,,1200015,,,0,1016,0,
1200316,0,mission_decs_1200316,0,战令等级16基础奖励任务-2期,4,14,0,0,0,0,"30001,1500",0,,1200016,,,0,1016,0,
1200317,0,mission_decs_1200317,0,战令等级17基础奖励任务-2期,4,14,0,0,0,0,"30001,1600",0,,1200017,,,0,1016,0,
1200318,0,mission_decs_1200318,0,战令等级18基础奖励任务-2期,4,14,0,0,0,0,"30001,1700",0,,1200018,,,0,1016,0,
1200319,0,mission_decs_1200319,0,战令等级19基础奖励任务-2期,4,14,0,0,0,0,"30001,1800",0,,1200019,,,0,1016,0,
1200320,0,mission_decs_1200320,0,战令等级20基础奖励任务-2期,4,14,0,0,0,0,"30001,1900",0,,1200020,,,0,1016,0,
1200321,0,mission_decs_1200321,0,战令等级21基础奖励任务-2期,4,14,0,0,0,0,"30001,2000",0,,1200021,,,0,1016,0,
1200322,0,mission_decs_1200322,0,战令等级22基础奖励任务-2期,4,14,0,0,0,0,"30001,2100",0,,1200022,,,0,1016,0,
1200323,0,mission_decs_1200323,0,战令等级23基础奖励任务-2期,4,14,0,0,0,0,"30001,2200",0,,1200023,,,0,1016,0,
1200324,0,mission_decs_1200324,0,战令等级24基础奖励任务-2期,4,14,0,0,0,0,"30001,2300",0,,1200024,,,0,1016,0,
1200325,0,mission_decs_1200325,0,战令等级25基础奖励任务-2期,4,14,0,0,0,0,"30001,2400",0,,1200025,,,0,1016,0,
1200326,0,mission_decs_1200326,0,战令等级26基础奖励任务-2期,4,14,0,0,0,0,"30001,2500",0,,1200026,,,0,1016,0,
1200327,0,mission_decs_1200327,0,战令等级27基础奖励任务-2期,4,14,0,0,0,0,"30001,2600",0,,1200027,,,0,1016,0,
1200328,0,mission_decs_1200328,0,战令等级28基础奖励任务-2期,4,14,0,0,0,0,"30001,2700",0,,1200028,,,0,1016,0,
1200329,0,mission_decs_1200329,0,战令等级29基础奖励任务-2期,4,14,0,0,0,0,"30001,2800",0,,1200029,,,0,1016,0,
1200330,0,mission_decs_1200330,0,战令等级30基础奖励任务-2期,4,14,0,0,0,0,"30001,2900",0,,1200030,,,0,1016,0,
1200331,0,mission_decs_1200331,0,战令等级31基础奖励任务-2期,4,14,0,0,0,0,"30001,3000",0,,1200031,,,0,1016,0,
1200332,0,mission_decs_1200332,0,战令等级32基础奖励任务-2期,4,14,0,0,0,0,"30001,3100",0,,1200032,,,0,1016,0,
1200333,0,mission_decs_1200333,0,战令等级33基础奖励任务-2期,4,14,0,0,0,0,"30001,3200",0,,1200033,,,0,1016,0,
1200334,0,mission_decs_1200334,0,战令等级34基础奖励任务-2期,4,14,0,0,0,0,"30001,3300",0,,1200034,,,0,1016,0,
1200335,0,mission_decs_1200335,0,战令等级35基础奖励任务-2期,4,14,0,0,0,0,"30001,3400",0,,1200035,,,0,1016,0,
1200336,0,mission_decs_1200336,0,战令等级36基础奖励任务-2期,4,14,0,0,0,0,"30001,3500",0,,1200036,,,0,1016,0,
1200337,0,mission_decs_1200337,0,战令等级37基础奖励任务-2期,4,14,0,0,0,0,"30001,3600",0,,1200037,,,0,1016,0,
1200338,0,mission_decs_1200338,0,战令等级38基础奖励任务-2期,4,14,0,0,0,0,"30001,3700",0,,1200038,,,0,1016,0,
1200339,0,mission_decs_1200339,0,战令等级39基础奖励任务-2期,4,14,0,0,0,0,"30001,3800",0,,1200039,,,0,1016,0,
1200340,0,mission_decs_1200340,0,战令等级40基础奖励任务-2期,4,14,0,0,0,0,"30001,3900",0,,1200040,,,0,1016,0,
1200341,0,mission_decs_1200341,0,战令等级41基础奖励任务-2期,4,14,0,0,0,0,"30001,4000",0,,1200041,,,0,1016,0,
1200342,0,mission_decs_1200342,0,战令等级42基础奖励任务-2期,4,14,0,0,0,0,"30001,4100",0,,1200042,,,0,1016,0,
1200343,0,mission_decs_1200343,0,战令等级43基础奖励任务-2期,4,14,0,0,0,0,"30001,4200",0,,1200043,,,0,1016,0,
1200344,0,mission_decs_1200344,0,战令等级44基础奖励任务-2期,4,14,0,0,0,0,"30001,4300",0,,1200044,,,0,1016,0,
1200345,0,mission_decs_1200345,0,战令等级45基础奖励任务-2期,4,14,0,0,0,0,"30001,4400",0,,1200045,,,0,1016,0,
1200346,0,mission_decs_1200346,0,战令等级46基础奖励任务-2期,4,14,0,0,0,0,"30001,4500",0,,1200046,,,0,1016,0,
1200347,0,mission_decs_1200347,0,战令等级47基础奖励任务-2期,4,14,0,0,0,0,"30001,4600",0,,1200047,,,0,1016,0,
1200348,0,mission_decs_1200348,0,战令等级48基础奖励任务-2期,4,14,0,0,0,0,"30001,4700",0,,1200048,,,0,1016,0,
1200349,0,mission_decs_1200349,0,战令等级49基础奖励任务-2期,4,14,0,0,0,0,"30001,4800",0,,1200049,,,0,1016,0,
1200350,0,mission_decs_1200350,0,战令等级50基础奖励任务-2期,4,14,0,0,0,0,"30001,4900",0,,1200050,,,0,1016,0,
1200351,0,mission_decs_1200351,0,战令等级51基础奖励任务-2期,4,14,0,0,0,0,"30001,5000",0,,1200051,,,0,1016,0,
1200352,0,mission_decs_1200352,0,战令等级52基础奖励任务-2期,4,14,0,0,0,0,"30001,5100",0,,1200052,,,0,1016,0,
1200353,0,mission_decs_1200353,0,战令等级53基础奖励任务-2期,4,14,0,0,0,0,"30001,5200",0,,1200053,,,0,1016,0,
1200354,0,mission_decs_1200354,0,战令等级54基础奖励任务-2期,4,14,0,0,0,0,"30001,5300",0,,1200054,,,0,1016,0,
1200355,0,mission_decs_1200355,0,战令等级55基础奖励任务-2期,4,14,0,0,0,0,"30001,5400",0,,1200055,,,0,1016,0,
1200356,0,mission_decs_1200356,0,战令等级56基础奖励任务-2期,4,14,0,0,0,0,"30001,5500",0,,1200056,,,0,1016,0,
1200357,0,mission_decs_1200357,0,战令等级57基础奖励任务-2期,4,14,0,0,0,0,"30001,5600",0,,1200057,,,0,1016,0,
1200358,0,mission_decs_1200358,0,战令等级58基础奖励任务-2期,4,14,0,0,0,0,"30001,5700",0,,1200058,,,0,1016,0,
1200359,0,mission_decs_1200359,0,战令等级59基础奖励任务-2期,4,14,0,0,0,0,"30001,5800",0,,1200059,,,0,1016,0,
1200360,0,mission_decs_1200360,0,战令等级60基础奖励任务-2期,4,14,0,0,0,0,"30001,5900",0,,1200060,,,0,1016,0,
1210301,0,mission_decs_1210301,0,战令等级1高级奖励任务-2期,4,14,0,0,0,0,"30001,0;30002,1",0,,1210001,,,0,1017,0,
1210302,0,mission_decs_1210302,0,战令等级2高级奖励任务-2期,4,14,0,0,0,0,"30001,100;30002,1",0,,1210002,,,0,1017,0,
1210303,0,mission_decs_1210303,0,战令等级3高级奖励任务-2期,4,14,0,0,0,0,"30001,200;30002,1",0,,1210003,,,0,1017,0,
1210304,0,mission_decs_1210304,0,战令等级4高级奖励任务-2期,4,14,0,0,0,0,"30001,300;30002,1",0,,1210004,,,0,1017,0,
1210305,0,mission_decs_1210305,0,战令等级5高级奖励任务-2期,4,14,0,0,0,0,"30001,400;30002,1",0,,1210005,,,0,1017,0,
1210306,0,mission_decs_1210306,0,战令等级6高级奖励任务-2期,4,14,0,0,0,0,"30001,500;30002,1",0,,1210006,,,0,1017,0,
1210307,0,mission_decs_1210307,0,战令等级7高级奖励任务-2期,4,14,0,0,0,0,"30001,600;30002,1",0,,1210007,,,0,1017,0,
1210308,0,mission_decs_1210308,0,战令等级8高级奖励任务-2期,4,14,0,0,0,0,"30001,700;30002,1",0,,1210008,,,0,1017,0,
1210309,0,mission_decs_1210309,0,战令等级9高级奖励任务-2期,4,14,0,0,0,0,"30001,800;30002,1",0,,1210009,,,0,1017,0,
1210310,0,mission_decs_1210310,0,战令等级10高级奖励任务-2期,4,14,0,0,0,0,"30001,900;30002,1",0,,1210010,,,0,1017,0,
1210311,0,mission_decs_1210311,0,战令等级11高级奖励任务-2期,4,14,0,0,0,0,"30001,1000;30002,1",0,,1210011,,,0,1017,0,
1210312,0,mission_decs_1210312,0,战令等级12高级奖励任务-2期,4,14,0,0,0,0,"30001,1100;30002,1",0,,1210012,,,0,1017,0,
1210313,0,mission_decs_1210313,0,战令等级13高级奖励任务-2期,4,14,0,0,0,0,"30001,1200;30002,1",0,,1210013,,,0,1017,0,
1210314,0,mission_decs_1210314,0,战令等级14高级奖励任务-2期,4,14,0,0,0,0,"30001,1300;30002,1",0,,1210014,,,0,1017,0,
1210315,0,mission_decs_1210315,0,战令等级15高级奖励任务-2期,4,14,0,0,0,0,"30001,1400;30002,1",0,,1210015,,,0,1017,0,
1210316,0,mission_decs_1210316,0,战令等级16高级奖励任务-2期,4,14,0,0,0,0,"30001,1500;30002,1",0,,1210016,,,0,1017,0,
1210317,0,mission_decs_1210317,0,战令等级17高级奖励任务-2期,4,14,0,0,0,0,"30001,1600;30002,1",0,,1210017,,,0,1017,0,
1210318,0,mission_decs_1210318,0,战令等级18高级奖励任务-2期,4,14,0,0,0,0,"30001,1700;30002,1",0,,1210018,,,0,1017,0,
1210319,0,mission_decs_1210319,0,战令等级19高级奖励任务-2期,4,14,0,0,0,0,"30001,1800;30002,1",0,,1210019,,,0,1017,0,
1210320,0,mission_decs_1210320,0,战令等级20高级奖励任务-2期,4,14,0,0,0,0,"30001,1900;30002,1",0,,1210020,,,0,1017,0,
1210321,0,mission_decs_1210321,0,战令等级21高级奖励任务-2期,4,14,0,0,0,0,"30001,2000;30002,1",0,,1210021,,,0,1017,0,
1210322,0,mission_decs_1210322,0,战令等级22高级奖励任务-2期,4,14,0,0,0,0,"30001,2100;30002,1",0,,1210022,,,0,1017,0,
1210323,0,mission_decs_1210323,0,战令等级23高级奖励任务-2期,4,14,0,0,0,0,"30001,2200;30002,1",0,,1210023,,,0,1017,0,
1210324,0,mission_decs_1210324,0,战令等级24高级奖励任务-2期,4,14,0,0,0,0,"30001,2300;30002,1",0,,1210024,,,0,1017,0,
1210325,0,mission_decs_1210325,0,战令等级25高级奖励任务-2期,4,14,0,0,0,0,"30001,2400;30002,1",0,,1210025,,,0,1017,0,
1210326,0,mission_decs_1210326,0,战令等级26高级奖励任务-2期,4,14,0,0,0,0,"30001,2500;30002,1",0,,1210026,,,0,1017,0,
1210327,0,mission_decs_1210327,0,战令等级27高级奖励任务-2期,4,14,0,0,0,0,"30001,2600;30002,1",0,,1210027,,,0,1017,0,
1210328,0,mission_decs_1210328,0,战令等级28高级奖励任务-2期,4,14,0,0,0,0,"30001,2700;30002,1",0,,1210028,,,0,1017,0,
1210329,0,mission_decs_1210329,0,战令等级29高级奖励任务-2期,4,14,0,0,0,0,"30001,2800;30002,1",0,,1210029,,,0,1017,0,
1210330,0,mission_decs_1210330,0,战令等级30高级奖励任务-2期,4,14,0,0,0,0,"30001,2900;30002,1",0,,1210030,,,0,1017,0,
1210331,0,mission_decs_1210331,0,战令等级31高级奖励任务-2期,4,14,0,0,0,0,"30001,3000;30002,1",0,,1210031,,,0,1017,0,
1210332,0,mission_decs_1210332,0,战令等级32高级奖励任务-2期,4,14,0,0,0,0,"30001,3100;30002,1",0,,1210032,,,0,1017,0,
1210333,0,mission_decs_1210333,0,战令等级33高级奖励任务-2期,4,14,0,0,0,0,"30001,3200;30002,1",0,,1210033,,,0,1017,0,
1210334,0,mission_decs_1210334,0,战令等级34高级奖励任务-2期,4,14,0,0,0,0,"30001,3300;30002,1",0,,1210034,,,0,1017,0,
1210335,0,mission_decs_1210335,0,战令等级35高级奖励任务-2期,4,14,0,0,0,0,"30001,3400;30002,1",0,,1210035,,,0,1017,0,
1210336,0,mission_decs_1210336,0,战令等级36高级奖励任务-2期,4,14,0,0,0,0,"30001,3500;30002,1",0,,1210036,,,0,1017,0,
1210337,0,mission_decs_1210337,0,战令等级37高级奖励任务-2期,4,14,0,0,0,0,"30001,3600;30002,1",0,,1210037,,,0,1017,0,
1210338,0,mission_decs_1210338,0,战令等级38高级奖励任务-2期,4,14,0,0,0,0,"30001,3700;30002,1",0,,1210038,,,0,1017,0,
1210339,0,mission_decs_1210339,0,战令等级39高级奖励任务-2期,4,14,0,0,0,0,"30001,3800;30002,1",0,,1210039,,,0,1017,0,
1210340,0,mission_decs_1210340,0,战令等级40高级奖励任务-2期,4,14,0,0,0,0,"30001,3900;30002,1",0,,1210040,,,0,1017,0,
1210341,0,mission_decs_1210341,0,战令等级41高级奖励任务-2期,4,14,0,0,0,0,"30001,4000;30002,1",0,,1210041,,,0,1017,0,
1210342,0,mission_decs_1210342,0,战令等级42高级奖励任务-2期,4,14,0,0,0,0,"30001,4100;30002,1",0,,1210042,,,0,1017,0,
1210343,0,mission_decs_1210343,0,战令等级43高级奖励任务-2期,4,14,0,0,0,0,"30001,4200;30002,1",0,,1210043,,,0,1017,0,
1210344,0,mission_decs_1210344,0,战令等级44高级奖励任务-2期,4,14,0,0,0,0,"30001,4300;30002,1",0,,1210044,,,0,1017,0,
1210345,0,mission_decs_1210345,0,战令等级45高级奖励任务-2期,4,14,0,0,0,0,"30001,4400;30002,1",0,,1210045,,,0,1017,0,
1210346,0,mission_decs_1210346,0,战令等级46高级奖励任务-2期,4,14,0,0,0,0,"30001,4500;30002,1",0,,1210046,,,0,1017,0,
1210347,0,mission_decs_1210347,0,战令等级47高级奖励任务-2期,4,14,0,0,0,0,"30001,4600;30002,1",0,,1210047,,,0,1017,0,
1210348,0,mission_decs_1210348,0,战令等级48高级奖励任务-2期,4,14,0,0,0,0,"30001,4700;30002,1",0,,1210048,,,0,1017,0,
1210349,0,mission_decs_1210349,0,战令等级49高级奖励任务-2期,4,14,0,0,0,0,"30001,4800;30002,1",0,,1210049,,,0,1017,0,
1210350,0,mission_decs_1210350,0,战令等级50高级奖励任务-2期,4,14,0,0,0,0,"30001,4900;30002,1",0,,1210050,,,0,1017,0,
1210351,0,mission_decs_1210351,0,战令等级51高级奖励任务-2期,4,14,0,0,0,0,"30001,5000;30002,1",0,,1210051,,,0,1017,0,
1210352,0,mission_decs_1210352,0,战令等级52高级奖励任务-2期,4,14,0,0,0,0,"30001,5100;30002,1",0,,1210052,,,0,1017,0,
1210353,0,mission_decs_1210353,0,战令等级53高级奖励任务-2期,4,14,0,0,0,0,"30001,5200;30002,1",0,,1210053,,,0,1017,0,
1210354,0,mission_decs_1210354,0,战令等级54高级奖励任务-2期,4,14,0,0,0,0,"30001,5300;30002,1",0,,1210054,,,0,1017,0,
1210355,0,mission_decs_1210355,0,战令等级55高级奖励任务-2期,4,14,0,0,0,0,"30001,5400;30002,1",0,,1210055,,,0,1017,0,
1210356,0,mission_decs_1210356,0,战令等级56高级奖励任务-2期,4,14,0,0,0,0,"30001,5500;30002,1",0,,1210056,,,0,1017,0,
1210357,0,mission_decs_1210357,0,战令等级57高级奖励任务-2期,4,14,0,0,0,0,"30001,5600;30002,1",0,,1210057,,,0,1017,0,
1210358,0,mission_decs_1210358,0,战令等级58高级奖励任务-2期,4,14,0,0,0,0,"30001,5700;30002,1",0,,1210058,,,0,1017,0,
1210359,0,mission_decs_1210359,0,战令等级59高级奖励任务-2期,4,14,0,0,0,0,"30001,5800;30002,1",0,,1210059,,,0,1017,0,
1210360,0,mission_decs_1210360,0,战令等级60高级奖励任务-2期,4,14,0,0,0,0,"30001,5900;30002,1",0,,1210060,,,0,1017,0,
900049,0,mission_decs_900049,0,累计消耗100点体力,4,7,0,0,0,0,"15013,100",0,,900049,,,0,9003,1,
900050,0,mission_decs_900050,0,累计消耗600点体力,4,7,0,0,0,0,"15013,600",0,,900050,,,0,9003,1,
900051,0,mission_decs_900051,0,累计消耗3000点体力,4,7,0,0,0,0,"15013,3000",0,,900051,,,0,9003,1,
900052,0,mission_decs_900052,0,累计消耗7000点体力,4,7,0,0,0,0,"15013,7000",0,,900052,,,0,9003,1,
900053,0,mission_decs_900053,0,累计消耗16000点体力,4,7,0,0,0,0,"15013,16000",0,,900053,,,0,9003,2,
900054,0,mission_decs_900054,0,累计消耗60000点体力,4,7,0,0,0,0,"15013,60000",0,,900054,,,0,9003,3,
900055,0,mission_decs_900055,0,累计击败20个敌人,4,7,0,0,0,0,"1000,20",0,,900055,,,0,9003,1,
900056,0,mission_decs_900056,0,累计击败100个敌人,4,7,0,0,0,0,"1000,100",0,,900056,,,0,9003,1,
900057,0,mission_decs_900057,0,累计击败1000个敌人,4,7,0,0,0,0,"1000,1000",0,,900057,,,0,9003,1,
900058,0,mission_decs_900058,0,累计击败3000个敌人,4,7,0,0,0,0,"1000,3000",0,,900058,,,0,9003,1,
900059,0,mission_decs_900059,0,累计击败5000个敌人,4,7,0,0,0,0,"1000,5000",0,,900059,,,0,9003,2,
900060,0,mission_decs_900060,0,累计击败10000个敌人,4,7,0,0,0,0,"1000,10000",0,,900060,,,0,9003,3,
900061,0,mission_decs_900061,0,1个星痕达到最终突破,4,7,0,0,0,0,"20028,1",0,,900061,,,0,9004,1,
900062,0,mission_decs_900062,0,2个星痕达到最终突破,4,7,0,0,0,0,"20028,2",0,,900062,,,0,9004,1,
900063,0,mission_decs_900063,0,4个星痕达到最终突破,4,7,0,0,0,0,"20028,4",0,,900063,,,0,9004,1,
900064,0,mission_decs_900064,0,6个星痕达到最终突破,4,7,0,0,0,0,"20028,6",0,,900064,,,0,9004,1,
900065,0,mission_decs_900065,0,9个星痕达到最终突破,4,7,0,0,0,0,"20028,9",0,,900065,,,0,9004,2,
900066,0,mission_decs_900066,0,签到中的总里程达到100m,4,7,0,0,0,0,"13001,100",0,,900066,,,0,9001,1,
900067,0,mission_decs_900067,0,签到中的总里程达到500m,4,7,0,0,0,0,"13001,500",0,,900067,,,0,9001,1,
900068,0,mission_decs_900068,0,签到中的总里程达到1000m,4,7,0,0,0,0,"13001,1000",0,,900068,,,0,9001,1,
900069,0,mission_decs_900069,0,签到中的总里程达到5000m,4,7,0,0,0,0,"13001,5000",0,,900069,,,0,9001,1,
900070,0,mission_decs_900070,0,签到中的总里程达到10000m,4,7,0,0,0,0,"13001,10000",0,,900070,,,0,9001,2,
900071,0,mission_decs_900071,0,累计登录天数达到2天,4,7,0,0,0,0,"106,2",0,,900071,,,0,9001,1,
900072,0,mission_decs_900072,0,累计登录天数达到7天,4,7,0,0,0,0,"106,7",0,,900072,,,0,9001,1,
900073,0,mission_decs_900073,0,累计登录天数达到30天,4,7,0,0,0,0,"106,30",0,,900073,,,0,9001,1,
900074,0,mission_decs_900074,0,累计登录天数达到60天,4,7,0,0,0,0,"106,60",0,,900074,,,0,9001,2,
900075,0,mission_decs_900075,0,累计登录天数达到90天,4,7,0,0,0,0,"106,90",0,,900075,,,0,9001,3,
900076,0,mission_decs_900076,0,战斗失败5次,4,7,0,0,0,0,"1023,5",0,,900076,,,0,9004,1,
900077,0,mission_decs_900077,0,战斗失败10次,4,7,0,0,0,0,"1023,10",0,,900077,,,0,9004,1,
900078,0,mission_decs_900078,0,战斗失败20次,4,7,0,0,0,0,"1023,20",0,,900078,,,0,9004,1,
900079,0,mission_decs_900079,0,1个魔女达到80级,4,7,0,0,0,0,"15040,1",0,,900079,,,0,9004,1,
900080,0,mission_decs_900080,0,3个魔女达到80级,4,7,0,0,0,0,"15040,3",0,,900080,,,0,9004,1,
900081,0,mission_decs_900081,0,5个魔女达到80级,4,7,0,0,0,0,"15040,5",0,,900081,,,0,9004,1,
900082,0,mission_decs_900082,0,累计获得15个不重复的星痕,4,7,0,0,0,0,"1013,15",0,,900082,,,0,9004,1,
900083,0,mission_decs_900083,0,累计获得35个不重复的星痕,4,7,0,0,0,0,"1013,35",0,,900083,,,0,9004,1,
900084,0,mission_decs_900084,0,累计获得55个不重复的星痕,4,7,0,0,0,0,"1013,55",0,,900084,,,0,9004,1,
900085,0,mission_decs_900085,0,通关〔本勒搜集〕全部关卡,4,7,0,0,0,0,"301070,1",0,,900085,,,0,9003,1,
900086,0,mission_decs_900086,0,通关〔经验获取〕全部关卡,4,7,0,0,0,0,"302070,1",0,,900086,,,0,9003,1,
900087,0,mission_decs_900087,0,通关〔技能材料〕全部关卡,4,7,0,0,0,0,"303070,1",0,,900087,,,0,9003,1,
900088,0,mission_decs_900088,0,完成主线第一章全部普通难度关卡,4,7,0,0,0,0,"101270,1",0,,900088,,,0,9002,1,
900089,0,mission_decs_900089,0,完成主线第一章全部困难难度关卡,4,7,0,0,0,0,"501200,1",0,,900089,,,0,9002,1,
900090,0,mission_decs_900090,0,完成主线第二章全部普通难度关卡,4,7,0,0,0,0,"102280,1",0,,900090,,,0,9002,1,
900091,0,mission_decs_900091,0,完成主线第二章全部困难难度关卡,4,7,0,0,0,0,"502200,1",0,,900091,,,0,9002,1,
900092,0,mission_decs_900092,0,完成主线第三章全部普通难度关卡,4,7,0,0,0,0,"103200,1",0,,900092,,,0,9002,1,
900093,0,mission_decs_900093,0,完成主线第三章全部困难难度关卡,4,7,0,0,0,0,"503200,1",0,,900093,,,0,9002,1,
900094,0,mission_decs_900094,0,完成主线第四章全部普通难度关卡,4,7,0,0,0,0,"104240,1",0,,900094,,,0,9002,2,
900095,0,mission_decs_900095,0,完成主线第四章全部困难难度关卡,4,7,0,0,0,0,"504200,1",0,,900095,,,0,9002,2,
900096,0,mission_decs_900096,0,完成主线第五章全部普通难度关卡,4,7,0,0,0,0,"105330,1",0,,900096,,,0,9002,2,
900097,0,mission_decs_900097,0,完成主线第五章全部困难难度关卡,4,7,0,0,0,0,"505200,1",0,,900097,,,0,9002,2,
900100,0,mission_decs_900100,0,将1个星痕的等级和技能等级强化至最高,4,7,0,0,0,0,"20030,1",0,,900100,,,0,9004,1,
900101,0,mission_decs_900101,0,在一局战斗中，己方累计承受伤害超过10W,4,7,0,0,0,0,"1006,100000",0,,900101,,,0,9003,1,
900102,0,mission_decs_900102,0,在一局战斗中，己方累计恢复血量10W,4,7,0,0,0,0,"1005,100000",0,,900102,,,0,9003,1,
900103,0,mission_decs_900103,0,在一局战斗中，己方累计造成伤害量超过100W,4,7,0,0,0,0,"1003,1000000",0,,900103,,,0,9003,1,
900104,0,mission_decs_900104,0,首次拥有50W本勒,4,7,0,0,0,0,"15012,500000",0,,900104,,,0,9005,1,
900105,0,mission_decs_900105,0,一天内消耗20W本勒,4,7,0,0,0,0,"15043,200000",0,,900105,,,0,9005,1,
900106,0,mission_decs_900106,0,获得魔女律,4,7,0,0,0,0,"15062,1",0,,900106,,,0,9005,3,
900107,0,mission_decs_900107,0,获得魔女克萝萝,4,7,0,0,0,0,"15035,1",0,,900107,,,0,9005,3,
900108,0,mission_decs_900108,0,获得魔女黑神月咏,4,7,0,0,0,0,"15036,1",0,,900108,,,0,9005,3,
900109,0,mission_decs_900109,0,获得魔女安洁,4,7,0,0,0,0,"15037,1",0,,900109,,,0,9005,3,
900110,0,mission_decs_900110,0,获得魔女米娅,4,7,0,0,0,0,"15038,1",0,,900110,,,0,9005,3,
900116,0,mission_decs_900116,0,完成10个每日任务,4,7,0,0,0,0,"15016,10",0,,900116,,,0,9002,1,
900117,0,mission_decs_900117,0,完成50个每日任务,4,7,0,0,0,0,"15016,50",0,,900117,,,0,9002,1,
900118,0,mission_decs_900118,0,完成100个每日任务,4,7,0,0,0,0,"15016,100",0,,900118,,,0,9002,1,
900119,0,mission_decs_900119,0,完成200个每日任务,4,7,0,0,0,0,"15016,200",0,,900119,,,0,9002,1,
900120,0,mission_decs_900120,0,完成500个每日任务,4,7,0,0,0,0,"15016,500",0,,900120,,,0,9002,1,
900121,0,mission_decs_900121,0,完成1000个每日任务,4,7,0,0,0,0,"15016,1000",0,,900121,,,0,9002,1,
900122,0,mission_decs_900122,0,完成10个每周任务,4,7,0,0,0,0,"15017,10",0,,900122,,,0,9002,1,
900123,0,mission_decs_900123,0,完成50个每周任务,4,7,0,0,0,0,"15017,50",0,,900123,,,0,9002,1,
900124,0,mission_decs_900124,0,完成100个每周任务,4,7,0,0,0,0,"15017,100",0,,900124,,,0,9002,2,
900125,0,mission_decs_900125,0,完成200个每周任务,4,7,0,0,0,0,"15017,200",0,,900125,,,0,9002,2,
900126,0,mission_decs_900126,0,完成500个每周任务,4,7,0,0,0,0,"15017,500",0,,900126,,,0,9002,3,
900127,0,mission_decs_900127,0,完成1000个每周任务,4,7,0,0,0,0,"15017,1000",0,,900127,,,0,9002,3,
900128,0,mission_decs_900128,0,完成第1章主线任务,4,7,0,0,0,0,"15063,1",0,,900128,,,0,9002,2,
900129,0,mission_decs_900129,0,完成第2章主线任务,4,7,0,0,0,0,"15063,2",0,,900129,,,0,9002,2,
900130,0,mission_decs_900130,0,完成第3章主线任务,4,7,0,0,0,0,"15063,3",0,,900130,,,0,9002,2,
900131,0,mission_decs_900131,0,完成第4章主线任务,4,7,0,0,0,0,"15063,4",0,,900131,,,0,9002,2,
900132,0,mission_decs_900132,0,完成第5章主线任务,4,7,0,0,0,0,"15063,5",0,,900132,,,0,9002,3,
900134,0,mission_decs_900134,0,收集10首音乐,4,7,0,0,0,0,"15046,10",0,,900134,,,0,9005,1,
900135,0,mission_decs_900135,0,收集20首音乐,4,7,0,0,0,0,"15046,20",0,,900135,,,0,9005,1,
900136,0,mission_decs_900136,0,收集40首音乐,4,7,0,0,0,0,"15046,40",0,,900136,,,0,9005,1,
900137,0,mission_decs_900137,0,第一次将每周任务与每日任务全部完成,4,7,0,0,0,0,"15048,1",0,,900137,,,0,9002,1,
900138,0,mission_decs_900138,0,将1个5星星痕觉醒升至满级,4,7,0,0,0,0,"15044,1",0,,900138,,,0,9004,3,
900139,0,mission_decs_900139,0,完成一次星痕记忆,4,7,0,0,0,0,"15047,1",0,,900139,,,0,9005,1,
900140,0,mission_decs_900140,0,进行10次星痕记忆,4,7,0,0,0,0,"15047,10",0,,900140,,,0,9005,2,
900141,0,mission_decs_900141,0,魔女第一次装扮4件饰品,4,7,0,0,0,0,"1071,4",0,,900141,,,0,9005,1,
900142,0,mission_decs_900142,0,获得一个满觉醒的饰品,4,7,0,0,0,0,"20031,1",0,,900142,,,0,9005,2,
900143,0,mission_decs_900143,0,1个星痕好感度达到满级,4,7,0,0,0,0,"15049,1",0,,900143,,,0,9004,1,
900144,0,mission_decs_900144,0,3个星痕好感度达到满级,4,7,0,0,0,0,"15049,3",0,,900144,,,0,9004,2,
900145,0,mission_decs_900145,0,7个星痕好感度达到满级,4,7,0,0,0,0,"15049,7",0,,900145,,,0,9004,2,
900146,0,mission_decs_900146,0,11个星痕好感度达到满级,4,7,0,0,0,0,"15049,11",0,,900146,,,0,9004,3,
900147,0,mission_decs_900147,0,15个星痕好感度达到满级,4,7,0,0,0,0,"15049,15",0,,900147,,,0,9004,3,
900148,0,mission_decs_900148,0,20个星痕好感度达到满级,4,7,0,0,0,0,"15049,20",0,,900148,,,0,9004,3,
900149,0,mission_decs_900149,0,心契一个星痕,4,7,0,0,0,0,"15087,1",0,,900149,,,0,9004,3,
900150,0,mission_decs_900150,0,星痕的心契等级达到15,4,7,0,0,0,0,"15088,1",0,,900150,,,0,9004,3,
900151,0,mission_decs_900151,0,需要购买吉拉蒂亚〔乱室佳人〕 解锁获取,4,7,0,0,0,0,"20069,1",0,,900151,,,0,9005,3,
900152,0,mission_decs_900152,0,需要购买耶坦尼娅〔希楠之泪〕 解锁获取,4,7,0,0,0,0,"20070,1",0,,900152,,,0,9005,3,
900153,0,mission_decs_900153,0,需要购买神光〔天光恋火〕 解锁获取,4,7,0,0,0,0,"18451,1",0,,900153,,,0,9005,3,
900154,0,mission_decs_900154,0,通关-认证2,4,7,0,0,0,0,"12001120,1",0,,900154,,,0,9002,1,
900155,0,mission_decs_900155,0,通关-认证2-进阶,4,7,0,0,0,0,"12002120,1",0,,900155,,,0,9002,2,
900156,0,mission_decs_900156,0,通关-这样也行啦,4,7,0,0,0,0,"12003050,1",0,,900156,,,0,9002,3,
99901,0,0,0,成长基金1级,4,8,0,0,0,0,"999999,1;999998,1",0,,99901,,,0,99999,0,
99902,0,0,0,成长基金5级,4,8,0,0,0,0,"999999,5;999998,1",0,,99902,,,0,99999,0,
99903,0,0,0,成长基金10级,4,8,0,0,0,0,"999999,10;999998,1",0,,99903,,,0,99999,0,
99904,0,0,0,成长基金15级,4,8,0,0,0,0,"999999,15;999998,1",0,,99904,,,0,99999,0,
99905,0,0,0,成长基金20级,4,8,0,0,0,0,"999999,20;999998,1",0,,99905,,,0,99999,0,
99906,0,0,0,成长基金25级,4,8,0,0,0,0,"999999,25;999998,1",0,,99906,,,0,99999,0,
99907,0,0,0,成长基金30级,4,8,0,0,0,0,"999999,30;999998,1",0,,99907,,,0,99999,0,
99908,0,0,0,成长基金35级,4,8,0,0,0,0,"999999,35;999998,1",0,,99908,,,0,99999,0,
99909,0,0,0,成长基金40级,4,8,0,0,0,0,"999999,40;999998,1",0,,99909,,,0,99999,0,
99910,0,0,0,成长基金45级,4,8,0,0,0,0,"999999,45;999998,1",0,,99910,,,0,99999,0,
99911,0,0,0,成长基金50级,4,8,0,0,0,0,"999999,50;999998,1",0,,99911,,,0,99999,0,
99912,0,0,0,成长基金55级,4,8,0,0,0,0,"999999,55;999998,1",0,,99912,,,0,99999,0,
99913,0,0,0,成长基金60级,4,8,0,0,0,0,"999999,60;999998,1",0,,99913,,,0,99999,0,
1001,,mission_decs_1001,0,充值任意金额,4,10,0,1101,0,0,"1052,0",0,,1001,,,0,3001,0,
1002,,mission_decs_1002,0,1day,4,10,0,0,0,0,"1052,1",0,,1002,,,0,3001,0,
1003,,mission_decs_1003,0,2day,4,10,0,0,0,0,"1052,2",0,,1003,,,0,3001,0,
1004,,mission_decs_1004,0,3day,4,10,0,0,0,0,"1052,3",0,,1004,,,0,3001,0,
1005,,mission_decs_1005,0,4day,4,10,0,0,0,0,"1052,4",0,,1005,,,0,3001,0,
1006,,mission_decs_1006,0,累计登录1天,4,14,0,0,0,0,"20002,1",0,,1006,,,0,3002,0,
1007,,mission_decs_1007,0,累计登录2天,4,14,0,0,0,0,"20002,2",0,,1007,,,0,3002,0,
1008,,mission_decs_1008,0,累计登录3天,4,14,0,0,0,0,"20002,3",0,,1008,,,0,3002,0,
1009,,mission_decs_1009,0,累计登录4天,4,14,0,0,0,0,"20002,4",0,,1009,,,0,3002,0,
1010,,mission_decs_1010,0,累计登录5天,4,14,0,0,0,0,"20002,5",0,,1010,,,0,3002,0,
1011,,mission_decs_1011,0,累计登录6天,4,14,0,0,0,0,"20002,6",0,,1011,,,0,3002,0,
1012,,mission_decs_1012,0,累计登录7天,4,14,0,0,0,0,"20002,7",0,,1012,,,0,3002,0,
1013,,mission_decs_1013,0,玩家等级达到1级,4,14,0,0,0,0,"104,1",0,,1013,,,0,3003,0,
1014,,mission_decs_1014,0,玩家等级达到5级,4,14,0,0,0,0,"104,5",0,,1014,,,0,3003,0,
1015,,mission_decs_1015,0,玩家等级达到10级,4,14,0,0,0,0,"104,10",0,,1015,,,0,3003,0,
1016,,mission_decs_1016,0,玩家等级达到15级,4,14,0,0,0,0,"104,15",0,,1016,,,0,3003,0,
1017,,mission_decs_1017,0,玩家等级达到20级,4,14,0,0,0,0,"104,20",0,,1017,,,0,3003,0,
1018,,mission_decs_1018,0,玩家等级达到25级,4,14,0,0,0,0,"104,25",0,,1018,,,0,3003,0,
1019,,mission_decs_1019,0,玩家等级达到30级,4,14,0,0,0,0,"104,30",0,,1019,,,0,3003,0,
1020,,mission_decs_1020,0,玩家等级达到35级,4,14,0,0,0,0,"104,35",0,,1020,,,0,3003,0,
1021,,mission_decs_1021,0,玩家等级达到40级,4,14,0,0,0,0,"104,40",0,,1021,,,0,3003,0,
1022,,mission_decs_1022,0,玩家等级达到45级,4,14,0,0,0,0,"104,45",0,,1022,,,0,3003,0,
1023,,mission_decs_1023,0,玩家等级达到50级,4,14,0,0,0,0,"104,50",0,,1023,,,0,3003,0,
1024,,mission_decs_1024,0,玩家等级达到55级,4,14,0,0,0,0,"104,55",0,,1024,,,0,3003,0,
1025,,mission_decs_1025,0,玩家等级达到60级,4,14,0,0,0,0,"104,60",0,,1025,,,0,3003,0,
1026,,mission_decs_1026,0,使用1次骰子,4,14,0,10020,0,0,"11300,1",0,,1026,,,0,3004,0,
1027,,mission_decs_1027,0,进行1次召唤,4,14,0,10016,0,0,"1080,1",0,,1027,,,0,3004,0,
1028,,mission_decs_1028,0,进行1次星痕升级,4,14,0,10013,0,0,"20009,1",0,,1028,,,0,3004,0,
1029,,mission_decs_1029,0,进行1次魔女升级,4,14,0,10014,0,0,"20008,1",0,,1029,,,0,3004,0,
1030,,mission_decs_1030,0,领取1次玩家等级奖励,4,14,0,0,0,0,"20003,1",0,,1030,,,0,3004,0,
1031,mission_threestar_1031,mission_decs_1031,0,完成当前阶段所有任务,4,14,0,0,0,0,"20004,1",0,,1031,,,0,3005,0,
1032,,mission_decs_1032,0,领取1次每日任务奖励,4,14,0,10019,0,0,"15016,1;20004,1",0,,1032,,,1031,3006,0,
1033,,mission_decs_1033,0,完成1次宝库之门,4,14,0,10018,0,0,"20010,1;20004,1",0,,1033,,,1031,3006,0,
1034,,mission_decs_1034,0,升级1次星痕技能,4,14,0,10013,0,0,"20027,1;20004,1",0,,1034,,,1031,3006,0,
1035,,mission_decs_1035,0,获得1个勋章,4,14,0,10015,0,0,"20011,1;20004,1",0,,1035,,,1031,3006,0,
1036,,mission_decs_1036,0,击败10名敌人,4,14,0,10018,0,0,"1000,10;20004,1",0,,1036,,,1031,3006,0,
1037,mission_threestar_1037,mission_decs_1037,0,完成当前阶段所有任务,4,14,0,0,0,0,"20005,1",0,,1037,,,0,3007,0,
1038,,mission_decs_1038,0,拥有1个10级的魔女,4,14,0,10014,0,0,"15024,1;20005,1",0,,1038,,,1037,3008,0,
1039,,mission_decs_1039,0,进行1次星痕突破,4,14,0,10013,0,0,"15029,1;20005,1",0,,1039,,,1037,3008,0,
1040,,mission_decs_1040,0,赠送1次星痕好感度礼物,4,14,0,10013,0,0,"15030,1;20005,1",0,,1040,,,1037,3008,0,
1041,,mission_decs_1041,0,累计消耗100星痕力,4,14,0,10018,0,0,"15013,100;20005,1",0,,1041,,,1037,3008,0,
1042,,mission_decs_1042,0,通关主线1-14,4,14,0,10018,0,0,"101210,1;20005,1",0,,1042,,,1037,3008,0,
1043,mission_threestar_1043,mission_decs_1043,0,完成当前阶段所有任务,4,14,0,0,0,0,"20006,1",0,,1043,,,0,3009,0,
1044,,mission_decs_1044,0,拥有1个10级的星痕,4,14,0,10013,0,0,"15027,1;20022,1",0,,1044,,,1043,3010,0,
1045,,mission_decs_1045,0,通关宝库之门-本勒收集3,4,14,0,10002,0,0,"301030,1;20022,1",0,,1045,,,1043,3010,0,
1046,,mission_decs_1046,0,通关宝库之门-技能材料3,4,14,0,10004,0,0,"303030,1;20022,1",0,,1046,,,1043,3010,0,
1047,,mission_decs_1047,0,累计消耗星魂力300点,4,14,0,10018,0,0,"15013,300;20022,1",0,,1047,,,1043,3010,0,
1048,,mission_decs_1048,0,完成主线第一章全部普通难度关卡,4,14,0,10018,0,0,"101270,1;20022,1",0,,1048,,,1043,3010,0,
1049,mission_threestar_1049,mission_decs_1049,0,完成当前阶段所有任务-阶段1,4,14,0,0,0,0,"20014,5",0,,1049,,,0,3011,0,
1050,,mission_decs_1050,0,累计登录2天,4,14,0,0,0,0,"20013,2;20014,5",0,,1050,,,1049,3012,0,
1051,,mission_decs_1051,0,通关宝库之门-经验获取3,4,14,0,10003,0,0,"302030,1;20014,5",0,,1051,,,1049,3012,0,
1052,,mission_decs_1052,0,累计进行50次召唤,4,14,0,10016,0,0,"1080,50;20014,5",0,,1052,,,1049,3012,0,
1053,,mission_decs_1053,0,累计消耗10000本勒,4,14,0,0,0,0,"15010,10000;20014,5",0,,1053,,,1049,3012,0,
1054,,mission_decs_1054,0,完成主线第二章全部普通难度关卡,4,14,0,10018,0,0,"102280,1;20014,5",0,,1054,,,1049,3012,0,
1055,mission_threestar_1055,mission_decs_1055,0,完成当前阶段所有任务-阶段2,4,14,0,0,0,0,"20015,5",0,,1055,,,0,3013,0,
1056,,mission_decs_1056,0,累计升级魔女等级50次,4,14,0,10014,0,0,"20008,50;20015,5",0,,1056,,,1055,3014,0,
1057,,mission_decs_1057,0,赠送5次星痕好感度礼物,4,14,0,10013,0,0,"15030,5;20015,5",0,,1057,,,1055,3014,0,
1058,,mission_decs_1058,0,升级5次星痕技能,4,14,0,10013,0,0,"20027,5;20015,5",0,,1058,,,1055,3014,0,
1059,,mission_decs_1059,0,玩家等级达到15级,4,14,0,0,0,0,"104,15;20015,5",0,,1059,,,1055,3014,0,
1060,,mission_decs_1060,0,完成主线第一章全部困难难度关卡,4,14,0,10018,0,0,"501200,1;20015,5",0,,1060,,,1055,3014,0,
1061,mission_threestar_1061,mission_decs_1061,0,完成当前阶段所有任务-阶段3,4,14,0,0,0,0,"20016,5",0,,1061,,,0,3015,0,
1062,,mission_decs_1062,0,累计消耗星魂力600点,4,14,0,10018,0,0,"15013,600;20016,5",0,,1062,,,1061,3016,0,
1063,,mission_decs_1063,0,累计登录3天,4,14,0,0,0,0,"20013,3;20016,5",0,,1063,,,1061,3016,0,
1064,,mission_decs_1064,0,拥有3名突破1的星痕,4,14,0,10013,0,0,"15029,3;20016,5",0,,1064,,,1061,3016,0,
1065,,mission_decs_1065,0,完成10个每日任务,4,14,0,10019,0,0,"15016,10;20016,5",0,,1065,,,1061,3016,0,
1066,,mission_decs_1066,0,完成主线第三章全部普通难度关卡,4,14,0,10018,0,0,"103200,1;20016,5",0,,1066,,,1061,3016,0,
1067,mission_threestar_1067,mission_decs_1067,0,完成当前阶段所有任务-阶段4,4,14,0,0,0,0,"20017,5",0,,1067,,,0,3017,0,
1068,,mission_decs_1068,0,累计登录4天,4,14,0,0,0,0,"20013,4;20017,5",0,,1068,,,1067,3018,0,
1069,,mission_decs_1069,0,玩家等级达到20级,4,14,0,0,0,0,"104,20;20017,5",0,,1069,,,1067,3018,0,
1070,,mission_decs_1070,0,累计消耗40000本勒,4,14,0,0,0,0,"15010,40000;20017,5",0,,1070,,,1067,3018,0,
1071,,mission_decs_1071,0,升级10次星痕技能,4,14,0,10013,0,0,"20027,10;20017,5",0,,1071,,,1067,3018,0,
1072,,mission_decs_1072,0,完成主线第二章全部困难难度关卡,4,14,0,10018,0,0,"502200,1;20017,5",0,,1072,,,1067,3018,0,
1073,mission_threestar_1073,mission_decs_1073,0,完成当前阶段所有任务-阶段5,4,14,0,0,0,0,"20018,5",0,,1073,,,0,3019,0,
1074,,mission_decs_1074,0,累计登录5天,4,14,0,0,0,0,"20013,5;20018,5",0,,1074,,,1073,3020,0,
1075,,mission_decs_1075,0,累计消耗星魂力1000点,4,14,0,10018,0,0,"15013,1000;20018,5",0,,1075,,,1073,3020,0,
1076,,mission_decs_1076,0,完成主线第四章全部普通难度关卡,4,14,0,10018,0,0,"104240,1;20018,5",0,,1076,,,1073,3020,0,
1077,,mission_decs_1077,0,通关宝库之门-经验获取5,4,14,0,10003,0,0,"302050,1;20018,5",0,,1077,,,1073,3020,0,
1078,,mission_decs_1078,0,累计升级魔女等级100次,4,14,0,10014,0,0,"20008,100;20018,5",0,,1078,,,1073,3020,0,
1079,mission_threestar_1079,mission_decs_1079,0,完成当前阶段所有任务-阶段6,4,14,0,0,0,0,"20019,5",0,,1079,,,0,3021,0,
1080,,mission_decs_1080,0,累计登录6天,4,14,0,0,0,0,"20013,6;20019,5",0,,1080,,,1079,3022,0,
1081,,mission_decs_1081,0,成功获得20个勋章,4,14,0,10015,0,0,"20011,20;20019,5",0,,1081,,,1079,3022,0,
1082,,mission_decs_1082,0,拥有3名突破2的星痕,4,14,0,10013,0,0,"20012,2;20019,5",0,,1082,,,1079,3022,0,
1083,,mission_decs_1083,0,通关宝库之门-本勒收集6,4,14,0,10002,0,0,"301060,1;20019,5",0,,1083,,,1079,3022,0,
1084,,mission_decs_1084,0,完成主线第三章全部困难难度关卡,4,14,0,10018,0,0,"503200,1;20019,5",0,,1084,,,1079,3022,0,
1085,mission_threestar_1085,mission_decs_1085,0,完成当前阶段所有任务-阶段7,4,14,0,0,0,0,"20020,5",0,,1085,,,0,3023,0,
1086,,mission_decs_1086,0,累计登录7天,4,14,0,0,0,0,"20013,7;20020,5",0,,1086,,,1085,3024,0,
1087,,mission_decs_1087,0,累计获得35个星痕,4,14,0,10016,0,0,"1013,35;20020,5",0,,1087,,,1085,3024,0,
1088,,mission_decs_1088,0,累计升级魔女等级120次,4,14,0,10014,0,0,"20008,120;20020,5",0,,1088,,,1085,3024,0,
1089,,mission_decs_1089,0,通关宝库之门-经验获取6,4,14,0,10003,0,0,"302060,1;20020,5",0,,1089,,,1085,3024,0,
1090,,mission_decs_1090,0,完成主线第四章全部困难难度关卡,4,14,0,10018,0,0,"504200,1;20020,5",0,,1090,,,1085,3024,0,
1091,mission_threestar_1091,mission_decs_1091,0,完成当前阶段所有任务-阶段8,4,14,0,0,0,0,"20021,5",0,,1091,,,0,3025,0,
1092,,mission_decs_1092,0,累计登录1天,4,14,0,0,0,0,"20024,1",0,,1092,,,0,3026,0,
1093,,mission_decs_1093,0,累计登录2天,4,14,0,0,0,0,"20024,2",0,,1093,,,0,3026,0,
1094,,mission_decs_1094,0,累计登录3天,4,14,0,0,0,0,"20024,3",0,,1094,,,0,3026,0,
1095,,mission_decs_1095,0,累计登录4天,4,14,0,0,0,0,"20024,4",0,,1095,,,0,3026,0,
1096,,mission_decs_1096,0,累计登录5天,4,14,0,0,0,0,"20024,5",0,,1096,,,0,3026,0,
1097,,mission_decs_1097,0,累计登录6天,4,14,0,0,0,0,"20024,6",0,,1097,,,0,3026,0,
1098,,mission_decs_1098,0,累计登录7天,4,14,0,0,0,0,"20024,7",0,,1098,,,0,3026,0,
1099,,mission_decs_1099,0,累计登录8天,4,14,0,0,0,0,"20024,8",0,,1099,,,0,3026,0,
1100,,mission_decs_1100,0,累计登录9天,4,14,0,0,0,0,"20024,9",0,,1100,,,0,3026,0,
1101,,mission_decs_1101,0,累计登录10天,4,14,0,0,0,0,"20024,10",0,,1101,,,0,3026,0,
1102,,mission_decs_1102,0,消耗1000本勒,4,14,0,0,0,0,"20102,1000",0,,1102,,,0,3027,0,
1103,,mission_decs_1103,0,消耗3000本勒,4,14,0,0,0,0,"20102,3000",0,,1103,,,0,3027,0,
1104,,mission_decs_1104,0,消耗5000本勒,4,14,0,0,0,"20063,3","20102,5000",0,,1104,,,0,3027,0,
1105,,mission_decs_1105,0,消耗10000本勒,4,14,0,0,0,"20063,3","20102,10000",0,,1105,,,0,3027,0,
1106,,mission_decs_1106,0,消耗20000本勒,4,14,0,0,0,"20063,5","20102,20000",0,,1106,,,0,3027,0,
1107,,mission_decs_1107,0,消耗50000本勒,4,14,0,0,0,"20063,5","20102,50000",0,,1107,,,0,3027,0,
1108,,mission_decs_1108,0,消耗100000本勒,4,14,0,0,0,"20063,7","20102,100000",0,,1108,,,0,3027,0,
1109,,mission_decs_1109,0,消耗150000本勒,4,14,0,0,0,"20063,7","20102,150000",0,,1109,,,0,3027,0,
1110,,mission_decs_1110,0,消耗200000本勒,4,14,0,0,0,"20063,9","20102,200000",0,,1110,,,0,3027,0,
1111,,mission_decs_1111,0,消耗250000本勒,4,14,0,0,0,"20063,9","20102,250000",0,,1111,,,0,3027,0,
1112,,mission_decs_1112,0,消耗100体力,4,14,0,0,0,0,"20106,100",0,,1112,,,0,3028,0,
1113,,mission_decs_1113,0,消耗300体力,4,14,0,0,0,0,"20106,300",0,,1113,,,0,3028,0,
1114,,mission_decs_1114,0,消耗500体力,4,14,0,0,0,"20063,3","20106,500",0,,1114,,,0,3028,0,
1115,,mission_decs_1115,0,消耗800体力,4,14,0,0,0,"20063,3","20106,800",0,,1115,,,0,3028,0,
1116,,mission_decs_1116,0,消耗1000体力,4,14,0,0,0,"20063,5","20106,1000",0,,1116,,,0,3028,0,
1117,,mission_decs_1117,0,消耗1500体力,4,14,0,0,0,"20063,5","20106,1500",0,,1117,,,0,3028,0,
1118,,mission_decs_1118,0,消耗2000体力,4,14,0,0,0,"20063,7","20106,2000",0,,1118,,,0,3028,0,
1119,,mission_decs_1119,0,消耗2500体力,4,14,0,0,0,"20063,7","20106,2500",0,,1119,,,0,3028,0,
1120,,mission_decs_1120,0,消耗3000体力,4,14,0,0,0,"20063,9","20106,3000",0,,1120,,,0,3028,0,
1121,,mission_decs_1121,0,消耗3500体力,4,14,0,0,0,"20063,9","20106,3500",0,,1121,,,0,3028,0,
1122,,mission_decs_1122,0,完成2次宝库之门,4,14,0,0,0,0,"20103,2",0,,1122,,,0,3029,0,
1123,,mission_decs_1123,0,完成5次宝库之门,4,14,0,0,0,0,"20103,5",0,,1123,,,0,3029,0,
1124,,mission_decs_1124,0,完成10次宝库之门,4,14,0,0,0,"20063,3","20103,10",0,,1124,,,0,3029,0,
1125,,mission_decs_1125,0,完成15次宝库之门,4,14,0,0,0,"20063,3","20103,15",0,,1125,,,0,3029,0,
1126,,mission_decs_1126,0,完成20次宝库之门,4,14,0,0,0,"20063,5","20103,20",0,,1126,,,0,3029,0,
1127,,mission_decs_1127,0,完成25次宝库之门,4,14,0,0,0,"20063,5","20103,25",0,,1127,,,0,3029,0,
1128,,mission_decs_1128,0,完成30次宝库之门,4,14,0,0,0,"20063,7","20103,30",0,,1128,,,0,3029,0,
1129,,mission_decs_1129,0,完成35次宝库之门,4,14,0,0,0,"20063,7","20103,35",0,,1129,,,0,3029,0,
1130,,mission_decs_1130,0,完成40次宝库之门,4,14,0,0,0,"20063,9","20103,40",0,,1130,,,0,3029,0,
1131,,mission_decs_1131,0,完成50次宝库之门,4,14,0,0,0,"20063,9","20103,50",0,,1131,,,0,3029,0,
1132,,mission_decs_1132,0,克萝萝累计行走1米里程,4,14,0,0,0,0,"20104,1",0,,1132,,,0,3030,0,
1133,,mission_decs_1133,0,克萝萝累计行走3米里程,4,14,0,0,0,0,"20104,3",0,,1133,,,0,3030,0,
1134,,mission_decs_1134,0,克萝萝累计行走5米里程,4,14,0,0,0,"20063,3","20104,5",0,,1134,,,0,3030,0,
1135,,mission_decs_1135,0,克萝萝累计行走10米里程,4,14,0,0,0,"20063,3","20104,10",0,,1135,,,0,3030,0,
1136,,mission_decs_1136,0,克萝萝累计行走15米里程,4,14,0,0,0,"20063,5","20104,15",0,,1136,,,0,3030,0,
1137,,mission_decs_1137,0,克萝萝累计行走20米里程,4,14,0,0,0,"20063,5","20104,20",0,,1137,,,0,3030,0,
1138,,mission_decs_1138,0,克萝萝累计行走25米里程,4,14,0,0,0,"20063,7","20104,25",0,,1138,,,0,3030,0,
1139,,mission_decs_1139,0,克萝萝累计行走30米里程,4,14,0,0,0,"20063,7","20104,30",0,,1139,,,0,3030,0,
1140,,mission_decs_1140,0,克萝萝累计行走35米里程,4,14,0,0,0,"20063,9","20104,35",0,,1140,,,0,3030,0,
1141,,mission_decs_1141,0,克萝萝累计行走40米里程,4,14,0,0,0,"20063,9","20104,40",0,,1141,,,0,3030,0,
1142,,mission_decs_1142,0,击败2名每日boss,4,14,0,0,0,0,"20105,2",0,,1142,,,0,3031,0,
1143,,mission_decs_1143,0,击败5名每日boss,4,14,0,0,0,0,"20105,5",0,,1143,,,0,3031,0,
1144,,mission_decs_1144,0,击败8名每日boss,4,14,0,0,0,"20063,3","20105,8",0,,1144,,,0,3031,0,
1145,,mission_decs_1145,0,击败11名每日boss,4,14,0,0,0,"20063,3","20105,11",0,,1145,,,0,3031,0,
1146,,mission_decs_1146,0,击败15名每日boss,4,14,0,0,0,"20063,5","20105,15",0,,1146,,,0,3031,0,
1147,,mission_decs_1147,0,击败20名每日boss,4,14,0,0,0,"20063,5","20105,20",0,,1147,,,0,3031,0,
1148,,mission_decs_1148,0,击败25名每日boss,4,14,0,0,0,"20063,7","20105,25",0,,1148,,,0,3031,0,
1149,,mission_decs_1149,0,击败30名每日boss,4,14,0,0,0,"20063,7","20105,30",0,,1149,,,0,3031,0,
1150,,mission_decs_1150,0,击败35名每日boss,4,14,0,0,0,"20063,9","20105,35",0,,1150,,,0,3031,0,
1151,,mission_decs_1151,0,击败40名每日boss,4,14,0,0,0,"20063,9","20105,40",0,,1151,,,0,3031,0,
1152,,,0,10积分,4,14,0,0,0,0,"20026,10",0,,1152,,,0,3032,0,
1153,,,0,20积分,4,14,0,0,0,0,"20026,20",0,,1153,,,0,3032,0,
1154,,,0,30积分,4,14,0,0,0,0,"20026,30",0,,1154,,,0,3032,0,
1155,,,0,40积分,4,14,0,0,0,0,"20026,40",0,,1155,,,0,3032,0,
1156,,mission_decs_1156,0,玩家等级达到10级,5,14,0,0,0,0,"104,10",0,,0,"3016013,1;3015006,1;3015002,1",1,0,3033,0,
1157,,mission_decs_1157,0,通关1-24,4,14,0,0,0,0,"101270,1",0,,1157,,,0,3034,0,
1158,,mission_decs_1158,0,Free,4,10,0,0,0,0,"104,1",0,,1158,,,0,3035,0,
1159,,mission_decs_1001,0,<i angle=15>1</i><size=32>day</size>,4,10,0,0,0,0,"20057,0",0,,1159,,,0,3035,0,
1160,,mission_decs_1002,0,<i angle=15>2</i><size=32>day</size>,4,10,0,0,0,0,"20057,1",0,,1160,,,0,3035,0,
1161,,mission_decs_1003,0,<i angle=15>3</i><size=32>day</size>,4,10,0,0,0,0,"20057,2",0,,1161,,,0,3035,0,
1162,,mission_decs_1004,0,<i angle=15>4</i><size=32>day</size>,4,10,0,0,0,0,"20057,3",0,,1162,,,0,3035,0,
1163,,mission_decs_1005,0,<i angle=15>5</i><size=32>day</size>,4,10,0,0,0,0,"20057,4",0,,1163,,,0,3035,0,
1164,,mission_decs_1164,0,累计登录1天,4,14,0,0,0,0,"20013,1",0,,1164,,,0,3036,0,
1165,,mission_decs_1165,0,累计登录2天,4,14,0,0,0,0,"20013,2",0,,1165,,,0,3036,0,
1166,,mission_decs_1166,0,累计登录3天,4,14,0,0,0,0,"20013,3",0,,1166,,,0,3036,0,
1167,,mission_decs_1167,0,累计登录4天,4,14,0,0,0,0,"20013,4",0,,1167,,,0,3036,0,
1168,,mission_decs_1168,0,累计登录5天,4,14,0,0,0,0,"20013,5",0,,1168,,,0,3036,0,
1169,,mission_decs_1169,0,累计登录6天,4,14,0,0,0,0,"20013,6",0,,1169,,,0,3036,0,
1170,,mission_decs_1170,0,累计登录7天,4,14,0,0,0,0,"20013,7",0,,1170,,,0,3036,0,
1171,,mission_decs_1156,0,玩家等级达到10级,4,14,0,0,0,0,"104,10",0,,1171,,,0,3037,0,
1172,,mission_decs_1172,0,完成一次骰子,4,14,0,10020,0,0,"11300,1",0,,1026,,,0,3038,0,
1173,,mission_decs_1173,0,进行1次召唤,4,14,0,10016,0,0,"1080,1",0,,1027,,,0,3038,0,
1174,,mission_decs_1174,0,进行1次星痕升级,4,14,0,10013,0,0,"20009,1",0,,1028,,,0,3038,0,
1175,,mission_decs_1175,0,进行1次魔女升级,4,14,0,10014,0,0,"20008,1",0,,1029,,,0,3038,0,
1176,,item_name_8036,0,通关1-3,4,14,0,10018,0,0,"101030,1",0,,1030,,,0,3038,0,
1177,mission_threestar_1177,mission_decs_1177,0,完成当前阶段所有任务,4,14,0,0,0,0,"20042,1",0,,1031,,,0,3039,0,
1178,,mission_decs_1178,0,领取1次每日任务奖励,4,14,0,10019,0,0,"15016,1;20042,1",0,,1032,,,0,3040,0,
1179,,mission_decs_1179,0,进行一次本勒收集副本,4,14,0,10002,0,0,"20064,1;20042,1",0,,1033,,,0,3040,0,
1180,,mission_decs_1180,0,3个魔女升级到10级,4,14,0,10014,0,0,"15024,3;20042,1",0,,1034,,,0,3040,0,
1181,,mission_decs_1181,0,领取一次阅历奖励,4,14,0,10028,0,0,"20037,1;20042,1",0,,1035,,,0,3040,0,
1182,,mission_decs_1182,0,装备一个饰品,4,14,0,10014,0,0,"20038,1;20042,1",0,,1036,,,0,3040,0,
1183,mission_threestar_1183,mission_decs_1183,0,完成当前阶段所有任务,4,14,0,0,0,0,"20043,1",0,,1037,,,0,3041,0,
1184,,mission_decs_1184,0,完成1次突破材料副本,4,14,0,10029,0,0,"20067,1;20043,1",0,,1038,,,0,3042,0,
1185,,mission_decs_1185,0,进行1次星痕突破,4,14,0,10013,0,0,"15029,1;20043,1",0,,1039,,,0,3042,0,
1186,,mission_decs_1186,0,赠送1次星痕好感度礼物,4,14,0,10013,0,0,"15030,1;20043,1",0,,1040,,,0,3042,0,
1187,,mission_decs_1187,0,领取一次勋章,4,14,0,10015,0,0,"20011,1;20043,1",0,,1041,,,0,3042,0,
1188,,mission_decs_1188,0,通关主线1-24,4,14,0,10018,0,0,"101270,1;20043,1",0,,1042,,,0,3042,0,
1189,mission_threestar_1189,mission_decs_1189,0,完成当前阶段所有任务,4,14,0,0,0,0,"20044,1",0,,1043,,,0,3043,0,
1190,,mission_decs_1190,0,升级1次星痕技能,4,14,0,10013,0,0,"20027,1;20044,1",0,,1044,,,0,3044,0,
1191,,mission_decs_1191,0,通关1次技能材料副本,4,14,0,10004,0,0,"20066,1;20044,1",0,,1045,,,0,3044,0,
1192,,mission_decs_1192,0,加入一个公会,4,14,0,10030,0,0,"20039,1;20044,1",0,,1046,,,0,3044,0,
1193,,mission_decs_1193,0,累计消耗星魂力300点,4,14,0,10018,0,0,"15013,300;20044,1",0,,1047,,,0,3044,0,
1194,,mission_decs_1194,0,累计提升魔女等级50次,4,14,0,10014,0,0,"20008,50;20044,1",0,,1048,,,0,3044,0,
1195,mission_threestar_1195,mission_decs_1195,0,完成当前阶段所有任务-阶段4,4,14,0,0,0,0,"20045,1",0,,1049,,,0,3045,0,
1196,,mission_decs_1196,0,累计登录2天,4,14,0,0,0,0,"20013,2;20045,1",0,,1050,,,0,3046,0,
1197,,mission_decs_1197,0,通关宝库之门-经验获取3,4,14,0,10003,0,0,"302030,1;20045,1",0,,1051,,,0,3046,0,
1198,,mission_decs_1198,0,累计进行50次召唤,4,14,0,10016,0,0,"1080,50;20045,1",0,,1052,,,0,3046,0,
1199,,mission_decs_1199,0,通关宝库之门-本勒收集3,4,14,0,10002,0,0,"301030,1;20045,1",0,,1053,,,0,3046,0,
1200,,mission_decs_1200,0,完成主线第二章全部普通难度关卡,4,14,0,10018,0,0,"102280,1;20045,1",0,,1054,,,0,3046,0,
1201,mission_threestar_1201,mission_decs_1201,0,完成当前阶段所有任务-阶段5,4,14,0,0,0,0,"20046,1",0,,1055,,,0,3047,0,
1202,,mission_decs_1202,0,9个星痕突破1次,4,14,0,10013,0,0,"15029,9;20046,1",0,,1056,,,0,3048,0,
1203,,mission_decs_1203,0,通关宝库之门-经验获取4,4,14,0,10003,0,0,"302040,1;20046,1",0,,1057,,,0,3048,0,
1204,,mission_decs_1204,0,通关宝库之门-本勒收集4,4,14,0,10002,0,0,"301040,1;20046,1",0,,1058,,,0,3048,0,
1205,,mission_decs_1205,0,玩家等级达到25级,4,14,0,0,0,0,"104,25;20046,1",0,,1059,,,0,3048,0,
1206,,mission_decs_1206,0,完成主线第一章全部困难难度关卡,4,14,0,10018,0,0,"501200,1;20046,1",0,,1060,,,0,3048,0,
1207,mission_threestar_1207,mission_decs_1207,0,完成当前阶段所有任务-阶段6,4,14,0,0,0,0,"20047,1",0,,1061,,,0,3049,0,
1208,,mission_decs_1208,0,累计提升魔女等级100次,4,14,0,10014,0,0,"20008,100;20047,1",0,,1062,,,0,3050,0,
1209,,mission_decs_1209,0,累计登录3天,4,14,0,0,0,0,"20013,3;20047,1",0,,1063,,,0,3050,0,
1210,,mission_decs_1210,0,通关宝库之门-经验获取5,4,14,0,10003,0,0,"302050,1;20047,1",0,,1064,,,0,3050,0,
1211,,mission_decs_1211,0,通关宝库之门-本勒收集5,4,14,0,10002,0,0,"301050,1;20047,1",0,,1065,,,0,3050,0,
1212,,mission_decs_1212,0,完成主线第三章全部普通难度关卡,4,14,0,10018,0,0,"103200,1;20047,1",0,,1066,,,0,3050,0,
1213,mission_threestar_1213,mission_decs_1213,0,完成当前阶段所有任务-阶段7,4,14,0,0,0,0,"20048,1",0,,1067,,,0,3051,0,
1214,,mission_decs_1214,0,累计登录4天,4,14,0,0,0,0,"20013,4;20048,1",0,,1068,,,0,3052,0,
1215,,mission_decs_1215,0,累计提升魔女等级120次,4,14,0,10014,0,0,"20008,120;20048,1",0,,1069,,,0,3052,0,
1216,,mission_decs_1216,0,3个星痕突破2次,4,14,0,10013,0,0,"20012,3;20048,1",0,,1070,,,0,3052,0,
1217,,mission_decs_1217,0,成功领取20个勋章,4,14,0,10015,0,0,"20011,20;20048,1",0,,1071,,,0,3052,0,
1218,,mission_decs_1218,0,完成主线第二章全部困难难度关卡,4,14,0,10018,0,0,"502200,1;20048,1",0,,1072,,,0,3052,0,
1219,mission_threestar_1219,mission_decs_1219,0,完成当前阶段所有任务-阶段8,4,14,0,0,0,0,"20049,1",0,,1073,,,0,3053,0,
1220,,mission_decs_1220,0,累计登录5天,4,14,0,0,0,0,"20013,5;20049,1",0,,1074,,,0,3054,0,
1221,,mission_decs_1221,0,通关宝库之门-本勒收集6,4,14,0,10002,0,0,"301060,1;20049,1",0,,1075,,,0,3054,0,
1222,,mission_decs_1222,0,完成主线第四章全部普通难度关卡,4,14,0,10018,0,0,"104240,1;20049,1",0,,1076,,,0,3054,0,
1223,,mission_decs_1223,0,通关宝库之门-技能材料6,4,14,0,10004,0,0,"303060,1;20049,1",0,,1077,,,0,3054,0,
1224,,mission_decs_1224,0,参与一次幻梦之境,4,14,0,10022,0,0,"21014,1;20049,1",0,,1078,,,0,3054,0,
1225,mission_threestar_1225,mission_decs_1225,0,完成当前阶段所有任务-阶段9,4,14,0,0,0,0,"20050,1",0,,1079,,,0,3055,0,
1226,,mission_decs_1226,0,累计登录6天,4,14,0,0,0,0,"20013,6;20050,1",0,,1080,,,0,3056,0,
1227,,mission_decs_1227,0,累计提升魔女等级140次,4,14,0,10014,0,0,"20008,140;20050,1",0,,1081,,,0,3056,0,
1228,,mission_decs_1228,0,玩家等级达到40级,4,14,0,0,0,0,"104,40;20050,1",0,,1082,,,0,3056,0,
1229,,mission_decs_1229,0,通关宝库之门-经验收集6,4,14,0,10003,0,0,"302060,1;20050,1",0,,1083,,,0,3056,0,
1230,,mission_decs_1230,0,完成主线第三章全部困难难度关卡,4,14,0,10018,0,0,"503200,1;20050,1",0,,1084,,,0,3056,0,
1231,mission_threestar_1231,mission_decs_1231,0,完成当前阶段所有任务-阶段10,4,14,0,0,0,0,"20051,1",0,,1085,,,0,3057,0,
1232,,mission_decs_1232,0,累计登录7天,4,14,0,0,0,0,"20013,7;20051,1",0,,1086,,,0,3058,0,
1233,,mission_decs_1233,0,累计获得35个星痕,4,14,0,10016,0,0,"1013,35;20051,1",0,,1087,,,0,3058,0,
1234,,mission_decs_1234,0,通关一次回忆深潜,4,14,0,10021,0,0,"20040,1;20051,1",0,,1088,,,0,3058,0,
1235,,mission_decs_1235,0,分配一次职介天赋,4,14,0,10031,0,0,"20041,1;20051,1",0,,1089,,,0,3058,0,
1236,,mission_decs_1236,0,完成主线第四章全部困难难度关卡,4,14,0,10018,0,0,"504200,1;20051,1",0,,1090,,,0,3058,0,
1237,mission_threestar_1237,mission_decs_1237,0,完成当前阶段所有任务-阶段11,4,14,0,0,0,0,"20052,1",0,,1091,,,0,3059,0,
1238,,mission_decs_1238,0,累计登录1天,4,14,0,0,0,0,"20056,1",0,,1238,,,0,3060,0,
1239,,mission_decs_1239,0,累计登录2天,4,14,0,0,0,0,"20056,2",0,,1239,,,0,3060,0,
1240,,mission_decs_1240,0,累计登录3天,4,14,0,0,0,0,"20056,3",0,,1240,,,0,3060,0,
1241,,mission_decs_1241,0,累计登录4天,4,14,0,0,0,0,"20056,4",0,,1241,,,0,3060,0,
1242,,mission_decs_1242,0,累计登录5天,4,14,0,0,0,0,"20056,5",0,,1242,,,0,3060,0,
1243,,mission_decs_1243,0,累计登录6天,4,14,0,0,0,0,"20056,6",0,,1243,,,0,3060,0,
1244,,mission_decs_1244,0,累计登录7天,4,14,0,0,0,0,"20056,7",0,,1244,,,0,3060,0,
1245,,mission_decs_1245,0,通关初入异世-缘起锦绣,4,20,0,0,0,0,"10201010,1",1,,0,,,0,3061,0,
1246,,mission_decs_1246,0,通关初入异世-佳愿,4,20,0,0,0,0,"10201050,1",1,,0,,,0,3061,0,
1247,,mission_decs_1247,0,通关初入异世-不安,4,20,0,0,0,0,"10201100,1",2,,0,,,0,3061,0,
1248,,mission_decs_1248,0,通关初入异世-勘破我执,4,20,0,0,0,0,"10201150,1",2,,0,,,0,3061,0,
1249,,mission_decs_1249,0,通关初入异世-越藩篱,4,20,0,0,0,0,"10201200,1",3,,0,,,0,3061,0,
1250,,mission_decs_1250,0,通关初入异世-入夜时,4,20,0,0,0,0,"10201250,1",3,,0,,,0,3061,0,
1251,,mission_decs_1251,0,通关初入异世-蚀月现,4,20,0,0,0,0,"10201260,1",1,,0,,,0,3061,0,
1252,,mission_decs_1252,0,通关浮梦将醒-缘起锦绣,4,20,0,0,0,0,"10202010,1",1,,0,,,0,3061,0,
1253,,mission_decs_1253,0,通关浮梦将醒-佳愿,4,20,0,0,0,0,"10202050,1",2,,0,,,0,3061,0,
1254,,mission_decs_1254,0,通关浮梦将醒-不安,4,20,0,0,0,0,"10202100,1",2,,0,,,0,3061,0,
1255,,mission_decs_1255,0,通关浮梦将醒-勘破我执,4,20,0,0,0,0,"10202150,1",3,,0,,,0,3061,0,
1256,,mission_decs_1256,0,通关浮梦将醒-越藩篱,4,20,0,0,0,0,"10202200,1",3,,0,,,0,3061,0,
1257,,mission_decs_1257,0,累计消耗<color=#6780fc>300</color>点星魂力,4,20,0,0,0,0,"20059,300",1,,0,,,0,3061,0,
1258,,mission_decs_1258,0,累计消耗<color=#6780fc>600</color>点星魂力,4,20,0,0,0,0,"20059,600",1,,0,,,0,3061,0,
1259,,mission_decs_1259,0,累计消耗<color=#6780fc>900</color>点星魂力,4,20,0,0,0,0,"20059,900",2,,0,,,0,3061,0,
1260,,mission_decs_1260,0,累计消耗<color=#6780fc>1200</color>点星魂力,4,20,0,0,0,0,"20059,1200",2,,0,,,0,3061,0,
1261,,mission_decs_1261,0,累计消耗<color=#6780fc>1500</color>点星魂力,4,20,0,0,0,0,"20059,1500",3,,0,,,0,3061,0,
1262,,mission_decs_1262,0,累计消耗<color=#6780fc>1800</color>点星魂力,4,20,0,0,0,0,"20059,1800",3,,0,,,0,3061,0,
1263,,mission_decs_1263,0,累计消耗<color=#6780fc>2100</color>点星魂力,4,20,0,0,0,0,"20059,2100",3,,0,,,0,3061,0,
1264,,mission_decs_1264,0,击败<color=#6780fc>5</color>个怪物,4,20,0,0,0,0,"20060,5",1,,0,,,0,3061,0,
1265,,mission_decs_1265,0,击败<color=#6780fc>15</color>个怪物,4,20,0,0,0,0,"20060,15",2,,0,,,0,3061,0,
1266,,mission_decs_1266,0,击败<color=#6780fc>25</color>个怪物,4,20,0,0,0,0,"20060,25",3,,0,,,0,3061,0,
1267,,mission_decs_1267,0,桃攻击婴狐1次获得,4,21,0,0,0,0,"20061,1",0,,1267,,,0,3061,10021,
1268,,mission_decs_1268,0,桃攻击婴狐2次获得,4,21,0,0,0,0,"20061,2",0,,1268,,,0,3061,10021,
1269,,mission_decs_1269,0,桃攻击婴狐3次获得,4,21,0,0,0,0,"20061,3",0,,1269,,,0,3061,10021,
1270,,mission_decs_1270,0,桃攻击婴狐4次获得,4,21,0,0,0,0,"20061,4",0,,1270,,,0,3061,10021,
1271,,mission_decs_1271,0,桃攻击婴狐5次获得,4,21,0,0,0,0,"20061,5",0,,1271,,,0,3061,10021,
1272,,mission_decs_1272,0,桃攻击婴狐6次获得,4,21,0,0,0,0,"20061,6",0,,1272,,,0,3061,10021,
1273,,mission_decs_1273,0,桃攻击婴狐7次获得,4,21,0,0,0,0,"20061,7",0,,1273,,,0,3061,10021,
1274,,mission_decs_1274,0,桃攻击婴狐8次获得,4,21,0,0,0,0,"20061,8",0,,1274,,,0,3061,10021,
1275,,mission_decs_1275,0,桃攻击婴狐9次获得,4,21,0,0,0,0,"20061,9",0,,1275,,,0,3061,10021,
1276,,mission_decs_1276,0,桃攻击婴狐10次获得,4,21,0,0,0,0,"20061,10",0,,1276,,,0,3061,10021,
1277,,mission_decs_1277,0,桃攻击婴狐11次获得,4,21,0,0,0,0,"20061,11",0,,1277,,,0,3061,10021,
1278,,mission_decs_1278,0,桃攻击婴狐12次获得,4,21,0,0,0,0,"20061,12",0,,1278,,,0,3061,10021,
1279,,mission_decs_1279,0,桃攻击婴狐13次获得,4,21,0,0,0,0,"20061,13",0,,1279,,,0,3061,10021,
1280,,mission_decs_1280,0,桃攻击婴狐14次获得,4,21,0,0,0,0,"20061,14",0,,1280,,,0,3061,10021,
1281,,mission_decs_1281,0,桃攻击婴狐15次获得,4,21,0,0,0,0,"20061,15",0,,1281,,,0,3061,10021,
1282,,mission_decs_1282,0,桃攻击婴狐16次获得,4,21,0,0,0,0,"20061,16",0,,1282,,,0,3061,10021,
1283,,mission_decs_1283,0,桃攻击婴狐17次获得,4,21,0,0,0,0,"20061,17",0,,1283,,,0,3061,10021,
1284,,mission_decs_1284,0,桃攻击婴狐18次获得,4,21,0,0,0,0,"20061,18",0,,1284,,,0,3061,10021,
1285,,mission_decs_1285,0,桃攻击婴狐19次获得,4,21,0,0,0,0,"20061,19",0,,1285,,,0,3061,10021,
1286,,mission_decs_1286,0,桃攻击婴狐20次获得,4,21,0,0,0,0,"20061,20",0,,1286,,,0,3061,10021,
1287,,mission_decs_1287,0,桃攻击婴狐21次获得,4,21,0,0,0,0,"20061,21",0,,1287,,,0,3061,10021,
1288,,mission_decs_1288,0,桃攻击婴狐22次获得,4,21,0,0,0,0,"20061,22",0,,1288,,,0,3061,10021,
1289,,mission_decs_1289,0,拥有星痕-桃,4,14,0,10102,0,0,"20062,1",0,,1289,,,0,3062,0,
1290,,mission_decs_1290,0,桃达到觉醒等级1,4,14,0,10102,0,0,"18357,1",0,,1290,,,0,3062,0,
1291,,mission_decs_1291,0,桃达到觉醒等级2,4,14,0,10102,0,0,"18357,2",0,,1291,,,0,3062,0,
1292,,mission_decs_1292,0,桃达到觉醒等级3,4,14,0,10102,0,0,"18357,3",0,,1292,,,0,3062,0,
1293,,mission_decs_1293,0,桃达到觉醒等级4,4,14,0,10102,0,0,"18357,4",0,,1293,,,0,3062,0,
1294,,mission_decs_1294,0,桃达到觉醒等级5,4,14,0,10102,0,0,"18357,5",0,,1294,,,0,3062,0,
1295,,mission_decs_1295,0,黯影地牢 肉鸽爬塔s1赛季 通关1-1,4,20,0,0,0,0,"700010,1",0,0,1395,,,0,3071,0,
1296,,mission_decs_1296,0,黯影地牢 肉鸽爬塔s1赛季 通关1-2,4,20,0,0,0,0,"700020,1",0,0,1295,,,0,3071,0,
1297,,mission_decs_1297,0,黯影地牢 肉鸽爬塔s1赛季 通关1-3,4,20,0,0,0,0,"700030,1",0,0,1295,,,0,3071,0,
1298,,mission_decs_1298,0,黯影地牢 肉鸽爬塔s1赛季 通关1-4,4,20,0,0,0,0,"700040,1",0,0,1295,,,0,3071,0,
1299,,mission_decs_1299,0,黯影地牢 肉鸽爬塔s1赛季 通关1-6,4,20,0,0,0,0,"700060,1",0,0,1295,,,0,3071,0,
1300,,mission_decs_1300,0,黯影地牢 肉鸽爬塔s1赛季 通关1-7,4,20,0,0,0,0,"700070,1",0,0,1295,,,0,3071,0,
1301,,mission_decs_1301,0,黯影地牢 肉鸽爬塔s1赛季 通关1-8,4,20,0,0,0,0,"700080,1",0,0,1295,,,0,3071,0,
1302,,mission_decs_1302,0,黯影地牢 肉鸽爬塔s1赛季 通关1-9,4,20,0,0,0,0,"700090,1",0,0,1295,,,0,3071,0,
99101,,mission_decs_99101,0,CR高级会员累计登录1天,4,14,0,0,0,0,"20077,1",0,,99101,,,0,3063,0,2
99102,,mission_decs_99102,0,CR高级会员累计登录2天,4,14,0,0,0,0,"20077,2",0,,99102,,,0,3063,0,2
99103,,mission_decs_99103,0,CR高级会员累计登录3天,4,14,0,0,0,0,"20077,3",0,,99103,,,0,3063,0,2
99104,,mission_decs_99104,0,CR高级会员累计登录4天,4,14,0,0,0,0,"20077,4",0,,99104,,,0,3063,0,2
99105,,mission_decs_99105,0,CR高级会员累计登录5天,4,14,0,0,0,0,"20077,5",0,,99105,,,0,3063,0,2
99106,,mission_decs_99106,0,CR高级会员累计登录6天,4,14,0,0,0,0,"20077,6",0,,99106,,,0,3063,0,2
99107,,mission_decs_99107,0,CR高级会员累计登录7天,4,14,0,0,0,0,"20077,7",0,,99107,,,0,3063,0,2
99108,,mission_decs_99108,0,CR高级会员累计登录8天,4,14,0,0,0,0,"20077,8",0,,99108,,,0,3063,0,2
99109,,mission_decs_99109,0,CR高级会员累计登录9天,4,14,0,0,0,0,"20077,9",0,,99109,,,0,3063,0,2
99110,,mission_decs_99110,0,CR高级会员累计登录10天,4,14,0,0,0,0,"20077,10",0,,99110,,,0,3063,0,2
99111,,mission_decs_99111,0,CR超级会员每日登录,4,14,1,0,0,0,"11000,1;1313,4",0,,99111,,,0,3064,0,1
99112,,mission_decs_99112,0,击杀5个每日任务Boss,4,14,0,10019,0,0,"39002,5;1313,3",0,,99112,,,0,3065,0,2
99113,,mission_decs_99113,0,击杀10个每日任务Boss,4,14,0,10019,0,0,"39002,10;1313,3",0,,99113,,,0,3065,0,2
99114,,mission_decs_99114,0,击杀15个每日任务Boss,4,14,0,10019,0,0,"39002,15;1313,3",0,,99114,,,0,3065,0,2
99115,,mission_decs_99115,0,击杀20个每日任务Boss,4,14,0,10019,0,0,"39002,20;1313,3",0,,99115,,,0,3065,0,2
99116,,mission_decs_99116,0,击杀25个每日任务Boss,4,14,0,10019,0,0,"39002,25;1313,3",0,,99116,,,0,3065,0,2
99117,,mission_decs_99117,0,击杀30个每日任务Boss,4,14,0,10019,0,0,"39002,30;1313,3",0,,99117,,,0,3065,0,2
99118,,mission_decs_99118,0,击杀35个每日任务Boss,4,14,0,10019,0,0,"39002,35;1313,3",0,,99118,,,0,3065,0,2
99119,,mission_decs_99119,0,击杀40个每日任务Boss,4,14,0,10019,0,0,"39002,40;1313,3",0,,99119,,,0,3065,0,2
99120,,mission_decs_99120,0,击杀45个每日任务Boss,4,14,0,10019,0,0,"39002,45;1313,3",0,,99120,,,0,3065,0,2
99121,,mission_decs_99121,0,击杀50个每日任务Boss,4,14,0,10019,0,0,"39002,50;1313,3",0,,99121,,,0,3065,0,2
99122,,mission_decs_99122,0,击杀60个每日任务Boss,4,14,0,10019,0,0,"39002,60;1313,3",0,,99122,,,0,3065,0,2
99123,,mission_decs_99123,0,击杀70个每日任务Boss,4,14,0,10019,0,0,"39002,70;1313,3",0,,99123,,,0,3065,0,2
99124,,mission_decs_99124,0,击杀80个每日任务Boss,4,14,0,10019,0,0,"39002,80;1313,3",0,,99124,,,0,3065,0,2
99125,,mission_decs_99125,0,击杀90个每日任务Boss,4,14,0,10019,0,0,"39002,90;1313,3",0,,99125,,,0,3065,0,2
99126,,mission_decs_99126,0,击杀100个每日任务Boss,4,14,0,10019,0,0,"39002,100;1313,3",0,,99126,,,0,3065,0,2
99127,,mission_decs_99127,0,击杀5个每日任务Boss-付费,4,14,0,10019,0,0,"39002,5;39001,1",0,,99127,,,0,3066,0,2
99128,,mission_decs_99128,0,击杀10个每日任务Boss-付费,4,14,0,10019,0,0,"39002,10;39001,1",0,,99128,,,0,3066,0,2
99129,,mission_decs_99129,0,击杀15个每日任务Boss-付费,4,14,0,10019,0,0,"39002,15;39001,1",0,,99129,,,0,3066,0,2
99130,,mission_decs_99130,0,击杀20个每日任务Boss-付费,4,14,0,10019,0,0,"39002,20;39001,1",0,,99130,,,0,3066,0,2
99131,,mission_decs_99131,0,击杀25个每日任务Boss-付费,4,14,0,10019,0,0,"39002,25;39001,1",0,,99131,,,0,3066,0,2
99132,,mission_decs_99132,0,击杀30个每日任务Boss-付费,4,14,0,10019,0,0,"39002,30;39001,1",0,,99132,,,0,3066,0,2
99133,,mission_decs_99133,0,击杀35个每日任务Boss-付费,4,14,0,10019,0,0,"39002,35;39001,1",0,,99133,,,0,3066,0,2
99134,,mission_decs_99134,0,击杀40个每日任务Boss-付费,4,14,0,10019,0,0,"39002,40;39001,1",0,,99134,,,0,3066,0,2
99135,,mission_decs_99135,0,击杀45个每日任务Boss-付费,4,14,0,10019,0,0,"39002,45;39001,1",0,,99135,,,0,3066,0,2
99136,,mission_decs_99136,0,击杀50个每日任务Boss-付费,4,14,0,10019,0,0,"39002,50;39001,1",0,,99136,,,0,3066,0,2
99137,,mission_decs_99137,0,击杀60个每日任务Boss-付费,4,14,0,10019,0,0,"39002,60;39001,1",0,,99137,,,0,3066,0,2
99138,,mission_decs_99138,0,击杀70个每日任务Boss-付费,4,14,0,10019,0,0,"39002,70;39001,1",0,,99138,,,0,3066,0,2
99139,,mission_decs_99139,0,击杀80个每日任务Boss-付费,4,14,0,10019,0,0,"39002,80;39001,1",0,,99139,,,0,3066,0,2
99140,,mission_decs_99140,0,击杀90个每日任务Boss-付费,4,14,0,10019,0,0,"39002,90;39001,1",0,,99140,,,0,3066,0,2
99141,,mission_decs_99141,0,击杀100个每日任务Boss-付费,4,14,0,10019,0,0,"39002,100;39001,1",0,,99141,,,0,3066,0,2
1334,,mission_decs_1334,0,通关桃活动挑战关卡1,4,20,0,0,0,0,"10203010,1",2,,0,,,0,3061,0,
1335,,mission_decs_1335,0,通关桃活动挑战关卡2,4,20,0,0,0,0,"10203020,1",2,,0,,,0,3061,0,
1336,,mission_decs_1336,0,通关桃活动挑战关卡3,4,20,0,0,0,0,"10203030,1",2,,0,,,0,3061,0,
1337,,mission_decs_1337,0,通关桃活动挑战关卡4,4,20,0,0,0,0,"10203040,1",2,,0,,,0,3061,0,
1338,,mission_decs_1338,0,通关桃活动挑战关卡5,4,20,0,0,0,0,"10203050,1",3,,0,,,0,3061,0,
1339,,mission_decs_1339,0,桃攻击婴狐23次获得,4,21,0,0,0,0,"20061,23",0,,1339,,,0,3061,10021,
1340,,mission_decs_1340,0,桃攻击婴狐24次获得,4,21,0,0,0,0,"20061,24",0,,1340,,,0,3061,10021,
1341,,mission_decs_1341,0,桃攻击婴狐25次获得,4,21,0,0,0,0,"20061,25",0,,1341,,,0,3061,10021,
1342,,mission_decs_1342,0,桃攻击婴狐26次获得,4,21,0,0,0,0,"20061,26",0,,1342,,,0,3061,10021,
1343,,mission_decs_1343,0,击败婴狐时掉落,4,21,0,0,0,0,"20061,27",0,,1343,,,0,3061,10021,
1344,,mission_decs_1344,0,大波斯菊活动累计登录1天,4,14,0,0,0,0,"20101,1",0,,1344,,,0,3067,0,
1345,,mission_decs_1345,0,大波斯菊活动累计登录2天,4,14,0,0,0,0,"20101,2",0,,1345,,,0,3067,0,
1346,,mission_decs_1346,0,大波斯菊活动累计登录3天,4,14,0,0,0,0,"20101,3",0,,1346,,,0,3067,0,
1347,,mission_decs_1347,0,大波斯菊活动累计登录4天,4,14,0,0,0,0,"20101,4",0,,1347,,,0,3067,0,
1348,,mission_decs_1348,0,大波斯菊活动累计登录5天,4,14,0,0,0,0,"20101,5",0,,1348,,,0,3067,0,
1349,,mission_decs_1349,0,大波斯菊活动累计登录6天,4,14,0,0,0,0,"20101,6",0,,1349,,,0,3067,0,
1350,,mission_decs_1350,0,大波斯菊活动累计登录7天,4,14,0,0,0,0,"20101,7",0,,1350,,,0,3067,0,
1351,,mission_decs_1351,0,每日登录游戏,4,21,1,0,0,0,"11000,1",0,,1351,,,0,3068,0,
1352,,mission_decs_1352,0,累计消耗200点星魂力,4,21,1,0,0,0,"11005,200",0,,1352,,,0,3068,0,
1353,,mission_decs_1353,0,获取100个红簌币,4,21,1,0,0,0,"20111,100",0,,1353,,,0,3068,0,
1354,,mission_decs_1354,0,获取300个红簌币,4,21,1,0,0,0,"20111,300",0,,1354,,,0,3068,0,
1355,,mission_decs_1355,0,通关屉中泣,4,21,0,0,0,0,"10401010,1",0,,1355,,,0,3069,0,
1356,,mission_decs_1356,0,通关通城道-贰,4,21,0,0,0,0,"10401110,1",0,,1356,,,0,3069,0,
1357,,mission_decs_1357,0,通关云梦镇,4,21,0,0,0,0,"10401040,1",0,,1357,,,0,3069,0,
1358,,mission_decs_1358,0,通关守城战-叁,4,21,0,0,0,0,"10401150,1",0,,1358,,,0,3069,0,
1359,,mission_decs_1359,0,通关山路弯-肆,4,21,0,0,0,0,"10401190,1",0,,1359,,,0,3069,0,
1360,,mission_decs_1360,0,通关丞相令,4,21,0,0,0,0,"10401100,1",0,,1360,,,0,3069,0,
1361,,mission_decs_1361,0,通关瑶池境-贰,4,21,0,0,0,0,"10402140,1",0,,1361,,,0,3069,0,
1362,,mission_decs_1362,0,通关池中誓,4,21,0,0,0,0,"10402030,1",0,,1362,,,0,3069,0,
1363,,mission_decs_1363,0,通关殿前战-贰,4,21,0,0,0,0,"10402180,1",0,,1363,,,0,3069,0,
1364,,mission_decs_1364,0,通关玄武志,4,21,0,0,0,0,"10402060,1",0,,1364,,,0,3069,0,
1365,,mission_decs_1365,0,通关卯之光,4,21,0,0,0,0,"10402070,1",0,,1365,,,0,3069,0,
1366,,mission_decs_1366,0,通关爱神箭,4,21,0,0,0,0,"10402080,1",0,,1366,,,0,3069,0,
1367,,mission_decs_1367,0,通关波斯菊,4,21,0,0,0,0,"10402090,1",0,,1367,,,0,3069,0,
1368,,mission_decs_1368,0,通关叙情诗,4,21,0,0,0,0,"10402100,1",0,,1368,,,0,3069,0,
1369,,mission_decs_1369,0,累计消耗<color=#6780fc>500</color>点星魂力,4,21,0,0,0,0,"20108,500",0,,1369,,,0,3069,0,
1370,,mission_decs_1370,0,累计消耗<color=#6780fc>1000</color>点星魂力,4,21,0,0,0,0,"20108,1000",0,,1370,,,0,3069,0,
1371,,mission_decs_1371,0,累计消耗<color=#6780fc>2000</color>点星魂力,4,21,0,0,0,0,"20108,2000",0,,1371,,,0,3069,0,
1372,,mission_decs_1372,0,累计消耗<color=#6780fc>3000</color>点星魂力,4,21,0,0,0,0,"20108,3000",0,,1372,,,0,3069,0,
1373,,mission_decs_1373,0,和光同尘活动关卡累计收集<color=#6780fc>36</color>星,4,21,0,0,0,0,"20109,36",0,,1373,,,0,3069,0,
1374,,mission_decs_1374,0,和光同尘活动关卡累计收集<color=#6780fc>69</color>星,4,21,0,0,0,0,"20109,69",0,,1374,,,0,3069,0,
1375,,mission_decs_1375,0,大波斯菊活动极难1,4,21,0,0,0,0,"10403010,1",0,,1375,,,0,3069,0,
1376,,mission_decs_1376,0,大波斯菊活动极难2,4,21,0,0,0,0,"10403020,1",0,,1376,,,0,3069,0,
1377,,mission_decs_1377,0,大波斯菊活动极难3,4,21,0,0,0,0,"10403030,1",0,,1377,,,0,3069,0,
1378,,mission_decs_1378,0,大波斯菊活动极难4,4,21,0,0,0,0,"10403040,1",0,,1378,,,0,3069,0,
1379,,mission_decs_1379,0,完成所有任务,4,21,0,0,0,0,"20110,24",0,,1379,,,0,3069,0,
1380,,mission_decs_1380,0,充值积分达到100,4,14,0,0,0,0,"20073,100",0,0,1380,,,0,3070,0,
1381,,mission_decs_1381,0,充值积分达到200,4,14,0,0,0,0,"20073,200",0,0,1381,,,0,3070,0,
1382,,mission_decs_1382,0,充值积分达到600,4,14,0,0,0,0,"20073,600",0,0,1382,,,0,3070,0,
1383,,mission_decs_1383,0,充值积分达到1200,4,14,0,0,0,0,"20073,1200",0,0,1383,,,0,3070,0,
1384,,mission_decs_1384,0,充值积分达到2400,4,14,0,0,0,0,"20073,2400",0,0,1384,,,0,3070,0,
1385,,mission_decs_1385,0,充值积分达到3600,4,14,0,0,0,0,"20073,3600",0,0,1385,,,0,3070,0,
1386,,mission_decs_1386,0,充值积分达到5000,4,14,0,0,0,0,"20073,5000",0,0,1386,,,0,3070,0,
1387,,mission_decs_1387,0,充值积分达到8000,4,14,0,0,0,0,"20073,8000",0,0,1387,,,0,3070,0,
1388,,mission_decs_1388,0,充值积分达到12000,4,14,0,0,0,0,"20073,12000",0,0,1388,,,0,3070,0,
1389,,mission_decs_1389,0,充值积分达到15000,4,14,0,0,0,0,"20073,15000",0,0,1389,,,0,3070,0,
1390,,mission_decs_1390,0,充值积分达到20000,4,14,0,0,0,0,"20073,20000",0,0,1390,,,0,3070,0,
1391,,mission_decs_1391,0,充值积分达到25000,4,14,0,0,0,0,"20073,25000",0,0,1391,,,0,3070,0,
1392,,mission_decs_1392,0,充值积分达到30000,4,14,0,0,0,0,"20073,30000",0,0,1392,,,0,3070,0,
1393,,mission_decs_1393,0,充值积分达到40000,4,14,0,0,0,0,"20073,40000",0,0,1393,,,0,3070,0,
1394,,mission_decs_1394,0,充值积分达到50000,4,14,0,0,0,0,"20073,50000",0,0,1394,,,0,3070,0,
1395,,mission_decs_1395,0,黯影地牢 肉鸽爬塔s1赛季 通关1-5,4,20,0,0,0,0,"700050,1",0,0,1395,,,0,3071,0,
1396,,mission_decs_1396,0,黯影地牢 肉鸽爬塔s1赛季 通关1-10,4,20,0,0,0,0,"700100,1",0,0,1395,,,0,3071,0,
1397,,mission_decs_1397,0,黯影地牢 肉鸽爬塔s1赛季 通关2-5,4,20,0,0,0,0,"700150,1",0,0,1395,,,0,3071,0,
1398,,mission_decs_1398,0,黯影地牢 肉鸽爬塔s1赛季 通关2-10,4,20,0,0,0,0,"700200,1",0,0,1395,,,0,3071,0,
1399,,mission_decs_1399,0,黯影地牢 肉鸽爬塔s1赛季 通关3-5,4,20,0,0,0,0,"700250,1",0,0,1395,,,0,3071,0,
1400,,mission_decs_1400,0,黯影地牢 肉鸽爬塔s1赛季 通关3-10,4,20,0,0,0,0,"700300,1",0,0,1395,,,0,3071,0,
1401,,mission_decs_1401,0,黯影地牢 肉鸽爬塔s1赛季 通关4-5,4,20,0,0,0,0,"700350,1",0,0,1395,,,0,3071,0,
1402,,mission_decs_1402,0,黯影地牢 肉鸽爬塔s1赛季 通关4-10,4,20,0,0,0,0,"700400,1",0,0,1395,,,0,3071,0,
1403,,mission_decs_1403,0,黯影地牢 肉鸽爬塔s1赛季 通关5-5,4,20,0,0,0,0,"700450,1",0,0,1395,,,0,3071,0,
1404,,mission_decs_1404,0,黯影地牢 肉鸽爬塔s1赛季 通关5-10,4,20,0,0,0,0,"700500,1",0,0,1395,,,0,3071,0,
1405,,mission_decs_1405,0,连续充值1天可领取,4,14,0,1201,0,0,"1320,1",0,0,1405,,,0,3072,0,
1406,,mission_decs_1406,0,连续充值2天可领取,4,14,0,1201,0,0,"1320,2",0,0,1406,,,0,3072,0,
1407,,mission_decs_1407,0,连续充值3天可领取,4,14,0,1201,0,0,"1320,3",0,0,1407,,,0,3072,0,
1408,,mission_decs_1408,0,连续充值4天可领取,4,14,0,1201,0,0,"1320,4",0,0,1408,,,0,3072,0,
1409,,mission_decs_1409,0,连续充值5天可领取,4,14,0,1201,0,0,"1320,5",0,0,1409,,,0,3072,0,
1410,,mission_decs_1410,0,连续充值6天可领取,4,14,0,1201,0,0,"1320,6",0,0,1410,,,0,3072,0,
1411,,mission_decs_1411,0,连续充值7天可领取,4,14,0,1201,0,0,"1320,7",0,0,1411,,,0,3072,0,
1412,,mission_decs_1412,0,连续充值8天可领取,4,14,0,1201,0,0,"1320,8",0,0,1412,,,0,3072,0,
1413,mission_title_1413,mission_decs_1413,0,3个魔女达到10级,4,14,0,0,0,"1316,0,6","15024,3",0,,1413,,,0,3073,0,
1414,mission_title_1413,mission_decs_1414,0,3个魔女达到20级,4,14,0,0,0,"1316,0,6","20078,3",0,,1414,,,0,3073,0,
1415,mission_title_1413,mission_decs_1415,0,3个魔女达到25级,4,14,0,0,0,"1316,0,6","20079,3",0,,1415,,,0,3073,0,
1416,mission_title_1413,mission_decs_1416,0,3个魔女达到30级,4,14,0,0,0,"1316,0,6","20080,3",0,,1416,,,0,3073,0,
1417,mission_title_1413,mission_decs_1417,0,3个魔女达到35级,4,14,0,0,0,"1316,0,6","20081,3",0,,1417,,,0,3073,0,
1418,mission_title_1413,mission_decs_1418,0,3个魔女达到40级,4,14,0,0,0,"1316,0,6","20082,3",0,,1418,,,0,3073,0,
1419,mission_title_1413,mission_decs_1419,0,3个魔女达到45级,4,14,0,0,0,"1316,0,6","20083,3",0,,1419,,,0,3073,0,
1420,mission_title_1413,mission_decs_1420,0,3个魔女达到50级,4,14,0,0,0,"1316,0,6","20084,3",0,,1420,,,0,3073,0,
1423,mission_title_1423,mission_decs_1423,0,3个星痕达到30级,4,14,0,0,0,"1316,3,9","20085,3",0,,1423,,,0,3074,0,
1424,mission_title_1423,mission_decs_1424,0,6个星痕达到30级,4,14,0,0,0,"1316,3,9","20085,6",0,,1424,,,0,3074,0,
1425,mission_title_1423,mission_decs_1425,0,9个星痕达到30级,4,14,0,0,0,"1316,3,9","20085,9",0,,1425,,,0,3074,0,
1426,mission_title_1423,mission_decs_1426,0,1个星痕达到70级,4,14,0,0,0,"1316,3,9","20086,1",0,,1426,,,0,3074,0,
1427,mission_title_1423,mission_decs_1427,0,3个星痕达到70级,4,14,0,0,0,"1316,3,9","20086,3",0,,1427,,,0,3074,0,
1428,mission_title_1423,mission_decs_1428,0,6个星痕达到70级,4,14,0,0,0,"1316,3,9","20086,6",0,,1428,,,0,3074,0,
1429,mission_title_1423,mission_decs_1429,0,9个星痕达到70级,4,14,0,0,0,"1316,3,9","20086,9",0,,1429,,,0,3074,0,
1430,mission_title_1423,mission_decs_1430,0,3个星痕达到120级,4,14,0,0,0,"1316,3,9","20087,3",0,,1430,,,0,3074,0,
1433,mission_title_1433,mission_decs_1433,0,1个星痕技能达到3级,4,14,0,0,0,"1316,5,11","15031,1",0,,1433,,,0,3075,0,
1434,mission_title_1433,mission_decs_1434,0,3个星痕技能达到3级,4,14,0,0,0,"1316,5,11","15031,3",0,,1434,,,0,3075,0,
1435,mission_title_1433,mission_decs_1435,0,6个星痕技能达到3级,4,14,0,0,0,"1316,5,11","15031,6",0,,1435,,,0,3075,0,
1436,mission_title_1433,mission_decs_1436,0,3个星痕技能达到5级,4,14,0,0,0,"1316,5,11","20088,3",0,,1436,,,0,3075,0,
1437,mission_title_1433,mission_decs_1437,0,6个星痕技能达到5级,4,14,0,0,0,"1316,5,11","20088,6",0,,1437,,,0,3075,0,
1438,mission_title_1433,mission_decs_1438,0,3个星痕技能达到7级,4,14,0,0,0,"1316,5,11","20089,3",0,,1438,,,0,3075,0,
1439,mission_title_1433,mission_decs_1439,0,6个星痕技能达到7级,4,14,0,0,0,"1316,5,11","20089,6",0,,1439,,,0,3075,0,
1440,mission_title_1433,mission_decs_1440,0,3个星痕技能达到9级,4,14,0,0,0,"1316,5,11","20090,3",0,,1440,,,0,3075,0,
1443,mission_title_1443,mission_decs_1443,0,装备18个符文,4,14,0,0,0,"1316,7,13","20091,18",0,,1443,,,0,3076,0,
1444,mission_title_1443,mission_decs_1444,0,装备18个金品符文,4,14,0,0,0,"1316,7,13","20092,18",0,,1444,,,0,3076,0,
1445,mission_title_1443,mission_decs_1445,0,装备18个红品符文,4,14,0,0,0,"1316,7,13","20093,18",0,,1445,,,0,3076,0,
1446,mission_title_1443,mission_decs_1446,0,3个符文达到5级,4,14,0,0,0,"1316,7,13","20094,3",0,,1446,,,0,3076,0,
1447,mission_title_1443,mission_decs_1447,0,6个符文达到5级,4,14,0,0,0,"1316,7,13","20094,6",0,,1447,,,0,3076,0,
1448,mission_title_1443,mission_decs_1448,0,3个符文达到10级,4,14,0,0,0,"1316,7,13","20095,3",0,,1448,,,0,3076,0,
1449,mission_title_1443,mission_decs_1449,0,6个符文达到10级,4,14,0,0,0,"1316,7,13","20095,6",0,,1449,,,0,3076,0,
1450,mission_title_1443,mission_decs_1450,0,3个符文达到20级,4,14,0,0,0,"1316,7,13","20096,3",0,,1450,,,0,3076,0,
1451,,mission_decs_1451,0,观看1次广告,4,14,1,0,0,0,"1321,1",0,0,1451,,,0,3077,0,
1452,,mission_decs_1452,0,拥有星痕-异邦波斯菊,4,14,0,10107,0,0,"20107,1",0,,1452,,,0,3078,0,
1453,,mission_decs_1453,0,异邦波斯菊达到觉醒等级1,4,14,0,10107,0,0,"18398,1",0,,1453,,,0,3078,0,
1454,,mission_decs_1454,0,异邦波斯菊达到觉醒等级2,4,14,0,10107,0,0,"18398,2",0,,1454,,,0,3078,0,
1455,,mission_decs_1455,0,异邦波斯菊达到觉醒等级3,4,14,0,10107,0,0,"18398,3",0,,1455,,,0,3078,0,
1456,,mission_decs_1456,0,异邦波斯菊达到觉醒等级4,4,14,0,10107,0,0,"18398,4",0,,1456,,,0,3078,0,
1457,,mission_decs_1457,0,异邦波斯菊达到觉醒等级5,4,14,0,10107,0,0,"18398,5",0,,1457,,,0,3078,0,
1458,,mission_decs_1458,0,每日登录游戏,4,21,1,0,0,0,"11000,1",0,,1458,,,0,3079,0,
1459,,mission_decs_1459,0,累计消耗200点星魂力,4,21,1,0,0,0,"11005,200",0,,1459,,,0,3079,0,
1460,,mission_decs_1460,0,升级1次符文,4,21,1,0,0,0,"11385,1",0,,1460,,,0,3079,0,
1461,,mission_decs_1461,0,活动商店中兑换任意1次商品,4,21,1,0,0,0,"20118,1",0,,1461,,,0,3079,0,
1462,,mission_decs_1462,0,通关入秋日,4,21,0,0,0,0,"10301010,1",0,,1462,,,0,3080,0,
1463,,mission_decs_1463,0,通关手绢,4,21,0,0,0,0,"10301030,1",0,,1463,,,0,3080,0,
1464,,mission_decs_1464,0,通关失落者,4,21,0,0,0,0,"10301050,1",0,,1464,,,0,3080,0,
1465,,mission_decs_1465,0,通关艾雅语,4,21,0,0,0,0,"10301070,1",0,,1465,,,0,3080,0,
1466,,mission_decs_1466,0,通关书楼,4,21,0,0,0,0,"10301090,1",0,,1466,,,0,3080,0,
1467,,mission_decs_1467,0,通关不眠夜,4,21,0,0,0,0,"10301110,1",0,,1467,,,0,3080,0,
1468,,mission_decs_1468,0,通关君主,4,21,0,0,0,0,"10301130,1",0,,1468,,,0,3080,0,
1469,,mission_decs_1469,0,通关郊游日,4,21,0,0,0,0,"10301160,1",0,,1469,,,0,3080,0,
1470,,mission_decs_1470,0,通关池鱼,4,21,0,0,0,0,"10301190,1",0,,1470,,,0,3080,0,
1471,,mission_decs_1471,0,通关归乡日,4,21,0,0,0,0,"10301240,1",0,,1471,,,0,3080,0,
1472,,mission_decs_1472,0,通关霜雨,4,21,0,0,0,0,"10301270,1",0,,1472,,,0,3080,0,
1473,,mission_decs_1473,0,通关归宿,4,21,0,0,0,0,"10301300,1",0,,1473,,,0,3080,0,
1474,,mission_decs_1474,0,通关遮光物,4,21,0,0,0,0,"10303010,1",0,,1474,,,0,3080,0,
1475,,mission_decs_1475,0,通关尘霾,4,21,0,0,0,0,"10303020,1",0,,1475,,,0,3080,0,
1476,,mission_decs_1476,0,通关晚风-1,4,21,0,0,0,0,"10303030,1",0,,1476,,,0,3080,0,
1477,,mission_decs_1477,0,通关晚风-2,4,21,0,0,0,0,"10303040,1",0,,1477,,,0,3080,0,
1478,,mission_decs_1478,0,累计消耗<color=#6780fc>5000</color>个恶魔蜜酿,4,21,0,0,0,0,"20117,5000",0,,1478,,,0,3080,0,
1479,,mission_decs_1479,0,累计消耗<color=#6780fc>10000</color>点恶魔蜜酿,4,21,0,0,0,0,"20117,10000",0,,1479,,,0,3080,0,
1480,,mission_decs_1480,0,累计消耗<color=#6780fc>500</color>点星魂力,4,21,0,0,0,0,"20114,500",0,,1480,,,0,3080,0,
1481,,mission_decs_1481,0,累计消耗<color=#6780fc>1500</color>点星魂力,4,21,0,0,0,0,"20114,1500",0,,1481,,,0,3080,0,
1482,,mission_decs_1482,0,累计消耗<color=#6780fc>3000</color>点星魂力,4,21,0,0,0,0,"20114,3000",0,,1482,,,0,3080,0,
1483,,mission_decs_1483,0,累计消耗<color=#6780fc>5000</color>点星魂力,4,21,0,0,0,0,"20114,5000",0,,1483,,,0,3080,0,
1484,,mission_decs_1484,0,遮光梦活动关卡累计收集<color=#6780fc>30</color>星,4,21,0,0,0,0,"20115,30",0,,1484,,,0,3080,0,
1485,,mission_decs_1485,0,遮光梦活动关卡累计收集<color=#6780fc>60</color>星,4,21,0,0,0,0,"20115,60",0,,1485,,,0,3080,0,
1486,,mission_decs_1486,0,遮光梦活动关卡累计收集<color=#6780fc>90</color>星,4,21,0,0,0,0,"20115,90",0,,1486,,,0,3080,0,
1487,,mission_decs_1487,0,完成所有任务,4,21,0,0,0,0,"20116,25",0,,1487,,,0,3080,0,
1488,,mission_decs_1488,0,昔莱活动累计登录1天,4,14,0,0,0,0,"20113,1",0,,1488,,,0,3081,0,
1489,,mission_decs_1489,0,昔莱活动累计登录2天,4,14,0,0,0,0,"20113,2",0,,1489,,,0,3081,0,
1490,,mission_decs_1490,0,昔莱活动累计登录3天,4,14,0,0,0,0,"20113,3",0,,1490,,,0,3081,0,
1491,,mission_decs_1491,0,昔莱活动累计登录4天,4,14,0,0,0,0,"20113,4",0,,1491,,,0,3081,0,
1492,,mission_decs_1492,0,昔莱活动累计登录5天,4,14,0,0,0,0,"20113,5",0,,1492,,,0,3081,0,
1493,,mission_decs_1493,0,昔莱活动累计登录6天,4,14,0,0,0,0,"20113,6",0,,1493,,,0,3081,0,
1494,,mission_decs_1494,0,昔莱活动累计登录7天,4,14,0,0,0,0,"20113,7",0,,1494,,,0,3081,0,
1495,,mission_decs_1495,0,拥有星痕-昔莱,4,14,0,10105,0,0,"20124,1",0,,1495,,,0,3082,0,
1496,,mission_decs_1496,0,昔莱达到觉醒等级1,4,14,0,10105,0,0,"18395,1",0,,1496,,,0,3082,0,
1497,,mission_decs_1497,0,昔莱达到觉醒等级2,4,14,0,10105,0,0,"18395,2",0,,1497,,,0,3082,0,
1498,,mission_decs_1498,0,昔莱达到觉醒等级3,4,14,0,10105,0,0,"18395,3",0,,1498,,,0,3082,0,
1499,,mission_decs_1499,0,昔莱达到觉醒等级4,4,14,0,10105,0,0,"18395,4",0,,1499,,,0,3082,0,
1500,,mission_decs_1500,0,昔莱达到觉醒等级5,4,14,0,10105,0,0,"18395,5",0,,1500,,,0,3082,0,
1501,,mission_decs_1501,0,累计10抽,4,14,0,0,0,0,"20125,100",0,,1501,,,0,3083,0,
1502,,mission_decs_1502,0,累计20抽,4,14,0,0,0,0,"20125,200",0,,1502,,,0,3083,0,
1503,,mission_decs_1503,0,累计30抽,4,14,0,0,0,0,"20125,300",0,,1503,,,0,3083,0,
1504,,mission_decs_1504,0,累计40抽,4,14,0,0,0,0,"20125,400",0,,1504,,,0,3083,0,
1505,,mission_decs_1505,0,累计60抽,4,14,0,0,0,0,"20125,600",0,,1505,,,0,3083,0,
1506,,mission_decs_1506,0,累计80抽,4,14,0,0,0,0,"20125,800",0,,1506,,,0,3083,0,
1507,,mission_decs_1507,0,累计100抽,4,14,0,0,0,0,"20125,1000",0,,1507,,,0,3083,0,
1508,,mission_decs_1508,0,消耗1000本勒,4,14,0,0,0,0,"20129,1000",0,,1508,,,0,3084,0,
1509,,mission_decs_1509,0,消耗3000本勒,4,14,0,0,0,0,"20129,3000",0,,1509,,,0,3084,0,
1510,,mission_decs_1510,0,消耗5000本勒,4,14,0,0,0,"20128,3","20129,5000",0,,1510,,,0,3084,0,
1511,,mission_decs_1511,0,消耗10000本勒,4,14,0,0,0,"20128,3","20129,10000",0,,1511,,,0,3084,0,
1512,,mission_decs_1512,0,消耗20000本勒,4,14,0,0,0,"20128,5","20129,20000",0,,1512,,,0,3084,0,
1513,,mission_decs_1513,0,消耗50000本勒,4,14,0,0,0,"20128,5","20129,50000",0,,1513,,,0,3084,0,
1514,,mission_decs_1514,0,消耗100000本勒,4,14,0,0,0,"20128,7","20129,100000",0,,1514,,,0,3084,0,
1515,,mission_decs_1515,0,消耗150000本勒,4,14,0,0,0,"20128,7","20129,150000",0,,1515,,,0,3084,0,
1516,,mission_decs_1516,0,消耗200000本勒,4,14,0,0,0,"20128,9","20129,200000",0,,1516,,,0,3084,0,
1517,,mission_decs_1517,0,消耗250000本勒,4,14,0,0,0,"20128,9","20129,250000",0,,1517,,,0,3084,0,
1518,,mission_decs_1518,0,消耗100体力,4,14,0,0,0,0,"20133,100",0,,1518,,,0,3085,0,
1519,,mission_decs_1519,0,消耗300体力,4,14,0,0,0,0,"20133,300",0,,1519,,,0,3085,0,
1520,,mission_decs_1520,0,消耗500体力,4,14,0,0,0,"20128,3","20133,500",0,,1520,,,0,3085,0,
1521,,mission_decs_1521,0,消耗800体力,4,14,0,0,0,"20128,3","20133,800",0,,1521,,,0,3085,0,
1522,,mission_decs_1522,0,消耗1000体力,4,14,0,0,0,"20128,5","20133,1000",0,,1522,,,0,3085,0,
1523,,mission_decs_1523,0,消耗1500体力,4,14,0,0,0,"20128,5","20133,1500",0,,1523,,,0,3085,0,
1524,,mission_decs_1524,0,消耗2000体力,4,14,0,0,0,"20128,7","20133,2000",0,,1524,,,0,3085,0,
1525,,mission_decs_1525,0,消耗2500体力,4,14,0,0,0,"20128,7","20133,2500",0,,1525,,,0,3085,0,
1526,,mission_decs_1526,0,消耗3000体力,4,14,0,0,0,"20128,9","20133,3000",0,,1526,,,0,3085,0,
1527,,mission_decs_1527,0,消耗3500体力,4,14,0,0,0,"20128,9","20133,3500",0,,1527,,,0,3085,0,
1528,,mission_decs_1528,0,完成2次宝库之门,4,14,0,0,0,0,"20130,2",0,,1528,,,0,3086,0,
1529,,mission_decs_1529,0,完成5次宝库之门,4,14,0,0,0,0,"20130,5",0,,1529,,,0,3086,0,
1530,,mission_decs_1530,0,完成10次宝库之门,4,14,0,0,0,"20128,3","20130,10",0,,1530,,,0,3086,0,
1531,,mission_decs_1531,0,完成15次宝库之门,4,14,0,0,0,"20128,3","20130,15",0,,1531,,,0,3086,0,
1532,,mission_decs_1532,0,完成20次宝库之门,4,14,0,0,0,"20128,5","20130,20",0,,1532,,,0,3086,0,
1533,,mission_decs_1533,0,完成25次宝库之门,4,14,0,0,0,"20128,5","20130,25",0,,1533,,,0,3086,0,
1534,,mission_decs_1534,0,完成30次宝库之门,4,14,0,0,0,"20128,7","20130,30",0,,1534,,,0,3086,0,
1535,,mission_decs_1535,0,完成35次宝库之门,4,14,0,0,0,"20128,7","20130,35",0,,1535,,,0,3086,0,
1536,,mission_decs_1536,0,完成40次宝库之门,4,14,0,0,0,"20128,9","20130,40",0,,1536,,,0,3086,0,
1537,,mission_decs_1537,0,完成50次宝库之门,4,14,0,0,0,"20128,9","20130,50",0,,1537,,,0,3086,0,
1538,,mission_decs_1538,0,克萝萝累计行走1米里程,4,14,0,0,0,0,"20131,1",0,,1538,,,0,3087,0,
1539,,mission_decs_1539,0,克萝萝累计行走3米里程,4,14,0,0,0,0,"20131,3",0,,1539,,,0,3087,0,
1540,,mission_decs_1540,0,克萝萝累计行走5米里程,4,14,0,0,0,"20128,3","20131,5",0,,1540,,,0,3087,0,
1541,,mission_decs_1541,0,克萝萝累计行走10米里程,4,14,0,0,0,"20128,3","20131,10",0,,1541,,,0,3087,0,
1542,,mission_decs_1542,0,克萝萝累计行走15米里程,4,14,0,0,0,"20128,5","20131,15",0,,1542,,,0,3087,0,
1543,,mission_decs_1543,0,克萝萝累计行走20米里程,4,14,0,0,0,"20128,5","20131,20",0,,1543,,,0,3087,0,
1544,,mission_decs_1544,0,克萝萝累计行走25米里程,4,14,0,0,0,"20128,7","20131,25",0,,1544,,,0,3087,0,
1545,,mission_decs_1545,0,克萝萝累计行走30米里程,4,14,0,0,0,"20128,7","20131,30",0,,1545,,,0,3087,0,
1546,,mission_decs_1546,0,克萝萝累计行走35米里程,4,14,0,0,0,"20128,9","20131,35",0,,1546,,,0,3087,0,
1547,,mission_decs_1547,0,克萝萝累计行走40米里程,4,14,0,0,0,"20128,9","20131,40",0,,1547,,,0,3087,0,
1548,,mission_decs_1548,0,击败2名每日boss,4,14,0,0,0,0,"20132,2",0,,1548,,,0,3088,0,
1549,,mission_decs_1549,0,击败5名每日boss,4,14,0,0,0,0,"20132,5",0,,1549,,,0,3088,0,
1550,,mission_decs_1550,0,击败8名每日boss,4,14,0,0,0,"20128,3","20132,8",0,,1550,,,0,3088,0,
1551,,mission_decs_1551,0,击败11名每日boss,4,14,0,0,0,"20128,3","20132,11",0,,1551,,,0,3088,0,
1552,,mission_decs_1552,0,击败15名每日boss,4,14,0,0,0,"20128,5","20132,15",0,,1552,,,0,3088,0,
1553,,mission_decs_1553,0,击败20名每日boss,4,14,0,0,0,"20128,5","20132,20",0,,1553,,,0,3088,0,
1554,,mission_decs_1554,0,击败25名每日boss,4,14,0,0,0,"20128,7","20132,25",0,,1554,,,0,3088,0,
1555,,mission_decs_1555,0,击败30名每日boss,4,14,0,0,0,"20128,7","20132,30",0,,1555,,,0,3088,0,
1556,,mission_decs_1556,0,击败35名每日boss,4,14,0,0,0,"20128,9","20132,35",0,,1556,,,0,3088,0,
1557,,mission_decs_1557,0,击败40名每日boss,4,14,0,0,0,"20128,9","20132,40",0,,1557,,,0,3088,0,
1558,,,0,10积分,4,14,0,0,0,0,"20134,10",0,,1558,,,0,3089,0,
1559,,,0,20积分,4,14,0,0,0,0,"20134,20",0,,1559,,,0,3089,0,
1560,,,0,30积分,4,14,0,0,0,0,"20134,30",0,,1560,,,0,3089,0,
1561,,,0,40积分,4,14,0,0,0,0,"20134,40",0,,1561,,,0,3089,0,
1562,,mission_decs_1562,0,拥有星痕-奈奥米,4,14,0,0,0,0,"20135,1",0,,1562,,,0,3090,0,
1563,,mission_decs_1563,0,奈奥米达到觉醒等级1,4,14,0,0,0,0,"18388,1",0,,1563,,,0,3090,0,
1564,,mission_decs_1564,0,奈奥米达到觉醒等级2,4,14,0,0,0,0,"18388,2",0,,1564,,,0,3090,0,
1565,,mission_decs_1565,0,奈奥米达到觉醒等级3,4,14,0,0,0,0,"18388,3",0,,1565,,,0,3090,0,
1566,,mission_decs_1566,0,奈奥米达到觉醒等级4,4,14,0,0,0,0,"18388,4",0,,1566,,,0,3090,0,
1567,,mission_decs_1567,0,奈奥米达到觉醒等级5,4,14,0,0,0,0,"18388,5",0,,1567,,,0,3090,0,
1568,,mission_decs_1568,0,奈奥米活动-道具关1,4,21,0,0,0,0,"10501010,1",0,,1568,,,0,3091,0,
1569,,mission_decs_1569,0,奈奥米活动-道具关2,4,21,0,0,0,0,"10501020,1",0,,1569,,,0,3091,0,
1570,,mission_decs_1570,0,奈奥米活动-道具关3,4,21,0,0,0,0,"10501030,1",0,,1570,,,0,3091,0,
1571,,mission_decs_1571,0,奈奥米活动-道具关4,4,21,0,0,0,0,"10501040,1",0,,1571,,,0,3091,0,
1572,,mission_decs_1572,0,奈奥米活动-道具关5,4,21,0,0,0,0,"10501050,1",0,,1572,,,0,3091,0,
1573,,mission_decs_1573,0,奈奥米活动-道具关6,4,21,0,0,0,0,"10501070,1",0,,1573,,,0,3091,0,
1574,,mission_decs_1574,0,奈奥米活动-道具关7,4,21,0,0,0,0,"10501080,1",0,,1574,,,0,3091,0,
1575,,mission_decs_1575,0,奈奥米活动-道具关8,4,21,0,0,0,0,"10501090,1",0,,1575,,,0,3091,0,
1587,,mission_decs_1587,0,每日登录游戏,4,21,1,0,0,0,"11000,1",0,,1587,,,0,3092,0,
1588,,mission_decs_1588,0,累计消耗200点星魂力,4,21,1,0,0,0,"11005,200",0,,1588,,,0,3092,0,
1589,,mission_decs_1589,0,升级1次符文,4,21,1,0,0,0,"11385,1",0,,1589,,,0,3092,0,
1590,,mission_decs_1590,0,活动商店中兑换任意1次商品,4,21,1,0,0,0,"20144,1",0,,1590,,,0,3092,0,
1591,,mission_decs_1591,0,通关奈奥米活动1.1,4,21,0,0,0,0,"10501150,1",0,,1591,,,0,3093,0,
1592,,mission_decs_1592,0,通关奈奥米活动1.3,4,21,0,0,0,0,"10501170,1",0,,1592,,,0,3093,0,
1593,,mission_decs_1593,0,通关奈奥米活动2.1,4,21,0,0,0,0,"10501180,1",0,,1593,,,0,3093,0,
1594,,mission_decs_1594,0,通关奈奥米活动2.3,4,21,0,0,0,0,"10501200,1",0,,1594,,,0,3093,0,
1595,,mission_decs_1595,0,通关奈奥米活动4.1,4,21,0,0,0,0,"10501210,1",0,,1595,,,0,3093,0,
1596,,mission_decs_1596,0,通关奈奥米活动4.3,4,21,0,0,0,0,"10501230,1",0,,1596,,,0,3093,0,
1597,,mission_decs_1597,0,通关奈奥米活动6.3,4,21,0,0,0,0,"10501260,1",0,,1597,,,0,3093,0,
1598,,mission_decs_1598,0,通关奈奥米活动7.1,4,21,0,0,0,0,"10501270,1",0,,1598,,,0,3093,0,
1599,,mission_decs_1599,0,通关奈奥米活动下1.1,4,21,0,0,0,0,"10502010,1",0,,1599,,,0,3093,0,
1600,,mission_decs_1600,0,通关奈奥米活动下1.4,4,21,0,0,0,0,"10502040,1",0,,1600,,,0,3093,0,
1601,,mission_decs_1601,0,通关奈奥米活动下1.7,4,21,0,0,0,0,"10502070,1",0,,1601,,,0,3093,0,
1602,,mission_decs_1602,0,通关奈奥米活动下2,4,21,0,0,0,0,"10502100,1",0,,1602,,,0,3093,0,
1603,,mission_decs_1603,0,通关奈奥米活动极难1,4,21,0,0,0,0,"10503010,1",0,,1603,,,0,3093,0,
1604,,mission_decs_1604,0,通关奈奥米活动极难2,4,21,0,0,0,0,"10503020,1",0,,1604,,,0,3093,0,
1605,,mission_decs_1605,0,通关奈奥米活动极难3,4,21,0,0,0,0,"10503030,1",0,,1605,,,0,3093,0,
1606,,mission_decs_1606,0,通关奈奥米活动极难4,4,21,0,0,0,0,"10503040,1",0,,1606,,,0,3093,0,
1607,,mission_decs_1607,0,活动商店中消耗10000飞禽纪念币,4,21,0,0,0,0,"20140,10000",0,,1607,,,0,3093,0,
1608,,mission_decs_1608,0,活动商店中消耗20000飞禽纪念币,4,21,0,0,0,0,"20140,20000",0,,1608,,,0,3093,0,
1609,,mission_decs_1609,0,消耗1000体力,4,21,0,0,0,0,"20138,1000",0,,1609,,,0,3093,0,
1610,,mission_decs_1610,0,消耗2000体力,4,21,0,0,0,0,"20138,2000",0,,1610,,,0,3093,0,
1611,,mission_decs_1611,0,消耗3000体力,4,21,0,0,0,0,"20138,3000",0,,1611,,,0,3093,0,
1612,,mission_decs_1612,0,消耗5000体力,4,21,0,0,0,0,"20138,5000",0,,1612,,,0,3093,0,
1613,,mission_decs_1613,0,知更鸟的镇魂曲活动关卡累计收集<color=#6780fc>24</color>星,4,21,0,0,0,0,"20139,24",0,,1613,,,0,3093,0,
1614,,mission_decs_1614,0,知更鸟的镇魂曲活动关卡累计收集<color=#6780fc>48</color>星,4,21,0,0,0,0,"20139,48",0,,1614,,,0,3093,0,
1615,,mission_decs_1615,0,知更鸟的镇魂曲活动关卡累计收集<color=#6780fc>69</color>星,4,21,0,0,0,0,"20139,69",0,,1615,,,0,3093,0,
1616,,mission_decs_1616,0,完成所有任务,4,21,0,0,0,0,"20141,25",0,,1616,,,0,3093,0,
1617,,mission_decs_1617,0,奈奥米活动累计登录1天,4,14,0,0,0,0,"20137,1",0,,1617,,,0,3094,0,
1618,,mission_decs_1618,0,奈奥米活动累计登录2天,4,14,0,0,0,0,"20137,2",0,,1618,,,0,3094,0,
1619,,mission_decs_1619,0,奈奥米活动累计登录3天,4,14,0,0,0,0,"20137,3",0,,1619,,,0,3094,0,
1620,,mission_decs_1620,0,奈奥米活动累计登录4天,4,14,0,0,0,0,"20137,4",0,,1620,,,0,3094,0,
1621,,mission_decs_1621,0,奈奥米活动累计登录5天,4,14,0,0,0,0,"20137,5",0,,1621,,,0,3094,0,
1622,,mission_decs_1622,0,奈奥米活动累计登录6天,4,14,0,0,0,0,"20137,6",0,,1622,,,0,3094,0,
1623,,mission_decs_1623,0,奈奥米活动累计登录7天,4,14,0,0,0,0,"20137,7",0,,1623,,,0,3094,0,
1624,,mission_decs_1624,0,累计获得<color=#ffb527>60</color>累充积分,4,14,0,0,0,0,"20143,600",0,0,1624,,,0,3095,0,
1625,,mission_decs_1625,0,累计获得<color=#ffb527>120</color>累充积分,4,14,0,0,0,0,"20143,1200",0,0,1625,,,0,3095,0,
1626,,mission_decs_1626,0,累计获得<color=#ffb527>360</color>累充积分,4,14,0,0,0,0,"20143,3600",0,0,1626,,,0,3095,0,
1627,,mission_decs_1627,0,累计获得<color=#ffb527>660</color>累充积分,4,14,0,0,0,0,"20143,6600",0,0,1627,,,0,3095,0,
1628,,mission_decs_1628,0,累计获得<color=#ffb527>1280</color>累充积分,4,14,0,0,0,0,"20143,12800",0,0,1628,,,0,3095,0,
1629,,mission_decs_1629,0,累计获得<color=#ffb527>1980</color>累充积分,4,14,0,0,0,0,"20143,19800",0,0,1629,,,0,3095,0,
1630,,mission_decs_1630,0,累计获得<color=#ffb527>3280</color>累充积分,4,14,0,0,0,0,"20143,32800",0,0,1630,,,0,3095,0,
1631,,mission_decs_1631,0,累计获得<color=#ffb527>4880</color>累充积分,4,14,0,0,0,0,"20143,48800",0,0,1631,,,0,3095,0,
1632,,mission_decs_1632,0,累计获得<color=#ffb527>6660</color>累充积分,4,14,0,0,0,0,"20143,66600",0,0,1632,,,0,3095,0,
1633,,mission_decs_1633,0,累计获得<color=#ffb527>8880</color>累充积分,4,14,0,0,0,0,"20143,88800",0,0,1633,,,0,3095,0,
1634,,mission_decs_1634,0,累计获得<color=#ffb527>11500</color>累充积分,4,14,0,0,0,0,"20143,115000",0,0,1634,,,0,3095,0,
1635,,mission_decs_1635,0,累计获得<color=#ffb527>16000</color>累充积分,4,14,0,0,0,0,"20143,160000",0,0,1635,,,0,3095,0,
1636,,mission_decs_1636,0,累计获得<color=#ffb527>20000</color>累充积分,4,14,0,0,0,0,"20143,200000",0,0,1636,,,0,3095,0,
1637,,mission_decs_1637,0,累计获得<color=#ffb527>25000</color>累充积分,4,14,0,0,0,0,"20143,250000",0,0,1637,,,0,3095,0,
1638,,mission_decs_1638,0,累计获得<color=#ffb527>30000</color>累充积分,4,14,0,0,0,0,"20143,300000",0,0,1638,,,0,3095,0,
1639,,mission_decs_1639,0,每日登录游戏,4,21,1,0,0,0,"11000,1",0,,1639,,,0,3096,0,
1640,,mission_decs_1640,0,回归累计登录1天,4,14,0,0,0,0,"20146,1",0,,1640,,,0,3097,0,
1641,,mission_decs_1641,0,回归累计登录2天,4,14,0,0,0,0,"20146,2",0,,1641,,,0,3097,0,
1642,,mission_decs_1642,0,回归累计登录3天,4,14,0,0,0,0,"20146,3",0,,1642,,,0,3097,0,
1643,,mission_decs_1643,0,回归累计登录4天,4,14,0,0,0,0,"20146,4",0,,1643,,,0,3097,0,
1644,,mission_decs_1644,0,回归累计登录5天,4,14,0,0,0,0,"20146,5",0,,1644,,,0,3097,0,
1645,,mission_decs_1645,0,回归累计登录6天,4,14,0,0,0,0,"20146,6",0,,1645,,,0,3097,0,
1646,,mission_decs_1646,0,回归累计登录7天,4,14,0,0,0,0,"20146,7",0,,1646,,,0,3097,0,
1647,,mission_decs_1647,0,拥有星痕-诺维雅,4,14,0,0,0,0,"20147,1",0,,1647,,,0,3098,0,
1648,,mission_decs_1648,0,诺维雅达到觉醒等级1,4,14,0,0,0,0,"18376,1",0,,1648,,,0,3098,0,
1649,,mission_decs_1649,0,诺维雅达到觉醒等级2,4,14,0,0,0,0,"18376,2",0,,1649,,,0,3098,0,
1650,,mission_decs_1650,0,诺维雅达到觉醒等级3,4,14,0,0,0,0,"18376,3",0,,1650,,,0,3098,0,
1651,,mission_decs_1651,0,诺维雅达到觉醒等级4,4,14,0,0,0,0,"18376,4",0,,1651,,,0,3098,0,
1652,,mission_decs_1652,0,诺维雅达到觉醒等级5,4,14,0,0,0,0,"18376,5",0,,1652,,,0,3098,0,
1653,,mission_decs_1653,0,拥有星痕-爱尔维拉,4,14,0,0,0,0,"20148,1",0,,1653,,,0,3099,0,
1654,,mission_decs_1654,0,爱尔维拉达到觉醒等级1,4,14,0,0,0,0,"18448,1",0,,1654,,,0,3099,0,
1655,,mission_decs_1655,0,爱尔维拉达到觉醒等级2,4,14,0,0,0,0,"18448,2",0,,1655,,,0,3099,0,
1656,,mission_decs_1656,0,爱尔维拉达到觉醒等级3,4,14,0,0,0,0,"18448,3",0,,1656,,,0,3099,0,
1657,,mission_decs_1657,0,爱尔维拉达到觉醒等级4,4,14,0,0,0,0,"18448,4",0,,1657,,,0,3099,0,
1658,,mission_decs_1658,0,爱尔维拉达到觉醒等级5,4,14,0,0,0,0,"18448,5",0,,1658,,,0,3099,0,
1659,,mission_decs_1659,0,击败3个每日boss,4,14,0,0,0,0,"20151,3;20150,1",0,,1659,,,0,3100,0,
1660,,mission_decs_1660,0,击败5个每日boss,4,14,0,0,0,0,"20151,5;20150,1",0,,1660,,,0,3100,0,
1661,,mission_decs_1661,0,击败8个每日boss,4,14,0,0,0,0,"20151,8;20150,1",0,,1661,,,0,3100,0,
1662,,mission_decs_1662,0,击败12个每日boss,4,14,0,0,0,0,"20151,12;20150,1",0,,1662,,,0,3100,0,
1663,,mission_decs_1663,0,击败16个每日boss,4,14,0,0,0,0,"20151,16;20150,1",0,,1663,,,0,3100,0,
1664,,mission_decs_1664,0,击败20个每日boss,4,14,0,0,0,0,"20151,20;20150,1",0,,1664,,,0,3100,0,
1665,,mission_decs_1665,0,击败24个每日boss,4,14,0,0,0,0,"20151,24;20150,1",0,,1665,,,0,3100,0,
1666,,mission_decs_1666,0,击败28个每日boss,4,14,0,0,0,0,"20151,28;20150,1",0,,1666,,,0,3100,0,
1667,,mission_decs_1667,0,击败32个每日boss,4,14,0,0,0,0,"20151,32;20150,1",0,,1667,,,0,3100,0,
1668,,mission_decs_1668,0,击败35个每日boss,4,14,0,0,0,0,"20151,35;20150,1",0,,1668,,,0,3100,0,
1669,,mission_decs_1669,0,击败40个每日boss,4,14,0,0,0,0,"20151,40;20150,1",0,,1669,,,0,3100,0,
1670,,mission_decs_1670,0,击败45个每日boss,4,14,0,0,0,0,"20151,45;20150,1",0,,1670,,,0,3100,0,
1671,,mission_decs_1671,0,爱尔维拉活动累计登录1天,4,14,0,0,0,0,"20153,1",0,,1671,,,0,3101,0,
1672,,mission_decs_1672,0,爱尔维拉活动累计登录2天,4,14,0,0,0,0,"20153,2",0,,1672,,,0,3101,0,
1673,,mission_decs_1673,0,爱尔维拉活动累计登录3天,4,14,0,0,0,0,"20153,3",0,,1673,,,0,3101,0,
1674,,mission_decs_1674,0,爱尔维拉活动累计登录4天,4,14,0,0,0,0,"20153,4",0,,1674,,,0,3101,0,
1675,,mission_decs_1675,0,爱尔维拉活动累计登录5天,4,14,0,0,0,0,"20153,5",0,,1675,,,0,3101,0,
1676,,mission_decs_1676,0,爱尔维拉活动累计登录6天,4,14,0,0,0,0,"20153,6",0,,1676,,,0,3101,0,
1677,,mission_decs_1677,0,爱尔维拉活动累计登录7天,4,14,0,0,0,0,"20153,7",0,,1677,,,0,3101,0,
1678,,mission_decs_1587,0,每日登录游戏,4,21,1,0,0,0,"11000,1",0,,1678,,,0,3102,0,
1679,,mission_decs_1588,0,累计消耗200点星魂力,4,21,1,0,0,0,"11005,200",0,,1679,,,0,3102,0,
1680,,mission_decs_1589,0,升级1次符文,4,21,1,0,0,0,"11385,1",0,,1680,,,0,3102,0,
1681,,mission_decs_1590,0,活动商店中兑换任意1次商品,4,21,1,0,0,0,"20158,1",0,,1681,,,0,3102,0,
1682,,mission_decs_1682,0,通关召唤1,4,21,0,0,0,0,"12001010,1",0,,1682,,,0,3103,0,
1683,,mission_decs_1683,0,通关召唤2,4,21,0,0,0,0,"12001020,1",0,,1683,,,0,3103,0,
1684,,mission_decs_1684,0,通关风波3,4,21,0,0,0,0,"12001050,1",0,,1684,,,0,3103,0,
1685,,mission_decs_1685,0,通关抓包3,4,21,0,0,0,0,"12001080,1",0,,1685,,,0,3103,0,
1686,,mission_decs_1686,0,通关出逃2,4,21,0,0,0,0,"12001100,1",0,,1686,,,0,3103,0,
1687,,mission_decs_1687,0,通关认证2,4,21,0,0,0,0,"12001120,1",0,,1687,,,0,3103,0,
1688,,mission_decs_1688,0,通关召唤2-进阶,4,21,0,0,0,0,"12002020,1",0,,1688,,,0,3103,0,
1689,,mission_decs_1689,0,通关风波3-进阶,4,21,0,0,0,0,"12002050,1",0,,1689,,,0,3103,0,
1690,,mission_decs_1690,0,通关抓包3-进阶,4,21,0,0,0,0,"12002080,1",0,,1690,,,0,3103,0,
1691,,mission_decs_1691,0,通关出逃2-进阶,4,21,0,0,0,0,"12002100,1",0,,1691,,,0,3103,0,
1692,,mission_decs_1692,0,通关认证2-进阶,4,21,0,0,0,0,"12002120,1",0,,1692,,,0,3103,0,
1693,,mission_decs_1693,0,通关谁人胆敢不敬,4,21,0,0,0,0,"12003010,1",0,,1693,,,0,3103,0,
1694,,mission_decs_1694,0,通关瑟瑟发抖吧！,4,21,0,0,0,0,"12003020,1",0,,1694,,,0,3103,0,
1695,,mission_decs_1695,0,通关刮目相看吧！,4,21,0,0,0,0,"12003030,1",0,,1695,,,0,3103,0,
1696,,mission_decs_1696,0,通关我开玩笑的,4,21,0,0,0,0,"12003040,1",0,,1696,,,0,3103,0,
1697,,mission_decs_1697,0,通关这样也行啦,4,21,0,0,0,0,"12003050,1",0,,1697,,,0,3103,0,
1698,,mission_decs_1698,0,累计消耗<color=#6780fc>5000</color>个完美绑架信,4,21,0,0,0,0,"20156,5000",0,,1698,,,0,3103,0,
1699,,mission_decs_1699,0,累计消耗<color=#6780fc>10000</color>个完美绑架信,4,21,0,0,0,0,"20156,10000",0,,1699,,,0,3103,0,
1700,,mission_decs_1700,0,累计消耗<color=#6780fc>500</color>点星魂力,4,21,0,0,0,0,"20154,500",0,,1700,,,0,3103,0,
1701,,mission_decs_1701,0,累计消耗<color=#6780fc>1500</color>点星魂力,4,21,0,0,0,0,"20154,1500",0,,1701,,,0,3103,0,
1702,,mission_decs_1702,0,累计消耗<color=#6780fc>3000</color>点星魂力,4,21,0,0,0,0,"20154,3000",0,,1702,,,0,3103,0,
1703,,mission_decs_1703,0,累计消耗<color=#6780fc>5000</color>点星魂力,4,21,0,0,0,0,"20154,5000",0,,1703,,,0,3103,0,
1704,,mission_decs_1704,0,恶龙计划活动关卡累计收集<color=#6780fc>24</color>星,4,21,0,0,0,0,"20155,24",0,,1704,,,0,3103,0,
1705,,mission_decs_1705,0,恶龙计划活动关卡累计收集<color=#6780fc>48</color>星,4,21,0,0,0,0,"20155,48",0,,1705,,,0,3103,0,
1706,,mission_decs_1706,0,恶龙计划活动关卡累计收集<color=#6780fc>72</color>星,4,21,0,0,0,0,"20155,72",0,,1706,,,0,3103,0,
1707,,mission_decs_1707,0,完成所有任务,4,21,0,0,0,0,"20157,25",0,,1707,,,0,3103,0,
1708,,mission_decs_1708,0,开服百抽-累计登录1天,4,14,0,0,0,0,"20160,1",0,,1708,,,0,3104,0,
1709,,mission_decs_1709,0,开服百抽-累计登录2天,4,14,0,0,0,0,"20160,2",0,,1709,,,0,3104,0,
1710,,mission_decs_1710,0,开服百抽-累计登录3天,4,14,0,0,0,0,"20160,3",0,,1710,,,0,3104,0,
1711,,mission_decs_1711,0,开服百抽-累计登录4天,4,14,0,0,0,0,"20160,4",0,,1711,,,0,3104,0,
1712,,mission_decs_1712,0,开服百抽-累计登录5天,4,14,0,0,0,0,"20160,5",0,,1712,,,0,3104,0,
1713,,mission_decs_1713,0,开服百抽-累计登录6天,4,14,0,0,0,0,"20160,6",0,,1713,,,0,3104,0,
1714,,mission_decs_1714,0,开服百抽-累计登录7天,4,14,0,0,0,0,"20160,7",0,,1714,,,0,3104,0,
1715,,mission_decs_1715,0,开服百抽-累计登录8天,4,14,0,0,0,0,"20160,8",0,,1715,,,0,3104,0,
1716,,mission_decs_1716,0,开服百抽-累计登录9天,4,14,0,0,0,0,"20160,9",0,,1716,,,0,3104,0,
1717,,mission_decs_1717,0,开服百抽-累计登录10天,4,14,0,0,0,0,"20160,10",0,,1717,,,0,3104,0,
1718,,mission_decs_1718,0,玩家等级达到35级,4,14,0,0,0,0,"104,35",0,,1718,,,0,3105,0,
1720,,mission_decs_1720,0,魔物阵列赛季挑战1次,4,24,0,0,0,0,"19030,1",0,,1720,,,0,3106,0,
1721,,mission_decs_1721,0,魔物阵列赛季挑战3次,4,24,0,0,0,0,"19030,3",0,,1720,,,0,3106,0,
1722,,mission_decs_1722,0,魔物阵列赛季挑战5次,4,24,0,0,0,0,"19030,5",0,,1720,,,0,3106,0,
1723,,mission_decs_1723,0,魔物阵列赛季挑战10次,4,24,0,0,0,0,"19030,10",0,,1720,,,0,3106,0,
1724,,mission_decs_1724,0,魔物阵列赛季挑战15次,4,24,0,0,0,0,"19030,15",0,,1720,,,0,3106,0,
1725,,mission_decs_1725,0,魔物阵列赛季挑战20次,4,24,0,0,0,0,"19030,20",0,,1720,,,0,3106,0,
1726,,mission_decs_1726,0,缘起锦绣-桃活动,4,19,0,0,0,0,"10204010,1",1020401,0,1726,,,0,3107,,
1727,,mission_decs_1727,0,深林遇狐-桃活动,4,19,0,0,0,0,"10204020,1",1020402,0,1726,,,0,3107,,
1728,,mission_decs_1728,0,落花又逢-桃活动,4,19,0,0,0,0,"10204030,1",1020403,0,1726,,,0,3107,,
1729,,mission_decs_1729,0,神契双结-桃活动,4,19,0,0,0,0,"10204040,1",1020404,0,1726,,,0,3107,,
1730,,mission_decs_1730,0,佳愿-桃活动,4,19,0,0,0,0,"10204050,1",1020405,0,1726,,,0,3107,,
1731,,mission_decs_1731,0,恶神传说-桃活动,4,19,0,0,0,0,"10204060,1",1020406,0,1726,,,0,3107,,
1732,,mission_decs_1732,0,解怨释结-桃活动,4,19,0,0,0,0,"10204070,1",1020407,0,1726,,,0,3107,,
1733,,mission_decs_1733,0,夕暮漫步-桃活动,4,19,0,0,0,0,"10204080,1",1020408,0,1726,,,0,3107,,
1734,,mission_decs_1734,0,阴云袭人-桃活动,4,19,0,0,0,0,"10204090,1",1020409,0,1726,,,0,3107,,
1735,,mission_decs_1735,0,不安-桃活动,4,19,0,0,0,0,"10204100,1",1020410,0,1726,,,0,3107,,
1736,,mission_decs_1736,0,神谕赐福-桃活动,4,19,0,0,0,0,"10204110,1",1020411,0,1726,,,0,3107,,
1737,,mission_decs_1737,0,世如我见-桃活动,4,19,0,0,0,0,"10204120,1",1020412,0,1726,,,0,3107,,
1738,,mission_decs_1738,0,黑与白-桃活动,4,19,0,0,0,0,"10204130,1",1020413,0,1726,,,0,3107,,
1739,,mission_decs_1739,0,齐心协力-桃活动,4,19,0,0,0,0,"10204140,1",1020414,0,1726,,,0,3107,,
1740,,mission_decs_1740,0,勘破我执-桃活动,4,19,0,0,0,0,"10204150,1",1020415,0,1726,,,0,3107,,
1741,,mission_decs_1741,0,誓约-桃活动,4,19,0,0,0,0,"10204160,1",1020416,0,1726,,,0,3107,,
1742,,mission_decs_1742,0,梦醒遇佳期-桃活动,4,19,0,0,0,0,"10204170,1",1020417,0,1726,,,0,3107,,
1743,,mission_decs_1743,0,心有感-桃活动,4,19,0,0,0,0,"10204180,1",1020418,0,1726,,,0,3107,,
1744,,mission_decs_1744,0,遇南山-桃活动,4,19,0,0,0,0,"10204190,1",1020419,0,1726,,,0,3107,,
1745,,mission_decs_1745,0,越藩篱-桃活动,4,19,0,0,0,0,"10204200,1",1020420,0,1726,,,0,3107,,
1746,,mission_decs_1746,0,行长路-桃活动,4,19,0,0,0,0,"10204210,1",1020421,0,1726,,,0,3107,,
1747,,mission_decs_1747,0,潜深林-桃活动,4,19,0,0,0,0,"10204220,1",1020422,0,1726,,,0,3107,,
1748,,mission_decs_1748,0,空折枝-桃活动,4,19,0,0,0,0,"10204230,1",1020423,0,1726,,,0,3107,,
1749,,mission_decs_1749,0,饮溪月-桃活动,4,19,0,0,0,0,"10204240,1",1020424,0,1726,,,0,3107,,
1750,,mission_decs_1750,0,入夜时-桃活动,4,19,0,0,0,0,"10204250,1",1020425,0,1726,,,0,3107,,
1751,,mission_decs_1751,0,蚀月现-桃活动,4,19,0,0,0,0,"10204260,1",1020426,0,1726,,,0,3107,,
1752,,mission_decs_1752,0,雾中邀约,4,19,0,0,0,0,"10104010,1",1010401,0,1752,,,0,3108,,
1753,,mission_decs_1753,0,暗潮推舷,4,19,0,0,0,0,"10104020,1",1010402,0,1752,,,0,3108,,
1754,,mission_decs_1754,0,阴云集聚,4,19,0,0,0,0,"10104030,1",1010403,0,1752,,,0,3108,,
1755,,mission_decs_1755,0,明灯始燃,4,19,0,0,0,0,"10104040,1",1010404,0,1752,,,0,3108,,
101010,ui_stage_101,0,0,新时代,4,19,0,0,0,0,"101010,1",0,0,101010,,,0,10100,0,
101020,ui_stage_101,0,0,世界尽头与亿万星痕,4,19,0,0,0,0,"101020,1",0,0,101020,,,0,,0,
101030,ui_stage_101,0,0,班底,4,19,0,0,0,0,"101030,1",0,0,101030,,,0,10100,0,
101040,ui_stage_101,0,0,朋友,4,19,0,0,0,0,"101040,1",0,0,101040,,,0,,0,
101050,ui_stage_101,0,0,窃食者,4,19,0,0,0,0,"101050,1",0,0,101050,,,0,,0,
101060,ui_stage_101,0,0,第二现场,4,19,0,0,0,0,"101060,1",0,0,101060,,,0,10100,0,
101070,ui_stage_101,0,0,纯白阴影,4,19,0,0,0,0,"101070,1",0,0,101070,,,0,,0,
101080,ui_stage_101,0,0,草蛇灰线,4,19,0,0,0,0,"101080,1",0,0,101080,,,0,10100,0,
101090,ui_stage_101,0,0,圈套,4,19,0,0,0,0,"101090,1",0,0,101090,,,0,10100,0,
101100,ui_stage_101,0,0,最终现场,4,19,0,0,0,0,"101100,1",0,0,101100,,,0,10100,0,
101110,ui_stage_101,0,0,猎物,4,19,0,0,0,0,"101110,1",0,0,101110,,,0,,0,
101120,ui_stage_101,0,0,病,4,19,0,0,0,0,"101120,1",0,0,101120,,,0,10100,0,
101130,ui_stage_101,0,0,传染,4,19,0,0,0,0,"101130,1",0,0,101130,,,0,10100,0,
101140,ui_stage_101,0,0,追查,4,19,0,0,0,0,"101140,1",0,0,101140,,,0,10100,0,
101150,ui_stage_101,0,0,讨伐-1,4,19,0,0,0,0,"101150,1",0,0,101150,,,0,,0,
101160,ui_stage_101,0,0,讨伐-2,4,19,0,0,0,0,"101160,1",0,0,101160,,,0,10100,0,
101170,ui_stage_101,0,0,讨伐-3,4,19,0,0,0,0,"101170,1",0,0,101170,,,0,10100,0,
101180,ui_stage_101,0,0,讨伐-4,4,19,0,0,0,0,"101180,1",0,0,101180,,,0,10100,0,
101190,ui_stage_101,0,0,讨伐-5,4,19,0,0,0,0,"101190,1",0,0,101190,,,0,,0,
101200,ui_stage_101,0,0,讨伐-6,4,19,0,0,0,0,"101200,1",0,0,101200,,,0,10100,0,
101210,ui_stage_101,0,0,讨伐-7,4,19,0,0,0,0,"101210,1",0,0,101210,,,0,10100,0,
101220,ui_stage_101,0,0,讨伐-8,4,19,0,0,0,0,"101220,1",0,0,101220,,,0,,0,
101230,ui_stage_101,0,0,讨伐-9,4,19,0,0,0,0,"101230,1",0,0,101170,,,0,10100,0,
101240,ui_stage_101,0,0,讨伐-10,4,19,0,0,0,0,"101240,1",0,0,101180,,,0,10100,0,
101250,ui_stage_101,0,0,讨伐-11,4,19,0,0,0,0,"101250,1",0,0,101190,,,0,10100,0,
101260,ui_stage_101,0,0,讨伐-12,4,19,0,0,0,0,"101260,1",0,0,101200,,,0,10100,0,
101270,ui_stage_101,0,0,讨伐-13,4,19,0,0,0,0,"101270,1",0,0,101210,,,0,10100,0,
102010,ui_stage_101,0,0,小雨,4,19,0,0,0,0,"102010,1",0,0,102010,,,0,10200,0,
102020,ui_stage_101,0,0,怠慢与谨慎,4,19,0,0,0,0,"102020,1",0,0,102020,,,0,10200,0,
102030,ui_stage_101,0,0,谜题,4,19,0,0,0,0,"102030,1",0,0,102030,,,0,,0,
102040,ui_stage_101,0,0,雨痕,4,19,0,0,0,0,"102040,1",0,0,102040,,,0,,0,
102050,ui_stage_101,0,0,乌云,4,19,0,0,0,0,"102050,1",0,0,102050,,,0,,0,
102060,ui_stage_101,0,0,蛀虫,4,19,0,0,0,0,"102060,1",0,0,102060,,,0,,0,
102070,ui_stage_101,0,0,天敌,4,19,0,0,0,0,"102070,1",0,0,102070,,,0,,0,
102080,ui_stage_101,0,0,分歧,4,19,0,0,0,0,"102080,1",0,0,102080,,,0,,0,
102090,ui_stage_101,0,0,期待,4,19,0,0,0,0,"102090,1",0,0,102090,,,0,,0,
102100,ui_stage_101,0,0,嘲笑,4,19,0,0,0,0,"102100,1",0,0,102100,,,0,,0,
102110,ui_stage_101,0,0,夜魇,4,19,0,0,0,0,"102110,1",0,0,102110,,,0,,0,
102120,ui_stage_101,0,0,选择,4,19,0,0,0,0,"102120,1",0,0,102120,,,0,,0,
102130,ui_stage_101,0,0,预报,4,19,0,0,0,0,"102130,1",0,0,102130,,,0,10200,0,
102140,ui_stage_101,0,0,倾盆,4,19,0,0,0,0,"102140,1",0,0,102140,,,0,10200,0,
102150,ui_stage_101,0,0,洗脱,4,19,0,0,0,0,"102150,1",0,0,102150,,,0,,0,
102160,ui_stage_101,0,0,讨伐-1,4,19,0,0,0,0,"102160,1",0,0,102160,,,0,10200,0,
102170,ui_stage_101,0,0,讨伐-2,4,19,0,0,0,0,"102170,1",0,0,102170,,,0,10200,0,
102180,ui_stage_101,0,0,讨伐-3,4,19,0,0,0,0,"102180,1",0,0,102180,,,0,10200,0,
102190,ui_stage_101,0,0,讨伐-4,4,19,0,0,0,0,"102190,1",0,0,102190,,,0,10200,0,
102200,ui_stage_101,0,0,讨伐-5,4,19,0,0,0,0,"102200,1",0,0,102200,,,0,10200,0,
102210,ui_stage_101,0,0,讨伐-6,4,19,0,0,0,0,"102210,1",0,0,102210,,,0,10200,0,
102220,ui_stage_101,0,0,讨伐-7,4,19,0,0,0,0,"102220,1",0,0,102220,,,0,10200,0,
102230,ui_stage_101,0,0,讨伐-8,4,19,0,0,0,0,"102230,1",0,0,102230,,,0,10200,0,
102240,ui_stage_101,0,0,讨伐-9,4,19,0,0,0,0,"102240,1",0,0,102240,,,0,10200,0,
102250,ui_stage_101,0,0,讨伐-10,4,19,0,0,0,0,"102250,1",0,0,102250,,,0,10200,0,
102260,ui_stage_101,0,0,讨伐-11,4,19,0,0,0,0,"102260,1",0,0,102260,,,0,10200,0,
102270,ui_stage_101,0,0,讨伐-12,4,19,0,0,0,0,"102270,1",0,0,102270,,,0,10200,0,
102280,ui_stage_101,0,0,讨伐-13,4,19,0,0,0,0,"102280,1",0,0,102280,,,0,10200,0,
103010,ui_stage_101,0,0,冰冷,4,19,0,0,0,0,"103010,1",0,0,103010,,,0,,0,
103020,ui_stage_101,0,0,折翼,4,19,0,0,0,0,"103020,1",0,0,103020,,,0,,0,
103030,ui_stage_101,0,0,调动,4,19,0,0,0,0,"103030,1",0,0,103030,,,0,,0,
103040,ui_stage_101,0,0,盛宴,4,19,0,0,0,0,"103040,1",0,0,103040,,,0,,0,
103050,ui_stage_101,0,0,萌芽,4,19,0,0,0,0,"103050,1",0,0,103050,,,0,,0,
103060,ui_stage_101,0,0,警告,4,19,0,0,0,0,"103060,1",0,0,103060,,,0,10300,0,
103070,ui_stage_101,0,0,断链,4,19,0,0,0,0,"103070,1",0,0,103070,,,0,10300,0,
103080,ui_stage_101,0,0,噬灭,4,19,0,0,0,0,"103080,1",0,0,103080,,,0,10300,0,
103090,ui_stage_101,0,0,破土,4,19,0,0,0,0,"103090,1",0,0,103090,,,0,,0,
103100,ui_stage_101,0,0,剪除,4,19,0,0,0,0,"103100,1",0,0,103100,,,0,10300,0,
103110,ui_stage_101,0,0,独白,4,19,0,0,0,0,"103110,1",0,0,103110,,,0,10300,0,
103120,ui_stage_101,0,0,讨伐-1,4,19,0,0,0,0,"103120,1",0,0,103120,,,0,10300,0,
103130,ui_stage_101,0,0,讨伐-2,4,19,0,0,0,0,"103130,1",0,0,103130,,,0,10300,0,
103140,ui_stage_101,0,0,讨伐-3,4,19,0,0,0,0,"103140,1",0,0,103140,,,0,10300,0,
103150,ui_stage_101,0,0,讨伐-4,4,19,0,0,0,0,"103150,1",0,0,103150,,,0,10300,0,
103160,ui_stage_101,0,0,讨伐-5,4,19,0,0,0,0,"103160,1",0,0,103160,,,0,10300,0,
103170,ui_stage_101,0,0,讨伐-6,4,19,0,0,0,0,"103170,1",0,0,103170,,,0,10300,0,
103180,ui_stage_101,0,0,讨伐-7,4,19,0,0,0,0,"103180,1",0,0,103180,,,0,10300,0,
103190,ui_stage_101,0,0,讨伐-8,4,19,0,0,0,0,"103190,1",0,0,103190,,,0,10300,0,
103200,ui_stage_101,0,0,讨伐-9,4,19,0,0,0,0,"103200,1",0,0,103200,,,0,10300,0,
104010,ui_stage_101,0,0,园丁,4,19,0,0,0,0,"104010,1",0,0,104010,,,0,,0,
104020,ui_stage_101,0,0,沃土,4,19,0,0,0,0,"104020,1",0,0,104020,,,0,,0,
104030,ui_stage_101,0,0,虫害,4,19,0,0,0,0,"104030,1",0,0,104030,,,0,10400,0,
104040,ui_stage_101,0,0,播种,4,19,0,0,0,0,"104040,1",0,0,104040,,,0,,0,
104050,ui_stage_101,0,0,含苞,4,19,0,0,0,0,"104050,1",0,0,104050,,,0,,0,
104060,ui_stage_101,0,0,花粉,4,19,0,0,0,0,"104060,1",0,0,104060,,,0,,0,
104070,ui_stage_101,0,0,剪除,4,19,0,0,0,0,"104070,1",0,0,104070,,,0,10400,0,
104080,ui_stage_101,0,0,等待,4,19,0,0,0,0,"104080,1",0,0,104080,,,0,,0,
104090,ui_stage_101,0,0,月色,4,19,0,0,0,0,"104090,1",0,0,104090,,,0,,0,
104100,ui_stage_101,0,0,幽香,4,19,0,0,0,0,"104100,1",0,0,104100,,,0,,0,
104110,ui_stage_101,0,0,绽放,4,19,0,0,0,0,"104110,1",0,0,104110,,,0,,0,
104120,ui_stage_101,0,0,虚妄,4,19,0,0,0,0,"104120,1",0,0,104120,,,0,10400,0,
104130,ui_stage_101,0,0,猎获,4,19,0,0,0,0,"104130,1",0,0,104130,,,0,10400,0,
104140,ui_stage_101,0,0,枯萎,4,19,0,0,0,0,"104140,1",0,0,104140,,,0,10400,0,
104150,ui_stage_101,0,0,硕果,4,19,0,0,0,0,"104150,1",0,0,104150,,,0,,0,
104160,ui_stage_101,0,0,讨伐-1,4,19,0,0,0,0,"104160,1",0,0,104160,,,0,10400,0,
104170,ui_stage_101,0,0,讨伐-2,4,19,0,0,0,0,"104170,1",0,0,104170,,,0,10400,0,
104180,ui_stage_101,0,0,讨伐-3,4,19,0,0,0,0,"104180,1",0,0,104180,,,0,10400,0,
104190,ui_stage_101,0,0,讨伐-4,4,19,0,0,0,0,"104190,1",0,0,104190,,,0,10400,0,
104200,ui_stage_101,0,0,讨伐-5,4,19,0,0,0,0,"104200,1",0,0,104200,,,0,10400,0,
104210,ui_stage_101,0,0,讨伐-6,4,19,0,0,0,0,"104210,1",0,0,104210,,,0,10400,0,
104220,ui_stage_101,0,0,讨伐-7,4,19,0,0,0,0,"104220,1",0,0,104220,,,0,10400,0,
104230,ui_stage_101,0,0,讨伐-8,4,19,0,0,0,0,"104230,1",0,0,104230,,,0,10400,0,
104240,ui_stage_101,0,0,讨伐-9,4,19,0,0,0,0,"104240,1",0,0,104240,,,0,10400,0,
105010,ui_stage_101,0,0,祭品,4,19,0,0,0,0,"105010,1",0,0,105010,,,0,,0,
105020,ui_stage_101,0,0,朋友,4,19,0,0,0,0,"105020,1",0,0,105020,,,0,,0,
105030,ui_stage_101,0,0,重逢,4,19,0,0,0,0,"105030,1",0,0,105030,,,0,,0,
105040,ui_stage_101,0,0,誓言,4,19,0,0,0,0,"105040,1",0,0,105040,,,0,,0,
105050,ui_stage_101,0,0,博弈,4,19,0,0,0,0,"105050,1",0,0,105050,,,0,,0,
105060,ui_stage_101,0,0,注视,4,19,0,0,0,0,"105060,1",0,0,105060,,,0,10500,0,
105070,ui_stage_101,0,0,月咏,4,19,0,0,0,0,"105070,1",0,0,105070,,,0,10500,0,
105080,ui_stage_101,0,0,回响,4,19,0,0,0,0,"105080,1",0,0,105080,,,0,,0,
105090,ui_stage_101,0,0,花朵,4,19,0,0,0,0,"105090,1",0,0,105090,,,0,,0,
105100,ui_stage_101,0,0,赎买,4,19,0,0,0,0,"105100,1",0,0,105100,,,0,10500,0,
105110,ui_stage_101,0,0,耻辱,4,19,0,0,0,0,"105110,1",0,0,105110,,,0,,0,
105120,ui_stage_101,0,0,宴,4,19,0,0,0,0,"105120,1",0,0,105120,,,0,,0,
105130,ui_stage_101,0,0,追求,4,19,0,0,0,0,"105130,1",0,0,105130,,,0,10500,0,
105140,ui_stage_101,0,0,边缘,4,19,0,0,0,0,"105140,1",0,0,105140,,,0,,0,
105150,ui_stage_101,0,0,道路,4,19,0,0,0,0,"105150,1",0,0,105150,,,0,,0,
105160,ui_stage_101,0,0,憎恨,4,19,0,0,0,0,"105160,1",0,0,105160,,,0,10500,0,
105170,ui_stage_101,0,0,掌心,4,19,0,0,0,0,"105170,1",0,0,105170,,,0,,0,
105180,ui_stage_101,0,0,义人,4,19,0,0,0,0,"105180,1",0,0,105180,,,0,,0,
105190,ui_stage_101,0,0,獠牙,4,19,0,0,0,0,"105190,1",0,0,105190,,,0,10500,0,
105200,ui_stage_101,0,0,代价,4,19,0,0,0,0,"105200,1",0,0,105200,,,0,,0,
105210,ui_stage_101,0,0,讨伐-1,4,19,0,0,0,0,"105210,1",0,0,105210,,,0,10500,0,
105220,ui_stage_101,0,0,讨伐-2,4,19,0,0,0,0,"105220,1",0,0,105220,,,0,10500,0,
105230,ui_stage_101,0,0,讨伐-3,4,19,0,0,0,0,"105230,1",0,0,105230,,,0,10500,0,
105240,ui_stage_101,0,0,讨伐-4,4,19,0,0,0,0,"105240,1",0,0,105240,,,0,10500,0,
105250,ui_stage_101,0,0,讨伐-5,4,19,0,0,0,0,"105250,1",0,0,105250,,,0,10500,0,
105260,ui_stage_101,0,0,讨伐-6,4,19,0,0,0,0,"105260,1",0,0,105260,,,0,10500,0,
105270,ui_stage_101,0,0,讨伐-7,4,19,0,0,0,0,"105270,1",0,0,105270,,,0,10500,0,
105280,ui_stage_101,0,0,讨伐-8,4,19,0,0,0,0,"105280,1",0,0,105280,,,0,10500,0,
105290,ui_stage_101,0,0,讨伐-9,4,19,0,0,0,0,"105290,1",0,0,105290,,,0,10500,0,
105300,ui_stage_101,0,0,讨伐-10,4,19,0,0,0,0,"105300,1",0,0,105300,,,0,10500,0,
105310,ui_stage_101,0,0,讨伐-11,4,19,0,0,0,0,"105310,1",0,0,105310,,,0,10500,0,
105320,ui_stage_101,0,0,讨伐-12,4,19,0,0,0,0,"105320,1",0,0,105320,,,0,10500,0,
105330,ui_stage_101,0,0,讨伐-13,4,19,0,0,0,0,"105330,1",0,0,105330,,,0,10500,0,
106010,ui_stage_101,0,0,讨伐-1,4,19,0,0,0,0,"106010,1",0,0,106010,,,0,10600,0,1
106020,ui_stage_101,0,0,讨伐-2,4,19,0,0,0,0,"106020,1",0,0,106020,,,0,10600,0,1
106030,ui_stage_101,0,0,讨伐-3,4,19,0,0,0,0,"106030,1",0,0,106030,,,0,10600,0,1
106040,ui_stage_101,0,0,讨伐-4,4,19,0,0,0,0,"106040,1",0,0,106040,,,0,10600,0,1
106050,ui_stage_101,0,0,讨伐-5,4,19,0,0,0,0,"106050,1",0,0,106050,,,0,10600,0,1
106060,ui_stage_101,0,0,讨伐-6,4,19,0,0,0,0,"106060,1",0,0,106060,,,0,10600,0,1
106070,ui_stage_101,0,0,讨伐-7,4,19,0,0,0,0,"106070,1",0,0,106070,,,0,10600,0,1
106080,ui_stage_101,0,0,讨伐-8,4,19,0,0,0,0,"106080,1",0,0,106080,,,0,10600,0,1
106090,ui_stage_101,0,0,讨伐-9,4,19,0,0,0,0,"106090,1",0,0,106090,,,0,10600,0,1
106100,ui_stage_101,0,0,讨伐-10,4,19,0,0,0,0,"106100,1",0,0,106100,,,0,10600,0,1
106110,ui_stage_101,0,0,讨伐-11,4,19,0,0,0,0,"106110,1",0,0,106110,,,0,10600,0,1
106120,ui_stage_101,0,0,讨伐-12,4,19,0,0,0,0,"106120,1",0,0,106120,,,0,10600,0,1
106130,ui_stage_101,0,0,讨伐-13,4,19,0,0,0,0,"106130,1",0,0,106130,,,0,10600,0,1
106140,ui_stage_101,0,0,讨伐-14,4,19,0,0,0,0,"106140,1",0,0,106140,,,0,10600,0,1
106150,ui_stage_101,0,0,讨伐-15,4,19,0,0,0,0,"106150,1",0,0,106150,,,0,10600,0,1
106160,ui_stage_101,0,0,讨伐-16,4,19,0,0,0,0,"106160,1",0,0,106160,,,0,10600,0,1
106170,ui_stage_101,0,0,讨伐-17,4,19,0,0,0,0,"106170,1",0,0,106170,,,0,10600,0,1
106180,ui_stage_101,0,0,讨伐-18,4,19,0,0,0,0,"106180,1",0,0,106180,,,0,10600,0,1
106190,ui_stage_101,0,0,讨伐-19,4,19,0,0,0,0,"106190,1",0,0,106190,,,0,10600,0,1
106200,ui_stage_101,0,0,讨伐-20,4,19,0,0,0,0,"106200,1",0,0,106200,,,0,10600,0,1
106210,ui_stage_101,0,0,讨伐-21,4,19,0,0,0,0,"106210,1",0,0,106210,,,0,10600,0,1
106220,ui_stage_101,0,0,讨伐-22,4,19,0,0,0,0,"106220,1",0,0,106220,,,0,10600,0,1
107010,ui_stage_101,0,0,反思,4,19,0,0,0,0,"107010,1",0,0,107010,,,0,,0,
107020,ui_stage_101,0,0,苍白与血,4,19,0,0,0,0,"107020,1",0,0,107020,,,0,,0,
107030,ui_stage_101,0,0,誓约的秘密,4,19,0,0,0,0,"107030,1",0,0,107030,,,0,,0,
107040,ui_stage_101,0,0,夜谈,4,19,0,0,0,0,"107040,1",0,0,107040,,,0,,0,
107050,ui_stage_101,0,0,谈判,4,19,0,0,0,0,"107050,1",0,0,107050,,,0,,0,
107060,ui_stage_101,0,0,一千七百年的阴影,4,19,0,0,0,0,"107060,1",0,0,107060,,,0,,0,
107070,ui_stage_101,0,0,盈泪,4,19,0,0,0,0,"107070,1",0,0,107070,,,0,,0,
107080,ui_stage_101,0,0,誓言的诅咒,4,19,0,0,0,0,"107080,1",0,0,107080,,,0,,0,
107090,ui_stage_101,0,0,她的噩梦,4,19,0,0,0,0,"107090,1",0,0,107090,,,0,,0,
107100,ui_stage_101,0,0,信和线索,4,19,0,0,0,0,"107100,1",0,0,107100,,,0,,0,
107110,ui_stage_101,0,0,行动,4,19,0,0,0,0,"107110,1",0,0,107110,,,0,,0,
107120,ui_stage_101,0,0,戏剧性桥段,4,19,0,0,0,0,"107120,1",0,0,107120,,,0,,0,
107130,ui_stage_101,0,0,生面孔,4,19,0,0,0,0,"107130,1",0,0,107130,,,0,,0,
107140,ui_stage_101,0,0,冷血动物与复仇者,4,19,0,0,0,0,"107140,1",0,0,107140,,,0,,0,
107150,ui_stage_101,0,0,婚约与抵达者,4,19,0,0,0,0,"107150,1",0,0,107150,,,0,,0,
107160,ui_stage_101,0,0,玩火,4,19,0,0,0,0,"107160,1",0,0,107160,,,0,,0,
107170,ui_stage_101,0,0,讨伐-1,4,19,0,0,0,0,"107170,1",0,0,107170,,,0,10700,0,
107180,ui_stage_101,0,0,讨伐-2,4,19,0,0,0,0,"107180,1",0,0,107180,,,0,10700,0,
107190,ui_stage_101,0,0,讨伐-3,4,19,0,0,0,0,"107190,1",0,0,107190,,,0,10700,0,
107200,ui_stage_101,0,0,讨伐-4,4,19,0,0,0,0,"107200,1",0,0,107200,,,0,10700,0,
107210,ui_stage_101,0,0,讨伐-5,4,19,0,0,0,0,"107210,1",0,0,107210,,,0,10700,0,
107220,ui_stage_101,0,0,讨伐-6,4,19,0,0,0,0,"107220,1",0,0,107220,,,0,10700,0,
107230,ui_stage_101,0,0,讨伐-7,4,19,0,0,0,0,"107230,1",0,0,107230,,,0,10700,0,
107240,ui_stage_101,0,0,讨伐-8,4,19,0,0,0,0,"107240,1",0,0,107240,,,0,10700,0,
107250,ui_stage_101,0,0,讨伐-9,4,19,0,0,0,0,"107250,1",0,0,107250,,,0,10700,0,
107260,ui_stage_101,0,0,讨伐-10,4,19,0,0,0,0,"107260,1",0,0,107260,,,0,10700,0,
108010,ui_stage_101,0,0,情报交流,4,19,0,0,0,0,"108010,1",0,0,108010,,,0,,0,
108020,ui_stage_101,0,0,黑神月咏在做梦,4,19,0,0,0,0,"108020,1",0,0,108020,,,0,,0,
108030,ui_stage_101,0,0,不受欢迎的客人,4,19,0,0,0,0,"108030,1",0,0,108030,,,0,,0,
108040,ui_stage_101,0,0,阴谋与亲吻,4,19,0,0,0,0,"108040,1",0,0,108040,,,0,,0,
108050,ui_stage_101,0,0,米娅的消息,4,19,0,0,0,0,"108050,1",0,0,108050,,,0,,0,
108060,ui_stage_101,0,0,渗透计划,4,19,0,0,0,0,"108060,1",0,0,108060,,,0,,0,
108070,ui_stage_101,0,0,于逃亡的旅途中,4,19,0,0,0,0,"108070,1",0,0,108070,,,0,,0,
108080,ui_stage_101,0,0,米娅·霍洛韦尔,4,19,0,0,0,0,"108080,1",0,0,108080,,,0,,0,
108090,ui_stage_101,0,0,恶魔,4,19,0,0,0,0,"108090,1",0,0,108090,,,0,,0,
108100,ui_stage_101,0,0,登门造访,4,19,0,0,0,0,"108100,1",0,0,108100,,,0,,0,
108110,ui_stage_101,0,0,诱饵行动,4,19,0,0,0,0,"108110,1",0,0,108110,,,0,,0,
108120,ui_stage_101,0,0,另一个世界,4,19,0,0,0,0,"108120,1",0,0,108120,,,0,,0,
108130,ui_stage_101,0,0,提醒和诅咒转移,4,19,0,0,0,0,"108130,1",0,0,108130,,,0,,0,
108140,ui_stage_101,0,0,情与欲,4,19,0,0,0,0,"108140,1",0,0,108140,,,0,,0,
108150,ui_stage_101,0,0,酝酿,4,19,0,0,0,0,"108150,1",0,0,108150,,,0,,0,
108160,ui_stage_101,0,0,廉耻是火焰,4,19,0,0,0,0,"108160,1",0,0,108160,,,0,10800,0,
108170,ui_stage_101,0,0,戛然而止,4,19,0,0,0,0,"108170,1",0,0,108170,,,0,10800,0,
108180,ui_stage_101,0,0,讨伐-1,4,19,0,0,0,0,"108180,1",0,0,108180,,,0,10800,0,
108190,ui_stage_101,0,0,讨伐-2,4,19,0,0,0,0,"108190,1",0,0,108190,,,0,10800,0,
108200,ui_stage_101,0,0,讨伐-3,4,19,0,0,0,0,"108200,1",0,0,108200,,,0,10800,0,
108210,ui_stage_101,0,0,讨伐-4,4,19,0,0,0,0,"108210,1",0,0,108210,,,0,10800,0,
108220,ui_stage_101,0,0,讨伐-5,4,19,0,0,0,0,"108220,1",0,0,108220,,,0,10800,0,
108230,ui_stage_101,0,0,讨伐-6,4,19,0,0,0,0,"108230,1",0,0,108230,,,0,10800,0,
108240,ui_stage_101,0,0,讨伐-7,4,19,0,0,0,0,"108240,1",0,0,108240,,,0,10800,0,
108250,ui_stage_101,0,0,讨伐-8,4,19,0,0,0,0,"108250,1",0,0,108250,,,0,10800,0,
108260,ui_stage_101,0,0,讨伐-9,4,19,0,0,0,0,"108260,1",0,0,108260,,,0,10800,0,
108270,ui_stage_101,0,0,讨伐-10,4,19,0,0,0,0,"108270,1",0,0,108270,,,0,10800,0,
108280,ui_stage_101,0,0,讨伐-11,4,19,0,0,0,0,"108280,1",0,0,108280,,,0,10800,0,
108290,ui_stage_101,0,0,讨伐-12,4,19,0,0,0,0,"108290,1",0,0,108290,,,0,10800,0,
108300,ui_stage_101,0,0,讨伐-13,4,19,0,0,0,0,"108300,1",0,0,108300,,,0,10800,0,
108310,ui_stage_101,0,0,讨伐-14,4,19,0,0,0,0,"108310,1",0,0,108310,,,0,10800,0,
108320,ui_stage_101,0,0,讨伐-15,4,19,0,0,0,0,"108320,1",0,0,108320,,,0,10800,0,
108330,ui_stage_101,0,0,讨伐-16,4,19,0,0,0,0,"108330,1",0,0,108330,,,0,10800,0,
109010,ui_stage_101,0,0,从喧嚣开始,4,19,0,0,0,0,"109010,1",0,0,109010,,,0,,0,
109020,ui_stage_101,0,0,意外赠礼,4,19,0,0,0,0,"109020,1",0,0,109020,,,0,,0,
109030,ui_stage_101,0,0,一个假设,4,19,0,0,0,0,"109030,1",0,0,109030,,,0,,0,
109040,ui_stage_101,0,0,假说形成的过程,4,19,0,0,0,0,"109040,1",0,0,109040,,,0,,0,
109050,ui_stage_101,0,0,魔女们的“真实”,4,19,0,0,0,0,"109050,1",0,0,109050,,,0,,0,
109060,ui_stage_101,0,0,最喜欢谁的问题,4,19,0,0,0,0,"109060,1",0,0,109060,,,0,,0,
109070,ui_stage_101,0,0,恶魔总在地狱中,4,19,0,0,0,0,"109070,1",0,0,109070,,,0,,0,
109080,ui_stage_101,0,0,激昂,4,19,0,0,0,0,"109080,1",0,0,109080,,,0,,0,
109090,ui_stage_101,0,0,犹豫的时光,4,19,0,0,0,0,"109090,1",0,0,109090,,,0,,0,
109100,ui_stage_101,0,0,三个小的,4,19,0,0,0,0,"109100,1",0,0,109100,,,0,,0,
109110,ui_stage_101,0,0,返祖恶魔,4,19,0,0,0,0,"109110,1",0,0,109110,,,0,,0,
109120,ui_stage_101,0,0,又见面了，贝儿,4,19,0,0,0,0,"109120,1",0,0,109120,,,0,,0,
109130,ui_stage_101,0,0,我是你的惩罚,4,19,0,0,0,0,"109130,1",0,0,109130,,,0,,0,
109140,ui_stage_101,0,0,原罪之楔,4,19,0,0,0,0,"109140,1",0,0,109140,,,0,,0,
109150,ui_stage_101,0,0,秘密捉迷藏,4,19,0,0,0,0,"109150,1",0,0,109150,,,0,,0,
109160,ui_stage_101,0,0,讨伐-1,4,19,0,0,0,0,"109160,1",0,0,109160,,,0,10900,0,
109170,ui_stage_101,0,0,讨伐-2,4,19,0,0,0,0,"109170,1",0,0,109170,,,0,10900,0,
109180,ui_stage_101,0,0,讨伐-3,4,19,0,0,0,0,"109180,1",0,0,109180,,,0,10900,0,
109190,ui_stage_101,0,0,讨伐-4,4,19,0,0,0,0,"109190,1",0,0,109190,,,0,10900,0,
109200,ui_stage_101,0,0,讨伐-5,4,19,0,0,0,0,"109200,1",0,0,109200,,,0,10900,0,
109210,ui_stage_101,0,0,讨伐-6,4,19,0,0,0,0,"109210,1",0,0,109210,,,0,10900,0,
109220,ui_stage_101,0,0,讨伐-7,4,19,0,0,0,0,"109220,1",0,0,109220,,,0,10900,0,
109230,ui_stage_101,0,0,讨伐-8,4,19,0,0,0,0,"109230,1",0,0,109230,,,0,10900,0,
109240,ui_stage_101,0,0,讨伐-9,4,19,0,0,0,0,"109240,1",0,0,109240,,,0,10900,0,
109250,ui_stage_101,0,0,讨伐-10,4,19,0,0,0,0,"109250,1",0,0,109250,,,0,10900,0,
109260,ui_stage_101,0,0,讨伐-11,4,19,0,0,0,0,"109260,1",0,0,109260,,,0,10900,0,
109270,ui_stage_101,0,0,讨伐-12,4,19,0,0,0,0,"109270,1",0,0,109270,,,0,10900,0,
109280,ui_stage_101,0,0,讨伐-13,4,19,0,0,0,0,"109280,1",0,0,109280,,,0,10900,0,
109290,ui_stage_101,0,0,讨伐-14,4,19,0,0,0,0,"109290,1",0,0,109290,,,0,10900,0,
109300,ui_stage_101,0,0,讨伐-15,4,19,0,0,0,0,"109300,1",0,0,109300,,,0,10900,0,
109310,ui_stage_101,0,0,讨伐-16,4,19,0,0,0,0,"109310,1",0,0,109310,,,0,10900,0,
109320,ui_stage_101,0,0,讨伐-17,4,19,0,0,0,0,"109320,1",0,0,109320,,,0,10900,0,
109330,ui_stage_101,0,0,讨伐-18,4,19,0,0,0,0,"109330,1",0,0,109330,,,0,10900,0,
110010,ui_stage_101,0,0,可爱且可靠,4,19,0,0,0,0,"110010,1",0,0,110010,,,0,,0,
110020,ui_stage_101,0,0,伊利斯的魔女,4,19,0,0,0,0,"110020,1",0,0,110020,,,0,,0,
110030,ui_stage_101,0,0,这疯狂的正确,4,19,0,0,0,0,"110030,1",0,0,110030,,,0,,0,
110040,ui_stage_101,0,0,失落,4,19,0,0,0,0,"110040,1",0,0,110040,,,0,,0,
110050,ui_stage_101,0,0,恶意之外,4,19,0,0,0,0,"110050,1",0,0,110050,,,0,,0,
110060,ui_stage_101,0,0,恶魔也会哭泣,4,19,0,0,0,0,"110060,1",0,0,110060,,,0,,0,
110070,ui_stage_101,0,0,恶魔的试探,4,19,0,0,0,0,"110070,1",0,0,110070,,,0,,0,
110080,ui_stage_101,0,0,绝对的囚虏,4,19,0,0,0,0,"110080,1",0,0,110080,,,0,,0,
110090,ui_stage_101,0,0,傀儡,4,19,0,0,0,0,"110090,1",0,0,110090,,,0,,0,
110100,ui_stage_101,0,0,神降与神灵的秘密,4,19,0,0,0,0,"110100,1",0,0,110100,,,0,,0,
110110,ui_stage_101,0,0,可爱且可靠2,4,19,0,0,0,0,"110110,1",0,0,110110,,,0,,0,
110120,ui_stage_101,0,0,伊利斯的魔女2,4,19,0,0,0,0,"110120,1",0,0,110120,,,0,,0,
110130,ui_stage_101,0,0,这疯狂的正确2,4,19,0,0,0,0,"110130,1",0,0,110130,,,0,,0,
110140,ui_stage_101,0,0,失落2,4,19,0,0,0,0,"110140,1",0,0,110140,,,0,,0,
110150,ui_stage_101,0,0,恶意之外2,4,19,0,0,0,0,"110150,1",0,0,110150,,,0,,0,
110160,ui_stage_101,0,0,恶魔也会哭泣2,4,19,0,0,0,0,"110160,1",0,0,110160,,,0,,0,
110170,ui_stage_101,0,0,恶魔的试探2,4,19,0,0,0,0,"110170,1",0,0,110170,,,0,,0,
110180,ui_stage_101,0,0,绝对的囚虏2,4,19,0,0,0,0,"110180,1",0,0,110180,,,0,,0,
110190,ui_stage_101,0,0,傀儡2,4,19,0,0,0,0,"110190,1",0,0,110190,,,0,,0,
110200,ui_stage_101,0,0,神降与神灵的秘密2,4,19,0,0,0,0,"110200,1",0,0,110200,,,0,,0,
110210,ui_stage_101,0,0,讨伐-1,4,19,0,0,0,0,"110210,1",0,0,110210,,,0,11000,0,
110220,ui_stage_101,0,0,讨伐-2,4,19,0,0,0,0,"110220,1",0,0,110220,,,0,11000,0,
110230,ui_stage_101,0,0,讨伐-3,4,19,0,0,0,0,"110230,1",0,0,110230,,,0,11000,0,
110240,ui_stage_101,0,0,讨伐-4,4,19,0,0,0,0,"110240,1",0,0,110240,,,0,11000,0,
110250,ui_stage_101,0,0,讨伐-5,4,19,0,0,0,0,"110250,1",0,0,110250,,,0,11000,0,
110260,ui_stage_101,0,0,讨伐-6,4,19,0,0,0,0,"110260,1",0,0,110260,,,0,11000,0,
110270,ui_stage_101,0,0,讨伐-7,4,19,0,0,0,0,"110270,1",0,0,110270,,,0,11000,0,
110280,ui_stage_101,0,0,讨伐-8,4,19,0,0,0,0,"110280,1",0,0,110280,,,0,11000,0,
110290,ui_stage_101,0,0,讨伐-9,4,19,0,0,0,0,"110290,1",0,0,110290,,,0,11000,0,
110300,ui_stage_101,0,0,讨伐-10,4,19,0,0,0,0,"110300,1",0,0,110300,,,0,11000,0,
110310,ui_stage_101,0,0,讨伐-11,4,19,0,0,0,0,"110310,1",0,0,110310,,,0,11000,0,
110320,ui_stage_101,0,0,讨伐-12,4,19,0,0,0,0,"110320,1",0,0,110320,,,0,11000,0,
110330,ui_stage_101,0,0,讨伐-13,4,19,0,0,0,0,"110330,1",0,0,110330,,,0,11000,0,
110340,ui_stage_101,0,0,讨伐-14,4,19,0,0,0,0,"110340,1",0,0,110340,,,0,11000,0,
110350,ui_stage_101,0,0,讨伐-15,4,19,0,0,0,0,"110350,1",0,0,110350,,,0,11000,0,
501010,ui_stage_101,0,0,糟糕的每日,4,19,0,0,0,0,"501010,1",0,0,501010,,,0,50100,0,
501020,ui_stage_101,0,0,追逐-1,4,19,0,0,0,0,"501020,1",0,0,501020,,,0,50100,0,
501030,ui_stage_101,0,0,追逐-2,4,19,0,0,0,0,"501030,1",0,0,501030,,,0,50100,0,
501040,ui_stage_101,0,0,如果你无法笑,4,19,0,0,0,0,"501040,1",0,0,501040,,,0,50100,0,
501050,ui_stage_101,0,0,焦点-1,4,19,0,0,0,0,"501050,1",0,0,501050,,,0,50100,0,
501060,ui_stage_101,0,0,焦点-2,4,19,0,0,0,0,"501060,1",0,0,501060,,,0,50100,0,
501070,ui_stage_101,0,0,还要吃掉多少,4,19,0,0,0,0,"501070,1",0,0,501070,,,0,50100,0,
501080,ui_stage_101,0,0,空洞-1,4,19,0,0,0,0,"501080,1",0,0,501080,,,0,50100,0,
501090,ui_stage_101,0,0,空洞-2,4,19,0,0,0,0,"501090,1",0,0,501090,,,0,50100,0,
501100,ui_stage_101,0,0,请原谅我，我有病,4,19,0,0,0,0,"501100,1",0,0,501100,,,0,50100,0,
501110,ui_stage_101,0,0,去向-1,4,19,0,0,0,0,"501110,1",0,0,501110,,,0,50100,0,
501120,ui_stage_101,0,0,去向-2,4,19,0,0,0,0,"501120,1",0,0,501120,,,0,50100,0,
501130,ui_stage_101,0,0,信仰不得救,4,19,0,0,0,0,"501130,1",0,0,501130,,,0,50100,0,
501140,ui_stage_101,0,0,失望-1,4,19,0,0,0,0,"501140,1",0,0,501140,,,0,50100,0,
501150,ui_stage_101,0,0,白兔先生,4,19,0,0,0,0,"501150,1",0,0,501150,,,0,50100,0,
501160,ui_stage_101,0,0,诱惑-1,4,19,0,0,0,0,"501160,1",0,0,501160,,,0,50100,0,
501170,ui_stage_101,0,0,下到洞里吧,4,19,0,0,0,0,"501170,1",0,0,501170,,,0,50100,0,
501180,ui_stage_101,0,0,逃离这个世界-1,4,19,0,0,0,0,"501180,1",0,0,501180,,,0,50100,0,
501190,ui_stage_101,0,0,岔路口和猫小姐,4,19,0,0,0,0,"501190,1",0,0,501190,,,0,50100,0,
501200,ui_stage_101,0,0,弱肉强食丛林,4,19,0,0,0,0,"501200,1",0,0,501200,,,0,50100,0,
502010,ui_stage_101,0,0,想要报仇的鹈鹕,4,19,0,0,0,0,"502010,1",0,0,502010,,,0,50200,0,
502020,ui_stage_101,0,0,仇恨-1,4,19,0,0,0,0,"502020,1",0,0,502020,,,0,50200,0,
502030,ui_stage_101,0,0,国王与兔子先生,4,19,0,0,0,0,"502030,1",0,0,502030,,,0,50200,0,
502040,ui_stage_101,0,0,国王-1,4,19,0,0,0,0,"502040,1",0,0,502040,,,0,50200,0,
502050,ui_stage_101,0,0,国王-2,4,19,0,0,0,0,"502050,1",0,0,502050,,,0,50200,0,
502060,ui_stage_101,0,0,猫兔不相容定理,4,19,0,0,0,0,"502060,1",0,0,502060,,,0,50200,0,
502070,ui_stage_101,0,0,期待-1,4,19,0,0,0,0,"502070,1",0,0,502070,,,0,50200,0,
502080,ui_stage_101,0,0,鲸鱼与木偶与猎犬,4,19,0,0,0,0,"502080,1",0,0,502080,,,0,50200,0,
502090,ui_stage_101,0,0,驱赶-1,4,19,0,0,0,0,"502090,1",0,0,502090,,,0,50200,0,
502100,ui_stage_101,0,0,驱赶-2,4,19,0,0,0,0,"502100,1",0,0,502100,,,0,50200,0,
502110,ui_stage_101,0,0,痛下杀手吧,4,19,0,0,0,0,"502110,1",0,0,502110,,,0,50200,0,
502120,ui_stage_101,0,0,逃跑-1,4,19,0,0,0,0,"502120,1",0,0,502120,,,0,50200,0,
502130,ui_stage_101,0,0,逃跑-2,4,19,0,0,0,0,"502130,1",0,0,502130,,,0,50200,0,
502140,ui_stage_101,0,0,朋友还是活路？,4,19,0,0,0,0,"502140,1",0,0,502140,,,0,50200,0,
502150,ui_stage_101,0,0,为了朋友-1,4,19,0,0,0,0,"502150,1",0,0,502150,,,0,50200,0,
502160,ui_stage_101,0,0,不惧-1,4,19,0,0,0,0,"502160,1",0,0,502160,,,0,50200,0,
502170,ui_stage_101,0,0,呃，是梦啊,4,19,0,0,0,0,"502170,1",0,0,502170,,,0,50200,0,
502180,ui_stage_101,0,0,大罪会议,4,19,0,0,0,0,"502180,1",0,0,502180,,,0,50200,0,
502190,ui_stage_101,0,0,罪孽-1,4,19,0,0,0,0,"502190,1",0,0,502190,,,0,50200,0,
502200,ui_stage_101,0,0,大罪的等待间隙,4,19,0,0,0,0,"502200,1",0,0,502200,,,0,50200,0,
503010,ui_stage_101,0,0,家族与后继,4,19,0,0,0,0,"503010,1",0,0,503010,,,0,50300,0,
503020,ui_stage_101,0,0,涟漪-1,4,19,0,0,0,0,"503020,1",0,0,503020,,,0,50300,0,
503030,ui_stage_101,0,0,道德的义务,4,19,0,0,0,0,"503030,1",0,0,503030,,,0,50300,0,
503040,ui_stage_101,0,0,埋伏-1,4,19,0,0,0,0,"503040,1",0,0,503040,,,0,50300,0,
503050,ui_stage_101,0,0,思想使人痛苦,4,19,0,0,0,0,"503050,1",0,0,503050,,,0,50300,0,
503060,ui_stage_101,0,0,迷惘-1,4,19,0,0,0,0,"503060,1",0,0,503060,,,0,50300,0,
503070,ui_stage_101,0,0,西蒙和安娜,4,19,0,0,0,0,"503070,1",0,0,503070,,,0,50300,0,
503080,ui_stage_101,0,0,镜子啊-1,4,19,0,0,0,0,"503080,1",0,0,503080,,,0,50300,0,
503090,ui_stage_101,0,0,被截断的道路,4,19,0,0,0,0,"503090,1",0,0,503090,,,0,50300,0,
503100,ui_stage_101,0,0,告诉我-1,4,19,0,0,0,0,"503100,1",0,0,503100,,,0,50300,0,
503110,ui_stage_101,0,0,道德高尚的女人,4,19,0,0,0,0,"503110,1",0,0,503110,,,0,50300,0,
503120,ui_stage_101,0,0,挫折-1,4,19,0,0,0,0,"503120,1",0,0,503120,,,0,50300,0,
503130,ui_stage_101,0,0,怪人医生,4,19,0,0,0,0,"503130,1",0,0,503130,,,0,50300,0,
503140,ui_stage_101,0,0,awaken,4,19,0,0,0,0,"503140,1",0,0,503140,,,0,50300,0,
503150,ui_stage_101,0,0,未知-1,4,19,0,0,0,0,"503150,1",0,0,503150,,,0,50300,0,
503160,ui_stage_101,0,0,卡尔之死,4,19,0,0,0,0,"503160,1",0,0,503160,,,0,50300,0,
503170,ui_stage_101,0,0,恐怖和信仰-1,4,19,0,0,0,0,"503170,1",0,0,503170,,,0,50300,0,
503180,ui_stage_101,0,0,人世间，或人所缺,4,19,0,0,0,0,"503180,1",0,0,503180,,,0,50300,0,
503190,ui_stage_101,0,0,重复-1,4,19,0,0,0,0,"503190,1",0,0,503190,,,0,50300,0,
503200,ui_stage_101,0,0,成为家族的象征,4,19,0,0,0,0,"503200,1",0,0,503200,,,0,50300,0,
504010,ui_stage_101,0,0,梦与阴谋的气息,4,19,0,0,0,0,"504010,1",0,0,504010,,,0,50400,0,
504020,ui_stage_101,0,0,不速之客-1,4,19,0,0,0,0,"504020,1",0,0,504020,,,0,50400,0,
504030,ui_stage_101,0,0,不速之客-2,4,19,0,0,0,0,"504030,1",0,0,504030,,,0,50400,0,
504040,ui_stage_101,0,0,将你引入堕落深渊,4,19,0,0,0,0,"504040,1",0,0,504040,,,0,50400,0,
504050,ui_stage_101,0,0,引诱-1,4,19,0,0,0,0,"504050,1",0,0,504050,,,0,50400,0,
504060,ui_stage_101,0,0,引诱-2,4,19,0,0,0,0,"504060,1",0,0,504060,,,0,50400,0,
504070,ui_stage_101,0,0,坠入爱河的人,4,19,0,0,0,0,"504070,1",0,0,504070,,,0,50400,0,
504080,ui_stage_101,0,0,爱即罪-1,4,19,0,0,0,0,"504080,1",0,0,504080,,,0,50400,0,
504090,ui_stage_101,0,0,爱即罪-2,4,19,0,0,0,0,"504090,1",0,0,504090,,,0,50400,0,
504100,ui_stage_101,0,0,像个年轻姑娘,4,19,0,0,0,0,"504100,1",0,0,504100,,,0,50400,0,
504110,ui_stage_101,0,0,做梦-1,4,19,0,0,0,0,"504110,1",0,0,504110,,,0,50400,0,
504120,ui_stage_101,0,0,毫无道理地妒忌,4,19,0,0,0,0,"504120,1",0,0,504120,,,0,50400,0,
504130,ui_stage_101,0,0,清醒-1,4,19,0,0,0,0,"504130,1",0,0,504130,,,0,50400,0,
504140,ui_stage_101,0,0,野心和检举信,4,19,0,0,0,0,"504140,1",0,0,504140,,,0,50400,0,
504150,ui_stage_101,0,0,危机-1,4,19,0,0,0,0,"504150,1",0,0,504150,,,0,50400,0,
504160,ui_stage_101,0,0,使她憎恶,4,19,0,0,0,0,"504160,1",0,0,504160,,,0,50400,0,
504170,ui_stage_101,0,0,憎恨-1,4,19,0,0,0,0,"504170,1",0,0,504170,,,0,50400,0,
504180,ui_stage_101,0,0,一桩犯罪,4,19,0,0,0,0,"504180,1",0,0,504180,,,0,50400,0,
504190,ui_stage_101,0,0,即使如此仍愿起舞,4,19,0,0,0,0,"504190,1",0,0,504190,,,0,50400,0,
504200,ui_stage_101,0,0,青色的火焰-1,4,19,0,0,0,0,"504200,1",0,0,504200,,,0,50400,0,
505010,ui_stage_101,0,0,讨伐-1,4,19,0,0,0,0,"505010,1",0,0,505010,,,0,50500,0,
505020,ui_stage_101,0,0,讨伐-2,4,19,0,0,0,0,"505020,1",0,0,505020,,,0,50500,0,
505030,ui_stage_101,0,0,讨伐-3,4,19,0,0,0,0,"505030,1",0,0,505030,,,0,50500,0,
505040,ui_stage_101,0,0,讨伐-4,4,19,0,0,0,0,"505040,1",0,0,505040,,,0,50500,0,
505050,ui_stage_101,0,0,讨伐-5,4,19,0,0,0,0,"505050,1",0,0,505050,,,0,50500,0,
505060,ui_stage_101,0,0,讨伐-6,4,19,0,0,0,0,"505060,1",0,0,505060,,,0,50500,0,
505070,ui_stage_101,0,0,讨伐-7,4,19,0,0,0,0,"505070,1",0,0,505070,,,0,50500,0,
505080,ui_stage_101,0,0,讨伐-8,4,19,0,0,0,0,"505080,1",0,0,505080,,,0,50500,0,
505090,ui_stage_101,0,0,讨伐-9,4,19,0,0,0,0,"505090,1",0,0,505090,,,0,50500,0,
505100,ui_stage_101,0,0,讨伐-10,4,19,0,0,0,0,"505100,1",0,0,505100,,,0,50500,0,
505110,ui_stage_101,0,0,讨伐-11,4,19,0,0,0,0,"505110,1",0,0,505110,,,0,50500,0,
505120,ui_stage_101,0,0,讨伐-12,4,19,0,0,0,0,"505120,1",0,0,505120,,,0,50500,0,
505130,ui_stage_101,0,0,讨伐-13,4,19,0,0,0,0,"505130,1",0,0,505130,,,0,50500,0,
505140,ui_stage_101,0,0,讨伐-14,4,19,0,0,0,0,"505140,1",0,0,505140,,,0,50500,0,
505150,ui_stage_101,0,0,讨伐-15,4,19,0,0,0,0,"505150,1",0,0,505150,,,0,50500,0,
505160,ui_stage_101,0,0,讨伐-16,4,19,0,0,0,0,"505160,1",0,0,505160,,,0,50500,0,
505170,ui_stage_101,0,0,讨伐-17,4,19,0,0,0,0,"505170,1",0,0,505170,,,0,50500,0,
505180,ui_stage_101,0,0,讨伐-18,4,19,0,0,0,0,"505180,1",0,0,505180,,,0,50500,0,
505190,ui_stage_101,0,0,讨伐-19,4,19,0,0,0,0,"505190,1",0,0,505190,,,0,50500,0,
505200,ui_stage_101,0,0,讨伐-20,4,19,0,0,0,0,"505200,1",0,0,505200,,,0,50500,0,
506010,ui_stage_101,0,0,讨伐-1,4,19,0,0,0,0,"506010,1",0,0,506010,,,0,50600,0,
506020,ui_stage_101,0,0,讨伐-2,4,19,0,0,0,0,"506020,1",0,0,506020,,,0,50600,0,
506030,ui_stage_101,0,0,讨伐-3,4,19,0,0,0,0,"506030,1",0,0,506030,,,0,50600,0,
506040,ui_stage_101,0,0,讨伐-4,4,19,0,0,0,0,"506040,1",0,0,506040,,,0,50600,0,
506050,ui_stage_101,0,0,讨伐-5,4,19,0,0,0,0,"506050,1",0,0,506050,,,0,50600,0,
506060,ui_stage_101,0,0,讨伐-6,4,19,0,0,0,0,"506060,1",0,0,506060,,,0,50600,0,
506070,ui_stage_101,0,0,讨伐-7,4,19,0,0,0,0,"506070,1",0,0,506070,,,0,50600,0,
506080,ui_stage_101,0,0,讨伐-8,4,19,0,0,0,0,"506080,1",0,0,506080,,,0,50600,0,
506090,ui_stage_101,0,0,讨伐-9,4,19,0,0,0,0,"506090,1",0,0,506090,,,0,50600,0,
506100,ui_stage_101,0,0,讨伐-10,4,19,0,0,0,0,"506100,1",0,0,506100,,,0,50600,0,
506110,ui_stage_101,0,0,讨伐-11,4,19,0,0,0,0,"506110,1",0,0,506110,,,0,50600,0,
506120,ui_stage_101,0,0,讨伐-12,4,19,0,0,0,0,"506120,1",0,0,506120,,,0,50600,0,
506130,ui_stage_101,0,0,讨伐-13,4,19,0,0,0,0,"506130,1",0,0,506130,,,0,50600,0,
506140,ui_stage_101,0,0,讨伐-14,4,19,0,0,0,0,"506140,1",0,0,506140,,,0,50600,0,
506150,ui_stage_101,0,0,讨伐-15,4,19,0,0,0,0,"506150,1",0,0,506150,,,0,50600,0,
506160,ui_stage_101,0,0,讨伐-16,4,19,0,0,0,0,"506160,1",0,0,506160,,,0,50600,0,
506170,ui_stage_101,0,0,讨伐-17,4,19,0,0,0,0,"506170,1",0,0,506170,,,0,50600,0,
506180,ui_stage_101,0,0,讨伐-18,4,19,0,0,0,0,"506180,1",0,0,506180,,,0,50600,0,
506190,ui_stage_101,0,0,讨伐-19,4,19,0,0,0,0,"506190,1",0,0,506190,,,0,50600,0,
506200,ui_stage_101,0,0,讨伐-20,4,19,0,0,0,0,"506200,1",0,0,506200,,,0,50600,0,
507010,ui_stage_101,0,0,讨伐-1,4,19,0,0,0,0,"507010,1",0,0,507010,,,0,50700,0,
507020,ui_stage_101,0,0,讨伐-2,4,19,0,0,0,0,"507020,1",0,0,507020,,,0,50700,0,
507030,ui_stage_101,0,0,讨伐-3,4,19,0,0,0,0,"507030,1",0,0,507030,,,0,50700,0,
507040,ui_stage_101,0,0,讨伐-4,4,19,0,0,0,0,"507040,1",0,0,507040,,,0,50700,0,
507050,ui_stage_101,0,0,讨伐-5,4,19,0,0,0,0,"507050,1",0,0,507050,,,0,50700,0,
507060,ui_stage_101,0,0,讨伐-6,4,19,0,0,0,0,"507060,1",0,0,507060,,,0,50700,0,
507070,ui_stage_101,0,0,讨伐-7,4,19,0,0,0,0,"507070,1",0,0,507070,,,0,50700,0,
507080,ui_stage_101,0,0,讨伐-8,4,19,0,0,0,0,"507080,1",0,0,507080,,,0,50700,0,
507090,ui_stage_101,0,0,讨伐-9,4,19,0,0,0,0,"507090,1",0,0,507090,,,0,50700,0,
507100,ui_stage_101,0,0,讨伐-10,4,19,0,0,0,0,"507100,1",0,0,507100,,,0,50700,0,
507110,ui_stage_101,0,0,讨伐-11,4,19,0,0,0,0,"507110,1",0,0,507110,,,0,50700,0,
507120,ui_stage_101,0,0,讨伐-12,4,19,0,0,0,0,"507120,1",0,0,507120,,,0,50700,0,
507130,ui_stage_101,0,0,讨伐-13,4,19,0,0,0,0,"507130,1",0,0,507130,,,0,50700,0,
507140,ui_stage_101,0,0,讨伐-14,4,19,0,0,0,0,"507140,1",0,0,507140,,,0,50700,0,
507150,ui_stage_101,0,0,讨伐-15,4,19,0,0,0,0,"507150,1",0,0,507150,,,0,50700,0,
507160,ui_stage_101,0,0,讨伐-16,4,19,0,0,0,0,"507160,1",0,0,507160,,,0,50700,0,
507170,ui_stage_101,0,0,讨伐-17,4,19,0,0,0,0,"507170,1",0,0,507170,,,0,50700,0,
507180,ui_stage_101,0,0,讨伐-18,4,19,0,0,0,0,"507180,1",0,0,507180,,,0,50700,0,
507190,ui_stage_101,0,0,讨伐-19,4,19,0,0,0,0,"507190,1",0,0,507190,,,0,50700,0,
507200,ui_stage_101,0,0,讨伐-20,4,19,0,0,0,0,"507200,1",0,0,507200,,,0,50700,0,
508010,ui_stage_101,0,0,讨伐-1,4,19,0,0,0,0,"508010,1",0,0,508010,,,0,50800,0,
508020,ui_stage_101,0,0,讨伐-2,4,19,0,0,0,0,"508020,1",0,0,508020,,,0,50800,0,
508030,ui_stage_101,0,0,讨伐-3,4,19,0,0,0,0,"508030,1",0,0,508030,,,0,50800,0,
508040,ui_stage_101,0,0,讨伐-4,4,19,0,0,0,0,"508040,1",0,0,508040,,,0,50800,0,
508050,ui_stage_101,0,0,讨伐-5,4,19,0,0,0,0,"508050,1",0,0,508050,,,0,50800,0,
508060,ui_stage_101,0,0,讨伐-6,4,19,0,0,0,0,"508060,1",0,0,508060,,,0,50800,0,
508070,ui_stage_101,0,0,讨伐-7,4,19,0,0,0,0,"508070,1",0,0,508070,,,0,50800,0,
508080,ui_stage_101,0,0,讨伐-8,4,19,0,0,0,0,"508080,1",0,0,508080,,,0,50800,0,
508090,ui_stage_101,0,0,讨伐-9,4,19,0,0,0,0,"508090,1",0,0,508090,,,0,50800,0,
508100,ui_stage_101,0,0,讨伐-10,4,19,0,0,0,0,"508100,1",0,0,508100,,,0,50800,0,
508110,ui_stage_101,0,0,讨伐-11,4,19,0,0,0,0,"508110,1",0,0,508110,,,0,50800,0,
508120,ui_stage_101,0,0,讨伐-12,4,19,0,0,0,0,"508120,1",0,0,508120,,,0,50800,0,
508130,ui_stage_101,0,0,讨伐-13,4,19,0,0,0,0,"508130,1",0,0,508130,,,0,50800,0,
508140,ui_stage_101,0,0,讨伐-14,4,19,0,0,0,0,"508140,1",0,0,508140,,,0,50800,0,
508150,ui_stage_101,0,0,讨伐-15,4,19,0,0,0,0,"508150,1",0,0,508150,,,0,50800,0,
508160,ui_stage_101,0,0,讨伐-16,4,19,0,0,0,0,"508160,1",0,0,508160,,,0,50800,0,
508170,ui_stage_101,0,0,讨伐-17,4,19,0,0,0,0,"508170,1",0,0,508170,,,0,50800,0,
508180,ui_stage_101,0,0,讨伐-18,4,19,0,0,0,0,"508180,1",0,0,508180,,,0,50800,0,
508190,ui_stage_101,0,0,讨伐-19,4,19,0,0,0,0,"508190,1",0,0,508190,,,0,50800,0,
508200,ui_stage_101,0,0,讨伐-20,4,19,0,0,0,0,"508200,1",0,0,508200,,,0,50800,0,
509010,ui_stage_101,0,0,讨伐-1,4,19,0,0,0,0,"509010,1",0,0,509010,,,0,50900,0,
509020,ui_stage_101,0,0,讨伐-2,4,19,0,0,0,0,"509020,1",0,0,509020,,,0,50900,0,
509030,ui_stage_101,0,0,讨伐-3,4,19,0,0,0,0,"509030,1",0,0,509030,,,0,50900,0,
509040,ui_stage_101,0,0,讨伐-4,4,19,0,0,0,0,"509040,1",0,0,509040,,,0,50900,0,
509050,ui_stage_101,0,0,讨伐-5,4,19,0,0,0,0,"509050,1",0,0,509050,,,0,50900,0,
509060,ui_stage_101,0,0,讨伐-6,4,19,0,0,0,0,"509060,1",0,0,509060,,,0,50900,0,
509070,ui_stage_101,0,0,讨伐-7,4,19,0,0,0,0,"509070,1",0,0,509070,,,0,50900,0,
509080,ui_stage_101,0,0,讨伐-8,4,19,0,0,0,0,"509080,1",0,0,509080,,,0,50900,0,
509090,ui_stage_101,0,0,讨伐-9,4,19,0,0,0,0,"509090,1",0,0,509090,,,0,50900,0,
509100,ui_stage_101,0,0,讨伐-10,4,19,0,0,0,0,"509100,1",0,0,509100,,,0,50900,0,
509110,ui_stage_101,0,0,讨伐-11,4,19,0,0,0,0,"509110,1",0,0,509110,,,0,50900,0,
509120,ui_stage_101,0,0,讨伐-12,4,19,0,0,0,0,"509120,1",0,0,509120,,,0,50900,0,
509130,ui_stage_101,0,0,讨伐-13,4,19,0,0,0,0,"509130,1",0,0,509130,,,0,50900,0,
509140,ui_stage_101,0,0,讨伐-14,4,19,0,0,0,0,"509140,1",0,0,509140,,,0,50900,0,
509150,ui_stage_101,0,0,讨伐-15,4,19,0,0,0,0,"509150,1",0,0,509150,,,0,50900,0,
509160,ui_stage_101,0,0,讨伐-16,4,19,0,0,0,0,"509160,1",0,0,509160,,,0,50900,0,
509170,ui_stage_101,0,0,讨伐-17,4,19,0,0,0,0,"509170,1",0,0,509170,,,0,50900,0,
509180,ui_stage_101,0,0,讨伐-18,4,19,0,0,0,0,"509180,1",0,0,509180,,,0,50900,0,
509190,ui_stage_101,0,0,讨伐-19,4,19,0,0,0,0,"509190,1",0,0,509190,,,0,50900,0,
509200,ui_stage_101,0,0,讨伐-20,4,19,0,0,0,0,"509200,1",0,0,509200,,,0,50900,0,
510010,ui_stage_101,0,0,讨伐-1,4,19,0,0,0,0,"510010,1",0,0,510010,,,0,51000,0,
510020,ui_stage_101,0,0,讨伐-2,4,19,0,0,0,0,"510020,1",0,0,510020,,,0,51000,0,
510030,ui_stage_101,0,0,讨伐-3,4,19,0,0,0,0,"510030,1",0,0,510030,,,0,51000,0,
510040,ui_stage_101,0,0,讨伐-4,4,19,0,0,0,0,"510040,1",0,0,510040,,,0,51000,0,
510050,ui_stage_101,0,0,讨伐-5,4,19,0,0,0,0,"510050,1",0,0,510050,,,0,51000,0,
510060,ui_stage_101,0,0,讨伐-6,4,19,0,0,0,0,"510060,1",0,0,510060,,,0,51000,0,
510070,ui_stage_101,0,0,讨伐-7,4,19,0,0,0,0,"510070,1",0,0,510070,,,0,51000,0,
510080,ui_stage_101,0,0,讨伐-8,4,19,0,0,0,0,"510080,1",0,0,510080,,,0,51000,0,
510090,ui_stage_101,0,0,讨伐-9,4,19,0,0,0,0,"510090,1",0,0,510090,,,0,51000,0,
510100,ui_stage_101,0,0,讨伐-10,4,19,0,0,0,0,"510100,1",0,0,510100,,,0,51000,0,
510110,ui_stage_101,0,0,讨伐-11,4,19,0,0,0,0,"510110,1",0,0,510110,,,0,51000,0,
510120,ui_stage_101,0,0,讨伐-12,4,19,0,0,0,0,"510120,1",0,0,510120,,,0,51000,0,
510130,ui_stage_101,0,0,讨伐-13,4,19,0,0,0,0,"510130,1",0,0,510130,,,0,51000,0,
510140,ui_stage_101,0,0,讨伐-14,4,19,0,0,0,0,"510140,1",0,0,510140,,,0,51000,0,
510150,ui_stage_101,0,0,讨伐-15,4,19,0,0,0,0,"510150,1",0,0,510150,,,0,51000,0,
510160,ui_stage_101,0,0,讨伐-16,4,19,0,0,0,0,"510160,1",0,0,510160,,,0,51000,0,
510170,ui_stage_101,0,0,讨伐-17,4,19,0,0,0,0,"510170,1",0,0,510170,,,0,51000,0,
510180,ui_stage_101,0,0,讨伐-18,4,19,0,0,0,0,"510180,1",0,0,510180,,,0,51000,0,
510190,ui_stage_101,0,0,讨伐-19,4,19,0,0,0,0,"510190,1",0,0,510190,,,0,51000,0,
510200,ui_stage_101,0,0,讨伐-20,4,19,0,0,0,0,"510200,1",0,0,510200,,,0,51000,0,
301010,ui_stage_101,0,0,本勒收集1,4,19,0,0,0,0,"301010,1",0,0,301010,,,0,,0,
301020,ui_stage_101,0,0,本勒收集2,4,19,0,0,0,0,"301020,1",0,0,301020,,,0,,0,
301030,ui_stage_101,0,0,本勒收集3,4,19,0,0,0,0,"301030,1",0,0,301030,,,0,,0,
301040,ui_stage_101,0,0,本勒收集4,4,19,0,0,0,0,"301040,1",0,0,301040,,,0,,0,
301050,ui_stage_101,0,0,本勒收集5,4,19,0,0,0,0,"301050,1",0,0,301050,,,0,,0,
301060,ui_stage_101,0,0,本勒收集6,4,19,0,0,0,0,"301060,1",0,0,301060,,,0,,0,
301070,ui_stage_101,0,0,本勒收集7,4,19,0,0,0,0,"301070,1",0,0,301070,,,0,,0,
302010,ui_stage_101,0,0,经验获取1,4,19,0,0,0,0,"302010,1",0,0,302010,,,0,,0,
302020,ui_stage_101,0,0,经验获取2,4,19,0,0,0,0,"302020,1",0,0,302020,,,0,,0,
302030,ui_stage_101,0,0,经验获取3,4,19,0,0,0,0,"302030,1",0,0,302030,,,0,,0,
302040,ui_stage_101,0,0,经验获取4,4,19,0,0,0,0,"302040,1",0,0,302040,,,0,,0,
302050,ui_stage_101,0,0,经验获取5,4,19,0,0,0,0,"302050,1",0,0,302050,,,0,,0,
302060,ui_stage_101,0,0,经验获取6,4,19,0,0,0,0,"302060,1",0,0,302060,,,0,,0,
302070,ui_stage_101,0,0,经验获取7,4,19,0,0,0,0,"302070,1",0,0,302070,,,0,,0,
303010,ui_stage_101,0,0,技能材料1,4,19,0,0,0,0,"303010,1",0,0,303010,,,0,,0,
303020,ui_stage_101,0,0,技能材料2,4,19,0,0,0,0,"303020,1",0,0,303020,,,0,,0,
303030,ui_stage_101,0,0,技能材料3,4,19,0,0,0,0,"303030,1",0,0,303030,,,0,,0,
303040,ui_stage_101,0,0,技能材料4,4,19,0,0,0,0,"303040,1",0,0,303040,,,0,,0,
303050,ui_stage_101,0,0,技能材料5,4,19,0,0,0,0,"303050,1",0,0,303050,,,0,,0,
303060,ui_stage_101,0,0,技能材料6,4,19,0,0,0,0,"303060,1",0,0,303060,,,0,,0,
303070,ui_stage_101,0,0,技能材料7,4,19,0,0,0,0,"303070,1",0,0,303070,,,0,,0,
304010,ui_stage_101,0,0,传道记忆1,4,19,0,0,0,0,"304010,1",0,0,304010,,,0,,0,
304020,ui_stage_101,0,0,传道记忆2,4,19,0,0,0,0,"304020,1",0,0,304020,,,0,,0,
304030,ui_stage_101,0,0,传道记忆3,4,19,0,0,0,0,"304030,1",0,0,304030,,,0,,0,
304040,ui_stage_101,0,0,传道记忆4,4,19,0,0,0,0,"304040,1",0,0,304040,,,0,,0,
304050,ui_stage_101,0,0,传道记忆5,4,19,0,0,0,0,"304050,1",0,0,304050,,,0,,0,
304060,ui_stage_101,0,0,传道记忆6,4,19,0,0,0,0,"304060,1",0,0,304060,,,0,,0,
305010,ui_stage_101,0,0,君王记忆1,4,19,0,0,0,0,"305010,1",0,0,305010,,,0,,0,
305020,ui_stage_101,0,0,君王记忆2,4,19,0,0,0,0,"305020,1",0,0,305020,,,0,,0,
305030,ui_stage_101,0,0,君王记忆3,4,19,0,0,0,0,"305030,1",0,0,305030,,,0,,0,
305040,ui_stage_101,0,0,君王记忆4,4,19,0,0,0,0,"305040,1",0,0,305040,,,0,,0,
305050,ui_stage_101,0,0,君王记忆5,4,19,0,0,0,0,"305050,1",0,0,305050,,,0,,0,
305060,ui_stage_101,0,0,君王记忆6,4,19,0,0,0,0,"305060,1",0,0,305060,,,0,,0,
306010,ui_stage_101,0,0,仆从记忆1,4,19,0,0,0,0,"306010,1",0,0,306010,,,0,,0,
306020,ui_stage_101,0,0,仆从记忆2,4,19,0,0,0,0,"306020,1",0,0,306020,,,0,,0,
306030,ui_stage_101,0,0,仆从记忆3,4,19,0,0,0,0,"306030,1",0,0,306030,,,0,,0,
306040,ui_stage_101,0,0,仆从记忆4,4,19,0,0,0,0,"306040,1",0,0,306040,,,0,,0,
306050,ui_stage_101,0,0,仆从记忆5,4,19,0,0,0,0,"306050,1",0,0,306050,,,0,,0,
306060,ui_stage_101,0,0,仆从记忆6,4,19,0,0,0,0,"306060,1",0,0,306060,,,0,,0,
307010,ui_stage_101,0,0,诞生记忆1,4,19,0,0,0,0,"307010,1",0,0,307010,,,0,,0,
307020,ui_stage_101,0,0,诞生记忆2,4,19,0,0,0,0,"307020,1",0,0,307020,,,0,,0,
307030,ui_stage_101,0,0,诞生记忆3,4,19,0,0,0,0,"307030,1",0,0,307030,,,0,,0,
307040,ui_stage_101,0,0,诞生记忆4,4,19,0,0,0,0,"307040,1",0,0,307040,,,0,,0,
307050,ui_stage_101,0,0,诞生记忆5,4,19,0,0,0,0,"307050,1",0,0,307050,,,0,,0,
307060,ui_stage_101,0,0,诞生记忆6,4,19,0,0,0,0,"307060,1",0,0,307060,,,0,,0,
308010,ui_stage_101,0,0,人子记忆1,4,19,0,0,0,0,"308010,1",0,0,308010,,,0,,0,
308020,ui_stage_101,0,0,人子记忆2,4,19,0,0,0,0,"308020,1",0,0,308020,,,0,,0,
308030,ui_stage_101,0,0,人子记忆3,4,19,0,0,0,0,"308030,1",0,0,308030,,,0,,0,
308040,ui_stage_101,0,0,人子记忆4,4,19,0,0,0,0,"308040,1",0,0,308040,,,0,,0,
308050,ui_stage_101,0,0,人子记忆5,4,19,0,0,0,0,"308050,1",0,0,308050,,,0,,0,
308060,ui_stage_101,0,0,人子记忆6,4,19,0,0,0,0,"308060,1",0,0,308060,,,0,,0,
309010,ui_stage_101,0,0,受难记忆1,4,19,0,0,0,0,"309010,1",0,0,309010,,,0,,0,
309020,ui_stage_101,0,0,受难记忆2,4,19,0,0,0,0,"309020,1",0,0,309020,,,0,,0,
309030,ui_stage_101,0,0,受难记忆3,4,19,0,0,0,0,"309030,1",0,0,309030,,,0,,0,
309040,ui_stage_101,0,0,受难记忆4,4,19,0,0,0,0,"309040,1",0,0,309040,,,0,,0,
309050,ui_stage_101,0,0,受难记忆5,4,19,0,0,0,0,"309050,1",0,0,309050,,,0,,0,
309060,ui_stage_101,0,0,受难记忆6,4,19,0,0,0,0,"309060,1",0,0,309060,,,0,,0,
310010,ui_stage_101,0,0,神子记忆1,4,19,0,0,0,0,"310010,1",0,0,310010,,,0,,0,
310020,ui_stage_101,0,0,神子记忆2,4,19,0,0,0,0,"310020,1",0,0,310020,,,0,,0,
310030,ui_stage_101,0,0,神子记忆3,4,19,0,0,0,0,"310030,1",0,0,310030,,,0,,0,
310040,ui_stage_101,0,0,神子记忆4,4,19,0,0,0,0,"310040,1",0,0,310040,,,0,,0,
310050,ui_stage_101,0,0,神子记忆5,4,19,0,0,0,0,"310050,1",0,0,310050,,,0,,0,
310060,ui_stage_101,0,0,神子记忆6,4,19,0,0,0,0,"310060,1",0,0,310060,,,0,,0,
330010,ui_stage_101,0,0,符文之地1,4,19,0,0,0,0,"330010,1",0,0,330010,,,0,,0,
330020,ui_stage_101,0,0,符文之地2,4,19,0,0,0,0,"330020,1",0,0,330020,,,0,,0,
330030,ui_stage_101,0,0,符文之地3,4,19,0,0,0,0,"330030,1",0,0,330030,,,0,,0,
331010,ui_stage_101,0,0,符文之地1,4,19,0,0,0,0,"331010,1",0,0,330010,,,0,,0,
331020,ui_stage_101,0,0,符文之地2,4,19,0,0,0,0,"331020,1",0,0,330020,,,0,,0,
331030,ui_stage_101,0,0,符文之地3,4,19,0,0,0,0,"331030,1",0,0,330030,,,0,,0,
332010,ui_stage_101,0,0,符文之地1,4,19,0,0,0,0,"332010,1",0,0,330010,,,0,,0,
332020,ui_stage_101,0,0,符文之地2,4,19,0,0,0,0,"332020,1",0,0,330020,,,0,,0,
332030,ui_stage_101,0,0,符文之地3,4,19,0,0,0,0,"332030,1",0,0,330030,,,0,,0,
333010,ui_stage_101,0,0,符文之地1,4,19,0,0,0,0,"333010,1",0,0,330010,,,0,,0,
333020,ui_stage_101,0,0,符文之地2,4,19,0,0,0,0,"333020,1",0,0,330020,,,0,,0,
333030,ui_stage_101,0,0,符文之地3,4,19,0,0,0,0,"333030,1",0,0,330030,,,0,,0,
340010,ui_stage_101,0,0,专武副本1,4,19,0,0,0,0,"340010,1",0,0,340010,,,0,,0,
340020,ui_stage_101,0,0,专武副本2,4,19,0,0,0,0,"340020,1",0,0,340020,,,0,,0,
340030,ui_stage_101,0,0,专武副本3,4,19,0,0,0,0,"340030,1",0,0,340030,,,0,,0,
340040,ui_stage_101,0,0,专武副本4,4,19,0,0,0,0,"340040,1",0,0,340040,,,0,,0,
340050,ui_stage_101,0,0,专武副本5,4,19,0,0,0,0,"340050,1",0,0,340050,,,0,,0,
340060,ui_stage_101,0,0,专武副本6,4,19,0,0,0,0,"340060,1",0,0,340060,,,0,,0,
10201010,ui_stage_101,0,0,缘起锦绣-桃活动,4,19,0,0,0,0,"10201010,1",0,0,10201010,,,0,1010000,,
10201020,ui_stage_101,0,0,深林遇狐-桃活动,4,19,0,0,0,0,"10201020,1",0,0,10201020,,,0,1010000,,
10201030,ui_stage_101,0,0,落花又逢-桃活动,4,19,0,0,0,0,"10201030,1",0,0,10201030,,,0,1010000,,
10201040,ui_stage_101,0,0,神契双结-桃活动,4,19,0,0,0,0,"10201040,1",0,0,10201040,,,0,1010000,,
10201050,ui_stage_101,0,0,佳愿-桃活动,4,19,0,0,0,0,"10201050,1",0,0,10201050,,,0,1010000,,
10201060,ui_stage_101,0,0,恶神传说-桃活动,4,19,0,0,0,0,"10201060,1",0,0,10201060,,,0,1010000,,
10201070,ui_stage_101,0,0,解怨释结-桃活动,4,19,0,0,0,0,"10201070,1",0,0,10201070,,,0,1010000,,
10201080,ui_stage_101,0,0,夕暮漫步-桃活动,4,19,0,0,0,0,"10201080,1",0,0,10201080,,,0,1010000,,
10201090,ui_stage_101,0,0,阴云袭人-桃活动,4,19,0,0,0,0,"10201090,1",0,0,10201090,,,0,1010000,,
10201100,ui_stage_101,0,0,不安-桃活动,4,19,0,0,0,0,"10201100,1",0,0,10201100,,,0,1010000,,
10201110,ui_stage_101,0,0,神谕赐福-桃活动,4,19,0,0,0,0,"10201110,1",0,0,10201110,,,0,1010000,,
10201120,ui_stage_101,0,0,世如我见-桃活动,4,19,0,0,0,0,"10201120,1",0,0,10201120,,,0,1010000,,
10201130,ui_stage_101,0,0,黑与白-桃活动,4,19,0,0,0,0,"10201130,1",0,0,10201130,,,0,1010000,,
10201140,ui_stage_101,0,0,齐心协力-桃活动,4,19,0,0,0,0,"10201140,1",0,0,10201140,,,0,1010000,,
10201150,ui_stage_101,0,0,勘破我执-桃活动,4,19,0,0,0,0,"10201150,1",0,0,10201150,,,0,1010000,,
10201160,ui_stage_101,0,0,誓约-桃活动,4,19,0,0,0,0,"10201160,1",0,0,10201160,,,0,1010000,,
10201170,ui_stage_101,0,0,梦醒遇佳期-桃活动,4,19,0,0,0,0,"10201170,1",0,0,10201170,,,0,1010000,,
10201180,ui_stage_101,0,0,心有感-桃活动,4,19,0,0,0,0,"10201180,1",0,0,10201180,,,0,1010000,,
10201190,ui_stage_101,0,0,遇南山-桃活动,4,19,0,0,0,0,"10201190,1",0,0,10201190,,,0,1010000,,
10201200,ui_stage_101,0,0,越藩篱-桃活动,4,19,0,0,0,0,"10201200,1",0,0,10201200,,,0,1010000,,
10201210,ui_stage_101,0,0,行长路-桃活动,4,19,0,0,0,0,"10201210,1",0,0,10201210,,,0,1010000,,
10201220,ui_stage_101,0,0,潜深林-桃活动,4,19,0,0,0,0,"10201220,1",0,0,10201220,,,0,1010000,,
10201230,ui_stage_101,0,0,空折枝-桃活动,4,19,0,0,0,0,"10201230,1",0,0,10201230,,,0,1010000,,
10201240,ui_stage_101,0,0,饮溪月-桃活动,4,19,0,0,0,0,"10201240,1",0,0,10201240,,,0,1010000,,
10201250,ui_stage_101,0,0,入夜时-桃活动,4,19,0,0,0,0,"10201250,1",0,0,10201250,,,0,1010000,,
10201260,ui_stage_101,0,0,蚀月现-桃活动,4,19,0,0,0,0,"10201260,1",0,0,10201260,,,0,1010000,,
10202010,ui_stage_101,0,0,缘起锦绣-桃活动困难,4,19,0,0,0,0,"10202010,1",0,0,10202010,,,0,1010000,,
10202020,ui_stage_101,0,0,深林遇狐-桃活动困难,4,19,0,0,0,0,"10202020,1",0,0,10202020,,,0,1010000,,
10202030,ui_stage_101,0,0,落花又逢-桃活动困难,4,19,0,0,0,0,"10202030,1",0,0,10202030,,,0,1010000,,
10202040,ui_stage_101,0,0,神契双结-桃活动困难,4,19,0,0,0,0,"10202040,1",0,0,10202040,,,0,1010000,,
10202050,ui_stage_101,0,0,佳愿-桃活动困难,4,19,0,0,0,0,"10202050,1",0,0,10202050,,,0,1010000,,
10202060,ui_stage_101,0,0,恶神传说-桃活动困难,4,19,0,0,0,0,"10202060,1",0,0,10202060,,,0,1010000,,
10202070,ui_stage_101,0,0,解怨释结-桃活动困难,4,19,0,0,0,0,"10202070,1",0,0,10202070,,,0,1010000,,
10202080,ui_stage_101,0,0,夕暮漫步-桃活动困难,4,19,0,0,0,0,"10202080,1",0,0,10202080,,,0,1010000,,
10202090,ui_stage_101,0,0,阴云袭人-桃活动困难,4,19,0,0,0,0,"10202090,1",0,0,10202090,,,0,1010000,,
10202100,ui_stage_101,0,0,不安-桃活动困难,4,19,0,0,0,0,"10202100,1",0,0,10202100,,,0,1010000,,
10202110,ui_stage_101,0,0,神谕赐福-桃活动困难,4,19,0,0,0,0,"10202110,1",0,0,10202110,,,0,1010000,,
10202120,ui_stage_101,0,0,世如我见-桃活动困难,4,19,0,0,0,0,"10202120,1",0,0,10202120,,,0,1010000,,
10202130,ui_stage_101,0,0,黑与白-桃活动困难,4,19,0,0,0,0,"10202130,1",0,0,10202130,,,0,1010000,,
10202140,ui_stage_101,0,0,齐心协力-桃活动困难,4,19,0,0,0,0,"10202140,1",0,0,10202140,,,0,1010000,,
10202150,ui_stage_101,0,0,勘破我执-桃活动困难,4,19,0,0,0,0,"10202150,1",0,0,10202150,,,0,1010000,,
10202160,ui_stage_101,0,0,誓约-桃活动困难,4,19,0,0,0,0,"10202160,1",0,0,10202160,,,0,1010000,,
10202170,ui_stage_101,0,0,梦醒遇佳期-桃活动困难,4,19,0,0,0,0,"10202170,1",0,0,10202170,,,0,1010000,,
10202180,ui_stage_101,0,0,心有感-桃活动困难,4,19,0,0,0,0,"10202180,1",0,0,10202180,,,0,1010000,,
10202190,ui_stage_101,0,0,遇南山-桃活动困难,4,19,0,0,0,0,"10202190,1",0,0,10202190,,,0,1010000,,
10202200,ui_stage_101,0,0,越藩篱-桃活动困难,4,19,0,0,0,0,"10202200,1",0,0,10202200,,,0,1010000,,
10401010,ui_stage_101,0,0,屉中泣,4,19,0,0,0,0,"10401010,1",0,0,10401010,,,0,1040000,,
10401020,ui_stage_101,0,0,林间兽,4,19,0,0,0,0,"10401020,1",0,0,10401020,,,0,1040000,,
10401030,ui_stage_101,0,0,影猫卫,4,19,0,0,0,0,"10401030,1",0,0,10401030,,,0,1040000,,
10401040,ui_stage_101,0,0,云梦镇,4,19,0,0,0,0,"10401040,1",0,0,10401040,,,0,1040000,,
10401050,ui_stage_101,0,0,卯兔卫,4,19,0,0,0,0,"10401050,1",0,0,10401050,,,0,1040000,,
10401060,ui_stage_101,0,0,圣麟殿,4,19,0,0,0,0,"10401060,1",0,0,10401060,,,0,1040000,,
10401070,ui_stage_101,0,0,闺中话,4,19,0,0,0,0,"10401070,1",0,0,10401070,,,0,1040000,,
10401080,ui_stage_101,0,0,月下谈,4,19,0,0,0,0,"10401080,1",0,0,10401080,,,0,1040000,,
10401090,ui_stage_101,0,0,秋丰田,4,19,0,0,0,0,"10401090,1",0,0,10401090,,,0,1040000,,
10401100,ui_stage_101,0,0,丞相令,4,19,0,0,0,0,"10401100,1",0,0,10401100,,,0,1040000,,
10401110,ui_stage_101,0,0,通城道-壹,4,19,0,0,0,0,"10401110,1",0,0,10401110,,,0,1040000,,
10401120,ui_stage_101,0,0,通城道-贰,4,19,0,0,0,0,"10401120,1",0,0,10401120,,,0,1040000,,
10401130,ui_stage_101,0,0,守城战-壹,4,19,0,0,0,0,"10401130,1",0,0,10401130,,,0,1040000,,
10401140,ui_stage_101,0,0,守城战-贰,4,19,0,0,0,0,"10401140,1",0,0,10401140,,,0,1040000,,
10401150,ui_stage_101,0,0,守城战-叁,4,19,0,0,0,0,"10401150,1",0,0,10401150,,,0,1040000,,
10401160,ui_stage_101,0,0,山路弯-壹,4,19,0,0,0,0,"10401160,1",0,0,10401160,,,0,1040000,,
10401170,ui_stage_101,0,0,山路弯-贰,4,19,0,0,0,0,"10401170,1",0,0,10401170,,,0,1040000,,
10401180,ui_stage_101,0,0,山路弯-叁,4,19,0,0,0,0,"10401180,1",0,0,10401180,,,0,1040000,,
10401190,ui_stage_101,0,0,山路弯-肆,4,19,0,0,0,0,"10401190,1",0,0,10401190,,,0,1040000,,
10402010,ui_stage_101,0,0,府上客,4,19,0,0,0,0,"10402010,1",0,0,10402010,,,0,1040000,,
10402020,ui_stage_101,0,0,逐客令,4,19,0,0,0,0,"10402020,1",0,0,10402020,,,0,1040000,,
10402030,ui_stage_101,0,0,池中誓,4,19,0,0,0,0,"10402030,1",0,0,10402030,,,0,1040000,,
10402040,ui_stage_101,0,0,兔灵现,4,19,0,0,0,0,"10402040,1",0,0,10402040,,,0,1040000,,
10402050,ui_stage_101,0,0,故人来,4,19,0,0,0,0,"10402050,1",0,0,10402050,,,0,1040000,,
10402060,ui_stage_101,0,0,玄武志,4,19,0,0,0,0,"10402060,1",0,0,10402060,,,0,1040000,,
10402070,ui_stage_101,0,0,卯之光,4,19,0,0,0,0,"10402070,1",0,0,10402070,,,0,1040000,,
10402080,ui_stage_101,0,0,爱神箭,4,19,0,0,0,0,"10402080,1",0,0,10402080,,,0,1040000,,
10402090,ui_stage_101,0,0,波斯菊,4,19,0,0,0,0,"10402090,1",0,0,10402090,,,0,1040000,,
10402100,ui_stage_101,0,0,叙情诗,4,19,0,0,0,0,"10402100,1",0,0,10402100,,,0,1040000,,
10402110,ui_stage_101,0,0,破重围-壹,4,19,0,0,0,0,"10402110,1",0,0,10402110,,,0,1040000,,
10402120,ui_stage_101,0,0,破重围-贰,4,19,0,0,0,0,"10402120,1",0,0,10402120,,,0,1040000,,
10402130,ui_stage_101,0,0,瑶池境-壹,4,19,0,0,0,0,"10402130,1",0,0,10402130,,,0,1040000,,
10402140,ui_stage_101,0,0,瑶池境-贰,4,19,0,0,0,0,"10402140,1",0,0,10402140,,,0,1040000,,
10402150,ui_stage_101,0,0,连环阵-壹,4,19,0,0,0,0,"10402150,1",0,0,10402150,,,0,1040000,,
10402160,ui_stage_101,0,0,连环阵-贰,4,19,0,0,0,0,"10402160,1",0,0,10402160,,,0,1040000,,
10402170,ui_stage_101,0,0,殿前战-壹,4,19,0,0,0,0,"10402170,1",0,0,10402170,,,0,1040000,,
10402180,ui_stage_101,0,0,殿前战-贰,4,19,0,0,0,0,"10402180,1",0,0,10402180,,,0,1040000,,
10301010,ui_stage_101,0,0,入秋日,4,19,0,0,0,0,"10301010,1",0,0,10301010,,,0,1030000,,
10301020,ui_stage_101,0,0,姜茶,4,19,0,0,0,0,"10301020,1",0,0,10301020,,,0,1030000,,
10301030,ui_stage_101,0,0,手绢,4,19,0,0,0,0,"10301030,1",0,0,10301030,,,0,1030000,,
10301040,ui_stage_101,0,0,糖果,4,19,0,0,0,0,"10301040,1",0,0,10301040,,,0,1030000,,
10301050,ui_stage_101,0,0,失落者,4,19,0,0,0,0,"10301050,1",0,0,10301050,,,0,1030000,,
10301060,ui_stage_101,0,0,弃逃日,4,19,0,0,0,0,"10301060,1",0,0,10301060,,,0,1030000,,
10301070,ui_stage_101,0,0,艾雅语,4,19,0,0,0,0,"10301070,1",0,0,10301070,,,0,1030000,,
10301080,ui_stage_101,0,0,迷返,4,19,0,0,0,0,"10301080,1",0,0,10301080,,,0,1030000,,
10301090,ui_stage_101,0,0,书楼,4,19,0,0,0,0,"10301090,1",0,0,10301090,,,0,1030000,,
10301100,ui_stage_101,0,0,文盲,4,19,0,0,0,0,"10301100,1",0,0,10301100,,,0,1030000,,
10301110,ui_stage_101,0,0,不眠夜,4,19,0,0,0,0,"10301110,1",0,0,10301110,,,0,1030000,,
10301120,ui_stage_101,0,0,希泽尔,4,19,0,0,0,0,"10301120,1",0,0,10301120,,,0,1030000,,
10301130,ui_stage_101,0,0,君主,4,19,0,0,0,0,"10301130,1",0,0,10301130,,,0,1030000,,
10301140,ui_stage_101,0,0,矮人火枪,4,19,0,0,0,0,"10301140,1",0,0,10301140,,,0,1030000,,
10301150,ui_stage_101,0,0,夙愿,4,19,0,0,0,0,"10301150,1",0,0,10301150,,,0,1030000,,
10301160,ui_stage_101,0,0,郊游日,4,19,0,0,0,0,"10301160,1",0,0,10301160,,,0,1030000,,
10301170,ui_stage_101,0,0,渊流,4,19,0,0,0,0,"10301170,1",0,0,10301170,,,0,1030000,,
10301180,ui_stage_101,0,0,恶魔果酿,4,19,0,0,0,0,"10301180,1",0,0,10301180,,,0,1030000,,
10301190,ui_stage_101,0,0,池鱼,4,19,0,0,0,0,"10301190,1",0,0,10301190,,,0,1030000,,
10301200,ui_stage_101,0,0,床帐,4,19,0,0,0,0,"10301200,1",0,0,10301200,,,0,1030000,,
10301210,ui_stage_101,0,0,雾色,4,19,0,0,0,0,"10301210,1",0,0,10301210,,,0,1030000,,
10301220,ui_stage_101,0,0,爱与善,4,19,0,0,0,0,"10301220,1",0,0,10301220,,,0,1030000,,
10301230,ui_stage_101,0,0,不眠夜,4,19,0,0,0,0,"10301230,1",0,0,10301230,,,0,1030000,,
10301240,ui_stage_101,0,0,归乡日,4,19,0,0,0,0,"10301240,1",0,0,10301240,,,0,1030000,,
10301250,ui_stage_101,0,0,收获,4,19,0,0,0,0,"10301250,1",0,0,10301250,,,0,1030000,,
10301260,ui_stage_101,0,0,觥筹,4,19,0,0,0,0,"10301260,1",0,0,10301260,,,0,1030000,,
10301270,ui_stage_101,0,0,霜雨,4,19,0,0,0,0,"10301270,1",0,0,10301270,,,0,1030000,,
10301280,ui_stage_101,0,0,怀歌,4,19,0,0,0,0,"10301280,1",0,0,10301280,,,0,1030000,,
10301290,ui_stage_101,0,0,赤暗之星,4,19,0,0,0,0,"10301290,1",0,0,10301290,,,0,1030000,,
10301300,ui_stage_101,0,0,归宿,4,19,0,0,0,0,"10301300,1",0,0,10301300,,,0,1030000,,
10501010,ui_stage_101,0,0,奈奥米活动第一节,4,19,0,0,0,0,"10501010,1",0,0,10501010,,,0,1050000,,
10501020,ui_stage_101,0,0,奈奥米活动第二节,4,19,0,0,0,0,"10501020,1",0,0,10501020,,,0,1050000,,
10501030,ui_stage_101,0,0,奈奥米活动第三节,4,19,0,0,0,0,"10501030,1",0,0,10501030,,,0,1050000,,
10501040,ui_stage_101,0,0,奈奥米活动第四节,4,19,0,0,0,0,"10501040,1",0,0,10501040,,,0,1050000,,
10501050,ui_stage_101,0,0,奈奥米活动第五节,4,19,0,0,0,0,"10501050,1",0,0,10501050,,,0,1050000,,
10501060,ui_stage_101,0,0,奈奥米活动第六节,4,19,0,0,0,0,"10501060,1",0,0,10501060,,,0,1050000,,
10501070,ui_stage_101,0,0,奈奥米活动第七节,4,19,0,0,0,0,"10501070,1",0,0,10501070,,,0,1050000,,
10501080,ui_stage_101,0,0,奈奥米活动第八节,4,19,0,0,0,0,"10501080,1",0,0,10501080,,,0,1050000,,
10501090,ui_stage_101,0,0,奈奥米活动第九节,4,19,0,0,0,0,"10501090,1",0,0,10501090,,,0,1050000,,
10501100,ui_stage_101,0,0,奈奥米活动第十节,4,19,0,0,0,0,"10501100,1",0,0,10501100,,,0,1050000,,
10501110,ui_stage_101,0,0,奈奥米活动第十一节,4,19,0,0,0,0,"10501110,1",0,0,10501110,,,0,1050000,,
10501120,ui_stage_101,0,0,奈奥米活动第十二节,4,19,0,0,0,0,"10501120,1",0,0,10501120,,,0,1050000,,
10501130,ui_stage_101,0,0,奈奥米活动第十三节,4,19,0,0,0,0,"10501130,1",0,0,10501130,,,0,1050000,,
10501140,ui_stage_101,0,0,奈奥米活动第十四节,4,19,0,0,0,0,"10501140,1",0,0,10501140,,,0,1050000,,
10501150,ui_stage_101,0,0,奈奥米活动1.1,4,19,0,0,0,0,"10501150,1",0,0,10501150,,,0,1050000,,
10501160,ui_stage_101,0,0,奈奥米活动1.2,4,19,0,0,0,0,"10501160,1",0,0,10501160,,,0,1050000,,
10501170,ui_stage_101,0,0,奈奥米活动1.3,4,19,0,0,0,0,"10501170,1",0,0,10501170,,,0,1050000,,
10501180,ui_stage_101,0,0,奈奥米活动2.1,4,19,0,0,0,0,"10501180,1",0,0,10501180,,,0,1050000,,
10501190,ui_stage_101,0,0,奈奥米活动2.2,4,19,0,0,0,0,"10501190,1",0,0,10501190,,,0,1050000,,
10501200,ui_stage_101,0,0,奈奥米活动2.3,4,19,0,0,0,0,"10501200,1",0,0,10501200,,,0,1050000,,
10501210,ui_stage_101,0,0,奈奥米活动4.1,4,19,0,0,0,0,"10501210,1",0,0,10501210,,,0,1050000,,
10501220,ui_stage_101,0,0,奈奥米活动4.2,4,19,0,0,0,0,"10501220,1",0,0,10501220,,,0,1050000,,
10501230,ui_stage_101,0,0,奈奥米活动4.3,4,19,0,0,0,0,"10501230,1",0,0,10501230,,,0,1050000,,
10501240,ui_stage_101,0,0,奈奥米活动6.1,4,19,0,0,0,0,"10501240,1",0,0,10501240,,,0,1050000,,
10501250,ui_stage_101,0,0,奈奥米活动6.2,4,19,0,0,0,0,"10501250,1",0,0,10501250,,,0,1050000,,
10501260,ui_stage_101,0,0,奈奥米活动6.3,4,19,0,0,0,0,"10501260,1",0,0,10501260,,,0,1050000,,
10501270,ui_stage_101,0,0,奈奥米活动7.1,4,19,0,0,0,0,"10501270,1",0,0,10501270,,,0,1050000,,
10502010,ui_stage_101,0,0,奈奥米活动下1.1,4,19,0,0,0,0,"10502010,1",0,0,10502010,,,0,1050000,,
10502020,ui_stage_101,0,0,奈奥米活动下1.2,4,19,0,0,0,0,"10502020,1",0,0,10502020,,,0,1050000,,
10502030,ui_stage_101,0,0,奈奥米活动下1.3,4,19,0,0,0,0,"10502030,1",0,0,10502030,,,0,1050000,,
10502040,ui_stage_101,0,0,奈奥米活动下1.4,4,19,0,0,0,0,"10502040,1",0,0,10502040,,,0,1050000,,
10502050,ui_stage_101,0,0,奈奥米活动下1.5,4,19,0,0,0,0,"10502050,1",0,0,10502050,,,0,1050000,,
10502060,ui_stage_101,0,0,奈奥米活动下1.6,4,19,0,0,0,0,"10502060,1",0,0,10502060,,,0,1050000,,
10502070,ui_stage_101,0,0,奈奥米活动下1.7,4,19,0,0,0,0,"10502070,1",0,0,10502070,,,0,1050000,,
10502080,ui_stage_101,0,0,奈奥米活动下1.8,4,19,0,0,0,0,"10502080,1",0,0,10502080,,,0,1050000,,
10502090,ui_stage_101,0,0,奈奥米活动下1.9,4,19,0,0,0,0,"10502090,1",0,0,10502090,,,0,1050000,,
10502100,ui_stage_101,0,0,奈奥米活动下2,4,19,0,0,0,0,"10502100,1",0,0,10502100,,,0,1050000,,
12001010,ui_stage_101,0,0,召唤1,4,19,0,0,0,0,"12001010,1",0,0,12001010,,,0,1200000,,
12001020,ui_stage_101,0,0,召唤2,4,19,0,0,0,0,"12001020,1",0,0,12001020,,,0,1200000,,
12001030,ui_stage_101,0,0,风波1,4,19,0,0,0,0,"12001030,1",0,0,12001030,,,0,1200000,,
12001040,ui_stage_101,0,0,风波2,4,19,0,0,0,0,"12001040,1",0,0,12001040,,,0,1200000,,
12001050,ui_stage_101,0,0,风波3,4,19,0,0,0,0,"12001050,1",0,0,12001050,,,0,1200000,,
12001060,ui_stage_101,0,0,抓包1,4,19,0,0,0,0,"12001060,1",0,0,12001060,,,0,1200000,,
12001070,ui_stage_101,0,0,抓包2,4,19,0,0,0,0,"12001070,1",0,0,12001070,,,0,1200000,,
12001080,ui_stage_101,0,0,抓包3,4,19,0,0,0,0,"12001080,1",0,0,12001080,,,0,1200000,,
12001090,ui_stage_101,0,0,出逃1,4,19,0,0,0,0,"12001090,1",0,0,12001090,,,0,1200000,,
12001100,ui_stage_101,0,0,出逃2,4,19,0,0,0,0,"12001100,1",0,0,12001100,,,0,1200000,,
12001110,ui_stage_101,0,0,认证1,4,19,0,0,0,0,"12001110,1",0,0,12001110,,,0,1200000,,
12001120,ui_stage_101,0,0,认证2,4,19,0,0,0,0,"12001120,1",0,0,12001120,,,0,1200000,,
12002010,ui_stage_101,0,0,召唤1-进阶,4,19,0,0,0,0,"12002010,1",0,0,12002010,,,0,1200000,,
12002020,ui_stage_101,0,0,召唤2-进阶,4,19,0,0,0,0,"12002020,1",0,0,12002020,,,0,1200000,,
12002030,ui_stage_101,0,0,风波1-进阶,4,19,0,0,0,0,"12002030,1",0,0,12002030,,,0,1200000,,
12002040,ui_stage_101,0,0,风波2-进阶,4,19,0,0,0,0,"12002040,1",0,0,12002040,,,0,1200000,,
12002050,ui_stage_101,0,0,风波3-进阶,4,19,0,0,0,0,"12002050,1",0,0,12002050,,,0,1200000,,
12002060,ui_stage_101,0,0,抓包1-进阶,4,19,0,0,0,0,"12002060,1",0,0,12002060,,,0,1200000,,
12002070,ui_stage_101,0,0,抓包2-进阶,4,19,0,0,0,0,"12002070,1",0,0,12002070,,,0,1200000,,
12002080,ui_stage_101,0,0,抓包3-进阶,4,19,0,0,0,0,"12002080,1",0,0,12002080,,,0,1200000,,
12002090,ui_stage_101,0,0,出逃1-进阶,4,19,0,0,0,0,"12002090,1",0,0,12002090,,,0,1200000,,
12002100,ui_stage_101,0,0,出逃2-进阶,4,19,0,0,0,0,"12002100,1",0,0,12002100,,,0,1200000,,
12002110,ui_stage_101,0,0,认证1-进阶,4,19,0,0,0,0,"12002110,1",0,0,12002110,,,0,1200000,,
12002120,ui_stage_101,0,0,认证2-进阶,4,19,0,0,0,0,"12002120,1",0,0,12002120,,,0,1200000,,
101011,mission_threestar_101011,0,0,受击不超过12次,4,12,0,0,0,0,"101011,0,12",0,0,0,,,0,,第一章三星条件1,
101031,mission_threestar_101031,0,0,受击不超过12次,4,12,0,0,0,0,"101031,0,12",0,0,0,,,0,,第一章三星条件1,
101061,mission_threestar_101061,0,0,受击不超过12次,4,12,0,0,0,0,"101061,0,12",0,0,0,,,0,,第一章三星条件1,
101071,mission_threestar_101071,0,0,受击不超过12次,4,12,0,0,0,0,"101071,0,12",0,0,0,,,0,,第一章三星条件1,
101091,mission_threestar_101091,0,0,受击不超过12次,4,12,0,0,0,0,"101091,0,12",0,0,0,,,0,,第一章三星条件1,
101101,mission_threestar_101101,0,0,受击不超过12次,4,12,0,0,0,0,"101101,0,12",0,0,0,,,0,,第一章三星条件1,
101121,mission_threestar_101121,0,0,受击不超过12次,4,12,0,0,0,0,"101121,0,12",0,0,0,,,0,,第一章三星条件1,
101131,mission_threestar_101131,0,0,受击不超过12次,4,12,0,0,0,0,"101131,0,12",0,0,0,,,0,,第一章三星条件1,
101141,mission_threestar_101141,0,0,受击不超过12次,4,12,0,0,0,0,"101141,0,12",0,0,0,,,0,,第一章三星条件1,
101151,mission_threestar_101151,0,0,受击不超过12次,4,12,0,0,0,0,"101151,0,12",0,0,0,,,0,,第一章三星条件1,
101161,mission_threestar_101161,0,0,受击不超过12次,4,12,0,0,0,0,"101161,0,12",0,0,0,,,0,,第一章三星条件1,
101171,mission_threestar_101171,0,0,受击不超过12次,4,12,0,0,0,0,"101171,0,12",0,0,0,,,0,,第一章三星条件1,
101181,mission_threestar_101181,0,0,受击不超过{2}次,4,12,0,0,0,0,"101181,0,12",0,0,0,,,0,,第一章三星条件1,
101191,mission_threestar_101191,0,0,受击不超过12次,4,12,0,0,0,0,"101191,0,12",0,0,0,,,0,,第一章三星条件1,
101201,mission_threestar_101201,0,0,受击不超过12次,4,12,0,0,0,0,"101201,0,12",0,0,0,,,0,,第一章三星条件1,
101211,mission_threestar_101211,0,0,受击不超过12次,4,12,0,0,0,0,"101211,0,12",0,0,0,,,0,,第一章三星条件1,
101221,mission_threestar_101221,0,0,受击不超过12次,4,12,0,0,0,0,"101221,0,12",0,0,0,,,0,,第一章三星条件1,
101231,mission_threestar_101221,0,0,受击不超过12次,4,12,0,0,0,0,"101231,0,12",0,0,0,,,0,,第一章三星条件1,
101241,mission_threestar_101221,0,0,受击不超过12次,4,12,0,0,0,0,"101241,0,12",0,0,0,,,0,,第一章三星条件1,
101251,mission_threestar_101221,0,0,受击不超过12次,4,12,0,0,0,0,"101251,0,12",0,0,0,,,0,,第一章三星条件1,
101261,mission_threestar_101221,0,0,受击不超过12次,4,12,0,0,0,0,"101261,0,12",0,0,0,,,0,,第一章三星条件1,
101271,mission_threestar_101221,0,0,受击不超过12次,4,12,0,0,0,0,"101271,0,12",0,0,0,,,0,,第一章三星条件1,
102011,mission_threestar_102011,0,0,受击不超过12次,4,12,0,0,0,0,"102011,0,12",0,0,0,,,0,,第二章三星条件1,
102021,mission_threestar_102021,0,0,受击不超过12次,4,12,0,0,0,0,"102021,0,12",0,0,0,,,0,,第二章三星条件1,
102131,mission_threestar_102131,0,0,受击不超过12次,4,12,0,0,0,0,"102131,0,12",0,0,0,,,0,,第二章三星条件1,
102141,mission_threestar_102141,0,0,受击不超过12次,4,12,0,0,0,0,"102141,0,12",0,0,0,,,0,,第二章三星条件1,
102161,mission_threestar_102161,0,0,受击不超过12次,4,12,0,0,0,0,"102161,0,12",0,0,0,,,0,,第二章三星条件1,
102171,mission_threestar_102171,0,0,受击不超过12次,4,12,0,0,0,0,"102171,0,12",0,0,0,,,0,,第二章三星条件1,
102181,mission_threestar_102181,0,0,受击不超过12次,4,12,0,0,0,0,"102181,0,12",0,0,0,,,0,,第二章三星条件1,
102191,mission_threestar_102191,0,0,受击不超过12次,4,12,0,0,0,0,"102191,0,12",0,0,0,,,0,,第二章三星条件1,
102201,mission_threestar_102201,0,0,受击不超过12次,4,12,0,0,0,0,"102201,0,12",0,0,0,,,0,,第二章三星条件1,
102211,mission_threestar_102211,0,0,受击不超过12次,4,12,0,0,0,0,"102211,0,12",0,0,0,,,0,,第二章三星条件1,
102221,mission_threestar_102221,0,0,受击不超过12次,4,12,0,0,0,0,"102221,0,12",0,0,0,,,0,,第二章三星条件1,
102231,mission_threestar_102231,0,0,受击不超过12次,4,12,0,0,0,0,"102231,0,12",0,0,0,,,0,,第二章三星条件1,
102241,mission_threestar_102241,0,0,受击不超过12次,4,12,0,0,0,0,"102241,0,12",0,0,0,,,0,,第二章三星条件1,
102251,mission_threestar_102251,0,0,受击不超过12次,4,12,0,0,0,0,"102251,0,12",0,0,0,,,0,,第二章三星条件1,
102261,mission_threestar_102261,0,0,受击不超过12次,4,12,0,0,0,0,"102261,0,20",0,0,0,,,0,,第二章三星条件1,
102271,mission_threestar_102271,0,0,受击不超过12次,4,12,0,0,0,0,"102271,0,12",0,0,0,,,0,,第二章三星条件1,
102281,mission_threestar_102281,0,0,受击不超过12次,4,12,0,0,0,0,"102281,0,12",0,0,0,,,0,,第二章三星条件1,
103061,mission_threestar_103061,0,0,受击不超过12次,4,12,0,0,0,0,"103061,0,20",0,0,0,,,0,,第三章三星条件1,
103071,mission_threestar_103071,0,0,受击不超过12次,4,12,0,0,0,0,"103071,0,20",0,0,0,,,0,,第三章三星条件1,
103081,mission_threestar_103081,0,0,受击不超过12次,4,12,0,0,0,0,"103081,0,20",0,0,0,,,0,,第三章三星条件1,
103101,mission_threestar_103101,0,0,受击不超过12次,4,12,0,0,0,0,"103101,0,12",0,0,0,,,0,,第三章三星条件1,
103111,mission_threestar_103111,0,0,受击不超过12次,4,12,0,0,0,0,"103111,0,12",0,0,0,,,0,,第三章三星条件1,
103121,mission_threestar_103121,0,0,受击不超过12次,4,12,0,0,0,0,"103121,0,20",0,0,0,,,0,,第三章三星条件1,
103131,mission_threestar_103131,0,0,受击不超过12次,4,12,0,0,0,0,"103131,0,12",0,0,0,,,0,,第三章三星条件1,
103141,mission_threestar_103141,0,0,受击不超过12次,4,12,0,0,0,0,"103141,0,12",0,0,0,,,0,,第三章三星条件1,
103151,mission_threestar_103151,0,0,受击不超过12次,4,12,0,0,0,0,"103151,0,20",0,0,0,,,0,,第三章三星条件1,
103161,mission_threestar_103161,0,0,受击不超过12次,4,12,0,0,0,0,"103161,0,12",0,0,0,,,0,,第三章三星条件1,
103171,mission_threestar_103171,0,0,受击不超过12次,4,12,0,0,0,0,"103171,0,20",0,0,0,,,0,,第三章三星条件1,
103181,mission_threestar_103181,0,0,受击不超过12次,4,12,0,0,0,0,"103181,0,12",0,0,0,,,0,,第三章三星条件1,
103191,mission_threestar_103191,0,0,受击不超过12次,4,12,0,0,0,0,"103191,0,12",0,0,0,,,0,,第三章三星条件1,
103201,mission_threestar_103201,0,0,受击不超过12次,4,12,0,0,0,0,"103201,0,12",0,0,0,,,0,,第三章三星条件1,
104031,mission_threestar_104031,0,0,受击不超过12次,4,12,0,0,0,0,"104031,0,20",0,0,0,,,0,,第四章三星条件1,
104071,mission_threestar_104071,0,0,受击不超过12次,4,12,0,0,0,0,"104071,0,20",0,0,0,,,0,,第四章三星条件1,
104121,mission_threestar_104121,0,0,受击不超过12次,4,12,0,0,0,0,"104121,0,12",0,0,0,,,0,,第四章三星条件1,
104131,mission_threestar_104131,0,0,受击不超过12次,4,12,0,0,0,0,"104131,0,12",0,0,0,,,0,,第四章三星条件1,
104141,mission_threestar_104141,0,0,受击不超过12次,4,12,0,0,0,0,"104141,0,12",0,0,0,,,0,,第四章三星条件1,
104161,mission_threestar_104161,0,0,受击不超过12次,4,12,0,0,0,0,"104161,0,20",0,0,0,,,0,,第四章三星条件1,
104171,mission_threestar_104171,0,0,受击不超过12次,4,12,0,0,0,0,"104171,0,20",0,0,0,,,0,,第四章三星条件1,
104181,mission_threestar_104181,0,0,受击不超过12次,4,12,0,0,0,0,"104181,0,20",0,0,0,,,0,,第四章三星条件1,
104191,mission_threestar_104191,0,0,受击不超过12次,4,12,0,0,0,0,"104191,0,20",0,0,0,,,0,,第四章三星条件1,
104201,mission_threestar_104201,0,0,受击不超过12次,4,12,0,0,0,0,"104201,0,20",0,0,0,,,0,,第四章三星条件1,
104211,mission_threestar_104211,0,0,受击不超过12次,4,12,0,0,0,0,"104211,0,20",0,0,0,,,0,,第四章三星条件1,
104221,mission_threestar_104221,0,0,受击不超过12次,4,12,0,0,0,0,"104221,0,20",0,0,0,,,0,,第四章三星条件1,
104231,mission_threestar_104231,0,0,受击不超过12次,4,12,0,0,0,0,"104231,0,20",0,0,0,,,0,,第四章三星条件1,
104241,mission_threestar_104241,0,0,受击不超过12次,4,12,0,0,0,0,"104241,0,12",0,0,0,,,0,,第四章三星条件1,
105061,mission_threestar_105061,0,0,受击不超过12次,4,12,0,0,0,0,"105061,0,12",0,0,0,,,0,,第五章三星条件1,
105071,mission_threestar_105071,0,0,受击不超过12次,4,12,0,0,0,0,"105071,0,20",0,0,0,,,0,,第五章三星条件1,
105101,mission_threestar_105101,0,0,受击不超过12次,4,12,0,0,0,0,"105101,0,12",0,0,0,,,0,,第五章三星条件1,
105131,mission_threestar_105131,0,0,受击不超过12次,4,12,0,0,0,0,"105131,0,12",0,0,0,,,0,,第五章三星条件1,
105161,mission_threestar_105161,0,0,受击不超过12次,4,12,0,0,0,0,"105161,0,12",0,0,0,,,0,,第五章三星条件1,
105191,mission_threestar_105191,0,0,受击不超过12次,4,12,0,0,0,0,"105191,0,12",0,0,0,,,0,,第五章三星条件1,
105211,mission_threestar_105211,0,0,受击不超过12次,4,12,0,0,0,0,"105211,0,20",0,0,0,,,0,,第五章三星条件1,
105221,mission_threestar_105221,0,0,受击不超过12次,4,12,0,0,0,0,"105221,0,20",0,0,0,,,0,,第五章三星条件1,
105231,mission_threestar_105231,0,0,受击不超过12次,4,12,0,0,0,0,"105231,0,20",0,0,0,,,0,,第五章三星条件1,
105241,mission_threestar_105241,0,0,受击不超过12次,4,12,0,0,0,0,"105241,0,20",0,0,0,,,0,,第五章三星条件1,
105251,mission_threestar_105251,0,0,受击不超过12次,4,12,0,0,0,0,"105251,0,20",0,0,0,,,0,,第五章三星条件1,
105261,mission_threestar_105261,0,0,受击不超过12次,4,12,0,0,0,0,"105261,0,20",0,0,0,,,0,,第五章三星条件1,
105271,mission_threestar_105271,0,0,受击不超过12次,4,12,0,0,0,0,"105271,0,20",0,0,0,,,0,,第五章三星条件1,
105281,mission_threestar_105281,0,0,受击不超过12次,4,12,0,0,0,0,"105281,0,20",0,0,0,,,0,,第五章三星条件1,
105291,mission_threestar_105291,0,0,受击不超过12次,4,12,0,0,0,0,"105291,0,12",0,0,0,,,0,,第五章三星条件1,
105301,mission_threestar_105301,0,0,受击不超过12次,4,12,0,0,0,0,"105301,0,20",0,0,0,,,0,,第五章三星条件1,
105311,mission_threestar_105311,0,0,受击不超过12次,4,12,0,0,0,0,"105311,0,20",0,0,0,,,0,,第五章三星条件1,
105321,mission_threestar_105321,0,0,受击不超过12次,4,12,0,0,0,0,"105321,0,20",0,0,0,,,0,,第五章三星条件1,
105331,mission_threestar_105331,0,0,受击不超过12次,4,12,0,0,0,0,"105331,0,20",0,0,0,,,0,,第五章三星条件1,
106011,mission_threestar_106011,0,0,受击不超过12次,4,12,0,0,0,0,"106011,0,20",0,0,0,,,0,,第六-序章三星条件1,
106021,mission_threestar_106021,0,0,受击不超过12次,4,12,0,0,0,0,"106021,0,20",0,0,0,,,0,,第六-序章三星条件1,
106031,mission_threestar_106031,0,0,受击不超过12次,4,12,0,0,0,0,"106031,0,20",0,0,0,,,0,,第六-序章三星条件1,
106041,mission_threestar_106041,0,0,受击不超过12次,4,12,0,0,0,0,"106041,0,20",0,0,0,,,0,,第六-序章三星条件1,
106051,mission_threestar_106051,0,0,受击不超过12次,4,12,0,0,0,0,"106051,0,12",0,0,0,,,0,,第六-序章三星条件1,
106061,mission_threestar_106061,0,0,受击不超过12次,4,12,0,0,0,0,"106061,0,20",0,0,0,,,0,,第六-序章三星条件1,
106071,mission_threestar_106071,0,0,受击不超过12次,4,12,0,0,0,0,"106071,0,20",0,0,0,,,0,,第六-序章三星条件1,
106081,mission_threestar_106081,0,0,受击不超过12次,4,12,0,0,0,0,"106081,0,12",0,0,0,,,0,,第六-序章三星条件1,
106091,mission_threestar_106091,0,0,受击不超过12次,4,12,0,0,0,0,"106091,0,20",0,0,0,,,0,,第六-序章三星条件1,
106101,mission_threestar_106101,0,0,受击不超过12次,4,12,0,0,0,0,"106101,0,20",0,0,0,,,0,,第六-序章三星条件1,
106111,mission_threestar_106111,0,0,受击不超过12次,4,12,0,0,0,0,"106111,0,12",0,0,0,,,0,,第六-序章三星条件1,
106121,mission_threestar_106121,0,0,受击不超过12次,4,12,0,0,0,0,"106121,0,20",0,0,0,,,0,,第六-序章三星条件1,
106131,mission_threestar_106131,0,0,受击不超过12次,4,12,0,0,0,0,"106131,0,20",0,0,0,,,0,,第六-序章三星条件1,
106141,mission_threestar_106141,0,0,受击不超过12次,4,12,0,0,0,0,"106141,0,12",0,0,0,,,0,,第六-序章三星条件1,
106151,mission_threestar_106151,0,0,受击不超过12次,4,12,0,0,0,0,"106151,0,12",0,0,0,,,0,,第六-序章三星条件1,
106161,mission_threestar_106161,0,0,受击不超过12次,4,12,0,0,0,0,"106161,0,20",0,0,0,,,0,,第六-序章三星条件1,
106171,mission_threestar_106171,0,0,受击不超过12次,4,12,0,0,0,0,"106171,0,12",0,0,0,,,0,,第六-序章三星条件1,
106181,mission_threestar_106181,0,0,受击不超过12次,4,12,0,0,0,0,"106181,0,20",0,0,0,,,0,,第六-序章三星条件1,
106191,mission_threestar_106191,0,0,受击不超过12次,4,12,0,0,0,0,"106191,0,20",0,0,0,,,0,,第六-序章三星条件1,
106201,mission_threestar_106201,0,0,受击不超过12次,4,12,0,0,0,0,"106201,0,12",0,0,0,,,0,,第六-序章三星条件1,
106211,mission_threestar_106211,0,0,受击不超过12次,4,12,0,0,0,0,"106211,0,12",0,0,0,,,0,,第六-序章三星条件1,
106221,mission_threestar_106221,0,0,受击不超过12次,4,12,0,0,0,0,"106221,0,12",0,0,0,,,0,,第六-序章三星条件1,
107171,mission_threestar_107171,0,0,受击不超过12次,4,12,0,0,0,0,"107171,0,20",0,0,0,,,0,,第六-上章三星条件1,
107181,mission_threestar_107181,0,0,受击不超过12次,4,12,0,0,0,0,"107181,0,20",0,0,0,,,0,,第六-上章三星条件1,
107191,mission_threestar_107191,0,0,受击不超过12次,4,12,0,0,0,0,"107191,0,20",0,0,0,,,0,,第六-上章三星条件1,
107201,mission_threestar_107201,0,0,受击不超过12次,4,12,0,0,0,0,"107201,0,20",0,0,0,,,0,,第六-上章三星条件1,
107211,mission_threestar_107211,0,0,受击不超过12次,4,12,0,0,0,0,"107211,0,12",0,0,0,,,0,,第六-上章三星条件1,
107221,mission_threestar_107221,0,0,受击不超过12次,4,12,0,0,0,0,"107221,0,20",0,0,0,,,0,,第六-上章三星条件1,
107231,mission_threestar_107231,0,0,受击不超过12次,4,12,0,0,0,0,"107231,0,20",0,0,0,,,0,,第六-上章三星条件1,
107241,mission_threestar_107241,0,0,受击不超过12次,4,12,0,0,0,0,"107241,0,20",0,0,0,,,0,,第六-上章三星条件1,
107251,mission_threestar_107251,0,0,受击不超过12次,4,12,0,0,0,0,"107251,0,20",0,0,0,,,0,,第六-上章三星条件1,
107261,mission_threestar_107261,0,0,受击不超过12次,4,12,0,0,0,0,"107261,0,12",0,0,0,,,0,,第六-上章三星条件1,
108161,mission_threestar_108161,0,0,受击不超过12次,4,12,0,0,0,0,"108161,0,12",0,0,0,,,0,,第六-下章三星条件1,
108171,mission_threestar_108171,0,0,受击不超过12次,4,12,0,0,0,0,"108171,0,12",0,0,0,,,0,,第六-下章三星条件1,
108181,mission_threestar_108181,0,0,受击不超过12次,4,12,0,0,0,0,"108181,0,12",0,0,0,,,0,,第六-下章三星条件1,
108191,mission_threestar_108191,0,0,受击不超过12次,4,12,0,0,0,0,"108191,0,12",0,0,0,,,0,,第六-下章三星条件1,
108201,mission_threestar_108201,0,0,受击不超过12次,4,12,0,0,0,0,"108201,0,12",0,0,0,,,0,,第六-下章三星条件1,
108211,mission_threestar_108211,0,0,受击不超过12次,4,12,0,0,0,0,"108211,0,12",0,0,0,,,0,,第六-下章三星条件1,
108221,mission_threestar_108221,0,0,受击不超过12次,4,12,0,0,0,0,"108221,0,12",0,0,0,,,0,,第六-下章三星条件1,
108231,mission_threestar_108231,0,0,受击不超过12次,4,12,0,0,0,0,"108231,0,12",0,0,0,,,0,,第六-下章三星条件1,
108241,mission_threestar_108241,0,0,受击不超过12次,4,12,0,0,0,0,"108241,0,12",0,0,0,,,0,,第六-下章三星条件1,
108251,mission_threestar_108251,0,0,受击不超过12次,4,12,0,0,0,0,"108251,0,12",0,0,0,,,0,,第六-下章三星条件1,
108261,mission_threestar_108261,0,0,受击不超过12次,4,12,0,0,0,0,"108261,0,12",0,0,0,,,0,,第六-下章三星条件1,
108271,mission_threestar_108271,0,0,受击不超过12次,4,12,0,0,0,0,"108271,0,12",0,0,0,,,0,,第六-下章三星条件1,
108281,mission_threestar_108281,0,0,受击不超过12次,4,12,0,0,0,0,"108281,0,20",0,0,0,,,0,,第六-下章三星条件1,
108291,mission_threestar_108291,0,0,受击不超过12次,4,12,0,0,0,0,"108291,0,20",0,0,0,,,0,,第六-下章三星条件1,
108301,mission_threestar_108301,0,0,受击不超过12次,4,12,0,0,0,0,"108301,0,20",0,0,0,,,0,,第六-下章三星条件1,
108311,mission_threestar_108311,0,0,受击不超过12次,4,12,0,0,0,0,"108311,0,20",0,0,0,,,0,,第六-下章三星条件1,
108321,mission_threestar_108321,0,0,受击不超过12次,4,12,0,0,0,0,"108321,0,12",0,0,0,,,0,,第六-下章三星条件1,
108331,mission_threestar_108331,0,0,受击不超过12次,4,12,0,0,0,0,"108331,0,12",0,0,0,,,0,,第六-下章三星条件1,
109161,mission_threestar_109161,0,0,受击不超过12次,4,12,0,0,0,0,"109161,0,12",0,0,0,,,0,,第七章三星条件1,
109171,mission_threestar_109171,0,0,受击不超过12次,4,12,0,0,0,0,"109171,0,12",0,0,0,,,0,,第七章三星条件1,
109181,mission_threestar_109181,0,0,受击不超过12次,4,12,0,0,0,0,"109181,0,12",0,0,0,,,0,,第七章三星条件1,
109191,mission_threestar_109191,0,0,受击不超过12次,4,12,0,0,0,0,"109191,0,20",0,0,0,,,0,,第七章三星条件1,
109201,mission_threestar_109201,0,0,受击不超过12次,4,12,0,0,0,0,"109201,0,12",0,0,0,,,0,,第七章三星条件1,
109211,mission_threestar_109211,0,0,受击不超过12次,4,12,0,0,0,0,"109211,0,12",0,0,0,,,0,,第七章三星条件1,
109221,mission_threestar_109221,0,0,受击不超过12次,4,12,0,0,0,0,"109221,0,12",0,0,0,,,0,,第七章三星条件1,
109231,mission_threestar_109231,0,0,受击不超过12次,4,12,0,0,0,0,"109231,0,12",0,0,0,,,0,,第七章三星条件1,
109241,mission_threestar_109241,0,0,受击不超过12次,4,12,0,0,0,0,"109241,0,20",0,0,0,,,0,,第七章三星条件1,
109251,mission_threestar_109251,0,0,受击不超过12次,4,12,0,0,0,0,"109251,0,12",0,0,0,,,0,,第七章三星条件1,
109261,mission_threestar_109261,0,0,受击不超过12次,4,12,0,0,0,0,"109261,0,12",0,0,0,,,0,,第七章三星条件1,
109271,mission_threestar_109271,0,0,受击不超过12次,4,12,0,0,0,0,"109271,0,12",0,0,0,,,0,,第七章三星条件1,
109281,mission_threestar_109281,0,0,受击不超过12次,4,12,0,0,0,0,"109281,0,12",0,0,0,,,0,,第七章三星条件1,
109291,mission_threestar_109291,0,0,受击不超过12次,4,12,0,0,0,0,"109291,0,12",0,0,0,,,0,,第七章三星条件1,
109301,mission_threestar_109301,0,0,受击不超过12次,4,12,0,0,0,0,"109301,0,12",0,0,0,,,0,,第七章三星条件1,
109311,mission_threestar_109311,0,0,受击不超过12次,4,12,0,0,0,0,"109311,0,20",0,0,0,,,0,,第七章三星条件1,
109321,mission_threestar_109321,0,0,受击不超过12次,4,12,0,0,0,0,"109321,0,12",0,0,0,,,0,,第七章三星条件1,
109331,mission_threestar_109331,0,0,受击不超过12次,4,12,0,0,0,0,"109331,0,12",0,0,0,,,0,,第七章三星条件1,
110211,mission_threestar_110211,0,0,受击不超过12次,4,12,0,0,0,0,"110211,0,12",0,0,0,,,0,,第八章三星条件1,
110221,mission_threestar_110221,0,0,受击不超过12次,4,12,0,0,0,0,"110221,0,12",0,0,0,,,0,,第八章三星条件1,
110231,mission_threestar_110231,0,0,受击不超过12次,4,12,0,0,0,0,"110231,0,12",0,0,0,,,0,,第八章三星条件1,
110241,mission_threestar_110241,0,0,受击不超过12次,4,12,0,0,0,0,"110241,0,12",0,0,0,,,0,,第八章三星条件1,
110251,mission_threestar_110251,0,0,受击不超过12次,4,12,0,0,0,0,"110251,0,12",0,0,0,,,0,,第八章三星条件1,
110261,mission_threestar_110261,0,0,受击不超过12次,4,12,0,0,0,0,"110261,0,12",0,0,0,,,0,,第八章三星条件1,
110271,mission_threestar_110271,0,0,受击不超过12次,4,12,0,0,0,0,"110271,0,12",0,0,0,,,0,,第八章三星条件1,
110281,mission_threestar_110281,0,0,受击不超过12次,4,12,0,0,0,0,"110281,0,12",0,0,0,,,0,,第八章三星条件1,
110291,mission_threestar_110291,0,0,受击不超过12次,4,12,0,0,0,0,"110291,0,12",0,0,0,,,0,,第八章三星条件1,
110301,mission_threestar_110301,0,0,受击不超过12次,4,12,0,0,0,0,"110301,0,12",0,0,0,,,0,,第八章三星条件1,
110311,mission_threestar_110311,0,0,受击不超过12次,4,12,0,0,0,0,"110311,0,12",0,0,0,,,0,,第八章三星条件1,
110321,mission_threestar_110321,0,0,受击不超过12次,4,12,0,0,0,0,"110321,0,12",0,0,0,,,0,,第八章三星条件1,
110331,mission_threestar_110331,0,0,受击不超过12次,4,12,0,0,0,0,"110331,0,12",0,0,0,,,0,,第八章三星条件1,
110341,mission_threestar_110341,0,0,受击不超过12次,4,12,0,0,0,0,"110341,0,12",0,0,0,,,0,,第八章三星条件1,
110351,mission_threestar_110351,0,0,受击不超过12次,4,12,0,0,0,0,"110351,0,12",0,0,0,,,0,,第八章三星条件1,
101012,mission_threestar_101012,0,0,600时序内通关,4,12,0,0,0,0,"101012,0,600",0,0,0,,,0,10100,第一章三星条件2,
101032,mission_threestar_101032,0,0,600时序内通关,4,12,0,0,0,0,"101032,0,600",0,0,0,,,0,10100,第一章三星条件2,
101062,mission_threestar_101062,0,0,600时序内通关,4,12,0,0,0,0,"101062,0,600",0,0,0,,,0,10100,第一章三星条件2,
101072,mission_threestar_101072,0,0,600时序内通关,4,12,0,0,0,0,"101072,0,600",0,0,0,,,0,10100,第一章三星条件2,
101092,mission_threestar_101092,0,0,600时序内通关,4,12,0,0,0,0,"101092,0,600",0,0,0,,,0,10100,第一章三星条件2,
101102,mission_threestar_101102,0,0,600时序内通关,4,12,0,0,0,0,"101102,0,600",0,0,0,,,0,10100,第一章三星条件2,
101122,mission_threestar_101122,0,0,600时序内通关,4,12,0,0,0,0,"101122,0,600",0,0,0,,,0,10100,第一章三星条件2,
101132,mission_threestar_101132,0,0,600时序内通关,4,12,0,0,0,0,"101132,0,600",0,0,0,,,0,10100,第一章三星条件2,
101142,mission_threestar_101142,0,0,600时序内通关,4,12,0,0,0,0,"101142,0,600",0,0,0,,,0,10100,第一章三星条件2,
101152,mission_threestar_101152,0,0,600时序内通关,4,12,0,0,0,0,"101152,0,600",0,0,0,,,0,0,第一章三星条件2,
101162,mission_threestar_101162,0,0,600时序内通关,4,12,0,0,0,0,"101162,0,600",0,0,0,,,0,10100,第一章三星条件2,
101172,mission_threestar_101172,0,0,600时序内通关,4,12,0,0,0,0,"101172,0,600",0,0,0,,,0,10100,第一章三星条件2,
101182,mission_threestar_101182,0,0,600时序内通关,4,12,0,0,0,0,"101182,0,600",0,0,0,,,0,10100,第一章三星条件2,
101192,mission_threestar_101192,0,0,600时序内通关,4,12,0,0,0,0,"101192,0,600",0,0,0,,,0,0,第一章三星条件2,
101202,mission_threestar_101202,0,0,600时序内通关,4,12,0,0,0,0,"101202,0,600",0,0,0,,,0,10100,第一章三星条件2,
101212,mission_threestar_101212,0,0,600时序内通关,4,12,0,0,0,0,"101212,0,600",0,0,0,,,0,10100,第一章三星条件2,
101222,mission_threestar_101222,0,0,600时序内通关,4,12,0,0,0,0,"101222,0,600",0,0,0,,,0,0,第一章三星条件2,
101232,mission_threestar_101222,0,0,600时序内通关,4,12,0,0,0,0,"101232,0,600",0,0,0,,,0,10100,第一章三星条件2,
101242,mission_threestar_101222,0,0,600时序内通关,4,12,0,0,0,0,"101242,0,600",0,0,0,,,0,10100,第一章三星条件2,
101252,mission_threestar_101222,0,0,600时序内通关,4,12,0,0,0,0,"101252,0,600",0,0,0,,,0,10100,第一章三星条件2,
101262,mission_threestar_101222,0,0,600时序内通关,4,12,0,0,0,0,"101262,0,600",0,0,0,,,0,10100,第一章三星条件2,
101272,mission_threestar_101222,0,0,600时序内通关,4,12,0,0,0,0,"101272,0,600",0,0,0,,,0,10100,第一章三星条件2,
102012,mission_threestar_102012,0,0,600时序内通关,4,12,0,0,0,0,"102012,0,600",0,0,0,,,0,10200,第二章三星条件2,
102022,mission_threestar_102022,0,0,600时序内通关,4,12,0,0,0,0,"102022,0,600",0,0,0,,,0,10200,第二章三星条件2,
102132,mission_threestar_102132,0,0,600时序内通关,4,12,0,0,0,0,"102132,0,600",0,0,0,,,0,10200,第二章三星条件2,
102142,mission_threestar_102142,0,0,600时序内通关,4,12,0,0,0,0,"102142,0,600",0,0,0,,,0,10200,第二章三星条件2,
102162,mission_threestar_102162,0,0,600时序内通关,4,12,0,0,0,0,"102162,0,600",0,0,0,,,0,10200,第二章三星条件2,
102172,mission_threestar_102172,0,0,600时序内通关,4,12,0,0,0,0,"102172,0,600",0,0,0,,,0,10200,第二章三星条件2,
102182,mission_threestar_102182,0,0,600时序内通关,4,12,0,0,0,0,"102182,0,600",0,0,0,,,0,10200,第二章三星条件2,
102192,mission_threestar_102192,0,0,600时序内通关,4,12,0,0,0,0,"102192,0,600",0,0,0,,,0,10200,第二章三星条件2,
102202,mission_threestar_102202,0,0,600时序内通关,4,12,0,0,0,0,"102202,0,600",0,0,0,,,0,10200,第二章三星条件2,
102212,mission_threestar_102212,0,0,600时序内通关,4,12,0,0,0,0,"102212,0,600",0,0,0,,,0,10200,第二章三星条件2,
102222,mission_threestar_102222,0,0,600时序内通关,4,12,0,0,0,0,"102222,0,600",0,0,0,,,0,10200,第二章三星条件2,
102232,mission_threestar_102232,0,0,600时序内通关,4,12,0,0,0,0,"102232,0,600",0,0,0,,,0,10200,第二章三星条件2,
102242,mission_threestar_102242,0,0,600时序内通关,4,12,0,0,0,0,"102242,0,600",0,0,0,,,0,10200,第二章三星条件2,
102252,mission_threestar_102252,0,0,600时序内通关,4,12,0,0,0,0,"102252,0,600",0,0,0,,,0,10200,第二章三星条件2,
102262,mission_threestar_102262,0,0,600时序内通关,4,12,0,0,0,0,"102262,0,600",0,0,0,,,0,10200,第二章三星条件2,
102272,mission_threestar_102272,0,0,600时序内通关,4,12,0,0,0,0,"102272,0,600",0,0,0,,,0,10200,第二章三星条件2,
102282,mission_threestar_102282,0,0,600时序内通关,4,12,0,0,0,0,"102282,0,600",0,0,0,,,0,10200,第二章三星条件2,
103062,mission_threestar_103062,0,0,600时序内通关,4,12,0,0,0,0,"103062,0,600",0,0,0,,,0,10300,第三章三星条件2,
103072,mission_threestar_103072,0,0,600时序内通关,4,12,0,0,0,0,"103072,0,600",0,0,0,,,0,10300,第三章三星条件2,
103082,mission_threestar_103082,0,0,600时序内通关,4,12,0,0,0,0,"103082,0,600",0,0,0,,,0,10300,第三章三星条件2,
103102,mission_threestar_103102,0,0,600时序内通关,4,12,0,0,0,0,"103102,0,600",0,0,0,,,0,10300,第三章三星条件2,
103112,mission_threestar_103112,0,0,600时序内通关,4,12,0,0,0,0,"103112,0,600",0,0,0,,,0,10300,第三章三星条件2,
103122,mission_threestar_103122,0,0,600时序内通关,4,12,0,0,0,0,"103122,0,600",0,0,0,,,0,10300,第三章三星条件2,
103132,mission_threestar_103132,0,0,600时序内通关,4,12,0,0,0,0,"103132,0,600",0,0,0,,,0,10300,第三章三星条件2,
103142,mission_threestar_103142,0,0,600时序内通关,4,12,0,0,0,0,"103142,0,600",0,0,0,,,0,10300,第三章三星条件2,
103152,mission_threestar_103152,0,0,600时序内通关,4,12,0,0,0,0,"103152,0,600",0,0,0,,,0,10300,第三章三星条件2,
103162,mission_threestar_103162,0,0,600时序内通关,4,12,0,0,0,0,"103162,0,600",0,0,0,,,0,10300,第三章三星条件2,
103172,mission_threestar_103172,0,0,600时序内通关,4,12,0,0,0,0,"103172,0,600",0,0,0,,,0,10300,第三章三星条件2,
103182,mission_threestar_103182,0,0,600时序内通关,4,12,0,0,0,0,"103182,0,600",0,0,0,,,0,10300,第三章三星条件2,
103192,mission_threestar_103192,0,0,600时序内通关,4,12,0,0,0,0,"103192,0,600",0,0,0,,,0,10300,第三章三星条件2,
103202,mission_threestar_103202,0,0,600时序内通关,4,12,0,0,0,0,"103202,0,600",0,0,0,,,0,10300,第三章三星条件2,
104032,mission_threestar_104032,0,0,600时序内通关,4,12,0,0,0,0,"104032,0,600",0,0,0,,,0,10400,第四章三星条件2,
104072,mission_threestar_104072,0,0,600时序内通关,4,12,0,0,0,0,"104072,0,600",0,0,0,,,0,10400,第四章三星条件2,
104122,mission_threestar_104122,0,0,600时序内通关,4,12,0,0,0,0,"104122,0,600",0,0,0,,,0,10400,第四章三星条件2,
104132,mission_threestar_104132,0,0,600时序内通关,4,12,0,0,0,0,"104132,0,600",0,0,0,,,0,10400,第四章三星条件2,
104142,mission_threestar_104142,0,0,600时序内通关,4,12,0,0,0,0,"104142,0,600",0,0,0,,,0,10400,第四章三星条件2,
104162,mission_threestar_104162,0,0,600时序内通关,4,12,0,0,0,0,"104162,0,600",0,0,0,,,0,10400,第四章三星条件2,
104172,mission_threestar_104172,0,0,600时序内通关,4,12,0,0,0,0,"104172,0,600",0,0,0,,,0,10400,第四章三星条件2,
104182,mission_threestar_104182,0,0,600时序内通关,4,12,0,0,0,0,"104182,0,600",0,0,0,,,0,10400,第四章三星条件2,
104192,mission_threestar_104192,0,0,600时序内通关,4,12,0,0,0,0,"104192,0,600",0,0,0,,,0,10400,第四章三星条件2,
104202,mission_threestar_104202,0,0,600时序内通关,4,12,0,0,0,0,"104202,0,600",0,0,0,,,0,10400,第四章三星条件2,
104212,mission_threestar_104212,0,0,600时序内通关,4,12,0,0,0,0,"104212,0,600",0,0,0,,,0,10400,第四章三星条件2,
104222,mission_threestar_104222,0,0,600时序内通关,4,12,0,0,0,0,"104222,0,600",0,0,0,,,0,10400,第四章三星条件2,
104232,mission_threestar_104232,0,0,600时序内通关,4,12,0,0,0,0,"104232,0,600",0,0,0,,,0,10400,第四章三星条件2,
104242,mission_threestar_104242,0,0,600时序内通关,4,12,0,0,0,0,"104242,0,600",0,0,0,,,0,10400,第四章三星条件2,
105062,mission_threestar_105062,0,0,600时序内通关,4,12,0,0,0,0,"105062,0,600",0,0,0,,,0,10500,第五章三星条件2,
105072,mission_threestar_105072,0,0,600时序内通关,4,12,0,0,0,0,"105072,0,600",0,0,0,,,0,10500,第五章三星条件2,
105102,mission_threestar_105102,0,0,600时序内通关,4,12,0,0,0,0,"105102,0,600",0,0,0,,,0,10500,第五章三星条件2,
105132,mission_threestar_105132,0,0,600时序内通关,4,12,0,0,0,0,"105132,0,600",0,0,0,,,0,10500,第五章三星条件2,
105162,mission_threestar_105162,0,0,600时序内通关,4,12,0,0,0,0,"105162,0,600",0,0,0,,,0,10500,第五章三星条件2,
105192,mission_threestar_105192,0,0,600时序内通关,4,12,0,0,0,0,"105192,0,600",0,0,0,,,0,10500,第五章三星条件2,
105212,mission_threestar_105212,0,0,600时序内通关,4,12,0,0,0,0,"105212,0,600",0,0,0,,,0,10500,第五章三星条件2,
105222,mission_threestar_105222,0,0,600时序内通关,4,12,0,0,0,0,"105222,0,600",0,0,0,,,0,10500,第五章三星条件2,
105232,mission_threestar_105232,0,0,600时序内通关,4,12,0,0,0,0,"105232,0,600",0,0,0,,,0,10500,第五章三星条件2,
105242,mission_threestar_105242,0,0,600时序内通关,4,12,0,0,0,0,"105242,0,600",0,0,0,,,0,10500,第五章三星条件2,
105252,mission_threestar_105252,0,0,600时序内通关,4,12,0,0,0,0,"105252,0,600",0,0,0,,,0,10500,第五章三星条件2,
105262,mission_threestar_105262,0,0,600时序内通关,4,12,0,0,0,0,"105262,0,600",0,0,0,,,0,10500,第五章三星条件2,
105272,mission_threestar_105272,0,0,600时序内通关,4,12,0,0,0,0,"105272,0,600",0,0,0,,,0,10500,第五章三星条件2,
105282,mission_threestar_105282,0,0,600时序内通关,4,12,0,0,0,0,"105282,0,600",0,0,0,,,0,10500,第五章三星条件2,
105292,mission_threestar_105292,0,0,600时序内通关,4,12,0,0,0,0,"105292,0,600",0,0,0,,,0,10500,第五章三星条件2,
105302,mission_threestar_105302,0,0,600时序内通关,4,12,0,0,0,0,"105302,0,600",0,0,0,,,0,10500,第五章三星条件2,
105312,mission_threestar_105312,0,0,600时序内通关,4,12,0,0,0,0,"105312,0,600",0,0,0,,,0,10500,第五章三星条件2,
105322,mission_threestar_105322,0,0,600时序内通关,4,12,0,0,0,0,"105322,0,600",0,0,0,,,0,10500,第五章三星条件2,
105332,mission_threestar_105332,0,0,600时序内通关,4,12,0,0,0,0,"105332,0,600",0,0,0,,,0,10500,第五章三星条件2,
106012,mission_threestar_106012,0,0,600时序内通关,4,12,0,0,0,0,"106012,0,600",0,0,0,,,0,10600,第六-序章三星条件2,
106022,mission_threestar_106022,0,0,600时序内通关,4,12,0,0,0,0,"106022,0,600",0,0,0,,,0,10600,第六-序章三星条件2,
106032,mission_threestar_106032,0,0,600时序内通关,4,12,0,0,0,0,"106032,0,600",0,0,0,,,0,10600,第六-序章三星条件2,
106042,mission_threestar_106042,0,0,600时序内通关,4,12,0,0,0,0,"106042,0,600",0,0,0,,,0,10600,第六-序章三星条件2,
106052,mission_threestar_106052,0,0,600时序内通关,4,12,0,0,0,0,"106052,0,600",0,0,0,,,0,10600,第六-序章三星条件2,
106062,mission_threestar_106062,0,0,600时序内通关,4,12,0,0,0,0,"106062,0,600",0,0,0,,,0,10600,第六-序章三星条件2,
106072,mission_threestar_106072,0,0,600时序内通关,4,12,0,0,0,0,"106072,0,600",0,0,0,,,0,10600,第六-序章三星条件2,
106082,mission_threestar_106082,0,0,600时序内通关,4,12,0,0,0,0,"106082,0,600",0,0,0,,,0,10600,第六-序章三星条件2,
106092,mission_threestar_106092,0,0,600时序内通关,4,12,0,0,0,0,"106092,0,600",0,0,0,,,0,10600,第六-序章三星条件2,
106102,mission_threestar_106102,0,0,600时序内通关,4,12,0,0,0,0,"106102,0,600",0,0,0,,,0,10600,第六-序章三星条件2,
106112,mission_threestar_106112,0,0,600时序内通关,4,12,0,0,0,0,"106112,0,600",0,0,0,,,0,10600,第六-序章三星条件2,
106122,mission_threestar_106122,0,0,600时序内通关,4,12,0,0,0,0,"106122,0,600",0,0,0,,,0,10600,第六-序章三星条件2,
106132,mission_threestar_106132,0,0,600时序内通关,4,12,0,0,0,0,"106132,0,600",0,0,0,,,0,10600,第六-序章三星条件2,
106142,mission_threestar_106142,0,0,600时序内通关,4,12,0,0,0,0,"106142,0,600",0,0,0,,,0,10600,第六-序章三星条件2,
106152,mission_threestar_106152,0,0,600时序内通关,4,12,0,0,0,0,"106152,0,600",0,0,0,,,0,10600,第六-序章三星条件2,
106162,mission_threestar_106162,0,0,600时序内通关,4,12,0,0,0,0,"106162,0,600",0,0,0,,,0,10600,第六-序章三星条件2,
106172,mission_threestar_106172,0,0,600时序内通关,4,12,0,0,0,0,"106172,0,600",0,0,0,,,0,10600,第六-序章三星条件2,
106182,mission_threestar_106182,0,0,600时序内通关,4,12,0,0,0,0,"106182,0,600",0,0,0,,,0,10600,第六-序章三星条件2,
106192,mission_threestar_106192,0,0,600时序内通关,4,12,0,0,0,0,"106192,0,600",0,0,0,,,0,10600,第六-序章三星条件2,
106202,mission_threestar_106202,0,0,600时序内通关,4,12,0,0,0,0,"106202,0,600",0,0,0,,,0,10600,第六-序章三星条件2,
106212,mission_threestar_106212,0,0,600时序内通关,4,12,0,0,0,0,"106212,0,600",0,0,0,,,0,10600,第六-序章三星条件2,
106222,mission_threestar_106222,0,0,600时序内通关,4,12,0,0,0,0,"106222,0,600",0,0,0,,,0,10600,第六-序章三星条件2,
107172,mission_threestar_107172,0,0,600时序内通关,4,12,0,0,0,0,"107172,0,600",0,0,0,,,0,10700,第六-上章三星条件2,
107182,mission_threestar_107182,0,0,600时序内通关,4,12,0,0,0,0,"107182,0,600",0,0,0,,,0,10700,第六-上章三星条件2,
107192,mission_threestar_107192,0,0,600时序内通关,4,12,0,0,0,0,"107192,0,600",0,0,0,,,0,10700,第六-上章三星条件2,
107202,mission_threestar_107202,0,0,600时序内通关,4,12,0,0,0,0,"107202,0,600",0,0,0,,,0,10700,第六-上章三星条件2,
107212,mission_threestar_107212,0,0,600时序内通关,4,12,0,0,0,0,"107212,0,600",0,0,0,,,0,10700,第六-上章三星条件2,
107222,mission_threestar_107222,0,0,600时序内通关,4,12,0,0,0,0,"107222,0,600",0,0,0,,,0,10700,第六-上章三星条件2,
107232,mission_threestar_107232,0,0,600时序内通关,4,12,0,0,0,0,"107232,0,600",0,0,0,,,0,10700,第六-上章三星条件2,
107242,mission_threestar_107242,0,0,600时序内通关,4,12,0,0,0,0,"107242,0,600",0,0,0,,,0,10700,第六-上章三星条件2,
107252,mission_threestar_107252,0,0,600时序内通关,4,12,0,0,0,0,"107252,0,600",0,0,0,,,0,10700,第六-上章三星条件2,
107262,mission_threestar_107262,0,0,600时序内通关,4,12,0,0,0,0,"107262,0,600",0,0,0,,,0,10700,第六-上章三星条件2,
108162,mission_threestar_108162,0,0,600时序内通关,4,12,0,0,0,0,"108162,0,600",0,0,0,,,0,10800,第六-下章三星条件2,
108172,mission_threestar_108172,0,0,600时序内通关,4,12,0,0,0,0,"108172,0,600",0,0,0,,,0,10800,第六-下章三星条件2,
108182,mission_threestar_108182,0,0,600时序内通关,4,12,0,0,0,0,"108182,0,600",0,0,0,,,0,10800,第六-下章三星条件2,
108192,mission_threestar_108192,0,0,600时序内通关,4,12,0,0,0,0,"108192,0,600",0,0,0,,,0,10800,第六-下章三星条件2,
108202,mission_threestar_108202,0,0,600时序内通关,4,12,0,0,0,0,"108202,0,600",0,0,0,,,0,10800,第六-下章三星条件2,
108212,mission_threestar_108212,0,0,600时序内通关,4,12,0,0,0,0,"108212,0,600",0,0,0,,,0,10800,第六-下章三星条件2,
108222,mission_threestar_108222,0,0,600时序内通关,4,12,0,0,0,0,"108222,0,600",0,0,0,,,0,10800,第六-下章三星条件2,
108232,mission_threestar_108232,0,0,600时序内通关,4,12,0,0,0,0,"108232,0,600",0,0,0,,,0,10800,第六-下章三星条件2,
108242,mission_threestar_108242,0,0,600时序内通关,4,12,0,0,0,0,"108242,0,600",0,0,0,,,0,10800,第六-下章三星条件2,
108252,mission_threestar_108252,0,0,600时序内通关,4,12,0,0,0,0,"108252,0,600",0,0,0,,,0,10800,第六-下章三星条件2,
108262,mission_threestar_108262,0,0,600时序内通关,4,12,0,0,0,0,"108262,0,600",0,0,0,,,0,10800,第六-下章三星条件2,
108272,mission_threestar_108272,0,0,600时序内通关,4,12,0,0,0,0,"108272,0,600",0,0,0,,,0,10800,第六-下章三星条件2,
108282,mission_threestar_108282,0,0,600时序内通关,4,12,0,0,0,0,"108282,0,600",0,0,0,,,0,10800,第六-下章三星条件2,
108292,mission_threestar_108292,0,0,600时序内通关,4,12,0,0,0,0,"108292,0,600",0,0,0,,,0,10800,第六-下章三星条件2,
108302,mission_threestar_108302,0,0,600时序内通关,4,12,0,0,0,0,"108302,0,600",0,0,0,,,0,10800,第六-下章三星条件2,
108312,mission_threestar_108312,0,0,600时序内通关,4,12,0,0,0,0,"108312,0,600",0,0,0,,,0,10800,第六-下章三星条件2,
108322,mission_threestar_108322,0,0,600时序内通关,4,12,0,0,0,0,"108322,0,600",0,0,0,,,0,10800,第六-下章三星条件2,
108332,mission_threestar_108332,0,0,600时序内通关,4,12,0,0,0,0,"108332,0,600",0,0,0,,,0,10800,第六-下章三星条件2,
109162,mission_threestar_109162,0,0,600时序内通关,4,12,0,0,0,0,"109162,0,600",0,0,0,,,0,10900,第七章三星条件2,
109172,mission_threestar_109172,0,0,600时序内通关,4,12,0,0,0,0,"109172,0,600",0,0,0,,,0,10900,第七章三星条件2,
109182,mission_threestar_109182,0,0,600时序内通关,4,12,0,0,0,0,"109182,0,600",0,0,0,,,0,10900,第七章三星条件2,
109192,mission_threestar_109192,0,0,600时序内通关,4,12,0,0,0,0,"109192,0,600",0,0,0,,,0,10900,第七章三星条件2,
109202,mission_threestar_109202,0,0,600时序内通关,4,12,0,0,0,0,"109202,0,600",0,0,0,,,0,10900,第七章三星条件2,
109212,mission_threestar_109212,0,0,600时序内通关,4,12,0,0,0,0,"109212,0,600",0,0,0,,,0,10900,第七章三星条件2,
109222,mission_threestar_109222,0,0,600时序内通关,4,12,0,0,0,0,"109222,0,600",0,0,0,,,0,10900,第七章三星条件2,
109232,mission_threestar_109232,0,0,600时序内通关,4,12,0,0,0,0,"109232,0,600",0,0,0,,,0,10900,第七章三星条件2,
109242,mission_threestar_109242,0,0,600时序内通关,4,12,0,0,0,0,"109242,0,600",0,0,0,,,0,10900,第七章三星条件2,
109252,mission_threestar_109252,0,0,600时序内通关,4,12,0,0,0,0,"109252,0,600",0,0,0,,,0,10900,第七章三星条件2,
109262,mission_threestar_109262,0,0,600时序内通关,4,12,0,0,0,0,"109262,0,600",0,0,0,,,0,10900,第七章三星条件2,
109272,mission_threestar_109272,0,0,600时序内通关,4,12,0,0,0,0,"109272,0,600",0,0,0,,,0,10900,第七章三星条件2,
109282,mission_threestar_109282,0,0,600时序内通关,4,12,0,0,0,0,"109282,0,600",0,0,0,,,0,10900,第七章三星条件2,
109292,mission_threestar_109292,0,0,600时序内通关,4,12,0,0,0,0,"109292,0,600",0,0,0,,,0,10900,第七章三星条件2,
109302,mission_threestar_109302,0,0,600时序内通关,4,12,0,0,0,0,"109302,0,600",0,0,0,,,0,10900,第七章三星条件2,
109312,mission_threestar_109312,0,0,600时序内通关,4,12,0,0,0,0,"109312,0,600",0,0,0,,,0,10900,第七章三星条件2,
109322,mission_threestar_109322,0,0,600时序内通关,4,12,0,0,0,0,"109322,0,600",0,0,0,,,0,10900,第七章三星条件2,
109332,mission_threestar_109332,0,0,600时序内通关,4,12,0,0,0,0,"109332,0,600",0,0,0,,,0,10900,第七章三星条件2,
110212,mission_threestar_110212,0,0,600时序内通关,4,12,0,0,0,0,"110212,0,600",0,0,0,,,0,11000,第八章三星条件2,
110222,mission_threestar_110222,0,0,600时序内通关,4,12,0,0,0,0,"110222,0,600",0,0,0,,,0,11000,第八章三星条件2,
110232,mission_threestar_110232,0,0,600时序内通关,4,12,0,0,0,0,"110232,0,600",0,0,0,,,0,11000,第八章三星条件2,
110242,mission_threestar_110242,0,0,600时序内通关,4,12,0,0,0,0,"110242,0,600",0,0,0,,,0,11000,第八章三星条件2,
110252,mission_threestar_110252,0,0,600时序内通关,4,12,0,0,0,0,"110252,0,600",0,0,0,,,0,11000,第八章三星条件2,
110262,mission_threestar_110262,0,0,600时序内通关,4,12,0,0,0,0,"110262,0,600",0,0,0,,,0,11000,第八章三星条件2,
110272,mission_threestar_110272,0,0,600时序内通关,4,12,0,0,0,0,"110272,0,600",0,0,0,,,0,11000,第八章三星条件2,
110282,mission_threestar_110282,0,0,600时序内通关,4,12,0,0,0,0,"110282,0,600",0,0,0,,,0,11000,第八章三星条件2,
110292,mission_threestar_110292,0,0,600时序内通关,4,12,0,0,0,0,"110292,0,600",0,0,0,,,0,11000,第八章三星条件2,
110302,mission_threestar_110302,0,0,600时序内通关,4,12,0,0,0,0,"110302,0,600",0,0,0,,,0,11000,第八章三星条件2,
110312,mission_threestar_110312,0,0,600时序内通关,4,12,0,0,0,0,"110312,0,600",0,0,0,,,0,11000,第八章三星条件2,
110322,mission_threestar_110322,0,0,600时序内通关,4,12,0,0,0,0,"110322,0,600",0,0,0,,,0,11000,第八章三星条件2,
110332,mission_threestar_110332,0,0,600时序内通关,4,12,0,0,0,0,"110332,0,600",0,0,0,,,0,11000,第八章三星条件2,
110342,mission_threestar_110342,0,0,600时序内通关,4,12,0,0,0,0,"110342,0,600",0,0,0,,,0,11000,第八章三星条件2,
110352,mission_threestar_110352,0,0,600时序内通关,4,12,0,0,0,0,"110352,0,600",0,0,0,,,0,11000,第八章三星条件2,
101013,mission_threestar_101013,0,0,无人死亡,4,12,0,0,0,0,"101013,0,0",0,0,0,,,0,10100,第一章三星条件3,
101033,mission_threestar_101033,0,0,无人死亡,4,12,0,0,0,0,"101033,0,0",0,0,0,,,0,10100,第一章三星条件3,
101063,mission_threestar_101063,0,0,无人死亡,4,12,0,0,0,0,"101063,0,0",0,0,0,,,0,10100,第一章三星条件3,
101073,mission_threestar_101073,0,0,无人死亡,4,12,0,0,0,0,"101073,0,0",0,0,0,,,0,10100,第一章三星条件3,
101093,mission_threestar_101093,0,0,无人死亡,4,12,0,0,0,0,"101093,0,0",0,0,0,,,0,10100,第一章三星条件3,
101103,mission_threestar_101103,0,0,无人死亡,4,12,0,0,0,0,"101103,0,0",0,0,0,,,0,10100,第一章三星条件3,
101123,mission_threestar_101123,0,0,无人死亡,4,12,0,0,0,0,"101123,0,0",0,0,0,,,0,10100,第一章三星条件3,
101133,mission_threestar_101133,0,0,无人死亡,4,12,0,0,0,0,"101133,0,0",0,0,0,,,0,10100,第一章三星条件3,
101143,mission_threestar_101143,0,0,无人死亡,4,12,0,0,0,0,"101143,0,0",0,0,0,,,0,10100,第一章三星条件3,
101153,mission_threestar_101153,0,0,无人死亡,4,12,0,0,0,0,"101153,0,0",0,0,0,,,0,0,第一章三星条件3,
101163,mission_threestar_101163,0,0,无人死亡,4,12,0,0,0,0,"101163,0,0",0,0,0,,,0,10100,第一章三星条件3,
101173,mission_threestar_101173,0,0,无人死亡,4,12,0,0,0,0,"101173,0,0",0,0,0,,,0,10100,第一章三星条件3,
101183,mission_threestar_101183,0,0,无人死亡,4,12,0,0,0,0,"101183,0,0",0,0,0,,,0,10100,第一章三星条件3,
101193,mission_threestar_101193,0,0,无人死亡,4,12,0,0,0,0,"101193,0,0",0,0,0,,,0,0,第一章三星条件3,
101203,mission_threestar_101203,0,0,无人死亡,4,12,0,0,0,0,"101203,0,0",0,0,0,,,0,10100,第一章三星条件3,
101213,mission_threestar_101213,0,0,无人死亡,4,12,0,0,0,0,"101213,0,0",0,0,0,,,0,10100,第一章三星条件3,
101223,mission_threestar_101223,0,0,无人死亡,4,12,0,0,0,0,"101223,0,0",0,0,0,,,0,0,第一章三星条件3,
101233,mission_threestar_101223,0,0,无人死亡,4,12,0,0,0,0,"101233,0,0",0,0,0,,,0,10100,第一章三星条件3,
101243,mission_threestar_101223,0,0,无人死亡,4,12,0,0,0,0,"101243,0,0",0,0,0,,,0,10100,第一章三星条件3,
101253,mission_threestar_101223,0,0,无人死亡,4,12,0,0,0,0,"101253,0,0",0,0,0,,,0,10100,第一章三星条件3,
101263,mission_threestar_101223,0,0,无人死亡,4,12,0,0,0,0,"101263,0,0",0,0,0,,,0,10100,第一章三星条件3,
101273,mission_threestar_101223,0,0,无人死亡,4,12,0,0,0,0,"101273,0,0",0,0,0,,,0,10100,第一章三星条件3,
102013,mission_threestar_102013,0,0,无人死亡,4,12,0,0,0,0,"102013,0,0",0,0,0,,,0,10200,第二章三星条件3,
102023,mission_threestar_102023,0,0,无人死亡,4,12,0,0,0,0,"102023,0,0",0,0,0,,,0,10200,第二章三星条件3,
102133,mission_threestar_102133,0,0,无人死亡,4,12,0,0,0,0,"102133,0,0",0,0,0,,,0,10200,第二章三星条件3,
102143,mission_threestar_102143,0,0,无人死亡,4,12,0,0,0,0,"102143,0,0",0,0,0,,,0,10200,第二章三星条件3,
102163,mission_threestar_102163,0,0,无人死亡,4,12,0,0,0,0,"102163,0,0",0,0,0,,,0,10200,第二章三星条件3,
102173,mission_threestar_102173,0,0,无人死亡,4,12,0,0,0,0,"102173,0,0",0,0,0,,,0,10200,第二章三星条件3,
102183,mission_threestar_102183,0,0,无人死亡,4,12,0,0,0,0,"102183,0,0",0,0,0,,,0,10200,第二章三星条件3,
102193,mission_threestar_102193,0,0,无人死亡,4,12,0,0,0,0,"102193,0,0",0,0,0,,,0,10200,第二章三星条件3,
102203,mission_threestar_102203,0,0,无人死亡,4,12,0,0,0,0,"102203,0,0",0,0,0,,,0,10200,第二章三星条件3,
102213,mission_threestar_102213,0,0,无人死亡,4,12,0,0,0,0,"102213,0,0",0,0,0,,,0,10200,第二章三星条件3,
102223,mission_threestar_102223,0,0,无人死亡,4,12,0,0,0,0,"102223,0,0",0,0,0,,,0,10200,第二章三星条件3,
102233,mission_threestar_102233,0,0,无人死亡,4,12,0,0,0,0,"102233,0,0",0,0,0,,,0,10200,第二章三星条件3,
102243,mission_threestar_102243,0,0,无人死亡,4,12,0,0,0,0,"102243,0,0",0,0,0,,,0,10200,第二章三星条件3,
102253,mission_threestar_102253,0,0,无人死亡,4,12,0,0,0,0,"102253,0,0",0,0,0,,,0,10200,第二章三星条件3,
102263,mission_threestar_102263,0,0,无人死亡,4,12,0,0,0,0,"102263,0,0",0,0,0,,,0,10200,第二章三星条件3,
102273,mission_threestar_102273,0,0,无人死亡,4,12,0,0,0,0,"102273,0,0",0,0,0,,,0,10200,第二章三星条件3,
102283,mission_threestar_102283,0,0,无人死亡,4,12,0,0,0,0,"102283,0,0",0,0,0,,,0,10200,第二章三星条件3,
103063,mission_threestar_103063,0,0,无人死亡,4,12,0,0,0,0,"103063,0,0",0,0,0,,,0,10300,第三章三星条件3,
103073,mission_threestar_103073,0,0,无人死亡,4,12,0,0,0,0,"103073,0,0",0,0,0,,,0,10300,第三章三星条件3,
103083,mission_threestar_103083,0,0,无人死亡,4,12,0,0,0,0,"103083,0,0",0,0,0,,,0,10300,第三章三星条件3,
103103,mission_threestar_103103,0,0,无人死亡,4,12,0,0,0,0,"103103,0,0",0,0,0,,,0,10300,第三章三星条件3,
103113,mission_threestar_103113,0,0,无人死亡,4,12,0,0,0,0,"103113,0,0",0,0,0,,,0,10300,第三章三星条件3,
103123,mission_threestar_103123,0,0,无人死亡,4,12,0,0,0,0,"103123,0,0",0,0,0,,,0,10300,第三章三星条件3,
103133,mission_threestar_103133,0,0,无人死亡,4,12,0,0,0,0,"103133,0,0",0,0,0,,,0,10300,第三章三星条件3,
103143,mission_threestar_103143,0,0,无人死亡,4,12,0,0,0,0,"103143,0,0",0,0,0,,,0,10300,第三章三星条件3,
103153,mission_threestar_103153,0,0,无人死亡,4,12,0,0,0,0,"103153,0,0",0,0,0,,,0,10300,第三章三星条件3,
103163,mission_threestar_103163,0,0,无人死亡,4,12,0,0,0,0,"103163,0,0",0,0,0,,,0,10300,第三章三星条件3,
103173,mission_threestar_103173,0,0,无人死亡,4,12,0,0,0,0,"103173,0,0",0,0,0,,,0,10300,第三章三星条件3,
103183,mission_threestar_103183,0,0,无人死亡,4,12,0,0,0,0,"103183,0,0",0,0,0,,,0,10300,第三章三星条件3,
103193,mission_threestar_103193,0,0,无人死亡,4,12,0,0,0,0,"103193,0,0",0,0,0,,,0,10300,第三章三星条件3,
103203,mission_threestar_103203,0,0,无人死亡,4,12,0,0,0,0,"103203,0,0",0,0,0,,,0,10300,第三章三星条件3,
104033,mission_threestar_104033,0,0,无人死亡,4,12,0,0,0,0,"104033,0,0",0,0,0,,,0,10400,第四章三星条件3,
104073,mission_threestar_104073,0,0,无人死亡,4,12,0,0,0,0,"104073,0,0",0,0,0,,,0,10400,第四章三星条件3,
104123,mission_threestar_104123,0,0,无人死亡,4,12,0,0,0,0,"104123,0,0",0,0,0,,,0,10400,第四章三星条件3,
104133,mission_threestar_104133,0,0,无人死亡,4,12,0,0,0,0,"104133,0,0",0,0,0,,,0,10400,第四章三星条件3,
104143,mission_threestar_104143,0,0,无人死亡,4,12,0,0,0,0,"104143,0,0",0,0,0,,,0,10400,第四章三星条件3,
104163,mission_threestar_104163,0,0,无人死亡,4,12,0,0,0,0,"104163,0,0",0,0,0,,,0,10400,第四章三星条件3,
104173,mission_threestar_104173,0,0,无人死亡,4,12,0,0,0,0,"104173,0,0",0,0,0,,,0,10400,第四章三星条件3,
104183,mission_threestar_104183,0,0,无人死亡,4,12,0,0,0,0,"104183,0,0",0,0,0,,,0,10400,第四章三星条件3,
104193,mission_threestar_104193,0,0,无人死亡,4,12,0,0,0,0,"104193,0,0",0,0,0,,,0,10400,第四章三星条件3,
104203,mission_threestar_104203,0,0,无人死亡,4,12,0,0,0,0,"104203,0,0",0,0,0,,,0,10400,第四章三星条件3,
104213,mission_threestar_104213,0,0,无人死亡,4,12,0,0,0,0,"104213,0,0",0,0,0,,,0,10400,第四章三星条件3,
104223,mission_threestar_104223,0,0,无人死亡,4,12,0,0,0,0,"104223,0,0",0,0,0,,,0,10400,第四章三星条件3,
104233,mission_threestar_104233,0,0,无人死亡,4,12,0,0,0,0,"104233,0,0",0,0,0,,,0,10400,第四章三星条件3,
104243,mission_threestar_104243,0,0,无人死亡,4,12,0,0,0,0,"104243,0,0",0,0,0,,,0,10400,第四章三星条件3,
105063,mission_threestar_105063,0,0,无人死亡,4,12,0,0,0,0,"105063,0,0",0,0,0,,,0,10500,第五章三星条件3,
105073,mission_threestar_105073,0,0,无人死亡,4,12,0,0,0,0,"105073,0,0",0,0,0,,,0,10500,第五章三星条件3,
105103,mission_threestar_105103,0,0,无人死亡,4,12,0,0,0,0,"105103,0,0",0,0,0,,,0,10500,第五章三星条件3,
105133,mission_threestar_105133,0,0,无人死亡,4,12,0,0,0,0,"105133,0,0",0,0,0,,,0,10500,第五章三星条件3,
105163,mission_threestar_105163,0,0,无人死亡,4,12,0,0,0,0,"105163,0,0",0,0,0,,,0,10500,第五章三星条件3,
105193,mission_threestar_105193,0,0,无人死亡,4,12,0,0,0,0,"105193,0,0",0,0,0,,,0,10500,第五章三星条件3,
105213,mission_threestar_105213,0,0,无人死亡,4,12,0,0,0,0,"105213,0,0",0,0,0,,,0,10500,第五章三星条件3,
105223,mission_threestar_105223,0,0,无人死亡,4,12,0,0,0,0,"105223,0,0",0,0,0,,,0,10500,第五章三星条件3,
105233,mission_threestar_105233,0,0,无人死亡,4,12,0,0,0,0,"105233,0,0",0,0,0,,,0,10500,第五章三星条件3,
105243,mission_threestar_105243,0,0,无人死亡,4,12,0,0,0,0,"105243,0,0",0,0,0,,,0,10500,第五章三星条件3,
105253,mission_threestar_105253,0,0,无人死亡,4,12,0,0,0,0,"105253,0,0",0,0,0,,,0,10500,第五章三星条件3,
105263,mission_threestar_105263,0,0,无人死亡,4,12,0,0,0,0,"105263,0,0",0,0,0,,,0,10500,第五章三星条件3,
105273,mission_threestar_105273,0,0,无人死亡,4,12,0,0,0,0,"105273,0,0",0,0,0,,,0,10500,第五章三星条件3,
105283,mission_threestar_105283,0,0,无人死亡,4,12,0,0,0,0,"105283,0,0",0,0,0,,,0,10500,第五章三星条件3,
105293,mission_threestar_105293,0,0,无人死亡,4,12,0,0,0,0,"105293,0,0",0,0,0,,,0,10500,第五章三星条件3,
105303,mission_threestar_105303,0,0,无人死亡,4,12,0,0,0,0,"105303,0,0",0,0,0,,,0,10500,第五章三星条件3,
105313,mission_threestar_105313,0,0,无人死亡,4,12,0,0,0,0,"105313,0,0",0,0,0,,,0,10500,第五章三星条件3,
105323,mission_threestar_105323,0,0,无人死亡,4,12,0,0,0,0,"105323,0,0",0,0,0,,,0,10500,第五章三星条件3,
105333,mission_threestar_105333,0,0,无人死亡,4,12,0,0,0,0,"105333,0,0",0,0,0,,,0,10500,第五章三星条件3,
106013,mission_threestar_106013,0,0,无人死亡,4,12,0,0,0,0,"106013,0,0",0,0,0,,,0,10600,第六-序章三星条件3,
106023,mission_threestar_106023,0,0,无人死亡,4,12,0,0,0,0,"106023,0,0",0,0,0,,,0,10600,第六-序章三星条件3,
106033,mission_threestar_106033,0,0,无人死亡,4,12,0,0,0,0,"106033,0,0",0,0,0,,,0,10600,第六-序章三星条件3,
106043,mission_threestar_106043,0,0,无人死亡,4,12,0,0,0,0,"106043,0,0",0,0,0,,,0,10600,第六-序章三星条件3,
106053,mission_threestar_106053,0,0,无人死亡,4,12,0,0,0,0,"106053,0,0",0,0,0,,,0,10600,第六-序章三星条件3,
106063,mission_threestar_106063,0,0,无人死亡,4,12,0,0,0,0,"106063,0,0",0,0,0,,,0,10600,第六-序章三星条件3,
106073,mission_threestar_106073,0,0,无人死亡,4,12,0,0,0,0,"106073,0,0",0,0,0,,,0,10600,第六-序章三星条件3,
106083,mission_threestar_106083,0,0,无人死亡,4,12,0,0,0,0,"106083,0,0",0,0,0,,,0,10600,第六-序章三星条件3,
106093,mission_threestar_106093,0,0,无人死亡,4,12,0,0,0,0,"106093,0,0",0,0,0,,,0,10600,第六-序章三星条件3,
106103,mission_threestar_106103,0,0,无人死亡,4,12,0,0,0,0,"106103,0,0",0,0,0,,,0,10600,第六-序章三星条件3,
106113,mission_threestar_106113,0,0,无人死亡,4,12,0,0,0,0,"106113,0,0",0,0,0,,,0,10600,第六-序章三星条件3,
106123,mission_threestar_106123,0,0,无人死亡,4,12,0,0,0,0,"106123,0,0",0,0,0,,,0,10600,第六-序章三星条件3,
106133,mission_threestar_106133,0,0,无人死亡,4,12,0,0,0,0,"106133,0,0",0,0,0,,,0,10600,第六-序章三星条件3,
106143,mission_threestar_106143,0,0,无人死亡,4,12,0,0,0,0,"106143,0,0",0,0,0,,,0,10600,第六-序章三星条件3,
106153,mission_threestar_106153,0,0,无人死亡,4,12,0,0,0,0,"106153,0,0",0,0,0,,,0,10600,第六-序章三星条件3,
106163,mission_threestar_106163,0,0,无人死亡,4,12,0,0,0,0,"106163,0,0",0,0,0,,,0,10600,第六-序章三星条件3,
106173,mission_threestar_106173,0,0,无人死亡,4,12,0,0,0,0,"106173,0,0",0,0,0,,,0,10600,第六-序章三星条件3,
106183,mission_threestar_106183,0,0,无人死亡,4,12,0,0,0,0,"106183,0,0",0,0,0,,,0,10600,第六-序章三星条件3,
106193,mission_threestar_106193,0,0,无人死亡,4,12,0,0,0,0,"106193,0,0",0,0,0,,,0,10600,第六-序章三星条件3,
106203,mission_threestar_106203,0,0,无人死亡,4,12,0,0,0,0,"106203,0,0",0,0,0,,,0,10600,第六-序章三星条件3,
106213,mission_threestar_106213,0,0,无人死亡,4,12,0,0,0,0,"106213,0,0",0,0,0,,,0,10600,第六-序章三星条件3,
106223,mission_threestar_106223,0,0,无人死亡,4,12,0,0,0,0,"106223,0,0",0,0,0,,,0,10600,第六-序章三星条件3,
107173,mission_threestar_107173,0,0,无人死亡,4,12,0,0,0,0,"107173,0,0",0,0,0,,,0,10700,第六-上章三星条件3,
107183,mission_threestar_107183,0,0,无人死亡,4,12,0,0,0,0,"107183,0,0",0,0,0,,,0,10700,第六-上章三星条件3,
107193,mission_threestar_107193,0,0,无人死亡,4,12,0,0,0,0,"107193,0,0",0,0,0,,,0,10700,第六-上章三星条件3,
107203,mission_threestar_107203,0,0,无人死亡,4,12,0,0,0,0,"107203,0,0",0,0,0,,,0,10700,第六-上章三星条件3,
107213,mission_threestar_107213,0,0,无人死亡,4,12,0,0,0,0,"107213,0,0",0,0,0,,,0,10700,第六-上章三星条件3,
107223,mission_threestar_107223,0,0,无人死亡,4,12,0,0,0,0,"107223,0,0",0,0,0,,,0,10700,第六-上章三星条件3,
107233,mission_threestar_107233,0,0,无人死亡,4,12,0,0,0,0,"107233,0,0",0,0,0,,,0,10700,第六-上章三星条件3,
107243,mission_threestar_107243,0,0,无人死亡,4,12,0,0,0,0,"107243,0,0",0,0,0,,,0,10700,第六-上章三星条件3,
107253,mission_threestar_107253,0,0,无人死亡,4,12,0,0,0,0,"107253,0,0",0,0,0,,,0,10700,第六-上章三星条件3,
107263,mission_threestar_107263,0,0,无人死亡,4,12,0,0,0,0,"107263,0,0",0,0,0,,,0,10700,第六-上章三星条件3,
108163,mission_threestar_108163,0,0,无人死亡,4,12,0,0,0,0,"108163,0,0",0,0,0,,,0,10800,第六-下章三星条件3,
108173,mission_threestar_108173,0,0,无人死亡,4,12,0,0,0,0,"108173,0,0",0,0,0,,,0,10800,第六-下章三星条件3,
108183,mission_threestar_108183,0,0,无人死亡,4,12,0,0,0,0,"108183,0,0",0,0,0,,,0,10800,第六-下章三星条件3,
108193,mission_threestar_108193,0,0,无人死亡,4,12,0,0,0,0,"108193,0,0",0,0,0,,,0,10800,第六-下章三星条件3,
108203,mission_threestar_108203,0,0,无人死亡,4,12,0,0,0,0,"108203,0,0",0,0,0,,,0,10800,第六-下章三星条件3,
108213,mission_threestar_108213,0,0,无人死亡,4,12,0,0,0,0,"108213,0,0",0,0,0,,,0,10800,第六-下章三星条件3,
108223,mission_threestar_108223,0,0,无人死亡,4,12,0,0,0,0,"108223,0,0",0,0,0,,,0,10800,第六-下章三星条件3,
108233,mission_threestar_108233,0,0,无人死亡,4,12,0,0,0,0,"108233,0,0",0,0,0,,,0,10800,第六-下章三星条件3,
108243,mission_threestar_108243,0,0,无人死亡,4,12,0,0,0,0,"108243,0,0",0,0,0,,,0,10800,第六-下章三星条件3,
108253,mission_threestar_108253,0,0,无人死亡,4,12,0,0,0,0,"108253,0,0",0,0,0,,,0,10800,第六-下章三星条件3,
108263,mission_threestar_108263,0,0,无人死亡,4,12,0,0,0,0,"108263,0,0",0,0,0,,,0,10800,第六-下章三星条件3,
108273,mission_threestar_108273,0,0,无人死亡,4,12,0,0,0,0,"108273,0,0",0,0,0,,,0,10800,第六-下章三星条件3,
108283,mission_threestar_108283,0,0,无人死亡,4,12,0,0,0,0,"108283,0,0",0,0,0,,,0,10800,第六-下章三星条件3,
108293,mission_threestar_108293,0,0,无人死亡,4,12,0,0,0,0,"108293,0,0",0,0,0,,,0,10800,第六-下章三星条件3,
108303,mission_threestar_108303,0,0,无人死亡,4,12,0,0,0,0,"108303,0,0",0,0,0,,,0,10800,第六-下章三星条件3,
108313,mission_threestar_108313,0,0,无人死亡,4,12,0,0,0,0,"108313,0,0",0,0,0,,,0,10800,第六-下章三星条件3,
108323,mission_threestar_108323,0,0,无人死亡,4,12,0,0,0,0,"108323,0,0",0,0,0,,,0,10800,第六-下章三星条件3,
108333,mission_threestar_108333,0,0,无人死亡,4,12,0,0,0,0,"108333,0,0",0,0,0,,,0,10800,第六-下章三星条件3,
109163,mission_threestar_109163,0,0,无人死亡,4,12,0,0,0,0,"109163,0,0",0,0,0,,,0,10900,第七章三星条件3,
109173,mission_threestar_109173,0,0,无人死亡,4,12,0,0,0,0,"109173,0,0",0,0,0,,,0,10900,第七章三星条件3,
109183,mission_threestar_109183,0,0,无人死亡,4,12,0,0,0,0,"109183,0,0",0,0,0,,,0,10900,第七章三星条件3,
109193,mission_threestar_109193,0,0,无人死亡,4,12,0,0,0,0,"109193,0,0",0,0,0,,,0,10900,第七章三星条件3,
109203,mission_threestar_109203,0,0,无人死亡,4,12,0,0,0,0,"109203,0,0",0,0,0,,,0,10900,第七章三星条件3,
109213,mission_threestar_109213,0,0,无人死亡,4,12,0,0,0,0,"109213,0,0",0,0,0,,,0,10900,第七章三星条件3,
109223,mission_threestar_109223,0,0,无人死亡,4,12,0,0,0,0,"109223,0,0",0,0,0,,,0,10900,第七章三星条件3,
109233,mission_threestar_109233,0,0,无人死亡,4,12,0,0,0,0,"109233,0,0",0,0,0,,,0,10900,第七章三星条件3,
109243,mission_threestar_109243,0,0,无人死亡,4,12,0,0,0,0,"109243,0,0",0,0,0,,,0,10900,第七章三星条件3,
109253,mission_threestar_109253,0,0,无人死亡,4,12,0,0,0,0,"109253,0,0",0,0,0,,,0,10900,第七章三星条件3,
109263,mission_threestar_109263,0,0,无人死亡,4,12,0,0,0,0,"109263,0,0",0,0,0,,,0,10900,第七章三星条件3,
109273,mission_threestar_109273,0,0,无人死亡,4,12,0,0,0,0,"109273,0,0",0,0,0,,,0,10900,第七章三星条件3,
109283,mission_threestar_109283,0,0,无人死亡,4,12,0,0,0,0,"109283,0,0",0,0,0,,,0,10900,第七章三星条件3,
109293,mission_threestar_109293,0,0,无人死亡,4,12,0,0,0,0,"109293,0,0",0,0,0,,,0,10900,第七章三星条件3,
109303,mission_threestar_109303,0,0,无人死亡,4,12,0,0,0,0,"109303,0,0",0,0,0,,,0,10900,第七章三星条件3,
109313,mission_threestar_109313,0,0,无人死亡,4,12,0,0,0,0,"109313,0,0",0,0,0,,,0,10900,第七章三星条件3,
109323,mission_threestar_109323,0,0,无人死亡,4,12,0,0,0,0,"109323,0,0",0,0,0,,,0,10900,第七章三星条件3,
109333,mission_threestar_109333,0,0,无人死亡,4,12,0,0,0,0,"109333,0,0",0,0,0,,,0,10900,第七章三星条件3,
110213,mission_threestar_110213,0,0,无人死亡,4,12,0,0,0,0,"110213,0,0",0,0,0,,,0,11000,第八章三星条件3,
110223,mission_threestar_110223,0,0,无人死亡,4,12,0,0,0,0,"110223,0,0",0,0,0,,,0,11000,第八章三星条件3,
110233,mission_threestar_110233,0,0,无人死亡,4,12,0,0,0,0,"110233,0,0",0,0,0,,,0,11000,第八章三星条件3,
110243,mission_threestar_110243,0,0,无人死亡,4,12,0,0,0,0,"110243,0,0",0,0,0,,,0,11000,第八章三星条件3,
110253,mission_threestar_110253,0,0,无人死亡,4,12,0,0,0,0,"110253,0,0",0,0,0,,,0,11000,第八章三星条件3,
110263,mission_threestar_110263,0,0,无人死亡,4,12,0,0,0,0,"110263,0,0",0,0,0,,,0,11000,第八章三星条件3,
110273,mission_threestar_110273,0,0,无人死亡,4,12,0,0,0,0,"110273,0,0",0,0,0,,,0,11000,第八章三星条件3,
110283,mission_threestar_110283,0,0,无人死亡,4,12,0,0,0,0,"110283,0,0",0,0,0,,,0,11000,第八章三星条件3,
110293,mission_threestar_110293,0,0,无人死亡,4,12,0,0,0,0,"110293,0,0",0,0,0,,,0,11000,第八章三星条件3,
110303,mission_threestar_110303,0,0,无人死亡,4,12,0,0,0,0,"110303,0,0",0,0,0,,,0,11000,第八章三星条件3,
110313,mission_threestar_110313,0,0,无人死亡,4,12,0,0,0,0,"110313,0,0",0,0,0,,,0,11000,第八章三星条件3,
110323,mission_threestar_110323,0,0,无人死亡,4,12,0,0,0,0,"110323,0,0",0,0,0,,,0,11000,第八章三星条件3,
110333,mission_threestar_110333,0,0,无人死亡,4,12,0,0,0,0,"110333,0,0",0,0,0,,,0,11000,第八章三星条件3,
110343,mission_threestar_110343,0,0,无人死亡,4,12,0,0,0,0,"110343,0,0",0,0,0,,,0,11000,第八章三星条件3,
110353,mission_threestar_110353,0,0,无人死亡,4,12,0,0,0,0,"110353,0,0",0,0,0,,,0,11000,第八章三星条件3,
101014,0,0,0,1-1三星任务奖励,4,13,0,0,0,0,"101014,1,1",0,0,101011,,,0,0,1-1三星任务奖励,
101034,0,0,0,1-3三星任务奖励,4,13,0,0,0,0,"101034,1,1",0,0,101031,,,0,0,1-3三星任务奖励,
101064,0,0,0,1-6三星任务奖励,4,13,0,0,0,0,"101064,1,1",0,0,101061,,,0,0,1-6三星任务奖励,
101074,0,0,0,1-7三星任务奖励,4,13,0,0,0,0,"101074,1,1",0,0,101071,,,0,0,1-7三星任务奖励,
101094,0,0,0,1-9三星任务奖励,4,13,0,0,0,0,"101094,1,1",0,0,101091,,,0,0,1-9三星任务奖励,
101104,0,0,0,1-10三星任务奖励,4,13,0,0,0,0,"101104,1,1",0,0,101101,,,0,0,1-10三星任务奖励,
101124,0,0,0,1-12三星任务奖励,4,13,0,0,0,0,"101124,1,1",0,0,101121,,,0,0,1-12三星任务奖励,
101134,0,0,0,1-13三星任务奖励,4,13,0,0,0,0,"101134,1,1",0,0,101131,,,0,0,1-13三星任务奖励,
101144,0,0,0,1-14三星任务奖励,4,13,0,0,0,0,"101144,1,1",0,0,101141,,,0,0,1-14三星任务奖励,
101154,0,0,0,1-15三星任务奖励,4,13,0,0,0,0,"101154,1,1",0,0,101151,,,0,0,1-15三星任务奖励,
101164,0,0,0,1-16三星任务奖励,4,13,0,0,0,0,"101164,1,1",0,0,101161,,,0,0,1-16三星任务奖励,
101174,0,0,0,1-17三星任务奖励,4,13,0,0,0,0,"101174,1,1",0,0,101171,,,0,0,1-17三星任务奖励,
101184,0,0,0,1-18三星任务奖励,4,13,0,0,0,0,"101184,1,1",0,0,101181,,,0,0,1-18三星任务奖励,
101194,0,0,0,1-19三星任务奖励,4,13,0,0,0,0,"101194,1,1",0,0,101191,,,0,0,1-19三星任务奖励,
101204,0,0,0,1-20三星任务奖励,4,13,0,0,0,0,"101204,1,1",0,0,101201,,,0,0,1-20三星任务奖励,
101214,0,0,0,1-21三星任务奖励,4,13,0,0,0,0,"101214,1,1",0,0,101211,,,0,0,1-21三星任务奖励,
101224,0,0,0,1-22三星任务奖励,4,13,0,0,0,0,"101224,1,1",0,0,101221,,,0,0,1-22三星任务奖励,
101234,0,0,0,1-23三星任务奖励,4,13,0,0,0,0,"101234,1,1",0,0,101221,,,0,0,1-23三星任务奖励,
101244,0,0,0,1-24三星任务奖励,4,13,0,0,0,0,"101244,1,1",0,0,101221,,,0,0,1-24三星任务奖励,
101254,0,0,0,1-25三星任务奖励,4,13,0,0,0,0,"101254,1,1",0,0,101221,,,0,0,1-25三星任务奖励,
101264,0,0,0,1-26三星任务奖励,4,13,0,0,0,0,"101264,1,1",0,0,101221,,,0,0,1-26三星任务奖励,
101274,0,0,0,1-27三星任务奖励,4,13,0,0,0,0,"101274,1,1",0,0,101221,,,0,0,1-27三星任务奖励,
102014,0,0,0,2-1三星任务奖励,4,13,0,0,0,0,"102014,1,1",0,0,102011,,,0,0,2-1三星任务奖励,
102024,0,0,0,2-2三星任务奖励,4,13,0,0,0,0,"102024,1,1",0,0,102021,,,0,0,2-2三星任务奖励,
102134,0,0,0,2-13三星任务奖励,4,13,0,0,0,0,"102134,1,1",0,0,102131,,,0,0,2-13三星任务奖励,
102144,0,0,0,2-14三星任务奖励,4,13,0,0,0,0,"102144,1,1",0,0,102141,,,0,0,2-14三星任务奖励,
102164,0,0,0,2-16三星任务奖励,4,13,0,0,0,0,"102164,1,1",0,0,102161,,,0,0,2-16三星任务奖励,
102174,0,0,0,2-17三星任务奖励,4,13,0,0,0,0,"102174,1,1",0,0,102171,,,0,0,2-17三星任务奖励,
102184,0,0,0,2-18三星任务奖励,4,13,0,0,0,0,"102184,1,1",0,0,102181,,,0,0,2-18三星任务奖励,
102194,0,0,0,2-19三星任务奖励,4,13,0,0,0,0,"102194,1,1",0,0,102191,,,0,0,2-19三星任务奖励,
102204,0,0,0,2-20三星任务奖励,4,13,0,0,0,0,"102204,1,1",0,0,102201,,,0,0,2-20三星任务奖励,
102214,0,0,0,2-21三星任务奖励,4,13,0,0,0,0,"102214,1,1",0,0,102211,,,0,0,2-21三星任务奖励,
102224,0,0,0,2-22三星任务奖励,4,13,0,0,0,0,"102224,1,1",0,0,102221,,,0,0,2-22三星任务奖励,
102234,0,0,0,2-23三星任务奖励,4,13,0,0,0,0,"102234,1,1",0,0,102231,,,0,0,2-23三星任务奖励,
102244,0,0,0,2-24三星任务奖励,4,13,0,0,0,0,"102244,1,1",0,0,102241,,,0,0,2-24三星任务奖励,
102254,0,0,0,2-25三星任务奖励,4,13,0,0,0,0,"102254,1,1",0,0,102251,,,0,0,2-25三星任务奖励,
102264,0,0,0,2-26三星任务奖励,4,13,0,0,0,0,"102264,1,1",0,0,102261,,,0,0,2-26三星任务奖励,
102274,0,0,0,2-27三星任务奖励,4,13,0,0,0,0,"102274,1,1",0,0,102271,,,0,0,2-27三星任务奖励,
102284,0,0,0,2-28三星任务奖励,4,13,0,0,0,0,"102284,1,1",0,0,102281,,,0,0,2-28三星任务奖励,
103064,0,0,0,3-6三星任务奖励,4,13,0,0,0,0,"103064,1,1",0,0,103061,,,0,0,3-6三星任务奖励,
103074,0,0,0,3-7三星任务奖励,4,13,0,0,0,0,"103074,1,1",0,0,103071,,,0,0,3-7三星任务奖励,
103084,0,0,0,3-8三星任务奖励,4,13,0,0,0,0,"103084,1,1",0,0,103081,,,0,0,3-8三星任务奖励,
103104,0,0,0,3-10三星任务奖励,4,13,0,0,0,0,"103104,1,1",0,0,103101,,,0,0,3-10三星任务奖励,
103114,0,0,0,3-11三星任务奖励,4,13,0,0,0,0,"103114,1,1",0,0,103111,,,0,0,3-11三星任务奖励,
103124,0,0,0,3-12三星任务奖励,4,13,0,0,0,0,"103124,1,1",0,0,103121,,,0,0,3-12三星任务奖励,
103134,0,0,0,3-13三星任务奖励,4,13,0,0,0,0,"103134,1,1",0,0,103131,,,0,0,3-13三星任务奖励,
103144,0,0,0,3-14三星任务奖励,4,13,0,0,0,0,"103144,1,1",0,0,103141,,,0,0,3-14三星任务奖励,
103154,0,0,0,3-15三星任务奖励,4,13,0,0,0,0,"103154,1,1",0,0,103151,,,0,0,3-15三星任务奖励,
103164,0,0,0,3-16三星任务奖励,4,13,0,0,0,0,"103164,1,1",0,0,103161,,,0,0,3-16三星任务奖励,
103174,0,0,0,3-17三星任务奖励,4,13,0,0,0,0,"103174,1,1",0,0,103171,,,0,0,3-17三星任务奖励,
103184,0,0,0,3-18三星任务奖励,4,13,0,0,0,0,"103184,1,1",0,0,103181,,,0,0,3-18三星任务奖励,
103194,0,0,0,3-19三星任务奖励,4,13,0,0,0,0,"103194,1,1",0,0,103191,,,0,0,3-19三星任务奖励,
103204,0,0,0,3-20三星任务奖励,4,13,0,0,0,0,"103204,1,1",0,0,103201,,,0,0,3-20三星任务奖励,
104034,0,0,0,4-3三星任务奖励,4,13,0,0,0,0,"104034,1,1",0,0,104031,,,0,0,4-3三星任务奖励,
104074,0,0,0,4-7三星任务奖励,4,13,0,0,0,0,"104074,1,1",0,0,104071,,,0,0,4-7三星任务奖励,
104124,0,0,0,4-12三星任务奖励,4,13,0,0,0,0,"104124,1,1",0,0,104121,,,0,0,4-12三星任务奖励,
104134,0,0,0,4=13三星任务奖励,4,13,0,0,0,0,"104134,1,1",0,0,104131,,,0,0,4=13三星任务奖励,
104144,0,0,0,4-14三星任务奖励,4,13,0,0,0,0,"104144,1,1",0,0,104141,,,0,0,4-14三星任务奖励,
104164,0,0,0,4-16三星任务奖励,4,13,0,0,0,0,"104164,1,1",0,0,104161,,,0,0,4-16三星任务奖励,
104174,0,0,0,4-17三星任务奖励,4,13,0,0,0,0,"104174,1,1",0,0,104171,,,0,0,4-17三星任务奖励,
104184,0,0,0,4-18三星任务奖励,4,13,0,0,0,0,"104184,1,1",0,0,104181,,,0,0,4-18三星任务奖励,
104194,0,0,0,4-19三星任务奖励,4,13,0,0,0,0,"104194,1,1",0,0,104191,,,0,0,4-19三星任务奖励,
104204,0,0,0,4-20三星任务奖励,4,13,0,0,0,0,"104204,1,1",0,0,104201,,,0,0,4-20三星任务奖励,
104214,0,0,0,4-21三星任务奖励,4,13,0,0,0,0,"104214,1,1",0,0,104211,,,0,0,4-21三星任务奖励,
104224,0,0,0,4-22三星任务奖励,4,13,0,0,0,0,"104224,1,1",0,0,104221,,,0,0,4-22三星任务奖励,
104234,0,0,0,4-23三星任务奖励,4,13,0,0,0,0,"104234,1,1",0,0,104231,,,0,0,4-23三星任务奖励,
104244,0,0,0,4-24三星任务奖励,4,13,0,0,0,0,"104244,1,1",0,0,104241,,,0,0,4-24三星任务奖励,
105064,0,0,0,5-6三星任务奖励,4,13,0,0,0,0,"105064,1,1",0,0,105061,,,0,0,5-6三星任务奖励,
105074,0,0,0,5-7三星任务奖励,4,13,0,0,0,0,"105074,1,1",0,0,105071,,,0,0,5-7三星任务奖励,
105104,0,0,0,5-10三星任务奖励,4,13,0,0,0,0,"105104,1,1",0,0,105101,,,0,0,5-10三星任务奖励,
105134,0,0,0,5-13三星任务奖励,4,13,0,0,0,0,"105134,1,1",0,0,105131,,,0,0,5-13三星任务奖励,
105164,0,0,0,5-16三星任务奖励,4,13,0,0,0,0,"105164,1,1",0,0,105161,,,0,0,5-16三星任务奖励,
105194,0,0,0,5-19三星任务奖励,4,13,0,0,0,0,"105194,1,1",0,0,105191,,,0,0,5-19三星任务奖励,
105214,0,0,0,5-21三星任务奖励,4,13,0,0,0,0,"105214,1,1",0,0,105211,,,0,0,5-21三星任务奖励,
105224,0,0,0,5-22三星任务奖励,4,13,0,0,0,0,"105224,1,1",0,0,105221,,,0,0,5-22三星任务奖励,
105234,0,0,0,5-23三星任务奖励,4,13,0,0,0,0,"105234,1,1",0,0,105231,,,0,0,5-23三星任务奖励,
105244,0,0,0,5-24三星任务奖励,4,13,0,0,0,0,"105244,1,1",0,0,105241,,,0,0,5-24三星任务奖励,
105254,0,0,0,5-25三星任务奖励,4,13,0,0,0,0,"105254,1,1",0,0,105251,,,0,0,5-25三星任务奖励,
105264,0,0,0,5-26三星任务奖励,4,13,0,0,0,0,"105264,1,1",0,0,105261,,,0,0,5-26三星任务奖励,
105274,0,0,0,5-27三星任务奖励,4,13,0,0,0,0,"105274,1,1",0,0,105271,,,0,0,5-27三星任务奖励,
105284,0,0,0,5-28三星任务奖励,4,13,0,0,0,0,"105284,1,1",0,0,105281,,,0,0,5-28三星任务奖励,
105294,0,0,0,5-29三星任务奖励,4,13,0,0,0,0,"105294,1,1",0,0,105291,,,0,0,5-29三星任务奖励,
105304,0,0,0,5-30三星任务奖励,4,13,0,0,0,0,"105304,1,1",0,0,105301,,,0,0,5-30三星任务奖励,
105314,0,0,0,5-31三星任务奖励,4,13,0,0,0,0,"105314,1,1",0,0,105311,,,0,0,5-31三星任务奖励,
105324,0,0,0,5-32三星任务奖励,4,13,0,0,0,0,"105324,1,1",0,0,105321,,,0,0,5-32三星任务奖励,
105334,0,0,0,5-33三星任务奖励,4,13,0,0,0,0,"105334,1,1",0,0,105331,,,0,0,5-33三星任务奖励,
106014,0,0,0,6-1三星任务奖励,4,13,0,0,0,0,"106014,1,1",0,0,106011,,,0,0,6-1三星任务奖励,
106024,0,0,0,6-2三星任务奖励,4,13,0,0,0,0,"106024,1,1",0,0,106021,,,0,0,6-2三星任务奖励,
106034,0,0,0,6-3三星任务奖励,4,13,0,0,0,0,"106034,1,1",0,0,106031,,,0,0,6-3三星任务奖励,
106044,0,0,0,6-4三星任务奖励,4,13,0,0,0,0,"106044,1,1",0,0,106041,,,0,0,6-4三星任务奖励,
106054,0,0,0,6-5三星任务奖励,4,13,0,0,0,0,"106054,1,1",0,0,106051,,,0,0,6-5三星任务奖励,
106064,0,0,0,6-6三星任务奖励,4,13,0,0,0,0,"106064,1,1",0,0,106061,,,0,0,6-6三星任务奖励,
106074,0,0,0,6-7三星任务奖励,4,13,0,0,0,0,"106074,1,1",0,0,106071,,,0,0,6-7三星任务奖励,
106084,0,0,0,6-8三星任务奖励,4,13,0,0,0,0,"106084,1,1",0,0,106081,,,0,0,6-8三星任务奖励,
106094,0,0,0,6-9三星任务奖励,4,13,0,0,0,0,"106094,1,1",0,0,106091,,,0,0,6-9三星任务奖励,
106104,0,0,0,6-10三星任务奖励,4,13,0,0,0,0,"106104,1,1",0,0,106101,,,0,0,6-10三星任务奖励,
106114,0,0,0,6-11三星任务奖励,4,13,0,0,0,0,"106114,1,1",0,0,106111,,,0,0,6-11三星任务奖励,
106124,0,0,0,6-12三星任务奖励,4,13,0,0,0,0,"106124,1,1",0,0,106121,,,0,0,6-12三星任务奖励,
106134,0,0,0,6-13三星任务奖励,4,13,0,0,0,0,"106134,1,1",0,0,106131,,,0,0,6-13三星任务奖励,
106144,0,0,0,6-14三星任务奖励,4,13,0,0,0,0,"106144,1,1",0,0,106141,,,0,0,6-14三星任务奖励,
106154,0,0,0,6-15三星任务奖励,4,13,0,0,0,0,"106154,1,1",0,0,106151,,,0,0,6-15三星任务奖励,
106164,0,0,0,6-16三星任务奖励,4,13,0,0,0,0,"106164,1,1",0,0,106161,,,0,0,6-16三星任务奖励,
106174,0,0,0,6-17三星任务奖励,4,13,0,0,0,0,"106174,1,1",0,0,106171,,,0,0,6-17三星任务奖励,
106184,0,0,0,6-18三星任务奖励,4,13,0,0,0,0,"106184,1,1",0,0,106181,,,0,0,6-18三星任务奖励,
106194,0,0,0,6-19三星任务奖励,4,13,0,0,0,0,"106194,1,1",0,0,106191,,,0,0,6-19三星任务奖励,
106204,0,0,0,6-20三星任务奖励,4,13,0,0,0,0,"106204,1,1",0,0,106201,,,0,0,6-20三星任务奖励,
106214,0,0,0,6-21三星任务奖励,4,13,0,0,0,0,"106214,1,1",0,0,106211,,,0,0,6-21三星任务奖励,
106224,0,0,0,6-22三星任务奖励,4,13,0,0,0,0,"106224,1,1",0,0,106221,,,0,0,6-22三星任务奖励,
107174,0,0,0,6s-17三星任务奖励,4,13,0,0,0,0,"107174,1,1",0,0,107171,,,0,0,6s-17三星任务奖励,
107184,0,0,0,6s-18三星任务奖励,4,13,0,0,0,0,"107184,1,1",0,0,107181,,,0,0,6s-18三星任务奖励,
107194,0,0,0,6s-19三星任务奖励,4,13,0,0,0,0,"107194,1,1",0,0,107191,,,0,0,6s-19三星任务奖励,
107204,0,0,0,6s-20三星任务奖励,4,13,0,0,0,0,"107204,1,1",0,0,107201,,,0,0,6s-20三星任务奖励,
107214,0,0,0,6s-21三星任务奖励,4,13,0,0,0,0,"107214,1,1",0,0,107211,,,0,0,6s-21三星任务奖励,
107224,0,0,0,6s-22三星任务奖励,4,13,0,0,0,0,"107224,1,1",0,0,107221,,,0,0,6s-22三星任务奖励,
107234,0,0,0,6s-23三星任务奖励,4,13,0,0,0,0,"107234,1,1",0,0,107231,,,0,0,6s-23三星任务奖励,
107244,0,0,0,6s-24三星任务奖励,4,13,0,0,0,0,"107244,1,1",0,0,107241,,,0,0,6s-24三星任务奖励,
107254,0,0,0,6s-25三星任务奖励,4,13,0,0,0,0,"107254,1,1",0,0,107251,,,0,0,6s-25三星任务奖励,
107264,0,0,0,6s-26三星任务奖励,4,13,0,0,0,0,"107264,1,1",0,0,107261,,,0,0,6s-26三星任务奖励,
108164,0,0,0,6x-16三星任务奖励,4,13,0,0,0,0,"108164,1,1",0,0,108161,,,0,0,6x-16三星任务奖励,
108174,0,0,0,6x-17三星任务奖励,4,13,0,0,0,0,"108174,1,1",0,0,108171,,,0,0,6x-17三星任务奖励,
108184,0,0,0,6x-18三星任务奖励,4,13,0,0,0,0,"108184,1,1",0,0,108181,,,0,0,6x-18三星任务奖励,
108194,0,0,0,6x-19三星任务奖励,4,13,0,0,0,0,"108194,1,1",0,0,108191,,,0,0,6x-19三星任务奖励,
108204,0,0,0,6x-20三星任务奖励,4,13,0,0,0,0,"108204,1,1",0,0,108201,,,0,0,6x-20三星任务奖励,
108214,0,0,0,6x-21三星任务奖励,4,13,0,0,0,0,"108214,1,1",0,0,108211,,,0,0,6x-21三星任务奖励,
108224,0,0,0,6x-22三星任务奖励,4,13,0,0,0,0,"108224,1,1",0,0,108221,,,0,0,6x-22三星任务奖励,
108234,0,0,0,6x-23三星任务奖励,4,13,0,0,0,0,"108234,1,1",0,0,108231,,,0,0,6x-23三星任务奖励,
108244,0,0,0,6x-24三星任务奖励,4,13,0,0,0,0,"108244,1,1",0,0,108241,,,0,0,6x-24三星任务奖励,
108254,0,0,0,6x-25三星任务奖励,4,13,0,0,0,0,"108254,1,1",0,0,108251,,,0,0,6x-25三星任务奖励,
108264,0,0,0,6x-26三星任务奖励,4,13,0,0,0,0,"108264,1,1",0,0,108261,,,0,0,6x-26三星任务奖励,
108274,0,0,0,6x-27三星任务奖励,4,13,0,0,0,0,"108274,1,1",0,0,108271,,,0,0,6x-27三星任务奖励,
108284,0,0,0,6x-28三星任务奖励,4,13,0,0,0,0,"108284,1,1",0,0,108281,,,0,0,6x-28三星任务奖励,
108294,0,0,0,6x-29三星任务奖励,4,13,0,0,0,0,"108294,1,1",0,0,108291,,,0,0,6x-29三星任务奖励,
108304,0,0,0,6x-30三星任务奖励,4,13,0,0,0,0,"108304,1,1",0,0,108301,,,0,0,6x-30三星任务奖励,
108314,0,0,0,6x-31三星任务奖励,4,13,0,0,0,0,"108314,1,1",0,0,108311,,,0,0,6x-31三星任务奖励,
108324,0,0,0,6x-32三星任务奖励,4,13,0,0,0,0,"108324,1,1",0,0,108321,,,0,0,6x-32三星任务奖励,
108334,0,0,0,6x-33三星任务奖励,4,13,0,0,0,0,"108334,1,1",0,0,108331,,,0,0,6x-33三星任务奖励,
109164,0,0,0,7-16三星任务奖励,4,13,0,0,0,0,"109164,1,1",0,0,109161,,,0,0,7-16三星任务奖励,
109174,0,0,0,7-17三星任务奖励,4,13,0,0,0,0,"109174,1,1",0,0,109171,,,0,0,7-17三星任务奖励,
109184,0,0,0,7-18三星任务奖励,4,13,0,0,0,0,"109184,1,1",0,0,109181,,,0,0,7-18三星任务奖励,
109194,0,0,0,7-19三星任务奖励,4,13,0,0,0,0,"109194,1,1",0,0,109191,,,0,0,7-19三星任务奖励,
109204,0,0,0,7-20三星任务奖励,4,13,0,0,0,0,"109204,1,1",0,0,109201,,,0,0,7-20三星任务奖励,
109214,0,0,0,7-21三星任务奖励,4,13,0,0,0,0,"109214,1,1",0,0,109211,,,0,0,7-21三星任务奖励,
109224,0,0,0,7-22三星任务奖励,4,13,0,0,0,0,"109224,1,1",0,0,109221,,,0,0,7-22三星任务奖励,
109234,0,0,0,7-23三星任务奖励,4,13,0,0,0,0,"109234,1,1",0,0,109231,,,0,0,7-23三星任务奖励,
109244,0,0,0,7-24三星任务奖励,4,13,0,0,0,0,"109244,1,1",0,0,109241,,,0,0,7-24三星任务奖励,
109254,0,0,0,7-25三星任务奖励,4,13,0,0,0,0,"109254,1,1",0,0,109251,,,0,0,7-25三星任务奖励,
109264,0,0,0,7-26三星任务奖励,4,13,0,0,0,0,"109264,1,1",0,0,109261,,,0,0,7-26三星任务奖励,
109274,0,0,0,7-27三星任务奖励,4,13,0,0,0,0,"109274,1,1",0,0,109271,,,0,0,7-27三星任务奖励,
109284,0,0,0,7-28三星任务奖励,4,13,0,0,0,0,"109284,1,1",0,0,109281,,,0,0,7-28三星任务奖励,
109294,0,0,0,7-29三星任务奖励,4,13,0,0,0,0,"109294,1,1",0,0,109291,,,0,0,7-29三星任务奖励,
109304,0,0,0,7-30三星任务奖励,4,13,0,0,0,0,"109304,1,1",0,0,109301,,,0,0,7-30三星任务奖励,
109314,0,0,0,7-31三星任务奖励,4,13,0,0,0,0,"109314,1,1",0,0,109311,,,0,0,7-31三星任务奖励,
109324,0,0,0,7-32三星任务奖励,4,13,0,0,0,0,"109324,1,1",0,0,109321,,,0,0,7-32三星任务奖励,
109334,0,0,0,7-33三星任务奖励,4,13,0,0,0,0,"109334,1,1",0,0,109331,,,0,0,7-33三星任务奖励,
110214,0,0,0,8-21三星任务奖励,4,13,0,0,0,0,"110214,1,1",0,0,110211,,,0,0,8-21三星任务奖励,
110224,0,0,0,8-22三星任务奖励,4,13,0,0,0,0,"110224,1,1",0,0,110221,,,0,0,8-22三星任务奖励,
110234,0,0,0,8-23三星任务奖励,4,13,0,0,0,0,"110234,1,1",0,0,110231,,,0,0,8-23三星任务奖励,
110244,0,0,0,8-24三星任务奖励,4,13,0,0,0,0,"110244,1,1",0,0,110241,,,0,0,8-24三星任务奖励,
110254,0,0,0,8-25三星任务奖励,4,13,0,0,0,0,"110254,1,1",0,0,110251,,,0,0,8-25三星任务奖励,
110264,0,0,0,8-26三星任务奖励,4,13,0,0,0,0,"110264,1,1",0,0,110261,,,0,0,8-26三星任务奖励,
110274,0,0,0,8-27三星任务奖励,4,13,0,0,0,0,"110274,1,1",0,0,110271,,,0,0,8-27三星任务奖励,
110284,0,0,0,8-28三星任务奖励,4,13,0,0,0,0,"110284,1,1",0,0,110281,,,0,0,8-28三星任务奖励,
110294,0,0,0,8-29三星任务奖励,4,13,0,0,0,0,"110294,1,1",0,0,110291,,,0,0,8-29三星任务奖励,
110304,0,0,0,8-30三星任务奖励,4,13,0,0,0,0,"110304,1,1",0,0,110301,,,0,0,8-30三星任务奖励,
110314,0,0,0,8-31三星任务奖励,4,13,0,0,0,0,"110314,1,1",0,0,110311,,,0,0,8-31三星任务奖励,
110324,0,0,0,8-32三星任务奖励,4,13,0,0,0,0,"110324,1,1",0,0,110321,,,0,0,8-32三星任务奖励,
110334,0,0,0,8-33三星任务奖励,4,13,0,0,0,0,"110334,1,1",0,0,110331,,,0,0,8-33三星任务奖励,
110344,0,0,0,8-34三星任务奖励,4,13,0,0,0,0,"110344,1,1",0,0,110341,,,0,0,8-34三星任务奖励,
110354,0,0,0,8-35三星任务奖励,4,13,0,0,0,0,"110354,1,1",0,0,110351,,,0,0,8-35三星任务奖励,
101005,0,0,0,第一章章节奖励（18星）,4,0,0,0,0,0,"101001,18",0,0,101005,,,0,0,第一章章节奖励（18星）,
101006,0,0,0,第一章章节奖励（36星）,4,0,0,0,0,0,"101001,36",0,0,101006,,,0,0,第一章章节奖励（36星）,
101007,0,0,0,第一章章节奖励（57星）,4,0,0,0,0,0,"101001,57",0,0,101007,,,0,0,第一章章节奖励（57星）,
101008,0,0,0,第一章章节奖励（45星）,4,0,0,0,0,0,"101001,45",0,0,101008,,,0,0,第一章章节奖励（45星）,
102005,0,0,0,第二章章节奖励（18星）,4,0,0,0,0,0,"102001,18",0,0,102005,,,0,0,第二章章节奖励（18星）,
102006,0,0,0,第二章章节奖励（33星）,4,0,0,0,0,0,"102001,33",0,0,102006,,,0,0,第二章章节奖励（33星）,
102007,0,0,0,第二章章节奖励（51星）,4,0,0,0,0,0,"102001,51",0,0,102007,,,0,0,第二章章节奖励（51星）,
102008,0,0,0,第二章章节奖励（42星）,4,0,0,0,0,0,"102001,42",0,0,102008,,,0,0,第二章章节奖励（42星）,
103005,0,0,0,第三章章节奖励（15星）,4,0,0,0,0,0,"103001,15",0,0,103005,,,0,0,第三章章节奖励（15星）,
103006,0,0,0,第三章章节奖励（24星）,4,0,0,0,0,0,"103001,24",0,0,103006,,,0,0,第三章章节奖励（24星）,
103007,0,0,0,第三章章节奖励（42星）,4,0,0,0,0,0,"103001,42",0,0,103007,,,0,0,第三章章节奖励（42星）,
103008,0,0,0,第三章章节奖励（33星）,4,0,0,0,0,0,"103001,33",0,0,103008,,,0,0,第三章章节奖励（33星）,
104005,0,0,0,第四章章节奖励（15星）,4,0,0,0,0,0,"104001,15",0,0,104005,,,0,0,第四章章节奖励（15星）,
104006,0,0,0,第四章章节奖励（24星）,4,0,0,0,0,0,"104001,24",0,0,104006,,,0,0,第四章章节奖励（24星）,
104007,0,0,0,第四章章节奖励（42星）,4,0,0,0,0,0,"104001,42",0,0,104007,,,0,0,第四章章节奖励（42星）,
104008,0,0,0,第四章章节奖励（33星）,4,0,0,0,0,0,"104001,33",0,0,104008,,,0,0,第四章章节奖励（33星）,
105005,0,0,0,第五章章节奖励（19星）,4,0,0,0,0,0,"105001,19",0,0,105005,,,0,0,第五章章节奖励（19星）,
105006,0,0,0,第五章章节奖励（38星）,4,0,0,0,0,0,"105001,38",0,0,105006,,,0,0,第五章章节奖励（38星）,
105007,0,0,0,第五章章节奖励（57星）,4,0,0,0,0,0,"105001,57",0,0,105007,,,0,0,第五章章节奖励（57星）,
105008,0,0,0,第五章章节奖励（45星）,4,0,0,0,0,0,"105001,45",0,0,105008,,,0,0,第五章章节奖励（45星）,
106005,0,0,0,第六-序章章节奖励（21星）,4,0,0,0,0,0,"106001,21",0,0,106005,,,0,0,第六-序章章节奖励（21星）,
106006,0,0,0,第六-序章章节奖励（42星）,4,0,0,0,0,0,"106001,42",0,0,106006,,,0,0,第六-序章章节奖励（42星）,
106007,0,0,0,第六-序章章节奖励（66星）,4,0,0,0,0,0,"106001,66",0,0,106007,,,0,0,第六-序章章节奖励（66星）,
107005,0,0,0,第六-上章章节奖励（9星）,4,0,0,0,0,0,"107001,9",0,0,107005,,,0,0,第六-上章章节奖励（9星）,
107006,0,0,0,第六-上章章节奖励（18星）,4,0,0,0,0,0,"107001,18",0,0,107006,,,0,0,第六-上章章节奖励（18星）,
107007,0,0,0,第六-上章章节奖励（30星）,4,0,0,0,0,0,"107001,30",0,0,107007,,,0,0,第六-上章章节奖励（30星）,
108005,0,0,0,第六-下章章节奖励（18星）,4,0,0,0,0,0,"108001,18",0,0,108005,,,0,0,第六-下章章节奖励（18星）,
108006,0,0,0,第六-下章章节奖励（36星）,4,0,0,0,0,0,"108001,36",0,0,108006,,,0,0,第六-下章章节奖励（36星）,
108007,0,0,0,第六-下章章节奖励（54星）,4,0,0,0,0,0,"108001,54",0,0,108007,,,0,0,第六-下章章节奖励（54星）,
109005,0,0,0,第七章章节奖励（18星）,4,0,0,0,0,0,"109001,18",0,0,109005,,,0,0,第七章章节奖励（18星）,
109006,0,0,0,第七章章节奖励（36星）,4,0,0,0,0,0,"109001,36",0,0,109006,,,0,0,第七章章节奖励（36星）,
109007,0,0,0,第七章章节奖励（54星）,4,0,0,0,0,0,"109001,54",0,0,109007,,,0,0,第七章章节奖励（54星）,
110005,0,0,0,第八章章节奖励（15星）,4,0,0,0,0,0,"110001,15",0,0,110005,,,0,0,第八章章节奖励（15星）,
110006,0,0,0,第八章章节奖励（30星）,4,0,0,0,0,0,"110001,30",0,0,110006,,,0,0,第八章章节奖励（30星）,
110007,0,0,0,第八章章节奖励（45星）,4,0,0,0,0,0,"110001,45",0,0,110007,,,0,0,第七章章节奖励（160星）,
301011,mission_threestar_301011,0,0,受击不超过20次,4,12,0,0,0,0,"301011,0,20",0,0,0,,,0,30100,本勒收集1三星条件1,
301021,mission_threestar_301021,0,0,受击不超过20次,4,12,0,0,0,0,"301021,0,20",0,0,0,,,0,30100,本勒收集2三星条件1,
301031,mission_threestar_301031,0,0,受击不超过20次,4,12,0,0,0,0,"301031,0,20",0,0,0,,,0,30100,本勒收集3三星条件1,
301041,mission_threestar_301041,0,0,受击不超过20次,4,12,0,0,0,0,"301041,0,20",0,0,0,,,0,30100,本勒收集4三星条件1,
301051,mission_threestar_301051,0,0,受击不超过20次,4,12,0,0,0,0,"301051,0,20",0,0,0,,,0,30100,本勒收集5三星条件1,
301061,mission_threestar_301061,0,0,受击不超过20次,4,12,0,0,0,0,"301061,0,20",0,0,0,,,0,30100,本勒收集6三星条件1,
301071,mission_threestar_301071,0,0,受击不超过20次,4,12,0,0,0,0,"301071,0,20",0,0,0,,,0,30100,本勒收集7三星条件1,
302011,mission_threestar_302011,0,0,受击不超过20次,4,12,0,0,0,0,"302011,0,20",0,0,0,,,0,30200,经验获取1三星条件1,
302021,mission_threestar_302021,0,0,受击不超过20次,4,12,0,0,0,0,"302021,0,20",0,0,0,,,0,30200,经验获取2三星条件1,
302031,mission_threestar_302031,0,0,受击不超过20次,4,12,0,0,0,0,"302031,0,20",0,0,0,,,0,30200,经验获取3三星条件1,
302041,mission_threestar_302041,0,0,受击不超过20次,4,12,0,0,0,0,"302041,0,20",0,0,0,,,0,30200,经验获取4三星条件1,
302051,mission_threestar_302051,0,0,受击不超过20次,4,12,0,0,0,0,"302051,0,20",0,0,0,,,0,30200,经验获取5三星条件1,
302061,mission_threestar_302061,0,0,受击不超过20次,4,12,0,0,0,0,"302061,0,20",0,0,0,,,0,30200,经验获取6三星条件1,
302071,mission_threestar_302071,0,0,受击不超过20次,4,12,0,0,0,0,"302071,0,20",0,0,0,,,0,30200,经验获取7三星条件1,
303011,mission_threestar_303011,0,0,受击不超过20次,4,12,0,0,0,0,"303011,0,20",0,0,0,,,0,30300,技能材料1三星条件1,
303021,mission_threestar_303021,0,0,受击不超过20次,4,12,0,0,0,0,"303021,0,20",0,0,0,,,0,30300,技能材料2三星条件1,
303031,mission_threestar_303031,0,0,受击不超过20次,4,12,0,0,0,0,"303031,0,20",0,0,0,,,0,30300,技能材料3三星条件1,
303041,mission_threestar_303041,0,0,受击不超过20次,4,12,0,0,0,0,"303041,0,20",0,0,0,,,0,30300,技能材料4三星条件1,
303051,mission_threestar_303051,0,0,受击不超过20次,4,12,0,0,0,0,"303051,0,20",0,0,0,,,0,30300,技能材料5三星条件1,
303061,mission_threestar_303061,0,0,受击不超过20次,4,12,0,0,0,0,"303061,0,20",0,0,0,,,0,30300,技能材料6三星条件1,
303071,mission_threestar_303071,0,0,受击不超过20次,4,12,0,0,0,0,"303071,0,20",0,0,0,,,0,30300,技能材料7三星条件1,
304011,mission_threestar_304011,0,0,受击不超过20次,4,12,0,0,0,0,"304011,0,20",0,0,0,,,0,30400,传道记忆1三星条件1,
304021,mission_threestar_304021,0,0,受击不超过20次,4,12,0,0,0,0,"304021,0,20",0,0,0,,,0,30400,传道记忆2三星条件1,
304031,mission_threestar_304031,0,0,受击不超过20次,4,12,0,0,0,0,"304031,0,20",0,0,0,,,0,30400,传道记忆3三星条件1,
304041,mission_threestar_304041,0,0,受击不超过20次,4,12,0,0,0,0,"304041,0,20",0,0,0,,,0,30400,传道记忆4三星条件1,
304051,mission_threestar_304051,0,0,受击不超过20次,4,12,0,0,0,0,"304051,0,20",0,0,0,,,0,30400,传道记忆5三星条件1,
304061,mission_threestar_304061,0,0,受击不超过20次,4,12,0,0,0,0,"304061,0,20",0,0,0,,,0,30400,传道记忆6三星条件1,
305011,mission_threestar_305011,0,0,受击不超过20次,4,12,0,0,0,0,"305011,0,20",0,0,0,,,0,30500,君王记忆1三星条件1,
305021,mission_threestar_305021,0,0,受击不超过20次,4,12,0,0,0,0,"305021,0,20",0,0,0,,,0,30500,君王记忆2三星条件1,
305031,mission_threestar_305031,0,0,受击不超过20次,4,12,0,0,0,0,"305031,0,20",0,0,0,,,0,30500,君王记忆3三星条件1,
305041,mission_threestar_305041,0,0,受击不超过20次,4,12,0,0,0,0,"305041,0,20",0,0,0,,,0,30500,君王记忆4三星条件1,
305051,mission_threestar_305051,0,0,受击不超过20次,4,12,0,0,0,0,"305051,0,20",0,0,0,,,0,30500,君王记忆5三星条件1,
305061,mission_threestar_305061,0,0,受击不超过20次,4,12,0,0,0,0,"305061,0,20",0,0,0,,,0,30500,君王记忆6三星条件1,
306011,mission_threestar_306011,0,0,受击不超过20次,4,12,0,0,0,0,"306011,0,20",0,0,0,,,0,30600,仆从记忆1三星条件1,
306021,mission_threestar_306021,0,0,受击不超过20次,4,12,0,0,0,0,"306021,0,20",0,0,0,,,0,30600,仆从记忆2三星条件1,
306031,mission_threestar_306031,0,0,受击不超过20次,4,12,0,0,0,0,"306031,0,20",0,0,0,,,0,30600,仆从记忆3三星条件1,
306041,mission_threestar_306041,0,0,受击不超过20次,4,12,0,0,0,0,"306041,0,20",0,0,0,,,0,30600,仆从记忆4三星条件1,
306051,mission_threestar_306051,0,0,受击不超过20次,4,12,0,0,0,0,"306051,0,20",0,0,0,,,0,30600,仆从记忆5三星条件1,
306061,mission_threestar_306061,0,0,受击不超过20次,4,12,0,0,0,0,"306061,0,20",0,0,0,,,0,30600,仆从记忆6三星条件1,
307011,mission_threestar_307011,0,0,受击不超过20次,4,12,0,0,0,0,"307011,0,20",0,0,0,,,0,30700,诞生记忆1三星条件1,
307021,mission_threestar_307021,0,0,受击不超过20次,4,12,0,0,0,0,"307021,0,20",0,0,0,,,0,30700,诞生记忆2三星条件1,
307031,mission_threestar_307031,0,0,受击不超过20次,4,12,0,0,0,0,"307031,0,20",0,0,0,,,0,30700,诞生记忆3三星条件1,
307041,mission_threestar_307041,0,0,受击不超过20次,4,12,0,0,0,0,"307041,0,20",0,0,0,,,0,30700,诞生记忆4三星条件1,
307051,mission_threestar_307051,0,0,受击不超过20次,4,12,0,0,0,0,"307051,0,20",0,0,0,,,0,30700,诞生记忆5三星条件1,
307061,mission_threestar_307061,0,0,受击不超过20次,4,12,0,0,0,0,"307061,0,20",0,0,0,,,0,30700,诞生记忆6三星条件1,
308011,mission_threestar_308011,0,0,受击不超过20次,4,12,0,0,0,0,"308011,0,20",0,0,0,,,0,30800,人子记忆1三星条件1,
308021,mission_threestar_308021,0,0,受击不超过20次,4,12,0,0,0,0,"308021,0,20",0,0,0,,,0,30800,人子记忆2三星条件1,
308031,mission_threestar_308031,0,0,受击不超过20次,4,12,0,0,0,0,"308031,0,20",0,0,0,,,0,30800,人子记忆3三星条件1,
308041,mission_threestar_308041,0,0,受击不超过20次,4,12,0,0,0,0,"308041,0,20",0,0,0,,,0,30800,人子记忆4三星条件1,
308051,mission_threestar_308051,0,0,受击不超过20次,4,12,0,0,0,0,"308051,0,20",0,0,0,,,0,30800,人子记忆5三星条件1,
308061,mission_threestar_308061,0,0,受击不超过20次,4,12,0,0,0,0,"308061,0,20",0,0,0,,,0,30800,人子记忆6三星条件1,
309011,mission_threestar_309011,0,0,受击不超过20次,4,12,0,0,0,0,"309011,0,20",0,0,0,,,0,30900,受难记忆1三星条件1,
309021,mission_threestar_309021,0,0,受击不超过20次,4,12,0,0,0,0,"309021,0,20",0,0,0,,,0,30900,受难记忆2三星条件1,
309031,mission_threestar_309031,0,0,受击不超过20次,4,12,0,0,0,0,"309031,0,20",0,0,0,,,0,30900,受难记忆3三星条件1,
309041,mission_threestar_309041,0,0,受击不超过20次,4,12,0,0,0,0,"309041,0,20",0,0,0,,,0,30900,受难记忆4三星条件1,
309051,mission_threestar_309051,0,0,受击不超过20次,4,12,0,0,0,0,"309051,0,20",0,0,0,,,0,30900,受难记忆5三星条件1,
309061,mission_threestar_309061,0,0,受击不超过20次,4,12,0,0,0,0,"309061,0,20",0,0,0,,,0,30900,受难记忆6三星条件1,
310011,mission_threestar_310011,0,0,受击不超过20次,4,12,0,0,0,0,"310011,0,20",0,0,0,,,0,31000,神子记忆1三星条件1,
310021,mission_threestar_310021,0,0,受击不超过20次,4,12,0,0,0,0,"310021,0,20",0,0,0,,,0,31000,神子记忆2三星条件1,
310031,mission_threestar_310031,0,0,受击不超过20次,4,12,0,0,0,0,"310031,0,20",0,0,0,,,0,31000,神子记忆3三星条件1,
310041,mission_threestar_310041,0,0,受击不超过20次,4,12,0,0,0,0,"310041,0,20",0,0,0,,,0,31000,神子记忆4三星条件1,
310051,mission_threestar_310051,0,0,受击不超过20次,4,12,0,0,0,0,"310051,0,20",0,0,0,,,0,31000,神子记忆5三星条件1,
310061,mission_threestar_310061,0,0,受击不超过20次,4,12,0,0,0,0,"310061,0,20",0,0,0,,,0,31000,神子记忆6三星条件1,
330011,mission_threestar_330011,0,0,受击不超过20次,4,12,0,0,0,0,"330011,0,20",0,0,0,,,0,33000,符文之地1三星条件1,
330021,mission_threestar_330021,0,0,受击不超过20次,4,12,0,0,0,0,"330021,0,20",0,0,0,,,0,33000,符文之地2三星条件1,
330031,mission_threestar_330031,0,0,受击不超过20次,4,12,0,0,0,0,"330031,0,20",0,0,0,,,0,33000,符文之地3三星条件1,
331011,mission_threestar_331011,0,0,受击不超过20次,4,12,0,0,0,0,"331011,0,20",0,0,0,,,0,33000,符文之地4三星条件1,
331021,mission_threestar_331021,0,0,受击不超过20次,4,12,0,0,0,0,"331021,0,20",0,0,0,,,0,33000,符文之地5三星条件1,
331031,mission_threestar_331031,0,0,受击不超过20次,4,12,0,0,0,0,"331031,0,20",0,0,0,,,0,33000,符文之地6三星条件1,
332011,mission_threestar_332011,0,0,受击不超过20次,4,12,0,0,0,0,"332011,0,20",0,0,0,,,0,33000,符文之地1三星条件1,
332021,mission_threestar_332021,0,0,受击不超过20次,4,12,0,0,0,0,"332021,0,20",0,0,0,,,0,33000,符文之地2三星条件1,
332031,mission_threestar_332031,0,0,受击不超过20次,4,12,0,0,0,0,"332031,0,20",0,0,0,,,0,33000,符文之地3三星条件1,
333011,mission_threestar_333011,0,0,受击不超过20次,4,12,0,0,0,0,"333011,0,20",0,0,0,,,0,33000,符文之地4三星条件1,
333021,mission_threestar_333021,0,0,受击不超过20次,4,12,0,0,0,0,"333021,0,20",0,0,0,,,0,33000,符文之地5三星条件1,
333031,mission_threestar_333031,0,0,受击不超过20次,4,12,0,0,0,0,"333031,0,20",0,0,0,,,0,33000,符文之地6三星条件1,
340011,mission_threestar_340011,0,0,受击不超过20次,4,12,0,0,0,0,"340011,0,20",0,0,0,,,0,34000,专武副本6三星条件1,
340021,mission_threestar_340021,0,0,受击不超过20次,4,12,0,0,0,0,"340021,0,20",0,0,0,,,0,34000,专武副本6三星条件1,
340031,mission_threestar_340031,0,0,受击不超过20次,4,12,0,0,0,0,"340031,0,20",0,0,0,,,0,34000,专武副本6三星条件1,
340041,mission_threestar_340041,0,0,受击不超过20次,4,12,0,0,0,0,"340041,0,20",0,0,0,,,0,34000,专武副本6三星条件1,
340051,mission_threestar_340051,0,0,受击不超过20次,4,12,0,0,0,0,"340051,0,20",0,0,0,,,0,34000,专武副本6三星条件1,
340061,mission_threestar_340061,0,0,受击不超过20次,4,12,0,0,0,0,"340061,0,20",0,0,0,,,0,34000,专武副本6三星条件1,
301012,mission_threestar_301012,0,0,600时序内通关,4,12,0,0,0,0,"301012,0,600",0,0,0,,,0,30000,本勒收集1三星条件2,
301022,mission_threestar_301022,0,0,600时序内通关,4,12,0,0,0,0,"301022,0,600",0,0,0,,,0,30000,本勒收集2三星条件2,
301032,mission_threestar_301032,0,0,600时序内通关,4,12,0,0,0,0,"301032,0,600",0,0,0,,,0,30000,本勒收集3三星条件2,
301042,mission_threestar_301042,0,0,600时序内通关,4,12,0,0,0,0,"301042,0,600",0,0,0,,,0,30000,本勒收集4三星条件2,
301052,mission_threestar_301052,0,0,600时序内通关,4,12,0,0,0,0,"301052,0,600",0,0,0,,,0,30000,本勒收集5三星条件2,
301062,mission_threestar_301062,0,0,600时序内通关,4,12,0,0,0,0,"301062,0,600",0,0,0,,,0,30000,本勒收集6三星条件2,
301072,mission_threestar_301072,0,0,600时序内通关,4,12,0,0,0,0,"301072,0,600",0,0,0,,,0,30000,本勒收集7三星条件2,
302012,mission_threestar_302012,0,0,600时序内通关,4,12,0,0,0,0,"302012,0,600",0,0,0,,,0,30200,经验获取1三星条件2,
302022,mission_threestar_302022,0,0,600时序内通关,4,12,0,0,0,0,"302022,0,600",0,0,0,,,0,30200,经验获取2三星条件2,
302032,mission_threestar_302032,0,0,600时序内通关,4,12,0,0,0,0,"302032,0,600",0,0,0,,,0,30200,经验获取3三星条件2,
302042,mission_threestar_302042,0,0,600时序内通关,4,12,0,0,0,0,"302042,0,600",0,0,0,,,0,30200,经验获取4三星条件2,
302052,mission_threestar_302052,0,0,600时序内通关,4,12,0,0,0,0,"302052,0,600",0,0,0,,,0,30200,经验获取5三星条件2,
302062,mission_threestar_302062,0,0,600时序内通关,4,12,0,0,0,0,"302062,0,600",0,0,0,,,0,30200,经验获取6三星条件2,
302072,mission_threestar_302072,0,0,600时序内通关,4,12,0,0,0,0,"302072,0,600",0,0,0,,,0,30200,经验获取7三星条件2,
303012,mission_threestar_303012,0,0,600时序内通关,4,12,0,0,0,0,"303012,0,600",0,0,0,,,0,30300,技能材料1三星条件2,
303022,mission_threestar_303022,0,0,600时序内通关,4,12,0,0,0,0,"303022,0,600",0,0,0,,,0,30300,技能材料2三星条件2,
303032,mission_threestar_303032,0,0,600时序内通关,4,12,0,0,0,0,"303032,0,600",0,0,0,,,0,30300,技能材料3三星条件2,
303042,mission_threestar_303042,0,0,600时序内通关,4,12,0,0,0,0,"303042,0,600",0,0,0,,,0,30300,技能材料4三星条件2,
303052,mission_threestar_303052,0,0,600时序内通关,4,12,0,0,0,0,"303052,0,600",0,0,0,,,0,30300,技能材料5三星条件2,
303062,mission_threestar_303062,0,0,600时序内通关,4,12,0,0,0,0,"303062,0,600",0,0,0,,,0,30300,技能材料6三星条件2,
303072,mission_threestar_303072,0,0,600时序内通关,4,12,0,0,0,0,"303072,0,600",0,0,0,,,0,30300,技能材料7三星条件2,
304012,mission_threestar_304012,0,0,600时序内通关,4,12,0,0,0,0,"304012,0,600",0,0,0,,,0,30400,传道记忆1三星条件2,
304022,mission_threestar_304022,0,0,600时序内通关,4,12,0,0,0,0,"304022,0,600",0,0,0,,,0,30400,传道记忆2三星条件2,
304032,mission_threestar_304032,0,0,600时序内通关,4,12,0,0,0,0,"304032,0,600",0,0,0,,,0,30400,传道记忆3三星条件2,
304042,mission_threestar_304042,0,0,600时序内通关,4,12,0,0,0,0,"304042,0,600",0,0,0,,,0,30400,传道记忆4三星条件2,
304052,mission_threestar_304052,0,0,600时序内通关,4,12,0,0,0,0,"304052,0,600",0,0,0,,,0,30400,传道记忆5三星条件2,
304062,mission_threestar_304062,0,0,600时序内通关,4,12,0,0,0,0,"304062,0,600",0,0,0,,,0,30400,传道记忆6三星条件2,
305012,mission_threestar_305012,0,0,600时序内通关,4,12,0,0,0,0,"305012,0,600",0,0,0,,,0,30500,君王记忆1三星条件2,
305022,mission_threestar_305022,0,0,600时序内通关,4,12,0,0,0,0,"305022,0,600",0,0,0,,,0,30500,君王记忆2三星条件2,
305032,mission_threestar_305032,0,0,600时序内通关,4,12,0,0,0,0,"305032,0,600",0,0,0,,,0,30500,君王记忆3三星条件2,
305042,mission_threestar_305042,0,0,600时序内通关,4,12,0,0,0,0,"305042,0,600",0,0,0,,,0,30500,君王记忆4三星条件2,
305052,mission_threestar_305052,0,0,600时序内通关,4,12,0,0,0,0,"305052,0,600",0,0,0,,,0,30500,君王记忆5三星条件2,
305062,mission_threestar_305062,0,0,600时序内通关,4,12,0,0,0,0,"305062,0,600",0,0,0,,,0,30500,君王记忆6三星条件2,
306012,mission_threestar_306012,0,0,600时序内通关,4,12,0,0,0,0,"306012,0,600",0,0,0,,,0,30600,仆从记忆1三星条件2,
306022,mission_threestar_306022,0,0,600时序内通关,4,12,0,0,0,0,"306022,0,600",0,0,0,,,0,30600,仆从记忆2三星条件2,
306032,mission_threestar_306032,0,0,600时序内通关,4,12,0,0,0,0,"306032,0,600",0,0,0,,,0,30600,仆从记忆3三星条件2,
306042,mission_threestar_306042,0,0,600时序内通关,4,12,0,0,0,0,"306042,0,600",0,0,0,,,0,30600,仆从记忆4三星条件2,
306052,mission_threestar_306052,0,0,600时序内通关,4,12,0,0,0,0,"306052,0,600",0,0,0,,,0,30600,仆从记忆5三星条件2,
306062,mission_threestar_306062,0,0,600时序内通关,4,12,0,0,0,0,"306062,0,600",0,0,0,,,0,30600,仆从记忆6三星条件2,
307012,mission_threestar_307012,0,0,600时序内通关,4,12,0,0,0,0,"307012,0,600",0,0,0,,,0,30700,诞生记忆1三星条件2,
307022,mission_threestar_307022,0,0,600时序内通关,4,12,0,0,0,0,"307022,0,600",0,0,0,,,0,30700,诞生记忆2三星条件2,
307032,mission_threestar_307032,0,0,600时序内通关,4,12,0,0,0,0,"307032,0,600",0,0,0,,,0,30700,诞生记忆3三星条件2,
307042,mission_threestar_307042,0,0,600时序内通关,4,12,0,0,0,0,"307042,0,600",0,0,0,,,0,30700,诞生记忆4三星条件2,
307052,mission_threestar_307052,0,0,600时序内通关,4,12,0,0,0,0,"307052,0,600",0,0,0,,,0,30700,诞生记忆5三星条件2,
307062,mission_threestar_307062,0,0,600时序内通关,4,12,0,0,0,0,"307062,0,600",0,0,0,,,0,30700,诞生记忆6三星条件2,
308012,mission_threestar_308012,0,0,600时序内通关,4,12,0,0,0,0,"308012,0,600",0,0,0,,,0,30800,人子记忆1三星条件2,
308022,mission_threestar_308022,0,0,600时序内通关,4,12,0,0,0,0,"308022,0,600",0,0,0,,,0,30800,人子记忆2三星条件2,
308032,mission_threestar_308032,0,0,600时序内通关,4,12,0,0,0,0,"308032,0,600",0,0,0,,,0,30800,人子记忆3三星条件2,
308042,mission_threestar_308042,0,0,600时序内通关,4,12,0,0,0,0,"308042,0,600",0,0,0,,,0,30800,人子记忆4三星条件2,
308052,mission_threestar_308052,0,0,600时序内通关,4,12,0,0,0,0,"308052,0,600",0,0,0,,,0,30800,人子记忆5三星条件2,
308062,mission_threestar_308062,0,0,600时序内通关,4,12,0,0,0,0,"308062,0,600",0,0,0,,,0,30800,人子记忆6三星条件2,
309012,mission_threestar_309012,0,0,600时序内通关,4,12,0,0,0,0,"309012,0,600",0,0,0,,,0,30900,受难记忆1三星条件2,
309022,mission_threestar_309022,0,0,600时序内通关,4,12,0,0,0,0,"309022,0,600",0,0,0,,,0,30900,受难记忆2三星条件2,
309032,mission_threestar_309032,0,0,600时序内通关,4,12,0,0,0,0,"309032,0,600",0,0,0,,,0,30900,受难记忆3三星条件2,
309042,mission_threestar_309042,0,0,600时序内通关,4,12,0,0,0,0,"309042,0,600",0,0,0,,,0,30900,受难记忆4三星条件2,
309052,mission_threestar_309052,0,0,600时序内通关,4,12,0,0,0,0,"309052,0,600",0,0,0,,,0,30900,受难记忆5三星条件2,
309062,mission_threestar_309062,0,0,600时序内通关,4,12,0,0,0,0,"309062,0,600",0,0,0,,,0,30900,受难记忆6三星条件2,
310012,mission_threestar_310012,0,0,600时序内通关,4,12,0,0,0,0,"310012,0,600",0,0,0,,,0,31000,神子记忆1三星条件2,
310022,mission_threestar_310022,0,0,600时序内通关,4,12,0,0,0,0,"310022,0,600",0,0,0,,,0,31000,神子记忆2三星条件2,
310032,mission_threestar_310032,0,0,600时序内通关,4,12,0,0,0,0,"310032,0,600",0,0,0,,,0,31000,神子记忆3三星条件2,
310042,mission_threestar_310042,0,0,600时序内通关,4,12,0,0,0,0,"310042,0,600",0,0,0,,,0,31000,神子记忆4三星条件2,
310052,mission_threestar_310052,0,0,600时序内通关,4,12,0,0,0,0,"310052,0,600",0,0,0,,,0,31000,神子记忆5三星条件2,
310062,mission_threestar_310062,0,0,600时序内通关,4,12,0,0,0,0,"310062,0,600",0,0,0,,,0,31000,神子记忆6三星条件2,
330012,mission_threestar_330012,0,0,600时序内通关,4,12,0,0,0,0,"330012,0,600",0,0,0,,,0,33000,符文之地1三星条件2,
330022,mission_threestar_330022,0,0,600时序内通关,4,12,0,0,0,0,"330022,0,600",0,0,0,,,0,33000,符文之地2三星条件2,
330032,mission_threestar_330032,0,0,600时序内通关,4,12,0,0,0,0,"330032,0,600",0,0,0,,,0,33000,符文之地3三星条件2,
331012,mission_threestar_331012,0,0,600时序内通关,4,12,0,0,0,0,"331012,0,600",0,0,0,,,0,33000,符文之地1三星条件2,
331022,mission_threestar_331022,0,0,600时序内通关,4,12,0,0,0,0,"331022,0,600",0,0,0,,,0,33000,符文之地2三星条件2,
331032,mission_threestar_331032,0,0,600时序内通关,4,12,0,0,0,0,"331032,0,600",0,0,0,,,0,33000,符文之地3三星条件2,
332012,mission_threestar_332012,0,0,600时序内通关,4,12,0,0,0,0,"332012,0,600",0,0,0,,,0,33000,符文之地1三星条件2,
332022,mission_threestar_332022,0,0,600时序内通关,4,12,0,0,0,0,"332022,0,600",0,0,0,,,0,33000,符文之地2三星条件2,
332032,mission_threestar_332032,0,0,600时序内通关,4,12,0,0,0,0,"332032,0,600",0,0,0,,,0,33000,符文之地3三星条件2,
333012,mission_threestar_333012,0,0,600时序内通关,4,12,0,0,0,0,"333012,0,600",0,0,0,,,0,33000,符文之地1三星条件2,
333022,mission_threestar_333022,0,0,600时序内通关,4,12,0,0,0,0,"333022,0,600",0,0,0,,,0,33000,符文之地2三星条件2,
333032,mission_threestar_333032,0,0,600时序内通关,4,12,0,0,0,0,"333032,0,600",0,0,0,,,0,33000,符文之地3三星条件2,
340012,mission_threestar_340012,0,0,600时序内通关,4,12,0,0,0,0,"340012,0,600",0,0,0,,,0,34000,专武副本1三星条件2,
340022,mission_threestar_340022,0,0,600时序内通关,4,12,0,0,0,0,"340022,0,600",0,0,0,,,0,34000,专武副本2三星条件2,
340032,mission_threestar_340032,0,0,600时序内通关,4,12,0,0,0,0,"340032,0,600",0,0,0,,,0,34000,专武副本3三星条件2,
340042,mission_threestar_340042,0,0,600时序内通关,4,12,0,0,0,0,"340042,0,600",0,0,0,,,0,34000,专武副本4三星条件2,
340052,mission_threestar_340052,0,0,600时序内通关,4,12,0,0,0,0,"340052,0,600",0,0,0,,,0,34000,专武副本5三星条件2,
340062,mission_threestar_340062,0,0,600时序内通关,4,12,0,0,0,0,"340062,0,600",0,0,0,,,0,34000,专武副本6三星条件2,
301013,mission_threestar_301013,0,0,无人死亡,4,12,0,0,0,0,"301013,0,0",0,0,0,,,0,30000,本勒收集1三星条件3,
301023,mission_threestar_301023,0,0,无人死亡,4,12,0,0,0,0,"301023,0,0",0,0,0,,,0,30000,本勒收集2三星条件3,
301033,mission_threestar_301033,0,0,无人死亡,4,12,0,0,0,0,"301033,0,0",0,0,0,,,0,30000,本勒收集3三星条件3,
301043,mission_threestar_301043,0,0,无人死亡,4,12,0,0,0,0,"301043,0,0",0,0,0,,,0,30000,本勒收集4三星条件3,
301053,mission_threestar_301053,0,0,无人死亡,4,12,0,0,0,0,"301053,0,0",0,0,0,,,0,30000,本勒收集5三星条件3,
301063,mission_threestar_301063,0,0,无人死亡,4,12,0,0,0,0,"301063,0,0",0,0,0,,,0,30000,本勒收集6三星条件3,
301073,mission_threestar_301073,0,0,无人死亡,4,12,0,0,0,0,"301073,0,0",0,0,0,,,0,30000,本勒收集7三星条件3,
302013,mission_threestar_302013,0,0,无人死亡,4,12,0,0,0,0,"302013,0,0",0,0,0,,,0,30200,经验获取1三星条件3,
302023,mission_threestar_302023,0,0,无人死亡,4,12,0,0,0,0,"302023,0,0",0,0,0,,,0,30200,经验获取2三星条件3,
302033,mission_threestar_302033,0,0,无人死亡,4,12,0,0,0,0,"302033,0,0",0,0,0,,,0,30200,经验获取3三星条件3,
302043,mission_threestar_302043,0,0,无人死亡,4,12,0,0,0,0,"302043,0,0",0,0,0,,,0,30200,经验获取4三星条件3,
302053,mission_threestar_302053,0,0,无人死亡,4,12,0,0,0,0,"302053,0,0",0,0,0,,,0,30200,经验获取5三星条件3,
302063,mission_threestar_302063,0,0,无人死亡,4,12,0,0,0,0,"302063,0,0",0,0,0,,,0,30200,经验获取6三星条件3,
302073,mission_threestar_302073,0,0,无人死亡,4,12,0,0,0,0,"302073,0,0",0,0,0,,,0,30200,经验获取7三星条件3,
303013,mission_threestar_303013,0,0,无人死亡,4,12,0,0,0,0,"303013,0,0",0,0,0,,,0,30300,技能材料1三星条件3,
303023,mission_threestar_303023,0,0,无人死亡,4,12,0,0,0,0,"303023,0,0",0,0,0,,,0,30300,技能材料2三星条件3,
303033,mission_threestar_303033,0,0,无人死亡,4,12,0,0,0,0,"303033,0,0",0,0,0,,,0,30300,技能材料3三星条件3,
303043,mission_threestar_303043,0,0,无人死亡,4,12,0,0,0,0,"303043,0,0",0,0,0,,,0,30300,技能材料4三星条件3,
303053,mission_threestar_303053,0,0,无人死亡,4,12,0,0,0,0,"303053,0,0",0,0,0,,,0,30300,技能材料5三星条件3,
303063,mission_threestar_303063,0,0,无人死亡,4,12,0,0,0,0,"303063,0,0",0,0,0,,,0,30300,技能材料6三星条件3,
303073,mission_threestar_303073,0,0,无人死亡,4,12,0,0,0,0,"303073,0,0",0,0,0,,,0,30300,技能材料7三星条件3,
304013,mission_threestar_304013,0,0,无人死亡,4,12,0,0,0,0,"304013,0,0",0,0,0,,,0,30400,传道记忆1三星条件3,
304023,mission_threestar_304023,0,0,无人死亡,4,12,0,0,0,0,"304023,0,0",0,0,0,,,0,30400,传道记忆2三星条件3,
304033,mission_threestar_304033,0,0,无人死亡,4,12,0,0,0,0,"304033,0,0",0,0,0,,,0,30400,传道记忆3三星条件3,
304043,mission_threestar_304043,0,0,无人死亡,4,12,0,0,0,0,"304043,0,0",0,0,0,,,0,30400,传道记忆4三星条件3,
304053,mission_threestar_304053,0,0,无人死亡,4,12,0,0,0,0,"304053,0,0",0,0,0,,,0,30400,传道记忆5三星条件3,
304063,mission_threestar_304063,0,0,无人死亡,4,12,0,0,0,0,"304063,0,0",0,0,0,,,0,30400,传道记忆6三星条件3,
305013,mission_threestar_305013,0,0,无人死亡,4,12,0,0,0,0,"305013,0,0",0,0,0,,,0,30500,君王记忆1三星条件3,
305023,mission_threestar_305023,0,0,无人死亡,4,12,0,0,0,0,"305023,0,0",0,0,0,,,0,30500,君王记忆2三星条件3,
305033,mission_threestar_305033,0,0,无人死亡,4,12,0,0,0,0,"305033,0,0",0,0,0,,,0,30500,君王记忆3三星条件3,
305043,mission_threestar_305043,0,0,无人死亡,4,12,0,0,0,0,"305043,0,0",0,0,0,,,0,30500,君王记忆4三星条件3,
305053,mission_threestar_305053,0,0,无人死亡,4,12,0,0,0,0,"305053,0,0",0,0,0,,,0,30500,君王记忆5三星条件3,
305063,mission_threestar_305063,0,0,无人死亡,4,12,0,0,0,0,"305063,0,0",0,0,0,,,0,30500,君王记忆6三星条件3,
306013,mission_threestar_306013,0,0,无人死亡,4,12,0,0,0,0,"306013,0,0",0,0,0,,,0,30600,仆从记忆1三星条件3,
306023,mission_threestar_306023,0,0,无人死亡,4,12,0,0,0,0,"306023,0,0",0,0,0,,,0,30600,仆从记忆2三星条件3,
306033,mission_threestar_306033,0,0,无人死亡,4,12,0,0,0,0,"306033,0,0",0,0,0,,,0,30600,仆从记忆3三星条件3,
306043,mission_threestar_306043,0,0,无人死亡,4,12,0,0,0,0,"306043,0,0",0,0,0,,,0,30600,仆从记忆4三星条件3,
306053,mission_threestar_306053,0,0,无人死亡,4,12,0,0,0,0,"306053,0,0",0,0,0,,,0,30600,仆从记忆5三星条件3,
306063,mission_threestar_306063,0,0,无人死亡,4,12,0,0,0,0,"306063,0,0",0,0,0,,,0,30600,仆从记忆6三星条件3,
307013,mission_threestar_307013,0,0,无人死亡,4,12,0,0,0,0,"307013,0,0",0,0,0,,,0,30700,诞生记忆1三星条件3,
307023,mission_threestar_307023,0,0,无人死亡,4,12,0,0,0,0,"307023,0,0",0,0,0,,,0,30700,诞生记忆2三星条件3,
307033,mission_threestar_307033,0,0,无人死亡,4,12,0,0,0,0,"307033,0,0",0,0,0,,,0,30700,诞生记忆3三星条件3,
307043,mission_threestar_307043,0,0,无人死亡,4,12,0,0,0,0,"307043,0,0",0,0,0,,,0,30700,诞生记忆4三星条件3,
307053,mission_threestar_307053,0,0,无人死亡,4,12,0,0,0,0,"307053,0,0",0,0,0,,,0,30700,诞生记忆5三星条件3,
307063,mission_threestar_307063,0,0,无人死亡,4,12,0,0,0,0,"307063,0,0",0,0,0,,,0,30700,诞生记忆6三星条件3,
308013,mission_threestar_308013,0,0,无人死亡,4,12,0,0,0,0,"308013,0,0",0,0,0,,,0,30800,人子记忆1三星条件3,
308023,mission_threestar_308023,0,0,无人死亡,4,12,0,0,0,0,"308023,0,0",0,0,0,,,0,30800,人子记忆2三星条件3,
308033,mission_threestar_308033,0,0,无人死亡,4,12,0,0,0,0,"308033,0,0",0,0,0,,,0,30800,人子记忆3三星条件3,
308043,mission_threestar_308043,0,0,无人死亡,4,12,0,0,0,0,"308043,0,0",0,0,0,,,0,30800,人子记忆4三星条件3,
308053,mission_threestar_308053,0,0,无人死亡,4,12,0,0,0,0,"308053,0,0",0,0,0,,,0,30800,人子记忆5三星条件3,
308063,mission_threestar_308063,0,0,无人死亡,4,12,0,0,0,0,"308063,0,0",0,0,0,,,0,30800,人子记忆6三星条件3,
309013,mission_threestar_309013,0,0,无人死亡,4,12,0,0,0,0,"309013,0,0",0,0,0,,,0,30900,受难记忆1三星条件3,
309023,mission_threestar_309023,0,0,无人死亡,4,12,0,0,0,0,"309023,0,0",0,0,0,,,0,30900,受难记忆2三星条件3,
309033,mission_threestar_309033,0,0,无人死亡,4,12,0,0,0,0,"309033,0,0",0,0,0,,,0,30900,受难记忆3三星条件3,
309043,mission_threestar_309043,0,0,无人死亡,4,12,0,0,0,0,"309043,0,0",0,0,0,,,0,30900,受难记忆4三星条件3,
309053,mission_threestar_309053,0,0,无人死亡,4,12,0,0,0,0,"309053,0,0",0,0,0,,,0,30900,受难记忆5三星条件3,
309063,mission_threestar_309063,0,0,无人死亡,4,12,0,0,0,0,"309063,0,0",0,0,0,,,0,30900,受难记忆6三星条件3,
310013,mission_threestar_310013,0,0,无人死亡,4,12,0,0,0,0,"310013,0,0",0,0,0,,,0,31000,神子记忆1三星条件3,
310023,mission_threestar_310023,0,0,无人死亡,4,12,0,0,0,0,"310023,0,0",0,0,0,,,0,31000,神子记忆2三星条件3,
310033,mission_threestar_310033,0,0,无人死亡,4,12,0,0,0,0,"310033,0,0",0,0,0,,,0,31000,神子记忆3三星条件3,
310043,mission_threestar_310043,0,0,无人死亡,4,12,0,0,0,0,"310043,0,0",0,0,0,,,0,31000,神子记忆4三星条件3,
310053,mission_threestar_310053,0,0,无人死亡,4,12,0,0,0,0,"310053,0,0",0,0,0,,,0,31000,神子记忆5三星条件3,
310063,mission_threestar_310063,0,0,无人死亡,4,12,0,0,0,0,"310063,0,0",0,0,0,,,0,31000,神子记忆6三星条件3,
330013,mission_threestar_330013,0,0,无人死亡,4,12,0,0,0,0,"330013,0,0",0,0,0,,,0,33000,符文之地1三星条件3,
330023,mission_threestar_330023,0,0,无人死亡,4,12,0,0,0,0,"330023,0,0",0,0,0,,,0,33000,符文之地2三星条件3,
330033,mission_threestar_330033,0,0,无人死亡,4,12,0,0,0,0,"330033,0,0",0,0,0,,,0,33000,符文之地3三星条件3,
331013,mission_threestar_331013,0,0,无人死亡,4,12,0,0,0,0,"331013,0,0",0,0,0,,,0,33000,符文之地1三星条件3,
331023,mission_threestar_331023,0,0,无人死亡,4,12,0,0,0,0,"331023,0,0",0,0,0,,,0,33000,符文之地2三星条件3,
331033,mission_threestar_331033,0,0,无人死亡,4,12,0,0,0,0,"331033,0,0",0,0,0,,,0,33000,符文之地3三星条件3,
332013,mission_threestar_332013,0,0,无人死亡,4,12,0,0,0,0,"332013,0,0",0,0,0,,,0,33000,符文之地1三星条件3,
332023,mission_threestar_332023,0,0,无人死亡,4,12,0,0,0,0,"332023,0,0",0,0,0,,,0,33000,符文之地2三星条件3,
332033,mission_threestar_332033,0,0,无人死亡,4,12,0,0,0,0,"332033,0,0",0,0,0,,,0,33000,符文之地3三星条件3,
333013,mission_threestar_333013,0,0,无人死亡,4,12,0,0,0,0,"333013,0,0",0,0,0,,,0,33000,符文之地1三星条件3,
333023,mission_threestar_333023,0,0,无人死亡,4,12,0,0,0,0,"333023,0,0",0,0,0,,,0,33000,符文之地2三星条件3,
333033,mission_threestar_333033,0,0,无人死亡,4,12,0,0,0,0,"333033,0,0",0,0,0,,,0,33000,符文之地3三星条件3,
340013,mission_threestar_340013,0,0,无人死亡,4,12,0,0,0,0,"340013,0,0",0,0,0,,,0,34000,专武副本1三星条件3,
340023,mission_threestar_340023,0,0,无人死亡,4,12,0,0,0,0,"340023,0,0",0,0,0,,,0,34000,专武副本2三星条件3,
340033,mission_threestar_340033,0,0,无人死亡,4,12,0,0,0,0,"340033,0,0",0,0,0,,,0,34000,专武副本3三星条件3,
340043,mission_threestar_340043,0,0,无人死亡,4,12,0,0,0,0,"340043,0,0",0,0,0,,,0,34000,专武副本4三星条件3,
340053,mission_threestar_340053,0,0,无人死亡,4,12,0,0,0,0,"340053,0,0",0,0,0,,,0,34000,专武副本5三星条件3,
340063,mission_threestar_340063,0,0,无人死亡,4,12,0,0,0,0,"340063,0,0",0,0,0,,,0,34000,专武副本6三星条件3,
301014,0,0,0,本勒收集1三星任务奖励,4,13,0,0,0,0,"301014,1,1",0,0,301011,,,0,0,本勒收集1奖励任务,
301024,0,0,0,本勒收集2三星任务奖励,4,13,0,0,0,0,"301024,1,1",0,0,301021,,,0,0,本勒收集2奖励任务,
301034,0,0,0,本勒收集3三星任务奖励,4,13,0,0,0,0,"301034,1,1",0,0,301031,,,0,0,本勒收集3奖励任务,
301044,0,0,0,本勒收集4三星任务奖励,4,13,0,0,0,0,"301044,1,1",0,0,301041,,,0,0,本勒收集4奖励任务,
301054,0,0,0,本勒收集5三星任务奖励,4,13,0,0,0,0,"301054,1,1",0,0,301051,,,0,0,本勒收集5奖励任务,
301064,0,0,0,本勒收集6三星任务奖励,4,13,0,0,0,0,"301064,1,1",0,0,301061,,,0,0,本勒收集6奖励任务,
301074,0,0,0,本勒收集7三星任务奖励,4,13,0,0,0,0,"301074,1,1",0,0,301071,,,0,0,本勒收集7奖励任务,
302014,0,0,0,经验获取1三星任务奖励,4,13,0,0,0,0,"302014,1,1",0,0,302011,,,0,0,经验获取1奖励任务,
302024,0,0,0,经验获取2三星任务奖励,4,13,0,0,0,0,"302024,1,1",0,0,302021,,,0,0,经验获取2奖励任务,
302034,0,0,0,经验获取3三星任务奖励,4,13,0,0,0,0,"302034,1,1",0,0,302031,,,0,0,经验获取3奖励任务,
302044,0,0,0,经验获取4三星任务奖励,4,13,0,0,0,0,"302044,1,1",0,0,302041,,,0,0,经验获取4奖励任务,
302054,0,0,0,经验获取5三星任务奖励,4,13,0,0,0,0,"302054,1,1",0,0,302051,,,0,0,经验获取5奖励任务,
302064,0,0,0,经验获取6三星任务奖励,4,13,0,0,0,0,"302064,1,1",0,0,302061,,,0,0,经验获取6奖励任务,
302074,0,0,0,经验获取7三星任务奖励,4,13,0,0,0,0,"302074,1,1",0,0,302071,,,0,0,经验获取7奖励任务,
303014,0,0,0,技能材料1三星任务奖励,4,13,0,0,0,0,"303014,1,1",0,0,303011,,,0,0,技能材料1奖励任务,
303024,0,0,0,技能材料2三星任务奖励,4,13,0,0,0,0,"303024,1,1",0,0,303021,,,0,0,技能材料2奖励任务,
303034,0,0,0,技能材料3三星任务奖励,4,13,0,0,0,0,"303034,1,1",0,0,303031,,,0,0,技能材料3奖励任务,
303044,0,0,0,技能材料4三星任务奖励,4,13,0,0,0,0,"303044,1,1",0,0,303041,,,0,0,技能材料4奖励任务,
303054,0,0,0,技能材料5三星任务奖励,4,13,0,0,0,0,"303054,1,1",0,0,303051,,,0,0,技能材料5奖励任务,
303064,0,0,0,技能材料6三星任务奖励,4,13,0,0,0,0,"303064,1,1",0,0,303061,,,0,0,技能材料6奖励任务,
303074,0,0,0,技能材料7三星任务奖励,4,13,0,0,0,0,"303074,1,1",0,0,303071,,,0,0,技能材料7奖励任务,
304014,0,0,0,传道记忆1三星任务奖励,4,13,0,0,0,0,"304014,1,1",0,0,304011,,,0,0,传道记忆1奖励任务,
304024,0,0,0,传道记忆2三星任务奖励,4,13,0,0,0,0,"304024,1,1",0,0,304021,,,0,0,传道记忆2奖励任务,
304034,0,0,0,传道记忆3三星任务奖励,4,13,0,0,0,0,"304034,1,1",0,0,304031,,,0,0,传道记忆3奖励任务,
304044,0,0,0,传道记忆4三星任务奖励,4,13,0,0,0,0,"304044,1,1",0,0,304041,,,0,0,传道记忆4奖励任务,
304054,0,0,0,传道记忆5三星任务奖励,4,13,0,0,0,0,"304054,1,1",0,0,304051,,,0,0,传道记忆5奖励任务,
304064,0,0,0,传道记忆6三星任务奖励,4,13,0,0,0,0,"304064,1,1",0,0,304061,,,0,0,传道记忆6奖励任务,
305014,0,0,0,君王记忆1三星任务奖励,4,13,0,0,0,0,"305014,1,1",0,0,305011,,,0,0,君王记忆1奖励任务,
305024,0,0,0,君王记忆2三星任务奖励,4,13,0,0,0,0,"305024,1,1",0,0,305021,,,0,0,君王记忆2奖励任务,
305034,0,0,0,君王记忆3三星任务奖励,4,13,0,0,0,0,"305034,1,1",0,0,305031,,,0,0,君王记忆3奖励任务,
305044,0,0,0,君王记忆4三星任务奖励,4,13,0,0,0,0,"305044,1,1",0,0,305041,,,0,0,君王记忆4奖励任务,
305054,0,0,0,君王记忆5三星任务奖励,4,13,0,0,0,0,"305054,1,1",0,0,305051,,,0,0,君王记忆5奖励任务,
305064,0,0,0,君王记忆6三星任务奖励,4,13,0,0,0,0,"305064,1,1",0,0,305061,,,0,0,君王记忆6奖励任务,
306014,0,0,0,仆从记忆1三星任务奖励,4,13,0,0,0,0,"306014,1,1",0,0,306011,,,0,0,仆从记忆1奖励任务,
306024,0,0,0,仆从记忆2三星任务奖励,4,13,0,0,0,0,"306024,1,1",0,0,306021,,,0,0,仆从记忆2奖励任务,
306034,0,0,0,仆从记忆3三星任务奖励,4,13,0,0,0,0,"306034,1,1",0,0,306031,,,0,0,仆从记忆3奖励任务,
306044,0,0,0,仆从记忆4三星任务奖励,4,13,0,0,0,0,"306044,1,1",0,0,306041,,,0,0,仆从记忆4奖励任务,
306054,0,0,0,仆从记忆5三星任务奖励,4,13,0,0,0,0,"306054,1,1",0,0,306051,,,0,0,仆从记忆5奖励任务,
306064,0,0,0,仆从记忆6三星任务奖励,4,13,0,0,0,0,"306064,1,1",0,0,306061,,,0,0,仆从记忆6奖励任务,
307014,0,0,0,诞生记忆1三星任务奖励,4,13,0,0,0,0,"307014,1,1",0,0,307011,,,0,0,诞生记忆1奖励任务,
307024,0,0,0,诞生记忆2三星任务奖励,4,13,0,0,0,0,"307024,1,1",0,0,307021,,,0,0,诞生记忆2奖励任务,
307034,0,0,0,诞生记忆3三星任务奖励,4,13,0,0,0,0,"307034,1,1",0,0,307031,,,0,0,诞生记忆3奖励任务,
307044,0,0,0,诞生记忆4三星任务奖励,4,13,0,0,0,0,"307044,1,1",0,0,307041,,,0,0,诞生记忆4奖励任务,
307054,0,0,0,诞生记忆5三星任务奖励,4,13,0,0,0,0,"307054,1,1",0,0,307051,,,0,0,诞生记忆5奖励任务,
307064,0,0,0,诞生记忆6三星任务奖励,4,13,0,0,0,0,"307064,1,1",0,0,307061,,,0,0,诞生记忆6奖励任务,
308014,0,0,0,人子记忆1三星任务奖励,4,13,0,0,0,0,"308014,1,1",0,0,308011,,,0,0,人子记忆1奖励任务,
308024,0,0,0,人子记忆2三星任务奖励,4,13,0,0,0,0,"308024,1,1",0,0,308021,,,0,0,人子记忆2奖励任务,
308034,0,0,0,人子记忆3三星任务奖励,4,13,0,0,0,0,"308034,1,1",0,0,308031,,,0,0,人子记忆3奖励任务,
308044,0,0,0,人子记忆4三星任务奖励,4,13,0,0,0,0,"308044,1,1",0,0,308041,,,0,0,人子记忆4奖励任务,
308054,0,0,0,人子记忆5三星任务奖励,4,13,0,0,0,0,"308054,1,1",0,0,308051,,,0,0,人子记忆5奖励任务,
308064,0,0,0,人子记忆6三星任务奖励,4,13,0,0,0,0,"308064,1,1",0,0,308061,,,0,0,人子记忆6奖励任务,
309014,0,0,0,受难记忆1三星任务奖励,4,13,0,0,0,0,"309014,1,1",0,0,309011,,,0,0,受难记忆1奖励任务,
309024,0,0,0,受难记忆2三星任务奖励,4,13,0,0,0,0,"309024,1,1",0,0,309021,,,0,0,受难记忆2奖励任务,
309034,0,0,0,受难记忆3三星任务奖励,4,13,0,0,0,0,"309034,1,1",0,0,309031,,,0,0,受难记忆3奖励任务,
309044,0,0,0,受难记忆4三星任务奖励,4,13,0,0,0,0,"309044,1,1",0,0,309041,,,0,0,受难记忆4奖励任务,
309054,0,0,0,受难记忆5三星任务奖励,4,13,0,0,0,0,"309054,1,1",0,0,309051,,,0,0,受难记忆5奖励任务,
309064,0,0,0,受难记忆6三星任务奖励,4,13,0,0,0,0,"309064,1,1",0,0,309061,,,0,0,受难记忆6奖励任务,
310014,0,0,0,神子记忆1三星任务奖励,4,13,0,0,0,0,"310014,1,1",0,0,310011,,,0,0,神子记忆1奖励任务,
310024,0,0,0,神子记忆2三星任务奖励,4,13,0,0,0,0,"310024,1,1",0,0,310021,,,0,0,神子记忆2奖励任务,
310034,0,0,0,神子记忆3三星任务奖励,4,13,0,0,0,0,"310034,1,1",0,0,310031,,,0,0,神子记忆3奖励任务,
310044,0,0,0,神子记忆4三星任务奖励,4,13,0,0,0,0,"310044,1,1",0,0,310041,,,0,0,神子记忆4奖励任务,
310054,0,0,0,神子记忆5三星任务奖励,4,13,0,0,0,0,"310054,1,1",0,0,310051,,,0,0,神子记忆5奖励任务,
310064,0,0,0,神子记忆6三星任务奖励,4,13,0,0,0,0,"310064,1,1",0,0,310061,,,0,0,神子记忆6奖励任务,
330014,0,0,0,符文之地1三星任务奖励,4,13,0,0,0,0,"330014,1,1",0,0,330011,,,0,0,符文之地1奖励任务,
330024,0,0,0,符文之地2三星任务奖励,4,13,0,0,0,0,"330024,1,1",0,0,330021,,,0,0,符文之地2奖励任务,
330034,0,0,0,符文之地3三星任务奖励,4,13,0,0,0,0,"330034,1,1",0,0,330031,,,0,0,符文之地3奖励任务,
331014,0,0,0,符文之地1三星任务奖励,4,13,0,0,0,0,"331014,1,1",0,0,330011,,,0,0,符文之地1奖励任务,
331024,0,0,0,符文之地2三星任务奖励,4,13,0,0,0,0,"331024,1,1",0,0,330021,,,0,0,符文之地2奖励任务,
331034,0,0,0,符文之地3三星任务奖励,4,13,0,0,0,0,"331034,1,1",0,0,330031,,,0,0,符文之地3奖励任务,
332014,0,0,0,符文之地1三星任务奖励,4,13,0,0,0,0,"332014,1,1",0,0,330011,,,0,0,符文之地1奖励任务,
332024,0,0,0,符文之地2三星任务奖励,4,13,0,0,0,0,"332024,1,1",0,0,330021,,,0,0,符文之地2奖励任务,
332034,0,0,0,符文之地3三星任务奖励,4,13,0,0,0,0,"332034,1,1",0,0,330031,,,0,0,符文之地3奖励任务,
333014,0,0,0,符文之地1三星任务奖励,4,13,0,0,0,0,"333014,1,1",0,0,330011,,,0,0,符文之地1奖励任务,
333024,0,0,0,符文之地2三星任务奖励,4,13,0,0,0,0,"333024,1,1",0,0,330021,,,0,0,符文之地2奖励任务,
333034,0,0,0,符文之地3三星任务奖励,4,13,0,0,0,0,"333034,1,1",0,0,330031,,,0,0,符文之地3奖励任务,
340014,0,0,0,专武副本1三星任务奖励,4,13,0,0,0,0,"340014,1,1",0,0,340011,,,0,0,专武副本1奖励任务,
340024,0,0,0,专武副本2三星任务奖励,4,13,0,0,0,0,"340024,1,1",0,0,340021,,,0,0,专武副本2奖励任务,
340034,0,0,0,专武副本3三星任务奖励,4,13,0,0,0,0,"340034,1,1",0,0,340031,,,0,0,专武副本3奖励任务,
340044,0,0,0,专武副本4三星任务奖励,4,13,0,0,0,0,"340044,1,1",0,0,340041,,,0,0,专武副本4奖励任务,
340054,0,0,0,专武副本5三星任务奖励,4,13,0,0,0,0,"340054,1,1",0,0,340051,,,0,0,专武副本5奖励任务,
340064,0,0,0,专武副本6三星任务奖励,4,13,0,0,0,0,"340064,1,1",0,0,340061,,,0,0,专武副本6奖励任务,
10201021,mission_threestar_10201021,0,0,受击不超过12次,4,12,0,0,0,0,"10201021,0,12",0,0,0,,,0,1010000,桃活动三星条件1,
10201151,mission_threestar_10201151,0,0,受击不超过12次,4,12,0,0,0,0,"10201151,0,12",0,0,0,,,0,1010000,桃活动三星条件1,
10201181,mission_threestar_10201181,0,0,受击不超过12次,4,12,0,0,0,0,"10201181,0,12",0,0,0,,,0,1010000,桃活动三星条件1,
10201191,mission_threestar_10201191,0,0,受击不超过12次,4,12,0,0,0,0,"10201191,0,12",0,0,0,,,0,1010000,桃活动三星条件1,
10201201,mission_threestar_10201201,0,0,受击不超过12次,4,12,0,0,0,0,"10201201,0,12",0,0,0,,,0,1010000,桃活动三星条件1,
10201211,mission_threestar_10201211,0,0,受击不超过12次,4,12,0,0,0,0,"10201211,0,12",0,0,0,,,0,1010000,桃活动三星条件1,
10201221,mission_threestar_10201221,0,0,受击不超过12次,4,12,0,0,0,0,"10201221,0,12",0,0,0,,,0,1010000,桃活动三星条件1,
10201231,mission_threestar_10201231,0,0,受击不超过12次,4,12,0,0,0,0,"10201231,0,12",0,0,0,,,0,1010000,桃活动三星条件1,
10201241,mission_threestar_10201241,0,0,受击不超过12次,4,12,0,0,0,0,"10201241,0,12",0,0,0,,,0,1010000,桃活动三星条件1,
10201251,mission_threestar_10201251,0,0,受击不超过12次,4,12,0,0,0,0,"10201251,0,12",0,0,0,,,0,1010000,桃活动三星条件1,
10201261,mission_threestar_10201261,0,0,受击不超过12次,4,12,0,0,0,0,"10201261,0,12",0,0,0,,,0,1010000,桃活动三星条件1,
10201022,mission_threestar_10201022,0,0,600时序内通关,4,12,0,0,0,0,"10201022,0,600",0,0,0,,,0,1010000,桃活动三星条件2,
10201152,mission_threestar_10201152,0,0,600时序内通关,4,12,0,0,0,0,"10201152,0,600",0,0,0,,,0,1010000,桃活动三星条件2,
10201182,mission_threestar_10201182,0,0,600时序内通关,4,12,0,0,0,0,"10201182,0,600",0,0,0,,,0,1010000,桃活动三星条件2,
10201192,mission_threestar_10201192,0,0,600时序内通关,4,12,0,0,0,0,"10201192,0,600",0,0,0,,,0,1010000,桃活动三星条件2,
10201202,mission_threestar_10201202,0,0,600时序内通关,4,12,0,0,0,0,"10201202,0,600",0,0,0,,,0,1010000,桃活动三星条件2,
10201212,mission_threestar_10201212,0,0,600时序内通关,4,12,0,0,0,0,"10201212,0,600",0,0,0,,,0,1010000,桃活动三星条件2,
10201222,mission_threestar_10201222,0,0,600时序内通关,4,12,0,0,0,0,"10201222,0,600",0,0,0,,,0,1010000,桃活动三星条件2,
10201232,mission_threestar_10201232,0,0,600时序内通关,4,12,0,0,0,0,"10201232,0,600",0,0,0,,,0,1010000,桃活动三星条件2,
10201242,mission_threestar_10201242,0,0,600时序内通关,4,12,0,0,0,0,"10201242,0,600",0,0,0,,,0,1010000,桃活动三星条件2,
10201252,mission_threestar_10201252,0,0,600时序内通关,4,12,0,0,0,0,"10201252,0,600",0,0,0,,,0,1010000,桃活动三星条件2,
10201262,mission_threestar_10201262,0,0,600时序内通关,4,12,0,0,0,0,"10201262,0,600",0,0,0,,,0,1010000,桃活动三星条件2,
10201023,mission_threestar_10201023,0,0,无人死亡,4,12,0,0,0,0,"10201023,0,0",0,0,0,,,0,1010000,桃活动三星条件3,
10201153,mission_threestar_10201153,0,0,无人死亡,4,12,0,0,0,0,"10201153,0,0",0,0,0,,,0,1010000,桃活动三星条件3,
10201183,mission_threestar_10201183,0,0,无人死亡,4,12,0,0,0,0,"10201183,0,0",0,0,0,,,0,1010000,桃活动三星条件3,
10201193,mission_threestar_10201193,0,0,无人死亡,4,12,0,0,0,0,"10201193,0,0",0,0,0,,,0,1010000,桃活动三星条件3,
10201203,mission_threestar_10201203,0,0,无人死亡,4,12,0,0,0,0,"10201203,0,0",0,0,0,,,0,1010000,桃活动三星条件3,
10201213,mission_threestar_10201213,0,0,无人死亡,4,12,0,0,0,0,"10201213,0,0",0,0,0,,,0,1010000,桃活动三星条件3,
10201223,mission_threestar_10201223,0,0,无人死亡,4,12,0,0,0,0,"10201223,0,0",0,0,0,,,0,1010000,桃活动三星条件3,
10201233,mission_threestar_10201233,0,0,无人死亡,4,12,0,0,0,0,"10201233,0,0",0,0,0,,,0,1010000,桃活动三星条件3,
10201243,mission_threestar_10201243,0,0,无人死亡,4,12,0,0,0,0,"10201243,0,0",0,0,0,,,0,1010000,桃活动三星条件3,
10201253,mission_threestar_10201253,0,0,无人死亡,4,12,0,0,0,0,"10201253,0,0",0,0,0,,,0,1010000,桃活动三星条件3,
10201263,mission_threestar_10201263,0,0,无人死亡,4,12,0,0,0,0,"10201263,0,0",0,0,0,,,0,1010000,桃活动三星条件3,
10201024,0,0,0,三星任务奖励,4,13,0,0,0,0,"10201024,1,1",0,0,10201021,,,0,1010000,三星任务奖励,
10201154,0,0,0,三星任务奖励,4,13,0,0,0,0,"10201154,1,1",0,0,10201151,,,0,1010000,三星任务奖励,
10201184,0,0,0,三星任务奖励,4,13,0,0,0,0,"10201184,1,1",0,0,10201181,,,0,1010000,三星任务奖励,
10201194,0,0,0,三星任务奖励,4,13,0,0,0,0,"10201194,1,1",0,0,10201191,,,0,1010000,三星任务奖励,
10201204,0,0,0,三星任务奖励,4,13,0,0,0,0,"10201204,1,1",0,0,10201201,,,0,1010000,三星任务奖励,
10201214,0,0,0,三星任务奖励,4,13,0,0,0,0,"10201214,1,1",0,0,10201211,,,0,1010000,三星任务奖励,
10201224,0,0,0,三星任务奖励,4,13,0,0,0,0,"10201224,1,1",0,0,10201221,,,0,1010000,三星任务奖励,
10201234,0,0,0,三星任务奖励,4,13,0,0,0,0,"10201234,1,1",0,0,10201231,,,0,1010000,三星任务奖励,
10201244,0,0,0,三星任务奖励,4,13,0,0,0,0,"10201244,1,1",0,0,10201241,,,0,1010000,三星任务奖励,
10201254,0,0,0,三星任务奖励,4,13,0,0,0,0,"10201254,1,1",0,0,10201251,,,0,1010000,三星任务奖励,
10201264,0,0,0,三星任务奖励,4,13,0,0,0,0,"10201264,1,1",0,0,10201261,,,0,1010000,三星任务奖励,
10202011,mission_threestar_10202011,0,0,受击不超过12次,4,12,0,0,0,0,"10202011,0,12",0,0,0,,,0,1010002,桃活动困难三星条件1,
10202021,mission_threestar_10202021,0,0,受击不超过12次,4,12,0,0,0,0,"10202021,0,12",0,0,0,,,0,1010002,桃活动困难三星条件1,
10202031,mission_threestar_10202031,0,0,受击不超过12次,4,12,0,0,0,0,"10202031,0,12",0,0,0,,,0,1010002,桃活动困难三星条件1,
10202041,mission_threestar_10202041,0,0,受击不超过12次,4,12,0,0,0,0,"10202041,0,12",0,0,0,,,0,1010002,桃活动困难三星条件1,
10202051,mission_threestar_10202051,0,0,受击不超过12次,4,12,0,0,0,0,"10202051,0,12",0,0,0,,,0,1010002,桃活动困难三星条件1,
10202061,mission_threestar_10202061,0,0,受击不超过12次,4,12,0,0,0,0,"10202061,0,12",0,0,0,,,0,1010002,桃活动困难三星条件1,
10202071,mission_threestar_10202071,0,0,受击不超过12次,4,12,0,0,0,0,"10202071,0,12",0,0,0,,,0,1010002,桃活动困难三星条件1,
10202081,mission_threestar_10202081,0,0,受击不超过12次,4,12,0,0,0,0,"10202081,0,12",0,0,0,,,0,1010002,桃活动困难三星条件1,
10202091,mission_threestar_10202091,0,0,受击不超过12次,4,12,0,0,0,0,"10202091,0,12",0,0,0,,,0,1010002,桃活动困难三星条件1,
10202101,mission_threestar_10202101,0,0,受击不超过12次,4,12,0,0,0,0,"10202101,0,12",0,0,0,,,0,1010002,桃活动困难三星条件1,
10202111,mission_threestar_10202111,0,0,受击不超过12次,4,12,0,0,0,0,"10202111,0,12",0,0,0,,,0,1010002,桃活动困难三星条件1,
10202121,mission_threestar_10202121,0,0,受击不超过12次,4,12,0,0,0,0,"10202121,0,12",0,0,0,,,0,1010002,桃活动困难三星条件1,
10202131,mission_threestar_10202131,0,0,受击不超过12次,4,12,0,0,0,0,"10202131,0,12",0,0,0,,,0,1010002,桃活动困难三星条件1,
10202141,mission_threestar_10202141,0,0,受击不超过12次,4,12,0,0,0,0,"10202141,0,12",0,0,0,,,0,1010002,桃活动困难三星条件1,
10202151,mission_threestar_10202151,0,0,受击不超过12次,4,12,0,0,0,0,"10202151,0,12",0,0,0,,,0,1010002,桃活动困难三星条件1,
10202161,mission_threestar_10202161,0,0,受击不超过12次,4,12,0,0,0,0,"10202161,0,12",0,0,0,,,0,1010002,桃活动困难三星条件1,
10202171,mission_threestar_10202171,0,0,受击不超过12次,4,12,0,0,0,0,"10202171,0,12",0,0,0,,,0,1010002,桃活动困难三星条件1,
10202181,mission_threestar_10202181,0,0,受击不超过12次,4,12,0,0,0,0,"10202181,0,12",0,0,0,,,0,1010002,桃活动困难三星条件1,
10202191,mission_threestar_10202191,0,0,受击不超过12次,4,12,0,0,0,0,"10202191,0,12",0,0,0,,,0,1010002,桃活动困难三星条件1,
10202201,mission_threestar_10202201,0,0,受击不超过12次,4,12,0,0,0,0,"10202201,0,12",0,0,0,,,0,1010002,桃活动困难三星条件1,
10202012,mission_threestar_10202012,0,0,600时序内通关,4,12,0,0,0,0,"10202012,0,600",0,0,0,,,0,1010000,桃活动困难三星条件2,
10202022,mission_threestar_10202022,0,0,600时序内通关,4,12,0,0,0,0,"10202022,0,600",0,0,0,,,0,1010000,桃活动困难三星条件2,
10202032,mission_threestar_10202032,0,0,600时序内通关,4,12,0,0,0,0,"10202032,0,600",0,0,0,,,0,1010000,桃活动困难三星条件2,
10202042,mission_threestar_10202042,0,0,600时序内通关,4,12,0,0,0,0,"10202042,0,600",0,0,0,,,0,1010000,桃活动困难三星条件2,
10202052,mission_threestar_10202052,0,0,600时序内通关,4,12,0,0,0,0,"10202052,0,600",0,0,0,,,0,1010000,桃活动困难三星条件2,
10202062,mission_threestar_10202062,0,0,600时序内通关,4,12,0,0,0,0,"10202062,0,600",0,0,0,,,0,1010000,桃活动困难三星条件2,
10202072,mission_threestar_10202072,0,0,600时序内通关,4,12,0,0,0,0,"10202072,0,600",0,0,0,,,0,1010000,桃活动困难三星条件2,
10202082,mission_threestar_10202082,0,0,600时序内通关,4,12,0,0,0,0,"10202082,0,600",0,0,0,,,0,1010000,桃活动困难三星条件2,
10202092,mission_threestar_10202092,0,0,600时序内通关,4,12,0,0,0,0,"10202092,0,600",0,0,0,,,0,1010000,桃活动困难三星条件2,
10202102,mission_threestar_10202102,0,0,600时序内通关,4,12,0,0,0,0,"10202102,0,600",0,0,0,,,0,1010000,桃活动困难三星条件2,
10202112,mission_threestar_10202112,0,0,600时序内通关,4,12,0,0,0,0,"10202112,0,600",0,0,0,,,0,1010000,桃活动困难三星条件2,
10202122,mission_threestar_10202122,0,0,600时序内通关,4,12,0,0,0,0,"10202122,0,600",0,0,0,,,0,1010000,桃活动困难三星条件2,
10202132,mission_threestar_10202132,0,0,600时序内通关,4,12,0,0,0,0,"10202132,0,600",0,0,0,,,0,1010000,桃活动困难三星条件2,
10202142,mission_threestar_10202142,0,0,600时序内通关,4,12,0,0,0,0,"10202142,0,600",0,0,0,,,0,1010000,桃活动困难三星条件2,
10202152,mission_threestar_10202152,0,0,600时序内通关,4,12,0,0,0,0,"10202152,0,600",0,0,0,,,0,1010000,桃活动困难三星条件2,
10202162,mission_threestar_10202162,0,0,600时序内通关,4,12,0,0,0,0,"10202162,0,600",0,0,0,,,0,1010000,桃活动困难三星条件2,
10202172,mission_threestar_10202172,0,0,600时序内通关,4,12,0,0,0,0,"10202172,0,600",0,0,0,,,0,1010000,桃活动困难三星条件2,
10202182,mission_threestar_10202182,0,0,600时序内通关,4,12,0,0,0,0,"10202182,0,600",0,0,0,,,0,1010000,桃活动困难三星条件2,
10202192,mission_threestar_10202192,0,0,600时序内通关,4,12,0,0,0,0,"10202192,0,600",0,0,0,,,0,1010000,桃活动困难三星条件2,
10202202,mission_threestar_10202202,0,0,600时序内通关,4,12,0,0,0,0,"10202202,0,600",0,0,0,,,0,1010000,桃活动困难三星条件2,
10202013,mission_threestar_10202013,0,0,无人死亡,4,12,0,0,0,0,"10202013,0,0",0,0,0,,,0,1010000,桃活动困难三星条件3,
10202023,mission_threestar_10202023,0,0,无人死亡,4,12,0,0,0,0,"10202023,0,0",0,0,0,,,0,1010000,桃活动困难三星条件3,
10202033,mission_threestar_10202033,0,0,无人死亡,4,12,0,0,0,0,"10202033,0,0",0,0,0,,,0,1010000,桃活动困难三星条件3,
10202043,mission_threestar_10202043,0,0,无人死亡,4,12,0,0,0,0,"10202043,0,0",0,0,0,,,0,1010000,桃活动困难三星条件3,
10202053,mission_threestar_10202053,0,0,无人死亡,4,12,0,0,0,0,"10202053,0,0",0,0,0,,,0,1010000,桃活动困难三星条件3,
10202063,mission_threestar_10202063,0,0,无人死亡,4,12,0,0,0,0,"10202063,0,0",0,0,0,,,0,1010000,桃活动困难三星条件3,
10202073,mission_threestar_10202073,0,0,无人死亡,4,12,0,0,0,0,"10202073,0,0",0,0,0,,,0,1010000,桃活动困难三星条件3,
10202083,mission_threestar_10202083,0,0,无人死亡,4,12,0,0,0,0,"10202083,0,0",0,0,0,,,0,1010000,桃活动困难三星条件3,
10202093,mission_threestar_10202093,0,0,无人死亡,4,12,0,0,0,0,"10202093,0,0",0,0,0,,,0,1010000,桃活动困难三星条件3,
10202103,mission_threestar_10202103,0,0,无人死亡,4,12,0,0,0,0,"10202103,0,0",0,0,0,,,0,1010000,桃活动困难三星条件3,
10202113,mission_threestar_10202113,0,0,无人死亡,4,12,0,0,0,0,"10202113,0,0",0,0,0,,,0,1010000,桃活动困难三星条件3,
10202123,mission_threestar_10202123,0,0,无人死亡,4,12,0,0,0,0,"10202123,0,0",0,0,0,,,0,1010000,桃活动困难三星条件3,
10202133,mission_threestar_10202133,0,0,无人死亡,4,12,0,0,0,0,"10202133,0,0",0,0,0,,,0,1010000,桃活动困难三星条件3,
10202143,mission_threestar_10202143,0,0,无人死亡,4,12,0,0,0,0,"10202143,0,0",0,0,0,,,0,1010000,桃活动困难三星条件3,
10202153,mission_threestar_10202153,0,0,无人死亡,4,12,0,0,0,0,"10202153,0,0",0,0,0,,,0,1010000,桃活动困难三星条件3,
10202163,mission_threestar_10202163,0,0,无人死亡,4,12,0,0,0,0,"10202163,0,0",0,0,0,,,0,1010000,桃活动困难三星条件3,
10202173,mission_threestar_10202173,0,0,无人死亡,4,12,0,0,0,0,"10202173,0,0",0,0,0,,,0,1010000,桃活动困难三星条件3,
10202183,mission_threestar_10202183,0,0,无人死亡,4,12,0,0,0,0,"10202183,0,0",0,0,0,,,0,1010000,桃活动困难三星条件3,
10202193,mission_threestar_10202193,0,0,无人死亡,4,12,0,0,0,0,"10202193,0,0",0,0,0,,,0,1010000,桃活动困难三星条件3,
10202203,mission_threestar_10202203,0,0,无人死亡,4,12,0,0,0,0,"10202203,0,0",0,0,0,,,0,1010000,桃活动困难三星条件3,
10202014,0,0,0,三星任务奖励,4,13,0,0,0,0,"10202014,1,1",0,0,10202011,,,0,1010000,桃活动困难三星任务奖励,
10202024,0,0,0,三星任务奖励,4,13,0,0,0,0,"10202024,1,1",0,0,10202021,,,0,1010000,桃活动困难三星任务奖励,
10202034,0,0,0,三星任务奖励,4,13,0,0,0,0,"10202034,1,1",0,0,10202031,,,0,1010000,桃活动困难三星任务奖励,
10202044,0,0,0,三星任务奖励,4,13,0,0,0,0,"10202044,1,1",0,0,10202041,,,0,1010000,桃活动困难三星任务奖励,
10202054,0,0,0,三星任务奖励,4,13,0,0,0,0,"10202054,1,1",0,0,10202051,,,0,1010000,桃活动困难三星任务奖励,
10202064,0,0,0,三星任务奖励,4,13,0,0,0,0,"10202064,1,1",0,0,10202061,,,0,1010000,桃活动困难三星任务奖励,
10202074,0,0,0,三星任务奖励,4,13,0,0,0,0,"10202074,1,1",0,0,10202071,,,0,1010000,桃活动困难三星任务奖励,
10202084,0,0,0,三星任务奖励,4,13,0,0,0,0,"10202084,1,1",0,0,10202081,,,0,1010000,桃活动困难三星任务奖励,
10202094,0,0,0,三星任务奖励,4,13,0,0,0,0,"10202094,1,1",0,0,10202091,,,0,1010000,桃活动困难三星任务奖励,
10202104,0,0,0,三星任务奖励,4,13,0,0,0,0,"10202104,1,1",0,0,10202101,,,0,1010000,桃活动困难三星任务奖励,
10202114,0,0,0,三星任务奖励,4,13,0,0,0,0,"10202114,1,1",0,0,10202111,,,0,1010000,桃活动困难三星任务奖励,
10202124,0,0,0,三星任务奖励,4,13,0,0,0,0,"10202124,1,1",0,0,10202121,,,0,1010000,桃活动困难三星任务奖励,
10202134,0,0,0,三星任务奖励,4,13,0,0,0,0,"10202134,1,1",0,0,10202131,,,0,1010000,桃活动困难三星任务奖励,
10202144,0,0,0,三星任务奖励,4,13,0,0,0,0,"10202144,1,1",0,0,10202141,,,0,1010000,桃活动困难三星任务奖励,
10202154,0,0,0,三星任务奖励,4,13,0,0,0,0,"10202154,1,1",0,0,10202151,,,0,1010000,桃活动困难三星任务奖励,
10202164,0,0,0,三星任务奖励,4,13,0,0,0,0,"10202164,1,1",0,0,10202161,,,0,1010000,桃活动困难三星任务奖励,
10202174,0,0,0,三星任务奖励,4,13,0,0,0,0,"10202174,1,1",0,0,10202171,,,0,1010000,桃活动困难三星任务奖励,
10202184,0,0,0,三星任务奖励,4,13,0,0,0,0,"10202184,1,1",0,0,10202181,,,0,1010000,桃活动困难三星任务奖励,
10202194,0,0,0,三星任务奖励,4,13,0,0,0,0,"10202194,1,1",0,0,10202191,,,0,1010000,桃活动困难三星任务奖励,
10202204,0,0,0,三星任务奖励,4,13,0,0,0,0,"10202204,1,1",0,0,10202201,,,0,1010000,桃活动困难三星任务奖励,
10401021,mission_threestar_10400001,0,0,受击不超过12次,4,12,0,0,0,0,"10401021,0,12",0,0,0,,,0,1040002,,
10401051,mission_threestar_10400001,0,0,受击不超过12次,4,12,0,0,0,0,"10401051,0,12",0,0,0,,,0,1040002,,
10401091,mission_threestar_10400001,0,0,受击不超过12次,4,12,0,0,0,0,"10401091,0,12",0,0,0,,,0,1040002,,
10401111,mission_threestar_10400001,0,0,受击不超过12次,4,12,0,0,0,0,"10401111,0,12",0,0,0,,,0,1040002,,
10401121,mission_threestar_10400001,0,0,受击不超过12次,4,12,0,0,0,0,"10401121,0,12",0,0,0,,,0,1040002,,
10401131,mission_threestar_10400001,0,0,受击不超过12次,4,12,0,0,0,0,"10401131,0,12",0,0,0,,,0,1040002,,
10401141,mission_threestar_10400001,0,0,受击不超过12次,4,12,0,0,0,0,"10401141,0,12",0,0,0,,,0,1040002,,
10401151,mission_threestar_10400001,0,0,受击不超过12次,4,12,0,0,0,0,"10401151,0,12",0,0,0,,,0,1040002,,
10401161,mission_threestar_10400001,0,0,受击不超过12次,4,12,0,0,0,0,"10401161,0,12",0,0,0,,,0,1040002,,
10401171,mission_threestar_10400001,0,0,受击不超过12次,4,12,0,0,0,0,"10401171,0,12",0,0,0,,,0,1040002,,
10401181,mission_threestar_10400001,0,0,受击不超过12次,4,12,0,0,0,0,"10401181,0,12",0,0,0,,,0,1040002,,
10401191,mission_threestar_10400001,0,0,受击不超过12次,4,12,0,0,0,0,"10401191,0,12",0,0,0,,,0,1040002,,
10402021,mission_threestar_10400001,0,0,受击不超过12次,4,12,0,0,0,0,"10402021,0,12",0,0,0,,,0,1040002,,
10402051,mission_threestar_10400001,0,0,受击不超过12次,4,12,0,0,0,0,"10402051,0,12",0,0,0,,,0,1040002,,
10402061,mission_threestar_10400001,0,0,受击不超过12次,4,12,0,0,0,0,"10402061,0,12",0,0,0,,,0,1040002,,
10402111,mission_threestar_10400001,0,0,受击不超过12次,4,12,0,0,0,0,"10402111,0,12",0,0,0,,,0,1040002,,
10402121,mission_threestar_10400001,0,0,受击不超过12次,4,12,0,0,0,0,"10402121,0,12",0,0,0,,,0,1040002,,
10402131,mission_threestar_10400001,0,0,受击不超过12次,4,12,0,0,0,0,"10402131,0,12",0,0,0,,,0,1040002,,
10402141,mission_threestar_10400001,0,0,受击不超过12次,4,12,0,0,0,0,"10402141,0,12",0,0,0,,,0,1040002,,
10402151,mission_threestar_10400001,0,0,受击不超过12次,4,12,0,0,0,0,"10402151,0,12",0,0,0,,,0,1040002,,
10402161,mission_threestar_10400001,0,0,受击不超过12次,4,12,0,0,0,0,"10402161,0,12",0,0,0,,,0,1040002,,
10402171,mission_threestar_10400001,0,0,受击不超过12次,4,12,0,0,0,0,"10402171,0,12",0,0,0,,,0,1040002,,
10402181,mission_threestar_10400001,0,0,受击不超过12次,4,12,0,0,0,0,"10402181,0,12",0,0,0,,,0,1040002,,
10401022,mission_threestar_10400002,0,0,600时序内通关,4,12,0,0,0,0,"10401022,0,600",0,0,0,,,0,1040000,,
10401052,mission_threestar_10400002,0,0,600时序内通关,4,12,0,0,0,0,"10401052,0,600",0,0,0,,,0,1040000,,
10401092,mission_threestar_10400002,0,0,600时序内通关,4,12,0,0,0,0,"10401092,0,600",0,0,0,,,0,1040000,,
10401112,mission_threestar_10400002,0,0,600时序内通关,4,12,0,0,0,0,"10401112,0,600",0,0,0,,,0,1040000,,
10401122,mission_threestar_10400002,0,0,600时序内通关,4,12,0,0,0,0,"10401122,0,600",0,0,0,,,0,1040000,,
10401132,mission_threestar_10400002,0,0,600时序内通关,4,12,0,0,0,0,"10401132,0,600",0,0,0,,,0,1040000,,
10401142,mission_threestar_10400002,0,0,600时序内通关,4,12,0,0,0,0,"10401142,0,600",0,0,0,,,0,1040000,,
10401152,mission_threestar_10400002,0,0,600时序内通关,4,12,0,0,0,0,"10401152,0,600",0,0,0,,,0,1040000,,
10401162,mission_threestar_10400002,0,0,600时序内通关,4,12,0,0,0,0,"10401162,0,600",0,0,0,,,0,1040000,,
10401172,mission_threestar_10400002,0,0,600时序内通关,4,12,0,0,0,0,"10401172,0,600",0,0,0,,,0,1040000,,
10401182,mission_threestar_10400002,0,0,600时序内通关,4,12,0,0,0,0,"10401182,0,600",0,0,0,,,0,1040000,,
10401192,mission_threestar_10400002,0,0,600时序内通关,4,12,0,0,0,0,"10401192,0,600",0,0,0,,,0,1040000,,
10402022,mission_threestar_10400002,0,0,600时序内通关,4,12,0,0,0,0,"10402022,0,600",0,0,0,,,0,1040000,,
10402052,mission_threestar_10400002,0,0,600时序内通关,4,12,0,0,0,0,"10402052,0,600",0,0,0,,,0,1040000,,
10402062,mission_threestar_10400002,0,0,600时序内通关,4,12,0,0,0,0,"10402062,0,600",0,0,0,,,0,1040000,,
10402112,mission_threestar_10400002,0,0,600时序内通关,4,12,0,0,0,0,"10402112,0,600",0,0,0,,,0,1040000,,
10402122,mission_threestar_10400002,0,0,600时序内通关,4,12,0,0,0,0,"10402122,0,600",0,0,0,,,0,1040000,,
10402132,mission_threestar_10400002,0,0,600时序内通关,4,12,0,0,0,0,"10402132,0,600",0,0,0,,,0,1040000,,
10402142,mission_threestar_10400002,0,0,600时序内通关,4,12,0,0,0,0,"10402142,0,600",0,0,0,,,0,1040000,,
10402152,mission_threestar_10400002,0,0,600时序内通关,4,12,0,0,0,0,"10402152,0,600",0,0,0,,,0,1040000,,
10402162,mission_threestar_10400002,0,0,600时序内通关,4,12,0,0,0,0,"10402162,0,600",0,0,0,,,0,1040000,,
10402172,mission_threestar_10400002,0,0,600时序内通关,4,12,0,0,0,0,"10402172,0,600",0,0,0,,,0,1040000,,
10402182,mission_threestar_10400002,0,0,600时序内通关,4,12,0,0,0,0,"10402182,0,600",0,0,0,,,0,1040000,,
10401023,mission_threestar_10400003,0,0,无人死亡,4,12,0,0,0,0,"10401023,0,0",0,0,0,,,0,1040000,,
10401053,mission_threestar_10400003,0,0,无人死亡,4,12,0,0,0,0,"10401053,0,0",0,0,0,,,0,1040000,,
10401093,mission_threestar_10400003,0,0,无人死亡,4,12,0,0,0,0,"10401093,0,0",0,0,0,,,0,1040000,,
10401113,mission_threestar_10400003,0,0,无人死亡,4,12,0,0,0,0,"10401113,0,0",0,0,0,,,0,1040000,,
10401123,mission_threestar_10400003,0,0,无人死亡,4,12,0,0,0,0,"10401123,0,0",0,0,0,,,0,1040000,,
10401133,mission_threestar_10400003,0,0,无人死亡,4,12,0,0,0,0,"10401133,0,0",0,0,0,,,0,1040000,,
10401143,mission_threestar_10400003,0,0,无人死亡,4,12,0,0,0,0,"10401143,0,0",0,0,0,,,0,1040000,,
10401153,mission_threestar_10400003,0,0,无人死亡,4,12,0,0,0,0,"10401153,0,0",0,0,0,,,0,1040000,,
10401163,mission_threestar_10400003,0,0,无人死亡,4,12,0,0,0,0,"10401163,0,0",0,0,0,,,0,1040000,,
10401173,mission_threestar_10400003,0,0,无人死亡,4,12,0,0,0,0,"10401173,0,0",0,0,0,,,0,1040000,,
10401183,mission_threestar_10400003,0,0,无人死亡,4,12,0,0,0,0,"10401183,0,0",0,0,0,,,0,1040000,,
10401193,mission_threestar_10400003,0,0,无人死亡,4,12,0,0,0,0,"10401193,0,0",0,0,0,,,0,1040000,,
10402023,mission_threestar_10400003,0,0,无人死亡,4,12,0,0,0,0,"10402023,0,0",0,0,0,,,0,1040000,,
10402053,mission_threestar_10400003,0,0,无人死亡,4,12,0,0,0,0,"10402053,0,0",0,0,0,,,0,1040000,,
10402063,mission_threestar_10400003,0,0,无人死亡,4,12,0,0,0,0,"10402063,0,0",0,0,0,,,0,1040000,,
10402113,mission_threestar_10400003,0,0,无人死亡,4,12,0,0,0,0,"10402113,0,0",0,0,0,,,0,1040000,,
10402123,mission_threestar_10400003,0,0,无人死亡,4,12,0,0,0,0,"10402123,0,0",0,0,0,,,0,1040000,,
10402133,mission_threestar_10400003,0,0,无人死亡,4,12,0,0,0,0,"10402133,0,0",0,0,0,,,0,1040000,,
10402143,mission_threestar_10400003,0,0,无人死亡,4,12,0,0,0,0,"10402143,0,0",0,0,0,,,0,1040000,,
10402153,mission_threestar_10400003,0,0,无人死亡,4,12,0,0,0,0,"10402153,0,0",0,0,0,,,0,1040000,,
10402163,mission_threestar_10400003,0,0,无人死亡,4,12,0,0,0,0,"10402163,0,0",0,0,0,,,0,1040000,,
10402173,mission_threestar_10400003,0,0,无人死亡,4,12,0,0,0,0,"10402173,0,0",0,0,0,,,0,1040000,,
10402183,mission_threestar_10400003,0,0,无人死亡,4,12,0,0,0,0,"10402183,0,0",0,0,0,,,0,1040000,,
10401024,0,0,0,三星任务奖励,4,13,0,0,0,0,"10401024,1,1",0,0,10401024,,,0,1040001,大波斯菊三星任务,
10401054,0,0,0,三星任务奖励,4,13,0,0,0,0,"10401054,1,1",0,0,10401054,,,0,1040001,大波斯菊三星任务,
10401094,0,0,0,三星任务奖励,4,13,0,0,0,0,"10401094,1,1",0,0,10401094,,,0,1040001,大波斯菊三星任务,
10401114,0,0,0,三星任务奖励,4,13,0,0,0,0,"10401114,1,1",0,0,10401114,,,0,1040001,大波斯菊三星任务,
10401124,0,0,0,三星任务奖励,4,13,0,0,0,0,"10401124,1,1",0,0,10401124,,,0,1040001,大波斯菊三星任务,
10401134,0,0,0,三星任务奖励,4,13,0,0,0,0,"10401134,1,1",0,0,10401134,,,0,1040001,大波斯菊三星任务,
10401144,0,0,0,三星任务奖励,4,13,0,0,0,0,"10401144,1,1",0,0,10401144,,,0,1040001,大波斯菊三星任务,
10401154,0,0,0,三星任务奖励,4,13,0,0,0,0,"10401154,1,1",0,0,10401154,,,0,1040001,大波斯菊三星任务,
10401164,0,0,0,三星任务奖励,4,13,0,0,0,0,"10401164,1,1",0,0,10401164,,,0,1040001,大波斯菊三星任务,
10401174,0,0,0,三星任务奖励,4,13,0,0,0,0,"10401174,1,1",0,0,10401174,,,0,1040001,大波斯菊三星任务,
10401184,0,0,0,三星任务奖励,4,13,0,0,0,0,"10401184,1,1",0,0,10401184,,,0,1040001,大波斯菊三星任务,
10401194,0,0,0,三星任务奖励,4,13,0,0,0,0,"10401194,1,1",0,0,10401194,,,0,1040001,大波斯菊三星任务,
10402024,0,0,0,三星任务奖励,4,13,0,0,0,0,"10402024,1,1",0,0,10402024,,,0,1040001,大波斯菊三星任务,
10402054,0,0,0,三星任务奖励,4,13,0,0,0,0,"10402054,1,1",0,0,10402054,,,0,1040001,大波斯菊三星任务,
10402064,0,0,0,三星任务奖励,4,13,0,0,0,0,"10402064,1,1",0,0,10402064,,,0,1040001,大波斯菊三星任务,
10402114,0,0,0,三星任务奖励,4,13,0,0,0,0,"10402114,1,1",0,0,10402114,,,0,1040001,大波斯菊三星任务,
10402124,0,0,0,三星任务奖励,4,13,0,0,0,0,"10402124,1,1",0,0,10402124,,,0,1040001,大波斯菊三星任务,
10402134,0,0,0,三星任务奖励,4,13,0,0,0,0,"10402134,1,1",0,0,10402134,,,0,1040001,大波斯菊三星任务,
10402144,0,0,0,三星任务奖励,4,13,0,0,0,0,"10402144,1,1",0,0,10402144,,,0,1040001,大波斯菊三星任务,
10402154,0,0,0,三星任务奖励,4,13,0,0,0,0,"10402154,1,1",0,0,10402154,,,0,1040001,大波斯菊三星任务,
10402164,0,0,0,三星任务奖励,4,13,0,0,0,0,"10402164,1,1",0,0,10402164,,,0,1040001,大波斯菊三星任务,
10402174,0,0,0,三星任务奖励,4,13,0,0,0,0,"10402174,1,1",0,0,10402174,,,0,1040001,大波斯菊三星任务,
10402184,0,0,0,三星任务奖励,4,13,0,0,0,0,"10402184,1,1",0,0,10402184,,,0,1040001,大波斯菊三星任务,
10301011,mission_threestar_10300001,0,0,受击不超过12次,4,12,0,0,0,0,"10301011,0,12",0,0,0,,,0,1030002,昔莱活动关卡,
10301021,mission_threestar_10300001,0,0,受击不超过12次,4,12,0,0,0,0,"10301021,0,12",0,0,0,,,0,1030002,昔莱活动关卡,
10301031,mission_threestar_10300001,0,0,受击不超过12次,4,12,0,0,0,0,"10301031,0,12",0,0,0,,,0,1030002,昔莱活动关卡,
10301041,mission_threestar_10300001,0,0,受击不超过12次,4,12,0,0,0,0,"10301041,0,12",0,0,0,,,0,1030002,昔莱活动关卡,
10301051,mission_threestar_10300001,0,0,受击不超过12次,4,12,0,0,0,0,"10301051,0,12",0,0,0,,,0,1030002,昔莱活动关卡,
10301061,mission_threestar_10300001,0,0,受击不超过12次,4,12,0,0,0,0,"10301061,0,12",0,0,0,,,0,1030002,昔莱活动关卡,
10301071,mission_threestar_10300001,0,0,受击不超过12次,4,12,0,0,0,0,"10301071,0,12",0,0,0,,,0,1030002,昔莱活动关卡,
10301081,mission_threestar_10300001,0,0,受击不超过12次,4,12,0,0,0,0,"10301081,0,12",0,0,0,,,0,1030002,昔莱活动关卡,
10301091,mission_threestar_10300001,0,0,受击不超过12次,4,12,0,0,0,0,"10301091,0,12",0,0,0,,,0,1030002,昔莱活动关卡,
10301101,mission_threestar_10300001,0,0,受击不超过12次,4,12,0,0,0,0,"10301101,0,12",0,0,0,,,0,1030002,昔莱活动关卡,
10301111,mission_threestar_10300001,0,0,受击不超过12次,4,12,0,0,0,0,"10301111,0,12",0,0,0,,,0,1030002,昔莱活动关卡,
10301121,mission_threestar_10300001,0,0,受击不超过12次,4,12,0,0,0,0,"10301121,0,12",0,0,0,,,0,1030002,昔莱活动关卡,
10301131,mission_threestar_10300001,0,0,受击不超过12次,4,12,0,0,0,0,"10301131,0,12",0,0,0,,,0,1030002,昔莱活动关卡,
10301141,mission_threestar_10300001,0,0,受击不超过12次,4,12,0,0,0,0,"10301141,0,12",0,0,0,,,0,1030002,昔莱活动关卡,
10301151,mission_threestar_10300001,0,0,受击不超过12次,4,12,0,0,0,0,"10301151,0,12",0,0,0,,,0,1030002,昔莱活动关卡,
10301161,mission_threestar_10300001,0,0,受击不超过12次,4,12,0,0,0,0,"10301161,0,12",0,0,0,,,0,1030002,昔莱活动关卡,
10301171,mission_threestar_10300001,0,0,受击不超过12次,4,12,0,0,0,0,"10301171,0,12",0,0,0,,,0,1030002,昔莱活动关卡,
10301181,mission_threestar_10300001,0,0,受击不超过12次,4,12,0,0,0,0,"10301181,0,12",0,0,0,,,0,1030002,昔莱活动关卡,
10301191,mission_threestar_10300001,0,0,受击不超过12次,4,12,0,0,0,0,"10301191,0,12",0,0,0,,,0,1030002,昔莱活动关卡,
10301201,mission_threestar_10300001,0,0,受击不超过12次,4,12,0,0,0,0,"10301201,0,12",0,0,0,,,0,1030002,昔莱活动关卡,
10301211,mission_threestar_10300001,0,0,受击不超过12次,4,12,0,0,0,0,"10301211,0,12",0,0,0,,,0,1030002,昔莱活动关卡,
10301221,mission_threestar_10300001,0,0,受击不超过12次,4,12,0,0,0,0,"10301221,0,12",0,0,0,,,0,1030002,昔莱活动关卡,
10301231,mission_threestar_10300001,0,0,受击不超过12次,4,12,0,0,0,0,"10301231,0,12",0,0,0,,,0,1030002,昔莱活动关卡,
10301241,mission_threestar_10300001,0,0,受击不超过12次,4,12,0,0,0,0,"10301241,0,12",0,0,0,,,0,1030002,昔莱活动关卡,
10301251,mission_threestar_10300001,0,0,受击不超过12次,4,12,0,0,0,0,"10301251,0,12",0,0,0,,,0,1030002,昔莱活动关卡,
10301261,mission_threestar_10300001,0,0,受击不超过12次,4,12,0,0,0,0,"10301261,0,12",0,0,0,,,0,1030002,昔莱活动关卡,
10301271,mission_threestar_10300001,0,0,受击不超过12次,4,12,0,0,0,0,"10301271,0,12",0,0,0,,,0,1030002,昔莱活动关卡,
10301281,mission_threestar_10300001,0,0,受击不超过12次,4,12,0,0,0,0,"10301281,0,12",0,0,0,,,0,1030002,昔莱活动关卡,
10301291,mission_threestar_10300001,0,0,受击不超过12次,4,12,0,0,0,0,"10301291,0,12",0,0,0,,,0,1030002,昔莱活动关卡,
10301301,mission_threestar_10300001,0,0,受击不超过12次,4,12,0,0,0,0,"10301301,0,12",0,0,0,,,0,1030002,昔莱活动关卡,
10301012,mission_threestar_10300002,0,0,600时序内通关,4,12,0,0,0,0,"10301012,0,600",0,0,0,,,0,1030000,昔莱活动关卡,
10301022,mission_threestar_10300002,0,0,600时序内通关,4,12,0,0,0,0,"10301022,0,600",0,0,0,,,0,1030000,昔莱活动关卡,
10301032,mission_threestar_10300002,0,0,600时序内通关,4,12,0,0,0,0,"10301032,0,600",0,0,0,,,0,1030000,昔莱活动关卡,
10301042,mission_threestar_10300002,0,0,600时序内通关,4,12,0,0,0,0,"10301042,0,600",0,0,0,,,0,1030000,昔莱活动关卡,
10301052,mission_threestar_10300002,0,0,600时序内通关,4,12,0,0,0,0,"10301052,0,600",0,0,0,,,0,1030000,昔莱活动关卡,
10301062,mission_threestar_10300002,0,0,600时序内通关,4,12,0,0,0,0,"10301062,0,600",0,0,0,,,0,1030000,昔莱活动关卡,
10301072,mission_threestar_10300002,0,0,600时序内通关,4,12,0,0,0,0,"10301072,0,600",0,0,0,,,0,1030000,昔莱活动关卡,
10301082,mission_threestar_10300002,0,0,600时序内通关,4,12,0,0,0,0,"10301082,0,600",0,0,0,,,0,1030000,昔莱活动关卡,
10301092,mission_threestar_10300002,0,0,600时序内通关,4,12,0,0,0,0,"10301092,0,600",0,0,0,,,0,1030000,昔莱活动关卡,
10301102,mission_threestar_10300002,0,0,600时序内通关,4,12,0,0,0,0,"10301102,0,600",0,0,0,,,0,1030000,昔莱活动关卡,
10301112,mission_threestar_10300002,0,0,600时序内通关,4,12,0,0,0,0,"10301112,0,600",0,0,0,,,0,1030000,昔莱活动关卡,
10301122,mission_threestar_10300002,0,0,600时序内通关,4,12,0,0,0,0,"10301122,0,600",0,0,0,,,0,1030000,昔莱活动关卡,
10301132,mission_threestar_10300002,0,0,600时序内通关,4,12,0,0,0,0,"10301132,0,600",0,0,0,,,0,1030000,昔莱活动关卡,
10301142,mission_threestar_10300002,0,0,600时序内通关,4,12,0,0,0,0,"10301142,0,600",0,0,0,,,0,1030000,昔莱活动关卡,
10301152,mission_threestar_10300002,0,0,600时序内通关,4,12,0,0,0,0,"10301152,0,600",0,0,0,,,0,1030000,昔莱活动关卡,
10301162,mission_threestar_10300002,0,0,600时序内通关,4,12,0,0,0,0,"10301162,0,600",0,0,0,,,0,1030000,昔莱活动关卡,
10301172,mission_threestar_10300002,0,0,600时序内通关,4,12,0,0,0,0,"10301172,0,600",0,0,0,,,0,1030000,昔莱活动关卡,
10301182,mission_threestar_10300002,0,0,600时序内通关,4,12,0,0,0,0,"10301182,0,600",0,0,0,,,0,1030000,昔莱活动关卡,
10301192,mission_threestar_10300002,0,0,600时序内通关,4,12,0,0,0,0,"10301192,0,600",0,0,0,,,0,1030000,昔莱活动关卡,
10301202,mission_threestar_10300002,0,0,600时序内通关,4,12,0,0,0,0,"10301202,0,600",0,0,0,,,0,1030000,昔莱活动关卡,
10301212,mission_threestar_10300002,0,0,600时序内通关,4,12,0,0,0,0,"10301212,0,600",0,0,0,,,0,1030000,昔莱活动关卡,
10301222,mission_threestar_10300002,0,0,600时序内通关,4,12,0,0,0,0,"10301222,0,600",0,0,0,,,0,1030000,昔莱活动关卡,
10301232,mission_threestar_10300002,0,0,600时序内通关,4,12,0,0,0,0,"10301232,0,600",0,0,0,,,0,1030000,昔莱活动关卡,
10301242,mission_threestar_10300002,0,0,600时序内通关,4,12,0,0,0,0,"10301242,0,600",0,0,0,,,0,1030000,昔莱活动关卡,
10301252,mission_threestar_10300002,0,0,600时序内通关,4,12,0,0,0,0,"10301252,0,600",0,0,0,,,0,1030000,昔莱活动关卡,
10301262,mission_threestar_10300002,0,0,600时序内通关,4,12,0,0,0,0,"10301262,0,600",0,0,0,,,0,1030000,昔莱活动关卡,
10301272,mission_threestar_10300002,0,0,600时序内通关,4,12,0,0,0,0,"10301272,0,600",0,0,0,,,0,1030000,昔莱活动关卡,
10301282,mission_threestar_10300002,0,0,600时序内通关,4,12,0,0,0,0,"10301282,0,600",0,0,0,,,0,1030000,昔莱活动关卡,
10301292,mission_threestar_10300002,0,0,600时序内通关,4,12,0,0,0,0,"10301292,0,600",0,0,0,,,0,1030000,昔莱活动关卡,
10301302,mission_threestar_10300002,0,0,600时序内通关,4,12,0,0,0,0,"10301302,0,600",0,0,0,,,0,1030000,昔莱活动关卡,
10301013,mission_threestar_10300003,0,0,无人死亡,4,12,0,0,0,0,"10301013,0,0",0,0,0,,,0,1030000,昔莱活动关卡,
10301023,mission_threestar_10300003,0,0,无人死亡,4,12,0,0,0,0,"10301023,0,0",0,0,0,,,0,1030000,昔莱活动关卡,
10301033,mission_threestar_10300003,0,0,无人死亡,4,12,0,0,0,0,"10301033,0,0",0,0,0,,,0,1030000,昔莱活动关卡,
10301043,mission_threestar_10300003,0,0,无人死亡,4,12,0,0,0,0,"10301043,0,0",0,0,0,,,0,1030000,昔莱活动关卡,
10301053,mission_threestar_10300003,0,0,无人死亡,4,12,0,0,0,0,"10301053,0,0",0,0,0,,,0,1030000,昔莱活动关卡,
10301063,mission_threestar_10300003,0,0,无人死亡,4,12,0,0,0,0,"10301063,0,0",0,0,0,,,0,1030000,昔莱活动关卡,
10301073,mission_threestar_10300003,0,0,无人死亡,4,12,0,0,0,0,"10301073,0,0",0,0,0,,,0,1030000,昔莱活动关卡,
10301083,mission_threestar_10300003,0,0,无人死亡,4,12,0,0,0,0,"10301083,0,0",0,0,0,,,0,1030000,昔莱活动关卡,
10301093,mission_threestar_10300003,0,0,无人死亡,4,12,0,0,0,0,"10301093,0,0",0,0,0,,,0,1030000,昔莱活动关卡,
10301103,mission_threestar_10300003,0,0,无人死亡,4,12,0,0,0,0,"10301103,0,0",0,0,0,,,0,1030000,昔莱活动关卡,
10301113,mission_threestar_10300003,0,0,无人死亡,4,12,0,0,0,0,"10301113,0,0",0,0,0,,,0,1030000,昔莱活动关卡,
10301123,mission_threestar_10300003,0,0,无人死亡,4,12,0,0,0,0,"10301123,0,0",0,0,0,,,0,1030000,昔莱活动关卡,
10301133,mission_threestar_10300003,0,0,无人死亡,4,12,0,0,0,0,"10301133,0,0",0,0,0,,,0,1030000,昔莱活动关卡,
10301143,mission_threestar_10300003,0,0,无人死亡,4,12,0,0,0,0,"10301143,0,0",0,0,0,,,0,1030000,昔莱活动关卡,
10301153,mission_threestar_10300003,0,0,无人死亡,4,12,0,0,0,0,"10301153,0,0",0,0,0,,,0,1030000,昔莱活动关卡,
10301163,mission_threestar_10300003,0,0,无人死亡,4,12,0,0,0,0,"10301163,0,0",0,0,0,,,0,1030000,昔莱活动关卡,
10301173,mission_threestar_10300003,0,0,无人死亡,4,12,0,0,0,0,"10301173,0,0",0,0,0,,,0,1030000,昔莱活动关卡,
10301183,mission_threestar_10300003,0,0,无人死亡,4,12,0,0,0,0,"10301183,0,0",0,0,0,,,0,1030000,昔莱活动关卡,
10301193,mission_threestar_10300003,0,0,无人死亡,4,12,0,0,0,0,"10301193,0,0",0,0,0,,,0,1030000,昔莱活动关卡,
10301203,mission_threestar_10300003,0,0,无人死亡,4,12,0,0,0,0,"10301203,0,0",0,0,0,,,0,1030000,昔莱活动关卡,
10301213,mission_threestar_10300003,0,0,无人死亡,4,12,0,0,0,0,"10301213,0,0",0,0,0,,,0,1030000,昔莱活动关卡,
10301223,mission_threestar_10300003,0,0,无人死亡,4,12,0,0,0,0,"10301223,0,0",0,0,0,,,0,1030000,昔莱活动关卡,
10301233,mission_threestar_10300003,0,0,无人死亡,4,12,0,0,0,0,"10301233,0,0",0,0,0,,,0,1030000,昔莱活动关卡,
10301243,mission_threestar_10300003,0,0,无人死亡,4,12,0,0,0,0,"10301243,0,0",0,0,0,,,0,1030000,昔莱活动关卡,
10301253,mission_threestar_10300003,0,0,无人死亡,4,12,0,0,0,0,"10301253,0,0",0,0,0,,,0,1030000,昔莱活动关卡,
10301263,mission_threestar_10300003,0,0,无人死亡,4,12,0,0,0,0,"10301263,0,0",0,0,0,,,0,1030000,昔莱活动关卡,
10301273,mission_threestar_10300003,0,0,无人死亡,4,12,0,0,0,0,"10301273,0,0",0,0,0,,,0,1030000,昔莱活动关卡,
10301283,mission_threestar_10300003,0,0,无人死亡,4,12,0,0,0,0,"10301283,0,0",0,0,0,,,0,1030000,昔莱活动关卡,
10301293,mission_threestar_10300003,0,0,无人死亡,4,12,0,0,0,0,"10301293,0,0",0,0,0,,,0,1030000,昔莱活动关卡,
10301303,mission_threestar_10300003,0,0,无人死亡,4,12,0,0,0,0,"10301303,0,0",0,0,0,,,0,1030000,昔莱活动关卡,
10301014,0,0,0,三星任务奖励,4,13,0,0,0,0,"10301014,1,1",0,0,10301014,,,0,1030001,昔莱活动关卡,
10301024,0,0,0,三星任务奖励,4,13,0,0,0,0,"10301024,1,1",0,0,10301024,,,0,1030001,昔莱活动关卡,
10301034,0,0,0,三星任务奖励,4,13,0,0,0,0,"10301034,1,1",0,0,10301034,,,0,1030001,昔莱活动关卡,
10301044,0,0,0,三星任务奖励,4,13,0,0,0,0,"10301044,1,1",0,0,10301044,,,0,1030001,昔莱活动关卡,
10301054,0,0,0,三星任务奖励,4,13,0,0,0,0,"10301054,1,1",0,0,10301054,,,0,1030001,昔莱活动关卡,
10301064,0,0,0,三星任务奖励,4,13,0,0,0,0,"10301064,1,1",0,0,10301064,,,0,1030001,昔莱活动关卡,
10301074,0,0,0,三星任务奖励,4,13,0,0,0,0,"10301074,1,1",0,0,10301074,,,0,1030001,昔莱活动关卡,
10301084,0,0,0,三星任务奖励,4,13,0,0,0,0,"10301084,1,1",0,0,10301084,,,0,1030001,昔莱活动关卡,
10301094,0,0,0,三星任务奖励,4,13,0,0,0,0,"10301094,1,1",0,0,10301094,,,0,1030001,昔莱活动关卡,
10301104,0,0,0,三星任务奖励,4,13,0,0,0,0,"10301104,1,1",0,0,10301104,,,0,1030001,昔莱活动关卡,
10301114,0,0,0,三星任务奖励,4,13,0,0,0,0,"10301114,1,1",0,0,10301114,,,0,1030001,昔莱活动关卡,
10301124,0,0,0,三星任务奖励,4,13,0,0,0,0,"10301124,1,1",0,0,10301124,,,0,1030001,昔莱活动关卡,
10301134,0,0,0,三星任务奖励,4,13,0,0,0,0,"10301134,1,1",0,0,10301134,,,0,1030001,昔莱活动关卡,
10301144,0,0,0,三星任务奖励,4,13,0,0,0,0,"10301144,1,1",0,0,10301144,,,0,1030001,昔莱活动关卡,
10301154,0,0,0,三星任务奖励,4,13,0,0,0,0,"10301154,1,1",0,0,10301154,,,0,1030001,昔莱活动关卡,
10301164,0,0,0,三星任务奖励,4,13,0,0,0,0,"10301164,1,1",0,0,10301164,,,0,1030001,昔莱活动关卡,
10301174,0,0,0,三星任务奖励,4,13,0,0,0,0,"10301174,1,1",0,0,10301174,,,0,1030001,昔莱活动关卡,
10301184,0,0,0,三星任务奖励,4,13,0,0,0,0,"10301184,1,1",0,0,10301184,,,0,1030001,昔莱活动关卡,
10301194,0,0,0,三星任务奖励,4,13,0,0,0,0,"10301194,1,1",0,0,10301194,,,0,1030001,昔莱活动关卡,
10301204,0,0,0,三星任务奖励,4,13,0,0,0,0,"10301204,1,1",0,0,10301204,,,0,1030001,昔莱活动关卡,
10301214,0,0,0,三星任务奖励,4,13,0,0,0,0,"10301214,1,1",0,0,10301214,,,0,1030001,昔莱活动关卡,
10301224,0,0,0,三星任务奖励,4,13,0,0,0,0,"10301224,1,1",0,0,10301224,,,0,1030001,昔莱活动关卡,
10301234,0,0,0,三星任务奖励,4,13,0,0,0,0,"10301234,1,1",0,0,10301234,,,0,1030001,昔莱活动关卡,
10301244,0,0,0,三星任务奖励,4,13,0,0,0,0,"10301244,1,1",0,0,10301244,,,0,1030001,昔莱活动关卡,
10301254,0,0,0,三星任务奖励,4,13,0,0,0,0,"10301254,1,1",0,0,10301254,,,0,1030001,昔莱活动关卡,
10301264,0,0,0,三星任务奖励,4,13,0,0,0,0,"10301264,1,1",0,0,10301264,,,0,1030001,昔莱活动关卡,
10301274,0,0,0,三星任务奖励,4,13,0,0,0,0,"10301274,1,1",0,0,10301274,,,0,1030001,昔莱活动关卡,
10301284,0,0,0,三星任务奖励,4,13,0,0,0,0,"10301284,1,1",0,0,10301284,,,0,1030001,昔莱活动关卡,
10301294,0,0,0,三星任务奖励,4,13,0,0,0,0,"10301294,1,1",0,0,10301294,,,0,1030001,昔莱活动关卡,
10301304,0,0,0,三星任务奖励,4,13,0,0,0,0,"10301304,1,1",0,0,10301304,,,0,1030001,昔莱活动关卡,
10501151,mission_threestar_10300001,0,,受击不超过12次,4,13,0,0,0,0,"10501151,0,12",0,0,0,,,0,1050002,奈奥米活动关卡,
10501161,mission_threestar_10300001,0,,受击不超过12次,4,13,0,0,0,0,"10501161,0,12",0,0,0,,,0,1050002,奈奥米活动关卡,
10501171,mission_threestar_10300001,0,,受击不超过12次,4,13,0,0,0,0,"10501171,0,12",0,0,0,,,0,1050002,奈奥米活动关卡,
10501181,mission_threestar_10300001,0,,受击不超过12次,4,13,0,0,0,0,"10501181,0,12",0,0,0,,,0,1050002,奈奥米活动关卡,
10501191,mission_threestar_10300001,0,,受击不超过12次,4,13,0,0,0,0,"10501191,0,12",0,0,0,,,0,1050002,奈奥米活动关卡,
10501201,mission_threestar_10300001,0,,受击不超过12次,4,13,0,0,0,0,"10501201,0,12",0,0,0,,,0,1050002,奈奥米活动关卡,
10501211,mission_threestar_10300001,0,,受击不超过12次,4,13,0,0,0,0,"10501211,0,12",0,0,0,,,0,1050002,奈奥米活动关卡,
10501221,mission_threestar_10300001,0,,受击不超过12次,4,13,0,0,0,0,"10501221,0,12",0,0,0,,,0,1050002,奈奥米活动关卡,
10501231,mission_threestar_10300001,0,,受击不超过12次,4,13,0,0,0,0,"10501231,0,12",0,0,0,,,0,1050002,奈奥米活动关卡,
10501241,mission_threestar_10300001,0,,受击不超过12次,4,13,0,0,0,0,"10501241,0,12",0,0,0,,,0,1050002,奈奥米活动关卡,
10501251,mission_threestar_10300001,0,,受击不超过12次,4,13,0,0,0,0,"10501251,0,12",0,0,0,,,0,1050002,奈奥米活动关卡,
10501261,mission_threestar_10300001,0,,受击不超过12次,4,13,0,0,0,0,"10501261,0,12",0,0,0,,,0,1050002,奈奥米活动关卡,
10501271,mission_threestar_10300001,0,,受击不超过12次,4,13,0,0,0,0,"10501271,0,12",0,0,0,,,0,1050002,奈奥米活动关卡,
10502011,mission_threestar_10300001,0,,受击不超过12次,4,13,0,0,0,0,"10502011,0,12",0,0,0,,,0,1050002,奈奥米活动关卡,
10502021,mission_threestar_10300001,0,,受击不超过12次,4,13,0,0,0,0,"10502021,0,12",0,0,0,,,0,1050002,奈奥米活动关卡,
10502031,mission_threestar_10300001,0,,受击不超过12次,4,13,0,0,0,0,"10502031,0,12",0,0,0,,,0,1050002,奈奥米活动关卡,
10502041,mission_threestar_10300001,0,,受击不超过12次,4,13,0,0,0,0,"10502041,0,12",0,0,0,,,0,1050002,奈奥米活动关卡,
10502051,mission_threestar_10300001,0,,受击不超过12次,4,13,0,0,0,0,"10502051,0,12",0,0,0,,,0,1050002,奈奥米活动关卡,
10502061,mission_threestar_10300001,0,,受击不超过12次,4,13,0,0,0,0,"10502061,0,12",0,0,0,,,0,1050002,奈奥米活动关卡,
10502071,mission_threestar_10300001,0,,受击不超过12次,4,13,0,0,0,0,"10502071,0,12",0,0,0,,,0,1050002,奈奥米活动关卡,
10502081,mission_threestar_10300001,0,,受击不超过12次,4,13,0,0,0,0,"10502081,0,12",0,0,0,,,0,1050002,奈奥米活动关卡,
10502091,mission_threestar_10300001,0,,受击不超过12次,4,13,0,0,0,0,"10502091,0,12",0,0,0,,,0,1050002,奈奥米活动关卡,
10502101,mission_threestar_10300001,0,,受击不超过12次,4,13,0,0,0,0,"10502101,0,12",0,0,0,,,0,1050002,奈奥米活动关卡,
10501152,mission_threestar_10300002,0,,600时序内通关,4,13,0,0,0,0,"10501152,0,600",0,0,0,,,0,1050000,奈奥米活动关卡,
10501162,mission_threestar_10300002,0,,600时序内通关,4,13,0,0,0,0,"10501162,0,600",0,0,0,,,0,1050000,奈奥米活动关卡,
10501172,mission_threestar_10300002,0,,600时序内通关,4,13,0,0,0,0,"10501172,0,600",0,0,0,,,0,1050000,奈奥米活动关卡,
10501182,mission_threestar_10300002,0,,600时序内通关,4,13,0,0,0,0,"10501182,0,600",0,0,0,,,0,1050000,奈奥米活动关卡,
10501192,mission_threestar_10300002,0,,600时序内通关,4,13,0,0,0,0,"10501192,0,600",0,0,0,,,0,1050000,奈奥米活动关卡,
10501202,mission_threestar_10300002,0,,600时序内通关,4,13,0,0,0,0,"10501202,0,600",0,0,0,,,0,1050000,奈奥米活动关卡,
10501212,mission_threestar_10300002,0,,600时序内通关,4,13,0,0,0,0,"10501212,0,600",0,0,0,,,0,1050000,奈奥米活动关卡,
10501222,mission_threestar_10300002,0,,600时序内通关,4,13,0,0,0,0,"10501222,0,600",0,0,0,,,0,1050000,奈奥米活动关卡,
10501232,mission_threestar_10300002,0,,600时序内通关,4,13,0,0,0,0,"10501232,0,600",0,0,0,,,0,1050000,奈奥米活动关卡,
10501242,mission_threestar_10300002,0,,600时序内通关,4,13,0,0,0,0,"10501242,0,600",0,0,0,,,0,1050000,奈奥米活动关卡,
10501252,mission_threestar_10300002,0,,600时序内通关,4,13,0,0,0,0,"10501252,0,600",0,0,0,,,0,1050000,奈奥米活动关卡,
10501262,mission_threestar_10300002,0,,600时序内通关,4,13,0,0,0,0,"10501262,0,600",0,0,0,,,0,1050000,奈奥米活动关卡,
10501272,mission_threestar_10300002,0,,600时序内通关,4,13,0,0,0,0,"10501272,0,600",0,0,0,,,0,1050000,奈奥米活动关卡,
10502012,mission_threestar_10300002,0,,600时序内通关,4,13,0,0,0,0,"10502012,0,600",0,0,0,,,0,1050000,奈奥米活动关卡,
10502022,mission_threestar_10300002,0,,600时序内通关,4,13,0,0,0,0,"10502022,0,600",0,0,0,,,0,1050000,奈奥米活动关卡,
10502032,mission_threestar_10300002,0,,600时序内通关,4,13,0,0,0,0,"10502032,0,600",0,0,0,,,0,1050000,奈奥米活动关卡,
10502042,mission_threestar_10300002,0,,600时序内通关,4,13,0,0,0,0,"10502042,0,600",0,0,0,,,0,1050000,奈奥米活动关卡,
10502052,mission_threestar_10300002,0,,600时序内通关,4,13,0,0,0,0,"10502052,0,600",0,0,0,,,0,1050000,奈奥米活动关卡,
10502062,mission_threestar_10300002,0,,600时序内通关,4,13,0,0,0,0,"10502062,0,600",0,0,0,,,0,1050000,奈奥米活动关卡,
10502072,mission_threestar_10300002,0,,600时序内通关,4,13,0,0,0,0,"10502072,0,600",0,0,0,,,0,1050000,奈奥米活动关卡,
10502082,mission_threestar_10300002,0,,600时序内通关,4,13,0,0,0,0,"10502082,0,600",0,0,0,,,0,1050000,奈奥米活动关卡,
10502092,mission_threestar_10300002,0,,600时序内通关,4,13,0,0,0,0,"10502092,0,600",0,0,0,,,0,1050000,奈奥米活动关卡,
10502102,mission_threestar_10300002,0,,600时序内通关,4,13,0,0,0,0,"10502102,0,600",0,0,0,,,0,1050000,奈奥米活动关卡,
10501153,mission_threestar_10300003,0,,无人死亡,4,13,0,0,0,0,"10501153,0,0",0,0,0,,,0,1050000,奈奥米活动关卡,
10501163,mission_threestar_10300003,0,,无人死亡,4,13,0,0,0,0,"10501163,0,0",0,0,0,,,0,1050000,奈奥米活动关卡,
10501173,mission_threestar_10300003,0,,无人死亡,4,13,0,0,0,0,"10501173,0,0",0,0,0,,,0,1050000,奈奥米活动关卡,
10501183,mission_threestar_10300003,0,,无人死亡,4,13,0,0,0,0,"10501183,0,0",0,0,0,,,0,1050000,奈奥米活动关卡,
10501193,mission_threestar_10300003,0,,无人死亡,4,13,0,0,0,0,"10501193,0,0",0,0,0,,,0,1050000,奈奥米活动关卡,
10501203,mission_threestar_10300003,0,,无人死亡,4,13,0,0,0,0,"10501203,0,0",0,0,0,,,0,1050000,奈奥米活动关卡,
10501213,mission_threestar_10300003,0,,无人死亡,4,13,0,0,0,0,"10501213,0,0",0,0,0,,,0,1050000,奈奥米活动关卡,
10501223,mission_threestar_10300003,0,,无人死亡,4,13,0,0,0,0,"10501223,0,0",0,0,0,,,0,1050000,奈奥米活动关卡,
10501233,mission_threestar_10300003,0,,无人死亡,4,13,0,0,0,0,"10501233,0,0",0,0,0,,,0,1050000,奈奥米活动关卡,
10501243,mission_threestar_10300003,0,,无人死亡,4,13,0,0,0,0,"10501243,0,0",0,0,0,,,0,1050000,奈奥米活动关卡,
10501253,mission_threestar_10300003,0,,无人死亡,4,13,0,0,0,0,"10501253,0,0",0,0,0,,,0,1050000,奈奥米活动关卡,
10501263,mission_threestar_10300003,0,,无人死亡,4,13,0,0,0,0,"10501263,0,0",0,0,0,,,0,1050000,奈奥米活动关卡,
10501273,mission_threestar_10300003,0,,无人死亡,4,13,0,0,0,0,"10501273,0,0",0,0,0,,,0,1050000,奈奥米活动关卡,
10502013,mission_threestar_10300003,0,,无人死亡,4,13,0,0,0,0,"10502013,0,0",0,0,0,,,0,1050000,奈奥米活动关卡,
10502023,mission_threestar_10300003,0,,无人死亡,4,13,0,0,0,0,"10502023,0,0",0,0,0,,,0,1050000,奈奥米活动关卡,
10502033,mission_threestar_10300003,0,,无人死亡,4,13,0,0,0,0,"10502033,0,0",0,0,0,,,0,1050000,奈奥米活动关卡,
10502043,mission_threestar_10300003,0,,无人死亡,4,13,0,0,0,0,"10502043,0,0",0,0,0,,,0,1050000,奈奥米活动关卡,
10502053,mission_threestar_10300003,0,,无人死亡,4,13,0,0,0,0,"10502053,0,0",0,0,0,,,0,1050000,奈奥米活动关卡,
10502063,mission_threestar_10300003,0,,无人死亡,4,13,0,0,0,0,"10502063,0,0",0,0,0,,,0,1050000,奈奥米活动关卡,
10502073,mission_threestar_10300003,0,,无人死亡,4,13,0,0,0,0,"10502073,0,0",0,0,0,,,0,1050000,奈奥米活动关卡,
10502083,mission_threestar_10300003,0,,无人死亡,4,13,0,0,0,0,"10502083,0,0",0,0,0,,,0,1050000,奈奥米活动关卡,
10502093,mission_threestar_10300003,0,,无人死亡,4,13,0,0,0,0,"10502093,0,0",0,0,0,,,0,1050000,奈奥米活动关卡,
10502103,mission_threestar_10300003,0,,无人死亡,4,13,0,0,0,0,"10502103,0,0",0,0,0,,,0,1050000,奈奥米活动关卡,
10501154,0,0,,三星任务奖励,4,13,0,0,0,0,"10501154,1,1",0,0,10501154,,,0,1050001,奈奥米活动关卡,
10501164,0,0,,三星任务奖励,4,13,0,0,0,0,"10501164,1,1",0,0,10501164,,,0,1050001,奈奥米活动关卡,
10501174,0,0,,三星任务奖励,4,13,0,0,0,0,"10501174,1,1",0,0,10501174,,,0,1050001,奈奥米活动关卡,
10501184,0,0,,三星任务奖励,4,13,0,0,0,0,"10501184,1,1",0,0,10501184,,,0,1050001,奈奥米活动关卡,
10501194,0,0,,三星任务奖励,4,13,0,0,0,0,"10501194,1,1",0,0,10501194,,,0,1050001,奈奥米活动关卡,
10501204,0,0,,三星任务奖励,4,13,0,0,0,0,"10501204,1,1",0,0,10501204,,,0,1050001,奈奥米活动关卡,
10501214,0,0,,三星任务奖励,4,13,0,0,0,0,"10501214,1,1",0,0,10501214,,,0,1050001,奈奥米活动关卡,
10501224,0,0,,三星任务奖励,4,13,0,0,0,0,"10501224,1,1",0,0,10501224,,,0,1050001,奈奥米活动关卡,
10501234,0,0,,三星任务奖励,4,13,0,0,0,0,"10501234,1,1",0,0,10501234,,,0,1050001,奈奥米活动关卡,
10501244,0,0,,三星任务奖励,4,13,0,0,0,0,"10501244,1,1",0,0,10501244,,,0,1050001,奈奥米活动关卡,
10501254,0,0,,三星任务奖励,4,13,0,0,0,0,"10501254,1,1",0,0,10501254,,,0,1050001,奈奥米活动关卡,
10501264,0,0,,三星任务奖励,4,13,0,0,0,0,"10501264,1,1",0,0,10501264,,,0,1050001,奈奥米活动关卡,
10501274,0,0,,三星任务奖励,4,13,0,0,0,0,"10501274,1,1",0,0,10501274,,,0,1050001,奈奥米活动关卡,
10502014,0,0,,三星任务奖励,4,13,0,0,0,0,"10502014,1,1",0,0,10502014,,,0,1050001,奈奥米活动关卡,
10502024,0,0,,三星任务奖励,4,13,0,0,0,0,"10502024,1,1",0,0,10502024,,,0,1050001,奈奥米活动关卡,
10502034,0,0,,三星任务奖励,4,13,0,0,0,0,"10502034,1,1",0,0,10502034,,,0,1050001,奈奥米活动关卡,
10502044,0,0,,三星任务奖励,4,13,0,0,0,0,"10502044,1,1",0,0,10502044,,,0,1050001,奈奥米活动关卡,
10502054,0,0,,三星任务奖励,4,13,0,0,0,0,"10502054,1,1",0,0,10502054,,,0,1050001,奈奥米活动关卡,
10502064,0,0,,三星任务奖励,4,13,0,0,0,0,"10502064,1,1",0,0,10502064,,,0,1050001,奈奥米活动关卡,
10502074,0,0,,三星任务奖励,4,13,0,0,0,0,"10502074,1,1",0,0,10502074,,,0,1050001,奈奥米活动关卡,
10502084,0,0,,三星任务奖励,4,13,0,0,0,0,"10502084,1,1",0,0,10502084,,,0,1050001,奈奥米活动关卡,
10502094,0,0,,三星任务奖励,4,13,0,0,0,0,"10502094,1,1",0,0,10502094,,,0,1050001,奈奥米活动关卡,
10502104,0,0,,三星任务奖励,4,13,0,0,0,0,"10502104,1,1",0,0,10502104,,,0,1050001,奈奥米活动关卡,
12001012,mission_threestar_10300002,0,,600时序内通关,4,13,0,0,0,0,"12001012,0,600",0,0,0,,,0,1200000,爱尔维拉活动,
12001022,mission_threestar_10300002,0,,600时序内通关,4,13,0,0,0,0,"12001022,0,600",0,0,0,,,0,1200000,爱尔维拉活动,
12001032,mission_threestar_10300002,0,,600时序内通关,4,13,0,0,0,0,"12001032,0,600",0,0,0,,,0,1200000,爱尔维拉活动,
12001042,mission_threestar_10300002,0,,600时序内通关,4,13,0,0,0,0,"12001042,0,600",0,0,0,,,0,1200000,爱尔维拉活动,
12001052,mission_threestar_10300002,0,,600时序内通关,4,13,0,0,0,0,"12001052,0,600",0,0,0,,,0,1200000,爱尔维拉活动,
12001062,mission_threestar_10300002,0,,600时序内通关,4,13,0,0,0,0,"12001062,0,600",0,0,0,,,0,1200000,爱尔维拉活动,
12001072,mission_threestar_10300002,0,,600时序内通关,4,13,0,0,0,0,"12001072,0,600",0,0,0,,,0,1200000,爱尔维拉活动,
12001082,mission_threestar_10300002,0,,600时序内通关,4,13,0,0,0,0,"12001082,0,600",0,0,0,,,0,1200000,爱尔维拉活动,
12001092,mission_threestar_10300002,0,,600时序内通关,4,13,0,0,0,0,"12001092,0,600",0,0,0,,,0,1200000,爱尔维拉活动,
12001102,mission_threestar_10300002,0,,600时序内通关,4,13,0,0,0,0,"12001102,0,600",0,0,0,,,0,1200000,爱尔维拉活动,
12001112,mission_threestar_10300002,0,,600时序内通关,4,13,0,0,0,0,"12001112,0,600",0,0,0,,,0,1200000,爱尔维拉活动,
12001122,mission_threestar_10300002,0,,600时序内通关,4,13,0,0,0,0,"12001122,0,600",0,0,0,,,0,1200000,爱尔维拉活动,
12002012,mission_threestar_10300002,0,,600时序内通关,4,13,0,0,0,0,"12002012,0,600",0,0,0,,,0,1200000,爱尔维拉活动,
12002022,mission_threestar_10300002,0,,600时序内通关,4,13,0,0,0,0,"12002022,0,600",0,0,0,,,0,1200000,爱尔维拉活动,
12002032,mission_threestar_10300002,0,,600时序内通关,4,13,0,0,0,0,"12002032,0,600",0,0,0,,,0,1200000,爱尔维拉活动,
12002042,mission_threestar_10300002,0,,600时序内通关,4,13,0,0,0,0,"12002042,0,600",0,0,0,,,0,1200000,爱尔维拉活动,
12002052,mission_threestar_10300002,0,,600时序内通关,4,13,0,0,0,0,"12002052,0,600",0,0,0,,,0,1200000,爱尔维拉活动,
12002062,mission_threestar_10300002,0,,600时序内通关,4,13,0,0,0,0,"12002062,0,600",0,0,0,,,0,1200000,爱尔维拉活动,
12002072,mission_threestar_10300002,0,,600时序内通关,4,13,0,0,0,0,"12002072,0,600",0,0,0,,,0,1200000,爱尔维拉活动,
12002082,mission_threestar_10300002,0,,600时序内通关,4,13,0,0,0,0,"12002082,0,600",0,0,0,,,0,1200000,爱尔维拉活动,
12002092,mission_threestar_10300002,0,,600时序内通关,4,13,0,0,0,0,"12002092,0,600",0,0,0,,,0,1200000,爱尔维拉活动,
12002102,mission_threestar_10300002,0,,600时序内通关,4,13,0,0,0,0,"12002102,0,600",0,0,0,,,0,1200000,爱尔维拉活动,
12002112,mission_threestar_10300002,0,,600时序内通关,4,13,0,0,0,0,"12002112,0,600",0,0,0,,,0,1200000,爱尔维拉活动,
12002122,mission_threestar_10300002,0,,600时序内通关,4,13,0,0,0,0,"12002122,0,600",0,0,0,,,0,1200000,爱尔维拉活动,
12001013,mission_threestar_10300003,0,,无人死亡,4,13,0,0,0,0,"12001013,0,0",0,0,0,,,0,1200000,爱尔维拉活动,
12001023,mission_threestar_10300003,0,,无人死亡,4,13,0,0,0,0,"12001023,0,0",0,0,0,,,0,1200000,爱尔维拉活动,
12001033,mission_threestar_10300003,0,,无人死亡,4,13,0,0,0,0,"12001033,0,0",0,0,0,,,0,1200000,爱尔维拉活动,
12001043,mission_threestar_10300003,0,,无人死亡,4,13,0,0,0,0,"12001043,0,0",0,0,0,,,0,1200000,爱尔维拉活动,
12001053,mission_threestar_10300003,0,,无人死亡,4,13,0,0,0,0,"12001053,0,0",0,0,0,,,0,1200000,爱尔维拉活动,
12001063,mission_threestar_10300003,0,,无人死亡,4,13,0,0,0,0,"12001063,0,0",0,0,0,,,0,1200000,爱尔维拉活动,
12001073,mission_threestar_10300003,0,,无人死亡,4,13,0,0,0,0,"12001073,0,0",0,0,0,,,0,1200000,爱尔维拉活动,
12001083,mission_threestar_10300003,0,,无人死亡,4,13,0,0,0,0,"12001083,0,0",0,0,0,,,0,1200000,爱尔维拉活动,
12001093,mission_threestar_10300003,0,,无人死亡,4,13,0,0,0,0,"12001093,0,0",0,0,0,,,0,1200000,爱尔维拉活动,
12001103,mission_threestar_10300003,0,,无人死亡,4,13,0,0,0,0,"12001103,0,0",0,0,0,,,0,1200000,爱尔维拉活动,
12001113,mission_threestar_10300003,0,,无人死亡,4,13,0,0,0,0,"12001113,0,0",0,0,0,,,0,1200000,爱尔维拉活动,
12001123,mission_threestar_10300003,0,,无人死亡,4,13,0,0,0,0,"12001123,0,0",0,0,0,,,0,1200000,爱尔维拉活动,
12002013,mission_threestar_10300003,0,,无人死亡,4,13,0,0,0,0,"12002013,0,0",0,0,0,,,0,1200000,爱尔维拉活动,
12002023,mission_threestar_10300003,0,,无人死亡,4,13,0,0,0,0,"12002023,0,0",0,0,0,,,0,1200000,爱尔维拉活动,
12002033,mission_threestar_10300003,0,,无人死亡,4,13,0,0,0,0,"12002033,0,0",0,0,0,,,0,1200000,爱尔维拉活动,
12002043,mission_threestar_10300003,0,,无人死亡,4,13,0,0,0,0,"12002043,0,0",0,0,0,,,0,1200000,爱尔维拉活动,
12002053,mission_threestar_10300003,0,,无人死亡,4,13,0,0,0,0,"12002053,0,0",0,0,0,,,0,1200000,爱尔维拉活动,
12002063,mission_threestar_10300003,0,,无人死亡,4,13,0,0,0,0,"12002063,0,0",0,0,0,,,0,1200000,爱尔维拉活动,
12002073,mission_threestar_10300003,0,,无人死亡,4,13,0,0,0,0,"12002073,0,0",0,0,0,,,0,1200000,爱尔维拉活动,
12002083,mission_threestar_10300003,0,,无人死亡,4,13,0,0,0,0,"12002083,0,0",0,0,0,,,0,1200000,爱尔维拉活动,
12002093,mission_threestar_10300003,0,,无人死亡,4,13,0,0,0,0,"12002093,0,0",0,0,0,,,0,1200000,爱尔维拉活动,
12002103,mission_threestar_10300003,0,,无人死亡,4,13,0,0,0,0,"12002103,0,0",0,0,0,,,0,1200000,爱尔维拉活动,
12002113,mission_threestar_10300003,0,,无人死亡,4,13,0,0,0,0,"12002113,0,0",0,0,0,,,0,1200000,爱尔维拉活动,
12002123,mission_threestar_10300003,0,,无人死亡,4,13,0,0,0,0,"12002123,0,0",0,0,0,,,0,1200000,爱尔维拉活动,
12001014,,0,,,4,13,0,0,0,0,"12001014,1,1",0,0,12001014,,,0,1200001,爱尔维拉活动,
12001024,,0,,,4,13,0,0,0,0,"12001024,1,1",0,0,12001024,,,0,1200001,爱尔维拉活动,
12001034,,0,,,4,13,0,0,0,0,"12001034,1,1",0,0,12001034,,,0,1200001,爱尔维拉活动,
12001044,,0,,,4,13,0,0,0,0,"12001044,1,1",0,0,12001044,,,0,1200001,爱尔维拉活动,
12001054,,0,,,4,13,0,0,0,0,"12001054,1,1",0,0,12001054,,,0,1200001,爱尔维拉活动,
12001064,,0,,,4,13,0,0,0,0,"12001064,1,1",0,0,12001064,,,0,1200001,爱尔维拉活动,
12001074,,0,,,4,13,0,0,0,0,"12001074,1,1",0,0,12001074,,,0,1200001,爱尔维拉活动,
12001084,,0,,,4,13,0,0,0,0,"12001084,1,1",0,0,12001084,,,0,1200001,爱尔维拉活动,
12001094,,0,,,4,13,0,0,0,0,"12001094,1,1",0,0,12001094,,,0,1200001,爱尔维拉活动,
12001104,,0,,,4,13,0,0,0,0,"12001104,1,1",0,0,12001104,,,0,1200001,爱尔维拉活动,
12001114,,0,,,4,13,0,0,0,0,"12001114,1,1",0,0,12001114,,,0,1200001,爱尔维拉活动,
12001124,,0,,,4,13,0,0,0,0,"12001124,1,1",0,0,12001124,,,0,1200001,爱尔维拉活动,
12002014,,0,,,4,13,0,0,0,0,"12002014,1,1",0,0,12002014,,,0,1200001,爱尔维拉活动,
12002024,,0,,,4,13,0,0,0,0,"12002024,1,1",0,0,12002024,,,0,1200001,爱尔维拉活动,
12002034,,0,,,4,13,0,0,0,0,"12002034,1,1",0,0,12002034,,,0,1200001,爱尔维拉活动,
12002044,,0,,,4,13,0,0,0,0,"12002044,1,1",0,0,12002044,,,0,1200001,爱尔维拉活动,
12002054,,0,,,4,13,0,0,0,0,"12002054,1,1",0,0,12002054,,,0,1200001,爱尔维拉活动,
12002064,,0,,,4,13,0,0,0,0,"12002064,1,1",0,0,12002064,,,0,1200001,爱尔维拉活动,
12002074,,0,,,4,13,0,0,0,0,"12002074,1,1",0,0,12002074,,,0,1200001,爱尔维拉活动,
12002084,,0,,,4,13,0,0,0,0,"12002084,1,1",0,0,12002084,,,0,1200001,爱尔维拉活动,
12002094,,0,,,4,13,0,0,0,0,"12002094,1,1",0,0,12002094,,,0,1200001,爱尔维拉活动,
12002104,,0,,,4,13,0,0,0,0,"12002104,1,1",0,0,12002104,,,0,1200001,爱尔维拉活动,
12002114,,0,,,4,13,0,0,0,0,"12002114,1,1",0,0,12002114,,,0,1200001,爱尔维拉活动,
12002124,,0,,,4,13,0,0,0,0,"12002124,1,1",0,0,12002124,,,0,1200001,爱尔维拉活动,
501011,mission_threestar_501011,0,0,受击不超过12次,4,12,0,0,0,0,"501011,0,12",0,0,0,,,0,0,第一章困难三星条件1,
501021,mission_threestar_501021,0,0,受击不超过12次,4,12,0,0,0,0,"501021,0,12",0,0,0,,,0,0,第一章困难三星条件1,
501031,mission_threestar_501031,0,0,受击不超过12次,4,12,0,0,0,0,"501031,0,12",0,0,0,,,0,0,第一章困难三星条件1,
501041,mission_threestar_501041,0,0,受击不超过12次,4,12,0,0,0,0,"501041,0,12",0,0,0,,,0,0,第一章困难三星条件1,
501051,mission_threestar_501051,0,0,受击不超过12次,4,12,0,0,0,0,"501051,0,12",0,0,0,,,0,0,第一章困难三星条件1,
501061,mission_threestar_501061,0,0,受击不超过12次,4,12,0,0,0,0,"501061,0,12",0,0,0,,,0,0,第一章困难三星条件1,
501071,mission_threestar_501071,0,0,受击不超过12次,4,12,0,0,0,0,"501071,0,12",0,0,0,,,0,0,第一章困难三星条件1,
501081,mission_threestar_501081,0,0,受击不超过12次,4,12,0,0,0,0,"501081,0,12",0,0,0,,,0,0,第一章困难三星条件1,
501091,mission_threestar_501091,0,0,受击不超过12次,4,12,0,0,0,0,"501091,0,12",0,0,0,,,0,0,第一章困难三星条件1,
501101,mission_threestar_501101,0,0,受击不超过12次,4,12,0,0,0,0,"501101,0,12",0,0,0,,,0,0,第一章困难三星条件1,
501111,mission_threestar_501111,0,0,受击不超过12次,4,12,0,0,0,0,"501111,0,12",0,0,0,,,0,0,第一章困难三星条件1,
501121,mission_threestar_501121,0,0,受击不超过12次,4,12,0,0,0,0,"501121,0,12",0,0,0,,,0,0,第一章困难三星条件1,
501131,mission_threestar_501131,0,0,受击不超过12次,4,12,0,0,0,0,"501131,0,12",0,0,0,,,0,0,第一章困难三星条件1,
501141,mission_threestar_501141,0,0,受击不超过12次,4,12,0,0,0,0,"501141,0,12",0,0,0,,,0,0,第一章困难三星条件1,
501151,mission_threestar_501151,0,0,受击不超过12次,4,12,0,0,0,0,"501151,0,12",0,0,0,,,0,0,第一章困难三星条件1,
501161,mission_threestar_501161,0,0,受击不超过12次,4,12,0,0,0,0,"501161,0,12",0,0,0,,,0,0,第一章困难三星条件1,
501171,mission_threestar_501171,0,0,受击不超过12次,4,12,0,0,0,0,"501171,0,12",0,0,0,,,0,0,第一章困难三星条件1,
501181,mission_threestar_501181,0,0,受击不超过12次,4,12,0,0,0,0,"501181,0,12",0,0,0,,,0,0,第一章困难三星条件1,
501191,mission_threestar_501191,0,0,受击不超过12次,4,12,0,0,0,0,"501191,0,12",0,0,0,,,0,0,第一章困难三星条件1,
501201,mission_threestar_501201,0,0,受击不超过12次,4,12,0,0,0,0,"501201,0,12",0,0,0,,,0,0,第一章困难三星条件1,
502011,mission_threestar_502011,0,0,受击不超过12次,4,12,0,0,0,0,"502011,0,12",0,0,0,,,0,0,第二章困难三星条件1,
502021,mission_threestar_502021,0,0,受击不超过12次,4,12,0,0,0,0,"502021,0,12",0,0,0,,,0,0,第二章困难三星条件1,
502031,mission_threestar_502031,0,0,受击不超过12次,4,12,0,0,0,0,"502031,0,20",0,0,0,,,0,0,第二章困难三星条件1,
502041,mission_threestar_502041,0,0,受击不超过12次,4,12,0,0,0,0,"502041,0,12",0,0,0,,,0,0,第二章困难三星条件1,
502051,mission_threestar_502051,0,0,受击不超过12次,4,12,0,0,0,0,"502051,0,12",0,0,0,,,0,0,第二章困难三星条件1,
502061,mission_threestar_502061,0,0,受击不超过12次,4,12,0,0,0,0,"502061,0,12",0,0,0,,,0,0,第二章困难三星条件1,
502071,mission_threestar_502071,0,0,受击不超过12次,4,12,0,0,0,0,"502071,0,20",0,0,0,,,0,0,第二章困难三星条件1,
502081,mission_threestar_502081,0,0,受击不超过12次,4,12,0,0,0,0,"502081,0,12",0,0,0,,,0,0,第二章困难三星条件1,
502091,mission_threestar_502091,0,0,受击不超过12次,4,12,0,0,0,0,"502091,0,12",0,0,0,,,0,0,第二章困难三星条件1,
502101,mission_threestar_502101,0,0,受击不超过12次,4,12,0,0,0,0,"502101,0,12",0,0,0,,,0,0,第二章困难三星条件1,
502111,mission_threestar_502111,0,0,受击不超过12次,4,12,0,0,0,0,"502111,0,20",0,0,0,,,0,0,第二章困难三星条件1,
502121,mission_threestar_502121,0,0,受击不超过12次,4,12,0,0,0,0,"502121,0,12",0,0,0,,,0,0,第二章困难三星条件1,
502131,mission_threestar_502131,0,0,受击不超过12次,4,12,0,0,0,0,"502131,0,12",0,0,0,,,0,0,第二章困难三星条件1,
502141,mission_threestar_502141,0,0,受击不超过12次,4,12,0,0,0,0,"502141,0,12",0,0,0,,,0,0,第二章困难三星条件1,
502151,mission_threestar_502151,0,0,受击不超过12次,4,12,0,0,0,0,"502151,0,20",0,0,0,,,0,0,第二章困难三星条件1,
502161,mission_threestar_502161,0,0,受击不超过12次,4,12,0,0,0,0,"502161,0,12",0,0,0,,,0,0,第二章困难三星条件1,
502171,mission_threestar_502171,0,0,受击不超过12次,4,12,0,0,0,0,"502171,0,12",0,0,0,,,0,0,第二章困难三星条件1,
502181,mission_threestar_502181,0,0,受击不超过12次,4,12,0,0,0,0,"502181,0,12",0,0,0,,,0,0,第二章困难三星条件1,
502191,mission_threestar_502191,0,0,受击不超过12次,4,12,0,0,0,0,"502191,0,12",0,0,0,,,0,0,第二章困难三星条件1,
502201,mission_threestar_502201,0,0,受击不超过12次,4,12,0,0,0,0,"502201,0,12",0,0,0,,,0,0,第二章困难三星条件1,
503011,mission_threestar_503011,0,0,受击不超过12次,4,12,0,0,0,0,"503011,0,12",0,0,0,,,0,0,第三章困难三星条件1,
503021,mission_threestar_503021,0,0,受击不超过12次,4,12,0,0,0,0,"503021,0,20",0,0,0,,,0,0,第三章困难三星条件1,
503031,mission_threestar_503031,0,0,受击不超过12次,4,12,0,0,0,0,"503031,0,12",0,0,0,,,0,0,第三章困难三星条件1,
503041,mission_threestar_503041,0,0,受击不超过12次,4,12,0,0,0,0,"503041,0,12",0,0,0,,,0,0,第三章困难三星条件1,
503051,mission_threestar_503051,0,0,受击不超过12次,4,12,0,0,0,0,"503051,0,20",0,0,0,,,0,0,第三章困难三星条件1,
503061,mission_threestar_503061,0,0,受击不超过12次,4,12,0,0,0,0,"503061,0,12",0,0,0,,,0,0,第三章困难三星条件1,
503071,mission_threestar_503071,0,0,受击不超过12次,4,12,0,0,0,0,"503071,0,12",0,0,0,,,0,0,第三章困难三星条件1,
503081,mission_threestar_503081,0,0,受击不超过12次,4,12,0,0,0,0,"503081,0,20",0,0,0,,,0,0,第三章困难三星条件1,
503091,mission_threestar_503091,0,0,受击不超过12次,4,12,0,0,0,0,"503091,0,12",0,0,0,,,0,0,第三章困难三星条件1,
503101,mission_threestar_503101,0,0,受击不超过12次,4,12,0,0,0,0,"503101,0,12",0,0,0,,,0,0,第三章困难三星条件1,
503111,mission_threestar_503111,0,0,受击不超过12次,4,12,0,0,0,0,"503111,0,20",0,0,0,,,0,0,第三章困难三星条件1,
503121,mission_threestar_503121,0,0,受击不超过12次,4,12,0,0,0,0,"503121,0,12",0,0,0,,,0,0,第三章困难三星条件1,
503131,mission_threestar_503131,0,0,受击不超过12次,4,12,0,0,0,0,"503131,0,12",0,0,0,,,0,0,第三章困难三星条件1,
503141,mission_threestar_503141,0,0,受击不超过12次,4,12,0,0,0,0,"503141,0,20",0,0,0,,,0,0,第三章困难三星条件1,
503151,mission_threestar_503151,0,0,受击不超过12次,4,12,0,0,0,0,"503151,0,12",0,0,0,,,0,0,第三章困难三星条件1,
503161,mission_threestar_503161,0,0,受击不超过12次,4,12,0,0,0,0,"503161,0,12",0,0,0,,,0,0,第三章困难三星条件1,
503171,mission_threestar_503171,0,0,受击不超过12次,4,12,0,0,0,0,"503171,0,20",0,0,0,,,0,0,第三章困难三星条件1,
503181,mission_threestar_503181,0,0,受击不超过12次,4,12,0,0,0,0,"503181,0,12",0,0,0,,,0,0,第三章困难三星条件1,
503191,mission_threestar_503191,0,0,受击不超过12次,4,12,0,0,0,0,"503191,0,20",0,0,0,,,0,0,第三章困难三星条件1,
503201,mission_threestar_503201,0,0,受击不超过12次,4,12,0,0,0,0,"503201,0,12",0,0,0,,,0,0,第三章困难三星条件1,
504011,mission_threestar_504011,0,0,受击不超过12次,4,12,0,0,0,0,"504011,0,12",0,0,0,,,0,0,第四章困难三星条件1,
504021,mission_threestar_504021,0,0,受击不超过12次,4,12,0,0,0,0,"504021,0,20",0,0,0,,,0,0,第四章困难三星条件1,
504031,mission_threestar_504031,0,0,受击不超过12次,4,12,0,0,0,0,"504031,0,12",0,0,0,,,0,0,第四章困难三星条件1,
504041,mission_threestar_504041,0,0,受击不超过12次,4,12,0,0,0,0,"504041,0,12",0,0,0,,,0,0,第四章困难三星条件1,
504051,mission_threestar_504051,0,0,受击不超过12次,4,12,0,0,0,0,"504051,0,20",0,0,0,,,0,0,第四章困难三星条件1,
504061,mission_threestar_504061,0,0,受击不超过12次,4,12,0,0,0,0,"504061,0,12",0,0,0,,,0,0,第四章困难三星条件1,
504071,mission_threestar_504071,0,0,受击不超过12次,4,12,0,0,0,0,"504071,0,12",0,0,0,,,0,0,第四章困难三星条件1,
504081,mission_threestar_504081,0,0,受击不超过12次,4,12,0,0,0,0,"504081,0,20",0,0,0,,,0,0,第四章困难三星条件1,
504091,mission_threestar_504091,0,0,受击不超过12次,4,12,0,0,0,0,"504091,0,12",0,0,0,,,0,0,第四章困难三星条件1,
504101,mission_threestar_504101,0,0,受击不超过12次,4,12,0,0,0,0,"504101,0,12",0,0,0,,,0,0,第四章困难三星条件1,
504111,mission_threestar_504111,0,0,受击不超过12次,4,12,0,0,0,0,"504111,0,20",0,0,0,,,0,0,第四章困难三星条件1,
504121,mission_threestar_504121,0,0,受击不超过12次,4,12,0,0,0,0,"504121,0,12",0,0,0,,,0,0,第四章困难三星条件1,
504131,mission_threestar_504131,0,0,受击不超过12次,4,12,0,0,0,0,"504131,0,12",0,0,0,,,0,0,第四章困难三星条件1,
504141,mission_threestar_504141,0,0,受击不超过12次,4,12,0,0,0,0,"504141,0,12",0,0,0,,,0,0,第四章困难三星条件1,
504151,mission_threestar_504151,0,0,受击不超过12次,4,12,0,0,0,0,"504151,0,20",0,0,0,,,0,0,第四章困难三星条件1,
504161,mission_threestar_504161,0,0,受击不超过12次,4,12,0,0,0,0,"504161,0,12",0,0,0,,,0,0,第四章困难三星条件1,
504171,mission_threestar_504171,0,0,受击不超过12次,4,12,0,0,0,0,"504171,0,12",0,0,0,,,0,0,第四章困难三星条件1,
504181,mission_threestar_504181,0,0,受击不超过12次,4,12,0,0,0,0,"504181,0,20",0,0,0,,,0,0,第四章困难三星条件1,
504191,mission_threestar_504191,0,0,受击不超过12次,4,12,0,0,0,0,"504191,0,12",0,0,0,,,0,0,第四章困难三星条件1,
504201,mission_threestar_504201,0,0,受击不超过12次,4,12,0,0,0,0,"504201,0,12",0,0,0,,,0,0,第四章困难三星条件1,
505011,mission_threestar_505011,0,0,受击不超过12次,4,12,0,0,0,0,"505011,0,20",0,0,0,,,0,0,第五章困难三星条件1,
505021,mission_threestar_505021,0,0,受击不超过12次,4,12,0,0,0,0,"505021,0,20",0,0,0,,,0,0,第五章困难三星条件1,
505031,mission_threestar_505031,0,0,受击不超过12次,4,12,0,0,0,0,"505031,0,20",0,0,0,,,0,0,第五章困难三星条件1,
505041,mission_threestar_505041,0,0,受击不超过12次,4,12,0,0,0,0,"505041,0,20",0,0,0,,,0,0,第五章困难三星条件1,
505051,mission_threestar_505051,0,0,受击不超过12次,4,12,0,0,0,0,"505051,0,20",0,0,0,,,0,0,第五章困难三星条件1,
505061,mission_threestar_505061,0,0,受击不超过12次,4,12,0,0,0,0,"505061,0,20",0,0,0,,,0,0,第五章困难三星条件1,
505071,mission_threestar_505071,0,0,受击不超过12次,4,12,0,0,0,0,"505071,0,20",0,0,0,,,0,0,第五章困难三星条件1,
505081,mission_threestar_505081,0,0,受击不超过12次,4,12,0,0,0,0,"505081,0,20",0,0,0,,,0,0,第五章困难三星条件1,
505091,mission_threestar_505091,0,0,受击不超过12次,4,12,0,0,0,0,"505091,0,20",0,0,0,,,0,0,第五章困难三星条件1,
505101,mission_threestar_505101,0,0,受击不超过12次,4,12,0,0,0,0,"505101,0,20",0,0,0,,,0,0,第五章困难三星条件1,
505111,mission_threestar_505111,0,0,受击不超过12次,4,12,0,0,0,0,"505111,0,20",0,0,0,,,0,0,第五章困难三星条件1,
505121,mission_threestar_505121,0,0,受击不超过12次,4,12,0,0,0,0,"505121,0,20",0,0,0,,,0,0,第五章困难三星条件1,
505131,mission_threestar_505131,0,0,受击不超过12次,4,12,0,0,0,0,"505131,0,20",0,0,0,,,0,0,第五章困难三星条件1,
505141,mission_threestar_505141,0,0,受击不超过12次,4,12,0,0,0,0,"505141,0,20",0,0,0,,,0,0,第五章困难三星条件1,
505151,mission_threestar_505151,0,0,受击不超过12次,4,12,0,0,0,0,"505151,0,20",0,0,0,,,0,0,第五章困难三星条件1,
505161,mission_threestar_505161,0,0,受击不超过12次,4,12,0,0,0,0,"505161,0,20",0,0,0,,,0,0,第五章困难三星条件1,
505171,mission_threestar_505171,0,0,受击不超过12次,4,12,0,0,0,0,"505171,0,20",0,0,0,,,0,0,第五章困难三星条件1,
505181,mission_threestar_505181,0,0,受击不超过12次,4,12,0,0,0,0,"505181,0,20",0,0,0,,,0,0,第五章困难三星条件1,
505191,mission_threestar_505191,0,0,受击不超过12次,4,12,0,0,0,0,"505191,0,20",0,0,0,,,0,0,第五章困难三星条件1,
505201,mission_threestar_505201,0,0,受击不超过12次,4,12,0,0,0,0,"505201,0,20",0,0,0,,,0,0,第五章困难三星条件1,
506011,mission_threestar_506011,0,0,受击不超过12次,4,12,0,0,0,0,"506011,0,20",0,0,0,,,0,0,第六-序章困难三星条件1,
506021,mission_threestar_506021,0,0,受击不超过12次,4,12,0,0,0,0,"506021,0,20",0,0,0,,,0,0,第六-序章困难三星条件1,
506031,mission_threestar_506031,0,0,受击不超过12次,4,12,0,0,0,0,"506031,0,20",0,0,0,,,0,0,第六-序章困难三星条件1,
506041,mission_threestar_506041,0,0,受击不超过12次,4,12,0,0,0,0,"506041,0,20",0,0,0,,,0,0,第六-序章困难三星条件1,
506051,mission_threestar_506051,0,0,受击不超过12次,4,12,0,0,0,0,"506051,0,20",0,0,0,,,0,0,第六-序章困难三星条件1,
506061,mission_threestar_506061,0,0,受击不超过12次,4,12,0,0,0,0,"506061,0,20",0,0,0,,,0,0,第六-序章困难三星条件1,
506071,mission_threestar_506071,0,0,受击不超过12次,4,12,0,0,0,0,"506071,0,20",0,0,0,,,0,0,第六-序章困难三星条件1,
506081,mission_threestar_506081,0,0,受击不超过12次,4,12,0,0,0,0,"506081,0,20",0,0,0,,,0,0,第六-序章困难三星条件1,
506091,mission_threestar_506091,0,0,受击不超过12次,4,12,0,0,0,0,"506091,0,20",0,0,0,,,0,0,第六-序章困难三星条件1,
506101,mission_threestar_506101,0,0,受击不超过12次,4,12,0,0,0,0,"506101,0,20",0,0,0,,,0,0,第六-序章困难三星条件1,
506111,mission_threestar_506111,0,0,受击不超过12次,4,12,0,0,0,0,"506111,0,20",0,0,0,,,0,0,第六-序章困难三星条件1,
506121,mission_threestar_506121,0,0,受击不超过12次,4,12,0,0,0,0,"506121,0,20",0,0,0,,,0,0,第六-序章困难三星条件1,
506131,mission_threestar_506131,0,0,受击不超过12次,4,12,0,0,0,0,"506131,0,20",0,0,0,,,0,0,第六-序章困难三星条件1,
506141,mission_threestar_506141,0,0,受击不超过12次,4,12,0,0,0,0,"506141,0,20",0,0,0,,,0,0,第六-序章困难三星条件1,
506151,mission_threestar_506151,0,0,受击不超过12次,4,12,0,0,0,0,"506151,0,20",0,0,0,,,0,0,第六-序章困难三星条件1,
506161,mission_threestar_506161,0,0,受击不超过12次,4,12,0,0,0,0,"506161,0,20",0,0,0,,,0,0,第六-序章困难三星条件1,
506171,mission_threestar_506171,0,0,受击不超过12次,4,12,0,0,0,0,"506171,0,20",0,0,0,,,0,0,第六-序章困难三星条件1,
506181,mission_threestar_506181,0,0,受击不超过12次,4,12,0,0,0,0,"506181,0,20",0,0,0,,,0,0,第六-序章困难三星条件1,
506191,mission_threestar_506191,0,0,受击不超过12次,4,12,0,0,0,0,"506191,0,20",0,0,0,,,0,0,第六-序章困难三星条件1,
506201,mission_threestar_506201,0,0,受击不超过12次,4,12,0,0,0,0,"506201,0,20",0,0,0,,,0,0,第六-序章困难三星条件1,
507011,mission_threestar_507011,0,0,受击不超过12次,4,12,0,0,0,0,"507011,0,20",0,0,0,,,0,0,第六-上章困难三星条件1,
507021,mission_threestar_507021,0,0,受击不超过12次,4,12,0,0,0,0,"507021,0,20",0,0,0,,,0,0,第六-上章困难三星条件1,
507031,mission_threestar_507031,0,0,受击不超过12次,4,12,0,0,0,0,"507031,0,20",0,0,0,,,0,0,第六-上章困难三星条件1,
507041,mission_threestar_507041,0,0,受击不超过12次,4,12,0,0,0,0,"507041,0,20",0,0,0,,,0,0,第六-上章困难三星条件1,
507051,mission_threestar_507051,0,0,受击不超过12次,4,12,0,0,0,0,"507051,0,20",0,0,0,,,0,0,第六-上章困难三星条件1,
507061,mission_threestar_507061,0,0,受击不超过12次,4,12,0,0,0,0,"507061,0,20",0,0,0,,,0,0,第六-上章困难三星条件1,
507071,mission_threestar_507071,0,0,受击不超过12次,4,12,0,0,0,0,"507071,0,20",0,0,0,,,0,0,第六-上章困难三星条件1,
507081,mission_threestar_507081,0,0,受击不超过12次,4,12,0,0,0,0,"507081,0,20",0,0,0,,,0,0,第六-上章困难三星条件1,
507091,mission_threestar_507091,0,0,受击不超过12次,4,12,0,0,0,0,"507091,0,20",0,0,0,,,0,0,第六-上章困难三星条件1,
507101,mission_threestar_507101,0,0,受击不超过12次,4,12,0,0,0,0,"507101,0,20",0,0,0,,,0,0,第六-上章困难三星条件1,
507111,mission_threestar_507111,0,0,受击不超过12次,4,12,0,0,0,0,"507111,0,20",0,0,0,,,0,0,第六-上章困难三星条件1,
507121,mission_threestar_507121,0,0,受击不超过12次,4,12,0,0,0,0,"507121,0,20",0,0,0,,,0,0,第六-上章困难三星条件1,
507131,mission_threestar_507131,0,0,受击不超过12次,4,12,0,0,0,0,"507131,0,20",0,0,0,,,0,0,第六-上章困难三星条件1,
507141,mission_threestar_507141,0,0,受击不超过12次,4,12,0,0,0,0,"507141,0,20",0,0,0,,,0,0,第六-上章困难三星条件1,
507151,mission_threestar_507151,0,0,受击不超过12次,4,12,0,0,0,0,"507151,0,20",0,0,0,,,0,0,第六-上章困难三星条件1,
507161,mission_threestar_507161,0,0,受击不超过12次,4,12,0,0,0,0,"507161,0,20",0,0,0,,,0,0,第六-上章困难三星条件1,
507171,mission_threestar_507171,0,0,受击不超过12次,4,12,0,0,0,0,"507171,0,20",0,0,0,,,0,0,第六-上章困难三星条件1,
507181,mission_threestar_507181,0,0,受击不超过12次,4,12,0,0,0,0,"507181,0,20",0,0,0,,,0,0,第六-上章困难三星条件1,
507191,mission_threestar_507191,0,0,受击不超过12次,4,12,0,0,0,0,"507191,0,20",0,0,0,,,0,0,第六-上章困难三星条件1,
507201,mission_threestar_507201,0,0,受击不超过12次,4,12,0,0,0,0,"507201,0,20",0,0,0,,,0,0,第六-上章困难三星条件1,
508011,mission_threestar_508011,0,0,受击不超过12次,4,12,0,0,0,0,"508011,0,12",0,0,0,,,0,0,第六-下章困难三星条件1,
508021,mission_threestar_508021,0,0,受击不超过12次,4,12,0,0,0,0,"508021,0,12",0,0,0,,,0,0,第六-下章困难三星条件1,
508031,mission_threestar_508031,0,0,受击不超过12次,4,12,0,0,0,0,"508031,0,12",0,0,0,,,0,0,第六-下章困难三星条件1,
508041,mission_threestar_508041,0,0,受击不超过12次,4,12,0,0,0,0,"508041,0,12",0,0,0,,,0,0,第六-下章困难三星条件1,
508051,mission_threestar_508051,0,0,受击不超过12次,4,12,0,0,0,0,"508051,0,20",0,0,0,,,0,0,第六-下章困难三星条件1,
508061,mission_threestar_508061,0,0,受击不超过12次,4,12,0,0,0,0,"508061,0,12",0,0,0,,,0,0,第六-下章困难三星条件1,
508071,mission_threestar_508071,0,0,受击不超过12次,4,12,0,0,0,0,"508071,0,12",0,0,0,,,0,0,第六-下章困难三星条件1,
508081,mission_threestar_508081,0,0,受击不超过12次,4,12,0,0,0,0,"508081,0,12",0,0,0,,,0,0,第六-下章困难三星条件1,
508091,mission_threestar_508091,0,0,受击不超过12次,4,12,0,0,0,0,"508091,0,12",0,0,0,,,0,0,第六-下章困难三星条件1,
508101,mission_threestar_508101,0,0,受击不超过12次,4,12,0,0,0,0,"508101,0,20",0,0,0,,,0,0,第六-下章困难三星条件1,
508111,mission_threestar_508111,0,0,受击不超过12次,4,12,0,0,0,0,"508111,0,12",0,0,0,,,0,0,第六-下章困难三星条件1,
508121,mission_threestar_508121,0,0,受击不超过12次,4,12,0,0,0,0,"508121,0,12",0,0,0,,,0,0,第六-下章困难三星条件1,
508131,mission_threestar_508131,0,0,受击不超过12次,4,12,0,0,0,0,"508131,0,12",0,0,0,,,0,0,第六-下章困难三星条件1,
508141,mission_threestar_508141,0,0,受击不超过12次,4,12,0,0,0,0,"508141,0,12",0,0,0,,,0,0,第六-下章困难三星条件1,
508151,mission_threestar_508151,0,0,受击不超过12次,4,12,0,0,0,0,"508151,0,20",0,0,0,,,0,0,第六-下章困难三星条件1,
508161,mission_threestar_508161,0,0,受击不超过12次,4,12,0,0,0,0,"508161,0,20",0,0,0,,,0,0,第六-下章困难三星条件1,
508171,mission_threestar_508171,0,0,受击不超过12次,4,12,0,0,0,0,"508171,0,20",0,0,0,,,0,0,第六-下章困难三星条件1,
508181,mission_threestar_508181,0,0,受击不超过12次,4,12,0,0,0,0,"508181,0,20",0,0,0,,,0,0,第六-下章困难三星条件1,
508191,mission_threestar_508191,0,0,受击不超过12次,4,12,0,0,0,0,"508191,0,20",0,0,0,,,0,0,第六-下章困难三星条件1,
508201,mission_threestar_508201,0,0,受击不超过12次,4,12,0,0,0,0,"508201,0,20",0,0,0,,,0,0,第六-下章困难三星条件1,
509011,mission_threestar_509011,0,0,受击不超过12次,4,12,0,0,0,0,"509011,0,12",0,0,0,,,0,0,第七章困难三星条件1,
509021,mission_threestar_509021,0,0,受击不超过12次,4,12,0,0,0,0,"509021,0,12",0,0,0,,,0,0,第七章困难三星条件1,
509031,mission_threestar_509031,0,0,受击不超过12次,4,12,0,0,0,0,"509031,0,12",0,0,0,,,0,0,第七章困难三星条件1,
509041,mission_threestar_509041,0,0,受击不超过12次,4,12,0,0,0,0,"509041,0,12",0,0,0,,,0,0,第七章困难三星条件1,
509051,mission_threestar_509051,0,0,受击不超过12次,4,12,0,0,0,0,"509051,0,20",0,0,0,,,0,0,第七章困难三星条件1,
509061,mission_threestar_509061,0,0,受击不超过12次,4,12,0,0,0,0,"509061,0,12",0,0,0,,,0,0,第七章困难三星条件1,
509071,mission_threestar_509071,0,0,受击不超过12次,4,12,0,0,0,0,"509071,0,12",0,0,0,,,0,0,第七章困难三星条件1,
509081,mission_threestar_509081,0,0,受击不超过12次,4,12,0,0,0,0,"509081,0,12",0,0,0,,,0,0,第七章困难三星条件1,
509091,mission_threestar_509091,0,0,受击不超过12次,4,12,0,0,0,0,"509091,0,12",0,0,0,,,0,0,第七章困难三星条件1,
509101,mission_threestar_509101,0,0,受击不超过12次,4,12,0,0,0,0,"509101,0,20",0,0,0,,,0,0,第七章困难三星条件1,
509111,mission_threestar_509111,0,0,受击不超过12次,4,12,0,0,0,0,"509111,0,12",0,0,0,,,0,0,第七章困难三星条件1,
509121,mission_threestar_509121,0,0,受击不超过12次,4,12,0,0,0,0,"509121,0,12",0,0,0,,,0,0,第七章困难三星条件1,
509131,mission_threestar_509131,0,0,受击不超过12次,4,12,0,0,0,0,"509131,0,12",0,0,0,,,0,0,第七章困难三星条件1,
509141,mission_threestar_509141,0,0,受击不超过12次,4,12,0,0,0,0,"509141,0,12",0,0,0,,,0,0,第七章困难三星条件1,
509151,mission_threestar_509151,0,0,受击不超过12次,4,12,0,0,0,0,"509151,0,20",0,0,0,,,0,0,第七章困难三星条件1,
509161,mission_threestar_509161,0,0,受击不超过12次,4,12,0,0,0,0,"509161,0,12",0,0,0,,,0,0,第七章困难三星条件1,
509171,mission_threestar_509171,0,0,受击不超过12次,4,12,0,0,0,0,"509171,0,12",0,0,0,,,0,0,第七章困难三星条件1,
509181,mission_threestar_509181,0,0,受击不超过12次,4,12,0,0,0,0,"509181,0,12",0,0,0,,,0,0,第七章困难三星条件1,
509191,mission_threestar_509191,0,0,受击不超过12次,4,12,0,0,0,0,"509191,0,12",0,0,0,,,0,0,第七章困难三星条件1,
509201,mission_threestar_509201,0,0,受击不超过12次,4,12,0,0,0,0,"509201,0,20",0,0,0,,,0,0,第七章困难三星条件1,
510011,mission_threestar_510011,0,0,受击不超过12次,4,12,0,0,0,0,"510011,0,12",0,0,0,,,0,0,第八章困难三星条件1,
510021,mission_threestar_510021,0,0,受击不超过12次,4,12,0,0,0,0,"510021,0,12",0,0,0,,,0,0,第八章困难三星条件1,
510031,mission_threestar_510031,0,0,受击不超过12次,4,12,0,0,0,0,"510031,0,12",0,0,0,,,0,0,第八章困难三星条件1,
510041,mission_threestar_510041,0,0,受击不超过12次,4,12,0,0,0,0,"510041,0,12",0,0,0,,,0,0,第八章困难三星条件1,
510051,mission_threestar_510051,0,0,受击不超过12次,4,12,0,0,0,0,"510051,0,20",0,0,0,,,0,0,第八章困难三星条件1,
510061,mission_threestar_510061,0,0,受击不超过12次,4,12,0,0,0,0,"510061,0,12",0,0,0,,,0,0,第八章困难三星条件1,
510071,mission_threestar_510071,0,0,受击不超过12次,4,12,0,0,0,0,"510071,0,12",0,0,0,,,0,0,第八章困难三星条件1,
510081,mission_threestar_510081,0,0,受击不超过12次,4,12,0,0,0,0,"510081,0,12",0,0,0,,,0,0,第八章困难三星条件1,
510091,mission_threestar_510091,0,0,受击不超过12次,4,12,0,0,0,0,"510091,0,12",0,0,0,,,0,0,第八章困难三星条件1,
510101,mission_threestar_510101,0,0,受击不超过12次,4,12,0,0,0,0,"510101,0,20",0,0,0,,,0,0,第八章困难三星条件1,
510111,mission_threestar_510111,0,0,受击不超过12次,4,12,0,0,0,0,"510111,0,12",0,0,0,,,0,0,第八章困难三星条件1,
510121,mission_threestar_510121,0,0,受击不超过12次,4,12,0,0,0,0,"510121,0,12",0,0,0,,,0,0,第八章困难三星条件1,
510131,mission_threestar_510131,0,0,受击不超过12次,4,12,0,0,0,0,"510131,0,12",0,0,0,,,0,0,第八章困难三星条件1,
510141,mission_threestar_510141,0,0,受击不超过12次,4,12,0,0,0,0,"510141,0,12",0,0,0,,,0,0,第八章困难三星条件1,
510151,mission_threestar_510151,0,0,受击不超过12次,4,12,0,0,0,0,"510151,0,20",0,0,0,,,0,0,第八章困难三星条件1,
510161,mission_threestar_510161,0,0,受击不超过12次,4,12,0,0,0,0,"510161,0,12",0,0,0,,,0,0,第八章困难三星条件1,
510171,mission_threestar_510171,0,0,受击不超过12次,4,12,0,0,0,0,"510171,0,12",0,0,0,,,0,0,第八章困难三星条件1,
510181,mission_threestar_510181,0,0,受击不超过12次,4,12,0,0,0,0,"510181,0,12",0,0,0,,,0,0,第八章困难三星条件1,
510191,mission_threestar_510191,0,0,受击不超过12次,4,12,0,0,0,0,"510191,0,12",0,0,0,,,0,0,第八章困难三星条件1,
510201,mission_threestar_510201,0,0,受击不超过12次,4,12,0,0,0,0,"510201,0,20",0,0,0,,,0,0,第八章困难三星条件1,
501012,mission_threestar_501012,0,0,800时序内通关,4,12,0,0,0,0,"501012,0,800",0,0,0,,,0,50100,第一章困难三星条件2,
501022,mission_threestar_501022,0,0,800时序内通关,4,12,0,0,0,0,"501022,0,800",0,0,0,,,0,50100,第一章困难三星条件2,
501032,mission_threestar_501032,0,0,800时序内通关,4,12,0,0,0,0,"501032,0,800",0,0,0,,,0,50100,第一章困难三星条件2,
501042,mission_threestar_501042,0,0,800时序内通关,4,12,0,0,0,0,"501042,0,800",0,0,0,,,0,50100,第一章困难三星条件2,
501052,mission_threestar_501052,0,0,800时序内通关,4,12,0,0,0,0,"501052,0,800",0,0,0,,,0,50100,第一章困难三星条件2,
501062,mission_threestar_501062,0,0,800时序内通关,4,12,0,0,0,0,"501062,0,800",0,0,0,,,0,50100,第一章困难三星条件2,
501072,mission_threestar_501072,0,0,800时序内通关,4,12,0,0,0,0,"501072,0,800",0,0,0,,,0,50100,第一章困难三星条件2,
501082,mission_threestar_501082,0,0,800时序内通关,4,12,0,0,0,0,"501082,0,800",0,0,0,,,0,50100,第一章困难三星条件2,
501092,mission_threestar_501092,0,0,800时序内通关,4,12,0,0,0,0,"501092,0,800",0,0,0,,,0,50100,第一章困难三星条件2,
501102,mission_threestar_501102,0,0,800时序内通关,4,12,0,0,0,0,"501102,0,800",0,0,0,,,0,50100,第一章困难三星条件2,
501112,mission_threestar_501112,0,0,800时序内通关,4,12,0,0,0,0,"501112,0,800",0,0,0,,,0,50100,第一章困难三星条件2,
501122,mission_threestar_501122,0,0,800时序内通关,4,12,0,0,0,0,"501122,0,800",0,0,0,,,0,50100,第一章困难三星条件2,
501132,mission_threestar_501132,0,0,800时序内通关,4,12,0,0,0,0,"501132,0,800",0,0,0,,,0,50100,第一章困难三星条件2,
501142,mission_threestar_501142,0,0,800时序内通关,4,12,0,0,0,0,"501142,0,800",0,0,0,,,0,50100,第一章困难三星条件2,
501152,mission_threestar_501152,0,0,800时序内通关,4,12,0,0,0,0,"501152,0,800",0,0,0,,,0,50100,第一章困难三星条件2,
501162,mission_threestar_501162,0,0,800时序内通关,4,12,0,0,0,0,"501162,0,800",0,0,0,,,0,50100,第一章困难三星条件2,
501172,mission_threestar_501172,0,0,800时序内通关,4,12,0,0,0,0,"501172,0,800",0,0,0,,,0,50100,第一章困难三星条件2,
501182,mission_threestar_501182,0,0,800时序内通关,4,12,0,0,0,0,"501182,0,800",0,0,0,,,0,50100,第一章困难三星条件2,
501192,mission_threestar_501192,0,0,800时序内通关,4,12,0,0,0,0,"501192,0,800",0,0,0,,,0,50100,第一章困难三星条件2,
501202,mission_threestar_501202,0,0,800时序内通关,4,12,0,0,0,0,"501202,0,800",0,0,0,,,0,50100,第一章困难三星条件2,
502012,mission_threestar_502012,0,0,800时序内通关,4,12,0,0,0,0,"502012,0,800",0,0,0,,,0,50200,第二章困难三星条件2,
502022,mission_threestar_502022,0,0,800时序内通关,4,12,0,0,0,0,"502022,0,800",0,0,0,,,0,50200,第二章困难三星条件2,
502032,mission_threestar_502032,0,0,800时序内通关,4,12,0,0,0,0,"502032,0,800",0,0,0,,,0,50200,第二章困难三星条件2,
502042,mission_threestar_502042,0,0,800时序内通关,4,12,0,0,0,0,"502042,0,800",0,0,0,,,0,50200,第二章困难三星条件2,
502052,mission_threestar_502052,0,0,800时序内通关,4,12,0,0,0,0,"502052,0,800",0,0,0,,,0,50200,第二章困难三星条件2,
502062,mission_threestar_502062,0,0,800时序内通关,4,12,0,0,0,0,"502062,0,800",0,0,0,,,0,50200,第二章困难三星条件2,
502072,mission_threestar_502072,0,0,800时序内通关,4,12,0,0,0,0,"502072,0,800",0,0,0,,,0,50200,第二章困难三星条件2,
502082,mission_threestar_502082,0,0,800时序内通关,4,12,0,0,0,0,"502082,0,800",0,0,0,,,0,50200,第二章困难三星条件2,
502092,mission_threestar_502092,0,0,800时序内通关,4,12,0,0,0,0,"502092,0,800",0,0,0,,,0,50200,第二章困难三星条件2,
502102,mission_threestar_502102,0,0,800时序内通关,4,12,0,0,0,0,"502102,0,800",0,0,0,,,0,50200,第二章困难三星条件2,
502112,mission_threestar_502112,0,0,800时序内通关,4,12,0,0,0,0,"502112,0,800",0,0,0,,,0,50200,第二章困难三星条件2,
502122,mission_threestar_502122,0,0,800时序内通关,4,12,0,0,0,0,"502122,0,800",0,0,0,,,0,50200,第二章困难三星条件2,
502132,mission_threestar_502132,0,0,800时序内通关,4,12,0,0,0,0,"502132,0,800",0,0,0,,,0,50200,第二章困难三星条件2,
502142,mission_threestar_502142,0,0,800时序内通关,4,12,0,0,0,0,"502142,0,800",0,0,0,,,0,50200,第二章困难三星条件2,
502152,mission_threestar_502152,0,0,800时序内通关,4,12,0,0,0,0,"502152,0,800",0,0,0,,,0,50200,第二章困难三星条件2,
502162,mission_threestar_502162,0,0,800时序内通关,4,12,0,0,0,0,"502162,0,800",0,0,0,,,0,50200,第二章困难三星条件2,
502172,mission_threestar_502172,0,0,800时序内通关,4,12,0,0,0,0,"502172,0,800",0,0,0,,,0,50200,第二章困难三星条件2,
502182,mission_threestar_502182,0,0,800时序内通关,4,12,0,0,0,0,"502182,0,800",0,0,0,,,0,50200,第二章困难三星条件2,
502192,mission_threestar_502192,0,0,800时序内通关,4,12,0,0,0,0,"502192,0,800",0,0,0,,,0,50200,第二章困难三星条件2,
502202,mission_threestar_502202,0,0,800时序内通关,4,12,0,0,0,0,"502202,0,800",0,0,0,,,0,50200,第二章困难三星条件2,
503012,mission_threestar_503012,0,0,800时序内通关,4,12,0,0,0,0,"503012,0,800",0,0,0,,,0,50300,第三章困难三星条件2,
503022,mission_threestar_503022,0,0,800时序内通关,4,12,0,0,0,0,"503022,0,800",0,0,0,,,0,50300,第三章困难三星条件2,
503032,mission_threestar_503032,0,0,800时序内通关,4,12,0,0,0,0,"503032,0,800",0,0,0,,,0,50300,第三章困难三星条件2,
503042,mission_threestar_503042,0,0,800时序内通关,4,12,0,0,0,0,"503042,0,800",0,0,0,,,0,50300,第三章困难三星条件2,
503052,mission_threestar_503052,0,0,800时序内通关,4,12,0,0,0,0,"503052,0,800",0,0,0,,,0,50300,第三章困难三星条件2,
503062,mission_threestar_503062,0,0,800时序内通关,4,12,0,0,0,0,"503062,0,800",0,0,0,,,0,50300,第三章困难三星条件2,
503072,mission_threestar_503072,0,0,800时序内通关,4,12,0,0,0,0,"503072,0,800",0,0,0,,,0,50300,第三章困难三星条件2,
503082,mission_threestar_503082,0,0,800时序内通关,4,12,0,0,0,0,"503082,0,800",0,0,0,,,0,50300,第三章困难三星条件2,
503092,mission_threestar_503092,0,0,800时序内通关,4,12,0,0,0,0,"503092,0,800",0,0,0,,,0,50300,第三章困难三星条件2,
503102,mission_threestar_503102,0,0,800时序内通关,4,12,0,0,0,0,"503102,0,800",0,0,0,,,0,50300,第三章困难三星条件2,
503112,mission_threestar_503112,0,0,800时序内通关,4,12,0,0,0,0,"503112,0,800",0,0,0,,,0,50300,第三章困难三星条件2,
503122,mission_threestar_503122,0,0,800时序内通关,4,12,0,0,0,0,"503122,0,800",0,0,0,,,0,50300,第三章困难三星条件2,
503132,mission_threestar_503132,0,0,800时序内通关,4,12,0,0,0,0,"503132,0,800",0,0,0,,,0,50300,第三章困难三星条件2,
503142,mission_threestar_503142,0,0,800时序内通关,4,12,0,0,0,0,"503142,0,800",0,0,0,,,0,50300,第三章困难三星条件2,
503152,mission_threestar_503152,0,0,800时序内通关,4,12,0,0,0,0,"503152,0,800",0,0,0,,,0,50300,第三章困难三星条件2,
503162,mission_threestar_503162,0,0,800时序内通关,4,12,0,0,0,0,"503162,0,800",0,0,0,,,0,50300,第三章困难三星条件2,
503172,mission_threestar_503172,0,0,800时序内通关,4,12,0,0,0,0,"503172,0,800",0,0,0,,,0,50300,第三章困难三星条件2,
503182,mission_threestar_503182,0,0,800时序内通关,4,12,0,0,0,0,"503182,0,800",0,0,0,,,0,50300,第三章困难三星条件2,
503192,mission_threestar_503192,0,0,800时序内通关,4,12,0,0,0,0,"503192,0,800",0,0,0,,,0,50300,第三章困难三星条件2,
503202,mission_threestar_503202,0,0,800时序内通关,4,12,0,0,0,0,"503202,0,800",0,0,0,,,0,50300,第三章困难三星条件2,
504012,mission_threestar_504012,0,0,800时序内通关,4,12,0,0,0,0,"504012,0,800",0,0,0,,,0,50400,第四章困难三星条件2,
504022,mission_threestar_504022,0,0,800时序内通关,4,12,0,0,0,0,"504022,0,800",0,0,0,,,0,50400,第四章困难三星条件2,
504032,mission_threestar_504032,0,0,800时序内通关,4,12,0,0,0,0,"504032,0,800",0,0,0,,,0,50400,第四章困难三星条件2,
504042,mission_threestar_504042,0,0,800时序内通关,4,12,0,0,0,0,"504042,0,800",0,0,0,,,0,50400,第四章困难三星条件2,
504052,mission_threestar_504052,0,0,800时序内通关,4,12,0,0,0,0,"504052,0,800",0,0,0,,,0,50400,第四章困难三星条件2,
504062,mission_threestar_504062,0,0,800时序内通关,4,12,0,0,0,0,"504062,0,800",0,0,0,,,0,50400,第四章困难三星条件2,
504072,mission_threestar_504072,0,0,800时序内通关,4,12,0,0,0,0,"504072,0,800",0,0,0,,,0,50400,第四章困难三星条件2,
504082,mission_threestar_504082,0,0,800时序内通关,4,12,0,0,0,0,"504082,0,800",0,0,0,,,0,50400,第四章困难三星条件2,
504092,mission_threestar_504092,0,0,800时序内通关,4,12,0,0,0,0,"504092,0,800",0,0,0,,,0,50400,第四章困难三星条件2,
504102,mission_threestar_504102,0,0,800时序内通关,4,12,0,0,0,0,"504102,0,800",0,0,0,,,0,50400,第四章困难三星条件2,
504112,mission_threestar_504112,0,0,800时序内通关,4,12,0,0,0,0,"504112,0,800",0,0,0,,,0,50400,第四章困难三星条件2,
504122,mission_threestar_504122,0,0,800时序内通关,4,12,0,0,0,0,"504122,0,800",0,0,0,,,0,50400,第四章困难三星条件2,
504132,mission_threestar_504132,0,0,800时序内通关,4,12,0,0,0,0,"504132,0,800",0,0,0,,,0,50400,第四章困难三星条件2,
504142,mission_threestar_504142,0,0,800时序内通关,4,12,0,0,0,0,"504142,0,800",0,0,0,,,0,50400,第四章困难三星条件2,
504152,mission_threestar_504152,0,0,800时序内通关,4,12,0,0,0,0,"504152,0,800",0,0,0,,,0,50400,第四章困难三星条件2,
504162,mission_threestar_504162,0,0,800时序内通关,4,12,0,0,0,0,"504162,0,800",0,0,0,,,0,50400,第四章困难三星条件2,
504172,mission_threestar_504172,0,0,800时序内通关,4,12,0,0,0,0,"504172,0,800",0,0,0,,,0,50400,第四章困难三星条件2,
504182,mission_threestar_504182,0,0,800时序内通关,4,12,0,0,0,0,"504182,0,800",0,0,0,,,0,50400,第四章困难三星条件2,
504192,mission_threestar_504192,0,0,800时序内通关,4,12,0,0,0,0,"504192,0,800",0,0,0,,,0,50400,第四章困难三星条件2,
504202,mission_threestar_504202,0,0,800时序内通关,4,12,0,0,0,0,"504202,0,800",0,0,0,,,0,50400,第四章困难三星条件2,
505012,mission_threestar_505012,0,0,800时序内通关,4,12,0,0,0,0,"505012,0,800",0,0,0,,,0,50500,第五章困难三星条件2,
505022,mission_threestar_505022,0,0,800时序内通关,4,12,0,0,0,0,"505022,0,800",0,0,0,,,0,50500,第五章困难三星条件2,
505032,mission_threestar_505032,0,0,800时序内通关,4,12,0,0,0,0,"505032,0,800",0,0,0,,,0,50500,第五章困难三星条件2,
505042,mission_threestar_505042,0,0,800时序内通关,4,12,0,0,0,0,"505042,0,800",0,0,0,,,0,50500,第五章困难三星条件2,
505052,mission_threestar_505052,0,0,800时序内通关,4,12,0,0,0,0,"505052,0,800",0,0,0,,,0,50500,第五章困难三星条件2,
505062,mission_threestar_505062,0,0,800时序内通关,4,12,0,0,0,0,"505062,0,800",0,0,0,,,0,50500,第五章困难三星条件2,
505072,mission_threestar_505072,0,0,800时序内通关,4,12,0,0,0,0,"505072,0,800",0,0,0,,,0,50500,第五章困难三星条件2,
505082,mission_threestar_505082,0,0,800时序内通关,4,12,0,0,0,0,"505082,0,800",0,0,0,,,0,50500,第五章困难三星条件2,
505092,mission_threestar_505092,0,0,800时序内通关,4,12,0,0,0,0,"505092,0,800",0,0,0,,,0,50500,第五章困难三星条件2,
505102,mission_threestar_505102,0,0,800时序内通关,4,12,0,0,0,0,"505102,0,800",0,0,0,,,0,50500,第五章困难三星条件2,
505112,mission_threestar_505112,0,0,800时序内通关,4,12,0,0,0,0,"505112,0,800",0,0,0,,,0,50500,第五章困难三星条件2,
505122,mission_threestar_505122,0,0,800时序内通关,4,12,0,0,0,0,"505122,0,800",0,0,0,,,0,50500,第五章困难三星条件2,
505132,mission_threestar_505132,0,0,800时序内通关,4,12,0,0,0,0,"505132,0,800",0,0,0,,,0,50500,第五章困难三星条件2,
505142,mission_threestar_505142,0,0,800时序内通关,4,12,0,0,0,0,"505142,0,800",0,0,0,,,0,50500,第五章困难三星条件2,
505152,mission_threestar_505152,0,0,800时序内通关,4,12,0,0,0,0,"505152,0,800",0,0,0,,,0,50500,第五章困难三星条件2,
505162,mission_threestar_505162,0,0,800时序内通关,4,12,0,0,0,0,"505162,0,800",0,0,0,,,0,50500,第五章困难三星条件2,
505172,mission_threestar_505172,0,0,800时序内通关,4,12,0,0,0,0,"505172,0,800",0,0,0,,,0,50500,第五章困难三星条件2,
505182,mission_threestar_505182,0,0,800时序内通关,4,12,0,0,0,0,"505182,0,800",0,0,0,,,0,50500,第五章困难三星条件2,
505192,mission_threestar_505192,0,0,800时序内通关,4,12,0,0,0,0,"505192,0,800",0,0,0,,,0,50500,第五章困难三星条件2,
505202,mission_threestar_505202,0,0,800时序内通关,4,12,0,0,0,0,"505202,0,800",0,0,0,,,0,50500,第五章困难三星条件2,
506012,mission_threestar_506012,0,0,800时序内通关,4,12,0,0,0,0,"506012,0,800",0,0,0,,,0,50600,第六-序章困难三星条件2,
506022,mission_threestar_506022,0,0,800时序内通关,4,12,0,0,0,0,"506022,0,800",0,0,0,,,0,50600,第六-序章困难三星条件2,
506032,mission_threestar_506032,0,0,800时序内通关,4,12,0,0,0,0,"506032,0,800",0,0,0,,,0,50600,第六-序章困难三星条件2,
506042,mission_threestar_506042,0,0,800时序内通关,4,12,0,0,0,0,"506042,0,800",0,0,0,,,0,50600,第六-序章困难三星条件2,
506052,mission_threestar_506052,0,0,800时序内通关,4,12,0,0,0,0,"506052,0,800",0,0,0,,,0,50600,第六-序章困难三星条件2,
506062,mission_threestar_506062,0,0,800时序内通关,4,12,0,0,0,0,"506062,0,800",0,0,0,,,0,50600,第六-序章困难三星条件2,
506072,mission_threestar_506072,0,0,800时序内通关,4,12,0,0,0,0,"506072,0,800",0,0,0,,,0,50600,第六-序章困难三星条件2,
506082,mission_threestar_506082,0,0,800时序内通关,4,12,0,0,0,0,"506082,0,800",0,0,0,,,0,50600,第六-序章困难三星条件2,
506092,mission_threestar_506092,0,0,800时序内通关,4,12,0,0,0,0,"506092,0,800",0,0,0,,,0,50600,第六-序章困难三星条件2,
506102,mission_threestar_506102,0,0,800时序内通关,4,12,0,0,0,0,"506102,0,800",0,0,0,,,0,50600,第六-序章困难三星条件2,
506112,mission_threestar_506112,0,0,800时序内通关,4,12,0,0,0,0,"506112,0,800",0,0,0,,,0,50600,第六-序章困难三星条件2,
506122,mission_threestar_506122,0,0,800时序内通关,4,12,0,0,0,0,"506122,0,800",0,0,0,,,0,50600,第六-序章困难三星条件2,
506132,mission_threestar_506132,0,0,800时序内通关,4,12,0,0,0,0,"506132,0,800",0,0,0,,,0,50600,第六-序章困难三星条件2,
506142,mission_threestar_506142,0,0,800时序内通关,4,12,0,0,0,0,"506142,0,800",0,0,0,,,0,50600,第六-序章困难三星条件2,
506152,mission_threestar_506152,0,0,800时序内通关,4,12,0,0,0,0,"506152,0,800",0,0,0,,,0,50600,第六-序章困难三星条件2,
506162,mission_threestar_506162,0,0,800时序内通关,4,12,0,0,0,0,"506162,0,800",0,0,0,,,0,50600,第六-序章困难三星条件2,
506172,mission_threestar_506172,0,0,800时序内通关,4,12,0,0,0,0,"506172,0,800",0,0,0,,,0,50600,第六-序章困难三星条件2,
506182,mission_threestar_506182,0,0,800时序内通关,4,12,0,0,0,0,"506182,0,800",0,0,0,,,0,50600,第六-序章困难三星条件2,
506192,mission_threestar_506192,0,0,800时序内通关,4,12,0,0,0,0,"506192,0,800",0,0,0,,,0,50600,第六-序章困难三星条件2,
506202,mission_threestar_506202,0,0,800时序内通关,4,12,0,0,0,0,"506202,0,800",0,0,0,,,0,50600,第六-序章困难三星条件2,
507012,mission_threestar_507012,0,0,800时序内通关,4,12,0,0,0,0,"507012,0,800",0,0,0,,,0,50700,第六-上章困难三星条件2,
507022,mission_threestar_507022,0,0,800时序内通关,4,12,0,0,0,0,"507022,0,800",0,0,0,,,0,50700,第六-上章困难三星条件2,
507032,mission_threestar_507032,0,0,800时序内通关,4,12,0,0,0,0,"507032,0,800",0,0,0,,,0,50700,第六-上章困难三星条件2,
507042,mission_threestar_507042,0,0,800时序内通关,4,12,0,0,0,0,"507042,0,800",0,0,0,,,0,50700,第六-上章困难三星条件2,
507052,mission_threestar_507052,0,0,800时序内通关,4,12,0,0,0,0,"507052,0,800",0,0,0,,,0,50700,第六-上章困难三星条件2,
507062,mission_threestar_507062,0,0,800时序内通关,4,12,0,0,0,0,"507062,0,800",0,0,0,,,0,50700,第六-上章困难三星条件2,
507072,mission_threestar_507072,0,0,800时序内通关,4,12,0,0,0,0,"507072,0,800",0,0,0,,,0,50700,第六-上章困难三星条件2,
507082,mission_threestar_507082,0,0,800时序内通关,4,12,0,0,0,0,"507082,0,800",0,0,0,,,0,50700,第六-上章困难三星条件2,
507092,mission_threestar_507092,0,0,800时序内通关,4,12,0,0,0,0,"507092,0,800",0,0,0,,,0,50700,第六-上章困难三星条件2,
507102,mission_threestar_507102,0,0,800时序内通关,4,12,0,0,0,0,"507102,0,800",0,0,0,,,0,50700,第六-上章困难三星条件2,
507112,mission_threestar_507112,0,0,800时序内通关,4,12,0,0,0,0,"507112,0,800",0,0,0,,,0,50700,第六-上章困难三星条件2,
507122,mission_threestar_507122,0,0,800时序内通关,4,12,0,0,0,0,"507122,0,800",0,0,0,,,0,50700,第六-上章困难三星条件2,
507132,mission_threestar_507132,0,0,800时序内通关,4,12,0,0,0,0,"507132,0,800",0,0,0,,,0,50700,第六-上章困难三星条件2,
507142,mission_threestar_507142,0,0,800时序内通关,4,12,0,0,0,0,"507142,0,800",0,0,0,,,0,50700,第六-上章困难三星条件2,
507152,mission_threestar_507152,0,0,800时序内通关,4,12,0,0,0,0,"507152,0,800",0,0,0,,,0,50700,第六-上章困难三星条件2,
507162,mission_threestar_507162,0,0,800时序内通关,4,12,0,0,0,0,"507162,0,800",0,0,0,,,0,50700,第六-上章困难三星条件2,
507172,mission_threestar_507172,0,0,800时序内通关,4,12,0,0,0,0,"507172,0,800",0,0,0,,,0,50700,第六-上章困难三星条件2,
507182,mission_threestar_507182,0,0,800时序内通关,4,12,0,0,0,0,"507182,0,800",0,0,0,,,0,50700,第六-上章困难三星条件2,
507192,mission_threestar_507192,0,0,800时序内通关,4,12,0,0,0,0,"507192,0,800",0,0,0,,,0,50700,第六-上章困难三星条件2,
507202,mission_threestar_507202,0,0,800时序内通关,4,12,0,0,0,0,"507202,0,800",0,0,0,,,0,50700,第六-上章困难三星条件2,
508012,mission_threestar_508012,0,0,800时序内通关,4,12,0,0,0,0,"508012,0,800",0,0,0,,,0,50800,第六-下章困难三星条件2,
508022,mission_threestar_508022,0,0,800时序内通关,4,12,0,0,0,0,"508022,0,800",0,0,0,,,0,50800,第六-下章困难三星条件2,
508032,mission_threestar_508032,0,0,800时序内通关,4,12,0,0,0,0,"508032,0,800",0,0,0,,,0,50800,第六-下章困难三星条件2,
508042,mission_threestar_508042,0,0,800时序内通关,4,12,0,0,0,0,"508042,0,800",0,0,0,,,0,50800,第六-下章困难三星条件2,
508052,mission_threestar_508052,0,0,800时序内通关,4,12,0,0,0,0,"508052,0,800",0,0,0,,,0,50800,第六-下章困难三星条件2,
508062,mission_threestar_508062,0,0,800时序内通关,4,12,0,0,0,0,"508062,0,800",0,0,0,,,0,50800,第六-下章困难三星条件2,
508072,mission_threestar_508072,0,0,800时序内通关,4,12,0,0,0,0,"508072,0,800",0,0,0,,,0,50800,第六-下章困难三星条件2,
508082,mission_threestar_508082,0,0,800时序内通关,4,12,0,0,0,0,"508082,0,800",0,0,0,,,0,50800,第六-下章困难三星条件2,
508092,mission_threestar_508092,0,0,800时序内通关,4,12,0,0,0,0,"508092,0,800",0,0,0,,,0,50800,第六-下章困难三星条件2,
508102,mission_threestar_508102,0,0,800时序内通关,4,12,0,0,0,0,"508102,0,800",0,0,0,,,0,50800,第六-下章困难三星条件2,
508112,mission_threestar_508112,0,0,800时序内通关,4,12,0,0,0,0,"508112,0,800",0,0,0,,,0,50800,第六-下章困难三星条件2,
508122,mission_threestar_508122,0,0,800时序内通关,4,12,0,0,0,0,"508122,0,800",0,0,0,,,0,50800,第六-下章困难三星条件2,
508132,mission_threestar_508132,0,0,800时序内通关,4,12,0,0,0,0,"508132,0,800",0,0,0,,,0,50800,第六-下章困难三星条件2,
508142,mission_threestar_508142,0,0,800时序内通关,4,12,0,0,0,0,"508142,0,800",0,0,0,,,0,50800,第六-下章困难三星条件2,
508152,mission_threestar_508152,0,0,800时序内通关,4,12,0,0,0,0,"508152,0,800",0,0,0,,,0,50800,第六-下章困难三星条件2,
508162,mission_threestar_508162,0,0,800时序内通关,4,12,0,0,0,0,"508162,0,800",0,0,0,,,0,50800,第六-下章困难三星条件2,
508172,mission_threestar_508172,0,0,800时序内通关,4,12,0,0,0,0,"508172,0,800",0,0,0,,,0,50800,第六-下章困难三星条件2,
508182,mission_threestar_508182,0,0,800时序内通关,4,12,0,0,0,0,"508182,0,800",0,0,0,,,0,50800,第六-下章困难三星条件2,
508192,mission_threestar_508192,0,0,800时序内通关,4,12,0,0,0,0,"508192,0,800",0,0,0,,,0,50800,第六-下章困难三星条件2,
508202,mission_threestar_508202,0,0,800时序内通关,4,12,0,0,0,0,"508202,0,800",0,0,0,,,0,50800,第六-下章困难三星条件2,
509012,mission_threestar_509012,0,0,800时序内通关,4,12,0,0,0,0,"509012,0,800",0,0,0,,,0,50900,第七章困难三星条件2,
509022,mission_threestar_509022,0,0,800时序内通关,4,12,0,0,0,0,"509022,0,800",0,0,0,,,0,50900,第七章困难三星条件2,
509032,mission_threestar_509032,0,0,800时序内通关,4,12,0,0,0,0,"509032,0,800",0,0,0,,,0,50900,第七章困难三星条件2,
509042,mission_threestar_509042,0,0,800时序内通关,4,12,0,0,0,0,"509042,0,800",0,0,0,,,0,50900,第七章困难三星条件2,
509052,mission_threestar_509052,0,0,800时序内通关,4,12,0,0,0,0,"509052,0,800",0,0,0,,,0,50900,第七章困难三星条件2,
509062,mission_threestar_509062,0,0,800时序内通关,4,12,0,0,0,0,"509062,0,800",0,0,0,,,0,50900,第七章困难三星条件2,
509072,mission_threestar_509072,0,0,800时序内通关,4,12,0,0,0,0,"509072,0,800",0,0,0,,,0,50900,第七章困难三星条件2,
509082,mission_threestar_509082,0,0,800时序内通关,4,12,0,0,0,0,"509082,0,800",0,0,0,,,0,50900,第七章困难三星条件2,
509092,mission_threestar_509092,0,0,800时序内通关,4,12,0,0,0,0,"509092,0,800",0,0,0,,,0,50900,第七章困难三星条件2,
509102,mission_threestar_509102,0,0,800时序内通关,4,12,0,0,0,0,"509102,0,800",0,0,0,,,0,50900,第七章困难三星条件2,
509112,mission_threestar_509112,0,0,800时序内通关,4,12,0,0,0,0,"509112,0,800",0,0,0,,,0,50900,第七章困难三星条件2,
509122,mission_threestar_509122,0,0,800时序内通关,4,12,0,0,0,0,"509122,0,800",0,0,0,,,0,50900,第七章困难三星条件2,
509132,mission_threestar_509132,0,0,800时序内通关,4,12,0,0,0,0,"509132,0,800",0,0,0,,,0,50900,第七章困难三星条件2,
509142,mission_threestar_509142,0,0,800时序内通关,4,12,0,0,0,0,"509142,0,800",0,0,0,,,0,50900,第七章困难三星条件2,
509152,mission_threestar_509152,0,0,800时序内通关,4,12,0,0,0,0,"509152,0,800",0,0,0,,,0,50900,第七章困难三星条件2,
509162,mission_threestar_509162,0,0,800时序内通关,4,12,0,0,0,0,"509162,0,800",0,0,0,,,0,50900,第七章困难三星条件2,
509172,mission_threestar_509172,0,0,800时序内通关,4,12,0,0,0,0,"509172,0,800",0,0,0,,,0,50900,第七章困难三星条件2,
509182,mission_threestar_509182,0,0,800时序内通关,4,12,0,0,0,0,"509182,0,800",0,0,0,,,0,50900,第七章困难三星条件2,
509192,mission_threestar_509192,0,0,800时序内通关,4,12,0,0,0,0,"509192,0,800",0,0,0,,,0,50900,第七章困难三星条件2,
509202,mission_threestar_509202,0,0,800时序内通关,4,12,0,0,0,0,"509202,0,800",0,0,0,,,0,50900,第七章困难三星条件2,
510012,mission_threestar_510012,0,0,800时序内通关,4,12,0,0,0,0,"510012,0,800",0,0,0,,,0,51000,第八章困难三星条件2,
510022,mission_threestar_510022,0,0,800时序内通关,4,12,0,0,0,0,"510022,0,800",0,0,0,,,0,51000,第八章困难三星条件2,
510032,mission_threestar_510032,0,0,800时序内通关,4,12,0,0,0,0,"510032,0,800",0,0,0,,,0,51000,第八章困难三星条件2,
510042,mission_threestar_510042,0,0,800时序内通关,4,12,0,0,0,0,"510042,0,800",0,0,0,,,0,51000,第八章困难三星条件2,
510052,mission_threestar_510052,0,0,800时序内通关,4,12,0,0,0,0,"510052,0,800",0,0,0,,,0,51000,第八章困难三星条件2,
510062,mission_threestar_510062,0,0,800时序内通关,4,12,0,0,0,0,"510062,0,800",0,0,0,,,0,51000,第八章困难三星条件2,
510072,mission_threestar_510072,0,0,800时序内通关,4,12,0,0,0,0,"510072,0,800",0,0,0,,,0,51000,第八章困难三星条件2,
510082,mission_threestar_510082,0,0,800时序内通关,4,12,0,0,0,0,"510082,0,800",0,0,0,,,0,51000,第八章困难三星条件2,
510092,mission_threestar_510092,0,0,800时序内通关,4,12,0,0,0,0,"510092,0,800",0,0,0,,,0,51000,第八章困难三星条件2,
510102,mission_threestar_510102,0,0,800时序内通关,4,12,0,0,0,0,"510102,0,800",0,0,0,,,0,51000,第八章困难三星条件2,
510112,mission_threestar_510112,0,0,800时序内通关,4,12,0,0,0,0,"510112,0,800",0,0,0,,,0,51000,第八章困难三星条件2,
510122,mission_threestar_510122,0,0,800时序内通关,4,12,0,0,0,0,"510122,0,800",0,0,0,,,0,51000,第八章困难三星条件2,
510132,mission_threestar_510132,0,0,800时序内通关,4,12,0,0,0,0,"510132,0,800",0,0,0,,,0,51000,第八章困难三星条件2,
510142,mission_threestar_510142,0,0,800时序内通关,4,12,0,0,0,0,"510142,0,800",0,0,0,,,0,51000,第八章困难三星条件2,
510152,mission_threestar_510152,0,0,800时序内通关,4,12,0,0,0,0,"510152,0,800",0,0,0,,,0,51000,第八章困难三星条件2,
510162,mission_threestar_510162,0,0,800时序内通关,4,12,0,0,0,0,"510162,0,800",0,0,0,,,0,51000,第八章困难三星条件2,
510172,mission_threestar_510172,0,0,800时序内通关,4,12,0,0,0,0,"510172,0,800",0,0,0,,,0,51000,第八章困难三星条件2,
510182,mission_threestar_510182,0,0,800时序内通关,4,12,0,0,0,0,"510182,0,800",0,0,0,,,0,51000,第八章困难三星条件2,
510192,mission_threestar_510192,0,0,800时序内通关,4,12,0,0,0,0,"510192,0,800",0,0,0,,,0,51000,第八章困难三星条件2,
510202,mission_threestar_510202,0,0,800时序内通关,4,12,0,0,0,0,"510202,0,800",0,0,0,,,0,51000,第八章困难三星条件2,
501013,mission_threestar_501013,0,0,无人死亡,4,12,0,0,0,0,"501013,0,0",0,0,0,,,0,50100,第一章困难三星条件3,
501023,mission_threestar_501023,0,0,无人死亡,4,12,0,0,0,0,"501023,0,0",0,0,0,,,0,50100,第一章困难三星条件3,
501033,mission_threestar_501033,0,0,无人死亡,4,12,0,0,0,0,"501033,0,0",0,0,0,,,0,50100,第一章困难三星条件3,
501043,mission_threestar_501043,0,0,无人死亡,4,12,0,0,0,0,"501043,0,0",0,0,0,,,0,50100,第一章困难三星条件3,
501053,mission_threestar_501053,0,0,无人死亡,4,12,0,0,0,0,"501053,0,0",0,0,0,,,0,50100,第一章困难三星条件3,
501063,mission_threestar_501063,0,0,无人死亡,4,12,0,0,0,0,"501063,0,0",0,0,0,,,0,50100,第一章困难三星条件3,
501073,mission_threestar_501073,0,0,无人死亡,4,12,0,0,0,0,"501073,0,0",0,0,0,,,0,50100,第一章困难三星条件3,
501083,mission_threestar_501083,0,0,无人死亡,4,12,0,0,0,0,"501083,0,0",0,0,0,,,0,50100,第一章困难三星条件3,
501093,mission_threestar_501093,0,0,无人死亡,4,12,0,0,0,0,"501093,0,0",0,0,0,,,0,50100,第一章困难三星条件3,
501103,mission_threestar_501103,0,0,无人死亡,4,12,0,0,0,0,"501103,0,0",0,0,0,,,0,50100,第一章困难三星条件3,
501113,mission_threestar_501113,0,0,无人死亡,4,12,0,0,0,0,"501113,0,0",0,0,0,,,0,50100,第一章困难三星条件3,
501123,mission_threestar_501123,0,0,无人死亡,4,12,0,0,0,0,"501123,0,0",0,0,0,,,0,50100,第一章困难三星条件3,
501133,mission_threestar_501133,0,0,无人死亡,4,12,0,0,0,0,"501133,0,0",0,0,0,,,0,50100,第一章困难三星条件3,
501143,mission_threestar_501143,0,0,无人死亡,4,12,0,0,0,0,"501143,0,0",0,0,0,,,0,50100,第一章困难三星条件3,
501153,mission_threestar_501153,0,0,无人死亡,4,12,0,0,0,0,"501153,0,0",0,0,0,,,0,50100,第一章困难三星条件3,
501163,mission_threestar_501163,0,0,无人死亡,4,12,0,0,0,0,"501163,0,0",0,0,0,,,0,50100,第一章困难三星条件3,
501173,mission_threestar_501173,0,0,无人死亡,4,12,0,0,0,0,"501173,0,0",0,0,0,,,0,50100,第一章困难三星条件3,
501183,mission_threestar_501183,0,0,无人死亡,4,12,0,0,0,0,"501183,0,0",0,0,0,,,0,50100,第一章困难三星条件3,
501193,mission_threestar_501193,0,0,无人死亡,4,12,0,0,0,0,"501193,0,0",0,0,0,,,0,50100,第一章困难三星条件3,
501203,mission_threestar_501203,0,0,无人死亡,4,12,0,0,0,0,"501203,0,0",0,0,0,,,0,50100,第一章困难三星条件3,
502013,mission_threestar_502013,0,0,无人死亡,4,12,0,0,0,0,"502013,0,0",0,0,0,,,0,50200,第二章困难三星条件3,
502023,mission_threestar_502023,0,0,无人死亡,4,12,0,0,0,0,"502023,0,0",0,0,0,,,0,50200,第二章困难三星条件3,
502033,mission_threestar_502033,0,0,无人死亡,4,12,0,0,0,0,"502033,0,0",0,0,0,,,0,50200,第二章困难三星条件3,
502043,mission_threestar_502043,0,0,无人死亡,4,12,0,0,0,0,"502043,0,0",0,0,0,,,0,50200,第二章困难三星条件3,
502053,mission_threestar_502053,0,0,无人死亡,4,12,0,0,0,0,"502053,0,0",0,0,0,,,0,50200,第二章困难三星条件3,
502063,mission_threestar_502063,0,0,无人死亡,4,12,0,0,0,0,"502063,0,0",0,0,0,,,0,50200,第二章困难三星条件3,
502073,mission_threestar_502073,0,0,无人死亡,4,12,0,0,0,0,"502073,0,0",0,0,0,,,0,50200,第二章困难三星条件3,
502083,mission_threestar_502083,0,0,无人死亡,4,12,0,0,0,0,"502083,0,0",0,0,0,,,0,50200,第二章困难三星条件3,
502093,mission_threestar_502093,0,0,无人死亡,4,12,0,0,0,0,"502093,0,0",0,0,0,,,0,50200,第二章困难三星条件3,
502103,mission_threestar_502103,0,0,无人死亡,4,12,0,0,0,0,"502103,0,0",0,0,0,,,0,50200,第二章困难三星条件3,
502113,mission_threestar_502113,0,0,无人死亡,4,12,0,0,0,0,"502113,0,0",0,0,0,,,0,50200,第二章困难三星条件3,
502123,mission_threestar_502123,0,0,无人死亡,4,12,0,0,0,0,"502123,0,0",0,0,0,,,0,50200,第二章困难三星条件3,
502133,mission_threestar_502133,0,0,无人死亡,4,12,0,0,0,0,"502133,0,0",0,0,0,,,0,50200,第二章困难三星条件3,
502143,mission_threestar_502143,0,0,无人死亡,4,12,0,0,0,0,"502143,0,0",0,0,0,,,0,50200,第二章困难三星条件3,
502153,mission_threestar_502153,0,0,无人死亡,4,12,0,0,0,0,"502153,0,0",0,0,0,,,0,50200,第二章困难三星条件3,
502163,mission_threestar_502163,0,0,无人死亡,4,12,0,0,0,0,"502163,0,0",0,0,0,,,0,50200,第二章困难三星条件3,
502173,mission_threestar_502173,0,0,无人死亡,4,12,0,0,0,0,"502173,0,0",0,0,0,,,0,50200,第二章困难三星条件3,
502183,mission_threestar_502183,0,0,无人死亡,4,12,0,0,0,0,"502183,0,0",0,0,0,,,0,50200,第二章困难三星条件3,
502193,mission_threestar_502193,0,0,无人死亡,4,12,0,0,0,0,"502193,0,0",0,0,0,,,0,50200,第二章困难三星条件3,
502203,mission_threestar_502203,0,0,无人死亡,4,12,0,0,0,0,"502203,0,0",0,0,0,,,0,50200,第二章困难三星条件3,
503013,mission_threestar_503013,0,0,无人死亡,4,12,0,0,0,0,"503013,0,0",0,0,0,,,0,50300,第三章困难三星条件3,
503023,mission_threestar_503023,0,0,无人死亡,4,12,0,0,0,0,"503023,0,0",0,0,0,,,0,50300,第三章困难三星条件3,
503033,mission_threestar_503033,0,0,无人死亡,4,12,0,0,0,0,"503033,0,0",0,0,0,,,0,50300,第三章困难三星条件3,
503043,mission_threestar_503043,0,0,无人死亡,4,12,0,0,0,0,"503043,0,0",0,0,0,,,0,50300,第三章困难三星条件3,
503053,mission_threestar_503053,0,0,无人死亡,4,12,0,0,0,0,"503053,0,0",0,0,0,,,0,50300,第三章困难三星条件3,
503063,mission_threestar_503063,0,0,无人死亡,4,12,0,0,0,0,"503063,0,0",0,0,0,,,0,50300,第三章困难三星条件3,
503073,mission_threestar_503073,0,0,无人死亡,4,12,0,0,0,0,"503073,0,0",0,0,0,,,0,50300,第三章困难三星条件3,
503083,mission_threestar_503083,0,0,无人死亡,4,12,0,0,0,0,"503083,0,0",0,0,0,,,0,50300,第三章困难三星条件3,
503093,mission_threestar_503093,0,0,无人死亡,4,12,0,0,0,0,"503093,0,0",0,0,0,,,0,50300,第三章困难三星条件3,
503103,mission_threestar_503103,0,0,无人死亡,4,12,0,0,0,0,"503103,0,0",0,0,0,,,0,50300,第三章困难三星条件3,
503113,mission_threestar_503113,0,0,无人死亡,4,12,0,0,0,0,"503113,0,0",0,0,0,,,0,50300,第三章困难三星条件3,
503123,mission_threestar_503123,0,0,无人死亡,4,12,0,0,0,0,"503123,0,0",0,0,0,,,0,50300,第三章困难三星条件3,
503133,mission_threestar_503133,0,0,无人死亡,4,12,0,0,0,0,"503133,0,0",0,0,0,,,0,50300,第三章困难三星条件3,
503143,mission_threestar_503143,0,0,无人死亡,4,12,0,0,0,0,"503143,0,0",0,0,0,,,0,50300,第三章困难三星条件3,
503153,mission_threestar_503153,0,0,无人死亡,4,12,0,0,0,0,"503153,0,0",0,0,0,,,0,50300,第三章困难三星条件3,
503163,mission_threestar_503163,0,0,无人死亡,4,12,0,0,0,0,"503163,0,0",0,0,0,,,0,50300,第三章困难三星条件3,
503173,mission_threestar_503173,0,0,无人死亡,4,12,0,0,0,0,"503173,0,0",0,0,0,,,0,50300,第三章困难三星条件3,
503183,mission_threestar_503183,0,0,无人死亡,4,12,0,0,0,0,"503183,0,0",0,0,0,,,0,50300,第三章困难三星条件3,
503193,mission_threestar_503193,0,0,无人死亡,4,12,0,0,0,0,"503193,0,0",0,0,0,,,0,50300,第三章困难三星条件3,
503203,mission_threestar_503203,0,0,无人死亡,4,12,0,0,0,0,"503203,0,0",0,0,0,,,0,50300,第三章困难三星条件3,
504013,mission_threestar_504013,0,0,无人死亡,4,12,0,0,0,0,"504013,0,0",0,0,0,,,0,50400,第四章困难三星条件3,
504023,mission_threestar_504023,0,0,无人死亡,4,12,0,0,0,0,"504023,0,0",0,0,0,,,0,50400,第四章困难三星条件3,
504033,mission_threestar_504033,0,0,无人死亡,4,12,0,0,0,0,"504033,0,0",0,0,0,,,0,50400,第四章困难三星条件3,
504043,mission_threestar_504043,0,0,无人死亡,4,12,0,0,0,0,"504043,0,0",0,0,0,,,0,50400,第四章困难三星条件3,
504053,mission_threestar_504053,0,0,无人死亡,4,12,0,0,0,0,"504053,0,0",0,0,0,,,0,50400,第四章困难三星条件3,
504063,mission_threestar_504063,0,0,无人死亡,4,12,0,0,0,0,"504063,0,0",0,0,0,,,0,50400,第四章困难三星条件3,
504073,mission_threestar_504073,0,0,无人死亡,4,12,0,0,0,0,"504073,0,0",0,0,0,,,0,50400,第四章困难三星条件3,
504083,mission_threestar_504083,0,0,无人死亡,4,12,0,0,0,0,"504083,0,0",0,0,0,,,0,50400,第四章困难三星条件3,
504093,mission_threestar_504093,0,0,无人死亡,4,12,0,0,0,0,"504093,0,0",0,0,0,,,0,50400,第四章困难三星条件3,
504103,mission_threestar_504103,0,0,无人死亡,4,12,0,0,0,0,"504103,0,0",0,0,0,,,0,50400,第四章困难三星条件3,
504113,mission_threestar_504113,0,0,无人死亡,4,12,0,0,0,0,"504113,0,0",0,0,0,,,0,50400,第四章困难三星条件3,
504123,mission_threestar_504123,0,0,无人死亡,4,12,0,0,0,0,"504123,0,0",0,0,0,,,0,50400,第四章困难三星条件3,
504133,mission_threestar_504133,0,0,无人死亡,4,12,0,0,0,0,"504133,0,0",0,0,0,,,0,50400,第四章困难三星条件3,
504143,mission_threestar_504143,0,0,无人死亡,4,12,0,0,0,0,"504143,0,0",0,0,0,,,0,50400,第四章困难三星条件3,
504153,mission_threestar_504153,0,0,无人死亡,4,12,0,0,0,0,"504153,0,0",0,0,0,,,0,50400,第四章困难三星条件3,
504163,mission_threestar_504163,0,0,无人死亡,4,12,0,0,0,0,"504163,0,0",0,0,0,,,0,50400,第四章困难三星条件3,
504173,mission_threestar_504173,0,0,无人死亡,4,12,0,0,0,0,"504173,0,0",0,0,0,,,0,50400,第四章困难三星条件3,
504183,mission_threestar_504183,0,0,无人死亡,4,12,0,0,0,0,"504183,0,0",0,0,0,,,0,50400,第四章困难三星条件3,
504193,mission_threestar_504193,0,0,无人死亡,4,12,0,0,0,0,"504193,0,0",0,0,0,,,0,50400,第四章困难三星条件3,
504203,mission_threestar_504203,0,0,无人死亡,4,12,0,0,0,0,"504203,0,0",0,0,0,,,0,50400,第四章困难三星条件3,
505013,mission_threestar_505013,0,0,无人死亡,4,12,0,0,0,0,"505013,0,0",0,0,0,,,0,50500,第五章困难三星条件3,
505023,mission_threestar_505023,0,0,无人死亡,4,12,0,0,0,0,"505023,0,0",0,0,0,,,0,50500,第五章困难三星条件3,
505033,mission_threestar_505033,0,0,无人死亡,4,12,0,0,0,0,"505033,0,0",0,0,0,,,0,50500,第五章困难三星条件3,
505043,mission_threestar_505043,0,0,无人死亡,4,12,0,0,0,0,"505043,0,0",0,0,0,,,0,50500,第五章困难三星条件3,
505053,mission_threestar_505053,0,0,无人死亡,4,12,0,0,0,0,"505053,0,0",0,0,0,,,0,50500,第五章困难三星条件3,
505063,mission_threestar_505063,0,0,无人死亡,4,12,0,0,0,0,"505063,0,0",0,0,0,,,0,50500,第五章困难三星条件3,
505073,mission_threestar_505073,0,0,无人死亡,4,12,0,0,0,0,"505073,0,0",0,0,0,,,0,50500,第五章困难三星条件3,
505083,mission_threestar_505083,0,0,无人死亡,4,12,0,0,0,0,"505083,0,0",0,0,0,,,0,50500,第五章困难三星条件3,
505093,mission_threestar_505093,0,0,无人死亡,4,12,0,0,0,0,"505093,0,0",0,0,0,,,0,50500,第五章困难三星条件3,
505103,mission_threestar_505103,0,0,无人死亡,4,12,0,0,0,0,"505103,0,0",0,0,0,,,0,50500,第五章困难三星条件3,
505113,mission_threestar_505113,0,0,无人死亡,4,12,0,0,0,0,"505113,0,0",0,0,0,,,0,50500,第五章困难三星条件3,
505123,mission_threestar_505123,0,0,无人死亡,4,12,0,0,0,0,"505123,0,0",0,0,0,,,0,50500,第五章困难三星条件3,
505133,mission_threestar_505133,0,0,无人死亡,4,12,0,0,0,0,"505133,0,0",0,0,0,,,0,50500,第五章困难三星条件3,
505143,mission_threestar_505143,0,0,无人死亡,4,12,0,0,0,0,"505143,0,0",0,0,0,,,0,50500,第五章困难三星条件3,
505153,mission_threestar_505153,0,0,无人死亡,4,12,0,0,0,0,"505153,0,0",0,0,0,,,0,50500,第五章困难三星条件3,
505163,mission_threestar_505163,0,0,无人死亡,4,12,0,0,0,0,"505163,0,0",0,0,0,,,0,50500,第五章困难三星条件3,
505173,mission_threestar_505173,0,0,无人死亡,4,12,0,0,0,0,"505173,0,0",0,0,0,,,0,50500,第五章困难三星条件3,
505183,mission_threestar_505183,0,0,无人死亡,4,12,0,0,0,0,"505183,0,0",0,0,0,,,0,50500,第五章困难三星条件3,
505193,mission_threestar_505193,0,0,无人死亡,4,12,0,0,0,0,"505193,0,0",0,0,0,,,0,50500,第五章困难三星条件3,
505203,mission_threestar_505203,0,0,无人死亡,4,12,0,0,0,0,"505203,0,0",0,0,0,,,0,50500,第五章困难三星条件3,
506013,mission_threestar_506013,0,0,无人死亡,4,12,0,0,0,0,"506013,0,0",0,0,0,,,0,50600,第六-序章困难三星条件3,
506023,mission_threestar_506023,0,0,无人死亡,4,12,0,0,0,0,"506023,0,0",0,0,0,,,0,50600,第六-序章困难三星条件3,
506033,mission_threestar_506033,0,0,无人死亡,4,12,0,0,0,0,"506033,0,0",0,0,0,,,0,50600,第六-序章困难三星条件3,
506043,mission_threestar_506043,0,0,无人死亡,4,12,0,0,0,0,"506043,0,0",0,0,0,,,0,50600,第六-序章困难三星条件3,
506053,mission_threestar_506053,0,0,无人死亡,4,12,0,0,0,0,"506053,0,0",0,0,0,,,0,50600,第六-序章困难三星条件3,
506063,mission_threestar_506063,0,0,无人死亡,4,12,0,0,0,0,"506063,0,0",0,0,0,,,0,50600,第六-序章困难三星条件3,
506073,mission_threestar_506073,0,0,无人死亡,4,12,0,0,0,0,"506073,0,0",0,0,0,,,0,50600,第六-序章困难三星条件3,
506083,mission_threestar_506083,0,0,无人死亡,4,12,0,0,0,0,"506083,0,0",0,0,0,,,0,50600,第六-序章困难三星条件3,
506093,mission_threestar_506093,0,0,无人死亡,4,12,0,0,0,0,"506093,0,0",0,0,0,,,0,50600,第六-序章困难三星条件3,
506103,mission_threestar_506103,0,0,无人死亡,4,12,0,0,0,0,"506103,0,0",0,0,0,,,0,50600,第六-序章困难三星条件3,
506113,mission_threestar_506113,0,0,无人死亡,4,12,0,0,0,0,"506113,0,0",0,0,0,,,0,50600,第六-序章困难三星条件3,
506123,mission_threestar_506123,0,0,无人死亡,4,12,0,0,0,0,"506123,0,0",0,0,0,,,0,50600,第六-序章困难三星条件3,
506133,mission_threestar_506133,0,0,无人死亡,4,12,0,0,0,0,"506133,0,0",0,0,0,,,0,50600,第六-序章困难三星条件3,
506143,mission_threestar_506143,0,0,无人死亡,4,12,0,0,0,0,"506143,0,0",0,0,0,,,0,50600,第六-序章困难三星条件3,
506153,mission_threestar_506153,0,0,无人死亡,4,12,0,0,0,0,"506153,0,0",0,0,0,,,0,50600,第六-序章困难三星条件3,
506163,mission_threestar_506163,0,0,无人死亡,4,12,0,0,0,0,"506163,0,0",0,0,0,,,0,50600,第六-序章困难三星条件3,
506173,mission_threestar_506173,0,0,无人死亡,4,12,0,0,0,0,"506173,0,0",0,0,0,,,0,50600,第六-序章困难三星条件3,
506183,mission_threestar_506183,0,0,无人死亡,4,12,0,0,0,0,"506183,0,0",0,0,0,,,0,50600,第六-序章困难三星条件3,
506193,mission_threestar_506193,0,0,无人死亡,4,12,0,0,0,0,"506193,0,0",0,0,0,,,0,50600,第六-序章困难三星条件3,
506203,mission_threestar_506203,0,0,无人死亡,4,12,0,0,0,0,"506203,0,0",0,0,0,,,0,50600,第六-序章困难三星条件3,
507013,mission_threestar_507013,0,0,无人死亡,4,12,0,0,0,0,"507013,0,0",0,0,0,,,0,50700,第六-上章困难三星条件3,
507023,mission_threestar_507023,0,0,无人死亡,4,12,0,0,0,0,"507023,0,0",0,0,0,,,0,50700,第六-上章困难三星条件3,
507033,mission_threestar_507033,0,0,无人死亡,4,12,0,0,0,0,"507033,0,0",0,0,0,,,0,50700,第六-上章困难三星条件3,
507043,mission_threestar_507043,0,0,无人死亡,4,12,0,0,0,0,"507043,0,0",0,0,0,,,0,50700,第六-上章困难三星条件3,
507053,mission_threestar_507053,0,0,无人死亡,4,12,0,0,0,0,"507053,0,0",0,0,0,,,0,50700,第六-上章困难三星条件3,
507063,mission_threestar_507063,0,0,无人死亡,4,12,0,0,0,0,"507063,0,0",0,0,0,,,0,50700,第六-上章困难三星条件3,
507073,mission_threestar_507073,0,0,无人死亡,4,12,0,0,0,0,"507073,0,0",0,0,0,,,0,50700,第六-上章困难三星条件3,
507083,mission_threestar_507083,0,0,无人死亡,4,12,0,0,0,0,"507083,0,0",0,0,0,,,0,50700,第六-上章困难三星条件3,
507093,mission_threestar_507093,0,0,无人死亡,4,12,0,0,0,0,"507093,0,0",0,0,0,,,0,50700,第六-上章困难三星条件3,
507103,mission_threestar_507103,0,0,无人死亡,4,12,0,0,0,0,"507103,0,0",0,0,0,,,0,50700,第六-上章困难三星条件3,
507113,mission_threestar_507113,0,0,无人死亡,4,12,0,0,0,0,"507113,0,0",0,0,0,,,0,50700,第六-上章困难三星条件3,
507123,mission_threestar_507123,0,0,无人死亡,4,12,0,0,0,0,"507123,0,0",0,0,0,,,0,50700,第六-上章困难三星条件3,
507133,mission_threestar_507133,0,0,无人死亡,4,12,0,0,0,0,"507133,0,0",0,0,0,,,0,50700,第六-上章困难三星条件3,
507143,mission_threestar_507143,0,0,无人死亡,4,12,0,0,0,0,"507143,0,0",0,0,0,,,0,50700,第六-上章困难三星条件3,
507153,mission_threestar_507153,0,0,无人死亡,4,12,0,0,0,0,"507153,0,0",0,0,0,,,0,50700,第六-上章困难三星条件3,
507163,mission_threestar_507163,0,0,无人死亡,4,12,0,0,0,0,"507163,0,0",0,0,0,,,0,50700,第六-上章困难三星条件3,
507173,mission_threestar_507173,0,0,无人死亡,4,12,0,0,0,0,"507173,0,0",0,0,0,,,0,50700,第六-上章困难三星条件3,
507183,mission_threestar_507183,0,0,无人死亡,4,12,0,0,0,0,"507183,0,0",0,0,0,,,0,50700,第六-上章困难三星条件3,
507193,mission_threestar_507193,0,0,无人死亡,4,12,0,0,0,0,"507193,0,0",0,0,0,,,0,50700,第六-上章困难三星条件3,
507203,mission_threestar_507203,0,0,无人死亡,4,12,0,0,0,0,"507203,0,0",0,0,0,,,0,50700,第六-上章困难三星条件3,
508013,mission_threestar_508013,0,0,无人死亡,4,12,0,0,0,0,"508013,0,0",0,0,0,,,0,50800,第六-下章困难三星条件3,
508023,mission_threestar_508023,0,0,无人死亡,4,12,0,0,0,0,"508023,0,0",0,0,0,,,0,50800,第六-下章困难三星条件3,
508033,mission_threestar_508033,0,0,无人死亡,4,12,0,0,0,0,"508033,0,0",0,0,0,,,0,50800,第六-下章困难三星条件3,
508043,mission_threestar_508043,0,0,无人死亡,4,12,0,0,0,0,"508043,0,0",0,0,0,,,0,50800,第六-下章困难三星条件3,
508053,mission_threestar_508053,0,0,无人死亡,4,12,0,0,0,0,"508053,0,0",0,0,0,,,0,50800,第六-下章困难三星条件3,
508063,mission_threestar_508063,0,0,无人死亡,4,12,0,0,0,0,"508063,0,0",0,0,0,,,0,50800,第六-下章困难三星条件3,
508073,mission_threestar_508073,0,0,无人死亡,4,12,0,0,0,0,"508073,0,0",0,0,0,,,0,50800,第六-下章困难三星条件3,
508083,mission_threestar_508083,0,0,无人死亡,4,12,0,0,0,0,"508083,0,0",0,0,0,,,0,50800,第六-下章困难三星条件3,
508093,mission_threestar_508093,0,0,无人死亡,4,12,0,0,0,0,"508093,0,0",0,0,0,,,0,50800,第六-下章困难三星条件3,
508103,mission_threestar_508103,0,0,无人死亡,4,12,0,0,0,0,"508103,0,0",0,0,0,,,0,50800,第六-下章困难三星条件3,
508113,mission_threestar_508113,0,0,无人死亡,4,12,0,0,0,0,"508113,0,0",0,0,0,,,0,50800,第六-下章困难三星条件3,
508123,mission_threestar_508123,0,0,无人死亡,4,12,0,0,0,0,"508123,0,0",0,0,0,,,0,50800,第六-下章困难三星条件3,
508133,mission_threestar_508133,0,0,无人死亡,4,12,0,0,0,0,"508133,0,0",0,0,0,,,0,50800,第六-下章困难三星条件3,
508143,mission_threestar_508143,0,0,无人死亡,4,12,0,0,0,0,"508143,0,0",0,0,0,,,0,50800,第六-下章困难三星条件3,
508153,mission_threestar_508153,0,0,无人死亡,4,12,0,0,0,0,"508153,0,0",0,0,0,,,0,50800,第六-下章困难三星条件3,
508163,mission_threestar_508163,0,0,无人死亡,4,12,0,0,0,0,"508163,0,0",0,0,0,,,0,50800,第六-下章困难三星条件3,
508173,mission_threestar_508173,0,0,无人死亡,4,12,0,0,0,0,"508173,0,0",0,0,0,,,0,50800,第六-下章困难三星条件3,
508183,mission_threestar_508183,0,0,无人死亡,4,12,0,0,0,0,"508183,0,0",0,0,0,,,0,50800,第六-下章困难三星条件3,
508193,mission_threestar_508193,0,0,无人死亡,4,12,0,0,0,0,"508193,0,0",0,0,0,,,0,50800,第六-下章困难三星条件3,
508203,mission_threestar_508203,0,0,无人死亡,4,12,0,0,0,0,"508203,0,0",0,0,0,,,0,50800,第六-下章困难三星条件3,
509013,mission_threestar_509013,0,0,无人死亡,4,12,0,0,0,0,"509013,0,0",0,0,0,,,0,50900,第七章困难三星条件3,
509023,mission_threestar_509023,0,0,无人死亡,4,12,0,0,0,0,"509023,0,0",0,0,0,,,0,50900,第七章困难三星条件3,
509033,mission_threestar_509033,0,0,无人死亡,4,12,0,0,0,0,"509033,0,0",0,0,0,,,0,50900,第七章困难三星条件3,
509043,mission_threestar_509043,0,0,无人死亡,4,12,0,0,0,0,"509043,0,0",0,0,0,,,0,50900,第七章困难三星条件3,
509053,mission_threestar_509053,0,0,无人死亡,4,12,0,0,0,0,"509053,0,0",0,0,0,,,0,50900,第七章困难三星条件3,
509063,mission_threestar_509063,0,0,无人死亡,4,12,0,0,0,0,"509063,0,0",0,0,0,,,0,50900,第七章困难三星条件3,
509073,mission_threestar_509073,0,0,无人死亡,4,12,0,0,0,0,"509073,0,0",0,0,0,,,0,50900,第七章困难三星条件3,
509083,mission_threestar_509083,0,0,无人死亡,4,12,0,0,0,0,"509083,0,0",0,0,0,,,0,50900,第七章困难三星条件3,
509093,mission_threestar_509093,0,0,无人死亡,4,12,0,0,0,0,"509093,0,0",0,0,0,,,0,50900,第七章困难三星条件3,
509103,mission_threestar_509103,0,0,无人死亡,4,12,0,0,0,0,"509103,0,0",0,0,0,,,0,50900,第七章困难三星条件3,
509113,mission_threestar_509113,0,0,无人死亡,4,12,0,0,0,0,"509113,0,0",0,0,0,,,0,50900,第七章困难三星条件3,
509123,mission_threestar_509123,0,0,无人死亡,4,12,0,0,0,0,"509123,0,0",0,0,0,,,0,50900,第七章困难三星条件3,
509133,mission_threestar_509133,0,0,无人死亡,4,12,0,0,0,0,"509133,0,0",0,0,0,,,0,50900,第七章困难三星条件3,
509143,mission_threestar_509143,0,0,无人死亡,4,12,0,0,0,0,"509143,0,0",0,0,0,,,0,50900,第七章困难三星条件3,
509153,mission_threestar_509153,0,0,无人死亡,4,12,0,0,0,0,"509153,0,0",0,0,0,,,0,50900,第七章困难三星条件3,
509163,mission_threestar_509163,0,0,无人死亡,4,12,0,0,0,0,"509163,0,0",0,0,0,,,0,50900,第七章困难三星条件3,
509173,mission_threestar_509173,0,0,无人死亡,4,12,0,0,0,0,"509173,0,0",0,0,0,,,0,50900,第七章困难三星条件3,
509183,mission_threestar_509183,0,0,无人死亡,4,12,0,0,0,0,"509183,0,0",0,0,0,,,0,50900,第七章困难三星条件3,
509193,mission_threestar_509193,0,0,无人死亡,4,12,0,0,0,0,"509193,0,0",0,0,0,,,0,50900,第七章困难三星条件3,
509203,mission_threestar_509203,0,0,无人死亡,4,12,0,0,0,0,"509203,0,0",0,0,0,,,0,50900,第七章困难三星条件3,
510013,mission_threestar_510013,0,0,无人死亡,4,12,0,0,0,0,"510013,0,0",0,0,0,,,0,51000,第八章困难三星条件3,
510023,mission_threestar_510023,0,0,无人死亡,4,12,0,0,0,0,"510023,0,0",0,0,0,,,0,51000,第八章困难三星条件3,
510033,mission_threestar_510033,0,0,无人死亡,4,12,0,0,0,0,"510033,0,0",0,0,0,,,0,51000,第八章困难三星条件3,
510043,mission_threestar_510043,0,0,无人死亡,4,12,0,0,0,0,"510043,0,0",0,0,0,,,0,51000,第八章困难三星条件3,
510053,mission_threestar_510053,0,0,无人死亡,4,12,0,0,0,0,"510053,0,0",0,0,0,,,0,51000,第八章困难三星条件3,
510063,mission_threestar_510063,0,0,无人死亡,4,12,0,0,0,0,"510063,0,0",0,0,0,,,0,51000,第八章困难三星条件3,
510073,mission_threestar_510073,0,0,无人死亡,4,12,0,0,0,0,"510073,0,0",0,0,0,,,0,51000,第八章困难三星条件3,
510083,mission_threestar_510083,0,0,无人死亡,4,12,0,0,0,0,"510083,0,0",0,0,0,,,0,51000,第八章困难三星条件3,
510093,mission_threestar_510093,0,0,无人死亡,4,12,0,0,0,0,"510093,0,0",0,0,0,,,0,51000,第八章困难三星条件3,
510103,mission_threestar_510103,0,0,无人死亡,4,12,0,0,0,0,"510103,0,0",0,0,0,,,0,51000,第八章困难三星条件3,
510113,mission_threestar_510113,0,0,无人死亡,4,12,0,0,0,0,"510113,0,0",0,0,0,,,0,51000,第八章困难三星条件3,
510123,mission_threestar_510123,0,0,无人死亡,4,12,0,0,0,0,"510123,0,0",0,0,0,,,0,51000,第八章困难三星条件3,
510133,mission_threestar_510133,0,0,无人死亡,4,12,0,0,0,0,"510133,0,0",0,0,0,,,0,51000,第八章困难三星条件3,
510143,mission_threestar_510143,0,0,无人死亡,4,12,0,0,0,0,"510143,0,0",0,0,0,,,0,51000,第八章困难三星条件3,
510153,mission_threestar_510153,0,0,无人死亡,4,12,0,0,0,0,"510153,0,0",0,0,0,,,0,51000,第八章困难三星条件3,
510163,mission_threestar_510163,0,0,无人死亡,4,12,0,0,0,0,"510163,0,0",0,0,0,,,0,51000,第八章困难三星条件3,
510173,mission_threestar_510173,0,0,无人死亡,4,12,0,0,0,0,"510173,0,0",0,0,0,,,0,51000,第八章困难三星条件3,
510183,mission_threestar_510183,0,0,无人死亡,4,12,0,0,0,0,"510183,0,0",0,0,0,,,0,51000,第八章困难三星条件3,
510193,mission_threestar_510193,0,0,无人死亡,4,12,0,0,0,0,"510193,0,0",0,0,0,,,0,51000,第八章困难三星条件3,
510203,mission_threestar_510203,0,0,无人死亡,4,12,0,0,0,0,"510203,0,0",0,0,0,,,0,51000,第八章困难三星条件3,
501014,0,0,0,1-1困难3星奖励任务,4,13,0,0,0,0,"501014,1,1",0,0,501011,,,0,0,1-1困难3星奖励任务,
501024,0,0,0,1-2困难3星奖励任务,4,13,0,0,0,0,"501024,1,1",0,0,501021,,,0,0,1-2困难3星奖励任务,
501034,0,0,0,1-3困难3星奖励任务,4,13,0,0,0,0,"501034,1,1",0,0,501031,,,0,0,1-3困难3星奖励任务,
501044,0,0,0,1-4困难3星奖励任务,4,13,0,0,0,0,"501044,1,1",0,0,501041,,,0,0,1-4困难3星奖励任务,
501054,0,0,0,1-5困难3星奖励任务,4,13,0,0,0,0,"501054,1,1",0,0,501051,,,0,0,1-5困难3星奖励任务,
501064,0,0,0,1-6困难3星奖励任务,4,13,0,0,0,0,"501064,1,1",0,0,501061,,,0,0,1-6困难3星奖励任务,
501074,0,0,0,1-7困难3星奖励任务,4,13,0,0,0,0,"501074,1,1",0,0,501071,,,0,0,1-7困难3星奖励任务,
501084,0,0,0,1-8困难3星奖励任务,4,13,0,0,0,0,"501084,1,1",0,0,501081,,,0,0,1-8困难3星奖励任务,
501094,0,0,0,1-9困难3星奖励任务,4,13,0,0,0,0,"501094,1,1",0,0,501091,,,0,0,1-9困难3星奖励任务,
501104,0,0,0,1-10困难3星奖励任务,4,13,0,0,0,0,"501104,1,1",0,0,501101,,,0,0,1-10困难3星奖励任务,
501114,0,0,0,1-11困难3星奖励任务,4,13,0,0,0,0,"501114,1,1",0,0,501111,,,0,0,1-11困难3星奖励任务,
501124,0,0,0,1-12困难3星奖励任务,4,13,0,0,0,0,"501124,1,1",0,0,501121,,,0,0,1-12困难3星奖励任务,
501134,0,0,0,1-13困难3星奖励任务,4,13,0,0,0,0,"501134,1,1",0,0,501131,,,0,0,1-13困难3星奖励任务,
501144,0,0,0,1-14困难3星奖励任务,4,13,0,0,0,0,"501144,1,1",0,0,501141,,,0,0,1-14困难3星奖励任务,
501154,0,0,0,1-15困难3星奖励任务,4,13,0,0,0,0,"501154,1,1",0,0,501151,,,0,0,1-15困难3星奖励任务,
501164,0,0,0,1-16困难3星奖励任务,4,13,0,0,0,0,"501164,1,1",0,0,501161,,,0,0,1-16困难3星奖励任务,
501174,0,0,0,1-17困难3星奖励任务,4,13,0,0,0,0,"501174,1,1",0,0,501171,,,0,0,1-17困难3星奖励任务,
501184,0,0,0,1-18困难3星奖励任务,4,13,0,0,0,0,"501184,1,1",0,0,501181,,,0,0,1-18困难3星奖励任务,
501194,0,0,0,1-19困难3星奖励任务,4,13,0,0,0,0,"501194,1,1",0,0,501191,,,0,0,1-19困难3星奖励任务,
501204,0,0,0,1-20困难3星奖励任务,4,13,0,0,0,0,"501204,1,1",0,0,501201,,,0,0,1-20困难3星奖励任务,
502014,0,0,0,2-1困难3星奖励任务,4,13,0,0,0,0,"502014,1,1",0,0,502011,,,0,0,2-1困难3星奖励任务,
502024,0,0,0,2-2困难3星奖励任务,4,13,0,0,0,0,"502024,1,1",0,0,502021,,,0,0,2-2困难3星奖励任务,
502034,0,0,0,2-3困难3星奖励任务,4,13,0,0,0,0,"502034,1,1",0,0,502031,,,0,0,2-3困难3星奖励任务,
502044,0,0,0,2-4困难3星奖励任务,4,13,0,0,0,0,"502044,1,1",0,0,502041,,,0,0,2-4困难3星奖励任务,
502054,0,0,0,2-5困难3星奖励任务,4,13,0,0,0,0,"502054,1,1",0,0,502051,,,0,0,2-5困难3星奖励任务,
502064,0,0,0,2-6困难3星奖励任务,4,13,0,0,0,0,"502064,1,1",0,0,502061,,,0,0,2-6困难3星奖励任务,
502074,0,0,0,2-7困难3星奖励任务,4,13,0,0,0,0,"502074,1,1",0,0,502071,,,0,0,2-7困难3星奖励任务,
502084,0,0,0,2-8困难3星奖励任务,4,13,0,0,0,0,"502084,1,1",0,0,502081,,,0,0,2-8困难3星奖励任务,
502094,0,0,0,2-9困难3星奖励任务,4,13,0,0,0,0,"502094,1,1",0,0,502091,,,0,0,2-9困难3星奖励任务,
502104,0,0,0,2-10困难3星奖励任务,4,13,0,0,0,0,"502104,1,1",0,0,502101,,,0,0,2-10困难3星奖励任务,
502114,0,0,0,2-11困难3星奖励任务,4,13,0,0,0,0,"502114,1,1",0,0,502111,,,0,0,2-11困难3星奖励任务,
502124,0,0,0,2-12困难3星奖励任务,4,13,0,0,0,0,"502124,1,1",0,0,502121,,,0,0,2-12困难3星奖励任务,
502134,0,0,0,2-13困难3星奖励任务,4,13,0,0,0,0,"502134,1,1",0,0,502131,,,0,0,2-13困难3星奖励任务,
502144,0,0,0,2-14困难3星奖励任务,4,13,0,0,0,0,"502144,1,1",0,0,502141,,,0,0,2-14困难3星奖励任务,
502154,0,0,0,2-15困难3星奖励任务,4,13,0,0,0,0,"502154,1,1",0,0,502151,,,0,0,2-15困难3星奖励任务,
502164,0,0,0,2-16困难3星奖励任务,4,13,0,0,0,0,"502164,1,1",0,0,502161,,,0,0,2-16困难3星奖励任务,
502174,0,0,0,2-17困难3星奖励任务,4,13,0,0,0,0,"502174,1,1",0,0,502171,,,0,0,2-17困难3星奖励任务,
502184,0,0,0,2-18困难3星奖励任务,4,13,0,0,0,0,"502184,1,1",0,0,502181,,,0,0,2-18困难3星奖励任务,
502194,0,0,0,2-19困难3星奖励任务,4,13,0,0,0,0,"502194,1,1",0,0,502191,,,0,0,2-19困难3星奖励任务,
502204,0,0,0,2-20困难3星奖励任务,4,13,0,0,0,0,"502204,1,1",0,0,502201,,,0,0,2-20困难3星奖励任务,
503014,0,0,0,3-1困难3星奖励任务,4,13,0,0,0,0,"503014,1,1",0,0,503011,,,0,0,3-1困难3星奖励任务,
503024,0,0,0,3-2困难3星奖励任务,4,13,0,0,0,0,"503024,1,1",0,0,503021,,,0,0,3-2困难3星奖励任务,
503034,0,0,0,3-3困难3星奖励任务,4,13,0,0,0,0,"503034,1,1",0,0,503031,,,0,0,3-3困难3星奖励任务,
503044,0,0,0,3-4困难3星奖励任务,4,13,0,0,0,0,"503044,1,1",0,0,503041,,,0,0,3-4困难3星奖励任务,
503054,0,0,0,3-5困难3星奖励任务,4,13,0,0,0,0,"503054,1,1",0,0,503051,,,0,0,3-5困难3星奖励任务,
503064,0,0,0,3-6困难3星奖励任务,4,13,0,0,0,0,"503064,1,1",0,0,503061,,,0,0,3-6困难3星奖励任务,
503074,0,0,0,3-7困难3星奖励任务,4,13,0,0,0,0,"503074,1,1",0,0,503071,,,0,0,3-7困难3星奖励任务,
503084,0,0,0,3-8困难3星奖励任务,4,13,0,0,0,0,"503084,1,1",0,0,503081,,,0,0,3-8困难3星奖励任务,
503094,0,0,0,3-9困难3星奖励任务,4,13,0,0,0,0,"503094,1,1",0,0,503091,,,0,0,3-9困难3星奖励任务,
503104,0,0,0,3-10困难3星奖励任务,4,13,0,0,0,0,"503104,1,1",0,0,503101,,,0,0,3-10困难3星奖励任务,
503114,0,0,0,3-11困难3星奖励任务,4,13,0,0,0,0,"503114,1,1",0,0,503111,,,0,0,3-11困难3星奖励任务,
503124,0,0,0,3-12困难3星奖励任务,4,13,0,0,0,0,"503124,1,1",0,0,503121,,,0,0,3-12困难3星奖励任务,
503134,0,0,0,3-13困难3星奖励任务,4,13,0,0,0,0,"503134,1,1",0,0,503131,,,0,0,3-13困难3星奖励任务,
503144,0,0,0,3-14困难3星奖励任务,4,13,0,0,0,0,"503144,1,1",0,0,503141,,,0,0,3-14困难3星奖励任务,
503154,0,0,0,3-15困难3星奖励任务,4,13,0,0,0,0,"503154,1,1",0,0,503151,,,0,0,3-15困难3星奖励任务,
503164,0,0,0,3-16困难3星奖励任务,4,13,0,0,0,0,"503164,1,1",0,0,503161,,,0,0,3-16困难3星奖励任务,
503174,0,0,0,3-17困难3星奖励任务,4,13,0,0,0,0,"503174,1,1",0,0,503171,,,0,0,3-17困难3星奖励任务,
503184,0,0,0,3-18困难3星奖励任务,4,13,0,0,0,0,"503184,1,1",0,0,503181,,,0,0,3-18困难3星奖励任务,
503194,0,0,0,3-19困难3星奖励任务,4,13,0,0,0,0,"503194,1,1",0,0,503191,,,0,0,3-19困难3星奖励任务,
503204,0,0,0,3-20困难3星奖励任务,4,13,0,0,0,0,"503204,1,1",0,0,503201,,,0,0,3-20困难3星奖励任务,
504014,0,0,0,4-1困难3星奖励任务,4,13,0,0,0,0,"504014,1,1",0,0,504011,,,0,0,4-1困难3星奖励任务,
504024,0,0,0,4-2困难3星奖励任务,4,13,0,0,0,0,"504024,1,1",0,0,504021,,,0,0,4-2困难3星奖励任务,
504034,0,0,0,4-3困难3星奖励任务,4,13,0,0,0,0,"504034,1,1",0,0,504031,,,0,0,4-3困难3星奖励任务,
504044,0,0,0,4-4困难3星奖励任务,4,13,0,0,0,0,"504044,1,1",0,0,504041,,,0,0,4-4困难3星奖励任务,
504054,0,0,0,4-5困难3星奖励任务,4,13,0,0,0,0,"504054,1,1",0,0,504051,,,0,0,4-5困难3星奖励任务,
504064,0,0,0,4-6困难3星奖励任务,4,13,0,0,0,0,"504064,1,1",0,0,504061,,,0,0,4-6困难3星奖励任务,
504074,0,0,0,4-7困难3星奖励任务,4,13,0,0,0,0,"504074,1,1",0,0,504071,,,0,0,4-7困难3星奖励任务,
504084,0,0,0,4-8困难3星奖励任务,4,13,0,0,0,0,"504084,1,1",0,0,504081,,,0,0,4-8困难3星奖励任务,
504094,0,0,0,4-9困难3星奖励任务,4,13,0,0,0,0,"504094,1,1",0,0,504091,,,0,0,4-9困难3星奖励任务,
504104,0,0,0,4-10困难3星奖励任务,4,13,0,0,0,0,"504104,1,1",0,0,504101,,,0,0,4-10困难3星奖励任务,
504114,0,0,0,4-11困难3星奖励任务,4,13,0,0,0,0,"504114,1,1",0,0,504111,,,0,0,4-11困难3星奖励任务,
504124,0,0,0,4-12困难3星奖励任务,4,13,0,0,0,0,"504124,1,1",0,0,504121,,,0,0,4-12困难3星奖励任务,
504134,0,0,0,4-13困难3星奖励任务,4,13,0,0,0,0,"504134,1,1",0,0,504131,,,0,0,4-13困难3星奖励任务,
504144,0,0,0,4-14困难3星奖励任务,4,13,0,0,0,0,"504144,1,1",0,0,504141,,,0,0,4-14困难3星奖励任务,
504154,0,0,0,4-15困难3星奖励任务,4,13,0,0,0,0,"504154,1,1",0,0,504151,,,0,0,4-15困难3星奖励任务,
504164,0,0,0,4-16困难3星奖励任务,4,13,0,0,0,0,"504164,1,1",0,0,504161,,,0,0,4-16困难3星奖励任务,
504174,0,0,0,4-17困难3星奖励任务,4,13,0,0,0,0,"504174,1,1",0,0,504171,,,0,0,4-17困难3星奖励任务,
504184,0,0,0,4-18困难3星奖励任务,4,13,0,0,0,0,"504184,1,1",0,0,504181,,,0,0,4-18困难3星奖励任务,
504194,0,0,0,4-19困难3星奖励任务,4,13,0,0,0,0,"504194,1,1",0,0,504191,,,0,0,4-19困难3星奖励任务,
504204,0,0,0,4-20困难3星奖励任务,4,13,0,0,0,0,"504204,1,1",0,0,504201,,,0,0,4-20困难3星奖励任务,
505014,0,0,0,5-1困难3星奖励任务,4,13,0,0,0,0,"505014,1,1",0,0,505011,,,0,0,5-1困难3星奖励任务,
505024,0,0,0,5-2困难3星奖励任务,4,13,0,0,0,0,"505024,1,1",0,0,505021,,,0,0,5-2困难3星奖励任务,
505034,0,0,0,5-3困难3星奖励任务,4,13,0,0,0,0,"505034,1,1",0,0,505031,,,0,0,5-3困难3星奖励任务,
505044,0,0,0,5-4困难3星奖励任务,4,13,0,0,0,0,"505044,1,1",0,0,505041,,,0,0,5-4困难3星奖励任务,
505054,0,0,0,5-5困难3星奖励任务,4,13,0,0,0,0,"505054,1,1",0,0,505051,,,0,0,5-5困难3星奖励任务,
505064,0,0,0,5-6困难3星奖励任务,4,13,0,0,0,0,"505064,1,1",0,0,505061,,,0,0,5-6困难3星奖励任务,
505074,0,0,0,5-7困难3星奖励任务,4,13,0,0,0,0,"505074,1,1",0,0,505071,,,0,0,5-7困难3星奖励任务,
505084,0,0,0,5-8困难3星奖励任务,4,13,0,0,0,0,"505084,1,1",0,0,505081,,,0,0,5-8困难3星奖励任务,
505094,0,0,0,5-9困难3星奖励任务,4,13,0,0,0,0,"505094,1,1",0,0,505091,,,0,0,5-9困难3星奖励任务,
505104,0,0,0,5-10困难3星奖励任务,4,13,0,0,0,0,"505104,1,1",0,0,505101,,,0,0,5-10困难3星奖励任务,
505114,0,0,0,5-11困难3星奖励任务,4,13,0,0,0,0,"505114,1,1",0,0,505111,,,0,0,5-11困难3星奖励任务,
505124,0,0,0,5-12困难3星奖励任务,4,13,0,0,0,0,"505124,1,1",0,0,505121,,,0,0,5-12困难3星奖励任务,
505134,0,0,0,5-13困难3星奖励任务,4,13,0,0,0,0,"505134,1,1",0,0,505131,,,0,0,5-13困难3星奖励任务,
505144,0,0,0,5-14困难3星奖励任务,4,13,0,0,0,0,"505144,1,1",0,0,505141,,,0,0,5-14困难3星奖励任务,
505154,0,0,0,5-15困难3星奖励任务,4,13,0,0,0,0,"505154,1,1",0,0,505151,,,0,0,5-15困难3星奖励任务,
505164,0,0,0,5-16困难3星奖励任务,4,13,0,0,0,0,"505164,1,1",0,0,505161,,,0,0,5-16困难3星奖励任务,
505174,0,0,0,5-17困难3星奖励任务,4,13,0,0,0,0,"505174,1,1",0,0,505171,,,0,0,5-17困难3星奖励任务,
505184,0,0,0,5-18困难3星奖励任务,4,13,0,0,0,0,"505184,1,1",0,0,505181,,,0,0,5-18困难3星奖励任务,
505194,0,0,0,5-19困难3星奖励任务,4,13,0,0,0,0,"505194,1,1",0,0,505191,,,0,0,5-19困难3星奖励任务,
505204,0,0,0,5-20困难3星奖励任务,4,13,0,0,0,0,"505204,1,1",0,0,505201,,,0,0,5-20困难3星奖励任务,
506014,0,0,0,6-1困难3星奖励任务,4,13,0,0,0,0,"506014,1,1",0,0,506011,,,0,0,6-1困难3星奖励任务,
506024,0,0,0,6-2困难3星奖励任务,4,13,0,0,0,0,"506024,1,1",0,0,506021,,,0,0,6-2困难3星奖励任务,
506034,0,0,0,6-3困难3星奖励任务,4,13,0,0,0,0,"506034,1,1",0,0,506031,,,0,0,6-3困难3星奖励任务,
506044,0,0,0,6-4困难3星奖励任务,4,13,0,0,0,0,"506044,1,1",0,0,506041,,,0,0,6-4困难3星奖励任务,
506054,0,0,0,6-5困难3星奖励任务,4,13,0,0,0,0,"506054,1,1",0,0,506051,,,0,0,6-5困难3星奖励任务,
506064,0,0,0,6-6困难3星奖励任务,4,13,0,0,0,0,"506064,1,1",0,0,506061,,,0,0,6-6困难3星奖励任务,
506074,0,0,0,6-7困难3星奖励任务,4,13,0,0,0,0,"506074,1,1",0,0,506071,,,0,0,6-7困难3星奖励任务,
506084,0,0,0,6-8困难3星奖励任务,4,13,0,0,0,0,"506084,1,1",0,0,506081,,,0,0,6-8困难3星奖励任务,
506094,0,0,0,6-9困难3星奖励任务,4,13,0,0,0,0,"506094,1,1",0,0,506091,,,0,0,6-9困难3星奖励任务,
506104,0,0,0,6-10困难3星奖励任务,4,13,0,0,0,0,"506104,1,1",0,0,506101,,,0,0,6-10困难3星奖励任务,
506114,0,0,0,6-11困难3星奖励任务,4,13,0,0,0,0,"506114,1,1",0,0,506111,,,0,0,6-11困难3星奖励任务,
506124,0,0,0,6-12困难3星奖励任务,4,13,0,0,0,0,"506124,1,1",0,0,506121,,,0,0,6-12困难3星奖励任务,
506134,0,0,0,6-13困难3星奖励任务,4,13,0,0,0,0,"506134,1,1",0,0,506131,,,0,0,6-13困难3星奖励任务,
506144,0,0,0,6-14困难3星奖励任务,4,13,0,0,0,0,"506144,1,1",0,0,506141,,,0,0,6-14困难3星奖励任务,
506154,0,0,0,6-15困难3星奖励任务,4,13,0,0,0,0,"506154,1,1",0,0,506151,,,0,0,6-15困难3星奖励任务,
506164,0,0,0,6-16困难3星奖励任务,4,13,0,0,0,0,"506164,1,1",0,0,506161,,,0,0,6-16困难3星奖励任务,
506174,0,0,0,6-17困难3星奖励任务,4,13,0,0,0,0,"506174,1,1",0,0,506171,,,0,0,6-17困难3星奖励任务,
506184,0,0,0,6-18困难3星奖励任务,4,13,0,0,0,0,"506184,1,1",0,0,506181,,,0,0,6-18困难3星奖励任务,
506194,0,0,0,6-19困难3星奖励任务,4,13,0,0,0,0,"506194,1,1",0,0,506191,,,0,0,6-19困难3星奖励任务,
506204,0,0,0,6-20困难3星奖励任务,4,13,0,0,0,0,"506204,1,1",0,0,506201,,,0,0,6-20困难3星奖励任务,
507014,0,0,0,7-1困难3星奖励任务,4,13,0,0,0,0,"507014,1,1",0,0,507011,,,0,0,6s-1困难3星奖励任务,
507024,0,0,0,7-2困难3星奖励任务,4,13,0,0,0,0,"507024,1,1",0,0,507021,,,0,0,6s-2困难3星奖励任务,
507034,0,0,0,7-3困难3星奖励任务,4,13,0,0,0,0,"507034,1,1",0,0,507031,,,0,0,6s-3困难3星奖励任务,
507044,0,0,0,7-4困难3星奖励任务,4,13,0,0,0,0,"507044,1,1",0,0,507041,,,0,0,6s-4困难3星奖励任务,
507054,0,0,0,7-5困难3星奖励任务,4,13,0,0,0,0,"507054,1,1",0,0,507051,,,0,0,6s-5困难3星奖励任务,
507064,0,0,0,7-6困难3星奖励任务,4,13,0,0,0,0,"507064,1,1",0,0,507061,,,0,0,6s-6困难3星奖励任务,
507074,0,0,0,7-7困难3星奖励任务,4,13,0,0,0,0,"507074,1,1",0,0,507071,,,0,0,6s-7困难3星奖励任务,
507084,0,0,0,7-8困难3星奖励任务,4,13,0,0,0,0,"507084,1,1",0,0,507081,,,0,0,6s-8困难3星奖励任务,
507094,0,0,0,7-9困难3星奖励任务,4,13,0,0,0,0,"507094,1,1",0,0,507091,,,0,0,6s-9困难3星奖励任务,
507104,0,0,0,7-10困难3星奖励任务,4,13,0,0,0,0,"507104,1,1",0,0,507101,,,0,0,6s-10困难3星奖励任务,
507114,0,0,0,7-11困难3星奖励任务,4,13,0,0,0,0,"507114,1,1",0,0,507111,,,0,0,6s-11困难3星奖励任务,
507124,0,0,0,7-12困难3星奖励任务,4,13,0,0,0,0,"507124,1,1",0,0,507121,,,0,0,6s-12困难3星奖励任务,
507134,0,0,0,7-13困难3星奖励任务,4,13,0,0,0,0,"507134,1,1",0,0,507131,,,0,0,6s-13困难3星奖励任务,
507144,0,0,0,7-14困难3星奖励任务,4,13,0,0,0,0,"507144,1,1",0,0,507141,,,0,0,6s-14困难3星奖励任务,
507154,0,0,0,7-15困难3星奖励任务,4,13,0,0,0,0,"507154,1,1",0,0,507151,,,0,0,6s-15困难3星奖励任务,
507164,0,0,0,7-16困难3星奖励任务,4,13,0,0,0,0,"507164,1,1",0,0,507161,,,0,0,6s-16困难3星奖励任务,
507174,0,0,0,7-17困难3星奖励任务,4,13,0,0,0,0,"507174,1,1",0,0,507171,,,0,0,6s-17困难3星奖励任务,
507184,0,0,0,7-18困难3星奖励任务,4,13,0,0,0,0,"507184,1,1",0,0,507181,,,0,0,6s-18困难3星奖励任务,
507194,0,0,0,7-19困难3星奖励任务,4,13,0,0,0,0,"507194,1,1",0,0,507191,,,0,0,6s-19困难3星奖励任务,
507204,0,0,0,7-20困难3星奖励任务,4,13,0,0,0,0,"507204,1,1",0,0,507201,,,0,0,6s-20困难3星奖励任务,
508014,0,0,0,8-1困难3星奖励任务,4,13,0,0,0,0,"508014,1,1",0,0,508011,,,0,0,6x-1困难3星奖励任务,
508024,0,0,0,8-2困难3星奖励任务,4,13,0,0,0,0,"508024,1,1",0,0,508021,,,0,0,6x-2困难3星奖励任务,
508034,0,0,0,8-3困难3星奖励任务,4,13,0,0,0,0,"508034,1,1",0,0,508031,,,0,0,6x-3困难3星奖励任务,
508044,0,0,0,8-4困难3星奖励任务,4,13,0,0,0,0,"508044,1,1",0,0,508041,,,0,0,6x-4困难3星奖励任务,
508054,0,0,0,8-5困难3星奖励任务,4,13,0,0,0,0,"508054,1,1",0,0,508051,,,0,0,6x-5困难3星奖励任务,
508064,0,0,0,8-6困难3星奖励任务,4,13,0,0,0,0,"508064,1,1",0,0,508061,,,0,0,6x-6困难3星奖励任务,
508074,0,0,0,8-7困难3星奖励任务,4,13,0,0,0,0,"508074,1,1",0,0,508071,,,0,0,6x-7困难3星奖励任务,
508084,0,0,0,8-8困难3星奖励任务,4,13,0,0,0,0,"508084,1,1",0,0,508081,,,0,0,6x-8困难3星奖励任务,
508094,0,0,0,8-9困难3星奖励任务,4,13,0,0,0,0,"508094,1,1",0,0,508091,,,0,0,6x-9困难3星奖励任务,
508104,0,0,0,8-10困难3星奖励任务,4,13,0,0,0,0,"508104,1,1",0,0,508101,,,0,0,6x-10困难3星奖励任务,
508114,0,0,0,8-11困难3星奖励任务,4,13,0,0,0,0,"508114,1,1",0,0,508111,,,0,0,6x-11困难3星奖励任务,
508124,0,0,0,8-12困难3星奖励任务,4,13,0,0,0,0,"508124,1,1",0,0,508121,,,0,0,6x-12困难3星奖励任务,
508134,0,0,0,8-13困难3星奖励任务,4,13,0,0,0,0,"508134,1,1",0,0,508131,,,0,0,6x-13困难3星奖励任务,
508144,0,0,0,8-14困难3星奖励任务,4,13,0,0,0,0,"508144,1,1",0,0,508141,,,0,0,6x-14困难3星奖励任务,
508154,0,0,0,8-15困难3星奖励任务,4,13,0,0,0,0,"508154,1,1",0,0,508151,,,0,0,6x-15困难3星奖励任务,
508164,0,0,0,8-16困难3星奖励任务,4,13,0,0,0,0,"508164,1,1",0,0,508161,,,0,0,6x-16困难3星奖励任务,
508174,0,0,0,8-17困难3星奖励任务,4,13,0,0,0,0,"508174,1,1",0,0,508171,,,0,0,6x-17困难3星奖励任务,
508184,0,0,0,8-18困难3星奖励任务,4,13,0,0,0,0,"508184,1,1",0,0,508181,,,0,0,6x-18困难3星奖励任务,
508194,0,0,0,8-19困难3星奖励任务,4,13,0,0,0,0,"508194,1,1",0,0,508191,,,0,0,6x-19困难3星奖励任务,
508204,0,0,0,8-20困难3星奖励任务,4,13,0,0,0,0,"508204,1,1",0,0,508201,,,0,0,6x-20困难3星奖励任务,
509014,0,0,0,9-1困难3星奖励任务,4,13,0,0,0,0,"509014,1,1",0,0,509011,,,0,0,7-1困难3星奖励任务,
509024,0,0,0,9-2困难3星奖励任务,4,13,0,0,0,0,"509024,1,1",0,0,509021,,,0,0,7-2困难3星奖励任务,
509034,0,0,0,9-3困难3星奖励任务,4,13,0,0,0,0,"509034,1,1",0,0,509031,,,0,0,7-3困难3星奖励任务,
509044,0,0,0,9-4困难3星奖励任务,4,13,0,0,0,0,"509044,1,1",0,0,509041,,,0,0,7-4困难3星奖励任务,
509054,0,0,0,9-5困难3星奖励任务,4,13,0,0,0,0,"509054,1,1",0,0,509051,,,0,0,7-5困难3星奖励任务,
509064,0,0,0,9-6困难3星奖励任务,4,13,0,0,0,0,"509064,1,1",0,0,509061,,,0,0,7-6困难3星奖励任务,
509074,0,0,0,9-7困难3星奖励任务,4,13,0,0,0,0,"509074,1,1",0,0,509071,,,0,0,7-7困难3星奖励任务,
509084,0,0,0,9-8困难3星奖励任务,4,13,0,0,0,0,"509084,1,1",0,0,509081,,,0,0,7-8困难3星奖励任务,
509094,0,0,0,9-9困难3星奖励任务,4,13,0,0,0,0,"509094,1,1",0,0,509091,,,0,0,7-9困难3星奖励任务,
509104,0,0,0,9-10困难3星奖励任务,4,13,0,0,0,0,"509104,1,1",0,0,509101,,,0,0,7-10困难3星奖励任务,
509114,0,0,0,9-11困难3星奖励任务,4,13,0,0,0,0,"509114,1,1",0,0,509111,,,0,0,7-11困难3星奖励任务,
509124,0,0,0,9-12困难3星奖励任务,4,13,0,0,0,0,"509124,1,1",0,0,509121,,,0,0,7-12困难3星奖励任务,
509134,0,0,0,9-13困难3星奖励任务,4,13,0,0,0,0,"509134,1,1",0,0,509131,,,0,0,7-13困难3星奖励任务,
509144,0,0,0,9-14困难3星奖励任务,4,13,0,0,0,0,"509144,1,1",0,0,509141,,,0,0,7-14困难3星奖励任务,
509154,0,0,0,9-15困难3星奖励任务,4,13,0,0,0,0,"509154,1,1",0,0,509151,,,0,0,7-15困难3星奖励任务,
509164,0,0,0,9-16困难3星奖励任务,4,13,0,0,0,0,"509164,1,1",0,0,509161,,,0,0,7-16困难3星奖励任务,
509174,0,0,0,9-17困难3星奖励任务,4,13,0,0,0,0,"509174,1,1",0,0,509171,,,0,0,7-17困难3星奖励任务,
509184,0,0,0,9-18困难3星奖励任务,4,13,0,0,0,0,"509184,1,1",0,0,509181,,,0,0,7-18困难3星奖励任务,
509194,0,0,0,9-19困难3星奖励任务,4,13,0,0,0,0,"509194,1,1",0,0,509191,,,0,0,7-19困难3星奖励任务,
509204,0,0,0,9-20困难3星奖励任务,4,13,0,0,0,0,"509204,1,1",0,0,509201,,,0,0,7-20困难3星奖励任务,
510014,0,0,0,10-1困难3星奖励任务,4,13,0,0,0,0,"510014,1,1",0,0,510011,,,0,0,8-1困难3星奖励任务,
510024,0,0,0,10-2困难3星奖励任务,4,13,0,0,0,0,"510024,1,1",0,0,510021,,,0,0,8-2困难3星奖励任务,
510034,0,0,0,10-3困难3星奖励任务,4,13,0,0,0,0,"510034,1,1",0,0,510031,,,0,0,8-3困难3星奖励任务,
510044,0,0,0,10-4困难3星奖励任务,4,13,0,0,0,0,"510044,1,1",0,0,510041,,,0,0,8-4困难3星奖励任务,
510054,0,0,0,10-5困难3星奖励任务,4,13,0,0,0,0,"510054,1,1",0,0,510051,,,0,0,8-5困难3星奖励任务,
510064,0,0,0,10-6困难3星奖励任务,4,13,0,0,0,0,"510064,1,1",0,0,510061,,,0,0,8-6困难3星奖励任务,
510074,0,0,0,10-7困难3星奖励任务,4,13,0,0,0,0,"510074,1,1",0,0,510071,,,0,0,8-7困难3星奖励任务,
510084,0,0,0,10-8困难3星奖励任务,4,13,0,0,0,0,"510084,1,1",0,0,510081,,,0,0,8-8困难3星奖励任务,
510094,0,0,0,10-9困难3星奖励任务,4,13,0,0,0,0,"510094,1,1",0,0,510091,,,0,0,8-9困难3星奖励任务,
510104,0,0,0,10-10困难3星奖励任务,4,13,0,0,0,0,"510104,1,1",0,0,510101,,,0,0,8-10困难3星奖励任务,
510114,0,0,0,10-11困难3星奖励任务,4,13,0,0,0,0,"510114,1,1",0,0,510111,,,0,0,8-11困难3星奖励任务,
510124,0,0,0,10-12困难3星奖励任务,4,13,0,0,0,0,"510124,1,1",0,0,510121,,,0,0,8-12困难3星奖励任务,
510134,0,0,0,10-13困难3星奖励任务,4,13,0,0,0,0,"510134,1,1",0,0,510131,,,0,0,8-13困难3星奖励任务,
510144,0,0,0,10-14困难3星奖励任务,4,13,0,0,0,0,"510144,1,1",0,0,510141,,,0,0,8-14困难3星奖励任务,
510154,0,0,0,10-15困难3星奖励任务,4,13,0,0,0,0,"510154,1,1",0,0,510151,,,0,0,8-15困难3星奖励任务,
510164,0,0,0,10-16困难3星奖励任务,4,13,0,0,0,0,"510164,1,1",0,0,510161,,,0,0,8-16困难3星奖励任务,
510174,0,0,0,10-17困难3星奖励任务,4,13,0,0,0,0,"510174,1,1",0,0,510171,,,0,0,8-17困难3星奖励任务,
510184,0,0,0,10-18困难3星奖励任务,4,13,0,0,0,0,"510184,1,1",0,0,510181,,,0,0,8-18困难3星奖励任务,
510194,0,0,0,10-19困难3星奖励任务,4,13,0,0,0,0,"510194,1,1",0,0,510191,,,0,0,8-19困难3星奖励任务,
510204,0,0,0,10-20困难3星奖励任务,4,13,0,0,0,0,"510204,1,1",0,0,510201,,,0,0,8-20困难3星奖励任务,
501005,0,0,0,第1章困难星数奖励（20星）,4,0,0,0,0,0,"501001,20",0,0,501005,,,0,0,第1章困难星数奖励（20星）,
501006,0,0,0,第1章困难星数奖励（40星）,4,0,0,0,0,0,"501001,40",0,0,501006,,,0,0,第1章困难星数奖励（40星）,
501007,0,0,0,第1章困难星数奖励（60星）,4,0,0,0,0,0,"501001,60",0,0,501007,,,0,0,第1章困难星数奖励（60星）,
502005,0,0,0,第2章困难星数奖励（20星）,4,0,0,0,0,0,"502001,20",0,0,502005,,,0,0,第2章困难星数奖励（20星）,
502006,0,0,0,第2章困难星数奖励（40星）,4,0,0,0,0,0,"502001,40",0,0,502006,,,0,0,第2章困难星数奖励（40星）,
502007,0,0,0,第2章困难星数奖励（60星）,4,0,0,0,0,0,"502001,60",0,0,502007,,,0,0,第2章困难星数奖励（60星）,
503005,0,0,0,第3章困难星数奖励（20星）,4,0,0,0,0,0,"503001,20",0,0,503005,,,0,0,第3章困难星数奖励（20星）,
503006,0,0,0,第3章困难星数奖励（40星）,4,0,0,0,0,0,"503001,40",0,0,503006,,,0,0,第3章困难星数奖励（40星）,
503007,0,0,0,第3章困难星数奖励（60星）,4,0,0,0,0,0,"503001,60",0,0,503007,,,0,0,第3章困难星数奖励（60星）,
504005,0,0,0,第4章困难星数奖励（20星）,4,0,0,0,0,0,"504001,20",0,0,504005,,,0,0,第4章困难星数奖励（20星）,
504006,0,0,0,第4章困难星数奖励（40星）,4,0,0,0,0,0,"504001,40",0,0,504006,,,0,0,第4章困难星数奖励（40星）,
504007,0,0,0,第4章困难星数奖励（60星）,4,0,0,0,0,0,"504001,60",0,0,504007,,,0,0,第4章困难星数奖励（60星）,
505005,0,0,0,第5章困难星数奖励（20星）,4,0,0,0,0,0,"505001,20",0,0,505005,,,0,0,第5章困难星数奖励（20星）,
505006,0,0,0,第5章困难星数奖励（40星）,4,0,0,0,0,0,"505001,40",0,0,505006,,,0,0,第5章困难星数奖励（40星）,
505007,0,0,0,第5章困难星数奖励（60星）,4,0,0,0,0,0,"505001,60",0,0,505007,,,0,0,第5章困难星数奖励（60星）,
506005,0,0,0,第6章困难星数奖励（20星）,4,0,0,0,0,0,"506001,20",0,0,506005,,,0,0,第6章困难星数奖励（20星）,
506006,0,0,0,第6章困难星数奖励（40星）,4,0,0,0,0,0,"506001,40",0,0,506006,,,0,0,第6章困难星数奖励（40星）,
506007,0,0,0,第6章困难星数奖励（60星）,4,0,0,0,0,0,"506001,60",0,0,506007,,,0,0,第6章困难星数奖励（60星）,
507005,0,0,0,第6s章困难星数奖励（20星）,4,0,0,0,0,0,"507001,20",0,0,507005,,,0,0,第6s章困难星数奖励（20星）,
507006,0,0,0,第6s章困难星数奖励（40星）,4,0,0,0,0,0,"507001,40",0,0,507006,,,0,0,第6s章困难星数奖励（40星）,
507007,0,0,0,第6s章困难星数奖励（60星）,4,0,0,0,0,0,"507001,60",0,0,507007,,,0,0,第6s章困难星数奖励（60星）,
508005,0,0,0,第6x章困难星数奖励（20星）,4,0,0,0,0,0,"508001,20",0,0,508005,,,0,0,第6x章困难星数奖励（20星）,
508006,0,0,0,第6x章困难星数奖励（40星）,4,0,0,0,0,0,"508001,40",0,0,508006,,,0,0,第6x章困难星数奖励（40星）,
508007,0,0,0,第6x章困难星数奖励（60星）,4,0,0,0,0,0,"508001,60",0,0,508007,,,0,0,第6x章困难星数奖励（60星）,
509005,0,0,0,第7章困难星数奖励（20星）,4,0,0,0,0,0,"509001,20",0,0,509005,,,0,0,第7章困难星数奖励（20星）,
509006,0,0,0,第7章困难星数奖励（40星）,4,0,0,0,0,0,"509001,40",0,0,509006,,,0,0,第7章困难星数奖励（40星）,
509007,0,0,0,第7章困难星数奖励（60星）,4,0,0,0,0,0,"509001,60",0,0,509007,,,0,0,第7章困难星数奖励（60星）,
510005,0,0,0,第8章困难星数奖励（20星）,4,0,0,0,0,0,"510001,20",0,0,510005,,,0,0,第8章困难星数奖励（20星）,
510006,0,0,0,第8章困难星数奖励（40星）,4,0,0,0,0,0,"510001,40",0,0,510006,,,0,0,第8章困难星数奖励（40星）,
510007,0,0,0,第8章困难星数奖励（60星）,4,0,0,0,0,0,"510001,60",0,0,510007,,,0,0,第8章困难星数奖励（60星）,
7001,mission_threestar_7001,mission_decs_7001,0,当期幻梦之境获得10000点积分,4,14,4,0,0,0,"70005,10000",0,0,40101,,,0,7001,0,
7002,mission_threestar_7002,mission_decs_7002,0,当期幻梦之境获得200000点积分,4,14,4,0,0,0,"70005,200000",0,0,40101,,,0,7002,0,
7003,mission_threestar_7003,mission_decs_7003,0,当期幻梦之境获得3000000点积分,4,14,4,0,0,0,"70005,500000",0,0,40101,,,0,7003,0,
7004,mission_threestar_7004,mission_decs_7004,0,当期幻梦之境获得4000000点积分,4,14,4,0,0,0,"70005,700000",0,0,40101,,,0,7004,0,
7005,mission_threestar_7005,mission_decs_7005,0,当期幻梦之境获得5000000点积分,4,14,4,0,0,0,"70005,1000000",0,0,40101,,,0,7005,0,
7006,mission_threestar_7006,mission_decs_7006,0,当期幻梦之境获得6000000点积分,4,14,4,0,0,0,"70005,2000000",0,0,40101,,,0,7006,0,
7007,mission_threestar_7007,mission_decs_7007,0,当期幻梦之境获得7000000点积分,4,14,4,0,0,0,"70005,3000000",0,0,40101,,,0,7007,0,
7008,mission_threestar_7008,mission_decs_7008,0,,4,14,4,0,0,0,"70005,5000000",0,0,40101,,,0,7008,0,
7009,mission_threestar_7007,mission_decs_7009,0,当期幻梦之境获得7000000点积分,4,14,4,0,0,0,"70005,7000000",0,0,40101,,,0,7009,0,
7010,mission_threestar_7008,mission_decs_7010,0,,4,14,4,0,0,0,"70005,10000000",0,0,40101,,,0,7010,0,
7011,mission_threestar_7011,mission_decs_7011,0,当期幻梦之境获得10000点积分,4,14,4,0,0,0,"70009,10000",0,0,40101,,,0,7011,0,
7012,mission_threestar_7012,mission_decs_7012,0,当期幻梦之境获得200000点积分,4,14,4,0,0,0,"70009,200000",0,0,40101,,,0,7012,0,
7013,mission_threestar_7013,mission_decs_7013,0,当期幻梦之境获得3000000点积分,4,14,4,0,0,0,"70009,500000",0,0,40101,,,0,7013,0,
7014,mission_threestar_7014,mission_decs_7014,0,当期幻梦之境获得4000000点积分,4,14,4,0,0,0,"70009,700000",0,0,40102,,,0,7014,0,
7015,mission_threestar_7015,mission_decs_7015,0,当期幻梦之境获得5000000点积分,4,14,4,0,0,0,"70009,1000000",0,0,40102,,,0,7015,0,
7016,mission_threestar_7016,mission_decs_7016,0,当期幻梦之境获得6000000点积分,4,14,4,0,0,0,"70009,2000000",0,0,40102,,,0,7016,0,
7017,mission_threestar_7017,mission_decs_7017,0,当期幻梦之境获得7000000点积分,4,14,4,0,0,0,"70009,3000000",0,0,40102,,,0,7017,0,
7018,mission_threestar_7018,mission_decs_7018,0,,4,14,4,0,0,0,"70009,3225000",0,0,40103,,,0,7018,0,
7021,mission_threestar_7021,mission_decs_7021,0,当期幻梦之境获得10000点积分,4,14,4,0,0,0,"70013,10000",0,0,40101,,,0,7021,0,
7022,mission_threestar_7022,mission_decs_7022,0,当期幻梦之境获得200000点积分,4,14,4,0,0,0,"70013,200000",0,0,40101,,,0,7022,0,
7023,mission_threestar_7023,mission_decs_7023,0,当期幻梦之境获得3000000点积分,4,14,4,0,0,0,"70013,500000",0,0,40101,,,0,7023,0,
7024,mission_threestar_7024,mission_decs_7024,0,当期幻梦之境获得4000000点积分,4,14,4,0,0,0,"70013,700000",0,0,40102,,,0,7024,0,
7025,mission_threestar_7025,mission_decs_7025,0,当期幻梦之境获得5000000点积分,4,14,4,0,0,0,"70013,1000000",0,0,40102,,,0,7025,0,
7026,mission_threestar_7026,mission_decs_7026,0,当期幻梦之境获得6000000点积分,4,14,4,0,0,0,"70013,2000000",0,0,40102,,,0,7026,0,
7027,mission_threestar_7027,mission_decs_7027,0,当期幻梦之境获得7000000点积分,4,14,4,0,0,0,"70013,3000000",0,0,40102,,,0,7027,0,
7028,mission_threestar_7028,mission_decs_7028,0,,4,14,4,0,0,0,"70013,3225000",0,0,40103,,,0,7028,0,
7031,mission_threestar_7031,mission_decs_7031,0,当期幻梦之境获得10000点积分,4,14,4,0,0,0,"70017,10000",0,0,40101,,,0,7031,0,
7032,mission_threestar_7032,mission_decs_7032,0,当期幻梦之境获得200000点积分,4,14,4,0,0,0,"70017,200000",0,0,40101,,,0,7032,0,
7033,mission_threestar_7033,mission_decs_7033,0,当期幻梦之境获得3000000点积分,4,14,4,0,0,0,"70017,500000",0,0,40101,,,0,7033,0,
7034,mission_threestar_7034,mission_decs_7034,0,当期幻梦之境获得4000000点积分,4,14,4,0,0,0,"70017,700000",0,0,40102,,,0,7034,0,
7035,mission_threestar_7035,mission_decs_7035,0,当期幻梦之境获得5000000点积分,4,14,4,0,0,0,"70017,1000000",0,0,40102,,,0,7035,0,
7036,mission_threestar_7036,mission_decs_7036,0,当期幻梦之境获得6000000点积分,4,14,4,0,0,0,"70017,2000000",0,0,40102,,,0,7036,0,
7037,mission_threestar_7037,mission_decs_7037,0,当期幻梦之境获得7000000点积分,4,14,4,0,0,0,"70017,3000000",0,0,40102,,,0,7037,0,
7038,mission_threestar_7038,mission_decs_7038,0,,4,14,4,0,0,0,"70017,3225000",0,0,40103,,,0,7038,0,
7041,mission_threestar_7041,mission_decs_7041,0,当期幻梦之境获得10000点积分,4,14,4,0,0,0,"70021,10000",0,0,40101,,,0,7041,0,
7042,mission_threestar_7042,mission_decs_7042,0,当期幻梦之境获得200000点积分,4,14,4,0,0,0,"70021,200000",0,0,40101,,,0,7042,0,
7043,mission_threestar_7043,mission_decs_7043,0,当期幻梦之境获得3000000点积分,4,14,4,0,0,0,"70021,500000",0,0,40101,,,0,7043,0,
7044,mission_threestar_7044,mission_decs_7044,0,当期幻梦之境获得4000000点积分,4,14,4,0,0,0,"70021,700000",0,0,40102,,,0,7044,0,
7045,mission_threestar_7045,mission_decs_7045,0,当期幻梦之境获得5000000点积分,4,14,4,0,0,0,"70021,1000000",0,0,40102,,,0,7045,0,
7046,mission_threestar_7046,mission_decs_7046,0,当期幻梦之境获得6000000点积分,4,14,4,0,0,0,"70021,2000000",0,0,40102,,,0,7046,0,
7047,mission_threestar_7047,mission_decs_7047,0,当期幻梦之境获得7000000点积分,4,14,4,0,0,0,"70021,3000000",0,0,40102,,,0,7047,0,
7048,mission_threestar_7048,mission_decs_7048,0,,4,14,4,0,0,0,"70021,3225000",0,0,40103,,,0,7048,0,
7051,mission_threestar_7051,mission_decs_7051,0,当期幻梦之境获得10000点积分,4,14,4,0,0,0,"70025,10000",0,0,40101,,,0,7051,0,
7052,mission_threestar_7052,mission_decs_7052,0,当期幻梦之境获得200000点积分,4,14,4,0,0,0,"70025,200000",0,0,40101,,,0,7052,0,
7053,mission_threestar_7053,mission_decs_7053,0,当期幻梦之境获得3000000点积分,4,14,4,0,0,0,"70025,500000",0,0,40101,,,0,7053,0,
7054,mission_threestar_7054,mission_decs_7054,0,当期幻梦之境获得4000000点积分,4,14,4,0,0,0,"70025,700000",0,0,40102,,,0,7054,0,
7055,mission_threestar_7055,mission_decs_7055,0,当期幻梦之境获得5000000点积分,4,14,4,0,0,0,"70025,1000000",0,0,40102,,,0,7055,0,
7056,mission_threestar_7056,mission_decs_7056,0,当期幻梦之境获得6000000点积分,4,14,4,0,0,0,"70025,2000000",0,0,40102,,,0,7056,0,
7057,mission_threestar_7057,mission_decs_7057,0,当期幻梦之境获得7000000点积分,4,14,4,0,0,0,"70025,3000000",0,0,40102,,,0,7057,0,
7058,mission_threestar_7058,mission_decs_7058,0,,4,14,4,0,0,0,"70025,3225000",0,0,40103,,,0,7058,0,
7901,mission_threestar_7901,mission_decs_7901,0,通过暴食第1难度,4,14,0,0,0,0,"71001,1",0,0,40104,,,0,7901,1,
7902,mission_threestar_7902,mission_decs_7902,0,通过暴食第2难度,4,14,0,0,0,0,"71002,1",0,0,40104,,,0,7902,1,
7903,mission_threestar_7903,mission_decs_7903,0,通过暴食第3难度,4,14,0,0,0,0,"71003,1",0,0,40104,,,0,7903,1,
7904,mission_threestar_7904,mission_decs_7904,0,通过暴食第4难度,4,14,0,0,0,0,"71004,1",0,0,40104,,,0,7904,1,
7917,mission_threestar_7917,mission_decs_7917,0,,4,14,0,0,0,0,"71018,1",0,0,40104,,,0,7917,1,
7905,mission_threestar_7905,mission_decs_7905,0,通过色欲第1难度,4,14,0,0,0,0,"71005,1",0,0,40104,,,0,7905,1,
7906,mission_threestar_7906,mission_decs_7906,0,通过色欲第2难度,4,14,0,0,0,0,"71006,1",0,0,40104,,,0,7906,1,
7907,mission_threestar_7907,mission_decs_7907,0,通过色欲第3难度,4,14,0,0,0,0,"71007,1",0,0,40104,,,0,7907,1,
7908,mission_threestar_7908,mission_decs_7908,0,通过色欲第4难度,4,14,0,0,0,0,"71008,1",0,0,40104,,,0,7908,1,
7918,mission_threestar_7918,mission_decs_7918,0,,4,14,0,0,0,0,"71019,1",0,0,40104,,,0,7918,1,
7909,mission_threestar_7909,mission_decs_7909,0,通过咎瓦格斯第1难度,4,14,0,0,0,0,"71009,1",0,0,40104,,,0,7909,1,
7910,mission_threestar_7910,mission_decs_7910,0,通过咎瓦格斯第2难度,4,14,0,0,0,0,"71010,1",0,0,40104,,,0,7910,1,
7911,mission_threestar_7911,mission_decs_7911,0,通过咎瓦格斯第3难度,4,14,0,0,0,0,"71011,1",0,0,40104,,,0,7911,1,
7912,mission_threestar_7912,mission_decs_7912,0,通过咎瓦格斯第4难度,4,14,0,0,0,0,"71012,1",0,0,40104,,,0,7912,1,
7919,mission_threestar_7919,mission_decs_7919,0,,4,14,0,0,0,0,"71020,1",0,0,40104,,,0,7919,1,
7913,mission_threestar_7913,mission_decs_7913,0,通过恶神桃第1难度,4,14,0,0,0,0,"71013,1",0,0,40104,,,0,7913,1,
7914,mission_threestar_7914,mission_decs_7914,0,通过恶神桃第2难度,4,14,0,0,0,0,"71014,1",0,0,40104,,,0,7914,1,
7915,mission_threestar_7915,mission_decs_7915,0,通过恶神桃第3难度,4,14,0,0,0,0,"71015,1",0,0,40104,,,0,7915,1,
7916,mission_threestar_7916,mission_decs_7916,0,通过恶神桃第4难度,4,14,0,0,0,0,"71016,1",0,0,40104,,,0,7916,1,
7920,mission_threestar_7920,mission_decs_7920,0,,4,14,0,0,0,0,"71017,1",0,0,40104,,,0,7920,1,
7921,mission_threestar_7921,mission_decs_7921,0,通过西蒙第1难度,4,14,0,0,0,0,"71021,1",0,0,40104,,,0,7921,1,
7922,mission_threestar_7922,mission_decs_7922,0,通过西蒙第2难度,4,14,0,0,0,0,"71022,1",0,0,40104,,,0,7922,1,
7923,mission_threestar_7923,mission_decs_7923,0,通过西蒙第3难度,4,14,0,0,0,0,"71023,1",0,0,40104,,,0,7923,1,
7924,mission_threestar_7924,mission_decs_7924,0,通过西蒙第4难度,4,14,0,0,0,0,"71024,1",0,0,40104,,,0,7924,1,
7925,mission_threestar_7925,mission_decs_7925,0,通过西蒙第5难度,4,14,0,0,0,0,"71025,1",0,0,40104,,,0,7925,1,
7926,mission_threestar_7926,mission_decs_7926,0,通过莉莉布朗尼第1难度,4,14,0,0,0,0,"71026,1",0,0,40104,,,0,7926,1,
7927,mission_threestar_7927,mission_decs_7927,0,通过莉莉布朗尼第2难度,4,14,0,0,0,0,"71027,1",0,0,40104,,,0,7927,1,
7928,mission_threestar_7928,mission_decs_7928,0,通过莉莉布朗尼第3难度,4,14,0,0,0,0,"71028,1",0,0,40104,,,0,7928,1,
7929,mission_threestar_7929,mission_decs_7929,0,通过莉莉布朗尼第4难度,4,14,0,0,0,0,"71029,1",0,0,40104,,,0,7929,1,
7930,mission_threestar_7930,mission_decs_7930,0,通过莉莉布朗尼第5难度,4,14,0,0,0,0,"71030,1",0,0,40104,,,0,7930,1,
