Id,AttrId,Desattr,,,Desc1,DescName,TargetType,Attrlv,Pvp,RefixValue,RefixPercent,RefixFixValue,RefixValueGrown,RefixPercentGrown,RefixFixValueGrown,SkillId,Icon
1,101,,,,基础生命,,0,0,,"127,127",,,"127,127",,,,icon_500001
2,102,,,,基础攻击,,0,0,,"21,21",,,"21,21",,,,icon_500002
3,103,,,,基础防御,,0,0,,"11,11",,,"11,11",,,,icon_500003
11,101,AttrRefix_name_101,,,生命加成,,0,0,,,"50,50",,,"50,50",,,icon_500001
21,102,AttrRefix_name_102,,,攻击加成,,0,0,,,"50,50",,,"50,50",,,icon_500002
31,103,AttrRefix_name_103,,,防御加成,,0,0,,,"50,50",,,"50,50",,,icon_500003
4,101,,,,基础生命,,0,0,,"191,191",,,"191,191",,,,icon_500001
5,102,,,,基础攻击,,0,0,,"32,32",,,"32,32",,,,icon_500002
6,103,,,,基础防御,,0,0,,"17,17",,,"17,17",,,,icon_500003
41,101,AttrRefix_name_101,,,生命加成,,0,0,,,"75,75",,,"75,75",,,icon_500004
51,102,AttrRefix_name_102,,,攻击加成,,0,0,,,"75,75",,,"75,75",,,icon_500005
61,103,AttrRefix_name_103,,,防御加成,,0,0,,,"75,75",,,"75,75",,,icon_500006
7,101,,,,基础生命,,0,0,,"286,286",,,"286,286",,,,icon_500001
8,102,,,,基础攻击,,0,0,,"47,47",,,"47,47",,,,icon_500002
9,103,,,,基础防御,,0,5,,"25,25",,,"25,25",,,,icon_500003
71,101,AttrRefix_name_101,,,生命加成,,0,5,,,"100,100",,,"100,100",,,icon_500004
81,102,AttrRefix_name_102,,,攻击加成,,0,5,,,"100,100",,,"100,100",,,icon_500005
91,103,AttrRefix_name_103,,,防御加成,,0,5,,,"100,100",,,"100,100",,,icon_500006
9001,101,AttrRefix_name_9001,成就,,额外生命加成,,0,0,,,,"8,8",,,,,
9002,101,AttrRefix_name_9001,成就,,额外生命加成,,0,0,,,,"24,24",,,,,
9003,101,AttrRefix_name_9001,成就,,额外生命加成,,0,0,,,,"40,40",,,,,
9004,102,AttrRefix_name_9002,成就,,额外攻击加成,,0,0,,,,"1,1",,,,,
9005,102,AttrRefix_name_9002,成就,,额外攻击加成,,0,0,,,,"3,3",,,,,
9006,102,AttrRefix_name_9002,成就,,额外攻击加成,,0,0,,,,"5,5",,,,,
9007,102,AttrRefix_name_9002,成就,,额外攻击加成,,0,0,,,,"15,15",,,,,
9201,101,AttrRefix_name_101_1,收藏奖励,,固定生命,,0,0,,,,"1,1",,,"1,1",,
9202,102,AttrRefix_name_102_1,收藏奖励,,固定攻击,,0,0,,,,"1,1",,,"1,1",,
9203,103,AttrRefix_name_103_1,收藏奖励,,固定防御,,0,0,,,,"1,1",,,"1,1",,
9204,104,AttrRefix_name_104_1,收藏奖励,,固定韧性,,0,0,,,,"1,1",,,"1,1",,
9205,112,,收藏奖励,,伤害加成,,0,0,,"10,10",,,"10,10",,,,
9206,114,,收藏奖励,,暴击率,,0,0,,"10,10",,,"10,10",,,,
9207,116,,收藏奖励,,暴击伤害,,0,0,,"10,10",,,"10,10",,,,
9208,123,,收藏奖励,,普工伤害,,0,0,,"10,10",,,"10,10",,,,
9209,124,,收藏奖励,,技能伤害,,0,0,,"10,10",,,"10,10",,,,
9210,125,,收藏奖励,,奥义伤害,,0,0,,"10,10",,,"10,10",,,,
9211,2012,,收藏奖励,,侵蚀命中,,0,0,,"10,10",,,"10,10",,,,
9212,2001,,收藏奖励,,灼烧命中,,0,0,,"10,10",,,"10,10",,,,
9213,120,,收藏奖励,,治疗效果,,0,0,,"10,10",,,"10,10",,,,
9214,3001,,收藏奖励,,灼烧伤害,,0,0,,"10,10",,,"10,10",,,,
9215,3012,,收藏奖励,,侵蚀伤害,,0,0,,"10,10",,,"10,10",,,,
9216,3005,,收藏奖励,,感电伤害,,0,0,,"10,10",,,"10,10",,,,
9301,101,Attribute_Name_101,黯影地牢（肉鸽爬塔）,,生命,,0,0,,,"10,10",,,"10,10",,,
9302,102,Attribute_Name_102,黯影地牢（肉鸽爬塔）,,攻击,,0,0,,,"10,10",,,"10,10",,,
9303,103,Attribute_Name_103,黯影地牢（肉鸽爬塔）,,防御,,0,0,,,"10,10",,,"10,10",,,
9304,104,Attribute_Name_104,黯影地牢（肉鸽爬塔）,,韧性值,,0,0,,,"10,10",,,"10,10",,,
9305,107,Attribute_Name_107,黯影地牢（肉鸽爬塔）,,效果命中,,0,0,,"10,10",,,"10,10",,,,
9306,108,Attribute_Name_108,黯影地牢（肉鸽爬塔）,,效果抵抗,,0,0,,"10,10",,,"10,10",,,,
9307,109,Attribute_Name_109,黯影地牢（肉鸽爬塔）,,弱破效果,,0,0,,"10,10",,,"10,10",,,,
9308,112,Attribute_Name_112,黯影地牢（肉鸽爬塔）,,伤害加成,,0,0,,"10,10",,,"10,10",,,,
9309,113,Attribute_Name_113,黯影地牢（肉鸽爬塔）,,伤害减免,,0,0,,"10,10",,,"10,10",,,,
9310,114,Attribute_Name_114,黯影地牢（肉鸽爬塔）,,暴击概率,,0,0,,"10,10",,,"10,10",,,,
9311,116,Attribute_Name_116,黯影地牢（肉鸽爬塔）,,暴击伤害,,0,0,,"10,10",,,"10,10",,,,
9312,118,Attribute_Name_118,黯影地牢（肉鸽爬塔）,,防御穿透,,0,0,,"10,10",,,"10,10",,,,
9313,120,Attribute_Name_120,黯影地牢（肉鸽爬塔）,,治疗效果,,0,0,,"10,10",,,"10,10",,,,
9314,123,Attribute_Name_123,黯影地牢（肉鸽爬塔）,,普攻伤害,,0,0,,"10,10",,,"10,10",,,,
9315,124,Attribute_Name_124,黯影地牢（肉鸽爬塔）,,技能伤害,,0,0,,"10,10",,,"10,10",,,,
9316,125,Attribute_Name_125,黯影地牢（肉鸽爬塔）,,奥义伤害,,0,0,,"10,10",,,"10,10",,,,
9317,134,Attribute_Name_134,黯影地牢（肉鸽爬塔）,,护盾效果,,0,0,,"10,10",,,"10,10",,,,
9318,137,Attribute_Name_137,黯影地牢（肉鸽爬塔）,,回能效率,,0,0,,"10,10",,,"10,10",,,,
9319,147,Attribute_Name_142,黯影地牢（肉鸽爬塔）,,灵魂解放伤害,,0,0,,"10,10",,,"10,10",,,,
9320,133,Attribute_Name_133,黯影地牢（肉鸽爬塔）,,反噬比例,,0,0,,"10,10",,,"10,10",,,,
4000101,101,,,,试练塔1层敌人生命增益,,0,0,,"200,200",,,"50,50",,,,icon_500001
4000102,102,,,,试练塔1层敌人攻击增益,,0,0,,"20,20",,,"10,10",,,,icon_500002
4000201,101,,,,试练塔2层敌人生命增益,,0,0,,"250,250",,,"50,50",,,,icon_500003
4000202,102,,,,试练塔2层敌人攻击增益,,0,0,,"25,25",,,"10,10",,,,icon_500004
4000301,101,,,,试练塔3层敌人生命增益,,0,0,,"300,300",,,"50,50",,,,icon_500005
4000302,102,,,,试练塔3层敌人攻击增益,,0,0,,"30,30",,,"10,10",,,,icon_500006
4000401,101,,,,试练塔4层敌人生命增益,,0,0,,"350,350",,,"50,50",,,,icon_500001
4000402,102,,,,试练塔4层敌人攻击增益,,0,0,,"35,35",,,"10,10",,,,icon_500002
4000501,101,,,,试练塔boss1生命增益,,0,0,,"1000,1000",,,"200,200",,,,icon_500003
4000502,102,,,,试练塔boss1攻击增益,,0,0,,"100,100",,,"20,20",,,,icon_500004
4000601,101,,,,试练塔6层敌人生命增益,,0,0,,"400,400",,,"50,50",,,,icon_500005
4000602,102,,,,试练塔6层敌人攻击增益,,0,0,,"40,40",,,"10,10",,,,icon_500006
4000701,101,,,,试练塔7层敌人生命增益,,0,0,,"450,450",,,"50,50",,,,icon_500001
4000702,102,,,,试练塔7层敌人攻击增益,,0,0,,"45,45",,,"10,10",,,,icon_500002
4000801,101,,,,试练塔8层敌人生命增益,,0,0,,"500,500",,,"50,50",,,,icon_500003
4000802,102,,,,试练塔8层敌人攻击增益,,0,0,,"50,50",,,"10,10",,,,icon_500004
4000901,101,,,,试练塔9层敌人生命增益,,0,0,,"500,500",,,"50,50",,,,icon_500005
4000902,102,,,,试练塔9层敌人攻击增益,,0,0,,"50,50",,,"10,10",,,,icon_500006
4001001,101,,,,试练塔boss2生命增益,,0,0,,"2000,2000",,,"200,200",,,,icon_500001
4001002,102,,,,试练塔boss2攻击增益,,0,0,,"150,150",,,"20,20",,,,icon_500002
301300191,0,,饰品等级+1,,格蕾,,0,0,,,,,,,,301300191,
301300391,0,,饰品等级+1,,阿涅克丝,,0,0,,,,,,,,301300391,
301300491,0,,饰品等级+1,,炽爱,,0,0,,,,,,,,301300491,
301300691,0,,饰品等级+1,,水仙,,0,0,,,,,,,,301300691,
301300791,0,,饰品等级+1,,菲莉希亚,,0,0,,,,,,,,301300791,
301300891,0,,饰品等级+1,,梅露特,,0,0,,,,,,,,301300891,
301300991,0,,饰品等级+1,,奈奈芙,,0,0,,,,,,,,301300991,
301301491,0,,饰品等级+1,,玛瑙,,0,0,,,,,,,,301301491,
301301591,0,,饰品等级+1,,哀歌,,0,0,,,,,,,,301301591,
301301791,0,,饰品等级+1,,波斯菊,,0,0,,,,,,,,301301791,
301301891,0,,饰品等级+1,,爱琳,,0,0,,,,,,,,301301891,
301301991,0,,饰品等级+1,,库萝心,,0,0,,,,,,,,301301991,
301302091,0,,饰品等级+1,,维达,,0,0,,,,,,,,301302091,
301302291,0,,饰品等级+1,,莱拉,,0,0,,,,,,,,301302291,
301302391,0,,饰品等级+1,,芙洛拉,,0,0,,,,,,,,301302391,
301302591,0,,饰品等级+1,,多萝西,,0,0,,,,,,,,301302591,
301400191,0,,饰品等级+1,,普琳普顿,,0,0,,,,,,,,301400191,
301400391,0,,饰品等级+1,,焰心,,0,0,,,,,,,,301400391,
301400491,0,,饰品等级+1,,索菲,,0,0,,,,,,,,301400491,
301400591,0,,饰品等级+1,,弥生,,0,0,,,,,,,,301400591,
301401291,0,,饰品等级+1,,未来,,0,0,,,,,,,,301401291,
301401691,0,,饰品等级+1,,杏林,,0,0,,,,,,,,301401691,
301401891,0,,饰品等级+1,,诗娅,,0,0,,,,,,,,301401891,
301401991,0,,饰品等级+1,,艾什尔,,0,0,,,,,,,,301401991,
301402091,0,,饰品等级+1,,阿波菲斯,,0,0,,,,,,,,301402091,
301402191,0,,饰品等级+1,,纳菲,,0,0,,,,,,,,301402191,
301402291,0,,饰品等级+1,,丘吉尔,,0,0,,,,,,,,301402291,
301402391,0,,饰品等级+1,,神光,,0,0,,,,,,,,301402391,
301402491,0,,饰品等级+1,,雷雷,,0,0,,,,,,,,301402491,
301402591,0,,饰品等级+1,,安普莎,,0,0,,,,,,,,301402591,
301402691,0,,饰品等级+1,,库萝爱,,0,0,,,,,,,,301402691,
301402791,0,,饰品等级+1,,贝拉,,0,0,,,,,,,,301402791,
301402991,0,,饰品等级+1,,贝儿,,0,0,,,,,,,,301402991,
301403091,0,,饰品等级+1,,安娜,,0,0,,,,,,,,301403091,
301500291,0,,饰品等级+1,,丹妮,,0,0,,,,,,,,301500291,
301500491,0,,饰品等级+1,,耶坦尼娅,,0,0,,,,,,,,301500491,
301500691,0,,饰品等级+1,,希夕莉,,0,0,,,,,,,,301500691,
301500791,0,,饰品等级+1,,萨拉,,0,0,,,,,,,,301500791,
301500891,0,,饰品等级+1,,牧,,0,0,,,,,,,,301500891,
301600991,0,,饰品等级+1,,吉拉蒂亚,,0,0,,,,,,,,301600991,
301601191,0,,饰品等级+1,,卡萝琳,,0,0,,,,,,,,301601191,
301601391,0,,饰品等级+1,,克尔苏娜,,0,0,,,,,,,,301601391,
301601791,0,,饰品等级+1,,罗莎莉,,0,0,,,,,,,,301601791,
301602391,0,,饰品等级+1,,佩内洛普,,0,0,,,,,,,,301602391,
301603191,0,,饰品等级+1,,小闪,,0,0,,,,,,,,301603191,
301603891,0,,饰品等级+1,,仙蒂,,0,0,,,,,,,,301603891,
301607891,0,,饰品等级+1,,昔莱,,0,0,,,,,,,,301607891,
301613091,0,,饰品等级+1,,伊卡洛斯,,0,0,,,,,,,,301613091,
301400991,0,,饰品等级+1,,桃,,0,0,,,,,,,,301400991,
301403191,0,,饰品等级+1,,伊拉,,0,0,,,,,,,,301403191,
301618791,0,,饰品等级+1,,异邦波斯菊,,0,0,,,,,,,,301618791,
301606891,0,,饰品等级+1,,贝卡丝,,0,0,,,,,,,,301606891,
301601091,0,,饰品等级+1,,瑞比娅,,0,0,,,,,,,,301601091,
301602491,0,,饰品等级+1,,塞蕾丝蒂娜,,0,0,,,,,,,,301602491,
301602091,0,,饰品等级+1,,奈奥米,,0,0,,,,,,,,301602091,
301604991,0,,饰品等级+1,,艾琳娜,,0,0,,,,,,,,301604991,
301401191,0,,饰品等级+1,,艾斯塔利亚,,0,0,,,,,,,,301401191,
301618891,0,,饰品等级+1,,极焰,,0,0,,,,,,,,301618891,
301400291,0,,饰品等级+1,,黛比,,0,0,,,,,,,,301400291,
301601691,0,,饰品等级+1,,露易丝,,0,0,,,,,,,,301601691,
301400691,0,,饰品等级+1,,恋花,,0,0,,,,,,,,301400691,
301401791,0,,饰品等级+1,,花梨,,0,0,,,,,,,,301401791,
301301391,0,,饰品等级+1,,菲尔盖娜,,0,0,,,,,,,,301301391,
301500191,0,,饰品等级+1,,诺维雅,,0,0,,,,,,,,301500191,
301700191,0,,饰品等级+1,,雪泉,,0,0,,,,,,,,301700191,
301700291,0,,饰品等级+1,,雪不归,,0,0,,,,,,,,301700291,
301611991,0,,饰品等级+1,,杜达·戴维,,0,0,,,,,,,,301611991,
301618991,0,,饰品等级+1,,塔嘉娜,,0,0,,,,,,,,301618991,
301402891,0,,饰品等级+1,,卡洛蒂,,0,0,,,,,,,,301402891,
301619191,0,,饰品等级+1,,爱尔维拉,,0,0,,,,,,,,301619191,
50100,102,,诞生血3,,诞生血,,"4,1",0,0,,"30,30",,,"30,30",,,
50101,103,,诞生攻3,,诞生攻,,"4,1",0,0,,"30,30",,,"30,30",,,
50102,101,,诞生防3,,诞生防,,"4,1",0,0,,"30,30",,,"30,30",,,
50103,102,,诞生血3.4,,诞生血,,"4,1",0,0,,"34,34",,,"34,34",,,
50104,103,,诞生攻3.4,,诞生攻,,"4,1",0,0,,"34,34",,,"34,34",,,
50105,101,,诞生防3.4,,诞生防,,"4,1",0,0,,"34,34",,,"34,34",,,
50106,102,,诞生血5,,诞生血,,"4,1",0,0,,"50,50",,,"50,50",,,
50107,103,,诞生攻5,,诞生攻,,"4,1",0,0,,"50,50",,,"50,50",,,
50108,101,,诞生防5,,诞生防,,"4,1",0,0,,"50,50",,,"50,50",,,
50109,1,,技能1效果1等级+1,,,,"4,1",0,0,,,,,,,8003001,
50110,1,,技能2等级+1,,,,"4,1",0,0,,,,,,,8003003,
50111,1,,技能3等级+1,,,,"4,1",0,0,,,,,,,8003002,
50115,1,,技能1效果2等级+1,,,,"4,1",0,0,,,,,,,8003004,
50112,102,,30级词条,,诞生血PVE,,"4,1",0,1,,"10,10",,,"10,10",,,
50113,103,,30级词条,,诞生攻PVE,,"4,1",0,1,,"10,10",,,"10,10",,,
50114,101,,30级词条,,诞生防PVE,,"4,1",0,1,,"10,10",,,"10,10",,,
50200,102,,君王血3,,君王血,,"4,2",0,0,,"30,30",,,"30,30",,,
50201,103,,君王攻3,,君王攻,,"4,2",0,0,,"30,30",,,"30,30",,,
50202,101,,君王防3,,君王防,,"4,2",0,0,,"30,30",,,"30,30",,,
50203,102,,君王血3.4,,君王血,,"4,2",0,0,,"34,34",,,"34,34",,,
50204,103,,君王攻3.4,,君王攻,,"4,2",0,0,,"34,34",,,"34,34",,,
50205,101,,君王防3.4,,君王防,,"4,2",0,0,,"34,34",,,"34,34",,,
50206,102,,君王血5,,君王血,,"4,2",0,0,,"50,50",,,"50,50",,,
50207,103,,君王攻5,,君王攻,,"4,2",0,0,,"50,50",,,"50,50",,,
50208,101,,君王防5,,君王防,,"4,2",0,0,,"50,50",,,"50,50",,,
50209,1,,技能1效果1等级+1,,,,"4,2",0,0,,,,,,,8004001,
50210,1,,技能2等级+1,,,,"4,2",0,0,,,,,,,8004003,
50211,1,,技能3等级+1,,,,"4,2",0,0,,,,,,,8004002,
50215,1,,技能1效果2等级+1,,,,"4,2",0,0,,,,,,,8004004,
50212,102,,30级词条,,君王血PVE,,"4,2",0,1,,"10,10",,,"10,10",,,
50213,103,,30级词条,,君王攻PVE,,"4,2",0,1,,"10,10",,,"10,10",,,
50214,101,,30级词条,,君王防PVE,,"4,2",0,1,,"10,10",,,"10,10",,,
50300,102,,传道血3,,传道血,,"4,3",0,0,,"30,30",,,"30,30",,,
50301,103,,传道攻3,,传道攻,,"4,3",0,0,,"30,30",,,"30,30",,,
50302,101,,传道防3,,传道防,,"4,3",0,0,,"30,30",,,"30,30",,,
50303,102,,传道血3.4,,传道血,,"4,3",0,0,,"34,34",,,"34,34",,,
50304,103,,传道攻3.4,,传道攻,,"4,3",0,0,,"34,34",,,"34,34",,,
50305,101,,传道防3.4,,传道防,,"4,3",0,0,,"34,34",,,"34,34",,,
50306,102,,传道血5,,传道血,,"4,3",0,0,,"50,50",,,"50,50",,,
50307,103,,传道攻5,,传道攻,,"4,3",0,0,,"50,50",,,"50,50",,,
50308,101,,传道防5,,传道防,,"4,3",0,0,,"50,50",,,"50,50",,,
50309,1,,技能1效果1等级+1,,,,"4,3",0,0,,,,,,,8005005,
50310,1,,技能2等级+1,,,,"4,3",0,0,,,,,,,8005004,
50311,1,,技能3等级+1,,,,"4,3",0,0,,,,,,,8005003,
50315,1,,技能1效果2等级+1,,,,"4,3",0,0,,,,,,,8005001,
50312,102,,30级词条,,传道血PVE,,"4,3",0,1,,"10,10",,,"10,10",,,
50313,103,,30级词条,,传道攻PVE,,"4,3",0,1,,"10,10",,,"10,10",,,
50314,101,,30级词条,,传道防PVE,,"4,3",0,1,,"10,10",,,"10,10",,,
50400,102,,仆从血3,,仆从血,,"4,4",0,0,,"30,30",,,"30,30",,,
50401,103,,仆从攻3,,仆从攻,,"4,4",0,0,,"30,30",,,"30,30",,,
50402,101,,仆从防3,,仆从防,,"4,4",0,0,,"30,30",,,"30,30",,,
50403,102,,仆从血3.4,,仆从血,,"4,4",0,0,,"34,34",,,"34,34",,,
50404,103,,仆从攻3.4,,仆从攻,,"4,4",0,0,,"34,34",,,"34,34",,,
50405,101,,仆从防3.4,,仆从防,,"4,4",0,0,,"34,34",,,"34,34",,,
50406,102,,仆从血5,,仆从血,,"4,4",0,0,,"50,50",,,"50,50",,,
50407,103,,仆从攻5,,仆从攻,,"4,4",0,0,,"50,50",,,"50,50",,,
50408,101,,仆从防5,,仆从防,,"4,4",0,0,,"50,50",,,"50,50",,,
50409,1,,技能1效果1等级+1,,,,"4,4",0,0,,,,,,,8006001,
50410,1,,技能2等级+1,,,,"4,4",0,0,,,,,,,8006003,
50411,1,,技能3等级+1,,,,"4,4",0,0,,,,,,,8006002,
50415,1,,技能1效果2等级+1,,,,"4,4",0,0,,,,,,,8006004,
50412,102,,30级词条,,仆从血PVE,,"4,4",0,1,,"10,10",,,"10,10",,,
50413,103,,30级词条,,仆从攻PVE,,"4,4",0,1,,"10,10",,,"10,10",,,
50414,101,,30级词条,,仆从防PVE,,"4,4",0,1,,"10,10",,,"10,10",,,
50500,102,,神子血3,,神子血,,"4,5",0,0,,"30,30",,,"30,30",,,
50501,103,,神子攻3,,神子攻,,"4,5",0,0,,"30,30",,,"30,30",,,
50502,101,,神子防3,,神子防,,"4,5",0,0,,"30,30",,,"30,30",,,
50503,102,,神子血3.4,,神子血,,"4,5",0,0,,"34,34",,,"34,34",,,
50504,103,,神子攻3.4,,神子攻,,"4,5",0,0,,"34,34",,,"34,34",,,
50505,101,,神子防3.4,,神子防,,"4,5",0,0,,"34,34",,,"34,34",,,
50506,102,,神子血5,,神子血,,"4,5",0,0,,"50,50",,,"50,50",,,
50507,103,,神子攻5,,神子攻,,"4,5",0,0,,"50,50",,,"50,50",,,
50508,101,,神子防5,,神子防,,"4,5",0,0,,"50,50",,,"50,50",,,
50509,1,,技能1效果1等级+1,,,,"4,5",0,0,,,,,,,8007001,
50510,1,,技能2等级+1,,,,"4,5",0,0,,,,,,,8007003,
50511,1,,技能3等级+1,,,,"4,5",0,0,,,,,,,8007002,
50515,1,,技能1效果2等级+1,,,,"4,5",0,0,,,,,,,8007004,
50512,102,,30级词条,,神子血PVE,,"4,5",0,1,,"10,10",,,"10,10",,,
50513,103,,30级词条,,神子攻PVE,,"4,5",0,1,,"10,10",,,"10,10",,,
50514,101,,30级词条,,神子防PVE,,"4,5",0,1,,"10,10",,,"10,10",,,
50600,102,,受难血3,,受难血,,"4,6",0,0,,"30,30",,,"30,30",,,
50601,103,,受难攻3,,受难攻,,"4,6",0,0,,"30,30",,,"30,30",,,
50602,101,,受难防3,,受难防,,"4,6",0,0,,"30,30",,,"30,30",,,
50603,102,,受难血3.4,,受难血,,"4,6",0,0,,"34,34",,,"34,34",,,
50604,103,,受难攻3.4,,受难攻,,"4,6",0,0,,"34,34",,,"34,34",,,
50605,101,,受难防3.4,,受难防,,"4,6",0,0,,"34,34",,,"34,34",,,
50606,102,,受难血5,,受难血,,"4,6",0,0,,"50,50",,,"50,50",,,
50607,103,,受难攻5,,受难攻,,"4,6",0,0,,"50,50",,,"50,50",,,
50608,101,,受难防5,,受难防,,"4,6",0,0,,"50,50",,,"50,50",,,
50609,1,,技能1效果1等级+1,,,,"4,6",0,0,,,,,,,8008001,
50610,1,,技能2等级+1,,,,"4,6",0,0,,,,,,,8008003,
50611,1,,技能3等级+1,,,,"4,6",0,0,,,,,,,8008002,
50615,1,,技能1效果2等级+1,,,,"4,6",0,0,,,,,,,8008004,
50612,102,,30级词条,,,,"4,6",0,1,,"10,10",,,"10,10",,,
50613,103,,30级词条,,,,"4,6",0,1,,"10,10",,,"10,10",,,
50614,101,,30级词条,,,,"4,6",0,1,,"10,10",,,"10,10",,,
50700,102,,人子血3,,人子血,,"4,7",0,0,,"30,30",,,"30,30",,,
50701,103,,人子攻3,,人子攻,,"4,7",0,0,,"30,30",,,"30,30",,,
50702,101,,人子防3,,人子防,,"4,7",0,0,,"30,30",,,"30,30",,,
50703,102,,人子血3.4,,人子血,,"4,7",0,0,,"34,34",,,"34,34",,,
50704,103,,人子攻3.4,,人子攻,,"4,7",0,0,,"34,34",,,"34,34",,,
50705,101,,人子防3.4,,人子防,,"4,7",0,0,,"34,34",,,"34,34",,,
50706,102,,人子血5,,人子血,,"4,7",0,0,,"50,50",,,"50,50",,,
50707,103,,人子攻5,,人子攻,,"4,7",0,0,,"50,50",,,"50,50",,,
50708,101,,人子防5,,人子防,,"4,7",0,0,,"50,50",,,"50,50",,,
50709,1,,技能1效果1等级+1,,,,"4,7",0,0,,,,,,,8009001,
50710,1,,技能2等级+1,,,,"4,7",0,0,,,,,,,8009003,
50711,1,,技能3等级+1,,,,"4,7",0,0,,,,,,,8009002,
50715,1,,技能1效果2等级+1,,,,"4,7",0,0,,,,,,,8009004,
50712,102,,30级词条,,,,"4,7",0,1,,"10,10",,,"10,10",,,
50713,103,,30级词条,,,,"4,7",0,1,,"10,10",,,"10,10",,,
50714,101,,30级词条,,,,"4,7",0,1,,"10,10",,,"10,10",,,
61001,101,Attribute_Name_101,,主词条属性,生命,,1,0,,"360,360",,,"60,60",,,,
61002,102,Attribute_Name_102,,主词条属性,攻击,,1,0,,"30,30",,,"10,10",,,,
61003,103,Attribute_Name_103,,主词条属性,防御,,1,0,,"30,30",,,"10,10",,,,
61004,114,Attribute_Name_114,,主词条属性,暴击率加成,ui_role_info_attr_0_15,1,0,,"13,13",,,"3,3",,,,
61005,116,Attribute_Name_116,,主词条属性,暴击率伤害加成,,1,0,,"26,26",,,"6,6",,,,
61006,134,Attribute_Name_134,,主词条属性,护盾效果,,1,0,,"12,12",,,"2,2",,,,
61007,137,Attribute_Name_137,,主词条属性,回能效率,,1,0,,"13,13",,,"3,3",,,,
61008,120,Attribute_Name_120,,主词条属性,治疗效果,,1,0,,"12,12",,,"2,2",,,,
61009,104,Attribute_Name_104,,主词条属性,韧性值,,1,0,,"200,200",,,"21,21",,,,
61010,107,Attribute_Name_107,,主词条属性,效果命中,,1,0,,"13,13",,,"3,3",,,,
61011,109,Attribute_Name_109,,主词条属性,弱破效果,,1,0,,"13,13",,,"3,3",,,,
61012,112,Attribute_Name_112,,主词条属性,伤害加成,,1,0,,"13,13",,,"3,3",,,,
61013,102,AttrRefix_name_102_2,,主词条属性,基础攻击加成,,1,0,,,"12,12",,,"2,2",,,
61014,103,AttrRefix_name_103_2,,主词条属性,基础防御加成,,1,0,,,"12,12",,,"2,2",,,
61015,101,AttrRefix_name_101_2,,主词条属性,基础生命加成,,1,0,,,"12,12",,,"2,2",,,
61016,104,AttrRefix_name_104_2,,主词条属性,基础韧性加成,,1,0,,,"12,12",,,"2,2",,,
61017,108,Attribute_Name_108,,主词条属性,效果抵抗,,1,0,,"13,13",,,"3,3",,,,
61018,115,Attribute_Name_115,,主词条属性,暴击抵抗,,1,0,,"13,13",,,"3,3",,,,
61019,110,Attribute_Name_110,,主词条属性,弱破抵抗,,1,0,,"13,13",,,"3,3",,,,
61020,135,Attribute_Name_135,,主词条属性,受到护盾效果,,1,0,,"34,34",,,"4,4",,,,
61021,121,Attribute_Name_121,,主词条属性,受到治疗效果,,1,0,,"34,34",,,"4,4",,,,
61022,113,Attribute_Name_113,,主词条属性,伤害减免,,1,0,,"13,13",,,"3,3",,,,
61023,3001,Attribute_Name_3001,,主词条属性,灼烧效果,,1,0,,"13,13",,,"3,3",,,,
61024,3012,Attribute_Name_3012,,主词条属性,侵蚀效果,,1,0,,"13,13",,,"3,3",,,,
61025,3005,Attribute_Name_3005,,主词条属性,感电效果,,1,0,,"13,13",,,"3,3",,,,
62001,105,Attribute_Name_105,,副词条属性,速度小,,1,1,,"2,4",,,,,,,
62002,105,Attribute_Name_105,,副词条属性,速度中,,1,2,,"5,7",,,,,,,
62003,105,Attribute_Name_105,,副词条属性,速度大,,1,3,,"8,10",,,,,,,
62004,102,Attribute_Name_102,,副词条属性,攻击小,,1,1,,"30,60",,,,,,,
62005,102,Attribute_Name_102,,副词条属性,攻击中,,1,2,,"61,120",,,,,,,
62006,102,Attribute_Name_102,,副词条属性,攻击大,,1,3,,"121,150",,,,,,,
62007,103,Attribute_Name_103,,副词条属性,防御小,,1,1,,"30,60",,,,,,,
62008,103,Attribute_Name_103,,副词条属性,防御中,,1,2,,"61,120",,,,,,,
62009,103,Attribute_Name_103,,副词条属性,防御大,,1,3,,"121,150",,,,,,,
62010,101,Attribute_Name_101,,副词条属性,生命小,,1,1,,"160,320",,,,,,,
62011,101,Attribute_Name_101,,副词条属性,生命中,,1,2,,"321,640",,,,,,,
62013,101,Attribute_Name_101,,副词条属性,生命大,,1,3,,"641,800",,,,,,,
62015,104,Attribute_Name_104,,副词条属性,韧性值小,,1,1,,"80,160",,,,,,,
62017,104,Attribute_Name_104,,副词条属性,韧性值中,,1,2,,"161,320",,,,,,,
62019,104,Attribute_Name_104,,副词条属性,韧性值大,,1,3,,"321,400",,,,,,,
62021,107,Attribute_Name_107,,副词条属性,效果命中小,,1,1,,"10,20",,,,,,,
62023,107,Attribute_Name_107,,副词条属性,效果命中中,,1,2,,"21,40",,,,,,,
62024,107,Attribute_Name_107,,副词条属性,效果命中大,,1,3,,"41,50",,,,,,,
62025,108,Attribute_Name_108,,副词条属性,效果抵抗小,,1,1,,"20,35",,,,,,,
62026,108,Attribute_Name_108,,副词条属性,效果抵抗中,,1,2,,"36,55",,,,,,,
62030,108,Attribute_Name_108,,副词条属性,效果抵抗大,,1,3,,"56,75",,,,,,,
62031,109,Attribute_Name_109,,副词条属性,弱破效果小,,1,1,,"20,40",,,,,,,
62032,109,Attribute_Name_109,,副词条属性,弱破效果中,,1,2,,"41,70",,,,,,,
62034,109,Attribute_Name_109,,副词条属性,弱破效果大,,1,3,,"71,100",,,,,,,
62035,2001,Attribute_Name_2001,,副词条属性,灼烧命中,,1,1,,"10,20",,,,,,,
62036,2012,Attribute_Name_2012,,副词条属性,侵蚀命中,,1,2,,"21,40",,,,,,,
62037,2005,Attribute_Name_2005,,副词条属性,感电命中,,1,3,,"41,50",,,,,,,
62038,114,Attribute_Name_114,,副词条属性,暴击概率小,,1,1,,"10,20",,,,,,,
62039,114,Attribute_Name_114,,副词条属性,暴击概率中,,1,2,,"21,40",,,,,,,
62040,114,Attribute_Name_114,,副词条属性,暴击概率大,,1,3,,"41,50",,,,,,,
62041,115,Attribute_Name_115,,副词条属性,暴击抵抗率小,,1,1,,"20,40",,,,,,,
62042,115,Attribute_Name_115,,副词条属性,暴击抵抗率中,,1,2,,"41,70",,,,,,,
62043,115,Attribute_Name_115,,副词条属性,暴击抵抗率大,,1,3,,"71,100",,,,,,,
62044,116,Attribute_Name_116,,副词条属性,暴击伤害小,,1,1,,"20,40",,,,,,,
62045,116,Attribute_Name_116,,副词条属性,暴击伤害中,,1,2,,"41,70",,,,,,,
62046,116,Attribute_Name_116,,副词条属性,暴击伤害大,,1,3,,"71,100",,,,,,,
62047,117,Attribute_Name_117,,副词条属性,暴伤减免小,,1,1,,"20,40",,,,,,,
62048,117,Attribute_Name_117,,副词条属性,暴伤减免中,,1,2,,"41,80",,,,,,,
62049,117,Attribute_Name_117,,副词条属性,暴伤减免大,,1,3,,"81,100",,,,,,,
62050,118,Attribute_Name_118,,副词条属性,防御穿透小,,1,1,,"20,40",,,,,,,
62051,118,Attribute_Name_118,,副词条属性,防御穿透中,,1,2,,"41,60",,,,,,,
62052,118,Attribute_Name_118,,副词条属性,防御穿透大,,1,3,,"61,80",,,,,,,
62053,119,Attribute_Name_119,,副词条属性,穿透抵抗小,,1,1,,"30,60",,,,,,,
62054,119,Attribute_Name_119,,副词条属性,穿透抵抗中,,1,2,,"61,90",,,,,,,
62055,119,Attribute_Name_119,,副词条属性,穿透抵抗大,,1,3,,"91,120",,,,,,,
62056,137,Attribute_Name_137,,副词条属性,回能效率小,,1,1,,"20,40",,,,,,,
62057,137,Attribute_Name_137,,副词条属性,回能效率中,,1,2,,"41,70",,,,,,,
62058,137,Attribute_Name_137,,副词条属性,回能效率大,,1,3,,"71,100",,,,,,,
62059,123,Attribute_Name_123,,副词条属性,魔女普攻伤害小,,1,1,,"20,40",,,,,,,
62060,123,Attribute_Name_123,,副词条属性,魔女普攻伤害中,,1,2,,"41,70",,,,,,,
62061,123,Attribute_Name_123,,副词条属性,魔女普攻伤害大,,1,3,,"71,100",,,,,,,
62062,124,Attribute_Name_124,,副词条属性,星痕技能伤害小,,1,1,,"20,40",,,,,,,
62063,124,Attribute_Name_124,,副词条属性,星痕技能伤害中,,1,2,,"41,70",,,,,,,
62064,124,Attribute_Name_124,,副词条属性,星痕技能伤害大,,1,3,,"71,100",,,,,,,
62065,125,Attribute_Name_125,,副词条属性,魔女奥义伤害小,,1,1,,"20,40",,,,,,,
62066,125,Attribute_Name_125,,副词条属性,魔女奥义伤害中,,1,2,,"41,70",,,,,,,
62067,125,Attribute_Name_125,,副词条属性,魔女奥义伤害大,,1,3,,"71,100",,,,,,,
62068,2001,Attribute_Name_2001,,副词条属性,灼烧命中,,1,1,,"20,40",,,,,,,
62069,2001,Attribute_Name_2001,,副词条属性,灼烧命中,,1,2,,"41,70",,,,,,,
62070,2001,Attribute_Name_2001,,副词条属性,灼烧命中,,1,3,,"71,100",,,,,,,
62071,2012,Attribute_Name_2012,,副词条属性,侵蚀命中,,1,1,,"20,40",,,,,,,
62072,2012,Attribute_Name_2012,,副词条属性,侵蚀命中,,1,2,,"41,70",,,,,,,
62073,2012,Attribute_Name_2012,,副词条属性,侵蚀命中,,1,3,,"71,100",,,,,,,
62074,2005,Attribute_Name_2005,,副词条属性,感电命中,,1,1,,"20,40",,,,,,,
62075,2005,Attribute_Name_2005,,副词条属性,感电命中,,1,2,,"41,70",,,,,,,
62076,2005,Attribute_Name_2005,,副词条属性,感电命中,,1,3,,"71,100",,,,,,,
62077,144,Attribute_Name_144,,副词条属性,克制伤害倍率增加小,,1,1,,"20,40",,,,,,,
62078,144,Attribute_Name_144,,副词条属性,克制伤害倍率增加中,,1,2,,"41,80",,,,,,,
62079,144,Attribute_Name_144,,副词条属性,克制伤害倍率增加大,,1,3,,"81,100",,,,,,,
62080,145,Attribute_Name_145,,副词条属性,克制伤害倍率减免小,,1,1,,"30,60",,,,,,,
62081,145,Attribute_Name_145,,副词条属性,克制伤害倍率减免中,,1,2,,"61,120",,,,,,,
62082,145,Attribute_Name_145,,副词条属性,克制伤害倍率减免大,,1,3,,"121,150",,,,,,,
62083,147,Attribute_Name_147,,副词条属性,灵魂解放伤害加成小,,1,1,,"20,40",,,,,,,
62084,147,Attribute_Name_147,,副词条属性,灵魂解放伤害加成中,,1,2,,"41,70",,,,,,,
62085,147,Attribute_Name_147,,副词条属性,灵魂解放伤害加成大,,1,3,,"71,100",,,,,,,
62086,148,Attribute_Name_148,,副词条属性,灵魂解放伤害减免小,,1,1,,"30,60",,,,,,,
62087,148,Attribute_Name_148,,副词条属性,灵魂解放伤害减免中,,1,2,,"61,120",,,,,,,
62088,148,Attribute_Name_148,,副词条属性,灵魂解放伤害减免大,,1,3,,"121,150",,,,,,,
62089,122,Attribute_Name_122,,副词条属性,吸血小,,1,1,,"5,10",,,,,,,
62090,122,Attribute_Name_122,,副词条属性,吸血中,,1,2,,"11,20",,,,,,,
62091,122,Attribute_Name_122,,副词条属性,吸血大,,1,3,,"21,25",,,,,,,
62092,133,Attribute_Name_133,,副词条属性,反噬比例小,,1,1,,"10,20",,,,,,,
62093,133,Attribute_Name_133,,副词条属性,反噬比例中,,1,2,,"21,40",,,,,,,
62094,133,Attribute_Name_133,,副词条属性,反噬比例大,,1,3,,"41,50",,,,,,,
62095,139,Attribute_Name_139,,副词条属性,初始能量小,,1,1,,"10,20",,,,,,,
62096,139,Attribute_Name_139,,副词条属性,初始能量中,,1,2,,"21,30",,,,,,,
62097,139,Attribute_Name_139,,副词条属性,初始能量大,,1,3,,"31,40",,,,,,,
62098,102,AttrRefix_name_102_2,,副词条属性,基础攻击加成小,,1,1,,,"10,20",,,,,,
62099,102,AttrRefix_name_102_2,,副词条属性,基础攻击加成中,,1,2,,,"21,40",,,,,,
62100,102,AttrRefix_name_102_2,,副词条属性,基础攻击加成大,,1,3,,,"41,50",,,,,,
62101,103,AttrRefix_name_103_2,,副词条属性,基础防御加成小,,1,1,,,"10,20",,,,,,
62102,103,AttrRefix_name_103_2,,副词条属性,基础防御加成中,,1,2,,,"21,40",,,,,,
62103,103,AttrRefix_name_103_2,,副词条属性,基础防御加成大,,1,3,,,"41,50",,,,,,
62104,101,AttrRefix_name_101_2,,副词条属性,基础生命加成小,,1,1,,,"10,20",,,,,,
62105,101,AttrRefix_name_101_2,,副词条属性,基础生命加成中,,1,2,,,"21,40",,,,,,
62106,101,AttrRefix_name_101_2,,副词条属性,基础生命加成大,,1,3,,,"41,50",,,,,,
62107,104,AttrRefix_name_104_2,,副词条属性,基础韧性加成小,,1,1,,,"10,20",,,,,,
62108,104,AttrRefix_name_104_2,,副词条属性,基础韧性加成中,,1,2,,,"21,40",,,,,,
62109,104,AttrRefix_name_104_2,,副词条属性,基础韧性加成大,,1,3,,,"41,50",,,,,,
62110,120,Attribute_Name_120,,副词条属性,治疗效果小,,1,1,,"10,20",,,,,,,
62111,120,Attribute_Name_120,,副词条属性,治疗效果中,,1,2,,"21,40",,,,,,,
62112,120,Attribute_Name_120,,副词条属性,治疗效果大,,1,3,,"41,50",,,,,,,
62113,135,Attribute_Name_135,,副词条属性,受到护盾效果小,,1,1,,"15,30",,,,,,,
62114,135,Attribute_Name_135,,副词条属性,受到护盾效果中,,1,2,,"31,60",,,,,,,
62115,135,Attribute_Name_135,,副词条属性,受到护盾效果大,,1,3,,"61,75",,,,,,,
62116,121,Attribute_Name_121,,副词条属性,受到治疗效果小,,1,1,,"15,30",,,,,,,
62117,121,Attribute_Name_121,,副词条属性,受到治疗效果中,,1,2,,"31,60",,,,,,,
62118,121,Attribute_Name_121,,副词条属性,受到治疗效果大,,1,3,,"61,75",,,,,,,
62119,138,Attribute_Name_138,,副词条属性,行动后能量回复小,,1,1,,"2,4",,,,,,,
62120,138,Attribute_Name_138,,副词条属性,行动后能量回复中,,1,2,,"5,7",,,,,,,
62121,138,Attribute_Name_138,,副词条属性,行动后能量回复大,,1,3,,"8,10",,,,,,,
62122,3001,Attribute_Name_3001,,副词条属性,灼烧效果小,,1,1,,"20,40",,,,,,,
62123,3001,Attribute_Name_3001,,副词条属性,灼烧效果中,,1,2,,"41,70",,,,,,,
62124,3001,Attribute_Name_3001,,副词条属性,灼烧效果大,,1,3,,"71,100",,,,,,,
62125,3012,Attribute_Name_3012,,副词条属性,侵蚀效果小,,1,1,,"20,40",,,,,,,
62126,3012,Attribute_Name_3012,,副词条属性,侵蚀效果中,,1,2,,"41,70",,,,,,,
62127,3012,Attribute_Name_3012,,副词条属性,侵蚀效果大,,1,3,,"71,100",,,,,,,
62128,3005,Attribute_Name_3005,,副词条属性,感电效果小,,1,1,,"20,40",,,,,,,
62129,3005,Attribute_Name_3005,,副词条属性,感电效果中,,1,2,,"41,70",,,,,,,
62130,3005,Attribute_Name_3005,,副词条属性,感电效果大,,1,3,,"71,100",,,,,,,
62131,134,Attribute_Name_134,,副词条属性,护盾效果,,1,1,,"10,20",,,,,,,
62132,134,Attribute_Name_134,,副词条属性,护盾效果,,1,2,,"21,40",,,,,,,
62133,134,Attribute_Name_134,,副词条属性,护盾效果,,1,3,,"41,50",,,,,,,
63001,102,,天界光辉,2件套,提高10%攻击力,,1,0,,,"100,100",,,,,,
63002,,,天界光辉,4件套,魔女速度超过160时，额外提升25%的伤害加成,,1,0,,,,,,,,6120102,
63003,137,,上古之战的余声,2件套,回能效率提升10%,,1,0,,"100,100",,,,,,,
63004,,,上古之战的余声,4件套,魔女入场时，获得100点能量，每回合开始时，额外获得50点能量。,,1,0,,,,,,,,6120202,
63005,109,,战争传奇,2件套,弱破效果提升10%,,1,0,,"100,100",,,,,,,
63006,,,战争传奇,4件套,击破目标弱点护盾时，造成的伤害提升100%，持续1次行动,,1,0,,,,,,,,6120302,
63007,120,,努海尔人的航行,2件套,治疗效果提升10%,,1,0,,"100,100",,,,,,,
63008,,,努海尔人的航行,4件套,魔女对目标进行治疗时，提升目标10%伤害减免（持续3次行动），最多叠加3层,,1,0,,,,,,,,6120402,
63009,109,,未使用,,弱点效率提高5%,,1,0,,"50,50",,,,,,,
63010,,,未使用,,自身bp效率提升10%，若自身生命值高于70%，则造成伤害时获得5点bp,,1,0,,,,,,,,,
63011,109,,未使用,,弱点效率提高5%,,1,0,,"50,50",,,,,,,
63012,,,未使用,,自身生命值越低，break伤害越高，最多60%,,1,0,,,,,,,,,
63013,137,,未使用,,能量效率提高5%,,1,0,,"50,50",,,,,,,
63014,,,未使用,,首次爆气后，返还100%爆气值,,1,0,,,,,,,,,
63015,137,,未使用,,能量效率提高5%,,1,0,,"50,50",,,,,,,
63016,,,未使用,,每死亡一个怪物，自身攻击提升5%，回复5%生命值，回复10BP,,1,0,,,,,,,,,
63017,101,,未使用,,生命上限提高20%,,1,0,,,"200,200",,,,,,
63018,,,未使用,,异常状态性能提升40%,,1,0,,,,,,,,,
63019,109,,未使用,,弱点效率提高5%,,1,0,,"50,50",,,,,,,
63020,,,未使用,,场上每存在一个敌方单位，则自身攻击提升3%,,1,0,,,,,,,,,
63021,101,,未使用,,生命上限提高15%,,1,0,,,"150,150",,,,,,
63022,,,未使用,,提升自身50吸引力，受到伤害获得的BP效率提升10%,,1,0,,,,,,,,,
63023,137,,未使用,,能量效率提高5%,,1,0,,"50,50",,,,,,,
63024,,,未使用,,生命值低于50%时，获得45%的吸血,,1,0,,,,,,,,,
63025,102,,未使用,,提升12%攻击,,1,0,,,"120,120",,,,,,
63026,,,未使用,,入场时，自身造成的伤害提升30%，持续1回合,,1,0,,,,,,,,,
63027,102,,未使用,,提升12%攻击,,1,0,,,"120,120",,,,,,
63028,,,未使用,,每阵亡一个队友，则自身提升30%攻击力,,1,0,,,,,,,,,
63029,101,,萨拉的审判,2件套,生命提升10%,,1,0,,,"100,100",,,,,,
63030,,,萨拉的审判,4件套,魔女效果命中超过30%时，提升25%的攻击力,,1,0,,,,,,,,6220302,
63031,109,,未使用,,弱点效率提升3%,,1,0,,"30,30",,,,,,,
63032,138,,未使用,,每回合恢复5点bp,,1,0,,"5,5",,,,,,,
63033,101,,未使用,,生命上限提升12%,,1,0,,,"120,120",,,,,,
63034,,,未使用,,行动结束时，若生命比例低于50%，治疗生命上限15%的生命,,1,0,,,,,,,,,
63035,103,,帕尔斯的坚毅,2件套,防御提升10%,,1,0,,,"100,100",,,,,,
63036,,,帕尔斯的坚毅,4件套,魔女本场战斗生命首次降低至50%以下时，恢复10%最大生命，恢复200能量值,,1,0,,,,,,,,6220602,
63037,102,,未使用,,提升8%攻击,,1,0,,,"80,80",,,,,,
63038,102,,未使用,,提升5%攻击力,,1,0,,,"50,50",,,,,,
63039,134,,西努之盾,2件套,提升10%受到护盾效果,,1,0,,"100,100",,,,,,,
63040,,,西努之盾,4件套,魔女受到护盾效果时，增加魔女10%的伤害减免，最多可叠加3层（持续3次行动）,,1,0,,,,,,,,6330202,
63041,147,,漆黑穹顶之心,2件套,提升10%灵魂解放伤害,,1,0,,"100,100",,,,,,,
63042,,,漆黑穹顶之心,4件套,魔女每造成一次灵魂解放伤害，攻击力提升10%（持续2次行动）最多叠加3层,,1,0,,,,,,,,6330302,
3100001,,,律,4,解锁待机,,0,0,,,,,,,,2100001,
3100002,101,,律,5,生命加成+1.2%,,0,0,,,"12,12",,,,,,
3100003,,,律,4,解锁奥义,,0,0,,,,,,,,,
3100004,147,,律,5,灵魂解放+2%,,0,0,,"20,20",,,,,,,
3100005,,,律,4,星痕3,,0,0,,,,,,,,,
3100006,,,律,1,普攻+1,,0,0,,,,,,,,30000013,
3100007,,,律,1,奥义+1,,0,0,,,,,,,,30000014,
3100008,102,,律,5,攻击加成+1%,,0,0,,,"10,10",,,,,,
3100009,,,律,1,待机等级+1,,0,0,,,,,,,,30000015,
3100010,109,,律,5,弱破效果+1%,,0,0,,"10,10",,,,,,,
3100011,,,律,1,普攻+1,,0,0,,,,,,,,30000013,
3100012,147,,律,5,灵魂解放+2%,,0,0,,"20,20",,,,,,,
3100013,,,律,1,奥义+1,,0,0,,,,,,,,30000014,
3100014,140,,律,5,能量上限+100,,0,0,,"100,100",,,,,,,
3100015,109,,律,5,弱破效果+1%,,0,0,,"10,10",,,,,,,
3100016,,,律,1,普攻+1,,0,0,,,,,,,,30000013,
3100017,112,,律,5,伤害加成+1%,,0,0,,"10,10",,,,,,,
3100018,,,律,1,奥义+1,,0,0,,,,,,,,30000014,
3100019,147,,律,5,灵魂解放+2%,,0,0,,"20,20",,,,,,,
3100020,,,律,1,待机等级+1,,0,0,,,,,,,,30000015,
3100021,109,,律,5,弱破效果+1%,,0,0,,"10,10",,,,,,,
3100022,,,律,1,普攻+1,,0,0,,,,,,,,30000013,
3100023,147,,律,5,灵魂解放+2%,,0,0,,"20,20",,,,,,,
3100024,,,律,1,奥义+1,,0,0,,,,,,,,30000014,
3100025,101,,律,5,生命加成+1.2%,,0,0,,,"12,12",,,,,,
3100026,109,,律,5,弱破效果+1%,,0,0,,"10,10",,,,,,,
3100027,,,律,1,普攻+1,,0,0,,,,,,,,30000013,
3100028,112,,律,5,伤害加成+1%,,0,0,,"10,10",,,,,,,
3100029,,,律,1,奥义+1,,0,0,,,,,,,,30000014,
3100030,107,,律,5,效果命中+1%,,0,0,,"10,10",,,,,,,
3100031,,,律,1,待机等级+1,,0,0,,,,,,,,30000015,
3100032,109,,律,5,弱破效果+1%,,0,0,,"10,10",,,,,,,
3100033,,,律,1,普攻+1,,0,0,,,,,,,,30000013,
3100034,147,,律,5,灵魂解放+2%,,0,0,,"20,20",,,,,,,
3100035,,,律,1,奥义+1,,0,0,,,,,,,,30000014,
3100036,102,,律,5,攻击加成+1%,,0,0,,,"10,10",,,,,,
3100037,109,,律,5,弱破效果+1%,,0,0,,"10,10",,,,,,,
3100038,,,律,1,普攻+1,,0,0,,,,,,,,30000013,
3100039,112,,律,5,伤害加成+1%,,0,0,,"10,10",,,,,,,
3100040,,,律,1,奥义+1,,0,0,,,,,,,,30000014,
3100041,147,,律,5,灵魂解放+2%,,0,0,,"20,20",,,,,,,
3100042,,,律,1,待机等级+1,,0,0,,,,,,,,30000015,
3100043,109,,律,5,弱破效果+1%,,0,0,,"10,10",,,,,,,
3100044,,,律,1,普攻+1,,0,0,,,,,,,,30000013,
3100045,147,,律,5,灵魂解放+2%,,0,0,,"20,20",,,,,,,
3100046,,,律,1,奥义+1,,0,0,,,,,,,,30000014,
3100047,140,,律,5,能量上限+100,,0,0,,"100,100",,,,,,,
3100048,109,,律,5,弱破效果+1%,,0,0,,"10,10",,,,,,,
3100049,,,律,1,普攻+1,,0,0,,,,,,,,30000013,
3100050,112,,律,5,伤害加成+1%,,0,0,,"10,10",,,,,,,
3100051,,,律,1,奥义+1,,0,0,,,,,,,,30000014,
3100052,107,,律,5,效果命中+1%,,0,0,,"10,10",,,,,,,
3100053,,,律,1,待机等级+1,,0,0,,,,,,,,30000015,
3100054,109,,律,5,弱破效果+1%,,0,0,,"10,10",,,,,,,
3100055,,,律,1,普攻+1,,0,0,,,,,,,,30000013,
3100056,147,,律,5,灵魂解放+2%,,0,0,,"20,20",,,,,,,
3100057,,,律,1,奥义+1,,0,0,,,,,,,,30000014,
3100058,101,,律,5,生命加成+1.2%,,0,0,,,"12,12",,,,,,
3100059,109,,律,5,弱破效果+1%,,0,0,,"10,10",,,,,,,
3100060,,,律,1,普攻+1,,0,0,,,,,,,,30000013,
3100061,112,,律,5,伤害加成+1%,,0,0,,"10,10",,,,,,,
3100062,,,律,1,奥义+1,,0,0,,,,,,,,30000014,
3100063,147,,律,5,灵魂解放+2%,,0,0,,"20,20",,,,,,,
3100064,109,,律,5,弱破效果+1%,,0,0,,"10,10",,,,,,,
3100065,,,律,1,普攻+1,,0,0,,,,,,,,30000013,
3100066,147,,律,5,灵魂解放+2%,,0,0,,"20,20",,,,,,,
3100067,,,律,1,奥义+1,,0,0,,,,,,,,30000014,
3100068,102,,律,5,攻击加成+1%,,0,0,,,"10,10",,,,,,
3100069,109,,律,5,弱破效果+1%,,0,0,,"10,10",,,,,,,
3100070,,,律,1,普攻+1,,0,0,,,,,,,,30000013,
3100071,112,,律,5,伤害加成+1%,,0,0,,"10,10",,,,,,,
3100072,,,律,1,奥义+1,,0,0,,,,,,,,30000014,
3100073,107,,律,5,效果命中+1%,,0,0,,"10,10",,,,,,,
3200001,,,克萝萝,4,解锁待机,,0,0,,,,,,,,2100002,
3200002,101,,克萝萝,5,生命加成+1.2%,,0,0,,,"12,12",,,,,,
3200003,,,克萝萝,4,解锁奥义,,0,0,,,,,,,,,
3200004,147,,克萝萝,5,灵魂解放+2%,,0,0,,"20,20",,,,,,,
3200005,,,克萝萝,4,星痕3,,0,0,,,,,,,,,
3200006,,,克萝萝,1,普攻+1,,0,0,,,,,,,,30000023,
3200007,,,克萝萝,1,奥义+1,,0,0,,,,,,,,30000024,
3200008,101,,克萝萝,5,生命加成+1.2%,,0,0,,,"12,12",,,,,,
3200009,,,克萝萝,1,待机等级+1,,0,0,,,,,,,,30000025,
3200010,120,,克萝萝,5,治疗效果+1%,,0,0,,"10,10",,,,,,,
3200011,,,克萝萝,1,普攻+1,,0,0,,,,,,,,30000023,
3200012,147,,克萝萝,5,灵魂解放+2%,,0,0,,"20,20",,,,,,,
3200013,,,克萝萝,1,奥义+1,,0,0,,,,,,,,30000024,
3200014,140,,克萝萝,5,能量上限+100,,0,0,,"100,100",,,,,,,
3200015,120,,克萝萝,5,治疗效果+1%,,0,0,,"10,10",,,,,,,
3200016,,,克萝萝,1,普攻+1,,0,0,,,,,,,,30000023,
3200017,138,,克萝萝,5,行动后能量回复+4,,0,0,,"4,4",,,,,,,
3200018,,,克萝萝,1,奥义+1,,0,0,,,,,,,,30000024,
3200019,147,,克萝萝,5,灵魂解放+2%,,0,0,,"20,20",,,,,,,
3200020,,,克萝萝,1,待机等级+1,,0,0,,,,,,,,30000025,
3200021,120,,克萝萝,5,治疗效果+1%,,0,0,,"10,10",,,,,,,
3200022,,,克萝萝,1,普攻+1,,0,0,,,,,,,,30000023,
3200023,147,,克萝萝,5,灵魂解放+2%,,0,0,,"20,20",,,,,,,
3200024,,,克萝萝,1,奥义+1,,0,0,,,,,,,,30000024,
3200025,101,,克萝萝,5,生命加成+1.2%,,0,0,,,"12,12",,,,,,
3200026,120,,克萝萝,5,治疗效果+1%,,0,0,,"10,10",,,,,,,
3200027,,,克萝萝,1,普攻+1,,0,0,,,,,,,,30000023,
3200028,138,,克萝萝,5,行动后能量回复+4,,0,0,,"4,4",,,,,,,
3200029,,,克萝萝,1,奥义+1,,0,0,,,,,,,,30000024,
3200030,108,,克萝萝,5,效果抵抗+1%,,0,0,,"10,10",,,,,,,
3200031,,,克萝萝,1,待机等级+1,,0,0,,,,,,,,30000025,
3200032,120,,克萝萝,5,治疗效果+1%,,0,0,,"10,10",,,,,,,
3200033,,,克萝萝,1,普攻+1,,0,0,,,,,,,,30000023,
3200034,147,,克萝萝,5,灵魂解放+2%,,0,0,,"20,20",,,,,,,
3200035,,,克萝萝,1,奥义+1,,0,0,,,,,,,,30000024,
3200036,101,,克萝萝,5,生命加成+1.2%,,0,0,,,"12,12",,,,,,
3200037,120,,克萝萝,5,治疗效果+1%,,0,0,,"10,10",,,,,,,
3200038,,,克萝萝,1,普攻+1,,0,0,,,,,,,,30000023,
3200039,138,,克萝萝,5,行动后能量回复+4,,0,0,,"4,4",,,,,,,
3200040,,,克萝萝,1,奥义+1,,0,0,,,,,,,,30000024,
3200041,147,,克萝萝,5,灵魂解放+2%,,0,0,,"20,20",,,,,,,
3200042,,,克萝萝,1,待机等级+1,,0,0,,,,,,,,30000025,
3200043,120,,克萝萝,5,治疗效果+1%,,0,0,,"10,10",,,,,,,
3200044,,,克萝萝,1,普攻+1,,0,0,,,,,,,,30000023,
3200045,147,,克萝萝,5,灵魂解放+2%,,0,0,,"20,20",,,,,,,
3200046,,,克萝萝,1,奥义+1,,0,0,,,,,,,,30000024,
3200047,140,,克萝萝,5,能量上限+100,,0,0,,"100,100",,,,,,,
3200048,120,,克萝萝,5,治疗效果+1%,,0,0,,"10,10",,,,,,,
3200049,,,克萝萝,1,普攻+1,,0,0,,,,,,,,30000023,
3200050,138,,克萝萝,5,行动后能量回复+4,,0,0,,"4,4",,,,,,,
3200051,,,克萝萝,1,奥义+1,,0,0,,,,,,,,30000024,
3200052,108,,克萝萝,5,效果抵抗+1%,,0,0,,"10,10",,,,,,,
3200053,,,克萝萝,1,待机等级+1,,0,0,,,,,,,,30000025,
3200054,120,,克萝萝,5,治疗效果+1%,,0,0,,"10,10",,,,,,,
3200055,,,克萝萝,1,普攻+1,,0,0,,,,,,,,30000023,
3200056,147,,克萝萝,5,灵魂解放+2%,,0,0,,"20,20",,,,,,,
3200057,,,克萝萝,1,奥义+1,,0,0,,,,,,,,30000024,
3200058,101,,克萝萝,5,生命加成+1.2%,,0,0,,,"12,12",,,,,,
3200059,120,,克萝萝,5,治疗效果+1%,,0,0,,"10,10",,,,,,,
3200060,,,克萝萝,1,普攻+1,,0,0,,,,,,,,30000023,
3200061,138,,克萝萝,5,行动后能量回复+4,,0,0,,"4,4",,,,,,,
3200062,,,克萝萝,1,奥义+1,,0,0,,,,,,,,30000024,
3200063,147,,克萝萝,5,灵魂解放+2%,,0,0,,"20,20",,,,,,,
3200064,120,,克萝萝,5,治疗效果+1%,,0,0,,"10,10",,,,,,,
3200065,,,克萝萝,1,普攻+1,,0,0,,,,,,,,30000023,
3200066,147,,克萝萝,5,灵魂解放+2%,,0,0,,"20,20",,,,,,,
3200067,,,克萝萝,1,奥义+1,,0,0,,,,,,,,30000024,
3200068,101,,克萝萝,5,生命加成+1.2%,,0,0,,,"12,12",,,,,,
3200069,120,,克萝萝,5,治疗效果+1%,,0,0,,"10,10",,,,,,,
3200070,,,克萝萝,1,普攻+1,,0,0,,,,,,,,30000023,
3200071,138,,克萝萝,5,行动后能量回复+4,,0,0,,"4,4",,,,,,,
3200072,,,克萝萝,1,奥义+1,,0,0,,,,,,,,30000024,
3200073,108,,克萝萝,5,效果抵抗+1%,,0,0,,"10,10",,,,,,,
3300001,,,黑神月咏,4,解锁待机,,0,0,,,,,,,,2100003,
3300002,102,,黑神月咏,5,攻击加成+1%,,0,0,,,"10,10",,,,,,
3300003,,,黑神月咏,4,解锁奥义,,0,0,,,,,,,,,
3300004,147,,黑神月咏,5,灵魂解放+2%,,0,0,,"20,20",,,,,,,
3300005,,,黑神月咏,4,星痕3,,0,0,,,,,,,,,
3300006,,,黑神月咏,1,普攻+1,,0,0,,,,,,,,30000033,
3300007,,,黑神月咏,1,奥义+1,,0,0,,,,,,,,30000034,
3300008,102,,黑神月咏,5,攻击加成+1%,,0,0,,,"10,10",,,,,,
3300009,,,黑神月咏,1,待机等级+1,,0,0,,,,,,,,30000035,
3300010,112,,黑神月咏,5,伤害加成+1%,,0,0,,"10,10",,,,,,,
3300011,,,黑神月咏,1,普攻+1,,0,0,,,,,,,,30000033,
3300012,147,,黑神月咏,5,灵魂解放+2%,,0,0,,"20,20",,,,,,,
3300013,,,黑神月咏,1,奥义+1,,0,0,,,,,,,,30000034,
3300014,140,,黑神月咏,5,能量上限+100,,0,0,,"100,100",,,,,,,
3300015,112,,黑神月咏,5,伤害加成+1%,,0,0,,"10,10",,,,,,,
3300016,,,黑神月咏,1,普攻+1,,0,0,,,,,,,,30000033,
3300017,114,,黑神月咏,5,暴击率+1%,,0,0,,"10,10",,,,,,,
3300018,,,黑神月咏,1,奥义+1,,0,0,,,,,,,,30000034,
3300019,147,,黑神月咏,5,灵魂解放+2%,,0,0,,"20,20",,,,,,,
3300020,,,黑神月咏,1,待机等级+1,,0,0,,,,,,,,30000035,
3300021,112,,黑神月咏,5,伤害加成+1%,,0,0,,"10,10",,,,,,,
3300022,,,黑神月咏,1,普攻+1,,0,0,,,,,,,,30000033,
3300023,147,,黑神月咏,5,灵魂解放+2%,,0,0,,"20,20",,,,,,,
3300024,,,黑神月咏,1,奥义+1,,0,0,,,,,,,,30000034,
3300025,102,,黑神月咏,5,攻击加成+1%,,0,0,,,"10,10",,,,,,
3300026,112,,黑神月咏,5,伤害加成+1%,,0,0,,"10,10",,,,,,,
3300027,,,黑神月咏,1,普攻+1,,0,0,,,,,,,,30000033,
3300028,114,,黑神月咏,5,暴击率+1%,,0,0,,"10,10",,,,,,,
3300029,,,黑神月咏,1,奥义+1,,0,0,,,,,,,,30000034,
3300030,118,,黑神月咏,5,防御穿透+1%,,0,0,,"10,10",,,,,,,
3300031,,,黑神月咏,1,待机等级+1,,0,0,,,,,,,,30000035,
3300032,112,,黑神月咏,5,伤害加成+1%,,0,0,,"10,10",,,,,,,
3300033,,,黑神月咏,1,普攻+1,,0,0,,,,,,,,30000033,
3300034,147,,黑神月咏,5,灵魂解放+2%,,0,0,,"20,20",,,,,,,
3300035,,,黑神月咏,1,奥义+1,,0,0,,,,,,,,30000034,
3300036,102,,黑神月咏,5,攻击加成+1%,,0,0,,,"10,10",,,,,,
3300037,112,,黑神月咏,5,伤害加成+1%,,0,0,,"10,10",,,,,,,
3300038,,,黑神月咏,1,普攻+1,,0,0,,,,,,,,30000033,
3300039,114,,黑神月咏,5,暴击率+1%,,0,0,,"10,10",,,,,,,
3300040,,,黑神月咏,1,奥义+1,,0,0,,,,,,,,30000034,
3300041,147,,黑神月咏,5,灵魂解放+2%,,0,0,,"20,20",,,,,,,
3300042,,,黑神月咏,1,待机等级+1,,0,0,,,,,,,,30000035,
3300043,112,,黑神月咏,5,伤害加成+1%,,0,0,,"10,10",,,,,,,
3300044,,,黑神月咏,1,普攻+1,,0,0,,,,,,,,30000033,
3300045,147,,黑神月咏,5,灵魂解放+2%,,0,0,,"20,20",,,,,,,
3300046,,,黑神月咏,1,奥义+1,,0,0,,,,,,,,30000034,
3300047,140,,黑神月咏,5,能量上限+100,,0,0,,"100,100",,,,,,,
3300048,112,,黑神月咏,5,伤害加成+1%,,0,0,,"10,10",,,,,,,
3300049,,,黑神月咏,1,普攻+1,,0,0,,,,,,,,30000033,
3300050,114,,黑神月咏,5,暴击率+1%,,0,0,,"10,10",,,,,,,
3300051,,,黑神月咏,1,奥义+1,,0,0,,,,,,,,30000034,
3300052,118,,黑神月咏,5,防御穿透+1%,,0,0,,"10,10",,,,,,,
3300053,,,黑神月咏,1,待机等级+1,,0,0,,,,,,,,30000035,
3300054,112,,黑神月咏,5,伤害加成+1%,,0,0,,"10,10",,,,,,,
3300055,,,黑神月咏,1,普攻+1,,0,0,,,,,,,,30000033,
3300056,147,,黑神月咏,5,灵魂解放+2%,,0,0,,"20,20",,,,,,,
3300057,,,黑神月咏,1,奥义+1,,0,0,,,,,,,,30000034,
3300058,102,,黑神月咏,5,攻击加成+1%,,0,0,,,"10,10",,,,,,
3300059,112,,黑神月咏,5,伤害加成+1%,,0,0,,"10,10",,,,,,,
3300060,,,黑神月咏,1,普攻+1,,0,0,,,,,,,,30000033,
3300061,114,,黑神月咏,5,暴击率+1%,,0,0,,"10,10",,,,,,,
3300062,,,黑神月咏,1,奥义+1,,0,0,,,,,,,,30000034,
3300063,147,,黑神月咏,5,灵魂解放+2%,,0,0,,"20,20",,,,,,,
3300064,112,,黑神月咏,5,伤害加成+1%,,0,0,,"10,10",,,,,,,
3300065,,,黑神月咏,1,普攻+1,,0,0,,,,,,,,30000033,
3300066,147,,黑神月咏,5,灵魂解放+2%,,0,0,,"20,20",,,,,,,
3300067,,,黑神月咏,1,奥义+1,,0,0,,,,,,,,30000034,
3300068,102,,黑神月咏,5,攻击加成+1%,,0,0,,,"10,10",,,,,,
3300069,112,,黑神月咏,5,伤害加成+1%,,0,0,,"10,10",,,,,,,
3300070,,,黑神月咏,1,普攻+1,,0,0,,,,,,,,30000033,
3300071,114,,黑神月咏,5,暴击率+1%,,0,0,,"10,10",,,,,,,
3300072,,,黑神月咏,1,奥义+1,,0,0,,,,,,,,30000034,
3300073,118,,黑神月咏,5,防御穿透+1%,,0,0,,"10,10",,,,,,,
3400001,,,安洁,4,解锁待机,,0,0,,,,,,,,2100004,
3400002,101,,安洁,5,生命加成+1.2%,,0,0,,,"12,12",,,,,,
3400003,,,安洁,4,解锁奥义,,0,0,,,,,,,,,
3400004,147,,安洁,5,灵魂解放+2%,,0,0,,"20,20",,,,,,,
3400005,,,安洁,4,星痕3,,0,0,,,,,,,,,
3400006,,,安洁,1,普攻+1,,0,0,,,,,,,,30000043,
3400007,,,安洁,1,奥义+1,,0,0,,,,,,,,30000044,
3400008,103,,安洁,5,防御加成+1%,,0,0,,,"10,10",,,,,,
3400009,,,安洁,1,待机等级+1,,0,0,,,,,,,,30000045,
3400010,137,,安洁,5,回能效率+1%,,0,0,,"10,10",,,,,,,
3400011,,,安洁,1,普攻+1,,0,0,,,,,,,,30000043,
3400012,147,,安洁,5,灵魂解放+2%,,0,0,,"20,20",,,,,,,
3400013,,,安洁,1,奥义+1,,0,0,,,,,,,,30000044,
3400014,140,,安洁,5,能量上限+100,,0,0,,"100,100",,,,,,,
3400015,137,,安洁,5,回能效率+1%,,0,0,,"10,10",,,,,,,
3400016,,,安洁,1,普攻+1,,0,0,,,,,,,,30000043,
3400017,107,,安洁,5,效果命中+1%,,0,0,,"10,10",,,,,,,
3400018,,,安洁,1,奥义+1,,0,0,,,,,,,,30000044,
3400019,147,,安洁,5,灵魂解放+2%,,0,0,,"20,20",,,,,,,
3400020,,,安洁,1,待机等级+1,,0,0,,,,,,,,30000045,
3400021,137,,安洁,5,回能效率+1%,,0,0,,"10,10",,,,,,,
3400022,,,安洁,1,普攻+1,,0,0,,,,,,,,30000043,
3400023,147,,安洁,5,灵魂解放+2%,,0,0,,"20,20",,,,,,,
3400024,,,安洁,1,奥义+1,,0,0,,,,,,,,30000044,
3400025,101,,安洁,5,生命加成+1.2%,,0,0,,,"12,12",,,,,,
3400026,137,,安洁,5,回能效率+1%,,0,0,,"10,10",,,,,,,
3400027,,,安洁,1,普攻+1,,0,0,,,,,,,,30000043,
3400028,107,,安洁,5,效果命中+1%,,0,0,,"10,10",,,,,,,
3400029,,,安洁,1,奥义+1,,0,0,,,,,,,,30000044,
3400030,139,,安洁,5,初始能量+10,,0,0,,"10,10",,,,,,,
3400031,,,安洁,1,待机等级+1,,0,0,,,,,,,,30000045,
3400032,137,,安洁,5,回能效率+1%,,0,0,,"10,10",,,,,,,
3400033,,,安洁,1,普攻+1,,0,0,,,,,,,,30000043,
3400034,147,,安洁,5,灵魂解放+2%,,0,0,,"20,20",,,,,,,
3400035,,,安洁,1,奥义+1,,0,0,,,,,,,,30000044,
3400036,103,,安洁,5,防御加成+1%,,0,0,,,"10,10",,,,,,
3400037,137,,安洁,5,回能效率+1%,,0,0,,"10,10",,,,,,,
3400038,,,安洁,1,普攻+1,,0,0,,,,,,,,30000043,
3400039,107,,安洁,5,效果命中+1%,,0,0,,"10,10",,,,,,,
3400040,,,安洁,1,奥义+1,,0,0,,,,,,,,30000044,
3400041,147,,安洁,5,灵魂解放+2%,,0,0,,"20,20",,,,,,,
3400042,,,安洁,1,待机等级+1,,0,0,,,,,,,,30000045,
3400043,137,,安洁,5,回能效率+1%,,0,0,,"10,10",,,,,,,
3400044,,,安洁,1,普攻+1,,0,0,,,,,,,,30000043,
3400045,147,,安洁,5,灵魂解放+2%,,0,0,,"20,20",,,,,,,
3400046,,,安洁,1,奥义+1,,0,0,,,,,,,,30000044,
3400047,140,,安洁,5,能量上限+100,,0,0,,"100,100",,,,,,,
3400048,137,,安洁,5,回能效率+1%,,0,0,,"10,10",,,,,,,
3400049,,,安洁,1,普攻+1,,0,0,,,,,,,,30000043,
3400050,107,,安洁,5,效果命中+1%,,0,0,,"10,10",,,,,,,
3400051,,,安洁,1,奥义+1,,0,0,,,,,,,,30000044,
3400052,139,,安洁,5,初始能量+10,,0,0,,"10,10",,,,,,,
3400053,,,安洁,1,待机等级+1,,0,0,,,,,,,,30000045,
3400054,137,,安洁,5,回能效率+1%,,0,0,,"10,10",,,,,,,
3400055,,,安洁,1,普攻+1,,0,0,,,,,,,,30000043,
3400056,147,,安洁,5,灵魂解放+2%,,0,0,,"20,20",,,,,,,
3400057,,,安洁,1,奥义+1,,0,0,,,,,,,,30000044,
3400058,101,,安洁,5,生命加成+1.2%,,0,0,,,"12,12",,,,,,
3400059,137,,安洁,5,回能效率+1%,,0,0,,"10,10",,,,,,,
3400060,,,安洁,1,普攻+1,,0,0,,,,,,,,30000043,
3400061,107,,安洁,5,效果命中+1%,,0,0,,"10,10",,,,,,,
3400062,,,安洁,1,奥义+1,,0,0,,,,,,,,30000044,
3400063,147,,安洁,5,灵魂解放+2%,,0,0,,"20,20",,,,,,,
3400064,137,,安洁,5,回能效率+1%,,0,0,,"10,10",,,,,,,
3400065,,,安洁,1,普攻+1,,0,0,,,,,,,,30000043,
3400066,147,,安洁,5,灵魂解放+2%,,0,0,,"20,20",,,,,,,
3400067,,,安洁,1,奥义+1,,0,0,,,,,,,,30000044,
3400068,103,,安洁,5,防御加成+1%,,0,0,,,"10,10",,,,,,
3400069,137,,安洁,5,回能效率+1%,,0,0,,"10,10",,,,,,,
3400070,,,安洁,1,普攻+1,,0,0,,,,,,,,30000043,
3400071,107,,安洁,5,效果命中+1%,,0,0,,"10,10",,,,,,,
3400072,,,安洁,1,奥义+1,,0,0,,,,,,,,30000044,
3400073,139,,安洁,5,初始能量+10,,0,0,,"10,10",,,,,,,
3500001,,,米娅,4,解锁待机,,0,0,,,,,,,,2100005,
3500002,103,,米娅,5,防御加成+1%,,0,0,,,"10,10",,,,,,
3500003,,,米娅,4,解锁奥义,,0,0,,,,,,,,,
3500004,147,,米娅,5,灵魂解放+2%,,0,0,,"20,20",,,,,,,
3500005,,,米娅,4,星痕3,,0,0,,,,,,,,,
3500006,,,米娅,1,普攻+1,,0,0,,,,,,,,30000053,
3500007,,,米娅,1,奥义+1,,0,0,,,,,,,,30000054,
3500008,103,,米娅,5,防御加成+1%,,0,0,,,"10,10",,,,,,
3500009,,,米娅,1,待机等级+1,,0,0,,,,,,,,30000055,
3500010,113,,米娅,5,伤害减免+1%,,0,0,,"10,10",,,,,,,
3500011,,,米娅,1,普攻+1,,0,0,,,,,,,,30000053,
3500012,147,,米娅,5,灵魂解放+2%,,0,0,,"20,20",,,,,,,
3500013,,,米娅,1,奥义+1,,0,0,,,,,,,,30000054,
3500014,140,,米娅,5,能量上限+100,,0,0,,"100,100",,,,,,,
3500015,113,,米娅,5,伤害减免+1%,,0,0,,"10,10",,,,,,,
3500016,,,米娅,1,普攻+1,,0,0,,,,,,,,30000053,
3500017,134,,米娅,5,护盾效果+1%,,0,0,,"10,10",,,,,,,
3500018,,,米娅,1,奥义+1,,0,0,,,,,,,,30000054,
3500019,147,,米娅,5,灵魂解放+2%,,0,0,,"20,20",,,,,,,
3500020,,,米娅,1,待机等级+1,,0,0,,,,,,,,30000055,
3500021,113,,米娅,5,伤害减免+1%,,0,0,,"10,10",,,,,,,
3500022,,,米娅,1,普攻+1,,0,0,,,,,,,,30000053,
3500023,147,,米娅,5,灵魂解放+2%,,0,0,,"20,20",,,,,,,
3500024,,,米娅,1,奥义+1,,0,0,,,,,,,,30000054,
3500025,103,,米娅,5,防御加成+1%,,0,0,,,"10,10",,,,,,
3500026,113,,米娅,5,伤害减免+1%,,0,0,,"10,10",,,,,,,
3500027,,,米娅,1,普攻+1,,0,0,,,,,,,,30000053,
3500028,134,,米娅,5,护盾效果+1%,,0,0,,"10,10",,,,,,,
3500029,,,米娅,1,奥义+1,,0,0,,,,,,,,30000054,
3500030,121,,米娅,5,受到治疗效果+1%,,0,0,,"10,10",,,,,,,
3500031,,,米娅,1,待机等级+1,,0,0,,,,,,,,30000055,
3500032,113,,米娅,5,伤害减免+1%,,0,0,,"10,10",,,,,,,
3500033,,,米娅,1,普攻+1,,0,0,,,,,,,,30000053,
3500034,147,,米娅,5,灵魂解放+2%,,0,0,,"20,20",,,,,,,
3500035,,,米娅,1,奥义+1,,0,0,,,,,,,,30000054,
3500036,103,,米娅,5,防御加成+1%,,0,0,,,"10,10",,,,,,
3500037,113,,米娅,5,伤害减免+1%,,0,0,,"10,10",,,,,,,
3500038,,,米娅,1,普攻+1,,0,0,,,,,,,,30000053,
3500039,134,,米娅,5,护盾效果+1%,,0,0,,"10,10",,,,,,,
3500040,,,米娅,1,奥义+1,,0,0,,,,,,,,30000054,
3500041,147,,米娅,5,灵魂解放+2%,,0,0,,"20,20",,,,,,,
3500042,,,米娅,1,待机等级+1,,0,0,,,,,,,,30000055,
3500043,113,,米娅,5,伤害减免+1%,,0,0,,"10,10",,,,,,,
3500044,,,米娅,1,普攻+1,,0,0,,,,,,,,30000053,
3500045,147,,米娅,5,灵魂解放+2%,,0,0,,"20,20",,,,,,,
3500046,,,米娅,1,奥义+1,,0,0,,,,,,,,30000054,
3500047,140,,米娅,5,能量上限+100,,0,0,,"100,100",,,,,,,
3500048,113,,米娅,5,伤害减免+1%,,0,0,,"10,10",,,,,,,
3500049,,,米娅,1,普攻+1,,0,0,,,,,,,,30000053,
3500050,134,,米娅,5,护盾效果+1%,,0,0,,"10,10",,,,,,,
3500051,,,米娅,1,奥义+1,,0,0,,,,,,,,30000054,
3500052,121,,米娅,5,受到治疗效果+1%,,0,0,,"10,10",,,,,,,
3500053,,,米娅,1,待机等级+1,,0,0,,,,,,,,30000055,
3500054,113,,米娅,5,伤害减免+1%,,0,0,,"10,10",,,,,,,
3500055,,,米娅,1,普攻+1,,0,0,,,,,,,,30000053,
3500056,147,,米娅,5,灵魂解放+2%,,0,0,,"20,20",,,,,,,
3500057,,,米娅,1,奥义+1,,0,0,,,,,,,,30000054,
3500058,103,,米娅,5,防御加成+1%,,0,0,,,"10,10",,,,,,
3500059,113,,米娅,5,伤害减免+1%,,0,0,,"10,10",,,,,,,
3500060,,,米娅,1,普攻+1,,0,0,,,,,,,,30000053,
3500061,134,,米娅,5,护盾效果+1%,,0,0,,"10,10",,,,,,,
3500062,,,米娅,1,奥义+1,,0,0,,,,,,,,30000054,
3500063,147,,米娅,5,灵魂解放+2%,,0,0,,"20,20",,,,,,,
3500064,113,,米娅,5,伤害减免+1%,,0,0,,"10,10",,,,,,,
3500065,,,米娅,1,普攻+1,,0,0,,,,,,,,30000053,
3500066,147,,米娅,5,灵魂解放+2%,,0,0,,"20,20",,,,,,,
3500067,,,米娅,1,奥义+1,,0,0,,,,,,,,30000054,
3500068,103,,米娅,5,防御加成+1%,,0,0,,,"10,10",,,,,,
3500069,113,,米娅,5,伤害减免+1%,,0,0,,"10,10",,,,,,,
3500070,,,米娅,1,普攻+1,,0,0,,,,,,,,30000053,
3500071,134,,米娅,5,护盾效果+1%,,0,0,,"10,10",,,,,,,
3500072,,,米娅,1,奥义+1,,0,0,,,,,,,,30000054,
3500073,121,,米娅,5,受到治疗效果+1%,,0,0,,"10,10",,,,,,,
3600001,,,玛莎,4,解锁待机,,0,0,,,,,,,,2100006,
3600002,103,,玛莎,5,防御加成+1%,,0,0,,,"12,12",,,,,,
3600003,,,玛莎,4,解锁奥义,,0,0,,,,,,,,,
3600004,147,,玛莎,5,灵魂解放+2%,,0,0,,"20,20",,,,,,,
3600005,,,玛莎,4,星痕3,,0,0,,,,,,,,,
3600006,,,玛莎,1,普攻+1,,0,0,,,,,,,,30000063,
3600007,,,玛莎,1,奥义+1,,0,0,,,,,,,,30000064,
3600008,103,,玛莎,5,防御加成+1%,,0,0,,,"10,10",,,,,,
3600009,,,玛莎,1,待机等级+1,,0,0,,,,,,,,30000065,
3600010,113,,玛莎,5,伤害减免+1%,,0,0,,"10,10",,,,,,,
3600011,,,玛莎,1,普攻+1,,0,0,,,,,,,,30000063,
3600012,147,,玛莎,5,灵魂解放+2%,,0,0,,"20,20",,,,,,,
3600013,,,玛莎,1,奥义+1,,0,0,,,,,,,,30000064,
3600014,140,,玛莎,5,能量上限+100,,0,0,,"100,100",,,,,,,
3600015,113,,玛莎,5,伤害减免+1%,,0,0,,"10,10",,,,,,,
3600016,,,玛莎,1,普攻+1,,0,0,,,,,,,,30000063,
3600017,134,,玛莎,5,护盾效果+1%,,0,0,,"10,10",,,,,,,
3600018,,,玛莎,1,奥义+1,,0,0,,,,,,,,30000064,
3600019,147,,玛莎,5,灵魂解放+2%,,0,0,,"20,20",,,,,,,
3600020,,,玛莎,1,待机等级+1,,0,0,,,,,,,,30000065,
3600021,113,,玛莎,5,伤害减免+1%,,0,0,,"10,10",,,,,,,
3600022,,,玛莎,1,普攻+1,,0,0,,,,,,,,30000063,
3600023,147,,玛莎,5,灵魂解放+2%,,0,0,,"20,20",,,,,,,
3600024,,,玛莎,1,奥义+1,,0,0,,,,,,,,30000064,
3600025,103,,玛莎,5,防御加成+1%,,0,0,,,"12,12",,,,,,
3600026,113,,玛莎,5,伤害减免+1%,,0,0,,"10,10",,,,,,,
3600027,,,玛莎,1,普攻+1,,0,0,,,,,,,,30000063,
3600028,134,,玛莎,5,护盾效果+1%,,0,0,,"10,10",,,,,,,
3600029,,,玛莎,1,奥义+1,,0,0,,,,,,,,30000064,
3600030,121,,玛莎,5,受到治疗效果+1%,,0,0,,"10,10",,,,,,,
3600031,,,玛莎,1,待机等级+1,,0,0,,,,,,,,30000065,
3600032,113,,玛莎,5,伤害减免+1%,,0,0,,"10,10",,,,,,,
3600033,,,玛莎,1,普攻+1,,0,0,,,,,,,,30000063,
3600034,147,,玛莎,5,灵魂解放+2%,,0,0,,"20,20",,,,,,,
3600035,,,玛莎,1,奥义+1,,0,0,,,,,,,,30000064,
3600036,103,,玛莎,5,防御加成+1%,,0,0,,,"10,10",,,,,,
3600037,113,,玛莎,5,伤害减免+1%,,0,0,,"10,10",,,,,,,
3600038,,,玛莎,1,普攻+1,,0,0,,,,,,,,30000063,
3600039,134,,玛莎,5,护盾效果+1%,,0,0,,"10,10",,,,,,,
3600040,,,玛莎,1,奥义+1,,0,0,,,,,,,,30000064,
3600041,147,,玛莎,5,灵魂解放+2%,,0,0,,"20,20",,,,,,,
3600042,,,玛莎,1,待机等级+1,,0,0,,,,,,,,30000065,
3600043,113,,玛莎,5,伤害减免+1%,,0,0,,"10,10",,,,,,,
3600044,,,玛莎,1,普攻+1,,0,0,,,,,,,,30000063,
3600045,147,,玛莎,5,灵魂解放+2%,,0,0,,"20,20",,,,,,,
3600046,,,玛莎,1,奥义+1,,0,0,,,,,,,,30000064,
3600047,140,,玛莎,5,能量上限+100,,0,0,,"100,100",,,,,,,
3600048,113,,玛莎,5,伤害减免+1%,,0,0,,"10,10",,,,,,,
3600049,,,玛莎,1,普攻+1,,0,0,,,,,,,,30000063,
3600050,134,,玛莎,5,护盾效果+1%,,0,0,,"10,10",,,,,,,
3600051,,,玛莎,1,奥义+1,,0,0,,,,,,,,30000064,
3600052,121,,玛莎,5,受到治疗效果+10,,0,0,,"10,10",,,,,,,
3600053,,,玛莎,1,待机等级+1,,0,0,,,,,,,,30000065,
3600054,113,,玛莎,5,伤害减免+1%,,0,0,,"10,10",,,,,,,
3600055,,,玛莎,1,普攻+1,,0,0,,,,,,,,30000063,
3600056,147,,玛莎,5,灵魂解放+2%,,0,0,,"20,20",,,,,,,
3600057,,,玛莎,1,奥义+1,,0,0,,,,,,,,30000064,
3600058,103,,玛莎,5,防御加成+1%,,0,0,,,"12,12",,,,,,
3600059,113,,玛莎,5,伤害减免+1%,,0,0,,"10,10",,,,,,,
3600060,,,玛莎,1,普攻+1,,0,0,,,,,,,,30000063,
3600061,134,,玛莎,5,护盾效果+1%,,0,0,,"10,10",,,,,,,
3600062,,,玛莎,1,奥义+1,,0,0,,,,,,,,30000064,
3600063,147,,玛莎,5,灵魂解放+2%,,0,0,,"20,20",,,,,,,
3600064,113,,玛莎,5,伤害减免+1%,,0,0,,"10,10",,,,,,,
3600065,,,玛莎,1,普攻+1,,0,0,,,,,,,,30000063,
3600066,147,,玛莎,5,灵魂解放+2%,,0,0,,"20,20",,,,,,,
3600067,,,玛莎,1,奥义+1,,0,0,,,,,,,,30000064,
3600068,103,,玛莎,5,防御加成+1%,,0,0,,,"10,10",,,,,,
3600069,113,,玛莎,5,伤害减免+1%,,0,0,,"10,10",,,,,,,
3600070,,,玛莎,1,普攻+1,,0,0,,,,,,,,30000063,
3600071,134,,玛莎,5,护盾效果+1%,,0,0,,"10,10",,,,,,,
3600072,,,玛莎,1,奥义+1,,0,0,,,,,,,,30000064,
3600073,121,,玛莎,5,受到治疗效果+10,,0,0,,"10,10",,,,,,,
31000201,102,,律进阶,,,,0,0,,,,,,,,310007,
31000202,103,,律进阶,,,,0,0,,,,,,,,310008,
31000401,102,,律进阶,,,,0,0,,,,,,,,310009,
31000402,103,,律进阶,,,,0,0,,,,,,,,310010,
31000601,102,,律进阶,,,,0,0,,,,,,,,310011,
31000602,103,,律进阶,,,,0,0,,,,,,,,310012,
31000801,102,,律进阶,,,,0,0,,,,,,,,310013,
31000802,103,,律进阶,,,,0,0,,,,,,,,310014,
31001001,102,,律进阶,,,,0,0,,,,,,,,310015,
31001002,103,,律进阶,,,,0,0,,,,,,,,310016,
31001201,102,,律进阶,,,,0,0,,,,,,,,310017,
31001202,103,,律进阶,,,,0,0,,,,,,,,310018,
31001401,102,,律进阶,,,,0,0,,,,,,,,310019,
31001402,103,,律进阶,,,,0,0,,,,,,,,310020,
32000201,102,,克萝萝进阶,,,,0,0,,,,,,,,320007,
32000202,103,,克萝萝进阶,,,,0,0,,,,,,,,320008,
32000401,102,,克萝萝进阶,,,,0,0,,,,,,,,320009,
32000402,103,,克萝萝进阶,,,,0,0,,,,,,,,320010,
32000601,102,,克萝萝进阶,,,,0,0,,,,,,,,320011,
32000602,103,,克萝萝进阶,,,,0,0,,,,,,,,320012,
32000801,102,,克萝萝进阶,,,,0,0,,,,,,,,320013,
32000802,103,,克萝萝进阶,,,,0,0,,,,,,,,320014,
32001001,102,,克萝萝进阶,,,,0,0,,,,,,,,320015,
32001002,103,,克萝萝进阶,,,,0,0,,,,,,,,320016,
32001201,102,,克萝萝进阶,,,,0,0,,,,,,,,320017,
32001202,103,,克萝萝进阶,,,,0,0,,,,,,,,320018,
32001401,102,,克萝萝进阶,,,,0,0,,,,,,,,320019,
32001402,103,,克萝萝进阶,,,,0,0,,,,,,,,320020,
33000201,102,,黑神进阶,,,,0,0,,,,,,,,330004,
33000202,103,,黑神进阶,,,,0,0,,,,,,,,330005,
33000401,102,,黑神进阶,,,,0,0,,,,,,,,330006,
33000402,103,,黑神进阶,,,,0,0,,,,,,,,330007,
33000601,102,,黑神进阶,,,,0,0,,,,,,,,330008,
33000602,103,,黑神进阶,,,,0,0,,,,,,,,330009,
33000801,102,,黑神进阶,,,,0,0,,,,,,,,330010,
33000802,103,,黑神进阶,,,,0,0,,,,,,,,330017,
33001001,102,,黑神进阶,,,,0,0,,,,,,,,330011,
33001002,103,,黑神进阶,,,,0,0,,,,,,,,330012,
33001201,102,,黑神进阶,,,,0,0,,,,,,,,330013,
33001202,103,,黑神进阶,,,,0,0,,,,,,,,330014,
33001401,102,,黑神进阶,,,,0,0,,,,,,,,330015,
33001402,103,,黑神进阶,,,,0,0,,,,,,,,330016,
34000201,102,,安洁进阶,,,,0,0,,,,,,,,340007,
34000202,103,,安洁进阶,,,,0,0,,,,,,,,340008,
34000401,102,,安洁进阶,,,,0,0,,,,,,,,340009,
34000402,103,,安洁进阶,,,,0,0,,,,,,,,340010,
34000601,102,,安洁进阶,,,,0,0,,,,,,,,340011,
34000602,103,,安洁进阶,,,,0,0,,,,,,,,340012,
34000801,102,,安洁进阶,,,,0,0,,,,,,,,340013,
34000802,103,,安洁进阶,,,,0,0,,,,,,,,340014,
34001001,102,,安洁进阶,,,,0,0,,,,,,,,340015,
34001002,103,,安洁进阶,,,,0,0,,,,,,,,340016,
34001201,102,,安洁进阶,,,,0,0,,,,,,,,340017,
34001202,103,,安洁进阶,,,,0,0,,,,,,,,340018,
34001401,102,,安洁进阶,,,,0,0,,,,,,,,340019,
34001402,103,,安洁进阶,,,,0,0,,,,,,,,340020,
35000201,102,,米娅进阶,,,,0,0,,,,,,,,350006,
35000202,103,,米娅进阶,,,,0,0,,,,,,,,350007,
35000401,102,,米娅进阶,,,,0,0,,,,,,,,350008,
35000402,103,,米娅进阶,,,,0,0,,,,,,,,350009,
35000601,102,,米娅进阶,,,,0,0,,,,,,,,350010,
35000602,103,,米娅进阶,,,,0,0,,,,,,,,350011,
35000801,102,,米娅进阶,,,,0,0,,,,,,,,350012,
35000802,103,,米娅进阶,,,,0,0,,,,,,,,350013,
35001001,102,,米娅进阶,,,,0,0,,,,,,,,350014,
35001002,103,,米娅进阶,,,,0,0,,,,,,,,350015,
35001201,102,,米娅进阶,,,,0,0,,,,,,,,350016,
35001202,103,,米娅进阶,,,,0,0,,,,,,,,350017,
35001401,102,,米娅进阶,,,,0,0,,,,,,,,350018,
35001402,103,,米娅进阶,,,,0,0,,,,,,,,350019,
901,102,ui_role_info_attr_0_01,攻击,魔女详情界面展示用,基础攻击,,0,0,,"1,1",,,,,,,
902,102,ui_role_info_attr_0_02,攻击,魔女详情界面展示用,基础攻击加成,,0,0,,,"1,1",,,,,,
903,102,ui_role_info_attr_0_03,攻击,魔女详情界面展示用,额外攻击力,,0,0,,,,"1,1",,,,,
904,101,ui_role_info_attr_0_04,生命,魔女详情界面展示用,基础生命,,0,0,,"1,1",,,,,,,
905,101,ui_role_info_attr_0_05,生命,魔女详情界面展示用,基础生命加成,,0,0,,,"1,1",,,,,,
906,101,ui_role_info_attr_0_06,生命,魔女详情界面展示用,额外生命,,0,0,,,,"1,1",,,,,
907,103,ui_role_info_attr_0_07,护甲,魔女详情界面展示用,基础护甲,,0,0,,"1,1",,,,,,,
908,103,ui_role_info_attr_0_08,护甲,魔女详情界面展示用,基础护甲加成,,0,0,,,"1,1",,,,,,
909,103,ui_role_info_attr_0_09,护甲,魔女详情界面展示用,额外护甲,,0,0,,,,"1,1",,,,,
910,105,ui_role_info_attr_0_10,速度,魔女详情界面展示用,速度,,0,0,,"1,1",,,,,,,
911,104,ui_role_info_attr_0_11,韧性,魔女详情界面展示用,韧性,,0,0,,"1,1",,,,,,,
912,104,AttrRefix_name_104_1,韧性,魔女详情界面展示用,额外韧性,,0,0,,,,"1,1",,,,,
913,112,,伤害加成,魔女详情界面展示用,伤害加成,,0,0,,,"1,1",,,,,,
914,114,ui_role_info_attr_0_15,暴击,魔女详情界面展示用,暴击,,0,0,,,"1,1",,,,,,
915,116,ui_role_info_attr_0_16,爆伤,魔女详情界面展示用,爆伤,,0,0,,,"1,1",,,,,,
916,120,ui_role_info_attr_0_12,治疗,魔女详情界面展示用,治疗效果,,0,0,,,"1,1",,,,,,
917,137,ui_role_info_attr_0_13,蓄能,魔女详情界面展示用,蓄能效果,,0,0,,,"1,1",,,,,,
918,149,ui_role_info_attr_0_14,破防,魔女详情界面展示用,破防效果,,0,0,,,"1,1",,,,,,
919,123,,普攻伤害,魔女详情界面展示用,普攻伤害,,0,0,,,"1,1",,,,,,
920,124,,技能伤害,魔女详情界面展示用,技能伤害,,0,0,,,"1,1",,,,,,
921,125,,奥义伤害,魔女详情界面展示用,奥义伤害,,0,0,,,"1,1",,,,,,
101,101,stage_attr_101,生命比例修正,,,,0,,,,"1,1",,,"1,1",,,
1011,101,,,,,,0,,,,,"100000000,100000000",,,,,
102,102,stage_attr_102,攻击比例修正,,,,0,,,,"1,1",,,"1,1",,,
103,103,stage_attr_103,防御比例修正,,,,0,,,,"1,1",,,"1,1",,,
104,104,stage_attr_104,韧性值比例修正,,,,0,,,,"1,1",,,"1,1",,,
105,105,stage_attr_105,速度比例修正,,,,0,,,,"1,1",,,"1,1",,,
106,106,stage_attr_106,总战力比例修正,,,,0,,,,"1,1",,,"1,1",,,
107,107,stage_attr_107,效果命中修正,,,,0,,,"1,1",,,"1,1",,,,
108,108,stage_attr_108,效果抵抗修正,,,,0,,,"1,1",,,"1,1",,,,
109,109,stage_attr_109,弱破效果修正,,,,0,,,"1,1",,,"1,1",,,,
110,110,stage_attr_110,弱破抵抗修正,,,,0,,,"1,1",,,"1,1",,,,
111,111,stage_attr_111,技能倍率加成修正,,,,0,,,"1,1",,,"1,1",,,,
112,112,stage_attr_112,伤害加成修正,,,,0,,,"1,1",,,"1,1",,,,
113,113,stage_attr_113,伤害减免修正,,,,0,,,"1,1",,,"1,1",,,,
114,114,stage_attr_114,暴击概率修正,,,,0,,,"1,1",,,"1,1",,,,
115,115,stage_attr_115,暴击抵抗率修正,,,,0,,,"1,1",,,"1,1",,,,
116,116,stage_attr_116,暴击伤害修正,,,,0,,,"1,1",,,"1,1",,,,
117,117,stage_attr_117,暴伤减免修正,,,,0,,,"1,1",,,"1,1",,,,
118,118,stage_attr_118,防御穿透修正,,,,0,,,"1,1",,,"1,1",,,,
119,119,stage_attr_119,穿透抵抗修正,,,,0,,,"1,1",,,"1,1",,,,
120,120,stage_attr_120,治疗效果修正,,,,0,,,"1,1",,,"1,1",,,,
121,121,stage_attr_121,受到治疗效果修正,,,,0,,,"1,1",,,"1,1",,,,
122,122,stage_attr_122,吸血修正,,,,0,,,"1,1",,,"1,1",,,,
123,123,stage_attr_123,魔女普攻伤害修正,,,,0,,,"1,1",,,"1,1",,,,
124,124,stage_attr_124,星恒技能伤害修正,,,,0,,,"1,1",,,"1,1",,,,
125,125,stage_attr_125,魔女奥义伤害修正,,,,0,,,"1,1",,,"1,1",,,,
126,126,stage_attr_126,魔女普攻受伤减免修正,,,,0,,,"1,1",,,"1,1",,,,
127,127,stage_attr_127,星痕技能受伤减免修正,,,,0,,,"1,1",,,"1,1",,,,
128,128,stage_attr_128,魔女奥义受伤减免修正,,,,0,,,"1,1",,,"1,1",,,,
130,130,stage_attr_130,固定增伤值修正,,,,0,,,"1,1",,,"1,1",,,,
131,131,stage_attr_131,固定减伤值修正,,,,0,,,"1,1",,,"1,1",,,,
132,132,stage_attr_132,反弹比例修正,,,,0,,,"1,1",,,"1,1",,,,
133,133,stage_attr_133,反噬比例修正,,,,0,,,"1,1",,,"1,1",,,,
134,134,stage_attr_134,护盾效果修正,,,,0,,,"1,1",,,"1,1",,,,
135,135,stage_attr_135,受到护盾效果修正,,,,0,,,"1,1",,,"1,1",,,,
136,136,stage_attr_136,最终伤害修正,,,,0,,,"1,1",,,"1,1",,,,
137,137,stage_attr_137,回能效率修正,,,,0,,,"1,1",,,"1,1",,,,
138,138,stage_attr_138,行动后能量回复修正,,,,0,,,,"1,1",,,"1,1",,,
139,139,stage_attr_139,初始能量修正,,,,0,,,,"1,1",,,"1,1",,,
140,140,stage_attr_140,能量上限增减值修正,,,,0,,,,"1,1",,,"1,1",,,
141,141,stage_attr_141,仇恨值修正,,,,0,,,,"1,1",,,"1,1",,,
142,142,stage_attr_142,灵魂解放伤害修正,,,,0,,,"1,1",,,"1,1",,,,
143,143,stage_attr_143,闪避几率修正,,,,0,,,"1,1",,,"1,1",,,,
144,144,stage_attr_144,克制伤害倍率增加修正,,,,0,,,"1,1",,,"1,1",,,,
145,145,stage_attr_145,克制伤害倍率减免修正,,,,0,,,"1,1",,,"1,1",,,,
146,146,stage_attr_146,爆气等级增减值修正,,,,0,,,,"1,1",,,"1,1",,,
147,147,stage_attr_147,灵魂解放伤害加成修正,,,,0,,,"1,1",,,"1,1",,,,
148,148,stage_attr_148,灵魂解放伤害减免修正,,,,0,,,"1,1",,,"1,1",,,,
149,149,stage_attr_149,韧性伤害修正,,,,0,,,"1,1",,,"1,1",,,,
150,150,stage_attr_150,护盾上限修正,,,,0,,,"1,1",,,"1,1",,,,
151,151,stage_attr_151,伤害波动修正,,,,0,,,"1,1",,,"1,1",,,,
1001,1001,,灼烧抵抗,,,,0,,,"1,1",,,"1,1",,,,
1005,1005,,感电抵抗,,,,0,,,"1,1",,,"1,1",,,,
1012,1012,,侵蚀抵抗,,,,0,,,"1,1",,,"1,1",,,,
4001,4001,,受到灼烧效果,,,,0,,,"1,1",,,"1,1",,,,
4005,4005,,受到感电效果,,,,0,,,"1,1",,,"1,1",,,,
4012,4012,,受到侵蚀效果,,,,0,,,"1,1",,,"1,1",,,,
601001,101,增加生命值,,,,,0,,,,"7000,7000",,,,,,
601002,102,增加攻击力,,,,,0,,,,"7000,7000",,,,,,
601003,103,增加防御力,,,,,0,,,,"7000,7000",,,,,,
601004,104,增加韧性值,,,,,0,,,,"7000,7000",,,,,,
601005,105,减少速度,,,,,0,,,"-25,-25",,,"5,5",,,,
601006,101,减少生命值,主线前期降低怪物属性,,,,0,,,,"-500,-500",,"50,50",,,,
601007,104,减少韧性,,,,,0,,,,"-800,-800",,"50,50",,,,
601008,102,减少攻击力,,,,,0,,,,"-500,-500",,"50,50",,,,
601009,103,减少防御力,,,,,0,,,,"-500,-500",,"50,50",,,,
601010,101,固定增加生命值,,,,,0,,,,,"70,70",,,,,
601011,101,固定增加生命值,,,,,0,,,,,"150,150",,,,,
601012,103,增加防御力,,,,,0,,,"7000,7000",,,,,,,
601001101,101,,,,,,0,,,,"1242,1242",,,,,,
601002101,101,,,,,,0,,,,"1104,1104",,,,,,
601003101,101,,,,,,0,,,,"966,966",,,,,,
601004101,101,,,,,,0,,,,"828,828",,,,,,
601005101,101,,,,,,0,,,,"690,690",,,,,,
601006101,101,,,,,,0,,,,"552,552",,,,,,
601007101,101,,,,,,0,,,,"414,414",,,,,,
601008101,101,,,,,,0,,,,"276,276",,,,,,
601009101,101,,,,,,0,,,,"138,138",,,,,,
601001102,102,,,,,,0,,,,"1242,1242",,,,,,
601002102,102,,,,,,0,,,,"1104,1104",,,,,,
601003102,102,,,,,,0,,,,"966,966",,,,,,
601004102,102,,,,,,0,,,,"828,828",,,,,,
601005102,102,,,,,,0,,,,"690,690",,,,,,
601006102,102,,,,,,0,,,,"552,552",,,,,,
601007102,102,,,,,,0,,,,"414,414",,,,,,
601008102,102,,,,,,0,,,,"276,276",,,,,,
601009102,102,,,,,,0,,,,"138,138",,,,,,
601001103,103,,,,,,0,,,,"1242,1242",,,,,,
601002103,103,,,,,,0,,,,"1104,1104",,,,,,
601003103,103,,,,,,0,,,,"966,966",,,,,,
601004103,103,,,,,,0,,,,"828,828",,,,,,
601005103,103,,,,,,0,,,,"690,690",,,,,,
601006103,103,,,,,,0,,,,"552,552",,,,,,
601007103,103,,,,,,0,,,,"414,414",,,,,,
601008103,103,,,,,,0,,,,"276,276",,,,,,
601009103,103,,,,,,0,,,,"138,138",,,,,,
601001104,104,,,,,,0,,,,"1242,1242",,,,,,
601002104,104,,,,,,0,,,,"1104,1104",,,,,,
601003104,104,,,,,,0,,,,"966,966",,,,,,
601004104,104,,,,,,0,,,,"828,828",,,,,,
601005104,104,,,,,,0,,,,"690,690",,,,,,
601006104,104,,,,,,0,,,,"552,552",,,,,,
601007104,104,,,,,,0,,,,"414,414",,,,,,
601008104,104,,,,,,0,,,,"276,276",,,,,,
601009104,104,,,,,,0,,,,"138,138",,,,,,
10000001,102,,格蕾,1,,,"5,3013001",0,0,"16,16",,,,,,,
10000002,103,,格蕾,2,,,"5,3013001",0,0,"4,4",,,,,,,
10000003,102,,格蕾,3,,,"5,3013001",0,0,"16,16",,,,,,,
10000004,103,,格蕾,4,,,"5,3013001",0,0,"4,4",,,,,,,
10000005,102,,格蕾,5,,,"5,3013001",0,0,"16,16",,,,,,,
10000006,103,,格蕾,6,,,"5,3013001",0,0,"4,4",,,,,,,
10000007,102,,格蕾,7,,,"5,3013001",0,0,"16,16",,,,,,,
10000008,103,,格蕾,8,,,"5,3013001",0,0,"4,4",,,,,,,
10000009,102,,格蕾,9,,,"5,3013001",0,0,"16,16",,,,,,,
10000010,103,,格蕾,10,,,"5,3013001",0,0,"4,4",,,,,,,
10000011,102,,菲莉希亚,1,,,"5,3013007",0,0,"16,16",,,,,,,
10000012,103,,菲莉希亚,2,,,"5,3013007",0,0,"4,4",,,,,,,
10000013,102,,菲莉希亚,3,,,"5,3013007",0,0,"16,16",,,,,,,
10000014,103,,菲莉希亚,4,,,"5,3013007",0,0,"4,4",,,,,,,
10000015,102,,菲莉希亚,5,,,"5,3013007",0,0,"16,16",,,,,,,
10000016,103,,菲莉希亚,6,,,"5,3013007",0,0,"4,4",,,,,,,
10000017,102,,菲莉希亚,7,,,"5,3013007",0,0,"16,16",,,,,,,
10000018,103,,菲莉希亚,8,,,"5,3013007",0,0,"4,4",,,,,,,
10000019,102,,菲莉希亚,9,,,"5,3013007",0,0,"16,16",,,,,,,
10000020,103,,菲莉希亚,10,,,"5,3013007",0,0,"4,4",,,,,,,
10000021,102,,梅露特,1,,,"5,3013008",0,0,"16,16",,,,,,,
10000022,103,,梅露特,2,,,"5,3013008",0,0,"4,4",,,,,,,
10000023,102,,梅露特,3,,,"5,3013008",0,0,"16,16",,,,,,,
10000024,103,,梅露特,4,,,"5,3013008",0,0,"4,4",,,,,,,
10000025,102,,梅露特,5,,,"5,3013008",0,0,"16,16",,,,,,,
10000026,103,,梅露特,6,,,"5,3013008",0,0,"4,4",,,,,,,
10000027,102,,梅露特,7,,,"5,3013008",0,0,"16,16",,,,,,,
10000028,103,,梅露特,8,,,"5,3013008",0,0,"4,4",,,,,,,
10000029,102,,梅露特,9,,,"5,3013008",0,0,"16,16",,,,,,,
10000030,103,,梅露特,10,,,"5,3013008",0,0,"4,4",,,,,,,
10000031,102,,奈奈芙,1,,,"5,3013009",0,0,"16,16",,,,,,,
10000032,103,,奈奈芙,2,,,"5,3013009",0,0,"4,4",,,,,,,
10000033,102,,奈奈芙,3,,,"5,3013009",0,0,"16,16",,,,,,,
10000034,103,,奈奈芙,4,,,"5,3013009",0,0,"4,4",,,,,,,
10000035,102,,奈奈芙,5,,,"5,3013009",0,0,"16,16",,,,,,,
10000036,103,,奈奈芙,6,,,"5,3013009",0,0,"4,4",,,,,,,
10000037,102,,奈奈芙,7,,,"5,3013009",0,0,"16,16",,,,,,,
10000038,103,,奈奈芙,8,,,"5,3013009",0,0,"4,4",,,,,,,
10000039,102,,奈奈芙,9,,,"5,3013009",0,0,"16,16",,,,,,,
10000040,103,,奈奈芙,10,,,"5,3013009",0,0,"4,4",,,,,,,
10000041,102,,玛瑙,1,,,"5,3013014",0,0,"16,16",,,,,,,
10000042,103,,玛瑙,2,,,"5,3013014",0,0,"4,4",,,,,,,
10000043,102,,玛瑙,3,,,"5,3013014",0,0,"16,16",,,,,,,
10000044,103,,玛瑙,4,,,"5,3013014",0,0,"4,4",,,,,,,
10000045,102,,玛瑙,5,,,"5,3013014",0,0,"16,16",,,,,,,
10000046,103,,玛瑙,6,,,"5,3013014",0,0,"4,4",,,,,,,
10000047,102,,玛瑙,7,,,"5,3013014",0,0,"16,16",,,,,,,
10000048,103,,玛瑙,8,,,"5,3013014",0,0,"4,4",,,,,,,
10000049,102,,玛瑙,9,,,"5,3013014",0,0,"16,16",,,,,,,
10000050,103,,玛瑙,10,,,"5,3013014",0,0,"4,4",,,,,,,
10000051,102,,波斯菊,1,,,"5,3013017",0,0,"16,16",,,,,,,
10000052,103,,波斯菊,2,,,"5,3013017",0,0,"4,4",,,,,,,
10000053,102,,波斯菊,3,,,"5,3013017",0,0,"16,16",,,,,,,
10000054,103,,波斯菊,4,,,"5,3013017",0,0,"4,4",,,,,,,
10000055,102,,波斯菊,5,,,"5,3013017",0,0,"16,16",,,,,,,
10000056,103,,波斯菊,6,,,"5,3013017",0,0,"4,4",,,,,,,
10000057,102,,波斯菊,7,,,"5,3013017",0,0,"16,16",,,,,,,
10000058,103,,波斯菊,8,,,"5,3013017",0,0,"4,4",,,,,,,
10000059,102,,波斯菊,9,,,"5,3013017",0,0,"16,16",,,,,,,
10000060,103,,波斯菊,10,,,"5,3013017",0,0,"4,4",,,,,,,
10000061,102,,爱琳,1,,,"5,3013018",0,0,"16,16",,,,,,,
10000062,103,,爱琳,2,,,"5,3013018",0,0,"4,4",,,,,,,
10000063,102,,爱琳,3,,,"5,3013018",0,0,"16,16",,,,,,,
10000064,103,,爱琳,4,,,"5,3013018",0,0,"4,4",,,,,,,
10000065,102,,爱琳,5,,,"5,3013018",0,0,"16,16",,,,,,,
10000066,103,,爱琳,6,,,"5,3013018",0,0,"4,4",,,,,,,
10000067,102,,爱琳,7,,,"5,3013018",0,0,"16,16",,,,,,,
10000068,103,,爱琳,8,,,"5,3013018",0,0,"4,4",,,,,,,
10000069,102,,爱琳,9,,,"5,3013018",0,0,"16,16",,,,,,,
10000070,103,,爱琳,10,,,"5,3013018",0,0,"4,4",,,,,,,
10000071,102,,维达,1,,,"5,3013020",0,0,"16,16",,,,,,,
10000072,103,,维达,2,,,"5,3013020",0,0,"4,4",,,,,,,
10000073,102,,维达,3,,,"5,3013020",0,0,"16,16",,,,,,,
10000074,103,,维达,4,,,"5,3013020",0,0,"4,4",,,,,,,
10000075,102,,维达,5,,,"5,3013020",0,0,"16,16",,,,,,,
10000076,103,,维达,6,,,"5,3013020",0,0,"4,4",,,,,,,
10000077,102,,维达,7,,,"5,3013020",0,0,"16,16",,,,,,,
10000078,103,,维达,8,,,"5,3013020",0,0,"4,4",,,,,,,
10000079,102,,维达,9,,,"5,3013020",0,0,"16,16",,,,,,,
10000080,103,,维达,10,,,"5,3013020",0,0,"4,4",,,,,,,
10000081,102,,莱拉,1,,,"5,3013022",0,0,"16,16",,,,,,,
10000082,103,,莱拉,2,,,"5,3013022",0,0,"4,4",,,,,,,
10000083,102,,莱拉,3,,,"5,3013022",0,0,"16,16",,,,,,,
10000084,103,,莱拉,4,,,"5,3013022",0,0,"4,4",,,,,,,
10000085,102,,莱拉,5,,,"5,3013022",0,0,"16,16",,,,,,,
10000086,103,,莱拉,6,,,"5,3013022",0,0,"4,4",,,,,,,
10000087,102,,莱拉,7,,,"5,3013022",0,0,"16,16",,,,,,,
10000088,103,,莱拉,8,,,"5,3013022",0,0,"4,4",,,,,,,
10000089,102,,莱拉,9,,,"5,3013022",0,0,"16,16",,,,,,,
10000090,103,,莱拉,10,,,"5,3013022",0,0,"4,4",,,,,,,
10000091,102,,芙洛拉,1,,,"5,3013023",0,0,"16,16",,,,,,,
10000092,103,,芙洛拉,2,,,"5,3013023",0,0,"4,4",,,,,,,
10000093,102,,芙洛拉,3,,,"5,3013023",0,0,"16,16",,,,,,,
10000094,103,,芙洛拉,4,,,"5,3013023",0,0,"4,4",,,,,,,
10000095,102,,芙洛拉,5,,,"5,3013023",0,0,"16,16",,,,,,,
10000096,103,,芙洛拉,6,,,"5,3013023",0,0,"4,4",,,,,,,
10000097,102,,芙洛拉,7,,,"5,3013023",0,0,"16,16",,,,,,,
10000098,103,,芙洛拉,8,,,"5,3013023",0,0,"4,4",,,,,,,
10000099,102,,芙洛拉,9,,,"5,3013023",0,0,"16,16",,,,,,,
10000100,103,,芙洛拉,10,,,"5,3013023",0,0,"4,4",,,,,,,
10000101,102,,希露德,1,,,"5,3013024",0,0,"20,20",,,,,,,
10000102,103,,希露德,2,,,"5,3013024",0,0,"8,8",,,,,,,
10000103,102,,希露德,3,,,"5,3013024",0,0,"20,20",,,,,,,
10000104,103,,希露德,4,,,"5,3013024",0,0,"8,8",,,,,,,
10000105,102,,希露德,5,,,"5,3013024",0,0,"20,20",,,,,,,
10000106,103,,希露德,6,,,"5,3013024",0,0,"8,8",,,,,,,
10000107,102,,希露德,7,,,"5,3013024",0,0,"20,20",,,,,,,
10000108,103,,希露德,8,,,"5,3013024",0,0,"8,8",,,,,,,
10000109,102,,希露德,9,,,"5,3013024",0,0,"20,20",,,,,,,
10000110,103,,希露德,10,,,"5,3013024",0,0,"8,8",,,,,,,
10000111,102,,多萝西,1,,,"5,3013025",0,0,"16,16",,,,,,,
10000112,103,,多萝西,2,,,"5,3013025",0,0,"4,4",,,,,,,
10000113,102,,多萝西,3,,,"5,3013025",0,0,"16,16",,,,,,,
10000114,103,,多萝西,4,,,"5,3013025",0,0,"4,4",,,,,,,
10000115,102,,多萝西,5,,,"5,3013025",0,0,"16,16",,,,,,,
10000116,103,,多萝西,6,,,"5,3013025",0,0,"4,4",,,,,,,
10000117,102,,多萝西,7,,,"5,3013025",0,0,"16,16",,,,,,,
10000118,103,,多萝西,8,,,"5,3013025",0,0,"4,4",,,,,,,
10000119,102,,多萝西,9,,,"5,3013025",0,0,"16,16",,,,,,,
10000120,103,,多萝西,10,,,"5,3013025",0,0,"4,4",,,,,,,
10000121,102,,焰心,1,,,"5,3014003",0,0,"16,16",,,,,,,
10000122,103,,焰心,2,,,"5,3014003",0,0,"4,4",,,,,,,
10000123,102,,焰心,3,,,"5,3014003",0,0,"16,16",,,,,,,
10000124,103,,焰心,4,,,"5,3014003",0,0,"4,4",,,,,,,
10000125,102,,焰心,5,,,"5,3014003",0,0,"16,16",,,,,,,
10000126,103,,焰心,6,,,"5,3014003",0,0,"4,4",,,,,,,
10000127,102,,焰心,7,,,"5,3014003",0,0,"16,16",,,,,,,
10000128,103,,焰心,8,,,"5,3014003",0,0,"4,4",,,,,,,
10000129,102,,焰心,9,,,"5,3014003",0,0,"16,16",,,,,,,
10000130,103,,焰心,10,,,"5,3014003",0,0,"4,4",,,,,,,
10000131,102,,索菲,1,,,"5,3014004",0,0,"16,16",,,,,,,
10000132,103,,索菲,2,,,"5,3014004",0,0,"4,4",,,,,,,
10000133,102,,索菲,3,,,"5,3014004",0,0,"16,16",,,,,,,
10000134,103,,索菲,4,,,"5,3014004",0,0,"4,4",,,,,,,
10000135,102,,索菲,5,,,"5,3014004",0,0,"16,16",,,,,,,
10000136,103,,索菲,6,,,"5,3014004",0,0,"4,4",,,,,,,
10000137,102,,索菲,7,,,"5,3014004",0,0,"16,16",,,,,,,
10000138,103,,索菲,8,,,"5,3014004",0,0,"4,4",,,,,,,
10000139,102,,索菲,9,,,"5,3014004",0,0,"16,16",,,,,,,
10000140,103,,索菲,10,,,"5,3014004",0,0,"4,4",,,,,,,
10000141,102,,未来,1,,,"5,3014012",0,0,"16,16",,,,,,,
10000142,103,,未来,2,,,"5,3014012",0,0,"4,4",,,,,,,
10000143,102,,未来,3,,,"5,3014012",0,0,"16,16",,,,,,,
10000144,103,,未来,4,,,"5,3014012",0,0,"4,4",,,,,,,
10000145,102,,未来,5,,,"5,3014012",0,0,"16,16",,,,,,,
10000146,103,,未来,6,,,"5,3014012",0,0,"4,4",,,,,,,
10000147,102,,未来,7,,,"5,3014012",0,0,"16,16",,,,,,,
10000148,103,,未来,8,,,"5,3014012",0,0,"4,4",,,,,,,
10000149,102,,未来,9,,,"5,3014012",0,0,"16,16",,,,,,,
10000150,103,,未来,10,,,"5,3014012",0,0,"4,4",,,,,,,
10000151,102,,杏林,1,,,"5,3014016",0,0,"16,16",,,,,,,
10000152,103,,杏林,2,,,"5,3014016",0,0,"4,4",,,,,,,
10000153,102,,杏林,3,,,"5,3014016",0,0,"16,16",,,,,,,
10000154,103,,杏林,4,,,"5,3014016",0,0,"4,4",,,,,,,
10000155,102,,杏林,5,,,"5,3014016",0,0,"16,16",,,,,,,
10000156,103,,杏林,6,,,"5,3014016",0,0,"4,4",,,,,,,
10000157,102,,杏林,7,,,"5,3014016",0,0,"16,16",,,,,,,
10000158,103,,杏林,8,,,"5,3014016",0,0,"4,4",,,,,,,
10000159,102,,杏林,9,,,"5,3014016",0,0,"16,16",,,,,,,
10000160,103,,杏林,10,,,"5,3014016",0,0,"4,4",,,,,,,
10000161,102,,诗娅,1,,,"5,3014018",0,0,"16,16",,,,,,,
10000162,103,,诗娅,2,,,"5,3014018",0,0,"4,4",,,,,,,
10000163,102,,诗娅,3,,,"5,3014018",0,0,"16,16",,,,,,,
10000164,103,,诗娅,4,,,"5,3014018",0,0,"4,4",,,,,,,
10000165,102,,诗娅,5,,,"5,3014018",0,0,"16,16",,,,,,,
10000166,103,,诗娅,6,,,"5,3014018",0,0,"4,4",,,,,,,
10000167,102,,诗娅,7,,,"5,3014018",0,0,"16,16",,,,,,,
10000168,103,,诗娅,8,,,"5,3014018",0,0,"4,4",,,,,,,
10000169,102,,诗娅,9,,,"5,3014018",0,0,"16,16",,,,,,,
10000170,103,,诗娅,10,,,"5,3014018",0,0,"4,4",,,,,,,
10000171,102,,佩内洛普,1,,,"5,3016023",0,0,"16,16",,,,,,,
10000172,103,,佩内洛普,2,,,"5,3016023",0,0,"4,4",,,,,,,
10000173,102,,佩内洛普,3,,,"5,3016023",0,0,"16,16",,,,,,,
10000174,103,,佩内洛普,4,,,"5,3016023",0,0,"4,4",,,,,,,
10000175,102,,佩内洛普,5,,,"5,3016023",0,0,"16,16",,,,,,,
10000176,103,,佩内洛普,6,,,"5,3016023",0,0,"4,4",,,,,,,
10000177,102,,佩内洛普,7,,,"5,3016023",0,0,"16,16",,,,,,,
10000178,103,,佩内洛普,8,,,"5,3016023",0,0,"4,4",,,,,,,
10000179,102,,佩内洛普,9,,,"5,3016023",0,0,"16,16",,,,,,,
10000180,103,,佩内洛普,10,,,"5,3016023",0,0,"4,4",,,,,,,
10000181,102,,仙蒂,1,,,"5,3016038",0,0,"16,16",,,,,,,
10000182,103,,仙蒂,2,,,"5,3016038",0,0,"4,4",,,,,,,
10000183,102,,仙蒂,3,,,"5,3016038",0,0,"16,16",,,,,,,
10000184,103,,仙蒂,4,,,"5,3016038",0,0,"4,4",,,,,,,
10000185,102,,仙蒂,5,,,"5,3016038",0,0,"16,16",,,,,,,
10000186,103,,仙蒂,6,,,"5,3016038",0,0,"4,4",,,,,,,
10000187,102,,仙蒂,7,,,"5,3016038",0,0,"16,16",,,,,,,
10000188,103,,仙蒂,8,,,"5,3016038",0,0,"4,4",,,,,,,
10000189,102,,仙蒂,9,,,"5,3016038",0,0,"16,16",,,,,,,
10000190,103,,仙蒂,10,,,"5,3016038",0,0,"4,4",,,,,,,
10000191,102,,阿涅克斯,1,,,"5,3013003",0,0,"18,18",,,,,,,
10000192,103,,阿涅克斯,2,,,"5,3013003",0,0,"6,6",,,,,,,
10000193,102,,阿涅克斯,3,,,"5,3013003",0,0,"18,18",,,,,,,
10000194,103,,阿涅克斯,4,,,"5,3013003",0,0,"6,6",,,,,,,
10000195,102,,阿涅克斯,5,,,"5,3013003",0,0,"18,18",,,,,,,
10000196,103,,阿涅克斯,6,,,"5,3013003",0,0,"6,6",,,,,,,
10000197,102,,阿涅克斯,7,,,"5,3013003",0,0,"18,18",,,,,,,
10000198,103,,阿涅克斯,8,,,"5,3013003",0,0,"6,6",,,,,,,
10000199,102,,阿涅克斯,9,,,"5,3013003",0,0,"18,18",,,,,,,
10000200,103,,阿涅克斯,10,,,"5,3013003",0,0,"6,6",,,,,,,
10000201,102,,炽爱,1,,,"5,3013004",0,0,"18,18",,,,,,,
10000202,103,,炽爱,2,,,"5,3013004",0,0,"6,6",,,,,,,
10000203,102,,炽爱,3,,,"5,3013004",0,0,"18,18",,,,,,,
10000204,103,,炽爱,4,,,"5,3013004",0,0,"6,6",,,,,,,
10000205,102,,炽爱,5,,,"5,3013004",0,0,"18,18",,,,,,,
10000206,103,,炽爱,6,,,"5,3013004",0,0,"6,6",,,,,,,
10000207,102,,炽爱,7,,,"5,3013004",0,0,"18,18",,,,,,,
10000208,103,,炽爱,8,,,"5,3013004",0,0,"6,6",,,,,,,
10000209,102,,炽爱,9,,,"5,3013004",0,0,"18,18",,,,,,,
10000210,103,,炽爱,10,,,"5,3013004",0,0,"6,6",,,,,,,
10000211,102,,水仙,1,,,"5,3013006",0,0,"18,18",,,,,,,
10000212,103,,水仙,2,,,"5,3013006",0,0,"6,6",,,,,,,
10000213,102,,水仙,3,,,"5,3013006",0,0,"18,18",,,,,,,
10000214,103,,水仙,4,,,"5,3013006",0,0,"6,6",,,,,,,
10000215,102,,水仙,5,,,"5,3013006",0,0,"18,18",,,,,,,
10000216,103,,水仙,6,,,"5,3013006",0,0,"6,6",,,,,,,
10000217,102,,水仙,7,,,"5,3013006",0,0,"18,18",,,,,,,
10000218,103,,水仙,8,,,"5,3013006",0,0,"6,6",,,,,,,
10000219,102,,水仙,9,,,"5,3013006",0,0,"18,18",,,,,,,
10000220,103,,水仙,10,,,"5,3013006",0,0,"6,6",,,,,,,
10000221,102,,哀歌,1,,,"5,3013015",0,0,"18,18",,,,,,,
10000222,103,,哀歌,2,,,"5,3013015",0,0,"6,6",,,,,,,
10000223,102,,哀歌,3,,,"5,3013015",0,0,"18,18",,,,,,,
10000224,103,,哀歌,4,,,"5,3013015",0,0,"6,6",,,,,,,
10000225,102,,哀歌,5,,,"5,3013015",0,0,"18,18",,,,,,,
10000226,103,,哀歌,6,,,"5,3013015",0,0,"6,6",,,,,,,
10000227,102,,哀歌,7,,,"5,3013015",0,0,"18,18",,,,,,,
10000228,103,,哀歌,8,,,"5,3013015",0,0,"6,6",,,,,,,
10000229,102,,哀歌,9,,,"5,3013015",0,0,"18,18",,,,,,,
10000230,103,,哀歌,10,,,"5,3013015",0,0,"6,6",,,,,,,
10000231,102,,库萝心,1,,,"5,3013019",0,0,"18,18",,,,,,,
10000232,103,,库萝心,2,,,"5,3013019",0,0,"6,6",,,,,,,
10000233,102,,库萝心,3,,,"5,3013019",0,0,"18,18",,,,,,,
10000234,103,,库萝心,4,,,"5,3013019",0,0,"6,6",,,,,,,
10000235,102,,库萝心,5,,,"5,3013019",0,0,"18,18",,,,,,,
10000236,103,,库萝心,6,,,"5,3013019",0,0,"6,6",,,,,,,
10000237,102,,库萝心,7,,,"5,3013019",0,0,"18,18",,,,,,,
10000238,103,,库萝心,8,,,"5,3013019",0,0,"6,6",,,,,,,
10000239,102,,库萝心,9,,,"5,3013019",0,0,"18,18",,,,,,,
10000240,103,,库萝心,10,,,"5,3013019",0,0,"6,6",,,,,,,
10000241,102,,普琳普顿,1,,,"5,3014001",0,0,"18,18",,,,,,,
10000242,103,,普琳普顿,2,,,"5,3014001",0,0,"6,6",,,,,,,
10000243,102,,普琳普顿,3,,,"5,3014001",0,0,"18,18",,,,,,,
10000244,103,,普琳普顿,4,,,"5,3014001",0,0,"6,6",,,,,,,
10000245,102,,普琳普顿,5,,,"5,3014001",0,0,"18,18",,,,,,,
10000246,103,,普琳普顿,6,,,"5,3014001",0,0,"6,6",,,,,,,
10000247,102,,普琳普顿,7,,,"5,3014001",0,0,"18,18",,,,,,,
10000248,103,,普琳普顿,8,,,"5,3014001",0,0,"6,6",,,,,,,
10000249,102,,普琳普顿,9,,,"5,3014001",0,0,"18,18",,,,,,,
10000250,103,,普琳普顿,10,,,"5,3014001",0,0,"6,6",,,,,,,
10000251,102,,弥生,1,,,"5,3014005",0,0,"18,18",,,,,,,
10000252,103,,弥生,2,,,"5,3014005",0,0,"6,6",,,,,,,
10000253,102,,弥生,3,,,"5,3014005",0,0,"18,18",,,,,,,
10000254,103,,弥生,4,,,"5,3014005",0,0,"6,6",,,,,,,
10000255,102,,弥生,5,,,"5,3014005",0,0,"18,18",,,,,,,
10000256,103,,弥生,6,,,"5,3014005",0,0,"6,6",,,,,,,
10000257,102,,弥生,7,,,"5,3014005",0,0,"18,18",,,,,,,
10000258,103,,弥生,8,,,"5,3014005",0,0,"6,6",,,,,,,
10000259,102,,弥生,9,,,"5,3014005",0,0,"18,18",,,,,,,
10000260,103,,弥生,10,,,"5,3014005",0,0,"6,6",,,,,,,
10000261,102,,艾什尔,1,,,"5,3014019",0,0,"18,18",,,,,,,
10000262,103,,艾什尔,2,,,"5,3014019",0,0,"6,6",,,,,,,
10000263,102,,艾什尔,3,,,"5,3014019",0,0,"18,18",,,,,,,
10000264,103,,艾什尔,4,,,"5,3014019",0,0,"6,6",,,,,,,
10000265,102,,艾什尔,5,,,"5,3014019",0,0,"18,18",,,,,,,
10000266,103,,艾什尔,6,,,"5,3014019",0,0,"6,6",,,,,,,
10000267,102,,艾什尔,7,,,"5,3014019",0,0,"18,18",,,,,,,
10000268,103,,艾什尔,8,,,"5,3014019",0,0,"6,6",,,,,,,
10000269,102,,艾什尔,9,,,"5,3014019",0,0,"18,18",,,,,,,
10000270,103,,艾什尔,10,,,"5,3014019",0,0,"6,6",,,,,,,
10000271,102,,阿波菲斯,1,,,"5,3014020",0,0,"18,18",,,,,,,
10000272,103,,阿波菲斯,2,,,"5,3014020",0,0,"6,6",,,,,,,
10000273,102,,阿波菲斯,3,,,"5,3014020",0,0,"18,18",,,,,,,
10000274,103,,阿波菲斯,4,,,"5,3014020",0,0,"6,6",,,,,,,
10000275,102,,阿波菲斯,5,,,"5,3014020",0,0,"18,18",,,,,,,
10000276,103,,阿波菲斯,6,,,"5,3014020",0,0,"6,6",,,,,,,
10000277,102,,阿波菲斯,7,,,"5,3014020",0,0,"18,18",,,,,,,
10000278,103,,阿波菲斯,8,,,"5,3014020",0,0,"6,6",,,,,,,
10000279,102,,阿波菲斯,9,,,"5,3014020",0,0,"18,18",,,,,,,
10000280,103,,阿波菲斯,10,,,"5,3014020",0,0,"6,6",,,,,,,
10000281,102,,纳菲,1,,,"5,3014021",0,0,"18,18",,,,,,,
10000282,103,,纳菲,2,,,"5,3014021",0,0,"6,6",,,,,,,
10000283,102,,纳菲,3,,,"5,3014021",0,0,"18,18",,,,,,,
10000284,103,,纳菲,4,,,"5,3014021",0,0,"6,6",,,,,,,
10000285,102,,纳菲,5,,,"5,3014021",0,0,"18,18",,,,,,,
10000286,103,,纳菲,6,,,"5,3014021",0,0,"6,6",,,,,,,
10000287,102,,纳菲,7,,,"5,3014021",0,0,"18,18",,,,,,,
10000288,103,,纳菲,8,,,"5,3014021",0,0,"6,6",,,,,,,
10000289,102,,纳菲,9,,,"5,3014021",0,0,"18,18",,,,,,,
10000290,103,,纳菲,10,,,"5,3014021",0,0,"6,6",,,,,,,
10000291,102,,丘吉尔,1,,,"5,3014022",0,0,"18,18",,,,,,,
10000292,103,,丘吉尔,2,,,"5,3014022",0,0,"6,6",,,,,,,
10000293,102,,丘吉尔,3,,,"5,3014022",0,0,"18,18",,,,,,,
10000294,103,,丘吉尔,4,,,"5,3014022",0,0,"6,6",,,,,,,
10000295,102,,丘吉尔,5,,,"5,3014022",0,0,"18,18",,,,,,,
10000296,103,,丘吉尔,6,,,"5,3014022",0,0,"6,6",,,,,,,
10000297,102,,丘吉尔,7,,,"5,3014022",0,0,"18,18",,,,,,,
10000298,103,,丘吉尔,8,,,"5,3014022",0,0,"6,6",,,,,,,
10000299,102,,丘吉尔,9,,,"5,3014022",0,0,"18,18",,,,,,,
10000300,103,,丘吉尔,10,,,"5,3014022",0,0,"6,6",,,,,,,
10000301,102,,库萝爱,1,,,"5,3014026",0,0,"18,18",,,,,,,
10000302,103,,库萝爱,2,,,"5,3014026",0,0,"6,6",,,,,,,
10000303,102,,库萝爱,3,,,"5,3014026",0,0,"18,18",,,,,,,
10000304,103,,库萝爱,4,,,"5,3014026",0,0,"6,6",,,,,,,
10000305,102,,库萝爱,5,,,"5,3014026",0,0,"18,18",,,,,,,
10000306,103,,库萝爱,6,,,"5,3014026",0,0,"6,6",,,,,,,
10000307,102,,库萝爱,7,,,"5,3014026",0,0,"18,18",,,,,,,
10000308,103,,库萝爱,8,,,"5,3014026",0,0,"6,6",,,,,,,
10000309,102,,库萝爱,9,,,"5,3014026",0,0,"18,18",,,,,,,
10000310,103,,库萝爱,10,,,"5,3014026",0,0,"6,6",,,,,,,
10000311,102,,贝拉,1,,,"5,3014027",0,0,"18,18",,,,,,,
10000312,103,,贝拉,2,,,"5,3014027",0,0,"6,6",,,,,,,
10000313,102,,贝拉,3,,,"5,3014027",0,0,"18,18",,,,,,,
10000314,103,,贝拉,4,,,"5,3014027",0,0,"6,6",,,,,,,
10000315,102,,贝拉,5,,,"5,3014027",0,0,"18,18",,,,,,,
10000316,103,,贝拉,6,,,"5,3014027",0,0,"6,6",,,,,,,
10000317,102,,贝拉,7,,,"5,3014027",0,0,"18,18",,,,,,,
10000318,103,,贝拉,8,,,"5,3014027",0,0,"6,6",,,,,,,
10000319,102,,贝拉,9,,,"5,3014027",0,0,"18,18",,,,,,,
10000320,103,,贝拉,10,,,"5,3014027",0,0,"6,6",,,,,,,
10000321,102,,卡萝琳,1,,,"5,3016011",0,0,"18,18",,,,,,,
10000322,103,,卡萝琳,2,,,"5,3016011",0,0,"6,6",,,,,,,
10000323,102,,卡萝琳,3,,,"5,3016011",0,0,"18,18",,,,,,,
10000324,103,,卡萝琳,4,,,"5,3016011",0,0,"6,6",,,,,,,
10000325,102,,卡萝琳,5,,,"5,3016011",0,0,"18,18",,,,,,,
10000326,103,,卡萝琳,6,,,"5,3016011",0,0,"6,6",,,,,,,
10000327,102,,卡萝琳,7,,,"5,3016011",0,0,"18,18",,,,,,,
10000328,103,,卡萝琳,8,,,"5,3016011",0,0,"6,6",,,,,,,
10000329,102,,卡萝琳,9,,,"5,3016011",0,0,"18,18",,,,,,,
10000330,103,,卡萝琳,10,,,"5,3016011",0,0,"6,6",,,,,,,
10000331,102,,罗莎莉,1,,,"5,3016017",0,0,"18,18",,,,,,,
10000332,103,,罗莎莉,2,,,"5,3016017",0,0,"6,6",,,,,,,
10000333,102,,罗莎莉,3,,,"5,3016017",0,0,"18,18",,,,,,,
10000334,103,,罗莎莉,4,,,"5,3016017",0,0,"6,6",,,,,,,
10000335,102,,罗莎莉,5,,,"5,3016017",0,0,"18,18",,,,,,,
10000336,103,,罗莎莉,6,,,"5,3016017",0,0,"6,6",,,,,,,
10000337,102,,罗莎莉,7,,,"5,3016017",0,0,"18,18",,,,,,,
10000338,103,,罗莎莉,8,,,"5,3016017",0,0,"6,6",,,,,,,
10000339,102,,罗莎莉,9,,,"5,3016017",0,0,"18,18",,,,,,,
10000340,103,,罗莎莉,10,,,"5,3016017",0,0,"6,6",,,,,,,
10000341,102,,贝卡丝,1,,,"5,3016068",0,0,"18,18",,,,,,,
10000342,103,,贝卡丝,2,,,"5,3016068",0,0,"6,6",,,,,,,
10000343,102,,贝卡丝,3,,,"5,3016068",0,0,"18,18",,,,,,,
10000344,103,,贝卡丝,4,,,"5,3016068",0,0,"6,6",,,,,,,
10000345,102,,贝卡丝,5,,,"5,3016068",0,0,"18,18",,,,,,,
10000346,103,,贝卡丝,6,,,"5,3016068",0,0,"6,6",,,,,,,
10000347,102,,贝卡丝,7,,,"5,3016068",0,0,"18,18",,,,,,,
10000348,103,,贝卡丝,8,,,"5,3016068",0,0,"6,6",,,,,,,
10000349,102,,贝卡丝,9,,,"5,3016068",0,0,"18,18",,,,,,,
10000350,103,,贝卡丝,10,,,"5,3016068",0,0,"6,6",,,,,,,
10000351,102,,神光,1,,,"5,3014023",0,0,"20,20",,,,,,,
10000352,103,,神光,2,,,"5,3014023",0,0,"8,8",,,,,,,
10000353,102,,神光,3,,,"5,3014023",0,0,"20,20",,,,,,,
10000354,103,,神光,4,,,"5,3014023",0,0,"8,8",,,,,,,
10000355,102,,神光,5,,,"5,3014023",0,0,"20,20",,,,,,,
10000356,103,,神光,6,,,"5,3014023",0,0,"8,8",,,,,,,
10000357,102,,神光,7,,,"5,3014023",0,0,"20,20",,,,,,,
10000358,103,,神光,8,,,"5,3014023",0,0,"8,8",,,,,,,
10000359,102,,神光,9,,,"5,3014023",0,0,"20,20",,,,,,,
10000360,103,,神光,10,,,"5,3014023",0,0,"8,8",,,,,,,
10000361,102,,雷雷,1,,,"5,3014024",0,0,"20,20",,,,,,,
10000362,103,,雷雷,2,,,"5,3014024",0,0,"8,8",,,,,,,
10000363,102,,雷雷,3,,,"5,3014024",0,0,"20,20",,,,,,,
10000364,103,,雷雷,4,,,"5,3014024",0,0,"8,8",,,,,,,
10000365,102,,雷雷,5,,,"5,3014024",0,0,"20,20",,,,,,,
10000366,103,,雷雷,6,,,"5,3014024",0,0,"8,8",,,,,,,
10000367,102,,雷雷,7,,,"5,3014024",0,0,"20,20",,,,,,,
10000368,103,,雷雷,8,,,"5,3014024",0,0,"8,8",,,,,,,
10000369,102,,雷雷,9,,,"5,3014024",0,0,"20,20",,,,,,,
10000370,103,,雷雷,10,,,"5,3014024",0,0,"8,8",,,,,,,
10000371,102,,安普莎,1,,,"5,3014025",0,0,"20,20",,,,,,,
10000372,103,,安普莎,2,,,"5,3014025",0,0,"8,8",,,,,,,
10000373,102,,安普莎,3,,,"5,3014025",0,0,"20,20",,,,,,,
10000374,103,,安普莎,4,,,"5,3014025",0,0,"8,8",,,,,,,
10000375,102,,安普莎,5,,,"5,3014025",0,0,"20,20",,,,,,,
10000376,103,,安普莎,6,,,"5,3014025",0,0,"8,8",,,,,,,
10000377,102,,安普莎,7,,,"5,3014025",0,0,"20,20",,,,,,,
10000378,103,,安普莎,8,,,"5,3014025",0,0,"8,8",,,,,,,
10000379,102,,安普莎,9,,,"5,3014025",0,0,"20,20",,,,,,,
10000380,103,,安普莎,10,,,"5,3014025",0,0,"8,8",,,,,,,
10000381,102,,贝儿,1,,,"5,3014029",0,0,"20,20",,,,,,,
10000382,103,,贝儿,2,,,"5,3014029",0,0,"8,8",,,,,,,
10000383,102,,贝儿,3,,,"5,3014029",0,0,"20,20",,,,,,,
10000384,103,,贝儿,4,,,"5,3014029",0,0,"8,8",,,,,,,
10000385,102,,贝儿,5,,,"5,3014029",0,0,"20,20",,,,,,,
10000386,103,,贝儿,6,,,"5,3014029",0,0,"8,8",,,,,,,
10000387,102,,贝儿,7,,,"5,3014029",0,0,"20,20",,,,,,,
10000388,103,,贝儿,8,,,"5,3014029",0,0,"8,8",,,,,,,
10000389,102,,贝儿,9,,,"5,3014029",0,0,"20,20",,,,,,,
10000390,103,,贝儿,10,,,"5,3014029",0,0,"8,8",,,,,,,
10000391,102,,安娜,1,,,"5,3014030",0,0,"20,20",,,,,,,
10000392,103,,安娜,2,,,"5,3014030",0,0,"8,8",,,,,,,
10000393,102,,安娜,3,,,"5,3014030",0,0,"20,20",,,,,,,
10000394,103,,安娜,4,,,"5,3014030",0,0,"8,8",,,,,,,
10000395,102,,安娜,5,,,"5,3014030",0,0,"20,20",,,,,,,
10000396,103,,安娜,6,,,"5,3014030",0,0,"8,8",,,,,,,
10000397,102,,安娜,7,,,"5,3014030",0,0,"20,20",,,,,,,
10000398,103,,安娜,8,,,"5,3014030",0,0,"8,8",,,,,,,
10000399,102,,安娜,9,,,"5,3014030",0,0,"20,20",,,,,,,
10000400,103,,安娜,10,,,"5,3014030",0,0,"8,8",,,,,,,
10000401,102,,伊拉,1,,,"5,3014031",0,0,"20,20",,,,,,,
10000402,103,,伊拉,2,,,"5,3014031",0,0,"8,8",,,,,,,
10000403,102,,伊拉,3,,,"5,3014031",0,0,"20,20",,,,,,,
10000404,103,,伊拉,4,,,"5,3014031",0,0,"8,8",,,,,,,
10000405,102,,伊拉,5,,,"5,3014031",0,0,"20,20",,,,,,,
10000406,103,,伊拉,6,,,"5,3014031",0,0,"8,8",,,,,,,
10000407,102,,伊拉,7,,,"5,3014031",0,0,"20,20",,,,,,,
10000408,103,,伊拉,8,,,"5,3014031",0,0,"8,8",,,,,,,
10000409,102,,伊拉,9,,,"5,3014031",0,0,"20,20",,,,,,,
10000410,103,,伊拉,10,,,"5,3014031",0,0,"8,8",,,,,,,
10000411,102,,丹妮,1,,,"5,3015002",0,0,"20,20",,,,,,,
10000412,103,,丹妮,2,,,"5,3015002",0,0,"8,8",,,,,,,
10000413,102,,丹妮,3,,,"5,3015002",0,0,"20,20",,,,,,,
10000414,103,,丹妮,4,,,"5,3015002",0,0,"8,8",,,,,,,
10000415,102,,丹妮,5,,,"5,3015002",0,0,"20,20",,,,,,,
10000416,103,,丹妮,6,,,"5,3015002",0,0,"8,8",,,,,,,
10000417,102,,丹妮,7,,,"5,3015002",0,0,"20,20",,,,,,,
10000418,103,,丹妮,8,,,"5,3015002",0,0,"8,8",,,,,,,
10000419,102,,丹妮,9,,,"5,3015002",0,0,"20,20",,,,,,,
10000420,103,,丹妮,10,,,"5,3015002",0,0,"8,8",,,,,,,
10000421,102,,耶坦尼娅,1,,,"5,3015004",0,0,"20,20",,,,,,,
10000422,103,,耶坦尼娅,2,,,"5,3015004",0,0,"8,8",,,,,,,
10000423,102,,耶坦尼娅,3,,,"5,3015004",0,0,"20,20",,,,,,,
10000424,103,,耶坦尼娅,4,,,"5,3015004",0,0,"8,8",,,,,,,
10000425,102,,耶坦尼娅,5,,,"5,3015004",0,0,"20,20",,,,,,,
10000426,103,,耶坦尼娅,6,,,"5,3015004",0,0,"8,8",,,,,,,
10000427,102,,耶坦尼娅,7,,,"5,3015004",0,0,"20,20",,,,,,,
10000428,103,,耶坦尼娅,8,,,"5,3015004",0,0,"8,8",,,,,,,
10000429,102,,耶坦尼娅,9,,,"5,3015004",0,0,"20,20",,,,,,,
10000430,103,,耶坦尼娅,10,,,"5,3015004",0,0,"8,8",,,,,,,
10000431,102,,希夕莉,1,,,"5,3015006",0,0,"20,20",,,,,,,
10000432,103,,希夕莉,2,,,"5,3015006",0,0,"8,8",,,,,,,
10000433,102,,希夕莉,3,,,"5,3015006",0,0,"20,20",,,,,,,
10000434,103,,希夕莉,4,,,"5,3015006",0,0,"8,8",,,,,,,
10000435,102,,希夕莉,5,,,"5,3015006",0,0,"20,20",,,,,,,
10000436,103,,希夕莉,6,,,"5,3015006",0,0,"8,8",,,,,,,
10000437,102,,希夕莉,7,,,"5,3015006",0,0,"20,20",,,,,,,
10000438,103,,希夕莉,8,,,"5,3015006",0,0,"8,8",,,,,,,
10000439,102,,希夕莉,9,,,"5,3015006",0,0,"20,20",,,,,,,
10000440,103,,希夕莉,10,,,"5,3015006",0,0,"8,8",,,,,,,
10000441,102,,萨拉,1,,,"5,3015007",0,0,"20,20",,,,,,,
10000442,103,,萨拉,2,,,"5,3015007",0,0,"8,8",,,,,,,
10000443,102,,萨拉,3,,,"5,3015007",0,0,"20,20",,,,,,,
10000444,103,,萨拉,4,,,"5,3015007",0,0,"8,8",,,,,,,
10000445,102,,萨拉,5,,,"5,3015007",0,0,"20,20",,,,,,,
10000446,103,,萨拉,6,,,"5,3015007",0,0,"8,8",,,,,,,
10000447,102,,萨拉,7,,,"5,3015007",0,0,"20,20",,,,,,,
10000448,103,,萨拉,8,,,"5,3015007",0,0,"8,8",,,,,,,
10000449,102,,萨拉,9,,,"5,3015007",0,0,"20,20",,,,,,,
10000450,103,,萨拉,10,,,"5,3015007",0,0,"8,8",,,,,,,
10000451,102,,牧,1,,,"5,3015008",0,0,"20,20",,,,,,,
10000452,103,,牧,2,,,"5,3015008",0,0,"8,8",,,,,,,
10000453,102,,牧,3,,,"5,3015008",0,0,"20,20",,,,,,,
10000454,103,,牧,4,,,"5,3015008",0,0,"8,8",,,,,,,
10000455,102,,牧,5,,,"5,3015008",0,0,"20,20",,,,,,,
10000456,103,,牧,6,,,"5,3015008",0,0,"8,8",,,,,,,
10000457,102,,牧,7,,,"5,3015008",0,0,"20,20",,,,,,,
10000458,103,,牧,8,,,"5,3015008",0,0,"8,8",,,,,,,
10000459,102,,牧,9,,,"5,3015008",0,0,"20,20",,,,,,,
10000460,103,,牧,10,,,"5,3015008",0,0,"8,8",,,,,,,
10000461,102,,吉拉蒂亚,1,,,"5,3016009",0,0,"20,20",,,,,,,
10000462,103,,吉拉蒂亚,2,,,"5,3016009",0,0,"8,8",,,,,,,
10000463,102,,吉拉蒂亚,3,,,"5,3016009",0,0,"20,20",,,,,,,
10000464,103,,吉拉蒂亚,4,,,"5,3016009",0,0,"8,8",,,,,,,
10000465,102,,吉拉蒂亚,5,,,"5,3016009",0,0,"20,20",,,,,,,
10000466,103,,吉拉蒂亚,6,,,"5,3016009",0,0,"8,8",,,,,,,
10000467,102,,吉拉蒂亚,7,,,"5,3016009",0,0,"20,20",,,,,,,
10000468,103,,吉拉蒂亚,8,,,"5,3016009",0,0,"8,8",,,,,,,
10000469,102,,吉拉蒂亚,9,,,"5,3016009",0,0,"20,20",,,,,,,
10000470,103,,吉拉蒂亚,10,,,"5,3016009",0,0,"8,8",,,,,,,
10000471,102,,克尔苏娜,1,,,"5,3016013",0,0,"20,20",,,,,,,
10000472,103,,克尔苏娜,2,,,"5,3016013",0,0,"8,8",,,,,,,
10000473,102,,克尔苏娜,3,,,"5,3016013",0,0,"20,20",,,,,,,
10000474,103,,克尔苏娜,4,,,"5,3016013",0,0,"8,8",,,,,,,
10000475,102,,克尔苏娜,5,,,"5,3016013",0,0,"20,20",,,,,,,
10000476,103,,克尔苏娜,6,,,"5,3016013",0,0,"8,8",,,,,,,
10000477,102,,克尔苏娜,7,,,"5,3016013",0,0,"20,20",,,,,,,
10000478,103,,克尔苏娜,8,,,"5,3016013",0,0,"8,8",,,,,,,
10000479,102,,克尔苏娜,9,,,"5,3016013",0,0,"20,20",,,,,,,
10000480,103,,克尔苏娜,10,,,"5,3016013",0,0,"8,8",,,,,,,
10000481,102,,小闪,1,,,"5,3016031",0,0,"20,20",,,,,,,
10000482,103,,小闪,2,,,"5,3016031",0,0,"8,8",,,,,,,
10000483,102,,小闪,3,,,"5,3016031",0,0,"20,20",,,,,,,
10000484,103,,小闪,4,,,"5,3016031",0,0,"8,8",,,,,,,
10000485,102,,小闪,5,,,"5,3016031",0,0,"20,20",,,,,,,
10000486,103,,小闪,6,,,"5,3016031",0,0,"8,8",,,,,,,
10000487,102,,小闪,7,,,"5,3016031",0,0,"20,20",,,,,,,
10000488,103,,小闪,8,,,"5,3016031",0,0,"8,8",,,,,,,
10000489,102,,小闪,9,,,"5,3016031",0,0,"20,20",,,,,,,
10000490,103,,小闪,10,,,"5,3016031",0,0,"8,8",,,,,,,
10000491,102,,昔莱,1,,,"5,3016078",0,0,"20,20",,,,,,,
10000492,103,,昔莱,2,,,"5,3016078",0,0,"8,8",,,,,,,
10000493,102,,昔莱,3,,,"5,3016078",0,0,"20,20",,,,,,,
10000494,103,,昔莱,4,,,"5,3016078",0,0,"8,8",,,,,,,
10000495,102,,昔莱,5,,,"5,3016078",0,0,"20,20",,,,,,,
10000496,103,,昔莱,6,,,"5,3016078",0,0,"8,8",,,,,,,
10000497,102,,昔莱,7,,,"5,3016078",0,0,"20,20",,,,,,,
10000498,103,,昔莱,8,,,"5,3016078",0,0,"8,8",,,,,,,
10000499,102,,昔莱,9,,,"5,3016078",0,0,"20,20",,,,,,,
10000500,103,,昔莱,10,,,"5,3016078",0,0,"8,8",,,,,,,
10000501,102,,伊卡洛斯,1,,,"5,3016130",0,0,"20,20",,,,,,,
10000502,103,,伊卡洛斯,2,,,"5,3016130",0,0,"8,8",,,,,,,
10000503,102,,伊卡洛斯,3,,,"5,3016130",0,0,"20,20",,,,,,,
10000504,103,,伊卡洛斯,4,,,"5,3016130",0,0,"8,8",,,,,,,
10000505,102,,伊卡洛斯,5,,,"5,3016130",0,0,"20,20",,,,,,,
10000506,103,,伊卡洛斯,6,,,"5,3016130",0,0,"8,8",,,,,,,
10000507,102,,伊卡洛斯,7,,,"5,3016130",0,0,"20,20",,,,,,,
10000508,103,,伊卡洛斯,8,,,"5,3016130",0,0,"8,8",,,,,,,
10000509,102,,伊卡洛斯,9,,,"5,3016130",0,0,"20,20",,,,,,,
10000510,103,,伊卡洛斯,10,,,"5,3016130",0,0,"8,8",,,,,,,
10000511,102,,异邦波斯菊,1,,,"5,3016187",0,0,"20,20",,,,,,,
10000512,103,,异邦波斯菊,2,,,"5,3016187",0,0,"8,8",,,,,,,
10000513,102,,异邦波斯菊,3,,,"5,3016187",0,0,"20,20",,,,,,,
10000514,103,,异邦波斯菊,4,,,"5,3016187",0,0,"8,8",,,,,,,
10000515,102,,异邦波斯菊,5,,,"5,3016187",0,0,"20,20",,,,,,,
10000516,103,,异邦波斯菊,6,,,"5,3016187",0,0,"8,8",,,,,,,
10000517,102,,异邦波斯菊,7,,,"5,3016187",0,0,"20,20",,,,,,,
10000518,103,,异邦波斯菊,8,,,"5,3016187",0,0,"8,8",,,,,,,
10000519,102,,异邦波斯菊,9,,,"5,3016187",0,0,"20,20",,,,,,,
10000520,103,,异邦波斯菊,10,,,"5,3016187",0,0,"8,8",,,,,,,
10000521,102,,桃,1,,,"5,3014009",0,0,"20,20",,,,,,,
10000522,103,,桃,2,,,"5,3014009",0,0,"8,8",,,,,,,
10000523,102,,桃,3,,,"5,3014009",0,0,"20,20",,,,,,,
10000524,103,,桃,4,,,"5,3014009",0,0,"8,8",,,,,,,
10000525,102,,桃,5,,,"5,3014009",0,0,"20,20",,,,,,,
10000526,103,,桃,6,,,"5,3014009",0,0,"8,8",,,,,,,
10000527,102,,桃,7,,,"5,3014009",0,0,"20,20",,,,,,,
10000528,103,,桃,8,,,"5,3014009",0,0,"8,8",,,,,,,
10000529,102,,桃,9,,,"5,3014009",0,0,"20,20",,,,,,,
10000530,103,,桃,10,,,"5,3014009",0,0,"8,8",,,,,,,
10000531,102,,塞蕾丝蒂娜,1,,,"5,3016024",0,0,"20,20",,,,,,,
10000532,103,,塞蕾丝蒂娜,2,,,"5,3016024",0,0,"8,8",,,,,,,
10000533,102,,塞蕾丝蒂娜,3,,,"5,3016024",0,0,"20,20",,,,,,,
10000534,103,,塞蕾丝蒂娜,4,,,"5,3016024",0,0,"8,8",,,,,,,
10000535,102,,塞蕾丝蒂娜,5,,,"5,3016024",0,0,"20,20",,,,,,,
10000536,103,,塞蕾丝蒂娜,6,,,"5,3016024",0,0,"8,8",,,,,,,
10000537,102,,塞蕾丝蒂娜,7,,,"5,3016024",0,0,"20,20",,,,,,,
10000538,103,,塞蕾丝蒂娜,8,,,"5,3016024",0,0,"8,8",,,,,,,
10000539,102,,塞蕾丝蒂娜,9,,,"5,3016024",0,0,"20,20",,,,,,,
10000540,103,,塞蕾丝蒂娜,10,,,"5,3016024",0,0,"8,8",,,,,,,
10000541,102,,贝卡丝,1,,,"5,3016068",0,0,"18,18",,,,,,,
10000542,103,,贝卡丝,2,,,"5,3016068",0,0,"6,6",,,,,,,
10000543,102,,贝卡丝,3,,,"5,3016068",0,0,"18,18",,,,,,,
10000544,103,,贝卡丝,4,,,"5,3016068",0,0,"6,6",,,,,,,
10000545,102,,贝卡丝,5,,,"5,3016068",0,0,"18,18",,,,,,,
10000546,103,,贝卡丝,6,,,"5,3016068",0,0,"6,6",,,,,,,
10000547,102,,贝卡丝,7,,,"5,3016068",0,0,"18,18",,,,,,,
10000548,103,,贝卡丝,8,,,"5,3016068",0,0,"6,6",,,,,,,
10000549,102,,贝卡丝,9,,,"5,3016068",0,0,"18,18",,,,,,,
10000550,103,,贝卡丝,10,,,"5,3016068",0,0,"6,6",,,,,,,
10000551,102,,瑞比娅,1,,,"5,3016010",0,0,"20,20",,,,,,,
10000552,103,,瑞比娅,2,,,"5,3016010",0,0,"8,8",,,,,,,
10000553,102,,瑞比娅,3,,,"5,3016010",0,0,"20,20",,,,,,,
10000554,103,,瑞比娅,4,,,"5,3016010",0,0,"8,8",,,,,,,
10000555,102,,瑞比娅,5,,,"5,3016010",0,0,"20,20",,,,,,,
10000556,103,,瑞比娅,6,,,"5,3016010",0,0,"8,8",,,,,,,
10000557,102,,瑞比娅,7,,,"5,3016010",0,0,"20,20",,,,,,,
10000558,103,,瑞比娅,8,,,"5,3016010",0,0,"8,8",,,,,,,
10000559,102,,瑞比娅,9,,,"5,3016010",0,0,"20,20",,,,,,,
10000560,103,,瑞比娅,10,,,"5,3016010",0,0,"8,8",,,,,,,
10000561,102,,奈奥米,1,,,"5,3016020",0,0,"20,20",,,,,,,
10000562,103,,奈奥米,2,,,"5,3016020",0,0,"8,8",,,,,,,
10000563,102,,奈奥米,3,,,"5,3016020",0,0,"20,20",,,,,,,
10000564,103,,奈奥米,4,,,"5,3016020",0,0,"8,8",,,,,,,
10000565,102,,奈奥米,5,,,"5,3016020",0,0,"20,20",,,,,,,
10000566,103,,奈奥米,6,,,"5,3016020",0,0,"8,8",,,,,,,
10000567,102,,奈奥米,7,,,"5,3016020",0,0,"20,20",,,,,,,
10000568,103,,奈奥米,8,,,"5,3016020",0,0,"8,8",,,,,,,
10000569,102,,奈奥米,9,,,"5,3016020",0,0,"20,20",,,,,,,
10000570,103,,奈奥米,10,,,"5,3016020",0,0,"8,8",,,,,,,
10000571,102,,艾琳娜,1,,,"5,3016049",0,0,"20,20",,,,,,,
10000572,103,,艾琳娜,2,,,"5,3016049",0,0,"8,8",,,,,,,
10000573,102,,艾琳娜,3,,,"5,3016049",0,0,"20,20",,,,,,,
10000574,103,,艾琳娜,4,,,"5,3016049",0,0,"8,8",,,,,,,
10000575,102,,艾琳娜,5,,,"5,3016049",0,0,"20,20",,,,,,,
10000576,103,,艾琳娜,6,,,"5,3016049",0,0,"8,8",,,,,,,
10000577,102,,艾琳娜,7,,,"5,3016049",0,0,"20,20",,,,,,,
10000578,103,,艾琳娜,8,,,"5,3016049",0,0,"8,8",,,,,,,
10000579,102,,艾琳娜,9,,,"5,3016049",0,0,"20,20",,,,,,,
10000580,103,,艾琳娜,10,,,"5,3016049",0,0,"8,8",,,,,,,
10000581,102,,艾斯塔利亚,1,,,"5,3014011",0,0,"20,20",,,,,,,
10000582,103,,艾斯塔利亚,2,,,"5,3014011",0,0,"8,8",,,,,,,
10000583,102,,艾斯塔利亚,3,,,"5,3014011",0,0,"20,20",,,,,,,
10000584,103,,艾斯塔利亚,4,,,"5,3014011",0,0,"8,8",,,,,,,
10000585,102,,艾斯塔利亚,5,,,"5,3014011",0,0,"20,20",,,,,,,
10000586,103,,艾斯塔利亚,6,,,"5,3014011",0,0,"8,8",,,,,,,
10000587,102,,艾斯塔利亚,7,,,"5,3014011",0,0,"20,20",,,,,,,
10000588,103,,艾斯塔利亚,8,,,"5,3014011",0,0,"8,8",,,,,,,
10000589,102,,艾斯塔利亚,9,,,"5,3014011",0,0,"20,20",,,,,,,
10000590,103,,艾斯塔利亚,10,,,"5,3014011",0,0,"8,8",,,,,,,
10000591,102,,极焰,1,,,"5,3016188",0,0,"20,20",,,,,,,
10000592,103,,极焰,2,,,"5,3016188",0,0,"8,8",,,,,,,
10000593,102,,极焰,3,,,"5,3016188",0,0,"20,20",,,,,,,
10000594,103,,极焰,4,,,"5,3016188",0,0,"8,8",,,,,,,
10000595,102,,极焰,5,,,"5,3016188",0,0,"20,20",,,,,,,
10000596,103,,极焰,6,,,"5,3016188",0,0,"8,8",,,,,,,
10000597,102,,极焰,7,,,"5,3016188",0,0,"20,20",,,,,,,
10000598,103,,极焰,8,,,"5,3016188",0,0,"8,8",,,,,,,
10000599,102,,极焰,9,,,"5,3016188",0,0,"20,20",,,,,,,
10000600,103,,极焰,10,,,"5,3016188",0,0,"8,8",,,,,,,
10000601,102,,黛比,1,,,"5,3014002",0,0,"18,18",,,,,,,
10000602,103,,黛比,2,,,"5,3014002",0,0,"6,6",,,,,,,
10000603,102,,黛比,3,,,"5,3014002",0,0,"18,18",,,,,,,
10000604,103,,黛比,4,,,"5,3014002",0,0,"6,6",,,,,,,
10000605,102,,黛比,5,,,"5,3014002",0,0,"18,18",,,,,,,
10000606,103,,黛比,6,,,"5,3014002",0,0,"6,6",,,,,,,
10000607,102,,黛比,7,,,"5,3014002",0,0,"18,18",,,,,,,
10000608,103,,黛比,8,,,"5,3014002",0,0,"6,6",,,,,,,
10000609,102,,黛比,9,,,"5,3014002",0,0,"18,18",,,,,,,
10000610,103,,黛比,10,,,"5,3014002",0,0,"6,6",,,,,,,
10000611,102,,露易丝,1,,,"5,3016016",0,0,"20,20",,,,,,,
10000612,103,,露易丝,2,,,"5,3016016",0,0,"8,8",,,,,,,
10000613,102,,露易丝,3,,,"5,3016016",0,0,"20,20",,,,,,,
10000614,103,,露易丝,4,,,"5,3016016",0,0,"8,8",,,,,,,
10000615,102,,露易丝,5,,,"5,3016016",0,0,"20,20",,,,,,,
10000616,103,,露易丝,6,,,"5,3016016",0,0,"8,8",,,,,,,
10000617,102,,露易丝,7,,,"5,3016016",0,0,"20,20",,,,,,,
10000618,103,,露易丝,8,,,"5,3016016",0,0,"8,8",,,,,,,
10000619,102,,露易丝,9,,,"5,3016016",0,0,"20,20",,,,,,,
10000620,103,,露易丝,10,,,"5,3016016",0,0,"8,8",,,,,,,
10000621,102,,恋花,1,,,"5,3014006",0,0,"20,20",,,,,,,
10000622,103,,恋花,2,,,"5,3014006",0,0,"8,8",,,,,,,
10000623,102,,恋花,3,,,"5,3014006",0,0,"20,20",,,,,,,
10000624,103,,恋花,4,,,"5,3014006",0,0,"8,8",,,,,,,
10000625,102,,恋花,5,,,"5,3014006",0,0,"20,20",,,,,,,
10000626,103,,恋花,6,,,"5,3014006",0,0,"8,8",,,,,,,
10000627,102,,恋花,7,,,"5,3014006",0,0,"20,20",,,,,,,
10000628,103,,恋花,8,,,"5,3014006",0,0,"8,8",,,,,,,
10000629,102,,恋花,9,,,"5,3014006",0,0,"20,20",,,,,,,
10000630,103,,恋花,10,,,"5,3014006",0,0,"8,8",,,,,,,
10000631,102,,花梨,1,,,"5,3014017",0,0,"20,20",,,,,,,
10000632,103,,花梨,2,,,"5,3014017",0,0,"8,8",,,,,,,
10000633,102,,花梨,3,,,"5,3014017",0,0,"20,20",,,,,,,
10000634,103,,花梨,4,,,"5,3014017",0,0,"8,8",,,,,,,
10000635,102,,花梨,5,,,"5,3014017",0,0,"20,20",,,,,,,
10000636,103,,花梨,6,,,"5,3014017",0,0,"8,8",,,,,,,
10000637,102,,花梨,7,,,"5,3014017",0,0,"20,20",,,,,,,
10000638,103,,花梨,8,,,"5,3014017",0,0,"8,8",,,,,,,
10000639,102,,花梨,9,,,"5,3014017",0,0,"20,20",,,,,,,
10000640,103,,花梨,10,,,"5,3014017",0,0,"8,8",,,,,,,
10000641,102,,菲尔盖娜,1,,,"5,3013013",0,0,"20,20",,,,,,,
10000642,103,,菲尔盖娜,2,,,"5,3013013",0,0,"8,8",,,,,,,
10000643,102,,菲尔盖娜,3,,,"5,3013013",0,0,"20,20",,,,,,,
10000644,103,,菲尔盖娜,4,,,"5,3013013",0,0,"8,8",,,,,,,
10000645,102,,菲尔盖娜,5,,,"5,3013013",0,0,"20,20",,,,,,,
10000646,103,,菲尔盖娜,6,,,"5,3013013",0,0,"8,8",,,,,,,
10000647,102,,菲尔盖娜,7,,,"5,3013013",0,0,"20,20",,,,,,,
10000648,103,,菲尔盖娜,8,,,"5,3013013",0,0,"8,8",,,,,,,
10000649,102,,菲尔盖娜,9,,,"5,3013013",0,0,"20,20",,,,,,,
10000650,103,,菲尔盖娜,10,,,"5,3013013",0,0,"8,8",,,,,,,
10000651,102,,诺维雅,1,,,"5,3015001",0,0,"20,20",,,,,,,
10000652,103,,诺维雅,2,,,"5,3015001",0,0,"8,8",,,,,,,
10000653,102,,诺维雅,3,,,"5,3015001",0,0,"20,20",,,,,,,
10000654,103,,诺维雅,4,,,"5,3015001",0,0,"8,8",,,,,,,
10000655,102,,诺维雅,5,,,"5,3015001",0,0,"20,20",,,,,,,
10000656,103,,诺维雅,6,,,"5,3015001",0,0,"8,8",,,,,,,
10000657,102,,诺维雅,7,,,"5,3015001",0,0,"20,20",,,,,,,
10000658,103,,诺维雅,8,,,"5,3015001",0,0,"8,8",,,,,,,
10000659,102,,诺维雅,9,,,"5,3015001",0,0,"20,20",,,,,,,
10000660,103,,诺维雅,10,,,"5,3015001",0,0,"8,8",,,,,,,
10000661,102,,雪泉,1,,,"5,3017001",0,0,"20,20",,,,,,,
10000662,103,,雪泉,2,,,"5,3017001",0,0,"8,8",,,,,,,
10000663,102,,雪泉,3,,,"5,3017001",0,0,"20,20",,,,,,,
10000664,103,,雪泉,4,,,"5,3017001",0,0,"8,8",,,,,,,
10000665,102,,雪泉,5,,,"5,3017001",0,0,"20,20",,,,,,,
10000666,103,,雪泉,6,,,"5,3017001",0,0,"8,8",,,,,,,
10000667,102,,雪泉,7,,,"5,3017001",0,0,"20,20",,,,,,,
10000668,103,,雪泉,8,,,"5,3017001",0,0,"8,8",,,,,,,
10000669,102,,雪泉,9,,,"5,3017001",0,0,"20,20",,,,,,,
10000670,103,,雪泉,10,,,"5,3017001",0,0,"8,8",,,,,,,
10000671,102,,雪不归,1,,,"5,3017002",0,0,"20,20",,,,,,,
10000672,103,,雪不归,2,,,"5,3017002",0,0,"8,8",,,,,,,
10000673,102,,雪不归,3,,,"5,3017002",0,0,"20,20",,,,,,,
10000674,103,,雪不归,4,,,"5,3017002",0,0,"8,8",,,,,,,
10000675,102,,雪不归,5,,,"5,3017002",0,0,"20,20",,,,,,,
10000676,103,,雪不归,6,,,"5,3017002",0,0,"8,8",,,,,,,
10000677,102,,雪不归,7,,,"5,3017002",0,0,"20,20",,,,,,,
10000678,103,,雪不归,8,,,"5,3017002",0,0,"8,8",,,,,,,
10000679,102,,雪不归,9,,,"5,3017002",0,0,"20,20",,,,,,,
10000680,103,,雪不归,10,,,"5,3017002",0,0,"8,8",,,,,,,
10000681,102,,杜达·戴维,1,,,"5,3016119",0,0,"20,20",,,,,,,
10000682,103,,杜达·戴维,2,,,"5,3016119",0,0,"8,8",,,,,,,
10000683,102,,杜达·戴维,3,,,"5,3016119",0,0,"20,20",,,,,,,
10000684,103,,杜达·戴维,4,,,"5,3016119",0,0,"8,8",,,,,,,
10000685,102,,杜达·戴维,5,,,"5,3016119",0,0,"20,20",,,,,,,
10000686,103,,杜达·戴维,6,,,"5,3016119",0,0,"8,8",,,,,,,
10000687,102,,杜达·戴维,7,,,"5,3016119",0,0,"20,20",,,,,,,
10000688,103,,杜达·戴维,8,,,"5,3016119",0,0,"8,8",,,,,,,
10000689,102,,杜达·戴维,9,,,"5,3016119",0,0,"20,20",,,,,,,
10000690,103,,杜达·戴维,10,,,"5,3016119",0,0,"8,8",,,,,,,
10000691,102,,塔嘉娜,1,,,"5,3016189",0,0,"20,20",,,,,,,
10000692,103,,塔嘉娜,2,,,"5,3016189",0,0,"8,8",,,,,,,
10000693,102,,塔嘉娜,3,,,"5,3016189",0,0,"20,20",,,,,,,
10000694,103,,塔嘉娜,4,,,"5,3016189",0,0,"8,8",,,,,,,
10000695,102,,塔嘉娜,5,,,"5,3016189",0,0,"20,20",,,,,,,
10000696,103,,塔嘉娜,6,,,"5,3016189",0,0,"8,8",,,,,,,
10000697,102,,塔嘉娜,7,,,"5,3016189",0,0,"20,20",,,,,,,
10000698,103,,塔嘉娜,8,,,"5,3016189",0,0,"8,8",,,,,,,
10000699,102,,塔嘉娜,9,,,"5,3016189",0,0,"20,20",,,,,,,
10000700,103,,塔嘉娜,10,,,"5,3016189",0,0,"8,8",,,,,,,
10000701,102,,卡洛蒂,1,,,"5,3014028",0,0,"20,20",,,,,,,
10000702,103,,卡洛蒂,2,,,"5,3014028",0,0,"8,8",,,,,,,
10000703,102,,卡洛蒂,3,,,"5,3014028",0,0,"20,20",,,,,,,
10000704,103,,卡洛蒂,4,,,"5,3014028",0,0,"8,8",,,,,,,
10000705,102,,卡洛蒂,5,,,"5,3014028",0,0,"20,20",,,,,,,
10000706,103,,卡洛蒂,6,,,"5,3014028",0,0,"8,8",,,,,,,
10000707,102,,卡洛蒂,7,,,"5,3014028",0,0,"20,20",,,,,,,
10000708,103,,卡洛蒂,8,,,"5,3014028",0,0,"8,8",,,,,,,
10000709,102,,卡洛蒂,9,,,"5,3014028",0,0,"20,20",,,,,,,
10000710,103,,卡洛蒂,10,,,"5,3014028",0,0,"8,8",,,,,,,
10000711,102,,黑音,1,,,"5,3013011",0,0,"20,20",,,,,,,
10000712,103,,黑音,2,,,"5,3013011",0,0,"8,8",,,,,,,
10000713,102,,黑音,3,,,"5,3013011",0,0,"20,20",,,,,,,
10000714,103,,黑音,4,,,"5,3013011",0,0,"8,8",,,,,,,
10000715,102,,黑音,5,,,"5,3013011",0,0,"20,20",,,,,,,
10000716,103,,黑音,6,,,"5,3013011",0,0,"8,8",,,,,,,
10000717,102,,黑音,7,,,"5,3013011",0,0,"20,20",,,,,,,
10000718,103,,黑音,8,,,"5,3013011",0,0,"8,8",,,,,,,
10000719,102,,黑音,9,,,"5,3013011",0,0,"20,20",,,,,,,
10000720,103,,黑音,10,,,"5,3013011",0,0,"8,8",,,,,,,
10000721,102,,白夜,1,,,"5,3013012",0,0,"20,20",,,,,,,
10000722,103,,白夜,2,,,"5,3013012",0,0,"8,8",,,,,,,
10000723,102,,白夜,3,,,"5,3013012",0,0,"20,20",,,,,,,
10000724,103,,白夜,4,,,"5,3013012",0,0,"8,8",,,,,,,
10000725,102,,白夜,5,,,"5,3013012",0,0,"20,20",,,,,,,
10000726,103,,白夜,6,,,"5,3013012",0,0,"8,8",,,,,,,
10000727,102,,白夜,7,,,"5,3013012",0,0,"20,20",,,,,,,
10000728,103,,白夜,8,,,"5,3013012",0,0,"8,8",,,,,,,
10000729,102,,白夜,9,,,"5,3013012",0,0,"20,20",,,,,,,
10000730,103,,白夜,10,,,"5,3013012",0,0,"8,8",,,,,,,
10000731,102,,诺亚,1,,,"5,3016022",0,0,"20,20",,,,,,,
10000732,103,,诺亚,2,,,"5,3016022",0,0,"8,8",,,,,,,
10000733,102,,诺亚,3,,,"5,3016022",0,0,"20,20",,,,,,,
10000734,103,,诺亚,4,,,"5,3016022",0,0,"8,8",,,,,,,
10000735,102,,诺亚,5,,,"5,3016022",0,0,"20,20",,,,,,,
10000736,103,,诺亚,6,,,"5,3016022",0,0,"8,8",,,,,,,
10000737,102,,诺亚,7,,,"5,3016022",0,0,"20,20",,,,,,,
10000738,103,,诺亚,8,,,"5,3016022",0,0,"8,8",,,,,,,
10000739,102,,诺亚,9,,,"5,3016022",0,0,"20,20",,,,,,,
10000740,103,,诺亚,10,,,"5,3016022",0,0,"8,8",,,,,,,
10000741,102,,爱尔维拉,1,,,"5,3016191",0,0,"20,20",,,,,,,
10000742,103,,爱尔维拉,2,,,"5,3016191",0,0,"8,8",,,,,,,
10000743,102,,爱尔维拉,3,,,"5,3016191",0,0,"20,20",,,,,,,
10000744,103,,爱尔维拉,4,,,"5,3016191",0,0,"8,8",,,,,,,
10000745,102,,爱尔维拉,5,,,"5,3016191",0,0,"20,20",,,,,,,
10000746,103,,爱尔维拉,6,,,"5,3016191",0,0,"8,8",,,,,,,
10000747,102,,爱尔维拉,7,,,"5,3016191",0,0,"20,20",,,,,,,
10000748,103,,爱尔维拉,8,,,"5,3016191",0,0,"8,8",,,,,,,
10000749,102,,爱尔维拉,9,,,"5,3016191",0,0,"20,20",,,,,,,
10000750,103,,爱尔维拉,10,,,"5,3016191",0,0,"8,8",,,,,,,
30130010,0,0,格蕾,英灵羽饰,,,0,0,0,,,,,,,30130010,
30130030,0,0,阿涅克丝,雷兽之尾,,,0,0,0,,,,,,,30130030,
30130040,0,0,炽爱,秩序羽翼,,,0,0,0,,,,,,,30130040,
30130060,0,0,水仙,人鱼耳的模型,,,0,0,0,,,,,,,30130060,
30130070,0,0,菲莉希亚,游侠勋章,,,0,0,0,,,,,,,30130070,
30130080,0,0,梅露特,红色咔呢,,,0,0,0,,,,,,,30130080,
30130090,0,0,奈奈芙,魔术师帽,,,0,0,0,,,,,,,30130090,
30130140,0,0,玛瑙,药香绒尾,,,0,0,0,,,,,,,30130140,
30130150,0,0,哀歌,白蕊纸贴,,,0,0,0,,,,,,,30130150,
30130170,0,0,波斯菊,兔子的耳朵,,,0,0,0,,,,,,,30130170,
30130180,0,0,爱琳,优雅缎带,,,0,0,0,,,,,,,30130180,
30130190,0,0,库萝心,偶像纹身贴纸,,,0,0,0,,,,,,,30130190,
30130200,0,0,维达,女巫肤色,,,0,0,0,,,,,,,30130200,
30130220,0,0,莱拉,骑士肩甲,,,0,0,0,,,,,,,30130220,
30130230,0,0,芙洛拉,精灵飘带,,,0,0,0,,,,,,,30130230,
30130250,0,0,多萝西,平衡呆毛,,,0,0,0,,,,,,,30130250,
30140010,0,0,普琳普顿,胡狼尾饰,,,0,0,0,,,,,,,30140010,
30140030,0,0,焰心,澄澈之心,,,0,0,0,,,,,,,30140030,
30140040,0,0,索菲,白犀号角,,,0,0,0,,,,,,,30140040,
30140050,0,0,弥生,天明鹿角,,,0,0,0,,,,,,,30140050,
30140120,0,0,未来,绿色领结,,,0,0,0,,,,,,,30140120,
30140160,0,0,杏林,紧急创可贴,,,0,0,0,,,,,,,30140160,
30140180,0,0,诗娅,旅行腰包,,,0,0,0,,,,,,,30140180,
30140190,0,0,艾什尔,魅影腰带,,,0,0,0,,,,,,,30140190,
30140200,0,0,阿波菲斯,冷酷贴纸,,,0,0,0,,,,,,,30140200,
30140210,0,0,纳菲,小恶魔尾,,,0,0,0,,,,,,,30140210,
30140220,0,0,丘吉尔,爱神礼帽,,,0,0,0,,,,,,,30140220,
30140230,0,0,神光,曜日天冠,,,0,0,0,,,,,,,30140230,
30140240,0,0,雷雷,忍者面罩,,,0,0,0,,,,,,,30140240,
30140250,0,0,安普莎,魔偶发型,,,0,0,0,,,,,,,30140250,
30140260,0,0,库萝爱,炎之獠牙,,,0,0,0,,,,,,,30140260,
30140270,0,0,贝拉,命定宣告,,,0,0,0,,,,,,,30140270,
30140290,0,0,贝儿,童话甜点,,,0,0,0,,,,,,,30140290,
30140300,0,0,安娜,纯洁恋情,,,0,0,0,,,,,,,30140300,
30150020,0,0,丹妮,崇高龙尾,,,0,0,0,,,,,,,30150020,
30150040,0,0,耶坦尼娅,水色睿智,,,0,0,0,,,,,,,30150040,
30150060,0,0,希夕莉,纯洁祈愿,,,0,0,0,,,,,,,30150060,
30150070,0,0,萨拉,夜之肌肤,,,0,0,0,,,,,,,30150070,
30150080,0,0,牧,“尽头”,,,0,0,0,,,,,,,30150080,
30160090,0,0,吉拉蒂亚,纯白龙尾,,,0,0,0,,,,,,,30160090,
30160110,0,0,卡萝琳,鬼魅幽兰,,,0,0,0,,,,,,,30160110,
30160130,0,0,克尔苏娜,青蛙发带,,,0,0,0,,,,,,,30160130,
30160170,0,0,罗莎莉,颂诗胸针,,,0,0,0,,,,,,,30160170,
30160230,0,0,佩内洛普,怠惰的愿珠,,,0,0,0,,,,,,,30160230,
30160310,0,0,小闪,深渊眼眸,,,0,0,0,,,,,,,30160310,
30160380,0,0,仙蒂,小熊帽,,,0,0,0,,,,,,,30160380,
30160780,0,0,昔莱,堕落之触,,,0,0,0,,,,,,,30160780,
30161300,0,0,伊卡洛斯,航海眼罩,,,0,0,0,,,,,,,30161300,
30140090,0,0,桃,青铜面具,,,0,0,0,,,,,,,30140090,
30140310,0,0,伊拉,青鸟之翎,,,0,0,0,,,,,,,30140310,
30161870,0,0,异邦波斯菊,卯兔布偶,,,0,0,0,,,,,,,30161870,
30160680,0,0,贝卡丝,世界之泪,,,0,0,0,,,,,,,30160680,
30160100,0,0,瑞比娅,流民万用刀,,,0,0,0,,,,,,,,
30160240,0,0,塞蕾丝蒂娜,荣耀弯角,,,0,0,0,,,,,,,,
30160200,0,0,奈奥米,古董眼镜,,,0,0,0,,,,,,,30160200,
30160490,0,0,艾琳娜,世界之泪,,,0,0,0,,,,,,,,
30140110,0,0,艾斯塔利亚,聆听者的秘钥,,,0,0,0,,,,,,,,
30161880,0,0,极焰,决心,,,0,0,0,,,,,,,,
30140020,0,0,黛比,迷声金铃,,,0,0,0,,,,,,,30140020,
30160160,0,0,露易丝,糖果腰包,,,0,0,0,,,,,,,,
30140060,0,0,恋花,远行腿环,,,0,0,0,,,,,,,,
30140170,0,0,花梨,引路蝶,,,0,0,0,,,,,,,,
30130130,0,0,菲尔盖娜,虔诚之握,,,0,0,0,,,,,,,,
30150010,0,0,诺维雅,瑰丽之人,,,0,0,0,,,,,,,,
30170010,0,0,雪泉,纯白蝴蝶,,,0,0,0,,,,,,,,
30170020,0,0,雪不归,雪之花,,,0,0,0,,,,,,,,
30161190,0,0,杜达·戴维,无名的胸针,,,0,0,0,,,,,,,,
30161890,0,0,塔嘉娜,灰烬的咏叹,,,0,0,0,,,,,,,,
30140280,0,0,卡洛蒂,星雪袖套,,,0,0,0,,,,,,,,
30161910,0,0,爱尔维拉,圣之光色,,,0,0,0,,,,,,,30161910,
30130011,0,0,格蕾,技能等级+1,,,0,0,0,,,,,,,301300190,
30130031,0,0,阿涅克丝,技能等级+1,,,0,0,0,,,,,,,301300390,
30130041,0,0,炽爱,技能等级+1,,,0,0,0,,,,,,,301300490,
30130061,0,0,水仙,技能等级+1,,,0,0,0,,,,,,,301300690,
30130071,0,0,菲莉希亚,技能等级+1,,,0,0,0,,,,,,,301300790,
30130081,0,0,梅露特,技能等级+1,,,0,0,0,,,,,,,301300890,
30130091,0,0,奈奈芙,技能等级+1,,,0,0,0,,,,,,,301300990,
30130141,0,0,玛瑙,技能等级+1,,,0,0,0,,,,,,,301301490,
30130151,0,0,哀歌,技能等级+1,,,0,0,0,,,,,,,301301590,
30130171,0,0,波斯菊,技能等级+1,,,0,0,0,,,,,,,301301790,
30130181,0,0,爱琳,技能等级+1,,,0,0,0,,,,,,,301301890,
30130191,0,0,库萝心,技能等级+1,,,0,0,0,,,,,,,301301990,
30130201,0,0,维达,技能等级+1,,,0,0,0,,,,,,,301302090,
30130221,0,0,莱拉,技能等级+1,,,0,0,0,,,,,,,301302290,
30130231,0,0,芙洛拉,技能等级+1,,,0,0,0,,,,,,,301302390,
30130251,0,0,多萝西,技能等级+1,,,0,0,0,,,,,,,301302590,
30140011,0,0,普琳普顿,技能等级+1,,,0,0,0,,,,,,,301400190,
30140031,0,0,焰心,技能等级+1,,,0,0,0,,,,,,,301400390,
30140041,0,0,索菲,技能等级+1,,,0,0,0,,,,,,,301400490,
30140051,0,0,弥生,技能等级+1,,,0,0,0,,,,,,,301400590,
30140121,0,0,未来,技能等级+1,,,0,0,0,,,,,,,301401290,
30140161,0,0,杏林,技能等级+1,,,0,0,0,,,,,,,301401690,
30140181,0,0,诗娅,技能等级+1,,,0,0,0,,,,,,,301401890,
30140191,0,0,艾什尔,技能等级+1,,,0,0,0,,,,,,,301401990,
30140201,0,0,阿波菲斯,技能等级+1,,,0,0,0,,,,,,,301402090,
30140211,0,0,纳菲,技能等级+1,,,0,0,0,,,,,,,301402190,
30140221,0,0,丘吉尔,技能等级+1,,,0,0,0,,,,,,,301402290,
30140231,0,0,神光,技能等级+1,,,0,0,0,,,,,,,301402390,
30140241,0,0,雷雷,技能等级+1,,,0,0,0,,,,,,,301402490,
30140251,0,0,安普莎,技能等级+1,,,0,0,0,,,,,,,301402590,
30140261,0,0,库萝爱,技能等级+1,,,0,0,0,,,,,,,301402690,
30140271,0,0,贝拉,技能等级+1,,,0,0,0,,,,,,,301402790,
30140291,0,0,贝儿,技能等级+1,,,0,0,0,,,,,,,301402990,
30140301,0,0,安娜,技能等级+1,,,0,0,0,,,,,,,301403090,
30150021,0,0,丹妮,技能等级+1,,,0,0,0,,,,,,,301500290,
30150041,0,0,耶坦尼娅,技能等级+1,,,0,0,0,,,,,,,301500490,
30150061,0,0,希夕莉,技能等级+1,,,0,0,0,,,,,,,301500690,
30150071,0,0,萨拉,技能等级+1,,,0,0,0,,,,,,,301500790,
30150081,0,0,牧,技能等级+1,,,0,0,0,,,,,,,301500890,
30160091,0,0,吉拉蒂亚,技能等级+1,,,0,0,0,,,,,,,301600990,
30160111,0,0,卡萝琳,技能等级+1,,,0,0,0,,,,,,,301601190,
30160131,0,0,克尔苏娜,技能等级+1,,,0,0,0,,,,,,,301601390,
30160171,0,0,罗莎莉,技能等级+1,,,0,0,0,,,,,,,301601790,
30160231,0,0,佩内洛普,技能等级+1,,,0,0,0,,,,,,,301602390,
30160311,0,0,小闪,技能等级+1,,,0,0,0,,,,,,,301603190,
30160381,0,0,仙蒂,技能等级+1,,,0,0,0,,,,,,,301603890,
30160781,0,0,昔莱,技能等级+1,,,0,0,0,,,,,,,301607890,
30161301,0,0,伊卡洛斯,技能等级+1,,,0,0,0,,,,,,,301613090,
30140091,0,0,桃,技能等级+1,,,0,0,0,,,,,,,301400990,
30140311,0,0,伊拉,技能等级+1,,,0,0,0,,,,,,,301403190,
30161871,0,0,异邦波斯菊,技能等级+1,,,0,0,0,,,,,,,301618790,
30160681,0,0,贝卡丝,技能等级+1,,,0,0,0,,,,,,,301606890,
30160101,0,0,瑞比娅,技能等级+1,,,0,0,0,,,,,,,301601090,
30160241,0,0,塞蕾丝蒂娜,技能等级+1,,,0,0,0,,,,,,,301602490,
30160201,0,0,奈奥米,技能等级+1,,,0,0,0,,,,,,,301602090,
30160491,0,0,艾琳娜,技能等级+1,,,0,0,0,,,,,,,301604990,
30140111,0,0,艾斯塔利亚,技能等级+1,,,0,0,0,,,,,,,301401190,
30161881,0,0,极焰,技能等级+1,,,0,0,0,,,,,,,301618890,
30140021,0,0,黛比,技能等级+1,,,0,0,0,,,,,,,301400290,
30160161,0,0,露易丝,技能等级+1,,,0,0,0,,,,,,,301601690,
30140061,0,0,恋花,技能等级+1,,,0,0,0,,,,,,,301400690,
30140171,0,0,花梨,技能等级+1,,,0,0,0,,,,,,,301401790,
30130131,0,0,菲尔盖娜,技能等级+1,,,0,0,0,,,,,,,301301390,
30150011,0,0,诺维雅,技能等级+1,,,0,0,0,,,,,,,301500190,
30170011,0,0,雪泉,技能等级+1,,,0,0,0,,,,,,,301700190,
30170021,0,0,雪不归,技能等级+1,,,0,0,0,,,,,,,301700290,
30161191,0,0,杜达·戴维,技能等级+1,,,0,0,0,,,,,,,301611990,
30161891,0,0,塔嘉娜,技能等级+1,,,0,0,0,,,,,,,301618990,
30140281,0,0,卡洛蒂,技能等级+1,,,0,0,0,,,,,,,301402890,
30161911,0,0,爱尔维拉,技能等级+1,,,0,0,0,,,,,,,301619190,
30100001,102,AttrRefix_name_102_3,,攻+5%,,,2,0,0,,"50,50",,,"50,50",,,
30100002,101,AttrRefix_name_101_3,,血+5%,,,2,0,0,,"50,50",,,"50,50",,,
30100003,103,AttrRefix_name_103_3,,防+5%,,,2,0,0,,"50,50",,,"50,50",,,
30100004,104,AttrRefix_name_104_3,,韧+5%,,,2,0,0,,"50,50",,,"50,50",,,
30100005,105,,,速度+1,,,2,0,0,"1,1",,,"1,1",,,,
30100006,102,AttrRefix_name_102_3,,攻+10%,,,2,0,0,,"100,100",,,"100,100",,,
30100007,101,AttrRefix_name_101_3,,血+10%,,,2,0,0,,"100,100",,,"100,100",,,
30100008,103,AttrRefix_name_103_3,,防+10%,,,2,0,0,,"100,100",,,"100,100",,,
30100009,104,AttrRefix_name_104_3,,韧+10%,,,2,0,0,,"100,100",,,"100,100",,,
30100010,105,,,速度+1,,,2,0,0,"1,1",,,"1,1",,,,
9999,0,0,卡洛蒂,技能等级+1,,,0,0,0,,,,,,,30130033,
30200001,102,AttrRefix_name_102_3,心契词条,攻+5%,,,2,0,0,,"50,50",,,"50,50",,,
30200002,101,AttrRefix_name_101_3,心契词条,血+5%,,,2,0,0,,"50,50",,,"50,50",,,
30200003,103,AttrRefix_name_103_3,心契词条,防+5%,,,2,0,0,,"50,50",,,"50,50",,,
30200004,104,AttrRefix_name_104_3,心契词条,韧+5%,,,2,0,0,,"50,50",,,"50,50",,,
810100,101,,,,,,1,,,,"-500,-500",,,,,,hp_reduce
810101,101,,,,,,1,,,,"40,40",,,,,,hp_up
810102,101,,,,,,1,,,,"60,60",,,,,,hp_up
810103,101,,,,,,1,,,,"80,80",,,,,,hp_up
810104,101,,,,,,1,,,,"100,100",,,,,,hp_up
810111,101,,,,,,1,,,,"60,60",,,,,,hp_up
810112,101,,,,,,1,,,,"90,90",,,,,,hp_up
810113,101,,,,,,1,,,,"120,120",,,,,,hp_up
810114,101,,,,,,1,,,,"150,150",,,,,,hp_up
810121,101,,,,,,1,,,,"80,80",,,,,,hp_up
810122,101,,,,,,1,,,,"120,120",,,,,,hp_up
810123,101,,,,,,1,,,,"160,160",,,,,,hp_up
810124,101,,,,,,1,,,,"200,200",,,,,,hp_up
810201,102,,,,,,1,,,,"40,40",,,,,,atk_up
810202,102,,,,,,1,,,,"60,60",,,,,,atk_up
810203,102,,,,,,1,,,,"80,80",,,,,,atk_up
810204,102,,,,,,1,,,,"100,100",,,,,,atk_up
810211,102,,,,,,1,,,,"60,60",,,,,,atk_up
810212,102,,,,,,1,,,,"90,90",,,,,,atk_up
810213,102,,,,,,1,,,,"120,120",,,,,,atk_up
810214,102,,,,,,1,,,,"150,150",,,,,,atk_up
810221,102,,,,,,1,,,,"80,80",,,,,,atk_up
810222,102,,,,,,1,,,,"120,120",,,,,,atk_up
810223,102,,,,,,1,,,,"160,160",,,,,,atk_up
810224,102,,,,,,1,,,,"200,200",,,,,,atk_up
810301,103,,,,,,1,,,,"40,40",,,,,,additional_armor_up
810302,103,,,,,,1,,,,"60,60",,,,,,additional_armor_up
810303,103,,,,,,1,,,,"80,80",,,,,,additional_armor_up
810304,103,,,,,,1,,,,"100,100",,,,,,additional_armor_up
810311,103,,,,,,1,,,,"60,60",,,,,,additional_armor_up
810312,103,,,,,,1,,,,"90,90",,,,,,additional_armor_up
810313,103,,,,,,1,,,,"120,120",,,,,,additional_armor_up
810314,103,,,,,,1,,,,"150,150",,,,,,additional_armor_up
810321,103,,,,,,1,,,,"80,80",,,,,,additional_armor_up
810322,103,,,,,,1,,,,"120,120",,,,,,additional_armor_up
810323,103,,,,,,1,,,,"160,160",,,,,,additional_armor_up
810324,103,,,,,,1,,,,"200,200",,,,,,additional_armor_up
810401,104,,,,,,1,,,,"40,40",,,,,,weak_resist_up
810402,104,,,,,,1,,,,"60,60",,,,,,weak_resist_up
810403,104,,,,,,1,,,,"80,80",,,,,,weak_resist_up
810404,104,,,,,,1,,,,"100,100",,,,,,weak_resist_up
810411,104,,,,,,1,,,,"60,60",,,,,,weak_resist_up
810412,104,,,,,,1,,,,"90,90",,,,,,weak_resist_up
810413,104,,,,,,1,,,,"120,120",,,,,,weak_resist_up
810414,104,,,,,,1,,,,"150,150",,,,,,weak_resist_up
810421,104,,,,,,1,,,,"80,80",,,,,,weak_resist_up
810422,104,,,,,,1,,,,"120,120",,,,,,weak_resist_up
810423,104,,,,,,1,,,,"160,160",,,,,,weak_resist_up
810424,104,,,,,,1,,,,"200,200",,,,,,weak_resist_up
810501,105,,,,,,1,,,,"20,20",,,,,,act_count_up
810502,105,,,,,,1,,,,"20,20",,,,,,act_count_up
810503,105,,,,,,1,,,,"20,20",,,,,,act_count_up
810504,105,,,,,,1,,,,"20,20",,,,,,act_count_up
810511,105,,,,,,1,,,,"20,20",,,,,,act_count_up
810512,105,,,,,,1,,,,"20,20",,,,,,act_count_up
810513,105,,,,,,1,,,,"20,20",,,,,,act_count_up
810514,105,,,,,,1,,,,"20,20",,,,,,act_count_up
810521,105,,,,,,1,,,,"20,20",,,,,,act_count_up
810522,105,,,,,,1,,,,"20,20",,,,,,act_count_up
810523,105,,,,,,1,,,,"20,20",,,,,,act_count_up
810524,105,,,,,,1,,,,"20,20",,,,,,act_count_up
810701,107,,,,,,1,,,"20,20",,,,,,,abnormal_all_up
810702,107,,,,,,1,,,"30,30",,,,,,,abnormal_all_up
810703,107,,,,,,1,,,"40,40",,,,,,,abnormal_all_up
810704,107,,,,,,1,,,"50,50",,,,,,,abnormal_all_up
810711,107,,,,,,1,,,"30,30",,,,,,,abnormal_all_up
810712,107,,,,,,1,,,"45,45",,,,,,,abnormal_all_up
810713,107,,,,,,1,,,"60,60",,,,,,,abnormal_all_up
810714,107,,,,,,1,,,"75,75",,,,,,,abnormal_all_up
810721,107,,,,,,1,,,"40,40",,,,,,,abnormal_all_up
810722,107,,,,,,1,,,"60,60",,,,,,,abnormal_all_up
810723,107,,,,,,1,,,"80,80",,,,,,,abnormal_all_up
810724,107,,,,,,1,,,"100,100",,,,,,,abnormal_all_up
810801,108,,,,,,1,,,"20,20",,,,,,,abnormal_resist_all_up
810802,108,,,,,,1,,,"30,30",,,,,,,abnormal_resist_all_up
810803,108,,,,,,1,,,"40,40",,,,,,,abnormal_resist_all_up
810804,108,,,,,,1,,,"50,50",,,,,,,abnormal_resist_all_up
810811,108,,,,,,1,,,"30,30",,,,,,,abnormal_resist_all_up
810812,108,,,,,,1,,,"45,45",,,,,,,abnormal_resist_all_up
810813,108,,,,,,1,,,"60,60",,,,,,,abnormal_resist_all_up
810814,108,,,,,,1,,,"75,75",,,,,,,abnormal_resist_all_up
810821,108,,,,,,1,,,"40,40",,,,,,,abnormal_resist_all_up
810822,108,,,,,,1,,,"60,60",,,,,,,abnormal_resist_all_up
810823,108,,,,,,1,,,"80,80",,,,,,,abnormal_resist_all_up
810824,108,,,,,,1,,,"100,100",,,,,,,abnormal_resist_all_up
810901,109,,,,,,1,,,"20,20",,,,,,,weak_efficiency _up
810902,109,,,,,,1,,,"30,30",,,,,,,weak_efficiency _up
810903,109,,,,,,1,,,"40,40",,,,,,,weak_efficiency _up
810904,109,,,,,,1,,,"50,50",,,,,,,weak_efficiency _up
810921,109,,,,,,1,,,"40,40",,,,,,,weak_efficiency _up
810922,109,,,,,,1,,,"60,60",,,,,,,weak_efficiency _up
810923,109,,,,,,1,,,"80,80",,,,,,,weak_efficiency _up
810924,109,,,,,,1,,,"100,100",,,,,,,weak_efficiency _up
811321,113,,,,,,1,,,"40,40",,,,,,,damage_resist_up
811322,113,,,,,,1,,,"60,60",,,,,,,damage_resist_up
811323,113,,,,,,1,,,"80,80",,,,,,,damage_resist_up
811324,113,,,,,,1,,,"100,100",,,,,,,damage_resist_up
811401,114,,,,,,1,,,"20,20",,,,,,,fixed_armor_up
811402,114,,,,,,1,,,"30,30",,,,,,,fixed_armor_up
811403,114,,,,,,1,,,"40,40",,,,,,,fixed_armor_up
811404,114,,,,,,1,,,"50,50",,,,,,,fixed_armor_up
811421,114,,,,,,1,,,"40,40",,,,,,,fixed_armor_up
811422,114,,,,,,1,,,"60,60",,,,,,,fixed_armor_up
811423,114,,,,,,1,,,"80,80",,,,,,,fixed_armor_up
811424,114,,,,,,1,,,"100,100",,,,,,,fixed_armor_up
811611,116,,,,,,1,,,"30,30",,,,,,,penetration_percentage_up
811612,116,,,,,,1,,,"45,45",,,,,,,penetration_percentage_up
811613,116,,,,,,1,,,"60,60",,,,,,,penetration_percentage_up
811614,116,,,,,,1,,,"75,75",,,,,,,penetration_percentage_up
812001,120,,,,,,1,,,"20,20",,,,,,,def_enhance_up
812002,120,,,,,,1,,,"30,30",,,,,,,def_enhance_up
812003,120,,,,,,1,,,"40,40",,,,,,,def_enhance_up
812004,120,,,,,,1,,,"50,50",,,,,,,def_enhance_up
812011,120,,,,,,1,,,"30,30",,,,,,,def_enhance_up
812012,120,,,,,,1,,,"45,45",,,,,,,def_enhance_up
812013,120,,,,,,1,,,"60,60",,,,,,,def_enhance_up
812014,120,,,,,,1,,,"75,75",,,,,,,def_enhance_up
812101,121,,,,,,1,,,"20,20",,,,,,,hp_heal_round
812102,121,,,,,,1,,,"30,30",,,,,,,hp_heal_round
812103,121,,,,,,1,,,"40,40",,,,,,,hp_heal_round
812104,121,,,,,,1,,,"50,50",,,,,,,hp_heal_round
812111,121,,,,,,1,,,"30,30",,,,,,,hp_heal_round
812112,121,,,,,,1,,,"45,45",,,,,,,hp_heal_round
812113,121,,,,,,1,,,"60,60",,,,,,,hp_heal_round
812114,121,,,,,,1,,,"75,75",,,,,,,hp_heal_round
812121,121,,,,,,1,,,"40,40",,,,,,,hp_heal_round
812122,121,,,,,,1,,,"60,60",,,,,,,hp_heal_round
812123,121,,,,,,1,,,"80,80",,,,,,,hp_heal_round
812124,121,,,,,,1,,,"100,100",,,,,,,hp_heal_round
812321,123,,,,,,1,,,"40,40",,,,,,,skill_attack_damage_up
812322,123,,,,,,1,,,"60,60",,,,,,,skill_attack_damage_up
812323,123,,,,,,1,,,"80,80",,,,,,,skill_attack_damage_up
812324,123,,,,,,1,,,"100,100",,,,,,,skill_attack_damage_up
812421,124,,,,,,1,,,"40,40",,,,,,,skill_damage_up
812422,124,,,,,,1,,,"60,60",,,,,,,skill_damage_up
812423,124,,,,,,1,,,"80,80",,,,,,,skill_damage_up
812424,124,,,,,,1,,,"100,100",,,,,,,skill_damage_up
813301,133,,,,,,1,,,"20,20",,,,,,,thorns_enhance_up
813302,133,,,,,,1,,,"30,30",,,,,,,thorns_enhance_up
813303,133,,,,,,1,,,"40,40",,,,,,,thorns_enhance_up
813304,133,,,,,,1,,,"50,50",,,,,,,thorns_enhance_up
813321,133,,,,,,1,,,"40,40",,,,,,,thorns_enhance_up
813322,133,,,,,,1,,,"60,60",,,,,,,thorns_enhance_up
813323,133,,,,,,1,,,"80,80",,,,,,,thorns_enhance_up
813324,133,,,,,,1,,,"100,100",,,,,,,thorns_enhance_up
813401,134,,,,,,1,,,"20,20",,,,,,,shield_enhance_up
813402,134,,,,,,1,,,"30,30",,,,,,,shield_enhance_up
813403,134,,,,,,1,,,"40,40",,,,,,,shield_enhance_up
813404,134,,,,,,1,,,"50,50",,,,,,,shield_enhance_up
813521,135,,,,,,1,,,"40,40",,,,,,,shield_enhance_up
813522,135,,,,,,1,,,"60,60",,,,,,,shield_enhance_up
813523,135,,,,,,1,,,"80,80",,,,,,,shield_enhance_up
813524,135,,,,,,1,,,"100,100",,,,,,,shield_enhance_up
813701,137,,,,,,1,,,"20,20",,,,,,,bp_efficiency_up
813702,137,,,,,,1,,,"30,30",,,,,,,bp_efficiency_up
813703,137,,,,,,1,,,"40,40",,,,,,,bp_efficiency_up
813704,137,,,,,,1,,,"50,50",,,,,,,bp_efficiency_up
813711,137,,,,,,1,,,"30,30",,,,,,,bp_efficiency_up
813712,137,,,,,,1,,,"45,45",,,,,,,bp_efficiency_up
813713,137,,,,,,1,,,"60,60",,,,,,,bp_efficiency_up
813714,137,,,,,,1,,,"75,75",,,,,,,bp_efficiency_up
813721,137,,,,,,1,,,"40,40",,,,,,,bp_efficiency_up
813722,137,,,,,,1,,,"60,60",,,,,,,bp_efficiency_up
813723,137,,,,,,1,,,"80,80",,,,,,,bp_efficiency_up
813724,137,,,,,,1,,,"100,100",,,,,,,bp_efficiency_up
813801,138,,,,,,1,,,"20,20",,,,,,,bp_js_atk_efficiency_up
813802,138,,,,,,1,,,"30,30",,,,,,,bp_js_atk_efficiency_up
813803,138,,,,,,1,,,"40,40",,,,,,,bp_js_atk_efficiency_up
813804,138,,,,,,1,,,"50,50",,,,,,,bp_js_atk_efficiency_up
813821,138,,,,,,1,,,"40,40",,,,,,,bp_js_atk_efficiency_up
813822,138,,,,,,1,,,"60,60",,,,,,,bp_js_atk_efficiency_up
813823,138,,,,,,1,,,"80,80",,,,,,,bp_js_atk_efficiency_up
813824,138,,,,,,1,,,"100,100",,,,,,,bp_js_atk_efficiency_up
813921,139,,,,,,1,,,"40,40",,,,,,,bp_efficiency_up
813922,139,,,,,,1,,,"60,60",,,,,,,bp_efficiency_up
813923,139,,,,,,1,,,"80,80",,,,,,,bp_efficiency_up
813924,139,,,,,,1,,,"100,100",,,,,,,bp_efficiency_up
814111,141,,,,,,1,,,"30,30",,,,,,,lock_self
814112,141,,,,,,1,,,"45,45",,,,,,,lock_self
814113,141,,,,,,1,,,"60,60",,,,,,,lock_self
814114,141,,,,,,1,,,"75,75",,,,,,,lock_self
814121,141,,,,,,1,,,"40,40",,,,,,,lock_self
814122,141,,,,,,1,,,"60,60",,,,,,,lock_self
814123,141,,,,,,1,,,"80,80",,,,,,,lock_self
814124,141,,,,,,1,,,"100,100",,,,,,,lock_self
815011,150,,,,,,1,,,"30,30",,,,,,,shield_up
815012,150,,,,,,1,,,"45,45",,,,,,,shield_up
815013,150,,,,,,1,,,"60,60",,,,,,,shield_up
815014,150,,,,,,1,,,"75,75",,,,,,,shield_up
815021,150,,,,,,1,,,"40,40",,,,,,,shield_up
815022,150,,,,,,1,,,"60,60",,,,,,,shield_up
815023,150,,,,,,1,,,"80,80",,,,,,,shield_up
815024,150,,,,,,1,,,"100,100",,,,,,,shield_up
30200011,101,生命,暴食,,,,0,,,"112640,112640  ",,,"28160,42240  ",,,,
30200012,102,攻击,暴食,,,,0,,,"720,720  ",,,"180,270  ",,,,
30200013,103,防御,暴食,,,,0,,,"586,586  ",,,"147,220  ",,,,
30200014,104,韧性,暴食,,,,0,,,"15616,15616  ",,,"3904,5856  ",,,,
30200015,105,速度,暴食,,,,0,,,"850,1270",,,"0,0",,,,
30200021,101,生命,色欲,,,,0,,,"138240,138240  ",,,"34560,51840  ",,,,
30200022,102,攻击,色欲,,,,0,,,"700,700  ",,,"175,263  ",,,,
30200023,103,防御,色欲,,,,0,,,"542,542  ",,,"136,203  ",,,,
30200024,104,韧性,色欲,,,,0,,,"14464,14464  ",,,"3616,5424  ",,,,
30200025,105,速度,色欲,,,,0,,,"980,1460",,,"0,0",,,,
30200101,101,生命,狄妮莎,,,,0,,,"143360,143360  ",,,"35840,53760  ",,,,
30200102,102,攻击,狄妮莎,,,,0,,,"616,616  ",,,"154,231  ",,,,
30200103,103,防御,狄妮莎,,,,0,,,"538,538  ",,,"135,202  ",,,,
30200104,104,韧性,狄妮莎,,,,0,,,"14874,14874  ",,,"3719,5578  ",,,,
30200105,105,速度,狄妮莎,,,,0,,,"960,1450",,,"0,0",,,,
30300011,101,生命,西蒙,,,,0,,,"62720,62720  ",,,"15680,23520  ",,,,
30300012,102,攻击,西蒙,,,,0,,,"969,969  ",,,"242,364  ",,,,
30300013,103,防御,西蒙,,,,0,,,"431,431  ",,,"108,162  ",,,,
30300014,104,韧性,西蒙,,,,0,,,"8080,8080  ",,,"2020,3030  ",,,,
30300015,105,速度,西蒙,,,,0,,,"930,1400",,,"0,0",,,,
30300021,101,生命,莉莉布朗尼,,,,0,,,"71680,71680  ",,,"17920,26880  ",,,,
30300022,102,攻击,莉莉布朗尼,,,,0,,,"672,672  ",,,"168,252  ",,,,
30300023,103,防御,莉莉布朗尼,,,,0,,,"493,493  ",,,"123,185  ",,,,
30300024,104,韧性,莉莉布朗尼,,,,0,,,"8960,8960  ",,,"2240,3360  ",,,,
30300025,105,速度,莉莉布朗尼,,,,0,,,"890,1330",,,"0,0",,,,
30300031,101,生命,咎瓦尤斯,,,,0,,,"62080,62080  ",,,"15520,23280  ",,,,
30300032,102,攻击,咎瓦尤斯,,,,0,,,"988,988  ",,,"247,371  ",,,,
30300033,103,防御,咎瓦尤斯,,,,0,,,"427,427  ",,,"107,160  ",,,,
30300034,104,韧性,咎瓦尤斯,,,,0,,,"8240,8240  ",,,"2060,3090  ",,,,
30300035,105,速度,咎瓦尤斯,,,,0,,,"920,1380",,,"0,0",,,,
30600011,101,生命,黑桃,,,,0,,,"106240,106240  ",,,"26560,39840  ",,,,
30600012,102,攻击,黑桃,,,,0,,,"1020,1020  ",,,"255,383  ",,,,
30600013,103,防御,黑桃,,,,0,,,"398,398  ",,,"100,149  ",,,,
30600014,104,韧性,黑桃,,,,0,,,"13056,13056  ",,,"3264,4896  ",,,,
30600015,105,速度,黑桃,,,,0,,,"1180,1770",,,"0,0",,,,
30400011,101,生命,咒行鵺,,,,0,,,"26560,26560  ",,,"6640,9960  ",,,,
30400012,102,攻击,咒行鵺,,,,0,,,"897,897  ",,,"224,337  ",,,,
30400013,103,防御,咒行鵺,,,,0,,,"332,332  ",,,"83,125  ",,,,
30400014,104,韧性,咒行鵺,,,,0,,,"6528,6528  ",,,"1632,2448  ",,,,
30400015,105,速度,咒行鵺,,,,0,,,"1020,1540",,,"0,0",,,,
30400021,101,生命,夺心魔,,,,0,,,"34406,34406  ",,,"8602,12902  ",,,,
30400022,102,攻击,夺心魔,,,,0,,,"616,616  ",,,"154,231  ",,,,
30400023,103,防御,夺心魔,,,,0,,,"448,448  ",,,"112,168  ",,,,
30400024,104,韧性,夺心魔,,,,0,,,"7168,7168  ",,,"1792,2688  ",,,,
30400025,105,速度,夺心魔,,,,0,,,"850,1280",,,"0,0",,,,
30400031,101,生命,深渊刺,,,,0,,,"26560,26560  ",,,"6640,9960  ",,,,
30400032,102,攻击,深渊刺,,,,0,,,"897,897  ",,,"224,337  ",,,,
30400033,103,防御,深渊刺,,,,0,,,"332,332  ",,,"83,125  ",,,,
30400034,104,韧性,深渊刺,,,,0,,,"6528,6528  ",,,"1632,2448  ",,,,
30400035,105,速度,深渊刺,,,,0,,,"1020,1540",,,"0,0",,,,
30400041,101,生命,炽炎翼,,,,0,,,"26560,26560  ",,,"6640,9960  ",,,,
30400042,102,攻击,炽炎翼,,,,0,,,"897,897  ",,,"224,337  ",,,,
30400043,103,防御,炽炎翼,,,,0,,,"332,332  ",,,"83,125  ",,,,
30400044,104,韧性,炽炎翼,,,,0,,,"6528,6528  ",,,"1632,2448  ",,,,
30400045,105,速度,炽炎翼,,,,0,,,"1020,1540",,,"0,0",,,,
30400051,101,生命,宁芙妖,,,,0,,,"35840,35840  ",,,"8960,13440  ",,,,
30400052,102,攻击,宁芙妖,,,,0,,,"616,616  ",,,"154,231  ",,,,
30400053,103,防御,宁芙妖,,,,0,,,"448,448  ",,,"112,168  ",,,,
30400054,104,韧性,宁芙妖,,,,0,,,"7168,7168  ",,,"1792,2688  ",,,,
30400055,105,速度,宁芙妖,,,,0,,,"850,1280",,,"0,0",,,,
30400061,101,生命,噬命刃,,,,0,,,"26560,26560  ",,,"6640,9960  ",,,,
30400062,102,攻击,噬命刃,,,,0,,,"897,897  ",,,"224,337  ",,,,
30400063,103,防御,噬命刃,,,,0,,,"332,332  ",,,"83,125  ",,,,
30400064,104,韧性,噬命刃,,,,0,,,"6528,6528  ",,,"1632,2448  ",,,,
30400065,105,速度,噬命刃,,,,0,,,"1020,1540",,,"0,0",,,,
30400071,101,生命,影巫女,,,,0,,,"35840,35840  ",,,"8960,13440  ",,,,
30400072,102,攻击,影巫女,,,,0,,,"616,616  ",,,"154,231  ",,,,
30400073,103,防御,影巫女,,,,0,,,"448,448  ",,,"112,168  ",,,,
30400074,104,韧性,影巫女,,,,0,,,"7168,7168  ",,,"1792,2688  ",,,,
30400075,105,速度,影巫女,,,,0,,,"850,1280",,,"0,0",,,,
30400161,101,生命,妄兽,,,,0,,,"26560,26560  ",,,"6640,9960  ",,,,
30400162,102,攻击,妄兽,,,,0,,,"897,897  ",,,"224,337  ",,,,
30400163,103,防御,妄兽,,,,0,,,"332,332  ",,,"83,125  ",,,,
30400164,104,韧性,妄兽,,,,0,,,"6528,6528  ",,,"1632,2448  ",,,,
30400165,105,速度,妄兽,,,,0,,,"1020,1540",,,"0,0",,,,
304001611,101,生命,祸兽,,,,0,,,"26560,26560  ",,,"6640,9960  ",,,,
304001612,102,攻击,祸兽,,,,0,,,"897,897  ",,,"224,337  ",,,,
304001613,103,防御,祸兽,,,,0,,,"332,332  ",,,"83,125  ",,,,
304001614,104,韧性,祸兽,,,,0,,,"6528,6528  ",,,"1632,2448  ",,,,
304001615,105,速度,祸兽,,,,0,,,"1020,1540",,,"0,0",,,,
30400171,101,生命,婴狐,,,,0,,,"23904,23904  ",,,"5976,8964  ",,,,
30400172,102,攻击,婴狐,,,,0,,,"897,897  ",,,"224,337  ",,,,
30400173,103,防御,婴狐,,,,0,,,"332,332  ",,,"83,125  ",,,,
30400174,104,韧性,婴狐,,,,0,,,"6528,6528  ",,,"1632,2448  ",,,,
30400175,105,速度,婴狐,,,,0,,,"1020,1540",,,"0,0",,,,
304001711,101,生命,狐魑,,,,0,,,"26560,26560  ",,,"6640,9960  ",,,,
304001712,102,攻击,狐魑,,,,0,,,"897,897  ",,,"224,337  ",,,,
304001713,103,防御,狐魑,,,,0,,,"332,332  ",,,"83,125  ",,,,
304001714,104,韧性,狐魑,,,,0,,,"6528,6528  ",,,"1632,2448  ",,,,
304001715,105,速度,狐魑,,,,0,,,"1020,1540",,,"0,0",,,,
30500011,101,生命,蝇斥候,,,,0,,,"5312,5312  ",,,"1328,1992  ",,,,
30500012,102,攻击,蝇斥候,,,,0,,,"816,816  ",,,"204,306  ",,,,
30500013,103,防御,蝇斥候,,,,0,,,"266,266  ",,,"67,100  ",,,,
30500014,104,韧性,蝇斥候,,,,0,,,"3264,3264  ",,,"816,1224  ",,,,
30500015,105,速度,蝇斥候,,,,0,,,"920,1380",,,"0,0",,,,
305000111,101,生命,播疫妖蝇,,,,0,,,"5312,5312  ",,,"1328,1992  ",,,,
305000112,102,攻击,播疫妖蝇,,,,0,,,"816,816  ",,,"204,306  ",,,,
305000113,103,防御,播疫妖蝇,,,,0,,,"266,266  ",,,"67,100  ",,,,
305000114,104,韧性,播疫妖蝇,,,,0,,,"3264,3264  ",,,"816,1224  ",,,,
305000115,105,速度,播疫妖蝇,,,,0,,,"920,1380",,,"0,0",,,,
305000121,101,生命,凋败妖蝇,,,,0,,,"5312,5312  ",,,"1328,1992  ",,,,
305000122,102,攻击,凋败妖蝇,,,,0,,,"816,816  ",,,"204,306  ",,,,
305000123,103,防御,凋败妖蝇,,,,0,,,"266,266  ",,,"67,100  ",,,,
305000124,104,韧性,凋败妖蝇,,,,0,,,"3264,3264  ",,,"816,1224  ",,,,
305000125,105,速度,凋败妖蝇,,,,0,,,"920,1380",,,"0,0",,,,
305000131,101,生命,蝇斥候SP,,,,0,,,"56320,56320  ",,,"14080,21120  ",,,,
305000132,102,攻击,蝇斥候SP,,,,0,,,"691,691  ",,,"173,259  ",,,,
305000133,103,防御,蝇斥候SP,,,,0,,,"537,537  ",,,"134,201  ",,,,
305000134,104,韧性,蝇斥候SP,,,,0,,,"9760,9760  ",,,"2440,3660  ",,,,
305000135,105,速度,蝇斥候SP,,,,0,,,"900,1350",,,"0,0",,,,
30500021,101,生命,铁骑士,,,,0,,,"5632,5632  ",,,"1408,2112  ",,,,
30500022,102,攻击,铁骑士,,,,0,,,"576,576  ",,,"144,216  ",,,,
30500023,103,防御,铁骑士,,,,0,,,"390,390  ",,,"98,146  ",,,,
30500024,104,韧性,铁骑士,,,,0,,,"3904,3904  ",,,"976,1464  ",,,,
30500025,105,速度,铁骑士,,,,0,,,"780,1180",,,"0,0",,,,
305000211,101,生命,白银骑士,,,,0,,,"5632,5632  ",,,"1408,2112  ",,,,
305000212,102,攻击,白银骑士,,,,0,,,"576,576  ",,,"144,216  ",,,,
305000213,103,防御,白银骑士,,,,0,,,"390,390  ",,,"98,146  ",,,,
305000214,104,韧性,白银骑士,,,,0,,,"3904,3904  ",,,"976,1464  ",,,,
305000215,105,速度,白银骑士,,,,0,,,"780,1180",,,"0,0",,,,
305000221,101,生命,黄金骑士,,,,0,,,"5632,5632  ",,,"1408,2112  ",,,,
305000222,102,攻击,黄金骑士,,,,0,,,"576,576  ",,,"144,216  ",,,,
305000223,103,防御,黄金骑士,,,,0,,,"390,390  ",,,"98,146  ",,,,
305000224,104,韧性,黄金骑士,,,,0,,,"3904,3904  ",,,"976,1464  ",,,,
305000225,105,速度,黄金骑士,,,,0,,,"780,1180",,,"0,0",,,,
30500031,101,生命,刃行者,,,,0,,,"5312,5312  ",,,"1328,1992  ",,,,
30500032,102,攻击,刃行者,,,,0,,,"816,816  ",,,"204,306  ",,,,
30500033,103,防御,刃行者,,,,0,,,"266,266  ",,,"67,100  ",,,,
30500034,104,韧性,刃行者,,,,0,,,"3264,3264  ",,,"816,1224  ",,,,
30500035,105,速度,刃行者,,,,0,,,"920,1380",,,"0,0",,,,
305000311,101,生命,刃行怪,,,,0,,,"5312,5312  ",,,"1328,1992  ",,,,
305000312,102,攻击,刃行怪,,,,0,,,"816,816  ",,,"204,306  ",,,,
305000313,103,防御,刃行怪,,,,0,,,"266,266  ",,,"67,100  ",,,,
305000314,104,韧性,刃行怪,,,,0,,,"3264,3264  ",,,"816,1224  ",,,,
305000315,105,速度,刃行怪,,,,0,,,"920,1380",,,"0,0",,,,
305000321,101,生命,刃行魔,,,,0,,,"5312,5312  ",,,"1328,1992  ",,,,
305000322,102,攻击,刃行魔,,,,0,,,"816,816  ",,,"204,306  ",,,,
305000323,103,防御,刃行魔,,,,0,,,"266,266  ",,,"67,100  ",,,,
305000324,104,韧性,刃行魔,,,,0,,,"3264,3264  ",,,"816,1224  ",,,,
305000325,105,速度,刃行魔,,,,0,,,"920,1380",,,"0,0",,,,
305000331,101,生命,刃行怪SP,,,,0,,,"53120,53120  ",,,"13280,19920  ",,,,
305000332,102,攻击,刃行怪SP,,,,0,,,"979,979  ",,,"245,367  ",,,,
305000333,103,防御,刃行怪SP,,,,0,,,"365,365  ",,,"91,137  ",,,,
305000334,104,韧性,刃行怪SP,,,,0,,,"8160,8160  ",,,"2040,3060  ",,,,
305000335,105,速度,刃行怪SP,,,,0,,,"1080,1610",,,"0,0",,,,
30500041,101,生命,梦游羊圣光,,,,0,,,"7168,7168  ",,,"1792,2688  ",,,,
30500042,102,攻击,梦游羊圣光,,,,0,,,"560,560  ",,,"140,210  ",,,,
30500043,103,防御,梦游羊圣光,,,,0,,,"358,358  ",,,"90,134  ",,,,
30500044,104,韧性,梦游羊圣光,,,,0,,,"3584,3584  ",,,"896,1344  ",,,,
30500045,105,速度,梦游羊圣光,,,,0,,,"780,1160",,,"0,0",,,,
305000411,101,生命,梦游羊诅咒,,,,0,,,"7168,7168  ",,,"1792,2688  ",,,,
305000412,102,攻击,梦游羊诅咒,,,,0,,,"560,560  ",,,"140,210  ",,,,
305000413,103,防御,梦游羊诅咒,,,,0,,,"358,358  ",,,"90,134  ",,,,
305000414,104,韧性,梦游羊诅咒,,,,0,,,"3584,3584  ",,,"896,1344  ",,,,
305000415,105,速度,梦游羊诅咒,,,,0,,,"780,1160",,,"0,0",,,,
305000421,101,生命,梦游羊祝福,,,,0,,,"7168,7168  ",,,"1792,2688  ",,,,
305000422,102,攻击,梦游羊祝福,,,,0,,,"560,560  ",,,"140,210  ",,,,
305000423,103,防御,梦游羊祝福,,,,0,,,"358,358  ",,,"90,134  ",,,,
305000424,104,韧性,梦游羊祝福,,,,0,,,"3584,3584  ",,,"896,1344  ",,,,
305000425,105,速度,梦游羊祝福,,,,0,,,"780,1160",,,"0,0",,,,
305000431,101,生命,梦游羊自爆,,,,0,,,"7168,7168  ",,,"1792,2688  ",,,,
305000432,102,攻击,梦游羊自爆,,,,0,,,"560,560  ",,,"140,210  ",,,,
305000433,103,防御,梦游羊自爆,,,,0,,,"358,358  ",,,"90,134  ",,,,
305000434,104,韧性,梦游羊自爆,,,,0,,,"3584,3584  ",,,"896,1344  ",,,,
305000435,105,速度,梦游羊自爆,,,,0,,,"780,1160",,,"0,0",,,,
30500051,101,生命,炎射手,,,,0,,,"5312,5312  ",,,"1328,1992  ",,,,
30500052,102,攻击,炎射手,,,,0,,,"816,816  ",,,"204,306  ",,,,
30500053,103,防御,炎射手,,,,0,,,"266,266  ",,,"67,100  ",,,,
30500054,104,韧性,炎射手,,,,0,,,"3264,3264  ",,,"816,1224  ",,,,
30500055,105,速度,炎射手,,,,0,,,"920,1380",,,"0,0",,,,
305000511,101,生命,深红射手,,,,0,,,"5312,5312  ",,,"1328,1992  ",,,,
305000512,102,攻击,深红射手,,,,0,,,"816,816  ",,,"204,306  ",,,,
305000513,103,防御,深红射手,,,,0,,,"266,266  ",,,"67,100  ",,,,
305000514,104,韧性,深红射手,,,,0,,,"3264,3264  ",,,"816,1224  ",,,,
305000515,105,速度,深红射手,,,,0,,,"920,1380",,,"0,0",,,,
305000521,101,生命,灰烬射手,,,,0,,,"5312,5312  ",,,"1328,1992  ",,,,
305000522,102,攻击,灰烬射手,,,,0,,,"816,816  ",,,"204,306  ",,,,
305000523,103,防御,灰烬射手,,,,0,,,"266,266  ",,,"67,100  ",,,,
305000524,104,韧性,灰烬射手,,,,0,,,"3264,3264  ",,,"816,1224  ",,,,
305000525,105,速度,灰烬射手,,,,0,,,"920,1380",,,"0,0",,,,
305000531,101,生命,炎射手SP,,,,0,,,"53120,53120  ",,,"13280,19920  ",,,,
305000532,102,攻击,炎射手SP,,,,0,,,"979,979  ",,,"245,367  ",,,,
305000533,103,防御,炎射手SP,,,,0,,,"365,365  ",,,"91,137  ",,,,
305000534,104,韧性,炎射手SP,,,,0,,,"8160,8160  ",,,"2040,3060  ",,,,
305000535,105,速度,炎射手SP,,,,0,,,"1080,1610",,,"0,0",,,,
30500061,101,生命,潜伏怪,,,,0,,,"7168,7168  ",,,"1792,2688  ",,,,
30500062,102,攻击,潜伏怪,,,,0,,,"560,560  ",,,"140,210  ",,,,
30500063,103,防御,潜伏怪,,,,0,,,"358,358  ",,,"90,134  ",,,,
30500064,104,韧性,潜伏怪,,,,0,,,"3584,3584  ",,,"896,1344  ",,,,
30500065,105,速度,潜伏怪,,,,0,,,"780,1160",,,"0,0",,,,
305000611,101,生命,掠夺怪,,,,0,,,"7168,7168  ",,,"1792,2688  ",,,,
305000612,102,攻击,掠夺怪,,,,0,,,"560,560  ",,,"140,210  ",,,,
305000613,103,防御,掠夺怪,,,,0,,,"358,358  ",,,"90,134  ",,,,
305000614,104,韧性,掠夺怪,,,,0,,,"3584,3584  ",,,"896,1344  ",,,,
305000615,105,速度,掠夺怪,,,,0,,,"780,1160",,,"0,0",,,,
305000621,101,生命,吞噬怪,,,,0,,,"7168,7168  ",,,"1792,2688  ",,,,
305000622,102,攻击,吞噬怪,,,,0,,,"560,560  ",,,"140,210  ",,,,
305000623,103,防御,吞噬怪,,,,0,,,"358,358  ",,,"90,134  ",,,,
305000624,104,韧性,吞噬怪,,,,0,,,"3584,3584  ",,,"896,1344  ",,,,
305000625,105,速度,吞噬怪,,,,0,,,"780,1160",,,"0,0",,,,
30500071,101,生命,食人花,,,,0,,,"6208,6208  ",,,"1552,2328  ",,,,
30500072,102,攻击,食人花,,,,0,,,"824,824  ",,,"206,309  ",,,,
30500073,103,防御,食人花,,,,0,,,"310,310  ",,,"78,116  ",,,,
30500074,104,韧性,食人花,,,,0,,,"3296,3296  ",,,"824,1236  ",,,,
30500075,105,速度,食人花,,,,0,,,"800,1200",,,"0,0",,,,
305000711,101,生命,巨食花,,,,0,,,"6208,6208  ",,,"1552,2328  ",,,,
305000712,102,攻击,巨食花,,,,0,,,"824,824  ",,,"206,309  ",,,,
305000713,103,防御,巨食花,,,,0,,,"310,310  ",,,"78,116  ",,,,
305000714,104,韧性,巨食花,,,,0,,,"3296,3296  ",,,"824,1236  ",,,,
305000715,105,速度,巨食花,,,,0,,,"800,1200",,,"0,0",,,,
305000721,101,生命,恶诞花妖,,,,0,,,"6208,6208  ",,,"1552,2328  ",,,,
305000722,102,攻击,恶诞花妖,,,,0,,,"824,824  ",,,"206,309  ",,,,
305000723,103,防御,恶诞花妖,,,,0,,,"310,310  ",,,"78,116  ",,,,
305000724,104,韧性,恶诞花妖,,,,0,,,"3296,3296  ",,,"824,1236  ",,,,
305000725,105,速度,恶诞花妖,,,,0,,,"800,1200",,,"0,0",,,,
305000731,101,生命,食人花SP,,,,0,,,"6208,6208  ",,,"1552,2328  ",,,,
305000732,102,攻击,食人花SP,,,,0,,,"824,824  ",,,"206,309  ",,,,
305000733,103,防御,食人花SP,,,,0,,,"310,310  ",,,"78,116  ",,,,
305000734,104,韧性,食人花SP,,,,0,,,"3296,3296  ",,,"824,1236  ",,,,
305000735,105,速度,食人花SP,,,,0,,,"800,1200",,,"0,0",,,,
30500111,101,生命,厨怪,,,,0,,,"7168,7168  ",,,"1792,2688  ",,,,
30500112,102,攻击,厨怪,,,,0,,,"560,560  ",,,"140,210  ",,,,
30500113,103,防御,厨怪,,,,0,,,"358,358  ",,,"90,134  ",,,,
30500114,104,韧性,厨怪,,,,0,,,"3584,3584  ",,,"896,1344  ",,,,
30500115,105,速度,厨怪,,,,0,,,"780,1160",,,"0,0",,,,
305001111,101,生命,厨妖,,,,0,,,"7168,7168  ",,,"1792,2688  ",,,,
305001112,102,攻击,厨妖,,,,0,,,"560,560  ",,,"140,210  ",,,,
305001113,103,防御,厨妖,,,,0,,,"358,358  ",,,"90,134  ",,,,
305001114,104,韧性,厨妖,,,,0,,,"3584,3584  ",,,"896,1344  ",,,,
305001115,105,速度,厨妖,,,,0,,,"780,1160",,,"0,0",,,,
305001121,101,生命,厨鬼,,,,0,,,"7168,7168  ",,,"1792,2688  ",,,,
305001122,102,攻击,厨鬼,,,,0,,,"560,560  ",,,"140,210  ",,,,
305001123,103,防御,厨鬼,,,,0,,,"358,358  ",,,"90,134  ",,,,
305001124,104,韧性,厨鬼,,,,0,,,"3584,3584  ",,,"896,1344  ",,,,
305001125,105,速度,厨鬼,,,,0,,,"780,1160",,,"0,0",,,,
30500121,101,生命,黑面纱之魅,,,,0,,,"6208,6208  ",,,"1552,2328  ",,,,
30500122,102,攻击,黑面纱之魅,,,,0,,,"824,824  ",,,"206,309  ",,,,
30500123,103,防御,黑面纱之魅,,,,0,,,"310,310  ",,,"78,116  ",,,,
30500124,104,韧性,黑面纱之魅,,,,0,,,"3296,3296  ",,,"824,1236  ",,,,
30500125,105,速度,黑面纱之魅,,,,0,,,"800,1200",,,"0,0",,,,
305001211,101,生命,黑面纱之魇,,,,0,,,"6208,6208  ",,,"1552,2328  ",,,,
305001212,102,攻击,黑面纱之魇,,,,0,,,"824,824  ",,,"206,309  ",,,,
305001213,103,防御,黑面纱之魇,,,,0,,,"310,310  ",,,"78,116  ",,,,
305001214,104,韧性,黑面纱之魇,,,,0,,,"3296,3296  ",,,"824,1236  ",,,,
305001215,105,速度,黑面纱之魇,,,,0,,,"800,1200",,,"0,0",,,,
305001221,101,生命,黑面纱之怨,,,,0,,,"6208,6208  ",,,"1552,2328  ",,,,
305001222,102,攻击,黑面纱之怨,,,,0,,,"824,824  ",,,"206,309  ",,,,
305001223,103,防御,黑面纱之怨,,,,0,,,"310,310  ",,,"78,116  ",,,,
305001224,104,韧性,黑面纱之怨,,,,0,,,"3296,3296  ",,,"824,1236  ",,,,
305001225,105,速度,黑面纱之怨,,,,0,,,"800,1200",,,"0,0",,,,
30500131,101,生命,怒魔人,,,,0,,,"5312,5312  ",,,"1328,1992  ",,,,
30500132,102,攻击,怒魔人,,,,0,,,"816,816  ",,,"204,306  ",,,,
30500133,103,防御,怒魔人,,,,0,,,"266,266  ",,,"67,100  ",,,,
30500134,104,韧性,怒魔人,,,,0,,,"3264,3264  ",,,"816,1224  ",,,,
30500135,105,速度,怒魔人,,,,0,,,"920,1380",,,"0,0",,,,
305001311,101,生命,噬怒魔,,,,0,,,"5312,5312  ",,,"1328,1992  ",,,,
305001312,102,攻击,噬怒魔,,,,0,,,"816,816  ",,,"204,306  ",,,,
305001313,103,防御,噬怒魔,,,,0,,,"266,266  ",,,"67,100  ",,,,
305001314,104,韧性,噬怒魔,,,,0,,,"3264,3264  ",,,"816,1224  ",,,,
305001315,105,速度,噬怒魔,,,,0,,,"920,1380",,,"0,0",,,,
305001321,101,生命,憎恶异魔,,,,0,,,"5312,5312  ",,,"1328,1992  ",,,,
305001322,102,攻击,憎恶异魔,,,,0,,,"816,816  ",,,"204,306  ",,,,
305001323,103,防御,憎恶异魔,,,,0,,,"266,266  ",,,"67,100  ",,,,
305001324,104,韧性,憎恶异魔,,,,0,,,"3264,3264  ",,,"816,1224  ",,,,
305001325,105,速度,憎恶异魔,,,,0,,,"920,1380",,,"0,0",,,,
30500141,101,生命,糖豆妖精,,,,0,,,"7168,7168  ",,,"1792,2688  ",,,,
30500142,102,攻击,糖豆妖精,,,,0,,,"560,560  ",,,"140,210  ",,,,
30500143,103,防御,糖豆妖精,,,,0,,,"358,358  ",,,"90,134  ",,,,
30500144,104,韧性,糖豆妖精,,,,0,,,"3584,3584  ",,,"896,1344  ",,,,
30500145,105,速度,糖豆妖精,,,,0,,,"780,1160",,,"0,0",,,,
305001411,101,生命,诡戏妖精,,,,0,,,"7168,7168  ",,,"1792,2688  ",,,,
305001412,102,攻击,诡戏妖精,,,,0,,,"560,560  ",,,"140,210  ",,,,
305001413,103,防御,诡戏妖精,,,,0,,,"358,358  ",,,"90,134  ",,,,
305001414,104,韧性,诡戏妖精,,,,0,,,"3584,3584  ",,,"896,1344  ",,,,
305001415,105,速度,诡戏妖精,,,,0,,,"780,1160",,,"0,0",,,,
305001421,101,生命,怪邪妖精,,,,0,,,"7168,7168  ",,,"1792,2688  ",,,,
305001422,102,攻击,怪邪妖精,,,,0,,,"560,560  ",,,"140,210  ",,,,
305001423,103,防御,怪邪妖精,,,,0,,,"358,358  ",,,"90,134  ",,,,
305001424,104,韧性,怪邪妖精,,,,0,,,"3584,3584  ",,,"896,1344  ",,,,
305001425,105,速度,怪邪妖精,,,,0,,,"780,1160",,,"0,0",,,,
30500151,101,生命,蕈人,,,,0,,,"7168,7168  ",,,"1792,2688  ",,,,
30500152,102,攻击,蕈人,,,,0,,,"560,560  ",,,"140,210  ",,,,
30500153,103,防御,蕈人,,,,0,,,"358,358  ",,,"90,134  ",,,,
30500154,104,韧性,蕈人,,,,0,,,"3584,3584  ",,,"896,1344  ",,,,
30500155,105,速度,蕈人,,,,0,,,"780,1160",,,"0,0",,,,
305001511,101,生命,厚垣蕈人,,,,0,,,"5632,5632  ",,,"1408,2112  ",,,,
305001512,102,攻击,厚垣蕈人,,,,0,,,"576,576  ",,,"144,216  ",,,,
305001513,103,防御,厚垣蕈人,,,,0,,,"390,390  ",,,"98,146  ",,,,
305001514,104,韧性,厚垣蕈人,,,,0,,,"3904,3904  ",,,"976,1464  ",,,,
305001515,105,速度,厚垣蕈人,,,,0,,,"780,1180",,,"0,0",,,,
305001521,101,生命,蕈人酋长,,,,0,,,"7168,7168  ",,,"1792,2688  ",,,,
305001522,102,攻击,蕈人酋长,,,,0,,,"560,560  ",,,"140,210  ",,,,
305001523,103,防御,蕈人酋长,,,,0,,,"358,358  ",,,"90,134  ",,,,
305001524,104,韧性,蕈人酋长,,,,0,,,"3584,3584  ",,,"896,1344  ",,,,
305001525,105,速度,蕈人酋长,,,,0,,,"780,1160",,,"0,0",,,,
30500161,101,生命,公主骑士偶,,,,0,,,"5312,5312  ",,,"1328,1992  ",,,,
30500162,102,攻击,公主骑士偶,,,,0,,,"816,816  ",,,"204,306  ",,,,
30500163,103,防御,公主骑士偶,,,,0,,,"266,266  ",,,"67,100  ",,,,
30500164,104,韧性,公主骑士偶,,,,0,,,"3264,3264  ",,,"816,1224  ",,,,
30500165,105,速度,公主骑士偶,,,,0,,,"920,1380",,,"0,0",,,,
305001611,101,生命,皇家骑士偶,,,,0,,,"5312,5312  ",,,"1328,1992  ",,,,
305001612,102,攻击,皇家骑士偶,,,,0,,,"816,816  ",,,"204,306  ",,,,
305001613,103,防御,皇家骑士偶,,,,0,,,"266,266  ",,,"67,100  ",,,,
305001614,104,韧性,皇家骑士偶,,,,0,,,"3264,3264  ",,,"816,1224  ",,,,
305001615,105,速度,皇家骑士偶,,,,0,,,"920,1380",,,"0,0",,,,
305001621,101,生命,猩红骑士偶,,,,0,,,"5312,5312  ",,,"1328,1992  ",,,,
305001622,102,攻击,猩红骑士偶,,,,0,,,"816,816  ",,,"204,306  ",,,,
305001623,103,防御,猩红骑士偶,,,,0,,,"266,266  ",,,"67,100  ",,,,
305001624,104,韧性,猩红骑士偶,,,,0,,,"3264,3264  ",,,"816,1224  ",,,,
305001625,105,速度,猩红骑士偶,,,,0,,,"920,1380",,,"0,0",,,,
30500171,101,生命,烛贤者,,,,0,,,"7168,7168  ",,,"1792,2688  ",,,,
30500172,102,攻击,烛贤者,,,,0,,,"816,816  ",,,"140,210  ",,,,
30500173,103,防御,烛贤者,,,,0,,,"266,266  ",,,"90,134  ",,,,
30500174,104,韧性,烛贤者,,,,0,,,"3264,3264  ",,,"896,1344  ",,,,
30500175,105,速度,烛贤者,,,,0,,,"920,1380",,,"0,0",,,,
305001711,101,生命,炽贤者,,,,0,,,"5312,5312  ",,,"1328,1992  ",,,,
305001712,102,攻击,炽贤者,,,,0,,,"816,816  ",,,"204,306  ",,,,
305001713,103,防御,炽贤者,,,,0,,,"266,266  ",,,"67,100  ",,,,
305001714,104,韧性,炽贤者,,,,0,,,"3264,3264  ",,,"816,1224  ",,,,
305001715,105,速度,炽贤者,,,,0,,,"920,1380",,,"0,0",,,,
305001721,101,生命,烬贤者,,,,0,,,"5312,5312  ",,,"1328,1992  ",,,,
305001722,102,攻击,烬贤者,,,,0,,,"816,816  ",,,"204,306  ",,,,
305001723,103,防御,烬贤者,,,,0,,,"266,266  ",,,"67,100  ",,,,
305001724,104,韧性,烬贤者,,,,0,,,"3264,3264  ",,,"816,1224  ",,,,
305001725,105,速度,烬贤者,,,,0,,,"920,1380",,,"0,0",,,,
30500221,101,生命,欢乐戏法师,,,,0,,,"7168,7168  ",,,"1792,2688  ",,,,
30500222,102,攻击,欢乐戏法师,,,,0,,,"560,560  ",,,"140,210  ",,,,
30500223,103,防御,欢乐戏法师,,,,0,,,"358,358  ",,,"90,134  ",,,,
30500224,104,韧性,欢乐戏法师,,,,0,,,"3584,3584  ",,,"896,1344  ",,,,
30500225,105,速度,欢乐戏法师,,,,0,,,"780,1160",,,"0,0",,,,
30500231,101,生命,鬼修罗,,,,0,,,"5312,5312  ",,,"1328,1992  ",,,,
30500232,102,攻击,鬼修罗,,,,0,,,"816,816  ",,,"204,306  ",,,,
30500233,103,防御,鬼修罗,,,,0,,,"266,266  ",,,"67,100  ",,,,
30500234,104,韧性,鬼修罗,,,,0,,,"3264,3264  ",,,"816,1224  ",,,,
30500235,105,速度,鬼修罗,,,,0,,,"920,1380",,,"0,0",,,,
30500261,101,生命,火兵士,,,,0,,,"31040,31040  ",,,"7760,11640  ",,,,
30500262,102,攻击,火兵士,,,,0,,,"906,906  ",,,"227,340  ",,,,
30500263,103,防御,火兵士,,,,0,,,"388,388  ",,,"97,146  ",,,,
30500264,104,韧性,火兵士,,,,0,,,"6592,6592  ",,,"1648,2472  ",,,,
30500265,105,速度,火兵士,,,,0,,,"880,1320",,,"0,0",,,,
30500271,101,生命,暗教士,,,,0,,,"7168,7168  ",,,"1792,2688  ",,,,
30500272,102,攻击,暗教士,,,,0,,,"560,560  ",,,"140,210  ",,,,
30500273,103,防御,暗教士,,,,0,,,"358,358  ",,,"90,134  ",,,,
30500274,104,韧性,暗教士,,,,0,,,"3584,3584  ",,,"896,1344  ",,,,
30500275,105,速度,暗教士,,,,0,,,"780,1160",,,"0,0",,,,
30500361,101,生命,竹傀儡,,,,0,,,"5312,5312  ",,,"1328,1992  ",,,,
30500362,102,攻击,竹傀儡,,,,0,,,"816,816  ",,,"204,306  ",,,,
30500363,103,防御,竹傀儡,,,,0,,,"266,266  ",,,"67,100  ",,,,
30500364,104,韧性,竹傀儡,,,,0,,,"3264,3264  ",,,"816,1224  ",,,,
30500365,105,速度,竹傀儡,,,,0,,,"920,1380",,,"0,0",,,,
305003611,101,生命,竹筒王,,,,0,,,"5612,5612  ",,,"1478,2142  ",,,,
305003612,102,攻击,竹筒王,,,,0,,,"866,866  ",,,"234,366  ",,,,
305003613,103,防御,竹筒王,,,,0,,,"266,266  ",,,"67,100  ",,,,
305003614,104,韧性,竹筒王,,,,0,,,"3264,3264  ",,,"816,1224  ",,,,
305003615,105,速度,竹筒王,,,,0,,,"920,1380",,,"0,0",,,,
30500461,101,生命,鼎生,,,,0,,,"5632,5632  ",,,"1408,2112  ",,,,
30500462,102,攻击,鼎生,,,,0,,,"576,576  ",,,"144,216  ",,,,
30500463,103,防御,鼎生,,,,0,,,"390,390  ",,,"98,146  ",,,,
30500464,104,韧性,鼎生,,,,0,,,"3904,3904  ",,,"976,1464  ",,,,
30500465,105,速度,鼎生,,,,0,,,"780,1180",,,"0,0",,,,
305004611,101,生命,赤面,,,,0,,,"5632,5632  ",,,"1408,2112  ",,,,
305004612,102,攻击,赤面,,,,0,,,"576,576  ",,,"144,216  ",,,,
305004613,103,防御,赤面,,,,0,,,"390,390  ",,,"98,146  ",,,,
305004614,104,韧性,赤面,,,,0,,,"3904,3904  ",,,"976,1464  ",,,,
305004615,105,速度,赤面,,,,0,,,"780,1180",,,"0,0",,,,
30500471,101,生命,命鼠,,,,0,,,"7168,7168  ",,,"1792,2688  ",,,,
30500472,102,攻击,命鼠,,,,0,,,"560,560  ",,,"140,210  ",,,,
30500473,103,防御,命鼠,,,,0,,,"358,358  ",,,"90,134  ",,,,
30500474,104,韧性,命鼠,,,,0,,,"3584,3584  ",,,"896,1344  ",,,,
30500475,105,速度,命鼠,,,,0,,,"780,1160",,,"0,0",,,,
305004711,101,生命,丹鼠,,,,0,,,"7168,7168  ",,,"1792,2688  ",,,,
305004712,102,攻击,丹鼠,,,,0,,,"560,560  ",,,"140,210  ",,,,
305004713,103,防御,丹鼠,,,,0,,,"358,358  ",,,"90,134  ",,,,
305004714,104,韧性,丹鼠,,,,0,,,"3584,3584  ",,,"896,1344  ",,,,
305004715,105,速度,丹鼠,,,,0,,,"780,1160",,,"0,0",,,,
30500371,101,生命,器傀,,,,0,,,"7168,7168  ",,,"1792,2688  ",,,,
30500372,102,攻击,器傀,,,,0,,,"560,560  ",,,"140,210  ",,,,
30500373,103,防御,器傀,,,,0,,,"358,358  ",,,"90,134  ",,,,
30500374,104,韧性,器傀,,,,0,,,"3584,3584  ",,,"896,1344  ",,,,
30500375,105,速度,器傀,,,,0,,,"780,1160",,,"0,0",,,,
305003711,101,生命,瓷傀,,,,0,,,"7168,7168  ",,,"1792,2688  ",,,,
305003712,102,攻击,瓷傀,,,,0,,,"560,560  ",,,"140,210  ",,,,
305003713,103,防御,瓷傀,,,,0,,,"358,358  ",,,"90,134  ",,,,
305003714,104,韧性,瓷傀,,,,0,,,"3584,3584  ",,,"896,1344  ",,,,
305003715,105,速度,瓷傀,,,,0,,,"780,1160",,,"0,0",,,,
30500481,101,生命,云峦狐,,,,0,,,"6208,6208  ",,,"1552,2328  ",,,,
30500482,102,攻击,云峦狐,,,,0,,,"824,824  ",,,"206,309  ",,,,
30500483,103,防御,云峦狐,,,,0,,,"310,310  ",,,"78,116  ",,,,
30500484,104,韧性,云峦狐,,,,0,,,"3296,3296  ",,,"824,1236  ",,,,
30500485,105,速度,云峦狐,,,,0,,,"800,1200",,,"0,0",,,,
305004811,101,生命,云霞狐,,,,0,,,"6208,6208  ",,,"1552,2328  ",,,,
305004812,102,攻击,云霞狐,,,,0,,,"824,824  ",,,"206,309  ",,,,
305004813,103,防御,云霞狐,,,,0,,,"310,310  ",,,"78,116  ",,,,
305004814,104,韧性,云霞狐,,,,0,,,"3296,3296  ",,,"824,1236  ",,,,
305004815,105,速度,云霞狐,,,,0,,,"800,1200",,,"0,0",,,,
305004821,101,生命,云峦狐,,,,0,,,"6208,6208  ",,,"1552,2328  ",,,,
305004822,102,攻击,云峦狐,,,,0,,,"824,824  ",,,"206,309  ",,,,
305004823,103,防御,云峦狐,,,,0,,,"310,310  ",,,"78,116  ",,,,
305004824,104,韧性,云峦狐,,,,0,,,"3296,3296  ",,,"824,1236  ",,,,
305004825,105,速度,云峦狐,,,,0,,,"800,1200",,,"0,0",,,,
30500491,101,生命,艾卡希猎兵,,,,0,,,"5312,5312  ",,,"1328,1992  ",,,,
30500492,102,攻击,艾卡希猎兵,,,,0,,,"816,816  ",,,"204,306  ",,,,
30500493,103,防御,艾卡希猎兵,,,,0,,,"266,266  ",,,"67,100  ",,,,
30500494,104,韧性,艾卡希猎兵,,,,0,,,"3264,3264  ",,,"816,1224  ",,,,
30500495,105,速度,艾卡希猎兵,,,,0,,,"920,1380",,,"0,0",,,,
305004911,101,生命,艾卡希佣仆,,,,0,,,"5312,5312  ",,,"1328,1992  ",,,,
305004912,102,攻击,艾卡希佣仆,,,,0,,,"816,816  ",,,"204,306  ",,,,
305004913,103,防御,艾卡希佣仆,,,,0,,,"266,266  ",,,"67,100  ",,,,
305004914,104,韧性,艾卡希佣仆,,,,0,,,"3264,3264  ",,,"816,1224  ",,,,
305004915,105,速度,艾卡希佣仆,,,,0,,,"920,1380",,,"0,0",,,,
2000001,1,,,,高级侵蚀之触,,0,3,0,,,,,,,2000001,200000_rngability_icon
2000002,1,,,,中级侵蚀之触,,0,2,0,,,,,,,2000002,200000_rngability_icon
2000003,1,,,,低级侵蚀之触,,0,1,0,,,,,,,2000003,200000_rngability_icon
2000011,1,,,,高级灼烧之炎,,0,3,0,,,,,,,2000011,200001_rngability_icon
2000012,1,,,,中级灼烧之炎,,0,2,0,,,,,,,2000012,200001_rngability_icon
2000013,1,,,,低级灼烧之炎,,0,1,0,,,,,,,2000013,200001_rngability_icon
2000021,1,,,,高级混沌侵蚀,,0,3,0,,,,,,,2000021,200002_rngability_icon
2000022,1,,,,中级混沌侵蚀,,0,2,0,,,,,,,2000022,200002_rngability_icon
2000023,1,,,,低级混沌侵蚀,,0,1,0,,,,,,,2000023,200002_rngability_icon
2000031,1,,,,高级能量吞噬,,0,3,0,,,,,,,2000031,200003_rngability_icon
2000032,1,,,,中级能量吞噬,,0,2,0,,,,,,,2000032,200003_rngability_icon
2000033,1,,,,低级能量吞噬,,0,1,0,,,,,,,2000033,200003_rngability_icon
2000041,1,,,,高级反噬侵蚀,,0,3,0,,,,,,,2000041,200004_rngability_icon
2000042,1,,,,中级反噬侵蚀,,0,2,0,,,,,,,2000042,200004_rngability_icon
2000043,1,,,,低级反噬侵蚀,,0,1,0,,,,,,,2000043,200004_rngability_icon
2000051,1,,,,高级灼烧反噬,,0,3,0,,,,,,,2000051,200005_rngability_icon
2000052,1,,,,中级灼烧反噬,,0,2,0,,,,,,,2000052,200005_rngability_icon
2000053,1,,,,低级灼烧反噬,,0,1,0,,,,,,,2000053,200005_rngability_icon
2000061,1,,,,高级混沌反噬,,0,3,0,,,,,,,2000061,200006_rngability_icon
2000062,1,,,,中级混沌反噬,,0,2,0,,,,,,,2000062,200006_rngability_icon
2000063,1,,,,低级混沌反噬,,0,1,0,,,,,,,2000063,200006_rngability_icon
2000071,1,,,,高级能量反噬,,0,3,0,,,,,,,2000071,200007_rngability_icon
2000072,1,,,,中级能量反噬,,0,2,0,,,,,,,2000072,200007_rngability_icon
2000073,1,,,,低级能量反噬,,0,1,0,,,,,,,2000073,200007_rngability_icon
2000081,1,,,,强效滞缓打击,,0,3,0,,,,,,,2000081,200008_rngability_icon
2000082,1,,,,基础滞缓打击,,0,2,0,,,,,,,2000082,200008_rngability_icon
2000091,1,,,,强效挑衅,,0,3,0,,,,,,,2000091,200009_rngability_icon
2000092,1,,,,基础挑衅,,0,1,0,,,,,,,2000092,200009_rngability_icon
2000101,1,,,,强效生命虹吸,,0,3,0,,,,,,,2000101,200010_rngability_icon
2000102,1,,,,基础生命虹吸,,0,1,0,,,,,,,2000102,200010_rngability_icon
2000111,1,,,,高级嗜血,,0,3,0,,,,,,,2000111,200011_rngability_icon
2000112,1,,,,中级嗜血,,0,2,0,,,,,,,2000112,200011_rngability_icon
2000113,1,,,,低级嗜血,,0,1,0,,,,,,,2000113,200011_rngability_icon
2000121,1,,,,高级攻击强化,,0,3,0,,,,,,,2000121,200012_rngability_icon
2000122,1,,,,中级攻击强化,,0,2,0,,,,,,,2000122,200012_rngability_icon
2000123,1,,,,低级攻击强化,,0,1,0,,,,,,,2000123,200012_rngability_icon
2000131,1,,,,高级防御强化,,0,3,0,,,,,,,2000131,200013_rngability_icon
2000132,1,,,,中级防御强化,,0,2,0,,,,,,,2000132,200013_rngability_icon
2000133,1,,,,低级防御强化,,0,1,0,,,,,,,2000133,200013_rngability_icon
2000141,1,,,,高级生命强化,,0,3,0,,,,,,,2000141,200014_rngability_icon
2000142,1,,,,中级生命强化,,0,2,0,,,,,,,2000142,200014_rngability_icon
2000143,1,,,,低级生命强化,,0,1,0,,,,,,,2000143,200014_rngability_icon
2000151,1,,,,高级韧性强化,,0,3,0,,,,,,,2000151,200015_rngability_icon
2000152,1,,,,中级韧性强化,,0,2,0,,,,,,,2000152,200015_rngability_icon
2000153,1,,,,低级韧性强化,,0,1,0,,,,,,,2000153,200015_rngability_icon
2000161,1,,,,高级速度强化,,0,3,0,,,,,,,2000161,200016_rngability_icon
2000162,1,,,,中级速度强化,,0,2,0,,,,,,,2000162,200016_rngability_icon
2000163,1,,,,低级速度强化,,0,1,0,,,,,,,2000163,200016_rngability_icon
2000171,1,,,,高级暴击精通,,0,3,0,,,,,,,2000171,200017_rngability_icon
2000172,1,,,,中级暴击精通,,0,2,0,,,,,,,2000172,200017_rngability_icon
2000173,1,,,,低级暴击精通,,0,1,0,,,,,,,2000173,200017_rngability_icon
2000181,1,,,,高级闪避精通,,0,3,0,,,,,,,2000181,200018_rngability_icon
2000182,1,,,,中级闪避精通,,0,2,0,,,,,,,2000182,200018_rngability_icon
2000183,1,,,,低级闪避精通,,0,1,0,,,,,,,2000183,200018_rngability_icon
2000191,1,,,,高级精准掌握,,0,3,0,,,,,,,2000191,200019_rngability_icon
2000192,1,,,,中级精准掌握,,0,2,0,,,,,,,2000192,200019_rngability_icon
2000193,1,,,,低级精准掌握,,0,1,0,,,,,,,2000193,200019_rngability_icon
2000201,1,,,,高级仇恨共鸣,,0,3,0,,,,,,,2000201,200020_rngability_icon
2000202,1,,,,中级仇恨共鸣,,0,2,0,,,,,,,2000202,200020_rngability_icon
2000203,1,,,,低级仇恨共鸣,,0,1,0,,,,,,,2000203,200020_rngability_icon
2000211,1,,,,高级荆棘之甲,,0,3,0,,,,,,,2000211,200021_rngability_icon
2000212,1,,,,中级荆棘之甲,,0,2,0,,,,,,,2000212,200021_rngability_icon
2000213,1,,,,低级荆棘之甲,,0,1,0,,,,,,,2000213,200021_rngability_icon
2000221,1,,,,高级弱破稳固,,0,3,0,,,,,,,2000221,200022_rngability_icon
2000222,1,,,,中级弱破稳固,,0,2,0,,,,,,,2000222,200022_rngability_icon
2000223,1,,,,低级弱破稳固,,0,1,0,,,,,,,2000223,200022_rngability_icon
2000231,1,,,,高级引领之击,,0,3,0,,,,,,,2000231,200024_rngability_icon
2000233,1,,,,引领之击,,0,1,0,,,,,,,2000233,200024_rngability_icon
2000241,1,,,,强效净化打击,,0,3,0,,,,,,,2000241,200023_rngability_icon
2000242,1,,,,基础净化打击,,0,1,0,,,,,,,2000242,200023_rngability_icon
2000251,1,,,,高级急救,,0,3,0,,,,,,,2000251,200025_rngability_icon
2000252,1,,,,急救,,0,1,0,,,,,,,2000252,200025_rngability_icon
2000261,1,,,,高级自愈循环,,0,3,0,,,,,,,2000261,200025_rngability_icon
2000262,1,,,,自愈循环,,0,1,0,,,,,,,2000262,200025_rngability_icon
2000271,1,,,,强效异常增幅  ,,0,3,0,,,,,,,2000271,200027_rngability_icon
2000272,1,,,,基础异常增幅  ,,0,1,0,,,,,,,2000272,200027_rngability_icon
2000281,1,,,,强效连击触发  ,,0,3,0,,,,,,,2000281,200028_rngability_icon
2000282,1,,,,基础连击触发  ,,0,1,0,,,,,,,2000282,200028_rngability_icon
2000291,1,,,,强效能量涌动  ,,0,3,0,,,,,,,2000291,200029_rngability_icon
2000292,1,,,,基础能量涌动  ,,0,1,0,,,,,,,2000292,200029_rngability_icon
2000300,1,,,,免疫侵蚀,,0,3,0,,,,,,,2000300,200030_rngability_icon
2000310,1,,,,免疫灼烧,,0,3,0,,,,,,,2000310,200031_rngability_icon
2000320,1,,,,不屈意志,,0,3,0,,,,,,,2000320,200032_rngability_icon
2000330,1,,,,免疫暴击,,0,3,0,,,,,,,2000330,200033_rngability_icon
2000340,1,,,,绝对命中,,0,3,0,,,,,,,2000340,200034_rngability_icon
2000350,1,,,,强效净化之环  ,,0,3,0,,,,,,,2000350,200035_rngability_icon
2000351,1,,,,基础净化之环  ,,0,1,0,,,,,,,2000351,200035_rngability_icon
2000360,1,,,,迅捷反应,,0,3,0,,,,,,,2000360,200036_rngability_icon
2000370,1,,,,免疫反伤,,0,3,0,,,,,,,2000370,200037_rngability_icon
2000380,1,,,,禁疗之触,,0,3,0,,,,,,,2000380,200038_rngability_icon
2000390,1,,,,攻击成长,,0,2,0,,,,,,,2000390,200039_rngability_icon
2000400,1,,,,防御成长,,0,2,0,,,,,,,2000400,200040_rngability_icon
2000410,1,,,,韧性成长,,0,2,0,,,,,,,2000410,200041_rngability_icon
2000420,1,,,,生命成长,,0,2,0,,,,,,,2000420,200042_rngability_icon
2000430,1,,,,强效疗盾转化,,0,3,0,,,,,,,2000430,200043_rngability_icon
2000431,1,,,,基础疗盾转化,,0,1,0,,,,,,,2000431,200043_rngability_icon
2000440,1,,,,高级破盾强击,,0,3,0,,,,,,,2000440,200044_rngability_icon
2000441,1,,,,破盾强击,,0,1,0,,,,,,,2000441,200044_rngability_icon
2000450,1,,,,护盾直击,,0,2,0,,,,,,,2000450,200045_rngability_icon
2000460,1,,,,弱点稳固,,0,2,0,,,,,,,2000460,200022_rngability_icon
2000470,1,,,,高级愈伤共鸣,,0,3,0,,,,,,,2000470,200047_rngability_icon
2000471,1,,,,愈伤共鸣,,0,1,0,,,,,,,2000471,200047_rngability_icon
2000480,1,,,,高级治疗强化,,0,3,0,,,,,,,2000480,200048_rngability_icon
2000481,1,,,,治疗强化,,0,1,0,,,,,,,2000481,200048_rngability_icon
20130010,1,,,,格蕾,,1,,0,,,,,,,20130010,
20130030,1,,,,阿涅克丝,,1,,0,,,,,,,20130030,
20130040,1,,,,炽爱,,1,,0,,,,,,,20130040,
20130060,1,,,,水仙,,1,,0,,,,,,,20130060,
20130070,1,,,,菲莉希亚,,1,,0,,,,,,,20130070,
20130080,1,,,,梅露特,,1,,0,,,,,,,20130080,
20130090,1,,,,奈奈芙,,1,,0,,,,,,,20130090,
20130140,1,,,,玛瑙,,1,,0,,,,,,,20130140,
20130150,1,,,,哀歌,,1,,0,,,,,,,20130150,
20130170,1,,,,波斯菊,,1,,0,,,,,,,20130170,
20130180,1,,,,爱琳,,1,,0,,,,,,,20130180,
20130190,1,,,,库萝心,,1,,0,,,,,,,20130190,
20130200,1,,,,维达,,1,,0,,,,,,,20130200,
20130220,1,,,,莱拉,,1,,0,,,,,,,20130220,
20130230,1,,,,芙洛拉,,1,,0,,,,,,,20130230,
20130250,1,,,,多萝西,,1,,0,,,,,,,20130250,
20140010,1,,,,普琳普顿,,1,,0,,,,,,,20140010,
20140030,1,,,,焰心,,1,,0,,,,,,,20140030,
20140040,1,,,,索菲,,1,,0,,,,,,,20140040,
20140050,1,,,,弥生,,1,,0,,,,,,,20140050,
20140120,1,,,,未来,,1,,0,,,,,,,20140120,
20140160,1,,,,杏林,,1,,0,,,,,,,20140160,
20140180,1,,,,诗娅,,1,,0,,,,,,,20140180,
20140190,1,,,,艾什尔,,1,,0,,,,,,,20140190,
20140200,1,,,,阿波菲斯,,1,,0,,,,,,,20140200,
20140210,1,,,,纳菲,,1,,0,,,,,,,20140210,
20140220,1,,,,丘吉尔,,1,,0,,,,,,,20140220,
20140240,1,,,,雷雷,,1,,0,,,,,,,20140240,
20140250,1,,,,安普莎,,1,,0,,,,,,,20140250,
20140260,1,,,,库萝爱,,1,,0,,,,,,,20140260,
20140270,1,,,,贝拉,,1,,0,,,,,,,20140270,
20150020,1,,,,丹妮,,1,,0,,,,,,,20150020,
20150060,1,,,,希夕莉,,1,,0,,,,,,,20150060,
20150070,1,,,,萨拉,,1,,0,,,,,,,20150070,
20150080,1,,,,牧,,1,,0,,,,,,,20150080,
20160090,1,,,,吉拉蒂亚,,1,,0,,,,,,,20160090,
20160110,1,,,,卡萝琳,,1,,0,,,,,,,20160110,
20160230,1,,,,佩内洛普,,1,,0,,,,,,,20160230,
20160380,1,,,,仙蒂,,1,,0,,,,,,,20160380,
20140230,1,,,,神光,,1,,0,,,,,,,20140230,
20150040,1,,,,耶坦尼娅,,1,,0,,,,,,,20150040,
20160130,1,,,,克尔苏娜,,1,,0,,,,,,,20160130,
20160310,1,,,,小闪,,1,,0,,,,,,,20160310,
20160680,1,,,,贝卡丝,,1,,0,,,,,,,20160680,
20161300,1,,,,伊卡洛斯,,1,,0,,,,,,,20161300,
20140290,1,,,,贝儿,,1,,0,,,,,,,20140290,
20140300,1,,,,安娜,,1,,0,,,,,,,20140300,
20140090,1,,,,桃,,1,,0,,,,,,,20140090,
20161870,1,,,,大波斯菊,,1,,0,,,,,,,20161870,
20160170,1,,,,罗莎莉,,1,,0,,,,,,,20160170,
20140020,1,,,,黛比,,1,,0,,,,,,,20140020,
20160200,1,,,,奈奥米,,1,,0,,,,,,,20160200,
501001,,,,,赤焰余烬,,1,,,,,,,,,501001,
501002,,,,,灼痕连锁,,1,,,,,,,,,501002,
501003,,,,,焚烬增幅,,1,,,,,,,,,501003,
501004,,,,,灼炎蔓延,,1,,,,,,,,,501004,
501101,,,,,灼烬余响,,1,,,,,,,,,501101,
501102,,,,,赤焰领域,,1,,,,,,,,,501102,
501103,,,,,炎能回馈,,1,,,,,,,,,501103,
501104,,,,,炎噬之韧,,1,,,,,,,,,501104,
501105,,,,,焚寂永续,,1,,,,,,,,,501105,
502001,,,,,侵蚀渗透,,1,,,,,,,,,502001,
502002,,,,,蚀痕预兆,,1,,,,,,,,,502002,
502003,,,,,深蚀共鸣,,1,,,,,,,,,502003,
502004,,,,,蚀毒增生,,1,,,,,,,,,502004,
502101,,,,,蚀痕扩散,,1,,,,,,,,,502101,
502102,,,,,侵蚀领域,,1,,,,,,,,,502102,
502103,,,,,蚀骨弱化,,1,,,,,,,,,502103,
502104,,,,,侵蚀普攻,,1,,,,,,,,,502104,
502105,,,,,蚀痕永续,,1,,,,,,,,,502105,
503101,,,,,双生萝卜,,1,,,,,,,,,503101,
503102,,,,,萝卜增幅,,1,,,,,,,,,503102,
503103,,,,,萝卜种子,,1,,,,,,,,,503103,
503104,,,,,萝卜回馈,,1,,,,,,,,,503104,
503105,,,,,萝卜连锁,,1,,,,,,,,,503105,
503106,,,,,萝卜盛宴,,1,,,,,,,,,503106,
504101,,,,,混沌侵袭,,1,,,,,,,,,504101,
504102,,,,,负面叠加,,1,,,,,,,,,504102,
504103,,,,,负面余波,,1,,,,,,,,,504103,
505101,,,,,愈疗反噬,,1,,,,,,,,,505101,
505102,,,,,生命虹吸,,1,,,,,,,,,505102,
505103,,,,,双倍愈疗,,1,,,,,,,,,505103,
505104,,,,,圣愈强化,,1,,,,,,,,,505104,
505105,,,,,愈疗护盾,,1,,,,,,,,,505105,
506101,,,,,弱点裁决,,1,,,,,,,,,506101,
506102,,,,,弱点混沌,,1,,,,,,,,,506102,
506103,,,,,弱点爆发,,1,,,,,,,,,506103,
506104,,,,,弱点贯穿,,1,,,,,,,,,506104,
506105,,,,,弱点引燃,,1,,,,,,,,,506105,
506106,,,,,弱点余震,,1,,,,,,,,,506106,
507101,,,,,坚盾循环,,1,,,,,,,,,507101,
507102,,,,,护盾转化,,1,,,,,,,,,507102,
507103,,,,,护盾预兆,,1,,,,,,,,,507103,
507104,,,,,生命护盾,,1,,,,,,,,,507104,
507105,,,,,血盾平衡,,1,,,,,,,,,507105,
507106,,,,,护盾反噬,,1,,,,,,,,,507106,
507107,,,,,护盾冲击,,1,,,,,,,,,507107,
508101,,,,,反伤增幅,,1,,,,,,,,,508101,
508102,,,,,反噬共鸣,,1,,,,,,,,,508102,
508103,,,,,群体反噬,,1,,,,,,,,,508103,
508104,,,,,反伤连锁,,1,,,,,,,,,508104,
508105,,,,,反伤叠加,,1,,,,,,,,,508105,
509101,,,,,能量过载,,1,,,,,,,,,509101,
509102,,,,,能量共鸣,,1,,,,,,,,,509102,
509103,,,,,能量反馈,,1,,,,,,,,,509103,
509104,,,,,能量增幅,,1,,,,,,,,,509104,
509105,,,,,能量治愈,,1,,,,,,,,,509105,
509106,,,,,能量储备,,1,,,,,,,,,509106,
509107,,,,,能量解放,,1,,,,,,,,,509107,
510101,,,,,职介共鸣,,1,,,,,,,,,510101,
510102,,,,,职介回能,,1,,,,,,,,,510102,
510103,,,,,职介暴伤,,1,,,,,,,,,510103,
510104,,,,,职介护盾,,1,,,,,,,,,510104,
510105,,,,,职介治疗,,1,,,,,,,,,510105,
510106,,,,,职介弱点,,1,,,,,,,,,510106,
510107,,,,,职介暴击,,1,,,,,,,,,510107,
511101,,,,,魔女暴击,,1,,,,,,,,,511101,
511102,,,,,奥义回能,,1,,,,,,,,,511102,
511103,,,,,普攻溅射,,1,,,,,,,,,511103,
511104,,,,,奥义追击,,1,,,,,,,,,511104,
511105,,,,,侵蚀普攻,,1,,,,,,,,,511105,
511106,,,,,灼烧普攻,,1,,,,,,,,,511106,
511107,,,,,感电普攻,,1,,,,,,,,,511107,
511108,,,,,时间干扰,,1,,,,,,,,,511108,
511109,,,,,普攻强化,,1,,,,,,,,,511109,
511110,,,,,伤害均摊,,1,,,,,,,,,511110,
512101,,,,,领域叠加,,1,,,,,,,,,512101,
512102,,,,,领域掌控,,1,,,,,,,,,512102,
512103,,,,,领域冷却,,1,,,,,,,,,512103,
512104,,,,,领域急速,,1,,,,,,,,,512104,
512105,,,,,领域复苏,,1,,,,,,,,,512105,
512106,,,,,领域反伤,,1,,,,,,,,,512106,
513101,,,,,冷却缩减,,1,,,,,,,,,513101,
513102,,,,,驱散净化,,1,,,,,,,,,513102,
513103,,,,,克制强化,,1,,,,,,,,,513103,
513104,,,,,嘲讽引导,,1,,,,,,,,,513104,
513105,,,,,刷新增益,,1,,,,,,,,,513105,
513106,,,,,攻击增幅,,1,,,,,,,,,513106,
513107,,,,,防御增幅,,1,,,,,,,,,513107,
513108,,,,,弱破增幅,,1,,,,,,,,,513108,
514101,,,,,生命成长,,1,,,,,,,,,514101,
514102,,,,,血祭反击,,1,,,,,,,,,514102,
514103,,,,,复仇攻击,,1,,,,,,,,,514103,
514104,,,,,低血爆发,,1,,,,,,,,,514104,
514105,,,,,残血增幅,,1,,,,,,,,,514105,
514106,,,,,弱点复仇,,1,,,,,,,,,514106,
514107,,,,,攻击复仇,,1,,,,,,,,,514107,
514108,,,,,暴伤复仇,,1,,,,,,,,,514108,
515101,,,,,随机伤害,,1,,,,,,,,,515101,
515102,,,,,能量狂乱,,1,,,,,,,,,515102,
516101,,,,,伤害分摊,,1,,,,,,,,,516101,
516102,,,,,负面传染,,1,,,,,,,,,516102,
100001,101,Attribute_Name_101,专武属性,,固定生命,,2,0,,"1,1",,,"1,1",,,,
100002,102,Attribute_Name_102,专武属性,,固定攻击,,2,0,,"1,1",,,"1,1",,,,
100003,103,Attribute_Name_103,专武属性,,固定防御,,2,0,,"1,1",,,"1,1",,,,
100004,104,Attribute_Name_104,专武属性,,固定韧性,,2,0,,"1,1",,,"1,1",,,,
100011,101,AttrRefix_name_101_2,专武觉醒属性,,百分比生命,,2,0,,,"1,1",,,"1,1",,,
100012,102,AttrRefix_name_102_2,专武觉醒属性,,百分比攻击,,2,0,,,"1,1",,,"1,1",,,
100013,103,AttrRefix_name_103_2,专武觉醒属性,,百分比防御,,2,0,,,"1,1",,,"1,1",,,
100014,104,AttrRefix_name_104_2,专武觉醒属性,,百分比韧性,,2,0,,,"1,1",,,"1,1",,,
100015,114,Attribute_Name_114,专武觉醒属性,,暴击率加成,,2,0,,"1,1",,,"1,1",,,,
100016,116,Attribute_Name_116,专武觉醒属性,,暴击率伤害加成,,2,0,,"1,1",,,"1,1",,,,
100017,134,Attribute_Name_134,专武觉醒属性,,护盾效果,,2,0,,"1,1",,,"1,1",,,,
100018,137,Attribute_Name_137,专武觉醒属性,,回能效率,,2,0,,"1,1",,,"1,1",,,,
100019,120,Attribute_Name_120,专武觉醒属性,,治疗效果,,2,0,,"1,1",,,"1,1",,,,
100020,107,Attribute_Name_107,专武觉醒属性,,效果命中,,2,0,,"1,1",,,"1,1",,,,
100021,109,Attribute_Name_109,专武觉醒属性,,弱破效果,,2,0,,"1,1",,,"1,1",,,,
40130010,0,,"格蕾1,3,5",,,,0,0,,0,0,0,0,0,0,40130010,
40130030,0,,"阿涅克丝1,3,5",,,,0,0,,0,0,0,0,0,0,40130030,
40130040,0,,"炽爱1,3,5",,,,0,0,,0,0,0,0,0,0,40130040,
40130060,0,,"水仙1,3,5",,,,0,0,,0,0,0,0,0,0,40130060,
40130070,0,,"菲利希亚1,3,5",,,,0,0,,0,0,0,0,0,0,40130070,
40130080,0,,"梅露特1,3,5",,,,0,0,,0,0,0,0,0,0,40130080,
40130090,0,,"奈奈芙1,3,5",,,,0,0,,0,0,0,0,0,0,40130090,
40130140,0,,"玛瑙1,3,5",,,,0,0,,0,0,0,0,0,0,40130140,
40130150,0,,"哀歌1,3,5",,,,0,0,,0,0,0,0,0,0,40130150,
40130170,0,,"波斯菊1,3,5",,,,0,0,,0,0,0,0,0,0,40130170,
40130180,0,,"爱琳1,3,5",,,,0,0,,0,0,0,0,0,0,40130180,
40130190,0,,"库萝心1,3,5",,,,0,0,,0,0,0,0,0,0,40130190,
40130200,0,,维达1,,,,0,0,,0,0,0,0,0,0,40130200,
40130203,0,,维达3,,,,0,0,,0,0,0,0,0,0,40130201,
40130205,0,,维达5,,,,0,0,,0,0,0,0,0,0,40130202,
40130220,0,,"莱拉1,3,5",,,,0,0,,0,0,0,0,0,0,40130220,
40130230,0,,芙洛拉1,,,,0,0,,0,0,0,0,0,0,40130230,
40130233,0,,芙洛拉3,,,,0,0,,0,0,0,0,0,0,40130231,
40130235,0,,芙洛拉5,,,,0,0,,0,0,0,0,0,0,40130232,
40130250,0,,多萝西1,,,,0,0,,0,0,0,0,0,0,40130250,
40130253,0,,多萝西3,,,,0,0,,0,0,0,0,0,0,40130251,
40130255,0,,多萝西5,,,,0,0,,0,0,0,0,0,0,40130252,
40140010,0,,"普琳普顿1,3,5",,,,0,0,,0,0,0,0,0,0,40140010,
40140030,0,,"焰心1,3,5",,,,0,0,,0,0,0,0,0,0,40140030,
40140040,0,,"索菲1,3,5",,,,0,0,,0,0,0,0,0,0,40140040,
40140050,0,,"弥生1,3,5",,,,0,0,,0,0,0,0,0,0,40140050,
40140120,0,,"未来1,3,5",,,,0,0,,0,0,0,0,0,0,40140120,
40140160,0,,"杏林1,3,5",,,,0,0,,0,0,0,0,0,0,40140160,
40140180,0,,诗娅1,,,,0,0,,0,0,0,0,0,0,40140180,
40140183,0,,诗娅3,,,,0,0,,0,0,0,0,0,0,40140181,
40140185,0,,诗娅5,,,,0,0,,0,0,0,0,0,0,40140182,
40140190,0,,"艾什尔1,3,5",,,,0,0,,0,0,0,0,0,0,40140190,
40140200,0,,"阿波菲斯1,3,5",,,,0,0,,0,0,0,0,0,0,40140200,
40140210,0,,"纳菲1,3,5",,,,0,0,,0,0,0,0,0,0,40140210,
40140220,0,,"丘吉尔1,3,5",,,,0,0,,0,0,0,0,0,0,40140220,
40140230,0,,"神光1,3,5",,,,0,0,,0,0,0,0,0,0,40140230,
40140235,0,,神光5,,,,0,0,,0,0,0,0,0,0,40140231,
40140240,0,,"雷雷1,3,5",,,,0,0,,0,0,0,0,0,0,40140240,
40140245,0,,雷雷5,,,,0,0,,0,0,0,0,0,0,40140242,
40140250,0,,"安普莎1,3,5",,,,0,0,,0,0,0,0,0,0,40140250,
40140255,0,,安普莎5,,,,0,0,,0,0,0,0,0,0,40140251,
40140260,0,,"库萝爱1,3,5",,,,0,0,,0,0,0,0,0,0,40140260,
40140270,0,,"贝拉1,3,5",,,,0,0,,0,0,0,0,0,0,40140270,
40140290,0,,"贝尔1,3,5",,,,0,0,,0,0,0,0,0,0,40140290,
40140295,0,,贝尔5,,,,0,0,,0,0,0,0,0,0,40140292,
40140300,0,,"安娜1,3,5",,,,0,0,,0,0,0,0,0,0,40140300,
40140305,0,,安娜5,,,,0,0,,0,0,0,0,0,0,40140302,
40150020,0,,"丹妮1,3,5",,,,0,0,,0,0,0,0,0,0,40150020,
40150025,0,,丹妮5,,,,0,0,,0,0,0,0,0,0,40150023,
40150040,0,,"耶坦尼亚1,3,5",,,,0,0,,0,0,0,0,0,0,40150040,
40150045,0,,耶坦尼亚5,,,,0,0,,0,0,0,0,0,0,40150043,
40150060,0,,"希夕莉1,3,5",,,,0,0,,0,0,0,0,0,0,40150060,
40150065,0,,希夕莉5,,,,0,0,,0,0,0,0,0,0,40150065,
40150070,0,,"萨拉1,3,5",,,,0,0,,0,0,0,0,0,0,40150070,
40150075,0,,萨拉5,,,,0,0,,0,0,0,0,0,0,40150073,
40150080,0,,"牧1,3,5",,,,0,0,,0,0,0,0,0,0,40150080,
40150085,0,,牧5,,,,0,0,,0,0,0,0,0,0,40150082,
40160090,0,,"吉拉蒂亚1,3,5",,,,0,0,,0,0,0,0,0,0,40160090,
40160095,0,,吉拉蒂亚5,,,,0,0,,0,0,0,0,0,0,40160091,
40160110,0,,卡萝琳,,,,0,0,,0,0,0,0,0,0,40160110,
40160130,0,,"克尔苏娜1,3,5",,,,0,0,,0,0,0,0,0,0,40160130,
40160135,0,,克尔苏娜5,,,,0,0,,0,0,0,0,0,0,40160131,
40160230,0,,佩内洛普,,,,0,0,,0,0,0,0,0,0,40160230,
40160310,0,,"小闪1,3,5",,,,0,0,,0,0,0,0,0,0,40160310,
40160315,0,,小闪5,,,,0,0,,0,0,0,0,0,0,40160312,
40160380,0,,仙蒂,,,,0,0,,0,0,0,0,0,0,40160380,
40160680,0,,贝卡丝,,,,0,0,,0,0,0,0,0,0,40160680,
40160780,0,,"昔莱1,3,5",,,,0,0,,0,0,0,0,0,0,40160780,
40160785,0,,昔莱5,,,,0,0,,0,0,0,0,0,0,40160781,
40161300,0,,"伊卡洛斯1,3,5",,,,0,0,,0,0,0,0,0,0,40161300,
40161305,0,,伊卡洛斯5,,,,0,0,,0,0,0,0,0,0,40161303,
40140090,0,,"桃1,3,5",,,,0,0,,0,0,0,0,0,0,40140090,
40140095,0,,桃5,,,,0,0,,0,0,0,0,0,0,40140092,
40161870,0,,"异邦波斯菊1,3,5",,,,0,0,,0,0,0,0,0,0,40161870,
40161875,0,,异邦波斯菊5,,,,0,0,,0,0,0,0,0,0,40161871,
40140020,0,,黛比135,,,,0,0,0,0,0,0,0,0,0,40140020,
40160170,0,,罗莎莉135,,,,0,0,0,0,0,0,0,0,0,40160170,
40160200,0,,奈奥米,,,,0,0,0,0,0,0,0,0,0,40160200,
40160201,0,,,,,,0,0,0,0,0,0,0,0,0,40160201,
40161910,0,,爱尔维拉,,,,0,0,0,0,0,0,0,0,0,40161910,
40161915,0,,爱尔维拉,,,,0,0,0,0,0,0,0,0,0,40161911,
40140310,0,,伊拉,,,,0,0,0,0,0,0,0,0,0,40140310,
40140311,0,,,,,,0,0,0,0,0,0,0,0,0,40140311,
40150010,0,,诺威亚,,,,0,0,0,0,0,0,0,0,0,40150010,
40150011,0,,,,,,0,0,0,0,0,0,0,0,0,40150011,
