CardId,,Type,UnlockCondition,CardRank,CardClass,ReleaseQuantity,CardType,SeriesNumber,NumberedBox,Offset,Offset2,BinderCard,BinderCardBack,CardBottom,CardSpine,SpineOpen,CardBottomEffect,CardSurface,CardScale,CardOffset,SpineRotate,CardRasterEffect,ShiningEffect,LightLEffect,CardBack,NumberedBoxGlow ,FrameBloom,FrameGlow,BackGlow,RoleGlow,DropBackEffect,DropLightLeffect
1,莉莉娅立绘版（创号自带卡）此卡不要做spine版本，因为原本没有spine，要做spine相当于从头做一个星痕spine,2,,41,0,,,T00,,,"-0.303,0.721,0",CollectTradingCard/card_3000000,CollectTradingCard/ui_card_di,CardBottom/card_3dbackground_green,0,0,,lihui/3000000_lihui,1,,,,,,CardBack/card_back_sr,0.5,0.8,0,0.7,0.9,,
10200012,律（站绘）,1,,2,1,"0,40000;2,40000;3,40000;4,40000;5,40000;8,40000;9,40000;10,40000",1,T01,,,"-0.303,0.721,0",CollectTradingCard/card_3000001_zh_01,CollectTradingCard/ui_card_di_3000001,CardBottom/card_3dbackground_green,0,0,,CardPackage/CardSpecial/card_3000001_zh_01_D,1.1,"-0.019,-0.189,0",,,,,CardBack/card_back_n,0.5,1,1,0.95,0.95,,
10200022,克萝萝（站绘）,1,,2,1,"0,40000;2,40000;3,40000;4,40000;5,40000;8,40000;9,40000;10,40000",1,T01,,,"-0.303,0.721,0",CollectTradingCard/card_3000002_zh_01,CollectTradingCard/ui_card_di_3000002,CardBottom/card_3dbackground_orange,0,0,,CardPackage/CardSpecial/card_3000002_zh_01_D,0.931,"0.006,-0.019,0",,,,,CardBack/card_back_n,0.5,1,1,0.95,0.95,,
10200032,黑神月咏（站绘）,1,,2,1,"0,40000;2,40000;3,40000;4,40000;5,40000;8,40000;9,40000;10,40000",1,T01,,,"-0.303,0.721,0",CollectTradingCard/card_3000003_zh_01,CollectTradingCard/ui_card_di_3000003,CardBottom/card_3dbackground_pink,0,0,,CardPackage/CardSpecial/card_3000003_zh_01_D,1.155,"-0.037,-0.227,0",,,,,CardBack/card_back_n,0.5,1,1,0.95,0.95,,
10200042,安洁（站绘）,1,,2,1,"0,40000;2,40000;3,40000;4,40000;5,40000;8,40000;9,40000;10,40000",1,T01,,,"-0.303,0.721,0",CollectTradingCard/card_3000004_zh_01,CollectTradingCard/ui_card_di_3000004,CardBottom/card_3dbackground_blue,0,0,,CardPackage/CardSpecial/card_3000004_zh_01_D,1.15,"0,-0.255,0",,,,,CardBack/card_back_n,0.5,1,1,0.95,0.95,,
10200052,米娅（站绘）,1,,2,1,"0,40000;2,40000;3,40000;4,40000;5,40000;8,40000;9,40000;10,40000",1,T01,,,"-0.303,0.721,0",CollectTradingCard/card_3000005_zh_01,CollectTradingCard/ui_card_di_3000005,CardBottom/card_3dbackground_red,0,0,,CardPackage/CardSpecial/card_3000005_zh_01_D,1,"0.019,-0.156,0",,,,,CardBack/card_back_n,0.5,1,1,0.95,0.95,,
10240231,神光,1,,2,1,"0,40000;2,40000;3,40000;4,40000;5,40000;8,40000;9,40000;10,40000",1,T01,,,"-0.303,0.721,0",CollectTradingCard/card_3014023,CollectTradingCard/ui_card_di,CardBottom/card_bottom_01,0,0,,lihui/3014023_lihui,1,"0,0.11,0",,,,,CardBack/card_back_n,0.5,1,1,0.95,0.95,,
10240232,神光（站绘）,1,,2,1,"0,40000;2,40000;3,40000;4,40000;5,40000;8,40000;9,40000;10,40000",1,T01,,,"-0.303,0.721,0",CollectTradingCard/card_3014023_zh,CollectTradingCard/ui_card_di_3014023,CardBottom/card_3dbackground_red,0,0,,CardPackage/CardSpecial/card_3014023_zh_D,1.5,"0.015,-0.345,0",,,,,CardBack/card_back_n,0.5,1,1,0.95,0.95,,
10261871,异邦波斯菊,1,,2,1,"0,40000;2,40000;3,40000;4,40000;5,40000",1,T01,,,"-0.303,0.721,0",CollectTradingCard/card_3016187,CollectTradingCard/ui_card_di,CardBottom/card_bottom_01,0,0,,lihui/3016187_lihui,1.75692,"0,0.093,0",,,,,CardBack/card_back_n,0.5,1,1,0.95,0.95,,
10261872,异邦波斯菊（站绘）,1,,2,1,"0,40000;2,40000;3,40000;4,40000;5,40000",1,T01,,,"-0.303,0.721,0",CollectTradingCard/card_3016187_zh,CollectTradingCard/ui_card_di_3016187,CardBottom/card_3dbackground_pink,0,0,,CardPackage/CardSpecial/card_3016187_zh_D,1.32,"-0.026,-0.146,0",,,,,CardBack/card_back_n,0.5,1,1,0.95,0.95,,
10240091,桃,1,,2,1,"0,40000;2,40000;3,40000;4,40000;5,40000;8,40000;9,40000;10,40000",1,T01,,,"-0.303,0.721,0",CollectTradingCard/card_3014009,CollectTradingCard/ui_card_di,CardBottom/card_bottom_01,0,0,,lihui/3014009_lihui,1.056,"0.259,0.00648,0",,,,,CardBack/card_back_n,0.5,1,1,0.95,0.95,,
10240092,桃（站绘）,1,,2,1,"0,40000;2,40000;3,40000;4,40000;5,40000;8,40000;9,40000;10,40000",1,T01,,,"-0.303,0.721,0",CollectTradingCard/card_3014009_zh,CollectTradingCard/ui_card_di_3014009,CardBottom/card_3dbackground_red,0,0,,CardPackage/CardSpecial/card_3014009_zh_D,1.3,"0.064,-0.271,0",,,,,CardBack/card_back_n,0.5,1,1,0.95,0.95,,
10250041,耶坦尼亚,1,,2,1,"0,40000;2,40000;3,40000;4,40000;5,40000;8,40000;9,40000;10,40000",1,T01,,,"-0.303,0.721,0",CollectTradingCard/card_3015004,CollectTradingCard/ui_card_di,CardBottom/card_bottom_01,0,0,,lihui/3015004_lihui,1,"0.079,0,0",,,,,CardBack/card_back_n,0.5,1,1,0.95,0.95,,
10250042,耶坦尼亚（站绘）,1,,2,1,"0,40000;2,40000;3,40000;4,40000;5,40000;8,40000;9,40000;10,40000",1,T01,,,"-0.303,0.721,0",CollectTradingCard/card_3015004_zh_01,CollectTradingCard/ui_card_di_3015004,CardBottom/card_3dbackground_blue,0,0,,CardPackage/CardSpecial/card_3015004_zh_01_D,1.3,"0.022,-0.279,0",,,,,CardBack/card_back_n,0.5,1,1,0.95,0.95,,
10250021,丹妮,1,,2,1,"0,40000;2,40000;3,40000;4,40000;5,40000;8,40000;9,40000;10,40000",1,T01,,,"-0.303,0.721,0",CollectTradingCard/card_3015002,CollectTradingCard/ui_card_di,CardBottom/card_bottom_01,0,0,,lihui/3015002_lihui,1.56,"0,-0.156,0",,,,,CardBack/card_back_n,0.5,1,1,0.95,0.95,,
10250022,丹妮（站绘）,1,,2,1,"0,40000;2,40000;3,40000;4,40000;5,40000;8,40000;9,40000;10,40000",1,T01,,,"-0.303,0.721,0",CollectTradingCard/card_3015002_zh,CollectTradingCard/ui_card_di_3015002,CardBottom/card_3dbackground_orange,0,0,,CardPackage/CardSpecial/card_3015002_zh_D,1.5444,"-0.041,-0.384,0",,,,,CardBack/card_back_n,0.5,1,1,0.95,0.95,,
10240241,雷雷,1,,2,1,"0,40000;2,40000;3,40000;4,40000;5,40000;8,40000;9,40000;10,40000",1,T01,,,"-0.303,0.721,0",CollectTradingCard/card_3014024,CollectTradingCard/ui_card_di,CardBottom/card_bottom_01,0,0,,lihui/3014024_lihui,0.95,"0.0203,0.0358,0",,,,,CardBack/card_back_n,0.5,1,1,0.95,0.95,,
10240242,雷雷（站绘）,1,,2,1,"0,40000;2,40000;3,40000;4,40000;5,40000;8,40000;9,40000;10,40000",1,T01,,,"-0.303,0.721,0",CollectTradingCard/card_3014024_zh_01,CollectTradingCard/ui_card_di_3014024,CardBottom/card_3dbackground_green,0,0,,CardPackage/CardSpecial/card_3014024_zh_01_D,1.1,"0.006,-0.168,0",,,,,CardBack/card_back_n,0.5,1,1,0.95,0.95,,
10240251,安普莎,1,,2,1,"0,40000;2,40000;3,40000;4,40000;5,40000;8,40000;9,40000;10,40000",1,T01,,,"-0.303,0.721,0",CollectTradingCard/card_3014025,CollectTradingCard/ui_card_di,CardBottom/card_bottom_01,0,0,,lihui/3014025_lihui,1,,,,,,CardBack/card_back_n,0.5,1,1,0.95,0.95,,
10240252,安普莎（站绘）,1,,2,1,"0,40000;2,40000;3,40000;4,40000;5,40000;8,40000;9,40000;10,40000",1,T01,,,"-0.303,0.721,0",CollectTradingCard/card_3014025_zh_01,CollectTradingCard/ui_card_di_3014025,CardBottom/card_3dbackground_blue,0,0,,CardPackage/CardSpecial/card_3014025_zh_01_D,1.1,"-0.022,-0.124,0",,,,,CardBack/card_back_n,0.5,1,1,0.95,0.95,,
10240291,贝儿,1,,2,1,"0,40000;2,40000;3,40000;4,40000;5,40000;8,40000;9,40000;10,40000",1,T01,,,"-0.303,0.721,0",CollectTradingCard/card_3014029,CollectTradingCard/ui_card_di,CardBottom/card_bottom_01,0,0,,lihui/3014029_lihui,1,,,,,,CardBack/card_back_n,0.5,1,1,0.95,0.95,,
10240292,贝儿（站绘）,1,,2,1,"0,40000;2,40000;3,40000;4,40000;5,40000;8,40000;9,40000;10,40000",1,T01,,,"-0.303,0.721,0",CollectTradingCard/card_3014029_zh_01,CollectTradingCard/ui_card_di_3014029,CardBottom/card_3dbackground_orange,0,0,,CardPackage/CardSpecial/card_3014029_zh_01_D,1,"0.005,-0.154,0",,,,,CardBack/card_back_n,0.5,1,1,0.95,0.95,,
10240301,安娜,1,,2,1,"0,40000;2,40000;3,40000;4,40000;5,40000;8,40000;9,40000;10,40000",1,T01,,,"-0.303,0.721,0",CollectTradingCard/card_3014030,CollectTradingCard/ui_card_di,CardBottom/card_bottom_01,0,0,,lihui/3014030_lihui,1,,,,,,CardBack/card_back_n,0.5,1,1,0.95,0.95,,
10240302,安娜（站绘）,1,,2,1,"0,40000;2,40000;3,40000;4,40000;5,40000;8,40000;9,40000;10,40000",1,T01,,,"-0.303,0.721,0",CollectTradingCard/card_3014030_zh_01,CollectTradingCard/ui_card_di_3014030,CardBottom/card_3dbackground_blue,0,0,,CardPackage/CardSpecial/card_3014030_zh_01_D,1.15,"-0.023,-0.196,0",,,,,CardBack/card_back_n,0.5,1,1,0.95,0.95,,
10250061,希夕莉,1,,2,1,"0,40000;2,40000;3,40000;4,40000;5,40000;8,40000;9,40000;10,40000",1,T01,,,"-0.303,0.721,0",CollectTradingCard/card_3015006,CollectTradingCard/ui_card_di,CardBottom/card_bottom_01,0,0,,lihui/3015006_lihui,1,"0,-0.0174,0",,,,,CardBack/card_back_n,0.5,1,1,0.95,0.95,,
10250062,希夕莉（站绘）,1,,2,1,"0,40000;2,40000;3,40000;4,40000;5,40000;8,40000;9,40000;10,40000",1,T01,,,"-0.303,0.721,0",CollectTradingCard/card_3015006_zh_01,CollectTradingCard/ui_card_di_3015006,CardBottom/card_3dbackground_blue,0,0,,CardPackage/CardSpecial/card_3015006_zh_01_D,1,"0.019,-0.163,0",,,,,CardBack/card_back_n,0.5,1,1,0.95,0.95,,
10250071,萨拉,1,,2,1,"0,40000;2,40000;3,40000;4,40000;5,40000;8,40000;9,40000;10,40000",1,T01,,,"-0.303,0.721,0",CollectTradingCard/card_3015007,CollectTradingCard/ui_card_di,CardBottom/card_bottom_01,0,0,,lihui/3015007_lihui,1,"0.0623,-0.06,0",,,,,CardBack/card_back_n,0.5,1,1,0.95,0.95,,
10250072,萨拉（站绘）,1,,2,1,"0,40000;2,40000;3,40000;4,40000;5,40000;8,40000;9,40000;10,40000",1,T01,,,"-0.303,0.721,0",CollectTradingCard/card_3015007_zh_01,CollectTradingCard/ui_card_di_3015007,CardBottom/card_3dbackground_blue,0,0,,CardPackage/CardSpecial/card_3015007_zh_01_D,1.15,"0.014,-0.186,0",,,,,CardBack/card_back_n,0.5,1,1,0.95,0.95,,
10250081,牧,1,,2,1,"0,40000;2,40000;3,40000;4,40000;5,40000;8,40000;9,40000;10,40000",1,T01,,,"-0.303,0.721,0",CollectTradingCard/card_3015008,CollectTradingCard/ui_card_di_1,CardBottom/card_3dbackground_red,0,0,,lihui/3015008_lihui,1.1,"0.0262,0.0591,0",,,,,CardBack/card_back_n,0.5,1,1,0.95,0.95,,
10250082,牧（站绘）,1,,2,1,"0,40000;2,40000;3,40000;4,40000;5,40000;8,40000;9,40000;10,40000",1,T01,,,"-0.303,0.721,0",CollectTradingCard/card_3015008_zh_01,CollectTradingCard/ui_card_di_3015008,CardBottom/card_3dbackground_red,0,0,,CardPackage/CardSpecial/card_3015008_zh_01_D,1,"0.014,-0.128,0",,,,,CardBack/card_back_n,0.5,1,1,0.95,0.95,,
10260091,吉拉蒂亚,1,,2,1,"0,40000;2,40000;3,40000;4,40000;5,40000;8,40000;9,40000;10,40000",1,T01,,,"-0.303,0.721,0",CollectTradingCard/card_3016009,CollectTradingCard/ui_card_di,CardBottom/card_bottom_01,0,0,,lihui/3016009_lihui,1.5,"0,0.027,0",,,,,CardBack/card_back_n,0.5,1,1,0.95,0.95,,
10260092,吉拉蒂亚（站绘）,1,,2,1,"0,40000;2,40000;3,40000;4,40000;5,40000;8,40000;9,40000;10,40000",1,T01,,,"-0.303,0.721,0",CollectTradingCard/card_3016009_1_zh_01,CollectTradingCard/ui_card_di_3016009_1,CardBottom/card_3dbackground_blue,0,0,,CardPackage/CardSpecial/card_3016009_1_zh_01_D,1.1,"0.009,-0.164,0",,,,,CardBack/card_back_n,0.5,1,1,0.95,0.95,,
10260311,小闪,1,,2,1,"0,40000;2,40000;3,40000;4,40000;5,40000;8,40000;9,40000;10,40000",1,T01,,,"-0.303,0.721,0",CollectTradingCard/card_3016031,CollectTradingCard/ui_card_di,CardBottom/card_bottom_01,0,0,,lihui/3016031_lihui,1.1,"0,0.0766,0",,,,,CardBack/card_back_n,0.5,1,1,0.95,0.95,,
10260312,小闪（站绘）,1,,2,1,"0,40000;2,40000;3,40000;4,40000;5,40000;8,40000;9,40000;10,40000",1,T01,,,"-0.303,0.721,0",CollectTradingCard/card_3016031_zh_01,CollectTradingCard/ui_card_di_3016031,CardBottom/card_3dbackground_pink,0,0,,CardPackage/CardSpecial/card_3016031_zh_01_D,1,"0.009,-0.13,0",,,,,CardBack/card_back_n,0.5,1,1,0.95,0.95,,
10261301,伊卡洛斯,1,,2,1,"0,40000;2,40000;3,40000;4,40000;5,40000;8,40000;9,40000;10,40000",1,T01,,,"-0.303,0.721,0",CollectTradingCard/card_3016130,CollectTradingCard/ui_card_di,CardBottom/card_bottom_01,0,0,,lihui/3016130_lihui,1,,,,,,CardBack/card_back_n,0.5,1,1,0.95,0.95,,
10261302,伊卡洛斯（站绘）,1,,2,1,"0,40000;2,40000;3,40000;4,40000;5,40000;8,40000;9,40000;10,40000",1,T01,,,"-0.303,0.721,0",CollectTradingCard/card_3016130_zh_01,CollectTradingCard/ui_card_di_3016130,CardBottom/card_3dbackground_green,0,0,,CardPackage/CardSpecial/card_3016130_zh_01_D,1.15,"0.036,-0.148,0",,,,,CardBack/card_back_n,0.5,1,1,0.95,0.95,,
10260201,奈奥米,1,,2,1,"0,40000;2,40000;3,40000;4,40000;5,40000",1,T01,,,"-0.303,0.721,0",CollectTradingCard/card_3016020,CollectTradingCard/ui_card_di,CardBottom/card_bottom_01,0,0,,lihui/3016020_lihui,1.41539,,,,,,CardBack/card_back_n,0.5,1,1,0.95,0.95,,
10260202,奈奥米（站绘）,1,,2,1,"0,40000;2,40000;3,40000;4,40000;5,40000",1,T01,,,"-0.303,0.721,0",CollectTradingCard/card_3016020_zh_01,CollectTradingCard/ui_card_di_3016020,CardBottom/card_3dbackground_blue,0,0,,CardPackage/CardSpecial/card_3016020_zh_01_D,1.158252,"0.005,-0.193,0",,,,,CardBack/card_back_n,0.5,1,1,0.95,0.95,,
10260203,奈奥米（月下银铃）,1,,2,1,"0,40000;2,0;3,0;4,0;5,0",1,T01,,,"-0.303,0.721,0",CollectTradingCard/card_301602001,CollectTradingCard/ui_card_di,CardBottom/card_bottom_01,0,0,,lihui/301602001_lihui,1.1,,,,,,CardBack/card_back_n,0.5,1,1,0.95,0.95,,
10260781,昔莱,1,,2,1,"0,40000;2,0;3,0;4,0;5,0",1,T01,,,"-0.303,0.721,0",CollectTradingCard/card_3016078,CollectTradingCard/ui_card_di,CardBottom/card_bottom_01,0,0,,lihui/3016078_lihui,1.65888,"0.066,0.056,0",,,,,CardBack/card_back_n,0.5,1,1,0.95,0.95,,
10260782,昔莱（站绘）,1,,2,1,"0,40000;2,0;3,0;4,0;5,0",1,T01,,,"-0.303,0.721,0",CollectTradingCard/card_3016078_zh_01,CollectTradingCard/ui_card_di_3016078,CardBottom/card_3dbackground_green,0,0,,CardPackage/CardSpecial/card_3016078_zh_01_D,1.331,"-0.16,-0.089,0",,,,,CardBack/card_back_n,0.5,1,1,0.95,0.95,,
10230031,阿涅克丝,1,,2,1,"0,40000;2,40000;3,40000;4,40000;5,40000;8,40000;9,40000;10,40000",1,T01,,,"-0.303,0.721,0",CollectTradingCard/card_3013003,CollectTradingCard/ui_card_di,CardBottom/card_bottom_01,0,0,,lihui/3013003_lihui,1,,,,,,CardBack/card_back_n,0.5,1,1,0.95,0.95,,
10230032,阿涅克丝（站绘）,1,,2,1,"0,40000;2,40000;3,40000;4,40000;5,40000;8,40000;9,40000;10,40000",1,T01,,,"-0.303,0.721,0",CollectTradingCard/card_3013003_zh,CollectTradingCard/ui_card_di_3013003,CardBottom/card_3dbackground_orange,0,0,,CardPackage/CardSpecial/card_3013003_zh_D,1.1,"0,-0.162,0",,,,,CardBack/card_back_n,0.5,1,1,0.95,0.95,,
10230041,炽爱,1,,2,1,"0,40000;2,40000;3,40000;4,40000;5,40000;8,40000;9,40000;10,40000",1,T01,,,"-0.303,0.721,0",CollectTradingCard/card_3013004,CollectTradingCard/ui_card_di_1,CardBottom/card_3dbackground_orange,0,0,,lihui/3013004_lihui,1,,,,,,CardBack/card_back_n,0.5,1,1,0.95,0.95,,
10230042,炽爱（站绘）,1,,2,1,"0,40000;2,40000;3,40000;4,40000;5,40000;8,40000;9,40000;10,40000",1,T01,,,"-0.303,0.721,0",CollectTradingCard/card_3013004_zh_01,CollectTradingCard/ui_card_di_3013004,CardBottom/card_3dbackground_red,0,0,,CardPackage/CardSpecial/card_3013004_zh_01_D,1.15,"-0.045,-0.233,0",,,,,CardBack/card_back_n,0.5,1,1,0.95,0.95,,
10230043,炽爱（午后闲暇）,1,,2,1,"0,40000;2,40000;3,40000;4,40000;5,40000;8,40000;9,40000;10,40000",1,T01,,,"-0.303,0.721,0",CollectTradingCard/card_301300401,CollectTradingCard/ui_card_di_1,CardBottom/card_3dbackground_orange,0,0,,lihui/301300401_lihui,1.056,"0.012,0.081,0",,,,,CardBack/card_back_n,0.5,1,1,0.95,0.95,,
10230061,水仙,1,,2,1,"0,40000;2,40000;3,40000;4,40000;5,40000;8,40000;9,40000;10,40000",1,T01,,,"-0.303,0.721,0",CollectTradingCard/card_3013006,CollectTradingCard/ui_card_di,CardBottom/card_bottom_01,0,0,,lihui/3013006_lihui,0.85,,,,,,CardBack/card_back_n,0.5,1,1,0.95,0.95,,
10230062,水仙（站绘）,1,,2,1,"0,40000;2,40000;3,40000;4,40000;5,40000;8,40000;9,40000;10,40000",1,T01,,,"-0.303,0.721,0",CollectTradingCard/card_3013006_zh,CollectTradingCard/ui_card_di_3013006,CardBottom/card_3dbackground_pink,0,0,,CardPackage/CardSpecial/card_3013006_zh_D,1.2,"0.081,-0.055,0",,,,,CardBack/card_back_n,0.5,1,1,0.95,0.95,,
10230191,库萝心,1,,2,1,"0,40000;2,40000;3,40000;4,40000;5,40000;8,40000;9,40000;10,40000",1,T01,,,"-0.303,0.721,0",CollectTradingCard/card_3013019,CollectTradingCard/ui_card_di,CardBottom/card_bottom_01,0,0,,lihui/3013019_lihui,0.95,"0,0.02,0",,,,,CardBack/card_back_n,0.5,1,1,0.95,0.95,,
10230192,库萝心（站绘）,1,,2,1,"0,40000;2,40000;3,40000;4,40000;5,40000;8,40000;9,40000;10,40000",1,T01,,,"-0.303,0.721,0",CollectTradingCard/card_3013019_zh,CollectTradingCard/ui_card_di_3013019,CardBottom/card_3dbackground_red,0,0,,CardPackage/CardSpecial/card_3013019_zh_D,1,"-0.045,-0.141,0",,,,,CardBack/card_back_n,0.5,1,1,0.95,0.95,,
10240201,阿波菲斯,1,,2,1,"0,40000;2,40000;3,40000;4,40000;5,40000;8,40000;9,40000;10,40000",1,T01,,,"-0.303,0.721,0",CollectTradingCard/card_3014020,CollectTradingCard/ui_card_di_1,CardBottom/card_3dbackground_green,0,0,,lihui/3014020_lihui,1.05,,,,,,CardBack/card_back_n,0.5,1,1,0.95,0.95,,
10240202,阿波菲斯（站绘）,1,,2,1,"0,40000;2,40000;3,40000;4,40000;5,40000;8,40000;9,40000;10,40000",1,T01,,,"-0.303,0.721,0",CollectTradingCard/card_3014020_zh_01,CollectTradingCard/ui_card_di_3014020,CardBottom/card_3dbackground_green,0,0,,CardPackage/CardSpecial/card_3014020_zh_01_D,1,"0,-0.126,0",,,,,CardBack/card_back_n,0.5,1,1,0.95,0.95,,
10230151,哀歌,1,,2,1,"0,40000;2,40000;3,40000;4,40000;5,40000;8,40000;9,40000;10,40000",1,T01,,,"-0.303,0.721,0",CollectTradingCard/card_3013015,CollectTradingCard/ui_card_di_1,CardBottom/card_bottom_01,0,0,,lihui/3013015_lihui,1,,,,,,CardBack/card_back_n,0.5,1,1,0.95,0.95,,
10230152,哀歌（站绘）,1,,2,1,"0,40000;2,40000;3,40000;4,40000;5,40000;8,40000;9,40000;10,40000",1,T01,,,"-0.303,0.721,0",CollectTradingCard/card_3013015_zh_01,CollectTradingCard/ui_card_di_3013015,CardBottom/card_3dbackground_red,0,0,,CardPackage/CardSpecial/card_3013015_zh_01_D,1.15,"0.102,-0.127,0",,,,,CardBack/card_back_n,0.5,1,1,0.95,0.95,,
10240011,普琳普顿,1,,2,1,"0,40000;2,40000;3,40000;4,40000;5,40000;8,40000;9,40000;10,40000",1,T01,,,"-0.303,0.721,0",CollectTradingCard/card_3014001,CollectTradingCard/ui_card_di,CardBottom/card_bottom_01,0,0,,lihui/3014001_lihui,1.1,"0,0.098,0",,,,,CardBack/card_back_n,0.5,1,1,0.95,0.95,,
10240012,普琳普顿（站绘）,1,,2,1,"0,40000;2,40000;3,40000;4,40000;5,40000;8,40000;9,40000;10,40000",1,T01,,,"-0.303,0.721,0",CollectTradingCard/card_3014001_zh_01,CollectTradingCard/ui_card_di_3014001,CardBottom/card_3dbackground_red,0,0,,CardPackage/CardSpecial/card_3014001_zh_01_D,1.15,"-0.012,-0.169,0",,,,,CardBack/card_back_n,0.5,1,1,0.95,0.95,,
10240021,黛比,1,,2,1,"0,40000;2,40000;3,40000;4,40000;5,40000;8,40000;9,40000;10,40000",1,T01,,,"-0.303,0.721,0",CollectTradingCard/card_3014002,CollectTradingCard/ui_card_di_1,CardBottom/card_3dbackground_pink,0,0,,lihui/3014002_lihui,1,"0,0.071,0",,,,,CardBack/card_back_n,0.5,1,1,0.95,0.95,,
10240022,黛比(站绘）,1,,2,1,"0,40000;2,40000;3,40000;4,40000;5,40000;8,40000;9,40000;10,40000",1,T01,,,"-0.303,0.721,0",CollectTradingCard/card_3014002_zh_01,CollectTradingCard/ui_card_di_3014002,CardBottom/card_3dbackground_pink,0,0,,CardPackage/CardSpecial/card_3014002_zh_01_D,0.9,"0.027,-0.036,0",,,,,CardBack/card_back_n,0.5,1,1,0.95,0.95,,
10240191,艾什尔,1,,2,1,"0,40000;2,40000;3,40000;4,40000;5,40000;8,40000;9,40000;10,40000",1,T01,,,"-0.303,0.721,0",CollectTradingCard/card_3014019,CollectTradingCard/ui_card_di,CardBottom/card_bottom_01,0,0,,lihui/3014019_lihui,1,"0.092,0,0",,,,,CardBack/card_back_n,0.5,1,1,0.95,0.95,,
10240192,艾什尔（站绘）,1,,2,1,"0,40000;2,40000;3,40000;4,40000;5,40000;8,40000;9,40000;10,40000",1,T01,,,"-0.303,0.721,0",CollectTradingCard/card_3014019_zh_01,CollectTradingCard/ui_card_di_3014019,CardBottom/card_3dbackground_blue,0,0,,CardPackage/CardSpecial/card_3014019_zh_01_D,1.2,"0.038,-0.235,0",,,,,CardBack/card_back_n,0.5,1,1,0.95,0.95,,
10240211,纳菲,1,,2,1,"0,40000;2,40000;3,40000;4,40000;5,40000;8,40000;9,40000;10,40000",1,T01,,,"-0.303,0.721,0",CollectTradingCard/card_3014021,CollectTradingCard/ui_card_di_1,CardBottom/card_bottom_02,0,0,,lihui/3014021_lihui,1,"0,0.02,0",,,,,CardBack/card_back_n,0.5,1,1,0.95,0.95,,
10240212,纳菲（站绘）,1,,2,1,"0,40000;2,40000;3,40000;4,40000;5,40000;8,40000;9,40000;10,40000",1,T01,,,"-0.303,0.721,0",CollectTradingCard/card_3014021_zh_01,CollectTradingCard/ui_card_di_3014021,CardBottom/card_3dbackground_red,0,0,,CardPackage/CardSpecial/card_3014021_zh_01_D,1,"0.034,-0.109,0",,,,,CardBack/card_back_n,0.5,1,1,0.95,0.95,,
10240221,丘吉尔,1,,2,1,"0,40000;2,40000;3,40000;4,40000;5,40000;8,40000;9,40000;10,40000",1,T01,,,"-0.303,0.721,0",CollectTradingCard/card_3014022,CollectTradingCard/ui_card_di_1,CardBottom/card_3dbackground_blue,0,0,,lihui/3014022_lihui,1,"0,0.034,0",,,,,CardBack/card_back_n,0.5,1,1,0.95,0.95,,
10240261,库萝爱,1,,2,1,"0,40000;2,40000;3,40000;4,40000;5,40000;8,40000;9,40000;10,40000",1,T01,,,"-0.303,0.721,0",CollectTradingCard/card_3014026,CollectTradingCard/ui_card_di_1,CardBottom/card_3dbackground_red,0,0,,lihui/3014026_lihui,1.2,"0,0.07,0",,,,,CardBack/card_back_n,0.5,1,1,0.95,0.95,,
10240262,库萝爱（站绘）,1,,2,1,"0,40000;2,40000;3,40000;4,40000;5,40000;8,40000;9,40000;10,40000",1,T01,,,"-0.303,0.721,0",CollectTradingCard/card_3014026_zh_01,CollectTradingCard/ui_card_di_3014026,CardBottom/card_3dbackground_red,0,0,,CardPackage/CardSpecial/card_3014026_zh_01_D,1.15,"-0.027,-0.21,0",,,,,CardBack/card_back_n,0.5,1,1,0.95,0.95,,
10240271,贝拉,1,,2,1,"0,40000;2,40000;3,40000;4,40000;5,40000;8,40000;9,40000;10,40000",1,T01,,,"-0.303,0.721,0",CollectTradingCard/card_3014027,CollectTradingCard/ui_card_di_1,CardBottom/card_3dbackground_green,0,0,,lihui/3014027_lihui,0.8,"-0.079,0.01,0",,,,,CardBack/card_back_n,0.5,1,1,0.95,0.95,,
10240272,贝拉（站绘）,1,,2,1,"0,40000;2,40000;3,40000;4,40000;5,40000;8,40000;9,40000;10,40000",1,T01,,,"-0.303,0.721,0",CollectTradingCard/card_3014027_zh_01,CollectTradingCard/ui_card_di_3014027,CardBottom/card_3dbackground_green,0,0,,CardPackage/CardSpecial/card_3014027_zh_01_D,1,"0,-0.154,0",,,,,CardBack/card_back_n,0.5,1,1,0.95,0.95,,
10260111,卡萝琳,1,,2,1,"0,40000;2,40000;3,40000;4,40000;5,40000;8,40000;9,40000;10,40000",1,T01,,,"-0.303,0.721,0",CollectTradingCard/card_3016011,CollectTradingCard/ui_card_di,CardBottom/card_bottom_01,0,0,,lihui/3016011_lihui,1,"-0.041,-0.042,0",,,,,CardBack/card_back_n,0.5,1,1,0.95,0.95,,
10260112,卡萝琳（站绘）,1,,2,1,"0,40000;2,40000;3,40000;4,40000;5,40000;8,40000;9,40000;10,40000",1,T01,,,"-0.303,0.721,0",CollectTradingCard/card_3016011_zh_01,CollectTradingCard/ui_card_di_3016011,CardBottom/card_3dbackground_blue,0,0,,CardPackage/CardSpecial/card_3016011_zh_01_D,1.2,"0.015,-0.25,0",,,,,CardBack/card_back_n,0.5,1,1,0.95,0.95,,
10260171,罗莎莉,1,,2,1,"0,0;2,0;3,0;4,0;5,0",1,T01,,,"-0.303,0.721,0",CollectTradingCard/card_3016017,CollectTradingCard/ui_card_di,CardBottom/card_bottom_01,0,0,,lihui/3016017_lihui,0.8505,"0.035,0,0",,,,,CardBack/card_back_n,0.5,1,1,0.95,0.95,,
10260172,罗莎莉（站绘）,1,,2,1,"0,0;2,0;3,0;4,0;5,0",1,T01,,,"-0.303,0.721,0",CollectTradingCard/card_3016017_zh_01,CollectTradingCard/ui_card_di_3016017,CardBottom/card_3dbackground_pink,0,0,,CardPackage/CardSpecial/card_3016017_zh_01_D,1.2,"0.039,-0.253,0",,,,,CardBack/card_back_n,0.5,1,1,0.95,0.95,,
10260681,贝卡丝,1,,2,1,"0,40000;2,40000;3,40000;4,40000;5,40000",1,T01,,,"-0.303,0.721,0",CollectTradingCard/card_3016068,CollectTradingCard/ui_card_di_1,CardBottom/card_bottom_02,0,0,,lihui/3016068_lihui,1,"0,-0.09,0",,,,,CardBack/card_back_n,0.5,1,1,0.95,0.95,,
10260682,贝卡丝（站绘）,1,,2,1,"0,40000;2,40000;3,40000;4,40000;5,40000",1,T01,,,"-0.303,0.721,0",CollectTradingCard/card_3016068_zh_01,CollectTradingCard/ui_card_di_3016068,CardBottom/card_3dbackground_green,0,0,,CardPackage/CardSpecial/card_3016068_zh_01_D,1.1,"-0.034,-0.221,0",,,,,CardBack/card_back_n,0.5,1,1,0.95,0.95,,
10230251,多萝西,1,,2,1,"0,40000;2,40000;3,40000;4,40000;5,40000;8,40000;9,40000;10,40000",1,T01,,,"-0.303,0.721,0",CollectTradingCard/card_3013025,CollectTradingCard/ui_card_di_1,CardBottom/card_3dbackground_orange,0,0,,lihui/3013025_lihui,1,,,,,,CardBack/card_back_n,0.5,1,1,0.95,0.95,,
10230231,芙洛拉,1,,2,1,"0,40000;2,40000;3,40000;4,40000;5,40000;8,40000;9,40000;10,40000",1,T01,,,"-0.303,0.721,0",CollectTradingCard/card_3013023,CollectTradingCard/ui_card_di,CardBottom/card_bottom_01,0,0,,lihui/3013023_lihui,1,,,,,,CardBack/card_back_n,0.5,1,1,0.95,0.95,,
10230232,芙洛拉（站绘）,1,,2,1,"0,40000;2,40000;3,40000;4,40000;5,40000;8,40000;9,40000;10,40000",1,T01,,,"-0.303,0.721,0",CollectTradingCard/card_3013023_zh_01,CollectTradingCard/ui_card_di_3013023,CardBottom/card_3dbackground_green,0,0,,CardPackage/CardSpecial/card_3013023_zh_01_D,1,"0.048,-0.173,0",,,,,CardBack/card_back_n,0.5,1,1,0.95,0.95,,
10230221,莱拉,1,,2,1,"0,40000;2,40000;3,40000;4,40000;5,40000;8,40000;9,40000;10,40000",1,T01,,,"-0.303,0.721,0",CollectTradingCard/card_3013022,CollectTradingCard/ui_card_di_1,CardBottom/card_3dbackground_red,0,0,,lihui/3013022_lihui,1,,,,,,CardBack/card_back_n,0.5,1,1,0.95,0.95,,
10230201,维达,1,,2,1,"0,40000;2,40000;3,40000;4,40000;5,40000;8,40000;9,40000;10,40000",1,T01,,,"-0.303,0.721,0",CollectTradingCard/card_3013020,CollectTradingCard/ui_card_di,CardBottom/card_bottom_01,0,0,,lihui/3013020_lihui,1,,,,,,CardBack/card_back_n,0.5,1,1,0.95,0.95,,
10230181,爱琳,1,,2,1,"0,40000;2,40000;3,40000;4,40000;5,40000;8,40000;9,40000;10,40000",1,T01,,,"-0.303,0.721,0",CollectTradingCard/card_3013018,CollectTradingCard/ui_card_di,CardBottom/card_bottom_01,0,0,,lihui/3013018_lihui,1.05,"0,0.051,0",,,,,CardBack/card_back_n,0.5,1,1,0.95,0.95,,
10230182,爱琳,1,,2,1,"0,40000;2,40000;3,40000;4,40000;5,40000;8,40000;9,40000;10,40000",1,T01,,,"-0.303,0.721,0",CollectTradingCard/card_3013018_zh_01,CollectTradingCard/ui_card_di_3013018,CardBottom/card_3dbackground_pink,0,0,,CardPackage/CardSpecial/card_3013018_zh_01_D,1,"0.012,-0.156,0",,,,,CardBack/card_back_n,0.5,1,1,0.95,0.95,,
10230171,波斯菊,1,,2,1,"0,40000;2,40000;3,40000;4,40000;5,40000;8,40000;9,40000;10,40000",1,T01,,,"-0.303,0.721,0",CollectTradingCard/card_3013017,CollectTradingCard/ui_card_di_1,CardBottom/card_bottom_01,0,0,,lihui/3013017_lihui,0.81,,,,,,CardBack/card_back_n,0.5,1,1,0.95,0.95,,
10230091,奈奈芙,1,,2,1,"0,40000;2,40000;3,40000;4,40000;5,40000;8,40000;9,40000;10,40000",1,T01,,,"-0.303,0.721,0",CollectTradingCard/card_3013009,CollectTradingCard/ui_card_di,CardBottom/card_bottom_01,0,0,,lihui/3013009_lihui,1,"0,-0.034,0",,,,,CardBack/card_back_n,0.5,1,1,0.95,0.95,,
10230092,奈奈芙（站绘）,1,,2,1,"0,40000;2,40000;3,40000;4,40000;5,40000;8,40000;9,40000;10,40000",1,T01,,,"-0.303,0.721,0",CollectTradingCard/card_3013009_zh_01,CollectTradingCard/ui_card_di_3013009,CardBottom/card_3dbackground_green,0,0,,CardPackage/CardSpecial/card_3013009_zh_01_D,1.1,"0,-0.132,0",,,,,CardBack/card_back_n,0.5,1,1,0.95,0.95,,
10230071,菲莉希亚,1,,2,1,"0,40000;2,40000;3,40000;4,40000;5,40000;8,40000;9,40000;10,40000",1,T01,,,"-0.303,0.721,0",CollectTradingCard/card_3013007,CollectTradingCard/ui_card_di_1,CardBottom/card_3dbackground_green,0,0,,lihui/3013007_lihui,0.792,"0,-0.005,0",,,,,CardBack/card_back_n,0.5,1,1,0.95,0.95,,
10230011,格蕾,1,,2,1,"0,40000;2,40000;3,40000;4,40000;5,40000;8,40000;9,40000;10,40000",1,T01,,,"-0.303,0.721,0",CollectTradingCard/card_3013001,CollectTradingCard/ui_card_di_1,CardBottom/card_3dbackground_green,0,0,,lihui/3013001_lihui,1,"0,-0.045,0",,,,,CardBack/card_back_n,0.5,1,1,0.95,0.95,,
10230081,梅露特,1,,2,1,"0,40000;2,40000;3,40000;4,40000;5,40000;8,40000;9,40000;10,40000",1,T01,,,"-0.303,0.721,0",CollectTradingCard/card_3013008,CollectTradingCard/ui_card_di,CardBottom/card_bottom_01,0,0,,lihui/3013008_lihui,0.8,"0,0.014,0",,,,,CardBack/card_back_n,0.5,1,1,0.95,0.95,,
10230141,玛瑙,1,,2,1,"0,40000;2,40000;3,40000;4,40000;5,40000;8,40000;9,40000;10,40000",1,T01,,,"-0.303,0.721,0",CollectTradingCard/card_3013014,CollectTradingCard/ui_card_di,CardBottom/card_bottom_01,0,0,,lihui/3013014_lihui,0.9,"0,-0.07,0",,,,,CardBack/card_back_n,0.5,1,1,0.95,0.95,,
10240031,焰心,1,,2,1,"0,40000;2,40000;3,40000;4,40000;5,40000;8,40000;9,40000;10,40000",1,T01,,,"-0.303,0.721,0",CollectTradingCard/card_3014003,CollectTradingCard/ui_card_di,CardBottom/card_bottom_01,0,0,,lihui/3014003_lihui,1,"0,0.066,0",,,,,CardBack/card_back_n,0.5,1,1,0.95,0.95,,
10240041,索菲,1,,2,1,"0,40000;2,40000;3,40000;4,40000;5,40000;8,40000;9,40000;10,40000",1,T01,,,"-0.303,0.721,0",CollectTradingCard/card_3014004,CollectTradingCard/ui_card_di_1,CardBottom/card_3dbackground_orange,0,0,,lihui/3014004_lihui,0.8,"-0.076,0,0",,,,,CardBack/card_back_n,0.5,1,1,0.95,0.95,,
10240121,未来,1,,2,1,"0,40000;2,40000;3,40000;4,40000;5,40000;8,40000;9,40000;10,40000",1,T01,,,"-0.303,0.721,0",CollectTradingCard/card_3014012,CollectTradingCard/ui_card_di_1,CardBottom/card_3dbackground_green,0,0,,lihui/3014012_lihui,0.9,,,,,,CardBack/card_back_n,0.5,1,1,0.95,0.95,,
10240161,杏林,1,,2,1,"0,40000;2,40000;3,40000;4,40000;5,40000;8,40000;9,40000;10,40000",1,T01,,,"-0.303,0.721,0",CollectTradingCard/card_3014016,CollectTradingCard/ui_card_di_1,CardBottom/card_3dbackground_red,0,0,,lihui/3014016_lihui,0.9,,,,,,CardBack/card_back_n,0.5,1,1,0.95,0.95,,
10240181,诗娅,1,,2,1,"0,40000;2,40000;3,40000;4,40000;5,40000;8,40000;9,40000;10,40000",1,T01,,,"-0.303,0.721,0",CollectTradingCard/card_3014018,CollectTradingCard/ui_card_di_1,CardBottom/card_3dbackground_pink,0,0,,lihui/3014018_lihui,0.8,"0,-0.029,0",,,,,CardBack/card_back_n,0.5,1,1,0.95,0.95,,
10260231,佩内洛普,1,,2,1,"0,40000;2,40000;3,40000;4,40000;5,40000;8,40000;9,40000;10,40000",1,T01,,,"-0.303,0.721,0",CollectTradingCard/card_3016023,CollectTradingCard/ui_card_di,CardBottom/card_bottom_01,0,0,,lihui/3016023_lihui,0.682803,"-0.001,-0.037,0",,,,,CardBack/card_back_n,0.5,1,1,0.95,0.95,,
10260381,仙蒂,1,,2,1,"0,40000;2,40000;3,40000;4,40000;5,40000;8,40000;9,40000;10,40000",1,T01,,,"-0.303,0.721,0",CollectTradingCard/card_3016038,CollectTradingCard/ui_card_di,CardBottom/card_bottom_01,0,0,,lihui/3016038_lihui,0.9,"0.0254,0.047,0",,,,,CardBack/card_back_n,0.5,1,1,0.95,0.95,,
102001,黑化桃,1,,2,1,"0,40000;2,40000;3,40000;4,40000;5,40000;8,40000;9,40000;10,40000",1,T01,,,"-0.303,0.721,0",CollectTradingCard/card_heihuatao_zh_01,CollectTradingCard/ui_card_di_heihuatao,CardBottom/card_3dbackground_red,0,0,,CardPackage/CardSpecial/card_heihuatao_zh_01_D,1.5,"0.081,-0.344,0",,,,,CardBack/card_back_n,0.5,1,1,0.95,0.95,,
1022001,勋章5080114,1,,2,1,"0,40000;2,40000;3,40000;4,40000;5,40000;8,40000;9,40000;10,40000",1,T01,,,"-0.303,0.721,0",CollectTradingCard/card_xz_5080114,CollectTradingCard/ui_card_di_1,CardBottom/card_3dbackground_green,0,0,,CardPackage/CardSpecial/card_xz_5080114,0.5,,,,,,CardBack/card_back_n,0.5,1,1,0.95,0.95,,
1012002,勋章5080094,1,,2,1,"0,40000;2,40000;3,40000;4,40000;5,40000;8,40000;9,40000;10,40000",1,T01,,,"-0.303,0.721,0",CollectTradingCard/card_xz_5080094,CollectTradingCard/ui_card_di_1,CardBottom/card_3dbackground_red,0,0,,CardPackage/CardSpecial/card_xz_5080094,0.5,,,,,,CardBack/card_back_n,0.5,1,1,0.95,0.95,,
1012003,勋章5080095,1,,2,1,"0,40000;2,0;3,0;4,0;5,0",1,T01,,,"-0.303,0.721,0",CollectTradingCard/card_xz_5080095,CollectTradingCard/ui_card_di_1,CardBottom/card_3dbackground_orange,0,0,,CardPackage/CardSpecial/card_xz_5080095,0.5,,,,,,CardBack/card_back_n,0.5,1,1,0.95,0.95,,
13100012,律（站绘）,1,,31,2,"0,5000;2,5000;3,5000;4,5000;5,5000;8,5000;9,5000;10,5000",1,T01,,,"-0.303,0.721,0",CollectTradingCard/card_3000001_zh_01,CollectTradingCard/ui_card_di_3000001,CardBottom/card_3dbackground_green,0,0,,CardPackage/CardSpecial/card_3000001_zh_01_D,1.1,"-0.019,-0.189,0",,,,,CardBack/card_back_sr,0.5,0.8,0.2,0.8,0.95,,
13100022,克萝萝（站绘）,1,,31,2,"0,5000;2,5000;3,5000;4,5000;5,5000;8,5000;9,5000;10,5000",1,T01,,,"-0.303,0.721,0",CollectTradingCard/card_3000002_zh_01,CollectTradingCard/ui_card_di_3000002,CardBottom/card_3dbackground_orange,0,0,,CardPackage/CardSpecial/card_3000002_zh_01_D,0.931,"0.006,-0.019,0",,,,,CardBack/card_back_sr,0.5,0.8,0.2,0.8,0.95,,
13100032,黑神月咏（站绘）,1,,31,2,"0,5000;2,5000;3,5000;4,5000;5,5000;8,5000;9,5000;10,5000",1,T01,,,"-0.303,0.721,0",CollectTradingCard/card_3000003_zh_01,CollectTradingCard/ui_card_di_3000003,CardBottom/card_3dbackground_pink,0,0,,CardPackage/CardSpecial/card_3000003_zh_01_D,1.155,"-0.037,-0.227,0",,,,,CardBack/card_back_sr,0.5,0.8,0.2,0.8,0.95,,
13100042,安洁（站绘）,1,,31,2,"0,5000;2,5000;3,5000;4,5000;5,5000;8,5000;9,5000;10,5000",1,T01,,,"-0.303,0.721,0",CollectTradingCard/card_3000004_zh_01,CollectTradingCard/ui_card_di_3000004,CardBottom/card_3dbackground_blue,0,0,,CardPackage/CardSpecial/card_3000004_zh_01_D,1.15,"0,-0.255,0",,,,,CardBack/card_back_sr,0.5,0.8,0.2,0.8,0.95,,
13100052,米娅（站绘）,1,,31,2,"0,5000;2,5000;3,5000;4,5000;5,5000;8,5000;9,5000;10,5000",1,T01,,,"-0.303,0.721,0",CollectTradingCard/card_3000005_zh_01,CollectTradingCard/ui_card_di_3000005,CardBottom/card_3dbackground_red,0,0,,CardPackage/CardSpecial/card_3000005_zh_01_D,1,"0.019,-0.156,0",,,,,CardBack/card_back_sr,0.5,0.8,0.2,0.8,0.95,,
13140231,神光,1,,31,2,"0,5000;2,5000;3,5000;4,5000;5,5000;8,5000;9,5000;10,5000",1,T01,,,"-0.303,0.721,0",CollectTradingCard/card_3014023,CollectTradingCard/ui_card_di,CardBottom/card_bottom_01,0,0,,lihui/3014023_lihui,1,"0,0.11,0",,,,,CardBack/card_back_sr,0.5,0.8,0.2,0.8,0.95,,
13140232,神光（站绘）,1,,31,2,"0,5000;2,5000;3,5000;4,5000;5,5000;8,5000;9,5000;10,5000",1,T01,,,"-0.303,0.721,0",CollectTradingCard/card_3014023_zh,CollectTradingCard/ui_card_di_3014023,CardBottom/card_3dbackground_red,0,0,,CardPackage/CardSpecial/card_3014023_zh_D,1.5,"0.015,-0.345,0",,,,,CardBack/card_back_sr,0.5,0.8,0.2,0.8,0.95,,
13161871,异邦波斯菊,1,,31,2,"0,5000;2,5000;3,5000;4,5000;5,5000",1,T01,,,"-0.303,0.721,0",CollectTradingCard/card_3016187,CollectTradingCard/ui_card_di,CardBottom/card_bottom_01,0,0,,lihui/3016187_lihui,1.75692,"0,0.093,0",,,,,CardBack/card_back_sr,0.5,0.8,0.2,0.8,0.95,,
13161872,异邦波斯菊（站绘）,1,,31,2,"0,5000;2,5000;3,5000;4,5000;5,5000",1,T01,,,"-0.303,0.721,0",CollectTradingCard/card_3016187_zh,CollectTradingCard/ui_card_di_3016187,CardBottom/card_3dbackground_pink,0,0,,CardPackage/CardSpecial/card_3016187_zh_D,1.32,"-0.026,-0.146,0",,,,,CardBack/card_back_sr,0.5,0.8,0.2,0.8,0.95,,
13140091,桃,1,,31,2,"0,5000;2,5000;3,5000;4,5000;5,5000;8,5000;9,5000;10,5000",1,T01,,,"-0.303,0.721,0",CollectTradingCard/card_3014009,CollectTradingCard/ui_card_di,CardBottom/card_bottom_01,0,0,,lihui/3014009_lihui,1.056,"0.259,0.00648,0",,,,,CardBack/card_back_sr,0.5,0.8,0.2,0.8,0.95,,
13140092,桃（站绘）,1,,31,2,"0,5000;2,5000;3,5000;4,5000;5,5000;8,5000;9,5000;10,5000",1,T01,,,"-0.303,0.721,0",CollectTradingCard/card_3014009_zh,CollectTradingCard/ui_card_di_3014009,CardBottom/card_3dbackground_red,0,0,,CardPackage/CardSpecial/card_3014009_zh_D,1.3,"0.064,-0.271,0",,,,,CardBack/card_back_sr,0.5,0.8,0.2,0.8,0.95,,
13150041,耶坦尼亚,1,,31,2,"0,5000;2,5000;3,5000;4,5000;5,5000;8,5000;9,5000;10,5000",1,T01,,,"-0.303,0.721,0",CollectTradingCard/card_3015004,CollectTradingCard/ui_card_di,CardBottom/card_bottom_01,0,0,,lihui/3015004_lihui,1,"0.079,0,0",,,,,CardBack/card_back_sr,0.5,0.8,0.2,0.8,0.95,,
13150042,耶坦尼亚（站绘）,1,,31,2,"0,5000;2,5000;3,5000;4,5000;5,5000;8,5000;9,5000;10,5000",1,T01,,,"-0.303,0.721,0",CollectTradingCard/card_3015004_zh_01,CollectTradingCard/ui_card_di_3015004,CardBottom/card_3dbackground_blue,0,0,,CardPackage/CardSpecial/card_3015004_zh_01_D,1.3,"0.022,-0.279,0",,,,,CardBack/card_back_sr,0.5,0.8,0.2,0.8,0.95,,
13150021,丹妮,1,,31,2,"0,5000;2,5000;3,5000;4,5000;5,5000;8,5000;9,5000;10,5000",1,T01,,,"-0.303,0.721,0",CollectTradingCard/card_3015002,CollectTradingCard/ui_card_di,CardBottom/card_bottom_01,0,0,,lihui/3015002_lihui,1.56,"0,-0.156,0",,,,,CardBack/card_back_sr,0.5,0.8,0.2,0.8,0.95,,
13150022,丹妮（站绘）,1,,31,2,"0,5000;2,5000;3,5000;4,5000;5,5000;8,5000;9,5000;10,5000",1,T01,,,"-0.303,0.721,0",CollectTradingCard/card_3015002_zh,CollectTradingCard/ui_card_di_3015002,CardBottom/card_3dbackground_orange,0,0,,CardPackage/CardSpecial/card_3015002_zh_D,1.5444,"-0.041,-0.384,0",,,,,CardBack/card_back_sr,0.5,0.8,0.2,0.8,0.95,,
13140241,雷雷,1,,31,2,"0,5000;2,5000;3,5000;4,5000;5,5000;8,5000;9,5000;10,5000",1,T01,,,"-0.303,0.721,0",CollectTradingCard/card_3014024,CollectTradingCard/ui_card_di,CardBottom/card_bottom_01,0,0,,lihui/3014024_lihui,0.95,"0.0203,0.0358,0",,,,,CardBack/card_back_sr,0.5,0.8,0.2,0.8,0.95,,
13140242,雷雷（站绘）,1,,31,2,"0,5000;2,5000;3,5000;4,5000;5,5000;8,5000;9,5000;10,5000",1,T01,,,"-0.303,0.721,0",CollectTradingCard/card_3014024_zh_01,CollectTradingCard/ui_card_di_3014024,CardBottom/card_3dbackground_green,0,0,,CardPackage/CardSpecial/card_3014024_zh_01_D,1.1,"0.006,-0.168,0",,,,,CardBack/card_back_sr,0.5,0.8,0.2,0.8,0.95,,
13140251,安普莎,1,,31,2,"0,5000;2,5000;3,5000;4,5000;5,5000;8,5000;9,5000;10,5000",1,T01,,,"-0.303,0.721,0",CollectTradingCard/card_3014025,CollectTradingCard/ui_card_di,CardBottom/card_bottom_01,0,0,,lihui/3014025_lihui,1,,,,,,CardBack/card_back_sr,0.5,0.8,0.2,0.8,0.95,,
13140252,安普莎（站绘）,1,,31,2,"0,5000;2,5000;3,5000;4,5000;5,5000;8,5000;9,5000;10,5000",1,T01,,,"-0.303,0.721,0",CollectTradingCard/card_3014025_zh_01,CollectTradingCard/ui_card_di_3014025,CardBottom/card_3dbackground_blue,0,0,,CardPackage/CardSpecial/card_3014025_zh_01_D,1.1,"-0.022,-0.124,0",,,,,CardBack/card_back_sr,0.5,0.8,0.2,0.8,0.95,,
13140291,贝儿,1,,31,2,"0,5000;2,5000;3,5000;4,5000;5,5000;8,5000;9,5000;10,5000",1,T01,,,"-0.303,0.721,0",CollectTradingCard/card_3014029,CollectTradingCard/ui_card_di,CardBottom/card_bottom_01,0,0,,lihui/3014029_lihui,1,,,,,,CardBack/card_back_sr,0.5,0.8,0.2,0.8,0.95,,
13140292,贝儿（站绘）,1,,31,2,"0,5000;2,5000;3,5000;4,5000;5,5000;8,5000;9,5000;10,5000",1,T01,,,"-0.303,0.721,0",CollectTradingCard/card_3014029_zh_01,CollectTradingCard/ui_card_di_3014029,CardBottom/card_3dbackground_orange,0,0,,CardPackage/CardSpecial/card_3014029_zh_01_D,1,"0.005,-0.154,0",,,,,CardBack/card_back_sr,0.5,0.8,0.2,0.8,0.95,,
13140301,安娜,1,,31,2,"0,5000;2,5000;3,5000;4,5000;5,5000;8,5000;9,5000;10,5000",1,T01,,,"-0.303,0.721,0",CollectTradingCard/card_3014030,CollectTradingCard/ui_card_di,CardBottom/card_bottom_01,0,0,,lihui/3014030_lihui,1,,,,,,CardBack/card_back_sr,0.5,0.8,0.2,0.8,0.95,,
13140302,安娜（站绘）,1,,31,2,"0,5000;2,5000;3,5000;4,5000;5,5000;8,5000;9,5000;10,5000",1,T01,,,"-0.303,0.721,0",CollectTradingCard/card_3014030_zh_01,CollectTradingCard/ui_card_di_3014030,CardBottom/card_3dbackground_blue,0,0,,CardPackage/CardSpecial/card_3014030_zh_01_D,1.15,"-0.023,-0.196,0",,,,,CardBack/card_back_sr,0.5,0.8,0.2,0.8,0.95,,
13150061,希夕莉,1,,31,2,"0,5000;2,5000;3,5000;4,5000;5,5000;8,5000;9,5000;10,5000",1,T01,,,"-0.303,0.721,0",CollectTradingCard/card_3015006,CollectTradingCard/ui_card_di,CardBottom/card_bottom_01,0,0,,lihui/3015006_lihui,1,"0,-0.0174,0",,,,,CardBack/card_back_sr,0.5,0.8,0.2,0.8,0.95,,
13150062,希夕莉（站绘）,1,,31,2,"0,5000;2,5000;3,5000;4,5000;5,5000;8,5000;9,5000;10,5000",1,T01,,,"-0.303,0.721,0",CollectTradingCard/card_3015006_zh_01,CollectTradingCard/ui_card_di_3015006,CardBottom/card_3dbackground_blue,0,0,,CardPackage/CardSpecial/card_3015006_zh_01_D,1,"0.019,-0.163,0",,,,,CardBack/card_back_sr,0.5,0.8,0.2,0.8,0.95,,
13150071,萨拉,1,,31,2,"0,5000;2,5000;3,5000;4,5000;5,5000;8,5000;9,5000;10,5000",1,T01,,,"-0.303,0.721,0",CollectTradingCard/card_3015007,CollectTradingCard/ui_card_di,CardBottom/card_bottom_01,0,0,,lihui/3015007_lihui,1,"0.0623,-0.06,0",,,,,CardBack/card_back_sr,0.5,0.8,0.2,0.8,0.95,,
13150072,萨拉（站绘）,1,,31,2,"0,5000;2,5000;3,5000;4,5000;5,5000;8,5000;9,5000;10,5000",1,T01,,,"-0.303,0.721,0",CollectTradingCard/card_3015007_zh_01,CollectTradingCard/ui_card_di_3015007,CardBottom/card_3dbackground_blue,0,0,,CardPackage/CardSpecial/card_3015007_zh_01_D,1.15,"0.014,-0.186,0",,,,,CardBack/card_back_sr,0.5,0.8,0.2,0.8,0.95,,
13150081,牧,1,,31,2,"0,5000;2,5000;3,5000;4,5000;5,5000;8,5000;9,5000;10,5000",1,T01,,,"-0.303,0.721,0",CollectTradingCard/card_3015008,CollectTradingCard/ui_card_di_1,CardBottom/card_3dbackground_red,0,0,,lihui/3015008_lihui,1.1,"0.0262,0.0591,0",,,,,CardBack/card_back_sr,0.5,0.8,0.2,0.8,0.95,,
13150082,牧（站绘）,1,,31,2,"0,5000;2,5000;3,5000;4,5000;5,5000;8,5000;9,5000;10,5000",1,T01,,,"-0.303,0.721,0",CollectTradingCard/card_3015008_zh_01,CollectTradingCard/ui_card_di_3015008,CardBottom/card_3dbackground_red,0,0,,CardPackage/CardSpecial/card_3015008_zh_01_D,1,"0.014,-0.128,0",,,,,CardBack/card_back_sr,0.5,0.8,0.2,0.8,0.95,,
13160091,吉拉蒂亚,1,,31,2,"0,5000;2,5000;3,5000;4,5000;5,5000;8,5000;9,5000;10,5000",1,T01,,,"-0.303,0.721,0",CollectTradingCard/card_3016009,CollectTradingCard/ui_card_di,CardBottom/card_bottom_01,0,0,,lihui/3016009_lihui,1.5,"0,0.027,0",,,,,CardBack/card_back_sr,0.5,0.8,0.2,0.8,0.95,,
13160092,吉拉蒂亚（站绘）,1,,31,2,"0,5000;2,5000;3,5000;4,5000;5,5000;8,5000;9,5000;10,5000",1,T01,,,"-0.303,0.721,0",CollectTradingCard/card_3016009_1_zh_01,CollectTradingCard/ui_card_di_3016009_1,CardBottom/card_3dbackground_blue,0,0,,CardPackage/CardSpecial/card_3016009_1_zh_01_D,1.1,"0.009,-0.164,0",,,,,CardBack/card_back_sr,0.5,0.8,0.2,0.8,0.95,,
13160311,小闪,1,,31,2,"0,5000;2,5000;3,5000;4,5000;5,5000;8,5000;9,5000;10,5000",1,T01,,,"-0.303,0.721,0",CollectTradingCard/card_3016031,CollectTradingCard/ui_card_di,CardBottom/card_bottom_01,0,0,,lihui/3016031_lihui,1.1,"0,0.0766,0",,,,,CardBack/card_back_sr,0.5,0.8,0.2,0.8,0.95,,
13160312,小闪（站绘）,1,,31,2,"0,5000;2,5000;3,5000;4,5000;5,5000;8,5000;9,5000;10,5000",1,T01,,,"-0.303,0.721,0",CollectTradingCard/card_3016031_zh_01,CollectTradingCard/ui_card_di_3016031,CardBottom/card_3dbackground_pink,0,0,,CardPackage/CardSpecial/card_3016031_zh_01_D,1,"0.009,-0.13,0",,,,,CardBack/card_back_sr,0.5,0.8,0.2,0.8,0.95,,
13161301,伊卡洛斯,1,,31,2,"0,5000;2,5000;3,5000;4,5000;5,5000;8,5000;9,5000;10,5000",1,T01,,,"-0.303,0.721,0",CollectTradingCard/card_3016130,CollectTradingCard/ui_card_di,CardBottom/card_bottom_01,0,0,,lihui/3016130_lihui,1,,,,,,CardBack/card_back_sr,0.5,0.8,0.2,0.8,0.95,,
13161302,伊卡洛斯（站绘）,1,,31,2,"0,5000;2,5000;3,5000;4,5000;5,5000;8,5000;9,5000;10,5000",1,T01,,,"-0.303,0.721,0",CollectTradingCard/card_3016130_zh_01,CollectTradingCard/ui_card_di_3016130,CardBottom/card_3dbackground_green,0,0,,CardPackage/CardSpecial/card_3016130_zh_01_D,1.15,"0.036,-0.148,0",,,,,CardBack/card_back_sr,0.5,0.8,0.2,0.8,0.95,,
13160201,奈奥米,1,,31,2,"0,5000;2,5000;3,5000;4,5000;5,5000",1,T01,,,"-0.303,0.721,0",CollectTradingCard/card_3016020,CollectTradingCard/ui_card_di,CardBottom/card_bottom_01,0,0,,lihui/3016020_lihui,1.41539,,,,,,CardBack/card_back_sr,0.5,0.8,0.2,0.8,0.95,,
13160202,奈奥米（站绘）,1,,31,2,"0,5000;2,5000;3,5000;4,5000;5,5000",1,T01,,,"-0.303,0.721,0",CollectTradingCard/card_3016020_zh_01,CollectTradingCard/ui_card_di_3016020,CardBottom/card_3dbackground_blue,0,0,,CardPackage/CardSpecial/card_3016020_zh_01_D,1.158252,"0.005,-0.193,0",,,,,CardBack/card_back_sr,0.5,0.8,0.2,0.8,0.95,,
13160203,奈奥米（月下银铃）,1,,31,2,"0,5000;2,0;3,0;4,0;5,0",1,T01,,,"-0.303,0.721,0",CollectTradingCard/card_301602001,CollectTradingCard/ui_card_di,CardBottom/card_bottom_01,0,0,,lihui/301602001_lihui,1.1,,,,,,CardBack/card_back_sr,0.5,0.8,0.2,0.8,0.95,,
13160781,昔莱,1,,31,2,"0,5000;2,0;3,0;4,0;5,0",1,T01,,,"-0.303,0.721,0",CollectTradingCard/card_3016078,CollectTradingCard/ui_card_di,CardBottom/card_bottom_01,0,0,,lihui/3016078_lihui,1.65888,"0.066,0.056,0",,,,,CardBack/card_back_sr,0.5,0.8,0.2,0.8,0.95,,
13160782,昔莱（站绘）,1,,31,2,"0,5000;2,0;3,0;4,0;5,0",1,T01,,,"-0.303,0.721,0",CollectTradingCard/card_3016078_zh_01,CollectTradingCard/ui_card_di_3016078,CardBottom/card_3dbackground_green,0,0,,CardPackage/CardSpecial/card_3016078_zh_01_D,1.331,"-0.16,-0.089,0",,,,,CardBack/card_back_sr,0.5,0.8,0.2,0.8,0.95,,
13130031,阿涅克丝,1,,31,2,"0,5000;2,5000;3,5000;4,5000;5,5000;8,5000;9,5000;10,5000",1,T01,,,"-0.303,0.721,0",CollectTradingCard/card_3013003,CollectTradingCard/ui_card_di,CardBottom/card_bottom_01,0,0,,lihui/3013003_lihui,1,,,,,,CardBack/card_back_sr,0.5,0.8,0.2,0.8,0.95,,
13130032,阿涅克丝（站绘）,1,,31,2,"0,5000;2,5000;3,5000;4,5000;5,5000;8,5000;9,5000;10,5000",1,T01,,,"-0.303,0.721,0",CollectTradingCard/card_3013003_zh,CollectTradingCard/ui_card_di_3013003,CardBottom/card_3dbackground_orange,0,0,,CardPackage/CardSpecial/card_3013003_zh_D,1.1,"0,-0.162,0",,,,,CardBack/card_back_sr,0.5,0.8,0.2,0.8,0.95,,
13130041,炽爱,1,,31,2,"0,5000;2,5000;3,5000;4,5000;5,5000;8,5000;9,5000;10,5000",1,T01,,,"-0.303,0.721,0",CollectTradingCard/card_3013004,CollectTradingCard/ui_card_di_1,CardBottom/card_3dbackground_orange,0,0,,lihui/3013004_lihui,1,,,,,,CardBack/card_back_sr,0.5,0.8,0.2,0.8,0.95,,
13130042,炽爱（站绘）,1,,31,2,"0,5000;2,5000;3,5000;4,5000;5,5000;8,5000;9,5000;10,5000",1,T01,,,"-0.303,0.721,0",CollectTradingCard/card_3013004_zh_01,CollectTradingCard/ui_card_di_3013004,CardBottom/card_3dbackground_red,0,0,,CardPackage/CardSpecial/card_3013004_zh_01_D,1.15,"-0.045,-0.233,0",,,,,CardBack/card_back_sr,0.5,0.8,0.2,0.8,0.95,,
13130043,炽爱（午后闲暇）,1,,31,2,"0,5000;2,5000;3,5000;4,5000;5,5000;8,5000;9,5000;10,5000",1,T01,,,"-0.303,0.721,0",CollectTradingCard/card_301300401,CollectTradingCard/ui_card_di_1,CardBottom/card_3dbackground_orange,0,0,,lihui/301300401_lihui,1.056,"0.012,0.081,0",,,,,CardBack/card_back_sr,0.5,0.8,0.2,0.8,0.95,,
13130061,水仙,1,,31,2,"0,5000;2,5000;3,5000;4,5000;5,5000;8,5000;9,5000;10,5000",1,T01,,,"-0.303,0.721,0",CollectTradingCard/card_3013006,CollectTradingCard/ui_card_di,CardBottom/card_bottom_01,0,0,,lihui/3013006_lihui,0.85,,,,,,CardBack/card_back_sr,0.5,0.8,0.2,0.8,0.95,,
13130062,水仙（站绘）,1,,31,2,"0,5000;2,5000;3,5000;4,5000;5,5000;8,5000;9,5000;10,5000",1,T01,,,"-0.303,0.721,0",CollectTradingCard/card_3013006_zh,CollectTradingCard/ui_card_di_3013006,CardBottom/card_3dbackground_pink,0,0,,CardPackage/CardSpecial/card_3013006_zh_D,1.2,"0.081,-0.055,0",,,,,CardBack/card_back_sr,0.5,0.8,0.2,0.8,0.95,,
13130191,库萝心,1,,31,2,"0,5000;2,5000;3,5000;4,5000;5,5000;8,5000;9,5000;10,5000",1,T01,,,"-0.303,0.721,0",CollectTradingCard/card_3013019,CollectTradingCard/ui_card_di,CardBottom/card_bottom_01,0,0,,lihui/3013019_lihui,0.95,"0,0.02,0",,,,,CardBack/card_back_sr,0.5,0.8,0.2,0.8,0.95,,
13130192,库萝心（站绘）,1,,31,2,"0,5000;2,5000;3,5000;4,5000;5,5000;8,5000;9,5000;10,5000",1,T01,,,"-0.303,0.721,0",CollectTradingCard/card_3013019_zh,CollectTradingCard/ui_card_di_3013019,CardBottom/card_3dbackground_red,0,0,,CardPackage/CardSpecial/card_3013019_zh_D,1,"-0.045,-0.141,0",,,,,CardBack/card_back_sr,0.5,0.8,0.2,0.8,0.95,,
13140201,阿波菲斯,1,,31,2,"0,5000;2,5000;3,5000;4,5000;5,5000;8,5000;9,5000;10,5000",1,T01,,,"-0.303,0.721,0",CollectTradingCard/card_3014020,CollectTradingCard/ui_card_di_1,CardBottom/card_3dbackground_green,0,0,,lihui/3014020_lihui,1.05,,,,,,CardBack/card_back_sr,0.5,0.8,0.2,0.8,0.95,,
13140202,阿波菲斯（站绘）,1,,31,2,"0,5000;2,5000;3,5000;4,5000;5,5000;8,5000;9,5000;10,5000",1,T01,,,"-0.303,0.721,0",CollectTradingCard/card_3014020_zh_01,CollectTradingCard/ui_card_di_3014020,CardBottom/card_3dbackground_green,0,0,,CardPackage/CardSpecial/card_3014020_zh_01_D,1,"0,-0.126,0",,,,,CardBack/card_back_sr,0.5,0.8,0.2,0.8,0.95,,
13130151,哀歌,1,,31,2,"0,5000;2,5000;3,5000;4,5000;5,5000;8,5000;9,5000;10,5000",1,T01,,,"-0.303,0.721,0",CollectTradingCard/card_3013015,CollectTradingCard/ui_card_di_1,CardBottom/card_bottom_01,0,0,,lihui/3013015_lihui,1,,,,,,CardBack/card_back_sr,0.5,0.8,0.2,0.8,0.95,,
13130152,哀歌（站绘）,1,,31,2,"0,5000;2,5000;3,5000;4,5000;5,5000;8,5000;9,5000;10,5000",1,T01,,,"-0.303,0.721,0",CollectTradingCard/card_3013015_zh_01,CollectTradingCard/ui_card_di_3013015,CardBottom/card_3dbackground_red,0,0,,CardPackage/CardSpecial/card_3013015_zh_01_D,1.15,"0.102,-0.127,0",,,,,CardBack/card_back_sr,0.5,0.8,0.2,0.8,0.95,,
13140011,普琳普顿,1,,31,2,"0,5000;2,5000;3,5000;4,5000;5,5000;8,5000;9,5000;10,5000",1,T01,,,"-0.303,0.721,0",CollectTradingCard/card_3014001,CollectTradingCard/ui_card_di,CardBottom/card_bottom_01,0,0,,lihui/3014001_lihui,1.1,"0,0.098,0",,,,,CardBack/card_back_sr,0.5,0.8,0.2,0.8,0.95,,
13140012,普琳普顿（站绘）,1,,31,2,"0,5000;2,5000;3,5000;4,5000;5,5000;8,5000;9,5000;10,5000",1,T01,,,"-0.303,0.721,0",CollectTradingCard/card_3014001_zh_01,CollectTradingCard/ui_card_di_3014001,CardBottom/card_3dbackground_red,0,0,,CardPackage/CardSpecial/card_3014001_zh_01_D,1.15,"-0.012,-0.169,0",,,,,CardBack/card_back_sr,0.5,0.8,0.2,0.8,0.95,,
13140021,黛比,1,,31,2,"0,5000;2,5000;3,5000;4,5000;5,5000;8,5000;9,5000;10,5000",1,T01,,,"-0.303,0.721,0",CollectTradingCard/card_3014002,CollectTradingCard/ui_card_di_1,CardBottom/card_3dbackground_pink,0,0,,lihui/3014002_lihui,1,"0,0.071,0",,,,,CardBack/card_back_sr,0.5,0.8,0.2,0.8,0.95,,
13140022,黛比(站绘）,1,,31,2,"0,5000;2,5000;3,5000;4,5000;5,5000;8,5000;9,5000;10,5000",1,T01,,,"-0.303,0.721,0",CollectTradingCard/card_3014002_zh_01,CollectTradingCard/ui_card_di_3014002,CardBottom/card_3dbackground_pink,0,0,,CardPackage/CardSpecial/card_3014002_zh_01_D,0.9,"0.027,-0.036,0",,,,,CardBack/card_back_sr,0.5,0.8,0.2,0.8,0.95,,
13140191,艾什尔,1,,31,2,"0,5000;2,5000;3,5000;4,5000;5,5000;8,5000;9,5000;10,5000",1,T01,,,"-0.303,0.721,0",CollectTradingCard/card_3014019,CollectTradingCard/ui_card_di,CardBottom/card_bottom_01,0,0,,lihui/3014019_lihui,1,"0.092,0,0",,,,,CardBack/card_back_sr,0.5,0.8,0.2,0.8,0.95,,
13140192,艾什尔（站绘）,1,,31,2,"0,5000;2,5000;3,5000;4,5000;5,5000;8,5000;9,5000;10,5000",1,T01,,,"-0.303,0.721,0",CollectTradingCard/card_3014019_zh_01,CollectTradingCard/ui_card_di_3014019,CardBottom/card_3dbackground_blue,0,0,,CardPackage/CardSpecial/card_3014019_zh_01_D,1.2,"0.038,-0.235,0",,,,,CardBack/card_back_sr,0.5,0.8,0.2,0.8,0.95,,
13140211,纳菲,1,,31,2,"0,5000;2,5000;3,5000;4,5000;5,5000;8,5000;9,5000;10,5000",1,T01,,,"-0.303,0.721,0",CollectTradingCard/card_3014021,CollectTradingCard/ui_card_di_1,CardBottom/card_bottom_02,0,0,,lihui/3014021_lihui,1,"0,0.02,0",,,,,CardBack/card_back_sr,0.5,0.8,0.2,0.8,0.95,,
13140212,纳菲（站绘）,1,,31,2,"0,5000;2,5000;3,5000;4,5000;5,5000;8,5000;9,5000;10,5000",1,T01,,,"-0.303,0.721,0",CollectTradingCard/card_3014021_zh_01,CollectTradingCard/ui_card_di_3014021,CardBottom/card_3dbackground_red,0,0,,CardPackage/CardSpecial/card_3014021_zh_01_D,1,"0.034,-0.109,0",,,,,CardBack/card_back_sr,0.5,0.8,0.2,0.8,0.95,,
13140221,丘吉尔,1,,31,2,"0,5000;2,5000;3,5000;4,5000;5,5000;8,5000;9,5000;10,5000",1,T01,,,"-0.303,0.721,0",CollectTradingCard/card_3014022,CollectTradingCard/ui_card_di_1,CardBottom/card_3dbackground_blue,0,0,,lihui/3014022_lihui,1,"0,0.034,0",,,,,CardBack/card_back_sr,0.5,0.8,0.2,0.8,0.95,,
13140261,库萝爱,1,,31,2,"0,5000;2,5000;3,5000;4,5000;5,5000;8,5000;9,5000;10,5000",1,T01,,,"-0.303,0.721,0",CollectTradingCard/card_3014026,CollectTradingCard/ui_card_di_1,CardBottom/card_3dbackground_red,0,0,,lihui/3014026_lihui,1.2,"0,0.07,0",,,,,CardBack/card_back_sr,0.5,0.8,0.2,0.8,0.95,,
13140262,库萝爱（站绘）,1,,31,2,"0,5000;2,5000;3,5000;4,5000;5,5000;8,5000;9,5000;10,5000",1,T01,,,"-0.303,0.721,0",CollectTradingCard/card_3014026_zh_01,CollectTradingCard/ui_card_di_3014026,CardBottom/card_3dbackground_red,0,0,,CardPackage/CardSpecial/card_3014026_zh_01_D,1.15,"-0.027,-0.21,0",,,,,CardBack/card_back_sr,0.5,0.8,0.2,0.8,0.95,,
13140271,贝拉,1,,31,2,"0,5000;2,5000;3,5000;4,5000;5,5000;8,5000;9,5000;10,5000",1,T01,,,"-0.303,0.721,0",CollectTradingCard/card_3014027,CollectTradingCard/ui_card_di_1,CardBottom/card_3dbackground_green,0,0,,lihui/3014027_lihui,0.8,"-0.079,0.01,0",,,,,CardBack/card_back_sr,0.5,0.8,0.2,0.8,0.95,,
13140272,贝拉（站绘）,1,,31,2,"0,5000;2,5000;3,5000;4,5000;5,5000;8,5000;9,5000;10,5000",1,T01,,,"-0.303,0.721,0",CollectTradingCard/card_3014027_zh_01,CollectTradingCard/ui_card_di_3014027,CardBottom/card_3dbackground_green,0,0,,CardPackage/CardSpecial/card_3014027_zh_01_D,1,"0,-0.154,0",,,,,CardBack/card_back_sr,0.5,0.8,0.2,0.8,0.95,,
13160111,卡萝琳,1,,31,2,"0,5000;2,5000;3,5000;4,5000;5,5000;8,5000;9,5000;10,5000",1,T01,,,"-0.303,0.721,0",CollectTradingCard/card_3016011,CollectTradingCard/ui_card_di,CardBottom/card_bottom_01,0,0,,lihui/3016011_lihui,1,"-0.041,-0.042,0",,,,,CardBack/card_back_sr,0.5,0.8,0.2,0.8,0.95,,
13160112,卡萝琳（站绘）,1,,31,2,"0,5000;2,5000;3,5000;4,5000;5,5000;8,5000;9,5000;10,5000",1,T01,,,"-0.303,0.721,0",CollectTradingCard/card_3016011_zh_01,CollectTradingCard/ui_card_di_3016011,CardBottom/card_3dbackground_blue,0,0,,CardPackage/CardSpecial/card_3016011_zh_01_D,1.2,"0.015,-0.25,0",,,,,CardBack/card_back_sr,0.5,0.8,0.2,0.8,0.95,,
13160171,罗莎莉,1,,31,2,"0,0;2,0;3,0;4,0;5,0",1,T01,,,"-0.303,0.721,0",CollectTradingCard/card_3016017,CollectTradingCard/ui_card_di,CardBottom/card_bottom_01,0,0,,lihui/3016017_lihui,0.8505,"0.035,0,0",,,,,CardBack/card_back_sr,0.5,0.8,0.2,0.8,0.95,,
13160172,罗莎莉（站绘）,1,,31,2,"0,0;2,0;3,0;4,0;5,0",1,T01,,,"-0.303,0.721,0",CollectTradingCard/card_3016017_zh_01,CollectTradingCard/ui_card_di_3016017,CardBottom/card_3dbackground_pink,0,0,,CardPackage/CardSpecial/card_3016017_zh_01_D,1.2,"0.039,-0.253,0",,,,,CardBack/card_back_sr,0.5,0.8,0.2,0.8,0.95,,
13160681,贝卡丝,1,,31,2,"0,5000;2,5000;3,5000;4,5000;5,5000",1,T01,,,"-0.303,0.721,0",CollectTradingCard/card_3016068,CollectTradingCard/ui_card_di_1,CardBottom/card_bottom_02,0,0,,lihui/3016068_lihui,1,"0,-0.09,0",,,,,CardBack/card_back_sr,0.5,0.8,0.2,0.8,0.95,,
13160682,贝卡丝（站绘）,1,,31,2,"0,5000;2,5000;3,5000;4,5000;5,5000",1,T01,,,"-0.303,0.721,0",CollectTradingCard/card_3016068_zh_01,CollectTradingCard/ui_card_di_3016068,CardBottom/card_3dbackground_green,0,0,,CardPackage/CardSpecial/card_3016068_zh_01_D,1.1,"-0.034,-0.221,0",,,,,CardBack/card_back_sr,0.5,0.8,0.2,0.8,0.95,,
13130251,多萝西,1,,31,2,"0,5000;2,5000;3,5000;4,5000;5,5000;8,5000;9,5000;10,5000",1,T01,,,"-0.303,0.721,0",CollectTradingCard/card_3013025,CollectTradingCard/ui_card_di_1,CardBottom/card_3dbackground_orange,0,0,,lihui/3013025_lihui,1,,,,,,CardBack/card_back_sr,0.5,0.8,0.2,0.8,0.95,,
13130231,芙洛拉,1,,31,2,"0,5000;2,5000;3,5000;4,5000;5,5000;8,5000;9,5000;10,5000",1,T01,,,"-0.303,0.721,0",CollectTradingCard/card_3013023,CollectTradingCard/ui_card_di,CardBottom/card_bottom_01,0,0,,lihui/3013023_lihui,1,,,,,,CardBack/card_back_sr,0.5,0.8,0.2,0.8,0.95,,
13130232,芙洛拉（站绘）,1,,31,2,"0,5000;2,5000;3,5000;4,5000;5,5000;8,5000;9,5000;10,5000",1,T01,,,"-0.303,0.721,0",CollectTradingCard/card_3013023_zh_01,CollectTradingCard/ui_card_di_3013023,CardBottom/card_3dbackground_green,0,0,,CardPackage/CardSpecial/card_3013023_zh_01_D,1,"0.048,-0.173,0",,,,,CardBack/card_back_sr,0.5,0.8,0.2,0.8,0.95,,
13130221,莱拉,1,,31,2,"0,5000;2,5000;3,5000;4,5000;5,5000;8,5000;9,5000;10,5000",1,T01,,,"-0.303,0.721,0",CollectTradingCard/card_3013022,CollectTradingCard/ui_card_di_1,CardBottom/card_3dbackground_red,0,0,,lihui/3013022_lihui,1,,,,,,CardBack/card_back_sr,0.5,0.8,0.2,0.8,0.95,,
13130201,维达,1,,31,2,"0,5000;2,5000;3,5000;4,5000;5,5000;8,5000;9,5000;10,5000",1,T01,,,"-0.303,0.721,0",CollectTradingCard/card_3013020,CollectTradingCard/ui_card_di,CardBottom/card_bottom_01,0,0,,lihui/3013020_lihui,1,,,,,,CardBack/card_back_sr,0.5,0.8,0.2,0.8,0.95,,
13130181,爱琳,1,,31,2,"0,5000;2,5000;3,5000;4,5000;5,5000;8,5000;9,5000;10,5000",1,T01,,,"-0.303,0.721,0",CollectTradingCard/card_3013018,CollectTradingCard/ui_card_di,CardBottom/card_bottom_01,0,0,,lihui/3013018_lihui,1.05,"0,0.051,0",,,,,CardBack/card_back_sr,0.5,0.8,0.2,0.8,0.95,,
13130182,爱琳,1,,31,2,"0,5000;2,5000;3,5000;4,5000;5,5000;8,5000;9,5000;10,5000",1,T01,,,"-0.303,0.721,0",CollectTradingCard/card_3013018_zh_01,CollectTradingCard/ui_card_di_3013018,CardBottom/card_3dbackground_pink,0,0,,CardPackage/CardSpecial/card_3013018_zh_01_D,1,"0.012,-0.156,0",,,,,CardBack/card_back_sr,0.5,0.8,0.2,0.8,0.95,,
13130171,波斯菊,1,,31,2,"0,5000;2,5000;3,5000;4,5000;5,5000;8,5000;9,5000;10,5000",1,T01,,,"-0.303,0.721,0",CollectTradingCard/card_3013017,CollectTradingCard/ui_card_di_1,CardBottom/card_bottom_01,0,0,,lihui/3013017_lihui,0.81,,,,,,CardBack/card_back_sr,0.5,0.8,0.2,0.8,0.95,,
13130091,奈奈芙,1,,31,2,"0,5000;2,5000;3,5000;4,5000;5,5000;8,5000;9,5000;10,5000",1,T01,,,"-0.303,0.721,0",CollectTradingCard/card_3013009,CollectTradingCard/ui_card_di,CardBottom/card_bottom_01,0,0,,lihui/3013009_lihui,1,"0,-0.034,0",,,,,CardBack/card_back_sr,0.5,0.8,0.2,0.8,0.95,,
13130092,奈奈芙（站绘）,1,,31,2,"0,5000;2,5000;3,5000;4,5000;5,5000;8,5000;9,5000;10,5000",1,T01,,,"-0.303,0.721,0",CollectTradingCard/card_3013009_zh_01,CollectTradingCard/ui_card_di_3013009,CardBottom/card_3dbackground_green,0,0,,CardPackage/CardSpecial/card_3013009_zh_01_D,1.1,"0,-0.132,0",,,,,CardBack/card_back_sr,0.5,0.8,0.2,0.8,0.95,,
13130071,菲莉希亚,1,,31,2,"0,5000;2,5000;3,5000;4,5000;5,5000;8,5000;9,5000;10,5000",1,T01,,,"-0.303,0.721,0",CollectTradingCard/card_3013007,CollectTradingCard/ui_card_di_1,CardBottom/card_3dbackground_green,0,0,,lihui/3013007_lihui,0.792,"0,-0.005,0",,,,,CardBack/card_back_sr,0.5,0.8,0.2,0.8,0.95,,
13130011,格蕾,1,,31,2,"0,5000;2,5000;3,5000;4,5000;5,5000;8,5000;9,5000;10,5000",1,T01,,,"-0.303,0.721,0",CollectTradingCard/card_3013001,CollectTradingCard/ui_card_di_1,CardBottom/card_3dbackground_green,0,0,,lihui/3013001_lihui,1,"0,-0.045,0",,,,,CardBack/card_back_sr,0.5,0.8,0.2,0.8,0.95,,
13130081,梅露特,1,,31,2,"0,5000;2,5000;3,5000;4,5000;5,5000;8,5000;9,5000;10,5000",1,T01,,,"-0.303,0.721,0",CollectTradingCard/card_3013008,CollectTradingCard/ui_card_di,CardBottom/card_bottom_01,0,0,,lihui/3013008_lihui,0.8,"0,0.014,0",,,,,CardBack/card_back_sr,0.5,0.8,0.2,0.8,0.95,,
13130141,玛瑙,1,,31,2,"0,5000;2,5000;3,5000;4,5000;5,5000;8,5000;9,5000;10,5000",1,T01,,,"-0.303,0.721,0",CollectTradingCard/card_3013014,CollectTradingCard/ui_card_di,CardBottom/card_bottom_01,0,0,,lihui/3013014_lihui,0.9,"0,-0.07,0",,,,,CardBack/card_back_sr,0.5,0.8,0.2,0.8,0.95,,
13140031,焰心,1,,31,2,"0,5000;2,5000;3,5000;4,5000;5,5000;8,5000;9,5000;10,5000",1,T01,,,"-0.303,0.721,0",CollectTradingCard/card_3014003,CollectTradingCard/ui_card_di,CardBottom/card_bottom_01,0,0,,lihui/3014003_lihui,1,"0,0.066,0",,,,,CardBack/card_back_sr,0.5,0.8,0.2,0.8,0.95,,
13140041,索菲,1,,31,2,"0,5000;2,5000;3,5000;4,5000;5,5000;8,5000;9,5000;10,5000",1,T01,,,"-0.303,0.721,0",CollectTradingCard/card_3014004,CollectTradingCard/ui_card_di_1,CardBottom/card_3dbackground_orange,0,0,,lihui/3014004_lihui,0.8,"-0.076,0,0",,,,,CardBack/card_back_sr,0.5,0.8,0.2,0.8,0.95,,
13140121,未来,1,,31,2,"0,5000;2,5000;3,5000;4,5000;5,5000;8,5000;9,5000;10,5000",1,T01,,,"-0.303,0.721,0",CollectTradingCard/card_3014012,CollectTradingCard/ui_card_di_1,CardBottom/card_3dbackground_green,0,0,,lihui/3014012_lihui,0.9,,,,,,CardBack/card_back_sr,0.5,0.8,0.2,0.8,0.95,,
13140161,杏林,1,,31,2,"0,5000;2,5000;3,5000;4,5000;5,5000;8,5000;9,5000;10,5000",1,T01,,,"-0.303,0.721,0",CollectTradingCard/card_3014016,CollectTradingCard/ui_card_di_1,CardBottom/card_3dbackground_red,0,0,,lihui/3014016_lihui,0.9,,,,,,CardBack/card_back_sr,0.5,0.8,0.2,0.8,0.95,,
13140181,诗娅,1,,31,2,"0,5000;2,5000;3,5000;4,5000;5,5000;8,5000;9,5000;10,5000",1,T01,,,"-0.303,0.721,0",CollectTradingCard/card_3014018,CollectTradingCard/ui_card_di_1,CardBottom/card_3dbackground_pink,0,0,,lihui/3014018_lihui,0.8,"0,-0.029,0",,,,,CardBack/card_back_sr,0.5,0.8,0.2,0.8,0.95,,
13160231,佩内洛普,1,,31,2,"0,5000;2,5000;3,5000;4,5000;5,5000;8,5000;9,5000;10,5000",1,T01,,,"-0.303,0.721,0",CollectTradingCard/card_3016023,CollectTradingCard/ui_card_di,CardBottom/card_bottom_01,0,0,,lihui/3016023_lihui,0.682803,"-0.001,-0.037,0",,,,,CardBack/card_back_sr,0.5,0.8,0.2,0.8,0.95,,
13160381,仙蒂,1,,31,2,"0,5000;2,5000;3,5000;4,5000;5,5000;8,5000;9,5000;10,5000",1,T01,,,"-0.303,0.721,0",CollectTradingCard/card_3016038,CollectTradingCard/ui_card_di,CardBottom/card_bottom_01,0,0,,lihui/3016038_lihui,0.9,"0.0254,0.047,0",,,,,CardBack/card_back_sr,0.5,0.8,0.2,0.8,0.95,,
131001,黑化桃,1,,31,2,"0,5000;2,5000;3,5000;4,5000;5,5000;8,5000;9,5000;10,5000",1,T01,,,"-0.303,0.721,0",CollectTradingCard/card_heihuatao_zh_01,CollectTradingCard/ui_card_di_heihuatao,CardBottom/card_3dbackground_red,0,0,,CardPackage/CardSpecial/card_heihuatao_zh_01_D,1.5,"0.081,-0.344,0",,,,,CardBack/card_back_sr,0.5,0.8,0.2,0.8,0.95,,
1312001,勋章5080114,1,,31,2,"0,5000;2,5000;3,5000;4,5000;5,5000;8,5000;9,5000;10,5000",1,T01,,,"-0.303,0.721,0",CollectTradingCard/card_xz_5080114,CollectTradingCard/ui_card_di_1,CardBottom/card_3dbackground_green,0,0,,CardPackage/CardSpecial/card_xz_5080114,0.5,,,,,,CardBack/card_back_n,0.5,0.8,0.2,0.8,0.95,,
1312002,勋章5080094,1,,31,2,"0,5000;2,5000;3,5000;4,5000;5,5000;8,5000;9,5000;10,5000",1,T01,,,"-0.303,0.721,0",CollectTradingCard/card_xz_5080094,CollectTradingCard/ui_card_di_1,CardBottom/card_3dbackground_red,0,0,,CardPackage/CardSpecial/card_xz_5080094,0.5,,,,,,CardBack/card_back_n,0.5,0.8,0.2,0.8,0.95,,
1312003,勋章5080095,1,,31,2,"0,5000;2,0;3,0;4,0;5,0",1,T01,,,"-0.303,0.721,0",CollectTradingCard/card_xz_5080095,CollectTradingCard/ui_card_di_1,CardBottom/card_3dbackground_orange,0,0,,CardPackage/CardSpecial/card_xz_5080095,0.5,,,,,,CardBack/card_back_n,0.5,0.8,0.2,0.8,0.95,,
14100012,律（站绘）,1,,41,3,"0,1000;2,1000;3,1000;4,1000;5,1000;8,1000;9,1000;10,1000","1,999",T01,,,"-0.303,0.721,0",CollectTradingCard/card_3000001_zh_01,CollectTradingCard/ui_card_di_3000001,CardBottom/card_3dbackground_green,0,0,,CardPackage/CardSpecial/card_3000001_zh_01_D,1.1,"-0.019,-0.189,0",,,LightLEffect/card_shiningeffect_01,LightLEffect/card_surfaceeffect_01,CardBack/card_back_sr,0.5,0.8,0,0.7,0.9,,
14100022,克萝萝（站绘）,1,,41,3,"0,1000;2,1000;3,1000;4,1000;5,1000;8,1000;9,1000;10,1000","1,999",T01,,,"-0.303,0.721,0",CollectTradingCard/card_3000002_zh_01,CollectTradingCard/ui_card_di_3000002,CardBottom/card_3dbackground_orange,0,0,,CardPackage/CardSpecial/card_3000002_zh_01_D,0.931,"0.006,-0.019,0",,,LightLEffect/card_shiningeffect_01,LightLEffect/card_surfaceeffect_01,CardBack/card_back_sr,0.5,0.8,0,0.7,0.9,,
14100032,黑神月咏（站绘）,1,,41,3,"0,1000;2,1000;3,1000;4,1000;5,1000;8,1000;9,1000;10,1000","1,999",T01,,,"-0.303,0.721,0",CollectTradingCard/card_3000003_zh_01,CollectTradingCard/ui_card_di_3000003,CardBottom/card_3dbackground_pink,0,0,,CardPackage/CardSpecial/card_3000003_zh_01_D,1.155,"-0.037,-0.227,0",,,LightLEffect/card_shiningeffect_01,LightLEffect/card_surfaceeffect_01,CardBack/card_back_sr,0.5,0.8,0,0.7,0.9,,
14100042,安洁（站绘）,1,,41,3,"0,1000;2,1000;3,1000;4,1000;5,1000;8,1000;9,1000;10,1000","1,999",T01,,,"-0.303,0.721,0",CollectTradingCard/card_3000004_zh_01,CollectTradingCard/ui_card_di_3000004,CardBottom/card_3dbackground_blue,0,0,,CardPackage/CardSpecial/card_3000004_zh_01_D,1.15,"0,-0.255,0",,,LightLEffect/card_shiningeffect_01,LightLEffect/card_surfaceeffect_01,CardBack/card_back_sr,0.5,0.8,0,0.7,0.9,,
14100052,米娅（站绘）,1,,41,3,"0,1000;2,1000;3,1000;4,1000;5,1000;8,1000;9,1000;10,1000","1,999",T01,,,"-0.303,0.721,0",CollectTradingCard/card_3000005_zh_01,CollectTradingCard/ui_card_di_3000005,CardBottom/card_3dbackground_red,0,0,,CardPackage/CardSpecial/card_3000005_zh_01_D,1,"0.019,-0.156,0",,,LightLEffect/card_shiningeffect_01,LightLEffect/card_surfaceeffect_01,CardBack/card_back_sr,0.5,0.8,0,0.7,0.9,,
14140231,神光,1,,41,3,"0,1000;2,1000;3,1000;4,1000;5,1000;8,1000;9,1000;10,1000","1,999",T01,,,"-0.303,0.721,0",CollectTradingCard/card_3014023,CollectTradingCard/ui_card_di,CardBottom/card_bottom_01,0,0,,lihui/3014023_lihui,1,"0,0.11,0",,,LightLEffect/card_shiningeffect_01,LightLEffect/card_surfaceeffect_01,CardBack/card_back_sr,0.5,0.8,0,0.7,0.9,,
14140232,神光（站绘）,1,,41,3,"0,1000;2,1000;3,1000;4,1000;5,1000;8,1000;9,1000;10,1000","1,999",T01,,,"-0.303,0.721,0",CollectTradingCard/card_3014023_zh,CollectTradingCard/ui_card_di_3014023,CardBottom/card_3dbackground_red,0,0,,CardPackage/CardSpecial/card_3014023_zh_D,1.5,"0.015,-0.345,0",,,LightLEffect/card_shiningeffect_01,LightLEffect/card_surfaceeffect_01,CardBack/card_back_sr,0.5,0.8,0,0.7,0.9,,
14161871,异邦波斯菊,1,,41,3,"0,1000;2,1000;3,1000;4,1000;5,1000","1,999",T01,,,"-0.303,0.721,0",CollectTradingCard/card_3016187,CollectTradingCard/ui_card_di,CardBottom/card_bottom_01,0,0,,lihui/3016187_lihui,1.75692,"0,0.093,0",,,LightLEffect/card_shiningeffect_01,LightLEffect/card_surfaceeffect_01,CardBack/card_back_sr,0.5,0.8,0,0.7,0.9,,
14161872,异邦波斯菊（站绘）,1,,41,3,"0,1000;2,1000;3,1000;4,1000;5,1000","1,999",T01,,,"-0.303,0.721,0",CollectTradingCard/card_3016187_zh,CollectTradingCard/ui_card_di_3016187,CardBottom/card_3dbackground_pink,0,0,,CardPackage/CardSpecial/card_3016187_zh_D,1.32,"-0.026,-0.146,0",,,LightLEffect/card_shiningeffect_01,LightLEffect/card_surfaceeffect_01,CardBack/card_back_sr,0.5,0.8,0,0.7,0.9,,
14140091,桃,1,,41,3,"0,1000;2,1000;3,1000;4,1000;5,1000;8,1000;9,1000;10,1000","1,999",T01,,,"-0.303,0.721,0",CollectTradingCard/card_3014009,CollectTradingCard/ui_card_di,CardBottom/card_bottom_01,0,0,,lihui/3014009_lihui,1.056,"0.259,0.00648,0",,,LightLEffect/card_shiningeffect_01,LightLEffect/card_surfaceeffect_01,CardBack/card_back_sr,0.5,0.8,0,0.7,0.9,,
14140092,桃（站绘）,1,,41,3,"0,1000;2,1000;3,1000;4,1000;5,1000;8,1000;9,1000;10,1000","1,999",T01,,,"-0.303,0.721,0",CollectTradingCard/card_3014009_zh,CollectTradingCard/ui_card_di_3014009,CardBottom/card_3dbackground_red,0,0,,CardPackage/CardSpecial/card_3014009_zh_D,1.3,"0.064,-0.271,0",,,LightLEffect/card_shiningeffect_01,LightLEffect/card_surfaceeffect_01,CardBack/card_back_sr,0.5,0.8,0,0.7,0.9,,
14150041,耶坦尼亚,1,,41,3,"0,1000;2,1000;3,1000;4,1000;5,1000;8,1000;9,1000;10,1000","1,999",T01,,,"-0.303,0.721,0",CollectTradingCard/card_3015004,CollectTradingCard/ui_card_di,CardBottom/card_bottom_01,0,0,,lihui/3015004_lihui,1,"0.079,0,0",,,LightLEffect/card_shiningeffect_01,LightLEffect/card_surfaceeffect_01,CardBack/card_back_sr,0.5,0.8,0,0.7,0.9,,
14150042,耶坦尼亚（站绘）,1,,41,3,"0,1000;2,1000;3,1000;4,1000;5,1000;8,1000;9,1000;10,1000","1,999",T01,,,"-0.303,0.721,0",CollectTradingCard/card_3015004_zh_01,CollectTradingCard/ui_card_di_3015004,CardBottom/card_3dbackground_blue,0,0,,CardPackage/CardSpecial/card_3015004_zh_01_D,1.3,"0.022,-0.279,0",,,LightLEffect/card_shiningeffect_01,LightLEffect/card_surfaceeffect_01,CardBack/card_back_sr,0.5,0.8,0,0.7,0.9,,
14150021,丹妮,1,,41,3,"0,1000;2,1000;3,1000;4,1000;5,1000;8,1000;9,1000;10,1000","1,999",T01,,,"-0.303,0.721,0",CollectTradingCard/card_3015002,CollectTradingCard/ui_card_di,CardBottom/card_bottom_01,0,0,,lihui/3015002_lihui,1.56,"0,-0.156,0",,,LightLEffect/card_shiningeffect_01,LightLEffect/card_surfaceeffect_01,CardBack/card_back_sr,0.5,0.8,0,0.7,0.9,,
14150022,丹妮（站绘）,1,,41,3,"0,1000;2,1000;3,1000;4,1000;5,1000;8,1000;9,1000;10,1000","1,999",T01,,,"-0.303,0.721,0",CollectTradingCard/card_3015002_zh,CollectTradingCard/ui_card_di_3015002,CardBottom/card_3dbackground_orange,0,0,,CardPackage/CardSpecial/card_3015002_zh_D,1.5444,"-0.041,-0.384,0",,,LightLEffect/card_shiningeffect_01,LightLEffect/card_surfaceeffect_01,CardBack/card_back_sr,0.5,0.8,0,0.7,0.9,,
14140241,雷雷,1,,41,3,"0,1000;2,1000;3,1000;4,1000;5,1000;8,1000;9,1000;10,1000","1,999",T01,,,"-0.303,0.721,0",CollectTradingCard/card_3014024,CollectTradingCard/ui_card_di,CardBottom/card_bottom_01,0,0,,lihui/3014024_lihui,0.95,"0.0203,0.0358,0",,,LightLEffect/card_shiningeffect_01,LightLEffect/card_surfaceeffect_01,CardBack/card_back_sr,0.5,0.8,0,0.7,0.9,,
14140242,雷雷（站绘）,1,,41,3,"0,1000;2,1000;3,1000;4,1000;5,1000;8,1000;9,1000;10,1000","1,999",T01,,,"-0.303,0.721,0",CollectTradingCard/card_3014024_zh_01,CollectTradingCard/ui_card_di_3014024,CardBottom/card_3dbackground_green,0,0,,CardPackage/CardSpecial/card_3014024_zh_01_D,1.1,"0.006,-0.168,0",,,LightLEffect/card_shiningeffect_01,LightLEffect/card_surfaceeffect_01,CardBack/card_back_sr,0.5,0.8,0,0.7,0.9,,
14140251,安普莎,1,,41,3,"0,1000;2,1000;3,1000;4,1000;5,1000;8,1000;9,1000;10,1000","1,999",T01,,,"-0.303,0.721,0",CollectTradingCard/card_3014025,CollectTradingCard/ui_card_di,CardBottom/card_bottom_01,0,0,,lihui/3014025_lihui,1,,,,LightLEffect/card_shiningeffect_01,LightLEffect/card_surfaceeffect_01,CardBack/card_back_sr,0.5,0.8,0,0.7,0.9,,
14140252,安普莎（站绘）,1,,41,3,"0,1000;2,1000;3,1000;4,1000;5,1000;8,1000;9,1000;10,1000","1,999",T01,,,"-0.303,0.721,0",CollectTradingCard/card_3014025_zh_01,CollectTradingCard/ui_card_di_3014025,CardBottom/card_3dbackground_blue,0,0,,CardPackage/CardSpecial/card_3014025_zh_01_D,1.1,"-0.022,-0.124,0",,,LightLEffect/card_shiningeffect_01,LightLEffect/card_surfaceeffect_01,CardBack/card_back_sr,0.5,0.8,0,0.7,0.9,,
14140291,贝儿,1,,41,3,"0,1000;2,1000;3,1000;4,1000;5,1000;8,1000;9,1000;10,1000","1,999",T01,,,"-0.303,0.721,0",CollectTradingCard/card_3014029,CollectTradingCard/ui_card_di,CardBottom/card_bottom_01,0,0,,lihui/3014029_lihui,1,,,,LightLEffect/card_shiningeffect_01,LightLEffect/card_surfaceeffect_01,CardBack/card_back_sr,0.5,0.8,0,0.7,0.9,,
14140292,贝儿（站绘）,1,,41,3,"0,1000;2,1000;3,1000;4,1000;5,1000;8,1000;9,1000;10,1000","1,999",T01,,,"-0.303,0.721,0",CollectTradingCard/card_3014029_zh_01,CollectTradingCard/ui_card_di_3014029,CardBottom/card_3dbackground_orange,0,0,,CardPackage/CardSpecial/card_3014029_zh_01_D,1,"0.005,-0.154,0",,,LightLEffect/card_shiningeffect_01,LightLEffect/card_surfaceeffect_01,CardBack/card_back_sr,0.5,0.8,0,0.7,0.9,,
14140301,安娜,1,,41,3,"0,1000;2,1000;3,1000;4,1000;5,1000;8,1000;9,1000;10,1000","1,999",T01,,,"-0.303,0.721,0",CollectTradingCard/card_3014030,CollectTradingCard/ui_card_di,CardBottom/card_bottom_01,0,0,,lihui/3014030_lihui,1,,,,LightLEffect/card_shiningeffect_01,LightLEffect/card_surfaceeffect_01,CardBack/card_back_sr,0.5,0.8,0,0.7,0.9,,
14140302,安娜（站绘）,1,,41,3,"0,1000;2,1000;3,1000;4,1000;5,1000;8,1000;9,1000;10,1000","1,999",T01,,,"-0.303,0.721,0",CollectTradingCard/card_3014030_zh_01,CollectTradingCard/ui_card_di_3014030,CardBottom/card_3dbackground_blue,0,0,,CardPackage/CardSpecial/card_3014030_zh_01_D,1.15,"-0.023,-0.196,0",,,LightLEffect/card_shiningeffect_01,LightLEffect/card_surfaceeffect_01,CardBack/card_back_sr,0.5,0.8,0,0.7,0.9,,
14150061,希夕莉,1,,41,3,"0,1000;2,1000;3,1000;4,1000;5,1000;8,1000;9,1000;10,1000","1,999",T01,,,"-0.303,0.721,0",CollectTradingCard/card_3015006,CollectTradingCard/ui_card_di,CardBottom/card_bottom_01,0,0,,lihui/3015006_lihui,1,"0,-0.0174,0",,,LightLEffect/card_shiningeffect_01,LightLEffect/card_surfaceeffect_01,CardBack/card_back_sr,0.5,0.8,0,0.7,0.9,,
14150062,希夕莉（站绘）,1,,41,3,"0,1000;2,1000;3,1000;4,1000;5,1000;8,1000;9,1000;10,1000","1,999",T01,,,"-0.303,0.721,0",CollectTradingCard/card_3015006_zh_01,CollectTradingCard/ui_card_di_3015006,CardBottom/card_3dbackground_blue,0,0,,CardPackage/CardSpecial/card_3015006_zh_01_D,1,"0.019,-0.163,0",,,LightLEffect/card_shiningeffect_01,LightLEffect/card_surfaceeffect_01,CardBack/card_back_sr,0.5,0.8,0,0.7,0.9,,
14150071,萨拉,1,,41,3,"0,1000;2,1000;3,1000;4,1000;5,1000;8,1000;9,1000;10,1000","1,999",T01,,,"-0.303,0.721,0",CollectTradingCard/card_3015007,CollectTradingCard/ui_card_di,CardBottom/card_bottom_01,0,0,,lihui/3015007_lihui,1,"0.0623,-0.06,0",,,LightLEffect/card_shiningeffect_01,LightLEffect/card_surfaceeffect_01,CardBack/card_back_sr,0.5,0.8,0,0.7,0.9,,
14150072,萨拉（站绘）,1,,41,3,"0,1000;2,1000;3,1000;4,1000;5,1000;8,1000;9,1000;10,1000","1,999",T01,,,"-0.303,0.721,0",CollectTradingCard/card_3015007_zh_01,CollectTradingCard/ui_card_di_3015007,CardBottom/card_3dbackground_blue,0,0,,CardPackage/CardSpecial/card_3015007_zh_01_D,1.15,"0.014,-0.186,0",,,LightLEffect/card_shiningeffect_01,LightLEffect/card_surfaceeffect_01,CardBack/card_back_sr,0.5,0.8,0,0.7,0.9,,
14150081,牧,1,,41,3,"0,1000;2,1000;3,1000;4,1000;5,1000;8,1000;9,1000;10,1000","1,999",T01,,,"-0.303,0.721,0",CollectTradingCard/card_3015008,CollectTradingCard/ui_card_di_1,CardBottom/card_3dbackground_red,0,0,,lihui/3015008_lihui,1.1,"0.0262,0.0591,0",,,LightLEffect/card_shiningeffect_01,LightLEffect/card_surfaceeffect_01,CardBack/card_back_sr,0.5,0.8,0,0.7,0.9,,
14150082,牧（站绘）,1,,41,3,"0,1000;2,1000;3,1000;4,1000;5,1000;8,1000;9,1000;10,1000","1,999",T01,,,"-0.303,0.721,0",CollectTradingCard/card_3015008_zh_01,CollectTradingCard/ui_card_di_3015008,CardBottom/card_3dbackground_red,0,0,,CardPackage/CardSpecial/card_3015008_zh_01_D,1,"0.014,-0.128,0",,,LightLEffect/card_shiningeffect_01,LightLEffect/card_surfaceeffect_01,CardBack/card_back_sr,0.5,0.8,0,0.7,0.9,,
14160091,吉拉蒂亚,1,,41,3,"0,1000;2,1000;3,1000;4,1000;5,1000;8,1000;9,1000;10,1000","1,999",T01,,,"-0.303,0.721,0",CollectTradingCard/card_3016009,CollectTradingCard/ui_card_di,CardBottom/card_bottom_01,0,0,,lihui/3016009_lihui,1.5,"0,0.027,0",,,LightLEffect/card_shiningeffect_01,LightLEffect/card_surfaceeffect_01,CardBack/card_back_sr,0.5,0.8,0,0.7,0.9,,
14160092,吉拉蒂亚（站绘）,1,,41,3,"0,1000;2,1000;3,1000;4,1000;5,1000;8,1000;9,1000;10,1000","1,999",T01,,,"-0.303,0.721,0",CollectTradingCard/card_3016009_1_zh_01,CollectTradingCard/ui_card_di_3016009_1,CardBottom/card_3dbackground_blue,0,0,,CardPackage/CardSpecial/card_3016009_1_zh_01_D,1.1,"0.009,-0.164,0",,,LightLEffect/card_shiningeffect_01,LightLEffect/card_surfaceeffect_01,CardBack/card_back_sr,0.5,0.8,0,0.7,0.9,,
14160311,小闪,1,,41,3,"0,1000;2,1000;3,1000;4,1000;5,1000;8,1000;9,1000;10,1000","1,999",T01,,,"-0.303,0.721,0",CollectTradingCard/card_3016031,CollectTradingCard/ui_card_di,CardBottom/card_bottom_01,0,0,,lihui/3016031_lihui,1.1,"0,0.0766,0",,,LightLEffect/card_shiningeffect_01,LightLEffect/card_surfaceeffect_01,CardBack/card_back_sr,0.5,0.8,0,0.7,0.9,,
14160312,小闪（站绘）,1,,41,3,"0,1000;2,1000;3,1000;4,1000;5,1000;8,1000;9,1000;10,1000","1,999",T01,,,"-0.303,0.721,0",CollectTradingCard/card_3016031_zh_01,CollectTradingCard/ui_card_di_3016031,CardBottom/card_3dbackground_pink,0,0,,CardPackage/CardSpecial/card_3016031_zh_01_D,1,"0.009,-0.13,0",,,LightLEffect/card_shiningeffect_01,LightLEffect/card_surfaceeffect_01,CardBack/card_back_sr,0.5,0.8,0,0.7,0.9,,
14161301,伊卡洛斯,1,,41,3,"0,1000;2,1000;3,1000;4,1000;5,1000;8,1000;9,1000;10,1000","1,999",T01,,,"-0.303,0.721,0",CollectTradingCard/card_3016130,CollectTradingCard/ui_card_di,CardBottom/card_bottom_01,0,0,,lihui/3016130_lihui,1,,,,LightLEffect/card_shiningeffect_01,LightLEffect/card_surfaceeffect_01,CardBack/card_back_sr,0.5,0.8,0,0.7,0.9,,
14161302,伊卡洛斯（站绘）,1,,41,3,"0,1000;2,1000;3,1000;4,1000;5,1000;8,1000;9,1000;10,1000","1,999",T01,,,"-0.303,0.721,0",CollectTradingCard/card_3016130_zh_01,CollectTradingCard/ui_card_di_3016130,CardBottom/card_3dbackground_green,0,0,,CardPackage/CardSpecial/card_3016130_zh_01_D,1.15,"0.036,-0.148,0",,,LightLEffect/card_shiningeffect_01,LightLEffect/card_surfaceeffect_01,CardBack/card_back_sr,0.5,0.8,0,0.7,0.9,,
14160201,奈奥米,1,,41,3,"0,1000;2,1000;3,1000;4,1000;5,1000","1,999",T01,,,"-0.303,0.721,0",CollectTradingCard/card_3016020,CollectTradingCard/ui_card_di,CardBottom/card_bottom_01,0,0,,lihui/3016020_lihui,1.41539,,,,LightLEffect/card_shiningeffect_01,LightLEffect/card_surfaceeffect_01,CardBack/card_back_sr,0.5,0.8,0,0.7,0.9,,
14160202,奈奥米（站绘）,1,,41,3,"0,1000;2,1000;3,1000;4,1000;5,1000","1,999",T01,,,"-0.303,0.721,0",CollectTradingCard/card_3016020_zh_01,CollectTradingCard/ui_card_di_3016020,CardBottom/card_3dbackground_blue,0,0,,CardPackage/CardSpecial/card_3016020_zh_01_D,1.158252,"0.005,-0.193,0",,,LightLEffect/card_shiningeffect_01,LightLEffect/card_surfaceeffect_01,CardBack/card_back_sr,0.5,0.8,0,0.7,0.9,,
14160203,奈奥米（月下银铃）,1,,41,3,"0,1000;2,0;3,0;4,0;5,0","1,999",T01,,,"-0.303,0.721,0",CollectTradingCard/card_301602001,CollectTradingCard/ui_card_di,CardBottom/card_bottom_01,0,0,,lihui/301602001_lihui,1.1,,,,LightLEffect/card_shiningeffect_01,LightLEffect/card_surfaceeffect_01,CardBack/card_back_sr,0.5,0.8,0,0.7,0.9,,
14160781,昔莱,1,,41,3,"0,1000;2,0;3,0;4,0;5,0","1,999",T01,,,"-0.303,0.721,0",CollectTradingCard/card_3016078,CollectTradingCard/ui_card_di,CardBottom/card_bottom_01,0,0,,lihui/3016078_lihui,1.65888,"0.066,0.056,0",,,LightLEffect/card_shiningeffect_01,LightLEffect/card_surfaceeffect_01,CardBack/card_back_sr,0.5,0.8,0,0.7,0.9,,
14160782,昔莱（站绘）,1,,41,3,"0,1000;2,0;3,0;4,0;5,0","1,999",T01,,,"-0.303,0.721,0",CollectTradingCard/card_3016078_zh_01,CollectTradingCard/ui_card_di_3016078,CardBottom/card_3dbackground_green,0,0,,CardPackage/CardSpecial/card_3016078_zh_01_D,1.331,"-0.16,-0.089,0",,,LightLEffect/card_shiningeffect_01,LightLEffect/card_surfaceeffect_01,CardBack/card_back_sr,0.5,0.8,0,0.7,0.9,,
14130031,阿涅克丝,1,,41,3,"0,1000;2,1000;3,1000;4,1000;5,1000;8,1000;9,1000;10,1000","1,999",T01,,,"-0.303,0.721,0",CollectTradingCard/card_3013003,CollectTradingCard/ui_card_di,CardBottom/card_bottom_01,0,0,,lihui/3013003_lihui,1,,,,LightLEffect/card_shiningeffect_01,LightLEffect/card_surfaceeffect_01,CardBack/card_back_sr,0.5,0.8,0,0.7,0.9,,
14130032,阿涅克丝（站绘）,1,,41,3,"0,1000;2,1000;3,1000;4,1000;5,1000;8,1000;9,1000;10,1000","1,999",T01,,,"-0.303,0.721,0",CollectTradingCard/card_3013003_zh,CollectTradingCard/ui_card_di_3013003,CardBottom/card_3dbackground_orange,0,0,,CardPackage/CardSpecial/card_3013003_zh_D,1.1,"0,-0.162,0",,,LightLEffect/card_shiningeffect_01,LightLEffect/card_surfaceeffect_01,CardBack/card_back_sr,0.5,0.8,0,0.7,0.9,,
14130041,炽爱,1,,41,3,"0,1000;2,1000;3,1000;4,1000;5,1000;8,1000;9,1000;10,1000","1,999",T01,,,"-0.303,0.721,0",CollectTradingCard/card_3013004,CollectTradingCard/ui_card_di_1,CardBottom/card_3dbackground_orange,0,0,,lihui/3013004_lihui,1,,,,LightLEffect/card_shiningeffect_01,LightLEffect/card_surfaceeffect_01,CardBack/card_back_sr,0.5,0.8,0,0.7,0.9,,
14130042,炽爱（站绘）,1,,41,3,"0,1000;2,1000;3,1000;4,1000;5,1000;8,1000;9,1000;10,1000","1,999",T01,,,"-0.303,0.721,0",CollectTradingCard/card_3013004_zh_01,CollectTradingCard/ui_card_di_3013004,CardBottom/card_3dbackground_red,0,0,,CardPackage/CardSpecial/card_3013004_zh_01_D,1.15,"-0.045,-0.233,0",,,LightLEffect/card_shiningeffect_01,LightLEffect/card_surfaceeffect_01,CardBack/card_back_sr,0.5,0.8,0,0.7,0.9,,
14130043,炽爱（午后闲暇）,1,,41,3,"0,1000;2,1000;3,1000;4,1000;5,1000;8,1000;9,1000;10,1000","1,999",T01,,,"-0.303,0.721,0",CollectTradingCard/card_301300401,CollectTradingCard/ui_card_di_1,CardBottom/card_3dbackground_orange,0,0,,lihui/301300401_lihui,1.056,"0.012,0.081,0",,,LightLEffect/card_shiningeffect_01,LightLEffect/card_surfaceeffect_01,CardBack/card_back_sr,0.5,0.8,0,0.7,0.9,,
14130061,水仙,1,,41,3,"0,1000;2,1000;3,1000;4,1000;5,1000;8,1000;9,1000;10,1000","1,999",T01,,,"-0.303,0.721,0",CollectTradingCard/card_3013006,CollectTradingCard/ui_card_di,CardBottom/card_bottom_01,0,0,,lihui/3013006_lihui,0.85,,,,LightLEffect/card_shiningeffect_01,LightLEffect/card_surfaceeffect_01,CardBack/card_back_sr,0.5,0.8,0,0.7,0.9,,
14130062,水仙（站绘）,1,,41,3,"0,1000;2,1000;3,1000;4,1000;5,1000;8,1000;9,1000;10,1000","1,999",T01,,,"-0.303,0.721,0",CollectTradingCard/card_3013006_zh,CollectTradingCard/ui_card_di_3013006,CardBottom/card_3dbackground_pink,0,0,,CardPackage/CardSpecial/card_3013006_zh_D,1.2,"0.081,-0.055,0",,,LightLEffect/card_shiningeffect_01,LightLEffect/card_surfaceeffect_01,CardBack/card_back_sr,0.5,0.8,0,0.7,0.9,,
14130191,库萝心,1,,41,3,"0,1000;2,1000;3,1000;4,1000;5,1000;8,1000;9,1000;10,1000","1,999",T01,,,"-0.303,0.721,0",CollectTradingCard/card_3013019,CollectTradingCard/ui_card_di,CardBottom/card_bottom_01,0,0,,lihui/3013019_lihui,0.95,"0,0.02,0",,,LightLEffect/card_shiningeffect_01,LightLEffect/card_surfaceeffect_01,CardBack/card_back_sr,0.5,0.8,0,0.7,0.9,,
14130192,库萝心（站绘）,1,,41,3,"0,1000;2,1000;3,1000;4,1000;5,1000;8,1000;9,1000;10,1000","1,999",T01,,,"-0.303,0.721,0",CollectTradingCard/card_3013019_zh,CollectTradingCard/ui_card_di_3013019,CardBottom/card_3dbackground_red,0,0,,CardPackage/CardSpecial/card_3013019_zh_D,1,"-0.045,-0.141,0",,,LightLEffect/card_shiningeffect_01,LightLEffect/card_surfaceeffect_01,CardBack/card_back_sr,0.5,0.8,0,0.7,0.9,,
14140201,阿波菲斯,1,,41,3,"0,1000;2,1000;3,1000;4,1000;5,1000;8,1000;9,1000;10,1000","1,999",T01,,,"-0.303,0.721,0",CollectTradingCard/card_3014020,CollectTradingCard/ui_card_di_1,CardBottom/card_3dbackground_green,0,0,,lihui/3014020_lihui,1.05,,,,LightLEffect/card_shiningeffect_01,LightLEffect/card_surfaceeffect_01,CardBack/card_back_sr,0.5,0.8,0,0.7,0.9,,
14140202,阿波菲斯（站绘）,1,,41,3,"0,1000;2,1000;3,1000;4,1000;5,1000;8,1000;9,1000;10,1000","1,999",T01,,,"-0.303,0.721,0",CollectTradingCard/card_3014020_zh_01,CollectTradingCard/ui_card_di_3014020,CardBottom/card_3dbackground_green,0,0,,CardPackage/CardSpecial/card_3014020_zh_01_D,1,"0,-0.126,0",,,LightLEffect/card_shiningeffect_01,LightLEffect/card_surfaceeffect_01,CardBack/card_back_sr,0.5,0.8,0,0.7,0.9,,
14130151,哀歌,1,,41,3,"0,1000;2,1000;3,1000;4,1000;5,1000;8,1000;9,1000;10,1000","1,999",T01,,,"-0.303,0.721,0",CollectTradingCard/card_3013015,CollectTradingCard/ui_card_di_1,CardBottom/card_bottom_01,0,0,,lihui/3013015_lihui,1,,,,LightLEffect/card_shiningeffect_01,LightLEffect/card_surfaceeffect_01,CardBack/card_back_sr,0.5,0.8,0,0.7,0.9,,
14130152,哀歌（站绘）,1,,41,3,"0,1000;2,1000;3,1000;4,1000;5,1000;8,1000;9,1000;10,1000","1,999",T01,,,"-0.303,0.721,0",CollectTradingCard/card_3013015_zh_01,CollectTradingCard/ui_card_di_3013015,CardBottom/card_3dbackground_red,0,0,,CardPackage/CardSpecial/card_3013015_zh_01_D,1.15,"0.102,-0.127,0",,,LightLEffect/card_shiningeffect_01,LightLEffect/card_surfaceeffect_01,CardBack/card_back_sr,0.5,0.8,0,0.7,0.9,,
14140011,普琳普顿,1,,41,3,"0,1000;2,1000;3,1000;4,1000;5,1000;8,1000;9,1000;10,1000","1,999",T01,,,"-0.303,0.721,0",CollectTradingCard/card_3014001,CollectTradingCard/ui_card_di,CardBottom/card_bottom_01,0,0,,lihui/3014001_lihui,1.1,"0,0.098,0",,,LightLEffect/card_shiningeffect_01,LightLEffect/card_surfaceeffect_01,CardBack/card_back_sr,0.5,0.8,0,0.7,0.9,,
14140012,普琳普顿（站绘）,1,,41,3,"0,1000;2,1000;3,1000;4,1000;5,1000;8,1000;9,1000;10,1000","1,999",T01,,,"-0.303,0.721,0",CollectTradingCard/card_3014001_zh_01,CollectTradingCard/ui_card_di_3014001,CardBottom/card_3dbackground_red,0,0,,CardPackage/CardSpecial/card_3014001_zh_01_D,1.15,"-0.012,-0.169,0",,,LightLEffect/card_shiningeffect_01,LightLEffect/card_surfaceeffect_01,CardBack/card_back_sr,0.5,0.8,0,0.7,0.9,,
14140021,黛比,1,,41,3,"0,1000;2,1000;3,1000;4,1000;5,1000;8,1000;9,1000;10,1000","1,999",T01,,,"-0.303,0.721,0",CollectTradingCard/card_3014002,CollectTradingCard/ui_card_di_1,CardBottom/card_3dbackground_pink,0,0,,lihui/3014002_lihui,1,"0,0.071,0",,,LightLEffect/card_shiningeffect_01,LightLEffect/card_surfaceeffect_01,CardBack/card_back_sr,0.5,0.8,0,0.7,0.9,,
14140022,黛比(站绘）,1,,41,3,"0,1000;2,1000;3,1000;4,1000;5,1000;8,1000;9,1000;10,1000","1,999",T01,,,"-0.303,0.721,0",CollectTradingCard/card_3014002_zh_01,CollectTradingCard/ui_card_di_3014002,CardBottom/card_3dbackground_pink,0,0,,CardPackage/CardSpecial/card_3014002_zh_01_D,0.9,"0.027,-0.036,0",,,LightLEffect/card_shiningeffect_01,LightLEffect/card_surfaceeffect_01,CardBack/card_back_sr,0.5,0.8,0,0.7,0.9,,
14140191,艾什尔,1,,41,3,"0,1000;2,1000;3,1000;4,1000;5,1000;8,1000;9,1000;10,1000","1,999",T01,,,"-0.303,0.721,0",CollectTradingCard/card_3014019,CollectTradingCard/ui_card_di,CardBottom/card_bottom_01,0,0,,lihui/3014019_lihui,1,"0.092,0,0",,,LightLEffect/card_shiningeffect_01,LightLEffect/card_surfaceeffect_01,CardBack/card_back_sr,0.5,0.8,0,0.7,0.9,,
14140192,艾什尔（站绘）,1,,41,3,"0,1000;2,1000;3,1000;4,1000;5,1000;8,1000;9,1000;10,1000","1,999",T01,,,"-0.303,0.721,0",CollectTradingCard/card_3014019_zh_01,CollectTradingCard/ui_card_di_3014019,CardBottom/card_3dbackground_blue,0,0,,CardPackage/CardSpecial/card_3014019_zh_01_D,1.2,"0.038,-0.235,0",,,LightLEffect/card_shiningeffect_01,LightLEffect/card_surfaceeffect_01,CardBack/card_back_sr,0.5,0.8,0,0.7,0.9,,
14140211,纳菲,1,,41,3,"0,1000;2,1000;3,1000;4,1000;5,1000;8,1000;9,1000;10,1000","1,999",T01,,,"-0.303,0.721,0",CollectTradingCard/card_3014021,CollectTradingCard/ui_card_di_1,CardBottom/card_bottom_02,0,0,,lihui/3014021_lihui,1,"0,0.02,0",,,LightLEffect/card_shiningeffect_01,LightLEffect/card_surfaceeffect_01,CardBack/card_back_sr,0.5,0.8,0,0.7,0.9,,
14140212,纳菲（站绘）,1,,41,3,"0,1000;2,1000;3,1000;4,1000;5,1000;8,1000;9,1000;10,1000","1,999",T01,,,"-0.303,0.721,0",CollectTradingCard/card_3014021_zh_01,CollectTradingCard/ui_card_di_3014021,CardBottom/card_3dbackground_red,0,0,,CardPackage/CardSpecial/card_3014021_zh_01_D,1,"0.034,-0.109,0",,,LightLEffect/card_shiningeffect_01,LightLEffect/card_surfaceeffect_01,CardBack/card_back_sr,0.5,0.8,0,0.7,0.9,,
14140221,丘吉尔,1,,41,3,"0,1000;2,1000;3,1000;4,1000;5,1000;8,1000;9,1000;10,1000","1,999",T01,,,"-0.303,0.721,0",CollectTradingCard/card_3014022,CollectTradingCard/ui_card_di_1,CardBottom/card_3dbackground_blue,0,0,,lihui/3014022_lihui,1,"0,0.034,0",,,LightLEffect/card_shiningeffect_01,LightLEffect/card_surfaceeffect_01,CardBack/card_back_sr,0.5,0.8,0,0.7,0.9,,
14140261,库萝爱,1,,41,3,"0,1000;2,1000;3,1000;4,1000;5,1000;8,1000;9,1000;10,1000","1,999",T01,,,"-0.303,0.721,0",CollectTradingCard/card_3014026,CollectTradingCard/ui_card_di_1,CardBottom/card_3dbackground_red,0,0,,lihui/3014026_lihui,1.2,"0,0.07,0",,,LightLEffect/card_shiningeffect_01,LightLEffect/card_surfaceeffect_01,CardBack/card_back_sr,0.5,0.8,0,0.7,0.9,,
14140262,库萝爱（站绘）,1,,41,3,"0,1000;2,1000;3,1000;4,1000;5,1000;8,1000;9,1000;10,1000","1,999",T01,,,"-0.303,0.721,0",CollectTradingCard/card_3014026_zh_01,CollectTradingCard/ui_card_di_3014026,CardBottom/card_3dbackground_red,0,0,,CardPackage/CardSpecial/card_3014026_zh_01_D,1.15,"-0.027,-0.21,0",,,LightLEffect/card_shiningeffect_01,LightLEffect/card_surfaceeffect_01,CardBack/card_back_sr,0.5,0.8,0,0.7,0.9,,
14140271,贝拉,1,,41,3,"0,1000;2,1000;3,1000;4,1000;5,1000;8,1000;9,1000;10,1000","1,999",T01,,,"-0.303,0.721,0",CollectTradingCard/card_3014027,CollectTradingCard/ui_card_di_1,CardBottom/card_3dbackground_green,0,0,,lihui/3014027_lihui,0.8,"-0.079,0.01,0",,,LightLEffect/card_shiningeffect_01,LightLEffect/card_surfaceeffect_01,CardBack/card_back_sr,0.5,0.8,0,0.7,0.9,,
14140272,贝拉（站绘）,1,,41,3,"0,1000;2,1000;3,1000;4,1000;5,1000;8,1000;9,1000;10,1000","1,999",T01,,,"-0.303,0.721,0",CollectTradingCard/card_3014027_zh_01,CollectTradingCard/ui_card_di_3014027,CardBottom/card_3dbackground_green,0,0,,CardPackage/CardSpecial/card_3014027_zh_01_D,1,"0,-0.154,0",,,LightLEffect/card_shiningeffect_01,LightLEffect/card_surfaceeffect_01,CardBack/card_back_sr,0.5,0.8,0,0.7,0.9,,
14160111,卡萝琳,1,,41,3,"0,1000;2,1000;3,1000;4,1000;5,1000;8,1000;9,1000;10,1000","1,999",T01,,,"-0.303,0.721,0",CollectTradingCard/card_3016011,CollectTradingCard/ui_card_di,CardBottom/card_bottom_01,0,0,,lihui/3016011_lihui,1,"-0.041,-0.042,0",,,LightLEffect/card_shiningeffect_01,LightLEffect/card_surfaceeffect_01,CardBack/card_back_sr,0.5,0.8,0,0.7,0.9,,
14160112,卡萝琳（站绘）,1,,41,3,"0,1000;2,1000;3,1000;4,1000;5,1000;8,1000;9,1000;10,1000","1,999",T01,,,"-0.303,0.721,0",CollectTradingCard/card_3016011_zh_01,CollectTradingCard/ui_card_di_3016011,CardBottom/card_3dbackground_blue,0,0,,CardPackage/CardSpecial/card_3016011_zh_01_D,1.2,"0.015,-0.25,0",,,LightLEffect/card_shiningeffect_01,LightLEffect/card_surfaceeffect_01,CardBack/card_back_sr,0.5,0.8,0,0.7,0.9,,
14160171,罗莎莉,1,,41,3,"0,0;2,0;3,0;4,0;5,0","1,999",T01,,,"-0.303,0.721,0",CollectTradingCard/card_3016017,CollectTradingCard/ui_card_di,CardBottom/card_bottom_01,0,0,,lihui/3016017_lihui,0.8505,"0.035,0,0",,,LightLEffect/card_shiningeffect_01,LightLEffect/card_surfaceeffect_01,CardBack/card_back_sr,0.5,0.8,0,0.7,0.9,,
14160172,罗莎莉（站绘）,1,,41,3,"0,0;2,0;3,0;4,0;5,0","1,999",T01,,,"-0.303,0.721,0",CollectTradingCard/card_3016017_zh_01,CollectTradingCard/ui_card_di_3016017,CardBottom/card_3dbackground_pink,0,0,,CardPackage/CardSpecial/card_3016017_zh_01_D,1.2,"0.039,-0.253,0",,,LightLEffect/card_shiningeffect_01,LightLEffect/card_surfaceeffect_01,CardBack/card_back_sr,0.5,0.8,0,0.7,0.9,,
14160681,贝卡丝,1,,41,3,"0,1000;2,1000;3,1000;4,1000;5,1000;8,1000;9,1000;10,1000","1,999",T01,,,"-0.303,0.721,0",CollectTradingCard/card_3016068,CollectTradingCard/ui_card_di_1,CardBottom/card_bottom_02,0,0,,lihui/3016068_lihui,1,"0,-0.09,0",,,LightLEffect/card_shiningeffect_01,LightLEffect/card_surfaceeffect_01,CardBack/card_back_sr,0.5,0.8,0,0.7,0.9,,
14160682,贝卡丝（站绘）,1,,41,3,"0,1000;2,1000;3,1000;4,1000;5,1000;8,1000;9,1000;10,1000","1,999",T01,,,"-0.303,0.721,0",CollectTradingCard/card_3016068_zh_01,CollectTradingCard/ui_card_di_3016068,CardBottom/card_3dbackground_green,0,0,,CardPackage/CardSpecial/card_3016068_zh_01_D,1.1,"-0.034,-0.221,0",,,LightLEffect/card_shiningeffect_01,LightLEffect/card_surfaceeffect_01,CardBack/card_back_sr,0.5,0.8,0,0.7,0.9,,
14130251,多萝西,1,,41,3,"0,1000;2,1000;3,1000;4,1000;5,1000;8,1000;9,1000;10,1000","1,999",T01,,,"-0.303,0.721,0",CollectTradingCard/card_3013025,CollectTradingCard/ui_card_di_1,CardBottom/card_3dbackground_orange,0,0,,lihui/3013025_lihui,1,,,,LightLEffect/card_shiningeffect_01,LightLEffect/card_surfaceeffect_01,CardBack/card_back_sr,0.5,0.8,0,0.7,0.9,,
14130231,芙洛拉,1,,41,3,"0,1000;2,1000;3,1000;4,1000;5,1000;8,1000;9,1000;10,1000","1,999",T01,,,"-0.303,0.721,0",CollectTradingCard/card_3013023,CollectTradingCard/ui_card_di,CardBottom/card_bottom_01,0,0,,lihui/3013023_lihui,1,,,,LightLEffect/card_shiningeffect_01,LightLEffect/card_surfaceeffect_01,CardBack/card_back_sr,0.5,0.8,0,0.7,0.9,,
14130232,芙洛拉（站绘）,1,,41,3,"0,1000;2,1000;3,1000;4,1000;5,1000;8,1000;9,1000;10,1000","1,999",T01,,,"-0.303,0.721,0",CollectTradingCard/card_3013023_zh_01,CollectTradingCard/ui_card_di_3013023,CardBottom/card_3dbackground_green,0,0,,CardPackage/CardSpecial/card_3013023_zh_01_D,1,"0.048,-0.173,0",,,LightLEffect/card_shiningeffect_01,LightLEffect/card_surfaceeffect_01,CardBack/card_back_sr,0.5,0.8,0,0.7,0.9,,
14130221,莱拉,1,,41,3,"0,1000;2,1000;3,1000;4,1000;5,1000;8,1000;9,1000;10,1000","1,999",T01,,,"-0.303,0.721,0",CollectTradingCard/card_3013022,CollectTradingCard/ui_card_di_1,CardBottom/card_3dbackground_red,0,0,,lihui/3013022_lihui,1,,,,LightLEffect/card_shiningeffect_01,LightLEffect/card_surfaceeffect_01,CardBack/card_back_sr,0.5,0.8,0,0.7,0.9,,
14130201,维达,1,,41,3,"0,1000;2,1000;3,1000;4,1000;5,1000;8,1000;9,1000;10,1000","1,999",T01,,,"-0.303,0.721,0",CollectTradingCard/card_3013020,CollectTradingCard/ui_card_di,CardBottom/card_bottom_01,0,0,,lihui/3013020_lihui,1,,,,LightLEffect/card_shiningeffect_01,LightLEffect/card_surfaceeffect_01,CardBack/card_back_sr,0.5,0.8,0,0.7,0.9,,
14130181,爱琳,1,,41,3,"0,1000;2,1000;3,1000;4,1000;5,1000;8,1000;9,1000;10,1000","1,999",T01,,,"-0.303,0.721,0",CollectTradingCard/card_3013018,CollectTradingCard/ui_card_di,CardBottom/card_bottom_01,0,0,,lihui/3013018_lihui,1.05,"0,0.051,0",,,LightLEffect/card_shiningeffect_01,LightLEffect/card_surfaceeffect_01,CardBack/card_back_sr,0.5,0.8,0,0.7,0.9,,
14130182,爱琳,1,,41,3,"0,1000;2,1000;3,1000;4,1000;5,1000;8,1000;9,1000;10,1000","1,999",T01,,,"-0.303,0.721,0",CollectTradingCard/card_3013018_zh_01,CollectTradingCard/ui_card_di_3013018,CardBottom/card_3dbackground_pink,0,0,,CardPackage/CardSpecial/card_3013018_zh_01_D,1,"0.012,-0.156,0",,,LightLEffect/card_shiningeffect_01,LightLEffect/card_surfaceeffect_01,CardBack/card_back_sr,0.5,0.8,0,0.7,0.9,,
14130171,波斯菊,1,,41,3,"0,1000;2,1000;3,1000;4,1000;5,1000;8,1000;9,1000;10,1000","1,999",T01,,,"-0.303,0.721,0",CollectTradingCard/card_3013017,CollectTradingCard/ui_card_di_1,CardBottom/card_bottom_01,0,0,,lihui/3013017_lihui,0.81,,,,LightLEffect/card_shiningeffect_01,LightLEffect/card_surfaceeffect_01,CardBack/card_back_sr,0.5,0.8,0,0.7,0.9,,
14130091,奈奈芙,1,,41,3,"0,1000;2,1000;3,1000;4,1000;5,1000;8,1000;9,1000;10,1000","1,999",T01,,,"-0.303,0.721,0",CollectTradingCard/card_3013009,CollectTradingCard/ui_card_di,CardBottom/card_bottom_01,0,0,,lihui/3013009_lihui,1,"0,-0.034,0",,,LightLEffect/card_shiningeffect_01,LightLEffect/card_surfaceeffect_01,CardBack/card_back_sr,0.5,0.8,0,0.7,0.9,,
14130092,奈奈芙（站绘）,1,,41,3,"0,1000;2,1000;3,1000;4,1000;5,1000;8,1000;9,1000;10,1000","1,999",T01,,,"-0.303,0.721,0",CollectTradingCard/card_3013009_zh_01,CollectTradingCard/ui_card_di_3013009,CardBottom/card_3dbackground_green,0,0,,CardPackage/CardSpecial/card_3013009_zh_01_D,1.1,"0,-0.132,0",,,LightLEffect/card_shiningeffect_01,LightLEffect/card_surfaceeffect_01,CardBack/card_back_sr,0.5,0.8,0,0.7,0.9,,
14130071,菲莉希亚,1,,41,3,"0,1000;2,1000;3,1000;4,1000;5,1000;8,1000;9,1000;10,1000","1,999",T01,,,"-0.303,0.721,0",CollectTradingCard/card_3013007,CollectTradingCard/ui_card_di_1,CardBottom/card_3dbackground_green,0,0,,lihui/3013007_lihui,0.792,"0,-0.005,0",,,LightLEffect/card_shiningeffect_01,LightLEffect/card_surfaceeffect_01,CardBack/card_back_sr,0.5,0.8,0,0.7,0.9,,
14130011,格蕾,1,,41,3,"0,1000;2,1000;3,1000;4,1000;5,1000;8,1000;9,1000;10,1000","1,999",T01,,,"-0.303,0.721,0",CollectTradingCard/card_3013001,CollectTradingCard/ui_card_di_1,CardBottom/card_3dbackground_green,0,0,,lihui/3013001_lihui,1,"0,-0.045,0",,,LightLEffect/card_shiningeffect_01,LightLEffect/card_surfaceeffect_01,CardBack/card_back_sr,0.5,0.8,0,0.7,0.9,,
14130081,梅露特,1,,41,3,"0,1000;2,1000;3,1000;4,1000;5,1000;8,1000;9,1000;10,1000","1,999",T01,,,"-0.303,0.721,0",CollectTradingCard/card_3013008,CollectTradingCard/ui_card_di,CardBottom/card_bottom_01,0,0,,lihui/3013008_lihui,0.8,"0,0.014,0",,,LightLEffect/card_shiningeffect_01,LightLEffect/card_surfaceeffect_01,CardBack/card_back_sr,0.5,0.8,0,0.7,0.9,,
14130141,玛瑙,1,,41,3,"0,1000;2,1000;3,1000;4,1000;5,1000;8,1000;9,1000;10,1000","1,999",T01,,,"-0.303,0.721,0",CollectTradingCard/card_3013014,CollectTradingCard/ui_card_di,CardBottom/card_bottom_01,0,0,,lihui/3013014_lihui,0.9,"0,-0.07,0",,,LightLEffect/card_shiningeffect_01,LightLEffect/card_surfaceeffect_01,CardBack/card_back_sr,0.5,0.8,0,0.7,0.9,,
14140031,焰心,1,,41,3,"0,1000;2,1000;3,1000;4,1000;5,1000;8,1000;9,1000;10,1000","1,999",T01,,,"-0.303,0.721,0",CollectTradingCard/card_3014003,CollectTradingCard/ui_card_di,CardBottom/card_bottom_01,0,0,,lihui/3014003_lihui,1,"0,0.066,0",,,LightLEffect/card_shiningeffect_01,LightLEffect/card_surfaceeffect_01,CardBack/card_back_sr,0.5,0.8,0,0.7,0.9,,
14140041,索菲,1,,41,3,"0,1000;2,1000;3,1000;4,1000;5,1000;8,1000;9,1000;10,1000","1,999",T01,,,"-0.303,0.721,0",CollectTradingCard/card_3014004,CollectTradingCard/ui_card_di_1,CardBottom/card_3dbackground_orange,0,0,,lihui/3014004_lihui,0.8,"-0.076,0,0",,,LightLEffect/card_shiningeffect_01,LightLEffect/card_surfaceeffect_01,CardBack/card_back_sr,0.5,0.8,0,0.7,0.9,,
14140121,未来,1,,41,3,"0,1000;2,1000;3,1000;4,1000;5,1000;8,1000;9,1000;10,1000","1,999",T01,,,"-0.303,0.721,0",CollectTradingCard/card_3014012,CollectTradingCard/ui_card_di_1,CardBottom/card_3dbackground_green,0,0,,lihui/3014012_lihui,0.9,,,,LightLEffect/card_shiningeffect_01,LightLEffect/card_surfaceeffect_01,CardBack/card_back_sr,0.5,0.8,0,0.7,0.9,,
14140161,杏林,1,,41,3,"0,1000;2,1000;3,1000;4,1000;5,1000;8,1000;9,1000;10,1000","1,999",T01,,,"-0.303,0.721,0",CollectTradingCard/card_3014016,CollectTradingCard/ui_card_di_1,CardBottom/card_3dbackground_red,0,0,,lihui/3014016_lihui,0.9,,,,LightLEffect/card_shiningeffect_01,LightLEffect/card_surfaceeffect_01,CardBack/card_back_sr,0.5,0.8,0,0.7,0.9,,
14140181,诗娅,1,,41,3,"0,1000;2,1000;3,1000;4,1000;5,1000;8,1000;9,1000;10,1000","1,999",T01,,,"-0.303,0.721,0",CollectTradingCard/card_3014018,CollectTradingCard/ui_card_di_1,CardBottom/card_3dbackground_pink,0,0,,lihui/3014018_lihui,0.8,"0,-0.029,0",,,LightLEffect/card_shiningeffect_01,LightLEffect/card_surfaceeffect_01,CardBack/card_back_sr,0.5,0.8,0,0.7,0.9,,
14160231,佩内洛普,1,,41,3,"0,1000;2,1000;3,1000;4,1000;5,1000;8,1000;9,1000;10,1000","1,999",T01,,,"-0.303,0.721,0",CollectTradingCard/card_3016023,CollectTradingCard/ui_card_di,CardBottom/card_bottom_01,0,0,,lihui/3016023_lihui,0.682803,"-0.001,-0.037,0",,,LightLEffect/card_shiningeffect_01,LightLEffect/card_surfaceeffect_01,CardBack/card_back_sr,0.5,0.8,0,0.7,0.9,,
14160381,仙蒂,1,,41,3,"0,1000;2,1000;3,1000;4,1000;5,1000;8,1000;9,1000;10,1000","1,999",T01,,,"-0.303,0.721,0",CollectTradingCard/card_3016038,CollectTradingCard/ui_card_di,CardBottom/card_bottom_01,0,0,,lihui/3016038_lihui,0.9,"0.0254,0.047,0",,,LightLEffect/card_shiningeffect_01,LightLEffect/card_surfaceeffect_01,CardBack/card_back_sr,0.5,0.8,0,0.7,0.9,,
141001,黑化桃,1,,41,3,"0,1000;2,1000;3,1000;4,1000;5,1000;8,1000;9,1000;10,1000","1,999",T01,,,"-0.303,0.721,0",CollectTradingCard/card_heihuatao_zh_01,CollectTradingCard/ui_card_di_heihuatao,CardBottom/card_3dbackground_red,0,0,,CardPackage/CardSpecial/card_heihuatao_zh_01_D,1.5,"0.081,-0.344,0",,,LightLEffect/card_shiningeffect_01,LightLEffect/card_surfaceeffect_01,CardBack/card_back_sr,0.5,0.8,0,0.7,0.9,,
1412001,勋章5080114,1,,41,3,"0,1000;2,1000;3,1000;4,1000;5,1000;8,1000;9,1000;10,1000","1,999",T01,,,"-0.303,0.721,0",CollectTradingCard/card_xz_5080114,CollectTradingCard/ui_card_di_1,CardBottom/card_3dbackground_green,0,0,,CardPackage/CardSpecial/card_xz_5080114,0.5,,,,LightLEffect/card_shiningeffect_01,LightLEffect/card_surfaceeffect_01,CardBack/card_back_sr,0.5,0.8,0,0.7,0.9,,
1412002,勋章5080094,1,,41,3,"0,1000;2,1000;3,1000;4,1000;5,1000;8,1000;9,1000;10,1000","1,999",T01,,,"-0.303,0.721,0",CollectTradingCard/card_xz_5080094,CollectTradingCard/ui_card_di_1,CardBottom/card_3dbackground_red,0,0,,CardPackage/CardSpecial/card_xz_5080094,0.5,,,,LightLEffect/card_shiningeffect_01,LightLEffect/card_surfaceeffect_01,CardBack/card_back_sr,0.5,0.8,0,0.7,0.9,,
1412003,勋章5080095,1,,41,3,"0,1000;2,0;3,0;4,0;5,0","1,999",T01,,,"-0.303,0.721,0",CollectTradingCard/card_xz_5080095,CollectTradingCard/ui_card_di_1,CardBottom/card_3dbackground_orange,0,0,,CardPackage/CardSpecial/card_xz_5080095,0.5,,,,LightLEffect/card_shiningeffect_01,LightLEffect/card_surfaceeffect_01,CardBack/card_back_sr,0.5,0.8,0,0.7,0.9,,
15140231,神光,1,,51,4,"0,300;2,300;3,300;4,300;5,300;8,300;9,300;10,300","1,999",T01,,,"-0.303,0.721,0",CollectTradingCard/card_3014023,CollectTradingCard/ui_card_di,CardBottom/card_bottom_01,2,0,,CardRole/3014023_card,0.9,"0,0.11,0",18,,LightLEffect/card_shiningeffect_01,LightLEffect/card_surfaceeffect_00,CardBack/card_back_ssr,0.5,0.85,0.5,0.95,0.95,,
15161871,异邦波斯菊,1,,51,4,"0,300;2,300;3,300;4,300;5,300","1,999",T01,,,"-0.303,0.721,0",CollectTradingCard/card_3016187,CollectTradingCard/ui_card_di,CardBottom/card_bottom_01,2,0,,CardRole/3016187_card,0.81,"-0.79,0.093,0",23,,LightLEffect/card_shiningeffect_01,LightLEffect/card_surfaceeffect_00,CardBack/card_back_ssr,0.5,0.85,0.5,0.95,0.95,,
15140091,桃,1,,51,4,"0,300;2,300;3,300;4,300;5,300;8,300;9,300;10,300","1,999",T01,,,"-0.303,0.721,0",CollectTradingCard/card_3014009,CollectTradingCard/ui_card_di,CardBottom/card_bottom_01,2,0,,CardRole/3014009_card,1.056,"2.65,0.01,0",8,,LightLEffect/card_shiningeffect_01,LightLEffect/card_surfaceeffect_00_Dark,CardBack/card_back_ssr,0.5,0.85,0.5,0.95,0.95,,
15150041,耶坦尼亚,1,,51,4,"0,300;2,300;3,300;4,300;5,300;8,300;9,300;10,300","1,999",T01,,,"-0.303,0.721,0",CollectTradingCard/card_3015004,CollectTradingCard/ui_card_di,CardBottom/card_bottom_01,2,0,,CardRole/3015004_card,0.72,"0.26,0.42,0",15,,LightLEffect/card_shiningeffect_01,LightLEffect/card_surfaceeffect_00,CardBack/card_back_ssr,0.5,0.85,0.5,0.95,0.95,,
15150021,丹妮,1,,51,4,"0,300;2,300;3,300;4,300;5,300;8,300;9,300;10,300","1,999",T01,,,"-0.303,0.721,0",CollectTradingCard/card_3015002,CollectTradingCard/ui_card_di,CardBottom/card_bottom_01,2,0,,CardRole/3015002_card,0.9,"0.37,-0.13,0",15,,LightLEffect/card_shiningeffect_01,LightLEffect/card_surfaceeffect_00,CardBack/card_back_ssr,0.5,0.85,0.5,0.95,0.95,,
15150081,牧,1,,51,4,"0,300;2,0;3,0;4,0;5,0","1,999",T01,,,"-0.303,0.721,0",CollectTradingCard/card_3015008,CollectTradingCard/ui_card_di_1,CardBottom/card_3dbackground_red,2,0,,CardRole/3015008_card,1,"0.87,-0.49,0",35,,LightLEffect/card_shiningeffect_01,LightLEffect/card_surfaceeffect_00,CardBack/card_back_ssr,0.5,0.85,0.5,0.95,0.95,,
15160091,吉拉蒂亚,1,,51,4,"0,300;2,0;3,0;4,0;5,0","1,999",T01,,,"-0.303,0.721,0",CollectTradingCard/card_3016009,CollectTradingCard/ui_card_di,CardBottom/card_bottom_01,2,0,,CardRole/3016009_card,1,,35,,LightLEffect/card_shiningeffect_01,LightLEffect/card_surfaceeffect_00,CardBack/card_back_ssr,0.5,0.85,0.5,0.95,0.95,,
15160311,小闪,1,,51,4,"0,300;2,0;3,0;4,0;5,0","1,999",T01,,,"-0.303,0.721,0",CollectTradingCard/card_3016031,CollectTradingCard/ui_card_di,CardBottom/card_bottom_01,2,0,,CardRole/3016031_card,0.9,"0.72,0.0766,0",45,,LightLEffect/card_shiningeffect_01,LightLEffect/card_surfaceeffect_00,CardBack/card_back_ssr,0.5,0.85,0.5,0.95,0.95,,
15160201,奈奥米,1,,51,4,"0,300;2,300;3,300;4,300;5,300","1,999",T01,,,"-0.303,0.721,0",CollectTradingCard/card_3016020,CollectTradingCard/ui_card_di,CardBottom/card_bottom_01,2,0,,CardRole/3016020_card,1,"0.4,0,0",23,,LightLEffect/card_shiningeffect_01,LightLEffect/card_surfaceeffect_00,CardBack/card_back_ssr,0.5,0.85,0.5,0.95,0.95,,
15160203,奈奥米（月下银铃）,1,,51,4,"0,300;2,0;3,0;4,0;5,0","1,999",T01,,,"-0.303,0.721,0",CollectTradingCard/card_301602001,CollectTradingCard/ui_card_di,CardBottom/card_bottom_01,2,0,,CardRole/301602001_card,1,,24,,LightLEffect/card_shiningeffect_01,LightLEffect/card_surfaceeffect_00,CardBack/card_back_ssr,0.5,0.85,0.5,0.95,0.95,,
15160781,昔莱,1,,51,4,"0,300;2,0;3,0;4,0;5,0","1,999",T01,,,"-0.303,0.721,0",CollectTradingCard/card_3016078,CollectTradingCard/ui_card_di,CardBottom/card_bottom_01,2,0,,CardRole/3016078_card,1,,,,LightLEffect/card_shiningeffect_01,LightLEffect/card_surfaceeffect_00,CardBack/card_back_ssr,0.5,0.85,0.5,0.95,0.95,,
15130031,阿涅克丝,1,,51,4,"0,300;2,300;3,300;4,300;5,300;8,300;9,300;10,300","1,999",T01,,,"-0.303,0.721,0",CollectTradingCard/card_3013003,CollectTradingCard/ui_card_di,CardBottom/card_bottom_01,2,0,,CardRole/3013003_card,0.8,"0.97,0.62,0",25,,LightLEffect/card_shiningeffect_01,LightLEffect/card_surfaceeffect_00,CardBack/card_back_ssr,0.5,0.85,0.5,0.95,0.95,,
15130041,炽爱,1,,51,4,"0,300;2,300;3,300;4,300;5,300;8,300;9,300;10,300","1,999",T01,,,"-0.303,0.721,0",CollectTradingCard/card_3013004,CollectTradingCard/ui_card_di,CardBottom/card_bottom_01,2,0,,CardRole/3013004_card,1,"1.97,0,0",20,,LightLEffect/card_shiningeffect_01,LightLEffect/card_surfaceeffect_00,CardBack/card_back_ssr,0.5,0.85,0.5,0.95,0.95,,
15130043,炽爱（午后闲暇）,1,,51,4,"0,300;2,300;3,300;4,300;5,300;8,300;9,300;10,300","1,999",T01,,,"-0.303,0.721,0",CollectTradingCard/card_301300401,CollectTradingCard/ui_card_di,CardBottom/card_bottom_01,2,0,,CardRole/301300401_card,1,,25,,LightLEffect/card_shiningeffect_01,LightLEffect/card_surfaceeffect_00,CardBack/card_back_ssr,0.5,0.85,0.5,0.95,0.95,,
15130061,水仙,1,,51,4,"0,300;2,300;3,300;4,300;5,300;8,300;9,300;10,300","1,999",T01,,,"-0.303,0.721,0",CollectTradingCard/card_3013006,CollectTradingCard/ui_card_di,CardBottom/card_bottom_01,2,0,,CardRole/3013006_card,0.85,"0.46,0.23,0",15,,LightLEffect/card_shiningeffect_01,LightLEffect/card_surfaceeffect_00,CardBack/card_back_ssr,0.5,0.85,0.5,0.95,0.95,,
15130191,库萝心,1,,51,4,"0,300;2,300;3,300;4,300;5,300;8,300;9,300;10,300","1,999",T01,,,"-0.303,0.721,0",CollectTradingCard/card_3013019,CollectTradingCard/ui_card_di,CardBottom/card_bottom_01,2,0,,CardRole/3013019_card,0.684,"0.44,1.44,0",20,,LightLEffect/card_shiningeffect_01,LightLEffect/card_surfaceeffect_00,CardBack/card_back_ssr,0.5,0.85,0.5,0.95,0.95,,
15140201,阿波菲斯,1,,51,4,"0,300;2,300;3,300;4,300;5,300;8,300;9,300;10,300","1,999",T01,,,"-0.303,0.721,0",CollectTradingCard/card_3014020,CollectTradingCard/ui_card_di,CardBottom/card_bottom_01,2,0,,CardRole/3014020_card,0.945,"0.05,0.16,0",10,,LightLEffect/card_shiningeffect_01,LightLEffect/card_surfaceeffect_00,CardBack/card_back_ssr,0.5,0.85,0.5,0.95,0.95,,
15130151,哀歌,1,,51,4,"0,300;2,300;3,300;4,300;5,300;8,300;9,300;10,300","1,999",T01,,,"-0.303,0.721,0",CollectTradingCard/card_3013015,CollectTradingCard/ui_card_di_1,CardBottom/card_bottom_01,2,0,,CardRole/3013015_card,1,"0.48,0.72,0",8,,LightLEffect/card_shiningeffect_01,LightLEffect/card_surfaceeffect_00,CardBack/card_back_ssr,0.5,0.85,0.5,0.95,0.95,,
15140011,普琳普顿,1,,51,4,"0,300;2,300;3,300;4,300;5,300;8,300;9,300;10,300","1,999",T01,,,"-0.303,0.721,0",CollectTradingCard/card_3014001,CollectTradingCard/ui_card_di,CardBottom/card_bottom_01,2,0,,CardRole/3014001_card,1,,28,,LightLEffect/card_shiningeffect_01,LightLEffect/card_surfaceeffect_00,CardBack/card_back_ssr,0.5,0.85,0.5,0.95,0.95,,
15140021,黛比,1,,51,4,"0,300;2,0;3,0;4,0;5,0","1,999",T01,,,"-0.303,0.721,0",CollectTradingCard/card_3014002,CollectTradingCard/ui_card_di_1,CardBottom/card_3dbackground_pink,2,0,,CardRole/3014002_card,1,"0,-0.77,0",30,,LightLEffect/card_shiningeffect_01,LightLEffect/card_surfaceeffect_00,CardBack/card_back_ssr,0.5,0.85,0.5,0.95,0.95,,
15130171,波斯菊,1,,51,4,"0,300;2,0;3,0;4,0;5,0","1,999",T01,,,"-0.303,0.721,0",CollectTradingCard/card_3013017,CollectTradingCard/ui_card_di_1,CardBottom/card_bottom_01,2,0,,CardRole/3013017_card,0.81,,45,,LightLEffect/card_shiningeffect_01,LightLEffect/card_surfaceeffect_00,CardBack/card_back_ssr,0.5,0.85,0.5,0.95,0.95,,
15130091,奈奈芙,1,,51,4,"0,300;2,0;3,0;4,0;5,0","1,999",T01,,,"-0.303,0.721,0",CollectTradingCard/card_3013009,CollectTradingCard/ui_card_di,CardBottom/card_bottom_01,2,0,,CardRole/3013009_card,1,,45,,LightLEffect/card_shiningeffect_01,LightLEffect/card_surfaceeffect_00,CardBack/card_back_ssr,0.5,0.85,0.5,0.95,0.95,,
15130011,格蕾,1,,51,4,"0,300;2,300;3,300;4,300;5,300;8,300;9,300;10,300","1,999",T01,,,"-0.303,0.721,0",CollectTradingCard/card_3013001,CollectTradingCard/ui_card_di_1,CardBottom/card_3dbackground_green,2,0,,CardRole/3013001_card,1,,28,,LightLEffect/card_shiningeffect_01,LightLEffect/card_surfaceeffect_00,CardBack/card_back_ssr,0.5,0.85,0.5,0.95,0.95,,
15130081,梅露特,1,,51,4,"0,300;2,300;3,300;4,300;5,300;8,300;9,300;10,300","1,999",T01,,,"-0.303,0.721,0",CollectTradingCard/card_3013008,CollectTradingCard/ui_card_di,CardBottom/card_bottom_01,2,0,,CardRole/3013008_card,0.8,,45,,LightLEffect/card_shiningeffect_01,LightLEffect/card_surfaceeffect_00,CardBack/card_back_ssr,0.5,0.85,0.5,0.95,0.95,,
15140031,焰心,1,,51,4,"0,300;2,0;3,0;4,0;5,0","1,999",T01,,,"-0.303,0.721,0",CollectTradingCard/card_3014003,CollectTradingCard/ui_card_di,CardBottom/card_bottom_01,2,0,,CardRole/3014003_card,0.9,"0,0.066,0",32,,LightLEffect/card_shiningeffect_01,LightLEffect/card_surfaceeffect_00,CardBack/card_back_ssr,0.5,0.85,0.5,0.95,0.95,,
151001,黑化桃,1,,51,4,"0,300;2,0;3,0;4,0;5,0","1,999",T01,,,"-0.303,0.721,0",CollectTradingCard/card_heihuatao_zh_01,CollectTradingCard/ui_card_di_heihuatao,CardBottom/card_3dbackground_red,2,0,,CardStory/heihuatao_card,1,,30,,LightLEffect/card_shiningeffect_01,LightLEffect/card_surfaceeffect_00,CardBack/card_back_ssr,0.5,0.85,0.5,0.95,0.95,,
1512001,勋章5080114,1,,51,4,"0,300;2,0;3,0;4,0;5,0","1,999",T01,,,"-0.303,0.721,0",CollectTradingCard/card_xz_5080114,CollectTradingCard/ui_card_di_1,CardBottom/card_3dbackground_green,2,0,,Cardicon/5080114_card,1.9,,30,,LightLEffect/card_shiningeffect_01,LightLEffect/card_surfaceeffect_00,CardBack/card_back_ssr,0.5,0.85,0.5,0.95,0.95,,
1512002,勋章5080094,1,,51,4,"0,300;2,300;3,300;4,300;5,300;8,300;9,300;10,300","1,999",T01,,,"-0.303,0.721,0",CollectTradingCard/card_xz_5080094,CollectTradingCard/ui_card_di_1,CardBottom/card_3dbackground_red,2,0,,Cardicon/5080094_card,1.9,,35,,LightLEffect/card_shiningeffect_01,LightLEffect/card_surfaceeffect_00,CardBack/card_back_ssr,0.5,0.85,0.5,0.95,0.95,,
1512003,勋章5080095,1,,51,4,"0,300;2,0;3,0;4,0;5,0","1,999",T01,,,"-0.303,0.721,0",CollectTradingCard/card_xz_5080095,CollectTradingCard/ui_card_di_1,CardBottom/card_3dbackground_orange,2,0,,Cardicon/5080095_card,1.9,,30,,LightLEffect/card_shiningeffect_01,LightLEffect/card_surfaceeffect_00,CardBack/card_back_ssr,0.5,0.85,0.5,0.95,0.95,,
16140231,神光,1,,61,4,"0,200;2,200;3,200;4,200;5,200;8,200;9,200;10,200","1,999",T01,,,"-0.303,0.721,0",CollectTradingCard/card_3014023,CollectTradingCard/ui_card_di,CardBottom/card_bottom_01,1,1,,CardRole/3014023_card,0.9,"0,0.11,0",18,,LightLEffect/card_shiningeffect_01,LightLEffect/card_surfaceeffect_02,CardBack/card_back_ssr,0.5,0.85,0,0.95,0.95,,
16161871,异邦波斯菊,1,,61,4,"0,200;2,200;3,200;4,200;5,200","1,999",T01,,,"-0.303,0.721,0",CollectTradingCard/card_3016187,CollectTradingCard/ui_card_di,CardBottom/card_bottom_01,1,1,,CardRole/3016187_card,0.81,"-0.79,0.093,0",23,,LightLEffect/card_shiningeffect_01,LightLEffect/card_surfaceeffect_02,CardBack/card_back_ssr,0.5,0.85,0,0.95,0.95,,
16140091,桃,1,,61,4,"0,200;2,200;3,200;4,200;5,200;8,200;9,200;10,200","1,999",T01,,,"-0.303,0.721,0",CollectTradingCard/card_3014009,CollectTradingCard/ui_card_di,CardBottom/card_bottom_01,1,1,,CardRole/3014009_card,1.056,"2.65,0.01,0",8,,LightLEffect/card_shiningeffect_01,LightLEffect/card_surfaceeffect_02_Dark,CardBack/card_back_ssr,0.5,0.85,0,0.95,0.95,,
16150041,耶坦尼亚,1,,61,4,"0,200;2,200;3,200;4,200;5,200;8,200;9,200;10,200","1,999",T01,,,"-0.303,0.721,0",CollectTradingCard/card_3015004,CollectTradingCard/ui_card_di,CardBottom/card_bottom_01,1,1,,CardRole/3015004_card,0.72,"0.26,0.42,0",15,,LightLEffect/card_shiningeffect_01,LightLEffect/card_surfaceeffect_02,CardBack/card_back_ssr,0.5,0.85,0,0.95,0.95,,
16150021,丹妮,1,,61,4,"0,200;2,200;3,200;4,200;5,200;8,200;9,200;10,200","1,999",T01,,,"-0.303,0.721,0",CollectTradingCard/card_3015002,CollectTradingCard/ui_card_di,CardBottom/card_bottom_01,1,1,,CardRole/3015002_card,0.9,"0.37,-0.13,0",15,,LightLEffect/card_shiningeffect_01,LightLEffect/card_surfaceeffect_02,CardBack/card_back_ssr,0.5,0.85,0,0.95,0.95,,
16150081,牧,1,,61,4,"0,200;2,0;3,0;4,0;5,0","1,999",T01,,,"-0.303,0.721,0",CollectTradingCard/card_3015008,CollectTradingCard/ui_card_di_1,CardBottom/card_3dbackground_red,1,1,,CardRole/3015008_card,1,"0.87,-0.49,0",35,,LightLEffect/card_shiningeffect_01,LightLEffect/card_surfaceeffect_02,CardBack/card_back_ssr,0.5,0.85,0,0.95,0.95,,
16160091,吉拉蒂亚,1,,61,4,"0,200;2,0;3,0;4,0;5,0","1,999",T01,,,"-0.303,0.721,0",CollectTradingCard/card_3016009,CollectTradingCard/ui_card_di,CardBottom/card_bottom_01,1,1,,CardRole/3016009_card,1,,35,,LightLEffect/card_shiningeffect_01,LightLEffect/card_surfaceeffect_02,CardBack/card_back_ssr,0.5,0.85,0,0.95,0.95,,
16160311,小闪,1,,61,4,"0,200;2,0;3,0;4,0;5,0","1,999",T01,,,"-0.303,0.721,0",CollectTradingCard/card_3016031,CollectTradingCard/ui_card_di,CardBottom/card_bottom_01,1,1,,CardRole/3016031_card,1.1,"0.72,0.0766,0",45,,LightLEffect/card_shiningeffect_01,LightLEffect/card_surfaceeffect_02,CardBack/card_back_ssr,0.5,0.85,0,0.95,0.95,,
16160201,奈奥米,1,,61,4,"0,200;2,200;3,200;4,200;5,200","1,999",T01,,,"-0.303,0.721,0",CollectTradingCard/card_3016020,CollectTradingCard/ui_card_di,CardBottom/card_bottom_01,1,1,,CardRole/3016020_card,1,"0.4,0,0",23,,LightLEffect/card_shiningeffect_01,LightLEffect/card_surfaceeffect_02,CardBack/card_back_ssr,0.5,0.85,0,0.95,0.95,,
16160203,奈奥米（月下银铃）,1,,61,4,"0,200;2,0;3,0;4,0;5,0","1,999",T01,,,"-0.303,0.721,0",CollectTradingCard/card_301602001,CollectTradingCard/ui_card_di,CardBottom/card_bottom_01,1,1,,CardRole/301602001_card,1,,24,,LightLEffect/card_shiningeffect_01,LightLEffect/card_surfaceeffect_02,CardBack/card_back_ssr,0.5,0.85,0,0.95,0.95,,
16160781,昔莱,1,,61,4,"0,200;2,0;3,0;4,0;5,0","1,999",T01,,,"-0.303,0.721,0",CollectTradingCard/card_3016078,CollectTradingCard/ui_card_di,CardBottom/card_bottom_01,1,1,,CardRole/3016078_card,1,,,,LightLEffect/card_shiningeffect_01,LightLEffect/card_surfaceeffect_02,CardBack/card_back_ssr,0.5,0.85,0,0.95,0.95,,
16130031,阿涅克丝,1,,61,4,"0,200;2,200;3,200;4,200;5,200;8,200;9,200;10,200","1,999",T01,,,"-0.303,0.721,0",CollectTradingCard/card_3013003,CollectTradingCard/ui_card_di,CardBottom/card_bottom_01,1,1,,CardRole/3013003_card,0.8,"0.97,0.62,0",25,,LightLEffect/card_shiningeffect_01,LightLEffect/card_surfaceeffect_02,CardBack/card_back_ssr,0.5,0.85,0,0.95,0.95,,
16130041,炽爱,1,,61,4,"0,200;2,200;3,200;4,200;5,200;8,200;9,200;10,200","1,999",T01,,,"-0.303,0.721,0",CollectTradingCard/card_3013004,CollectTradingCard/ui_card_di,CardBottom/card_bottom_01,1,1,,CardRole/3013004_card,1,"1.97,0,0",20,,LightLEffect/card_shiningeffect_01,LightLEffect/card_surfaceeffect_02,CardBack/card_back_ssr,0.5,0.85,0,0.95,0.95,,
16130043,炽爱（午后闲暇）,1,,61,4,"0,200;2,200;3,200;4,200;5,200;8,200;9,200;10,200","1,999",T01,,,"-0.303,0.721,0",CollectTradingCard/card_301300401,CollectTradingCard/ui_card_di,CardBottom/card_bottom_01,1,1,,CardRole/301300401_card,1,,25,,LightLEffect/card_shiningeffect_01,LightLEffect/card_surfaceeffect_00,CardBack/card_back_ssr,0.5,0.85,0.5,0.95,0.95,,
16130061,水仙,1,,61,4,"0,200;2,200;3,200;4,200;5,200;8,200;9,200;10,200","1,999",T01,,,"-0.303,0.721,0",CollectTradingCard/card_3013006,CollectTradingCard/ui_card_di,CardBottom/card_bottom_01,1,1,,CardRole/3013006_card,0.85,"0.46,0.23,0",15,,LightLEffect/card_shiningeffect_01,LightLEffect/card_surfaceeffect_02,CardBack/card_back_ssr,0.5,0.85,0,0.95,0.95,,
16130191,库萝心,1,,61,4,"0,200;2,200;3,200;4,200;5,200;8,200;9,200;10,200","1,999",T01,,,"-0.303,0.721,0",CollectTradingCard/card_3013019,CollectTradingCard/ui_card_di,CardBottom/card_bottom_01,1,1,,CardRole/3013019_card,0.684,"0.44,1.44,0",20,,LightLEffect/card_shiningeffect_01,LightLEffect/card_surfaceeffect_02,CardBack/card_back_ssr,0.5,0.85,0,0.95,0.95,,
16140201,阿波菲斯,1,,61,4,"0,200;2,200;3,200;4,200;5,200;8,200;9,200;10,200","1,999",T01,,,"-0.303,0.721,0",CollectTradingCard/card_3014020,CollectTradingCard/ui_card_di,CardBottom/card_bottom_01,1,1,,CardRole/3014020_card,0.945,"0.05,0.16,0",10,,LightLEffect/card_shiningeffect_01,LightLEffect/card_surfaceeffect_02,CardBack/card_back_ssr,0.5,0.85,0,0.95,0.95,,
16130151,哀歌,1,,61,4,"0,200;2,200;3,200;4,200;5,200;8,200;9,200;10,200","1,999",T01,,,"-0.303,0.721,0",CollectTradingCard/card_3013015,CollectTradingCard/ui_card_di_1,CardBottom/card_bottom_01,1,1,,CardRole/3013015_card,1,,8,,LightLEffect/card_shiningeffect_01,LightLEffect/card_surfaceeffect_02,CardBack/card_back_ssr,0.5,0.85,0,0.95,0.95,,
16140011,普琳普顿,1,,61,4,"0,200;2,200;3,200;4,200;5,200;8,200;9,200;10,200","1,999",T01,,,"-0.303,0.721,0",CollectTradingCard/card_3014001,CollectTradingCard/ui_card_di,CardBottom/card_bottom_01,1,1,,CardRole/3014001_card,1,,28,,LightLEffect/card_shiningeffect_01,LightLEffect/card_surfaceeffect_02,CardBack/card_back_ssr,0.5,0.85,0,0.95,0.95,,
16140021,黛比,1,,61,4,"0,200;2,0;3,0;4,0;5,0","1,999",T01,,,"-0.303,0.721,0",CollectTradingCard/card_3014002,CollectTradingCard/ui_card_di_1,CardBottom/card_3dbackground_pink,1,1,,CardRole/3014002_card,1,"0,-0.77,0",30,,LightLEffect/card_shiningeffect_01,LightLEffect/card_surfaceeffect_02,CardBack/card_back_ssr,0.5,0.85,0,0.95,0.95,,
16130171,波斯菊,1,,61,4,"0,200;2,0;3,0;4,0;5,0","1,999",T01,,,"-0.303,0.721,0",CollectTradingCard/card_3013017,CollectTradingCard/ui_card_di_1,CardBottom/card_bottom_01,1,1,,CardRole/3013017_card,0.81,,45,,LightLEffect/card_shiningeffect_01,LightLEffect/card_surfaceeffect_02,CardBack/card_back_ssr,0.5,0.85,0,0.95,0.95,,
16130091,奈奈芙,1,,61,4,"0,200;2,0;3,0;4,0;5,0","1,999",T01,,,"-0.303,0.721,0",CollectTradingCard/card_3013009,CollectTradingCard/ui_card_di,CardBottom/card_bottom_01,1,1,,CardRole/3013009_card,1,,45,,LightLEffect/card_shiningeffect_01,LightLEffect/card_surfaceeffect_02,CardBack/card_back_ssr,0.5,0.85,0,0.95,0.95,,
16130011,格蕾,1,,61,4,"0,300;2,300;3,300;4,300;5,300;8,300;9,300;10,300","1,999",T01,,,"-0.303,0.721,0",CollectTradingCard/card_3013001,CollectTradingCard/ui_card_di_1,CardBottom/card_3dbackground_green,1,1,,CardRole/3013001_card,1,,28,,LightLEffect/card_shiningeffect_01,LightLEffect/card_surfaceeffect_02,CardBack/card_back_ssr,0.5,0.85,0,0.95,0.95,,
16130081,梅露特,1,,61,4,"0,200;2,200;3,200;4,200;5,200;8,200;9,200;10,200","1,999",T01,,,"-0.303,0.721,0",CollectTradingCard/card_3013008,CollectTradingCard/ui_card_di,CardBottom/card_bottom_01,1,1,,CardRole/3013008_card,0.8,,45,,LightLEffect/card_shiningeffect_01,LightLEffect/card_surfaceeffect_02,CardBack/card_back_ssr,0.5,0.85,0,0.95,0.95,,
16140031,焰心,1,,61,4,"0,200;2,0;3,0;4,0;5,0","1,999",T01,,,"-0.303,0.721,0",CollectTradingCard/card_3014003,CollectTradingCard/ui_card_di,CardBottom/card_bottom_01,1,1,,CardRole/3014003_card,0.9,"0,0.066,0",32,,LightLEffect/card_shiningeffect_01,LightLEffect/card_surfaceeffect_02,CardBack/card_back_ssr,0.5,0.85,0,0.95,0.95,,
161001,黑化桃,1,,61,4,"0,200;2,0;3,0;4,0;5,0","1,999",T01,,,"-0.303,0.721,0",CollectTradingCard/card_heihuatao_zh_01,CollectTradingCard/ui_card_di_heihuatao,CardBottom/card_3dbackground_red,1,1,,CardStory/heihuatao_card,1,,30,,LightLEffect/card_shiningeffect_01,LightLEffect/card_surfaceeffect_02,CardBack/card_back_ssr,0.5,0.85,0,0.95,0.95,,
1612001,勋章5080114,1,,61,4,"0,200;2,200;3,200;4,200;5,200;8,200;9,200;10,200","1,999",T01,,,"-0.303,0.721,0",CollectTradingCard/card_xz_5080114,CollectTradingCard/ui_card_di_1,CardBottom/card_3dbackground_green,1,1,,Cardicon/5080114_card,1.9,,30,,LightLEffect/card_shiningeffect_01,LightLEffect/card_surfaceeffect_02,CardBack/card_back_ssr,0.5,0.85,0,0.95,0.95,,
1612002,勋章5080094,1,,61,4,"0,200;2,200;3,200;4,200;5,200;8,200;9,200;10,200","1,999",T01,,,"-0.303,0.721,0",CollectTradingCard/card_xz_5080094,CollectTradingCard/ui_card_di_1,CardBottom/card_3dbackground_red,2,0,,Cardicon/5080094_card,1.9,,35,,LightLEffect/card_shiningeffect_01,LightLEffect/card_surfaceeffect_02,CardBack/card_back_ssr,0.5,0.85,0,0.95,0.95,,
1612003,勋章5080095,1,,61,4,"0,200;2,0;3,0;4,0;5,0","1,999",T01,,,"-0.303,0.721,0",CollectTradingCard/card_xz_5080095,CollectTradingCard/ui_card_di_1,CardBottom/card_3dbackground_orange,2,0,,Cardicon/5080095_card,1.9,,30,,LightLEffect/card_shiningeffect_01,LightLEffect/card_surfaceeffect_02,CardBack/card_back_ssr,0.5,0.85,0,0.95,0.95,,
16240231,神光（立绘光栅）,1,,62,4,"0,200;2,200;3,200;4,200;5,200;8,200;9,200;10,200","1,999",T01,,,"-0.303,0.721,0",CollectTradingCard/card_3014023,CollectTradingCard/ui_card_di,CardBottom/card_bottom_01,0,0,,"lihui/3014023_lihui,lihui/3014023_lihui,lihui/3014023_lihui,lihui/3014023_lihui,lihui/3014023_lihui","3,4,1,4,3","0.061,-0.258,0;-0.023,0.019,0;0,0.11,0;-0.023,0.019,0;0.061,-0.258,0",,"-40,-30,-24,-18;-24,-18,-12,-6;-12,-6,6,12;6,12,18,24;18,24,30,40",LightLEffect/card_shiningeffect_01,LightLEffect/card_surfaceeffect_04,CardBack/card_back_ssr,0.5,0.7,0.2,0.95,0.95,,
16200029,克萝萝像素小人,1,,62,4,"0,200;2,200;3,200;4,200;5,200;8,200;9,200;10,200","1,999",T01,,,"-0.303,0.721,0",CollectTradingCard/keluoluo_xs_01,CollectTradingCard/ui_card_di_1,CardBottom/card_3dbackground_orange,0,0,,"CardPackage/CardSpecial/card_loading_keluoluo_1,CardPackage/CardSpecial/card_loading_keluoluo_1_2,CardPackage/CardSpecial/card_loading_keluoluo_3,CardPackage/CardSpecial/card_loading_keluoluo_3_2,CardPackage/CardSpecial/card_loading_keluoluo_2_2,CardPackage/CardSpecial/card_loading_keluoluo_2,CardPackage/CardSpecial/card_loading_keluoluo_4_2","0.5,0.5,0.5,0.5,0.5,0.5,0.5","0,0,0;0,0,0;0,0,0;0,0,0;0,0,0;0,0,0;0,0,0",,"-40,-30,-24,-20;-24,-20,-16,-12;-16,-12,-8,-4;-8,-4,4,8;4,8,12,16;12,16,20,24;20,24,30,40",LightLEffect/card_shiningeffect_01,LightLEffect/card_surfaceeffect_04,CardBack/card_back_ssr,0.5,0.7,0.2,0.95,0.95,,
16250042,耶坦尼亚（站绘光栅）,1,,62,4,"0,200;2,200;3,200;4,200;5,200;8,200;9,200;10,200","1,999",T01,,,"-0.303,0.721,0",CollectTradingCard/card_3015004_zh_01,CollectTradingCard/ui_card_di_3015004,CardBottom/card_3dbackground_blue,0,0,,"CardPackage/CardSpecial/card_3015004_zh_03_D,CardPackage/CardSpecial/card_3015004_zh_02_D,CardPackage/CardSpecial/card_3015004_zh_01_D,CardPackage/CardSpecial/card_3015004_zh_02_D,CardPackage/CardSpecial/card_3015004_zh_03_D","1,1,1,1,1","0,-0.119,0;0,-0.119,0;0,-0.119,0;0,-0.119,0;0,-0.119,0;0,-0.119,0;0,-0.119,0",,"-40,-30,-24,-18;-24,-18,-12,-6;-12,-6,6,12;6,12,18,24;18,24,30,40",LightLEffect/card_shiningeffect_01,LightLEffect/card_surfaceeffect_04,CardBack/card_back_ssr,0.5,0.7,0.2,0.95,0.95,,
16240202,阿波菲斯（站绘光栅）,1,,62,4,"0,200;2,200;3,200;4,200;5,200;8,200;9,200;10,200","1,999",T01,,,"-0.303,0.721,0",CollectTradingCard/card_3014020_zh_01,CollectTradingCard/ui_card_di_3014020,CardBottom/card_3dbackground_green,0,0,,"CardPackage/CardSpecial/card_3014020_zh_03_D,CardPackage/CardSpecial/card_3014020_zh_02_D,CardPackage/CardSpecial/card_3014020_zh_01_D,CardPackage/CardSpecial/card_3014020_zh_02_D,CardPackage/CardSpecial/card_3014020_zh_03_D","1,1,1,1,1","0,-0.126,0;0,-0.126,0;0,-0.126,0;0,-0.126,0;0,-0.126,0;0,-0.126,0;0,-0.126,0",,"-40,-30,-24,-18;-24,-18,-12,-6;-12,-6,6,12;6,12,18,24;18,24,30,40",LightLEffect/card_shiningeffect_01,LightLEffect/card_surfaceeffect_04,CardBack/card_back_ssr,0.5,0.7,0.2,0.95,0.95,,
16240092,黑化桃<-桃->桃,1,,62,4,"0,200;2,200;3,200;4,200;5,200;8,200;9,200;10,200","1,999",T01,,,"-0.303,0.721,0",CollectTradingCard/card_3014009_zh,CollectTradingCard/ui_card_di_3014009,CardBottom/card_3dbackground_red,0,0,,"CardPackage/CardSpecial/card_heihuatao_zh_01_D,CardPackage/CardSpecial/card_heihuatao_zh_01_D,CardPackage/CardSpecial/card_3014009_zh_D,CardPackage/CardSpecial/card_3014009_zh_D,CardPackage/CardSpecial/card_3014009_zh_D","1.5,1.8468,0.91,1.768,1.3","0.081,-0.344,0;0.137,-0.171,0;0.052,-0.062,0;0.132,-0.161,0;0.064,-0.271,0",,"-40,-30,-24,-18;-24,-18,-12,-6;-12,-6,6,12;6,12,18,24;18,24,30,40",LightLEffect/card_shiningeffect_01,LightLEffect/card_surfaceeffect_04,CardBack/card_back_ssr,0.5,0.7,0.2,0.95,0.95,,
17140231,神光,1,,71,4,"0,100;2,100;3,100;4,100;5,100;8,100;9,100;10,100","1,999",T01,1,"0.232,-0.62,0","-0.303,0.721,0",CollectTradingCard/card_3014023,CollectTradingCard/ui_card_di,CardBottom/card_bottom_01,2,1,,CardRole/3014023_card,0.9,"0,0.11,0",18,,LightLEffect/card_shiningeffect_01,LightLEffect/card_surfaceeffect_03,CardBack/card_back_ssr,0.5,0.8,0.4,0.85,0.95,,
17161871,异邦波斯菊,1,,71,4,"0,100;2,100;3,100;4,100;5,100;8,100;9,100;10,100","1,999",T01,1,"0.232,-0.62,0","-0.303,0.721,0",CollectTradingCard/card_3016187,CollectTradingCard/ui_card_di,CardBottom/card_bottom_01,2,1,,CardRole/3016187_card,0.81,"-0.79,0.093,0",23,,LightLEffect/card_shiningeffect_01,LightLEffect/card_surfaceeffect_03,CardBack/card_back_ssr,0.5,0.8,0.4,0.85,0.95,,
17140091,桃,1,,71,4,"0,100;2,100;3,100;4,100;5,100;8,100;9,100;10,100","1,999",T01,1,"0.232,-0.62,0","-0.303,0.721,0",CollectTradingCard/card_3014009,CollectTradingCard/ui_card_di,CardBottom/card_bottom_01,2,1,,CardRole/3014009_card,1.056,"2.65,0.01,0",8,,LightLEffect/card_shiningeffect_01,LightLEffect/card_surfaceeffect_03,CardBack/card_back_ssr,0.5,0.8,0.4,0.85,0.95,,
17150041,耶坦尼亚,1,,71,4,"0,100;2,100;3,100;4,100;5,100;8,100;9,100;10,100","1,999",T01,1,"0.232,-0.62,0","-0.303,0.721,0",CollectTradingCard/card_3015004,CollectTradingCard/ui_card_di,CardBottom/card_bottom_01,2,1,,CardRole/3015004_card,0.72,"0.26,0.42,0",15,,LightLEffect/card_shiningeffect_01,LightLEffect/card_surfaceeffect_03,CardBack/card_back_ssr,0.5,0.8,0.4,0.85,0.95,,
17150081,牧,1,,71,4,"0,100;2,0;3,0;4,0;5,0","1,999",T01,1,"0.232,-0.62,0","-0.303,0.721,0",CollectTradingCard/card_3015008,CollectTradingCard/ui_card_di_1,CardBottom/card_3dbackground_red,2,1,,CardRole/3015008_card,1,"0.87,-0.49,0",35,,LightLEffect/card_shiningeffect_01,LightLEffect/card_surfaceeffect_03,CardBack/card_back_ssr,0.5,0.8,0.4,0.85,0.95,,
17150021,丹妮,1,,71,4,"0,100;2,100;3,100;4,100;5,100;8,100;9,100;10,100","1,999",T01,1,"0.232,-0.62,0","-0.303,0.721,0",CollectTradingCard/card_3015002,CollectTradingCard/ui_card_di,CardBottom/card_bottom_01,2,1,,CardRole/3015002_card,0.9,"0.37,-0.13,0",15,,LightLEffect/card_shiningeffect_01,LightLEffect/card_surfaceeffect_03,CardBack/card_back_ssr,0.5,0.8,0.4,0.85,0.95,,
17160091,吉拉蒂亚,1,,71,4,"0,100;2,0;3,0;4,0;5,0","1,999",T01,1,"0.232,-0.62,0","-0.303,0.721,0",CollectTradingCard/card_3016009,CollectTradingCard/ui_card_di,CardBottom/card_bottom_01,2,1,,CardRole/3016009_card,1,,35,,LightLEffect/card_shiningeffect_01,LightLEffect/card_surfaceeffect_03,CardBack/card_back_ssr,0.5,0.8,0.4,0.85,0.95,,
17160311,小闪,1,,71,4,"0,100;2,0;3,0;4,0;5,0","1,999",T01,1,"0.232,-0.62,0","-0.303,0.721,0",CollectTradingCard/card_3016031,CollectTradingCard/ui_card_di,CardBottom/card_bottom_01,2,1,,CardRole/3016031_card,1.1,"0.72,0.0766,0",45,,LightLEffect/card_shiningeffect_01,LightLEffect/card_surfaceeffect_03,CardBack/card_back_ssr,0.5,0.8,0.4,0.85,0.95,,
17160201,奈奥米,1,,71,4,"0,100;2,100;3,100;4,100;5,100;8,100;9,100;10,100","1,999",T01,1,"0.232,-0.62,0","-0.303,0.721,0",CollectTradingCard/card_3016020,CollectTradingCard/ui_card_di,CardBottom/card_bottom_01,2,1,,CardRole/3016020_card,1,"0.4,0,0",23,,LightLEffect/card_shiningeffect_01,LightLEffect/card_surfaceeffect_03,CardBack/card_back_ssr,0.5,0.8,0.4,0.85,0.95,,
17160203,奈奥米（月下银铃）,1,,71,4,"0,100;2,0;3,0;4,0;5,0","1,999",T01,1,"0.232,-0.62,0","-0.303,0.721,0",CollectTradingCard/card_301602001,CollectTradingCard/ui_card_di,CardBottom/card_bottom_01,2,1,,CardRole/301602001_card,1,,24,,LightLEffect/card_shiningeffect_01,LightLEffect/card_surfaceeffect_03,CardBack/card_back_ssr,0.5,0.8,0.4,0.85,0.95,,
17160781,昔莱,1,,71,4,"0,100;2,0;3,0;4,0;5,0","1,999",T01,1,"0.232,-0.62,0","-0.303,0.721,0",CollectTradingCard/card_3016078,CollectTradingCard/ui_card_di,CardBottom/card_bottom_01,2,1,,CardRole/3016078_card,1,,,,LightLEffect/card_shiningeffect_01,LightLEffect/card_surfaceeffect_03,CardBack/card_back_ssr,0.5,0.8,0.4,0.85,0.95,,
17130031,阿涅克丝,1,,71,4,"0,100;2,100;3,100;4,100;5,100;8,100;9,100;10,100","1,999",T01,1,"0.232,-0.62,0","-0.303,0.721,0",CollectTradingCard/card_3013003,CollectTradingCard/ui_card_di,CardBottom/card_bottom_01,2,1,,CardRole/3013003_card,0.8,"0.97,0.62,0",25,,LightLEffect/card_shiningeffect_01,LightLEffect/card_surfaceeffect_03,CardBack/card_back_ssr,0.5,0.8,0.4,0.85,0.95,,
17130041,炽爱,1,,71,4,"0,100;2,100;3,100;4,100;5,100;8,100;9,100;10,100","1,999",T01,1,"0.232,-0.62,0","-0.303,0.721,0",CollectTradingCard/card_3013004,CollectTradingCard/ui_card_di,CardBottom/card_bottom_01,2,1,,CardRole/3013004_card,1,"1.97,0,0",20,,LightLEffect/card_shiningeffect_01,LightLEffect/card_surfaceeffect_03,CardBack/card_back_ssr,0.5,0.8,0.4,0.85,0.95,,
17130043,炽爱（午后闲暇）,1,,71,4,"0,100;2,100;3,100;4,100;5,100;8,100;9,100;10,100","1,999",T01,1,"0.232,-0.62,0","-0.303,0.721,0",CollectTradingCard/card_301300401,CollectTradingCard/ui_card_di,CardBottom/card_bottom_01,2,1,,CardRole/301300401_card,1,,25,,LightLEffect/card_shiningeffect_01,LightLEffect/card_surfaceeffect_03,CardBack/card_back_ssr,0.5,0.8,0.4,0.85,0.95,,
17130061,水仙,1,,71,4,"0,100;2,100;3,100;4,100;5,100;8,100;9,100;10,100","1,999",T01,1,"0.232,-0.62,0","-0.303,0.721,0",CollectTradingCard/card_3013006,CollectTradingCard/ui_card_di,CardBottom/card_bottom_01,2,1,,CardRole/3013006_card,0.85,"0.46,0.23,0",15,,LightLEffect/card_shiningeffect_01,LightLEffect/card_surfaceeffect_03,CardBack/card_back_ssr,0.5,0.8,0.4,0.85,0.95,,
17130191,库萝心,1,,71,4,"0,100;2,100;3,100;4,100;5,100;8,100;9,100;10,100","1,999",T01,1,"0.232,-0.62,0","-0.303,0.721,0",CollectTradingCard/card_3013019,CollectTradingCard/ui_card_di,CardBottom/card_bottom_01,2,1,,CardRole/3013019_card,0.684,"0.44,1.44,0",20,,LightLEffect/card_shiningeffect_01,LightLEffect/card_surfaceeffect_03,CardBack/card_back_ssr,0.5,0.8,0.4,0.85,0.95,,
17140201,阿波菲斯,1,,71,4,"0,100;2,100;3,100;4,100;5,100;8,100;9,100;10,100","1,999",T01,1,"0.232,-0.62,0","-0.303,0.721,0",CollectTradingCard/card_3014020,CollectTradingCard/ui_card_di,CardBottom/card_bottom_01,2,1,,CardRole/3014020_card,0.945,"0.05,0.16,0",10,,LightLEffect/card_shiningeffect_01,LightLEffect/card_surfaceeffect_03,CardBack/card_back_ssr,0.5,0.8,0.4,0.85,0.95,,
17130151,哀歌,1,,71,4,"0,100;2,100;3,100;4,100;5,100;8,100;9,100;10,100","1,999",T01,1,"0.232,-0.62,0","-0.303,0.721,0",CollectTradingCard/card_3013015,CollectTradingCard/ui_card_di_1,CardBottom/card_bottom_01,2,1,,CardRole/3013015_card,1,,8,,LightLEffect/card_shiningeffect_01,LightLEffect/card_surfaceeffect_03,CardBack/card_back_ssr,0.5,0.8,0.4,0.85,0.95,,
17140011,普琳普顿,1,,71,4,"0,100;2,100;3,100;4,100;5,100;8,100;9,100;10,100","1,999",T01,1,"0.232,-0.62,0","-0.303,0.721,0",CollectTradingCard/card_3014001,CollectTradingCard/ui_card_di,CardBottom/card_bottom_01,2,1,,CardRole/3014001_card,1,,28,,LightLEffect/card_shiningeffect_01,LightLEffect/card_surfaceeffect_03,CardBack/card_back_ssr,0.5,0.8,0.4,0.85,0.95,,
17140021,黛比,1,,71,4,"0,100;2,0;3,0;4,0;5,0","1,999",T01,1,"0.232,-0.62,0","-0.303,0.721,0",CollectTradingCard/card_3014002,CollectTradingCard/ui_card_di_1,CardBottom/card_3dbackground_pink,2,1,,CardRole/3014002_card,1,"0,-0.77,0",30,,LightLEffect/card_shiningeffect_01,LightLEffect/card_surfaceeffect_03,CardBack/card_back_ssr,0.5,0.8,0.4,0.85,0.95,,
17130171,波斯菊,1,,71,4,"0,100;2,0;3,0;4,0;5,0","1,999",T01,1,"0.232,-0.62,0","-0.303,0.721,0",CollectTradingCard/card_3013017,CollectTradingCard/ui_card_di_1,CardBottom/card_bottom_01,2,1,,CardRole/3013017_card,0.81,,45,,LightLEffect/card_shiningeffect_01,LightLEffect/card_surfaceeffect_03,CardBack/card_back_ssr,0.5,0.8,0.4,0.85,0.95,,
17130091,奈奈芙,1,,71,4,"0,100;2,0;3,0;4,0;5,0","1,999",T01,1,"0.232,-0.62,0","-0.303,0.721,0",CollectTradingCard/card_3013009,CollectTradingCard/ui_card_di,CardBottom/card_bottom_01,2,1,,CardRole/3013009_card,1,,45,,LightLEffect/card_shiningeffect_01,LightLEffect/card_surfaceeffect_03,CardBack/card_back_ssr,0.5,0.8,0.4,0.85,0.95,,
17130011,格蕾,1,,71,4,"0,100;2,100;3,100;4,100;5,100;8,100;9,100;10,100","1,999",T01,1,"0.232,-0.62,0","-0.303,0.721,0",CollectTradingCard/card_3013001,CollectTradingCard/ui_card_di_1,CardBottom/card_3dbackground_green,2,1,,CardRole/3013001_card,1,,28,,LightLEffect/card_shiningeffect_01,LightLEffect/card_surfaceeffect_03,CardBack/card_back_ssr,0.5,0.8,0.4,0.85,0.95,,
17130081,梅露特,1,,71,4,"0,100;2,100;3,100;4,100;5,100;8,100;9,100;10,100","1,999",T01,1,"0.232,-0.62,0","-0.303,0.721,0",CollectTradingCard/card_3013008,CollectTradingCard/ui_card_di,CardBottom/card_bottom_01,2,1,,CardRole/3013008_card,0.8,,45,,LightLEffect/card_shiningeffect_01,LightLEffect/card_surfaceeffect_03,CardBack/card_back_ssr,0.5,0.8,0.4,0.85,0.95,,
17140031,焰心,1,,71,4,"0,300;2,0;3,0;4,0;5,0","1,999",T01,1,"0.232,-0.62,0","-0.303,0.721,0",CollectTradingCard/card_3014003,CollectTradingCard/ui_card_di,CardBottom/card_bottom_01,2,1,,CardRole/3014003_card,0.9,"0,0.066,0",32,,LightLEffect/card_shiningeffect_01,LightLEffect/card_surfaceeffect_03,CardBack/card_back_ssr,0.5,0.8,0.4,0.85,0.95,,
171001,黑化桃,1,,71,4,"0,100;2,0;3,0;4,0;5,0","1,999",T01,1,"0.232,-0.62,0","-0.303,0.721,0",CollectTradingCard/card_heihuatao_zh_01,CollectTradingCard/ui_card_di_heihuatao,CardBottom/card_3dbackground_red,2,1,,CardStory/heihuatao_card,1,,30,,LightLEffect/card_shiningeffect_01,LightLEffect/card_surfaceeffect_03,CardBack/card_back_ssr,0.5,0.8,0.4,0.85,0.95,,
1712001,勋章5080114,1,,71,4,"0,100;2,100;3,100;4,100;5,100;8,100;9,100;10,100","1,999",T01,1,"0.232,-0.62,0","-0.303,0.721,0",CollectTradingCard/card_xz_5080114,CollectTradingCard/ui_card_di_1,CardBottom/card_3dbackground_green,2,1,,Cardicon/5080114_card,1.9,,30,,LightLEffect/card_shiningeffect_01,LightLEffect/card_surfaceeffect_03,CardBack/card_back_ssr,0.5,0.8,0.4,0.85,0.95,,
1712002,勋章5080094,1,,71,4,"0,100;2,100;3,100;4,100;5,100;8,100;9,100;10,100","1,999",T01,1,"0.232,-0.62,0","-0.303,0.721,0",CollectTradingCard/card_xz_5080094,CollectTradingCard/ui_card_di_1,CardBottom/card_3dbackground_red,2,1,,Cardicon/5080094_card,1.9,,35,,LightLEffect/card_shiningeffect_01,LightLEffect/card_surfaceeffect_03,CardBack/card_back_ssr,0.5,0.8,0.4,0.85,0.95,,
1712003,勋章5080095,1,,71,4,"0,100;2,0;3,0;4,0;5,0","1,999",T01,1,"0.232,-0.62,0","-0.303,0.721,0",CollectTradingCard/card_xz_5080095,CollectTradingCard/ui_card_di_1,CardBottom/card_3dbackground_orange,2,1,,Cardicon/5080095_card,1.9,,30,,LightLEffect/card_shiningeffect_01,LightLEffect/card_surfaceeffect_03,CardBack/card_back_ssr,0.5,0.8,0.4,0.85,0.95,,
99997,美术调试效果专用（立绘）,1,,71,4,"0,100;2,0;3,0;4,0;5,0",999,T01,1,"0.232,-0.62,0","-0.303,0.721,0",CollectTradingCard/card_99997,CollectTradingCard/ui_card_di_1,CardBottom/card_3dbackground_green,2,1,,CardRole/99999_card,1,,20,,LightLEffect/card_shiningeffect_01,LightLEffect/card_surfaceeffect_03,CardBack/card_back_ssr,0.5,0.8,0.4,0.85,0.95,,
99998,美术调试效果专用（站绘）,1,,71,4,"0,100;2,0;3,0;4,0;5,0",999,T01,1,"0.232,-0.62,0","-0.303,0.721,0",CollectTradingCard/card_99998,CollectTradingCard/ui_card_di_1,CardBottom/card_3dbackground_pink,2,1,,CardStory/99999_card,1,,20,,LightLEffect/card_shiningeffect_01,LightLEffect/card_surfaceeffect_03,CardBack/card_back_ssr,0.5,0.8,0.4,0.85,0.95,,
99999,美术调试效果专用（勋章）,1,,71,4,"0,100;2,0;3,0;4,0;5,0",999,T01,1,"0.232,-0.62,0","-0.303,0.721,0",CollectTradingCard/card_99999,CollectTradingCard/ui_card_di_1,CardBottom/card_3dbackground_blue,2,1,,Cardicon/99999_card,1,,20,,LightLEffect/card_shiningeffect_01,LightLEffect/card_surfaceeffect_00,CardBack/card_back_ssr,0.5,0.85,0.5,0.95,0.95,,
