Id,Name,PreOrConditions,PreConditions,Condition,ConditionParams,ExtConditionParams,DataType,RefreshType,RefreshTimeType,MaxValue,Refresh
1,登录天数,0,0,1,0,0,,0,0,99999999,0
2,角色等级,0,0,2,0,0,,0,0,99999999,0
3,玩家等级,0,0,3,0,0,,0,0,99999999,0
4,表示真,0,0,0,0,0,,0,0,99999999,0
100,指定功能类型,0,0,100,0,0,,0,0,99999999,0
101,指定敌人ID,0,0,101,0,0,,0,0,99999999,0
102,指定角色类型,0,0,102,0,0,,0,0,99999999,0
103,指定任务Display字段,0,0,103,0,0,,0,0,99999999,0
104,指定玩家等级,0,0,104,0,0,,0,0,99999999,0
105,指定牌型,0,0,105,0,0,,0,0,99999999,0
106,指定累计登录天数,0,0,106,0,0,,0,0,99999999,0
107,完成指定任务ID,0,0,107,0,0,,0,0,99999999,0
108,指定魔女等级,0,0,108,0,0,,0,0,99999999,0
109,指定星痕突破等级,0,0,109,0,0,,0,0,99999999,0
110,指定星痕觉醒等级,0,0,110,0,0,,0,0,99999999,0
111,指定奇物等级,0,0,111,0,0,,0,0,99999999,0
112,指定技能类型,0,0,112,0,0,,0,0,99999999,0
113,指定道具ID,0,0,113,0,0,,0,0,99999999,0
115,指定关卡,0,0,115,0,0,,0,0,99999999,0
116,指定战斗胜利回合数,0,0,116,0,0,,0,0,99999999,0
117,指定关卡类型,0,0,117,0,0,,0,0,99999999,0
118,指定战斗结果,0,0,118,0,0,,0,0,99999999,0
122,指定专武等级,0,0,122,0,0,,0,0,99999999,0
123,指定关卡章节ID,0,0,123,0,0,,0,0,99999999,0
124,指定星痕ID,0,0,124,0,0,,0,0,99999999,0
125,指定星痕类型,0,0,125,0,0,,0,0,99999999,0
126,指定星痕等级,0,0,126,0,0,,0,0,99999999,0
128,指定魔女ID等级,0,0,128,0,0,,0,0,99999999,0
130,指定等级星痕技能数量,0,0,130,0,0,,0,0,99999999,0
131,指定门票ID,0,0,131,0,0,,0,0,99999999,0
132,指定星痕好感度等级,0,0,132,0,0,,0,0,99999999,0
133,指定星痕心契等级,0,0,133,0,0,,0,0,99999999,0
134,指定星痕品级,0,0,134,0,0,,0,0,99999999,0
135,星痕技能升级次数,0,0,135,0,0,,0,0,99999999,0
136,突破材料是否足够,0,0,136,0,0,,0,0,99999999,0
137,返回魔女装备符文数量,0,0,137,0,0,,0,0,99999999,0
138,指定星痕觉醒道具欠缺数量,0,0,138,0,0,,0,0,99999999,0
139,指定符文品质,0,0,139,0,0,,0,0,99999999,0
140,指定符文等级,0,0,140,0,0,,0,0,99999999,0
141,洗炼到指定品质的词条(锁词条和品质都不算),0,0,141,0,0,,0,0,99999999,0
142,抽卡触发保底,0,0,142,0,0,,0,0,99999999,0
143,抽到当期Up,0,0,143,0,0,,0,0,99999999,0
144,指定星痕技能升级等级,0,0,144,0,0,,0,0,99999999,0
145,指定商品ID,0,0,145,0,0,,0,0,99999999,0
146,星痕技能1,0,0,146,1,0,,0,0,99999999,0
147,星痕技能2,0,0,147,2,0,,0,0,99999999,0
148,星痕技能3,0,0,148,3,0,,0,0,99999999,0
149,指定星痕等级是否达到当前突破的等级上限,0,0,149,0,0,,0,0,9999999,0
150,指定魔女装备饰品数量,0,0,150,0,0,,0,0,9999999,0
151,指定商品shopid,0,0,151,0,0,,0,0,9999999,0
152,指定关卡顺序(这是专门用了幻梦之境建立的条件，用于将同一怪物不同难度的关卡视为一个数据),0,0,152,0,0,,0,0,99999999,
153,152优化版本,0,0,153,0,0,,0,0,99999999,0
901,玩家当前行动次数,0,0,901,0,0,,0,0,0,0
1000,击败敌人数,0,0,1000,0,0,,0,0,99999999,0
1001,战斗中受到的最低攻击次数,0,0,1001,0,0,,0,0,99999,0
1002,战斗累计造成伤害,0,0,1002,0,0,,0,0,99999999,0
1003,单个角色单场战斗造成的伤害,0,0,1003,0,0,,0,0,99999999,0
1004,战斗累计回复生命,0,0,1004,0,0,,0,0,99999999,0
1005,单场战斗回复生命,0,0,1005,0,0,,0,0,99999999,0
1006,战斗累计受到伤害(单场战斗),0,0,1006,0,0,,0,0,99999999,0
1007,单场战斗受到伤害,0,0,1007,0,0,,0,0,99999999,0
1008,完成过的任务总量,0,0,1008,0,0,,0,0,99999999,0
1009,当前主线关卡id,0,0,1009,0,0,,0,0,99999999,0
1010,战斗累计回合数,0,0,1010,0,0,,0,0,99999999,0
1011,单场战斗胜利最少回合数,0,0,1011,0,0,,0,0,99999999,0
1012,已获得魔女数量,0,0,1012,0,0,,0,0,99999999,0
1013,已获得星痕数量,0,0,1013,0,0,,0,0,99999999,0
1015,角色突破次数,0,0,1015,0,0,,0,0,99999999,0
1017,指定赛事（天梯赛）段位,0,0,1017,0,0,,0,0,99999999,0
1019,战斗结算时存活的魔女数量,0,0,1019,0,0,,0,0,9999,0
1022,战斗胜利次数,0,0,1022,0,0,,0,0,99999999,0
1023,战斗失败次数,0,0,1023,0,0,,0,0,99999999,0
1024,战斗次数,0,0,1024,0,0,,0,0,99999999,0
1025,关卡通关次数,0,0,1025,0,0,,0,0,99999999,0
1026,消耗道具,0,0,1026,0,0,,0,0,99999999,0
1027,得到指定数量的道具,0,0,1027,0,0,,0,0,99999999,0
1028,活动是否开启,0,0,1028,0,0,,0,0,99999999,0
1029,最大通关关卡id,0,0,1029,0,0,,0,0,99999999,0
1030,指定条件ID的总和,0,1,1030,0,0,,0,0,99999999,0
1031,拥有指定数量的道具,0,0,1031,0,0,,0,0,99999999,0
1033,完成引导,0,0,1033,0,0,,0,0,99999999,0
1034,每日任务进度（千年用）,0,0,1034,0,0,,0,0,99999999,0
1035,每周任务进度（千年用）,0,0,1035,0,0,,0,0,99999999,0
1036,完成任务组（仅关卡星级任务使用）,0,0,1036,0,0,,0,0,99999999,0
1037,完成任务组任务次数（仅关卡星级任务使用）,0,0,1037,0,0,,0,0,99999999,0
1038,获取当前周几,0,0,1038,0,0,,0,0,99999999,0
1039,指定章节ID,0,0,1039,0,0,,0,0,99999999,0
1040,指定任务ID是否完成,0,0,1040,0,0,,0,0,99999999,0
1041,填写剧情ID,0,0,1041,0,0,,0,0,99999999,0
1042,克罗罗大冒险距离,0,0,1042,0,0,,0,0,99999999,0
1043,任务组完成并已领取（仅关卡星级任务使用）,0,0,1043,0,0,,0,0,99999999,0
1044,任务组完成任务次数并且已领取（仅关卡星级任务使用）,0,0,1044,0,0,,0,0,99999999,0
1045,关卡关联任务完成情况,0,0,1045,0,0,,0,0,99999999,0
1047,指定技能数量和,0,0,1047,0,0,,0,0,99999999,0
1048,填写星痕记忆剧情ID,0,0,1048,0,0,,0,0,99999999,0
1049,功能解锁弹窗是否弹出过,0,0,1049,0,0,,0,0,99999999,0
1050,距首次充值时间,0,0,1050,0,0,,0,0,99999999,0
1051,返回参与指定活动开启的天数,0,0,1051,0,0,,0,0,99999999,0
1052,返回首充天数,0,0,1052,1050,0,,0,0,99999999,0
1053,返回卡池是否开启,0,0,1053,0,0,,0,0,9999999,0
1054,返回卡池Id出的ssr次数,0,0,1054,0,0,,0,0,9999999,0
1055,返回魔女升级次数,0,0,1055,0,0,,0,0,9999999,0
1056,返回星痕升级次数,0,0,1056,0,0,,0,0,9999999,0
1057,返回在商店购买10类型道具的次数,0,0,1057,0,0,,0,0,9999999,0
1058,返回魔女装备饰品的次数,0,0,1058,0,0,,0,0,9999999,0
1059,返回购买门票次数,0,0,1059,0,0,,0,0,9999999,0
1061,是否加入公会,0,0,1061,0,0,,0,0,9999999,0
1062,金币捐献次数（每日）,0,0,1062,0,0,,1,0,9999999,0
1063,钻石捐献次数（每日）,0,0,1063,0,0,,1,0,9999999,0
1064,公会点赞次数（每日）,0,0,1064,0,0,,1,0,9999999,0
1065,指定活动累计登录天数,0,0,1065,0,0,,0,0,99999999,0
1066,返回卡池组id抽卡的次数,0,0,1066,0,0,,0,0,9999999,0
1067,指定任务完成数量,0,0,1067,0,0,,0,0,9999999,0
1068,指定任务全部完成并领取,0,0,1068,0,0,,0,0,9999999,0
1069,指定任务的奖励领取数量,0,0,1069,0,0,,0,0,9999999,0
1071,魔女穿戴饰品最大数量,0,0,1071,0,0,,0,0,9999999,0
1072,单日消耗最高金币数量,0,0,1072,0,0,,0,0,99999999,0
1073,档案类型中的内容解锁数量,0,0,1073,0,0,,0,0,99999999,0
1077,指定关卡完成次数(暂未使用),0,0,1077,0,0,,0,0,99999999,0
1078,获取玩家创号时间,0,0,1078,0,0,,0,0,99999999,0
1079,返回指定星痕好感度等级,0,0,1079,0,0,,0,0,99999999,0
1080,指定星痕抽卡次数,0,0,1080,0,0,,0,0,99999999,0
1081,指定充值数量,0,0,1081,0,0,,0,0,99999999,0
1083,是否有可装备的符文,0,0,1083,0,0,,0,0,99999999,0
1085,星痕升级,0,0,1085,0,0,,0,0,99999999,0
1086,指定弹窗礼包组是否冷却,0,0,1086,0,0,,0,0,99999999,0
1087,获得星痕觉醒道具类型,0,0,1087,0,0,,0,0,99999999,0
1089,装备符文,0,0,1089,0,0,,0,0,99999999,0
1090,符文升级,0,0,1090,0,0,,0,0,99999999,0
1093,符文洗练(洗练一阶段触发),0,0,1093,0,0,,0,0,99999999,0
1094,指定符文洗练次数,0,0,1094,0,0,,0,0,99999999,0
1099,星痕技能升级,0,0,1099,0,0,,0,0,99999999,0
1301,指定弹窗礼包组是否全部触发,0,0,1301,0,0,,0,0,99999999,0
1302,参与公会赛马押注次数,0,0,1302,0,0,,0,0,99999999,0
1303,领取指定等级的阅历奖励,0,0,1303,0,0,,0,0,99999999,0
1305,返回购买商品天数,0,0,1305,0,0,,0,0,99999999,0
1306,指定条件是否全部满足,0,0,1306,0,0,,0,0,99999999,0
1307,返回公会等级,0,0,1307,0,0,,0,0,99999999,0
1308,返回指定id的星痕的觉醒等级,0,0,1308,0,0,,0,0,99999999,0
1309,返回职阶天赋总点数,0,0,1309,0,0,,0,0,99999999,0
1310,战斗后总伤害（直接伤害+韧性伤害）,0,0,1310,0,0,,0,0,99999999,0
1311,版本活动挑战模式积分（关卡总伤害/10）,0,0,1311,0,0,,0,0,99999999,0
1312,本日深渊之域（总伤害）,0,0,1312,0,0,,0,0,99999999,0
1313,指定CR用户类型,0,0,1313,0,0,,0,0,1000000,0
1314,返回充值积分数量,0,0,1314,0,0,,0,0,1000000,0
1315,返回连续充值天数,0,0,1315,0,0,,0,0,1000000,0
1316,返回玩家创建账号天数,0,0,1316,0,0,,0,0,1000000,0
1317,返回登录天数（会员）,0,0,1317,0,0,,0,0,1000000,0
1318,遍历魔女装备的符文,0,0,1318,0,0,,0,0,1000000,0
1319,遍历符文仓库,0,0,1319,0,0,,0,0,1000000,0
1320,连续充值完成计数,0,0,1320,0,0,,0,0,1000000,0
1321,观看广告计数,0,0,1321,0,0,,0,0,1000000,0
1322,积分条件（如魔物列阵积分）,0,0,1322,0,0,,0,0,1000000,0
1323,返回符文升级次数,0,0,1323,0,0,,0,0,1000000,0
1325,击败公会首领第x只,0,0,1325,0,0,,4,0,100000,0
1326,肉鸽爬塔总层数,0,0,1326,0,0,,0,0,100000,0
1327,返回扭蛋池积分数,0,0,1327,0,0,,0,0,100000,0
1328,返回扭蛋次数,0,0,1328,0,0,,0,0,100000,0
1329,抽卡抽到五星星痕计数,0,0,1329,0,0,,0,0,1000000,0
1330,抽取专武卡池次数,0,0,1330,0,0,,0,0,1000000,0
1331,指定阶级的职阶天赋投入点数,0,0,1331,0,0,,0,0,99999999,0
1332,返回指定魔女好感度等级,0,0,1332,0,0,,0,0,9999,0
2001,需要开启活动【星海纪闻1期】,0,0,1028,100101,0,,0,0,99999999,0
2901,需要开启【CR通行证】,0,0,1028,110002,0,,0,0,99999999,0
2999,需要开启活动【成长基金】,0,0,1028,999999,0,,0,0,99999999,0
3000,最大【主线】关卡进度,0,0,1009,0,0,,0,0,10000000,0
3002,给抽卡引导发送奖励,0,0,1033,100702,0,,0,0,10000,0
3003,拥有的档案阅历达到X,0,0,1031,1000012,0,,0,0,999999,0
10001,击败x个任意敌人,"102,2,2;102,5,6",0,1000,0,0,,0,0,99999999,0
10002,累计击杀暴食的次数,0,"101,3020001,3020001",1000,0,0,,0,0,1000000,0
10003,累计击杀色欲的次数,0,"101,3020002,3020002",1000,0,0,,0,0,1000000,0
10004,累计击杀愤怒的次数,0,"101,3020003,3020003",1000,0,0,,0,0,1000000,0
10005,累计击杀狄妮莎的次数,0,"101,3020010,3020010",1000,0,0,,0,0,1000000,0
10006,累计击杀西蒙的次数,0,"101,3030001,3030001",1000,0,0,,0,0,1000000,0
10007,累计击杀莉莉布朗尼的次数,0,"101,3030002,3030002",1000,0,0,,0,0,1000000,0
10008,累计击杀咎瓦尤斯的次数,0,"101,3030003,3030003",1000,0,0,,0,0,1000000,0
10009,累计击杀年兽的次数,0,"101,3030005,3030005",1000,0,0,,0,0,1000000,0
10010,累计击杀恶神-桃的次数,0,"101,3060001,3060001",1000,0,0,,0,0,1000000,0
10011,累计击杀咒行鵺的次数,0,"101,3040001,3040001",1000,0,0,,0,0,1000000,0
10012,累计击杀夺心魔的次数,0,"101,3040002,3040002",1000,0,0,,0,0,1000000,0
10013,累计击杀深渊刺的次数,0,"101,3040003,3040003",1000,0,0,,0,0,1000000,0
10014,累计击杀炽炎翼的次数,0,"101,3040004,3040004",1000,0,0,,0,0,1000000,0
10015,累计击杀宁芙妖的次数,0,"101,3040005,3040005",1000,0,0,,0,0,1000000,0
10016,累计击杀噬命刃的次数,0,"101,3040006,3040006",1000,0,0,,0,0,1000000,0
10017,累计击杀影巫女的次数,0,"101,3040007,3040007",1000,0,0,,0,0,1000000,0
10018,累计击杀妄兽的次数,0,"101,3040016,3040016",1000,0,0,,0,0,1000000,0
10019,累计击杀祸兽的次数,0,"101,30400161,30400161",1000,0,0,,0,0,1000000,0
10020,累计击杀婴狐的次数,0,"101,3040017,3040017",1000,0,0,,0,0,1000000,0
10021,累计击杀狐魑的次数,0,"101,30400171,30400171",1000,0,0,,0,0,1000000,0
10022,累计击杀蝇斥候的次数,0,"101,3050001,3050001",1000,0,0,,0,0,1000000,0
10023,累计击杀播疫妖蝇的次数,0,"101,30500011,30500011",1000,0,0,,0,0,1000000,0
10024,累计击杀凋败妖蝇的次数,0,"101,30500012,30500012",1000,0,0,,0,0,1000000,0
10025,累计击杀铁骑士的次数,0,"101,3050002,3050002",1000,0,0,,0,0,1000000,0
10026,累计击杀白银骑士的次数,0,"101,30500021,30500021",1000,0,0,,0,0,1000000,0
10027,累计击杀黄金骑士的次数,0,"101,30500022,30500022",1000,0,0,,0,0,1000000,0
10028,累计击杀刃行者的次数,0,"101,3050003,3050003",1000,0,0,,0,0,1000000,0
10029,累计击杀刃行怪的次数,0,"101,30500031,30500031",1000,0,0,,0,0,1000000,0
10030,累计击杀刃行魔的次数,0,"101,30500032,30500032",1000,0,0,,0,0,1000000,0
10031,累计击杀梦游羊·苏生的次数,0,"101,3050004,3050004",1000,0,0,,0,0,1000000,0
10032,累计击杀梦游羊·幻魇的次数,0,"101,30500041,30500041",1000,0,0,,0,0,1000000,0
10033,累计击杀梦游羊·白夜的次数,0,"101,30500042,30500042",1000,0,0,,0,0,1000000,0
10034,累计击杀梦游羊·惊爆的次数,0,"101,30500043,30500043",1000,0,0,,0,0,1000000,0
10035,累计击杀炎射手的次数,0,"101,3050005,3050005",1000,0,0,,0,0,1000000,0
10036,累计击杀深红射手的次数,0,"101,30500051,30500051",1000,0,0,,0,0,1000000,0
10037,累计击杀灰烬射手的次数,0,"101,30500052,30500052",1000,0,0,,0,0,1000000,0
10038,累计击杀潜伏怪的次数,0,"101,3050006,3050006",1000,0,0,,0,0,1000000,0
10039,累计击杀掠夺怪的次数,0,"101,30500061,30500061",1000,0,0,,0,0,1000000,0
10040,累计击杀吞噬怪的次数,0,"101,30500062,30500062",1000,0,0,,0,0,1000000,0
10041,累计击杀食人花的次数,0,"101,3050007,3050007",1000,0,0,,0,0,1000000,0
10042,累计击杀巨食花的次数,0,"101,30500071,30500071",1000,0,0,,0,0,1000000,0
10043,累计击杀恶诞花妖的次数,0,"101,30500072,30500072",1000,0,0,,0,0,1000000,0
10044,累计击杀厨怪的次数,0,"101,3050011,3050011",1000,0,0,,0,0,1000000,0
10045,累计击杀厨妖的次数,0,"101,30500111,30500111",1000,0,0,,0,0,1000000,0
10046,累计击杀厨鬼的次数,0,"101,30500112,30500112",1000,0,0,,0,0,1000000,0
10047,累计击杀黑面纱之魅的次数,0,"101,3050012,3050012",1000,0,0,,0,0,1000000,0
10048,累计击杀黑面纱之魇的次数,0,"101,30500121,30500121",1000,0,0,,0,0,1000000,0
10049,累计击杀黑面纱之怨的次数,0,"101,30500122,30500122",1000,0,0,,0,0,1000000,0
10050,累计击杀怒魔人的次数,0,"101,3050013,3050013",1000,0,0,,0,0,1000000,0
10051,累计击杀噬怒魔的次数,0,"101,30500131,30500131",1000,0,0,,0,0,1000000,0
10052,累计击杀憎恶异魔的次数,0,"101,30500132,30500132",1000,0,0,,0,0,1000000,0
10053,累计击杀糖豆妖精的次数,0,"101,3050014,3050014",1000,0,0,,0,0,1000000,0
10054,累计击杀诡戏妖精的次数,0,"101,30500141,30500141",1000,0,0,,0,0,1000000,0
10055,累计击杀怪邪妖精的次数,0,"101,30500142,30500142",1000,0,0,,0,0,1000000,0
10056,累计击杀蕈人的次数,0,"101,3050015,3050015",1000,0,0,,0,0,1000000,0
10057,累计击杀厚垣蕈人的次数,0,"101,30500151,30500151",1000,0,0,,0,0,1000000,0
10058,累计击杀蕈人酋长的次数,0,"101,30500152,30500152",1000,0,0,,0,0,1000000,0
10059,累计击杀公主骑士偶的次数,0,"101,3050016,3050016",1000,0,0,,0,0,1000000,0
10060,累计击杀皇家骑士偶的次数,0,"101,30500161,30500161",1000,0,0,,0,0,1000000,0
10061,累计击杀猩红骑士偶的次数,0,"101,30500162,30500162",1000,0,0,,0,0,1000000,0
10062,累计击杀烛贤者的次数,0,"101,3050017,3050017",1000,0,0,,0,0,1000000,0
10063,累计击杀炽贤者的次数,0,"101,30500171,30500171",1000,0,0,,0,0,1000000,0
10064,累计击杀烬贤者的次数,0,"101,30500172,30500172",1000,0,0,,0,0,1000000,0
10065,累计击杀鬼修罗的次数,0,"101,3050023,3050023",1000,0,0,,0,0,1000000,0
10066,累计击杀火兵士的次数,0,"101,3050026,3050026",1000,0,0,,0,0,1000000,0
10067,累计击杀暗教士的次数,0,"101,3050027,3050027",1000,0,0,,0,0,1000000,0
10068,累计击杀竹傀儡的次数,0,"101,3050036,3050036",1000,0,0,,0,0,1000000,0
10069,累计击杀竹筒王的次数,0,"101,30500361,30500361",1000,0,0,,0,0,1000000,0
10070,累计击杀器傀的次数,0,"101,3050037,3050037",1000,0,0,,0,0,1000000,0
10071,累计击杀瓷傀的次数,0,"101,30500371,30500371",1000,0,0,,0,0,1000000,0
10072,累计击杀鼎生的次数,0,"101,3050046,3050046",1000,0,0,,0,0,1000000,0
10073,累计击杀赤面的次数,0,"101,30500461,30500461",1000,0,0,,0,0,1000000,0
10074,累计击杀命鼠的次数,0,"101,3050047,3050047",1000,0,0,,0,0,1000000,0
10075,累计击杀丹鼠的次数,0,"101,30500471,30500471",1000,0,0,,0,0,1000000,0
10076,累计击杀云峦狐的次数,0,"101,3050048,3050048",1000,0,0,,0,0,1000000,0
10077,累计击杀云霞狐的次数,0,"101,30500481,30500481",1000,0,0,,0,0,1000000,0
10078,累计击杀云峦狐的次数,0,"101,30500482,30500482",1000,0,0,,0,0,1000000,0
10079,累计击杀艾卡希猎兵的次数,0,"101,3050049,3050049",1000,0,0,,0,0,1000000,0
10080,累计击杀艾卡希佣仆的次数,0,"101,30500491,30500491",1000,0,0,,0,0,1000000,0
10300,解锁星痕记忆牧 - 直行道,0,0,1048,11001,0,,0,0,100000,0
10301,解锁星痕记忆丹妮 - 行于千年,0,0,1048,11002,0,,0,0,100000,0
10302,解锁星痕记忆芙洛拉 - 言与酒,0,0,1048,11003,0,,0,0,100000,0
10303,解锁星痕记忆吉拉蒂亚 - 视以同观,0,0,1048,11004,0,,0,0,100000,0
10304,解锁星痕记忆萨拉-问答,0,0,1048,11005,0,,0,0,100000,0
10305,解锁星痕记忆希夕莉-隔世如常,0,0,1048,11006,0,,0,0,100000,0
10306,解锁星痕记忆安普莎-问爱为何,0,0,1048,11007,0,,0,0,100000,0
10307,解锁星痕记忆克尔苏娜-相伴相随,0,0,1048,11008,0,,0,0,100000,0
10308,解锁星痕记忆雷雷-生日蛋糕,0,0,1048,11009,0,,0,0,100000,0
10309,解锁星痕记忆丘吉尔-谁在造谣,0,0,1048,11010,0,,0,0,100000,0
10310,解锁星痕记忆水仙-英雄传说,0,0,1048,11011,0,,0,0,100000,0
10311,解锁星痕记忆耶坦尼娅-蔷薇的秘密,0,0,1048,11012,0,,0,0,100000,0
10312,解锁星痕记忆伊卡洛斯-起浪,0,0,1048,11013,0,,0,0,100000,0
10313,解锁星痕记忆艾什尔-佣兵,0,0,1048,11014,0,,0,0,100000,0
10314,解锁星痕记忆阿涅克丝-雷鸣妖兽,0,0,1048,11015,0,,0,0,100000,0
10315,解锁星痕记忆卡萝琳-夜巡,0,0,1048,11016,0,,0,0,100000,0
10316,解锁星痕记忆库萝爱-那个棒球,0,0,1048,11017,0,,0,0,100000,0
10317,解锁星痕记忆库萝心-偶像,0,0,1048,11018,0,,0,0,100000,0
10318,解锁星痕记忆罗莎莉-无名谣,0,0,1048,11019,0,,0,0,100000,0
10319,解锁星痕记忆纳菲-天魔驾到,0,0,1048,11020,0,,0,0,100000,0
10320,解锁星痕记忆普林普顿-昔日风引,0,0,1048,11021,0,,0,0,100000,0
10321,解锁星痕记忆小闪-晨曦之下,0,0,1048,11022,0,,0,0,100000,0
10322,解锁星痕记忆神光-远天灯盏,0,0,1048,11023,0,,0,0,100000,0
10323,解锁星痕记忆阿波菲斯-巡城,0,0,1048,11024,0,,0,0,100000,0
10324,解锁星痕记忆弥生-小帮手,0,0,1048,11025,0,,0,0,100000,0
10325,解锁星痕记忆哀歌-雨物语,0,0,1048,11026,0,,0,0,100000,0
10326,解锁星痕记忆贝拉-私人收藏,0,0,1048,11027,0,,0,0,100000,0
10327,解锁星痕记忆炽爱-迷失之愿,0,0,1048,11028,0,,0,0,100000,0
10328,解锁星痕记忆昔莱-十指连心,0,0,1048,11029,0,,0,0,100000,0
10329,解锁星痕记忆桃-未尽之梦,0,0,1048,11030,0,,0,0,100000,0
10330,解锁星痕记忆塞蕾丝蒂娜-猫纸灯,0,0,1048,11031,0,,0,0,100000,0
10331,解锁星痕记忆瑞比娅-破晓之前,0,0,1048,11032,0,,0,0,100000,0
10332,解锁星痕记忆贝卡丝-启封的礼物,0,0,1048,11033,0,,0,0,100000,0
10333,解锁星痕记忆奈奥米-寻宝游戏,0,0,1048,11034,0,,0,0,100000,0
10334,解锁星痕记忆异邦波斯菊-心有千千结,0,0,1048,11035,0,,0,0,100000,0
10335,解锁星痕记忆波斯菊-新叶,0,0,1048,11036,0,,0,0,100000,0
10336,解锁星痕记忆露易丝-如愿所愿,0,0,1048,11037,0,,0,0,100000,0
10337,解锁星痕记忆艾琳娜-答案,0,0,1048,11038,0,,0,0,100000,0
10338,解锁星痕记忆极焰-不寐明星,0,0,1048,11039,0,,0,0,100000,0
10339,解锁星痕记忆艾斯塔利亚-梦非梦,0,0,1048,11040,0,,0,0,100000,0
10340,解锁星痕记忆佩内洛普-不可靠的史官,0,0,1048,11041,0,,0,0,100000,0
10341,解锁星痕记忆雪泉-回忆之味,0,0,1048,11042,0,,0,0,100000,0
10342,解锁星痕记忆雪不归-人间观察,0,0,1048,11043,0,,0,0,100000,0
10343,解锁星痕记忆丘吉尔-爱神的特别访谈,0,0,1048,11044,0,,0,0,100000,0
10344,解锁星痕记忆格蕾-女武神骑行,0,0,1048,11045,0,,0,0,100000,0
10345,解锁星痕记忆塔嘉娜-悄悄话,0,0,1048,11046,0,,0,0,100000,0
11000,登录x天游戏（每日）,0,0,106,0,0,,1,0,100000,0
11001,任意战斗胜利X次（每日）,0,"100,1,5",1022,0,0,,1,0,99999999,0
11002,消耗x金币（每日）,0,"113,1000003,1000003",1026,0,0,,1,0,99999999,0
11003,提升任意星痕x次（每日）,0,"113,1006505,1006508",1026,0,0,,1,0,1000000,0
11004,击败x个任意敌人（每日）,"102,2,2;102,5,6",0,1000,0,0,,1,0,1000000,0
11005,消耗x星魂力（每日）,0,"113,1000004,1000004",1026,0,0,,1,0,1000000,0
11006,通关宝库之门X次（每日）,0,"117,3,3",1022,0,0,,1,0,100000,0
11007,通关主线关卡X次（每日）,0,"117,1,1",1022,0,0,,1,0,100000,0
11008,使用骰子或遥控骰子（每日）,"113,1001011,1001011;113,1001012,1001012;113,1001014,1001014",0,1026,0,0,,1,0,99999999,0
11009,提升X次魔女等级(每日),0,0,1055,0,0,,1,0,1000000,0
11010,提升X次星痕等级(每日),0,0,1056,0,0,,1,0,1000000,0
11011,在商店购买10类型道具的次数（每日）,0,0,1057,0,0,,1,0,1000000,0
11012,完成X次公会boss（每日）,0,0,1324,0,0,,1,0,100000,0
11013,参与一次公会赛马押注（每日）,0,0,1302,0,0,,1,0,100000,0
11014,进行一次召唤（每日）,0,0,1080,0,0,,1,0,100000,0
11015,完成X次深渊之域（每日）,0,"117,8,8",1022,0,0,,1,0,100000,0
11200,战斗力达到x(每日),0,0,1031,1000006,0,,1,0,1000000,0
11385,提升X次符文等级(每日),0,0,1323,0,0,,1,0,1000000,0
11300,使用骰子或遥控骰子（签到任务）,"113,1001011,1001011;113,1001012,1001012;113,1001014,1001014",0,1026,0,0,,0,0,99999999,0
12000,登录x天游戏（每周）,0,0,106,0,0,,2,0,100000,0
12001,消耗x金币（每周）,0,"113,1000003,1000003",1026,0,0,,2,0,99999999,0
12002,任意战斗胜利x次（每周）,0,"100,1,5",1022,0,0,,2,0,1000000,0
12003,累计消耗x星魂力（每周）,0,"113,1000004,1000004",1026,0,0,,2,0,1000000,0
12004,击败x个任意敌人（每周）,"102,2,2;102,5,6",0,1000,0,0,,2,0,99999999,0
12005,通关宝库之门X次（每周）,0,"117,3,3",1022,0,0,,2,0,100000,0
12006,完成X次公会boss（每周）,0,0,1324,0,0,,2,0,100000,0
12007,参与一次公会赛马押注（每周）,0,0,1302,0,0,,2,0,100000,0
12008,进行一次召唤（每周）,0,0,1080,0,0,,2,0,100000,0
12009,通关主线关卡X次（每周）,0,"117,1,1",1022,0,0,,2,0,100000,0
12200,战斗力达到x(每周),0,0,1031,1000007,0,,2,0,99999999,0
13000,克萝萝累计签到天数,0,0,106,0,0,,0,0,99999999,0
13001,克萝萝累计总里程,0,0,1042,0,0,,0,0,99999999,0
13002,玩家到达x级,0,0,104,0,0,,0,0,99999999,0
13100,退款金额是否≥0,0,0,1075,0,0,,0,0,99999999,0
13101,拥有指定数量的付费钻石,0,0,1076,1000001,0,,0,0,99999999,0
15001,任意战斗x次（成就）,0,"100,1,5",1024,0,0,,0,0,99999999,0
15002,主线战斗胜利x次（成就）,0,"117,1,1",1022,0,0,,0,0,99999999,0
15003,主线战斗x次（成就）,0,"117,1,1",1024,0,0,,0,0,99999999,0
15004,战斗累计造成x点伤害（成就）,0,"100,1,5",1002,0,0,,0,0,99999999,0
15005,单次战斗中造成x点伤害（成就）,0,"100,1,5",1003,0,0,,0,0,99999999,0
15006,战斗累计回复x点生命（成就）,0,"100,1,5",1004,0,0,,0,0,99999999,0
15007,单场战斗中回复x点生命（成就）,0,"100,1,5",1005,0,0,,0,0,99999999,0
15008,拥有x名星痕,0,0,1013,"124,3013000,3018000",0,,0,0,99999,0
15010,消耗x金币(成就),0,"113,1000003,1000003",1026,0,0,,0,0,99999999,0
15011,消耗x免费钻石(成就),0,"113,1000002,1000002",1026,0,0,,0,0,99999999,0
15012,累计获得x金币,0,"113,1000003,1000003",1027,0,0,,0,0,99999999,0
15013,消耗x体力,0,"113,1000004,1000004",1026,0,0,,0,0,99999999,0
15016,完成每日任务x次,0,"103,1,1",1008,0,0,,0,0,99999,0
15017,完成每周任务x次,0,"103,2,2",1008,0,0,,0,0,99999,0
15022,神子类型的星痕,0,0,124,"125,5,5",0,,0,0,99999,0
15023,X等级的魔女,0,"101,3000000,3000010",108,0,0,,0,0,99999,0
15024,拥有X个10级的魔女,0,0,1012,"108,10",0,,0,0,99999,0
15025,拥有x名神子类型星痕,0,0,1013,"15022,3013000,4000000",0,,0,0,99999,0
15027,拥有X个10级的星痕,0,0,1013,"126,10",0,,0,0,99999,0
15028,该星痕大于3级技能的数量,0,0,130,3,0,,0,0,99999,0
15029,拥有X个突破等级1的星痕,0,0,1013,"109,1",0,,0,0,99999,0
15030,赠送5次好感度礼物,0,"113,1006601,1006609",1026,0,0,,0,0,99999,0
15031,有X个技能升到3级,0,0,1047,15028,0,,0,0,99999,0
15034,关卡1-3次数,0,"115,10103,10103",1025,0,0,,0,0,99999,0
15035,获得魔女克萝萝,0,0,1031,3000002,0,,0,0,99999,0
15036,获得魔女黑神月咏,0,0,1031,3000003,0,,0,0,99999,0
15037,获得魔女安洁,0,0,1031,3000004,0,,0,0,99999,0
15038,获得魔女米娅,0,0,1031,3000005,0,,0,0,99999,0
15039,获得魔女玛莎,0,0,1031,3000006,0,,0,0,99999,0
15040,拥有X个80级的魔女,0,0,1012,"15023,80",0,,0,0,99999,0
15041,获取诺姆,0,"113,1017001,1017001",1027,0,0,,0,0,9999,0
15042,获取希尔芙,0,"113,1017002,1017002",1027,0,0,,0,0,9999,0
15043,单日消耗最高金币数量,0,0,1072,0,0,,0,0,99999999,0
15044,X个觉醒等级5的5星星痕,0,0,1013,0,"110,5;134,5",,0,0,9999,0
15045,每日任务全部完成次数,0,"107,155,155",1008,0,0,,0,0,9999,0
15046,收集X首音乐,0,0,1073,14,0,,0,0,9999,0
15047,读取X个星痕记忆,0,0,1073,11,0,,0,0,9999,0
15048,第一次将每周任务与每日任务全部完成,0,"15050,100",1067,255,0,,0,0,9999,0
15049,X个星痕好感度达到满级,0,0,1013,"132,10",0,,0,0,9999,0
15050,每日任务战斗力,0,0,1031,1000006,0,,1,0,1000000,0
15051,每周任务战斗力,0,0,1031,1000007,0,,2,0,1000000,0
15052,主线任务攻击次数(第一章),0,0,1069,"101098,101108,101128,101138,101148,101158,101168,101178,101188,101208",0,,0,0,1000000,0
15053,主线任务攻击次数(第二章),0,0,1069,"102018,102028,102138,102148,102168,102178,102188,102208,102228,10200",0,,0,0,1000000,0
15054,主线任务攻击次数(第三章),0,0,1069,"103108,103118,103128,103138,103148,103158,103168,103178,103188,103208",0,,0,0,1000000,0
15055,主线任务攻击次数(第四章),0,0,1069,"104038,104078,104128,104138,104148,104168,104178,104188,104198,104208",0,,0,0,1000000,0
15056,主线任务攻击次数(第五章),0,0,1069,"105068,105078,105108,105138,105168,105198,105218,105228,105238,105258",0,,0,0,1000000,0
15057,主线任务攻击次数(第六章),0,0,1069,"106058,106088,106108,106138,106158,106168,106178,106188,106198,106208",0,,0,0,1000000,0
15058,主线任务攻击次数(第七章),0,0,1069,"107178,107188,107198,107208,107218,107228,107238,107248,107258,107268",0,,0,0,1000000,0
15059,主线任务攻击次数(第八章),0,0,1069,"108168,108178,108208,108228,108258,108278,108308,108318,108328,108338",0,,0,0,1000000,0
15060,主线任务攻击次数(第九章),0,0,1069,"109208,109258,109268,109278,109288,109298,109308,109318,109328,109338",0,,0,0,1000000,0
15061,主线任务攻击次数(第十章),0,0,1069,"110258,110268,110278,110288,110298,110308,110318,110328,110348,110358",0,,0,0,1000000,0
15062,获得魔女律,0,0,1031,3000001,0,,0,0,99999,0
15063,主线任务攻击次数任务完成情况,0,0,1031,1000009,0,,0,0,1000000,0
15064,任务功能解锁弹窗,0,0,1049,9,0,,0,0,1000000,0
15065,召唤功能解锁弹窗,0,0,1049,10,0,,0,0,1000000,0
15066,勋章功能解锁弹窗,0,0,1049,12,0,,0,0,1000000,0
15067,星痕功能解锁弹窗,0,0,1049,103,0,,0,0,1000000,0
15068,魔女功能解锁弹窗,0,0,1049,112,0,,0,0,1000000,0
15069,符文之地解锁弹窗,0,0,1049,114,0,,0,0,1000000,0
15070,宝库之门解锁弹窗,0,0,1049,203,0,,0,0,1000000,0
15071,回忆深潜解锁弹窗,0,0,1049,207,0,,0,0,1000000,0
15072,星痕记忆解锁弹窗,0,0,1049,504,0,,0,0,1000000,0
15073,魔物列阵解锁弹窗,0,0,1049,210,0,,0,0,1000000,0
15076,301卡池出的ssr次数小于1,0,0,1054,301,0,,0,0,1000000,0
15077,完成第1章主线任务,0,0,1068,10109,0,,0,0,1000000,0
15078,完成第2章主线任务,0,0,1068,10209,0,,0,0,1000000,0
15079,完成第3章主线任务,0,0,1068,10309,0,,0,0,1000000,0
15080,完成第4章主线任务,0,0,1068,10409,0,,0,0,1000000,0
15081,完成第5章主线任务,0,0,1068,10509,0,,0,0,1000000,0
15082,完成第6章主线任务,0,0,1068,10609,0,,0,0,1000000,0
15083,完成第7章主线任务,0,0,1068,10709,0,,0,0,1000000,0
15084,完成第8章主线任务,0,0,1068,10809,0,,0,0,1000000,0
15085,完成第9章主线任务,0,0,1068,10909,0,,0,0,1000000,0
15086,完成第10章主线任务,0,0,1068,11009,0,,0,0,1000000,0
15087,X个星痕开启心契,0,0,1013,"133,1",0,,0,0,9999,0
15088,X个星痕开启心契等级15,0,0,1013,"133,15",0,,0,0,9999,0
16000,指定律等级达到x,0,0,128,3000001,0,,0,0,1000000,0
16001,指定克萝萝等级达到x,0,0,128,3000002,0,,0,0,1000000,0
16002,指定黑神月咏等级达到x,0,0,128,3000003,0,,0,0,1000000,0
16003,指定安洁等级达到x,0,0,128,3000004,0,,0,0,1000000,0
16004,指定米娅等级达到x,0,0,128,3000005,0,,0,0,1000000,0
16005,指定玛莎等级达到x,0,0,128,3000006,0,,0,0,1000000,0
16101,卡池组201抽卡次数<x时开启，大于后关闭,0,0,1066,201,0,,0,0,99999,0
16102,卡池组202抽卡次数<x时开启，大于后关闭,0,0,1066,202,0,,0,0,99999,0
20001,新人登录活动是否开启,0,0,1028,100103,0,,0,0,1000000,0
20002,新人登录活动累计登录天数,0,"20001,1",1065,0,0,,4,0,1000000,0
20003,领取X次玩家等级奖励,0,0,1069,"1013,1014,1015,1016,1017,1018,1019,1020,1021,1022,1023,1024,1025",0,,0,0,1000000,0
20004,完成并领取教学引导一阶段所有任务,0,0,1068,"1026,1027,1028,1029,1030",0,,0,0,1000000,0
20005,完成并领取教学引导二阶段所有任务,0,0,1068,"1032,1033,1034,1035,1036",0,,0,0,1000000,0
20006,完成并领取教学引导三阶段所有任务,0,0,1068,"1038,1039,1040,1041,1042",0,,0,0,1000000,0
20007,进行X次抽卡,0,0,1080,0,0,,0,0,1000000,0
20008,提升X次魔女等级,0,0,1055,0,0,,0,0,1000000,0
20009,提升X次星痕等级,0,0,1056,0,0,,0,0,1000000,0
20010,通关宝库之门X次,0,"117,3,3",1039,0,0,,0,0,1000000,0
20011,获得X个勋章,0,"113,8000,8999",1027,0,0,,0,0,1000000,0
20012,拥有X个突破等级2的星痕,0,0,1013,"109,2",0,,0,0,1000000,0
20013,登录x天游戏,0,0,106,0,0,,0,0,100000,0
20014,完成并领取阶段任务一阶段所有任务,0,0,1069,"1044,1045,1046,1047,1048",0,,0,0,1000000,0
20015,完成并领取阶段任务二阶段所有任务,0,0,1069,"1050,1051,1052,1053,1054",0,,0,0,1000000,0
20016,完成并领取阶段任务三阶段所有任务,0,0,1069,"1056,1057,1058,1059,1060",0,,0,0,1000000,0
20017,完成并领取阶段任务四阶段所有任务,0,0,1069,"1062,1063,1064,1065,1066",0,,0,0,1000000,0
20018,完成并领取阶段任务五阶段所有任务,0,0,1069,"1068,1069,1070,1071,1072",0,,0,0,1000000,0
20019,完成并领取阶段任务六阶段所有任务,0,0,1069,"1074,1075,1076,1077,1078",0,,0,0,1000000,0
20020,完成并领取阶段任务七阶段所有任务,0,0,1069,"1080,1081,1082,1083,1084",0,,0,0,1000000,0
20021,完成并领取阶段任务八阶段所有任务,0,0,1069,"1086,1087,1088,1089,1090",0,,0,0,1000000,0
20022,完成并领取所有教学引导任务,0,0,1068,1043,0,,0,0,1000000,0
20023,100107活动是否开启,0,0,1028,100107,0,,0,0,1000000,0
20024,100107活动累计登录天数,0,"20023,1",1065,0,0,,4,0,1000000,0
20025,累计击杀每日任务BossX次,0,"103,4,4",1008,0,0,,4,0,99999,0
20026,累计完成X个100107活动任务,0,0,1069,"1102,1103,1104,1105,1106,1107,1108,1109,1110,1111,1112,1113,1114,1115,1116,1117,1118,1119,1120,1121,1122,1123,1124,1125,1126,1127,1128,1129,1130,1131,1132,1133,1134,1135,1136,1137,1138,1139,1140,1141,1142,1143,1144,1145,1146,1147,1148,1149,1150,1151",0,,4,0,1000000,0
20027,升级X次星痕技能,0,0,1047,135,0,,0,0,99999,0
20028,拥有X个突破等级3的星痕,0,0,1013,"109,3",0,,0,0,1000000,0
20029,该星痕10级及以上技能的数量,0,0,130,10,0,,0,0,99999,0
20030,180级且3个10级技能的星痕数量,0,0,1013,0,"126,180;20029,3",,0,0,0,0
20031,X个觉醒等级5的星痕,0,0,1013,"110,5",0,,0,0,9999,0
20032,完成并领取所有阶段任务,0,0,1068,1091,0,,0,0,1000000,0
20033,持有首充道具,0,0,1031,1000013,0,,0,0,1000000,0
20034,购买首充礼包后的时间戳,0,"145,100001,100001",1305,0,0,,0,0,1000000,0
20035,突破本通关失败X次,0,"123,304,310",1023,0,0,,0,0,9999,0
20036,100114活动是否开启,0,0,1028,100114,0,,0,0,1000000,0
20037,领取X次1等级阅历奖励,0,0,1303,1,0,,0,0,1000000,0
20038,魔女穿戴X次饰品,0,"150,1",1058,0,0,,0,0,1000000,0
20039,加入一个公会,0,0,1061,0,0,,0,0,1000000,0
20040,通关X次回忆深潜,0,"117,6,6",1039,0,0,,0,0,1000000,0
20041,消耗X个职阶天赋点,0,"113,1006710,1006710",1026,0,0,,0,0,1000000,0
20042,完成并领取教学任务1阶段所有任务(欧美),0,0,1068,"1172,1173,1174,1175,1176",0,,0,0,1000000,0
20043,完成并领取教学任务2阶段所有任务(欧美),0,0,1068,"1178,1179,1180,1181,1182",0,,0,0,1000000,0
20044,完成并领取教学任务3阶段所有任务(欧美),0,0,1068,"1184,1185,1186,1187,1188",0,,0,0,1000000,0
20045,完成并领取教学任务4阶段所有任务(欧美),0,0,1068,"1190,1191,1192,1193,1194",0,,0,0,1000000,0
20046,完成并领取教学任务5阶段所有任务(欧美),0,0,1068,"1196,1197,1198,1199,1200",0,,0,0,1000000,0
20047,完成并领取教学任务6阶段所有任务(欧美),0,0,1068,"1202,1203,1204,1205,1206",0,,0,0,1000000,0
20048,完成并领取教学任务7阶段所有任务(欧美),0,0,1068,"1208,1209,1210,1211,1212",0,,0,0,1000000,0
20049,完成并领取教学任务8阶段所有任务(欧美),0,0,1068,"1214,1215,1216,1217,1218",0,,0,0,1000000,0
20050,完成并领取教学任务9阶段所有任务(欧美),0,0,1068,"1220,1221,1222,1223,1224",0,,0,0,1000000,0
20051,完成并领取教学任务10阶段所有任务(欧美),0,0,1068,"1226,1227,1228,1229,1230",0,,0,0,1000000,0
20052,完成并领取教学任务11阶段所有任务(欧美),0,0,1068,"1232,1233,1234,1235,1236",0,,0,0,1000000,0
20053,消耗x星魂结晶（免费钻）,0,"113,1000002,1000002",1026,0,0,,0,0,99999999,0
20054,消耗x秩序结晶（付费钻）,0,"113,1000001,1000001",1026,0,0,,0,0,99999999,0
20055,桃登录活动是否开启,0,0,1028,1010400,0,,0,0,1000000,0
20056,桃登录活动累计登录天数,0,"20055,1",1065,0,0,,4,0,1000000,0
20057,购买首充礼包后的X天,0,0,1052,20034,0,,0,0,1000000,0
20058,桃卡牌任务活动是否开启,0,0,1028,1010500,0,,0,0,1000000,0
20059,桃卡牌活动累计消耗体力,0,"113,1000004,1000004;20058,1",1026,0,0,,4,0,1000000,0
20060,桃卡牌活动累计击败敌人数量,"102,2,2;102,5,6","20058,1",1000,0,0,,4,0,1000000,0
20061,桃攻击婴狐次数,0,0,1069,"1245,1246,1247,1248,1249,1250,1251,1252,1253,1254,1255,1256,1257,1258,1259,1260,1261,1262,1263,1264,1265,1266,1334,1335,1336,1337,1338",0,,4,0,1000000,0
20062,拥有X个桃,0,0,1031,3014009,0,,0,0,100000,0
20063,无光呓语活动开启N天,0,0,1051,100108,0,,0,0,100000,0
20064,本勒收集关卡胜利x次,0,"123,301,301",1039,0,0,,0,0,1000000,0
20065,经验获取关卡胜利x次,0,"123,302,302",1039,0,0,,0,0,1000000,0
20066,技能材料关卡胜利x次,0,"123,303,303",1039,0,0,,0,0,1000000,0
20067,突破材料关卡胜利x次,0,"123,304,310",1039,0,0,,0,0,1000000,0
20068,符文之地关卡胜利x次,0,"123,305,305",1039,0,0,,0,0,1000000,0
20069,持有X个乱世佳人皮肤,0,0,1031,301600904,0,,0,0,1000000,0
20070,持有X个希楠之泪皮肤,0,0,1031,301500402,0,,0,0,1000000,0
20071,桃活动开启（活动本体）,0,0,1028,1010000,0,,0,0,1000000,0
20072,丰收时刻活动开启,0,0,1028,100120,0,,0,0,1000000,0
20073,丰收时刻活动期间充值积分数量,0,"20072,1,1",1314,0,0,,4,0,99999999,0
20076,开服目标活动开启N天,0,0,1051,100123,0,,0,0,100000,0
20077,CR高级用户登录天数,0,"1313,3",1317,0,0,,4,0,1000000,0
20078,拥有X个20级的魔女,0,"1316,0,6",1012,"15023,20",0,,0,0,99999,0
20079,拥有X个25级的魔女,0,"1316,0,6",1012,"15023,25",0,,0,0,99999,0
20080,拥有X个30级的魔女,0,"1316,0,6",1012,"15023,30",0,,0,0,99999,0
20081,拥有X个35级的魔女,0,"1316,0,6",1012,"15023,35",0,,0,0,99999,0
20082,拥有X个40级的魔女,0,"1316,0,6",1012,"15023,40",0,,0,0,99999,0
20083,拥有X个45级的魔女,0,"1316,0,6",1012,"15023,45",0,,0,0,99999,0
20084,拥有X个50级的魔女,0,"1316,0,6",1012,"15023,50",0,,0,0,99999,0
20085,拥有X个30级的星痕,0,"1316,3,9",1013,"126,30",0,,0,0,99999,0
20086,拥有X个70级的星痕,0,"1316,3,9",1013,"126,70",0,,0,0,99999,0
20087,拥有X个120级的星痕,0,"1316,3,9",1013,"126,120",0,,0,0,99999,0
20088,有X个技能升到5级,0,"1316,5,11",1047,20097,0,,0,0,99999,0
20089,有X个技能升到7级,0,"1316,5,11",1047,20098,0,,0,0,99999,0
20090,有X个技能升到9级,0,"1316,5,11",1047,20099,0,,0,0,99999,0
20091,同时装备X个符文,0,0,1318,0,0,,0,0,99999,0
20092,同时装备X个金色以上符文,0,0,1318,0,"139,3",,0,0,99999,0
20093,同时装备X个红色以上符文,0,0,1318,0,"139,4",,0,0,99999,0
20094,有X个5级符文,0,0,1319,0,"140,5",,0,0,99999,0
20095,有X个10级符文,0,0,1319,0,"140,10",,0,0,99999,0
20096,有X个20级符文,0,0,1319,0,"140,20",,0,0,99999,0
20097,该星痕大于等于5级技能的数量,0,0,130,5,0,,0,0,99999,0
20098,该星痕大于等于7级技能的数量,0,0,130,7,0,,0,0,99999,0
20099,该星痕大于等于9级技能的数量,0,0,130,9,0,,0,0,99999,0
20100,和光同尘活动是否开启,0,0,1028,1040000,0,,0,0,1000000,0
20101,和光同尘登录活动累计登录天数,0,"20100,1",1065,0,0,,4,0,1000000,0
20102,消耗x金币(无光呓语活动),0,"113,1000003,1000003;20023,1",1026,0,0,,4,0,99999999,0
20103,通关宝库之门X次(无光呓语活动),0,"117,3,3;20023,1",1039,0,0,,4,0,1000000,0
20104,克萝萝累计总里程(无光呓语活动),0,"20023,1",1042,0,0,,4,0,99999999,0
20105,累计击杀每日任务BossX次(无光呓语活动),0,"103,4,4;20023,1",1008,0,0,,4,0,99999,0
20106,消耗x体力(无光呓语活动),0,"113,1000004,1000004;20023,1",1026,0,0,,4,0,99999999,0
20107,拥有X个异邦波斯菊,0,0,1031,3016187,0,,0,0,100000,0
20108,大波斯菊活动累计消耗体力,0,"113,1000004,1000004;20100,1",1026,0,0,,4,0,1000000,0
20109,大波斯菊活动关卡累计X个星,0,0,1037,1040000,0,,4,0,99999,0
20110,完成大波斯菊成就任务数量,0,0,1069,"1355,1356,1357,1358,1359,1360,1361,1362,1363,1364,1365,1366,1367,1368,1369,1370,1371,1372,1373,1374,1375,1376,1377,1378",0,,4,0,99999,0
20111,累计获取X个红簌币（每日）,0,"113,1001041,1001041",1027,0,0,,1,0,99999999,0
20112,遮光梦活动是否开启,0,0,1028,1030000,0,,0,0,1000000,0
20113,遮光梦登录活动累计登录天数,0,"20112,1",1065,0,0,,4,0,1000000,0
20114,遮光梦活动累计消耗体力,0,"113,1000004,1000004;20112,1",1026,0,0,,4,0,1000000,0
20115,遮光梦活动关卡累计X个星,0,0,1037,1030000,0,,4,0,99999,0
20116,完成遮光梦成就任务数量,0,0,1069,"1462,1463,1464,1465,1466,1467,1468,1469,1470,1471,1472,1473,1474,1475,1476,1477,1478,1479,1480,1481,1482,1483,1484,1485,1486",0,,4,0,99999,0
20117,遮光梦活动累计消耗1001040个数,0,"113,1001040,1001040;20112,1",1026,0,0,,4,0,1000000,0
20118,遮光梦活动商店中兑换任意X次商品（每日）,0,"151,60303,60303",1057,0,0,,1,0,1000000,0
20119,拥有X个清醒梦,0,0,1031,1015001,0,,0,0,100000,0
20120,拥有X个追忆者,0,0,1031,1015002,0,,0,0,100000,0
20121,拥有X个水塘花,0,0,1031,1015003,0,,0,0,100000,0
20122,拥有X个夜柳,0,0,1031,1015004,0,,0,0,100000,0
20123,拥有X个烛泪,0,0,1031,1015005,0,,0,0,100000,0
20124,拥有X个昔莱,0,0,1031,3016078,0,,0,0,100000,0
20125,累计获取X个扭蛋积分,0,0,1327,100132,0,,0,0,100000,0
20126,抽卡抽到N次五星星痕,0,0,1329,0,0,,0,0,100000,0
20127,再布神谕活动是否开启,0,0,1028,100134,0,,0,0,1000000,0
20128,再布神谕活动开启N天,0,0,1051,100134,0,,0,0,100000,0
20129,消耗x金币(再布神谕活动),0,"113,1000003,1000003;20127,1",1026,0,0,,4,0,99999999,0
20130,通关宝库之门X次(再布神谕活动),0,"117,3,3;20127,1",1039,0,0,,4,0,1000000,0
20131,克萝萝累计总里程(再布神谕活动),0,"20127,1",1042,0,0,,4,0,99999999,0
20132,累计击杀每日任务BossX次(再布神谕活动),0,"103,4,4;20127,1",1008,0,0,,4,0,99999,0
20133,消耗x体力(再布神谕活动),0,"113,1000004,1000004;20127,1",1026,0,0,,4,0,99999999,0
20134,累计完成X个再布神谕活动任务,0,0,1069,"1508,1509,1510,1511,1512,1513,1514,1515,1516,1517,1518,1519,1520,1521,1522,1523,1524,1525,1526,1527,1528,1529,1530,1531,1532,1533,1534,1535,1536,1537,1538,1539,1540,1541,1542,1543,1544,1545,1546,1547,1548,1549,1550,1551,1552,1553,1554,1555,1556,1557",0,,4,0,1000000,0
20135,拥有X个奈奥米,0,0,1031,3016020,0,,0,0,100000,0
20136,知更鸟活动是否开启,0,0,1028,1050000,0,,0,0,1000000,0
20137,知更鸟登录活动累计登录天数,0,"20136,1",1065,0,0,,4,0,1000000,0
20138,知更鸟活动累计消耗体力,0,"113,1000004,1000004;20136,1",1026,0,0,,4,0,1000000,0
20139,知更鸟活动关卡累计X个星,0,0,1037,1050000,0,,4,0,99999,0
20140,知更鸟活动累计消耗品飞禽币,0,"113,1001042,1001042;20136,1",1026,0,0,,4,0,1000000,0
20141,完成知更鸟成就任务数量,0,0,1069,"1591,1592,1593,1594,1595,1596,1597,1598,1599,1600,1601,1602,1603,1604,1605,1606,1607,1608,1609,1610,1611,1612,1613,1614,1615",0,,4,0,99999,0
20142,丰收时刻活动开启-国服,0,0,1028,100137,0,,0,0,1000000,0
20143,丰收时刻活动-国服期间充值积分数量,0,"20142,1,1",1314,0,0,,4,0,99999999,0
20144,知更鸟活动商店中兑换任意X次商品（每日）,0,"151,60503,60503",1057,0,0,,1,0,1000000,0
20145,重返圣城活动是否开启,0,0,1028,100139,0,,0,0,1000000,0
20146,重返圣城活动累计登录天数,0,"20145,1",1065,0,0,,4,0,1000000,0
20147,拥有X个诺维雅,0,0,1031,3015001,0,,0,0,100000,0
20148,拥有X个爱尔维拉,0,0,1031,3016191,0,,0,0,100000,0
20149,归行票证活动是否开启,0,0,1028,100140,0,,0,0,1000000,0
20150,拥有X个归行票证道具,0,"20149,1",1031,999997,0,,4,0,10000,0
20151,归行票证活动期间击杀X个每日任务Boss,0,"103,4,4;20149,1",1008,0,0,,4,0,1000000,0
20152,恶龙计划活动是否开启,0,0,1028,1200000,0,,0,0,1000000,0
20153,恶龙计划登录活动累计登录天数,0,"20152,1",1065,0,0,,4,0,1000000,0
20154,恶龙计划活动累计消耗体力,0,"113,1000004,1000004;20152,1",1026,0,0,,4,0,1000000,0
20155,恶龙计划活动关卡累计X个星,0,0,1037,1200000,0,,4,0,99999,0
20156,恶龙计划活动累计消耗品飞禽币,0,"113,1001068,1001068;20152,1",1026,0,0,,4,0,1000000,0
20157,完成恶龙计划成就任务数量,0,0,1069,"1682,1683,1684,1685,1686,1687,1688,1689,1690,1691,1692,1693,1694,1695,1696,1697,1698,1699,1700,1701,1702,1703,1704,1705,1706",0,,4,0,99999,0
20158,爱尔维拉活动商店中兑换任意X次商品（每日）,0,"151,62003,62003",1057,0,0,,1,0,1000000,0
20159,开服百抽活动是否开启,0,0,1028,100146,0,,0,0,1000000,0
20160,开服百抽活动累计登录天数,0,"20159,1",1065,0,0,,4,0,1000000,0
20161,拥有X个恶龙认证书,0,0,1031,1015051,0,,0,0,100000,0
29997,1阶职阶天赋投入总点数,0,0,1331,1,0,,0,0,1000000,0
29998,1阶+2阶职阶天赋投入总点数,0,0,1331,"1,2",0,,0,0,1000000,0
29999,已点职阶天赋点数计数保存用,0,0,1309,0,0,,0,0,1000000,0
30001,拥有x个战令活动（101）经验道具（10101）,0,0,1031,10101,0,,4,0,1000000,0
30002,拥有x个战令活动（101）激活道具（10102）,0,0,1031,10102,0,,4,0,0,0
30003,拥有x个阅历点数（1000012）,0,0,1031,1000012,0,,4,0,1000000,0
39001,拥有X个CR用户通行证道具,0,"2901,1",1031,999001,0,,4,0,10000,0
39002,CR通行证活动期间击杀X个每日任务Boss,0,"103,4,4;2901,1",1008,0,0,,4,0,1000000,0
39003,魔物列阵玩家积分（低级场）,0,,1322,1,0,,4,0,1000000,0
39004,魔物列阵玩家积分（中级场）,0,,1322,2,0,,4,0,1000000,0
39005,魔物列阵玩家积分（高级场）,0,,1322,3,0,,4,0,1000000,0
39999,拥有成长基金激活道具,0,"2999,1,1",1031,999999,0,,0,0,0,0
31001,卡池开启保护 - 神光（防止玩家自己修改卡池抽取）,0,0,1053,1001,0,,0,0,1000000,0
31002,卡池开启保护 - 桃（防止玩家自己修改卡池抽取）,0,0,1053,1002,0,,0,0,1000000,0
31003,卡池开启保护 - 塞雷斯蒂娜（防止玩家自己修改卡池抽取）,0,0,1053,1003,0,,0,0,1000000,0
31004,卡池开启保护 - 瑞比娅（防止玩家自己修改卡池抽取）,0,0,1053,1004,0,,0,0,1000000,0
31005,卡池开启保护 - 昔莱（防止玩家自己修改卡池抽取）,0,0,1053,1005,0,,0,0,1000000,0
31006,卡池开启保护 - 奈奥米（防止玩家自己修改卡池抽取）,0,0,1053,1006,0,,0,0,1000000,0
31007,卡池开启保护 - 大波斯菊（防止玩家自己修改卡池抽取）,0,0,1053,1007,0,,0,0,1000000,0
31008,卡池开启保护 - 诺维雅（防止玩家自己修改卡池抽取）,0,0,1053,1008,0,,0,0,1000000,0
31009,卡池开启保护 - 爱尔维拉（防止玩家自己修改卡池抽取）,0,0,1053,1009,0,,0,0,1000000,0
31900,卡池开启保护 - 小闪（防止玩家自己修改卡池抽取）,0,0,1053,1900,0,,0,0,1000000,0
31901,卡池开启保护 - 耶坦尼亚（防止玩家自己修改卡池抽取）,0,0,1053,1901,0,,0,0,1000000,0
31902,卡池开启保护 - 克尔苏娜（防止玩家自己修改卡池抽取）,0,0,1053,1902,0,,0,0,1000000,0
31903,卡池开启保护 - 伊卡洛斯（防止玩家自己修改卡池抽取）,0,0,1053,1903,0,,0,0,1000000,0
31904,卡池开启保护 - 安普莎（防止玩家自己修改卡池抽取）,0,0,1053,1904,0,,0,0,1000000,0
31905,卡池开启保护 - 吉拉蒂亚（防止玩家自己修改卡池抽取）,0,0,1053,1905,0,,0,0,1000000,0
31906,卡池开启保护 - 牧（防止玩家自己修改卡池抽取）,0,0,1053,1906,0,,0,0,1000000,0
31907,卡池开启保护 - 雷雷（防止玩家自己修改卡池抽取）,0,0,1053,1907,0,,0,0,1000000,0
31908,卡池开启保护 - 希夕莉（防止玩家自己修改卡池抽取）,0,0,1053,1908,0,,0,0,1000000,0
31909,卡池开启保护 - 萨拉（防止玩家自己修改卡池抽取）,0,0,1053,1909,0,,0,0,1000000,0
31910,卡池开启保护 - 丹妮（防止玩家自己修改卡池抽取）,0,0,1053,1910,0,,0,0,1000000,0
31911,专武-神光UP池,0,0,1053,210001,0,,0,0,1000000,0
31912,专武-桃UP池,0,0,1053,210002,0,,0,0,1000000,0
31913,专武-塞蕾丝蒂娜UP池,0,0,1053,210003,0,,0,0,1000000,0
31914,专武-瑞比亚UP池,0,0,1053,210004,0,,0,0,1000000,0
31915,专武-昔莱UP池,0,0,1053,210005,0,,0,0,1000000,0
31916,专武-奈奥米UP池,0,0,1053,210006,0,,0,0,1000000,0
31917,专武-异邦波斯菊UP池,0,0,1053,210007,0,,0,0,1000000,0
31918,专武-小闪UP轮替池,0,0,1053,220001,0,,0,0,1000000,0
31919,专武-耶坦尼亚UP轮替池,0,0,1053,220002,0,,0,0,1000000,0
31920,专武-克尔苏娜UP轮替池,0,0,1053,220003,0,,0,0,1000000,0
31921,专武-伊卡洛斯UP轮替池,0,0,1053,220004,0,,0,0,1000000,0
31922,专武-安普莎UP轮替池,0,0,1053,220005,0,,0,0,1000000,0
31923,专武-吉拉蒂亚UP轮替池,0,0,1053,220006,0,,0,0,1000000,0
31924,专武-牧UP轮替池,0,0,1053,220007,0,,0,0,1000000,0
31925,专武-雷雷UP轮替池,0,0,1053,220008,0,,0,0,1000000,0
31926,专武-希夕莉UP轮替池,0,0,1053,220009,0,,0,0,1000000,0
31927,专武-萨拉UP轮替池,0,0,1053,220010,0,,0,0,1000000,0
31928,专武-丹妮UP轮替池,0,0,1053,220011,0,,0,0,1000000,0
31929,专武-诺维雅UP轮替池,0,0,1053,210008,0,,0,0,1000000,0
31930,专武-爱尔维拉UP轮替池,0,0,1053,210009,0,,0,0,1000000,0
40001,本勒收集关卡胜利x次,0,"123,301,301",1039,0,0,,1,0,1000000,0
40002,经验获取关卡胜利x次,0,"123,302,302",1039,0,0,,1,0,1000000,0
40003,技能材料关卡胜利x次,0,"123,303,303",1039,0,0,,1,0,1000000,0
40004,突破材料关卡胜利x次,0,"123,304,310",1039,0,0,,1,0,1000000,0
40011,符文之地关卡胜利x次,0,"123,305,305",1039,0,0,,1,0,1000000,0
999998,拥有x个成长基金激活道具,0,0,1031,999999,0,,0,0,1000000,0
999999,成长基金用，玩家等级达到x级,0,"999998,1,1",104,0,0,,0,0,1000000,0
16103,卡池组10001抽卡次数<x时开启，大于后关闭,0,0,1066,10001,0,,0,0,99999,0
16104,卡池组10002抽卡次数<x时开启，大于后关闭,0,0,1066,10002,0,,0,0,99999,0
16105,卡池组10003抽卡次数<x时开启，大于后关闭,0,0,1066,10003,0,,0,0,99999,0
17001,与魔女进行x次互动（每日）,0,0,1070,0,0,,1,0,100000,0
17002,对公会进行x次捐赠（每日）,0,0,1030,"1062,1063",0,,1,0,100000,0
17003,使用星魂结晶购买x次星魂力（每日）,0,"131,1003,1003",1059,0,0,,1,0,100000,0
17005,对公会成员进行x次点赞（每日）,0,0,1030,1064,0,,1,0,100000,0
17006,通关宝库之门X次（每日）,0,"117,3,3",1022,0,0,,1,0,100000,0
17007,通关主线关卡x次(每日),0,"117,1,1",1022,0,0,,1,0,100000,0
17008,公会商店中购买次数（每日）,0,"151,412,412",1057,0,0,,1,0,100000,0
17100,活跃度达到x(公会每日任务阶段进度),0,0,1031,1001065,0,,1,0,100000,0
17101,对公会成员进行x次点赞（每周）,0,0,1030,17203,0,,2,0,100000,0
17102,对公会进行x次捐赠（每周）,0,0,1030,"17201,17202",0,,2,0,100000,0
17103,使用星魂结晶购买x次星魂力（每周）,0,"131,1003,1003",1059,0,0,,2,0,100000,0
17200,活跃度达到x(公会每周任务阶段进度),0,0,1031,1001066,0,,2,0,99999999,0
17201,金币捐献次数（每周）,0,0,1062,0,0,,2,0,9999999,0
17202,钻石捐献次数（每周）,0,0,1063,0,0,,2,0,9999999,0
17203,公会点赞次数（每周）,0,0,1064,0,0,,2,0,9999999,0
17204,使用骰子或遥控骰子（每周）,"113,1001011,1001011;113,1001012,1001012;113,1001014,1001014",0,1026,0,0,,2,0,99999999,0
17205,参与公会首领次数（每周）,0,0,1324,0,0,,2,0,100000,0
17206,参与公会赛马押注次数（每周）,0,0,1302,0,0,,2,0,100000,0
17207,公会商店中购买次数（每周）,0,"151,412,412",1057,0,0,,2,0,100000,0
10701,飨宴：千年的开幕,0,0,1031,1031001,0,,0,0,1000000,0
10702,预兆：毒蛇,0,0,1031,1031002,0,,0,0,1000000,0
10703,觉醒进行曲,0,0,1031,1031003,0,,0,0,1000000,0
10704,求天母垂怜,0,0,1031,1031004,0,,0,0,1000000,0
10705,第十三号码头,0,0,1031,1031005,0,,0,0,1000000,0
10706,春的思绪,0,0,1031,1031006,0,,0,0,1000000,0
10707,集结之时,0,0,1031,1031007,0,,0,0,1000000,0
10708,英雄的矜持,0,0,1031,1031008,0,,0,0,1000000,0
10709,冬日追叙,0,0,1031,1031009,0,,0,0,1000000,0
10710,残阳暮盼,0,0,1031,1031010,0,,0,0,1000000,0
10711,悲怆的君主,0,0,1031,1031011,0,,0,0,1000000,0
10712,小魔女欢快舞,0,0,1031,1031012,0,,0,0,1000000,0
10713,真理的危机,0,0,1031,1031013,0,,0,0,1000000,0
10714,邪恶的阴谋,0,0,1031,1031014,0,,0,0,1000000,0
10715,星空之下,0,0,1031,1031015,0,,0,0,1000000,0
10716,精灵印记,0,0,1031,1031016,0,,0,0,1000000,0
10717,伤感时刻,0,0,1031,1031017,0,,0,0,1000000,0
10718,奋起直追,0,0,1031,1031018,0,,0,0,1000000,0
10719,记忆长廊,0,0,1031,1031019,0,,0,0,1000000,0
10720,牵绊的力量,0,0,1031,1031020,0,,0,0,1000000,0
10721,斗争的矜持,0,0,1031,1031021,0,,0,0,1000000,0
10722,阳光旅途,0,0,1031,1031022,0,,0,0,1000000,0
10723,庆典,0,0,1031,1031023,0,,0,0,1000000,0
10724,光阴驻足,0,0,1031,1031024,0,,0,0,1000000,0
10725,晚风,0,0,1031,1031025,0,,0,0,1000000,0
10726,水波,0,0,1031,1031026,0,,0,0,1000000,0
10727,贝儿的夜间大巡游,0,0,1031,1031027,0,,0,0,1000000,0
10728,獠牙显露之刻,0,0,1031,1031028,0,,0,0,1000000,0
10729,震怒之时,0,0,1031,1031029,0,,0,0,1000000,0
10730,怒火的黎明,0,0,1031,1031030,0,,0,0,1000000,0
10731,戏谑偶像,0,0,1031,1031031,0,,0,0,1000000,0
10732,魔法阵,0,0,1031,1031032,0,,0,0,1000000,0
10733,铁幕,0,0,1031,1031033,0,,0,0,1000000,0
10734,塔：突击,0,0,1031,1031034,0,,0,0,1000000,0
10735,废墟：激奏,0,0,1031,1031035,0,,0,0,1000000,0
10736,宣战：誓言,0,0,1031,1031036,0,,0,0,1000000,0
10737,激昂,0,0,1031,1031037,0,,0,0,1000000,0
10738,鼓舞,0,0,1031,1031038,0,,0,0,1000000,0
10739,咆哮的夜晚,0,0,1031,1031039,0,,0,0,1000000,0
10740,凯旋之时,0,0,1031,1031040,0,,0,0,1000000,0
10741,决不止步,0,0,1031,1031041,0,,0,0,1000000,0
10742,鏖战,0,0,1031,1031042,0,,0,0,1000000,0
10743,桥合战,0,0,1031,1031043,0,,0,0,1000000,0
10744,扼杀迷茫,0,0,1031,1031044,0,,0,0,1000000,0
10745,冲突的复苏,0,0,1031,1031045,0,,0,0,1000000,0
10746,矛盾的灵魂,0,0,1031,1031046,0,,0,0,1000000,0
10747,失控木偶,0,0,1031,1031047,0,,0,0,1000000,0
10748,问鼎,0,0,1031,1031048,0,,0,0,1000000,0
10749,地窖,0,0,1031,1031049,0,,0,0,1000000,0
10750,暗涌,0,0,1031,1031050,0,,0,0,1000000,0
10751,狭路,0,0,1031,1031051,0,,0,0,1000000,0
10752,幽庭,0,0,1031,1031052,0,,0,0,1000000,0
10753,战斗_训练场,0,0,1031,1031053,0,,0,0,1000000,0
10754,战斗_野外,0,0,1031,1031054,0,,0,0,1000000,0
10755,战斗优势1,0,0,1031,1031055,0,,0,0,1000000,0
10756,常规战斗1,0,0,1031,1031056,0,,0,0,1000000,0
10757,剧情 戏剧家,0,0,1031,1031057,0,,0,0,1000000,0
10758,常规战斗2,0,0,1031,1031058,0,,0,0,1000000,0
10759,常规战斗3,0,0,1031,1031059,0,,0,0,1000000,0
10760,战斗优势2,0,0,1031,1031060,0,,0,0,1000000,0
10761,起源,0,0,1031,1031061,0,,0,0,1000000,0
10762,曦光颂,0,0,1031,1031062,0,,0,0,1000000,0
10763,双神之战,0,0,1031,1031063,0,,0,0,1000000,0
10764,三柱臣,0,0,1031,1031064,0,,0,0,1000000,0
10765,高远的夜空,0,0,1031,1031065,0,,0,0,1000000,0
10766,锦绣序曲,0,0,1031,1031066,0,,0,0,1000000,0
10767,丹心阵,0,0,1031,1031067,0,,0,0,1000000,0
10768,和光同尘,0,0,1031,1031068,0,,0,0,1000000,0
10769,推理对决,0,0,1031,1031069,0,,0,0,1000000,0
10770,如履薄冰,0,0,1031,1031070,0,,0,0,1000000,0
10771,谨慎前行,0,0,1031,1031071,0,,0,0,1000000,0
10772,历史长河,0,0,1031,1031072,0,,0,0,1000000,0
10773,怀疑与猜忌,0,0,1031,1031073,0,,0,0,1000000,0
10774,龙舞声动,0,0,1031,1031074,0,,0,0,1000000,0
10775,烛月歌 ,0,0,1031,1031075,0,,0,0,1000000,0
10776,十里夜妆,0,0,1031,1031076,0,,0,0,1000000,0
10777,如蜜甘涩,0,0,1031,1031077,0,,0,0,1000000,0
10778,瓶中愿望,0,0,1031,1031078,0,,0,0,1000000,0
10779,地平线的颂歌,0,0,1031,1031079,0,,0,0,1000000,0
10780,镜中双人舞,0,0,1031,1031080,0,,0,0,1000000,0
10781,迷影缭乱,0,0,1031,1031081,0,,0,0,1000000,0
10782,悖逆的回声,0,0,1031,1031082,0,,0,0,1000000,0
10783,缄默之梦,0,0,1031,1031083,0,,0,0,1000000,0
10784,魔女的假日,0,0,1031,1031084,0,,0,0,1000000,0
10785,严肃之声,0,0,1031,1031085,0,,0,0,1000000,0
10786,星海往事,0,0,1031,1031086,0,,0,0,1000000,0
10787,创世纪,0,0,1031,1031087,0,,0,0,1000000,0
10788,禁忌之轮,0,0,1031,1031088,0,,0,0,1000000,0
10789,上古之战,0,0,1031,1031089,0,,0,0,1000000,0
10790,杰西斯之约,0,0,1031,1031090,0,,0,0,1000000,0
10791,物种洗牌,0,0,1031,1031091,0,,0,0,1000000,0
10792,黄金时代,0,0,1031,1031092,0,,0,0,1000000,0
10793,圣龙战争,0,0,1031,1031093,0,,0,0,1000000,0
10794,弑神,0,0,1031,1031094,0,,0,0,1000000,0
10795,新的秩序,0,0,1031,1031095,0,,0,0,1000000,0
10796,TORAH的崛起,0,0,1031,1031096,0,,0,0,1000000,0
10797,风暴将至,0,0,1031,1031097,0,,0,0,1000000,0
10798,我们的故事,0,0,1031,1031098,0,,0,0,1000000,0
10799,纠缠的羁绊,0,0,1031,1031099,0,,0,0,1000000,0
10800,主线_战后剧情通用,0,0,1031,1031100,0,,0,0,1000000,0
10801,主线_纯剧情通用,0,0,1031,1031101,0,,0,0,1000000,0
10802,天赋使命,0,0,1031,1031102,0,,0,0,1000000,0
10803,旅程,0,0,1031,1031103,0,,0,0,1000000,0
10804,抽卡,0,0,1031,1031104,0,,0,0,1000000,0
10805,抽卡_结束,0,0,1031,1031105,0,,0,0,1000000,0
10806,噔噔华尔兹,0,0,1031,1031106,0,,0,0,1000000,0
10807,一日的纪念,0,0,1031,1031107,0,,0,0,1000000,0
10808,梦境圆舞曲,0,0,1031,1031108,0,,0,0,1000000,0
10809,收获的私语,0,0,1031,1031109,0,,0,0,1000000,0
10810,快乐小镇,0,0,1031,1031110,0,,0,0,1000000,0
10811,喧耀的未来,0,0,1031,1031111,0,,0,0,1000000,0
10812,急速急转,0,0,1031,1031112,0,,0,0,1000000,0
10813,青空之夏,0,0,1031,1031113,0,,0,0,1000000,0
10814,相信奇迹,0,0,1031,1031114,0,,0,0,1000000,0
10815,水平线上的等待,0,0,1031,1031115,0,,0,0,1000000,0
10816,钓鱼_对抗,0,0,1031,1031116,0,,0,0,1000000,0
10817,春熙锄禾,0,0,1031,1031117,0,,0,0,1000000,0
10818,蕴雾柔泉,0,0,1031,1031118,0,,0,0,1000000,0
10819,音效_签到 环境音,0,0,1031,1031119,0,,0,0,1000000,0
10820,音效_农场 环境音,0,0,1031,1031120,0,,0,0,1000000,0
10821,圣别之塔,0,0,1031,1031121,0,,0,0,1000000,0
10822,魔潮涌动,0,0,1031,1031122,0,,0,0,1000000,0
10823,历史：禁锢之秘闻,0,0,1031,1031123,0,,0,0,1000000,0
18000,使命必达,0,0,1031,4020001,0,,0,0,1000000,0
18001,头像·桃灼春融,0,0,1031,4020002,0,,0,0,1000000,0
18002,嗜甜小魔王,0,0,1031,4020003,0,,0,0,1000000,0
18003,在干坏事？,0,0,1031,4020004,0,,0,0,1000000,0
18004,头像·塞雷斯蒂娜,0,0,1031,4020005,0,,0,0,1000000,0
18005,头像·瑞比娅,0,0,1031,4020006,0,,0,0,1000000,0
18006,头像·昔莱,0,0,1031,4020007,0,,0,0,1000000,0
18007,邻家饕客,0,0,1031,4020008,0,,0,0,1000000,0
18008,头像·异邦波斯菊,0,0,1031,4020009,0,,0,0,1000000,0
18009,回望千灯之刹,0,0,1031,4020010,0,,0,0,1000000,0
18010,专业精神,0,0,1031,4020011,0,,0,0,1000000,0
18011,希尔拜亚守护者,0,0,1031,4020012,0,,0,0,1000000,0
18012,丝缕思虑,0,0,1031,4020013,0,,0,0,1000000,0
18013,赞许之时,0,0,1031,4020014,0,,0,0,1000000,0
18014,工作犬,0,0,1031,4020015,0,,0,0,1000000,0
18015,独处犬,0,0,1031,4020016,0,,0,0,1000000,0
18016,梦呓犬,0,0,1031,4020017,0,,0,0,1000000,0
18017,纯稚天理,0,0,1031,4020018,0,,0,0,1000000,0
18018,星火不灭,0,0,1031,4020019,0,,0,0,1000000,0
18019,月之咏叹调,0,0,1031,4020020,0,,0,0,1000000,0
18020,关切注视,0,0,1031,4020021,0,,0,0,1000000,0
18021,千年之行,0,0,1031,4020022,0,,0,0,1000000,0
18022,五颜六甜,0,0,1031,4020023,0,,0,0,1000000,0
18023,计策成功,0,0,1031,4020024,0,,0,0,1000000,0
18024,风中爱人,0,0,1031,4020025,0,,0,0,1000000,0
18025,专武累消,0,0,1031,4020027,0,,0,0,1000000,0
18026,穹空逸想,0,0,1031,4020028,0,,0,0,1000000,0
18027,迷失心途,0,0,1031,4020029,0,,0,0,1000000,0
18028,迷途梦语,0,0,1031,4020030,0,,0,0,1000000,0
18029,出炉贝果,0,0,1031,4020031,0,,0,0,1000000,0
18030,意志如冰,0,0,1031,4020032,0,,0,0,1000000,0
18031,神乐之下,0,0,1031,4020033,0,,0,0,1000000,0
18032,少女嫣语,0,0,1031,4020034,0,,0,0,1000000,0
18033,可怜人,0,0,1031,4020035,0,,0,0,1000000,0
18034,感觉身体被掏空,0,0,1031,4020036,0,,0,0,1000000,0
18035,心翼似火,0,0,1031,4020037,0,,0,0,1000000,0
18036,幸运旅人,0,0,1031,4020038,0,,0,0,1000000,0
18037,微笑练习,0,0,1031,4020039,0,,0,0,1000000,0
18038,神的左右手,0,0,1031,4020040,0,,0,0,1000000,0
18039,锦绣丽韵,0,0,1031,4020041,0,,0,0,1000000,0
18040,初升日冕,0,0,1031,4020042,0,,0,0,1000000,0
18041,微笑练习,0,0,1031,4020043,0,,0,0,1000000,0
18042,茸茸派对,0,0,1031,4020044,0,,0,0,1000000,0
18043,诺亚活动头像,0,0,1031,4020045,0,,0,0,1000000,0
18044,律（头像）,0,0,1031,3000001,0,,0,0,1000000,0
18045,克萝萝（头像）,0,0,1031,3000002,0,,0,0,1000000,0
18046,黑神月咏（头像）,0,0,1031,3000003,0,,0,0,1000000,0
18047,安洁（头像）,0,0,1031,3000004,0,,0,0,1000000,0
18048,米娅（头像）,0,0,1031,3000005,0,,0,0,1000000,0
18049,玛莎（头像）,0,0,1031,3000006,0,,0,0,1000000,0
18050,格蕾（原皮头像）,0,0,1031,3013001,0,,0,0,1000000,0
18051,阿涅克丝（原皮头像）,0,0,1031,3013003,0,,0,0,1000000,0
18052,炽爱（原皮头像）,0,0,1031,3013004,0,,0,0,1000000,0
18053,水仙（原皮头像）,0,0,1031,3013006,0,,0,0,1000000,0
18054,菲莉希亚（原皮头像）,0,0,1031,3013007,0,,0,0,1000000,0
18055,梅露特（原皮头像）,0,0,1031,3013008,0,,0,0,1000000,0
18056,奈奈芙（原皮头像）,0,0,1031,3013009,0,,0,0,1000000,0
18057,菲尔盖娜（原皮头像）,0,0,1031,3013013,0,,0,0,1000000,0
18058,玛瑙（原皮头像）,0,0,1031,3013014,0,,0,0,1000000,0
18059,哀歌（原皮头像）,0,0,1031,3013015,0,,0,0,1000000,0
18060,波斯菊（原皮头像）,0,0,1031,3013017,0,,0,0,1000000,0
18061,爱琳（原皮头像）,0,0,1031,3013018,0,,0,0,1000000,0
18062,库萝心（原皮头像）,0,0,1031,3013019,0,,0,0,1000000,0
18063,维达（原皮头像）,0,0,1031,3013020,0,,0,0,1000000,0
18064,莱拉（原皮头像）,0,0,1031,3013022,0,,0,0,1000000,0
18065,芙洛拉（原皮头像）,0,0,1031,3013023,0,,0,0,1000000,0
18066,多萝西（原皮头像）,0,0,1031,3013025,0,,0,0,1000000,0
18067,普琳普顿（原皮头像）,0,0,1031,3014001,0,,0,0,1000000,0
18068,黛比（原皮头像）,0,0,1031,3014002,0,,0,0,1000000,0
18069,焰心（原皮头像）,0,0,1031,3014003,0,,0,0,1000000,0
18070,索菲（原皮头像）,0,0,1031,3014004,0,,0,0,1000000,0
18071,弥生（原皮头像）,0,0,1031,3014005,0,,0,0,1000000,0
18072,恋花（原皮头像）,0,0,1031,3014006,0,,0,0,1000000,0
18073,桃（原皮头像）,0,0,1031,3014009,0,,0,0,1000000,0
18074,艾斯塔利亚（原皮头像）,0,0,1031,3014011,0,,0,0,1000000,0
18075,未来（原皮头像）,0,0,1031,3014012,0,,0,0,1000000,0
18076,杏林（原皮头像）,0,0,1031,3014016,0,,0,0,1000000,0
18077,花梨（原皮头像）,0,0,1031,3014017,0,,0,0,1000000,0
18078,诗娅（原皮头像）,0,0,1031,3014018,0,,0,0,1000000,0
18079,艾什尔（原皮头像）,0,0,1031,3014019,0,,0,0,1000000,0
18080,阿波菲斯（原皮头像）,0,0,1031,3014020,0,,0,0,1000000,0
18081,纳菲（原皮头像）,0,0,1031,3014021,0,,0,0,1000000,0
18082,丘吉尔（原皮头像）,0,0,1031,3014022,0,,0,0,1000000,0
18083,神光（原皮头像）,0,0,1031,3014023,0,,0,0,1000000,0
18084,雷雷（原皮头像）,0,0,1031,3014024,0,,0,0,1000000,0
18085,安普莎（原皮头像）,0,0,1031,3014025,0,,0,0,1000000,0
18086,库萝爱（原皮头像）,0,0,1031,3014026,0,,0,0,1000000,0
18087,贝拉（原皮头像）,0,0,1031,3014027,0,,0,0,1000000,0
18088,卡洛蒂（原皮头像）,0,0,1031,3014028,0,,0,0,1000000,0
18089,贝儿（原皮头像）,0,0,1031,3014029,0,,0,0,1000000,0
18090,安娜（原皮头像）,0,0,1031,3014030,0,,0,0,1000000,0
18091,伊拉（原皮头像）,0,0,1031,3014031,0,,0,0,1000000,0
18092,诺维雅（原皮头像）,0,0,1031,3015001,0,,0,0,1000000,0
18093,丹妮（原皮头像）,0,0,1031,3015002,0,,0,0,1000000,0
18094,耶坦尼娅（原皮头像）,0,0,1031,3015004,0,,0,0,1000000,0
18095,希夕莉（原皮头像）,0,0,1031,3015006,0,,0,0,1000000,0
18096,萨拉（原皮头像）,0,0,1031,3015007,0,,0,0,1000000,0
18097,牧（原皮头像）,0,0,1031,3015008,0,,0,0,1000000,0
18098,吉拉蒂亚（原皮头像）,0,0,1031,3016009,0,,0,0,1000000,0
18099,瑞比娅（原皮头像）,0,0,1031,3016010,0,,0,0,1000000,0
18100,卡萝琳（原皮头像）,0,0,1031,3016011,0,,0,0,1000000,0
18101,克尔苏娜（原皮头像）,0,0,1031,3016013,0,,0,0,1000000,0
18102,露易丝（原皮头像）,0,0,1031,3016016,0,,0,0,1000000,0
18103,罗莎莉（原皮头像）,0,0,1031,3016017,0,,0,0,1000000,0
18104,奈奥米（原皮头像）,0,0,1031,3016020,0,,0,0,1000000,0
18105,佩内洛普（原皮头像）,0,0,1031,3016023,0,,0,0,1000000,0
18106,塞蕾丝蒂娜（原皮头像）,0,0,1031,3016024,0,,0,0,1000000,0
18107,小闪（原皮头像）,0,0,1031,3016031,0,,0,0,1000000,0
18108,仙蒂（原皮头像）,0,0,1031,3016038,0,,0,0,1000000,0
18109,艾琳娜（原皮头像）,0,0,1031,3016049,0,,0,0,1000000,0
18110,贝卡丝（原皮头像）,0,0,1031,3016068,0,,0,0,1000000,0
18111,昔莱（原皮头像）,0,0,1031,3016078,0,,0,0,1000000,0
18112,杜达·戴维（原皮头像）,0,0,1031,3016119,0,,0,0,1000000,0
18113,伊卡洛斯（原皮头像）,0,0,1031,3016130,0,,0,0,1000000,0
18114,异邦波斯菊（原皮头像）,0,0,1031,3016187,0,,0,0,1000000,0
18115,极焰（原皮头像）,0,0,1031,3016188,0,,0,0,1000000,0
18116,塔嘉娜（原皮头像）,0,0,1031,3016189,0,,0,0,1000000,0
18117,雪泉（原皮头像）,0,0,1031,3017001,0,,0,0,1000000,0
18118,雪不归（原皮头像）,0,0,1031,3017002,0,,0,0,1000000,0
18119,午后闲暇（头像）,0,0,1031,501300401,0,,0,0,1000000,0
18120,永夜幽昙（头像）,0,0,1031,501403001,0,,0,0,1000000,0
18121,僵尸回魂夜（头像）,0,0,1031,501402101,0,,0,0,1000000,0
18122,维拉尔之梦（头像）,0,0,1031,301500401,0,,0,0,1000000,0
18123,冬雪奇妙夜（头像）,0,0,1031,501500801,0,,0,0,1000000,0
18124,池中落英（头像）,0,0,1031,501600903,0,,0,0,1000000,0
18125,爱的坦白日（头像）,0,0,1031,501403101,0,,0,0,1000000,0
18126,命运已至（头像）,0,0,1031,501500402,0,,0,0,1000000,0
18127,水中龙影（头像）,0,0,1031,501602401,0,,0,0,1000000,0
18128,"爱,天使与假日（头像）",0,0,1031,501402201,0,,0,0,1000000,0
18129,麦色流金（头像）,0,0,1031,501613001,0,,0,0,1000000,0
18130,红簌绮梦（头像）,0,0,1031,501618801,0,,0,0,1000000,0
18131,含玉钩（头像）,0,0,1031,513014009,0,,0,0,1000000,0
18132,魔王的温泉请帖（头像）,0,0,1031,523014021,0,,0,0,1000000,0
18133,巡深谷（头像）,0,0,1031,513016024,0,,0,0,1000000,0
18134,掬满月（头像）,0,0,1031,523016188,0,,0,0,1000000,0
18135,酩酊娇客（头像）,0,0,1031,501606801,0,,0,0,1000000,0
18136,暑夜一瞥（头像）,0,0,1031,501402401,0,,0,0,1000000,0
18137,深红密约（头像）,0,0,1031,501600901,0,,0,0,1000000,0
18138,雪肤白砂（头像）,0,0,1031,501700101,0,,0,0,1000000,0
18139,碧水玄发（头像）,0,0,1031,501700201,0,,0,0,1000000,0
18140,双星降临之夜（头像）,0,0,1031,533016010,0,,0,0,1000000,0
18141,蓝雪落下时（头像）,0,0,1031,543016011,0,,0,0,1000000,0
18142,盛放的清晨（头像）,0,0,1031,501400901,0,,0,0,1000000,0
18143,女仆静候中（头像）,0,0,1031,501500601,0,,0,0,1000000,0
18144,谜兔奇遇记（头像）,0,0,1031,501601301,0,,0,0,1000000,0
18145,蓝花（头像）,0,0,1031,501402502,0,,0,0,1000000,0
18146,微醺的记述人（头像）,0,0,1031,501500201,0,,0,0,1000000,0
18147,温流（头像）,0,0,1031,553016013,0,,0,0,1000000,0
18148,另类堕落（头像）,0,0,1031,501607801,0,,0,0,1000000,0
18149,镜中倩影（头像）,0,0,1031,501500101,0,,0,0,1000000,0
18150,黑色情调（头像）,0,0,1031,501600904,0,,0,0,1000000,0
18151,银河独奏之时（头像）,0,0,1031,501500701,0,,0,0,1000000,0
18152,猩红之种（头像）,0,0,1031,501402501,0,,0,0,1000000,0
18153,小闪（绻海绮想曲）（头像）,0,0,1031,501603101,0,,0,0,1000000,0
18154,神光（请请明月中）（头像）,0,0,1031,501402301,0,,0,0,1000000,0
18155,圣诞头像框,0,0,1031,9002,0,,0,0,1000000,0
18156,耀胜帝星,0,0,1031,9003,0,,0,0,1000000,0
18157,物种洗牌,0,0,1031,9004,0,,0,0,1000000,0
18158,传说起始,0,0,1031,9005,0,,0,0,1000000,0
18159,不毁之城,0,0,1031,9006,0,,0,0,1000000,0
18160,固若金汤,0,0,1031,9007,0,,0,0,1000000,0
18161,森严壁垒,0,0,1031,9008,0,,0,0,1000000,0
18162,试锻黑铁,0,0,1031,9009,0,,0,0,1000000,0
18163,冶铸青铜,0,0,1031,9010,0,,0,0,1000000,0
18164,精研白银,0,0,1031,9011,0,,0,0,1000000,0
18165,熔炼黄金,0,0,1031,9012,0,,0,0,1000000,0
18166,不褪白金,0,0,1031,9013,0,,0,0,1000000,0
18167,永传钻石,0,0,1031,9014,0,,0,0,1000000,0
18168,荣耀冠冕,0,0,1031,9015,0,,0,0,1000000,0
18169,千年记录仪,0,0,1031,9016,0,,0,0,1000000,0
18170,星游之旅,0,0,1031,9017,0,,0,0,1000000,0
18171,在江东吃火锅,0,0,1031,9018,0,,0,0,1000000,0
18172,不渝挚爱,0,0,1031,9019,0,,0,0,1000000,0
18173,王室风华,0,0,1031,9020,0,,0,0,1000000,0
18174,真心礼物盒,0,0,1031,9021,0,,0,0,1000000,0
18175,楔叶幽庭,0,0,1031,9022,0,,0,0,1000000,0
18176,无言的祈祷歌,0,0,1031,9023,0,,0,0,1000000,0
18177,头像框·丹心璃,0,0,1031,9024,0,,0,0,1000000,0
18178,永耀的午后,0,0,1031,9025,0,,0,0,1000000,0
18179,清海乐章,0,0,1031,9026,0,,0,0,1000000,0
18180,戏凰珠,0,0,1031,9027,0,,0,0,1000000,0
18181,幽羽绯光,0,0,1031,9028,0,,0,0,1000000,0
18182,洞察镜框,0,0,1031,9029,0,,0,0,1000000,0
18183,传说缔造者,0,0,1031,9030,0,,0,0,1000000,0
18184,绝域探索者,0,0,1031,9031,0,,0,0,1000000,0
18185,秘闻见证者,0,0,1031,9032,0,,0,0,1000000,0
18186,林海古迹,0,0,1031,9033,0,,0,0,1000000,0
18187,千千待解,0,0,1031,9034,0,,0,0,1000000,0
18188,英灵羽饰,0,0,1031,5002001,0,,0,0,1000000,0
18189,雷兽之尾,0,0,1031,5002002,0,,0,0,1000000,0
18190,秩序羽翼,0,0,1031,5002003,0,,0,0,1000000,0
18191,人鱼耳的模型,0,0,1031,5002004,0,,0,0,1000000,0
18192,游侠勋章,0,0,1031,5002005,0,,0,0,1000000,0
18193,红色咔呢,0,0,1031,5002006,0,,0,0,1000000,0
18194,魔术师帽,0,0,1031,5002007,0,,0,0,1000000,0
18195,药香绒尾,0,0,1031,5002008,0,,0,0,1000000,0
18196,白蕊纸贴,0,0,1031,5002009,0,,0,0,1000000,0
18197,兔子的耳朵,0,0,1031,5002010,0,,0,0,1000000,0
18198,优雅缎带,0,0,1031,5002011,0,,0,0,1000000,0
18199,偶像纹身贴纸,0,0,1031,5002012,0,,0,0,1000000,0
18200,女巫肤色,0,0,1031,5002013,0,,0,0,1000000,0
18201,骑士肩甲,0,0,1031,5002014,0,,0,0,1000000,0
18202,精灵飘带,0,0,1031,5002015,0,,0,0,1000000,0
18203,平衡呆毛,0,0,1031,5002017,0,,0,0,1000000,0
18204,胡狼尾饰,0,0,1031,5002018,0,,0,0,1000000,0
18205,澄澈之心,0,0,1031,5002019,0,,0,0,1000000,0
18206,白犀号角,0,0,1031,5002020,0,,0,0,1000000,0
18207,天明鹿角,0,0,1031,5002021,0,,0,0,1000000,0
18208,绿色领结,0,0,1031,5002022,0,,0,0,1000000,0
18209,紧急创可贴,0,0,1031,5002023,0,,0,0,1000000,0
18210,旅行腰包,0,0,1031,5002024,0,,0,0,1000000,0
18211,魅影腰带,0,0,1031,5002025,0,,0,0,1000000,0
18212,冷酷贴纸,0,0,1031,5002026,0,,0,0,1000000,0
18213,小恶魔尾,0,0,1031,5002027,0,,0,0,1000000,0
18214,爱神礼帽,0,0,1031,5002028,0,,0,0,1000000,0
18215,曜日天冠,0,0,1031,5002029,0,,0,0,1000000,0
18216,忍者面罩,0,0,1031,5002030,0,,0,0,1000000,0
18217,魔偶发型,0,0,1031,5002031,0,,0,0,1000000,0
18218,炎之獠牙,0,0,1031,5002032,0,,0,0,1000000,0
18219,命定宣告,0,0,1031,5002033,0,,0,0,1000000,0
18220,童话甜点,0,0,1031,5002034,0,,0,0,1000000,0
18221,纯洁恋情,0,0,1031,5002035,0,,0,0,1000000,0
18222,崇高龙尾,0,0,1031,5002036,0,,0,0,1000000,0
18223,水色睿智,0,0,1031,5002037,0,,0,0,1000000,0
18224,纯洁祈愿,0,0,1031,5002038,0,,0,0,1000000,0
18225,夜之肌肤,0,0,1031,5002039,0,,0,0,1000000,0
18226,“尽头”,0,0,1031,5002040,0,,0,0,1000000,0
18227,纯白龙尾,0,0,1031,5002041,0,,0,0,1000000,0
18228,鬼魅幽兰,0,0,1031,5002042,0,,0,0,1000000,0
18229,青蛙发带,0,0,1031,5002043,0,,0,0,1000000,0
18230,颂诗胸针,0,0,1031,5002044,0,,0,0,1000000,0
18231,怠惰的愿珠,0,0,1031,5002045,0,,0,0,1000000,0
18232,深渊眼眸,0,0,1031,5002046,0,,0,0,1000000,0
18233,小熊帽,0,0,1031,5002047,0,,0,0,1000000,0
18234,堕落之触,0,0,1031,5002048,0,,0,0,1000000,0
18235,航海眼罩,0,0,1031,5002049,0,,0,0,1000000,0
18236,青铜面具,0,0,1031,5002050,0,,0,0,1000000,0
18237,青鸟之翎,0,0,1031,5002051,0,,0,0,1000000,0
18238,卯兔布偶,0,0,1031,5002052,0,,0,0,1000000,0
18239,世界之泪,0,0,1031,5002053,0,,0,0,1000000,0
18240,流民万用刀,0,0,1031,5002054,0,,0,0,1000000,0
18241,荣耀弯角,0,0,1031,5002055,0,,0,0,1000000,0
18242,古董眼镜,0,0,1031,5002056,0,,0,0,1000000,0
18243,世界之泪,0,0,1031,5002057,0,,0,0,1000000,0
18244,聆听者的秘钥,0,0,1031,5002058,0,,0,0,1000000,0
18245,决心,0,0,1031,5002059,0,,0,0,1000000,0
18246,迷声金铃,0,0,1031,5002060,0,,0,0,1000000,0
18247,糖果腰包,0,0,1031,5002061,0,,0,0,1000000,0
18248,远行腿环,0,0,1031,5002062,0,,0,0,1000000,0
18249,引路蝶,0,0,1031,5002063,0,,0,0,1000000,0
18250,虔诚之握,0,0,1031,5002064,0,,0,0,1000000,0
18251,瑰丽之人,0,0,1031,5002065,0,,0,0,1000000,0
18252,纯白蝴蝶,0,0,1031,5002066,0,,0,0,1000000,0
18253,雪之花,0,0,1031,5002067,0,,0,0,1000000,0
18254,无名的胸针,0,0,1031,5002068,0,,0,0,1000000,0
18255,灰烬的咏叹,0,0,1031,5002069,0,,0,0,1000000,0
18256,星雪袖套,0,0,1031,5002070,0,,0,0,1000000,0
18257,钢铁手甲,0,0,1031,5003046,0,,0,0,1000000,0
18258,黑色贝雷帽,0,0,1031,5003047,0,,0,0,1000000,0
18259,摇曳猫尾,0,0,1031,5003048,0,,0,0,1000000,0
18260,忍猫公仔,0,0,1031,5003050,0,,0,0,1000000,0
18261,忍者绒耳,0,0,1031,5003051,0,,0,0,1000000,0
18262,辉光白鹿,0,0,1031,5003052,0,,0,0,1000000,0
18263,魔王之角,0,0,1031,5003053,0,,0,0,1000000,0
18264,Futurear,0,0,1031,5003054,0,,0,0,1000000,0
18265,收获日,0,0,1031,5003055,0,,0,0,1000000,0
18266,兔兔心叠结,0,0,1031,5003056,0,,0,0,1000000,0
18267,斋王之仪,0,0,1031,5003057,0,,0,0,1000000,0
18268,岁月耳羽,0,0,1031,5003058,0,,0,0,1000000,0
18269,神秘年糕？,0,0,1031,5003059,0,,0,0,1000000,0
18270,龙龙闹新春,0,0,1031,5003060,0,,0,0,1000000,0
18271,祈愿之顶,0,0,1031,5003061,0,,0,0,1000000,0
18272,圣龙之角,0,0,1031,5003062,0,,0,0,1000000,0
18273,白玫瑰发卡,0,0,1031,5003063,0,,0,0,1000000,0
18274,梦色玩偶熊,0,0,1031,5003064,0,,0,0,1000000,0
18275,辉光金轮坠,0,0,1031,5003065,0,,0,0,1000000,0
18276,天水羽饰,0,0,1031,5003066,0,,0,0,1000000,0
18277,昼夜的甜蜜,0,0,1031,5003067,0,,0,0,1000000,0
18278,情热耳羽,0,0,1031,5100001,0,,0,0,1000000,0
18279,永不迷失的牧铃,0,0,1031,5100002,0,,0,0,1000000,0
18280,锈红钥匙,0,0,1031,5003031,0,,0,0,1000000,0
18281,遥远辉星,0,0,1031,5003032,0,,0,0,1000000,0
18282,虚妄之花,0,0,1031,5003033,0,,0,0,1000000,0
18283,回魂小铃铛,0,0,1031,5003034,0,,0,0,1000000,0
18284,典雅缎带,0,0,1031,5003035,0,,0,0,1000000,0
18285,尖帽雪球熊,0,0,1031,5003036,0,,0,0,1000000,0
18286,可爱公仔,0,0,1031,5003037,0,,0,0,1000000,0
18287,白玉耳坠,0,0,1031,5003038,0,,0,0,1000000,0
18288,医者盟约,0,0,1031,5003039,0,,0,0,1000000,0
18289,明黄小鸭,0,0,1031,5003040,0,,0,0,1000000,0
18290,可爱遮阳帽,0,0,1031,5003041,0,,0,0,1000000,0
18291,海滨墨镜,0,0,1031,5003042,0,,0,0,1000000,0
18292,凰羽之冠,0,0,1031,5003043,0,,0,0,1000000,0
18293,沙滩绑腿,0,0,1031,5003044,0,,0,0,1000000,0
18294,墨色眼镜,0,0,1031,5003045,0,,0,0,1000000,0
18295,小兔日记,0,0,1031,5003068,0,,0,0,1000000,0
18296,白藕红结,0,0,1031,5003069,0,,0,0,1000000,0
18297,星动视线,0,0,1031,5003070,0,,0,0,1000000,0
18298,炽爱〔午后闲暇〕,0,0,1031,301300401,0,,0,0,1000000,0
18299,纳菲〔僵尸回魂夜〕,0,0,1031,301402101,0,,0,0,1000000,0
18300,2d温泉纳菲〔魔王的温泉请帖〕,0,0,1031,123014021,0,,0,0,1000000,0
18301,"丘吉尔〔爱,天使与假日〕",0,0,1031,301402201,0,,0,0,1000000,0
18302,2d雷雷〔暑夜一瞥〕,0,0,1031,301402401,0,,0,0,1000000,0
18303,安普莎〔猩红之种皮肤〕,0,0,1031,301402501,0,,0,0,1000000,0
18304,2d安普莎〔垂帘之下〕,0,0,1031,301402502,0,,0,0,1000000,0
18305,2d贝卡丝〔酩酊娇客〕,0,0,1031,301606801,0,,0,0,1000000,0
18306,2d卡萝琳（蓝雪落下时）,0,0,1031,243016011,0,,0,0,1000000,0
18307,安娜〔永夜幽昙〕,0,0,1031,301403001,0,,0,0,1000000,0
18308,伊拉〔爱的坦白日〕,0,0,1031,301403101,0,,0,0,1000000,0
18309,2d丹妮〔微醺的记述人〕,0,0,1031,301500201,0,,0,0,1000000,0
18310,耶坦尼娅〔维拉尔之梦〕,0,0,1031,301500401,0,,0,0,1000000,0
18311,耶坦尼娅〔希楠之泪〕,0,0,1031,301500402,0,,0,0,1000000,0
18312,2d希夕莉〔独属于您〕,0,0,1031,301500601,0,,0,0,1000000,0
18313,2d萨拉〔银河独奏之时〕,0,0,1031,301500701,0,,0,0,1000000,0
18314,牧〔冬雪奇妙夜〕,0,0,1031,301500801,0,,0,0,1000000,0
18315,2d吉拉蒂亚〔倾城之恋〕,0,0,1031,301600901,0,,0,0,1000000,0
18316,吉拉蒂亚〔池中落英〕,0,0,1031,301600903,0,,0,0,1000000,0
18317,吉拉蒂亚〔乱室佳人〕,0,0,1031,301600904,0,,0,0,1000000,0
18318,2d温泉瑞比娅〔双星降临之夜〕,0,0,1031,233016010,0,,0,0,1000000,0
18319,克尔苏娜〔谜兔奇遇记〕,0,0,1031,301601301,0,,0,0,1000000,0
18320,2d温泉克尔苏娜〔温流〕,0,0,1031,253016013,0,,0,0,1000000,0
18321,2d昔莱〔同酌之邀〕,0,0,1031,301607801,0,,0,0,1000000,0
18322,泳装伊卡洛斯〔盛夏新航路〕,0,0,1031,301613001,0,,0,0,1000000,0
18323,2d女仆桃〔盛放的清晨〕,0,0,1031,301400901,0,,0,0,1000000,0
18324,2d温泉桃〔含玉钩〕,0,0,1031,113014009,0,,0,0,1000000,0
18325,泳装塞蕾丝蒂娜〔跃动之白〕,0,0,1031,301602401,0,,0,0,1000000,0
18326,2d温泉塞蕾丝蒂娜〔巡深谷〕,0,0,1031,213016024,0,,0,0,1000000,0
18327,极焰〔辰龙会亲〕,0,0,1031,301618801,0,,0,0,1000000,0
18328,2d温泉极焰（掬满月）,0,0,1031,223016188,0,,0,0,1000000,0
18329,2d诺维雅〔重奏小夜曲〕,0,0,1031,301500101,0,,0,0,1000000,0
18330,雪泉（雪肤白砂）,0,0,1031,301700101,0,,0,0,1000000,0
18331,雪不归〔碧水玄发〕,0,0,1031,301700201,0,,0,0,1000000,0
18332,小闪（绻海绮想曲）,0,0,1031,301603101,0,,0,0,1000000,0
18333,2D神光（卿卿明月中）,0,0,1031,301402301,0,,0,0,1000000,0
18334,格蕾觉醒等级达到,0,0,1308,3013001,0,,0,0,1000000,0
18335,阿涅克丝觉醒等级,0,0,1308,3013003,0,,0,0,1000000,0
18336,炽爱觉醒等级,0,0,1308,3013004,0,,0,0,1000000,0
18337,水仙觉醒等级,0,0,1308,3013006,0,,0,0,1000000,0
18338,菲莉希亚觉醒等级,0,0,1308,3013007,0,,0,0,1000000,0
18339,梅露特觉醒等级,0,0,1308,3013008,0,,0,0,1000000,0
18340,奈奈芙觉醒等级,0,0,1308,3013009,0,,0,0,1000000,0
18341,菲尔盖娜觉醒等级,0,0,1308,3013013,0,,0,0,1000000,0
18342,玛瑙觉醒等级,0,0,1308,3013014,0,,0,0,1000000,0
18343,哀歌觉醒等级,0,0,1308,3013015,0,,0,0,1000000,0
18344,波斯菊觉醒等级,0,0,1308,3013017,0,,0,0,1000000,0
18345,爱琳觉醒等级,0,0,1308,3013018,0,,0,0,1000000,0
18346,库萝心觉醒等级,0,0,1308,3013019,0,,0,0,1000000,0
18347,维达觉醒等级,0,0,1308,3013020,0,,0,0,1000000,0
18348,莱拉觉醒等级,0,0,1308,3013022,0,,0,0,1000000,0
18349,芙洛拉觉醒等级,0,0,1308,3013023,0,,0,0,1000000,0
18350,多萝西觉醒等级,0,0,1308,3013025,0,,0,0,1000000,0
18351,普琳普顿觉醒等级,0,0,1308,3014001,0,,0,0,1000000,0
18352,黛比觉醒等级,0,0,1308,3014002,0,,0,0,1000000,0
18353,焰心觉醒等级,0,0,1308,3014003,0,,0,0,1000000,0
18354,索菲觉醒等级,0,0,1308,3014004,0,,0,0,1000000,0
18355,弥生觉醒等级,0,0,1308,3014005,0,,0,0,1000000,0
18356,恋花觉醒等级,0,0,1308,3014006,0,,0,0,1000000,0
18357,桃觉醒等级,0,0,1308,3014009,0,,0,0,1000000,0
18358,艾斯塔利亚觉醒等级,0,0,1308,3014011,0,,0,0,1000000,0
18359,未来觉醒等级,0,0,1308,3014012,0,,0,0,1000000,0
18360,杏林觉醒等级,0,0,1308,3014016,0,,0,0,1000000,0
18361,花梨觉醒等级,0,0,1308,3014017,0,,0,0,1000000,0
18362,诗娅觉醒等级,0,0,1308,3014018,0,,0,0,1000000,0
18363,艾什尔觉醒等级,0,0,1308,3014019,0,,0,0,1000000,0
18364,阿波菲斯觉醒等级,0,0,1308,3014020,0,,0,0,1000000,0
18365,纳菲觉醒等级,0,0,1308,3014021,0,,0,0,1000000,0
18366,丘吉尔觉醒等级,0,0,1308,3014022,0,,0,0,1000000,0
18367,神光觉醒等级,0,0,1308,3014023,0,,0,0,1000000,0
18368,雷雷觉醒等级,0,0,1308,3014024,0,,0,0,1000000,0
18369,安普莎觉醒等级,0,0,1308,3014025,0,,0,0,1000000,0
18370,库萝爱觉醒等级,0,0,1308,3014026,0,,0,0,1000000,0
18371,贝拉觉醒等级,0,0,1308,3014027,0,,0,0,1000000,0
18372,卡洛蒂觉醒等级,0,0,1308,3014028,0,,0,0,1000000,0
18373,贝儿觉醒等级,0,0,1308,3014029,0,,0,0,1000000,0
18374,安娜觉醒等级,0,0,1308,3014030,0,,0,0,1000000,0
18375,伊拉觉醒等级,0,0,1308,3014031,0,,0,0,1000000,0
18376,诺维雅觉醒等级,0,0,1308,3015001,0,,0,0,1000000,0
18377,丹妮觉醒等级,0,0,1308,3015002,0,,0,0,1000000,0
18378,耶坦尼娅觉醒等级,0,0,1308,3015004,0,,0,0,1000000,0
18379,希夕莉觉醒等级,0,0,1308,3015006,0,,0,0,1000000,0
18380,萨拉觉醒等级,0,0,1308,3015007,0,,0,0,1000000,0
18381,牧觉醒等级,0,0,1308,3015008,0,,0,0,1000000,0
18382,吉拉蒂亚觉醒等级,0,0,1308,3016009,0,,0,0,1000000,0
18383,瑞比娅觉醒等级,0,0,1308,3016010,0,,0,0,1000000,0
18384,卡萝琳觉醒等级,0,0,1308,3016011,0,,0,0,1000000,0
18385,克尔苏娜觉醒等级,0,0,1308,3016013,0,,0,0,1000000,0
18386,露易丝觉醒等级,0,0,1308,3016016,0,,0,0,1000000,0
18387,罗莎莉觉醒等级,0,0,1308,3016017,0,,0,0,1000000,0
18388,奈奥米觉醒等级,0,0,1308,3016020,0,,0,0,1000000,0
18389,佩内洛普觉醒等级,0,0,1308,3016023,0,,0,0,1000000,0
18390,塞蕾丝蒂娜觉醒等级,0,0,1308,3016024,0,,0,0,1000000,0
18391,小闪觉醒等级,0,0,1308,3016031,0,,0,0,1000000,0
18392,仙蒂觉醒等级,0,0,1308,3016038,0,,0,0,1000000,0
18393,艾琳娜觉醒等级,0,0,1308,3016049,0,,0,0,1000000,0
18394,贝卡丝觉醒等级,0,0,1308,3016068,0,,0,0,1000000,0
18395,昔莱觉醒等级,0,0,1308,3016078,0,,0,0,1000000,0
18396,杜达·戴维觉醒等级,0,0,1308,3016119,0,,0,0,1000000,0
18397,伊卡洛斯觉醒等级,0,0,1308,3016130,0,,0,0,1000000,0
18398,异邦波斯菊觉醒等级,0,0,1308,3016187,0,,0,0,1000000,0
18399,极焰觉醒等级,0,0,1308,3016188,0,,0,0,1000000,0
18400,塔嘉娜觉醒等级,0,0,1308,3016189,0,,0,0,1000000,0
18401,雪泉觉醒等级,0,0,1308,3017001,0,,0,0,1000000,0
18402,雪不归觉醒等级,0,0,1308,3017002,0,,0,0,1000000,0
18403,每日Boss头像框第一名,0,0,1031,9037,0,,0,0,1000000,0
18404,每日Boss头像框第二名,0,0,1031,9036,0,,0,0,1000000,0
18405,CR用户头像,0,0,1031,9035,0,,0,0,1000000,0
18406,黯渊主宰,0,0,1031,7501,0,,0,0,1000000,0
18407,影帷先锋,0,0,1031,7502,0,,0,0,1000000,0
18408,幽域行者,0,0,1031,7503,0,,0,0,1000000,0
18409,始于无罪,0,0,1031,7002,0,,0,0,1000000,0
18410,千恋万昧,0,0,1031,7003,0,,0,0,1000000,0
18411,人子羁情,0,0,1031,7004,0,,0,0,1000000,0
18412,仆从之主,0,0,1031,7005,0,,0,0,1000000,0
18413,受难福祉,0,0,1031,7006,0,,0,0,1000000,0
18414,君王之王,0,0,1031,7007,0,,0,0,1000000,0
18415,传道意属,0,0,1031,7008,0,,0,0,1000000,0
18416,神子眷者,0,0,1031,7009,0,,0,0,1000000,0
18417,诞生礼赞,0,0,1031,7010,0,,0,0,1000000,0
18418,圣殿领袖,0,0,1031,7011,0,,0,0,1000000,0
18419,约会管理大师,0,0,1031,7012,0,,0,0,1000000,0
18420,主神的天命,0,0,1031,7013,0,,0,0,1000000,0
18421,亮闪闪的,0,0,1031,7014,0,,0,0,1000000,0
18422,来自星海,0,0,1031,7015,0,,0,0,1000000,0
18423,八方漫游,0,0,1031,7016,0,,0,0,1000000,0
18424,深藏功名,0,0,1031,7017,0,,0,0,1000000,0
18425,执剑人,0,0,1031,7018,0,,0,0,1000000,0
18426,太劲了口牙,0,0,1031,7019,0,,0,0,1000000,0
18427,旧日的不死人,0,0,1031,7020,0,,0,0,1000000,0
18428,赛马机器,0,0,1031,7021,0,,0,0,1000000,0
18429,异邦波斯菊（本色出演）（头像）,0,0,1031,501618701,0,,0,0,1000000,0
18430,异邦波斯菊（本色出演）（皮肤）,0,0,1031,301618701,0,,0,0,1000000,0
18431,桃主题活动排行榜称号,0,0,1031,7504,0,,0,0,1000000,0
18432,桃主题活动排行榜称号,0,0,1031,7505,0,,0,0,1000000,0
18433,桃主题活动排行榜称号,0,0,1031,7506,0,,0,0,1000000,0
18434,昔莱主题活动排行榜称号,0,0,1031,7507,0,,0,0,1000000,0
18435,昔莱主题活动排行榜称号,0,0,1031,7508,0,,0,0,1000000,0
18436,昔莱主题活动排行榜称号,0,0,1031,7509,0,,0,0,1000000,0
18437,大波斯菊主题活动排行榜称号,0,0,1031,7510,0,,0,0,1000000,0
18438,大波斯菊主题活动排行榜称号,0,0,1031,7511,0,,0,0,1000000,0
18439,大波斯菊主题活动排行榜称号,0,0,1031,7512,0,,0,0,1000000,0
18440,奈奥米主题活动排行榜称号,0,0,1031,7513,0,,0,0,1000000,0
18441,奈奥米主题活动排行榜称号,0,0,1031,7514,0,,0,0,1000000,0
18442,奈奥米主题活动排行榜称号,0,0,1031,7515,0,,0,0,1000000,0
18443,牧（牧色朦胧）（头像）,0,0,1031,501500802,0,,0,0,1000000,0
18444,牧（牧色朦胧）（皮肤）,0,0,1031,301500802,0,,0,0,1000000,0
18445,2D奈奥米（月下银铃）(头像),0,0,1031,501602001,0,,0,0,1000000,0
18446,2D奈奥米（月下银铃）(皮肤),0,0,1031,301602001,0,,0,0,1000000,0
18447,爱尔维拉（头像）,0,0,1031,3016191,0,,0,0,1000000,0
18448,爱尔维拉觉醒等级,0,0,1308,3016191,0,,0,0,1000000,0
18449,桃华（饰品）,0,0,1031,5100004,0,,0,0,1000000,0
18450,神光（天光恋火）（头像）,0,0,1031,501402302,0,,0,0,1000000,0
18451,神光（天光恋火）（皮肤）,0,0,1031,301402302,0,,0,0,1000000,0
18452,神光（天光恋火）萦梦誓羽（饰品）,0,0,1031,5003071,0,,0,0,1000000,0
18453,小闪（四等分的下午茶）（头像）,0,0,1031,501603102,0,,0,0,1000000,0
18454,小闪（四等分的下午茶）（皮肤）,0,0,1031,301603102,0,,0,0,1000000,0
18455,爱尔维拉（打工吧！恶龙大人）（头像）,0,0,1031,501619101,0,,0,0,1000000,0
18456,爱尔维拉（打工吧！恶龙大人）（皮肤）,0,0,1031,301619101,0,,0,0,1000000,0
18457,神光（天光恋火）（头像框）,0,0,1031,9038,0,,0,0,1000000,0
18458,爱尔维拉（饰品）,0,0,1031,5002071,0,,0,0,1000000,0
18459,爱尔维拉（活动头像）（头像）,0,0,1031,4020046,0,,0,0,1000000,0
19000,桃主题活动，挑战关卡积分计算1020301,0,"115,1020301,1020301",1311,0,0,2,4,0,2100000000,0
19001,桃主题活动，挑战关卡积分计算1020302,0,"115,1020302,1020302",1311,0,0,2,4,0,2100000000,0
19002,桃主题活动，挑战关卡积分计算1020303,0,"115,1020303,1020303",1311,0,0,2,4,0,2100000000,0
19003,桃主题活动，挑战关卡积分计算1020304,0,"115,1020304,1020304",1311,0,0,2,4,0,2100000000,0
19004,桃主题活动，挑战关卡积分计算1020305,0,"115,1020305,1020305",1311,0,0,2,4,0,2100000000,0
19005,桃主题活动，挑战排名（取所有挑战关最高积分）,0,"123,10203,10203",1311,0,0,2,4,0,2100000000,0
19006,大波斯菊主题活动，挑战关卡积分计算1040301,0,"115,1040301,1040301",1311,0,0,2,4,0,2100000000,0
19007,大波斯菊主题活动，挑战关卡积分计算1040302,0,"115,1040302,1040302",1311,0,0,2,4,0,2100000000,0
19008,大波斯菊主题活动，挑战关卡积分计算1040303,0,"115,1040303,1040303",1311,0,0,2,4,0,2100000000,0
19009,大波斯菊主题活动，挑战关卡积分计算1040304,0,"115,1040304,1040304",1311,0,0,2,4,0,2100000000,0
19010,大波斯菊主题活动，挑战关卡积分计算1040305,0,"115,1040305,1040305",1311,0,0,2,4,0,2100000000,0
19011,大波斯菊主题活动，挑战排名（取所有挑战关最高积分）,0,"123,10403,10403",1311,0,0,2,4,0,2100000000,0
19012,昔莱主题活动，挑战关卡积分计算1030301,0,"115,1030301,1030301",1311,0,0,2,4,0,2100000000,0
19013,昔莱主题活动，挑战关卡积分计算1030302,0,"115,1030302,1030302",1311,0,0,2,4,0,2100000000,0
19014,昔莱主题活动，挑战关卡积分计算1030303,0,"115,1030303,1030303",1311,0,0,2,4,0,2100000000,0
19015,昔莱主题活动，挑战关卡积分计算1030304,0,"115,1030304,1030304",1311,0,0,2,4,0,2100000000,0
19016,昔莱主题活动，挑战关卡积分计算1030305,0,"115,1030305,1030305",1311,0,0,2,4,0,2100000000,0
19017,昔莱主题活动，挑战排名（取所有挑战关最高积分）,0,"123,10303,10303",1311,0,0,2,4,0,2100000000,0
19018,奈奥米主题活动，挑战关卡积分计算1050301,0,"115,1050301,1050301",1311,0,0,2,4,0,2100000000,0
19019,奈奥米主题活动，挑战关卡积分计算1050302,0,"115,1050302,1050302",1311,0,0,2,4,0,2100000000,0
19020,奈奥米主题活动，挑战关卡积分计算1050303,0,"115,1050303,1050303",1311,0,0,2,4,0,2100000000,0
19021,奈奥米主题活动，挑战关卡积分计算1050304,0,"115,1050304,1050304",1311,0,0,2,4,0,2100000000,0
19022,奈奥米主题活动，挑战关卡积分计算1050305,0,"115,1050305,1050305",1311,0,0,2,4,0,2100000000,0
19023,奈奥米主题活动，挑战排名（取所有挑战关最高积分）,0,"123,10503,10503",1311,0,0,2,4,0,2100000000,0
19024,爱尔维拉主题活动，挑战关卡积分计算1200301,0,"115,1200301,1200301",1311,0,0,2,4,0,2100000000,0
19025,爱尔维拉主题活动，挑战关卡积分计算1200302,0,"115,1200302,1200302",1311,0,0,2,4,0,2100000000,0
19026,爱尔维拉主题活动，挑战关卡积分计算1200303,0,"115,1200303,1200303",1311,0,0,2,4,0,2100000000,0
19027,爱尔维拉主题活动，挑战关卡积分计算1200304,0,"115,1200304,1200304",1311,0,0,2,4,0,2100000000,0
19028,爱尔维拉主题活动，挑战关卡积分计算1200305,0,"115,1200305,1200305",1311,0,0,2,4,0,2100000000,0
19029,爱尔维拉活动，挑战排名（取所有挑战关最高积分）,0,"123,12003,12003",1311,0,0,2,4,0,2100000000,0
19030,通关魔物列阵x次（每赛季）,0,"100,2,2",1024,0,0,2,4,0,100000,0
5000,单场战斗造成最高直接伤害（含溢出）,0,0,1115,0,0,2,0,0,2100000000,0
5001,单场战斗造成最高韧性伤害（含溢出）,0,0,1138,0,0,2,0,0,2100000000,0
5002,单次行动造成的最大伤害,0,0,1140,0,0,2,0,0,2100000000,0
5003,单次行动造成的最大韧性伤害,0,0,1139,0,0,2,0,0,2100000000,0
5004,单场战斗最高治疗总量,0,0,1124,0,0,2,0,0,2100000000,0
5005,单场战斗最高护盾总量,0,0,1127,0,0,2,0,0,2100000000,0
5006,单场战斗最高能量消耗,0,0,1101,0,0,2,0,0,2100000000,0
5007,第1章狭间最大层数,0,0,1077,1,0,2,0,0,2100000000,0
5008,第2章狭间最大层数,0,0,1077,2,0,2,0,0,2100000000,0
5009,第3章狭间最大层数,0,0,1077,3,0,2,0,0,2100000000,0
5010,第4章狭间最大层数,0,0,1077,4,0,2,0,0,2100000000,0
5011,第5章狭间最大层数,0,0,1077,5,0,2,0,0,2100000000,0
80001,深渊之域（排行榜伤害排名）,0,0,1312,0,0,2,1,0,2100000000,0
81001,黯影地牢 肉鸽爬塔s1赛季 无限章最大层数,0,0,1074,406,0,2,4,0,2100000000,0
81002,黯影地牢 肉鸽爬塔s1赛季 总通关关卡数（有限+无尽）,0,0,1326,0,0,2,4,0,2100000000,0
101000,序章,0,"115,99999991,99999991",1022,0,0,,0,0,99999,0
101010,新时代,0,"115,10101,10101",1022,0,0,,0,0,99999,0
101020,世界尽头与亿万星痕,0,0,1041,5801003,0,,0,0,99999,0
101030,班底,0,"115,10103,10103",1022,0,0,,0,0,99999,0
101040,朋友,0,0,1041,5801006,0,,0,0,99999,0
101050,窃食者,0,0,1041,5801007,0,,0,0,99999,0
101060,第二现场,0,"115,10106,10106",1022,0,0,,0,0,99999,0
101070,纯白阴影,0,"115,10107,10107",1022,0,0,,0,0,99999,0
101080,草蛇灰线,0,0,1041,5801011,0,,0,0,99999,0
101090,圈套,0,"115,10109,10109",1022,0,0,,0,0,99999,0
101100,最终现场,0,"115,10110,10110",1022,0,0,,0,0,99999,0
101110,猎物,0,0,1041,5801015,0,,0,0,99999,0
101120,病,0,"115,10112,10112",1022,0,0,,0,0,99999,0
101130,传染,0,"115,10113,10113",1022,0,0,,0,0,99999,0
101140,追查,0,"115,10114,10114",1022,0,0,,0,0,99999,0
101150,讨伐-1,0,"115,10115,10115",1022,0,0,,0,0,99999,0
101160,讨伐-2,0,"115,10116,10116",1022,0,0,,0,0,99999,0
101170,讨伐-3,0,"115,10117,10117",1022,0,0,,0,0,99999,0
101180,讨伐-4,0,"115,10118,10118",1022,0,0,,0,0,99999,0
101190,讨伐-5,0,"115,10119,10119",1022,0,0,,0,0,99999,0
101200,讨伐-6,0,"115,10120,10120",1022,0,0,,0,0,99999,0
101210,讨伐-7,0,"115,10121,10121",1022,0,0,,0,0,99999,0
101220,讨伐-8,0,"115,10122,10122",1022,0,0,,0,0,99999,0
101230,讨伐-9,0,"115,10123,10123",1022,0,0,,0,0,99999,0
101240,讨伐-10,0,"115,10124,10124",1022,0,0,,0,0,99999,0
101250,讨伐-11,0,"115,10125,10125",1022,0,0,,0,0,99999,0
101260,讨伐-12,0,"115,10126,10126",1022,0,0,,0,0,99999,0
101270,讨伐-13,0,"115,10127,10127",1022,0,0,,0,0,99999,0
102010,小雨,0,"115,10201,10201",1022,0,0,,0,0,99999,0
102020,怠慢与谨慎,0,"115,10202,10202",1022,0,0,,0,0,99999,0
102030,谜题,0,0,1041,5801024,0,,0,0,99999,0
102040,雨痕,0,0,1041,5801025,0,,0,0,99999,0
102050,乌云,0,0,1041,5801026,0,,0,0,99999,0
102060,蛀虫,0,0,1041,5801027,0,,0,0,99999,0
102070,天敌,0,0,1041,5801028,0,,0,0,99999,0
102080,分歧,0,0,1041,5801029,0,,0,0,99999,0
102090,期待,0,0,1041,5801030,0,,0,0,99999,0
102100,嘲笑,0,0,1041,5801031,0,,0,0,99999,0
102110,夜魇,0,0,1041,5801032,0,,0,0,99999,0
102120,选择,0,0,1041,5801033,0,,0,0,99999,0
102130,预报,0,"115,10213,10213",1022,0,0,,0,0,99999,0
102140,倾盆,0,"115,10214,10214",1022,0,0,,0,0,99999,0
102150,洗脱,0,0,1041,5801037,0,,0,0,99999,0
102160,讨伐-1,0,"115,10216,10216",1022,0,0,,0,0,99999,0
102170,讨伐-2,0,"115,10217,10217",1022,0,0,,0,0,99999,0
102180,讨伐-3,0,"115,10218,10218",1022,0,0,,0,0,99999,0
102190,讨伐-4,0,"115,10219,10219",1022,0,0,,0,0,99999,0
102200,讨伐-5,0,"115,10220,10220",1022,0,0,,0,0,99999,0
102210,讨伐-6,0,"115,10221,10221",1022,0,0,,0,0,99999,0
102220,讨伐-7,0,"115,10222,10222",1022,0,0,,0,0,99999,0
102230,讨伐-8,0,"115,10223,10223",1022,0,0,,0,0,99999,0
102240,讨伐-9,0,"115,10224,10224",1022,0,0,,0,0,99999,0
102250,讨伐-10,0,"115,10225,10225",1022,0,0,,0,0,99999,0
102260,讨伐-11,0,"115,10226,10226",1022,0,0,,0,0,99999,0
102270,讨伐-12,0,"115,10227,10227",1022,0,0,,0,0,99999,0
102280,讨伐-13,0,"115,10228,10228",1022,0,0,,0,0,99999,0
103010,冰冷,0,0,1041,5801038,0,,0,0,99999,0
103020,折翼,0,0,1041,5801039,0,,0,0,99999,0
103030,调动,0,0,1041,5801040,0,,0,0,99999,0
103040,盛宴,0,0,1041,5801041,0,,0,0,99999,0
103050,萌芽,0,0,1041,5801042,0,,0,0,99999,0
103060,警告,0,"115,10306,10306",1022,0,0,,0,0,99999,0
103070,断链,0,"115,10307,10307",1022,0,0,,0,0,99999,0
103080,噬灭,0,"115,10308,10308",1022,0,0,,0,0,99999,0
103090,破土,0,0,1041,5801048,0,,0,0,99999,0
103100,剪除,0,"115,10310,10310",1022,0,0,,0,0,99999,0
103110,独白,0,"115,10311,10311",1022,0,0,,0,0,99999,0
103120,讨伐-1,0,"115,10312,10312",1022,0,0,,0,0,99999,0
103130,讨伐-2,0,"115,10313,10313",1022,0,0,,0,0,99999,0
103140,讨伐-3,0,"115,10314,10314",1022,0,0,,0,0,99999,0
103150,讨伐-4,0,"115,10315,10315",1022,0,0,,0,0,99999,0
103160,讨伐-5,0,"115,10316,10316",1022,0,0,,0,0,99999,0
103170,讨伐-6,0,"115,10317,10317",1022,0,0,,0,0,99999,0
103180,讨伐-7,0,"115,10318,10318",1022,0,0,,0,0,99999,0
103190,讨伐-8,0,"115,10319,10319",1022,0,0,,0,0,99999,0
103200,讨伐-9,0,"115,10320,10320",1022,0,0,,0,0,99999,0
104010,园丁,0,0,1041,5801053,0,,0,0,99999,0
104020,沃土,0,0,1041,5801054,0,,0,0,99999,0
104030,虫害,0,"115,10403,10403",1022,0,0,,0,0,99999,0
104040,播种,0,0,1041,5801057,0,,0,0,99999,0
104050,含苞,0,0,1041,5801058,0,,0,0,99999,0
104060,花粉,0,0,1041,5801059,0,,0,0,99999,0
104070,剪除,0,"115,10407,10407",1022,0,0,,0,0,99999,0
104080,等待,0,0,1041,5801062,0,,0,0,99999,0
104090,月色,0,0,1041,5801063,0,,0,0,99999,0
104100,幽香,0,0,1041,5801064,0,,0,0,99999,0
104110,绽放,0,0,1041,5801065,0,,0,0,99999,0
104120,虚妄,0,"115,10412,10412",1022,0,0,,0,0,99999,0
104130,猎获,0,"115,10413,10413",1022,0,0,,0,0,99999,0
104140,枯萎,0,"115,10414,10414",1022,0,0,,0,0,99999,0
104150,硕果,0,0,1041,5801070,0,,0,0,99999,0
104160,讨伐-1,0,"115,10416,10416",1022,0,0,,0,0,99999,0
104170,讨伐-2,0,"115,10417,10417",1022,0,0,,0,0,99999,0
104180,讨伐-3,0,"115,10418,10418",1022,0,0,,0,0,99999,0
104190,讨伐-4,0,"115,10419,10419",1022,0,0,,0,0,99999,0
104200,讨伐-5,0,"115,10420,10420",1022,0,0,,0,0,99999,0
104210,讨伐-6,0,"115,10421,10421",1022,0,0,,0,0,99999,0
104220,讨伐-7,0,"115,10422,10422",1022,0,0,,0,0,99999,0
104230,讨伐-8,0,"115,10423,10423",1022,0,0,,0,0,99999,0
104240,讨伐-9,0,"115,10424,10424",1022,0,0,,0,0,99999,0
105010,祭品,0,0,1041,5801071,0,,0,0,99999,0
105020,朋友,0,0,1041,5801072,0,,0,0,99999,0
105030,重逢,0,0,1041,5801073,0,,0,0,99999,0
105040,誓言,0,0,1041,5801074,0,,0,0,99999,0
105050,博弈,0,0,1041,5801075,0,,0,0,99999,0
105060,注视,0,"115,10506,10506",1022,0,0,,0,0,99999,0
105070,月咏,0,"115,10507,10507",1022,0,0,,0,0,99999,0
105080,回响,0,0,1041,5801080,0,,0,0,99999,0
105090,花朵,0,0,1041,5801081,0,,0,0,99999,0
105100,赎买,0,"115,10510,10510",1022,0,0,,0,0,99999,0
105110,耻辱,0,0,1041,5801084,0,,0,0,99999,0
105120,宴,0,0,1041,5801085,0,,0,0,99999,0
105130,追求,0,"115,10513,10513",1022,0,0,,0,0,99999,0
105140,边缘,0,0,1041,5801087,0,,0,0,99999,0
105150,道路,0,0,1041,5801088,0,,0,0,99999,0
105160,憎恨,0,"115,10516,10516",1022,0,0,,0,0,99999,0
105170,掌心,0,0,1041,5801091,0,,0,0,99999,0
105180,义人,0,0,1041,5801092,0,,0,0,99999,0
105190,獠牙,0,"115,10519,10519",1022,0,0,,0,0,99999,0
105200,代价,0,0,1041,5801095,0,,0,0,99999,0
105210,讨伐-1,0,"115,10521,10521",1022,0,0,,0,0,99999,0
105220,讨伐-2,0,"115,10522,10522",1022,0,0,,0,0,99999,0
105230,讨伐-3,0,"115,10523,10523",1022,0,0,,0,0,99999,0
105240,讨伐-4,0,"115,10524,10524",1022,0,0,,0,0,99999,0
105250,讨伐-5,0,"115,10525,10525",1022,0,0,,0,0,99999,0
105260,讨伐-6,0,"115,10526,10526",1022,0,0,,0,0,99999,0
105270,讨伐-7,0,"115,10527,10527",1022,0,0,,0,0,99999,0
105280,讨伐-8,0,"115,10528,10528",1022,0,0,,0,0,99999,0
105290,讨伐-9,0,"115,10529,10529",1022,0,0,,0,0,99999,0
105300,讨伐-10,0,"115,10530,10530",1022,0,0,,0,0,99999,0
105310,讨伐-11,0,"115,10531,10531",1022,0,0,,0,0,99999,0
105320,讨伐-12,0,"115,10532,10532",1022,0,0,,0,0,99999,0
105330,讨伐-13,0,"115,10533,10533",1022,0,0,,0,0,99999,0
106010,讨伐-1,0,"115,10601,10601",1022,0,0,,0,0,99999,0
106020,讨伐-2,0,"115,10602,10602",1022,0,0,,0,0,99999,0
106030,讨伐-3,0,"115,10603,10603",1022,0,0,,0,0,99999,0
106040,讨伐-4,0,"115,10604,10604",1022,0,0,,0,0,99999,0
106050,讨伐-5,0,"115,10605,10605",1022,0,0,,0,0,99999,0
106060,讨伐-6,0,"115,10606,10606",1022,0,0,,0,0,99999,0
106070,讨伐-7,0,"115,10607,10607",1022,0,0,,0,0,99999,0
106080,讨伐-8,0,"115,10608,10608",1022,0,0,,0,0,99999,0
106090,讨伐-9,0,"115,10609,10609",1022,0,0,,0,0,99999,0
106100,讨伐-10,0,"115,10610,10610",1022,0,0,,0,0,99999,0
106110,讨伐-11,0,"115,10611,10611",1022,0,0,,0,0,99999,0
106120,讨伐-12,0,"115,10612,10612",1022,0,0,,0,0,99999,0
106130,讨伐-13,0,"115,10613,10613",1022,0,0,,0,0,99999,0
106140,讨伐-14,0,"115,10614,10614",1022,0,0,,0,0,99999,0
106150,讨伐-15,0,"115,10615,10615",1022,0,0,,0,0,99999,0
106160,讨伐-16,0,"115,10616,10616",1022,0,0,,0,0,99999,0
106170,讨伐-17,0,"115,10617,10617",1022,0,0,,0,0,99999,0
106180,讨伐-18,0,"115,10618,10618",1022,0,0,,0,0,99999,0
106190,讨伐-19,0,"115,10619,10619",1022,0,0,,0,0,99999,0
106200,讨伐-20,0,"115,10620,10620",1022,0,0,,0,0,99999,0
106210,讨伐-21,0,"115,10621,10621",1022,0,0,,0,0,99999,0
106220,讨伐-22,0,"115,10622,10622",1022,0,0,,0,0,99999,0
107010,反思,0,0,1041,5801096,0,,0,0,99999,0
107020,苍白与血,0,0,1041,5801097,0,,0,0,99999,0
107030,誓约的秘密,0,0,1041,5801098,0,,0,0,99999,0
107040,夜谈,0,0,1041,5801099,0,,0,0,99999,0
107050,谈判,0,0,1041,5801100,0,,0,0,99999,0
107060,一千七百年的阴影,0,0,1041,5801101,0,,0,0,99999,0
107070,盈泪,0,0,1041,5801102,0,,0,0,99999,0
107080,誓言的诅咒,0,0,1041,5801103,0,,0,0,99999,0
107090,她的噩梦,0,0,1041,5801134,0,,0,0,99999,0
107100,信和线索,0,0,1041,5801104,0,,0,0,99999,0
107110,行动,0,0,1041,5801105,0,,0,0,99999,0
107120,戏剧性桥段,0,0,1041,5801106,0,,0,0,99999,0
107130,生面孔,0,0,1041,5801107,0,,0,0,99999,0
107140,冷血动物与复仇者,0,0,1041,5801108,0,,0,0,99999,0
107150,婚约与抵达者,0,0,1041,5801109,0,,0,0,99999,0
107160,玩火,0,0,1041,5801110,0,,0,0,99999,0
107170,讨伐-1,0,"115,10717,10717",1022,0,0,,0,0,99999,0
107180,讨伐-2,0,"115,10718,10718",1022,0,0,,0,0,99999,0
107190,讨伐-3,0,"115,10719,10719",1022,0,0,,0,0,99999,0
107200,讨伐-4,0,"115,10720,10720",1022,0,0,,0,0,99999,0
107210,讨伐-5,0,"115,10721,10721",1022,0,0,,0,0,99999,0
107220,讨伐-6,0,"115,10722,10722",1022,0,0,,0,0,99999,0
107230,讨伐-7,0,"115,10723,10723",1022,0,0,,0,0,99999,0
107240,讨伐-8,0,"115,10724,10724",1022,0,0,,0,0,99999,0
107250,讨伐-9,0,"115,10725,10725",1022,0,0,,0,0,99999,0
107260,讨伐-10,0,"115,10726,10726",1022,0,0,,0,0,99999,0
108010,情报交流,0,0,1041,5801111,0,,0,0,99999,0
108020,黑神月咏在做梦,0,0,1041,5801112,0,,0,0,99999,0
108030,不受欢迎的客人,0,0,1041,5801113,0,,0,0,99999,0
108040,阴谋与亲吻,0,0,1041,5801114,0,,0,0,99999,0
108050,米娅的消息,0,0,1041,5801115,0,,0,0,99999,0
108060,渗透计划,0,0,1041,5801116,0,,0,0,99999,0
108070,于逃亡的旅途中,0,0,1041,5801117,0,,0,0,99999,0
108080,米娅·霍洛韦尔,0,0,1041,5801118,0,,0,0,99999,0
108090,恶魔,0,0,1041,5801119,0,,0,0,99999,0
108100,登门造访,0,0,1041,5801120,0,,0,0,99999,0
108110,诱饵行动,0,0,1041,5801121,0,,0,0,99999,0
108120,另一个世界,0,0,1041,5801122,0,,0,0,99999,0
108130,提醒和诅咒转移,0,0,1041,5801123,0,,0,0,99999,0
108140,情与欲,0,0,1041,5801124,0,,0,0,99999,0
108150,酝酿,0,0,1041,5801125,0,,0,0,99999,0
108160,廉耻是火焰,0,"115,10816,10816",1022,0,0,,0,0,99999,0
108170,戛然而止,0,"115,10817,10817",1022,0,0,,0,0,99999,0
108180,讨伐-1,0,"115,10818,10818",1022,0,0,,0,0,99999,0
108190,讨伐-2,0,"115,10819,10819",1022,0,0,,0,0,99999,0
108200,讨伐-3,0,"115,10820,10820",1022,0,0,,0,0,99999,0
108210,讨伐-4,0,"115,10821,10821",1022,0,0,,0,0,99999,0
108220,讨伐-5,0,"115,10822,10822",1022,0,0,,0,0,99999,0
108230,讨伐-6,0,"115,10823,10823",1022,0,0,,0,0,99999,0
108240,讨伐-7,0,"115,10824,10824",1022,0,0,,0,0,99999,0
108250,讨伐-8,0,"115,10825,10825",1022,0,0,,0,0,99999,0
108260,讨伐-9,0,"115,10826,10826",1022,0,0,,0,0,99999,0
108270,讨伐-10,0,"115,10827,10827",1022,0,0,,0,0,99999,0
108280,讨伐-11,0,"115,10828,10828",1022,0,0,,0,0,99999,0
108290,讨伐-12,0,"115,10829,10829",1022,0,0,,0,0,99999,0
108300,讨伐-13,0,"115,10830,10830",1022,0,0,,0,0,99999,0
108310,讨伐-14,0,"115,10831,10831",1022,0,0,,0,0,99999,0
108320,讨伐-15,0,"115,10832,10832",1022,0,0,,0,0,99999,0
108330,讨伐-16,0,"115,10833,10833",1022,0,0,,0,0,99999,0
109010,从喧嚣开始,0,0,1041,5801140,0,,0,0,99999,0
109020,意外赠礼,0,0,1041,5801141,0,,0,0,99999,0
109030,一个假设,0,0,1041,5801142,0,,0,0,99999,0
109040,假说形成的过程,0,0,1041,5801143,0,,0,0,99999,0
109050,魔女们的“真实”,0,0,1041,5801144,0,,0,0,99999,0
109060,最喜欢谁的问题,0,0,1041,5801145,0,,0,0,99999,0
109070,恶魔总在地狱中,0,0,1041,5801146,0,,0,0,99999,0
109080,激昂,0,0,1041,5801147,0,,0,0,99999,0
109090,犹豫的时光,0,0,1041,5801148,0,,0,0,99999,0
109100,三个小的,0,0,1041,5801149,0,,0,0,99999,0
109110,返祖恶魔,0,0,1041,5801150,0,,0,0,99999,0
109120,又见面了，贝儿,0,0,1041,5801151,0,,0,0,99999,0
109130,我是你的惩罚,0,0,1041,5801152,0,,0,0,99999,0
109140,原罪之楔,0,0,1041,5801153,0,,0,0,99999,0
109150,秘密捉迷藏,0,0,1041,5801154,0,,0,0,99999,0
109160,讨伐-1,0,"115,10916,10916",1022,0,0,,0,0,99999,0
109170,讨伐-2,0,"115,10917,10917",1022,0,0,,0,0,99999,0
109180,讨伐-3,0,"115,10918,10918",1022,0,0,,0,0,99999,0
109190,讨伐-4,0,"115,10919,10919",1022,0,0,,0,0,99999,0
109200,讨伐-5,0,"115,10920,10920",1022,0,0,,0,0,99999,0
109210,讨伐-6,0,"115,10921,10921",1022,0,0,,0,0,99999,0
109220,讨伐-7,0,"115,10922,10922",1022,0,0,,0,0,99999,0
109230,讨伐-8,0,"115,10923,10923",1022,0,0,,0,0,99999,0
109240,讨伐-9,0,"115,10924,10924",1022,0,0,,0,0,99999,0
109250,讨伐-10,0,"115,10925,10925",1022,0,0,,0,0,99999,0
109260,讨伐-11,0,"115,10926,10926",1022,0,0,,0,0,99999,0
109270,讨伐-12,0,"115,10927,10927",1022,0,0,,0,0,99999,0
109280,讨伐-13,0,"115,10928,10928",1022,0,0,,0,0,99999,0
109290,讨伐-14,0,"115,10929,10929",1022,0,0,,0,0,99999,0
109300,讨伐-15,0,"115,10930,10930",1022,0,0,,0,0,99999,0
109310,讨伐-16,0,"115,10931,10931",1022,0,0,,0,0,99999,0
109320,讨伐-17,0,"115,10932,10932",1022,0,0,,0,0,99999,0
109330,讨伐-18,0,"115,10933,10933",1022,0,0,,0,0,99999,0
110010,可爱且可靠,0,0,1041,5801155,0,,0,0,99999,0
110020,伊利斯的魔女,0,0,1041,5801156,0,,0,0,99999,0
110030,这疯狂的正确,0,0,1041,5801157,0,,0,0,99999,0
110040,失落,0,0,1041,5801158,0,,0,0,99999,0
110050,恶意之外,0,0,1041,5801159,0,,0,0,99999,0
110060,恶魔也会哭泣,0,0,1041,5801160,0,,0,0,99999,0
110070,恶魔的试探,0,0,1041,5801161,0,,0,0,99999,0
110080,绝对的囚虏,0,0,1041,5801162,0,,0,0,99999,0
110090,傀儡,0,0,1041,5801163,0,,0,0,99999,0
110100,神降与神灵的秘密,0,0,1041,5801164,0,,0,0,99999,0
110110,可爱且可靠2,0,0,1041,5801165,0,,0,0,99999,0
110120,伊利斯的魔女2,0,0,1041,5801166,0,,0,0,99999,0
110130,这疯狂的正确2,0,0,1041,5801167,0,,0,0,99999,0
110140,失落2,0,0,1041,5801168,0,,0,0,99999,0
110150,恶意之外2,0,0,1041,5801169,0,,0,0,99999,0
110160,恶魔也会哭泣2,0,0,1041,5801170,0,,0,0,99999,0
110170,恶魔的试探2,0,0,1041,5801171,0,,0,0,99999,0
110180,绝对的囚虏2,0,0,1041,5801172,0,,0,0,99999,0
110190,傀儡2,0,0,1041,5801173,0,,0,0,99999,0
110200,神降与神灵的秘密2,0,0,1041,5801174,0,,0,0,99999,0
110210,讨伐-1,0,"115,11021,11021",1022,0,0,,0,0,99999,0
110220,讨伐-2,0,"115,11022,11022",1022,0,0,,0,0,99999,0
110230,讨伐-3,0,"115,11023,11023",1022,0,0,,0,0,99999,0
110240,讨伐-4,0,"115,11024,11024",1022,0,0,,0,0,99999,0
110250,讨伐-5,0,"115,11025,11025",1022,0,0,,0,0,99999,0
110260,讨伐-6,0,"115,11026,11026",1022,0,0,,0,0,99999,0
110270,讨伐-7,0,"115,11027,11027",1022,0,0,,0,0,99999,0
110280,讨伐-8,0,"115,11028,11028",1022,0,0,,0,0,99999,0
110290,讨伐-9,0,"115,11029,11029",1022,0,0,,0,0,99999,0
110300,讨伐-10,0,"115,11030,11030",1022,0,0,,0,0,99999,0
110310,讨伐-11,0,"115,11031,11031",1022,0,0,,0,0,99999,0
110320,讨伐-12,0,"115,11032,11032",1022,0,0,,0,0,99999,0
110330,讨伐-13,0,"115,11033,11033",1022,0,0,,0,0,99999,0
110340,讨伐-14,0,"115,11034,11034",1022,0,0,,0,0,99999,0
110350,讨伐-15,0,"115,11035,11035",1022,0,0,,0,0,99999,0
301010,本勒收集1,0,"115,30101,30101",1022,0,0,,0,0,99999,0
301020,本勒收集2,0,"115,30102,30102",1022,0,0,,0,0,99999,0
301030,本勒收集3,0,"115,30103,30103",1022,0,0,,0,0,99999,0
301040,本勒收集4,0,"115,30104,30104",1022,0,0,,0,0,99999,0
301050,本勒收集5,0,"115,30105,30105",1022,0,0,,0,0,99999,0
301060,本勒收集6,0,"115,30106,30106",1022,0,0,,0,0,99999,0
301070,本勒收集7,0,"115,30107,30107",1022,0,0,,0,0,99999,0
302010,经验获取1,0,"115,30201,30201",1022,0,0,,0,0,99999,0
302020,经验获取2,0,"115,30202,30202",1022,0,0,,0,0,99999,0
302030,经验获取3,0,"115,30203,30203",1022,0,0,,0,0,99999,0
302040,经验获取4,0,"115,30204,30204",1022,0,0,,0,0,99999,0
302050,经验获取5,0,"115,30205,30205",1022,0,0,,0,0,99999,0
302060,经验获取6,0,"115,30206,30206",1022,0,0,,0,0,99999,0
302070,经验获取7,0,"115,30207,30207",1022,0,0,,0,0,99999,0
303010,技能材料1,0,"115,30301,30301",1022,0,0,,0,0,99999,0
303020,技能材料2,0,"115,30302,30302",1022,0,0,,0,0,99999,0
303030,技能材料3,0,"115,30303,30303",1022,0,0,,0,0,99999,0
303040,技能材料4,0,"115,30304,30304",1022,0,0,,0,0,99999,0
303050,技能材料5,0,"115,30305,30305",1022,0,0,,0,0,99999,0
303060,技能材料6,0,"115,30306,30306",1022,0,0,,0,0,99999,0
303070,技能材料7,0,"115,30307,30307",1022,0,0,,0,0,99999,0
304010,传道记忆1,0,"115,30401,30401",1022,0,0,,0,0,99999,0
304020,传道记忆2,0,"115,30402,30402",1022,0,0,,0,0,99999,0
304030,传道记忆3,0,"115,30403,30403",1022,0,0,,0,0,99999,0
304040,传道记忆4,0,"115,30404,30404",1022,0,0,,0,0,99999,0
304050,传道记忆5,0,"115,30405,30405",1022,0,0,,0,0,99999,0
304060,传道记忆6,0,"115,30406,30406",1022,0,0,,0,0,99999,0
305010,君王记忆1,0,"115,30501,30501",1022,0,0,,0,0,99999,0
305020,君王记忆2,0,"115,30502,30502",1022,0,0,,0,0,99999,0
305030,君王记忆3,0,"115,30503,30503",1022,0,0,,0,0,99999,0
305040,君王记忆4,0,"115,30504,30504",1022,0,0,,0,0,99999,0
305050,君王记忆5,0,"115,30505,30505",1022,0,0,,0,0,99999,0
305060,君王记忆6,0,"115,30506,30506",1022,0,0,,0,0,99999,0
306010,仆从记忆1,0,"115,30601,30601",1022,0,0,,0,0,99999,0
306020,仆从记忆2,0,"115,30602,30602",1022,0,0,,0,0,99999,0
306030,仆从记忆3,0,"115,30603,30603",1022,0,0,,0,0,99999,0
306040,仆从记忆4,0,"115,30604,30604",1022,0,0,,0,0,99999,0
306050,仆从记忆5,0,"115,30605,30605",1022,0,0,,0,0,99999,0
306060,仆从记忆6,0,"115,30606,30606",1022,0,0,,0,0,99999,0
307010,诞生记忆1,0,"115,30701,30701",1022,0,0,,0,0,99999,0
307020,诞生记忆2,0,"115,30702,30702",1022,0,0,,0,0,99999,0
307030,诞生记忆3,0,"115,30703,30703",1022,0,0,,0,0,99999,0
307040,诞生记忆4,0,"115,30704,30704",1022,0,0,,0,0,99999,0
307050,诞生记忆5,0,"115,30705,30705",1022,0,0,,0,0,99999,0
307060,诞生记忆6,0,"115,30706,30706",1022,0,0,,0,0,99999,0
308010,人子记忆1,0,"115,30801,30801",1022,0,0,,0,0,99999,0
308020,人子记忆2,0,"115,30802,30802",1022,0,0,,0,0,99999,0
308030,人子记忆3,0,"115,30803,30803",1022,0,0,,0,0,99999,0
308040,人子记忆4,0,"115,30804,30804",1022,0,0,,0,0,99999,0
308050,人子记忆5,0,"115,30805,30805",1022,0,0,,0,0,99999,0
308060,人子记忆6,0,"115,30806,30806",1022,0,0,,0,0,99999,0
309010,受难记忆1,0,"115,30901,30901",1022,0,0,,0,0,99999,0
309020,受难记忆2,0,"115,30902,30902",1022,0,0,,0,0,99999,0
309030,受难记忆3,0,"115,30903,30903",1022,0,0,,0,0,99999,0
309040,受难记忆4,0,"115,30904,30904",1022,0,0,,0,0,99999,0
309050,受难记忆5,0,"115,30905,30905",1022,0,0,,0,0,99999,0
309060,受难记忆6,0,"115,30906,30906",1022,0,0,,0,0,99999,0
310010,神子记忆1,0,"115,31001,31001",1022,0,0,,0,0,99999,0
310020,神子记忆2,0,"115,31002,31002",1022,0,0,,0,0,99999,0
310030,神子记忆3,0,"115,31003,31003",1022,0,0,,0,0,99999,0
310040,神子记忆4,0,"115,31004,31004",1022,0,0,,0,0,99999,0
310050,神子记忆5,0,"115,31005,31005",1022,0,0,,0,0,99999,0
310060,神子记忆6,0,"115,31006,31006",1022,0,0,,0,0,99999,0
330010,符文之地1,0,"115,33001,33001",1022,0,0,,0,0,99999,0
330020,符文之地2,0,"115,33002,33002",1022,0,0,,0,0,99999,0
330030,符文之地3,0,"115,33003,33003",1022,0,0,,0,0,99999,0
331010,符文之地1,0,"115,33101,33101",1022,0,0,,0,0,99999,0
331020,符文之地2,0,"115,33102,33102",1022,0,0,,0,0,99999,0
331030,符文之地3,0,"115,33103,33103",1022,0,0,,0,0,99999,0
332010,符文之地1,0,"115,33201,33201",1022,0,0,,0,0,99999,0
332020,符文之地2,0,"115,33202,33202",1022,0,0,,0,0,99999,0
332030,符文之地3,0,"115,33203,33203",1022,0,0,,0,0,99999,0
333010,符文之地1,0,"115,33301,33301",1022,0,0,,0,0,99999,0
333020,符文之地2,0,"115,33302,33302",1022,0,0,,0,0,99999,0
333030,符文之地3,0,"115,33303,33303",1022,0,0,,0,0,99999,0
340010,专武副本1,0,"115,34001,34001",1022,0,0,,0,0,99999,0
340020,专武副本2,0,"115,34002,34002",1022,0,0,,0,0,99999,0
340030,专武副本3,0,"115,34003,34003",1022,0,0,,0,0,99999,0
340040,专武副本4,0,"115,34004,34004",1022,0,0,,0,0,99999,0
340050,专武副本5,0,"115,34005,34005",1022,0,0,,0,0,99999,0
340060,专武副本6,0,"115,34006,34006",1022,0,0,,0,0,99999,0
700010,黯影地牢 肉鸽爬塔s1赛季 通关1-1,0,"115,70001,70001",1022,0,0,0,4,0,2100000000,0
700020,黯影地牢 肉鸽爬塔s1赛季 通关1-2,0,"115,70002,70002",1022,0,0,0,4,0,2100000000,0
700030,黯影地牢 肉鸽爬塔s1赛季 通关1-3,0,"115,70003,70003",1022,0,0,0,4,0,2100000000,0
700040,黯影地牢 肉鸽爬塔s1赛季 通关1-4,0,"115,70004,70004",1022,0,0,0,4,0,2100000000,0
700050,黯影地牢 肉鸽爬塔s1赛季 通关1-5,0,"115,70005,70005",1022,0,0,0,4,0,2100000000,0
700060,黯影地牢 肉鸽爬塔s1赛季 通关1-6,0,"115,70006,70006",1022,0,0,0,4,0,2100000000,0
700070,黯影地牢 肉鸽爬塔s1赛季 通关1-7,0,"115,70007,70007",1022,0,0,0,4,0,2100000000,0
700080,黯影地牢 肉鸽爬塔s1赛季 通关1-8,0,"115,70008,70008",1022,0,0,0,4,0,2100000000,0
700090,黯影地牢 肉鸽爬塔s1赛季 通关1-9,0,"115,70009,70009",1022,0,0,0,4,0,2100000000,0
700100,黯影地牢 肉鸽爬塔s1赛季 通关1-10,0,"115,70010,70010",1022,0,0,0,4,0,2100000000,0
700150,黯影地牢 肉鸽爬塔s1赛季 通关2-5,0,"115,70015,70015",1022,0,0,0,4,0,2100000000,0
700200,黯影地牢 肉鸽爬塔s1赛季 通关2-10,0,"115,70020,70020",1022,0,0,0,4,0,2100000000,0
700250,黯影地牢 肉鸽爬塔s1赛季 通关3-5,0,"115,70025,70025",1022,0,0,0,4,0,2100000000,0
700300,黯影地牢 肉鸽爬塔s1赛季 通关3-10,0,"115,70030,70030",1022,0,0,0,4,0,2100000000,0
700350,黯影地牢 肉鸽爬塔s1赛季 通关4-5,0,"115,70035,70035",1022,0,0,0,4,0,2100000000,0
700400,黯影地牢 肉鸽爬塔s1赛季 通关4-10,0,"115,70040,70040",1022,0,0,0,4,0,2100000000,0
700450,黯影地牢 肉鸽爬塔s1赛季 通关5-5,0,"115,70045,70045",1022,0,0,0,4,0,2100000000,0
700500,黯影地牢 肉鸽爬塔s1赛季 通关5-10,0,"115,70050,70050",1022,0,0,0,4,0,2100000000,0
10201010,缘起锦绣-桃活动,0,0,1041,5805150,,,4,0,99999,0
10201020,深林遇狐-桃活动,0,"115,1020102,1020102",1022,0,,,4,0,99999,0
10201030,落花又逢-桃活动,0,0,1041,5805153,,,4,0,99999,0
10201040,神契双结-桃活动,0,0,1041,5805154,,,4,0,99999,0
10201050,佳愿-桃活动,0,0,1041,5805155,,,4,0,99999,0
10201060,恶神传说-桃活动,0,0,1041,5805156,,,4,0,99999,0
10201070,解怨释结-桃活动,0,0,1041,5805157,,,4,0,99999,0
10201080,夕暮漫步-桃活动,0,0,1041,5805158,,,4,0,99999,0
10201090,阴云袭人-桃活动,0,0,1041,5805159,,,4,0,99999,0
10201100,不安-桃活动,0,0,1041,5805160,,,4,0,99999,0
10201110,神谕赐福-桃活动,0,0,1041,5805161,,,4,0,99999,0
10201120,世如我见-桃活动,0,0,1041,5805162,,,4,0,99999,0
10201130,黑与白-桃活动,0,0,1041,5805163,,,4,0,99999,0
10201140,齐心协力-桃活动,0,0,1041,5805164,,,4,0,99999,0
10201150,勘破我执-桃活动,0,"115,1020115,1020115",1022,0,,,4,0,99999,0
10201160,誓约-桃活动,0,0,1041,5805167,,,4,0,99999,0
10201170,梦醒遇佳期-桃活动,0,0,1041,5805168,,,4,0,99999,0
10201180,心有感-桃活动,0,"115,1020118,1020118",1022,0,,,4,0,99999,0
10201190,遇南山-桃活动,0,"115,1020119,1020119",1022,0,,,4,0,99999,0
10201200,越藩篱-桃活动,0,"115,1020120,1020120",1022,0,,,4,0,99999,0
10201210,行长路-桃活动,0,"115,1020121,1020121",1022,0,,,4,0,99999,0
10201220,潜深林-桃活动,0,"115,1020122,1020122",1022,0,,,4,0,99999,0
10201230,空折枝-桃活动,0,"115,1020123,1020123",1022,0,,,4,0,99999,0
10201240,饮溪月-桃活动,0,"115,1020124,1020124",1022,0,,,4,0,99999,0
10201250,入夜时-桃活动,0,"115,1020125,1020125",1022,0,,,4,0,99999,0
10201260,蚀月现-桃活动,0,"115,1020126,1020126",1022,0,,,4,0,99999,0
10202010,缘起锦绣-桃活动困难,0,"115,1020201,1020201",1022,0,,,4,0,99999,0
10202020,深林遇狐-桃活动困难,0,"115,1020202,1020202",1022,0,,,4,0,99999,0
10202030,落花又逢-桃活动困难,0,"115,1020203,1020203",1022,0,,,4,0,99999,0
10202040,神契双结-桃活动困难,0,"115,1020204,1020204",1022,0,,,4,0,99999,0
10202050,佳愿-桃活动困难,0,"115,1020205,1020205",1022,0,,,4,0,99999,0
10202060,恶神传说-桃活动困难,0,"115,1020206,1020206",1022,0,,,4,0,99999,0
10202070,解怨释结-桃活动困难,0,"115,1020207,1020207",1022,0,,,4,0,99999,0
10202080,夕暮漫步-桃活动困难,0,"115,1020208,1020208",1022,0,,,4,0,99999,0
10202090,阴云袭人-桃活动困难,0,"115,1020209,1020209",1022,0,,,4,0,99999,0
10202100,不安-桃活动困难,0,"115,1020210,1020210",1022,0,,,4,0,99999,0
10202110,神谕赐福-桃活动困难,0,"115,1020211,1020211",1022,0,,,4,0,99999,0
10202120,世如我见-桃活动困难,0,"115,1020212,1020212",1022,0,,,4,0,99999,0
10202130,黑与白-桃活动困难,0,"115,1020213,1020213",1022,0,,,4,0,99999,0
10202140,齐心协力-桃活动困难,0,"115,1020214,1020214",1022,0,,,4,0,99999,0
10202150,勘破我执-桃活动困难,0,"115,1020215,1020215",1022,0,,,4,0,99999,0
10202160,誓约-桃活动困难,0,"115,1020216,1020216",1022,0,,,4,0,99999,0
10202170,梦醒遇佳期-桃活动困难,0,"115,1020217,1020217",1022,0,,,4,0,99999,0
10202180,心有感-桃活动困难,0,"115,1020218,1020218",1022,0,,,4,0,99999,0
10202190,遇南山-桃活动困难,0,"115,1020219,1020219",1022,0,,,4,0,99999,0
10202200,越藩篱-桃活动困难,0,"115,1020220,1020220",1022,0,,,4,0,99999,0
10203010,桃-超难本1,0,"115,1020301,1020301",1022,0,,,4,0,99999,0
10203020,桃-超难本2,0,"115,1020302,1020302",1022,0,,,4,0,99999,0
10203030,桃-超难本3,0,"115,1020303,1020303",1022,0,,,4,0,99999,0
10203040,桃-超难本4,0,"115,1020304,1020304",1022,0,,,4,0,99999,0
10203050,桃-超难本5,0,"115,1020305,1020305",1022,0,,,4,0,99999,0
10401010,屉中泣-和光同尘,0,0,1041,5805243,,,4,0,99999,0
10401020,林间兽-和光同尘,0,"115,1040102,1040102",1022,0,,,4,0,99999,0
10401030,影猫卫-和光同尘,0,0,1041,5805246,,,4,0,99999,0
10401040,云梦镇-和光同尘,0,0,1041,5805247,,,4,0,99999,0
10401050,卯兔卫-和光同尘,0,"115,1040105,1040105",1022,0,,,4,0,99999,0
10401060,圣麟殿-和光同尘,0,0,1041,5805250,,,4,0,99999,0
10401070,闺中话-和光同尘,0,0,1041,5805251,,,4,0,99999,0
10401080,月下谈-和光同尘,0,0,1041,5805252,,,4,0,99999,0
10401090,秋丰田-和光同尘,0,"115,1040109,1040109",1022,,,,4,0,99999,0
10401100,丞相令-和光同尘,0,0,1041,5805254,,,4,0,99999,0
10401110,通城道-壹-和光同尘,0,"115,1040111,1040111",1022,0,,,4,0,99999,0
10401120,通城道-贰-和光同尘,0,"115,1040112,1040112",1022,0,,,4,0,99999,0
10401130,守城战-壹-和光同尘,0,"115,1040113,1040113",1022,0,,,4,0,99999,0
10401140,守城战-贰-和光同尘,0,"115,1040114,1040114",1022,0,,,4,0,99999,0
10401150,守城战-叁-和光同尘,0,"115,1040115,1040115",1022,0,,,4,0,99999,0
10401160,山路弯-壹-和光同尘,0,"115,1040116,1040116",1022,0,,,4,0,99999,0
10401170,山路弯-贰-和光同尘,0,"115,1040117,1040117",1022,0,,,4,0,99999,0
10401180,山路弯-叁-和光同尘,0,"115,1040118,1040118",1022,0,,,4,0,99999,0
10401190,山路弯-肆-和光同尘,0,"115,1040119,1040119",1022,0,,,4,0,99999,0
10402010,府上客-和光同尘,0,0,1041,5805255,,,4,0,99999,0
10402020,逐客令-和光同尘,0,"115,1040202,1040202",1022,0,,,4,0,99999,0
10402030,池中誓-和光同尘,0,0,1041,5805258,,,4,0,99999,0
10402040,兔灵现-和光同尘,0,0,1041,5805259,,,4,0,99999,0
10402050,故人来-和光同尘,0,"115,1040205,1040205",1022,0,,,4,0,99999,0
10402060,玄武志-和光同尘,0,"115,1040206,1040206",1022,0,,,4,0,99999,0
10402070,卯之光-和光同尘,0,0,1041,5805263,,,4,0,99999,0
10402080,爱神箭-和光同尘,0,0,1041,5805264,,,4,0,99999,0
10402090,波斯菊-和光同尘,0,0,1041,5805265,,,4,0,99999,0
10402100,叙情诗-和光同尘,0,0,1041,5805266,,,4,0,99999,0
10402110,破重围-壹-和光同尘,0,"115,1040211,1040211",1022,0,,,4,0,99999,0
10402120,破重围-贰-和光同尘,0,"115,1040212,1040212",1022,0,,,4,0,99999,0
10402130,瑶池境-壹-和光同尘,0,"115,1040213,1040213",1022,0,,,4,0,99999,0
10402140,瑶池境-贰-和光同尘,0,"115,1040214,1040214",1022,0,,,4,0,99999,0
10402150,连环阵-壹-和光同尘,0,"115,1040215,1040215",1022,0,,,4,0,99999,0
10402160,连环阵-贰-和光同尘,0,"115,1040216,1040216",1022,0,,,4,0,99999,0
10402170,殿前战-壹-和光同尘,0,"115,1040217,1040217",1022,0,,,4,0,99999,0
10402180,殿前战-贰-和光同尘,0,"115,1040218,1040218",1022,0,,,4,0,99999,0
10403010,暗牢阵-和光同尘,0,"115,1040301,1040301",1022,0,,,4,0,99999,0
10403020,迷雾地-和光同尘,0,"115,1040302,1040302",1022,0,,,4,0,99999,0
10403030,求生路-和光同尘,0,"115,1040303,1040303",1022,0,,,4,0,99999,0
10403040,破重关-和光同尘,0,"115,1040304,1040304",1022,0,,,4,0,99999,0
10403050,冲锋火-和光同尘,0,"115,1040305,1040305",1022,0,,,4,0,99999,0
10301010,入秋日,0,"115,1030101,1030101",1022,0,,,4,0,99999,0
10301020,姜茶,0,"115,1030102,1030102",1022,0,,,4,0,99999,0
10301030,手绢,0,"115,1030103,1030103",1022,0,,,4,0,99999,0
10301040,糖果,0,"115,1030104,1030104",1022,0,,,4,0,99999,0
10301050,失落者,0,"115,1030105,1030105",1022,0,,,4,0,99999,0
10301060,弃逃日,0,"115,1030106,1030106",1022,0,,,4,0,99999,0
10301070,艾雅语,0,"115,1030107,1030107",1022,0,,,4,0,99999,0
10301080,迷返,0,"115,1030108,1030108",1022,0,,,4,0,99999,0
10301090,书楼,0,"115,1030109,1030109",1022,0,,,4,0,99999,0
10301100,文盲,0,"115,1030110,1030110",1022,0,,,4,0,99999,0
10301110,不眠夜,0,"115,1030111,1030111",1022,0,,,4,0,99999,0
10301120,希泽尔,0,"115,1030112,1030112",1022,0,,,4,0,99999,0
10301130,君主,0,"115,1030113,1030113",1022,0,,,4,0,99999,0
10301140,矮人火枪,0,"115,1030114,1030114",1022,0,,,4,0,99999,0
10301150,夙愿,0,"115,1030115,1030115",1022,0,,,4,0,99999,0
10301160,郊游日,0,"115,1030116,1030116",1022,0,,,4,0,99999,0
10301170,渊流,0,"115,1030117,1030117",1022,0,,,4,0,99999,0
10301180,恶魔果酿,0,"115,1030118,1030118",1022,0,,,4,0,99999,0
10301190,池鱼,0,"115,1030119,1030119",1022,0,,,4,0,99999,0
10301200,床帐,0,"115,1030120,1030120",1022,0,,,4,0,99999,0
10301210,雾色,0,"115,1030121,1030121",1022,0,,,4,0,99999,0
10301220,爱与善,0,"115,1030122,1030122",1022,0,,,4,0,99999,0
10301230,不眠夜,0,"115,1030123,1030123",1022,0,,,4,0,99999,0
10301240,归乡日,0,"115,1030124,1030124",1022,0,,,4,0,99999,0
10301250,收获,0,"115,1030125,1030125",1022,0,,,4,0,99999,0
10301260,觥筹,0,"115,1030126,1030126",1022,0,,,4,0,99999,0
10301270,霜雨,0,"115,1030127,1030127",1022,0,,,4,0,99999,0
10301280,怀歌,0,"115,1030128,1030128",1022,0,,,4,0,99999,0
10301290,赤暗之星,0,"115,1030129,1030129",1022,0,,,4,0,99999,0
10301300,归宿,0,"115,1030130,1030130",1022,0,,,4,0,99999,0
10303010,遮光物,0,"115,1030301,1030301",1022,0,,,4,0,99999,0
10303020,尘霾,0,"115,1030302,1030302",1022,0,,,4,0,99999,0
10303030,晚风-1,0,"115,1030303,1030303",1022,0,,,4,0,99999,0
10303040,晚风-2,0,"115,1030304,1030304",1022,0,,,4,0,99999,0
10501010,奈奥米活动第一节,0,0,1041,5805271,,,4,0,99999,0
10501020,奈奥米活动第二节,0,0,1041,5805272,,,4,0,99999,0
10501030,奈奥米活动第三节,0,0,1041,5805273,,,4,0,99999,0
10501040,奈奥米活动第四节,0,0,1041,5805274,,,4,0,99999,0
10501050,奈奥米活动第五节,0,0,1041,5805275,,,4,0,99999,0
10501060,奈奥米活动第六节,0,0,1041,5805276,,,4,0,99999,0
10501070,奈奥米活动第七节,0,0,1041,5805277,,,4,0,99999,0
10501080,奈奥米活动第八节,0,0,1041,5805278,,,4,0,99999,0
10501090,奈奥米活动第九节,0,0,1041,5805279,,,4,0,99999,0
10501100,奈奥米活动第十节,0,0,1041,5805280,,,4,0,99999,0
10501110,奈奥米活动第十一节,0,0,1041,5805281,,,4,0,99999,0
10501120,奈奥米活动第十二节,0,0,1041,5805282,,,4,0,99999,0
10501130,奈奥米活动第十三节,0,0,1041,5805284,,,4,0,99999,0
10501140,奈奥米活动第十四节,0,0,1041,5805285,,,4,0,99999,0
10501150,奈奥米活动1.1,0,"115,1050115,1050115",1022,0,,,4,0,99999,0
10501160,奈奥米活动1.2,0,"115,1050116,1050116",1022,0,,,4,0,99999,0
10501170,奈奥米活动1.3,0,"115,1050117,1050117",1022,0,,,4,0,99999,0
10501180,奈奥米活动2.1,0,"115,1050118,1050118",1022,0,,,4,0,99999,0
10501190,奈奥米活动2.2,0,"115,1050119,1050119",1022,0,,,4,0,99999,0
10501200,奈奥米活动2.3,0,"115,1050120,1050120",1022,0,,,4,0,99999,0
10501210,奈奥米活动4.1,0,"115,1050121,1050121",1022,0,,,4,0,99999,0
10501220,奈奥米活动4.2,0,"115,1050122,1050122",1022,0,,,4,0,99999,0
10501230,奈奥米活动4.3,0,"115,1050123,1050123",1022,0,,,4,0,99999,0
10501240,奈奥米活动6.1,0,"115,1050124,1050124",1022,0,,,4,0,99999,0
10501250,奈奥米活动6.2,0,"115,1050125,1050125",1022,0,,,4,0,99999,0
10501260,奈奥米活动6.3,0,"115,1050126,1050126",1022,0,,,4,0,99999,0
10501270,奈奥米活动7.1,0,"115,1050127,1050127",1022,0,,,4,0,99999,0
10502010,奈奥米活动下1.1,0,"115,1050201,1050201",1022,0,,,4,0,99999,0
10502020,奈奥米活动下1.2,0,"115,1050202,1050202",1022,0,,,4,0,99999,0
10502030,奈奥米活动下1.3,0,"115,1050203,1050203",1022,0,,,4,0,99999,0
10502040,奈奥米活动下1.4,0,"115,1050204,1050204",1022,0,,,4,0,99999,0
10502050,奈奥米活动下1.5,0,"115,1050205,1050205",1022,0,,,4,0,99999,0
10502060,奈奥米活动下1.6,0,"115,1050206,1050206",1022,0,,,4,0,99999,0
10502070,奈奥米活动下1.7,0,"115,1050207,1050207",1022,0,,,4,0,99999,0
10502080,奈奥米活动下1.8,0,"115,1050208,1050208",1022,0,,,4,0,99999,0
10502090,奈奥米活动下1.9,0,"115,1050209,1050209",1022,0,,,4,0,99999,0
10502100,奈奥米活动下2,0,"115,1050210,1050210",1022,0,,,4,0,99999,0
10503010,奈奥米活动极难1,0,"115,1050301,1050301",1022,0,,,4,0,99999,0
10503020,奈奥米活动极难2,0,"115,1050302,1050302",1022,0,,,4,0,99999,0
10503030,奈奥米活动极难3,0,"115,1050303,1050303",1022,0,,,4,0,99999,0
10503040,奈奥米活动极难4,0,"115,1050304,1050304",1022,0,,,4,0,99999,0
10503050,奈奥米活动极难5,0,"115,1050305,1050305",1022,0,,,4,0,99999,0
12001010,召唤1,0,"115,1200101,1200101",1022,0,,,4,0,99999,0
12001020,召唤2,0,"115,1200102,1200102",1022,0,,,4,0,99999,0
12001030,风波1,0,"115,1200103,1200103",1022,0,,,4,0,99999,0
12001040,风波2,0,"115,1200104,1200104",1022,0,,,4,0,99999,0
12001050,风波3,0,"115,1200105,1200105",1022,0,,,4,0,99999,0
12001060,抓包1,0,"115,1200106,1200106",1022,0,,,4,0,99999,0
12001070,抓包2,0,"115,1200107,1200107",1022,0,,,4,0,99999,0
12001080,抓包3,0,"115,1200108,1200108",1022,0,,,4,0,99999,0
12001090,出逃1,0,"115,1200109,1200109",1022,0,,,4,0,99999,0
12001100,出逃2,0,"115,1200110,1200110",1022,0,,,4,0,99999,0
12001110,认证1,0,"115,1200111,1200111",1022,0,,,4,0,99999,0
12001120,认证2,0,"115,1200112,1200112",1022,0,,,4,0,99999,0
12002010,召唤1-进阶,0,"115,1200201,1200201",1022,0,,,4,0,99999,0
12002020,召唤2-进阶,0,"115,1200202,1200202",1022,0,,,4,0,99999,0
12002030,风波1-进阶,0,"115,1200203,1200203",1022,0,,,4,0,99999,0
12002040,风波2-进阶,0,"115,1200204,1200204",1022,0,,,4,0,99999,0
12002050,风波3-进阶,0,"115,1200205,1200205",1022,0,,,4,0,99999,0
12002060,抓包1-进阶,0,"115,1200206,1200206",1022,0,,,4,0,99999,0
12002070,抓包2-进阶,0,"115,1200207,1200207",1022,0,,,4,0,99999,0
12002080,抓包3-进阶,0,"115,1200208,1200208",1022,0,,,4,0,99999,0
12002090,出逃1-进阶,0,"115,1200209,1200209",1022,0,,,4,0,99999,0
12002100,出逃2-进阶,0,"115,1200210,1200210",1022,0,,,4,0,99999,0
12002110,认证1-进阶,0,"115,1200211,1200211",1022,0,,,4,0,99999,0
12002120,认证2-进阶,0,"115,1200212,1200212",1022,0,,,4,0,99999,0
12003010,谁人胆敢不敬,0,"115,1200301,1200301",1022,0,,,4,0,99999,0
12003020,瑟瑟发抖吧！,0,"115,1200302,1200302",1022,0,,,4,0,99999,0
12003030,刮目相看吧！,0,"115,1200303,1200303",1022,0,,,4,0,99999,0
12003040,我开玩笑的,0,"115,1200304,1200304",1022,0,,,4,0,99999,0
12003050,这样也行啦,0,"115,1200305,1200305",1022,0,,,4,0,99999,0
10204010,缘起锦绣-桃活动,0,0,1041,5805150,,,4,0,99999,0
10204020,深林遇狐-桃活动,0,"115,1020402,1020402",1022,0,,,4,0,99999,0
10204030,落花又逢-桃活动,0,0,1041,5805153,,,4,0,99999,0
10204040,神契双结-桃活动,0,0,1041,5805154,,,4,0,99999,0
10204050,佳愿-桃活动,0,0,1041,5805155,,,4,0,99999,0
10204060,恶神传说-桃活动,0,0,1041,5805156,,,4,0,99999,0
10204070,解怨释结-桃活动,0,0,1041,5805157,,,4,0,99999,0
10204080,夕暮漫步-桃活动,0,0,1041,5805158,,,4,0,99999,0
10204090,阴云袭人-桃活动,0,0,1041,5805159,,,4,0,99999,0
10204100,不安-桃活动,0,0,1041,5805160,,,4,0,99999,0
10204110,神谕赐福-桃活动,0,0,1041,5805161,,,4,0,99999,0
10204120,世如我见-桃活动,0,0,1041,5805162,,,4,0,99999,0
10204130,黑与白-桃活动,0,0,1041,5805163,,,4,0,99999,0
10204140,齐心协力-桃活动,0,0,1041,5805164,,,4,0,99999,0
10204150,勘破我执-桃活动,0,"115,1020415,1020415",1022,0,,,4,0,99999,0
10204160,誓约-桃活动,0,0,1041,5805167,,,4,0,99999,0
10204170,梦醒遇佳期-桃活动,0,0,1041,5805168,,,4,0,99999,0
10204180,心有感-桃活动,0,"115,1020418,1020418",1022,0,,,4,0,99999,0
10204190,遇南山-桃活动,0,"115,1020419,1020419",1022,0,,,4,0,99999,0
10204200,越藩篱-桃活动,0,"115,1020420,1020420",1022,0,,,4,0,99999,0
10204210,行长路-桃活动,0,"115,1020421,1020421",1022,0,,,4,0,99999,0
10204220,潜深林-桃活动,0,"115,1020422,1020422",1022,0,,,4,0,99999,0
10204230,空折枝-桃活动,0,"115,1020423,1020423",1022,0,,,4,0,99999,0
10204240,饮溪月-桃活动,0,"115,1020424,1020424",1022,0,,,4,0,99999,0
10204250,入夜时-桃活动,0,"115,1020425,1020425",1022,0,,,4,0,99999,0
10204260,蚀月现-桃活动,0,"115,1020426,1020426",1022,0,,,4,0,99999,0
10104010,雾中邀约,0,0,1041,5805179,,,4,0,99999,0
10104020,暗潮推舷,0,"115,1010402,1010402",1022,0,,,4,0,99999,0
10104030,阴云集聚,0,"115,1010403,1010403",1022,0,,,4,0,99999,0
10104040,明灯始燃,0,"115,1010404,1010404",1022,0,,,4,0,99999,0
101011,受击不超过12次,0,"115,10101,10101;118,1,1",1001,0,0,,0,0,99999,0
101031,受击不超过12次,0,"115,10103,10103;118,1,1",1001,0,0,,0,0,99999,0
101061,受击不超过12次,0,"115,10106,10106;118,1,1",1001,0,0,,0,0,99999,0
101071,受击不超过12次,0,"115,10107,10107;118,1,1",1001,0,0,,0,0,99999,0
101091,受击不超过12次,0,"115,10109,10109;118,1,1",1001,0,0,,0,0,99999,0
101101,受击不超过12次,0,"115,10110,10110;118,1,1",1001,0,0,,0,0,99999,0
101121,受击不超过12次,0,"115,10112,10112;118,1,1",1001,0,0,,0,0,99999,0
101131,受击不超过12次,0,"115,10113,10113;118,1,1",1001,0,0,,0,0,99999,0
101141,受击不超过12次,0,"115,10114,10114;118,1,1",1001,0,0,,0,0,99999,0
101151,受击不超过12次,0,"115,10115,10115;118,1,1",1001,0,0,,0,0,99999,0
101161,受击不超过12次,0,"115,10116,10116;118,1,1",1001,0,0,,0,0,99999,0
101171,受击不超过12次,0,"115,10117,10117;118,1,1",1001,0,0,,0,0,99999,0
101181,受击不超过12次,0,"115,10118,10118;118,1,1",1001,0,0,,0,0,99999,0
101191,受击不超过12次,0,"115,10119,10119;118,1,1",1001,0,0,,0,0,99999,0
101201,受击不超过12次,0,"115,10120,10120;118,1,1",1001,0,0,,0,0,99999,0
101211,受击不超过12次,0,"115,10121,10121;118,1,1",1001,0,0,,0,0,99999,0
101221,受击不超过12次,0,"115,10122,10122;118,1,1",1001,0,0,,0,0,99999,0
101231,受击不超过12次,0,"115,10123,10123;118,1,1",1001,0,0,,0,0,99999,0
101241,受击不超过12次,0,"115,10124,10124;118,1,1",1001,0,0,,0,0,99999,0
101251,受击不超过12次,0,"115,10125,10125;118,1,1",1001,0,0,,0,0,99999,0
101261,受击不超过12次,0,"115,10126,10126;118,1,1",1001,0,0,,0,0,99999,0
101271,受击不超过12次,0,"115,10127,10127;118,1,1",1001,0,0,,0,0,99999,0
102011,受击不超过12次,0,"115,10201,10201;118,1,1",1001,0,0,,0,0,99999,0
102021,受击不超过12次,0,"115,10202,10202;118,1,1",1001,0,0,,0,0,99999,0
102131,受击不超过12次,0,"115,10213,10213;118,1,1",1001,0,0,,0,0,99999,0
102141,受击不超过12次,0,"115,10214,10214;118,1,1",1001,0,0,,0,0,99999,0
102161,受击不超过12次,0,"115,10216,10216;118,1,1",1001,0,0,,0,0,99999,0
102171,受击不超过12次,0,"115,10217,10217;118,1,1",1001,0,0,,0,0,99999,0
102181,受击不超过12次,0,"115,10218,10218;118,1,1",1001,0,0,,0,0,99999,0
102191,受击不超过12次,0,"115,10219,10219;118,1,1",1001,0,0,,0,0,99999,0
102201,受击不超过12次,0,"115,10220,10220;118,1,1",1001,0,0,,0,0,99999,0
102211,受击不超过12次,0,"115,10221,10221;118,1,1",1001,0,0,,0,0,99999,0
102221,受击不超过12次,0,"115,10222,10222;118,1,1",1001,0,0,,0,0,99999,0
102231,受击不超过12次,0,"115,10223,10223;118,1,1",1001,0,0,,0,0,99999,0
102241,受击不超过12次,0,"115,10224,10224;118,1,1",1001,0,0,,0,0,99999,0
102251,受击不超过12次,0,"115,10225,10225;118,1,1",1001,0,0,,0,0,99999,0
102261,受击不超过12次,0,"115,10226,10226;118,1,1",1001,0,0,,0,0,99999,0
102271,受击不超过12次,0,"115,10227,10227;118,1,1",1001,0,0,,0,0,99999,0
102281,受击不超过12次,0,"115,10228,10228;118,1,1",1001,0,0,,0,0,99999,0
103061,受击不超过12次,0,"115,10306,10306;118,1,1",1001,0,0,,0,0,99999,0
103071,受击不超过12次,0,"115,10307,10307;118,1,1",1001,0,0,,0,0,99999,0
103081,受击不超过12次,0,"115,10308,10308;118,1,1",1001,0,0,,0,0,99999,0
103101,受击不超过12次,0,"115,10310,10310;118,1,1",1001,0,0,,0,0,99999,0
103111,受击不超过12次,0,"115,10311,10311;118,1,1",1001,0,0,,0,0,99999,0
103121,受击不超过12次,0,"115,10312,10312;118,1,1",1001,0,0,,0,0,99999,0
103131,受击不超过12次,0,"115,10313,10313;118,1,1",1001,0,0,,0,0,99999,0
103141,受击不超过12次,0,"115,10314,10314;118,1,1",1001,0,0,,0,0,99999,0
103151,受击不超过12次,0,"115,10315,10315;118,1,1",1001,0,0,,0,0,99999,0
103161,受击不超过12次,0,"115,10316,10316;118,1,1",1001,0,0,,0,0,99999,0
103171,受击不超过12次,0,"115,10317,10317;118,1,1",1001,0,0,,0,0,99999,0
103181,受击不超过12次,0,"115,10318,10318;118,1,1",1001,0,0,,0,0,99999,0
103191,受击不超过12次,0,"115,10319,10319;118,1,1",1001,0,0,,0,0,99999,0
103201,受击不超过12次,0,"115,10320,10320;118,1,1",1001,0,0,,0,0,99999,0
104031,受击不超过12次,0,"115,10403,10403;118,1,1",1001,0,0,,0,0,99999,0
104071,受击不超过12次,0,"115,10407,10407;118,1,1",1001,0,0,,0,0,99999,0
104121,受击不超过12次,0,"115,10412,10412;118,1,1",1001,0,0,,0,0,99999,0
104131,受击不超过12次,0,"115,10413,10413;118,1,1",1001,0,0,,0,0,99999,0
104141,受击不超过12次,0,"115,10414,10414;118,1,1",1001,0,0,,0,0,99999,0
104161,受击不超过12次,0,"115,10416,10416;118,1,1",1001,0,0,,0,0,99999,0
104171,受击不超过12次,0,"115,10417,10417;118,1,1",1001,0,0,,0,0,99999,0
104181,受击不超过12次,0,"115,10418,10418;118,1,1",1001,0,0,,0,0,99999,0
104191,受击不超过12次,0,"115,10419,10419;118,1,1",1001,0,0,,0,0,99999,0
104201,受击不超过12次,0,"115,10420,10420;118,1,1",1001,0,0,,0,0,99999,0
104211,受击不超过12次,0,"115,10421,10421;118,1,1",1001,0,0,,0,0,99999,0
104221,受击不超过12次,0,"115,10422,10422;118,1,1",1001,0,0,,0,0,99999,0
104231,受击不超过12次,0,"115,10423,10423;118,1,1",1001,0,0,,0,0,99999,0
104241,受击不超过12次,0,"115,10424,10424;118,1,1",1001,0,0,,0,0,99999,0
105061,受击不超过12次,0,"115,10506,10506;118,1,1",1001,0,0,,0,0,99999,0
105071,受击不超过12次,0,"115,10507,10507;118,1,1",1001,0,0,,0,0,99999,0
105101,受击不超过12次,0,"115,10510,10510;118,1,1",1001,0,0,,0,0,99999,0
105131,受击不超过12次,0,"115,10513,10513;118,1,1",1001,0,0,,0,0,99999,0
105161,受击不超过12次,0,"115,10516,10516;118,1,1",1001,0,0,,0,0,99999,0
105191,受击不超过12次,0,"115,10519,10519;118,1,1",1001,0,0,,0,0,99999,0
105211,受击不超过12次,0,"115,10521,10521;118,1,1",1001,0,0,,0,0,99999,0
105221,受击不超过12次,0,"115,10522,10522;118,1,1",1001,0,0,,0,0,99999,0
105231,受击不超过12次,0,"115,10523,10523;118,1,1",1001,0,0,,0,0,99999,0
105241,受击不超过12次,0,"115,10524,10524;118,1,1",1001,0,0,,0,0,99999,0
105251,受击不超过12次,0,"115,10525,10525;118,1,1",1001,0,0,,0,0,99999,0
105261,受击不超过12次,0,"115,10526,10526;118,1,1",1001,0,0,,0,0,99999,0
105271,受击不超过12次,0,"115,10527,10527;118,1,1",1001,0,0,,0,0,99999,0
105281,受击不超过12次,0,"115,10528,10528;118,1,1",1001,0,0,,0,0,99999,0
105291,受击不超过12次,0,"115,10529,10529;118,1,1",1001,0,0,,0,0,99999,0
105301,受击不超过12次,0,"115,10530,10530;118,1,1",1001,0,0,,0,0,99999,0
105311,受击不超过12次,0,"115,10531,10531;118,1,1",1001,0,0,,0,0,99999,0
105321,受击不超过12次,0,"115,10532,10532;118,1,1",1001,0,0,,0,0,99999,0
105331,受击不超过12次,0,"115,10533,10533;118,1,1",1001,0,0,,0,0,99999,0
106011,受击不超过12次,0,"115,10601,10601;118,1,1",1001,0,0,,0,0,99999,0
106021,受击不超过12次,0,"115,10602,10602;118,1,1",1001,0,0,,0,0,99999,0
106031,受击不超过12次,0,"115,10603,10603;118,1,1",1001,0,0,,0,0,99999,0
106041,受击不超过12次,0,"115,10604,10604;118,1,1",1001,0,0,,0,0,99999,0
106051,受击不超过12次,0,"115,10605,10605;118,1,1",1001,0,0,,0,0,99999,0
106061,受击不超过12次,0,"115,10606,10606;118,1,1",1001,0,0,,0,0,99999,0
106071,受击不超过12次,0,"115,10607,10607;118,1,1",1001,0,0,,0,0,99999,0
106081,受击不超过12次,0,"115,10608,10608;118,1,1",1001,0,0,,0,0,99999,0
106091,受击不超过12次,0,"115,10609,10609;118,1,1",1001,0,0,,0,0,99999,0
106101,受击不超过12次,0,"115,10610,10610;118,1,1",1001,0,0,,0,0,99999,0
106111,受击不超过12次,0,"115,10611,10611;118,1,1",1001,0,0,,0,0,99999,0
106121,受击不超过12次,0,"115,10612,10612;118,1,1",1001,0,0,,0,0,99999,0
106131,受击不超过12次,0,"115,10613,10613;118,1,1",1001,0,0,,0,0,99999,0
106141,受击不超过12次,0,"115,10614,10614;118,1,1",1001,0,0,,0,0,99999,0
106151,受击不超过12次,0,"115,10615,10615;118,1,1",1001,0,0,,0,0,99999,0
106161,受击不超过12次,0,"115,10616,10616;118,1,1",1001,0,0,,0,0,99999,0
106171,受击不超过12次,0,"115,10617,10617;118,1,1",1001,0,0,,0,0,99999,0
106181,受击不超过12次,0,"115,10618,10618;118,1,1",1001,0,0,,0,0,99999,0
106191,受击不超过12次,0,"115,10619,10619;118,1,1",1001,0,0,,0,0,99999,0
106201,受击不超过12次,0,"115,10620,10620;118,1,1",1001,0,0,,0,0,99999,0
106211,受击不超过12次,0,"115,10621,10621;118,1,1",1001,0,0,,0,0,99999,0
106221,受击不超过12次,0,"115,10622,10622;118,1,1",1001,0,0,,0,0,99999,0
107171,受击不超过12次,0,"115,10717,10717;118,1,1",1001,0,0,,0,0,99999,0
107181,受击不超过12次,0,"115,10718,10718;118,1,1",1001,0,0,,0,0,99999,0
107191,受击不超过12次,0,"115,10719,10719;118,1,1",1001,0,0,,0,0,99999,0
107201,受击不超过12次,0,"115,10720,10720;118,1,1",1001,0,0,,0,0,99999,0
107211,受击不超过12次,0,"115,10721,10721;118,1,1",1001,0,0,,0,0,99999,0
107221,受击不超过12次,0,"115,10722,10722;118,1,1",1001,0,0,,0,0,99999,0
107231,受击不超过12次,0,"115,10723,10723;118,1,1",1001,0,0,,0,0,99999,0
107241,受击不超过12次,0,"115,10724,10724;118,1,1",1001,0,0,,0,0,99999,0
107251,受击不超过12次,0,"115,10725,10725;118,1,1",1001,0,0,,0,0,99999,0
107261,受击不超过12次,0,"115,10726,10726;118,1,1",1001,0,0,,0,0,99999,0
108161,受击不超过12次,0,"115,10816,10816;118,1,1",1001,0,0,,0,0,99999,0
108171,受击不超过12次,0,"115,10817,10817;118,1,1",1001,0,0,,0,0,99999,0
108181,受击不超过12次,0,"115,10818,10818;118,1,1",1001,0,0,,0,0,99999,0
108191,受击不超过12次,0,"115,10819,10819;118,1,1",1001,0,0,,0,0,99999,0
108201,受击不超过12次,0,"115,10820,10820;118,1,1",1001,0,0,,0,0,99999,0
108211,受击不超过12次,0,"115,10821,10821;118,1,1",1001,0,0,,0,0,99999,0
108221,受击不超过12次,0,"115,10822,10822;118,1,1",1001,0,0,,0,0,99999,0
108231,受击不超过12次,0,"115,10823,10823;118,1,1",1001,0,0,,0,0,99999,0
108241,受击不超过12次,0,"115,10824,10824;118,1,1",1001,0,0,,0,0,99999,0
108251,受击不超过12次,0,"115,10825,10825;118,1,1",1001,0,0,,0,0,99999,0
108261,受击不超过12次,0,"115,10826,10826;118,1,1",1001,0,0,,0,0,99999,0
108271,受击不超过12次,0,"115,10827,10827;118,1,1",1001,0,0,,0,0,99999,0
108281,受击不超过12次,0,"115,10828,10828;118,1,1",1001,0,0,,0,0,99999,0
108291,受击不超过12次,0,"115,10829,10829;118,1,1",1001,0,0,,0,0,99999,0
108301,受击不超过12次,0,"115,10830,10830;118,1,1",1001,0,0,,0,0,99999,0
108311,受击不超过12次,0,"115,10831,10831;118,1,1",1001,0,0,,0,0,99999,0
108321,受击不超过12次,0,"115,10832,10832;118,1,1",1001,0,0,,0,0,99999,0
108331,受击不超过12次,0,"115,10833,10833;118,1,1",1001,0,0,,0,0,99999,0
109161,受击不超过12次,0,"115,10916,10916;118,1,1",1001,0,0,,0,0,99999,0
109171,受击不超过12次,0,"115,10917,10917;118,1,1",1001,0,0,,0,0,99999,0
109181,受击不超过12次,0,"115,10918,10918;118,1,1",1001,0,0,,0,0,99999,0
109191,受击不超过12次,0,"115,10919,10919;118,1,1",1001,0,0,,0,0,99999,0
109201,受击不超过12次,0,"115,10920,10920;118,1,1",1001,0,0,,0,0,99999,0
109211,受击不超过12次,0,"115,10921,10921;118,1,1",1001,0,0,,0,0,99999,0
109221,受击不超过12次,0,"115,10922,10922;118,1,1",1001,0,0,,0,0,99999,0
109231,受击不超过12次,0,"115,10923,10923;118,1,1",1001,0,0,,0,0,99999,0
109241,受击不超过12次,0,"115,10924,10924;118,1,1",1001,0,0,,0,0,99999,0
109251,受击不超过12次,0,"115,10925,10925;118,1,1",1001,0,0,,0,0,99999,0
109261,受击不超过12次,0,"115,10926,10926;118,1,1",1001,0,0,,0,0,99999,0
109271,受击不超过12次,0,"115,10927,10927;118,1,1",1001,0,0,,0,0,99999,0
109281,受击不超过12次,0,"115,10928,10928;118,1,1",1001,0,0,,0,0,99999,0
109291,受击不超过12次,0,"115,10929,10929;118,1,1",1001,0,0,,0,0,99999,0
109301,受击不超过12次,0,"115,10930,10930;118,1,1",1001,0,0,,0,0,99999,0
109311,受击不超过12次,0,"115,10931,10931;118,1,1",1001,0,0,,0,0,99999,0
109321,受击不超过12次,0,"115,10932,10932;118,1,1",1001,0,0,,0,0,99999,0
109331,受击不超过12次,0,"115,10933,10933;118,1,1",1001,0,0,,0,0,99999,0
110211,受击不超过12次,0,"115,11021,11021;118,1,1",1001,0,0,,0,0,99999,0
110221,受击不超过12次,0,"115,11022,11022;118,1,1",1001,0,0,,0,0,99999,0
110231,受击不超过12次,0,"115,11023,11023;118,1,1",1001,0,0,,0,0,99999,0
110241,受击不超过12次,0,"115,11024,11024;118,1,1",1001,0,0,,0,0,99999,0
110251,受击不超过12次,0,"115,11025,11025;118,1,1",1001,0,0,,0,0,99999,0
110261,受击不超过12次,0,"115,11026,11026;118,1,1",1001,0,0,,0,0,99999,0
110271,受击不超过12次,0,"115,11027,11027;118,1,1",1001,0,0,,0,0,99999,0
110281,受击不超过12次,0,"115,11028,11028;118,1,1",1001,0,0,,0,0,99999,0
110291,受击不超过12次,0,"115,11029,11029;118,1,1",1001,0,0,,0,0,99999,0
110301,受击不超过12次,0,"115,11030,11030;118,1,1",1001,0,0,,0,0,99999,0
110311,受击不超过12次,0,"115,11031,11031;118,1,1",1001,0,0,,0,0,99999,0
110321,受击不超过12次,0,"115,11032,11032;118,1,1",1001,0,0,,0,0,99999,0
110331,受击不超过12次,0,"115,11033,11033;118,1,1",1001,0,0,,0,0,99999,0
110341,受击不超过12次,0,"115,11034,11034;118,1,1",1001,0,0,,0,0,99999,0
110351,受击不超过12次,0,"115,11035,11035;118,1,1",1001,0,0,,0,0,99999,0
101012,5回合内通关,0,"115,10101,10101;118,1,1",1011,0,0,,0,0,99999,0
101032,5回合内通关,0,"115,10103,10103;118,1,1",1011,0,0,,0,0,99999,0
101062,5回合内通关,0,"115,10106,10106;118,1,1",1011,0,0,,0,0,99999,0
101072,5回合内通关,0,"115,10107,10107;118,1,1",1011,0,0,,0,0,99999,0
101092,5回合内通关,0,"115,10109,10109;118,1,1",1011,0,0,,0,0,99999,0
101102,5回合内通关,0,"115,10110,10110;118,1,1",1011,0,0,,0,0,99999,0
101122,5回合内通关,0,"115,10112,10112;118,1,1",1011,0,0,,0,0,99999,0
101132,5回合内通关,0,"115,10113,10113;118,1,1",1011,0,0,,0,0,99999,0
101142,5回合内通关,0,"115,10114,10114;118,1,1",1011,0,0,,0,0,99999,0
101152,5回合内通关,0,"115,10115,10115;118,1,1",1011,0,0,,0,0,99999,0
101162,5回合内通关,0,"115,10116,10116;118,1,1",1011,0,0,,0,0,99999,0
101172,5回合内通关,0,"115,10117,10117;118,1,1",1011,0,0,,0,0,99999,0
101182,5回合内通关,0,"115,10118,10118;118,1,1",1011,0,0,,0,0,99999,0
101192,5回合内通关,0,"115,10119,10119;118,1,1",1011,0,0,,0,0,99999,0
101202,5回合内通关,0,"115,10120,10120;118,1,1",1011,0,0,,0,0,99999,0
101212,5回合内通关,0,"115,10121,10121;118,1,1",1011,0,0,,0,0,99999,0
101222,5回合内通关,0,"115,10122,10122;118,1,1",1011,0,0,,0,0,99999,0
101232,5回合内通关,0,"115,10123,10123;118,1,1",1011,0,0,,0,0,99999,0
101242,5回合内通关,0,"115,10124,10124;118,1,1",1011,0,0,,0,0,99999,0
101252,5回合内通关,0,"115,10125,10125;118,1,1",1011,0,0,,0,0,99999,0
101262,5回合内通关,0,"115,10126,10126;118,1,1",1011,0,0,,0,0,99999,0
101272,5回合内通关,0,"115,10127,10127;118,1,1",1011,0,0,,0,0,99999,0
102012,5回合内通关,0,"115,10201,10201;118,1,1",1011,0,0,,0,0,99999,0
102022,5回合内通关,0,"115,10202,10202;118,1,1",1011,0,0,,0,0,99999,0
102132,5回合内通关,0,"115,10213,10213;118,1,1",1011,0,0,,0,0,99999,0
102142,5回合内通关,0,"115,10214,10214;118,1,1",1011,0,0,,0,0,99999,0
102162,5回合内通关,0,"115,10216,10216;118,1,1",1011,0,0,,0,0,99999,0
102172,5回合内通关,0,"115,10217,10217;118,1,1",1011,0,0,,0,0,99999,0
102182,5回合内通关,0,"115,10218,10218;118,1,1",1011,0,0,,0,0,99999,0
102192,5回合内通关,0,"115,10219,10219;118,1,1",1011,0,0,,0,0,99999,0
102202,5回合内通关,0,"115,10220,10220;118,1,1",1011,0,0,,0,0,99999,0
102212,5回合内通关,0,"115,10221,10221;118,1,1",1011,0,0,,0,0,99999,0
102222,5回合内通关,0,"115,10222,10222;118,1,1",1011,0,0,,0,0,99999,0
102232,5回合内通关,0,"115,10223,10223;118,1,1",1011,0,0,,0,0,99999,0
102242,5回合内通关,0,"115,10224,10224;118,1,1",1011,0,0,,0,0,99999,0
102252,5回合内通关,0,"115,10225,10225;118,1,1",1011,0,0,,0,0,99999,0
102262,5回合内通关,0,"115,10226,10226;118,1,1",1011,0,0,,0,0,99999,0
102272,5回合内通关,0,"115,10227,10227;118,1,1",1011,0,0,,0,0,99999,0
102282,5回合内通关,0,"115,10228,10228;118,1,1",1011,0,0,,0,0,99999,0
103062,5回合内通关,0,"115,10306,10306;118,1,1",1011,0,0,,0,0,99999,0
103072,5回合内通关,0,"115,10307,10307;118,1,1",1011,0,0,,0,0,99999,0
103082,5回合内通关,0,"115,10308,10308;118,1,1",1011,0,0,,0,0,99999,0
103102,5回合内通关,0,"115,10310,10310;118,1,1",1011,0,0,,0,0,99999,0
103112,5回合内通关,0,"115,10311,10311;118,1,1",1011,0,0,,0,0,99999,0
103122,5回合内通关,0,"115,10312,10312;118,1,1",1011,0,0,,0,0,99999,0
103132,5回合内通关,0,"115,10313,10313;118,1,1",1011,0,0,,0,0,99999,0
103142,5回合内通关,0,"115,10314,10314;118,1,1",1011,0,0,,0,0,99999,0
103152,5回合内通关,0,"115,10315,10315;118,1,1",1011,0,0,,0,0,99999,0
103162,5回合内通关,0,"115,10316,10316;118,1,1",1011,0,0,,0,0,99999,0
103172,5回合内通关,0,"115,10317,10317;118,1,1",1011,0,0,,0,0,99999,0
103182,5回合内通关,0,"115,10318,10318;118,1,1",1011,0,0,,0,0,99999,0
103192,5回合内通关,0,"115,10319,10319;118,1,1",1011,0,0,,0,0,99999,0
103202,5回合内通关,0,"115,10320,10320;118,1,1",1011,0,0,,0,0,99999,0
104032,5回合内通关,0,"115,10403,10403;118,1,1",1011,0,0,,0,0,99999,0
104072,5回合内通关,0,"115,10407,10407;118,1,1",1011,0,0,,0,0,99999,0
104122,5回合内通关,0,"115,10412,10412;118,1,1",1011,0,0,,0,0,99999,0
104132,5回合内通关,0,"115,10413,10413;118,1,1",1011,0,0,,0,0,99999,0
104142,5回合内通关,0,"115,10414,10414;118,1,1",1011,0,0,,0,0,99999,0
104162,5回合内通关,0,"115,10416,10416;118,1,1",1011,0,0,,0,0,99999,0
104172,5回合内通关,0,"115,10417,10417;118,1,1",1011,0,0,,0,0,99999,0
104182,5回合内通关,0,"115,10418,10418;118,1,1",1011,0,0,,0,0,99999,0
104192,5回合内通关,0,"115,10419,10419;118,1,1",1011,0,0,,0,0,99999,0
104202,5回合内通关,0,"115,10420,10420;118,1,1",1011,0,0,,0,0,99999,0
104212,5回合内通关,0,"115,10421,10421;118,1,1",1011,0,0,,0,0,99999,0
104222,5回合内通关,0,"115,10422,10422;118,1,1",1011,0,0,,0,0,99999,0
104232,5回合内通关,0,"115,10423,10423;118,1,1",1011,0,0,,0,0,99999,0
104242,5回合内通关,0,"115,10424,10424;118,1,1",1011,0,0,,0,0,99999,0
105062,5回合内通关,0,"115,10506,10506;118,1,1",1011,0,0,,0,0,99999,0
105072,5回合内通关,0,"115,10507,10507;118,1,1",1011,0,0,,0,0,99999,0
105102,5回合内通关,0,"115,10510,10510;118,1,1",1011,0,0,,0,0,99999,0
105132,5回合内通关,0,"115,10513,10513;118,1,1",1011,0,0,,0,0,99999,0
105162,5回合内通关,0,"115,10516,10516;118,1,1",1011,0,0,,0,0,99999,0
105192,5回合内通关,0,"115,10519,10519;118,1,1",1011,0,0,,0,0,99999,0
105212,5回合内通关,0,"115,10521,10521;118,1,1",1011,0,0,,0,0,99999,0
105222,5回合内通关,0,"115,10522,10522;118,1,1",1011,0,0,,0,0,99999,0
105232,5回合内通关,0,"115,10523,10523;118,1,1",1011,0,0,,0,0,99999,0
105242,5回合内通关,0,"115,10524,10524;118,1,1",1011,0,0,,0,0,99999,0
105252,5回合内通关,0,"115,10525,10525;118,1,1",1011,0,0,,0,0,99999,0
105262,5回合内通关,0,"115,10526,10526;118,1,1",1011,0,0,,0,0,99999,0
105272,5回合内通关,0,"115,10527,10527;118,1,1",1011,0,0,,0,0,99999,0
105282,5回合内通关,0,"115,10528,10528;118,1,1",1011,0,0,,0,0,99999,0
105292,5回合内通关,0,"115,10529,10529;118,1,1",1011,0,0,,0,0,99999,0
105302,5回合内通关,0,"115,10530,10530;118,1,1",1011,0,0,,0,0,99999,0
105312,5回合内通关,0,"115,10531,10531;118,1,1",1011,0,0,,0,0,99999,0
105322,5回合内通关,0,"115,10532,10532;118,1,1",1011,0,0,,0,0,99999,0
105332,5回合内通关,0,"115,10533,10533;118,1,1",1011,0,0,,0,0,99999,0
106012,5回合内通关,0,"115,10601,10601;118,1,1",1011,0,0,,0,0,99999,0
106022,5回合内通关,0,"115,10602,10602;118,1,1",1011,0,0,,0,0,99999,0
106032,5回合内通关,0,"115,10603,10603;118,1,1",1011,0,0,,0,0,99999,0
106042,5回合内通关,0,"115,10604,10604;118,1,1",1011,0,0,,0,0,99999,0
106052,5回合内通关,0,"115,10605,10605;118,1,1",1011,0,0,,0,0,99999,0
106062,5回合内通关,0,"115,10606,10606;118,1,1",1011,0,0,,0,0,99999,0
106072,5回合内通关,0,"115,10607,10607;118,1,1",1011,0,0,,0,0,99999,0
106082,5回合内通关,0,"115,10608,10608;118,1,1",1011,0,0,,0,0,99999,0
106092,5回合内通关,0,"115,10609,10609;118,1,1",1011,0,0,,0,0,99999,0
106102,5回合内通关,0,"115,10610,10610;118,1,1",1011,0,0,,0,0,99999,0
106112,5回合内通关,0,"115,10611,10611;118,1,1",1011,0,0,,0,0,99999,0
106122,5回合内通关,0,"115,10612,10612;118,1,1",1011,0,0,,0,0,99999,0
106132,5回合内通关,0,"115,10613,10613;118,1,1",1011,0,0,,0,0,99999,0
106142,5回合内通关,0,"115,10614,10614;118,1,1",1011,0,0,,0,0,99999,0
106152,5回合内通关,0,"115,10615,10615;118,1,1",1011,0,0,,0,0,99999,0
106162,5回合内通关,0,"115,10616,10616;118,1,1",1011,0,0,,0,0,99999,0
106172,5回合内通关,0,"115,10617,10617;118,1,1",1011,0,0,,0,0,99999,0
106182,5回合内通关,0,"115,10618,10618;118,1,1",1011,0,0,,0,0,99999,0
106192,5回合内通关,0,"115,10619,10619;118,1,1",1011,0,0,,0,0,99999,0
106202,5回合内通关,0,"115,10620,10620;118,1,1",1011,0,0,,0,0,99999,0
106212,5回合内通关,0,"115,10621,10621;118,1,1",1011,0,0,,0,0,99999,0
106222,5回合内通关,0,"115,10622,10622;118,1,1",1011,0,0,,0,0,99999,0
107172,5回合内通关,0,"115,10717,10717;118,1,1",1011,0,0,,0,0,99999,0
107182,5回合内通关,0,"115,10718,10718;118,1,1",1011,0,0,,0,0,99999,0
107192,5回合内通关,0,"115,10719,10719;118,1,1",1011,0,0,,0,0,99999,0
107202,5回合内通关,0,"115,10720,10720;118,1,1",1011,0,0,,0,0,99999,0
107212,5回合内通关,0,"115,10721,10721;118,1,1",1011,0,0,,0,0,99999,0
107222,5回合内通关,0,"115,10722,10722;118,1,1",1011,0,0,,0,0,99999,0
107232,5回合内通关,0,"115,10723,10723;118,1,1",1011,0,0,,0,0,99999,0
107242,5回合内通关,0,"115,10724,10724;118,1,1",1011,0,0,,0,0,99999,0
107252,5回合内通关,0,"115,10725,10725;118,1,1",1011,0,0,,0,0,99999,0
107262,5回合内通关,0,"115,10726,10726;118,1,1",1011,0,0,,0,0,99999,0
108162,5回合内通关,0,"115,10816,10816;118,1,1",1011,0,0,,0,0,99999,0
108172,5回合内通关,0,"115,10817,10817;118,1,1",1011,0,0,,0,0,99999,0
108182,5回合内通关,0,"115,10818,10818;118,1,1",1011,0,0,,0,0,99999,0
108192,5回合内通关,0,"115,10819,10819;118,1,1",1011,0,0,,0,0,99999,0
108202,5回合内通关,0,"115,10820,10820;118,1,1",1011,0,0,,0,0,99999,0
108212,5回合内通关,0,"115,10821,10821;118,1,1",1011,0,0,,0,0,99999,0
108222,5回合内通关,0,"115,10822,10822;118,1,1",1011,0,0,,0,0,99999,0
108232,5回合内通关,0,"115,10823,10823;118,1,1",1011,0,0,,0,0,99999,0
108242,5回合内通关,0,"115,10824,10824;118,1,1",1011,0,0,,0,0,99999,0
108252,5回合内通关,0,"115,10825,10825;118,1,1",1011,0,0,,0,0,99999,0
108262,5回合内通关,0,"115,10826,10826;118,1,1",1011,0,0,,0,0,99999,0
108272,5回合内通关,0,"115,10827,10827;118,1,1",1011,0,0,,0,0,99999,0
108282,5回合内通关,0,"115,10828,10828;118,1,1",1011,0,0,,0,0,99999,0
108292,5回合内通关,0,"115,10829,10829;118,1,1",1011,0,0,,0,0,99999,0
108302,5回合内通关,0,"115,10830,10830;118,1,1",1011,0,0,,0,0,99999,0
108312,5回合内通关,0,"115,10831,10831;118,1,1",1011,0,0,,0,0,99999,0
108322,5回合内通关,0,"115,10832,10832;118,1,1",1011,0,0,,0,0,99999,0
108332,5回合内通关,0,"115,10833,10833;118,1,1",1011,0,0,,0,0,99999,0
109162,5回合内通关,0,"115,10916,10916;118,1,1",1011,0,0,,0,0,99999,0
109172,5回合内通关,0,"115,10917,10917;118,1,1",1011,0,0,,0,0,99999,0
109182,5回合内通关,0,"115,10918,10918;118,1,1",1011,0,0,,0,0,99999,0
109192,5回合内通关,0,"115,10919,10919;118,1,1",1011,0,0,,0,0,99999,0
109202,5回合内通关,0,"115,10920,10920;118,1,1",1011,0,0,,0,0,99999,0
109212,5回合内通关,0,"115,10921,10921;118,1,1",1011,0,0,,0,0,99999,0
109222,5回合内通关,0,"115,10922,10922;118,1,1",1011,0,0,,0,0,99999,0
109232,5回合内通关,0,"115,10923,10923;118,1,1",1011,0,0,,0,0,99999,0
109242,5回合内通关,0,"115,10924,10924;118,1,1",1011,0,0,,0,0,99999,0
109252,5回合内通关,0,"115,10925,10925;118,1,1",1011,0,0,,0,0,99999,0
109262,5回合内通关,0,"115,10926,10926;118,1,1",1011,0,0,,0,0,99999,0
109272,5回合内通关,0,"115,10927,10927;118,1,1",1011,0,0,,0,0,99999,0
109282,5回合内通关,0,"115,10928,10928;118,1,1",1011,0,0,,0,0,99999,0
109292,5回合内通关,0,"115,10929,10929;118,1,1",1011,0,0,,0,0,99999,0
109302,5回合内通关,0,"115,10930,10930;118,1,1",1011,0,0,,0,0,99999,0
109312,5回合内通关,0,"115,10931,10931;118,1,1",1011,0,0,,0,0,99999,0
109322,5回合内通关,0,"115,10932,10932;118,1,1",1011,0,0,,0,0,99999,0
109332,5回合内通关,0,"115,10933,10933;118,1,1",1011,0,0,,0,0,99999,0
110212,5回合内通关,0,"115,11021,11021;118,1,1",1011,0,0,,0,0,99999,0
110222,5回合内通关,0,"115,11022,11022;118,1,1",1011,0,0,,0,0,99999,0
110232,5回合内通关,0,"115,11023,11023;118,1,1",1011,0,0,,0,0,99999,0
110242,5回合内通关,0,"115,11024,11024;118,1,1",1011,0,0,,0,0,99999,0
110252,5回合内通关,0,"115,11025,11025;118,1,1",1011,0,0,,0,0,99999,0
110262,5回合内通关,0,"115,11026,11026;118,1,1",1011,0,0,,0,0,99999,0
110272,5回合内通关,0,"115,11027,11027;118,1,1",1011,0,0,,0,0,99999,0
110282,5回合内通关,0,"115,11028,11028;118,1,1",1011,0,0,,0,0,99999,0
110292,5回合内通关,0,"115,11029,11029;118,1,1",1011,0,0,,0,0,99999,0
110302,5回合内通关,0,"115,11030,11030;118,1,1",1011,0,0,,0,0,99999,0
110312,5回合内通关,0,"115,11031,11031;118,1,1",1011,0,0,,0,0,99999,0
110322,5回合内通关,0,"115,11032,11032;118,1,1",1011,0,0,,0,0,99999,0
110332,5回合内通关,0,"115,11033,11033;118,1,1",1011,0,0,,0,0,99999,0
110342,5回合内通关,0,"115,11034,11034;118,1,1",1011,0,0,,0,0,99999,0
110352,5回合内通关,0,"115,11035,11035;118,1,1",1011,0,0,,0,0,99999,0
101013,无人死亡,0,"115,10101,10101;118,1,1",1019,0,0,,0,0,99999,0
101033,无人死亡,0,"115,10103,10103;118,1,1",1019,0,0,,0,0,99999,0
101063,无人死亡,0,"115,10106,10106;118,1,1",1019,0,0,,0,0,99999,0
101073,无人死亡,0,"115,10107,10107;118,1,1",1019,0,0,,0,0,99999,0
101093,无人死亡,0,"115,10109,10109;118,1,1",1019,0,0,,0,0,99999,0
101103,无人死亡,0,"115,10110,10110;118,1,1",1019,0,0,,0,0,99999,0
101123,无人死亡,0,"115,10112,10112;118,1,1",1019,0,0,,0,0,99999,0
101133,无人死亡,0,"115,10113,10113;118,1,1",1019,0,0,,0,0,99999,0
101143,无人死亡,0,"115,10114,10114;118,1,1",1019,0,0,,0,0,99999,0
101153,无人死亡,0,"115,10115,10115;118,1,1",1019,0,0,,0,0,99999,0
101163,无人死亡,0,"115,10116,10116;118,1,1",1019,0,0,,0,0,99999,0
101173,无人死亡,0,"115,10117,10117;118,1,1",1019,0,0,,0,0,99999,0
101183,无人死亡,0,"115,10118,10118;118,1,1",1019,0,0,,0,0,99999,0
101193,无人死亡,0,"115,10119,10119;118,1,1",1019,0,0,,0,0,99999,0
101203,无人死亡,0,"115,10120,10120;118,1,1",1019,0,0,,0,0,99999,0
101213,无人死亡,0,"115,10121,10121;118,1,1",1019,0,0,,0,0,99999,0
101223,无人死亡,0,"115,10122,10122;118,1,1",1019,0,0,,0,0,99999,0
101233,无人死亡,0,"115,10123,10123;118,1,1",1019,0,0,,0,0,99999,0
101243,无人死亡,0,"115,10124,10124;118,1,1",1019,0,0,,0,0,99999,0
101253,无人死亡,0,"115,10125,10125;118,1,1",1019,0,0,,0,0,99999,0
101263,无人死亡,0,"115,10126,10126;118,1,1",1019,0,0,,0,0,99999,0
101273,无人死亡,0,"115,10127,10127;118,1,1",1019,0,0,,0,0,99999,0
102013,无人死亡,0,"115,10201,10201;118,1,1",1019,0,0,,0,0,99999,0
102023,无人死亡,0,"115,10202,10202;118,1,1",1019,0,0,,0,0,99999,0
102133,无人死亡,0,"115,10213,10213;118,1,1",1019,0,0,,0,0,99999,0
102143,无人死亡,0,"115,10214,10214;118,1,1",1019,0,0,,0,0,99999,0
102163,无人死亡,0,"115,10216,10216;118,1,1",1019,0,0,,0,0,99999,0
102173,无人死亡,0,"115,10217,10217;118,1,1",1019,0,0,,0,0,99999,0
102183,无人死亡,0,"115,10218,10218;118,1,1",1019,0,0,,0,0,99999,0
102193,无人死亡,0,"115,10219,10219;118,1,1",1019,0,0,,0,0,99999,0
102203,无人死亡,0,"115,10220,10220;118,1,1",1019,0,0,,0,0,99999,0
102213,无人死亡,0,"115,10221,10221;118,1,1",1019,0,0,,0,0,99999,0
102223,无人死亡,0,"115,10222,10222;118,1,1",1019,0,0,,0,0,99999,0
102233,无人死亡,0,"115,10223,10223;118,1,1",1019,0,0,,0,0,99999,0
102243,无人死亡,0,"115,10224,10224;118,1,1",1019,0,0,,0,0,99999,0
102253,无人死亡,0,"115,10225,10225;118,1,1",1019,0,0,,0,0,99999,0
102263,无人死亡,0,"115,10226,10226;118,1,1",1019,0,0,,0,0,99999,0
102273,无人死亡,0,"115,10227,10227;118,1,1",1019,0,0,,0,0,99999,0
102283,无人死亡,0,"115,10228,10228;118,1,1",1019,0,0,,0,0,99999,0
103063,无人死亡,0,"115,10306,10306;118,1,1",1019,0,0,,0,0,99999,0
103073,无人死亡,0,"115,10307,10307;118,1,1",1019,0,0,,0,0,99999,0
103083,无人死亡,0,"115,10308,10308;118,1,1",1019,0,0,,0,0,99999,0
103103,无人死亡,0,"115,10310,10310;118,1,1",1019,0,0,,0,0,99999,0
103113,无人死亡,0,"115,10311,10311;118,1,1",1019,0,0,,0,0,99999,0
103123,无人死亡,0,"115,10312,10312;118,1,1",1019,0,0,,0,0,99999,0
103133,无人死亡,0,"115,10313,10313;118,1,1",1019,0,0,,0,0,99999,0
103143,无人死亡,0,"115,10314,10314;118,1,1",1019,0,0,,0,0,99999,0
103153,无人死亡,0,"115,10315,10315;118,1,1",1019,0,0,,0,0,99999,0
103163,无人死亡,0,"115,10316,10316;118,1,1",1019,0,0,,0,0,99999,0
103173,无人死亡,0,"115,10317,10317;118,1,1",1019,0,0,,0,0,99999,0
103183,无人死亡,0,"115,10318,10318;118,1,1",1019,0,0,,0,0,99999,0
103193,无人死亡,0,"115,10319,10319;118,1,1",1019,0,0,,0,0,99999,0
103203,无人死亡,0,"115,10320,10320;118,1,1",1019,0,0,,0,0,99999,0
104033,无人死亡,0,"115,10403,10403;118,1,1",1019,0,0,,0,0,99999,0
104073,无人死亡,0,"115,10407,10407;118,1,1",1019,0,0,,0,0,99999,0
104123,无人死亡,0,"115,10412,10412;118,1,1",1019,0,0,,0,0,99999,0
104133,无人死亡,0,"115,10413,10413;118,1,1",1019,0,0,,0,0,99999,0
104143,无人死亡,0,"115,10414,10414;118,1,1",1019,0,0,,0,0,99999,0
104163,无人死亡,0,"115,10416,10416;118,1,1",1019,0,0,,0,0,99999,0
104173,无人死亡,0,"115,10417,10417;118,1,1",1019,0,0,,0,0,99999,0
104183,无人死亡,0,"115,10418,10418;118,1,1",1019,0,0,,0,0,99999,0
104193,无人死亡,0,"115,10419,10419;118,1,1",1019,0,0,,0,0,99999,0
104203,无人死亡,0,"115,10420,10420;118,1,1",1019,0,0,,0,0,99999,0
104213,无人死亡,0,"115,10421,10421;118,1,1",1019,0,0,,0,0,99999,0
104223,无人死亡,0,"115,10422,10422;118,1,1",1019,0,0,,0,0,99999,0
104233,无人死亡,0,"115,10423,10423;118,1,1",1019,0,0,,0,0,99999,0
104243,无人死亡,0,"115,10424,10424;118,1,1",1019,0,0,,0,0,99999,0
105063,无人死亡,0,"115,10506,10506;118,1,1",1019,0,0,,0,0,99999,0
105073,无人死亡,0,"115,10507,10507;118,1,1",1019,0,0,,0,0,99999,0
105103,无人死亡,0,"115,10510,10510;118,1,1",1019,0,0,,0,0,99999,0
105133,无人死亡,0,"115,10513,10513;118,1,1",1019,0,0,,0,0,99999,0
105163,无人死亡,0,"115,10516,10516;118,1,1",1019,0,0,,0,0,99999,0
105193,无人死亡,0,"115,10519,10519;118,1,1",1019,0,0,,0,0,99999,0
105213,无人死亡,0,"115,10521,10521;118,1,1",1019,0,0,,0,0,99999,0
105223,无人死亡,0,"115,10522,10522;118,1,1",1019,0,0,,0,0,99999,0
105233,无人死亡,0,"115,10523,10523;118,1,1",1019,0,0,,0,0,99999,0
105243,无人死亡,0,"115,10524,10524;118,1,1",1019,0,0,,0,0,99999,0
105253,无人死亡,0,"115,10525,10525;118,1,1",1019,0,0,,0,0,99999,0
105263,无人死亡,0,"115,10526,10526;118,1,1",1019,0,0,,0,0,99999,0
105273,无人死亡,0,"115,10527,10527;118,1,1",1019,0,0,,0,0,99999,0
105283,无人死亡,0,"115,10528,10528;118,1,1",1019,0,0,,0,0,99999,0
105293,无人死亡,0,"115,10529,10529;118,1,1",1019,0,0,,0,0,99999,0
105303,无人死亡,0,"115,10530,10530;118,1,1",1019,0,0,,0,0,99999,0
105313,无人死亡,0,"115,10531,10531;118,1,1",1019,0,0,,0,0,99999,0
105323,无人死亡,0,"115,10532,10532;118,1,1",1019,0,0,,0,0,99999,0
105333,无人死亡,0,"115,10533,10533;118,1,1",1019,0,0,,0,0,99999,0
106013,无人死亡,0,"115,10601,10601;118,1,1",1019,0,0,,0,0,99999,0
106023,无人死亡,0,"115,10602,10602;118,1,1",1019,0,0,,0,0,99999,0
106033,无人死亡,0,"115,10603,10603;118,1,1",1019,0,0,,0,0,99999,0
106043,无人死亡,0,"115,10604,10604;118,1,1",1019,0,0,,0,0,99999,0
106053,无人死亡,0,"115,10605,10605;118,1,1",1019,0,0,,0,0,99999,0
106063,无人死亡,0,"115,10606,10606;118,1,1",1019,0,0,,0,0,99999,0
106073,无人死亡,0,"115,10607,10607;118,1,1",1019,0,0,,0,0,99999,0
106083,无人死亡,0,"115,10608,10608;118,1,1",1019,0,0,,0,0,99999,0
106093,无人死亡,0,"115,10609,10609;118,1,1",1019,0,0,,0,0,99999,0
106103,无人死亡,0,"115,10610,10610;118,1,1",1019,0,0,,0,0,99999,0
106113,无人死亡,0,"115,10611,10611;118,1,1",1019,0,0,,0,0,99999,0
106123,无人死亡,0,"115,10612,10612;118,1,1",1019,0,0,,0,0,99999,0
106133,无人死亡,0,"115,10613,10613;118,1,1",1019,0,0,,0,0,99999,0
106143,无人死亡,0,"115,10614,10614;118,1,1",1019,0,0,,0,0,99999,0
106153,无人死亡,0,"115,10615,10615;118,1,1",1019,0,0,,0,0,99999,0
106163,无人死亡,0,"115,10616,10616;118,1,1",1019,0,0,,0,0,99999,0
106173,无人死亡,0,"115,10617,10617;118,1,1",1019,0,0,,0,0,99999,0
106183,无人死亡,0,"115,10618,10618;118,1,1",1019,0,0,,0,0,99999,0
106193,无人死亡,0,"115,10619,10619;118,1,1",1019,0,0,,0,0,99999,0
106203,无人死亡,0,"115,10620,10620;118,1,1",1019,0,0,,0,0,99999,0
106213,无人死亡,0,"115,10621,10621;118,1,1",1019,0,0,,0,0,99999,0
106223,无人死亡,0,"115,10622,10622;118,1,1",1019,0,0,,0,0,99999,0
107173,无人死亡,0,"115,10717,10717;118,1,1",1019,0,0,,0,0,99999,0
107183,无人死亡,0,"115,10718,10718;118,1,1",1019,0,0,,0,0,99999,0
107193,无人死亡,0,"115,10719,10719;118,1,1",1019,0,0,,0,0,99999,0
107203,无人死亡,0,"115,10720,10720;118,1,1",1019,0,0,,0,0,99999,0
107213,无人死亡,0,"115,10721,10721;118,1,1",1019,0,0,,0,0,99999,0
107223,无人死亡,0,"115,10722,10722;118,1,1",1019,0,0,,0,0,99999,0
107233,无人死亡,0,"115,10723,10723;118,1,1",1019,0,0,,0,0,99999,0
107243,无人死亡,0,"115,10724,10724;118,1,1",1019,0,0,,0,0,99999,0
107253,无人死亡,0,"115,10725,10725;118,1,1",1019,0,0,,0,0,99999,0
107263,无人死亡,0,"115,10726,10726;118,1,1",1019,0,0,,0,0,99999,0
108163,无人死亡,0,"115,10816,10816;118,1,1",1019,0,0,,0,0,99999,0
108173,无人死亡,0,"115,10817,10817;118,1,1",1019,0,0,,0,0,99999,0
108183,无人死亡,0,"115,10818,10818;118,1,1",1019,0,0,,0,0,99999,0
108193,无人死亡,0,"115,10819,10819;118,1,1",1019,0,0,,0,0,99999,0
108203,无人死亡,0,"115,10820,10820;118,1,1",1019,0,0,,0,0,99999,0
108213,无人死亡,0,"115,10821,10821;118,1,1",1019,0,0,,0,0,99999,0
108223,无人死亡,0,"115,10822,10822;118,1,1",1019,0,0,,0,0,99999,0
108233,无人死亡,0,"115,10823,10823;118,1,1",1019,0,0,,0,0,99999,0
108243,无人死亡,0,"115,10824,10824;118,1,1",1019,0,0,,0,0,99999,0
108253,无人死亡,0,"115,10825,10825;118,1,1",1019,0,0,,0,0,99999,0
108263,无人死亡,0,"115,10826,10826;118,1,1",1019,0,0,,0,0,99999,0
108273,无人死亡,0,"115,10827,10827;118,1,1",1019,0,0,,0,0,99999,0
108283,无人死亡,0,"115,10828,10828;118,1,1",1019,0,0,,0,0,99999,0
108293,无人死亡,0,"115,10829,10829;118,1,1",1019,0,0,,0,0,99999,0
108303,无人死亡,0,"115,10830,10830;118,1,1",1019,0,0,,0,0,99999,0
108313,无人死亡,0,"115,10831,10831;118,1,1",1019,0,0,,0,0,99999,0
108323,无人死亡,0,"115,10832,10832;118,1,1",1019,0,0,,0,0,99999,0
108333,无人死亡,0,"115,10833,10833;118,1,1",1019,0,0,,0,0,99999,0
109163,无人死亡,0,"115,10916,10916;118,1,1",1019,0,0,,0,0,99999,0
109173,无人死亡,0,"115,10917,10917;118,1,1",1019,0,0,,0,0,99999,0
109183,无人死亡,0,"115,10918,10918;118,1,1",1019,0,0,,0,0,99999,0
109193,无人死亡,0,"115,10919,10919;118,1,1",1019,0,0,,0,0,99999,0
109203,无人死亡,0,"115,10920,10920;118,1,1",1019,0,0,,0,0,99999,0
109213,无人死亡,0,"115,10921,10921;118,1,1",1019,0,0,,0,0,99999,0
109223,无人死亡,0,"115,10922,10922;118,1,1",1019,0,0,,0,0,99999,0
109233,无人死亡,0,"115,10923,10923;118,1,1",1019,0,0,,0,0,99999,0
109243,无人死亡,0,"115,10924,10924;118,1,1",1019,0,0,,0,0,99999,0
109253,无人死亡,0,"115,10925,10925;118,1,1",1019,0,0,,0,0,99999,0
109263,无人死亡,0,"115,10926,10926;118,1,1",1019,0,0,,0,0,99999,0
109273,无人死亡,0,"115,10927,10927;118,1,1",1019,0,0,,0,0,99999,0
109283,无人死亡,0,"115,10928,10928;118,1,1",1019,0,0,,0,0,99999,0
109293,无人死亡,0,"115,10929,10929;118,1,1",1019,0,0,,0,0,99999,0
109303,无人死亡,0,"115,10930,10930;118,1,1",1019,0,0,,0,0,99999,0
109313,无人死亡,0,"115,10931,10931;118,1,1",1019,0,0,,0,0,99999,0
109323,无人死亡,0,"115,10932,10932;118,1,1",1019,0,0,,0,0,99999,0
109333,无人死亡,0,"115,10933,10933;118,1,1",1019,0,0,,0,0,99999,0
110213,无人死亡,0,"115,11021,11021;118,1,1",1019,0,0,,0,0,99999,0
110223,无人死亡,0,"115,11022,11022;118,1,1",1019,0,0,,0,0,99999,0
110233,无人死亡,0,"115,11023,11023;118,1,1",1019,0,0,,0,0,99999,0
110243,无人死亡,0,"115,11024,11024;118,1,1",1019,0,0,,0,0,99999,0
110253,无人死亡,0,"115,11025,11025;118,1,1",1019,0,0,,0,0,99999,0
110263,无人死亡,0,"115,11026,11026;118,1,1",1019,0,0,,0,0,99999,0
110273,无人死亡,0,"115,11027,11027;118,1,1",1019,0,0,,0,0,99999,0
110283,无人死亡,0,"115,11028,11028;118,1,1",1019,0,0,,0,0,99999,0
110293,无人死亡,0,"115,11029,11029;118,1,1",1019,0,0,,0,0,99999,0
110303,无人死亡,0,"115,11030,11030;118,1,1",1019,0,0,,0,0,99999,0
110313,无人死亡,0,"115,11031,11031;118,1,1",1019,0,0,,0,0,99999,0
110323,无人死亡,0,"115,11032,11032;118,1,1",1019,0,0,,0,0,99999,0
110333,无人死亡,0,"115,11033,11033;118,1,1",1019,0,0,,0,0,99999,0
110343,无人死亡,0,"115,11034,11034;118,1,1",1019,0,0,,0,0,99999,0
110353,无人死亡,0,"115,11035,11035;118,1,1",1019,0,0,,0,0,99999,0
101014,三星条件,0,0,1045,"101010,101012,101013",0,,0,0,99999,0
101034,三星条件,0,0,1045,"101030,101032,101033",0,,0,0,99999,0
101064,三星条件,0,0,1045,"101060,101062,101063",0,,0,0,99999,0
101074,三星条件,0,0,1045,"101070,101072,101073",0,,0,0,99999,0
101094,三星条件,0,0,1045,"101090,101092,101093",0,,0,0,99999,0
101104,三星条件,0,0,1045,"101100,101102,101103",0,,0,0,99999,0
101124,三星条件,0,0,1045,"101120,101122,101123",0,,0,0,99999,0
101134,三星条件,0,0,1045,"101130,101132,101133",0,,0,0,99999,0
101144,三星条件,0,0,1045,"101140,101142,101143",0,,0,0,99999,0
101154,三星条件,0,0,1045,"101150,101152,101153",0,,0,0,99999,0
101164,三星条件,0,0,1045,"101160,101162,101163",0,,0,0,99999,0
101174,三星条件,0,0,1045,"101170,101172,101173",0,,0,0,99999,0
101184,三星条件,0,0,1045,"101180,101182,101183",0,,0,0,99999,0
101194,三星条件,0,0,1045,"101190,101192,101193",0,,0,0,99999,0
101204,三星条件,0,0,1045,"101200,101202,101203",0,,0,0,99999,0
101214,三星条件,0,0,1045,"101210,101212,101213",0,,0,0,99999,0
101224,三星条件,0,0,1045,"101220,101222,101223",0,,0,0,99999,0
101234,三星条件,0,0,1045,"101230,101232,101233",0,,0,0,99999,0
101244,三星条件,0,0,1045,"101240,101242,101243",0,,0,0,99999,0
101254,三星条件,0,0,1045,"101250,101252,101253",0,,0,0,99999,0
101264,三星条件,0,0,1045,"101260,101262,101263",0,,0,0,99999,0
101274,三星条件,0,0,1045,"101270,101272,101273",0,,0,0,99999,0
102014,三星条件,0,0,1045,"102010,102012,102013",0,,0,0,99999,0
102024,三星条件,0,0,1045,"102020,102022,102023",0,,0,0,99999,0
102134,三星条件,0,0,1045,"102130,102132,102133",0,,0,0,99999,0
102144,三星条件,0,0,1045,"102140,102142,102143",0,,0,0,99999,0
102164,三星条件,0,0,1045,"102160,102162,102163",0,,0,0,99999,0
102174,三星条件,0,0,1045,"102170,102172,102173",0,,0,0,99999,0
102184,三星条件,0,0,1045,"102180,102182,102183",0,,0,0,99999,0
102194,三星条件,0,0,1045,"102190,102192,102193",0,,0,0,99999,0
102204,三星条件,0,0,1045,"102200,102202,102203",0,,0,0,99999,0
102214,三星条件,0,0,1045,"102210,102212,102213",0,,0,0,99999,0
102224,三星条件,0,0,1045,"102220,102222,102223",0,,0,0,99999,0
102234,三星条件,0,0,1045,"102230,102232,102233",0,,0,0,99999,0
102244,三星条件,0,0,1045,"102240,102242,102243",0,,0,0,99999,0
102254,三星条件,0,0,1045,"102250,102252,102253",0,,0,0,99999,0
102264,三星条件,0,0,1045,"102260,102262,102263",0,,0,0,99999,0
102274,三星条件,0,0,1045,"102270,102272,102273",0,,0,0,99999,0
102284,三星条件,0,0,1045,"102280,102282,102283",0,,0,0,99999,0
103064,三星条件,0,0,1045,"103060,103062,103063",0,,0,0,99999,0
103074,三星条件,0,0,1045,"103070,103072,103073",0,,0,0,99999,0
103084,三星条件,0,0,1045,"103080,103082,103083",0,,0,0,99999,0
103104,三星条件,0,0,1045,"103100,103102,103103",0,,0,0,99999,0
103114,三星条件,0,0,1045,"103110,103112,103113",0,,0,0,99999,0
103124,三星条件,0,0,1045,"103120,103122,103123",0,,0,0,99999,0
103134,三星条件,0,0,1045,"103130,103132,103133",0,,0,0,99999,0
103144,三星条件,0,0,1045,"103140,103142,103143",0,,0,0,99999,0
103154,三星条件,0,0,1045,"103150,103152,103153",0,,0,0,99999,0
103164,三星条件,0,0,1045,"103160,103162,103163",0,,0,0,99999,0
103174,三星条件,0,0,1045,"103170,103172,103173",0,,0,0,99999,0
103184,三星条件,0,0,1045,"103180,103182,103183",0,,0,0,99999,0
103194,三星条件,0,0,1045,"103190,103192,103193",0,,0,0,99999,0
103204,三星条件,0,0,1045,"103200,103202,103203",0,,0,0,99999,0
104034,三星条件,0,0,1045,"104030,104032,104033",0,,0,0,99999,0
104074,三星条件,0,0,1045,"104070,104072,104073",0,,0,0,99999,0
104124,三星条件,0,0,1045,"104120,104122,104123",0,,0,0,99999,0
104134,三星条件,0,0,1045,"104130,104132,104133",0,,0,0,99999,0
104144,三星条件,0,0,1045,"104140,104142,104143",0,,0,0,99999,0
104164,三星条件,0,0,1045,"104160,104162,104163",0,,0,0,99999,0
104174,三星条件,0,0,1045,"104170,104172,104173",0,,0,0,99999,0
104184,三星条件,0,0,1045,"104180,104182,104183",0,,0,0,99999,0
104194,三星条件,0,0,1045,"104190,104192,104193",0,,0,0,99999,0
104204,三星条件,0,0,1045,"104200,104202,104203",0,,0,0,99999,0
104214,三星条件,0,0,1045,"104210,104212,104213",0,,0,0,99999,0
104224,三星条件,0,0,1045,"104220,104222,104223",0,,0,0,99999,0
104234,三星条件,0,0,1045,"104230,104232,104233",0,,0,0,99999,0
104244,三星条件,0,0,1045,"104240,104242,104243",0,,0,0,99999,0
105064,三星条件,0,0,1045,"105060,105062,105063",0,,0,0,99999,0
105074,三星条件,0,0,1045,"105070,105072,105073",0,,0,0,99999,0
105104,三星条件,0,0,1045,"105100,105102,105103",0,,0,0,99999,0
105134,三星条件,0,0,1045,"105130,105132,105133",0,,0,0,99999,0
105164,三星条件,0,0,1045,"105160,105162,105163",0,,0,0,99999,0
105194,三星条件,0,0,1045,"105190,105192,105193",0,,0,0,99999,0
105214,三星条件,0,0,1045,"105210,105212,105213",0,,0,0,99999,0
105224,三星条件,0,0,1045,"105220,105222,105223",0,,0,0,99999,0
105234,三星条件,0,0,1045,"105230,105232,105233",0,,0,0,99999,0
105244,三星条件,0,0,1045,"105240,105242,105243",0,,0,0,99999,0
105254,三星条件,0,0,1045,"105250,105252,105253",0,,0,0,99999,0
105264,三星条件,0,0,1045,"105260,105262,105263",0,,0,0,99999,0
105274,三星条件,0,0,1045,"105270,105272,105273",0,,0,0,99999,0
105284,三星条件,0,0,1045,"105280,105282,105283",0,,0,0,99999,0
105294,三星条件,0,0,1045,"105290,105292,105293",0,,0,0,99999,0
105304,三星条件,0,0,1045,"105300,105302,105303",0,,0,0,99999,0
105314,三星条件,0,0,1045,"105310,105312,105313",0,,0,0,99999,0
105324,三星条件,0,0,1045,"105320,105322,105323",0,,0,0,99999,0
105334,三星条件,0,0,1045,"105330,105332,105333",0,,0,0,99999,0
106014,三星条件,0,0,1045,"106010,106012,106013",0,,0,0,99999,0
106024,三星条件,0,0,1045,"106020,106022,106023",0,,0,0,99999,0
106034,三星条件,0,0,1045,"106030,106032,106033",0,,0,0,99999,0
106044,三星条件,0,0,1045,"106040,106042,106043",0,,0,0,99999,0
106054,三星条件,0,0,1045,"106050,106052,106053",0,,0,0,99999,0
106064,三星条件,0,0,1045,"106060,106062,106063",0,,0,0,99999,0
106074,三星条件,0,0,1045,"106070,106072,106073",0,,0,0,99999,0
106084,三星条件,0,0,1045,"106080,106082,106083",0,,0,0,99999,0
106094,三星条件,0,0,1045,"106090,106092,106093",0,,0,0,99999,0
106104,三星条件,0,0,1045,"106100,106102,106103",0,,0,0,99999,0
106114,三星条件,0,0,1045,"106110,106112,106113",0,,0,0,99999,0
106124,三星条件,0,0,1045,"106120,106122,106123",0,,0,0,99999,0
106134,三星条件,0,0,1045,"106130,106132,106133",0,,0,0,99999,0
106144,三星条件,0,0,1045,"106140,106142,106143",0,,0,0,99999,0
106154,三星条件,0,0,1045,"106150,106152,106153",0,,0,0,99999,0
106164,三星条件,0,0,1045,"106160,106162,106163",0,,0,0,99999,0
106174,三星条件,0,0,1045,"106170,106172,106173",0,,0,0,99999,0
106184,三星条件,0,0,1045,"106180,106182,106183",0,,0,0,99999,0
106194,三星条件,0,0,1045,"106190,106192,106193",0,,0,0,99999,0
106204,三星条件,0,0,1045,"106200,106202,106203",0,,0,0,99999,0
106214,三星条件,0,0,1045,"106210,106212,106213",0,,0,0,99999,0
106224,三星条件,0,0,1045,"106220,106222,106223",0,,0,0,99999,0
107174,三星条件,0,0,1045,"107170,107172,107173",0,,0,0,99999,0
107184,三星条件,0,0,1045,"107180,107182,107183",0,,0,0,99999,0
107194,三星条件,0,0,1045,"107190,107192,107193",0,,0,0,99999,0
107204,三星条件,0,0,1045,"107200,107202,107203",0,,0,0,99999,0
107214,三星条件,0,0,1045,"107210,107212,107213",0,,0,0,99999,0
107224,三星条件,0,0,1045,"107220,107222,107223",0,,0,0,99999,0
107234,三星条件,0,0,1045,"107230,107232,107233",0,,0,0,99999,0
107244,三星条件,0,0,1045,"107240,107242,107243",0,,0,0,99999,0
107254,三星条件,0,0,1045,"107250,107252,107253",0,,0,0,99999,0
107264,三星条件,0,0,1045,"107260,107262,107263",0,,0,0,99999,0
108164,三星条件,0,0,1045,"108160,108162,108163",0,,0,0,99999,0
108174,三星条件,0,0,1045,"108170,108172,108173",0,,0,0,99999,0
108184,三星条件,0,0,1045,"108180,108182,108183",0,,0,0,99999,0
108194,三星条件,0,0,1045,"108190,108192,108193",0,,0,0,99999,0
108204,三星条件,0,0,1045,"108200,108202,108203",0,,0,0,99999,0
108214,三星条件,0,0,1045,"108210,108212,108213",0,,0,0,99999,0
108224,三星条件,0,0,1045,"108220,108222,108223",0,,0,0,99999,0
108234,三星条件,0,0,1045,"108230,108232,108233",0,,0,0,99999,0
108244,三星条件,0,0,1045,"108240,108242,108243",0,,0,0,99999,0
108254,三星条件,0,0,1045,"108250,108252,108253",0,,0,0,99999,0
108264,三星条件,0,0,1045,"108260,108262,108263",0,,0,0,99999,0
108274,三星条件,0,0,1045,"108270,108272,108273",0,,0,0,99999,0
108284,三星条件,0,0,1045,"108280,108282,108283",0,,0,0,99999,0
108294,三星条件,0,0,1045,"108290,108292,108293",0,,0,0,99999,0
108304,三星条件,0,0,1045,"108300,108302,108303",0,,0,0,99999,0
108314,三星条件,0,0,1045,"108310,108312,108313",0,,0,0,99999,0
108324,三星条件,0,0,1045,"108320,108322,108323",0,,0,0,99999,0
108334,三星条件,0,0,1045,"108330,108332,108333",0,,0,0,99999,0
109164,三星条件,0,0,1045,"109160,109162,109163",0,,0,0,99999,0
109174,三星条件,0,0,1045,"109170,109172,109173",0,,0,0,99999,0
109184,三星条件,0,0,1045,"109180,109182,109183",0,,0,0,99999,0
109194,三星条件,0,0,1045,"109190,109192,109193",0,,0,0,99999,0
109204,三星条件,0,0,1045,"109200,109202,109203",0,,0,0,99999,0
109214,三星条件,0,0,1045,"109210,109212,109213",0,,0,0,99999,0
109224,三星条件,0,0,1045,"109220,109222,109223",0,,0,0,99999,0
109234,三星条件,0,0,1045,"109230,109232,109233",0,,0,0,99999,0
109244,三星条件,0,0,1045,"109240,109242,109243",0,,0,0,99999,0
109254,三星条件,0,0,1045,"109250,109252,109253",0,,0,0,99999,0
109264,三星条件,0,0,1045,"109260,109262,109263",0,,0,0,99999,0
109274,三星条件,0,0,1045,"109270,109272,109273",0,,0,0,99999,0
109284,三星条件,0,0,1045,"109280,109282,109283",0,,0,0,99999,0
109294,三星条件,0,0,1045,"109290,109292,109293",0,,0,0,99999,0
109304,三星条件,0,0,1045,"109300,109302,109303",0,,0,0,99999,0
109314,三星条件,0,0,1045,"109310,109312,109313",0,,0,0,99999,0
109324,三星条件,0,0,1045,"109320,109322,109323",0,,0,0,99999,0
109334,三星条件,0,0,1045,"109330,109332,109333",0,,0,0,99999,0
110214,三星条件,0,0,1045,"110210,110212,110213",0,,0,0,99999,0
110224,三星条件,0,0,1045,"110220,110222,110223",0,,0,0,99999,0
110234,三星条件,0,0,1045,"110230,110232,110233",0,,0,0,99999,0
110244,三星条件,0,0,1045,"110240,110242,110243",0,,0,0,99999,0
110254,三星条件,0,0,1045,"110250,110252,110253",0,,0,0,99999,0
110264,三星条件,0,0,1045,"110260,110262,110263",0,,0,0,99999,0
110274,三星条件,0,0,1045,"110270,110272,110273",0,,0,0,99999,0
110284,三星条件,0,0,1045,"110280,110282,110283",0,,0,0,99999,0
110294,三星条件,0,0,1045,"110290,110292,110293",0,,0,0,99999,0
110304,三星条件,0,0,1045,"110300,110302,110303",0,,0,0,99999,0
110314,三星条件,0,0,1045,"110310,110312,110313",0,,0,0,99999,0
110324,三星条件,0,0,1045,"110320,110322,110323",0,,0,0,99999,0
110334,三星条件,0,0,1045,"110330,110332,110333",0,,0,0,99999,0
110344,三星条件,0,0,1045,"110340,110342,110343",0,,0,0,99999,0
110354,三星条件,0,0,1045,"110350,110352,110353",0,,0,0,99999,0
101001,第一章星数奖励,0,0,1037,10100,0,,0,0,99999,0
102001,第二章星数奖励,0,0,1037,10200,0,,0,0,99999,0
103001,第三章星数奖励,0,0,1037,10300,0,,0,0,99999,0
104001,第四章星数奖励,0,0,1037,10400,0,,0,0,99999,0
105001,第五章星数奖励,0,0,1037,10500,0,,0,0,99999,0
106001,第六-序章星数奖励,0,0,1037,10600,0,,0,0,99999,0
107001,第六-上章星数奖励,0,0,1037,10700,0,,0,0,99999,0
108001,第六-下章星数奖励,0,0,1037,10800,0,,0,0,99999,0
109001,第七章星数奖励,0,0,1037,10900,0,,0,0,99999,0
110001,第八章星数奖励,0,0,1037,11000,0,,0,0,99999,0
301011,受击不超过9次,0,"115,30101,30101;118,1,1",1001,0,0,,0,0,99999,0
301021,受击不超过9次,0,"115,30102,30102;118,1,1",1001,0,0,,0,0,99999,0
301031,受击不超过9次,0,"115,30103,30103;118,1,1",1001,0,0,,0,0,99999,0
301041,受击不超过9次,0,"115,30104,30104;118,1,1",1001,0,0,,0,0,99999,0
301051,受击不超过9次,0,"115,30105,30105;118,1,1",1001,0,0,,0,0,99999,0
301061,受击不超过9次,0,"115,30106,30106;118,1,1",1001,0,0,,0,0,99999,0
301071,受击不超过9次,0,"115,30107,30107;118,1,1",1001,0,0,,0,0,99999,0
302011,受击不超过9次,0,"115,30201,30201;118,1,1",1001,0,0,,0,0,99999,0
302021,受击不超过9次,0,"115,30202,30202;118,1,1",1001,0,0,,0,0,99999,0
302031,受击不超过9次,0,"115,30203,30203;118,1,1",1001,0,0,,0,0,99999,0
302041,受击不超过9次,0,"115,30204,30204;118,1,1",1001,0,0,,0,0,99999,0
302051,受击不超过9次,0,"115,30205,30205;118,1,1",1001,0,0,,0,0,99999,0
302061,受击不超过9次,0,"115,30206,30206;118,1,1",1001,0,0,,0,0,99999,0
302071,受击不超过9次,0,"115,30207,30207;118,1,1",1001,0,0,,0,0,99999,0
303011,受击不超过9次,0,"115,30301,30301;118,1,1",1001,0,0,,0,0,99999,0
303021,受击不超过9次,0,"115,30302,30302;118,1,1",1001,0,0,,0,0,99999,0
303031,受击不超过9次,0,"115,30303,30303;118,1,1",1001,0,0,,0,0,99999,0
303041,受击不超过9次,0,"115,30304,30304;118,1,1",1001,0,0,,0,0,99999,0
303051,受击不超过9次,0,"115,30305,30305;118,1,1",1001,0,0,,0,0,99999,0
303061,受击不超过9次,0,"115,30306,30306;118,1,1",1001,0,0,,0,0,99999,0
303071,受击不超过9次,0,"115,30307,30307;118,1,1",1001,0,0,,0,0,99999,0
304011,受击不超过9次,0,"115,30401,30401;118,1,1",1001,0,0,,0,0,99999,0
304021,受击不超过9次,0,"115,30402,30402;118,1,1",1001,0,0,,0,0,99999,0
304031,受击不超过9次,0,"115,30403,30403;118,1,1",1001,0,0,,0,0,99999,0
304041,受击不超过9次,0,"115,30404,30404;118,1,1",1001,0,0,,0,0,99999,0
304051,受击不超过9次,0,"115,30405,30405;118,1,1",1001,0,0,,0,0,99999,0
304061,受击不超过9次,0,"115,30406,30406;118,1,1",1001,0,0,,0,0,99999,0
305011,受击不超过9次,0,"115,30501,30501;118,1,1",1001,0,0,,0,0,99999,0
305021,受击不超过9次,0,"115,30502,30502;118,1,1",1001,0,0,,0,0,99999,0
305031,受击不超过9次,0,"115,30503,30503;118,1,1",1001,0,0,,0,0,99999,0
305041,受击不超过9次,0,"115,30504,30504;118,1,1",1001,0,0,,0,0,99999,0
305051,受击不超过9次,0,"115,30505,30505;118,1,1",1001,0,0,,0,0,99999,0
305061,受击不超过9次,0,"115,30506,30506;118,1,1",1001,0,0,,0,0,99999,0
306011,受击不超过9次,0,"115,30601,30601;118,1,1",1001,0,0,,0,0,99999,0
306021,受击不超过9次,0,"115,30602,30602;118,1,1",1001,0,0,,0,0,99999,0
306031,受击不超过9次,0,"115,30603,30603;118,1,1",1001,0,0,,0,0,99999,0
306041,受击不超过9次,0,"115,30604,30604;118,1,1",1001,0,0,,0,0,99999,0
306051,受击不超过9次,0,"115,30605,30605;118,1,1",1001,0,0,,0,0,99999,0
306061,受击不超过9次,0,"115,30606,30606;118,1,1",1001,0,0,,0,0,99999,0
307011,受击不超过9次,0,"115,30701,30701;118,1,1",1001,0,0,,0,0,99999,0
307021,受击不超过9次,0,"115,30702,30702;118,1,1",1001,0,0,,0,0,99999,0
307031,受击不超过9次,0,"115,30703,30703;118,1,1",1001,0,0,,0,0,99999,0
307041,受击不超过9次,0,"115,30704,30704;118,1,1",1001,0,0,,0,0,99999,0
307051,受击不超过9次,0,"115,30705,30705;118,1,1",1001,0,0,,0,0,99999,0
307061,受击不超过9次,0,"115,30706,30706;118,1,1",1001,0,0,,0,0,99999,0
308011,受击不超过9次,0,"115,30801,30801;118,1,1",1001,0,0,,0,0,99999,0
308021,受击不超过9次,0,"115,30802,30802;118,1,1",1001,0,0,,0,0,99999,0
308031,受击不超过9次,0,"115,30803,30803;118,1,1",1001,0,0,,0,0,99999,0
308041,受击不超过9次,0,"115,30804,30804;118,1,1",1001,0,0,,0,0,99999,0
308051,受击不超过9次,0,"115,30805,30805;118,1,1",1001,0,0,,0,0,99999,0
308061,受击不超过9次,0,"115,30806,30806;118,1,1",1001,0,0,,0,0,99999,0
309011,受击不超过9次,0,"115,30901,30901;118,1,1",1001,0,0,,0,0,99999,0
309021,受击不超过9次,0,"115,30902,30902;118,1,1",1001,0,0,,0,0,99999,0
309031,受击不超过9次,0,"115,30903,30903;118,1,1",1001,0,0,,0,0,99999,0
309041,受击不超过9次,0,"115,30904,30904;118,1,1",1001,0,0,,0,0,99999,0
309051,受击不超过9次,0,"115,30905,30905;118,1,1",1001,0,0,,0,0,99999,0
309061,受击不超过9次,0,"115,30906,30906;118,1,1",1001,0,0,,0,0,99999,0
310011,受击不超过9次,0,"115,31001,31001;118,1,1",1001,0,0,,0,0,99999,0
310021,受击不超过9次,0,"115,31002,31002;118,1,1",1001,0,0,,0,0,99999,0
310031,受击不超过9次,0,"115,31003,31003;118,1,1",1001,0,0,,0,0,99999,0
310041,受击不超过9次,0,"115,31004,31004;118,1,1",1001,0,0,,0,0,99999,0
310051,受击不超过9次,0,"115,31005,31005;118,1,1",1001,0,0,,0,0,99999,0
310061,受击不超过9次,0,"115,31006,31006;118,1,1",1001,0,0,,0,0,99999,0
330011,受击不超过9次,0,"115,33001,33001;118,1,1",1001,0,0,,0,0,99999,0
330021,受击不超过9次,0,"115,33002,33002;118,1,1",1001,0,0,,0,0,99999,0
330031,受击不超过9次,0,"115,33003,33003;118,1,1",1001,0,0,,0,0,99999,0
331011,受击不超过9次,0,"115,33101,33101;118,1,1",1001,0,0,,0,0,99999,0
331021,受击不超过9次,0,"115,33102,33102;118,1,1",1001,0,0,,0,0,99999,0
331031,受击不超过9次,0,"115,33103,33103;118,1,1",1001,0,0,,0,0,99999,0
332011,受击不超过9次,0,"115,33201,33201;118,1,1",1001,0,0,,0,0,99999,0
332021,受击不超过9次,0,"115,33202,33202;118,1,1",1001,0,0,,0,0,99999,0
332031,受击不超过9次,0,"115,33203,33203;118,1,1",1001,0,0,,0,0,99999,0
333011,受击不超过9次,0,"115,33301,33301;118,1,1",1001,0,0,,0,0,99999,0
333021,受击不超过9次,0,"115,33302,33302;118,1,1",1001,0,0,,0,0,99999,0
333031,受击不超过9次,0,"115,33303,33303;118,1,1",1001,0,0,,0,0,99999,0
340011,受击不超过9次,0,"115,34001,34001;118,1,1",1001,0,0,,0,0,99999,0
340021,受击不超过9次,0,"115,34002,34002;118,1,1",1001,0,0,,0,0,99999,0
340031,受击不超过9次,0,"115,34003,34003;118,1,1",1001,0,0,,0,0,99999,0
340041,受击不超过9次,0,"115,34004,34004;118,1,1",1001,0,0,,0,0,99999,0
340051,受击不超过9次,0,"115,34005,34005;118,1,1",1001,0,0,,0,0,99999,0
340061,受击不超过9次,0,"115,34006,34006;118,1,1",1001,0,0,,0,0,99999,0
301012,20回合内通关,0,"115,30101,30101;118,1,1",1011,0,0,,0,0,99999,0
301022,20回合内通关,0,"115,30102,30102;118,1,1",1011,0,0,,0,0,99999,0
301032,20回合内通关,0,"115,30103,30103;118,1,1",1011,0,0,,0,0,99999,0
301042,20回合内通关,0,"115,30104,30104;118,1,1",1011,0,0,,0,0,99999,0
301052,20回合内通关,0,"115,30105,30105;118,1,1",1011,0,0,,0,0,99999,0
301062,20回合内通关,0,"115,30106,30106;118,1,1",1011,0,0,,0,0,99999,0
301072,20回合内通关,0,"115,30107,30107;118,1,1",1011,0,0,,0,0,99999,0
302012,20回合内通关,0,"115,30201,30201;118,1,1",1011,0,0,,0,0,99999,0
302022,20回合内通关,0,"115,30202,30202;118,1,1",1011,0,0,,0,0,99999,0
302032,20回合内通关,0,"115,30203,30203;118,1,1",1011,0,0,,0,0,99999,0
302042,20回合内通关,0,"115,30204,30204;118,1,1",1011,0,0,,0,0,99999,0
302052,20回合内通关,0,"115,30205,30205;118,1,1",1011,0,0,,0,0,99999,0
302062,20回合内通关,0,"115,30206,30206;118,1,1",1011,0,0,,0,0,99999,0
302072,20回合内通关,0,"115,30207,30207;118,1,1",1011,0,0,,0,0,99999,0
303012,20回合内通关,0,"115,30301,30301;118,1,1",1011,0,0,,0,0,99999,0
303022,20回合内通关,0,"115,30302,30302;118,1,1",1011,0,0,,0,0,99999,0
303032,20回合内通关,0,"115,30303,30303;118,1,1",1011,0,0,,0,0,99999,0
303042,20回合内通关,0,"115,30304,30304;118,1,1",1011,0,0,,0,0,99999,0
303052,20回合内通关,0,"115,30305,30305;118,1,1",1011,0,0,,0,0,99999,0
303062,20回合内通关,0,"115,30306,30306;118,1,1",1011,0,0,,0,0,99999,0
303072,20回合内通关,0,"115,30307,30307;118,1,1",1011,0,0,,0,0,99999,0
304012,20回合内通关,0,"115,30401,30401;118,1,1",1011,0,0,,0,0,99999,0
304022,20回合内通关,0,"115,30402,30402;118,1,1",1011,0,0,,0,0,99999,0
304032,20回合内通关,0,"115,30403,30403;118,1,1",1011,0,0,,0,0,99999,0
304042,20回合内通关,0,"115,30404,30404;118,1,1",1011,0,0,,0,0,99999,0
304052,20回合内通关,0,"115,30405,30405;118,1,1",1011,0,0,,0,0,99999,0
304062,20回合内通关,0,"115,30406,30406;118,1,1",1011,0,0,,0,0,99999,0
305012,20回合内通关,0,"115,30501,30501;118,1,1",1011,0,0,,0,0,99999,0
305022,20回合内通关,0,"115,30502,30502;118,1,1",1011,0,0,,0,0,99999,0
305032,20回合内通关,0,"115,30503,30503;118,1,1",1011,0,0,,0,0,99999,0
305042,20回合内通关,0,"115,30504,30504;118,1,1",1011,0,0,,0,0,99999,0
305052,20回合内通关,0,"115,30505,30505;118,1,1",1011,0,0,,0,0,99999,0
305062,20回合内通关,0,"115,30506,30506;118,1,1",1011,0,0,,0,0,99999,0
306012,20回合内通关,0,"115,30601,30601;118,1,1",1011,0,0,,0,0,99999,0
306022,20回合内通关,0,"115,30602,30602;118,1,1",1011,0,0,,0,0,99999,0
306032,20回合内通关,0,"115,30603,30603;118,1,1",1011,0,0,,0,0,99999,0
306042,20回合内通关,0,"115,30604,30604;118,1,1",1011,0,0,,0,0,99999,0
306052,20回合内通关,0,"115,30605,30605;118,1,1",1011,0,0,,0,0,99999,0
306062,20回合内通关,0,"115,30606,30606;118,1,1",1011,0,0,,0,0,99999,0
307012,20回合内通关,0,"115,30701,30701;118,1,1",1011,0,0,,0,0,99999,0
307022,20回合内通关,0,"115,30702,30702;118,1,1",1011,0,0,,0,0,99999,0
307032,20回合内通关,0,"115,30703,30703;118,1,1",1011,0,0,,0,0,99999,0
307042,20回合内通关,0,"115,30704,30704;118,1,1",1011,0,0,,0,0,99999,0
307052,20回合内通关,0,"115,30705,30705;118,1,1",1011,0,0,,0,0,99999,0
307062,20回合内通关,0,"115,30706,30706;118,1,1",1011,0,0,,0,0,99999,0
308012,20回合内通关,0,"115,30801,30801;118,1,1",1011,0,0,,0,0,99999,0
308022,20回合内通关,0,"115,30802,30802;118,1,1",1011,0,0,,0,0,99999,0
308032,20回合内通关,0,"115,30803,30803;118,1,1",1011,0,0,,0,0,99999,0
308042,20回合内通关,0,"115,30804,30804;118,1,1",1011,0,0,,0,0,99999,0
308052,20回合内通关,0,"115,30805,30805;118,1,1",1011,0,0,,0,0,99999,0
308062,20回合内通关,0,"115,30806,30806;118,1,1",1011,0,0,,0,0,99999,0
309012,20回合内通关,0,"115,30901,30901;118,1,1",1011,0,0,,0,0,99999,0
309022,20回合内通关,0,"115,30902,30902;118,1,1",1011,0,0,,0,0,99999,0
309032,20回合内通关,0,"115,30903,30903;118,1,1",1011,0,0,,0,0,99999,0
309042,20回合内通关,0,"115,30904,30904;118,1,1",1011,0,0,,0,0,99999,0
309052,20回合内通关,0,"115,30905,30905;118,1,1",1011,0,0,,0,0,99999,0
309062,20回合内通关,0,"115,30906,30906;118,1,1",1011,0,0,,0,0,99999,0
310012,20回合内通关,0,"115,31001,31001;118,1,1",1011,0,0,,0,0,99999,0
310022,20回合内通关,0,"115,31002,31002;118,1,1",1011,0,0,,0,0,99999,0
310032,20回合内通关,0,"115,31003,31003;118,1,1",1011,0,0,,0,0,99999,0
310042,20回合内通关,0,"115,31004,31004;118,1,1",1011,0,0,,0,0,99999,0
310052,20回合内通关,0,"115,31005,31005;118,1,1",1011,0,0,,0,0,99999,0
310062,20回合内通关,0,"115,31006,31006;118,1,1",1011,0,0,,0,0,99999,0
330012,20回合内通关,0,"115,33001,33001;118,1,1",1011,0,0,,0,0,99999,0
330022,20回合内通关,0,"115,33002,33002;118,1,1",1011,0,0,,0,0,99999,0
330032,20回合内通关,0,"115,33003,33003;118,1,1",1011,0,0,,0,0,99999,0
331012,20回合内通关,0,"115,33101,33101;118,1,1",1011,0,0,,0,0,99999,0
331022,20回合内通关,0,"115,33102,33102;118,1,1",1011,0,0,,0,0,99999,0
331032,20回合内通关,0,"115,33103,33103;118,1,1",1011,0,0,,0,0,99999,0
332012,20回合内通关,0,"115,33201,33201;118,1,1",1011,0,0,,0,0,99999,0
332022,20回合内通关,0,"115,33202,33202;118,1,1",1011,0,0,,0,0,99999,0
332032,20回合内通关,0,"115,33203,33203;118,1,1",1011,0,0,,0,0,99999,0
333012,20回合内通关,0,"115,33301,33301;118,1,1",1011,0,0,,0,0,99999,0
333022,20回合内通关,0,"115,33302,33302;118,1,1",1011,0,0,,0,0,99999,0
333032,20回合内通关,0,"115,33303,33303;118,1,1",1011,0,0,,0,0,99999,0
340012,20回合内通关,0,"115,34001,34001;118,1,1",1011,0,0,,0,0,99999,0
340022,20回合内通关,0,"115,34002,34002;118,1,1",1011,0,0,,0,0,99999,0
340032,20回合内通关,0,"115,34003,34003;118,1,1",1011,0,0,,0,0,99999,0
340042,20回合内通关,0,"115,34004,34004;118,1,1",1011,0,0,,0,0,99999,0
340052,20回合内通关,0,"115,34005,34005;118,1,1",1011,0,0,,0,0,99999,0
340062,20回合内通关,0,"115,34006,34006;118,1,1",1011,0,0,,0,0,99999,0
301013,无人死亡,0,"115,30101,30101;118,1,1",1019,0,0,,0,0,99999,0
301023,无人死亡,0,"115,30102,30102;118,1,1",1019,0,0,,0,0,99999,0
301033,无人死亡,0,"115,30103,30103;118,1,1",1019,0,0,,0,0,99999,0
301043,无人死亡,0,"115,30104,30104;118,1,1",1019,0,0,,0,0,99999,0
301053,无人死亡,0,"115,30105,30105;118,1,1",1019,0,0,,0,0,99999,0
301063,无人死亡,0,"115,30106,30106;118,1,1",1019,0,0,,0,0,99999,0
301073,无人死亡,0,"115,30107,30107;118,1,1",1019,0,0,,0,0,99999,0
302013,无人死亡,0,"115,30201,30201;118,1,1",1019,0,0,,0,0,99999,0
302023,无人死亡,0,"115,30202,30202;118,1,1",1019,0,0,,0,0,99999,0
302033,无人死亡,0,"115,30203,30203;118,1,1",1019,0,0,,0,0,99999,0
302043,无人死亡,0,"115,30204,30204;118,1,1",1019,0,0,,0,0,99999,0
302053,无人死亡,0,"115,30205,30205;118,1,1",1019,0,0,,0,0,99999,0
302063,无人死亡,0,"115,30206,30206;118,1,1",1019,0,0,,0,0,99999,0
302073,无人死亡,0,"115,30207,30207;118,1,1",1019,0,0,,0,0,99999,0
303013,无人死亡,0,"115,30301,30301;118,1,1",1019,0,0,,0,0,99999,0
303023,无人死亡,0,"115,30302,30302;118,1,1",1019,0,0,,0,0,99999,0
303033,无人死亡,0,"115,30303,30303;118,1,1",1019,0,0,,0,0,99999,0
303043,无人死亡,0,"115,30304,30304;118,1,1",1019,0,0,,0,0,99999,0
303053,无人死亡,0,"115,30305,30305;118,1,1",1019,0,0,,0,0,99999,0
303063,无人死亡,0,"115,30306,30306;118,1,1",1019,0,0,,0,0,99999,0
303073,无人死亡,0,"115,30307,30307;118,1,1",1019,0,0,,0,0,99999,0
304013,无人死亡,0,"115,30401,30401;118,1,1",1019,0,0,,0,0,99999,0
304023,无人死亡,0,"115,30402,30402;118,1,1",1019,0,0,,0,0,99999,0
304033,无人死亡,0,"115,30403,30403;118,1,1",1019,0,0,,0,0,99999,0
304043,无人死亡,0,"115,30404,30404;118,1,1",1019,0,0,,0,0,99999,0
304053,无人死亡,0,"115,30405,30405;118,1,1",1019,0,0,,0,0,99999,0
304063,无人死亡,0,"115,30406,30406;118,1,1",1019,0,0,,0,0,99999,0
305013,无人死亡,0,"115,30501,30501;118,1,1",1019,0,0,,0,0,99999,0
305023,无人死亡,0,"115,30502,30502;118,1,1",1019,0,0,,0,0,99999,0
305033,无人死亡,0,"115,30503,30503;118,1,1",1019,0,0,,0,0,99999,0
305043,无人死亡,0,"115,30504,30504;118,1,1",1019,0,0,,0,0,99999,0
305053,无人死亡,0,"115,30505,30505;118,1,1",1019,0,0,,0,0,99999,0
305063,无人死亡,0,"115,30506,30506;118,1,1",1019,0,0,,0,0,99999,0
306013,无人死亡,0,"115,30601,30601;118,1,1",1019,0,0,,0,0,99999,0
306023,无人死亡,0,"115,30602,30602;118,1,1",1019,0,0,,0,0,99999,0
306033,无人死亡,0,"115,30603,30603;118,1,1",1019,0,0,,0,0,99999,0
306043,无人死亡,0,"115,30604,30604;118,1,1",1019,0,0,,0,0,99999,0
306053,无人死亡,0,"115,30605,30605;118,1,1",1019,0,0,,0,0,99999,0
306063,无人死亡,0,"115,30606,30606;118,1,1",1019,0,0,,0,0,99999,0
307013,无人死亡,0,"115,30701,30701;118,1,1",1019,0,0,,0,0,99999,0
307023,无人死亡,0,"115,30702,30702;118,1,1",1019,0,0,,0,0,99999,0
307033,无人死亡,0,"115,30703,30703;118,1,1",1019,0,0,,0,0,99999,0
307043,无人死亡,0,"115,30704,30704;118,1,1",1019,0,0,,0,0,99999,0
307053,无人死亡,0,"115,30705,30705;118,1,1",1019,0,0,,0,0,99999,0
307063,无人死亡,0,"115,30706,30706;118,1,1",1019,0,0,,0,0,99999,0
308013,无人死亡,0,"115,30801,30801;118,1,1",1019,0,0,,0,0,99999,0
308023,无人死亡,0,"115,30802,30802;118,1,1",1019,0,0,,0,0,99999,0
308033,无人死亡,0,"115,30803,30803;118,1,1",1019,0,0,,0,0,99999,0
308043,无人死亡,0,"115,30804,30804;118,1,1",1019,0,0,,0,0,99999,0
308053,无人死亡,0,"115,30805,30805;118,1,1",1019,0,0,,0,0,99999,0
308063,无人死亡,0,"115,30806,30806;118,1,1",1019,0,0,,0,0,99999,0
309013,无人死亡,0,"115,30901,30901;118,1,1",1019,0,0,,0,0,99999,0
309023,无人死亡,0,"115,30902,30902;118,1,1",1019,0,0,,0,0,99999,0
309033,无人死亡,0,"115,30903,30903;118,1,1",1019,0,0,,0,0,99999,0
309043,无人死亡,0,"115,30904,30904;118,1,1",1019,0,0,,0,0,99999,0
309053,无人死亡,0,"115,30905,30905;118,1,1",1019,0,0,,0,0,99999,0
309063,无人死亡,0,"115,30906,30906;118,1,1",1019,0,0,,0,0,99999,0
310013,无人死亡,0,"115,31001,31001;118,1,1",1019,0,0,,0,0,99999,0
310023,无人死亡,0,"115,31002,31002;118,1,1",1019,0,0,,0,0,99999,0
310033,无人死亡,0,"115,31003,31003;118,1,1",1019,0,0,,0,0,99999,0
310043,无人死亡,0,"115,31004,31004;118,1,1",1019,0,0,,0,0,99999,0
310053,无人死亡,0,"115,31005,31005;118,1,1",1019,0,0,,0,0,99999,0
310063,无人死亡,0,"115,31006,31006;118,1,1",1019,0,0,,0,0,99999,0
330013,无人死亡,0,"115,33001,33001;118,1,1",1019,0,0,,0,0,99999,0
330023,无人死亡,0,"115,33002,33002;118,1,1",1019,0,0,,0,0,99999,0
330033,无人死亡,0,"115,33003,33003;118,1,1",1019,0,0,,0,0,99999,0
331013,无人死亡,0,"115,33101,33101;118,1,1",1019,0,0,,0,0,99999,0
331023,无人死亡,0,"115,33102,33102;118,1,1",1019,0,0,,0,0,99999,0
331033,无人死亡,0,"115,33103,33103;118,1,1",1019,0,0,,0,0,99999,0
332013,无人死亡,0,"115,33201,33201;118,1,1",1019,0,0,,0,0,99999,0
332023,无人死亡,0,"115,33202,33202;118,1,1",1019,0,0,,0,0,99999,0
332033,无人死亡,0,"115,33203,33203;118,1,1",1019,0,0,,0,0,99999,0
333013,无人死亡,0,"115,33301,33301;118,1,1",1019,0,0,,0,0,99999,0
333023,无人死亡,0,"115,33302,33302;118,1,1",1019,0,0,,0,0,99999,0
333033,无人死亡,0,"115,33303,33303;118,1,1",1019,0,0,,0,0,99999,0
340013,无人死亡,0,"115,34001,34001;118,1,1",1019,0,0,,0,0,99999,0
340023,无人死亡,0,"115,34002,34002;118,1,1",1019,0,0,,0,0,99999,0
340033,无人死亡,0,"115,34003,34003;118,1,1",1019,0,0,,0,0,99999,0
340043,无人死亡,0,"115,34004,34004;118,1,1",1019,0,0,,0,0,99999,0
340053,无人死亡,0,"115,34005,34005;118,1,1",1019,0,0,,0,0,99999,0
340063,无人死亡,0,"115,34006,34006;118,1,1",1019,0,0,,0,0,99999,0
301014,本勒收集1三星任务条件,0,0,1045,"301010,301012,301013",0,,0,0,99999,0
301024,本勒收集2三星任务条件,0,0,1045,"301020,301022,301023",0,,0,0,99999,0
301034,本勒收集3三星任务条件,0,0,1045,"301030,301032,301033",0,,0,0,99999,0
301044,本勒收集4三星任务条件,0,0,1045,"301040,301042,301043",0,,0,0,99999,0
301054,本勒收集5三星任务条件,0,0,1045,"301050,301052,301053",0,,0,0,99999,0
301064,本勒收集6三星任务条件,0,0,1045,"301060,301062,301063",0,,0,0,99999,0
301074,本勒收集7三星任务条件,0,0,1045,"301070,301072,301073",0,,0,0,99999,0
302014,经验获取1三星任务条件,0,0,1045,"302010,302012,302013",0,,0,0,99999,0
302024,经验获取2三星任务条件,0,0,1045,"302020,302022,302023",0,,0,0,99999,0
302034,经验获取3三星任务条件,0,0,1045,"302030,302032,302033",0,,0,0,99999,0
302044,经验获取4三星任务条件,0,0,1045,"302040,302042,302043",0,,0,0,99999,0
302054,经验获取5三星任务条件,0,0,1045,"302050,302052,302053",0,,0,0,99999,0
302064,经验获取6三星任务条件,0,0,1045,"302060,302062,302063",0,,0,0,99999,0
302074,经验获取7三星任务条件,0,0,1045,"302070,302072,302073",0,,0,0,99999,0
303014,技能材料1三星任务条件,0,0,1045,"303010,303012,303013",0,,0,0,99999,0
303024,技能材料2三星任务条件,0,0,1045,"303020,303022,303023",0,,0,0,99999,0
303034,技能材料3三星任务条件,0,0,1045,"303030,303032,303033",0,,0,0,99999,0
303044,技能材料4三星任务条件,0,0,1045,"303040,303042,303043",0,,0,0,99999,0
303054,技能材料5三星任务条件,0,0,1045,"303050,303052,303053",0,,0,0,99999,0
303064,技能材料6三星任务条件,0,0,1045,"303060,303062,303063",0,,0,0,99999,0
303074,技能材料7三星任务条件,0,0,1045,"303070,303072,303073",0,,0,0,99999,0
304014,传道记忆1三星任务条件,0,0,1045,"304010,304012,304013",0,,0,0,99999,0
304024,传道记忆2三星任务条件,0,0,1045,"304020,304022,304023",0,,0,0,99999,0
304034,传道记忆3三星任务条件,0,0,1045,"304030,304032,304033",0,,0,0,99999,0
304044,传道记忆4三星任务条件,0,0,1045,"304040,304042,304043",0,,0,0,99999,0
304054,传道记忆5三星任务条件,0,0,1045,"304050,304052,304053",0,,0,0,99999,0
304064,传道记忆6三星任务条件,0,0,1045,"304060,304062,304063",0,,0,0,99999,0
305014,君王记忆1三星任务条件,0,0,1045,"305010,305012,305013",0,,0,0,99999,0
305024,君王记忆2三星任务条件,0,0,1045,"305020,305022,305023",0,,0,0,99999,0
305034,君王记忆3三星任务条件,0,0,1045,"305030,305032,305033",0,,0,0,99999,0
305044,君王记忆4三星任务条件,0,0,1045,"305040,305042,305043",0,,0,0,99999,0
305054,君王记忆5三星任务条件,0,0,1045,"305050,305052,305053",0,,0,0,99999,0
305064,君王记忆6三星任务条件,0,0,1045,"305060,305062,305063",0,,0,0,99999,0
306014,仆从记忆1三星任务条件,0,0,1045,"306010,306012,306013",0,,0,0,99999,0
306024,仆从记忆2三星任务条件,0,0,1045,"306020,306022,306023",0,,0,0,99999,0
306034,仆从记忆3三星任务条件,0,0,1045,"306030,306032,306033",0,,0,0,99999,0
306044,仆从记忆4三星任务条件,0,0,1045,"306040,306042,306043",0,,0,0,99999,0
306054,仆从记忆5三星任务条件,0,0,1045,"306050,306052,306053",0,,0,0,99999,0
306064,仆从记忆6三星任务条件,0,0,1045,"306060,306062,306063",0,,0,0,99999,0
307014,诞生记忆1三星任务条件,0,0,1045,"307010,307012,307013",0,,0,0,99999,0
307024,诞生记忆2三星任务条件,0,0,1045,"307020,307022,307023",0,,0,0,99999,0
307034,诞生记忆3三星任务条件,0,0,1045,"307030,307032,307033",0,,0,0,99999,0
307044,诞生记忆4三星任务条件,0,0,1045,"307040,307042,307043",0,,0,0,99999,0
307054,诞生记忆5三星任务条件,0,0,1045,"307050,307052,307053",0,,0,0,99999,0
307064,诞生记忆6三星任务条件,0,0,1045,"307060,307062,307063",0,,0,0,99999,0
308014,人子记忆1三星任务条件,0,0,1045,"308010,308012,308013",0,,0,0,99999,0
308024,人子记忆2三星任务条件,0,0,1045,"308020,308022,308023",0,,0,0,99999,0
308034,人子记忆3三星任务条件,0,0,1045,"308030,308032,308033",0,,0,0,99999,0
308044,人子记忆4三星任务条件,0,0,1045,"308040,308042,308043",0,,0,0,99999,0
308054,人子记忆5三星任务条件,0,0,1045,"308050,308052,308053",0,,0,0,99999,0
308064,人子记忆6三星任务条件,0,0,1045,"308060,308062,308063",0,,0,0,99999,0
309014,受难记忆1三星任务条件,0,0,1045,"309010,309012,309013",0,,0,0,99999,0
309024,受难记忆2三星任务条件,0,0,1045,"309020,309022,309023",0,,0,0,99999,0
309034,受难记忆3三星任务条件,0,0,1045,"309030,309032,309033",0,,0,0,99999,0
309044,受难记忆4三星任务条件,0,0,1045,"309040,309042,309043",0,,0,0,99999,0
309054,受难记忆5三星任务条件,0,0,1045,"309050,309052,309053",0,,0,0,99999,0
309064,受难记忆6三星任务条件,0,0,1045,"309060,309062,309063",0,,0,0,99999,0
310014,神子记忆1三星任务条件,0,0,1045,"310010,310012,310013",0,,0,0,99999,0
310024,神子记忆2三星任务条件,0,0,1045,"310020,310022,310023",0,,0,0,99999,0
310034,神子记忆3三星任务条件,0,0,1045,"310030,310032,310033",0,,0,0,99999,0
310044,神子记忆4三星任务条件,0,0,1045,"310040,310042,310043",0,,0,0,99999,0
310054,神子记忆5三星任务条件,0,0,1045,"310050,310052,310053",0,,0,0,99999,0
310064,神子记忆6三星任务条件,0,0,1045,"310060,310062,310063",0,,0,0,99999,0
330014,符文之地1三星任务条件,0,0,1045,"330010,330012,330013",0,,0,0,99999,0
330024,符文之地2三星任务条件,0,0,1045,"330020,330022,330023",0,,0,0,99999,0
330034,符文之地3三星任务条件,0,0,1045,"330030,330032,330033",0,,0,0,99999,0
331014,符文之地1三星任务条件,0,0,1045,"331010,331012,331013",0,,0,0,99999,0
331024,符文之地2三星任务条件,0,0,1045,"331020,331022,331023",0,,0,0,99999,0
331034,符文之地3三星任务条件,0,0,1045,"331030,331032,331033",0,,0,0,99999,0
332014,符文之地1三星任务条件,0,0,1045,"332010,332012,332013",0,,0,0,99999,0
332024,符文之地2三星任务条件,0,0,1045,"332020,332022,332023",0,,0,0,99999,0
332034,符文之地3三星任务条件,0,0,1045,"332030,332032,332033",0,,0,0,99999,0
333014,符文之地1三星任务条件,0,0,1045,"333010,333012,333013",0,,0,0,99999,0
333024,符文之地2三星任务条件,0,0,1045,"333020,333022,333023",0,,0,0,99999,0
333034,符文之地3三星任务条件,0,0,1045,"333030,333032,333033",0,,0,0,99999,0
340014,专武副本1三星任务条件,0,0,1045,"340010,340012,340013",0,,0,0,99999,0
340024,专武副本2三星任务条件,0,0,1045,"340020,340022,340023",0,,0,0,99999,0
340034,专武副本3三星任务条件,0,0,1045,"340030,340032,340033",0,,0,0,99999,0
340044,专武副本4三星任务条件,0,0,1045,"340040,340042,340043",0,,0,0,99999,0
340054,专武副本5三星任务条件,0,0,1045,"340050,340052,340053",0,,0,0,99999,0
340064,专武副本6三星任务条件,0,0,1045,"340060,340062,340063",0,,0,0,99999,0
10201021,桃活动三星任务条件-受击12次,0,"115,1020102,1020102;118,1,1",1001,0,0,,4,0,99999,0
10201151,桃活动三星任务条件-受击12次,0,"115,1020115,1020115;118,1,1",1001,0,0,,4,0,99999,0
10201181,桃活动三星任务条件-受击12次,0,"115,1020118,1020118;118,1,1",1001,0,0,,4,0,99999,0
10201191,桃活动三星任务条件-受击12次,0,"115,1020119,1020119;118,1,1",1001,0,0,,4,0,99999,0
10201201,桃活动三星任务条件-受击12次,0,"115,1020120,1020120;118,1,1",1001,0,0,,4,0,99999,0
10201211,桃活动三星任务条件-受击12次,0,"115,1020121,1020121;118,1,1",1001,0,0,,4,0,99999,0
10201221,桃活动三星任务条件-受击12次,0,"115,1020122,1020122;118,1,1",1001,0,0,,4,0,99999,0
10201231,桃活动三星任务条件-受击12次,0,"115,1020123,1020123;118,1,1",1001,0,0,,4,0,99999,0
10201241,桃活动三星任务条件-受击12次,0,"115,1020124,1020124;118,1,1",1001,0,0,,4,0,99999,0
10201251,桃活动三星任务条件-受击12次,0,"115,1020125,1020125;118,1,1",1001,0,0,,4,0,99999,0
10201261,桃活动三星任务条件-受击12次,0,"115,1020126,1020126;118,1,1",1001,0,0,,4,0,99999,0
10201022,桃活动三星任务条件-时序,0,"115,1020102,1020102;118,1,1",1011,0,0,,4,0,99999,0
10201152,桃活动三星任务条件-时序,0,"115,1020115,1020115;118,1,1",1011,0,0,,4,0,99999,0
10201182,桃活动三星任务条件-时序,0,"115,1020118,1020118;118,1,1",1011,0,0,,4,0,99999,0
10201192,桃活动三星任务条件-时序,0,"115,1020119,1020119;118,1,1",1011,0,0,,4,0,99999,0
10201202,桃活动三星任务条件-时序,0,"115,1020120,1020120;118,1,1",1011,0,0,,4,0,99999,0
10201212,桃活动三星任务条件-时序,0,"115,1020121,1020121;118,1,1",1011,0,0,,4,0,99999,0
10201222,桃活动三星任务条件-时序,0,"115,1020122,1020122;118,1,1",1011,0,0,,4,0,99999,0
10201232,桃活动三星任务条件-时序,0,"115,1020123,1020123;118,1,1",1011,0,0,,4,0,99999,0
10201242,桃活动三星任务条件-时序,0,"115,1020124,1020124;118,1,1",1011,0,0,,4,0,99999,0
10201252,桃活动三星任务条件-时序,0,"115,1020125,1020125;118,1,1",1011,0,0,,4,0,99999,0
10201262,桃活动三星任务条件-时序,0,"115,1020126,1020126;118,1,1",1011,0,0,,4,0,99999,0
10201023,桃活动三星任务条件-阵亡,0,"115,1020102,1020102;118,1,1",1019,0,0,,4,0,99999,0
10201153,桃活动三星任务条件-阵亡,0,"115,1020115,1020115;118,1,1",1019,0,0,,4,0,99999,0
10201183,桃活动三星任务条件-阵亡,0,"115,1020118,1020118;118,1,1",1019,0,0,,4,0,99999,0
10201193,桃活动三星任务条件-阵亡,0,"115,1020119,1020119;118,1,1",1019,0,0,,4,0,99999,0
10201203,桃活动三星任务条件-阵亡,0,"115,1020120,1020120;118,1,1",1019,0,0,,4,0,99999,0
10201213,桃活动三星任务条件-阵亡,0,"115,1020121,1020121;118,1,1",1019,0,0,,4,0,99999,0
10201223,桃活动三星任务条件-阵亡,0,"115,1020122,1020122;118,1,1",1019,0,0,,4,0,99999,0
10201233,桃活动三星任务条件-阵亡,0,"115,1020123,1020123;118,1,1",1019,0,0,,4,0,99999,0
10201243,桃活动三星任务条件-阵亡,0,"115,1020124,1020124;118,1,1",1019,0,0,,4,0,99999,0
10201253,桃活动三星任务条件-阵亡,0,"115,1020125,1020125;118,1,1",1019,0,0,,4,0,99999,0
10201263,桃活动三星任务条件-阵亡,0,"115,1020126,1020126;118,1,1",1019,0,0,,4,0,99999,0
10202011,桃活动三星任务条件-受击12次,0,"115,1020201,1020201;118,1,1",1001,0,0,,4,0,99999,0
10202021,桃活动三星任务条件-受击12次,0,"115,1020202,1020202;118,1,1",1001,0,0,,4,0,99999,0
10202031,桃活动三星任务条件-受击12次,0,"115,1020203,1020203;118,1,1",1001,0,0,,4,0,99999,0
10202041,桃活动三星任务条件-受击12次,0,"115,1020204,1020204;118,1,1",1001,0,0,,4,0,99999,0
10202051,桃活动三星任务条件-受击12次,0,"115,1020205,1020205;118,1,1",1001,0,0,,4,0,99999,0
10202061,桃活动三星任务条件-受击12次,0,"115,1020206,1020206;118,1,1",1001,0,0,,4,0,99999,0
10202071,桃活动三星任务条件-受击12次,0,"115,1020207,1020207;118,1,1",1001,0,0,,4,0,99999,0
10202081,桃活动三星任务条件-受击12次,0,"115,1020208,1020208;118,1,1",1001,0,0,,4,0,99999,0
10202091,桃活动三星任务条件-受击12次,0,"115,1020209,1020209;118,1,1",1001,0,0,,4,0,99999,0
10202101,桃活动三星任务条件-受击12次,0,"115,1020210,1020210;118,1,1",1001,0,0,,4,0,99999,0
10202111,桃活动三星任务条件-受击12次,0,"115,1020211,1020211;118,1,1",1001,0,0,,4,0,99999,0
10202121,桃活动三星任务条件-受击12次,0,"115,1020212,1020212;118,1,1",1001,0,0,,4,0,99999,0
10202131,桃活动三星任务条件-受击12次,0,"115,1020213,1020213;118,1,1",1001,0,0,,4,0,99999,0
10202141,桃活动三星任务条件-受击12次,0,"115,1020214,1020214;118,1,1",1001,0,0,,4,0,99999,0
10202151,桃活动三星任务条件-受击12次,0,"115,1020215,1020215;118,1,1",1001,0,0,,4,0,99999,0
10202161,桃活动三星任务条件-受击12次,0,"115,1020216,1020216;118,1,1",1001,0,0,,4,0,99999,0
10202171,桃活动三星任务条件-受击12次,0,"115,1020217,1020217;118,1,1",1001,0,0,,4,0,99999,0
10202181,桃活动三星任务条件-受击12次,0,"115,1020218,1020218;118,1,1",1001,0,0,,4,0,99999,0
10202191,桃活动三星任务条件-受击12次,0,"115,1020219,1020219;118,1,1",1001,0,0,,4,0,99999,0
10202201,桃活动三星任务条件-受击12次,0,"115,1020220,1020220;118,1,1",1001,0,0,,4,0,99999,0
10202012,桃活动三星任务条件-时序,0,"115,1020201,1020201;118,1,1",1011,0,0,,4,0,99999,0
10202022,桃活动三星任务条件-时序,0,"115,1020202,1020202;118,1,1",1011,0,0,,4,0,99999,0
10202032,桃活动三星任务条件-时序,0,"115,1020203,1020203;118,1,1",1011,0,0,,4,0,99999,0
10202042,桃活动三星任务条件-时序,0,"115,1020204,1020204;118,1,1",1011,0,0,,4,0,99999,0
10202052,桃活动三星任务条件-时序,0,"115,1020205,1020205;118,1,1",1011,0,0,,4,0,99999,0
10202062,桃活动三星任务条件-时序,0,"115,1020206,1020206;118,1,1",1011,0,0,,4,0,99999,0
10202072,桃活动三星任务条件-时序,0,"115,1020207,1020207;118,1,1",1011,0,0,,4,0,99999,0
10202082,桃活动三星任务条件-时序,0,"115,1020208,1020208;118,1,1",1011,0,0,,4,0,99999,0
10202092,桃活动三星任务条件-时序,0,"115,1020209,1020209;118,1,1",1011,0,0,,4,0,99999,0
10202102,桃活动三星任务条件-时序,0,"115,1020210,1020210;118,1,1",1011,0,0,,4,0,99999,0
10202112,桃活动三星任务条件-时序,0,"115,1020211,1020211;118,1,1",1011,0,0,,4,0,99999,0
10202122,桃活动三星任务条件-时序,0,"115,1020212,1020212;118,1,1",1011,0,0,,4,0,99999,0
10202132,桃活动三星任务条件-时序,0,"115,1020213,1020213;118,1,1",1011,0,0,,4,0,99999,0
10202142,桃活动三星任务条件-时序,0,"115,1020214,1020214;118,1,1",1011,0,0,,4,0,99999,0
10202152,桃活动三星任务条件-时序,0,"115,1020215,1020215;118,1,1",1011,0,0,,4,0,99999,0
10202162,桃活动三星任务条件-时序,0,"115,1020216,1020216;118,1,1",1011,0,0,,4,0,99999,0
10202172,桃活动三星任务条件-时序,0,"115,1020217,1020217;118,1,1",1011,0,0,,4,0,99999,0
10202182,桃活动三星任务条件-时序,0,"115,1020218,1020218;118,1,1",1011,0,0,,4,0,99999,0
10202192,桃活动三星任务条件-时序,0,"115,1020219,1020219;118,1,1",1011,0,0,,4,0,99999,0
10202202,桃活动三星任务条件-时序,0,"115,1020220,1020220;118,1,1",1011,0,0,,4,0,99999,0
10202013,桃活动三星任务条件-阵亡,0,"115,1020201,1020201;118,1,1",1019,0,0,,4,0,99999,0
10202023,桃活动三星任务条件-阵亡,0,"115,1020202,1020202;118,1,1",1019,0,0,,4,0,99999,0
10202033,桃活动三星任务条件-阵亡,0,"115,1020203,1020203;118,1,1",1019,0,0,,4,0,99999,0
10202043,桃活动三星任务条件-阵亡,0,"115,1020204,1020204;118,1,1",1019,0,0,,4,0,99999,0
10202053,桃活动三星任务条件-阵亡,0,"115,1020205,1020205;118,1,1",1019,0,0,,4,0,99999,0
10202063,桃活动三星任务条件-阵亡,0,"115,1020206,1020206;118,1,1",1019,0,0,,4,0,99999,0
10202073,桃活动三星任务条件-阵亡,0,"115,1020207,1020207;118,1,1",1019,0,0,,4,0,99999,0
10202083,桃活动三星任务条件-阵亡,0,"115,1020208,1020208;118,1,1",1019,0,0,,4,0,99999,0
10202093,桃活动三星任务条件-阵亡,0,"115,1020209,1020209;118,1,1",1019,0,0,,4,0,99999,0
10202103,桃活动三星任务条件-阵亡,0,"115,1020210,1020210;118,1,1",1019,0,0,,4,0,99999,0
10202113,桃活动三星任务条件-阵亡,0,"115,1020211,1020211;118,1,1",1019,0,0,,4,0,99999,0
10202123,桃活动三星任务条件-阵亡,0,"115,1020212,1020212;118,1,1",1019,0,0,,4,0,99999,0
10202133,桃活动三星任务条件-阵亡,0,"115,1020213,1020213;118,1,1",1019,0,0,,4,0,99999,0
10202143,桃活动三星任务条件-阵亡,0,"115,1020214,1020214;118,1,1",1019,0,0,,4,0,99999,0
10202153,桃活动三星任务条件-阵亡,0,"115,1020215,1020215;118,1,1",1019,0,0,,4,0,99999,0
10202163,桃活动三星任务条件-阵亡,0,"115,1020216,1020216;118,1,1",1019,0,0,,4,0,99999,0
10202173,桃活动三星任务条件-阵亡,0,"115,1020217,1020217;118,1,1",1019,0,0,,4,0,99999,0
10202183,桃活动三星任务条件-阵亡,0,"115,1020218,1020218;118,1,1",1019,0,0,,4,0,99999,0
10202193,桃活动三星任务条件-阵亡,0,"115,1020219,1020219;118,1,1",1019,0,0,,4,0,99999,0
10202203,桃活动三星任务条件-阵亡,0,"115,1020220,1020220;118,1,1",1019,0,0,,4,0,99999,0
10201024,桃活动三星任务条件,0,0,1045,"10201020,10201022,10201023",0,0,4,0,99999,0
10201154,桃活动三星任务条件,0,0,1045,"10201150,10201152,10201153",0,0,4,0,99999,0
10201184,桃活动三星任务条件,0,0,1045,"10201180,10201182,10201183",0,0,4,0,99999,0
10201194,桃活动三星任务条件,0,0,1045,"10201190,10201192,10201193",0,0,4,0,99999,0
10201204,桃活动三星任务条件,0,0,1045,"10201200,10201202,10201203",0,0,4,0,99999,0
10201214,桃活动三星任务条件,0,0,1045,"10201210,10201212,10201213",0,0,4,0,99999,0
10201224,桃活动三星任务条件,0,0,1045,"10201220,10201222,10201223",0,0,4,0,99999,0
10201234,桃活动三星任务条件,0,0,1045,"10201230,10201232,10201233",0,0,4,0,99999,0
10201244,桃活动三星任务条件,0,0,1045,"10201240,10201242,10201243",0,0,4,0,99999,0
10201254,桃活动三星任务条件,0,0,1045,"10201250,10201252,10201253",0,0,4,0,99999,0
10201264,桃活动三星任务条件,0,0,1045,"10201260,10201262,10201263",0,0,4,0,99999,0
10202014,桃活动三星任务条件,0,0,1045,"10202010,10202012,10202013",0,0,4,0,99999,0
10202024,桃活动三星任务条件,0,0,1045,"10202020,10202022,10202023",0,0,4,0,99999,0
10202034,桃活动三星任务条件,0,0,1045,"10202030,10202032,10202033",0,0,4,0,99999,0
10202044,桃活动三星任务条件,0,0,1045,"10202040,10202042,10202043",0,0,4,0,99999,0
10202054,桃活动三星任务条件,0,0,1045,"10202050,10202052,10202053",0,0,4,0,99999,0
10202064,桃活动三星任务条件,0,0,1045,"10202060,10202062,10202063",0,0,4,0,99999,0
10202074,桃活动三星任务条件,0,0,1045,"10202070,10202072,10202073",0,0,4,0,99999,0
10202084,桃活动三星任务条件,0,0,1045,"10202080,10202082,10202083",0,0,4,0,99999,0
10202094,桃活动三星任务条件,0,0,1045,"10202090,10202092,10202093",0,0,4,0,99999,0
10202104,桃活动三星任务条件,0,0,1045,"10202100,10202102,10202103",0,0,4,0,99999,0
10202114,桃活动三星任务条件,0,0,1045,"10202110,10202112,10202113",0,0,4,0,99999,0
10202124,桃活动三星任务条件,0,0,1045,"10202120,10202122,10202123",0,0,4,0,99999,0
10202134,桃活动三星任务条件,0,0,1045,"10202130,10202132,10202133",0,0,4,0,99999,0
10202144,桃活动三星任务条件,0,0,1045,"10202140,10202142,10202143",0,0,4,0,99999,0
10202154,桃活动三星任务条件,0,0,1045,"10202150,10202152,10202153",0,0,4,0,99999,0
10202164,桃活动三星任务条件,0,0,1045,"10202160,10202162,10202163",0,0,4,0,99999,0
10202174,桃活动三星任务条件,0,0,1045,"10202170,10202172,10202173",0,0,4,0,99999,0
10202184,桃活动三星任务条件,0,0,1045,"10202180,10202182,10202183",0,0,4,0,99999,0
10202194,桃活动三星任务条件,0,0,1045,"10202190,10202192,10202193",0,0,4,0,99999,0
10202204,桃活动三星任务条件,0,0,1045,"10202200,10202202,10202203",0,0,4,0,99999,0
10401021,受击不超过12次,0,"115,1040102,1040102;118,1,1",1001,0,0,,4,0,99999,0
10401051,受击不超过12次,0,"115,1040105,1040105;118,1,1",1001,0,0,,4,0,99999,0
10401091,受击不超过12次,0,"115,1040109,1040109;118,1,1",1001,0,0,,4,0,99999,0
10401111,受击不超过12次,0,"115,1040111,1040111;118,1,1",1001,0,0,,4,0,99999,0
10401121,受击不超过12次,0,"115,1040112,1040112;118,1,1",1001,0,0,,4,0,99999,0
10401131,受击不超过12次,0,"115,1040113,1040113;118,1,1",1001,0,0,,4,0,99999,0
10401141,受击不超过12次,0,"115,1040114,1040114;118,1,1",1001,0,0,,4,0,99999,0
10401151,受击不超过12次,0,"115,1040115,1040115;118,1,1",1001,0,0,,4,0,99999,0
10401161,受击不超过12次,0,"115,1040116,1040116;118,1,1",1001,0,0,,4,0,99999,0
10401171,受击不超过12次,0,"115,1040117,1040117;118,1,1",1001,0,0,,4,0,99999,0
10401181,受击不超过12次,0,"115,1040118,1040118;118,1,1",1001,0,0,,4,0,99999,0
10401191,受击不超过12次,0,"115,1040119,1040119;118,1,1",1001,0,0,,4,0,99999,0
10402021,受击不超过12次,0,"115,1040202,1040202;118,1,1",1001,0,0,,4,0,99999,0
10402051,受击不超过12次,0,"115,1040205,1040205;118,1,1",1001,0,0,,4,0,99999,0
10402061,受击不超过12次,0,"115,1040206,1040206;118,1,1",1001,0,0,,4,0,99999,0
10402111,受击不超过12次,0,"115,1040211,1040211;118,1,1",1001,0,0,,4,0,99999,0
10402121,受击不超过12次,0,"115,1040212,1040212;118,1,1",1001,0,0,,4,0,99999,0
10402131,受击不超过12次,0,"115,1040213,1040213;118,1,1",1001,0,0,,4,0,99999,0
10402141,受击不超过12次,0,"115,1040214,1040214;118,1,1",1001,0,0,,4,0,99999,0
10402151,受击不超过12次,0,"115,1040215,1040215;118,1,1",1001,0,0,,4,0,99999,0
10402161,受击不超过12次,0,"115,1040216,1040216;118,1,1",1001,0,0,,4,0,99999,0
10402171,受击不超过12次,0,"115,1040217,1040217;118,1,1",1001,0,0,,4,0,99999,0
10402181,受击不超过12次,0,"115,1040218,1040218;118,1,1",1001,0,0,,4,0,99999,0
10401022,1200时序内通关,0,"115,1040102,1040102;118,1,1",1011,0,0,,4,0,99999,0
10401052,1200时序内通关,0,"115,1040105,1040105;118,1,1",1011,0,0,,4,0,99999,0
10401092,1200时序内通关,0,"115,1040109,1040109;118,1,1",1011,0,0,,4,0,99999,0
10401112,1200时序内通关,0,"115,1040111,1040111;118,1,1",1011,0,0,,4,0,99999,0
10401122,1200时序内通关,0,"115,1040112,1040112;118,1,1",1011,0,0,,4,0,99999,0
10401132,1200时序内通关,0,"115,1040113,1040113;118,1,1",1011,0,0,,4,0,99999,0
10401142,1200时序内通关,0,"115,1040114,1040114;118,1,1",1011,0,0,,4,0,99999,0
10401152,1200时序内通关,0,"115,1040115,1040115;118,1,1",1011,0,0,,4,0,99999,0
10401162,1200时序内通关,0,"115,1040116,1040116;118,1,1",1011,0,0,,4,0,99999,0
10401172,1200时序内通关,0,"115,1040117,1040117;118,1,1",1011,0,0,,4,0,99999,0
10401182,1200时序内通关,0,"115,1040118,1040118;118,1,1",1011,0,0,,4,0,99999,0
10401192,1200时序内通关,0,"115,1040119,1040119;118,1,1",1011,0,0,,4,0,99999,0
10402022,1200时序内通关,0,"115,1040202,1040202;118,1,1",1011,0,0,,4,0,99999,0
10402052,1200时序内通关,0,"115,1040205,1040205;118,1,1",1011,0,0,,4,0,99999,0
10402062,1200时序内通关,0,"115,1040206,1040206;118,1,1",1011,0,0,,4,0,99999,0
10402112,1200时序内通关,0,"115,1040211,1040211;118,1,1",1011,0,0,,4,0,99999,0
10402122,1200时序内通关,0,"115,1040212,1040212;118,1,1",1011,0,0,,4,0,99999,0
10402132,1200时序内通关,0,"115,1040213,1040213;118,1,1",1011,0,0,,4,0,99999,0
10402142,1200时序内通关,0,"115,1040214,1040214;118,1,1",1011,0,0,,4,0,99999,0
10402152,1200时序内通关,0,"115,1040215,1040215;118,1,1",1011,0,0,,4,0,99999,0
10402162,1200时序内通关,0,"115,1040216,1040216;118,1,1",1011,0,0,,4,0,99999,0
10402172,1200时序内通关,0,"115,1040217,1040217;118,1,1",1011,0,0,,4,0,99999,0
10402182,1200时序内通关,0,"115,1040218,1040218;118,1,1",1011,0,0,,4,0,99999,0
10401023,无人死亡,0,"115,1040102,1040102;118,1,1",1019,0,0,,4,0,99999,0
10401053,无人死亡,0,"115,1040105,1040105;118,1,1",1019,0,0,,4,0,99999,0
10401093,无人死亡,0,"115,1040109,1040109;118,1,1",1019,0,0,,4,0,99999,0
10401113,无人死亡,0,"115,1040111,1040111;118,1,1",1019,0,0,,4,0,99999,0
10401123,无人死亡,0,"115,1040112,1040112;118,1,1",1019,0,0,,4,0,99999,0
10401133,无人死亡,0,"115,1040113,1040113;118,1,1",1019,0,0,,4,0,99999,0
10401143,无人死亡,0,"115,1040114,1040114;118,1,1",1019,0,0,,4,0,99999,0
10401153,无人死亡,0,"115,1040115,1040115;118,1,1",1019,0,0,,4,0,99999,0
10401163,无人死亡,0,"115,1040116,1040116;118,1,1",1019,0,0,,4,0,99999,0
10401173,无人死亡,0,"115,1040117,1040117;118,1,1",1019,0,0,,4,0,99999,0
10401183,无人死亡,0,"115,1040118,1040118;118,1,1",1019,0,0,,4,0,99999,0
10401193,无人死亡,0,"115,1040119,1040119;118,1,1",1019,0,0,,4,0,99999,0
10402023,无人死亡,0,"115,1040202,1040202;118,1,1",1019,0,0,,4,0,99999,0
10402053,无人死亡,0,"115,1040205,1040205;118,1,1",1019,0,0,,4,0,99999,0
10402063,无人死亡,0,"115,1040206,1040206;118,1,1",1019,0,0,,4,0,99999,0
10402113,无人死亡,0,"115,1040211,1040211;118,1,1",1019,0,0,,4,0,99999,0
10402123,无人死亡,0,"115,1040212,1040212;118,1,1",1019,0,0,,4,0,99999,0
10402133,无人死亡,0,"115,1040213,1040213;118,1,1",1019,0,0,,4,0,99999,0
10402143,无人死亡,0,"115,1040214,1040214;118,1,1",1019,0,0,,4,0,99999,0
10402153,无人死亡,0,"115,1040215,1040215;118,1,1",1019,0,0,,4,0,99999,0
10402163,无人死亡,0,"115,1040216,1040216;118,1,1",1019,0,0,,4,0,99999,0
10402173,无人死亡,0,"115,1040217,1040217;118,1,1",1019,0,0,,4,0,99999,0
10402183,无人死亡,0,"115,1040218,1040218;118,1,1",1019,0,0,,4,0,99999,0
10401024,三星任务奖励,0,0,1045,"10401020,10401022,10401023",0,,4,0,99999,0
10401054,三星任务奖励,0,0,1045,"10401050,10401052,10401053",0,,4,0,99999,0
10401094,三星任务奖励,0,0,1045,"10401090,10401092,10401093",0,,4,0,99999,0
10401114,三星任务奖励,0,0,1045,"10401110,10401112,10401113",0,,4,0,99999,0
10401124,三星任务奖励,0,0,1045,"10401120,10401122,10401123",0,,4,0,99999,0
10401134,三星任务奖励,0,0,1045,"10401130,10401132,10401133",0,,4,0,99999,0
10401144,三星任务奖励,0,0,1045,"10401140,10401142,10401143",0,,4,0,99999,0
10401154,三星任务奖励,0,0,1045,"10401150,10401152,10401153",0,,4,0,99999,0
10401164,三星任务奖励,0,0,1045,"10401160,10401162,10401163",0,,4,0,99999,0
10401174,三星任务奖励,0,0,1045,"10401170,10401172,10401173",0,,4,0,99999,0
10401184,三星任务奖励,0,0,1045,"10401180,10401182,10401183",0,,4,0,99999,0
10401194,三星任务奖励,0,0,1045,"10401190,10401192,10401193",0,,4,0,99999,0
10402024,三星任务奖励,0,0,1045,"10402020,10402022,10402023",0,,4,0,99999,0
10402054,三星任务奖励,0,0,1045,"10402050,10402052,10402053",0,,4,0,99999,0
10402064,三星任务奖励,0,0,1045,"10402060,10402062,10402063",0,,4,0,99999,0
10402114,三星任务奖励,0,0,1045,"10402110,10402112,10402113",0,,4,0,99999,0
10402124,三星任务奖励,0,0,1045,"10402120,10402122,10402123",0,,4,0,99999,0
10402134,三星任务奖励,0,0,1045,"10402130,10402132,10402133",0,,4,0,99999,0
10402144,三星任务奖励,0,0,1045,"10402140,10402142,10402143",0,,4,0,99999,0
10402154,三星任务奖励,0,0,1045,"10402150,10402152,10402153",0,,4,0,99999,0
10402164,三星任务奖励,0,0,1045,"10402160,10402162,10402163",0,,4,0,99999,0
10402174,三星任务奖励,0,0,1045,"10402170,10402172,10402173",0,,4,0,99999,0
10402184,三星任务奖励,0,0,1045,"10402180,10402182,10402183",0,,4,0,99999,0
10301011,受击不超过12次,0,"115,1030101,1030101;118,1,1",1001,0,0,,4,0,99999,0
10301021,受击不超过12次,0,"115,1030102,1030102;118,1,1",1001,0,0,,4,0,99999,0
10301031,受击不超过12次,0,"115,1030103,1030103;118,1,1",1001,0,0,,4,0,99999,0
10301041,受击不超过12次,0,"115,1030104,1030104;118,1,1",1001,0,0,,4,0,99999,0
10301051,受击不超过12次,0,"115,1030105,1030105;118,1,1",1001,0,0,,4,0,99999,0
10301061,受击不超过12次,0,"115,1030106,1030106;118,1,1",1001,0,0,,4,0,99999,0
10301071,受击不超过12次,0,"115,1030107,1030107;118,1,1",1001,0,0,,4,0,99999,0
10301081,受击不超过12次,0,"115,1030108,1030108;118,1,1",1001,0,0,,4,0,99999,0
10301091,受击不超过12次,0,"115,1030109,1030109;118,1,1",1001,0,0,,4,0,99999,0
10301101,受击不超过12次,0,"115,1030110,1030110;118,1,1",1001,0,0,,4,0,99999,0
10301111,受击不超过12次,0,"115,1030111,1030111;118,1,1",1001,0,0,,4,0,99999,0
10301121,受击不超过12次,0,"115,1030112,1030112;118,1,1",1001,0,0,,4,0,99999,0
10301131,受击不超过12次,0,"115,1030113,1030113;118,1,1",1001,0,0,,4,0,99999,0
10301141,受击不超过12次,0,"115,1030114,1030114;118,1,1",1001,0,0,,4,0,99999,0
10301151,受击不超过12次,0,"115,1030115,1030115;118,1,1",1001,0,0,,4,0,99999,0
10301161,受击不超过12次,0,"115,1030116,1030116;118,1,1",1001,0,0,,4,0,99999,0
10301171,受击不超过12次,0,"115,1030117,1030117;118,1,1",1001,0,0,,4,0,99999,0
10301181,受击不超过12次,0,"115,1030118,1030118;118,1,1",1001,0,0,,4,0,99999,0
10301191,受击不超过12次,0,"115,1030119,1030119;118,1,1",1001,0,0,,4,0,99999,0
10301201,受击不超过12次,0,"115,1030120,1030120;118,1,1",1001,0,0,,4,0,99999,0
10301211,受击不超过12次,0,"115,1030121,1030121;118,1,1",1001,0,0,,4,0,99999,0
10301221,受击不超过12次,0,"115,1030122,1030122;118,1,1",1001,0,0,,4,0,99999,0
10301231,受击不超过12次,0,"115,1030123,1030123;118,1,1",1001,0,0,,4,0,99999,0
10301241,受击不超过12次,0,"115,1030124,1030124;118,1,1",1001,0,0,,4,0,99999,0
10301251,受击不超过12次,0,"115,1030125,1030125;118,1,1",1001,0,0,,4,0,99999,0
10301261,受击不超过12次,0,"115,1030126,1030126;118,1,1",1001,0,0,,4,0,99999,0
10301271,受击不超过12次,0,"115,1030127,1030127;118,1,1",1001,0,0,,4,0,99999,0
10301281,受击不超过12次,0,"115,1030128,1030128;118,1,1",1001,0,0,,4,0,99999,0
10301291,受击不超过12次,0,"115,1030129,1030129;118,1,1",1001,0,0,,4,0,99999,0
10301301,受击不超过12次,0,"115,1030130,1030130;118,1,1",1001,0,0,,4,0,99999,0
10301012,1200时序内通关,0,"115,1030101,1030101;118,1,1",1011,0,0,,4,0,99999,0
10301022,1200时序内通关,0,"115,1030102,1030102;118,1,1",1011,0,0,,4,0,99999,0
10301032,1200时序内通关,0,"115,1030103,1030103;118,1,1",1011,0,0,,4,0,99999,0
10301042,1200时序内通关,0,"115,1030104,1030104;118,1,1",1011,0,0,,4,0,99999,0
10301052,1200时序内通关,0,"115,1030105,1030105;118,1,1",1011,0,0,,4,0,99999,0
10301062,1200时序内通关,0,"115,1030106,1030106;118,1,1",1011,0,0,,4,0,99999,0
10301072,1200时序内通关,0,"115,1030107,1030107;118,1,1",1011,0,0,,4,0,99999,0
10301082,1200时序内通关,0,"115,1030108,1030108;118,1,1",1011,0,0,,4,0,99999,0
10301092,1200时序内通关,0,"115,1030109,1030109;118,1,1",1011,0,0,,4,0,99999,0
10301102,1200时序内通关,0,"115,1030110,1030110;118,1,1",1011,0,0,,4,0,99999,0
10301112,1200时序内通关,0,"115,1030111,1030111;118,1,1",1011,0,0,,4,0,99999,0
10301122,1200时序内通关,0,"115,1030112,1030112;118,1,1",1011,0,0,,4,0,99999,0
10301132,1200时序内通关,0,"115,1030113,1030113;118,1,1",1011,0,0,,4,0,99999,0
10301142,1200时序内通关,0,"115,1030114,1030114;118,1,1",1011,0,0,,4,0,99999,0
10301152,1200时序内通关,0,"115,1030115,1030115;118,1,1",1011,0,0,,4,0,99999,0
10301162,1200时序内通关,0,"115,1030116,1030116;118,1,1",1011,0,0,,4,0,99999,0
10301172,1200时序内通关,0,"115,1030117,1030117;118,1,1",1011,0,0,,4,0,99999,0
10301182,1200时序内通关,0,"115,1030118,1030118;118,1,1",1011,0,0,,4,0,99999,0
10301192,1200时序内通关,0,"115,1030119,1030119;118,1,1",1011,0,0,,4,0,99999,0
10301202,1200时序内通关,0,"115,1030120,1030120;118,1,1",1011,0,0,,4,0,99999,0
10301212,1200时序内通关,0,"115,1030121,1030121;118,1,1",1011,0,0,,4,0,99999,0
10301222,1200时序内通关,0,"115,1030122,1030122;118,1,1",1011,0,0,,4,0,99999,0
10301232,1200时序内通关,0,"115,1030123,1030123;118,1,1",1011,0,0,,4,0,99999,0
10301242,1200时序内通关,0,"115,1030124,1030124;118,1,1",1011,0,0,,4,0,99999,0
10301252,1200时序内通关,0,"115,1030125,1030125;118,1,1",1011,0,0,,4,0,99999,0
10301262,1200时序内通关,0,"115,1030126,1030126;118,1,1",1011,0,0,,4,0,99999,0
10301272,1200时序内通关,0,"115,1030127,1030127;118,1,1",1011,0,0,,4,0,99999,0
10301282,1200时序内通关,0,"115,1030128,1030128;118,1,1",1011,0,0,,4,0,99999,0
10301292,1200时序内通关,0,"115,1030129,1030129;118,1,1",1011,0,0,,4,0,99999,0
10301302,1200时序内通关,0,"115,1030130,1030130;118,1,1",1011,0,0,,4,0,99999,0
10301013,无人死亡,0,"115,1030101,1030101;118,1,1",1019,0,0,,4,0,99999,0
10301023,无人死亡,0,"115,1030102,1030102;118,1,1",1019,0,0,,4,0,99999,0
10301033,无人死亡,0,"115,1030103,1030103;118,1,1",1019,0,0,,4,0,99999,0
10301043,无人死亡,0,"115,1030104,1030104;118,1,1",1019,0,0,,4,0,99999,0
10301053,无人死亡,0,"115,1030105,1030105;118,1,1",1019,0,0,,4,0,99999,0
10301063,无人死亡,0,"115,1030106,1030106;118,1,1",1019,0,0,,4,0,99999,0
10301073,无人死亡,0,"115,1030107,1030107;118,1,1",1019,0,0,,4,0,99999,0
10301083,无人死亡,0,"115,1030108,1030108;118,1,1",1019,0,0,,4,0,99999,0
10301093,无人死亡,0,"115,1030109,1030109;118,1,1",1019,0,0,,4,0,99999,0
10301103,无人死亡,0,"115,1030110,1030110;118,1,1",1019,0,0,,4,0,99999,0
10301113,无人死亡,0,"115,1030111,1030111;118,1,1",1019,0,0,,4,0,99999,0
10301123,无人死亡,0,"115,1030112,1030112;118,1,1",1019,0,0,,4,0,99999,0
10301133,无人死亡,0,"115,1030113,1030113;118,1,1",1019,0,0,,4,0,99999,0
10301143,无人死亡,0,"115,1030114,1030114;118,1,1",1019,0,0,,4,0,99999,0
10301153,无人死亡,0,"115,1030115,1030115;118,1,1",1019,0,0,,4,0,99999,0
10301163,无人死亡,0,"115,1030116,1030116;118,1,1",1019,0,0,,4,0,99999,0
10301173,无人死亡,0,"115,1030117,1030117;118,1,1",1019,0,0,,4,0,99999,0
10301183,无人死亡,0,"115,1030118,1030118;118,1,1",1019,0,0,,4,0,99999,0
10301193,无人死亡,0,"115,1030119,1030119;118,1,1",1019,0,0,,4,0,99999,0
10301203,无人死亡,0,"115,1030120,1030120;118,1,1",1019,0,0,,4,0,99999,0
10301213,无人死亡,0,"115,1030121,1030121;118,1,1",1019,0,0,,4,0,99999,0
10301223,无人死亡,0,"115,1030122,1030122;118,1,1",1019,0,0,,4,0,99999,0
10301233,无人死亡,0,"115,1030123,1030123;118,1,1",1019,0,0,,4,0,99999,0
10301243,无人死亡,0,"115,1030124,1030124;118,1,1",1019,0,0,,4,0,99999,0
10301253,无人死亡,0,"115,1030125,1030125;118,1,1",1019,0,0,,4,0,99999,0
10301263,无人死亡,0,"115,1030126,1030126;118,1,1",1019,0,0,,4,0,99999,0
10301273,无人死亡,0,"115,1030127,1030127;118,1,1",1019,0,0,,4,0,99999,0
10301283,无人死亡,0,"115,1030128,1030128;118,1,1",1019,0,0,,4,0,99999,0
10301293,无人死亡,0,"115,1030129,1030129;118,1,1",1019,0,0,,4,0,99999,0
10301303,无人死亡,0,"115,1030130,1030130;118,1,1",1019,0,0,,4,0,99999,0
10301014,三星任务奖励,0,0,1045,"10301010,10301012,10301013",0,,4,0,99999,0
10301024,三星任务奖励,0,0,1045,"10301020,10301022,10301023",0,,4,0,99999,0
10301034,三星任务奖励,0,0,1045,"10301030,10301032,10301033",0,,4,0,99999,0
10301044,三星任务奖励,0,0,1045,"10301040,10301042,10301043",0,,4,0,99999,0
10301054,三星任务奖励,0,0,1045,"10301050,10301052,10301053",0,,4,0,99999,0
10301064,三星任务奖励,0,0,1045,"10301060,10301062,10301063",0,,4,0,99999,0
10301074,三星任务奖励,0,0,1045,"10301070,10301072,10301073",0,,4,0,99999,0
10301084,三星任务奖励,0,0,1045,"10301080,10301082,10301083",0,,4,0,99999,0
10301094,三星任务奖励,0,0,1045,"10301090,10301092,10301093",0,,4,0,99999,0
10301104,三星任务奖励,0,0,1045,"10301100,10301102,10301103",0,,4,0,99999,0
10301114,三星任务奖励,0,0,1045,"10301110,10301112,10301113",0,,4,0,99999,0
10301124,三星任务奖励,0,0,1045,"10301120,10301122,10301123",0,,4,0,99999,0
10301134,三星任务奖励,0,0,1045,"10301130,10301132,10301133",0,,4,0,99999,0
10301144,三星任务奖励,0,0,1045,"10301140,10301142,10301143",0,,4,0,99999,0
10301154,三星任务奖励,0,0,1045,"10301150,10301152,10301153",0,,4,0,99999,0
10301164,三星任务奖励,0,0,1045,"10301160,10301162,10301163",0,,4,0,99999,0
10301174,三星任务奖励,0,0,1045,"10301170,10301172,10301173",0,,4,0,99999,0
10301184,三星任务奖励,0,0,1045,"10301180,10301182,10301183",0,,4,0,99999,0
10301194,三星任务奖励,0,0,1045,"10301190,10301192,10301193",0,,4,0,99999,0
10301204,三星任务奖励,0,0,1045,"10301200,10301202,10301203",0,,4,0,99999,0
10301214,三星任务奖励,0,0,1045,"10301210,10301212,10301213",0,,4,0,99999,0
10301224,三星任务奖励,0,0,1045,"10301220,10301222,10301223",0,,4,0,99999,0
10301234,三星任务奖励,0,0,1045,"10301230,10301232,10301233",0,,4,0,99999,0
10301244,三星任务奖励,0,0,1045,"10301240,10301242,10301243",0,,4,0,99999,0
10301254,三星任务奖励,0,0,1045,"10301250,10301252,10301253",0,,4,0,99999,0
10301264,三星任务奖励,0,0,1045,"10301260,10301262,10301263",0,,4,0,99999,0
10301274,三星任务奖励,0,0,1045,"10301270,10301272,10301273",0,,4,0,99999,0
10301284,三星任务奖励,0,0,1045,"10301280,10301282,10301283",0,,4,0,99999,0
10301294,三星任务奖励,0,0,1045,"10301290,10301292,10301293",0,,4,0,99999,0
10301304,三星任务奖励,0,0,1045,"10301300,10301302,10301303",0,,4,0,99999,0
10501151,受击不超过12次,0,"115,1050115,1050115;118,1,1",1001,0,0,,4,0,99999,0
10501161,受击不超过12次,0,"115,1050116,1050116;118,1,1",1001,0,0,,4,0,99999,0
10501171,受击不超过12次,0,"115,1050117,1050117;118,1,1",1001,0,0,,4,0,99999,0
10501181,受击不超过12次,0,"115,1050118,1050118;118,1,1",1001,0,0,,4,0,99999,0
10501191,受击不超过12次,0,"115,1050119,1050119;118,1,1",1001,0,0,,4,0,99999,0
10501201,受击不超过12次,0,"115,1050120,1050120;118,1,1",1001,0,0,,4,0,99999,0
10501211,受击不超过12次,0,"115,1050121,1050121;118,1,1",1001,0,0,,4,0,99999,0
10501221,受击不超过12次,0,"115,1050122,1050122;118,1,1",1001,0,0,,4,0,99999,0
10501231,受击不超过12次,0,"115,1050123,1050123;118,1,1",1001,0,0,,4,0,99999,0
10501241,受击不超过12次,0,"115,1050124,1050124;118,1,1",1001,0,0,,4,0,99999,0
10501251,受击不超过12次,0,"115,1050125,1050125;118,1,1",1001,0,0,,4,0,99999,0
10501261,受击不超过12次,0,"115,1050126,1050126;118,1,1",1001,0,0,,4,0,99999,0
10501271,受击不超过12次,0,"115,1050127,1050127;118,1,1",1001,0,0,,4,0,99999,0
10502011,受击不超过12次,0,"115,1050201,1050201;118,1,1",1001,0,0,,4,0,99999,0
10502021,受击不超过12次,0,"115,1050202,1050202;118,1,1",1001,0,0,,4,0,99999,0
10502031,受击不超过12次,0,"115,1050203,1050203;118,1,1",1001,0,0,,4,0,99999,0
10502041,受击不超过12次,0,"115,1050204,1050204;118,1,1",1001,0,0,,4,0,99999,0
10502051,受击不超过12次,0,"115,1050205,1050205;118,1,1",1001,0,0,,4,0,99999,0
10502061,受击不超过12次,0,"115,1050206,1050206;118,1,1",1001,0,0,,4,0,99999,0
10502071,受击不超过12次,0,"115,1050207,1050207;118,1,1",1001,0,0,,4,0,99999,0
10502081,受击不超过12次,0,"115,1050208,1050208;118,1,1",1001,0,0,,4,0,99999,0
10502091,受击不超过12次,0,"115,1050209,1050209;118,1,1",1001,0,0,,4,0,99999,0
10502101,受击不超过12次,0,"115,1050210,1050210;118,1,1",1001,0,0,,4,0,99999,0
10501152,1200时序内通关,0,"115,1050115,1050115;118,1,1",1011,0,0,,4,0,99999,0
10501162,1200时序内通关,0,"115,1050116,1050116;118,1,1",1011,0,0,,4,0,99999,0
10501172,1200时序内通关,0,"115,1050117,1050117;118,1,1",1011,0,0,,4,0,99999,0
10501182,1200时序内通关,0,"115,1050118,1050118;118,1,1",1011,0,0,,4,0,99999,0
10501192,1200时序内通关,0,"115,1050119,1050119;118,1,1",1011,0,0,,4,0,99999,0
10501202,1200时序内通关,0,"115,1050120,1050120;118,1,1",1011,0,0,,4,0,99999,0
10501212,1200时序内通关,0,"115,1050121,1050121;118,1,1",1011,0,0,,4,0,99999,0
10501222,1200时序内通关,0,"115,1050122,1050122;118,1,1",1011,0,0,,4,0,99999,0
10501232,1200时序内通关,0,"115,1050123,1050123;118,1,1",1011,0,0,,4,0,99999,0
10501242,1200时序内通关,0,"115,1050124,1050124;118,1,1",1011,0,0,,4,0,99999,0
10501252,1200时序内通关,0,"115,1050125,1050125;118,1,1",1011,0,0,,4,0,99999,0
10501262,1200时序内通关,0,"115,1050126,1050126;118,1,1",1011,0,0,,4,0,99999,0
10501272,1200时序内通关,0,"115,1050127,1050127;118,1,1",1011,0,0,,4,0,99999,0
10502012,1200时序内通关,0,"115,1050201,1050201;118,1,1",1011,0,0,,4,0,99999,0
10502022,1200时序内通关,0,"115,1050202,1050202;118,1,1",1011,0,0,,4,0,99999,0
10502032,1200时序内通关,0,"115,1050203,1050203;118,1,1",1011,0,0,,4,0,99999,0
10502042,1200时序内通关,0,"115,1050204,1050204;118,1,1",1011,0,0,,4,0,99999,0
10502052,1200时序内通关,0,"115,1050205,1050205;118,1,1",1011,0,0,,4,0,99999,0
10502062,1200时序内通关,0,"115,1050206,1050206;118,1,1",1011,0,0,,4,0,99999,0
10502072,1200时序内通关,0,"115,1050207,1050207;118,1,1",1011,0,0,,4,0,99999,0
10502082,1200时序内通关,0,"115,1050208,1050208;118,1,1",1011,0,0,,4,0,99999,0
10502092,1200时序内通关,0,"115,1050209,1050209;118,1,1",1011,0,0,,4,0,99999,0
10502102,1200时序内通关,0,"115,1050210,1050210;118,1,1",1011,0,0,,4,0,99999,0
10501153,无人死亡,0,"115,1050115,1050115;118,1,1",1019,0,0,,4,0,99999,0
10501163,无人死亡,0,"115,1050116,1050116;118,1,1",1019,0,0,,4,0,99999,0
10501173,无人死亡,0,"115,1050117,1050117;118,1,1",1019,0,0,,4,0,99999,0
10501183,无人死亡,0,"115,1050118,1050118;118,1,1",1019,0,0,,4,0,99999,0
10501193,无人死亡,0,"115,1050119,1050119;118,1,1",1019,0,0,,4,0,99999,0
10501203,无人死亡,0,"115,1050120,1050120;118,1,1",1019,0,0,,4,0,99999,0
10501213,无人死亡,0,"115,1050121,1050121;118,1,1",1019,0,0,,4,0,99999,0
10501223,无人死亡,0,"115,1050122,1050122;118,1,1",1019,0,0,,4,0,99999,0
10501233,无人死亡,0,"115,1050123,1050123;118,1,1",1019,0,0,,4,0,99999,0
10501243,无人死亡,0,"115,1050124,1050124;118,1,1",1019,0,0,,4,0,99999,0
10501253,无人死亡,0,"115,1050125,1050125;118,1,1",1019,0,0,,4,0,99999,0
10501263,无人死亡,0,"115,1050126,1050126;118,1,1",1019,0,0,,4,0,99999,0
10501273,无人死亡,0,"115,1050127,1050127;118,1,1",1019,0,0,,4,0,99999,0
10502013,无人死亡,0,"115,1050201,1050201;118,1,1",1019,0,0,,4,0,99999,0
10502023,无人死亡,0,"115,1050202,1050202;118,1,1",1019,0,0,,4,0,99999,0
10502033,无人死亡,0,"115,1050203,1050203;118,1,1",1019,0,0,,4,0,99999,0
10502043,无人死亡,0,"115,1050204,1050204;118,1,1",1019,0,0,,4,0,99999,0
10502053,无人死亡,0,"115,1050205,1050205;118,1,1",1019,0,0,,4,0,99999,0
10502063,无人死亡,0,"115,1050206,1050206;118,1,1",1019,0,0,,4,0,99999,0
10502073,无人死亡,0,"115,1050207,1050207;118,1,1",1019,0,0,,4,0,99999,0
10502083,无人死亡,0,"115,1050208,1050208;118,1,1",1019,0,0,,4,0,99999,0
10502093,无人死亡,0,"115,1050209,1050209;118,1,1",1019,0,0,,4,0,99999,0
10502103,无人死亡,0,"115,1050210,1050210;118,1,1",1019,0,0,,4,0,99999,0
10501154,三星任务奖励,0,0,1045,"10501150,10501152,10501153",0,,4,0,99999,0
10501164,三星任务奖励,0,0,1045,"10501160,10501162,10501163",0,,4,0,99999,0
10501174,三星任务奖励,0,0,1045,"10501170,10501172,10501173",0,,4,0,99999,0
10501184,三星任务奖励,0,0,1045,"10501180,10501182,10501183",0,,4,0,99999,0
10501194,三星任务奖励,0,0,1045,"10501190,10501192,10501193",0,,4,0,99999,0
10501204,三星任务奖励,0,0,1045,"10501200,10501202,10501203",0,,4,0,99999,0
10501214,三星任务奖励,0,0,1045,"10501210,10501212,10501213",0,,4,0,99999,0
10501224,三星任务奖励,0,0,1045,"10501220,10501222,10501223",0,,4,0,99999,0
10501234,三星任务奖励,0,0,1045,"10501230,10501232,10501233",0,,4,0,99999,0
10501244,三星任务奖励,0,0,1045,"10501240,10501242,10501243",0,,4,0,99999,0
10501254,三星任务奖励,0,0,1045,"10501250,10501252,10501253",0,,4,0,99999,0
10501264,三星任务奖励,0,0,1045,"10501260,10501262,10501263",0,,4,0,99999,0
10501274,三星任务奖励,0,0,1045,"10501270,10501272,10501273",0,,4,0,99999,0
10502014,三星任务奖励,0,0,1045,"10502010,10502012,10502013",0,,4,0,99999,0
10502024,三星任务奖励,0,0,1045,"10502020,10502022,10502023",0,,4,0,99999,0
10502034,三星任务奖励,0,0,1045,"10502030,10502032,10502033",0,,4,0,99999,0
10502044,三星任务奖励,0,0,1045,"10502040,10502042,10502043",0,,4,0,99999,0
10502054,三星任务奖励,0,0,1045,"10502050,10502052,10502053",0,,4,0,99999,0
10502064,三星任务奖励,0,0,1045,"10502060,10502062,10502063",0,,4,0,99999,0
10502074,三星任务奖励,0,0,1045,"10502070,10502072,10502073",0,,4,0,99999,0
10502084,三星任务奖励,0,0,1045,"10502080,10502082,10502083",0,,4,0,99999,0
10502094,三星任务奖励,0,0,1045,"10502090,10502092,10502093",0,,4,0,99999,0
10502104,三星任务奖励,0,0,1045,"10502100,10502102,10502103",0,,4,0,99999,0
12001012,X时序内通关,0,"115,1200101,1200101;118,1,1",1011,0,0,,4,0,99999,0
12001022,X时序内通关,0,"115,1200102,1200102;118,1,1",1011,0,0,,4,0,99999,0
12001032,X时序内通关,0,"115,1200103,1200103;118,1,1",1011,0,0,,4,0,99999,0
12001042,X时序内通关,0,"115,1200104,1200104;118,1,1",1011,0,0,,4,0,99999,0
12001052,X时序内通关,0,"115,1200105,1200105;118,1,1",1011,0,0,,4,0,99999,0
12001062,X时序内通关,0,"115,1200106,1200106;118,1,1",1011,0,0,,4,0,99999,0
12001072,X时序内通关,0,"115,1200107,1200107;118,1,1",1011,0,0,,4,0,99999,0
12001082,X时序内通关,0,"115,1200108,1200108;118,1,1",1011,0,0,,4,0,99999,0
12001092,X时序内通关,0,"115,1200109,1200109;118,1,1",1011,0,0,,4,0,99999,0
12001102,X时序内通关,0,"115,1200110,1200110;118,1,1",1011,0,0,,4,0,99999,0
12001112,X时序内通关,0,"115,1200111,1200111;118,1,1",1011,0,0,,4,0,99999,0
12001122,X时序内通关,0,"115,1200112,1200112;118,1,1",1011,0,0,,4,0,99999,0
12002012,X时序内通关,0,"115,1200201,1200201;118,1,1",1011,0,0,,4,0,99999,0
12002022,X时序内通关,0,"115,1200202,1200202;118,1,1",1011,0,0,,4,0,99999,0
12002032,X时序内通关,0,"115,1200203,1200203;118,1,1",1011,0,0,,4,0,99999,0
12002042,X时序内通关,0,"115,1200204,1200204;118,1,1",1011,0,0,,4,0,99999,0
12002052,X时序内通关,0,"115,1200205,1200205;118,1,1",1011,0,0,,4,0,99999,0
12002062,X时序内通关,0,"115,1200206,1200206;118,1,1",1011,0,0,,4,0,99999,0
12002072,X时序内通关,0,"115,1200207,1200207;118,1,1",1011,0,0,,4,0,99999,0
12002082,X时序内通关,0,"115,1200208,1200208;118,1,1",1011,0,0,,4,0,99999,0
12002092,X时序内通关,0,"115,1200209,1200209;118,1,1",1011,0,0,,4,0,99999,0
12002102,X时序内通关,0,"115,1200210,1200210;118,1,1",1011,0,0,,4,0,99999,0
12002112,X时序内通关,0,"115,1200211,1200211;118,1,1",1011,0,0,,4,0,99999,0
12002122,X时序内通关,0,"115,1200212,1200212;118,1,1",1011,0,0,,4,0,99999,0
12001013,无人死亡,0,"115,1200101,1200101;118,1,1",1019,0,0,,4,0,99999,0
12001023,无人死亡,0,"115,1200102,1200102;118,1,1",1019,0,0,,4,0,99999,0
12001033,无人死亡,0,"115,1200103,1200103;118,1,1",1019,0,0,,4,0,99999,0
12001043,无人死亡,0,"115,1200104,1200104;118,1,1",1019,0,0,,4,0,99999,0
12001053,无人死亡,0,"115,1200105,1200105;118,1,1",1019,0,0,,4,0,99999,0
12001063,无人死亡,0,"115,1200106,1200106;118,1,1",1019,0,0,,4,0,99999,0
12001073,无人死亡,0,"115,1200107,1200107;118,1,1",1019,0,0,,4,0,99999,0
12001083,无人死亡,0,"115,1200108,1200108;118,1,1",1019,0,0,,4,0,99999,0
12001093,无人死亡,0,"115,1200109,1200109;118,1,1",1019,0,0,,4,0,99999,0
12001103,无人死亡,0,"115,1200110,1200110;118,1,1",1019,0,0,,4,0,99999,0
12001113,无人死亡,0,"115,1200111,1200111;118,1,1",1019,0,0,,4,0,99999,0
12001123,无人死亡,0,"115,1200112,1200112;118,1,1",1019,0,0,,4,0,99999,0
12002013,无人死亡,0,"115,1200201,1200201;118,1,1",1019,0,0,,4,0,99999,0
12002023,无人死亡,0,"115,1200202,1200202;118,1,1",1019,0,0,,4,0,99999,0
12002033,无人死亡,0,"115,1200203,1200203;118,1,1",1019,0,0,,4,0,99999,0
12002043,无人死亡,0,"115,1200204,1200204;118,1,1",1019,0,0,,4,0,99999,0
12002053,无人死亡,0,"115,1200205,1200205;118,1,1",1019,0,0,,4,0,99999,0
12002063,无人死亡,0,"115,1200206,1200206;118,1,1",1019,0,0,,4,0,99999,0
12002073,无人死亡,0,"115,1200207,1200207;118,1,1",1019,0,0,,4,0,99999,0
12002083,无人死亡,0,"115,1200208,1200208;118,1,1",1019,0,0,,4,0,99999,0
12002093,无人死亡,0,"115,1200209,1200209;118,1,1",1019,0,0,,4,0,99999,0
12002103,无人死亡,0,"115,1200210,1200210;118,1,1",1019,0,0,,4,0,99999,0
12002113,无人死亡,0,"115,1200211,1200211;118,1,1",1019,0,0,,4,0,99999,0
12002123,无人死亡,0,"115,1200212,1200212;118,1,1",1019,0,0,,4,0,99999,0
12001014,三星任务奖励,0,0,1045,"12001010,12001012,12001013",0,,4,0,99999,0
12001024,三星任务奖励,0,0,1045,"12001020,12001022,12001023",0,,4,0,99999,0
12001034,三星任务奖励,0,0,1045,"12001030,12001032,12001033",0,,4,0,99999,0
12001044,三星任务奖励,0,0,1045,"12001040,12001042,12001043",0,,4,0,99999,0
12001054,三星任务奖励,0,0,1045,"12001050,12001052,12001053",0,,4,0,99999,0
12001064,三星任务奖励,0,0,1045,"12001060,12001062,12001063",0,,4,0,99999,0
12001074,三星任务奖励,0,0,1045,"12001070,12001072,12001073",0,,4,0,99999,0
12001084,三星任务奖励,0,0,1045,"12001080,12001082,12001083",0,,4,0,99999,0
12001094,三星任务奖励,0,0,1045,"12001090,12001092,12001093",0,,4,0,99999,0
12001104,三星任务奖励,0,0,1045,"12001100,12001102,12001103",0,,4,0,99999,0
12001114,三星任务奖励,0,0,1045,"12001110,12001112,12001113",0,,4,0,99999,0
12001124,三星任务奖励,0,0,1045,"12001120,12001122,12001123",0,,4,0,99999,0
12002014,三星任务奖励,0,0,1045,"12002010,12002012,12002013",0,,4,0,99999,0
12002024,三星任务奖励,0,0,1045,"12002020,12002022,12002023",0,,4,0,99999,0
12002034,三星任务奖励,0,0,1045,"12002030,12002032,12002033",0,,4,0,99999,0
12002044,三星任务奖励,0,0,1045,"12002040,12002042,12002043",0,,4,0,99999,0
12002054,三星任务奖励,0,0,1045,"12002050,12002052,12002053",0,,4,0,99999,0
12002064,三星任务奖励,0,0,1045,"12002060,12002062,12002063",0,,4,0,99999,0
12002074,三星任务奖励,0,0,1045,"12002070,12002072,12002073",0,,4,0,99999,0
12002084,三星任务奖励,0,0,1045,"12002080,12002082,12002083",0,,4,0,99999,0
12002094,三星任务奖励,0,0,1045,"12002090,12002092,12002093",0,,4,0,99999,0
12002104,三星任务奖励,0,0,1045,"12002100,12002102,12002103",0,,4,0,99999,0
12002114,三星任务奖励,0,0,1045,"12002110,12002112,12002113",0,,4,0,99999,0
12002124,三星任务奖励,0,0,1045,"12002120,12002122,12002123",0,,4,0,99999,0
501010,糟糕的每日,0,"115,50101,50101",1022,0,0,,0,0,99999,0
501020,追逐-1,0,"115,50102,50102",1022,0,0,,0,0,99999,0
501030,追逐-2,0,"115,50103,50103",1022,0,0,,0,0,99999,0
501040,如果你无法笑,0,"115,50104,50104",1022,0,0,,0,0,99999,0
501050,焦点-1,0,"115,50105,50105",1022,0,0,,0,0,99999,0
501060,焦点-2,0,"115,50106,50106",1022,0,0,,0,0,99999,0
501070,还要吃掉多少,0,"115,50107,50107",1022,0,0,,0,0,99999,0
501080,空洞-1,0,"115,50108,50108",1022,0,0,,0,0,99999,0
501090,空洞-2,0,"115,50109,50109",1022,0,0,,0,0,99999,0
501100,请原谅我，我有病,0,"115,50110,50110",1022,0,0,,0,0,99999,0
501110,去向-1,0,"115,50111,50111",1022,0,0,,0,0,99999,0
501120,去向-2,0,"115,50112,50112",1022,0,0,,0,0,99999,0
501130,信仰不得救,0,"115,50113,50113",1022,0,0,,0,0,99999,0
501140,失望-1,0,"115,50114,50114",1022,0,0,,0,0,99999,0
501150,白兔先生,0,"115,50115,50115",1022,0,0,,0,0,99999,0
501160,诱惑-1,0,"115,50116,50116",1022,0,0,,0,0,99999,0
501170,下到洞里吧,0,"115,50117,50117",1022,0,0,,0,0,99999,0
501180,逃离这个世界-1,0,"115,50118,50118",1022,0,0,,0,0,99999,0
501190,岔路口和猫小姐,0,"115,50119,50119",1022,0,0,,0,0,99999,0
501200,弱肉强食丛林,0,"115,50120,50120",1022,0,0,,0,0,99999,0
502010,想要报仇的鹈鹕,0,"115,50201,50201",1022,0,0,,0,0,99999,0
502020,仇恨-1,0,"115,50202,50202",1022,0,0,,0,0,99999,0
502030,国王与兔子先生,0,"115,50203,50203",1022,0,0,,0,0,99999,0
502040,国王-1,0,"115,50204,50204",1022,0,0,,0,0,99999,0
502050,国王-2,0,"115,50205,50205",1022,0,0,,0,0,99999,0
502060,猫兔不相容定理,0,"115,50206,50206",1022,0,0,,0,0,99999,0
502070,期待-1,0,"115,50207,50207",1022,0,0,,0,0,99999,0
502080,鲸鱼与木偶与猎犬,0,"115,50208,50208",1022,0,0,,0,0,99999,0
502090,驱赶-1,0,"115,50209,50209",1022,0,0,,0,0,99999,0
502100,驱赶-2,0,"115,50210,50210",1022,0,0,,0,0,99999,0
502110,痛下杀手吧,0,"115,50211,50211",1022,0,0,,0,0,99999,0
502120,逃跑-1,0,"115,50212,50212",1022,0,0,,0,0,99999,0
502130,逃跑-2,0,"115,50213,50213",1022,0,0,,0,0,99999,0
502140,朋友还是活路？,0,"115,50214,50214",1022,0,0,,0,0,99999,0
502150,为了朋友-1,0,"115,50215,50215",1022,0,0,,0,0,99999,0
502160,不惧-1,0,"115,50216,50216",1022,0,0,,0,0,99999,0
502170,呃，是梦啊,0,"115,50217,50217",1022,0,0,,0,0,99999,0
502180,大罪会议,0,"115,50218,50218",1022,0,0,,0,0,99999,0
502190,罪孽-1,0,"115,50219,50219",1022,0,0,,0,0,99999,0
502200,大罪的等待间隙,0,"115,50220,50220",1022,0,0,,0,0,99999,0
503010,家族与后继,0,"115,50301,50301",1022,0,0,,0,0,99999,0
503020,涟漪-1,0,"115,50302,50302",1022,0,0,,0,0,99999,0
503030,道德的义务,0,"115,50303,50303",1022,0,0,,0,0,99999,0
503040,埋伏-1,0,"115,50304,50304",1022,0,0,,0,0,99999,0
503050,思想使人痛苦,0,"115,50305,50305",1022,0,0,,0,0,99999,0
503060,迷惘-1,0,"115,50306,50306",1022,0,0,,0,0,99999,0
503070,西蒙和安娜,0,"115,50307,50307",1022,0,0,,0,0,99999,0
503080,镜子啊-1,0,"115,50308,50308",1022,0,0,,0,0,99999,0
503090,被截断的道路,0,"115,50309,50309",1022,0,0,,0,0,99999,0
503100,告诉我-1,0,"115,50310,50310",1022,0,0,,0,0,99999,0
503110,道德高尚的女人,0,"115,50311,50311",1022,0,0,,0,0,99999,0
503120,挫折-1,0,"115,50312,50312",1022,0,0,,0,0,99999,0
503130,怪人医生,0,"115,50313,50313",1022,0,0,,0,0,99999,0
503140,awaken,0,"115,50314,50314",1022,0,0,,0,0,99999,0
503150,未知-1,0,"115,50315,50315",1022,0,0,,0,0,99999,0
503160,卡尔之死,0,"115,50316,50316",1022,0,0,,0,0,99999,0
503170,恐怖和信仰-1,0,"115,50317,50317",1022,0,0,,0,0,99999,0
503180,人世间，或人所缺,0,"115,50318,50318",1022,0,0,,0,0,99999,0
503190,重复-1,0,"115,50319,50319",1022,0,0,,0,0,99999,0
503200,成为家族的象征,0,"115,50320,50320",1022,0,0,,0,0,99999,0
504010,梦与阴谋的气息,0,"115,50401,50401",1022,0,0,,0,0,99999,0
504020,不速之客-1,0,"115,50402,50402",1022,0,0,,0,0,99999,0
504030,不速之客-2,0,"115,50403,50403",1022,0,0,,0,0,99999,0
504040,将你引入堕落深渊,0,"115,50404,50404",1022,0,0,,0,0,99999,0
504050,引诱-1,0,"115,50405,50405",1022,0,0,,0,0,99999,0
504060,引诱-2,0,"115,50406,50406",1022,0,0,,0,0,99999,0
504070,坠入爱河的人,0,"115,50407,50407",1022,0,0,,0,0,99999,0
504080,爱即罪-1,0,"115,50408,50408",1022,0,0,,0,0,99999,0
504090,爱即罪-2,0,"115,50409,50409",1022,0,0,,0,0,99999,0
504100,像个年轻姑娘,0,"115,50410,50410",1022,0,0,,0,0,99999,0
504110,做梦-1,0,"115,50411,50411",1022,0,0,,0,0,99999,0
504120,毫无道理地妒忌,0,"115,50412,50412",1022,0,0,,0,0,99999,0
504130,清醒-1,0,"115,50413,50413",1022,0,0,,0,0,99999,0
504140,野心和检举信,0,"115,50414,50414",1022,0,0,,0,0,99999,0
504150,危机-1,0,"115,50415,50415",1022,0,0,,0,0,99999,0
504160,使她憎恶,0,"115,50416,50416",1022,0,0,,0,0,99999,0
504170,憎恨-1,0,"115,50417,50417",1022,0,0,,0,0,99999,0
504180,一桩犯罪,0,"115,50418,50418",1022,0,0,,0,0,99999,0
504190,即使如此仍愿起舞,0,"115,50419,50419",1022,0,0,,0,0,99999,0
504200,青色的火焰-1,0,"115,50420,50420",1022,0,0,,0,0,99999,0
505010,讨伐-1,0,"115,50501,50501",1022,0,0,,0,0,99999,0
505020,讨伐-2,0,"115,50502,50502",1022,0,0,,0,0,99999,0
505030,讨伐-3,0,"115,50503,50503",1022,0,0,,0,0,99999,0
505040,讨伐-4,0,"115,50504,50504",1022,0,0,,0,0,99999,0
505050,讨伐-5,0,"115,50505,50505",1022,0,0,,0,0,99999,0
505060,讨伐-6,0,"115,50506,50506",1022,0,0,,0,0,99999,0
505070,讨伐-7,0,"115,50507,50507",1022,0,0,,0,0,99999,0
505080,讨伐-8,0,"115,50508,50508",1022,0,0,,0,0,99999,0
505090,讨伐-9,0,"115,50509,50509",1022,0,0,,0,0,99999,0
505100,讨伐-10,0,"115,50510,50510",1022,0,0,,0,0,99999,0
505110,讨伐-11,0,"115,50511,50511",1022,0,0,,0,0,99999,0
505120,讨伐-12,0,"115,50512,50512",1022,0,0,,0,0,99999,0
505130,讨伐-13,0,"115,50513,50513",1022,0,0,,0,0,99999,0
505140,讨伐-14,0,"115,50514,50514",1022,0,0,,0,0,99999,0
505150,讨伐-15,0,"115,50515,50515",1022,0,0,,0,0,99999,0
505160,讨伐-16,0,"115,50516,50516",1022,0,0,,0,0,99999,0
505170,讨伐-17,0,"115,50517,50517",1022,0,0,,0,0,99999,0
505180,讨伐-18,0,"115,50518,50518",1022,0,0,,0,0,99999,0
505190,讨伐-19,0,"115,50519,50519",1022,0,0,,0,0,99999,0
505200,讨伐-20,0,"115,50520,50520",1022,0,0,,0,0,99999,0
506010,讨伐-1,0,"115,50601,50601",1022,0,0,,0,0,99999,0
506020,讨伐-2,0,"115,50602,50602",1022,0,0,,0,0,99999,0
506030,讨伐-3,0,"115,50603,50603",1022,0,0,,0,0,99999,0
506040,讨伐-4,0,"115,50604,50604",1022,0,0,,0,0,99999,0
506050,讨伐-5,0,"115,50605,50605",1022,0,0,,0,0,99999,0
506060,讨伐-6,0,"115,50606,50606",1022,0,0,,0,0,99999,0
506070,讨伐-7,0,"115,50607,50607",1022,0,0,,0,0,99999,0
506080,讨伐-8,0,"115,50608,50608",1022,0,0,,0,0,99999,0
506090,讨伐-9,0,"115,50609,50609",1022,0,0,,0,0,99999,0
506100,讨伐-10,0,"115,50610,50610",1022,0,0,,0,0,99999,0
506110,讨伐-11,0,"115,50611,50611",1022,0,0,,0,0,99999,0
506120,讨伐-12,0,"115,50612,50612",1022,0,0,,0,0,99999,0
506130,讨伐-13,0,"115,50613,50613",1022,0,0,,0,0,99999,0
506140,讨伐-14,0,"115,50614,50614",1022,0,0,,0,0,99999,0
506150,讨伐-15,0,"115,50615,50615",1022,0,0,,0,0,99999,0
506160,讨伐-16,0,"115,50616,50616",1022,0,0,,0,0,99999,0
506170,讨伐-17,0,"115,50617,50617",1022,0,0,,0,0,99999,0
506180,讨伐-18,0,"115,50618,50618",1022,0,0,,0,0,99999,0
506190,讨伐-19,0,"115,50619,50619",1022,0,0,,0,0,99999,0
506200,讨伐-20,0,"115,50620,50620",1022,0,0,,0,0,99999,0
507010,讨伐-1,0,"115,50701,50701",1022,0,0,,0,0,99999,0
507020,讨伐-2,0,"115,50702,50702",1022,0,0,,0,0,99999,0
507030,讨伐-3,0,"115,50703,50703",1022,0,0,,0,0,99999,0
507040,讨伐-4,0,"115,50704,50704",1022,0,0,,0,0,99999,0
507050,讨伐-5,0,"115,50705,50705",1022,0,0,,0,0,99999,0
507060,讨伐-6,0,"115,50706,50706",1022,0,0,,0,0,99999,0
507070,讨伐-7,0,"115,50707,50707",1022,0,0,,0,0,99999,0
507080,讨伐-8,0,"115,50708,50708",1022,0,0,,0,0,99999,0
507090,讨伐-9,0,"115,50709,50709",1022,0,0,,0,0,99999,0
507100,讨伐-10,0,"115,50710,50710",1022,0,0,,0,0,99999,0
507110,讨伐-11,0,"115,50711,50711",1022,0,0,,0,0,99999,0
507120,讨伐-12,0,"115,50712,50712",1022,0,0,,0,0,99999,0
507130,讨伐-13,0,"115,50713,50713",1022,0,0,,0,0,99999,0
507140,讨伐-14,0,"115,50714,50714",1022,0,0,,0,0,99999,0
507150,讨伐-15,0,"115,50715,50715",1022,0,0,,0,0,99999,0
507160,讨伐-16,0,"115,50716,50716",1022,0,0,,0,0,99999,0
507170,讨伐-17,0,"115,50717,50717",1022,0,0,,0,0,99999,0
507180,讨伐-18,0,"115,50718,50718",1022,0,0,,0,0,99999,0
507190,讨伐-19,0,"115,50719,50719",1022,0,0,,0,0,99999,0
507200,讨伐-20,0,"115,50720,50720",1022,0,0,,0,0,99999,0
508010,讨伐-1,0,"115,50801,50801",1022,0,0,,0,0,99999,0
508020,讨伐-2,0,"115,50802,50802",1022,0,0,,0,0,99999,0
508030,讨伐-3,0,"115,50803,50803",1022,0,0,,0,0,99999,0
508040,讨伐-4,0,"115,50804,50804",1022,0,0,,0,0,99999,0
508050,讨伐-5,0,"115,50805,50805",1022,0,0,,0,0,99999,0
508060,讨伐-6,0,"115,50806,50806",1022,0,0,,0,0,99999,0
508070,讨伐-7,0,"115,50807,50807",1022,0,0,,0,0,99999,0
508080,讨伐-8,0,"115,50808,50808",1022,0,0,,0,0,99999,0
508090,讨伐-9,0,"115,50809,50809",1022,0,0,,0,0,99999,0
508100,讨伐-10,0,"115,50810,50810",1022,0,0,,0,0,99999,0
508110,讨伐-11,0,"115,50811,50811",1022,0,0,,0,0,99999,0
508120,讨伐-12,0,"115,50812,50812",1022,0,0,,0,0,99999,0
508130,讨伐-13,0,"115,50813,50813",1022,0,0,,0,0,99999,0
508140,讨伐-14,0,"115,50814,50814",1022,0,0,,0,0,99999,0
508150,讨伐-15,0,"115,50815,50815",1022,0,0,,0,0,99999,0
508160,讨伐-16,0,"115,50816,50816",1022,0,0,,0,0,99999,0
508170,讨伐-17,0,"115,50817,50817",1022,0,0,,0,0,99999,0
508180,讨伐-18,0,"115,50818,50818",1022,0,0,,0,0,99999,0
508190,讨伐-19,0,"115,50819,50819",1022,0,0,,0,0,99999,0
508200,讨伐-20,0,"115,50820,50820",1022,0,0,,0,0,99999,0
509010,讨伐-1,0,"115,50901,50901",1022,0,0,,0,0,99999,0
509020,讨伐-2,0,"115,50902,50902",1022,0,0,,0,0,99999,0
509030,讨伐-3,0,"115,50903,50903",1022,0,0,,0,0,99999,0
509040,讨伐-4,0,"115,50904,50904",1022,0,0,,0,0,99999,0
509050,讨伐-5,0,"115,50905,50905",1022,0,0,,0,0,99999,0
509060,讨伐-6,0,"115,50906,50906",1022,0,0,,0,0,99999,0
509070,讨伐-7,0,"115,50907,50907",1022,0,0,,0,0,99999,0
509080,讨伐-8,0,"115,50908,50908",1022,0,0,,0,0,99999,0
509090,讨伐-9,0,"115,50909,50909",1022,0,0,,0,0,99999,0
509100,讨伐-10,0,"115,50910,50910",1022,0,0,,0,0,99999,0
509110,讨伐-11,0,"115,50911,50911",1022,0,0,,0,0,99999,0
509120,讨伐-12,0,"115,50912,50912",1022,0,0,,0,0,99999,0
509130,讨伐-13,0,"115,50913,50913",1022,0,0,,0,0,99999,0
509140,讨伐-14,0,"115,50914,50914",1022,0,0,,0,0,99999,0
509150,讨伐-15,0,"115,50915,50915",1022,0,0,,0,0,99999,0
509160,讨伐-16,0,"115,50916,50916",1022,0,0,,0,0,99999,0
509170,讨伐-17,0,"115,50917,50917",1022,0,0,,0,0,99999,0
509180,讨伐-18,0,"115,50918,50918",1022,0,0,,0,0,99999,0
509190,讨伐-19,0,"115,50919,50919",1022,0,0,,0,0,99999,0
509200,讨伐-20,0,"115,50920,50920",1022,0,0,,0,0,99999,0
510010,讨伐-1,0,"115,51001,51001",1022,0,0,,0,0,99999,0
510020,讨伐-2,0,"115,51002,51002",1022,0,0,,0,0,99999,0
510030,讨伐-3,0,"115,51003,51003",1022,0,0,,0,0,99999,0
510040,讨伐-4,0,"115,51004,51004",1022,0,0,,0,0,99999,0
510050,讨伐-5,0,"115,51005,51005",1022,0,0,,0,0,99999,0
510060,讨伐-6,0,"115,51006,51006",1022,0,0,,0,0,99999,0
510070,讨伐-7,0,"115,51007,51007",1022,0,0,,0,0,99999,0
510080,讨伐-8,0,"115,51008,51008",1022,0,0,,0,0,99999,0
510090,讨伐-9,0,"115,51009,51009",1022,0,0,,0,0,99999,0
510100,讨伐-10,0,"115,51010,51010",1022,0,0,,0,0,99999,0
510110,讨伐-11,0,"115,51011,51011",1022,0,0,,0,0,99999,0
510120,讨伐-12,0,"115,51012,51012",1022,0,0,,0,0,99999,0
510130,讨伐-13,0,"115,51013,51013",1022,0,0,,0,0,99999,0
510140,讨伐-14,0,"115,51014,51014",1022,0,0,,0,0,99999,0
510150,讨伐-15,0,"115,51015,51015",1022,0,0,,0,0,99999,0
510160,讨伐-16,0,"115,51016,51016",1022,0,0,,0,0,99999,0
510170,讨伐-17,0,"115,51017,51017",1022,0,0,,0,0,99999,0
510180,讨伐-18,0,"115,51018,51018",1022,0,0,,0,0,99999,0
510190,讨伐-19,0,"115,51019,51019",1022,0,0,,0,0,99999,0
510200,讨伐-20,0,"115,51020,51020",1022,0,0,,0,0,99999,0
501011,受击不超过9次,0,"115,50101,50101;118,1,1",1001,0,0,,0,0,99999,0
501021,受击不超过9次,0,"115,50102,50102;118,1,1",1001,0,0,,0,0,99999,0
501031,受击不超过9次,0,"115,50103,50103;118,1,1",1001,0,0,,0,0,99999,0
501041,受击不超过9次,0,"115,50104,50104;118,1,1",1001,0,0,,0,0,99999,0
501051,受击不超过9次,0,"115,50105,50105;118,1,1",1001,0,0,,0,0,99999,0
501061,受击不超过9次,0,"115,50106,50106;118,1,1",1001,0,0,,0,0,99999,0
501071,受击不超过9次,0,"115,50107,50107;118,1,1",1001,0,0,,0,0,99999,0
501081,受击不超过9次,0,"115,50108,50108;118,1,1",1001,0,0,,0,0,99999,0
501091,受击不超过9次,0,"115,50109,50109;118,1,1",1001,0,0,,0,0,99999,0
501101,受击不超过9次,0,"115,50110,50110;118,1,1",1001,0,0,,0,0,99999,0
501111,受击不超过9次,0,"115,50111,50111;118,1,1",1001,0,0,,0,0,99999,0
501121,受击不超过9次,0,"115,50112,50112;118,1,1",1001,0,0,,0,0,99999,0
501131,受击不超过9次,0,"115,50113,50113;118,1,1",1001,0,0,,0,0,99999,0
501141,受击不超过9次,0,"115,50114,50114;118,1,1",1001,0,0,,0,0,99999,0
501151,受击不超过9次,0,"115,50115,50115;118,1,1",1001,0,0,,0,0,99999,0
501161,受击不超过9次,0,"115,50116,50116;118,1,1",1001,0,0,,0,0,99999,0
501171,受击不超过9次,0,"115,50117,50117;118,1,1",1001,0,0,,0,0,99999,0
501181,受击不超过9次,0,"115,50118,50118;118,1,1",1001,0,0,,0,0,99999,0
501191,受击不超过9次,0,"115,50119,50119;118,1,1",1001,0,0,,0,0,99999,0
501201,受击不超过9次,0,"115,50120,50120;118,1,1",1001,0,0,,0,0,99999,0
502011,受击不超过9次,0,"115,50201,50201;118,1,1",1001,0,0,,0,0,99999,0
502021,受击不超过9次,0,"115,50202,50202;118,1,1",1001,0,0,,0,0,99999,0
502031,受击不超过9次,0,"115,50203,50203;118,1,1",1001,0,0,,0,0,99999,0
502041,受击不超过9次,0,"115,50204,50204;118,1,1",1001,0,0,,0,0,99999,0
502051,受击不超过9次,0,"115,50205,50205;118,1,1",1001,0,0,,0,0,99999,0
502061,受击不超过9次,0,"115,50206,50206;118,1,1",1001,0,0,,0,0,99999,0
502071,受击不超过9次,0,"115,50207,50207;118,1,1",1001,0,0,,0,0,99999,0
502081,受击不超过9次,0,"115,50208,50208;118,1,1",1001,0,0,,0,0,99999,0
502091,受击不超过9次,0,"115,50209,50209;118,1,1",1001,0,0,,0,0,99999,0
502101,受击不超过9次,0,"115,50210,50210;118,1,1",1001,0,0,,0,0,99999,0
502111,受击不超过9次,0,"115,50211,50211;118,1,1",1001,0,0,,0,0,99999,0
502121,受击不超过9次,0,"115,50212,50212;118,1,1",1001,0,0,,0,0,99999,0
502131,受击不超过9次,0,"115,50213,50213;118,1,1",1001,0,0,,0,0,99999,0
502141,受击不超过9次,0,"115,50214,50214;118,1,1",1001,0,0,,0,0,99999,0
502151,受击不超过9次,0,"115,50215,50215;118,1,1",1001,0,0,,0,0,99999,0
502161,受击不超过9次,0,"115,50216,50216;118,1,1",1001,0,0,,0,0,99999,0
502171,受击不超过9次,0,"115,50217,50217;118,1,1",1001,0,0,,0,0,99999,0
502181,受击不超过9次,0,"115,50218,50218;118,1,1",1001,0,0,,0,0,99999,0
502191,受击不超过9次,0,"115,50219,50219;118,1,1",1001,0,0,,0,0,99999,0
502201,受击不超过9次,0,"115,50220,50220;118,1,1",1001,0,0,,0,0,99999,0
503011,受击不超过9次,0,"115,50301,50301;118,1,1",1001,0,0,,0,0,99999,0
503021,受击不超过9次,0,"115,50302,50302;118,1,1",1001,0,0,,0,0,99999,0
503031,受击不超过9次,0,"115,50303,50303;118,1,1",1001,0,0,,0,0,99999,0
503041,受击不超过9次,0,"115,50304,50304;118,1,1",1001,0,0,,0,0,99999,0
503051,受击不超过9次,0,"115,50305,50305;118,1,1",1001,0,0,,0,0,99999,0
503061,受击不超过9次,0,"115,50306,50306;118,1,1",1001,0,0,,0,0,99999,0
503071,受击不超过9次,0,"115,50307,50307;118,1,1",1001,0,0,,0,0,99999,0
503081,受击不超过9次,0,"115,50308,50308;118,1,1",1001,0,0,,0,0,99999,0
503091,受击不超过9次,0,"115,50309,50309;118,1,1",1001,0,0,,0,0,99999,0
503101,受击不超过9次,0,"115,50310,50310;118,1,1",1001,0,0,,0,0,99999,0
503111,受击不超过9次,0,"115,50311,50311;118,1,1",1001,0,0,,0,0,99999,0
503121,受击不超过9次,0,"115,50312,50312;118,1,1",1001,0,0,,0,0,99999,0
503131,受击不超过9次,0,"115,50313,50313;118,1,1",1001,0,0,,0,0,99999,0
503141,受击不超过9次,0,"115,50314,50314;118,1,1",1001,0,0,,0,0,99999,0
503151,受击不超过9次,0,"115,50315,50315;118,1,1",1001,0,0,,0,0,99999,0
503161,受击不超过9次,0,"115,50316,50316;118,1,1",1001,0,0,,0,0,99999,0
503171,受击不超过9次,0,"115,50317,50317;118,1,1",1001,0,0,,0,0,99999,0
503181,受击不超过9次,0,"115,50318,50318;118,1,1",1001,0,0,,0,0,99999,0
503191,受击不超过9次,0,"115,50319,50319;118,1,1",1001,0,0,,0,0,99999,0
503201,受击不超过9次,0,"115,50320,50320;118,1,1",1001,0,0,,0,0,99999,0
504011,受击不超过9次,0,"115,50401,50401;118,1,1",1001,0,0,,0,0,99999,0
504021,受击不超过9次,0,"115,50402,50402;118,1,1",1001,0,0,,0,0,99999,0
504031,受击不超过9次,0,"115,50403,50403;118,1,1",1001,0,0,,0,0,99999,0
504041,受击不超过9次,0,"115,50404,50404;118,1,1",1001,0,0,,0,0,99999,0
504051,受击不超过9次,0,"115,50405,50405;118,1,1",1001,0,0,,0,0,99999,0
504061,受击不超过9次,0,"115,50406,50406;118,1,1",1001,0,0,,0,0,99999,0
504071,受击不超过9次,0,"115,50407,50407;118,1,1",1001,0,0,,0,0,99999,0
504081,受击不超过9次,0,"115,50408,50408;118,1,1",1001,0,0,,0,0,99999,0
504091,受击不超过9次,0,"115,50409,50409;118,1,1",1001,0,0,,0,0,99999,0
504101,受击不超过9次,0,"115,50410,50410;118,1,1",1001,0,0,,0,0,99999,0
504111,受击不超过9次,0,"115,50411,50411;118,1,1",1001,0,0,,0,0,99999,0
504121,受击不超过9次,0,"115,50412,50412;118,1,1",1001,0,0,,0,0,99999,0
504131,受击不超过9次,0,"115,50413,50413;118,1,1",1001,0,0,,0,0,99999,0
504141,受击不超过9次,0,"115,50414,50414;118,1,1",1001,0,0,,0,0,99999,0
504151,受击不超过9次,0,"115,50415,50415;118,1,1",1001,0,0,,0,0,99999,0
504161,受击不超过9次,0,"115,50416,50416;118,1,1",1001,0,0,,0,0,99999,0
504171,受击不超过9次,0,"115,50417,50417;118,1,1",1001,0,0,,0,0,99999,0
504181,受击不超过9次,0,"115,50418,50418;118,1,1",1001,0,0,,0,0,99999,0
504191,受击不超过9次,0,"115,50419,50419;118,1,1",1001,0,0,,0,0,99999,0
504201,受击不超过9次,0,"115,50420,50420;118,1,1",1001,0,0,,0,0,99999,0
505011,受击不超过9次,0,"115,50501,50501;118,1,1",1001,0,0,,0,0,99999,0
505021,受击不超过9次,0,"115,50502,50502;118,1,1",1001,0,0,,0,0,99999,0
505031,受击不超过9次,0,"115,50503,50503;118,1,1",1001,0,0,,0,0,99999,0
505041,受击不超过9次,0,"115,50504,50504;118,1,1",1001,0,0,,0,0,99999,0
505051,受击不超过9次,0,"115,50505,50505;118,1,1",1001,0,0,,0,0,99999,0
505061,受击不超过9次,0,"115,50506,50506;118,1,1",1001,0,0,,0,0,99999,0
505071,受击不超过9次,0,"115,50507,50507;118,1,1",1001,0,0,,0,0,99999,0
505081,受击不超过9次,0,"115,50508,50508;118,1,1",1001,0,0,,0,0,99999,0
505091,受击不超过9次,0,"115,50509,50509;118,1,1",1001,0,0,,0,0,99999,0
505101,受击不超过9次,0,"115,50510,50510;118,1,1",1001,0,0,,0,0,99999,0
505111,受击不超过9次,0,"115,50511,50511;118,1,1",1001,0,0,,0,0,99999,0
505121,受击不超过9次,0,"115,50512,50512;118,1,1",1001,0,0,,0,0,99999,0
505131,受击不超过9次,0,"115,50513,50513;118,1,1",1001,0,0,,0,0,99999,0
505141,受击不超过9次,0,"115,50514,50514;118,1,1",1001,0,0,,0,0,99999,0
505151,受击不超过9次,0,"115,50515,50515;118,1,1",1001,0,0,,0,0,99999,0
505161,受击不超过9次,0,"115,50516,50516;118,1,1",1001,0,0,,0,0,99999,0
505171,受击不超过9次,0,"115,50517,50517;118,1,1",1001,0,0,,0,0,99999,0
505181,受击不超过9次,0,"115,50518,50518;118,1,1",1001,0,0,,0,0,99999,0
505191,受击不超过9次,0,"115,50519,50519;118,1,1",1001,0,0,,0,0,99999,0
505201,受击不超过9次,0,"115,50520,50520;118,1,1",1001,0,0,,0,0,99999,0
506011,受击不超过9次,0,"115,50601,50601;118,1,1",1001,0,0,,0,0,99999,0
506021,受击不超过9次,0,"115,50602,50602;118,1,1",1001,0,0,,0,0,99999,0
506031,受击不超过9次,0,"115,50603,50603;118,1,1",1001,0,0,,0,0,99999,0
506041,受击不超过9次,0,"115,50604,50604;118,1,1",1001,0,0,,0,0,99999,0
506051,受击不超过9次,0,"115,50605,50605;118,1,1",1001,0,0,,0,0,99999,0
506061,受击不超过9次,0,"115,50606,50606;118,1,1",1001,0,0,,0,0,99999,0
506071,受击不超过9次,0,"115,50607,50607;118,1,1",1001,0,0,,0,0,99999,0
506081,受击不超过9次,0,"115,50608,50608;118,1,1",1001,0,0,,0,0,99999,0
506091,受击不超过9次,0,"115,50609,50609;118,1,1",1001,0,0,,0,0,99999,0
506101,受击不超过9次,0,"115,50610,50610;118,1,1",1001,0,0,,0,0,99999,0
506111,受击不超过9次,0,"115,50611,50611;118,1,1",1001,0,0,,0,0,99999,0
506121,受击不超过9次,0,"115,50612,50612;118,1,1",1001,0,0,,0,0,99999,0
506131,受击不超过9次,0,"115,50613,50613;118,1,1",1001,0,0,,0,0,99999,0
506141,受击不超过9次,0,"115,50614,50614;118,1,1",1001,0,0,,0,0,99999,0
506151,受击不超过9次,0,"115,50615,50615;118,1,1",1001,0,0,,0,0,99999,0
506161,受击不超过9次,0,"115,50616,50616;118,1,1",1001,0,0,,0,0,99999,0
506171,受击不超过9次,0,"115,50617,50617;118,1,1",1001,0,0,,0,0,99999,0
506181,受击不超过9次,0,"115,50618,50618;118,1,1",1001,0,0,,0,0,99999,0
506191,受击不超过9次,0,"115,50619,50619;118,1,1",1001,0,0,,0,0,99999,0
506201,受击不超过9次,0,"115,50620,50620;118,1,1",1001,0,0,,0,0,99999,0
507011,受击不超过9次,0,"115,50701,50701;118,1,1",1001,0,0,,0,0,99999,0
507021,受击不超过9次,0,"115,50702,50702;118,1,1",1001,0,0,,0,0,99999,0
507031,受击不超过9次,0,"115,50703,50703;118,1,1",1001,0,0,,0,0,99999,0
507041,受击不超过9次,0,"115,50704,50704;118,1,1",1001,0,0,,0,0,99999,0
507051,受击不超过9次,0,"115,50705,50705;118,1,1",1001,0,0,,0,0,99999,0
507061,受击不超过9次,0,"115,50706,50706;118,1,1",1001,0,0,,0,0,99999,0
507071,受击不超过9次,0,"115,50707,50707;118,1,1",1001,0,0,,0,0,99999,0
507081,受击不超过9次,0,"115,50708,50708;118,1,1",1001,0,0,,0,0,99999,0
507091,受击不超过9次,0,"115,50709,50709;118,1,1",1001,0,0,,0,0,99999,0
507101,受击不超过9次,0,"115,50710,50710;118,1,1",1001,0,0,,0,0,99999,0
507111,受击不超过9次,0,"115,50711,50711;118,1,1",1001,0,0,,0,0,99999,0
507121,受击不超过9次,0,"115,50712,50712;118,1,1",1001,0,0,,0,0,99999,0
507131,受击不超过9次,0,"115,50713,50713;118,1,1",1001,0,0,,0,0,99999,0
507141,受击不超过9次,0,"115,50714,50714;118,1,1",1001,0,0,,0,0,99999,0
507151,受击不超过9次,0,"115,50715,50715;118,1,1",1001,0,0,,0,0,99999,0
507161,受击不超过9次,0,"115,50716,50716;118,1,1",1001,0,0,,0,0,99999,0
507171,受击不超过9次,0,"115,50717,50717;118,1,1",1001,0,0,,0,0,99999,0
507181,受击不超过9次,0,"115,50718,50718;118,1,1",1001,0,0,,0,0,99999,0
507191,受击不超过9次,0,"115,50719,50719;118,1,1",1001,0,0,,0,0,99999,0
507201,受击不超过9次,0,"115,50720,50720;118,1,1",1001,0,0,,0,0,99999,0
508011,受击不超过9次,0,"115,50801,50801;118,1,1",1001,0,0,,0,0,99999,0
508021,受击不超过9次,0,"115,50802,50802;118,1,1",1001,0,0,,0,0,99999,0
508031,受击不超过9次,0,"115,50803,50803;118,1,1",1001,0,0,,0,0,99999,0
508041,受击不超过9次,0,"115,50804,50804;118,1,1",1001,0,0,,0,0,99999,0
508051,受击不超过9次,0,"115,50805,50805;118,1,1",1001,0,0,,0,0,99999,0
508061,受击不超过9次,0,"115,50806,50806;118,1,1",1001,0,0,,0,0,99999,0
508071,受击不超过9次,0,"115,50807,50807;118,1,1",1001,0,0,,0,0,99999,0
508081,受击不超过9次,0,"115,50808,50808;118,1,1",1001,0,0,,0,0,99999,0
508091,受击不超过9次,0,"115,50809,50809;118,1,1",1001,0,0,,0,0,99999,0
508101,受击不超过9次,0,"115,50810,50810;118,1,1",1001,0,0,,0,0,99999,0
508111,受击不超过9次,0,"115,50811,50811;118,1,1",1001,0,0,,0,0,99999,0
508121,受击不超过9次,0,"115,50812,50812;118,1,1",1001,0,0,,0,0,99999,0
508131,受击不超过9次,0,"115,50813,50813;118,1,1",1001,0,0,,0,0,99999,0
508141,受击不超过9次,0,"115,50814,50814;118,1,1",1001,0,0,,0,0,99999,0
508151,受击不超过9次,0,"115,50815,50815;118,1,1",1001,0,0,,0,0,99999,0
508161,受击不超过9次,0,"115,50816,50816;118,1,1",1001,0,0,,0,0,99999,0
508171,受击不超过9次,0,"115,50817,50817;118,1,1",1001,0,0,,0,0,99999,0
508181,受击不超过9次,0,"115,50818,50818;118,1,1",1001,0,0,,0,0,99999,0
508191,受击不超过9次,0,"115,50819,50819;118,1,1",1001,0,0,,0,0,99999,0
508201,受击不超过9次,0,"115,50820,50820;118,1,1",1001,0,0,,0,0,99999,0
509011,受击不超过9次,0,"115,50901,50901;118,1,1",1001,0,0,,0,0,99999,0
509021,受击不超过9次,0,"115,50902,50902;118,1,1",1001,0,0,,0,0,99999,0
509031,受击不超过9次,0,"115,50903,50903;118,1,1",1001,0,0,,0,0,99999,0
509041,受击不超过9次,0,"115,50904,50904;118,1,1",1001,0,0,,0,0,99999,0
509051,受击不超过9次,0,"115,50905,50905;118,1,1",1001,0,0,,0,0,99999,0
509061,受击不超过9次,0,"115,50906,50906;118,1,1",1001,0,0,,0,0,99999,0
509071,受击不超过9次,0,"115,50907,50907;118,1,1",1001,0,0,,0,0,99999,0
509081,受击不超过9次,0,"115,50908,50908;118,1,1",1001,0,0,,0,0,99999,0
509091,受击不超过9次,0,"115,50909,50909;118,1,1",1001,0,0,,0,0,99999,0
509101,受击不超过9次,0,"115,50910,50910;118,1,1",1001,0,0,,0,0,99999,0
509111,受击不超过9次,0,"115,50911,50911;118,1,1",1001,0,0,,0,0,99999,0
509121,受击不超过9次,0,"115,50912,50912;118,1,1",1001,0,0,,0,0,99999,0
509131,受击不超过9次,0,"115,50913,50913;118,1,1",1001,0,0,,0,0,99999,0
509141,受击不超过9次,0,"115,50914,50914;118,1,1",1001,0,0,,0,0,99999,0
509151,受击不超过9次,0,"115,50915,50915;118,1,1",1001,0,0,,0,0,99999,0
509161,受击不超过9次,0,"115,50916,50916;118,1,1",1001,0,0,,0,0,99999,0
509171,受击不超过9次,0,"115,50917,50917;118,1,1",1001,0,0,,0,0,99999,0
509181,受击不超过9次,0,"115,50918,50918;118,1,1",1001,0,0,,0,0,99999,0
509191,受击不超过9次,0,"115,50919,50919;118,1,1",1001,0,0,,0,0,99999,0
509201,受击不超过9次,0,"115,50920,50920;118,1,1",1001,0,0,,0,0,99999,0
510011,受击不超过9次,0,"115,51001,51001;118,1,1",1001,0,0,,0,0,99999,0
510021,受击不超过9次,0,"115,51002,51002;118,1,1",1001,0,0,,0,0,99999,0
510031,受击不超过9次,0,"115,51003,51003;118,1,1",1001,0,0,,0,0,99999,0
510041,受击不超过9次,0,"115,51004,51004;118,1,1",1001,0,0,,0,0,99999,0
510051,受击不超过9次,0,"115,51005,51005;118,1,1",1001,0,0,,0,0,99999,0
510061,受击不超过9次,0,"115,51006,51006;118,1,1",1001,0,0,,0,0,99999,0
510071,受击不超过9次,0,"115,51007,51007;118,1,1",1001,0,0,,0,0,99999,0
510081,受击不超过9次,0,"115,51008,51008;118,1,1",1001,0,0,,0,0,99999,0
510091,受击不超过9次,0,"115,51009,51009;118,1,1",1001,0,0,,0,0,99999,0
510101,受击不超过9次,0,"115,51010,51010;118,1,1",1001,0,0,,0,0,99999,0
510111,受击不超过9次,0,"115,51011,51011;118,1,1",1001,0,0,,0,0,99999,0
510121,受击不超过9次,0,"115,51012,51012;118,1,1",1001,0,0,,0,0,99999,0
510131,受击不超过9次,0,"115,51013,51013;118,1,1",1001,0,0,,0,0,99999,0
510141,受击不超过9次,0,"115,51014,51014;118,1,1",1001,0,0,,0,0,99999,0
510151,受击不超过9次,0,"115,51015,51015;118,1,1",1001,0,0,,0,0,99999,0
510161,受击不超过9次,0,"115,51016,51016;118,1,1",1001,0,0,,0,0,99999,0
510171,受击不超过9次,0,"115,51017,51017;118,1,1",1001,0,0,,0,0,99999,0
510181,受击不超过9次,0,"115,51018,51018;118,1,1",1001,0,0,,0,0,99999,0
510191,受击不超过9次,0,"115,51019,51019;118,1,1",1001,0,0,,0,0,99999,0
510201,受击不超过9次,0,"115,51020,51020;118,1,1",1001,0,0,,0,0,99999,0
501012,4回合内通关,0,"115,50101,50101;118,1,1",1011,0,0,,0,0,99999,0
501022,4回合内通关,0,"115,50102,50102;118,1,1",1011,0,0,,0,0,99999,0
501032,4回合内通关,0,"115,50103,50103;118,1,1",1011,0,0,,0,0,99999,0
501042,4回合内通关,0,"115,50104,50104;118,1,1",1011,0,0,,0,0,99999,0
501052,4回合内通关,0,"115,50105,50105;118,1,1",1011,0,0,,0,0,99999,0
501062,4回合内通关,0,"115,50106,50106;118,1,1",1011,0,0,,0,0,99999,0
501072,4回合内通关,0,"115,50107,50107;118,1,1",1011,0,0,,0,0,99999,0
501082,4回合内通关,0,"115,50108,50108;118,1,1",1011,0,0,,0,0,99999,0
501092,4回合内通关,0,"115,50109,50109;118,1,1",1011,0,0,,0,0,99999,0
501102,4回合内通关,0,"115,50110,50110;118,1,1",1011,0,0,,0,0,99999,0
501112,4回合内通关,0,"115,50111,50111;118,1,1",1011,0,0,,0,0,99999,0
501122,4回合内通关,0,"115,50112,50112;118,1,1",1011,0,0,,0,0,99999,0
501132,4回合内通关,0,"115,50113,50113;118,1,1",1011,0,0,,0,0,99999,0
501142,4回合内通关,0,"115,50114,50114;118,1,1",1011,0,0,,0,0,99999,0
501152,4回合内通关,0,"115,50115,50115;118,1,1",1011,0,0,,0,0,99999,0
501162,4回合内通关,0,"115,50116,50116;118,1,1",1011,0,0,,0,0,99999,0
501172,4回合内通关,0,"115,50117,50117;118,1,1",1011,0,0,,0,0,99999,0
501182,4回合内通关,0,"115,50118,50118;118,1,1",1011,0,0,,0,0,99999,0
501192,4回合内通关,0,"115,50119,50119;118,1,1",1011,0,0,,0,0,99999,0
501202,4回合内通关,0,"115,50120,50120;118,1,1",1011,0,0,,0,0,99999,0
502012,4回合内通关,0,"115,50201,50201;118,1,1",1011,0,0,,0,0,99999,0
502022,4回合内通关,0,"115,50202,50202;118,1,1",1011,0,0,,0,0,99999,0
502032,4回合内通关,0,"115,50203,50203;118,1,1",1011,0,0,,0,0,99999,0
502042,4回合内通关,0,"115,50204,50204;118,1,1",1011,0,0,,0,0,99999,0
502052,4回合内通关,0,"115,50205,50205;118,1,1",1011,0,0,,0,0,99999,0
502062,4回合内通关,0,"115,50206,50206;118,1,1",1011,0,0,,0,0,99999,0
502072,4回合内通关,0,"115,50207,50207;118,1,1",1011,0,0,,0,0,99999,0
502082,4回合内通关,0,"115,50208,50208;118,1,1",1011,0,0,,0,0,99999,0
502092,4回合内通关,0,"115,50209,50209;118,1,1",1011,0,0,,0,0,99999,0
502102,4回合内通关,0,"115,50210,50210;118,1,1",1011,0,0,,0,0,99999,0
502112,4回合内通关,0,"115,50211,50211;118,1,1",1011,0,0,,0,0,99999,0
502122,4回合内通关,0,"115,50212,50212;118,1,1",1011,0,0,,0,0,99999,0
502132,4回合内通关,0,"115,50213,50213;118,1,1",1011,0,0,,0,0,99999,0
502142,4回合内通关,0,"115,50214,50214;118,1,1",1011,0,0,,0,0,99999,0
502152,4回合内通关,0,"115,50215,50215;118,1,1",1011,0,0,,0,0,99999,0
502162,4回合内通关,0,"115,50216,50216;118,1,1",1011,0,0,,0,0,99999,0
502172,4回合内通关,0,"115,50217,50217;118,1,1",1011,0,0,,0,0,99999,0
502182,4回合内通关,0,"115,50218,50218;118,1,1",1011,0,0,,0,0,99999,0
502192,4回合内通关,0,"115,50219,50219;118,1,1",1011,0,0,,0,0,99999,0
502202,4回合内通关,0,"115,50220,50220;118,1,1",1011,0,0,,0,0,99999,0
503012,4回合内通关,0,"115,50301,50301;118,1,1",1011,0,0,,0,0,99999,0
503022,4回合内通关,0,"115,50302,50302;118,1,1",1011,0,0,,0,0,99999,0
503032,4回合内通关,0,"115,50303,50303;118,1,1",1011,0,0,,0,0,99999,0
503042,4回合内通关,0,"115,50304,50304;118,1,1",1011,0,0,,0,0,99999,0
503052,4回合内通关,0,"115,50305,50305;118,1,1",1011,0,0,,0,0,99999,0
503062,4回合内通关,0,"115,50306,50306;118,1,1",1011,0,0,,0,0,99999,0
503072,4回合内通关,0,"115,50307,50307;118,1,1",1011,0,0,,0,0,99999,0
503082,4回合内通关,0,"115,50308,50308;118,1,1",1011,0,0,,0,0,99999,0
503092,4回合内通关,0,"115,50309,50309;118,1,1",1011,0,0,,0,0,99999,0
503102,4回合内通关,0,"115,50310,50310;118,1,1",1011,0,0,,0,0,99999,0
503112,4回合内通关,0,"115,50311,50311;118,1,1",1011,0,0,,0,0,99999,0
503122,4回合内通关,0,"115,50312,50312;118,1,1",1011,0,0,,0,0,99999,0
503132,4回合内通关,0,"115,50313,50313;118,1,1",1011,0,0,,0,0,99999,0
503142,4回合内通关,0,"115,50314,50314;118,1,1",1011,0,0,,0,0,99999,0
503152,4回合内通关,0,"115,50315,50315;118,1,1",1011,0,0,,0,0,99999,0
503162,4回合内通关,0,"115,50316,50316;118,1,1",1011,0,0,,0,0,99999,0
503172,4回合内通关,0,"115,50317,50317;118,1,1",1011,0,0,,0,0,99999,0
503182,4回合内通关,0,"115,50318,50318;118,1,1",1011,0,0,,0,0,99999,0
503192,4回合内通关,0,"115,50319,50319;118,1,1",1011,0,0,,0,0,99999,0
503202,4回合内通关,0,"115,50320,50320;118,1,1",1011,0,0,,0,0,99999,0
504012,4回合内通关,0,"115,50401,50401;118,1,1",1011,0,0,,0,0,99999,0
504022,4回合内通关,0,"115,50402,50402;118,1,1",1011,0,0,,0,0,99999,0
504032,4回合内通关,0,"115,50403,50403;118,1,1",1011,0,0,,0,0,99999,0
504042,4回合内通关,0,"115,50404,50404;118,1,1",1011,0,0,,0,0,99999,0
504052,4回合内通关,0,"115,50405,50405;118,1,1",1011,0,0,,0,0,99999,0
504062,4回合内通关,0,"115,50406,50406;118,1,1",1011,0,0,,0,0,99999,0
504072,4回合内通关,0,"115,50407,50407;118,1,1",1011,0,0,,0,0,99999,0
504082,4回合内通关,0,"115,50408,50408;118,1,1",1011,0,0,,0,0,99999,0
504092,4回合内通关,0,"115,50409,50409;118,1,1",1011,0,0,,0,0,99999,0
504102,4回合内通关,0,"115,50410,50410;118,1,1",1011,0,0,,0,0,99999,0
504112,4回合内通关,0,"115,50411,50411;118,1,1",1011,0,0,,0,0,99999,0
504122,4回合内通关,0,"115,50412,50412;118,1,1",1011,0,0,,0,0,99999,0
504132,4回合内通关,0,"115,50413,50413;118,1,1",1011,0,0,,0,0,99999,0
504142,4回合内通关,0,"115,50414,50414;118,1,1",1011,0,0,,0,0,99999,0
504152,4回合内通关,0,"115,50415,50415;118,1,1",1011,0,0,,0,0,99999,0
504162,4回合内通关,0,"115,50416,50416;118,1,1",1011,0,0,,0,0,99999,0
504172,4回合内通关,0,"115,50417,50417;118,1,1",1011,0,0,,0,0,99999,0
504182,4回合内通关,0,"115,50418,50418;118,1,1",1011,0,0,,0,0,99999,0
504192,4回合内通关,0,"115,50419,50419;118,1,1",1011,0,0,,0,0,99999,0
504202,4回合内通关,0,"115,50420,50420;118,1,1",1011,0,0,,0,0,99999,0
505012,4回合内通关,0,"115,50501,50501;118,1,1",1011,0,0,,0,0,99999,0
505022,4回合内通关,0,"115,50502,50502;118,1,1",1011,0,0,,0,0,99999,0
505032,4回合内通关,0,"115,50503,50503;118,1,1",1011,0,0,,0,0,99999,0
505042,4回合内通关,0,"115,50504,50504;118,1,1",1011,0,0,,0,0,99999,0
505052,4回合内通关,0,"115,50505,50505;118,1,1",1011,0,0,,0,0,99999,0
505062,4回合内通关,0,"115,50506,50506;118,1,1",1011,0,0,,0,0,99999,0
505072,4回合内通关,0,"115,50507,50507;118,1,1",1011,0,0,,0,0,99999,0
505082,4回合内通关,0,"115,50508,50508;118,1,1",1011,0,0,,0,0,99999,0
505092,4回合内通关,0,"115,50509,50509;118,1,1",1011,0,0,,0,0,99999,0
505102,4回合内通关,0,"115,50510,50510;118,1,1",1011,0,0,,0,0,99999,0
505112,4回合内通关,0,"115,50511,50511;118,1,1",1011,0,0,,0,0,99999,0
505122,4回合内通关,0,"115,50512,50512;118,1,1",1011,0,0,,0,0,99999,0
505132,4回合内通关,0,"115,50513,50513;118,1,1",1011,0,0,,0,0,99999,0
505142,4回合内通关,0,"115,50514,50514;118,1,1",1011,0,0,,0,0,99999,0
505152,4回合内通关,0,"115,50515,50515;118,1,1",1011,0,0,,0,0,99999,0
505162,4回合内通关,0,"115,50516,50516;118,1,1",1011,0,0,,0,0,99999,0
505172,4回合内通关,0,"115,50517,50517;118,1,1",1011,0,0,,0,0,99999,0
505182,4回合内通关,0,"115,50518,50518;118,1,1",1011,0,0,,0,0,99999,0
505192,4回合内通关,0,"115,50519,50519;118,1,1",1011,0,0,,0,0,99999,0
505202,4回合内通关,0,"115,50520,50520;118,1,1",1011,0,0,,0,0,99999,0
506012,4回合内通关,0,"115,50601,50601;118,1,1",1011,0,0,,0,0,99999,0
506022,4回合内通关,0,"115,50602,50602;118,1,1",1011,0,0,,0,0,99999,0
506032,4回合内通关,0,"115,50603,50603;118,1,1",1011,0,0,,0,0,99999,0
506042,4回合内通关,0,"115,50604,50604;118,1,1",1011,0,0,,0,0,99999,0
506052,4回合内通关,0,"115,50605,50605;118,1,1",1011,0,0,,0,0,99999,0
506062,4回合内通关,0,"115,50606,50606;118,1,1",1011,0,0,,0,0,99999,0
506072,4回合内通关,0,"115,50607,50607;118,1,1",1011,0,0,,0,0,99999,0
506082,4回合内通关,0,"115,50608,50608;118,1,1",1011,0,0,,0,0,99999,0
506092,4回合内通关,0,"115,50609,50609;118,1,1",1011,0,0,,0,0,99999,0
506102,4回合内通关,0,"115,50610,50610;118,1,1",1011,0,0,,0,0,99999,0
506112,4回合内通关,0,"115,50611,50611;118,1,1",1011,0,0,,0,0,99999,0
506122,4回合内通关,0,"115,50612,50612;118,1,1",1011,0,0,,0,0,99999,0
506132,4回合内通关,0,"115,50613,50613;118,1,1",1011,0,0,,0,0,99999,0
506142,4回合内通关,0,"115,50614,50614;118,1,1",1011,0,0,,0,0,99999,0
506152,4回合内通关,0,"115,50615,50615;118,1,1",1011,0,0,,0,0,99999,0
506162,4回合内通关,0,"115,50616,50616;118,1,1",1011,0,0,,0,0,99999,0
506172,4回合内通关,0,"115,50617,50617;118,1,1",1011,0,0,,0,0,99999,0
506182,4回合内通关,0,"115,50618,50618;118,1,1",1011,0,0,,0,0,99999,0
506192,4回合内通关,0,"115,50619,50619;118,1,1",1011,0,0,,0,0,99999,0
506202,4回合内通关,0,"115,50620,50620;118,1,1",1011,0,0,,0,0,99999,0
507012,4回合内通关,0,"115,50701,50701;118,1,1",1011,0,0,,0,0,99999,0
507022,4回合内通关,0,"115,50702,50702;118,1,1",1011,0,0,,0,0,99999,0
507032,4回合内通关,0,"115,50703,50703;118,1,1",1011,0,0,,0,0,99999,0
507042,4回合内通关,0,"115,50704,50704;118,1,1",1011,0,0,,0,0,99999,0
507052,4回合内通关,0,"115,50705,50705;118,1,1",1011,0,0,,0,0,99999,0
507062,4回合内通关,0,"115,50706,50706;118,1,1",1011,0,0,,0,0,99999,0
507072,4回合内通关,0,"115,50707,50707;118,1,1",1011,0,0,,0,0,99999,0
507082,4回合内通关,0,"115,50708,50708;118,1,1",1011,0,0,,0,0,99999,0
507092,4回合内通关,0,"115,50709,50709;118,1,1",1011,0,0,,0,0,99999,0
507102,4回合内通关,0,"115,50710,50710;118,1,1",1011,0,0,,0,0,99999,0
507112,4回合内通关,0,"115,50711,50711;118,1,1",1011,0,0,,0,0,99999,0
507122,4回合内通关,0,"115,50712,50712;118,1,1",1011,0,0,,0,0,99999,0
507132,4回合内通关,0,"115,50713,50713;118,1,1",1011,0,0,,0,0,99999,0
507142,4回合内通关,0,"115,50714,50714;118,1,1",1011,0,0,,0,0,99999,0
507152,4回合内通关,0,"115,50715,50715;118,1,1",1011,0,0,,0,0,99999,0
507162,4回合内通关,0,"115,50716,50716;118,1,1",1011,0,0,,0,0,99999,0
507172,4回合内通关,0,"115,50717,50717;118,1,1",1011,0,0,,0,0,99999,0
507182,4回合内通关,0,"115,50718,50718;118,1,1",1011,0,0,,0,0,99999,0
507192,4回合内通关,0,"115,50719,50719;118,1,1",1011,0,0,,0,0,99999,0
507202,4回合内通关,0,"115,50720,50720;118,1,1",1011,0,0,,0,0,99999,0
508012,4回合内通关,0,"115,50801,50801;118,1,1",1011,0,0,,0,0,99999,0
508022,4回合内通关,0,"115,50802,50802;118,1,1",1011,0,0,,0,0,99999,0
508032,4回合内通关,0,"115,50803,50803;118,1,1",1011,0,0,,0,0,99999,0
508042,4回合内通关,0,"115,50804,50804;118,1,1",1011,0,0,,0,0,99999,0
508052,4回合内通关,0,"115,50805,50805;118,1,1",1011,0,0,,0,0,99999,0
508062,4回合内通关,0,"115,50806,50806;118,1,1",1011,0,0,,0,0,99999,0
508072,4回合内通关,0,"115,50807,50807;118,1,1",1011,0,0,,0,0,99999,0
508082,4回合内通关,0,"115,50808,50808;118,1,1",1011,0,0,,0,0,99999,0
508092,4回合内通关,0,"115,50809,50809;118,1,1",1011,0,0,,0,0,99999,0
508102,4回合内通关,0,"115,50810,50810;118,1,1",1011,0,0,,0,0,99999,0
508112,4回合内通关,0,"115,50811,50811;118,1,1",1011,0,0,,0,0,99999,0
508122,4回合内通关,0,"115,50812,50812;118,1,1",1011,0,0,,0,0,99999,0
508132,4回合内通关,0,"115,50813,50813;118,1,1",1011,0,0,,0,0,99999,0
508142,4回合内通关,0,"115,50814,50814;118,1,1",1011,0,0,,0,0,99999,0
508152,4回合内通关,0,"115,50815,50815;118,1,1",1011,0,0,,0,0,99999,0
508162,4回合内通关,0,"115,50816,50816;118,1,1",1011,0,0,,0,0,99999,0
508172,4回合内通关,0,"115,50817,50817;118,1,1",1011,0,0,,0,0,99999,0
508182,4回合内通关,0,"115,50818,50818;118,1,1",1011,0,0,,0,0,99999,0
508192,4回合内通关,0,"115,50819,50819;118,1,1",1011,0,0,,0,0,99999,0
508202,4回合内通关,0,"115,50820,50820;118,1,1",1011,0,0,,0,0,99999,0
509012,4回合内通关,0,"115,50901,50901;118,1,1",1011,0,0,,0,0,99999,0
509022,4回合内通关,0,"115,50902,50902;118,1,1",1011,0,0,,0,0,99999,0
509032,4回合内通关,0,"115,50903,50903;118,1,1",1011,0,0,,0,0,99999,0
509042,4回合内通关,0,"115,50904,50904;118,1,1",1011,0,0,,0,0,99999,0
509052,4回合内通关,0,"115,50905,50905;118,1,1",1011,0,0,,0,0,99999,0
509062,4回合内通关,0,"115,50906,50906;118,1,1",1011,0,0,,0,0,99999,0
509072,4回合内通关,0,"115,50907,50907;118,1,1",1011,0,0,,0,0,99999,0
509082,4回合内通关,0,"115,50908,50908;118,1,1",1011,0,0,,0,0,99999,0
509092,4回合内通关,0,"115,50909,50909;118,1,1",1011,0,0,,0,0,99999,0
509102,4回合内通关,0,"115,50910,50910;118,1,1",1011,0,0,,0,0,99999,0
509112,4回合内通关,0,"115,50911,50911;118,1,1",1011,0,0,,0,0,99999,0
509122,4回合内通关,0,"115,50912,50912;118,1,1",1011,0,0,,0,0,99999,0
509132,4回合内通关,0,"115,50913,50913;118,1,1",1011,0,0,,0,0,99999,0
509142,4回合内通关,0,"115,50914,50914;118,1,1",1011,0,0,,0,0,99999,0
509152,4回合内通关,0,"115,50915,50915;118,1,1",1011,0,0,,0,0,99999,0
509162,4回合内通关,0,"115,50916,50916;118,1,1",1011,0,0,,0,0,99999,0
509172,4回合内通关,0,"115,50917,50917;118,1,1",1011,0,0,,0,0,99999,0
509182,4回合内通关,0,"115,50918,50918;118,1,1",1011,0,0,,0,0,99999,0
509192,4回合内通关,0,"115,50919,50919;118,1,1",1011,0,0,,0,0,99999,0
509202,4回合内通关,0,"115,50920,50920;118,1,1",1011,0,0,,0,0,99999,0
510012,4回合内通关,0,"115,51001,51001;118,1,1",1011,0,0,,0,0,99999,0
510022,4回合内通关,0,"115,51002,51002;118,1,1",1011,0,0,,0,0,99999,0
510032,4回合内通关,0,"115,51003,51003;118,1,1",1011,0,0,,0,0,99999,0
510042,4回合内通关,0,"115,51004,51004;118,1,1",1011,0,0,,0,0,99999,0
510052,4回合内通关,0,"115,51005,51005;118,1,1",1011,0,0,,0,0,99999,0
510062,4回合内通关,0,"115,51006,51006;118,1,1",1011,0,0,,0,0,99999,0
510072,4回合内通关,0,"115,51007,51007;118,1,1",1011,0,0,,0,0,99999,0
510082,4回合内通关,0,"115,51008,51008;118,1,1",1011,0,0,,0,0,99999,0
510092,4回合内通关,0,"115,51009,51009;118,1,1",1011,0,0,,0,0,99999,0
510102,4回合内通关,0,"115,51010,51010;118,1,1",1011,0,0,,0,0,99999,0
510112,4回合内通关,0,"115,51011,51011;118,1,1",1011,0,0,,0,0,99999,0
510122,4回合内通关,0,"115,51012,51012;118,1,1",1011,0,0,,0,0,99999,0
510132,4回合内通关,0,"115,51013,51013;118,1,1",1011,0,0,,0,0,99999,0
510142,4回合内通关,0,"115,51014,51014;118,1,1",1011,0,0,,0,0,99999,0
510152,4回合内通关,0,"115,51015,51015;118,1,1",1011,0,0,,0,0,99999,0
510162,4回合内通关,0,"115,51016,51016;118,1,1",1011,0,0,,0,0,99999,0
510172,4回合内通关,0,"115,51017,51017;118,1,1",1011,0,0,,0,0,99999,0
510182,4回合内通关,0,"115,51018,51018;118,1,1",1011,0,0,,0,0,99999,0
510192,4回合内通关,0,"115,51019,51019;118,1,1",1011,0,0,,0,0,99999,0
510202,4回合内通关,0,"115,51020,51020;118,1,1",1011,0,0,,0,0,99999,0
501013,无人死亡,0,"115,50101,50101;118,1,1",1019,0,0,,0,0,99999,0
501023,无人死亡,0,"115,50102,50102;118,1,1",1019,0,0,,0,0,99999,0
501033,无人死亡,0,"115,50103,50103;118,1,1",1019,0,0,,0,0,99999,0
501043,无人死亡,0,"115,50104,50104;118,1,1",1019,0,0,,0,0,99999,0
501053,无人死亡,0,"115,50105,50105;118,1,1",1019,0,0,,0,0,99999,0
501063,无人死亡,0,"115,50106,50106;118,1,1",1019,0,0,,0,0,99999,0
501073,无人死亡,0,"115,50107,50107;118,1,1",1019,0,0,,0,0,99999,0
501083,无人死亡,0,"115,50108,50108;118,1,1",1019,0,0,,0,0,99999,0
501093,无人死亡,0,"115,50109,50109;118,1,1",1019,0,0,,0,0,99999,0
501103,无人死亡,0,"115,50110,50110;118,1,1",1019,0,0,,0,0,99999,0
501113,无人死亡,0,"115,50111,50111;118,1,1",1019,0,0,,0,0,99999,0
501123,无人死亡,0,"115,50112,50112;118,1,1",1019,0,0,,0,0,99999,0
501133,无人死亡,0,"115,50113,50113;118,1,1",1019,0,0,,0,0,99999,0
501143,无人死亡,0,"115,50114,50114;118,1,1",1019,0,0,,0,0,99999,0
501153,无人死亡,0,"115,50115,50115;118,1,1",1019,0,0,,0,0,99999,0
501163,无人死亡,0,"115,50116,50116;118,1,1",1019,0,0,,0,0,99999,0
501173,无人死亡,0,"115,50117,50117;118,1,1",1019,0,0,,0,0,99999,0
501183,无人死亡,0,"115,50118,50118;118,1,1",1019,0,0,,0,0,99999,0
501193,无人死亡,0,"115,50119,50119;118,1,1",1019,0,0,,0,0,99999,0
501203,无人死亡,0,"115,50120,50120;118,1,1",1019,0,0,,0,0,99999,0
502013,无人死亡,0,"115,50201,50201;118,1,1",1019,0,0,,0,0,99999,0
502023,无人死亡,0,"115,50202,50202;118,1,1",1019,0,0,,0,0,99999,0
502033,无人死亡,0,"115,50203,50203;118,1,1",1019,0,0,,0,0,99999,0
502043,无人死亡,0,"115,50204,50204;118,1,1",1019,0,0,,0,0,99999,0
502053,无人死亡,0,"115,50205,50205;118,1,1",1019,0,0,,0,0,99999,0
502063,无人死亡,0,"115,50206,50206;118,1,1",1019,0,0,,0,0,99999,0
502073,无人死亡,0,"115,50207,50207;118,1,1",1019,0,0,,0,0,99999,0
502083,无人死亡,0,"115,50208,50208;118,1,1",1019,0,0,,0,0,99999,0
502093,无人死亡,0,"115,50209,50209;118,1,1",1019,0,0,,0,0,99999,0
502103,无人死亡,0,"115,50210,50210;118,1,1",1019,0,0,,0,0,99999,0
502113,无人死亡,0,"115,50211,50211;118,1,1",1019,0,0,,0,0,99999,0
502123,无人死亡,0,"115,50212,50212;118,1,1",1019,0,0,,0,0,99999,0
502133,无人死亡,0,"115,50213,50213;118,1,1",1019,0,0,,0,0,99999,0
502143,无人死亡,0,"115,50214,50214;118,1,1",1019,0,0,,0,0,99999,0
502153,无人死亡,0,"115,50215,50215;118,1,1",1019,0,0,,0,0,99999,0
502163,无人死亡,0,"115,50216,50216;118,1,1",1019,0,0,,0,0,99999,0
502173,无人死亡,0,"115,50217,50217;118,1,1",1019,0,0,,0,0,99999,0
502183,无人死亡,0,"115,50218,50218;118,1,1",1019,0,0,,0,0,99999,0
502193,无人死亡,0,"115,50219,50219;118,1,1",1019,0,0,,0,0,99999,0
502203,无人死亡,0,"115,50220,50220;118,1,1",1019,0,0,,0,0,99999,0
503013,无人死亡,0,"115,50301,50301;118,1,1",1019,0,0,,0,0,99999,0
503023,无人死亡,0,"115,50302,50302;118,1,1",1019,0,0,,0,0,99999,0
503033,无人死亡,0,"115,50303,50303;118,1,1",1019,0,0,,0,0,99999,0
503043,无人死亡,0,"115,50304,50304;118,1,1",1019,0,0,,0,0,99999,0
503053,无人死亡,0,"115,50305,50305;118,1,1",1019,0,0,,0,0,99999,0
503063,无人死亡,0,"115,50306,50306;118,1,1",1019,0,0,,0,0,99999,0
503073,无人死亡,0,"115,50307,50307;118,1,1",1019,0,0,,0,0,99999,0
503083,无人死亡,0,"115,50308,50308;118,1,1",1019,0,0,,0,0,99999,0
503093,无人死亡,0,"115,50309,50309;118,1,1",1019,0,0,,0,0,99999,0
503103,无人死亡,0,"115,50310,50310;118,1,1",1019,0,0,,0,0,99999,0
503113,无人死亡,0,"115,50311,50311;118,1,1",1019,0,0,,0,0,99999,0
503123,无人死亡,0,"115,50312,50312;118,1,1",1019,0,0,,0,0,99999,0
503133,无人死亡,0,"115,50313,50313;118,1,1",1019,0,0,,0,0,99999,0
503143,无人死亡,0,"115,50314,50314;118,1,1",1019,0,0,,0,0,99999,0
503153,无人死亡,0,"115,50315,50315;118,1,1",1019,0,0,,0,0,99999,0
503163,无人死亡,0,"115,50316,50316;118,1,1",1019,0,0,,0,0,99999,0
503173,无人死亡,0,"115,50317,50317;118,1,1",1019,0,0,,0,0,99999,0
503183,无人死亡,0,"115,50318,50318;118,1,1",1019,0,0,,0,0,99999,0
503193,无人死亡,0,"115,50319,50319;118,1,1",1019,0,0,,0,0,99999,0
503203,无人死亡,0,"115,50320,50320;118,1,1",1019,0,0,,0,0,99999,0
504013,无人死亡,0,"115,50401,50401;118,1,1",1019,0,0,,0,0,99999,0
504023,无人死亡,0,"115,50402,50402;118,1,1",1019,0,0,,0,0,99999,0
504033,无人死亡,0,"115,50403,50403;118,1,1",1019,0,0,,0,0,99999,0
504043,无人死亡,0,"115,50404,50404;118,1,1",1019,0,0,,0,0,99999,0
504053,无人死亡,0,"115,50405,50405;118,1,1",1019,0,0,,0,0,99999,0
504063,无人死亡,0,"115,50406,50406;118,1,1",1019,0,0,,0,0,99999,0
504073,无人死亡,0,"115,50407,50407;118,1,1",1019,0,0,,0,0,99999,0
504083,无人死亡,0,"115,50408,50408;118,1,1",1019,0,0,,0,0,99999,0
504093,无人死亡,0,"115,50409,50409;118,1,1",1019,0,0,,0,0,99999,0
504103,无人死亡,0,"115,50410,50410;118,1,1",1019,0,0,,0,0,99999,0
504113,无人死亡,0,"115,50411,50411;118,1,1",1019,0,0,,0,0,99999,0
504123,无人死亡,0,"115,50412,50412;118,1,1",1019,0,0,,0,0,99999,0
504133,无人死亡,0,"115,50413,50413;118,1,1",1019,0,0,,0,0,99999,0
504143,无人死亡,0,"115,50414,50414;118,1,1",1019,0,0,,0,0,99999,0
504153,无人死亡,0,"115,50415,50415;118,1,1",1019,0,0,,0,0,99999,0
504163,无人死亡,0,"115,50416,50416;118,1,1",1019,0,0,,0,0,99999,0
504173,无人死亡,0,"115,50417,50417;118,1,1",1019,0,0,,0,0,99999,0
504183,无人死亡,0,"115,50418,50418;118,1,1",1019,0,0,,0,0,99999,0
504193,无人死亡,0,"115,50419,50419;118,1,1",1019,0,0,,0,0,99999,0
504203,无人死亡,0,"115,50420,50420;118,1,1",1019,0,0,,0,0,99999,0
505013,无人死亡,0,"115,50501,50501;118,1,1",1019,0,0,,0,0,99999,0
505023,无人死亡,0,"115,50502,50502;118,1,1",1019,0,0,,0,0,99999,0
505033,无人死亡,0,"115,50503,50503;118,1,1",1019,0,0,,0,0,99999,0
505043,无人死亡,0,"115,50504,50504;118,1,1",1019,0,0,,0,0,99999,0
505053,无人死亡,0,"115,50505,50505;118,1,1",1019,0,0,,0,0,99999,0
505063,无人死亡,0,"115,50506,50506;118,1,1",1019,0,0,,0,0,99999,0
505073,无人死亡,0,"115,50507,50507;118,1,1",1019,0,0,,0,0,99999,0
505083,无人死亡,0,"115,50508,50508;118,1,1",1019,0,0,,0,0,99999,0
505093,无人死亡,0,"115,50509,50509;118,1,1",1019,0,0,,0,0,99999,0
505103,无人死亡,0,"115,50510,50510;118,1,1",1019,0,0,,0,0,99999,0
505113,无人死亡,0,"115,50511,50511;118,1,1",1019,0,0,,0,0,99999,0
505123,无人死亡,0,"115,50512,50512;118,1,1",1019,0,0,,0,0,99999,0
505133,无人死亡,0,"115,50513,50513;118,1,1",1019,0,0,,0,0,99999,0
505143,无人死亡,0,"115,50514,50514;118,1,1",1019,0,0,,0,0,99999,0
505153,无人死亡,0,"115,50515,50515;118,1,1",1019,0,0,,0,0,99999,0
505163,无人死亡,0,"115,50516,50516;118,1,1",1019,0,0,,0,0,99999,0
505173,无人死亡,0,"115,50517,50517;118,1,1",1019,0,0,,0,0,99999,0
505183,无人死亡,0,"115,50518,50518;118,1,1",1019,0,0,,0,0,99999,0
505193,无人死亡,0,"115,50519,50519;118,1,1",1019,0,0,,0,0,99999,0
505203,无人死亡,0,"115,50520,50520;118,1,1",1019,0,0,,0,0,99999,0
506013,无人死亡,0,"115,50601,50601;118,1,1",1019,0,0,,0,0,99999,0
506023,无人死亡,0,"115,50602,50602;118,1,1",1019,0,0,,0,0,99999,0
506033,无人死亡,0,"115,50603,50603;118,1,1",1019,0,0,,0,0,99999,0
506043,无人死亡,0,"115,50604,50604;118,1,1",1019,0,0,,0,0,99999,0
506053,无人死亡,0,"115,50605,50605;118,1,1",1019,0,0,,0,0,99999,0
506063,无人死亡,0,"115,50606,50606;118,1,1",1019,0,0,,0,0,99999,0
506073,无人死亡,0,"115,50607,50607;118,1,1",1019,0,0,,0,0,99999,0
506083,无人死亡,0,"115,50608,50608;118,1,1",1019,0,0,,0,0,99999,0
506093,无人死亡,0,"115,50609,50609;118,1,1",1019,0,0,,0,0,99999,0
506103,无人死亡,0,"115,50610,50610;118,1,1",1019,0,0,,0,0,99999,0
506113,无人死亡,0,"115,50611,50611;118,1,1",1019,0,0,,0,0,99999,0
506123,无人死亡,0,"115,50612,50612;118,1,1",1019,0,0,,0,0,99999,0
506133,无人死亡,0,"115,50613,50613;118,1,1",1019,0,0,,0,0,99999,0
506143,无人死亡,0,"115,50614,50614;118,1,1",1019,0,0,,0,0,99999,0
506153,无人死亡,0,"115,50615,50615;118,1,1",1019,0,0,,0,0,99999,0
506163,无人死亡,0,"115,50616,50616;118,1,1",1019,0,0,,0,0,99999,0
506173,无人死亡,0,"115,50617,50617;118,1,1",1019,0,0,,0,0,99999,0
506183,无人死亡,0,"115,50618,50618;118,1,1",1019,0,0,,0,0,99999,0
506193,无人死亡,0,"115,50619,50619;118,1,1",1019,0,0,,0,0,99999,0
506203,无人死亡,0,"115,50620,50620;118,1,1",1019,0,0,,0,0,99999,0
507013,无人死亡,0,"115,50701,50701;118,1,1",1019,0,0,,0,0,99999,0
507023,无人死亡,0,"115,50702,50702;118,1,1",1019,0,0,,0,0,99999,0
507033,无人死亡,0,"115,50703,50703;118,1,1",1019,0,0,,0,0,99999,0
507043,无人死亡,0,"115,50704,50704;118,1,1",1019,0,0,,0,0,99999,0
507053,无人死亡,0,"115,50705,50705;118,1,1",1019,0,0,,0,0,99999,0
507063,无人死亡,0,"115,50706,50706;118,1,1",1019,0,0,,0,0,99999,0
507073,无人死亡,0,"115,50707,50707;118,1,1",1019,0,0,,0,0,99999,0
507083,无人死亡,0,"115,50708,50708;118,1,1",1019,0,0,,0,0,99999,0
507093,无人死亡,0,"115,50709,50709;118,1,1",1019,0,0,,0,0,99999,0
507103,无人死亡,0,"115,50710,50710;118,1,1",1019,0,0,,0,0,99999,0
507113,无人死亡,0,"115,50711,50711;118,1,1",1019,0,0,,0,0,99999,0
507123,无人死亡,0,"115,50712,50712;118,1,1",1019,0,0,,0,0,99999,0
507133,无人死亡,0,"115,50713,50713;118,1,1",1019,0,0,,0,0,99999,0
507143,无人死亡,0,"115,50714,50714;118,1,1",1019,0,0,,0,0,99999,0
507153,无人死亡,0,"115,50715,50715;118,1,1",1019,0,0,,0,0,99999,0
507163,无人死亡,0,"115,50716,50716;118,1,1",1019,0,0,,0,0,99999,0
507173,无人死亡,0,"115,50717,50717;118,1,1",1019,0,0,,0,0,99999,0
507183,无人死亡,0,"115,50718,50718;118,1,1",1019,0,0,,0,0,99999,0
507193,无人死亡,0,"115,50719,50719;118,1,1",1019,0,0,,0,0,99999,0
507203,无人死亡,0,"115,50720,50720;118,1,1",1019,0,0,,0,0,99999,0
508013,无人死亡,0,"115,50801,50801;118,1,1",1019,0,0,,0,0,99999,0
508023,无人死亡,0,"115,50802,50802;118,1,1",1019,0,0,,0,0,99999,0
508033,无人死亡,0,"115,50803,50803;118,1,1",1019,0,0,,0,0,99999,0
508043,无人死亡,0,"115,50804,50804;118,1,1",1019,0,0,,0,0,99999,0
508053,无人死亡,0,"115,50805,50805;118,1,1",1019,0,0,,0,0,99999,0
508063,无人死亡,0,"115,50806,50806;118,1,1",1019,0,0,,0,0,99999,0
508073,无人死亡,0,"115,50807,50807;118,1,1",1019,0,0,,0,0,99999,0
508083,无人死亡,0,"115,50808,50808;118,1,1",1019,0,0,,0,0,99999,0
508093,无人死亡,0,"115,50809,50809;118,1,1",1019,0,0,,0,0,99999,0
508103,无人死亡,0,"115,50810,50810;118,1,1",1019,0,0,,0,0,99999,0
508113,无人死亡,0,"115,50811,50811;118,1,1",1019,0,0,,0,0,99999,0
508123,无人死亡,0,"115,50812,50812;118,1,1",1019,0,0,,0,0,99999,0
508133,无人死亡,0,"115,50813,50813;118,1,1",1019,0,0,,0,0,99999,0
508143,无人死亡,0,"115,50814,50814;118,1,1",1019,0,0,,0,0,99999,0
508153,无人死亡,0,"115,50815,50815;118,1,1",1019,0,0,,0,0,99999,0
508163,无人死亡,0,"115,50816,50816;118,1,1",1019,0,0,,0,0,99999,0
508173,无人死亡,0,"115,50817,50817;118,1,1",1019,0,0,,0,0,99999,0
508183,无人死亡,0,"115,50818,50818;118,1,1",1019,0,0,,0,0,99999,0
508193,无人死亡,0,"115,50819,50819;118,1,1",1019,0,0,,0,0,99999,0
508203,无人死亡,0,"115,50820,50820;118,1,1",1019,0,0,,0,0,99999,0
509013,无人死亡,0,"115,50901,50901;118,1,1",1019,0,0,,0,0,99999,0
509023,无人死亡,0,"115,50902,50902;118,1,1",1019,0,0,,0,0,99999,0
509033,无人死亡,0,"115,50903,50903;118,1,1",1019,0,0,,0,0,99999,0
509043,无人死亡,0,"115,50904,50904;118,1,1",1019,0,0,,0,0,99999,0
509053,无人死亡,0,"115,50905,50905;118,1,1",1019,0,0,,0,0,99999,0
509063,无人死亡,0,"115,50906,50906;118,1,1",1019,0,0,,0,0,99999,0
509073,无人死亡,0,"115,50907,50907;118,1,1",1019,0,0,,0,0,99999,0
509083,无人死亡,0,"115,50908,50908;118,1,1",1019,0,0,,0,0,99999,0
509093,无人死亡,0,"115,50909,50909;118,1,1",1019,0,0,,0,0,99999,0
509103,无人死亡,0,"115,50910,50910;118,1,1",1019,0,0,,0,0,99999,0
509113,无人死亡,0,"115,50911,50911;118,1,1",1019,0,0,,0,0,99999,0
509123,无人死亡,0,"115,50912,50912;118,1,1",1019,0,0,,0,0,99999,0
509133,无人死亡,0,"115,50913,50913;118,1,1",1019,0,0,,0,0,99999,0
509143,无人死亡,0,"115,50914,50914;118,1,1",1019,0,0,,0,0,99999,0
509153,无人死亡,0,"115,50915,50915;118,1,1",1019,0,0,,0,0,99999,0
509163,无人死亡,0,"115,50916,50916;118,1,1",1019,0,0,,0,0,99999,0
509173,无人死亡,0,"115,50917,50917;118,1,1",1019,0,0,,0,0,99999,0
509183,无人死亡,0,"115,50918,50918;118,1,1",1019,0,0,,0,0,99999,0
509193,无人死亡,0,"115,50919,50919;118,1,1",1019,0,0,,0,0,99999,0
509203,无人死亡,0,"115,50920,50920;118,1,1",1019,0,0,,0,0,99999,0
510013,无人死亡,0,"115,51001,51001;118,1,1",1019,0,0,,0,0,99999,0
510023,无人死亡,0,"115,51002,51002;118,1,1",1019,0,0,,0,0,99999,0
510033,无人死亡,0,"115,51003,51003;118,1,1",1019,0,0,,0,0,99999,0
510043,无人死亡,0,"115,51004,51004;118,1,1",1019,0,0,,0,0,99999,0
510053,无人死亡,0,"115,51005,51005;118,1,1",1019,0,0,,0,0,99999,0
510063,无人死亡,0,"115,51006,51006;118,1,1",1019,0,0,,0,0,99999,0
510073,无人死亡,0,"115,51007,51007;118,1,1",1019,0,0,,0,0,99999,0
510083,无人死亡,0,"115,51008,51008;118,1,1",1019,0,0,,0,0,99999,0
510093,无人死亡,0,"115,51009,51009;118,1,1",1019,0,0,,0,0,99999,0
510103,无人死亡,0,"115,51010,51010;118,1,1",1019,0,0,,0,0,99999,0
510113,无人死亡,0,"115,51011,51011;118,1,1",1019,0,0,,0,0,99999,0
510123,无人死亡,0,"115,51012,51012;118,1,1",1019,0,0,,0,0,99999,0
510133,无人死亡,0,"115,51013,51013;118,1,1",1019,0,0,,0,0,99999,0
510143,无人死亡,0,"115,51014,51014;118,1,1",1019,0,0,,0,0,99999,0
510153,无人死亡,0,"115,51015,51015;118,1,1",1019,0,0,,0,0,99999,0
510163,无人死亡,0,"115,51016,51016;118,1,1",1019,0,0,,0,0,99999,0
510173,无人死亡,0,"115,51017,51017;118,1,1",1019,0,0,,0,0,99999,0
510183,无人死亡,0,"115,51018,51018;118,1,1",1019,0,0,,0,0,99999,0
510193,无人死亡,0,"115,51019,51019;118,1,1",1019,0,0,,0,0,99999,0
510203,无人死亡,0,"115,51020,51020;118,1,1",1019,0,0,,0,0,99999,0
501014,三星任务条件,0,0,1045,"501010,501012,501013",0,,0,0,99999,0
501024,三星任务条件,0,0,1045,"501020,501022,501023",0,,0,0,99999,0
501034,三星任务条件,0,0,1045,"501030,501032,501033",0,,0,0,99999,0
501044,三星任务条件,0,0,1045,"501040,501042,501043",0,,0,0,99999,0
501054,三星任务条件,0,0,1045,"501050,501052,501053",0,,0,0,99999,0
501064,三星任务条件,0,0,1045,"501060,501062,501063",0,,0,0,99999,0
501074,三星任务条件,0,0,1045,"501070,501072,501073",0,,0,0,99999,0
501084,三星任务条件,0,0,1045,"501080,501082,501083",0,,0,0,99999,0
501094,三星任务条件,0,0,1045,"501090,501092,501093",0,,0,0,99999,0
501104,三星任务条件,0,0,1045,"501100,501102,501103",0,,0,0,99999,0
501114,三星任务条件,0,0,1045,"501110,501112,501113",0,,0,0,99999,0
501124,三星任务条件,0,0,1045,"501120,501122,501123",0,,0,0,99999,0
501134,三星任务条件,0,0,1045,"501130,501132,501133",0,,0,0,99999,0
501144,三星任务条件,0,0,1045,"501140,501142,501143",0,,0,0,99999,0
501154,三星任务条件,0,0,1045,"501150,501152,501153",0,,0,0,99999,0
501164,三星任务条件,0,0,1045,"501160,501162,501163",0,,0,0,99999,0
501174,三星任务条件,0,0,1045,"501170,501172,501173",0,,0,0,99999,0
501184,三星任务条件,0,0,1045,"501180,501182,501183",0,,0,0,99999,0
501194,三星任务条件,0,0,1045,"501190,501192,501193",0,,0,0,99999,0
501204,三星任务条件,0,0,1045,"501200,501202,501203",0,,0,0,99999,0
502014,三星任务条件,0,0,1045,"502010,502012,502013",0,,0,0,99999,0
502024,三星任务条件,0,0,1045,"502020,502022,502023",0,,0,0,99999,0
502034,三星任务条件,0,0,1045,"502030,502032,502033",0,,0,0,99999,0
502044,三星任务条件,0,0,1045,"502040,502042,502043",0,,0,0,99999,0
502054,三星任务条件,0,0,1045,"502050,502052,502053",0,,0,0,99999,0
502064,三星任务条件,0,0,1045,"502060,502062,502063",0,,0,0,99999,0
502074,三星任务条件,0,0,1045,"502070,502072,502073",0,,0,0,99999,0
502084,三星任务条件,0,0,1045,"502080,502082,502083",0,,0,0,99999,0
502094,三星任务条件,0,0,1045,"502090,502092,502093",0,,0,0,99999,0
502104,三星任务条件,0,0,1045,"502100,502102,502103",0,,0,0,99999,0
502114,三星任务条件,0,0,1045,"502110,502112,502113",0,,0,0,99999,0
502124,三星任务条件,0,0,1045,"502120,502122,502123",0,,0,0,99999,0
502134,三星任务条件,0,0,1045,"502130,502132,502133",0,,0,0,99999,0
502144,三星任务条件,0,0,1045,"502140,502142,502143",0,,0,0,99999,0
502154,三星任务条件,0,0,1045,"502150,502152,502153",0,,0,0,99999,0
502164,三星任务条件,0,0,1045,"502160,502162,502163",0,,0,0,99999,0
502174,三星任务条件,0,0,1045,"502170,502172,502173",0,,0,0,99999,0
502184,三星任务条件,0,0,1045,"502180,502182,502183",0,,0,0,99999,0
502194,三星任务条件,0,0,1045,"502190,502192,502193",0,,0,0,99999,0
502204,三星任务条件,0,0,1045,"502200,502202,502203",0,,0,0,99999,0
503014,三星任务条件,0,0,1045,"503010,503012,503013",0,,0,0,99999,0
503024,三星任务条件,0,0,1045,"503020,503022,503023",0,,0,0,99999,0
503034,三星任务条件,0,0,1045,"503030,503032,503033",0,,0,0,99999,0
503044,三星任务条件,0,0,1045,"503040,503042,503043",0,,0,0,99999,0
503054,三星任务条件,0,0,1045,"503050,503052,503053",0,,0,0,99999,0
503064,三星任务条件,0,0,1045,"503060,503062,503063",0,,0,0,99999,0
503074,三星任务条件,0,0,1045,"503070,503072,503073",0,,0,0,99999,0
503084,三星任务条件,0,0,1045,"503080,503082,503083",0,,0,0,99999,0
503094,三星任务条件,0,0,1045,"503090,503092,503093",0,,0,0,99999,0
503104,三星任务条件,0,0,1045,"503100,503102,503103",0,,0,0,99999,0
503114,三星任务条件,0,0,1045,"503110,503112,503113",0,,0,0,99999,0
503124,三星任务条件,0,0,1045,"503120,503122,503123",0,,0,0,99999,0
503134,三星任务条件,0,0,1045,"503130,503132,503133",0,,0,0,99999,0
503144,三星任务条件,0,0,1045,"503140,503142,503143",0,,0,0,99999,0
503154,三星任务条件,0,0,1045,"503150,503152,503153",0,,0,0,99999,0
503164,三星任务条件,0,0,1045,"503160,503162,503163",0,,0,0,99999,0
503174,三星任务条件,0,0,1045,"503170,503172,503173",0,,0,0,99999,0
503184,三星任务条件,0,0,1045,"503180,503182,503183",0,,0,0,99999,0
503194,三星任务条件,0,0,1045,"503190,503192,503193",0,,0,0,99999,0
503204,三星任务条件,0,0,1045,"503200,503202,503203",0,,0,0,99999,0
504014,三星任务条件,0,0,1045,"504010,504012,504013",0,,0,0,99999,0
504024,三星任务条件,0,0,1045,"504020,504022,504023",0,,0,0,99999,0
504034,三星任务条件,0,0,1045,"504030,504032,504033",0,,0,0,99999,0
504044,三星任务条件,0,0,1045,"504040,504042,504043",0,,0,0,99999,0
504054,三星任务条件,0,0,1045,"504050,504052,504053",0,,0,0,99999,0
504064,三星任务条件,0,0,1045,"504060,504062,504063",0,,0,0,99999,0
504074,三星任务条件,0,0,1045,"504070,504072,504073",0,,0,0,99999,0
504084,三星任务条件,0,0,1045,"504080,504082,504083",0,,0,0,99999,0
504094,三星任务条件,0,0,1045,"504090,504092,504093",0,,0,0,99999,0
504104,三星任务条件,0,0,1045,"504100,504102,504103",0,,0,0,99999,0
504114,三星任务条件,0,0,1045,"504110,504112,504113",0,,0,0,99999,0
504124,三星任务条件,0,0,1045,"504120,504122,504123",0,,0,0,99999,0
504134,三星任务条件,0,0,1045,"504130,504132,504133",0,,0,0,99999,0
504144,三星任务条件,0,0,1045,"504140,504142,504143",0,,0,0,99999,0
504154,三星任务条件,0,0,1045,"504150,504152,504153",0,,0,0,99999,0
504164,三星任务条件,0,0,1045,"504160,504162,504163",0,,0,0,99999,0
504174,三星任务条件,0,0,1045,"504170,504172,504173",0,,0,0,99999,0
504184,三星任务条件,0,0,1045,"504180,504182,504183",0,,0,0,99999,0
504194,三星任务条件,0,0,1045,"504190,504192,504193",0,,0,0,99999,0
504204,三星任务条件,0,0,1045,"504200,504202,504203",0,,0,0,99999,0
505014,三星任务条件,0,0,1045,"505010,505012,505013",0,,0,0,99999,0
505024,三星任务条件,0,0,1045,"505020,505022,505023",0,,0,0,99999,0
505034,三星任务条件,0,0,1045,"505030,505032,505033",0,,0,0,99999,0
505044,三星任务条件,0,0,1045,"505040,505042,505043",0,,0,0,99999,0
505054,三星任务条件,0,0,1045,"505050,505052,505053",0,,0,0,99999,0
505064,三星任务条件,0,0,1045,"505060,505062,505063",0,,0,0,99999,0
505074,三星任务条件,0,0,1045,"505070,505072,505073",0,,0,0,99999,0
505084,三星任务条件,0,0,1045,"505080,505082,505083",0,,0,0,99999,0
505094,三星任务条件,0,0,1045,"505090,505092,505093",0,,0,0,99999,0
505104,三星任务条件,0,0,1045,"505100,505102,505103",0,,0,0,99999,0
505114,三星任务条件,0,0,1045,"505110,505112,505113",0,,0,0,99999,0
505124,三星任务条件,0,0,1045,"505120,505122,505123",0,,0,0,99999,0
505134,三星任务条件,0,0,1045,"505130,505132,505133",0,,0,0,99999,0
505144,三星任务条件,0,0,1045,"505140,505142,505143",0,,0,0,99999,0
505154,三星任务条件,0,0,1045,"505150,505152,505153",0,,0,0,99999,0
505164,三星任务条件,0,0,1045,"505160,505162,505163",0,,0,0,99999,0
505174,三星任务条件,0,0,1045,"505170,505172,505173",0,,0,0,99999,0
505184,三星任务条件,0,0,1045,"505180,505182,505183",0,,0,0,99999,0
505194,三星任务条件,0,0,1045,"505190,505192,505193",0,,0,0,99999,0
505204,三星任务条件,0,0,1045,"505200,505202,505203",0,,0,0,99999,0
506014,三星任务条件,0,0,1045,"506010,506012,506013",0,,0,0,99999,0
506024,三星任务条件,0,0,1045,"506020,506022,506023",0,,0,0,99999,0
506034,三星任务条件,0,0,1045,"506030,506032,506033",0,,0,0,99999,0
506044,三星任务条件,0,0,1045,"506040,506042,506043",0,,0,0,99999,0
506054,三星任务条件,0,0,1045,"506050,506052,506053",0,,0,0,99999,0
506064,三星任务条件,0,0,1045,"506060,506062,506063",0,,0,0,99999,0
506074,三星任务条件,0,0,1045,"506070,506072,506073",0,,0,0,99999,0
506084,三星任务条件,0,0,1045,"506080,506082,506083",0,,0,0,99999,0
506094,三星任务条件,0,0,1045,"506090,506092,506093",0,,0,0,99999,0
506104,三星任务条件,0,0,1045,"506100,506102,506103",0,,0,0,99999,0
506114,三星任务条件,0,0,1045,"506110,506112,506113",0,,0,0,99999,0
506124,三星任务条件,0,0,1045,"506120,506122,506123",0,,0,0,99999,0
506134,三星任务条件,0,0,1045,"506130,506132,506133",0,,0,0,99999,0
506144,三星任务条件,0,0,1045,"506140,506142,506143",0,,0,0,99999,0
506154,三星任务条件,0,0,1045,"506150,506152,506153",0,,0,0,99999,0
506164,三星任务条件,0,0,1045,"506160,506162,506163",0,,0,0,99999,0
506174,三星任务条件,0,0,1045,"506170,506172,506173",0,,0,0,99999,0
506184,三星任务条件,0,0,1045,"506180,506182,506183",0,,0,0,99999,0
506194,三星任务条件,0,0,1045,"506190,506192,506193",0,,0,0,99999,0
506204,三星任务条件,0,0,1045,"506200,506202,506203",0,,0,0,99999,0
507014,三星任务条件,0,0,1045,"507010,507012,507013",0,,0,0,99999,0
507024,三星任务条件,0,0,1045,"507020,507022,507023",0,,0,0,99999,0
507034,三星任务条件,0,0,1045,"507030,507032,507033",0,,0,0,99999,0
507044,三星任务条件,0,0,1045,"507040,507042,507043",0,,0,0,99999,0
507054,三星任务条件,0,0,1045,"507050,507052,507053",0,,0,0,99999,0
507064,三星任务条件,0,0,1045,"507060,507062,507063",0,,0,0,99999,0
507074,三星任务条件,0,0,1045,"507070,507072,507073",0,,0,0,99999,0
507084,三星任务条件,0,0,1045,"507080,507082,507083",0,,0,0,99999,0
507094,三星任务条件,0,0,1045,"507090,507092,507093",0,,0,0,99999,0
507104,三星任务条件,0,0,1045,"507100,507102,507103",0,,0,0,99999,0
507114,三星任务条件,0,0,1045,"507110,507112,507113",0,,0,0,99999,0
507124,三星任务条件,0,0,1045,"507120,507122,507123",0,,0,0,99999,0
507134,三星任务条件,0,0,1045,"507130,507132,507133",0,,0,0,99999,0
507144,三星任务条件,0,0,1045,"507140,507142,507143",0,,0,0,99999,0
507154,三星任务条件,0,0,1045,"507150,507152,507153",0,,0,0,99999,0
507164,三星任务条件,0,0,1045,"507160,507162,507163",0,,0,0,99999,0
507174,三星任务条件,0,0,1045,"507170,507172,507173",0,,0,0,99999,0
507184,三星任务条件,0,0,1045,"507180,507182,507183",0,,0,0,99999,0
507194,三星任务条件,0,0,1045,"507190,507192,507193",0,,0,0,99999,0
507204,三星任务条件,0,0,1045,"507200,507202,507203",0,,0,0,99999,0
508014,三星任务条件,0,0,1045,"508010,508012,508013",0,,0,0,99999,0
508024,三星任务条件,0,0,1045,"508020,508022,508023",0,,0,0,99999,0
508034,三星任务条件,0,0,1045,"508030,508032,508033",0,,0,0,99999,0
508044,三星任务条件,0,0,1045,"508040,508042,508043",0,,0,0,99999,0
508054,三星任务条件,0,0,1045,"508050,508052,508053",0,,0,0,99999,0
508064,三星任务条件,0,0,1045,"508060,508062,508063",0,,0,0,99999,0
508074,三星任务条件,0,0,1045,"508070,508072,508073",0,,0,0,99999,0
508084,三星任务条件,0,0,1045,"508080,508082,508083",0,,0,0,99999,0
508094,三星任务条件,0,0,1045,"508090,508092,508093",0,,0,0,99999,0
508104,三星任务条件,0,0,1045,"508100,508102,508103",0,,0,0,99999,0
508114,三星任务条件,0,0,1045,"508110,508112,508113",0,,0,0,99999,0
508124,三星任务条件,0,0,1045,"508120,508122,508123",0,,0,0,99999,0
508134,三星任务条件,0,0,1045,"508130,508132,508133",0,,0,0,99999,0
508144,三星任务条件,0,0,1045,"508140,508142,508143",0,,0,0,99999,0
508154,三星任务条件,0,0,1045,"508150,508152,508153",0,,0,0,99999,0
508164,三星任务条件,0,0,1045,"508160,508162,508163",0,,0,0,99999,0
508174,三星任务条件,0,0,1045,"508170,508172,508173",0,,0,0,99999,0
508184,三星任务条件,0,0,1045,"508180,508182,508183",0,,0,0,99999,0
508194,三星任务条件,0,0,1045,"508190,508192,508193",0,,0,0,99999,0
508204,三星任务条件,0,0,1045,"508200,508202,508203",0,,0,0,99999,0
509014,三星任务条件,0,0,1045,"509010,509012,509013",0,,0,0,99999,0
509024,三星任务条件,0,0,1045,"509020,509022,509023",0,,0,0,99999,0
509034,三星任务条件,0,0,1045,"509030,509032,509033",0,,0,0,99999,0
509044,三星任务条件,0,0,1045,"509040,509042,509043",0,,0,0,99999,0
509054,三星任务条件,0,0,1045,"509050,509052,509053",0,,0,0,99999,0
509064,三星任务条件,0,0,1045,"509060,509062,509063",0,,0,0,99999,0
509074,三星任务条件,0,0,1045,"509070,509072,509073",0,,0,0,99999,0
509084,三星任务条件,0,0,1045,"509080,509082,509083",0,,0,0,99999,0
509094,三星任务条件,0,0,1045,"509090,509092,509093",0,,0,0,99999,0
509104,三星任务条件,0,0,1045,"509100,509102,509103",0,,0,0,99999,0
509114,三星任务条件,0,0,1045,"509110,509112,509113",0,,0,0,99999,0
509124,三星任务条件,0,0,1045,"509120,509122,509123",0,,0,0,99999,0
509134,三星任务条件,0,0,1045,"509130,509132,509133",0,,0,0,99999,0
509144,三星任务条件,0,0,1045,"509140,509142,509143",0,,0,0,99999,0
509154,三星任务条件,0,0,1045,"509150,509152,509153",0,,0,0,99999,0
509164,三星任务条件,0,0,1045,"509160,509162,509163",0,,0,0,99999,0
509174,三星任务条件,0,0,1045,"509170,509172,509173",0,,0,0,99999,0
509184,三星任务条件,0,0,1045,"509180,509182,509183",0,,0,0,99999,0
509194,三星任务条件,0,0,1045,"509190,509192,509193",0,,0,0,99999,0
509204,三星任务条件,0,0,1045,"509200,509202,509203",0,,0,0,99999,0
510014,三星任务条件,0,0,1045,"510010,510012,510013",0,,0,0,99999,0
510024,三星任务条件,0,0,1045,"510020,510022,510023",0,,0,0,99999,0
510034,三星任务条件,0,0,1045,"510030,510032,510033",0,,0,0,99999,0
510044,三星任务条件,0,0,1045,"510040,510042,510043",0,,0,0,99999,0
510054,三星任务条件,0,0,1045,"510050,510052,510053",0,,0,0,99999,0
510064,三星任务条件,0,0,1045,"510060,510062,510063",0,,0,0,99999,0
510074,三星任务条件,0,0,1045,"510070,510072,510073",0,,0,0,99999,0
510084,三星任务条件,0,0,1045,"510080,510082,510083",0,,0,0,99999,0
510094,三星任务条件,0,0,1045,"510090,510092,510093",0,,0,0,99999,0
510104,三星任务条件,0,0,1045,"510100,510102,510103",0,,0,0,99999,0
510114,三星任务条件,0,0,1045,"510110,510112,510113",0,,0,0,99999,0
510124,三星任务条件,0,0,1045,"510120,510122,510123",0,,0,0,99999,0
510134,三星任务条件,0,0,1045,"510130,510132,510133",0,,0,0,99999,0
510144,三星任务条件,0,0,1045,"510140,510142,510143",0,,0,0,99999,0
510154,三星任务条件,0,0,1045,"510150,510152,510153",0,,0,0,99999,0
510164,三星任务条件,0,0,1045,"510160,510162,510163",0,,0,0,99999,0
510174,三星任务条件,0,0,1045,"510170,510172,510173",0,,0,0,99999,0
510184,三星任务条件,0,0,1045,"510180,510182,510183",0,,0,0,99999,0
510194,三星任务条件,0,0,1045,"510190,510192,510193",0,,0,0,99999,0
510204,三星任务条件,0,0,1045,"510200,510202,510203",0,,0,0,99999,0
501001,第一章星数奖励,0,0,1037,50100,0,,0,0,99999,0
502001,第二章星数奖励,0,0,1037,50200,0,,0,0,99999,0
503001,第三章星数奖励,0,0,1037,50300,0,,0,0,99999,0
504001,第四章星数奖励,0,0,1037,50400,0,,0,0,99999,0
505001,第五章星数奖励,0,0,1037,50500,0,,0,0,99999,0
506001,第六-序章星数奖励,0,0,1037,50600,0,,0,0,99999,0
507001,第六-上章星数奖励,0,0,1037,50700,0,,0,0,99999,0
508001,第六-下章星数奖励,0,0,1037,50800,0,,0,0,99999,0
509001,第七章星数奖励,0,0,1037,50900,0,,0,0,99999,0
510001,第八章星数奖励,0,0,1037,51000,0,,0,0,99999,0
70001,当前幻梦之境最高积分,0,"117,2,2",1060,0,0,,0,0,2100000000,0
70002,幻梦之境子排行榜积分,0,"153,1,1",1060,,0,,0,0,2100000000,0
70003,幻梦之境子排行榜积分,0,"153,2,2",1060,,0,,0,0,2100000000,0
70004,幻梦之境子排行榜积分,0,"153,3,3",1060,,0,,0,0,2100000000,0
70005,总榜积分,0,0,1030,"70002,70003,70004",0,,0,0,2100000000,0
70006,幻梦之境子排行榜积分,0,"115,7000401,7000404",1060,,0,,0,0,2100000000,0
70007,幻梦之境子排行榜积分,0,"115,7000501,7000504",1060,,0,,0,0,2100000000,0
70008,幻梦之境子排行榜积分,0,"115,7000601,7000604",1060,,0,,0,0,2100000000,0
70009,总榜积分,0,0,1030,"70006,70007,70008",0,,0,0,2100000000,0
70010,幻梦之境子排行榜积分,0,"115,7000701,7000704",1060,,0,,0,0,2100000000,0
70011,幻梦之境子排行榜积分,0,"115,7000801,7000804",1060,,0,,0,0,2100000000,0
70012,幻梦之境子排行榜积分,0,"115,7000901,7000904",1060,,0,,0,0,2100000000,0
70013,总榜积分,0,0,1030,"70010,70011,70012",0,,0,0,2100000000,0
70014,幻梦之境子排行榜积分,0,"115,7001001,7001004",1060,,0,,0,0,2100000000,0
70015,幻梦之境子排行榜积分,0,"115,7001101,7001104",1060,,0,,0,0,2100000000,0
70016,幻梦之境子排行榜积分,0,"115,7001201,7001204",1060,,0,,0,0,2100000000,0
70017,总榜积分,0,0,1030,"70014,70015,70016",0,,0,0,2100000000,0
70018,幻梦之境子排行榜积分,0,"115,7001301,7001304",1060,,0,,0,0,2100000000,0
70019,幻梦之境子排行榜积分,0,"115,7001401,7001404",1060,,0,,0,0,2100000000,0
70020,幻梦之境子排行榜积分,0,"115,7001501,7001504",1060,,0,,0,0,2100000000,0
70021,总榜积分,0,0,1030,"70018,70019,70020",0,,0,0,2100000000,0
70022,幻梦之境子排行榜积分,0,"115,7001601,7001604",1060,,0,,0,0,2100000000,0
70023,幻梦之境子排行榜积分,0,"115,7001701,7001704",1060,,0,,0,0,2100000000,0
70024,幻梦之境子排行榜积分,0,"115,7001801,7001804",1060,,0,,0,0,2100000000,0
70025,总榜积分,0,0,1030,"70022,70023,70024",0,,0,0,2100000000,0
71001,通过暴食第1难度,"115,7000901,7000901",0,1022,0,0,0,0,0,2100000000,0
71002,通过暴食第2难度,"115,7000902,7000902",0,1022,0,0,0,0,0,2100000000,0
71003,通过暴食第3难度,"115,7000903,7000903",0,1022,0,0,0,0,0,2100000000,0
71004,通过暴食第4难度,"115,7000904,7000904",0,1022,0,0,0,0,0,2100000000,0
71018,通过暴食第5难度,"115,7000905,7000905",0,1022,0,0,0,0,0,2100000000,0
71005,通过色欲第1难度,"115,7000601,7000601",0,1022,0,0,0,0,0,2100000000,0
71006,通过色欲第2难度,"115,7000602,7000602",0,1022,0,0,0,0,0,2100000000,0
71007,通过色欲第3难度,"115,7000603,7000603",0,1022,0,0,0,0,0,2100000000,0
71008,通过色欲第4难度,"115,7000604,7000604",0,1022,0,0,0,0,0,2100000000,0
71019,通过色欲第5难度,"115,7000605,7000605",0,1022,0,0,0,0,0,2100000000,0
71009,通过咎瓦格斯第1难度,"115,7000301,7000301",0,1022,0,0,0,0,0,2100000000,0
71010,通过咎瓦格斯第2难度,"115,7000302,7000302",0,1022,0,0,0,0,0,2100000000,0
71011,通过咎瓦格斯第3难度,"115,7000303,7000303",0,1022,0,0,0,0,0,2100000000,0
71012,通过咎瓦格斯第4难度,"115,7000304,7000304",0,1022,0,0,0,0,0,2100000000,0
71020,通过咎瓦格斯第5难度,"115,7000305,7000305",0,1022,0,0,0,0,0,2100000000,0
71013,通过黑桃第1难度,"115,7001001,7001001",0,1022,0,0,0,0,0,2100000000,0
71014,通过黑桃第2难度,"115,7001002,7001002",0,1022,0,0,0,0,0,2100000000,0
71015,通过黑桃第3难度,"115,7001003,7001003",0,1022,0,0,0,0,0,2100000000,0
71016,通过黑桃第4难度,"115,7001004,7001004",0,1022,0,0,0,0,0,2100000000,0
71017,通过黑桃第5难度,"115,7001005,7001005",0,1022,0,0,0,0,0,2100000000,0
71021,通过西蒙第1难度,"115,7000101,7000101",0,1022,0,0,0,0,0,2100000000,0
71022,通过西蒙第2难度,"115,7000102,7000102",0,1022,0,0,0,0,0,2100000000,0
71023,通过西蒙第3难度,"115,7000103,7000103",0,1022,0,0,0,0,0,2100000000,0
71024,通过西蒙第4难度,"115,7000104,7000104",0,1022,0,0,0,0,0,2100000000,0
71025,通过西蒙第5难度,"115,7000105,7000105",0,1022,0,0,0,0,0,2100000000,0
71026,通过莉莉布朗尼第1难度,"115,7000401,7000401",0,1022,0,0,0,0,0,2100000000,0
71027,通过莉莉布朗尼第2难度,"115,7000402,7000402",0,1022,0,0,0,0,0,2100000000,0
71028,通过莉莉布朗尼第3难度,"115,7000403,7000403",0,1022,0,0,0,0,0,2100000000,0
71029,通过莉莉布朗尼第4难度,"115,7000404,7000404",0,1022,0,0,0,0,0,2100000000,0
71030,通过莉莉布朗尼第5难度,"115,7000405,7000405",0,1022,0,0,0,0,0,2100000000,0
520001,第一章回忆深潜,,,1074,1,,,0,0,2100000000,0
520002,第二章回忆深潜,,,1074,2,,,0,0,2100000000,0
520003,第三章回忆深潜,,,1074,3,,,0,0,2100000000,0
520004,第四章回忆深潜,,,1074,4,,,0,0,2100000000,0
520005,第五章回忆深潜,,,1074,5,,,0,0,2100000000,0
520006,第六章回忆深潜,,,1074,6,,,0,0,2100000000,0
520007,第七章回忆深潜,,,1074,7,,,0,0,2100000000,0
520008,第八章回忆深潜,,,1074,8,,,0,0,2100000000,0
520099,总榜,,,1030,"520001,520002,520003,520004,520005,520006,520007,520008",,,0,0,2100000000,0
3013001,指定ID星痕好感度等级,0,0,1079,3013001,0,0,0,0,99999999,0
3013003,指定ID星痕好感度等级,0,0,1079,3013003,0,0,0,0,99999999,0
3013004,指定ID星痕好感度等级,0,0,1079,3013004,0,0,0,0,99999999,0
3013006,指定ID星痕好感度等级,0,0,1079,3013006,0,0,0,0,99999999,0
3013007,指定ID星痕好感度等级,0,0,1079,3013007,0,0,0,0,99999999,0
3013008,指定ID星痕好感度等级,0,0,1079,3013008,0,0,0,0,99999999,0
3013009,指定ID星痕好感度等级,0,0,1079,3013009,0,0,0,0,99999999,0
3013014,指定ID星痕好感度等级,0,0,1079,3013014,0,0,0,0,99999999,0
3013015,指定ID星痕好感度等级,0,0,1079,3013015,0,0,0,0,99999999,0
3013017,指定ID星痕好感度等级,0,0,1079,3013017,0,0,0,0,99999999,0
3013018,指定ID星痕好感度等级,0,0,1079,3013018,0,0,0,0,99999999,0
3013019,指定ID星痕好感度等级,0,0,1079,3013019,0,0,0,0,99999999,0
3013020,指定ID星痕好感度等级,0,0,1079,3013020,0,0,0,0,99999999,0
3013022,指定ID星痕好感度等级,0,0,1079,3013022,0,0,0,0,99999999,0
3013023,指定ID星痕好感度等级,0,0,1079,3013023,0,0,0,0,99999999,0
3013024,指定ID星痕好感度等级,0,0,1079,3013024,0,0,0,0,99999999,0
3013025,指定ID星痕好感度等级,0,0,1079,3013025,0,0,0,0,99999999,0
3014001,指定ID星痕好感度等级,0,0,1079,3014001,0,0,0,0,99999999,0
3014003,指定ID星痕好感度等级,0,0,1079,3014003,0,0,0,0,99999999,0
3014004,指定ID星痕好感度等级,0,0,1079,3014004,0,0,0,0,99999999,0
3014005,指定ID星痕好感度等级,0,0,1079,3014005,0,0,0,0,99999999,0
3014009,指定ID星痕好感度等级,0,0,1079,3014009,0,0,0,0,99999999,0
3014011,指定ID星痕好感度等级,0,0,1079,3014011,0,0,0,0,99999999,0
3014012,指定ID星痕好感度等级,0,0,1079,3014012,0,0,0,0,99999999,0
3014016,指定ID星痕好感度等级,0,0,1079,3014016,0,0,0,0,99999999,0
3014018,指定ID星痕好感度等级,0,0,1079,3014018,0,0,0,0,99999999,0
3014019,指定ID星痕好感度等级,0,0,1079,3014019,0,0,0,0,99999999,0
3014020,指定ID星痕好感度等级,0,0,1079,3014020,0,0,0,0,99999999,0
3014021,指定ID星痕好感度等级,0,0,1079,3014021,0,0,0,0,99999999,0
3014022,指定ID星痕好感度等级,0,0,1079,3014022,0,0,0,0,99999999,0
3014023,指定ID星痕好感度等级,0,0,1079,3014023,0,0,0,0,99999999,0
3014024,指定ID星痕好感度等级,0,0,1079,3014024,0,0,0,0,99999999,0
3014025,指定ID星痕好感度等级,0,0,1079,3014025,0,0,0,0,99999999,0
3014026,指定ID星痕好感度等级,0,0,1079,3014026,0,0,0,0,99999999,0
3014027,指定ID星痕好感度等级,0,0,1079,3014027,0,0,0,0,99999999,0
3014029,指定ID星痕好感度等级,0,0,1079,3014029,0,0,0,0,99999999,0
3014030,指定ID星痕好感度等级,0,0,1079,3014030,0,0,0,0,99999999,0
3014031,指定ID星痕好感度等级,0,0,1079,3014031,0,0,0,0,99999999,0
3015002,指定ID星痕好感度等级,0,0,1079,3015002,0,0,0,0,99999999,0
3015004,指定ID星痕好感度等级,0,0,1079,3015004,0,0,0,0,99999999,0
3015006,指定ID星痕好感度等级,0,0,1079,3015006,0,0,0,0,99999999,0
3015007,指定ID星痕好感度等级,0,0,1079,3015007,0,0,0,0,99999999,0
3015008,指定ID星痕好感度等级,0,0,1079,3015008,0,0,0,0,99999999,0
3016009,指定ID星痕好感度等级,0,0,1079,3016009,0,0,0,0,99999999,0
3016010,指定ID星痕好感度等级,0,0,1079,3016010,0,0,0,0,99999999,0
3016011,指定ID星痕好感度等级,0,0,1079,3016011,0,0,0,0,99999999,0
3016013,指定ID星痕好感度等级,0,0,1079,3016013,0,0,0,0,99999999,0
3016017,指定ID星痕好感度等级,0,0,1079,3016017,0,0,0,0,99999999,0
3016020,指定ID星痕好感度等级,0,0,1079,3016020,0,0,0,0,99999999,0
3016023,指定ID星痕好感度等级,0,0,1079,3016023,0,0,0,0,99999999,0
3016024,指定ID星痕好感度等级,0,0,1079,3016024,0,0,0,0,99999999,0
3016031,指定ID星痕好感度等级,0,0,1079,3016031,0,0,0,0,99999999,0
3016038,指定ID星痕好感度等级,0,0,1079,3016038,0,0,0,0,99999999,0
3016068,指定ID星痕好感度等级,0,0,1079,3016068,0,0,0,0,99999999,0
3016078,指定ID星痕好感度等级,0,0,1079,3016078,0,0,0,0,99999999,0
3016130,指定ID星痕好感度等级,0,0,1079,3016130,0,0,0,0,99999999,0
3016187,指定ID星痕好感度等级,0,0,1079,3016187,0,0,0,0,99999999,0
3016049,指定ID星痕好感度等级,0,0,1079,3016049,0,0,0,0,99999999,0
3016188,指定ID星痕好感度等级,0,0,1079,3016188,0,0,0,0,99999999,0
3014002,指定ID星痕好感度等级,0,0,1079,3014002,0,0,0,0,99999999,0
3016016,指定ID星痕好感度等级,0,0,1079,3016016,0,0,0,0,99999999,0
3014006,指定ID星痕好感度等级,0,0,1079,3014006,0,0,0,0,99999999,0
3014017,指定ID星痕好感度等级,0,0,1079,3014017,0,0,0,0,99999999,0
3013013,指定ID星痕好感度等级,0,0,1079,3013013,0,0,0,0,99999999,0
3015001,指定ID星痕好感度等级,0,0,1079,3015001,0,0,0,0,99999999,0
3017001,指定ID星痕好感度等级,0,0,1079,3017001,0,0,0,0,99999999,0
3017002,指定ID星痕好感度等级,0,0,1079,3017002,0,0,0,0,99999999,0
3016119,指定ID星痕好感度等级,0,0,1079,3016119,0,0,0,0,99999999,0
3016189,指定ID星痕好感度等级,0,0,1079,3016189,0,0,0,0,99999999,0
3014028,指定ID星痕好感度等级,0,0,1079,3014028,0,0,0,0,99999999,0
301602001,指定ID星痕好感度等级,0,0,1079,3016020,0,0,0,0,99999999,0
3000001,指定id魔女好感度等级,0,0,1332,3000001,0,0,0,0,99999999,0
3000002,指定id魔女好感度等级,0,0,1332,3000002,0,0,0,0,99999999,0
3000003,指定id魔女好感度等级,0,0,1332,3000003,0,0,0,0,99999999,0
3000004,指定id魔女好感度等级,0,0,1332,3000004,0,0,0,0,99999999,0
3000005,指定id魔女好感度等级,0,0,1332,3000005,0,0,0,0,99999999,0
3016191,指定ID星痕好感度等级,0,0,1079,3016191,0,0,0,0,99999999,0
21001,"四或五星星痕升级,没有达到当前星痕等级上限，且全部经验道具为0",0,"22002,1;149,0,0;134,4,5",1085,0,0,,0,0,99999999,0
21002,获取安洁或米娅,"15037,1;15038,1",0,1306,0,0,,0,0,99999999,0
21003,魔女有可装配的符文槽位，没有可装配的符文,0,"137,1,5;1083,0,0",1089,0,0,,0,0,99999999,0
21004,当前符文等级15至25级，符文之尘（符文通用经验材料）为0,0,"140,15,25;22012,0,0",1090,0,0,,0,0,99999999,0
21005,累计符文洗炼次数,0,0,1093,0,0,,0,0,99999999,0
21006,累计星痕抽卡次数,0,0,1080,0,0,,0,0,99999999,0
21007,星痕突破等级2，技能没有达到等级上限（7级）,0,"109,2,2;144,1,6",1099,0,0,,0,0,99999999,0
21008,星痕突破等级3，技能没有达到等级上限（10级）,0,"109,3,3;144,8,9",1099,0,0,,0,0,99999999,0
21009,任意主线关卡战斗失败,0,"123,1,10",1023,0,0,,0,0,99999999,0
21010,第二章结束,0,"115,10228,10228",1022,0,0,,0,0,99999999,0
21011,第三章结束,0,"115,10320,10320",1022,0,0,,0,0,99999999,0
21012,第四章结束,0,"115,10424,10424",1022,0,0,,0,0,99999999,0
21013,第五章结束,0,"115,10533,10533",1022,0,0,,0,0,99999999,0
21014,完成任意幻梦之境关卡,0,"117,2,2",1024,0,0,,0,0,99999999,0
21015,"获得阿涅克丝的回响,且阿涅克丝觉醒等级为2时，没有足够觉醒的回响时","110,2,2","138,1,1;113,1009004,1009004",1087,0,0,,1,0,99999999,0
21016,"获得炽爱的回响,且炽爱觉醒等级为2时，没有足够觉醒的回响时","110,2,2","138,1,1;113,1009005,1009005",1087,0,0,,1,0,99999999,0
21017,"获得水仙的回响,且水仙觉醒等级为2时，没有足够觉醒的回响时","110,2,2","138,1,1;113,1009007,1009007",1087,0,0,,1,0,99999999,0
21018,"获得菲尔盖娜的回响,且菲尔盖娜觉醒等级为2时，没有足够觉醒的回响时","110,2,2","138,1,1;113,1009013,1009013",1087,0,0,,1,0,99999999,0
21019,"获得哀歌的回响,且哀歌觉醒等级为2时，没有足够觉醒的回响时","110,2,2","138,1,1;113,1009015,1009015",1087,0,0,,1,0,99999999,0
21020,"获得库萝心的回响,且库萝心觉醒等级为2时，没有足够觉醒的回响时","110,2,2","138,1,1;113,1009019,1009019",1087,0,0,,1,0,99999999,0
21021,"获得普琳普顿的回响,且普琳普顿觉醒等级为2时，没有足够觉醒的回响时","110,2,2","138,1,1;113,1009025,1009025",1087,0,0,,1,0,99999999,0
21022,"获得黛比的回响,且黛比觉醒等级为2时，没有足够觉醒的回响时","110,2,2","138,1,1;113,1009026,1009026",1087,0,0,,1,0,99999999,0
21023,"获得弥生的回响,且弥生觉醒等级为2时，没有足够觉醒的回响时","110,2,2","138,1,1;113,1009029,1009029",1087,0,0,,1,0,99999999,0
21024,"获得恋花的回响,且恋花觉醒等级为2时，没有足够觉醒的回响时","110,2,2","138,1,1;113,1009031,1009031",1087,0,0,,1,0,99999999,0
21025,"获得桃的回响,且桃觉醒等级为2时，没有足够觉醒的回响时","110,2,2","138,1,1;113,1009033,1009033",1087,0,0,,1,0,99999999,0
21026,"获得艾斯塔利亚的回响,且艾斯塔利亚觉醒等级为2时，没有足够觉醒的回响时","110,2,2","138,1,1;113,1009035,1009035",1087,0,0,,1,0,99999999,0
21027,"获得花梨的回响,且花梨觉醒等级为2时，没有足够觉醒的回响时","110,2,2","138,1,1;113,1009041,1009041",1087,0,0,,1,0,99999999,0
21028,"获得艾什尔的回响,且艾什尔觉醒等级为2时，没有足够觉醒的回响时","110,2,2","138,1,1;113,1009043,1009043",1087,0,0,,1,0,99999999,0
21029,"获得阿波菲斯的回响,且阿波菲斯觉醒等级为2时，没有足够觉醒的回响时","110,2,2","138,1,1;113,1009044,1009044",1087,0,0,,1,0,99999999,0
21030,"获得纳菲的回响,且纳菲觉醒等级为2时，没有足够觉醒的回响时","110,2,2","138,1,1;113,1009045,1009045",1087,0,0,,1,0,99999999,0
21031,"获得丘吉尔的回响,且丘吉尔觉醒等级为2时，没有足够觉醒的回响时","110,2,2","138,1,1;113,1009046,1009046",1087,0,0,,1,0,99999999,0
21032,"获得神光的回响,且神光觉醒等级为2时，没有足够觉醒的回响时","110,2,2","138,1,1;113,1009047,1009047",1087,0,0,,1,0,99999999,0
21033,"获得雷雷的回响,且雷雷觉醒等级为2时，没有足够觉醒的回响时","110,2,2","138,1,1;113,1009048,1009048",1087,0,0,,1,0,99999999,0
21034,"获得安普莎的回响,且安普莎觉醒等级为2时，没有足够觉醒的回响时","110,2,2","138,1,1;113,1009049,1009049",1087,0,0,,1,0,99999999,0
21035,"获得库萝爱的回响,且库萝爱觉醒等级为2时，没有足够觉醒的回响时","110,2,2","138,1,1;113,1009050,1009050",1087,0,0,,1,0,99999999,0
21036,"获得贝拉的回响,且贝拉觉醒等级为2时，没有足够觉醒的回响时","110,2,2","138,1,1;113,1009051,1009051",1087,0,0,,1,0,99999999,0
21037,"获得卡洛蒂的回响,且卡洛蒂觉醒等级为2时，没有足够觉醒的回响时","110,2,2","138,1,1;113,1009052,1009052",1087,0,0,,1,0,99999999,0
21038,"获得贝儿的回响,且贝儿觉醒等级为2时，没有足够觉醒的回响时","110,2,2","138,1,1;113,1009053,1009053",1087,0,0,,1,0,99999999,0
21039,"获得安娜的回响,且安娜觉醒等级为2时，没有足够觉醒的回响时","110,2,2","138,1,1;113,1009054,1009054",1087,0,0,,1,0,99999999,0
21040,"获得伊拉的回响,且伊拉觉醒等级为2时，没有足够觉醒的回响时","110,2,2","138,1,1;113,1009055,1009055",1087,0,0,,1,0,99999999,0
21041,"获得诺维雅的回响,且诺维雅觉醒等级为2时，没有足够觉醒的回响时","110,2,2","138,1,1;113,1009060,1009060",1087,0,0,,1,0,99999999,0
21042,"获得丹妮的回响,且丹妮觉醒等级为2时，没有足够觉醒的回响时","110,2,2","138,1,1;113,1009061,1009061",1087,0,0,,1,0,99999999,0
21043,"获得耶坦尼娅的回响,且耶坦尼娅觉醒等级为2时，没有足够觉醒的回响时","110,2,2","138,1,1;113,1009063,1009063",1087,0,0,,1,0,99999999,0
21044,"获得希夕莉的回响,且希夕莉觉醒等级为2时，没有足够觉醒的回响时","110,2,2","138,1,1;113,1009065,1009065",1087,0,0,,1,0,99999999,0
21045,"获得萨拉的回响,且萨拉觉醒等级为2时，没有足够觉醒的回响时","110,2,2","138,1,1;113,1009066,1009066",1087,0,0,,1,0,99999999,0
21046,"获得牧的回响,且牧觉醒等级为2时，没有足够觉醒的回响时","110,2,2","138,1,1;113,1009067,1009067",1087,0,0,,1,0,99999999,0
21047,"获得吉拉蒂亚的回响,且吉拉蒂亚觉醒等级为2时，没有足够觉醒的回响时","110,2,2","138,1,1;113,1009076,1009076",1087,0,0,,1,0,99999999,0
21048,"获得瑞比娅的回响,且瑞比娅觉醒等级为2时，没有足够觉醒的回响时","110,2,2","138,1,1;113,1009077,1009077",1087,0,0,,1,0,99999999,0
21049,"获得卡萝琳的回响,且卡萝琳觉醒等级为2时，没有足够觉醒的回响时","110,2,2","138,1,1;113,1009078,1009078",1087,0,0,,1,0,99999999,0
21050,"获得克尔苏娜的回响,且克尔苏娜觉醒等级为2时，没有足够觉醒的回响时","110,2,2","138,1,1;113,1009080,1009080",1087,0,0,,1,0,99999999,0
21051,"获得露易丝的回响,且露易丝觉醒等级为2时，没有足够觉醒的回响时","110,2,2","138,1,1;113,1009083,1009083",1087,0,0,,1,0,99999999,0
21052,"获得罗莎莉的回响,且罗莎莉觉醒等级为2时，没有足够觉醒的回响时","110,2,2","138,1,1;113,1009084,1009084",1087,0,0,,1,0,99999999,0
21053,"获得奈奥米的回响,且奈奥米觉醒等级为2时，没有足够觉醒的回响时","110,2,2","138,1,1;113,1009087,1009087",1087,0,0,,1,0,99999999,0
21054,"获得塞蕾丝蒂娜的回响,且塞蕾丝蒂娜觉醒等级为2时，没有足够觉醒的回响时","110,2,2","138,1,1;113,1009091,1009091",1087,0,0,,1,0,99999999,0
21055,"获得小闪的回响,且小闪觉醒等级为2时，没有足够觉醒的回响时","110,2,2","138,1,1;113,1009098,1009098",1087,0,0,,1,0,99999999,0
21056,"获得艾琳娜的回响,且艾琳娜觉醒等级为2时，没有足够觉醒的回响时","110,2,2","138,1,1;113,1009116,1009116",1087,0,0,,1,0,99999999,0
21057,"获得贝卡丝的回响,且贝卡丝觉醒等级为2时，没有足够觉醒的回响时","110,2,2","138,1,1;113,1009135,1009135",1087,0,0,,1,0,99999999,0
21058,"获得昔莱的回响,且昔莱觉醒等级为2时，没有足够觉醒的回响时","110,2,2","138,1,1;113,1009145,1009145",1087,0,0,,1,0,99999999,0
21059,"获得杜达·戴维的回响,且杜达·戴维觉醒等级为2时，没有足够觉醒的回响时","110,2,2","138,1,1;113,1009187,1009187",1087,0,0,,1,0,99999999,0
21060,"获得伊卡洛斯的回响,且伊卡洛斯觉醒等级为2时，没有足够觉醒的回响时","110,2,2","138,1,1;113,1009197,1009197",1087,0,0,,1,0,99999999,0
21061,"获得异邦波斯菊的回响,且异邦波斯菊觉醒等级为2时，没有足够觉醒的回响时","110,2,2","138,1,1;113,1009254,1009254",1087,0,0,,1,0,99999999,0
21062,"获得极焰的回响,且极焰觉醒等级为2时，没有足够觉醒的回响时","110,2,2","138,1,1;113,1009255,1009255",1087,0,0,,1,0,99999999,0
21063,"获得塔嘉娜的回响,且塔嘉娜觉醒等级为2时，没有足够觉醒的回响时","110,2,2","138,1,1;113,1009258,1009258",1087,0,0,,1,0,99999999,0
21117,完成所有每日任务，充值0到499,0,"1081,0,499;22063,1",1067,155,0,,0,0,99999999,0
21118,完成所有每日任务，且充值500至9999,0,"1081,500,9999;22063,1",1067,155,0,,0,0,99999999,0
21119,完成所有每日任务，且充值10000以上,0,"1081,10000;22063,1",1067,155,0,,0,0,99999999,0
21120,符文累计洗炼次数,0,"22062,1",1093,0,0,,2,0,99999999,0
21121,符文累计洗炼次数，且洗到紫色品质词条,0,"141,2,2;21120,40",1093,0,0,,2,0,99999999,0
21122,符文累计洗炼次数，且洗到金色品质词条,0,"141,3,3;21120,60",1093,0,0,,2,0,99999999,0
21123,触发保底，但是非本期UP五星,0,"142,1;143,0,0;22063,1",1080,0,0,,3,0,99999999,0
21124,累计抽卡100次,0,"22063,1",1080,0,0,,2,0,99999999,0
21125,"获得阿涅克丝的回响,且阿涅克丝觉醒等级为4时，没有足够觉醒的回响时","110,4,4","138,2,2;113,1009004,1009004",1087,0,0,,1,0,99999999,0
21126,"获得炽爱的回响,且炽爱觉醒等级为4时，没有足够觉醒的回响时","110,4,4","138,2,2;113,1009005,1009005",1087,0,0,,1,0,99999999,0
21127,"获得水仙的回响,且水仙觉醒等级为4时，没有足够觉醒的回响时","110,4,4","138,2,2;113,1009007,1009007",1087,0,0,,1,0,99999999,0
21128,"获得菲尔盖娜的回响,且菲尔盖娜觉醒等级为4时，没有足够觉醒的回响时","110,4,4","138,2,2;113,1009013,1009013",1087,0,0,,1,0,99999999,0
21129,"获得哀歌的回响,且哀歌觉醒等级为4时，没有足够觉醒的回响时","110,4,4","138,2,2;113,1009015,1009015",1087,0,0,,1,0,99999999,0
21130,"获得库萝心的回响,且库萝心觉醒等级为4时，没有足够觉醒的回响时","110,4,4","138,2,2;113,1009019,1009019",1087,0,0,,1,0,99999999,0
21131,"获得普琳普顿的回响,且普琳普顿觉醒等级为4时，没有足够觉醒的回响时","110,4,4","138,2,2;113,1009025,1009025",1087,0,0,,1,0,99999999,0
21132,"获得黛比的回响,且黛比觉醒等级为4时，没有足够觉醒的回响时","110,4,4","138,2,2;113,1009026,1009026",1087,0,0,,1,0,99999999,0
21133,"获得弥生的回响,且弥生觉醒等级为4时，没有足够觉醒的回响时","110,4,4","138,2,2;113,1009029,1009029",1087,0,0,,1,0,99999999,0
21134,"获得恋花的回响,且恋花觉醒等级为4时，没有足够觉醒的回响时","110,4,4","138,2,2;113,1009031,1009031",1087,0,0,,1,0,99999999,0
21135,"获得桃的回响,且桃觉醒等级为4时，没有足够觉醒的回响时","110,4,4","138,2,2;113,1009033,1009033",1087,0,0,,1,0,99999999,0
21136,"获得艾斯塔利亚的回响,且艾斯塔利亚觉醒等级为4时，没有足够觉醒的回响时","110,4,4","138,2,2;113,1009035,1009035",1087,0,0,,1,0,99999999,0
21137,"获得花梨的回响,且花梨觉醒等级为4时，没有足够觉醒的回响时","110,4,4","138,2,2;113,1009041,1009041",1087,0,0,,1,0,99999999,0
21138,"获得艾什尔的回响,且艾什尔觉醒等级为4时，没有足够觉醒的回响时","110,4,4","138,2,2;113,1009043,1009043",1087,0,0,,1,0,99999999,0
21139,"获得阿波菲斯的回响,且阿波菲斯觉醒等级为4时，没有足够觉醒的回响时","110,4,4","138,2,2;113,1009044,1009044",1087,0,0,,1,0,99999999,0
21140,"获得纳菲的回响,且纳菲觉醒等级为4时，没有足够觉醒的回响时","110,4,4","138,2,2;113,1009045,1009045",1087,0,0,,1,0,99999999,0
21141,"获得丘吉尔的回响,且丘吉尔觉醒等级为4时，没有足够觉醒的回响时","110,4,4","138,2,2;113,1009046,1009046",1087,0,0,,1,0,99999999,0
21142,"获得神光的回响,且神光觉醒等级为4时，没有足够觉醒的回响时","110,4,4","138,2,2;113,1009047,1009047",1087,0,0,,1,0,99999999,0
21143,"获得雷雷的回响,且雷雷觉醒等级为4时，没有足够觉醒的回响时","110,4,4","138,2,2;113,1009048,1009048",1087,0,0,,1,0,99999999,0
21144,"获得安普莎的回响,且安普莎觉醒等级为4时，没有足够觉醒的回响时","110,4,4","138,2,2;113,1009049,1009049",1087,0,0,,1,0,99999999,0
21145,"获得库萝爱的回响,且库萝爱觉醒等级为4时，没有足够觉醒的回响时","110,4,4","138,2,2;113,1009050,1009050",1087,0,0,,1,0,99999999,0
21146,"获得贝拉的回响,且贝拉觉醒等级为4时，没有足够觉醒的回响时","110,4,4","138,2,2;113,1009051,1009051",1087,0,0,,1,0,99999999,0
21147,"获得卡洛蒂的回响,且卡洛蒂觉醒等级为4时，没有足够觉醒的回响时","110,4,4","138,2,2;113,1009052,1009052",1087,0,0,,1,0,99999999,0
21148,"获得贝儿的回响,且贝儿觉醒等级为4时，没有足够觉醒的回响时","110,4,4","138,2,2;113,1009053,1009053",1087,0,0,,1,0,99999999,0
21149,"获得安娜的回响,且安娜觉醒等级为4时，没有足够觉醒的回响时","110,4,4","138,2,2;113,1009054,1009054",1087,0,0,,1,0,99999999,0
21150,"获得伊拉的回响,且伊拉觉醒等级为4时，没有足够觉醒的回响时","110,4,4","138,2,2;113,1009055,1009055",1087,0,0,,1,0,99999999,0
21151,"获得诺维雅的回响,且诺维雅觉醒等级为4时，没有足够觉醒的回响时","110,4,4","138,2,2;113,1009060,1009060",1087,0,0,,1,0,99999999,0
21152,"获得丹妮的回响,且丹妮觉醒等级为4时，没有足够觉醒的回响时","110,4,4","138,2,2;113,1009061,1009061",1087,0,0,,1,0,99999999,0
21153,"获得耶坦尼娅的回响,且耶坦尼娅觉醒等级为4时，没有足够觉醒的回响时","110,4,4","138,2,2;113,1009063,1009063",1087,0,0,,1,0,99999999,0
21154,"获得希夕莉的回响,且希夕莉觉醒等级为4时，没有足够觉醒的回响时","110,4,4","138,2,2;113,1009065,1009065",1087,0,0,,1,0,99999999,0
21155,"获得萨拉的回响,且萨拉觉醒等级为4时，没有足够觉醒的回响时","110,4,4","138,2,2;113,1009066,1009066",1087,0,0,,1,0,99999999,0
21156,"获得牧的回响,且牧觉醒等级为4时，没有足够觉醒的回响时","110,4,4","138,2,2;113,1009067,1009067",1087,0,0,,1,0,99999999,0
21157,"获得吉拉蒂亚的回响,且吉拉蒂亚觉醒等级为4时，没有足够觉醒的回响时","110,4,4","138,2,2;113,1009076,1009076",1087,0,0,,1,0,99999999,0
21158,"获得瑞比娅的回响,且瑞比娅觉醒等级为4时，没有足够觉醒的回响时","110,4,4","138,2,2;113,1009077,1009077",1087,0,0,,1,0,99999999,0
21159,"获得卡萝琳的回响,且卡萝琳觉醒等级为4时，没有足够觉醒的回响时","110,4,4","138,2,2;113,1009078,1009078",1087,0,0,,1,0,99999999,0
21160,"获得克尔苏娜的回响,且克尔苏娜觉醒等级为4时，没有足够觉醒的回响时","110,4,4","138,2,2;113,1009080,1009080",1087,0,0,,1,0,99999999,0
21161,"获得露易丝的回响,且露易丝觉醒等级为4时，没有足够觉醒的回响时","110,4,4","138,2,2;113,1009083,1009083",1087,0,0,,1,0,99999999,0
21162,"获得罗莎莉的回响,且罗莎莉觉醒等级为4时，没有足够觉醒的回响时","110,4,4","138,2,2;113,1009084,1009084",1087,0,0,,1,0,99999999,0
21163,"获得奈奥米的回响,且奈奥米觉醒等级为4时，没有足够觉醒的回响时","110,4,4","138,2,2;113,1009087,1009087",1087,0,0,,1,0,99999999,0
21164,"获得塞蕾丝蒂娜的回响,且塞蕾丝蒂娜觉醒等级为4时，没有足够觉醒的回响时","110,4,4","138,2,2;113,1009091,1009091",1087,0,0,,1,0,99999999,0
21165,"获得小闪的回响,且小闪觉醒等级为4时，没有足够觉醒的回响时","110,4,4","138,2,2;113,1009098,1009098",1087,0,0,,1,0,99999999,0
21166,"获得艾琳娜的回响,且艾琳娜觉醒等级为4时，没有足够觉醒的回响时","110,4,4","138,2,2;113,1009116,1009116",1087,0,0,,1,0,99999999,0
21167,"获得贝卡丝的回响,且贝卡丝觉醒等级为4时，没有足够觉醒的回响时","110,4,4","138,2,2;113,1009135,1009135",1087,0,0,,1,0,99999999,0
21168,"获得昔莱的回响,且昔莱觉醒等级为4时，没有足够觉醒的回响时","110,4,4","138,2,2;113,1009145,1009145",1087,0,0,,1,0,99999999,0
21169,"获得杜达·戴维的回响,且杜达·戴维觉醒等级为4时，没有足够觉醒的回响时","110,4,4","138,2,2;113,1009187,1009187",1087,0,0,,1,0,99999999,0
21170,"获得伊卡洛斯的回响,且伊卡洛斯觉醒等级为4时，没有足够觉醒的回响时","110,4,4","138,2,2;113,1009197,1009197",1087,0,0,,1,0,99999999,0
21171,"获得异邦波斯菊的回响,且异邦波斯菊觉醒等级为4时，没有足够觉醒的回响时","110,4,4","138,2,2;113,1009254,1009254",1087,0,0,,1,0,99999999,0
21172,"获得极焰的回响,且极焰觉醒等级为4时，没有足够觉醒的回响时","110,4,4","138,2,2;113,1009255,1009255",1087,0,0,,1,0,99999999,0
21173,"获得塔嘉娜的回响,且塔嘉娜觉醒等级为4时，没有足够觉醒的回响时","110,4,4","138,2,2;113,1009258,1009258",1087,0,0,,1,0,99999999,0
21174,累计专武抽卡次数,0,0,1330,0,0,,1,0,99999999,0
21175,首次完成幻梦最后一档任务,0,0,1067,"7008,7018,7028,7038,7048,7058",0,,0,0,99999999,0
21176,首个回忆深浅达到20层,"520001,20;520002,20;520003,20;520004,20;520005,20;520006,20;520007,20;520008,20","117,6,6",1022,0,0,,0,0,99999999,0
21177,首次肉鸽玩法达到50层,0,"115,70050,70050",1022,0,0,,0,0,99999999,0
21178,完成全部教学任务,0,0,1067,1237,0,,0,0,99999999,0
22001,X个星痕好感度达到8级,0,0,1013,"132,8",0,,0,0,9999,0
22002,消耗全部经验道具升级，且等级大于X,0,0,1306,0,"22003,0,0;22004,0,0;22005,0,0;22006,0,0",,0,0,999999,0
22003,福音经验小数量,0,0,1031,1006505,0,,0,0,999999,0
22004,福音经验中数量,0,0,1031,1006506,0,,0,0,999999,0
22005,福音经验大数量,0,0,1031,1006507,0,,0,0,999999,0
22006,福音经验巨大数量,0,0,1031,1006508,0,,0,0,999999,0
22007,玩家等级大于5，至少拥有一个10魔女，且星痕升级X次,0,"15024,1;104,5",1056,0,0,,0,0,99999,0
22008,抽卡次数X次，玩家等级大于30级，拥有五星星痕数量大于等于5,0,"22010,5;104,30",20007,0,0,,0,0,99999,0
22009,抽卡次数X次，拥有五星星痕数量大于等于5,0,"22010,5",20007,0,0,,0,0,99999,0
22010,拥有五星星痕数量X,0,0,1013,"134,5",0,,0,0,99999,0
22012,符文之尘（符文通用经验材料）数量,0,0,1031,1001034,0,,0,0,99999999,0
22062,弹窗礼包符文洗练限制,0,0,1301,8,0,,0,0,99999999,0
22063,弹窗礼包抽卡限制300抽,0,0,1301,14,0,,0,0,99999999,0
22064,弹窗礼包抽卡限制200抽,0,0,1301,13,0,,0,0,99999999,0
22065,弹窗礼包抽卡限制100抽,0,0,1301,12,0,,0,0,99999999,0
22066,弹窗礼包抽卡限制60抽,0,0,1301,11,0,,0,0,99999999,0
22067,弹窗礼包抽卡限制30抽,0,0,1301,10,0,,0,0,99999999,0
22068,弹窗礼包抽卡限制10抽,0,0,1301,9,0,,0,0,99999999,0
22069,第二章结束礼包限制,0,0,1301,18,0,,0,0,99999999,0
22070,第三章结束礼包限制,0,0,1301,19,0,,0,0,99999999,0
22071,第四章结束礼包限制,0,0,1301,20,0,,0,0,99999999,0
22072,第五章结束礼包限制,0,0,1301,21,0,,0,0,99999999,0
22073,弹出礼包（累计洗练30次符文）,0,0,1301,6,0,,0,0,99999999,0
22074,弹出礼包（累计洗练50次符文）,0,0,1301,7,0,,0,0,99999999,0
