Id,,Name,Rank,Type,UesType,TypeName,ItemAttr,MaxOwnCount,MaxNum,UesCondition,Reward,ChoiceReward,AccessHint,AccessId,Param,GainMax,SynthesisConsume,Synthesis,DecomposeConsume,Decompose,TimeLimitType,TimeLimit,LockGm,Icon,Des,function,order,bag
1,代金券（内部模拟充值用）,代金券（内部模拟充值用）,4,5,5,,,,99999999,,,,,0,0,,,,,,,,,6021017_icon,,,1,1
2801,通用卡包—『千年珍藏』收藏牌,item_name_2801,4,28,,0,0,0,99999999,,0,0,,0,0,,0,0,0,0,0,0,0,2801_icon,item_des_2801,item_function_2801,1,1
2899,测试新卡牌专用卡包,item_name_2899,4,28,,0,0,0,99999999,,0,0,,0,0,,0,0,0,0,0,0,0,2899_icon,item_des_2899,item_function_2899,1,1
9801,大月卡,gift_name_502,4,98,,0,0,0,99999999,,0,0,,0,502,,0,0,0,0,0,0,0,ui_sd_yk_diban_3,item_des_9801,item_function_9801,1,0
1000001,秩序结晶(付费钻石),item_name_1000001,4,1,,0,0,0,99999999,,0,0,,1101,0,1000000,0,0,0,0,0,0,0,1000001_icon,item_des_1000001,item_function_1000001,1,0
1000002,星魂结晶(免费钻石),item_name_1000002,3,1,,0,0,0,99999999,,0,0,,0,0,1000000,0,0,0,0,0,0,0,1000002_icon,item_des_1000002,item_function_1000002,1,0
1000003,本勒(金币),item_name_1000003,2,1,,0,0,0,99999999,,0,0,,"10002,1601,1415",0,0,0,0,0,0,0,0,0,1000003_icon,item_des_1000003,item_function_1000003,1,0
1000004,星魂力(体力),item_name_1000004,2,17,,0,0,0,0,,0,0,,10001,1003,0,0,0,0,0,0,0,0,1000004_icon,item_des_1000004,item_function_1000004,1,0
1000005,源质精粹(海外代金券),item_name_1000005,2,1,,0,0,0,0,,0,0,,0,0,0,0,0,0,0,0,0,0,1000005_icon,item_des_1000005,item_function_1000005,1,0
1000006,战斗力(每日任务用),item_name_1000006,2,99,,0,0,0,99999999,,0,0,,0,0,0,0,0,0,0,2,1,0,0,0,0,1,0
1000007,战斗力(每周任务用),item_name_1000007,2,99,,0,0,0,99999999,,0,0,,0,0,0,0,0,0,0,3,1,0,0,0,0,1,0
1000008,玩家经验,item_name_1000008,2,99,,0,0,0,99999999,,0,0,,0,0,0,0,0,0,0,0,0,0,0,0,0,1,0
1000009,主线任务boss章节进度道具,,2,99,,0,0,0,99999999,,0,0,,0,0,0,0,0,0,0,0,0,0,0,0,0,1,0
1000010,月卡（购买展示用）,gift_name_501,2,99,,0,0,0,99999999,,0,0,,0,0,0,0,0,0,0,0,0,0,1001014_icon,gift_des_501,0,1,0
1000011,活跃任务积分道具（不显示）,,2,99,,0,0,0,99999999,,0,0,,0,0,0,0,0,0,0,0,0,0,0,0,0,1,0
1000012,阅历点（不显示）,,2,99,,0,0,0,99999999,,0,0,,0,0,0,0,0,0,0,0,0,0,0,0,0,1,0
1000013,首充道具（不显示，首充任务道具条件）,,2,99,,0,0,0,99999999,,0,0,,0,0,0,0,0,0,0,0,0,0,0,0,0,1,0
1000014,公会boss门票,item_name_1000014,2,17,,0,0,0,0,,0,0,,10001,1007,0,0,0,0,0,0,0,0,1000014_icon,item_des_1000014,item_function_1000014,1,0
1000015,每日boss门票,item_name_1000015,2,17,,0,0,0,0,,0,0,,0,1009,0,0,0,0,0,0,0,0,1000015_icon,item_des_1000015,item_function_1000015,1,0
1000016,星魂力(备用体力),item_name_1000016,2,5,,0,0,0,10000,,110016,0,,0,0,10000,0,0,0,0,0,0,0,1000016_icon,item_des_1000016,item_function_1000016,1,0
1000017,神谕司邀请函门票,item_name_1000017,2,17,,0,0,0,0,,0,0,,0,1010,0,0,0,0,0,0,0,0,1000017_icon,item_des_1000017,item_function_1000017,1,0
1000018,(新皮肤代币),item_name_1000018,3,19,,0,0,0,99999999,,0,0,,0,0,0,0,0,0,0,0,0,0,1000018_icon,item_des_1000018,item_function_1001037,1,0
1000019,收契徽记（集换卡分解获得）,item_name_1000019,4,19,,0,0,0,99999999,,0,0,,0,0,0,0,0,0,0,0,0,0,1000019_icon,item_des_1000019,item_function_1000019,1,0
1001003,圣殿币(日常商店用),item_name_1001003,1,19,,0,0,0,99999999,,0,0,,0,0,0,0,0,0,0,0,0,0,1001003_icon,item_des_1001003,item_function_1001003,1,0
1001015,蓝尖方(蓝尖方商店用),item_name_1001015,2,19,,0,0,0,99999999,,0,0,,0,0,0,0,0,0,0,0,0,0,1001015_icon,item_des_1001015,item_function_1001015,1,0
1001016,绿尖方(绿尖方商店用),item_name_1001016,3,19,,0,0,0,99999999,,0,0,,0,0,0,0,0,0,0,0,0,0,1001016_icon,item_des_1001016,item_function_1001016,1,0
1001005,友情点(友情商店用),item_name_1001005,2,19,,0,0,0,99999999,,0,0,,0,0,0,0,0,0,0,0,0,0,1001005_icon,item_des_1001005,item_function_1001005,1,0
1001017,混乱铭牌(混乱商店),item_name_1001017,2,19,,0,0,0,99999999,,0,0,,0,0,0,0,0,0,0,0,0,0,1001017_icon,item_des_1001017,item_function_1001017,1,0
1001018,荣耀之证(圣别之塔局内),item_name_1001018,2,1,,0,0,0,99999999,,0,0,,0,0,0,0,0,0,0,0,0,0,1001018_icon,item_des_1001018,item_function_1001018,1,0
1001019,深渊结晶(深渊商店),item_name_1001019,2,19,,0,0,0,99999999,,0,0,,0,0,0,0,0,0,0,0,0,0,1001010_icon,item_des_1001019,item_function_1001019,1,0
1001021,录影石,item_name_1001021,1,1,,0,0,0,99999999,,0,0,,0,0,0,0,0,0,0,0,0,0,1001021_icon,item_des_1001021,item_function_1001021,1,0
1001007,归行票证经验,item_name_1001007,1,1,,0,0,0,0,,0,0,,0,0,0,0,0,0,0,0,0,0,1001007_icon,item_des_1001007,item_function_1001007,1,0
1001008,回归任务经验,item_name_1001008,1,1,,0,0,0,0,,0,0,,0,0,0,0,0,0,0,0,0,0,1001008_icon,item_des_1001008,item_function_1001008,1,0
1001026,祈愿铜币(桃活动代币),item_name_1001026,2,19,,0,0,0,99999999,,0,0,,0,0,0,0,0,0,0,0,0,0,1001026_icon,item_des_1001026,item_function_1001026,1,1
1001027,怪物精魄(怪物阵列活动币A),item_name_1001027,2,19,,0,0,0,99999999,,0,0,,0,0,0,0,0,0,0,0,0,0,1001027_icon,item_des_1001027,item_function_1001027,1,0
1001028,魔物灵质(怪物阵列活动币B),item_name_1001028,2,19,,0,0,0,99999999,,0,0,,0,0,0,0,0,0,0,0,0,0,1001028_icon,item_des_1001028,item_function_1001028,1,0
1001038,真理徽章(怪物阵列活动币C),item_name_1001038,2,19,,0,0,0,99999999,,0,0,,0,0,0,0,0,0,0,0,0,0,1001038_icon,item_des_1001038,item_function_1001038,1,0
1001039,s圣息徽章(无限活力活动),item_name_1001039,2,19,,0,0,0,99999999,,0,0,,0,0,0,0,0,0,0,0,0,0,1001039_icon,item_des_1001039,item_function_1001039,1,1
1001040,s恶魔蜜酿(昔莱活动),item_name_1001040,2,19,,0,0,0,99999999,,0,0,,0,0,0,0,0,0,0,0,0,0,1001040_icon,item_des_1001040,item_function_1001040,1,1
1001041,s红簌币(大波斯菊活动),item_name_1001041,2,19,,0,0,0,99999999,,0,0,,0,0,0,0,0,0,0,0,0,0,1002041_icon,item_des_1001041,item_function_1001041,1,1
1001042,s飞禽纪念币(奈奥米活动),item_name_1001042,2,19,,0,0,0,99999999,,0,0,,0,0,0,0,0,0,0,0,0,0,1002042_icon,item_des_1001042,item_function_1001042,1,1
1001043,s龙纹红包(极焰活动),item_name_1001043,2,19,,0,0,0,99999999,,0,0,,0,0,0,0,0,0,0,0,0,0,1001043_icon,item_des_1001043,item_function_1001043,1,1
1001044,s花蝶券(扭蛋活动),item_name_1001044,2,19,,0,0,0,99999999,,0,0,,0,0,0,0,0,0,0,0,0,0,1001044_icon,item_des_1001044,item_function_1001044,1,1
1001045,s幻梦银勋(梦域商店),item_name_1001045,2,19,,0,0,0,99999999,,0,0,,0,0,0,0,0,0,0,0,0,0,1001045_icon,item_des_1001045,item_function_1001045,1,0
1001046,s甜甜圈(露易丝活动),item_name_1001046,2,19,,0,0,0,99999999,,0,0,,0,0,0,0,0,0,0,0,0,0,1001046_icon,item_des_1001046,item_function_1001046,1,0
1001047,s金色罗盘(恋花和花梨活动),item_name_1001047,2,19,,0,0,0,99999999,,0,0,,0,0,0,0,0,0,0,0,0,0,1001047_icon,item_des_1001047,item_function_1001047,1,0
1001048,s美神金币(诺维娅活动),item_name_1001048,2,19,,0,0,0,99999999,,0,0,,0,0,0,0,0,0,0,0,0,0,1001048_icon,item_des_1001048,item_function_1001048,1,0
1001049,挑战次数(专武次数),item_name_1001049,2,1,,0,0,0,99999999,,0,0,,0,0,0,0,0,0,0,0,0,0,1001049_icon,item_des_1001049,item_function_1001049,1,0
1001050,骚灵币(骚灵商店),item_name_1001050,3,19,,0,0,0,99999999,,0,0,,0,0,0,0,0,0,0,0,0,0,1001050_icon,item_des_1001050,item_function_1001050,1,0
1001051,喧闹鬼的邀请函(增加挑战次数道具),item_name_1001051,3,3,,0,0,0,99999999,,0,0,,0,0,0,0,0,0,0,0,0,0,1001051_icon,item_des_1001051,item_function_1001051,1,0
1001052,香薰蜡烛(专武抽卡券),item_name_1001052,3,19,,0,0,0,99999999,,0,0,,0,0,0,0,0,0,0,0,0,0,1001052_icon_2,item_des_1001052,item_function_1001052,1,1
1001053,大物诗篇(专武绿方尖),item_name_1001053,3,19,,0,0,0,99999999,,0,0,,0,0,0,0,0,0,0,0,0,0,1001053_icon,item_des_1001053,item_function_1001053,1,0
1001054,泥板书(专武蓝方尖),item_name_1001054,3,19,,0,0,0,99999999,,0,0,,0,0,0,0,0,0,0,0,0,0,1001054_icon,item_des_1001054,item_function_1001054,1,0
1001055,岁序之约(心愿单道具-龙年),item_name_1001055,4,19,,0,0,0,99999999,,0,0,,0,0,0,0,0,0,0,0,0,0,1001055_icon,item_des_1001055,item_function_1001055,1,0
1001056,红豆刨冰(闪乱神乐联动代币),item_name_1001056,2,1,,0,0,0,99999999,,0,0,,0,0,0,0,0,0,0,0,0,0,1001056_icon,item_des_1001056,item_function_1001056,1,0
1001057,美神金币-伪(黑音白夜活动代币),item_name_1001057,2,1,,0,0,0,99999999,,0,0,,0,0,0,0,0,0,0,0,0,0,1001057_icon,item_des_1001057,item_function_1001057,1,0
1001058,凋落的泥砂(周年庆代币),item_name_1001058,2,1,,0,0,0,99999999,,0,0,,0,0,0,0,0,0,0,0,0,0,1001058_icon,item_des_1001058,item_function_1001058,1,0
1001059,不融雪人(卡洛蒂活动代币),item_name_1001059,2,1,,0,0,0,99999999,,0,0,,0,0,0,0,0,0,0,0,0,0,1001059_icon,item_des_1001059,item_function_1001059,1,0
1001061,公会币,item_name_1001061,2,1,,0,0,0,99999999,,0,0,,0,0,0,0,0,0,0,0,0,0,1001061_icon,item_des_1001061,item_function_1001061,1,0
1001062,公会经验,item_name_1001062,3,24,,0,0,0,99999999,,0,0,,0,0,0,0,0,0,0,0,0,0,1001062_icon,item_des_1001062,item_function_1001062,1,0
1001063,映像光球(高级插画货币),item_name_1001063,2,19,,0,0,0,99999999,,0,0,,0,0,0,0,0,0,0,0,0,0,1001063_icon,item_des_1001063,item_function_1001063,1,0
1001064,映像光片(低级插画货币),item_name_1001064,2,19,,0,0,0,99999999,,0,0,,0,0,0,0,0,0,0,0,0,0,1001064_icon,item_des_1001064,item_function_1001064,1,0
1001065,公会活跃每日任务积分,item_name_1001065,2,99,,0,0,0,99999999,,0,0,,0,0,0,0,0,0,0,2,0,0,1001065_icon,item_des_1001065,item_function_1001065,1,0
1001066,公会活跃每周任务积分,item_name_1001066,2,99,,0,0,0,99999999,,0,0,,0,0,0,0,0,0,0,3,0,0,1001066_icon,item_des_1001066,item_function_1001066,1,0
1001067,香薰蜡烛(专武抽卡券)-限时,item_name_1001067,3,19,,0,0,0,99999999,,0,0,,0,0,0,0,0,0,0,0,0,0,1001067_icon,item_des_1001067,item_function_1001067,1,1
1001068,完美绑架信(爱尔维拉活动代币),item_name_1001068,2,19,,0,0,0,0,,0,0,,0,0,0,0,0,0,0,0,0,0,1001068_icon,item_des_1001068,item_function_1001068,1,0
1001001,星痕之页(抽卡券),item_name_1001001,3,19,,0,0,0,99999999,,0,0,,5,0,0,0,0,0,0,0,0,0,1001001_icon,item_des_1001001,item_function_1001001,1,1
1001002,星痕之页(UP池抽卡券),item_name_1001002,3,19,,0,0,0,99999999,,0,0,,5,0,0,0,0,0,0,0,0,0,1001002_icon,item_des_1001002,item_function_1001002,1,1
1001104,臻痕之页(桃UP池抽卡券),item_name_1001104,3,82,,0,0,0,99999999,,0,0,,0,3014009,0,0,0,0,0,0,0,0,1001104_icon,item_des_1001104,item_function_1001104,1,1
1001105,臻痕之页(瑞比娅UP池抽卡券),item_name_1001105,3,82,,0,0,0,99999999,,0,0,,0,3016010,0,0,0,0,0,0,0,0,1001105_icon,item_des_1001105,item_function_1001105,1,1
1001106,臻痕之页(塞雷斯蒂娜抽卡券),item_name_1001106,3,82,,0,0,0,99999999,,0,0,,0,3016024,0,0,0,0,0,0,0,0,1001106_icon,item_des_1001106,item_function_1001106,1,1
1001107,臻痕之页(异邦波斯菊UP池抽卡券),item_name_1001107,3,82,,0,0,0,99999999,,0,0,,0,3016187,0,0,0,0,0,0,0,0,1001107_icon,item_des_1001107,item_function_1001107,1,1
1001108,臻痕之页(昔莱UP池抽卡券),item_name_1001108,3,82,,0,0,0,99999999,,0,0,,0,3016078,0,0,0,0,0,0,0,0,1001108_icon,item_des_1001108,item_function_1001108,1,1
1001109,臻痕之页(奈奥米抽卡券),item_name_1001109,3,82,,0,0,0,99999999,,0,0,,0,3016020,0,0,0,0,0,0,0,0,1001106_icon,item_des_1001109,item_function_1001109,1,1
1001110,臻痕之页(诺维亚抽卡券),item_name_1001110,3,82,,0,0,0,99999999,,0,0,,0,3015001,0,0,0,0,0,0,0,0,1001105_icon,item_des_1001110,item_function_1001110,1,1
1001111,臻痕之页(爱尔维拉抽卡券),item_name_1001111,3,82,,0,0,0,99999999,,0,0,,0,3016191,0,0,0,0,0,0,0,0,1001104_icon,item_des_1001111,item_function_1001111,1,1
1001011,骰子(签到骰子),item_name_1001011,2,1,,0,0,0,99999999,,0,0,,0,0,0,0,0,0,0,0,0,0,1001011_icon,item_des_1001011,item_function_1001011,1,0
1001012,遥控骰子(签到骰子),item_name_1001012,2,1,,0,0,0,99999999,,0,0,,0,0,0,0,0,0,0,0,0,0,1001012_icon,item_des_1001012,item_function_1001012,1,0
1001013,改名卡,item_name_1001013,4,19,,0,0,0,99999999,,0,0,,5,0,0,0,0,0,0,0,0,0,1001013_icon,item_des_1001013,item_function_1001013,1,1
1001014,免费限时骰子（签到骰子）,item_name_1001014,2,99,,0,0,0,99999999,,0,0,,0,0,0,0,0,0,0,2,1,0,1001011_icon,item_des_1001014,item_function_1001014,1,0
1001022,恩赐灵光(奖励翻倍道具),item_name_1001022,2,3,,0,0,0,99999999,,0,0,,0,0,0,0,0,0,0,0,0,0,1001022_icon,item_des_1001022,item_function_1001022,1,1
1002801,高级料理拼盘(料理礼包),item_name_1002801,3,5,5,0,0,0,99999999,,1002801,0,,0,0,0,0,0,0,0,0,0,0,1002801_icon,item_des_1002801,item_function_1002801,1,1
1001023,小型星魂精髓(体力药水小),item_name_1001023,1,5,5,0,0,0,99999999,,10010231,0,,5,0,0,0,0,0,0,0,0,0,1001023_icon,item_des_1001023,item_function_1001023,1,1
1001024,中型星魂精髓(体力药水中),item_name_1001024,2,5,5,0,0,0,99999999,,10010242,0,,5,0,0,0,0,0,0,0,0,0,1001024_icon,item_des_1001024,item_function_1001024,1,1
1001025,大型星魂精髓(体力药水大),item_name_1001025,3,5,5,0,0,0,99999999,,10010253,0,,5,0,0,0,0,0,0,0,0,0,1001025_icon,item_des_1001025,item_function_1001025,1,1
1001029,列阵卷轴(魔物列阵挑战券),item_name_1001029,2,17,,0,0,0,99999999,,0,0,,0,1008,0,0,0,0,0,0,0,0,1001029_icon,item_des_1001029,item_function_1001029,1,1
1002103,初级突破材料自选包(突破自选低),item_name_1002103,1,7,7,0,0,0,99999999,,0,"1006101,1;1006102,1;1006103,1;1006104,1;1006105,1;1006106,1;1006107,1",,0,0,0,0,0,0,0,0,0,0,1002103_icon,item_des_1002103,item_function_1002103,1,1
1002102,中级突破材料自选包(突破自选中),item_name_1002102,2,7,7,0,0,0,99999999,,0,"1006108,1;1006109,1;1006110,1;1006111,1;1006112,1;1006113,1;1006114,1",,0,0,0,0,0,0,0,0,0,0,1002102_icon,item_des_1002102,item_function_1002102,1,1
1002101,高级突破材料自选包(突破自选高),item_name_1002101,3,7,7,0,0,0,99999999,,0,"1006115,1;1006116,1;1006117,1;1006118,1;1006119,1;1006120,1;1006121,1",,0,0,0,0,0,0,0,0,0,0,1002101_icon,item_des_1002101,item_function_1002101,1,1
1002122,中级礼物自选盒(好感自选中),item_name_1002122,2,7,7,0,0,0,99999999,,0,"1006604,1;1006605,1;1006606,1",,0,0,0,0,0,0,0,0,0,0,1002122_icon,item_des_1002122,item_function_1002122,1,1
1002121,高级礼物自选盒(好感自选高),item_name_1002121,3,7,7,0,0,0,99999999,,0,"1006607,1;1006608,1;1006609,1",,0,0,0,0,0,0,0,0,0,0,1002121_icon,item_des_1002121,item_function_1002121,1,1
1002133,初级礼物福袋(好感随机低),item_name_1002133,1,6,6,0,0,0,99999999,,1002133,0,,0,0,0,0,0,0,0,0,0,0,1002133_icon,item_des_1002133,item_function_1002133,1,1
1002134,中级礼物福袋(好感随机中),item_name_1002134,1,6,6,0,0,0,99999999,,1002134,0,,0,0,0,0,0,0,0,0,0,0,1002122_icon,item_des_1002134,item_function_1002134,1,1
1002135,高级礼物福袋(好感随机高),item_name_1002135,1,6,6,0,0,0,99999999,,1002135,0,,0,0,0,0,0,0,0,0,0,0,1002121_icon,item_des_1002135,item_function_1002135,1,1
1002141,自选材料初级礼包(1级材料自选),item_name_1002141,1,7,7,0,0,0,99999999,,0,"1006201,1;1006202,1;1006203,1;1006204,1;1006205,1;1006206,1;1006207,1",,0,0,0,0,0,0,0,0,0,0,1002141_icon,item_des_1002141,item_function_1002141,1,1
1002142,自选材料中级礼包(2级材料自选),item_name_1002142,2,7,7,0,0,0,99999999,,0,"1006201,3;1006202,3;1006203,3;1006204,3;1006205,3;1006206,3;1006207,3",,0,0,0,0,0,0,0,0,0,0,1002142_icon,item_des_1002142,item_function_1002142,1,1
1002143,自选材料高级礼包(3级材料自选),item_name_1002143,3,7,7,0,0,0,99999999,,0,"1006201,9;1006202,9;1006203,9;1006204,9;1006205,9;1006206,9;1006207,9",,0,0,0,0,0,0,0,0,0,0,1002143_icon,item_des_1002143,item_function_1002143,1,1
1002144,自选材料特级礼包(4级材料自选),item_name_1002144,4,7,7,0,0,0,99999999,,0,"1006201,27;1006202,27;1006203,27;1006204,27;1006205,27;1006206,27;1006207,27",,0,0,0,0,0,0,0,0,0,0,1002144_icon,item_des_1002144,item_function_1002144,1,1
1002151,随机材料初级礼包(1级材料随机),item_name_1002151,1,6,6,0,0,0,99999999,,1002151,0,,0,0,0,0,0,0,0,0,0,0,1002151_icon,item_des_1002151,item_function_1002151,1,1
1002152,随机材料中级礼包(2级材料随机),item_name_1002152,2,6,6,0,0,0,99999999,,1002152,0,,0,0,0,0,0,0,0,0,0,0,1002152_icon,item_des_1002152,item_function_1002152,1,1
1002153,随机材料高级礼包(3级材料随机),item_name_1002153,3,6,6,0,0,0,99999999,,1002153,0,,0,0,0,0,0,0,0,0,0,0,1002153_icon,item_des_1002153,item_function_1002153,1,1
1002154,随机材料特级礼包(4级材料随机),item_name_1002154,4,6,6,0,0,0,99999999,,1002154,0,,0,0,0,0,0,0,0,0,0,0,1002154_icon,item_des_1002154,item_function_1002154,1,1
1002161,符文自选箱（混合）,item_name_1002161,4,25,25,0,0,0,99999999,,0,"1100001,1100002,1100003,1100004,1100005,1100006,1100007,1100008",,0,0,0,0,0,0,0,0,0,0,1002161_icon,item_des_1002161,item_function_1002161,1,1
1002162,符文随机箱（混合）,item_name_1002162,4,25,25,0,0,0,99999999,,0,"1100033,1100034,1100035,1100036,1100037,1100038,1100039,1100040",,0,0,0,0,0,0,0,0,0,0,1002162_icon,item_des_1002162_1,item_function_1002162,1,1
1002163,符文自选箱（低级）,item_name_1002163,2,25,25,0,0,0,99999999,,0,"1100009,1100010,1100011,1100012,1100013,1100014,1100015,1100016",,0,0,0,0,0,0,0,0,0,0,1002161_icon,item_des_1002161,item_function_1002161,1,1
1002164,符文自选箱（中级）,item_name_1002164,3,25,25,0,0,0,99999999,,0,"1100017,1100018,1100019,1100020,1100021,1100022,1100023,1100024",,0,0,0,0,0,0,0,0,0,0,1002161_icon,item_des_1002161,item_function_1002161,1,1
1002165,符文自选箱（高级）,item_name_1002165,4,25,25,0,0,0,99999999,,0,"1100025,1100026,1100027,1100028,1100029,1100030,1100031,1100032",,0,0,0,0,0,0,0,0,0,0,1002161_icon,item_des_1002161,item_function_1002161,1,1
1002171,觉醒之匣(5星觉醒自选礼包),item_name_1002171,4,7,7,0,0,0,99999999,,0,"1006951,1;1006952,1;1006953,1;1006954,1;1006955,1;1006956,1;1006957,1",,0,0,0,0,0,0,0,0,0,0,1002171_icon,item_des_1002171,item_function_1002171,1,1
1002172,远航者的包裹(5星觉醒自选*4),item_name_1002172,4,7,7,0,0,0,99999999,,0,"1006951,4;1006952,4;1006953,4;1006954,4;1006955,4;1006956,4;1006957,4",,0,0,0,0,0,0,0,0,0,0,1002172_icon,item_des_1002172,item_function_1002172,1,1
1002173,晨星礼匣(4星觉醒自选礼包),item_name_1002173,4,7,7,0,0,0,99999999,,0,"1006941,1;1006942,1;1006943,1;1006944,1;1006945,1;1006946,1;1006947,1",,0,0,0,0,0,0,0,0,0,0,1002173_icon,item_des_1002173,item_function_1002173,1,1
1002174,远航者的包裹(3星觉醒自选礼包),item_name_1002174,3,7,7,0,0,0,99999999,,0,"1006931,1;1006932,1;1006933,1;1006934,1;1006935,1;1006936,1;1006937,1",,0,0,0,0,0,0,0,0,0,0,1002174_icon,item_des_1002174,item_function_1002174,1,1
1002200,魔物随机箱（魔物列阵）,item_name_1002200,3,6,6,0,0,0,99999999,,1014500,,,0,0,0,0,0,0,0,0,0,0,1002161_icon,item_des_1002200,item_function_1002200,1,1
1002201,魔物自选箱（魔物列阵）,item_name_1002201,4,7,7,0,0,0,99999999,,0,"3050001,1;30500011,1;30500012,1;3050002,1;30500021,1;30500022,1;3050003,1;30500031,1;30500032,1;3050004,1;30500041,1;30500042,1;30500043,1;3050005,1;30500051,1;30500052,1;3050006,1;30500061,1;30500062,1;3050007,1;30500071,1;30500072,1;3050011,1;30500111,1;30500112,1;3050012,1;30500121,1;30500122,1;30500131,1;3050013,1;30500132,1;3050014,1;30500141,1;30500142,1;3050015,1;30500151,1;30500152,1;3050016,1;30500161,1;30500162,1;3050017,1;30500171,1;30500172,1;3050036,1;30500361,1;3050037,1;30500371,1;3050046,1;30500461,1;3050047,1;30500471,1",,0,0,0,0,0,0,0,0,0,0,1002162_icon,item_des_1002201,item_function_1002201,1,1
1002900,五星星痕自选包Ⅰ(星痕自选礼包1)国服专用,item_name_1002901,3,7,7,0,0,0,99999999,,0,"3014024,1;3014025,1;3015002,1;3015004,1;3015006,1;3015007,1;3015008,1;3016009,1;3016031,1;3016130,1;3014023,1",,0,0,0,0,0,0,0,0,0,0,1002901_icon,item_des_1002900,item_function_1002900,1,1
1002901,五星星痕自选包Ⅰ(星痕自选礼包1),item_name_1002901,3,7,7,0,0,0,99999999,,0,"3014024,1;3014025,1;3015002,1;3015004,1;3015006,1;3015007,1;3015008,1;3016009,1;3016031,1;3016130,1",,0,0,0,0,0,0,0,0,0,0,1002901_icon,item_des_1002901,item_function_1002901,1,1
1002902,五星星痕自选包Ⅱ(星痕自选礼包2),item_name_1002902,3,7,7,0,0,0,99999999,,0,0,,0,0,0,0,0,0,0,0,0,0,1002901_icon,item_des_1002902,item_function_1002902,1,1
1002903,五星星痕自选包Ⅲ(星痕自选礼包3),item_name_1002903,3,7,7,0,0,0,99999999,,0,0,,0,0,0,0,0,0,0,0,0,0,1002901_icon,item_des_1002903,item_function_1002903,1,1
1002904,五星星痕自选包IV(星痕自选礼包4),item_name_1002904,3,7,7,0,0,0,99999999,,0,0,,0,0,0,0,0,0,0,0,0,0,1002901_icon,item_des_1002904,item_function_1002904,1,1
1002905,五星星痕自选包Ⅴ(星痕自选礼包5),item_name_1002905,3,7,7,0,0,0,99999999,,0,0,,0,0,0,0,0,0,0,0,0,0,1002901_icon,item_des_1002905,item_function_1002905,1,1
1002906,神谕星痕召唤匣(星痕自选礼包6),item_name_1002906,3,7,7,0,0,0,99999999,,0,0,,0,0,0,0,0,0,0,0,0,0,1002901_icon,item_des_1002906,item_function_1002906,1,1
1002907,神谕星痕召唤匣(星痕自选礼包7),item_name_1002906,3,7,7,0,0,0,99999999,,0,0,,0,0,0,0,0,0,0,0,0,0,1002901_icon,item_des_1002907,item_function_1002907,1,1
1002908,神谕星痕召唤匣(星痕自选礼包8),item_name_1002906,3,7,7,0,0,0,99999999,,0,0,,0,0,0,0,0,0,0,0,0,0,1002901_icon,item_des_1002908,item_function_1002908,1,1
1002909,神谕星痕召唤匣(星痕自选礼包9),item_name_1002906,3,7,7,0,0,0,99999999,,0,0,,0,0,0,0,0,0,0,0,0,0,1002901_icon,item_des_1002909,item_function_1002909,1,1
1002910,四星星痕自选包,item_name_1002910,3,7,7,0,0,0,99999999,,0,"3013003,1;3013004,1;3013006,1;3013015,1;3014001,1;3014005,1;3014019,1;3014020,1;3014021,1;3014022,1;3014026,1;3014027,1;3016011,1;3016068,1;3013019,1",,0,0,0,0,0,0,0,0,0,0,1002901_icon,item_des_1002910,item_function_1002910,1,1
1002911,四星星痕自选包（北美无弥生）,item_name_1002910,3,7,7,0,0,0,99999999,,0,"3013003,1;3013004,1;3013006,1;3013015,1;3014001,1;3014019,1;3014020,1;3014021,1;3014022,1;3014026,1;3014027,1;3016011,1;3016068,1;3013019,1",,0,0,0,0,0,0,0,0,0,0,1002901_icon,item_des_1002911,item_function_1002911,1,1
1002971,心海忆梦匣(专武自选礼包1),item_name_1002971,3,7,7,0,0,0,99999999,,0,"1007031,1;1007032,1;1007035,1;1007036,1;1007037,1;1007038,1;1007039,1;1007040,1;1007041,1;1007042,1;1007045,1;1007049,1;1007053,1",,0,0,0,0,0,0,0,0,0,0,1002971_icon,item_des_1002971,item_function_1002971,1,1
1002972,心海忆梦匣(专武自选礼包2),item_name_1002971,3,7,7,0,0,0,99999999,,0,0,,0,0,0,0,0,0,0,0,0,0,1002971_icon,item_des_1002972,item_function_1002972,1,1
1002973,心海忆梦匣(专武自选礼包3),item_name_1002971,3,7,7,0,0,0,99999999,,0,0,,0,0,0,0,0,0,0,0,0,0,1002971_icon,item_des_1002973,item_function_1002973,1,1
1003001,星痕圣殿工资1,item_name_1003001,1,6,6,0,0,0,0,,0,0,,0,0,0,0,0,0,0,0,0,0,1003001_icon,item_des_1003001,item_function_1003001,1,0
1003006,自宅工资1,item_name_1003001,1,6,6,0,0,0,0,,0,0,,0,0,0,0,0,0,0,0,0,0,1003006_icon,item_des_1003006,item_function_1003006,1,1
1003011,餐厅工资1,item_name_1003001,1,6,6,0,0,0,0,,0,0,,0,0,0,0,0,0,0,0,0,0,1003011_icon,item_des_1003011,item_function_1003011,1,1
1003016,娱乐室工资1,item_name_1003001,1,6,6,0,0,0,0,,0,0,,0,0,0,0,0,0,0,0,0,0,1003016_icon,item_des_1003016,item_function_1003016,1,1
1003002,星痕圣殿工资2,item_name_1003001,1,6,6,0,0,0,0,,0,0,,0,0,0,0,0,0,0,0,0,0,1003001_icon,item_des_1003002,item_function_1003002,1,1
1003007,自宅工资2,item_name_1003001,1,6,6,0,0,0,0,,0,0,,0,0,0,0,0,0,0,0,0,0,1003006_icon,item_des_1003007,item_function_1003007,1,1
1003012,餐厅工资2,item_name_1003001,1,6,6,0,0,0,0,,0,0,,0,0,0,0,0,0,0,0,0,0,1003011_icon,item_des_1003012,item_function_1003012,1,1
1003017,娱乐室工资2,item_name_1003001,1,6,6,0,0,0,0,,0,0,,0,0,0,0,0,0,0,0,0,0,1003016_icon,item_des_1003017,item_function_1003017,1,1
1003003,星痕圣殿工资3,item_name_1003001,2,6,6,0,0,0,0,,0,0,,0,0,0,0,0,0,0,0,0,0,1003001_icon,item_des_1003003,item_function_1003003,1,1
1003008,自宅工资3,item_name_1003001,2,6,6,0,0,0,0,,0,0,,0,0,0,0,0,0,0,0,0,0,1003006_icon,item_des_1003008,item_function_1003008,1,1
1003013,餐厅工资3,item_name_1003001,2,6,6,0,0,0,0,,0,0,,0,0,0,0,0,0,0,0,0,0,1003011_icon,item_des_1003013,item_function_1003013,1,1
1003018,娱乐室工资3,item_name_1003001,2,6,6,0,0,0,0,,0,0,,0,0,0,0,0,0,0,0,0,0,1003016_icon,item_des_1003018,item_function_1003018,1,1
1003004,星痕圣殿工资4,item_name_1003001,2,6,6,0,0,0,0,,0,0,,0,0,0,0,0,0,0,0,0,0,1003001_icon,item_des_1003004,item_function_1003004,1,1
1003009,自宅工资4,item_name_1003001,2,6,6,0,0,0,0,,0,0,,0,0,0,0,0,0,0,0,0,0,1003006_icon,item_des_1003009,item_function_1003009,1,1
1003014,餐厅工资4,item_name_1003001,2,6,6,0,0,0,0,,0,0,,0,0,0,0,0,0,0,0,0,0,1003011_icon,item_des_1003014,item_function_1003014,1,1
1003019,娱乐室工资4,item_name_1003001,2,6,6,0,0,0,0,,0,0,,0,0,0,0,0,0,0,0,0,0,1003016_icon,item_des_1003019,item_function_1003019,1,1
1003005,星痕圣殿工资5,item_name_1003001,3,6,6,0,0,0,0,,0,0,,0,0,0,0,0,0,0,0,0,0,1003001_icon,item_des_1003005,item_function_1003005,1,1
1003010,自宅工资5,item_name_1003001,3,6,6,0,0,0,0,,0,0,,0,0,0,0,0,0,0,0,0,0,1003006_icon,item_des_1003010,item_function_1003010,1,1
1003015,餐厅工资5,item_name_1003001,3,6,6,0,0,0,0,,0,0,,0,0,0,0,0,0,0,0,0,0,1003011_icon,item_des_1003015,item_function_1003015,1,1
1003020,娱乐室工资5,item_name_1003001,3,6,6,0,0,0,0,,0,0,,0,0,0,0,0,0,0,0,0,0,1003016_icon,item_des_1003020,item_function_1003020,1,1
1006505,星源晶魄碎片(星痕经验小),item_name_1006505,1,3,,0,0,0,99999999,,0,0,,"10003,5",0,0,0,0,0,0,0,0,0,1006505_icon,item_des_1006505,item_function_1006505,1,1
1006506,小型星源晶魄(星痕经验中),item_name_1006506,1,3,,0,0,0,99999999,,0,0,,"10003,5",0,0,0,0,0,0,0,0,0,1006506_icon,item_des_1006506,item_function_1006506,1,1
1006507,大型星源晶魄(星痕经验大),item_name_1006507,2,3,,0,0,0,99999999,,0,0,,"10003,5",0,0,0,0,0,0,0,0,0,1006507_icon,item_des_1006507,item_function_1006507,1,1
1006508,星源晶魄堆(星痕经验巨大),item_name_1006508,3,3,,0,0,0,99999999,,0,0,,"10003,5",0,0,0,0,0,0,0,0,0,1006508_icon,item_des_1006508,item_function_1006508,1,1
1006223,星痕之泪（魔女升级道具）,item_name_1006223,2,3,,0,0,0,99999999,,0,0,,0,0,0,0,0,0,0,0,0,0,1006223_icon,item_des_1006223,item_function_1006223,1,1
1006250,灰烬圣化剂(专武经验小),item_name_1006250,2,3,,0,0,0,99999999,,0,0,,"10036,5",0,0,0,0,0,0,0,0,0,1006250_icon,item_des_1006250,item_function_1006250,1,1
1006251,香草圣化剂(专武经验中),item_name_1006251,2,3,,0,0,0,99999999,,0,0,,"10036,5",0,0,0,0,0,0,0,0,0,1006251_icon,item_des_1006251,item_function_1006251,1,1
1006252,岩晶圣化剂(专武经验大),item_name_1006252,2,3,,0,0,0,99999999,,0,0,,"10036,5",0,0,0,0,0,0,0,0,0,1006252_icon,item_des_1006252,item_function_1006252,1,1
1006699,星斑玉(好感度突破道具),item_name_1006699,4,3,,0,0,0,99999999,,0,0,,5,0,0,0,0,0,0,0,0,0,1006699_icon,item_des_1006699,item_function_1006699,1,1
1006253,圣化牵引符文(专武升级突破道具),item_name_1006253,4,3,,0,0,0,99999999,,0,0,,5,0,0,0,0,0,0,0,0,0,1006253_icon,item_des_1006253,item_function_1006253,1,1
1006222,琳文石(符文洗练材料),item_name_1006222,3,3,,0,0,0,99999999,,0,0,,"5,1403,1404",0,0,0,0,0,0,0,0,0,1006222_icon,item_des_1006222,item_function_1006222,1,1
1006201,塔利尔达巨角(1级材料1),item_name_1006201,3,3,,0,0,0,99999999,,0,0,,"5,11002141,11002142,11002143,4,3",0,0,0,0,0,0,0,0,0,1006215_icon,item_des_1006201,item_function_1006201,1,1
1006202,血兆骨杯(1级材料2),item_name_1006202,3,3,,0,0,0,99999999,,0,0,,"5,11002141,11002142,11002143,4,3",0,0,0,0,0,0,0,0,0,1006216_icon,item_des_1006202,item_function_1006202,1,1
1006203,炎武之遗(1级材料3),item_name_1006203,3,3,,0,0,0,99999999,,0,0,,"5,11002141,11002142,11002143,4,3",0,0,0,0,0,0,0,0,0,1006217_icon,item_des_1006203,item_function_1006203,1,1
1006204,恶念之滴(1级材料4),item_name_1006204,3,3,,0,0,0,99999999,,0,0,,"5,11002141,11002142,11002143,4,3",0,0,0,0,0,0,0,0,0,1006218_icon,item_des_1006204,item_function_1006204,1,1
1006205,希楠之约(1级材料5),item_name_1006205,3,3,,0,0,0,99999999,,0,0,,"5,11002141,11002142,11002143,4,3",0,0,0,0,0,0,0,0,0,1006219_icon,item_des_1006205,item_function_1006205,1,1
1006206,光辉权杖(1级材料6),item_name_1006206,3,3,,0,0,0,99999999,,0,0,,"5,11002141,11002142,11002143,4,3",0,0,0,0,0,0,0,0,0,1006220_icon,item_des_1006206,item_function_1006206,1,1
1006207,盟者之钥(1级材料7),item_name_1006207,3,3,,0,0,0,99999999,,0,0,,"5,11002141,11002142,11002143,4,3",0,0,0,0,0,0,0,0,0,1006221_icon,item_des_1006207,item_function_1006207,1,1
1006208,恶魔之角(2级材料1),item_name_1006208,2,3,,0,0,0,99999999,,0,0,,"5,11002141,11002142,11002143,4,3",0,0,0,0,0,0,0,0,0,1006208_icon,item_des_1006208,item_function_1006208,1,1
1006209,秘银杯(2级材料2),item_name_1006209,2,3,,0,0,0,99999999,,0,0,,"5,11002142,4,3",0,0,0,0,0,0,0,0,0,1006209_icon,item_des_1006209,item_function_1006209,1,1
1006210,上古猎刃(2级材料3),item_name_1006210,2,3,,0,0,0,99999999,,0,0,,"5,11002142,4,3",0,0,0,0,0,0,0,0,0,1006210_icon,item_des_1006210,item_function_1006210,1,1
1006211,古树甘露(2级材料4),item_name_1006211,2,3,,0,0,0,99999999,,0,0,,"5,11002142,4,3",0,0,0,0,0,0,0,0,0,1006211_icon,item_des_1006211,item_function_1006211,1,1
1006212,黑暗之书(2级材料5),item_name_1006212,2,3,,0,0,0,99999999,,0,0,,"5,11002142,4,3",0,0,0,0,0,0,0,0,0,1006212_icon,item_des_1006212,item_function_1006212,1,1
1006213,修复的法杖(2级材料6),item_name_1006213,2,3,,0,0,0,99999999,,0,0,,"5,11002142,4,3",0,0,0,0,0,0,0,0,0,1006213_icon,item_des_1006213,item_function_1006213,1,1
1006214,矮人秘钥(2级材料7),item_name_1006214,2,3,,0,0,0,99999999,,0,0,,"5,11002142,4,3",0,0,0,0,0,0,0,0,0,1006214_icon,item_des_1006214,item_function_1006214,1,1
1006215,塔利尔达巨角1(3级材料1),item_name_1006215,3,3,,0,0,0,99999999,,0,0,,"5,11002143,4,3",0,0,0,0,0,0,0,0,0,1006215_icon,item_des_1006215,item_function_1006215,1,1
1006216,血兆骨杯1(3级材料2),item_name_1006216,3,3,,0,0,0,99999999,,0,0,,"5,11002143,4,3",0,0,0,0,0,0,0,0,0,1006216_icon,item_des_1006216,item_function_1006216,1,1
1006217,炎武之遗1(3级材料3),item_name_1006217,3,3,,0,0,0,99999999,,0,0,,"5,11002143,4,3",0,0,0,0,0,0,0,0,0,1006217_icon,item_des_1006217,item_function_1006217,1,1
1006218,恶念之滴1(3级材料4),item_name_1006218,3,3,,0,0,0,99999999,,0,0,,"5,11002143,4,3",0,0,0,0,0,0,0,0,0,1006218_icon,item_des_1006218,item_function_1006218,1,1
1006219,希楠之约1(3级材料5),item_name_1006219,3,3,,0,0,0,99999999,,0,0,,"5,11002143,4,3",0,0,0,0,0,0,0,0,0,1006219_icon,item_des_1006219,item_function_1006219,1,1
1006220,光辉权杖1(3级材料6),item_name_1006220,3,3,,0,0,0,99999999,,0,0,,"5,11002143,4,3",0,0,0,0,0,0,0,0,0,1006220_icon,item_des_1006220,item_function_1006220,1,1
1006221,盟者之钥1(3级材料7),item_name_1006221,3,3,,0,0,0,99999999,,0,0,,"5,11002143,4,3",0,0,0,0,0,0,0,0,0,1006221_icon,item_des_1006221,item_function_1006221,1,1
1006229,龙角(4级材料1),item_name_1006229,4,3,,0,0,0,99999999,,0,0,,"5,11002144,4,3",0,0,0,0,0,0,0,0,0,1006229_icon,item_des_1006229,item_function_1006229,1,1
1006230,圣杯(4级材料2),item_name_1006230,4,3,,0,0,0,99999999,,0,0,,"5,11002144,4,3",0,0,0,0,0,0,0,0,0,1006230_icon,item_des_1006230,item_function_1006230,1,1
1006231,荣耀遗辉(4级材料3),item_name_1006231,4,3,,0,0,0,99999999,,0,0,,"5,11002144,4,3",0,0,0,0,0,0,0,0,0,1006231_icon,item_des_1006231,item_function_1006231,1,1
1006232,天堂之水(4级材料4),item_name_1006232,4,3,,0,0,0,99999999,,0,0,,"5,11002144,4,3",0,0,0,0,0,0,0,0,0,1006232_icon,item_des_1006232,item_function_1006232,1,1
1006233,使徒之书(4级材料5),item_name_1006233,4,3,,0,0,0,99999999,,0,0,,"5,11002144,4,3",0,0,0,0,0,0,0,0,0,1006233_icon,item_des_1006233,item_function_1006233,1,1
1006234,神权余晖(4级材料6),item_name_1006234,4,3,,0,0,0,99999999,,0,0,,"5,11002144,4,3",0,0,0,0,0,0,0,0,0,1006234_icon,item_des_1006234,item_function_1006234,1,1
1006235,月之匙(4级材料7),item_name_1006235,4,3,,0,0,0,99999999,,0,0,,"5,11002144,4,3",0,0,0,0,0,0,0,0,0,1006235_icon,item_des_1006235,item_function_1006235,1,1
1006101,普通的诞生忆章(诞生突破道具低),item_name_1006101,1,3,,0,0,0,99999999,,0,0,,"5,11002103,10008",0,0,0,0,0,0,0,0,0,1006101_icon,item_des_1006101,item_function_1006101,1,1
1006102,普通的君王忆章(君王突破道具低),item_name_1006102,1,3,,0,0,0,99999999,,0,0,,"5,11002103,10006",0,0,0,0,0,0,0,0,0,1006102_icon,item_des_1006102,item_function_1006102,1,1
1006103,普通的传道忆章(传道突破道具低),item_name_1006103,1,3,,0,0,0,99999999,,0,0,,"5,11002103,10005",0,0,0,0,0,0,0,0,0,1006103_icon,item_des_1006103,item_function_1006103,1,1
1006104,普通的仆从忆章(仆从突破道具低),item_name_1006104,1,3,,0,0,0,99999999,,0,0,,"5,11002103,10007",0,0,0,0,0,0,0,0,0,1006104_icon,item_des_1006104,item_function_1006104,1,1
1006105,普通的神子忆章(神子突破道具低),item_name_1006105,1,3,,0,0,0,99999999,,0,0,,"5,11002103,10011",0,0,0,0,0,0,0,0,0,1006105_icon,item_des_1006105,item_function_1006105,1,1
1006106,普通的受难忆章(受难突破道具低),item_name_1006106,1,3,,0,0,0,99999999,,0,0,,"5,11002103,10010",0,0,0,0,0,0,0,0,0,1006106_icon,item_des_1006106,item_function_1006106,1,1
1006107,普通的人子忆章(人子突破道具低),item_name_1006107,1,3,,0,0,0,99999999,,0,0,,"5,11002103,10009",0,0,0,0,0,0,0,0,0,1006107_icon,item_des_1006107,item_function_1006107,1,1
1006108,精致的诞生忆章(诞生突破道具中),item_name_1006108,2,3,,0,0,0,99999999,,0,0,,"5,11002102,10008",0,0,0,0,0,0,0,0,0,1006108_icon,item_des_1006108,item_function_1006108,1,1
1006109,精致的君王忆章(君王突破道具中),item_name_1006109,2,3,,0,0,0,99999999,,0,0,,"5,11002102,10006",0,0,0,0,0,0,0,0,0,1006109_icon,item_des_1006109,item_function_1006109,1,1
1006110,精致的传道忆章(传道突破道具中),item_name_1006110,2,3,,0,0,0,99999999,,0,0,,"5,11002102,10005",0,0,0,0,0,0,0,0,0,1006110_icon,item_des_1006110,item_function_1006110,1,1
1006111,精致的仆从忆章(仆从突破道具中),item_name_1006111,2,3,,0,0,0,99999999,,0,0,,"5,11002102,10007",0,0,0,0,0,0,0,0,0,1006111_icon,item_des_1006111,item_function_1006111,1,1
1006112,精致的神子忆章(神子突破道具中),item_name_1006112,2,3,,0,0,0,99999999,,0,0,,"5,11002102,10011",0,0,0,0,0,0,0,0,0,1006112_icon,item_des_1006112,item_function_1006112,1,1
1006113,精致的受难忆章(受难突破道具中),item_name_1006113,2,3,,0,0,0,99999999,,0,0,,"5,11002102,10010",0,0,0,0,0,0,0,0,0,1006113_icon,item_des_1006113,item_function_1006113,1,1
1006114,精致的人子忆章(人子突破道具中),item_name_1006114,2,3,,0,0,0,99999999,,0,0,,"5,11002102,10009",0,0,0,0,0,0,0,0,0,1006114_icon,item_des_1006114,item_function_1006114,1,1
1006115,豪华的诞生忆章(诞生突破道具高),item_name_1006115,3,3,,0,0,0,99999999,,0,0,,"5,11002101,10008",0,0,0,0,0,0,0,0,0,1006115_icon,item_des_1006115,item_function_1006115,1,1
1006116,豪华的君王忆章(君王突破道具高),item_name_1006116,3,3,,0,0,0,99999999,,0,0,,"5,11002101,10006",0,0,0,0,0,0,0,0,0,1006116_icon,item_des_1006116,item_function_1006116,1,1
1006117,豪华的传道忆章(传道突破道具高),item_name_1006117,3,3,,0,0,0,99999999,,0,0,,"5,11002101,10005",0,0,0,0,0,0,0,0,0,1006117_icon,item_des_1006117,item_function_1006117,1,1
1006118,豪华的仆从忆章(仆从突破道具高),item_name_1006118,3,3,,0,0,0,99999999,,0,0,,"5,11002101,10007",0,0,0,0,0,0,0,0,0,1006118_icon,item_des_1006118,item_function_1006118,1,1
1006119,豪华的神子忆章(神子突破道具高),item_name_1006119,3,3,,0,0,0,99999999,,0,0,,"5,11002101,10011",0,0,0,0,0,0,0,0,0,1006119_icon,item_des_1006119,item_function_1006119,1,1
1006120,豪华的受难忆章(受难突破道具高),item_name_1006120,3,3,,0,0,0,99999999,,0,0,,"5,11002101,10010",0,0,0,0,0,0,0,0,0,1006120_icon,item_des_1006120,item_function_1006120,1,1
1006121,豪华的人子忆章(人子突破道具高),item_name_1006121,3,3,,0,0,0,99999999,,0,0,,"5,11002101,10009",0,0,0,0,0,0,0,0,0,1006121_icon,item_des_1006121,item_function_1006121,1,1
1006240,魂石（锁词条稀有度道具）,item_name_1006240,3,3,,0,0,0,99999999,,0,0,,5,0,0,0,0,0,0,0,0,0,1006240_icon,item_des_1006240,item_function_1006240,1,1
1006241,晶精（锁词条属性类型道具）,item_name_1006241,3,3,,0,0,0,99999999,,0,0,,5,0,0,0,0,0,0,0,0,0,1006241_icon,item_des_1006241,item_function_1006241,1,1
1006245,虚妄之实(星痕等级重置道具,item_name_1006245,4,3,,0,0,0,99999999,,0,0,,5,0,0,0,0,0,0,0,0,0,1006245_icon,item_des_1006245,item_function_1006245,1,1
1006246,弃誓者的赎像（魔女等级交换道具）,item_name_1006246,4,3,,0,0,0,99999999,,0,0,,5,0,0,0,0,0,0,0,0,0,1006246_icon,item_des_1006246,item_function_1006246,1,1
1006400,圣殿书篇(特殊技能材料),item_name_1006400,4,3,,0,0,0,99999999,,0,0,,5,0,0,0,0,0,0,0,0,0,1006400_icon,item_des_1006400,item_function_1006400,1,1
1006401,星痕篇章·乡野篇(技能材料1),item_name_1006401,1,3,,0,0,0,99999999,,0,0,,"5,10004",0,0,0,0,0,0,0,0,0,1006401_icon,item_des_1006401,item_function_1006401,1,1
1006402,星痕篇章·标准篇(技能材料2),item_name_1006402,2,3,,0,0,0,99999999,,0,0,,"5,10004",0,0,0,0,0,0,0,0,0,1006402_icon,item_des_1006402,item_function_1006402,1,1
1006403,星痕篇章·诗人篇(技能材料3),item_name_1006403,3,3,,0,0,0,99999999,,0,0,,"5,10004",0,0,0,0,0,0,0,0,0,1006403_icon,item_des_1006403,item_function_1006403,1,1
1006701,初级洗炼磨具(小怪资质洗练道具),item_name_1006701,3,3,,0,0,0,99999999,,0,0,,5,0,0,0,0,0,0,0,0,0,1006701_icon,item_des_1006701,item_function_1006701,1,1
1006702,中级洗炼磨具(精英怪资质洗练道具),item_name_1006702,3,3,,0,0,0,99999999,,0,0,,5,0,0,0,0,0,0,0,0,0,1006702_icon,item_des_1006702,item_function_1006702,1,1
1006703,高级洗炼磨具(小BOSS资质洗练道具),item_name_1006703,3,3,,0,0,0,99999999,,0,0,,5,0,0,0,0,0,0,0,0,0,1006703_icon,item_des_1006703,item_function_1006703,1,1
1006601,海螺(好感度道具低1),item_name_1006601,1,21,,0,0,0,99999999,,0,0,,5,30,0,0,0,0,0,0,0,0,1006601_icon,item_des_1006601,item_function_1006601,1,1
1006602,八音盒(好感度道具低2),item_name_1006602,1,21,,0,0,0,99999999,,0,0,,5,30,0,0,0,0,0,0,0,0,1006602_icon,item_des_1006602,item_function_1006602,1,1
1006603,千纸鹤(好感度道具低3),item_name_1006603,1,21,,0,0,0,99999999,,0,0,,5,30,0,0,0,0,0,0,0,0,1006603_icon,item_des_1006603,item_function_1006603,1,1
1006604,白蒲(好感度道具中1),item_name_1006604,2,21,,0,0,0,99999999,,0,0,,"5,11002122",60,0,0,0,0,0,0,0,0,1006604_icon,item_des_1006604,item_function_1006604,1,1
1006605,七色铃兰(好感度道具中2),item_name_1006605,2,21,,0,0,0,99999999,,0,0,,"5,11002122",60,0,0,0,0,0,0,0,0,1006605_icon,item_des_1006605,item_function_1006605,1,1
1006606,苦寒晶片(好感度道具中3),item_name_1006606,2,21,,0,0,0,99999999,,0,0,,"5,11002122",60,0,0,0,0,0,0,0,0,1006606_icon,item_des_1006606,item_function_1006606,1,1
1006607,星核(好感度道具高1),item_name_1006607,3,21,,0,0,0,99999999,,0,0,,"5,11002121",120,0,0,0,0,0,0,0,0,1006607_icon,item_des_1006607,item_function_1006607,1,1
1006608,风丘之笛(好感度道具高2),item_name_1006608,3,21,,0,0,0,99999999,,0,0,,"5,11002121",120,0,0,0,0,0,0,0,0,1006608_icon,item_des_1006608,item_function_1006608,1,1
1006609,回灵灯(好感度道具高3),item_name_1006609,3,21,,0,0,0,99999999,,0,0,,"5,11002121",120,0,0,0,0,0,0,0,0,1006609_icon,item_des_1006609,item_function_1006609,1,1
1006710,星痕职阶天赋升级材料,item_name_1006710,3,1,,0,0,0,99999999,,0,0,,10021,0,0,0,0,0,0,0,0,0,1006710_icon,item_des_1006710,item_function_1006710,1,1
1006931,不腐红叶(3星诞生觉醒),item_name_1006931,2,3,,0,0,0,99999999,,0,0,,0,0,0,0,0,0,0,0,0,0,1006931_icon,item_des_1006931,item_function_1006931,1,1
1006932,辉月戒指(3星君王觉醒),item_name_1006932,2,3,,0,0,0,99999999,,0,0,,0,0,0,0,0,0,0,0,0,0,1006932_icon,item_des_1006932,item_function_1006932,1,1
1006933,天声的音谱(3星传道觉醒),item_name_1006933,2,3,,0,0,0,99999999,,0,0,,0,0,0,0,0,0,0,0,0,0,1006933_icon,item_des_1006933,item_function_1006933,1,1
1006934,咆血结晶(3星仆从觉醒),item_name_1006934,2,3,,0,0,0,99999999,,0,0,,0,0,0,0,0,0,0,0,0,0,1006934_icon,item_des_1006934,item_function_1006934,1,1
1006935,幻彩羽毛(3星神子觉醒),item_name_1006935,2,3,,0,0,0,99999999,,0,0,,0,0,0,0,0,0,0,0,0,0,1006935_icon,item_des_1006935,item_function_1006935,1,1
1006936,剥落角质(3星受难觉醒),item_name_1006936,2,3,,0,0,0,99999999,,0,0,,0,0,0,0,0,0,0,0,0,0,1006936_icon,item_des_1006936,item_function_1006936,1,1
1006937,古代齿轮(3星人子觉醒),item_name_1006937,2,3,,0,0,0,99999999,,0,0,,0,0,0,0,0,0,0,0,0,0,1006937_icon,item_des_1006937,item_function_1006937,1,1
1006941,萌发之种(4星诞生觉醒),item_name_1006941,3,3,,0,0,0,99999999,,0,0,,0,0,0,0,0,0,0,0,0,0,1006941_icon,item_des_1006941,item_function_1006941,1,1
1006942,黄金印章(4星君王觉醒),item_name_1006942,3,3,,0,0,0,99999999,,0,0,,0,0,0,0,0,0,0,0,0,0,1006942_icon,item_des_1006942,item_function_1006942,1,1
1006943,纯白织布(4星传道觉醒),item_name_1006943,3,3,,0,0,0,99999999,,0,0,,0,0,0,0,0,0,0,0,0,0,1006943_icon,item_des_1006943,item_function_1006943,1,1
1006944,精铸铜像(4星仆从觉醒),item_name_1006944,3,3,,0,0,0,99999999,,0,0,,0,0,0,0,0,0,0,0,0,0,1006944_icon,item_des_1006944,item_function_1006944,1,1
1006945,天堂号角(4星神子觉醒),item_name_1006945,3,3,,0,0,0,99999999,,0,0,,0,0,0,0,0,0,0,0,0,0,1006945_icon,item_des_1006945,item_function_1006945,1,1
1006946,汲光石(4星受难觉醒),item_name_1006946,3,3,,0,0,0,99999999,,0,0,,0,0,0,0,0,0,0,0,0,0,1006946_icon,item_des_1006946,item_function_1006946,1,1
1006947,蓝色旗帜(4星人子觉醒),item_name_1006947,3,3,,0,0,0,99999999,,0,0,,0,0,0,0,0,0,0,0,0,0,1006947_icon,item_des_1006947,item_function_1006947,1,1
1006951,原初之石(5星诞生觉醒),item_name_1006951,4,3,,0,0,0,99999999,,0,0,,0,0,0,0,0,0,0,0,0,0,1006951_icon,item_des_1006951,item_function_1006951,1,1
1006952,黄金叶冠(5星君王觉醒),item_name_1006952,4,3,,0,0,0,99999999,,0,0,,0,0,0,0,0,0,0,0,0,0,1006952_icon,item_des_1006952,item_function_1006952,1,1
1006953,银蜡圣柜(5星传道觉醒),item_name_1006953,4,3,,0,0,0,99999999,,0,0,,0,0,0,0,0,0,0,0,0,0,1006953_icon,item_des_1006953,item_function_1006953,1,1
1006954,褪色龙鳞(5星仆从觉醒),item_name_1006954,4,3,,0,0,0,99999999,,0,0,,0,0,0,0,0,0,0,0,0,0,1006954_icon,item_des_1006954,item_function_1006954,1,1
1006955,陨火(5星神子觉醒),item_name_1006955,4,3,,0,0,0,99999999,,0,0,,0,0,0,0,0,0,0,0,0,0,1006955_icon,item_des_1006955,item_function_1006955,1,1
1006956,狱火晶(5星受难觉醒),item_name_1006956,4,3,,0,0,0,99999999,,0,0,,0,0,0,0,0,0,0,0,0,0,1006956_icon,item_des_1006956,item_function_1006956,1,1
1006957,占星之眼(5星人子觉醒),item_name_1006957,4,3,,0,0,0,99999999,,0,0,,0,0,0,0,0,0,0,0,0,0,1006957_icon,item_des_1006957,item_function_1006957,1,1
1007003,格蕾之杖(格蕾专武),item_name_1007003,2,14,,0,0,0,0,,0,0,,6,3013001,0,0,0,0,0,0,0,0,quanzhang_icon,item_des_1007003,item_function_1007003,1,1
1007004,兽爪手套(阿涅克丝专武),item_name_1007004,3,14,,0,0,0,0,,0,0,,6,3013003,0,0,0,0,0,0,0,0,1007004_icon,item_des_1007004,item_function_1007004,1,1
1007005,半损的圣像(炽爱专武),item_name_1007005,3,14,,0,0,0,0,,0,0,,6,3013004,0,0,0,0,0,0,0,0,1007005_icon,item_des_1007005,item_function_1007005,1,1
1007006,护心鳞镜(水仙专武),item_name_1007006,3,14,,0,0,0,0,,0,0,,6,3013006,0,0,0,0,0,0,0,0,1007006_icon,item_des_1007006,item_function_1007006,1,1
1007007,菲莉希亚之杯(菲莉希亚专武),item_name_1007007,2,14,,0,0,0,0,,0,0,,6,3013007,0,0,0,0,0,0,0,0,shengbei_icon,item_des_1007007,item_function_1007007,1,1
1007008,梅露特之杖(梅露特专武),item_name_1007008,2,14,,0,0,0,0,,0,0,,6,3013008,0,0,0,0,0,0,0,0,quanzhang_icon,item_des_1007008,item_function_1007008,1,1
1007009,奈奈芙之杖(奈奈芙专武),item_name_1007009,2,14,,0,0,0,0,,0,0,,6,3013009,0,0,0,0,0,0,0,0,quanzhang_icon,item_des_1007009,item_function_1007009,1,1
1007010,玛瑙之杯(玛瑙专武),item_name_1007010,2,14,,0,0,0,0,,0,0,,6,3013014,0,0,0,0,0,0,0,0,shengbei_icon,item_des_1007010,item_function_1007010,1,1
1007011,镇魂御币(哀歌专武),item_name_1007011,3,14,,0,0,0,0,,0,0,,6,3013015,0,0,0,0,0,0,0,0,1007011_icon,item_des_1007011,item_function_1007011,1,1
1007012,波斯菊之杯(波斯菊专武),item_name_1007012,2,14,,0,0,0,0,,0,0,,6,3013017,0,0,0,0,0,0,0,0,shengbei_icon,item_des_1007012,item_function_1007012,1,1
1007013,爱琳之杯(爱琳专武),item_name_1007013,2,14,,0,0,0,0,,0,0,,6,3013018,0,0,0,0,0,0,0,0,shengbei_icon,item_des_1007013,item_function_1007013,1,1
1007014,炎鬼面(库萝心专武),item_name_1007014,3,14,,0,0,0,0,,0,0,,6,3013019,0,0,0,0,0,0,0,0,1007014_icon,item_des_1007014,item_function_1007014,1,1
1007015,维达之剑(维达专武),item_name_1007015,2,14,,0,0,0,0,,0,0,,6,3013020,0,0,0,0,0,0,0,0,baojian_icon,item_des_1007015,item_function_1007015,1,1
1007016,莱拉之杖(莱拉专武),item_name_1007016,2,14,,0,0,0,0,,0,0,,6,3013022,0,0,0,0,0,0,0,0,quanzhang_icon,item_des_1007016,item_function_1007016,1,1
1007017,芙洛拉之剑(芙洛拉专武),item_name_1007017,2,14,,0,0,0,0,,0,0,,6,3013023,0,0,0,0,0,0,0,0,baojian_icon,item_des_1007017,item_function_1007017,1,1
1007018,多萝西之剑(多萝西专武),item_name_1007018,2,14,,0,0,0,0,,0,0,,6,3013025,0,0,0,0,0,0,0,0,baojian_icon,item_des_1007018,item_function_1007018,1,1
1007019,失传圣冠(普琳普顿专武),item_name_1007019,3,14,,0,0,0,0,,0,0,,6,3014001,0,0,0,0,0,0,0,0,1007019_icon,item_des_1007019,item_function_1007019,1,1
1007020,焰心之杯(焰心专武),item_name_1007020,2,14,,0,0,0,0,,0,0,,6,3014003,0,0,0,0,0,0,0,0,shengbei_icon,item_des_1007020,item_function_1007020,1,1
1007021,索菲之杖(索菲专武),item_name_1007021,2,14,,0,0,0,0,,0,0,,6,3014004,0,0,0,0,0,0,0,0,quanzhang_icon,item_des_1007021,item_function_1007021,1,1
1007022,祈福人偶(弥生专武),item_name_1007022,3,14,,0,0,0,0,,0,0,,6,3014005,0,0,0,0,0,0,0,0,1007022_icon,item_des_1007022,item_function_1007022,1,1
1007023,未来之杯(未来专武),item_name_1007023,2,14,,0,0,0,0,,0,0,,6,3014012,0,0,0,0,0,0,0,0,shengbei_icon,item_des_1007023,item_function_1007023,1,1
1007024,杏林之杯(杏林专武),item_name_1007024,2,14,,0,0,0,0,,0,0,,6,3014016,0,0,0,0,0,0,0,0,shengbei_icon,item_des_1007024,item_function_1007024,1,1
1007025,诗娅之剑(诗娅专武),item_name_1007025,2,14,,0,0,0,0,,0,0,,6,3014018,0,0,0,0,0,0,0,0,baojian_icon,item_des_1007025,item_function_1007025,1,1
1007026,荆棘责罚(艾什尔专武),item_name_1007026,3,14,,0,0,0,0,,0,0,,6,3014019,0,0,0,0,0,0,0,0,1007026_icon,item_des_1007026,item_function_1007026,1,1
1007027,女王权杖(阿波菲斯专武),item_name_1007027,3,14,,0,0,0,0,,0,0,,6,3014020,0,0,0,0,0,0,0,0,1007027_icon,item_des_1007027,item_function_1007027,1,1
1007028,万能通行卡(纳菲专武),item_name_1007028,3,14,,0,0,0,0,,0,0,,6,3014021,0,0,0,0,0,0,0,0,1007028_icon,item_des_1007028,item_function_1007028,1,1
1007029,天界绘本(丘吉尔专武),item_name_1007029,3,14,,0,0,0,0,,0,0,,6,3014022,0,0,0,0,0,0,0,0,1007029_icon,item_des_1007029,item_function_1007029,1,1
1007030,微缩米伦(神光专武),item_name_1007030,4,14,,0,0,0,0,,0,0,,6,3014023,0,0,0,0,0,0,0,0,1007030_icon,item_des_1007030,item_function_1007030,1,1
1007031,猫咪围兜(雷雷专武),item_name_1007031,4,14,,0,0,0,0,,0,0,,6,3014024,0,0,0,0,0,0,0,0,1007031_icon,item_des_1007031,item_function_1007031,1,1
1007032,火热的割裂(安普莎专武),item_name_1007032,4,14,,0,0,0,0,,0,0,,6,3014025,0,0,0,0,0,0,0,0,1007032_icon,item_des_1007032,item_function_1007032,1,1
1007033,炎鬼的滑板(库萝爱专武),item_name_1007033,3,14,,0,0,0,0,,0,0,,6,3014026,0,0,0,0,0,0,0,0,1007033_icon,item_des_1007033,item_function_1007033,1,1
1007034,桃木教鞭(贝拉专武),item_name_1007034,3,14,,0,0,0,0,,0,0,,6,3014027,0,0,0,0,0,0,0,0,1007034_icon,item_des_1007034,item_function_1007034,1,1
1007035,侍者制服(贝儿专武),item_name_1007035,4,14,,0,0,0,0,,0,0,,6,3014029,0,0,0,0,0,0,0,0,1007035_icon,item_des_1007035,item_function_1007035,1,1
1007036,琼华(安娜专武),item_name_1007036,4,14,,0,0,0,0,,0,0,,6,3014030,0,0,0,0,0,0,0,0,1007036_icon,item_des_1007036,item_function_1007036,1,1
1007037,纯白花环(丹妮专武),item_name_1007037,4,14,,0,0,0,0,,0,0,,6,3015002,0,0,0,0,0,0,0,0,1007037_icon,item_des_1007037,item_function_1007037,1,1
1007038,先知的旗帜(耶坦尼娅专武),item_name_1007038,4,14,,0,0,0,0,,0,0,,6,3015004,0,0,0,0,0,0,0,0,1007038_icon,item_des_1007038,item_function_1007038,1,1
1007039,贵气马鞍(希夕莉专武),item_name_1007039,4,14,,0,0,0,0,,0,0,,6,3015006,0,0,0,0,0,0,0,0,1007039_icon,item_des_1007039,item_function_1007039,1,1
1007040,虔诚祷告(萨拉专武),item_name_1007040,4,14,,0,0,0,0,,0,0,,6,3015007,0,0,0,0,0,0,0,0,1007040_icon,item_des_1007040,item_function_1007040,1,1
1007041,赦罪者(牧专武),item_name_1007041,4,14,,0,0,0,0,,0,0,,6,3015008,0,0,0,0,0,0,0,0,1007041_icon,item_des_1007041,item_function_1007041,1,1
1007042,蛰刺(吉拉蒂亚专武),item_name_1007042,4,14,,0,0,0,0,,0,0,,6,3016009,0,0,0,0,0,0,0,0,1007042_icon,item_des_1007042,item_function_1007042,1,1
1007043,高倍率望镜(瑞比娅专武),item_name_1007043,4,14,,0,0,0,0,,0,0,,6,3016010,0,0,0,0,0,0,0,0,1007043_icon,item_des_1007043,item_function_1007043,1,1
1007044,封魔匕首(卡萝琳专武),item_name_1007044,3,14,,0,0,0,0,,0,0,,6,3016011,0,0,0,0,0,0,0,0,1007044_icon,item_des_1007044,item_function_1007044,1,1
1007045,古树弦琴(克尔苏娜专武),item_name_1007045,4,14,,0,0,0,0,,0,0,,6,3016013,0,0,0,0,0,0,0,0,1007045_icon,item_des_1007045,item_function_1007045,1,1
1007046,传颂的歌谱(罗莎莉专武),item_name_1007046,3,14,,0,0,0,0,,0,0,,6,3016017,0,0,0,0,0,0,0,0,1007046_icon,item_des_1007046,item_function_1007046,1,1
1007047,魔导机械表(奈奥米专武),item_name_1007047,4,14,,0,0,0,0,,0,0,,6,3016020,0,0,0,0,0,0,0,0,1007047_icon,item_des_1007047,item_function_1007047,1,1
1007048,佩内洛普之杖(佩内洛普专武),item_name_1007048,2,14,,0,0,0,0,,0,0,,6,3016023,0,0,0,0,0,0,0,0,quanzhang_icon,item_des_1007048,item_function_1007048,1,1
1007049,幽夜挂坠(小闪专武),item_name_1007049,4,14,,0,0,0,0,,0,0,,6,3016031,0,0,0,0,0,0,0,0,1007049_icon,item_des_1007049,item_function_1007049,1,1
1007050,仙蒂之杖(仙蒂专武),item_name_1007050,2,14,,0,0,0,0,,0,0,,6,3016038,0,0,0,0,0,0,0,0,quanzhang_icon,item_des_1007050,item_function_1007050,1,1
1007051,戒(贝卡丝专武),item_name_1007051,3,14,,0,0,0,0,,0,0,,6,3016068,0,0,0,0,0,0,0,0,1007051_icon,item_des_1007051,item_function_1007051,1,1
1007052,骨翼摆件(昔莱专武),item_name_1007052,4,14,,0,0,0,0,,0,0,,6,3016078,0,0,0,0,0,0,0,0,1007052_icon,item_des_1007052,item_function_1007052,1,1
1007053,舰首帕米尔(伊卡洛斯专武),item_name_1007053,4,14,,0,0,0,0,,0,0,,6,3016130,0,0,0,0,0,0,0,0,1007053_icon,item_des_1007053,item_function_1007053,1,1
1007054,盛醴铜杯(桃专武),item_name_1007054,4,14,,0,0,0,0,,0,0,,6,3014009,0,0,0,0,0,0,0,0,1007054_icon,item_des_1007054,item_function_1007054,1,1
1007055,手制矿帽(伊拉专武),item_name_1007055,4,14,,0,0,0,0,,0,0,,6,3014031,0,0,0,0,0,0,0,0,1007055_icon,item_des_1007055,item_function_1007055,1,1
1007056,古老徽章(艾琳娜专武),item_name_1007056,4,14,,0,0,0,0,,0,0,,6,3016049,0,0,0,0,0,0,0,0,1007056_icon,item_des_1007056,item_function_1007056,1,1
1007057,卯兔福印(异邦波斯菊专武),item_name_1007057,4,14,,0,0,0,0,,0,0,,6,3016187,0,0,0,0,0,0,0,0,1007057_icon,item_des_1007057,item_function_1007057,1,1
1007058,雕花砥石(塞蕾丝蒂娜专武),item_name_1007058,4,14,,0,0,0,0,,0,0,,6,3016024,0,0,0,0,0,0,0,0,1007058_icon,item_des_1007058,item_function_1007058,1,1
1007059,朴素斗篷(艾斯塔利亚专武),item_name_1007059,4,14,,0,0,0,0,,0,0,,6,3014011,0,0,0,0,0,0,0,0,1007059_icon,item_des_1007059,item_function_1007059,1,1
1007060,辰龙的妆匣(极焰专武),item_name_1007060,4,14,,0,0,0,0,,0,0,,6,3016188,0,0,0,0,0,0,0,0,1007060_icon,item_des_1007060,item_function_1007060,1,1
1007061,无所不储袋(黛比专武),item_name_1007061,3,14,,0,0,0,0,,0,0,,6,3014002,0,0,0,0,0,0,0,0,1007061_icon,item_des_1007061,item_function_1007061,1,1
1007062,甜蜜小屋(露易丝专武),item_name_1007062,4,14,,0,0,0,0,,0,0,,6,3016016,0,0,0,0,0,0,0,0,1007062_icon,item_des_1007062,item_function_1007062,1,1
1007063,花圃钥匙(恋花专武),item_name_1007063,4,14,,0,0,0,0,,0,0,,6,3014006,0,0,0,0,0,0,0,0,1007063_icon,item_des_1007063,item_function_1007063,1,1
1007064,向导匕首(花梨专武),item_name_1007064,4,14,,0,0,0,0,,0,0,,6,3014017,0,0,0,0,0,0,0,0,1007064_icon,item_des_1007064,item_function_1007064,1,1
1007065,裁决短剑(菲尔盖娜专武),item_name_1007065,4,14,,0,0,0,0,,0,0,,6,3013013,0,0,0,0,0,0,0,0,1007065_icon,item_des_1007065,item_function_1007065,1,1
1007066,契约魔镜(诺维雅专武),item_name_1007066,4,14,,0,0,0,0,,0,0,,6,3015001,0,0,0,0,0,0,0,0,1007066_icon,item_des_1007066,item_function_1007066,1,1
1007067,碧雪折扇(雪泉专武),item_name_1007067,4,14,,0,0,0,0,,0,0,,6,3017001,0,0,0,0,0,0,0,0,1007067_icon,item_des_1007067,item_function_1007067,1,1
1007068,玄雪羽扇(雪不归专武),item_name_1007068,4,14,,0,0,0,0,,0,0,,6,3017002,0,0,0,0,0,0,0,0,1007068_icon,item_des_1007068,item_function_1007068,1,1
1007069,贯注者(杜达专武),item_name_1007069,4,14,,0,0,0,0,,0,0,,6,3016119,0,0,0,0,0,0,0,0,1007069_icon,item_des_1007069,item_function_1007069,1,1
1007070,旧日王冠(塔嘉娜专武),item_name_1007070,4,14,,0,0,0,0,,0,0,,6,3016189,0,0,0,0,0,0,0,0,1007070_icon,item_des_1007070,item_function_1007070,1,1
1007071,温热提灯(卡洛蒂专武),item_name_1007071,4,14,,0,0,0,0,,0,0,,6,3014028,0,0,0,0,0,0,0,0,1007071_icon,item_des_1007071,item_function_1007071,1,1
1007075,臻金羽毛笔（爱尔维拉专武）,item_name_1007072,4,14,,0,0,0,0,,0,0,,6,3016191,0,0,0,0,0,0,0,0,1007075_icon,item_des_1007075,item_function_1007075,1,1
1009003,格蕾的回响(格蕾),item_name_1009003,2,4,,0,0,0,99999999,,0,0,,0,0,0,0,0,0,0,0,0,0,1009003_icon,item_des_1009003,item_function_1009003,1,1
1009004,阿涅克丝的回响(阿涅克丝),item_name_1009004,3,4,,0,0,0,99999999,,0,0,,0,0,0,0,0,0,0,0,0,0,1009004_icon,item_des_1009004,item_function_1009004,1,1
1009005,炽爱的回响(炽爱),item_name_1009005,3,4,,0,0,0,99999999,,0,0,,0,0,0,0,0,0,0,0,0,0,1009005_icon,item_des_1009005,item_function_1009005,1,1
1009007,水仙的回响(水仙),item_name_1009007,3,4,,0,0,0,99999999,,0,0,,0,0,0,0,0,0,0,0,0,0,1009007_icon,item_des_1009007,item_function_1009007,1,1
1009008,菲莉希亚的回响(菲莉希亚),item_name_1009008,2,4,,0,0,0,99999999,,0,0,,0,0,0,0,0,0,0,0,0,0,1009008_icon,item_des_1009008,item_function_1009008,1,1
1009009,梅露特的回响(梅露特),item_name_1009009,2,4,,0,0,0,99999999,,0,0,,0,0,0,0,0,0,0,0,0,0,1009009_icon,item_des_1009009,item_function_1009009,1,1
1009010,奈奈芙的回响(奈奈芙),item_name_1009010,2,4,,0,0,0,99999999,,0,0,,0,0,0,0,0,0,0,0,0,0,1009010_icon,item_des_1009010,item_function_1009010,1,1
1009014,玛瑙的回响(玛瑙),item_name_1009014,2,4,,0,0,0,99999999,,0,0,,0,0,0,0,0,0,0,0,0,0,1009014_icon,item_des_1009014,item_function_1009014,1,1
1009015,哀歌的回响(哀歌),item_name_1009015,3,4,,0,0,0,99999999,,0,0,,0,0,0,0,0,0,0,0,0,0,1009015_icon,item_des_1009015,item_function_1009015,1,1
1009017,波斯菊的回响(波斯菊),item_name_1009017,2,4,,0,0,0,99999999,,0,0,,0,0,0,0,0,0,0,0,0,0,1009017_icon,item_des_1009017,item_function_1009017,1,1
1009018,爱琳的回响(爱琳),item_name_1009018,2,4,,0,0,0,99999999,,0,0,,0,0,0,0,0,0,0,0,0,0,1009018_icon,item_des_1009018,item_function_1009018,1,1
1009019,库萝心的回响(库萝心),item_name_1009019,3,4,,0,0,0,99999999,,0,0,,0,0,0,0,0,0,0,0,0,0,1009019_icon,item_des_1009019,item_function_1009019,1,1
1009020,维达的回响(维达),item_name_1009020,2,4,,0,0,0,99999999,,0,0,,0,0,0,0,0,0,0,0,0,0,1009020_icon,item_des_1009020,item_function_1009020,1,1
1009021,莱拉的回响(莱拉),item_name_1009021,2,4,,0,0,0,99999999,,0,0,,0,0,0,0,0,0,0,0,0,0,1009021_icon,item_des_1009021,item_function_1009021,1,1
1009022,芙洛拉的回响(芙洛拉),item_name_1009022,2,4,,0,0,0,99999999,,0,0,,0,0,0,0,0,0,0,0,0,0,1009022_icon,item_des_1009022,item_function_1009022,1,1
1009024,多萝西的回响(多萝西),item_name_1009024,2,4,,0,0,0,99999999,,0,0,,0,0,0,0,0,0,0,0,0,0,1009024_icon,item_des_1009024,item_function_1009024,1,1
1009025,普琳普顿的回响(普琳普顿),item_name_1009025,3,4,,0,0,0,99999999,,0,0,,0,0,0,0,0,0,0,0,0,0,1009025_icon,item_des_1009025,item_function_1009025,1,1
1009027,焰心的回响(焰心),item_name_1009027,2,4,,0,0,0,99999999,,0,0,,0,0,0,0,0,0,0,0,0,0,1009027_icon,item_des_1009027,item_function_1009027,1,1
1009028,索菲的回响(索菲),item_name_1009028,2,4,,0,0,0,99999999,,0,0,,0,0,0,0,0,0,0,0,0,0,1009028_icon,item_des_1009028,item_function_1009028,1,1
1009029,弥生的回响(弥生),item_name_1009029,3,4,,0,0,0,99999999,,0,0,,0,0,0,0,0,0,0,0,0,0,1009029_icon,item_des_1009029,item_function_1009029,1,1
1009036,未来的回响(未来),item_name_1009036,2,4,,0,0,0,99999999,,0,0,,0,0,0,0,0,0,0,0,0,0,1009036_icon,item_des_1009036,item_function_1009036,1,1
1009040,杏林的回响(杏林),item_name_1009040,2,4,,0,0,0,99999999,,0,0,,0,0,0,0,0,0,0,0,0,0,1009040_icon,item_des_1009040,item_function_1009040,1,1
1009042,诗娅的回响(诗娅),item_name_1009042,2,4,,0,0,0,99999999,,0,0,,0,0,0,0,0,0,0,0,0,0,1009042_icon,item_des_1009042,item_function_1009042,1,1
1009043,艾什尔的回响(艾什尔),item_name_1009043,3,4,,0,0,0,99999999,,0,0,,0,0,0,0,0,0,0,0,0,0,1009043_icon,item_des_1009043,item_function_1009043,1,1
1009044,阿波菲斯的回响(阿波菲斯),item_name_1009044,3,4,,0,0,0,99999999,,0,0,,0,0,0,0,0,0,0,0,0,0,1009044_icon,item_des_1009044,item_function_1009044,1,1
1009045,纳菲的回响(纳菲),item_name_1009045,3,4,,0,0,0,99999999,,0,0,,0,0,0,0,0,0,0,0,0,0,1009045_icon,item_des_1009045,item_function_1009045,1,1
1009046,丘吉尔的回响(丘吉尔),item_name_1009046,3,4,,0,0,0,99999999,,0,0,,0,0,0,0,0,0,0,0,0,0,1009046_icon,item_des_1009046,item_function_1009046,1,1
1009047,神光的回响(神光),item_name_1009047,4,4,,0,0,0,99999999,,0,0,,0,0,0,0,0,0,0,0,0,0,1009047_icon,item_des_1009047,item_function_1009047,1,1
1009048,雷雷的回响(雷雷),item_name_1009048,4,4,,0,0,0,99999999,,0,0,,0,0,0,0,0,0,0,0,0,0,1009048_icon,item_des_1009048,item_function_1009048,1,1
1009049,安普莎的回响(安普莎),item_name_1009049,4,4,,0,0,0,99999999,,0,0,,0,0,0,0,0,0,0,0,0,0,1009049_icon,item_des_1009049,item_function_1009049,1,1
1009050,库萝爱的回响(库萝爱),item_name_1009050,3,4,,0,0,0,99999999,,0,0,,0,0,0,0,0,0,0,0,0,0,1009050_icon,item_des_1009050,item_function_1009050,1,1
1009051,贝拉的回响(贝拉),item_name_1009051,3,4,,0,0,0,99999999,,0,0,,0,0,0,0,0,0,0,0,0,0,1009051_icon,item_des_1009051,item_function_1009051,1,1
1009053,贝儿的回响(贝儿),item_name_1009053,4,4,,0,0,0,99999999,,0,0,,0,0,0,0,0,0,0,0,0,0,1009053_icon,item_des_1009053,item_function_1009053,1,1
1009054,安娜的回响(安娜),item_name_1009054,4,4,,0,0,0,99999999,,0,0,,0,0,0,0,0,0,0,0,0,0,1009054_icon,item_des_1009054,item_function_1009054,1,1
1009061,丹妮的回响(丹妮),item_name_1009061,4,4,,0,0,0,99999999,,0,0,,0,0,0,0,0,0,0,0,0,0,1009061_icon,item_des_1009061,item_function_1009061,1,1
1009063,耶坦尼娅的回响(耶坦尼娅),item_name_1009063,4,4,,0,0,0,99999999,,0,0,,0,0,0,0,0,0,0,0,0,0,1009063_icon,item_des_1009063,item_function_1009063,1,1
1009065,希夕莉的回响(希夕莉),item_name_1009065,4,4,,0,0,0,99999999,,0,0,,0,0,0,0,0,0,0,0,0,0,1009065_icon,item_des_1009065,item_function_1009065,1,1
1009066,萨拉的回响(萨拉),item_name_1009066,4,4,,0,0,0,99999999,,0,0,,0,0,0,0,0,0,0,0,0,0,1009066_icon,item_des_1009066,item_function_1009066,1,1
1009067,牧的回响(牧),item_name_1009067,4,4,,0,0,0,99999999,,0,0,,0,0,0,0,0,0,0,0,0,0,1009067_icon,item_des_1009067,item_function_1009067,1,1
1009076,吉拉蒂亚的回响(吉拉蒂亚),item_name_1009076,4,4,,0,0,0,99999999,,0,0,,0,0,0,0,0,0,0,0,0,0,1009076_icon,item_des_1009076,item_function_1009076,1,1
1009077,瑞比娅的回响(瑞比娅),item_name_1009077,4,4,,0,0,0,99999999,,0,0,,0,0,0,0,0,0,0,0,0,0,1009077_icon,item_des_1009077,item_function_1009077,1,1
1009078,卡萝琳的回响(卡萝琳),item_name_1009078,3,4,,0,0,0,99999999,,0,0,,0,0,0,0,0,0,0,0,0,0,1009078_icon,item_des_1009078,item_function_1009078,1,1
1009080,克尔苏娜的回响(克尔苏娜),item_name_1009080,4,4,,0,0,0,99999999,,0,0,,0,0,0,0,0,0,0,0,0,0,1009080_icon,item_des_1009080,item_function_1009080,1,1
1009084,罗莎莉的回响(罗莎莉),item_name_1009084,3,4,,0,0,0,99999999,,0,0,,0,0,0,0,0,0,0,0,0,0,1009084_icon,item_des_1009084,item_function_1009084,1,1
1009087,奈奥米的回响(奈奥米),item_name_1009087,4,4,,0,0,0,99999999,,0,0,,0,0,0,0,0,0,0,0,0,0,1009087_icon,item_des_1009087,item_function_1009087,1,1
1009090,佩内洛普的回响(佩内洛普),item_name_1009090,2,4,,0,0,0,99999999,,0,0,,0,0,0,0,0,0,0,0,0,0,1009090_icon,item_des_1009090,item_function_1009090,1,1
1009098,小闪的回响(小闪),item_name_1009098,4,4,,0,0,0,99999999,,0,0,,0,0,0,0,0,0,0,0,0,0,1009098_icon,item_des_1009098,item_function_1009098,1,1
1009105,仙蒂的回响(仙蒂),item_name_1009105,2,4,,0,0,0,99999999,,0,0,,0,0,0,0,0,0,0,0,0,0,1009105_icon,item_des_1009105,item_function_1009105,1,1
1009135,贝卡丝的回响(贝卡丝),item_name_1009135,3,4,,0,0,0,99999999,,0,0,,0,0,0,0,0,0,0,0,0,0,1009135_icon,item_des_1009135,item_function_1009135,1,1
1009145,昔莱的回响(昔莱),item_name_1009145,4,4,,0,0,0,99999999,,0,0,,0,0,0,0,0,0,0,0,0,0,1009145_icon,item_des_1009145,item_function_1009145,1,1
1009197,伊卡洛斯的回响(伊卡洛斯),item_name_1009197,4,4,,0,0,0,99999999,,0,0,,0,0,0,0,0,0,0,0,0,0,1009197_icon,item_des_1009197,item_function_1009197,1,1
1009033,桃的回响(桃),item_name_1009033,4,4,,0,0,0,99999999,,0,0,,0,0,0,0,0,0,0,0,0,0,1009033_icon,item_des_1009033,item_function_1009033,1,1
1009055,伊拉的回响(伊拉),item_name_1009055,4,4,,0,0,0,99999999,,0,0,,0,0,0,0,0,0,0,0,0,0,1009055_icon,item_des_1009055,item_function_1009055,1,1
1009116,艾琳娜的回响(艾琳娜),item_name_1009116,4,4,,0,0,0,99999999,,0,0,,0,0,0,0,0,0,0,0,0,0,1009116_icon,item_des_1009116,item_function_1009116,1,1
1009254,异邦波斯菊的回响(异邦波斯菊),item_name_1009254,4,4,,0,0,0,99999999,,0,0,,0,0,0,0,0,0,0,0,0,0,1009254_icon,item_des_1009254,item_function_1009254,1,1
1009091,塞蕾丝蒂娜的回响(塞蕾丝蒂娜),item_name_1009091,4,4,,0,0,0,99999999,,0,0,,0,0,0,0,0,0,0,0,0,0,1009091_icon,item_des_1009091,item_function_1009091,1,1
1009035,艾斯塔利亚的回响(艾斯塔利亚),item_name_1009035,4,4,,0,0,0,99999999,,0,0,,0,0,0,0,0,0,0,0,0,0,1009035_icon,item_des_1009035,item_function_1009035,1,1
1009255,赠予极焰的神徽(极焰),item_name_1009255,4,4,,0,0,0,99999999,,0,0,,0,0,0,0,0,0,0,0,0,0,1009255_icon,item_des_1009255,item_function_1009255,1,1
1009026,黛比的回响(黛比),item_name_1009026,3,4,,0,0,0,99999999,,0,0,,0,0,0,0,0,0,0,0,0,0,1009026_icon,item_des_1009026,item_function_1009026,1,1
1009083,露易丝的回响(露易丝),item_name_1009083,4,4,,0,0,0,99999999,,0,0,,0,0,0,0,0,0,0,0,0,0,1009083_icon,item_des_1009083,item_function_1009083,1,1
1009031,恋花的回响(恋花),item_name_1009031,4,4,,0,0,0,99999999,,0,0,,0,0,0,0,0,0,0,0,0,0,1009031_icon,item_des_1009031,item_function_1009031,1,1
1009041,花梨的回响(花梨),item_name_1009041,4,4,,0,0,0,99999999,,0,0,,0,0,0,0,0,0,0,0,0,0,1009041_icon,item_des_1009041,item_function_1009041,1,1
1009013,菲尔盖娜的回响(菲尔盖娜),item_name_1009013,4,4,,0,0,0,99999999,,0,0,,0,0,0,0,0,0,0,0,0,0,1009013_icon,item_des_1009013,item_function_1009013,1,1
1009060,诺维雅的回响(诺维雅),item_name_1009060,4,4,,0,0,0,99999999,,0,0,,0,0,0,0,0,0,0,0,0,0,1009060_icon,item_des_1009060,item_function_1009060,1,1
1009701,雪泉的回响(雪泉),item_name_1009701,4,4,,0,0,0,99999999,,0,0,,0,0,0,0,0,0,0,0,0,0,1009701_icon,item_des_1009701,item_function_1009701,1,1
1009702,雪不归的回响(雪不归),item_name_1009702,4,4,,0,0,0,99999999,,0,0,,0,0,0,0,0,0,0,0,0,0,1009702_icon,item_des_1009702,item_function_1009702,1,1
1009187,杜达·戴维的回响(杜达·戴维),item_name_1009187,4,4,,0,0,0,99999999,,0,0,,0,0,0,0,0,0,0,0,0,0,1009187_icon,item_des_1009187,item_function_1009187,1,1
1009258,塔嘉娜的回响(塔嘉娜),item_name_1009258,4,4,,0,0,0,99999999,,0,0,,0,0,0,0,0,0,0,0,0,0,1009258_icon,item_des_1009258,item_function_1009258,1,1
1009052,卡洛蒂的回响(卡洛蒂),item_name_1009052,4,4,,0,0,0,99999999,,0,0,,0,0,0,0,0,0,0,0,0,0,1009052_icon,item_des_1009052,item_function_1009052,1,1
1009175,爱尔维拉的回响(爱尔维拉),item_name_1009175,4,4,,0,0,0,99999999,,0,0,,0,0,0,0,0,0,0,0,0,0,1009175_icon,item_des_1009175,item_function_1009175,1,1
1001901,天域石(建筑材料1),item_name_1001901,3,22,,0,0,0,99999999,,0,0,,0,0,0,0,0,0,0,0,0,0,1001901_icon,item_des_1001901,item_function_1001901,1,1
1001902,黑石(建筑材料2),item_name_1001902,3,22,,0,0,0,99999999,,0,0,,0,0,0,0,0,0,0,0,0,0,1001902_icon,item_des_1001902,item_function_1001902,1,1
1001903,古树木(建筑材料3),item_name_1001903,3,22,,0,0,0,99999999,,0,0,,0,0,0,0,0,0,0,0,0,0,1001903_icon,item_des_1001903,item_function_1001903,1,1
1001904,沙土(建筑材料4),item_name_1001904,3,22,,0,0,0,99999999,,0,0,,0,0,0,0,0,0,0,0,0,0,1001904_icon,item_des_1001904,item_function_1001904,1,1
1010001,蚯蚓(蚯蚓),item_name_1010001,2,22,,0,0,0,99999999,,0,0,,0,0,0,0,0,0,0,0,0,0,1010001_icon,item_des_1010001,item_function_1010001,1,1
1010002,幸运饵(幸运饵),item_name_1010002,3,22,,0,0,0,99999999,,0,0,,0,0,0,0,0,0,0,0,0,0,1010002_icon,item_des_1010002,item_function_1010002,1,1
1010003,青穗素饵(青穗素饵),item_name_1010003,3,22,,0,0,0,99999999,,0,0,,0,0,0,0,0,0,0,0,0,0,1010003_icon,item_des_1010003,item_function_1010003,1,1
1010004,红虫荤饵(红虫荤饵),item_name_1010004,3,22,,0,0,0,99999999,,0,0,,0,0,0,0,0,0,0,0,0,0,1010004_icon,item_des_1010004,item_function_1010004,1,1
1010005,钓鱼王(钓鱼王),item_name_1010005,3,22,,0,0,0,99999999,,0,0,,0,0,0,0,0,0,0,0,0,0,1010005_icon,item_des_1010005,item_function_1010005,1,1
1010006,黄蚂蚁(黄蚂蚁),item_name_1010006,3,22,,0,0,0,99999999,,0,0,,0,0,0,0,0,0,0,0,0,0,1010006_icon,item_des_1010006,item_function_1010006,1,1
1012001,月牙马铃薯种子(农场_蔬菜类1_种子),item_name_1012001,1,22,,0,0,0,99999999,,0,0,,0,0,0,0,0,0,0,0,0,0,1012001_icon,item_des_1012001,item_function_1012001,1,1
1012002,火焰大番茄种子(农场_蔬菜类2_种子),item_name_1012002,1,22,,0,0,0,99999999,,0,0,,0,0,0,0,0,0,0,0,0,0,1012002_icon,item_des_1012002,item_function_1012002,1,1
1012003,拇指玉米种子(农场_蔬菜类3_种子),item_name_1012003,1,22,,0,0,0,99999999,,0,0,,0,0,0,0,0,0,0,0,0,0,1012003_icon,item_des_1012003,item_function_1012003,1,1
1012004,连叶卷心菜种子(农场_蔬菜类4_种子),item_name_1012004,1,22,,0,0,0,99999999,,0,0,,0,0,0,0,0,0,0,0,0,0,1012004_icon,item_des_1012004,item_function_1012004,1,1
1012005,黑松露菌种(农场_蘑菇类1_种子),item_name_1012005,1,22,,0,0,0,99999999,,0,0,,0,0,0,0,0,0,0,0,0,0,1012005_icon,item_des_1012005,item_function_1012005,1,1
1012006,龟甲菇菌种(农场_蘑菇类2_种子),item_name_1012006,1,22,,0,0,0,99999999,,0,0,,0,0,0,0,0,0,0,0,0,0,1012006_icon,item_des_1012006,item_function_1012006,1,1
1012007,千蝶菇菌种(农场_蘑菇类3_种子),item_name_1012007,1,22,,0,0,0,99999999,,0,0,,0,0,0,0,0,0,0,0,0,0,1012007_icon,item_des_1012007,item_function_1012007,1,1
1012008,绿翠绒菌种(农场_蘑菇类4_种子),item_name_1012008,1,22,,0,0,0,99999999,,0,0,,0,0,0,0,0,0,0,0,0,0,1012008_icon,item_des_1012008,item_function_1012008,1,1
1012009,龙鳞果种子(农场_水果类1_种子),item_name_1012009,1,22,,0,0,0,99999999,,0,0,,0,0,0,0,0,0,0,0,0,0,1012009_icon,item_des_1012009,item_function_1012009,1,1
1012010,天谕橙种子(农场_水果类2_种子),item_name_1012010,1,22,,0,0,0,99999999,,0,0,,0,0,0,0,0,0,0,0,0,0,1012010_icon,item_des_1012010,item_function_1012010,1,1
1012011,青海莓种子(农场_水果类3_种子),item_name_1012011,1,22,,0,0,0,99999999,,0,0,,0,0,0,0,0,0,0,0,0,0,1012011_icon,item_des_1012011,item_function_1012011,1,1
1012012,黄金葡萄种子(农场_水果类4_种子),item_name_1012012,1,22,,0,0,0,99999999,,0,0,,0,0,0,0,0,0,0,0,0,0,1012012_icon,item_des_1012012,item_function_1012012,1,1
1001020,肥料(肥料),item_name_1001020,1,22,,0,0,0,99999999,,0,0,,0,0,0,0,0,0,0,0,0,0,1001020_icon,item_des_1001020,item_function_1001020,1,1
1004011,烟熏鸡肉(肉类1),item_name_1004011,1,22,,0,0,0,99999999,,0,0,,0,0,0,0,0,0,0,0,0,0,1004011_icon,item_des_1004011,item_function_1004011,1,1
1004012,苔原牦牛肉(肉类2),item_name_1004012,1,22,,0,0,0,99999999,,0,0,,0,0,0,0,0,0,0,0,0,0,1004012_icon,item_des_1004012,item_function_1004012,1,1
1004013,西峡羚羊肉(肉类3),item_name_1004013,1,22,,0,0,0,99999999,,0,0,,0,0,0,0,0,0,0,0,0,0,1004013_icon,item_des_1004013,item_function_1004013,1,1
1004014,雪岭鹿肉(肉类4),item_name_1004014,1,22,,0,0,0,99999999,,0,0,,0,0,0,0,0,0,0,0,0,0,1004014_icon,item_des_1004014,item_function_1004014,1,1
1004101,火鸟蛋(其他1),item_name_1004101,1,22,,0,0,0,99999999,,0,0,,0,0,0,0,0,0,0,0,0,0,1004101_icon,item_des_1004101,item_function_1004101,1,1
1004102,奶黄油(其他2),item_name_1004102,1,22,,0,0,0,99999999,,0,0,,0,0,0,0,0,0,0,0,0,0,1004102_icon,item_des_1004102,item_function_1004102,1,1
1004103,魔鬼红(其他4),item_name_1004103,1,22,,0,0,0,99999999,,0,0,,0,0,0,0,0,0,0,0,0,0,1004103_icon,item_des_1004103,item_function_1004103,1,1
1004104,黑石蒜(其他6),item_name_1004104,1,22,,0,0,0,99999999,,0,0,,0,0,0,0,0,0,0,0,0,0,1004104_icon,item_des_1004104,item_function_1004104,1,1
1011001,虎纹鱼(虎纹鱼),item_name_1011001,1,22,,0,0,0,99999999,,0,0,,0,0,0,0,0,0,0,0,0,0,1011001_icon,item_des_1011001,item_function_1011001,1,1
1011101,虎纹鱼(虎纹鱼·银),item_name_1011101,2,22,,0,0,0,99999999,,0,0,,0,0,0,0,0,0,0,0,0,0,1011101_icon,item_des_1011101,item_function_1011101,1,1
1011201,虎纹鱼(虎纹鱼·金),item_name_1011201,3,22,,0,0,0,99999999,,0,0,,0,0,0,0,0,0,0,0,0,0,1011201_icon,item_des_1011201,item_function_1011201,1,1
1011002,浓眉鲹(浓眉鲹),item_name_1011002,1,22,,0,0,0,99999999,,0,0,,0,0,0,0,0,0,0,0,0,0,1011002_icon,item_des_1011002,item_function_1011002,1,1
1011102,浓眉鲹(浓眉鲹·银),item_name_1011102,2,22,,0,0,0,99999999,,0,0,,0,0,0,0,0,0,0,0,0,0,1011102_icon,item_des_1011102,item_function_1011102,1,1
1011202,浓眉鲹(浓眉鲹·金),item_name_1011202,3,22,,0,0,0,99999999,,0,0,,0,0,0,0,0,0,0,0,0,0,1011202_icon,item_des_1011202,item_function_1011202,1,1
1011003,软骨蛇鱼(软骨蛇鱼),item_name_1011003,1,22,,0,0,0,99999999,,0,0,,0,0,0,0,0,0,0,0,0,0,1011003_icon,item_des_1011003,item_function_1011003,1,1
1011103,软骨蛇鱼(软骨蛇鱼·银),item_name_1011103,2,22,,0,0,0,99999999,,0,0,,0,0,0,0,0,0,0,0,0,0,1011103_icon,item_des_1011103,item_function_1011103,1,1
1011203,软骨蛇鱼(软骨蛇鱼·金),item_name_1011203,3,22,,0,0,0,99999999,,0,0,,0,0,0,0,0,0,0,0,0,0,1011203_icon,item_des_1011203,item_function_1011203,1,1
1011004,蓝魔鬼(蓝魔鬼),item_name_1011004,1,22,,0,0,0,99999999,,0,0,,0,0,0,0,0,0,0,0,0,0,1011004_icon,item_des_1011004,item_function_1011004,1,1
1011104,蓝魔鬼(蓝魔鬼·银),item_name_1011104,2,22,,0,0,0,99999999,,0,0,,0,0,0,0,0,0,0,0,0,0,1011104_icon,item_des_1011104,item_function_1011104,1,1
1011204,蓝魔鬼(蓝魔鬼·金),item_name_1011204,3,22,,0,0,0,99999999,,0,0,,0,0,0,0,0,0,0,0,0,0,1011204_icon,item_des_1011204,item_function_1011204,1,1
1011005,蓝金蝶(蓝金蝶),item_name_1011005,1,22,,0,0,0,99999999,,0,0,,0,0,0,0,0,0,0,0,0,0,1011005_icon,item_des_1011005,item_function_1011005,1,1
1011105,蓝金蝶(蓝金蝶·银),item_name_1011105,2,22,,0,0,0,99999999,,0,0,,0,0,0,0,0,0,0,0,0,0,1011105_icon,item_des_1011105,item_function_1011105,1,1
1011205,蓝金蝶(蓝金蝶·金),item_name_1011205,3,22,,0,0,0,99999999,,0,0,,0,0,0,0,0,0,0,0,0,0,1011205_icon,item_des_1011205,item_function_1011205,1,1
1011006,海葵鱼(海葵鱼),item_name_1011006,1,22,,0,0,0,99999999,,0,0,,0,0,0,0,0,0,0,0,0,0,1011006_icon,item_des_1011006,item_function_1011006,1,1
1011106,海葵鱼(海葵鱼·银),item_name_1011106,2,22,,0,0,0,99999999,,0,0,,0,0,0,0,0,0,0,0,0,0,1011106_icon,item_des_1011106,item_function_1011106,1,1
1011206,海葵鱼(海葵鱼·金),item_name_1011206,3,22,,0,0,0,99999999,,0,0,,0,0,0,0,0,0,0,0,0,0,1011206_icon,item_des_1011206,item_function_1011206,1,1
1011007,水晶捕手(水晶捕手),item_name_1011007,1,22,,0,0,0,99999999,,0,0,,0,0,0,0,0,0,0,0,0,0,1011007_icon,item_des_1011007,item_function_1011007,1,1
1011107,水晶捕手(水晶捕手·银),item_name_1011107,2,22,,0,0,0,99999999,,0,0,,0,0,0,0,0,0,0,0,0,0,1011107_icon,item_des_1011107,item_function_1011107,1,1
1011207,水晶捕手(水晶捕手·金),item_name_1011207,3,22,,0,0,0,99999999,,0,0,,0,0,0,0,0,0,0,0,0,0,1011207_icon,item_des_1011207,item_function_1011207,1,1
1011008,碎冰鱼(碎冰鱼),item_name_1011008,1,22,,0,0,0,99999999,,0,0,,0,0,0,0,0,0,0,0,0,0,1011008_icon,item_des_1011008,item_function_1011008,1,1
1011108,碎冰鱼(碎冰鱼·银),item_name_1011108,2,22,,0,0,0,99999999,,0,0,,0,0,0,0,0,0,0,0,0,0,1011108_icon,item_des_1011108,item_function_1011108,1,1
1011208,碎冰鱼(碎冰鱼·金),item_name_1011208,3,22,,0,0,0,99999999,,0,0,,0,0,0,0,0,0,0,0,0,0,1011208_icon,item_des_1011208,item_function_1011208,1,1
1011009,墨鱼(墨鱼),item_name_1011009,1,22,,0,0,0,99999999,,0,0,,0,0,0,0,0,0,0,0,0,0,1011009_icon,item_des_1011009,item_function_1011009,1,1
1011109,墨鱼(墨鱼·银),item_name_1011109,2,22,,0,0,0,99999999,,0,0,,0,0,0,0,0,0,0,0,0,0,1011109_icon,item_des_1011109,item_function_1011109,1,1
1011209,墨鱼(墨鱼·金),item_name_1011209,3,22,,0,0,0,99999999,,0,0,,0,0,0,0,0,0,0,0,0,0,1011209_icon,item_des_1011209,item_function_1011209,1,1
1011010,紫极光(紫极光),item_name_1011010,1,22,,0,0,0,99999999,,0,0,,0,0,0,0,0,0,0,0,0,0,1011010_icon,item_des_1011010,item_function_1011010,1,1
1011110,紫极光(紫极光·银),item_name_1011110,2,22,,0,0,0,99999999,,0,0,,0,0,0,0,0,0,0,0,0,0,1011110_icon,item_des_1011110,item_function_1011110,1,1
1011210,紫极光(紫极光·金),item_name_1011210,3,22,,0,0,0,99999999,,0,0,,0,0,0,0,0,0,0,0,0,0,1011210_icon,item_des_1011210,item_function_1011210,1,1
1011011,红凶鳢(红凶鳢),item_name_1011011,1,22,,0,0,0,99999999,,0,0,,0,0,0,0,0,0,0,0,0,0,1011011_icon,item_des_1011011,item_function_1011011,1,1
1011111,红凶鳢(红凶鳢·银),item_name_1011111,2,22,,0,0,0,99999999,,0,0,,0,0,0,0,0,0,0,0,0,0,1011111_icon,item_des_1011111,item_function_1011111,1,1
1011211,红凶鳢(红凶鳢·金),item_name_1011211,3,22,,0,0,0,99999999,,0,0,,0,0,0,0,0,0,0,0,0,0,1011211_icon,item_des_1011211,item_function_1011211,1,1
1011012,蓝冰枪(蓝冰枪),item_name_1011012,1,22,,0,0,0,99999999,,0,0,,0,0,0,0,0,0,0,0,0,0,1011012_icon,item_des_1011012,item_function_1011012,1,1
1011112,蓝冰枪(蓝冰枪·银),item_name_1011112,2,22,,0,0,0,99999999,,0,0,,0,0,0,0,0,0,0,0,0,0,1011112_icon,item_des_1011112,item_function_1011112,1,1
1011212,蓝冰枪(蓝冰枪·金),item_name_1011212,3,22,,0,0,0,99999999,,0,0,,0,0,0,0,0,0,0,0,0,0,1011212_icon,item_des_1011212,item_function_1011212,1,1
1011013,黄铜鱼(黄铜鱼),item_name_1011013,1,22,,0,0,0,99999999,,0,0,,0,0,0,0,0,0,0,0,0,0,1011013_icon,item_des_1011013,item_function_1011013,1,1
1011113,黄铜鱼(黄铜鱼·银),item_name_1011113,2,22,,0,0,0,99999999,,0,0,,0,0,0,0,0,0,0,0,0,0,1011113_icon,item_des_1011113,item_function_1011113,1,1
1011213,黄铜鱼(黄铜鱼·金),item_name_1011213,3,22,,0,0,0,99999999,,0,0,,0,0,0,0,0,0,0,0,0,0,1011213_icon,item_des_1011213,item_function_1011213,1,1
1011014,幻蓝鱼(幻蓝鱼),item_name_1011014,1,22,,0,0,0,99999999,,0,0,,0,0,0,0,0,0,0,0,0,0,1011014_icon,item_des_1011014,item_function_1011014,1,1
1011114,幻蓝鱼(幻蓝鱼·银),item_name_1011114,2,22,,0,0,0,99999999,,0,0,,0,0,0,0,0,0,0,0,0,0,1011114_icon,item_des_1011114,item_function_1011114,1,1
1011214,幻蓝鱼(幻蓝鱼·金),item_name_1011214,3,22,,0,0,0,99999999,,0,0,,0,0,0,0,0,0,0,0,0,0,1011214_icon,item_des_1011214,item_function_1011214,1,1
1011015,桶装红茶(桶装红茶),item_name_1011015,1,22,,0,0,0,99999999,,0,0,,0,0,0,0,0,0,0,0,0,0,1011015_icon,item_des_1011015,item_function_1011015,1,1
1011115,桶装红茶(桶装红茶·银),item_name_1011115,2,22,,0,0,0,99999999,,0,0,,0,0,0,0,0,0,0,0,0,0,1011115_icon,item_des_1011115,item_function_1011115,1,1
1011215,桶装红茶(桶装红茶·金),item_name_1011215,3,22,,0,0,0,99999999,,0,0,,0,0,0,0,0,0,0,0,0,0,1011215_icon,item_des_1011215,item_function_1011215,1,1
1011016,银沙鳟(银沙鳟),item_name_1011016,1,22,,0,0,0,99999999,,0,0,,0,0,0,0,0,0,0,0,0,0,1011016_icon,item_des_1011016,item_function_1011016,1,1
1011116,银沙鳟(银沙鳟·银),item_name_1011116,2,22,,0,0,0,99999999,,0,0,,0,0,0,0,0,0,0,0,0,0,1011116_icon,item_des_1011116,item_function_1011116,1,1
1011216,银沙鳟(银沙鳟·金),item_name_1011216,3,22,,0,0,0,99999999,,0,0,,0,0,0,0,0,0,0,0,0,0,1011216_icon,item_des_1011216,item_function_1011216,1,1
1011017,天光鱼(天光鱼),item_name_1011017,1,22,,0,0,0,99999999,,0,0,,0,0,0,0,0,0,0,0,0,0,1011017_icon,item_des_1011017,item_function_1011017,1,1
1011117,天光鱼(天光鱼·银),item_name_1011117,2,22,,0,0,0,99999999,,0,0,,0,0,0,0,0,0,0,0,0,0,1011117_icon,item_des_1011117,item_function_1011117,1,1
1011217,天光鱼(天光鱼·金),item_name_1011217,3,22,,0,0,0,99999999,,0,0,,0,0,0,0,0,0,0,0,0,0,1011217_icon,item_des_1011217,item_function_1011217,1,1
1011018,深蓝鳐(深蓝鳐),item_name_1011018,1,22,,0,0,0,99999999,,0,0,,0,0,0,0,0,0,0,0,0,0,1011018_icon,item_des_1011018,item_function_1011018,1,1
1011118,深蓝鳐(深蓝鳐·银),item_name_1011118,2,22,,0,0,0,99999999,,0,0,,0,0,0,0,0,0,0,0,0,0,1011118_icon,item_des_1011118,item_function_1011118,1,1
1011218,深蓝鳐(深蓝鳐·金),item_name_1011218,3,22,,0,0,0,99999999,,0,0,,0,0,0,0,0,0,0,0,0,0,1011218_icon,item_des_1011218,item_function_1011218,1,1
1011019,刺点海星(刺点海星),item_name_1011019,1,22,,0,0,0,99999999,,0,0,,0,0,0,0,0,0,0,0,0,0,1011019_icon,item_des_1011019,item_function_1011019,1,1
1011119,刺点海星(刺点海星·银),item_name_1011119,2,22,,0,0,0,99999999,,0,0,,0,0,0,0,0,0,0,0,0,0,1011119_icon,item_des_1011119,item_function_1011119,1,1
1011219,刺点海星(刺点海星·金),item_name_1011219,3,22,,0,0,0,99999999,,0,0,,0,0,0,0,0,0,0,0,0,0,1011219_icon,item_des_1011219,item_function_1011219,1,1
1011020,红狗鱼(红狗鱼),item_name_1011020,1,22,,0,0,0,99999999,,0,0,,0,0,0,0,0,0,0,0,0,0,1011020_icon,item_des_1011020,item_function_1011020,1,1
1011120,红狗鱼(红狗鱼·银),item_name_1011120,2,22,,0,0,0,99999999,,0,0,,0,0,0,0,0,0,0,0,0,0,1011120_icon,item_des_1011120,item_function_1011120,1,1
1011220,红狗鱼(红狗鱼·金),item_name_1011220,3,22,,0,0,0,99999999,,0,0,,0,0,0,0,0,0,0,0,0,0,1011220_icon,item_des_1011220,item_function_1011220,1,1
1011021,淡苦鱼(淡苦鱼),item_name_1011021,1,22,,0,0,0,99999999,,0,0,,0,0,0,0,0,0,0,0,0,0,1011021_icon,item_des_1011021,item_function_1011021,1,1
1011121,淡苦鱼(淡苦鱼·银),item_name_1011121,2,22,,0,0,0,99999999,,0,0,,0,0,0,0,0,0,0,0,0,0,1011121_icon,item_des_1011121,item_function_1011121,1,1
1011221,淡苦鱼(淡苦鱼·金),item_name_1011221,3,22,,0,0,0,99999999,,0,0,,0,0,0,0,0,0,0,0,0,0,1011221_icon,item_des_1011221,item_function_1011221,1,1
1011022,地狱鲀(地狱鲀),item_name_1011022,1,22,,0,0,0,99999999,,0,0,,0,0,0,0,0,0,0,0,0,0,1011022_icon,item_des_1011022,item_function_1011022,1,1
1011122,地狱鲀(地狱鲀·银),item_name_1011122,2,22,,0,0,0,99999999,,0,0,,0,0,0,0,0,0,0,0,0,0,1011122_icon,item_des_1011122,item_function_1011122,1,1
1011222,地狱鲀(地狱鲀·金),item_name_1011222,3,22,,0,0,0,99999999,,0,0,,0,0,0,0,0,0,0,0,0,0,1011222_icon,item_des_1011222,item_function_1011222,1,1
1011023,豹点鱼(豹点鱼),item_name_1011023,1,22,,0,0,0,99999999,,0,0,,0,0,0,0,0,0,0,0,0,0,1011023_icon,item_des_1011023,item_function_1011023,1,1
1011123,豹点鱼(豹点鱼·银),item_name_1011123,2,22,,0,0,0,99999999,,0,0,,0,0,0,0,0,0,0,0,0,0,1011123_icon,item_des_1011123,item_function_1011123,1,1
1011223,豹点鱼(豹点鱼·金),item_name_1011223,3,22,,0,0,0,99999999,,0,0,,0,0,0,0,0,0,0,0,0,0,1011223_icon,item_des_1011223,item_function_1011223,1,1
1011024,蓝带隆头鱼(蓝带隆头鱼),item_name_1011024,1,22,,0,0,0,99999999,,0,0,,0,0,0,0,0,0,0,0,0,0,1011024_icon,item_des_1011024,item_function_1011024,1,1
1011124,蓝带隆头鱼(蓝带隆头鱼·银),item_name_1011124,2,22,,0,0,0,99999999,,0,0,,0,0,0,0,0,0,0,0,0,0,1011124_icon,item_des_1011124,item_function_1011124,1,1
1011224,蓝带隆头鱼(蓝带隆头鱼·金),item_name_1011224,3,22,,0,0,0,99999999,,0,0,,0,0,0,0,0,0,0,0,0,0,1011224_icon,item_des_1011224,item_function_1011224,1,1
1011025,紫金带(紫金带),item_name_1011025,1,22,,0,0,0,99999999,,0,0,,0,0,0,0,0,0,0,0,0,0,1011025_icon,item_des_1011025,item_function_1011025,1,1
1011125,紫金带(紫金带·银),item_name_1011125,2,22,,0,0,0,99999999,,0,0,,0,0,0,0,0,0,0,0,0,0,1011125_icon,item_des_1011125,item_function_1011125,1,1
1011225,紫金带(紫金带·金),item_name_1011225,3,22,,0,0,0,99999999,,0,0,,0,0,0,0,0,0,0,0,0,0,1011225_icon,item_des_1011225,item_function_1011225,1,1
1011026,花边鲫(花边鲫),item_name_1011026,1,22,,0,0,0,99999999,,0,0,,0,0,0,0,0,0,0,0,0,0,1011026_icon,item_des_1011026,item_function_1011026,1,1
1011126,花边鲫(花边鲫·银),item_name_1011126,2,22,,0,0,0,99999999,,0,0,,0,0,0,0,0,0,0,0,0,0,1011126_icon,item_des_1011126,item_function_1011126,1,1
1011226,花边鲫(花边鲫·金),item_name_1011226,3,22,,0,0,0,99999999,,0,0,,0,0,0,0,0,0,0,0,0,0,1011226_icon,item_des_1011226,item_function_1011226,1,1
1011027,赤须(赤须),item_name_1011027,1,22,,0,0,0,99999999,,0,0,,0,0,0,0,0,0,0,0,0,0,1011027_icon,item_des_1011027,item_function_1011027,1,1
1011127,赤须(赤须·银),item_name_1011127,2,22,,0,0,0,99999999,,0,0,,0,0,0,0,0,0,0,0,0,0,1011127_icon,item_des_1011127,item_function_1011127,1,1
1011227,赤须(赤须·金),item_name_1011227,3,22,,0,0,0,99999999,,0,0,,0,0,0,0,0,0,0,0,0,0,1011227_icon,item_des_1011227,item_function_1011227,1,1
1011028,白苦鲑(白苦鲑),item_name_1011028,1,22,,0,0,0,99999999,,0,0,,0,0,0,0,0,0,0,0,0,0,1011028_icon,item_des_1011028,item_function_1011028,1,1
1011128,白苦鲑(白苦鲑·银),item_name_1011128,2,22,,0,0,0,99999999,,0,0,,0,0,0,0,0,0,0,0,0,0,1011128_icon,item_des_1011128,item_function_1011128,1,1
1011228,白苦鲑(白苦鲑·金),item_name_1011228,3,22,,0,0,0,99999999,,0,0,,0,0,0,0,0,0,0,0,0,0,1011228_icon,item_des_1011228,item_function_1011228,1,1
1011029,造访者(造访者),item_name_1011029,1,22,,0,0,0,99999999,,0,0,,0,0,0,0,0,0,0,0,0,0,1011029_icon,item_des_1011029,item_function_1011029,1,1
1011129,造访者(造访者·银),item_name_1011129,2,22,,0,0,0,99999999,,0,0,,0,0,0,0,0,0,0,0,0,0,1011129_icon,item_des_1011129,item_function_1011129,1,1
1011229,造访者(造访者·金),item_name_1011229,3,22,,0,0,0,99999999,,0,0,,0,0,0,0,0,0,0,0,0,0,1011229_icon,item_des_1011229,item_function_1011229,1,1
1011030,水豺狼(水豺狼),item_name_1011030,1,22,,0,0,0,99999999,,0,0,,0,0,0,0,0,0,0,0,0,0,1011030_icon,item_des_1011030,item_function_1011030,1,1
1011130,水豺狼(水豺狼·银),item_name_1011130,2,22,,0,0,0,99999999,,0,0,,0,0,0,0,0,0,0,0,0,0,1011130_icon,item_des_1011130,item_function_1011130,1,1
1011230,水豺狼(水豺狼·金),item_name_1011230,3,22,,0,0,0,99999999,,0,0,,0,0,0,0,0,0,0,0,0,0,1011230_icon,item_des_1011230,item_function_1011230,1,1
1011031,叉尾鳙(叉尾鳙),item_name_1011031,1,22,,0,0,0,99999999,,0,0,,0,0,0,0,0,0,0,0,0,0,1011031_icon,item_des_1011031,item_function_1011031,1,1
1011131,叉尾鳙(叉尾鳙·银),item_name_1011131,2,22,,0,0,0,99999999,,0,0,,0,0,0,0,0,0,0,0,0,0,1011131_icon,item_des_1011131,item_function_1011131,1,1
1011231,叉尾鳙(叉尾鳙·金),item_name_1011231,3,22,,0,0,0,99999999,,0,0,,0,0,0,0,0,0,0,0,0,0,1011231_icon,item_des_1011231,item_function_1011231,1,1
1011032,金骨舌鱼(金骨舌鱼),item_name_1011032,1,22,,0,0,0,99999999,,0,0,,0,0,0,0,0,0,0,0,0,0,1011032_icon,item_des_1011032,item_function_1011032,1,1
1011132,金骨舌鱼(金骨舌鱼·银),item_name_1011132,2,22,,0,0,0,99999999,,0,0,,0,0,0,0,0,0,0,0,0,0,1011132_icon,item_des_1011132,item_function_1011132,1,1
1011232,金骨舌鱼(金骨舌鱼·金),item_name_1011232,3,22,,0,0,0,99999999,,0,0,,0,0,0,0,0,0,0,0,0,0,1011232_icon,item_des_1011232,item_function_1011232,1,1
1011033,翻车鱼(翻车鱼),item_name_1011033,1,22,,0,0,0,99999999,,0,0,,0,0,0,0,0,0,0,0,0,0,1011033_icon,item_des_1011033,item_function_1011033,1,1
1011133,翻车鱼(翻车鱼·银),item_name_1011133,2,22,,0,0,0,99999999,,0,0,,0,0,0,0,0,0,0,0,0,0,1011133_icon,item_des_1011133,item_function_1011133,1,1
1011233,翻车鱼(翻车鱼·金),item_name_1011233,3,22,,0,0,0,99999999,,0,0,,0,0,0,0,0,0,0,0,0,0,1011233_icon,item_des_1011233,item_function_1011233,1,1
1011034,黄昏老人(黄昏老人),item_name_1011034,1,22,,0,0,0,99999999,,0,0,,0,0,0,0,0,0,0,0,0,0,1011034_icon,item_des_1011034,item_function_1011034,1,1
1011134,黄昏老人(黄昏老人·银),item_name_1011134,2,22,,0,0,0,99999999,,0,0,,0,0,0,0,0,0,0,0,0,0,1011134_icon,item_des_1011134,item_function_1011134,1,1
1011234,黄昏老人(黄昏老人·金),item_name_1011234,3,22,,0,0,0,99999999,,0,0,,0,0,0,0,0,0,0,0,0,0,1011234_icon,item_des_1011234,item_function_1011234,1,1
1011035,魔角男爵(魔角男爵),item_name_1011035,1,22,,0,0,0,99999999,,0,0,,0,0,0,0,0,0,0,0,0,0,1011035_icon,item_des_1011035,item_function_1011035,1,1
1011135,魔角男爵(魔角男爵·银),item_name_1011135,2,22,,0,0,0,99999999,,0,0,,0,0,0,0,0,0,0,0,0,0,1011135_icon,item_des_1011135,item_function_1011135,1,1
1011235,魔角男爵(魔角男爵·金),item_name_1011235,3,22,,0,0,0,99999999,,0,0,,0,0,0,0,0,0,0,0,0,0,1011235_icon,item_des_1011235,item_function_1011235,1,1
1011036,暗金鲶龙(暗金鲶龙),item_name_1011036,1,22,,0,0,0,99999999,,0,0,,0,0,0,0,0,0,0,0,0,0,1011036_icon,item_des_1011036,item_function_1011036,1,1
1011136,暗金鲶龙(暗金鲶龙·银),item_name_1011136,2,22,,0,0,0,99999999,,0,0,,0,0,0,0,0,0,0,0,0,0,1011136_icon,item_des_1011136,item_function_1011136,1,1
1011236,暗金鲶龙(暗金鲶龙·金),item_name_1011236,3,22,,0,0,0,99999999,,0,0,,0,0,0,0,0,0,0,0,0,0,1011236_icon,item_des_1011236,item_function_1011236,1,1
1011037,密鳞鱼(密鳞鱼),item_name_1011037,1,22,,0,0,0,99999999,,0,0,,0,0,0,0,0,0,0,0,0,0,1011037_icon,item_des_1011037,item_function_1011037,1,1
1011137,密鳞鱼(密鳞鱼·银),item_name_1011137,2,22,,0,0,0,99999999,,0,0,,0,0,0,0,0,0,0,0,0,0,1011137_icon,item_des_1011137,item_function_1011137,1,1
1011237,密鳞鱼(密鳞鱼·金),item_name_1011237,3,22,,0,0,0,99999999,,0,0,,0,0,0,0,0,0,0,0,0,0,1011237_icon,item_des_1011237,item_function_1011237,1,1
1011038,冰蓝罗非(冰蓝罗非),item_name_1011038,1,22,,0,0,0,99999999,,0,0,,0,0,0,0,0,0,0,0,0,0,1011038_icon,item_des_1011038,item_function_1011038,1,1
1011138,冰蓝罗非(冰蓝罗非·银),item_name_1011138,2,22,,0,0,0,99999999,,0,0,,0,0,0,0,0,0,0,0,0,0,1011138_icon,item_des_1011138,item_function_1011138,1,1
1011238,冰蓝罗非(冰蓝罗非·金),item_name_1011238,3,22,,0,0,0,99999999,,0,0,,0,0,0,0,0,0,0,0,0,0,1011238_icon,item_des_1011238,item_function_1011238,1,1
1011039,熔岩鲈(熔岩鲈),item_name_1011039,1,22,,0,0,0,99999999,,0,0,,0,0,0,0,0,0,0,0,0,0,1011039_icon,item_des_1011039,item_function_1011039,1,1
1011139,熔岩鲈(熔岩鲈·银),item_name_1011139,2,22,,0,0,0,99999999,,0,0,,0,0,0,0,0,0,0,0,0,0,1011139_icon,item_des_1011139,item_function_1011139,1,1
1011239,熔岩鲈(熔岩鲈·金),item_name_1011239,3,22,,0,0,0,99999999,,0,0,,0,0,0,0,0,0,0,0,0,0,1011239_icon,item_des_1011239,item_function_1011239,1,1
1011040,绿斑鱼(绿斑鱼),item_name_1011040,1,22,,0,0,0,99999999,,0,0,,0,0,0,0,0,0,0,0,0,0,1011040_icon,item_des_1011040,item_function_1011040,1,1
1011140,绿斑鱼(绿斑鱼·银),item_name_1011140,2,22,,0,0,0,99999999,,0,0,,0,0,0,0,0,0,0,0,0,0,1011140_icon,item_des_1011140,item_function_1011140,1,1
1011240,绿斑鱼(绿斑鱼·金),item_name_1011240,3,22,,0,0,0,99999999,,0,0,,0,0,0,0,0,0,0,0,0,0,1011240_icon,item_des_1011240,item_function_1011240,1,1
1013001,月牙马铃薯(农场_蔬菜类1_普通),item_name_1013001,1,22,,0,0,0,99999999,,0,0,,0,0,0,0,0,0,0,0,0,0,1013001_icon,item_des_1013001,item_function_1013001,1,1
1013101,优质月牙马铃薯(农场_蔬菜类1_优质),item_name_1013101,2,22,,0,0,0,99999999,,0,0,,0,0,0,0,0,0,0,0,0,0,1013101_icon,item_des_1013101,item_function_1013101,1,1
1013201,超级月牙马铃薯(农场_蔬菜类1_超级),item_name_1013201,3,22,,0,0,0,99999999,,0,0,,0,0,0,0,0,0,0,0,0,0,1013201_icon,item_des_1013201,item_function_1013201,1,1
1013002,火焰大番茄(农场_蔬菜类2_普通),item_name_1013002,1,22,,0,0,0,99999999,,0,0,,0,0,0,0,0,0,0,0,0,0,1013002_icon,item_des_1013002,item_function_1013002,1,1
1013102,优质火焰大番茄(农场_蔬菜类2_优质),item_name_1013102,2,22,,0,0,0,99999999,,0,0,,0,0,0,0,0,0,0,0,0,0,1013102_icon,item_des_1013102,item_function_1013102,1,1
1013202,超级火焰大番茄(农场_蔬菜类2_超级),item_name_1013202,3,22,,0,0,0,99999999,,0,0,,0,0,0,0,0,0,0,0,0,0,1013202_icon,item_des_1013202,item_function_1013202,1,1
1013003,拇指玉米(农场_蔬菜类3_普通),item_name_1013003,1,22,,0,0,0,99999999,,0,0,,0,0,0,0,0,0,0,0,0,0,1013003_icon,item_des_1013003,item_function_1013003,1,1
1013103,优质拇指玉米(农场_蔬菜类3_优质),item_name_1013103,2,22,,0,0,0,99999999,,0,0,,0,0,0,0,0,0,0,0,0,0,1013103_icon,item_des_1013103,item_function_1013103,1,1
1013203,超级拇指玉米(农场_蔬菜类3_超级),item_name_1013203,3,22,,0,0,0,99999999,,0,0,,0,0,0,0,0,0,0,0,0,0,1013203_icon,item_des_1013203,item_function_1013203,1,1
1013004,连叶卷心菜(农场_蔬菜类4_普通),item_name_1013004,1,22,,0,0,0,99999999,,0,0,,0,0,0,0,0,0,0,0,0,0,1013004_icon,item_des_1013004,item_function_1013004,1,1
1013104,优质连叶卷心菜(农场_蔬菜类4_优质),item_name_1013104,2,22,,0,0,0,99999999,,0,0,,0,0,0,0,0,0,0,0,0,0,1013104_icon,item_des_1013104,item_function_1013104,1,1
1013204,超级连叶卷心菜(农场_蔬菜类4_超级),item_name_1013204,3,22,,0,0,0,99999999,,0,0,,0,0,0,0,0,0,0,0,0,0,1013204_icon,item_des_1013204,item_function_1013204,1,1
1013005,黑松露(农场_蘑菇类1_普通),item_name_1013005,1,22,,0,0,0,99999999,,0,0,,0,0,0,0,0,0,0,0,0,0,1013005_icon,item_des_1013005,item_function_1013005,1,1
1013105,优质黑松露(农场_蘑菇类1_优质),item_name_1013105,2,22,,0,0,0,99999999,,0,0,,0,0,0,0,0,0,0,0,0,0,1013105_icon,item_des_1013105,item_function_1013105,1,1
1013205,超级黑松露(农场_蘑菇类1_超级),item_name_1013205,3,22,,0,0,0,99999999,,0,0,,0,0,0,0,0,0,0,0,0,0,1013205_icon,item_des_1013205,item_function_1013205,1,1
1013006,龟甲菇(农场_蘑菇类2_普通),item_name_1013006,1,22,,0,0,0,99999999,,0,0,,0,0,0,0,0,0,0,0,0,0,1013006_icon,item_des_1013006,item_function_1013006,1,1
1013106,优质龟甲菇(农场_蘑菇类2_优质),item_name_1013106,2,22,,0,0,0,99999999,,0,0,,0,0,0,0,0,0,0,0,0,0,1013106_icon,item_des_1013106,item_function_1013106,1,1
1013206,超级龟甲菇(农场_蘑菇类2_超级),item_name_1013206,3,22,,0,0,0,99999999,,0,0,,0,0,0,0,0,0,0,0,0,0,1013206_icon,item_des_1013206,item_function_1013206,1,1
1013007,千蝶菇(农场_蘑菇类3_普通),item_name_1013007,1,22,,0,0,0,99999999,,0,0,,0,0,0,0,0,0,0,0,0,0,1013007_icon,item_des_1013007,item_function_1013007,1,1
1013107,优质千蝶菇(农场_蘑菇类3_优质),item_name_1013107,2,22,,0,0,0,99999999,,0,0,,0,0,0,0,0,0,0,0,0,0,1013107_icon,item_des_1013107,item_function_1013107,1,1
1013207,超级千蝶菇(农场_蘑菇类3_超级),item_name_1013207,3,22,,0,0,0,99999999,,0,0,,0,0,0,0,0,0,0,0,0,0,1013207_icon,item_des_1013207,item_function_1013207,1,1
1013008,绿翠绒(农场_蘑菇类4_普通),item_name_1013008,1,22,,0,0,0,99999999,,0,0,,0,0,0,0,0,0,0,0,0,0,1013008_icon,item_des_1013008,item_function_1013008,1,1
1013108,优质绿翠绒(农场_蘑菇类4_优质),item_name_1013108,2,22,,0,0,0,99999999,,0,0,,0,0,0,0,0,0,0,0,0,0,1013108_icon,item_des_1013108,item_function_1013108,1,1
1013208,超级绿翠绒(农场_蘑菇类4_超级),item_name_1013208,3,22,,0,0,0,99999999,,0,0,,0,0,0,0,0,0,0,0,0,0,1013208_icon,item_des_1013208,item_function_1013208,1,1
1013009,龙鳞果(农场_水果类1_普通),item_name_1013009,1,22,,0,0,0,99999999,,0,0,,0,0,0,0,0,0,0,0,0,0,1013009_icon,item_des_1013009,item_function_1013009,1,1
1013109,优质龙鳞果(农场_水果类1_优质),item_name_1013109,2,22,,0,0,0,99999999,,0,0,,0,0,0,0,0,0,0,0,0,0,1013109_icon,item_des_1013109,item_function_1013109,1,1
1013209,超级龙鳞果(农场_水果类1_超级),item_name_1013209,3,22,,0,0,0,99999999,,0,0,,0,0,0,0,0,0,0,0,0,0,1013209_icon,item_des_1013209,item_function_1013209,1,1
1013010,天谕橙(农场_水果类2_普通),item_name_1013010,1,22,,0,0,0,99999999,,0,0,,0,0,0,0,0,0,0,0,0,0,1013010_icon,item_des_1013010,item_function_1013010,1,1
1013110,优质天谕橙(农场_水果类2_优质),item_name_1013110,2,22,,0,0,0,99999999,,0,0,,0,0,0,0,0,0,0,0,0,0,1013110_icon,item_des_1013110,item_function_1013110,1,1
1013210,超级天谕橙(农场_水果类2_超级),item_name_1013210,3,22,,0,0,0,99999999,,0,0,,0,0,0,0,0,0,0,0,0,0,1013210_icon,item_des_1013210,item_function_1013210,1,1
1013011,青海莓(农场_水果类3_普通),item_name_1013011,1,22,,0,0,0,99999999,,0,0,,0,0,0,0,0,0,0,0,0,0,1013011_icon,item_des_1013011,item_function_1013011,1,1
1013111,优质青海莓(农场_水果类3_优质),item_name_1013111,2,22,,0,0,0,99999999,,0,0,,0,0,0,0,0,0,0,0,0,0,1013111_icon,item_des_1013111,item_function_1013111,1,1
1013211,超级青海莓(农场_水果类3_超级),item_name_1013211,3,22,,0,0,0,99999999,,0,0,,0,0,0,0,0,0,0,0,0,0,1013211_icon,item_des_1013211,item_function_1013211,1,1
1013012,黄金葡萄(农场_水果类4_普通),item_name_1013012,1,22,,0,0,0,99999999,,0,0,,0,0,0,0,0,0,0,0,0,0,1013012_icon,item_des_1013012,item_function_1013012,1,1
1013112,优质黄金葡萄(农场_水果类4_优质),item_name_1013112,2,22,,0,0,0,99999999,,0,0,,0,0,0,0,0,0,0,0,0,0,1013112_icon,item_des_1013112,item_function_1013112,1,1
1013212,超级黄金葡萄(农场_水果类4_超级),item_name_1013212,3,22,,0,0,0,99999999,,0,0,,0,0,0,0,0,0,0,0,0,0,1013212_icon,item_des_1013212,item_function_1013212,1,1
1014001,魔化硼砂(魔物列阵随机特性洗练道具),item_name_1014001,3,3,,0,0,0,99999999,,0,0,,0,0,0,0,0,0,0,0,0,0,1014001_icon,item_des_1014001,item_function_1014001,1,1
1014002,西蒙魂屑(西蒙碎片),item_name_1014002,3,5,5,0,0,0,99999999,,0,0,,0,0,0,0,0,0,0,0,0,0,1014002_icon,item_des_1014002,item_function_1014002,1,1
1014003,莉莉布朗尼魂屑(莉莉布朗尼碎片),item_name_1014003,3,5,5,0,0,0,99999999,,0,0,,0,0,0,0,0,0,0,0,0,0,1014003_icon,item_des_1014003,item_function_1014003,1,1
1014004,咎瓦尤斯魂屑(咎瓦尤斯碎片),item_name_1014004,3,5,5,0,0,0,99999999,,0,0,,0,0,0,0,0,0,0,0,0,0,1014004_icon,item_des_1014004,item_function_1014004,1,1
1014005,伐楼那&阿耆尼魂屑(伐楼那&阿耆尼碎片),item_name_1014005,3,5,5,0,0,0,99999999,,0,0,,0,0,0,0,0,0,0,0,0,0,1014005_icon,item_des_1014005,item_function_1014005,1,1
1014009,咒行鵺魂屑(魔物蛋),item_name_1014009,3,31,5,0,0,0,99999999,"1049,1",6100000,0,,3,0,0,0,0,0,0,0,0,0,1014004_icon,item_des_1014009,item_function_1014009,1,1
1014010,夺心魔魂屑(魔物蛋),item_name_1014010,3,31,5,0,0,0,99999999,"1049,1",6100001,0,,3,0,0,0,0,0,0,0,0,0,1014010_icon,item_des_1014010,item_function_1014010,1,1
1014011,深渊刺魂屑(魔物蛋),item_name_1014011,3,31,5,0,0,0,99999999,"1049,1",6100002,0,,3,0,0,0,0,0,0,0,0,0,1014011_icon,item_des_1014011,item_function_1014011,1,1
1014012,炽炎翼魂屑(魔物蛋),item_name_1014012,3,31,5,0,0,0,99999999,"1049,1",6100003,0,,3,0,0,0,0,0,0,0,0,0,1014012_icon,item_des_1014012,item_function_1014012,1,1
1014013,宁芙妖魂屑(魔物蛋),item_name_1014013,3,31,5,0,0,0,99999999,"1049,1",6100004,0,,3,0,0,0,0,0,0,0,0,0,1014013_icon,item_des_1014013,item_function_1014013,1,1
1014014,噬命刃魂屑(魔物蛋),item_name_1014014,3,31,5,0,0,0,99999999,"1049,1",6100005,0,,3,0,0,0,0,0,0,0,0,0,1014014_icon,item_des_1014014,item_function_1014014,1,1
1014015,影巫女魂屑(魔物蛋),item_name_1014015,3,31,5,0,0,0,99999999,"1049,1",6100006,0,,3,0,0,0,0,0,0,0,0,0,1014015_icon,item_des_1014015,item_function_1014015,1,1
1014016,妄兽魂屑(魔物蛋),item_name_1014016,3,31,5,0,0,0,99999999,"1049,1",6100007,0,,3,0,0,0,0,0,0,0,0,0,1014016_icon,item_des_1014016,item_function_1014016,1,1
1014017,祸兽魂屑(魔物蛋),item_name_1014017,3,31,5,0,0,0,99999999,"1049,1",6100008,0,,3,0,0,0,0,0,0,0,0,0,1014017_icon,item_des_1014017,item_function_1014017,1,1
1014018,婴狐魂屑(魔物蛋),item_name_1014018,3,31,5,0,0,0,99999999,"1049,1",6100009,0,,3,0,0,0,0,0,0,0,0,0,1014018_icon,item_des_1014018,item_function_1014018,1,1
1014019,狐魑魂屑(魔物蛋),item_name_1014019,3,31,5,0,0,0,99999999,"1049,1",6100010,0,,3,0,0,0,0,0,0,0,0,0,1014019_icon,item_des_1014019,item_function_1014019,1,1
1014020,蝇斥候魂屑(魔物蛋),item_name_1014020,3,31,5,0,0,0,99999999,"1049,1",6100011,0,,3,0,0,0,0,0,0,0,0,0,1014020_icon,item_des_1014020,item_function_1014020,1,1
1014021,播疫妖蝇魂屑(魔物蛋),item_name_1014021,3,31,5,0,0,0,99999999,"1049,1",6100012,0,,3,0,0,0,0,0,0,0,0,0,1014021_icon,item_des_1014021,item_function_1014021,1,1
1014022,凋败妖蝇魂屑(魔物蛋),item_name_1014022,3,31,5,0,0,0,99999999,"1049,1",6100013,0,,3,0,0,0,0,0,0,0,0,0,1014022_icon,item_des_1014022,item_function_1014022,1,1
1014023,铁骑士魂屑(魔物蛋),item_name_1014023,3,31,5,0,0,0,99999999,"1049,1",6100014,0,,3,0,0,0,0,0,0,0,0,0,1014023_icon,item_des_1014023,item_function_1014023,1,1
1014024,白银骑士魂屑(魔物蛋),item_name_1014024,3,31,5,0,0,0,99999999,"1049,1",6100015,0,,3,0,0,0,0,0,0,0,0,0,1014024_icon,item_des_1014024,item_function_1014024,1,1
1014025,黄金骑士魂屑(魔物蛋),item_name_1014025,3,31,5,0,0,0,99999999,"1049,1",6100016,0,,3,0,0,0,0,0,0,0,0,0,1014025_icon,item_des_1014025,item_function_1014025,1,1
1014026,刃行者魂屑(魔物蛋),item_name_1014026,3,31,5,0,0,0,99999999,"1049,1",6100017,0,,3,0,0,0,0,0,0,0,0,0,1014026_icon,item_des_1014026,item_function_1014026,1,1
1014027,刃行怪魂屑(魔物蛋),item_name_1014027,3,31,5,0,0,0,99999999,"1049,1",6100018,0,,3,0,0,0,0,0,0,0,0,0,1014027_icon,item_des_1014027,item_function_1014027,1,1
1014028,刃行魔魂屑(魔物蛋),item_name_1014028,3,31,5,0,0,0,99999999,"1049,1",6100019,0,,3,0,0,0,0,0,0,0,0,0,1014028_icon,item_des_1014028,item_function_1014028,1,1
1014029,梦游羊·苏生魂屑(魔物蛋),item_name_1014029,3,31,5,0,0,0,99999999,"1049,1",6100020,0,,3,0,0,0,0,0,0,0,0,0,1014029_icon,item_des_1014029,item_function_1014029,1,1
1014030,梦游羊·幻魇魂屑(魔物蛋),item_name_1014030,3,31,5,0,0,0,99999999,"1049,1",6100021,0,,3,0,0,0,0,0,0,0,0,0,1014030_icon,item_des_1014030,item_function_1014030,1,1
1014031,梦游羊·白夜魂屑(魔物蛋),item_name_1014031,3,31,5,0,0,0,99999999,"1049,1",6100022,0,,3,0,0,0,0,0,0,0,0,0,1014031_icon,item_des_1014031,item_function_1014031,1,1
1014032,梦游羊·惊爆魂屑(魔物蛋),item_name_1014032,3,31,5,0,0,0,99999999,"1049,1",6100023,0,,3,0,0,0,0,0,0,0,0,0,1014032_icon,item_des_1014032,item_function_1014032,1,1
1014033,炎射手魂屑(魔物蛋),item_name_1014033,3,31,5,0,0,0,99999999,"1049,1",6100024,0,,3,0,0,0,0,0,0,0,0,0,1014033_icon,item_des_1014033,item_function_1014033,1,1
1014034,深红射手魂屑(魔物蛋),item_name_1014034,3,31,5,0,0,0,99999999,"1049,1",6100025,0,,3,0,0,0,0,0,0,0,0,0,1014034_icon,item_des_1014034,item_function_1014034,1,1
1014035,灰烬射手魂屑(魔物蛋),item_name_1014035,3,31,5,0,0,0,99999999,"1049,1",6100026,0,,3,0,0,0,0,0,0,0,0,0,1014035_icon,item_des_1014035,item_function_1014035,1,1
1014036,潜伏怪魂屑(魔物蛋),item_name_1014036,3,31,5,0,0,0,99999999,"1049,1",6100027,0,,3,0,0,0,0,0,0,0,0,0,1014036_icon,item_des_1014036,item_function_1014036,1,1
1014037,掠夺怪魂屑(魔物蛋),item_name_1014037,3,31,5,0,0,0,99999999,"1049,1",6100028,0,,3,0,0,0,0,0,0,0,0,0,1014037_icon,item_des_1014037,item_function_1014037,1,1
1014038,吞噬怪魂屑(魔物蛋),item_name_1014038,3,31,5,0,0,0,99999999,"1049,1",6100029,0,,3,0,0,0,0,0,0,0,0,0,1014038_icon,item_des_1014038,item_function_1014038,1,1
1014039,食人花魂屑(魔物蛋),item_name_1014039,3,31,5,0,0,0,99999999,"1049,1",6100030,0,,3,0,0,0,0,0,0,0,0,0,1014039_icon,item_des_1014039,item_function_1014039,1,1
1014040,巨食花魂屑(魔物蛋),item_name_1014040,3,31,5,0,0,0,99999999,"1049,1",6100031,0,,3,0,0,0,0,0,0,0,0,0,1014040_icon,item_des_1014040,item_function_1014040,1,1
1014041,恶诞花妖魂屑(魔物蛋),item_name_1014041,3,31,5,0,0,0,99999999,"1049,1",6100032,0,,3,0,0,0,0,0,0,0,0,0,1014041_icon,item_des_1014041,item_function_1014041,1,1
1014052,厨怪魂屑(魔物蛋),item_name_1014052,3,31,5,0,0,0,99999999,"1049,1",6100033,0,,3,0,0,0,0,0,0,0,0,0,1014052_icon,item_des_1014052,item_function_1014052,1,1
1014053,厨妖魂屑(魔物蛋),item_name_1014053,3,31,5,0,0,0,99999999,"1049,1",6100034,0,,3,0,0,0,0,0,0,0,0,0,1014053_icon,item_des_1014053,item_function_1014053,1,1
1014054,厨鬼魂屑(魔物蛋),item_name_1014054,3,31,5,0,0,0,99999999,"1049,1",6100035,0,,3,0,0,0,0,0,0,0,0,0,1014054_icon,item_des_1014054,item_function_1014054,1,1
1014055,黑面纱之魅魂屑(魔物蛋),item_name_1014055,3,31,5,0,0,0,99999999,"1049,1",6100036,0,,3,0,0,0,0,0,0,0,0,0,1014055_icon,item_des_1014055,item_function_1014055,1,1
1014056,黑面纱之魇魂屑(魔物蛋),item_name_1014056,3,31,5,0,0,0,99999999,"1049,1",6100037,0,,3,0,0,0,0,0,0,0,0,0,1014056_icon,item_des_1014056,item_function_1014056,1,1
1014057,黑面纱之怨魂屑(魔物蛋),item_name_1014057,3,31,5,0,0,0,99999999,"1049,1",6100038,0,,3,0,0,0,0,0,0,0,0,0,1014057_icon,item_des_1014057,item_function_1014057,1,1
1014058,怒魔人魂屑(魔物蛋),item_name_1014058,3,31,5,0,0,0,99999999,"1049,1",6100039,0,,3,0,0,0,0,0,0,0,0,0,1014058_icon,item_des_1014058,item_function_1014058,1,1
1014059,噬怒魔魂屑(魔物蛋),item_name_1014059,3,31,5,0,0,0,99999999,"1049,1",6100040,0,,3,0,0,0,0,0,0,0,0,0,1014059_icon,item_des_1014059,item_function_1014059,1,1
1014060,憎恶异魔魂屑(魔物蛋),item_name_1014060,3,31,5,0,0,0,99999999,"1049,1",6100041,0,,3,0,0,0,0,0,0,0,0,0,1014060_icon,item_des_1014060,item_function_1014060,1,1
1014061,糖豆妖精魂屑(魔物蛋),item_name_1014061,3,31,5,0,0,0,99999999,"1049,1",6100042,0,,3,0,0,0,0,0,0,0,0,0,1014061_icon,item_des_1014061,item_function_1014061,1,1
1014062,诡戏妖精魂屑(魔物蛋),item_name_1014062,3,31,5,0,0,0,99999999,"1049,1",6100043,0,,3,0,0,0,0,0,0,0,0,0,1014062_icon,item_des_1014062,item_function_1014062,1,1
1014063,怪邪妖精魂屑(魔物蛋),item_name_1014063,3,31,5,0,0,0,99999999,"1049,1",6100044,0,,3,0,0,0,0,0,0,0,0,0,1014063_icon,item_des_1014063,item_function_1014063,1,1
1014064,蕈人魂屑(魔物蛋),item_name_1014064,3,31,5,0,0,0,99999999,"1049,1",6100045,0,,3,0,0,0,0,0,0,0,0,0,1014064_icon,item_des_1014064,item_function_1014064,1,1
1014065,厚垣蕈人魂屑(魔物蛋),item_name_1014065,3,31,5,0,0,0,99999999,"1049,1",6100046,0,,3,0,0,0,0,0,0,0,0,0,1014065_icon,item_des_1014065,item_function_1014065,1,1
1014066,蕈人酋长魂屑(魔物蛋),item_name_1014066,3,31,5,0,0,0,99999999,"1049,1",6100047,0,,3,0,0,0,0,0,0,0,0,0,1014066_icon,item_des_1014066,item_function_1014066,1,1
1014067,公主骑士偶魂屑(魔物蛋),item_name_1014067,3,31,5,0,0,0,99999999,"1049,1",6100048,0,,3,0,0,0,0,0,0,0,0,0,1014067_icon,item_des_1014067,item_function_1014067,1,1
1014068,皇家骑士偶魂屑(魔物蛋),item_name_1014068,3,31,5,0,0,0,99999999,"1049,1",6100049,0,,3,0,0,0,0,0,0,0,0,0,1014068_icon,item_des_1014068,item_function_1014068,1,1
1014069,猩红骑士偶魂屑(魔物蛋),item_name_1014069,3,31,5,0,0,0,99999999,"1049,1",6100050,0,,3,0,0,0,0,0,0,0,0,0,1014069_icon,item_des_1014069,item_function_1014069,1,1
1014070,烛贤者魂屑(魔物蛋),item_name_1014070,3,31,5,0,0,0,99999999,"1049,1",6100051,0,,3,0,0,0,0,0,0,0,0,0,1014070_icon,item_des_1014070,item_function_1014070,1,1
1014071,炽贤者魂屑(魔物蛋),item_name_1014071,3,31,5,0,0,0,99999999,"1049,1",6100052,0,,3,0,0,0,0,0,0,0,0,0,1014071_icon,item_des_1014071,item_function_1014071,1,1
1014072,烬贤者魂屑(魔物蛋),item_name_1014072,3,31,5,0,0,0,99999999,"1049,1",6100053,0,,3,0,0,0,0,0,0,0,0,0,1014072_icon,item_des_1014072,item_function_1014072,1,1
1014073,鹰嘴翼龙魂屑(魔物蛋),item_name_1014073,3,31,5,0,0,0,99999999,,0,0,,3,0,0,0,0,0,0,0,0,0,1014073_icon,item_des_1014073,item_function_1014073,1,1
1014074,黑纹翼龙魂屑(魔物蛋),item_name_1014074,3,31,5,0,0,0,99999999,,0,0,,3,0,0,0,0,0,0,0,0,0,1014074_icon,item_des_1014074,item_function_1014074,1,1
1014075,白冠翼龙魂屑(魔物蛋),item_name_1014075,3,31,5,0,0,0,99999999,,0,0,,3,0,0,0,0,0,0,0,0,0,1014075_icon,item_des_1014075,item_function_1014075,1,1
1014076,欢乐戏法师魂屑(魔物蛋),item_name_1014076,3,31,5,0,0,0,99999999,"1049,1",6100054,0,,3,0,0,0,0,0,0,0,0,0,1014076_icon,item_des_1014076,item_function_1014076,1,1
1014077,幸福魔术师魂屑(魔物蛋),item_name_1014077,3,31,5,0,0,0,99999999,,0,0,,3,0,0,0,0,0,0,0,0,0,1014077_icon,item_des_1014077,item_function_1014077,1,1
1014078,心灵诡术师魂屑(魔物蛋),item_name_1014078,3,31,5,0,0,0,99999999,,0,0,,3,0,0,0,0,0,0,0,0,0,1014078_icon,item_des_1014078,item_function_1014078,1,1
1014079,鬼修罗魂屑(魔物蛋),item_name_1014079,3,31,5,0,0,0,99999999,"1049,1",6100055,0,,3,0,0,0,0,0,0,0,0,0,1014079_icon,item_des_1014079,item_function_1014079,1,1
1014080,厉罪修罗魂屑(魔物蛋),item_name_1014080,3,31,5,0,0,0,99999999,,0,0,,3,0,0,0,0,0,0,0,0,0,1014080_icon,item_des_1014080,item_function_1014080,1,1
1014081,恶堕修罗魂屑(魔物蛋),item_name_1014081,3,31,5,0,0,0,99999999,,0,0,,3,0,0,0,0,0,0,0,0,0,1014081_icon,item_des_1014081,item_function_1014081,1,1
1014082,伪造天使魂屑(魔物蛋),item_name_1014082,3,31,5,0,0,0,99999999,,0,0,,3,0,0,0,0,0,0,0,0,0,1014082_icon,item_des_1014082,item_function_1014082,1,1
1014083,虚赝天使魂屑(魔物蛋),item_name_1014083,3,31,5,0,0,0,99999999,,0,0,,3,0,0,0,0,0,0,0,0,0,1014083_icon,item_des_1014083,item_function_1014083,1,1
1014084,亵渎天使魂屑(魔物蛋),item_name_1014084,3,31,5,0,0,0,99999999,,0,0,,3,0,0,0,0,0,0,0,0,0,1014084_icon,item_des_1014084,item_function_1014084,1,1
1014085,刺心桩魂屑(魔物蛋),item_name_1014085,3,31,5,0,0,0,99999999,,0,0,,3,0,0,0,0,0,0,0,0,0,1014085_icon,item_des_1014085,item_function_1014085,1,1
1014086,疫病木魂屑(魔物蛋),item_name_1014086,3,31,5,0,0,0,99999999,,0,0,,3,0,0,0,0,0,0,0,0,0,1014086_icon,item_des_1014086,item_function_1014086,1,1
1014087,猩红刃魂屑(魔物蛋),item_name_1014087,3,31,5,0,0,0,99999999,,0,0,,3,0,0,0,0,0,0,0,0,0,1014087_icon,item_des_1014087,item_function_1014087,1,1
1014088,火兵士魂屑(魔物蛋),item_name_1014088,3,31,5,0,0,0,99999999,"1049,1",6100056,0,,3,0,0,0,0,0,0,0,0,0,1014088_icon,item_des_1014088,item_function_1014088,1,1
1014089,炎将军魂屑(魔物蛋),item_name_1014089,3,31,5,0,0,0,99999999,,0,0,,3,0,0,0,0,0,0,0,0,0,1014089_icon,item_des_1014089,item_function_1014089,1,1
1014090,熔岩皇帝魂屑(魔物蛋),item_name_1014090,3,31,5,0,0,0,99999999,,0,0,,3,0,0,0,0,0,0,0,0,0,1014090_icon,item_des_1014090,item_function_1014090,1,1
1014091,暗教士魂屑(魔物蛋),item_name_1014091,3,31,5,0,0,0,99999999,"1049,1",6100057,0,,3,0,0,0,0,0,0,0,0,0,1014091_icon,item_des_1014091,item_function_1014091,1,1
1014092,黑司祭魂屑(魔物蛋),item_name_1014092,3,31,5,0,0,0,99999999,,0,0,,3,0,0,0,0,0,0,0,0,0,1014092_icon,item_des_1014092,item_function_1014092,1,1
1014093,红主祭魂屑(魔物蛋),item_name_1014093,3,31,5,0,0,0,99999999,,0,0,,3,0,0,0,0,0,0,0,0,0,1014093_icon,item_des_1014093,item_function_1014093,1,1
1014094,竹傀儡魂屑(魔物蛋),item_name_1014094,3,31,5,0,0,0,99999999,"1049,1",6100058,0,,3,0,0,0,0,0,0,0,0,0,1014094_icon,item_des_1014094,item_function_1014094,1,1
1014095,竹筒王魂屑(魔物蛋),item_name_1014095,3,31,5,0,0,0,99999999,"1049,1",6100059,0,,3,0,0,0,0,0,0,0,0,0,1014095_icon,item_des_1014095,item_function_1014095,1,1
1014096,器傀魂屑(魔物蛋),item_name_1014096,3,31,5,0,0,0,99999999,"1049,1",6100060,0,,3,0,0,0,0,0,0,0,0,0,1014096_icon,item_des_1014096,item_function_1014096,1,1
1014097,瓷傀魂屑(魔物蛋),item_name_1014097,3,31,5,0,0,0,99999999,"1049,1",6100061,0,,3,0,0,0,0,0,0,0,0,0,1014097_icon,item_des_1014097,item_function_1014097,1,1
1014098,鼎生魂屑(魔物蛋),item_name_1014098,3,31,5,0,0,0,99999999,"1049,1",6100062,0,,3,0,0,0,0,0,0,0,0,0,1014098_icon,item_des_1014098,item_function_1014098,1,1
1014099,赤面魂屑(魔物蛋),item_name_1014099,3,31,5,0,0,0,99999999,"1049,1",6100063,0,,3,0,0,0,0,0,0,0,0,0,1014099_icon,item_des_1014099,item_function_1014099,1,1
1014100,命鼠魂屑(魔物蛋),item_name_1014100,3,31,5,0,0,0,99999999,"1049,1",6100064,0,,3,0,0,0,0,0,0,0,0,0,1014100_icon,item_des_1014100,item_function_1014100,1,1
1014101,丹鼠魂屑(魔物蛋),item_name_1014101,3,31,5,0,0,0,99999999,"1049,1",6100065,0,,3,0,0,0,0,0,0,0,0,0,1014101_icon,item_des_1014101,item_function_1014101,1,1
1014102,泡狐1魂屑(魔物蛋),item_name_1014102,3,31,5,0,0,0,99999999,"1049,1",6100066,0,,3,0,0,0,0,0,0,0,0,0,1014102_icon,item_des_1014102,item_function_1014102,1,1
1014103,泡狐2魂屑(魔物蛋),item_name_1014103,3,31,5,0,0,0,99999999,"1049,1",6100067,0,,3,0,0,0,0,0,0,0,0,0,1014103_icon,item_des_1014103,item_function_1014103,1,1
1014104,泡狐3魂屑(魔物蛋),item_name_1014104,3,31,5,0,0,0,99999999,"1049,1",6100068,0,,3,0,0,0,0,0,0,0,0,0,1014104_icon,item_des_1014104,item_function_1014104,1,1
1014105,小恶魔1魂屑(魔物蛋),item_name_1014105,3,31,5,0,0,0,99999999,"1049,1",6100069,0,,3,0,0,0,0,0,0,0,0,0,1014105_icon,item_des_1014105,item_function_1014105,1,1
1014106,小恶魔2魂屑(魔物蛋),item_name_1014106,3,31,5,0,0,0,99999999,"1049,1",6100070,0,,3,0,0,0,0,0,0,0,0,0,1014106_icon,item_des_1014106,item_function_1014106,1,1
3040001,咒行鵺,item_name_3040001,3,27,,0,0,0,99999999,,0,0,,0,0,0,0,0,0,0,0,0,0,head_3040001,0,,1,0
3040002,夺心魔,item_name_3040002,3,27,,0,0,0,99999999,,0,0,,0,0,0,0,0,0,0,0,0,0,head_3040002,0,,1,0
3040003,深渊刺,item_name_3040003,3,27,,0,0,0,99999999,,0,0,,0,0,0,0,0,0,0,0,0,0,head_3040003,0,,1,0
3040004,炽炎翼,item_name_3040004,3,27,,0,0,0,99999999,,0,0,,0,0,0,0,0,0,0,0,0,0,head_3040004,0,,1,0
3040005,宁芙妖,item_name_3040005,3,27,,0,0,0,99999999,,0,0,,0,0,0,0,0,0,0,0,0,0,head_3040005,0,,1,0
3040006,噬命刃,item_name_3040006,3,27,,0,0,0,99999999,,0,0,,0,0,0,0,0,0,0,0,0,0,head_3040006,0,,1,0
3040007,影巫女,item_name_3040007,3,27,,0,0,0,99999999,,0,0,,0,0,0,0,0,0,0,0,0,0,head_3040007,0,,1,0
3040016,妄兽,item_name_3040016,3,27,,0,0,0,99999999,,0,0,,0,0,0,0,0,0,0,0,0,0,head_3040016,0,,1,0
30400161,祸兽,item_name_30400161,3,27,,0,0,0,99999999,,0,0,,0,0,0,0,0,0,0,0,0,0,head_30400161,0,,1,0
3040017,婴狐,item_name_3040017,3,27,,0,0,0,99999999,,0,0,,0,0,0,0,0,0,0,0,0,0,head_3040017,0,,1,0
30400171,狐魑,item_name_30400171,3,27,,0,0,0,99999999,,0,0,,0,0,0,0,0,0,0,0,0,0,head_30400171,0,,1,0
3050001,蝇斥候,item_name_3050001,3,27,,0,0,0,99999999,,0,0,,0,0,0,0,0,0,0,0,0,0,head_3050001,0,,1,0
30500011,播疫妖蝇,item_name_30500011,3,27,,0,0,0,99999999,,0,0,,0,0,0,0,0,0,0,0,0,0,head_30500011,0,,1,0
30500012,凋败妖蝇,item_name_30500012,3,27,,0,0,0,99999999,,0,0,,0,0,0,0,0,0,0,0,0,0,head_30500012,0,,1,0
3050002,铁骑士,item_name_3050002,3,27,,0,0,0,99999999,,0,0,,0,0,0,0,0,0,0,0,0,0,head_3050002,0,,1,0
30500021,白银骑士,item_name_30500021,3,27,,0,0,0,99999999,,0,0,,0,0,0,0,0,0,0,0,0,0,head_30500021,0,,1,0
30500022,黄金骑士,item_name_30500022,3,27,,0,0,0,99999999,,0,0,,0,0,0,0,0,0,0,0,0,0,head_30500022,0,,1,0
3050003,刃行者,item_name_3050003,3,27,,0,0,0,99999999,,0,0,,0,0,0,0,0,0,0,0,0,0,head_3050003,0,,1,0
30500031,刃行怪,item_name_30500031,3,27,,0,0,0,99999999,,0,0,,0,0,0,0,0,0,0,0,0,0,head_30500031,0,,1,0
30500032,刃行魔,item_name_30500032,3,27,,0,0,0,99999999,,0,0,,0,0,0,0,0,0,0,0,0,0,head_30500032,0,,1,0
3050004,梦游羊圣光,item_name_3050004,3,27,,0,0,0,99999999,,0,0,,0,0,0,0,0,0,0,0,0,0,head_3050004,0,,1,0
30500041,梦游羊诅咒,item_name_30500041,3,27,,0,0,0,99999999,,0,0,,0,0,0,0,0,0,0,0,0,0,head_30500041,0,,1,0
30500042,梦游羊祝福,item_name_30500042,3,27,,0,0,0,99999999,,0,0,,0,0,0,0,0,0,0,0,0,0,head_30500042,0,,1,0
30500043,梦游羊自爆,item_name_30500043,3,27,,0,0,0,99999999,,0,0,,0,0,0,0,0,0,0,0,0,0,head_30500043,0,,1,0
3050005,炎射手,item_name_3050005,3,27,,0,0,0,99999999,,0,0,,0,0,0,0,0,0,0,0,0,0,head_3050005,0,,1,0
30500051,深红射手,item_name_30500051,3,27,,0,0,0,99999999,,0,0,,0,0,0,0,0,0,0,0,0,0,head_30500051,0,,1,0
30500052,灰烬射手,item_name_30500052,3,27,,0,0,0,99999999,,0,0,,0,0,0,0,0,0,0,0,0,0,head_30500052,0,,1,0
3050006,潜伏怪,item_name_3050006,3,27,,0,0,0,99999999,,0,0,,0,0,0,0,0,0,0,0,0,0,head_3050006,0,,1,0
30500061,掠夺怪,item_name_30500061,3,27,,0,0,0,99999999,,0,0,,0,0,0,0,0,0,0,0,0,0,head_30500061,0,,1,0
30500062,吞噬怪,item_name_30500062,3,27,,0,0,0,99999999,,0,0,,0,0,0,0,0,0,0,0,0,0,head_30500062,0,,1,0
3050007,食人花,item_name_3050007,3,27,,0,0,0,99999999,,0,0,,0,0,0,0,0,0,0,0,0,0,head_3050007,0,,1,0
30500071,巨食花,item_name_30500071,3,27,,0,0,0,99999999,,0,0,,0,0,0,0,0,0,0,0,0,0,head_30500071,0,,1,0
30500072,恶诞花妖,item_name_30500072,3,27,,0,0,0,99999999,,0,0,,0,0,0,0,0,0,0,0,0,0,head_30500072,0,,1,0
3050011,厨怪,item_name_3050011,3,27,,0,0,0,99999999,,0,0,,0,0,0,0,0,0,0,0,0,0,head_3050011,0,,1,0
30500111,厨妖,item_name_30500111,3,27,,0,0,0,99999999,,0,0,,0,0,0,0,0,0,0,0,0,0,head_30500111,0,,1,0
30500112,厨鬼,item_name_30500112,3,27,,0,0,0,99999999,,0,0,,0,0,0,0,0,0,0,0,0,0,head_30500112,0,,1,0
3050012,黑面纱之魅,item_name_3050012,3,27,,0,0,0,99999999,,0,0,,0,0,0,0,0,0,0,0,0,0,head_3050012,0,,1,0
30500121,黑面纱之魇,item_name_30500121,3,27,,0,0,0,99999999,,0,0,,0,0,0,0,0,0,0,0,0,0,head_30500121,0,,1,0
30500122,黑面纱之怨,item_name_30500122,3,27,,0,0,0,99999999,,0,0,,0,0,0,0,0,0,0,0,0,0,head_30500122,0,,1,0
3050013,怒魔人,item_name_3050013,3,27,,0,0,0,99999999,,0,0,,0,0,0,0,0,0,0,0,0,0,head_3050013,0,,1,0
30500131,噬怒魔,item_name_30500131,3,27,,0,0,0,99999999,,0,0,,0,0,0,0,0,0,0,0,0,0,head_30500131,0,,1,0
30500132,憎恶异魔,item_name_30500132,3,27,,0,0,0,99999999,,0,0,,0,0,0,0,0,0,0,0,0,0,head_30500132,0,,1,0
3050014,糖豆妖精,item_name_3050014,3,27,,0,0,0,99999999,,0,0,,0,0,0,0,0,0,0,0,0,0,head_3050014,0,,1,0
30500141,诡戏妖精,item_name_30500141,3,27,,0,0,0,99999999,,0,0,,0,0,0,0,0,0,0,0,0,0,head_30500141,0,,1,0
30500142,怪邪妖精,item_name_30500142,3,27,,0,0,0,99999999,,0,0,,0,0,0,0,0,0,0,0,0,0,head_30500142,0,,1,0
3050015,蕈人,item_name_3050015,3,27,,0,0,0,99999999,,0,0,,0,0,0,0,0,0,0,0,0,0,head_3050015,0,,1,0
30500151,厚垣蕈人,item_name_30500151,3,27,,0,0,0,99999999,,0,0,,0,0,0,0,0,0,0,0,0,0,head_30500151,0,,1,0
30500152,蕈人酋长,item_name_30500152,3,27,,0,0,0,99999999,,0,0,,0,0,0,0,0,0,0,0,0,0,head_30500152,0,,1,0
3050016,公主骑士偶,item_name_3050016,3,27,,0,0,0,99999999,,0,0,,0,0,0,0,0,0,0,0,0,0,head_3050016,0,,1,0
30500161,皇家骑士偶,item_name_30500161,3,27,,0,0,0,99999999,,0,0,,0,0,0,0,0,0,0,0,0,0,head_30500161,0,,1,0
30500162,猩红骑士偶,item_name_30500162,3,27,,0,0,0,99999999,,0,0,,0,0,0,0,0,0,0,0,0,0,head_30500162,0,,1,0
3050017,烛贤者,item_name_3050017,3,27,,0,0,0,99999999,,0,0,,0,0,0,0,0,0,0,0,0,0,head_3050017,0,,1,0
30500171,炽贤者,item_name_30500171,3,27,,0,0,0,99999999,,0,0,,0,0,0,0,0,0,0,0,0,0,head_30500171,0,,1,0
30500172,烬贤者,item_name_30500172,3,27,,0,0,0,99999999,,0,0,,0,0,0,0,0,0,0,0,0,0,head_30500172,0,,1,0
3050022,欢乐戏法师,item_name_3050022,3,27,,0,0,0,99999999,,0,0,,0,0,0,0,0,0,0,0,0,0,head_3050022,0,,1,0
3050023,鬼修罗,item_name_3050023,3,27,,0,0,0,99999999,,0,0,,0,0,0,0,0,0,0,0,0,0,head_3050023,0,,1,0
3050026,火兵士,item_name_3050026,3,27,,0,0,0,99999999,,0,0,,0,0,0,0,0,0,0,0,0,0,head_3050026,0,,1,0
3050027,暗教士,item_name_3050027,3,27,,0,0,0,99999999,,0,0,,0,0,0,0,0,0,0,0,0,0,head_3050027,0,,1,0
3050036,竹傀儡,item_name_3050036,3,27,,0,0,0,99999999,,0,0,,0,0,0,0,0,0,0,0,0,0,head_3050036,0,,1,0
30500361,竹筒王,item_name_30500361,3,27,,0,0,0,99999999,,0,0,,0,0,0,0,0,0,0,0,0,0,head_30500361,0,,1,0
3050037,器傀,item_name_3050037,3,27,,0,0,0,99999999,,0,0,,0,0,0,0,0,0,0,0,0,0,head_3050037,0,,1,0
30500371,瓷傀,item_name_30500371,3,27,,0,0,0,99999999,,0,0,,0,0,0,0,0,0,0,0,0,0,head_30500371,0,,1,0
3050046,鼎生,item_name_3050046,3,27,,0,0,0,99999999,,0,0,,0,0,0,0,0,0,0,0,0,0,head_3050046,0,,1,0
30500461,赤面,item_name_30500461,3,27,,0,0,0,99999999,,0,0,,0,0,0,0,0,0,0,0,0,0,head_30500461,0,,1,0
3050047,命鼠,item_name_3050047,3,27,,0,0,0,99999999,,0,0,,0,0,0,0,0,0,0,0,0,0,head_3050047,0,,1,0
30500471,丹鼠,item_name_30500471,3,27,,0,0,0,99999999,,0,0,,0,0,0,0,0,0,0,0,0,0,head_30500471,0,,1,0
3050048,云沫狐,item_name_3050048,3,27,,0,0,0,99999999,,0,0,,0,0,0,0,0,0,0,0,0,0,head_3050048,0,,1,0
30500481,云霞狐,item_name_30500481,3,27,,0,0,0,99999999,,0,0,,0,0,0,0,0,0,0,0,0,0,head_30500481,0,,1,0
30500482,云峦狐,item_name_30500482,3,27,,0,0,0,99999999,,0,0,,0,0,0,0,0,0,0,0,0,0,head_30500482,0,,1,0
3050049,艾卡希猎兵,item_name_3050049,3,27,,0,0,0,99999999,,0,0,,0,0,0,0,0,0,0,0,0,0,head_3050049,0,,1,0
30500491,艾卡希佣仆,item_name_30500491,3,27,,0,0,0,99999999,,0,0,,0,0,0,0,0,0,0,0,0,0,head_30500491,0,,1,0
1001030,幻梦星源(周本代币),item_name_1001030,2,19,,0,0,0,99999999,,0,0,,0,0,0,0,0,0,0,0,0,0,1001030_icon,item_des_1001030,item_function_1001030,1,0
1001031,归墟之花(BP道具),item_name_1001031,3,3,,0,0,0,99999999,,0,0,,0,0,0,0,0,0,0,0,0,0,1001031_icon,item_des_1001031,item_function_1001031,1,0
1001032,枯萎始源之根(洗练券_部分返还),item_name_1001032,3,3,,0,0,0,99999999,,0,0,,0,0,0,0,0,0,0,0,0,0,1001032_icon,item_des_1001032,item_function_1001032,1,1
1001033,苏醒始源之根(洗练券_完整返还),item_name_1001033,3,3,,0,0,0,99999999,,0,0,,0,0,0,0,0,0,0,0,0,0,1001033_icon,item_des_1001033,item_function_1001033,1,1
1001034,符文之尘(符文经验通用道具),item_name_1001034,3,3,,0,0,0,99999999,,0,0,,0,0,0,0,0,0,0,0,0,0,1001034_icon,item_des_1001034,item_function_1001034,1,1
1001037,幽幻蛛晶(皮肤代币),item_name_1001037,3,19,,0,0,0,99999999,,0,0,,0,0,0,0,0,0,0,0,0,0,1001037_icon,item_des_1001037,item_function_1001037,1,0
1002929,盈月之夜的礼物(中秋节礼物),item_name_1002929,3,5,5,0,0,0,0,,0,0,,0,0,0,0,0,0,0,0,0,0,1002929_icon,item_des_1002929,item_function_1002929,1,0
1015001,清醒梦(昔莱活动-剧情解锁1),item_name_1015001,4,3,,0,0,0,0,,0,0,,0,0,0,0,0,0,0,0,0,0,1015001_icon,item_des_1015001,,1,0
1015002,追忆者(昔莱活动-剧情解锁2),item_name_1015002,4,3,,0,0,0,0,,0,0,,0,0,0,0,0,0,0,0,0,0,1015002_icon,item_des_1015002,,1,0
1015003,水塘花(昔莱活动-剧情解锁3),item_name_1015003,4,3,,0,0,0,0,,0,0,,0,0,0,0,0,0,0,0,0,0,1015003_icon,item_des_1015003,,1,0
1015004,夜柳(昔莱活动-剧情解锁4),item_name_1015004,4,3,,0,0,0,0,,0,0,,0,0,0,0,0,0,0,0,0,0,1015004_icon,item_des_1015004,,1,0
1015005,烛泪(昔莱活动-剧情解锁5),item_name_1015005,4,3,,0,0,0,0,,0,0,,0,0,0,0,0,0,0,0,0,0,1015005_icon,item_des_1015005,,1,0
1015006,我的晚宴邀请函(奈奥米活动-道具1),item_name_1015006,3,3,,0,0,0,0,,0,0,,0,0,0,0,0,0,0,0,0,0,1015000_1_icon,item_des_1015006,item_function_1015006,1,0
1015007,枫叶别墅(奈奥米活动-道具2),item_name_1015007,3,3,,0,0,0,0,,0,0,,0,0,0,0,0,0,0,0,0,0,1015000_3_icon,item_des_1015007,item_function_1015007,1,0
1015008,火灾(奈奥米活动-道具3),item_name_1015008,3,3,,0,0,0,0,,0,0,,0,0,0,0,0,0,0,0,0,0,1015000_1_icon,item_des_1015008,item_function_1015008,1,0
1015009,蒸汽工业与魔导科技(奈奥米活动-道具4),item_name_1015009,3,3,,0,0,0,0,,0,0,,0,0,0,0,0,0,0,0,0,0,1015000_1_icon,item_des_1015009,item_function_1015009,1,0
1015010,枫叶别墅布局(奈奥米活动-道具5),item_name_1015010,3,3,,0,0,0,0,,0,0,,0,0,0,0,0,0,0,0,0,0,1015000_3_icon,item_des_1015010,item_function_1015010,1,0
1015011,新旧贵族的矛盾(奈奥米活动-道具6),item_name_1015011,3,3,,0,0,0,0,,0,0,,0,0,0,0,0,0,0,0,0,0,1015000_4_icon,item_des_1015011,item_function_1015011,1,0
1015012,瓶中手稿(奈奥米活动-道具7),item_name_1015012,3,3,,0,0,0,0,,0,0,,0,0,0,0,0,0,0,0,0,0,1015000_1_icon,item_des_1015012,item_function_1015012,1,0
1015013,第一密室：佣人室(奈奥米活动-道具8),item_name_1015013,3,3,,0,0,0,0,,0,0,,0,0,0,0,0,0,0,0,0,0,1015000_5_icon,item_des_1015013,item_function_1015013,1,0
1015014,钥匙(奈奥米活动-道具9),item_name_1015014,3,3,,0,0,0,0,,0,0,,0,0,0,0,0,0,0,0,0,0,1015000_5_icon,item_des_1015014,item_function_1015014,1,0
1015015,飞禽纪念币(奈奥米活动-道具10),item_name_1015015,3,3,,0,0,0,0,,0,0,,0,0,0,0,0,0,0,0,0,0,1015000_2_icon,item_des_1015015,item_function_1015015,1,0
1015016,枫叶别墅的十人(奈奥米活动-道具11),item_name_1015016,3,3,,0,0,0,0,,0,0,,0,0,0,0,0,0,0,0,0,0,1015000_1_icon,item_des_1015016,item_function_1015016,1,0
1015017,童谣(奈奥米活动-道具12),item_name_1015017,3,3,,0,0,0,0,,0,0,,0,0,0,0,0,0,0,0,0,0,1015000_1_icon,item_des_1015017,item_function_1015017,1,0
1015018,房间安排(奈奥米活动-道具13),item_name_1015018,3,3,,0,0,0,0,,0,0,,0,0,0,0,0,0,0,0,0,0,1015000_3_icon,item_des_1015018,item_function_1015018,1,0
1015019,书房(奈奥米活动-道具14),item_name_1015019,3,3,,0,0,0,0,,0,0,,0,0,0,0,0,0,0,0,0,0,1015000_5_icon,item_des_1015019,item_function_1015019,1,0
1015020,胶带封印(奈奥米活动-道具15),item_name_1015020,3,3,,0,0,0,0,,0,0,,0,0,0,0,0,0,0,0,0,0,1015000_3_icon,item_des_1015020,item_function_1015020,1,0
1015021,火灾的真相(奈奥米活动-道具16),item_name_1015021,3,3,,0,0,0,0,,0,0,,0,0,0,0,0,0,0,0,0,0,1015000_2_icon,item_des_1015021,item_function_1015021,1,0
1015022,第三密室：奈奈芙的客房(奈奥米活动-道具17),item_name_1015022,3,3,,0,0,0,0,,0,0,,0,0,0,0,0,0,0,0,0,0,1015000_5_icon,item_des_1015022,item_function_1015022,1,0
1015023,第四密室：厨房(奈奥米活动-道具18),item_name_1015023,3,3,,0,0,0,0,,0,0,,0,0,0,0,0,0,0,0,0,0,1015000_5_icon,item_des_1015023,item_function_1015023,1,0
1015024,第五密室：客厅(奈奥米活动-道具19),item_name_1015024,3,3,,0,0,0,0,,0,0,,0,0,0,0,0,0,0,0,0,0,1015000_5_icon,item_des_1015024,item_function_1015024,1,0
1015025,武器架(极焰活动-房间1-道具1),item_name_1015025,3,3,,0,0,0,0,,0,0,,0,0,0,0,0,0,0,0,0,0,1015005_icon,item_des_1015025,item_function_1015025,1,0
1015026,红球(极焰活动-房间1-道具2),item_name_1015026,3,3,,0,0,0,0,,0,0,,0,0,0,0,0,0,0,0,0,0,1015005_icon,item_des_1015026,item_function_1015026,1,0
1015027,树(极焰活动-房间1-道具3),item_name_1015027,3,3,,0,0,0,0,,0,0,,0,0,0,0,0,0,0,0,0,0,1015005_icon,item_des_1015027,item_function_1015027,1,0
1015028,辣椒(极焰活动-房间1-道具4),item_name_1015028,3,3,,0,0,0,0,,0,0,,0,0,0,0,0,0,0,0,0,0,1015005_icon,item_des_1015028,item_function_1015028,1,0
1015029,灯笼(极焰活动-房间1-道具5),item_name_1015029,3,3,,0,0,0,0,,0,0,,0,0,0,0,0,0,0,0,0,0,1015005_icon,item_des_1015029,item_function_1015029,1,0
1015030,梯子(极焰活动-房间1-道具6),item_name_1015030,3,3,,0,0,0,0,,0,0,,0,0,0,0,0,0,0,0,0,0,1015005_icon,item_des_1015030,item_function_1015030,1,0
1015031,发簪(极焰活动-房间2-道具1),item_name_1015031,3,3,,0,0,0,0,,0,0,,0,0,0,0,0,0,0,0,0,0,1015005_icon,item_des_1015031,item_function_1015031,1,0
1015032,灯(极焰活动-房间2-道具2),item_name_1015032,3,3,,0,0,0,0,,0,0,,0,0,0,0,0,0,0,0,0,0,1015005_icon,item_des_1015032,item_function_1015032,1,0
1015033,绣球(极焰活动-房间2-道具3),item_name_1015033,3,3,,0,0,0,0,,0,0,,0,0,0,0,0,0,0,0,0,0,1015005_icon,item_des_1015033,item_function_1015033,1,0
1015034,枕头(极焰活动-房间2-道具4),item_name_1015034,3,3,,0,0,0,0,,0,0,,0,0,0,0,0,0,0,0,0,0,1015005_icon,item_des_1015034,item_function_1015034,1,0
1015035,木剑(极焰活动-房间2-道具5),item_name_1015035,3,3,,0,0,0,0,,0,0,,0,0,0,0,0,0,0,0,0,0,1015005_icon,item_des_1015035,item_function_1015035,1,0
1015036,花瓶(极焰活动-房间2-道具6),item_name_1015036,3,3,,0,0,0,0,,0,0,,0,0,0,0,0,0,0,0,0,0,1015005_icon,item_des_1015036,item_function_1015036,1,0
1015040,露易丝的日记本(露易丝活动-剧情解锁1),item_name_1015040,4,3,,0,0,0,0,,0,0,,0,0,0,0,0,0,0,0,0,0,1015040_icon,item_des_1015040,item_function_1015040,1,0
1015041,“相遇”(露易丝活动-剧情解锁2),item_name_1015041,4,3,,0,0,0,0,,0,0,,0,0,0,0,0,0,0,0,0,0,1015041_icon,item_des_1015041,item_function_1015041,1,0
1015042,避雨(露易丝活动-剧情解锁3),item_name_1015042,4,3,,0,0,0,0,,0,0,,0,0,0,0,0,0,0,0,0,0,1015042_icon,item_des_1015042,item_function_1015042,1,0
1015043,冒险与旅行(露易丝活动-剧情解锁4),item_name_1015043,4,3,,0,0,0,0,,0,0,,0,0,0,0,0,0,0,0,0,0,1015043_icon,item_des_1015043,item_function_1015043,1,0
1015044,平静的蛋糕店(露易丝活动-剧情解锁5),item_name_1015044,4,3,,0,0,0,0,,0,0,,0,0,0,0,0,0,0,0,0,0,1015044_icon,item_des_1015044,item_function_1015044,1,0
1015045,我的珍宝(露易丝活动-剧情解锁6),item_name_1015045,4,3,,0,0,0,0,,0,0,,0,0,0,0,0,0,0,0,0,0,1015045_icon,item_des_1015045,item_function_1015045,1,0
1015046,动刃碎片(卡洛蒂活动-剧情解锁1),item_name_1015046,4,3,,0,0,0,0,,0,0,,0,0,0,0,0,0,0,0,0,0,1015046_icon,item_des_1015046,item_function_1015046,1,0
1015047,静刃碎片(卡洛蒂活动-剧情解锁2),item_name_1015047,4,3,,0,0,0,0,,0,0,,0,0,0,0,0,0,0,0,0,0,1015047_icon,item_des_1015047,item_function_1015047,1,0
1015048,右指环碎片(卡洛蒂活动-剧情解锁3),item_name_1015048,4,3,,0,0,0,0,,0,0,,0,0,0,0,0,0,0,0,0,0,1015048_icon,item_des_1015048,item_function_1015048,1,0
1015049,左指环碎片(卡洛蒂活动-剧情解锁4),item_name_1015049,4,3,,0,0,0,0,,0,0,,0,0,0,0,0,0,0,0,0,0,1015049_icon,item_des_1015049,item_function_1015049,1,0
1015050,螺丝(卡洛蒂活动-剧情解锁5),item_name_1015050,4,3,,0,0,0,0,,0,0,,0,0,0,0,0,0,0,0,0,0,1015050_icon,item_des_1015050,item_function_1015050,1,0
1015051,恶龙认证书(爱尔维拉活动道具),item_name_1015051,2,19,,0,0,0,0,,0,0,,0,0,0,0,0,0,0,0,0,0,1015051_icon,item_des_1015051,item_function_1015051,1,0
1100001,符文套装自选项（混合）（天界光辉）,item_name_1100001,4,25,25,0,0,0,0,,0,"1100101,1100102,1100103,1100104,1100105,1100106",,0,0,0,0,0,0,0,0,0,0,rune_suit_611001_3,item_des_1100001,item_function_1100001,1,0
1100002,符文套装自选项（混合）（上古之战）,item_name_1100002,4,25,25,0,0,0,0,,0,"1100107,1100108,1100109,1100110,1100111,1100112",,0,0,0,0,0,0,0,0,0,0,rune_suit_611002_3,item_des_1100002,item_function_1100002,1,0
1100003,符文套装自选项（混合）（战争传奇）,item_name_1100003,4,25,25,0,0,0,0,,0,"1100113,1100114,1100115,1100116,1100117,1100118",,0,0,0,0,0,0,0,0,0,0,rune_suit_611003_3,item_des_1100003,item_function_1100003,1,0
1100004,符文套装自选项（混合）（努海尔人的航行）,item_name_1100004,4,25,25,0,0,0,0,,0,"1100119,1100120,1100121,1100122,1100123,1100124",,0,0,0,0,0,0,0,0,0,0,rune_suit_611004_3,item_des_1100004,item_function_1100004,1,0
1100005,符文套装自选项（混合）（萨拉的审判）,item_name_1100005,4,25,25,0,0,0,0,,0,"1100125,1100126,1100127,1100128,1100129,1100130",,0,0,0,0,0,0,0,0,0,0,rune_suit_621003_3,item_des_1100005,item_function_1100005,1,0
1100006,符文套装自选项（混合）（帕尔斯的坚毅）,item_name_1100006,4,25,25,0,0,0,0,,0,"1100131,1100132,1100133,1100134,1100135,1100136",,0,0,0,0,0,0,0,0,0,0,rune_suit_621006_3,item_des_1100006,item_function_1100006,1,0
1100007,符文套装自选项（混合）（西努之盾）,item_name_1100007,4,25,25,0,0,0,0,,0,"1100137,1100138,1100139,1100140,1100141,1100142",,0,0,0,0,0,0,0,0,0,0,rune_suit_632002_3,item_des_1100007,item_function_1100007,1,0
1100008,符文套装自选项（混合）（漆黑穹顶之心）,item_name_1100008,4,25,25,0,0,0,0,,0,"1100143,1100144,1100145,1100146,1100147,1100148",,0,0,0,0,0,0,0,0,0,0,rune_suit_632003_3,item_des_1100008,item_function_1100008,1,0
1100009,符文套装自选项（低级）（天界光辉）,item_name_1100009,4,25,25,0,0,0,0,,0,"1100201,1100202,1100203,1100204,1100205,1100206",,0,0,0,0,0,0,0,0,0,0,rune_suit_611001_1,item_des_1100009,item_function_1100009,1,0
1100010,符文套装自选项（低级）（上古之战）,item_name_1100010,4,25,25,0,0,0,0,,0,"1100207,1100208,1100209,1100210,1100211,1100212",,0,0,0,0,0,0,0,0,0,0,rune_suit_611002_1,item_des_1100010,item_function_1100010,1,0
1100011,符文套装自选项（低级）（战争传奇）,item_name_1100011,4,25,25,0,0,0,0,,0,"1100213,1100214,1100215,1100216,1100217,1100218",,0,0,0,0,0,0,0,0,0,0,rune_suit_611003_1,item_des_1100011,item_function_1100011,1,0
1100012,符文套装自选项（低级）（努海尔人的航行）,item_name_1100012,4,25,25,0,0,0,0,,0,"1100219,1100220,1100221,1100222,1100223,1100224",,0,0,0,0,0,0,0,0,0,0,rune_suit_611004_1,item_des_1100012,item_function_1100012,1,0
1100013,符文套装自选项（低级）（萨拉的审判）,item_name_1100013,4,25,25,0,0,0,0,,0,"1100225,1100226,1100227,1100228,1100229,1100230",,0,0,0,0,0,0,0,0,0,0,rune_suit_621003_1,item_des_1100013,item_function_1100013,1,0
1100014,符文套装自选项（低级）（帕尔斯的坚毅）,item_name_1100014,4,25,25,0,0,0,0,,0,"1100231,1100232,1100233,1100234,1100235,1100236",,0,0,0,0,0,0,0,0,0,0,rune_suit_621006_1,item_des_1100014,item_function_1100014,1,0
1100015,符文套装自选项（低级）（西努之盾）,item_name_1100015,4,25,25,0,0,0,0,,0,"1100237,1100238,1100239,1100240,1100241,1100242",,0,0,0,0,0,0,0,0,0,0,rune_suit_632002_1,item_des_1100015,item_function_1100015,1,0
1100016,符文套装自选项（低级）（漆黑穹顶之心）,item_name_1100016,4,25,25,0,0,0,0,,0,"1100243,1100244,1100245,1100246,1100247,1100248",,0,0,0,0,0,0,0,0,0,0,rune_suit_632003_1,item_des_1100016,item_function_1100016,1,0
1100017,符文套装自选项（中级）（天界光辉）,item_name_1100017,4,25,25,0,0,0,0,,0,"1100301,1100302,1100303,1100304,1100305,1100306",,0,0,0,0,0,0,0,0,0,0,rune_suit_611001_2,item_des_1100009,item_function_1100009,1,0
1100018,符文套装自选项（中级）（上古之战）,item_name_1100018,4,25,25,0,0,0,0,,0,"1100307,1100308,1100309,1100310,1100311,1100312",,0,0,0,0,0,0,0,0,0,0,rune_suit_611002_2,item_des_1100010,item_function_1100010,1,0
1100019,符文套装自选项（中级）（战争传奇）,item_name_1100019,4,25,25,0,0,0,0,,0,"1100313,1100314,1100315,1100316,1100317,1100318",,0,0,0,0,0,0,0,0,0,0,rune_suit_611003_2,item_des_1100011,item_function_1100011,1,0
1100020,符文套装自选项（中级）（努海尔人的航行）,item_name_1100020,4,25,25,0,0,0,0,,0,"1100319,1100320,1100321,1100322,1100323,1100324",,0,0,0,0,0,0,0,0,0,0,rune_suit_611004_2,item_des_1100012,item_function_1100012,1,0
1100021,符文套装自选项（中级）（萨拉的审判）,item_name_1100021,4,25,25,0,0,0,0,,0,"1100325,1100326,1100327,1100328,1100329,1100330",,0,0,0,0,0,0,0,0,0,0,rune_suit_621003_2,item_des_1100013,item_function_1100013,1,0
1100022,符文套装自选项（中级）（帕尔斯的坚毅）,item_name_1100022,4,25,25,0,0,0,0,,0,"1100331,1100332,1100333,1100334,1100335,1100336",,0,0,0,0,0,0,0,0,0,0,rune_suit_621006_2,item_des_1100014,item_function_1100014,1,0
1100023,符文套装自选项（中级）（西努之盾）,item_name_1100023,4,25,25,0,0,0,0,,0,"1100337,1100338,1100339,1100340,1100341,1100342",,0,0,0,0,0,0,0,0,0,0,rune_suit_632002_2,item_des_1100015,item_function_1100015,1,0
1100024,符文套装自选项（中级）（漆黑穹顶之心）,item_name_1100024,4,25,25,0,0,0,0,,0,"1100343,1100344,1100345,1100346,1100347,1100348",,0,0,0,0,0,0,0,0,0,0,rune_suit_632003_2,item_des_1100016,item_function_1100016,1,0
1100025,符文套装自选项（高级）（天界光辉）,item_name_1100001,4,25,25,0,0,0,0,,0,"1100401,1100402,1100403,1100404,1100405,1100406",,0,0,0,0,0,0,0,0,0,0,rune_suit_611001_3,item_des_1100009,item_function_1100009,1,0
1100026,符文套装自选项（高级）（上古之战）,item_name_1100002,4,25,25,0,0,0,0,,0,"1100407,1100408,1100409,1100410,1100411,1100412",,0,0,0,0,0,0,0,0,0,0,rune_suit_611002_3,item_des_1100010,item_function_1100010,1,0
1100027,符文套装自选项（高级）（战争传奇）,item_name_1100003,4,25,25,0,0,0,0,,0,"1100413,1100414,1100415,1100416,1100417,1100418",,0,0,0,0,0,0,0,0,0,0,rune_suit_611003_3,item_des_1100011,item_function_1100011,1,0
1100028,符文套装自选项（高级）（努海尔人的航行）,item_name_1100004,4,25,25,0,0,0,0,,0,"1100419,1100420,1100421,1100422,1100423,1100424",,0,0,0,0,0,0,0,0,0,0,rune_suit_611004_3,item_des_1100012,item_function_1100012,1,0
1100029,符文套装自选项（高级）（萨拉的审判）,item_name_1100005,4,25,25,0,0,0,0,,0,"1100425,1100426,1100427,1100428,1100429,1100430",,0,0,0,0,0,0,0,0,0,0,rune_suit_621003_3,item_des_1100013,item_function_1100013,1,0
1100030,符文套装自选项（高级）（帕尔斯的坚毅）,item_name_1100006,4,25,25,0,0,0,0,,0,"1100431,1100432,1100433,1100434,1100435,1100436",,0,0,0,0,0,0,0,0,0,0,rune_suit_621006_3,item_des_1100014,item_function_1100014,1,0
1100031,符文套装自选项（高级）（西努之盾）,item_name_1100007,4,25,25,0,0,0,0,,0,"1100437,1100438,1100439,1100440,1100441,1100442",,0,0,0,0,0,0,0,0,0,0,rune_suit_632002_3,item_des_1100015,item_function_1100015,1,0
1100032,符文套装自选项（高级）（漆黑穹顶之心）,item_name_1100008,4,25,25,0,0,0,0,,0,"1100443,1100444,1100445,1100446,1100447,1100448",,0,0,0,0,0,0,0,0,0,0,rune_suit_632003_3,item_des_1100016,item_function_1100016,1,0
1100033,符文套装随机项（混合）（天界光辉）,item_name_1100001,4,6,6,0,0,0,0,,2010008,0,,0,0,0,0,0,0,0,0,0,0,rune_suit_611001_3,item_des_1100009,item_function_1100009,1,0
1100034,符文套装随机项（混合）（上古之战）,item_name_1100002,4,6,6,0,0,0,0,,2010009,0,,0,0,0,0,0,0,0,0,0,0,rune_suit_611002_3,item_des_1100010,item_function_1100010,1,0
1100035,符文套装随机项（混合）（战争传奇）,item_name_1100003,4,6,6,0,0,0,0,,2010010,0,,0,0,0,0,0,0,0,0,0,0,rune_suit_611003_3,item_des_1100011,item_function_1100011,1,0
1100036,符文套装随机项（混合）（努海尔人的航行）,item_name_1100004,4,6,6,0,0,0,0,,2010011,0,,0,0,0,0,0,0,0,0,0,0,rune_suit_611004_3,item_des_1100012,item_function_1100012,1,0
1100037,符文套装随机项（混合）（萨拉的审判）,item_name_1100005,4,6,6,0,0,0,0,,2010012,0,,0,0,0,0,0,0,0,0,0,0,rune_suit_621003_3,item_des_1100013,item_function_1100013,1,0
1100038,符文套装随机项（混合）（帕尔斯的坚毅）,item_name_1100006,4,6,6,0,0,0,0,,2010013,0,,0,0,0,0,0,0,0,0,0,0,rune_suit_621006_3,item_des_1100014,item_function_1100014,1,0
1100039,符文套装随机项（混合）（西努之盾）,item_name_1100007,4,6,6,0,0,0,0,,2010014,0,,0,0,0,0,0,0,0,0,0,0,rune_suit_632002_3,item_des_1100015,item_function_1100015,1,0
1100040,符文套装随机项（混合）（漆黑穹顶之心）,item_name_1100008,4,6,6,0,0,0,0,,2010015,0,,0,0,0,0,0,0,0,0,0,0,rune_suit_632003_3,item_des_1100016,item_function_1100016,1,0
1100101,选项（混合）（天界光辉1）,item_name_611011,4,6,6,0,0,0,0,,2000001,0,,0,0,0,0,0,0,0,0,0,0,item_runeposition_1_icon,item_des_1100101,item_function_1100101,1,0
1100102,选项（混合）（天界光辉2）,item_name_611012,4,6,6,0,0,0,0,,2000002,0,,0,0,0,0,0,0,0,0,0,0,item_runeposition_2_icon,item_des_1100102,item_function_1100102,1,0
1100103,选项（混合）（天界光辉3）,item_name_611013,4,6,6,0,0,0,0,,2000003,0,,0,0,0,0,0,0,0,0,0,0,item_runeposition_3_icon,item_des_1100103,item_function_1100103,1,0
1100104,选项（混合）（天界光辉4）,item_name_611014,4,6,6,0,0,0,0,,2000004,0,,0,0,0,0,0,0,0,0,0,0,item_runeposition_4_icon,item_des_1100104,item_function_1100104,1,0
1100105,选项（混合）（天界光辉5）,item_name_611015,4,6,6,0,0,0,0,,2000005,0,,0,0,0,0,0,0,0,0,0,0,item_runeposition_5_icon,item_des_1100105,item_function_1100105,1,0
1100106,选项（混合）（天界光辉6）,item_name_611016,4,6,6,0,0,0,0,,2000006,0,,0,0,0,0,0,0,0,0,0,0,item_runeposition_6_icon,item_des_1100106,item_function_1100106,1,0
1100107,选项（混合）（上古之战1）,item_name_611021,4,6,6,0,0,0,0,,2000007,0,,0,0,0,0,0,0,0,0,0,0,item_runeposition_1_icon,item_des_1100107,item_function_1100107,1,0
1100108,选项（混合）（上古之战2）,item_name_611022,4,6,6,0,0,0,0,,2000008,0,,0,0,0,0,0,0,0,0,0,0,item_runeposition_2_icon,item_des_1100108,item_function_1100108,1,0
1100109,选项（混合）（上古之战3）,item_name_611023,4,6,6,0,0,0,0,,2000009,0,,0,0,0,0,0,0,0,0,0,0,item_runeposition_3_icon,item_des_1100109,item_function_1100109,1,0
1100110,选项（混合）（上古之战4）,item_name_611024,4,6,6,0,0,0,0,,2000010,0,,0,0,0,0,0,0,0,0,0,0,item_runeposition_4_icon,item_des_1100110,item_function_1100110,1,0
1100111,选项（混合）（上古之战5）,item_name_611025,4,6,6,0,0,0,0,,2000011,0,,0,0,0,0,0,0,0,0,0,0,item_runeposition_5_icon,item_des_1100111,item_function_1100111,1,0
1100112,选项（混合）（上古之战6）,item_name_611026,4,6,6,0,0,0,0,,2000012,0,,0,0,0,0,0,0,0,0,0,0,item_runeposition_6_icon,item_des_1100112,item_function_1100112,1,0
1100113,选项（混合）（战争传奇1）,item_name_611031,4,6,6,0,0,0,0,,2000013,0,,0,0,0,0,0,0,0,0,0,0,item_runeposition_1_icon,item_des_1100113,item_function_1100113,1,0
1100114,选项（混合）（战争传奇2）,item_name_611032,4,6,6,0,0,0,0,,2000014,0,,0,0,0,0,0,0,0,0,0,0,item_runeposition_2_icon,item_des_1100114,item_function_1100114,1,0
1100115,选项（混合）（战争传奇3）,item_name_611033,4,6,6,0,0,0,0,,2000015,0,,0,0,0,0,0,0,0,0,0,0,item_runeposition_3_icon,item_des_1100115,item_function_1100115,1,0
1100116,选项（混合）（战争传奇4）,item_name_611034,4,6,6,0,0,0,0,,2000016,0,,0,0,0,0,0,0,0,0,0,0,item_runeposition_4_icon,item_des_1100116,item_function_1100116,1,0
1100117,选项（混合）（战争传奇5）,item_name_611035,4,6,6,0,0,0,0,,2000017,0,,0,0,0,0,0,0,0,0,0,0,item_runeposition_5_icon,item_des_1100117,item_function_1100117,1,0
1100118,选项（混合）（战争传奇6）,item_name_611036,4,6,6,0,0,0,0,,2000018,0,,0,0,0,0,0,0,0,0,0,0,item_runeposition_6_icon,item_des_1100118,item_function_1100118,1,0
1100119,选项（混合）（努海尔人的航行1）,item_name_611041,4,6,6,0,0,0,0,,2000019,0,,0,0,0,0,0,0,0,0,0,0,item_runeposition_1_icon,item_des_1100119,item_function_1100119,1,0
1100120,选项（混合）（努海尔人的航行2）,item_name_611042,4,6,6,0,0,0,0,,2000020,0,,0,0,0,0,0,0,0,0,0,0,item_runeposition_2_icon,item_des_1100120,item_function_1100120,1,0
1100121,选项（混合）（努海尔人的航行3）,item_name_611043,4,6,6,0,0,0,0,,2000021,0,,0,0,0,0,0,0,0,0,0,0,item_runeposition_3_icon,item_des_1100121,item_function_1100121,1,0
1100122,选项（混合）（努海尔人的航行4）,item_name_611044,4,6,6,0,0,0,0,,2000022,0,,0,0,0,0,0,0,0,0,0,0,item_runeposition_4_icon,item_des_1100122,item_function_1100122,1,0
1100123,选项（混合）（努海尔人的航行5）,item_name_611045,4,6,6,0,0,0,0,,2000023,0,,0,0,0,0,0,0,0,0,0,0,item_runeposition_5_icon,item_des_1100123,item_function_1100123,1,0
1100124,选项（混合）（努海尔人的航行6）,item_name_611046,4,6,6,0,0,0,0,,2000024,0,,0,0,0,0,0,0,0,0,0,0,item_runeposition_6_icon,item_des_1100124,item_function_1100124,1,0
1100125,选项（混合）（萨拉的审判1）,item_name_622031,4,6,6,0,0,0,0,,2000025,0,,0,0,0,0,0,0,0,0,0,0,item_runeposition_1_icon,item_des_1100125,item_function_1100125,1,0
1100126,选项（混合）（萨拉的审判2）,item_name_622032,4,6,6,0,0,0,0,,2000026,0,,0,0,0,0,0,0,0,0,0,0,item_runeposition_2_icon,item_des_1100126,item_function_1100126,1,0
1100127,选项（混合）（萨拉的审判3）,item_name_622033,4,6,6,0,0,0,0,,2000027,0,,0,0,0,0,0,0,0,0,0,0,item_runeposition_3_icon,item_des_1100127,item_function_1100127,1,0
1100128,选项（混合）（萨拉的审判4）,item_name_622034,4,6,6,0,0,0,0,,2000028,0,,0,0,0,0,0,0,0,0,0,0,item_runeposition_4_icon,item_des_1100128,item_function_1100128,1,0
1100129,选项（混合）（萨拉的审判5）,item_name_622035,4,6,6,0,0,0,0,,2000029,0,,0,0,0,0,0,0,0,0,0,0,item_runeposition_5_icon,item_des_1100129,item_function_1100129,1,0
1100130,选项（混合）（萨拉的审判6）,item_name_622036,4,6,6,0,0,0,0,,2000030,0,,0,0,0,0,0,0,0,0,0,0,item_runeposition_6_icon,item_des_1100130,item_function_1100130,1,0
1100131,选项（混合）（帕尔斯的坚毅1）,item_name_622061,4,6,6,0,0,0,0,,2000031,0,,0,0,0,0,0,0,0,0,0,0,item_runeposition_1_icon,item_des_1100131,item_function_1100131,1,0
1100132,选项（混合）（帕尔斯的坚毅2）,item_name_622062,4,6,6,0,0,0,0,,2000032,0,,0,0,0,0,0,0,0,0,0,0,item_runeposition_2_icon,item_des_1100132,item_function_1100132,1,0
1100133,选项（混合）（帕尔斯的坚毅3）,item_name_622063,4,6,6,0,0,0,0,,2000033,0,,0,0,0,0,0,0,0,0,0,0,item_runeposition_3_icon,item_des_1100133,item_function_1100133,1,0
1100134,选项（混合）（帕尔斯的坚毅4）,item_name_622064,4,6,6,0,0,0,0,,2000034,0,,0,0,0,0,0,0,0,0,0,0,item_runeposition_4_icon,item_des_1100134,item_function_1100134,1,0
1100135,选项（混合）（帕尔斯的坚毅5）,item_name_622065,4,6,6,0,0,0,0,,2000035,0,,0,0,0,0,0,0,0,0,0,0,item_runeposition_5_icon,item_des_1100135,item_function_1100135,1,0
1100136,选项（混合）（帕尔斯的坚毅6）,item_name_622066,4,6,6,0,0,0,0,,2000036,0,,0,0,0,0,0,0,0,0,0,0,item_runeposition_6_icon,item_des_1100136,item_function_1100136,1,0
1100137,选项（混合）（西努之盾1）,item_name_632021,4,6,6,0,0,0,0,,2000037,0,,0,0,0,0,0,0,0,0,0,0,item_runeposition_1_icon,item_des_1100137,item_function_1100137,1,0
1100138,选项（混合）（西努之盾2）,item_name_632022,4,6,6,0,0,0,0,,2000038,0,,0,0,0,0,0,0,0,0,0,0,item_runeposition_2_icon,item_des_1100138,item_function_1100138,1,0
1100139,选项（混合）（西努之盾3）,item_name_632023,4,6,6,0,0,0,0,,2000039,0,,0,0,0,0,0,0,0,0,0,0,item_runeposition_3_icon,item_des_1100139,item_function_1100139,1,0
1100140,选项（混合）（西努之盾4）,item_name_632024,4,6,6,0,0,0,0,,2000040,0,,0,0,0,0,0,0,0,0,0,0,item_runeposition_4_icon,item_des_1100140,item_function_1100140,1,0
1100141,选项（混合）（西努之盾5）,item_name_632025,4,6,6,0,0,0,0,,2000041,0,,0,0,0,0,0,0,0,0,0,0,item_runeposition_5_icon,item_des_1100141,item_function_1100141,1,0
1100142,选项（混合）（西努之盾6）,item_name_632026,4,6,6,0,0,0,0,,2000042,0,,0,0,0,0,0,0,0,0,0,0,item_runeposition_6_icon,item_des_1100142,item_function_1100142,1,0
1100143,选项（混合）（漆黑穹顶之心1）,item_name_632031,4,6,6,0,0,0,0,,2000043,0,,0,0,0,0,0,0,0,0,0,0,item_runeposition_1_icon,item_des_1100143,item_function_1100143,1,0
1100144,选项（混合）（漆黑穹顶之心2）,item_name_632032,4,6,6,0,0,0,0,,2000044,0,,0,0,0,0,0,0,0,0,0,0,item_runeposition_2_icon,item_des_1100144,item_function_1100144,1,0
1100145,选项（混合）（漆黑穹顶之心3）,item_name_632033,4,6,6,0,0,0,0,,2000045,0,,0,0,0,0,0,0,0,0,0,0,item_runeposition_3_icon,item_des_1100145,item_function_1100145,1,0
1100146,选项（混合）（漆黑穹顶之心4）,item_name_632034,4,6,6,0,0,0,0,,2000046,0,,0,0,0,0,0,0,0,0,0,0,item_runeposition_4_icon,item_des_1100146,item_function_1100146,1,0
1100147,选项（混合）（漆黑穹顶之心5）,item_name_632035,4,6,6,0,0,0,0,,2000047,0,,0,0,0,0,0,0,0,0,0,0,item_runeposition_5_icon,item_des_1100147,item_function_1100147,1,0
1100148,选项（混合）（漆黑穹顶之心6）,item_name_632036,4,6,6,0,0,0,0,,2000048,0,,0,0,0,0,0,0,0,0,0,0,item_runeposition_6_icon,item_des_1100148,item_function_1100148,1,0
1100201,选项（低级）（天界光辉1）,item_name_611011,2,5,5,0,0,0,0,,2000049,0,,0,0,0,0,0,0,0,0,0,0,item_runeposition_1_icon,item_des_1100201,item_function_1100201,1,0
1100202,选项（低级）（天界光辉2）,item_name_611012,2,5,5,0,0,0,0,,2000050,0,,0,0,0,0,0,0,0,0,0,0,item_runeposition_2_icon,item_des_1100202,item_function_1100202,1,0
1100203,选项（低级）（天界光辉3）,item_name_611013,2,5,5,0,0,0,0,,2000051,0,,0,0,0,0,0,0,0,0,0,0,item_runeposition_3_icon,item_des_1100203,item_function_1100203,1,0
1100204,选项（低级）（天界光辉4）,item_name_611014,2,5,5,0,0,0,0,,2000052,0,,0,0,0,0,0,0,0,0,0,0,item_runeposition_4_icon,item_des_1100204,item_function_1100204,1,0
1100205,选项（低级）（天界光辉5）,item_name_611015,2,5,5,0,0,0,0,,2000053,0,,0,0,0,0,0,0,0,0,0,0,item_runeposition_5_icon,item_des_1100205,item_function_1100205,1,0
1100206,选项（低级）（天界光辉6）,item_name_611016,2,5,5,0,0,0,0,,2000054,0,,0,0,0,0,0,0,0,0,0,0,item_runeposition_6_icon,item_des_1100206,item_function_1100206,1,0
1100207,选项（低级）（上古之战1）,item_name_611021,2,5,5,0,0,0,0,,2000055,0,,0,0,0,0,0,0,0,0,0,0,item_runeposition_1_icon,item_des_1100207,item_function_1100207,1,0
1100208,选项（低级）（上古之战2）,item_name_611022,2,5,5,0,0,0,0,,2000056,0,,0,0,0,0,0,0,0,0,0,0,item_runeposition_2_icon,item_des_1100208,item_function_1100208,1,0
1100209,选项（低级）（上古之战3）,item_name_611023,2,5,5,0,0,0,0,,2000057,0,,0,0,0,0,0,0,0,0,0,0,item_runeposition_3_icon,item_des_1100209,item_function_1100209,1,0
1100210,选项（低级）（上古之战4）,item_name_611024,2,5,5,0,0,0,0,,2000058,0,,0,0,0,0,0,0,0,0,0,0,item_runeposition_4_icon,item_des_1100210,item_function_1100210,1,0
1100211,选项（低级）（上古之战5）,item_name_611025,2,5,5,0,0,0,0,,2000059,0,,0,0,0,0,0,0,0,0,0,0,item_runeposition_5_icon,item_des_1100211,item_function_1100211,1,0
1100212,选项（低级）（上古之战6）,item_name_611026,2,5,5,0,0,0,0,,2000060,0,,0,0,0,0,0,0,0,0,0,0,item_runeposition_6_icon,item_des_1100212,item_function_1100212,1,0
1100213,选项（低级）（战争传奇1）,item_name_611031,2,5,5,0,0,0,0,,2000061,0,,0,0,0,0,0,0,0,0,0,0,item_runeposition_1_icon,item_des_1100213,item_function_1100213,1,0
1100214,选项（低级）（战争传奇2）,item_name_611032,2,5,5,0,0,0,0,,2000062,0,,0,0,0,0,0,0,0,0,0,0,item_runeposition_2_icon,item_des_1100214,item_function_1100214,1,0
1100215,选项（低级）（战争传奇3）,item_name_611033,2,5,5,0,0,0,0,,2000063,0,,0,0,0,0,0,0,0,0,0,0,item_runeposition_3_icon,item_des_1100215,item_function_1100215,1,0
1100216,选项（低级）（战争传奇4）,item_name_611034,2,5,5,0,0,0,0,,2000064,0,,0,0,0,0,0,0,0,0,0,0,item_runeposition_4_icon,item_des_1100216,item_function_1100216,1,0
1100217,选项（低级）（战争传奇5）,item_name_611035,2,5,5,0,0,0,0,,2000065,0,,0,0,0,0,0,0,0,0,0,0,item_runeposition_5_icon,item_des_1100217,item_function_1100217,1,0
1100218,选项（低级）（战争传奇6）,item_name_611036,2,5,5,0,0,0,0,,2000066,0,,0,0,0,0,0,0,0,0,0,0,item_runeposition_6_icon,item_des_1100218,item_function_1100218,1,0
1100219,选项（低级）（努海尔人的航行1）,item_name_611041,2,5,5,0,0,0,0,,2000067,0,,0,0,0,0,0,0,0,0,0,0,item_runeposition_1_icon,item_des_1100219,item_function_1100219,1,0
1100220,选项（低级）（努海尔人的航行2）,item_name_611042,2,5,5,0,0,0,0,,2000068,0,,0,0,0,0,0,0,0,0,0,0,item_runeposition_2_icon,item_des_1100220,item_function_1100220,1,0
1100221,选项（低级）（努海尔人的航行3）,item_name_611043,2,5,5,0,0,0,0,,2000069,0,,0,0,0,0,0,0,0,0,0,0,item_runeposition_3_icon,item_des_1100221,item_function_1100221,1,0
1100222,选项（低级）（努海尔人的航行4）,item_name_611044,2,5,5,0,0,0,0,,2000070,0,,0,0,0,0,0,0,0,0,0,0,item_runeposition_4_icon,item_des_1100222,item_function_1100222,1,0
1100223,选项（低级）（努海尔人的航行5）,item_name_611045,2,5,5,0,0,0,0,,2000071,0,,0,0,0,0,0,0,0,0,0,0,item_runeposition_5_icon,item_des_1100223,item_function_1100223,1,0
1100224,选项（低级）（努海尔人的航行6）,item_name_611046,2,5,5,0,0,0,0,,2000072,0,,0,0,0,0,0,0,0,0,0,0,item_runeposition_6_icon,item_des_1100224,item_function_1100224,1,0
1100225,选项（低级）（萨拉的审判1）,item_name_622031,2,5,5,0,0,0,0,,2000073,0,,0,0,0,0,0,0,0,0,0,0,item_runeposition_1_icon,item_des_1100225,item_function_1100225,1,0
1100226,选项（低级）（萨拉的审判2）,item_name_622032,2,5,5,0,0,0,0,,2000074,0,,0,0,0,0,0,0,0,0,0,0,item_runeposition_2_icon,item_des_1100226,item_function_1100226,1,0
1100227,选项（低级）（萨拉的审判3）,item_name_622033,2,5,5,0,0,0,0,,2000075,0,,0,0,0,0,0,0,0,0,0,0,item_runeposition_3_icon,item_des_1100227,item_function_1100227,1,0
1100228,选项（低级）（萨拉的审判4）,item_name_622034,2,5,5,0,0,0,0,,2000076,0,,0,0,0,0,0,0,0,0,0,0,item_runeposition_4_icon,item_des_1100228,item_function_1100228,1,0
1100229,选项（低级）（萨拉的审判5）,item_name_622035,2,5,5,0,0,0,0,,2000077,0,,0,0,0,0,0,0,0,0,0,0,item_runeposition_5_icon,item_des_1100229,item_function_1100229,1,0
1100230,选项（低级）（萨拉的审判6）,item_name_622036,2,5,5,0,0,0,0,,2000078,0,,0,0,0,0,0,0,0,0,0,0,item_runeposition_6_icon,item_des_1100230,item_function_1100230,1,0
1100231,选项（低级）（帕尔斯的坚毅1）,item_name_622061,2,5,5,0,0,0,0,,2000079,0,,0,0,0,0,0,0,0,0,0,0,item_runeposition_1_icon,item_des_1100231,item_function_1100231,1,0
1100232,选项（低级）（帕尔斯的坚毅2）,item_name_622062,2,5,5,0,0,0,0,,2000080,0,,0,0,0,0,0,0,0,0,0,0,item_runeposition_2_icon,item_des_1100232,item_function_1100232,1,0
1100233,选项（低级）（帕尔斯的坚毅3）,item_name_622063,2,5,5,0,0,0,0,,2000081,0,,0,0,0,0,0,0,0,0,0,0,item_runeposition_3_icon,item_des_1100233,item_function_1100233,1,0
1100234,选项（低级）（帕尔斯的坚毅4）,item_name_622064,2,5,5,0,0,0,0,,2000082,0,,0,0,0,0,0,0,0,0,0,0,item_runeposition_4_icon,item_des_1100234,item_function_1100234,1,0
1100235,选项（低级）（帕尔斯的坚毅5）,item_name_622065,2,5,5,0,0,0,0,,2000083,0,,0,0,0,0,0,0,0,0,0,0,item_runeposition_5_icon,item_des_1100235,item_function_1100235,1,0
1100236,选项（低级）（帕尔斯的坚毅6）,item_name_622066,2,5,5,0,0,0,0,,2000084,0,,0,0,0,0,0,0,0,0,0,0,item_runeposition_6_icon,item_des_1100236,item_function_1100236,1,0
1100237,选项（低级）（西努之盾1）,item_name_632021,2,5,5,0,0,0,0,,2000085,0,,0,0,0,0,0,0,0,0,0,0,item_runeposition_1_icon,item_des_1100237,item_function_1100237,1,0
1100238,选项（低级）（西努之盾2）,item_name_632022,2,5,5,0,0,0,0,,2000086,0,,0,0,0,0,0,0,0,0,0,0,item_runeposition_2_icon,item_des_1100238,item_function_1100238,1,0
1100239,选项（低级）（西努之盾3）,item_name_632023,2,5,5,0,0,0,0,,2000087,0,,0,0,0,0,0,0,0,0,0,0,item_runeposition_3_icon,item_des_1100239,item_function_1100239,1,0
1100240,选项（低级）（西努之盾4）,item_name_632024,2,5,5,0,0,0,0,,2000088,0,,0,0,0,0,0,0,0,0,0,0,item_runeposition_4_icon,item_des_1100240,item_function_1100240,1,0
1100241,选项（低级）（西努之盾5）,item_name_632025,2,5,5,0,0,0,0,,2000089,0,,0,0,0,0,0,0,0,0,0,0,item_runeposition_5_icon,item_des_1100241,item_function_1100241,1,0
1100242,选项（低级）（西努之盾6）,item_name_632026,2,5,5,0,0,0,0,,2000090,0,,0,0,0,0,0,0,0,0,0,0,item_runeposition_6_icon,item_des_1100242,item_function_1100242,1,0
1100243,选项（低级）（漆黑穹顶之心1）,item_name_632031,2,5,5,0,0,0,0,,2000091,0,,0,0,0,0,0,0,0,0,0,0,item_runeposition_1_icon,item_des_1100243,item_function_1100243,1,0
1100244,选项（低级）（漆黑穹顶之心2）,item_name_632032,2,5,5,0,0,0,0,,2000092,0,,0,0,0,0,0,0,0,0,0,0,item_runeposition_2_icon,item_des_1100244,item_function_1100244,1,0
1100245,选项（低级）（漆黑穹顶之心3）,item_name_632033,2,5,5,0,0,0,0,,2000093,0,,0,0,0,0,0,0,0,0,0,0,item_runeposition_3_icon,item_des_1100245,item_function_1100245,1,0
1100246,选项（低级）（漆黑穹顶之心4）,item_name_632034,2,5,5,0,0,0,0,,2000094,0,,0,0,0,0,0,0,0,0,0,0,item_runeposition_4_icon,item_des_1100246,item_function_1100246,1,0
1100247,选项（低级）（漆黑穹顶之心5）,item_name_632035,2,5,5,0,0,0,0,,2000095,0,,0,0,0,0,0,0,0,0,0,0,item_runeposition_5_icon,item_des_1100247,item_function_1100247,1,0
1100248,选项（低级）（漆黑穹顶之心6）,item_name_632036,2,5,5,0,0,0,0,,2000096,0,,0,0,0,0,0,0,0,0,0,0,item_runeposition_6_icon,item_des_1100248,item_function_1100248,1,0
1100301,选项（中级）（天界光辉1）,item_name_611011,3,5,5,0,0,0,0,,2000097,0,,0,0,0,0,0,0,0,0,0,0,item_runeposition_1_icon,item_des_1100301,item_function_1100201,1,0
1100302,选项（中级）（天界光辉2）,item_name_611012,3,5,5,0,0,0,0,,2000098,0,,0,0,0,0,0,0,0,0,0,0,item_runeposition_2_icon,item_des_1100302,item_function_1100202,1,0
1100303,选项（中级）（天界光辉3）,item_name_611013,3,5,5,0,0,0,0,,2000099,0,,0,0,0,0,0,0,0,0,0,0,item_runeposition_3_icon,item_des_1100303,item_function_1100203,1,0
1100304,选项（中级）（天界光辉4）,item_name_611014,3,5,5,0,0,0,0,,2000100,0,,0,0,0,0,0,0,0,0,0,0,item_runeposition_4_icon,item_des_1100304,item_function_1100204,1,0
1100305,选项（中级）（天界光辉5）,item_name_611015,3,5,5,0,0,0,0,,2000101,0,,0,0,0,0,0,0,0,0,0,0,item_runeposition_5_icon,item_des_1100305,item_function_1100205,1,0
1100306,选项（中级）（天界光辉6）,item_name_611016,3,5,5,0,0,0,0,,2000102,0,,0,0,0,0,0,0,0,0,0,0,item_runeposition_6_icon,item_des_1100306,item_function_1100206,1,0
1100307,选项（中级）（上古之战1）,item_name_611021,3,5,5,0,0,0,0,,2000103,0,,0,0,0,0,0,0,0,0,0,0,item_runeposition_1_icon,item_des_1100307,item_function_1100207,1,0
1100308,选项（中级）（上古之战2）,item_name_611022,3,5,5,0,0,0,0,,2000104,0,,0,0,0,0,0,0,0,0,0,0,item_runeposition_2_icon,item_des_1100308,item_function_1100208,1,0
1100309,选项（中级）（上古之战3）,item_name_611023,3,5,5,0,0,0,0,,2000105,0,,0,0,0,0,0,0,0,0,0,0,item_runeposition_3_icon,item_des_1100309,item_function_1100209,1,0
1100310,选项（中级）（上古之战4）,item_name_611024,3,5,5,0,0,0,0,,2000106,0,,0,0,0,0,0,0,0,0,0,0,item_runeposition_4_icon,item_des_1100310,item_function_1100210,1,0
1100311,选项（中级）（上古之战5）,item_name_611025,3,5,5,0,0,0,0,,2000107,0,,0,0,0,0,0,0,0,0,0,0,item_runeposition_5_icon,item_des_1100311,item_function_1100211,1,0
1100312,选项（中级）（上古之战6）,item_name_611026,3,5,5,0,0,0,0,,2000108,0,,0,0,0,0,0,0,0,0,0,0,item_runeposition_6_icon,item_des_1100312,item_function_1100212,1,0
1100313,选项（中级）（战争传奇1）,item_name_611031,3,5,5,0,0,0,0,,2000109,0,,0,0,0,0,0,0,0,0,0,0,item_runeposition_1_icon,item_des_1100313,item_function_1100213,1,0
1100314,选项（中级）（战争传奇2）,item_name_611032,3,5,5,0,0,0,0,,2000110,0,,0,0,0,0,0,0,0,0,0,0,item_runeposition_2_icon,item_des_1100314,item_function_1100214,1,0
1100315,选项（中级）（战争传奇3）,item_name_611033,3,5,5,0,0,0,0,,2000111,0,,0,0,0,0,0,0,0,0,0,0,item_runeposition_3_icon,item_des_1100315,item_function_1100215,1,0
1100316,选项（中级）（战争传奇4）,item_name_611034,3,5,5,0,0,0,0,,2000112,0,,0,0,0,0,0,0,0,0,0,0,item_runeposition_4_icon,item_des_1100316,item_function_1100216,1,0
1100317,选项（中级）（战争传奇5）,item_name_611035,3,5,5,0,0,0,0,,2000113,0,,0,0,0,0,0,0,0,0,0,0,item_runeposition_5_icon,item_des_1100317,item_function_1100217,1,0
1100318,选项（中级）（战争传奇6）,item_name_611036,3,5,5,0,0,0,0,,2000114,0,,0,0,0,0,0,0,0,0,0,0,item_runeposition_6_icon,item_des_1100318,item_function_1100218,1,0
1100319,选项（中级）（努海尔人的航行1）,item_name_611041,3,5,5,0,0,0,0,,2000115,0,,0,0,0,0,0,0,0,0,0,0,item_runeposition_1_icon,item_des_1100319,item_function_1100219,1,0
1100320,选项（中级）（努海尔人的航行2）,item_name_611042,3,5,5,0,0,0,0,,2000116,0,,0,0,0,0,0,0,0,0,0,0,item_runeposition_2_icon,item_des_1100320,item_function_1100220,1,0
1100321,选项（中级）（努海尔人的航行3）,item_name_611043,3,5,5,0,0,0,0,,2000117,0,,0,0,0,0,0,0,0,0,0,0,item_runeposition_3_icon,item_des_1100321,item_function_1100221,1,0
1100322,选项（中级）（努海尔人的航行4）,item_name_611044,3,5,5,0,0,0,0,,2000118,0,,0,0,0,0,0,0,0,0,0,0,item_runeposition_4_icon,item_des_1100322,item_function_1100222,1,0
1100323,选项（中级）（努海尔人的航行5）,item_name_611045,3,5,5,0,0,0,0,,2000119,0,,0,0,0,0,0,0,0,0,0,0,item_runeposition_5_icon,item_des_1100323,item_function_1100223,1,0
1100324,选项（中级）（努海尔人的航行6）,item_name_611046,3,5,5,0,0,0,0,,2000120,0,,0,0,0,0,0,0,0,0,0,0,item_runeposition_6_icon,item_des_1100324,item_function_1100224,1,0
1100325,选项（中级）（萨拉的审判1）,item_name_622031,3,5,5,0,0,0,0,,2000121,0,,0,0,0,0,0,0,0,0,0,0,item_runeposition_1_icon,item_des_1100325,item_function_1100225,1,0
1100326,选项（中级）（萨拉的审判2）,item_name_622032,3,5,5,0,0,0,0,,2000122,0,,0,0,0,0,0,0,0,0,0,0,item_runeposition_2_icon,item_des_1100326,item_function_1100226,1,0
1100327,选项（中级）（萨拉的审判3）,item_name_622033,3,5,5,0,0,0,0,,2000123,0,,0,0,0,0,0,0,0,0,0,0,item_runeposition_3_icon,item_des_1100327,item_function_1100227,1,0
1100328,选项（中级）（萨拉的审判4）,item_name_622034,3,5,5,0,0,0,0,,2000124,0,,0,0,0,0,0,0,0,0,0,0,item_runeposition_4_icon,item_des_1100328,item_function_1100228,1,0
1100329,选项（中级）（萨拉的审判5）,item_name_622035,3,5,5,0,0,0,0,,2000125,0,,0,0,0,0,0,0,0,0,0,0,item_runeposition_5_icon,item_des_1100329,item_function_1100229,1,0
1100330,选项（中级）（萨拉的审判6）,item_name_622036,3,5,5,0,0,0,0,,2000126,0,,0,0,0,0,0,0,0,0,0,0,item_runeposition_6_icon,item_des_1100330,item_function_1100230,1,0
1100331,选项（中级）（帕尔斯的坚毅1）,item_name_622061,3,5,5,0,0,0,0,,2000127,0,,0,0,0,0,0,0,0,0,0,0,item_runeposition_1_icon,item_des_1100331,item_function_1100231,1,0
1100332,选项（中级）（帕尔斯的坚毅2）,item_name_622062,3,5,5,0,0,0,0,,2000128,0,,0,0,0,0,0,0,0,0,0,0,item_runeposition_2_icon,item_des_1100332,item_function_1100232,1,0
1100333,选项（中级）（帕尔斯的坚毅3）,item_name_622063,3,5,5,0,0,0,0,,2000129,0,,0,0,0,0,0,0,0,0,0,0,item_runeposition_3_icon,item_des_1100333,item_function_1100233,1,0
1100334,选项（中级）（帕尔斯的坚毅4）,item_name_622064,3,5,5,0,0,0,0,,2000130,0,,0,0,0,0,0,0,0,0,0,0,item_runeposition_4_icon,item_des_1100334,item_function_1100234,1,0
1100335,选项（中级）（帕尔斯的坚毅5）,item_name_622065,3,5,5,0,0,0,0,,2000131,0,,0,0,0,0,0,0,0,0,0,0,item_runeposition_5_icon,item_des_1100335,item_function_1100235,1,0
1100336,选项（中级）（帕尔斯的坚毅6）,item_name_622066,3,5,5,0,0,0,0,,2000132,0,,0,0,0,0,0,0,0,0,0,0,item_runeposition_6_icon,item_des_1100336,item_function_1100236,1,0
1100337,选项（中级）（西努之盾1）,item_name_632021,3,5,5,0,0,0,0,,2000133,0,,0,0,0,0,0,0,0,0,0,0,item_runeposition_1_icon,item_des_1100337,item_function_1100237,1,0
1100338,选项（中级）（西努之盾2）,item_name_632022,3,5,5,0,0,0,0,,2000134,0,,0,0,0,0,0,0,0,0,0,0,item_runeposition_2_icon,item_des_1100338,item_function_1100238,1,0
1100339,选项（中级）（西努之盾3）,item_name_632023,3,5,5,0,0,0,0,,2000135,0,,0,0,0,0,0,0,0,0,0,0,item_runeposition_3_icon,item_des_1100339,item_function_1100239,1,0
1100340,选项（中级）（西努之盾4）,item_name_632024,3,5,5,0,0,0,0,,2000136,0,,0,0,0,0,0,0,0,0,0,0,item_runeposition_4_icon,item_des_1100340,item_function_1100240,1,0
1100341,选项（中级）（西努之盾5）,item_name_632025,3,5,5,0,0,0,0,,2000137,0,,0,0,0,0,0,0,0,0,0,0,item_runeposition_5_icon,item_des_1100341,item_function_1100241,1,0
1100342,选项（中级）（西努之盾6）,item_name_632026,3,5,5,0,0,0,0,,2000138,0,,0,0,0,0,0,0,0,0,0,0,item_runeposition_6_icon,item_des_1100342,item_function_1100242,1,0
1100343,选项（中级）（漆黑穹顶之心1）,item_name_632031,3,5,5,0,0,0,0,,2000139,0,,0,0,0,0,0,0,0,0,0,0,item_runeposition_1_icon,item_des_1100343,item_function_1100243,1,0
1100344,选项（中级）（漆黑穹顶之心2）,item_name_632032,3,5,5,0,0,0,0,,2000140,0,,0,0,0,0,0,0,0,0,0,0,item_runeposition_2_icon,item_des_1100344,item_function_1100244,1,0
1100345,选项（中级）（漆黑穹顶之心3）,item_name_632033,3,5,5,0,0,0,0,,2000141,0,,0,0,0,0,0,0,0,0,0,0,item_runeposition_3_icon,item_des_1100345,item_function_1100245,1,0
1100346,选项（中级）（漆黑穹顶之心4）,item_name_632034,3,5,5,0,0,0,0,,2000142,0,,0,0,0,0,0,0,0,0,0,0,item_runeposition_4_icon,item_des_1100346,item_function_1100246,1,0
1100347,选项（中级）（漆黑穹顶之心5）,item_name_632035,3,5,5,0,0,0,0,,2000143,0,,0,0,0,0,0,0,0,0,0,0,item_runeposition_5_icon,item_des_1100347,item_function_1100247,1,0
1100348,选项（中级）（漆黑穹顶之心6）,item_name_632036,3,5,5,0,0,0,0,,2000144,0,,0,0,0,0,0,0,0,0,0,0,item_runeposition_6_icon,item_des_1100348,item_function_1100248,1,0
1100401,选项（高级）（天界光辉1）,item_name_611011,4,5,5,0,0,0,0,,2000145,0,,0,0,0,0,0,0,0,0,0,0,item_runeposition_1_icon,item_des_1100401,item_function_1100201,1,0
1100402,选项（高级）（天界光辉2）,item_name_611012,4,5,5,0,0,0,0,,2000146,0,,0,0,0,0,0,0,0,0,0,0,item_runeposition_2_icon,item_des_1100402,item_function_1100202,1,0
1100403,选项（高级）（天界光辉3）,item_name_611013,4,5,5,0,0,0,0,,2000147,0,,0,0,0,0,0,0,0,0,0,0,item_runeposition_3_icon,item_des_1100403,item_function_1100203,1,0
1100404,选项（高级）（天界光辉4）,item_name_611014,4,5,5,0,0,0,0,,2000148,0,,0,0,0,0,0,0,0,0,0,0,item_runeposition_4_icon,item_des_1100404,item_function_1100204,1,0
1100405,选项（高级）（天界光辉5）,item_name_611015,4,5,5,0,0,0,0,,2000149,0,,0,0,0,0,0,0,0,0,0,0,item_runeposition_5_icon,item_des_1100405,item_function_1100205,1,0
1100406,选项（高级）（天界光辉6）,item_name_611016,4,5,5,0,0,0,0,,2000150,0,,0,0,0,0,0,0,0,0,0,0,item_runeposition_6_icon,item_des_1100406,item_function_1100206,1,0
1100407,选项（高级）（上古之战1）,item_name_611021,4,5,5,0,0,0,0,,2000151,0,,0,0,0,0,0,0,0,0,0,0,item_runeposition_1_icon,item_des_1100407,item_function_1100207,1,0
1100408,选项（高级）（上古之战2）,item_name_611022,4,5,5,0,0,0,0,,2000152,0,,0,0,0,0,0,0,0,0,0,0,item_runeposition_2_icon,item_des_1100408,item_function_1100208,1,0
1100409,选项（高级）（上古之战3）,item_name_611023,4,5,5,0,0,0,0,,2000153,0,,0,0,0,0,0,0,0,0,0,0,item_runeposition_3_icon,item_des_1100409,item_function_1100209,1,0
1100410,选项（高级）（上古之战4）,item_name_611024,4,5,5,0,0,0,0,,2000154,0,,0,0,0,0,0,0,0,0,0,0,item_runeposition_4_icon,item_des_1100410,item_function_1100210,1,0
1100411,选项（高级）（上古之战5）,item_name_611025,4,5,5,0,0,0,0,,2000155,0,,0,0,0,0,0,0,0,0,0,0,item_runeposition_5_icon,item_des_1100411,item_function_1100211,1,0
1100412,选项（高级）（上古之战6）,item_name_611026,4,5,5,0,0,0,0,,2000156,0,,0,0,0,0,0,0,0,0,0,0,item_runeposition_6_icon,item_des_1100412,item_function_1100212,1,0
1100413,选项（高级）（战争传奇1）,item_name_611031,4,5,5,0,0,0,0,,2000157,0,,0,0,0,0,0,0,0,0,0,0,item_runeposition_1_icon,item_des_1100413,item_function_1100213,1,0
1100414,选项（高级）（战争传奇2）,item_name_611032,4,5,5,0,0,0,0,,2000158,0,,0,0,0,0,0,0,0,0,0,0,item_runeposition_2_icon,item_des_1100414,item_function_1100214,1,0
1100415,选项（高级）（战争传奇3）,item_name_611033,4,5,5,0,0,0,0,,2000159,0,,0,0,0,0,0,0,0,0,0,0,item_runeposition_3_icon,item_des_1100415,item_function_1100215,1,0
1100416,选项（高级）（战争传奇4）,item_name_611034,4,5,5,0,0,0,0,,2000160,0,,0,0,0,0,0,0,0,0,0,0,item_runeposition_4_icon,item_des_1100416,item_function_1100216,1,0
1100417,选项（高级）（战争传奇5）,item_name_611035,4,5,5,0,0,0,0,,2000161,0,,0,0,0,0,0,0,0,0,0,0,item_runeposition_5_icon,item_des_1100417,item_function_1100217,1,0
1100418,选项（高级）（战争传奇6）,item_name_611036,4,5,5,0,0,0,0,,2000162,0,,0,0,0,0,0,0,0,0,0,0,item_runeposition_6_icon,item_des_1100418,item_function_1100218,1,0
1100419,选项（高级）（努海尔人的航行1）,item_name_611041,4,5,5,0,0,0,0,,2000163,0,,0,0,0,0,0,0,0,0,0,0,item_runeposition_1_icon,item_des_1100419,item_function_1100219,1,0
1100420,选项（高级）（努海尔人的航行2）,item_name_611042,4,5,5,0,0,0,0,,2000164,0,,0,0,0,0,0,0,0,0,0,0,item_runeposition_2_icon,item_des_1100420,item_function_1100220,1,0
1100421,选项（高级）（努海尔人的航行3）,item_name_611043,4,5,5,0,0,0,0,,2000165,0,,0,0,0,0,0,0,0,0,0,0,item_runeposition_3_icon,item_des_1100421,item_function_1100221,1,0
1100422,选项（高级）（努海尔人的航行4）,item_name_611044,4,5,5,0,0,0,0,,2000166,0,,0,0,0,0,0,0,0,0,0,0,item_runeposition_4_icon,item_des_1100422,item_function_1100222,1,0
1100423,选项（高级）（努海尔人的航行5）,item_name_611045,4,5,5,0,0,0,0,,2000167,0,,0,0,0,0,0,0,0,0,0,0,item_runeposition_5_icon,item_des_1100423,item_function_1100223,1,0
1100424,选项（高级）（努海尔人的航行6）,item_name_611046,4,5,5,0,0,0,0,,2000168,0,,0,0,0,0,0,0,0,0,0,0,item_runeposition_6_icon,item_des_1100424,item_function_1100224,1,0
1100425,选项（高级）（萨拉的审判1）,item_name_622031,4,5,5,0,0,0,0,,2000169,0,,0,0,0,0,0,0,0,0,0,0,item_runeposition_1_icon,item_des_1100425,item_function_1100225,1,0
1100426,选项（高级）（萨拉的审判2）,item_name_622032,4,5,5,0,0,0,0,,2000170,0,,0,0,0,0,0,0,0,0,0,0,item_runeposition_2_icon,item_des_1100426,item_function_1100226,1,0
1100427,选项（高级）（萨拉的审判3）,item_name_622033,4,5,5,0,0,0,0,,2000171,0,,0,0,0,0,0,0,0,0,0,0,item_runeposition_3_icon,item_des_1100427,item_function_1100227,1,0
1100428,选项（高级）（萨拉的审判4）,item_name_622034,4,5,5,0,0,0,0,,2000172,0,,0,0,0,0,0,0,0,0,0,0,item_runeposition_4_icon,item_des_1100428,item_function_1100228,1,0
1100429,选项（高级）（萨拉的审判5）,item_name_622035,4,5,5,0,0,0,0,,2000173,0,,0,0,0,0,0,0,0,0,0,0,item_runeposition_5_icon,item_des_1100429,item_function_1100229,1,0
1100430,选项（高级）（萨拉的审判6）,item_name_622036,4,5,5,0,0,0,0,,2000174,0,,0,0,0,0,0,0,0,0,0,0,item_runeposition_6_icon,item_des_1100430,item_function_1100230,1,0
1100431,选项（高级）（帕尔斯的坚毅1）,item_name_622061,4,5,5,0,0,0,0,,2000175,0,,0,0,0,0,0,0,0,0,0,0,item_runeposition_1_icon,item_des_1100431,item_function_1100231,1,0
1100432,选项（高级）（帕尔斯的坚毅2）,item_name_622062,4,5,5,0,0,0,0,,2000176,0,,0,0,0,0,0,0,0,0,0,0,item_runeposition_2_icon,item_des_1100432,item_function_1100232,1,0
1100433,选项（高级）（帕尔斯的坚毅3）,item_name_622063,4,5,5,0,0,0,0,,2000177,0,,0,0,0,0,0,0,0,0,0,0,item_runeposition_3_icon,item_des_1100433,item_function_1100233,1,0
1100434,选项（高级）（帕尔斯的坚毅4）,item_name_622064,4,5,5,0,0,0,0,,2000178,0,,0,0,0,0,0,0,0,0,0,0,item_runeposition_4_icon,item_des_1100434,item_function_1100234,1,0
1100435,选项（高级）（帕尔斯的坚毅5）,item_name_622065,4,5,5,0,0,0,0,,2000179,0,,0,0,0,0,0,0,0,0,0,0,item_runeposition_5_icon,item_des_1100435,item_function_1100235,1,0
1100436,选项（高级）（帕尔斯的坚毅6）,item_name_622066,4,5,5,0,0,0,0,,2000180,0,,0,0,0,0,0,0,0,0,0,0,item_runeposition_6_icon,item_des_1100436,item_function_1100236,1,0
1100437,选项（高级）（西努之盾1）,item_name_632021,4,5,5,0,0,0,0,,2000181,0,,0,0,0,0,0,0,0,0,0,0,item_runeposition_1_icon,item_des_1100437,item_function_1100237,1,0
1100438,选项（高级）（西努之盾2）,item_name_632022,4,5,5,0,0,0,0,,2000182,0,,0,0,0,0,0,0,0,0,0,0,item_runeposition_2_icon,item_des_1100438,item_function_1100238,1,0
1100439,选项（高级）（西努之盾3）,item_name_632023,4,5,5,0,0,0,0,,2000183,0,,0,0,0,0,0,0,0,0,0,0,item_runeposition_3_icon,item_des_1100439,item_function_1100239,1,0
1100440,选项（高级）（西努之盾4）,item_name_632024,4,5,5,0,0,0,0,,2000184,0,,0,0,0,0,0,0,0,0,0,0,item_runeposition_4_icon,item_des_1100440,item_function_1100240,1,0
1100441,选项（高级）（西努之盾5）,item_name_632025,4,5,5,0,0,0,0,,2000185,0,,0,0,0,0,0,0,0,0,0,0,item_runeposition_5_icon,item_des_1100441,item_function_1100241,1,0
1100442,选项（高级）（西努之盾6）,item_name_632026,4,5,5,0,0,0,0,,2000186,0,,0,0,0,0,0,0,0,0,0,0,item_runeposition_6_icon,item_des_1100442,item_function_1100242,1,0
1100443,选项（高级）（漆黑穹顶之心1）,item_name_632031,4,5,5,0,0,0,0,,2000187,0,,0,0,0,0,0,0,0,0,0,0,item_runeposition_1_icon,item_des_1100443,item_function_1100243,1,0
1100444,选项（高级）（漆黑穹顶之心2）,item_name_632032,4,5,5,0,0,0,0,,2000188,0,,0,0,0,0,0,0,0,0,0,0,item_runeposition_2_icon,item_des_1100444,item_function_1100244,1,0
1100445,选项（高级）（漆黑穹顶之心3）,item_name_632033,4,5,5,0,0,0,0,,2000189,0,,0,0,0,0,0,0,0,0,0,0,item_runeposition_3_icon,item_des_1100445,item_function_1100245,1,0
1100446,选项（高级）（漆黑穹顶之心4）,item_name_632034,4,5,5,0,0,0,0,,2000190,0,,0,0,0,0,0,0,0,0,0,0,item_runeposition_4_icon,item_des_1100446,item_function_1100246,1,0
1100447,选项（高级）（漆黑穹顶之心5）,item_name_632035,4,5,5,0,0,0,0,,2000191,0,,0,0,0,0,0,0,0,0,0,0,item_runeposition_5_icon,item_des_1100447,item_function_1100247,1,0
1100448,选项（高级）（漆黑穹顶之心6）,item_name_632036,4,5,5,0,0,0,0,,2000192,0,,0,0,0,0,0,0,0,0,0,0,item_runeposition_6_icon,item_des_1100448,item_function_1100248,1,0
1190001,符文关卡掉落显示用（高级）（天界光辉）,item_name_1190001,4,3,3,0,0,0,0,,0,0,,0,0,0,0,0,0,0,0,0,0,rune_suit_611001_3,item_des_1190001,item_function_1190001,1,0
1190002,符文关卡掉落显示用（高级）（上古之战）,item_name_1190002,4,3,3,0,0,0,0,,0,0,,0,0,0,0,0,0,0,0,0,0,rune_suit_611002_3,item_des_1190002,item_function_1190002,1,0
1190003,符文关卡掉落显示用（高级）（战争传奇）,item_name_1190003,4,3,3,0,0,0,0,,0,0,,0,0,0,0,0,0,0,0,0,0,rune_suit_611003_3,item_des_1190003,item_function_1190003,1,0
1190004,符文关卡掉落显示用（高级）（努海尔人的航行）,item_name_1190004,4,3,3,0,0,0,0,,0,0,,0,0,0,0,0,0,0,0,0,0,rune_suit_611004_3,item_des_1190004,item_function_1190004,1,0
1190005,符文关卡掉落显示用（高级）（萨拉的审判）,item_name_1190005,4,3,3,0,0,0,0,,0,0,,0,0,0,0,0,0,0,0,0,0,rune_suit_621003_3,item_des_1190005,item_function_1190005,1,0
1190006,符文关卡掉落显示用（高级）（帕尔斯的坚毅）,item_name_1190006,4,3,3,0,0,0,0,,0,0,,0,0,0,0,0,0,0,0,0,0,rune_suit_621006_3,item_des_1190006,item_function_1190006,1,0
1190007,符文关卡掉落显示用（高级）（西努之盾）,item_name_1190007,4,3,3,0,0,0,0,,0,0,,0,0,0,0,0,0,0,0,0,0,rune_suit_632002_3,item_des_1190007,item_function_1190007,1,0
1190008,符文关卡掉落显示用（高级）（漆黑穹顶之心）,item_name_1190008,4,3,3,0,0,0,0,,0,0,,0,0,0,0,0,0,0,0,0,0,rune_suit_632003_3,item_des_1190008,item_function_1190008,1,0
1190011,符文关卡掉落显示用（中级）（天界光辉）,item_name_1190011,3,3,3,0,0,0,0,,0,0,,0,0,0,0,0,0,0,0,0,0,rune_suit_611001_2,item_des_1190011,item_function_1190011,1,0
1190012,符文关卡掉落显示用（中级）（上古之战）,item_name_1190012,3,3,3,0,0,0,0,,0,0,,0,0,0,0,0,0,0,0,0,0,rune_suit_611002_2,item_des_1190012,item_function_1190012,1,0
1190013,符文关卡掉落显示用（中级）（战争传奇）,item_name_1190013,3,3,3,0,0,0,0,,0,0,,0,0,0,0,0,0,0,0,0,0,rune_suit_611003_2,item_des_1190013,item_function_1190013,1,0
1190014,符文关卡掉落显示用（中级）（努海尔人的航行）,item_name_1190014,3,3,3,0,0,0,0,,0,0,,0,0,0,0,0,0,0,0,0,0,rune_suit_611004_2,item_des_1190014,item_function_1190014,1,0
1190015,符文关卡掉落显示用（中级）（萨拉的审判）,item_name_1190015,3,3,3,0,0,0,0,,0,0,,0,0,0,0,0,0,0,0,0,0,rune_suit_621003_2,item_des_1190015,item_function_1190015,1,0
1190016,符文关卡掉落显示用（中级）（帕尔斯的坚毅）,item_name_1190016,3,3,3,0,0,0,0,,0,0,,0,0,0,0,0,0,0,0,0,0,rune_suit_621006_2,item_des_1190016,item_function_1190016,1,0
1190017,符文关卡掉落显示用（中级）（西努之盾）,item_name_1190017,3,3,3,0,0,0,0,,0,0,,0,0,0,0,0,0,0,0,0,0,rune_suit_632002_2,item_des_1190017,item_function_1190017,1,0
1190018,符文关卡掉落显示用（中级）（漆黑穹顶之心）,item_name_1190018,3,3,3,0,0,0,0,,0,0,,0,0,0,0,0,0,0,0,0,0,rune_suit_632003_2,item_des_1190018,item_function_1190018,1,0
1190021,符文关卡掉落显示用（低级）（天界光辉）,item_name_1190021,2,3,3,0,0,0,0,,0,0,,0,0,0,0,0,0,0,0,0,0,rune_suit_611001_1,item_des_1190021,item_function_1190021,1,0
1190022,符文关卡掉落显示用（低级）（上古之战）,item_name_1190022,2,3,3,0,0,0,0,,0,0,,0,0,0,0,0,0,0,0,0,0,rune_suit_611002_1,item_des_1190022,item_function_1190022,1,0
1190023,符文关卡掉落显示用（低级）（战争传奇）,item_name_1190023,2,3,3,0,0,0,0,,0,0,,0,0,0,0,0,0,0,0,0,0,rune_suit_611003_1,item_des_1190023,item_function_1190023,1,0
1190024,符文关卡掉落显示用（低级）（努海尔人的航行）,item_name_1190024,2,3,3,0,0,0,0,,0,0,,0,0,0,0,0,0,0,0,0,0,rune_suit_611004_1,item_des_1190024,item_function_1190024,1,0
1190025,符文关卡掉落显示用（低级）（萨拉的审判）,item_name_1190025,2,3,3,0,0,0,0,,0,0,,0,0,0,0,0,0,0,0,0,0,rune_suit_621003_1,item_des_1190025,item_function_1190025,1,0
1190026,符文关卡掉落显示用（低级）（帕尔斯的坚毅）,item_name_1190026,2,3,3,0,0,0,0,,0,0,,0,0,0,0,0,0,0,0,0,0,rune_suit_621006_1,item_des_1190026,item_function_1190026,1,0
1190027,符文关卡掉落显示用（低级）（西努之盾）,item_name_1190027,2,3,3,0,0,0,0,,0,0,,0,0,0,0,0,0,0,0,0,0,rune_suit_632002_1,item_des_1190027,item_function_1190027,1,0
1190028,符文关卡掉落显示用（低级）（漆黑穹顶之心）,item_name_1190028,2,3,3,0,0,0,0,,0,0,,0,0,0,0,0,0,0,0,0,0,rune_suit_632003_1,item_des_1190028,item_function_1190028,1,0
1231225,圣夜礼物(圣诞节礼物),item_name_1231225,3,5,5,0,0,0,0,,0,0,,0,0,0,0,0,0,0,0,0,0,1231225_icon,item_des_1231225,item_function_1231225,1,0
1240101,胜意祝愿(元旦节礼物),item_name_1240101,3,5,5,0,0,0,0,,0,0,,0,0,0,0,0,0,0,0,0,0,1240101_icon,item_des_1240101,item_function_1240101,1,0
1030122,伴随之礼,item_name_1030122,3,5,5,0,0,0,0,,0,0,,0,0,0,0,0,0,0,0,0,0,1002930_icon,item_des_1030122,item_function_1030122,1,0
1017000,默认邮箱皮肤,item_name_1017000,1,1017,,0,0,0,0,,0,0,,0,1998600,0,0,0,0,0,0,0,0,1017000_icon,item_des_1017000,item_function_1017000,0,0
1017001,诺姆邮箱皮肤,item_name_1017001,4,1017,,0,0,0,0,,0,0,,1403,1998601,0,0,0,0,0,0,0,0,1017001_icon,item_des_1017001,item_function_1017001,1,0
1017002,希尔芙邮箱皮肤,item_name_1017002,4,1017,,0,0,0,0,,0,0,,1403,1998602,0,0,0,0,0,0,0,0,1017002_icon,item_des_1017002,item_function_1017002,1,0
1017003,诺姆邮箱皮肤（欧美专用）,item_name_1017001,4,1017,,0,0,0,0,,0,0,,1205,1998603,0,0,0,0,0,0,0,0,1017001_icon,item_des_1017001,item_function_1017001,1,0
260101,律律子表情包-开心（初始送）,item_name_260101,4,99,,0,0,0,0,,0,0,,0,260101,1,0,0,0,0,0,0,0,Sticker_3000001_1,item_des_260101,item_function_260101,0,0
260102,律律子表情包-嫌弃,item_name_260102,4,99,,0,0,0,0,,0,0,,0,260102,1,0,0,0,0,0,0,0,Sticker_3000001_2,item_des_260101,item_function_260101,0,0
260103,律律子表情包-我去？,item_name_260103,4,99,,0,0,0,0,,0,0,,0,260103,1,0,0,0,0,0,0,0,Sticker_3000001_3,item_des_260101,item_function_260101,0,0
260104,律律子表情包-红包,item_name_260104,4,99,,0,0,0,0,,0,0,,0,260104,1,0,0,0,0,0,0,0,Sticker_3000001_4,item_des_260101,item_function_260101,0,0
260105,律律子表情包-点赞,item_name_260105,4,99,,0,0,0,0,,0,0,,0,260105,1,0,0,0,0,0,0,0,Sticker_3000001_5,item_des_260101,item_function_260101,0,0
260106,律律子表情包-委屈,item_name_260106,4,99,,0,0,0,0,,0,0,,0,260106,1,0,0,0,0,0,0,0,Sticker_3000001_6,item_des_260101,item_function_260101,0,0
260107,律律子表情包-疲倦,item_name_260107,4,99,,0,0,0,0,,0,0,,0,260107,1,0,0,0,0,0,0,0,Sticker_3000001_7,item_des_260101,item_function_260101,0,0
260108,律律子表情包-暗中观察,item_name_260108,4,26,,0,0,0,0,,0,0,,0,260108,1,0,0,0,0,0,0,0,Sticker_3000001_8,item_des_260101,item_function_260101,0,0
260109,律律子表情包-难以置信,item_name_260109,4,99,,0,0,0,0,,0,0,,0,260109,1,0,0,0,0,0,0,0,Sticker_3000001_9,item_des_260101,item_function_260101,0,0
260110,律律子表情包-忍住不哭,item_name_260110,4,26,,0,0,0,0,,0,0,,0,260110,1,0,0,0,0,0,0,0,Sticker_3000001_10,item_des_260101,item_function_260101,0,0
260111,律律子表情包-难过,item_name_260111,4,99,,0,0,0,0,,0,0,,0,260111,1,0,0,0,0,0,0,0,Sticker_3000001_11,item_des_260101,item_function_260101,0,0
260112,律律子表情包-疑问,item_name_260112,4,99,,0,0,0,0,,0,0,,0,260112,1,0,0,0,0,0,0,0,Sticker_3000001_12,item_des_260101,item_function_260101,0,0
260113,律律子表情包-生气,item_name_260113,4,26,,0,0,0,0,,0,0,,0,260113,1,0,0,0,0,0,0,0,Sticker_3000001_13,item_des_260101,item_function_260101,0,0
260114,律律子表情包-叹气,item_name_260114,4,99,,0,0,0,0,,0,0,,0,260114,1,0,0,0,0,0,0,0,Sticker_3000001_14,item_des_260101,item_function_260101,0,0
260115,律律子表情包-得意,item_name_260115,4,99,,0,0,0,0,,0,0,,0,260115,1,0,0,0,0,0,0,0,Sticker_3000001_15,item_des_260101,item_function_260101,0,0
260116,律律子表情包-投降,item_name_260116,4,99,,0,0,0,0,,0,0,,0,260116,1,0,0,0,0,0,0,0,Sticker_3000001_16,item_des_260101,item_function_260101,0,0
260201,克蕾尔表情包-疑问,item_name_260201,4,99,,0,0,0,0,,0,0,,0,260201,1,0,0,0,0,0,0,0,Sticker_Kelaier_01,item_des_260201,item_function_260101,0,0
260202,克蕾尔表情包-害羞,item_name_260202,4,26,,0,0,0,0,,0,0,,0,260202,1,0,0,0,0,0,0,0,Sticker_Kelaier_02,item_des_260201,item_function_260101,0,0
260203,克蕾尔表情包-嘿嘿,item_name_260203,4,99,,0,0,0,0,,0,0,,0,260203,1,0,0,0,0,0,0,0,Sticker_Kelaier_03,item_des_260201,item_function_260101,0,0
260204,克蕾尔表情包-摸头（废弃）,item_name_260204,4,26,,0,0,0,0,,0,0,,0,260204,1,0,0,0,0,0,0,0,Sticker_Kelaier_04,item_des_260201,item_function_260101,0,0
260205,克蕾尔表情包-摸头,item_name_260205,4,99,,0,0,0,0,,0,0,,0,260205,1,0,0,0,0,0,0,0,Sticker_Kelaier_05,item_des_260201,item_function_260101,0,0
260206,克蕾尔表情包-流泪,item_name_260206,4,99,,0,0,0,0,,0,0,,0,260206,1,0,0,0,0,0,0,0,Sticker_Kelaier_06,item_des_260201,item_function_260101,0,0
260207,克蕾尔表情包-点赞,item_name_260207,4,26,,0,0,0,0,,0,0,,0,260207,1,0,0,0,0,0,0,0,Sticker_Kelaier_07,item_des_260201,item_function_260101,0,0
260208,克蕾尔表情包-饮茶,item_name_260208,4,26,,0,0,0,0,,0,0,,0,260208,1,0,0,0,0,0,0,0,Sticker_Kelaier_08,item_des_260201,item_function_260101,0,0
260209,克蕾尔表情包-震惊,item_name_260209,4,26,,0,0,0,0,,0,0,,0,260209,1,0,0,0,0,0,0,0,Sticker_Kelaier_09,item_des_260201,item_function_260101,0,0
260210,克蕾尔表情包（动图）,item_name_260210,4,99,,0,0,0,0,,0,0,,0,260210,1,0,0,0,0,0,0,0,Sticker_260210_1,item_des_260210,item_function_260210,0,0
611011,天界光辉Ⅰ,item_name_611011,4,20,,0,0,0,0,,0,0,,0,0,0,0,0,0,0,0,0,0,rune_suit_611001_3,item_des_611011,item_function_611011,1,1
611012,天界光辉Ⅱ,item_name_611012,4,20,,0,0,0,0,,0,0,,0,0,0,0,0,0,0,0,0,0,rune_suit_611001_3,item_des_611012,item_function_611012,1,1
611013,天界光辉Ⅲ,item_name_611013,4,20,,0,0,0,0,,0,0,,0,0,0,0,0,0,0,0,0,0,rune_suit_611001_3,item_des_611013,item_function_611013,1,1
611014,天界光辉Ⅳ,item_name_611014,4,20,,0,0,0,0,,0,0,,0,0,0,0,0,0,0,0,0,0,rune_suit_611001_3,item_des_611014,item_function_611014,1,1
611015,天界光辉Ⅴ,item_name_611015,4,20,,0,0,0,0,,0,0,,0,0,0,0,0,0,0,0,0,0,rune_suit_611001_3,item_des_611015,item_function_611015,1,1
611016,天界光辉Ⅵ,item_name_611016,4,20,,0,0,0,0,,0,0,,0,0,0,0,0,0,0,0,0,0,rune_suit_611001_3,item_des_611016,item_function_611016,1,1
611021,上古之战Ⅰ,item_name_611021,4,20,,0,0,0,0,,0,0,,0,0,0,0,0,0,0,0,0,0,rune_suit_611002_3,item_des_611021,item_function_611021,1,1
611022,上古之战Ⅱ,item_name_611022,4,20,,0,0,0,0,,0,0,,0,0,0,0,0,0,0,0,0,0,rune_suit_611002_3,item_des_611022,item_function_611022,1,1
611023,上古之战Ⅲ,item_name_611023,4,20,,0,0,0,0,,0,0,,0,0,0,0,0,0,0,0,0,0,rune_suit_611002_3,item_des_611023,item_function_611023,1,1
611024,上古之战Ⅳ,item_name_611024,4,20,,0,0,0,0,,0,0,,0,0,0,0,0,0,0,0,0,0,rune_suit_611002_3,item_des_611024,item_function_611024,1,1
611025,上古之战Ⅴ,item_name_611025,4,20,,0,0,0,0,,0,0,,0,0,0,0,0,0,0,0,0,0,rune_suit_611002_3,item_des_611025,item_function_611025,1,1
611026,上古之战Ⅵ,item_name_611026,4,20,,0,0,0,0,,0,0,,0,0,0,0,0,0,0,0,0,0,rune_suit_611002_3,item_des_611026,item_function_611026,1,1
611031,战争传奇Ⅰ,item_name_611031,4,20,,0,0,0,0,,0,0,,0,0,0,0,0,0,0,0,0,0,rune_suit_611003_3,item_des_611031,item_function_611031,1,1
611032,战争传奇Ⅱ,item_name_611032,4,20,,0,0,0,0,,0,0,,0,0,0,0,0,0,0,0,0,0,rune_suit_611003_3,item_des_611032,item_function_611032,1,1
611033,战争传奇Ⅲ,item_name_611033,4,20,,0,0,0,0,,0,0,,0,0,0,0,0,0,0,0,0,0,rune_suit_611003_3,item_des_611033,item_function_611033,1,1
611034,战争传奇Ⅳ,item_name_611034,4,20,,0,0,0,0,,0,0,,0,0,0,0,0,0,0,0,0,0,rune_suit_611003_3,item_des_611034,item_function_611034,1,1
611035,战争传奇Ⅴ,item_name_611035,4,20,,0,0,0,0,,0,0,,0,0,0,0,0,0,0,0,0,0,rune_suit_611003_3,item_des_611035,item_function_611035,1,1
611036,战争传奇Ⅵ,item_name_611036,4,20,,0,0,0,0,,0,0,,0,0,0,0,0,0,0,0,0,0,rune_suit_611003_3,item_des_611036,item_function_611036,1,1
611041,努海尔航行Ⅰ,item_name_611041,4,20,,0,0,0,0,,0,0,,0,0,0,0,0,0,0,0,0,0,rune_suit_611004_3,item_des_611041,item_function_611041,1,1
611042,努海尔航行Ⅱ,item_name_611042,4,20,,0,0,0,0,,0,0,,0,0,0,0,0,0,0,0,0,0,rune_suit_611004_3,item_des_611042,item_function_611042,1,1
611043,努海尔航行Ⅲ,item_name_611043,4,20,,0,0,0,0,,0,0,,0,0,0,0,0,0,0,0,0,0,rune_suit_611004_3,item_des_611043,item_function_611043,1,1
611044,努海尔航行Ⅳ,item_name_611044,4,20,,0,0,0,0,,0,0,,0,0,0,0,0,0,0,0,0,0,rune_suit_611004_3,item_des_611044,item_function_611044,1,1
611045,努海尔航行Ⅴ,item_name_611045,4,20,,0,0,0,0,,0,0,,0,0,0,0,0,0,0,0,0,0,rune_suit_611004_3,item_des_611045,item_function_611045,1,1
611046,努海尔航行Ⅵ,item_name_611046,4,20,,0,0,0,0,,0,0,,0,0,0,0,0,0,0,0,0,0,rune_suit_611004_3,item_des_611046,item_function_611046,1,1
612011,天界光辉Ⅰ,item_name_612011,3,20,,0,0,0,0,,0,0,,0,0,0,0,0,0,0,0,0,0,rune_suit_611001_2,item_des_612011,item_function_612011,1,1
612012,天界光辉Ⅱ,item_name_612012,3,20,,0,0,0,0,,0,0,,0,0,0,0,0,0,0,0,0,0,rune_suit_611001_2,item_des_612012,item_function_612012,1,1
612013,天界光辉Ⅲ,item_name_612013,3,20,,0,0,0,0,,0,0,,0,0,0,0,0,0,0,0,0,0,rune_suit_611001_2,item_des_612013,item_function_612013,1,1
612014,天界光辉Ⅳ,item_name_612014,3,20,,0,0,0,0,,0,0,,0,0,0,0,0,0,0,0,0,0,rune_suit_611001_2,item_des_612014,item_function_612014,1,1
612015,天界光辉Ⅴ,item_name_612015,3,20,,0,0,0,0,,0,0,,0,0,0,0,0,0,0,0,0,0,rune_suit_611001_2,item_des_612015,item_function_612015,1,1
612016,天界光辉Ⅵ,item_name_612016,3,20,,0,0,0,0,,0,0,,0,0,0,0,0,0,0,0,0,0,rune_suit_611001_2,item_des_612016,item_function_612016,1,1
612021,上古之战Ⅰ,item_name_612021,3,20,,0,0,0,0,,0,0,,0,0,0,0,0,0,0,0,0,0,rune_suit_611002_2,item_des_612021,item_function_612021,1,1
612022,上古之战Ⅱ,item_name_612022,3,20,,0,0,0,0,,0,0,,0,0,0,0,0,0,0,0,0,0,rune_suit_611002_2,item_des_612022,item_function_612022,1,1
612023,上古之战Ⅲ,item_name_612023,3,20,,0,0,0,0,,0,0,,0,0,0,0,0,0,0,0,0,0,rune_suit_611002_2,item_des_612023,item_function_612023,1,1
612024,上古之战Ⅳ,item_name_612024,3,20,,0,0,0,0,,0,0,,0,0,0,0,0,0,0,0,0,0,rune_suit_611002_2,item_des_612024,item_function_612024,1,1
612025,上古之战Ⅴ,item_name_612025,3,20,,0,0,0,0,,0,0,,0,0,0,0,0,0,0,0,0,0,rune_suit_611002_2,item_des_612025,item_function_612025,1,1
612026,上古之战Ⅵ,item_name_612026,3,20,,0,0,0,0,,0,0,,0,0,0,0,0,0,0,0,0,0,rune_suit_611002_2,item_des_612026,item_function_612026,1,1
612031,战争传奇Ⅰ,item_name_612031,3,20,,0,0,0,0,,0,0,,0,0,0,0,0,0,0,0,0,0,rune_suit_611003_2,item_des_612031,item_function_612031,1,1
612032,战争传奇Ⅱ,item_name_612032,3,20,,0,0,0,0,,0,0,,0,0,0,0,0,0,0,0,0,0,rune_suit_611003_2,item_des_612032,item_function_612032,1,1
612033,战争传奇Ⅲ,item_name_612033,3,20,,0,0,0,0,,0,0,,0,0,0,0,0,0,0,0,0,0,rune_suit_611003_2,item_des_612033,item_function_612033,1,1
612034,战争传奇Ⅳ,item_name_612034,3,20,,0,0,0,0,,0,0,,0,0,0,0,0,0,0,0,0,0,rune_suit_611003_2,item_des_612034,item_function_612034,1,1
612035,战争传奇Ⅴ,item_name_612035,3,20,,0,0,0,0,,0,0,,0,0,0,0,0,0,0,0,0,0,rune_suit_611003_2,item_des_612035,item_function_612035,1,1
612036,战争传奇Ⅵ,item_name_612036,3,20,,0,0,0,0,,0,0,,0,0,0,0,0,0,0,0,0,0,rune_suit_611003_2,item_des_612036,item_function_612036,1,1
612041,努海尔航行Ⅰ,item_name_612041,3,20,,0,0,0,0,,0,0,,0,0,0,0,0,0,0,0,0,0,rune_suit_611004_2,item_des_612041,item_function_612041,1,1
612042,努海尔航行Ⅱ,item_name_612042,3,20,,0,0,0,0,,0,0,,0,0,0,0,0,0,0,0,0,0,rune_suit_611004_2,item_des_612042,item_function_612042,1,1
612043,努海尔航行Ⅲ,item_name_612043,3,20,,0,0,0,0,,0,0,,0,0,0,0,0,0,0,0,0,0,rune_suit_611004_2,item_des_612043,item_function_612043,1,1
612044,努海尔航行Ⅳ,item_name_612044,3,20,,0,0,0,0,,0,0,,0,0,0,0,0,0,0,0,0,0,rune_suit_611004_2,item_des_612044,item_function_612044,1,1
612045,努海尔航行Ⅴ,item_name_612045,3,20,,0,0,0,0,,0,0,,0,0,0,0,0,0,0,0,0,0,rune_suit_611004_2,item_des_612045,item_function_612045,1,1
612046,努海尔航行Ⅵ,item_name_612046,3,20,,0,0,0,0,,0,0,,0,0,0,0,0,0,0,0,0,0,rune_suit_611004_2,item_des_612046,item_function_612046,1,1
613011,天界光辉Ⅰ,item_name_613011,2,20,,0,0,0,0,0,0,0,,0,0,0,0,0,0,0,0,0,0,rune_suit_611001_1,item_des_613011,item_function_613011,1,1
613012,天界光辉Ⅱ,item_name_613012,2,20,,0,0,0,0,0,0,0,,0,0,0,0,0,0,0,0,0,0,rune_suit_611001_1,item_des_613012,item_function_613012,1,1
613013,天界光辉Ⅲ,item_name_613013,2,20,,0,0,0,0,0,0,0,,0,0,0,0,0,0,0,0,0,0,rune_suit_611001_1,item_des_613013,item_function_613013,1,1
613014,天界光辉Ⅳ,item_name_613014,2,20,,0,0,0,0,0,0,0,,0,0,0,0,0,0,0,0,0,0,rune_suit_611001_1,item_des_613014,item_function_613014,1,1
613015,天界光辉Ⅴ,item_name_613015,2,20,,0,0,0,0,0,0,0,,0,0,0,0,0,0,0,0,0,0,rune_suit_611001_1,item_des_613015,item_function_613015,1,1
613016,天界光辉Ⅵ,item_name_613016,2,20,,0,0,0,0,0,0,0,,0,0,0,0,0,0,0,0,0,0,rune_suit_611001_1,item_des_613016,item_function_613016,1,1
613021,上古之战Ⅰ,item_name_613021,2,20,,0,0,0,0,0,0,0,,0,0,0,0,0,0,0,0,0,0,rune_suit_611002_1,item_des_613021,item_function_613021,1,1
613022,上古之战Ⅱ,item_name_613022,2,20,,0,0,0,0,0,0,0,,0,0,0,0,0,0,0,0,0,0,rune_suit_611002_1,item_des_613022,item_function_613022,1,1
613023,上古之战Ⅲ,item_name_613023,2,20,,0,0,0,0,0,0,0,,0,0,0,0,0,0,0,0,0,0,rune_suit_611002_1,item_des_613023,item_function_613023,1,1
613024,上古之战Ⅳ,item_name_613024,2,20,,0,0,0,0,0,0,0,,0,0,0,0,0,0,0,0,0,0,rune_suit_611002_1,item_des_613024,item_function_613024,1,1
613025,上古之战Ⅴ,item_name_613025,2,20,,0,0,0,0,0,0,0,,0,0,0,0,0,0,0,0,0,0,rune_suit_611002_1,item_des_613025,item_function_613025,1,1
613026,上古之战Ⅵ,item_name_613026,2,20,,0,0,0,0,0,0,0,,0,0,0,0,0,0,0,0,0,0,rune_suit_611002_1,item_des_613026,item_function_613026,1,1
613031,战争传奇Ⅰ,item_name_613031,2,20,,0,0,0,0,0,0,0,,0,0,0,0,0,0,0,0,0,0,rune_suit_611003_1,item_des_613031,item_function_613031,1,1
613032,战争传奇Ⅱ,item_name_613032,2,20,,0,0,0,0,0,0,0,,0,0,0,0,0,0,0,0,0,0,rune_suit_611003_1,item_des_613032,item_function_613032,1,1
613033,战争传奇Ⅲ,item_name_613033,2,20,,0,0,0,0,0,0,0,,0,0,0,0,0,0,0,0,0,0,rune_suit_611003_1,item_des_613033,item_function_613033,1,1
613034,战争传奇Ⅳ,item_name_613034,2,20,,0,0,0,0,0,0,0,,0,0,0,0,0,0,0,0,0,0,rune_suit_611003_1,item_des_613034,item_function_613034,1,1
613035,战争传奇Ⅴ,item_name_613035,2,20,,0,0,0,0,0,0,0,,0,0,0,0,0,0,0,0,0,0,rune_suit_611003_1,item_des_613035,item_function_613035,1,1
613036,战争传奇Ⅵ,item_name_613036,2,20,,0,0,0,0,0,0,0,,0,0,0,0,0,0,0,0,0,0,rune_suit_611003_1,item_des_613036,item_function_613036,1,1
613041,努海尔航行Ⅰ,item_name_613041,2,20,,0,0,0,0,0,0,0,,0,0,0,0,0,0,0,0,0,0,rune_suit_611004_1,item_des_613041,item_function_613041,1,1
613042,努海尔航行Ⅱ,item_name_613042,2,20,,0,0,0,0,0,0,0,,0,0,0,0,0,0,0,0,0,0,rune_suit_611004_1,item_des_613042,item_function_613042,1,1
613043,努海尔航行Ⅲ,item_name_613043,2,20,,0,0,0,0,0,0,0,,0,0,0,0,0,0,0,0,0,0,rune_suit_611004_1,item_des_613043,item_function_613043,1,1
613044,努海尔航行Ⅳ,item_name_613044,2,20,,0,0,0,0,0,0,0,,0,0,0,0,0,0,0,0,0,0,rune_suit_611004_1,item_des_613044,item_function_613044,1,1
613045,努海尔航行Ⅴ,item_name_613045,2,20,,0,0,0,0,0,0,0,,0,0,0,0,0,0,0,0,0,0,rune_suit_611004_1,item_des_613045,item_function_613045,1,1
613046,努海尔航行Ⅵ,item_name_613046,2,20,,0,0,0,0,0,0,0,,0,0,0,0,0,0,0,0,0,0,rune_suit_611004_1,item_des_613046,item_function_613046,1,1
621031,萨拉的审判Ⅰ,item_name_621031,4,20,,0,0,0,0,,0,0,,0,0,0,0,0,0,0,0,0,0,rune_suit_621003_3,item_des_621031,item_function_621031,1,1
621032,萨拉的审判Ⅱ,item_name_621032,4,20,,0,0,0,0,,0,0,,0,0,0,0,0,0,0,0,0,0,rune_suit_621003_3,item_des_621032,item_function_621032,1,1
621033,萨拉的审判Ⅲ,item_name_621033,4,20,,0,0,0,0,,0,0,,0,0,0,0,0,0,0,0,0,0,rune_suit_621003_3,item_des_621033,item_function_621033,1,1
621034,萨拉的审判Ⅳ,item_name_621034,4,20,,0,0,0,0,,0,0,,0,0,0,0,0,0,0,0,0,0,rune_suit_621003_3,item_des_621034,item_function_621034,1,1
621035,萨拉的审判Ⅴ,item_name_621035,4,20,,0,0,0,0,,0,0,,0,0,0,0,0,0,0,0,0,0,rune_suit_621003_3,item_des_621035,item_function_621035,1,1
621036,萨拉的审判Ⅵ,item_name_621036,4,20,,0,0,0,0,,0,0,,0,0,0,0,0,0,0,0,0,0,rune_suit_621003_3,item_des_621036,item_function_621036,1,1
621061,帕尔斯坚毅Ⅰ,item_name_621061,4,20,,0,0,0,0,,0,0,,0,0,0,0,0,0,0,0,0,0,rune_suit_621006_3,item_des_621061,item_function_621061,1,1
621062,帕尔斯坚毅Ⅱ,item_name_621062,4,20,,0,0,0,0,,0,0,,0,0,0,0,0,0,0,0,0,0,rune_suit_621006_3,item_des_621062,item_function_621062,1,1
621063,帕尔斯坚毅Ⅲ,item_name_621063,4,20,,0,0,0,0,,0,0,,0,0,0,0,0,0,0,0,0,0,rune_suit_621006_3,item_des_621063,item_function_621063,1,1
621064,帕尔斯坚毅Ⅳ,item_name_621064,4,20,,0,0,0,0,,0,0,,0,0,0,0,0,0,0,0,0,0,rune_suit_621006_3,item_des_621064,item_function_621064,1,1
621065,帕尔斯坚毅Ⅴ,item_name_621065,4,20,,0,0,0,0,,0,0,,0,0,0,0,0,0,0,0,0,0,rune_suit_621006_3,item_des_621065,item_function_621065,1,1
621066,帕尔斯坚毅Ⅵ,item_name_621066,4,20,,0,0,0,0,,0,0,,0,0,0,0,0,0,0,0,0,0,rune_suit_621006_3,item_des_621066,item_function_621066,1,1
622031,萨拉的审判Ⅰ,item_name_622031,3,20,,0,0,0,0,,0,0,,0,0,0,0,0,0,0,0,0,0,rune_suit_621003_2,item_des_622031,item_function_622031,1,1
622032,萨拉的审判Ⅱ,item_name_622032,3,20,,0,0,0,0,,0,0,,0,0,0,0,0,0,0,0,0,0,rune_suit_621003_2,item_des_622032,item_function_622032,1,1
622033,萨拉的审判Ⅲ,item_name_622033,3,20,,0,0,0,0,,0,0,,0,0,0,0,0,0,0,0,0,0,rune_suit_621003_2,item_des_622033,item_function_622033,1,1
622034,萨拉的审判Ⅳ,item_name_622034,3,20,,0,0,0,0,,0,0,,0,0,0,0,0,0,0,0,0,0,rune_suit_621003_2,item_des_622034,item_function_622034,1,1
622035,萨拉的审判Ⅴ,item_name_622035,3,20,,0,0,0,0,,0,0,,0,0,0,0,0,0,0,0,0,0,rune_suit_621003_2,item_des_622035,item_function_622035,1,1
622036,萨拉的审判Ⅵ,item_name_622036,3,20,,0,0,0,0,,0,0,,0,0,0,0,0,0,0,0,0,0,rune_suit_621003_2,item_des_622036,item_function_622036,1,1
622061,帕尔斯坚毅Ⅰ,item_name_622061,3,20,,0,0,0,0,,0,0,,0,0,0,0,0,0,0,0,0,0,rune_suit_621006_2,item_des_622061,item_function_622061,1,1
622062,帕尔斯坚毅Ⅱ,item_name_622062,3,20,,0,0,0,0,,0,0,,0,0,0,0,0,0,0,0,0,0,rune_suit_621006_2,item_des_622062,item_function_622062,1,1
622063,帕尔斯坚毅Ⅲ,item_name_622063,3,20,,0,0,0,0,,0,0,,0,0,0,0,0,0,0,0,0,0,rune_suit_621006_2,item_des_622063,item_function_622063,1,1
622064,帕尔斯坚毅Ⅳ,item_name_622064,3,20,,0,0,0,0,,0,0,,0,0,0,0,0,0,0,0,0,0,rune_suit_621006_2,item_des_622064,item_function_622064,1,1
622065,帕尔斯坚毅Ⅴ,item_name_622065,3,20,,0,0,0,0,,0,0,,0,0,0,0,0,0,0,0,0,0,rune_suit_621006_2,item_des_622065,item_function_622065,1,1
622066,帕尔斯坚毅Ⅵ,item_name_622066,3,20,,0,0,0,0,,0,0,,0,0,0,0,0,0,0,0,0,0,rune_suit_621006_2,item_des_622066,item_function_622066,1,1
623031,萨拉的审判Ⅰ,item_name_623031,2,20,,0,0,0,0,,0,0,,0,0,0,0,0,0,0,0,0,0,rune_suit_621003_1,item_des_623031,item_function_623031,1,1
623032,萨拉的审判Ⅱ,item_name_623032,2,20,,0,0,0,0,,0,0,,0,0,0,0,0,0,0,0,0,0,rune_suit_621003_1,item_des_623032,item_function_623032,1,1
623033,萨拉的审判Ⅲ,item_name_623033,2,20,,0,0,0,0,,0,0,,0,0,0,0,0,0,0,0,0,0,rune_suit_621003_1,item_des_623033,item_function_623033,1,1
623034,萨拉的审判Ⅳ,item_name_623034,2,20,,0,0,0,0,,0,0,,0,0,0,0,0,0,0,0,0,0,rune_suit_621003_1,item_des_623034,item_function_623034,1,1
623035,萨拉的审判Ⅴ,item_name_623035,2,20,,0,0,0,0,,0,0,,0,0,0,0,0,0,0,0,0,0,rune_suit_621003_1,item_des_623035,item_function_623035,1,1
623036,萨拉的审判Ⅵ,item_name_623036,2,20,,0,0,0,0,,0,0,,0,0,0,0,0,0,0,0,0,0,rune_suit_621003_1,item_des_623036,item_function_623036,1,1
623061,帕尔斯坚毅Ⅰ,item_name_623061,2,20,,0,0,0,0,,0,0,,0,0,0,0,0,0,0,0,0,0,rune_suit_621006_1,item_des_623061,item_function_623061,1,1
623062,帕尔斯坚毅Ⅱ,item_name_623062,2,20,,0,0,0,0,,0,0,,0,0,0,0,0,0,0,0,0,0,rune_suit_621006_1,item_des_623062,item_function_623062,1,1
623063,帕尔斯坚毅Ⅲ,item_name_623063,2,20,,0,0,0,0,,0,0,,0,0,0,0,0,0,0,0,0,0,rune_suit_621006_1,item_des_623063,item_function_623063,1,1
623064,帕尔斯坚毅Ⅳ,item_name_623064,2,20,,0,0,0,0,,0,0,,0,0,0,0,0,0,0,0,0,0,rune_suit_621006_1,item_des_623064,item_function_623064,1,1
623065,帕尔斯坚毅Ⅴ,item_name_623065,2,20,,0,0,0,0,,0,0,,0,0,0,0,0,0,0,0,0,0,rune_suit_621006_1,item_des_623065,item_function_623065,1,1
623066,帕尔斯坚毅Ⅵ,item_name_623066,2,20,,0,0,0,0,,0,0,,0,0,0,0,0,0,0,0,0,0,rune_suit_621006_1,item_des_623066,item_function_623066,1,1
632021,西努之盾Ⅰ,item_name_632021,3,20,,0,0,0,0,,0,0,,0,0,0,0,0,0,0,0,0,0,rune_suit_632002_2,item_des_632021,item_function_632021,1,1
632022,西努之盾Ⅱ,item_name_632022,3,20,,0,0,0,0,,0,0,,0,0,0,0,0,0,0,0,0,0,rune_suit_632002_2,item_des_632022,item_function_632022,1,1
632023,西努之盾Ⅲ,item_name_632023,3,20,,0,0,0,0,,0,0,,0,0,0,0,0,0,0,0,0,0,rune_suit_632002_2,item_des_632023,item_function_632023,1,1
632024,西努之盾Ⅳ,item_name_632024,3,20,,0,0,0,0,,0,0,,0,0,0,0,0,0,0,0,0,0,rune_suit_632002_2,item_des_632024,item_function_632024,1,1
632025,西努之盾Ⅴ,item_name_632025,3,20,,0,0,0,0,,0,0,,0,0,0,0,0,0,0,0,0,0,rune_suit_632002_2,item_des_632025,item_function_632025,1,1
632026,西努之盾Ⅵ,item_name_632026,3,20,,0,0,0,0,,0,0,,0,0,0,0,0,0,0,0,0,0,rune_suit_632002_2,item_des_632026,item_function_632026,1,1
632031,漆黑之心Ⅰ,item_name_632031,3,20,,0,0,0,0,,0,0,,0,0,0,0,0,0,0,0,0,0,rune_suit_632003_2,item_des_632031,item_function_632031,1,1
632032,漆黑之心Ⅱ,item_name_632032,3,20,,0,0,0,0,,0,0,,0,0,0,0,0,0,0,0,0,0,rune_suit_632003_2,item_des_632032,item_function_632032,1,1
632033,漆黑之心Ⅲ,item_name_632033,3,20,,0,0,0,0,,0,0,,0,0,0,0,0,0,0,0,0,0,rune_suit_632003_2,item_des_632033,item_function_632033,1,1
632034,漆黑之心Ⅳ,item_name_632034,3,20,,0,0,0,0,,0,0,,0,0,0,0,0,0,0,0,0,0,rune_suit_632003_2,item_des_632034,item_function_632034,1,1
632035,漆黑之心Ⅴ,item_name_632035,3,20,,0,0,0,0,,0,0,,0,0,0,0,0,0,0,0,0,0,rune_suit_632003_2,item_des_632035,item_function_632035,1,1
632036,漆黑之心Ⅵ,item_name_632036,3,20,,0,0,0,0,,0,0,,0,0,0,0,0,0,0,0,0,0,rune_suit_632003_2,item_des_632036,item_function_632036,1,1
633021,西努之盾Ⅰ,item_name_633021,2,20,,0,0,0,0,,0,0,,0,0,0,0,0,0,0,0,0,0,rune_suit_632002_1,item_des_633021,item_function_633021,1,1
633022,西努之盾Ⅱ,item_name_633022,2,20,,0,0,0,0,,0,0,,0,0,0,0,0,0,0,0,0,0,rune_suit_632002_1,item_des_633022,item_function_633022,1,1
633023,西努之盾Ⅲ,item_name_633023,2,20,,0,0,0,0,,0,0,,0,0,0,0,0,0,0,0,0,0,rune_suit_632002_1,item_des_633023,item_function_633023,1,1
633024,西努之盾Ⅳ,item_name_633024,2,20,,0,0,0,0,,0,0,,0,0,0,0,0,0,0,0,0,0,rune_suit_632002_1,item_des_633024,item_function_633024,1,1
633025,西努之盾Ⅴ,item_name_633025,2,20,,0,0,0,0,,0,0,,0,0,0,0,0,0,0,0,0,0,rune_suit_632002_1,item_des_633025,item_function_633025,1,1
633026,西努之盾Ⅵ,item_name_633026,2,20,,0,0,0,0,,0,0,,0,0,0,0,0,0,0,0,0,0,rune_suit_632002_1,item_des_633026,item_function_633026,1,1
633031,漆黑之心Ⅰ,item_name_633031,2,20,,0,0,0,0,,0,0,,0,0,0,0,0,0,0,0,0,0,rune_suit_632003_1,item_des_633031,item_function_633031,1,1
633032,漆黑之心Ⅱ,item_name_633032,2,20,,0,0,0,0,,0,0,,0,0,0,0,0,0,0,0,0,0,rune_suit_632003_1,item_des_633032,item_function_633032,1,1
633033,漆黑之心Ⅲ,item_name_633033,2,20,,0,0,0,0,,0,0,,0,0,0,0,0,0,0,0,0,0,rune_suit_632003_1,item_des_633033,item_function_633033,1,1
633034,漆黑之心Ⅳ,item_name_633034,2,20,,0,0,0,0,,0,0,,0,0,0,0,0,0,0,0,0,0,rune_suit_632003_1,item_des_633034,item_function_633034,1,1
633035,漆黑之心Ⅴ,item_name_633035,2,20,,0,0,0,0,,0,0,,0,0,0,0,0,0,0,0,0,0,rune_suit_632003_1,item_des_633035,item_function_633035,1,1
633036,漆黑之心Ⅵ,item_name_633036,2,20,,0,0,0,0,,0,0,,0,0,0,0,0,0,0,0,0,0,rune_suit_632003_1,item_des_633036,item_function_633036,1,1
631021,西努之盾Ⅰ,item_name_631021,4,20,,0,0,0,0,,0,0,,0,0,0,0,0,0,0,0,0,0,rune_suit_632002_3,item_des_631021,item_function_631021,1,1
631022,西努之盾Ⅱ,item_name_631022,4,20,,0,0,0,0,,0,0,,0,0,0,0,0,0,0,0,0,0,rune_suit_632002_3,item_des_631022,item_function_631022,1,1
631023,西努之盾Ⅲ,item_name_631023,4,20,,0,0,0,0,,0,0,,0,0,0,0,0,0,0,0,0,0,rune_suit_632002_3,item_des_631023,item_function_631023,1,1
631024,西努之盾Ⅳ,item_name_631024,4,20,,0,0,0,0,,0,0,,0,0,0,0,0,0,0,0,0,0,rune_suit_632002_3,item_des_631024,item_function_631024,1,1
631025,西努之盾Ⅴ,item_name_631025,4,20,,0,0,0,0,,0,0,,0,0,0,0,0,0,0,0,0,0,rune_suit_632002_3,item_des_631025,item_function_631025,1,1
631026,西努之盾Ⅵ,item_name_631026,4,20,,0,0,0,0,,0,0,,0,0,0,0,0,0,0,0,0,0,rune_suit_632002_3,item_des_631026,item_function_631026,1,1
631031,漆黑之心Ⅰ,item_name_631031,4,20,,0,0,0,0,,0,0,,0,0,0,0,0,0,0,0,0,0,rune_suit_632003_3,item_des_631031,item_function_631031,1,1
631032,漆黑之心Ⅱ,item_name_631032,4,20,,0,0,0,0,,0,0,,0,0,0,0,0,0,0,0,0,0,rune_suit_632003_3,item_des_631032,item_function_631032,1,1
631033,漆黑之心Ⅲ,item_name_631033,4,20,,0,0,0,0,,0,0,,0,0,0,0,0,0,0,0,0,0,rune_suit_632003_3,item_des_631033,item_function_631033,1,1
631034,漆黑之心Ⅳ,item_name_631034,4,20,,0,0,0,0,,0,0,,0,0,0,0,0,0,0,0,0,0,rune_suit_632003_3,item_des_631034,item_function_631034,1,1
631035,漆黑之心Ⅴ,item_name_631035,4,20,,0,0,0,0,,0,0,,0,0,0,0,0,0,0,0,0,0,rune_suit_632003_3,item_des_631035,item_function_631035,1,1
631036,漆黑之心Ⅵ,item_name_631036,4,20,,0,0,0,0,,0,0,,0,0,0,0,0,0,0,0,0,0,rune_suit_632003_3,item_des_631036,item_function_631036,1,1
10101,星海纪闻经验道具,item_name_10101,2,19,,0,0,0,0,,0,0,,0,0,0,0,0,0,0,0,0,0,1001006_icon,item_des_10101,item_function_10101,1,0
10102,星海纪闻1期激活道具,item_name_10102,2,99,,0,0,0,0,,0,0,,0,0,0,0,0,0,0,0,0,0,6021053_icon,,item_function_10102,1,0
999001,CR用户通行证激活道具,item_name_999001,2,99,,0,0,0,0,,0,0,,0,0,0,0,0,0,0,0,0,0,icon_999001,item_des_999001,item_function_999001,1,0
999997,归行票证激活道具,item_name_999997,2,99,,0,0,0,0,,0,0,,0,0,0,0,0,0,0,0,0,0,icon_999997,item_des_999997,item_function_999997,1,0
999998,唤物储蓄激活道具,item_name_999998,2,99,,0,0,0,0,,0,0,,0,0,0,0,0,0,0,0,0,0,icon_999998,item_des_999998,item_function_999998,1,0
999999,成长基金激活道具,item_name_999999,2,99,,0,0,0,0,,0,0,,0,0,0,0,0,0,0,0,0,0,icon_999999,item_des_999999,item_function_999999,1,0
5002001,英灵羽饰,item_name_5002001,1,1003,,0,0,0,0,,0,0,,0,0,0,0,0,0,0,0,0,0,sp_3013001_icon,RoleDressDes_5002001,ui_witch_23,1,0
5002002,雷兽之尾,item_name_5002002,1,1003,,0,0,0,0,,0,0,,0,0,0,0,0,0,0,0,0,0,sp_3013003_icon,RoleDressDes_5002002,ui_witch_23,1,0
5002003,秩序羽翼,item_name_5002003,1,1003,,0,0,0,0,,0,0,,0,0,0,0,0,0,0,0,0,0,sp_3013004_icon,RoleDressDes_5002003,ui_witch_23,1,0
5002004,人鱼耳的模型,item_name_5002004,1,1003,,0,0,0,0,,0,0,,0,0,0,0,0,0,0,0,0,0,sp_3013006_icon,RoleDressDes_5002004,ui_witch_23,1,0
5002005,游侠勋章,item_name_5002005,1,1003,,0,0,0,0,,0,0,,0,0,0,0,0,0,0,0,0,0,sp_3013007_icon,RoleDressDes_5002005,ui_witch_23,1,0
5002006,红色咔呢,item_name_5002006,1,1003,,0,0,0,0,,0,0,,0,0,0,0,0,0,0,0,0,0,sp_3013008_icon,RoleDressDes_5002006,ui_witch_23,1,0
5002007,魔术师帽,item_name_5002007,1,1003,,0,0,0,0,,0,0,,0,0,0,0,0,0,0,0,0,0,sp_3013009_icon,RoleDressDes_5002007,ui_witch_23,1,0
5002008,药香绒尾,item_name_5002008,1,1003,,0,0,0,0,,0,0,,0,0,0,0,0,0,0,0,0,0,sp_3013014_icon,RoleDressDes_5002008,ui_witch_23,1,0
5002009,白蕊纸贴,item_name_5002009,1,1003,,0,0,0,0,,0,0,,0,0,0,0,0,0,0,0,0,0,sp_3013015_icon,RoleDressDes_5002009,ui_witch_23,1,0
5002010,兔子的耳朵,item_name_5002010,1,1003,,0,0,0,0,,0,0,,0,0,0,0,0,0,0,0,0,0,sp_3013017_icon,RoleDressDes_5002010,ui_witch_23,1,0
5002011,优雅缎带,item_name_5002011,1,1003,,0,0,0,0,,0,0,,0,0,0,0,0,0,0,0,0,0,sp_3013018_icon,RoleDressDes_5002011,ui_witch_23,1,0
5002012,偶像纹身贴纸,item_name_5002012,1,1003,,0,0,0,0,,0,0,,0,0,0,0,0,0,0,0,0,0,sp_3013019_icon,RoleDressDes_5002012,ui_witch_23,1,0
5002013,女巫肤色,item_name_5002013,1,1003,,0,0,0,0,,0,0,,0,0,0,0,0,0,0,0,0,0,sp_3013020_icon,RoleDressDes_5002013,ui_witch_23,1,0
5002014,骑士肩甲,item_name_5002014,1,1003,,0,0,0,0,,0,0,,0,0,0,0,0,0,0,0,0,0,sp_3013022_icon,RoleDressDes_5002014,ui_witch_23,1,0
5002015,精灵飘带,item_name_5002015,1,1003,,0,0,0,0,,0,0,,0,0,0,0,0,0,0,0,0,0,sp_3013023_icon,RoleDressDes_5002015,ui_witch_23,1,0
5002017,平衡呆毛,item_name_5002017,1,1003,,0,0,0,0,,0,0,,0,0,0,0,0,0,0,0,0,0,sp_3013025_icon,RoleDressDes_5002017,ui_witch_23,1,0
5002018,胡狼尾饰,item_name_5002018,1,1003,,0,0,0,0,,0,0,,0,0,0,0,0,0,0,0,0,0,sp_3014001_icon,RoleDressDes_5002018,ui_witch_23,1,0
5002019,澄澈之心,item_name_5002019,1,1003,,0,0,0,0,,0,0,,0,0,0,0,0,0,0,0,0,0,sp_3014003_icon,RoleDressDes_5002019,ui_witch_23,1,0
5002020,白犀号角,item_name_5002020,1,1003,,0,0,0,0,,0,0,,0,0,0,0,0,0,0,0,0,0,sp_3014004_icon,RoleDressDes_5002020,ui_witch_23,1,0
5002021,天明鹿角,item_name_5002021,1,1003,,0,0,0,0,,0,0,,0,0,0,0,0,0,0,0,0,0,sp_3014005_icon,RoleDressDes_5002021,ui_witch_23,1,0
5002022,绿色领结,item_name_5002022,1,1003,,0,0,0,0,,0,0,,0,0,0,0,0,0,0,0,0,0,sp_3014012_icon,RoleDressDes_5002022,ui_witch_23,1,0
5002023,紧急创可贴,item_name_5002023,1,1003,,0,0,0,0,,0,0,,0,0,0,0,0,0,0,0,0,0,sp_3014016_icon,RoleDressDes_5002023,ui_witch_23,1,0
5002024,旅行腰包,item_name_5002024,1,1003,,0,0,0,0,,0,0,,0,0,0,0,0,0,0,0,0,0,sp_3014018_icon,RoleDressDes_5002024,ui_witch_23,1,0
5002025,魅影腰带,item_name_5002025,1,1003,,0,0,0,0,,0,0,,0,0,0,0,0,0,0,0,0,0,sp_3014019_icon,RoleDressDes_5002025,ui_witch_23,1,0
5002026,冷酷贴纸,item_name_5002026,1,1003,,0,0,0,0,,0,0,,0,0,0,0,0,0,0,0,0,0,sp_3014020_icon,RoleDressDes_5002026,ui_witch_23,1,0
5002027,小恶魔尾,item_name_5002027,1,1003,,0,0,0,0,,0,0,,0,0,0,0,0,0,0,0,0,0,sp_3014021_icon,RoleDressDes_5002027,ui_witch_23,1,0
5002028,爱神礼帽,item_name_5002028,1,1003,,0,0,0,0,,0,0,,0,0,0,0,0,0,0,0,0,0,sp_3014022_icon,RoleDressDes_5002028,ui_witch_23,1,0
5002029,曜日天冠,item_name_5002029,1,1003,,0,0,0,0,,0,0,,0,0,0,0,0,0,0,0,0,0,sp_3014023_icon,RoleDressDes_5002029,ui_witch_23,1,0
5002030,忍者面罩,item_name_5002030,1,1003,,0,0,0,0,,0,0,,0,0,0,0,0,0,0,0,0,0,sp_3014024_icon,RoleDressDes_5002030,ui_witch_23,1,0
5002031,魔偶发型,item_name_5002031,1,1003,,0,0,0,0,,0,0,,0,0,0,0,0,0,0,0,0,0,sp_3014025_icon,RoleDressDes_5002031,ui_witch_23,1,0
5002032,炎之獠牙,item_name_5002032,1,1003,,0,0,0,0,,0,0,,0,0,0,0,0,0,0,0,0,0,sp_3014026_icon,RoleDressDes_5002032,ui_witch_23,1,0
5002033,命定宣告,item_name_5002033,1,1003,,0,0,0,0,,0,0,,0,0,0,0,0,0,0,0,0,0,sp_3014027_icon,RoleDressDes_5002033,ui_witch_23,1,0
5002034,童话甜点,item_name_5002034,1,1003,,0,0,0,0,,0,0,,0,0,0,0,0,0,0,0,0,0,sp_3014029_icon,RoleDressDes_5002034,ui_witch_23,1,0
5002035,纯洁恋情,item_name_5002035,1,1003,,0,0,0,0,,0,0,,0,0,0,0,0,0,0,0,0,0,sp_3014030_icon,RoleDressDes_5002035,ui_witch_23,1,0
5002036,崇高龙尾,item_name_5002036,1,1003,,0,0,0,0,,0,0,,0,0,0,0,0,0,0,0,0,0,sp_3015002_icon,RoleDressDes_5002036,ui_witch_23,1,0
5002037,水色睿智,item_name_5002037,1,1003,,0,0,0,0,,0,0,,0,0,0,0,0,0,0,0,0,0,sp_3015004_icon,RoleDressDes_5002037,ui_witch_23,1,0
5002038,纯洁祈愿,item_name_5002038,1,1003,,0,0,0,0,,0,0,,0,0,0,0,0,0,0,0,0,0,sp_3015006_icon,RoleDressDes_5002038,ui_witch_23,1,0
5002039,夜之肌肤,item_name_5002039,1,1003,,0,0,0,0,,0,0,,0,0,0,0,0,0,0,0,0,0,sp_3015007_icon,RoleDressDes_5002039,ui_witch_23,1,0
5002040,“尽头”,item_name_5002040,1,1003,,0,0,0,0,,0,0,,0,0,0,0,0,0,0,0,0,0,sp_3015008_icon,RoleDressDes_5002040,ui_witch_23,1,0
5002041,纯白龙尾,item_name_5002041,1,1003,,0,0,0,0,,0,0,,0,0,0,0,0,0,0,0,0,0,sp_3016009_icon,RoleDressDes_5002041,ui_witch_23,1,0
5002042,鬼魅幽兰,item_name_5002042,1,1003,,0,0,0,0,,0,0,,0,0,0,0,0,0,0,0,0,0,sp_3016011_icon,RoleDressDes_5002042,ui_witch_23,1,0
5002043,青蛙发带,item_name_5002043,1,1003,,0,0,0,0,,0,0,,0,0,0,0,0,0,0,0,0,0,sp_3016013_icon,RoleDressDes_5002043,ui_witch_23,1,0
5002044,颂诗胸针,item_name_5002044,1,1003,,0,0,0,0,,0,0,,0,0,0,0,0,0,0,0,0,0,sp_3016017_icon,RoleDressDes_5002044,ui_witch_23,1,0
5002045,怠惰的愿珠,item_name_5002045,1,1003,,0,0,0,0,,0,0,,0,0,0,0,0,0,0,0,0,0,sp_3016023_icon,RoleDressDes_5002045,ui_witch_23,1,0
5002046,深渊眼眸,item_name_5002046,1,1003,,0,0,0,0,,0,0,,0,0,0,0,0,0,0,0,0,0,sp_3016031_icon,RoleDressDes_5002046,ui_witch_23,1,0
5002047,小熊帽,item_name_5002047,1,1003,,0,0,0,0,,0,0,,0,0,0,0,0,0,0,0,0,0,sp_3016038_icon,RoleDressDes_5002047,ui_witch_23,1,0
5002048,堕落之触,item_name_5002048,1,1003,,0,0,0,0,,0,0,,0,0,0,0,0,0,0,0,0,0,sp_3016078_icon,RoleDressDes_5002048,ui_witch_23,1,0
5002049,航海眼罩,item_name_5002049,1,1003,,0,0,0,0,,0,0,,0,0,0,0,0,0,0,0,0,0,sp_3016130_icon,RoleDressDes_5002049,ui_witch_23,1,0
5002050,青铜面具,item_name_5002050,1,1003,,0,0,0,0,,0,0,,0,0,0,0,0,0,0,0,0,0,sp_3014009_icon,RoleDressDes_5002050,ui_witch_23,1,0
5002051,青鸟之翎,item_name_5002051,1,1003,,0,0,0,0,,0,0,,0,0,0,0,0,0,0,0,0,0,sp_3014031_icon,RoleDressDes_5002051,ui_witch_23,1,0
5002052,卯兔布偶,item_name_5002052,1,1003,,0,0,0,0,,0,0,,0,0,0,0,0,0,0,0,0,0,sp_3016187_icon,RoleDressDes_5002052,ui_witch_23,1,0
5002053,世界之泪,item_name_5002053,1,1003,,0,0,0,0,,0,0,,0,0,0,0,0,0,0,0,0,0,sp_3016068_icon,RoleDressDes_5002053,ui_witch_23,1,0
5002054,流民万用刀,item_name_5002054,1,1003,,0,0,0,0,,0,0,,0,0,0,0,0,0,0,0,0,0,sp_3016010_icon,RoleDressDes_5002054,ui_witch_23,1,0
5002055,荣耀弯角,item_name_5002055,1,1003,,0,0,0,0,,0,0,,0,0,0,0,0,0,0,0,0,0,sp_3016024_icon,RoleDressDes_5002055,ui_witch_23,1,0
5002056,古董眼镜,item_name_5002056,1,1003,,0,0,0,0,,0,0,,0,0,0,0,0,0,0,0,0,0,sp_3016020_icon,RoleDressDes_5002056,ui_witch_23,1,0
5002057,世界之泪,item_name_5002057,1,1003,,0,0,0,0,,0,0,,0,0,0,0,0,0,0,0,0,0,sp_3016049_icon,RoleDressDes_5002057,ui_witch_23,1,0
5002058,聆听者的秘钥,item_name_5002058,1,1003,,0,0,0,0,,0,0,,0,0,0,0,0,0,0,0,0,0,sp_3014011_icon,RoleDressDes_5002058,ui_witch_23,1,0
5002059,决心,item_name_5002059,1,1003,,0,0,0,0,,0,0,,0,0,0,0,0,0,0,0,0,0,sp_3016188_icon,RoleDressDes_5002059,ui_witch_23,1,0
5002060,迷声金铃,item_name_5002060,1,1003,,0,0,0,0,,0,0,,0,0,0,0,0,0,0,0,0,0,sp_3014002_icon,RoleDressDes_5002060,ui_witch_23,1,0
5002061,糖果腰包,item_name_5002061,1,1003,,0,0,0,0,,0,0,,0,0,0,0,0,0,0,0,0,0,sp_3016016_icon,RoleDressDes_5002061,ui_witch_23,1,0
5002062,远行腿环,item_name_5002062,1,1003,,0,0,0,0,,0,0,,0,0,0,0,0,0,0,0,0,0,sp_3014006_icon,RoleDressDes_5002062,ui_witch_23,1,0
5002063,引路蝶,item_name_5002063,1,1003,,0,0,0,0,,0,0,,0,0,0,0,0,0,0,0,0,0,sp_3014017_icon,RoleDressDes_5002063,ui_witch_23,1,0
5002064,虔诚之握,item_name_5002064,1,1003,,0,0,0,0,,0,0,,0,0,0,0,0,0,0,0,0,0,sp_3013013_icon,RoleDressDes_5002064,ui_witch_23,1,0
5002065,瑰丽之人,item_name_5002065,1,1003,,0,0,0,0,,0,0,,0,0,0,0,0,0,0,0,0,0,sp_3015001_icon,RoleDressDes_5002065,ui_witch_23,1,0
5002066,纯白蝴蝶,item_name_5002066,1,1003,,0,0,0,0,,0,0,,0,0,0,0,0,0,0,0,0,0,sp_5002066_icon,RoleDressDes_5002066,ui_witch_23,1,0
5002067,雪之花,item_name_5002067,1,1003,,0,0,0,0,,0,0,,0,0,0,0,0,0,0,0,0,0,sp_5002067_icon,RoleDressDes_5002067,ui_witch_23,1,0
5002068,无名的胸针,item_name_5002068,1,1003,,0,0,0,0,,0,0,,0,0,0,0,0,0,0,0,0,0,sp_3016119_icon,RoleDressDes_5002068,ui_witch_23,1,0
5002069,灰烬的咏叹,item_name_5002069,1,1003,,0,0,0,0,,0,0,,0,0,0,0,0,0,0,0,0,0,sp_3016189_icon,RoleDressDes_5002069,ui_witch_23,1,0
5002070,星雪袖套,item_name_5002070,1,1003,,0,0,0,0,,0,0,,0,0,0,0,0,0,0,0,0,0,sp_3014028_icon,RoleDressDes_5002070,ui_witch_23,1,0
5002071,圣之光色,item_name_5002071,1,1003,,0,0,0,0,,0,0,,0,0,0,0,0,0,0,0,0,0,sp_3016191_icon,RoleDressDes_5002071,ui_witch_23,1,0
5003046,钢铁手甲,item_name_5003046,1,1003,,0,0,0,0,,0,0,,0,0,0,0,0,0,0,0,0,0,5003046_icon,RoleDressDes_5003046,ui_witch_23,1,0
5003047,黑色贝雷帽,item_name_5003047,1,1003,,0,0,0,0,,0,0,,0,0,0,0,0,0,0,0,0,0,5003047_icon,RoleDressDes_5003047,ui_witch_23,1,0
5003048,摇曳猫尾,item_name_5003048,1,1003,,0,0,0,0,,0,0,,0,0,0,0,0,0,0,0,0,0,5003048_icon,RoleDressDes_5003048,ui_witch_23,1,0
5003050,忍猫公仔,item_name_5003050,1,1003,,0,0,0,0,,0,0,,0,0,0,0,0,0,0,0,0,0,sp_3014024_icon_02,RoleDressDes_5003050,ui_witch_23,1,0
5003051,忍者绒耳,item_name_5003051,1,1003,,0,0,0,0,,0,0,,0,0,0,0,0,0,0,0,0,0,sp_3014024_icon_03,RoleDressDes_5003051,ui_witch_23,1,0
5003052,辉光白鹿,item_name_5003052,1,1003,,0,0,0,0,,0,0,,0,0,0,0,0,0,0,0,0,0,sp_3014005_icon_02,RoleDressDes_5003052,ui_witch_23,1,0
5003053,魔王之角,item_name_5003053,1,1003,,0,0,0,0,,0,0,,0,0,0,0,0,0,0,0,0,0,sp_3014021_icon_02,RoleDressDes_5003053,ui_witch_23,1,0
5003054,Futurear,item_name_5003054,1,1003,,0,0,0,0,,0,0,,0,0,0,0,0,0,0,0,0,0,sp_3014012_icon_02,RoleDressDes_5003054,ui_witch_23,1,0
5003055,收获日,item_name_5003055,1,1003,,0,0,0,0,,0,0,,0,0,0,0,0,0,0,0,0,0,sp_3016078_icon_02,RoleDressDes_5003055,ui_witch_23,1,0
5003056,兔兔心叠结,item_name_5003056,1,1003,,0,0,0,0,,0,0,,0,0,0,0,0,0,0,0,0,0,sp_3016187_icon_02,RoleDressDes_5003056,ui_witch_23,1,0
5003057,斋王之仪,item_name_5003057,1,1003,,0,0,0,0,,0,0,,0,0,0,0,0,0,0,0,0,0,sp_3013015_icon_02,RoleDressDes_5003057,ui_witch_23,1,0
5003058,岁月耳羽,item_name_5003058,1,1003,,0,0,0,0,,0,0,,0,0,0,0,0,0,0,0,0,0,sp_3014003_icon_02,RoleDressDes_5003058,ui_witch_23,1,0
5003059,神秘年糕？,item_name_5003059,1,1003,,0,0,0,0,,0,0,,0,0,0,0,0,0,0,0,0,0,sp_cz_01,RoleDressDes_5003059,ui_witch_23,1,0
5003060,龙龙闹新春,item_name_5003060,1,1003,,0,0,0,0,,0,0,,0,0,0,0,0,0,0,0,0,0,sp_cz_02,RoleDressDes_5003060,ui_witch_23,1,0
5003061,祈愿之顶,item_name_5003061,1,1003,,0,0,0,0,,0,0,,0,0,0,0,0,0,0,0,0,0,sp_3014016_icon_02,RoleDressDes_5003061,ui_witch_23,1,0
5003062,圣龙之角,item_name_5003062,1,1003,,0,0,0,0,,0,0,,0,0,0,0,0,0,0,0,0,0,sp_3015002_icon_02,RoleDressDes_5003062,ui_witch_23,1,0
5003063,白玫瑰发卡,item_name_5003063,1,1003,,0,0,0,0,,0,0,,0,0,0,0,0,0,0,0,0,0,sp_3016010_icon_02,RoleDressDes_5003063,ui_witch_23,1,0
5003064,梦色玩偶熊,item_name_5003064,1,1003,,0,0,0,0,,0,0,,0,0,0,0,0,0,0,0,0,0,sp_3016023_icon_02,RoleDressDes_5003064,ui_witch_23,1,0
5003065,辉光金轮坠,item_name_5003065,1,1003,,0,0,0,0,,0,0,,0,0,0,0,0,0,0,0,0,0,sp_3014011_icon_02,RoleDressDes_5003065,ui_witch_23,1,0
5003066,天水羽饰,item_name_5003066,1,1003,,0,0,0,0,,0,0,,0,0,0,0,0,0,0,0,0,0,sp_3016049_icon_01,RoleDressDes_5003066,ui_witch_23,1,0
5003067,昼夜的甜蜜,item_name_5003067,1,1003,,0,0,0,0,,0,0,,0,0,0,0,0,0,0,0,0,0,sp_3014029_icon_01,RoleDressDes_5003067,ui_witch_23,1,0
5100001,情热耳羽,item_name_5100001,1,1003,,0,0,0,0,,0,0,,0,0,0,0,0,0,0,0,0,0,sp_3014023_icon_01,RoleDressDes_5100001,ui_witch_23,1,0
5100002,永不迷失的牧铃,item_name_5100002,1,1003,,0,0,0,0,,0,0,,0,0,0,0,0,0,0,0,0,0,sp_3014017_icon_01,RoleDressDes_5100002,ui_witch_23,1,0
5100003,黑暗的威权,item_name_5100003,1,1003,,0,0,0,0,,0,0,,0,0,0,0,0,0,0,0,0,0,sp_3015006_icon_01,RoleDressDes_5100003,ui_witch_23,1,0
5100004,桃华,item_name_5100004,1,1003,,0,0,0,0,,0,0,,0,0,0,0,0,0,0,0,0,0,sp_3014009_icon_01,RoleDressDes_5100004,ui_witch_23,1,0
5100005,福音雪橇铃,item_name_5100005,1,1003,,0,0,0,0,,0,0,,0,0,0,0,0,0,0,0,0,0,sp_301500801_icon_01,RoleDressDes_5100005,ui_witch_23,1,0
5003031,锈红钥匙,item_name_5003031,1,1003,,0,0,0,0,,0,0,,0,5003031,0,0,0,0,0,0,0,0,sp_301402501_icon,RoleDressDes_5003031,ui_witch_23,1,0
5003032,遥远辉星,item_name_5003032,1,1003,,0,0,0,0,,0,0,,0,0,0,0,0,0,0,0,0,0,sp_301300401_icon,RoleDressDes_5003032,ui_witch_23,1,0
5003033,虚妄之花,item_name_5003033,1,1003,,0,0,0,0,,0,0,,0,0,0,0,0,0,0,0,0,0,sp_301403001_icon,RoleDressDes_5003033,ui_witch_23,1,0
5003034,回魂小铃铛,item_name_5003034,1,1003,,0,0,0,0,,0,0,,0,0,0,0,0,0,0,0,0,0,sp_301402101_icon,RoleDressDes_5003034,ui_witch_23,1,0
5003035,典雅缎带,item_name_5003035,1,1003,,0,0,0,0,,0,0,,0,0,0,0,0,0,0,0,0,0,sp_301500401_icon,RoleDressDes_5003035,ui_witch_23,1,0
5003036,尖帽雪球熊,item_name_5003036,1,1003,,0,0,0,0,,0,0,,0,0,0,0,0,0,0,0,0,0,sp_301500801_icon,RoleDressDes_5003036,ui_witch_23,1,0
5003037,可爱公仔,item_name_5003037,1,1003,,0,0,0,0,,0,0,,0,0,0,0,0,0,0,0,0,0,sp_301600903_icon,RoleDressDes_5003037,ui_witch_23,1,0
5003038,白玉耳坠,item_name_5003038,1,1003,,0,0,0,0,,0,0,,0,0,0,0,0,0,0,0,0,0,sp_301403101_icon,RoleDressDes_5003038,ui_witch_23,1,0
5003039,医者盟约,item_name_5003039,1,1003,,0,0,0,0,,0,0,,0,0,0,0,0,0,0,0,0,0,sp_301500402_icon,RoleDressDes_5003039,ui_witch_23,1,0
5003040,明黄小鸭,item_name_5003040,1,1003,,0,0,0,0,,0,0,,0,0,0,0,0,0,0,0,0,0,sp_301602401_icon,RoleDressDes_5003040,ui_witch_23,1,0
5003041,可爱遮阳帽,item_name_5003041,1,1003,,0,0,0,0,,0,0,,0,0,0,0,0,0,0,0,0,0,sp_301402201_icon,RoleDressDes_5003041,ui_witch_23,1,0
5003042,海滨墨镜,item_name_5003042,1,1003,,0,0,0,0,,0,0,,0,0,0,0,0,0,0,0,0,0,sp_301613001_icon,RoleDressDes_5003042,ui_witch_23,1,0
5003043,凰羽之冠,item_name_5003043,1,1003,,0,0,0,0,,0,0,,0,0,0,0,0,0,0,0,0,0,sp_301618801_icon,RoleDressDes_5003043,ui_witch_23,1,0
5003044,沙滩绑腿,item_name_5003044,1,1003,,0,0,0,0,,0,0,,0,0,0,0,0,0,0,0,0,0,sp_5003044_icon,RoleDressDes_5003044,ui_witch_23,1,0
5003045,墨色眼镜,item_name_5003045,1,1003,,0,0,0,0,,0,0,,0,0,0,0,0,0,0,0,0,0,sp_5003045_icon,RoleDressDes_5003045,ui_witch_23,1,0
5003068,小兔日记,item_name_5003068,1,1003,,0,0,0,0,,0,0,,0,0,0,0,0,0,0,0,0,0,sp_301601301_icon,RoleDressDes_5003068,ui_witch_23,1,0
5003069,白藕红结,item_name_5003069,1,1003,,0,0,0,0,,0,0,,0,0,0,0,0,0,0,0,0,0,sp_301600904_icon,RoleDressDes_5003069,ui_witch_23,1,0
5003070,星动视线,item_name_5003070,1,1003,,0,0,0,0,,0,0,,0,0,0,0,0,0,0,0,0,0,sp_301603101_icon,RoleDressDes_5003070,ui_witch_23,1,0
5003071,萦梦誓羽,item_name_5003071,1,1003,,0,0,0,0,,0,0,,0,0,0,0,0,0,0,0,0,0,sp_301402302_icon,RoleDressDes_5003071,ui_witch_23,1,0
3000001,律,item_name_3000001,4,1011,,0,0,0,0,,0,0,,0,3000001,0,0,0,0,0,0,0,0,3000001_icon,role_favor_data_1_3000001,role_titlename_3000001,1,0
4000001,律（站绘）,,,1005,,0,0,0,0,,0,0,,0,4000001,0,0,0,0,0,0,0,0,4000001_icon,role_favor_data_1_3000001,role_titlename_3000001,1,0
3000002,克萝萝,item_name_3000002,4,1011,,0,0,0,0,,0,0,,0,3000002,0,0,0,0,0,0,0,0,3000002_icon,role_favor_data_1_3000002,role_titlename_3000002,1,0
4000002,克萝萝（站绘）,,,1005,,0,0,0,0,,0,0,,0,4000002,0,0,0,0,0,0,0,0,4000002_icon,role_favor_data_1_3000002,role_titlename_3000002,1,0
3000003,黑神月咏,item_name_3000003,4,1011,,0,0,0,0,,0,0,,0,3000003,0,0,0,0,0,0,0,0,3000003_icon,role_favor_data_1_3000003,role_titlename_3000003,1,0
4000003,黑神月咏（站绘）,,,1005,,0,0,0,0,,0,0,,0,4000003,0,0,0,0,0,0,0,0,4000003_icon,role_favor_data_1_3000003,role_titlename_3000003,1,0
3000004,安洁,item_name_3000004,4,1011,,0,0,0,0,,0,0,,0,3000004,0,0,0,0,0,0,0,0,3000004_icon,role_favor_data_1_3000004,role_titlename_3000004,1,0
4000004,安洁（站绘）,,,1005,,0,0,0,0,,0,0,,0,4000004,0,0,0,0,0,0,0,0,4000004_icon,role_favor_data_1_3000004,role_titlename_3000004,1,0
3000005,米娅,item_name_3000005,4,1011,,0,0,0,0,,0,0,,0,3000005,0,0,0,0,0,0,0,0,3000005_icon,role_favor_data_1_3000005,role_titlename_3000005,1,0
4000005,米娅（站绘）,,,1005,,0,0,0,0,,0,0,,0,4000005,0,0,0,0,0,0,0,0,4000005_icon,role_favor_data_1_3000005,role_titlename_3000005,1,0
3000006,玛莎,item_name_3000006,4,1011,,0,0,0,0,,0,0,,0,3000006,0,0,0,0,0,0,0,0,3000006_icon,item_des_3000006,role_titlename_3000006,1,0
4000006,玛莎（站绘）,,,1005,,0,0,0,0,,0,0,,0,4000006,0,0,0,0,0,0,0,0,4000006_icon,item_des_4000006,role_titlename_3000006,1,0
3013001,格蕾,item_name_3013001,2,1014,,0,0,0,0,,0,0,,0,3013001,0,0,0,0,0,0,0,0,3013001_icon,role_likestory_3013001_1,item_des_3013001,1,0
3013003,阿涅克丝,item_name_3013003,3,1014,,0,0,0,0,,0,0,,0,3013003,0,0,0,0,0,0,0,0,3013003_icon,role_likestory_3013003_1,item_des_3013003,1,0
4013003,阿涅克丝（站绘）,item_name_4013003,4,1005,,0,0,0,0,,0,0,,0,4013003,0,0,0,0,0,0,0,0,4013003_icon,item_des_4013003,,1,0
3013004,炽爱,item_name_3013004,3,1014,,0,0,0,0,,0,0,,0,3013004,0,0,0,0,0,0,0,0,3013004_icon,role_likestory_3013004_1,item_des_3013004,1,0
4013004,炽爱（站绘）,item_name_4013004,4,1005,,0,0,0,0,,0,0,,0,4013004,0,0,0,0,0,0,0,0,4013004_icon,item_des_4013004,,1,0
301300401,炽爱〔午后闲暇〕(午后闲暇),item_name_301300401,4,1002,,0,0,0,0,,0,0,rolepet_accesshint_01,1306,301300401,0,0,0,0,0,0,0,0,head_301300401_1,skin_desc_301300401,ui_common_213,1,0
501300401,炽爱〔午后闲暇〕(头像),item_name_501300401,4,1001,,0,0,0,1,,0,0,,0,501300401,0,0,0,0,0,0,0,0,head_301300401_2,skin_desc_501300401,ui_common_212,1,0
3013006,水仙,item_name_3013006,3,1014,,0,0,0,0,,0,0,,0,3013006,0,0,0,0,0,0,0,0,3013006_icon,role_likestory_3013006_1,item_des_3013006,1,0
4013006,水仙（站绘）,item_name_4013006,4,1005,,0,0,0,0,,0,0,,0,4013006,0,0,0,0,0,0,0,0,4013006_icon,item_des_4013006,,1,0
3013007,菲莉希亚,item_name_3013007,2,1014,,0,0,0,0,,0,0,,0,3013007,0,0,0,0,0,0,0,0,3013007_icon,role_likestory_3013007_1,item_des_3013007,1,0
3013008,梅露特,item_name_3013008,2,1014,,0,0,0,0,,0,0,,0,3013008,0,0,0,0,0,0,0,0,3013008_icon,role_likestory_3013008_1,item_des_3013008,1,0
3013009,奈奈芙,item_name_3013009,2,1014,,0,0,0,0,,0,0,,0,3013009,0,0,0,0,0,0,0,0,3013009_icon,role_likestory_3013009_1,item_des_3013009,1,0
3013013,菲尔盖娜,item_name_3013013,4,1014,,0,0,0,0,,0,0,,0,3013013,0,0,0,0,0,0,0,0,3013013_icon,role_likestory_3013013_1,item_des_3013013,1,0
4013013,菲尔盖娜（站绘）,item_name_4013013,4,1005,,0,0,0,0,,0,0,,0,4013013,0,0,0,0,0,0,0,0,4013013_icon,item_des_4013013,,1,0
3013014,玛瑙,item_name_3013014,2,1014,,0,0,0,0,,0,0,,0,3013014,0,0,0,0,0,0,0,0,3013014_icon,role_likestory_3013014_1,item_des_3013014,1,0
3013015,哀歌,item_name_3013015,3,1014,,0,0,0,0,,0,0,,0,3013015,0,0,0,0,0,0,0,0,3013015_icon,role_likestory_3013015_1,item_des_3013015,1,0
4013015,哀歌（站绘）,item_name_4013015,4,1005,,0,0,0,0,,0,0,,0,4013015,0,0,0,0,0,0,0,0,4013015_icon,item_des_4013015,,1,0
3013017,波斯菊,item_name_3013017,2,1014,,0,0,0,0,,0,0,,0,3013017,0,0,0,0,0,0,0,0,3013017_icon,role_likestory_3013017_1,item_des_3013017,1,0
3013018,爱琳,item_name_3013018,2,1014,,0,0,0,0,,0,0,,0,3013018,0,0,0,0,0,0,0,0,3013018_icon,role_likestory_3013018_1,item_des_3013018,1,0
3013019,库萝心,item_name_3013019,3,1014,,0,0,0,0,,0,0,,0,3013019,0,0,0,0,0,0,0,0,3013019_icon,role_likestory_3013019_1,item_des_3013019,1,0
4013019,库萝心（站绘）,item_name_4013019,4,1005,,0,0,0,0,,0,0,,0,4013019,0,0,0,0,0,0,0,0,4013019_icon,item_des_4013019,,1,0
3013020,维达,item_name_3013020,2,1014,,0,0,0,0,,0,0,,0,3013020,0,0,0,0,0,0,0,0,3013020_icon,role_likestory_3013020_1,item_des_3013020,1,0
3013022,莱拉,item_name_3013022,2,1014,,0,0,0,0,,0,0,,0,3013022,0,0,0,0,0,0,0,0,3013022_icon,role_likestory_3013022_1,item_des_3013022,1,0
3013023,芙洛拉,item_name_3013023,2,1014,,0,0,0,0,,0,0,,0,3013023,0,0,0,0,0,0,0,0,3013023_icon,role_likestory_3013023_1,item_des_3013023,1,0
3013025,多萝西,item_name_3013025,2,1014,,0,0,0,0,,0,0,,0,3013025,0,0,0,0,0,0,0,0,3013025_icon,role_likestory_3013025_1,item_des_3013025,1,0
3014001,普琳普顿,item_name_3014001,3,1014,,0,0,0,0,,0,0,,0,3014001,0,0,0,0,0,0,0,0,3014001_icon,role_likestory_3014001_1,item_des_3014001,1,0
4014001,普琳普顿（站绘）,item_name_4014001,4,1005,,0,0,0,0,,0,0,,0,4014001,0,0,0,0,0,0,0,0,4014001_icon,item_des_4014001,,1,0
3014002,黛比,item_name_3014002,3,1014,,0,0,0,0,,0,0,,0,3014002,0,0,0,0,0,0,0,0,3014002_icon,role_likestory_3014002_1,item_des_3014002,1,0
4014002,黛比（站绘）,item_name_4014002,4,1005,,0,0,0,0,,0,0,,0,4014002,0,0,0,0,0,0,0,0,4014002_icon,item_des_4014002,,1,0
3014003,焰心,item_name_3014003,2,1014,,0,0,0,0,,0,0,,0,3014003,0,0,0,0,0,0,0,0,3014003_icon,role_likestory_3014003_1,item_des_3014003,1,0
3014004,索菲,item_name_3014004,2,1014,,0,0,0,0,,0,0,,0,3014004,0,0,0,0,0,0,0,0,3014004_icon,role_likestory_3014004_1,item_des_3014004,1,0
3014005,弥生,item_name_3014005,3,1014,,0,0,0,0,,0,0,,0,3014005,0,0,0,0,0,0,0,0,3014005_icon,role_likestory_3014005_1,item_des_3014005,1,0
4014005,弥生（站绘）,item_name_4014005,4,1005,,0,0,0,0,,0,0,,0,4014005,0,0,0,0,0,0,0,0,4014005_icon,item_des_4014005,,1,0
3014006,恋花,item_name_3014006,4,1014,,0,0,0,0,,0,0,,0,3014006,0,0,0,0,0,0,0,0,3014006_icon,role_likestory_3014006_1,item_des_3014006,1,0
4014006,恋花（站绘）,item_name_4014006,4,1005,,0,0,0,0,,0,0,,0,4014006,0,0,0,0,0,0,0,0,4014006_icon,item_des_4014006,,1,0
3014009,桃,item_name_3014009,4,1014,,0,0,0,0,,0,0,,0,3014009,0,0,0,0,0,0,0,0,3014009_icon,role_likestory_3014009_1,item_des_3014009,1,0
4014009,桃（站绘）,item_name_4014009,4,1005,,0,0,0,0,,0,0,,0,4014009,0,0,0,0,0,0,0,0,4014009_icon,item_des_4014009,,1,0
301400901,桃〔盛放的清晨〕(2d桃-女仆),item_name_301400901,4,1002,,0,0,0,0,,0,0,rolepet_accesshint_01,1306,301400901,0,0,0,0,0,0,0,0,head_301400901_1,skin_desc_301400901,ui_common_213,1,0
401400901,桃〔盛放的清晨〕(2d桃-女仆)（站绘）,item_name_301400901,4,1005,,0,0,0,0,,0,0,,0,401400901,0,0,0,0,0,0,0,0,head_301400901_1,skin_desc_401400901,,1,0
501400901,桃〔盛放的清晨〕(2d桃-女仆)(头像),item_name_501400901,4,1001,,0,0,0,1,,0,0,,0,501400901,0,0,0,0,0,0,0,0,head_301400901_2,skin_desc_501400901,ui_common_212,1,0
3014011,艾斯塔利亚,item_name_3014011,4,1014,,0,0,0,0,,0,0,,0,3014011,0,0,0,0,0,0,0,0,3014011_icon,role_likestory_3014011_1,item_des_3014011,1,0
4014011,艾斯塔利亚（站绘）,item_name_4014011,4,1005,,0,0,0,0,,0,0,,0,3014011,0,0,0,0,0,0,0,0,4014011_icon,item_des_4014011,,1,0
3014012,未来,item_name_3014012,2,1014,,0,0,0,0,,0,0,,0,3014012,0,0,0,0,0,0,0,0,3014012_icon,role_likestory_3014012_1,item_des_3014012,1,0
3014016,杏林,item_name_3014016,2,1014,,0,0,0,0,,0,0,,0,3014016,0,0,0,0,0,0,0,0,3014016_icon,role_likestory_3014016_1,item_des_3014016,1,0
3014017,花梨,item_name_3014017,4,1014,,0,0,0,0,,0,0,,0,3014017,0,0,0,0,0,0,0,0,3014017_icon,role_likestory_3014017_1,item_des_3014017,1,0
4014017,花梨（站绘）,item_name_4014017,4,1005,,0,0,0,0,,0,0,,0,3014017,0,0,0,0,0,0,0,0,4014017_icon,item_des_4014017,,1,0
3014018,诗娅,item_name_3014018,2,1014,,0,0,0,0,,0,0,,0,3014018,0,0,0,0,0,0,0,0,3014018_icon,role_likestory_3014018_1,item_des_3014018,1,0
3014019,艾什尔,item_name_3014019,3,1014,,0,0,0,0,,0,0,,0,3014019,0,0,0,0,0,0,0,0,3014019_icon,role_likestory_3014019_1,item_des_3014019,1,0
4014019,艾什尔（站绘）,item_name_4014019,3,1005,,0,0,0,0,,0,0,,0,4014019,0,0,0,0,0,0,0,0,4014019_icon,item_des_4014019,,1,0
3014020,阿波菲斯,item_name_3014020,3,1014,,0,0,0,0,,0,0,,0,3014020,0,0,0,0,0,0,0,0,3014020_icon,role_likestory_3014020_1,item_des_3014020,1,0
4014020,阿波菲斯（站绘）,item_name_4014020,4,1005,,0,0,0,0,,0,0,,0,4014020,0,0,0,0,0,0,0,0,4014020_icon,item_des_4014020,,1,0
3014021,纳菲,item_name_3014021,3,1014,,0,0,0,0,,0,0,,0,3014021,0,0,0,0,0,0,0,0,3014021_icon,role_likestory_3014021_1,item_des_3014021,1,0
4014021,纳菲（站绘）,item_name_4014021,4,1005,,0,0,0,0,,0,0,,0,4014021,0,0,0,0,0,0,0,0,4014021_icon,item_des_4014021,,1,0
301402101,纳菲〔僵尸回魂夜〕(纳菲新皮肤),item_name_301402101,3,1002,,0,0,0,0,,0,0,rolepet_accesshint_01,1301,301402101,0,0,0,0,0,0,0,0,head_301402101_1,skin_desc_301402101,ui_common_213,1,0
501402101,纳菲〔僵尸回魂夜〕(头像),item_name_301402101,3,1001,,0,0,0,1,,0,0,,0,501402101,0,0,0,0,0,0,0,0,head_301402101_2,skin_desc_501402101,ui_common_212,1,0
3014022,丘吉尔,item_name_3014022,3,1014,,0,0,0,0,,0,0,,0,3014022,0,0,0,0,0,0,0,0,3014022_icon,role_likestory_3014022_1,item_des_3014022,1,0
4014022,丘吉尔（站绘）,item_name_4014022,4,1005,,0,0,0,0,,0,0,,0,4014022,0,0,0,0,0,0,0,0,4014022_icon,item_des_4014022,,1,0
301402201,"丘吉尔〔爱,天使与假日〕(丘吉尔泳皮)",item_name_301402201,4,1002,,0,0,0,0,,0,0,rolepet_accesshint_01,1301,301402201,0,0,0,0,0,0,0,0,head_301402201_1,skin_desc_301402201,ui_common_213,1,0
501402201,"丘吉尔〔爱,天使与假日〕(头像)",item_name_501402201,4,1001,,0,0,0,1,,0,0,,0,501402201,0,0,0,0,0,0,0,0,head_301402201_2,skin_desc_501402201,ui_common_212,1,0
3014023,神光,item_name_3014023,4,1014,,0,0,0,0,,0,0,,0,3014023,0,0,0,0,0,0,0,0,3014023_icon,role_likestory_3014023_1,item_des_3014023,1,0
4014023,神光（站绘）,item_name_4014023,4,1005,,0,0,0,0,,0,0,,0,4014023,0,0,0,0,0,0,0,0,4014023_icon,item_des_4014023,,1,0
301402301,神光（卿卿明月中）,item_name_301402301,3,1002,,0,0,0,0,,0,0,rolepet_accesshint_01,1306,301402301,0,0,0,0,0,0,0,0,head_301402301_1,skin_desc_301402301,ui_common_213,1,0
501402301,神光（卿卿明月中）（头像）,item_name_301402301,3,1001,,0,0,0,1,,0,0,,0,501402301,0,0,0,0,0,0,0,0,head_301402301_2,skin_desc_501402301,ui_common_212,1,0
301402302,神光（天光恋火）,item_name_301402302,3,1002,,0,0,0,0,,0,0,rolepet_accesshint_01,1302,301402302,0,0,0,0,0,0,0,0,head_301402302_1,skin_desc_301402302,ui_common_213,1,0
501402302,神光（天光恋火）（头像）,item_name_301402302,3,1001,,0,0,0,1,,0,0,,0,501402302,0,0,0,0,0,0,0,0,head_301402302_2,skin_desc_501402302,ui_common_212,1,0
3014024,雷雷,item_name_3014024,4,1014,,0,0,0,0,,0,0,,0,3014024,0,0,0,0,0,0,0,0,3014024_icon,role_likestory_3014024_1,item_des_3014024,1,0
4014024,雷雷（站绘）,item_name_4014024,4,1005,,0,0,0,0,,0,0,,0,4014024,0,0,0,0,0,0,0,0,4014024_icon,item_des_4014024,,1,0
301402401,2d-雷雷(雷雷〔暑夜一瞥〕),item_name_301402401,3,1002,,0,0,0,0,,0,0,rolepet_accesshint_01,1302,301402401,0,0,0,0,0,0,0,0,head_301402401_1,skin_desc_301402401,ui_common_213,1,0
501402401,雷雷〔暑夜一瞥〕（头像）,item_name_501402401,3,1001,,0,0,0,1,,0,0,,0,501402401,0,0,0,0,0,0,0,0,head_301402401_2,skin_desc_501402401,ui_common_212,1,0
3014025,安普莎,item_name_3014025,4,1014,,0,0,0,0,,0,0,,0,3014025,0,0,0,0,0,0,0,0,3014025_icon,role_likestory_3014025_1,item_des_3014025,1,0
4014025,安普莎（站绘）,item_name_4014025,4,1005,,0,0,0,0,,0,0,,0,4014025,0,0,0,0,0,0,0,0,4014025_icon,item_des_4014025,,1,0
301402501,安普莎〔猩红之种〕(猩红之种),item_name_301402501,4,1002,,0,0,0,0,,0,0,rolepet_accesshint_01,1301,301402501,0,0,0,0,0,0,0,0,head_301402501_1,skin_desc_301402501,ui_common_213,1,0
501402501,安普莎〔猩红之种〕(头像),item_name_501402501,4,1001,,0,0,0,1,,0,0,,0,501402501,0,0,0,0,0,0,0,0,head_301402501_1,skin_desc_501402501,ui_common_212,1,0
301402502,安普莎〔垂帘之下〕(2d安普莎旗袍),item_name_301402502,3,1002,,0,0,0,0,,0,0,rolepet_accesshint_01,1302,301402502,0,0,0,0,0,0,0,0,head_301402502_1,skin_desc_301402502,ui_common_213,1,0
501402502,安普莎〔垂帘之下〕(头像),item_name_501402502,3,1001,,0,0,0,1,,0,0,,0,501402502,0,0,0,0,0,0,0,0,head_301402502_2,skin_desc_501402502,ui_common_212,1,0
3014026,库萝爱,item_name_3014026,3,1014,,0,0,0,0,,0,0,,0,3014026,0,0,0,0,0,0,0,0,3014026_icon,role_likestory_3014026_1,item_des_3014026,1,0
4014026,库萝爱（站绘）,item_name_4014026,4,1005,,0,0,0,0,,0,0,,0,4014026,0,0,0,0,0,0,0,0,4014026_icon,item_des_4014026,,1,0
3014027,贝拉,item_name_3014027,3,1014,,0,0,0,0,,0,0,,0,3014027,0,0,0,0,0,0,0,0,3014027_icon,role_likestory_3014027_1,item_des_3014027,1,0
4014027,贝拉（站绘）,item_name_4014027,4,1005,,0,0,0,0,,0,0,,0,4014027,0,0,0,0,0,0,0,0,4014027_icon,item_des_4014027,,1,0
3014028,卡洛蒂,item_name_3014028,4,1014,,0,0,0,0,,0,0,,0,3014028,0,0,0,0,0,0,0,0,3014028_icon,role_likestory_3014028_1,item_des_3014028,1,0
4014028,卡洛蒂（站绘）,item_name_4014028,4,1005,,0,0,0,0,,0,0,,0,4014028,0,0,0,0,0,0,0,0,4014028_icon,item_des_4014028,,1,0
3014029,贝儿,item_name_3014029,4,1014,,0,0,0,0,,0,0,,0,3014029,0,0,0,0,0,0,0,0,3014029_icon,role_likestory_3014029_1,item_des_3014029,1,0
4014029,贝儿（站绘）,item_name_4014029,4,1005,,0,0,0,0,,0,0,,0,4014029,0,0,0,0,0,0,0,0,4014029_icon,item_des_4014029,,1,0
3014030,安娜,item_name_3014030,4,1014,,0,0,0,0,,0,0,,0,3014030,0,0,0,0,0,0,0,0,3014030_icon,role_likestory_3014030_1,item_des_3014030,1,0
4014030,安娜（站绘）,item_name_4014030,4,1005,,0,0,0,0,,0,0,,0,4014030,0,0,0,0,0,0,0,0,4014030_icon,item_des_4014030,,1,0
301403001,安娜〔永夜幽昙〕(安娜新皮肤),item_name_301403001,4,1002,,0,0,0,0,,0,0,rolepet_accesshint_01,1306,301403001,0,0,0,0,0,0,0,0,head_301403001_1,skin_desc_301403001,ui_common_213,1,0
501403001,安娜〔永夜幽昙〕(头像),item_name_501403001,4,1001,,0,0,0,1,,0,0,,0,501403001,0,0,0,0,0,0,0,0,head_301403001_2,skin_desc_501403001,ui_common_212,1,0
3014031,伊拉,item_name_3014031,4,1014,,0,0,0,0,,0,0,,0,3014031,0,0,0,0,0,0,0,0,3014031_icon,role_likestory_3014031_1,item_des_3014031,1,0
4014031,伊拉（站绘）,item_name_4014031,4,1005,,0,0,0,0,,0,0,,0,4014031,0,0,0,0,0,0,0,0,4014031_icon,item_des_4014031,,1,0
301403101,伊拉〔爱的坦白日〕(伊拉睡衣皮),item_name_301403101,4,1002,,0,0,0,0,,0,0,rolepet_accesshint_01,1302,301403101,0,0,0,0,0,0,0,0,head_301403101_1,skin_desc_301403101,ui_common_213,1,0
501403101,伊拉〔爱的坦白日〕(头像),item_name_501403101,4,1001,,0,0,0,1,,0,0,,0,501403101,0,0,0,0,0,0,0,0,head_301403101_2,skin_desc_501403101,ui_common_212,1,0
3015001,诺维雅,item_name_3015001,4,1014,,0,0,0,0,,0,0,,0,3015001,0,0,0,0,0,0,0,0,3015001_icon,role_likestory_3015001_1,item_des_3015001,1,0
4015001,诺维雅(站绘）,item_name_4015001,4,1005,,0,0,0,0,,0,0,,0,4015001,0,0,0,0,0,0,0,0,4015001_icon,item_des_4015001,,1,0
301500101,诺维雅〔重奏小夜曲〕(2d-诺维雅),item_name_301500101,3,1002,,0,0,0,0,,0,0,rolepet_accesshint_01,1302,301500101,0,0,0,0,0,0,0,0,head_301500101_1,skin_desc_301500101,ui_common_213,1,0
501500101,诺维雅〔重奏小夜曲〕(头像),item_name_501500101,3,1001,,0,0,0,1,,0,0,,0,501500101,0,0,0,0,0,0,0,0,head_301500101_2,skin_desc_501500101,ui_common_212,1,0
3015002,丹妮,item_name_3015002,4,1014,,0,0,0,0,,0,0,,0,3015002,0,0,0,0,0,0,0,0,3015002_icon,role_likestory_3015002_1,item_des_3015002,1,0
4015002,丹妮（站绘）,item_name_4015002,4,1005,,0,0,0,0,,0,0,,0,4015002,0,0,0,0,0,0,0,0,4015002_icon,item_des_4015002,,1,0
301500201,丹妮〔微醺的记述人〕(2d丹妮ol),item_name_301500201,3,1002,,0,0,0,0,,0,0,,0,301500201,0,0,0,0,0,0,0,0,head_301500201_1,skin_desc_301500201,ui_common_213,1,0
501500201,丹妮〔微醺的记述人〕(头像),item_name_501500201,3,1001,,0,0,0,1,,0,0,,0,501500201,0,0,0,0,0,0,0,0,head_301500201_2,skin_desc_501500201,ui_common_212,1,0
3015004,耶坦尼娅,item_name_3015004,4,1014,,0,0,0,0,,0,0,,0,3015004,0,0,0,0,0,0,0,0,3015004_icon,role_likestory_3015004_1,item_des_3015004,1,0
4015004,耶坦尼娅（站绘）,item_name_4015004,4,1005,,0,0,0,0,,0,0,,0,4015004,0,0,0,0,0,0,0,0,4015004_icon,item_des_4015004,,1,0
301500401,耶坦尼娅〔维拉尔之梦〕(耶坦皮肤1),item_name_301500401,4,1002,,0,0,0,0,,0,0,item_des_101900,0,301500401,0,0,0,0,0,0,0,0,head_301500401_1,skin_desc_301500401,ui_common_213,1,0
501500401,耶坦尼娅〔维拉尔之梦〕(头像),item_name_501500401,4,1001,,0,0,0,1,,0,0,,0,501500401,0,0,0,0,0,0,0,0,head_301500401_2,skin_desc_501500401,ui_common_212,1,0
401500401,耶坦尼娅〔维拉尔之梦〕（站绘）,item_name_401500401,4,1005,,0,0,0,0,,0,0,,0,401500401,0,0,0,0,0,0,0,0,head_301500401_1,skin_desc_401500401,,1,0
301500402,耶坦尼娅〔希楠之泪〕(耶坦尼娅战地皮),item_name_301500402,4,1002,,0,0,0,0,,0,0,rolepet_accesshint_01,1306,301500402,0,0,0,0,0,0,0,0,head_301500402_1,skin_desc_301500402,ui_common_213,1,0
401500402,耶坦尼娅〔希楠之泪〕（站绘）,item_name_401500402,4,1005,,0,0,0,0,,0,0,,0,401500402,0,0,0,0,0,0,0,0,head_301500402_1,skin_desc_401500402,,1,0
501500402,耶坦尼娅〔希楠之泪〕(头像),item_name_501500402,4,1001,,0,0,0,1,,0,0,,0,501500402,0,0,0,0,0,0,0,0,head_301500402_2,skin_desc_501500402,ui_common_212,1,0
3015006,希夕莉,item_name_3015006,4,1014,,0,0,0,0,,0,0,,0,3015006,0,0,0,0,0,0,0,0,3015006_icon,role_likestory_3015006_1,item_des_3015006,1,0
4015006,希夕莉（站绘）,item_name_4015006,4,1005,,0,0,0,0,,0,0,,0,4015006,0,0,0,0,0,0,0,0,4015006_icon,item_des_4015006,,1,0
301500601,希夕莉〔独属于您〕(2d希夕莉-女仆),item_name_301500601,3,1002,,0,0,0,0,,0,0,rolepet_accesshint_01,1306,301500601,0,0,0,0,0,0,0,0,head_301500601_1,skin_desc_301500601,ui_common_213,1,0
501500601,希夕莉〔独属于您〕(头像),item_name_501500601,3,1001,,0,0,0,1,,0,0,,0,501500601,0,0,0,0,0,0,0,0,head_301500601_2,skin_desc_501500601,ui_common_212,1,0
3015007,萨拉,item_name_3015007,4,1014,,0,0,0,0,,0,0,,0,3015007,0,0,0,0,0,0,0,0,3015007_icon,role_likestory_3015007_1,item_des_3015007,1,0
4015007,萨拉（站绘）,item_name_4015007,4,1005,,0,0,0,0,,0,0,,0,4015007,0,0,0,0,0,0,0,0,4015007_icon,item_des_4015007,,1,0
301500701,萨拉〔银河独奏之时〕(2d-萨拉),item_name_301500701,4,1002,,0,0,0,0,,0,0,rolepet_accesshint_01,1302,301500701,0,0,0,0,0,0,0,0,head_301500701_1,skin_desc_301500701,ui_common_213,1,0
401500701,萨拉〔银河独奏之时〕（站绘）,item_name_401500701,4,1005,,0,0,0,0,,0,0,,0,401500701,0,0,0,0,0,0,0,0,head_301500701_1,skin_desc_301500701,,1,0
501500701,萨拉〔银河独奏之时〕(头像),item_name_501500701,3,1001,,0,0,0,1,,0,0,,0,501500701,0,0,0,0,0,0,0,0,head_301500701_2,skin_desc_501500701,ui_common_212,1,0
3015008,牧,item_name_3015008,4,1014,,0,0,0,0,,0,0,,0,3015008,0,0,0,0,0,0,0,0,3015008_icon,role_likestory_3015008_1,item_des_3015008,1,0
4015008,牧（站绘）,item_name_4015008,4,1005,,0,0,0,0,,0,0,,0,4015008,0,0,0,0,0,0,0,0,4015008_icon,item_des_4015008,,1,0
301500801,牧〔冬雪奇妙夜〕(牧3d皮肤),item_name_301500801,4,1002,,0,0,0,0,,0,0,rolepet_accesshint_01,1302,301500801,0,0,0,0,0,0,0,0,head_301500801_1,skin_desc_301500801,ui_common_213,1,0
401500801,牧〔冬雪奇妙夜〕（站绘）,item_name_401500801,4,1005,,0,0,0,0,,0,0,,0,401500801,0,0,0,0,0,0,0,0,head_301500801_1,skin_desc_401500801,,1,0
501500801,牧〔冬雪奇妙夜〕(头像),item_name_501500801,4,1001,,0,0,0,1,,0,0,,0,501500801,0,0,0,0,0,0,0,0,head_301500801_2,skin_desc_501500801,ui_common_212,1,0
301500802,牧〔牧色朦胧〕(牧旗袍皮肤),item_name_301500802,4,1002,,0,0,0,0,,0,0,rolepet_accesshint_01,1302,301500802,0,0,0,0,0,0,0,0,head_301500802_1,skin_desc_301500802,ui_common_213,1,0
501500802,牧〔牧色朦胧〕(头像),item_name_301500802,4,1001,,0,0,0,1,,0,0,,0,501500802,0,0,0,0,0,0,0,0,head_301500802_2,skin_desc_301500802,ui_common_212,1,0
3016009,吉拉蒂亚,item_name_3016009,4,1014,,0,0,0,0,,0,0,,0,3016009,0,0,0,0,0,0,0,0,3016009_icon,role_likestory_3016009_1,item_des_3016009,1,0
4016009,吉拉蒂亚（站绘）,item_name_4016009,4,1005,,0,0,0,0,,0,0,,0,4016009,0,0,0,0,0,0,0,0,4016009_icon,item_des_4016009,,1,0
4116009,吉拉蒂亚（站绘2）,item_name_4116009,4,1005,,0,0,0,0,,0,0,,0,4116009,0,0,0,0,0,0,0,0,4116009_icon,item_des_4116009,,1,0
301600901,2d-吉拉蒂亚〔倾城之恋〕,item_name_301600901,4,1002,,0,0,0,0,,0,0,rolepet_accesshint_01,1302,301600901,0,0,0,0,0,0,0,0,head_301600901_1,skin_desc_301600901,ui_common_213,1,0
401600901,2d-吉拉蒂亚〔倾城之恋〕（站绘）,item_name_301600901,4,1005,,0,0,0,0,,0,0,,0,401600901,0,0,0,0,0,0,0,0,head_301600901_1,skin_desc_401600901,,1,0
501600901,2d-吉拉蒂亚〔倾城之恋〕（头像）,item_name_501600901,4,1001,,0,0,0,1,,0,0,,0,501600901,0,0,0,0,0,0,0,0,head_301600901_2,skin_desc_501600901,ui_common_212,1,0
301600903,吉拉蒂亚〔池中落英〕(吉拉蒂亚温泉皮),item_name_301600903,4,1002,,0,0,0,0,,0,0,rolepet_accesshint_01,1301,301600903,0,0,0,0,0,0,0,0,head_301600903_1,skin_desc_301600903,ui_common_213,1,0
501600903,吉拉蒂亚〔池中落英〕(头像),item_name_501600903,4,1001,,0,0,0,1,,0,0,,0,501600903,0,0,0,0,0,0,0,0,head_301600903_2,skin_desc_501600903,ui_common_212,1,0
301600904,吉拉蒂亚〔3d-乱室佳人〕,item_name_301600904,4,1002,,0,0,0,0,,0,0,rolepet_accesshint_01,1306,301600904,0,0,0,0,0,0,0,0,head_301600904_1,skin_desc_301600904,ui_common_213,1,0
401600904,吉拉蒂亚〔3d-乱室佳人〕（站绘）,item_name_301600904,4,1005,,0,0,0,0,,0,0,,0,401600904,0,0,0,0,0,0,0,0,head_301600904_1,skin_desc_401600904,,1,0
501600904,吉拉蒂亚〔3d-乱室佳人〕（头像）,item_name_501600904,4,1001,,0,0,0,1,,0,0,,0,501600904,0,0,0,0,0,0,0,0,head_301600904_2,skin_desc_501600904,ui_common_212,1,0
3016010,瑞比娅,item_name_3016010,4,1014,,0,0,0,0,,0,0,,0,3016010,0,0,0,0,0,0,0,0,3016010_icon,role_likestory_3016010_1,item_des_3016010,1,0
4016010,瑞比娅（站绘-萝莉版）,item_name_4016010,4,1005,,0,0,0,0,,0,0,,0,4016010,0,0,0,0,0,0,0,0,4016010_icon,item_des_4016010,,1,0
4116010,瑞比娅（站绘-御姐版）,item_name_4116010,4,1005,,0,0,0,0,,0,0,,0,4116010,0,0,0,0,0,0,0,0,4116010_icon,item_des_4116010,,1,0
3016011,卡萝琳,item_name_3016011,3,1014,,0,0,0,0,,0,0,,0,3016011,0,0,0,0,0,0,0,0,3016011_icon,role_likestory_3016011_1,item_des_3016011,1,0
4016011,卡萝琳（站绘）,item_name_4016011,3,1005,,0,0,0,0,,0,0,,0,4016011,0,0,0,0,0,0,0,0,4016011_icon,item_des_4016011,,1,0
3016013,克尔苏娜,item_name_3016013,4,1014,,0,0,0,0,,0,0,,0,3016013,0,0,0,0,0,0,0,0,3016013_icon,role_likestory_3016013_1,item_des_3016013,1,0
4016013,克尔苏娜（站绘）,item_name_4016013,4,1005,,0,0,0,0,,0,0,,0,4016013,0,0,0,0,0,0,0,0,4016013_icon,item_des_4016013,,1,0
301601301,克尔苏娜〔谜兔奇遇记〕(3d克尔苏娜-兔女郎),item_name_301601301,3,1002,,0,0,0,0,,0,0,rolepet_accesshint_01,1302,301601301,0,0,0,0,0,0,0,0,head_301601301_1,skin_desc_301601301,ui_common_213,1,0
501601301,克尔苏娜〔谜兔奇遇记〕(头像),item_name_501601301,3,1001,,0,0,0,1,,0,0,,0,501601301,0,0,0,0,0,0,0,0,head_301601301_2,skin_desc_501601301,ui_common_212,1,0
3016016,露易丝,item_name_3016016,4,1014,,0,0,0,0,,0,0,,0,3016016,0,0,0,0,0,0,0,0,3016016_icon,role_likestory_3016016_1,item_des_3016016,1,0
4016016,露易丝（站绘）,item_name_4016016,4,1005,,0,0,0,0,,0,0,,0,4016016,0,0,0,0,0,0,0,0,4016016_icon,item_des_4016016,,1,0
3016017,罗莎莉,item_name_3016017,3,1014,,0,0,0,0,,0,0,,0,3016017,0,0,0,0,0,0,0,0,3016017_icon,role_likestory_3016017_1,item_des_3016017,1,0
4016017,罗莎莉（站绘）,item_name_4016017,4,1005,,0,0,0,0,,0,0,,0,4016017,0,0,0,0,0,0,0,0,4016017_icon,item_des_4016017,,1,0
3016020,奈奥米,item_name_3016020,4,1014,,0,0,0,0,,0,0,,0,3016020,0,0,0,0,0,0,0,0,3016020_icon,role_likestory_3016020_1,item_des_3016020,1,0
4016020,奈奥米（站绘）,item_name_4016020,4,1005,,0,0,0,0,,0,0,,0,4016020,0,0,0,0,0,0,0,0,4016020_icon,item_des_4016020,,1,0
301602001,奈奥米〔月下银铃〕(2d-奈奥米),item_name_301602001,3,1002,,0,0,0,0,,0,0,rolepet_accesshint_01,1302,301602001,0,0,0,0,0,0,0,0,head_301602001_1,skin_desc_301602001,ui_common_213,1,0
501602001,奈奥米〔月下银铃〕(头像),item_name_501602001,3,1001,,0,0,0,1,,0,0,,0,501602001,0,0,0,0,0,0,0,0,head_301602001_2,skin_desc_501602001,ui_common_212,1,0
3016023,佩内洛普,item_name_3016023,2,1014,,0,0,0,0,,0,0,,0,3016023,0,0,0,0,0,0,0,0,3016023_icon,role_likestory_3016023_1,item_des_3016023,1,0
3016024,塞蕾丝蒂娜,item_name_3016024,4,1014,,0,0,0,0,,0,0,,0,3016024,0,0,0,0,0,0,0,0,3016024_icon,role_likestory_3016024_1,item_des_3016024,1,0
4016024,塞蕾丝蒂娜（站绘）,item_name_4016024,4,1005,,0,0,0,0,,0,0,,0,4016024,0,0,0,0,0,0,0,0,4016024_icon,item_des_4016024,,1,0
301602401,塞蕾丝蒂娜〔跃动之白〕,item_name_301602401,3,1002,,0,0,0,0,,0,0,rolepet_accesshint_01,1302,301602401,0,0,0,0,0,0,0,0,head_301602401_1,skin_desc_301602401,ui_common_213,1,0
401602401,塞蕾丝蒂娜〔跃动之白〕（站绘）,item_name_401602401,4,1005,,0,0,0,0,,0,0,,0,401602401,0,0,0,0,0,0,0,0,head_301602401_1,skin_desc_401602401,,1,0
501602401,塞蕾丝蒂娜〔跃动之白〕（头像）,item_name_501602401,4,1001,,0,0,0,1,,0,0,,0,501602401,0,0,0,0,0,0,0,0,head_301602401_2,skin_desc_501602401,ui_common_212,1,0
3016031,小闪,item_name_3016031,4,1014,,0,0,0,0,,0,0,,0,3016031,0,0,0,0,0,0,0,0,3016031_icon,role_likestory_3016031_1,item_des_3016031,1,0
4016031,小闪（站绘）,item_name_4016031,4,1005,,0,0,0,0,,0,0,,0,4016031,0,0,0,0,0,0,0,0,4016031_icon,item_des_4016031,,1,0
301603101,小闪（绻海绮想曲）,item_name_301603101,3,1002,,0,0,0,0,,0,0,rolepet_accesshint_01,1306,301603101,0,0,0,0,0,0,0,0,head_301603101_1,skin_desc_301603101,ui_common_213,1,0
501603101,小闪（绻海绮想曲）（头像）,item_name_301603101,4,1001,,0,0,0,1,,0,0,,0,501603101,0,0,0,0,0,0,0,0,head_301603101_2,skin_desc_501603101,ui_common_212,1,0
301603102,小闪（四等分的下午茶）,item_name_301603102,3,1002,,0,0,0,0,,0,0,item_des_101900,0,301603102,0,0,0,0,0,0,0,0,head_301603102_1,skin_desc_301603102,ui_common_213,1,0
501603102,小闪（四等分的下午茶）（头像）,item_name_301603102,4,1001,,0,0,0,1,,0,0,,0,501603102,0,0,0,0,0,0,0,0,head_301603102_2,skin_desc_501603102,ui_common_212,1,0
3016038,仙蒂,item_name_3016038,2,1014,,0,0,0,0,,0,0,,0,3016038,0,0,0,0,0,0,0,0,3016038_icon,role_likestory_3016038_1,item_des_3016038,1,0
3016049,艾琳娜,item_name_3016049,4,1014,,0,0,0,0,,0,0,,0,3016049,0,0,0,0,0,0,0,0,3016049_icon,role_likestory_3016049_1,item_des_3016049,1,0
4016049,艾琳娜（站绘）,item_name_4016049,4,1005,,0,0,0,0,,0,0,,0,4016049,0,0,0,0,0,0,0,0,4016049_icon,item_des_4016049,,1,0
3016068,贝卡丝,item_name_3016068,3,1014,,0,0,0,0,,0,0,,0,3016068,0,0,0,0,0,0,0,0,3016068_icon,role_likestory_3016068_1,item_des_3016068,1,0
4016068,贝卡丝（站绘）,item_name_4016068,3,1005,,0,0,0,0,,0,0,,0,4016068,0,0,0,0,0,0,0,0,4016068_icon,item_des_4016068,,1,0
301606801,2d-贝卡丝(贝卡丝〔酩酊娇客〕),item_name_301606801,3,1002,,0,0,0,0,,0,0,rolepet_accesshint_01,1302,301606801,0,0,0,0,0,0,0,0,head_301606801_1,skin_desc_301606801,ui_common_213,1,0
501606801,贝卡丝〔酩酊娇客〕（头像）,item_name_501606801,3,1001,,0,0,0,1,,0,0,,0,501606801,0,0,0,0,0,0,0,0,head_301606801_2,skin_desc_501606801,ui_common_212,1,0
3016078,昔莱,item_name_3016078,4,1014,,0,0,0,0,,0,0,,0,3016078,0,0,0,0,0,0,0,0,3016078_icon,role_likestory_3016078_1,item_des_3016078,1,0
4016078,昔莱（站绘）,item_name_4016078,4,1005,,0,0,0,0,,0,0,,0,4016078,0,0,0,0,0,0,0,0,4016078_icon,item_des_4016078,,1,0
301607801,昔莱〔同酌之邀〕(2d-昔莱),item_name_301607801,3,1002,,0,0,0,0,,0,0,rolepet_accesshint_01,1302,301607801,0,0,0,0,0,0,0,0,head_301607801_1,skin_desc_301607801,ui_common_213,1,0
501607801,昔莱〔同酌之邀〕(头像),item_name_501607801,3,1001,,0,0,0,1,,0,0,,0,501607801,0,0,0,0,0,0,0,0,head_301607801_2,skin_desc_501607801,ui_common_212,1,0
3016119,杜达·戴维,item_name_3016119,4,1014,,0,0,0,0,,0,0,,0,3016119,0,0,0,0,0,0,0,0,3016119_icon,role_likestory_3016119_1,item_des_3016119,1,0
4016119,杜达·戴维（站绘）,item_name_4016119,4,1014,,0,0,0,0,,0,0,,0,4016119,0,0,0,0,0,0,0,0,4016119_icon,role_likestory_4016119_1,item_des_4016119,1,0
3016130,伊卡洛斯,item_name_3016130,4,1014,,0,0,0,0,,0,0,,0,3016130,0,0,0,0,0,0,0,0,3016130_icon,role_likestory_3016130_1,item_des_3016130,1,0
4016130,伊卡洛斯（站绘）,item_name_4016130,4,1005,,0,0,0,0,,0,0,,0,4016130,0,0,0,0,0,0,0,0,4016130_icon,item_des_4016130,,1,0
301613001,伊卡洛斯〔盛夏新航路〕(伊卡洛斯泳皮),item_name_301613001,3,1002,,0,0,0,0,,0,0,rolepet_accesshint_01,1302,301613001,0,0,0,0,0,0,0,0,head_301613001_1,skin_desc_301613001,ui_common_213,1,0
501613001,伊卡洛斯〔盛夏新航路〕(头像),item_name_501613001,3,1001,,0,0,0,1,,0,0,,0,501613001,0,0,0,0,0,0,0,0,head_301613001_2,skin_desc_501613001,ui_common_212,1,0
3016187,异邦波斯菊,item_name_3016187,4,1014,,0,0,0,0,,0,0,,0,3016187,0,0,0,0,0,0,0,0,3016187_icon,role_likestory_3016187_1,item_des_3016187,1,0
4016187,异邦波斯菊（站绘）,item_name_4016187,4,1005,,0,0,0,0,,0,0,,0,4016187,0,0,0,0,0,0,0,0,4016187_icon,item_des_4016187,,1,0
301618701,异邦波斯菊〔本色出演〕,item_name_301618701,3,1002,,0,0,0,0,,0,0,rolepet_accesshint_01,1302,301618701,0,0,0,0,0,0,0,0,head_301618701_1,skin_desc_301618701,ui_common_213,1,0
501618701,异邦波斯菊〔本色出演〕(头像),item_name_501618701,3,1001,,0,0,0,1,,0,0,,0,501618701,0,0,0,0,0,0,0,0,head_301618701_2,skin_desc_501618701,ui_common_212,1,0
3016188,极焰,item_name_3016188,4,1014,,0,0,0,0,,0,0,,0,3016188,0,0,0,0,0,0,0,0,3016188_icon,role_likestory_3016188_1,item_des_3016188,1,0
4016188,极焰（站绘）,item_name_4016188,4,1005,,0,0,0,0,,0,0,,0,4016188,0,0,0,0,0,0,0,0,4016188_icon,item_des_4016188,,1,0
301618801,极焰〔辰龙会亲〕(极焰皮肤),item_name_301618801,3,1002,,0,0,0,0,,0,0,rolepet_accesshint_01,1302,301618801,0,0,0,0,0,0,0,0,head_301618801_1,skin_desc_301618801,ui_common_213,1,0
401618801,极焰〔辰龙会亲〕（站绘）,item_name_401618801,4,1005,,0,0,0,0,,0,0,,0,401618801,0,0,0,0,0,0,0,0,head_301618801_1,skin_desc_401618801,,1,0
501618801,极焰〔辰龙会亲〕(头像),item_name_501618801,4,1001,,0,0,0,1,,0,0,,0,501618801,0,0,0,0,0,0,0,0,head_301618801_2,skin_desc_501618801,ui_common_212,1,0
3016189,塔嘉娜,item_name_3016189,4,1014,,0,0,0,0,,0,0,,0,3016189,0,0,0,0,0,0,0,0,3016189_icon,role_likestory_3016189_1,item_des_3016189,1,0
4016189,塔嘉娜（站绘）,item_name_4016189,4,1005,,0,0,0,0,,0,0,,0,4016189,0,0,0,0,0,0,0,0,4016189_icon,item_des_4016189,,1,0
3017001,雪泉,item_name_3017001,4,1014,,0,0,0,0,,0,0,,0,3017001,0,0,0,0,0,0,0,0,3017001_icon,role_likestory_3017001_1,item_des_3017001,1,0
4017001,雪泉（站绘）,item_name_4017001,4,1005,,0,0,0,0,,0,0,,0,4017001,0,0,0,0,0,0,0,0,4017001_icon,item_des_4017001,,1,0
301700101,雪泉〔雪肤白砂〕(雪泉泳皮),item_name_301700101,3,1002,,0,0,0,0,,0,0,rolepet_accesshint_01,1302,301700101,0,0,0,0,0,0,0,0,head_301700101_1,skin_desc_301700101,ui_common_213,1,0
501700101,雪泉〔雪肤白砂〕(头像),item_name_501700101,3,1001,,0,0,0,1,,0,0,,0,501700101,0,0,0,0,0,0,0,0,head_301700101_2,skin_desc_501700101,ui_common_212,1,0
3017002,雪不归,item_name_3017002,4,1014,,0,0,0,0,,0,0,,0,3017002,0,0,0,0,0,0,0,0,3017002_icon,role_likestory_3017002_1,item_des_3017002,1,0
4017002,雪不归(站绘）,item_name_4017002,4,1005,,0,0,0,0,,0,0,,0,4017002,0,0,0,0,0,0,0,0,4017002_icon,item_des_4017002,,1,0
301700201,雪不归〔碧水玄发〕(雪不归泳皮),item_name_301700201,3,1002,,0,0,0,0,,0,0,rolepet_accesshint_01,1302,301700201,0,0,0,0,0,0,0,0,head_301700201_1,skin_desc_301700201,ui_common_213,1,0
501700201,雪不归〔碧水玄发〕(头像),item_name_501700201,3,1001,,0,0,0,1,,0,0,,0,501700201,0,0,0,0,0,0,0,0,head_301700201_2,skin_desc_501700201,ui_common_212,1,0
3016191,爱尔维拉,item_name_3016191,4,1014,,0,0,0,0,,0,0,,0,3016191,0,0,0,0,0,0,0,0,3016191_icon,role_likestory_3016191_1,item_des_3016191,1,0
4016191,爱尔维拉(站绘）,item_name_4016191,4,1005,,0,0,0,0,,0,0,,0,4017002,0,0,0,0,0,0,0,0,4016191_icon,item_des_4016191,,1,0
301619101,爱尔维拉（打工吧恶龙大人）,item_name_301619101,4,1002,,0,0,0,0,,0,0,rolepet_accesshint_01,1302,301619101,0,0,0,0,0,0,0,0,head_301619101_1,skin_desc_301619101,ui_common_213,1,0
401619101,爱尔维拉（打工吧恶龙大人）(站绘）,item_name_301619101,4,1005,,0,0,0,0,,0,0,,0,401619101,0,0,0,0,0,0,0,0,401619101_icon,item_des_401619101,,1,0
501619101,爱尔维拉（打工吧恶龙大人）(头像）,item_name_301619101,4,1001,,0,0,0,0,,0,0,,0,501619101,0,0,0,0,0,0,0,0,head_301619101_2,skin_desc_501619101,ui_common_212,1,0
1004001,安普莎[垂帘之下-带入场动画],item_name_301402502,4,1004,,0,0,0,0,,0,0,,0,301402502,0,0,0,0,0,0,0,0,1004001_icon,skin_desc_301402502,skinfeature_22,1,0
1004002,昔莱[同酌之邀-带入场动画],item_name_301607801,4,1004,,0,0,0,0,,0,0,,0,301607801,0,0,0,0,0,0,0,0,1004001_icon,skin_desc_301607801,skinfeature_22,1,0
1004003,牧[牧色朦胧-带入场动画],item_name_301500802,4,1004,,0,0,0,0,,0,0,,0,301500802,0,0,0,0,0,0,0,0,1004001_icon,skin_desc_301500802,skinfeature_22,1,0
1004004,黑音[甜蜜时光-带入场动画],item_name_301700205,4,1004,,0,0,0,0,,0,0,,0,,0,0,0,0,0,0,0,0,1004001_icon,skin_desc_,skinfeature_22,1,0
1004005,桃[盛放的清晨-带入场动画],item_name_301400901,4,1004,,0,0,0,0,,0,0,,0,301400901,0,0,0,0,0,0,0,0,1004001_icon,skin_desc_301400901,skinfeature_22,1,0
1004006,希夕莉〔独属于您-带入场动画〕,item_name_301500601,4,1004,,0,0,0,0,,0,0,,0,301500601,0,0,0,0,0,0,0,0,1004001_icon,skin_desc_301500601,skinfeature_22,1,0
1004007,诺维雅〔重奏小夜曲-带入场动画〕,item_name_301700208,4,1004,,0,0,0,0,,0,0,,0,301500101,0,0,0,0,0,0,0,0,1004001_icon,skin_desc_301500101,skinfeature_22,1,0
1004008,奈奥米〔月下银铃-带入场动画〕,item_name_301602001,4,1004,,0,0,0,0,,0,0,,0,301602001,0,0,0,0,0,0,0,0,1004001_icon,skin_desc_301602001,skinfeature_22,1,0
1004009,神光〔卿卿月明中-带入场动画〕,item_name_301402301,4,1004,,0,0,0,0,,0,0,,0,301402301,0,0,0,0,0,0,0,0,1004001_icon,skin_desc_301402301,skinfeature_22,1,0
1004010,小闪〔绻海绮想曲-带入场动画〕,item_name_301603101,4,1004,,0,0,0,0,,0,0,,0,301603101,0,0,0,0,0,0,0,0,1004001_icon,skin_desc_301603101,skinfeature_22,1,0
10040001,异邦波斯菊〔本色出演-带入场动画〕,item_name_301618701,4,1004,,0,0,0,0,,0,0,,0,301618701,0,0,0,0,0,0,0,0,1004001_icon,skin_desc_301618701,skinfeature_22,1,0
10040002,吉拉蒂亚〔乱室佳人-带入场动画〕,item_name_301600904,4,1004,,0,0,0,0,,0,0,,0,301600904,0,0,0,0,0,0,0,0,1004001_icon,skin_desc_301600904,skinfeature_22,1,0
10040003,神光〔天光恋火-带入场动画〕,item_name_301402302,4,1004,,0,0,0,0,,0,0,,0,301402302,0,0,0,0,0,0,0,0,1004001_icon,skin_desc_301402302,skinfeature_22,1,0
10040004,爱尔维拉〔打工吧恶龙大人-带入场动画〕,item_name_301619101,4,1004,,0,0,0,0,,0,0,,0,301619101,0,0,0,0,0,0,0,0,1004001_icon,skin_desc_301619101,skinfeature_22,1,0
101301,盗宝小队的旅途（动态插画）,item_name_101301,4,1013,,0,0,0,0,,0,0,,0,101301,0,0,0,0,0,0,0,0,CGhd_cgbf-kv,item_des_101301,item_function_101301,1,0
101302,裂痕（动态插画）,item_name_101302,4,1013,,0,0,0,0,,0,0,,0,101302,0,0,0,0,0,0,0,0,CG4-15-2,item_des_101302,item_function_101302,1,0
101303,我惟向你（动态插画）,item_name_101303,4,1013,,0,0,0,0,,0,0,,0,101303,0,0,0,0,0,0,0,0,CG5-20-1,item_des_101303,item_function_101303,1,0
101304,小小的愿望（动态插画）,item_name_101304,4,1013,,0,0,0,0,,0,0,,0,101304,0,0,0,0,0,0,0,0,CGhd_luyisi-1,item_des_101304,item_function_101304,1,0
101305,长恨此身（动态插画）,item_name_101305,4,1013,,0,0,0,0,,0,0,,0,101305,0,0,0,0,0,0,0,0,CG4-15-1,item_des_101305,item_function_101305,1,0
101306,团圆夜（动态插画）,item_name_101306,4,1013,,0,0,0,0,,0,0,,0,101306,0,0,0,0,0,0,0,0,CGhd_jy-kv,item_des_101306,item_function_101306,1,0
101307,恋如雨来（动态插画）,item_name_101307,4,1013,,0,0,0,0,,0,0,,0,101307,0,0,0,0,0,0,0,0,CG1-1-1,item_des_101307,item_function_101307,1,0
101308,初临红簌（动态插画）,item_name_101308,4,1013,,0,0,0,0,,0,0,,0,101308,0,0,0,0,0,0,0,0,CGhd_dabosiju-18,item_des_101308,item_function_101308,1,0
101309,梦回还（动态插画）,item_name_101309,4,1013,,0,0,0,0,,0,0,,0,101309,0,0,0,0,0,0,0,0,CG0-1-4,item_des_101309,item_function_101309,1,0
101310,净化之前（动态插画）,item_name_101310,4,1013,,0,0,0,0,,0,0,,0,101310,0,0,0,0,0,0,0,0,CG3-1-2,item_des_101310,item_function_101310,1,0
101311,深林遇狐（动态插画）,item_name_101311,4,1013,,0,0,0,0,,0,0,,0,101311,0,0,0,0,0,0,0,0,CGhd_tao-kv,item_des_101311,item_function_101311,1,0
101312,坠星（动态插画）,item_name_101312,4,1013,,0,0,0,0,,0,0,,0,101312,0,0,0,0,0,0,0,0,CG0-1-3,item_des_101312,item_function_101312,1,0
1018001,英雄诞生（插画）,item_name_1018001,4,1018,,0,0,0,0,,0,0,,0,1018001,0,0,0,0,0,0,0,0,CG6-8,item_des_1018001,item_function_1018001,1,0
1018002,睡美人1（插画）,item_name_1018002,4,1018,,0,0,0,0,,0,0,,0,1018002,0,0,0,0,0,0,0,0,CG6X-2-1,item_des_1018002,item_function_1018002,1,0
1018003,睡美人2（插画）,item_name_1018003,4,1018,,0,0,0,0,,0,0,,0,1018003,0,0,0,0,0,0,0,0,CG6X-2-2,item_des_1018003,item_function_1018003,1,0
1018004,一瞬间的恍惚（插画）,item_name_1018004,4,1018,,0,0,0,0,,0,0,,0,1018004,0,0,0,0,0,0,0,0,CG6X-5-2,item_des_1018004,item_function_1018004,1,0
1018005,所爱之人（插画）,item_name_1018005,4,1018,,0,0,0,0,,0,0,,0,1018005,0,0,0,0,0,0,0,0,CG5-19-4,item_des_1018005,item_function_1018005,1,0
1018006,恍惚（插画）,item_name_1018006,4,1018,,0,0,0,0,,0,0,,0,1018006,0,0,0,0,0,0,0,0,CG5-19-5,item_des_1018006,item_function_1018006,1,0
1018007,雨中（插画）,item_name_1018007,4,1018,,0,0,0,0,,0,0,,0,1018007,0,0,0,0,0,0,0,0,CG4-10-2,item_des_1018007,item_function_1018007,1,0
1018008,杀机与要挟（插画）,item_name_1018008,4,1018,,0,0,0,0,,0,0,,0,1018008,0,0,0,0,0,0,0,0,CG6-4,item_des_1018008,item_function_1018008,1,0
1018009,寻回牧之时（插画）,item_name_1018009,4,1018,,0,0,0,0,,0,0,,0,1018009,0,0,0,0,0,0,0,0,CGhd_xunhuiquan_01,item_des_1018009,item_function_1018009,1,0
1018010,夕阳下的维谷（插画）,item_name_1018010,4,1018,,0,0,0,0,,0,0,,0,1018010,0,0,0,0,0,0,0,0,CG5-15,item_des_1018010,item_function_1018010,1,0
1018011,罪恶感（插画）,item_name_1018011,4,1018,,0,0,0,0,,0,0,,0,1018011,0,0,0,0,0,0,0,0,CG5-16-2,item_des_1018011,item_function_1018011,1,0
1018012,以弱凌强（插画）,item_name_1018012,4,1018,,0,0,0,0,,0,0,,0,1018012,0,0,0,0,0,0,0,0,CG5-19-1,item_des_1018012,item_function_1018012,1,0
1018013,破局（插画）,item_name_1018013,4,1018,,0,0,0,0,,0,0,,0,1018013,0,0,0,0,0,0,0,0,CGhd_yidengxing-11,item_des_1018013,item_function_1018013,1,0
1018014,林野闲趣（插画）,item_name_1018014,4,1018,,0,0,0,0,,0,0,,0,1018014,0,0,0,0,0,0,0,0,CGhd_xilai_03,item_des_1018014,item_function_1018014,1,0
1018015,夜话相知（插画）,item_name_1018015,4,1018,,0,0,0,0,,0,0,,0,1018015,0,0,0,0,0,0,0,0,CG4-9,item_des_1018015,item_function_1018015,1,0
1018016,裂痕（插画）,item_name_1018016,4,1018,,0,0,0,0,,0,0,,0,1018016,0,0,0,0,0,0,0,0,CG4-15-2,item_des_1018016,item_function_1018016,1,0
1018017,战斗节奏（插画）,item_name_1018017,4,1018,,0,0,0,0,,0,0,,0,1018017,0,0,0,0,0,0,0,0,CG5-10,item_des_1018017,item_function_1018017,1,0
1018018,战争，一触即发！（插画）,item_name_1018018,4,1018,,0,0,0,0,,0,0,,0,1018018,0,0,0,0,0,0,0,0,CGhd_yidengxing-13,item_des_1018018,item_function_1018018,1,0
1018019,侍主的日常？（插画）,item_name_1018019,4,1018,,0,0,0,0,,0,0,,0,1018019,0,0,0,0,0,0,0,0,CGhd_yidengxing-3-5,item_des_1018019,item_function_1018019,1,0
1018020,守护的诺言（插画）,item_name_1018020,4,1018,,0,0,0,0,,0,0,,0,1018020,0,0,0,0,0,0,0,0,CG0-1-2-1,item_des_1018020,item_function_1018020,1,0
1018021,冒失的侍者（插画）,item_name_1018021,4,1018,,0,0,0,0,,0,0,,0,1018021,0,0,0,0,0,0,0,0,CG1-1-2,item_des_1018021,item_function_1018021,1,0
1018022,迟来的利刃（插画）,item_name_1018022,4,1018,,0,0,0,0,,0,0,,0,1018022,0,0,0,0,0,0,0,0,CG1-1-3,item_des_1018022,item_function_1018022,1,0
1018023,星魂辉光（插画）,item_name_1018023,4,1018,,0,0,0,0,,0,0,,0,1018023,0,0,0,0,0,0,0,0,CG1-2-1,item_des_1018023,item_function_1018023,1,0
1018024,如梦非梦（插画）,item_name_1018024,4,1018,,0,0,0,0,,0,0,,0,1018024,0,0,0,0,0,0,0,0,CG1-2-2,item_des_1018024,item_function_1018024,1,0
1018025,懵懂初醒（插画）,item_name_1018025,4,1018,,0,0,0,0,,0,0,,0,1018025,0,0,0,0,0,0,0,0,CG1-5,item_des_1018025,item_function_1018025,1,0
1018026,刺杀（插画）,item_name_1018026,4,1018,,0,0,0,0,,0,0,,0,1018026,0,0,0,0,0,0,0,0,CG3-6,item_des_1018026,item_function_1018026,1,0
1018027,妾心有思（插画）,item_name_1018027,4,1018,,0,0,0,0,,0,0,,0,1018027,0,0,0,0,0,0,0,0,CGhd_tao-11,item_des_1018027,item_function_1018027,1,0
1018028,情意繁（插画）,item_name_1018028,4,1018,,0,0,0,0,,0,0,,0,1018028,0,0,0,0,0,0,0,0,CGhd_tao-2-1,item_des_1018028,item_function_1018028,1,0
1018029,梦之痕（插画）,item_name_1018029,4,1018,,0,0,0,0,,0,0,,0,1018029,0,0,0,0,0,0,0,0,CGhd_tao-17-5,item_des_1018029,item_function_1018029,1,0
1018030,坠星（插画）,item_name_1018030,4,1018,,0,0,0,0,,0,0,,0,1018030,0,0,0,0,0,0,0,0,CG0-1-3,item_des_1018030,item_function_1018030,1,0
101901,默认背景,item_name_101901,4,1019,,0,0,0,0,,0,0,,0,101901,,0,0,0,0,0,0,0,bg_t_2,item_des_101901,item_function_101901,1,0
101902,万家灯火,item_name_101902,4,1019,,0,0,0,0,,0,0,,0,101902,,0,0,0,0,0,0,0,bg_t_zjm_1_1,item_des_101902,item_function_101902,1,0
101903,情意缠绵,item_name_101903,4,1019,,0,0,0,0,,0,0,,0,101903,,0,0,0,0,0,0,0,bg_t_zjm_2_1,item_des_101903,item_function_101903,1,0
101904,星空,item_name_101904,4,1019,,0,0,0,0,,0,0,,0,101904,,0,0,0,0,0,0,0,zjm_4_icon,item_des_101904,item_function_101904,1,0
101905,书与工作日,item_name_101905,4,1019,,0,0,0,0,,0,0,,0,101905,,0,0,0,0,0,0,0,zjm_5_icon,item_des_101905,item_function_101905,1,0
101906,古月庙,item_name_101906,4,1019,,0,0,0,0,,0,0,,0,101906,,0,0,0,0,0,0,0,zjm_6_icon,item_des_101906,item_function_101906,1,0
101907,深红之梦,item_name_101907,4,1019,,0,0,0,0,,0,0,,0,101907,,0,0,0,0,0,0,0,zjm_7_icon,item_des_101907,item_function_101907,1,0
101908,潮声连绵,item_name_101908,4,1019,,0,0,0,0,,0,0,,0,101908,,0,0,0,0,0,0,0,zjm_8_icon,item_des_101908,item_function_101908,1,0
101909,无垠蔚蓝,item_name_101909,4,1019,,0,0,0,0,,0,0,,0,101909,,0,0,0,0,0,0,0,zjm_9_icon,item_des_101909,item_function_101909,1,0
9002,头像框2,skin_name_9002,4,9,,0,0,0,0,,0,0,,0,9002,0,0,0,0,0,0,0,0,ui_icon_touxiangkuang_1,skin_desc_9002,item_function_9002,1,0
9003,耀胜帝星,skin_name_9003,4,9,,0,0,0,0,,0,0,,0,9003,0,0,0,0,0,0,0,0,ui_headframe_geren_3,skin_desc_9003,item_function_9003,1,0
9004,物种洗牌,skin_name_9004,4,9,,0,0,0,0,,0,0,,0,9004,0,0,0,0,0,0,0,0,ui_headframe_geren_2,skin_desc_9004,item_function_9004,1,0
9005,传说起始,skin_name_9005,4,9,,0,0,0,0,,0,0,,0,9005,0,0,0,0,0,0,0,0,ui_headframe_geren_1,skin_desc_9005,item_function_9005,1,0
9006,不毁之城,skin_name_9006,4,9,,0,0,0,0,,0,0,,0,9006,0,0,0,0,0,0,0,0,ui_headframe_guanqia_3,skin_desc_9006,item_function_9006,1,0
9007,固若金汤,skin_name_9007,4,9,,0,0,0,0,,0,0,,0,9007,0,0,0,0,0,0,0,0,ui_headframe_guanqia_2,skin_desc_9007,item_function_9007,1,0
9008,森严壁垒,skin_name_9008,4,9,,0,0,0,0,,0,0,,0,9008,0,0,0,0,0,0,0,0,ui_headframe_guanqia_1,skin_desc_9008,item_function_9008,1,0
9009,试锻黑铁,skin_name_9009,4,9,,0,0,0,0,,0,0,,0,9009,0,0,0,0,0,5,30,0,ui_headframe_duanwei_1,skin_desc_9009,item_function_9009,1,0
9010,冶铸青铜,skin_name_9010,4,9,,0,0,0,0,,0,0,,0,9010,0,0,0,0,0,5,30,0,ui_headframe_duanwei_2,skin_desc_9010,item_function_9010,1,0
9011,精研白银,skin_name_9011,4,9,,0,0,0,0,,0,0,,0,9011,0,0,0,0,0,5,30,0,ui_headframe_duanwei_3,skin_desc_9011,item_function_9011,1,0
9012,熔炼黄金,skin_name_9012,4,9,,0,0,0,0,,0,0,,0,9012,0,0,0,0,0,5,30,0,ui_headframe_duanwei_4,skin_desc_9012,item_function_9012,1,0
9013,不褪白金,skin_name_9013,4,9,,0,0,0,0,,0,0,,0,9013,0,0,0,0,0,5,30,0,ui_headframe_duanwei_5,skin_desc_9013,item_function_9013,1,0
9014,永传钻石,skin_name_9014,4,9,,0,0,0,0,,0,0,,0,9014,0,0,0,0,0,5,30,0,ui_headframe_duanwei_6,skin_desc_9014,item_function_9014,1,0
9015,荣耀冠冕,skin_name_9015,4,9,,0,0,0,0,,0,0,,0,9015,0,0,0,0,0,0,0,0,ui_headframe_duanwei_7,skin_desc_9015,item_function_9015,1,0
9017,星游之旅,skin_name_9017,4,9,,0,0,0,0,,0,0,,0,9017,0,0,0,0,0,0,0,0,ui_headframe_taptap,skin_desc_9017,item_function_9017,1,0
9018,在江东吃火锅,skin_name_9018,4,9,,0,0,0,0,,0,0,,0,9018,0,0,0,0,0,0,0,0,ui_headframe_haidilao,skin_desc_9018,item_function_9018,1,0
9019,不渝挚爱,skin_name_9019,4,9,,0,0,0,0,,0,0,,0,9019,0,0,0,0,0,0,0,0,ui_headframe_annalibao,skin_desc_9019,item_function_9019,1,0
9020,王室风华,skin_name_9020,4,9,,0,0,0,0,,0,0,,0,9020,0,0,0,0,0,0,0,0,ui_headframe_wangshifenghua,skin_desc_9020,item_function_9020,1,0
9021,真心礼物盒,skin_name_9021,4,9,,0,0,0,0,,0,0,,0,9021,0,0,0,0,0,0,0,0,ui_headframe_zhenxinliwuhe,skin_desc_9021,item_function_9021,1,0
9022,楔叶幽庭,skin_name_9022,4,9,,0,0,0,0,,0,0,,0,9022,0,0,0,0,0,0,0,0,ui_headframe_tao,skin_desc_9022,item_function_9022,1,0
9023,无言的祈祷歌,skin_name_9023,4,9,,0,0,0,0,,0,0,,0,9023,0,0,0,0,0,0,0,0,ui_headframe_zhandi,skin_desc_9023,item_function_9023,1,0
9024,头像框·丹心璃,skin_name_9024,4,9,,0,0,0,0,,0,0,,0,9024,0,0,0,0,0,0,0,0,ui_headframe_jy,skin_desc_9024,item_function_9024,1,0
9025,永耀的午后,skin_name_9025,4,9,,0,0,0,0,,0,0,,0,9025,0,0,0,0,0,0,0,0,ui_headframe_heishen,skin_desc_9025,item_function_9025,1,0
9026,清海乐章,skin_name_9026,4,9,,0,0,0,0,,0,0,,0,9026,0,0,0,0,0,0,0,0,ui_headframe_saileisidina,skin_desc_9026,item_function_9026,1,0
9027,戏凰珠,skin_name_9027,4,9,,0,0,0,0,,0,0,,0,9027,0,0,0,0,0,0,0,0,ui_headframe_jiyan,skin_desc_9027,item_function_9027,1,0
9028,幽羽绯光,skin_name_9028,4,9,,0,0,0,0,,0,0,,0,9028,0,0,0,0,0,0,0,0,ui_headframe_dongmeng,skin_desc_9028,item_function_9028,1,0
9029,洞察镜框,skin_name_9029,4,9,,0,0,0,0,,0,0,,0,9029,0,0,0,0,0,0,0,0,ui_headframe_naiaomi,skin_desc_9029,item_function_9029,1,0
9030,传说缔造者,skin_name_9030,4,9,,0,0,0,0,,0,0,,0,9030,0,0,0,0,0,5,7,0,ui_headframe_chuanshuo1,skin_desc_9030,item_function_9030,1,0
9031,绝域探索者,skin_name_9031,4,9,,0,0,0,0,,0,0,,0,9031,0,0,0,0,0,5,7,0,ui_headframe_jueyu1,skin_desc_9031,item_function_9031,1,0
9032,秘闻见证者,skin_name_9032,4,9,,0,0,0,0,,0,0,,0,9032,0,0,0,0,0,5,7,0,ui_headframe_miwen1,skin_desc_9032,item_function_9032,1,0
9033,林海古迹,skin_name_9033,4,9,,0,0,0,0,,0,0,,0,9033,0,0,0,0,0,0,0,0,ui_headframe_lv,skin_desc_9033,item_function_9033,1,0
9034,千千待解,skin_name_9034,4,9,,0,0,0,0,,0,0,,0,9034,0,0,0,0,0,0,0,0,ui_headframe_jldy,skin_desc_9034,item_function_9034,1,0
9035,CR用户专属头像,skin_name_9035,4,9,,0,0,0,0,,0,0,,0,9035,0,0,0,0,0,0,0,0,ui_headframe_cr,skin_desc_9035,item_function_9035,1,0
9036,每日Boss头像框1,skin_name_9036,4,9,,0,0,0,0,,0,0,,0,9036,0,0,0,0,0,5,1,0,ui_headframe_dailyboss_1,skin_desc_9036,item_function_9036,1,0
9037,每日Boss头像框2,skin_name_9037,4,9,,0,0,0,0,,0,0,,0,9037,0,0,0,0,0,5,1,0,ui_headframe_dailyboss_2,skin_desc_9037,item_function_9037,1,0
9038,天光恋火（头像框）,skin_name_9038,4,9,,0,0,0,0,,0,0,,0,9038,0,0,0,0,0,0,0,0,ui_headframe_shenguang1,skin_desc_9038,item_function_9038,1,0
900,星痕宝箱,item_name_900,4,5,5,0,0,0,0,,900,0,,0,0,0,0,0,0,0,0,0,0,1002121_icon,item_des_900,item_function_900,1,1
901,万能百宝箱,item_name_901,4,5,5,0,0,0,0,,901,0,,0,0,0,0,0,0,0,0,0,0,1002161_icon,item_des_901,item_function_901,1,1
902,5星星痕自选（内部测试用）,item_name_902,4,7,7,0,0,0,0,,0,"3013013,1;3014006,1;3014009,1;3014011,1;3014017,1;3014023,1;3014024,1;3014025,1;3014028,1;3014029,1;3014030,1;3014031,1;3015001,1;3015002,1;3015004,1;3015006,1;3015007,1;3015008,1;3016009,1;3016010,1;3016013,1;3016016,1;3016020,1;3016024,1;3016031,1;3016049,1;3016078,1;3016119,1;3016130,1;3016187,1;3016188,1;3016189,1;3017001,1;3017002,1",,0,0,0,0,0,0,0,0,0,0,1002161_icon,item_des_902,item_function_902,1,1
4020001,使命必达,skin_name_4020001,4,1001,,0,0,1,0,,0,0,,0,4020001,0,0,0,0,0,0,0,0,head_4020001_2,skin_desc_4020001,ui_common_212,1,0
4020002,头像·桃灼春融,skin_name_4020002,4,1001,,0,0,1,0,,0,0,,0,4020002,0,0,0,0,0,0,0,0,head_4020002_2,skin_desc_4020002,ui_common_212,2,0
4020003,嗜甜小魔王,skin_name_4020003,4,1001,,0,0,1,0,,0,0,,0,4020003,0,0,0,0,0,0,0,0,head_4020003_2,skin_desc_4020003,ui_common_212,3,0
4020004,在干坏事？,skin_name_4020004,4,1001,,0,0,1,0,,0,0,,0,4020004,0,0,0,0,0,0,0,0,head_4020004_2,skin_desc_4020004,ui_common_212,4,0
4020005,头像·塞雷斯蒂娜,skin_name_4020005,4,1001,,0,0,1,0,,0,0,,0,4020005,0,0,0,0,0,0,0,0,head_4020005_2,skin_desc_4020005,ui_common_212,5,0
4020006,头像·瑞比娅,skin_name_4020006,4,1001,,0,0,1,0,,0,0,,0,4020006,0,0,0,0,0,0,0,0,head_4020006_2,skin_desc_4020006,ui_common_212,6,0
4020007,头像·昔莱,skin_name_4020007,4,1001,,0,0,1,0,,0,0,,0,4020007,0,0,0,0,0,0,0,0,head_4020007_2,skin_desc_4020007,ui_common_212,7,0
4020008,邻家饕客,skin_name_4020008,4,1001,,0,0,1,0,,0,0,,0,4020008,0,0,0,0,0,0,0,0,head_4020008_2,skin_desc_4020008,ui_common_212,8,0
4020009,头像·异邦波斯菊,skin_name_4020009,4,1001,,0,0,1,0,,0,0,,0,4020009,0,0,0,0,0,0,0,0,head_4020009_2,skin_desc_4020009,ui_common_212,9,0
4020010,回望千灯之刹,skin_name_4020010,4,1001,,0,0,1,0,,0,0,,0,4020010,0,0,0,0,0,0,0,0,head_4020010_2,skin_desc_4020010,ui_common_212,10,0
4020011,专业精神,skin_name_4020011,4,1001,,0,0,1,0,,0,0,,0,4020011,0,0,0,0,0,0,0,0,head_4020011_2,skin_desc_4020011,ui_common_212,11,0
4020012,希尔拜亚守护者,skin_name_4020012,4,1001,,0,0,1,0,,0,0,,0,4020012,0,0,0,0,0,0,0,0,head_4020012_2,skin_desc_4020012,ui_common_212,12,0
4020013,丝缕思虑,skin_name_4020013,4,1001,,0,0,1,0,,0,0,,0,4020013,0,0,0,0,0,0,0,0,head_4020013_2,skin_desc_4020013,ui_common_212,13,0
4020014,赞许之时,skin_name_4020014,4,1001,,0,0,1,0,,0,0,,0,4020014,0,0,0,0,0,0,0,0,head_4020014_2,skin_desc_4020014,ui_common_212,14,0
4020015,工作犬,skin_name_4020015,4,1001,,0,0,1,0,,0,0,,0,4020015,0,0,0,0,0,0,0,0,head_4020015_2,skin_desc_4020015,ui_common_212,15,0
4020016,独处犬,skin_name_4020016,4,1001,,0,0,1,0,,0,0,,0,4020016,0,0,0,0,0,0,0,0,head_4020016_2,skin_desc_4020016,ui_common_212,16,0
4020017,梦呓犬,skin_name_4020017,4,1001,,0,0,1,0,,0,0,,0,4020017,0,0,0,0,0,0,0,0,head_4020017_2,skin_desc_4020017,ui_common_212,17,0
4020018,纯稚天理,skin_name_4020018,4,1001,,0,0,1,0,,0,0,,0,4020018,0,0,0,0,0,0,0,0,head_4020018_2,skin_desc_4020018,ui_common_212,18,0
4020019,星火不灭,skin_name_4020019,4,1001,,0,0,1,0,,0,0,,0,4020019,0,0,0,0,0,0,0,0,head_4020019_2,skin_desc_4020019,ui_common_212,19,0
4020020,月之咏叹调,skin_name_4020020,4,1001,,0,0,1,0,,0,0,,0,4020020,0,0,0,0,0,0,0,0,head_4020020_2,skin_desc_4020020,ui_common_212,20,0
4020021,关切注视,skin_name_4020021,4,1001,,0,0,1,0,,0,0,,0,4020021,0,0,0,0,0,0,0,0,head_4020021_2,skin_desc_4020021,ui_common_212,21,0
4020022,千年之行,skin_name_4020022,4,1001,,0,0,1,0,,0,0,,0,4020022,0,0,0,0,0,0,0,0,head_4020022_2,skin_desc_4020022,ui_common_212,22,0
4020023,五颜六甜,skin_name_4020023,4,1001,,0,0,1,0,,0,0,,0,4020023,0,0,0,0,0,0,0,0,head_4020023_2,skin_desc_4020023,ui_common_212,23,0
4020024,计策成功,skin_name_4020024,4,1001,,0,0,1,0,,0,0,,0,4020024,0,0,0,0,0,0,0,0,head_4020024_2,skin_desc_4020024,ui_common_212,24,0
4020025,风中爱人,skin_name_4020025,4,1001,,0,0,1,0,,0,0,,0,4020025,0,0,0,0,0,0,0,0,head_4020025_2,skin_desc_4020025,ui_common_212,25,0
4020027,专武累消,skin_name_4020027,4,1001,,0,0,1,0,,0,0,,0,4020027,0,0,0,0,0,0,0,0,head_4020027_2,skin_desc_4020027,ui_common_212,26,0
4020028,穹空逸想,skin_name_4020028,4,1001,,0,0,1,0,,0,0,,0,4020028,0,0,0,0,0,0,0,0,head_4020028_2,skin_desc_4020028,ui_common_212,27,0
4020029,迷失心途,skin_name_4020029,4,1001,,0,0,1,0,,0,0,,0,4020029,0,0,0,0,0,0,0,0,head_4020029_2,skin_desc_4020029,ui_common_212,28,0
4020030,迷途梦语,skin_name_4020030,4,1001,,0,0,1,0,,0,0,,0,4020030,0,0,0,0,0,0,0,0,head_4020030_2,skin_desc_4020030,ui_common_212,29,0
4020031,出炉贝果,skin_name_4020031,4,1001,,0,0,1,0,,0,0,,0,4020031,0,0,0,0,0,0,0,0,head_4020031_2,skin_desc_4020031,ui_common_212,30,0
4020032,意志如冰,skin_name_4020032,4,1001,,0,0,1,0,,0,0,,0,4020032,0,0,0,0,0,0,0,0,head_4020032_2,skin_desc_4020032,ui_common_212,31,0
4020033,神乐之下,skin_name_4020033,4,1001,,0,0,1,0,,0,0,,0,4020033,0,0,0,0,0,0,0,0,head_4020033_2,skin_desc_4020033,ui_common_212,32,0
4020034,少女嫣语,skin_name_4020034,4,1001,,0,0,1,0,,0,0,,0,4020034,0,0,0,0,0,0,0,0,head_4020034_2,skin_desc_4020034,ui_common_212,33,0
4020035,可怜人,skin_name_4020035,4,1001,,0,0,1,0,,0,0,,0,4020035,0,0,0,0,0,0,0,0,head_4020035_2,skin_desc_4020035,ui_common_212,34,0
4020036,感觉身体被掏空,skin_name_4020036,4,1001,,0,0,1,0,,0,0,,0,4020036,0,0,0,0,0,0,0,0,head_4020036_2,skin_desc_4020036,ui_common_212,35,0
4020037,心翼似火,skin_name_4020037,4,1001,,0,0,1,0,,0,0,,0,4020037,0,0,0,0,0,0,0,0,head_4020037_2,skin_desc_4020037,ui_common_212,36,0
4020038,幸运旅人,skin_name_4020038,4,1001,,0,0,1,0,,0,0,,0,4020038,0,0,0,0,0,0,0,0,head_4020038_2,skin_desc_4020038,ui_common_212,37,0
4020039,微笑练习,skin_name_4020039,4,1001,,0,0,1,0,,0,0,,0,4020039,0,0,0,0,0,0,0,0,head_4020039_2,skin_desc_4020039,ui_common_212,38,0
4020040,神的左右手,skin_name_4020040,4,1001,,0,0,1,0,,0,0,,0,4020040,0,0,0,0,0,0,0,0,head_4020040_2,skin_desc_4020040,ui_common_212,39,0
4020041,锦绣丽韵,skin_name_4020041,4,1001,,0,0,1,0,,0,0,,0,4020041,0,0,0,0,0,0,0,0,head_4020041_2,skin_desc_4020041,ui_common_212,40,0
4020042,初升日冕,skin_name_4020042,4,1001,,0,0,1,0,,0,0,,0,4020042,0,0,0,0,0,0,0,0,head_4020042_2,skin_desc_4020042,ui_common_212,41,0
4020043,微笑练习,skin_name_4020043,4,1001,,0,0,1,0,,0,0,,0,4020043,0,0,0,0,0,0,0,0,head_4020043_2,skin_desc_4020043,ui_common_212,42,0
4020044,茸茸派对,skin_name_4020044,4,1001,,0,0,1,0,,0,0,,0,4020044,0,0,0,0,0,0,0,0,head_4020044_2,skin_desc_4020044,ui_common_212,43,0
4020045,诺亚待机中,skin_name_4020045,4,1001,,0,0,1,0,,0,0,,0,4020045,0,0,0,0,0,0,0,0,head_4020045_2,skin_desc_4020045,ui_common_212,44,0
4020046,恶龙降临,skin_name_4020046,4,1001,,0,0,1,0,,0,0,,0,4020046,0,0,0,0,0,0,0,0,head_4020046_2,skin_desc_4020046,ui_common_212,45,0
8049,勤奋的打工人.I,item_name_8049,1,1016,,0,9001,0,0,,0,0,,0,900049,0,0,0,0,0,0,0,0,5080001_icon,,,1,0
8050,勤奋的打工人.II,item_name_8050,1,1016,,0,9001,0,0,,0,0,,0,900050,0,0,0,0,0,0,0,0,5080002_icon,,,1,0
8051,勤奋的打工人.III,item_name_8051,1,1016,,0,9001,0,0,,0,0,,0,900051,0,0,0,0,0,0,0,0,5080003_icon,,,1,0
8052,勤奋的打工人.IV,item_name_8052,1,1016,,0,9001,0,0,,0,0,,0,900052,0,0,0,0,0,0,0,0,5080004_icon,,,1,0
8053,勤奋的打工人.V,item_name_8053,1,1016,,0,9001,0,0,,0,0,,0,900053,0,0,0,0,0,0,0,0,5080005_icon,,,1,0
8054,勤奋的打工人.VI,item_name_8054,1,1016,,0,9001,0,0,,0,0,,0,900054,0,0,0,0,0,0,0,0,5080006_icon,,,1,0
8055,我立于百万生命之上.I,item_name_8055,1,1016,,0,9001,0,0,,0,0,,0,900055,0,0,0,0,0,0,0,0,5080007_icon,,,1,0
8056,我立于百万生命之上.II,item_name_8056,1,1016,,0,9001,0,0,,0,0,,0,900056,0,0,0,0,0,0,0,0,5080008_icon,,,1,0
8057,我立于百万生命之上.III,item_name_8057,1,1016,,0,9001,0,0,,0,0,,0,900057,0,0,0,0,0,0,0,0,5080009_icon,,,1,0
8058,我立于百万生命之上.IV,item_name_8058,1,1016,,0,9001,0,0,,0,0,,0,900058,0,0,0,0,0,0,0,0,5080010_icon,,,1,0
8059,我立于百万生命之上.V,item_name_8059,1,1016,,0,9001,0,0,,0,0,,0,900059,0,0,0,0,0,0,0,0,5080011_icon,,,1,0
8060,我立于百万生命之上.VI,item_name_8060,1,1016,,0,9001,0,0,,0,0,,0,900060,0,0,0,0,0,0,0,0,5080012_icon,,,1,0
8061,你渴望力量吗？.I,item_name_8061,1,1016,,0,9001,0,0,,0,0,,0,900061,0,0,0,0,0,0,0,0,5080019_icon,,,1,0
8062,你渴望力量吗？.II,item_name_8062,1,1016,,0,9001,0,0,,0,0,,0,900062,0,0,0,0,0,0,0,0,5080020_icon,,,1,0
8063,你渴望力量吗？.III,item_name_8063,1,1016,,0,9001,0,0,,0,0,,0,900063,0,0,0,0,0,0,0,0,5080021_icon,,,1,0
8064,你渴望力量吗？.IV,item_name_8064,1,1016,,0,9001,0,0,,0,0,,0,900064,0,0,0,0,0,0,0,0,5080022_icon,,,1,0
8065,你渴望力量吗？.V,item_name_8065,1,1016,,0,9001,0,0,,0,0,,0,900065,0,0,0,0,0,0,0,0,5080023_icon,,,1,0
8066,行万里路.I,item_name_8066,1,1016,,0,9001,0,0,,0,0,,0,900066,0,0,0,0,0,0,0,0,5080024_icon,,,1,0
8067,行万里路.II,item_name_8067,1,1016,,0,9001,0,0,,0,0,,0,900067,0,0,0,0,0,0,0,0,5080025_icon,,,1,0
8068,行万里路.III,item_name_8068,1,1016,,0,9001,0,0,,0,0,,0,900068,0,0,0,0,0,0,0,0,5080026_icon,,,1,0
8069,行万里路.IV,item_name_8069,1,1016,,0,9001,0,0,,0,0,,0,900069,0,0,0,0,0,0,0,0,5080027_icon,,,1,0
8070,行万里路.V,item_name_8070,1,1016,,0,9001,0,0,,0,0,,0,900070,0,0,0,0,0,0,0,0,5080028_icon,,,1,0
8071,今天又是充满希望的一天.I,item_name_8071,1,1016,,0,9001,0,0,,0,0,,0,900071,0,0,0,0,0,0,0,0,5080034_icon,,,1,0
8072,今天又是充满希望的一天.II,item_name_8072,1,1016,,0,9001,0,0,,0,0,,0,900072,0,0,0,0,0,0,0,0,5080035_icon,,,1,0
8073,今天又是充满希望的一天.III,item_name_8073,1,1016,,0,9001,0,0,,0,0,,0,900073,0,0,0,0,0,0,0,0,5080036_icon,,,1,0
8074,今天又是充满希望的一天.IV,item_name_8074,1,1016,,0,9001,0,0,,0,0,,0,900074,0,0,0,0,0,0,0,0,5080037_icon,,,1,0
8075,今天又是充满希望的一天.V,item_name_8075,1,1016,,0,9001,0,0,,0,0,,0,900075,0,0,0,0,0,0,0,0,5080038_icon,,,1,0
8076,错的不是我，是世界.I,item_name_8076,1,1016,,0,9004,0,0,,0,0,,0,900076,0,0,0,0,0,0,0,0,5080051_icon,,,1,0
8077,错的不是我，是世界.II,item_name_8077,1,1016,,0,9004,0,0,,0,0,,0,900077,0,0,0,0,0,0,0,0,5080052_icon,,,1,0
8078,错的不是我，是世界.III,item_name_8078,1,1016,,0,9004,0,0,,0,0,,0,900078,0,0,0,0,0,0,0,0,5080053_icon,,,1,0
8079,飞天小魔女.I,item_name_8079,1,1016,,0,9001,0,0,,0,0,,0,900079,0,0,0,0,0,0,0,0,5080054_icon,,,1,0
8080,飞天小魔女.II,item_name_8080,1,1016,,0,9001,0,0,,0,0,,0,900080,0,0,0,0,0,0,0,0,5080055_icon,,,1,0
8081,飞天小魔女.III,item_name_8081,1,1016,,0,9001,0,0,,0,0,,0,900081,0,0,0,0,0,0,0,0,5080056_icon,,,1,0
8082,星痕大家族！.I,item_name_8082,1,1016,,0,9001,0,0,,0,0,,0,900082,0,0,0,0,0,0,0,0,5080087_icon,,,1,0
8083,星痕大家族！.II,item_name_8083,1,1016,,0,9001,0,0,,0,0,,0,900083,0,0,0,0,0,0,0,0,5080088_icon,,,1,0
8084,星痕大家族！.III,item_name_8084,1,1016,,0,9001,0,0,,0,0,,0,900084,0,0,0,0,0,0,0,0,5080089_icon,,,1,0
8085,君子爱财,item_name_8085,1,1016,,0,9004,0,0,,0,0,,0,900085,0,0,0,0,0,0,0,0,5080095_icon,,,1,0
8086,虚空冒险家,item_name_8086,1,1016,,0,9004,0,0,,0,0,,0,900086,0,0,0,0,0,0,0,0,5080097_icon,,,1,0
8087,秩序守护人,item_name_8087,1,1016,,0,9004,0,0,,0,0,,0,900087,0,0,0,0,0,0,0,0,5080098_icon,,,1,0
8088,不要贪吃,item_name_8088,1,1016,,0,9003,0,0,,0,0,,0,900088,0,0,0,0,0,0,0,0,5080099_icon,,,1,0
8089,不要贪吃·专家,item_name_8089,1,1016,,0,9006,0,0,,0,0,,0,900089,0,0,0,0,0,0,0,0,5080103_icon,,,1,0
8090,好吃的留到最后,item_name_8090,1,1016,,0,9003,0,0,,0,0,,0,900090,0,0,0,0,0,0,0,0,5080241_icon,,,1,0
8091,好吃的留到最后·专家,item_name_8091,1,1016,,0,9006,0,0,,0,0,,0,900091,0,0,0,0,0,0,0,0,5080242_icon,,,1,0
8092,窈窕淑女,item_name_8092,1,1016,,0,9003,0,0,,0,0,,0,900092,0,0,0,0,0,0,0,0,5080100_icon,,,1,0
8093,窈窕淑女·专家,item_name_8093,1,1016,,0,9006,0,0,,0,0,,0,900093,0,0,0,0,0,0,0,0,5080104_icon,,,1,0
8094,届不到的恋,item_name_8094,1,1016,,0,9003,0,0,,0,0,,0,900094,0,0,0,0,0,0,0,0,5080245_icon,,,1,0
8095,届不到的恋·专家,item_name_8095,1,1016,,0,9006,0,0,,0,0,,0,900095,0,0,0,0,0,0,0,0,5080246_icon,,,1,0
8096,我，即是愤怒,item_name_8096,1,1016,,0,9003,0,0,,0,0,,0,900096,0,0,0,0,0,0,0,0,5080101_icon,,,1,0
8097,我，即是愤怒·专家,item_name_8097,1,1016,,0,9006,0,0,,0,0,,0,900097,0,0,0,0,0,0,0,0,5080105_icon,,,1,0
8098,已经没有什么好害怕了,item_name_8098,1,1016,,0,9003,0,0,,0,0,,0,900098,0,0,0,0,0,0,0,0,5080249_icon,,,1,0
8099,已经没有什么好害怕了·专家,item_name_8099,1,1016,,0,9006,0,0,,0,0,,0,900099,0,0,0,0,0,0,0,0,5080250_icon,,,1,0
8100,一个能打的都没有,item_name_8100,1,1016,,0,9001,0,0,,0,0,,0,900100,0,0,0,0,0,0,0,0,5080112_icon,,,1,0
8101,都退下让我来,item_name_8101,1,1016,,0,9005,0,0,,0,0,,0,900101,0,0,0,0,0,0,0,0,5080133_icon,,,1,0
8102,就交给我吧,item_name_8102,1,1016,,0,9005,0,0,,0,0,,0,900102,0,0,0,0,0,0,0,0,5080134_icon,,,1,0
8103,恕我直言,item_name_8103,1,1016,,0,9005,0,0,,0,0,,0,900103,0,0,0,0,0,0,0,0,5080135_icon,,,1,0
8104,咱家有钱了！,item_name_8104,1,1016,,0,9002,0,0,,0,0,,0,900104,0,0,0,0,0,0,0,0,5080137_icon,,,1,0
8105,我从来不花钱的,item_name_8105,1,1016,,0,9002,0,0,,0,0,,0,900105,0,0,0,0,0,0,0,0,5080138_icon,,,1,0
8106,我就是魔女,item_name_8106,1,1016,,0,9002,0,0,,0,0,,0,900106,0,0,0,0,0,0,0,0,5080195_icon,,,1,0
8107,永远的伙伴,item_name_8107,1,1016,,0,9002,0,0,,0,0,,0,900107,0,0,0,0,0,0,0,0,5080196_icon,,,1,0
8108,可靠的魔女,item_name_8108,1,1016,,0,9002,0,0,,0,0,,0,900108,0,0,0,0,0,0,0,0,5080197_icon,,,1,0
8109,文学少女,item_name_8109,1,1016,,0,9002,0,0,,0,0,,0,900109,0,0,0,0,0,0,0,0,5080198_icon,,,1,0
8110,运动系少女？,item_name_8110,1,1016,,0,9002,0,0,,0,0,,0,900110,0,0,0,0,0,0,0,0,5080199_icon,,,1,0
8111,历史爱好者,item_name_8111,1,1016,,0,9002,0,0,,0,0,,0,900111,0,0,0,0,0,0,0,0,5080411_icon,,,1,0
8112,活泼的邮件管理员,item_name_8112,1,1016,,0,9002,0,0,,0,0,,0,900112,0,0,0,0,0,0,0,0,5080217_icon,,,1,0
8113,没干劲的邮件管理员,item_name_8113,1,1016,,0,9002,0,0,,0,0,,0,900113,0,0,0,0,0,0,0,0,5080218_icon,,,1,0
8114,我只教一次,item_name_8114,1,1016,,0,9002,0,0,,0,0,,0,900114,0,0,0,0,0,0,0,0,5080220_icon,,,1,0
8115,出关,item_name_8115,1,1016,,0,9002,0,0,,0,0,,0,900115,0,0,0,0,0,0,0,0,5080221_icon,,,1,0
8116,这是一场试炼！.I,item_name_8116,1,1016,,0,9002,0,0,,0,0,,0,900116,0,0,0,0,0,0,0,0,5080222_icon,,,1,0
8117,这是一场试炼！.II,item_name_8117,1,1016,,0,9002,0,0,,0,0,,0,900117,0,0,0,0,0,0,0,0,5080223_icon,,,1,0
8118,这是一场试炼！.III,item_name_8118,1,1016,,0,9002,0,0,,0,0,,0,900118,0,0,0,0,0,0,0,0,5080224_icon,,,1,0
8119,这是一场试炼！.IV,item_name_8119,1,1016,,0,9002,0,0,,0,0,,0,900119,0,0,0,0,0,0,0,0,5080225_icon,,,1,0
8120,这是一场试炼！.V,item_name_8120,1,1016,,0,9002,0,0,,0,0,,0,900120,0,0,0,0,0,0,0,0,5080226_icon,,,1,0
8121,这是一场试炼！.VI,item_name_8121,1,1016,,0,9002,0,0,,0,0,,0,900121,0,0,0,0,0,0,0,0,5080227_icon,,,1,0
8122,侍主叫我来巡城！.I,item_name_8122,1,1016,,0,9002,0,0,,0,0,,0,900122,0,0,0,0,0,0,0,0,5080228_icon,,,1,0
8123,侍主叫我来巡城！.II,item_name_8123,1,1016,,0,9002,0,0,,0,0,,0,900123,0,0,0,0,0,0,0,0,5080229_icon,,,1,0
8124,侍主叫我来巡城！.III,item_name_8124,1,1016,,0,9002,0,0,,0,0,,0,900124,0,0,0,0,0,0,0,0,5080230_icon,,,1,0
8125,侍主叫我来巡城！.IV,item_name_8125,1,1016,,0,9002,0,0,,0,0,,0,900125,0,0,0,0,0,0,0,0,5080231_icon,,,1,0
8126,侍主叫我来巡城！.V,item_name_8126,1,1016,,0,9002,0,0,,0,0,,0,900126,0,0,0,0,0,0,0,0,5080232_icon,,,1,0
8127,侍主叫我来巡城！.VI,item_name_8127,1,1016,,0,9002,0,0,,0,0,,0,900127,0,0,0,0,0,0,0,0,5080233_icon,,,1,0
8128,敌羞，吾去脱他衣！.I,item_name_8128,1,1016,,0,9007,0,0,,0,0,,0,900128,0,0,0,0,0,0,0,0,5080234_icon,,,1,0
8129,敌羞，吾去脱他衣！.II,item_name_8129,1,1016,,0,9007,0,0,,0,0,,0,900129,0,0,0,0,0,0,0,0,5080235_icon,,,1,0
8130,敌羞，吾去脱他衣！.III,item_name_8130,1,1016,,0,9007,0,0,,0,0,,0,900130,0,0,0,0,0,0,0,0,5080236_icon,,,1,0
8131,敌羞，吾去脱他衣！.IV,item_name_8131,1,1016,,0,9007,0,0,,0,0,,0,900131,0,0,0,0,0,0,0,0,5080237_icon,,,1,0
8132,敌羞，吾去脱他衣！.V,item_name_8132,1,1016,,0,9007,0,0,,0,0,,0,900132,0,0,0,0,0,0,0,0,5080238_icon,,,1,0
8133,敌羞，吾去脱他衣！.VI,item_name_8133,1,1016,,0,9007,0,0,,0,0,,0,900133,0,0,0,0,0,0,0,0,5080239_icon,,,1,0
8134,音乐发烧友.I,item_name_8134,1,1016,,0,9001,0,0,,0,0,,0,900134,0,0,0,0,0,0,0,0,5080143_icon,,,1,0
8135,音乐发烧友.II,item_name_8135,1,1016,,0,9001,0,0,,0,0,,0,900135,0,0,0,0,0,0,0,0,5080144_icon,,,1,0
8136,音乐鉴赏家！,item_name_8136,1,1016,,0,9001,0,0,,0,0,,0,900136,0,0,0,0,0,0,0,0,5080090_icon,,,1,0
8137,缺一不可,item_name_8137,1,1016,,0,9001,0,0,,0,0,,0,900137,0,0,0,0,0,0,0,0,5080110_icon,,,1,0
8138,一骑当千,item_name_8138,1,1016,,0,9001,0,0,,0,0,,0,900138,0,0,0,0,0,0,0,0,5080203_icon,,,1,0
8139,既定事项.I,item_name_8139,1,1016,,0,9001,0,0,,0,0,,0,900139,0,0,0,0,0,0,0,0,5080114_icon,,,1,0
8140,既定事项.II,item_name_8140,1,1016,,0,9001,0,0,,0,0,,0,900140,0,0,0,0,0,0,0,0,5080139_icon,,,1,0
8141,4件套,item_name_8141,1,1016,,0,9002,0,0,,0,0,,0,900141,0,0,0,0,0,0,0,0,5080201_icon,,,1,0
8142,传说中的饰品,item_name_8142,1,1016,,0,9002,0,0,,0,0,,0,900142,0,0,0,0,0,0,0,0,5080202_icon,,,1,0
8143,恋爱循环.I,item_name_8143,1,1016,,0,9002,0,0,,0,0,,0,900143,0,0,0,0,0,0,0,0,5080204_icon,,,1,0
8144,恋爱循环.II,item_name_8144,1,1016,,0,9002,0,0,,0,0,,0,900144,0,0,0,0,0,0,0,0,5080205_icon,,,1,0
8145,恋爱循环.III,item_name_8145,1,1016,,0,9002,0,0,,0,0,,0,900145,0,0,0,0,0,0,0,0,5080206_icon,,,1,0
8146,恋爱循环.IV,item_name_8146,1,1016,,0,9002,0,0,,0,0,,0,900146,0,0,0,0,0,0,0,0,5080207_icon,,,1,0
8147,恋爱循环.V,item_name_8147,1,1016,,0,9002,0,0,,0,0,,0,900147,0,0,0,0,0,0,0,0,5080208_icon,,,1,0
8148,恋爱循环.VI,item_name_8148,1,1016,,0,9002,0,0,,0,0,,0,900148,0,0,0,0,0,0,0,0,5080209_icon,,,1,0
8149,电脑配件,item_name_8149,1,1016,,0,9002,0,0,,0,0,,0,900149,0,0,0,0,0,0,0,0,5080210_icon,,,1,0
8150,我心永恒,item_name_8150,1,1016,,0,9002,0,0,,0,0,,0,900150,0,0,0,0,0,0,0,0,5080211_icon,,,1,0
8151,刚才那个人是谁啊？,item_name_8151,1,1016,,0,9001,0,0,,0,0,,0,900151,0,0,0,0,0,0,0,0,5080412_icon,,,1,0
8152,如果纯爱有颜色,item_name_8152,1,1016,,0,9001,0,0,,0,0,,0,900152,0,0,0,0,0,0,0,0,5080383_icon,,,1,0
8153,围绕你的世界，比你所想更温柔,item_name_8153,1,1016,,0,9001,0,0,,0,0,,0,900153,0,0,0,0,0,0,0,0,5080422_icon,,,1,0
8154,天下谁人不知龙.I,item_name_8154,1,1016,,0,9001,0,0,,0,0,,0,900154,0,0,0,0,0,0,0,0,5080428_icon,,,1,0
8155,天下谁人不知龙.II,item_name_8155,1,1016,,0,9001,0,0,,0,0,,0,900155,0,0,0,0,0,0,0,0,5080427_icon,,,1,0
8156,天下谁人不知龙.III,item_name_8156,1,1016,,0,9001,0,0,,0,0,,0,900156,0,0,0,0,0,0,0,0,5080426_icon,,,1,0
1031001,飨宴：千年的开幕,sound_name_8120015,4,1031,,0,0,1,0,,0,0,,0,0,0,0,0,0,0,0,0,0,bgm_TongYong_02_ZangJieZhuTi_1,item_des_1031001,,1,0
1031002,预兆：毒蛇,sound_name_8120016,4,1031,,0,0,1,0,,0,0,,0,0,0,0,0,0,0,0,0,0,bgm_TongYong_03_ZangJieZhuTi_2,item_des_1031002,,2,0
1031003,觉醒进行曲,sound_name_8120017,4,1031,,0,0,1,0,,0,0,,0,0,0,0,0,0,0,0,0,0,bgm_TongYong_04_ZangJieZhuTi_3,item_des_1031003,,3,0
1031004,求天母垂怜,sound_name_8120018,4,1031,,0,0,1,0,,0,0,,0,0,0,0,0,0,0,0,0,0,bgm_TongYong_05_ZangJieZhuTi_4,item_des_1031004,,4,0
1031005,第十三号码头,sound_name_8120019,4,1031,,0,0,1,0,,0,0,,0,0,0,0,0,0,0,0,0,0,bgm_ZhangJie_5,item_des_1031005,,5,0
1031006,春的思绪,sound_name_8120021,4,1031,,0,0,1,0,,0,0,,0,0,0,0,0,0,0,0,0,0,bgm_TongYong_06_JuQing_ZhengChang,item_des_1031006,,6,0
1031007,集结之时,sound_name_8120024,4,1031,,0,0,1,0,,0,0,,0,0,0,0,0,0,0,0,0,0,bgm_TongYong_07_JuQing_JinZhang,item_des_1031007,,7,0
1031008,英雄的矜持,sound_name_8120025,4,1031,,0,0,1,0,,0,0,,0,0,0,0,0,0,0,0,0,0,bgm_TongYong_11_JuQing_ShengLi,item_des_1031008,,8,0
1031009,冬日追叙,sound_name_8120026,4,1031,,0,0,1,0,,0,0,,0,0,0,0,0,0,0,0,0,0,bgm_TongYong_13_JuQing_BeiShang,item_des_1031009,,9,0
1031010,残阳暮盼,sound_name_8120027,4,1031,,0,0,1,0,,0,0,,0,0,0,0,0,0,0,0,0,0,bgm_TongYong_15_JuQing_HuiYi,item_des_1031010,,10,0
1031011,悲怆的君主,sound_name_8120028,4,1031,,0,0,1,0,,0,0,,0,0,0,0,0,0,0,0,0,0,bgm_JuQing_BeiChuangDeJunZhu,item_des_1031011,,11,0
1031012,小魔女欢快舞,sound_name_8120029,4,1031,,0,0,1,0,,0,0,,0,0,0,0,0,0,0,0,0,0,bgm_JuQing_XiaoMoNvHuanKuaiWu,item_des_1031012,,12,0
1031013,真理的危机,sound_name_8120030,4,1031,,0,0,1,0,,0,0,,0,0,0,0,0,0,0,0,0,0,bgm_JuQing_ZhenLiDeWeiJi,item_des_1031013,,13,0
1031014,邪恶的阴谋,sound_name_8120031,4,1031,,0,0,1,0,,0,0,,0,0,0,0,0,0,0,0,0,0,bgm_JuQing_XieEYinMou,item_des_1031014,,14,0
1031015,星空之下,sound_name_8120032,4,1031,,0,0,1,0,,0,0,,0,0,0,0,0,0,0,0,0,0,bgm_JuQing_XingKongZhiXia,item_des_1031015,,15,0
1031016,精灵印记,sound_name_8120033,4,1031,,0,0,1,0,,0,0,,0,0,0,0,0,0,0,0,0,0,bgm_JuQing_JingLingYinJi,item_des_1031016,,16,0
1031017,伤感时刻,sound_name_8120034,4,1031,,0,0,1,0,,0,0,,0,0,0,0,0,0,0,0,0,0,bgm_JuQing_ShangGanShiKe,item_des_1031017,,17,0
1031018,奋起直追,sound_name_8120035,4,1031,,0,0,1,0,,0,0,,0,0,0,0,0,0,0,0,0,0,bgm_JuQing_FenQiZhiZhui,item_des_1031018,,18,0
1031019,记忆长廊,sound_name_8120036,4,1031,,0,0,1,0,,0,0,,0,0,0,0,0,0,0,0,0,0,bgm_JuQing_JiYiChangLang,item_des_1031019,,19,0
1031020,牵绊的力量,sound_name_8120037,4,1031,,0,0,1,0,,0,0,,0,0,0,0,0,0,0,0,0,0,bgm_JuQing_QianBanLiLiang,item_des_1031020,,20,0
1031021,斗争的矜持,sound_name_8120038,4,1031,,0,0,1,0,,0,0,,0,0,0,0,0,0,0,0,0,0,bgm_JuQing_DouZhengJinChi,item_des_1031021,,21,0
1031022,阳光旅途,sound_name_8120039,4,1031,,0,0,1,0,,0,0,,0,0,0,0,0,0,0,0,0,0,bgm_JuQing_YangGuangLvTu,item_des_1031022,,22,0
1031023,庆典,sound_name_8120040,4,1031,,0,0,1,0,,0,0,,0,0,0,0,0,0,0,0,0,0,bgm_JuQing_QingDian,item_des_1031023,,23,0
1031024,光阴驻足,sound_name_8120043,4,1031,,0,0,1,0,,0,0,,0,0,0,0,0,0,0,0,0,0,bgm_ZhuJieMian,item_des_1031024,,24,0
1031025,晚风,sound_name_8120052,4,1031,,0,0,1,0,,0,0,,0,0,0,0,0,0,0,0,0,0,bgm_RiChang_XianXia,item_des_1031025,,25,0
1031026,水波,sound_name_8120053,4,1031,,0,0,1,0,,0,0,,0,0,0,0,0,0,0,0,0,0,bgm_TongYong_01_RiChangChangJing,item_des_1031026,,26,0
1031027,贝儿的夜间大巡游,sound_name_8120054,4,1031,,0,0,1,0,,0,0,,0,0,0,0,0,0,0,0,0,0,bgm_ZhanDou_Boss_BaoShi,item_des_1031027,,27,0
1031028,獠牙显露之刻,sound_name_8120055,4,1031,,0,0,1,0,,0,0,,0,0,0,0,0,0,0,0,0,0,bgm_ZhanDou_Boss_SeYu,item_des_1031028,,28,0
1031029,震怒之时,sound_name_8120056,4,1031,,0,0,1,0,,0,0,,0,0,0,0,0,0,0,0,0,0,bgm_ZhanDou_Boss_FenNu_Hong,item_des_1031029,,29,0
1031030,怒火的黎明,sound_name_8120057,4,1031,,0,0,1,0,,0,0,,0,0,0,0,0,0,0,0,0,0,bgm_ZhanDou_Boss_FenNu_Lan,item_des_1031030,,30,0
1031031,戏谑偶像,sound_name_8120058,4,1031,,0,0,1,0,,0,0,,0,0,0,0,0,0,0,0,0,0,bgm_ZhanDou_Boss_JiDu,item_des_1031031,,31,0
1031032,魔法阵,sound_name_8120059,4,1031,,0,0,1,0,,0,0,,0,0,0,0,0,0,0,0,0,0,bgm_ZhanDou_TongYong_01,item_des_1031032,,32,0
1031033,铁幕,sound_name_8120060,4,1031,,0,0,1,0,,0,0,,0,0,0,0,0,0,0,0,0,0,bgm_ZhanDou_TongYong_02,item_des_1031033,,33,0
1031034,塔：突击,sound_name_8120061,4,1031,,0,0,1,0,,0,0,,0,0,0,0,0,0,0,0,0,0,bgm_ZhanDou_TongYong_03,item_des_1031034,,34,0
1031035,废墟：激奏,sound_name_8120062,4,1031,,0,0,1,0,,0,0,,0,0,0,0,0,0,0,0,0,0,bgm_ZhanDou_TongYong_04,item_des_1031035,,35,0
1031036,宣战：誓言,sound_name_8120063,4,1031,,0,0,1,0,,0,0,,0,0,0,0,0,0,0,0,0,0,bgm_ZhanDou_XuanZhanShiYan,item_des_1031036,,36,0
1031037,激昂,sound_name_8120064,4,1031,,0,0,1,0,,0,0,,0,0,0,0,0,0,0,0,0,0,bgm_ZhanDou_Boss_01,item_des_1031037,,37,0
1031038,鼓舞,sound_name_8120065,4,1031,,0,0,1,0,,0,0,,0,0,0,0,0,0,0,0,0,0,bgm_ZhanDou_GuWu,item_des_1031038,,38,0
1031039,咆哮的夜晚,sound_name_8120067,4,1031,,0,0,1,0,,0,0,,0,0,0,0,0,0,0,0,0,0,bgm_ZhanDou_JingYing,item_des_1031039,,39,0
1031040,凯旋之时,sound_name_8120068,4,1031,,0,0,1,0,,0,0,,0,0,0,0,0,0,0,0,0,0,bgm_ZhanDou_ShengLi,item_des_1031040,,40,0
1031041,决不止步,sound_name_8120069,4,1031,,0,0,1,0,,0,0,,0,0,0,0,0,0,0,0,0,0,bgm_ZhanDou_ShiBai,item_des_1031041,,41,0
1031042,鏖战,sound_name_8120070,4,1031,,0,0,1,0,,0,0,,0,0,0,0,0,0,0,0,0,0,bgm_ZhanDou_AoZhan,item_des_1031042,,42,0
1031043,桥合战,sound_name_8120079,4,1031,,0,0,1,0,,0,0,,0,0,0,0,0,0,0,0,0,0,1006602_icon,item_des_1031043,,43,0
1031044,扼杀迷茫,sound_name_8120080,4,1031,,0,0,1,0,,0,0,,0,0,0,0,0,0,0,0,0,0,1006602_icon,item_des_1031044,,44,0
1031045,冲突的复苏,sound_name_8120081,4,1031,,0,0,1,0,,0,0,,0,0,0,0,0,0,0,0,0,0,1006602_icon,item_des_1031045,,45,0
1031046,矛盾的灵魂,sound_name_8120082,4,1031,,0,0,1,0,,0,0,,0,0,0,0,0,0,0,0,0,0,1006602_icon,item_des_1031046,,46,0
1031047,失控木偶,sound_name_8120083,4,1031,,0,0,1,0,,0,0,,0,0,0,0,0,0,0,0,0,0,1006602_icon,item_des_1031047,,47,0
1031048,问鼎,sound_name_8120084,4,1031,,0,0,1,0,,0,0,,0,0,0,0,0,0,0,0,0,0,bgm_ZhanDou_Shanding,item_des_1031048,,48,0
1031049,地窖,sound_name_8120085,4,1031,,0,0,1,0,,0,0,,0,0,0,0,0,0,0,0,0,0,1006602_icon,item_des_1031049,,49,0
1031050,暗涌,sound_name_8120086,4,1031,,0,0,1,0,,0,0,,0,0,0,0,0,0,0,0,0,0,bgm_ZhanDou_XiaShuiDao,item_des_1031050,,50,0
1031051,狭路,sound_name_8120087,4,1031,,0,0,1,0,,0,0,,0,0,0,0,0,0,0,0,0,0,bgm_ZhanDou_Xiaoxiang,item_des_1031051,,51,0
1031052,幽庭,sound_name_8120088,4,1031,,0,0,1,0,,0,0,,0,0,0,0,0,0,0,0,0,0,bgm_ZhanDou_Huayuan,item_des_1031052,,52,0
1031053,战斗_训练场,sound_name_8120089,4,1031,,0,0,1,0,,0,0,,0,0,0,0,0,0,0,0,0,0,bgm_ZhanDou_XunLianChang,item_des_1031053,,53,0
1031054,战斗_野外,sound_name_8120090,4,1031,,0,0,1,0,,0,0,,0,0,0,0,0,0,0,0,0,0,bgm_ZhanDou_YeWai,item_des_1031054,,54,0
1031055,战斗优势1,sound_name_8120094,4,1031,,0,0,1,0,,0,0,,0,0,0,0,0,0,0,0,0,0,1006602_icon,item_des_1031055,,55,0
1031056,常规战斗1,sound_name_8120095,4,1031,,0,0,1,0,,0,0,,0,0,0,0,0,0,0,0,0,0,1006602_icon,item_des_1031056,,56,0
1031057,剧情 戏剧家,sound_name_8120097,4,1031,,0,0,1,0,,0,0,,0,0,0,0,0,0,0,0,0,0,1006602_icon,item_des_1031057,,57,0
1031058,常规战斗2,sound_name_8120098,4,1031,,0,0,1,0,,0,0,,0,0,0,0,0,0,0,0,0,0,1006602_icon,item_des_1031058,,58,0
1031059,常规战斗3,sound_name_8120099,4,1031,,0,0,1,0,,0,0,,0,0,0,0,0,0,0,0,0,0,1006602_icon,item_des_1031059,,59,0
1031060,战斗优势2,sound_name_8120100,4,1031,,0,0,1,0,,0,0,,0,0,0,0,0,0,0,0,0,0,1006602_icon,item_des_1031060,,60,0
1031061,起源,sound_name_8120104,4,1031,,0,0,1,0,,0,0,,0,0,0,0,0,0,0,0,0,0,bgm_ZhuJieMian,item_des_1031061,,61,0
1031062,曦光颂,sound_name_8120105,4,1031,,0,0,1,0,,0,0,,0,0,0,0,0,0,0,0,0,0,bgm_ZhuJieMian,item_des_1031062,,62,0
1031063,双神之战,sound_name_8120014,4,1031,,0,0,1,0,,0,0,,0,0,0,0,0,0,0,0,0,0,1006602_icon,item_des_1031063,,63,0
1031064,三柱臣,sound_name_8120096,4,1031,,0,0,1,0,,0,0,,0,0,0,0,0,0,0,0,0,0,1006602_icon,item_des_1031064,,64,0
1031065,高远的夜空,sound_name_8120101,4,1031,,0,0,1,0,,0,0,,0,0,0,0,0,0,0,0,0,0,bgm_bbhd_ydx,item_des_1031065,,65,0
1031066,锦绣序曲,sound_name_8120102,4,1031,,0,0,1,0,,0,0,,0,0,0,0,0,0,0,0,0,0,bgm_bbhd_thd,item_des_1031066,,66,0
1031067,丹心阵,sound_name_8120103,4,1031,,0,0,1,0,,0,0,,0,0,0,0,0,0,0,0,0,0,bgm_bbhd_thd,item_des_1031067,,67,0
1031068,和光同尘,sound_name_8120108,4,1031,,0,0,1,0,,0,0,,0,0,0,0,0,0,0,0,0,0,bgm_bbhd_hgtc,item_des_1031068,,68,0
1031069,推理对决,sound_name_8120109,4,1031,,0,0,1,0,,0,0,,0,0,0,0,0,0,0,0,0,0,bgm_bbhd_zgndahq,item_des_1031069,,69,0
1031070,如履薄冰,sound_name_8120110,4,1031,,0,0,1,0,,0,0,,0,0,0,0,0,0,0,0,0,0,1006602_icon,item_des_1031070,,70,0
1031071,谨慎前行,sound_name_8120111,4,1031,,0,0,1,0,,0,0,,0,0,0,0,0,0,0,0,0,0,1006602_icon,item_des_1031071,,71,0
1031072,历史长河,sound_name_8120112,4,1031,,0,0,1,0,,0,0,,0,0,0,0,0,0,0,0,0,0,1006602_icon,item_des_1031072,,72,0
1031073,怀疑与猜忌,sound_name_8120113,4,1031,,0,0,1,0,,0,0,,0,0,0,0,0,0,0,0,0,0,1006602_icon,item_des_1031073,,73,0
1031074,龙舞声动,sound_name_8120114,4,1031,,0,0,1,0,,0,0,,0,0,0,0,0,0,0,0,0,0,bgm_bbhd_cytll,item_des_1031074,,74,0
1031075,烛月歌 ,sound_name_8120115,4,1031,,0,0,1,0,,0,0,,0,0,0,0,0,0,0,0,0,0,bgm_bbhd_cytll,item_des_1031075,,75,0
1031076,十里夜妆,sound_name_8120116,4,1031,,0,0,1,0,,0,0,,0,0,0,0,0,0,0,0,0,0,bgm_bbhd_cytll,item_des_1031076,,76,0
1031077,如蜜甘涩,sound_name_8120117,4,1031,,0,0,1,0,,0,0,,0,0,0,0,0,0,0,0,0,0,bgm_bbhd_wysdgs,item_des_1031077,,77,0
1031078,瓶中愿望,sound_name_8120118,4,1031,,0,0,1,0,,0,0,,0,0,0,0,0,0,0,0,0,0,bgm_bbhd_wysdgs,item_des_1031078,,78,0
1031079,地平线的颂歌,sound_name_8120119,4,1031,,0,0,1,0,,0,0,,0,0,0,0,0,0,0,0,0,0,bgm_bbhd_cgbf,item_des_1031079,,79,0
1031080,镜中双人舞,sound_name_8120120,4,1031,,0,0,1,0,,0,0,,0,0,0,0,0,0,0,0,0,0,bgm_bbhd_gsdazs,item_des_1031080,,80,0
1031081,迷影缭乱,sound_name_8120121,4,1031,,0,0,1,0,,0,0,,0,0,0,0,0,0,0,0,0,0,bgm_bbhd_rhll,item_des_1031081,,81,0
1031082,悖逆的回声,sound_name_8120122,4,1031,,0,0,1,0,,0,0,,0,0,0,0,0,0,0,0,0,0,bgm_bbhd_mnzy,item_des_1031082,,82,0
1031083,缄默之梦,sound_name_8120123,4,1031,,0,0,1,0,,0,0,,0,0,0,0,0,0,0,0,0,0,bgm_bbhd_zcdwd,item_des_1031083,,83,0
1031084,魔女的假日,sound_name_8120124,4,1031,,0,0,1,0,,0,0,,0,0,0,0,0,0,0,0,0,0,bgm_bbhd_zcdwd,item_des_1031084,,84,0
1031085,严肃之声,sound_name_8120125,4,1031,,0,0,1,0,,0,0,,0,0,0,0,0,0,0,0,0,0,bgm_bbhd_zcdwd,item_des_1031085,,85,0
1031086,星海往事,sound_name_8120001,4,1031,,0,0,1,0,,0,0,,0,0,0,0,0,0,0,0,0,0,1006602_icon,item_des_1031086,,86,0
1031087,创世纪,sound_name_8120002,4,1031,,0,0,1,0,,0,0,,0,0,0,0,0,0,0,0,0,0,1006602_icon,item_des_1031087,,87,0
1031088,禁忌之轮,sound_name_8120003,4,1031,,0,0,1,0,,0,0,,0,0,0,0,0,0,0,0,0,0,1006602_icon,item_des_1031088,,88,0
1031089,上古之战,sound_name_8120004,4,1031,,0,0,1,0,,0,0,,0,0,0,0,0,0,0,0,0,0,1006602_icon,item_des_1031089,,89,0
1031090,杰西斯之约,sound_name_8120005,4,1031,,0,0,1,0,,0,0,,0,0,0,0,0,0,0,0,0,0,1006602_icon,item_des_1031090,,90,0
1031091,物种洗牌,sound_name_8120006,4,1031,,0,0,1,0,,0,0,,0,0,0,0,0,0,0,0,0,0,1006602_icon,item_des_1031091,,91,0
1031092,黄金时代,sound_name_8120007,4,1031,,0,0,1,0,,0,0,,0,0,0,0,0,0,0,0,0,0,1006602_icon,item_des_1031092,,92,0
1031093,圣龙战争,sound_name_8120008,4,1031,,0,0,1,0,,0,0,,0,0,0,0,0,0,0,0,0,0,1006602_icon,item_des_1031093,,93,0
1031094,弑神,sound_name_8120009,4,1031,,0,0,1,0,,0,0,,0,0,0,0,0,0,0,0,0,0,1006602_icon,item_des_1031094,,94,0
1031095,新的秩序,sound_name_8120010,4,1031,,0,0,1,0,,0,0,,0,0,0,0,0,0,0,0,0,0,1006602_icon,item_des_1031095,,95,0
1031096,TORAH的崛起,sound_name_8120011,4,1031,,0,0,1,0,,0,0,,0,0,0,0,0,0,0,0,0,0,1006602_icon,item_des_1031096,,96,0
1031097,风暴将至,sound_name_8120012,4,1031,,0,0,1,0,,0,0,,0,0,0,0,0,0,0,0,0,0,1006602_icon,item_des_1031097,,97,0
1031098,我们的故事,sound_name_8120013,4,1031,,0,0,1,0,,0,0,,0,0,0,0,0,0,0,0,0,0,1006602_icon,item_des_1031098,,98,0
1031099,纠缠的羁绊,sound_name_8120020,4,1031,,0,0,1,0,,0,0,,0,0,0,0,0,0,0,0,0,0,bgm_ZhangJie_KunNan,item_des_1031099,,99,0
1031100,主线_战后剧情通用,sound_name_8120022,4,1031,,0,0,1,0,,0,0,,0,0,0,0,0,0,0,0,0,0,1006602_icon,item_des_1031100,,100,0
1031101,主线_纯剧情通用,sound_name_8120023,4,1031,,0,0,1,0,,0,0,,0,0,0,0,0,0,0,0,0,0,1006602_icon,item_des_1031101,,101,0
1031102,天赋使命,sound_name_8120041,4,1031,,0,0,1,0,,0,0,,0,0,0,0,0,0,0,0,0,0,bgm_DengLu,item_des_1031102,,102,0
1031103,旅程,sound_name_8120042,4,1031,,0,0,1,0,,0,0,,0,0,0,0,0,0,0,0,0,0,bgm_FuYinGuanLi,item_des_1031103,,103,0
1031104,抽卡,sound_name_8120045,4,1031,,0,0,1,0,,0,0,,0,0,0,0,0,0,0,0,0,0,1006602_icon,item_des_1031104,,104,0
1031105,抽卡_结束,sound_name_8120046,4,1031,,0,0,1,0,,0,0,,0,0,0,0,0,0,0,0,0,0,1006602_icon,item_des_1031105,,105,0
1031106,噔噔华尔兹,sound_name_8120047,4,1031,,0,0,1,0,,0,0,,0,0,0,0,0,0,0,0,0,0,bgm_RiChang_HuanKuai,item_des_1031106,,106,0
1031107,一日的纪念,sound_name_8120048,4,1031,,0,0,1,0,,0,0,,0,0,0,0,0,0,0,0,0,0,bgm_RiChang_ShuHuan,item_des_1031107,,107,0
1031108,梦境圆舞曲,sound_name_8120049,4,1031,,0,0,1,0,,0,0,,0,0,0,0,0,0,0,0,0,0,bgm_RiChang_WenXin,item_des_1031108,,108,0
1031109,收获的私语,sound_name_8120050,4,1031,,0,0,1,0,,0,0,,0,0,0,0,0,0,0,0,0,0,bgm_RiChang_XiuXian,item_des_1031109,,109,0
1031110,快乐小镇,sound_name_8120051,4,1031,,0,0,1,0,,0,0,,0,0,0,0,0,0,0,0,0,0,bgm_RiChang_YouXian,item_des_1031110,,110,0
1031111,喧耀的未来,sound_name_8120071,4,1031,,0,0,1,0,,0,0,,0,0,0,0,0,0,0,0,0,0,1006602_icon,item_des_1031111,,111,0
1031112,急速急转,sound_name_8120072,4,1031,,0,0,1,0,,0,0,,0,0,0,0,0,0,0,0,0,0,1006602_icon,item_des_1031112,,112,0
1031113,青空之夏,sound_name_8120073,4,1031,,0,0,1,0,,0,0,,0,0,0,0,0,0,0,0,0,0,bgm_SaiMa,item_des_1031113,,113,0
1031114,相信奇迹,sound_name_8120074,4,1031,,0,0,1,0,,0,0,,0,0,0,0,0,0,0,0,0,0,1006602_icon,item_des_1031114,,114,0
1031115,水平线上的等待,sound_name_8120075,4,1031,,0,0,1,0,,0,0,,0,0,0,0,0,0,0,0,0,0,bgm_DiaoYu,item_des_1031115,,115,0
1031116,钓鱼_对抗,sound_name_8120076,4,1031,,0,0,1,0,,0,0,,0,0,0,0,0,0,0,0,0,0,1006602_icon,item_des_1031116,,116,0
1031117,春熙锄禾,sound_name_8120077,4,1031,,0,0,1,0,,0,0,,0,0,0,0,0,0,0,0,0,0,bgm_NongChang,item_des_1031117,,117,0
1031118,蕴雾柔泉,sound_name_8120078,4,1031,,0,0,1,0,,0,0,,0,0,0,0,0,0,0,0,0,0,bgm_WenQuan,item_des_1031118,,118,0
1031119,音效_签到 环境音,sound_name_8120091,4,1031,,0,0,1,0,,0,0,,0,0,0,0,0,0,0,0,0,0,1006602_icon,item_des_1031119,,119,0
1031120,音效_农场 环境音,sound_name_8120092,4,1031,,0,0,1,0,,0,0,,0,0,0,0,0,0,0,0,0,0,1006602_icon,item_des_1031120,,120,0
1031121,圣别之塔,sound_name_8120093,4,1031,,0,0,1,0,,0,0,,0,0,0,0,0,0,0,0,0,0,1006602_icon,item_des_1031121,,121,0
1031122,魔潮涌动,sound_name_8120106,4,1031,,0,0,1,0,,0,0,,0,0,0,0,0,0,0,0,0,0,bgm_bbhd_gwlz,item_des_1031122,,122,0
1031123,历史：禁锢之秘闻,sound_name_8120107,4,1031,,0,0,1,0,,0,0,,0,0,0,0,0,0,0,0,0,0,bgm_bbhd_sbzt,item_des_1031123,,123,0
19760010,失败的试验菜,item_name_19760010,1,8,6,0,0,0,99999999,,0,"19860010,1",,0,1,0,0,0,0,0,0,0,0,1976001_icon,item_des_19760010,,124,1
19760021,粗盐腌肉,item_name_19760021,1,8,6,0,0,0,99999999,,0,"19860021,1",,0,1,0,0,0,0,0,0,0,0,1976002_icon,item_des_19760021,,125,1
19760022,粗盐腌肉,item_name_19760021,1,8,6,0,0,0,99999999,,0,"19860022,1",,0,1,0,0,0,0,0,0,0,0,1976002_icon,item_des_19760021,,126,1
19760023,粗盐腌肉,item_name_19760021,1,8,6,0,0,0,99999999,,0,"19860023,1",,0,1,0,0,0,0,0,0,0,0,1976002_icon,item_des_19760021,,127,1
19760024,粗盐腌肉,item_name_19760021,1,8,6,0,0,0,99999999,,0,"19860024,1",,0,1,0,0,0,0,0,0,0,0,1976002_icon,item_des_19760021,,128,1
19760031,混合烤肉,item_name_19760031,4,8,6,0,0,0,99999999,,0,"19860031,1",,0,1,0,0,0,0,0,0,0,0,1976003_icon,item_des_19760031,,129,1
19760032,混合烤肉,item_name_19760031,4,8,6,0,0,0,99999999,,0,"19860032,1",,0,1,0,0,0,0,0,0,0,0,1976003_icon,item_des_19760031,,130,1
19760033,混合烤肉,item_name_19760031,4,8,6,0,0,0,99999999,,0,"19860033,1",,0,1,0,0,0,0,0,0,0,0,1976003_icon,item_des_19760031,,131,1
19760034,混合烤肉,item_name_19760031,4,8,6,0,0,0,99999999,,0,"19860034,1",,0,1,0,0,0,0,0,0,0,0,1976003_icon,item_des_19760031,,132,1
19760041,糖醋鱼丸,item_name_19760041,1,8,6,0,0,0,99999999,,0,"19860041,1",,0,1,0,0,0,0,0,0,0,0,1976004_icon,item_des_19760041,,133,1
19760042,糖醋鱼丸,item_name_19760041,1,8,6,0,0,0,99999999,,0,"19860042,1",,0,1,0,0,0,0,0,0,0,0,1976004_icon,item_des_19760041,,134,1
19760043,糖醋鱼丸,item_name_19760041,1,8,6,0,0,0,99999999,,0,"19860043,1",,0,1,0,0,0,0,0,0,0,0,1976004_icon,item_des_19760041,,135,1
19760044,糖醋鱼丸,item_name_19760041,1,8,6,0,0,0,99999999,,0,"19860044,1",,0,1,0,0,0,0,0,0,0,0,1976004_icon,item_des_19760041,,136,1
19760051,全鱼蒸锅,item_name_19760051,4,8,6,0,0,0,99999999,,0,"19860051,1",,0,1,0,0,0,0,0,0,0,0,1976005_icon,item_des_19760051,,137,1
19760052,全鱼蒸锅,item_name_19760051,4,8,6,0,0,0,99999999,,0,"19860052,1",,0,1,0,0,0,0,0,0,0,0,1976005_icon,item_des_19760051,,138,1
19760053,全鱼蒸锅,item_name_19760051,4,8,6,0,0,0,99999999,,0,"19860053,1",,0,1,0,0,0,0,0,0,0,0,1976005_icon,item_des_19760051,,139,1
19760054,全鱼蒸锅,item_name_19760051,4,8,6,0,0,0,99999999,,0,"19860054,1",,0,1,0,0,0,0,0,0,0,0,1976005_icon,item_des_19760051,,140,1
19760061,清炒鲜蔬,item_name_19760061,1,8,6,0,0,0,99999999,,0,"19860061,1",,0,1,0,0,0,0,0,0,0,0,1976006_icon,item_des_19760061,,141,1
19760062,清炒鲜蔬,item_name_19760061,1,8,6,0,0,0,99999999,,0,"19860062,1",,0,1,0,0,0,0,0,0,0,0,1976006_icon,item_des_19760061,,142,1
19760063,清炒鲜蔬,item_name_19760061,1,8,6,0,0,0,99999999,,0,"19860063,1",,0,1,0,0,0,0,0,0,0,0,1976006_icon,item_des_19760061,,143,1
19760064,清炒鲜蔬,item_name_19760061,1,8,6,0,0,0,99999999,,0,"19860064,1",,0,1,0,0,0,0,0,0,0,0,1976006_icon,item_des_19760061,,144,1
19760071,芙蓉四鲜汤,item_name_19760071,4,8,6,0,0,0,99999999,,0,"19860071,1",,0,1,0,0,0,0,0,0,0,0,1976007_icon,item_des_19760071,,145,1
19760072,芙蓉四鲜汤,item_name_19760071,4,8,6,0,0,0,99999999,,0,"19860072,1",,0,1,0,0,0,0,0,0,0,0,1976007_icon,item_des_19760071,,146,1
19760073,芙蓉四鲜汤,item_name_19760071,4,8,6,0,0,0,99999999,,0,"19860073,1",,0,1,0,0,0,0,0,0,0,0,1976007_icon,item_des_19760071,,147,1
19760074,芙蓉四鲜汤,item_name_19760071,4,8,6,0,0,0,99999999,,0,"19860074,1",,0,1,0,0,0,0,0,0,0,0,1976007_icon,item_des_19760071,,148,1
19760081,炭烤蘑菇,item_name_19760081,1,8,6,0,0,0,99999999,,0,"19860081,1",,0,1,0,0,0,0,0,0,0,0,1976008_icon,item_des_19760081,,149,1
19760082,炭烤蘑菇,item_name_19760081,1,8,6,0,0,0,99999999,,0,"19860082,1",,0,1,0,0,0,0,0,0,0,0,1976008_icon,item_des_19760081,,150,1
19760083,炭烤蘑菇,item_name_19760081,1,8,6,0,0,0,99999999,,0,"19860083,1",,0,1,0,0,0,0,0,0,0,0,1976008_icon,item_des_19760081,,151,1
19760084,炭烤蘑菇,item_name_19760081,1,8,6,0,0,0,99999999,,0,"19860084,1",,0,1,0,0,0,0,0,0,0,0,1976008_icon,item_des_19760081,,152,1
19760091,千丝烧麦,item_name_19760091,4,8,6,0,0,0,99999999,,0,"19860091,1",,0,1,0,0,0,0,0,0,0,0,1976009_icon,item_des_19760091,,153,1
19760092,千丝烧麦,item_name_19760091,4,8,6,0,0,0,99999999,,0,"19860092,1",,0,1,0,0,0,0,0,0,0,0,1976009_icon,item_des_19760091,,154,1
19760093,千丝烧麦,item_name_19760091,4,8,6,0,0,0,99999999,,0,"19860093,1",,0,1,0,0,0,0,0,0,0,0,1976009_icon,item_des_19760091,,155,1
19760094,千丝烧麦,item_name_19760091,4,8,6,0,0,0,99999999,,0,"19860094,1",,0,1,0,0,0,0,0,0,0,0,1976009_icon,item_des_19760091,,156,1
19760101,拔丝酱果,item_name_19760101,1,8,6,0,0,0,99999999,,0,"19860101,1",,0,1,0,0,0,0,0,0,0,0,1976010_icon,item_des_19760101,,157,1
19760102,拔丝酱果,item_name_19760101,1,8,6,0,0,0,99999999,,0,"19860102,1",,0,1,0,0,0,0,0,0,0,0,1976010_icon,item_des_19760101,,158,1
19760103,拔丝酱果,item_name_19760101,1,8,6,0,0,0,99999999,,0,"19860103,1",,0,1,0,0,0,0,0,0,0,0,1976010_icon,item_des_19760101,,159,1
19760104,拔丝酱果,item_name_19760101,1,8,6,0,0,0,99999999,,0,"19860104,1",,0,1,0,0,0,0,0,0,0,0,1976010_icon,item_des_19760101,,160,1
19760111,什锦水果,item_name_19760111,4,8,6,0,0,0,99999999,,0,"19860111,1",,0,1,0,0,0,0,0,0,0,0,1976011_icon,item_des_19760111,,161,1
19760112,什锦水果,item_name_19760111,4,8,6,0,0,0,99999999,,0,"19860112,1",,0,1,0,0,0,0,0,0,0,0,1976011_icon,item_des_19760111,,162,1
19760113,什锦水果,item_name_19760111,4,8,6,0,0,0,99999999,,0,"19860113,1",,0,1,0,0,0,0,0,0,0,0,1976011_icon,item_des_19760111,,163,1
19760114,什锦水果,item_name_19760111,4,8,6,0,0,0,99999999,,0,"19860114,1",,0,1,0,0,0,0,0,0,0,0,1976011_icon,item_des_19760111,,164,1
19760121,鱼香肉丝,item_name_19760121,2,8,6,0,0,0,99999999,,0,"19860121,1",,0,1,0,0,0,0,0,0,0,0,1976012_icon,item_des_19760121,,165,1
19760122,鱼香肉丝,item_name_19760121,2,8,6,0,0,0,99999999,,0,"19860122,1",,0,1,0,0,0,0,0,0,0,0,1976012_icon,item_des_19760121,,166,1
19760123,鱼香肉丝,item_name_19760121,2,8,6,0,0,0,99999999,,0,"19860123,1",,0,1,0,0,0,0,0,0,0,0,1976012_icon,item_des_19760121,,167,1
19760124,鱼香肉丝,item_name_19760121,2,8,6,0,0,0,99999999,,0,"19860124,1",,0,1,0,0,0,0,0,0,0,0,1976012_icon,item_des_19760121,,168,1
19760131,菜包肉,item_name_19760131,2,8,6,0,0,0,99999999,,0,"19860131,1",,0,1,0,0,0,0,0,0,0,0,1976013_icon,item_des_19760131,,169,1
19760132,菜包肉,item_name_19760131,2,8,6,0,0,0,99999999,,0,"19860132,1",,0,1,0,0,0,0,0,0,0,0,1976013_icon,item_des_19760131,,170,1
19760133,菜包肉,item_name_19760131,2,8,6,0,0,0,99999999,,0,"19860133,1",,0,1,0,0,0,0,0,0,0,0,1976013_icon,item_des_19760131,,171,1
19760134,菜包肉,item_name_19760131,2,8,6,0,0,0,99999999,,0,"19860134,1",,0,1,0,0,0,0,0,0,0,0,1976013_icon,item_des_19760131,,172,1
19760141,百兽饺,item_name_19760141,2,8,6,0,0,0,99999999,,0,"19860141,1",,0,1,0,0,0,0,0,0,0,0,1976014_icon,item_des_19760141,,173,1
19760142,百兽饺,item_name_19760141,2,8,6,0,0,0,99999999,,0,"19860142,1",,0,1,0,0,0,0,0,0,0,0,1976014_icon,item_des_19760141,,174,1
19760143,百兽饺,item_name_19760141,2,8,6,0,0,0,99999999,,0,"19860143,1",,0,1,0,0,0,0,0,0,0,0,1976014_icon,item_des_19760141,,175,1
19760144,百兽饺,item_name_19760141,2,8,6,0,0,0,99999999,,0,"19860144,1",,0,1,0,0,0,0,0,0,0,0,1976014_icon,item_des_19760141,,176,1
19760151,咕咾肉,item_name_19760151,2,8,6,0,0,0,99999999,,0,"19860151,1",,0,1,0,0,0,0,0,0,0,0,1976015_icon,item_des_19760151,,177,1
19760152,咕咾肉,item_name_19760151,2,8,6,0,0,0,99999999,,0,"19860152,1",,0,1,0,0,0,0,0,0,0,0,1976015_icon,item_des_19760151,,178,1
19760153,咕咾肉,item_name_19760151,2,8,6,0,0,0,99999999,,0,"19860153,1",,0,1,0,0,0,0,0,0,0,0,1976015_icon,item_des_19760151,,179,1
19760154,咕咾肉,item_name_19760151,2,8,6,0,0,0,99999999,,0,"19860154,1",,0,1,0,0,0,0,0,0,0,0,1976015_icon,item_des_19760151,,180,1
19760161,豆豉炒鱼,item_name_19760161,2,8,6,0,0,0,99999999,,0,"19860161,1",,0,1,0,0,0,0,0,0,0,0,1976016_icon,item_des_19760161,,181,1
19760162,豆豉炒鱼,item_name_19760161,2,8,6,0,0,0,99999999,,0,"19860162,1",,0,1,0,0,0,0,0,0,0,0,1976016_icon,item_des_19760161,,182,1
19760163,豆豉炒鱼,item_name_19760161,2,8,6,0,0,0,99999999,,0,"19860163,1",,0,1,0,0,0,0,0,0,0,0,1976016_icon,item_des_19760161,,183,1
19760164,豆豉炒鱼,item_name_19760161,2,8,6,0,0,0,99999999,,0,"19860164,1",,0,1,0,0,0,0,0,0,0,0,1976016_icon,item_des_19760161,,184,1
19760171,清炖翠鱼汤,item_name_19760171,2,8,6,0,0,0,99999999,,0,"19860171,1",,0,1,0,0,0,0,0,0,0,0,1976017_icon,item_des_19760171,,185,1
19760172,清炖翠鱼汤,item_name_19760171,2,8,6,0,0,0,99999999,,0,"19860172,1",,0,1,0,0,0,0,0,0,0,0,1976017_icon,item_des_19760171,,186,1
19760173,清炖翠鱼汤,item_name_19760171,2,8,6,0,0,0,99999999,,0,"19860173,1",,0,1,0,0,0,0,0,0,0,0,1976017_icon,item_des_19760171,,187,1
19760174,清炖翠鱼汤,item_name_19760171,2,8,6,0,0,0,99999999,,0,"19860174,1",,0,1,0,0,0,0,0,0,0,0,1976017_icon,item_des_19760171,,188,1
19760181,蜜汁鱼冻,item_name_19760181,2,8,6,0,0,0,99999999,,0,"19860181,1",,0,1,0,0,0,0,0,0,0,0,1976018_icon,item_des_19760181,,189,1
19760182,蜜汁鱼冻,item_name_19760181,2,8,6,0,0,0,99999999,,0,"19860182,1",,0,1,0,0,0,0,0,0,0,0,1976018_icon,item_des_19760181,,190,1
19760183,蜜汁鱼冻,item_name_19760181,2,8,6,0,0,0,99999999,,0,"19860183,1",,0,1,0,0,0,0,0,0,0,0,1976018_icon,item_des_19760181,,191,1
19760184,蜜汁鱼冻,item_name_19760181,2,8,6,0,0,0,99999999,,0,"19860184,1",,0,1,0,0,0,0,0,0,0,0,1976018_icon,item_des_19760181,,192,1
19760191,水光素色,item_name_19760191,2,8,6,0,0,0,99999999,,0,"19860191,1",,0,1,0,0,0,0,0,0,0,0,1976019_icon,item_des_19760191,,193,1
19760192,水光素色,item_name_19760191,2,8,6,0,0,0,99999999,,0,"19860192,1",,0,1,0,0,0,0,0,0,0,0,1976019_icon,item_des_19760191,,194,1
19760193,水光素色,item_name_19760191,2,8,6,0,0,0,99999999,,0,"19860193,1",,0,1,0,0,0,0,0,0,0,0,1976019_icon,item_des_19760191,,195,1
19760194,水光素色,item_name_19760191,2,8,6,0,0,0,99999999,,0,"19860194,1",,0,1,0,0,0,0,0,0,0,0,1976019_icon,item_des_19760191,,196,1
19760201,融雪火山,item_name_19760201,2,8,6,0,0,0,99999999,,0,"19860201,1",,0,1,0,0,0,0,0,0,0,0,1976020_icon,item_des_19760201,,197,1
19760202,融雪火山,item_name_19760201,2,8,6,0,0,0,99999999,,0,"19860202,1",,0,1,0,0,0,0,0,0,0,0,1976020_icon,item_des_19760201,,198,1
19760203,融雪火山,item_name_19760201,2,8,6,0,0,0,99999999,,0,"19860203,1",,0,1,0,0,0,0,0,0,0,0,1976020_icon,item_des_19760201,,199,1
19760204,融雪火山,item_name_19760201,2,8,6,0,0,0,99999999,,0,"19860204,1",,0,1,0,0,0,0,0,0,0,0,1976020_icon,item_des_19760201,,200,1
19760211,落日米糕,item_name_19760211,2,8,6,0,0,0,99999999,,0,"19860211,1",,0,1,0,0,0,0,0,0,0,0,1976021_icon,item_des_19760211,,201,1
19760212,落日米糕,item_name_19760211,2,8,6,0,0,0,99999999,,0,"19860212,1",,0,1,0,0,0,0,0,0,0,0,1976021_icon,item_des_19760211,,202,1
19760213,落日米糕,item_name_19760211,2,8,6,0,0,0,99999999,,0,"19860213,1",,0,1,0,0,0,0,0,0,0,0,1976021_icon,item_des_19760211,,203,1
19760214,落日米糕,item_name_19760211,2,8,6,0,0,0,99999999,,0,"19860214,1",,0,1,0,0,0,0,0,0,0,0,1976021_icon,item_des_19760211,,204,1
19760221,湖月三蒸,item_name_19760221,3,8,6,0,0,0,99999999,,0,"19860221,1",,0,1,0,0,0,0,0,0,0,0,1976022_icon,item_des_19760221,,205,1
19760222,湖月三蒸,item_name_19760221,3,8,6,0,0,0,99999999,,0,"19860222,1",,0,1,0,0,0,0,0,0,0,0,1976022_icon,item_des_19760221,,206,1
19760223,湖月三蒸,item_name_19760221,3,8,6,0,0,0,99999999,,0,"19860223,1",,0,1,0,0,0,0,0,0,0,0,1976022_icon,item_des_19760221,,207,1
19760224,湖月三蒸,item_name_19760221,3,8,6,0,0,0,99999999,,0,"19860224,1",,0,1,0,0,0,0,0,0,0,0,1976022_icon,item_des_19760221,,208,1
19760231,鱼肠粉,item_name_19760231,3,8,6,0,0,0,99999999,,0,"19860231,1",,0,1,0,0,0,0,0,0,0,0,1976023_icon,item_des_19760231,,209,1
19760232,鱼肠粉,item_name_19760231,3,8,6,0,0,0,99999999,,0,"19860232,1",,0,1,0,0,0,0,0,0,0,0,1976023_icon,item_des_19760231,,210,1
19760233,鱼肠粉,item_name_19760231,3,8,6,0,0,0,99999999,,0,"19860233,1",,0,1,0,0,0,0,0,0,0,0,1976023_icon,item_des_19760231,,211,1
19760234,鱼肠粉,item_name_19760231,3,8,6,0,0,0,99999999,,0,"19860234,1",,0,1,0,0,0,0,0,0,0,0,1976023_icon,item_des_19760231,,212,1
19760241,大骨汤,item_name_19760241,3,8,6,0,0,0,99999999,,0,"19860241,1",,0,1,0,0,0,0,0,0,0,0,1976024_icon,item_des_19760241,,213,1
19760242,大骨汤,item_name_19760241,3,8,6,0,0,0,99999999,,0,"19860242,1",,0,1,0,0,0,0,0,0,0,0,1976024_icon,item_des_19760241,,214,1
19760243,大骨汤,item_name_19760241,3,8,6,0,0,0,99999999,,0,"19860243,1",,0,1,0,0,0,0,0,0,0,0,1976024_icon,item_des_19760241,,215,1
19760244,大骨汤,item_name_19760241,3,8,6,0,0,0,99999999,,0,"19860244,1",,0,1,0,0,0,0,0,0,0,0,1976024_icon,item_des_19760241,,216,1
19760251,肉末粉丝煲,item_name_19760251,3,8,6,0,0,0,99999999,,0,"19860251,1",,0,1,0,0,0,0,0,0,0,0,1976025_icon,item_des_19760251,,217,1
19760252,肉末粉丝煲,item_name_19760251,3,8,6,0,0,0,99999999,,0,"19860252,1",,0,1,0,0,0,0,0,0,0,0,1976025_icon,item_des_19760251,,218,1
19760253,肉末粉丝煲,item_name_19760251,3,8,6,0,0,0,99999999,,0,"19860253,1",,0,1,0,0,0,0,0,0,0,0,1976025_icon,item_des_19760251,,219,1
19760254,肉末粉丝煲,item_name_19760251,3,8,6,0,0,0,99999999,,0,"19860254,1",,0,1,0,0,0,0,0,0,0,0,1976025_icon,item_des_19760251,,220,1
19760261,铁板肉卷,item_name_19760261,3,8,6,0,0,0,99999999,,0,"19860261,1",,0,1,0,0,0,0,0,0,0,0,1976026_icon,item_des_19760261,,221,1
19760262,铁板肉卷,item_name_19760261,3,8,6,0,0,0,99999999,,0,"19860262,1",,0,1,0,0,0,0,0,0,0,0,1976026_icon,item_des_19760261,,222,1
19760263,铁板肉卷,item_name_19760261,3,8,6,0,0,0,99999999,,0,"19860263,1",,0,1,0,0,0,0,0,0,0,0,1976026_icon,item_des_19760261,,223,1
19760264,铁板肉卷,item_name_19760261,3,8,6,0,0,0,99999999,,0,"19860264,1",,0,1,0,0,0,0,0,0,0,0,1976026_icon,item_des_19760261,,224,1
19760271,炙风肉串,item_name_19760271,3,8,6,0,0,0,99999999,,0,"19860271,1",,0,1,0,0,0,0,0,0,0,0,1976027_icon,item_des_19760271,,225,1
19760272,炙风肉串,item_name_19760271,3,8,6,0,0,0,99999999,,0,"19860272,1",,0,1,0,0,0,0,0,0,0,0,1976027_icon,item_des_19760271,,226,1
19760273,炙风肉串,item_name_19760271,3,8,6,0,0,0,99999999,,0,"19860273,1",,0,1,0,0,0,0,0,0,0,0,1976027_icon,item_des_19760271,,227,1
19760274,炙风肉串,item_name_19760271,3,8,6,0,0,0,99999999,,0,"19860274,1",,0,1,0,0,0,0,0,0,0,0,1976027_icon,item_des_19760271,,228,1
19760281,回锅飞鲫,item_name_19760281,3,8,6,0,0,0,99999999,,0,"19860281,1",,0,1,0,0,0,0,0,0,0,0,1976028_icon,item_des_19760281,,229,1
19760282,回锅飞鲫,item_name_19760281,3,8,6,0,0,0,99999999,,0,"19860282,1",,0,1,0,0,0,0,0,0,0,0,1976028_icon,item_des_19760281,,230,1
19760283,回锅飞鲫,item_name_19760281,3,8,6,0,0,0,99999999,,0,"19860283,1",,0,1,0,0,0,0,0,0,0,0,1976028_icon,item_des_19760281,,231,1
19760284,回锅飞鲫,item_name_19760281,3,8,6,0,0,0,99999999,,0,"19860284,1",,0,1,0,0,0,0,0,0,0,0,1976028_icon,item_des_19760281,,232,1
19760291,西瓜鱼,item_name_19760291,3,8,6,0,0,0,99999999,,0,"19860291,1",,0,1,0,0,0,0,0,0,0,0,1976029_icon,item_des_19760291,,233,1
19760292,西瓜鱼,item_name_19760291,3,8,6,0,0,0,99999999,,0,"19860292,1",,0,1,0,0,0,0,0,0,0,0,1976029_icon,item_des_19760291,,234,1
19760293,西瓜鱼,item_name_19760291,3,8,6,0,0,0,99999999,,0,"19860293,1",,0,1,0,0,0,0,0,0,0,0,1976029_icon,item_des_19760291,,235,1
19760294,西瓜鱼,item_name_19760291,3,8,6,0,0,0,99999999,,0,"19860294,1",,0,1,0,0,0,0,0,0,0,0,1976029_icon,item_des_19760291,,236,1
19760301,潮汐鱼羹,item_name_19760301,3,8,6,0,0,0,99999999,,0,"19860301,1",,0,1,0,0,0,0,0,0,0,0,1976030_icon,item_des_19760301,,237,1
19760302,潮汐鱼羹,item_name_19760301,3,8,6,0,0,0,99999999,,0,"19860302,1",,0,1,0,0,0,0,0,0,0,0,1976030_icon,item_des_19760301,,238,1
19760303,潮汐鱼羹,item_name_19760301,3,8,6,0,0,0,99999999,,0,"19860303,1",,0,1,0,0,0,0,0,0,0,0,1976030_icon,item_des_19760301,,239,1
19760304,潮汐鱼羹,item_name_19760301,3,8,6,0,0,0,99999999,,0,"19860304,1",,0,1,0,0,0,0,0,0,0,0,1976030_icon,item_des_19760301,,240,1
19760311,水果沙拉,item_name_19760311,3,8,6,0,0,0,99999999,,0,"19860311,1",,0,1,0,0,0,0,0,0,0,0,1976031_icon,item_des_19760311,,241,1
19760312,水果沙拉,item_name_19760311,3,8,6,0,0,0,99999999,,0,"19860312,1",,0,1,0,0,0,0,0,0,0,0,1976031_icon,item_des_19760311,,242,1
19760313,水果沙拉,item_name_19760311,3,8,6,0,0,0,99999999,,0,"19860313,1",,0,1,0,0,0,0,0,0,0,0,1976031_icon,item_des_19760311,,243,1
19760314,水果沙拉,item_name_19760311,3,8,6,0,0,0,99999999,,0,"19860314,1",,0,1,0,0,0,0,0,0,0,0,1976031_icon,item_des_19760311,,244,1
19760321,红白丸子汤,item_name_19760321,4,8,6,0,0,0,99999999,,0,"19860321,1",,0,1,0,0,0,0,0,0,0,0,1976032_icon,item_des_19760321,,245,1
19760322,红白丸子汤,item_name_19760321,4,8,6,0,0,0,99999999,,0,"19860322,1",,0,1,0,0,0,0,0,0,0,0,1976032_icon,item_des_19760321,,246,1
19760323,红白丸子汤,item_name_19760321,4,8,6,0,0,0,99999999,,0,"19860323,1",,0,1,0,0,0,0,0,0,0,0,1976032_icon,item_des_19760321,,247,1
19760324,红白丸子汤,item_name_19760321,4,8,6,0,0,0,99999999,,0,"19860324,1",,0,1,0,0,0,0,0,0,0,0,1976032_icon,item_des_19760321,,248,1
19760331,番茄肉酱鱼粉,item_name_19760331,4,8,6,0,0,0,99999999,,0,"19860331,1",,0,1,0,0,0,0,0,0,0,0,1976033_icon,item_des_19760331,,249,1
19760332,番茄肉酱鱼粉,item_name_19760331,4,8,6,0,0,0,99999999,,0,"19860332,1",,0,1,0,0,0,0,0,0,0,0,1976033_icon,item_des_19760331,,250,1
19760333,番茄肉酱鱼粉,item_name_19760331,4,8,6,0,0,0,99999999,,0,"19860333,1",,0,1,0,0,0,0,0,0,0,0,1976033_icon,item_des_19760331,,251,1
19760334,番茄肉酱鱼粉,item_name_19760331,4,8,6,0,0,0,99999999,,0,"19860334,1",,0,1,0,0,0,0,0,0,0,0,1976033_icon,item_des_19760331,,252,1
19760341,鸡汤闷菌丝,item_name_19760341,4,8,6,0,0,0,99999999,,0,"19860341,1",,0,1,0,0,0,0,0,0,0,0,1976034_icon,item_des_19760341,,253,1
19760342,鸡汤闷菌丝,item_name_19760341,4,8,6,0,0,0,99999999,,0,"19860342,1",,0,1,0,0,0,0,0,0,0,0,1976034_icon,item_des_19760341,,254,1
19760343,鸡汤闷菌丝,item_name_19760341,4,8,6,0,0,0,99999999,,0,"19860343,1",,0,1,0,0,0,0,0,0,0,0,1976034_icon,item_des_19760341,,255,1
19760344,鸡汤闷菌丝,item_name_19760341,4,8,6,0,0,0,99999999,,0,"19860344,1",,0,1,0,0,0,0,0,0,0,0,1976034_icon,item_des_19760341,,256,1
19760351,培根蘑菇披萨,item_name_19760351,4,8,6,0,0,0,99999999,,0,"19860351,1",,0,1,0,0,0,0,0,0,0,0,1976035_icon,item_des_19760351,,257,1
19760352,培根蘑菇披萨,item_name_19760351,4,8,6,0,0,0,99999999,,0,"19860352,1",,0,1,0,0,0,0,0,0,0,0,1976035_icon,item_des_19760351,,258,1
19760353,培根蘑菇披萨,item_name_19760351,4,8,6,0,0,0,99999999,,0,"19860353,1",,0,1,0,0,0,0,0,0,0,0,1976035_icon,item_des_19760351,,259,1
19760354,培根蘑菇披萨,item_name_19760351,4,8,6,0,0,0,99999999,,0,"19860354,1",,0,1,0,0,0,0,0,0,0,0,1976035_icon,item_des_19760351,,260,1
19760361,黄金烤鱼,item_name_19760361,4,8,6,0,0,0,99999999,,0,"19860361,1",,0,1,0,0,0,0,0,0,0,0,1976036_icon,item_des_19760361,,261,1
19760362,黄金烤鱼,item_name_19760361,4,8,6,0,0,0,99999999,,0,"19860362,1",,0,1,0,0,0,0,0,0,0,0,1976036_icon,item_des_19760361,,262,1
19760363,黄金烤鱼,item_name_19760361,4,8,6,0,0,0,99999999,,0,"19860363,1",,0,1,0,0,0,0,0,0,0,0,1976036_icon,item_des_19760361,,263,1
19760364,黄金烤鱼,item_name_19760361,4,8,6,0,0,0,99999999,,0,"19860364,1",,0,1,0,0,0,0,0,0,0,0,1976036_icon,item_des_19760361,,264,1
19760371,三明治,item_name_19760371,4,8,6,0,0,0,99999999,,0,"19860371,1",,0,1,0,0,0,0,0,0,0,0,1976037_icon,item_des_19760371,,265,1
19760372,三明治,item_name_19760371,4,8,6,0,0,0,99999999,,0,"19860372,1",,0,1,0,0,0,0,0,0,0,0,1976037_icon,item_des_19760371,,266,1
19760373,三明治,item_name_19760371,4,8,6,0,0,0,99999999,,0,"19860373,1",,0,1,0,0,0,0,0,0,0,0,1976037_icon,item_des_19760371,,267,1
19760374,三明治,item_name_19760371,4,8,6,0,0,0,99999999,,0,"19860374,1",,0,1,0,0,0,0,0,0,0,0,1976037_icon,item_des_19760371,,268,1
19760711,什锦披萨,item_name_19760711,4,8,6,0,0,0,99999999,,0,"19860711,1",,0,1,0,0,0,0,0,0,0,0,1976071_icon,item_des_19760711,,269,1
19760712,什锦披萨,item_name_19760711,4,8,6,0,0,0,99999999,,0,"19860712,1",,0,1,0,0,0,0,0,0,0,0,1976071_icon,item_des_19760711,,270,1
19760713,什锦披萨,item_name_19760711,4,8,6,0,0,0,99999999,,0,"19860713,1",,0,1,0,0,0,0,0,0,0,0,1976071_icon,item_des_19760711,,271,1
19760714,什锦披萨,item_name_19760711,4,8,6,0,0,0,99999999,,0,"19860714,1",,0,1,0,0,0,0,0,0,0,0,1976071_icon,item_des_19760711,,272,1
19760721,红心蛋包饭,item_name_19760721,4,8,6,0,0,0,99999999,,0,"19860721,1",,0,1,0,0,0,0,0,0,0,0,1976072_icon,item_des_19760721,,273,1
19760722,红心蛋包饭,item_name_19760721,4,8,6,0,0,0,99999999,,0,"19860722,1",,0,1,0,0,0,0,0,0,0,0,1976072_icon,item_des_19760721,,274,1
19760723,红心蛋包饭,item_name_19760721,4,8,6,0,0,0,99999999,,0,"19860723,1",,0,1,0,0,0,0,0,0,0,0,1976072_icon,item_des_19760721,,275,1
19760724,红心蛋包饭,item_name_19760721,4,8,6,0,0,0,99999999,,0,"19860724,1",,0,1,0,0,0,0,0,0,0,0,1976072_icon,item_des_19760721,,276,1
19760751,索式椒麻鸡,item_name_19760751,4,8,6,0,0,0,99999999,,0,"19860751,1",,0,1,0,0,0,0,0,0,0,0,1976075_icon,item_des_19760751,,277,1
19760752,索式椒麻鸡,item_name_19760751,4,8,6,0,0,0,99999999,,0,"19860752,1",,0,1,0,0,0,0,0,0,0,0,1976075_icon,item_des_19760751,,278,1
19760753,索式椒麻鸡,item_name_19760751,4,8,6,0,0,0,99999999,,0,"19860753,1",,0,1,0,0,0,0,0,0,0,0,1976075_icon,item_des_19760751,,279,1
19760754,索式椒麻鸡,item_name_19760751,4,8,6,0,0,0,99999999,,0,"19860754,1",,0,1,0,0,0,0,0,0,0,0,1976075_icon,item_des_19760751,,280,1
19760781,果香烤肉,item_name_19760781,4,8,6,0,0,0,99999999,,0,"19860781,1",,0,1,0,0,0,0,0,0,0,0,1976078_icon,item_des_19760781,,281,1
19760782,果香烤肉,item_name_19760781,4,8,6,0,0,0,99999999,,0,"19860782,1",,0,1,0,0,0,0,0,0,0,0,1976078_icon,item_des_19760781,,282,1
19760783,果香烤肉,item_name_19760781,4,8,6,0,0,0,99999999,,0,"19860783,1",,0,1,0,0,0,0,0,0,0,0,1976078_icon,item_des_19760781,,283,1
19760784,果香烤肉,item_name_19760781,4,8,6,0,0,0,99999999,,0,"19860784,1",,0,1,0,0,0,0,0,0,0,0,1976078_icon,item_des_19760781,,284,1
19760791,黑石煎牛排,item_name_19760791,4,8,6,0,0,0,99999999,,0,"19860791,1",,0,1,0,0,0,0,0,0,0,0,1976079_icon,item_des_19760791,,285,1
19760792,黑石煎牛排,item_name_19760791,4,8,6,0,0,0,99999999,,0,"19860792,1",,0,1,0,0,0,0,0,0,0,0,1976079_icon,item_des_19760791,,286,1
19760793,黑石煎牛排,item_name_19760791,4,8,6,0,0,0,99999999,,0,"19860793,1",,0,1,0,0,0,0,0,0,0,0,1976079_icon,item_des_19760791,,287,1
19760794,黑石煎牛排,item_name_19760791,4,8,6,0,0,0,99999999,,0,"19860794,1",,0,1,0,0,0,0,0,0,0,0,1976079_icon,item_des_19760791,,288,1
19760801,火焰芝士肉球,item_name_19760801,4,8,6,0,0,0,99999999,,0,"19860801,1",,0,1,0,0,0,0,0,0,0,0,1976080_icon,item_des_19760801,,289,1
19760802,火焰芝士肉球,item_name_19760801,4,8,6,0,0,0,99999999,,0,"19860802,1",,0,1,0,0,0,0,0,0,0,0,1976080_icon,item_des_19760801,,290,1
19760803,火焰芝士肉球,item_name_19760801,4,8,6,0,0,0,99999999,,0,"19860803,1",,0,1,0,0,0,0,0,0,0,0,1976080_icon,item_des_19760801,,291,1
19760804,火焰芝士肉球,item_name_19760801,4,8,6,0,0,0,99999999,,0,"19860804,1",,0,1,0,0,0,0,0,0,0,0,1976080_icon,item_des_19760801,,292,1
19760811,黄金锅巴,item_name_19760811,4,8,6,0,0,0,99999999,,0,"19860811,1",,0,1,0,0,0,0,0,0,0,0,1976081_icon,item_des_19760811,,293,1
19760812,黄金锅巴,item_name_19760811,4,8,6,0,0,0,99999999,,0,"19860812,1",,0,1,0,0,0,0,0,0,0,0,1976081_icon,item_des_19760811,,294,1
19760813,黄金锅巴,item_name_19760811,4,8,6,0,0,0,99999999,,0,"19860813,1",,0,1,0,0,0,0,0,0,0,0,1976081_icon,item_des_19760811,,295,1
19760814,黄金锅巴,item_name_19760811,4,8,6,0,0,0,99999999,,0,"19860814,1",,0,1,0,0,0,0,0,0,0,0,1976081_icon,item_des_19760811,,296,1
19760871,潮汐捞面,item_name_19760871,4,8,6,0,0,0,99999999,,0,"19860871,1",,0,1,0,0,0,0,0,0,0,0,1976087_icon,item_des_19760871,,297,1
19760872,潮汐捞面,item_name_19760871,4,8,6,0,0,0,99999999,,0,"19860872,1",,0,1,0,0,0,0,0,0,0,0,1976087_icon,item_des_19760871,,298,1
19760873,潮汐捞面,item_name_19760871,4,8,6,0,0,0,99999999,,0,"19860873,1",,0,1,0,0,0,0,0,0,0,0,1976087_icon,item_des_19760871,,299,1
19760874,潮汐捞面,item_name_19760871,4,8,6,0,0,0,99999999,,0,"19860874,1",,0,1,0,0,0,0,0,0,0,0,1976087_icon,item_des_19760871,,300,1
19760881,奶香鲜蒸蛋,item_name_19760881,4,8,6,0,0,0,99999999,,0,"19860881,1",,0,1,0,0,0,0,0,0,0,0,1976088_icon,item_des_19760881,,301,1
19760882,奶香鲜蒸蛋,item_name_19760881,4,8,6,0,0,0,99999999,,0,"19860882,1",,0,1,0,0,0,0,0,0,0,0,1976088_icon,item_des_19760881,,302,1
19760883,奶香鲜蒸蛋,item_name_19760881,4,8,6,0,0,0,99999999,,0,"19860883,1",,0,1,0,0,0,0,0,0,0,0,1976088_icon,item_des_19760881,,303,1
19760884,奶香鲜蒸蛋,item_name_19760881,4,8,6,0,0,0,99999999,,0,"19860884,1",,0,1,0,0,0,0,0,0,0,0,1976088_icon,item_des_19760881,,304,1
19860010,失败的试验菜,item_name_19860010,1,81,,0,0,0,99999999,,0,0,,0,1,0,0,0,0,0,6,0,0,1976001_icon,item_des_19860010,item_function_19760010,305,1
19860021,粗盐腌肉,item_name_19860021,1,81,,0,0,0,99999999,,0,0,,0,1,0,0,0,0,0,6,0,0,1976002_icon,item_des_19860021,item_function_19760010,306,1
19860022,粗盐腌肉,item_name_19860022,1,81,,0,0,0,99999999,,0,0,,0,1,0,0,0,0,0,6,0,0,1976002_icon,item_des_19860022,item_function_19760010,307,1
19860023,粗盐腌肉,item_name_19860023,1,81,,0,0,0,99999999,,0,0,,0,1,0,0,0,0,0,6,0,0,1976002_icon,item_des_19860023,item_function_19760010,308,1
19860024,粗盐腌肉,item_name_19860024,1,81,,0,0,0,99999999,,0,0,,0,1,0,0,0,0,0,6,0,0,1976002_icon,item_des_19860024,item_function_19760010,309,1
19860031,混合烤肉,item_name_19860031,4,81,,0,0,0,99999999,,0,0,,0,1,0,0,0,0,0,6,0,0,1976003_icon,item_des_19860031,item_function_19760010,310,1
19860032,混合烤肉,item_name_19860032,4,81,,0,0,0,99999999,,0,0,,0,1,0,0,0,0,0,6,0,0,1976003_icon,item_des_19860032,item_function_19760010,311,1
19860033,混合烤肉,item_name_19860033,4,81,,0,0,0,99999999,,0,0,,0,1,0,0,0,0,0,6,0,0,1976003_icon,item_des_19860033,item_function_19760010,312,1
19860034,混合烤肉,item_name_19860034,4,81,,0,0,0,99999999,,0,0,,0,1,0,0,0,0,0,6,0,0,1976003_icon,item_des_19860034,item_function_19760010,313,1
19860041,糖醋鱼丸,item_name_19860041,1,81,,0,0,0,99999999,,0,0,,0,1,0,0,0,0,0,6,0,0,1976004_icon,item_des_19860041,item_function_19760010,314,1
19860042,糖醋鱼丸,item_name_19860042,1,81,,0,0,0,99999999,,0,0,,0,1,0,0,0,0,0,6,0,0,1976004_icon,item_des_19860042,item_function_19760010,315,1
19860043,糖醋鱼丸,item_name_19860043,1,81,,0,0,0,99999999,,0,0,,0,1,0,0,0,0,0,6,0,0,1976004_icon,item_des_19860043,item_function_19760010,316,1
19860044,糖醋鱼丸,item_name_19860044,1,81,,0,0,0,99999999,,0,0,,0,1,0,0,0,0,0,6,0,0,1976004_icon,item_des_19860044,item_function_19760010,317,1
19860051,全鱼蒸锅,item_name_19860051,4,81,,0,0,0,99999999,,0,0,,0,1,0,0,0,0,0,6,0,0,1976005_icon,item_des_19860051,item_function_19760010,318,1
19860052,全鱼蒸锅,item_name_19860052,4,81,,0,0,0,99999999,,0,0,,0,1,0,0,0,0,0,6,0,0,1976005_icon,item_des_19860052,item_function_19760010,319,1
19860053,全鱼蒸锅,item_name_19860053,4,81,,0,0,0,99999999,,0,0,,0,1,0,0,0,0,0,6,0,0,1976005_icon,item_des_19860053,item_function_19760010,320,1
19860054,全鱼蒸锅,item_name_19860054,4,81,,0,0,0,99999999,,0,0,,0,1,0,0,0,0,0,6,0,0,1976005_icon,item_des_19860054,item_function_19760010,321,1
19860061,清炒鲜蔬,item_name_19860061,1,81,,0,0,0,99999999,,0,0,,0,1,0,0,0,0,0,6,0,0,1976006_icon,item_des_19860061,item_function_19760010,322,1
19860062,清炒鲜蔬,item_name_19860062,1,81,,0,0,0,99999999,,0,0,,0,1,0,0,0,0,0,6,0,0,1976006_icon,item_des_19860062,item_function_19760010,323,1
19860063,清炒鲜蔬,item_name_19860063,1,81,,0,0,0,99999999,,0,0,,0,1,0,0,0,0,0,6,0,0,1976006_icon,item_des_19860063,item_function_19760010,324,1
19860064,清炒鲜蔬,item_name_19860064,1,81,,0,0,0,99999999,,0,0,,0,1,0,0,0,0,0,6,0,0,1976006_icon,item_des_19860064,item_function_19760010,325,1
19860071,芙蓉四鲜汤,item_name_19860071,4,81,,0,0,0,99999999,,0,0,,0,1,0,0,0,0,0,6,0,0,1976007_icon,item_des_19860071,item_function_19760010,326,1
19860072,芙蓉四鲜汤,item_name_19860072,4,81,,0,0,0,99999999,,0,0,,0,1,0,0,0,0,0,6,0,0,1976007_icon,item_des_19860072,item_function_19760010,327,1
19860073,芙蓉四鲜汤,item_name_19860073,4,81,,0,0,0,99999999,,0,0,,0,1,0,0,0,0,0,6,0,0,1976007_icon,item_des_19860073,item_function_19760010,328,1
19860074,芙蓉四鲜汤,item_name_19860074,4,81,,0,0,0,99999999,,0,0,,0,1,0,0,0,0,0,6,0,0,1976007_icon,item_des_19860074,item_function_19760010,329,1
19860081,炭烤蘑菇,item_name_19860081,1,81,,0,0,0,99999999,,0,0,,0,1,0,0,0,0,0,6,0,0,1976008_icon,item_des_19860081,item_function_19760010,330,1
19860082,炭烤蘑菇,item_name_19860082,1,81,,0,0,0,99999999,,0,0,,0,1,0,0,0,0,0,6,0,0,1976008_icon,item_des_19860082,item_function_19760010,331,1
19860083,炭烤蘑菇,item_name_19860083,1,81,,0,0,0,99999999,,0,0,,0,1,0,0,0,0,0,6,0,0,1976008_icon,item_des_19860083,item_function_19760010,332,1
19860084,炭烤蘑菇,item_name_19860084,1,81,,0,0,0,99999999,,0,0,,0,1,0,0,0,0,0,6,0,0,1976008_icon,item_des_19860084,item_function_19760010,333,1
19860091,千丝烧麦,item_name_19860091,4,81,,0,0,0,99999999,,0,0,,0,1,0,0,0,0,0,6,0,0,1976009_icon,item_des_19860091,item_function_19760010,334,1
19860092,千丝烧麦,item_name_19860092,4,81,,0,0,0,99999999,,0,0,,0,1,0,0,0,0,0,6,0,0,1976009_icon,item_des_19860092,item_function_19760010,335,1
19860093,千丝烧麦,item_name_19860093,4,81,,0,0,0,99999999,,0,0,,0,1,0,0,0,0,0,6,0,0,1976009_icon,item_des_19860093,item_function_19760010,336,1
19860094,千丝烧麦,item_name_19860094,4,81,,0,0,0,99999999,,0,0,,0,1,0,0,0,0,0,6,0,0,1976009_icon,item_des_19860094,item_function_19760010,337,1
19860101,拔丝酱果,item_name_19860101,1,81,,0,0,0,99999999,,0,0,,0,1,0,0,0,0,0,6,0,0,1976010_icon,item_des_19860101,item_function_19760010,338,1
19860102,拔丝酱果,item_name_19860102,1,81,,0,0,0,99999999,,0,0,,0,1,0,0,0,0,0,6,0,0,1976010_icon,item_des_19860102,item_function_19760010,339,1
19860103,拔丝酱果,item_name_19860103,1,81,,0,0,0,99999999,,0,0,,0,1,0,0,0,0,0,6,0,0,1976010_icon,item_des_19860103,item_function_19760010,340,1
19860104,拔丝酱果,item_name_19860104,1,81,,0,0,0,99999999,,0,0,,0,1,0,0,0,0,0,6,0,0,1976010_icon,item_des_19860104,item_function_19760010,341,1
19860111,什锦水果,item_name_19860111,4,81,,0,0,0,99999999,,0,0,,0,1,0,0,0,0,0,6,0,0,1976011_icon,item_des_19860111,item_function_19760010,342,1
19860112,什锦水果,item_name_19860112,4,81,,0,0,0,99999999,,0,0,,0,1,0,0,0,0,0,6,0,0,1976011_icon,item_des_19860112,item_function_19760010,343,1
19860113,什锦水果,item_name_19860113,4,81,,0,0,0,99999999,,0,0,,0,1,0,0,0,0,0,6,0,0,1976011_icon,item_des_19860113,item_function_19760010,344,1
19860114,什锦水果,item_name_19860114,4,81,,0,0,0,99999999,,0,0,,0,1,0,0,0,0,0,6,0,0,1976011_icon,item_des_19860114,item_function_19760010,345,1
19860121,鱼香肉丝,item_name_19860121,2,81,,0,0,0,99999999,,0,0,,0,1,0,0,0,0,0,6,0,0,1976012_icon,item_des_19860121,item_function_19760010,346,1
19860122,鱼香肉丝,item_name_19860122,2,81,,0,0,0,99999999,,0,0,,0,1,0,0,0,0,0,6,0,0,1976012_icon,item_des_19860122,item_function_19760010,347,1
19860123,鱼香肉丝,item_name_19860123,2,81,,0,0,0,99999999,,0,0,,0,1,0,0,0,0,0,6,0,0,1976012_icon,item_des_19860123,item_function_19760010,348,1
19860124,鱼香肉丝,item_name_19860124,2,81,,0,0,0,99999999,,0,0,,0,1,0,0,0,0,0,6,0,0,1976012_icon,item_des_19860124,item_function_19760010,349,1
19860131,菜包肉,item_name_19860131,2,81,,0,0,0,99999999,,0,0,,0,1,0,0,0,0,0,6,0,0,1976013_icon,item_des_19860131,item_function_19760010,350,1
19860132,菜包肉,item_name_19860132,2,81,,0,0,0,99999999,,0,0,,0,1,0,0,0,0,0,6,0,0,1976013_icon,item_des_19860132,item_function_19760010,351,1
19860133,菜包肉,item_name_19860133,2,81,,0,0,0,99999999,,0,0,,0,1,0,0,0,0,0,6,0,0,1976013_icon,item_des_19860133,item_function_19760010,352,1
19860134,菜包肉,item_name_19860134,2,81,,0,0,0,99999999,,0,0,,0,1,0,0,0,0,0,6,0,0,1976013_icon,item_des_19860134,item_function_19760010,353,1
19860141,百兽饺,item_name_19860141,2,81,,0,0,0,99999999,,0,0,,0,1,0,0,0,0,0,6,0,0,1976014_icon,item_des_19860141,item_function_19760010,354,1
19860142,百兽饺,item_name_19860142,2,81,,0,0,0,99999999,,0,0,,0,1,0,0,0,0,0,6,0,0,1976014_icon,item_des_19860142,item_function_19760010,355,1
19860143,百兽饺,item_name_19860143,2,81,,0,0,0,99999999,,0,0,,0,1,0,0,0,0,0,6,0,0,1976014_icon,item_des_19860143,item_function_19760010,356,1
19860144,百兽饺,item_name_19860144,2,81,,0,0,0,99999999,,0,0,,0,1,0,0,0,0,0,6,0,0,1976014_icon,item_des_19860144,item_function_19760010,357,1
19860151,咕咾肉,item_name_19860151,2,81,,0,0,0,99999999,,0,0,,0,1,0,0,0,0,0,6,0,0,1976015_icon,item_des_19860151,item_function_19760010,358,1
19860152,咕咾肉,item_name_19860152,2,81,,0,0,0,99999999,,0,0,,0,1,0,0,0,0,0,6,0,0,1976015_icon,item_des_19860152,item_function_19760010,359,1
19860153,咕咾肉,item_name_19860153,2,81,,0,0,0,99999999,,0,0,,0,1,0,0,0,0,0,6,0,0,1976015_icon,item_des_19860153,item_function_19760010,360,1
19860154,咕咾肉,item_name_19860154,2,81,,0,0,0,99999999,,0,0,,0,1,0,0,0,0,0,6,0,0,1976015_icon,item_des_19860154,item_function_19760010,361,1
19860161,豆豉炒鱼,item_name_19860161,2,81,,0,0,0,99999999,,0,0,,0,1,0,0,0,0,0,6,0,0,1976016_icon,item_des_19860161,item_function_19760010,362,1
19860162,豆豉炒鱼,item_name_19860162,2,81,,0,0,0,99999999,,0,0,,0,1,0,0,0,0,0,6,0,0,1976016_icon,item_des_19860162,item_function_19760010,363,1
19860163,豆豉炒鱼,item_name_19860163,2,81,,0,0,0,99999999,,0,0,,0,1,0,0,0,0,0,6,0,0,1976016_icon,item_des_19860163,item_function_19760010,364,1
19860164,豆豉炒鱼,item_name_19860164,2,81,,0,0,0,99999999,,0,0,,0,1,0,0,0,0,0,6,0,0,1976016_icon,item_des_19860164,item_function_19760010,365,1
19860171,清炖翠鱼汤,item_name_19860171,2,81,,0,0,0,99999999,,0,0,,0,1,0,0,0,0,0,6,0,0,1976017_icon,item_des_19860171,item_function_19760010,366,1
19860172,清炖翠鱼汤,item_name_19860172,2,81,,0,0,0,99999999,,0,0,,0,1,0,0,0,0,0,6,0,0,1976017_icon,item_des_19860172,item_function_19760010,367,1
19860173,清炖翠鱼汤,item_name_19860173,2,81,,0,0,0,99999999,,0,0,,0,1,0,0,0,0,0,6,0,0,1976017_icon,item_des_19860173,item_function_19760010,368,1
19860174,清炖翠鱼汤,item_name_19860174,2,81,,0,0,0,99999999,,0,0,,0,1,0,0,0,0,0,6,0,0,1976017_icon,item_des_19860174,item_function_19760010,369,1
19860181,蜜汁鱼冻,item_name_19860181,2,81,,0,0,0,99999999,,0,0,,0,1,0,0,0,0,0,6,0,0,1976018_icon,item_des_19860181,item_function_19760010,370,1
19860182,蜜汁鱼冻,item_name_19860182,2,81,,0,0,0,99999999,,0,0,,0,1,0,0,0,0,0,6,0,0,1976018_icon,item_des_19860182,item_function_19760010,371,1
19860183,蜜汁鱼冻,item_name_19860183,2,81,,0,0,0,99999999,,0,0,,0,1,0,0,0,0,0,6,0,0,1976018_icon,item_des_19860183,item_function_19760010,372,1
19860184,蜜汁鱼冻,item_name_19860184,2,81,,0,0,0,99999999,,0,0,,0,1,0,0,0,0,0,6,0,0,1976018_icon,item_des_19860184,item_function_19760010,373,1
19860191,水光素色,item_name_19860191,2,81,,0,0,0,99999999,,0,0,,0,1,0,0,0,0,0,6,0,0,1976019_icon,item_des_19860191,item_function_19760010,374,1
19860192,水光素色,item_name_19860192,2,81,,0,0,0,99999999,,0,0,,0,1,0,0,0,0,0,6,0,0,1976019_icon,item_des_19860192,item_function_19760010,375,1
19860193,水光素色,item_name_19860193,2,81,,0,0,0,99999999,,0,0,,0,1,0,0,0,0,0,6,0,0,1976019_icon,item_des_19860193,item_function_19760010,376,1
19860194,水光素色,item_name_19860194,2,81,,0,0,0,99999999,,0,0,,0,1,0,0,0,0,0,6,0,0,1976019_icon,item_des_19860194,item_function_19760010,377,1
19860201,融雪火山,item_name_19860201,2,81,,0,0,0,99999999,,0,0,,0,1,0,0,0,0,0,6,0,0,1976020_icon,item_des_19860201,item_function_19760010,378,1
19860202,融雪火山,item_name_19860202,2,81,,0,0,0,99999999,,0,0,,0,1,0,0,0,0,0,6,0,0,1976020_icon,item_des_19860202,item_function_19760010,379,1
19860203,融雪火山,item_name_19860203,2,81,,0,0,0,99999999,,0,0,,0,1,0,0,0,0,0,6,0,0,1976020_icon,item_des_19860203,item_function_19760010,380,1
19860204,融雪火山,item_name_19860204,2,81,,0,0,0,99999999,,0,0,,0,1,0,0,0,0,0,6,0,0,1976020_icon,item_des_19860204,item_function_19760010,381,1
19860211,落日米糕,item_name_19860211,2,81,,0,0,0,99999999,,0,0,,0,1,0,0,0,0,0,6,0,0,1976021_icon,item_des_19860211,item_function_19760010,382,1
19860212,落日米糕,item_name_19860212,2,81,,0,0,0,99999999,,0,0,,0,1,0,0,0,0,0,6,0,0,1976021_icon,item_des_19860212,item_function_19760010,383,1
19860213,落日米糕,item_name_19860213,2,81,,0,0,0,99999999,,0,0,,0,1,0,0,0,0,0,6,0,0,1976021_icon,item_des_19860213,item_function_19760010,384,1
19860214,落日米糕,item_name_19860214,2,81,,0,0,0,99999999,,0,0,,0,1,0,0,0,0,0,6,0,0,1976021_icon,item_des_19860214,item_function_19760010,385,1
19860221,湖月三蒸,item_name_19860221,3,81,,0,0,0,99999999,,0,0,,0,1,0,0,0,0,0,6,0,0,1976022_icon,item_des_19860221,item_function_19760010,386,1
19860222,湖月三蒸,item_name_19860222,3,81,,0,0,0,99999999,,0,0,,0,1,0,0,0,0,0,6,0,0,1976022_icon,item_des_19860222,item_function_19760010,387,1
19860223,湖月三蒸,item_name_19860223,3,81,,0,0,0,99999999,,0,0,,0,1,0,0,0,0,0,6,0,0,1976022_icon,item_des_19860223,item_function_19760010,388,1
19860224,湖月三蒸,item_name_19860224,3,81,,0,0,0,99999999,,0,0,,0,1,0,0,0,0,0,6,0,0,1976022_icon,item_des_19860224,item_function_19760010,389,1
19860231,鱼肠粉,item_name_19860231,3,81,,0,0,0,99999999,,0,0,,0,1,0,0,0,0,0,6,0,0,1976023_icon,item_des_19860231,item_function_19760010,390,1
19860232,鱼肠粉,item_name_19860232,3,81,,0,0,0,99999999,,0,0,,0,1,0,0,0,0,0,6,0,0,1976023_icon,item_des_19860232,item_function_19760010,391,1
19860233,鱼肠粉,item_name_19860233,3,81,,0,0,0,99999999,,0,0,,0,1,0,0,0,0,0,6,0,0,1976023_icon,item_des_19860233,item_function_19760010,392,1
19860234,鱼肠粉,item_name_19860234,3,81,,0,0,0,99999999,,0,0,,0,1,0,0,0,0,0,6,0,0,1976023_icon,item_des_19860234,item_function_19760010,393,1
19860241,大骨汤,item_name_19860241,3,81,,0,0,0,99999999,,0,0,,0,1,0,0,0,0,0,6,0,0,1976024_icon,item_des_19860241,item_function_19760010,394,1
19860242,大骨汤,item_name_19860242,3,81,,0,0,0,99999999,,0,0,,0,1,0,0,0,0,0,6,0,0,1976024_icon,item_des_19860242,item_function_19760010,395,1
19860243,大骨汤,item_name_19860243,3,81,,0,0,0,99999999,,0,0,,0,1,0,0,0,0,0,6,0,0,1976024_icon,item_des_19860243,item_function_19760010,396,1
19860244,大骨汤,item_name_19860244,3,81,,0,0,0,99999999,,0,0,,0,1,0,0,0,0,0,6,0,0,1976024_icon,item_des_19860244,item_function_19760010,397,1
19860251,肉末粉丝煲,item_name_19860251,3,81,,0,0,0,99999999,,0,0,,0,1,0,0,0,0,0,6,0,0,1976025_icon,item_des_19860251,item_function_19760010,398,1
19860252,肉末粉丝煲,item_name_19860252,3,81,,0,0,0,99999999,,0,0,,0,1,0,0,0,0,0,6,0,0,1976025_icon,item_des_19860252,item_function_19760010,399,1
19860253,肉末粉丝煲,item_name_19860253,3,81,,0,0,0,99999999,,0,0,,0,1,0,0,0,0,0,6,0,0,1976025_icon,item_des_19860253,item_function_19760010,400,1
19860254,肉末粉丝煲,item_name_19860254,3,81,,0,0,0,99999999,,0,0,,0,1,0,0,0,0,0,6,0,0,1976025_icon,item_des_19860254,item_function_19760010,401,1
19860261,铁板肉卷,item_name_19860261,3,81,,0,0,0,99999999,,0,0,,0,1,0,0,0,0,0,6,0,0,1976026_icon,item_des_19860261,item_function_19760010,402,1
19860262,铁板肉卷,item_name_19860262,3,81,,0,0,0,99999999,,0,0,,0,1,0,0,0,0,0,6,0,0,1976026_icon,item_des_19860262,item_function_19760010,403,1
19860263,铁板肉卷,item_name_19860263,3,81,,0,0,0,99999999,,0,0,,0,1,0,0,0,0,0,6,0,0,1976026_icon,item_des_19860263,item_function_19760010,404,1
19860264,铁板肉卷,item_name_19860264,3,81,,0,0,0,99999999,,0,0,,0,1,0,0,0,0,0,6,0,0,1976026_icon,item_des_19860264,item_function_19760010,405,1
19860271,炙风肉串,item_name_19860271,3,81,,0,0,0,99999999,,0,0,,0,1,0,0,0,0,0,6,0,0,1976027_icon,item_des_19860271,item_function_19760010,406,1
19860272,炙风肉串,item_name_19860272,3,81,,0,0,0,99999999,,0,0,,0,1,0,0,0,0,0,6,0,0,1976027_icon,item_des_19860272,item_function_19760010,407,1
19860273,炙风肉串,item_name_19860273,3,81,,0,0,0,99999999,,0,0,,0,1,0,0,0,0,0,6,0,0,1976027_icon,item_des_19860273,item_function_19760010,408,1
19860274,炙风肉串,item_name_19860274,3,81,,0,0,0,99999999,,0,0,,0,1,0,0,0,0,0,6,0,0,1976027_icon,item_des_19860274,item_function_19760010,409,1
19860281,回锅飞鲫,item_name_19860281,3,81,,0,0,0,99999999,,0,0,,0,1,0,0,0,0,0,6,0,0,1976028_icon,item_des_19860281,item_function_19760010,410,1
19860282,回锅飞鲫,item_name_19860282,3,81,,0,0,0,99999999,,0,0,,0,1,0,0,0,0,0,6,0,0,1976028_icon,item_des_19860282,item_function_19760010,411,1
19860283,回锅飞鲫,item_name_19860283,3,81,,0,0,0,99999999,,0,0,,0,1,0,0,0,0,0,6,0,0,1976028_icon,item_des_19860283,item_function_19760010,412,1
19860284,回锅飞鲫,item_name_19860284,3,81,,0,0,0,99999999,,0,0,,0,1,0,0,0,0,0,6,0,0,1976028_icon,item_des_19860284,item_function_19760010,413,1
19860291,西瓜鱼,item_name_19860291,3,81,,0,0,0,99999999,,0,0,,0,1,0,0,0,0,0,6,0,0,1976029_icon,item_des_19860291,item_function_19760010,414,1
19860292,西瓜鱼,item_name_19860292,3,81,,0,0,0,99999999,,0,0,,0,1,0,0,0,0,0,6,0,0,1976029_icon,item_des_19860292,item_function_19760010,415,1
19860293,西瓜鱼,item_name_19860293,3,81,,0,0,0,99999999,,0,0,,0,1,0,0,0,0,0,6,0,0,1976029_icon,item_des_19860293,item_function_19760010,416,1
19860294,西瓜鱼,item_name_19860294,3,81,,0,0,0,99999999,,0,0,,0,1,0,0,0,0,0,6,0,0,1976029_icon,item_des_19860294,item_function_19760010,417,1
19860301,潮汐鱼羹,item_name_19860301,3,81,,0,0,0,99999999,,0,0,,0,1,0,0,0,0,0,6,0,0,1976030_icon,item_des_19860301,item_function_19760010,418,1
19860302,潮汐鱼羹,item_name_19860302,3,81,,0,0,0,99999999,,0,0,,0,1,0,0,0,0,0,6,0,0,1976030_icon,item_des_19860302,item_function_19760010,419,1
19860303,潮汐鱼羹,item_name_19860303,3,81,,0,0,0,99999999,,0,0,,0,1,0,0,0,0,0,6,0,0,1976030_icon,item_des_19860303,item_function_19760010,420,1
19860304,潮汐鱼羹,item_name_19860304,3,81,,0,0,0,99999999,,0,0,,0,1,0,0,0,0,0,6,0,0,1976030_icon,item_des_19860304,item_function_19760010,421,1
19860311,水果沙拉,item_name_19860311,3,81,,0,0,0,99999999,,0,0,,0,1,0,0,0,0,0,6,0,0,1976031_icon,item_des_19860311,item_function_19760010,422,1
19860312,水果沙拉,item_name_19860312,3,81,,0,0,0,99999999,,0,0,,0,1,0,0,0,0,0,6,0,0,1976031_icon,item_des_19860312,item_function_19760010,423,1
19860313,水果沙拉,item_name_19860313,3,81,,0,0,0,99999999,,0,0,,0,1,0,0,0,0,0,6,0,0,1976031_icon,item_des_19860313,item_function_19760010,424,1
19860314,水果沙拉,item_name_19860314,3,81,,0,0,0,99999999,,0,0,,0,1,0,0,0,0,0,6,0,0,1976031_icon,item_des_19860314,item_function_19760010,425,1
19860321,红白丸子汤,item_name_19860321,4,81,,0,0,0,99999999,,0,0,,0,1,0,0,0,0,0,6,0,0,1976032_icon,item_des_19860321,item_function_19760010,426,1
19860322,红白丸子汤,item_name_19860322,4,81,,0,0,0,99999999,,0,0,,0,1,0,0,0,0,0,6,0,0,1976032_icon,item_des_19860322,item_function_19760010,427,1
19860323,红白丸子汤,item_name_19860323,4,81,,0,0,0,99999999,,0,0,,0,1,0,0,0,0,0,6,0,0,1976032_icon,item_des_19860323,item_function_19760010,428,1
19860324,红白丸子汤,item_name_19860324,4,81,,0,0,0,99999999,,0,0,,0,1,0,0,0,0,0,6,0,0,1976032_icon,item_des_19860324,item_function_19760010,429,1
19860331,番茄肉酱鱼粉,item_name_19860331,4,81,,0,0,0,99999999,,0,0,,0,1,0,0,0,0,0,6,0,0,1976033_icon,item_des_19860331,item_function_19760010,430,1
19860332,番茄肉酱鱼粉,item_name_19860332,4,81,,0,0,0,99999999,,0,0,,0,1,0,0,0,0,0,6,0,0,1976033_icon,item_des_19860332,item_function_19760010,431,1
19860333,番茄肉酱鱼粉,item_name_19860333,4,81,,0,0,0,99999999,,0,0,,0,1,0,0,0,0,0,6,0,0,1976033_icon,item_des_19860333,item_function_19760010,432,1
19860334,番茄肉酱鱼粉,item_name_19860334,4,81,,0,0,0,99999999,,0,0,,0,1,0,0,0,0,0,6,0,0,1976033_icon,item_des_19860334,item_function_19760010,433,1
19860341,鸡汤闷菌丝,item_name_19860341,4,81,,0,0,0,99999999,,0,0,,0,1,0,0,0,0,0,6,0,0,1976034_icon,item_des_19860341,item_function_19760010,434,1
19860342,鸡汤闷菌丝,item_name_19860342,4,81,,0,0,0,99999999,,0,0,,0,1,0,0,0,0,0,6,0,0,1976034_icon,item_des_19860342,item_function_19760010,435,1
19860343,鸡汤闷菌丝,item_name_19860343,4,81,,0,0,0,99999999,,0,0,,0,1,0,0,0,0,0,6,0,0,1976034_icon,item_des_19860343,item_function_19760010,436,1
19860344,鸡汤闷菌丝,item_name_19860344,4,81,,0,0,0,99999999,,0,0,,0,1,0,0,0,0,0,6,0,0,1976034_icon,item_des_19860344,item_function_19760010,437,1
19860351,培根蘑菇披萨,item_name_19860351,4,81,,0,0,0,99999999,,0,0,,0,1,0,0,0,0,0,6,0,0,1976035_icon,item_des_19860351,item_function_19760010,438,1
19860352,培根蘑菇披萨,item_name_19860352,4,81,,0,0,0,99999999,,0,0,,0,1,0,0,0,0,0,6,0,0,1976035_icon,item_des_19860352,item_function_19760010,439,1
19860353,培根蘑菇披萨,item_name_19860353,4,81,,0,0,0,99999999,,0,0,,0,1,0,0,0,0,0,6,0,0,1976035_icon,item_des_19860353,item_function_19760010,440,1
19860354,培根蘑菇披萨,item_name_19860354,4,81,,0,0,0,99999999,,0,0,,0,1,0,0,0,0,0,6,0,0,1976035_icon,item_des_19860354,item_function_19760010,441,1
19860361,黄金烤鱼,item_name_19860361,4,81,,0,0,0,99999999,,0,0,,0,1,0,0,0,0,0,6,0,0,1976036_icon,item_des_19860361,item_function_19760010,442,1
19860362,黄金烤鱼,item_name_19860362,4,81,,0,0,0,99999999,,0,0,,0,1,0,0,0,0,0,6,0,0,1976036_icon,item_des_19860362,item_function_19760010,443,1
19860363,黄金烤鱼,item_name_19860363,4,81,,0,0,0,99999999,,0,0,,0,1,0,0,0,0,0,6,0,0,1976036_icon,item_des_19860363,item_function_19760010,444,1
19860364,黄金烤鱼,item_name_19860364,4,81,,0,0,0,99999999,,0,0,,0,1,0,0,0,0,0,6,0,0,1976036_icon,item_des_19860364,item_function_19760010,445,1
19860371,三明治,item_name_19860371,4,81,,0,0,0,99999999,,0,0,,0,1,0,0,0,0,0,6,0,0,1976037_icon,item_des_19860371,item_function_19760010,446,1
19860372,三明治,item_name_19860372,4,81,,0,0,0,99999999,,0,0,,0,1,0,0,0,0,0,6,0,0,1976037_icon,item_des_19860372,item_function_19760010,447,1
19860373,三明治,item_name_19860373,4,81,,0,0,0,99999999,,0,0,,0,1,0,0,0,0,0,6,0,0,1976037_icon,item_des_19860373,item_function_19760010,448,1
19860374,三明治,item_name_19860374,4,81,,0,0,0,99999999,,0,0,,0,1,0,0,0,0,0,6,0,0,1976037_icon,item_des_19860374,item_function_19760010,449,1
19860711,什锦披萨,item_name_19860711,4,81,,0,0,0,99999999,,0,0,,0,1,0,0,0,0,0,6,0,0,1976071_icon,item_des_19860711,item_function_19760010,450,1
19860712,什锦披萨,item_name_19860712,4,81,,0,0,0,99999999,,0,0,,0,1,0,0,0,0,0,6,0,0,1976071_icon,item_des_19860712,item_function_19760010,451,1
19860713,什锦披萨,item_name_19860713,4,81,,0,0,0,99999999,,0,0,,0,1,0,0,0,0,0,6,0,0,1976071_icon,item_des_19860713,item_function_19760010,452,1
19860714,什锦披萨,item_name_19860714,4,81,,0,0,0,99999999,,0,0,,0,1,0,0,0,0,0,6,0,0,1976071_icon,item_des_19860714,item_function_19760010,453,1
19860721,红心蛋包饭,item_name_19860721,4,81,,0,0,0,99999999,,0,0,,0,1,0,0,0,0,0,6,0,0,1976039_icon,item_des_19860721,item_function_19760010,454,1
19860722,红心蛋包饭,item_name_19860722,4,81,,0,0,0,99999999,,0,0,,0,1,0,0,0,0,0,6,0,0,1976039_icon,item_des_19860722,item_function_19760010,455,1
19860723,红心蛋包饭,item_name_19860723,4,81,,0,0,0,99999999,,0,0,,0,1,0,0,0,0,0,6,0,0,1976039_icon,item_des_19860723,item_function_19760010,456,1
19860724,红心蛋包饭,item_name_19860724,4,81,,0,0,0,99999999,,0,0,,0,1,0,0,0,0,0,6,0,0,1976039_icon,item_des_19860724,item_function_19760010,457,1
19860751,索式椒麻鸡,item_name_19860751,4,81,,0,0,0,99999999,,0,0,,0,1,0,0,0,0,0,6,0,0,1976040_icon,item_des_19860751,item_function_19760010,458,1
19860752,索式椒麻鸡,item_name_19860752,4,81,,0,0,0,99999999,,0,0,,0,1,0,0,0,0,0,6,0,0,1976040_icon,item_des_19860752,item_function_19760010,459,1
19860753,索式椒麻鸡,item_name_19860753,4,81,,0,0,0,99999999,,0,0,,0,1,0,0,0,0,0,6,0,0,1976040_icon,item_des_19860753,item_function_19760010,460,1
19860754,索式椒麻鸡,item_name_19860754,4,81,,0,0,0,99999999,,0,0,,0,1,0,0,0,0,0,6,0,0,1976040_icon,item_des_19860754,item_function_19760010,461,1
19860781,果香烤肉,item_name_19860781,4,81,,0,0,0,99999999,,0,0,,0,1,0,0,0,0,0,6,0,0,1976041_icon,item_des_19860781,item_function_19760010,462,1
19860782,果香烤肉,item_name_19860782,4,81,,0,0,0,99999999,,0,0,,0,1,0,0,0,0,0,6,0,0,1976041_icon,item_des_19860782,item_function_19760010,463,1
19860783,果香烤肉,item_name_19860783,4,81,,0,0,0,99999999,,0,0,,0,1,0,0,0,0,0,6,0,0,1976041_icon,item_des_19860783,item_function_19760010,464,1
19860784,果香烤肉,item_name_19860784,4,81,,0,0,0,99999999,,0,0,,0,1,0,0,0,0,0,6,0,0,1976041_icon,item_des_19860784,item_function_19760010,465,1
19860791,黑石煎牛排,item_name_19860791,4,81,,0,0,0,99999999,,0,0,,0,1,0,0,0,0,0,6,0,0,1976042_icon,item_des_19860791,item_function_19760010,466,1
19860792,黑石煎牛排,item_name_19860792,4,81,,0,0,0,99999999,,0,0,,0,1,0,0,0,0,0,6,0,0,1976042_icon,item_des_19860792,item_function_19760010,467,1
19860793,黑石煎牛排,item_name_19860793,4,81,,0,0,0,99999999,,0,0,,0,1,0,0,0,0,0,6,0,0,1976042_icon,item_des_19860793,item_function_19760010,468,1
19860794,黑石煎牛排,item_name_19860794,4,81,,0,0,0,99999999,,0,0,,0,1,0,0,0,0,0,6,0,0,1976042_icon,item_des_19860794,item_function_19760010,469,1
19860801,火焰芝士肉球,item_name_19860801,4,81,,0,0,0,99999999,,0,0,,0,1,0,0,0,0,0,6,0,0,1976043_icon,item_des_19860801,item_function_19760010,470,1
19860802,火焰芝士肉球,item_name_19860802,4,81,,0,0,0,99999999,,0,0,,0,1,0,0,0,0,0,6,0,0,1976043_icon,item_des_19860802,item_function_19760010,471,1
19860803,火焰芝士肉球,item_name_19860803,4,81,,0,0,0,99999999,,0,0,,0,1,0,0,0,0,0,6,0,0,1976043_icon,item_des_19860803,item_function_19760010,472,1
19860804,火焰芝士肉球,item_name_19860804,4,81,,0,0,0,99999999,,0,0,,0,1,0,0,0,0,0,6,0,0,1976043_icon,item_des_19860804,item_function_19760010,473,1
19860811,黄金锅巴,item_name_19860811,4,81,,0,0,0,99999999,,0,0,,0,1,0,0,0,0,0,6,0,0,1976044_icon,item_des_19860811,item_function_19760010,474,1
19860812,黄金锅巴,item_name_19860812,4,81,,0,0,0,99999999,,0,0,,0,1,0,0,0,0,0,6,0,0,1976044_icon,item_des_19860812,item_function_19760010,475,1
19860813,黄金锅巴,item_name_19860813,4,81,,0,0,0,99999999,,0,0,,0,1,0,0,0,0,0,6,0,0,1976044_icon,item_des_19860813,item_function_19760010,476,1
19860814,黄金锅巴,item_name_19860814,4,81,,0,0,0,99999999,,0,0,,0,1,0,0,0,0,0,6,0,0,1976044_icon,item_des_19860814,item_function_19760010,477,1
19860871,潮汐捞面,item_name_19860871,4,81,,0,0,0,99999999,,0,0,,0,1,0,0,0,0,0,6,0,0,1976045_icon,item_des_19860871,item_function_19760010,478,1
19860872,潮汐捞面,item_name_19860872,4,81,,0,0,0,99999999,,0,0,,0,1,0,0,0,0,0,6,0,0,1976045_icon,item_des_19860872,item_function_19760010,479,1
19860873,潮汐捞面,item_name_19860873,4,81,,0,0,0,99999999,,0,0,,0,1,0,0,0,0,0,6,0,0,1976045_icon,item_des_19860873,item_function_19760010,480,1
19860874,潮汐捞面,item_name_19860874,4,81,,0,0,0,99999999,,0,0,,0,1,0,0,0,0,0,6,0,0,1976045_icon,item_des_19860874,item_function_19760010,481,1
19860881,奶香鲜蒸蛋,item_name_19860881,4,81,,0,0,0,99999999,,0,0,,0,1,0,0,0,0,0,6,0,0,1976046_icon,item_des_19860881,item_function_19760010,482,1
19860882,奶香鲜蒸蛋,item_name_19860882,4,81,,0,0,0,99999999,,0,0,,0,1,0,0,0,0,0,6,0,0,1976046_icon,item_des_19860882,item_function_19760010,483,1
19860883,奶香鲜蒸蛋,item_name_19860883,4,81,,0,0,0,99999999,,0,0,,0,1,0,0,0,0,0,6,0,0,1976046_icon,item_des_19860883,item_function_19760010,484,1
19860884,奶香鲜蒸蛋,item_name_19860884,4,81,,0,0,0,99999999,,0,0,,0,1,0,0,0,0,0,6,0,0,1976046_icon,item_des_19860884,item_function_19760010,485,1
1996001,粗盐腌肉图纸,item_name_1996001,1,29,,0,0,0,999,,0,0,,0,10001,0,0,0,0,0,0,0,0,1976046_icon,item_des_1996001,,122,0
1996002,混合烤肉图纸,item_name_1996002,1,29,,0,0,0,999,,0,0,,0,10002,0,0,0,0,0,0,0,0,1976046_icon,item_des_1996002,,122,0
1996003,糖醋鱼丸图纸,item_name_1996003,1,29,,0,0,0,999,,0,0,,0,10003,0,0,0,0,0,0,0,0,1976046_icon,item_des_1996003,,122,0
1996004,全鱼蒸锅图纸,item_name_1996004,1,29,,0,0,0,999,,0,0,,0,10004,0,0,0,0,0,0,0,0,1976046_icon,item_des_1996004,,122,0
1996005,清炒鲜蔬图纸,item_name_1996005,1,29,,0,0,0,999,,0,0,,0,10005,0,0,0,0,0,0,0,0,1976046_icon,item_des_1996005,,122,0
1996006,芙蓉四鲜汤图纸,item_name_1996006,1,29,,0,0,0,999,,0,0,,0,10006,0,0,0,0,0,0,0,0,1976046_icon,item_des_1996006,,122,0
1996007,炭烤蘑菇图纸,item_name_1996007,1,29,,0,0,0,999,,0,0,,0,10007,0,0,0,0,0,0,0,0,1976046_icon,item_des_1996007,,122,0
1996008,千丝烧麦图纸,item_name_1996008,1,29,,0,0,0,999,,0,0,,0,10008,0,0,0,0,0,0,0,0,1976046_icon,item_des_1996008,,122,0
1996009,拔丝酱果图纸,item_name_1996009,1,29,,0,0,0,999,,0,0,,0,10009,0,0,0,0,0,0,0,0,1976046_icon,item_des_1996009,,122,0
1996010,什锦水果图纸,item_name_1996010,1,29,,0,0,0,999,,0,0,,0,10010,0,0,0,0,0,0,0,0,1976046_icon,item_des_1996010,,122,0
1996011,鱼香肉丝图纸,item_name_1996011,1,29,,0,0,0,999,,0,0,,0,10011,0,0,0,0,0,0,0,0,1976046_icon,item_des_1996011,,122,0
1996012,菜包肉图纸,item_name_1996012,1,29,,0,0,0,999,,0,0,,0,10012,0,0,0,0,0,0,0,0,1976046_icon,item_des_1996012,,122,0
1996013,百兽饺图纸,item_name_1996013,1,29,,0,0,0,999,,0,0,,0,10013,0,0,0,0,0,0,0,0,1976046_icon,item_des_1996013,,122,0
1996014,咕咾肉图纸,item_name_1996014,1,29,,0,0,0,999,,0,0,,0,10014,0,0,0,0,0,0,0,0,1976046_icon,item_des_1996014,,122,0
1996015,豆豉炒鱼图纸,item_name_1996015,1,29,,0,0,0,999,,0,0,,0,10015,0,0,0,0,0,0,0,0,1976046_icon,item_des_1996015,,122,0
1996016,清炖翠鱼汤图纸,item_name_1996016,1,29,,0,0,0,999,,0,0,,0,10016,0,0,0,0,0,0,0,0,1976046_icon,item_des_1996016,,122,0
1996017,蜜汁鱼冻图纸,item_name_1996017,1,29,,0,0,0,999,,0,0,,0,10017,0,0,0,0,0,0,0,0,1976046_icon,item_des_1996017,,122,0
1996018,水光素色图纸,item_name_1996018,1,29,,0,0,0,999,,0,0,,0,10018,0,0,0,0,0,0,0,0,1976046_icon,item_des_1996018,,122,0
1996019,融雪火山图纸,item_name_1996019,1,29,,0,0,0,999,,0,0,,0,10019,0,0,0,0,0,0,0,0,1976046_icon,item_des_1996019,,122,0
1996020,落日米糕图纸,item_name_1996020,1,29,,0,0,0,999,,0,0,,0,10020,0,0,0,0,0,0,0,0,1976046_icon,item_des_1996020,,122,0
1996021,湖月三蒸图纸,item_name_1996021,1,29,,0,0,0,999,,0,0,,0,10021,0,0,0,0,0,0,0,0,1976046_icon,item_des_1996021,,122,0
1996022,鱼肠粉图纸,item_name_1996022,1,29,,0,0,0,999,,0,0,,0,10022,0,0,0,0,0,0,0,0,1976046_icon,item_des_1996022,,122,0
1996023,大骨汤图纸,item_name_1996023,1,29,,0,0,0,999,,0,0,,0,10023,0,0,0,0,0,0,0,0,1976046_icon,item_des_1996023,,122,0
1996024,肉末粉丝煲图纸,item_name_1996024,1,29,,0,0,0,999,,0,0,,0,10024,0,0,0,0,0,0,0,0,1976046_icon,item_des_1996024,,122,0
1996025,铁板肉卷图纸,item_name_1996025,1,29,,0,0,0,999,,0,0,,0,10025,0,0,0,0,0,0,0,0,1976046_icon,item_des_1996025,,122,0
1996026,炙风肉串图纸,item_name_1996026,1,29,,0,0,0,999,,0,0,,0,10026,0,0,0,0,0,0,0,0,1976046_icon,item_des_1996026,,122,0
1996027,回锅飞鲫图纸,item_name_1996027,1,29,,0,0,0,999,,0,0,,0,10027,0,0,0,0,0,0,0,0,1976046_icon,item_des_1996027,,122,0
1996028,西瓜鱼图纸,item_name_1996028,1,29,,0,0,0,999,,0,0,,0,10028,0,0,0,0,0,0,0,0,1976046_icon,item_des_1996028,,122,0
1996029,潮汐鱼羹图纸,item_name_1996029,1,29,,0,0,0,999,,0,0,,0,10029,0,0,0,0,0,0,0,0,1976046_icon,item_des_1996029,,122,0
1996030,水果沙拉图纸,item_name_1996030,1,29,,0,0,0,999,,0,0,,0,10030,0,0,0,0,0,0,0,0,1976046_icon,item_des_1996030,,122,0
1996031,红白丸子汤图纸,item_name_1996031,1,29,,0,0,0,999,,0,0,,0,10031,0,0,0,0,0,0,0,0,1976046_icon,item_des_1996031,,122,0
1996032,番茄肉酱鱼粉图纸,item_name_1996032,1,29,,0,0,0,999,,0,0,,0,10032,0,0,0,0,0,0,0,0,1976046_icon,item_des_1996032,,122,0
1996033,鸡汤闷菌丝图纸,item_name_1996033,1,29,,0,0,0,999,,0,0,,0,10033,0,0,0,0,0,0,0,0,1976046_icon,item_des_1996033,,122,0
1996034,培根蘑菇披萨图纸,item_name_1996034,1,29,,0,0,0,999,,0,0,,0,10034,0,0,0,0,0,0,0,0,1976046_icon,item_des_1996034,,122,0
1996035,黄金烤鱼图纸,item_name_1996035,1,29,,0,0,0,999,,0,0,,0,10035,0,0,0,0,0,0,0,0,1976046_icon,item_des_1996035,,122,0
1996036,三明治图纸,item_name_1996036,1,29,,0,0,0,999,,0,0,,0,10036,0,0,0,0,0,0,0,0,1976046_icon,item_des_1996036,,122,0
1996037,什锦披萨图纸,item_name_1996037,1,29,,0,0,0,999,,0,0,,0,10037,0,0,0,0,0,0,0,0,1976046_icon,item_des_1996037,,122,0
1996038,红心蛋包饭图纸,item_name_1996038,1,29,,0,0,0,999,,0,0,,0,10038,0,0,0,0,0,0,0,0,1976046_icon,item_des_1996038,,122,0
1996039,索式椒麻鸡图纸,item_name_1996039,1,29,,0,0,0,999,,0,0,,0,10039,0,0,0,0,0,0,0,0,1976046_icon,item_des_1996039,,122,0
1996040,果香烤肉图纸,item_name_1996040,1,29,,0,0,0,999,,0,0,,0,10040,0,0,0,0,0,0,0,0,1976046_icon,item_des_1996040,,122,0
1996041,黑石煎牛排图纸,item_name_1996041,1,29,,0,0,0,999,,0,0,,0,10041,0,0,0,0,0,0,0,0,1976046_icon,item_des_1996041,,122,0
1996042,火焰芝士肉球图纸,item_name_1996042,1,29,,0,0,0,999,,0,0,,0,10042,0,0,0,0,0,0,0,0,1976046_icon,item_des_1996042,,122,0
1996043,黄金锅巴图纸,item_name_1996043,1,29,,0,0,0,999,,0,0,,0,10043,0,0,0,0,0,0,0,0,1976046_icon,item_des_1996043,,122,0
1996044,潮汐捞面图纸,item_name_1996044,1,29,,0,0,0,999,,0,0,,0,10044,0,0,0,0,0,0,0,0,1976046_icon,item_des_1996044,,122,0
1996045,奶香鲜蒸蛋图纸,item_name_1996045,1,29,,0,0,0,999,,0,0,,0,10045,0,0,0,0,0,0,0,0,1976046_icon,item_des_1996045,,122,0
7001,"""萌新""",skin_name_7001,1,1034,,0,0,1,99999999,,0,0,,0,7001,0,0,0,0,0,0,0,0,7001_icon,item_des_7001,item_function_7001,10,0
7002,始于无罪,skin_name_7002,1,1034,,0,0,1,99999999,,0,0,,0,7002,0,0,0,0,0,0,0,0,7001_icon,item_des_7001,item_function_7002,10,0
7003,千恋万昧,skin_name_7003,1,1034,,0,0,1,99999999,,0,0,,0,7003,0,0,0,0,0,0,0,0,7001_icon,item_des_7001,item_function_7003,10,0
7004,人子羁情,skin_name_7004,1,1034,,0,0,1,99999999,,0,0,,0,7004,0,0,0,0,0,0,0,0,7001_icon,item_des_7001,item_function_7004,10,0
7005,仆从之主,skin_name_7005,1,1034,,0,0,1,99999999,,0,0,,0,7005,0,0,0,0,0,0,0,0,7001_icon,item_des_7001,item_function_7005,10,0
7006,受难福祉,skin_name_7006,1,1034,,0,0,1,99999999,,0,0,,0,7006,0,0,0,0,0,0,0,0,7001_icon,item_des_7001,item_function_7006,10,0
7007,君王之王,skin_name_7007,1,1034,,0,0,1,99999999,,0,0,,0,7007,0,0,0,0,0,0,0,0,7001_icon,item_des_7001,item_function_7001,10,0
7008,传道意属,skin_name_7008,1,1034,,0,0,1,99999999,,0,0,,0,7008,0,0,0,0,0,0,0,0,7001_icon,item_des_7001,item_function_7001,10,0
7009,神子眷者,skin_name_7009,1,1034,,0,0,1,99999999,,0,0,,0,7009,0,0,0,0,0,0,0,0,7001_icon,item_des_7001,item_function_7001,10,0
7010,诞生礼赞,skin_name_7010,1,1034,,0,0,1,99999999,,0,0,,0,7010,0,0,0,0,0,0,0,0,7001_icon,item_des_7001,item_function_7001,10,0
7011,圣殿领袖,skin_name_7011,1,1034,,0,0,1,99999999,,0,0,,0,7011,0,0,0,0,0,0,0,0,7001_icon,item_des_7001,item_function_7001,10,0
7012,约会管理大师,skin_name_7012,1,1034,,0,0,1,99999999,,0,0,,0,7012,0,0,0,0,0,0,0,0,7001_icon,item_des_7001,item_function_7001,10,0
7013,主神的天命,skin_name_7013,1,1034,,0,0,1,99999999,,0,0,,0,7013,0,0,0,0,0,0,0,0,7001_icon,item_des_7001,item_function_7001,10,0
7014,亮闪闪的,skin_name_7014,1,1034,,0,0,1,99999999,,0,0,,0,7014,0,0,0,0,0,0,0,0,7001_icon,item_des_7001,item_function_7001,10,0
7015,来自星海,skin_name_7015,1,1034,,0,0,1,99999999,,0,0,,0,7015,0,0,0,0,0,0,0,0,7001_icon,item_des_7001,item_function_7001,10,0
7016,八方漫游,skin_name_7016,1,1034,,0,0,1,99999999,,0,0,,0,7016,0,0,0,0,0,0,0,0,7001_icon,item_des_7001,item_function_7001,10,0
7017,深藏功名,skin_name_7017,1,1034,,0,0,1,99999999,,0,0,,0,7017,0,0,0,0,0,0,0,0,7001_icon,item_des_7001,item_function_7001,10,0
7018,执剑人,skin_name_7018,1,1034,,0,0,1,99999999,,0,0,,0,7018,0,0,0,0,0,0,0,0,7001_icon,item_des_7001,item_function_7001,10,0
7019,太劲了口牙,skin_name_7019,1,1034,,0,0,1,99999999,,0,0,,0,7019,0,0,0,0,0,0,0,0,7001_icon,item_des_7001,item_function_7001,10,0
7020,旧日的不死人,skin_name_7020,1,1034,,0,0,1,99999999,,0,0,,0,7020,0,0,0,0,0,0,0,0,7001_icon,item_des_7001,item_function_7001,10,0
7021,赛马机器,skin_name_7021,1,1034,,0,0,1,99999999,,0,0,,0,7021,0,0,0,0,0,0,0,0,7001_icon,item_des_7001,item_function_7001,10,0
7501,黯渊主宰,skin_name_7501,4,1034,,0,0,1,99999999,,0,0,,0,7501,0,0,0,0,0,5,21,0,7501_icon,item_des_7501,item_function_7501,1,0
7502,影帷先锋,skin_name_7502,3,1034,,0,0,1,99999999,,0,0,,0,7502,0,0,0,0,0,5,21,0,7502_icon,item_des_7502,item_function_7502,2,0
7503,幽域行者,skin_name_7503,2,1034,,0,0,1,99999999,,0,0,,0,7503,0,0,0,0,0,5,21,0,7503_icon,item_des_7503,item_function_7503,3,0
7504,缘结双生,skin_name_7504,1,1034,,0,0,1,99999999,,0,0,,0,7504,0,0,0,0,0,0,0,0,7504_icon,item_des_7504,item_function_7504,4,0
7505,浮梦三千,skin_name_7505,1,1034,,0,0,1,99999999,,0,0,,0,7505,0,0,0,0,0,0,0,0,7505_icon,item_des_7505,item_function_7505,5,0
7506,九转于世,skin_name_7506,1,1034,,0,0,1,99999999,,0,0,,0,7506,0,0,0,0,0,0,0,0,7506_icon,item_des_7506,item_function_7506,6,0
7507,悠久之翼,skin_name_7507,1,1034,,0,0,1,99999999,,0,0,,0,7507,0,0,0,0,0,0,0,0,7507_icon,item_des_7507,item_function_7507,7,0
7508,缄默守望者,skin_name_7508,1,1034,,0,0,1,99999999,,0,0,,0,7508,0,0,0,0,0,0,0,0,7508_icon,item_des_7508,item_function_7508,8,0
7509,叛逆使徒,skin_name_7509,1,1034,,0,0,1,99999999,,0,0,,0,7509,0,0,0,0,0,0,0,0,7509_icon,item_des_7509,item_function_7509,9,0
7510,圣洁传承,skin_name_7510,1,1034,,0,0,1,99999999,,0,0,,0,7510,0,0,0,0,0,0,0,0,7510_icon,item_des_7510,item_function_7510,10,0
7511,先灵之佑,skin_name_7511,1,1034,,0,0,1,99999999,,0,0,,0,7511,0,0,0,0,0,0,0,0,7511_icon,item_des_7511,item_function_7511,11,0
7512,异世之影,skin_name_7512,1,1034,,0,0,1,99999999,,0,0,,0,7512,0,0,0,0,0,0,0,0,7512_icon,item_des_7512,item_function_7512,12,0
7513,沉梦的知更鸟、罪与罚,skin_name_7513,1,1034,,0,0,1,99999999,,0,0,,0,7513,0,0,0,0,0,0,0,0,7513_icon,item_des_7513,item_function_7513,13,0
7514,演绎者,skin_name_7514,1,1034,,0,0,1,99999999,,0,0,,0,7514,0,0,0,0,0,0,0,0,7514_icon,item_des_7514,item_function_7514,14,0
7515,血液型、血色蔓延,skin_name_7515,1,1034,,0,0,1,99999999,,0,0,,0,7515,0,0,0,0,0,0,0,0,7515_icon,item_des_7515,item_function_7515,15,0
7516,恶龙计划主题活动排行榜称号1,skin_name_7516,1,1034,,0,0,1,99999999,,0,0,,0,7516,0,0,0,0,0,0,0,0,7516_icon,item_des_7516,item_function_7516,16,0
7517,恶龙计划主题活动排行榜称号2,skin_name_7517,1,1034,,0,0,1,99999999,,0,0,,0,7517,0,0,0,0,0,0,0,0,7517_icon,item_des_7517,item_function_7517,17,0
7518,恶龙计划主题活动排行榜称号3,skin_name_7518,1,1034,,0,0,1,99999999,,0,0,,0,7518,0,0,0,0,0,0,0,0,7518_icon,item_des_7518,item_function_7518,18,0
7519,诺维雅主题活动排行榜称号1,skin_name_7519,1,1034,,0,0,1,99999999,,0,0,,0,7516,0,0,0,0,0,0,0,0,7519_icon,item_des_7519,item_function_7519,16,0
7520,诺维雅主题活动排行榜称号2,skin_name_7520,1,1034,,0,0,1,99999999,,0,0,,0,7517,0,0,0,0,0,0,0,0,7520_icon,item_des_7520,item_function_7520,17,0
7521,诺维雅主题活动排行榜称号3,skin_name_7521,1,1034,,0,0,1,99999999,,0,0,,0,7518,0,0,0,0,0,0,0,0,7521_icon,item_des_7521,item_function_7521,18,0
5010001,默认收藏板（原初晶匣）,item_name_5010001,4,1007,,0,0,0,99999999,,0,0,,0,1001,0,0,0,0,0,0,0,0,5010001_icon,item_des_5010001,item_function_5010001,1,0
5010002,白银收藏板,item_name_5010002,4,1007,,0,0,0,99999999,,0,0,,0,1002,0,0,0,0,0,0,0,0,5010002_icon,item_des_5010002,item_function_5010002,1,0
5010003,黄金收藏板,item_name_5010003,4,1007,,0,0,0,99999999,,0,0,,0,1003,0,0,0,0,0,0,0,0,5010003_icon,item_des_5010003,item_function_5010003,1,0
5020001,默认收藏板场景,item_name_5020001,4,1008,,0,0,1,1,,0,0,,0,0,0,0,0,0,0,0,0,0,5020001_icon,item_des_5020001,item_function_5020001,1,0
5030001,默认收藏册封面,item_name_5030001,4,1006,,0,0,0,1,,0,0,,0,1101,0,0,0,0,0,0,0,0,5030001_icon,item_des_5030001,item_function_5030001,1,0
5030002,黑神家徽封面（也是默认封面）,item_name_5030002,4,1006,,0,0,0,1,,0,0,,0,1102,0,0,0,0,0,0,0,0,5030002_icon,item_des_5030002,item_function_5030002,1,0
5030003,和光同尘（异邦波斯菊封面）,item_name_5030003,4,1006,,0,0,0,1,,0,0,,0,1103,0,0,0,0,0,0,0,0,5030003_icon,item_des_5030003,item_function_5030003,1,0
5030004,锦绣奇缘（桃封面）,item_name_5030004,4,1006,,0,0,0,1,,0,0,,0,1104,0,0,0,0,0,0,0,0,5030004_icon,item_des_5030004,item_function_5030004,1,0
5030005,锦绣奇缘2（3桃封面）,item_name_5030005,4,1006,,0,0,0,1,,0,0,,0,1105,0,0,0,0,0,0,0,0,5030005_icon,item_des_5030005,item_function_5030005,1,0
5030006,异邦波斯菊封面,item_name_5030006,4,1006,,0,0,0,1,,0,0,,0,1106,0,0,0,0,0,0,0,0,5030006_icon,item_des_5030006,item_function_5030006,1,0
2000001,高级侵蚀之触,item_name_2000001,4,30,,0,0,0,99999999,,0,0,,0,2000001,0,0,0,0,0,0,0,0,2000001_icon,item_des_2000001,item_function_2000001,1,0
2000002,中级侵蚀之触,item_name_2000002,3,30,,0,0,0,99999999,,0,0,,0,2000002,0,0,0,0,0,0,0,0,2000002_icon,item_des_2000001,item_function_2000001,1,0
2000003,低级侵蚀之触,item_name_2000003,2,30,,0,0,0,99999999,,0,0,,0,2000003,0,0,0,0,0,0,0,0,2000003_icon,item_des_2000001,item_function_2000001,1,0
2000011,高级灼烧之炎,item_name_2000011,4,30,,0,0,0,99999999,,0,0,,0,2000011,0,0,0,0,0,0,0,0,2000011_icon,item_des_2000001,item_function_2000001,1,0
2000012,中级灼烧之炎,item_name_2000012,3,30,,0,0,0,99999999,,0,0,,0,2000012,0,0,0,0,0,0,0,0,2000012_icon,item_des_2000001,item_function_2000001,1,0
2000013,低级灼烧之炎,item_name_2000013,2,30,,0,0,0,99999999,,0,0,,0,2000013,0,0,0,0,0,0,0,0,2000013_icon,item_des_2000001,item_function_2000001,1,0
2000021,高级混沌侵蚀,item_name_2000021,4,30,,0,0,0,99999999,,0,0,,0,2000021,0,0,0,0,0,0,0,0,2000021_icon,item_des_2000001,item_function_2000001,1,0
2000022,中级混沌侵蚀,item_name_2000022,3,30,,0,0,0,99999999,,0,0,,0,2000022,0,0,0,0,0,0,0,0,2000022_icon,item_des_2000001,item_function_2000001,1,0
2000023,低级混沌侵蚀,item_name_2000023,2,30,,0,0,0,99999999,,0,0,,0,2000023,0,0,0,0,0,0,0,0,2000023_icon,item_des_2000001,item_function_2000001,1,0
2000031,高级能量吞噬,item_name_2000031,4,30,,0,0,0,99999999,,0,0,,0,2000031,0,0,0,0,0,0,0,0,2000031_icon,item_des_2000001,item_function_2000001,1,0
2000032,中级能量吞噬,item_name_2000032,3,30,,0,0,0,99999999,,0,0,,0,2000032,0,0,0,0,0,0,0,0,2000032_icon,item_des_2000001,item_function_2000001,1,0
2000033,低级能量吞噬,item_name_2000033,2,30,,0,0,0,99999999,,0,0,,0,2000033,0,0,0,0,0,0,0,0,2000033_icon,item_des_2000001,item_function_2000001,1,0
2000041,高级反噬侵蚀,item_name_2000041,4,30,,0,0,0,99999999,,0,0,,0,2000041,0,0,0,0,0,0,0,0,2000041_icon,item_des_2000001,item_function_2000001,1,0
2000042,中级反噬侵蚀,item_name_2000042,3,30,,0,0,0,99999999,,0,0,,0,2000042,0,0,0,0,0,0,0,0,2000042_icon,item_des_2000001,item_function_2000001,1,0
2000043,低级反噬侵蚀,item_name_2000043,2,30,,0,0,0,99999999,,0,0,,0,2000043,0,0,0,0,0,0,0,0,2000043_icon,item_des_2000001,item_function_2000001,1,0
2000051,高级灼烧反噬,item_name_2000051,4,30,,0,0,0,99999999,,0,0,,0,2000051,0,0,0,0,0,0,0,0,2000051_icon,item_des_2000001,item_function_2000001,1,0
2000052,中级灼烧反噬,item_name_2000052,3,30,,0,0,0,99999999,,0,0,,0,2000052,0,0,0,0,0,0,0,0,2000052_icon,item_des_2000001,item_function_2000001,1,0
2000053,低级灼烧反噬,item_name_2000053,2,30,,0,0,0,99999999,,0,0,,0,2000053,0,0,0,0,0,0,0,0,2000053_icon,item_des_2000001,item_function_2000001,1,0
2000061,高级混沌反噬,item_name_2000061,4,30,,0,0,0,99999999,,0,0,,0,2000061,0,0,0,0,0,0,0,0,2000061_icon,item_des_2000001,item_function_2000001,1,0
2000062,中级混沌反噬,item_name_2000062,3,30,,0,0,0,99999999,,0,0,,0,2000062,0,0,0,0,0,0,0,0,2000062_icon,item_des_2000001,item_function_2000001,1,0
2000063,低级混沌反噬,item_name_2000063,2,30,,0,0,0,99999999,,0,0,,0,2000063,0,0,0,0,0,0,0,0,2000063_icon,item_des_2000001,item_function_2000001,1,0
2000071,高级能量反噬,item_name_2000071,4,30,,0,0,0,99999999,,0,0,,0,2000071,0,0,0,0,0,0,0,0,2000071_icon,item_des_2000001,item_function_2000001,1,0
2000072,中级能量反噬,item_name_2000072,3,30,,0,0,0,99999999,,0,0,,0,2000072,0,0,0,0,0,0,0,0,2000072_icon,item_des_2000001,item_function_2000001,1,0
2000073,低级能量反噬,item_name_2000073,2,30,,0,0,0,99999999,,0,0,,0,2000073,0,0,0,0,0,0,0,0,2000073_icon,item_des_2000001,item_function_2000001,1,0
2000081,强效滞缓打击,item_name_2000081,3,30,,0,0,0,99999999,,0,0,,0,2000081,0,0,0,0,0,0,0,0,2000082_icon,item_des_2000001,item_function_2000001,1,0
2000082,基础滞缓打击,item_name_2000082,2,30,,0,0,0,99999999,,0,0,,0,2000082,0,0,0,0,0,0,0,0,2000083_icon,item_des_2000001,item_function_2000001,1,0
2000091,强效挑衅,item_name_2000091,3,30,,0,0,0,99999999,,0,0,,0,2000091,0,0,0,0,0,0,0,0,2000092_icon,item_des_2000001,item_function_2000001,1,0
2000092,基础挑衅,item_name_2000092,2,30,,0,0,0,99999999,,0,0,,0,2000092,0,0,0,0,0,0,0,0,2000093_icon,item_des_2000001,item_function_2000001,1,0
2000101,强效生命虹吸,item_name_2000101,3,30,,0,0,0,99999999,,0,0,,0,2000101,0,0,0,0,0,0,0,0,2000102_icon,item_des_2000001,item_function_2000001,1,0
2000102,基础生命虹吸,item_name_2000102,2,30,,0,0,0,99999999,,0,0,,0,2000102,0,0,0,0,0,0,0,0,2000103_icon,item_des_2000001,item_function_2000001,1,0
2000111,高级嗜血,item_name_2000111,4,30,,0,0,0,99999999,,0,0,,0,2000111,0,0,0,0,0,0,0,0,2000111_icon,item_des_2000001,item_function_2000001,1,0
2000112,中级嗜血,item_name_2000112,3,30,,0,0,0,99999999,,0,0,,0,2000112,0,0,0,0,0,0,0,0,2000112_icon,item_des_2000001,item_function_2000001,1,0
2000113,低级嗜血,item_name_2000113,2,30,,0,0,0,99999999,,0,0,,0,2000113,0,0,0,0,0,0,0,0,2000113_icon,item_des_2000001,item_function_2000001,1,0
2000121,高级攻击强化,item_name_2000121,4,30,,0,0,0,99999999,,0,0,,0,2000121,0,0,0,0,0,0,0,0,2000121_icon,item_des_2000001,item_function_2000001,1,0
2000122,中级攻击强化,item_name_2000122,3,30,,0,0,0,99999999,,0,0,,0,2000122,0,0,0,0,0,0,0,0,2000122_icon,item_des_2000001,item_function_2000001,1,0
2000123,低级攻击强化,item_name_2000123,2,30,,0,0,0,99999999,,0,0,,0,2000123,0,0,0,0,0,0,0,0,2000123_icon,item_des_2000001,item_function_2000001,1,0
2000131,高级防御强化,item_name_2000131,4,30,,0,0,0,99999999,,0,0,,0,2000131,0,0,0,0,0,0,0,0,2000131_icon,item_des_2000001,item_function_2000001,1,0
2000132,中级防御强化,item_name_2000132,3,30,,0,0,0,99999999,,0,0,,0,2000132,0,0,0,0,0,0,0,0,2000132_icon,item_des_2000001,item_function_2000001,1,0
2000133,低级防御强化,item_name_2000133,2,30,,0,0,0,99999999,,0,0,,0,2000133,0,0,0,0,0,0,0,0,2000133_icon,item_des_2000001,item_function_2000001,1,0
2000141,高级生命强化,item_name_2000141,4,30,,0,0,0,99999999,,0,0,,0,2000141,0,0,0,0,0,0,0,0,2000141_icon,item_des_2000001,item_function_2000001,1,0
2000142,中级生命强化,item_name_2000142,3,30,,0,0,0,99999999,,0,0,,0,2000142,0,0,0,0,0,0,0,0,2000142_icon,item_des_2000001,item_function_2000001,1,0
2000143,低级生命强化,item_name_2000143,2,30,,0,0,0,99999999,,0,0,,0,2000143,0,0,0,0,0,0,0,0,2000143_icon,item_des_2000001,item_function_2000001,1,0
2000151,高级韧性强化,item_name_2000151,4,30,,0,0,0,99999999,,0,0,,0,2000151,0,0,0,0,0,0,0,0,2000151_icon,item_des_2000001,item_function_2000001,1,0
2000152,中级韧性强化,item_name_2000152,3,30,,0,0,0,99999999,,0,0,,0,2000152,0,0,0,0,0,0,0,0,2000152_icon,item_des_2000001,item_function_2000001,1,0
2000153,低级韧性强化,item_name_2000153,2,30,,0,0,0,99999999,,0,0,,0,2000153,0,0,0,0,0,0,0,0,2000153_icon,item_des_2000001,item_function_2000001,1,0
2000161,高级速度强化,item_name_2000161,4,30,,0,0,0,99999999,,0,0,,0,2000161,0,0,0,0,0,0,0,0,2000161_icon,item_des_2000001,item_function_2000001,1,0
2000162,中级速度强化,item_name_2000162,3,30,,0,0,0,99999999,,0,0,,0,2000162,0,0,0,0,0,0,0,0,2000162_icon,item_des_2000001,item_function_2000001,1,0
2000163,低级速度强化,item_name_2000163,2,30,,0,0,0,99999999,,0,0,,0,2000163,0,0,0,0,0,0,0,0,2000163_icon,item_des_2000001,item_function_2000001,1,0
2000171,高级暴击精通,item_name_2000171,4,30,,0,0,0,99999999,,0,0,,0,2000171,0,0,0,0,0,0,0,0,2000171_icon,item_des_2000001,item_function_2000001,1,0
2000172,中级暴击精通,item_name_2000172,3,30,,0,0,0,99999999,,0,0,,0,2000172,0,0,0,0,0,0,0,0,2000172_icon,item_des_2000001,item_function_2000001,1,0
2000173,低级暴击精通,item_name_2000173,2,30,,0,0,0,99999999,,0,0,,0,2000173,0,0,0,0,0,0,0,0,2000173_icon,item_des_2000001,item_function_2000001,1,0
2000181,高级闪避精通,item_name_2000181,4,30,,0,0,0,99999999,,0,0,,0,2000181,0,0,0,0,0,0,0,0,2000181_icon,item_des_2000001,item_function_2000001,1,0
2000182,中级闪避精通,item_name_2000182,3,30,,0,0,0,99999999,,0,0,,0,2000182,0,0,0,0,0,0,0,0,2000182_icon,item_des_2000001,item_function_2000001,1,0
2000183,低级闪避精通,item_name_2000183,2,30,,0,0,0,99999999,,0,0,,0,2000183,0,0,0,0,0,0,0,0,2000183_icon,item_des_2000001,item_function_2000001,1,0
2000191,高级精准掌握,item_name_2000191,4,30,,0,0,0,99999999,,0,0,,0,2000191,0,0,0,0,0,0,0,0,2000191_icon,item_des_2000001,item_function_2000001,1,0
2000192,中级精准掌握,item_name_2000192,3,30,,0,0,0,99999999,,0,0,,0,2000192,0,0,0,0,0,0,0,0,2000192_icon,item_des_2000001,item_function_2000001,1,0
2000193,低级精准掌握,item_name_2000193,2,30,,0,0,0,99999999,,0,0,,0,2000193,0,0,0,0,0,0,0,0,2000193_icon,item_des_2000001,item_function_2000001,1,0
2000201,高级仇恨共鸣,item_name_2000201,4,30,,0,0,0,99999999,,0,0,,0,2000201,0,0,0,0,0,0,0,0,2000201_icon,item_des_2000001,item_function_2000001,1,0
2000202,中级仇恨共鸣,item_name_2000202,3,30,,0,0,0,99999999,,0,0,,0,2000202,0,0,0,0,0,0,0,0,2000202_icon,item_des_2000001,item_function_2000001,1,0
2000203,低级仇恨共鸣,item_name_2000203,2,30,,0,0,0,99999999,,0,0,,0,2000203,0,0,0,0,0,0,0,0,2000203_icon,item_des_2000001,item_function_2000001,1,0
2000211,高级荆棘之甲,item_name_2000211,4,30,,0,0,0,99999999,,0,0,,0,2000211,0,0,0,0,0,0,0,0,2000211_icon,item_des_2000001,item_function_2000001,1,0
2000212,中级荆棘之甲,item_name_2000212,3,30,,0,0,0,99999999,,0,0,,0,2000212,0,0,0,0,0,0,0,0,2000212_icon,item_des_2000001,item_function_2000001,1,0
2000213,低级荆棘之甲,item_name_2000213,2,30,,0,0,0,99999999,,0,0,,0,2000213,0,0,0,0,0,0,0,0,2000213_icon,item_des_2000001,item_function_2000001,1,0
2000221,高级弱破稳固,item_name_2000221,4,30,,0,0,0,99999999,,0,0,,0,2000221,0,0,0,0,0,0,0,0,2000221_icon,item_des_2000001,item_function_2000001,1,0
2000222,中级弱破稳固,item_name_2000222,3,30,,0,0,0,99999999,,0,0,,0,2000222,0,0,0,0,0,0,0,0,2000222_icon,item_des_2000001,item_function_2000001,1,0
2000223,低级弱破稳固,item_name_2000223,2,30,,0,0,0,99999999,,0,0,,0,2000223,0,0,0,0,0,0,0,0,2000223_icon,item_des_2000001,item_function_2000001,1,0
2000231,强效引领之击,item_name_2000231,3,30,,0,0,0,99999999,,0,0,,0,2000231,0,0,0,0,0,0,0,0,2000232_icon,item_des_2000001,item_function_2000001,1,0
2000233,基础引领之击,item_name_2000233,2,30,,0,0,0,99999999,,0,0,,0,2000233,0,0,0,0,0,0,0,0,2000233_icon,item_des_2000001,item_function_2000001,1,0
2000241,强效净化打击,item_name_2000241,3,30,,0,0,0,99999999,,0,0,,0,2000241,0,0,0,0,0,0,0,0,2000242_icon,item_des_2000001,item_function_2000001,1,0
2000242,基础净化打击,item_name_2000242,2,30,,0,0,0,99999999,,0,0,,0,2000242,0,0,0,0,0,0,0,0,2000243_icon,item_des_2000001,item_function_2000001,1,0
2000251,强效级急救,item_name_2000251,3,30,,0,0,0,99999999,,0,0,,0,2000251,0,0,0,0,0,0,0,0,2000252_icon,item_des_2000001,item_function_2000001,1,0
2000252,基础急救,item_name_2000252,2,30,,0,0,0,99999999,,0,0,,0,2000252,0,0,0,0,0,0,0,0,2000253_icon,item_des_2000001,item_function_2000001,1,0
2000261,强效自愈循环,item_name_2000261,3,30,,0,0,0,99999999,,0,0,,0,2000261,0,0,0,0,0,0,0,0,2000262_icon,item_des_2000001,item_function_2000001,1,0
2000262,基础自愈循环,item_name_2000262,2,30,,0,0,0,99999999,,0,0,,0,2000262,0,0,0,0,0,0,0,0,2000263_icon,item_des_2000001,item_function_2000001,1,0
2000271,强效异常增幅  ,item_name_2000271,3,30,,0,0,0,99999999,,0,0,,0,2000271,0,0,0,0,0,0,0,0,2000272_icon,item_des_2000001,item_function_2000001,1,0
2000272,基础异常增幅  ,item_name_2000272,2,30,,0,0,0,99999999,,0,0,,0,2000272,0,0,0,0,0,0,0,0,2000273_icon,item_des_2000001,item_function_2000001,1,0
2000281,强效连击触发  ,item_name_2000281,3,30,,0,0,0,99999999,,0,0,,0,2000281,0,0,0,0,0,0,0,0,2000282_icon,item_des_2000001,item_function_2000001,1,0
2000282,基础连击触发  ,item_name_2000282,2,30,,0,0,0,99999999,,0,0,,0,2000282,0,0,0,0,0,0,0,0,2000283_icon,item_des_2000001,item_function_2000001,1,0
2000291,强效能量涌动  ,item_name_2000291,3,30,,0,0,0,99999999,,0,0,,0,2000291,0,0,0,0,0,0,0,0,2000292_icon,item_des_2000001,item_function_2000001,1,0
2000292,基础能量涌动  ,item_name_2000292,2,30,,0,0,0,99999999,,0,0,,0,2000292,0,0,0,0,0,0,0,0,2000293_icon,item_des_2000001,item_function_2000001,1,0
2000300,免疫侵蚀,item_name_2000300,2,30,,0,0,0,99999999,,0,0,,0,2000300,0,0,0,0,0,0,0,0,2000303_icon,item_des_2000001,item_function_2000001,1,0
2000310,免疫灼烧,item_name_2000310,2,30,,0,0,0,99999999,,0,0,,0,2000310,0,0,0,0,0,0,0,0,2000313_icon,item_des_2000001,item_function_2000001,1,0
2000320,不屈意志,item_name_2000320,2,30,,0,0,0,99999999,,0,0,,0,2000320,0,0,0,0,0,0,0,0,2000323_icon,item_des_2000001,item_function_2000001,1,0
2000330,免疫暴击,item_name_2000330,2,30,,0,0,0,99999999,,0,0,,0,2000330,0,0,0,0,0,0,0,0,2000333_icon,item_des_2000001,item_function_2000001,1,0
2000340,绝对命中,item_name_2000340,2,30,,0,0,0,99999999,,0,0,,0,2000340,0,0,0,0,0,0,0,0,2000343_icon,item_des_2000001,item_function_2000001,1,0
2000350,强效净化之环  ,item_name_2000350,3,30,,0,0,0,99999999,,0,0,,0,2000350,0,0,0,0,0,0,0,0,2000352_icon,item_des_2000001,item_function_2000001,1,0
2000351,基础净化之环  ,item_name_2000351,2,30,,0,0,0,99999999,,0,0,,0,2000351,0,0,0,0,0,0,0,0,2000353_icon,item_des_2000001,item_function_2000001,1,0
2000360,迅捷反应,item_name_2000360,2,30,,0,0,0,99999999,,0,0,,0,2000360,0,0,0,0,0,0,0,0,2000363_icon,item_des_2000001,item_function_2000001,1,0
2000370,免疫反伤,item_name_2000370,2,30,,0,0,0,99999999,,0,0,,0,2000370,0,0,0,0,0,0,0,0,2000373_icon,item_des_2000001,item_function_2000001,1,0
2000380,禁疗之触,item_name_2000380,2,30,,0,0,0,99999999,,0,0,,0,2000380,0,0,0,0,0,0,0,0,2000383_icon,item_des_2000001,item_function_2000001,1,0
2000390,攻击成长,item_name_2000390,2,30,,0,0,0,99999999,,0,0,,0,2000390,0,0,0,0,0,0,0,0,2000393_icon,item_des_2000001,item_function_2000001,1,0
2000400,防御成长,item_name_2000400,2,30,,0,0,0,99999999,,0,0,,0,2000400,0,0,0,0,0,0,0,0,2000403_icon,item_des_2000001,item_function_2000001,1,0
2000410,韧性成长,item_name_2000410,2,30,,0,0,0,99999999,,0,0,,0,2000410,0,0,0,0,0,0,0,0,2000413_icon,item_des_2000001,item_function_2000001,1,0
2000420,生命成长,item_name_2000420,2,30,,0,0,0,99999999,,0,0,,0,2000420,0,0,0,0,0,0,0,0,2000423_icon,item_des_2000001,item_function_2000001,1,0
2000430,强效疗盾转化,item_name_2000430,3,30,,0,0,0,99999999,,0,0,,0,2000430,0,0,0,0,0,0,0,0,2000432_icon,item_des_2000001,item_function_2000001,1,0
2000431,基础疗盾转化,item_name_2000431,2,30,,0,0,0,99999999,,0,0,,0,2000431,0,0,0,0,0,0,0,0,2000433_icon,item_des_2000001,item_function_2000001,1,0
2000440,强效破盾强击,item_name_2000440,3,30,,0,0,0,99999999,,0,0,,0,2000440,0,0,0,0,0,0,0,0,2000442_icon,item_des_2000001,item_function_2000001,1,0
2000441,基础破盾强击,item_name_2000441,2,30,,0,0,0,99999999,,0,0,,0,2000441,0,0,0,0,0,0,0,0,2000443_icon,item_des_2000001,item_function_2000001,1,0
2000450,护盾直击,item_name_2000450,2,30,,0,0,0,99999999,,0,0,,0,2000450,0,0,0,0,0,0,0,0,2000453_icon,item_des_2000001,item_function_2000001,1,0
2000460,弱点稳固,item_name_2000460,2,30,,0,0,0,99999999,,0,0,,0,2000460,0,0,0,0,0,0,0,0,2000463_icon,item_des_2000001,item_function_2000001,1,0
2000470,强效愈伤共鸣,item_name_2000470,3,30,,0,0,0,99999999,,0,0,,0,2000470,0,0,0,0,0,0,0,0,2000472_icon,item_des_2000001,item_function_2000001,1,0
2000471,基础愈伤共鸣,item_name_2000471,2,30,,0,0,0,99999999,,0,0,,0,2000471,0,0,0,0,0,0,0,0,2000473_icon,item_des_2000001,item_function_2000001,1,0
2000480,强效治疗强化,item_name_2000480,3,30,,0,0,0,99999999,,0,0,,0,2000480,0,0,0,0,0,0,0,0,2000482_icon,item_des_2000001,item_function_2000001,1,0
2000481,基础治疗强化,item_name_2000481,2,30,,0,0,0,99999999,,0,0,,0,2000481,0,0,0,0,0,0,0,0,2000483_icon,item_des_2000001,item_function_2000001,1,0
2000997,异变之匣（魔物技能箱）,item_name_2000997,2,6,,6,0,0,99999999,,612,0,,0,0,0,0,0,0,0,0,0,0,1002142_icon,item_des_2000997,item_function_2000997,1,1
2000998,中阶异变之匣（魔物技能箱）,item_name_2000998,3,6,,6,0,0,99999999,,613,0,,0,0,0,0,0,0,0,0,0,0,1002143_icon,item_des_2000997,item_function_2000997,1,1
2000999,奇彩异变之匣（魔物技能箱）,item_name_2000999,4,6,,6,0,0,99999999,,614,0,,0,0,0,0,0,0,0,0,0,0,1002144_icon,item_des_2000997,item_function_2000997,1,1
10133001,月牙马铃薯,item_name_10133001,1,22,,0,0,0,99999999,,0,0,,0,0,0,0,0,0,0,0,0,0,1013001_icon,item_des_10133001,item_function_10133001,1,1
10133002,月牙马铃薯,item_name_10133002,1,22,,0,0,0,99999999,,0,0,,0,0,0,0,0,0,0,0,0,0,1013001_icon,item_des_10133002,item_function_10133002,1,1
10133003,月牙马铃薯,item_name_10133003,1,22,,0,0,0,99999999,,0,0,,0,0,0,0,0,0,0,0,0,0,1013001_icon,item_des_10133003,item_function_10133003,1,1
10133004,优质月牙马铃薯,item_name_10133004,2,22,,0,0,0,99999999,,0,0,,0,0,0,0,0,0,0,0,0,0,1013101_icon,item_des_10133004,item_function_10133004,1,1
10133005,优质月牙马铃薯,item_name_10133005,2,22,,0,0,0,99999999,,0,0,,0,0,0,0,0,0,0,0,0,0,1013101_icon,item_des_10133005,item_function_10133005,1,1
10133006,优质月牙马铃薯,item_name_10133006,2,22,,0,0,0,99999999,,0,0,,0,0,0,0,0,0,0,0,0,0,1013101_icon,item_des_10133006,item_function_10133006,1,1
10133007,优质月牙马铃薯,item_name_10133007,2,22,,0,0,0,99999999,,0,0,,0,0,0,0,0,0,0,0,0,0,1013101_icon,item_des_10133007,item_function_10133007,1,1
10133008,超级月牙马铃薯,item_name_10133008,3,22,,0,0,0,99999999,,0,0,,0,0,0,0,0,0,0,0,0,0,1013201_icon,item_des_10133008,item_function_10133008,1,1
10133009,超级月牙马铃薯,item_name_10133009,3,22,,0,0,0,99999999,,0,0,,0,0,0,0,0,0,0,0,0,0,1013201_icon,item_des_10133009,item_function_10133009,1,1
10133010,超级月牙马铃薯,item_name_10133010,3,22,,0,0,0,99999999,,0,0,,0,0,0,0,0,0,0,0,0,0,1013201_icon,item_des_10133010,item_function_10133010,1,1
