ID,,Group,MonsterId,MonsterLv,Position,AttrReFix,SkillFix,Desc
1,测试,10001,"3050013,3050001","1,1","0,1",0,0,
99999991,序章,99999991,3020011,180,1,0,0,序章
10101,新时代,101011,3050013,1,0,"3050013,601010,1",0,第一章
10103,班底,101031,"3050005,3050003","2,1","0,1","3050005,101,-250;3050005,104,-150",0,第一章
10116,讨伐-1,101161,"3050011,30500051","2,2","0,1",,0,第一章
10115,,101151,"3050013,30500141,3050005","6,6,6","0,1,2",,0,第一章
10117,讨伐-2,101171,"3050011,3050006","2,2","0,1",,0,第一章
10118,讨伐-3,101181,"3050002,30500161","3,3","0,1",,0,第一章
10106,第二现场,101061,"3050003,3050013","3,3","0,1",,0,第一章
10107,纯白阴影,101071,"3050005,3050006","4,4","0,1",,0,第一章
10120,讨伐-4,101201,"3050007,3050011","5,5","0,1",,0,第一章
10109,圈套,101091,"3050006,3050012","5,5","0,1",,0,第一章
10121,讨伐-5,101211,"3050003,3050015","6,6","0,1",,0,第一章
10110,最终现场,101101,"3050013,3050007","6,6","0,1",,0,第一章
10112,病,101121,30500021,8,1,,0,第一章
10123,讨伐-6,101231,"3050005,3050007","8,8","0,1",,0,第一章
10113,传染,101131,"3050003,3050006","9,9","0,1",,0,第一章
10114,追查,101141,3030001,10,1,,0,第一章
10124,讨伐-7,101241,"3050013,3050011","10,10","0,1",,0,第一章
10125,讨伐-8,101251,"3050001,30500011","10,10","0,1",,0,第一章
10126,讨伐-9,101261,"3050003,3050001","10,10","0,1",,0,第一章
10127,讨伐-10,101271,3030001,10,1,,0,第一章
10119,讨伐-5,101191,"3050003,3050006,3050007","9,9,9","0,1,2",,0,第一章
10122,讨伐-8,101221,,,,,0,第一章
10201,小雨,102011,"30500051,30500011,30500042","10,10,10","0,1,2","30500042,102,400",0,第二章
10202,怠慢与谨慎,102021,3020001,10,1,0,0,第二章
10213,预报,102131,"30500042,30500051,30500111","11,11,11","0,1,2","30500051,102,-320",0,第二章
10214,倾盆,102141,3020001,12,1,0,0,第二章
10216,2-16,102161,"30500021,30500122,3050015","14,14,14","0,1,2",0,0,第二章
10217,2-17,102171,"30500071,30500171,30500161","15,15,15","0,1,2",0,0,第二章
10218,2-18,102181,"30500131,30500131,3050014","16,16,16","0,1,2",0,0,第二章
10219,2-19,102191,"3050015,30500061,3050005","16,16,16","0,1,2",0,0,第二章
10220,2-20,102201,"3050013,30500051,3050002","17,17,17","0,1,2",0,0,第二章
10221,2-21,102211,"30500031,30500012,30500031","17,17,17","0,1,2",0,0,第二章
10222,2-22,102221,"3050015,30500061,30500051","18,18,18","0,1,2",0,0,第二章
10223,2-23,102231,"30500071,30500171,30500161","19,19,19","0,1,2",0,0,第二章
10224,2-24,102241,"30500031,30500061,30500071","20,20,20","0,1,2",0,0,第二章
10225,2-25,102251,"30500032,30500022,3050015","21,21,21","0,1,2",0,0,第二章
10226,2-26,102261,"30500112,30500012,30500162","22,22,22","0,1,2",0,0,第二章
102261,2-26,102262,3040002,23,1,"3040002,101,-100;3040002,102,300",0,第二章
10227,2-27,102271,"3050015,30500072,30500062","24,24,24","0,1,2",0,0,第二章
10228,2-28,102281,3020001,25,1,0,0,第二章
10306,警告,103061,"30500043,30500061,30500051","26,26,26","0,1,2",0,0,第三章
103061,警告,103062,"30500021,30500122,3050015","27,27,27","0,1,2",0,0,第三章
10307,断链,103071,"30500071,30500021,30500161","28,28,28","0,1,2",0,0,第三章
103071,断链,103072,"30500021,30500142,30500041","28,28,28","0,1,2",0,0,第三章
10308,噬灭,103081,"30500071,30500171,30500161","29,29,29","0,1,2","30500171,101,-400",0,第三章
103081,噬灭,103082,"30500031,30500062,30500071","29,29,29","0,1,2",0,0,第三章
10310,剪除,103101,3030002,30,1,0,0,第三章
10311,独白,103111,3030002,31,1,0,0,第三章
10312,3-12,103121,"30500031,3050015,30500031","32,32,32","0,1,2",0,0,第三章
103121,3-12,103122,"30500021,30500162,30500021","32,32,32","0,1,2",0,0,第三章
10313,3-13,103131,3040002,33,1,0,0,第三章
10314,3-14,103141,3040005,34,1,0,0,第三章
10315,3-15,103151,"30500131,30500141,30500131","35,35,35","0,1,2",0,0,第三章
103151,3-15,103152,"30500031,30500052,30500131","35,35,35","0,1,2",0,0,第三章
10316,3-16,103161,3040001,36,1,0,0,第三章
10317,3-17,103171,"30500031,30500062,30500071","37,37,37","0,1,2",0,0,第三章
103171,3-17,103172,"30500031,30500052,30500131","37,37,37","0,1,2",0,0,第三章
10318,3-18,103181,3040003,38,1,0,0,第三章
10319,3-19,103191,3040004,39,1,0,0,第三章
10320,3-20,103201,3030002,40,1,0,0,第三章
10403,虫害,104031,"30500052,30500162,30500021","41,41,41","0,1,2",0,0,第四章
104031,虫害,104032,"30500132,30500141","41,41","0,1",0,0,第四章
10407,剪除,104071,"30500022,30500142,30500041","42,42,42","0,1,2",0,0,第四章
104071,剪除,104072,"30500052,30500012,30500042","42,42,42","0,1,2",0,0,第四章
10412,虚妄,104121,3020002,43,1,0,0,第四章
10413,猎获,104131,"3040006,3040004","44,44","0,2",0,0,第四章
10414,枯萎,104141,3050017,45,1,0,0,第四章
10416,4-16,104161,"30500031,30500062,30500072","46,46,46","0,1,2",0,0,第四章
104161,4-16,104162,"30500132,30500112,30500011","46,46,46","0,1,2",0,0,第四章
10417,4-17,104171,"30500112,30500012,30500161","47,47,47","0,1,2",0,0,第四章
104171,4-17,104172,"30500022,30500142,30500041","47,47,47","0,1,2",0,0,第四章
10418,4-18,104181,"30500141,30500022,30500032","48,48,48","0,1,2",0,0,第四章
104181,4-18,104182,"30500132,30500141,30500132","48,48,48","0,1,2",0,0,第四章
10419,4-19,104191,"30500031,30500062,30500072","49,49,49","0,1,2",0,0,第四章
104191,4-19,104192,"30500071,30500022,30500162","49,49,49","0,1,2",0,0,第四章
10420,4-20,104201,"30500051,30500132,30500132","50,50,50","0,1,2",0,0,第四章
104201,4-20,104202,"3050015,30500061,30500052","50,50,50","0,1,2",0,0,第四章
10421,4-21,104211,"30500032,30500062,30500071","51,51,51","0,1,2",0,0,第四章
104211,4-21,104212,"30500022,30500012,30500141","51,51,51","0,1,2",0,0,第四章
10422,4-22,104221,"30500072,30500171,30500162","52,52,52","0,1,2",0,0,第四章
104221,4-22,104222,"30500071,3050017,3050001","52,52,52","0,1,2",0,0,第四章
10423,4-22,104231,"30500141,30500052,30500132","53,53,53","0,1,2",0,0,第四章
104231,4-23,104232,"30500071,30500022,30500161","53,53,53","0,1,2",0,0,第四章
10424,4-24,104241,3020002,54,1,0,0,第四章
10506,注视,105061,"30500012,3050007,3050011","54,54,54","0,1,2",0,0,第五章
10507,月咏,105071,"30500072,30500172,30500162","55,55,55","0,1,2",0,0,第五章
105071,月咏,105072,"30500032,30500062,30500072","55,55,55","0,1,2",0,0,第五章
10510,赎买,105101,"30500011,30500062,30500052","56,56,56","0,1,2",0,0,第五章
10513,追求,105131,"3030002,3050011","57,57","0,2",0,0,第五章
10516,憎恨,105161,3030003,58,1,0,0,第五章
10519,獠牙,105191,3030003,59,1,0,0,第五章
10521,5-21,105211,"30500132,30500141,30500052","60,60,60","0,1,2",0,0,第五章
105211,5-21,105212,"30500032,30500052,30500132","60,60,60","0,1,2",0,0,第五章
10522,5-22,105221,"30500032,30500061,30500072","60,60,60","0,1,2",0,0,第五章
105221,5-22,105222,"30500022,30500162,30500022","60,60,60","0,1,2",0,0,第五章
10523,5-23,105231,"30500132,30500112,30500011","61,61,61","0,1,2",0,0,第五章
105231,5-23,105232,"30500132,30500142,30500132","61,61,61","0,1,2",0,0,第五章
10524,5-24,105241,"30500112,30500012,30500161","62,62,62","0,1,2",0,0,第五章
105241,5-24,105242,"30500052,30500012,30500042","62,62,62","0,1,2",0,0,第五章
10525,5-25,105251,"30500031,30500062,30500072","63,63,63","0,1,2",0,0,第五章
105251,5-25,105252,"30500072,30500162,30500172","63,63,63","0,1,2",0,0,第五章
10526,5-26,105261,"30500132,30500141,30500132","64,64,64","0,1,2",0,0,第五章
105261,5-26,105262,"30500022,30500142,30500041","64,64,64","0,1,2",0,0,第五章
10527,5-27,105271,"30500052,30500012,30500042","65,65,65","0,1,2",0,0,第五章
105271,5-27,105272,"3050015,30500062,30500052","65,65,65","0,1,2",0,0,第五章
10528,5-28,105281,"30500141,30500022,30500032","66,66,66","0,1,2",0,0,第五章
105281,5-28,105282,"30500052,30500072,30500052","66,66,66","0,1,2",0,0,第五章
10529,5-29,105291,"3040006,30500141","67,67","0,2",0,0,第五章
10530,5-30,105301,"30500132,30500141,30500132","68,68,68","0,1,2",0,0,第五章
105301,5-30,105302,"30500021,30500162,30500021","68,68,68","0,1,2",0,0,第五章
10531,5-31,105311,"30500052,30500012,30500042","69,69,69","0,1,2",0,0,第五章
105311,5-31,105312,"30500052,30500012,30500042","69,69,69","0,1,2",0,0,第五章
10532,5-32,105321,"3050013,3050015,30500061","70,70,70","0,1,2",0,0,第五章
105321,5-32,105322,"30500141,30500022,30500032","70,70,70","0,1,2",0,0,第五章
10533,5-33,105331,"30500132,30500142,30500132","70,70,70","0,1,2",0,0,第五章
105331,5-33,105332,3030003,70,1,0,0,第五章
10601,6-1,106011,"30500022,30500142,30500041","73,73,73","0,1,2",0,0,第六-序章
106011,6-1,106012,"30500032,30500052,30500132","73,73,73","0,1,2",0,0,第六-序章
10602,6-2,106021,"30500032,30500062,30500072","74,74,74","0,1,2",0,0,第六-序章
106021,6-2,106022,"30500132,30500131,30500142","74,74,74","0,1,2",0,0,第六-序章
10603,6-3,106031,"30500072,30500022,30500162","75,75,75","0,1,2",0,0,第六-序章
106031,6-3,106032,"30500072,30500172,30500162","75,75,75","0,1,2",0,0,第六-序章
10604,6-4,106041,"30500022,30500122,3050015","76,76,76","0,1,2",0,0,第六-序章
106041,6-4,106042,"30500112,30500012,30500162","76,76,76","0,1,2",0,0,第六-序章
10605,6-5,106051,3040006,76,1,0,0,第六-序章
10606,6-6,106061,"3050015,30500062,30500052","77,77,77","0,1,2",0,0,第六-序章
106061,6-6,106062,"30500032,30500062,30500072","77,77,77","0,1,2",0,0,第六-序章
10607,6-7,106071,"30500032,3050015,30500032","78,78,78","0,1,2",0,0,第六-序章
106071,6-7,106072,"30500132,30500142,30500132","78,78,78","0,1,2",0,0,第六-序章
10608,6-8,106081,3040004,79,1,0,0,第六-序章
10609,6-9,106091,"30500072,30500062,3050015","80,80,80","0,1,2",0,0,第六-序章
106091,6-9,106092,"30500142,30500022,30500032","80,80,80","0,1,2",0,0,第六-序章
10610,6-10,106101,"30500022,30500162,30500021","81,81,81","0,1,2",0,0,第六-序章
106101,6-10,106102,"30500052,30500012,30500042","81,81,81","0,1,2",0,0,第六-序章
10611,6-11,106111,3040001,82,1,0,0,第六-序章
10612,6-12,106121,"30500132,30500112,30500011","83,83,83","0,1,2",0,0,第六-序章
106121,6-12,106122,"30500052,30500012,30500042","83,83,83","0,1,2",0,0,第六-序章
10613,6-13,106131,"30500131,3050013,30500141","84,84,84","0,1,2",0,0,第六-序章
106131,6-13,106132,"3050013,3050015,30500061","84,84,84","0,1,2",0,0,第六-序章
10614,6-14,106141,3030002,85,1,0,0,第六-序章
10615,6-15,106151,"30500032,30500112,30500012","86,86,86","0,1,2",0,0,第六-序章
106151,6-15,106152,"30500031,30500052,30500012","86,86,86","0,1,2",0,0,第六-序章
10616,6-16,106161,"30500052,30500012,30500042","87,87,87","0,1,2",0,0,第六-序章
106161,6-16,106162,"30500072,30500022,30500162","87,87,87","0,1,2",0,0,第六-序章
10617,6-17,106171,3030001,88,1,0,0,第六-序章
10618,6-18,106181,"30500072,30500162,30500172","89,89,89","0,1,2",0,0,第六-序章
106181,6-18,106182,"30500132,30500142,30500132","89,89,89","0,1,2",0,0,第六-序章
10619,6-19,106191,"30500022,30500142,30500041","90,90,90","0,1,2",0,0,第六-序章
106191,6-19,106192,"30500142,30500022,30500032","90,90,90","0,1,2",0,0,第六-序章
10620,6-20,106201,3030003,91,1,0,0,第六-序章
10621,6-21,106211,3020001,92,1,0,0,第六-序章
10622,6-22,106221,3020002,93,1,0,0,第六-序章
10717,6S-17,107171,"30500032,30500132,30500112","94,94,94","0,1,2",0,0,第六-上章
107171,6S-17,107172,"30500022,30500052,30500041","94,94,94","0,1,2",0,0,第六-上章
10718,6S-18,107181,"30500072,30500142,30500172","94,94,94","0,1,2",0,0,第六-上章
107181,6S-18,107182,"30500012,30500152,30500172","94,94,94","0,1,2",0,0,第六-上章
10719,6S-19,107191,"30500032,30500052,3050004","94,94,94","0,1,2",0,0,第六-上章
107191,6S-19,107192,"30500172,30500062,30500122","94,94,94","0,1,2",0,0,第六-上章
10720,6S-20,107201,"30500012,30500043,30500132","94,94,94","0,1,2",0,0,第六-上章
107201,6S-20,107202,"30500052,30500062,30500172","94,94,94","0,1,2",0,0,第六-上章
10721,6S-21,107211,3040006,94,1,0,0,第六-上章
10722,6S-22,107221,"30500132,30500112,30500012","95,95,95","0,1,2",0,0,第六-上章
107221,6S-22,107222,"30500032,30500161,30500142","95,95,95","0,1,2",0,0,第六-上章
10723,6S-23,107231,"30500112,30500012,30500162","95,95,95","0,1,2",0,0,第六-上章
107231,6S-23,107232,"3050004,30500132,30500062","95,95,95","0,1,2",0,0,第六-上章
10724,6S-24,107241,"30500052,30500162,30500112","95,95,95","0,1,2",0,0,第六-上章
107241,6S-24,107242,"30500022,30500161,30500172","95,95,95","0,1,2",0,0,第六-上章
10725,6S-25,107251,"30500032,30500132,30500132","95,95,95","0,1,2",0,0,第六-上章
107251,6S-25,107252,"30500022,30500161,30500022","95,95,95","0,1,2",0,0,第六-上章
10726,6S-26,107261,3040004,95,1,0,0,第六-上章
10816,廉耻是火焰,108161,3020002,95,1,0,0,第六-下章
10817,戛然而止,108171,3020002,93,1,0,0,第六-下章
10818,6X-18,108181,"30500132,3050006,30500042","93,93,93","0,1,2",0,0,第六-下章
10819,6X-19,108191,"30500022,30500022,3050005","93,93,93","0,1,2",0,0,第六-下章
10820,6X-20,108201,"3050012,30500072,30500161","93,93,93","0,1,2",0,0,第六-下章
10821,6X-21,108211,"30500022,30500061,30500011","93,93,93","0,1,2",0,0,第六-下章
10822,6X-22,108221,3040007,94,1,0,0,第六-下章
10823,6X-23,108231,"30500022,3050005,30500161","94,94,94","0,1,2",0,0,第六-下章
10824,6X-24,108241,"30500022,3050007,30500132","94,94,94","0,1,2",0,0,第六-下章
10825,6X-25,108251,"30500132,3050016,30500131","95,95,95","0,1,2",0,0,第六-下章
10826,6X-26,108261,"30500152,3050006,30500152","95,95,95","0,1,2",0,0,第六-下章
10827,6X-27,108271,3040002,95,1,0,0,第六-下章
10828,6X-28,108281,"30500161,3050014,30500121","96,96,96","0,1,2",0,0,第六-下章
108281,6X-28,108282,"30500022,30500142,30500152","96,96,96","0,1,2",0,0,第六-下章
10829,6X-29,108291,"30500051,3050014,30500131","96,96,96","0,1,2",0,0,第六-下章
108291,6X-29,108292,"3050015,30500161,3050003","96,96,96","0,1,2",0,0,第六-下章
10830,6X-30,108301,"3050014,3050007,3050006","96,96,96","0,1,2",0,0,第六-下章
108301,6X-30,108302,"30500131,3050005,3050005","96,96,96","0,1,2",0,0,第六-下章
10831,6X-31,108311,"3050004,30500051,30500141","97,97,97","0,1,2",0,0,第六-下章
108311,6X-31,108312,"3050006,30500052,3050016","97,97,97","0,1,2",0,0,第六-下章
10832,6X-32,108321,3020002,97,1,0,0,第六-下章
10833,6X-33,108331,3020002,97,1,0,0,第六-下章
10916,讨伐-1,109161,"30500022,30500161,3050015","97,97,97","0,1,2",0,0,第七章
10917,讨伐-2,109171,"30500022,30500122,30500022","97,97,97","0,1,2",0,0,第七章
10918,讨伐-3,109181,"30500131,30500112,30500042","97,97,97","0,1,2",0,0,第七章
10919,讨伐-4,109191,"30500142,30500171,30500151","97,97,97","0,1,2",0,0,第七章
109191,讨伐-4,109192,"30500052,30500031,30500052","97,97,97","0,1,2",0,0,第七章
10920,讨伐-5,109201,"30500152,3040002,30500152","97,97,97","0,1,2",0,0,第七章
10921,讨伐-6,109211,"30500021,30500161,30500122","97,97,97","0,1,2",0,0,第七章
10922,讨伐-7,109221,"3050017,3040005,30500122","97,97,97","0,1,2",0,0,第七章
10923,讨伐-8,109231,"30500072,30500022,3050005","97,97,97","0,1,2",0,0,第七章
10924,讨伐-9,109241,"30500021,3050001,30500112","97,97,97","0,1,2",0,0,第七章
109241,讨伐-9,109242,"3050013,30500162,30500022","97,97,97","0,1,2",0,0,第七章
10925,讨伐-10,109251,"30500172,3040001,30500032","97,97,97","0,1,2",0,0,第七章
10926,讨伐-11,109261,"3050017,30500061,30500072","97,97,97","0,1,2",0,0,第七章
10927,讨伐-12,109271,"30500072,30500051,30500111","97,97,97","0,1,2",0,0,第七章
10928,讨伐-13,109281,"3050015,3050004,30500031","97,97,97","0,1,2",0,0,第七章
10929,讨伐-14,109291,"30500151,3050014,30500162","97,97,97","0,1,2",0,0,第七章
10930,讨伐-15,109301,"30500131,30500112,30500071","97,97,97","0,1,2",0,0,第七章
10931,讨伐-16,109311,"30500152,3050011,30500022","97,97,97","0,1,2",0,0,第七章
109311,讨伐-16,109312,"3050005,3050014,30500111","97,97,97","0,1,2",0,0,第七章
10932,讨伐-17,109321,"30500162,3040007,3050016","97,97,97","0,1,2",0,0,第七章
10933,讨伐-18,109331,"30500031,3040007,30500131","97,97,97","0,1,2",0,0,第七章
11021,讨伐-1,110211,"3050016,3050015,30500072","98,98,98","0,1,2",0,0,第八章
11022,讨伐-2,110221,"3050011,30500171,3050016","98,98,98","0,1,2",0,0,第八章
11023,讨伐-3,110231,"30500121,30500042,3050006","98,98,98","0,1,2",0,0,第八章
11024,讨伐-4,110241,"3050001,30500131,30500071","98,98,98","0,1,2",0,0,第八章
11025,讨伐-5,110251,3030001,98,1,0,0,第八章
11026,讨伐-6,110261,"3050015,30500051,30500151","99,99,99","0,1,2",0,0,第八章
11027,讨伐-7,110271,"30500111,30500142,30500132","99,99,99","0,1,2",0,0,第八章
11028,讨伐-8,110281,"30500131,30500021,3050011","99,99,99","0,1,2",0,0,第八章
11029,讨伐-9,110291,"30500121,30500161,30500031","99,99,99","0,1,2",0,0,第八章
11030,讨伐-10,110301,30200021,99,1,0,0,第八章
11031,讨伐-11,110311,"3050013,30500161,3050004","100,100,100","0,1,2",0,0,第八章
11032,讨伐-12,110321,"3050015,30500111,30500132","100,100,100","0,1,2",0,0,第八章
11033,讨伐-13,110331,"30500142,3050005,30500131","100,100,100","0,1,2",0,0,第八章
11034,讨伐-14,110341,"3050015,30500041,30500031","100,100,100","0,1,2",0,0,第八章
11035,讨伐-15,110351,3020002,101,1,0,0,第八章
50101,糟糕的每日,501011,"30500032,3050013,3050011","15,15,15","0,1,2",0,0,第一章困难
50102,追逐-1,501021,"3050002,30500051,30500041","15,15,15","0,1,2",0,0,第一章困难
50103,追逐-2,501031,"3050013,3050015,3050017","15,15,15","0,1,2",0,0,第一章困难
50104,如果你无法笑,501041,"3050006,3040007,3050007","17,17,17","0,1,2","3040007,101,-950",0,第一章困难
50105,焦点-1,501051,"3050015,3050007,3050016","17,17,17","0,1,2",0,0,第一章困难
50106,焦点-2,501061,"3050015,3050001,30500111","17,17,17","0,1,2",0,0,第一章困难
50107,还要吃掉多少,501071,"30500171,30500041,3050005","18,18,18","0,1,2",0,0,第一章困难
50108,空洞-1,501081,"3050011,3040001,3050015","19,19,19","0,1,2","3040001,101,-950",0,第一章困难
50109,空洞-2,501091,"3050007,3050014,30500171","19,19,19","0,1,2",0,0,第一章困难
50110,请原谅我，我有病,501101,"3050013,30500032,3050004","19,19,19","0,1,2",0,0,第一章困难
50111,去向-1,501111,"3050001,3050015,30500171","20,20,20","0,1,2",0,0,第一章困难
50112,去向-2,501121,"3050016,3040006,3050002","21,21,21","0,1,2","3040006,101,-950",0,第一章困难
50113,信仰不得救,501131,"30500071,3050014,3050013","21,21,21","0,1,2",0,0,第一章困难
50114,失望-1,501141,"3050001,30500171,3050012","22,22,22","0,1,2",0,0,第一章困难
50115,白兔先生,501151,"3050004,3040005,3050005","23,23,23","0,1,2","3040005,101,-950",0,第一章困难
50116,诱惑-1,501161,"30500121,30500161,3050001","23,23,23","0,1,2",0,0,第一章困难
50117,下到洞里吧,501171,"3050007,3050015,30500043","24,24,24","0,1,2",0,0,第一章困难
50118,逃离这个世界-1,501181,"3050006,30500051,3050003","27,27,27","0,1,2",0,0,第一章困难
50119,岔路口和猫小姐,501191,"30500022,3040004,3050001","27,27,27","0,1,2","3040004,101,-950",0,第一章困难
50120,弱肉强食丛林,501201,3030001,30,1,0,0,第一章困难
50201,想要报仇的鹈鹕,502011,"30500121,3050017,3050005","30,30,30","0,1,2",0,0,第二章困难
50202,仇恨-1,502021,"3050006,3050015,3050001","31,31,31","0,1,2",0,0,第二章困难
50203,国王与兔子先生,502031,"3050003,30500051,3050004","32,32,32","0,1,2",0,0,第二章困难
502031,国王与兔子先生,502032,"3050017,30500061,3050012","32,32,32","0,1,2",0,0,第二章困难
50204,国王-1,502041,"30500051,3040002,30500062","33,33,33","0,1,2","3040002,101,-800",0,第二章困难
50205,国王-2,502051,"30500022,3050001,3050011","34,34,34","0,1,2",0,0,第二章困难
50206,猫兔不相容定理,502061,"3050001,30500041,30500121","35,35,35","0,1,2",0,0,第二章困难
50207,期待-1,502071,"30500111,3050015,3050013","36,36,36","0,1,2",0,0,第二章困难
502071,期待-1,502072,"30500041,30500011,30500041","36,36,36","0,1,2",0,0,第二章困难
50208,鲸鱼与木偶与猎犬,502081,"3050017,3040003,3050007","37,37,37","0,1,2","3040003,101,-750",0,第二章困难
50209,驱赶-1,502091,"3050015,3050017,30500062","38,38,38","0,1,2",0,0,第二章困难
50210,驱赶-2,502101,"30500121,3050011,3050002","39,39,39","0,1,2",0,0,第二章困难
50211,痛下杀手吧,502111,"3050003,30500041,30500131","40,40,40","0,1,2",0,0,第二章困难
502111,痛下杀手吧,502112,"3050012,30500121,3050001","40,40,40","0,1,2",0,0,第二章困难
50212,逃跑-1,502121,"3050012,3040004,3050012","41,41,41","0,1,2","3040004,101,-750",0,第二章困难
50213,逃跑-2,502131,"3050015,30500111,3050017","41,41,41","0,1,2",0,0,第二章困难
50214,朋友还是活路？,502141,"3050011,30500031,3050012","42,42,42","0,1,2",0,0,第二章困难
50215,为了朋友-1,502151,"3050001,3050004,3050002","42,42,42","0,1,2",0,0,第二章困难
502151,为了朋友-1,502152,"3050011,30500131,3050012","42,42,42","0,1,2",0,0,第二章困难
50216,不惧-1,502161,"30500071,3040003,3050005","43,43,43","0,1,2","3040003,101,-750",0,第二章困难
50217,呃，是梦啊,502171,"30500052,3050002,3050012","43,43,43","0,1,2",0,0,第二章困难
50218,大罪会议,502181,"3050007,30500072,3050014","43,43,43","0,1,2",0,0,第二章困难
50219,罪孽-1,502191,"3050011,3040001,3050011","44,44,44","0,1,2","3040001,101,-750",0,第二章困难
50220,大罪的等待间隙,502201,3020001,45,1,0,0,第二章困难
50301,家族与后继,503011,"30500141,3050016,3050001","45,45,45","0,1,2",0,0,第三章困难
50302,涟漪-1,503021,"3050001,30500043,30500131","46,46,46","0,1,2",0,0,第三章困难
503021,涟漪-1,503022,"30500051,3050006,3050017","46,46,46","0,1,2",0,0,第三章困难
50303,道德的义务,503031,"3050014,3040004,30500122","47,47,47","0,1,2","3040004,101,-750",0,第三章困难
50304,埋伏-1,503041,"3050001,30500062,3050017","48,48,48","0,1,2",0,0,第三章困难
50305,思想使人痛苦,503051,"3050013,3050004,30500161","49,49,49","0,1,2",0,0,第三章困难
503051,思想使人痛苦,503052,"3050007,30500171,3050001","49,49,49","0,1,2",0,0,第三章困难
50306,迷惘-1,503061,"3050001,3040006,3050002","50,50,50","0,1,2","3040006,101,-750",0,第三章困难
50307,西蒙和安娜,503071,"30500142,3050003,3050012","51,51,51","0,1,2",0,0,第三章困难
50308,镜子啊-1,503081,"3050001,30500111,3050003","52,52,52","0,1,2",0,0,第三章困难
503081,镜子啊-1,503082,"3050004,3050013,30500111","52,52,52","0,1,2",0,0,第三章困难
50309,被截断的道路,503091,"30500152,3040003,3050015","53,53,53","0,1,2",0,0,第三章困难
50310,告诉我-1,503101,"3050016,3050011,30500012","54,54,54","0,1,2",0,0,第三章困难
50311,道德高尚的女人,503111,"3050001,30500111,3050015","55,55,55","0,1,2",0,0,第三章困难
503111,道德高尚的女人,503112,"3050014,30500131,30500012","55,55,55","0,1,2",0,0,第三章困难
50312,挫折-1,503121,"30500071,3040007,3050012","56,56,56","0,1,2","3040007,101,-750",0,第三章困难
50313,怪人医生,503131,"30500121,3050016,3050006","57,57,57","0,1,2",0,0,第三章困难
50314,awaken,503141,"3050014,30500031,3050001","58,58,58","0,1,2",0,0,第三章困难
503141,awaken,503142,"30500051,3050006,3050015","58,58,58","0,1,2",0,0,第三章困难
50315,未知-1,503151,"30500112,3040002,30500021","59,59,59","0,1,2","3040002,101,-750",0,第三章困难
50316,卡尔之死,503161,"3050012,30500061,3050012","60,60,60","0,1,2",0,0,第三章困难
50317,恐怖和信仰-1,503171,"30500051,3050007,3050011","61,61,61","0,1,2",0,0,第三章困难
503171,恐怖和信仰-1,503172,"3050015,30500121,30500042","61,61,61","0,1,2",0,0,第三章困难
50318,人世间，或人所缺,503181,"30500052,3040005,30500071","62,62,62","0,1,2","3040005,101,-750",0,第三章困难
50319,重复-1,503191,"30500011,3050007,3050004","63,63,63","0,1,2",0,0,第三章困难
503191,重复-1,503192,"3050014,3050002,30500171","63,63,63","0,1,2",0,0,第三章困难
50320,成为家族的象征,503201,3030002,65,1,0,0,第三章困难
50401,梦与阴谋的气息,504011,"3050012,30500132,3050014","66,66,66","0,1,2",0,0,第四章困难
50402,不速之客-1,504021,"30500011,3050012,30500042","66,66,66","0,1,2",0,0,第四章困难
504021,不速之客-1,504022,"3050001,30500031,3050014","66,66,66","0,1,2",0,0,第四章困难
50403,不速之客-2,504031,"30500132,3040007,30500031","67,67,67","0,1,2","3040007,101,-750",0,第四章困难
50404,将你引入堕落深渊,504041,"3050011,3050013,30500152","68,68,68","0,1,2",0,0,第四章困难
50405,引诱-1,504051,"3050016,30500121,3050011","68,68,68","0,1,2",0,0,第四章困难
504051,引诱-1,504052,"30500152,3050012,3050006","68,68,68","0,1,2",0,0,第四章困难
50406,引诱-2,504061,"30500131,3040006,30500043","69,69,69","0,1,2","3040006,101,-750",0,第四章困难
50407,坠入爱河的人,504071,"3050001,30500061,30500152","70,70,70","0,1,2",0,0,第四章困难
50408,爱即罪-1,504081,"3050005,30500021,3050006","70,70,70","0,1,2",0,0,第四章困难
504081,爱即罪-1,504082,"30500041,3050017,30500111","70,70,70","0,1,2",0,0,第四章困难
50409,爱即罪-2,504091,"30500152,3040002,3050005","71,71,71","0,1,2","3040002,101,-750",0,第四章困难
50410,像个年轻姑娘,504101,"3050007,30500132,30500042","72,72,72","0,1,2",0,0,第四章困难
50411,做梦-1,504111,"30500141,3050001,30500043","72,72,72","0,1,2",0,0,第四章困难
504111,做梦-1,504112,"3050007,30500031,3050006","72,72,72","0,1,2",0,0,第四章困难
50412,毫无道理地妒忌,504121,"3050006,30500171,3050002","73,73,73","0,1,2",0,0,第四章困难
50413,清醒-1,504131,"3050012,3040005,30500161","74,74,74","0,1,2","3040005,101,-750",0,第四章困难
50414,野心和检举信,504141,"30500152,3050006,3050013","75,75,75","0,1,2",0,0,第四章困难
50415,危机-1,504151,"30500031,3050012,3050011","75,75,75","0,1,2",0,0,第四章困难
504151,危机-1,504152,"3050012,3050001,30500121","75,75,75","0,1,2",0,0,第四章困难
50416,使她憎恶,504161,"30500141,3040003,30500152","76,76,76","0,1,2","3040003,101,-750",0,第四章困难
50417,憎恨-1,504171,"3050007,30500112,30500041","77,77,77","0,1,2",0,0,第四章困难
50418,一桩犯罪,504181,"30500051,30500152,3050004","78,78,78","0,1,2",0,0,第四章困难
504181,一桩犯罪,504182,"30500111,3050001,3050016","78,78,78","0,1,2",0,0,第四章困难
50419,即使如此仍愿起舞,504191,"30500071,3040004,30500012","79,79,79","0,1,2","3040004,101,-750",0,第四章困难
50420,青色的火焰-1,504201,3020002,80,1,0,0,第四章困难
50501,5-1困难,505011,"30500072,30500162,30500172","81,81,81","0,1,2",0,0,第五章困难
505011,5-1困难,505012,"30500022,30500142,30500041","81,81,81","0,1,2",0,0,第五章困难
505012,5-1困难,505013,"30500152,30500062,30500052","81,81,81","0,1,2",0,0,第五章困难
50502,5-2困难,505021,"30500132,30500142,30500052","82,82,82","0,1,2",0,0,第五章困难
505021,5-2困难,505022,"30500032,30500052,30500132","82,82,82","0,1,2",0,0,第五章困难
505022,5-2困难,505023,"30500032,30500062,30500072","82,82,82","0,1,2",0,0,第五章困难
50503,5-3困难,505031,"30500132,30500112,30500012","83,83,83","0,1,2",0,0,第五章困难
505031,5-3困难,505032,"30500072,30500172,30500162","83,83,83","0,1,2",0,0,第五章困难
505032,5-3困难,505033,"30500022,30500162,30500022","83,83,83","0,1,2",0,0,第五章困难
50504,5-4困难,505041,"30500032,30500062,30500072","84,84,84","0,1,2",0,0,第五章困难
505041,5-4困难,505042,"30500052,30500012,30500042","84,84,84","0,1,2",0,0,第五章困难
505042,5-4困难,505043,"30500141,3040006,30500142","84,84,84","0,1,2","3040006,101,-750",0,第五章困难
50505,5-5困难,505051,"30500021,30500162,30500022","85,85,85","0,1,2",0,0,第五章困难
505051,5-5困难,505052,30200011,85,1,"30200011,101,-1250",0,第五章困难
50506,5-6困难,505061,"30500072,30500162,30500072","86,86,86","0,1,2",0,0,第五章困难
505061,5-6困难,505062,"30500072,30500162,30500172","86,86,86","0,1,2",0,0,第五章困难
505062,5-6困难,505063,"30500032,30500052,30500132","86,86,86","0,1,2",0,0,第五章困难
50507,5-7困难,505071,"30500072,30500172,30500162","87,87,87","0,1,2",0,0,第五章困难
505071,5-7困难,505072,"30500022,30500142,30500041","87,87,87","0,1,2",0,0,第五章困难
505072,5-7困难,505073,"30500132,30500132,30500142","87,87,87","0,1,2",0,0,第五章困难
50508,5-8困难,505081,"30500142,30500052,30500132","88,88,88","0,1,2",0,0,第五章困难
505081,5-8困难,505082,"30500152,30500062,30500052","88,88,88","0,1,2",0,0,第五章困难
505082,5-8困难,505083,"30500132,30500112,30500012","88,88,88","0,1,2",0,0,第五章困难
50509,5-9困难,505091,"30500032,30500052,30500132","89,89,89","0,1,2",0,0,第五章困难
505091,5-9困难,505092,"30500132,30500132,30500141","89,89,89","0,1,2",0,0,第五章困难
505092,5-9困难,505093,"30500112,3040001,30500032","89,89,89","0,1,2","3040001,101,-750",0,第五章困难
50510,5-10困难,505101,"30500052,30500012,30500042","90,90,90","0,1,2",0,0,第五章困难
505101,5-10困难,505102,30200021,90,1,"30200021,101,-1350",0,第五章困难
50511,5-11困难,505111,"30500022,30500142,30500041","91,91,91","0,1,2",0,0,第五章困难
505111,5-11困难,505112,"30500032,30500052,30500132","91,91,91","0,1,2",0,0,第五章困难
505112,5-12困难,505113,"30500132,30500142,30500132","91,91,91","0,1,2",0,0,第五章困难
50512,5-12困难,505121,"30500032,30500062,30500072","92,92,92","0,1,2",0,0,第五章困难
505121,5-12困难,505122,"30500052,30500012,30500042","92,92,92","0,1,2",0,0,第五章困难
505122,5-12困难,505123,"30500042,30500152,30500062","92,92,92","0,1,2",0,0,第五章困难
50513,5-13困难,505131,"30500072,30500022,30500162","93,93,93","0,1,2",0,0,第五章困难
505131,5-13困难,505132,"30500032,30500062,30500072","93,93,93","0,1,2",0,0,第五章困难
505132,5-13困难,505133,"30500022,30500122,30500152","93,93,93","0,1,2",0,0,第五章困难
50514,5-14困难,505141,"30500132,30500072,30500172","94,94,94","0,1,2",0,0,第五章困难
505141,5-14困难,505142,"30500042,30500152,30500062","94,94,94","0,1,2",0,0,第五章困难
505142,5-14困难,505143,"30500151,3040002,30500022","94,94,94","0,1,2","3040002,101,-750",0,第五章困难
50515,5-15困难,505151,"30500072,30500062,30500152","95,95,95","0,1,2",0,0,第五章困难
505151,5-15困难,505152,30200012,95,1,"30200012,101,-1200",0,第五章困难
50516,5-16困难,505161,"30500152,30500062,30500052","96,96,96","0,1,2",0,0,第五章困难
505161,5-16困难,505162,"30500032,30500062,30500072","96,96,96","0,1,2",0,0,第五章困难
505162,5-16困难,505163,"30500072,30500162,30500072","96,96,96","0,1,2",0,0,第五章困难
50517,5-17困难,505171,"30500072,30500172,30500162","97,97,97","0,1,2",0,0,第五章困难
505171,5-17困难,505172,"30500032,30500152,30500032","97,97,97","0,1,2",0,0,第五章困难
505172,5-17困难,505173,"30500132,30500142,30500132","97,97,97","0,1,2",0,0,第五章困难
50518,5-18困难,505181,"30500022,30500162,30500022","88,88,88","0,1,2",0,0,第五章困难
505181,5-18困难,505182,"30500052,30500012,30500042","88,88,88","0,1,2",0,0,第五章困难
505182,5-18困难,505183,"30500152,30500062,30500052","88,88,88","0,1,2",0,0,第五章困难
50519,5-19困难,505191,"30500032,30500062,30500072","89,89,89","0,1,2",0,0,第五章困难
505191,5-19困难,505192,"30500132,30500112,30500012","89,89,89","0,1,2",0,0,第五章困难
505192,5-19困难,505193,"3050017,3040003,30500012","89,89,89","0,1,2","3040003,101,-750",0,第五章困难
50520,5-20困难,505201,"30500072,30500172,30500162","90,90,90","0,1,2",0,0,第五章困难
505201,5-20困难,505202,3030003,90,1,"3030003,101,-950",0,第五章困难
50601,讨伐-1,506011,"30500032,30500052,30500132","87,87,87","0,1,2",0,0,第六-序章困难
506011,讨伐-1,506012,"30500032,30500052,30500132","87,87,87","0,1,2",0,0,第六-序章困难
506012,讨伐-1,506013,"30500132,30500142,30500052","87,87,87","0,1,2",0,0,第六-序章困难
50602,讨伐-2,506021,"30500132,30500132,30500142","88,88,88","0,1,2",0,0,第六-序章困难
506021,讨伐-2,506022,"30500022,30500162,30500022","88,88,88","0,1,2",0,0,第六-序章困难
506022,讨伐-2,506023,"30500032,30500062,30500072","88,88,88","0,1,2",0,0,第六-序章困难
50603,讨伐-3,506031,"30500072,30500172,30500162","88,88,88","0,1,2",0,0,第六-序章困难
506031,讨伐-3,506032,"30500142,30500022,30500032","88,88,88","0,1,2",0,0,第六-序章困难
506032,讨伐-3,506033,"30500052,30500012,30500042","88,88,88","0,1,2",0,0,第六-序章困难
50604,讨伐-4,506041,"30500112,30500012,30500162","88,88,88","0,1,2",0,0,第六-序章困难
506041,讨伐-4,506042,"30500112,30500062,30500022","88,88,88","0,1,2",0,0,第六-序章困难
506042,讨伐-4,506043,"3040005,30500022","88,88","0,2",0,0,第六-序章困难
50605,讨伐-5,506051,"30500132,3030001,30500142","89,89,89","0,1,2",0,0,第六-序章困难
506051,讨伐-5,506052,30200012,89,1,0,0,第六-序章困难
50606,讨伐-6,506061,"30500032,30500062,30500072","89,89,89","0,1,2",0,0,第六-序章困难
506061,讨伐-6,506062,"30500132,30500142,30500052","89,89,89","0,1,2",0,0,第六-序章困难
506062,讨伐-6,506063,"30500132,30500142,30500132","89,89,89","0,1,2",0,0,第六-序章困难
50607,讨伐-7,506071,"30500132,30500142,30500132","89,89,89","0,1,2",0,0,第六-序章困难
506071,讨伐-7,506072,"30500032,30500062,30500072","89,89,89","0,1,2",0,0,第六-序章困难
506072,讨伐-7,506073,"30500052,30500012,30500022","89,89,89","0,1,2",0,0,第六-序章困难
50608,讨伐-8,506081,"30500052,30500012,30500042","90,90,90","0,1,2",0,0,第六-序章困难
506081,讨伐-8,506082,"30500132,30500112,30500012","90,90,90","0,1,2",0,0,第六-序章困难
506082,讨伐-8,506083,"30500072,30500162,30500172","90,90,90","0,1,2",0,0,第六-序章困难
50609,讨伐-9,506091,"30500142,30500022,30500032","90,90,90","0,1,2",0,0,第六-序章困难
506091,讨伐-9,506092,"30500112,30500012,30500162","90,90,90","0,1,2",0,0,第六-序章困难
506092,讨伐-9,506093,"3040003,30500062","90,90","0,2",0,0,第六-序章困难
50610,讨伐-10,506101,"30500022,3030002,30500032","90,90,90","0,1,2",0,0,第六-序章困难
506101,讨伐-10,506102,30200022,90,1,0,0,第六-序章困难
50611,讨伐-11,506111,"30500072,30500162,30500172","91,91,91","0,1,2",0,0,第六-序章困难
506111,讨伐-11,506112,"30500032,30500052,30500132","91,91,91","0,1,2",0,0,第六-序章困难
506112,讨伐-11,506113,"30500032,30500062,30500072","91,91,91","0,1,2",0,0,第六-序章困难
50612,讨伐-12,506121,"30500022,30500142,30500041","91,91,91","0,1,2",0,0,第六-序章困难
506121,讨伐-12,506122,"30500022,30500162,30500022","91,91,91","0,1,2",0,0,第六-序章困难
506122,讨伐-12,506123,"30500072,30500022,30500162","91,91,91","0,1,2",0,0,第六-序章困难
50613,讨伐-13,506131,"30500152,30500062,30500052","92,92,92","0,1,2",0,0,第六-序章困难
506131,讨伐-13,506132,"30500132,30500142,30500132","92,92,92","0,1,2",0,0,第六-序章困难
506132,讨伐-13,506133,"30500022,30500162,30500022","92,92,92","0,1,2",0,0,第六-序章困难
50614,讨伐-14,506141,"30500052,30500072,30500052","92,92,92","0,1,2",0,0,第六-序章困难
506141,讨伐-14,506142,"30500052,30500012,30500042","92,92,92","0,1,2",0,0,第六-序章困难
506142,讨伐-14,506143,"3040006,30500022","92,92","0,2",0,0,第六-序章困难
50615,讨伐-15,506151,"30500132,3040001,30500142","93,93,93","0,1,2",0,0,第六-序章困难
506151,讨伐-15,506152,"3040003,3040007","93,93",1,0,0,第六-序章困难
50616,讨伐-16,506161,"30500032,30500052,30500132","93,93,93","0,1,2",0,0,第六-序章困难
506161,讨伐-16,506162,"30500152,30500062,30500052","93,93,93","0,1,2",0,0,第六-序章困难
506162,讨伐-16,506163,"30500142,30500022,30500032","93,93,93","0,1,2",0,0,第六-序章困难
50617,讨伐-17,506171,"30500022,30500162,30500022","94,94,94","0,1,2",0,0,第六-序章困难
506171,讨伐-17,506172,"30500052,30500072,30500052","94,94,94","0,1,2",0,0,第六-序章困难
506172,讨伐-17,506173,"30500112,30500062,30500022","94,94,94","0,1,2",0,0,第六-序章困难
50618,讨伐-18,506181,"30500142,30500022,30500032","94,94,94","0,1,2",0,0,第六-序章困难
506181,讨伐-18,506182,"30500032,30500062,30500072","94,94,94","0,1,2",0,0,第六-序章困难
506182,讨伐-18,506183,"30500032,30500052,30500132","94,94,94","0,1,2",0,0,第六-序章困难
50619,讨伐-19,506191,"30500112,30500062,30500022","95,95,95","0,1,2",0,0,第六-序章困难
506191,讨伐-19,506192,"30500132,30500112,30500012","95,95,95","0,1,2",0,0,第六-序章困难
506192,讨伐-19,506193,"3040004,30500072","95,95","0,2",0,0,第六-序章困难
50620,讨伐-20,506201,"30500032,3040002,30500072","95,95,95","0,1,2",0,0,第六-序章困难
506201,讨伐-20,506202,"3040006,3040004","95,95","0,2",0,0,第六-序章困难
50701,讨伐-1,507011,"30500132,30500162,30500132","97,97,97","0,1,2",0,0,第六-上章困难
507011,讨伐-1,507012,"30500032,30500062,30500072","97,97,97","0,1,2",0,0,第六-上章困难
50702,讨伐-2,507021,"30500161,30500072,30500142","98,98,98","0,1,2",0,0,第六-上章困难
507021,讨伐-2,507022,"30500152,30500142,30500132","98,98,98","0,1,2",0,0,第六-上章困难
50703,讨伐-3,507031,"30500072,30500172,30500162","98,98,98","0,1,2",0,0,第六-上章困难
507031,讨伐-3,507032,"30500032,30500162,30500022","98,98,98","0,1,2",0,0,第六-上章困难
50704,讨伐-4,507041,"30500161,30500152,30500062","98,98,98","0,1,2",0,0,第六-上章困难
507041,讨伐-4,507042,"30500132,30500122,30500032","98,98,98","0,1,2",0,0,第六-上章困难
50705,讨伐-5,507051,"30500132,30500132,30500132","99,99,99","0,1,2",0,0,第六-上章困难
507051,讨伐-5,507052,"30500132,30500161,30500022","99,99,99","0,1,2",0,0,第六-上章困难
50706,讨伐-6,507061,"30500032,30500062,30500072","99,99,99","0,1,2",0,0,第六-上章困难
507061,讨伐-6,507062,"3040002,3040005","99,99","0,2",0,0,第六-上章困难
50707,讨伐-7,507071,"30500032,30500052,30500132","99,99,99","0,1,2",0,0,第六-上章困难
507071,讨伐-7,507072,"30500152,30500172,30500162","99,99,99","0,1,2",0,0,第六-上章困难
50708,讨伐-8,507081,"30500112,30500032,30500062","100,100,100","0,1,2",0,0,第六-上章困难
507081,讨伐-8,507082,"30500132,30500132,30500022","100,100,100","0,1,2",0,0,第六-上章困难
50709,讨伐-9,507091,"30500032,30500172,30500072","100,100,100","0,1,2",0,0,第六-上章困难
507091,讨伐-9,507092,"30500112,30500012,30500122","100,100,100","0,1,2",0,0,第六-上章困难
50710,讨伐-10,507101,"30500112,30500022,30500162","100,100,100","0,1,2",0,0,第六-上章困难
507101,讨伐-10,507102,"30500132,30500142,30500132","100,100,100","0,1,2",0,0,第六-上章困难
50711,讨伐-11,507111,"30500032,30500052,30500132","101,101,101","0,1,2",0,0,第六-上章困难
507111,讨伐-11,507112,"30500142,30500022,30500032","101,101,101","0,1,2",0,0,第六-上章困难
50712,讨伐-12,507121,"30500152,30500161,30500142","101,101,101","0,1,2",0,0,第六-上章困难
507121,讨伐-12,507122,"3050003,3040006","101,101","0,2",0,0,第六-上章困难
50713,讨伐-13,507131,"30500152,30500132,30500062","102,102,102","0,1,2",0,0,第六-上章困难
507131,讨伐-13,507132,"30500052,30500122,30500042","102,102,102","0,1,2",0,0,第六-上章困难
50714,讨伐-14,507141,"30500161,30500172,30500072","102,102,102","0,1,2",0,0,第六-上章困难
507141,讨伐-14,507142,"30500152,30500062,30500072","102,102,102","0,1,2",0,0,第六-上章困难
50715,讨伐-15,507151,"30500132,30500112,30500012","103,103,103","0,1,2",0,0,第六-上章困难
507151,讨伐-15,507152,"30500072,30500112,30500012","103,103,103","0,1,2",0,0,第六-上章困难
50716,讨伐-16,507161,"30500152,30500062,30500052","103,103,103","0,1,2",0,0,第六-上章困难
507161,讨伐-16,507162,"30500132,30500161,30500022","103,103,103","0,1,2",0,0,第六-上章困难
50717,讨伐-17,507171,"30500152,30500062,30500161","104,104,104","0,1,2",0,0,第六-上章困难
507171,讨伐-17,507172,"30500072,30500162,30500161","104,104,104","0,1,2",0,0,第六-上章困难
50718,讨伐-18,507181,"30500032,30500161,30500122","104,104,104","0,1,2",0,0,第六-上章困难
507181,讨伐-18,507182,"30500032,30500161,30500122","104,104,104","0,1,2",0,0,第六-上章困难
50719,讨伐-19,507191,"3040001,3040005","105,105","0,2",0,0,第六-上章困难
507191,讨伐-19,507192,"30200012,3040007","105,105","0,2",0,0,第六-上章困难
50720,讨伐-20,507201,"3040002,3040006","105,105","0,2",0,0,第六-上章困难
507201,讨伐-20,507202,"30200022,3040004","105,105","0,2",0,0,第六-上章困难
50801,讨伐-1,508011,"30500022,30500112,30500032","106,106,106","0,1,2",0,0,第六-下章困难
50802,讨伐-2,508021,"30500022,30500132,30500032","107,107,107","0,1,2",0,0,第六-下章困难
50803,讨伐-3,508031,"30500162,30500032,30500052","107,107,107","0,1,2",0,0,第六-下章困难
50804,讨伐-4,508041,"30500032,30500032,30500052","107,107,107","0,1,2",0,0,第六-下章困难
50805,讨伐-5,508051,"30500062,30500172,30500132","108,108,108","0,1,2",0,0,第六-下章困难
508051,讨伐-5,508052,3030002,108,1,0,0,第六-下章困难
50806,讨伐-6,508061,"30500152,30500112,30500022","108,108,108","0,1,2",0,0,第六-下章困难
50807,讨伐-7,508071,"30500152,30500172,30500032","108,108,108","0,1,2",0,0,第六-下章困难
50808,讨伐-8,508081,"30500172,30500112,30500032","109,109,109","0,1,2",0,0,第六-下章困难
50809,讨伐-9,508091,"30500172,30500062,30500112","109,109,109","0,1,2",0,0,第六-下章困难
50810,讨伐-10,508101,"30500162,30500172,30500022","109,109,109","0,1,2",0,0,第六-下章困难
508101,讨伐-10,508102,30200012,109,1,0,0,第六-下章困难
50811,讨伐-11,508111,"30500032,30500161,30500032","110,110,110","0,1,2",0,0,第六-下章困难
50812,讨伐-12,508121,"30500052,30500043,30500032","110,110,110","0,1,2",0,0,第六-下章困难
50813,讨伐-13,508131,"30500012,30500152,30500132","111,111,111","0,1,2",0,0,第六-下章困难
50814,讨伐-14,508141,"30500032,30500052,30500032","111,111,111","0,1,2",0,0,第六-下章困难
50815,讨伐-15,508151,"30500043,30500172,30500152","112,112,112","0,1,2",0,0,第六-下章困难
508151,讨伐-15,508152,30200022,112,1,0,0,第六-下章困难
50816,讨伐-16,508161,"30500032,30500032,30500022","112,112,112","0,1,2",0,0,第六-下章困难
508161,讨伐-16,508162,"30500132,30500072,30500142","112,112,112","0,1,2",0,0,第六-下章困难
50817,讨伐-17,508171,"30500132,30500022,30500172","113,113,113","0,1,2",0,0,第六-下章困难
508171,讨伐-17,508172,"30500161,30500132,30500142","113,113,113","0,1,2",0,0,第六-下章困难
50818,讨伐-18,508181,"30500172,30500142,30500142","113,113,113","0,1,2",0,0,第六-下章困难
508181,讨伐-18,508182,"30500132,30500172,30500062","113,113,113","0,1,2",0,0,第六-下章困难
50819,讨伐-19,508191,"30500162,3040004,30500032","114,114,114","0,1,2",0,0,第六-下章困难
508191,讨伐-19,508192,3020002,114,1,0,0,第六-下章困难
50820,讨伐-20,508201,"30500172,30500051,30500172","114,114,114","0,1,2",0,0,第六-下章困难
508201,讨伐-20,508202,3020002,114,1,0,0,第六-下章困难
50901,讨伐-1,509011,"30500051,30500022,30500052","115,115,115","0,1,2",0,0,第七章困难
50902,讨伐-2,509021,"3050003,30500172,3050006","115,115,115","0,1,2",0,0,第七章困难
50903,讨伐-3,509031,"3050005,30500131,3050015","116,116,116","0,1,2",0,0,第七章困难
50904,讨伐-4,509041,"30500172,3040005,30500161","116,116,116","0,1,2",0,0,第七章困难
50905,讨伐-5,509051,"3050007,3050002,30500011","117,117,117","0,1,2",0,0,第七章困难
509051,讨伐-5,509052,"3050012,3040001,30500032","117,117,117","0,1,2",0,0,第七章困难
50906,讨伐-6,509061,"3050015,30500131,30500162","117,117,117","0,1,2",0,0,第七章困难
50907,讨伐-7,509071,"30500022,30500021,30500051","118,118,118","0,1,2",0,0,第七章困难
50908,讨伐-8,509081,"3050001,30500152,3050016","118,118,118","0,1,2",0,0,第七章困难
50909,讨伐-9,509091,"30500022,3040006,30500062","119,119,119","0,1,2",0,0,第七章困难
50910,讨伐-10,509101,"30500032,30500041,3050015","119,119,119","0,1,2",0,0,第七章困难
509101,讨伐-10,509102,"30500132,3040002,30500022","119,119,119","0,1,2",0,0,第七章困难
50911,讨伐-11,509111,"30500112,30500022,30500151","120,120,120","0,1,2",0,0,第七章困难
50912,讨伐-12,509121,"3050007,3050003,30500043","120,120,120","0,1,2",0,0,第七章困难
50913,讨伐-13,509131,"3050006,30500151,30500043","120,120,120","0,1,2",0,0,第七章困难
50914,讨伐-14,509141,"3050011,3040003,3050015","121,121,121","0,1,2",0,0,第七章困难
50915,讨伐-15,509151,"30500043,30500132,30500162","121,121,121","0,1,2",0,0,第七章困难
509151,讨伐-15,509152,"30500132,3040005,30500131","121,121,121","0,1,2",0,0,第七章困难
50916,讨伐-16,509161,"3050003,30500172,30500043","121,121,121","0,1,2",0,0,第七章困难
50917,讨伐-17,509171,"30500043,30500172,30500161","122,122,122","0,1,2",0,0,第七章困难
50918,讨伐-18,509181,"3050013,30500161,30500031","122,122,122","0,1,2",0,0,第七章困难
50919,讨伐-19,509191,"30500152,3040001,30500022","122,122,122","0,1,2",0,0,第七章困难
50920,讨伐-20,509201,"3050013,3040002,3050013","123,123,123","0,1,2",0,0,第七章困难
509201,讨伐-20,509202,3030003,123,1,0,0,第七章困难
51001,讨伐-1,510011,"3050015,3050016,30500032","123,123,123","0,1,2",0,0,第八章困难
51002,讨伐-2,510021,"30500021,30500161,30500131","123,123,123","0,1,2",0,0,第八章困难
51003,讨伐-3,510031,"30500151,3040005,30500112","124,124,124","0,1,2",0,0,第八章困难
51004,讨伐-4,510041,"30500071,30500012,30500022","124,124,124","0,1,2",0,0,第八章困难
51005,讨伐-5,510051,"30500141,30500172,30500172","125,125,125","0,1,2",0,0,第八章困难
510051,讨伐-5,510052,"3050011,30500051,30500022","125,125,125","0,1,2",0,0,第八章困难
51006,讨伐-6,510061,"30500132,30500042,3050003","125,125,125","0,1,2",0,0,第八章困难
51007,讨伐-7,510071,"30500132,30500161,30500041","126,126,126","0,1,2",0,0,第八章困难
51008,讨伐-8,510081,"30500021,3040005,30500152","126,126,126","0,1,2",0,0,第八章困难
51009,讨伐-9,510091,"30500151,30500151,3050015","127,127,127","0,1,2",0,0,第八章困难
51010,讨伐-10,510101,"3050013,30500062,3050016","127,127,127","0,1,2",0,0,第八章困难
510101,讨伐-10,510102,"30500152,3040001,30500071","127,127,127","0,1,2",0,0,第八章困难
51011,讨伐-11,510111,"3050015,3040007,30500042","128,128,128","0,1,2",0,0,第八章困难
51012,讨伐-12,510121,"3050013,3050015,3050015","128,128,128","0,1,2",0,0,第八章困难
51013,讨伐-13,510131,"30500162,30500041,30500121","129,129,129","0,1,2",0,0,第八章困难
51014,讨伐-14,510141,"30500052,30500051,3050004","129,129,129","0,1,2",0,0,第八章困难
51015,讨伐-15,510151,"3050014,3040003,30500071","130,130,130","0,1,2",0,0,第八章困难
510151,讨伐-15,510152,"30500042,3040001,30500152","130,130,130","0,1,2",0,0,第八章困难
51016,讨伐-16,510161,"30500142,30500022,30500141","130,130,130","0,1,2",0,0,第八章困难
51017,讨伐-17,510171,"3050002,3050003,3050005","131,131,131","0,1,2",0,0,第八章困难
51018,讨伐-18,510181,"3050014,3040003,30500071","131,131,131","0,1,2",0,0,第八章困难
51019,讨伐-19,510191,"3050007,3050011,3050003","133,133,133","0,1,2",0,0,第八章困难
51020,讨伐-20,510201,"3050017,30500062,30500031","133,133,133","0,1,2",0,0,第八章困难
510201,讨伐-20,510202,3020001,133,1,0,0,第八章困难
30101,本勒收集1,301011,"3050002,3050006","5,5","1,2",0,0,本勒收集1
30102,本勒收集2,301021,"3050015,3050011,3050012","20,20,20","0,1,2",0,0,本勒收集2
30103,本勒收集3,301031,"30500021,3050017,3050014","40,40,40","0,1,2",0,0,本勒收集3
30104,本勒收集4,301041,"30500021,3040007,30500011","60,60,60","0,1,2","30500011,102,-300",0,本勒收集4
30105,本勒收集5,301051,"30500121,3040001,30500121","90,90,90","0,1,2","3040001,101,100;3040001,102,-300;3040001,102,100",0,本勒收集5
30106,本勒收集6,301061,"30500132,3040005,30500132","110,110,110","0,1,2","3040005,102,-300",0,本勒收集6
30107,本勒收集7,301071,"30500132,3040006,30500161","130,130,130","0,1,2","3040006,101,-300;3040006,102,-100",0,本勒收集7
301071,本勒收集7,301072,"30500172,3040006,30500032","130,130,130","0,1,2","3040006,101,-300;3040006,102,-100",0,本勒收集7
30201,经验获取1,302011,"3050007,3050011","3,3","1,2",0,0,经验获取1
30202,经验获取2,302021,"3050003,3050006,3050017","8,8,8","0,1,2","3050003,102,-1000",0,经验获取2
30203,经验获取3,302031,"30500021,3050007,3050006","20,20,20","0,1,2",0,0,经验获取3
30204,经验获取4,302041,"30500011,3040007,30500141","40,40,40","0,1,2","3040007,101,-200;30500011,102,-200",0,经验获取4
30205,经验获取5,302051,"30500021,3040003,30500051","60,60,60","0,1,2",0,0,经验获取5
30206,经验获取6,302061,"30500032,3040002,30500112","80,80,80","0,1,2","30500032,102,-300",0,经验获取6
30207,经验获取7,302071,"30500132,3050003,30500132","130,130,130","0,1,2",0,0,经验获取7
302071,经验获取7,302072,"30500072,3040002,30500142","130,130,130","0,1,2","0,101,300;0,102,500",0,经验获取7
30301,技能材料1,303011,"3050002,3050012","20,20","1,2",0,0,技能材料1
30302,技能材料2,303021,"3050015,3050013","30,30","1,2",0,0,技能材料2
30303,技能材料3,303031,"30500043,3050015,3050011","50,50,50","0,1,2",0,0,技能材料3
30304,技能材料4,303041,"3050015,3040003,30500051","70,70,70","0,1,2",0,0,技能材料4
30305,技能材料5,303051,"30500021,3040001,30500011","90,90,90","0,1,2","30500021,102,300",0,技能材料5
30306,技能材料6,303061,"30500032,3040005,30500172","110,110,110","0,1,2",0,0,技能材料6
30307,技能材料7,303071,"30500032,3040002,30500122","130,130,130","0,1,2","3040002,101,-300;30500032,102,-400",0,技能材料7
303071,技能材料7,303072,"30500132,3040005,30500072","130,130,130","0,1,2","3040002,101,-300;30500032,102,-400",0,技能材料7
30401,传道记忆1,304011,"3050014,30500021,3050007","5,5,5","0,1,2",0,0,传道记忆1
30402,传道记忆2,304021,"30500061,3050015,3050017","20,20,20","0,1,2",0,0,传道记忆2
30403,传道记忆3,304031,"30500111,30500161,30500071","50,50,50","0,1,2","30500161,102,-200",0,传道记忆3
30404,传道记忆4,304041,"30500121,3040007,30500131","70,70,70","0,1,2","30500131,102,-300",0,传道记忆4
30405,传道记忆5,304051,"30500071,30500061,3050015","90,90,90","0,1,2",0,0,传道记忆5
304051,传道记忆5,304052,"30500072,3040007,30500142","90,90,90","0,1,2",0,0,传道记忆5
30406,传道记忆6,304061,"30500031,30500051,30500131","120,120,120","0,1,2",0,0,传道记忆6
304061,传道记忆6,304062,"30500132,3040007,30500062","120,120,120","0,1,2",0,0,传道记忆6
30501,君王记忆1,305011,"3050004,30500171,3050013","5,5,5","0,1,2",0,0,君王记忆1
30502,君王记忆2,305021,"30500041,30500011,30500141","20,20,20","0,1,2",0,0,君王记忆2
30503,君王记忆3,305031,"30500043,30500052,30500043","50,50,50","0,1,2","30500161,102,-200",0,君王记忆3
30504,君王记忆4,305041,"30500021,3040002,30500131","70,70,70","0,1,2","30500131,102,-300",0,君王记忆4
30505,君王记忆5,305051,"30500071,30500171,30500161","90,90,90","0,1,2",0,0,君王记忆5
305051,君王记忆5,305052,"30500142,3040002,30500022","90,90,90","0,1,2",0,0,君王记忆5
30506,君王记忆6,305061,"30500111,30500011,30500161","120,120,120","0,1,2",0,0,君王记忆6
305061,君王记忆6,305062,"30500032,3040002,30500162","120,120,120","0,1,2",0,0,君王记忆6
30601,仆从记忆1,306011,"3050003,30500051,3050013","5,5,5","0,1,2",0,0,仆从记忆1
30602,仆从记忆2,306021,"3050003,30500071,30500061","20,20,20","0,1,2",0,0,仆从记忆2
30603,仆从记忆3,306031,"30500131,30500131,30500131","50,50,50","0,1,2","30500161,102,-200",0,仆从记忆3
30604,仆从记忆4,306041,"30500131,3040003,30500021","70,70,70","0,1,2","30500131,102,-300;3040003,102,-300",0,仆从记忆4
30605,仆从记忆5,306051,"30500131,30500141,30500051","90,90,90","0,1,2",0,0,仆从记忆5
306051,仆从记忆5,306052,"30500032,3040003,30500052","90,90,90","0,1,2",0,0,仆从记忆5
30606,仆从记忆6,306061,"30500021,30500051,30500011","120,120,120","0,1,2",0,0,仆从记忆6
306061,仆从记忆6,306062,"30500032,3040003,30500112","120,120,120","0,1,2",0,0,仆从记忆6
30701,诞生记忆1,307011,"3050015,30500141,3050005","5,5,5","0,1,2",0,0,诞生记忆1
30702,诞生记忆2,307021,"30500011,30500061,3050015","20,20,20","0,1,2",0,0,诞生记忆2
30703,诞生记忆3,307031,"30500051,30500051,30500051","50,50,50","0,1,2","30500161,102,-200",0,诞生记忆3
30704,诞生记忆4,307041,"30500021,3040005,30500121","70,70,70","0,1,2",0,0,诞生记忆4
30705,诞生记忆5,307051,"30500061,30500051,30500031","90,90,90","0,1,2",0,0,诞生记忆5
307051,诞生记忆5,307052,"30500142,3040005,30500022","90,90,90","0,1,2",0,0,诞生记忆5
30706,诞生记忆6,307061,"3050015,30500031,30500131","120,120,120","0,1,2",0,0,诞生记忆6
307061,诞生记忆6,307062,"30500032,3040005,30500162","120,120,120","0,1,2",0,0,诞生记忆6
30801,人子记忆1,308011,"30500061,3050017,3050016","5,5,5","0,1,2",0,0,人子记忆1
30802,人子记忆2,308021,"3050016,30500071,3050001","20,20,20","0,1,2",0,0,人子记忆2
30803,人子记忆3,308031,"30500021,30500131,30500061","50,50,50","0,1,2","30500161,102,-200",0,人子记忆3
30804,人子记忆4,308041,"30500131,3040006,30500021","70,70,70","0,1,2","30500131,102,-300;3040006,102,-300",0,人子记忆4
30805,人子记忆5,308051,"30500071,30500061,3050015","90,90,90","0,1,2",0,0,人子记忆5
308051,人子记忆5,308052,"30500032,3040006,30500132","90,90,90","0,1,2",0,0,人子记忆5
30806,人子记忆6,308061,"30500051,30500111,30500011","120,120,120","0,1,2",0,0,人子记忆6
308061,人子记忆6,308062,"30500022,3040006,30500021","120,120,120","0,1,2",0,0,人子记忆6
30901,受难记忆1,309011,"30500011,3050011,3050007","5,5,5","0,1,2",0,0,受难记忆1
30902,受难记忆2,309021,"3050015,30500121,3050001","20,20,20","0,1,2",0,0,受难记忆2
30903,受难记忆3,309031,"30500131,30500111,30500161","50,50,50","0,1,2","30500161,102,-200",0,受难记忆3
30904,受难记忆4,309041,"3050002,3040001,3050011","70,70,70","0,1,2","3040001,102,-300",0,受难记忆4
30905,受难记忆5,309051,"30500141,30500021,30500161","90,90,90","0,1,2",0,0,受难记忆5
309051,受难记忆5,309052,"30500142,3040001,30500162","90,90,90","0,1,2",0,0,受难记忆5
30906,受难记忆6,309061,"30500061,3050015,30500031","120,120,120","0,1,2",0,0,受难记忆6
309061,受难记忆6,309062,"30500062,3040001,30500032","120,120,120","0,1,2",0,0,受难记忆6
31001,神子记忆1,310011,"3050012,30500141,3050002","5,5,5","0,1,2",0,0,神子记忆1
31002,神子记忆2,310021,"3050012,3050006,30500131","20,20,20","0,1,2",0,0,神子记忆2
31003,神子记忆3,310031,"30500021,30500111,30500121","50,50,50","0,1,2","30500161,102,-200",0,神子记忆3
31004,神子记忆4,310041,"30500121,3040002,30500161","70,70,70","0,1,2","30500131,102,-300",0,神子记忆4
31005,神子记忆5,310051,"30500131,30500131,30500031","90,90,90","0,1,2",0,0,神子记忆5
310051,神子记忆5,310052,"30500132,3040002,30500032","90,90,90","0,1,2",0,0,神子记忆5
31006,神子记忆6,310061,"30500171,30500011,3050015","120,120,120","0,1,2",0,0,神子记忆6
310061,神子记忆6,310062,"30500162,3040002,30500052","120,120,120","0,1,2",0,0,神子记忆6
33001,符文之地1,330011,"3050001,3050005","50,50","1,2",0,0,符文之地1
33002,,330021,"3050007,30500021,3050007","50,50,50","0,1,2",0,0,符文之地2
33003,,330031,"3050012,3050015,30500111","60,60,60","0,1,2",0,0,符文之地3
33004,符文之地2,330041,"30500051,3040007,30500051","90,90,90","0,1,2","3040007,101,-400;3040007,102,200",0,符文之地4
33005,,330051,"30500161,3040003,30500061","95,95,95","0,1,2",0,0,符文之地5
330051,,330052,"30500162,3040003,30500062","95,95,95","0,1,2",0,0,符文之地5
33006,符文之地3,330061,"30500071,3050015,30500031","130,130,130","0,1,2","30500031,102,-200",0,符文之地6
330061,符文之地3,330062,"30500072,3040005,30500022","130,130,130","0,1,2","3040005,101,-200",0,符文之地6
33101,符文之地21,331011,"3050016,3050003","50,50","1,2",0,0,新符文之地1
33102,符文之地22,331021,"30500031,3040005,30500031","90,90,90","0,1,2","3040005,101,-400;3040005,102,200",0,新符文之地1
33103,符文之地23,331031,"3050006,3050014,3050013","130,130,130","0,1,2","3050013,102,-200",0,新符文之地1
331031,符文之地23,331032,"3050012,3040007,30500151","130,130,130","0,1,2","3040007,101,-200",0,新符文之地1
33201,符文之地31,332011,"3050002,3050004","50,50","1,2",0,0,新符文之地2
33202,符文之地32,332021,"3050011,3040003,3050017","90,90,90","0,1,2","3040003,101,-200",0,新符文之地2
33203,符文之地33,332031,"30500052,30500152,30500072","130,130,130","0,1,2","30500052,102,-200",0,新符文之地2
332031,符文之地33,332032,"30500062,3040001,30500012","130,130,130","0,1,2","3040001,101,-200;3040001,102,-300",0,新符文之地2
33301,符文之地41,333011,"30500022,30500121","50,50","1,2",0,0,新符文之地3
33302,符文之地42,333021,"30500141,3040001,30500042","90,90,90","0,1,2",0,0,新符文之地3
33303,符文之地43,333031,"30500032,3050006,30500171","130,130,130","0,1,2","30500032,102,-200;30500171,102,-200",0,新符文之地3
333031,符文之地43,333032,"30500112,3040003,30500052","130,130,130","0,1,2","3040003,101,-200;3040003,102,-300",0,新符文之地3
60101,每日BOSS暴食1,601011,30200013,10,1,0,0,每日BOSS暴食1
60102,每日BOSS暴食1,601021,30200013,30,1,0,0,每日BOSS暴食2
60103,每日BOSS暴食2,601031,30200013,70,1,0,0,每日BOSS暴食3
60104,每日BOSS暴食3,601041,30200013,120,1,0,0,每日BOSS暴食4
60105,每日BOSS暴食4,601051,30200013,180,1,0,0,每日BOSS暴食5
60106,每日BOSS暴食5,601061,30200013,240,1,0,0,每日BOSS暴食6
60201,每日BOSS色欲1,602011,30200023,10,1,0,0,每日BOSS色欲1
60202,每日BOSS色欲1,602021,30200023,30,1,0,0,每日BOSS色欲2
60203,每日BOSS色欲2,602031,30200023,70,1,0,0,每日BOSS色欲3
60204,每日BOSS色欲3,602041,30200023,120,1,0,0,每日BOSS色欲4
60205,每日BOSS色欲4,602051,30200023,180,1,0,0,每日BOSS色欲5
60206,每日BOSS色欲5,602061,30200023,240,1,0,0,每日BOSS色欲6
60301,每日BOSS西蒙1,603011,30300012,10,1,0,0,每日BOSS西蒙1
60302,每日BOSS西蒙1,603021,30300012,30,1,0,0,每日BOSS西蒙2
60303,每日BOSS西蒙2,603031,30300012,70,1,0,0,每日BOSS西蒙3
60304,每日BOSS西蒙3,603041,30300012,120,1,0,0,每日BOSS西蒙4
60305,每日BOSS西蒙4,603051,30300012,180,1,0,0,每日BOSS西蒙5
60306,每日BOSS西蒙5,603061,30300012,240,1,0,0,每日BOSS西蒙6
60401,每日BOSS莉莉布朗尼1,604011,"30300023,30500074,30500074","10,10,10","1,0,2",0,0,每日BOSS莉莉布朗尼1
60402,每日BOSS莉莉布朗尼1,604021,"30300023,30500074,30500074","30,30,30","1,0,2","30500074,101,3943;30500074,105,300;30500074,102,-300",0,每日BOSS莉莉布朗尼2
60403,每日BOSS莉莉布朗尼2,604031,"30300023,30500074,30500074","70,70,70","1,0,2","30500074,101,13669;30500074,105,306;0,108,100;30500074,102,-300",0,每日BOSS莉莉布朗尼3
60404,每日BOSS莉莉布朗尼3,604041,"30300023,30500074,30500074","120,120,120","1,0,2","30500074,101,19421;30500074,105,481;0,108,200;30500074,102,-300",0,每日BOSS莉莉布朗尼4
60405,每日BOSS莉莉布朗尼4,604051,"30300023,30500074,30500074","180,180,180","1,0,2","30500074,101,21751;30500074,105,481;0,108,300;30500074,102,-300",0,每日BOSS莉莉布朗尼5
60406,每日BOSS莉莉布朗尼5,604061,"30300023,30500074,30500074","240,240,240","1,0,2","30500074,101,21751;30500074,105,481;0,108,400;30500074,102,-300",0,每日BOSS莉莉布朗尼6
60501,每日BOSS咎瓦尤斯1,605011,30300038,10,1,0,0,每日BOSS咎瓦尤斯1
60502,每日BOSS咎瓦尤斯1,605021,30300038,30,1,"0,114,300;0,115,300;0,109,300;0,110,300",0,每日BOSS咎瓦尤斯2
60503,每日BOSS咎瓦尤斯2,605031,30300038,70,1,"0,108,100;0,114,300;0,115,300;0,109,300;0,110,300",0,每日BOSS咎瓦尤斯3
60504,每日BOSS咎瓦尤斯3,605041,30300038,120,1,"0,108,200;0,114,300;0,115,300;0,109,300;0,110,300",0,每日BOSS咎瓦尤斯4
60505,每日BOSS咎瓦尤斯4,605051,30300038,180,1,"0,108,300;0,114,300;0,115,300;0,109,300;0,110,300",0,每日BOSS咎瓦尤斯5
60506,每日BOSS咎瓦尤斯5,605061,30300038,240,1,"0,108,400;0,114,300;0,115,300;0,109,300;0,110,300",0,每日BOSS咎瓦尤斯6
60601,每日BOSS黑桃1,606011,30600012,10,1,0,0,每日BOSS黑桃1
60602,每日BOSS黑桃1,606021,30600012,30,1,"0,115,400",0,每日BOSS黑桃2
60603,每日BOSS黑桃2,606031,30600012,70,1,"0,108,100;0,115,400",0,每日BOSS黑桃3
60604,每日BOSS黑桃3,606041,30600012,120,1,"0,108,200;0,115,400",0,每日BOSS黑桃4
60605,每日BOSS黑桃4,606051,30600012,180,1,"0,108,300;0,115,400",0,每日BOSS黑桃5
60606,每日BOSS黑桃5,606061,30600012,240,1,"0,108,400;0,115,400",0,每日BOSS黑桃6
34001,专武副本1,340011,"30500061,3050001,30500072","70,70,70","0,1,2","3050001,102,-400",0,
34002,专武副本2,340021,"30500011,30500132,30500131","90,90,90","0,1,2",0,0,
34003,专武副本3,340031,"30500022,30500032,3050013","110,110,110","0,1,2",0,0,
34004,专武副本4,340041,"30500461,3040003,30500142","130,130,130","0,1,2",0,0,
34005,专武副本5,340051,"30500041,3050013,3050003","150,150,150","0,1,2",0,0,
340051,专武副本5,340052,"3050003,3040007,30500051","150,150,150","0,1,2",0,0,
34006,专武副本6,340061,"3050011,30500112,30500061","170,170,170","0,1,2",0,0,
340061,专武副本6,340062,"3050006,3040004,30500111","170,170,170","0,1,2","3040004,101,700;3040004,102,-800",0,
6010001,第一章回忆深潜01,601000101,"3050007,3050011,30500151","180,180,180","0,1,2","0,105,1000;0,102,1000;0,103,1000;0,104,1000;0,1011,1",,
6010002,第一章回忆深潜02,601000201,"3050005,3050002,30500042","180,180,180","0,1,2","0,105,1000;0,102,1000;0,103,1000;0,104,1000;0,1011,1",,
6010003,第一章回忆深潜03,601000301,"3050005,30500021,3050005","180,180,180","0,1,2","0,105,1000;0,102,1000;0,103,1000;0,104,1000;0,1011,1",,
6010004,第一章回忆深潜04,601000401,"3050011,30500022,3050013","180,180,180","0,1,2","0,105,1000;0,102,1000;0,103,1000;0,104,1000;0,1011,1",,
6010005,第一章回忆深潜05,601000501,"3050007,3050011,30500151","180,180,180","0,1,2","0,105,1000;0,102,1000;0,103,1000;0,104,1000;0,1011,1",,
6010006,第一章回忆深潜06,601000601,"3050007,3050011,3050015","180,180,180","0,1,2","0,105,1000;0,102,1000;0,103,1000;0,104,1000;0,1011,1",,
6010007,第一章回忆深潜07,601000701,"3050015,30500161,3050004","180,180,180","0,1,2","0,105,1000;0,102,1000;0,103,1000;0,104,1000;0,1011,1",,
6010008,第一章回忆深潜08,601000801,"3050003,30500151,3050002","180,180,180","0,1,2","0,105,1000;0,102,1000;0,103,1000;0,104,1000;0,1011,1",,
6010009,第一章回忆深潜09,601000901,"3050015,30500022,30500161","180,180,180","0,1,2","0,105,1000;0,102,1000;0,103,1000;0,104,1000;0,1011,1",,
6010010,第一章回忆深潜10,601001001,"3050007,3050011,3050015","180,180,180","0,1,2","0,105,1000;0,102,1000;0,103,1000;0,104,1000;0,1011,1",,
6020001,第二章回忆深潜01,602000101,"3050007,30500071,30500072","180,180,180","0,1,2","0,105,1000;0,102,1000;0,103,1000;0,104,1000;0,1011,1",,
6020002,第二章回忆深潜02,602000201,3050007,180,1,"0,105,1000;0,102,1000;0,103,1000;0,104,1000;0,1011,1",,
6020003,第二章回忆深潜03,602000301,"3050001,30500011,30500012","180,180,180","0,1,2","0,105,1000;0,102,1000;0,103,1000;0,104,1000;0,1011,1",,
6020004,第二章回忆深潜04,602000401,30500013,180,1,"0,105,1000;0,102,1000;0,103,1000;0,104,1000;0,1011,1",,
6020005,第二章回忆深潜05,602000501,"3050003,30500031,30500032","180,180,180","0,1,2","0,105,1000;0,102,1000;0,103,1000;0,104,1000;0,1011,1",,
6020006,第二章回忆深潜06,602000601,30500033,180,1,"0,105,1000;0,102,1000;0,103,1000;0,104,1000;0,1011,1",,
6020007,第二章回忆深潜07,602000701,"3050005,30500051,30500052","180,180,180","0,1,2","0,105,1000;0,102,1000;0,103,1000;0,104,1000;0,1011,1",,
6020008,第二章回忆深潜08,602000801,30500053,180,1,"0,105,1000;0,102,1000;0,103,1000;0,104,1000;0,1011,1",,
6020009,第二章回忆深潜09,602000901,"30500161,3050011,30500162","180,180,180","0,1,2","0,105,1000;0,102,1000;0,103,1000;0,104,1000;0,1011,1",,
6020010,第二章回忆深潜10,602001001,3020002,180,1,"0,105,1000;0,102,1000;0,103,1000;0,104,1000;0,1011,1",,
6030001,第三章回忆深潜01,603000101,3050011,180,1,"0,105,1000;0,102,1000;0,103,1000;0,104,1000;0,1011,1",,
6030002,第三章回忆深潜02,603000201,30500062,180,1,"0,105,1000;0,102,1000;0,103,1000;0,104,1000;0,1011,1",,
6030003,第三章回忆深潜03,603000301,30500172,180,1,"0,105,1000;0,102,1000;0,103,1000;0,104,1000;0,1011,1",,
6030004,第三章回忆深潜04,603000401,3050005,180,1,"0,105,1000;0,102,1000;0,103,1000;0,104,1000;0,1011,1",,
6030005,第三章回忆深潜05,603000501,30500111,180,1,"0,105,1000;0,102,1000;0,103,1000;0,104,1000;0,1011,1",,
6030006,第三章回忆深潜06,603000601,3050003,180,1,"0,105,1000;0,102,1000;0,103,1000;0,104,1000;0,1011,1",,
6030007,第三章回忆深潜07,603000701,3050002,180,1,"0,105,1000;0,102,1000;0,103,1000;0,104,1000;0,1011,1",,
6030008,第三章回忆深潜08,603000801,3050007,180,1,"0,105,1000;0,102,1000;0,103,1000;0,104,1000;0,1011,1",,
6030009,第三章回忆深潜09,603000901,30500122,180,1,"0,105,1000;0,102,1000;0,103,1000;0,104,1000;0,1011,1",,
6030010,第三章回忆深潜10,603001001,3020001,180,1,"0,105,1000;0,102,1000;0,103,1000;0,104,1000;0,1011,1",,
6040001,第四章回忆深潜01,604000101,"3050011,30500152,3050005","180,180,180","0,1,2","0,105,1000;0,102,1000;0,103,1000;0,104,1000;0,1011,1",,
6040002,第四章回忆深潜02,604000201,"3050016,30500031,3050001","180,180,180","0,1,2","0,105,1000;0,102,1000;0,103,1000;0,104,1000;0,1011,1",,
6040003,第四章回忆深潜03,604000301,"3050006,3050007,3050012","180,180,180","0,1,2","0,105,1000;0,102,1000;0,103,1000;0,104,1000;0,1011,1",,
6040004,第四章回忆深潜04,604000401,"30500171,3050002,3050007","180,180,180","0,1,2","0,105,1000;0,102,1000;0,103,1000;0,104,1000;0,1011,1",,
6040005,第四章回忆深潜05,604000501,3040004,180,1,"0,105,1000;0,102,1000;0,103,1000;0,104,1000;0,1011,1",,
6040006,第四章回忆深潜06,604000601,"30500011,3050006,30500172","180,180,180","0,1,2","0,105,1000;0,102,1000;0,103,1000;0,104,1000;0,1011,1",,
6040007,第四章回忆深潜07,604000701,"30500052,30500161,3050011","180,180,180","0,1,2","0,105,1000;0,102,1000;0,103,1000;0,104,1000;0,1011,1",,
6040008,第四章回忆深潜08,604000801,"30500162,30500132,3050012","180,180,180","0,1,2","0,105,1000;0,102,1000;0,103,1000;0,104,1000;0,1011,1",,
6040009,第四章回忆深潜09,604000901,"30500172,30500162,3050015","180,180,180","0,1,2","0,105,1000;0,102,1000;0,103,1000;0,104,1000;0,1011,1",,
6040010,第四章回忆深潜10,604001001,3030001,180,1,"0,105,1000;0,102,1000;0,103,1000;0,104,1000;0,1011,1",,
6050001,第五章回忆深潜01,605000101,"30500051,30500012,30500061","180,180,180","0,1,2","0,105,1000;0,102,1000;0,103,1000;0,104,1000;0,1011,1",,
6050002,第五章回忆深潜02,605000201,"30500032,30500111,3050014","180,180,180","0,1,2","0,105,1000;0,102,1000;0,103,1000;0,104,1000;0,1011,1",,
6050003,第五章回忆深潜03,605000301,"3050012,30500052,30500141","180,180,180","0,1,2","0,105,1000;0,102,1000;0,103,1000;0,104,1000;0,1011,1",,
6050004,第五章回忆深潜04,605000401,"30500132,30500152,30500042","180,180,180","0,1,2","0,105,1000;0,102,1000;0,103,1000;0,104,1000;0,1011,1",,
6050005,第五章回忆深潜05,605000501,3040006,180,1,"0,105,1000;0,102,1000;0,103,1000;0,104,1000;0,1011,1",,
6050006,第五章回忆深潜06,605000601,"30500161,30500172,30500172","180,180,180","0,1,2","0,105,1000;0,102,1000;0,103,1000;0,104,1000;0,1011,1",,
6050007,第五章回忆深潜07,605000701,"30500032,30500151,30500072","180,180,180","0,1,2","0,105,1000;0,102,1000;0,103,1000;0,104,1000;0,1011,1",,
6050008,第五章回忆深潜08,605000801,"3050015,3050001,30500112","180,180,180","0,1,2","0,105,1000;0,102,1000;0,103,1000;0,104,1000;0,1011,1",,
6050009,第五章回忆深潜09,605000901,"30500172,30500131,30500112","180,180,180","0,1,2","0,105,1000;0,102,1000;0,103,1000;0,104,1000;0,1011,1",,
6050010,第五章回忆深潜10,605001001,3020002,180,1,"0,105,1000;0,102,1000;0,103,1000;0,104,1000;0,1011,1",,
6060001,第六章回忆深潜01,606000101,"3050001,30500072,30500032","70,70,70","0,1,2",0,,
6060002,第六章回忆深潜02,606000201,"3050014,30500132,30500162","71,71,71","0,1,2",0,,
6060003,第六章回忆深潜03,606000301,"30500111,30500051,30500152","72,72,72","0,1,2",0,,
6060004,第六章回忆深潜04,606000401,"30500161,30500172,30500062","73,73,73","0,1,2",0,,
6060005,第六章回忆深潜05,606000501,3040001,74,1,0,,
6060006,第六章回忆深潜06,606000601,"30500031,30500043","75,75","0,1",0,,
6060007,第六章回忆深潜07,606000701,"30500172,30500171,30500062","76,76,76","0,1,2",0,,
6060008,第六章回忆深潜08,606000801,"30500172,3050005,30500172","77,77,77","0,1,2",0,,
6060009,第六章回忆深潜09,606000901,"30500162,30500122,3050016","78,78,78","0,1,2",0,,
6060010,第六章回忆深潜10,606001001,3020002,80,1,0,,
6070001,第七章回忆深潜01,607000101,"3050005,3050006","70,70","0,1",0,,
6070002,第七章回忆深潜02,607000201,"30500111,3050003","71,71","1,2",0,,
6070003,第七章回忆深潜03,607000301,"3050014,30500172","72,72","1,2",0,,
6070004,第七章回忆深潜04,607000401,"3050001,30500071","73,73","0,1",0,,
6070005,第七章回忆深潜05,607000501,3040007,74,1,0,,
6070006,第七章回忆深潜06,607000601,"30500151,3050013","75,75","1,2",0,,
6070007,第七章回忆深潜07,607000701,"3050003,30500061","76,76","0,1",0,,
6070008,第七章回忆深潜08,607000801,"3040006,3040007","77,77","0,2",0,,
6070009,第七章回忆深潜09,607000901,"30500152,3050012","78,78","0,1",0,,
6070010,第七章回忆深潜10,607001001,30300011,80,1,0,,
6080001,第八章回忆深潜01,608000101,"30500071,30500172","70,70","0,2",0,,
6080002,第八章回忆深潜02,608000201,"3050001,30500021,3050003","71,71,71","0,1,2",0,,
6080003,第八章回忆深潜03,608000301,"30500051,3050016","72,72","1,2",0,,
6080004,第八章回忆深潜04,608000401,"3050013,3050015,3050005","73,73,73","0,1,2",0,,
6080005,第八章回忆深潜05,608000501,"3030002,3040006","74,74","0,2",0,,
6080006,第八章回忆深潜06,608000601,"30500172,30500172","75,75","1,2",0,,
6080007,第八章回忆深潜07,608000701,"30500022,3050016","76,76","1,2",0,,
6080008,第八章回忆深潜08,608000801,"30500161,3050004,30500032","77,77,77","0,1,2",0,,
6080009,第八章回忆深潜09,608000901,"30500052,30500162,30500152","78,78,78","0,1,2",0,,
6080010,第八章回忆深潜10,608001001,3030003,80,1,0,,
7000101,幻梦之境-西蒙,700010101,"3030001,30500112,30500112","30,30,30","1,0,2",0,0,
7000102,幻梦之境-西蒙,700010201,"3030001,30500112,30500112","70,70,70","1,0,2",0,0,
7000103,幻梦之境-西蒙,700010301,"3030001,30500112,30500112","110,110,110","1,0,2",0,0,
7000104,幻梦之境-西蒙,700010401,"3030001,30500112,30500112","130,130,130","1,0,2",0,0,
7000105,幻梦之境-西蒙,700010501,"3030001,30500112,30500112","180,180,180","1,0,2",0,0,
7000201,幻梦之境-暴食,700020101,3020001,30,1,0,0,
7000202,幻梦之境-暴食,700020201,3020001,70,1,0,0,
7000203,幻梦之境-暴食,700020301,3020001,110,1,0,0,
7000204,幻梦之境-暴食,700020401,3020001,130,1,0,0,
7000301,幻梦之境-咎瓦尤斯,700030101,3030003,30,1,0,0,
7000302,幻梦之境-咎瓦尤斯,700030201,3030003,70,1,0,0,
7000303,幻梦之境-咎瓦尤斯,700030301,3030003,110,1,0,0,
7000304,幻梦之境-咎瓦尤斯,700030401,3030003,130,1,0,0,
7000305,幻梦之境-咎瓦尤斯,700030501,3030003,180,1,0,0,
7000401,幻梦之境-莉莉布朗尼,700040101,"3030002,30500072,30500072","30,30,30","1,0,2",0,0,
7000402,幻梦之境-莉莉布朗尼,700040201,"3030002,30500072,30500072","70,70,70","1,0,2",0,0,
7000403,幻梦之境-莉莉布朗尼,700040301,"3030002,30500072,30500072","110,110,110","1,0,2",0,0,
7000404,幻梦之境-莉莉布朗尼,700040401,"3030002,30500072,30500072","130,130,130","1,0,2",0,0,
7000405,幻梦之境-莉莉布朗尼,700040501,"3030002,30500072,30500072","180,180,180","1,0,2",0,0,
7000501,幻梦之境-暴食,700050101,3020001,30,1,0,0,
7000502,幻梦之境-暴食,700050201,3020001,70,1,0,0,
7000503,幻梦之境-暴食,700050301,3020001,110,1,0,0,
7000504,幻梦之境-暴食,700050401,3020001,130,1,0,0,
7000601,幻梦之境-色欲,700060101,3020002,30,1,0,0,
7000602,幻梦之境-色欲,700060201,3020002,70,1,0,0,
7000603,幻梦之境-色欲,700060301,3020002,110,1,0,0,
7000604,幻梦之境-色欲,700060401,3020002,130,1,0,0,
7000605,幻梦之境-色欲,700060501,3020002,180,1,0,0,
7000701,幻梦之境-咎瓦尤斯,700070101,3030003,30,1,0,0,
7000702,幻梦之境-咎瓦尤斯,700070201,3030003,70,1,0,0,
7000703,幻梦之境-咎瓦尤斯,700070301,3030003,110,1,0,0,
7000704,幻梦之境-咎瓦尤斯,700070401,3030003,130,1,0,0,
7000801,幻梦之境-色欲,700080101,3020002,30,1,0,0,
7000802,幻梦之境-色欲,700080201,3020002,70,1,0,0,
7000803,幻梦之境-色欲,700080301,3020002,110,1,0,0,
7000804,幻梦之境-色欲,700080401,3020002,130,1,0,0,
7000901,幻梦之境-暴食,700090101,3020001,30,1,0,0,
7000902,幻梦之境-暴食,700090201,3020001,70,1,0,0,
7000903,幻梦之境-暴食,700090301,3020001,110,1,0,0,
7000904,幻梦之境-暴食,700090401,3020001,130,1,0,0,
7000905,幻梦之境-暴食,700090501,3020001,180,1,0,0,
7001001,幻梦之境-恶神-桃,700100101,30600011,30,1,0,0,
7001002,幻梦之境-恶神-桃,700100201,30600011,70,1,0,0,
7001003,幻梦之境-恶神-桃,700100301,30600011,110,1,0,0,
7001004,幻梦之境-恶神-桃,700100401,30600011,130,1,0,0,
7001005,幻梦之境-恶神-桃,700100501,30600011,180,1,0,0,
8001001,,800100101,30300031,55,1,,,关卡BOSS 龙 职介1
8001002,,800100102,30300032,55,1,,,关卡BOSS 龙 职介2
8001003,,800100103,30300033,55,1,,,关卡BOSS 龙 职介3
8001004,,800100104,30300034,55,1,,,关卡BOSS 龙 职介4
8001005,,800100105,30300035,55,1,,,关卡BOSS 龙 职介5
8001006,,800100106,30300036,55,1,,,关卡BOSS 龙 职介6
8001007,,800100107,30300037,55,1,,,关卡BOSS 龙 职介7
8001008,,800100108,30300039,110,1,,,关卡BOSS 龙 职介1
8001009,,800100109,30300040,110,1,,,关卡BOSS 龙 职介2
8001010,,800100110,30300041,110,1,,,关卡BOSS 龙 职介3
8001011,,800100111,30300042,110,1,,,关卡BOSS 龙 职介4
8001012,,800100112,30300043,110,1,,,关卡BOSS 龙 职介5
8001013,,800100113,30300044,110,1,,,关卡BOSS 龙 职介6
8001014,,800100114,30300045,110,1,,,关卡BOSS 龙 职介7
8001015,,800100115,30300046,180,1,,,关卡BOSS 龙 职介1
8001016,,800100116,30300047,180,1,,,关卡BOSS 龙 职介2
8001017,,800100117,30300048,180,1,,,关卡BOSS 龙 职介3
8001018,,800100118,30300049,180,1,,,关卡BOSS 龙 职介4
8001019,,800100119,30300050,180,1,,,关卡BOSS 龙 职介5
8001020,,800100120,30300051,180,1,,,关卡BOSS 龙 职介6
8001021,,800100121,30300052,180,1,,,关卡BOSS 龙 职介7
8001022,,800100122,30300053,180,1,,,关卡BOSS 龙 职介1
8001023,,800100123,30300054,180,1,,,关卡BOSS 龙 职介2
8001024,,800100124,30300055,180,1,,,关卡BOSS 龙 职介3
8001025,,800100125,30300056,180,1,,,关卡BOSS 龙 职介4
8001026,,800100126,30300057,180,1,,,关卡BOSS 龙 职介5
8001027,,800100127,30300058,180,1,,,关卡BOSS 龙 职介6
8001028,,800100128,30300059,180,1,,,关卡BOSS 龙 职介7
8001029,,800100129,30300060,180,1,,,关卡BOSS 龙 职介1
8001030,,800100130,30300061,180,1,,,关卡BOSS 龙 职介2
8001031,,800100131,30300062,180,1,,,关卡BOSS 龙 职介3
8001032,,800100132,30300063,180,1,,,关卡BOSS 龙 职介4
8001033,,800100133,30300064,180,1,,,关卡BOSS 龙 职介5
8001034,,800100134,30300065,180,1,,,关卡BOSS 龙 职介6
8001035,,800100135,30300066,180,1,,,关卡BOSS 龙 职介7
8001036,,800100136,30300067,180,1,,,关卡BOSS 龙 职介1
8001037,,800100137,30300068,180,1,,,关卡BOSS 龙 职介2
8001038,,800100138,30300069,180,1,,,关卡BOSS 龙 职介3
8001039,,800100139,30300070,180,1,,,关卡BOSS 龙 职介4
8001040,,800100140,30300071,180,1,,,关卡BOSS 龙 职介5
8001041,,800100141,30300072,180,1,,,关卡BOSS 龙 职介6
8001042,,800100142,30300073,180,1,,,关卡BOSS 龙 职介7
8001043,,800100143,30300074,180,1,,,关卡BOSS 龙 职介1
8001044,,800100144,30300075,180,1,,,关卡BOSS 龙 职介2
8001045,,800100145,30300076,180,1,,,关卡BOSS 龙 职介3
8001046,,800100146,30300077,180,1,,,关卡BOSS 龙 职介4
8001047,,800100147,30300078,180,1,,,关卡BOSS 龙 职介5
8001048,,800100148,30300079,180,1,,,关卡BOSS 龙 职介6
8001049,,800100149,30300080,180,1,,,关卡BOSS 龙 职介7
8001050,,800100150,30300081,180,1,,,关卡BOSS 龙 职介7
1020102,深林遇狐-桃剧情试玩,10201021,3050036,70,1,,,
1020115,勘破我执-桃剧情试玩,10201151,3060001,70,1,,,
1020118,心有感-桃剧情试玩,10201181,"3050036,3050036","70,70","0,2",,,
1020119,遇南山-桃剧情试玩,10201191,"3050011,3050002,3050011","70,70,70","0,1,2",,,
1020120,越藩篱-桃剧情试玩,10201201,3040017,70,1,,,
1020121,行长路-桃剧情试玩,10201211,"3050014,3050046,3050007","70,70,70","0,1,2",,,
1020122,潜深林-桃剧情试玩,10201221,"3050015,3050036,30500031","70,70,70","0,1,2",,,
1020123,空折枝-桃剧情试玩,10201231,30400171,70,1,,,
1020124,饮溪月-桃剧情试玩,10201241,"3050037,3050046","70,70","0,2",,,
1020125,入夜时-桃剧情试玩,10201251,"3050036,3050017,3050011","70,70,70","0,1,2",,,
1020126,蚀月现-桃剧情试玩,10201261,3060001,70,1,,,
1020201,,10202011,"3050016,3050013,3050011","41,41,41","0,1,2",,,
1020202,,10202021,"30500131,30500151","42,42","0,2",,,
1020203,,10202031,"3050001,30500111,30500371","43,43,43","0,1,2",,,
1020204,,10202041,"3050004,30500041,30500042","44,44,44","0,1,2",,,
1020205,,10202051,"3050046,30500471,3050046","45,45,45","0,1,2",,,
1020206,,10202061,"30500152,30500162,30500022","49,49,49","0,1,2",,,
1020207,,10202071,"30500112,30500012,30500062","53,53,53","0,1,2",,,
1020208,,10202081,"3050005,30500051,30500052","57,57,57","0,1,2",,,
1020209,,10202091,"30500022,30500072,3050012","61,61,61","0,1,2",,,
1020210,,10202101,"3050037,30500031,30500371","65,65,65","0,1,2","30500031,102,-600",,
10202101,,10202102,"3050007,3050005,30500112","65,65,65","0,1,2","3050005,102,-600",,
1020211,,10202111,"3050007,30500172,3050016","67,67,67","0,1,2","30500172,102,-300;3050016,102,-300",,
10202111,,10202112,"3050001,30500152,3050001","67,67,67","0,1,2","3050001,102,-300",,
1020212,,10202121,"30500052,30500011,30500142","69,69,69","0,1,2","30500052,102,-400;30500011,102,-400",,
10202121,,10202122,"30500062,3050014,3050006","69,69,69","0,1,2",,,
1020213,,10202131,"30500132,30500141,30500112","71,71,71","0,1,2","30500132,102,-400",,
10202131,,10202132,"30500061,30500071,3050011","71,71,71","0,1,2",,,
1020214,,10202141,"30500062,30500121,30500042","73,73,73","0,1,2",,,
10202141,,10202142,"30500371,3050037","73,73","0,2",,,
1020215,,10202151,"30500032,3050036,30500471","75,75,75","0,1,2","30500032,102,-400;3050036,102,-400",,
10202151,,10202152,"30500112,30500021,30500122","75,75,75","0,1,2",,,
1020216,,10202161,"30500361,30500461,3050047","77,77,77","0,1,2","30500361,102,-400",,
10202161,,10202162,"3050036,30500043,3050036","77,77,77","0,1,2","3050036,102,-400",,
1020217,,10202171,"30500361,3050047,30500371","79,79,79","0,1,2","30500361,102,-400",,
10202171,,10202172,"3050015,3050011,30500371","79,79,79","0,1,2",,,
1020218,,10202181,"3050046,3040017,30500461","81,81,81","0,1,2","3050046,101,2000;30500461,101,2000;3050046,102,800;30500461,102,800",,
1020219,,10202191,"3050002,30400171,3050002","83,83,83","0,1,2","3050002,101,2000;3050002,102,800",,
1020220,,10202201,3060001,85,1,,,
1020301,,10203011,30600011,43,1,,,
1020302,,10203021,30600011,51,1,,,
1020303,,10203031,30600011,60,1,,,
1020304,,10203041,30600011,68,1,,,
1020305,,10203051,30600011,85,1,,,
1040102,,10401021,"3050036,3050016,30500042","25,25,25","0,1,2",,,
1040105,,10401051,"3050002,3050046,3050001","27,27,27","0,1,2",,,
1040109,,10401091,"3050002,3050001,3050036","29,29,29","0,1,2",,,
1040111,,10401111,"3050004,30500172,3050004","31,31,31","0,1,2",,,
1040112,,10401121,"30500461,30500041,30500461","33,33,33","0,1,2",,,
1040113,,10401131,"3050001,3050036,3050001","35,35,35","0,1,2",,,
1040114,,10401141,"3050046,30500042,3050036","37,37,37","0,1,2",,,
1040115,,10401151,"3050016,30500043,3050036","39,39,39","0,1,2",,,
10401151,,10401152,"30500151,3050001,30500361","39,39,39","0,1,2",,,
1040116,,10401161,"30500461,30500172,3050036","41,41,41","0,1,2",,,
1040117,,10401171,"30500151,3050001,3050001","43,43,43","0,1,2",,,
1040118,,10401181,"30500043,3050016,30500361","45,45,45","0,1,2",,,
1040119,,10401191,"3050016,3050004,30500151","47,47,47","0,1,2",,,
10401191,,10401192,"3050001,30500042,30500122","50,50,50","0,1,2",,,
1040202,,10402021,"3050047,30500121,3050002","50,50,50","0,1,2",,,
1040205,,10402051,"3050002,3050011,30500121","54,54,54","0,1,2",,,
1040206,,10402061,"3050001,3050002,3050036","58,58,58","0,1,2",,,
1040211,,10402111,"3050001,30500042,3050036","62,62,62","0,1,2",,,
1040212,,10402121,"3050001,30500043,30500361","66,66,66","0,1,2",,,
1040213,,10402131,"3050004,30500172,3050004","70,70,70","0,1,2",,,
10402131,,10402132,"3050016,3050004,30500361","70,70,70","0,1,2",,,
1040214,,10402141,"3050011,3050001,3050011","74,74,74","0,1,2",,,
10402141,,10402142,"3050016,30500152,30500122","74,74,74","0,1,2",,,
1040215,,10402151,"30500461,3050001,3050016","78,78,78","0,1,2",,,
1040216,,10402161,"30500043,30500151,30500361","82,82,82","0,1,2",,,
1040217,,10402171,"3050011,30500122,30500152","86,86,86","0,1,2",,,
10402171,,10402172,"30500461,30500042,3050016","86,86,86","0,1,2",,,
1040218,,10402181,"30500361,30500122,3050001","90,90,90","0,1,2",,,
10402181,,10402182,3030003,90,1,"3030003,101,-1000;3030003,103,2000;3030003,104,5000;3030003,108,200",,
1040301,,10403011,"3050046,3050047,3050016","30,30,30","0,1,2","0,102,1000;0,103,1000",,
10403011,,10403012,"3050003,3040003,3050005","40,40,40","0,1,2","0,102,1000;0,103,1000",,
1040302,,10403021,"3050001,30500471,3050011","50,50,50","0,1,2","0,102,1000;0,103,1000",,
10403021,,10403022,"3050013,3040001,30500161","60,60,60","0,1,2","0,102,1000;0,103,1000",,
1040303,,10403031,"30500071,3040005,30500061","70,70,70","0,1,2","0,102,1000;0,103,1000",,
10403031,,10403032,"3050015,3040007,30500042","80,80,80","0,1,2","0,102,1000;0,103,1000",,
1040304,,10403041,"30500112,3040002,30500371","100,100,100","0,1,2","0,102,1000;0,103,1000",,
10403041,,10403042,"30500122,3040004,30500461","100,100,100","0,1,2","0,102,1000;0,103,1000",,
1040305,,10403051,"3050016,30500172,30500121","120,120,120","0,1,2","0,102,1000;0,105,100;0,103,1000",,
10403051,,10403052,"30500052,3040001,3050006","125,125,125","0,1,2","0,102,1000;0,105,200;0,103,1000",,
10403052,,10403053,"30500161,3040002,30500072","130,130,130","0,1,2","0,102,1000;0,105,300;0,108,50;0,103,1000",,
10403053,,10403054,"3050015,3040003,30500361","135,135,135","0,1,2","0,102,1000;0,105,400;0,108,100;0,103,1000",,
10403054,,10403055,"30500461,3040017,30500111","140,140,140","0,1,2","0,102,1000;0,105,500;0,108,150;0,103,1000",,
10403055,,10403056,"30500171,3040004,3050003","145,145,145","0,1,2","0,102,1000;0,105,600;0,108,200;0,103,1000",,
10403056,,10403057,"30500111,3040005,3050007","150,150,150","0,1,2","0,102,1000;0,105,700;0,108,250;0,103,1000",,
10403057,,10403058,"30500151,30400171,30500461","155,155,155","0,1,2","0,102,1000;0,105,800;0,108,300;0,103,1000",,
10403058,,10403059,"3050005,3040006,30500122","160,160,160","0,1,2","0,102,1000;0,105,900;0,108,350;0,103,1000",,
10403059,,10403060,"3050015,3040007,30500052","165,165,165","0,1,2","0,102,1000;0,105,1000;0,108,400;0,103,1000",,
10403060,,10403061,"30500072,3040004,30500061","170,170,170","0,1,2","0,102,1000;0,105,1000;0,108,400;0,103,1000",,
10403061,,10403062,"30500161,3040005,3050014","175,175,175","0,1,2","0,102,1000;0,105,1000;0,108,400;0,103,1000",,
10403062,,10403063,"30500071,3040003,30500031","180,180,180","0,1,2","0,102,1000;0,105,1000;0,108,400;0,103,1000",,
10403063,,10403064,"30500062,3040002,30500041","180,180,180","0,1,2","0,102,1000;0,105,1000;0,108,400;0,103,1000",,
10403064,,10403065,"30500111,3040005,3050013","180,180,180","0,1,2","0,102,1000;0,105,1000;0,108,400;0,103,1000",,
10403065,,10403066,"30500021,3040001,3050006","180,180,180","0,1,2","0,102,1000;0,105,1000;0,108,400;0,103,1000",,
10403066,,10403067,"30500161,3040006,30500011","180,180,180","0,1,2","0,102,1000;0,105,1000;0,108,400;0,103,1000",,
10403067,,10403068,"30500112,3040004,3050007","180,180,180","0,1,2","0,102,1000;0,105,1000;0,108,400;0,103,1000",,
10403068,,10403069,"30500061,3040017,30500061","180,180,180","0,1,2","0,102,1000;0,105,1000;0,108,400;0,103,1000",,
10403069,,10403070,"30500152,3040017,30500061","180,180,180","0,1,2","0,102,1000;0,105,1000;0,108,400;0,103,1000",,
10403070,,10403071,"30500132,3040002,30500162","180,180,180","0,1,2","0,102,1000;0,105,1000;0,108,400;0,103,1000",,
10403071,,10403072,"30500461,3040004,3050013","180,180,180","0,1,2","0,102,1000;0,105,1000;0,108,400;0,103,1000",,
10403072,,10403073,"30500152,3040001,30500471","180,180,180","0,1,2","0,102,1000;0,105,1000;0,108,400;0,103,1000",,
10403073,,10403074,"3050003,3040002,3050013","180,180,180","0,1,2","0,102,1000;0,105,1000;0,108,400;0,103,1000",,
10403074,,10403075,"3050046,3040007,30500371","180,180,180","0,1,2","0,102,1000;0,105,1000;0,108,400;0,103,1000",,
10403075,,10403076,"30500011,3040006,30500172","180,180,180","0,1,2","0,102,1000;0,105,1000;0,108,400;0,103,1000",,
10403076,,10403077,"3050014,3040005,3050007","180,180,180","0,1,2","0,102,1000;0,105,1000;0,108,400;0,103,1000",,
10403077,,10403078,"30500131,30400171,3050007","180,180,180","0,1,2","0,102,1000;0,105,1000;0,108,400;0,103,1000",,
10403078,,10403079,"3050005,3040004,30500131","180,180,180","0,1,2","0,102,1000;0,105,1000;0,108,400;0,103,1000",,
10403079,,10403080,"30500142,3040001,30500022","180,180,180","0,1,2","0,102,1000;0,105,1000;0,108,400;0,103,1000",,
10403080,,10403081,"30500172,3040006,30500172","180,180,180","0,1,2","0,102,1000;0,105,1000;0,108,400;0,103,1000",,
10403081,,10403082,"3050002,3040004,30500011","180,180,180","0,1,2","0,102,1000;0,105,1000;0,108,400;0,103,1000",,
10403082,,10403083,"30500052,3040006,30500022","180,180,180","0,1,2","0,102,1000;0,105,1000;0,108,400;0,103,1000",,
10403083,,10403084,"30500112,3040002,3050007","180,180,180","0,1,2","0,102,1000;0,105,1000;0,108,400;0,103,1000",,
10403084,,10403085,"30500041,3040007,3050013","180,180,180","0,1,2","0,102,1000;0,105,1000;0,108,400;0,103,1000",,
10403085,,10403086,"30500072,30400171,30500162","180,180,180","0,1,2","0,102,1000;0,105,1000;0,108,400;0,103,1000",,
10403086,,10403087,"3050015,3040005,30500361","180,180,180","0,1,2","0,102,1000;0,105,1000;0,108,400;0,103,1000",,
10403087,,10403088,"30500361,30400171,30500152","180,180,180","0,1,2","0,102,1000;0,105,1000;0,108,400;0,103,1000",,
10403088,,10403089,"30500142,3040017,30500162","180,180,180","0,1,2","0,102,1000;0,105,1000;0,108,400;0,103,1000",,
10403089,,10403090,"30500071,30400171,30500132","180,180,180","0,1,2","0,102,1000;0,105,1000;0,108,400;0,103,1000",,
10403090,,10403091,"30500071,3040003,30500031","180,180,180","0,1,2","0,102,1000;0,105,1000;0,108,400;0,103,1000",,
10403091,,10403092,"30500062,3040002,30500041","180,180,180","0,1,2","0,102,1000;0,105,1000;0,108,400;0,103,1000",,
10403092,,10403093,"30500111,3040005,3050013","180,180,180","0,1,2","0,102,1000;0,105,1000;0,108,400;0,103,1000",,
10403093,,10403094,"30500021,3040001,3050006","180,180,180","0,1,2","0,102,1000;0,105,1000;0,108,400;0,103,1000",,
10403094,,10403095,"30500161,3040006,30500011","180,180,180","0,1,2","0,102,1000;0,105,1000;0,108,400;0,103,1000",,
10403095,,10403096,"30500112,3040004,3050007","180,180,180","0,1,2","0,102,1000;0,105,1000;0,108,400;0,103,1000",,
10403096,,10403097,"30500061,3040017,30500061","180,180,180","0,1,2","0,102,1000;0,105,1000;0,108,400;0,103,1000",,
10403097,,10403098,"30500152,3040017,30500061","180,180,180","0,1,2","0,102,1000;0,105,1000;0,108,400;0,103,1000",,
10403098,,10403099,"30500132,3040002,30500162","180,180,180","0,1,2","0,102,1000;0,105,1000;0,108,400;0,103,1000",,
10403099,,10403100,"30500461,3040004,3050013","180,180,180","0,1,2","0,102,1000;0,105,1000;0,108,400;0,103,1000",,
10403100,,10403101,"30500152,3040001,30500471","180,180,180","0,1,2","0,102,1000;0,105,1000;0,108,400;0,103,1000",,
10403101,,10403102,"3050003,3040002,3050013","180,180,180","0,1,2","0,102,1000;0,105,1000;0,108,400;0,103,1000",,
10403102,,10403103,"3050046,3040007,30500371","180,180,180","0,1,2","0,102,1000;0,105,1000;0,108,400;0,103,1000",,
10403103,,10403104,"30500011,3040006,30500172","180,180,180","0,1,2","0,102,1000;0,105,1000;0,108,400;0,103,1000",,
10403104,,10403105,"3050014,3040005,3050007","180,180,180","0,1,2","0,102,1000;0,105,1000;0,108,400;0,103,1000",,
10403105,,10403106,"30500131,30400171,3050007","180,180,180","0,1,2","0,102,1000;0,105,1000;0,108,400;0,103,1000",,
10403106,,10403107,"3050005,3040004,30500131","180,180,180","0,1,2","0,102,1000;0,105,1000;0,108,400;0,103,1000",,
10403107,,10403108,"30500142,3040001,30500022","180,180,180","0,1,2","0,102,1000;0,105,1000;0,108,400;0,103,1000",,
10403108,,10403109,"30500172,3040006,30500172","180,180,180","0,1,2","0,102,1000;0,105,1000;0,108,400;0,103,1000",,
10403109,,10403110,"3050002,3040004,30500011","180,180,180","0,1,2","0,102,1000;0,105,1000;0,108,400;0,103,1000",,
10403110,,10403111,"30500052,3040006,30500022","180,180,180","0,1,2","0,102,1000;0,105,1000;0,108,400;0,103,1000",,
10403111,,10403112,"30500112,3040002,3050007","180,180,180","0,1,2","0,102,1000;0,105,1000;0,108,400;0,103,1000",,
10403112,,10403113,"30500041,3040007,3050013","180,180,180","0,1,2","0,102,1000;0,105,1000;0,108,400;0,103,1000",,
10403113,,10403114,"30500072,30400171,30500162","180,180,180","0,1,2","0,102,1000;0,105,1000;0,108,400;0,103,1000",,
10403114,,10403115,"3050015,3040005,30500361","180,180,180","0,1,2","0,102,1000;0,105,1000;0,108,400;0,103,1000",,
10403115,,10403116,"30500361,30400171,30500152","180,180,180","0,1,2","0,102,1000;0,105,1000;0,108,400;0,103,1000",,
10403116,,10403117,"30500142,3040017,30500162","180,180,180","0,1,2","0,102,1000;0,105,1000;0,108,400;0,103,1000",,
10403117,,10403118,"30500071,30400171,30500132","180,180,180","0,1,2","0,102,1000;0,105,1000;0,108,400;0,103,1000",,
10403118,,10403119,"30500071,3040003,30500031","180,180,180","0,1,2","0,102,1000;0,105,1000;0,108,400;0,103,1000",,
10403119,,10403120,"30500062,3040002,30500041","180,180,180","0,1,2","0,102,1000;0,105,1000;0,108,400;0,103,1000",,
10403120,,10403121,"30500111,3040005,3050013","180,180,180","0,1,2","0,102,1000;0,105,1000;0,108,400;0,103,1000",,
10403121,,10403122,"30500021,3040001,3050006","180,180,180","0,1,2","0,102,1000;0,105,1000;0,108,400;0,103,1000",,
10403122,,10403123,"30500161,3040006,30500011","180,180,180","0,1,2","0,102,1000;0,105,1000;0,108,400;0,103,1000",,
10403123,,10403124,"30500112,3040004,3050007","180,180,180","0,1,2","0,102,1000;0,105,1000;0,108,400;0,103,1000",,
10403124,,10403125,"30500061,3040017,30500061","180,180,180","0,1,2","0,102,1000;0,105,1000;0,108,400;0,103,1000",,
10403125,,10403126,"30500152,3040017,30500061","180,180,180","0,1,2","0,102,1000;0,105,1000;0,108,400;0,103,1000",,
10403126,,10403127,"30500132,3040002,30500162","180,180,180","0,1,2","0,102,1000;0,105,1000;0,108,400;0,103,1000",,
10403127,,10403128,"30500461,3040004,3050013","180,180,180","0,1,2","0,102,1000;0,105,1000;0,108,400;0,103,1000",,
10403128,,10403129,"30500152,3040001,30500471","180,180,180","0,1,2","0,102,1000;0,105,1000;0,108,400;0,103,1000",,
10403129,,10403130,"3050003,3040002,3050013","180,180,180","0,1,2","0,102,1000;0,105,1000;0,108,400;0,103,1000",,
10403130,,10403131,"3050046,3040007,30500371","180,180,180","0,1,2","0,102,1000;0,105,1000;0,108,400;0,103,1000",,
10403131,,10403132,"30500011,3040006,30500172","180,180,180","0,1,2","0,102,1000;0,105,1000;0,108,400;0,103,1000",,
10403132,,10403133,"3050014,3040005,3050007","180,180,180","0,1,2","0,102,1000;0,105,1000;0,108,400;0,103,1000",,
10403133,,10403134,"30500131,30400171,3050007","180,180,180","0,1,2","0,102,1000;0,105,1000;0,108,400;0,103,1000",,
10403134,,10403135,"3050005,3040004,30500131","180,180,180","0,1,2","0,102,1000;0,105,1000;0,108,400;0,103,1000",,
10403135,,10403136,"30500142,3040001,30500022","180,180,180","0,1,2","0,102,1000;0,105,1000;0,108,400;0,103,1000",,
10403136,,10403137,"30500172,3040006,30500172","180,180,180","0,1,2","0,102,1000;0,105,1000;0,108,400;0,103,1000",,
10403137,,10403138,"3050002,3040004,30500011","180,180,180","0,1,2","0,102,1000;0,105,1000;0,108,400;0,103,1000",,
10403138,,10403139,"30500052,3040006,30500022","180,180,180","0,1,2","0,102,1000;0,105,1000;0,108,400;0,103,1000",,
10403139,,10403140,"30500112,3040002,3050007","180,180,180","0,1,2","0,102,1000;0,105,1000;0,108,400;0,103,1000",,
10403140,,10403141,"30500041,3040007,3050013","180,180,180","0,1,2","0,102,1000;0,105,1000;0,108,400;0,103,1000",,
10403141,,10403142,"30500072,30400171,30500162","180,180,180","0,1,2","0,102,1000;0,105,1000;0,108,400;0,103,1000",,
10403142,,10403143,"3050015,3040005,30500361","180,180,180","0,1,2","0,102,1000;0,105,1000;0,108,400;0,103,1000",,
10403143,,10403144,"30500361,30400171,30500152","180,180,180","0,1,2","0,102,1000;0,105,1000;0,108,400;0,103,1000",,
10403144,,10403145,"30500142,3040017,30500162","180,180,180","0,1,2","0,102,1000;0,105,1000;0,108,400;0,103,1000",,
10403145,,10403146,"30500071,30400171,30500132","180,180,180","0,1,2","0,102,1000;0,105,1000;0,108,400;0,103,1000",,
1030101,入秋日,10301011,"3050014,3050005,30500141","27,27,27","0,1,2","0,101,1000;0,102,500;0,103,1000;0,104,1000;0,105,0",,
10301011,,10301012,"30500131,30500161,30500131","30,30,30","0,1,2","0,101,1000;0,102,500;0,103,1000;0,104,1000;0,105,0",,
1030102,姜茶,10301021,"3050046,3050037,3050046","33,33,33","0,1,2","0,101,1000;0,102,500;0,103,1000;0,104,1000;0,105,0",,
10301021,,10301022,"3050036,30500071,30500141","36,36,36","0,1,2","0,101,1000;0,102,500;0,103,1000;0,104,1000;0,105,0",,
1030103,手绢,10301031,"30500071,30500021,3050014","39,39,39","0,1,2","0,101,1000;0,102,500;0,103,1000;0,104,1000;0,105,0",,
10301031,,10301032,"30500071,30500171,30500161","42,42,42","0,1,2","0,101,1000;0,102,500;0,103,1000;0,104,1000;0,105,0",,
1030104,糖果,10301041,"30500021,30500121,30500151","45,45,45","0,1,2","0,101,1000;0,102,500;0,103,1000;0,104,1000;0,105,0",,
10301041,,10301042,"3050036,3050014,30500061","48,48,48","0,1,2","0,101,1000;0,102,500;0,103,1000;0,104,1000;0,105,0",,
1030105,失落者,10301051,"3050005,3050036,3050005","51,51,51","0,1,2","0,101,1000;0,102,500;0,103,1000;0,104,1000;0,105,0",,
10301051,,10301052,"3050037,3040002,3050037","54,54,54","0,1,2","0,101,1000;0,102,500;0,103,1000;0,104,1000;0,105,0;3040002,108,200",,
1030106,弃逃日,10301061,"30500151,30500061,30500051","57,57,57","0,1,2","0,101,1000;0,102,500;0,103,1000;0,104,1000;0,105,10",,
10301061,,10301062,"3050003,30500061,30500071","60,60,60","0,1,2","0,101,1000;0,102,500;0,103,1000;0,104,1000;0,105,20",,
1030107,艾雅语,10301071,"3050003,30500061,30500071","63,63,63","0,1,2","0,101,1000;0,102,500;0,103,1000;0,104,1000;0,105,30",,
10301071,,10301072,"3050003,30500051,30500131","66,66,66","0,1,2","0,101,1000;0,102,500;0,103,1000;0,104,1000;0,105,40",,
1030108,迷返,10301081,"30500131,30500141,30500131","69,69,69","0,1,2","0,101,1000;0,102,500;0,103,1000;0,104,1000;0,105,50",,
10301081,,10301082,"3050005,3050003,30500061","72,72,72","0,1,2","0,101,1000;0,102,500;0,103,1000;0,104,1000;0,105,60",,
1030109,书楼,10301091,"30500051,3050036,3050046","75,75,75","0,1,2","0,101,1000;0,102,500;0,103,1000;0,104,1000;0,105,70",,
10301091,,10301092,"3050003,3050047,30500071","78,78,78","0,1,2","0,101,1000;0,102,500;0,103,1000;0,104,1000;0,105,80",,
1030110,文盲,10301101,"30500141,3050036,30500161","81,81,81","0,1,2","0,101,1000;0,102,500;0,103,1000;0,104,1000;0,105,90",,
10301101,,10301102,"30500041,3040006,3040006","84,84,84","0,1,2","0,101,1000;0,102,500;0,103,1000;0,104,1000;0,105,100;3040006,108,200",,
1030111,不眠夜,10301111,"3050003,30500121,30500131","87,87,87","0,1,2","0,101,1000;0,102,500;0,103,1000;0,104,1000;0,105,110",,
10301111,,10301112,"30500151,3050036,30500141","90,90,90","0,1,2","0,101,1000;0,102,500;0,103,1000;0,104,1000;0,105,120",,
1030112,希泽尔,10301121,"3050003,30500121,30500131","93,93,93","0,1,2","0,101,1000;0,102,500;0,103,1000;0,104,1000;0,105,130",,
10301121,,10301122,"30500151,3050036,30500141","96,96,96","0,1,2","0,101,1000;0,102,500;0,103,1000;0,104,1000;0,105,140",,
1030113,君主,10301131,"30500141,3050046,30500071","99,99,99","0,1,2","0,101,1000;0,102,500;0,103,1000;0,104,1000;0,105,150",,
10301131,,10301132,"3050014,30500131,30500061","102,102,102","0,1,2","0,101,1000;0,102,500;0,103,1000;0,104,1000;0,105,160",,
1030114,矮人火枪,10301141,"30500151,3050047,30500461","105,105,105","0,1,2","0,101,1000;0,102,500;0,103,1000;0,104,1000;0,105,170",,
10301141,,10301142,"3050005,30500471,3050005","108,108,108","0,1,2","0,101,1000;0,102,500;0,103,1000;0,104,1000;0,105,180",,
1030115,夙愿,10301151,"3050037,30500131,3050046","111,111,111","0,1,2","0,101,1000;0,102,500;0,103,1000;0,104,1000;0,105,190",,
10301151,,10301152,"30500131,30500111,30500011","114,114,114","0,1,2","0,101,1000;0,102,500;0,103,1000;0,104,1000;0,105,200",,
1030116,郊游日,10301161,"3050014,30500062,30500361","117,117,117","0,1,2","0,101,1000;0,102,500;0,103,1000;0,104,1000;0,105,210",,
10301161,,10301162,"3050036,30500022,30500032","120,120,120","0,1,2","0,101,1000;0,102,500;0,103,1000;0,104,1000;0,105,220",,
1030117,渊流,10301171,"30500032,30500152,30500012","123,123,123","0,1,2","0,101,1000;0,102,500;0,103,1000;0,104,1000;0,105,230",,
10301171,,10301172,"30500022,30500471,30500122","126,126,126","0,1,2","0,101,1000;0,102,500;0,103,1000;0,104,1000;0,105,240",,
1030118,恶魔果酿,10301181,"30500032,30500361,30500122","129,129,129","0,1,2","0,101,1000;0,102,500;0,103,1000;0,104,1000;0,105,250",,
10301181,,10301182,"30500072,30500162,30500172","132,132,132","0,1,2","0,101,1000;0,102,500;0,103,1000;0,104,1000;0,105,260",,
1030119,池鱼,10301191,"30500072,30500142,30500172","135,135,135","0,1,2","0,101,1000;0,102,500;0,103,1000;0,104,1000;0,105,270",,
10301191,,10301192,"30500152,30500062,30500052","138,138,138","0,1,2","0,101,1000;0,102,500;0,103,1000;0,104,1000;0,105,280",,
1030120,床帐,10301201,"30500132,30500142,30500052","141,141,141","0,1,2","0,101,1000;0,102,500;0,103,1000;0,104,1000;0,105,290",,
10301201,,10301202,"30500032,30500062,30500072","144,144,144","0,1,2","0,101,1000;0,102,500;0,103,1000;0,104,1000;0,105,300",,
1030121,雾色,10301211,"30500132,3050014,30500142","147,147,147","0,1,2","0,101,1000;0,102,500;0,103,1000;0,104,1000;0,105,310",,
10301211,,10301212,"30500032,30500361,30500122","150,150,150","0,1,2","0,101,1000;0,102,500;0,103,1000;0,104,1000;0,105,320",,
1030122,爱与善,10301221,"30500471,30500172,30500371","153,153,153","0,1,2","0,101,1000;0,102,500;0,103,1000;0,104,1000;0,105,330",,
10301221,,10301222,"30500152,30500062,30500052","156,156,156","0,1,2","0,101,1000;0,102,500;0,103,1000;0,104,1000;0,105,340",,
1030123,不眠夜,10301231,"30500041,30500071,30500043","159,159,159","0,1,2","0,101,1000;0,102,500;0,103,1000;0,104,1000;0,105,350",,
10301231,,10301232,"30500152,30500022,30500072","162,162,162","0,1,2","0,101,1000;0,102,500;0,103,1000;0,104,1000;0,105,360",,
1030124,归乡日,10301241,"30500022,30500112,30500152","165,165,165","0,1,2","0,101,1000;0,102,500;0,103,1000;0,104,1000;0,105,370",,
10301241,,10301242,"3050014,30500032,30500142","168,168,168","0,1,2","0,101,1000;0,102,500;0,103,1000;0,104,1000;0,105,380",,
1030125,收获,10301251,"30500112,30500461,30500162","171,171,171","0,1,2","0,101,1000;0,102,500;0,103,1000;0,104,1000;0,105,390",,
10301251,,10301252,"30500112,30500012,30500162","174,174,174","0,1,2","0,101,1000;0,102,500;0,103,1000;0,104,1000;0,105,400",,
1030126,觥筹,10301261,"30500052,30500162,30500112","177,177,177","0,1,2","0,101,1000;0,102,500;0,103,1000;0,104,1000;0,105,410",,
10301261,,10301262,"30500461,30500371,30500461","180,180,180","0,1,2","0,101,1000;0,102,500;0,103,1000;0,104,1000;0,105,420",,
1030127,霜雨,10301271,"3050003,3050036,3050003","180,180,180","0,1,2","0,101,1000;0,102,500;0,103,1000;0,104,1000;0,105,430",,
10301271,,10301272,"30500052,30500112,30500052","180,180,180","0,1,2","0,101,1000;0,102,500;0,103,1000;0,104,1000;0,105,440",,
1030128,怀歌,10301281,"30500141,3050046,30500051","180,180,180","0,1,2","0,101,1000;0,102,500;0,103,1000;0,104,1000;0,105,450",,
10301281,,10301282,"30500072,30500022,3050014","180,180,180","0,1,2","0,101,1000;0,102,500;0,103,1000;0,104,1000;0,105,460",,
1030129,赤暗之星,10301291,"30500112,30500012,30500162","180,180,180","0,1,2","0,101,1000;0,102,500;0,103,1000;0,104,1000;0,105,470",,
10301291,,10301292,"30500022,30500112,30500152","180,180,180","0,1,2","0,101,1000;0,102,500;0,103,1000;0,104,1000;0,105,480",,
1030130,归宿,10301301,"30500052,30500072,30500052","180,180,180","0,1,2","0,101,1000;0,102,500;0,103,1000;0,104,1000;0,105,490",,
10301301,,10301302,3030001,180,1,"0,101,2000;0,102,700;0,103,1000;0,104,2000;0,105,500;0,108,400;0,114,100;0,115,200",,
1030301,,10303011,3030001,45,1,,,
1030302,,10303021,3030001,79,1,"0,101,500;0,102,300;0,103,300;0,104,600;0,105,200;0,108,100;0,114,100;0,115,50",,
1030303,,10303031,3030001,113,1,"0,101,1000;0,102,500;0,103,500;0,104,1000;0,105,300;0,108,200;0,114,200;0,115,100",,
1030304,,10303041,3030001,147,1,"0,101,1500;0,102,700;0,103,1000;0,104,2000;0,105,400;0,108,300;0,114,300;0,115,150",,
1030305,,10303051,3030001,180,1,"0,101,2000;0,102,1000;0,103,1300;0,104,3000;0,105,500;0,108,400;0,114,400;0,115,200",,
1050115,山路1,10501151,"3050004,30500041,30500042","25,25,25","0,1,2",,,
1050116,山路2,10501161,"3050002,3050011,3050046","27,27,27","0,1,2",,,
1050117,山路3,10501171,"3050017,30500171,30500172","29,29,29","0,1,2",,,
1050118,别墅打扫1,10501181,"30500031,3050006,3050007","31,31,31","0,1,2",,,
1050119,别墅打扫2,10501191,"30500021,3050037,3050001","33,33,33","0,1,2",,,
1050120,别墅打扫3,10501201,"3050002,30500012,30500171","35,35,35","0,1,2",,,
1050121,巡逻1,10501211,"30500022,30500011,3050012","37,37,37","0,1,2",,,
1050122,巡逻2,10501221,"30500461,3050013,30500051","39,39,39","0,1,2",,,
1050123,巡逻3,10501231,"30500112,30500031,30500072","41,41,41","0,1,2",,,
1050124,守夜1,10501241,"30500031,30500151,30500461","43,43,43","0,1,2",,,
1050125,守夜2,10501251,"30500051,30500141,30500371","45,45,45","0,1,2",,,
1050126,守夜3,10501261,"30500072,30500071,3050007","47,47,47","0,1,2",,,
1050127,胶带检查1,10501271,"30500032,3050014,30500111","50,50,50","0,1,2",,,
10501271,,10501272,"3050006,30500361,30500371","50,50,50","0,1,2",,,
1050201,案情回顾第一夜1,10502011,"3050015,30500121,3050014","50,50,50","0,1,2",,,
1050202,案情回顾第一夜2,10502021,"3050016,30500162,30500361","55,55,55","0,1,2",,,
1050203,案情回顾第一夜3,10502031,"30500152,3050046,30500121","60,60,60","0,1,2",,,
1050204,案情回顾第一夜4,10502041,"3050006,30500043,30500062","65,65,65","0,1,2",,,
1050205,案情回顾第一夜5,10502051,"3050014,30500021,30500052","70,70,70","0,1,2",,,
1050206,案情回顾第二夜1,10502061,"3050037,30500171,30500031","75,75,75","0,1,2",,,
1050207,案情回顾第二夜2,10502071,"30500161,3050012,3050004","80,80,80","0,1,2",,,
1050208,案情回顾第二夜3,10502081,"3040006,3050002,30500022","85,85,85","0,1,2",,,
1050209,案情回顾第二夜4,10502091,"3040004,30500011,3050014","90,90,90","0,1,2",,,
1050210,案情回顾审判,10502101,"30500112,3050005,30500141","100,100,100","0,1,2",,,
10502101,,10502102,3030001,100,1,"3030001,101,-2000;3030001,103,4000;3030001,104,5000;3030001,108,200;3030001,102,1000",,
1050301,,10503011,"3050002,3040001,3050046","30,30,30","0,1,2",,,
10503011,,10503012,"30500072,3040002,3050004","40,40,40","0,1,2",,,
1050302,,10503021,"30500112,3040003,3050011","50,50,50","0,1,2",,,
10503021,,10503022,"3050037,3040004,30500461","60,60,60","0,1,2",,,
1050303,,10503031,"30500172,3040005,30500141","70,70,70","0,1,2",,,
10503031,,10503032,"30500131,3040006,30500071","80,80,80","0,1,2",,,
1050304,,10503041,"3050015,3040007,30500371","100,100,100","0,1,2",,,
10503041,,10503042,"30500161,30400171,30500162","100,100,100","0,1,2",,,
1050305,,10503051,"3050015,3040004,30500461","120,120,120","0,1,2","0,102,1000;0,105,100;0,103,1000",,
10503051,,10503052,"30500132,3040001,30500012","125,125,125","0,1,2","0,102,1000;0,105,200;0,103,1000",,
10503052,,10503053,"30500172,3040007,30500042","130,130,130","0,1,2","0,102,1000;0,105,300;0,108,50;0,103,1000",,
10503053,,10503054,"30500051,3040017,3050001","135,135,135","0,1,2","0,102,1000;0,105,400;0,108,100;0,103,1000",,
10503054,,10503055,"3050015,3040005,30500043","140,140,140","0,1,2","0,102,1000;0,105,500;0,108,150;0,103,1000",,
10503055,,10503056,"3050004,3040004,30500151","145,145,145","0,1,2","0,102,1000;0,105,600;0,108,200;0,103,1000",,
10503056,,10503057,"30500171,3040006,30500171","150,150,150","0,1,2","0,102,1000;0,105,700;0,108,250;0,103,1000",,
10503057,,10503058,"30500172,3040005,30500161","155,155,155","0,1,2","0,102,1000;0,105,800;0,108,300;0,103,1000",,
10503058,,10503059,"3050012,30400171,30500122","160,160,160","0,1,2","0,102,1000;0,105,900;0,108,350;0,103,1000",,
10503059,,10503060,"3050017,3040001,30500361","165,165,165","0,1,2","0,102,1000;0,105,1000;0,108,400;0,103,1000",,
10503060,,10503061,"30500052,3040017,30500142","170,170,170","0,1,2","0,102,1000;0,105,1000;0,108,400;0,103,1000",,
10503061,,10503062,"30500032,3040017,3050046","175,175,175","0,1,2","0,102,1000;0,105,1000;0,108,400;0,103,1000",,
10503062,,10503063,"3050013,3040017,30500161","180,180,180","0,1,2","0,102,1000;0,105,1000;0,108,400;0,103,1000",,
10503063,,10503064,"30500151,3040007,30500471","180,180,180","0,1,2","0,102,1000;0,105,1000;0,108,400;0,103,1000",,
10503064,,10503065,"30500132,3040006,30500132","180,180,180","0,1,2","0,102,1000;0,105,1000;0,108,400;0,103,1000",,
10503065,,10503066,"30500052,3040007,30500032","180,180,180","0,1,2","0,102,1000;0,105,1000;0,108,400;0,103,1000",,
10503066,,10503067,"3050005,3040003,3050017","180,180,180","0,1,2","0,102,1000;0,105,1000;0,108,400;0,103,1000",,
10503067,,10503068,"30500071,3040005,30500011","180,180,180","0,1,2","0,102,1000;0,105,1000;0,108,400;0,103,1000",,
10503068,,10503069,"30500111,3040004,30500121","180,180,180","0,1,2","0,102,1000;0,105,1000;0,108,400;0,103,1000",,
10503069,,10503070,"30500021,3040003,3050003","180,180,180","0,1,2","0,102,1000;0,105,1000;0,108,400;0,103,1000",,
10503070,,10503071,"30500051,3040002,30500031","180,180,180","0,1,2","0,102,1000;0,105,1000;0,108,400;0,103,1000",,
10503071,,10503072,"30500061,3040007,30500011","180,180,180","0,1,2","0,102,1000;0,105,1000;0,108,400;0,103,1000",,
10503072,,10503073,"30500461,3040002,3050005","180,180,180","0,1,2","0,102,1000;0,105,1000;0,108,400;0,103,1000",,
10503073,,10503074,"30500121,3040002,30500012","180,180,180","0,1,2","0,102,1000;0,105,1000;0,108,400;0,103,1000",,
10503074,,10503075,"30500361,3040017,30500011","180,180,180","0,1,2","0,102,1000;0,105,1000;0,108,400;0,103,1000",,
10503075,,10503076,"30500061,30400171,30500122","180,180,180","0,1,2","0,102,1000;0,105,1000;0,108,400;0,103,1000",,
10503076,,10503077,"3050007,3040004,30500141","180,180,180","0,1,2","0,102,1000;0,105,1000;0,108,400;0,103,1000",,
10503077,,10503078,"3050046,3040005,3050004","180,180,180","0,1,2","0,102,1000;0,105,1000;0,108,400;0,103,1000",,
10503078,,10503079,"30500171,3040001,30500131","180,180,180","0,1,2","0,102,1000;0,105,1000;0,108,400;0,103,1000",,
10503079,,10503080,"3050047,3040001,30500161","180,180,180","0,1,2","0,102,1000;0,105,1000;0,108,400;0,103,1000",,
10503080,,10503081,"30500031,3040007,3050014","180,180,180","0,1,2","0,102,1000;0,105,1000;0,108,400;0,103,1000",,
10503081,,10503082,"30500122,3040017,3050047","180,180,180","0,1,2","0,102,1000;0,105,1000;0,108,400;0,103,1000",,
10503082,,10503083,"30500371,3040004,30500012","180,180,180","0,1,2","0,102,1000;0,105,1000;0,108,400;0,103,1000",,
10503083,,10503084,"30500051,3040005,30500071","180,180,180","0,1,2","0,102,1000;0,105,1000;0,108,400;0,103,1000",,
10503084,,10503085,"30500071,3040002,3050015","180,180,180","0,1,2","0,102,1000;0,105,1000;0,108,400;0,103,1000",,
10503085,,10503086,"30500122,3040003,30500172","180,180,180","0,1,2","0,102,1000;0,105,1000;0,108,400;0,103,1000",,
10503086,,10503087,"30500141,3040006,30500121","180,180,180","0,1,2","0,102,1000;0,105,1000;0,108,400;0,103,1000",,
10503087,,10503088,"30500111,3040007,3050046","180,180,180","0,1,2","0,102,1000;0,105,1000;0,108,400;0,103,1000",,
10503088,,10503089,"30500011,3040005,30500043","180,180,180","0,1,2","0,102,1000;0,105,1000;0,108,600;0,103,1000",,
10503089,,10503090,"30500072,3040007,3050003","180,180,180","0,1,2","0,102,1000;0,105,1000;0,108,600;0,103,1000",,
10503090,,10503091,"30500022,30400171,30500171","180,180,180","0,1,2","0,102,1000;0,105,1000;0,108,600;0,103,1000",,
10503091,,10503092,"3050001,3040017,30500072","180,180,180","0,1,2","0,102,1000;0,105,1000;0,108,600;0,103,1000",,
10503092,,10503093,"30500131,3040007,3050004","180,180,180","0,1,2","0,102,1000;0,105,1000;0,108,600;0,103,1000",,
10503093,,10503094,"30500471,3040003,30500061","180,180,180","0,1,2","0,102,1000;0,105,1000;0,108,600;0,103,1000",,
10503094,,10503095,"3050007,3040006,3050037","180,180,180","0,1,2","0,102,1000;0,105,1000;0,108,600;0,103,1000",,
10503095,,10503096,"30500371,3040017,30500141","180,180,180","0,1,2","0,102,1000;0,105,1000;0,108,600;0,103,1000",,
10503096,,10503097,"3050004,3040004,3050006","180,180,180","0,1,2","0,102,1000;0,105,1000;0,108,600;0,103,1000",,
10503097,,10503098,"3050003,3040001,3050037","180,180,180","0,1,2","0,102,1000;0,105,1000;0,108,600;0,103,1000",,
10503098,,10503099,"3050015,3040007,30500022","180,180,180","0,1,2","0,102,1000;0,105,1000;0,108,600;0,103,1000",,
10503099,,10503100,"3050002,3040003,30500061","180,180,180","0,1,2","0,102,1000;0,105,1000;0,108,600;0,103,1000",,
10503100,,10503101,"30500072,3040004,3050011","180,180,180","0,1,2","0,102,1000;0,105,1000;0,108,600;0,103,1000",,
10503101,,10503102,"30500111,3040017,3050015","180,180,180","0,1,2","0,102,1000;0,105,1000;0,108,600;0,103,1000",,
10503102,,10503103,"3050037,3040003,30500161","180,180,180","0,1,2","0,102,1000;0,105,1000;0,108,600;0,103,1000",,
10503103,,10503104,"3050014,3040005,30500051","180,180,180","0,1,2","0,102,1000;0,105,1000;0,108,600;0,103,1000",,
10503104,,10503105,"30500461,3040002,30500041","180,180,180","0,1,2","0,102,1000;0,105,1000;0,108,600;0,103,1000",,
10503105,,10503106,"30500022,3040017,30500051","180,180,180","0,1,2","0,102,1000;0,105,1000;0,108,600;0,103,1000",,
10503106,,10503107,"30500111,3040003,30500371","180,180,180","0,1,2","0,102,1000;0,105,1000;0,108,600;0,103,1000",,
10503107,,10503108,"3050037,3040003,30500141","180,180,180","0,1,2","0,102,1000;0,105,1000;0,108,600;0,103,1000",,
10503108,,10503109,"3050003,3040005,3050005","180,180,180","0,1,2","0,102,1000;0,105,1000;0,108,600;0,103,1000",,
10503109,,10503110,"3050046,3040007,30500042","180,180,180","0,1,2","0,102,1000;0,105,1000;0,108,600;0,103,1000",,
10503110,,10503111,"30500361,3040003,30500072","180,180,180","0,1,2","0,102,1000;0,105,1000;0,108,600;0,103,1000",,
10503111,,10503112,"30500121,3040006,30500361","180,180,180","0,1,2","0,102,1000;0,105,1000;0,108,600;0,103,1000",,
10503112,,10503113,"30500111,3040005,30500042","180,180,180","0,1,2","0,102,1000;0,105,1000;0,108,600;0,103,1000",,
10503113,,10503114,"30500011,3040004,30500151","180,180,180","0,1,2","0,102,1000;0,105,1000;0,108,600;0,103,1000",,
10503114,,10503115,"30500111,3040001,30500011","180,180,180","0,1,2","0,102,1000;0,105,1000;0,108,600;0,103,1000",,
10503115,,10503116,"3050001,3040004,30500031","180,180,180","0,1,2","0,102,1000;0,105,1000;0,108,600;0,103,1000",,
10503116,,10503117,"30500172,3040001,3050002","180,180,180","0,1,2","0,102,1000;0,105,1000;0,108,600;0,103,1000",,
10503117,,10503118,"30500052,3040005,30500052","180,180,180","0,1,2","0,102,1000;0,105,1000;0,108,800;0,103,1000",,
10503118,,10503119,"30500051,3040004,30500043","180,180,180","0,1,2","0,102,1000;0,105,1000;0,108,800;0,103,1000",,
10503119,,10503120,"30500061,3040006,30500043","180,180,180","0,1,2","0,102,1000;0,105,1000;0,108,800;0,103,1000",,
10503120,,10503121,"30500032,3040017,30500022","180,180,180","0,1,2","0,102,1000;0,105,1000;0,108,800;0,103,1000",,
10503121,,10503122,"30500041,3040004,3050005","180,180,180","0,1,2","0,102,1000;0,105,1000;0,108,800;0,103,1000",,
10503122,,10503123,"30500031,3040004,3050001","180,180,180","0,1,2","0,102,1000;0,105,1000;0,108,800;0,103,1000",,
10503123,,10503124,"30500122,3040001,30500162","180,180,180","0,1,2","0,102,1000;0,105,1000;0,108,800;0,103,1000",,
10503124,,10503125,"30500041,30400171,3050036","180,180,180","0,1,2","0,102,1000;0,105,1000;0,108,800;0,103,1000",,
10503125,,10503126,"30500011,3040005,30500043","180,180,180","0,1,2","0,102,1000;0,105,1000;0,108,800;0,103,1000",,
10503126,,10503127,"3050004,3040003,30500471","180,180,180","0,1,2","0,102,1000;0,105,1000;0,108,800;0,103,1000",,
10503127,,10503128,"30500111,3040005,3050014","180,180,180","0,1,2","0,102,1000;0,105,1000;0,108,800;0,103,1000",,
10503128,,10503129,"30500071,3040004,30500162","180,180,180","0,1,2","0,102,1000;0,105,1000;0,108,800;0,103,1000",,
10503129,,10503130,"30500132,3040005,3050037","180,180,180","0,1,2","0,102,1000;0,105,1000;0,108,800;0,103,1000",,
10503130,,10503131,"30500171,3040002,3050015","180,180,180","0,1,2","0,102,1000;0,105,1000;0,108,800;0,103,1000",,
10503131,,10503132,"30500061,3040003,30500031","180,180,180","0,1,2","0,102,1000;0,105,1000;0,108,800;0,103,1000",,
10503132,,10503133,"30500152,3040005,30500142","180,180,180","0,1,2","0,102,1000;0,105,1000;0,108,800;0,103,1000",,
10503133,,10503134,"30500072,3040006,30500161","180,180,180","0,1,2","0,102,1000;0,105,1000;0,108,800;0,103,1000",,
10503134,,10503135,"30500042,3040003,3050004","180,180,180","0,1,2","0,102,1000;0,105,1000;0,108,800;0,103,1000",,
10503135,,10503136,"30500152,3040005,3050006","180,180,180","0,1,2","0,102,1000;0,105,1000;0,108,800;0,103,1000",,
10503136,,10503137,"3050002,3040017,3050015","180,180,180","0,1,2","0,102,1000;0,105,1000;0,108,800;0,103,1000",,
10503137,,10503138,"30500043,3040007,30500121","180,180,180","0,1,2","0,102,1000;0,105,1000;0,108,800;0,103,1000",,
10503138,,10503139,"30500371,3040017,3050004","180,180,180","0,1,2","0,102,1000;0,105,1000;0,108,800;0,103,1000",,
10503139,,10503140,"3050007,3040003,3050016","180,180,180","0,1,2","0,102,1000;0,105,1000;0,108,800;0,103,1000",,
10503140,,10503141,"30500062,3040004,30500371","180,180,180","0,1,2","0,102,1000;0,105,1000;0,108,800;0,103,1000",,
10503141,,10503142,"30500162,3040002,3050015","180,180,180","0,1,2","0,102,1000;0,105,1000;0,108,800;0,103,1000",,
10503142,,10503143,"30500051,3040001,30500371","180,180,180","0,1,2","0,102,1000;0,105,1000;0,108,800;0,103,1000",,
10503143,,10503144,"30500071,3040017,30500111","180,180,180","0,1,2","0,102,1000;0,105,1000;0,108,800;0,103,1000",,
10503144,,10503145,"30500021,30400171,30500361","180,180,180","0,1,2","0,102,1000;0,105,1000;0,108,800;0,103,1000",,
10503145,,10503146,"30500151,3040007,3050015","180,180,180","0,1,2","0,102,1000;0,105,1000;0,108,800;0,103,1000",,
1200101,,12001011,"3050013,3050002,30500461","25,25,25","0,1,2",,,
1200102,,12001021,"3050007,30500122,3050004","27,27,27","0,1,2",,,
1200103,,12001031,"30500172,30500111,30500132","29,29,29","0,1,2",,,
1200104,,12001041,"3050011,30500051,3050047","31,31,31","0,1,2",,,
1200105,,12001051,"30500031,30500151,3050016","33,33,33","0,1,2",,,
1200106,,12001061,"30500461,3050014,30500371","35,35,35","0,1,2",,,
1200107,,12001071,"30500051,3050011,30500131","37,37,37","0,1,2",,,
1200108,,12001081,"30500151,30500062,30500032","39,39,39","0,1,2",,,
1200109,,12001091,"30500152,3050014,30500072","41,41,41","0,1,2",,,
1200110,,12001101,"30500032,30500132,3050005","43,43,43","0,1,2",,,
1200111,,12001111,"30500122,30500031,30500122","45,45,45","0,1,2",,,
1200112,,12001121,"30500051,3050004,30500162","50,50,50","0,1,2",,,
12001121,,12001122,3030003,50,1,,,
1200201,,12002011,"3050013,3050002,30500461","50,50,50","0,1,2",,,
1200202,,12002021,"3050007,30500122,3050004","55,55,55","0,1,2",,,
1200203,,12002031,"30500172,30500111,30500132","60,60,60","0,1,2",,,
1200204,,12002041,"3050011,30500051,3050047","65,65,65","0,1,2",,,
1200205,,12002051,"30500031,30500151,3050016","70,70,70","0,1,2",,,
1200206,,12002061,"30500461,3050014,30500371","75,75,75","0,1,2",,,
1200207,,12002071,"30500051,3050011,30500131","80,80,80","0,1,2",,,
1200208,,12002081,"30500151,30500062,30500032","85,85,85","0,1,2",,,
1200209,,12002091,"30500152,3050014,30500072","90,90,90","0,1,2",,,
1200210,,12002101,"30500032,30500132,3050005","95,95,95","0,1,2",,,
1200211,,12002111,"30500122,30500031,30500122","100,100,100","0,1,2",,,
1200212,,12002121,"30500051,3050004,30500162","105,105,105","0,1,2",,,
12002121,,12002122,3030003,105,1,"3030001,101,-2000;3030001,103,4000;3030001,104,5000;3030001,108,200;3030001,102,1000",,
1200301,,12003011,"3050002,3040001,3050046","30,30,30","0,1,2",,,
12003011,,12003012,"30500072,3040002,3050004","40,40,40","0,1,2",,,
1200302,,12003021,"30500112,3040003,3050011","50,50,50","0,1,2",,,
12003021,,12003022,"3050037,3040004,30500461","60,60,60","0,1,2",,,
1200303,,12003031,"30500172,3040005,30500141","70,70,70","0,1,2",,,
12003031,,12003032,"30500131,3040006,30500071","80,80,80","0,1,2",,,
1200304,,12003041,"3050015,3040007,30500371","100,100,100","0,1,2",,,
12003041,,12003042,"30500161,30400171,30500162","100,100,100","0,1,2",,,
1200305,,12003051,"3050015,3040004,30500461","120,120,120","0,1,2","0,102,1000;0,105,100;0,103,1000",,
12003051,,12003052,"30500132,3040001,30500012","125,125,125","0,1,2","0,102,1000;0,105,200;0,103,1000",,
12003052,,12003053,"30500172,3040007,30500042","130,130,130","0,1,2","0,102,1000;0,105,300;0,108,50;0,103,1000",,
12003053,,12003054,"30500051,3040017,3050001","135,135,135","0,1,2","0,102,1000;0,105,400;0,108,100;0,103,1000",,
12003054,,12003055,"3050015,3040005,30500043","140,140,140","0,1,2","0,102,1000;0,105,500;0,108,150;0,103,1000",,
12003055,,12003056,"3050004,3040004,30500151","145,145,145","0,1,2","0,102,1000;0,105,600;0,108,200;0,103,1000",,
12003056,,12003057,"30500171,3040006,30500171","150,150,150","0,1,2","0,102,1000;0,105,700;0,108,250;0,103,1000",,
12003057,,12003058,"30500172,3040005,30500161","155,155,155","0,1,2","0,102,1000;0,105,800;0,108,300;0,103,1000",,
12003058,,12003059,"3050012,30400171,30500122","160,160,160","0,1,2","0,102,1000;0,105,900;0,108,350;0,103,1000",,
12003059,,12003060,"3050017,3040001,30500361","165,165,165","0,1,2","0,102,1000;0,105,1000;0,108,400;0,103,1000",,
12003060,,12003061,"30500052,3040017,30500142","170,170,170","0,1,2","0,102,1000;0,105,1000;0,108,400;0,103,1000",,
12003061,,12003062,"30500032,3040017,3050046","175,175,175","0,1,2","0,102,1000;0,105,1000;0,108,400;0,103,1000",,
12003062,,12003063,"3050013,3040017,30500161","180,180,180","0,1,2","0,102,1000;0,105,1000;0,108,400;0,103,1000",,
12003063,,12003064,"30500151,3040007,30500471","180,180,180","0,1,2","0,102,1000;0,105,1000;0,108,400;0,103,1000",,
12003064,,12003065,"30500132,3040006,30500132","180,180,180","0,1,2","0,102,1000;0,105,1000;0,108,400;0,103,1000",,
12003065,,12003066,"30500052,3040007,30500032","180,180,180","0,1,2","0,102,1000;0,105,1000;0,108,400;0,103,1000",,
12003066,,12003067,"3050005,3040003,3050017","180,180,180","0,1,2","0,102,1000;0,105,1000;0,108,400;0,103,1000",,
12003067,,12003068,"30500071,3040005,30500011","180,180,180","0,1,2","0,102,1000;0,105,1000;0,108,400;0,103,1000",,
12003068,,12003069,"30500111,3040004,30500121","180,180,180","0,1,2","0,102,1000;0,105,1000;0,108,400;0,103,1000",,
12003069,,12003070,"30500021,3040003,3050003","180,180,180","0,1,2","0,102,1000;0,105,1000;0,108,400;0,103,1000",,
12003070,,12003071,"30500051,3040002,30500031","180,180,180","0,1,2","0,102,1000;0,105,1000;0,108,400;0,103,1000",,
12003071,,12003072,"30500061,3040007,30500011","180,180,180","0,1,2","0,102,1000;0,105,1000;0,108,400;0,103,1000",,
12003072,,12003073,"30500461,3040002,3050005","180,180,180","0,1,2","0,102,1000;0,105,1000;0,108,400;0,103,1000",,
12003073,,12003074,"30500121,3040002,30500012","180,180,180","0,1,2","0,102,1000;0,105,1000;0,108,400;0,103,1000",,
12003074,,12003075,"30500361,3040017,30500011","180,180,180","0,1,2","0,102,1000;0,105,1000;0,108,400;0,103,1000",,
12003075,,12003076,"30500061,30400171,30500122","180,180,180","0,1,2","0,102,1000;0,105,1000;0,108,400;0,103,1000",,
12003076,,12003077,"3050007,3040004,30500141","180,180,180","0,1,2","0,102,1000;0,105,1000;0,108,400;0,103,1000",,
12003077,,12003078,"3050046,3040005,3050004","180,180,180","0,1,2","0,102,1000;0,105,1000;0,108,400;0,103,1000",,
12003078,,12003079,"30500171,3040001,30500131","180,180,180","0,1,2","0,102,1000;0,105,1000;0,108,400;0,103,1000",,
12003079,,12003080,"3050047,3040001,30500161","180,180,180","0,1,2","0,102,1000;0,105,1000;0,108,400;0,103,1000",,
12003080,,12003081,"30500031,3040007,3050014","180,180,180","0,1,2","0,102,1000;0,105,1000;0,108,400;0,103,1000",,
12003081,,12003082,"30500122,3040017,3050047","180,180,180","0,1,2","0,102,1000;0,105,1000;0,108,400;0,103,1000",,
12003082,,12003083,"30500371,3040004,30500012","180,180,180","0,1,2","0,102,1000;0,105,1000;0,108,400;0,103,1000",,
12003083,,12003084,"30500051,3040005,30500071","180,180,180","0,1,2","0,102,1000;0,105,1000;0,108,400;0,103,1000",,
12003084,,12003085,"30500071,3040002,3050015","180,180,180","0,1,2","0,102,1000;0,105,1000;0,108,400;0,103,1000",,
12003085,,12003086,"30500122,3040003,30500172","180,180,180","0,1,2","0,102,1000;0,105,1000;0,108,400;0,103,1000",,
12003086,,12003087,"30500141,3040006,30500121","180,180,180","0,1,2","0,102,1000;0,105,1000;0,108,400;0,103,1000",,
12003087,,12003088,"30500111,3040007,3050046","180,180,180","0,1,2","0,102,1000;0,105,1000;0,108,400;0,103,1000",,
12003088,,12003089,"30500011,3040005,30500043","180,180,180","0,1,2","0,102,1000;0,105,1000;0,108,600;0,103,1000",,
12003089,,12003090,"30500072,3040007,3050003","180,180,180","0,1,2","0,102,1000;0,105,1000;0,108,600;0,103,1000",,
12003090,,12003091,"30500022,30400171,30500171","180,180,180","0,1,2","0,102,1000;0,105,1000;0,108,600;0,103,1000",,
12003091,,12003092,"3050001,3040017,30500072","180,180,180","0,1,2","0,102,1000;0,105,1000;0,108,600;0,103,1000",,
12003092,,12003093,"30500131,3040007,3050004","180,180,180","0,1,2","0,102,1000;0,105,1000;0,108,600;0,103,1000",,
12003093,,12003094,"30500471,3040003,30500061","180,180,180","0,1,2","0,102,1000;0,105,1000;0,108,600;0,103,1000",,
12003094,,12003095,"3050007,3040006,3050037","180,180,180","0,1,2","0,102,1000;0,105,1000;0,108,600;0,103,1000",,
12003095,,12003096,"30500371,3040017,30500141","180,180,180","0,1,2","0,102,1000;0,105,1000;0,108,600;0,103,1000",,
12003096,,12003097,"3050004,3040004,3050006","180,180,180","0,1,2","0,102,1000;0,105,1000;0,108,600;0,103,1000",,
12003097,,12003098,"3050003,3040001,3050037","180,180,180","0,1,2","0,102,1000;0,105,1000;0,108,600;0,103,1000",,
12003098,,12003099,"3050015,3040007,30500022","180,180,180","0,1,2","0,102,1000;0,105,1000;0,108,600;0,103,1000",,
12003099,,12003100,"3050002,3040003,30500061","180,180,180","0,1,2","0,102,1000;0,105,1000;0,108,600;0,103,1000",,
12003100,,12003101,"30500072,3040004,3050011","180,180,180","0,1,2","0,102,1000;0,105,1000;0,108,600;0,103,1000",,
12003101,,12003102,"30500111,3040017,3050015","180,180,180","0,1,2","0,102,1000;0,105,1000;0,108,600;0,103,1000",,
12003102,,12003103,"3050037,3040003,30500161","180,180,180","0,1,2","0,102,1000;0,105,1000;0,108,600;0,103,1000",,
12003103,,12003104,"3050014,3040005,30500051","180,180,180","0,1,2","0,102,1000;0,105,1000;0,108,600;0,103,1000",,
12003104,,12003105,"30500461,3040002,30500041","180,180,180","0,1,2","0,102,1000;0,105,1000;0,108,600;0,103,1000",,
12003105,,12003106,"30500022,3040017,30500051","180,180,180","0,1,2","0,102,1000;0,105,1000;0,108,600;0,103,1000",,
12003106,,12003107,"30500111,3040003,30500371","180,180,180","0,1,2","0,102,1000;0,105,1000;0,108,600;0,103,1000",,
12003107,,12003108,"3050037,3040003,30500141","180,180,180","0,1,2","0,102,1000;0,105,1000;0,108,600;0,103,1000",,
12003108,,12003109,"3050003,3040005,3050005","180,180,180","0,1,2","0,102,1000;0,105,1000;0,108,600;0,103,1000",,
12003109,,12003110,"3050046,3040007,30500042","180,180,180","0,1,2","0,102,1000;0,105,1000;0,108,600;0,103,1000",,
12003110,,12003111,"30500361,3040003,30500072","180,180,180","0,1,2","0,102,1000;0,105,1000;0,108,600;0,103,1000",,
12003111,,12003112,"30500121,3040006,30500361","180,180,180","0,1,2","0,102,1000;0,105,1000;0,108,600;0,103,1000",,
12003112,,12003113,"30500111,3040005,30500042","180,180,180","0,1,2","0,102,1000;0,105,1000;0,108,600;0,103,1000",,
12003113,,12003114,"30500011,3040004,30500151","180,180,180","0,1,2","0,102,1000;0,105,1000;0,108,600;0,103,1000",,
12003114,,12003115,"30500111,3040001,30500011","180,180,180","0,1,2","0,102,1000;0,105,1000;0,108,600;0,103,1000",,
12003115,,12003116,"3050001,3040004,30500031","180,180,180","0,1,2","0,102,1000;0,105,1000;0,108,600;0,103,1000",,
12003116,,12003117,"30500172,3040001,3050002","180,180,180","0,1,2","0,102,1000;0,105,1000;0,108,600;0,103,1000",,
12003117,,12003118,"30500052,3040005,30500052","180,180,180","0,1,2","0,102,1000;0,105,1000;0,108,800;0,103,1000",,
12003118,,12003119,"30500051,3040004,30500043","180,180,180","0,1,2","0,102,1000;0,105,1000;0,108,800;0,103,1000",,
12003119,,12003120,"30500061,3040006,30500043","180,180,180","0,1,2","0,102,1000;0,105,1000;0,108,800;0,103,1000",,
12003120,,12003121,"30500032,3040017,30500022","180,180,180","0,1,2","0,102,1000;0,105,1000;0,108,800;0,103,1000",,
12003121,,12003122,"30500041,3040004,3050005","180,180,180","0,1,2","0,102,1000;0,105,1000;0,108,800;0,103,1000",,
12003122,,12003123,"30500031,3040004,3050001","180,180,180","0,1,2","0,102,1000;0,105,1000;0,108,800;0,103,1000",,
12003123,,12003124,"30500122,3040001,30500162","180,180,180","0,1,2","0,102,1000;0,105,1000;0,108,800;0,103,1000",,
12003124,,12003125,"30500041,30400171,3050036","180,180,180","0,1,2","0,102,1000;0,105,1000;0,108,800;0,103,1000",,
12003125,,12003126,"30500011,3040005,30500043","180,180,180","0,1,2","0,102,1000;0,105,1000;0,108,800;0,103,1000",,
12003126,,12003127,"3050004,3040003,30500471","180,180,180","0,1,2","0,102,1000;0,105,1000;0,108,800;0,103,1000",,
12003127,,12003128,"30500111,3040005,3050014","180,180,180","0,1,2","0,102,1000;0,105,1000;0,108,800;0,103,1000",,
12003128,,12003129,"30500071,3040004,30500162","180,180,180","0,1,2","0,102,1000;0,105,1000;0,108,800;0,103,1000",,
12003129,,12003130,"30500132,3040005,3050037","180,180,180","0,1,2","0,102,1000;0,105,1000;0,108,800;0,103,1000",,
12003130,,12003131,"30500171,3040002,3050015","180,180,180","0,1,2","0,102,1000;0,105,1000;0,108,800;0,103,1000",,
12003131,,12003132,"30500061,3040003,30500031","180,180,180","0,1,2","0,102,1000;0,105,1000;0,108,800;0,103,1000",,
12003132,,12003133,"30500152,3040005,30500142","180,180,180","0,1,2","0,102,1000;0,105,1000;0,108,800;0,103,1000",,
12003133,,12003134,"30500072,3040006,30500161","180,180,180","0,1,2","0,102,1000;0,105,1000;0,108,800;0,103,1000",,
12003134,,12003135,"30500042,3040003,3050004","180,180,180","0,1,2","0,102,1000;0,105,1000;0,108,800;0,103,1000",,
12003135,,12003136,"30500152,3040005,3050006","180,180,180","0,1,2","0,102,1000;0,105,1000;0,108,800;0,103,1000",,
12003136,,12003137,"3050002,3040017,3050015","180,180,180","0,1,2","0,102,1000;0,105,1000;0,108,800;0,103,1000",,
12003137,,12003138,"30500043,3040007,30500121","180,180,180","0,1,2","0,102,1000;0,105,1000;0,108,800;0,103,1000",,
12003138,,12003139,"30500371,3040017,3050004","180,180,180","0,1,2","0,102,1000;0,105,1000;0,108,800;0,103,1000",,
12003139,,12003140,"3050007,3040003,3050016","180,180,180","0,1,2","0,102,1000;0,105,1000;0,108,800;0,103,1000",,
12003140,,12003141,"30500062,3040004,30500371","180,180,180","0,1,2","0,102,1000;0,105,1000;0,108,800;0,103,1000",,
12003141,,12003142,"30500162,3040002,3050015","180,180,180","0,1,2","0,102,1000;0,105,1000;0,108,800;0,103,1000",,
12003142,,12003143,"30500051,3040001,30500371","180,180,180","0,1,2","0,102,1000;0,105,1000;0,108,800;0,103,1000",,
12003143,,12003144,"30500071,3040017,30500111","180,180,180","0,1,2","0,102,1000;0,105,1000;0,108,800;0,103,1000",,
12003144,,12003145,"30500021,30400171,30500361","180,180,180","0,1,2","0,102,1000;0,105,1000;0,108,800;0,103,1000",,
12003145,,12003146,"30500151,3040007,3050015","180,180,180","0,1,2","0,102,1000;0,105,1000;0,108,800;0,103,1000",,
70001,,700011,"30500151,3050015,3050014","35,35,35","0,1,2",,,
70002,,700021,"30500072,30500021,30500152","40,40,40","0,1,2",,,
70003,,700031,"3050006,30500152,3050014","45,45,45","0,1,2",,,
70004,,700041,"3050014,3050017,3050004","50,50,50","0,1,2",,,
70005,,700051,"3040005,30500051,30500061","55,55,55","0,1,2",,,
70006,,700061,"30500122,30500052,3050013","60,60,60","0,1,2",,,
70007,,700071,"3050016,3040003,3050003","65,65,65","0,1,2",,,
70008,,700081,"30500361,3040001,30500132","70,70,70","0,1,2",,,
70009,,700091,"3040004,30500031,30500041","75,75,75","0,1,2",,,
70010,,700101,3020002,80,1,,,
70011,,700111,"3050005,3050002,3050006","85,85,85","0,1,2",,,
70012,,700121,"30500112,3050002,3040005","90,90,90","0,1,2",,,
70013,,700131,"30500062,30500361,3050036","95,95,95","0,1,2",,,
70014,,700141,"30500172,30500043,3040002","100,100,100","0,1,2",,,
70015,,700151,"3050014,3050012,30500062","105,105,105","0,1,2",,,
70016,,700161,"30400171,30500012,30500132","110,110,110","0,1,2",,,
70017,,700171,"3050014,3050013,30500043","115,115,115","0,1,2",,,
70018,,700181,"30500471,30500052,30500061","120,120,120","0,1,2",,,
70019,,700191,"30500141,30500042,3050005","125,125,125","0,1,2",,,
70020,,700201,3030003,130,1,,,
70021,,700211,"30500021,30500132,30500011","135,135,135","0,1,2",,,
70022,,700221,"30500012,3050047,30500171","140,140,140","0,1,2",,,
70023,,700231,"3040005,30500041,3040006","145,145,145","0,1,2",,,
70024,,700241,"30500161,30500043,30500051","150,150,150","0,1,2",,,
70025,,700251,"30500131,30500061,3050015","155,155,155","0,1,2",,,
70026,,700261,"3050036,30500122,30500021","160,160,160","0,1,2",,,
70027,,700271,"30500171,30500112,3040005","165,165,165","0,1,2",,,
70028,,700281,"30500172,30500021,3040005","170,170,170","0,1,2",,,
70029,,700291,"30500051,3050006,3050007","175,175,175","0,1,2",,,
70030,,700301,3030002,180,1,,,
70031,,700311,"30500121,30500122,30500061","180,180,180","0,1,2","0,101,200;0,102,100;0,103,100;0,104,100;0,105,100;0,108,400;0,110,100;0,115,50;0,113,50;0,112,50",,
700311,,700312,"3050003,30500031,30500071","180,180,180","0,1,2","0,101,200;0,102,100;0,103,100;0,104,100;0,105,100;0,108,400;0,110,100;0,115,50;0,113,50;0,112,50",,
70032,,700321,"30500132,3050002,30500032","180,180,180","0,1,2","0,101,400;0,102,200;0,103,200;0,104,200;0,105,200;0,108,400;0,110,100;0,115,50;0,113,50;0,112,50",,
700321,,700322,"30500042,30500072,30500043","180,180,180","0,1,2","0,101,400;0,102,200;0,103,200;0,104,200;0,105,200;0,108,400;0,110,100;0,115,50;0,113,50;0,112,50",,
70033,,700331,"30500012,30500051,30500461","180,180,180","0,1,2","0,101,600;0,102,300;0,103,300;0,104,300;0,105,300;0,108,400;0,110,100;0,115,50;0,113,50;0,112,50",,
700331,,700332,"3050046,3050006,3040003","180,180,180","0,1,2","0,101,600;0,102,300;0,103,300;0,104,300;0,105,300;0,108,400;0,110,100;0,115,50;0,113,50;0,112,50",,
70034,,700341,"3050005,30500041,3050001","180,180,180","0,1,2","0,101,800;0,102,400;0,103,400;0,104,400;0,105,400;0,108,400;0,110,100;0,115,50;0,113,50;0,112,50",,
700341,,700342,"3040005,30500052,30500121","180,180,180","0,1,2","0,101,800;0,102,400;0,103,400;0,104,400;0,105,400;0,108,400;0,110,100;0,115,50;0,113,50;0,112,50",,
70035,,700351,"3050012,30400171,30500142","180,180,180","0,1,2","0,101,1000;0,102,500;0,103,500;0,104,500;0,105,500;0,108,400;0,110,100;0,115,50;0,113,50;0,112,50",,
700351,,700352,"30500171,30500121,30500152","180,180,180","0,1,2","0,101,1000;0,102,500;0,103,500;0,104,500;0,105,500;0,108,400;0,110,100;0,115,50;0,113,50;0,112,50",,
70036,,700361,"3050016,3040001,30500152","180,180,180","0,1,2","0,101,1200;0,102,600;0,103,600;0,104,600;0,105,600;0,108,400;0,110,100;0,115,50;0,113,50;0,112,50",,
700361,,700362,"3050004,30500171,30500042","180,180,180","0,1,2","0,101,1200;0,102,600;0,103,600;0,104,600;0,105,600;0,108,400;0,110,100;0,115,50;0,113,50;0,112,50",,
70037,,700371,"3040007,30500122,30500032","180,180,180","0,1,2","0,101,1400;0,102,700;0,103,700;0,104,700;0,105,700;0,108,400;0,110,100;0,115,50;0,113,50;0,112,50",,
700371,,700372,"3040001,3050007,30500172","180,180,180","0,1,2","0,101,1400;0,102,700;0,103,700;0,104,700;0,105,700;0,108,400;0,110,100;0,115,50;0,113,50;0,112,50",,
70038,,700381,"3050012,3040007,3040003","180,180,180","0,1,2","0,101,1600;0,102,800;0,103,800;0,104,800;0,105,800;0,108,400;0,110,100;0,115,50;0,113,50;0,112,50",,
700381,,700382,"3050006,30500032,3050017","180,180,180","0,1,2","0,101,1600;0,102,800;0,103,800;0,104,800;0,105,800;0,108,400;0,110,100;0,115,50;0,113,50;0,112,50",,
70039,,700391,"30500131,30500152,30500361","180,180,180","0,1,2","0,101,1800;0,102,900;0,103,900;0,104,900;0,105,900;0,108,400;0,110,100;0,115,50;0,113,50;0,112,50",,
700391,,700392,"3050046,30500162,30500471","180,180,180","0,1,2","0,101,1800;0,102,900;0,103,900;0,104,900;0,105,900;0,108,400;0,110,100;0,115,50;0,113,50;0,112,50",,
70040,,700401,3030001,180,1,"0,101,2000;0,102,1000;0,103,1000;0,104,1000;0,105,500;0,108,400;0,110,100;0,115,50;0,113,50;0,112,50",,
70041,,700411,"30500112,3050006,30500041","180,180,180","0,1,2","0,101,2200;0,102,1050;0,103,1050;0,104,1050;0,105,1000;0,108,400;0,110,200;0,115,100;0,113,100;0,112,100",,
700411,,700412,"30500171,30500051,30500111","180,180,180","0,1,2","0,101,2200;0,102,1050;0,103,1050;0,104,1050;0,105,1000;0,108,400;0,110,200;0,115,100;0,113,100;0,112,100",,
70042,,700421,"30500062,30500072,3050017","180,180,180","0,1,2","0,101,2400;0,102,1100;0,103,1100;0,104,1100;0,105,1000;0,108,400;0,110,200;0,115,100;0,113,100;0,112,100",,
700421,,700422,"3050017,30500142,3050001","180,180,180","0,1,2","0,101,2400;0,102,1100;0,103,1100;0,104,1100;0,105,1000;0,108,400;0,110,200;0,115,100;0,113,100;0,112,100",,
70043,,700431,"30500042,30500051,30500112","180,180,180","0,1,2","0,101,2600;0,102,1150;0,103,1150;0,104,1150;0,105,1000;0,108,400;0,110,200;0,115,100;0,113,100;0,112,100",,
700431,,700432,"30500121,30500022,30500142","180,180,180","0,1,2","0,101,2600;0,102,1150;0,103,1150;0,104,1150;0,105,1000;0,108,400;0,110,200;0,115,100;0,113,100;0,112,100",,
70044,,700441,"3050037,30500012,30500011","180,180,180","0,1,2","0,101,2800;0,102,1200;0,103,1200;0,104,1200;0,105,1000;0,108,400;0,110,200;0,115,100;0,113,100;0,112,100",,
700441,,700442,"3050001,3050014,3050001","180,180,180","0,1,2","0,101,2800;0,102,1200;0,103,1200;0,104,1200;0,105,1000;0,108,400;0,110,200;0,115,100;0,113,100;0,112,100",,
70045,,700451,"3050002,30500131,3040005","180,180,180","0,1,2","0,101,3000;0,102,1250;0,103,1250;0,104,1250;0,105,700;0,108,400;0,110,200;0,115,100;0,113,100;0,112,100",,
700451,,700452,"3050047,3040017,30500022","180,180,180","0,1,2","0,101,3000;0,102,1250;0,103,1250;0,104,1250;0,105,700;0,108,400;0,110,200;0,115,100;0,113,100;0,112,100",,
70046,,700461,"30500112,3050002,30500071","180,180,180","0,1,2","0,101,3200;0,102,1300;0,103,1300;0,104,1300;0,105,1000;0,108,400;0,110,200;0,115,100;0,113,100;0,112,100",,
700461,,700462,"30500172,30500051,30500132","180,180,180","0,1,2","0,101,3200;0,102,1300;0,103,1300;0,104,1300;0,105,1000;0,108,400;0,110,200;0,115,100;0,113,100;0,112,100",,
70047,,700471,"30400171,30500011,30500022","180,180,180","0,1,2","0,101,3400;0,102,1350;0,103,1350;0,104,1350;0,105,1000;0,108,400;0,110,200;0,115,100;0,113,100;0,112,100",,
700471,,700472,"30500131,30500122,30500471","180,180,180","0,1,2","0,101,3400;0,102,1350;0,103,1350;0,104,1350;0,105,1000;0,108,400;0,110,200;0,115,100;0,113,100;0,112,100",,
70048,,700481,"30500111,3050004,30500361","180,180,180","0,1,2","0,101,3600;0,102,1400;0,103,1400;0,104,1400;0,105,1000;0,108,400;0,110,200;0,115,100;0,113,100;0,112,100",,
700481,,700482,"3050003,3050004,3050047","180,180,180","0,1,2","0,101,3600;0,102,1400;0,103,1400;0,104,1400;0,105,1000;0,108,400;0,110,200;0,115,100;0,113,100;0,112,100",,
70049,,700491,"30500132,30500371,3040004","180,180,180","0,1,2","0,101,3800;0,102,1450;0,103,1450;0,104,1450;0,105,1000;0,108,400;0,110,200;0,115,100;0,113,100;0,112,100",,
700491,,700492,"3040017,30400171,3050004","180,180,180","0,1,2","0,101,3800;0,102,1450;0,103,1450;0,104,1450;0,105,1000;0,108,400;0,110,200;0,115,100;0,113,100;0,112,100",,
70050,,700501,3030002,180,1,"0,101,2000;0,102,1500;0,103,1500;0,104,1500;0,105,500;0,108,400;0,110,200;0,115,100;0,113,100;0,112,100",,
70051,,700511,"30500151,3050046,3050016","180,180,180","0,1,2","0,101,4000;0,102,1550;0,103,1550;0,104,1550;0,105,1000;0,108,800;0,110,300;0,115,150;0,113,150;0,112,150",,
700511,,700512,"3040017,30500371,30500151","180,180,180","0,1,2","0,101,4000;0,102,1550;0,103,1550;0,104,1550;0,105,1000;0,108,800;0,110,300;0,115,150;0,113,150;0,112,150",,
700512,,700513,"3050007,3040002,30500012","180,180,180","0,1,2","0,101,4000;0,102,1550;0,103,1550;0,104,1550;0,105,1000;0,108,800;0,110,300;0,115,150;0,113,150;0,112,150",,
70052,,700521,"3040017,30500461,30500172","180,180,180","0,1,2","0,101,4100;0,102,1600;0,103,1600;0,104,1600;0,105,1000;0,108,800;0,110,300;0,115,150;0,113,150;0,112,150",,
700521,,700522,"3040007,30500172,30500062","180,180,180","0,1,2","0,101,4100;0,102,1600;0,103,1600;0,104,1600;0,105,1000;0,108,800;0,110,300;0,115,150;0,113,150;0,112,150",,
700522,,700523,"30500041,30500152,30500011","180,180,180","0,1,2","0,101,4100;0,102,1600;0,103,1600;0,104,1600;0,105,1000;0,108,800;0,110,300;0,115,150;0,113,150;0,112,150",,
70053,,700531,"3040017,30500371,3050001","180,180,180","0,1,2","0,101,4200;0,102,1650;0,103,1650;0,104,1650;0,105,1000;0,108,800;0,110,300;0,115,150;0,113,150;0,112,150",,
700531,,700532,"30500171,30500043,30500142","180,180,180","0,1,2","0,101,4200;0,102,1650;0,103,1650;0,104,1650;0,105,1000;0,108,800;0,110,300;0,115,150;0,113,150;0,112,150",,
700532,,700533,"30500171,3050014,3050036","180,180,180","0,1,2","0,101,4200;0,102,1650;0,103,1650;0,104,1650;0,105,1000;0,108,800;0,110,300;0,115,150;0,113,150;0,112,150",,
70054,,700541,"30500132,30500021,30500111","180,180,180","0,1,2","0,101,4300;0,102,1700;0,103,1700;0,104,1700;0,105,1000;0,108,800;0,110,300;0,115,150;0,113,150;0,112,150",,
700541,,700542,"30500161,3050047,30500041","180,180,180","0,1,2","0,101,4300;0,102,1700;0,103,1700;0,104,1700;0,105,1000;0,108,800;0,110,300;0,115,150;0,113,150;0,112,150",,
700542,,700543,"3040002,3050014,3050003","180,180,180","0,1,2","0,101,4300;0,102,1700;0,103,1700;0,104,1700;0,105,1000;0,108,800;0,110,300;0,115,150;0,113,150;0,112,150",,
70055,,700551,"30400171,30500152,30500141","180,180,180","0,1,2","0,101,4400;0,102,1750;0,103,1750;0,104,1750;0,105,700;0,108,800;0,110,300;0,115,150;0,113,150;0,112,150",,
700551,,700552,"30500031,3050017,3050015","180,180,180","0,1,2","0,101,4400;0,102,1750;0,103,1750;0,104,1750;0,105,700;0,108,800;0,110,300;0,115,150;0,113,150;0,112,150",,
700552,,700553,"30500021,30500172,30500161","180,180,180","0,1,2","0,101,4400;0,102,1750;0,103,1750;0,104,1750;0,105,700;0,108,800;0,110,300;0,115,150;0,113,150;0,112,150",,
70056,,700561,"3040003,30400171,30400171","180,180,180","0,1,2","0,101,4500;0,102,1800;0,103,1800;0,104,1800;0,105,1000;0,108,800;0,110,300;0,115,150;0,113,150;0,112,150",,
700561,,700562,"30500021,30500142,3050006","180,180,180","0,1,2","0,101,4500;0,102,1800;0,103,1800;0,104,1800;0,105,1000;0,108,800;0,110,300;0,115,150;0,113,150;0,112,150",,
700562,,700563,"3050001,3040002,30500141","180,180,180","0,1,2","0,101,4500;0,102,1800;0,103,1800;0,104,1800;0,105,1000;0,108,800;0,110,300;0,115,150;0,113,150;0,112,150",,
70057,,700571,"30500043,3050015,30500161","180,180,180","0,1,2","0,101,4600;0,102,1850;0,103,1850;0,104,1850;0,105,1000;0,108,800;0,110,300;0,115,150;0,113,150;0,112,150",,
700571,,700572,"30500062,30500161,30500032","180,180,180","0,1,2","0,101,4600;0,102,1850;0,103,1850;0,104,1850;0,105,1000;0,108,800;0,110,300;0,115,150;0,113,150;0,112,150",,
700572,,700573,"3050016,3050011,3050001","180,180,180","0,1,2","0,101,4600;0,102,1850;0,103,1850;0,104,1850;0,105,1000;0,108,800;0,110,300;0,115,150;0,113,150;0,112,150",,
70058,,700581,"30500161,3050012,3050002","180,180,180","0,1,2","0,101,4700;0,102,1900;0,103,1900;0,104,1900;0,105,1000;0,108,800;0,110,300;0,115,150;0,113,150;0,112,150",,
700581,,700582,"3050011,30500121,3040004","180,180,180","0,1,2","0,101,4700;0,102,1900;0,103,1900;0,104,1900;0,105,1000;0,108,800;0,110,300;0,115,150;0,113,150;0,112,150",,
700582,,700583,"3050003,3050007,30500012","180,180,180","0,1,2","0,101,4700;0,102,1900;0,103,1900;0,104,1900;0,105,1000;0,108,800;0,110,300;0,115,150;0,113,150;0,112,150",,
70059,,700591,"30500032,30500032,3040006","180,180,180","0,1,2","0,101,4800;0,102,1950;0,103,1950;0,104,1950;0,105,1000;0,108,800;0,110,300;0,115,150;0,113,150;0,112,150",,
700591,,700592,"3050012,30500012,30500121","180,180,180","0,1,2","0,101,4800;0,102,1950;0,103,1950;0,104,1950;0,105,1000;0,108,800;0,110,300;0,115,150;0,113,150;0,112,150",,
700592,,700593,"30500051,3050002,3040005","180,180,180","0,1,2","0,101,4800;0,102,1950;0,103,1950;0,104,1950;0,105,1000;0,108,800;0,110,300;0,115,150;0,113,150;0,112,150",,
70060,,700601,3030001,180,1,"0,101,2000;0,102,2000;0,103,2000;0,104,2000;0,105,500;0,108,800;0,110,300;0,115,150;0,113,150;0,112,150",,
70061,,700611,"3050012,30500051,30500111","180,180,180","0,1,2","0,101,5000;0,102,2050;0,103,2050;0,104,2050;0,105,1000;0,108,800;0,110,400;0,115,200;0,113,200;0,112,200",,
700611,,700612,"3050005,3050001,30500021","180,180,180","0,1,2","0,101,5000;0,102,2050;0,103,2050;0,104,2050;0,105,1000;0,108,800;0,110,400;0,115,200;0,113,200;0,112,200",,
700612,,700613,"30500132,3050014,30500041","180,180,180","0,1,2","0,101,5000;0,102,2050;0,103,2050;0,104,2050;0,105,1000;0,108,800;0,110,400;0,115,200;0,113,200;0,112,200",,
70062,,700621,"30500051,3040006,30500171","180,180,180","0,1,2","0,101,5100;0,102,2100;0,103,2100;0,104,2100;0,105,1000;0,108,800;0,110,400;0,115,200;0,113,200;0,112,200",,
700621,,700622,"3050011,3050047,30500142","180,180,180","0,1,2","0,101,5100;0,102,2100;0,103,2100;0,104,2100;0,105,1000;0,108,800;0,110,400;0,115,200;0,113,200;0,112,200",,
700622,,700623,"3050046,30500111,30500062","180,180,180","0,1,2","0,101,5100;0,102,2100;0,103,2100;0,104,2100;0,105,1000;0,108,800;0,110,400;0,115,200;0,113,200;0,112,200",,
70063,,700631,"30500072,30500152,3040006","180,180,180","0,1,2","0,101,5200;0,102,2150;0,103,2150;0,104,2150;0,105,1000;0,108,800;0,110,400;0,115,200;0,113,200;0,112,200",,
700631,,700632,"30500031,3040017,3050037","180,180,180","0,1,2","0,101,5200;0,102,2150;0,103,2150;0,104,2150;0,105,1000;0,108,800;0,110,400;0,115,200;0,113,200;0,112,200",,
700632,,700633,"30500361,30500141,30500152","180,180,180","0,1,2","0,101,5200;0,102,2150;0,103,2150;0,104,2150;0,105,1000;0,108,800;0,110,400;0,115,200;0,113,200;0,112,200",,
70064,,700641,"3040003,3050004,30500031","180,180,180","0,1,2","0,101,5300;0,102,2200;0,103,2200;0,104,2200;0,105,1000;0,108,800;0,110,400;0,115,200;0,113,200;0,112,200",,
700641,,700642,"3050007,30500071,30500132","180,180,180","0,1,2","0,101,5300;0,102,2200;0,103,2200;0,104,2200;0,105,1000;0,108,800;0,110,400;0,115,200;0,113,200;0,112,200",,
700642,,700643,"3050015,3050007,30500131","180,180,180","0,1,2","0,101,5300;0,102,2200;0,103,2200;0,104,2200;0,105,1000;0,108,800;0,110,400;0,115,200;0,113,200;0,112,200",,
70065,,700651,"30500152,30500132,3050047","180,180,180","0,1,2","0,101,5400;0,102,2250;0,103,2250;0,104,2250;0,105,700;0,108,800;0,110,400;0,115,200;0,113,200;0,112,200",,
700651,,700652,"30500171,3050046,30500111","180,180,180","0,1,2","0,101,5400;0,102,2250;0,103,2250;0,104,2250;0,105,700;0,108,800;0,110,400;0,115,200;0,113,200;0,112,200",,
700652,,700653,"3050003,3040002,30500071","180,180,180","0,1,2","0,101,5400;0,102,2250;0,103,2250;0,104,2250;0,105,700;0,108,800;0,110,400;0,115,200;0,113,200;0,112,200",,
70066,,700661,"30500031,3050011,30500142","180,180,180","0,1,2","0,101,5500;0,102,2300;0,103,2300;0,104,2300;0,105,1000;0,108,800;0,110,400;0,115,200;0,113,200;0,112,200",,
700661,,700662,"3040001,30500171,3040007","180,180,180","0,1,2","0,101,5500;0,102,2300;0,103,2300;0,104,2300;0,105,1000;0,108,800;0,110,400;0,115,200;0,113,200;0,112,200",,
700662,,700663,"30400171,30500152,3040005","180,180,180","0,1,2","0,101,5500;0,102,2300;0,103,2300;0,104,2300;0,105,1000;0,108,800;0,110,400;0,115,200;0,113,200;0,112,200",,
70067,,700671,"3050015,3050016,3040007","180,180,180","0,1,2","0,101,5600;0,102,2350;0,103,2350;0,104,2350;0,105,1000;0,108,800;0,110,400;0,115,200;0,113,200;0,112,200",,
700671,,700672,"3050037,3040001,30500052","180,180,180","0,1,2","0,101,5600;0,102,2350;0,103,2350;0,104,2350;0,105,1000;0,108,800;0,110,400;0,115,200;0,113,200;0,112,200",,
700672,,700673,"30500471,30500061,30500122","180,180,180","0,1,2","0,101,5600;0,102,2350;0,103,2350;0,104,2350;0,105,1000;0,108,800;0,110,400;0,115,200;0,113,200;0,112,200",,
70068,,700681,"3050003,3050037,30500142","180,180,180","0,1,2","0,101,5700;0,102,2400;0,103,2400;0,104,2400;0,105,1000;0,108,800;0,110,400;0,115,200;0,113,200;0,112,200",,
700681,,700682,"30500361,30500043,30500051","180,180,180","0,1,2","0,101,5700;0,102,2400;0,103,2400;0,104,2400;0,105,1000;0,108,800;0,110,400;0,115,200;0,113,200;0,112,200",,
700682,,700683,"30500172,3050005,3040017","180,180,180","0,1,2","0,101,5700;0,102,2400;0,103,2400;0,104,2400;0,105,1000;0,108,800;0,110,400;0,115,200;0,113,200;0,112,200",,
70069,,700691,"30500171,3040003,3040003","180,180,180","0,1,2","0,101,5800;0,102,2450;0,103,2450;0,104,2450;0,105,1000;0,108,800;0,110,400;0,115,200;0,113,200;0,112,200",,
700691,,700692,"30500042,3040001,30500162","180,180,180","0,1,2","0,101,5800;0,102,2450;0,103,2450;0,104,2450;0,105,1000;0,108,800;0,110,400;0,115,200;0,113,200;0,112,200",,
700692,,700693,"30500043,30500471,30500132","180,180,180","0,1,2","0,101,5800;0,102,2450;0,103,2450;0,104,2450;0,105,1000;0,108,800;0,110,400;0,115,200;0,113,200;0,112,200",,
70070,,700701,3060001,180,1,"0,101,3000;0,102,2500;0,103,2500;0,104,2500;0,105,500;0,108,800;0,110,400;0,115,200;0,113,200;0,112,200",,
70071,,700711,"30500041,30500151,3050007","180,180,180","0,1,2","0,101,6000;0,102,2550;0,103,2550;0,104,2550;0,105,1000;0,108,800;0,110,500;0,115,250;0,113,250;0,112,250",,
700711,,700712,"30500072,3040004,3040007","180,180,180","0,1,2","0,101,6000;0,102,2550;0,103,2550;0,104,2550;0,105,1000;0,108,800;0,110,500;0,115,250;0,113,250;0,112,250",,
700712,,700713,"30500461,30500061,3050046","180,180,180","0,1,2","0,101,6000;0,102,2550;0,103,2550;0,104,2550;0,105,1000;0,108,800;0,110,500;0,115,250;0,113,250;0,112,250",,
70072,,700721,"3050012,30500011,30500052","180,180,180","0,1,2","0,101,6100;0,102,2600;0,103,2600;0,104,2600;0,105,1000;0,108,800;0,110,500;0,115,250;0,113,250;0,112,250",,
700721,,700722,"3040006,3050036,30500171","180,180,180","0,1,2","0,101,6100;0,102,2600;0,103,2600;0,104,2600;0,105,1000;0,108,800;0,110,500;0,115,250;0,113,250;0,112,250",,
700722,,700723,"30400171,3050017,30500052","180,180,180","0,1,2","0,101,6100;0,102,2600;0,103,2600;0,104,2600;0,105,1000;0,108,800;0,110,500;0,115,250;0,113,250;0,112,250",,
70073,,700731,"3050016,30500151,3050016","180,180,180","0,1,2","0,101,6200;0,102,2650;0,103,2650;0,104,2650;0,105,1000;0,108,800;0,110,500;0,115,250;0,113,250;0,112,250",,
700731,,700732,"30400171,30500021,3040005","180,180,180","0,1,2","0,101,6200;0,102,2650;0,103,2650;0,104,2650;0,105,1000;0,108,800;0,110,500;0,115,250;0,113,250;0,112,250",,
700732,,700733,"3040003,3040006,30500361","180,180,180","0,1,2","0,101,6200;0,102,2650;0,103,2650;0,104,2650;0,105,1000;0,108,800;0,110,500;0,115,250;0,113,250;0,112,250",,
70074,,700741,"30500172,3050017,30500471","180,180,180","0,1,2","0,101,6300;0,102,2700;0,103,2700;0,104,2700;0,105,1000;0,108,800;0,110,500;0,115,250;0,113,250;0,112,250",,
700741,,700742,"3050014,3040003,3040005","180,180,180","0,1,2","0,101,6300;0,102,2700;0,103,2700;0,104,2700;0,105,1000;0,108,800;0,110,500;0,115,250;0,113,250;0,112,250",,
700742,,700743,"3040001,3040004,30500072","180,180,180","0,1,2","0,101,6300;0,102,2700;0,103,2700;0,104,2700;0,105,1000;0,108,800;0,110,500;0,115,250;0,113,250;0,112,250",,
70075,,700751,"3050012,30500151,30500011","180,180,180","0,1,2","0,101,6400;0,102,2750;0,103,2750;0,104,2750;0,105,700;0,108,800;0,110,500;0,115,250;0,113,250;0,112,250",,
700751,,700752,"3050015,30500012,3050015","180,180,180","0,1,2","0,101,6400;0,102,2750;0,103,2750;0,104,2750;0,105,700;0,108,800;0,110,500;0,115,250;0,113,250;0,112,250",,
700752,,700753,"30500112,30500132,3050006","180,180,180","0,1,2","0,101,6400;0,102,2750;0,103,2750;0,104,2750;0,105,700;0,108,800;0,110,500;0,115,250;0,113,250;0,112,250",,
70076,,700761,"3040005,30500131,30500071","180,180,180","0,1,2","0,101,6500;0,102,2800;0,103,2800;0,104,2800;0,105,1000;0,108,800;0,110,500;0,115,250;0,113,250;0,112,250",,
700761,,700762,"30500112,30400171,3050013","180,180,180","0,1,2","0,101,6500;0,102,2800;0,103,2800;0,104,2800;0,105,1000;0,108,800;0,110,500;0,115,250;0,113,250;0,112,250",,
700762,,700763,"30500171,3050004,3050006","180,180,180","0,1,2","0,101,6500;0,102,2800;0,103,2800;0,104,2800;0,105,1000;0,108,800;0,110,500;0,115,250;0,113,250;0,112,250",,
70077,,700771,"3040017,30500111,30500041","180,180,180","0,1,2","0,101,6600;0,102,2850;0,103,2850;0,104,2850;0,105,1000;0,108,800;0,110,500;0,115,250;0,113,250;0,112,250",,
700771,,700772,"3050036,3040002,30500043","180,180,180","0,1,2","0,101,6600;0,102,2850;0,103,2850;0,104,2850;0,105,1000;0,108,800;0,110,500;0,115,250;0,113,250;0,112,250",,
700772,,700773,"3050007,3050003,30500162","180,180,180","0,1,2","0,101,6600;0,102,2850;0,103,2850;0,104,2850;0,105,1000;0,108,800;0,110,500;0,115,250;0,113,250;0,112,250",,
70078,,700781,"30500132,30500461,3050016","180,180,180","0,1,2","0,101,6700;0,102,2900;0,103,2900;0,104,2900;0,105,1000;0,108,800;0,110,500;0,115,250;0,113,250;0,112,250",,
700781,,700782,"30500051,3050011,30500162","180,180,180","0,1,2","0,101,6700;0,102,2900;0,103,2900;0,104,2900;0,105,1000;0,108,800;0,110,500;0,115,250;0,113,250;0,112,250",,
700782,,700783,"30500122,30500043,30500062","180,180,180","0,1,2","0,101,6700;0,102,2900;0,103,2900;0,104,2900;0,105,1000;0,108,800;0,110,500;0,115,250;0,113,250;0,112,250",,
70079,,700791,"3050013,30500121,3050015","180,180,180","0,1,2","0,101,6800;0,102,2950;0,103,2950;0,104,2950;0,105,1000;0,108,800;0,110,500;0,115,250;0,113,250;0,112,250",,
700791,,700792,"30500151,30500131,30500062","180,180,180","0,1,2","0,101,6800;0,102,2950;0,103,2950;0,104,2950;0,105,1000;0,108,800;0,110,500;0,115,250;0,113,250;0,112,250",,
700792,,700793,"30500161,3050001,30500122","180,180,180","0,1,2","0,101,6800;0,102,2950;0,103,2950;0,104,2950;0,105,1000;0,108,800;0,110,500;0,115,250;0,113,250;0,112,250",,
70080,,700801,3020001,180,1,"0,101,4000;0,102,3000;0,103,3000;0,104,3000;0,105,500;0,108,800;0,110,500;0,115,250;0,113,250;0,112,250",,
70081,,700811,"3040006,30500011,30400171","180,180,180","0,1,2","0,101,7000;0,102,3050;0,103,3050;0,104,3050;0,105,1000;0,108,800;0,110,600;0,115,300;0,113,300;0,112,300",,
700811,,700812,"30500461,30500062,30500151","180,180,180","0,1,2","0,101,7000;0,102,3050;0,103,3050;0,104,3050;0,105,1000;0,108,800;0,110,600;0,115,300;0,113,300;0,112,300",,
700812,,700813,"30500012,3050015,30500061","180,180,180","0,1,2","0,101,7000;0,102,3050;0,103,3050;0,104,3050;0,105,1000;0,108,800;0,110,600;0,115,300;0,113,300;0,112,300",,
70082,,700821,"3050015,3040002,3050016","180,180,180","0,1,2","0,101,7100;0,102,3100;0,103,3100;0,104,3100;0,105,1000;0,108,800;0,110,600;0,115,300;0,113,300;0,112,300",,
700821,,700822,"3050037,3050001,30500043","180,180,180","0,1,2","0,101,7100;0,102,3100;0,103,3100;0,104,3100;0,105,1000;0,108,800;0,110,600;0,115,300;0,113,300;0,112,300",,
700822,,700823,"3040003,3050012,3050046","180,180,180","0,1,2","0,101,7100;0,102,3100;0,103,3100;0,104,3100;0,105,1000;0,108,800;0,110,600;0,115,300;0,113,300;0,112,300",,
70083,,700831,"30500361,30500111,30500021","180,180,180","0,1,2","0,101,7200;0,102,3150;0,103,3150;0,104,3150;0,105,1000;0,108,800;0,110,600;0,115,300;0,113,300;0,112,300",,
700831,,700832,"30500052,3050046,3050005","180,180,180","0,1,2","0,101,7200;0,102,3150;0,103,3150;0,104,3150;0,105,1000;0,108,800;0,110,600;0,115,300;0,113,300;0,112,300",,
700832,,700833,"3050007,3050015,30500021","180,180,180","0,1,2","0,101,7200;0,102,3150;0,103,3150;0,104,3150;0,105,1000;0,108,800;0,110,600;0,115,300;0,113,300;0,112,300",,
70084,,700841,"3050047,30500042,30500043","180,180,180","0,1,2","0,101,7300;0,102,3200;0,103,3200;0,104,3200;0,105,1000;0,108,800;0,110,600;0,115,300;0,113,300;0,112,300",,
700841,,700842,"3050015,3040007,3040001","180,180,180","0,1,2","0,101,7300;0,102,3200;0,103,3200;0,104,3200;0,105,1000;0,108,800;0,110,600;0,115,300;0,113,300;0,112,300",,
700842,,700843,"3040007,30500152,3040005","180,180,180","0,1,2","0,101,7300;0,102,3200;0,103,3200;0,104,3200;0,105,1000;0,108,800;0,110,600;0,115,300;0,113,300;0,112,300",,
70085,,700851,"3050007,3050007,3040017","180,180,180","0,1,2","0,101,7400;0,102,3250;0,103,3250;0,104,3250;0,105,700;0,108,800;0,110,600;0,115,300;0,113,300;0,112,300",,
700851,,700852,"30500043,3040001,3050002","180,180,180","0,1,2","0,101,7400;0,102,3250;0,103,3250;0,104,3250;0,105,700;0,108,800;0,110,600;0,115,300;0,113,300;0,112,300",,
700852,,700853,"3050011,30500111,3050001","180,180,180","0,1,2","0,101,7400;0,102,3250;0,103,3250;0,104,3250;0,105,700;0,108,800;0,110,600;0,115,300;0,113,300;0,112,300",,
70086,,700861,"3050014,3050046,30500051","180,180,180","0,1,2","0,101,7500;0,102,3300;0,103,3300;0,104,3300;0,105,1000;0,108,800;0,110,600;0,115,300;0,113,300;0,112,300",,
700861,,700862,"3040002,30500172,3040001","180,180,180","0,1,2","0,101,7500;0,102,3300;0,103,3300;0,104,3300;0,105,1000;0,108,800;0,110,600;0,115,300;0,113,300;0,112,300",,
700862,,700863,"3050013,3040005,30500131","180,180,180","0,1,2","0,101,7500;0,102,3300;0,103,3300;0,104,3300;0,105,1000;0,108,800;0,110,600;0,115,300;0,113,300;0,112,300",,
70087,,700871,"3050046,30500112,30500052","180,180,180","0,1,2","0,101,7600;0,102,3350;0,103,3350;0,104,3350;0,105,1000;0,108,800;0,110,600;0,115,300;0,113,300;0,112,300",,
700871,,700872,"3050047,3040004,30500461","180,180,180","0,1,2","0,101,7600;0,102,3350;0,103,3350;0,104,3350;0,105,1000;0,108,800;0,110,600;0,115,300;0,113,300;0,112,300",,
700872,,700873,"3050006,30500021,30500011","180,180,180","0,1,2","0,101,7600;0,102,3350;0,103,3350;0,104,3350;0,105,1000;0,108,800;0,110,600;0,115,300;0,113,300;0,112,300",,
70088,,700881,"3050002,3050012,3050012","180,180,180","0,1,2","0,101,7700;0,102,3400;0,103,3400;0,104,3400;0,105,1000;0,108,800;0,110,600;0,115,300;0,113,300;0,112,300",,
700881,,700882,"30500052,30500021,3050046","180,180,180","0,1,2","0,101,7700;0,102,3400;0,103,3400;0,104,3400;0,105,1000;0,108,800;0,110,600;0,115,300;0,113,300;0,112,300",,
700882,,700883,"30500151,30500141,30500132","180,180,180","0,1,2","0,101,7700;0,102,3400;0,103,3400;0,104,3400;0,105,1000;0,108,800;0,110,600;0,115,300;0,113,300;0,112,300",,
70089,,700891,"30500122,30500062,30500122","180,180,180","0,1,2","0,101,7800;0,102,3450;0,103,3450;0,104,3450;0,105,1000;0,108,800;0,110,600;0,115,300;0,113,300;0,112,300",,
700891,,700892,"3050037,30500361,3050036","180,180,180","0,1,2","0,101,7800;0,102,3450;0,103,3450;0,104,3450;0,105,1000;0,108,800;0,110,600;0,115,300;0,113,300;0,112,300",,
700892,,700893,"30500151,30500062,30500061","180,180,180","0,1,2","0,101,7800;0,102,3450;0,103,3450;0,104,3450;0,105,1000;0,108,800;0,110,600;0,115,300;0,113,300;0,112,300",,
70090,,700901,3030003,180,1,"0,101,5000;0,102,3500;0,103,3500;0,104,3500;0,105,500;0,108,800;0,110,600;0,115,300;0,113,300;0,112,300",,
70091,,700911,"30500021,30500471,30500161","180,180,180","0,1,2","0,101,8000;0,102,3550;0,103,3550;0,104,3550;0,105,1000;0,108,800;0,110,700;0,115,350;0,113,350;0,112,350",,
700911,,700912,"30500171,30500052,3050005","180,180,180","0,1,2","0,101,8000;0,102,3550;0,103,3550;0,104,3550;0,105,1000;0,108,800;0,110,700;0,115,350;0,113,350;0,112,350",,
700912,,700913,"3050013,30500142,30500061","180,180,180","0,1,2","0,101,8000;0,102,3550;0,103,3550;0,104,3550;0,105,1000;0,108,800;0,110,700;0,115,350;0,113,350;0,112,350",,
70092,,700921,"3040005,30500042,30500151","180,180,180","0,1,2","0,101,8100;0,102,3600;0,103,3600;0,104,3600;0,105,1000;0,108,800;0,110,700;0,115,350;0,113,350;0,112,350",,
700921,,700922,"3050005,30500041,30500061","180,180,180","0,1,2","0,101,8100;0,102,3600;0,103,3600;0,104,3600;0,105,1000;0,108,800;0,110,700;0,115,350;0,113,350;0,112,350",,
700922,,700923,"3040004,3040002,30500022","180,180,180","0,1,2","0,101,8100;0,102,3600;0,103,3600;0,104,3600;0,105,1000;0,108,800;0,110,700;0,115,350;0,113,350;0,112,350",,
70093,,700931,"3040003,3050002,3050005","180,180,180","0,1,2","0,101,8200;0,102,3650;0,103,3650;0,104,3650;0,105,1000;0,108,800;0,110,700;0,115,350;0,113,350;0,112,350",,
700931,,700932,"30500121,30500112,3050003","180,180,180","0,1,2","0,101,8200;0,102,3650;0,103,3650;0,104,3650;0,105,1000;0,108,800;0,110,700;0,115,350;0,113,350;0,112,350",,
700932,,700933,"3040017,3050014,3040003","180,180,180","0,1,2","0,101,8200;0,102,3650;0,103,3650;0,104,3650;0,105,1000;0,108,800;0,110,700;0,115,350;0,113,350;0,112,350",,
70094,,700941,"3050003,3040003,3040001","180,180,180","0,1,2","0,101,8300;0,102,3700;0,103,3700;0,104,3700;0,105,1000;0,108,800;0,110,700;0,115,350;0,113,350;0,112,350",,
700941,,700942,"30500111,3050006,30500461","180,180,180","0,1,2","0,101,8300;0,102,3700;0,103,3700;0,104,3700;0,105,1000;0,108,800;0,110,700;0,115,350;0,113,350;0,112,350",,
700942,,700943,"3050037,30500041,30400171","180,180,180","0,1,2","0,101,8300;0,102,3700;0,103,3700;0,104,3700;0,105,1000;0,108,800;0,110,700;0,115,350;0,113,350;0,112,350",,
70095,,700951,"3050015,3040001,30500162","180,180,180","0,1,2","0,101,8400;0,102,3750;0,103,3750;0,104,3750;0,105,700;0,108,800;0,110,700;0,115,350;0,113,350;0,112,350",,
700951,,700952,"30500042,30500461,30500162","180,180,180","0,1,2","0,101,8400;0,102,3750;0,103,3750;0,104,3750;0,105,700;0,108,800;0,110,700;0,115,350;0,113,350;0,112,350",,
700952,,700953,"30500043,30500041,30500151","180,180,180","0,1,2","0,101,8400;0,102,3750;0,103,3750;0,104,3750;0,105,700;0,108,800;0,110,700;0,115,350;0,113,350;0,112,350",,
70096,,700961,"3040005,30500152,30500461","180,180,180","0,1,2","0,101,8500;0,102,3800;0,103,3800;0,104,3800;0,105,1000;0,108,800;0,110,700;0,115,350;0,113,350;0,112,350",,
700961,,700962,"30500371,30500031,30500031","180,180,180","0,1,2","0,101,8500;0,102,3800;0,103,3800;0,104,3800;0,105,1000;0,108,800;0,110,700;0,115,350;0,113,350;0,112,350",,
700962,,700963,"30500052,30500172,3040006","180,180,180","0,1,2","0,101,8500;0,102,3800;0,103,3800;0,104,3800;0,105,1000;0,108,800;0,110,700;0,115,350;0,113,350;0,112,350",,
70097,,700971,"30500151,3050012,30500072","180,180,180","0,1,2","0,101,8600;0,102,3850;0,103,3850;0,104,3850;0,105,1000;0,108,800;0,110,700;0,115,350;0,113,350;0,112,350",,
700971,,700972,"30500062,3040007,30500361","180,180,180","0,1,2","0,101,8600;0,102,3850;0,103,3850;0,104,3850;0,105,1000;0,108,800;0,110,700;0,115,350;0,113,350;0,112,350",,
700972,,700973,"30500162,30500061,3050037","180,180,180","0,1,2","0,101,8600;0,102,3850;0,103,3850;0,104,3850;0,105,1000;0,108,800;0,110,700;0,115,350;0,113,350;0,112,350",,
70098,,700981,"3040004,30500021,30500031","180,180,180","0,1,2","0,101,8700;0,102,3900;0,103,3900;0,104,3900;0,105,1000;0,108,800;0,110,700;0,115,350;0,113,350;0,112,350",,
700981,,700982,"30500152,30500021,30500142","180,180,180","0,1,2","0,101,8700;0,102,3900;0,103,3900;0,104,3900;0,105,1000;0,108,800;0,110,700;0,115,350;0,113,350;0,112,350",,
700982,,700983,"3050001,3050003,3050002","180,180,180","0,1,2","0,101,8700;0,102,3900;0,103,3900;0,104,3900;0,105,1000;0,108,800;0,110,700;0,115,350;0,113,350;0,112,350",,
70099,,700991,"30500012,30500031,3050017","180,180,180","0,1,2","0,101,8800;0,102,3950;0,103,3950;0,104,3950;0,105,1000;0,108,800;0,110,700;0,115,350;0,113,350;0,112,350",,
700991,,700992,"30500012,3050012,3050006","180,180,180","0,1,2","0,101,8800;0,102,3950;0,103,3950;0,104,3950;0,105,1000;0,108,800;0,110,700;0,115,350;0,113,350;0,112,350",,
700992,,700993,"3040001,30500461,30500162","180,180,180","0,1,2","0,101,8800;0,102,3950;0,103,3950;0,104,3950;0,105,1000;0,108,800;0,110,700;0,115,350;0,113,350;0,112,350",,
70100,,701001,3020001,180,1,"0,101,6000;0,102,4000;0,103,4000;0,104,4000;0,105,500;0,108,800;0,110,700;0,115,350;0,113,350;0,112,350",,
